step,time_s,time_yr,rank,fi,dof,owned_dof_idx,event,value,threshold,sigma_n_eff,normal_traction,normal_stress,normal_corr,V_mag
1,1.00000000e-02,3.16880878e-10,94,0,0,0,normal_corr_dominates,8.07397562e+00,1.00000000e+00,2.49999996e+07,-4.30770800e-01,-4.74732154e-02,-3.83297584e-01,1.00000182e-09
1,1.00000000e-02,3.16880878e-10,94,0,1,1,normal_corr_dominates,7.08861931e+00,1.00000000e+00,2.50000003e+07,2.89046336e-01,-4.74732154e-02,3.36519552e-01,1.00000123e-09
1,1.00000000e-02,3.16880878e-10,94,0,2,2,normal_corr_dominates,3.25199708e+00,1.00000000e+00,2.50000001e+07,1.06909543e-01,-4.74732154e-02,1.54382758e-01,1.00000288e-09
1,1.00000000e-02,3.16880878e-10,94,1,0,3,normal_corr_dominates,2.16765903e+00,1.00000000e+00,2.50000001e+07,1.04452154e-01,-8.94543284e-02,1.93906482e-01,1.00000244e-09
1,1.00000000e-02,3.16880878e-10,94,1,1,4,normal_corr_dominates,5.22244595e+00,1.00000000e+00,2.50000004e+07,3.77716066e-01,-8.94543284e-02,4.67170395e-01,1.00000173e-09
1,1.00000000e-02,3.16880878e-10,94,1,2,5,normal_corr_dominates,3.91923058e+00,1.00000000e+00,2.49999996e+07,-4.40046468e-01,-8.94543284e-02,-3.50592139e-01,1.00000263e-09
1,1.00000000e-02,3.16880878e-10,94,2,0,6,normal_corr_dominates,1.18201385e+01,1.00000000e+00,2.50000005e+07,4.96928934e-01,-4.59263005e-02,5.42855234e-01,1.00000110e-09
1,1.00000000e-02,3.16880878e-10,94,2,0,6,corr_ratio_high,6.10762464e-01,5.00000000e-01,2.50000005e+07,4.96928934e-01,-4.59263005e-02,5.42855234e-01,1.00000110e-09
1,1.00000000e-02,3.16880878e-10,94,2,1,7,normal_corr_dominates,2.90610708e+00,1.00000000e+00,2.49999998e+07,-1.79393048e-01,-4.59263005e-02,-1.33466747e-01,1.00000308e-09
1,1.00000000e-02,3.16880878e-10,94,2,2,8,normal_corr_dominates,3.04657855e+00,1.00000000e+00,2.49999998e+07,-1.85844383e-01,-4.59263005e-02,-1.39918082e-01,1.00000222e-09
1,1.00000000e-02,3.16880878e-10,94,3,0,9,normal_corr_dominates,5.39439431e+00,1.00000000e+00,2.49999996e+07,-4.32520663e-01,-6.76405993e-02,-3.64880064e-01,1.00000191e-09
1,1.00000000e-02,3.16880878e-10,94,3,1,10,normal_corr_dominates,3.11428172e+00,1.00000000e+00,2.50000001e+07,1.43011283e-01,-6.76405993e-02,2.10651882e-01,1.00000264e-09
1,1.00000000e-02,3.16880878e-10,94,3,2,11,normal_corr_dominates,5.71792772e+00,1.00000000e+00,2.50000003e+07,3.19123458e-01,-6.76405993e-02,3.86764057e-01,1.00000197e-09
1,1.00000000e-02,3.16880878e-10,94,4,0,12,normal_corr_dominates,4.67203876e+00,1.00000000e+00,2.50000001e+07,1.31793769e-01,-3.58911704e-02,1.67684939e-01,1.00000171e-09
1,1.00000000e-02,3.16880878e-10,94,4,1,13,normal_corr_dominates,6.76296381e+00,1.00000000e+00,2.49999997e+07,-2.78621857e-01,-3.58911704e-02,-2.42730687e-01,1.00000185e-09
1,1.00000000e-02,3.16880878e-10,94,4,2,14,normal_corr_dominates,6.95619828e+00,1.00000000e+00,2.50000002e+07,2.13774928e-01,-3.58911704e-02,2.49666098e-01,1.00000174e-09
1,1.00000000e-02,3.16880878e-10,94,5,0,15,normal_corr_dominates,1.44799310e+00,1.00000000e+00,2.50000001e+07,6.37090179e-02,-1.42209820e-01,2.05918837e-01,1.00000181e-09
1,1.00000000e-02,3.16880878e-10,94,5,1,16,normal_corr_dominates,2.18075465e+00,1.00000000e+00,2.49999995e+07,-4.52334545e-01,-1.42209820e-01,-3.10124725e-01,1.00000119e-09
1,1.00000000e-02,3.16880878e-10,94,5,1,16,corr_ratio_high,9.26630920e-01,5.00000000e-01,2.49999995e+07,-4.52334545e-01,-1.42209820e-01,-3.10124725e-01,1.00000119e-09
1,1.00000000e-02,3.16880878e-10,94,5,2,17,normal_corr_dominates,2.29766978e+00,1.00000000e+00,2.50000002e+07,1.84541386e-01,-1.42209820e-01,3.26751205e-01,1.00000198e-09
1,1.00000000e-02,3.16880878e-10,94,8,0,24,normal_corr_dominates,3.22760412e+00,1.00000000e+00,2.50000001e+07,1.35522541e-01,-6.08378033e-02,1.96360345e-01,1.00000229e-09
1,1.00000000e-02,3.16880878e-10,94,8,1,25,normal_corr_dominates,1.58333138e+00,1.00000000e+00,2.50000000e+07,3.54885996e-02,-6.08378033e-02,9.63264029e-02,1.00000196e-09
1,1.00000000e-02,3.16880878e-10,94,8,2,26,normal_corr_dominates,4.42409941e+00,1.00000000e+00,2.49999997e+07,-3.29990293e-01,-6.08378033e-02,-2.69152490e-01,1.00000260e-09
1,1.00000000e-02,3.16880878e-10,94,9,0,27,normal_corr_dominates,2.77441550e+00,1.00000000e+00,2.49999996e+07,-3.58926216e-01,-9.50945164e-02,-2.63831700e-01,1.00000236e-09
1,1.00000000e-02,3.16880878e-10,94,9,1,28,normal_corr_dominates,4.07140891e+00,1.00000000e+00,2.50000003e+07,2.92074145e-01,-9.50945164e-02,3.87168661e-01,1.00000180e-09
1,1.00000000e-02,3.16880878e-10,94,9,2,29,normal_corr_dominates,3.29394741e+00,1.00000000e+00,2.49999996e+07,-4.08330853e-01,-9.50945164e-02,-3.13236336e-01,1.00000272e-09
1,1.00000000e-02,3.16880878e-10,94,10,0,30,normal_corr_dominates,1.04993193e+00,1.00000000e+00,2.49999998e+07,-2.09717650e-01,-1.02304690e-01,-1.07412961e-01,1.00000134e-09
1,1.00000000e-02,3.16880878e-10,94,10,0,30,corr_ratio_high,7.79798572e-01,5.00000000e-01,2.49999998e+07,-2.09717650e-01,-1.02304690e-01,-1.07412961e-01,1.00000134e-09
1,1.00000000e-02,3.16880878e-10,94,10,2,32,normal_corr_dominates,3.34921336e+00,1.00000000e+00,2.50000002e+07,2.40335544e-01,-1.02304690e-01,3.42640234e-01,1.00000210e-09
1,1.00000000e-02,3.16880878e-10,94,13,2,41,normal_corr_dominates,1.32039285e+00,1.00000000e+00,2.50000000e+07,3.96198279e-02,-1.23660151e-01,1.63279979e-01,1.00000201e-09
1,1.00000000e-02,3.16880878e-10,94,14,0,42,normal_corr_dominates,4.89754347e+00,1.00000000e+00,2.50000004e+07,4.34352802e-01,-1.11442709e-01,5.45795511e-01,1.00000376e-09
1,1.00000000e-02,3.16880878e-10,94,14,1,43,normal_corr_dominates,6.63051938e+00,1.00000000e+00,2.49999991e+07,-8.50365750e-01,-1.11442709e-01,-7.38923041e-01,1.00000231e-09
1,1.00000000e-02,3.16880878e-10,94,14,2,44,normal_corr_dominates,2.35734100e+00,1.00000000e+00,2.50000002e+07,1.51265758e-01,-1.11442709e-01,2.62708467e-01,1.00000148e-09
1,1.00000000e-02,3.16880878e-10,94,14,2,44,corr_ratio_high,6.54527176e-01,5.00000000e-01,2.50000002e+07,1.51265758e-01,-1.11442709e-01,2.62708467e-01,1.00000148e-09
1,1.00000000e-02,3.16880878e-10,94,15,0,45,normal_corr_dominates,6.83087277e+00,1.00000000e+00,2.50000005e+07,4.69206742e-01,-8.04693843e-02,5.49676127e-01,1.00000137e-09
1,1.00000000e-02,3.16880878e-10,94,15,1,46,normal_corr_dominates,1.19939737e+00,1.00000000e+00,2.50000000e+07,1.60453833e-02,-8.04693843e-02,9.65147676e-02,1.00000188e-09
1,1.00000000e-02,3.16880878e-10,94,15,2,47,normal_corr_dominates,3.51501945e+00,1.00000000e+00,2.49999996e+07,-3.63320835e-01,-8.04693843e-02,-2.82851451e-01,1.00000225e-09
1,1.00000000e-02,3.16880878e-10,94,17,0,51,normal_corr_dominates,5.41491913e+00,1.00000000e+00,2.49999996e+07,-3.78077444e-01,-5.89372112e-02,-3.19140233e-01,1.00000170e-09
1,1.00000000e-02,3.16880878e-10,94,17,1,52,normal_corr_dominates,5.29511988e+00,1.00000000e+00,2.49999996e+07,-3.71016810e-01,-5.89372112e-02,-3.12079599e-01,1.00000192e-09
1,1.00000000e-02,3.16880878e-10,94,17,2,53,normal_corr_dominates,7.74841066e+00,1.00000000e+00,2.50000004e+07,3.97732504e-01,-5.89372112e-02,4.56669715e-01,1.00000212e-09
1,1.00000000e-02,3.16880878e-10,94,18,0,54,normal_corr_dominates,2.11859473e+00,1.00000000e+00,2.50000001e+07,5.70522227e-02,-5.10034787e-02,1.08055701e-01,1.00000172e-09
1,1.00000000e-02,3.16880878e-10,94,18,1,55,normal_corr_dominates,2.84453145e+00,1.00000000e+00,2.50000001e+07,9.40775206e-02,-5.10034787e-02,1.45080999e-01,1.00000179e-09
1,1.00000000e-02,3.16880878e-10,94,18,2,56,normal_corr_dominates,3.97214116e+00,1.00000000e+00,2.49999997e+07,-2.53596496e-01,-5.10034787e-02,-2.02593017e-01,1.00000193e-09
1,1.00000000e-02,3.16880878e-10,94,19,0,57,normal_corr_dominates,5.70941251e+00,1.00000000e+00,2.49999995e+07,-5.29609043e-01,-7.89352335e-02,-4.50673810e-01,1.00000054e-09
1,1.00000000e-02,3.16880878e-10,94,19,0,57,corr_ratio_high,2.35872817e+00,5.00000000e-01,2.49999995e+07,-5.29609043e-01,-7.89352335e-02,-4.50673810e-01,1.00000054e-09
1,1.00000000e-02,3.16880878e-10,94,19,1,58,normal_corr_dominates,4.52446747e+00,1.00000000e+00,2.50000003e+07,2.78204663e-01,-7.89352335e-02,3.57139896e-01,1.00000194e-09
1,1.00000000e-02,3.16880878e-10,94,20,0,60,normal_corr_dominates,1.96547773e+00,1.00000000e+00,2.50000001e+07,5.04331354e-02,-5.22364563e-02,1.02669592e-01,1.00000169e-09
1,1.00000000e-02,3.16880878e-10,94,20,1,61,normal_corr_dominates,3.22151135e+00,1.00000000e+00,2.49999998e+07,-2.20516793e-01,-5.22364563e-02,-1.68280337e-01,1.00000193e-09
1,1.00000000e-02,3.16880878e-10,94,20,2,62,normal_corr_dominates,4.72073176e+00,1.00000000e+00,2.49999997e+07,-2.98830754e-01,-5.22364563e-02,-2.46594298e-01,1.00000202e-09
1,1.00000000e-02,3.16880878e-10,94,21,2,65,normal_corr_dominates,2.82099769e+00,1.00000000e+00,2.50000002e+07,2.43851309e-01,-1.33910828e-01,3.77762137e-01,1.00000163e-09
1,1.00000000e-02,3.16880878e-10,94,22,2,68,normal_corr_dominates,2.26396451e+00,1.00000000e+00,2.49999997e+07,-3.44915961e-01,-1.05673931e-01,-2.39242030e-01,1.00000196e-09
1,1.00000000e-02,3.16880878e-10,94,23,0,69,normal_corr_dominates,3.10984284e+00,1.00000000e+00,2.49999997e+07,-2.71163772e-01,-6.59791097e-02,-2.05184662e-01,1.00000222e-09
1,1.00000000e-02,3.16880878e-10,94,23,1,70,normal_corr_dominates,1.06637863e+00,1.00000000e+00,2.50000000e+07,4.37960260e-03,-6.59791097e-02,7.03587123e-02,1.00000233e-09
1,1.00000000e-02,3.16880878e-10,94,23,2,71,normal_corr_dominates,3.22407500e+00,1.00000000e+00,2.50000001e+07,1.46742488e-01,-6.59791097e-02,2.12721598e-01,1.00000195e-09
1,1.00000000e-02,3.16880878e-10,94,25,0,75,normal_corr_dominates,1.42358103e+01,1.00000000e+00,2.50000003e+07,3.28897413e-01,-2.48490576e-02,3.53746471e-01,1.00000254e-09
1,1.00000000e-02,3.16880878e-10,94,25,1,76,normal_corr_dominates,1.66701460e+01,1.00000000e+00,2.49999996e+07,-4.39086476e-01,-2.48490576e-02,-4.14237418e-01,1.00000211e-09
1,1.00000000e-02,3.16880878e-10,94,25,1,76,corr_ratio_high,6.05510869e-01,5.00000000e-01,2.49999996e+07,-4.39086476e-01,-2.48490576e-02,-4.14237418e-01,1.00000211e-09
1,1.00000000e-02,3.16880878e-10,94,25,2,77,normal_corr_dominates,1.35916978e+01,1.00000000e+00,2.49999996e+07,-3.62589939e-01,-2.48490576e-02,-3.37740881e-01,1.00000261e-09
1,1.00000000e-02,3.16880878e-10,94,26,1,79,normal_corr_dominates,2.14264726e+00,1.00000000e+00,2.50000001e+07,7.37964294e-02,-6.45837364e-02,1.38380166e-01,1.00000179e-09
1,1.00000000e-02,3.16880878e-10,94,26,2,80,normal_corr_dominates,5.71254030e+00,1.00000000e+00,2.49999996e+07,-4.33520933e-01,-6.45837364e-02,-3.68937196e-01,1.00000249e-09
1,1.00000000e-02,3.16880878e-10,94,28,0,84,normal_corr_dominates,5.43136324e+00,1.00000000e+00,2.49999992e+07,-8.27957339e-01,-1.28737456e-01,-6.99219884e-01,1.00000314e-09
1,1.00000000e-02,3.16880878e-10,94,28,2,86,normal_corr_dominates,1.42374117e+00,1.00000000e+00,2.50000001e+07,5.45513602e-02,-1.28737456e-01,1.83288816e-01,1.00000195e-09
1,1.00000000e-02,3.16880878e-10,94,29,0,87,normal_corr_dominates,5.20887617e+00,1.00000000e+00,2.50000002e+07,1.95860792e-01,-4.65351758e-02,2.42395968e-01,1.00000284e-09
1,1.00000000e-02,3.16880878e-10,94,29,1,88,corr_ratio_high,7.46050363e-01,5.00000000e-01,2.50000000e+07,-1.71177847e-02,-4.65351758e-02,2.94173911e-02,1.00000141e-09
1,1.00000000e-02,3.16880878e-10,94,29,2,89,normal_corr_dominates,4.52671655e+00,1.00000000e+00,2.49999997e+07,-2.57186726e-01,-4.65351758e-02,-2.10651550e-01,1.00000204e-09
1,1.00000000e-02,3.16880878e-10,94,30,1,91,normal_corr_dominates,1.62753701e+00,1.00000000e+00,2.49999997e+07,-2.79635766e-01,-1.06425053e-01,-1.73210713e-01,1.00000219e-09
1,1.00000000e-02,3.16880878e-10,94,32,0,96,normal_corr_dominates,1.15457588e+02,1.00000000e+00,2.49999995e+07,-5.32255585e-01,-4.57038134e-03,-5.27685203e-01,1.00000261e-09
1,1.00000000e-02,3.16880878e-10,94,32,1,97,normal_corr_dominates,5.66870388e+01,1.00000000e+00,2.50000003e+07,2.54511003e-01,-4.57038134e-03,2.59081384e-01,1.00000238e-09
1,1.00000000e-02,3.16880878e-10,94,32,2,98,normal_corr_dominates,1.40033852e+01,1.00000000e+00,2.49999999e+07,-6.85711917e-02,-4.57038134e-03,-6.40008103e-02,1.00000150e-09
1,1.00000000e-02,3.16880878e-10,94,32,2,98,corr_ratio_high,7.91698770e-01,5.00000000e-01,2.49999999e+07,-6.85711917e-02,-4.57038134e-03,-6.40008103e-02,1.00000150e-09
1,1.00000000e-02,3.16880878e-10,94,31,1,94,normal_corr_dominates,2.02697909e+00,1.00000000e+00,2.50000001e+07,8.71206326e-02,-8.48319437e-02,1.71952576e-01,1.00000258e-09
1,1.00000000e-02,3.16880878e-10,94,31,2,95,normal_corr_dominates,3.18182819e+00,1.00000000e+00,2.49999996e+07,-3.54752613e-01,-8.48319437e-02,-2.69920670e-01,1.00000249e-09
1,1.00000000e-02,3.16880878e-10,94,12,0,36,normal_corr_dominates,1.43783611e+00,1.00000000e+00,2.50000001e+07,9.68722228e-02,-2.21252246e-01,3.18124468e-01,1.00000342e-09
1,1.00000000e-02,3.16880878e-10,94,12,2,38,normal_corr_dominates,2.29358230e+00,1.00000000e+00,2.50000003e+07,2.86207988e-01,-2.21252246e-01,5.07460233e-01,1.00000091e-09
1,1.00000000e-02,3.16880878e-10,94,12,2,38,corr_ratio_high,1.54361451e+00,5.00000000e-01,2.50000003e+07,2.86207988e-01,-2.21252246e-01,5.07460233e-01,1.00000091e-09
2,2.87484385e-02,9.10983044e-10,94,0,0,0,normal_corr_dominates,8.11654528e+00,1.00000000e+00,2.49999988e+07,-1.23020075e+00,-1.34941549e-01,-1.09525920e+00,1.00000521e-09
2,2.87484385e-02,9.10983044e-10,94,0,1,1,normal_corr_dominates,7.11310207e+00,1.00000000e+00,2.50000008e+07,8.24911466e-01,-1.34941549e-01,9.59853015e-01,1.00000350e-09
2,2.87484385e-02,9.10983044e-10,94,0,2,2,normal_corr_dominates,3.28365539e+00,1.00000000e+00,2.50000003e+07,3.08159997e-01,-1.34941549e-01,4.43101546e-01,1.00000820e-09
2,2.87484385e-02,9.10983044e-10,94,1,0,3,normal_corr_dominates,2.17805931e+00,1.00000000e+00,2.50000003e+07,2.99887830e-01,-2.54560893e-01,5.54448723e-01,1.00000696e-09
2,2.87484385e-02,9.10983044e-10,94,1,1,4,normal_corr_dominates,5.24426620e+00,1.00000000e+00,2.50000011e+07,1.08042420e+00,-2.54560893e-01,1.33498509e+00,1.00000494e-09
2,2.87484385e-02,9.10983044e-10,94,1,2,5,normal_corr_dominates,3.93567682e+00,1.00000000e+00,2.49999987e+07,-1.25643030e+00,-2.54560893e-01,-1.00186941e+00,1.00000750e-09
2,2.87484385e-02,9.10983044e-10,94,2,0,6,normal_corr_dominates,1.18662737e+01,1.00000000e+00,2.50000014e+07,1.41845840e+00,-1.30537703e-01,1.54899611e+00,1.00000313e-09
2,2.87484385e-02,9.10983044e-10,94,2,0,6,corr_ratio_high,6.10346105e-01,5.00000000e-01,2.50000014e+07,1.41845840e+00,-1.30537703e-01,1.54899611e+00,1.00000313e-09
2,2.87484385e-02,9.10983044e-10,94,2,1,7,normal_corr_dominates,2.90227281e+00,1.00000000e+00,2.49999995e+07,-5.09393728e-01,-1.30537703e-01,-3.78856025e-01,1.00000877e-09
2,2.87484385e-02,9.10983044e-10,94,2,2,8,normal_corr_dominates,3.06212280e+00,1.00000000e+00,2.49999995e+07,-5.30260179e-01,-1.30537703e-01,-3.99722476e-01,1.00000634e-09
2,2.87484385e-02,9.10983044e-10,94,3,0,9,normal_corr_dominates,5.41441763e+00,1.00000000e+00,2.49999988e+07,-1.23513369e+00,-1.92555857e-01,-1.04257783e+00,1.00000545e-09
2,2.87484385e-02,9.10983044e-10,94,3,1,10,normal_corr_dominates,3.13162094e+00,1.00000000e+00,2.50000004e+07,4.10456098e-01,-1.92555857e-01,6.03011955e-01,1.00000752e-09
2,2.87484385e-02,9.10983044e-10,94,3,2,11,normal_corr_dominates,5.73896137e+00,1.00000000e+00,2.50000009e+07,9.12514769e-01,-1.92555857e-01,1.10507063e+00,1.00000561e-09
2,2.87484385e-02,9.10983044e-10,94,4,0,12,normal_corr_dominates,4.70225658e+00,1.00000000e+00,2.50000004e+07,3.77118241e-01,-1.01861725e-01,4.78979965e-01,1.00000488e-09
2,2.87484385e-02,9.10983044e-10,94,4,1,13,normal_corr_dominates,6.80612664e+00,1.00000000e+00,2.49999992e+07,-7.95145523e-01,-1.01861725e-01,-6.93283798e-01,1.00000529e-09
2,2.87484385e-02,9.10983044e-10,94,4,2,14,normal_corr_dominates,6.99102236e+00,1.00000000e+00,2.50000006e+07,6.10255870e-01,-1.01861725e-01,7.12117595e-01,1.00000496e-09
2,2.87484385e-02,9.10983044e-10,94,5,0,15,normal_corr_dominates,1.45090077e+00,1.00000000e+00,2.50000002e+07,1.82896238e-01,-4.05624143e-01,5.88520381e-01,1.00000517e-09
2,2.87484385e-02,9.10983044e-10,94,5,1,16,normal_corr_dominates,2.18415054e+00,1.00000000e+00,2.49999987e+07,-1.29156833e+00,-4.05624143e-01,-8.85944190e-01,1.00000339e-09
2,2.87484385e-02,9.10983044e-10,94,5,1,16,corr_ratio_high,9.25636428e-01,5.00000000e-01,2.49999987e+07,-1.29156833e+00,-4.05624143e-01,-8.85944190e-01,1.00000339e-09
2,2.87484385e-02,9.10983044e-10,94,5,2,17,normal_corr_dominates,2.29933012e+00,1.00000000e+00,2.50000005e+07,5.27039665e-01,-4.05624143e-01,9.32663807e-01,1.00000564e-09
2,2.87484385e-02,9.10983044e-10,94,8,0,24,normal_corr_dominates,3.25047439e+00,1.00000000e+00,2.50000004e+07,3.88705951e-01,-1.72721783e-01,5.61427735e-01,1.00000652e-09
2,2.87484385e-02,9.10983044e-10,94,8,1,25,normal_corr_dominates,1.58938368e+00,1.00000000e+00,2.50000001e+07,1.01799400e-01,-1.72721783e-01,2.74521183e-01,1.00000560e-09
2,2.87484385e-02,9.10983044e-10,94,8,2,26,normal_corr_dominates,4.45282756e+00,1.00000000e+00,2.49999991e+07,-9.41822101e-01,-1.72721783e-01,-7.69100318e-01,1.00000742e-09
2,2.87484385e-02,9.10983044e-10,94,9,0,27,normal_corr_dominates,2.77763490e+00,1.00000000e+00,2.49999990e+07,-1.02227788e+00,-2.70613203e-01,-7.51664676e-01,1.00000672e-09
2,2.87484385e-02,9.10983044e-10,94,9,1,28,normal_corr_dominates,4.08816079e+00,1.00000000e+00,2.50000008e+07,8.35697084e-01,-2.70613203e-01,1.10631029e+00,1.00000513e-09
2,2.87484385e-02,9.10983044e-10,94,9,2,29,normal_corr_dominates,3.30949184e+00,1.00000000e+00,2.49999988e+07,-1.16620539e+00,-2.70613203e-01,-8.95592188e-01,1.00000777e-09
2,2.87484385e-02,9.10983044e-10,94,10,0,30,normal_corr_dominates,1.06067729e+00,1.00000000e+00,2.49999994e+07,-5.99327853e-01,-2.90840228e-01,-3.08487625e-01,1.00000384e-09
2,2.87484385e-02,9.10983044e-10,94,10,0,30,corr_ratio_high,7.77653554e-01,5.00000000e-01,2.49999994e+07,-5.99327853e-01,-2.90840228e-01,-3.08487625e-01,1.00000384e-09
2,2.87484385e-02,9.10983044e-10,94,10,2,32,normal_corr_dominates,3.36478065e+00,1.00000000e+00,2.50000007e+07,6.87773344e-01,-2.90840228e-01,9.78613572e-01,1.00000600e-09
2,2.87484385e-02,9.10983044e-10,94,13,2,41,normal_corr_dominates,1.32194674e+00,1.00000000e+00,2.50000001e+07,1.13432090e-01,-3.52331852e-01,4.65763942e-01,1.00000574e-09
2,2.87484385e-02,9.10983044e-10,94,14,0,42,normal_corr_dominates,4.91204939e+00,1.00000000e+00,2.50000012e+07,1.24088328e+00,-3.17195197e-01,1.55807847e+00,1.00001073e-09
2,2.87484385e-02,9.10983044e-10,94,14,1,43,normal_corr_dominates,6.65193680e+00,1.00000000e+00,2.49999976e+07,-2.42715760e+00,-3.17195197e-01,-2.10996240e+00,1.00000659e-09
2,2.87484385e-02,9.10983044e-10,94,14,2,44,normal_corr_dominates,2.36323710e+00,1.00000000e+00,2.50000004e+07,4.32412261e-01,-3.17195197e-01,7.49607458e-01,1.00000421e-09
2,2.87484385e-02,9.10983044e-10,94,14,2,44,corr_ratio_high,6.55105425e-01,5.00000000e-01,2.50000004e+07,4.32412261e-01,-3.17195197e-01,7.49607458e-01,1.00000421e-09
2,2.87484385e-02,9.10983044e-10,94,15,0,45,normal_corr_dominates,6.84392366e+00,1.00000000e+00,2.50000013e+07,1.33960151e+00,-2.29229810e-01,1.56883132e+00,1.00000390e-09
2,2.87484385e-02,9.10983044e-10,94,15,1,46,normal_corr_dominates,1.20534560e+00,1.00000000e+00,2.50000000e+07,4.70713318e-02,-2.29229810e-01,2.76301142e-01,1.00000537e-09
2,2.87484385e-02,9.10983044e-10,94,15,2,47,normal_corr_dominates,3.52320576e+00,1.00000000e+00,2.49999990e+07,-1.03685360e+00,-2.29229810e-01,-8.07623786e-01,1.00000643e-09
2,2.87484385e-02,9.10983044e-10,94,17,0,51,normal_corr_dominates,5.44598820e+00,1.00000000e+00,2.49999989e+07,-1.07973172e+00,-1.67504452e-01,-9.12227267e-01,1.00000485e-09
2,2.87484385e-02,9.10983044e-10,94,17,1,52,normal_corr_dominates,5.32360038e+00,1.00000000e+00,2.49999989e+07,-1.05923121e+00,-1.67504452e-01,-8.91726763e-01,1.00000549e-09
2,2.87484385e-02,9.10983044e-10,94,17,2,53,normal_corr_dominates,7.78923971e+00,1.00000000e+00,2.50000011e+07,1.13722788e+00,-1.67504452e-01,1.30473233e+00,1.00000605e-09
2,2.87484385e-02,9.10983044e-10,94,18,0,54,normal_corr_dominates,2.12952056e+00,1.00000000e+00,2.50000002e+07,1.63866933e-01,-1.45076538e-01,3.08943470e-01,1.00000491e-09
2,2.87484385e-02,9.10983044e-10,94,18,1,55,normal_corr_dominates,2.85620079e+00,1.00000000e+00,2.50000003e+07,2.69291184e-01,-1.45076538e-01,4.14367722e-01,1.00000510e-09
2,2.87484385e-02,9.10983044e-10,94,18,2,56,normal_corr_dominates,3.98872171e+00,1.00000000e+00,2.49999993e+07,-7.23746473e-01,-1.45076538e-01,-5.78669935e-01,1.00000550e-09
2,2.87484385e-02,9.10983044e-10,94,19,0,57,normal_corr_dominates,5.72188521e+00,1.00000000e+00,2.49999985e+07,-1.51220643e+00,-2.24967607e-01,-1.28723882e+00,1.00000154e-09
2,2.87484385e-02,9.10983044e-10,94,19,0,57,corr_ratio_high,2.35544611e+00,5.00000000e-01,2.49999985e+07,-1.51220643e+00,-2.24967607e-01,-1.28723882e+00,1.00000154e-09
2,2.87484385e-02,9.10983044e-10,94,19,1,58,normal_corr_dominates,4.53094530e+00,1.00000000e+00,2.50000008e+07,7.94348315e-01,-2.24967607e-01,1.01931592e+00,1.00000554e-09
2,2.87484385e-02,9.10983044e-10,94,20,0,60,normal_corr_dominates,1.97549722e+00,1.00000000e+00,2.50000001e+07,1.44932067e-01,-1.48572506e-01,2.93504573e-01,1.00000481e-09
2,2.87484385e-02,9.10983044e-10,94,20,1,61,normal_corr_dominates,3.23654446e+00,1.00000000e+00,2.49999994e+07,-6.29434029e-01,-1.48572506e-01,-4.80861523e-01,1.00000552e-09
2,2.87484385e-02,9.10983044e-10,94,20,2,62,normal_corr_dominates,4.74203942e+00,1.00000000e+00,2.49999991e+07,-8.53109188e-01,-1.48572506e-01,-7.04536682e-01,1.00000576e-09
2,2.87484385e-02,9.10983044e-10,94,21,2,65,normal_corr_dominates,2.82812473e+00,1.00000000e+00,2.50000007e+07,6.96912538e-01,-3.81217171e-01,1.07812971e+00,1.00000466e-09
2,2.87484385e-02,9.10983044e-10,94,22,2,68,normal_corr_dominates,2.26843631e+00,1.00000000e+00,2.49999990e+07,-9.83314477e-01,-3.00851656e-01,-6.82462821e-01,1.00000559e-09
2,2.87484385e-02,9.10983044e-10,94,23,0,69,normal_corr_dominates,3.12109804e+00,1.00000000e+00,2.49999992e+07,-7.72098427e-01,-1.87352599e-01,-5.84745829e-01,1.00000633e-09
2,2.87484385e-02,9.10983044e-10,94,23,1,70,normal_corr_dominates,1.07604578e+00,1.00000000e+00,2.50000000e+07,1.42473740e-02,-1.87352599e-01,2.01599973e-01,1.00000666e-09
2,2.87484385e-02,9.10983044e-10,94,23,2,71,normal_corr_dominates,3.24371715e+00,1.00000000e+00,2.50000004e+07,4.20366239e-01,-1.87352599e-01,6.07718838e-01,1.00000557e-09
2,2.87484385e-02,9.10983044e-10,94,25,0,75,normal_corr_dominates,1.44195425e+01,1.00000000e+00,2.50000009e+07,9.39073869e-01,-6.99780840e-02,1.00905195e+00,1.00000724e-09
2,2.87484385e-02,9.10983044e-10,94,25,1,76,normal_corr_dominates,1.68882651e+01,1.00000000e+00,2.49999987e+07,-1.25178652e+00,-6.99780840e-02,-1.18180844e+00,1.00000603e-09
2,2.87484385e-02,9.10983044e-10,94,25,1,76,corr_ratio_high,6.06132726e-01,5.00000000e-01,2.49999987e+07,-1.25178652e+00,-6.99780840e-02,-1.18180844e+00,1.00000603e-09
2,2.87484385e-02,9.10983044e-10,94,25,2,77,normal_corr_dominates,1.37951463e+01,1.00000000e+00,2.49999990e+07,-1.03533599e+00,-6.99780840e-02,-9.65357908e-01,1.00000746e-09
2,2.87484385e-02,9.10983044e-10,94,26,1,79,normal_corr_dominates,2.15212189e+00,1.00000000e+00,2.50000002e+07,2.11221925e-01,-1.83332968e-01,3.94554893e-01,1.00000510e-09
2,2.87484385e-02,9.10983044e-10,94,26,2,80,normal_corr_dominates,5.75223323e+00,1.00000000e+00,2.49999988e+07,-1.23790696e+00,-1.83332968e-01,-1.05457399e+00,1.00000710e-09
2,2.87484385e-02,9.10983044e-10,94,28,0,84,normal_corr_dominates,5.43657050e+00,1.00000000e+00,2.49999976e+07,-2.36322076e+00,-3.67155267e-01,-1.99606549e+00,1.00000897e-09
2,2.87484385e-02,9.10983044e-10,94,28,2,86,normal_corr_dominates,1.42488605e+00,1.00000000e+00,2.50000002e+07,1.55999153e-01,-3.67155267e-01,5.23154420e-01,1.00000556e-09
2,2.87484385e-02,9.10983044e-10,94,29,0,87,normal_corr_dominates,5.22341186e+00,1.00000000e+00,2.50000006e+07,5.59331986e-01,-1.32436051e-01,6.91768037e-01,1.00000810e-09
2,2.87484385e-02,9.10983044e-10,94,29,1,88,corr_ratio_high,7.46131330e-01,5.00000000e-01,2.50000000e+07,-4.80008632e-02,-1.32436051e-01,8.44351874e-02,1.00000403e-09
2,2.87484385e-02,9.10983044e-10,94,29,2,89,normal_corr_dominates,4.53995522e+00,1.00000000e+00,2.49999993e+07,-7.33689790e-01,-1.32436051e-01,-6.01253739e-01,1.00000581e-09
2,2.87484385e-02,9.10983044e-10,94,30,1,91,normal_corr_dominates,1.63134783e+00,1.00000000e+00,2.49999992e+07,-7.96927436e-01,-3.02859024e-01,-4.94068412e-01,1.00000625e-09
2,2.87484385e-02,9.10983044e-10,94,32,0,96,normal_corr_dominates,1.17361562e+02,1.00000000e+00,2.49999985e+07,-1.51913589e+00,-1.28347063e-02,-1.50630119e+00,1.00000743e-09
2,2.87484385e-02,9.10983044e-10,94,32,1,97,normal_corr_dominates,5.76089852e+01,1.00000000e+00,2.50000007e+07,7.26559700e-01,-1.28347063e-02,7.39394407e-01,1.00000678e-09
2,2.87484385e-02,9.10983044e-10,94,32,2,98,normal_corr_dominates,1.41946387e+01,1.00000000e+00,2.49999998e+07,-1.95018726e-01,-1.28347063e-02,-1.82184020e-01,1.00000428e-09
2,2.87484385e-02,9.10983044e-10,94,32,2,98,corr_ratio_high,7.92459838e-01,5.00000000e-01,2.49999998e+07,-1.95018726e-01,-1.28347063e-02,-1.82184020e-01,1.00000428e-09
2,2.87484385e-02,9.10983044e-10,94,31,1,94,normal_corr_dominates,2.03447773e+00,1.00000000e+00,2.50000002e+07,2.49289929e-01,-2.40981435e-01,4.90271365e-01,1.00000736e-09
2,2.87484385e-02,9.10983044e-10,94,31,2,95,normal_corr_dominates,3.20161734e+00,1.00000000e+00,2.49999990e+07,-1.01251178e+00,-2.40981435e-01,-7.71530342e-01,1.00000710e-09
2,2.87484385e-02,9.10983044e-10,94,12,0,36,normal_corr_dominates,1.44038469e+00,1.00000000e+00,2.50000003e+07,2.77616114e-01,-6.30394558e-01,9.08010673e-01,1.00000977e-09
2,2.87484385e-02,9.10983044e-10,94,12,2,38,normal_corr_dominates,2.29784720e+00,1.00000000e+00,2.50000008e+07,8.18155813e-01,-6.30394558e-01,1.44855037e+00,1.00000261e-09
2,2.87484385e-02,9.10983044e-10,94,12,2,38,corr_ratio_high,1.54223068e+00,5.00000000e-01,2.50000008e+07,8.18155813e-01,-6.30394558e-01,1.44855037e+00,1.00000261e-09
3,5.05458994e-02,1.60170290e-09,94,0,0,0,normal_corr_dominates,8.15873918e+00,1.00000000e+00,2.49999979e+07,-2.14851130e+00,-2.34585925e-01,-1.91392538e+00,1.00000909e-09
3,5.05458994e-02,1.60170290e-09,94,0,1,1,normal_corr_dominates,7.13733135e+00,1.00000000e+00,2.50000014e+07,1.43973155e+00,-2.34585925e-01,1.67431748e+00,1.00000611e-09
3,5.05458994e-02,1.60170290e-09,94,0,2,2,normal_corr_dominates,3.31489275e+00,1.00000000e+00,2.50000005e+07,5.43041258e-01,-2.34585925e-01,7.77627183e-01,1.00001430e-09
3,5.05458994e-02,1.60170290e-09,94,1,0,3,normal_corr_dominates,2.18831078e+00,1.00000000e+00,2.50000005e+07,5.26473799e-01,-4.43043863e-01,9.69517662e-01,1.00001214e-09
3,5.05458994e-02,1.60170290e-09,94,1,1,4,normal_corr_dominates,5.26576393e+00,1.00000000e+00,2.50000019e+07,1.88992053e+00,-4.43043863e-01,2.33296439e+00,1.00000862e-09
3,5.05458994e-02,1.60170290e-09,94,1,2,5,normal_corr_dominates,3.95188511e+00,1.00000000e+00,2.49999978e+07,-2.19390230e+00,-4.43043863e-01,-1.75085844e+00,1.00001308e-09
3,5.05458994e-02,1.60170290e-09,94,2,0,6,normal_corr_dominates,1.19119895e+01,1.00000000e+00,2.50000025e+07,2.47613433e+00,-2.26918687e-01,2.70305302e+00,1.00000546e-09
3,5.05458994e-02,1.60170290e-09,94,2,0,6,corr_ratio_high,6.09935642e-01,5.00000000e-01,2.50000025e+07,2.47613433e+00,-2.26918687e-01,2.70305302e+00,1.00000546e-09
3,5.05458994e-02,1.60170290e-09,94,2,1,7,normal_corr_dominates,2.89868278e+00,1.00000000e+00,2.49999991e+07,-8.84683975e-01,-2.26918687e-01,-6.57765289e-01,1.00001530e-09
3,5.05458994e-02,1.60170290e-09,94,2,2,8,normal_corr_dominates,3.07739568e+00,1.00000000e+00,2.49999991e+07,-9.25237272e-01,-2.26918687e-01,-6.98318585e-01,1.00001107e-09
3,5.05458994e-02,1.60170290e-09,94,3,0,9,normal_corr_dominates,5.43428519e+00,1.00000000e+00,2.49999978e+07,-2.15702724e+00,-3.35239607e-01,-1.82178763e+00,1.00000951e-09
3,5.05458994e-02,1.60170290e-09,94,3,1,10,normal_corr_dominates,3.14870916e+00,1.00000000e+00,2.50000007e+07,7.20332414e-01,-3.35239607e-01,1.05557202e+00,1.00001311e-09
3,5.05458994e-02,1.60170290e-09,94,3,2,11,normal_corr_dominates,5.75987857e+00,1.00000000e+00,2.50000016e+07,1.59569982e+00,-3.35239607e-01,1.93093943e+00,1.00000979e-09
3,5.05458994e-02,1.60170290e-09,94,4,0,12,normal_corr_dominates,4.73225536e+00,1.00000000e+00,2.50000007e+07,6.59892973e-01,-1.76808098e-01,8.36701071e-01,1.00000851e-09
3,5.05458994e-02,1.60170290e-09,94,4,1,13,normal_corr_dominates,6.84899157e+00,1.00000000e+00,2.49999986e+07,-1.38776527e+00,-1.76808098e-01,-1.21095718e+00,1.00000922e-09
3,5.05458994e-02,1.60170290e-09,94,4,2,14,normal_corr_dominates,7.02554554e+00,1.00000000e+00,2.50000011e+07,1.06536525e+00,-1.76808098e-01,1.24217335e+00,1.00000866e-09
3,5.05458994e-02,1.60170290e-09,94,5,0,15,normal_corr_dominates,1.45373384e+00,1.00000000e+00,2.50000003e+07,3.21044124e-01,-7.07560459e-01,1.02860458e+00,1.00000902e-09
3,5.05458994e-02,1.60170290e-09,94,5,1,16,normal_corr_dominates,2.18746293e+00,1.00000000e+00,2.49999977e+07,-2.25532273e+00,-7.07560459e-01,-1.54776227e+00,1.00000593e-09
3,5.05458994e-02,1.60170290e-09,94,5,1,16,corr_ratio_high,9.24655033e-01,5.00000000e-01,2.49999977e+07,-2.25532273e+00,-7.07560459e-01,-1.54776227e+00,1.00000593e-09
3,5.05458994e-02,1.60170290e-09,94,5,2,17,normal_corr_dominates,2.30093776e+00,1.00000000e+00,2.50000009e+07,9.20492117e-01,-7.07560459e-01,1.62805258e+00,1.00000983e-09
3,5.05458994e-02,1.60170290e-09,94,8,0,24,normal_corr_dominates,3.27309473e+00,1.00000000e+00,2.50000007e+07,6.81741207e-01,-2.99917641e-01,9.81658848e-01,1.00001138e-09
3,5.05458994e-02,1.60170290e-09,94,8,1,25,normal_corr_dominates,1.59534925e+00,1.00000000e+00,2.50000002e+07,1.78555742e-01,-2.99917641e-01,4.78473382e-01,1.00000978e-09
3,5.05458994e-02,1.60170290e-09,94,8,2,26,normal_corr_dominates,4.48124731e+00,1.00000000e+00,2.49999984e+07,-1.64392276e+00,-2.99917641e-01,-1.34400512e+00,1.00001294e-09
3,5.05458994e-02,1.60170290e-09,94,9,0,27,normal_corr_dominates,2.78093838e+00,1.00000000e+00,2.49999982e+07,-1.78072221e+00,-4.70973614e-01,-1.30974860e+00,1.00001172e-09
3,5.05458994e-02,1.60170290e-09,94,9,1,28,normal_corr_dominates,4.10478283e+00,1.00000000e+00,2.50000015e+07,1.46227079e+00,-4.70973614e-01,1.93324440e+00,1.00000894e-09
3,5.05458994e-02,1.60170290e-09,94,9,2,29,normal_corr_dominates,3.32485758e+00,1.00000000e+00,2.49999980e+07,-2.03689380e+00,-4.70973614e-01,-1.56592019e+00,1.00001357e-09
3,5.05458994e-02,1.60170290e-09,94,10,0,30,normal_corr_dominates,1.07124765e+00,1.00000000e+00,2.49999990e+07,-1.04739567e+00,-5.05683455e-01,-5.41712215e-01,1.00000670e-09
3,5.05458994e-02,1.60170290e-09,94,10,0,30,corr_ratio_high,7.75558667e-01,5.00000000e-01,2.49999990e+07,-1.04739567e+00,-5.05683455e-01,-5.41712215e-01,1.00000670e-09
3,5.05458994e-02,1.60170290e-09,94,10,2,32,normal_corr_dominates,3.38024407e+00,1.00000000e+00,2.50000012e+07,1.20365005e+00,-5.05683455e-01,1.70933350e+00,1.00001046e-09
3,5.05458994e-02,1.60170290e-09,94,13,2,41,normal_corr_dominates,1.32351308e+00,1.00000000e+00,2.50000002e+07,1.98615866e-01,-6.13934576e-01,8.12550442e-01,1.00001002e-09
3,5.05458994e-02,1.60170290e-09,94,14,0,42,normal_corr_dominates,4.92639583e+00,1.00000000e+00,2.50000022e+07,2.16798044e+00,-5.52155345e-01,2.72013579e+00,1.00001872e-09
3,5.05458994e-02,1.60170290e-09,94,14,1,43,normal_corr_dominates,6.67304102e+00,1.00000000e+00,2.49999958e+07,-4.23671061e+00,-5.52155345e-01,-3.68455527e+00,1.00001150e-09
3,5.05458994e-02,1.60170290e-09,94,14,2,44,normal_corr_dominates,2.36903187e+00,1.00000000e+00,2.50000008e+07,7.55918263e-01,-5.52155345e-01,1.30807361e+00,1.00000735e-09
3,5.05458994e-02,1.60170290e-09,94,14,2,44,corr_ratio_high,6.55659844e-01,5.00000000e-01,2.50000008e+07,7.55918263e-01,-5.52155345e-01,1.30807361e+00,1.00000735e-09
3,5.05458994e-02,1.60170290e-09,94,15,0,45,normal_corr_dominates,6.85670857e+00,1.00000000e+00,2.50000023e+07,2.33894376e+00,-3.99361472e-01,2.73830523e+00,1.00000680e-09
3,5.05458994e-02,1.60170290e-09,94,15,1,46,normal_corr_dominates,1.21117531e+00,1.00000000e+00,2.50000001e+07,8.43352823e-02,-3.99361472e-01,4.83696755e-01,1.00000938e-09
3,5.05458994e-02,1.60170290e-09,94,15,2,47,normal_corr_dominates,3.53118817e+00,1.00000000e+00,2.49999982e+07,-1.80958198e+00,-3.99361472e-01,-1.41022051e+00,1.00001122e-09
3,5.05458994e-02,1.60170290e-09,94,17,0,51,normal_corr_dominates,5.47662470e+00,1.00000000e+00,2.49999981e+07,-1.88572269e+00,-2.91158247e-01,-1.59456444e+00,1.00000846e-09
3,5.05458994e-02,1.60170290e-09,94,17,0,51,corr_ratio_high,5.00134111e-01,5.00000000e-01,2.49999981e+07,-1.88572269e+00,-2.91158247e-01,-1.59456444e+00,1.00000846e-09
3,5.05458994e-02,1.60170290e-09,94,17,1,52,normal_corr_dominates,5.35183460e+00,1.00000000e+00,2.49999982e+07,-1.84938902e+00,-2.91158247e-01,-1.55823078e+00,1.00000959e-09
3,5.05458994e-02,1.60170290e-09,94,17,2,53,normal_corr_dominates,7.82970978e+00,1.00000000e+00,2.50000020e+07,1.98852632e+00,-2.91158247e-01,2.27968457e+00,1.00001054e-09
3,5.05458994e-02,1.60170290e-09,94,18,0,54,normal_corr_dominates,2.14032471e+00,1.00000000e+00,2.50000003e+07,2.87800807e-01,-2.52384962e-01,5.40185769e-01,1.00000857e-09
3,5.05458994e-02,1.60170290e-09,94,18,1,55,normal_corr_dominates,2.86766250e+00,1.00000000e+00,2.50000005e+07,4.71369927e-01,-2.52384962e-01,7.23754889e-01,1.00000889e-09
3,5.05458994e-02,1.60170290e-09,94,18,2,56,normal_corr_dominates,4.00504818e+00,1.00000000e+00,2.49999987e+07,-1.26319889e+00,-2.52384962e-01,-1.01081393e+00,1.00000959e-09
3,5.05458994e-02,1.60170290e-09,94,19,0,57,normal_corr_dominates,5.73409182e+00,1.00000000e+00,2.49999974e+07,-2.64059638e+00,-3.92123608e-01,-2.24847277e+00,1.00000268e-09
3,5.05458994e-02,1.60170290e-09,94,19,0,57,corr_ratio_high,2.35219771e+00,5.00000000e-01,2.49999974e+07,-2.64059638e+00,-3.92123608e-01,-2.24847277e+00,1.00000268e-09
3,5.05458994e-02,1.60170290e-09,94,19,1,58,normal_corr_dominates,4.53728020e+00,1.00000000e+00,2.50000014e+07,1.38705108e+00,-3.92123608e-01,1.77917468e+00,1.00000967e-09
3,5.05458994e-02,1.60170290e-09,94,20,0,60,normal_corr_dominates,1.98546143e+00,1.00000000e+00,2.50000003e+07,2.54682711e-01,-2.58440061e-01,5.13122772e-01,1.00000839e-09
3,5.05458994e-02,1.60170290e-09,94,20,1,61,normal_corr_dominates,3.25138366e+00,1.00000000e+00,2.49999989e+07,-1.09872785e+00,-2.58440061e-01,-8.40287791e-01,1.00000963e-09
3,5.05458994e-02,1.60170290e-09,94,20,2,62,normal_corr_dominates,4.76318246e+00,1.00000000e+00,2.49999985e+07,-1.48943723e+00,-2.58440061e-01,-1.23099716e+00,1.00001005e-09
3,5.05458994e-02,1.60170290e-09,94,21,2,65,normal_corr_dominates,2.83510759e+00,1.00000000e+00,2.50000012e+07,1.21800918e+00,-6.63726307e-01,1.88173549e+00,1.00000813e-09
3,5.05458994e-02,1.60170290e-09,94,22,2,68,normal_corr_dominates,2.27282746e+00,1.00000000e+00,2.49999983e+07,-1.71444195e+00,-5.23841226e-01,-1.19060073e+00,1.00000975e-09
3,5.05458994e-02,1.60170290e-09,94,23,0,69,normal_corr_dominates,3.13221810e+00,1.00000000e+00,2.49999987e+07,-1.34455956e+00,-3.25384461e-01,-1.01917510e+00,1.00001104e-09
3,5.05458994e-02,1.60170290e-09,94,23,1,70,normal_corr_dominates,1.08553268e+00,1.00000000e+00,2.50000000e+07,2.78310052e-02,-3.25384461e-01,3.53215467e-01,1.00001161e-09
3,5.05458994e-02,1.60170290e-09,94,23,2,71,normal_corr_dominates,3.26318985e+00,1.00000000e+00,2.50000007e+07,7.36406812e-01,-3.25384461e-01,1.06179127e+00,1.00000973e-09
3,5.05458994e-02,1.60170290e-09,94,25,0,75,normal_corr_dominates,1.46035426e+01,1.00000000e+00,2.50000016e+07,1.63974615e+00,-1.20538172e-01,1.76028432e+00,1.00001264e-09
3,5.05458994e-02,1.60170290e-09,94,25,1,76,normal_corr_dominates,1.71066003e+01,1.00000000e+00,2.49999978e+07,-2.18253650e+00,-1.20538172e-01,-2.06199833e+00,1.00001051e-09
3,5.05458994e-02,1.60170290e-09,94,25,1,76,corr_ratio_high,6.06732526e-01,5.00000000e-01,2.49999978e+07,-2.18253650e+00,-1.20538172e-01,-2.06199833e+00,1.00001051e-09
3,5.05458994e-02,1.60170290e-09,94,25,2,77,normal_corr_dominates,1.39989153e+01,1.00000000e+00,2.49999982e+07,-1.80794183e+00,-1.20538172e-01,-1.68740366e+00,1.00001301e-09
3,5.05458994e-02,1.60170290e-09,94,26,1,79,normal_corr_dominates,2.16149991e+00,1.00000000e+00,2.50000004e+07,3.69701959e-01,-3.18297020e-01,6.87998979e-01,1.00000890e-09
3,5.05458994e-02,1.60170290e-09,94,26,2,80,normal_corr_dominates,5.79154388e+00,1.00000000e+00,2.49999978e+07,-2.16172818e+00,-3.18297020e-01,-1.84343116e+00,1.00001239e-09
3,5.05458994e-02,1.60170290e-09,94,28,0,84,normal_corr_dominates,5.44167979e+00,1.00000000e+00,2.49999959e+07,-4.12515211e+00,-6.40384533e-01,-3.48476757e+00,1.00001566e-09
3,5.05458994e-02,1.60170290e-09,94,28,2,86,normal_corr_dominates,1.42599806e+00,1.00000000e+00,2.50000003e+07,2.72802567e-01,-6.40384533e-01,9.13187101e-01,1.00000970e-09
3,5.05458994e-02,1.60170290e-09,94,29,0,87,normal_corr_dominates,5.23751300e+00,1.00000000e+00,2.50000010e+07,9.76822597e-01,-2.30517900e-01,1.20734050e+00,1.00001414e-09
3,5.05458994e-02,1.60170290e-09,94,29,1,88,corr_ratio_high,7.46196415e-01,5.00000000e-01,2.49999999e+07,-8.23298484e-02,-2.30517900e-01,1.48188051e-01,1.00000703e-09
3,5.05458994e-02,1.60170290e-09,94,29,2,89,normal_corr_dominates,4.55276597e+00,1.00000000e+00,2.49999987e+07,-1.28001195e+00,-2.30517900e-01,-1.04949405e+00,1.00001013e-09
3,5.05458994e-02,1.60170290e-09,94,30,1,91,normal_corr_dominates,1.63511237e+00,1.00000000e+00,2.49999986e+07,-1.38898763e+00,-5.27107552e-01,-8.61880079e-01,1.00001091e-09
3,5.05458994e-02,1.60170290e-09,94,32,0,96,normal_corr_dominates,1.19264427e+02,1.00000000e+00,2.49999973e+07,-2.65162846e+00,-2.20483190e-02,-2.62958014e+00,1.00001297e-09
3,5.05458994e-02,1.60170290e-09,94,32,1,97,normal_corr_dominates,5.85295140e+01,1.00000000e+00,2.50000013e+07,1.26842908e+00,-2.20483190e-02,1.29047739e+00,1.00001183e-09
3,5.05458994e-02,1.60170290e-09,94,32,2,98,normal_corr_dominates,1.43835541e+01,1.00000000e+00,2.49999997e+07,-3.39181508e-01,-2.20483190e-02,-3.17133189e-01,1.00000746e-09
3,5.05458994e-02,1.60170290e-09,94,32,2,98,corr_ratio_high,7.93183870e-01,5.00000000e-01,2.49999997e+07,-3.39181508e-01,-2.20483190e-02,-3.17133189e-01,1.00000746e-09
3,5.05458994e-02,1.60170290e-09,94,31,1,94,normal_corr_dominates,2.04193558e+00,1.00000000e+00,2.50000004e+07,4.36233351e-01,-4.18675933e-01,8.54909284e-01,1.00001283e-09
3,5.05458994e-02,1.60170290e-09,94,31,2,95,normal_corr_dominates,3.22118898e+00,1.00000000e+00,2.49999982e+07,-1.76731024e+00,-4.18675933e-01,-1.34863430e+00,1.00001238e-09
3,5.05458994e-02,1.60170290e-09,94,12,0,36,normal_corr_dominates,1.44290756e+00,1.00000000e+00,2.50000005e+07,4.86526813e-01,-1.09848387e+00,1.58501069e+00,1.00001704e-09
3,5.05458994e-02,1.60170290e-09,94,12,2,38,normal_corr_dominates,2.30201913e+00,1.00000000e+00,2.50000014e+07,1.43024702e+00,-1.09848387e+00,2.52873089e+00,1.00000456e-09
3,5.05458994e-02,1.60170290e-09,94,12,2,38,corr_ratio_high,1.54084898e+00,5.00000000e-01,2.50000014e+07,1.43024702e+00,-1.09848387e+00,2.52873089e+00,1.00000456e-09
4,7.92731444e-02,2.51201436e-09,94,0,0,0,normal_corr_dominates,8.20613546e+00,1.00000000e+00,2.49999967e+07,-3.34363654e+00,-3.63196539e-01,-2.98044000e+00,1.00001413e-09
4,7.92731444e-02,2.51201436e-09,94,0,1,1,normal_corr_dominates,7.16455632e+00,1.00000000e+00,2.50000022e+07,2.23894552e+00,-3.63196539e-01,2.60214206e+00,1.00000952e-09
4,7.92731444e-02,2.51201436e-09,94,0,2,2,normal_corr_dominates,3.34973288e+00,1.00000000e+00,2.50000009e+07,8.53414851e-01,-3.63196539e-01,1.21661139e+00,1.00002222e-09
4,7.92731444e-02,2.51201436e-09,94,1,0,3,normal_corr_dominates,2.19968500e+00,1.00000000e+00,2.50000008e+07,8.23996144e-01,-6.86843748e-01,1.51083989e+00,1.00001888e-09
4,7.92731444e-02,2.51201436e-09,94,1,1,4,normal_corr_dominates,5.28977983e+00,1.00000000e+00,2.50000029e+07,2.94640845e+00,-6.86843748e-01,3.63325220e+00,1.00001339e-09
4,7.92731444e-02,2.51201436e-09,94,1,2,5,normal_corr_dominates,3.96998510e+00,1.00000000e+00,2.49999966e+07,-3.41360320e+00,-6.86843748e-01,-2.72675945e+00,1.00002033e-09
4,7.92731444e-02,2.51201436e-09,94,2,0,6,normal_corr_dominates,1.19638360e+01,1.00000000e+00,2.50000039e+07,3.85152184e+00,-3.51293273e-01,4.20281511e+00,1.00000850e-09
4,7.92731444e-02,2.51201436e-09,94,2,0,6,corr_ratio_high,6.09460724e-01,5.00000000e-01,2.50000039e+07,3.85152184e+00,-3.51293273e-01,4.20281511e+00,1.00000850e-09
4,7.92731444e-02,2.51201436e-09,94,2,1,7,normal_corr_dominates,2.89517723e+00,1.00000000e+00,2.49999986e+07,-1.36834956e+00,-3.51293273e-01,-1.01705628e+00,1.00002377e-09
4,7.92731444e-02,2.51201436e-09,94,2,2,8,normal_corr_dominates,3.09439040e+00,1.00000000e+00,2.49999986e+07,-1.43833180e+00,-3.51293273e-01,-1.08703853e+00,1.00001721e-09
4,7.92731444e-02,2.51201436e-09,94,3,0,9,normal_corr_dominates,5.45666599e+00,1.00000000e+00,2.49999966e+07,-3.35673549e+00,-5.19886811e-01,-2.83684868e+00,1.00001479e-09
4,7.92731444e-02,2.51201436e-09,94,3,1,10,normal_corr_dominates,3.16775733e+00,1.00000000e+00,2.50000011e+07,1.12698844e+00,-5.19886811e-01,1.64687525e+00,1.00002038e-09
4,7.92731444e-02,2.51201436e-09,94,3,2,11,normal_corr_dominates,5.78348962e+00,1.00000000e+00,2.50000025e+07,2.48687316e+00,-5.19886811e-01,3.00675997e+00,1.00001521e-09
4,7.92731444e-02,2.51201436e-09,94,4,0,12,normal_corr_dominates,4.76599590e+00,1.00000000e+00,2.50000010e+07,1.02913110e+00,-2.73269309e-01,1.30240041e+00,1.00001324e-09
4,7.92731444e-02,2.51201436e-09,94,4,1,13,normal_corr_dominates,6.89728164e+00,1.00000000e+00,2.49999978e+07,-2.15808470e+00,-2.73269309e-01,-1.88481539e+00,1.00001434e-09
4,7.92731444e-02,2.51201436e-09,94,4,2,14,normal_corr_dominates,7.06452654e+00,1.00000000e+00,2.50000017e+07,1.65724898e+00,-2.73269309e-01,1.93051829e+00,1.00001348e-09
4,7.92731444e-02,2.51201436e-09,94,5,0,15,normal_corr_dominates,1.45686434e+00,1.00000000e+00,2.50000005e+07,5.02405457e-01,-1.09968192e+00,1.60208738e+00,1.00001401e-09
4,7.92731444e-02,2.51201436e-09,94,5,1,16,normal_corr_dominates,2.19113871e+00,1.00000000e+00,2.49999965e+07,-3.50923754e+00,-1.09968192e+00,-2.40955562e+00,1.00000922e-09
4,7.92731444e-02,2.51201436e-09,94,5,1,16,corr_ratio_high,9.23529079e-01,5.00000000e-01,2.49999965e+07,-3.50923754e+00,-1.09968192e+00,-2.40955562e+00,1.00000922e-09
4,7.92731444e-02,2.51201436e-09,94,5,2,17,normal_corr_dominates,2.30273034e+00,1.00000000e+00,2.50000014e+07,1.43258900e+00,-1.09968192e+00,2.53227092e+00,1.00001528e-09
4,7.92731444e-02,2.51201436e-09,94,8,0,24,normal_corr_dominates,3.29839071e+00,1.00000000e+00,2.50000011e+07,1.06589640e+00,-4.63757703e-01,1.52965410e+00,1.00001769e-09
4,7.92731444e-02,2.51201436e-09,94,8,1,25,normal_corr_dominates,1.60206011e+00,1.00000000e+00,2.50000003e+07,2.79210011e-01,-4.63757703e-01,7.42967714e-01,1.00001520e-09
4,7.92731444e-02,2.51201436e-09,94,8,2,26,normal_corr_dominates,4.51314966e+00,1.00000000e+00,2.49999974e+07,-2.55676562e+00,-4.63757703e-01,-2.09300792e+00,1.00002012e-09
4,7.92731444e-02,2.51201436e-09,94,9,0,27,normal_corr_dominates,2.78478388e+00,1.00000000e+00,2.49999972e+07,-2.76330909e+00,-7.30110140e-01,-2.03319895e+00,1.00001821e-09
4,7.92731444e-02,2.51201436e-09,94,9,1,28,normal_corr_dominates,4.12350563e+00,1.00000000e+00,2.50000023e+07,2.28050313e+00,-7.30110140e-01,3.01061327e+00,1.00001390e-09
4,7.92731444e-02,2.51201436e-09,94,9,2,29,normal_corr_dominates,3.34206527e+00,1.00000000e+00,2.49999968e+07,-3.17018589e+00,-7.30110140e-01,-2.44007575e+00,1.00002109e-09
4,7.92731444e-02,2.51201436e-09,94,10,0,30,normal_corr_dominates,1.08306877e+00,1.00000000e+00,2.49999984e+07,-1.63121937e+00,-7.83084742e-01,-8.48134629e-01,1.00001043e-09
4,7.92731444e-02,2.51201436e-09,94,10,0,30,corr_ratio_high,7.73221903e-01,5.00000000e-01,2.49999984e+07,-1.63121937e+00,-7.83084742e-01,-8.48134629e-01,1.00001043e-09
4,7.92731444e-02,2.51201436e-09,94,10,2,32,normal_corr_dominates,3.39764121e+00,1.00000000e+00,2.50000019e+07,1.87755625e+00,-7.83084742e-01,2.66064099e+00,1.00001626e-09
4,7.92731444e-02,2.51201436e-09,94,13,2,41,normal_corr_dominates,1.32529310e+00,1.00000000e+00,2.50000003e+07,3.10007033e-01,-9.53008324e-01,1.26301536e+00,1.00001557e-09
4,7.92731444e-02,2.51201436e-09,94,14,0,42,normal_corr_dominates,4.94254355e+00,1.00000000e+00,2.50000034e+07,3.37541692e+00,-8.56152094e-01,4.23156901e+00,1.00002910e-09
4,7.92731444e-02,2.51201436e-09,94,14,1,43,normal_corr_dominates,6.69669085e+00,1.00000000e+00,2.49999934e+07,-6.58953798e+00,-8.56152094e-01,-5.73338589e+00,1.00001789e-09
4,7.92731444e-02,2.51201436e-09,94,14,2,44,normal_corr_dominates,2.37552253e+00,1.00000000e+00,2.50000012e+07,1.17765649e+00,-8.56152094e-01,2.03380859e+00,1.00001142e-09
4,7.92731444e-02,2.51201436e-09,94,14,2,44,corr_ratio_high,6.56259770e-01,5.00000000e-01,2.50000012e+07,1.17765649e+00,-8.56152094e-01,2.03380859e+00,1.00001142e-09
4,7.92731444e-02,2.51201436e-09,94,15,0,45,normal_corr_dominates,6.87101615e+00,1.00000000e+00,2.50000036e+07,3.63892139e+00,-6.19811170e-01,4.25873256e+00,1.00001057e-09
4,7.92731444e-02,2.51201436e-09,94,15,1,46,normal_corr_dominates,1.21763275e+00,1.00000000e+00,2.50000001e+07,1.34891209e-01,-6.19811170e-01,7.54702379e-01,1.00001458e-09
4,7.92731444e-02,2.51201436e-09,94,15,2,47,normal_corr_dominates,3.54002741e+00,1.00000000e+00,2.49999972e+07,-2.81395970e+00,-6.19811170e-01,-2.19414853e+00,1.00001745e-09
4,7.92731444e-02,2.51201436e-09,94,17,0,51,normal_corr_dominates,5.51110904e+00,1.00000000e+00,2.49999971e+07,-2.93469217e+00,-4.50720785e-01,-2.48397139e+00,1.00001316e-09
4,7.92731444e-02,2.51201436e-09,94,17,0,51,corr_ratio_high,5.00498508e-01,5.00000000e-01,2.49999971e+07,-2.93469217e+00,-4.50720785e-01,-2.48397139e+00,1.00001316e-09
4,7.92731444e-02,2.51201436e-09,94,17,1,52,normal_corr_dominates,5.38361760e+00,1.00000000e+00,2.49999971e+07,-2.87722913e+00,-4.50720785e-01,-2.42650835e+00,1.00001491e-09
4,7.92731444e-02,2.51201436e-09,94,17,2,53,normal_corr_dominates,7.87537229e+00,1.00000000e+00,2.50000031e+07,3.09887319e+00,-4.50720785e-01,3.54959398e+00,1.00001638e-09
4,7.92731444e-02,2.51201436e-09,94,18,0,54,normal_corr_dominates,2.15241320e+00,1.00000000e+00,2.50000005e+07,4.50677733e-01,-3.91073041e-01,8.41750773e-01,1.00001332e-09
4,7.92731444e-02,2.51201436e-09,94,18,1,55,normal_corr_dominates,2.88042678e+00,1.00000000e+00,2.50000007e+07,7.35384220e-01,-3.91073041e-01,1.12645726e+00,1.00001383e-09
4,7.92731444e-02,2.51201436e-09,94,18,2,56,normal_corr_dominates,4.02327305e+00,1.00000000e+00,2.49999980e+07,-1.96446667e+00,-3.91073041e-01,-1.57339363e+00,1.00001491e-09
4,7.92731444e-02,2.51201436e-09,94,19,0,57,normal_corr_dominates,5.74775046e+00,1.00000000e+00,2.49999959e+07,-4.10872770e+00,-6.08903327e-01,-3.49982437e+00,1.00000418e-09
4,7.92731444e-02,2.51201436e-09,94,19,0,57,corr_ratio_high,2.34851273e+00,5.00000000e-01,2.49999959e+07,-4.10872770e+00,-6.08903327e-01,-3.49982437e+00,1.00000418e-09
4,7.92731444e-02,2.51201436e-09,94,19,1,58,normal_corr_dominates,4.54439114e+00,1.00000000e+00,2.50000022e+07,2.15819156e+00,-6.08903327e-01,2.76709488e+00,1.00001503e-09
4,7.92731444e-02,2.51201436e-09,94,20,0,60,normal_corr_dominates,1.99668697e+00,1.00000000e+00,2.50000004e+07,3.99066273e-01,-4.00392785e-01,7.99459058e-01,1.00001305e-09
4,7.92731444e-02,2.51201436e-09,94,20,1,61,normal_corr_dominates,3.26810313e+00,1.00000000e+00,2.49999983e+07,-1.70891770e+00,-4.00392785e-01,-1.30852491e+00,1.00001498e-09
4,7.92731444e-02,2.51201436e-09,94,20,2,62,normal_corr_dominates,4.78703498e+00,1.00000000e+00,2.49999977e+07,-2.31708705e+00,-4.00392785e-01,-1.91669427e+00,1.00001563e-09
4,7.92731444e-02,2.51201436e-09,94,21,2,65,normal_corr_dominates,2.84285432e+00,1.00000000e+00,2.50000019e+07,1.89702904e+00,-1.02939718e+00,2.92642622e+00,1.00001264e-09
4,7.92731444e-02,2.51201436e-09,94,22,2,68,normal_corr_dominates,2.27769122e+00,1.00000000e+00,2.49999973e+07,-2.66318641e+00,-8.12519003e-01,-1.85066740e+00,1.00001515e-09
4,7.92731444e-02,2.51201436e-09,94,23,0,69,normal_corr_dominates,3.14464312e+00,1.00000000e+00,2.49999979e+07,-2.08584625e+00,-5.03263173e-01,-1.58258307e+00,1.00001715e-09
4,7.92731444e-02,2.51201436e-09,94,23,1,70,normal_corr_dominates,1.09607177e+00,1.00000000e+00,2.50000000e+07,4.83493838e-02,-5.03263173e-01,5.51612557e-01,1.00001805e-09
4,7.92731444e-02,2.51201436e-09,94,23,2,71,normal_corr_dominates,3.28507149e+00,1.00000000e+00,2.50000011e+07,1.14999233e+00,-5.03263173e-01,1.65325550e+00,1.00001512e-09
4,7.92731444e-02,2.51201436e-09,94,25,0,75,normal_corr_dominates,1.48147071e+01,1.00000000e+00,2.50000026e+07,2.55139268e+00,-1.84686701e-01,2.73607938e+00,1.00001966e-09
4,7.92731444e-02,2.51201436e-09,94,25,1,76,normal_corr_dominates,1.73570417e+01,1.00000000e+00,2.49999966e+07,-3.39030147e+00,-1.84686701e-01,-3.20561477e+00,1.00001634e-09
4,7.92731444e-02,2.51201436e-09,94,25,1,76,corr_ratio_high,6.07385524e-01,5.00000000e-01,2.49999966e+07,-3.39030147e+00,-1.84686701e-01,-3.20561477e+00,1.00001634e-09
4,7.92731444e-02,2.51201436e-09,94,25,2,77,normal_corr_dominates,1.42323441e+01,1.00000000e+00,2.49999972e+07,-2.81321139e+00,-1.84686701e-01,-2.62852469e+00,1.00002023e-09
4,7.92731444e-02,2.51201436e-09,94,26,0,78,normal_corr_dominates,1.00804319e+00,1.00000000e+00,2.50000000e+07,3.95795596e-03,-4.92087535e-01,4.96045491e-01,1.00002088e-09
4,7.92731444e-02,2.51201436e-09,94,26,1,79,normal_corr_dominates,2.17217065e+00,1.00000000e+00,2.50000006e+07,5.76810568e-01,-4.92087535e-01,1.06889810e+00,1.00001385e-09
4,7.92731444e-02,2.51201436e-09,94,26,2,80,normal_corr_dominates,5.83581978e+00,1.00000000e+00,2.49999966e+07,-3.36382170e+00,-4.92087535e-01,-2.87173417e+00,1.00001926e-09
4,7.92731444e-02,2.51201436e-09,94,28,0,84,normal_corr_dominates,5.44749910e+00,1.00000000e+00,2.49999936e+07,-6.41611877e+00,-9.95132944e-01,-5.42098582e+00,1.00002436e-09
4,7.92731444e-02,2.51201436e-09,94,28,2,86,normal_corr_dominates,1.42726211e+00,1.00000000e+00,2.50000004e+07,4.25182598e-01,-9.95132944e-01,1.42031554e+00,1.00001507e-09
4,7.92731444e-02,2.51201436e-09,94,29,0,87,normal_corr_dominates,5.25339659e+00,1.00000000e+00,2.50000015e+07,1.52016505e+00,-3.57400261e-01,1.87756531e+00,1.00002199e-09
4,7.92731444e-02,2.51201436e-09,94,29,1,88,corr_ratio_high,7.46243348e-01,5.00000000e-01,2.49999999e+07,-1.25561855e-01,-3.57400261e-01,2.31838406e-01,1.00001093e-09
4,7.92731444e-02,2.51201436e-09,94,29,2,89,normal_corr_dominates,4.56699971e+00,1.00000000e+00,2.49999980e+07,-1.98964715e+00,-3.57400261e-01,-1.63224689e+00,1.00001575e-09
4,7.92731444e-02,2.51201436e-09,94,30,1,91,normal_corr_dominates,1.63932810e+00,1.00000000e+00,2.49999978e+07,-2.15679352e+00,-8.17175221e-01,-1.33961830e+00,1.00001696e-09
4,7.92731444e-02,2.51201436e-09,94,32,0,96,normal_corr_dominates,1.21518237e+02,1.00000000e+00,2.49999959e+07,-4.12403273e+00,-3.36605621e-02,-4.09037217e+00,1.00002017e-09
4,7.92731444e-02,2.51201436e-09,94,32,1,97,normal_corr_dominates,5.96198818e+01,1.00000000e+00,2.50000020e+07,1.97317817e+00,-3.36605621e-02,2.00683873e+00,1.00001840e-09
4,7.92731444e-02,2.51201436e-09,94,32,2,98,normal_corr_dominates,1.46062232e+01,1.00000000e+00,2.49999995e+07,-5.25314245e-01,-3.36605621e-02,-4.91653682e-01,1.00001160e-09
4,7.92731444e-02,2.51201436e-09,94,32,2,98,corr_ratio_high,7.93959851e-01,5.00000000e-01,2.49999995e+07,-5.25314245e-01,-3.36605621e-02,-4.91653682e-01,1.00001160e-09
4,7.92731444e-02,2.51201436e-09,94,31,1,94,normal_corr_dominates,2.05042692e+00,1.00000000e+00,2.50000007e+07,6.80431940e-01,-6.47767046e-01,1.32819899e+00,1.00001995e-09
4,7.92731444e-02,2.51201436e-09,94,31,2,95,normal_corr_dominates,3.24325831e+00,1.00000000e+00,2.49999973e+07,-2.74864290e+00,-6.47767046e-01,-2.10087585e+00,1.00001925e-09
4,7.92731444e-02,2.51201436e-09,94,12,0,36,normal_corr_dominates,1.44576923e+00,1.00000000e+00,2.50000008e+07,7.60149893e-01,-1.70525430e+00,2.46540420e+00,1.00002649e-09
4,7.92731444e-02,2.51201436e-09,94,12,2,38,normal_corr_dominates,2.30669476e+00,1.00000000e+00,2.50000022e+07,2.22824686e+00,-1.70525430e+00,3.93350116e+00,1.00000709e-09
4,7.92731444e-02,2.51201436e-09,94,12,2,38,corr_ratio_high,1.53924081e+00,5.00000000e-01,2.50000022e+07,2.22824686e+00,-1.70525430e+00,3.93350116e+00,1.00000709e-09
5,1.17411612e-01,3.72054946e-09,94,0,0,0,normal_corr_dominates,8.25878320e+00,1.00000000e+00,2.49999951e+07,-4.90808792e+00,-5.30100750e-01,-4.37798717e+00,1.00002072e-09
5,1.17411612e-01,3.72054946e-09,94,0,1,1,normal_corr_dominates,7.19478286e+00,1.00000000e+00,2.50000033e+07,3.28385904e+00,-5.30100750e-01,3.81395979e+00,1.00001397e-09
5,1.17411612e-01,3.72054946e-09,94,0,2,2,normal_corr_dominates,3.38817333e+00,1.00000000e+00,2.50000013e+07,1.26597247e+00,-5.30100750e-01,1.79607322e+00,1.00003256e-09
5,1.17411612e-01,3.72054946e-09,94,1,0,3,normal_corr_dominates,2.21210597e+00,1.00000000e+00,2.50000012e+07,1.21691776e+00,-1.00396978e+00,2.22088754e+00,1.00002768e-09
5,1.17411612e-01,3.72054946e-09,94,1,1,4,normal_corr_dominates,5.31635190e+00,1.00000000e+00,2.50000043e+07,4.33348686e+00,-1.00396978e+00,5.33745664e+00,1.00001963e-09
5,1.17411612e-01,3.72054946e-09,94,1,2,5,normal_corr_dominates,3.98999742e+00,1.00000000e+00,2.49999950e+07,-5.00980660e+00,-1.00396978e+00,-4.00583682e+00,1.00002981e-09
5,1.17411612e-01,3.72054946e-09,94,2,0,6,normal_corr_dominates,1.20222790e+01,1.00000000e+00,2.50000057e+07,5.65047191e+00,-5.12640980e-01,6.16311289e+00,1.00001247e-09
5,1.17411612e-01,3.72054946e-09,94,2,0,6,corr_ratio_high,6.08896838e-01,5.00000000e-01,2.50000057e+07,5.65047191e+00,-5.12640980e-01,6.16311289e+00,1.00001247e-09
5,1.17411612e-01,3.72054946e-09,94,2,1,7,normal_corr_dominates,2.89200276e+00,1.00000000e+00,2.49999980e+07,-1.99520011e+00,-5.12640980e-01,-1.48255913e+00,1.00003483e-09
5,1.17411612e-01,3.72054946e-09,94,2,2,8,normal_corr_dominates,3.11303705e+00,1.00000000e+00,2.49999979e+07,-2.10851135e+00,-5.12640980e-01,-1.59587037e+00,1.00002525e-09
5,1.17411612e-01,3.72054946e-09,94,3,0,9,normal_corr_dominates,5.48162098e+00,1.00000000e+00,2.49999951e+07,-4.92709555e+00,-7.60164094e-01,-4.16693145e+00,1.00002169e-09
5,1.17411612e-01,3.72054946e-09,94,3,1,10,normal_corr_dominates,3.18874952e+00,1.00000000e+00,2.50000017e+07,1.66380879e+00,-7.60164094e-01,2.42397289e+00,1.00002988e-09
5,1.17411612e-01,3.72054946e-09,94,3,2,11,normal_corr_dominates,5.80986132e+00,1.00000000e+00,2.50000037e+07,3.65628387e+00,-7.60164094e-01,4.41644797e+00,1.00002229e-09
5,1.17411612e-01,3.72054946e-09,94,4,0,12,normal_corr_dominates,4.80353073e+00,1.00000000e+00,2.50000015e+07,1.51407361e+00,-3.98070560e-01,1.91214417e+00,1.00001941e-09
5,1.17411612e-01,3.72054946e-09,94,4,1,13,normal_corr_dominates,6.95113708e+00,1.00000000e+00,2.49999968e+07,-3.16511359e+00,-3.98070560e-01,-2.76704303e+00,1.00002102e-09
5,1.17411612e-01,3.72054946e-09,94,4,2,14,normal_corr_dominates,7.10818463e+00,1.00000000e+00,2.50000024e+07,2.43148847e+00,-3.98070560e-01,2.82955903e+00,1.00001977e-09
5,1.17411612e-01,3.72054946e-09,94,5,0,15,normal_corr_dominates,1.46029413e+00,1.00000000e+00,2.50000007e+07,7.41925846e-01,-1.61185163e+00,2.35377747e+00,1.00002054e-09
5,1.17411612e-01,3.72054946e-09,94,5,1,16,normal_corr_dominates,2.19518097e+00,1.00000000e+00,2.49999948e+07,-5.15015764e+00,-1.61185163e+00,-3.53830601e+00,1.00001353e-09
5,1.17411612e-01,3.72054946e-09,94,5,1,16,corr_ratio_high,9.22213707e-01,5.00000000e-01,2.49999948e+07,-5.15015764e+00,-1.61185163e+00,-3.53830601e+00,1.00001353e-09
5,1.17411612e-01,3.72054946e-09,94,5,2,17,normal_corr_dominates,2.30471439e+00,1.00000000e+00,2.50000021e+07,2.10300600e+00,-1.61185163e+00,3.71485763e+00,1.00002240e-09
5,1.17411612e-01,3.72054946e-09,94,8,0,24,normal_corr_dominates,3.32636230e+00,1.00000000e+00,2.50000016e+07,1.57245469e+00,-6.75928547e-01,2.24838324e+00,1.00002594e-09
5,1.17411612e-01,3.72054946e-09,94,8,1,25,normal_corr_dominates,1.60954171e+00,1.00000000e+00,2.50000004e+07,4.12006646e-01,-6.75928547e-01,1.08793519e+00,1.00002229e-09
5,1.17411612e-01,3.72054946e-09,94,8,2,26,normal_corr_dominates,4.54864574e+00,1.00000000e+00,2.49999962e+07,-3.75048805e+00,-6.75928547e-01,-3.07455951e+00,1.00002950e-09
5,1.17411612e-01,3.72054946e-09,94,9,0,27,normal_corr_dominates,2.78913532e+00,1.00000000e+00,2.49999960e+07,-4.04352119e+00,-1.06713560e+00,-2.97638559e+00,1.00002668e-09
5,1.17411612e-01,3.72054946e-09,94,9,1,28,normal_corr_dominates,4.14440059e+00,1.00000000e+00,2.50000034e+07,3.35550180e+00,-1.06713560e+00,4.42263740e+00,1.00002038e-09
5,1.17411612e-01,3.72054946e-09,94,9,2,29,normal_corr_dominates,3.36114360e+00,1.00000000e+00,2.49999953e+07,-4.65393158e+00,-1.06713560e+00,-3.58679599e+00,1.00003093e-09
5,1.17411612e-01,3.72054946e-09,94,10,0,30,normal_corr_dominates,1.09621523e+00,1.00000000e+00,2.49999976e+07,-2.39649816e+00,-1.14325004e+00,-1.25324811e+00,1.00001533e-09
5,1.17411612e-01,3.72054946e-09,94,10,0,30,corr_ratio_high,7.70607963e-01,5.00000000e-01,2.49999976e+07,-2.39649816e+00,-1.14325004e+00,-1.25324811e+00,1.00001533e-09
5,1.17411612e-01,3.72054946e-09,94,10,2,32,normal_corr_dominates,3.41701599e+00,1.00000000e+00,2.50000028e+07,2.76325364e+00,-1.14325004e+00,3.90650369e+00,1.00002383e-09
5,1.17411612e-01,3.72054946e-09,94,13,2,41,normal_corr_dominates,1.32727062e+00,1.00000000e+00,2.50000005e+07,4.56532770e-01,-1.39497023e+00,1.85150300e+00,1.00002283e-09
5,1.17411612e-01,3.72054946e-09,94,14,0,42,normal_corr_dominates,4.96057506e+00,1.00000000e+00,2.50000050e+07,4.95721852e+00,-1.25164110e+00,6.20885962e+00,1.00004265e-09
5,1.17411612e-01,3.72054946e-09,94,14,1,43,normal_corr_dominates,6.72300013e+00,1.00000000e+00,2.49999903e+07,-9.66642437e+00,-1.25164110e+00,-8.41478327e+00,1.00002625e-09
5,1.17411612e-01,3.72054946e-09,94,14,2,44,normal_corr_dominates,2.38274816e+00,1.00000000e+00,2.50000017e+07,1.73070442e+00,-1.25164110e+00,2.98234552e+00,1.00001675e-09
5,1.17411612e-01,3.72054946e-09,94,14,2,44,corr_ratio_high,6.56901029e-01,5.00000000e-01,2.50000017e+07,1.73070442e+00,-1.25164110e+00,2.98234552e+00,1.00001675e-09
5,1.17411612e-01,3.72054946e-09,94,15,0,45,normal_corr_dominates,6.88688702e+00,1.00000000e+00,2.50000053e+07,5.33982346e+00,-9.07070825e-01,6.24689429e+00,1.00001550e-09
5,1.17411612e-01,3.72054946e-09,94,15,1,46,normal_corr_dominates,1.22470341e+00,1.00000000e+00,2.50000002e+07,2.03821907e-01,-9.07070825e-01,1.11089273e+00,1.00002139e-09
5,1.17411612e-01,3.72054946e-09,94,15,2,47,normal_corr_dominates,3.54969319e+00,1.00000000e+00,2.49999959e+07,-4.12689396e+00,-9.07070825e-01,-3.21982313e+00,1.00002558e-09
5,1.17411612e-01,3.72054946e-09,94,17,0,51,normal_corr_dominates,5.54982295e+00,1.00000000e+00,2.49999957e+07,-4.30795192e+00,-6.57720362e-01,-3.65023156e+00,1.00001930e-09
5,1.17411612e-01,3.72054946e-09,94,17,0,51,corr_ratio_high,5.00895267e-01,5.00000000e-01,2.49999957e+07,-4.30795192e+00,-6.57720362e-01,-3.65023156e+00,1.00001930e-09
5,1.17411612e-01,3.72054946e-09,94,17,1,52,normal_corr_dominates,5.41912877e+00,1.00000000e+00,2.49999958e+07,-4.22199170e+00,-6.57720362e-01,-3.56427134e+00,1.00002187e-09
5,1.17411612e-01,3.72054946e-09,94,17,2,53,normal_corr_dominates,7.92661658e+00,1.00000000e+00,2.50000046e+07,4.55577676e+00,-6.57720362e-01,5.21349713e+00,1.00002400e-09
5,1.17411612e-01,3.72054946e-09,94,18,0,54,normal_corr_dominates,2.16577879e+00,1.00000000e+00,2.50000007e+07,6.66012340e-01,-5.71302504e-01,1.23731484e+00,1.00001953e-09
5,1.17411612e-01,3.72054946e-09,94,18,1,55,normal_corr_dominates,2.89448648e+00,1.00000000e+00,2.50000011e+07,1.08232487e+00,-5.71302504e-01,1.65362737e+00,1.00002028e-09
5,1.17411612e-01,3.72054946e-09,94,18,2,56,normal_corr_dominates,4.04340014e+00,1.00000000e+00,2.49999971e+07,-2.88130713e+00,-5.71302504e-01,-2.31000463e+00,1.00002187e-09
5,1.17411612e-01,3.72054946e-09,94,19,0,57,normal_corr_dominates,5.76291961e+00,1.00000000e+00,2.49999940e+07,-6.03001248e+00,-8.91628591e-01,-5.13838389e+00,1.00000615e-09
5,1.17411612e-01,3.72054946e-09,94,19,0,57,corr_ratio_high,2.34430653e+00,5.00000000e-01,2.49999940e+07,-6.03001248e+00,-8.91628591e-01,-5.13838389e+00,1.00000615e-09
5,1.17411612e-01,3.72054946e-09,94,19,1,58,normal_corr_dominates,4.55230682e+00,1.00000000e+00,2.50000032e+07,3.16733832e+00,-8.91628591e-01,4.05896691e+00,1.00002204e-09
5,1.17411612e-01,3.72054946e-09,94,20,0,60,normal_corr_dominates,2.00918758e+00,1.00000000e+00,2.50000006e+07,5.90160327e-01,-5.84787545e-01,1.17494787e+00,1.00001914e-09
5,1.17411612e-01,3.72054946e-09,94,20,1,61,normal_corr_dominates,3.28684132e+00,1.00000000e+00,2.49999975e+07,-2.50689141e+00,-5.84787545e-01,-1.92210387e+00,1.00002197e-09
5,1.17411612e-01,3.72054946e-09,94,20,2,62,normal_corr_dominates,4.81371948e+00,1.00000000e+00,2.49999966e+07,-3.39979074e+00,-5.84787545e-01,-2.81500320e+00,1.00002293e-09
5,1.17411612e-01,3.72054946e-09,94,21,2,65,normal_corr_dominates,2.85135786e+00,1.00000000e+00,2.50000028e+07,2.78702575e+00,-1.50539548e+00,4.29242123e+00,1.00001853e-09
5,1.17411612e-01,3.72054946e-09,94,22,2,68,normal_corr_dominates,2.28297917e+00,1.00000000e+00,2.49999961e+07,-3.90141278e+00,-1.18837573e+00,-2.71303705e+00,1.00002222e-09
5,1.17411612e-01,3.72054946e-09,94,23,0,69,normal_corr_dominates,3.15832588e+00,1.00000000e+00,2.49999969e+07,-3.05120118e+00,-7.33757108e-01,-2.31744407e+00,1.00002514e-09
5,1.17411612e-01,3.72054946e-09,94,23,1,70,normal_corr_dominates,1.10767577e+00,1.00000000e+00,2.50000001e+07,7.90078617e-02,-7.33757108e-01,8.12764970e-01,1.00002646e-09
5,1.17411612e-01,3.72054946e-09,94,23,2,71,normal_corr_dominates,3.30943977e+00,1.00000000e+00,2.50000017e+07,1.69456785e+00,-7.33757108e-01,2.42832496e+00,1.00002217e-09
5,1.17411612e-01,3.72054946e-09,94,25,0,75,normal_corr_dominates,1.50571420e+01,1.00000000e+00,2.50000037e+07,3.74455512e+00,-2.66380971e-01,4.01093609e+00,1.00002882e-09
5,1.17411612e-01,3.72054946e-09,94,25,1,76,normal_corr_dominates,1.76444168e+01,1.00000000e+00,2.49999950e+07,-4.96651785e+00,-2.66380971e-01,-4.70013688e+00,1.00002395e-09
5,1.17411612e-01,3.72054946e-09,94,25,1,76,corr_ratio_high,6.08088084e-01,5.00000000e-01,2.49999950e+07,-4.96651785e+00,-2.66380971e-01,-4.70013688e+00,1.00002395e-09
5,1.17411612e-01,3.72054946e-09,94,25,2,77,normal_corr_dominates,1.44996750e+01,1.00000000e+00,2.49999959e+07,-4.12881847e+00,-2.66380971e-01,-3.86243750e+00,1.00002967e-09
5,1.17411612e-01,3.72054946e-09,94,26,0,78,normal_corr_dominates,1.02257495e+00,1.00000000e+00,2.50000000e+07,1.61874770e-02,-7.17054824e-01,7.33242301e-01,1.00003060e-09
5,1.17411612e-01,3.72054946e-09,94,26,1,79,normal_corr_dominates,2.18432941e+00,1.00000000e+00,2.50000008e+07,8.49229118e-01,-7.17054824e-01,1.56628394e+00,1.00002032e-09
5,1.17411612e-01,3.72054946e-09,94,26,2,80,normal_corr_dominates,5.88537432e+00,1.00000000e+00,2.49999951e+07,-4.93719087e+00,-7.17054824e-01,-4.22013605e+00,1.00002824e-09
5,1.17411612e-01,3.72054946e-09,94,28,0,84,normal_corr_dominates,5.45414891e+00,1.00000000e+00,2.49999906e+07,-9.41221633e+00,-1.45832029e+00,-7.95389604e+00,1.00003573e-09
5,1.17411612e-01,3.72054946e-09,94,28,2,86,normal_corr_dominates,1.42870125e+00,1.00000000e+00,2.50000006e+07,6.25183736e-01,-1.45832029e+00,2.08350403e+00,1.00002209e-09
5,1.17411612e-01,3.72054946e-09,94,29,0,87,normal_corr_dominates,5.27127548e+00,1.00000000e+00,2.50000022e+07,2.23150691e+00,-5.22445092e-01,2.75395200e+00,1.00003225e-09
5,1.17411612e-01,3.72054946e-09,94,29,1,88,corr_ratio_high,7.46256483e-01,5.00000000e-01,2.49999998e+07,-1.80243387e-01,-5.22445092e-01,3.42201704e-01,1.00001603e-09
5,1.17411612e-01,3.72054946e-09,94,29,2,89,normal_corr_dominates,4.58268262e+00,1.00000000e+00,2.49999971e+07,-2.91664513e+00,-5.22445092e-01,-2.39420004e+00,1.00002309e-09
5,1.17411612e-01,3.72054946e-09,94,30,1,91,normal_corr_dominates,1.64398267e+00,1.00000000e+00,2.49999968e+07,-3.15822435e+00,-1.19449510e+00,-1.96372925e+00,1.00002486e-09
5,1.17411612e-01,3.72054946e-09,94,32,0,96,normal_corr_dominates,1.24230781e+02,1.00000000e+00,2.49999940e+07,-6.04942484e+00,-4.83062135e-02,-6.00111863e+00,1.00002959e-09
5,1.17411612e-01,3.72054946e-09,94,32,1,97,normal_corr_dominates,6.09326458e+01,1.00000000e+00,2.50000029e+07,2.89511918e+00,-4.83062135e-02,2.94342539e+00,1.00002698e-09
5,1.17411612e-01,3.72054946e-09,94,32,2,98,normal_corr_dominates,1.48730902e+01,1.00000000e+00,2.49999992e+07,-7.66768883e-01,-4.83062135e-02,-7.18462669e-01,1.00001700e-09
5,1.17411612e-01,3.72054946e-09,94,32,2,98,corr_ratio_high,7.94782496e-01,5.00000000e-01,2.49999992e+07,-7.66768883e-01,-4.83062135e-02,-7.18462669e-01,1.00001700e-09
5,1.17411612e-01,3.72054946e-09,94,31,1,94,normal_corr_dominates,2.06006428e+00,1.00000000e+00,2.50000010e+07,1.00140747e+00,-9.44666744e-01,1.94607422e+00,1.00002926e-09
5,1.17411612e-01,3.72054946e-09,94,31,2,95,normal_corr_dominates,3.26805647e+00,1.00000000e+00,2.49999960e+07,-4.03189101e+00,-9.44666744e-01,-3.08722426e+00,1.00002823e-09
5,1.17411612e-01,3.72054946e-09,94,12,0,36,normal_corr_dominates,1.44900402e+00,1.00000000e+00,2.50000011e+07,1.12082815e+00,-2.49625415e+00,3.61708229e+00,1.00003884e-09
5,1.17411612e-01,3.72054946e-09,94,12,2,38,normal_corr_dominates,2.31193935e+00,1.00000000e+00,2.50000033e+07,3.27493404e+00,-2.49625415e+00,5.77118819e+00,1.00001041e-09
5,1.17411612e-01,3.72054946e-09,94,12,2,38,corr_ratio_high,1.53733152e+00,5.00000000e-01,2.50000033e+07,3.27493404e+00,-2.49625415e+00,5.77118819e+00,1.00001041e-09
6,1.50778653e-01,4.77788721e-09,94,0,0,0,normal_corr_dominates,8.29774103e+00,1.00000000e+00,2.49999937e+07,-6.25915748e+00,-6.73191205e-01,-5.58596628e+00,1.00002640e-09
6,1.50778653e-01,4.77788721e-09,94,0,1,1,normal_corr_dominates,7.21708996e+00,1.00000000e+00,2.50000042e+07,4.18529028e+00,-6.73191205e-01,4.85848149e+00,1.00001782e-09
6,1.50778653e-01,4.77788721e-09,94,0,2,2,normal_corr_dominates,3.41652397e+00,1.00000000e+00,2.50000016e+07,1.62678268e+00,-6.73191205e-01,2.29997389e+00,1.00004147e-09
6,1.50778653e-01,4.77788721e-09,94,1,0,3,normal_corr_dominates,2.22114764e+00,1.00000000e+00,2.50000016e+07,1.55866161e+00,-1.27639079e+00,2.83505240e+00,1.00003528e-09
6,1.50778653e-01,4.77788721e-09,94,1,1,4,normal_corr_dominates,5.33599285e+00,1.00000000e+00,2.50000055e+07,5.53442136e+00,-1.27639079e+00,6.81081215e+00,1.00002500e-09
6,1.50778653e-01,4.77788721e-09,94,1,2,5,normal_corr_dominates,4.00477978e+00,1.00000000e+00,2.49999936e+07,-6.38805484e+00,-1.27639079e+00,-5.11166404e+00,1.00003799e-09
6,1.50778653e-01,4.77788721e-09,94,2,0,6,normal_corr_dominates,1.20661353e+01,1.00000000e+00,2.50000072e+07,7.20298724e+00,-6.50903593e-01,7.85389083e+00,1.00001590e-09
6,1.50778653e-01,4.77788721e-09,94,2,0,6,corr_ratio_high,6.08442406e-01,5.00000000e-01,2.50000072e+07,7.20298724e+00,-6.50903593e-01,7.85389083e+00,1.00001590e-09
6,1.50778653e-01,4.77788721e-09,94,2,1,7,normal_corr_dominates,2.89008962e+00,1.00000000e+00,2.49999975e+07,-2.53207331e+00,-6.50903593e-01,-1.88116972e+00,1.00004435e-09
6,1.50778653e-01,4.77788721e-09,94,2,2,8,normal_corr_dominates,3.12665331e+00,1.00000000e+00,2.49999973e+07,-2.68605347e+00,-6.50903593e-01,-2.03514987e+00,1.00003219e-09
6,1.50778653e-01,4.77788721e-09,94,3,0,9,normal_corr_dominates,5.50015789e+00,1.00000000e+00,2.49999937e+07,-6.28321145e+00,-9.66624436e-01,-5.31658702e+00,1.00002765e-09
6,1.50778653e-01,4.77788721e-09,94,3,1,10,normal_corr_dominates,3.20420361e+00,1.00000000e+00,2.50000021e+07,2.13063707e+00,-9.66624436e-01,3.09726151e+00,1.00003807e-09
6,1.50778653e-01,4.77788721e-09,94,3,2,11,normal_corr_dominates,5.82947032e+00,1.00000000e+00,2.50000047e+07,4.66828402e+00,-9.66624436e-01,5.63490845e+00,1.00002840e-09
6,1.50778653e-01,4.77788721e-09,94,4,0,12,normal_corr_dominates,4.83136578e+00,1.00000000e+00,2.50000019e+07,1.93397599e+00,-5.04774563e-01,2.43875055e+00,1.00002474e-09
6,1.50778653e-01,4.77788721e-09,94,4,1,13,normal_corr_dominates,6.99117607e+00,1.00000000e+00,2.49999960e+07,-4.03374241e+00,-5.04774563e-01,-3.52896785e+00,1.00002679e-09
6,1.50778653e-01,4.77788721e-09,94,4,2,14,normal_corr_dominates,7.14077177e+00,1.00000000e+00,2.50000031e+07,3.09970538e+00,-5.04774563e-01,3.60447995e+00,1.00002520e-09
6,1.50778653e-01,4.77788721e-09,94,5,0,15,normal_corr_dominates,1.46281381e+00,1.00000000e+00,2.50000010e+07,9.50312525e-01,-2.05333659e+00,3.00364911e+00,1.00002617e-09
6,1.50778653e-01,4.77788721e-09,94,5,1,16,normal_corr_dominates,2.19815163e+00,1.00000000e+00,2.49999934e+07,-6.56688175e+00,-2.05333659e+00,-4.51354516e+00,1.00001726e-09
6,1.50778653e-01,4.77788721e-09,94,5,1,16,corr_ratio_high,9.21173594e-01,5.00000000e-01,2.49999934e+07,-6.56688175e+00,-2.05333659e+00,-4.51354516e+00,1.00001726e-09
6,1.50778653e-01,4.77788721e-09,94,5,2,17,normal_corr_dominates,2.30617335e+00,1.00000000e+00,2.50000027e+07,2.68201352e+00,-2.05333659e+00,4.73535011e+00,1.00002854e-09
6,1.50778653e-01,4.77788721e-09,94,8,0,24,normal_corr_dominates,3.34701831e+00,1.00000000e+00,2.50000020e+07,2.01253276e+00,-8.57484899e-01,2.87001765e+00,1.00003305e-09
6,1.50778653e-01,4.77788721e-09,94,8,1,25,normal_corr_dominates,1.61509290e+00,1.00000000e+00,2.50000005e+07,5.27432874e-01,-8.57484899e-01,1.38491777e+00,1.00002840e-09
6,1.50778653e-01,4.77788721e-09,94,8,2,26,normal_corr_dominates,4.57502609e+00,1.00000000e+00,2.49999952e+07,-4.78050068e+00,-8.57484899e-01,-3.92301578e+00,1.00003759e-09
6,1.50778653e-01,4.77788721e-09,94,9,0,27,normal_corr_dominates,2.79232986e+00,1.00000000e+00,2.49999949e+07,-5.14471448e+00,-1.35661049e+00,-3.78810398e+00,1.00003399e-09
6,1.50778653e-01,4.77788721e-09,94,9,1,28,normal_corr_dominates,4.15995428e+00,1.00000000e+00,2.50000043e+07,4.28682714e+00,-1.35661049e+00,5.64343763e+00,1.00002597e-09
6,1.50778653e-01,4.77788721e-09,94,9,2,29,normal_corr_dominates,3.37527003e+00,1.00000000e+00,2.49999941e+07,-5.93553724e+00,-1.35661049e+00,-4.57892674e+00,1.00003943e-09
6,1.50778653e-01,4.77788721e-09,94,10,0,30,normal_corr_dominates,1.10601653e+00,1.00000000e+00,2.49999969e+07,-3.05826035e+00,-1.45215401e+00,-1.60610634e+00,1.00001956e-09
6,1.50778653e-01,4.77788721e-09,94,10,0,30,corr_ratio_high,7.68632524e-01,5.00000000e-01,2.49999969e+07,-3.05826035e+00,-1.45215401e+00,-1.60610634e+00,1.00001956e-09
6,1.50778653e-01,4.77788721e-09,94,10,2,32,normal_corr_dominates,3.43141382e+00,1.00000000e+00,2.50000035e+07,3.53078733e+00,-1.45215401e+00,4.98294134e+00,1.00003036e-09
6,1.50778653e-01,4.77788721e-09,94,13,2,41,normal_corr_dominates,1.32871296e+00,1.00000000e+00,2.50000006e+07,5.83550508e-01,-1.77525862e+00,2.35880913e+00,1.00002909e-09
6,1.50778653e-01,4.77788721e-09,94,14,0,42,normal_corr_dominates,4.97400513e+00,1.00000000e+00,2.50000063e+07,6.32414387e+00,-1.59137788e+00,7.91552175e+00,1.00005434e-09
6,1.50778653e-01,4.77788721e-09,94,14,1,43,normal_corr_dominates,6.74256203e+00,1.00000000e+00,2.49999877e+07,-1.23213420e+01,-1.59137788e+00,-1.07299641e+01,1.00003346e-09
6,1.50778653e-01,4.77788721e-09,94,14,2,44,normal_corr_dominates,2.38812519e+00,1.00000000e+00,2.50000022e+07,2.20903173e+00,-1.59137788e+00,3.80040962e+00,1.00002134e-09
6,1.50778653e-01,4.77788721e-09,94,14,2,44,corr_ratio_high,6.57361236e-01,5.00000000e-01,2.50000022e+07,2.20903173e+00,-1.59137788e+00,3.80040962e+00,1.00002134e-09
6,1.50778653e-01,4.77788721e-09,94,15,0,45,normal_corr_dominates,6.89860353e+00,1.00000000e+00,2.50000068e+07,6.80812990e+00,-1.15419351e+00,7.96232341e+00,1.00001975e-09
6,1.50778653e-01,4.77788721e-09,94,15,1,46,normal_corr_dominates,1.22987817e+00,1.00000000e+00,2.50000003e+07,2.65323895e-01,-1.15419351e+00,1.41951740e+00,1.00002726e-09
6,1.50778653e-01,4.77788721e-09,94,15,2,47,normal_corr_dominates,3.55673255e+00,1.00000000e+00,2.49999947e+07,-5.25935113e+00,-1.15419351e+00,-4.10515763e+00,1.00003261e-09
6,1.50778653e-01,4.77788721e-09,94,17,0,51,normal_corr_dominates,5.57895948e+00,1.00000000e+00,2.49999945e+07,-5.49410260e+00,-8.35102059e-01,-4.65900055e+00,1.00002460e-09
6,1.50778653e-01,4.77788721e-09,94,17,0,51,corr_ratio_high,5.01186227e-01,5.00000000e-01,2.49999945e+07,-5.49410260e+00,-8.35102059e-01,-4.65900055e+00,1.00002460e-09
6,1.50778653e-01,4.77788721e-09,94,17,1,52,normal_corr_dominates,5.44564866e+00,1.00000000e+00,2.49999946e+07,-5.38277446e+00,-8.35102059e-01,-4.54767240e+00,1.00002788e-09
6,1.50778653e-01,4.77788721e-09,94,17,2,53,normal_corr_dominates,7.96508214e+00,1.00000000e+00,2.50000058e+07,5.81655444e+00,-8.35102059e-01,6.65165649e+00,1.00003057e-09
6,1.50778653e-01,4.77788721e-09,94,18,0,54,normal_corr_dominates,2.17563386e+00,1.00000000e+00,2.50000009e+07,8.53491621e-01,-7.25984211e-01,1.57947583e+00,1.00002488e-09
6,1.50778653e-01,4.77788721e-09,94,18,1,55,normal_corr_dominates,2.90482607e+00,1.00000000e+00,2.50000014e+07,1.38287365e+00,-7.25984211e-01,2.10885786e+00,1.00002585e-09
6,1.50778653e-01,4.77788721e-09,94,18,2,56,normal_corr_dominates,4.05823767e+00,1.00000000e+00,2.49999963e+07,-3.67220068e+00,-7.25984211e-01,-2.94621647e+00,1.00002787e-09
6,1.50778653e-01,4.77788721e-09,94,19,0,57,normal_corr_dominates,5.77415388e+00,1.00000000e+00,2.49999923e+07,-7.68882472e+00,-1.13502363e+00,-6.55380109e+00,1.00000785e-09
6,1.50778653e-01,4.77788721e-09,94,19,0,57,corr_ratio_high,2.34106919e+00,5.00000000e-01,2.49999923e+07,-7.68882472e+00,-1.13502363e+00,-6.55380109e+00,1.00000785e-09
6,1.50778653e-01,4.77788721e-09,94,19,1,58,normal_corr_dominates,4.55816169e+00,1.00000000e+00,2.50000040e+07,4.03859760e+00,-1.13502363e+00,5.17362123e+00,1.00002808e-09
6,1.50778653e-01,4.77788721e-09,94,20,0,60,normal_corr_dominates,2.01845805e+00,1.00000000e+00,2.50000008e+07,7.56690359e-01,-7.42976461e-01,1.49966682e+00,1.00002439e-09
6,1.50778653e-01,4.77788721e-09,94,20,1,61,normal_corr_dominates,3.30087682e+00,1.00000000e+00,2.49999968e+07,-3.19545024e+00,-7.42976461e-01,-2.45247378e+00,1.00002800e-09
6,1.50778653e-01,4.77788721e-09,94,20,2,62,normal_corr_dominates,4.83363491e+00,1.00000000e+00,2.49999957e+07,-4.33425343e+00,-7.42976461e-01,-3.59127696e+00,1.00002922e-09
6,1.50778653e-01,4.77788721e-09,94,21,2,65,normal_corr_dominates,2.85760376e+00,1.00000000e+00,2.50000036e+07,3.55645846e+00,-1.91454095e+00,5.47099941e+00,1.00002362e-09
6,1.50778653e-01,4.77788721e-09,94,22,2,68,normal_corr_dominates,2.28679463e+00,1.00000000e+00,2.49999950e+07,-4.96805154e+00,-1.51151870e+00,-3.45653284e+00,1.00002831e-09
6,1.50778653e-01,4.77788721e-09,94,23,0,69,normal_corr_dominates,3.16834645e+00,1.00000000e+00,2.49999961e+07,-3.88122924e+00,-9.31119637e-01,-2.95010960e+00,1.00003202e-09
6,1.50778653e-01,4.77788721e-09,94,23,1,70,normal_corr_dominates,1.11623796e+00,1.00000000e+00,2.50000001e+07,1.08231446e-01,-9.31119637e-01,1.03935108e+00,1.00003371e-09
6,1.50778653e-01,4.77788721e-09,94,23,2,71,normal_corr_dominates,3.32756627e+00,1.00000000e+00,2.50000022e+07,2.16724266e+00,-9.31119637e-01,3.09836230e+00,1.00002825e-09
6,1.50778653e-01,4.77788721e-09,94,25,0,75,normal_corr_dominates,1.52432508e+01,1.00000000e+00,2.50000048e+07,4.77488130e+00,-3.35238168e-01,5.11011947e+00,1.00003673e-09
6,1.50778653e-01,4.77788721e-09,94,25,1,76,normal_corr_dominates,1.78649236e+01,1.00000000e+00,2.49999937e+07,-6.32424242e+00,-3.35238168e-01,-5.98900425e+00,1.00003052e-09
6,1.50778653e-01,4.77788721e-09,94,25,1,76,corr_ratio_high,6.08595451e-01,5.00000000e-01,2.49999937e+07,-6.32424242e+00,-3.35238168e-01,-5.98900425e+00,1.00003052e-09
6,1.50778653e-01,4.77788721e-09,94,25,2,77,normal_corr_dominates,1.47045017e+01,1.00000000e+00,2.49999947e+07,-5.26474839e+00,-3.35238168e-01,-4.92951022e+00,1.00003781e-09
6,1.50778653e-01,4.77788721e-09,94,26,0,78,normal_corr_dominates,1.03329876e+00,1.00000000e+00,2.50000000e+07,3.02848154e-02,-9.09487825e-01,9.39772641e-01,1.00003899e-09
6,1.50778653e-01,4.77788721e-09,94,26,1,79,normal_corr_dominates,2.19360382e+00,1.00000000e+00,2.50000011e+07,1.08556815e+00,-9.09487825e-01,1.99505597e+00,1.00002591e-09
6,1.50778653e-01,4.77788721e-09,94,26,2,80,normal_corr_dominates,5.92244904e+00,1.00000000e+00,2.49999937e+07,-6.29588312e+00,-9.09487825e-01,-5.38639530e+00,1.00003598e-09
6,1.50778653e-01,4.77788721e-09,94,28,0,84,normal_corr_dominates,5.45922276e+00,1.00000000e+00,2.49999880e+07,-1.19975381e+01,-1.85742752e+00,-1.01401106e+01,1.00004555e-09
6,1.50778653e-01,4.77788721e-09,94,28,2,86,normal_corr_dominates,1.42978894e+00,1.00000000e+00,2.50000008e+07,7.98301796e-01,-1.85742752e+00,2.65572931e+00,1.00002814e-09
6,1.50778653e-01,4.77788721e-09,94,29,0,87,normal_corr_dominates,5.28468025e+00,1.00000000e+00,2.50000028e+07,2.84593795e+00,-6.64212446e-01,3.51015040e+00,1.00004110e-09
6,1.50778653e-01,4.77788721e-09,94,29,1,88,corr_ratio_high,7.46236289e-01,5.00000000e-01,2.49999998e+07,-2.26117625e-01,-6.64212446e-01,4.38094821e-01,1.00002043e-09
6,1.50778653e-01,4.77788721e-09,94,29,2,89,normal_corr_dominates,4.59418256e+00,1.00000000e+00,2.49999963e+07,-3.71572568e+00,-6.64212446e-01,-3.05151324e+00,1.00002942e-09
6,1.50778653e-01,4.77788721e-09,94,30,1,91,normal_corr_dominates,1.64739793e+00,1.00000000e+00,2.49999960e+07,-4.02041565e+00,-1.51862914e+00,-2.50178651e+00,1.00003168e-09
6,1.50778653e-01,4.77788721e-09,94,32,0,96,normal_corr_dominates,1.26400361e+02,1.00000000e+00,2.49999923e+07,-7.71067396e+00,-6.05231718e-02,-7.65015079e+00,1.00003770e-09
6,1.50778653e-01,4.77788721e-09,94,32,1,97,normal_corr_dominates,6.19828282e+01,1.00000000e+00,2.50000037e+07,3.69087419e+00,-6.05231718e-02,3.75139736e+00,1.00003438e-09
6,1.50778653e-01,4.77788721e-09,94,32,2,98,normal_corr_dominates,1.50852624e+01,1.00000000e+00,2.49999990e+07,-9.73531097e-01,-6.05231718e-02,-9.13007925e-01,1.00002166e-09
6,1.50778653e-01,4.77788721e-09,94,32,2,98,corr_ratio_high,7.95371082e-01,5.00000000e-01,2.49999990e+07,-9.73531097e-01,-6.05231718e-02,-9.13007925e-01,1.00002166e-09
6,1.50778653e-01,4.77788721e-09,94,31,1,94,normal_corr_dominates,2.06736551e+00,1.00000000e+00,2.50000013e+07,1.27961125e+00,-1.19885010e+00,2.47846134e+00,1.00003728e-09
6,1.50778653e-01,4.77788721e-09,94,31,2,95,normal_corr_dominates,3.28672055e+00,1.00000000e+00,2.49999949e+07,-5.13913535e+00,-1.19885010e+00,-3.94028525e+00,1.00003598e-09
6,1.50778653e-01,4.77788721e-09,94,12,0,36,normal_corr_dominates,1.45144467e+00,1.00000000e+00,2.50000014e+07,1.43422387e+00,-3.17696492e+00,4.61118879e+00,1.00004948e-09
6,1.50778653e-01,4.77788721e-09,94,12,2,38,normal_corr_dominates,2.31589426e+00,1.00000000e+00,2.50000042e+07,4.18054992e+00,-3.17696492e+00,7.35751485e+00,1.00001328e-09
6,1.50778653e-01,4.77788721e-09,94,12,2,38,corr_ratio_high,1.53580065e+00,5.00000000e-01,2.50000042e+07,4.18054992e+00,-3.17696492e+00,7.35751485e+00,1.00001328e-09
7,1.79553469e-01,5.68970609e-09,94,0,0,0,normal_corr_dominates,8.32721531e+00,1.00000000e+00,2.49999926e+07,-7.41273198e+00,-7.94742239e-01,-6.61798974e+00,1.00003126e-09
7,1.79553469e-01,5.68970609e-09,94,0,1,1,normal_corr_dominates,7.23389734e+00,1.00000000e+00,2.50000050e+07,4.95434153e+00,-7.94742239e-01,5.74908377e+00,1.00002111e-09
7,1.79553469e-01,5.68970609e-09,94,0,2,2,normal_corr_dominates,3.43797371e+00,1.00000000e+00,2.50000019e+07,1.93756069e+00,-7.94742239e-01,2.73230292e+00,1.00004907e-09
7,1.79553469e-01,5.68970609e-09,94,1,0,3,normal_corr_dominates,2.22790650e+00,1.00000000e+00,2.50000019e+07,1.85184033e+00,-1.50812813e+00,3.35996847e+00,1.00004176e-09
7,1.79553469e-01,5.68970609e-09,94,1,1,4,normal_corr_dominates,5.35086834e+00,1.00000000e+00,2.50000066e+07,6.56166694e+00,-1.50812813e+00,8.06979508e+00,1.00002958e-09
7,1.79553469e-01,5.68970609e-09,94,1,2,5,normal_corr_dominates,4.01597031e+00,1.00000000e+00,2.49999924e+07,-7.56472593e+00,-1.50812813e+00,-6.05659780e+00,1.00004497e-09
7,1.79553469e-01,5.68970609e-09,94,2,0,6,normal_corr_dominates,1.20996564e+01,1.00000000e+00,2.50000085e+07,8.52789915e+00,-7.68302982e-01,9.29620213e+00,1.00001882e-09
7,1.79553469e-01,5.68970609e-09,94,2,0,6,corr_ratio_high,6.08070956e-01,5.00000000e-01,2.50000085e+07,8.52789915e+00,-7.68302982e-01,9.29620213e+00,1.00001882e-09
7,1.79553469e-01,5.68970609e-09,94,2,1,7,normal_corr_dominates,2.88884198e+00,1.00000000e+00,2.49999970e+07,-2.98780889e+00,-7.68302982e-01,-2.21950591e+00,1.00005248e-09
7,1.79553469e-01,5.68970609e-09,94,2,2,8,normal_corr_dominates,3.13683971e+00,1.00000000e+00,2.49999968e+07,-3.17834628e+00,-7.68302982e-01,-2.41004330e+00,1.00003811e-09
7,1.79553469e-01,5.68970609e-09,94,3,0,9,normal_corr_dominates,5.51422875e+00,1.00000000e+00,2.49999926e+07,-7.44106350e+00,-1.14227851e+00,-6.29878499e+00,1.00003273e-09
7,1.79553469e-01,5.68970609e-09,94,3,1,10,normal_corr_dominates,3.21587475e+00,1.00000000e+00,2.50000025e+07,2.53114610e+00,-1.14227851e+00,3.67342461e+00,1.00004505e-09
7,1.79553469e-01,5.68970609e-09,94,3,2,11,normal_corr_dominates,5.84436068e+00,1.00000000e+00,2.50000055e+07,5.53360909e+00,-1.14227851e+00,6.67588760e+00,1.00003360e-09
7,1.79553469e-01,5.68970609e-09,94,4,0,12,normal_corr_dominates,4.85248057e+00,1.00000000e+00,2.50000023e+07,2.29312050e+00,-5.95232204e-01,2.88835270e+00,1.00002929e-09
7,1.79553469e-01,5.68970609e-09,94,4,1,13,normal_corr_dominates,7.02160642e+00,1.00000000e+00,2.49999952e+07,-4.77471847e+00,-5.95232204e-01,-4.17948627e+00,1.00003171e-09
7,1.79553469e-01,5.68970609e-09,94,4,2,14,normal_corr_dominates,7.16560207e+00,1.00000000e+00,2.50000037e+07,3.66996491e+00,-5.95232204e-01,4.26519712e+00,1.00002984e-09
7,1.79553469e-01,5.68970609e-09,94,5,0,15,normal_corr_dominates,1.46471745e+00,1.00000000e+00,2.50000011e+07,1.12916262e+00,-2.42978311e+00,3.55894573e+00,1.00003098e-09
7,1.79553469e-01,5.68970609e-09,94,5,1,16,normal_corr_dominates,2.20039055e+00,1.00000000e+00,2.49999922e+07,-7.77625491e+00,-2.42978311e+00,-5.34647180e+00,1.00002044e-09
7,1.79553469e-01,5.68970609e-09,94,5,1,16,corr_ratio_high,9.20337100e-01,5.00000000e-01,2.49999922e+07,-7.77625491e+00,-2.42978311e+00,-5.34647180e+00,1.00002044e-09
7,1.79553469e-01,5.68970609e-09,94,5,2,17,normal_corr_dominates,2.30726724e+00,1.00000000e+00,2.50000032e+07,3.17637587e+00,-2.42978311e+00,5.60615898e+00,1.00003378e-09
7,1.79553469e-01,5.68970609e-09,94,8,0,24,normal_corr_dominates,3.36265552e+00,1.00000000e+00,2.50000024e+07,2.38980969e+00,-1.01149307e+00,3.40130276e+00,1.00003912e-09
7,1.79553469e-01,5.68970609e-09,94,8,1,25,normal_corr_dominates,1.61929752e+00,1.00000000e+00,2.50000006e+07,6.26415152e-01,-1.01149307e+00,1.63790822e+00,1.00003362e-09
7,1.79553469e-01,5.68970609e-09,94,8,2,26,normal_corr_dominates,4.59509551e+00,1.00000000e+00,2.49999943e+07,-5.65940034e+00,-1.01149307e+00,-4.64790727e+00,1.00004449e-09
7,1.79553469e-01,5.68970609e-09,94,9,0,27,normal_corr_dominates,2.79469015e+00,1.00000000e+00,2.49999939e+07,-6.08224455e+00,-1.60283035e+00,-4.47941420e+00,1.00004021e-09
7,1.79553469e-01,5.68970609e-09,94,9,1,28,normal_corr_dominates,4.17179120e+00,1.00000000e+00,2.50000051e+07,5.08384321e+00,-1.60283035e+00,6.68667356e+00,1.00003074e-09
7,1.79553469e-01,5.68970609e-09,94,9,2,29,normal_corr_dominates,3.38598511e+00,1.00000000e+00,2.49999930e+07,-7.02999006e+00,-1.60283035e+00,-5.42715971e+00,1.00004667e-09
7,1.79553469e-01,5.68970609e-09,94,10,0,30,normal_corr_dominates,1.11350930e+00,1.00000000e+00,2.49999964e+07,-3.62387875e+00,-1.71462636e+00,-1.90925239e+00,1.00002317e-09
7,1.79553469e-01,5.68970609e-09,94,10,0,30,corr_ratio_high,7.67099211e-01,5.00000000e-01,2.49999964e+07,-3.62387875e+00,-1.71462636e+00,-1.90925239e+00,1.00002317e-09
7,1.79553469e-01,5.68970609e-09,94,10,2,32,normal_corr_dominates,3.44236256e+00,1.00000000e+00,2.50000042e+07,4.18773922e+00,-1.71462636e+00,5.90236557e+00,1.00003593e-09
7,1.79553469e-01,5.68970609e-09,94,13,2,41,normal_corr_dominates,1.32978029e+00,1.00000000e+00,2.50000007e+07,6.92246089e-01,-2.09911299e+00,2.79135908e+00,1.00003442e-09
7,1.79553469e-01,5.68970609e-09,94,14,0,42,normal_corr_dominates,4.98422493e+00,1.00000000e+00,2.50000075e+07,7.49173217e+00,-1.88034870e+00,9.37208087e+00,1.00006430e-09
7,1.79553469e-01,5.68970609e-09,94,14,1,43,normal_corr_dominates,6.75744817e+00,1.00000000e+00,2.49999854e+07,-1.45867076e+01,-1.88034870e+00,-1.27063589e+01,1.00003962e-09
7,1.79553469e-01,5.68970609e-09,94,14,2,44,normal_corr_dominates,2.39221822e+00,1.00000000e+00,2.50000026e+07,2.61785572e+00,-1.88034870e+00,4.49820442e+00,1.00002526e-09
7,1.79553469e-01,5.68970609e-09,94,14,2,44,corr_ratio_high,6.57702689e-01,5.00000000e-01,2.50000026e+07,2.61785572e+00,-1.88034870e+00,4.49820442e+00,1.00002526e-09
7,1.79553469e-01,5.68970609e-09,94,15,0,45,normal_corr_dominates,6.90743480e+00,1.00000000e+00,2.50000081e+07,8.06141193e+00,-1.36462140e+00,9.42603332e+00,1.00002338e-09
7,1.79553469e-01,5.68970609e-09,94,15,1,46,normal_corr_dominates,1.23376691e+00,1.00000000e+00,2.50000003e+07,3.19003326e-01,-1.36462140e+00,1.68362472e+00,1.00003227e-09
7,1.79553469e-01,5.68970609e-09,94,15,2,47,normal_corr_dominates,3.56198540e+00,1.00000000e+00,2.49999938e+07,-6.22538288e+00,-1.36462140e+00,-4.86076148e+00,1.00003860e-09
7,1.79553469e-01,5.68970609e-09,94,17,0,51,normal_corr_dominates,5.60139022e+00,1.00000000e+00,2.49999935e+07,-6.50704614e+00,-9.85708453e-01,-5.52133769e+00,1.00002913e-09
7,1.79553469e-01,5.68970609e-09,94,17,0,51,corr_ratio_high,5.01406332e-01,5.00000000e-01,2.49999935e+07,-6.50704614e+00,-9.85708453e-01,-5.52133769e+00,1.00002913e-09
7,1.79553469e-01,5.68970609e-09,94,17,1,52,normal_corr_dominates,5.46591016e+00,1.00000000e+00,2.49999936e+07,-6.37350230e+00,-9.85708453e-01,-5.38779385e+00,1.00003300e-09
7,1.79553469e-01,5.68970609e-09,94,17,2,53,normal_corr_dominates,7.99459822e+00,1.00000000e+00,2.50000069e+07,6.89463459e+00,-9.85708453e-01,7.88034305e+00,1.00003616e-09
7,1.79553469e-01,5.68970609e-09,94,18,0,54,normal_corr_dominates,2.18307681e+00,1.00000000e+00,2.50000010e+07,1.01445322e+00,-8.57470292e-01,1.87192351e+00,1.00002944e-09
7,1.79553469e-01,5.68970609e-09,94,18,1,55,normal_corr_dominates,2.91262236e+00,1.00000000e+00,2.50000016e+07,1.64001685e+00,-8.57470292e-01,2.49748715e+00,1.00003060e-09
7,1.79553469e-01,5.68970609e-09,94,18,2,56,normal_corr_dominates,4.06944556e+00,1.00000000e+00,2.49999957e+07,-4.34689896e+00,-8.57470292e-01,-3.48942867e+00,1.00003298e-09
7,1.79553469e-01,5.68970609e-09,94,19,0,57,normal_corr_dominates,5.78265962e+00,1.00000000e+00,2.49999909e+07,-9.10487126e+00,-1.34237479e+00,-7.76249647e+00,1.00000930e-09
7,1.79553469e-01,5.68970609e-09,94,19,0,57,corr_ratio_high,2.33852372e+00,5.00000000e-01,2.49999909e+07,-9.10487126e+00,-1.34237479e+00,-7.76249647e+00,1.00000930e-09
7,1.79553469e-01,5.68970609e-09,94,19,1,58,normal_corr_dominates,4.56257720e+00,1.00000000e+00,2.50000048e+07,4.78231380e+00,-1.34237479e+00,6.12468859e+00,1.00003324e-09
7,1.79553469e-01,5.68970609e-09,94,20,0,60,normal_corr_dominates,2.02548697e+00,1.00000000e+00,2.50000009e+07,8.99759981e-01,-8.77397770e-01,1.77715775e+00,1.00002886e-09
7,1.79553469e-01,5.68970609e-09,94,20,1,61,normal_corr_dominates,3.31162150e+00,1.00000000e+00,2.49999962e+07,-3.78300709e+00,-8.77397770e-01,-2.90560932e+00,1.00003314e-09
7,1.79553469e-01,5.68970609e-09,94,20,2,62,normal_corr_dominates,4.84882478e+00,1.00000000e+00,2.49999949e+07,-5.13174581e+00,-8.77397770e-01,-4.25434804e+00,1.00003459e-09
7,1.79553469e-01,5.68970609e-09,94,21,2,65,normal_corr_dominates,2.86231702e+00,1.00000000e+00,2.50000042e+07,4.21390995e+00,-2.26272429e+00,6.47663424e+00,1.00002796e-09
7,1.79553469e-01,5.68970609e-09,94,22,2,68,normal_corr_dominates,2.28961556e+00,1.00000000e+00,2.49999941e+07,-5.87712449e+00,-1.78656879e+00,-4.09055569e+00,1.00003351e-09
7,1.79553469e-01,5.68970609e-09,94,23,0,69,normal_corr_dominates,3.17585693e+00,1.00000000e+00,2.49999954e+07,-4.58769441e+00,-1.09862347e+00,-3.48907095e+00,1.00003789e-09
7,1.79553469e-01,5.68970609e-09,94,23,1,70,normal_corr_dominates,1.12272920e+00,1.00000000e+00,2.50000001e+07,1.34833179e-01,-1.09862347e+00,1.23345664e+00,1.00003989e-09
7,1.79553469e-01,5.68970609e-09,94,23,2,71,normal_corr_dominates,3.34136615e+00,1.00000000e+00,2.50000026e+07,2.57227979e+00,-1.09862347e+00,3.67090326e+00,1.00003344e-09
7,1.79553469e-01,5.68970609e-09,94,25,0,75,normal_corr_dominates,1.53885376e+01,1.00000000e+00,2.50000057e+07,5.65455080e+00,-3.92989960e-01,6.04754076e+00,1.00004348e-09
7,1.79553469e-01,5.68970609e-09,94,25,1,76,normal_corr_dominates,1.80370064e+01,1.00000000e+00,2.49999925e+07,-7.48135239e+00,-3.92989960e-01,-7.08836243e+00,1.00003611e-09
7,1.79553469e-01,5.68970609e-09,94,25,1,76,corr_ratio_high,6.08973890e-01,5.00000000e-01,2.49999925e+07,-7.48135239e+00,-3.92989960e-01,-7.08836243e+00,1.00003611e-09
7,1.79553469e-01,5.68970609e-09,94,25,2,77,normal_corr_dominates,1.48642430e+01,1.00000000e+00,2.49999938e+07,-6.23448823e+00,-3.92989960e-01,-5.84149827e+00,1.00004475e-09
7,1.79553469e-01,5.68970609e-09,94,26,0,78,normal_corr_dominates,1.04142540e+00,1.00000000e+00,2.50000000e+07,4.44360233e-02,-1.07267569e+00,1.11711171e+00,1.00004613e-09
7,1.79553469e-01,5.68970609e-09,94,26,1,79,normal_corr_dominates,2.20080899e+00,1.00000000e+00,2.50000013e+07,1.28807861e+00,-1.07267569e+00,2.36075430e+00,1.00003067e-09
7,1.79553469e-01,5.68970609e-09,94,26,2,80,normal_corr_dominates,5.95080853e+00,1.00000000e+00,2.49999925e+07,-7.45596333e+00,-1.07267569e+00,-6.38328764e+00,1.00004259e-09
7,1.79553469e-01,5.68970609e-09,94,28,0,84,normal_corr_dominates,5.46315574e+00,1.00000000e+00,2.49999858e+07,-1.42036111e+01,-2.19762786e+00,-1.20059832e+01,1.00005393e-09
7,1.79553469e-01,5.68970609e-09,94,28,2,86,normal_corr_dominates,1.43062166e+00,1.00000000e+00,2.50000009e+07,9.46346147e-01,-2.19762786e+00,3.14397400e+00,1.00003329e-09
7,1.79553469e-01,5.68970609e-09,94,29,0,87,normal_corr_dominates,5.29490913e+00,1.00000000e+00,2.50000034e+07,3.37063089e+00,-7.84796789e-01,4.15542768e+00,1.00004865e-09
7,1.79553469e-01,5.68970609e-09,94,29,1,88,corr_ratio_high,7.46202290e-01,5.00000000e-01,2.49999997e+07,-2.64501577e-01,-7.84796789e-01,5.20295212e-01,1.00002419e-09
7,1.79553469e-01,5.68970609e-09,94,29,2,89,normal_corr_dominates,4.60280186e+00,1.00000000e+00,2.49999956e+07,-4.39706091e+00,-7.84796789e-01,-3.61226412e+00,1.00003482e-09
7,1.79553469e-01,5.68970609e-09,94,30,1,91,normal_corr_dominates,1.64996100e+00,1.00000000e+00,2.49999952e+07,-4.75496883e+00,-1.79435427e+00,-2.96061456e+00,1.00003750e-09
7,1.79553469e-01,5.68970609e-09,94,32,0,96,normal_corr_dominates,1.28138010e+02,1.00000000e+00,2.49999909e+07,-9.12812085e+00,-7.06850048e-02,-9.05743584e+00,1.00004463e-09
7,1.79553469e-01,5.68970609e-09,94,32,1,97,normal_corr_dominates,6.28238990e+01,1.00000000e+00,2.50000044e+07,4.37002260e+00,-7.06850048e-02,4.44070760e+00,1.00004070e-09
7,1.79553469e-01,5.68970609e-09,94,32,2,98,normal_corr_dominates,1.52540254e+01,1.00000000e+00,2.49999989e+07,-1.14891586e+00,-7.06850048e-02,-1.07823086e+00,1.00002563e-09
7,1.79553469e-01,5.68970609e-09,94,32,2,98,corr_ratio_high,7.95808404e-01,5.00000000e-01,2.49999989e+07,-1.14891586e+00,-7.06850048e-02,-1.07823086e+00,1.00002563e-09
7,1.79553469e-01,5.68970609e-09,94,31,1,94,normal_corr_dominates,2.07300042e+00,1.00000000e+00,2.50000015e+07,1.51777275e+00,-1.41451272e+00,2.93228547e+00,1.00004413e-09
7,1.79553469e-01,5.68970609e-09,94,31,2,95,normal_corr_dominates,3.30108506e+00,1.00000000e+00,2.49999939e+07,-6.08393954e+00,-1.41451272e+00,-4.66942681e+00,1.00004259e-09
7,1.79553469e-01,5.68970609e-09,94,12,0,36,normal_corr_dominates,1.45332205e+00,1.00000000e+00,2.50000017e+07,1.70300037e+00,-3.75671195e+00,5.45971232e+00,1.00005856e-09
7,1.79553469e-01,5.68970609e-09,94,12,2,38,normal_corr_dominates,2.31894784e+00,1.00000000e+00,2.50000050e+07,4.95490712e+00,-3.75671195e+00,8.71161907e+00,1.00001573e-09
7,1.79553469e-01,5.68970609e-09,94,12,2,38,corr_ratio_high,1.53455750e+00,5.00000000e-01,2.50000050e+07,4.95490712e+00,-3.75671195e+00,8.71161907e+00,1.00001573e-09
8,2.09311790e-01,6.63269037e-09,94,0,0,0,normal_corr_dominates,8.35442474e+00,1.00000000e+00,2.49999914e+07,-8.59562765e+00,-9.18883618e-01,-7.67674403e+00,1.00003623e-09
8,2.09311790e-01,6.63269037e-09,94,0,1,1,normal_corr_dominates,7.24933275e+00,1.00000000e+00,2.50000057e+07,5.74240948e+00,-9.18883618e-01,6.66129310e+00,1.00002449e-09
8,2.09311790e-01,6.63269037e-09,94,0,2,2,normal_corr_dominates,3.45781356e+00,1.00000000e+00,2.50000023e+07,2.25844461e+00,-9.18883618e-01,3.17732823e+00,1.00005685e-09
8,2.09311790e-01,6.63269037e-09,94,1,0,3,normal_corr_dominates,2.23408662e+00,1.00000000e+00,2.50000022e+07,2.15355787e+00,-1.74506217e+00,3.89862004e+00,1.00004839e-09
8,2.09311790e-01,6.63269037e-09,94,1,1,4,normal_corr_dominates,5.36463178e+00,1.00000000e+00,2.50000076e+07,7.61655379e+00,-1.74506217e+00,9.36161596e+00,1.00003427e-09
8,2.09311790e-01,6.63269037e-09,94,1,2,5,normal_corr_dominates,4.02632050e+00,1.00000000e+00,2.49999912e+07,-8.77124174e+00,-1.74506217e+00,-7.02617958e+00,1.00005212e-09
8,2.09311790e-01,6.63269037e-09,94,2,0,6,normal_corr_dominates,1.21308574e+01,1.00000000e+00,2.50000099e+07,9.88592272e+00,-8.88154644e-01,1.07740774e+01,1.00002183e-09
8,2.09311790e-01,6.63269037e-09,94,2,0,6,corr_ratio_high,6.07702457e-01,5.00000000e-01,2.50000099e+07,9.88592272e+00,-8.88154644e-01,1.07740774e+01,1.00002183e-09
8,2.09311790e-01,6.63269037e-09,94,2,1,7,normal_corr_dominates,2.88780840e+00,1.00000000e+00,2.49999965e+07,-3.45297508e+00,-8.88154644e-01,-2.56482044e+00,1.00006079e-09
8,2.09311790e-01,6.63269037e-09,94,2,2,8,normal_corr_dominates,3.14614762e+00,1.00000000e+00,2.49999963e+07,-3.68242026e+00,-8.88154644e-01,-2.79426562e+00,1.00004418e-09
8,2.09311790e-01,6.63269037e-09,94,3,0,9,normal_corr_dominates,5.52726002e+00,1.00000000e+00,2.49999914e+07,-8.62832036e+00,-1.32189009e+00,-7.30643027e+00,1.00003794e-09
8,2.09311790e-01,6.63269037e-09,94,3,1,10,normal_corr_dominates,3.22665088e+00,1.00000000e+00,2.50000029e+07,2.94338773e+00,-1.32189009e+00,4.26527782e+00,1.00005221e-09
8,2.09311790e-01,6.63269037e-09,94,3,2,11,normal_corr_dominates,5.85815201e+00,1.00000000e+00,2.50000064e+07,6.42194301e+00,-1.32189009e+00,7.74383310e+00,1.00003893e-09
8,2.09311790e-01,6.63269037e-09,94,4,0,12,normal_corr_dominates,4.87203347e+00,1.00000000e+00,2.50000027e+07,2.66186831e+00,-6.87460046e-01,3.34932836e+00,1.00003395e-09
8,2.09311790e-01,6.63269037e-09,94,4,1,13,normal_corr_dominates,7.04982993e+00,1.00000000e+00,2.49999945e+07,-5.53393645e+00,-6.87460046e-01,-4.84647641e+00,1.00003675e-09
8,2.09311790e-01,6.63269037e-09,94,4,2,14,normal_corr_dominates,7.18867010e+00,1.00000000e+00,2.50000043e+07,4.25446343e+00,-6.87460046e-01,4.94192348e+00,1.00003459e-09
8,2.09311790e-01,6.63269037e-09,94,5,0,15,normal_corr_dominates,1.46647770e+00,1.00000000e+00,2.50000013e+07,1.31331353e+00,-2.81538333e+00,4.12869685e+00,1.00003590e-09
8,2.09311790e-01,6.63269037e-09,94,5,1,16,normal_corr_dominates,2.20245256e+00,1.00000000e+00,2.49999910e+07,-9.01613155e+00,-2.81538333e+00,-6.20074822e+00,1.00002370e-09
8,2.09311790e-01,6.63269037e-09,94,5,1,16,corr_ratio_high,9.19519182e-01,5.00000000e-01,2.49999910e+07,-9.01613155e+00,-2.81538333e+00,-6.20074822e+00,1.00002370e-09
8,2.09311790e-01,6.63269037e-09,94,5,2,17,normal_corr_dominates,2.30826573e+00,1.00000000e+00,2.50000037e+07,3.68326952e+00,-2.81538333e+00,6.49865285e+00,1.00003914e-09
8,2.09311790e-01,6.63269037e-09,94,8,0,24,normal_corr_dominates,3.37712393e+00,1.00000000e+00,2.50000028e+07,2.77789089e+00,-1.16859321e+00,3.94648410e+00,1.00004533e-09
8,2.09311790e-01,6.63269037e-09,94,8,1,25,normal_corr_dominates,1.62318040e+00,1.00000000e+00,2.50000007e+07,7.28244385e-01,-1.16859321e+00,1.89683760e+00,1.00003897e-09
8,2.09311790e-01,6.63269037e-09,94,8,2,26,normal_corr_dominates,4.61374171e+00,1.00000000e+00,2.49999934e+07,-6.56018045e+00,-1.16859321e+00,-5.39158724e+00,1.00005156e-09
8,2.09311790e-01,6.63269037e-09,94,9,0,27,normal_corr_dominates,2.79679977e+00,1.00000000e+00,2.49999930e+07,-7.04136234e+00,-1.85455193e+00,-5.18681041e+00,1.00004659e-09
8,2.09311790e-01,6.63269037e-09,94,9,1,28,normal_corr_dominates,4.18278587e+00,1.00000000e+00,2.50000059e+07,5.90264167e+00,-1.85455193e+00,7.75719359e+00,1.00003562e-09
8,2.09311790e-01,6.63269037e-09,94,9,2,29,normal_corr_dominates,3.39591467e+00,1.00000000e+00,2.49999918e+07,-8.15245203e+00,-1.85455193e+00,-6.29790010e+00,1.00005409e-09
8,2.09311790e-01,6.63269037e-09,94,10,0,30,normal_corr_dominates,1.12051074e+00,1.00000000e+00,2.49999958e+07,-4.20440952e+00,-1.98273437e+00,-2.22167515e+00,1.00002688e-09
8,2.09311790e-01,6.63269037e-09,94,10,0,30,corr_ratio_high,7.65643888e-01,5.00000000e-01,2.49999958e+07,-4.20440952e+00,-1.98273437e+00,-2.22167515e+00,1.00002688e-09
8,2.09311790e-01,6.63269037e-09,94,10,2,32,normal_corr_dominates,3.45253020e+00,1.00000000e+00,2.50000049e+07,4.86271592e+00,-1.98273437e+00,6.84545029e+00,1.00004164e-09
8,2.09311790e-01,6.63269037e-09,94,13,2,41,normal_corr_dominates,1.33073920e+00,1.00000000e+00,2.50000008e+07,8.03863848e-01,-2.43050671e+00,3.23437056e+00,1.00003989e-09
8,2.09311790e-01,6.63269037e-09,94,14,0,42,normal_corr_dominates,4.99371118e+00,1.00000000e+00,2.50000087e+07,8.68933299e+00,-2.17575398e+00,1.08650870e+01,1.00007451e-09
8,2.09311790e-01,6.63269037e-09,94,14,1,43,normal_corr_dominates,6.77127802e+00,1.00000000e+00,2.49999831e+07,-1.69083891e+01,-2.17575398e+00,-1.47326351e+01,1.00004593e-09
8,2.09311790e-01,6.63269037e-09,94,14,2,44,normal_corr_dominates,2.39602015e+00,1.00000000e+00,2.50000030e+07,3.03739640e+00,-2.17575398e+00,5.21315038e+00,1.00002927e-09
8,2.09311790e-01,6.63269037e-09,94,14,2,44,corr_ratio_high,6.58013580e-01,5.00000000e-01,2.50000030e+07,3.03739640e+00,-2.17575398e+00,5.21315038e+00,1.00002927e-09
8,2.09311790e-01,6.63269037e-09,94,15,0,45,normal_corr_dominates,6.91554716e+00,1.00000000e+00,2.50000093e+07,9.34619737e+00,-1.57993794e+00,1.09261353e+01,1.00002709e-09
8,2.09311790e-01,6.63269037e-09,94,15,1,46,normal_corr_dominates,1.23734014e+00,1.00000000e+00,2.50000004e+07,3.74982697e-01,-1.57993794e+00,1.95492063e+00,1.00003740e-09
8,2.09311790e-01,6.63269037e-09,94,15,2,47,normal_corr_dominates,3.56677125e+00,1.00000000e+00,2.49999928e+07,-7.21521514e+00,-1.57993794e+00,-5.63527721e+00,1.00004474e-09
8,2.09311790e-01,6.63269037e-09,94,17,0,51,normal_corr_dominates,5.62246566e+00,1.00000000e+00,2.49999925e+07,-7.54592909e+00,-1.13944405e+00,-6.40648504e+00,1.00003377e-09
8,2.09311790e-01,6.63269037e-09,94,17,0,51,corr_ratio_high,5.01610486e-01,5.00000000e-01,2.49999925e+07,-7.54592909e+00,-1.13944405e+00,-6.40648504e+00,1.00003377e-09
8,2.09311790e-01,6.63269037e-09,94,17,1,52,normal_corr_dominates,5.48480765e+00,1.00000000e+00,2.49999926e+07,-7.38907548e+00,-1.13944405e+00,-6.24963143e+00,1.00003826e-09
8,2.09311790e-01,6.63269037e-09,94,17,2,53,normal_corr_dominates,8.02223466e+00,1.00000000e+00,2.50000080e+07,8.00144350e+00,-1.13944405e+00,9.14088755e+00,1.00004190e-09
8,2.09311790e-01,6.63269037e-09,94,18,0,54,normal_corr_dominates,2.18994310e+00,1.00000000e+00,2.50000012e+07,1.18020911e+00,-9.91819787e-01,2.17202890e+00,1.00003412e-09
8,2.09311790e-01,6.63269037e-09,94,18,1,55,normal_corr_dominates,2.91980604e+00,1.00000000e+00,2.50000019e+07,1.90410161e+00,-9.91819787e-01,2.89592140e+00,1.00003547e-09
8,2.09311790e-01,6.63269037e-09,94,18,2,56,normal_corr_dominates,4.07978779e+00,1.00000000e+00,2.49999950e+07,-5.03823405e+00,-9.91819787e-01,-4.04641426e+00,1.00003823e-09
8,2.09311790e-01,6.63269037e-09,94,19,0,57,normal_corr_dominates,5.79051635e+00,1.00000000e+00,2.49999894e+07,-1.05566456e+01,-1.55461603e+00,-9.00202955e+00,1.00001080e-09
8,2.09311790e-01,6.63269037e-09,94,19,0,57,corr_ratio_high,2.33608335e+00,5.00000000e-01,2.49999894e+07,-1.05566456e+01,-1.55461603e+00,-9.00202955e+00,1.00001080e-09
8,2.09311790e-01,6.63269037e-09,94,19,1,58,normal_corr_dominates,4.56663327e+00,1.00000000e+00,2.50000055e+07,5.54474525e+00,-1.55461603e+00,7.09936128e+00,1.00003852e-09
8,2.09311790e-01,6.63269037e-09,94,20,0,60,normal_corr_dominates,2.03199195e+00,1.00000000e+00,2.50000010e+07,1.04716780e+00,-1.01470540e+00,2.06187320e+00,1.00003345e-09
8,2.09311790e-01,6.63269037e-09,94,20,1,61,normal_corr_dominates,3.32165775e+00,1.00000000e+00,2.49999956e+07,-4.38520945e+00,-1.01470540e+00,-3.37050406e+00,1.00003842e-09
8,2.09311790e-01,6.63269037e-09,94,20,2,62,normal_corr_dominates,4.86296174e+00,1.00000000e+00,2.49999941e+07,-5.94917893e+00,-1.01470540e+00,-4.93447353e+00,1.00004009e-09
8,2.09311790e-01,6.63269037e-09,94,21,2,65,normal_corr_dominates,2.86666851e+00,1.00000000e+00,2.50000049e+07,4.88846782e+00,-2.61881945e+00,7.50728727e+00,1.00003241e-09
8,2.09311790e-01,6.63269037e-09,94,22,2,68,normal_corr_dominates,2.29216200e+00,1.00000000e+00,2.49999932e+07,-6.80793471e+00,-2.06792215e+00,-4.74001256e+00,1.00003884e-09
8,2.09311790e-01,6.63269037e-09,94,23,0,69,normal_corr_dominates,3.18272848e+00,1.00000000e+00,2.49999947e+07,-5.31026387e+00,-1.26956935e+00,-4.04069452e+00,1.00004391e-09
8,2.09311790e-01,6.63269037e-09,94,23,1,70,normal_corr_dominates,1.12875042e+00,1.00000000e+00,2.50000002e+07,1.63457584e-01,-1.26956935e+00,1.43302693e+00,1.00004623e-09
8,2.09311790e-01,6.63269037e-09,94,23,2,71,normal_corr_dominates,3.35419444e+00,1.00000000e+00,2.50000030e+07,2.98881310e+00,-1.26956935e+00,4.25838245e+00,1.00003875e-09
8,2.09311790e-01,6.63269037e-09,94,25,0,75,normal_corr_dominates,1.55265385e+01,1.00000000e+00,2.50000066e+07,6.55653611e+00,-4.51348826e-01,7.00788494e+00,1.00005040e-09
8,2.09311790e-01,6.63269037e-09,94,25,1,76,normal_corr_dominates,1.82004161e+01,1.00000000e+00,2.49999913e+07,-8.66608528e+00,-4.51348826e-01,-8.21473645e+00,1.00004185e-09
8,2.09311790e-01,6.63269037e-09,94,25,1,76,corr_ratio_high,6.09320194e-01,5.00000000e-01,2.49999913e+07,-8.66608528e+00,-4.51348826e-01,-8.21473645e+00,1.00004185e-09
8,2.09311790e-01,6.63269037e-09,94,25,2,77,normal_corr_dominates,1.50159041e+01,1.00000000e+00,2.49999928e+07,-7.22875951e+00,-4.51348826e-01,-6.77741069e+00,1.00005187e-09
8,2.09311790e-01,6.63269037e-09,94,26,0,78,normal_corr_dominates,1.04895768e+00,1.00000000e+00,2.50000001e+07,6.06635561e-02,-1.23910192e+00,1.29976548e+00,1.00005345e-09
8,2.09311790e-01,6.63269037e-09,94,26,1,79,normal_corr_dominates,2.20762443e+00,1.00000000e+00,2.50000015e+07,1.49636975e+00,-1.23910192e+00,2.73547167e+00,1.00003556e-09
8,2.09311790e-01,6.63269037e-09,94,26,2,80,normal_corr_dominates,5.97727981e+00,1.00000000e+00,2.49999914e+07,-8.64556081e+00,-1.23910192e+00,-7.40645889e+00,1.00004935e-09
8,2.09311790e-01,6.63269037e-09,94,28,0,84,normal_corr_dominates,5.46686197e+00,1.00000000e+00,2.49999835e+07,-1.64646180e+01,-2.54599806e+00,-1.39186200e+01,1.00006251e-09
8,2.09311790e-01,6.63269037e-09,94,28,2,86,normal_corr_dominates,1.43139540e+00,1.00000000e+00,2.50000011e+07,1.09833184e+00,-2.54599806e+00,3.64432990e+00,1.00003857e-09
8,2.09311790e-01,6.63269037e-09,94,29,0,87,normal_corr_dominates,5.30440802e+00,1.00000000e+00,2.50000039e+07,3.90872129e+00,-9.08074064e-01,4.81679535e+00,1.00005639e-09
8,2.09311790e-01,6.63269037e-09,94,29,1,88,corr_ratio_high,7.46155293e-01,5.00000000e-01,2.49999997e+07,-3.03243115e-01,-9.08074064e-01,6.04830949e-01,1.00002804e-09
8,2.09311790e-01,6.63269037e-09,94,29,2,89,normal_corr_dominates,4.61067992e+00,1.00000000e+00,2.49999949e+07,-5.09491292e+00,-9.08074064e-01,-4.18683886e+00,1.00004035e-09
8,2.09311790e-01,6.63269037e-09,94,30,1,91,normal_corr_dominates,1.65230887e+00,1.00000000e+00,2.49999945e+07,-5.50686921e+00,-2.07625487e+00,-3.43061434e+00,1.00004345e-09
8,2.09311790e-01,6.63269037e-09,94,32,0,96,normal_corr_dominates,1.29816319e+02,1.00000000e+00,2.49999894e+07,-1.05807703e+01,-8.08826484e-02,-1.04998877e+01,1.00005173e-09
8,2.09311790e-01,6.63269037e-09,94,32,1,97,normal_corr_dominates,6.36361101e+01,1.00000000e+00,2.50000051e+07,5.06617447e+00,-8.08826484e-02,5.14705712e+00,1.00004718e-09
8,2.09311790e-01,6.63269037e-09,94,32,2,98,normal_corr_dominates,1.54157746e+01,1.00000000e+00,2.49999987e+07,-1.32775132e+00,-8.08826484e-02,-1.24686868e+00,1.00002970e-09
8,2.09311790e-01,6.63269037e-09,94,32,2,98,corr_ratio_high,7.96208090e-01,5.00000000e-01,2.49999987e+07,-1.32775132e+00,-8.08826484e-02,-1.24686868e+00,1.00002970e-09
8,2.09311790e-01,6.63269037e-09,94,31,1,94,normal_corr_dominates,2.07829760e+00,1.00000000e+00,2.50000018e+07,1.76250327e+00,-1.63452396e+00,3.39702723e+00,1.00005114e-09
8,2.09311790e-01,6.63269037e-09,94,31,2,95,normal_corr_dominates,3.31457760e+00,1.00000000e+00,2.49999929e+07,-7.05228049e+00,-1.63452396e+00,-5.41775652e+00,1.00004936e-09
8,2.09311790e-01,6.63269037e-09,94,12,0,36,normal_corr_dominates,1.45508197e+00,1.00000000e+00,2.50000020e+07,1.97960257e+00,-4.34999118e+00,6.32959376e+00,1.00006787e-09
8,2.09311790e-01,6.63269037e-09,94,12,2,38,normal_corr_dominates,2.32182623e+00,1.00000000e+00,2.50000057e+07,5.74993244e+00,-4.34999118e+00,1.00999236e+01,1.00001824e-09
8,2.09311790e-01,6.63269037e-09,94,12,2,38,corr_ratio_high,1.53333278e+00,5.00000000e-01,2.50000057e+07,5.74993244e+00,-4.34999118e+00,1.00999236e+01,1.00001824e-09
9,2.39001425e-01,7.57349813e-09,94,0,0,0,normal_corr_dominates,8.37879587e+00,1.00000000e+00,2.49999902e+07,-9.76644876e+00,-1.04133291e+00,-8.72511586e+00,1.00004115e-09
9,2.39001425e-01,7.57349813e-09,94,0,1,1,normal_corr_dominates,7.26307022e+00,1.00000000e+00,2.50000065e+07,6.52194112e+00,-1.04133291e+00,7.56327403e+00,1.00002783e-09
9,2.39001425e-01,7.57349813e-09,94,0,2,2,normal_corr_dominates,3.47564423e+00,1.00000000e+00,2.50000026e+07,2.57796981e+00,-1.04133291e+00,3.61930271e+00,1.00006455e-09
9,2.39001425e-01,7.57349813e-09,94,1,0,3,normal_corr_dominates,2.23957640e+00,1.00000000e+00,2.50000025e+07,2.45310159e+00,-1.97898377e+00,4.43208536e+00,1.00005496e-09
9,2.39001425e-01,7.57349813e-09,94,1,1,4,normal_corr_dominates,5.37699926e+00,1.00000000e+00,2.50000087e+07,8.66201051e+00,-1.97898377e+00,1.06409943e+01,1.00003891e-09
9,2.39001425e-01,7.57349813e-09,94,1,2,5,normal_corr_dominates,4.03561794e+00,1.00000000e+00,2.49999900e+07,-9.96540619e+00,-1.97898377e+00,-7.98642242e+00,1.00005919e-09
9,2.39001425e-01,7.57349813e-09,94,2,0,6,normal_corr_dominates,1.21590091e+01,1.00000000e+00,2.50000112e+07,1.12295667e+01,-1.00632293e+00,1.22358896e+01,1.00002480e-09
9,2.39001425e-01,7.57349813e-09,94,2,0,6,corr_ratio_high,6.07348084e-01,5.00000000e-01,2.50000112e+07,1.12295667e+01,-1.00632293e+00,1.22358896e+01,1.00002480e-09
9,2.39001425e-01,7.57349813e-09,94,2,1,7,normal_corr_dominates,2.88695231e+00,1.00000000e+00,2.49999961e+07,-3.91152923e+00,-1.00632293e+00,-2.90520630e+00,1.00006901e-09
9,2.39001425e-01,7.57349813e-09,94,2,2,8,normal_corr_dominates,3.15440109e+00,1.00000000e+00,2.49999958e+07,-4.18066907e+00,-1.00632293e+00,-3.17434614e+00,1.00005019e-09
9,2.39001425e-01,7.57349813e-09,94,3,0,9,normal_corr_dominates,5.53897157e+00,1.00000000e+00,2.49999902e+07,-9.80343554e+00,-1.49923202e+00,-8.30420352e+00,1.00004310e-09
9,2.39001425e-01,7.57349813e-09,94,3,1,10,normal_corr_dominates,3.23631852e+00,1.00000000e+00,2.50000034e+07,3.35276032e+00,-1.49923202e+00,4.85199234e+00,1.00005928e-09
9,2.39001425e-01,7.57349813e-09,94,3,2,11,normal_corr_dominates,5.87054526e+00,1.00000000e+00,2.50000073e+07,7.30207739e+00,-1.49923202e+00,8.80130941e+00,1.00004420e-09
9,2.39001425e-01,7.57349813e-09,94,4,0,12,normal_corr_dominates,4.88961108e+00,1.00000000e+00,2.50000030e+07,3.02723665e+00,-7.78287750e-01,3.80552440e+00,1.00003856e-09
9,2.39001425e-01,7.57349813e-09,94,4,1,13,normal_corr_dominates,7.07523792e+00,1.00000000e+00,2.49999937e+07,-6.28485876e+00,-7.78287750e-01,-5.50657101e+00,1.00004174e-09
9,2.39001425e-01,7.57349813e-09,94,4,2,14,normal_corr_dominates,7.20945932e+00,1.00000000e+00,2.50000048e+07,4.83274613e+00,-7.78287750e-01,5.61103388e+00,1.00003929e-09
9,2.39001425e-01,7.57349813e-09,94,5,0,15,normal_corr_dominates,1.46806021e+00,1.00000000e+00,2.50000015e+07,1.49624067e+00,-3.19668414e+00,4.69292481e+00,1.00004077e-09
9,2.39001425e-01,7.57349813e-09,94,5,1,16,normal_corr_dominates,2.20429667e+00,1.00000000e+00,2.49999898e+07,-1.02431244e+01,-3.19668414e+00,-7.04644022e+00,1.00002693e-09
9,2.39001425e-01,7.57349813e-09,94,5,1,16,corr_ratio_high,9.18743378e-01,5.00000000e-01,2.49999898e+07,-1.02431244e+01,-3.19668414e+00,-7.04644022e+00,1.00002693e-09
9,2.39001425e-01,7.57349813e-09,94,5,2,17,normal_corr_dominates,2.30914776e+00,1.00000000e+00,2.50000042e+07,4.18493188e+00,-3.19668414e+00,7.38161602e+00,1.00004445e-09
9,2.39001425e-01,7.57349813e-09,94,8,0,24,normal_corr_dominates,3.39013049e+00,1.00000000e+00,2.50000032e+07,3.16304031e+00,-1.32337558e+00,4.48641589e+00,1.00005148e-09
9,2.39001425e-01,7.57349813e-09,94,8,1,25,normal_corr_dominates,1.62665810e+00,1.00000000e+00,2.50000008e+07,8.29304021e-01,-1.32337558e+00,2.15267960e+00,1.00004426e-09
9,2.39001425e-01,7.57349813e-09,94,8,2,26,normal_corr_dominates,4.63056765e+00,1.00000000e+00,2.49999925e+07,-7.45135571e+00,-1.32337558e+00,-6.12798014e+00,1.00005856e-09
9,2.39001425e-01,7.57349813e-09,94,9,0,27,normal_corr_dominates,2.79861461e+00,1.00000000e+00,2.49999920e+07,-7.98869906e+00,-2.10305595e+00,-5.88564311e+00,1.00005290e-09
9,2.39001425e-01,7.57349813e-09,94,9,1,28,normal_corr_dominates,4.19270077e+00,1.00000000e+00,2.50000067e+07,6.71442836e+00,-2.10305595e+00,8.81748431e+00,1.00004045e-09
9,2.39001425e-01,7.57349813e-09,94,9,2,29,normal_corr_dominates,3.40485304e+00,1.00000000e+00,2.49999907e+07,-9.26365240e+00,-2.10305595e+00,-7.16059645e+00,1.00006144e-09
9,2.39001425e-01,7.57349813e-09,94,10,0,30,normal_corr_dominates,1.12687049e+00,1.00000000e+00,2.49999952e+07,-4.77952466e+00,-2.24721001e+00,-2.53231465e+00,1.00003056e-09
9,2.39001425e-01,7.57349813e-09,94,10,0,30,corr_ratio_high,7.64300216e-01,5.00000000e-01,2.49999952e+07,-4.77952466e+00,-2.24721001e+00,-2.53231465e+00,1.00003056e-09
9,2.39001425e-01,7.57349813e-09,94,10,2,32,normal_corr_dominates,3.46170126e+00,1.00000000e+00,2.50000055e+07,5.53195972e+00,-2.24721001e+00,7.77916973e+00,1.00004728e-09
9,2.39001425e-01,7.57349813e-09,94,13,2,41,normal_corr_dominates,1.33157041e+00,1.00000000e+00,2.50000009e+07,9.14442853e-01,-2.75791456e+00,3.67235741e+00,1.00004530e-09
9,2.39001425e-01,7.57349813e-09,94,14,0,42,normal_corr_dominates,5.00225575e+00,1.00000000e+00,2.50000099e+07,9.87494843e+00,-2.46734568e+00,1.23422941e+01,1.00008460e-09
9,2.39001425e-01,7.57349813e-09,94,14,1,43,normal_corr_dominates,6.78375345e+00,1.00000000e+00,2.49999808e+07,-1.92052104e+01,-2.46734568e+00,-1.67378648e+01,1.00005218e-09
9,2.39001425e-01,7.57349813e-09,94,14,2,44,normal_corr_dominates,2.39944777e+00,1.00000000e+00,2.50000035e+07,3.45292141e+00,-2.46734568e+00,5.92026709e+00,1.00003324e-09
9,2.39001425e-01,7.57349813e-09,94,14,2,44,corr_ratio_high,6.58289065e-01,5.00000000e-01,2.50000035e+07,3.45292141e+00,-2.46734568e+00,5.92026709e+00,1.00003324e-09
9,2.39001425e-01,7.57349813e-09,94,15,0,45,normal_corr_dominates,6.92276788e+00,1.00000000e+00,2.50000106e+07,1.06175298e+01,-1.79266349e+00,1.24101932e+01,1.00003077e-09
9,2.39001425e-01,7.57349813e-09,94,15,1,46,normal_corr_dominates,1.24052923e+00,1.00000000e+00,2.50000004e+07,4.31187967e-01,-1.79266349e+00,2.22385146e+00,1.00004248e-09
9,2.39001425e-01,7.57349813e-09,94,15,2,47,normal_corr_dominates,3.57099975e+00,1.00000000e+00,2.49999918e+07,-8.19426437e+00,-1.79266349e+00,-6.40160088e+00,1.00005081e-09
9,2.39001425e-01,7.57349813e-09,94,17,0,51,normal_corr_dominates,5.64169777e+00,1.00000000e+00,2.49999914e+07,-8.57441107e+00,-1.29099688e+00,-7.28341420e+00,1.00003836e-09
9,2.39001425e-01,7.57349813e-09,94,17,0,51,corr_ratio_high,5.01794873e-01,5.00000000e-01,2.49999914e+07,-8.57441107e+00,-1.29099688e+00,-7.28341420e+00,1.00003836e-09
9,2.39001425e-01,7.57349813e-09,94,17,1,52,normal_corr_dominates,5.50192380e+00,1.00000000e+00,2.49999916e+07,-8.39396332e+00,-1.29099688e+00,-7.10296645e+00,1.00004346e-09
9,2.39001425e-01,7.57349813e-09,94,17,2,53,normal_corr_dominates,8.04736025e+00,1.00000000e+00,2.50000091e+07,9.09812008e+00,-1.29099688e+00,1.03891170e+01,1.00004757e-09
9,2.39001425e-01,7.57349813e-09,94,18,0,54,normal_corr_dominates,2.19609338e+00,1.00000000e+00,2.50000013e+07,1.34486516e+00,-1.12438140e+00,2.46924656e+00,1.00003875e-09
9,2.39001425e-01,7.57349813e-09,94,18,1,55,normal_corr_dominates,2.92623405e+00,1.00000000e+00,2.50000022e+07,2.16582175e+00,-1.12438140e+00,3.29020316e+00,1.00004029e-09
9,2.39001425e-01,7.57349813e-09,94,18,2,56,normal_corr_dominates,4.08905410e+00,1.00000000e+00,2.49999943e+07,-5.72203780e+00,-1.12438140e+00,-4.59765639e+00,1.00004342e-09
9,2.39001425e-01,7.57349813e-09,94,19,0,57,normal_corr_dominates,5.79755718e+00,1.00000000e+00,2.49999880e+07,-1.19933408e+01,-1.76436042e+00,-1.02289804e+01,1.00001228e-09
9,2.39001425e-01,7.57349813e-09,94,19,0,57,corr_ratio_high,2.33381091e+00,5.00000000e-01,2.49999880e+07,-1.19933408e+01,-1.76436042e+00,-1.02289804e+01,1.00001228e-09
9,2.39001425e-01,7.57349813e-09,94,19,1,58,normal_corr_dominates,4.57024264e+00,1.00000000e+00,2.50000063e+07,6.29919480e+00,-1.76436042e+00,8.06355522e+00,1.00004374e-09
9,2.39001425e-01,7.57349813e-09,94,20,0,60,normal_corr_dominates,2.03783598e+00,1.00000000e+00,2.50000012e+07,1.19366433e+00,-1.15014738e+00,2.34381171e+00,1.00003799e-09
9,2.39001425e-01,7.57349813e-09,94,20,1,61,normal_corr_dominates,3.33075941e+00,1.00000000e+00,2.49999950e+07,-4.98101159e+00,-1.15014738e+00,-3.83086421e+00,1.00004364e-09
9,2.39001425e-01,7.57349813e-09,94,20,2,62,normal_corr_dominates,4.87573445e+00,1.00000000e+00,2.49999932e+07,-6.75796059e+00,-1.15014738e+00,-5.60781321e+00,1.00004553e-09
9,2.39001425e-01,7.57349813e-09,94,21,2,65,normal_corr_dominates,2.87057378e+00,1.00000000e+00,2.50000056e+07,5.55647759e+00,-2.97046695e+00,8.52694454e+00,1.00003681e-09
9,2.39001425e-01,7.57349813e-09,94,22,2,68,normal_corr_dominates,2.29438979e+00,1.00000000e+00,2.49999923e+07,-7.72802969e+00,-2.34581521e+00,-5.38221447e+00,1.00004412e-09
9,2.39001425e-01,7.57349813e-09,94,23,0,69,normal_corr_dominates,3.18882704e+00,1.00000000e+00,2.49999940e+07,-6.02381795e+00,-1.43806796e+00,-4.58575000e+00,1.00004985e-09
9,2.39001425e-01,7.57349813e-09,94,23,1,70,normal_corr_dominates,1.13418109e+00,1.00000000e+00,2.50000002e+07,1.92961529e-01,-1.43806796e+00,1.63102949e+00,1.00005249e-09
9,2.39001425e-01,7.57349813e-09,94,23,2,71,normal_corr_dominates,3.36577514e+00,1.00000000e+00,2.50000034e+07,3.40214543e+00,-1.43806796e+00,4.84021339e+00,1.00004401e-09
9,2.39001425e-01,7.57349813e-09,94,25,0,75,normal_corr_dominates,1.56536521e+01,1.00000000e+00,2.50000074e+07,7.44926502e+00,-5.08355526e-01,7.95762055e+00,1.00005724e-09
9,2.39001425e-01,7.57349813e-09,94,25,1,76,normal_corr_dominates,1.83508982e+01,1.00000000e+00,2.49999902e+07,-9.83713603e+00,-5.08355526e-01,-9.32878050e+00,1.00004752e-09
9,2.39001425e-01,7.57349813e-09,94,25,1,76,corr_ratio_high,6.09628677e-01,5.00000000e-01,2.49999902e+07,-9.83713603e+00,-5.08355526e-01,-9.32878050e+00,1.00004752e-09
9,2.39001425e-01,7.57349813e-09,94,25,2,77,normal_corr_dominates,1.51555835e+01,1.00000000e+00,2.49999918e+07,-8.21278018e+00,-5.08355526e-01,-7.70442465e+00,1.00005891e-09
9,2.39001425e-01,7.57349813e-09,94,26,0,78,normal_corr_dominates,1.05574368e+00,1.00000000e+00,2.50000001e+07,7.82106842e-02,-1.40304118e+00,1.48125186e+00,1.00006069e-09
9,2.39001425e-01,7.57349813e-09,94,26,1,79,normal_corr_dominates,2.21387766e+00,1.00000000e+00,2.50000017e+07,1.70312035e+00,-1.40304118e+00,3.10616153e+00,1.00004040e-09
9,2.39001425e-01,7.57349813e-09,94,26,2,80,normal_corr_dominates,6.00126886e+00,1.00000000e+00,2.49999902e+07,-9.82306853e+00,-1.40304118e+00,-8.42002735e+00,1.00005605e-09
9,2.39001425e-01,7.57349813e-09,94,28,0,84,normal_corr_dominates,5.47024522e+00,1.00000000e+00,2.49999813e+07,-1.87015082e+01,-2.89038632e+00,-1.58111219e+01,1.00007101e-09
9,2.39001425e-01,7.57349813e-09,94,28,2,86,normal_corr_dominates,1.43209066e+00,1.00000000e+00,2.50000012e+07,1.24890892e+00,-2.89038632e+00,4.13929523e+00,1.00004380e-09
9,2.39001425e-01,7.57349813e-09,94,29,0,87,normal_corr_dominates,5.31295396e+00,1.00000000e+00,2.50000044e+07,4.44136512e+00,-1.02977337e+00,5.47113848e+00,1.00006405e-09
9,2.39001425e-01,7.57349813e-09,94,29,1,88,corr_ratio_high,7.46099395e-01,5.00000000e-01,2.49999997e+07,-3.41071200e-01,-1.02977337e+00,6.88702165e-01,1.00003185e-09
9,2.39001425e-01,7.57349813e-09,94,29,2,89,normal_corr_dominates,4.61765897e+00,1.00000000e+00,2.49999942e+07,-5.78491558e+00,-1.02977337e+00,-4.75514222e+00,1.00004582e-09
9,2.39001425e-01,7.57349813e-09,94,30,1,91,normal_corr_dominates,1.65439555e+00,1.00000000e+00,2.49999938e+07,-6.24993069e+00,-2.35455891e+00,-3.89537178e+00,1.00004935e-09
9,2.39001425e-01,7.57349813e-09,94,32,0,96,normal_corr_dominates,1.31379572e+02,1.00000000e+00,2.49999880e+07,-1.20178411e+01,-9.07831990e-02,-1.19270579e+01,1.00005876e-09
9,2.39001425e-01,7.57349813e-09,94,32,1,97,normal_corr_dominates,6.43924417e+01,1.00000000e+00,2.50000058e+07,5.75496865e+00,-9.07831990e-02,5.84575185e+00,1.00005358e-09
9,2.39001425e-01,7.57349813e-09,94,32,2,98,normal_corr_dominates,1.55651212e+01,1.00000000e+00,2.49999985e+07,-1.50383469e+00,-9.07831990e-02,-1.41305149e+00,1.00003372e-09
9,2.39001425e-01,7.57349813e-09,94,32,2,98,corr_ratio_high,7.96564235e-01,5.00000000e-01,2.49999985e+07,-1.50383469e+00,-9.07831990e-02,-1.41305149e+00,1.00003372e-09
9,2.39001425e-01,7.57349813e-09,94,31,1,94,normal_corr_dominates,2.08312826e+00,1.00000000e+00,2.50000020e+07,2.00518426e+00,-1.85128977e+00,3.85647404e+00,1.00005808e-09
9,2.39001425e-01,7.57349813e-09,94,31,2,95,normal_corr_dominates,3.32688712e+00,1.00000000e+00,2.49999920e+07,-8.01032187e+00,-1.85128977e+00,-6.15903210e+00,1.00005606e-09
9,2.39001425e-01,7.57349813e-09,94,12,0,36,normal_corr_dominates,1.45668290e+00,1.00000000e+00,2.50000023e+07,2.25425831e+00,-4.93615657e+00,7.19041488e+00,1.00007707e-09
9,2.39001425e-01,7.57349813e-09,94,12,2,38,normal_corr_dominates,2.32446219e+00,1.00000000e+00,2.50000065e+07,6.53775275e+00,-4.93615657e+00,1.14739093e+01,1.00002073e-09
9,2.39001425e-01,7.57349813e-09,94,12,2,38,corr_ratio_high,1.53216360e+00,5.00000000e-01,2.50000065e+07,6.53775275e+00,-4.93615657e+00,1.14739093e+01,1.00002073e-09
10,2.68058914e-01,8.49427441e-09,94,0,0,0,normal_corr_dominates,8.40037165e+00,1.00000000e+00,2.49999891e+07,-1.09040283e+01,-1.15995715e+00,-9.74407119e+00,1.00004593e-09
10,2.68058914e-01,8.49427441e-09,94,0,1,1,normal_corr_dominates,7.27514456e+00,1.00000000e+00,2.50000073e+07,7.27889882e+00,-1.15995715e+00,8.43885597e+00,1.00003108e-09
10,2.68058914e-01,8.49427441e-09,94,0,2,2,normal_corr_dominates,3.49150027e+00,1.00000000e+00,2.50000029e+07,2.89003356e+00,-1.15995715e+00,4.04999072e+00,1.00007202e-09
10,2.68058914e-01,8.49427441e-09,94,1,0,3,normal_corr_dominates,2.24440270e+00,1.00000000e+00,2.50000027e+07,2.74486982e+00,-2.20577295e+00,4.95064278e+00,1.00006134e-09
10,2.68058914e-01,8.49427441e-09,94,1,1,4,normal_corr_dominates,5.38799097e+00,1.00000000e+00,2.50000097e+07,9.67891180e+00,-2.20577295e+00,1.18846848e+01,1.00004341e-09
10,2.68058914e-01,8.49427441e-09,94,1,2,5,normal_corr_dominates,4.04387877e+00,1.00000000e+00,2.49999889e+07,-1.11256514e+01,-2.20577295e+00,-8.91987841e+00,1.00006606e-09
10,2.68058914e-01,8.49427441e-09,94,2,0,6,normal_corr_dominates,1.21840921e+01,1.00000000e+00,2.50000125e+07,1.25346016e+01,-1.12075272e+00,1.36553543e+01,1.00002769e-09
10,2.68058914e-01,8.49427441e-09,94,2,0,6,corr_ratio_high,6.07012410e-01,5.00000000e-01,2.50000125e+07,1.25346016e+01,-1.12075272e+00,1.36553543e+01,1.00002769e-09
10,2.68058914e-01,8.49427441e-09,94,2,1,7,normal_corr_dominates,2.88622853e+00,1.00000000e+00,2.49999956e+07,-4.35550118e+00,-1.12075272e+00,-3.23474847e+00,1.00007699e-09
10,2.68058914e-01,8.49427441e-09,94,2,2,8,normal_corr_dominates,3.16163783e+00,1.00000000e+00,2.49999953e+07,-4.66416691e+00,-1.12075272e+00,-3.54341419e+00,1.00005603e-09
10,2.68058914e-01,8.49427441e-09,94,3,0,9,normal_corr_dominates,5.54937602e+00,1.00000000e+00,2.49999891e+07,-1.09451669e+01,-1.67117706e+00,-9.27398988e+00,1.00004811e-09
10,2.68058914e-01,8.49427441e-09,94,3,1,10,normal_corr_dominates,3.24490087e+00,1.00000000e+00,2.50000038e+07,3.75162683e+00,-1.67117706e+00,5.42280388e+00,1.00006616e-09
10,2.68058914e-01,8.49427441e-09,94,3,2,11,normal_corr_dominates,5.88155262e+00,1.00000000e+00,2.50000082e+07,8.15793875e+00,-1.67117706e+00,9.82911581e+00,1.00004932e-09
10,2.68058914e-01,8.49427441e-09,94,4,0,12,normal_corr_dominates,4.90523531e+00,1.00000000e+00,2.50000034e+07,3.38253080e+00,-8.66152877e-01,4.24868367e+00,1.00004303e-09
10,2.68058914e-01,8.49427441e-09,94,4,1,13,normal_corr_dominates,7.09785049e+00,1.00000000e+00,2.49999930e+07,-7.01397650e+00,-8.66152877e-01,-6.14782362e+00,1.00004658e-09
10,2.68058914e-01,8.49427441e-09,94,4,2,14,normal_corr_dominates,7.22797142e+00,1.00000000e+00,2.50000054e+07,5.39437536e+00,-8.66152877e-01,6.26052824e+00,1.00004386e-09
10,2.68058914e-01,8.49427441e-09,94,5,0,15,normal_corr_dominates,1.46946850e+00,1.00000000e+00,2.50000017e+07,1.67452462e+00,-3.56685189e+00,5.24137650e+00,1.00004549e-09
10,2.68058914e-01,8.49427441e-09,94,5,1,16,normal_corr_dominates,2.20592788e+00,1.00000000e+00,2.49999886e+07,-1.14350699e+01,-3.56685189e+00,-7.86821802e+00,1.00003007e-09
10,2.68058914e-01,8.49427441e-09,94,5,1,16,corr_ratio_high,9.18017747e-01,5.00000000e-01,2.49999886e+07,-1.14350699e+01,-3.56685189e+00,-7.86821802e+00,1.00003007e-09
10,2.68058914e-01,8.49427441e-09,94,5,2,17,normal_corr_dominates,2.30991645e+00,1.00000000e+00,2.50000047e+07,4.67227796e+00,-3.56685189e+00,8.23912985e+00,1.00004960e-09
10,2.68058914e-01,8.49427441e-09,94,8,0,24,normal_corr_dominates,3.40169943e+00,1.00000000e+00,2.50000035e+07,3.53809785e+00,-1.47316430e+00,5.01126215e+00,1.00005745e-09
10,2.68058914e-01,8.49427441e-09,94,8,1,25,normal_corr_dominates,1.62973620e+00,1.00000000e+00,2.50000009e+07,9.27704884e-01,-1.47316430e+00,2.40086918e+00,1.00004940e-09
10,2.68058914e-01,8.49427441e-09,94,8,2,26,normal_corr_dominates,4.64558508e+00,1.00000000e+00,2.49999917e+07,-8.31687439e+00,-1.47316430e+00,-6.84371009e+00,1.00006535e-09
10,2.68058914e-01,8.49427441e-09,94,9,0,27,normal_corr_dominates,2.80014897e+00,1.00000000e+00,2.49999911e+07,-8.90742885e+00,-2.34396834e+00,-6.56346052e+00,1.00005902e-09
10,2.68058914e-01,8.49427441e-09,94,9,1,28,normal_corr_dominates,4.20154193e+00,1.00000000e+00,2.50000075e+07,7.50431291e+00,-2.34396834e+00,9.84828124e+00,1.00004514e-09
10,2.68058914e-01,8.49427441e-09,94,9,2,29,normal_corr_dominates,3.41281269e+00,1.00000000e+00,2.49999897e+07,-1.03434932e+01,-2.34396834e+00,-7.99952488e+00,1.00006857e-09
10,2.68058914e-01,8.49427441e-09,94,10,0,30,normal_corr_dominates,1.13258669e+00,1.00000000e+00,2.49999947e+07,-5.33877710e+00,-2.50342793e+00,-2.83534916e+00,1.00003413e-09
10,2.68058914e-01,8.49427441e-09,94,10,0,30,corr_ratio_high,7.63072963e-01,5.00000000e-01,2.49999947e+07,-5.33877710e+00,-2.50342793e+00,-2.83534916e+00,1.00003413e-09
10,2.68058914e-01,8.49427441e-09,94,10,2,32,normal_corr_dominates,3.46988358e+00,1.00000000e+00,2.50000062e+07,6.18317554e+00,-2.50342793e+00,8.68660347e+00,1.00005276e-09
10,2.68058914e-01,8.49427441e-09,94,13,2,41,normal_corr_dominates,1.33227965e+00,1.00000000e+00,2.50000010e+07,1.02193260e+00,-3.07551969e+00,4.09745229e+00,1.00005056e-09
10,2.68058914e-01,8.49427441e-09,94,14,0,42,normal_corr_dominates,5.00986306e+00,1.00000000e+00,2.50000110e+07,1.10270553e+01,-2.74998302e+00,1.37770384e+01,1.00009440e-09
10,2.68058914e-01,8.49427441e-09,94,14,1,43,normal_corr_dominates,6.79488121e+00,1.00000000e+00,2.49999786e+07,-2.14357910e+01,-2.74998302e+00,-1.86858080e+01,1.00005825e-09
10,2.68058914e-01,8.49427441e-09,94,14,2,44,normal_corr_dominates,2.40250240e+00,1.00000000e+00,2.50000039e+07,3.85685779e+00,-2.74998302e+00,6.60684081e+00,1.00003709e-09
10,2.68058914e-01,8.49427441e-09,94,14,2,44,corr_ratio_high,6.58530992e-01,5.00000000e-01,2.50000039e+07,3.85685779e+00,-2.74998302e+00,6.60684081e+00,1.00003709e-09
10,2.68058914e-01,8.49427441e-09,94,15,0,45,normal_corr_dominates,6.92911418e+00,1.00000000e+00,2.50000119e+07,1.18524520e+01,-1.99902576e+00,1.38514778e+01,1.00003434e-09
10,2.68058914e-01,8.49427441e-09,94,15,1,46,normal_corr_dominates,1.24334497e+00,1.00000000e+00,2.50000005e+07,4.86452862e-01,-1.99902576e+00,2.48547862e+00,1.00004742e-09
10,2.68058914e-01,8.49427441e-09,94,15,2,47,normal_corr_dominates,3.57469190e+00,1.00000000e+00,2.49999909e+07,-9.14492697e+00,-1.99902576e+00,-7.14590121e+00,1.00005671e-09
10,2.68058914e-01,8.49427441e-09,94,17,0,51,normal_corr_dominates,5.65904732e+00,1.00000000e+00,2.49999904e+07,-9.57389277e+00,-1.43772710e+00,-8.13616567e+00,1.00004282e-09
10,2.68058914e-01,8.49427441e-09,94,17,0,51,corr_ratio_high,5.01959901e-01,5.00000000e-01,2.49999904e+07,-9.57389277e+00,-1.43772710e+00,-8.13616567e+00,1.00004282e-09
10,2.68058914e-01,8.49427441e-09,94,17,1,52,normal_corr_dominates,5.51725265e+00,1.00000000e+00,2.49999906e+07,-9.37003072e+00,-1.43772710e+00,-7.93230363e+00,1.00004851e-09
10,2.68058914e-01,8.49427441e-09,94,17,2,53,normal_corr_dominates,8.06994156e+00,1.00000000e+00,2.50000102e+07,1.01646465e+01,-1.43772710e+00,1.16023736e+01,1.00005307e-09
10,2.68058914e-01,8.49427441e-09,94,18,0,54,normal_corr_dominates,2.20154159e+00,1.00000000e+00,2.50000015e+07,1.50532705e+00,-1.25282975e+00,2.75815681e+00,1.00004324e-09
10,2.68058914e-01,8.49427441e-09,94,18,1,55,normal_corr_dominates,2.93192320e+00,1.00000000e+00,2.50000024e+07,2.42037086e+00,-1.25282975e+00,3.67320062e+00,1.00004497e-09
10,2.68058914e-01,8.49427441e-09,94,18,2,56,normal_corr_dominates,4.09726460e+00,1.00000000e+00,2.49999936e+07,-6.38600475e+00,-1.25282975e+00,-5.13317499e+00,1.00004845e-09
10,2.68058914e-01,8.49427441e-09,94,19,0,57,normal_corr_dominates,5.80379329e+00,1.00000000e+00,2.49999866e+07,-1.33890008e+01,-1.96787296e+00,-1.14211279e+01,1.00001372e-09
10,2.68058914e-01,8.49427441e-09,94,19,0,57,corr_ratio_high,2.33172062e+00,5.00000000e-01,2.49999866e+07,-1.33890008e+01,-1.96787296e+00,-1.14211279e+01,1.00001372e-09
10,2.68058914e-01,8.49427441e-09,94,19,1,58,normal_corr_dominates,4.57341380e+00,1.00000000e+00,2.50000070e+07,7.03202440e+00,-1.96787296e+00,8.99989736e+00,1.00004882e-09
10,2.68058914e-01,8.49427441e-09,94,20,0,60,normal_corr_dominates,2.04302754e+00,1.00000000e+00,2.50000013e+07,1.33648553e+00,-1.28135211e+00,2.61783764e+00,1.00004240e-09
10,2.68058914e-01,8.49427441e-09,94,20,1,61,normal_corr_dominates,3.33891944e+00,1.00000000e+00,2.49999944e+07,-5.55968358e+00,-1.28135211e+00,-4.27833147e+00,1.00004870e-09
10,2.68058914e-01,8.49427441e-09,94,20,2,62,normal_corr_dominates,4.88714358e+00,1.00000000e+00,2.49999925e+07,-7.54350384e+00,-1.28135211e+00,-6.26215173e+00,1.00005082e-09
10,2.68058914e-01,8.49427441e-09,94,21,2,65,normal_corr_dominates,2.87404287e+00,1.00000000e+00,2.50000062e+07,6.20579895e+00,-3.31144984e+00,9.51724878e+00,1.00004108e-09
10,2.68058914e-01,8.49427441e-09,94,22,2,68,normal_corr_dominates,2.29631533e+00,1.00000000e+00,2.49999914e+07,-8.62096042e+00,-2.61533244e+00,-6.00562799e+00,1.00004924e-09
10,2.68058914e-01,8.49427441e-09,94,23,0,69,normal_corr_dominates,3.19417718e+00,1.00000000e+00,2.49999933e+07,-6.71570915e+00,-1.60119825e+00,-5.11451090e+00,1.00005562e-09
10,2.68058914e-01,8.49427441e-09,94,23,1,70,normal_corr_dominates,1.13902948e+00,1.00000000e+00,2.50000002e+07,2.22613759e-01,-1.60119825e+00,1.82381201e+00,1.00005857e-09
10,2.68058914e-01,8.49427441e-09,94,23,2,71,normal_corr_dominates,3.37611361e+00,1.00000000e+00,2.50000038e+07,3.80462895e+00,-1.60119825e+00,5.40582720e+00,1.00004912e-09
10,2.68058914e-01,8.49427441e-09,94,25,0,75,normal_corr_dominates,1.57692305e+01,1.00000000e+00,2.50000083e+07,8.31659230e+00,-5.63102614e-01,8.87969491e+00,1.00006389e-09
10,2.68058914e-01,8.49427441e-09,94,25,1,76,normal_corr_dominates,1.84876963e+01,1.00000000e+00,2.49999890e+07,-1.09735727e+01,-5.63102614e-01,-1.04104701e+01,1.00005303e-09
10,2.68058914e-01,8.49427441e-09,94,25,1,76,corr_ratio_high,6.09901042e-01,5.00000000e-01,2.49999890e+07,-1.09735727e+01,-5.63102614e-01,-1.04104701e+01,1.00005303e-09
10,2.68058914e-01,8.49427441e-09,94,25,2,77,normal_corr_dominates,1.52826059e+01,1.00000000e+00,2.49999908e+07,-9.16877797e+00,-5.63102614e-01,-8.60567535e+00,1.00006575e-09
10,2.68058914e-01,8.49427441e-09,94,26,0,78,normal_corr_dominates,1.06179402e+00,1.00000000e+00,2.50000001e+07,9.65016623e-02,-1.56166673e+00,1.65816839e+00,1.00006772e-09
10,2.68058914e-01,8.49427441e-09,94,26,1,79,normal_corr_dominates,2.21954310e+00,1.00000000e+00,2.50000019e+07,1.90451989e+00,-1.56166673e+00,3.46618663e+00,1.00004510e-09
10,2.68058914e-01,8.49427441e-09,94,26,2,80,normal_corr_dominates,6.02276021e+00,1.00000000e+00,2.49999890e+07,-1.09672110e+01,-1.56166673e+00,-9.40554425e+00,1.00006255e-09
10,2.68058914e-01,8.49427441e-09,94,28,0,84,normal_corr_dominates,5.47329215e+00,1.00000000e+00,2.49999791e+07,-2.08739760e+01,-3.22463060e+00,-1.76493454e+01,1.00007927e-09
10,2.68058914e-01,8.49427441e-09,94,28,2,86,normal_corr_dominates,1.43270657e+00,1.00000000e+00,2.50000014e+07,1.39531885e+00,-3.22463060e+00,4.61994945e+00,1.00004887e-09
10,2.68058914e-01,8.49427441e-09,94,29,0,87,normal_corr_dominates,5.32054405e+00,1.00000000e+00,2.50000050e+07,4.95891622e+00,-1.14775273e+00,6.10666895e+00,1.00007148e-09
10,2.68058914e-01,8.49427441e-09,94,29,1,88,corr_ratio_high,7.46038098e-01,5.00000000e-01,2.49999996e+07,-3.77406754e-01,-1.14775273e+00,7.70345975e-01,1.00003555e-09
10,2.68058914e-01,8.49427441e-09,94,29,2,89,normal_corr_dominates,4.62376654e+00,1.00000000e+00,2.49999935e+07,-6.45469339e+00,-1.14775273e+00,-5.30694067e+00,1.00005113e-09
10,2.68058914e-01,8.49427441e-09,94,30,1,91,normal_corr_dominates,1.65622913e+00,1.00000000e+00,2.49999930e+07,-6.97090526e+00,-2.62436142e+00,-4.34654383e+00,1.00005507e-09
10,2.68058914e-01,8.49427441e-09,94,32,0,96,normal_corr_dominates,1.32810015e+02,1.00000000e+00,2.49999866e+07,-1.34134516e+01,-1.00242508e-01,-1.33132090e+01,1.00006558e-09
10,2.68058914e-01,8.49427441e-09,94,32,1,97,normal_corr_dominates,6.50842915e+01,1.00000000e+00,2.50000064e+07,6.42397013e+00,-1.00242508e-01,6.52421263e+00,1.00005981e-09
10,2.68058914e-01,8.49427441e-09,94,32,2,98,normal_corr_dominates,1.57004993e+01,1.00000000e+00,2.49999983e+07,-1.67409994e+00,-1.00242508e-01,-1.57385743e+00,1.00003762e-09
10,2.68058914e-01,8.49427441e-09,94,32,2,98,corr_ratio_high,7.96879112e-01,5.00000000e-01,2.49999983e+07,-1.67409994e+00,-1.00242508e-01,-1.57385743e+00,1.00003762e-09
10,2.68058914e-01,8.49427441e-09,94,31,1,94,normal_corr_dominates,2.08747969e+00,1.00000000e+00,2.50000022e+07,2.24134985e+00,-2.06104985e+00,4.30239969e+00,1.00006482e-09
10,2.68058914e-01,8.49427441e-09,94,31,2,95,normal_corr_dominates,3.33799027e+00,1.00000000e+00,2.49999911e+07,-8.94081417e+00,-2.06104985e+00,-6.87976433e+00,1.00006257e-09
10,2.68058914e-01,8.49427441e-09,94,12,0,36,normal_corr_dominates,1.45812197e+00,1.00000000e+00,2.50000025e+07,2.52186091e+00,-5.50478050e+00,8.02664141e+00,1.00008600e-09
10,2.68058914e-01,8.49427441e-09,94,12,2,38,normal_corr_dominates,2.32684880e+00,1.00000000e+00,2.50000073e+07,7.30401139e+00,-5.50478050e+00,1.28087919e+01,1.00002315e-09
10,2.68058914e-01,8.49427441e-09,94,12,2,38,corr_ratio_high,1.53106407e+00,5.00000000e-01,2.50000073e+07,7.30401139e+00,-5.50478050e+00,1.28087919e+01,1.00002315e-09
11,2.92309924e-01,9.26274254e-09,94,0,0,0,normal_corr_dominates,8.41688684e+00,1.00000000e+00,2.49999882e+07,-1.18475812e+01,-1.25812080e+00,-1.05894604e+01,1.00004989e-09
11,2.92309924e-01,9.26274254e-09,94,0,1,1,normal_corr_dominates,7.28432025e+00,1.00000000e+00,2.50000079e+07,7.90643405e+00,-1.25812080e+00,9.16455486e+00,1.00003377e-09
11,2.92309924e-01,9.26274254e-09,94,0,2,2,normal_corr_dominates,3.50369556e+00,1.00000000e+00,2.50000031e+07,3.14995148e+00,-1.25812080e+00,4.40807228e+00,1.00007821e-09
11,2.92309924e-01,9.26274254e-09,94,1,0,3,normal_corr_dominates,2.24807685e+00,1.00000000e+00,2.50000030e+07,2.98734275e+00,-2.39355673e+00,5.38089948e+00,1.00006663e-09
11,2.92309924e-01,9.26274254e-09,94,1,1,4,normal_corr_dominates,5.39643857e+00,1.00000000e+00,2.50000105e+07,1.05231251e+01,-2.39355673e+00,1.29166819e+01,1.00004714e-09
11,2.92309924e-01,9.26274254e-09,94,1,2,5,normal_corr_dominates,4.05022602e+00,1.00000000e+00,2.49999879e+07,-1.20880025e+01,-2.39355673e+00,-9.69444577e+00,1.00007175e-09
11,2.92309924e-01,9.26274254e-09,94,2,0,6,normal_corr_dominates,1.22033930e+01,1.00000000e+00,2.50000136e+07,1.36167213e+01,-1.21541048e+00,1.48321317e+01,1.00003008e-09
11,2.92309924e-01,9.26274254e-09,94,2,0,6,corr_ratio_high,6.06739851e-01,5.00000000e-01,2.50000136e+07,1.36167213e+01,-1.21541048e+00,1.48321317e+01,1.00003008e-09
11,2.92309924e-01,9.26274254e-09,94,2,1,7,normal_corr_dominates,2.88568398e+00,1.00000000e+00,2.49999953e+07,-4.72270101e+00,-1.21541048e+00,-3.50729053e+00,1.00008361e-09
11,2.92309924e-01,9.26274254e-09,94,2,2,8,normal_corr_dominates,3.16713029e+00,1.00000000e+00,2.49999949e+07,-5.06477380e+00,-1.21541048e+00,-3.84936333e+00,1.00006087e-09
11,2.92309924e-01,9.26274254e-09,94,3,0,9,normal_corr_dominates,5.55736621e+00,1.00000000e+00,2.49999881e+07,-1.18921487e+01,-1.81355568e+00,-1.00785931e+01,1.00005226e-09
11,2.92309924e-01,9.26274254e-09,94,3,1,10,normal_corr_dominates,3.25149192e+00,1.00000000e+00,2.50000041e+07,4.08320597e+00,-1.81355568e+00,5.89676165e+00,1.00007185e-09
11,2.92309924e-01,9.26274254e-09,94,3,2,11,normal_corr_dominates,5.89000322e+00,1.00000000e+00,2.50000089e+07,8.86829312e+00,-1.81355568e+00,1.06818488e+01,1.00005356e-09
11,2.92309924e-01,9.26274254e-09,94,4,0,12,normal_corr_dominates,4.91724182e+00,1.00000000e+00,2.50000037e+07,3.67741113e+00,-9.38775625e-01,4.61618676e+00,1.00004675e-09
11,2.92309924e-01,9.26274254e-09,94,4,1,13,normal_corr_dominates,7.11524517e+00,1.00000000e+00,2.49999924e+07,-7.61839435e+00,-9.38775625e-01,-6.67961873e+00,1.00005059e-09
11,2.92309924e-01,9.26274254e-09,94,4,2,14,normal_corr_dominates,7.24221363e+00,1.00000000e+00,2.50000059e+07,5.86003800e+00,-9.38775625e-01,6.79881362e+00,1.00004765e-09
11,2.92309924e-01,9.26274254e-09,94,5,0,15,normal_corr_dominates,1.47055259e+00,1.00000000e+00,2.50000018e+07,1.82276846e+00,-3.87367637e+00,5.69644483e+00,1.00004941e-09
11,2.92309924e-01,9.26274254e-09,94,5,1,16,normal_corr_dominates,2.20717607e+00,1.00000000e+00,2.49999876e+07,-1.24235621e+01,-3.87367637e+00,-8.54988578e+00,1.00003268e-09
11,2.92309924e-01,9.26274254e-09,94,5,1,16,corr_ratio_high,9.17434817e-01,5.00000000e-01,2.49999876e+07,-1.24235621e+01,-3.87367637e+00,-8.54988578e+00,1.00003268e-09
11,2.92309924e-01,9.26274254e-09,94,5,2,17,normal_corr_dominates,2.31049565e+00,1.00000000e+00,2.50000051e+07,5.07643604e+00,-3.87367637e+00,8.95011241e+00,1.00005387e-09
11,2.92309924e-01,9.26274254e-09,94,8,0,24,normal_corr_dominates,3.41059957e+00,1.00000000e+00,2.50000038e+07,3.84973681e+00,-1.59700386e+00,5.44674067e+00,1.00006240e-09
11,2.92309924e-01,9.26274254e-09,94,8,1,25,normal_corr_dominates,1.63209177e+00,1.00000000e+00,2.50000010e+07,1.00945300e+00,-1.59700386e+00,2.60645685e+00,1.00005366e-09
11,2.92309924e-01,9.26274254e-09,94,8,2,26,normal_corr_dominates,4.65717153e+00,1.00000000e+00,2.49999910e+07,-9.03452475e+00,-1.59700386e+00,-7.43752089e+00,1.00007098e-09
11,2.92309924e-01,9.26274254e-09,94,9,0,27,normal_corr_dominates,2.80127004e+00,1.00000000e+00,2.49999903e+07,-9.66828776e+00,-2.54343618e+00,-7.12485158e+00,1.00006409e-09
11,2.92309924e-01,9.26274254e-09,94,9,1,28,normal_corr_dominates,4.20835640e+00,1.00000000e+00,2.50000082e+07,8.16024975e+00,-2.54343618e+00,1.07036859e+01,1.00004903e-09
11,2.92309924e-01,9.26274254e-09,94,9,2,29,normal_corr_dominates,3.41894190e+00,1.00000000e+00,2.49999888e+07,-1.12392967e+01,-2.54343618e+00,-8.69586053e+00,1.00007449e-09
11,2.92309924e-01,9.26274254e-09,94,10,0,30,normal_corr_dominates,1.13702638e+00,1.00000000e+00,2.49999942e+07,-5.80297807e+00,-2.71544522e+00,-3.08753286e+00,1.00003709e-09
11,2.92309924e-01,9.26274254e-09,94,10,0,30,corr_ratio_high,7.62106048e-01,5.00000000e-01,2.49999942e+07,-5.80297807e+00,-2.71544522e+00,-3.08753286e+00,1.00003709e-09
11,2.92309924e-01,9.26274254e-09,94,10,2,32,normal_corr_dominates,3.47619475e+00,1.00000000e+00,2.50000067e+07,6.72397119e+00,-2.71544522e+00,9.43941641e+00,1.00005730e-09
11,2.92309924e-01,9.26274254e-09,94,13,2,41,normal_corr_dominates,1.33280280e+00,1.00000000e+00,2.50000011e+07,1.11110010e+00,-3.33861405e+00,4.44971416e+00,1.00005491e-09
11,2.92309924e-01,9.26274254e-09,94,14,0,42,normal_corr_dominates,5.01571664e+00,1.00000000e+00,2.50000120e+07,1.19827287e+01,-2.98395772e+00,1.49666864e+01,1.00010253e-09
11,2.92309924e-01,9.26274254e-09,94,14,1,43,normal_corr_dominates,6.80346034e+00,1.00000000e+00,2.49999767e+07,-2.32851957e+01,-2.98395772e+00,-2.03012380e+01,1.00006328e-09
11,2.92309924e-01,9.26274254e-09,94,14,2,44,normal_corr_dominates,2.40485500e+00,1.00000000e+00,2.50000042e+07,4.19202792e+00,-2.98395772e+00,7.17598564e+00,1.00004029e-09
11,2.92309924e-01,9.26274254e-09,94,14,2,44,corr_ratio_high,6.58715136e-01,5.00000000e-01,2.50000042e+07,4.19202792e+00,-2.98395772e+00,7.17598564e+00,1.00004029e-09
11,2.92309924e-01,9.26274254e-09,94,15,0,45,normal_corr_dominates,6.93393631e+00,1.00000000e+00,2.50000129e+07,1.28765130e+01,-2.16997830e+00,1.50464913e+01,1.00003730e-09
11,2.92309924e-01,9.26274254e-09,94,15,1,46,normal_corr_dominates,1.24549620e+00,1.00000000e+00,2.50000005e+07,5.32721427e-01,-2.16997830e+00,2.70269973e+00,1.00005151e-09
11,2.92309924e-01,9.26274254e-09,94,15,2,47,normal_corr_dominates,3.57748206e+00,1.00000000e+00,2.49999901e+07,-9.93303675e+00,-2.16997830e+00,-7.76305845e+00,1.00006160e-09
11,2.92309924e-01,9.26274254e-09,94,17,0,51,normal_corr_dominates,5.67255874e+00,1.00000000e+00,2.49999896e+07,-1.04030534e+01,-1.55908007e+00,-8.84397330e+00,1.00004651e-09
11,2.92309924e-01,9.26274254e-09,94,17,0,51,corr_ratio_high,5.02087702e-01,5.00000000e-01,2.49999896e+07,-1.04030534e+01,-1.55908007e+00,-8.84397330e+00,1.00004651e-09
11,2.92309924e-01,9.26274254e-09,94,17,1,52,normal_corr_dominates,5.52911350e+00,1.00000000e+00,2.49999898e+07,-1.01794108e+01,-1.55908007e+00,-8.62033069e+00,1.00005270e-09
11,2.92309924e-01,9.26274254e-09,94,17,2,53,normal_corr_dominates,8.08746741e+00,1.00000000e+00,2.50000110e+07,1.10499292e+01,-1.55908007e+00,1.26090093e+01,1.00005763e-09
11,2.92309924e-01,9.26274254e-09,94,18,0,54,normal_corr_dominates,2.20571582e+00,1.00000000e+00,2.50000016e+07,1.63873175e+00,-1.35913598e+00,2.99786773e+00,1.00004697e-09
11,2.92309924e-01,9.26274254e-09,94,18,1,55,normal_corr_dominates,2.93627877e+00,1.00000000e+00,2.50000026e+07,2.63166613e+00,-1.35913598e+00,3.99080211e+00,1.00004885e-09
11,2.92309924e-01,9.26274254e-09,94,18,2,56,normal_corr_dominates,4.10355636e+00,1.00000000e+00,2.49999931e+07,-6.93642706e+00,-1.35913598e+00,-5.57729108e+00,1.00005263e-09
11,2.92309924e-01,9.26274254e-09,94,19,0,57,normal_corr_dominates,5.80856860e+00,1.00000000e+00,2.49999855e+07,-1.45464341e+01,-2.13648932e+00,-1.24099448e+01,1.00001492e-09
11,2.92309924e-01,9.26274254e-09,94,19,0,57,corr_ratio_high,2.33006471e+00,5.00000000e-01,2.49999855e+07,-1.45464341e+01,-2.13648932e+00,-1.24099448e+01,1.00001492e-09
11,2.92309924e-01,9.26274254e-09,94,19,1,58,normal_corr_dominates,4.57582250e+00,1.00000000e+00,2.50000076e+07,7.63970658e+00,-2.13648932e+00,9.77619590e+00,1.00005302e-09
11,2.92309924e-01,9.26274254e-09,94,20,0,60,normal_corr_dominates,2.04701525e+00,1.00000000e+00,2.50000015e+07,1.45526204e+00,-1.38991484e+00,2.84517688e+00,1.00004606e-09
11,2.92309924e-01,9.26274254e-09,94,20,1,61,normal_corr_dominates,3.34523894e+00,1.00000000e+00,2.49999940e+07,-6.03951209e+00,-1.38991484e+00,-4.64959725e+00,1.00005290e-09
11,2.92309924e-01,9.26274254e-09,94,20,2,62,normal_corr_dominates,4.89594994e+00,1.00000000e+00,2.49999918e+07,-8.19486833e+00,-1.38991484e+00,-6.80495349e+00,1.00005521e-09
11,2.92309924e-01,9.26274254e-09,94,21,2,65,normal_corr_dominates,2.87670906e+00,1.00000000e+00,2.50000067e+07,6.74455319e+00,-3.59381927e+00,1.03383725e+01,1.00004463e-09
11,2.92309924e-01,9.26274254e-09,94,22,2,68,normal_corr_dominates,2.29775656e+00,1.00000000e+00,2.49999906e+07,-9.36088025e+00,-2.83856012e+00,-6.52232013e+00,1.00005348e-09
11,2.92309924e-01,9.26274254e-09,94,23,0,69,normal_corr_dominates,3.19823862e+00,1.00000000e+00,2.49999927e+07,-7.28863264e+00,-1.73611681e+00,-5.55251583e+00,1.00006041e-09
11,2.92309924e-01,9.26274254e-09,94,23,1,70,normal_corr_dominates,1.14277293e+00,1.00000000e+00,2.50000002e+07,2.47870491e-01,-1.73611681e+00,1.98398730e+00,1.00006362e-09
11,2.92309924e-01,9.26274254e-09,94,23,2,71,normal_corr_dominates,3.38409068e+00,1.00000000e+00,2.50000041e+07,4.13905991e+00,-1.73611681e+00,5.87517672e+00,1.00005335e-09
11,2.92309924e-01,9.26274254e-09,94,25,0,75,normal_corr_dominates,1.58598025e+01,1.00000000e+00,2.50000090e+07,9.03593930e+00,-6.08079369e-01,9.64401867e+00,1.00006940e-09
11,2.92309924e-01,9.26274254e-09,94,25,1,76,normal_corr_dominates,1.85948790e+01,1.00000000e+00,2.49999881e+07,-1.19152417e+01,-6.08079369e-01,-1.13071623e+01,1.00005759e-09
11,2.92309924e-01,9.26274254e-09,94,25,1,76,corr_ratio_high,6.10109400e-01,5.00000000e-01,2.49999881e+07,-1.19152417e+01,-6.08079369e-01,-1.13071623e+01,1.00005759e-09
11,2.92309924e-01,9.26274254e-09,94,25,2,77,normal_corr_dominates,1.53821757e+01,1.00000000e+00,2.49999900e+07,-9.96166307e+00,-6.08079369e-01,-9.35358370e+00,1.00007142e-09
11,2.92309924e-01,9.26274254e-09,94,26,0,78,normal_corr_dominates,1.06645915e+00,1.00000000e+00,2.50000001e+07,1.12501876e-01,-1.69279730e+00,1.80529918e+00,1.00007354e-09
11,2.92309924e-01,9.26274254e-09,94,26,1,79,normal_corr_dominates,2.22396933e+00,1.00000000e+00,2.50000021e+07,2.07193198e+00,-1.69279730e+00,3.76472929e+00,1.00004900e-09
11,2.92309924e-01,9.26274254e-09,94,26,2,80,normal_corr_dominates,6.03939244e+00,1.00000000e+00,2.49999881e+07,-1.19162645e+01,-1.69279730e+00,-1.02234672e+01,1.00006794e-09
11,2.92309924e-01,9.26274254e-09,94,28,0,84,normal_corr_dominates,5.47565817e+00,1.00000000e+00,2.49999773e+07,-2.26752655e+01,-3.50161557e+00,-1.91736499e+01,1.00008611e-09
11,2.92309924e-01,9.26274254e-09,94,28,2,86,normal_corr_dominates,1.43317755e+00,1.00000000e+00,2.50000015e+07,1.51682125e+00,-3.50161557e+00,5.01843682e+00,1.00005307e-09
11,2.92309924e-01,9.26274254e-09,94,29,0,87,normal_corr_dominates,5.32636659e+00,1.00000000e+00,2.50000054e+07,5.38820665e+00,-1.24543460e+00,6.63364125e+00,1.00007765e-09
11,2.92309924e-01,9.26274254e-09,94,29,1,88,corr_ratio_high,7.45983092e-01,5.00000000e-01,2.49999996e+07,-4.07274942e-01,-1.24543460e+00,8.38159659e-01,1.00003862e-09
11,2.92309924e-01,9.26274254e-09,94,29,2,89,normal_corr_dominates,4.62839078e+00,1.00000000e+00,2.49999930e+07,-7.00979263e+00,-1.24543460e+00,-5.76435802e+00,1.00005554e-09
11,2.92309924e-01,9.26274254e-09,94,30,1,91,normal_corr_dominates,1.65762343e+00,1.00000000e+00,2.49999924e+07,-7.56823776e+00,-2.84774648e+00,-4.72049128e+00,1.00005982e-09
11,2.92309924e-01,9.26274254e-09,94,32,0,96,normal_corr_dominates,1.33933787e+02,1.00000000e+00,2.49999854e+07,-1.45705647e+01,-1.07983071e-01,-1.44625817e+01,1.00007124e-09
11,2.92309924e-01,9.26274254e-09,94,32,1,97,normal_corr_dominates,6.56276334e+01,1.00000000e+00,2.50000070e+07,6.97869033e+00,-1.07983071e-01,7.08667340e+00,1.00006497e-09
11,2.92309924e-01,9.26274254e-09,94,32,2,98,normal_corr_dominates,1.58058930e+01,1.00000000e+00,2.49999982e+07,-1.81475194e+00,-1.07983071e-01,-1.70676887e+00,1.00004086e-09
11,2.92309924e-01,9.26274254e-09,94,32,2,98,corr_ratio_high,7.97120441e-01,5.00000000e-01,2.49999982e+07,-1.81475194e+00,-1.07983071e-01,-1.70676887e+00,1.00004086e-09
11,2.92309924e-01,9.26274254e-09,94,31,1,94,normal_corr_dominates,2.09086239e+00,1.00000000e+00,2.50000024e+07,2.43748345e+00,-2.23445549e+00,4.67193894e+00,1.00007041e-09
11,2.92309924e-01,9.26274254e-09,94,31,2,95,normal_corr_dominates,3.34663697e+00,1.00000000e+00,2.49999903e+07,-9.71236683e+00,-2.23445549e+00,-7.47791134e+00,1.00006796e-09
11,2.92309924e-01,9.26274254e-09,94,12,0,36,normal_corr_dominates,1.45923886e+00,1.00000000e+00,2.50000027e+07,2.74432402e+00,-5.97580963e+00,8.72013364e+00,1.00009341e-09
11,2.92309924e-01,9.26274254e-09,94,12,2,38,normal_corr_dominates,2.32871368e+00,1.00000000e+00,2.50000079e+07,7.94013999e+00,-5.97580963e+00,1.39159496e+01,1.00002516e-09
11,2.92309924e-01,9.26274254e-09,94,12,2,38,corr_ratio_high,1.53017700e+00,5.00000000e-01,2.50000079e+07,7.94013999e+00,-5.97580963e+00,1.39159496e+01,1.00002516e-09
12,3.17118632e-01,1.00488830e-08,94,0,0,0,normal_corr_dominates,8.43254632e+00,1.00000000e+00,2.49999872e+07,-1.28076573e+01,-1.35781547e+00,-1.14498418e+01,1.00005392e-09
12,3.17118632e-01,1.00488830e-08,94,0,1,1,normal_corr_dominates,7.29295842e+00,1.00000000e+00,2.50000085e+07,8.54467628e+00,-1.35781547e+00,9.90249175e+00,1.00003652e-09
12,3.17118632e-01,1.00488830e-08,94,0,2,2,normal_corr_dominates,3.51531606e+00,1.00000000e+00,2.50000034e+07,3.41533505e+00,-1.35781547e+00,4.77315051e+00,1.00008450e-09
12,3.17118632e-01,1.00488830e-08,94,1,0,3,normal_corr_dominates,2.25154545e+00,1.00000000e+00,2.50000032e+07,3.23444289e+00,-2.58435912e+00,5.81880201e+00,1.00007201e-09
12,3.17118632e-01,1.00488830e-08,94,1,1,4,normal_corr_dominates,5.40448090e+00,1.00000000e+00,2.50000114e+07,1.13827604e+01,-2.58435912e+00,1.39671195e+01,1.00005094e-09
12,3.17118632e-01,1.00488830e-08,94,1,2,5,normal_corr_dominates,4.05626750e+00,1.00000000e+00,2.49999869e+07,-1.30672110e+01,-2.58435912e+00,-1.04828519e+01,1.00007754e-09
12,3.17118632e-01,1.00488830e-08,94,2,0,6,normal_corr_dominates,1.22217741e+01,1.00000000e+00,2.50000147e+07,1.47174986e+01,-1.31151265e+00,1.60290113e+01,1.00003252e-09
12,3.17118632e-01,1.00488830e-08,94,2,0,6,corr_ratio_high,6.06467585e-01,5.00000000e-01,2.50000147e+07,1.47174986e+01,-1.31151265e+00,1.60290113e+01,1.00003252e-09
12,3.17118632e-01,1.00488830e-08,94,2,1,7,normal_corr_dominates,2.88516565e+00,1.00000000e+00,2.49999949e+07,-5.09544389e+00,-1.31151265e+00,-3.78393124e+00,1.00009033e-09
12,3.17118632e-01,1.00488830e-08,94,2,2,8,normal_corr_dominates,3.17229853e+00,1.00000000e+00,2.49999945e+07,-5.47202229e+00,-1.31151265e+00,-4.16050964e+00,1.00006579e-09
12,3.17118632e-01,1.00488830e-08,94,3,0,9,normal_corr_dominates,5.56496579e+00,1.00000000e+00,2.49999871e+07,-1.28557002e+01,-1.95822805e+00,-1.08974721e+01,1.00005649e-09
12,3.17118632e-01,1.00488830e-08,94,3,1,10,normal_corr_dominates,3.25776399e+00,1.00000000e+00,2.50000044e+07,4.42121679e+00,-1.95822805e+00,6.37944484e+00,1.00007765e-09
12,3.17118632e-01,1.00488830e-08,94,3,2,11,normal_corr_dominates,5.89803793e+00,1.00000000e+00,2.50000096e+07,9.59147529e+00,-1.95822805e+00,1.15497033e+01,1.00005787e-09
12,3.17118632e-01,1.00488830e-08,94,4,0,12,normal_corr_dominates,4.92866923e+00,1.00000000e+00,2.50000040e+07,3.97760019e+00,-1.01245484e+00,4.99005503e+00,1.00005053e-09
12,3.17118632e-01,1.00488830e-08,94,4,1,13,normal_corr_dominates,7.13181541e+00,1.00000000e+00,2.49999918e+07,-8.23309588e+00,-1.01245484e+00,-7.22064104e+00,1.00005468e-09
12,3.17118632e-01,1.00488830e-08,94,4,2,14,normal_corr_dominates,7.25577857e+00,1.00000000e+00,2.50000063e+07,6.33369330e+00,-1.01245484e+00,7.34614815e+00,1.00005151e-09
12,3.17118632e-01,1.00488830e-08,94,5,0,15,normal_corr_dominates,1.47158650e+00,1.00000000e+00,2.50000020e+07,1.97391870e+00,-4.18569811e+00,6.15961681e+00,1.00005340e-09
12,3.17118632e-01,1.00488830e-08,94,5,1,16,normal_corr_dominates,2.20835955e+00,1.00000000e+00,2.49999866e+07,-1.34292245e+01,-4.18569811e+00,-9.24352639e+00,1.00003533e-09
12,3.17118632e-01,1.00488830e-08,94,5,1,16,corr_ratio_high,9.16857840e-01,5.00000000e-01,2.49999866e+07,-1.34292245e+01,-4.18569811e+00,-9.24352639e+00,1.00003533e-09
12,3.17118632e-01,1.00488830e-08,94,5,2,17,normal_corr_dominates,2.31103630e+00,1.00000000e+00,2.50000055e+07,5.48760218e+00,-4.18569811e+00,9.67330029e+00,1.00005822e-09
12,3.17118632e-01,1.00488830e-08,94,8,0,24,normal_corr_dominates,3.41908238e+00,1.00000000e+00,2.50000042e+07,4.16728890e+00,-1.72267342e+00,5.88996232e+00,1.00006744e-09
12,3.17118632e-01,1.00488830e-08,94,8,1,25,normal_corr_dominates,1.63432489e+00,1.00000000e+00,2.50000011e+07,1.09273463e+00,-1.72267342e+00,2.81540805e+00,1.00005800e-09
12,3.17118632e-01,1.00488830e-08,94,8,2,26,normal_corr_dominates,4.66824200e+00,1.00000000e+00,2.49999902e+07,-9.76452981e+00,-1.72267342e+00,-8.04185639e+00,1.00007671e-09
12,3.17118632e-01,1.00488830e-08,94,9,0,27,normal_corr_dominates,2.80228463e+00,1.00000000e+00,2.49999896e+07,-1.04414598e+01,-2.74610156e+00,-7.69535820e+00,1.00006925e-09
12,3.17118632e-01,1.00488830e-08,94,9,1,28,normal_corr_dominates,4.21486073e+00,1.00000000e+00,2.50000088e+07,8.82833407e+00,-2.74610156e+00,1.15744356e+01,1.00005299e-09
12,3.17118632e-01,1.00488830e-08,94,9,2,29,normal_corr_dominates,3.42478820e+00,1.00000000e+00,2.49999878e+07,-1.21509178e+01,-2.74610156e+00,-9.40481622e+00,1.00008051e-09
12,3.17118632e-01,1.00488830e-08,94,10,0,30,normal_corr_dominates,1.14129505e+00,1.00000000e+00,2.49999937e+07,-6.27560938e+00,-2.93075417e+00,-3.34485522e+00,1.00004011e-09
12,3.17118632e-01,1.00488830e-08,94,10,0,30,corr_ratio_high,7.61164431e-01,5.00000000e-01,2.49999937e+07,-6.27560938e+00,-2.93075417e+00,-3.34485522e+00,1.00004011e-09
12,3.17118632e-01,1.00488830e-08,94,10,2,32,normal_corr_dominates,3.48222364e+00,1.00000000e+00,2.50000073e+07,7.27478727e+00,-2.93075417e+00,1.02055414e+01,1.00006192e-09
12,3.17118632e-01,1.00488830e-08,94,13,2,41,normal_corr_dominates,1.33328090e+00,1.00000000e+00,2.50000012e+07,1.20182052e+00,-3.60602883e+00,4.80784935e+00,1.00005934e-09
12,3.17118632e-01,1.00488830e-08,94,14,0,42,normal_corr_dominates,5.02129411e+00,1.00000000e+00,2.50000130e+07,1.29551713e+01,-3.22164233e+00,1.61768136e+01,1.00011079e-09
12,3.17118632e-01,1.00488830e-08,94,14,1,43,normal_corr_dominates,6.81165077e+00,1.00000000e+00,2.49999748e+07,-2.51663448e+01,-3.22164233e+00,-2.19447024e+01,1.00006840e-09
12,3.17118632e-01,1.00488830e-08,94,14,2,44,normal_corr_dominates,2.40709861e+00,1.00000000e+00,2.50000045e+07,4.53316844e+00,-3.22164233e+00,7.75481077e+00,1.00004354e-09
12,3.17118632e-01,1.00488830e-08,94,14,2,44,corr_ratio_high,6.58889044e-01,5.00000000e-01,2.50000045e+07,4.53316844e+00,-3.22164233e+00,7.75481077e+00,1.00004354e-09
12,3.17118632e-01,1.00488830e-08,94,15,0,45,normal_corr_dominates,6.93847493e+00,1.00000000e+00,2.50000139e+07,1.39182941e+01,-2.34374890e+00,1.62620430e+01,1.00004031e-09
12,3.17118632e-01,1.00488830e-08,94,15,1,46,normal_corr_dominates,1.24753317e+00,1.00000000e+00,2.50000006e+07,5.80155584e-01,-2.34374890e+00,2.92390449e+00,1.00005567e-09
12,3.17118632e-01,1.00488830e-08,94,15,2,47,normal_corr_dominates,3.58009602e+00,1.00000000e+00,2.49999893e+07,-1.07345950e+01,-2.34374890e+00,-8.39084612e+00,1.00006657e-09
12,3.17118632e-01,1.00488830e-08,94,17,0,51,normal_corr_dominates,5.68557523e+00,1.00000000e+00,2.49999888e+07,-1.12468753e+01,-1.68225992e+00,-9.56461537e+00,1.00005028e-09
12,3.17118632e-01,1.00488830e-08,94,17,0,51,corr_ratio_high,5.02210323e-01,5.00000000e-01,2.49999888e+07,-1.12468753e+01,-1.68225992e+00,-9.56461537e+00,1.00005028e-09
12,3.17118632e-01,1.00488830e-08,94,17,1,52,normal_corr_dominates,5.54047396e+00,1.00000000e+00,2.49999890e+07,-1.10027772e+01,-1.68225992e+00,-9.32051731e+00,1.00005696e-09
12,3.17118632e-01,1.00488830e-08,94,17,2,53,normal_corr_dominates,8.10429882e+00,1.00000000e+00,2.50000120e+07,1.19512772e+01,-1.68225992e+00,1.36335371e+01,1.00006227e-09
12,3.17118632e-01,1.00488830e-08,94,18,0,54,normal_corr_dominates,2.20967820e+00,1.00000000e+00,2.50000018e+07,1.77472699e+00,-1.46710670e+00,3.24183368e+00,1.00005075e-09
12,3.17118632e-01,1.00488830e-08,94,18,1,55,normal_corr_dominates,2.94041057e+00,1.00000000e+00,2.50000028e+07,2.84678933e+00,-1.46710670e+00,4.31389603e+00,1.00005280e-09
12,3.17118632e-01,1.00488830e-08,94,18,2,56,normal_corr_dominates,4.10952959e+00,1.00000000e+00,2.49999925e+07,-7.49622508e+00,-1.46710670e+00,-6.02911838e+00,1.00005688e-09
12,3.17118632e-01,1.00488830e-08,94,19,0,57,normal_corr_dominates,5.81309791e+00,1.00000000e+00,2.49999843e+07,-1.57239684e+01,-2.30790290e+00,-1.34160655e+01,1.00001614e-09
12,3.17118632e-01,1.00488830e-08,94,19,0,57,corr_ratio_high,2.32844511e+00,5.00000000e-01,2.49999843e+07,-1.57239684e+01,-2.30790290e+00,-1.34160655e+01,1.00001614e-09
12,3.17118632e-01,1.00488830e-08,94,19,1,58,normal_corr_dominates,4.57808882e+00,1.00000000e+00,2.50000083e+07,8.25788155e+00,-2.30790290e+00,1.05657844e+01,1.00005730e-09
12,3.17118632e-01,1.00488830e-08,94,20,0,60,normal_corr_dominates,2.05080939e+00,1.00000000e+00,2.50000016e+07,1.57637726e+00,-1.50015528e+00,3.07653254e+00,1.00004978e-09
12,3.17118632e-01,1.00488830e-08,94,20,1,61,normal_corr_dominates,3.35129638e+00,1.00000000e+00,2.49999935e+07,-6.52762023e+00,-1.50015528e+00,-5.02746496e+00,1.00005718e-09
12,3.17118632e-01,1.00488830e-08,94,20,2,62,normal_corr_dominates,4.90436560e+00,1.00000000e+00,2.49999911e+07,-8.85746522e+00,-1.50015528e+00,-7.35730994e+00,1.00005967e-09
12,3.17118632e-01,1.00488830e-08,94,21,2,65,normal_corr_dominates,2.87924822e+00,1.00000000e+00,2.50000073e+07,7.29289192e+00,-3.88074967e+00,1.11736416e+01,1.00004823e-09
12,3.17118632e-01,1.00488830e-08,94,22,2,68,normal_corr_dominates,2.29909451e+00,1.00000000e+00,2.49999899e+07,-1.01131443e+01,-3.06543030e+00,-7.04771398e+00,1.00005780e-09
12,3.17118632e-01,1.00488830e-08,94,23,0,69,normal_corr_dominates,3.20206038e+00,1.00000000e+00,2.49999921e+07,-7.87076513e+00,-1.87307283e+00,-5.99769230e+00,1.00006527e-09
12,3.17118632e-01,1.00488830e-08,94,23,1,70,normal_corr_dominates,1.14635322e+00,1.00000000e+00,2.50000003e+07,2.74130246e-01,-1.87307283e+00,2.14720308e+00,1.00006875e-09
12,3.17118632e-01,1.00488830e-08,94,23,2,71,normal_corr_dominates,3.39171213e+00,1.00000000e+00,2.50000045e+07,4.47985101e+00,-1.87307283e+00,6.35292384e+00,1.00005766e-09
12,3.17118632e-01,1.00488830e-08,94,25,0,75,normal_corr_dominates,1.59474975e+01,1.00000000e+00,2.50000098e+07,9.76783267e+00,-6.53476122e-01,1.04213088e+01,1.00007501e-09
12,3.17118632e-01,1.00488830e-08,94,25,1,76,normal_corr_dominates,1.86986430e+01,1.00000000e+00,2.49999871e+07,-1.28725928e+01,-6.53476122e-01,-1.22191167e+01,1.00006223e-09
12,3.17118632e-01,1.00488830e-08,94,25,1,76,corr_ratio_high,6.10307111e-01,5.00000000e-01,2.49999871e+07,-1.28725928e+01,-6.53476122e-01,-1.22191167e+01,1.00006223e-09
12,3.17118632e-01,1.00488830e-08,94,25,2,77,normal_corr_dominates,1.54786205e+01,1.00000000e+00,2.49999892e+07,-1.07683850e+01,-6.53476122e-01,-1.01149089e+01,1.00007719e-09
12,3.17118632e-01,1.00488830e-08,94,26,0,78,normal_corr_dominates,1.07091493e+00,1.00000000e+00,2.50000001e+07,1.29480342e-01,-1.82585446e+00,1.95533480e+00,1.00007947e-09
12,3.17118632e-01,1.00488830e-08,94,26,1,79,normal_corr_dominates,2.22824390e+00,1.00000000e+00,2.50000022e+07,2.24259460e+00,-1.82585446e+00,4.06844906e+00,1.00005297e-09
12,3.17118632e-01,1.00488830e-08,94,26,2,80,normal_corr_dominates,6.05532450e+00,1.00000000e+00,2.49999871e+07,-1.28819957e+01,-1.82585446e+00,-1.10561412e+01,1.00007343e-09
12,3.17118632e-01,1.00488830e-08,94,28,0,84,normal_corr_dominates,5.47792928e+00,1.00000000e+00,2.49999755e+07,-2.45075351e+01,-3.78323598e+00,-2.07242991e+01,1.00009307e-09
12,3.17118632e-01,1.00488830e-08,94,28,2,86,normal_corr_dominates,1.43362326e+00,1.00000000e+00,2.50000016e+07,1.64049913e+00,-3.78323598e+00,5.42373512e+00,1.00005734e-09
12,3.17118632e-01,1.00488830e-08,94,29,0,87,normal_corr_dominates,5.33189539e+00,1.00000000e+00,2.50000058e+07,5.82501970e+00,-1.34468153e+00,7.16970122e+00,1.00008392e-09
12,3.17118632e-01,1.00488830e-08,94,29,1,88,corr_ratio_high,7.45923971e-01,5.00000000e-01,2.49999996e+07,-4.37446392e-01,-1.34468153e+00,9.07235133e-01,1.00004174e-09
12,3.17118632e-01,1.00488830e-08,94,29,2,89,normal_corr_dominates,4.63273011e+00,1.00000000e+00,2.49999924e+07,-7.57422811e+00,-1.34468153e+00,-6.22954659e+00,1.00006002e-09
12,3.17118632e-01,1.00488830e-08,94,30,1,91,normal_corr_dominates,1.65893777e+00,1.00000000e+00,2.49999918e+07,-8.17545562e+00,-3.07470739e+00,-5.10074823e+00,1.00006464e-09
12,3.17118632e-01,1.00488830e-08,94,32,0,96,normal_corr_dominates,1.35021739e+02,1.00000000e+00,2.49999843e+07,-1.57475366e+01,-1.15772205e-01,-1.56317644e+01,1.00007699e-09
12,3.17118632e-01,1.00488830e-08,94,32,1,97,normal_corr_dominates,6.61534769e+01,1.00000000e+00,2.50000075e+07,7.54296167e+00,-1.15772205e-01,7.65873387e+00,1.00007021e-09
12,3.17118632e-01,1.00488830e-08,94,32,2,98,normal_corr_dominates,1.59070364e+01,1.00000000e+00,2.49999980e+07,-1.95736489e+00,-1.15772205e-01,-1.84159268e+00,1.00004415e-09
12,3.17118632e-01,1.00488830e-08,94,32,2,98,corr_ratio_high,7.97349928e-01,5.00000000e-01,2.49999980e+07,-1.95736489e+00,-1.15772205e-01,-1.84159268e+00,1.00004415e-09
12,3.17118632e-01,1.00488830e-08,94,31,1,94,normal_corr_dominates,2.09411480e+00,1.00000000e+00,2.50000026e+07,2.63725908e+00,-2.41040435e+00,5.04766343e+00,1.00007609e-09
12,3.17118632e-01,1.00488830e-08,94,31,2,95,normal_corr_dominates,3.35496749e+00,1.00000000e+00,2.49999895e+07,-1.04972326e+01,-2.41040435e+00,-8.08682821e+00,1.00007345e-09
12,3.17118632e-01,1.00488830e-08,94,12,0,36,normal_corr_dominates,1.46031137e+00,1.00000000e+00,2.50000030e+07,2.97111019e+00,-6.45456612e+00,9.42567631e+00,1.00010094e-09
12,3.17118632e-01,1.00488830e-08,94,12,2,38,normal_corr_dominates,2.33051584e+00,1.00000000e+00,2.50000086e+07,8.58790247e+00,-6.45456612e+00,1.50424686e+01,1.00002720e-09
12,3.17118632e-01,1.00488830e-08,94,12,2,38,corr_ratio_high,1.52929594e+00,5.00000000e-01,2.50000086e+07,8.58790247e+00,-6.45456612e+00,1.50424686e+01,1.00002720e-09
13,3.43545307e-01,1.08862939e-08,94,0,0,0,normal_corr_dominates,8.44800445e+00,1.00000000e+00,2.49999862e+07,-1.38249103e+01,-1.46326246e+00,-1.23616478e+01,1.00005819e-09
13,3.43545307e-01,1.08862939e-08,94,0,1,1,normal_corr_dominates,7.30141802e+00,1.00000000e+00,2.50000092e+07,9.22062845e+00,-1.46326246e+00,1.06838909e+01,1.00003943e-09
13,3.43545307e-01,1.08862939e-08,94,0,2,2,normal_corr_dominates,3.52685122e+00,1.00000000e+00,2.50000037e+07,3.69744655e+00,-1.46326246e+00,5.16070901e+00,1.00009117e-09
13,3.43545307e-01,1.08862939e-08,94,1,0,3,normal_corr_dominates,2.25495583e+00,1.00000000e+00,2.50000035e+07,3.49662888e+00,-2.78625654e+00,6.28288542e+00,1.00007770e-09
13,3.43545307e-01,1.08862939e-08,94,1,1,4,normal_corr_dominates,5.41245568e+00,1.00000000e+00,2.50000123e+07,1.22942335e+01,-2.78625654e+00,1.50804900e+01,1.00005496e-09
13,3.43545307e-01,1.08862939e-08,94,1,2,5,normal_corr_dominates,4.06225695e+00,1.00000000e+00,2.49999859e+07,-1.41047465e+01,-2.78625654e+00,-1.13184900e+01,1.00008368e-09
13,3.43545307e-01,1.08862939e-08,94,2,0,6,normal_corr_dominates,1.22399947e+01,1.00000000e+00,2.50000159e+07,1.58835222e+01,-1.41312542e+00,1.72966476e+01,1.00003510e-09
13,3.43545307e-01,1.08862939e-08,94,2,0,6,corr_ratio_high,6.06184362e-01,5.00000000e-01,2.50000159e+07,1.58835222e+01,-1.41312542e+00,1.72966476e+01,1.00003510e-09
13,3.43545307e-01,1.08862939e-08,94,2,1,7,normal_corr_dominates,2.88464336e+00,1.00000000e+00,2.49999945e+07,-5.48948827e+00,-1.41312542e+00,-4.07636285e+00,1.00009745e-09
13,3.43545307e-01,1.08862939e-08,94,2,2,8,normal_corr_dominates,3.17736060e+00,1.00000000e+00,2.49999941e+07,-5.90313445e+00,-1.41312542e+00,-4.49000903e+00,1.00007101e-09
13,3.43545307e-01,1.08862939e-08,94,3,0,9,normal_corr_dominates,5.57249231e+00,1.00000000e+00,2.49999861e+07,-1.38766206e+01,-2.11131790e+00,-1.17653027e+01,1.00006097e-09
13,3.43545307e-01,1.08862939e-08,94,3,1,10,normal_corr_dominates,3.26398169e+00,1.00000000e+00,2.50000048e+07,4.77998506e+00,-2.11131790e+00,6.89130296e+00,1.00008378e-09
13,3.43545307e-01,1.08862939e-08,94,3,2,11,normal_corr_dominates,5.90599219e+00,1.00000000e+00,2.50000104e+07,1.03581091e+01,-2.11131790e+00,1.24694270e+01,1.00006244e-09
13,3.43545307e-01,1.08862939e-08,94,4,0,12,normal_corr_dominates,4.93999566e+00,1.00000000e+00,2.50000043e+07,4.29580148e+00,-1.09030615e+00,5.38610762e+00,1.00005453e-09
13,3.43545307e-01,1.08862939e-08,94,4,1,13,normal_corr_dominates,7.14825331e+00,1.00000000e+00,2.49999911e+07,-8.88409066e+00,-1.09030615e+00,-7.79378452e+00,1.00005900e-09
13,3.43545307e-01,1.08862939e-08,94,4,2,14,normal_corr_dominates,7.26922965e+00,1.00000000e+00,2.50000068e+07,6.83537961e+00,-1.09030615e+00,7.92568576e+00,1.00005560e-09
13,3.43545307e-01,1.08862939e-08,94,5,0,15,normal_corr_dominates,1.47261379e+00,1.00000000e+00,2.50000021e+07,2.13438270e+00,-4.51612442e+00,6.65050711e+00,1.00005762e-09
13,3.43545307e-01,1.08862939e-08,94,5,1,16,normal_corr_dominates,2.20952805e+00,1.00000000e+00,2.49999855e+07,-1.44946280e+01,-4.51612442e+00,-9.97850358e+00,1.00003813e-09
13,3.43545307e-01,1.08862939e-08,94,5,1,16,corr_ratio_high,9.16263022e-01,5.00000000e-01,2.49999855e+07,-1.44946280e+01,-4.51612442e+00,-9.97850358e+00,1.00003813e-09
13,3.43545307e-01,1.08862939e-08,94,5,2,17,normal_corr_dominates,2.31156076e+00,1.00000000e+00,2.50000059e+07,5.92317159e+00,-4.51612442e+00,1.04392960e+01,1.00006282e-09
13,3.43545307e-01,1.08862939e-08,94,8,0,24,normal_corr_dominates,3.42750547e+00,1.00000000e+00,2.50000045e+07,4.50420239e+00,-1.85548599e+00,6.35968837e+00,1.00007277e-09
13,3.43545307e-01,1.08862939e-08,94,8,1,25,normal_corr_dominates,1.63652910e+00,1.00000000e+00,2.50000012e+07,1.18107083e+00,-1.85548599e+00,3.03655681e+00,1.00006259e-09
13,3.43545307e-01,1.08862939e-08,94,8,2,26,normal_corr_dominates,4.67926137e+00,1.00000000e+00,2.49999895e+07,-1.05377899e+01,-1.85548599e+00,-8.68230390e+00,1.00008277e-09
13,3.43545307e-01,1.08862939e-08,94,9,0,27,normal_corr_dominates,2.80323491e+00,1.00000000e+00,2.49999887e+07,-1.12596381e+01,-2.96054238e+00,-8.29909575e+00,1.00007472e-09
13,3.43545307e-01,1.08862939e-08,94,9,1,28,normal_corr_dominates,4.22132753e+00,1.00000000e+00,2.50000095e+07,9.53687668e+00,-2.96054238e+00,1.24974191e+01,1.00005718e-09
13,3.43545307e-01,1.08862939e-08,94,9,2,29,normal_corr_dominates,3.43059758e+00,1.00000000e+00,2.49999869e+07,-1.31169719e+01,-2.96054238e+00,-1.01564295e+01,1.00008688e-09
13,3.43545307e-01,1.08862939e-08,94,10,0,30,normal_corr_dominates,1.14557228e+00,1.00000000e+00,2.49999932e+07,-6.77670923e+00,-3.15846234e+00,-3.61824690e+00,1.00004332e-09
13,3.43545307e-01,1.08862939e-08,94,10,0,30,corr_ratio_high,7.60208664e-01,5.00000000e-01,2.49999932e+07,-6.77670923e+00,-3.15846234e+00,-3.61824690e+00,1.00004332e-09
13,3.43545307e-01,1.08862939e-08,94,10,2,32,normal_corr_dominates,3.48822367e+00,1.00000000e+00,2.50000079e+07,7.85896076e+00,-3.15846234e+00,1.10174231e+01,1.00006682e-09
13,3.43545307e-01,1.08862939e-08,94,13,2,41,normal_corr_dominates,1.33373373e+00,1.00000000e+00,2.50000013e+07,1.29791741e+00,-3.88908069e+00,5.18699810e+00,1.00006403e-09
13,3.43545307e-01,1.08862939e-08,94,14,0,42,normal_corr_dominates,5.02682857e+00,1.00000000e+00,2.50000140e+07,1.39855360e+01,-3.47308950e+00,1.74586255e+01,1.00011953e-09
13,3.43545307e-01,1.08862939e-08,94,14,1,43,normal_corr_dominates,6.81979564e+00,1.00000000e+00,2.49999728e+07,-2.71588501e+01,-3.47308950e+00,-2.36857606e+01,1.00007383e-09
13,3.43545307e-01,1.08862939e-08,94,14,2,44,normal_corr_dominates,2.40932705e+00,1.00000000e+00,2.50000049e+07,4.89471898e+00,-3.47308950e+00,8.36780848e+00,1.00004698e-09
13,3.43545307e-01,1.08862939e-08,94,14,2,44,corr_ratio_high,6.59060165e-01,5.00000000e-01,2.50000049e+07,4.89471898e+00,-3.47308950e+00,8.36780848e+00,1.00004698e-09
13,3.43545307e-01,1.08862939e-08,94,15,0,45,normal_corr_dominates,6.94291832e+00,1.00000000e+00,2.50000150e+07,1.50218862e+01,-2.52769523e+00,1.75495815e+01,1.00004350e-09
13,3.43545307e-01,1.08862939e-08,94,15,1,46,normal_corr_dominates,1.24954163e+00,1.00000000e+00,2.50000006e+07,6.30765176e-01,-2.52769523e+00,3.15846040e+00,1.00006009e-09
13,3.43545307e-01,1.08862939e-08,94,15,2,47,normal_corr_dominates,3.58264353e+00,1.00000000e+00,2.49999884e+07,-1.15835262e+01,-2.52769523e+00,-9.05583094e+00,1.00007184e-09
13,3.43545307e-01,1.08862939e-08,94,17,0,51,normal_corr_dominates,5.69863903e+00,1.00000000e+00,2.49999879e+07,-1.21411057e+01,-1.81247349e+00,-1.03286322e+01,1.00005426e-09
13,3.43545307e-01,1.08862939e-08,94,17,0,51,corr_ratio_high,5.02332980e-01,5.00000000e-01,2.49999879e+07,-1.21411057e+01,-1.81247349e+00,-1.03286322e+01,1.00005426e-09
13,3.43545307e-01,1.08862939e-08,94,17,1,52,normal_corr_dominates,5.55180875e+00,1.00000000e+00,2.49999881e+07,-1.18749797e+01,-1.81247349e+00,-1.00625062e+01,1.00006148e-09
13,3.43545307e-01,1.08862939e-08,94,17,2,53,normal_corr_dominates,8.12113724e+00,1.00000000e+00,2.50000129e+07,1.29068725e+01,-1.81247349e+00,1.47193460e+01,1.00006718e-09
13,3.43545307e-01,1.08862939e-08,94,18,0,54,normal_corr_dominates,2.21359498e+00,1.00000000e+00,2.50000019e+07,1.91906931e+00,-1.58130953e+00,3.50037885e+00,1.00005477e-09
13,3.43545307e-01,1.08862939e-08,94,18,1,55,normal_corr_dominates,2.94449209e+00,1.00000000e+00,2.50000031e+07,3.07484388e+00,-1.58130953e+00,4.65615342e+00,1.00005698e-09
13,3.43545307e-01,1.08862939e-08,94,18,2,56,normal_corr_dominates,4.11543470e+00,1.00000000e+00,2.49999919e+07,-8.08908565e+00,-1.58130953e+00,-6.50777612e+00,1.00006138e-09
13,3.43545307e-01,1.08862939e-08,94,19,0,57,normal_corr_dominates,5.81757031e+00,1.00000000e+00,2.49999830e+07,-1.69714477e+01,-2.48936893e+00,-1.44820788e+01,1.00001744e-09
13,3.43545307e-01,1.08862939e-08,94,19,0,57,corr_ratio_high,2.32679466e+00,5.00000000e-01,2.49999830e+07,-1.69714477e+01,-2.48936893e+00,-1.44820788e+01,1.00001744e-09
13,3.43545307e-01,1.08862939e-08,94,19,1,58,normal_corr_dominates,4.58030684e+00,1.00000000e+00,2.50000089e+07,8.91270460e+00,-2.48936893e+00,1.14020735e+01,1.00006183e-09
13,3.43545307e-01,1.08862939e-08,94,20,0,60,normal_corr_dominates,2.05456907e+00,1.00000000e+00,2.50000017e+07,1.70495905e+00,-1.61673531e+00,3.32169436e+00,1.00005372e-09
13,3.43545307e-01,1.08862939e-08,94,20,1,61,normal_corr_dominates,3.35734460e+00,1.00000000e+00,2.49999930e+07,-7.04467288e+00,-1.61673531e+00,-5.42793757e+00,1.00006171e-09
13,3.43545307e-01,1.08862939e-08,94,20,2,62,normal_corr_dominates,4.91274218e+00,1.00000000e+00,2.49999904e+07,-9.55933907e+00,-1.61673531e+00,-7.94260376e+00,1.00006439e-09
13,3.43545307e-01,1.08862939e-08,94,21,2,65,normal_corr_dominates,2.88176763e+00,1.00000000e+00,2.50000079e+07,7.87403435e+00,-4.18438187e+00,1.20584162e+01,1.00005205e-09
13,3.43545307e-01,1.08862939e-08,94,22,2,68,normal_corr_dominates,2.30038566e+00,1.00000000e+00,2.49999891e+07,-1.09095799e+01,-3.30554699e+00,-7.60403291e+00,1.00006238e-09
13,3.43545307e-01,1.08862939e-08,94,23,0,69,normal_corr_dominates,3.20580306e+00,1.00000000e+00,2.49999915e+07,-8.48672191e+00,-2.01786003e+00,-6.46886188e+00,1.00007043e-09
13,3.43545307e-01,1.08862939e-08,94,23,1,70,normal_corr_dominates,1.14992146e+00,1.00000000e+00,2.50000003e+07,3.02520526e-01,-2.01786003e+00,2.32038056e+00,1.00007418e-09
13,3.43545307e-01,1.08862939e-08,94,23,2,71,normal_corr_dominates,3.39929714e+00,1.00000000e+00,2.50000048e+07,4.84144580e+00,-2.01786003e+00,6.85930584e+00,1.00006222e-09
13,3.43545307e-01,1.08862939e-08,94,25,0,75,normal_corr_dominates,1.60359247e+01,1.00000000e+00,2.50000105e+07,1.05432523e+01,-7.01204118e-01,1.12444564e+01,1.00008094e-09
13,3.43545307e-01,1.08862939e-08,94,25,1,76,normal_corr_dominates,1.88032598e+01,1.00000000e+00,2.49999861e+07,-1.38861273e+01,-7.01204118e-01,-1.31849232e+01,1.00006715e-09
13,3.43545307e-01,1.08862939e-08,94,25,1,76,corr_ratio_high,6.10502645e-01,5.00000000e-01,2.49999861e+07,-1.38861273e+01,-7.01204118e-01,-1.31849232e+01,1.00006715e-09
13,3.43545307e-01,1.08862939e-08,94,25,2,77,normal_corr_dominates,1.55759190e+01,1.00000000e+00,2.49999884e+07,-1.16231027e+01,-7.01204118e-01,-1.09218986e+01,1.00008330e-09
13,3.43545307e-01,1.08862939e-08,94,26,0,78,normal_corr_dominates,1.07534912e+00,1.00000000e+00,2.50000001e+07,1.48171406e-01,-1.96646487e+00,2.11463628e+00,1.00008574e-09
13,3.43545307e-01,1.08862939e-08,94,26,1,79,normal_corr_dominates,2.23254335e+00,1.00000000e+00,2.50000024e+07,2.42375320e+00,-1.96646487e+00,4.39021807e+00,1.00005718e-09
13,3.43545307e-01,1.08862939e-08,94,26,2,80,normal_corr_dominates,6.07122131e+00,1.00000000e+00,2.49999861e+07,-1.39053083e+01,-1.96646487e+00,-1.19388434e+01,1.00007924e-09
13,3.43545307e-01,1.08862939e-08,94,28,0,84,normal_corr_dominates,5.48019825e+00,1.00000000e+00,2.49999736e+07,-2.64483347e+01,-4.08140827e+00,-2.23669264e+01,1.00010045e-09
13,3.43545307e-01,1.08862939e-08,94,28,2,86,normal_corr_dominates,1.43406203e+00,1.00000000e+00,2.50000018e+07,1.77158437e+00,-4.08140827e+00,5.85299264e+00,1.00006186e-09
13,3.43545307e-01,1.08862939e-08,94,29,0,87,normal_corr_dominates,5.33735893e+00,1.00000000e+00,2.50000063e+07,6.28784558e+00,-1.44969454e+00,7.73754012e+00,1.00009057e-09
13,3.43545307e-01,1.08862939e-08,94,29,1,88,corr_ratio_high,7.45858483e-01,5.00000000e-01,2.49999995e+07,-4.69201181e-01,-1.44969454e+00,9.80493364e-01,1.00004505e-09
13,3.43545307e-01,1.08862939e-08,94,29,2,89,normal_corr_dominates,4.63696625e+00,1.00000000e+00,2.49999918e+07,-8.17187923e+00,-1.44969454e+00,-6.72218468e+00,1.00006476e-09
13,3.43545307e-01,1.08862939e-08,94,30,1,91,normal_corr_dominates,1.66022756e+00,1.00000000e+00,2.49999912e+07,-8.81824953e+00,-3.31484782e+00,-5.50340171e+00,1.00006975e-09
13,3.43545307e-01,1.08862939e-08,94,32,0,96,normal_corr_dominates,1.36116396e+02,1.00000000e+00,2.49999830e+07,-1.69941804e+01,-1.23939813e-01,-1.68702406e+01,1.00008308e-09
13,3.43545307e-01,1.08862939e-08,94,32,1,97,normal_corr_dominates,6.66823595e+01,1.00000000e+00,2.50000081e+07,8.14065934e+00,-1.23939813e-01,8.26459915e+00,1.00007578e-09
13,3.43545307e-01,1.08862939e-08,94,32,2,98,normal_corr_dominates,1.60078372e+01,1.00000000e+00,2.49999979e+07,-2.10794816e+00,-1.23939813e-01,-1.98400835e+00,1.00004764e-09
13,3.43545307e-01,1.08862939e-08,94,32,2,98,corr_ratio_high,7.97577464e-01,5.00000000e-01,2.49999979e+07,-2.10794816e+00,-1.23939813e-01,-1.98400835e+00,1.00004764e-09
13,3.43545307e-01,1.08862939e-08,94,31,1,94,normal_corr_dominates,2.09737168e+00,1.00000000e+00,2.50000028e+07,2.84913829e+00,-2.59632933e+00,5.44546762e+00,1.00008211e-09
13,3.43545307e-01,1.08862939e-08,94,31,2,95,normal_corr_dominates,3.36332952e+00,1.00000000e+00,2.49999887e+07,-1.13286404e+01,-2.59632933e+00,-8.73231109e+00,1.00007926e-09
13,3.43545307e-01,1.08862939e-08,94,12,0,36,normal_corr_dominates,1.46138415e+00,1.00000000e+00,2.50000032e+07,3.21183512e+00,-6.96130349e+00,1.01731386e+01,1.00010892e-09
13,3.43545307e-01,1.08862939e-08,94,12,2,38,normal_corr_dominates,2.33233044e+00,1.00000000e+00,2.50000093e+07,9.27475657e+00,-6.96130349e+00,1.62360601e+01,1.00002936e-09
13,3.43545307e-01,1.08862939e-08,94,12,2,38,corr_ratio_high,1.52838471e+00,5.00000000e-01,2.50000093e+07,9.27475657e+00,-6.96130349e+00,1.62360601e+01,1.00002936e-09
14,3.70658749e-01,1.17454670e-08,94,0,0,0,normal_corr_dominates,8.46269675e+00,1.00000000e+00,2.49999851e+07,-1.48630880e+01,-1.57070319e+00,-1.32923848e+01,1.00006255e-09
14,3.70658749e-01,1.17454670e-08,94,0,1,1,normal_corr_dominates,7.30938826e+00,1.00000000e+00,2.50000099e+07,9.91017624e+00,-1.57070319e+00,1.14808794e+01,1.00004240e-09
14,3.70658749e-01,1.17454670e-08,94,0,2,2,normal_corr_dominates,3.53788327e+00,1.00000000e+00,2.50000040e+07,3.98626133e+00,-1.57070319e+00,5.55696452e+00,1.00009797e-09
14,3.70658749e-01,1.17454670e-08,94,1,0,3,normal_corr_dominates,2.25818553e+00,1.00000000e+00,2.50000038e+07,3.76455385e+00,-2.99204987e+00,6.75660372e+00,1.00008352e-09
14,3.70658749e-01,1.17454670e-08,94,1,1,4,normal_corr_dominates,5.42007320e+00,1.00000000e+00,2.50000132e+07,1.32250795e+01,-2.99204987e+00,1.62171293e+01,1.00005906e-09
14,3.70658749e-01,1.17454670e-08,94,1,2,5,normal_corr_dominates,4.06797683e+00,1.00000000e+00,2.49999848e+07,-1.51636394e+01,-2.99204987e+00,-1.21715896e+01,1.00008993e-09
14,3.70658749e-01,1.17454670e-08,94,2,0,6,normal_corr_dominates,1.22573819e+01,1.00000000e+00,2.50000171e+07,1.70732124e+01,-1.51662372e+00,1.85898361e+01,1.00003774e-09
14,3.70658749e-01,1.17454670e-08,94,2,0,6,corr_ratio_high,6.05900608e-01,5.00000000e-01,2.50000171e+07,1.70732124e+01,-1.51662372e+00,1.85898361e+01,1.00003774e-09
14,3.70658749e-01,1.17454670e-08,94,2,1,7,normal_corr_dominates,2.88412865e+00,1.00000000e+00,2.49999941e+07,-5.89076164e+00,-1.51662372e+00,-4.37413792e+00,1.00010471e-09
14,3.70658749e-01,1.17454670e-08,94,2,2,8,normal_corr_dominates,3.18213341e+00,1.00000000e+00,2.49999937e+07,-6.34272272e+00,-1.51662372e+00,-4.82609900e+00,1.00007633e-09
14,3.70658749e-01,1.17454670e-08,94,3,0,9,normal_corr_dominates,5.57967098e+00,1.00000000e+00,2.49999851e+07,-1.49185255e+01,-2.26736648e+00,-1.26511590e+01,1.00006554e-09
14,3.70658749e-01,1.17454670e-08,94,3,1,10,normal_corr_dominates,3.26992018e+00,1.00000000e+00,2.50000051e+07,5.14674094e+00,-2.26736648e+00,7.41410742e+00,1.00009004e-09
14,3.70658749e-01,1.17454670e-08,94,3,2,11,normal_corr_dominates,5.91357530e+00,1.00000000e+00,2.50000111e+07,1.11408760e+01,-2.26736648e+00,1.34082424e+01,1.00006710e-09
14,3.70658749e-01,1.17454670e-08,94,4,0,12,normal_corr_dominates,4.95080791e+00,1.00000000e+00,2.50000046e+07,4.62066760e+00,-1.16955006e+00,5.79021766e+00,1.00005861e-09
14,3.70658749e-01,1.17454670e-08,94,4,1,13,normal_corr_dominates,7.16395833e+00,1.00000000e+00,2.49999905e+07,-9.54815791e+00,-1.16955006e+00,-8.37860786e+00,1.00006341e-09
14,3.70658749e-01,1.17454670e-08,94,4,2,14,normal_corr_dominates,7.28207256e+00,1.00000000e+00,2.50000073e+07,7.34719831e+00,-1.16955006e+00,8.51674836e+00,1.00005977e-09
14,3.70658749e-01,1.17454670e-08,94,5,0,15,normal_corr_dominates,1.47359727e+00,1.00000000e+00,2.50000023e+07,2.29845002e+00,-4.85317409e+00,7.15162411e+00,1.00006193e-09
14,3.70658749e-01,1.17454670e-08,94,5,1,16,normal_corr_dominates,2.21063913e+00,1.00000000e+00,2.49999844e+07,-1.55817906e+01,-4.85317409e+00,-1.07286165e+01,1.00004100e-09
14,3.70658749e-01,1.17454670e-08,94,5,1,16,corr_ratio_high,9.15672324e-01,5.00000000e-01,2.49999844e+07,-1.55817906e+01,-4.85317409e+00,-1.07286165e+01,1.00004100e-09
14,3.70658749e-01,1.17454670e-08,94,5,2,17,normal_corr_dominates,2.31204967e+00,1.00000000e+00,2.50000064e+07,6.36760545e+00,-4.85317409e+00,1.12207795e+01,1.00006751e-09
14,3.70658749e-01,1.17454670e-08,94,8,0,24,normal_corr_dominates,3.43556419e+00,1.00000000e+00,2.50000048e+07,4.84847409e+00,-1.99069854e+00,6.83917263e+00,1.00007821e-09
14,3.70658749e-01,1.17454670e-08,94,8,1,25,normal_corr_dominates,1.63862424e+00,1.00000000e+00,2.50000013e+07,1.27130834e+00,-1.99069854e+00,3.26200688e+00,1.00006727e-09
14,3.70658749e-01,1.17454670e-08,94,8,2,26,normal_corr_dominates,4.68982955e+00,1.00000000e+00,2.49999887e+07,-1.13267354e+01,-1.99069854e+00,-9.33603686e+00,1.00008896e-09
14,3.70658749e-01,1.17454670e-08,94,9,0,27,normal_corr_dominates,2.80408612e+00,1.00000000e+00,2.49999879e+07,-1.20936136e+01,-3.17911141e+00,-8.91450217e+00,1.00008029e-09
14,3.70658749e-01,1.17454670e-08,94,9,1,28,normal_corr_dominates,4.22752155e+00,1.00000000e+00,2.50000103e+07,1.02606506e+01,-3.17911141e+00,1.34397620e+01,1.00006146e-09
14,3.70658749e-01,1.17454670e-08,94,9,2,29,normal_corr_dominates,3.43615949e+00,1.00000000e+00,2.49999859e+07,-1.41030453e+01,-3.17911141e+00,-1.09239339e+01,1.00009338e-09
14,3.70658749e-01,1.17454670e-08,94,10,0,30,normal_corr_dominates,1.14970306e+00,1.00000000e+00,2.49999927e+07,-7.28844646e+00,-3.39044335e+00,-3.89800310e+00,1.00004658e-09
14,3.70658749e-01,1.17454670e-08,94,10,0,30,corr_ratio_high,7.59273538e-01,5.00000000e-01,2.49999927e+07,-7.28844646e+00,-3.39044335e+00,-3.89800310e+00,1.00004658e-09
14,3.70658749e-01,1.17454670e-08,94,10,2,32,normal_corr_dominates,3.49397721e+00,1.00000000e+00,2.50000085e+07,8.45568845e+00,-3.39044335e+00,1.18461318e+01,1.00007181e-09
14,3.70658749e-01,1.17454670e-08,94,13,2,41,normal_corr_dominates,1.33414461e+00,1.00000000e+00,2.50000014e+07,1.39594744e+00,-4.17767456e+00,5.57362199e+00,1.00006882e-09
14,3.70658749e-01,1.17454670e-08,94,14,0,42,normal_corr_dominates,5.03211813e+00,1.00000000e+00,2.50000150e+07,1.50370776e+01,-3.72932466e+00,1.87664022e+01,1.00012846e-09
14,3.70658749e-01,1.17454670e-08,94,14,1,43,normal_corr_dominates,6.82759853e+00,1.00000000e+00,2.49999708e+07,-2.91916562e+01,-3.72932466e+00,-2.54623316e+01,1.00007937e-09
14,3.70658749e-01,1.17454670e-08,94,14,2,44,normal_corr_dominates,2.41145910e+00,1.00000000e+00,2.50000053e+07,5.26378924e+00,-3.72932466e+00,8.99311390e+00,1.00005050e-09
14,3.70658749e-01,1.17454670e-08,94,14,2,44,corr_ratio_high,6.59222395e-01,5.00000000e-01,2.50000053e+07,5.26378924e+00,-3.72932466e+00,8.99311390e+00,1.00005050e-09
14,3.70658749e-01,1.17454670e-08,94,15,0,45,normal_corr_dominates,6.94710292e+00,1.00000000e+00,2.50000161e+07,1.61479360e+01,-2.71526090e+00,1.88631969e+01,1.00004676e-09
14,3.70658749e-01,1.17454670e-08,94,15,1,46,normal_corr_dominates,1.25144874e+00,1.00000000e+00,2.50000007e+07,6.82748944e-01,-2.71526090e+00,3.39800984e+00,1.00006459e-09
14,3.70658749e-01,1.17454670e-08,94,15,2,47,normal_corr_dominates,3.58503193e+00,1.00000000e+00,2.49999876e+07,-1.24495579e+01,-2.71526090e+00,-9.73429703e+00,1.00007722e-09
14,3.70658749e-01,1.17454670e-08,94,17,0,51,normal_corr_dominates,5.71127181e+00,1.00000000e+00,2.49999869e+07,-1.30538932e+01,-1.94506997e+00,-1.11088233e+01,1.00005833e-09
14,3.70658749e-01,1.17454670e-08,94,17,0,51,corr_ratio_high,5.02451268e-01,5.00000000e-01,2.49999869e+07,-1.30538932e+01,-1.94506997e+00,-1.11088233e+01,1.00005833e-09
14,3.70658749e-01,1.17454670e-08,94,17,1,52,normal_corr_dominates,5.56270407e+00,1.00000000e+00,2.49999872e+07,-1.27649186e+01,-1.94506997e+00,-1.08198486e+01,1.00006609e-09
14,3.70658749e-01,1.17454670e-08,94,17,2,53,normal_corr_dominates,8.13736638e+00,1.00000000e+00,2.50000139e+07,1.38826770e+01,-1.94506997e+00,1.58277470e+01,1.00007219e-09
14,3.70658749e-01,1.17454670e-08,94,18,0,54,normal_corr_dominates,2.21732368e+00,1.00000000e+00,2.50000021e+07,2.06661338e+00,-1.69766958e+00,3.76428296e+00,1.00005886e-09
14,3.70658749e-01,1.17454670e-08,94,18,1,55,normal_corr_dominates,2.94837497e+00,1.00000000e+00,2.50000033e+07,3.30769690e+00,-1.69766958e+00,5.00536648e+00,1.00006125e-09
14,3.70658749e-01,1.17454670e-08,94,18,2,56,normal_corr_dominates,4.12105666e+00,1.00000000e+00,2.49999913e+07,-8.69386209e+00,-1.69766958e+00,-6.99619251e+00,1.00006597e-09
14,3.70658749e-01,1.17454670e-08,94,19,0,57,normal_corr_dominates,5.82182231e+00,1.00000000e+00,2.49999818e+07,-1.82443961e+01,-2.67441678e+00,-1.55699793e+01,1.00001876e-09
14,3.70658749e-01,1.17454670e-08,94,19,0,57,corr_ratio_high,2.32517405e+00,5.00000000e-01,2.49999818e+07,-1.82443961e+01,-2.67441678e+00,-1.55699793e+01,1.00001876e-09
14,3.70658749e-01,1.17454670e-08,94,19,1,58,normal_corr_dominates,4.58239498e+00,1.00000000e+00,2.50000096e+07,9.58081725e+00,-2.67441678e+00,1.22552340e+01,1.00006645e-09
14,3.70658749e-01,1.17454670e-08,94,20,0,60,normal_corr_dominates,2.05815749e+00,1.00000000e+00,2.50000018e+07,1.83642522e+00,-1.73549329e+00,3.57191851e+00,1.00005774e-09
14,3.70658749e-01,1.17454670e-08,94,20,1,61,normal_corr_dominates,3.36316260e+00,1.00000000e+00,2.49999924e+07,-7.57223941e+00,-1.73549329e+00,-5.83674612e+00,1.00006633e-09
14,3.70658749e-01,1.17454670e-08,94,20,2,62,normal_corr_dominates,4.92077387e+00,1.00000000e+00,2.49999897e+07,-1.02754633e+01,-1.73549329e+00,-8.53997004e+00,1.00006921e-09
14,3.70658749e-01,1.17454670e-08,94,21,2,65,normal_corr_dominates,2.88417628e+00,1.00000000e+00,2.50000085e+07,8.46727065e+00,-4.49388454e+00,1.29611552e+01,1.00005595e-09
14,3.70658749e-01,1.17454670e-08,94,22,2,68,normal_corr_dominates,2.30158330e+00,1.00000000e+00,2.49999883e+07,-1.17217745e+01,-3.55034945e+00,-8.17142500e+00,1.00006705e-09
14,3.70658749e-01,1.17454670e-08,94,23,0,69,normal_corr_dominates,3.20933076e+00,1.00000000e+00,2.49999909e+07,-9.11451306e+00,-2.16531168e+00,-6.94920138e+00,1.00007568e-09
14,3.70658749e-01,1.17454670e-08,94,23,1,70,normal_corr_dominates,1.15334868e+00,1.00000000e+00,2.50000003e+07,3.32047682e-01,-2.16531168e+00,2.49735936e+00,1.00007972e-09
14,3.70658749e-01,1.17454670e-08,94,23,2,71,normal_corr_dominates,3.40656939e+00,1.00000000e+00,2.50000052e+07,5.21097281e+00,-2.16531168e+00,7.37628449e+00,1.00006687e-09
14,3.70658749e-01,1.17454670e-08,94,25,0,75,normal_corr_dominates,1.61218094e+01,1.00000000e+00,2.50000113e+07,1.13345515e+01,-7.49549951e-01,1.20841015e+01,1.00008700e-09
14,3.70658749e-01,1.17454670e-08,94,25,1,76,normal_corr_dominates,1.89048561e+01,1.00000000e+00,2.49999851e+07,-1.49196839e+01,-7.49549951e-01,-1.41701339e+01,1.00007217e-09
14,3.70658749e-01,1.17454670e-08,94,25,1,76,corr_ratio_high,6.10689035e-01,5.00000000e-01,2.49999851e+07,-1.49196839e+01,-7.49549951e-01,-1.41701339e+01,1.00007217e-09
14,3.70658749e-01,1.17454670e-08,94,25,2,77,normal_corr_dominates,1.56704762e+01,1.00000000e+00,2.49999875e+07,-1.24953546e+01,-7.49549951e-01,-1.17458047e+01,1.00008954e-09
14,3.70658749e-01,1.17454670e-08,94,26,0,78,normal_corr_dominates,1.07960121e+00,1.00000000e+00,2.50000002e+07,1.67927394e-01,-2.10960851e+00,2.27753590e+00,1.00009214e-09
14,3.70658749e-01,1.17454670e-08,94,26,1,79,normal_corr_dominates,2.23670906e+00,1.00000000e+00,2.50000026e+07,2.60897195e+00,-2.10960851e+00,4.71858046e+00,1.00006147e-09
14,3.70658749e-01,1.17454670e-08,94,26,2,80,normal_corr_dominates,6.08650200e+00,1.00000000e+00,2.49999851e+07,-1.49497449e+01,-2.10960851e+00,-1.28401364e+01,1.00008516e-09
14,3.70658749e-01,1.17454670e-08,94,28,0,84,normal_corr_dominates,5.48238039e+00,1.00000000e+00,2.49999716e+07,-2.84284593e+01,-4.38549693e+00,-2.40429624e+01,1.00010798e-09
14,3.70658749e-01,1.17454670e-08,94,28,2,86,normal_corr_dominates,1.43447763e+00,1.00000000e+00,2.50000019e+07,1.90540031e+00,-4.38549693e+00,6.29089724e+00,1.00006648e-09
14,3.70658749e-01,1.17454670e-08,94,29,0,87,normal_corr_dominates,5.34255564e+00,1.00000000e+00,2.50000068e+07,6.76018347e+00,-1.55672927e+00,8.31691274e+00,1.00009735e-09
14,3.70658749e-01,1.17454670e-08,94,29,1,88,corr_ratio_high,7.45789187e-01,5.00000000e-01,2.49999995e+07,-5.01409455e-01,-1.55672927e+00,1.05531981e+00,1.00004842e-09
14,3.70658749e-01,1.17454670e-08,94,29,2,89,normal_corr_dominates,4.64094491e+00,1.00000000e+00,2.49999912e+07,-8.78142404e+00,-1.55672927e+00,-7.22469477e+00,1.00006960e-09
14,3.70658749e-01,1.17454670e-08,94,30,1,91,normal_corr_dominates,1.66144614e+00,1.00000000e+00,2.49999905e+07,-9.47368759e+00,-3.55960146e+00,-5.91408612e+00,1.00007497e-09
14,3.70658749e-01,1.17454670e-08,94,32,0,96,normal_corr_dominates,1.37175136e+02,1.00000000e+00,2.49999817e+07,-1.82660416e+01,-1.32194852e-01,-1.81338467e+01,1.00008930e-09
14,3.70658749e-01,1.17454670e-08,94,32,1,97,normal_corr_dominates,6.71936739e+01,1.00000000e+00,2.50000088e+07,8.75046292e+00,-1.32194852e-01,8.88265777e+00,1.00008145e-09
14,3.70658749e-01,1.17454670e-08,94,32,2,98,normal_corr_dominates,1.61043259e+01,1.00000000e+00,2.49999977e+07,-2.26110383e+00,-1.32194852e-01,-2.12890898e+00,1.00005120e-09
14,3.70658749e-01,1.17454670e-08,94,32,2,98,corr_ratio_high,7.97794988e-01,5.00000000e-01,2.49999977e+07,-2.26110383e+00,-1.32194852e-01,-2.12890898e+00,1.00005120e-09
14,3.70658749e-01,1.17454670e-08,94,31,1,94,normal_corr_dominates,2.10051316e+00,1.00000000e+00,2.50000031e+07,3.06557284e+00,-2.78558489e+00,5.85115773e+00,1.00008825e-09
14,3.70658749e-01,1.17454670e-08,94,31,2,95,normal_corr_dominates,3.37141754e+00,1.00000000e+00,2.49999878e+07,-1.21769547e+01,-2.78558489e+00,-9.39136976e+00,1.00008519e-09
14,3.70658749e-01,1.17454670e-08,94,12,0,36,normal_corr_dominates,1.46241792e+00,1.00000000e+00,2.50000035e+07,3.45793406e+00,-7.47794126e+00,1.09358753e+01,1.00011706e-09
14,3.70658749e-01,1.17454670e-08,94,12,2,38,normal_corr_dominates,2.33409114e+00,1.00000000e+00,2.50000100e+07,9.97625522e+00,-7.47794126e+00,1.74541965e+01,1.00003158e-09
14,3.70658749e-01,1.17454670e-08,94,12,2,38,corr_ratio_high,1.52747708e+00,5.00000000e-01,2.50000100e+07,9.97625522e+00,-7.47794126e+00,1.74541965e+01,1.00003158e-09
15,3.96484186e-01,1.25638257e-08,94,0,0,0,normal_corr_dominates,8.47570814e+00,1.00000000e+00,2.49999842e+07,-1.58470292e+01,-1.67238469e+00,-1.41746445e+01,1.00006667e-09
15,3.96484186e-01,1.25638257e-08,94,0,1,1,normal_corr_dominates,7.31638258e+00,1.00000000e+00,2.50000106e+07,1.05634215e+01,-1.67238469e+00,1.22358062e+01,1.00004521e-09
15,3.96484186e-01,1.25638257e-08,94,0,2,2,normal_corr_dominates,3.54771663e+00,1.00000000e+00,2.50000043e+07,4.26076228e+00,-1.67238469e+00,5.93314697e+00,1.00010441e-09
15,3.96484186e-01,1.25638257e-08,94,1,0,3,normal_corr_dominates,2.26103686e+00,1.00000000e+00,2.50000040e+07,4.01876669e+00,-3.18687487e+00,7.20564157e+00,1.00008902e-09
15,3.96484186e-01,1.25638257e-08,94,1,1,4,normal_corr_dominates,5.42685408e+00,1.00000000e+00,2.50000141e+07,1.41078300e+01,-3.18687487e+00,1.72947049e+01,1.00006294e-09
15,3.96484186e-01,1.25638257e-08,94,1,2,5,normal_corr_dominates,4.07306740e+00,1.00000000e+00,2.49999838e+07,-1.61672310e+01,-3.18687487e+00,-1.29803562e+01,1.00009586e-09
15,3.96484186e-01,1.25638257e-08,94,2,0,6,normal_corr_dominates,1.22728357e+01,1.00000000e+00,2.50000182e+07,1.82004631e+01,-1.61454169e+00,1.98150048e+01,1.00004024e-09
15,3.96484186e-01,1.25638257e-08,94,2,0,6,corr_ratio_high,6.05636393e-01,5.00000000e-01,2.50000182e+07,1.82004631e+01,-1.61454169e+00,1.98150048e+01,1.00004024e-09
15,3.96484186e-01,1.25638257e-08,94,2,1,7,normal_corr_dominates,2.88365076e+00,1.00000000e+00,2.49999937e+07,-6.27031605e+00,-1.61454169e+00,-4.65577436e+00,1.00011159e-09
15,3.96484186e-01,1.25638257e-08,94,2,2,8,normal_corr_dominates,3.18632723e+00,1.00000000e+00,2.49999932e+07,-6.75899983e+00,-1.61454169e+00,-5.14445814e+00,1.00008138e-09
15,3.96484186e-01,1.25638257e-08,94,3,0,9,normal_corr_dominates,5.58605069e+00,1.00000000e+00,2.49999841e+07,-1.59059844e+01,-2.41510203e+00,-1.34908823e+01,1.00006987e-09
15,3.96484186e-01,1.25638257e-08,94,3,1,10,normal_corr_dominates,3.27520662e+00,1.00000000e+00,2.50000055e+07,5.49485611e+00,-2.41510203e+00,7.90995814e+00,1.00009597e-09
15,3.96484186e-01,1.25638257e-08,94,3,2,11,normal_corr_dominates,5.92031112e+00,1.00000000e+00,2.50000119e+07,1.18830534e+01,-2.41510203e+00,1.42981554e+01,1.00007151e-09
15,3.96484186e-01,1.25638257e-08,94,4,0,12,normal_corr_dominates,4.96042520e+00,1.00000000e+00,2.50000049e+07,4.92865470e+00,-1.24447615e+00,6.17313084e+00,1.00006248e-09
15,3.96484186e-01,1.25638257e-08,94,4,1,13,normal_corr_dominates,7.17793883e+00,1.00000000e+00,2.49999898e+07,-1.01772498e+01,-1.24447615e+00,-8.93277366e+00,1.00006759e-09
15,3.96484186e-01,1.25638257e-08,94,4,2,14,normal_corr_dominates,7.29349556e+00,1.00000000e+00,2.50000078e+07,7.83210510e+00,-1.24447615e+00,9.07658125e+00,1.00006372e-09
15,3.96484186e-01,1.25638257e-08,94,5,0,15,normal_corr_dominates,1.47447474e+00,1.00000000e+00,2.50000025e+07,2.45420473e+00,-5.17246655e+00,7.62667128e+00,1.00006601e-09
15,3.96484186e-01,1.25638257e-08,94,5,1,16,normal_corr_dominates,2.21162366e+00,1.00000000e+00,2.49999834e+07,-1.66120159e+01,-5.17246655e+00,-1.14395494e+01,1.00004372e-09
15,3.96484186e-01,1.25638257e-08,94,5,1,16,corr_ratio_high,9.15126791e-01,5.00000000e-01,2.49999834e+07,-1.66120159e+01,-5.17246655e+00,-1.14395494e+01,1.00004372e-09
15,3.96484186e-01,1.25638257e-08,94,5,2,17,normal_corr_dominates,2.31247394e+00,1.00000000e+00,2.50000068e+07,6.78872756e+00,-5.17246655e+00,1.19611941e+01,1.00007196e-09
15,3.96484186e-01,1.25638257e-08,94,8,0,24,normal_corr_dominates,3.44275036e+00,1.00000000e+00,2.50000052e+07,5.17511932e+00,-2.11856251e+00,7.29368183e+00,1.00008337e-09
15,3.96484186e-01,1.25638257e-08,94,8,1,25,normal_corr_dominates,1.64048015e+00,1.00000000e+00,2.50000014e+07,1.35689724e+00,-2.11856251e+00,3.47545975e+00,1.00007171e-09
15,3.96484186e-01,1.25638257e-08,94,8,2,26,normal_corr_dominates,4.69927496e+00,1.00000000e+00,2.49999879e+07,-1.20742703e+01,-2.11856251e+00,-9.95570775e+00,1.00009483e-09
15,3.96484186e-01,1.25638257e-08,94,9,0,27,normal_corr_dominates,2.80479365e+00,1.00000000e+00,2.49999871e+07,-1.28831160e+01,-3.38602227e+00,-9.49709377e+00,1.00008557e-09
15,3.96484186e-01,1.25638257e-08,94,9,1,28,normal_corr_dominates,4.23305008e+00,1.00000000e+00,2.50000109e+07,1.09471796e+01,-3.38602227e+00,1.43332018e+01,1.00006551e-09
15,3.96484186e-01,1.25638257e-08,94,9,2,29,normal_corr_dominates,3.44112227e+00,1.00000000e+00,2.49999850e+07,-1.50377389e+01,-3.38602227e+00,-1.16517166e+01,1.00009955e-09
15,3.96484186e-01,1.25638257e-08,94,10,0,30,normal_corr_dominates,1.15342052e+00,1.00000000e+00,2.49999922e+07,-7.77374738e+00,-3.60995324e+00,-4.16379414e+00,1.00004968e-09
15,3.96484186e-01,1.25638257e-08,94,10,0,30,corr_ratio_high,7.58421514e-01,5.00000000e-01,2.49999922e+07,-7.77374738e+00,-3.60995324e+00,-4.16379414e+00,1.00004968e-09
15,3.96484186e-01,1.25638257e-08,94,10,2,32,normal_corr_dominates,3.49911889e+00,1.00000000e+00,2.50000090e+07,9.02170234e+00,-3.60995324e+00,1.26316556e+01,1.00007654e-09
15,3.96484186e-01,1.25638257e-08,94,13,2,41,normal_corr_dominates,1.33449100e+00,1.00000000e+00,2.50000015e+07,1.48880332e+00,-4.45095183e+00,5.93975515e+00,1.00007335e-09
15,3.96484186e-01,1.25638257e-08,94,14,0,42,normal_corr_dominates,5.03682889e+00,1.00000000e+00,2.50000160e+07,1.60336469e+01,-3.97184209e+00,2.00054890e+01,1.00013691e-09
15,3.96484186e-01,1.25638257e-08,94,14,1,43,normal_corr_dominates,6.83456444e+00,1.00000000e+00,2.49999689e+07,-3.11176528e+01,-3.97184209e+00,-2.71458107e+01,1.00008462e-09
15,3.96484186e-01,1.25638257e-08,94,14,2,44,normal_corr_dominates,2.41335991e+00,1.00000000e+00,2.50000056e+07,5.61364239e+00,-3.97184209e+00,9.58548447e+00,1.00005383e-09
15,3.96484186e-01,1.25638257e-08,94,14,2,44,corr_ratio_high,6.59365798e-01,5.00000000e-01,2.50000056e+07,5.61364239e+00,-3.97184209e+00,9.58548447e+00,1.00005383e-09
15,3.96484186e-01,1.25638257e-08,94,15,0,45,normal_corr_dominates,6.95077332e+00,1.00000000e+00,2.50000172e+07,1.72149348e+01,-2.89289037e+00,2.01078252e+01,1.00004984e-09
15,3.96484186e-01,1.25638257e-08,94,15,1,46,normal_corr_dominates,1.25313637e+00,1.00000000e+00,2.50000007e+07,7.32295774e-01,-2.89289037e+00,3.62518614e+00,1.00006885e-09
15,3.96484186e-01,1.25638257e-08,94,15,2,47,normal_corr_dominates,3.58711804e+00,1.00000000e+00,2.49999867e+07,-1.32700296e+01,-2.89289037e+00,-1.03771392e+01,1.00008232e-09
15,3.96484186e-01,1.25638257e-08,94,17,0,51,normal_corr_dominates,5.72265099e+00,1.00000000e+00,2.49999861e+07,-1.39191452e+01,-2.07048458e+00,-1.18486606e+01,1.00006219e-09
15,3.96484186e-01,1.25638257e-08,94,17,0,51,corr_ratio_high,5.02557598e-01,5.00000000e-01,2.49999861e+07,-1.39191452e+01,-2.07048458e+00,-1.18486606e+01,1.00006219e-09
15,3.96484186e-01,1.25638257e-08,94,17,1,52,normal_corr_dominates,5.57246176e+00,1.00000000e+00,2.49999864e+07,-1.36081807e+01,-2.07048458e+00,-1.15376962e+01,1.00007046e-09
15,3.96484186e-01,1.25638257e-08,94,17,2,53,normal_corr_dominates,8.15193818e+00,1.00000000e+00,2.50000148e+07,1.48079777e+01,-2.07048458e+00,1.68784623e+01,1.00007694e-09
15,3.96484186e-01,1.25638257e-08,94,18,0,54,normal_corr_dominates,2.22063148e+00,1.00000000e+00,2.50000022e+07,2.20664153e+00,-1.80778685e+00,4.01442838e+00,1.00006274e-09
15,3.96484186e-01,1.25638257e-08,94,18,1,55,normal_corr_dominates,2.95181720e+00,1.00000000e+00,2.50000035e+07,3.52846947e+00,-1.80778685e+00,5.33625632e+00,1.00006529e-09
15,3.96484186e-01,1.25638257e-08,94,18,2,56,normal_corr_dominates,4.12604421e+00,1.00000000e+00,2.49999907e+07,-9.26679531e+00,-1.80778685e+00,-7.45900846e+00,1.00007033e-09
15,3.96484186e-01,1.25638257e-08,94,19,0,57,normal_corr_dominates,5.82558877e+00,1.00000000e+00,2.49999805e+07,-1.94506671e+01,-2.84966876e+00,-1.66009983e+01,1.00002001e-09
15,3.96484186e-01,1.25638257e-08,94,19,0,57,corr_ratio_high,2.32369290e+00,5.00000000e-01,2.49999805e+07,-1.94506671e+01,-2.84966876e+00,-1.66009983e+01,1.00002001e-09
15,3.96484186e-01,1.25638257e-08,94,19,1,58,normal_corr_dominates,4.58422598e+00,1.00000000e+00,2.50000102e+07,1.02138568e+01,-2.84966876e+00,1.30635256e+01,1.00007083e-09
15,3.96484186e-01,1.25638257e-08,94,20,0,60,normal_corr_dominates,2.06134913e+00,1.00000000e+00,2.50000020e+07,1.96122247e+00,-1.84785800e+00,3.80908046e+00,1.00006155e-09
15,3.96484186e-01,1.25638257e-08,94,20,1,61,normal_corr_dominates,3.36837676e+00,1.00000000e+00,2.49999919e+07,-8.07213992e+00,-1.84785800e+00,-6.22428192e+00,1.00007070e-09
15,3.96484186e-01,1.25638257e-08,94,20,2,62,normal_corr_dominates,4.92794920e+00,1.00000000e+00,2.49999890e+07,-1.09540083e+01,-1.84785800e+00,-9.10615032e+00,1.00007378e-09
15,3.96484186e-01,1.25638257e-08,94,21,2,65,normal_corr_dominates,2.88632264e+00,1.00000000e+00,2.50000090e+07,9.02963179e+00,-4.78689679e+00,1.38165286e+01,1.00005964e-09
15,3.96484186e-01,1.25638257e-08,94,22,2,68,normal_corr_dominates,2.30261791e+00,1.00000000e+00,2.49999875e+07,-1.24909936e+01,-3.78214917e+00,-8.70884440e+00,1.00007147e-09
15,3.96484186e-01,1.25638257e-08,94,23,0,69,normal_corr_dominates,3.21242913e+00,1.00000000e+00,2.49999903e+07,-9.70877790e+00,-2.30479317e+00,-7.40398473e+00,1.00008066e-09
15,3.96484186e-01,1.25638257e-08,94,23,1,70,normal_corr_dominates,1.15641665e+00,1.00000000e+00,2.50000004e+07,3.60508025e-01,-2.30479317e+00,2.66530120e+00,1.00008497e-09
15,3.96484186e-01,1.25638257e-08,94,23,2,71,normal_corr_dominates,3.41306633e+00,1.00000000e+00,2.50000056e+07,5.56161880e+00,-2.30479317e+00,7.86641197e+00,1.00007128e-09
15,3.96484186e-01,1.25638257e-08,94,25,0,75,normal_corr_dominates,1.61994726e+01,1.00000000e+00,2.50000121e+07,1.20844411e+01,-7.95056602e-01,1.28794977e+01,1.00009274e-09
15,3.96484186e-01,1.25638257e-08,94,25,1,76,normal_corr_dominates,1.89967168e+01,1.00000000e+00,2.49999841e+07,-1.58985217e+01,-7.95056602e-01,-1.51034651e+01,1.00007692e-09
15,3.96484186e-01,1.25638257e-08,94,25,1,76,corr_ratio_high,6.10854706e-01,5.00000000e-01,2.49999841e+07,-1.58985217e+01,-7.95056602e-01,-1.51034651e+01,1.00007692e-09
15,3.96484186e-01,1.25638257e-08,94,25,2,77,normal_corr_dominates,1.57560369e+01,1.00000000e+00,2.49999867e+07,-1.33219977e+01,-7.95056602e-01,-1.25269411e+01,1.00009545e-09
15,3.96484186e-01,1.25638257e-08,94,26,0,78,normal_corr_dominates,1.08340136e+00,1.00000000e+00,2.50000002e+07,1.87233343e-01,-2.24496753e+00,2.43220087e+00,1.00009820e-09
15,3.96484186e-01,1.25638257e-08,94,26,1,79,normal_corr_dominates,2.24046767e+00,1.00000000e+00,2.50000028e+07,2.78480964e+00,-2.24496753e+00,5.02977717e+00,1.00006554e-09
15,3.96484186e-01,1.25638257e-08,94,26,2,80,normal_corr_dominates,6.10018713e+00,1.00000000e+00,2.49999841e+07,-1.59396895e+01,-2.24496753e+00,-1.36947220e+01,1.00009078e-09
15,3.96484186e-01,1.25638257e-08,94,28,0,84,normal_corr_dominates,5.48433426e+00,1.00000000e+00,2.49999697e+07,-3.03046066e+01,-4.67351087e+00,-2.56310957e+01,1.00011511e-09
15,3.96484186e-01,1.25638257e-08,94,28,2,86,normal_corr_dominates,1.43484430e+00,1.00000000e+00,2.50000020e+07,2.03224954e+00,-4.67351087e+00,6.70576041e+00,1.00007085e-09
15,3.96484186e-01,1.25638257e-08,94,29,0,87,normal_corr_dominates,5.34715980e+00,1.00000000e+00,2.50000072e+07,7.20783224e+00,-1.65805550e+00,8.86588774e+00,1.00010377e-09
15,3.96484186e-01,1.25638257e-08,94,29,1,88,corr_ratio_high,7.45721647e-01,5.00000000e-01,2.49999995e+07,-5.31770715e-01,-1.65805550e+00,1.12628479e+00,1.00005162e-09
15,3.96484186e-01,1.25638257e-08,94,29,2,89,normal_corr_dominates,4.64442632e+00,1.00000000e+00,2.49999906e+07,-9.35877213e+00,-1.65805550e+00,-7.70071662e+00,1.00007419e-09
15,3.96484186e-01,1.25638257e-08,94,30,1,91,normal_corr_dominates,1.66251916e+00,1.00000000e+00,2.49999899e+07,-1.00943821e+01,-3.79128992e+00,-6.30309215e+00,1.00007991e-09
15,3.96484186e-01,1.25638257e-08,94,32,0,96,normal_corr_dominates,1.38126986e+02,1.00000000e+00,2.49999805e+07,-1.94710800e+01,-1.39951857e-01,-1.93311281e+01,1.00009520e-09
15,3.96484186e-01,1.25638257e-08,94,32,1,97,normal_corr_dominates,6.76531657e+01,1.00000000e+00,2.50000093e+07,9.32823432e+00,-1.39951857e-01,9.46818618e+00,1.00008683e-09
15,3.96484186e-01,1.25638257e-08,94,32,2,98,normal_corr_dominates,1.61901564e+01,1.00000000e+00,2.49999976e+07,-2.40579432e+00,-1.39951857e-01,-2.26584246e+00,1.00005457e-09
15,3.96484186e-01,1.25638257e-08,94,32,2,98,corr_ratio_high,7.97988925e-01,5.00000000e-01,2.49999976e+07,-2.40579432e+00,-1.39951857e-01,-2.26584246e+00,1.00005457e-09
15,3.96484186e-01,1.25638257e-08,94,31,1,94,normal_corr_dominates,2.10333554e+00,1.00000000e+00,2.50000033e+07,3.27086625e+00,-2.96452542e+00,6.23539167e+00,1.00009407e-09
15,3.96484186e-01,1.25638257e-08,94,31,2,95,normal_corr_dominates,3.37870516e+00,1.00000000e+00,2.49999870e+07,-1.29807828e+01,-2.96452542e+00,-1.00162573e+01,1.00009081e-09
15,3.96484186e-01,1.25638257e-08,94,12,0,36,normal_corr_dominates,1.46334595e+00,1.00000000e+00,2.50000037e+07,3.69153958e+00,-7.96713461e+00,1.16586742e+01,1.00012477e-09
15,3.96484186e-01,1.25638257e-08,94,12,2,38,normal_corr_dominates,2.33568245e+00,1.00000000e+00,2.50000106e+07,1.06415619e+01,-7.96713461e+00,1.86086965e+01,1.00003367e-09
15,3.96484186e-01,1.25638257e-08,94,12,2,38,corr_ratio_high,1.52663662e+00,5.00000000e-01,2.50000106e+07,1.06415619e+01,-7.96713461e+00,1.86086965e+01,1.00003367e-09
16,4.20515876e-01,1.33253440e-08,94,0,0,0,normal_corr_dominates,8.48703959e+00,1.00000000e+00,2.49999832e+07,-1.67585273e+01,-1.76646541e+00,-1.49920619e+01,1.00007050e-09
16,4.20515876e-01,1.33253440e-08,94,0,1,1,normal_corr_dominates,7.32241949e+00,1.00000000e+00,2.50000112e+07,1.11683354e+01,-1.76646541e+00,1.29348008e+01,1.00004783e-09
16,4.20515876e-01,1.33253440e-08,94,0,2,2,normal_corr_dominates,3.55633496e+00,1.00000000e+00,2.50000045e+07,4.51567728e+00,-1.76646541e+00,6.28214270e+00,1.00011037e-09
16,4.20515876e-01,1.33253440e-08,94,1,0,3,normal_corr_dominates,2.26351376e+00,1.00000000e+00,2.50000043e+07,4.25448282e+00,-3.36718360e+00,7.62166643e+00,1.00009412e-09
16,4.20515876e-01,1.33253440e-08,94,1,1,4,normal_corr_dominates,5.43278927e+00,1.00000000e+00,2.50000149e+07,1.49260153e+01,-3.36718360e+00,1.82931989e+01,1.00006654e-09
16,4.20515876e-01,1.33253440e-08,94,1,2,5,normal_corr_dominates,4.07752221e+00,1.00000000e+00,2.49999829e+07,-1.70969495e+01,-3.36718360e+00,-1.37297659e+01,1.00010136e-09
16,4.20515876e-01,1.33253440e-08,94,2,0,6,normal_corr_dominates,1.22863363e+01,1.00000000e+00,2.50000192e+07,1.92444766e+01,-1.70511281e+00,2.09495894e+01,1.00004256e-09
16,4.20515876e-01,1.33253440e-08,94,2,0,6,corr_ratio_high,6.05395565e-01,5.00000000e-01,2.50000192e+07,1.92444766e+01,-1.70511281e+00,2.09495894e+01,1.00004256e-09
16,4.20515876e-01,1.33253440e-08,94,2,1,7,normal_corr_dominates,2.88321214e+00,1.00000000e+00,2.49999934e+07,-6.62131475e+00,-1.70511281e+00,-4.91620195e+00,1.00011795e-09
16,4.20515876e-01,1.33253440e-08,94,2,2,8,normal_corr_dominates,3.18995306e+00,1.00000000e+00,2.49999929e+07,-7.14434262e+00,-1.70511281e+00,-5.43922982e+00,1.00008605e-09
16,4.20515876e-01,1.33253440e-08,94,3,0,9,normal_corr_dominates,5.59162533e+00,1.00000000e+00,2.49999832e+07,-1.68207283e+01,-2.55183319e+00,-1.42688951e+01,1.00007388e-09
16,4.20515876e-01,1.33253440e-08,94,3,1,10,normal_corr_dominates,3.27983441e+00,1.00000000e+00,2.50000058e+07,5.81775713e+00,-2.55183319e+00,8.36959032e+00,1.00010147e-09
16,4.20515876e-01,1.33253440e-08,94,3,2,11,normal_corr_dominates,5.92619402e+00,1.00000000e+00,2.50000126e+07,1.25708254e+01,-2.55183319e+00,1.51226586e+01,1.00007560e-09
16,4.20515876e-01,1.33253440e-08,94,4,0,12,normal_corr_dominates,4.96883584e+00,1.00000000e+00,2.50000052e+07,5.21403285e+00,-1.31374364e+00,6.52777649e+00,1.00006606e-09
16,4.20515876e-01,1.33253440e-08,94,4,1,13,normal_corr_dominates,7.19017408e+00,1.00000000e+00,2.49999892e+07,-1.07597891e+01,-1.31374364e+00,-9.44604548e+00,1.00007147e-09
16,4.20515876e-01,1.33253440e-08,94,4,2,14,normal_corr_dominates,7.30348304e+00,1.00000000e+00,2.50000083e+07,8.28116077e+00,-1.31374364e+00,9.59490441e+00,1.00006738e-09
16,4.20515876e-01,1.33253440e-08,94,5,0,15,normal_corr_dominates,1.47524445e+00,1.00000000e+00,2.50000026e+07,2.59869889e+00,-5.46813097e+00,8.06682985e+00,1.00006978e-09
16,4.20515876e-01,1.33253440e-08,94,5,1,16,normal_corr_dominates,2.21248163e+00,1.00000000e+00,2.49999824e+07,-1.75662703e+01,-5.46813097e+00,-1.20981393e+01,1.00004624e-09
16,4.20515876e-01,1.33253440e-08,94,5,1,16,corr_ratio_high,9.14633153e-01,5.00000000e-01,2.49999824e+07,-1.75662703e+01,-5.46813097e+00,-1.20981393e+01,1.00004624e-09
16,4.20515876e-01,1.33253440e-08,94,5,2,17,normal_corr_dominates,2.31283608e+00,1.00000000e+00,2.50000072e+07,7.17875965e+00,-5.46813097e+00,1.26468906e+01,1.00007608e-09
16,4.20515876e-01,1.33253440e-08,94,8,0,24,normal_corr_dominates,3.44905144e+00,1.00000000e+00,2.50000055e+07,5.47799745e+00,-2.23678333e+00,7.71478078e+00,1.00008814e-09
16,4.20515876e-01,1.33253440e-08,94,8,1,25,normal_corr_dominates,1.64209718e+00,1.00000000e+00,2.50000014e+07,1.43623227e+00,-2.23678333e+00,3.67301560e+00,1.00007583e-09
16,4.20515876e-01,1.33253440e-08,94,8,2,26,normal_corr_dominates,4.70757408e+00,1.00000000e+00,2.49999872e+07,-1.27666066e+01,-2.23678333e+00,-1.05298232e+01,1.00010026e-09
16,4.20515876e-01,1.33253440e-08,94,9,0,27,normal_corr_dominates,2.80537142e+00,1.00000000e+00,2.49999864e+07,-1.36137493e+01,-3.57750869e+00,-1.00362406e+01,1.00009046e-09
16,4.20515876e-01,1.33253440e-08,94,9,1,28,normal_corr_dominates,4.23790125e+00,1.00000000e+00,2.50000116e+07,1.15836199e+01,-3.57750869e+00,1.51611285e+01,1.00006926e-09
16,4.20515876e-01,1.33253440e-08,94,9,2,29,normal_corr_dominates,3.44547611e+00,1.00000000e+00,2.49999841e+07,-1.59037294e+01,-3.57750869e+00,-1.23262207e+01,1.00010525e-09
16,4.20515876e-01,1.33253440e-08,94,10,0,30,normal_corr_dominates,1.15670800e+00,1.00000000e+00,2.49999918e+07,-8.22356873e+00,-3.81301907e+00,-4.41054966e+00,1.00005256e-09
16,4.20515876e-01,1.33253440e-08,94,10,0,30,corr_ratio_high,7.57659569e-01,5.00000000e-01,2.49999918e+07,-8.22356873e+00,-3.81301907e+00,-4.41054966e+00,1.00005256e-09
16,4.20515876e-01,1.33253440e-08,94,10,2,32,normal_corr_dominates,3.50363617e+00,1.00000000e+00,2.50000095e+07,9.54641248e+00,-3.81301907e+00,1.33594316e+01,1.00008092e-09
16,4.20515876e-01,1.33253440e-08,94,13,2,41,normal_corr_dominates,1.33477807e+00,1.00000000e+00,2.50000016e+07,1.57476813e+00,-4.70391664e+00,6.27868477e+00,1.00007755e-09
16,4.20515876e-01,1.33253440e-08,94,14,0,42,normal_corr_dominates,5.04095362e+00,1.00000000e+00,2.50000170e+07,1.69567954e+01,-4.19623610e+00,2.11530315e+01,1.00014474e-09
16,4.20515876e-01,1.33253440e-08,94,14,1,43,normal_corr_dominates,6.84067803e+00,1.00000000e+00,2.49999671e+07,-3.29013362e+01,-4.19623610e+00,-2.87051001e+01,1.00008948e-09
16,4.20515876e-01,1.33253440e-08,94,14,2,44,normal_corr_dominates,2.41502604e+00,1.00000000e+00,2.50000059e+07,5.93778336e+00,-4.19623610e+00,1.01340195e+01,1.00005691e-09
16,4.20515876e-01,1.33253440e-08,94,14,2,44,corr_ratio_high,6.59490524e-01,5.00000000e-01,2.50000059e+07,5.93778336e+00,-4.19623610e+00,1.01340195e+01,1.00005691e-09
16,4.20515876e-01,1.33253440e-08,94,15,0,45,normal_corr_dominates,6.95393960e+00,1.00000000e+00,2.50000182e+07,1.82031832e+01,-3.05733421e+00,2.12605175e+01,1.00005270e-09
16,4.20515876e-01,1.33253440e-08,94,15,1,46,normal_corr_dominates,1.25460522e+00,1.00000000e+00,2.50000008e+07,7.78413256e-01,-3.05733421e+00,3.83574747e+00,1.00007280e-09
16,4.20515876e-01,1.33253440e-08,94,15,2,47,normal_corr_dominates,3.58891079e+00,1.00000000e+00,2.49999860e+07,-1.40298340e+01,-3.05733421e+00,-1.09724998e+01,1.00008703e-09
16,4.20515876e-01,1.33253440e-08,94,17,0,51,normal_corr_dominates,5.73271983e+00,1.00000000e+00,2.49999853e+07,-1.47208212e+01,-2.18645980e+00,-1.25343614e+01,1.00006576e-09
16,4.20515876e-01,1.33253440e-08,94,17,0,51,corr_ratio_high,5.02651541e-01,5.00000000e-01,2.49999853e+07,-1.47208212e+01,-2.18645980e+00,-1.25343614e+01,1.00006576e-09
16,4.20515876e-01,1.33253440e-08,94,17,1,52,normal_corr_dominates,5.58105025e+00,1.00000000e+00,2.49999856e+07,-1.43892018e+01,-2.18645980e+00,-1.22027420e+01,1.00007450e-09
16,4.20515876e-01,1.33253440e-08,94,17,2,53,normal_corr_dominates,8.16479377e+00,1.00000000e+00,2.50000157e+07,1.56655335e+01,-2.18645980e+00,1.78519933e+01,1.00008133e-09
16,4.20515876e-01,1.33253440e-08,94,18,0,54,normal_corr_dominates,2.22351714e+00,1.00000000e+00,2.50000023e+07,2.33650858e+00,-1.90966559e+00,4.24617416e+00,1.00006633e-09
16,4.20515876e-01,1.33253440e-08,94,18,1,55,normal_corr_dominates,2.95481824e+00,1.00000000e+00,2.50000037e+07,3.73304912e+00,-1.90966559e+00,5.64271471e+00,1.00006903e-09
16,4.20515876e-01,1.33253440e-08,94,18,2,56,normal_corr_dominates,4.13039530e+00,1.00000000e+00,2.49999902e+07,-9.79733936e+00,-1.90966559e+00,-7.88767377e+00,1.00007436e-09
16,4.20515876e-01,1.33253440e-08,94,19,0,57,normal_corr_dominates,5.82886958e+00,1.00000000e+00,2.49999794e+07,-2.05679752e+01,-3.01191507e+00,-1.75560601e+01,1.00002118e-09
16,4.20515876e-01,1.33253440e-08,94,19,0,57,corr_ratio_high,2.32236497e+00,5.00000000e-01,2.49999794e+07,-2.05679752e+01,-3.01191507e+00,-1.75560601e+01,1.00002118e-09
16,4.20515876e-01,1.33253440e-08,94,19,1,58,normal_corr_dominates,4.58580511e+00,1.00000000e+00,2.50000108e+07,1.08001405e+01,-3.01191507e+00,1.38120555e+01,1.00007489e-09
16,4.20515876e-01,1.33253440e-08,94,20,0,60,normal_corr_dominates,2.06414038e+00,1.00000000e+00,2.50000021e+07,2.07698660e+00,-1.95179756e+00,4.02878416e+00,1.00006508e-09
16,4.20515876e-01,1.33253440e-08,94,20,1,61,normal_corr_dominates,3.37296908e+00,1.00000000e+00,2.49999915e+07,-8.53515036e+00,-1.95179756e+00,-6.58335281e+00,1.00007476e-09
16,4.20515876e-01,1.33253440e-08,94,20,2,62,normal_corr_dominates,4.93425015e+00,1.00000000e+00,2.49999884e+07,-1.15824549e+01,-1.95179756e+00,-9.63065738e+00,1.00007801e-09
16,4.20515876e-01,1.33253440e-08,94,21,2,65,normal_corr_dominates,2.88820341e+00,1.00000000e+00,2.50000096e+07,9.55067994e+00,-5.05807789e+00,1.46087578e+01,1.00006307e-09
16,4.20515876e-01,1.33253440e-08,94,22,2,68,normal_corr_dominates,2.30349749e+00,1.00000000e+00,2.49999868e+07,-1.32031329e+01,-3.99671348e+00,-9.20641946e+00,1.00007557e-09
16,4.20515876e-01,1.33253440e-08,94,23,0,69,normal_corr_dominates,3.21510647e+00,1.00000000e+00,2.49999897e+07,-1.02586939e+01,-2.43379234e+00,-7.82490151e+00,1.00008527e-09
16,4.20515876e-01,1.33253440e-08,94,23,1,70,normal_corr_dominates,1.15911652e+00,1.00000000e+00,2.50000004e+07,3.87256579e-01,-2.43379234e+00,2.82104892e+00,1.00008983e-09
16,4.20515876e-01,1.33253440e-08,94,23,2,71,normal_corr_dominates,3.41877196e+00,1.00000000e+00,2.50000059e+07,5.88678867e+00,-2.43379234e+00,8.32058101e+00,1.00007537e-09
16,4.20515876e-01,1.33253440e-08,94,25,0,75,normal_corr_dominates,1.62684207e+01,1.00000000e+00,2.50000128e+07,1.27790549e+01,-8.36959834e-01,1.36160147e+01,1.00009806e-09
16,4.20515876e-01,1.33253440e-08,94,25,1,76,normal_corr_dominates,1.90782615e+01,1.00000000e+00,2.49999832e+07,-1.68046984e+01,-8.36959834e-01,-1.59677385e+01,1.00008132e-09
16,4.20515876e-01,1.33253440e-08,94,25,1,76,corr_ratio_high,6.10999571e-01,5.00000000e-01,2.49999832e+07,-1.68046984e+01,-8.36959834e-01,-1.59677385e+01,1.00008132e-09
16,4.20515876e-01,1.33253440e-08,94,25,2,77,normal_corr_dominates,1.58320453e+01,1.00000000e+00,2.49999859e+07,-1.40877459e+01,-8.36959834e-01,-1.32507860e+01,1.00010092e-09
16,4.20515876e-01,1.33253440e-08,94,26,0,78,normal_corr_dominates,1.08674031e+00,1.00000000e+00,2.50000002e+07,2.05584548e-01,-2.37011545e+00,2.57570000e+00,1.00010382e-09
16,4.20515876e-01,1.33253440e-08,94,26,1,79,normal_corr_dominates,2.24379813e+00,1.00000000e+00,2.50000029e+07,2.94794516e+00,-2.37011545e+00,5.31806060e+00,1.00006930e-09
16,4.20515876e-01,1.33253440e-08,94,26,2,80,normal_corr_dominates,6.11223238e+00,1.00000000e+00,2.49999831e+07,-1.68568118e+01,-2.37011545e+00,-1.44866964e+01,1.00009597e-09
16,4.20515876e-01,1.33253440e-08,94,28,0,84,normal_corr_dominates,5.48605268e+00,1.00000000e+00,2.49999680e+07,-3.20421789e+01,-4.94016631e+00,-2.71020126e+01,1.00012172e-09
16,4.20515876e-01,1.33253440e-08,94,28,2,86,normal_corr_dominates,1.43516244e+00,1.00000000e+00,2.50000021e+07,2.14977483e+00,-4.94016631e+00,7.08994114e+00,1.00007490e-09
16,4.20515876e-01,1.33253440e-08,94,29,0,87,normal_corr_dominates,5.35117024e+00,1.00000000e+00,2.50000076e+07,7.62250699e+00,-1.75182918e+00,9.37433617e+00,1.00010972e-09
16,4.20515876e-01,1.33253440e-08,94,29,1,88,corr_ratio_high,7.45657758e-01,5.00000000e-01,2.49999994e+07,-5.59769824e-01,-1.75182918e+00,1.19205936e+00,1.00005459e-09
16,4.20515876e-01,1.33253440e-08,94,29,2,89,normal_corr_dominates,4.64742355e+00,1.00000000e+00,2.49999901e+07,-9.89332137e+00,-1.75182918e+00,-8.14149219e+00,1.00007843e-09
16,4.20515876e-01,1.33253440e-08,94,30,1,91,normal_corr_dominates,1.66344879e+00,1.00000000e+00,2.49999893e+07,-1.06689689e+01,-4.00569702e+00,-6.66327187e+00,1.00008449e-09
16,4.20515876e-01,1.33253440e-08,94,32,0,96,normal_corr_dominates,1.38966296e+02,1.00000000e+00,2.49999794e+07,-2.05870826e+01,-1.47086001e-01,-2.04399966e+01,1.00010065e-09
16,4.20515876e-01,1.33253440e-08,94,32,1,97,normal_corr_dominates,6.80581574e+01,1.00000000e+00,2.50000099e+07,9.86331618e+00,-1.47086001e-01,1.00104022e+01,1.00009181e-09
16,4.20515876e-01,1.33253440e-08,94,32,2,98,normal_corr_dominates,1.62650600e+01,1.00000000e+00,2.49999975e+07,-2.53944863e+00,-1.47086001e-01,-2.39236263e+00,1.00005769e-09
16,4.20515876e-01,1.33253440e-08,94,32,2,98,corr_ratio_high,7.98159018e-01,5.00000000e-01,2.49999975e+07,-2.53944863e+00,-1.47086001e-01,-2.39236263e+00,1.00005769e-09
16,4.20515876e-01,1.33253440e-08,94,31,1,94,normal_corr_dominates,2.10582661e+00,1.00000000e+00,2.50000035e+07,3.46117547e+00,-3.12994408e+00,6.59111954e+00,1.00009946e-09
16,4.20515876e-01,1.33253440e-08,94,31,2,95,normal_corr_dominates,3.38515581e+00,1.00000000e+00,2.49999863e+07,-1.37252925e+01,-3.12994408e+00,-1.05953484e+01,1.00009602e-09
16,4.20515876e-01,1.33253440e-08,94,12,0,36,normal_corr_dominates,1.46416456e+00,1.00000000e+00,2.50000039e+07,3.90823839e+00,-8.41994134e+00,1.23281797e+01,1.00013191e-09
16,4.20515876e-01,1.33253440e-08,94,12,2,38,normal_corr_dominates,2.33709496e+00,1.00000000e+00,2.50000113e+07,1.12582612e+01,-8.41994134e+00,1.96782025e+01,1.00003562e-09
16,4.20515876e-01,1.33253440e-08,94,12,2,38,corr_ratio_high,1.52587438e+00,5.00000000e-01,2.50000113e+07,1.12582612e+01,-8.41994134e+00,1.96782025e+01,1.00003562e-09
17,4.44227857e-01,1.40767314e-08,94,0,0,0,normal_corr_dominates,8.49755361e+00,1.00000000e+00,2.49999823e+07,-1.76541946e+01,-1.85881495e+00,-1.57953797e+01,1.00007425e-09
17,4.44227857e-01,1.40767314e-08,94,0,1,1,normal_corr_dominates,7.32797124e+00,1.00000000e+00,2.50000118e+07,1.17625275e+01,-1.85881495e+00,1.36213425e+01,1.00005039e-09
17,4.44227857e-01,1.40767314e-08,94,0,2,2,normal_corr_dominates,3.56438197e+00,1.00000000e+00,2.50000048e+07,4.76671154e+00,-1.85881495e+00,6.62552649e+00,1.00011623e-09
17,4.44227857e-01,1.40767314e-08,94,1,0,3,normal_corr_dominates,2.26580713e+00,1.00000000e+00,2.50000045e+07,4.48628946e+00,-3.54421250e+00,8.03050196e+00,1.00009914e-09
17,4.44227857e-01,1.40767314e-08,94,1,1,4,normal_corr_dominates,5.43832373e+00,1.00000000e+00,2.50000157e+07,1.57303625e+01,-3.54421250e+00,1.92745750e+01,1.00007007e-09
17,4.44227857e-01,1.40767314e-08,94,1,2,5,normal_corr_dominates,4.08167544e+00,1.00000000e+00,2.49999820e+07,-1.80105376e+01,-3.54421250e+00,-1.44663251e+01,1.00010675e-09
17,4.44227857e-01,1.40767314e-08,94,2,0,6,normal_corr_dominates,1.22988975e+01,1.00000000e+00,2.50000203e+07,2.02701358e+01,-1.79399236e+00,2.20641282e+01,1.00004484e-09
17,4.44227857e-01,1.40767314e-08,94,2,0,6,corr_ratio_high,6.05162476e-01,5.00000000e-01,2.50000203e+07,2.02701358e+01,-1.79399236e+00,2.20641282e+01,1.00004484e-09
17,4.44227857e-01,1.40767314e-08,94,2,1,7,normal_corr_dominates,2.88278189e+00,1.00000000e+00,2.49999930e+07,-6.96568105e+00,-1.79399236e+00,-5.17168869e+00,1.00012421e-09
17,4.44227857e-01,1.40767314e-08,94,2,2,8,normal_corr_dominates,3.19329413e+00,1.00000000e+00,2.49999925e+07,-7.52273763e+00,-1.79399236e+00,-5.72874527e+00,1.00009064e-09
17,4.44227857e-01,1.40767314e-08,94,3,0,9,normal_corr_dominates,5.59681458e+00,1.00000000e+00,2.49999823e+07,-1.77195730e+01,-2.68608019e+00,-1.50334928e+01,1.00007782e-09
17,4.44227857e-01,1.40767314e-08,94,3,1,10,normal_corr_dominates,3.28415072e+00,1.00000000e+00,2.50000061e+07,6.13541200e+00,-2.68608019e+00,8.82149219e+00,1.00010686e-09
17,4.44227857e-01,1.40767314e-08,94,3,2,11,normal_corr_dominates,5.93166752e+00,1.00000000e+00,2.50000132e+07,1.32468544e+01,-2.68608019e+00,1.59329346e+01,1.00007961e-09
17,4.44227857e-01,1.40767314e-08,94,4,0,12,normal_corr_dominates,4.97667128e+00,1.00000000e+00,2.50000055e+07,5.49450647e+00,-1.38168485e+00,6.87619133e+00,1.00006959e-09
17,4.44227857e-01,1.40767314e-08,94,4,1,13,normal_corr_dominates,7.20158021e+00,1.00000000e+00,2.49999887e+07,-1.13319991e+01,-1.38168485e+00,-9.95031430e+00,1.00007527e-09
17,4.44227857e-01,1.40767314e-08,94,4,2,14,normal_corr_dominates,7.31278403e+00,1.00000000e+00,2.50000087e+07,8.72227808e+00,-1.38168485e+00,1.01039629e+01,1.00007098e-09
17,4.44227857e-01,1.40767314e-08,94,5,0,15,normal_corr_dominates,1.47596369e+00,1.00000000e+00,2.50000027e+07,2.74086332e+00,-5.75855554e+00,8.49941886e+00,1.00007350e-09
17,4.44227857e-01,1.40767314e-08,94,5,1,16,normal_corr_dominates,2.21327829e+00,1.00000000e+00,2.49999815e+07,-1.85038415e+01,-5.75855554e+00,-1.27452860e+01,1.00004871e-09
17,4.44227857e-01,1.40767314e-08,94,5,1,16,corr_ratio_high,9.14158525e-01,5.00000000e-01,2.49999815e+07,-1.85038415e+01,-5.75855554e+00,-1.27452860e+01,1.00004871e-09
17,4.44227857e-01,1.40767314e-08,94,5,2,17,normal_corr_dominates,2.31316540e+00,1.00000000e+00,2.50000076e+07,7.56193590e+00,-5.75855554e+00,1.33204914e+01,1.00008013e-09
17,4.44227857e-01,1.40767314e-08,94,8,0,24,normal_corr_dominates,3.45493766e+00,1.00000000e+00,2.50000058e+07,5.77585650e+00,-2.35275079e+00,8.12860729e+00,1.00009283e-09
17,4.44227857e-01,1.40767314e-08,94,8,1,25,normal_corr_dominates,1.64359851e+00,1.00000000e+00,2.50000015e+07,1.51422690e+00,-2.35275079e+00,3.86697769e+00,1.00007987e-09
17,4.44227857e-01,1.40767314e-08,94,8,2,26,normal_corr_dominates,4.71534148e+00,1.00000000e+00,2.49999866e+07,-1.34467742e+01,-2.35275079e+00,-1.10940234e+01,1.00010559e-09
17,4.44227857e-01,1.40767314e-08,94,9,0,27,normal_corr_dominates,2.80587303e+00,1.00000000e+00,2.49999857e+07,-1.43310333e+01,-3.76550483e+00,-1.05655284e+01,1.00009526e-09
17,4.44227857e-01,1.40767314e-08,94,9,1,28,normal_corr_dominates,4.24243568e+00,1.00000000e+00,2.50000122e+07,1.22094072e+01,-3.76550483e+00,1.59749120e+01,1.00007295e-09
17,4.44227857e-01,1.40767314e-08,94,9,2,29,normal_corr_dominates,3.44954515e+00,1.00000000e+00,2.49999832e+07,-1.67547837e+01,-3.76550483e+00,-1.29892789e+01,1.00011086e-09
17,4.44227857e-01,1.40767314e-08,94,10,0,30,normal_corr_dominates,1.15980381e+00,1.00000000e+00,2.49999913e+07,-8.66580622e+00,-4.01231175e+00,-4.65349447e+00,1.00005538e-09
17,4.44227857e-01,1.40767314e-08,94,10,0,30,corr_ratio_high,7.56934620e-01,5.00000000e-01,2.49999913e+07,-8.66580622e+00,-4.01231175e+00,-4.65349447e+00,1.00005538e-09
17,4.44227857e-01,1.40767314e-08,94,10,2,32,normal_corr_dominates,3.50786373e+00,1.00000000e+00,2.50000101e+07,1.00623311e+01,-4.01231175e+00,1.40746429e+01,1.00008522e-09
17,4.44227857e-01,1.40767314e-08,94,13,2,41,normal_corr_dominates,1.33503128e+00,1.00000000e+00,2.50000017e+07,1.65918235e+00,-4.95232067e+00,6.61150303e+00,1.00008168e-09
17,4.44227857e-01,1.40767314e-08,94,14,0,42,normal_corr_dominates,5.04480095e+00,1.00000000e+00,2.50000179e+07,1.78638543e+01,-4.41649775e+00,2.22803520e+01,1.00015242e-09
17,4.44227857e-01,1.40767314e-08,94,14,1,43,normal_corr_dominates,6.84639348e+00,1.00000000e+00,2.49999653e+07,-3.46535791e+01,-4.41649775e+00,-3.02370814e+01,1.00009425e-09
17,4.44227857e-01,1.40767314e-08,94,14,2,44,normal_corr_dominates,2.41658182e+00,1.00000000e+00,2.50000063e+07,6.25633041e+00,-4.41649775e+00,1.06728282e+01,1.00005994e-09
17,4.44227857e-01,1.40767314e-08,94,14,2,44,corr_ratio_high,6.59606145e-01,5.00000000e-01,2.50000063e+07,6.25633041e+00,-4.41649775e+00,1.06728282e+01,1.00005994e-09
17,4.44227857e-01,1.40767314e-08,94,15,0,45,normal_corr_dominates,6.95684972e+00,1.00000000e+00,2.50000192e+07,1.91740901e+01,-3.21883060e+00,2.23929207e+01,1.00005551e-09
17,4.44227857e-01,1.40767314e-08,94,15,1,46,normal_corr_dominates,1.25596745e+00,1.00000000e+00,2.50000008e+07,8.23915850e-01,-3.21883060e+00,4.04274645e+00,1.00007668e-09
17,4.44227857e-01,1.40767314e-08,94,15,2,47,normal_corr_dominates,3.59055273e+00,1.00000000e+00,2.49999852e+07,-1.47762116e+01,-3.21883060e+00,-1.15573810e+01,1.00009167e-09
17,4.44227857e-01,1.40767314e-08,94,17,0,51,normal_corr_dominates,5.74220475e+00,1.00000000e+00,2.49999845e+07,-1.55086926e+01,-2.30024052e+00,-1.32084521e+01,1.00006927e-09
17,4.44227857e-01,1.40767314e-08,94,17,0,51,corr_ratio_high,5.02739935e-01,5.00000000e-01,2.49999845e+07,-1.55086926e+01,-2.30024052e+00,-1.32084521e+01,1.00006927e-09
17,4.44227857e-01,1.40767314e-08,94,17,1,52,normal_corr_dominates,5.58910074e+00,1.00000000e+00,2.49999848e+07,-1.51565165e+01,-2.30024052e+00,-1.28562760e+01,1.00007848e-09
17,4.44227857e-01,1.40767314e-08,94,17,2,53,normal_corr_dominates,8.17687004e+00,1.00000000e+00,2.50000165e+07,1.65085273e+01,-2.30024052e+00,1.88087678e+01,1.00008565e-09
17,4.44227857e-01,1.40767314e-08,94,18,0,54,normal_corr_dominates,2.22619923e+00,1.00000000e+00,2.50000025e+07,2.46424483e+00,-2.00966105e+00,4.47390589e+00,1.00006986e-09
17,4.44227857e-01,1.40767314e-08,94,18,1,55,normal_corr_dominates,2.95760585e+00,1.00000000e+00,2.50000039e+07,3.93412424e+00,-2.00966105e+00,5.94378529e+00,1.00007272e-09
17,4.44227857e-01,1.40767314e-08,94,18,2,56,normal_corr_dominates,4.13443940e+00,1.00000000e+00,2.49999897e+07,-1.03184829e+01,-2.00966105e+00,-8.30882184e+00,1.00007832e-09
17,4.44227857e-01,1.40767314e-08,94,19,0,57,normal_corr_dominates,5.83191419e+00,1.00000000e+00,2.49999783e+07,-2.16657390e+01,-3.17125455e+00,-1.84944844e+01,1.00002232e-09
17,4.44227857e-01,1.40767314e-08,94,19,0,57,corr_ratio_high,2.32109882e+00,5.00000000e-01,2.49999783e+07,-2.16657390e+01,-3.17125455e+00,-1.84944844e+01,1.00002232e-09
17,4.44227857e-01,1.40767314e-08,94,19,1,58,normal_corr_dominates,4.58725617e+00,1.00000000e+00,2.50000114e+07,1.13761025e+01,-3.17125455e+00,1.45473570e+01,1.00007887e-09
17,4.44227857e-01,1.40767314e-08,94,20,0,60,normal_corr_dominates,2.06674099e+00,1.00000000e+00,2.50000022e+07,2.19087146e+00,-2.05379888e+00,4.24467035e+00,1.00006854e-09
17,4.44227857e-01,1.40767314e-08,94,20,1,61,normal_corr_dominates,3.37727630e+00,1.00000000e+00,2.49999910e+07,-8.99004517e+00,-2.05379888e+00,-6.93624629e+00,1.00007874e-09
17,4.44227857e-01,1.40767314e-08,94,20,2,62,normal_corr_dominates,4.94014338e+00,1.00000000e+00,2.49999878e+07,-1.21998599e+01,-2.05379888e+00,-1.01460610e+01,1.00008217e-09
17,4.44227857e-01,1.40767314e-08,94,21,2,65,normal_corr_dominates,2.88995926e+00,1.00000000e+00,2.50000101e+07,1.00627559e+01,-5.32432423e+00,1.53870801e+01,1.00006643e-09
17,4.44227857e-01,1.40767314e-08,94,22,2,68,normal_corr_dominates,2.30429449e+00,1.00000000e+00,2.49999861e+07,-1.39025086e+01,-4.20740605e+00,-9.69510258e+00,1.00007960e-09
17,4.44227857e-01,1.40767314e-08,94,23,0,69,normal_corr_dominates,3.21757211e+00,1.00000000e+00,2.49999892e+07,-1.07985308e+01,-2.56036660e+00,-8.23816417e+00,1.00008980e-09
17,4.44227857e-01,1.40767314e-08,94,23,1,70,normal_corr_dominates,1.16164735e+00,1.00000000e+00,2.50000004e+07,4.13876463e-01,-2.56036660e+00,2.97424306e+00,1.00009461e-09
17,4.44227857e-01,1.40767314e-08,94,23,2,71,normal_corr_dominates,3.42410901e+00,1.00000000e+00,2.50000062e+07,6.20660773e+00,-2.56036660e+00,8.76697433e+00,1.00007938e-09
17,4.44227857e-01,1.40767314e-08,94,25,0,75,normal_corr_dominates,1.63335583e+01,1.00000000e+00,2.50000135e+07,1.34615413e+01,-8.77913724e-01,1.43394550e+01,1.00010328e-09
17,4.44227857e-01,1.40767314e-08,94,25,1,76,normal_corr_dominates,1.91552931e+01,1.00000000e+00,2.49999823e+07,-1.76946085e+01,-8.77913724e-01,-1.68166947e+01,1.00008565e-09
17,4.44227857e-01,1.40767314e-08,94,25,1,76,corr_ratio_high,6.11134566e-01,5.00000000e-01,2.49999823e+07,-1.76946085e+01,-8.77913724e-01,-1.68166947e+01,1.00008565e-09
17,4.44227857e-01,1.40767314e-08,94,25,2,77,normal_corr_dominates,1.59038995e+01,1.00000000e+00,2.49999852e+07,-1.48401654e+01,-8.77913724e-01,-1.39622517e+01,1.00010629e-09
17,4.44227857e-01,1.40767314e-08,94,26,0,78,normal_corr_dominates,1.08986542e+00,1.00000000e+00,2.50000002e+07,2.24023423e-01,-2.49287672e+00,2.71690014e+00,1.00010933e-09
17,4.44227857e-01,1.40767314e-08,94,26,1,79,normal_corr_dominates,2.24693925e+00,1.00000000e+00,2.50000031e+07,3.10846582e+00,-2.49287672e+00,5.60134254e+00,1.00007301e-09
17,4.44227857e-01,1.40767314e-08,94,26,2,80,normal_corr_dominates,6.12352309e+00,1.00000000e+00,2.49999822e+07,-1.77580649e+01,-2.49287672e+00,-1.52651882e+01,1.00010108e-09
17,4.44227857e-01,1.40767314e-08,94,28,0,84,normal_corr_dominates,5.48766152e+00,1.00000000e+00,2.49999663e+07,-3.37491739e+01,-5.20205529e+00,-2.85471187e+01,1.00012822e-09
17,4.44227857e-01,1.40767314e-08,94,28,2,86,normal_corr_dominates,1.43545659e+00,1.00000000e+00,2.50000023e+07,2.26526923e+00,-5.20205529e+00,7.46732453e+00,1.00007887e-09
17,4.44227857e-01,1.40767314e-08,94,29,0,87,normal_corr_dominates,5.35489132e+00,1.00000000e+00,2.50000080e+07,8.02996175e+00,-1.84389487e+00,9.87385662e+00,1.00011557e-09
17,4.44227857e-01,1.40767314e-08,94,29,1,88,corr_ratio_high,7.45593962e-01,5.00000000e-01,2.49999994e+07,-5.87176424e-01,-1.84389487e+00,1.25671844e+00,1.00005750e-09
17,4.44227857e-01,1.40767314e-08,94,29,2,89,normal_corr_dominates,4.65017358e+00,1.00000000e+00,2.49999896e+07,-1.04183261e+01,-1.84389487e+00,-8.57443120e+00,1.00008261e-09
17,4.44227857e-01,1.40767314e-08,94,30,1,91,normal_corr_dominates,1.66430720e+00,1.00000000e+00,2.49999888e+07,-1.12332153e+01,-4.21618623e+00,-7.01702910e+00,1.00008898e-09
17,4.44227857e-01,1.40767314e-08,94,32,0,96,normal_corr_dominates,1.39753211e+02,1.00000000e+00,2.49999783e+07,-2.16834199e+01,-1.54052754e-01,-2.15293671e+01,1.00010602e-09
17,4.44227857e-01,1.40767314e-08,94,32,1,97,normal_corr_dominates,6.84377067e+01,1.00000000e+00,2.50000104e+07,1.03889645e+01,-1.54052754e-01,1.05430172e+01,1.00009670e-09
17,4.44227857e-01,1.40767314e-08,94,32,2,98,normal_corr_dominates,1.63345732e+01,1.00000000e+00,2.49999973e+07,-2.67043875e+00,-1.54052754e-01,-2.51638600e+00,1.00006075e-09
17,4.44227857e-01,1.40767314e-08,94,32,2,98,corr_ratio_high,7.98318000e-01,5.00000000e-01,2.49999973e+07,-2.67043875e+00,-1.54052754e-01,-2.51638600e+00,1.00006075e-09
17,4.44227857e-01,1.40767314e-08,94,31,1,94,normal_corr_dominates,2.10816747e+00,1.00000000e+00,2.50000036e+07,3.64829111e+00,-3.29218391e+00,6.94047502e+00,1.00010476e-09
17,4.44227857e-01,1.40767314e-08,94,31,2,95,normal_corr_dominates,3.39123463e+00,1.00000000e+00,2.49999855e+07,-1.44567520e+01,-3.29218391e+00,-1.11645681e+01,1.00010113e-09
17,4.44227857e-01,1.40767314e-08,94,12,0,36,normal_corr_dominates,1.46493345e+00,1.00000000e+00,2.50000041e+07,4.12142932e+00,-8.86455754e+00,1.29859869e+01,1.00013892e-09
17,4.44227857e-01,1.40767314e-08,94,12,2,38,normal_corr_dominates,2.33842957e+00,1.00000000e+00,2.50000119e+07,1.18645859e+01,-8.86455754e+00,2.07291434e+01,1.00003753e-09
17,4.44227857e-01,1.40767314e-08,94,12,2,38,corr_ratio_high,1.52514005e+00,5.00000000e-01,2.50000119e+07,1.18645859e+01,-8.86455754e+00,2.07291434e+01,1.00003753e-09
18,4.69378806e-01,1.48737168e-08,94,0,0,0,normal_corr_dominates,8.50804495e+00,1.00000000e+00,2.49999814e+07,-1.86003627e+01,-1.95627626e+00,-1.66440864e+01,1.00007822e-09
18,4.69378806e-01,1.48737168e-08,94,0,1,1,normal_corr_dominates,7.33345902e+00,1.00000000e+00,2.50000124e+07,1.23899955e+01,-1.95627626e+00,1.43462718e+01,1.00005310e-09
18,4.69378806e-01,1.48737168e-08,94,0,2,2,normal_corr_dominates,3.57246483e+00,1.00000000e+00,2.50000050e+07,5.03245188e+00,-1.95627626e+00,6.98872815e+00,1.00012242e-09
18,4.69378806e-01,1.48737168e-08,94,1,0,3,normal_corr_dominates,2.26809126e+00,1.00000000e+00,2.50000047e+07,4.73134444e+00,-3.73107566e+00,8.46242010e+00,1.00010443e-09
18,4.69378806e-01,1.48737168e-08,94,1,1,4,normal_corr_dominates,5.44387514e+00,1.00000000e+00,2.50000166e+07,1.65804344e+01,-3.73107566e+00,2.03115100e+01,1.00007380e-09
18,4.69378806e-01,1.48737168e-08,94,1,2,5,normal_corr_dominates,4.08584057e+00,1.00000000e+00,2.49999810e+07,-1.89756560e+01,-3.73107566e+00,-1.52445803e+01,1.00011245e-09
18,4.69378806e-01,1.48737168e-08,94,2,0,6,normal_corr_dominates,1.23114641e+01,1.00000000e+00,2.50000214e+07,2.13533920e+01,-1.88776552e+00,2.32411575e+01,1.00004724e-09
18,4.69378806e-01,1.48737168e-08,94,2,0,6,corr_ratio_high,6.04919949e-01,5.00000000e-01,2.50000214e+07,2.13533920e+01,-1.88776552e+00,2.32411575e+01,1.00004724e-09
18,4.69378806e-01,1.48737168e-08,94,2,1,7,normal_corr_dominates,2.88232575e+00,1.00000000e+00,2.49999927e+07,-7.32892070e+00,-1.88776552e+00,-5.44115518e+00,1.00013081e-09
18,4.69378806e-01,1.48737168e-08,94,2,2,8,normal_corr_dominates,3.19660462e+00,1.00000000e+00,2.49999921e+07,-7.92220552e+00,-1.88776552e+00,-6.03444000e+00,1.00009549e-09
18,4.69378806e-01,1.48737168e-08,94,3,0,9,normal_corr_dominates,5.60200997e+00,1.00000000e+00,2.49999813e+07,-1.86690845e+01,-2.82778799e+00,-1.58412965e+01,1.00008198e-09
18,4.69378806e-01,1.48737168e-08,94,3,1,10,normal_corr_dominates,3.28848154e+00,1.00000000e+00,2.50000065e+07,6.47134061e+00,-2.82778799e+00,9.29912861e+00,1.00011256e-09
18,4.69378806e-01,1.48737168e-08,94,3,2,11,normal_corr_dominates,5.93714460e+00,1.00000000e+00,2.50000140e+07,1.39611982e+01,-2.82778799e+00,1.67889862e+01,1.00008385e-09
18,4.69378806e-01,1.48737168e-08,94,4,0,12,normal_corr_dominates,4.98452231e+00,1.00000000e+00,2.50000058e+07,5.79084007e+00,-1.45333358e+00,7.24417365e+00,1.00007330e-09
18,4.69378806e-01,1.48737168e-08,94,4,1,13,normal_corr_dominates,7.21301665e+00,1.00000000e+00,2.49999881e+07,-1.19362529e+01,-1.45333358e+00,-1.04829193e+01,1.00007929e-09
18,4.69378806e-01,1.48737168e-08,94,4,2,14,normal_corr_dominates,7.32209876e+00,1.00000000e+00,2.50000092e+07,9.18811842e+00,-1.45333358e+00,1.06414520e+01,1.00007478e-09
18,4.69378806e-01,1.48737168e-08,94,5,0,15,normal_corr_dominates,1.47668665e+00,1.00000000e+00,2.50000029e+07,2.89122361e+00,-6.06524979e+00,8.95647340e+00,1.00007742e-09
18,4.69378806e-01,1.48737168e-08,94,5,1,16,normal_corr_dominates,2.21407388e+00,1.00000000e+00,2.49999805e+07,-1.94941609e+01,-6.06524979e+00,-1.34289111e+01,1.00005133e-09
18,4.69378806e-01,1.48737168e-08,94,5,1,16,corr_ratio_high,9.13667845e-01,5.00000000e-01,2.49999805e+07,-1.94941609e+01,-6.06524979e+00,-1.34289111e+01,1.00005133e-09
18,4.69378806e-01,1.48737168e-08,94,5,2,17,normal_corr_dominates,2.31348701e+00,1.00000000e+00,2.50000080e+07,7.96662681e+00,-6.06524979e+00,1.40318766e+01,1.00008440e-09
18,4.69378806e-01,1.48737168e-08,94,8,0,24,normal_corr_dominates,3.46085326e+00,1.00000000e+00,2.50000061e+07,6.09074770e+00,-2.47505521e+00,8.56580292e+00,1.00009779e-09
18,4.69378806e-01,1.48737168e-08,94,8,1,25,normal_corr_dominates,1.64509792e+00,1.00000000e+00,2.50000016e+07,1.59665297e+00,-2.47505521e+00,4.07170818e+00,1.00008414e-09
18,4.69378806e-01,1.48737168e-08,94,8,2,26,normal_corr_dominates,4.72316232e+00,1.00000000e+00,2.49999858e+07,-1.41651427e+01,-2.47505521e+00,-1.16900875e+01,1.00011122e-09
18,4.69378806e-01,1.48737168e-08,94,9,0,27,normal_corr_dominates,2.80633810e+00,1.00000000e+00,2.49999849e+07,-1.50880838e+01,-3.96393685e+00,-1.11241470e+01,1.00010033e-09
18,4.69378806e-01,1.48737168e-08,94,9,1,28,normal_corr_dominates,4.24699503e+00,1.00000000e+00,2.50000129e+07,1.28708832e+01,-3.96393685e+00,1.68348201e+01,1.00007684e-09
18,4.69378806e-01,1.48737168e-08,94,9,2,29,normal_corr_dominates,3.45363626e+00,1.00000000e+00,2.49999823e+07,-1.76539329e+01,-3.96393685e+00,-1.36899960e+01,1.00011678e-09
18,4.69378806e-01,1.48737168e-08,94,10,0,30,normal_corr_dominates,1.16294040e+00,1.00000000e+00,2.49999909e+07,-9.13321812e+00,-4.22259352e+00,-4.91062461e+00,1.00005837e-09
18,4.69378806e-01,1.48737168e-08,94,10,0,30,corr_ratio_high,7.56192646e-01,5.00000000e-01,2.49999909e+07,-9.13321812e+00,-4.22259352e+00,-4.91062461e+00,1.00005837e-09
18,4.69378806e-01,1.48737168e-08,94,10,2,32,normal_corr_dominates,3.51212008e+00,1.00000000e+00,2.50000106e+07,1.06076620e+01,-4.22259352e+00,1.48302555e+01,1.00008976e-09
18,4.69378806e-01,1.48737168e-08,94,13,2,41,normal_corr_dominates,1.33527038e+00,1.00000000e+00,2.50000017e+07,1.74828840e+00,-5.21456273e+00,6.96285113e+00,1.00008603e-09
18,4.69378806e-01,1.48737168e-08,94,14,0,42,normal_corr_dominates,5.04866102e+00,1.00000000e+00,2.50000188e+07,1.88219847e+01,-4.64894064e+00,2.34709254e+01,1.00016054e-09
18,4.69378806e-01,1.48737168e-08,94,14,1,43,normal_corr_dominates,6.85214144e+00,1.00000000e+00,2.49999635e+07,-3.65041394e+01,-4.64894064e+00,-3.18551988e+01,1.00009930e-09
18,4.69378806e-01,1.48737168e-08,94,14,2,44,normal_corr_dominates,2.41814459e+00,1.00000000e+00,2.50000066e+07,6.59287003e+00,-4.64894064e+00,1.12418107e+01,1.00006314e-09
18,4.69378806e-01,1.48737168e-08,94,14,2,44,corr_ratio_high,6.59721435e-01,5.00000000e-01,2.50000066e+07,6.59287003e+00,-4.64894064e+00,1.12418107e+01,1.00006314e-09
18,4.69378806e-01,1.48737168e-08,94,15,0,45,normal_corr_dominates,6.95972439e+00,1.00000000e+00,2.50000202e+07,2.01995511e+01,-3.38934316e+00,2.35888943e+01,1.00005847e-09
18,4.69378806e-01,1.48737168e-08,94,15,1,46,normal_corr_dominates,1.25732614e+00,1.00000000e+00,2.50000009e+07,8.72166591e-01,-3.38934316e+00,4.26150975e+00,1.00008078e-09
18,4.69378806e-01,1.48737168e-08,94,15,2,47,normal_corr_dominates,3.59216901e+00,1.00000000e+00,2.49999844e+07,-1.55644366e+01,-3.38934316e+00,-1.21750935e+01,1.00009657e-09
18,4.69378806e-01,1.48737168e-08,94,17,0,51,normal_corr_dominates,5.75181583e+00,1.00000000e+00,2.49999837e+07,-1.63411126e+01,-2.42025450e+00,-1.39208581e+01,1.00007297e-09
18,4.69378806e-01,1.48737168e-08,94,17,0,51,corr_ratio_high,5.02829421e-01,5.00000000e-01,2.49999837e+07,-1.63411126e+01,-2.42025450e+00,-1.39208581e+01,1.00007297e-09
18,4.69378806e-01,1.48737168e-08,94,17,1,52,normal_corr_dominates,5.59721810e+00,1.00000000e+00,2.49999840e+07,-1.59669468e+01,-2.42025450e+00,-1.35466923e+01,1.00008267e-09
18,4.69378806e-01,1.48737168e-08,94,17,2,53,normal_corr_dominates,8.18907266e+00,1.00000000e+00,2.50000174e+07,1.73993854e+01,-2.42025450e+00,1.98196399e+01,1.00009021e-09
18,4.69378806e-01,1.48737168e-08,94,18,0,54,normal_corr_dominates,2.22888039e+00,1.00000000e+00,2.50000026e+07,2.59930397e+00,-2.11518062e+00,4.71448459e+00,1.00007359e-09
18,4.69378806e-01,1.48737168e-08,94,18,1,55,normal_corr_dominates,2.96039072e+00,1.00000000e+00,2.50000041e+07,4.14658046e+00,-2.11518062e+00,6.26176107e+00,1.00007660e-09
18,4.69378806e-01,1.48737168e-08,94,18,2,56,normal_corr_dominates,4.13848195e+00,1.00000000e+00,2.49999891e+07,-1.08688174e+01,-2.11518062e+00,-8.75363680e+00,1.00008250e-09
18,4.69378806e-01,1.48737168e-08,94,19,0,57,normal_corr_dominates,5.83495261e+00,1.00000000e+00,2.49999772e+07,-2.28252510e+01,-3.33948929e+00,-1.94857617e+01,1.00002353e-09
18,4.69378806e-01,1.48737168e-08,94,19,0,57,corr_ratio_high,2.31980041e+00,5.00000000e-01,2.49999772e+07,-2.28252510e+01,-3.33948929e+00,-1.94857617e+01,1.00002353e-09
18,4.69378806e-01,1.48737168e-08,94,19,1,58,normal_corr_dominates,4.58868929e+00,1.00000000e+00,2.50000120e+07,1.19843894e+01,-3.33948929e+00,1.53238787e+01,1.00008308e-09
18,4.69378806e-01,1.48737168e-08,94,20,0,60,normal_corr_dominates,2.06934720e+00,1.00000000e+00,2.50000023e+07,2.31130563e+00,-2.16141739e+00,4.47272301e+00,1.00007220e-09
18,4.69378806e-01,1.48737168e-08,94,20,1,61,normal_corr_dominates,3.38162187e+00,1.00000000e+00,2.49999905e+07,-9.47051369e+00,-2.16141739e+00,-7.30909630e+00,1.00008295e-09
18,4.69378806e-01,1.48737168e-08,94,20,2,62,normal_corr_dominates,4.94607226e+00,1.00000000e+00,2.49999871e+07,-1.28519440e+01,-2.16141739e+00,-1.06905266e+01,1.00008656e-09
18,4.69378806e-01,1.48737168e-08,94,21,2,65,normal_corr_dominates,2.89172271e+00,1.00000000e+00,2.50000106e+07,1.06037799e+01,-5.60535634e+00,1.62091362e+01,1.00006998e-09
18,4.69378806e-01,1.48737168e-08,94,22,2,68,normal_corr_dominates,2.30507015e+00,1.00000000e+00,2.49999854e+07,-1.46409133e+01,-4.42983437e+00,-1.02110790e+01,1.00008385e-09
18,4.69378806e-01,1.48737168e-08,94,23,0,69,normal_corr_dominates,3.22001357e+00,1.00000000e+00,2.49999886e+07,-1.13682659e+01,-2.69389321e+00,-8.67437271e+00,1.00009459e-09
18,4.69378806e-01,1.48737168e-08,94,23,1,70,normal_corr_dominates,1.16419970e+00,1.00000000e+00,2.50000004e+07,4.42336452e-01,-2.69389321e+00,3.13622966e+00,1.00009965e-09
18,4.69378806e-01,1.48737168e-08,94,23,2,71,normal_corr_dominates,3.42947919e+00,1.00000000e+00,2.50000065e+07,6.54475751e+00,-2.69389321e+00,9.23865072e+00,1.00008362e-09
18,4.69378806e-01,1.48737168e-08,94,25,0,75,normal_corr_dominates,1.63997420e+01,1.00000000e+00,2.50000142e+07,1.41824380e+01,-9.20952961e-01,1.51033909e+01,1.00010880e-09
18,4.69378806e-01,1.48737168e-08,94,25,1,76,normal_corr_dominates,1.92335558e+01,1.00000000e+00,2.49999814e+07,-1.86341531e+01,-9.20952961e-01,-1.77132001e+01,1.00009021e-09
18,4.69378806e-01,1.48737168e-08,94,25,1,76,corr_ratio_high,6.11269912e-01,5.00000000e-01,2.49999814e+07,-1.86341531e+01,-9.20952961e-01,-1.77132001e+01,1.00009021e-09
18,4.69378806e-01,1.48737168e-08,94,25,2,77,normal_corr_dominates,1.59769574e+01,1.00000000e+00,2.49999844e+07,-1.56349791e+01,-9.20952961e-01,-1.47140262e+01,1.00011197e-09
18,4.69378806e-01,1.48737168e-08,94,26,0,78,normal_corr_dominates,1.09301218e+00,1.00000000e+00,2.50000002e+07,2.43910124e-01,-2.62234610e+00,2.86625623e+00,1.00011515e-09
18,4.69378806e-01,1.48737168e-08,94,26,1,79,normal_corr_dominates,2.25012580e+00,1.00000000e+00,2.50000033e+07,3.27826252e+00,-2.62234610e+00,5.90060863e+00,1.00007692e-09
18,4.69378806e-01,1.48737168e-08,94,26,2,80,normal_corr_dominates,6.13490772e+00,1.00000000e+00,2.49999813e+07,-1.87101975e+01,-2.62234610e+00,-1.60878514e+01,1.00010648e-09
18,4.69378806e-01,1.48737168e-08,94,28,0,84,normal_corr_dominates,5.48928111e+00,1.00000000e+00,2.49999644e+07,-3.55520008e+01,-5.47857308e+00,-3.00734277e+01,1.00013507e-09
18,4.69378806e-01,1.48737168e-08,94,28,2,86,normal_corr_dominates,1.43574905e+00,1.00000000e+00,2.50000024e+07,2.38728301e+00,-5.47857308e+00,7.86585609e+00,1.00008307e-09
18,4.69378806e-01,1.48737168e-08,94,29,0,87,normal_corr_dominates,5.35860377e+00,1.00000000e+00,2.50000085e+07,8.46036783e+00,-1.94107294e+00,1.04014408e+01,1.00012175e-09
18,4.69378806e-01,1.48737168e-08,94,29,1,88,corr_ratio_high,7.45525672e-01,5.00000000e-01,2.49999994e+07,-6.16025769e-01,-1.94107294e+00,1.32504717e+00,1.00006058e-09
18,4.69378806e-01,1.48737168e-08,94,29,2,89,normal_corr_dominates,4.65288593e+00,1.00000000e+00,2.49999890e+07,-1.09726639e+01,-1.94107294e+00,-9.03159096e+00,1.00008701e-09
18,4.69378806e-01,1.48737168e-08,94,30,1,91,normal_corr_dominates,1.66515967e+00,1.00000000e+00,2.49999882e+07,-1.18289083e+01,-4.43834884e+00,-7.39055947e+00,1.00009373e-09
18,4.69378806e-01,1.48737168e-08,94,32,0,96,normal_corr_dominates,1.40545786e+02,1.00000000e+00,2.49999772e+07,-2.28412793e+01,-1.61370253e-01,-2.26799091e+01,1.00011168e-09
18,4.69378806e-01,1.48737168e-08,94,32,1,97,normal_corr_dominates,6.88198146e+01,1.00000000e+00,2.50000109e+07,1.09441007e+01,-1.61370253e-01,1.11054709e+01,1.00010187e-09
18,4.69378806e-01,1.48737168e-08,94,32,2,98,normal_corr_dominates,1.64038353e+01,1.00000000e+00,2.49999972e+07,-2.80846131e+00,-1.61370253e-01,-2.64709106e+00,1.00006399e-09
18,4.69378806e-01,1.48737168e-08,94,32,2,98,corr_ratio_high,7.98477900e-01,5.00000000e-01,2.49999972e+07,-2.80846131e+00,-1.61370253e-01,-2.64709106e+00,1.00006399e-09
18,4.69378806e-01,1.48737168e-08,94,31,1,94,normal_corr_dominates,2.11053346e+00,1.00000000e+00,2.50000038e+07,3.84606704e+00,-3.46326085e+00,7.30932789e+00,1.00011035e-09
18,4.69378806e-01,1.48737168e-08,94,31,2,95,normal_corr_dominates,3.39739695e+00,1.00000000e+00,2.49999848e+07,-1.52293327e+01,-3.46326085e+00,-1.17660718e+01,1.00010653e-09
18,4.69378806e-01,1.48737168e-08,94,12,0,36,normal_corr_dominates,1.46571030e+00,1.00000000e+00,2.50000043e+07,4.34689834e+00,-9.33391061e+00,1.36808089e+01,1.00014633e-09
18,4.69378806e-01,1.48737168e-08,94,12,2,38,normal_corr_dominates,2.33978608e+00,1.00000000e+00,2.50000125e+07,1.25054435e+01,-9.33391061e+00,2.18393542e+01,1.00003955e-09
18,4.69378806e-01,1.48737168e-08,94,12,2,38,corr_ratio_high,1.52437947e+00,5.00000000e-01,2.50000125e+07,1.25054435e+01,-9.33391061e+00,2.18393542e+01,1.00003955e-09
19,4.96064928e-01,1.57193490e-08,94,0,0,0,normal_corr_dominates,8.51849771e+00,1.00000000e+00,2.49999804e+07,-1.96001268e+01,-2.05916179e+00,-1.75409650e+01,1.00008242e-09
19,4.96064928e-01,1.57193490e-08,94,0,1,1,normal_corr_dominates,7.33887032e+00,1.00000000e+00,2.50000131e+07,1.30527596e+01,-2.05916179e+00,1.51119214e+01,1.00005597e-09
19,4.96064928e-01,1.57193490e-08,94,0,2,2,normal_corr_dominates,3.58057591e+00,1.00000000e+00,2.50000053e+07,5.31382331e+00,-2.05916179e+00,7.37298511e+00,1.00012895e-09
19,4.96064928e-01,1.57193490e-08,94,1,0,3,normal_corr_dominates,2.27036309e+00,1.00000000e+00,2.50000050e+07,4.99045901e+00,-3.92837216e+00,8.91883116e+00,1.00011002e-09
19,4.96064928e-01,1.57193490e-08,94,1,1,4,normal_corr_dominates,5.44943754e+00,1.00000000e+00,2.50000175e+07,1.74790466e+01,-3.92837216e+00,2.14074187e+01,1.00007774e-09
19,4.96064928e-01,1.57193490e-08,94,1,2,5,normal_corr_dominates,4.09001308e+00,1.00000000e+00,2.49999800e+07,-1.99954656e+01,-3.92837216e+00,-1.60670935e+01,1.00011847e-09
19,4.96064928e-01,1.57193490e-08,94,2,0,6,normal_corr_dominates,1.23240161e+01,1.00000000e+00,2.50000225e+07,2.24977556e+01,-1.98672938e+00,2.44844850e+01,1.00004978e-09
19,4.96064928e-01,1.57193490e-08,94,2,0,6,corr_ratio_high,6.04667688e-01,5.00000000e-01,2.50000225e+07,2.24977556e+01,-1.98672938e+00,2.44844850e+01,1.00004978e-09
19,4.96064928e-01,1.57193490e-08,94,2,1,7,normal_corr_dominates,2.88183988e+00,1.00000000e+00,2.49999923e+07,-7.71216535e+00,-1.98672938e+00,-5.72543597e+00,1.00013778e-09
19,4.96064928e-01,1.57193490e-08,94,2,2,8,normal_corr_dominates,3.19987852e+00,1.00000000e+00,2.49999917e+07,-8.34402206e+00,-1.98672938e+00,-6.35729268e+00,1.00010062e-09
19,4.96064928e-01,1.57193490e-08,94,3,0,9,normal_corr_dominates,5.60720479e+00,1.00000000e+00,2.49999803e+07,-1.96723670e+01,-2.97741142e+00,-1.66949556e+01,1.00008638e-09
19,4.96064928e-01,1.57193490e-08,94,3,1,10,normal_corr_dominates,3.29282261e+00,1.00000000e+00,2.50000068e+07,6.82667622e+00,-2.97741142e+00,9.80408764e+00,1.00011858e-09
19,4.96064928e-01,1.57193490e-08,94,3,2,11,normal_corr_dominates,5.94261791e+00,1.00000000e+00,2.50000147e+07,1.47162070e+01,-2.97741142e+00,1.76936184e+01,1.00008833e-09
19,4.96064928e-01,1.57193490e-08,94,4,0,12,normal_corr_dominates,4.99237909e+00,1.00000000e+00,2.50000061e+07,6.10400078e+00,-1.52891312e+00,7.63291390e+00,1.00007723e-09
19,4.96064928e-01,1.57193490e-08,94,4,1,13,normal_corr_dominates,7.22446938e+00,1.00000000e+00,2.49999874e+07,-1.25744991e+01,-1.52891312e+00,-1.10455860e+01,1.00008353e-09
19,4.96064928e-01,1.57193490e-08,94,4,2,14,normal_corr_dominates,7.33141409e+00,1.00000000e+00,2.50000097e+07,9.68018209e+00,-1.52891312e+00,1.12090952e+01,1.00007880e-09
19,4.96064928e-01,1.57193490e-08,94,5,0,15,normal_corr_dominates,1.47741265e+00,1.00000000e+00,2.50000031e+07,3.05028816e+00,-6.38920689e+00,9.43949505e+00,1.00008156e-09
19,4.96064928e-01,1.57193490e-08,94,5,1,16,normal_corr_dominates,2.21486726e+00,1.00000000e+00,2.49999795e+07,-2.05404521e+01,-6.38920689e+00,-1.41512452e+01,1.00005409e-09
19,4.96064928e-01,1.57193490e-08,94,5,1,16,corr_ratio_high,9.13160773e-01,5.00000000e-01,2.49999795e+07,-2.05404521e+01,-6.38920689e+00,-1.41512452e+01,1.00005409e-09
19,4.96064928e-01,1.57193490e-08,94,5,2,17,normal_corr_dominates,2.31379988e+00,1.00000000e+00,2.50000084e+07,8.39413927e+00,-6.38920689e+00,1.47833462e+01,1.00008891e-09
19,4.96064928e-01,1.57193490e-08,94,8,0,24,normal_corr_dominates,3.46679324e+00,1.00000000e+00,2.50000064e+07,6.42371899e+00,-2.60407678e+00,9.02779577e+00,1.00010302e-09
19,4.96064928e-01,1.57193490e-08,94,8,1,25,normal_corr_dominates,1.64659361e+00,1.00000000e+00,2.50000017e+07,1.68377942e+00,-2.60407678e+00,4.28785620e+00,1.00008865e-09
19,4.96064928e-01,1.57193490e-08,94,8,2,26,normal_corr_dominates,4.73103053e+00,1.00000000e+00,2.49999851e+07,-1.49240435e+01,-2.60407678e+00,-1.23199668e+01,1.00011718e-09
19,4.96064928e-01,1.57193490e-08,94,9,0,27,normal_corr_dominates,2.80676372e+00,1.00000000e+00,2.49999841e+07,-1.58872986e+01,-4.17343965e+00,-1.17138590e+01,1.00010569e-09
19,4.96064928e-01,1.57193490e-08,94,9,1,28,normal_corr_dominates,4.25157509e+00,1.00000000e+00,2.50000136e+07,1.35702524e+01,-4.17343965e+00,1.77436920e+01,1.00008096e-09
19,4.96064928e-01,1.57193490e-08,94,9,2,29,normal_corr_dominates,3.45774587e+00,1.00000000e+00,2.49999814e+07,-1.86041334e+01,-4.17343965e+00,-1.44306937e+01,1.00012304e-09
19,4.96064928e-01,1.57193490e-08,94,10,0,30,normal_corr_dominates,1.16611667e+00,1.00000000e+00,2.49999904e+07,-9.62736699e+00,-4.44452838e+00,-5.18283861e+00,1.00006152e-09
19,4.96064928e-01,1.57193490e-08,94,10,0,30,corr_ratio_high,7.55433496e-01,5.00000000e-01,2.49999904e+07,-9.62736699e+00,-4.44452838e+00,-5.18283861e+00,1.00006152e-09
19,4.96064928e-01,1.57193490e-08,94,10,2,32,normal_corr_dominates,3.51640191e+00,1.00000000e+00,2.50000112e+07,1.11842197e+01,-4.44452838e+00,1.56287481e+01,1.00009456e-09
19,4.96064928e-01,1.57193490e-08,94,13,2,41,normal_corr_dominates,1.33549409e+00,1.00000000e+00,2.50000018e+07,1.84236076e+00,-5.49148505e+00,7.33384581e+00,1.00009064e-09
19,4.96064928e-01,1.57193490e-08,94,14,0,42,normal_corr_dominates,5.05252965e+00,1.00000000e+00,2.50000198e+07,1.98342988e+01,-4.89430072e+00,2.47285995e+01,1.00016912e-09
19,4.96064928e-01,1.57193490e-08,94,14,1,43,normal_corr_dominates,6.85791677e+00,1.00000000e+00,2.49999615e+07,-3.84590077e+01,-4.89430072e+00,-3.35647070e+01,1.00010463e-09
19,4.96064928e-01,1.57193490e-08,94,14,2,44,normal_corr_dominates,2.41971292e+00,1.00000000e+00,2.50000069e+07,6.94850199e+00,-4.89430072e+00,1.18428027e+01,1.00006652e-09
19,4.96064928e-01,1.57193490e-08,94,14,2,44,corr_ratio_high,6.59836235e-01,5.00000000e-01,2.50000069e+07,6.94850199e+00,-4.89430072e+00,1.18428027e+01,1.00006652e-09
19,4.96064928e-01,1.57193490e-08,94,15,0,45,normal_corr_dominates,6.96255683e+00,1.00000000e+00,2.50000213e+07,2.12828919e+01,-3.56942373e+00,2.48523156e+01,1.00006160e-09
19,4.96064928e-01,1.57193490e-08,94,15,1,46,normal_corr_dominates,1.25867926e+00,1.00000000e+00,2.50000009e+07,9.23335898e-01,-3.56942373e+00,4.49275963e+00,1.00008511e-09
19,4.96064928e-01,1.57193490e-08,94,15,2,47,normal_corr_dominates,3.59375581e+00,1.00000000e+00,2.49999836e+07,-1.63970610e+01,-3.56942373e+00,-1.28276373e+01,1.00010174e-09
19,4.96064928e-01,1.57193490e-08,94,17,0,51,normal_corr_dominates,5.76154791e+00,1.00000000e+00,2.49999828e+07,-1.72208236e+01,-2.54687593e+00,-1.46739477e+01,1.00007689e-09
19,4.96064928e-01,1.57193490e-08,94,17,0,51,corr_ratio_high,5.02919961e-01,5.00000000e-01,2.49999828e+07,-1.72208236e+01,-2.54687593e+00,-1.46739477e+01,1.00007689e-09
19,4.96064928e-01,1.57193490e-08,94,17,1,52,normal_corr_dominates,5.60539565e+00,1.00000000e+00,2.49999832e+07,-1.68231232e+01,-2.54687593e+00,-1.42762473e+01,1.00008711e-09
19,4.96064928e-01,1.57193490e-08,94,17,2,53,normal_corr_dominates,8.20139283e+00,1.00000000e+00,2.50000183e+07,1.83410541e+01,-2.54687593e+00,2.08879300e+01,1.00009502e-09
19,4.96064928e-01,1.57193490e-08,94,18,0,54,normal_corr_dominates,2.23155696e+00,1.00000000e+00,2.50000027e+07,2.74213431e+00,-2.22655907e+00,4.96869339e+00,1.00007752e-09
19,4.96064928e-01,1.57193490e-08,94,18,1,55,normal_corr_dominates,2.96316893e+00,1.00000000e+00,2.50000044e+07,4.37111160e+00,-2.22655907e+00,6.59767067e+00,1.00008071e-09
19,4.96064928e-01,1.57193490e-08,94,18,2,56,normal_corr_dominates,4.14251735e+00,1.00000000e+00,2.49999885e+07,-1.14501187e+01,-2.22655907e+00,-9.22355960e+00,1.00008692e-09
19,4.96064928e-01,1.57193490e-08,94,19,0,57,normal_corr_dominates,5.83798017e+00,1.00000000e+00,2.49999759e+07,-2.40502825e+01,-3.51716178e+00,-2.05331207e+01,1.00002481e-09
19,4.96064928e-01,1.57193490e-08,94,19,0,57,corr_ratio_high,2.31846956e+00,5.00000000e-01,2.49999759e+07,-2.40502825e+01,-3.51716178e+00,-2.05331207e+01,1.00002481e-09
19,4.96064928e-01,1.57193490e-08,94,19,1,58,normal_corr_dominates,4.59010114e+00,1.00000000e+00,2.50000126e+07,1.26269665e+01,-3.51716178e+00,1.61441283e+01,1.00008752e-09
19,4.96064928e-01,1.57193490e-08,94,20,0,60,normal_corr_dominates,2.07195594e+00,1.00000000e+00,2.50000024e+07,2.43869117e+00,-2.27499198e+00,4.71368315e+00,1.00007607e-09
19,4.96064928e-01,1.57193490e-08,94,20,1,61,normal_corr_dominates,3.38600239e+00,1.00000000e+00,2.49999900e+07,-9.97812028e+00,-2.27499198e+00,-7.70312830e+00,1.00008740e-09
19,4.96064928e-01,1.57193490e-08,94,20,2,62,normal_corr_dominates,4.95203100e+00,1.00000000e+00,2.49999865e+07,-1.35408228e+01,-2.27499198e+00,-1.12658308e+01,1.00009120e-09
19,4.96064928e-01,1.57193490e-08,94,21,2,65,normal_corr_dominates,2.89349216e+00,1.00000000e+00,2.50000112e+07,1.11755269e+01,-5.90207190e+00,1.70775988e+01,1.00007373e-09
19,4.96064928e-01,1.57193490e-08,94,22,2,68,normal_corr_dominates,2.30582210e+00,1.00000000e+00,2.49999846e+07,-1.54207168e+01,-4.66471464e+00,-1.07560021e+01,1.00008834e-09
19,4.96064928e-01,1.57193490e-08,94,23,0,69,normal_corr_dominates,3.22242620e+00,1.00000000e+00,2.49999880e+07,-1.19697022e+01,-2.83479251e+00,-9.13490965e+00,1.00009964e-09
19,4.96064928e-01,1.57193490e-08,94,23,1,70,normal_corr_dominates,1.16677194e+00,1.00000000e+00,2.50000005e+07,4.72763860e-01,-2.83479251e+00,3.30755637e+00,1.00010498e-09
19,4.96064928e-01,1.57193490e-08,94,23,2,71,normal_corr_dominates,3.43487756e+00,1.00000000e+00,2.50000069e+07,6.90237269e+00,-2.83479251e+00,9.73716520e+00,1.00008810e-09
19,4.96064928e-01,1.57193490e-08,94,25,0,75,normal_corr_dominates,1.64669369e+01,1.00000000e+00,2.50000149e+07,1.49440889e+01,-9.66195763e-01,1.59102847e+01,1.00011463e-09
19,4.96064928e-01,1.57193490e-08,94,25,1,76,normal_corr_dominates,1.93130083e+01,1.00000000e+00,2.49999804e+07,-1.96263426e+01,-9.66195763e-01,-1.86601468e+01,1.00009504e-09
19,4.96064928e-01,1.57193490e-08,94,25,1,76,corr_ratio_high,6.11405484e-01,5.00000000e-01,2.49999804e+07,-1.96263426e+01,-9.66195763e-01,-1.86601468e+01,1.00009504e-09
19,4.96064928e-01,1.57193490e-08,94,25,2,77,normal_corr_dominates,1.60511861e+01,1.00000000e+00,2.49999835e+07,-1.64747838e+01,-9.66195763e-01,-1.55085880e+01,1.00011797e-09
19,4.96064928e-01,1.57193490e-08,94,26,0,78,normal_corr_dominates,1.09617815e+00,1.00000000e+00,2.50000003e+07,2.65348534e-01,-2.75892729e+00,3.02427582e+00,1.00012130e-09
19,4.96064928e-01,1.57193490e-08,94,26,1,79,normal_corr_dominates,2.25335617e+00,1.00000000e+00,2.50000035e+07,3.45791853e+00,-2.75892729e+00,6.21684582e+00,1.00008105e-09
19,4.96064928e-01,1.57193490e-08,94,26,2,80,normal_corr_dominates,6.14637716e+00,1.00000000e+00,2.49999803e+07,-1.97163350e+01,-2.75892729e+00,-1.69574077e+01,1.00011218e-09
19,4.96064928e-01,1.57193490e-08,94,28,0,84,normal_corr_dominates,5.49090931e+00,1.00000000e+00,2.49999625e+07,-3.74565035e+01,-5.77060959e+00,-3.16858939e+01,1.00014232e-09
19,4.96064928e-01,1.57193490e-08,94,28,2,86,normal_corr_dominates,1.43603940e+00,1.00000000e+00,2.50000025e+07,2.51621312e+00,-5.77060959e+00,8.28682270e+00,1.00008751e-09
19,4.96064928e-01,1.57193490e-08,94,29,0,87,normal_corr_dominates,5.36230151e+00,1.00000000e+00,2.50000089e+07,8.91512649e+00,-2.04367499e+00,1.09588015e+01,1.00012827e-09
19,4.96064928e-01,1.57193490e-08,94,29,1,88,corr_ratio_high,7.45452705e-01,5.00000000e-01,2.49999994e+07,-6.46406965e-01,-2.04367499e+00,1.39726802e+00,1.00006383e-09
19,4.96064928e-01,1.57193490e-08,94,29,2,89,normal_corr_dominates,4.65555468e+00,1.00000000e+00,2.49999884e+07,-1.15581156e+01,-2.04367499e+00,-9.51444066e+00,1.00009167e-09
19,4.96064928e-01,1.57193490e-08,94,30,1,91,normal_corr_dominates,1.66600482e+00,1.00000000e+00,2.49999875e+07,-1.24579563e+01,-4.67289340e+00,-7.78506294e+00,1.00009875e-09
19,4.96064928e-01,1.57193490e-08,94,32,0,96,normal_corr_dominates,1.41342260e+02,1.00000000e+00,2.49999759e+07,-2.40644114e+01,-1.69060203e-01,-2.38953512e+01,1.00011766e-09
19,4.96064928e-01,1.57193490e-08,94,32,1,97,normal_corr_dominates,6.92036155e+01,1.00000000e+00,2.50000115e+07,1.15305171e+01,-1.69060203e-01,1.16995773e+01,1.00010733e-09
19,4.96064928e-01,1.57193490e-08,94,32,2,98,normal_corr_dominates,1.64726217e+01,1.00000000e+00,2.49999970e+07,-2.95392497e+00,-1.69060203e-01,-2.78486477e+00,1.00006741e-09
19,4.96064928e-01,1.57193490e-08,94,32,2,98,corr_ratio_high,7.98638621e-01,5.00000000e-01,2.49999970e+07,-2.95392497e+00,-1.69060203e-01,-2.78486477e+00,1.00006741e-09
19,4.96064928e-01,1.57193490e-08,94,31,1,94,normal_corr_dominates,2.11292280e+00,1.00000000e+00,2.50000041e+07,4.05515842e+00,-3.64370145e+00,7.69885987e+00,1.00011626e-09
19,4.96064928e-01,1.57193490e-08,94,31,2,95,normal_corr_dominates,3.40363993e+00,1.00000000e+00,2.49999840e+07,-1.60455492e+01,-3.64370145e+00,-1.24018478e+01,1.00011224e-09
19,4.96064928e-01,1.57193490e-08,94,12,0,36,normal_corr_dominates,1.46649459e+00,1.00000000e+00,2.50000046e+07,4.58540836e+00,-9.82949965e+00,1.44149080e+01,1.00015416e-09
19,4.96064928e-01,1.57193490e-08,94,12,2,38,normal_corr_dominates,2.34116415e+00,1.00000000e+00,2.50000132e+07,1.31829726e+01,-9.82949965e+00,2.30124722e+01,1.00004168e-09
19,4.96064928e-01,1.57193490e-08,94,12,2,38,corr_ratio_high,1.52359205e+00,5.00000000e-01,2.50000132e+07,1.31829726e+01,-9.82949965e+00,2.30124722e+01,1.00004168e-09
20,5.22361202e-01,1.65526276e-08,94,0,0,0,normal_corr_dominates,8.52817351e+00,1.00000000e+00,2.49999794e+07,-2.05812724e+01,-2.16004383e+00,-1.84212286e+01,1.00008653e-09
20,5.22361202e-01,1.65526276e-08,94,0,1,1,normal_corr_dominates,7.34382493e+00,1.00000000e+00,2.50000137e+07,1.37029399e+01,-2.16004383e+00,1.58629837e+01,1.00005878e-09
20,5.22361202e-01,1.65526276e-08,94,0,2,2,normal_corr_dominates,3.58814050e+00,1.00000000e+00,2.50000056e+07,5.59049693e+00,-2.16004383e+00,7.75054076e+00,1.00013536e-09
20,5.22361202e-01,1.65526276e-08,94,1,0,3,normal_corr_dominates,2.27246294e+00,1.00000000e+00,2.50000052e+07,5.24490734e+00,-4.12185470e+00,9.36676204e+00,1.00011551e-09
20,5.22361202e-01,1.65526276e-08,94,1,1,4,normal_corr_dominates,5.45461707e+00,1.00000000e+00,2.50000184e+07,1.83612843e+01,-4.12185470e+00,2.24831390e+01,1.00008161e-09
20,5.22361202e-01,1.65526276e-08,94,1,2,5,normal_corr_dominates,4.09389752e+00,1.00000000e+00,2.49999790e+07,-2.09963054e+01,-4.12185470e+00,-1.68744507e+01,1.00012437e-09
20,5.22361202e-01,1.65526276e-08,94,2,0,6,normal_corr_dominates,1.23356625e+01,1.00000000e+00,2.50000236e+07,2.36205601e+01,-2.08373882e+00,2.57042989e+01,1.00005228e-09
20,5.22361202e-01,1.65526276e-08,94,2,0,6,corr_ratio_high,6.04424000e-01,5.00000000e-01,2.50000236e+07,2.36205601e+01,-2.08373882e+00,2.57042989e+01,1.00005228e-09
20,5.22361202e-01,1.65526276e-08,94,2,1,7,normal_corr_dominates,2.88135762e+00,1.00000000e+00,2.49999919e+07,-8.08773554e+00,-2.08373882e+00,-6.00399672e+00,1.00014462e-09
20,5.22361202e-01,1.65526276e-08,94,2,2,8,normal_corr_dominates,3.20288617e+00,1.00000000e+00,2.49999912e+07,-8.75771706e+00,-2.08373882e+00,-6.67397824e+00,1.00010565e-09
20,5.22361202e-01,1.65526276e-08,94,3,0,9,normal_corr_dominates,5.61203124e+00,1.00000000e+00,2.49999793e+07,-2.06569508e+01,-3.12414598e+00,-1.75328048e+01,1.00009070e-09
20,5.22361202e-01,1.65526276e-08,94,3,1,10,normal_corr_dominates,3.29686668e+00,1.00000000e+00,2.50000072e+07,7.17574681e+00,-3.12414598e+00,1.02998928e+01,1.00012448e-09
20,5.22361202e-01,1.65526276e-08,94,3,2,11,normal_corr_dominates,5.94769998e+00,1.00000000e+00,2.50000155e+07,1.54573370e+01,-3.12414598e+00,1.85814830e+01,1.00009272e-09
20,5.22361202e-01,1.65526276e-08,94,4,0,12,normal_corr_dominates,4.99968488e+00,1.00000000e+00,2.50000064e+07,6.41136148e+00,-1.60296665e+00,8.01432813e+00,1.00008109e-09
20,5.22361202e-01,1.65526276e-08,94,4,1,13,normal_corr_dominates,7.23512631e+00,1.00000000e+00,2.49999868e+07,-1.32006329e+01,-1.60296665e+00,-1.15976662e+01,1.00008770e-09
20,5.22361202e-01,1.65526276e-08,94,4,2,14,normal_corr_dominates,7.34006926e+00,1.00000000e+00,2.50000102e+07,1.01629196e+01,-1.60296665e+00,1.17658862e+01,1.00008274e-09
20,5.22361202e-01,1.65526276e-08,94,5,0,15,normal_corr_dominates,1.47809015e+00,1.00000000e+00,2.50000032e+07,3.20656418e+00,-6.70702835e+00,9.91359253e+00,1.00008562e-09
20,5.22361202e-01,1.65526276e-08,94,5,1,16,normal_corr_dominates,2.21560241e+00,1.00000000e+00,2.49999784e+07,-2.15671365e+01,-6.70702835e+00,-1.48601081e+01,1.00005681e-09
20,5.22361202e-01,1.65526276e-08,94,5,1,16,corr_ratio_high,9.12674019e-01,5.00000000e-01,2.49999784e+07,-2.15671365e+01,-6.70702835e+00,-1.48601081e+01,1.00005681e-09
20,5.22361202e-01,1.65526276e-08,94,5,2,17,normal_corr_dominates,2.31408221e+00,1.00000000e+00,2.50000088e+07,8.81358664e+00,-6.70702835e+00,1.55206150e+01,1.00009334e-09
20,5.22361202e-01,1.65526276e-08,94,8,0,24,normal_corr_dominates,3.47233684e+00,1.00000000e+00,2.50000068e+07,6.75071126e+00,-2.73049818e+00,9.48120944e+00,1.00010815e-09
20,5.22361202e-01,1.65526276e-08,94,8,1,25,normal_corr_dominates,1.64798027e+00,1.00000000e+00,2.50000018e+07,1.76930894e+00,-2.73049818e+00,4.49980713e+00,1.00009307e-09
20,5.22361202e-01,1.65526276e-08,94,8,2,26,normal_corr_dominates,4.73838779e+00,1.00000000e+00,2.49999843e+07,-1.56686575e+01,-2.73049818e+00,-1.29381593e+01,1.00012301e-09
20,5.22361202e-01,1.65526276e-08,94,9,0,27,normal_corr_dominates,2.80712177e+00,1.00000000e+00,2.49999833e+07,-1.66709449e+01,-4.37888409e+00,-1.22920608e+01,1.00011094e-09
20,5.22361202e-01,1.65526276e-08,94,9,1,28,normal_corr_dominates,4.25585097e+00,1.00000000e+00,2.50000143e+07,1.42569940e+01,-4.37888409e+00,1.86358781e+01,1.00008499e-09
20,5.22361202e-01,1.65526276e-08,94,9,2,29,normal_corr_dominates,3.46158265e+00,1.00000000e+00,2.49999805e+07,-1.95367533e+01,-4.37888409e+00,-1.51578692e+01,1.00012918e-09
20,5.22361202e-01,1.65526276e-08,94,10,0,30,normal_corr_dominates,1.16910630e+00,1.00000000e+00,2.49999899e+07,-1.01125662e+01,-4.66208882e+00,-5.45047741e+00,1.00006462e-09
20,5.22361202e-01,1.65526276e-08,94,10,0,30,corr_ratio_high,7.54711694e-01,5.00000000e-01,2.49999899e+07,-1.01125662e+01,-4.66208882e+00,-5.45047741e+00,1.00006462e-09
20,5.22361202e-01,1.65526276e-08,94,10,2,32,normal_corr_dominates,3.52040538e+00,1.00000000e+00,2.50000118e+07,1.17503537e+01,-4.66208882e+00,1.64124426e+01,1.00009927e-09
20,5.22361202e-01,1.65526276e-08,94,13,2,41,normal_corr_dominates,1.33568731e+00,1.00000000e+00,2.50000019e+07,1.93459546e+00,-5.76308788e+00,7.69768334e+00,1.00009515e-09
20,5.22361202e-01,1.65526276e-08,94,14,0,42,normal_corr_dominates,5.05613278e+00,1.00000000e+00,2.50000208e+07,2.08276615e+01,-5.13485694e+00,2.59625185e+01,1.00017753e-09
20,5.22361202e-01,1.65526276e-08,94,14,1,43,normal_corr_dominates,6.86330982e+00,1.00000000e+00,2.49999596e+07,-4.03769710e+01,-5.13485694e+00,-3.52421140e+01,1.00010987e-09
20,5.22361202e-01,1.65526276e-08,94,14,2,44,normal_corr_dominates,2.42117574e+00,1.00000000e+00,2.50000073e+07,7.29753413e+00,-5.13485694e+00,1.24323911e+01,1.00006983e-09
20,5.22361202e-01,1.65526276e-08,94,14,2,44,corr_ratio_high,6.59942449e-01,5.00000000e-01,2.50000073e+07,7.29753413e+00,-5.13485694e+00,1.24323911e+01,1.00006983e-09
20,5.22361202e-01,1.65526276e-08,94,15,0,45,normal_corr_dominates,6.96514798e+00,1.00000000e+00,2.50000223e+07,2.23458531e+01,-3.74606853e+00,2.60919216e+01,1.00006467e-09
20,5.22361202e-01,1.65526276e-08,94,15,1,46,normal_corr_dominates,1.25993129e+00,1.00000000e+00,2.50000010e+07,9.73720411e-01,-3.74606853e+00,4.71978894e+00,1.00008937e-09
20,5.22361202e-01,1.65526276e-08,94,15,2,47,normal_corr_dominates,3.59520218e+00,1.00000000e+00,2.49999828e+07,-1.72139423e+01,-3.74606853e+00,-1.34678737e+01,1.00010682e-09
20,5.22361202e-01,1.65526276e-08,94,17,0,51,normal_corr_dominates,5.77070592e+00,1.00000000e+00,2.49999819e+07,-1.80842872e+01,-2.67096037e+00,-1.54133268e+01,1.00008073e-09
20,5.22361202e-01,1.65526276e-08,94,17,0,51,corr_ratio_high,5.03005099e-01,5.00000000e-01,2.49999819e+07,-1.80842872e+01,-2.67096037e+00,-1.54133268e+01,1.00008073e-09
20,5.22361202e-01,1.65526276e-08,94,17,1,52,normal_corr_dominates,5.61305155e+00,1.00000000e+00,2.49999823e+07,-1.76631986e+01,-2.67096037e+00,-1.49922383e+01,1.00009146e-09
20,5.22361202e-01,1.65526276e-08,94,17,2,53,normal_corr_dominates,8.21295235e+00,1.00000000e+00,2.50000193e+07,1.92655099e+01,-2.67096037e+00,2.19364703e+01,1.00009974e-09
20,5.22361202e-01,1.65526276e-08,94,18,0,54,normal_corr_dominates,2.23403968e+00,1.00000000e+00,2.50000029e+07,2.88241246e+00,-2.33575348e+00,5.21816594e+00,1.00008139e-09
20,5.22361202e-01,1.65526276e-08,94,18,1,55,normal_corr_dominates,2.96574411e+00,1.00000000e+00,2.50000046e+07,4.59149365e+00,-2.33575348e+00,6.92724713e+00,1.00008474e-09
20,5.22361202e-01,1.65526276e-08,94,18,2,56,normal_corr_dominates,4.14626019e+00,1.00000000e+00,2.49999880e+07,-1.20203951e+01,-2.33575348e+00,-9.68464167e+00,1.00009125e-09
20,5.22361202e-01,1.65526276e-08,94,19,0,57,normal_corr_dominates,5.84078291e+00,1.00000000e+00,2.49999747e+07,-2.52523418e+01,-3.69144031e+00,-2.15609015e+01,1.00002607e-09
20,5.22361202e-01,1.65526276e-08,94,19,0,57,corr_ratio_high,2.31720212e+00,5.00000000e-01,2.49999747e+07,-2.52523418e+01,-3.69144031e+00,-2.15609015e+01,1.00002607e-09
20,5.22361202e-01,1.65526276e-08,94,19,1,58,normal_corr_dominates,4.59139257e+00,1.00000000e+00,2.50000133e+07,1.32574113e+01,-3.69144031e+00,1.69488516e+01,1.00009188e-09
20,5.22361202e-01,1.65526276e-08,94,20,0,60,normal_corr_dominates,2.07438248e+00,1.00000000e+00,2.50000026e+07,2.56382102e+00,-2.38632059e+00,4.95014161e+00,1.00007987e-09
20,5.22361202e-01,1.65526276e-08,94,20,1,61,normal_corr_dominates,3.39010605e+00,1.00000000e+00,2.49999895e+07,-1.04762004e+01,-2.38632059e+00,-8.08987986e+00,1.00009176e-09
20,5.22361202e-01,1.65526276e-08,94,20,2,62,normal_corr_dominates,4.95759628e+00,1.00000000e+00,2.49999858e+07,-1.42167347e+01,-2.38632059e+00,-1.18304141e+01,1.00009575e-09
20,5.22361202e-01,1.65526276e-08,94,21,2,65,normal_corr_dominates,2.89514229e+00,1.00000000e+00,2.50000117e+07,1.17366953e+01,-6.19304177e+00,1.79297371e+01,1.00007741e-09
20,5.22361202e-01,1.65526276e-08,94,22,2,68,normal_corr_dominates,2.30649832e+00,1.00000000e+00,2.49999838e+07,-1.61855913e+01,-4.89508529e+00,-1.12905060e+01,1.00009275e-09
20,5.22361202e-01,1.65526276e-08,94,23,0,69,normal_corr_dominates,3.22464076e+00,1.00000000e+00,2.49999874e+07,-1.25593955e+01,-2.97289076e+00,-9.58650471e+00,1.00010459e-09
20,5.22361202e-01,1.65526276e-08,94,23,1,70,normal_corr_dominates,1.16918140e+00,1.00000000e+00,2.50000005e+07,5.02957806e-01,-2.97289076e+00,3.47584856e+00,1.00011020e-09
20,5.22361202e-01,1.65526276e-08,94,23,2,71,normal_corr_dominates,3.43992074e+00,1.00000000e+00,2.50000073e+07,7.25361780e+00,-2.97289076e+00,1.02265086e+01,1.00009249e-09
20,5.22361202e-01,1.65526276e-08,94,25,0,75,normal_corr_dominates,1.65303271e+01,1.00000000e+00,2.50000157e+07,1.56914726e+01,-1.01037618e+00,1.67018488e+01,1.00012035e-09
20,5.22361202e-01,1.65526276e-08,94,25,1,76,normal_corr_dominates,1.93879567e+01,1.00000000e+00,2.49999794e+07,-2.05995059e+01,-1.01037618e+00,-1.95891297e+01,1.00009977e-09
20,5.22361202e-01,1.65526276e-08,94,25,1,76,corr_ratio_high,6.11531700e-01,5.00000000e-01,2.49999794e+07,-2.05995059e+01,-1.01037618e+00,-1.95891297e+01,1.00009977e-09
20,5.22361202e-01,1.65526276e-08,94,25,2,77,normal_corr_dominates,1.61212651e+01,1.00000000e+00,2.49999827e+07,-1.72989185e+01,-1.01037618e+00,-1.62885423e+01,1.00012385e-09
20,5.22361202e-01,1.65526276e-08,94,26,0,78,normal_corr_dominates,1.09913867e+00,1.00000000e+00,2.50000003e+07,2.86784212e-01,-2.89275828e+00,3.17954249e+00,1.00012734e-09
20,5.22361202e-01,1.65526276e-08,94,26,1,79,normal_corr_dominates,2.25639940e+00,1.00000000e+00,2.50000036e+07,3.63445976e+00,-2.89275828e+00,6.52721803e+00,1.00008511e-09
20,5.22361202e-01,1.65526276e-08,94,26,2,80,normal_corr_dominates,6.15711563e+00,1.00000000e+00,2.49999793e+07,-2.07038055e+01,-2.89275828e+00,-1.78110472e+01,1.00011777e-09
20,5.22361202e-01,1.65526276e-08,94,28,0,84,normal_corr_dominates,5.49242990e+00,1.00000000e+00,2.49999607e+07,-3.93251091e+01,-6.05707103e+00,-3.32680380e+01,1.00014943e-09
20,5.22361202e-01,1.65526276e-08,94,28,2,86,normal_corr_dominates,1.43630727e+00,1.00000000e+00,2.50000026e+07,2.64274412e+00,-6.05707103e+00,8.69981515e+00,1.00009186e-09
20,5.22361202e-01,1.65526276e-08,94,29,0,87,normal_corr_dominates,5.36572307e+00,1.00000000e+00,2.50000094e+07,9.36138565e+00,-2.14429214e+00,1.15056778e+01,1.00013467e-09
20,5.22361202e-01,1.65526276e-08,94,29,1,88,corr_ratio_high,7.45380457e-01,5.00000000e-01,2.49999993e+07,-6.76131269e-01,-2.14429214e+00,1.46816087e+00,1.00006702e-09
20,5.22361202e-01,1.65526276e-08,94,29,2,89,normal_corr_dominates,4.65799319e+00,1.00000000e+00,2.49999879e+07,-1.21323903e+01,-2.14429214e+00,-9.98809817e+00,1.00009623e-09
20,5.22361202e-01,1.65526276e-08,94,30,1,91,normal_corr_dominates,1.66678336e+00,1.00000000e+00,2.49999869e+07,-1.30749226e+01,-4.90288141e+00,-8.17204114e+00,1.00010367e-09
20,5.22361202e-01,1.65526276e-08,94,32,0,96,normal_corr_dominates,1.42085126e+02,1.00000000e+00,2.49999747e+07,-2.52644622e+01,-1.76569451e-01,-2.50878928e+01,1.00012353e-09
20,5.22361202e-01,1.65526276e-08,94,32,1,97,normal_corr_dominates,6.95614011e+01,1.00000000e+00,2.50000121e+07,1.21058490e+01,-1.76569451e-01,1.22824184e+01,1.00011269e-09
20,5.22361202e-01,1.65526276e-08,94,32,2,98,normal_corr_dominates,1.65359844e+01,1.00000000e+00,2.49999969e+07,-3.09631913e+00,-1.76569451e-01,-2.91974968e+00,1.00007076e-09
20,5.22361202e-01,1.65526276e-08,94,32,2,98,corr_ratio_high,7.98788789e-01,5.00000000e-01,2.49999969e+07,-3.09631913e+00,-1.76569451e-01,-2.91974968e+00,1.00007076e-09
20,5.22361202e-01,1.65526276e-08,94,31,1,94,normal_corr_dominates,2.11516507e+00,1.00000000e+00,2.50000043e+07,4.26045840e+00,-3.82047333e+00,8.08093172e+00,1.00012205e-09
20,5.22361202e-01,1.65526276e-08,94,31,2,95,normal_corr_dominates,3.40951787e+00,1.00000000e+00,2.49999832e+07,-1.68464454e+01,-3.82047333e+00,-1.30259721e+01,1.00011784e-09
20,5.22361202e-01,1.65526276e-08,94,12,0,36,normal_corr_dominates,1.46723043e+00,1.00000000e+00,2.50000048e+07,4.81972838e+00,-1.03155277e+01,1.51352560e+01,1.00016183e-09
20,5.22361202e-01,1.65526276e-08,94,12,2,38,normal_corr_dominates,2.34246525e+00,1.00000000e+00,2.50000138e+07,1.38482374e+01,-1.03155277e+01,2.41637651e+01,1.00004378e-09
20,5.22361202e-01,1.65526276e-08,94,12,2,38,corr_ratio_high,1.52283487e+00,5.00000000e-01,2.50000138e+07,1.38482374e+01,-1.03155277e+01,2.41637651e+01,1.00004378e-09
21,5.46671479e-01,1.73229738e-08,94,0,0,0,normal_corr_dominates,8.53661347e+00,1.00000000e+00,2.49999785e+07,-2.14849136e+01,-2.25288711e+00,-1.92320265e+01,1.00009032e-09
21,5.46671479e-01,1.73229738e-08,94,0,1,1,normal_corr_dominates,7.34810039e+00,1.00000000e+00,2.50000143e+07,1.43015536e+01,-2.25288711e+00,1.65544407e+01,1.00006138e-09
21,5.46671479e-01,1.73229738e-08,94,0,2,2,normal_corr_dominates,3.59478708e+00,1.00000000e+00,2.50000058e+07,5.84576238e+00,-2.25288711e+00,8.09864950e+00,1.00014126e-09
21,5.46671479e-01,1.73229738e-08,94,1,0,3,normal_corr_dominates,2.27429238e+00,1.00000000e+00,2.50000055e+07,5.47938078e+00,-4.29994001e+00,9.77932079e+00,1.00012056e-09
21,5.46671479e-01,1.73229738e-08,94,1,1,4,normal_corr_dominates,5.45916115e+00,1.00000000e+00,2.50000192e+07,1.91741254e+01,-4.29994001e+00,2.34740654e+01,1.00008517e-09
21,5.46671479e-01,1.73229738e-08,94,1,2,5,normal_corr_dominates,4.09730468e+00,1.00000000e+00,2.49999781e+07,-2.19181043e+01,-4.29994001e+00,-1.76181643e+01,1.00012981e-09
21,5.46671479e-01,1.73229738e-08,94,2,0,6,normal_corr_dominates,1.23458423e+01,1.00000000e+00,2.50000247e+07,2.46544579e+01,-2.17299494e+00,2.68274529e+01,1.00005458e-09
21,5.46671479e-01,1.73229738e-08,94,2,0,6,corr_ratio_high,6.04202857e-01,5.00000000e-01,2.50000247e+07,2.46544579e+01,-2.17299494e+00,2.68274529e+01,1.00005458e-09
21,5.46671479e-01,1.73229738e-08,94,2,1,7,normal_corr_dominates,2.88090779e+00,1.00000000e+00,2.49999916e+07,-8.43319299e+00,-2.17299494e+00,-6.26019805e+00,1.00015092e-09
21,5.46671479e-01,1.73229738e-08,94,2,2,8,normal_corr_dominates,3.20549075e+00,1.00000000e+00,2.49999909e+07,-9.13851013e+00,-2.17299494e+00,-6.96551519e+00,1.00011028e-09
21,5.46671479e-01,1.73229738e-08,94,3,0,9,normal_corr_dominates,5.61625620e+00,1.00000000e+00,2.49999784e+07,-2.15637459e+01,-3.25920660e+00,-1.83045393e+01,1.00009467e-09
21,5.46671479e-01,1.73229738e-08,94,3,1,10,normal_corr_dominates,3.30041629e+00,1.00000000e+00,2.50000075e+07,7.49753194e+00,-3.25920660e+00,1.07567385e+01,1.00012992e-09
21,5.46671479e-01,1.73229738e-08,94,3,2,11,normal_corr_dominates,5.95214602e+00,1.00000000e+00,2.50000161e+07,1.61400670e+01,-3.25920660e+00,1.93992736e+01,1.00009676e-09
21,5.46671479e-01,1.73229738e-08,94,4,0,12,normal_corr_dominates,5.00608520e+00,1.00000000e+00,2.50000067e+07,6.69446365e+00,-1.67107371e+00,8.36553735e+00,1.00008464e-09
21,5.46671479e-01,1.73229738e-08,94,4,1,13,normal_corr_dominates,7.24446853e+00,1.00000000e+00,2.49999862e+07,-1.37771146e+01,-1.67107371e+00,-1.21060409e+01,1.00009153e-09
21,5.46671479e-01,1.73229738e-08,94,4,2,14,normal_corr_dominates,7.34764525e+00,1.00000000e+00,2.50000106e+07,1.06073831e+01,-1.67107371e+00,1.22784568e+01,1.00008637e-09
21,5.46671479e-01,1.73229738e-08,94,5,0,15,normal_corr_dominates,1.47868574e+00,1.00000000e+00,2.50000034e+07,3.35063729e+00,-6.99965971e+00,1.03502970e+01,1.00008936e-09
21,5.46671479e-01,1.73229738e-08,94,5,1,16,normal_corr_dominates,2.21624428e+00,1.00000000e+00,2.49999775e+07,-2.25126155e+01,-6.99965971e+00,-1.55129558e+01,1.00005931e-09
21,5.46671479e-01,1.73229738e-08,94,5,1,16,corr_ratio_high,9.12234835e-01,5.00000000e-01,2.49999775e+07,-2.25126155e+01,-6.99965971e+00,-1.55129558e+01,1.00005931e-09
21,5.46671479e-01,1.73229738e-08,94,5,2,17,normal_corr_dominates,2.31432230e+00,1.00000000e+00,2.50000092e+07,9.19980882e+00,-6.99965971e+00,1.61994685e+01,1.00009742e-09
21,5.46671479e-01,1.73229738e-08,94,8,0,24,normal_corr_dominates,3.47721118e+00,1.00000000e+00,2.50000071e+07,7.05205147e+00,-2.84677040e+00,9.89882187e+00,1.00011288e-09
21,5.46671479e-01,1.73229738e-08,94,8,1,25,normal_corr_dominates,1.64919197e+00,1.00000000e+00,2.50000018e+07,1.84810047e+00,-2.84677040e+00,4.69487087e+00,1.00009714e-09
21,5.46671479e-01,1.73229738e-08,94,8,2,26,normal_corr_dominates,4.74486839e+00,1.00000000e+00,2.49999836e+07,-1.63543213e+01,-2.84677040e+00,-1.35075509e+01,1.00012839e-09
21,5.46671479e-01,1.73229738e-08,94,9,0,27,normal_corr_dominates,2.80740398e+00,1.00000000e+00,2.49999826e+07,-1.73921147e+01,-4.56797198e+00,-1.28241427e+01,1.00011578e-09
21,5.46671479e-01,1.73229738e-08,94,9,1,28,normal_corr_dominates,4.25961153e+00,1.00000000e+00,2.50000149e+07,1.48898141e+01,-4.56797198e+00,1.94577861e+01,1.00008871e-09
21,5.46671479e-01,1.73229738e-08,94,9,2,29,normal_corr_dominates,3.46495725e+00,1.00000000e+00,2.49999796e+07,-2.03957996e+01,-4.56797198e+00,-1.58278276e+01,1.00013484e-09
21,5.46671479e-01,1.73229738e-08,94,10,0,30,normal_corr_dominates,1.17175607e+00,1.00000000e+00,2.49999894e+07,-1.05596535e+01,-4.86226498e+00,-5.69738853e+00,1.00006748e-09
21,5.46671479e-01,1.73229738e-08,94,10,0,30,corr_ratio_high,7.54065998e-01,5.00000000e-01,2.49999894e+07,-1.05596535e+01,-4.86226498e+00,-5.69738853e+00,1.00006748e-09
21,5.46671479e-01,1.73229738e-08,94,10,2,32,normal_corr_dominates,3.52393153e+00,1.00000000e+00,2.50000123e+07,1.22720239e+01,-4.86226498e+00,1.71342889e+01,1.00010361e-09
21,5.46671479e-01,1.73229738e-08,94,13,2,41,normal_corr_dominates,1.33584421e+00,1.00000000e+00,2.50000020e+07,2.01946580e+00,-6.01310286e+00,8.03256867e+00,1.00009931e-09
21,5.46671479e-01,1.73229738e-08,94,14,0,42,normal_corr_dominates,5.05929448e+00,1.00000000e+00,2.50000217e+07,2.17424614e+01,-5.35621682e+00,2.70986782e+01,1.00018527e-09
21,5.46671479e-01,1.73229738e-08,94,14,1,43,normal_corr_dominates,6.86805407e+00,1.00000000e+00,2.49999579e+07,-4.21430036e+01,-5.35621682e+00,-3.67867867e+01,1.00011469e-09
21,5.46671479e-01,1.73229738e-08,94,14,2,44,normal_corr_dominates,2.42246125e+00,1.00000000e+00,2.50000076e+07,7.61901090e+00,-5.35621682e+00,1.29752277e+01,1.00007289e-09
21,5.46671479e-01,1.73229738e-08,94,14,2,44,corr_ratio_high,6.60035054e-01,5.00000000e-01,2.50000076e+07,7.61901090e+00,-5.35621682e+00,1.29752277e+01,1.00007289e-09
21,5.46671479e-01,1.73229738e-08,94,15,0,45,normal_corr_dominates,6.96738197e+00,1.00000000e+00,2.50000233e+07,2.33246707e+01,-3.90869410e+00,2.72333648e+01,1.00006750e-09
21,5.46671479e-01,1.73229738e-08,94,15,1,46,normal_corr_dominates,1.26102295e+00,1.00000000e+00,2.50000010e+07,1.02025888e+00,-3.90869410e+00,4.92895299e+00,1.00009328e-09
21,5.46671479e-01,1.73229738e-08,94,15,2,47,normal_corr_dominates,3.59644493e+00,1.00000000e+00,2.49999820e+07,-1.79660972e+01,-3.90869410e+00,-1.40574031e+01,1.00011149e-09
21,5.46671479e-01,1.73229738e-08,94,17,0,51,normal_corr_dominates,5.77881976e+00,1.00000000e+00,2.49999811e+07,-1.88796591e+01,-2.78509531e+00,-1.60945638e+01,1.00008427e-09
21,5.46671479e-01,1.73229738e-08,94,17,0,51,corr_ratio_high,5.03080485e-01,5.00000000e-01,2.49999811e+07,-1.88796591e+01,-2.78509531e+00,-1.60945638e+01,1.00008427e-09
21,5.46671479e-01,1.73229738e-08,94,17,1,52,normal_corr_dominates,5.61980216e+00,1.00000000e+00,2.49999816e+07,-1.84367799e+01,-2.78509531e+00,-1.56516846e+01,1.00009547e-09
21,5.46671479e-01,1.73229738e-08,94,17,2,53,normal_corr_dominates,8.22316573e+00,1.00000000e+00,2.50000201e+07,2.01172050e+01,-2.78509531e+00,2.29023003e+01,1.00010409e-09
21,5.46671479e-01,1.73229738e-08,94,18,0,54,normal_corr_dominates,2.23620961e+00,1.00000000e+00,2.50000030e+07,3.01169398e+00,-2.43623245e+00,5.44792643e+00,1.00008494e-09
21,5.46671479e-01,1.73229738e-08,94,18,1,55,normal_corr_dominates,2.96799332e+00,1.00000000e+00,2.50000048e+07,4.79448921e+00,-2.43623245e+00,7.23072166e+00,1.00008845e-09
21,5.46671479e-01,1.73229738e-08,94,18,2,56,normal_corr_dominates,4.14953120e+00,1.00000000e+00,2.49999875e+07,-1.25454550e+01,-2.43623245e+00,-1.01092226e+01,1.00009524e-09
21,5.46671479e-01,1.73229738e-08,94,19,0,57,normal_corr_dominates,5.84322779e+00,1.00000000e+00,2.49999736e+07,-2.63593097e+01,-3.85188254e+00,-2.25074271e+01,1.00002723e-09
21,5.46671479e-01,1.73229738e-08,94,19,0,57,corr_ratio_high,2.31606679e+00,5.00000000e-01,2.49999736e+07,-2.63593097e+01,-3.85188254e+00,-2.25074271e+01,1.00002723e-09
21,5.46671479e-01,1.73229738e-08,94,19,1,58,normal_corr_dominates,4.59250594e+00,1.00000000e+00,2.50000138e+07,1.38379109e+01,-3.85188254e+00,1.76897934e+01,1.00009590e-09
21,5.46671479e-01,1.73229738e-08,94,20,0,60,normal_corr_dominates,2.07650902e+00,1.00000000e+00,2.50000027e+07,2.67915886e+00,-2.48874724e+00,5.16790610e+00,1.00008336e-09
21,5.46671479e-01,1.73229738e-08,94,20,1,61,normal_corr_dominates,3.39372662e+00,1.00000000e+00,2.49999891e+07,-1.09348750e+01,-2.48874724e+00,-8.44612777e+00,1.00009577e-09
21,5.46671479e-01,1.73229738e-08,94,20,2,62,normal_corr_dominates,4.96249237e+00,1.00000000e+00,2.49999852e+07,-1.48391364e+01,-2.48874724e+00,-1.23503892e+01,1.00009994e-09
21,5.46671479e-01,1.73229738e-08,94,21,2,65,normal_corr_dominates,2.89659209e+00,1.00000000e+00,2.50000123e+07,1.22535898e+01,-6.46084621e+00,1.87144361e+01,1.00008080e-09
21,5.46671479e-01,1.73229738e-08,94,22,2,68,normal_corr_dominates,2.30707153e+00,1.00000000e+00,2.49999831e+07,-1.68897061e+01,-5.10714872e+00,-1.17825574e+01,1.00009681e-09
21,5.46671479e-01,1.73229738e-08,94,23,0,69,normal_corr_dominates,3.22655692e+00,1.00000000e+00,2.49999869e+07,-1.31020542e+01,-3.09993558e+00,-1.00021186e+01,1.00010916e-09
21,5.46671479e-01,1.73229738e-08,94,23,1,70,normal_corr_dominates,1.17130728e+00,1.00000000e+00,2.50000005e+07,5.31041547e-01,-3.09993558e+00,3.63097713e+00,1.00011502e-09
21,5.46671479e-01,1.73229738e-08,94,23,2,71,normal_corr_dominates,3.44435868e+00,1.00000000e+00,2.50000076e+07,7.57735444e+00,-3.09993558e+00,1.06772900e+01,1.00009654e-09
21,5.46671479e-01,1.73229738e-08,94,25,0,75,normal_corr_dominates,1.65866152e+01,1.00000000e+00,2.50000164e+07,1.63797436e+01,-1.05088522e+00,1.74306288e+01,1.00012562e-09
21,5.46671479e-01,1.73229738e-08,94,25,1,76,normal_corr_dominates,1.94545039e+01,1.00000000e+00,2.49999785e+07,-2.14953359e+01,-1.05088522e+00,-2.04444507e+01,1.00010412e-09
21,5.46671479e-01,1.73229738e-08,94,25,1,76,corr_ratio_high,6.11642418e-01,5.00000000e-01,2.49999785e+07,-2.14953359e+01,-1.05088522e+00,-2.04444507e+01,1.00010412e-09
21,5.46671479e-01,1.73229738e-08,94,25,2,77,normal_corr_dominates,1.61835378e+01,1.00000000e+00,2.49999819e+07,-1.80579260e+01,-1.05088522e+00,-1.70070408e+01,1.00012927e-09
21,5.46671479e-01,1.73229738e-08,94,26,0,78,normal_corr_dominates,1.10174650e+00,1.00000000e+00,2.50000003e+07,3.06851980e-01,-3.01584816e+00,3.32270014e+00,1.00013289e-09
21,5.46671479e-01,1.73229738e-08,94,26,1,79,normal_corr_dominates,2.25909847e+00,1.00000000e+00,2.50000038e+07,3.79724981e+00,-3.01584816e+00,6.81309797e+00,1.00008885e-09
21,5.46671479e-01,1.73229738e-08,94,26,2,80,normal_corr_dominates,6.16658518e+00,1.00000000e+00,2.49999784e+07,-2.16133327e+01,-3.01584816e+00,-1.85974846e+01,1.00012292e-09
21,5.46671479e-01,1.73229738e-08,94,28,0,84,normal_corr_dominates,5.49376719e+00,1.00000000e+00,2.49999590e+07,-4.10457429e+01,-6.32079065e+00,-3.47249523e+01,1.00015598e-09
21,5.46671479e-01,1.73229738e-08,94,28,2,86,normal_corr_dominates,1.43654028e+00,1.00000000e+00,2.50000028e+07,2.75927975e+00,-6.32079065e+00,9.08007039e+00,1.00009586e-09
21,5.46671479e-01,1.73229738e-08,94,29,0,87,normal_corr_dominates,5.36870638e+00,1.00000000e+00,2.50000098e+07,9.77236445e+00,-2.23690118e+00,1.20092656e+01,1.00014057e-09
21,5.46671479e-01,1.73229738e-08,94,29,1,88,corr_ratio_high,7.45313479e-01,5.00000000e-01,2.49999993e+07,-7.03436282e-01,-2.23690118e+00,1.53346490e+00,1.00006996e-09
21,5.46671479e-01,1.73229738e-08,94,29,2,89,normal_corr_dominates,4.66009372e+00,1.00000000e+00,2.49999873e+07,-1.26610703e+01,-2.23690118e+00,-1.04241691e+01,1.00010044e-09
21,5.46671479e-01,1.73229738e-08,94,30,1,91,normal_corr_dominates,1.66745941e+00,1.00000000e+00,2.49999864e+07,-1.36428470e+01,-5.11454717e+00,-8.52829981e+00,1.00010820e-09
21,5.46671479e-01,1.73229738e-08,94,32,0,96,normal_corr_dominates,1.42737134e+02,1.00000000e+00,2.49999736e+07,-2.63694605e+01,-1.83456145e-01,-2.61860044e+01,1.00012894e-09
21,5.46671479e-01,1.73229738e-08,94,32,1,97,normal_corr_dominates,6.98752695e+01,1.00000000e+00,2.50000126e+07,1.26355914e+01,-1.83456145e-01,1.28190476e+01,1.00011762e-09
21,5.46671479e-01,1.73229738e-08,94,32,2,98,normal_corr_dominates,1.65909192e+01,1.00000000e+00,2.49999968e+07,-3.22716223e+00,-1.83456145e-01,-3.04370608e+00,1.00007385e-09
21,5.46671479e-01,1.73229738e-08,94,32,2,98,corr_ratio_high,7.98920980e-01,5.00000000e-01,2.49999968e+07,-3.22716223e+00,-1.83456145e-01,-3.04370608e+00,1.00007385e-09
21,5.46671479e-01,1.73229738e-08,94,31,1,94,normal_corr_dominates,2.11714655e+00,1.00000000e+00,2.50000044e+07,4.44962322e+00,-3.98302552e+00,8.43264874e+00,1.00012739e-09
21,5.46671479e-01,1.73229738e-08,94,31,2,95,normal_corr_dominates,3.41472852e+00,1.00000000e+00,2.49999824e+07,-1.75839763e+01,-3.98302552e+00,-1.36009508e+01,1.00012299e-09
21,5.46671479e-01,1.73229738e-08,94,12,0,36,normal_corr_dominates,1.46788059e+00,1.00000000e+00,2.50000050e+07,5.03574570e+00,-1.07628865e+01,1.57986322e+01,1.00016890e-09
21,5.46671479e-01,1.73229738e-08,94,12,2,38,normal_corr_dominates,2.34362164e+00,1.00000000e+00,2.50000145e+07,1.44612473e+01,-1.07628865e+01,2.52241338e+01,1.00004571e-09
21,5.46671479e-01,1.73229738e-08,94,12,2,38,corr_ratio_high,1.52215066e+00,5.00000000e-01,2.50000145e+07,1.44612473e+01,-1.07628865e+01,2.52241338e+01,1.00004571e-09
22,5.69703656e-01,1.80528195e-08,94,0,0,0,normal_corr_dominates,8.54419667e+00,1.00000000e+00,2.49999777e+07,-2.23381378e+01,-2.34049429e+00,-1.99976435e+01,1.00009390e-09
22,5.69703656e-01,1.80528195e-08,94,0,1,1,normal_corr_dominates,7.35190221e+00,1.00000000e+00,2.50000149e+07,1.48665909e+01,-2.34049429e+00,1.72070851e+01,1.00006383e-09
22,5.69703656e-01,1.80528195e-08,94,0,2,2,normal_corr_dominates,3.60080032e+00,1.00000000e+00,2.50000061e+07,6.08715831e+00,-2.34049429e+00,8.42765260e+00,1.00014683e-09
22,5.69703656e-01,1.80528195e-08,94,1,0,3,normal_corr_dominates,2.27593456e+00,1.00000000e+00,2.50000057e+07,5.70087122e+00,-4.46799657e+00,1.01688678e+01,1.00012533e-09
22,5.69703656e-01,1.80528195e-08,94,1,1,4,normal_corr_dominates,5.46326638e+00,1.00000000e+00,2.50000199e+07,1.99418589e+01,-4.46799657e+00,2.44098554e+01,1.00008852e-09
22,5.69703656e-01,1.80528195e-08,94,1,2,5,normal_corr_dominates,4.10038217e+00,1.00000000e+00,2.49999772e+07,-2.27884900e+01,-4.46799657e+00,-1.83204935e+01,1.00013495e-09
22,5.69703656e-01,1.80528195e-08,94,2,0,6,normal_corr_dominates,1.23550048e+01,1.00000000e+00,2.50000256e+07,2.56304890e+01,-2.25719756e+00,2.78876866e+01,1.00005675e-09
22,5.69703656e-01,1.80528195e-08,94,2,0,6,corr_ratio_high,6.03996870e-01,5.00000000e-01,2.50000256e+07,2.56304890e+01,-2.25719756e+00,2.78876866e+01,1.00005675e-09
22,5.69703656e-01,1.80528195e-08,94,2,1,7,normal_corr_dominates,2.88047752e+00,1.00000000e+00,2.49999912e+07,-8.75900438e+00,-2.25719756e+00,-6.50180682e+00,1.00015686e-09
22,5.69703656e-01,1.80528195e-08,94,2,2,8,normal_corr_dominates,3.20781512e+00,1.00000000e+00,2.49999905e+07,-9.49787002e+00,-2.25719756e+00,-7.24067247e+00,1.00011466e-09
22,5.69703656e-01,1.80528195e-08,94,3,0,9,normal_corr_dominates,5.62006499e+00,1.00000000e+00,2.49999776e+07,-2.24199368e+01,-3.38666416e+00,-1.90332727e+01,1.00009843e-09
22,5.69703656e-01,1.80528195e-08,94,3,1,10,normal_corr_dominates,3.30362461e+00,1.00000000e+00,2.50000078e+07,7.80160288e+00,-3.38666416e+00,1.11882670e+01,1.00013505e-09
22,5.69703656e-01,1.80528195e-08,94,3,2,11,normal_corr_dominates,5.95615177e+00,1.00000000e+00,2.50000168e+07,1.67848216e+01,-3.38666416e+00,2.01714857e+01,1.00010058e-09
22,5.69703656e-01,1.80528195e-08,94,4,0,12,normal_corr_dominates,5.01185919e+00,1.00000000e+00,2.50000070e+07,6.96178400e+00,-1.73530119e+00,8.69708519e+00,1.00008800e-09
22,5.69703656e-01,1.80528195e-08,94,4,1,13,normal_corr_dominates,7.25290158e+00,1.00000000e+00,2.49999857e+07,-1.43212699e+01,-1.73530119e+00,-1.25859687e+01,1.00009515e-09
22,5.69703656e-01,1.80528195e-08,94,4,2,14,normal_corr_dominates,7.35447391e+00,1.00000000e+00,2.50000110e+07,1.10269261e+01,-1.73530119e+00,1.27622273e+01,1.00008980e-09
22,5.69703656e-01,1.80528195e-08,94,5,0,15,normal_corr_dominates,1.47922480e+00,1.00000000e+00,2.50000035e+07,3.48678913e+00,-7.27589462e+00,1.07626838e+01,1.00009289e-09
22,5.69703656e-01,1.80528195e-08,94,5,1,16,normal_corr_dominates,2.21682155e+00,1.00000000e+00,2.49999766e+07,-2.34052546e+01,-7.27589462e+00,-1.61293600e+01,1.00006167e-09
22,5.69703656e-01,1.80528195e-08,94,5,1,16,corr_ratio_high,9.11827861e-01,5.00000000e-01,2.49999766e+07,-2.34052546e+01,-7.27589462e+00,-1.61293600e+01,1.00006167e-09
22,5.69703656e-01,1.80528195e-08,94,5,2,17,normal_corr_dominates,2.31453273e+00,1.00000000e+00,2.50000096e+07,9.56440164e+00,-7.27589462e+00,1.68402963e+01,1.00010127e-09
22,5.69703656e-01,1.80528195e-08,94,8,0,24,normal_corr_dominates,3.48162420e+00,1.00000000e+00,2.50000073e+07,7.33672370e+00,-2.95642012e+00,1.02931438e+01,1.00011734e-09
22,5.69703656e-01,1.80528195e-08,94,8,1,25,normal_corr_dominates,1.65028278e+00,1.00000000e+00,2.50000019e+07,1.92250909e+00,-2.95642012e+00,4.87892921e+00,1.00010099e-09
22,5.69703656e-01,1.80528195e-08,94,8,2,26,normal_corr_dominates,4.75074522e+00,1.00000000e+00,2.49999830e+07,-1.70016189e+01,-2.95642012e+00,-1.40451987e+01,1.00013347e-09
22,5.69703656e-01,1.80528195e-08,94,9,0,27,normal_corr_dominates,2.80763214e+00,1.00000000e+00,2.49999819e+07,-1.80725643e+01,-4.74640503e+00,-1.33261593e+01,1.00012035e-09
22,5.69703656e-01,1.80528195e-08,94,9,1,28,normal_corr_dominates,4.26301669e+00,1.00000000e+00,2.50000155e+07,1.54875988e+01,-4.74640503e+00,2.02340039e+01,1.00009222e-09
22,5.69703656e-01,1.80528195e-08,94,9,2,29,normal_corr_dominates,3.46801321e+00,1.00000000e+00,2.49999788e+07,-2.12070004e+01,-4.74640503e+00,-1.64605953e+01,1.00014017e-09
22,5.69703656e-01,1.80528195e-08,94,10,0,30,normal_corr_dominates,1.17417275e+00,1.00000000e+00,2.49999890e+07,-1.09819817e+01,-5.05110816e+00,-5.93087356e+00,1.00007017e-09
22,5.69703656e-01,1.80528195e-08,94,10,0,30,corr_ratio_high,7.53472183e-01,5.00000000e-01,2.49999890e+07,-1.09819817e+01,-5.05110816e+00,-5.93087356e+00,1.00007017e-09
22,5.69703656e-01,1.80528195e-08,94,10,2,32,normal_corr_dominates,3.52712889e+00,1.00000000e+00,2.50000128e+07,1.27648014e+01,-5.05110816e+00,1.78159095e+01,1.00010770e-09
22,5.69703656e-01,1.80528195e-08,94,13,2,41,normal_corr_dominates,1.33597534e+00,1.00000000e+00,2.50000021e+07,2.09952972e+00,-6.24905899e+00,8.34858871e+00,1.00010323e-09
22,5.69703656e-01,1.80528195e-08,94,14,0,42,normal_corr_dominates,5.06215135e+00,1.00000000e+00,2.50000226e+07,2.26061350e+01,-5.56506467e+00,2.81711996e+01,1.00019258e-09
22,5.69703656e-01,1.80528195e-08,94,14,1,43,normal_corr_dominates,6.87235101e+00,1.00000000e+00,2.49999562e+07,-4.38101425e+01,-5.56506467e+00,-3.82450778e+01,1.00011924e-09
22,5.69703656e-01,1.80528195e-08,94,14,2,44,normal_corr_dominates,2.42362453e+00,1.00000000e+00,2.50000079e+07,7.92256256e+00,-5.56506467e+00,1.34876272e+01,1.00007577e-09
22,5.69703656e-01,1.80528195e-08,94,14,2,44,corr_ratio_high,6.60118221e-01,5.00000000e-01,2.50000079e+07,7.92256256e+00,-5.56506467e+00,1.34876272e+01,1.00007577e-09
22,5.69703656e-01,1.80528195e-08,94,15,0,45,normal_corr_dominates,6.96936671e+00,1.00000000e+00,2.50000242e+07,2.42487244e+01,-4.06219379e+00,2.83109182e+01,1.00007018e-09
22,5.69703656e-01,1.80528195e-08,94,15,1,46,normal_corr_dominates,1.26200342e+00,1.00000000e+00,2.50000011e+07,1.06430866e+00,-4.06219379e+00,5.12650246e+00,1.00009698e-09
22,5.69703656e-01,1.80528195e-08,94,15,2,47,normal_corr_dominates,3.59754554e+00,1.00000000e+00,2.49999813e+07,-1.86761209e+01,-4.06219379e+00,-1.46139271e+01,1.00011590e-09
22,5.69703656e-01,1.80528195e-08,94,17,0,51,normal_corr_dominates,5.78621630e+00,1.00000000e+00,2.49999804e+07,-1.96307555e+01,-2.89273943e+00,-1.67380160e+01,1.00008761e-09
22,5.69703656e-01,1.80528195e-08,94,17,0,51,corr_ratio_high,5.03149168e-01,5.00000000e-01,2.49999804e+07,-1.96307555e+01,-2.89273943e+00,-1.67380160e+01,1.00008761e-09
22,5.69703656e-01,1.80528195e-08,94,17,1,52,normal_corr_dominates,5.62592908e+00,1.00000000e+00,2.49999808e+07,-1.91670863e+01,-2.89273943e+00,-1.62743469e+01,1.00009926e-09
22,5.69703656e-01,1.80528195e-08,94,17,2,53,normal_corr_dominates,8.23245271e+00,1.00000000e+00,2.50000209e+07,2.09216011e+01,-2.89273943e+00,2.38143405e+01,1.00010819e-09
22,5.69703656e-01,1.80528195e-08,94,18,0,54,normal_corr_dominates,2.23816296e+00,1.00000000e+00,2.50000031e+07,3.13382932e+00,-2.53103139e+00,5.66486071e+00,1.00008830e-09
22,5.69703656e-01,1.80528195e-08,94,18,1,55,normal_corr_dominates,2.97001672e+00,1.00000000e+00,2.50000050e+07,4.98617417e+00,-2.53103139e+00,7.51720556e+00,1.00009196e-09
22,5.69703656e-01,1.80528195e-08,94,18,2,56,normal_corr_dominates,4.15247542e+00,1.00000000e+00,2.49999870e+07,-1.30410770e+01,-2.53103139e+00,-1.05100456e+01,1.00009901e-09
22,5.69703656e-01,1.80528195e-08,94,19,0,57,normal_corr_dominates,5.84542454e+00,1.00000000e+00,2.49999726e+07,-2.74043988e+01,-4.00331617e+00,-2.34010826e+01,1.00002832e-09
22,5.69703656e-01,1.80528195e-08,94,19,0,57,corr_ratio_high,2.31502151e+00,5.00000000e-01,2.49999726e+07,-2.74043988e+01,-4.00331617e+00,-2.34010826e+01,1.00002832e-09
22,5.69703656e-01,1.80528195e-08,94,19,1,58,normal_corr_dominates,4.59349509e+00,1.00000000e+00,2.50000144e+07,1.43858970e+01,-4.00331617e+00,1.83892132e+01,1.00009969e-09
22,5.69703656e-01,1.80528195e-08,94,20,0,60,normal_corr_dominates,2.07842817e+00,1.00000000e+00,2.50000028e+07,2.78813563e+00,-2.58536981e+00,5.37350544e+00,1.00008666e-09
22,5.69703656e-01,1.80528195e-08,94,20,1,61,normal_corr_dominates,3.39701450e+00,1.00000000e+00,2.49999886e+07,-1.13679085e+01,-2.58536981e+00,-8.78253873e+00,1.00009957e-09
22,5.69703656e-01,1.80528195e-08,94,20,2,62,normal_corr_dominates,4.96692676e+00,1.00000000e+00,2.49999846e+07,-1.54267123e+01,-2.58536981e+00,-1.28413425e+01,1.00010390e-09
22,5.69703656e-01,1.80528195e-08,94,21,2,65,normal_corr_dominates,2.89790372e+00,1.00000000e+00,2.50000127e+07,1.27416893e+01,-6.71355937e+00,1.94552487e+01,1.00008400e-09
22,5.69703656e-01,1.80528195e-08,94,22,2,68,normal_corr_dominates,2.30757251e+00,1.00000000e+00,2.49999824e+07,-1.75542509e+01,-5.30729132e+00,-1.22469596e+01,1.00010064e-09
22,5.69703656e-01,1.80528195e-08,94,23,0,69,normal_corr_dominates,3.22826553e+00,1.00000000e+00,2.49999864e+07,-1.36140557e+01,-3.21977312e+00,-1.03942826e+01,1.00011346e-09
22,5.69703656e-01,1.80528195e-08,94,23,1,70,normal_corr_dominates,1.17323809e+00,1.00000000e+00,2.50000006e+07,5.57787353e-01,-3.21977312e+00,3.77756048e+00,1.00011956e-09
22,5.69703656e-01,1.80528195e-08,94,23,2,71,normal_corr_dominates,3.44837921e+00,1.00000000e+00,2.50000079e+07,7.88322559e+00,-3.21977312e+00,1.11029987e+01,1.00010036e-09
22,5.69703656e-01,1.80528195e-08,94,25,0,75,normal_corr_dominates,1.66380279e+01,1.00000000e+00,2.50000170e+07,1.70295479e+01,-1.08898309e+00,1.81185310e+01,1.00013059e-09
22,5.69703656e-01,1.80528195e-08,94,25,1,76,normal_corr_dominates,1.95152838e+01,1.00000000e+00,2.49999777e+07,-2.23407970e+01,-1.08898309e+00,-2.12518140e+01,1.00010824e-09
22,5.69703656e-01,1.80528195e-08,94,25,1,76,corr_ratio_high,6.11742434e-01,5.00000000e-01,2.49999777e+07,-2.23407970e+01,-1.08898309e+00,-2.12518140e+01,1.00010824e-09
22,5.69703656e-01,1.80528195e-08,94,25,2,77,normal_corr_dominates,1.62404553e+01,1.00000000e+00,2.49999812e+07,-1.87745642e+01,-1.08898309e+00,-1.76855811e+01,1.00013439e-09
22,5.69703656e-01,1.80528195e-08,94,26,0,78,normal_corr_dominates,1.10411139e+00,1.00000000e+00,2.50000003e+07,3.26069627e-01,-3.13193046e+00,3.45800009e+00,1.00013813e-09
22,5.69703656e-01,1.80528195e-08,94,26,1,79,normal_corr_dominates,2.26156134e+00,1.00000000e+00,2.50000040e+07,3.95112239e+00,-3.13193046e+00,7.08305285e+00,1.00009238e-09
22,5.69703656e-01,1.80528195e-08,94,26,2,80,normal_corr_dominates,6.17518083e+00,1.00000000e+00,2.49999775e+07,-2.24721674e+01,-3.13193046e+00,-1.93402369e+01,1.00012778e-09
22,5.69703656e-01,1.80528195e-08,94,28,0,84,normal_corr_dominates,5.49497773e+00,1.00000000e+00,2.49999573e+07,-4.26700677e+01,-6.56970193e+00,-3.61003658e+01,1.00016216e-09
22,5.69703656e-01,1.80528195e-08,94,28,2,86,normal_corr_dominates,1.43674920e+00,1.00000000e+00,2.50000029e+07,2.86931203e+00,-6.56970193e+00,9.43901396e+00,1.00009964e-09
22,5.69703656e-01,1.80528195e-08,94,29,0,87,normal_corr_dominates,5.37138569e+00,1.00000000e+00,2.50000102e+07,1.01603869e+01,-2.32429431e+00,1.24846812e+01,1.00014613e-09
22,5.69703656e-01,1.80528195e-08,94,29,1,88,corr_ratio_high,7.45249940e-01,5.00000000e-01,2.49999993e+07,-7.29161620e-01,-2.32429431e+00,1.59513269e+00,1.00007273e-09
22,5.69703656e-01,1.80528195e-08,94,29,2,89,normal_corr_dominates,4.66195871e+00,1.00000000e+00,2.49999868e+07,-1.31600584e+01,-2.32429431e+00,-1.08357641e+01,1.00010441e-09
22,5.69703656e-01,1.80528195e-08,94,30,1,91,normal_corr_dominates,1.66806437e+00,1.00000000e+00,2.49999858e+07,-1.41788291e+01,-5.31427549e+00,-8.86455360e+00,1.00011248e-09
22,5.69703656e-01,1.80528195e-08,94,32,0,96,normal_corr_dominates,1.43325860e+02,1.00000000e+00,2.49999726e+07,-2.74125897e+01,-1.89935398e-01,-2.72226543e+01,1.00013405e-09
22,5.69703656e-01,1.80528195e-08,94,32,1,97,normal_corr_dominates,7.01585393e+01,1.00000000e+00,2.50000131e+07,1.31356547e+01,-1.89935398e-01,1.33255901e+01,1.00012228e-09
22,5.69703656e-01,1.80528195e-08,94,32,2,98,normal_corr_dominates,1.66399395e+01,1.00000000e+00,2.49999966e+07,-3.35044892e+00,-1.89935398e-01,-3.16051352e+00,1.00007677e-09
22,5.69703656e-01,1.80528195e-08,94,32,2,98,corr_ratio_high,7.99040792e-01,5.00000000e-01,2.49999966e+07,-3.35044892e+00,-1.89935398e-01,-3.16051352e+00,1.00007677e-09
22,5.69703656e-01,1.80528195e-08,94,31,1,94,normal_corr_dominates,2.11894856e+00,1.00000000e+00,2.50000046e+07,4.62830065e+00,-4.13629437e+00,8.76459502e+00,1.00013243e-09
22,5.69703656e-01,1.80528195e-08,94,31,2,95,normal_corr_dominates,3.41948112e+00,1.00000000e+00,2.49999817e+07,-1.82802749e+01,-4.13629437e+00,-1.41439805e+01,1.00012786e-09
22,5.69703656e-01,1.80528195e-08,94,12,0,36,normal_corr_dominates,1.46847182e+00,1.00000000e+00,2.50000052e+07,5.23988271e+00,-1.11850543e+01,1.64249370e+01,1.00017558e-09
22,5.69703656e-01,1.80528195e-08,94,12,2,38,normal_corr_dominates,2.34467892e+00,1.00000000e+00,2.50000150e+07,1.50403068e+01,-1.11850543e+01,2.62253612e+01,1.00004753e-09
22,5.69703656e-01,1.80528195e-08,94,12,2,38,corr_ratio_high,1.52151577e+00,5.00000000e-01,2.50000150e+07,1.50403068e+01,-1.11850543e+01,2.62253612e+01,1.00004753e-09
23,5.93502186e-01,1.88069494e-08,94,0,0,0,normal_corr_dominates,8.55164071e+00,1.00000000e+00,2.49999768e+07,-2.32168789e+01,-2.43066921e+00,-2.07862097e+01,1.00009758e-09
23,5.93502186e-01,1.88069494e-08,94,0,1,1,normal_corr_dominates,7.35559517e+00,1.00000000e+00,2.50000154e+07,1.54483495e+01,-2.43066921e+00,1.78790187e+01,1.00006635e-09
23,5.93502186e-01,1.88069494e-08,94,0,2,2,normal_corr_dominates,3.60674413e+00,1.00000000e+00,2.50000063e+07,6.33613270e+00,-2.43066921e+00,8.76680190e+00,1.00015256e-09
23,5.93502186e-01,1.88069494e-08,94,1,0,3,normal_corr_dominates,2.27754533e+00,1.00000000e+00,2.50000059e+07,5.92907641e+00,-4.64099101e+00,1.05700674e+01,1.00013024e-09
23,5.93502186e-01,1.88069494e-08,94,1,1,4,normal_corr_dominates,5.46731849e+00,1.00000000e+00,2.50000207e+07,2.07327850e+01,-4.64099101e+00,2.53737760e+01,1.00009198e-09
23,5.93502186e-01,1.88069494e-08,94,1,2,5,normal_corr_dominates,4.10341922e+00,1.00000000e+00,2.49999763e+07,-2.36849227e+01,-4.64099101e+00,-1.90439317e+01,1.00014023e-09
23,5.93502186e-01,1.88069494e-08,94,2,0,6,normal_corr_dominates,1.23640133e+01,1.00000000e+00,2.50000266e+07,2.66355284e+01,-2.34384875e+00,2.89793772e+01,1.00005899e-09
23,5.93502186e-01,1.88069494e-08,94,2,0,6,corr_ratio_high,6.03787510e-01,5.00000000e-01,2.50000266e+07,2.66355284e+01,-2.34384875e+00,2.89793772e+01,1.00005899e-09
23,5.93502186e-01,1.88069494e-08,94,2,1,7,normal_corr_dominates,2.88002842e+00,1.00000000e+00,2.49999909e+07,-9.09419977e+00,-2.34384875e+00,-6.75035102e+00,1.00016298e-09
23,5.93502186e-01,1.88069494e-08,94,2,2,8,normal_corr_dominates,3.21008154e+00,1.00000000e+00,2.49999901e+07,-9.86779437e+00,-2.34384875e+00,-7.52394562e+00,1.00011916e-09
23,5.93502186e-01,1.88069494e-08,94,3,0,9,normal_corr_dominates,5.62381635e+00,1.00000000e+00,2.49999767e+07,-2.33017220e+01,-3.51786958e+00,-1.97838524e+01,1.00010229e-09
23,5.93502186e-01,1.88069494e-08,94,3,1,10,normal_corr_dominates,3.30679296e+00,1.00000000e+00,2.50000081e+07,8.11499678e+00,-3.51786958e+00,1.16328664e+01,1.00014034e-09
23,5.93502186e-01,1.88069494e-08,94,3,2,11,normal_corr_dominates,5.96009479e+00,1.00000000e+00,2.50000174e+07,1.74489666e+01,-3.51786958e+00,2.09668362e+01,1.00010451e-09
23,5.93502186e-01,1.88069494e-08,94,4,0,12,normal_corr_dominates,5.01754998e+00,1.00000000e+00,2.50000072e+07,7.23710795e+00,-1.80137347e+00,9.03848142e+00,1.00009145e-09
23,5.93502186e-01,1.88069494e-08,94,4,1,13,normal_corr_dominates,7.26121803e+00,1.00000000e+00,2.49999851e+07,-1.48815390e+01,-1.80137347e+00,-1.30801655e+01,1.00009888e-09
23,5.93502186e-01,1.88069494e-08,94,4,2,14,normal_corr_dominates,7.36119800e+00,1.00000000e+00,2.50000115e+07,1.14588933e+01,-1.80137347e+00,1.32602668e+01,1.00009333e-09
23,5.93502186e-01,1.88069494e-08,94,5,0,15,normal_corr_dominates,1.47975781e+00,1.00000000e+00,2.50000036e+07,3.62712451e+00,-7.56032403e+00,1.11874485e+01,1.00009653e-09
23,5.93502186e-01,1.88069494e-08,94,5,1,16,normal_corr_dominates,2.21738876e+00,1.00000000e+00,2.49999757e+07,-2.43245016e+01,-7.56032403e+00,-1.67641775e+01,1.00006410e-09
23,5.93502186e-01,1.88069494e-08,94,5,1,16,corr_ratio_high,9.11416249e-01,5.00000000e-01,2.49999757e+07,-2.43245016e+01,-7.56032403e+00,-1.67641775e+01,1.00006410e-09
23,5.93502186e-01,1.88069494e-08,94,5,2,17,normal_corr_dominates,2.31473411e+00,1.00000000e+00,2.50000099e+07,9.93981591e+00,-7.56032403e+00,1.75001399e+01,1.00010523e-09
23,5.93502186e-01,1.88069494e-08,94,8,0,24,normal_corr_dominates,3.48598950e+00,1.00000000e+00,2.50000076e+07,7.63004550e+00,-3.06921872e+00,1.06992642e+01,1.00012194e-09
23,5.93502186e-01,1.88069494e-08,94,8,1,25,normal_corr_dominates,1.65135592e+00,1.00000000e+00,2.50000020e+07,1.99915379e+00,-3.06921872e+00,5.06837251e+00,1.00010495e-09
23,5.93502186e-01,1.88069494e-08,94,8,2,26,normal_corr_dominates,4.75656771e+00,1.00000000e+00,2.49999823e+07,-1.76681654e+01,-3.06921872e+00,-1.45989467e+01,1.00013869e-09
23,5.93502186e-01,1.88069494e-08,94,9,0,27,normal_corr_dominates,2.80783132e+00,1.00000000e+00,2.49999812e+07,-1.87728914e+01,-4.93007431e+00,-1.38428171e+01,1.00012505e-09
23,5.93502186e-01,1.88069494e-08,94,9,1,28,normal_corr_dominates,4.26638533e+00,1.00000000e+00,2.50000161e+07,1.61035224e+01,-4.93007431e+00,2.10335967e+01,1.00009583e-09
23,5.93502186e-01,1.88069494e-08,94,9,2,29,normal_corr_dominates,3.47103674e+00,1.00000000e+00,2.49999780e+07,-2.20425434e+01,-4.93007431e+00,-1.71124691e+01,1.00014567e-09
23,5.93502186e-01,1.88069494e-08,94,10,0,30,normal_corr_dominates,1.17658045e+00,1.00000000e+00,2.49999886e+07,-1.14171241e+01,-5.24544088e+00,-6.17168318e+00,1.00007295e-09
23,5.93502186e-01,1.88069494e-08,94,10,0,30,corr_ratio_high,7.52875870e-01,5.00000000e-01,2.49999886e+07,-1.14171241e+01,-5.24544088e+00,-6.17168318e+00,1.00007295e-09
23,5.93502186e-01,1.88069494e-08,94,10,2,32,normal_corr_dominates,3.53029640e+00,1.00000000e+00,2.50000133e+07,1.32725201e+01,-5.24544088e+00,1.85179610e+01,1.00011192e-09
23,5.93502186e-01,1.88069494e-08,94,13,2,41,normal_corr_dominates,1.33609445e+00,1.00000000e+00,2.50000022e+07,2.18191399e+00,-6.49196677e+00,8.67388076e+00,1.00010728e-09
23,5.93502186e-01,1.88069494e-08,94,14,0,42,normal_corr_dominates,5.06497170e+00,1.00000000e+00,2.50000235e+07,2.34955459e+01,-5.78000233e+00,2.92755482e+01,1.00020011e-09
23,5.93502186e-01,1.88069494e-08,94,14,1,43,normal_corr_dominates,6.87660297e+00,1.00000000e+00,2.49999545e+07,-4.55267835e+01,-5.78000233e+00,-3.97467812e+01,1.00012393e-09
23,5.93502186e-01,1.88069494e-08,94,14,2,44,normal_corr_dominates,2.42477470e+00,1.00000000e+00,2.50000082e+07,8.23520106e+00,-5.78000233e+00,1.40152034e+01,1.00007874e-09
23,5.93502186e-01,1.88069494e-08,94,14,2,44,corr_ratio_high,6.60199819e-01,5.00000000e-01,2.50000082e+07,8.23520106e+00,-5.78000233e+00,1.40152034e+01,1.00007874e-09
23,5.93502186e-01,1.88069494e-08,94,15,0,45,normal_corr_dominates,6.97129281e+00,1.00000000e+00,2.50000252e+07,2.52002607e+01,-4.22023530e+00,2.94204960e+01,1.00007293e-09
23,5.93502186e-01,1.88069494e-08,94,15,1,46,normal_corr_dominates,1.26296549e+00,1.00000000e+00,2.50000011e+07,1.10977625e+00,-4.22023530e+00,5.33001154e+00,1.00010078e-09
23,5.93502186e-01,1.88069494e-08,94,15,2,47,normal_corr_dominates,3.59861030e+00,1.00000000e+00,2.49999806e+07,-1.94072175e+01,-4.22023530e+00,-1.51869822e+01,1.00012045e-09
23,5.93502186e-01,1.88069494e-08,94,17,0,51,normal_corr_dominates,5.79358116e+00,1.00000000e+00,2.49999796e+07,-2.04044150e+01,-3.00348440e+00,-1.74009306e+01,1.00009106e-09
23,5.93502186e-01,1.88069494e-08,94,17,0,51,corr_ratio_high,5.03217519e-01,5.00000000e-01,2.49999796e+07,-2.04044150e+01,-3.00348440e+00,-1.74009306e+01,1.00009106e-09
23,5.93502186e-01,1.88069494e-08,94,17,1,52,normal_corr_dominates,5.63200384e+00,1.00000000e+00,2.49999801e+07,-1.99191201e+01,-3.00348440e+00,-1.69156357e+01,1.00010316e-09
23,5.93502186e-01,1.88069494e-08,94,17,2,53,normal_corr_dominates,8.24167718e+00,1.00000000e+00,2.50000218e+07,2.17502644e+01,-3.00348440e+00,2.47537488e+01,1.00011242e-09
23,5.93502186e-01,1.88069494e-08,94,18,0,54,normal_corr_dominates,2.24008408e+00,1.00000000e+00,2.50000033e+07,3.25967851e+00,-2.62859476e+00,5.88827328e+00,1.00009176e-09
23,5.93502186e-01,1.88069494e-08,94,18,1,55,normal_corr_dominates,2.97200545e+00,1.00000000e+00,2.50000052e+07,5.18360319e+00,-2.62859476e+00,7.81219795e+00,1.00009557e-09
23,5.93502186e-01,1.88069494e-08,94,18,2,56,normal_corr_dominates,4.15537073e+00,1.00000000e+00,2.49999864e+07,-1.35513805e+01,-2.62859476e+00,-1.09227857e+01,1.00010289e-09
23,5.93502186e-01,1.88069494e-08,94,19,0,57,normal_corr_dominates,5.84758097e+00,1.00000000e+00,2.49999715e+07,-2.84806256e+01,-4.15922437e+00,-2.43214013e+01,1.00002945e-09
23,5.93502186e-01,1.88069494e-08,94,19,0,57,corr_ratio_high,2.31397081e+00,5.00000000e-01,2.49999715e+07,-2.84806256e+01,-4.15922437e+00,-2.43214013e+01,1.00002945e-09
23,5.93502186e-01,1.88069494e-08,94,19,1,58,normal_corr_dominates,4.59445507e+00,1.00000000e+00,2.50000150e+07,1.49501451e+01,-4.15922437e+00,1.91093695e+01,1.00010359e-09
23,5.93502186e-01,1.88069494e-08,94,20,0,60,normal_corr_dominates,2.08032043e+00,1.00000000e+00,2.50000029e+07,2.90044009e+00,-2.68479610e+00,5.58523619e+00,1.00009006e-09
23,5.93502186e-01,1.88069494e-08,94,20,1,61,normal_corr_dominates,3.40027616e+00,1.00000000e+00,2.49999882e+07,-1.18138443e+01,-2.68479610e+00,-9.12904818e+00,1.00010347e-09
23,5.93502186e-01,1.88069494e-08,94,20,2,62,normal_corr_dominates,4.97131434e+00,1.00000000e+00,2.49999840e+07,-1.60317614e+01,-2.68479610e+00,-1.33469653e+01,1.00010798e-09
23,5.93502186e-01,1.88069494e-08,94,21,2,65,normal_corr_dominates,2.89920018e+00,1.00000000e+00,2.50000132e+07,1.32444271e+01,-6.97368671e+00,2.02181138e+01,1.00008730e-09
23,5.93502186e-01,1.88069494e-08,94,22,2,68,normal_corr_dominates,2.30805059e+00,1.00000000e+00,2.49999818e+07,-1.82383920e+01,-5.51333529e+00,-1.27250568e+01,1.00010459e-09
23,5.93502186e-01,1.88069494e-08,94,23,0,69,normal_corr_dominates,3.22993017e+00,1.00000000e+00,2.49999859e+07,-1.41409990e+01,-3.34308096e+00,-1.07979181e+01,1.00011790e-09
23,5.93502186e-01,1.88069494e-08,94,23,1,70,normal_corr_dominates,1.17515393e+00,1.00000000e+00,2.50000006e+07,5.85553771e-01,-3.34308096e+00,3.92863474e+00,1.00012424e-09
23,5.93502186e-01,1.88069494e-08,94,23,2,71,normal_corr_dominates,3.45235844e+00,1.00000000e+00,2.50000082e+07,8.19843282e+00,-3.34308096e+00,1.15415138e+01,1.00010430e-09
23,5.93502186e-01,1.88069494e-08,94,25,0,75,normal_corr_dominates,1.66893141e+01,1.00000000e+00,2.50000177e+07,1.76987179e+01,-1.12807467e+00,1.88267926e+01,1.00013571e-09
23,5.93502186e-01,1.88069494e-08,94,25,1,76,normal_corr_dominates,1.95759111e+01,1.00000000e+00,2.49999768e+07,-2.32111642e+01,-1.12807467e+00,-2.20830896e+01,1.00011247e-09
23,5.93502186e-01,1.88069494e-08,94,25,1,76,corr_ratio_high,6.11841143e-01,5.00000000e-01,2.49999768e+07,-2.32111642e+01,-1.12807467e+00,-2.20830896e+01,1.00011247e-09
23,5.93502186e-01,1.88069494e-08,94,25,2,77,normal_corr_dominates,1.62972706e+01,1.00000000e+00,2.49999805e+07,-1.95126129e+01,-1.12807467e+00,-1.83845382e+01,1.00013966e-09
23,5.93502186e-01,1.88069494e-08,94,26,0,78,normal_corr_dominates,1.10645440e+00,1.00000000e+00,2.50000003e+07,3.46120549e-01,-3.25135024e+00,3.59747079e+00,1.00014353e-09
23,5.93502186e-01,1.88069494e-08,94,26,1,79,normal_corr_dominates,2.26401603e+00,1.00000000e+00,2.50000041e+07,4.10975884e+00,-3.25135024e+00,7.36110909e+00,1.00009601e-09
23,5.93502186e-01,1.88069494e-08,94,26,2,80,normal_corr_dominates,6.18370455e+00,1.00000000e+00,2.49999766e+07,-2.33567395e+01,-3.25135024e+00,-2.01053893e+01,1.00013279e-09
23,5.93502186e-01,1.88069494e-08,94,28,0,84,normal_corr_dominates,5.49617464e+00,1.00000000e+00,2.49999557e+07,-4.43426655e+01,-6.82596573e+00,-3.75166997e+01,1.00016853e-09
23,5.93502186e-01,1.88069494e-08,94,28,2,86,normal_corr_dominates,1.43695393e+00,1.00000000e+00,2.50000030e+07,2.98263257e+00,-6.82596573e+00,9.80859829e+00,1.00010354e-09
23,5.93502186e-01,1.88069494e-08,94,29,0,87,normal_corr_dominates,5.37401465e+00,1.00000000e+00,2.50000106e+07,1.05599856e+01,-2.41425475e+00,1.29742404e+01,1.00015187e-09
23,5.93502186e-01,1.88069494e-08,94,29,1,88,corr_ratio_high,7.45184270e-01,5.00000000e-01,2.49999992e+07,-7.55604943e-01,-2.41425475e+00,1.65864980e+00,1.00007559e-09
23,5.93502186e-01,1.88069494e-08,94,29,2,89,normal_corr_dominates,4.66376783e+00,1.00000000e+00,2.49999863e+07,-1.36737784e+01,-2.41425475e+00,-1.12595236e+01,1.00010850e-09
23,5.93502186e-01,1.88069494e-08,94,30,1,91,normal_corr_dominates,1.66865591e+00,1.00000000e+00,2.49999853e+07,-1.47305920e+01,-5.51985438e+00,-9.21073765e+00,1.00011688e-09
23,5.93502186e-01,1.88069494e-08,94,32,0,96,normal_corr_dominates,1.43906189e+02,1.00000000e+00,2.49999715e+07,-2.84867007e+01,-1.96587191e-01,-2.82901135e+01,1.00013930e-09
23,5.93502186e-01,1.88069494e-08,94,32,1,97,normal_corr_dominates,7.04376339e+01,1.00000000e+00,2.50000137e+07,1.36505494e+01,-1.96587191e-01,1.38471366e+01,1.00012708e-09
23,5.93502186e-01,1.88069494e-08,94,32,2,98,normal_corr_dominates,1.66876827e+01,1.00000000e+00,2.49999965e+07,-3.47717186e+00,-1.96587191e-01,-3.28058467e+00,1.00007977e-09
23,5.93502186e-01,1.88069494e-08,94,32,2,98,corr_ratio_high,7.99159437e-01,5.00000000e-01,2.49999965e+07,-3.47717186e+00,-1.96587191e-01,-3.28058467e+00,1.00007977e-09
23,5.93502186e-01,1.88069494e-08,94,31,1,94,normal_corr_dominates,2.12073869e+00,1.00000000e+00,2.50000048e+07,4.81238429e+00,-4.29393963e+00,9.10632392e+00,1.00013762e-09
23,5.93502186e-01,1.88069494e-08,94,31,2,95,normal_corr_dominates,3.42421601e+00,1.00000000e+00,2.49999810e+07,-1.89973165e+01,-4.29393963e+00,-1.47033768e+01,1.00013287e-09
23,5.93502186e-01,1.88069494e-08,94,12,0,36,normal_corr_dominates,1.46905912e+00,1.00000000e+00,2.50000055e+07,5.45029002e+00,-1.16196228e+01,1.70699128e+01,1.00018245e-09
23,5.93502186e-01,1.88069494e-08,94,12,2,38,normal_corr_dominates,2.34573475e+00,1.00000000e+00,2.50000156e+07,1.56369303e+01,-1.16196228e+01,2.72565531e+01,1.00004941e-09
23,5.93502186e-01,1.88069494e-08,94,12,2,38,corr_ratio_high,1.52087284e+00,5.00000000e-01,2.50000156e+07,1.56369303e+01,-1.16196228e+01,2.72565531e+01,1.00004941e-09
24,6.19249013e-01,1.96228171e-08,94,0,0,0,normal_corr_dominates,8.55927847e+00,1.00000000e+00,2.49999758e+07,-2.41643808e+01,-2.52784568e+00,-2.16365351e+01,1.00010155e-09
24,6.19249013e-01,1.96228171e-08,94,0,1,1,normal_corr_dominates,7.35934120e+00,1.00000000e+00,2.50000161e+07,1.60754332e+01,-2.52784568e+00,1.86032788e+01,1.00006907e-09
24,6.19249013e-01,1.96228171e-08,94,0,2,2,normal_corr_dominates,3.61288781e+00,1.00000000e+00,2.50000066e+07,6.60497717e+00,-2.52784568e+00,9.13282284e+00,1.00015874e-09
24,6.19249013e-01,1.96228171e-08,94,1,0,3,normal_corr_dominates,2.27919690e+00,1.00000000e+00,2.50000062e+07,6.17523149e+00,-4.82742843e+00,1.10026599e+01,1.00013554e-09
24,6.19249013e-01,1.96228171e-08,94,1,1,4,normal_corr_dominates,5.47150062e+00,1.00000000e+00,2.50000216e+07,2.15858492e+01,-4.82742843e+00,2.64132776e+01,1.00009571e-09
24,6.19249013e-01,1.96228171e-08,94,1,2,5,normal_corr_dominates,4.10655302e+00,1.00000000e+00,2.49999753e+07,-2.46515192e+01,-4.82742843e+00,-1.98240908e+01,1.00014593e-09
24,6.19249013e-01,1.96228171e-08,94,2,0,6,normal_corr_dominates,1.23732704e+01,1.00000000e+00,2.50000277e+07,2.77190096e+01,-2.43720660e+00,3.01562162e+01,1.00006140e-09
24,6.19249013e-01,1.96228171e-08,94,2,0,6,corr_ratio_high,6.03564852e-01,5.00000000e-01,2.50000277e+07,2.77190096e+01,-2.43720660e+00,3.01562162e+01,1.00006140e-09
24,6.19249013e-01,1.96228171e-08,94,2,1,7,normal_corr_dominates,2.87953721e+00,1.00000000e+00,2.49999905e+07,-9.45523369e+00,-2.43720660e+00,-7.01802709e+00,1.00016957e-09
24,6.19249013e-01,1.96228171e-08,94,2,2,8,normal_corr_dominates,3.21239040e+00,1.00000000e+00,2.49999897e+07,-1.02664657e+01,-2.43720660e+00,-7.82925907e+00,1.00012402e-09
24,6.19249013e-01,1.96228171e-08,94,3,0,9,normal_corr_dominates,5.62767899e+00,1.00000000e+00,2.49999757e+07,-2.42524933e+01,-3.65927398e+00,-2.05932193e+01,1.00010646e-09
24,6.19249013e-01,1.96228171e-08,94,3,1,10,normal_corr_dominates,3.31006474e+00,1.00000000e+00,2.50000085e+07,8.45315979e+00,-3.65927398e+00,1.21124338e+01,1.00014604e-09
24,6.19249013e-01,1.96228171e-08,94,3,2,11,normal_corr_dominates,5.96415218e+00,1.00000000e+00,2.50000182e+07,1.81651929e+01,-3.65927398e+00,2.18244669e+01,1.00010875e-09
24,6.19249013e-01,1.96228171e-08,94,4,0,12,normal_corr_dominates,5.02341370e+00,1.00000000e+00,2.50000075e+07,7.53398130e+00,-1.87253458e+00,9.40651588e+00,1.00009517e-09
24,6.19249013e-01,1.96228171e-08,94,4,1,13,normal_corr_dominates,7.26979248e+00,1.00000000e+00,2.49999845e+07,-1.54854724e+01,-1.87253458e+00,-1.36129378e+01,1.00010290e-09
24,6.19249013e-01,1.96228171e-08,94,4,2,14,normal_corr_dominates,7.36811930e+00,1.00000000e+00,2.50000119e+07,1.19245236e+01,-1.87253458e+00,1.37970582e+01,1.00009713e-09
24,6.19249013e-01,1.96228171e-08,94,5,0,15,normal_corr_dominates,1.48030890e+00,1.00000000e+00,2.50000038e+07,3.77856048e+00,-7.86693824e+00,1.16454987e+01,1.00010045e-09
24,6.19249013e-01,1.96228171e-08,94,5,1,16,normal_corr_dominates,2.21797133e+00,1.00000000e+00,2.49999747e+07,-2.53155817e+01,-7.86693824e+00,-1.74486434e+01,1.00006672e-09
24,6.19249013e-01,1.96228171e-08,94,5,1,16,corr_ratio_high,9.10980678e-01,5.00000000e-01,2.49999747e+07,-2.53155817e+01,-7.86693824e+00,-1.74486434e+01,1.00006672e-09
24,6.19249013e-01,1.96228171e-08,94,5,2,17,normal_corr_dominates,2.31493503e+00,1.00000000e+00,2.50000103e+07,1.03445127e+01,-7.86693824e+00,1.82114509e+01,1.00010951e-09
24,6.19249013e-01,1.96228171e-08,94,8,0,24,normal_corr_dominates,3.49050533e+00,1.00000000e+00,2.50000079e+07,7.94646271e+00,-3.19070295e+00,1.11371657e+01,1.00012690e-09
24,6.19249013e-01,1.96228171e-08,94,8,1,25,normal_corr_dominates,1.65245988e+00,1.00000000e+00,2.50000021e+07,2.08180568e+00,-3.19070295e+00,5.27250863e+00,1.00010923e-09
24,6.19249013e-01,1.96228171e-08,94,8,2,26,normal_corr_dominates,4.76260089e+00,1.00000000e+00,2.49999816e+07,-1.83867477e+01,-3.19070295e+00,-1.51960447e+01,1.00014433e-09
24,6.19249013e-01,1.96228171e-08,94,9,0,27,normal_corr_dominates,2.80800869e+00,1.00000000e+00,2.49999805e+07,-1.95275016e+01,-5.12800866e+00,-1.43994929e+01,1.00013012e-09
24,6.19249013e-01,1.96228171e-08,94,9,1,28,normal_corr_dominates,4.26987025e+00,1.00000000e+00,2.50000168e+07,1.67679230e+01,-5.12800866e+00,2.18959316e+01,1.00009973e-09
24,6.19249013e-01,1.96228171e-08,94,9,2,29,normal_corr_dominates,3.47416509e+00,1.00000000e+00,2.49999771e+07,-2.29435573e+01,-5.12800866e+00,-1.78155487e+01,1.00015160e-09
24,6.19249013e-01,1.96228171e-08,94,10,0,30,normal_corr_dominates,1.17908976e+00,1.00000000e+00,2.49999881e+07,-1.18865201e+01,-5.45480975e+00,-6.43171032e+00,1.00007595e-09
24,6.19249013e-01,1.96228171e-08,94,10,0,30,corr_ratio_high,7.52249362e-01,5.00000000e-01,2.49999881e+07,-1.18865201e+01,-5.45480975e+00,-6.43171032e+00,1.00007595e-09
24,6.19249013e-01,1.96228171e-08,94,10,2,32,normal_corr_dominates,3.53357814e+00,1.00000000e+00,2.50000138e+07,1.38201867e+01,-5.45480975e+00,1.92749965e+01,1.00011646e-09
24,6.19249013e-01,1.96228171e-08,94,13,2,41,normal_corr_dominates,1.33620617e+00,1.00000000e+00,2.50000023e+07,2.27065896e+00,-6.75376948e+00,9.02442843e+00,1.00011164e-09
24,6.19249013e-01,1.96228171e-08,94,14,0,42,normal_corr_dominates,5.06788305e+00,1.00000000e+00,2.50000245e+07,2.44544441e+01,-6.01158978e+00,3.04660339e+01,1.00020822e-09
24,6.19249013e-01,1.96228171e-08,94,14,1,43,normal_corr_dominates,6.88100298e+00,1.00000000e+00,2.49999526e+07,-4.73773570e+01,-6.01158978e+00,-4.13657672e+01,1.00012898e-09
24,6.19249013e-01,1.96228171e-08,94,14,2,44,normal_corr_dominates,2.42596401e+00,1.00000000e+00,2.50000086e+07,8.57231069e+00,-6.01158978e+00,1.45839005e+01,1.00008194e-09
24,6.19249013e-01,1.96228171e-08,94,14,2,44,corr_ratio_high,6.60283483e-01,5.00000000e-01,2.50000086e+07,8.57231069e+00,-6.01158978e+00,1.45839005e+01,1.00008194e-09
24,6.19249013e-01,1.96228171e-08,94,15,0,45,normal_corr_dominates,6.97324453e+00,1.00000000e+00,2.50000262e+07,2.62260834e+01,-4.39059264e+00,3.06166761e+01,1.00007590e-09
24,6.19249013e-01,1.96228171e-08,94,15,1,46,normal_corr_dominates,1.26395212e+00,1.00000000e+00,2.50000012e+07,1.15890624e+00,-4.39059264e+00,5.54949888e+00,1.00010489e-09
24,6.19249013e-01,1.96228171e-08,94,15,2,47,normal_corr_dominates,3.59968566e+00,1.00000000e+00,2.49999798e+07,-2.01953460e+01,-4.39059264e+00,-1.58047533e+01,1.00012535e-09
24,6.19249013e-01,1.96228171e-08,94,17,0,51,normal_corr_dominates,5.80125151e+00,1.00000000e+00,2.49999788e+07,-2.12387251e+01,-3.12276720e+00,-1.81159579e+01,1.00009477e-09
24,6.19249013e-01,1.96228171e-08,94,17,0,51,corr_ratio_high,5.03288660e-01,5.00000000e-01,2.49999788e+07,-2.12387251e+01,-3.12276720e+00,-1.81159579e+01,1.00009477e-09
24,6.19249013e-01,1.96228171e-08,94,17,1,52,normal_corr_dominates,5.63830269e+00,1.00000000e+00,2.49999793e+07,-2.07298739e+01,-3.12276720e+00,-1.76071067e+01,1.00010736e-09
24,6.19249013e-01,1.96228171e-08,94,17,2,53,normal_corr_dominates,8.25125972e+00,1.00000000e+00,2.50000226e+07,2.26439960e+01,-3.12276720e+00,2.57667632e+01,1.00011697e-09
24,6.19249013e-01,1.96228171e-08,94,18,0,54,normal_corr_dominates,2.24205915e+00,1.00000000e+00,2.50000034e+07,3.39543794e+00,-2.73371678e+00,6.12915472e+00,1.00009549e-09
24,6.19249013e-01,1.96228171e-08,94,18,1,55,normal_corr_dominates,2.97404860e+00,1.00000000e+00,2.50000054e+07,5.39648979e+00,-2.73371678e+00,8.13020656e+00,1.00009946e-09
24,6.19249013e-01,1.96228171e-08,94,18,2,56,normal_corr_dominates,4.15834697e+00,1.00000000e+00,2.49999859e+07,-1.41014597e+01,-2.73371678e+00,-1.13677429e+01,1.00010708e-09
24,6.19249013e-01,1.96228171e-08,94,19,0,57,normal_corr_dominates,5.84979348e+00,1.00000000e+00,2.49999704e+07,-2.96409357e+01,-4.32727436e+00,-2.53136614e+01,1.00003067e-09
24,6.19249013e-01,1.96228171e-08,94,19,0,57,corr_ratio_high,2.31286589e+00,5.00000000e-01,2.49999704e+07,-2.96409357e+01,-4.32727436e+00,-2.53136614e+01,1.00003067e-09
24,6.19249013e-01,1.96228171e-08,94,19,1,58,normal_corr_dominates,4.59542792e+00,1.00000000e+00,2.50000156e+07,1.55584031e+01,-4.32727436e+00,1.98856774e+01,1.00010780e-09
24,6.19249013e-01,1.96228171e-08,94,20,0,60,normal_corr_dominates,2.08227109e+00,1.00000000e+00,2.50000030e+07,3.02160336e+00,-2.79190988e+00,5.81351325e+00,1.00009372e-09
24,6.19249013e-01,1.96228171e-08,94,20,1,61,normal_corr_dominates,3.40366007e+00,1.00000000e+00,2.49999877e+07,-1.22946221e+01,-2.79190988e+00,-9.50271219e+00,1.00010768e-09
24,6.19249013e-01,1.96228171e-08,94,20,2,62,normal_corr_dominates,4.97585392e+00,1.00000000e+00,2.49999833e+07,-1.66840456e+01,-2.79190988e+00,-1.38921358e+01,1.00011237e-09
24,6.19249013e-01,1.96228171e-08,94,21,2,65,normal_corr_dominates,2.90054023e+00,1.00000000e+00,2.50000138e+07,1.37865463e+01,-7.25401443e+00,2.10405607e+01,1.00009085e-09
24,6.19249013e-01,1.96228171e-08,94,22,2,68,normal_corr_dominates,2.30852616e+00,1.00000000e+00,2.49999810e+07,-1.89757639e+01,-5.73541300e+00,-1.32403509e+01,1.00010885e-09
24,6.19249013e-01,1.96228171e-08,94,23,0,69,normal_corr_dominates,3.23162446e+00,1.00000000e+00,2.49999853e+07,-1.47087714e+01,-3.47591604e+00,-1.12328553e+01,1.00012268e-09
24,6.19249013e-01,1.96228171e-08,94,23,1,70,normal_corr_dominates,1.17714220e+00,1.00000000e+00,2.50000006e+07,6.15731410e-01,-3.47591604e+00,4.09164746e+00,1.00012928e-09
24,6.19249013e-01,1.96228171e-08,94,23,2,71,normal_corr_dominates,3.45647683e+00,1.00000000e+00,2.50000085e+07,8.53850723e+00,-3.47591604e+00,1.20144233e+01,1.00010854e-09
24,6.19249013e-01,1.96228171e-08,94,25,0,75,normal_corr_dominates,1.67428259e+01,1.00000000e+00,2.50000184e+07,1.84201726e+01,-1.17006773e+00,1.95902404e+01,1.00014123e-09
24,6.19249013e-01,1.96228171e-08,94,25,1,76,normal_corr_dominates,1.96391664e+01,1.00000000e+00,2.49999759e+07,-2.41492226e+01,-1.17006773e+00,-2.29791549e+01,1.00011704e-09
24,6.19249013e-01,1.96228171e-08,94,25,1,76,corr_ratio_high,6.11943003e-01,5.00000000e-01,2.49999759e+07,-2.41492226e+01,-1.17006773e+00,-2.29791549e+01,1.00011704e-09
24,6.19249013e-01,1.96228171e-08,94,25,2,77,normal_corr_dominates,1.63565926e+01,1.00000000e+00,2.49999797e+07,-2.03083890e+01,-1.17006773e+00,-1.91383212e+01,1.00014534e-09
24,6.19249013e-01,1.96228171e-08,94,26,0,78,normal_corr_dominates,1.10888213e+00,1.00000000e+00,2.50000004e+07,3.68018376e-01,-3.37997048e+00,3.74798886e+00,1.00014935e-09
24,6.19249013e-01,1.96228171e-08,94,26,1,79,normal_corr_dominates,2.26657521e+00,1.00000000e+00,2.50000043e+07,4.28098682e+00,-3.37997048e+00,7.66095730e+00,1.00009993e-09
24,6.19249013e-01,1.96228171e-08,94,26,2,80,normal_corr_dominates,6.19254436e+00,1.00000000e+00,2.49999757e+07,-2.43105876e+01,-3.37997048e+00,-2.09306171e+01,1.00013818e-09
24,6.19249013e-01,1.96228171e-08,94,28,0,84,normal_corr_dominates,5.49741191e+00,1.00000000e+00,2.49999539e+07,-4.61458066e+01,-7.10218272e+00,-3.90436238e+01,1.00017540e-09
24,6.19249013e-01,1.96228171e-08,94,28,2,86,normal_corr_dominates,1.43716375e+00,1.00000000e+00,2.50000031e+07,3.10481682e+00,-7.10218272e+00,1.02069995e+01,1.00010773e-09
24,6.19249013e-01,1.96228171e-08,94,29,0,87,normal_corr_dominates,5.37671076e+00,1.00000000e+00,2.50000110e+07,1.09908196e+01,-2.51120538e+00,1.35020250e+01,1.00015805e-09
24,6.19249013e-01,1.96228171e-08,94,29,1,88,corr_ratio_high,7.45113274e-01,5.00000000e-01,2.49999992e+07,-7.84065026e-01,-2.51120538e+00,1.72714036e+00,1.00007867e-09
24,6.19249013e-01,1.96228171e-08,94,29,2,89,normal_corr_dominates,4.66560057e+00,1.00000000e+00,2.49999858e+07,-1.42274867e+01,-2.51120538e+00,-1.17162813e+01,1.00011290e-09
24,6.19249013e-01,1.96228171e-08,94,30,1,91,normal_corr_dominates,1.66926043e+00,1.00000000e+00,2.49999847e+07,-1.53252597e+01,-5.74138795e+00,-9.58387171e+00,1.00012163e-09
24,6.19249013e-01,1.96228171e-08,94,32,0,96,normal_corr_dominates,1.44503828e+02,1.00000000e+00,2.49999704e+07,-2.96446238e+01,-2.03737759e-01,-2.94408861e+01,1.00014497e-09
24,6.19249013e-01,1.96228171e-08,94,32,1,97,normal_corr_dominates,7.07249032e+01,1.00000000e+00,2.50000142e+07,1.42055955e+01,-2.03737759e-01,1.44093333e+01,1.00013225e-09
24,6.19249013e-01,1.96228171e-08,94,32,2,98,normal_corr_dominates,1.67362104e+01,1.00000000e+00,2.49999964e+07,-3.61353577e+00,-2.03737759e-01,-3.40979801e+00,1.00008301e-09
24,6.19249013e-01,1.96228171e-08,94,32,2,98,corr_ratio_high,7.99282308e-01,5.00000000e-01,2.49999964e+07,-3.61353577e+00,-2.03737759e-01,-3.40979801e+00,1.00008301e-09
24,6.19249013e-01,1.96228171e-08,94,31,1,94,normal_corr_dominates,2.12259859e+00,1.00000000e+00,2.50000050e+07,5.01093821e+00,-4.46369544e+00,9.47463365e+00,1.00014321e-09
24,6.19249013e-01,1.96228171e-08,94,31,2,95,normal_corr_dominates,3.42915034e+00,1.00000000e+00,2.49999802e+07,-1.97703782e+01,-4.46369544e+00,-1.53066828e+01,1.00013827e-09
24,6.19249013e-01,1.96228171e-08,94,12,0,36,normal_corr_dominates,1.46966930e+00,1.00000000e+00,2.50000057e+07,5.67733959e+00,-1.20879512e+01,1.77652908e+01,1.00018985e-09
24,6.19249013e-01,1.96228171e-08,94,12,2,38,normal_corr_dominates,2.34683777e+00,1.00000000e+00,2.50000163e+07,1.62805093e+01,-1.20879512e+01,2.83684605e+01,1.00005144e-09
24,6.19249013e-01,1.96228171e-08,94,12,2,38,corr_ratio_high,1.52019164e+00,5.00000000e-01,2.50000163e+07,1.62805093e+01,-1.20879512e+01,2.83684605e+01,1.00005144e-09
25,6.45768674e-01,2.04631745e-08,94,0,0,0,normal_corr_dominates,8.56672713e+00,1.00000000e+00,2.49999749e+07,-2.51369860e+01,-2.62754290e+00,-2.25094430e+01,1.00010563e-09
25,6.45768674e-01,2.04631745e-08,94,0,1,1,normal_corr_dominates,7.36294951e+00,1.00000000e+00,2.50000167e+07,1.67189228e+01,-2.62754290e+00,1.93464657e+01,1.00007186e-09
25,6.45768674e-01,2.04631745e-08,94,0,2,2,normal_corr_dominates,3.61892668e+00,1.00000000e+00,2.50000069e+07,6.88134220e+00,-2.62754290e+00,9.50888510e+00,1.00016508e-09
25,6.45768674e-01,2.04631745e-08,94,1,0,3,normal_corr_dominates,2.28080665e+00,1.00000000e+00,2.50000064e+07,6.42799827e+00,-5.01871089e+00,1.14467092e+01,1.00014097e-09
25,6.45768674e-01,2.04631745e-08,94,1,1,4,normal_corr_dominates,5.47560495e+00,1.00000000e+00,2.50000225e+07,2.24617673e+01,-5.01871089e+00,2.74804782e+01,1.00009954e-09
25,6.45768674e-01,2.04631745e-08,94,1,2,5,normal_corr_dominates,4.10962780e+00,1.00000000e+00,2.49999744e+07,-2.56437447e+01,-5.01871089e+00,-2.06250338e+01,1.00015178e-09
25,6.45768674e-01,2.04631745e-08,94,2,0,6,normal_corr_dominates,1.23823113e+01,1.00000000e+00,2.50000288e+07,2.88309840e+01,-2.53296393e+00,3.13639479e+01,1.00006388e-09
25,6.45768674e-01,2.04631745e-08,94,2,0,6,corr_ratio_high,6.03339536e-01,5.00000000e-01,2.50000288e+07,2.88309840e+01,-2.53296393e+00,3.13639479e+01,1.00006388e-09
25,6.45768674e-01,2.04631745e-08,94,2,1,7,normal_corr_dominates,2.87902542e+00,1.00000000e+00,2.49999902e+07,-9.82543150e+00,-2.53296393e+00,-7.29246757e+00,1.00017634e-09
25,6.45768674e-01,2.04631745e-08,94,2,2,8,normal_corr_dominates,3.21462510e+00,1.00000000e+00,2.49999893e+07,-1.06754934e+01,-2.53296393e+00,-8.14252944e+00,1.00012900e-09
25,6.45768674e-01,2.04631745e-08,94,3,0,9,normal_corr_dominates,5.63146019e+00,1.00000000e+00,2.49999748e+07,-2.52284407e+01,-3.80435681e+00,-2.14240839e+01,1.00011074e-09
25,6.45768674e-01,2.04631745e-08,94,3,1,10,normal_corr_dominates,3.31327753e+00,1.00000000e+00,2.50000088e+07,8.80053312e+00,-3.80435681e+00,1.26048899e+01,1.00015188e-09
25,6.45768674e-01,2.04631745e-08,94,3,2,11,normal_corr_dominates,5.96812128e+00,1.00000000e+00,2.50000189e+07,1.89005060e+01,-3.80435681e+00,2.27048628e+01,1.00011310e-09
25,6.45768674e-01,2.04631745e-08,94,4,0,12,normal_corr_dominates,5.02915788e+00,1.00000000e+00,2.50000078e+07,7.83872138e+00,-1.94549869e+00,9.78422007e+00,1.00009900e-09
25,6.45768674e-01,2.04631745e-08,94,4,1,13,normal_corr_dominates,7.27819759e+00,1.00000000e+00,2.49999839e+07,-1.61052226e+01,-1.94549869e+00,-1.41597239e+01,1.00010703e-09
25,6.45768674e-01,2.04631745e-08,94,4,2,14,normal_corr_dominates,7.37489185e+00,1.00000000e+00,2.50000124e+07,1.24023437e+01,-1.94549869e+00,1.43478424e+01,1.00010104e-09
25,6.45768674e-01,2.04631745e-08,94,5,0,15,normal_corr_dominates,1.48085071e+00,1.00000000e+00,2.50000039e+07,3.93412975e+00,-8.18160325e+00,1.21157330e+01,1.00010448e-09
25,6.45768674e-01,2.04631745e-08,94,5,1,16,normal_corr_dominates,2.21854008e+00,1.00000000e+00,2.49999737e+07,-2.63328180e+01,-8.18160325e+00,-1.81512148e+01,1.00006941e-09
25,6.45768674e-01,2.04631745e-08,94,5,1,16,corr_ratio_high,9.10542140e-01,5.00000000e-01,2.49999737e+07,-2.63328180e+01,-8.18160325e+00,-1.81512148e+01,1.00006941e-09
25,6.45768674e-01,2.04631745e-08,94,5,2,17,normal_corr_dominates,2.31512502e+00,1.00000000e+00,2.50000108e+07,1.07598312e+01,-8.18160325e+00,1.89414344e+01,1.00011389e-09
25,6.45768674e-01,2.04631745e-08,94,8,0,24,normal_corr_dominates,3.49494821e+00,1.00000000e+00,2.50000083e+07,8.27140596e+00,-3.31526158e+00,1.15866675e+01,1.00013198e-09
25,6.45768674e-01,2.04631745e-08,94,8,1,25,normal_corr_dominates,1.65353987e+00,1.00000000e+00,2.50000022e+07,2.16665563e+00,-3.31526158e+00,5.48191721e+00,1.00011361e-09
25,6.45768674e-01,2.04631745e-08,94,8,2,26,normal_corr_dominates,4.76854673e+00,1.00000000e+00,2.49999809e+07,-1.91242413e+01,-3.31526158e+00,-1.58089798e+01,1.00015011e-09
25,6.45768674e-01,2.04631745e-08,94,9,0,27,normal_corr_dominates,2.80815379e+00,1.00000000e+00,2.49999797e+07,-2.03015683e+01,-5.33107890e+00,-1.49704894e+01,1.00013532e-09
25,6.45768674e-01,2.04631745e-08,94,9,1,28,normal_corr_dominates,4.27329876e+00,1.00000000e+00,2.50000175e+07,1.74502139e+01,-5.33107890e+00,2.27812928e+01,1.00010373e-09
25,6.45768674e-01,2.04631745e-08,94,9,2,29,normal_corr_dominates,3.47724333e+00,1.00000000e+00,2.49999761e+07,-2.38685374e+01,-5.33107890e+00,-1.85374585e+01,1.00015768e-09
25,6.45768674e-01,2.04631745e-08,94,10,0,30,normal_corr_dominates,1.18157764e+00,1.00000000e+00,2.49999876e+07,-1.23685676e+01,-5.66955187e+00,-6.69901571e+00,1.00007903e-09
25,6.45768674e-01,2.04631745e-08,94,10,0,30,corr_ratio_high,7.51623116e-01,5.00000000e-01,2.49999876e+07,-1.23685676e+01,-5.66955187e+00,-6.69901571e+00,1.00007903e-09
25,6.45768674e-01,2.04631745e-08,94,10,2,32,normal_corr_dominates,3.53681193e+00,1.00000000e+00,2.50000144e+07,1.43825868e+01,-5.66955187e+00,2.00521387e+01,1.00012113e-09
25,6.45768674e-01,2.04631745e-08,94,13,2,41,normal_corr_dominates,1.33630428e+00,1.00000000e+00,2.50000024e+07,2.36166127e+00,-7.02239434e+00,9.38405561e+00,1.00011611e-09
25,6.45768674e-01,2.04631745e-08,94,14,0,42,normal_corr_dominates,5.07074076e+00,1.00000000e+00,2.50000254e+07,2.54386275e+01,-6.24913966e+00,3.16877672e+01,1.00021655e-09
25,6.45768674e-01,2.04631745e-08,94,14,1,43,normal_corr_dominates,6.88533322e+00,1.00000000e+00,2.49999507e+07,-4.92765485e+01,-6.24913966e+00,-4.30274089e+01,1.00013417e-09
25,6.45768674e-01,2.04631745e-08,94,14,2,44,normal_corr_dominates,2.42713366e+00,1.00000000e+00,2.50000089e+07,8.91835753e+00,-6.24913966e+00,1.51674972e+01,1.00008522e-09
25,6.45768674e-01,2.04631745e-08,94,14,2,44,corr_ratio_high,6.60365003e-01,5.00000000e-01,2.50000089e+07,8.91835753e+00,-6.24913966e+00,1.51674972e+01,1.00008522e-09
25,6.45768674e-01,2.04631745e-08,94,15,0,45,normal_corr_dominates,6.97512228e+00,1.00000000e+00,2.50000273e+07,2.72789041e+01,-4.56541353e+00,3.18443176e+01,1.00007894e-09
25,6.45768674e-01,2.04631745e-08,94,15,1,46,normal_corr_dominates,1.26491377e+00,1.00000000e+00,2.50000012e+07,1.20944091e+00,-4.56541353e+00,5.77485444e+00,1.00010910e-09
25,6.45768674e-01,2.04631745e-08,94,15,2,47,normal_corr_dominates,3.60071665e+00,1.00000000e+00,2.49999790e+07,-2.10041741e+01,-4.56541353e+00,-1.64387605e+01,1.00013038e-09
25,6.45768674e-01,2.04631745e-08,94,17,0,51,normal_corr_dominates,5.80885007e+00,1.00000000e+00,2.49999779e+07,-2.20952587e+01,-3.24507934e+00,-1.88501794e+01,1.00009858e-09
25,6.45768674e-01,2.04631745e-08,94,17,0,51,corr_ratio_high,5.03359083e-01,5.00000000e-01,2.49999779e+07,-2.20952587e+01,-3.24507934e+00,-1.88501794e+01,1.00009858e-09
25,6.45768674e-01,2.04631745e-08,94,17,1,52,normal_corr_dominates,5.64451410e+00,1.00000000e+00,2.49999784e+07,-2.15619754e+01,-3.24507934e+00,-1.83168961e+01,1.00011168e-09
25,6.45768674e-01,2.04631745e-08,94,17,2,53,normal_corr_dominates,8.26072739e+00,1.00000000e+00,2.50000236e+07,2.35616364e+01,-3.24507934e+00,2.68067158e+01,1.00012164e-09
25,6.45768674e-01,2.04631745e-08,94,18,0,54,normal_corr_dominates,2.24398943e+00,1.00000000e+00,2.50000035e+07,3.53485473e+00,-2.84154723e+00,6.37640197e+00,1.00009931e-09
25,6.45768674e-01,2.04631745e-08,94,18,1,55,normal_corr_dominates,2.97604395e+00,1.00000000e+00,2.50000056e+07,5.61502221e+00,-2.84154723e+00,8.45656945e+00,1.00010345e-09
25,6.45768674e-01,2.04631745e-08,94,18,2,56,normal_corr_dominates,4.16125528e+00,1.00000000e+00,2.49999853e+07,-1.46659507e+01,-2.84154723e+00,-1.18244034e+01,1.00011137e-09
25,6.45768674e-01,2.04631745e-08,94,19,0,57,normal_corr_dominates,5.85195114e+00,1.00000000e+00,2.49999692e+07,-3.08318495e+01,-4.49971823e+00,-2.63321312e+01,1.00003192e-09
25,6.45768674e-01,2.04631745e-08,94,19,0,57,corr_ratio_high,2.31176051e+00,5.00000000e-01,2.49999692e+07,-3.08318495e+01,-4.49971823e+00,-2.63321312e+01,1.00003192e-09
25,6.45768674e-01,2.04631745e-08,94,19,1,58,normal_corr_dominates,4.59636410e+00,1.00000000e+00,2.50000162e+07,1.61826251e+01,-4.49971823e+00,2.06823433e+01,1.00011212e-09
25,6.45768674e-01,2.04631745e-08,94,20,0,60,normal_corr_dominates,2.08418298e+00,1.00000000e+00,2.50000031e+07,3.14604645e+00,-2.90176705e+00,6.04781350e+00,1.00009748e-09
25,6.45768674e-01,2.04631745e-08,94,20,1,61,normal_corr_dominates,3.40699902e+00,1.00000000e+00,2.49999872e+07,-1.27880845e+01,-2.90176705e+00,-9.88631749e+00,1.00011201e-09
25,6.45768674e-01,2.04631745e-08,94,20,2,62,normal_corr_dominates,4.98032039e+00,1.00000000e+00,2.49999826e+07,-1.73534967e+01,-2.90176705e+00,-1.44517296e+01,1.00011688e-09
25,6.45768674e-01,2.04631745e-08,94,21,2,65,normal_corr_dominates,2.90185743e+00,1.00000000e+00,2.50000143e+07,1.43430706e+01,-7.54161190e+00,2.18846825e+01,1.00009450e-09
25,6.45768674e-01,2.04631745e-08,94,22,2,68,normal_corr_dominates,2.30897448e+00,1.00000000e+00,2.49999803e+07,-1.97323591e+01,-5.96328535e+00,-1.37690737e+01,1.00011321e-09
25,6.45768674e-01,2.04631745e-08,94,23,0,69,normal_corr_dominates,3.23326279e+00,1.00000000e+00,2.49999847e+07,-1.52911688e+01,-3.61214732e+00,-1.16790215e+01,1.00012758e-09
25,6.45768674e-01,2.04631745e-08,94,23,1,70,normal_corr_dominates,1.17910484e+00,1.00000000e+00,2.50000006e+07,6.46953081e-01,-3.61214732e+00,4.25910040e+00,1.00013446e-09
25,6.45768674e-01,2.04631745e-08,94,23,2,71,normal_corr_dominates,3.46053027e+00,1.00000000e+00,2.50000089e+07,8.88779782e+00,-3.61214732e+00,1.24999451e+01,1.00011289e-09
25,6.45768674e-01,2.04631745e-08,94,25,0,75,normal_corr_dominates,1.67959352e+01,1.00000000e+00,2.50000192e+07,1.91606583e+01,-1.21301196e+00,2.03736703e+01,1.00014690e-09
25,6.45768674e-01,2.04631745e-08,94,25,1,76,normal_corr_dominates,1.97019428e+01,1.00000000e+00,2.49999749e+07,-2.51117042e+01,-1.21301196e+00,-2.38986923e+01,1.00012173e-09
25,6.45768674e-01,2.04631745e-08,94,25,1,76,corr_ratio_high,6.12042941e-01,5.00000000e-01,2.49999749e+07,-2.51117042e+01,-1.21301196e+00,-2.38986923e+01,1.00012173e-09
25,6.45768674e-01,2.04631745e-08,94,25,2,77,normal_corr_dominates,1.64155108e+01,1.00000000e+00,2.49999789e+07,-2.11252229e+01,-1.21301196e+00,-1.99122109e+01,1.00015117e-09
25,6.45768674e-01,2.04631745e-08,94,26,0,78,normal_corr_dominates,1.11127456e+00,1.00000000e+00,2.50000004e+07,3.90779742e-01,-3.51185169e+00,3.90263143e+00,1.00015533e-09
25,6.45768674e-01,2.04631745e-08,94,26,1,79,normal_corr_dominates,2.26911330e+00,1.00000000e+00,2.50000045e+07,4.45693769e+00,-3.51185169e+00,7.96878938e+00,1.00010395e-09
25,6.45768674e-01,2.04631745e-08,94,26,2,80,normal_corr_dominates,6.20126355e+00,1.00000000e+00,2.49999747e+07,-2.52897695e+01,-3.51185169e+00,-2.17779179e+01,1.00014372e-09
25,6.45768674e-01,2.04631745e-08,94,28,0,84,normal_corr_dominates,5.49862791e+00,1.00000000e+00,2.49999520e+07,-4.79963694e+01,-7.38561587e+00,-4.06107535e+01,1.00018244e-09
25,6.45768674e-01,2.04631745e-08,94,28,2,86,normal_corr_dominates,1.43736826e+00,1.00000000e+00,2.50000032e+07,3.23023395e+00,-7.38561587e+00,1.06158498e+01,1.00011204e-09
25,6.45768674e-01,2.04631745e-08,94,29,0,87,normal_corr_dominates,5.37933889e+00,1.00000000e+00,2.50000114e+07,1.14330318e+01,-2.61067529e+00,1.40437071e+01,1.00016439e-09
25,6.45768674e-01,2.04631745e-08,94,29,1,88,corr_ratio_high,7.45040266e-01,5.00000000e-01,2.49999992e+07,-8.13228709e-01,-2.61067529e+00,1.79744658e+00,1.00008183e-09
25,6.45768674e-01,2.04631745e-08,94,29,2,89,normal_corr_dominates,4.66736387e+00,1.00000000e+00,2.49999852e+07,-1.47956468e+01,-2.61067529e+00,-1.21849715e+01,1.00011743e-09
25,6.45768674e-01,2.04631745e-08,94,30,1,91,normal_corr_dominates,1.66984759e+00,1.00000000e+00,2.49999841e+07,-1.59354038e+01,-5.96865675e+00,-9.96674709e+00,1.00012651e-09
25,6.45768674e-01,2.04631745e-08,94,32,0,96,normal_corr_dominates,1.45088547e+02,1.00000000e+00,2.49999692e+07,-3.08329783e+01,-2.11056780e-01,-3.06219215e+01,1.00015078e-09
25,6.45768674e-01,2.04631745e-08,94,32,1,97,normal_corr_dominates,7.10058055e+01,1.00000000e+00,2.50000148e+07,1.47751999e+01,-2.11056780e-01,1.49862566e+01,1.00013756e-09
25,6.45768674e-01,2.04631745e-08,94,32,2,98,normal_corr_dominates,1.67830182e+01,1.00000000e+00,2.49999962e+07,-3.75322655e+00,-2.11056780e-01,-3.54216977e+00,1.00008633e-09
25,6.45768674e-01,2.04631745e-08,94,32,2,98,corr_ratio_high,7.99403327e-01,5.00000000e-01,2.49999962e+07,-3.75322655e+00,-2.11056780e-01,-3.54216977e+00,1.00008633e-09
25,6.45768674e-01,2.04631745e-08,94,31,1,94,normal_corr_dominates,2.12443651e+00,1.00000000e+00,2.50000052e+07,5.21481838e+00,-4.63771704e+00,9.85253542e+00,1.00014895e-09
25,6.45768674e-01,2.04631745e-08,94,31,2,95,normal_corr_dominates,3.43404177e+00,1.00000000e+00,2.49999794e+07,-2.05638311e+01,-4.63771704e+00,-1.59261140e+01,1.00014382e-09
25,6.45768674e-01,2.04631745e-08,94,12,0,36,normal_corr_dominates,1.47027229e+00,1.00000000e+00,2.50000059e+07,5.91058668e+00,-1.25684350e+01,1.84790217e+01,1.00019746e-09
25,6.45768674e-01,2.04631745e-08,94,12,2,38,normal_corr_dominates,2.34793401e+00,1.00000000e+00,2.50000169e+07,1.69414210e+01,-1.25684350e+01,2.95098560e+01,1.00005352e-09
25,6.45768674e-01,2.04631745e-08,94,12,2,38,corr_ratio_high,1.51950495e+00,5.00000000e-01,2.50000169e+07,1.69414210e+01,-1.25684350e+01,2.95098560e+01,1.00005352e-09
26,6.70721878e-01,2.12538938e-08,94,0,0,0,normal_corr_dominates,8.57337653e+00,1.00000000e+00,2.49999740e+07,-2.60491511e+01,-2.72099933e+00,-2.33281518e+01,1.00010945e-09
26,6.70721878e-01,2.12538938e-08,94,0,1,1,normal_corr_dominates,7.36613057e+00,1.00000000e+00,2.50000173e+07,1.73222370e+01,-2.72099933e+00,2.00432364e+01,1.00007449e-09
26,6.70721878e-01,2.12538938e-08,94,0,2,2,normal_corr_dominates,3.62435980e+00,1.00000000e+00,2.50000071e+07,7.14088125e+00,-2.72099933e+00,9.86188058e+00,1.00017103e-09
26,6.70721878e-01,2.12538938e-08,94,1,0,3,normal_corr_dominates,2.28224303e+00,1.00000000e+00,2.50000067e+07,6.66513162e+00,-5.19802524e+00,1.18631569e+01,1.00014607e-09
26,6.70721878e-01,2.12538938e-08,94,1,1,4,normal_corr_dominates,5.47929194e+00,1.00000000e+00,2.50000233e+07,2.32834726e+01,-5.19802524e+00,2.84814978e+01,1.00010313e-09
26,6.70721878e-01,2.12538938e-08,94,1,2,5,normal_corr_dominates,4.11238926e+00,1.00000000e+00,2.49999734e+07,-2.65743284e+01,-5.19802524e+00,-2.13763032e+01,1.00015727e-09
26,6.70721878e-01,2.12538938e-08,94,2,0,6,normal_corr_dominates,1.23903924e+01,1.00000000e+00,2.50000299e+07,2.98736663e+01,-2.62270739e+00,3.24963737e+01,1.00006620e-09
26,6.70721878e-01,2.12538938e-08,94,2,0,6,corr_ratio_high,6.03131125e-01,5.00000000e-01,2.50000299e+07,2.98736663e+01,-2.62270739e+00,3.24963737e+01,1.00006620e-09
26,6.70721878e-01,2.12538938e-08,94,2,1,7,normal_corr_dominates,2.87853856e+00,1.00000000e+00,2.49999898e+07,-1.01722717e+01,-2.62270739e+00,-7.54956434e+00,1.00018268e-09
26,6.70721878e-01,2.12538938e-08,94,2,2,8,normal_corr_dominates,3.21660509e+00,1.00000000e+00,2.49999889e+07,-1.10589213e+01,-2.62270739e+00,-8.43621395e+00,1.00013368e-09
26,6.70721878e-01,2.12538938e-08,94,3,0,9,normal_corr_dominates,5.63484829e+00,1.00000000e+00,2.49999739e+07,-2.61437279e+01,-3.94036558e+00,-2.22033623e+01,1.00011475e-09
26,6.70721878e-01,2.12538938e-08,94,3,1,10,normal_corr_dominates,3.31616532e+00,1.00000000e+00,2.50000091e+07,9.12653811e+00,-3.94036558e+00,1.30669037e+01,1.00015737e-09
26,6.70721878e-01,2.12538938e-08,94,3,2,11,normal_corr_dominates,5.97167525e+00,1.00000000e+00,2.50000196e+07,1.95902180e+01,-3.94036558e+00,2.35305836e+01,1.00011717e-09
26,6.70721878e-01,2.12538938e-08,94,4,0,12,normal_corr_dominates,5.03430835e+00,1.00000000e+00,2.50000081e+07,8.12452151e+00,-2.01385735e+00,1.01383789e+01,1.00010258e-09
26,6.70721878e-01,2.12538938e-08,94,4,1,13,normal_corr_dominates,7.28573874e+00,1.00000000e+00,2.49999833e+07,-1.66862959e+01,-2.01385735e+00,-1.46724385e+01,1.00011090e-09
26,6.70721878e-01,2.12538938e-08,94,4,2,14,normal_corr_dominates,7.38095737e+00,1.00000000e+00,2.50000129e+07,1.28503379e+01,-2.01385735e+00,1.48641952e+01,1.00010471e-09
26,6.70721878e-01,2.12538938e-08,94,5,0,15,normal_corr_dominates,1.48133824e+00,1.00000000e+00,2.50000041e+07,4.08013635e+00,-8.47665117e+00,1.25567875e+01,1.00010825e-09
26,6.70721878e-01,2.12538938e-08,94,5,1,16,normal_corr_dominates,2.21904835e+00,1.00000000e+00,2.49999727e+07,-2.72867500e+01,-8.47665117e+00,-1.88100988e+01,1.00007194e-09
26,6.70721878e-01,2.12538938e-08,94,5,1,16,corr_ratio_high,9.10138458e-01,5.00000000e-01,2.49999727e+07,-2.72867500e+01,-8.47665117e+00,-1.88100988e+01,1.00007194e-09
26,6.70721878e-01,2.12538938e-08,94,5,2,17,normal_corr_dominates,2.31528934e+00,1.00000000e+00,2.50000111e+07,1.11492490e+01,-8.47665117e+00,1.96259001e+01,1.00011800e-09
26,6.70721878e-01,2.12538938e-08,94,8,0,24,normal_corr_dominates,3.49894927e+00,1.00000000e+00,2.50000086e+07,8.57627793e+00,-3.43195359e+00,1.20082315e+01,1.00013675e-09
26,6.70721878e-01,2.12538938e-08,94,8,1,25,normal_corr_dominates,1.65450729e+00,1.00000000e+00,2.50000022e+07,2.24623865e+00,-3.43195359e+00,5.67819224e+00,1.00011772e-09
26,6.70721878e-01,2.12538938e-08,94,8,2,26,normal_corr_dominates,4.77391014e+00,1.00000000e+00,2.49999802e+07,-1.98157916e+01,-3.43195359e+00,-1.63838381e+01,1.00015553e-09
26,6.70721878e-01,2.12538938e-08,94,9,0,27,normal_corr_dominates,2.80825873e+00,1.00000000e+00,2.49999790e+07,-2.10270577e+01,-5.52143622e+00,-1.55056214e+01,1.00014019e-09
26,6.70721878e-01,2.12538938e-08,94,9,1,28,normal_corr_dominates,4.27638604e+00,1.00000000e+00,2.50000181e+07,1.80903565e+01,-5.52143622e+00,2.36117928e+01,1.00010748e-09
26,6.70721878e-01,2.12538938e-08,94,9,2,29,normal_corr_dominates,3.48001572e+00,1.00000000e+00,2.49999753e+07,-2.47361210e+01,-5.52143622e+00,-1.92146848e+01,1.00016339e-09
26,6.70721878e-01,2.12538938e-08,94,10,0,30,normal_corr_dominates,1.18383487e+00,1.00000000e+00,2.49999872e+07,-1.28208530e+01,-5.87079782e+00,-6.95005517e+00,1.00008192e-09
26,6.70721878e-01,2.12538938e-08,94,10,0,30,corr_ratio_high,7.51050530e-01,5.00000000e-01,2.49999872e+07,-1.28208530e+01,-5.87079782e+00,-6.95005517e+00,1.00008192e-09
26,6.70721878e-01,2.12538938e-08,94,10,2,32,normal_corr_dominates,3.53972849e+00,1.00000000e+00,2.50000149e+07,1.49102325e+01,-5.87079782e+00,2.07810303e+01,1.00012550e-09
26,6.70721878e-01,2.12538938e-08,94,13,2,41,normal_corr_dominates,1.33638229e+00,1.00000000e+00,2.50000024e+07,2.44692124e+00,-7.27422734e+00,9.72114858e+00,1.00012030e-09
26,6.70721878e-01,2.12538938e-08,94,14,0,42,normal_corr_dominates,5.07330836e+00,1.00000000e+00,2.50000264e+07,2.63615383e+01,-6.47177576e+00,3.28333141e+01,1.00022435e-09
26,6.70721878e-01,2.12538938e-08,94,14,1,43,normal_corr_dominates,6.88923384e+00,1.00000000e+00,2.49999489e+07,-5.10573523e+01,-6.47177576e+00,-4.45855766e+01,1.00013904e-09
26,6.70721878e-01,2.12538938e-08,94,14,2,44,normal_corr_dominates,2.42818665e+00,1.00000000e+00,2.50000092e+07,9.24290375e+00,-6.47177576e+00,1.57146795e+01,1.00008831e-09
26,6.70721878e-01,2.12538938e-08,94,14,2,44,corr_ratio_high,6.60437693e-01,5.00000000e-01,2.50000092e+07,9.24290375e+00,-6.47177576e+00,1.57146795e+01,1.00008831e-09
26,6.70721878e-01,2.12538938e-08,94,15,0,45,normal_corr_dominates,6.97677564e+00,1.00000000e+00,2.50000283e+07,2.82661371e+01,-4.72932879e+00,3.29954659e+01,1.00008180e-09
26,6.70721878e-01,2.12538938e-08,94,15,1,46,normal_corr_dominates,1.26577168e+00,1.00000000e+00,2.50000013e+07,1.25692164e+00,-4.72932879e+00,5.98625042e+00,1.00011305e-09
26,6.70721878e-01,2.12538938e-08,94,15,2,47,normal_corr_dominates,3.60162128e+00,1.00000000e+00,2.49999782e+07,-2.17625800e+01,-4.72932879e+00,-1.70332512e+01,1.00013509e-09
26,6.70721878e-01,2.12538938e-08,94,17,0,51,normal_corr_dominates,5.81573805e+00,1.00000000e+00,2.49999771e+07,-2.28986729e+01,-3.35967619e+00,-1.95389967e+01,1.00010215e-09
26,6.70721878e-01,2.12538938e-08,94,17,0,51,corr_ratio_high,5.03422867e-01,5.00000000e-01,2.49999771e+07,-2.28986729e+01,-3.35967619e+00,-1.95389967e+01,1.00010215e-09
26,6.70721878e-01,2.12538938e-08,94,17,1,52,normal_corr_dominates,5.65011978e+00,1.00000000e+00,2.49999777e+07,-2.23422491e+01,-3.35967619e+00,-1.89825729e+01,1.00011572e-09
26,6.70721878e-01,2.12538938e-08,94,17,2,53,normal_corr_dominates,8.26928763e+00,1.00000000e+00,2.50000244e+07,2.44224526e+01,-3.35967619e+00,2.77821288e+01,1.00012602e-09
26,6.70721878e-01,2.12538938e-08,94,18,0,54,normal_corr_dominates,2.24571622e+00,1.00000000e+00,2.50000037e+07,3.66565756e+00,-2.94261044e+00,6.60826801e+00,1.00010290e-09
26,6.70721878e-01,2.12538938e-08,94,18,1,55,normal_corr_dominates,2.97782763e+00,1.00000000e+00,2.50000058e+07,5.81997625e+00,-2.94261044e+00,8.76258669e+00,1.00010720e-09
26,6.70721878e-01,2.12538938e-08,94,18,2,56,normal_corr_dominates,4.16385659e+00,1.00000000e+00,2.49999848e+07,-1.51952183e+01,-2.94261044e+00,-1.22526079e+01,1.00011540e-09
26,6.70721878e-01,2.12538938e-08,94,19,0,57,normal_corr_dominates,5.85387719e+00,1.00000000e+00,2.49999681e+07,-3.19486328e+01,-4.66139558e+00,-2.72872372e+01,1.00003309e-09
26,6.70721878e-01,2.12538938e-08,94,19,0,57,corr_ratio_high,2.31074910e+00,5.00000000e-01,2.49999681e+07,-3.19486328e+01,-4.66139558e+00,-2.72872372e+01,1.00003309e-09
26,6.70721878e-01,2.12538938e-08,94,19,1,58,normal_corr_dominates,4.59718864e+00,1.00000000e+00,2.50000168e+07,1.67679192e+01,-4.66139558e+00,2.14293148e+01,1.00011617e-09
26,6.70721878e-01,2.12538938e-08,94,20,0,60,normal_corr_dominates,2.08589818e+00,1.00000000e+00,2.50000033e+07,3.26281456e+00,-3.00471500e+00,6.26752955e+00,1.00010101e-09
26,6.70721878e-01,2.12538938e-08,94,20,1,61,normal_corr_dominates,3.41001416e+00,1.00000000e+00,2.49999867e+07,-1.32508357e+01,-3.00471500e+00,-1.02461207e+01,1.00011606e-09
26,6.70721878e-01,2.12538938e-08,94,20,2,62,normal_corr_dominates,4.98434243e+00,1.00000000e+00,2.49999820e+07,-1.79812435e+01,-3.00471500e+00,-1.49765285e+01,1.00012111e-09
26,6.70721878e-01,2.12538938e-08,94,21,2,65,normal_corr_dominates,2.90304252e+00,1.00000000e+00,2.50000149e+07,1.48650466e+01,-7.81120046e+00,2.26762471e+01,1.00009792e-09
26,6.70721878e-01,2.12538938e-08,94,22,2,68,normal_corr_dominates,2.30936102e+00,1.00000000e+00,2.49999796e+07,-2.04416616e+01,-6.17692099e+00,-1.42647406e+01,1.00011731e-09
26,6.70721878e-01,2.12538938e-08,94,23,0,69,normal_corr_dominates,3.23471303e+00,1.00000000e+00,2.49999842e+07,-1.58370062e+01,-3.73980622e+00,-1.20971999e+01,1.00013218e-09
26,6.70721878e-01,2.12538938e-08,94,23,1,70,normal_corr_dominates,1.18087797e+00,1.00000000e+00,2.50000007e+07,6.76448551e-01,-3.73980622e+00,4.41625477e+00,1.00013931e-09
26,6.70721878e-01,2.12538938e-08,94,23,2,71,normal_corr_dominates,3.46418164e+00,1.00000000e+00,2.50000092e+07,9.21556184e+00,-3.73980622e+00,1.29553681e+01,1.00011698e-09
26,6.70721878e-01,2.12538938e-08,94,25,0,75,normal_corr_dominates,1.68441625e+01,1.00000000e+00,2.50000199e+07,1.98550518e+01,-1.25314619e+00,2.11081979e+01,1.00015221e-09
26,6.70721878e-01,2.12538938e-08,94,25,1,76,normal_corr_dominates,1.97589461e+01,1.00000000e+00,2.49999740e+07,-2.60139941e+01,-1.25314619e+00,-2.47608479e+01,1.00012612e-09
26,6.70721878e-01,2.12538938e-08,94,25,1,76,corr_ratio_high,6.12132682e-01,5.00000000e-01,2.49999740e+07,-2.60139941e+01,-1.25314619e+00,-2.47608479e+01,1.00012612e-09
26,6.70721878e-01,2.12538938e-08,94,25,2,77,normal_corr_dominates,1.64690501e+01,1.00000000e+00,2.49999781e+07,-2.18912735e+01,-1.25314619e+00,-2.06381273e+01,1.00015664e-09
26,6.70721878e-01,2.12538938e-08,94,26,0,78,normal_corr_dominates,1.11343242e+00,1.00000000e+00,2.50000004e+07,4.12373334e-01,-3.63540981e+00,4.04778315e+00,1.00016093e-09
26,6.70721878e-01,2.12538938e-08,94,26,1,79,normal_corr_dominates,2.27141670e+00,1.00000000e+00,2.50000046e+07,4.62212075e+00,-3.63540981e+00,8.25753056e+00,1.00010773e-09
26,6.70721878e-01,2.12538938e-08,94,26,2,80,normal_corr_dominates,6.20913467e+00,1.00000000e+00,2.49999738e+07,-2.62081589e+01,-3.63540981e+00,-2.25727491e+01,1.00014891e-09
26,6.70721878e-01,2.12538938e-08,94,28,0,84,normal_corr_dominates,5.49972160e+00,1.00000000e+00,2.49999503e+07,-4.97316207e+01,-7.65134628e+00,-4.20802744e+01,1.00018905e-09
26,6.70721878e-01,2.12538938e-08,94,28,2,86,normal_corr_dominates,1.43755087e+00,1.00000000e+00,2.50000033e+07,3.34785321e+00,-7.65134628e+00,1.09991995e+01,1.00011608e-09
26,6.70721878e-01,2.12538938e-08,94,29,0,87,normal_corr_dominates,5.38168408e+00,1.00000000e+00,2.50000118e+07,1.18477298e+01,-2.70392150e+00,1.45516513e+01,1.00017034e-09
26,6.70721878e-01,2.12538938e-08,94,29,1,88,corr_ratio_high,7.44971731e-01,5.00000000e-01,2.49999992e+07,-8.40538838e-01,-2.70392150e+00,1.86338266e+00,1.00008480e-09
26,6.70721878e-01,2.12538938e-08,94,29,2,89,normal_corr_dominates,4.66891689e+00,1.00000000e+00,2.49999847e+07,-1.53283063e+01,-2.70392150e+00,-1.26243848e+01,1.00012167e-09
26,6.70721878e-01,2.12538938e-08,94,30,1,91,normal_corr_dominates,1.67036973e+00,1.00000000e+00,2.49999835e+07,-1.65073868e+01,-6.18168585e+00,-1.03257010e+01,1.00013108e-09
26,6.70721878e-01,2.12538938e-08,94,32,0,96,normal_corr_dominates,1.45611869e+02,1.00000000e+00,2.49999681e+07,-3.19472655e+01,-2.17903678e-01,-3.17293618e+01,1.00015624e-09
26,6.70721878e-01,2.12538938e-08,94,32,1,97,normal_corr_dominates,7.12570710e+01,1.00000000e+00,2.50000153e+07,1.53092742e+01,-2.17903678e-01,1.55271778e+01,1.00014254e-09
26,6.70721878e-01,2.12538938e-08,94,32,2,98,normal_corr_dominates,1.68243103e+01,1.00000000e+00,2.49999961e+07,-3.88398276e+00,-2.17903678e-01,-3.66607908e+00,1.00008944e-09
26,6.70721878e-01,2.12538938e-08,94,32,2,98,corr_ratio_high,7.99512416e-01,5.00000000e-01,2.49999961e+07,-3.88398276e+00,-2.17903678e-01,-3.66607908e+00,1.00008944e-09
26,6.70721878e-01,2.12538938e-08,94,31,1,94,normal_corr_dominates,2.12609860e+00,1.00000000e+00,2.50000054e+07,5.40608491e+00,-4.80072074e+00,1.02068057e+01,1.00015434e-09
26,6.70721878e-01,2.12538938e-08,94,31,2,95,normal_corr_dominates,3.43847877e+00,1.00000000e+00,2.49999787e+07,-2.13078971e+01,-4.80072074e+00,-1.65071763e+01,1.00014902e-09
26,6.70721878e-01,2.12538938e-08,94,12,0,36,normal_corr_dominates,1.47081762e+00,1.00000000e+00,2.50000061e+07,6.12949812e+00,-1.30188376e+01,1.91483357e+01,1.00020458e-09
26,6.70721878e-01,2.12538938e-08,94,12,2,38,normal_corr_dominates,2.34893091e+00,1.00000000e+00,2.50000176e+07,1.75615125e+01,-1.30188376e+01,3.05803501e+01,1.00005547e-09
26,6.70721878e-01,2.12538938e-08,94,12,2,38,corr_ratio_high,1.51887209e+00,5.00000000e-01,2.50000176e+07,1.75615125e+01,-1.30188376e+01,3.05803501e+01,1.00005547e-09
27,6.93628176e-01,2.19797506e-08,94,0,0,0,normal_corr_dominates,8.57919499e+00,1.00000000e+00,2.49999731e+07,-2.68840182e+01,-2.80650078e+00,-2.40775174e+01,1.00011295e-09
27,6.93628176e-01,2.19797506e-08,94,0,1,1,normal_corr_dominates,7.36888110e+00,1.00000000e+00,2.50000179e+07,1.78742698e+01,-2.80650078e+00,2.06807705e+01,1.00007689e-09
27,6.93628176e-01,2.19797506e-08,94,0,2,2,normal_corr_dominates,3.62914880e+00,1.00000000e+00,2.50000074e+07,7.37870815e+00,-2.80650078e+00,1.01852089e+01,1.00017647e-09
27,6.93628176e-01,2.19797506e-08,94,1,0,3,normal_corr_dominates,2.28349952e+00,1.00000000e+00,2.50000069e+07,6.88222633e+00,-5.36207941e+00,1.22443057e+01,1.00015073e-09
27,6.93628176e-01,2.19797506e-08,94,1,1,4,normal_corr_dominates,5.48253725e+00,1.00000000e+00,2.50000240e+07,2.40357207e+01,-5.36207941e+00,2.93978001e+01,1.00010641e-09
27,6.93628176e-01,2.19797506e-08,94,1,2,5,normal_corr_dominates,4.11481935e+00,1.00000000e+00,2.49999726e+07,-2.74260675e+01,-5.36207941e+00,-2.20639881e+01,1.00016229e-09
27,6.93628176e-01,2.19797506e-08,94,2,0,6,normal_corr_dominates,1.23974711e+01,1.00000000e+00,2.50000308e+07,3.08278316e+01,-2.70479576e+00,3.35326274e+01,1.00006833e-09
27,6.93628176e-01,2.19797506e-08,94,2,0,6,corr_ratio_high,6.02942777e-01,5.00000000e-01,2.50000308e+07,3.08278316e+01,-2.70479576e+00,3.35326274e+01,1.00006833e-09
27,6.93628176e-01,2.19797506e-08,94,2,1,7,normal_corr_dominates,2.87808725e+00,1.00000000e+00,2.49999895e+07,-1.04894339e+01,-2.70479576e+00,-7.78463818e+00,1.00018849e-09
27,6.93628176e-01,2.19797506e-08,94,2,2,8,normal_corr_dominates,3.21832553e+00,1.00000000e+00,2.49999886e+07,-1.14097090e+01,-2.70479576e+00,-8.70491324e+00,1.00013796e-09
27,6.93628176e-01,2.19797506e-08,94,3,0,9,normal_corr_dominates,5.63782337e+00,1.00000000e+00,2.49999730e+07,-2.69814416e+01,-4.06480260e+00,-2.29166391e+01,1.00011843e-09
27,6.93628176e-01,2.19797506e-08,94,3,1,10,normal_corr_dominates,3.31870855e+00,1.00000000e+00,2.50000094e+07,9.42509255e+00,-4.06480260e+00,1.34898951e+01,1.00016238e-09
27,6.93628176e-01,2.19797506e-08,94,3,2,11,normal_corr_dominates,5.97479388e+00,1.00000000e+00,2.50000202e+07,2.02215551e+01,-4.06480260e+00,2.42863577e+01,1.00012090e-09
27,6.93628176e-01,2.19797506e-08,94,4,0,12,normal_corr_dominates,5.03883367e+00,1.00000000e+00,2.50000084e+07,8.38609745e+00,-2.07636613e+00,1.04624636e+01,1.00010586e-09
27,6.93628176e-01,2.19797506e-08,94,4,1,13,normal_corr_dominates,7.29236849e+00,1.00000000e+00,2.49999828e+07,-1.72179931e+01,-2.07636613e+00,-1.51416270e+01,1.00011444e-09
27,6.93628176e-01,2.19797506e-08,94,4,2,14,normal_corr_dominates,7.38628083e+00,1.00000000e+00,2.50000133e+07,1.32602572e+01,-2.07636613e+00,1.53366234e+01,1.00010806e-09
27,6.93628176e-01,2.19797506e-08,94,5,0,15,normal_corr_dominates,1.48176799e+00,1.00000000e+00,2.50000042e+07,4.21385397e+00,-8.74664577e+00,1.29604997e+01,1.00011170e-09
27,6.93628176e-01,2.19797506e-08,94,5,1,16,normal_corr_dominates,2.21949355e+00,1.00000000e+00,2.49999718e+07,-2.81597696e+01,-8.74664577e+00,-1.94131238e+01,1.00007425e-09
27,6.93628176e-01,2.19797506e-08,94,5,1,16,corr_ratio_high,9.09775214e-01,5.00000000e-01,2.49999718e+07,-2.81597696e+01,-8.74664577e+00,-1.94131238e+01,1.00007425e-09
27,6.93628176e-01,2.19797506e-08,94,5,2,17,normal_corr_dominates,2.31542879e+00,1.00000000e+00,2.50000115e+07,1.15055897e+01,-8.74664577e+00,2.02522354e+01,1.00012177e-09
27,6.93628176e-01,2.19797506e-08,94,8,0,24,normal_corr_dominates,3.50247927e+00,1.00000000e+00,2.50000089e+07,8.85541020e+00,-3.53865477e+00,1.23940650e+01,1.00014112e-09
27,6.93628176e-01,2.19797506e-08,94,8,1,25,normal_corr_dominates,1.65535680e+00,1.00000000e+00,2.50000023e+07,2.31908148e+00,-3.53865477e+00,5.85773624e+00,1.00012149e-09
27,6.93628176e-01,2.19797506e-08,94,8,2,26,normal_corr_dominates,4.77864928e+00,1.00000000e+00,2.49999796e+07,-2.04486448e+01,-3.53865477e+00,-1.69099901e+01,1.00016050e-09
27,6.93628176e-01,2.19797506e-08,94,9,0,27,normal_corr_dominates,2.80833049e+00,1.00000000e+00,2.49999783e+07,-2.16906793e+01,-5.69558744e+00,-1.59950919e+01,1.00014465e-09
27,6.93628176e-01,2.19797506e-08,94,9,1,28,normal_corr_dominates,4.27910948e+00,1.00000000e+00,2.50000187e+07,1.86764547e+01,-5.69558744e+00,2.43720422e+01,1.00011091e-09
27,6.93628176e-01,2.19797506e-08,94,9,2,29,normal_corr_dominates,3.48246183e+00,1.00000000e+00,2.49999745e+07,-2.55302533e+01,-5.69558744e+00,-1.98346658e+01,1.00016861e-09
27,6.93628176e-01,2.19797506e-08,94,10,0,30,normal_corr_dominates,1.18583995e+00,1.00000000e+00,2.49999868e+07,-1.32349716e+01,-6.05486767e+00,-7.18010397e+00,1.00008456e-09
27,6.93628176e-01,2.19797506e-08,94,10,0,30,corr_ratio_high,7.50538393e-01,5.00000000e-01,2.49999868e+07,-1.32349716e+01,-6.05486767e+00,-7.18010397e+00,1.00008456e-09
27,6.93628176e-01,2.19797506e-08,94,10,2,32,normal_corr_dominates,3.54230513e+00,1.00000000e+00,2.50000154e+07,1.53933211e+01,-6.05486767e+00,2.14481888e+01,1.00012950e-09
27,6.93628176e-01,2.19797506e-08,94,13,2,41,normal_corr_dominates,1.33644273e+00,1.00000000e+00,2.50000025e+07,2.52488175e+00,-7.50464043e+00,1.00295222e+01,1.00012414e-09
27,6.93628176e-01,2.19797506e-08,94,14,0,42,normal_corr_dominates,5.07556877e+00,1.00000000e+00,2.50000272e+07,2.72061429e+01,-6.67542235e+00,3.38815652e+01,1.00023150e-09
27,6.93628176e-01,2.19797506e-08,94,14,1,43,normal_corr_dominates,6.89267596e+00,1.00000000e+00,2.49999473e+07,-5.26869455e+01,-6.67542235e+00,-4.60115231e+01,1.00014349e-09
27,6.93628176e-01,2.19797506e-08,94,14,2,44,normal_corr_dominates,2.42911547e+00,1.00000000e+00,2.50000095e+07,9.53994932e+00,-6.67542235e+00,1.62153717e+01,1.00009112e-09
27,6.93628176e-01,2.19797506e-08,94,14,2,44,corr_ratio_high,6.60501218e-01,5.00000000e-01,2.50000095e+07,9.53994932e+00,-6.67542235e+00,1.62153717e+01,1.00009112e-09
27,6.93628176e-01,2.19797506e-08,94,15,0,45,normal_corr_dominates,6.97820351e+00,1.00000000e+00,2.50000292e+07,2.91695751e+01,-4.87932120e+00,3.40488963e+01,1.00008441e-09
27,6.93628176e-01,2.19797506e-08,94,15,1,46,normal_corr_dominates,1.26652186e+00,1.00000000e+00,2.50000013e+07,1.30044575e+00,-4.87932120e+00,6.17976695e+00,1.00011667e-09
27,6.93628176e-01,2.19797506e-08,94,15,2,47,normal_corr_dominates,3.60239998e+00,1.00000000e+00,2.49999775e+07,-2.24565878e+01,-4.87932120e+00,-1.75772666e+01,1.00013941e-09
27,6.93628176e-01,2.19797506e-08,94,17,0,51,normal_corr_dominates,5.82185118e+00,1.00000000e+00,2.49999764e+07,-2.36340943e+01,-3.46446935e+00,-2.01696250e+01,1.00010542e-09
27,6.93628176e-01,2.19797506e-08,94,17,0,51,corr_ratio_high,5.03479425e-01,5.00000000e-01,2.49999764e+07,-2.36340943e+01,-3.46446935e+00,-2.01696250e+01,1.00010542e-09
27,6.93628176e-01,2.19797506e-08,94,17,1,52,normal_corr_dominates,5.65507478e+00,1.00000000e+00,2.49999769e+07,-2.30563026e+01,-3.46446935e+00,-1.95918333e+01,1.00011943e-09
27,6.93628176e-01,2.19797506e-08,94,17,2,53,normal_corr_dominates,8.27686704e+00,1.00000000e+00,2.50000252e+07,2.52104828e+01,-3.46446935e+00,2.86749522e+01,1.00013003e-09
27,6.93628176e-01,2.19797506e-08,94,18,0,54,normal_corr_dominates,2.24723019e+00,1.00000000e+00,2.50000038e+07,3.78541374e+00,-3.03505622e+00,6.82046996e+00,1.00010618e-09
27,6.93628176e-01,2.19797506e-08,94,18,1,55,normal_corr_dominates,2.97939041e+00,1.00000000e+00,2.50000060e+07,6.00756118e+00,-3.03505622e+00,9.04261740e+00,1.00011063e-09
27,6.93628176e-01,2.19797506e-08,94,18,2,56,normal_corr_dominates,4.16613695e+00,1.00000000e+00,2.49999843e+07,-1.56795161e+01,-3.03505622e+00,-1.26444599e+01,1.00011908e-09
27,6.93628176e-01,2.19797506e-08,94,19,0,57,normal_corr_dominates,5.85556246e+00,1.00000000e+00,2.49999670e+07,-3.29706754e+01,-4.80933192e+00,-2.81613434e+01,1.00003417e-09
27,6.93628176e-01,2.19797506e-08,94,19,0,57,corr_ratio_high,2.30984394e+00,5.00000000e-01,2.49999670e+07,-3.29706754e+01,-4.80933192e+00,-2.81613434e+01,1.00003417e-09
27,6.93628176e-01,2.19797506e-08,94,19,1,58,normal_corr_dominates,4.59790098e+00,1.00000000e+00,2.50000173e+07,1.73035000e+01,-4.80933192e+00,2.21128319e+01,1.00011988e-09
27,6.93628176e-01,2.19797506e-08,94,20,0,60,normal_corr_dominates,2.08740599e+00,1.00000000e+00,2.50000034e+07,3.36973252e+00,-3.09887250e+00,6.46860501e+00,1.00010424e-09
27,6.93628176e-01,2.19797506e-08,94,20,1,61,normal_corr_dominates,3.41268080e+00,1.00000000e+00,2.49999863e+07,-1.36743352e+01,-3.09887250e+00,-1.05754627e+01,1.00011977e-09
27,6.93628176e-01,2.19797506e-08,94,20,2,62,normal_corr_dominates,4.98789043e+00,1.00000000e+00,2.49999814e+07,-1.85557090e+01,-3.09887250e+00,-1.54568365e+01,1.00012499e-09
27,6.93628176e-01,2.19797506e-08,94,21,2,65,normal_corr_dominates,2.90408714e+00,1.00000000e+00,2.50000153e+07,1.53428172e+01,-8.05783355e+00,2.34006508e+01,1.00010105e-09
27,6.93628176e-01,2.19797506e-08,94,22,2,68,normal_corr_dominates,2.30968808e+00,1.00000000e+00,2.49999789e+07,-2.10906319e+01,-6.37239261e+00,-1.47182393e+01,1.00012106e-09
27,6.93628176e-01,2.19797506e-08,94,23,0,69,normal_corr_dominates,3.23597207e+00,1.00000000e+00,2.49999837e+07,-1.63362879e+01,-3.85656175e+00,-1.24797261e+01,1.00013639e-09
27,6.93628176e-01,2.19797506e-08,94,23,1,70,normal_corr_dominates,1.18244689e+00,1.00000000e+00,2.50000007e+07,7.03617712e-01,-3.85656175e+00,4.56017946e+00,1.00014375e-09
27,6.93628176e-01,2.19797506e-08,94,23,2,71,normal_corr_dominates,3.46740368e+00,1.00000000e+00,2.50000095e+07,9.51569466e+00,-3.85656175e+00,1.33722564e+01,1.00012071e-09
27,6.93628176e-01,2.19797506e-08,94,25,0,75,normal_corr_dominates,1.68870322e+01,1.00000000e+00,2.50000205e+07,2.04905365e+01,-1.28976490e+00,2.17803014e+01,1.00015707e-09
27,6.93628176e-01,2.19797506e-08,94,25,1,76,normal_corr_dominates,1.98096149e+01,1.00000000e+00,2.49999732e+07,-2.68395110e+01,-1.28976490e+00,-2.55497460e+01,1.00013014e-09
27,6.93628176e-01,2.19797506e-08,94,25,1,76,corr_ratio_high,6.12211634e-01,5.00000000e-01,2.49999732e+07,-2.68395110e+01,-1.28976490e+00,-2.55497460e+01,1.00013014e-09
27,6.93628176e-01,2.19797506e-08,94,25,2,77,normal_corr_dominates,1.65166715e+01,1.00000000e+00,2.49999774e+07,-2.25923881e+01,-1.28976490e+00,-2.13026232e+01,1.00016164e-09
27,6.93628176e-01,2.19797506e-08,94,26,0,78,normal_corr_dominates,1.11533888e+00,1.00000000e+00,2.50000004e+07,4.32335638e-01,-3.74839468e+00,4.18073032e+00,1.00016605e-09
27,6.93628176e-01,2.19797506e-08,94,26,1,79,normal_corr_dominates,2.27346327e+00,1.00000000e+00,2.50000048e+07,4.77344293e+00,-3.74839468e+00,8.52183761e+00,1.00011118e-09
27,6.93628176e-01,2.19797506e-08,94,26,2,80,normal_corr_dominates,6.21609421e+00,1.00000000e+00,2.49999730e+07,-2.70487692e+01,-3.74839468e+00,-2.33003745e+01,1.00015367e-09
27,6.93628176e-01,2.19797506e-08,94,28,0,84,normal_corr_dominates,5.50068524e+00,1.00000000e+00,2.49999487e+07,-5.13195666e+01,-7.89448569e+00,-4.34250809e+01,1.00019510e-09
27,6.93628176e-01,2.19797506e-08,94,28,2,86,normal_corr_dominates,1.43771081e+00,1.00000000e+00,2.50000035e+07,3.45550174e+00,-7.89448569e+00,1.13499874e+01,1.00011977e-09
27,6.93628176e-01,2.19797506e-08,94,29,0,87,normal_corr_dominates,5.38373557e+00,1.00000000e+00,2.50000122e+07,1.22272564e+01,-2.78923221e+00,1.50164887e+01,1.00017578e-09
27,6.93628176e-01,2.19797506e-08,94,29,1,88,corr_ratio_high,7.44908990e-01,5.00000000e-01,2.49999991e+07,-8.65503505e-01,-2.78923221e+00,1.92372870e+00,1.00008752e-09
27,6.93628176e-01,2.19797506e-08,94,29,2,89,normal_corr_dominates,4.67025878e+00,1.00000000e+00,2.49999842e+07,-1.58156684e+01,-2.78923221e+00,-1.30264362e+01,1.00012555e-09
27,6.93628176e-01,2.19797506e-08,94,30,1,91,normal_corr_dominates,1.67082506e+00,1.00000000e+00,2.49999830e+07,-1.70306995e+01,-6.37656870e+00,-1.06541308e+01,1.00013526e-09
27,6.93628176e-01,2.19797506e-08,94,32,0,96,normal_corr_dominates,1.46070671e+02,1.00000000e+00,2.49999670e+07,-3.29669450e+01,-2.24157167e-01,-3.27427879e+01,1.00016123e-09
27,6.93628176e-01,2.19797506e-08,94,32,1,97,normal_corr_dominates,7.14772421e+01,1.00000000e+00,2.50000158e+07,1.57979789e+01,-2.24157167e-01,1.60221361e+01,1.00014710e-09
27,6.93628176e-01,2.19797506e-08,94,32,2,98,normal_corr_dominates,1.68600151e+01,1.00000000e+00,2.49999960e+07,-4.00345039e+00,-2.24157167e-01,-3.77929323e+00,1.00009229e-09
27,6.93628176e-01,2.19797506e-08,94,32,2,98,corr_ratio_high,7.99608738e-01,5.00000000e-01,2.49999960e+07,-4.00345039e+00,-2.24157167e-01,-3.77929323e+00,1.00009229e-09
27,6.93628176e-01,2.19797506e-08,94,31,1,94,normal_corr_dominates,2.12757056e+00,1.00000000e+00,2.50000056e+07,5.58118740e+00,-4.94974561e+00,1.05309330e+01,1.00015926e-09
27,6.93628176e-01,2.19797506e-08,94,31,2,95,normal_corr_dominates,3.44241917e+00,1.00000000e+00,2.49999780e+07,-2.19888448e+01,-4.94974561e+00,-1.70390991e+01,1.00015378e-09
27,6.93628176e-01,2.19797506e-08,94,12,0,36,normal_corr_dominates,1.47130060e+00,1.00000000e+00,2.50000063e+07,6.32998696e+00,-1.34308910e+01,1.97608779e+01,1.00021111e-09
27,6.93628176e-01,2.19797506e-08,94,12,2,38,normal_corr_dominates,2.34981828e+00,1.00000000e+00,2.50000181e+07,1.81292622e+01,-1.34308910e+01,3.15601532e+01,1.00005726e-09
27,6.93628176e-01,2.19797506e-08,94,12,2,38,corr_ratio_high,1.51830205e+00,5.00000000e-01,2.50000181e+07,1.81292622e+01,-1.34308910e+01,3.15601532e+01,1.00005726e-09
28,7.16278948e-01,2.26975102e-08,94,0,0,0,normal_corr_dominates,8.58469693e+00,1.00000000e+00,2.49999723e+07,-2.77073101e+01,-2.89078625e+00,-2.48165238e+01,1.00011640e-09
28,7.16278948e-01,2.26975102e-08,94,0,1,1,normal_corr_dominates,7.37145196e+00,1.00000000e+00,2.50000184e+07,1.84185057e+01,-2.89078625e+00,2.13092919e+01,1.00007925e-09
28,7.16278948e-01,2.26975102e-08,94,0,2,2,normal_corr_dominates,3.63370902e+00,1.00000000e+00,2.50000076e+07,7.61348982e+00,-2.89078625e+00,1.05042761e+01,1.00018183e-09
28,7.16278948e-01,2.26975102e-08,94,1,0,3,normal_corr_dominates,2.28468739e+00,1.00000000e+00,2.50000071e+07,7.09635850e+00,-5.52380177e+00,1.26201603e+01,1.00015533e-09
28,7.16278948e-01,2.26975102e-08,94,1,1,4,normal_corr_dominates,5.48562342e+00,1.00000000e+00,2.50000248e+07,2.47776946e+01,-5.52380177e+00,3.03014964e+01,1.00010965e-09
28,7.16278948e-01,2.26975102e-08,94,1,2,5,normal_corr_dominates,4.11712976e+00,1.00000000e+00,2.49999717e+07,-2.82660104e+01,-5.52380177e+00,-2.27422087e+01,1.00016724e-09
28,7.16278948e-01,2.26975102e-08,94,2,0,6,normal_corr_dominates,1.24041708e+01,1.00000000e+00,2.50000318e+07,3.17686222e+01,-2.78570208e+00,3.45543243e+01,1.00007043e-09
28,7.16278948e-01,2.26975102e-08,94,2,0,6,corr_ratio_high,6.02759235e-01,5.00000000e-01,2.50000318e+07,3.17686222e+01,-2.78570208e+00,3.45543243e+01,1.00007043e-09
28,7.16278948e-01,2.26975102e-08,94,2,1,7,normal_corr_dominates,2.87763701e+00,1.00000000e+00,2.49999892e+07,-1.08019415e+01,-2.78570208e+00,-8.01623939e+00,1.00019421e-09
28,7.16278948e-01,2.26975102e-08,94,2,2,8,normal_corr_dominates,3.21994144e+00,1.00000000e+00,2.49999882e+07,-1.17554996e+01,-2.78570208e+00,-8.96979757e+00,1.00014218e-09
28,7.16278948e-01,2.26975102e-08,94,3,0,9,normal_corr_dominates,5.64064601e+00,1.00000000e+00,2.49999722e+07,-2.78075309e+01,-4.18747376e+00,-2.36200571e+01,1.00012205e-09
28,7.16278948e-01,2.26975102e-08,94,3,1,10,normal_corr_dominates,3.32112834e+00,1.00000000e+00,2.50000097e+07,9.71966402e+00,-4.18747376e+00,1.39071378e+01,1.00016733e-09
28,7.16278948e-01,2.26975102e-08,94,3,2,11,normal_corr_dominates,5.97775082e+00,1.00000000e+00,2.50000208e+07,2.08442009e+01,-4.18747376e+00,2.50316747e+01,1.00012458e-09
28,7.16278948e-01,2.26975102e-08,94,4,0,12,normal_corr_dominates,5.04312950e+00,1.00000000e+00,2.50000086e+07,8.64403966e+00,-2.13795765e+00,1.07819973e+01,1.00010910e-09
28,7.16278948e-01,2.26975102e-08,94,4,1,13,normal_corr_dominates,7.29866557e+00,1.00000000e+00,2.49999823e+07,-1.77421955e+01,-2.13795765e+00,-1.56042379e+01,1.00011793e-09
28,7.16278948e-01,2.26975102e-08,94,4,2,14,normal_corr_dominates,7.39132893e+00,1.00000000e+00,2.50000137e+07,1.36643906e+01,-2.13795765e+00,1.58023482e+01,1.00011137e-09
28,7.16278948e-01,2.26975102e-08,94,5,0,15,normal_corr_dominates,1.48217721e+00,1.00000000e+00,2.50000043e+07,4.34579192e+00,-9.01285210e+00,1.33586440e+01,1.00011511e-09
28,7.16278948e-01,2.26975102e-08,94,5,1,16,normal_corr_dominates,2.21991491e+00,1.00000000e+00,2.49999710e+07,-2.90206169e+01,-9.01285210e+00,-2.00077648e+01,1.00007653e-09
28,7.16278948e-01,2.26975102e-08,94,5,1,16,corr_ratio_high,9.09422650e-01,5.00000000e-01,2.49999710e+07,-2.90206169e+01,-9.01285210e+00,-2.00077648e+01,1.00007653e-09
28,7.16278948e-01,2.26975102e-08,94,5,2,17,normal_corr_dominates,2.31555671e+00,1.00000000e+00,2.50000119e+07,1.18569180e+01,-9.01285210e+00,2.08697701e+01,1.00012548e-09
28,7.16278948e-01,2.26975102e-08,94,8,0,24,normal_corr_dominates,3.50584373e+00,1.00000000e+00,2.50000091e+07,9.13075571e+00,-3.64378497e+00,1.27745407e+01,1.00014542e-09
28,7.16278948e-01,2.26975102e-08,94,8,1,25,normal_corr_dominates,1.65616303e+00,1.00000000e+00,2.50000024e+07,2.39091697e+00,-3.64378497e+00,6.03470195e+00,1.00012520e-09
28,7.16278948e-01,2.26975102e-08,94,8,2,26,normal_corr_dominates,4.78317261e+00,1.00000000e+00,2.49999789e+07,-2.10726375e+01,-3.64378497e+00,-1.74288525e+01,1.00016539e-09
28,7.16278948e-01,2.26975102e-08,94,9,0,27,normal_corr_dominates,2.80838024e+00,1.00000000e+00,2.49999777e+07,-2.23447482e+01,-5.86725767e+00,-1.64774905e+01,1.00014905e-09
28,7.16278948e-01,2.26975102e-08,94,9,1,28,normal_corr_dominates,4.28170474e+00,1.00000000e+00,2.50000193e+07,1.92546073e+01,-5.86725767e+00,2.51218650e+01,1.00011429e-09
28,7.16278948e-01,2.26975102e-08,94,9,2,29,normal_corr_dominates,3.48479325e+00,1.00000000e+00,2.49999737e+07,-2.63134376e+01,-5.86725767e+00,-2.04461799e+01,1.00017375e-09
28,7.16278948e-01,2.26975102e-08,94,10,0,30,normal_corr_dominates,1.18776322e+00,1.00000000e+00,2.49999864e+07,-1.36434958e+01,-6.23627628e+00,-7.40721956e+00,1.00008717e-09
28,7.16278948e-01,2.26975102e-08,94,10,0,30,corr_ratio_high,7.50044039e-01,5.00000000e-01,2.49999864e+07,-1.36434958e+01,-6.23627628e+00,-7.40721956e+00,1.00008717e-09
28,7.16278948e-01,2.26975102e-08,94,10,2,32,normal_corr_dominates,3.54476399e+00,1.00000000e+00,2.50000159e+07,1.58698513e+01,-6.23627628e+00,2.21061276e+01,1.00013345e-09
28,7.16278948e-01,2.26975102e-08,94,13,2,41,normal_corr_dominates,1.33649284e+00,1.00000000e+00,2.50000026e+07,2.60169149e+00,-7.73178863e+00,1.03334801e+01,1.00012792e-09
28,7.16278948e-01,2.26975102e-08,94,14,0,42,normal_corr_dominates,5.07771870e+00,1.00000000e+00,2.50000280e+07,2.80389449e+01,-6.87613514e+00,3.49150800e+01,1.00023854e-09
28,7.16278948e-01,2.26975102e-08,94,14,1,43,normal_corr_dominates,6.89595722e+00,1.00000000e+00,2.49999457e+07,-5.42936689e+01,-6.87613514e+00,-4.74175337e+01,1.00014788e-09
28,7.16278948e-01,2.26975102e-08,94,14,2,44,normal_corr_dominates,2.43000059e+00,1.00000000e+00,2.50000098e+07,9.83287733e+00,-6.87613514e+00,1.67090125e+01,1.00009390e-09
28,7.16278948e-01,2.26975102e-08,94,14,2,44,corr_ratio_high,6.60561198e-01,5.00000000e-01,2.50000098e+07,9.83287733e+00,-6.87613514e+00,1.67090125e+01,1.00009390e-09
28,7.16278948e-01,2.26975102e-08,94,15,0,45,normal_corr_dominates,6.97953648e+00,1.00000000e+00,2.50000301e+07,3.00603628e+01,-5.02720619e+00,3.50875690e+01,1.00008699e-09
28,7.16278948e-01,2.26975102e-08,94,15,1,46,normal_corr_dominates,1.26723071e+00,1.00000000e+00,2.50000013e+07,1.34342390e+00,-5.02720619e+00,6.37063009e+00,1.00012024e-09
28,7.16278948e-01,2.26975102e-08,94,15,2,47,normal_corr_dominates,3.60312462e+00,1.00000000e+00,2.49999769e+07,-2.31408566e+01,-5.02720619e+00,-1.81136504e+01,1.00014366e-09
28,7.16278948e-01,2.26975102e-08,94,17,0,51,normal_corr_dominates,5.82770966e+00,1.00000000e+00,2.49999756e+07,-2.43594020e+01,-3.56772669e+00,-2.07916753e+01,1.00010864e-09
28,7.16278948e-01,2.26975102e-08,94,17,0,51,corr_ratio_high,5.03533575e-01,5.00000000e-01,2.49999756e+07,-2.43594020e+01,-3.56772669e+00,-2.07916753e+01,1.00010864e-09
28,7.16278948e-01,2.26975102e-08,94,17,1,52,normal_corr_dominates,5.65980541e+00,1.00000000e+00,2.49999762e+07,-2.37603655e+01,-3.56772669e+00,-2.01926388e+01,1.00012308e-09
28,7.16278948e-01,2.26975102e-08,94,17,2,53,normal_corr_dominates,8.28411470e+00,1.00000000e+00,2.50000260e+07,2.59877304e+01,-3.56772669e+00,2.95554571e+01,1.00013399e-09
28,7.16278948e-01,2.26975102e-08,94,18,0,54,normal_corr_dominates,2.24866448e+00,1.00000000e+00,2.50000039e+07,3.90354126e+00,-3.12617307e+00,7.02971433e+00,1.00010942e-09
28,7.16278948e-01,2.26975102e-08,94,18,1,55,normal_corr_dominates,2.98086997e+00,1.00000000e+00,2.50000062e+07,6.19254236e+00,-3.12617307e+00,9.31871543e+00,1.00011401e-09
28,7.16278948e-01,2.26975102e-08,94,18,2,56,normal_corr_dominates,4.16829698e+00,1.00000000e+00,2.49999838e+07,-1.61569908e+01,-3.12617307e+00,-1.30308178e+01,1.00012272e-09
28,7.16278948e-01,2.26975102e-08,94,19,0,57,normal_corr_dominates,5.85715597e+00,1.00000000e+00,2.49999660e+07,-3.39784531e+01,-4.95518160e+00,-2.90232715e+01,1.00003523e-09
28,7.16278948e-01,2.26975102e-08,94,19,0,57,corr_ratio_high,2.30896977e+00,5.00000000e-01,2.49999660e+07,-3.39784531e+01,-4.95518160e+00,-2.90232715e+01,1.00003523e-09
28,7.16278948e-01,2.26975102e-08,94,19,1,58,normal_corr_dominates,4.59856626e+00,1.00000000e+00,2.50000178e+07,1.78315493e+01,-4.95518160e+00,2.27867309e+01,1.00012353e-09
28,7.16278948e-01,2.26975102e-08,94,20,0,60,normal_corr_dominates,2.08883807e+00,1.00000000e+00,2.50000035e+07,3.47520653e+00,-3.19166515e+00,6.66687168e+00,1.00010742e-09
28,7.16278948e-01,2.26975102e-08,94,20,1,61,normal_corr_dominates,3.41522805e+00,1.00000000e+00,2.49999859e+07,-1.40919295e+01,-3.19166515e+00,-1.09002644e+01,1.00012342e-09
28,7.16278948e-01,2.26975102e-08,94,20,2,62,normal_corr_dominates,4.99127132e+00,1.00000000e+00,2.49999809e+07,-1.91221319e+01,-3.19166515e+00,-1.59304667e+01,1.00012880e-09
28,7.16278948e-01,2.26975102e-08,94,21,2,65,normal_corr_dominates,2.90508189e+00,1.00000000e+00,2.50000158e+07,1.58139876e+01,-8.30094898e+00,2.41149365e+01,1.00010414e-09
28,7.16278948e-01,2.26975102e-08,94,22,2,68,normal_corr_dominates,2.30998724e+00,1.00000000e+00,2.49999783e+07,-2.17304016e+01,-6.56510132e+00,-1.51653003e+01,1.00012476e-09
28,7.16278948e-01,2.26975102e-08,94,23,0,69,normal_corr_dominates,3.23715367e+00,1.00000000e+00,2.49999832e+07,-1.68283759e+01,-3.97162276e+00,-1.28567532e+01,1.00014054e-09
28,7.16278948e-01,2.26975102e-08,94,23,1,70,normal_corr_dominates,1.18394631e+00,1.00000000e+00,2.50000007e+07,7.30565352e-01,-3.97162276e+00,4.70218811e+00,1.00014813e-09
28,7.16278948e-01,2.26975102e-08,94,23,2,71,normal_corr_dominates,3.47047491e+00,1.00000000e+00,2.50000098e+07,9.81179435e+00,-3.97162276e+00,1.37834171e+01,1.00012440e-09
28,7.16278948e-01,2.26975102e-08,94,25,0,75,normal_corr_dominates,1.69281761e+01,1.00000000e+00,2.50000211e+07,2.11171501e+01,-1.32577327e+00,2.24429234e+01,1.00016187e-09
28,7.16278948e-01,2.26975102e-08,94,25,1,76,normal_corr_dominates,1.98582424e+01,1.00000000e+00,2.49999723e+07,-2.76533002e+01,-1.32577327e+00,-2.63275269e+01,1.00013411e-09
28,7.16278948e-01,2.26975102e-08,94,25,1,76,corr_ratio_high,6.12286668e-01,5.00000000e-01,2.49999723e+07,-2.76533002e+01,-1.32577327e+00,-2.63275269e+01,1.00013411e-09
28,7.16278948e-01,2.26975102e-08,94,25,2,77,normal_corr_dominates,1.65624025e+01,1.00000000e+00,2.49999767e+07,-2.32837638e+01,-1.32577327e+00,-2.19579905e+01,1.00016658e-09
28,7.16278948e-01,2.26975102e-08,94,26,0,78,normal_corr_dominates,1.11715825e+00,1.00000000e+00,2.50000005e+07,4.52198221e-01,-3.85972143e+00,4.31191965e+00,1.00017110e-09
28,7.16278948e-01,2.26975102e-08,94,26,1,79,normal_corr_dominates,2.27542674e+00,1.00000000e+00,2.50000049e+07,4.92279194e+00,-3.85972143e+00,8.78251337e+00,1.00011459e-09
28,7.16278948e-01,2.26975102e-08,94,26,2,80,normal_corr_dominates,6.22274074e+00,1.00000000e+00,2.49999721e+07,-2.78777672e+01,-3.85972143e+00,-2.40180458e+01,1.00015835e-09
28,7.16278948e-01,2.26975102e-08,94,28,0,84,normal_corr_dominates,5.50160239e+00,1.00000000e+00,2.49999471e+07,-5.28852616e+01,-8.13418883e+00,-4.47510728e+01,1.00020107e-09
28,7.16278948e-01,2.26975102e-08,94,28,2,86,normal_corr_dominates,1.43786230e+00,1.00000000e+00,2.50000036e+07,3.56165460e+00,-8.13418883e+00,1.16958434e+01,1.00012342e-09
28,7.16278948e-01,2.26975102e-08,94,29,0,87,normal_corr_dominates,5.38567500e+00,1.00000000e+00,2.50000126e+07,1.26014935e+01,-2.87333045e+00,1.54748239e+01,1.00018115e-09
28,7.16278948e-01,2.26975102e-08,94,29,1,88,corr_ratio_high,7.44847136e-01,5.00000000e-01,2.49999991e+07,-8.90096016e-01,-2.87333045e+00,1.98323443e+00,1.00009019e-09
28,7.16278948e-01,2.26975102e-08,94,29,2,89,normal_corr_dominates,4.67151236e+00,1.00000000e+00,2.49999837e+07,-1.62961291e+01,-2.87333045e+00,-1.34227987e+01,1.00012937e-09
28,7.16278948e-01,2.26975102e-08,94,30,1,91,normal_corr_dominates,1.67125426e+00,1.00000000e+00,2.49999825e+07,-1.75465768e+01,-6.56866592e+00,-1.09779109e+01,1.00013939e-09
28,7.16278948e-01,2.26975102e-08,94,32,0,96,normal_corr_dominates,1.46505132e+02,1.00000000e+00,2.49999660e+07,-3.39723220e+01,-2.30312814e-01,-3.37420092e+01,1.00016615e-09
28,7.16278948e-01,2.26975102e-08,94,32,1,97,normal_corr_dominates,7.16856254e+01,1.00000000e+00,2.50000163e+07,1.62798053e+01,-2.30312814e-01,1.65101181e+01,1.00015159e-09
28,7.16278948e-01,2.26975102e-08,94,32,2,98,normal_corr_dominates,1.68933721e+01,1.00000000e+00,2.49999959e+07,-4.12107286e+00,-2.30312814e-01,-3.89076005e+00,1.00009510e-09
28,7.16278948e-01,2.26975102e-08,94,32,2,98,corr_ratio_high,7.99700602e-01,5.00000000e-01,2.49999959e+07,-4.12107286e+00,-2.30312814e-01,-3.89076005e+00,1.00009510e-09
28,7.16278948e-01,2.26975102e-08,94,31,1,94,normal_corr_dominates,2.12897839e+00,1.00000000e+00,2.50000058e+07,5.75390073e+00,-5.09655524e+00,1.08504560e+01,1.00016412e-09
28,7.16278948e-01,2.26975102e-08,94,31,2,95,normal_corr_dominates,3.44619778e+00,1.00000000e+00,2.49999773e+07,-2.26602926e+01,-5.09655524e+00,-1.75637373e+01,1.00015847e-09
28,7.16278948e-01,2.26975102e-08,94,12,0,36,normal_corr_dominates,1.47176257e+00,1.00000000e+00,2.50000065e+07,6.52781071e+00,-1.38370678e+01,2.03648785e+01,1.00021754e-09
28,7.16278948e-01,2.26975102e-08,94,12,2,38,normal_corr_dominates,2.35067108e+00,1.00000000e+00,2.50000187e+07,1.86893273e+01,-1.38370678e+01,3.25263951e+01,1.00005903e-09
28,7.16278948e-01,2.26975102e-08,94,12,2,38,corr_ratio_high,1.51774823e+00,5.00000000e-01,2.50000187e+07,1.86893273e+01,-1.38370678e+01,3.25263951e+01,1.00005903e-09
29,7.40695267e-01,2.34712167e-08,94,0,0,0,normal_corr_dominates,8.59036490e+00,1.00000000e+00,2.49999714e+07,-2.85923245e+01,-2.98135940e+00,-2.56109651e+01,1.00012011e-09
29,7.40695267e-01,2.34712167e-08,94,0,1,1,normal_corr_dominates,7.37406812e+00,1.00000000e+00,2.50000190e+07,1.90033879e+01,-2.98135940e+00,2.19847473e+01,1.00008180e-09
29,7.40695267e-01,2.34712167e-08,94,0,2,2,normal_corr_dominates,3.63844101e+00,1.00000000e+00,2.50000079e+07,7.86614089e+00,-2.98135940e+00,1.08475003e+01,1.00018760e-09
29,7.40695267e-01,2.34712167e-08,94,1,0,3,normal_corr_dominates,2.28591093e+00,1.00000000e+00,2.50000073e+07,7.32659145e+00,-5.69758860e+00,1.30241800e+01,1.00016027e-09
29,7.40695267e-01,2.34712167e-08,94,1,1,4,normal_corr_dominates,5.48882149e+00,1.00000000e+00,2.50000256e+07,2.55754582e+01,-5.69758860e+00,3.12730468e+01,1.00011313e-09
29,7.40695267e-01,2.34712167e-08,94,1,2,5,normal_corr_dominates,4.11952338e+00,1.00000000e+00,2.49999708e+07,-2.91689381e+01,-5.69758860e+00,-2.34713495e+01,1.00017256e-09
29,7.40695267e-01,2.34712167e-08,94,2,0,6,normal_corr_dominates,1.24110782e+01,1.00000000e+00,2.50000328e+07,3.27797868e+01,-2.87262835e+00,3.56524151e+01,1.00007268e-09
29,7.40695267e-01,2.34712167e-08,94,2,0,6,corr_ratio_high,6.02564307e-01,5.00000000e-01,2.50000328e+07,3.27797868e+01,-2.87262835e+00,3.56524151e+01,1.00007268e-09
29,7.40695267e-01,2.34712167e-08,94,2,1,7,normal_corr_dominates,2.87714749e+00,1.00000000e+00,2.49999889e+07,-1.11376038e+01,-2.87262835e+00,-8.26497546e+00,1.00020036e-09
29,7.40695267e-01,2.34712167e-08,94,2,2,8,normal_corr_dominates,3.22159447e+00,1.00000000e+00,2.49999879e+07,-1.21270720e+01,-2.87262835e+00,-9.25444363e+00,1.00014672e-09
29,7.40695267e-01,2.34712167e-08,94,3,0,9,normal_corr_dominates,5.64356394e+00,1.00000000e+00,2.49999713e+07,-2.86955416e+01,-4.31929938e+00,-2.43762423e+01,1.00012594e-09
29,7.40695267e-01,2.34712167e-08,94,3,1,10,normal_corr_dominates,3.32363722e+00,1.00000000e+00,2.50000100e+07,1.00364848e+01,-4.31929938e+00,1.43557842e+01,1.00017265e-09
29,7.40695267e-01,2.34712167e-08,94,3,2,11,normal_corr_dominates,5.98080549e+00,1.00000000e+00,2.50000215e+07,2.15135901e+01,-4.31929938e+00,2.58328894e+01,1.00012853e-09
29,7.40695267e-01,2.34712167e-08,94,4,0,12,normal_corr_dominates,5.04757280e+00,1.00000000e+00,2.50000089e+07,8.92130991e+00,-2.20411352e+00,1.11254234e+01,1.00011257e-09
29,7.40695267e-01,2.34712167e-08,94,4,1,13,normal_corr_dominates,7.30518256e+00,1.00000000e+00,2.49999817e+07,-1.83055651e+01,-2.20411352e+00,-1.61014516e+01,1.00012168e-09
29,7.40695267e-01,2.34712167e-08,94,4,2,14,normal_corr_dominates,7.39654448e+00,1.00000000e+00,2.50000141e+07,1.40987101e+01,-2.20411352e+00,1.63028237e+01,1.00011493e-09
29,7.40695267e-01,2.34712167e-08,94,5,0,15,normal_corr_dominates,1.48260182e+00,1.00000000e+00,2.50000045e+07,4.48769935e+00,-9.29896889e+00,1.37866682e+01,1.00011877e-09
29,7.40695267e-01,2.34712167e-08,94,5,1,16,normal_corr_dominates,2.22034941e+00,1.00000000e+00,2.49999701e+07,-2.99459290e+01,-9.29896889e+00,-2.06469601e+01,1.00007898e-09
29,7.40695267e-01,2.34712167e-08,94,5,1,16,corr_ratio_high,9.09049710e-01,5.00000000e-01,2.49999701e+07,-2.99459290e+01,-9.29896889e+00,-2.06469601e+01,1.00007898e-09
29,7.40695267e-01,2.34712167e-08,94,5,2,17,normal_corr_dominates,2.31568425e+00,1.00000000e+00,2.50000122e+07,1.22345069e+01,-9.29896889e+00,2.15334758e+01,1.00012947e-09
29,7.40695267e-01,2.34712167e-08,94,8,0,24,normal_corr_dominates,3.50933833e+00,1.00000000e+00,2.50000094e+07,9.42683010e+00,-3.75669952e+00,1.31835296e+01,1.00015004e-09
29,7.40695267e-01,2.34712167e-08,94,8,1,25,normal_corr_dominates,1.65699695e+00,1.00000000e+00,2.50000025e+07,2.46814013e+00,-3.75669952e+00,6.22483965e+00,1.00012919e-09
29,7.40695267e-01,2.34712167e-08,94,8,2,26,normal_corr_dominates,4.78787777e+00,1.00000000e+00,2.49999783e+07,-2.17433176e+01,-3.75669952e+00,-1.79866181e+01,1.00017065e-09
29,7.40695267e-01,2.34712167e-08,94,9,0,27,normal_corr_dominates,2.80841217e+00,1.00000000e+00,2.49999770e+07,-2.30474756e+01,-6.05172826e+00,-1.69957473e+01,1.00015378e-09
29,7.40695267e-01,2.34712167e-08,94,9,1,28,normal_corr_dominates,4.28439981e+00,1.00000000e+00,2.50000199e+07,1.98762951e+01,-6.05172826e+00,2.59280234e+01,1.00011793e-09
29,7.40695267e-01,2.34712167e-08,94,9,2,29,normal_corr_dominates,3.48721480e+00,1.00000000e+00,2.49999728e+07,-2.71554047e+01,-6.05172826e+00,-2.11036764e+01,1.00017929e-09
29,7.40695267e-01,2.34712167e-08,94,10,0,30,normal_corr_dominates,1.18977385e+00,1.00000000e+00,2.49999859e+07,-1.40828071e+01,-6.43116963e+00,-7.65163744e+00,1.00008997e-09
29,7.40695267e-01,2.34712167e-08,94,10,0,30,corr_ratio_high,7.49523967e-01,5.00000000e-01,2.49999859e+07,-1.40828071e+01,-6.43116963e+00,-7.65163744e+00,1.00008997e-09
29,7.40695267e-01,2.34712167e-08,94,10,2,32,normal_corr_dominates,3.54732117e+00,1.00000000e+00,2.50000164e+07,1.63822545e+01,-6.43116963e+00,2.28134241e+01,1.00013769e-09
29,7.40695267e-01,2.34712167e-08,94,13,2,41,normal_corr_dominates,1.33653693e+00,1.00000000e+00,2.50000027e+07,2.68418232e+00,-7.97589233e+00,1.06600747e+01,1.00013199e-09
29,7.40695267e-01,2.34712167e-08,94,14,0,42,normal_corr_dominates,5.07994698e+00,1.00000000e+00,2.50000289e+07,2.89340793e+01,-7.09177826e+00,3.60258575e+01,1.00024611e-09
29,7.40695267e-01,2.34712167e-08,94,14,1,43,normal_corr_dominates,6.89936595e+00,1.00000000e+00,2.49999440e+07,-5.60205517e+01,-7.09177826e+00,-4.89287734e+01,1.00015260e-09
29,7.40695267e-01,2.34712167e-08,94,14,2,44,normal_corr_dominates,2.43091989e+00,1.00000000e+00,2.50000101e+07,1.01477666e+01,-7.09177826e+00,1.72395448e+01,1.00009689e-09
29,7.40695267e-01,2.34712167e-08,94,14,2,44,corr_ratio_high,6.60622878e-01,5.00000000e-01,2.50000101e+07,1.01477666e+01,-7.09177826e+00,1.72395448e+01,1.00009689e-09
29,7.40695267e-01,2.34712167e-08,94,15,0,45,normal_corr_dominates,6.98089117e+00,1.00000000e+00,2.50000310e+07,3.10177982e+01,-5.18614992e+00,3.62039482e+01,1.00008976e-09
29,7.40695267e-01,2.34712167e-08,94,15,1,46,normal_corr_dominates,1.26796035e+00,1.00000000e+00,2.50000014e+07,1.38968253e+00,-5.18614992e+00,6.57583244e+00,1.00012407e-09
29,7.40695267e-01,2.34712167e-08,94,15,2,47,normal_corr_dominates,3.60385860e+00,1.00000000e+00,2.49999761e+07,-2.38763009e+01,-5.18614992e+00,-1.86901510e+01,1.00014824e-09
29,7.40695267e-01,2.34712167e-08,94,17,0,51,normal_corr_dominates,5.83382842e+00,1.00000000e+00,2.49999749e+07,-2.51391764e+01,-3.67863734e+00,-2.14605391e+01,1.00011211e-09
29,7.40695267e-01,2.34712167e-08,94,17,0,51,corr_ratio_high,5.03590067e-01,5.00000000e-01,2.49999749e+07,-2.51391764e+01,-3.67863734e+00,-2.14605391e+01,1.00011211e-09
29,7.40695267e-01,2.34712167e-08,94,17,1,52,normal_corr_dominates,5.66472721e+00,1.00000000e+00,2.49999755e+07,-2.45171144e+01,-3.67863734e+00,-2.08384770e+01,1.00012701e-09
29,7.40695267e-01,2.34712167e-08,94,17,2,53,normal_corr_dominates,8.29166737e+00,1.00000000e+00,2.50000268e+07,2.68233998e+01,-3.67863734e+00,3.05020372e+01,1.00013823e-09
29,7.40695267e-01,2.34712167e-08,94,18,0,54,normal_corr_dominates,2.25014491e+00,1.00000000e+00,2.50000040e+07,4.03055640e+00,-3.22407135e+00,7.25462776e+00,1.00011290e-09
29,7.40695267e-01,2.34712167e-08,94,18,1,55,normal_corr_dominates,2.98239610e+00,1.00000000e+00,2.50000064e+07,6.39138646e+00,-3.22407135e+00,9.61545781e+00,1.00011764e-09
29,7.40695267e-01,2.34712167e-08,94,18,2,56,normal_corr_dominates,4.17052615e+00,1.00000000e+00,2.49999833e+07,-1.66701452e+01,-3.22407135e+00,-1.34460739e+01,1.00012663e-09
29,7.40695267e-01,2.34712167e-08,94,19,0,57,normal_corr_dominates,5.85879745e+00,1.00000000e+00,2.49999649e+07,-3.50616819e+01,-5.11192847e+00,-2.99497535e+01,1.00003637e-09
29,7.40695267e-01,2.34712167e-08,94,19,0,57,corr_ratio_high,2.30804972e+00,5.00000000e-01,2.49999649e+07,-3.50616819e+01,-5.11192847e+00,-2.99497535e+01,1.00003637e-09
29,7.40695267e-01,2.34712167e-08,94,19,1,58,normal_corr_dominates,4.59924272e+00,1.00000000e+00,2.50000184e+07,1.83990713e+01,-5.11192847e+00,2.35109998e+01,1.00012746e-09
29,7.40695267e-01,2.34712167e-08,94,20,0,60,normal_corr_dominates,2.09032011e+00,1.00000000e+00,2.50000036e+07,3.58862690e+00,-3.29135166e+00,6.87997856e+00,1.00011084e-09
29,7.40695267e-01,2.34712167e-08,94,20,1,61,normal_corr_dominates,3.41787969e+00,1.00000000e+00,2.49999855e+07,-1.45407957e+01,-3.29135166e+00,-1.12494440e+01,1.00012736e-09
29,7.40695267e-01,2.34712167e-08,94,20,2,62,normal_corr_dominates,4.99478199e+00,1.00000000e+00,2.49999803e+07,-1.97309356e+01,-3.29135166e+00,-1.64395840e+01,1.00013291e-09
29,7.40695267e-01,2.34712167e-08,94,21,2,65,normal_corr_dominates,2.90611414e+00,1.00000000e+00,2.50000163e+07,1.63205062e+01,-8.56218723e+00,2.48826934e+01,1.00010746e-09
29,7.40695267e-01,2.34712167e-08,94,22,2,68,normal_corr_dominates,2.31028463e+00,1.00000000e+00,2.49999776e+07,-2.24179186e+01,-6.77220274e+00,-1.56457159e+01,1.00012873e-09
29,7.40695267e-01,2.34712167e-08,94,23,0,69,normal_corr_dominates,3.23836143e+00,1.00000000e+00,2.49999826e+07,-1.73570661e+01,-4.09523030e+00,-1.32618358e+01,1.00014501e-09
29,7.40695267e-01,2.34712167e-08,94,23,1,70,normal_corr_dominates,1.18550802e+00,1.00000000e+00,2.50000008e+07,7.59698070e-01,-4.09523030e+00,4.85492837e+00,1.00015284e-09
29,7.40695267e-01,2.34712167e-08,94,23,2,71,normal_corr_dominates,3.47366502e+00,1.00000000e+00,2.50000101e+07,1.01302279e+01,-4.09523030e+00,1.42254582e+01,1.00012836e-09
29,7.40695267e-01,2.34712167e-08,94,25,0,75,normal_corr_dominates,1.69712115e+01,1.00000000e+00,2.50000218e+07,2.17906749e+01,-1.36437207e+00,2.31550470e+01,1.00016702e-09
29,7.40695267e-01,2.34712167e-08,94,25,1,76,normal_corr_dominates,1.99091037e+01,1.00000000e+00,2.49999715e+07,-2.85277970e+01,-1.36437207e+00,-2.71634249e+01,1.00013837e-09
29,7.40695267e-01,2.34712167e-08,94,25,1,76,corr_ratio_high,6.12364363e-01,5.00000000e-01,2.49999715e+07,-2.85277970e+01,-1.36437207e+00,-2.71634249e+01,1.00013837e-09
29,7.40695267e-01,2.34712167e-08,94,25,2,77,normal_corr_dominates,1.66102638e+01,1.00000000e+00,2.49999760e+07,-2.40269520e+01,-1.36437207e+00,-2.26625799e+01,1.00017188e-09
29,7.40695267e-01,2.34712167e-08,94,26,0,78,normal_corr_dominates,1.11905041e+00,1.00000000e+00,2.50000005e+07,4.73737019e-01,-3.97929755e+00,4.45303457e+00,1.00017653e-09
29,7.40695267e-01,2.34712167e-08,94,26,1,79,normal_corr_dominates,2.27747989e+00,1.00000000e+00,2.50000051e+07,5.08347258e+00,-3.97929755e+00,9.06277013e+00,1.00011825e-09
29,7.40695267e-01,2.34712167e-08,94,26,2,80,normal_corr_dominates,6.22965836e+00,1.00000000e+00,2.49999712e+07,-2.87689618e+01,-3.97929755e+00,-2.47896642e+01,1.00016339e-09
29,7.40695267e-01,2.34712167e-08,94,28,0,84,normal_corr_dominates,5.50255354e+00,1.00000000e+00,2.49999454e+07,-5.45680849e+01,-8.39179326e+00,-4.61762917e+01,1.00020748e-09
29,7.40695267e-01,2.34712167e-08,94,28,2,86,normal_corr_dominates,1.43801872e+00,1.00000000e+00,2.50000037e+07,3.67576257e+00,-8.39179326e+00,1.20675558e+01,1.00012733e-09
29,7.40695267e-01,2.34712167e-08,94,29,0,87,normal_corr_dominates,5.38767259e+00,1.00000000e+00,2.50000130e+07,1.30037567e+01,-2.96370260e+00,1.59674592e+01,1.00018692e-09
29,7.40695267e-01,2.34712167e-08,94,29,1,88,corr_ratio_high,7.44780695e-01,5.00000000e-01,2.49999991e+07,-9.16506554e-01,-2.96370260e+00,2.04719604e+00,1.00009307e-09
29,7.40695267e-01,2.34712167e-08,94,29,2,89,normal_corr_dominates,4.67278755e+00,1.00000000e+00,2.49999832e+07,-1.68124552e+01,-2.96370260e+00,-1.38487526e+01,1.00013349e-09
29,7.40695267e-01,2.34712167e-08,94,30,1,91,normal_corr_dominates,1.67169503e+00,1.00000000e+00,2.49999819e+07,-1.81009380e+01,-6.77507642e+00,-1.13258616e+01,1.00014382e-09
29,7.40695267e-01,2.34712167e-08,94,32,0,96,normal_corr_dominates,1.46953203e+02,1.00000000e+00,2.49999649e+07,-3.50528947e+01,-2.36918795e-01,-3.48159759e+01,1.00017144e-09
29,7.40695267e-01,2.34712167e-08,94,32,1,97,normal_corr_dominates,7.19004221e+01,1.00000000e+00,2.50000168e+07,1.67976426e+01,-2.36918795e-01,1.70345614e+01,1.00015642e-09
29,7.40695267e-01,2.34712167e-08,94,32,2,98,normal_corr_dominates,1.69272849e+01,1.00000000e+00,2.49999958e+07,-4.24731074e+00,-2.36918795e-01,-4.01039194e+00,1.00009812e-09
29,7.40695267e-01,2.34712167e-08,94,32,2,98,corr_ratio_high,7.99796071e-01,5.00000000e-01,2.49999958e+07,-4.24731074e+00,-2.36918795e-01,-4.01039194e+00,1.00009812e-09
29,7.40695267e-01,2.34712167e-08,94,31,1,94,normal_corr_dominates,2.13044585e+00,1.00000000e+00,2.50000059e+07,5.93960250e+00,-5.25421232e+00,1.11938148e+01,1.00016934e-09
29,7.40695267e-01,2.34712167e-08,94,31,2,95,normal_corr_dominates,3.45014683e+00,1.00000000e+00,2.49999766e+07,-2.33820163e+01,-5.25421232e+00,-1.81278040e+01,1.00016352e-09
29,7.40695267e-01,2.34712167e-08,94,12,0,36,normal_corr_dominates,1.47224416e+00,1.00000000e+00,2.50000067e+07,6.74058689e+00,-1.42735210e+01,2.10141079e+01,1.00022445e-09
29,7.40695267e-01,2.34712167e-08,94,12,2,38,normal_corr_dominates,2.35156435e+00,1.00000000e+00,2.50000193e+07,1.92915822e+01,-1.42735210e+01,3.35651032e+01,1.00006093e-09
29,7.40695267e-01,2.34712167e-08,94,12,2,38,corr_ratio_high,1.51716186e+00,5.00000000e-01,2.50000193e+07,1.92915822e+01,-1.42735210e+01,3.35651032e+01,1.00006093e-09
30,7.66913959e-01,2.43020369e-08,94,0,0,0,normal_corr_dominates,8.59616699e+00,1.00000000e+00,2.49999705e+07,-2.95399180e+01,-3.07830387e+00,-2.64616142e+01,1.00012408e-09
30,7.66913959e-01,2.43020369e-08,94,0,1,1,normal_corr_dominates,7.37671030e+00,1.00000000e+00,2.50000196e+07,1.96294520e+01,-3.07830387e+00,2.27077559e+01,1.00008453e-09
30,7.66913959e-01,2.43020369e-08,94,0,2,2,normal_corr_dominates,3.64332296e+00,1.00000000e+00,2.50000081e+07,8.13695132e+00,-3.07830387e+00,1.12152552e+01,1.00019377e-09
30,7.66913959e-01,2.43020369e-08,94,1,0,3,normal_corr_dominates,2.28716329e+00,1.00000000e+00,2.50000076e+07,7.57315240e+00,-5.88359879e+00,1.34567512e+01,1.00016557e-09
30,7.66913959e-01,2.43020369e-08,94,1,1,4,normal_corr_dominates,5.49211619e+00,1.00000000e+00,2.50000264e+07,2.64298094e+01,-5.88359879e+00,3.23134082e+01,1.00011685e-09
30,7.66913959e-01,2.43020369e-08,94,1,2,5,normal_corr_dominates,4.12198868e+00,1.00000000e+00,2.49999699e+07,-3.01357264e+01,-5.88359879e+00,-2.42521276e+01,1.00017825e-09
30,7.66913959e-01,2.43020369e-08,94,2,0,6,normal_corr_dominates,1.24181544e+01,1.00000000e+00,2.50000339e+07,3.38622732e+01,-2.96565207e+00,3.68279253e+01,1.00007510e-09
30,7.66913959e-01,2.43020369e-08,94,2,0,6,corr_ratio_high,6.02358258e-01,5.00000000e-01,2.50000339e+07,3.38622732e+01,-2.96565207e+00,3.68279253e+01,1.00007510e-09
30,7.66913959e-01,2.43020369e-08,94,2,1,7,normal_corr_dominates,2.87661733e+00,1.00000000e+00,2.49999885e+07,-1.14966982e+01,-2.96565207e+00,-8.53104614e+00,1.00020694e-09
30,7.66913959e-01,2.43020369e-08,94,2,2,8,normal_corr_dominates,3.22327377e+00,1.00000000e+00,2.49999875e+07,-1.25247606e+01,-2.96565207e+00,-9.55910854e+00,1.00015158e-09
30,7.66913959e-01,2.43020369e-08,94,3,0,9,normal_corr_dominates,5.64656216e+00,1.00000000e+00,2.49999704e+07,-2.96463309e+01,-4.46040076e+00,-2.51859301e+01,1.00013011e-09
30,7.66913959e-01,2.43020369e-08,94,3,1,10,normal_corr_dominates,3.32622339e+00,1.00000000e+00,2.50000104e+07,1.03758886e+01,-4.46040076e+00,1.48362893e+01,1.00017834e-09
30,7.66913959e-01,2.43020369e-08,94,3,2,11,normal_corr_dominates,5.98394184e+00,1.00000000e+00,2.50000222e+07,2.22303779e+01,-4.46040076e+00,2.66907787e+01,1.00013277e-09
30,7.66913959e-01,2.43020369e-08,94,4,0,12,normal_corr_dominates,5.05214093e+00,1.00000000e+00,2.50000092e+07,9.21817194e+00,-2.27488928e+00,1.14930612e+01,1.00011630e-09
30,7.66913959e-01,2.43020369e-08,94,4,1,13,normal_corr_dominates,7.31188682e+00,1.00000000e+00,2.49999811e+07,-1.89086222e+01,-2.27488928e+00,-1.66337329e+01,1.00012570e-09
30,7.66913959e-01,2.43020369e-08,94,4,2,14,normal_corr_dominates,7.40190006e+00,1.00000000e+00,2.50000146e+07,1.45636138e+01,-2.27488928e+00,1.68385031e+01,1.00011874e-09
30,7.66913959e-01,2.43020369e-08,94,5,0,15,normal_corr_dominates,1.48303984e+00,1.00000000e+00,2.50000046e+07,4.63972587e+00,-9.60526551e+00,1.42449914e+01,1.00012269e-09
30,7.66913959e-01,2.43020369e-08,94,5,1,16,normal_corr_dominates,2.22079464e+00,1.00000000e+00,2.49999691e+07,-3.09365877e+01,-9.60526551e+00,-2.13313222e+01,1.00008161e-09
30,7.66913959e-01,2.43020369e-08,94,5,1,16,corr_ratio_high,9.08657137e-01,5.00000000e-01,2.49999691e+07,-3.09365877e+01,-9.60526551e+00,-2.13313222e+01,1.00008161e-09
30,7.66913959e-01,2.43020369e-08,94,5,2,17,normal_corr_dominates,2.31581013e+00,1.00000000e+00,2.50000126e+07,1.26387056e+01,-9.60526551e+00,2.22439712e+01,1.00013374e-09
30,7.66913959e-01,2.43020369e-08,94,8,0,24,normal_corr_dominates,3.51294765e+00,1.00000000e+00,2.50000097e+07,9.74393184e+00,-3.87749098e+00,1.36214228e+01,1.00015500e-09
30,7.66913959e-01,2.43020369e-08,94,8,1,25,normal_corr_dominates,1.65785464e+00,1.00000000e+00,2.50000026e+07,2.55082543e+00,-3.87749098e+00,6.42831640e+00,1.00013346e-09
30,7.66913959e-01,2.43020369e-08,94,8,2,26,normal_corr_dominates,4.79274491e+00,1.00000000e+00,2.49999775e+07,-2.24613161e+01,-3.87749098e+00,-1.85838252e+01,1.00017628e-09
30,7.66913959e-01,2.43020369e-08,94,9,0,27,normal_corr_dominates,2.80842353e+00,1.00000000e+00,2.49999762e+07,-2.37994731e+01,-6.24916660e+00,-1.75503065e+01,1.00015884e-09
30,7.66913959e-01,2.43020369e-08,94,9,1,28,normal_corr_dominates,4.28718254e+00,1.00000000e+00,2.50000205e+07,2.05421513e+01,-6.24916660e+00,2.67913179e+01,1.00012182e-09
30,7.66913959e-01,2.43020369e-08,94,9,2,29,normal_corr_dominates,3.48971568e+00,1.00000000e+00,2.49999719e+07,-2.80569813e+01,-6.24916660e+00,-2.18078147e+01,1.00018521e-09
30,7.66913959e-01,2.43020369e-08,94,10,0,30,normal_corr_dominates,1.19186473e+00,1.00000000e+00,2.49999854e+07,-1.45533616e+01,-6.63971703e+00,-7.91364455e+00,1.00009298e-09
30,7.66913959e-01,2.43020369e-08,94,10,0,30,corr_ratio_high,7.48979608e-01,5.00000000e-01,2.49999854e+07,-1.45533616e+01,-6.63971703e+00,-7.91364455e+00,1.00009298e-09
30,7.66913959e-01,2.43020369e-08,94,10,2,32,normal_corr_dominates,3.54996571e+00,1.00000000e+00,2.50000169e+07,1.69310508e+01,-6.63971703e+00,2.35707678e+01,1.00014223e-09
30,7.66913959e-01,2.43020369e-08,94,13,2,41,normal_corr_dominates,1.33657377e+00,1.00000000e+00,2.50000028e+07,2.77241735e+00,-8.23717603e+00,1.10095934e+01,1.00013635e-09
30,7.66913959e-01,2.43020369e-08,94,14,0,42,normal_corr_dominates,5.08224303e+00,1.00000000e+00,2.50000299e+07,2.98923892e+01,-7.32254032e+00,3.72149295e+01,1.00025421e-09
30,7.66913959e-01,2.43020369e-08,94,14,1,43,normal_corr_dominates,6.90288707e+00,1.00000000e+00,2.49999421e+07,-5.78692092e+01,-7.32254032e+00,-5.05466689e+01,1.00015766e-09
30,7.66913959e-01,2.43020369e-08,94,14,2,44,normal_corr_dominates,2.43186937e+00,1.00000000e+00,2.50000105e+07,1.04849212e+01,-7.32254032e+00,1.78074615e+01,1.00010009e-09
30,7.66913959e-01,2.43020369e-08,94,14,2,44,corr_ratio_high,6.60685873e-01,5.00000000e-01,2.50000105e+07,1.04849212e+01,-7.32254032e+00,1.78074615e+01,1.00010009e-09
30,7.66913959e-01,2.43020369e-08,94,15,0,45,normal_corr_dominates,6.98225728e+00,1.00000000e+00,2.50000320e+07,3.20427815e+01,-5.35630281e+00,3.73990843e+01,1.00009272e-09
30,7.66913959e-01,2.43020369e-08,94,15,1,46,normal_corr_dominates,1.26870648e+00,1.00000000e+00,2.50000014e+07,1.43927330e+00,-5.35630281e+00,6.79557611e+00,1.00012817e-09
30,7.66913959e-01,2.43020369e-08,94,15,2,47,normal_corr_dominates,3.60459607e+00,1.00000000e+00,2.49999753e+07,-2.46636109e+01,-5.35630281e+00,-1.93073081e+01,1.00015313e-09
30,7.66913959e-01,2.43020369e-08,94,17,0,51,normal_corr_dominates,5.84018462e+00,1.00000000e+00,2.49999740e+07,-2.59741900e+01,-3.79729371e+00,-2.21768963e+01,1.00011582e-09
30,7.66913959e-01,2.43020369e-08,94,17,0,51,corr_ratio_high,5.03648673e-01,5.00000000e-01,2.49999740e+07,-2.59741900e+01,-3.79729371e+00,-2.21768963e+01,1.00011582e-09
30,7.66913959e-01,2.43020369e-08,94,17,1,52,normal_corr_dominates,5.66981917e+00,1.00000000e+00,2.49999747e+07,-2.53272624e+01,-3.79729371e+00,-2.15299687e+01,1.00013121e-09
30,7.66913959e-01,2.43020369e-08,94,17,2,53,normal_corr_dominates,8.29949444e+00,1.00000000e+00,2.50000277e+07,2.77183243e+01,-3.79729371e+00,3.15156180e+01,1.00014278e-09
30,7.66913959e-01,2.43020369e-08,94,18,0,54,normal_corr_dominates,2.25166354e+00,1.00000000e+00,2.50000042e+07,4.16658500e+00,-3.32883788e+00,7.49542288e+00,1.00011662e-09
30,7.66913959e-01,2.43020369e-08,94,18,1,55,normal_corr_dominates,2.98396044e+00,1.00000000e+00,2.50000066e+07,6.60428267e+00,-3.32883788e+00,9.93312054e+00,1.00012153e-09
30,7.66913959e-01,2.43020369e-08,94,18,2,56,normal_corr_dominates,4.17281242e+00,1.00000000e+00,2.49999828e+07,-1.72194539e+01,-3.32883788e+00,-1.38906161e+01,1.00013081e-09
30,7.66913959e-01,2.43020369e-08,94,19,0,57,normal_corr_dominates,5.86047766e+00,1.00000000e+00,2.49999638e+07,-3.62213904e+01,-5.27971844e+00,-3.09416719e+01,1.00003760e-09
30,7.66913959e-01,2.43020369e-08,94,19,0,57,corr_ratio_high,2.30708630e+00,5.00000000e-01,2.49999638e+07,-3.62213904e+01,-5.27971844e+00,-3.09416719e+01,1.00003760e-09
30,7.66913959e-01,2.43020369e-08,94,19,1,58,normal_corr_dominates,4.59992536e+00,1.00000000e+00,2.50000190e+07,1.90065923e+01,-5.27971844e+00,2.42863107e+01,1.00013167e-09
30,7.66913959e-01,2.43020369e-08,94,20,0,60,normal_corr_dominates,2.09184469e+00,1.00000000e+00,2.50000037e+07,3.71010790e+00,-3.39801798e+00,7.10812588e+00,1.00011451e-09
30,7.66913959e-01,2.43020369e-08,94,20,1,61,normal_corr_dominates,3.42062464e+00,1.00000000e+00,2.49999850e+07,-1.50213620e+01,-3.39801798e+00,-1.16233440e+01,1.00013156e-09
30,7.66913959e-01,2.43020369e-08,94,20,2,62,normal_corr_dominates,4.99840653e+00,1.00000000e+00,2.49999796e+07,-2.03826932e+01,-3.39801798e+00,-1.69846752e+01,1.00013730e-09
30,7.66913959e-01,2.43020369e-08,94,21,2,65,normal_corr_dominates,2.90717916e+00,1.00000000e+00,2.50000169e+07,1.68628664e+01,-8.84178411e+00,2.57046505e+01,1.00011102e-09
30,7.66913959e-01,2.43020369e-08,94,22,2,68,normal_corr_dominates,2.31057711e+00,1.00000000e+00,2.49999768e+07,-2.31538101e+01,-6.99388937e+00,-1.61599207e+01,1.00013299e-09
30,7.66913959e-01,2.43020369e-08,94,23,0,69,normal_corr_dominates,3.23958734e+00,1.00000000e+00,2.49999821e+07,-1.79228185e+01,-4.22749129e+00,-1.36953273e+01,1.00014978e-09
30,7.66913959e-01,2.43020369e-08,94,23,1,70,normal_corr_dominates,1.18712568e+00,1.00000000e+00,2.50000008e+07,7.91072162e-01,-4.22749129e+00,5.01856345e+00,1.00015787e-09
30,7.66913959e-01,2.43020369e-08,94,23,2,71,normal_corr_dominates,3.47695967e+00,1.00000000e+00,2.50000105e+07,1.04713254e+01,-4.22749129e+00,1.46988167e+01,1.00013260e-09
30,7.66913959e-01,2.43020369e-08,94,25,0,75,normal_corr_dominates,1.70159867e+01,1.00000000e+00,2.50000225e+07,2.25117489e+01,-1.40557989e+00,2.39173288e+01,1.00017254e-09
30,7.66913959e-01,2.43020369e-08,94,25,1,76,normal_corr_dominates,1.99620194e+01,1.00000000e+00,2.49999705e+07,-2.94637929e+01,-1.40557989e+00,-2.80582130e+01,1.00014293e-09
30,7.66913959e-01,2.43020369e-08,94,25,1,76,corr_ratio_high,6.12444323e-01,5.00000000e-01,2.49999705e+07,-2.94637929e+01,-1.40557989e+00,-2.80582130e+01,1.00014293e-09
30,7.66913959e-01,2.43020369e-08,94,25,2,77,normal_corr_dominates,1.66600900e+01,1.00000000e+00,2.49999752e+07,-2.48226675e+01,-1.40557989e+00,-2.34170876e+01,1.00017756e-09
30,7.66913959e-01,2.43020369e-08,94,26,0,78,normal_corr_dominates,1.12100725e+00,1.00000000e+00,2.50000005e+07,4.97003727e-01,-4.10722268e+00,4.60422641e+00,1.00018234e-09
30,7.66913959e-01,2.43020369e-08,94,26,1,79,normal_corr_dominates,2.27961554e+00,1.00000000e+00,2.50000053e+07,5.25566599e+00,-4.10722268e+00,9.36288867e+00,1.00012217e-09
30,7.66913959e-01,2.43020369e-08,94,26,2,80,normal_corr_dominates,6.23681822e+00,1.00000000e+00,2.49999703e+07,-2.97232239e+01,-4.10722268e+00,-2.56160012e+01,1.00016879e-09
30,7.66913959e-01,2.43020369e-08,94,28,0,84,normal_corr_dominates,5.50353415e+00,1.00000000e+00,2.49999436e+07,-5.63696181e+01,-8.66753626e+00,-4.77020818e+01,1.00021434e-09
30,7.66913959e-01,2.43020369e-08,94,28,2,86,normal_corr_dominates,1.43817940e+00,1.00000000e+00,2.50000038e+07,3.79793587e+00,-8.66753626e+00,1.24654721e+01,1.00013152e-09
30,7.66913959e-01,2.43020369e-08,94,29,0,87,normal_corr_dominates,5.38971728e+00,1.00000000e+00,2.50000134e+07,1.34344286e+01,-3.06043139e+00,1.64948599e+01,1.00019310e-09
30,7.66913959e-01,2.43020369e-08,94,29,1,88,corr_ratio_high,7.44709643e-01,5.00000000e-01,2.49999991e+07,-9.44758514e-01,-3.06043139e+00,2.11567287e+00,1.00009615e-09
30,7.66913959e-01,2.43020369e-08,94,29,2,89,normal_corr_dominates,4.67407519e+00,1.00000000e+00,2.49999826e+07,-1.73651178e+01,-3.06043139e+00,-1.43046864e+01,1.00013789e-09
30,7.66913959e-01,2.43020369e-08,94,30,1,91,normal_corr_dominates,1.67214477e+00,1.00000000e+00,2.49999813e+07,-1.86942859e+01,-6.99598541e+00,-1.16983004e+01,1.00014857e-09
30,7.66913959e-01,2.43020369e-08,94,32,0,96,normal_corr_dominates,1.47412276e+02,1.00000000e+00,2.49999638e+07,-3.62096756e+01,-2.43980326e-01,-3.59656952e+01,1.00017711e-09
30,7.66913959e-01,2.43020369e-08,94,32,1,97,normal_corr_dominates,7.21203648e+01,1.00000000e+00,2.50000174e+07,1.73519698e+01,-2.43980326e-01,1.75959501e+01,1.00016159e-09
30,7.66913959e-01,2.43020369e-08,94,32,2,98,normal_corr_dominates,1.69614851e+01,1.00000000e+00,2.49999956e+07,-4.38224899e+00,-2.43980326e-01,-4.13826866e+00,1.00010136e-09
30,7.66913959e-01,2.43020369e-08,94,32,2,98,corr_ratio_high,7.99894716e-01,5.00000000e-01,2.49999956e+07,-4.38224899e+00,-2.43980326e-01,-4.13826866e+00,1.00010136e-09
30,7.66913959e-01,2.43020369e-08,94,31,1,94,normal_corr_dominates,2.13196710e+00,1.00000000e+00,2.50000061e+07,6.13847823e+00,-5.42284158e+00,1.15613198e+01,1.00017494e-09
30,7.66913959e-01,2.43020369e-08,94,31,2,95,normal_corr_dominates,3.45425202e+00,1.00000000e+00,2.49999758e+07,-2.41547030e+01,-5.42284158e+00,-1.87318614e+01,1.00016892e-09
30,7.66913959e-01,2.43020369e-08,94,12,0,36,normal_corr_dominates,1.47274344e+00,1.00000000e+00,2.50000070e+07,6.96854189e+00,-1.47406422e+01,2.17091841e+01,1.00023185e-09
30,7.66913959e-01,2.43020369e-08,94,12,2,38,normal_corr_dominates,2.35249516e+00,1.00000000e+00,2.50000199e+07,1.99366472e+01,-1.47406422e+01,3.46772894e+01,1.00006296e-09
30,7.66913959e-01,2.43020369e-08,94,12,2,38,corr_ratio_high,1.51654401e+00,5.00000000e-01,2.50000199e+07,1.99366472e+01,-1.47406422e+01,3.46772894e+01,1.00006296e-09
31,7.92603670e-01,2.51160947e-08,94,0,0,0,normal_corr_dominates,8.60158507e+00,1.00000000e+00,2.49999695e+07,-3.04657075e+01,-3.17298730e+00,-2.72927202e+01,1.00012796e-09
31,7.92603670e-01,2.51160947e-08,94,0,1,1,normal_corr_dominates,7.37914292e+00,1.00000000e+00,2.50000202e+07,2.02409395e+01,-3.17298730e+00,2.34139268e+01,1.00008719e-09
31,7.92603670e-01,2.51160947e-08,94,0,2,2,normal_corr_dominates,3.64791856e+00,1.00000000e+00,2.50000084e+07,8.40181198e+00,-3.17298730e+00,1.15747993e+01,1.00019979e-09
31,7.92603670e-01,2.51160947e-08,94,1,0,3,normal_corr_dominates,2.28833273e+00,1.00000000e+00,2.50000078e+07,7.81408271e+00,-6.06526758e+00,1.38793503e+01,1.00017074e-09
31,7.92603670e-01,2.51160947e-08,94,1,1,4,normal_corr_dominates,5.49521316e+00,1.00000000e+00,2.50000273e+07,2.72646706e+01,-6.06526758e+00,3.33299382e+01,1.00012049e-09
31,7.92603670e-01,2.51160947e-08,94,1,2,5,normal_corr_dominates,4.12430539e+00,1.00000000e+00,2.49999689e+07,-3.10802833e+01,-6.06526758e+00,-2.50150158e+01,1.00018382e-09
31,7.92603670e-01,2.51160947e-08,94,2,0,6,normal_corr_dominates,1.24247666e+01,1.00000000e+00,2.50000349e+07,3.49196791e+01,-3.05648950e+00,3.79761686e+01,1.00007746e-09
31,7.92603670e-01,2.51160947e-08,94,2,0,6,corr_ratio_high,6.02159545e-01,5.00000000e-01,2.50000349e+07,3.49196791e+01,-3.05648950e+00,3.79761686e+01,1.00007746e-09
31,7.92603670e-01,2.51160947e-08,94,2,1,7,normal_corr_dominates,2.87609370e+00,1.00000000e+00,2.49999882e+07,-1.18472397e+01,-3.05648950e+00,-8.79075020e+00,1.00021337e-09
31,7.92603670e-01,2.51160947e-08,94,2,2,8,normal_corr_dominates,3.22482960e+00,1.00000000e+00,2.49999871e+07,-1.29131473e+01,-3.05648950e+00,-9.85665780e+00,1.00015632e-09
31,7.92603670e-01,2.51160947e-08,94,3,0,9,normal_corr_dominates,5.64937280e+00,1.00000000e+00,2.49999694e+07,-3.05752303e+01,-4.59821269e+00,-2.59770177e+01,1.00013418e-09
31,7.92603670e-01,2.51160947e-08,94,3,1,10,normal_corr_dominates,3.32865576e+00,1.00000000e+00,2.50000107e+07,1.07076544e+01,-4.59821269e+00,1.53058671e+01,1.00018390e-09
31,7.92603670e-01,2.51160947e-08,94,3,2,11,normal_corr_dominates,5.98687965e+00,1.00000000e+00,2.50000229e+07,2.29307333e+01,-4.59821269e+00,2.75289460e+01,1.00013690e-09
31,7.92603670e-01,2.51160947e-08,94,4,0,12,normal_corr_dominates,5.05642565e+00,1.00000000e+00,2.50000095e+07,9.50818718e+00,-2.34398163e+00,1.18521688e+01,1.00011993e-09
31,7.92603670e-01,2.51160947e-08,94,4,1,13,normal_corr_dominates,7.31817915e+00,1.00000000e+00,2.49999805e+07,-1.94976591e+01,-2.34398163e+00,-1.71536774e+01,1.00012963e-09
31,7.92603670e-01,2.51160947e-08,94,4,2,14,normal_corr_dominates,7.40691710e+00,1.00000000e+00,2.50000150e+07,1.50176960e+01,-2.34398163e+00,1.73616776e+01,1.00012246e-09
31,7.92603670e-01,2.51160947e-08,94,5,0,15,normal_corr_dominates,1.48345207e+00,1.00000000e+00,2.50000048e+07,4.78833448e+00,-9.90446572e+00,1.46928002e+01,1.00012651e-09
31,7.92603670e-01,2.51160947e-08,94,5,1,16,normal_corr_dominates,2.22121083e+00,1.00000000e+00,2.49999681e+07,-3.19043722e+01,-9.90446572e+00,-2.19999065e+01,1.00008417e-09
31,7.92603670e-01,2.51160947e-08,94,5,1,16,corr_ratio_high,9.08280110e-01,5.00000000e-01,2.49999681e+07,-3.19043722e+01,-9.90446572e+00,-2.19999065e+01,1.00008417e-09
31,7.92603670e-01,2.51160947e-08,94,5,2,17,normal_corr_dominates,2.31592315e+00,1.00000000e+00,2.50000130e+07,1.30335157e+01,-9.90446572e+00,2.29379814e+01,1.00013791e-09
31,7.92603670e-01,2.51160947e-08,94,8,0,24,normal_corr_dominates,3.51634922e+00,1.00000000e+00,2.50000101e+07,1.00538225e+01,-3.99540032e+00,1.40492228e+01,1.00015983e-09
31,7.92603670e-01,2.51160947e-08,94,8,1,25,normal_corr_dominates,1.65865974e+00,1.00000000e+00,2.50000026e+07,2.63160932e+00,-3.99540032e+00,6.62700964e+00,1.00013763e-09
31,7.92603670e-01,2.51160947e-08,94,8,2,26,normal_corr_dominates,4.79733913e+00,1.00000000e+00,2.49999768e+07,-2.31626906e+01,-3.99540032e+00,-1.91672903e+01,1.00018178e-09
31,7.92603670e-01,2.51160947e-08,94,9,0,27,normal_corr_dominates,2.80841369e+00,1.00000000e+00,2.49999755e+07,-2.45337623e+01,-6.44198984e+00,-1.80917724e+01,1.00016378e-09
31,7.92603670e-01,2.51160947e-08,94,9,1,28,normal_corr_dominates,4.28980421e+00,1.00000000e+00,2.50000212e+07,2.11928853e+01,-6.44198984e+00,2.76348751e+01,1.00012563e-09
31,7.92603670e-01,2.51160947e-08,94,9,2,29,normal_corr_dominates,3.49207235e+00,1.00000000e+00,2.49999711e+07,-2.89378844e+01,-6.44198984e+00,-2.24958946e+01,1.00019100e-09
31,7.92603670e-01,2.51160947e-08,94,10,0,30,normal_corr_dominates,1.19384886e+00,1.00000000e+00,2.49999850e+07,-1.50132644e+01,-6.84334491e+00,-8.16991953e+00,1.00009591e-09
31,7.92603670e-01,2.51160947e-08,94,10,0,30,corr_ratio_high,7.48459721e-01,5.00000000e-01,2.49999850e+07,-1.50132644e+01,-6.84334491e+00,-8.16991953e+00,1.00009591e-09
31,7.92603670e-01,2.51160947e-08,94,10,2,32,normal_corr_dominates,3.55246125e+00,1.00000000e+00,2.50000175e+07,1.74673727e+01,-6.84334491e+00,2.43107176e+01,1.00014667e-09
31,7.92603670e-01,2.51160947e-08,94,13,2,41,normal_corr_dominates,1.33660020e+00,1.00000000e+00,2.50000029e+07,2.85853394e+00,-8.49237148e+00,1.13509054e+01,1.00014060e-09
31,7.92603670e-01,2.51160947e-08,94,14,0,42,normal_corr_dominates,5.08440173e+00,1.00000000e+00,2.50000308e+07,3.08285292e+01,-7.54786901e+00,3.83763982e+01,1.00026213e-09
31,7.92603670e-01,2.51160947e-08,94,14,1,43,normal_corr_dominates,6.90620593e+00,1.00000000e+00,2.49999403e+07,-5.96750067e+01,-7.54786901e+00,-5.21271377e+01,1.00016260e-09
31,7.92603670e-01,2.51160947e-08,94,14,2,44,normal_corr_dominates,2.43276428e+00,1.00000000e+00,2.50000108e+07,1.08143171e+01,-7.54786901e+00,1.83621861e+01,1.00010322e-09
31,7.92603670e-01,2.51160947e-08,94,14,2,44,corr_ratio_high,6.60744537e-01,5.00000000e-01,2.50000108e+07,1.08143171e+01,-7.54786901e+00,1.83621861e+01,1.00010322e-09
31,7.92603670e-01,2.51160947e-08,94,15,0,45,normal_corr_dominates,6.98351302e+00,1.00000000e+00,2.50000330e+07,3.30440316e+01,-5.52251352e+00,3.85665451e+01,1.00009562e-09
31,7.92603670e-01,2.51160947e-08,94,15,1,46,normal_corr_dominates,1.26940242e+00,1.00000000e+00,2.50000015e+07,1.48777851e+00,-5.52251352e+00,7.01029203e+00,1.00013218e-09
31,7.92603670e-01,2.51160947e-08,94,15,2,47,normal_corr_dominates,3.60527134e+00,1.00000000e+00,2.49999746e+07,-2.54326732e+01,-5.52251352e+00,-1.99101597e+01,1.00015792e-09
31,7.92603670e-01,2.51160947e-08,94,17,0,51,normal_corr_dominates,5.84620954e+00,1.00000000e+00,2.49999732e+07,-2.67900900e+01,-3.91312737e+00,-2.28769626e+01,1.00011945e-09
31,7.92603670e-01,2.51160947e-08,94,17,0,51,corr_ratio_high,5.03704136e-01,5.00000000e-01,2.49999732e+07,-2.67900900e+01,-3.91312737e+00,-2.28769626e+01,1.00011945e-09
31,7.92603670e-01,2.51160947e-08,94,17,1,52,normal_corr_dominates,5.67462589e+00,1.00000000e+00,2.49999739e+07,-2.61186613e+01,-3.91312737e+00,-2.22055339e+01,1.00013532e-09
31,7.92603670e-01,2.51160947e-08,94,17,2,53,normal_corr_dominates,8.30689575e+00,1.00000000e+00,2.50000286e+07,2.85928138e+01,-3.91312737e+00,3.25059412e+01,1.00014722e-09
31,7.92603670e-01,2.51160947e-08,94,18,0,54,normal_corr_dominates,2.25308469e+00,1.00000000e+00,2.50000043e+07,4.29951211e+00,-3.43114250e+00,7.73065461e+00,1.00012026e-09
31,7.92603670e-01,2.51160947e-08,94,18,1,55,normal_corr_dominates,2.98542327e+00,1.00000000e+00,2.50000068e+07,6.81227016e+00,-3.43114250e+00,1.02434127e+01,1.00012534e-09
31,7.92603670e-01,2.51160947e-08,94,18,2,56,normal_corr_dominates,4.17495155e+00,1.00000000e+00,2.49999822e+07,-1.77559962e+01,-3.43114250e+00,-1.43248537e+01,1.00013489e-09
31,7.92603670e-01,2.51160947e-08,94,19,0,57,normal_corr_dominates,5.86204654e+00,1.00000000e+00,2.49999626e+07,-3.73543017e+01,-5.44360950e+00,-3.19106922e+01,1.00003879e-09
31,7.92603670e-01,2.51160947e-08,94,19,0,57,corr_ratio_high,2.30616586e+00,5.00000000e-01,2.49999626e+07,-3.73543017e+01,-5.44360950e+00,-3.19106922e+01,1.00003879e-09
31,7.92603670e-01,2.51160947e-08,94,19,1,58,normal_corr_dominates,4.60055337e+00,1.00000000e+00,2.50000196e+07,1.96000065e+01,-5.44360950e+00,2.50436160e+01,1.00013578e-09
31,7.92603670e-01,2.51160947e-08,94,20,0,60,normal_corr_dominates,2.09327557e+00,1.00000000e+00,2.50000038e+07,3.82883049e+00,-3.50216414e+00,7.33099462e+00,1.00011808e-09
31,7.92603670e-01,2.51160947e-08,94,20,1,61,normal_corr_dominates,3.42321743e+00,1.00000000e+00,2.49999845e+07,-1.54908334e+01,-3.50216414e+00,-1.19886693e+01,1.00013568e-09
31,7.92603670e-01,2.51160947e-08,94,20,2,62,normal_corr_dominates,5.00182088e+00,1.00000000e+00,2.49999790e+07,-2.10193619e+01,-3.50216414e+00,-1.75171977e+01,1.00014159e-09
31,7.92603670e-01,2.51160947e-08,94,21,2,65,normal_corr_dominates,2.90818177e+00,1.00000000e+00,2.50000174e+07,1.73927709e+01,-9.11483968e+00,2.65076106e+01,1.00011449e-09
31,7.92603670e-01,2.51160947e-08,94,22,2,68,normal_corr_dominates,2.31083876e+00,1.00000000e+00,2.49999761e+07,-2.38725384e+01,-7.21042011e+00,-1.66621183e+01,1.00013714e-09
31,7.92603670e-01,2.51160947e-08,94,23,0,69,normal_corr_dominates,3.24072217e+00,1.00000000e+00,2.49999815e+07,-1.84752439e+01,-4.35662680e+00,-1.41186171e+01,1.00015444e-09
31,7.92603670e-01,2.51160947e-08,94,23,1,70,normal_corr_dominates,1.18865465e+00,1.00000000e+00,2.50000008e+07,8.21897906e-01,-4.35662680e+00,5.17852470e+00,1.00016280e-09
31,7.92603670e-01,2.51160947e-08,94,23,2,71,normal_corr_dominates,3.48006428e+00,1.00000000e+00,2.50000108e+07,1.08047145e+01,-4.35662680e+00,1.51613413e+01,1.00013674e-09
31,7.92603670e-01,2.51160947e-08,94,25,0,75,normal_corr_dominates,1.70584955e+01,1.00000000e+00,2.50000232e+07,2.32161567e+01,-1.44572426e+00,2.46618809e+01,1.00017793e-09
31,7.92603670e-01,2.51160947e-08,94,25,1,76,normal_corr_dominates,2.00122550e+01,1.00000000e+00,2.49999696e+07,-3.03779270e+01,-1.44572426e+00,-2.89322027e+01,1.00014739e-09
31,7.92603670e-01,2.51160947e-08,94,25,1,76,corr_ratio_high,6.12519387e-01,5.00000000e-01,2.49999696e+07,-3.03779270e+01,-1.44572426e+00,-2.89322027e+01,1.00014739e-09
31,7.92603670e-01,2.51160947e-08,94,25,2,77,normal_corr_dominates,1.67074225e+01,1.00000000e+00,2.49999744e+07,-2.56000504e+01,-1.44572426e+00,-2.41543261e+01,1.00018311e-09
31,7.92603670e-01,2.51160947e-08,94,26,0,78,normal_corr_dominates,1.12285383e+00,1.00000000e+00,2.50000005e+07,5.19930069e-01,-4.23210313e+00,4.75203320e+00,1.00018802e-09
31,7.92603670e-01,2.51160947e-08,94,26,1,79,normal_corr_dominates,2.28164279e+00,1.00000000e+00,2.50000054e+07,5.42404446e+00,-4.23210313e+00,9.65614760e+00,1.00012601e-09
31,7.92603670e-01,2.51160947e-08,94,26,2,80,normal_corr_dominates,6.24358027e+00,1.00000000e+00,2.49999693e+07,-3.06555787e+01,-4.23210313e+00,-2.64234756e+01,1.00017405e-09
31,7.92603670e-01,2.51160947e-08,94,28,0,84,normal_corr_dominates,5.50445655e+00,1.00000000e+00,2.49999419e+07,-5.81294248e+01,-8.93686111e+00,-4.91925637e+01,1.00022105e-09
31,7.92603670e-01,2.51160947e-08,94,28,2,86,normal_corr_dominates,1.43833012e+00,1.00000000e+00,2.50000039e+07,3.91729543e+00,-8.93686111e+00,1.28541565e+01,1.00013562e-09
31,7.92603670e-01,2.51160947e-08,94,29,0,87,normal_corr_dominates,5.39162673e+00,1.00000000e+00,2.50000139e+07,1.38551559e+01,-3.15490290e+00,1.70100588e+01,1.00019914e-09
31,7.92603670e-01,2.51160947e-08,94,29,1,88,corr_ratio_high,7.44640343e-01,5.00000000e-01,2.49999990e+07,-9.72337648e-01,-3.15490290e+00,2.18256525e+00,1.00009917e-09
31,7.92603670e-01,2.51160947e-08,94,29,2,89,normal_corr_dominates,4.67526075e+00,1.00000000e+00,2.49999821e+07,-1.79048966e+01,-3.15490290e+00,-1.47499937e+01,1.00014219e-09
31,7.92603670e-01,2.51160947e-08,94,30,1,91,normal_corr_dominates,1.67256343e+00,1.00000000e+00,2.49999807e+07,-1.92737773e+01,-7.21171929e+00,-1.20620580e+01,1.00015320e-09
31,7.92603670e-01,2.51160947e-08,94,32,0,96,normal_corr_dominates,1.47841220e+02,1.00000000e+00,2.49999627e+07,-3.73396461e+01,-2.50868987e-01,-3.70887772e+01,1.00018264e-09
31,7.92603670e-01,2.51160947e-08,94,32,1,97,normal_corr_dominates,7.23257490e+01,1.00000000e+00,2.50000179e+07,1.78934184e+01,-2.50868987e-01,1.81442874e+01,1.00016664e-09
31,7.92603670e-01,2.51160947e-08,94,32,2,98,normal_corr_dominates,1.69929125e+01,1.00000000e+00,2.49999955e+07,-4.51386373e+00,-2.50868987e-01,-4.26299474e+00,1.00010452e-09
31,7.92603670e-01,2.51160947e-08,94,32,2,98,corr_ratio_high,7.99987706e-01,5.00000000e-01,2.49999955e+07,-4.51386373e+00,-2.50868987e-01,-4.26299474e+00,1.00010452e-09
31,7.92603670e-01,2.51160947e-08,94,31,1,94,normal_corr_dominates,2.13340612e+00,1.00000000e+00,2.50000063e+07,6.33281814e+00,-5.58742187e+00,1.19202400e+01,1.00018040e-09
31,7.92603670e-01,2.51160947e-08,94,31,2,95,normal_corr_dominates,3.45814609e+00,1.00000000e+00,2.49999751e+07,-2.49095430e+01,-5.58742187e+00,-1.93221211e+01,1.00017420e-09
31,7.92603670e-01,2.51160947e-08,94,12,0,36,normal_corr_dominates,1.47321579e+00,1.00000000e+00,2.50000072e+07,7.19137920e+00,-1.51968285e+01,2.23882077e+01,1.00023908e-09
31,7.92603670e-01,2.51160947e-08,94,12,2,38,normal_corr_dominates,2.35338026e+00,1.00000000e+00,2.50000206e+07,2.05670877e+01,-1.51968285e+01,3.57639163e+01,1.00006495e-09
31,7.92603670e-01,2.51160947e-08,94,12,2,38,corr_ratio_high,1.51595006e+00,5.00000000e-01,2.50000206e+07,2.05670877e+01,-1.51968285e+01,3.57639163e+01,1.00006495e-09
32,8.15958654e-01,2.58561695e-08,94,0,0,0,normal_corr_dominates,8.60629595e+00,1.00000000e+00,2.49999687e+07,-3.13051153e+01,-3.25881228e+00,-2.80463030e+01,1.00013148e-09
32,8.15958654e-01,2.58561695e-08,94,0,1,1,normal_corr_dominates,7.38122929e+00,1.00000000e+00,2.50000208e+07,2.07952284e+01,-3.25881228e+00,2.40540407e+01,1.00008961e-09
32,8.15958654e-01,2.58561695e-08,94,0,2,2,normal_corr_dominates,3.65194477e+00,1.00000000e+00,2.50000086e+07,8.64219020e+00,-3.25881228e+00,1.19010025e+01,1.00020526e-09
32,8.15958654e-01,2.58561695e-08,94,1,0,3,normal_corr_dominates,2.28934953e+00,1.00000000e+00,2.50000080e+07,8.03256499e+00,-6.22993596e+00,1.42625010e+01,1.00017542e-09
32,8.15958654e-01,2.58561695e-08,94,1,1,4,normal_corr_dominates,5.49792279e+00,1.00000000e+00,2.50000280e+07,2.80217710e+01,-6.22993596e+00,3.42517069e+01,1.00012379e-09
32,8.15958654e-01,2.58561695e-08,94,1,2,5,normal_corr_dominates,4.12633181e+00,1.00000000e+00,2.49999681e+07,-3.19367189e+01,-6.22993596e+00,-2.57067829e+01,1.00018886e-09
32,8.15958654e-01,2.58561695e-08,94,2,0,6,normal_corr_dominates,1.24305187e+01,1.00000000e+00,2.50000359e+07,3.58782785e+01,-3.13881457e+00,3.90170931e+01,1.00007960e-09
32,8.15958654e-01,2.58561695e-08,94,2,0,6,corr_ratio_high,6.01981539e-01,5.00000000e-01,2.50000359e+07,3.58782785e+01,-3.13881457e+00,3.90170931e+01,1.00007960e-09
32,8.15958654e-01,2.58561695e-08,94,2,1,7,normal_corr_dominates,2.87561443e+00,1.00000000e+00,2.49999878e+07,-1.21648350e+01,-3.13881457e+00,-9.02602048e+00,1.00021920e-09
32,8.15958654e-01,2.58561695e-08,94,2,2,8,normal_corr_dominates,3.22617220e+00,1.00000000e+00,2.49999867e+07,-1.32651709e+01,-3.13881457e+00,-1.01263563e+01,1.00016062e-09
32,8.15958654e-01,2.58561695e-08,94,3,0,9,normal_corr_dominates,5.65182558e+00,1.00000000e+00,2.49999686e+07,-3.14174476e+01,-4.72313160e+00,-2.66943160e+01,1.00013788e-09
32,8.15958654e-01,2.58561695e-08,94,3,1,10,normal_corr_dominates,3.33078506e+00,1.00000000e+00,2.50000110e+07,1.10086045e+01,-4.72313160e+00,1.57317361e+01,1.00018894e-09
32,8.15958654e-01,2.58561695e-08,94,3,2,11,normal_corr_dominates,5.98944147e+00,1.00000000e+00,2.50000236e+07,2.35657887e+01,-4.72313160e+00,2.82889203e+01,1.00014065e-09
32,8.15958654e-01,2.58561695e-08,94,4,0,12,normal_corr_dominates,5.06016669e+00,1.00000000e+00,2.50000098e+07,9.77112694e+00,-2.40658270e+00,1.21777096e+01,1.00012323e-09
32,8.15958654e-01,2.58561695e-08,94,4,1,13,normal_corr_dominates,7.32367639e+00,1.00000000e+00,2.49999800e+07,-2.00316156e+01,-2.40658270e+00,-1.76250329e+01,1.00013318e-09
32,8.15958654e-01,2.58561695e-08,94,4,2,14,normal_corr_dominates,7.41129241e+00,1.00000000e+00,2.50000154e+07,1.54293054e+01,-2.40658270e+00,1.78358881e+01,1.00012583e-09
32,8.15958654e-01,2.58561695e-08,94,5,0,15,normal_corr_dominates,1.48381314e+00,1.00000000e+00,2.50000049e+07,4.92314196e+00,-1.01757094e+01,1.50988514e+01,1.00012998e-09
32,8.15958654e-01,2.58561695e-08,94,5,1,16,normal_corr_dominates,2.22157303e+00,1.00000000e+00,2.49999672e+07,-3.27817910e+01,-1.01757094e+01,-2.26060816e+01,1.00008650e-09
32,8.15958654e-01,2.58561695e-08,94,5,1,16,corr_ratio_high,9.07943657e-01,5.00000000e-01,2.49999672e+07,-3.27817910e+01,-1.01757094e+01,-2.26060816e+01,1.00008650e-09
32,8.15958654e-01,2.58561695e-08,94,5,2,17,normal_corr_dominates,2.31601769e+00,1.00000000e+00,2.50000134e+07,1.33914136e+01,-1.01757094e+01,2.35671230e+01,1.00014169e-09
32,8.15958654e-01,2.58561695e-08,94,8,0,24,normal_corr_dominates,3.51933273e+00,1.00000000e+00,2.50000103e+07,1.03348663e+01,-4.10222365e+00,1.44370900e+01,1.00016422e-09
32,8.15958654e-01,2.58561695e-08,94,8,1,25,normal_corr_dominates,1.65936345e+00,1.00000000e+00,2.50000027e+07,2.70485632e+00,-4.10222365e+00,6.80707997e+00,1.00014141e-09
32,8.15958654e-01,2.58561695e-08,94,8,2,26,normal_corr_dominates,4.80137466e+00,1.00000000e+00,2.49999762e+07,-2.37985363e+01,-4.10222365e+00,-1.96963127e+01,1.00018677e-09
32,8.15958654e-01,2.58561695e-08,94,9,0,27,normal_corr_dominates,2.80838832e+00,1.00000000e+00,2.49999748e+07,-2.51992028e+01,-6.61676298e+00,-1.85824399e+01,1.00016827e-09
32,8.15958654e-01,2.58561695e-08,94,9,1,28,normal_corr_dominates,4.29210285e+00,1.00000000e+00,2.50000218e+07,2.17830642e+01,-6.61676298e+00,2.83998272e+01,1.00012908e-09
32,8.15958654e-01,2.58561695e-08,94,9,2,29,normal_corr_dominates,3.49413909e+00,1.00000000e+00,2.49999703e+07,-2.97366531e+01,-6.61676298e+00,-2.31198901e+01,1.00019625e-09
32,8.15958654e-01,2.58561695e-08,94,10,0,30,normal_corr_dominates,1.19560027e+00,1.00000000e+00,2.49999846e+07,-1.54304027e+01,-7.02787430e+00,-8.40252841e+00,1.00009858e-09
32,8.15958654e-01,2.58561695e-08,94,10,0,30,corr_ratio_high,7.47998138e-01,5.00000000e-01,2.49999846e+07,-1.54304027e+01,-7.02787430e+00,-8.40252841e+00,1.00009858e-09
32,8.15958654e-01,2.58561695e-08,94,10,2,32,normal_corr_dominates,3.55465266e+00,1.00000000e+00,2.50000180e+07,1.79537778e+01,-7.02787430e+00,2.49816521e+01,1.00015069e-09
32,8.15958654e-01,2.58561695e-08,94,13,2,41,normal_corr_dominates,1.33661664e+00,1.00000000e+00,2.50000029e+07,2.93654053e+00,-8.72369394e+00,1.16602345e+01,1.00014446e-09
32,8.15958654e-01,2.58561695e-08,94,14,0,42,normal_corr_dominates,5.08629083e+00,1.00000000e+00,2.50000317e+07,3.16772200e+01,-7.75207181e+00,3.94292918e+01,1.00026930e-09
32,8.15958654e-01,2.58561695e-08,94,14,1,43,normal_corr_dominates,6.90911717e+00,1.00000000e+00,2.49999387e+07,-6.13120443e+01,-7.75207181e+00,-5.35599725e+01,1.00016708e-09
32,8.15958654e-01,2.58561695e-08,94,14,2,44,normal_corr_dominates,2.43354935e+00,1.00000000e+00,2.50000111e+07,1.11129775e+01,-7.75207181e+00,1.88650493e+01,1.00010605e-09
32,8.15958654e-01,2.58561695e-08,94,14,2,44,corr_ratio_high,6.60795390e-01,5.00000000e-01,2.50000111e+07,1.11129775e+01,-7.75207181e+00,1.88650493e+01,1.00010605e-09
32,8.15958654e-01,2.58561695e-08,94,15,0,45,normal_corr_dominates,6.98458831e+00,1.00000000e+00,2.50000340e+07,3.39517351e+01,-5.67319477e+00,3.96249298e+01,1.00009825e-09
32,8.15958654e-01,2.58561695e-08,94,15,1,46,normal_corr_dominates,1.27000676e+00,1.00000000e+00,2.50000015e+07,1.53180096e+00,-5.67319477e+00,7.20499572e+00,1.00013582e-09
32,8.15958654e-01,2.58561695e-08,94,15,2,47,normal_corr_dominates,3.60584739e+00,1.00000000e+00,2.49999739e+07,-2.61298693e+01,-5.67319477e+00,-2.04566745e+01,1.00016226e-09
32,8.15958654e-01,2.58561695e-08,94,17,0,51,normal_corr_dominates,5.85152203e+00,1.00000000e+00,2.49999725e+07,-2.75299454e+01,-4.01807734e+00,-2.35118681e+01,1.00012274e-09
32,8.15958654e-01,2.58561695e-08,94,17,0,51,corr_ratio_high,5.03752960e-01,5.00000000e-01,2.49999725e+07,-2.75299454e+01,-4.01807734e+00,-2.35118681e+01,1.00012274e-09
32,8.15958654e-01,2.58561695e-08,94,17,1,52,normal_corr_dominates,5.67884802e+00,1.00000000e+00,2.49999732e+07,-2.68361279e+01,-4.01807734e+00,-2.28180506e+01,1.00013904e-09
32,8.15958654e-01,2.58561695e-08,94,17,2,53,normal_corr_dominates,8.31340729e+00,1.00000000e+00,2.50000294e+07,2.93858361e+01,-4.01807734e+00,3.34039135e+01,1.00015125e-09
32,8.15958654e-01,2.58561695e-08,94,18,0,54,normal_corr_dominates,2.25432282e+00,1.00000000e+00,2.50000044e+07,4.42005784e+00,-3.52385987e+00,7.94391771e+00,1.00012356e-09
32,8.15958654e-01,2.58561695e-08,94,18,1,55,normal_corr_dominates,2.98669683e+00,1.00000000e+00,2.50000070e+07,7.00084121e+00,-3.52385987e+00,1.05247011e+01,1.00012878e-09
32,8.15958654e-01,2.58561695e-08,94,18,2,56,normal_corr_dominates,4.17681490e+00,1.00000000e+00,2.49999818e+07,-1.82423702e+01,-3.52385987e+00,-1.47185104e+01,1.00013860e-09
32,8.15958654e-01,2.58561695e-08,94,19,0,57,normal_corr_dominates,5.86341057e+00,1.00000000e+00,2.49999616e+07,-3.83814120e+01,-5.59217777e+00,-3.27892342e+01,1.00003988e-09
32,8.15958654e-01,2.58561695e-08,94,19,0,57,corr_ratio_high,2.30534840e+00,5.00000000e-01,2.49999616e+07,-3.83814120e+01,-5.59217777e+00,-3.27892342e+01,1.00003988e-09
32,8.15958654e-01,2.58561695e-08,94,19,1,58,normal_corr_dominates,4.60109163e+00,1.00000000e+00,2.50000201e+07,2.01379446e+01,-5.59217777e+00,2.57301223e+01,1.00013950e-09
32,8.15958654e-01,2.58561695e-08,94,20,0,60,normal_corr_dominates,2.09452562e+00,1.00000000e+00,2.50000039e+07,3.93650412e+00,-3.59653905e+00,7.53304317e+00,1.00012133e-09
32,8.15958654e-01,2.58561695e-08,94,20,1,61,normal_corr_dominates,3.42549623e+00,1.00000000e+00,2.49999841e+07,-1.59164700e+01,-3.59653905e+00,-1.23199309e+01,1.00013941e-09
32,8.15958654e-01,2.58561695e-08,94,20,2,62,normal_corr_dominates,5.00481416e+00,1.00000000e+00,2.49999784e+07,-2.15965486e+01,-3.59653905e+00,-1.80000095e+01,1.00014548e-09
32,8.15958654e-01,2.58561695e-08,94,21,2,65,normal_corr_dominates,2.90906023e+00,1.00000000e+00,2.50000179e+07,1.78732512e+01,-9.36232966e+00,2.72355808e+01,1.00011764e-09
32,8.15958654e-01,2.58561695e-08,94,22,2,68,normal_corr_dominates,2.31105679e+00,1.00000000e+00,2.49999755e+07,-2.45240154e+01,-7.40670334e+00,-1.71173121e+01,1.00014091e-09
32,8.15958654e-01,2.58561695e-08,94,23,0,69,normal_corr_dominates,3.24170075e+00,1.00000000e+00,2.49999810e+07,-1.89758696e+01,-4.47364648e+00,-1.45022232e+01,1.00015867e-09
32,8.15958654e-01,2.58561695e-08,94,23,1,70,normal_corr_dominates,1.18999931e+00,1.00000000e+00,2.50000008e+07,8.49989750e-01,-4.47364648e+00,5.32363623e+00,1.00016726e-09
32,8.15958654e-01,2.58561695e-08,94,23,2,71,normal_corr_dominates,3.48278680e+00,1.00000000e+00,2.50000111e+07,1.11071104e+01,-4.47364648e+00,1.55807569e+01,1.00014050e-09
32,8.15958654e-01,2.58561695e-08,94,25,0,75,normal_corr_dominates,1.70960338e+01,1.00000000e+00,2.50000239e+07,2.38547763e+01,-1.48202822e+00,2.53368045e+01,1.00018282e-09
32,8.15958654e-01,2.58561695e-08,94,25,1,76,normal_corr_dominates,2.00566153e+01,1.00000000e+00,2.49999688e+07,-3.12064982e+01,-1.48202822e+00,-2.97244700e+01,1.00015143e-09
32,8.15958654e-01,2.58561695e-08,94,25,1,76,corr_ratio_high,6.12584968e-01,5.00000000e-01,2.49999688e+07,-3.12064982e+01,-1.48202822e+00,-2.97244700e+01,1.00015143e-09
32,8.15958654e-01,2.58561695e-08,94,25,2,77,normal_corr_dominates,1.67492428e+01,1.00000000e+00,2.49999737e+07,-2.63048787e+01,-1.48202822e+00,-2.48228505e+01,1.00018814e-09
32,8.15958654e-01,2.58561695e-08,94,26,0,78,normal_corr_dominates,1.12447534e+00,1.00000000e+00,2.50000005e+07,5.40876309e-01,-4.34524884e+00,4.88612515e+00,1.00019317e-09
32,8.15958654e-01,2.58561695e-08,94,26,1,79,normal_corr_dominates,2.28343285e+00,1.00000000e+00,2.50000056e+07,5.57683510e+00,-4.34524884e+00,9.92208394e+00,1.00012948e-09
32,8.15958654e-01,2.58561695e-08,94,26,2,80,normal_corr_dominates,6.24952287e+00,1.00000000e+00,2.49999685e+07,-3.15009808e+01,-4.34524884e+00,-2.71557320e+01,1.00017883e-09
32,8.15958654e-01,2.58561695e-08,94,28,0,84,normal_corr_dominates,5.50526409e+00,1.00000000e+00,2.49999403e+07,-5.97248041e+01,-9.18099608e+00,-5.05438080e+01,1.00022713e-09
32,8.15958654e-01,2.58561695e-08,94,28,2,86,normal_corr_dominates,1.43846185e+00,1.00000000e+00,2.50000040e+07,4.02551652e+00,-9.18099608e+00,1.32065126e+01,1.00013933e-09
32,8.15958654e-01,2.58561695e-08,94,29,0,87,normal_corr_dominates,5.39328725e+00,1.00000000e+00,2.50000142e+07,1.42365973e+01,-3.24053414e+00,1.74771315e+01,1.00020461e-09
32,8.15958654e-01,2.58561695e-08,94,29,1,88,corr_ratio_high,7.44577629e-01,5.00000000e-01,2.49999990e+07,-9.97326544e-01,-3.24053414e+00,2.24320760e+00,1.00010190e-09
32,8.15958654e-01,2.58561695e-08,94,29,2,89,normal_corr_dominates,4.67627785e+00,1.00000000e+00,2.49999816e+07,-1.83941722e+01,-3.24053414e+00,-1.51536380e+01,1.00014609e-09
32,8.15958654e-01,2.58561695e-08,94,30,1,91,normal_corr_dominates,1.67292642e+00,1.00000000e+00,2.49999802e+07,-1.97990311e+01,-7.40724884e+00,-1.23917823e+01,1.00015741e-09
32,8.15958654e-01,2.58561695e-08,94,32,0,96,normal_corr_dominates,1.48214307e+02,1.00000000e+00,2.49999616e+07,-3.83640234e+01,-2.57106869e-01,-3.81069165e+01,1.00018766e-09
32,8.15958654e-01,2.58561695e-08,94,32,1,97,normal_corr_dominates,7.25042857e+01,1.00000000e+00,2.50000184e+07,1.83842431e+01,-2.57106869e-01,1.86413499e+01,1.00017123e-09
32,8.15958654e-01,2.58561695e-08,94,32,2,98,normal_corr_dominates,1.70198096e+01,1.00000000e+00,2.49999954e+07,-4.63301683e+00,-2.57106869e-01,-4.37590996e+00,1.00010738e-09
32,8.15958654e-01,2.58561695e-08,94,32,2,98,corr_ratio_high,8.00069272e-01,5.00000000e-01,2.49999954e+07,-4.63301683e+00,-2.57106869e-01,-4.37590996e+00,1.00010738e-09
32,8.15958654e-01,2.58561695e-08,94,31,1,94,normal_corr_dominates,2.13467265e+00,1.00000000e+00,2.50000065e+07,6.50905736e+00,-5.73650680e+00,1.22455642e+01,1.00018535e-09
32,8.15958654e-01,2.58561695e-08,94,31,2,95,normal_corr_dominates,3.46158210e+00,1.00000000e+00,2.49999744e+07,-2.55938960e+01,-5.73650680e+00,-1.98573892e+01,1.00017898e-09
32,8.15958654e-01,2.58561695e-08,94,12,0,36,normal_corr_dominates,1.47363156e+00,1.00000000e+00,2.50000074e+07,7.39352894e+00,-1.56102963e+01,2.30038252e+01,1.00024563e-09
32,8.15958654e-01,2.58561695e-08,94,12,2,38,normal_corr_dominates,2.35416302e+00,1.00000000e+00,2.50000211e+07,2.11388860e+01,-1.56102963e+01,3.67491823e+01,1.00006675e-09
32,8.15958654e-01,2.58561695e-08,94,12,2,38,corr_ratio_high,1.51541956e+00,5.00000000e-01,2.50000211e+07,2.11388860e+01,-1.56102963e+01,3.67491823e+01,1.00006675e-09
33,8.37925768e-01,2.65522653e-08,94,0,0,0,normal_corr_dominates,8.61055106e+00,1.00000000e+00,2.49999679e+07,-3.20927390e+01,-3.33932350e+00,-2.87534155e+01,1.00013478e-09
33,8.37925768e-01,2.65522653e-08,94,0,1,1,normal_corr_dominates,7.38308965e+00,1.00000000e+00,2.50000213e+07,2.13152013e+01,-3.33932350e+00,2.46545248e+01,1.00009188e-09
33,8.37925768e-01,2.65522653e-08,94,0,2,2,normal_corr_dominates,3.65560707e+00,1.00000000e+00,2.50000089e+07,8.86793110e+00,-3.33932350e+00,1.22072546e+01,1.00021038e-09
33,8.37925768e-01,2.65522653e-08,94,1,0,3,normal_corr_dominates,2.29026800e+00,1.00000000e+00,2.50000082e+07,8.23759348e+00,-6.38440500e+00,1.46219985e+01,1.00017982e-09
33,8.37925768e-01,2.65522653e-08,94,1,1,4,normal_corr_dominates,5.50038454e+00,1.00000000e+00,2.50000287e+07,2.87322776e+01,-6.38440500e+00,3.51166826e+01,1.00012689e-09
33,8.37925768e-01,2.65522653e-08,94,1,2,5,normal_corr_dominates,4.12817239e+00,1.00000000e+00,2.49999673e+07,-3.27403294e+01,-6.38440500e+00,-2.63559244e+01,1.00019359e-09
33,8.37925768e-01,2.65522653e-08,94,2,0,6,normal_corr_dominates,1.24357162e+01,1.00000000e+00,2.50000368e+07,3.67776189e+01,-3.21603109e+00,3.99936500e+01,1.00008161e-09
33,8.37925768e-01,2.65522653e-08,94,2,0,6,corr_ratio_high,6.01816346e-01,5.00000000e-01,2.50000368e+07,3.67776189e+01,-3.21603109e+00,3.99936500e+01,1.00008161e-09
33,8.37925768e-01,2.65522653e-08,94,2,1,7,normal_corr_dominates,2.87516110e+00,1.00000000e+00,2.49999875e+07,-1.24626386e+01,-3.21603109e+00,-9.24660748e+00,1.00022466e-09
33,8.37925768e-01,2.65522653e-08,94,2,2,8,normal_corr_dominates,3.22737642e+00,1.00000000e+00,2.49999864e+07,-1.35953740e+01,-3.21603109e+00,-1.03793429e+01,1.00016466e-09
33,8.37925768e-01,2.65522653e-08,94,3,0,9,normal_corr_dominates,5.65404863e+00,1.00000000e+00,2.49999678e+07,-3.22076986e+01,-4.84031608e+00,-2.73673825e+01,1.00014134e-09
33,8.37925768e-01,2.65522653e-08,94,3,1,10,normal_corr_dominates,3.33272050e+00,1.00000000e+00,2.50000113e+07,1.12911046e+01,-4.84031608e+00,1.61314206e+01,1.00019367e-09
33,8.37925768e-01,2.65522653e-08,94,3,2,11,normal_corr_dominates,5.99176170e+00,1.00000000e+00,2.50000242e+07,2.41617044e+01,-4.84031608e+00,2.90020205e+01,1.00014416e-09
33,8.37925768e-01,2.65522653e-08,94,4,0,12,normal_corr_dominates,5.06355887e+00,1.00000000e+00,2.50000100e+07,1.00178312e+01,-2.46528512e+00,1.24831163e+01,1.00012633e-09
33,8.37925768e-01,2.65522653e-08,94,4,1,13,normal_corr_dominates,7.32866377e+00,1.00000000e+00,2.49999795e+07,-2.05325309e+01,-2.46528512e+00,-1.80672457e+01,1.00013652e-09
33,8.37925768e-01,2.65522653e-08,94,4,2,14,normal_corr_dominates,7.41525540e+00,1.00000000e+00,2.50000158e+07,1.58154337e+01,-2.46528512e+00,1.82807188e+01,1.00012900e-09
33,8.37925768e-01,2.65522653e-08,94,5,0,15,normal_corr_dominates,1.48414149e+00,1.00000000e+00,2.50000050e+07,5.04968647e+00,-1.04301874e+01,1.54798739e+01,1.00013324e-09
33,8.37925768e-01,2.65522653e-08,94,5,1,16,normal_corr_dominates,2.22190047e+00,1.00000000e+00,2.49999664e+07,-3.36050257e+01,-1.04301874e+01,-2.31748383e+01,1.00008869e-09
33,8.37925768e-01,2.65522653e-08,94,5,1,16,corr_ratio_high,9.07632491e-01,5.00000000e-01,2.49999664e+07,-3.36050257e+01,-1.04301874e+01,-2.31748383e+01,1.00008869e-09
33,8.37925768e-01,2.65522653e-08,94,5,2,17,normal_corr_dominates,2.31609995e+00,1.00000000e+00,2.50000137e+07,1.37271691e+01,-1.04301874e+01,2.41573565e+01,1.00014524e-09
33,8.37925768e-01,2.65522653e-08,94,8,0,24,normal_corr_dominates,3.52204953e+00,1.00000000e+00,2.50000106e+07,1.05986271e+01,-4.20238658e+00,1.48010137e+01,1.00016834e-09
33,8.37925768e-01,2.65522653e-08,94,8,1,25,normal_corr_dominates,1.66000237e+00,1.00000000e+00,2.50000028e+07,2.77358508e+00,-4.20238658e+00,6.97597166e+00,1.00014496e-09
33,8.37925768e-01,2.65522653e-08,94,8,2,26,normal_corr_dominates,4.80505440e+00,1.00000000e+00,2.49999756e+07,-2.43950827e+01,-4.20238658e+00,-2.01926961e+01,1.00019144e-09
33,8.37925768e-01,2.65522653e-08,94,9,0,27,normal_corr_dominates,2.80835135e+00,1.00000000e+00,2.49999742e+07,-2.58233104e+01,-6.78070588e+00,-1.90426045e+01,1.00017247e-09
33,8.37925768e-01,2.65522653e-08,94,9,1,28,normal_corr_dominates,4.29419521e+00,1.00000000e+00,2.50000223e+07,2.23369688e+01,-6.78070588e+00,2.91176747e+01,1.00013231e-09
33,8.37925768e-01,2.65522653e-08,94,9,2,29,normal_corr_dominates,3.49602074e+00,1.00000000e+00,2.49999695e+07,-3.04861943e+01,-6.78070588e+00,-2.37054884e+01,1.00020117e-09
33,8.37925768e-01,2.65522653e-08,94,10,0,30,normal_corr_dominates,1.19720436e+00,1.00000000e+00,2.49999842e+07,-1.58219321e+01,-7.20093787e+00,-8.62099422e+00,1.00010107e-09
33,8.37925768e-01,2.65522653e-08,94,10,0,30,corr_ratio_high,7.47573189e-01,5.00000000e-01,2.49999842e+07,-1.58219321e+01,-7.20093787e+00,-8.62099422e+00,1.00010107e-09
33,8.37925768e-01,2.65522653e-08,94,10,2,32,normal_corr_dominates,3.55665026e+00,1.00000000e+00,2.50000184e+07,1.84102797e+01,-7.20093787e+00,2.56112176e+01,1.00015446e-09
33,8.37925768e-01,2.65522653e-08,94,13,2,41,normal_corr_dominates,1.33662602e+00,1.00000000e+00,2.50000030e+07,3.00967058e+00,-8.94069505e+00,1.19503656e+01,1.00014808e-09
33,8.37925768e-01,2.65522653e-08,94,14,0,42,normal_corr_dominates,5.08800745e+00,1.00000000e+00,2.50000325e+07,3.24734662e+01,-7.94359271e+00,4.04170589e+01,1.00027603e-09
33,8.37925768e-01,2.65522653e-08,94,14,1,43,normal_corr_dominates,6.91176835e+00,1.00000000e+00,2.49999372e+07,-6.28478654e+01,-7.94359271e+00,-5.49042727e+01,1.00017128e-09
33,8.37925768e-01,2.65522653e-08,94,14,2,44,normal_corr_dominates,2.43426442e+00,1.00000000e+00,2.50000114e+07,1.13932124e+01,-7.94359271e+00,1.93368051e+01,1.00010871e-09
33,8.37925768e-01,2.65522653e-08,94,14,2,44,corr_ratio_high,6.60841178e-01,5.00000000e-01,2.50000114e+07,1.13932124e+01,-7.94359271e+00,1.93368051e+01,1.00010871e-09
33,8.37925768e-01,2.65522653e-08,94,15,0,45,normal_corr_dominates,6.98554563e+00,1.00000000e+00,2.50000348e+07,3.48033364e+01,-5.81456372e+00,4.06179002e+01,1.00010072e-09
33,8.37925768e-01,2.65522653e-08,94,15,1,46,normal_corr_dominates,1.27055195e+00,1.00000000e+00,2.50000016e+07,1.57314153e+00,-5.81456372e+00,7.38770524e+00,1.00013923e-09
33,8.37925768e-01,2.65522653e-08,94,15,2,47,normal_corr_dominates,3.60635840e+00,1.00000000e+00,2.49999732e+07,-2.67839644e+01,-5.81456372e+00,-2.09694007e+01,1.00016632e-09
33,8.37925768e-01,2.65522653e-08,94,17,0,51,normal_corr_dominates,5.85638273e+00,1.00000000e+00,2.49999718e+07,-2.82242298e+01,-4.11648984e+00,-2.41077400e+01,1.00012582e-09
33,8.37925768e-01,2.65522653e-08,94,17,0,51,corr_ratio_high,5.03797556e-01,5.00000000e-01,2.49999718e+07,-2.82242298e+01,-4.11648984e+00,-2.41077400e+01,1.00012582e-09
33,8.37925768e-01,2.65522653e-08,94,17,1,52,normal_corr_dominates,5.68269763e+00,1.00000000e+00,2.49999725e+07,-2.75092569e+01,-4.11648984e+00,-2.33927670e+01,1.00014254e-09
33,8.37925768e-01,2.65522653e-08,94,17,2,53,normal_corr_dominates,8.31935295e+00,1.00000000e+00,2.50000301e+07,3.01300420e+01,-4.11648984e+00,3.42465319e+01,1.00015503e-09
33,8.37925768e-01,2.65522653e-08,94,18,0,54,normal_corr_dominates,2.25544324e+00,1.00000000e+00,2.50000045e+07,4.53318343e+00,-3.61082307e+00,8.14400649e+00,1.00012666e-09
33,8.37925768e-01,2.65522653e-08,94,18,1,55,normal_corr_dominates,2.98784856e+00,1.00000000e+00,2.50000072e+07,7.17776943e+00,-3.61082307e+00,1.07885925e+01,1.00013202e-09
33,8.37925768e-01,2.65522653e-08,94,18,2,56,normal_corr_dominates,4.17850083e+00,1.00000000e+00,2.49999813e+07,-1.86986503e+01,-3.61082307e+00,-1.50878272e+01,1.00014207e-09
33,8.37925768e-01,2.65522653e-08,94,19,0,57,normal_corr_dominates,5.86464256e+00,1.00000000e+00,2.49999607e+07,-3.93450794e+01,-5.73155544e+00,-3.36135240e+01,1.00004090e-09
33,8.37925768e-01,2.65522653e-08,94,19,0,57,corr_ratio_high,2.30459565e+00,5.00000000e-01,2.49999607e+07,-3.93450794e+01,-5.73155544e+00,-3.36135240e+01,1.00004090e-09
33,8.37925768e-01,2.65522653e-08,94,19,1,58,normal_corr_dominates,4.60157132e+00,1.00000000e+00,2.50000206e+07,2.06426057e+01,-5.73155544e+00,2.63741611e+01,1.00014300e-09
33,8.37925768e-01,2.65522653e-08,94,20,0,60,normal_corr_dominates,2.09565971e+00,1.00000000e+00,2.50000040e+07,4.03755775e+00,-3.68504721e+00,7.72260497e+00,1.00012437e-09
33,8.37925768e-01,2.65522653e-08,94,20,1,61,normal_corr_dominates,3.42757511e+00,1.00000000e+00,2.49999837e+07,-1.63158233e+01,-3.68504721e+00,-1.26307761e+01,1.00014290e-09
33,8.37925768e-01,2.65522653e-08,94,20,2,62,normal_corr_dominates,5.00753849e+00,1.00000000e+00,2.49999779e+07,-2.21380630e+01,-3.68504721e+00,-1.84530158e+01,1.00014914e-09
33,8.37925768e-01,2.65522653e-08,94,21,2,65,normal_corr_dominates,2.90985934e+00,1.00000000e+00,2.50000183e+07,1.83241054e+01,-9.59447902e+00,2.79185844e+01,1.00012059e-09
33,8.37925768e-01,2.65522653e-08,94,22,2,68,normal_corr_dominates,2.31124581e+00,1.00000000e+00,2.49999749e+07,-2.51351437e+01,-7.59084198e+00,-1.75443017e+01,1.00014445e-09
33,8.37925768e-01,2.65522653e-08,94,23,0,69,normal_corr_dominates,3.24257789e+00,1.00000000e+00,2.49999806e+07,-1.94453979e+01,-4.58339208e+00,-1.48620058e+01,1.00016264e-09
33,8.37925768e-01,2.65522653e-08,94,23,1,70,normal_corr_dominates,1.19122673e+00,1.00000000e+00,2.50000009e+07,8.76467096e-01,-4.58339208e+00,5.45985918e+00,1.00017144e-09
33,8.37925768e-01,2.65522653e-08,94,23,2,71,normal_corr_dominates,3.48526534e+00,1.00000000e+00,2.50000114e+07,1.13909455e+01,-4.58339208e+00,1.59743376e+01,1.00014402e-09
33,8.37925768e-01,2.65522653e-08,94,25,0,75,normal_corr_dominates,1.71304268e+01,1.00000000e+00,2.50000245e+07,2.44539454e+01,-1.51601354e+00,2.59699590e+01,1.00018741e-09
33,8.37925768e-01,2.65522653e-08,94,25,1,76,normal_corr_dominates,2.00972578e+01,1.00000000e+00,2.49999680e+07,-3.19837285e+01,-1.51601354e+00,-3.04677150e+01,1.00015522e-09
33,8.37925768e-01,2.65522653e-08,94,25,1,76,corr_ratio_high,6.12644458e-01,5.00000000e-01,2.49999680e+07,-3.19837285e+01,-1.51601354e+00,-3.04677150e+01,1.00015522e-09
33,8.37925768e-01,2.65522653e-08,94,25,2,77,normal_corr_dominates,1.67875773e+01,1.00000000e+00,2.49999730e+07,-2.69662081e+01,-1.51601354e+00,-2.54501945e+01,1.00019285e-09
33,8.37925768e-01,2.65522653e-08,94,26,0,78,normal_corr_dominates,1.12595340e+00,1.00000000e+00,2.50000006e+07,5.60662138e-01,-4.45134587e+00,5.01200801e+00,1.00019800e-09
33,8.37925768e-01,2.65522653e-08,94,26,1,79,normal_corr_dominates,2.28507291e+00,1.00000000e+00,2.50000057e+07,5.72030399e+00,-4.45134587e+00,1.01716499e+01,1.00013274e-09
33,8.37925768e-01,2.65522653e-08,94,26,2,80,normal_corr_dominates,6.25494381e+00,1.00000000e+00,2.49999677e+07,-3.22942642e+01,-4.45134587e+00,-2.78429183e+01,1.00018331e-09
33,8.37925768e-01,2.65522653e-08,94,28,0,84,normal_corr_dominates,5.50599814e+00,1.00000000e+00,2.49999388e+07,-6.12215717e+01,-9.41001987e+00,-5.18115519e+01,1.00023283e-09
33,8.37925768e-01,2.65522653e-08,94,28,2,86,normal_corr_dominates,1.43858150e+00,1.00000000e+00,2.50000041e+07,4.12706062e+00,-9.41001987e+00,1.35370805e+01,1.00014281e-09
33,8.37925768e-01,2.65522653e-08,94,29,0,87,normal_corr_dominates,5.39478756e+00,1.00000000e+00,2.50000146e+07,1.45944820e+01,-3.32086177e+00,1.79153438e+01,1.00020974e-09
33,8.37925768e-01,2.65522653e-08,94,29,1,88,corr_ratio_high,7.44518904e-01,5.00000000e-01,2.49999990e+07,-1.02076111e+00,-3.32086177e+00,2.30010067e+00,1.00010446e-09
33,8.37925768e-01,2.65522653e-08,94,29,2,89,normal_corr_dominates,4.67718520e+00,1.00000000e+00,2.49999811e+07,-1.88531473e+01,-3.32086177e+00,-1.55322855e+01,1.00014975e-09
33,8.37925768e-01,2.65522653e-08,94,30,1,91,normal_corr_dominates,1.67325348e+00,1.00000000e+00,2.49999797e+07,-2.02917416e+01,-7.59065377e+00,-1.27010879e+01,1.00016135e-09
33,8.37925768e-01,2.65522653e-08,94,32,0,96,normal_corr_dominates,1.48551351e+02,1.00000000e+00,2.49999607e+07,-3.93250707e+01,-2.62953631e-01,-3.90621170e+01,1.00019237e-09
33,8.37925768e-01,2.65522653e-08,94,32,1,97,normal_corr_dominates,7.26654882e+01,1.00000000e+00,2.50000188e+07,1.88447003e+01,-2.62953631e-01,1.91076539e+01,1.00017552e-09
33,8.37925768e-01,2.65522653e-08,94,32,2,98,normal_corr_dominates,1.70437395e+01,1.00000000e+00,2.49999953e+07,-4.74466682e+00,-2.62953631e-01,-4.48171319e+00,1.00011006e-09
33,8.37925768e-01,2.65522653e-08,94,32,2,98,corr_ratio_high,8.00143538e-01,5.00000000e-01,2.49999953e+07,-4.74466682e+00,-2.62953631e-01,-4.48171319e+00,1.00011006e-09
33,8.37925768e-01,2.65522653e-08,94,31,1,94,normal_corr_dominates,2.13582957e+00,1.00000000e+00,2.50000067e+07,6.67445064e+00,-5.87627831e+00,1.25507290e+01,1.00018999e-09
33,8.37925768e-01,2.65522653e-08,94,31,2,95,normal_corr_dominates,3.46472791e+00,1.00000000e+00,2.49999738e+07,-2.62359838e+01,-5.87627831e+00,-2.03597055e+01,1.00018347e-09
33,8.37925768e-01,2.65522653e-08,94,12,0,36,normal_corr_dominates,1.47401138e+00,1.00000000e+00,2.50000076e+07,7.58329476e+00,-1.59981281e+01,2.35814229e+01,1.00025178e-09
33,8.37925768e-01,2.65522653e-08,94,12,2,38,normal_corr_dominates,2.35488118e+00,1.00000000e+00,2.50000217e+07,2.16755628e+01,-1.59981281e+01,3.76736909e+01,1.00006844e-09
33,8.37925768e-01,2.65522653e-08,94,12,2,38,corr_ratio_high,1.51492854e+00,5.00000000e-01,2.50000217e+07,2.16755628e+01,-1.59981281e+01,3.76736909e+01,1.00006844e-09
34,8.60895810e-01,2.72801420e-08,94,0,0,0,normal_corr_dominates,8.61482818e+00,1.00000000e+00,2.49999671e+07,-3.29143963e+01,-3.42329532e+00,-2.94911010e+01,1.00013822e-09
34,8.60895810e-01,2.72801420e-08,94,0,1,1,normal_corr_dominates,7.38493540e+00,1.00000000e+00,2.50000219e+07,2.18575195e+01,-3.42329532e+00,2.52808148e+01,1.00009424e-09
34,8.60895810e-01,2.72801420e-08,94,0,2,2,normal_corr_dominates,3.65931402e+00,1.00000000e+00,2.50000091e+07,9.10361725e+00,-3.42329532e+00,1.25269126e+01,1.00021573e-09
34,8.60895810e-01,2.72801420e-08,94,1,0,3,normal_corr_dominates,2.29119129e+00,1.00000000e+00,2.50000085e+07,8.45150371e+00,-6.54550861e+00,1.49970123e+01,1.00018441e-09
34,8.60895810e-01,2.72801420e-08,94,1,1,4,normal_corr_dominates,5.50287337e+00,1.00000000e+00,2.50000295e+07,2.94735965e+01,-6.54550861e+00,3.60191051e+01,1.00013012e-09
34,8.60895810e-01,2.72801420e-08,94,1,2,5,normal_corr_dominates,4.13003274e+00,1.00000000e+00,2.49999664e+07,-3.35786735e+01,-6.54550861e+00,-2.70331648e+01,1.00019853e-09
34,8.60895810e-01,2.72801420e-08,94,2,0,6,normal_corr_dominates,1.24409422e+01,1.00000000e+00,2.50000377e+07,3.77156971e+01,-3.29655516e+00,4.10122523e+01,1.00008370e-09
34,8.60895810e-01,2.72801420e-08,94,2,0,6,corr_ratio_high,6.01645865e-01,5.00000000e-01,2.50000377e+07,3.77156971e+01,-3.29655516e+00,4.10122523e+01,1.00008370e-09
34,8.60895810e-01,2.72801420e-08,94,2,1,7,normal_corr_dominates,2.87468468e+00,1.00000000e+00,2.49999872e+07,-1.27731118e+01,-3.29655516e+00,-9.47655663e+00,1.00023037e-09
34,8.60895810e-01,2.72801420e-08,94,2,2,8,normal_corr_dominates,3.22857837e+00,1.00000000e+00,2.49999861e+07,-1.39397419e+01,-3.29655516e+00,-1.06431867e+01,1.00016887e-09
34,8.60895810e-01,2.72801420e-08,94,3,0,9,normal_corr_dominates,5.65629080e+00,1.00000000e+00,2.49999670e+07,-3.30320877e+01,-4.96253674e+00,-2.80695509e+01,1.00014495e-09
34,8.60895810e-01,2.72801420e-08,94,3,1,10,normal_corr_dominates,3.33467817e+00,1.00000000e+00,2.50000116e+07,1.15859262e+01,-4.96253674e+00,1.65484629e+01,1.00019861e-09
34,8.60895810e-01,2.72801420e-08,94,3,2,11,normal_corr_dominates,5.99410018e+00,1.00000000e+00,2.50000248e+07,2.47834057e+01,-4.96253674e+00,2.97459424e+01,1.00014783e-09
34,8.60895810e-01,2.72801420e-08,94,4,0,12,normal_corr_dominates,5.06698165e+00,1.00000000e+00,2.50000103e+07,1.02751797e+01,-2.52648785e+00,1.28016676e+01,1.00012956e-09
34,8.60895810e-01,2.72801420e-08,94,4,1,13,normal_corr_dominates,7.33369894e+00,1.00000000e+00,2.49999789e+07,-2.10549891e+01,-2.52648785e+00,-1.85285013e+01,1.00014001e-09
34,8.60895810e-01,2.72801420e-08,94,4,2,14,normal_corr_dominates,7.41924988e+00,1.00000000e+00,2.50000162e+07,1.62181568e+01,-2.52648785e+00,1.87446447e+01,1.00013230e-09
34,8.60895810e-01,2.72801420e-08,94,5,0,15,normal_corr_dominates,1.48447373e+00,1.00000000e+00,2.50000052e+07,5.18175165e+00,-1.06956297e+01,1.58773813e+01,1.00013663e-09
34,8.60895810e-01,2.72801420e-08,94,5,1,16,normal_corr_dominates,2.22222987e+00,1.00000000e+00,2.49999655e+07,-3.44637774e+01,-1.06956297e+01,-2.37681477e+01,1.00009096e-09
34,8.60895810e-01,2.72801420e-08,94,5,1,16,corr_ratio_high,9.07312428e-01,5.00000000e-01,2.49999655e+07,-3.44637774e+01,-1.06956297e+01,-2.37681477e+01,1.00009096e-09
34,8.60895810e-01,2.72801420e-08,94,5,2,17,normal_corr_dominates,2.31617949e+00,1.00000000e+00,2.50000141e+07,1.40773684e+01,-1.06956297e+01,2.47729981e+01,1.00014894e-09
34,8.60895810e-01,2.72801420e-08,94,8,0,24,normal_corr_dominates,3.52480248e+00,1.00000000e+00,2.50000109e+07,1.08738381e+01,-4.30680744e+00,1.51806456e+01,1.00017263e-09
34,8.60895810e-01,2.72801420e-08,94,8,1,25,normal_corr_dominates,1.66064806e+00,1.00000000e+00,2.50000028e+07,2.84528399e+00,-4.30680744e+00,7.15209143e+00,1.00014867e-09
34,8.60895810e-01,2.72801420e-08,94,8,2,26,normal_corr_dominates,4.80878805e+00,1.00000000e+00,2.49999750e+07,-2.50173316e+01,-4.30680744e+00,-2.07105242e+01,1.00019632e-09
34,8.60895810e-01,2.72801420e-08,94,9,0,27,normal_corr_dominates,2.80830016e+00,1.00000000e+00,2.49999735e+07,-2.64741038e+01,-6.95168519e+00,-1.95224186e+01,1.00017685e-09
34,8.60895810e-01,2.72801420e-08,94,9,1,28,normal_corr_dominates,4.29631457e+00,1.00000000e+00,2.50000229e+07,2.29149411e+01,-6.95168519e+00,2.98666263e+01,1.00013569e-09
34,8.60895810e-01,2.72801420e-08,94,9,2,29,normal_corr_dominates,3.49792706e+00,1.00000000e+00,2.49999687e+07,-3.12681729e+01,-6.95168519e+00,-2.43164877e+01,1.00020630e-09
34,8.60895810e-01,2.72801420e-08,94,10,0,30,normal_corr_dominates,1.19883898e+00,1.00000000e+00,2.49999838e+07,-1.62305061e+01,-7.38139821e+00,-8.84910794e+00,1.00010368e-09
34,8.60895810e-01,2.72801420e-08,94,10,0,30,corr_ratio_high,7.47138001e-01,5.00000000e-01,2.49999838e+07,-1.62305061e+01,-7.38139821e+00,-8.84910794e+00,1.00010368e-09
34,8.60895810e-01,2.72801420e-08,94,10,2,32,normal_corr_dominates,3.55867648e+00,1.00000000e+00,2.50000189e+07,1.88866100e+01,-7.38139821e+00,2.62680082e+01,1.00015840e-09
34,8.60895810e-01,2.72801420e-08,94,13,2,41,normal_corr_dominates,1.33663000e+00,1.00000000e+00,2.50000031e+07,3.08589486e+00,-9.16702283e+00,1.22529177e+01,1.00015185e-09
34,8.60895810e-01,2.72801420e-08,94,14,0,42,normal_corr_dominates,5.08974329e+00,1.00000000e+00,2.50000333e+07,3.33040281e+01,-8.14330528e+00,4.14473333e+01,1.00028305e-09
34,8.60895810e-01,2.72801420e-08,94,14,1,43,normal_corr_dominates,6.91445493e+00,1.00000000e+00,2.49999356e+07,-6.44498226e+01,-8.14330528e+00,-5.63065173e+01,1.00017567e-09
34,8.60895810e-01,2.72801420e-08,94,14,2,44,normal_corr_dominates,2.43498924e+00,1.00000000e+00,2.50000117e+07,1.16855554e+01,-8.14330528e+00,1.98288607e+01,1.00011149e-09
34,8.60895810e-01,2.72801420e-08,94,14,2,44,corr_ratio_high,6.60887042e-01,5.00000000e-01,2.50000117e+07,1.16855554e+01,-8.14330528e+00,1.98288607e+01,1.00011149e-09
34,8.60895810e-01,2.72801420e-08,94,15,0,45,normal_corr_dominates,6.98649390e+00,1.00000000e+00,2.50000357e+07,3.56916299e+01,-5.96202560e+00,4.16536555e+01,1.00010329e-09
34,8.60895810e-01,2.72801420e-08,94,15,1,46,normal_corr_dominates,1.27109919e+00,1.00000000e+00,2.50000016e+07,1.61630034e+00,-5.96202560e+00,7.57832594e+00,1.00014279e-09
34,8.60895810e-01,2.72801420e-08,94,15,2,47,normal_corr_dominates,3.60686274e+00,1.00000000e+00,2.49999725e+07,-2.74662336e+01,-5.96202560e+00,-2.15042080e+01,1.00017057e-09
34,8.60895810e-01,2.72801420e-08,94,17,0,51,normal_corr_dominates,5.86133092e+00,1.00000000e+00,2.49999711e+07,-2.89485872e+01,-4.21909212e+00,-2.47294951e+01,1.00012904e-09
34,8.60895810e-01,2.72801420e-08,94,17,0,51,corr_ratio_high,5.03842872e-01,5.00000000e-01,2.49999711e+07,-2.89485872e+01,-4.21909212e+00,-2.47294951e+01,1.00012904e-09
34,8.60895810e-01,2.72801420e-08,94,17,1,52,normal_corr_dominates,5.68660317e+00,1.00000000e+00,2.49999718e+07,-2.82113948e+01,-4.21909212e+00,-2.39923026e+01,1.00014619e-09
34,8.60895810e-01,2.72801420e-08,94,17,2,53,normal_corr_dominates,8.32539356e+00,1.00000000e+00,2.50000309e+07,3.09065103e+01,-4.21909212e+00,3.51256024e+01,1.00015897e-09
34,8.60895810e-01,2.72801420e-08,94,18,0,54,normal_corr_dominates,2.25657153e+00,1.00000000e+00,2.50000047e+07,4.65121223e+00,-3.70151010e+00,8.35272233e+00,1.00012989e-09
34,8.60895810e-01,2.72801420e-08,94,18,1,55,normal_corr_dominates,2.98900763e+00,1.00000000e+00,2.50000074e+07,7.36233185e+00,-3.70151010e+00,1.10638419e+01,1.00013539e-09
34,8.60895810e-01,2.72801420e-08,94,18,2,56,normal_corr_dominates,4.18019834e+00,1.00000000e+00,2.49999808e+07,-1.91745565e+01,-3.70151010e+00,-1.54730464e+01,1.00014570e-09
34,8.60895810e-01,2.72801420e-08,94,19,0,57,normal_corr_dominates,5.86588086e+00,1.00000000e+00,2.49999596e+07,-4.03503073e+01,-5.87693088e+00,-3.44733764e+01,1.00004196e-09
34,8.60895810e-01,2.72801420e-08,94,19,0,57,corr_ratio_high,2.30382461e+00,5.00000000e-01,2.49999596e+07,-4.03503073e+01,-5.87693088e+00,-3.44733764e+01,1.00004196e-09
34,8.60895810e-01,2.72801420e-08,94,19,1,58,normal_corr_dominates,4.60204700e+00,1.00000000e+00,2.50000212e+07,2.11689813e+01,-5.87693088e+00,2.70459122e+01,1.00014664e-09
34,8.60895810e-01,2.72801420e-08,94,20,0,60,normal_corr_dominates,2.09680464e+00,1.00000000e+00,2.50000041e+07,4.14299911e+00,-3.77733552e+00,7.92033462e+00,1.00012755e-09
34,8.60895810e-01,2.72801420e-08,94,20,1,61,normal_corr_dominates,3.42968535e+00,1.00000000e+00,2.49999833e+07,-1.67324078e+01,-3.77733552e+00,-1.29550723e+01,1.00014655e-09
34,8.60895810e-01,2.72801420e-08,94,20,2,62,normal_corr_dominates,5.01029761e+00,1.00000000e+00,2.49999773e+07,-2.27029106e+01,-3.77733552e+00,-1.89255751e+01,1.00015294e-09
34,8.60895810e-01,2.72801420e-08,94,21,2,65,normal_corr_dominates,2.91066826e+00,1.00000000e+00,2.50000188e+07,1.87944560e+01,-9.83658771e+00,2.86310437e+01,1.00012367e-09
34,8.60895810e-01,2.72801420e-08,94,22,2,68,normal_corr_dominates,2.31142789e+00,1.00000000e+00,2.49999742e+07,-2.57725209e+01,-7.78290264e+00,-1.79896182e+01,1.00014814e-09
34,8.60895810e-01,2.72801420e-08,94,23,0,69,normal_corr_dominates,3.24345286e+00,1.00000000e+00,2.49999801e+07,-1.99350013e+01,-4.69782557e+00,-1.52371758e+01,1.00016678e-09
34,8.60895810e-01,2.72801420e-08,94,23,1,70,normal_corr_dominates,1.19247342e+00,1.00000000e+00,2.50000009e+07,9.04206554e-01,-4.69782557e+00,5.60203212e+00,1.00017581e-09
34,8.60895810e-01,2.72801420e-08,94,23,2,71,normal_corr_dominates,3.48777614e+00,1.00000000e+00,2.50000117e+07,1.16871383e+01,-4.69782557e+00,1.63849639e+01,1.00014770e-09
34,8.60895810e-01,2.72801420e-08,94,25,0,75,normal_corr_dominates,1.71654865e+01,1.00000000e+00,2.50000251e+07,2.50789506e+01,-1.55138855e+00,2.66303391e+01,1.00019219e-09
34,8.60895810e-01,2.72801420e-08,94,25,1,76,normal_corr_dominates,2.01386871e+01,1.00000000e+00,2.49999672e+07,-3.27943172e+01,-1.55138855e+00,-3.12429286e+01,1.00015917e-09
34,8.60895810e-01,2.72801420e-08,94,25,1,76,corr_ratio_high,6.12704499e-01,5.00000000e-01,2.49999672e+07,-3.27943172e+01,-1.55138855e+00,-3.12429286e+01,1.00015917e-09
34,8.60895810e-01,2.72801420e-08,94,25,2,77,normal_corr_dominates,1.68266726e+01,1.00000000e+00,2.49999723e+07,-2.76560957e+01,-1.55138855e+00,-2.61047072e+01,1.00019778e-09
34,8.60895810e-01,2.72801420e-08,94,26,0,78,normal_corr_dominates,1.12745258e+00,1.00000000e+00,2.50000006e+07,5.81433505e-01,-4.56195931e+00,5.14339282e+00,1.00020304e-09
34,8.60895810e-01,2.72801420e-08,94,26,1,79,normal_corr_dominates,2.28674483e+00,1.00000000e+00,2.50000059e+07,5.87007754e+00,-4.56195931e+00,1.04320369e+01,1.00013614e-09
34,8.60895810e-01,2.72801420e-08,94,26,2,80,normal_corr_dominates,6.26044635e+00,1.00000000e+00,2.49999669e+07,-3.31218609e+01,-4.56195931e+00,-2.85599015e+01,1.00018799e-09
34,8.60895810e-01,2.72801420e-08,94,28,0,84,normal_corr_dominates,5.50674065e+00,1.00000000e+00,2.49999372e+07,-6.27828234e+01,-9.64888980e+00,-5.31339336e+01,1.00023879e-09
34,8.60895810e-01,2.72801420e-08,94,28,2,86,normal_corr_dominates,1.43870253e+00,1.00000000e+00,2.50000042e+07,4.23299232e+00,-9.64888980e+00,1.38818821e+01,1.00014644e-09
34,8.60895810e-01,2.72801420e-08,94,29,0,87,normal_corr_dominates,5.39629621e+00,1.00000000e+00,2.50000150e+07,1.49678053e+01,-3.40463985e+00,1.83724451e+01,1.00021510e-09
34,8.60895810e-01,2.72801420e-08,94,29,1,88,corr_ratio_high,7.44457775e-01,5.00000000e-01,2.49999990e+07,-1.04519690e+00,-3.40463985e+00,2.35944295e+00,1.00010713e-09
34,8.60895810e-01,2.72801420e-08,94,29,2,89,normal_corr_dominates,4.67808600e+00,1.00000000e+00,2.49999807e+07,-1.93318379e+01,-3.40463985e+00,-1.59271980e+01,1.00015356e-09
34,8.60895810e-01,2.72801420e-08,94,30,1,91,normal_corr_dominates,1.67358147e+00,1.00000000e+00,2.49999792e+07,-2.08056027e+01,-7.78192208e+00,-1.30236806e+01,1.00016547e-09
34,8.60895810e-01,2.72801420e-08,94,32,0,96,normal_corr_dominates,1.48890141e+02,1.00000000e+00,2.49999597e+07,-4.03275092e+01,-2.69047109e-01,-4.00584621e+01,1.00019728e-09
34,8.60895810e-01,2.72801420e-08,94,32,1,97,normal_corr_dominates,7.28274397e+01,1.00000000e+00,2.50000193e+07,1.93249650e+01,-2.69047109e-01,1.95940121e+01,1.00018001e-09
34,8.60895810e-01,2.72801420e-08,94,32,2,98,normal_corr_dominates,1.70674232e+01,1.00000000e+00,2.49999951e+07,-4.86098800e+00,-2.69047109e-01,-4.59194089e+00,1.00011287e-09
34,8.60895810e-01,2.72801420e-08,94,32,2,98,corr_ratio_high,8.00218772e-01,5.00000000e-01,2.49999951e+07,-4.86098800e+00,-2.69047109e-01,-4.59194089e+00,1.00011287e-09
34,8.60895810e-01,2.72801420e-08,94,31,1,94,normal_corr_dominates,2.13700547e+00,1.00000000e+00,2.50000068e+07,6.84701653e+00,-6.02197325e+00,1.28689898e+01,1.00019484e-09
34,8.60895810e-01,2.72801420e-08,94,31,2,95,normal_corr_dominates,3.46793241e+00,1.00000000e+00,2.49999731e+07,-2.69057694e+01,-6.02197325e+00,-2.08837962e+01,1.00018815e-09
34,8.60895810e-01,2.72801420e-08,94,12,0,36,normal_corr_dominates,1.47439746e+00,1.00000000e+00,2.50000078e+07,7.78134692e+00,-1.64025896e+01,2.41839366e+01,1.00025819e-09
34,8.60895810e-01,2.72801420e-08,94,12,2,38,normal_corr_dominates,2.35561425e+00,1.00000000e+00,2.50000222e+07,2.22355843e+01,-1.64025896e+01,3.86381739e+01,1.00007020e-09
34,8.60895810e-01,2.72801420e-08,94,12,2,38,corr_ratio_high,1.51442309e+00,5.00000000e-01,2.50000222e+07,2.22355843e+01,-1.64025896e+01,3.86381739e+01,1.00007020e-09
35,8.86183726e-01,2.80814677e-08,94,0,0,0,normal_corr_dominates,8.61934459e+00,1.00000000e+00,2.49999662e+07,-3.38167420e+01,-3.51549335e+00,-3.03012486e+01,1.00014200e-09
35,8.86183726e-01,2.80814677e-08,94,0,1,1,normal_corr_dominates,7.38685679e+00,1.00000000e+00,2.50000225e+07,2.24529526e+01,-3.51549335e+00,2.59684460e+01,1.00009684e-09
35,8.86183726e-01,2.80814677e-08,94,0,2,2,normal_corr_dominates,3.66325770e+00,1.00000000e+00,2.50000094e+07,9.36266476e+00,-3.51549335e+00,1.28781581e+01,1.00022160e-09
35,8.86183726e-01,2.80814677e-08,94,1,0,3,normal_corr_dominates,2.29216633e+00,1.00000000e+00,2.50000087e+07,8.68644339e+00,-6.72238795e+00,1.54088313e+01,1.00018945e-09
35,8.86183726e-01,2.80814677e-08,94,1,1,4,normal_corr_dominates,5.50551788e+00,1.00000000e+00,2.50000303e+07,3.02878391e+01,-6.72238795e+00,3.70102271e+01,1.00013366e-09
35,8.86183726e-01,2.80814677e-08,94,1,2,5,normal_corr_dominates,4.13200890e+00,1.00000000e+00,2.49999655e+07,-3.44993548e+01,-6.72238795e+00,-2.77769668e+01,1.00020395e-09
35,8.86183726e-01,2.80814677e-08,94,2,0,6,normal_corr_dominates,1.24464618e+01,1.00000000e+00,2.50000387e+07,3.87457549e+01,-3.38495471e+00,4.21307096e+01,1.00008601e-09
35,8.86183726e-01,2.80814677e-08,94,2,0,6,corr_ratio_high,6.01460774e-01,5.00000000e-01,2.50000387e+07,3.87457549e+01,-3.38495471e+00,4.21307096e+01,1.00008601e-09
35,8.86183726e-01,2.80814677e-08,94,2,1,7,normal_corr_dominates,2.87415769e+00,1.00000000e+00,2.49999869e+07,-1.31138484e+01,-3.38495471e+00,-9.72889364e+00,1.00023663e-09
35,8.86183726e-01,2.80814677e-08,94,2,2,8,normal_corr_dominates,3.22983790e+00,1.00000000e+00,2.49999857e+07,-1.43178097e+01,-3.38495471e+00,-1.09328550e+01,1.00017350e-09
35,8.86183726e-01,2.80814677e-08,94,3,0,9,normal_corr_dominates,5.65866711e+00,1.00000000e+00,2.49999661e+07,-3.39374229e+01,-5.09672917e+00,-2.88406938e+01,1.00014892e-09
35,8.86183726e-01,2.80814677e-08,94,3,1,10,normal_corr_dominates,3.33675931e+00,1.00000000e+00,2.50000119e+07,1.19098294e+01,-5.09672917e+00,1.70065585e+01,1.00020402e-09
35,8.86183726e-01,2.80814677e-08,94,3,2,11,normal_corr_dominates,5.99657662e+00,1.00000000e+00,2.50000255e+07,2.54661978e+01,-5.09672917e+00,3.05629270e+01,1.00015186e-09
35,8.86183726e-01,2.80814677e-08,94,4,0,12,normal_corr_dominates,5.07061079e+00,1.00000000e+00,2.50000106e+07,1.05577805e+01,-2.59366002e+00,1.31514405e+01,1.00013310e-09
35,8.86183726e-01,2.80814677e-08,94,4,1,13,normal_corr_dominates,7.33904086e+00,1.00000000e+00,2.49999784e+07,-2.16286369e+01,-2.59366002e+00,-1.90349768e+01,1.00014383e-09
35,8.86183726e-01,2.80814677e-08,94,4,2,14,normal_corr_dominates,7.42348040e+00,1.00000000e+00,2.50000167e+07,1.66603243e+01,-2.59366002e+00,1.92539843e+01,1.00013593e-09
35,8.86183726e-01,2.80814677e-08,94,5,0,15,normal_corr_dominates,1.48482706e+00,1.00000000e+00,2.50000053e+07,5.32684495e+00,-1.09871032e+01,1.63139482e+01,1.00014036e-09
35,8.86183726e-01,2.80814677e-08,94,5,1,16,normal_corr_dominates,2.22257800e+00,1.00000000e+00,2.49999646e+07,-3.54067971e+01,-1.09871032e+01,-2.44196939e+01,1.00009347e-09
35,8.86183726e-01,2.80814677e-08,94,5,1,16,corr_ratio_high,9.06966140e-01,5.00000000e-01,2.49999646e+07,-3.54067971e+01,-1.09871032e+01,-2.44196939e+01,1.00009347e-09
35,8.86183726e-01,2.80814677e-08,94,5,2,17,normal_corr_dominates,2.31625992e+00,1.00000000e+00,2.50000145e+07,1.44618837e+01,-1.09871032e+01,2.54489869e+01,1.00015300e-09
35,8.86183726e-01,2.80814677e-08,94,8,0,24,normal_corr_dominates,3.52773478e+00,1.00000000e+00,2.50000112e+07,1.11761338e+01,-4.42140284e+00,1.55975366e+01,1.00017734e-09
35,8.86183726e-01,2.80814677e-08,94,8,1,25,normal_corr_dominates,1.66133406e+00,1.00000000e+00,2.50000029e+07,2.92402428e+00,-4.42140284e+00,7.34542712e+00,1.00015273e-09
35,8.86183726e-01,2.80814677e-08,94,8,2,26,normal_corr_dominates,4.81277059e+00,1.00000000e+00,2.49999743e+07,-2.57006004e+01,-4.42140284e+00,-2.12791976e+01,1.00020168e-09
35,8.86183726e-01,2.80814677e-08,94,9,0,27,normal_corr_dominates,2.80823018e+00,1.00000000e+00,2.49999728e+07,-2.71884838e+01,-7.13940137e+00,-2.00490824e+01,1.00018167e-09
35,8.86183726e-01,2.80814677e-08,94,9,1,28,normal_corr_dominates,4.29857095e+00,1.00000000e+00,2.50000235e+07,2.35498220e+01,-7.13940137e+00,3.06892233e+01,1.00013940e-09
35,8.86183726e-01,2.80814677e-08,94,9,2,29,normal_corr_dominates,3.49995706e+00,1.00000000e+00,2.49999679e+07,-3.21269996e+01,-7.13940137e+00,-2.49875982e+01,1.00021194e-09
35,8.86183726e-01,2.80814677e-08,94,10,0,30,normal_corr_dominates,1.20059048e+00,1.00000000e+00,2.49999833e+07,-1.66793492e+01,-7.57948801e+00,-9.09986116e+00,1.00010655e-09
35,8.86183726e-01,2.80814677e-08,94,10,0,30,corr_ratio_high,7.46669302e-01,5.00000000e-01,2.49999833e+07,-1.66793492e+01,-7.57948801e+00,-9.09986116e+00,1.00010655e-09
35,8.86183726e-01,2.80814677e-08,94,10,2,32,normal_corr_dominates,3.56083697e+00,1.00000000e+00,2.50000194e+07,1.94098331e+01,-7.57948801e+00,2.69893211e+01,1.00016272e-09
35,8.86183726e-01,2.80814677e-08,94,13,2,41,normal_corr_dominates,1.33662802e+00,1.00000000e+00,2.50000032e+07,3.16952793e+00,-9.41552027e+00,1.25850482e+01,1.00015600e-09
35,8.86183726e-01,2.80814677e-08,94,14,0,42,normal_corr_dominates,5.09158809e+00,1.00000000e+00,2.50000342e+07,3.42160470e+01,-8.36253461e+00,4.25785816e+01,1.00029076e-09
35,8.86183726e-01,2.80814677e-08,94,14,1,43,normal_corr_dominates,6.91731667e+00,1.00000000e+00,2.49999338e+07,-6.62088346e+01,-8.36253461e+00,-5.78463000e+01,1.00018048e-09
35,8.86183726e-01,2.80814677e-08,94,14,2,44,normal_corr_dominates,2.43576161e+00,1.00000000e+00,2.50000120e+07,1.20066062e+01,-8.36253461e+00,2.03691408e+01,1.00011453e-09
35,8.86183726e-01,2.80814677e-08,94,14,2,44,corr_ratio_high,6.60935269e-01,5.00000000e-01,2.50000120e+07,1.20066062e+01,-8.36253461e+00,2.03691408e+01,1.00011453e-09
35,8.86183726e-01,2.80814677e-08,94,15,0,45,normal_corr_dominates,6.98747925e+00,1.00000000e+00,2.50000367e+07,3.66670337e+01,-6.12395169e+00,4.27909854e+01,1.00010611e-09
35,8.86183726e-01,2.80814677e-08,94,15,1,46,normal_corr_dominates,1.27167613e+00,1.00000000e+00,2.50000017e+07,1.66373149e+00,-6.12395169e+00,7.78768318e+00,1.00014670e-09
35,8.86183726e-01,2.80814677e-08,94,15,2,47,normal_corr_dominates,3.60738466e+00,1.00000000e+00,2.49999718e+07,-2.82154010e+01,-6.12395169e+00,-2.20914494e+01,1.00017523e-09
35,8.86183726e-01,2.80814677e-08,94,17,0,51,normal_corr_dominates,5.86662710e+00,1.00000000e+00,2.49999703e+07,-2.97441623e+01,-4.33169908e+00,-2.54124632e+01,1.00013257e-09
35,8.86183726e-01,2.80814677e-08,94,17,0,51,corr_ratio_high,5.03891271e-01,5.00000000e-01,2.49999703e+07,-2.97441623e+01,-4.33169908e+00,-2.54124632e+01,1.00013257e-09
35,8.86183726e-01,2.80814677e-08,94,17,1,52,normal_corr_dominates,5.69076828e+00,1.00000000e+00,2.49999710e+07,-2.89823948e+01,-4.33169908e+00,-2.46506957e+01,1.00015019e-09
35,8.86183726e-01,2.80814677e-08,94,17,2,53,normal_corr_dominates,8.33184537e+00,1.00000000e+00,2.50000318e+07,3.17593478e+01,-4.33169908e+00,3.60910469e+01,1.00016329e-09
35,8.86183726e-01,2.80814677e-08,94,18,0,54,normal_corr_dominates,2.25776530e+00,1.00000000e+00,2.50000048e+07,4.78084720e+00,-3.80106464e+00,8.58191184e+00,1.00013343e-09
35,8.86183726e-01,2.80814677e-08,94,18,1,55,normal_corr_dominates,2.99023313e+00,1.00000000e+00,2.50000076e+07,7.56500479e+00,-3.80106464e+00,1.13660694e+01,1.00013910e-09
35,8.86183726e-01,2.80814677e-08,94,18,2,56,normal_corr_dominates,4.18199406e+00,1.00000000e+00,2.49999803e+07,-1.96970944e+01,-3.80106464e+00,-1.58960297e+01,1.00014968e-09
35,8.86183726e-01,2.80814677e-08,94,19,0,57,normal_corr_dominates,5.86718839e+00,1.00000000e+00,2.49999585e+07,-4.14541585e+01,-6.03655472e+00,-3.54176038e+01,1.00004313e-09
35,8.86183726e-01,2.80814677e-08,94,19,0,57,corr_ratio_high,2.30299406e+00,5.00000000e-01,2.49999585e+07,-4.14541585e+01,-6.03655472e+00,-3.54176038e+01,1.00004313e-09
35,8.86183726e-01,2.80814677e-08,94,19,1,58,normal_corr_dominates,4.60254195e+00,1.00000000e+00,2.50000217e+07,2.17469416e+01,-6.03655472e+00,2.77834963e+01,1.00015065e-09
35,8.86183726e-01,2.80814677e-08,94,20,0,60,normal_corr_dominates,2.09801928e+00,1.00000000e+00,2.50000043e+07,4.25881765e+00,-3.87863650e+00,8.13745415e+00,1.00013103e-09
35,8.86183726e-01,2.80814677e-08,94,20,1,61,normal_corr_dominates,3.43193717e+00,1.00000000e+00,2.49999828e+07,-1.71898733e+01,-3.87863650e+00,-1.33112368e+01,1.00015056e-09
35,8.86183726e-01,2.80814677e-08,94,20,2,62,normal_corr_dominates,5.01323472e+00,1.00000000e+00,2.49999767e+07,-2.33231516e+01,-3.87863650e+00,-1.94445151e+01,1.00015713e-09
35,8.86183726e-01,2.80814677e-08,94,21,2,65,normal_corr_dominates,2.91152893e+00,1.00000000e+00,2.50000193e+07,1.93110123e+01,-1.01023908e+01,2.94134030e+01,1.00012705e-09
35,8.86183726e-01,2.80814677e-08,94,22,2,68,normal_corr_dominates,2.31161116e+00,1.00000000e+00,2.49999735e+07,-2.64723097e+01,-7.99378562e+00,-1.84785240e+01,1.00015219e-09
35,8.86183726e-01,2.80814677e-08,94,23,0,69,normal_corr_dominates,3.24436922e+00,1.00000000e+00,2.49999795e+07,-2.04724415e+01,-4.82343558e+00,-1.56490059e+01,1.00017132e-09
35,8.86183726e-01,2.80814677e-08,94,23,1,70,normal_corr_dominates,1.19380462e+00,1.00000000e+00,2.50000009e+07,9.34804100e-01,-4.82343558e+00,5.75823968e+00,1.00018061e-09
35,8.86183726e-01,2.80814677e-08,94,23,2,71,normal_corr_dominates,3.49044954e+00,1.00000000e+00,2.50000120e+07,1.20125229e+01,-4.82343558e+00,1.68359585e+01,1.00015174e-09
35,8.86183726e-01,2.80814677e-08,94,25,0,75,normal_corr_dominates,1.72030667e+01,1.00000000e+00,2.50000258e+07,2.57652698e+01,-1.59014773e+00,2.73554175e+01,1.00019745e-09
35,8.86183726e-01,2.80814677e-08,94,25,1,76,normal_corr_dominates,2.01830939e+01,1.00000000e+00,2.49999663e+07,-3.36842487e+01,-1.59014773e+00,-3.20941010e+01,1.00016351e-09
35,8.86183726e-01,2.80814677e-08,94,25,1,76,corr_ratio_high,6.12768161e-01,5.00000000e-01,2.49999663e+07,-3.36842487e+01,-1.59014773e+00,-3.20941010e+01,1.00016351e-09
35,8.86183726e-01,2.80814677e-08,94,25,2,77,normal_corr_dominates,1.68685978e+01,1.00000000e+00,2.49999716e+07,-2.84137103e+01,-1.59014773e+00,-2.68235626e+01,1.00020318e-09
35,8.86183726e-01,2.80814677e-08,94,26,0,78,normal_corr_dominates,1.12905104e+00,1.00000000e+00,2.50000006e+07,6.04392212e-01,-4.68335810e+00,5.28775031e+00,1.00020857e-09
35,8.86183726e-01,2.80814677e-08,94,26,1,79,normal_corr_dominates,2.28853712e+00,1.00000000e+00,2.50000060e+07,6.03468074e+00,-4.68335810e+00,1.07180388e+01,1.00013988e-09
35,8.86183726e-01,2.80814677e-08,94,26,2,80,normal_corr_dominates,6.26631805e+00,1.00000000e+00,2.49999660e+07,-3.40307695e+01,-4.68335810e+00,-2.93474114e+01,1.00019312e-09
35,8.86183726e-01,2.80814677e-08,94,28,0,84,normal_corr_dominates,5.50753003e+00,1.00000000e+00,2.49999355e+07,-6.44971732e+01,-9.91116030e+00,-5.45860129e+01,1.00024532e-09
35,8.86183726e-01,2.80814677e-08,94,28,2,86,normal_corr_dominates,1.43883130e+00,1.00000000e+00,2.50000043e+07,4.34932738e+00,-9.91116030e+00,1.42604877e+01,1.00015043e-09
35,8.86183726e-01,2.80814677e-08,94,29,0,87,normal_corr_dominates,5.39789017e+00,1.00000000e+00,2.50000154e+07,1.53777598e+01,-3.49662206e+00,1.88743819e+01,1.00022098e-09
35,8.86183726e-01,2.80814677e-08,94,29,1,88,corr_ratio_high,7.44390817e-01,5.00000000e-01,2.49999989e+07,-1.07202086e+00,-3.49662206e+00,2.42460120e+00,1.00011007e-09
35,8.86183726e-01,2.80814677e-08,94,29,2,89,normal_corr_dominates,4.67902458e+00,1.00000000e+00,2.49999801e+07,-1.98574026e+01,-3.49662206e+00,-1.63607806e+01,1.00015776e-09
35,8.86183726e-01,2.80814677e-08,94,30,1,91,normal_corr_dominates,1.67392700e+00,1.00000000e+00,2.49999786e+07,-2.13697670e+01,-7.99190369e+00,-1.33778633e+01,1.00016999e-09
35,8.86183726e-01,2.80814677e-08,94,32,0,96,normal_corr_dominates,1.49247857e+02,1.00000000e+00,2.49999586e+07,-4.14282333e+01,-2.75732607e-01,-4.11525006e+01,1.00020267e-09
35,8.86183726e-01,2.80814677e-08,94,32,1,97,normal_corr_dominates,7.29983399e+01,1.00000000e+00,2.50000199e+07,1.98522899e+01,-2.75732607e-01,2.01280226e+01,1.00018493e-09
35,8.86183726e-01,2.80814677e-08,94,32,2,98,normal_corr_dominates,1.70920078e+01,1.00000000e+00,2.49999950e+07,-4.98855647e+00,-2.75732607e-01,-4.71282387e+00,1.00011594e-09
35,8.86183726e-01,2.80814677e-08,94,32,2,98,corr_ratio_high,8.00298869e-01,5.00000000e-01,2.49999950e+07,-4.98855647e+00,-2.75732607e-01,-4.71282387e+00,1.00011594e-09
35,8.86183726e-01,2.80814677e-08,94,31,1,94,normal_corr_dominates,2.13826205e+00,1.00000000e+00,2.50000070e+07,7.03655770e+00,-6.18184334e+00,1.32184010e+01,1.00020016e-09
35,8.86183726e-01,2.80814677e-08,94,31,2,95,normal_corr_dominates,3.47136461e+00,1.00000000e+00,2.49999724e+07,-2.76412755e+01,-6.18184334e+00,-2.14594322e+01,1.00019329e-09
35,8.86183726e-01,2.80814677e-08,94,12,0,36,normal_corr_dominates,1.47481007e+00,1.00000000e+00,2.50000080e+07,7.99894638e+00,-1.68466232e+01,2.48455696e+01,1.00026523e-09
35,8.86183726e-01,2.80814677e-08,94,12,2,38,normal_corr_dominates,2.35640115e+00,1.00000000e+00,2.50000229e+07,2.28507791e+01,-1.68466232e+01,3.96974024e+01,1.00007214e-09
35,8.86183726e-01,2.80814677e-08,94,12,2,38,corr_ratio_high,1.51387579e+00,5.00000000e-01,2.50000229e+07,2.28507791e+01,-1.68466232e+01,3.96974024e+01,1.00007214e-09
36,9.12327811e-01,2.89099238e-08,94,0,0,0,normal_corr_dominates,8.62381436e+00,1.00000000e+00,2.49999653e+07,-3.47472471e+01,-3.61054836e+00,-3.11366988e+01,1.00014590e-09
36,9.12327811e-01,2.89099238e-08,94,0,1,1,normal_corr_dominates,7.38872903e+00,1.00000000e+00,2.50000231e+07,2.30668151e+01,-3.61054836e+00,2.66773635e+01,1.00009953e-09
36,9.12327811e-01,2.89099238e-08,94,0,2,2,normal_corr_dominates,3.66719177e+00,1.00000000e+00,2.50000096e+07,9.63002486e+00,-3.61054836e+00,1.32405732e+01,1.00022765e-09
36,9.12327811e-01,2.89099238e-08,94,1,0,3,normal_corr_dominates,2.29313143e+00,1.00000000e+00,2.50000089e+07,8.92873651e+00,-6.90474018e+00,1.58334767e+01,1.00019464e-09
36,9.12327811e-01,2.89099238e-08,94,1,1,4,normal_corr_dominates,5.50815256e+00,1.00000000e+00,2.50000311e+07,3.11276221e+01,-6.90474018e+00,3.80323623e+01,1.00013731e-09
36,9.12327811e-01,2.89099238e-08,94,1,2,5,normal_corr_dominates,4.13397713e+00,1.00000000e+00,2.49999646e+07,-3.54487781e+01,-6.90474018e+00,-2.85440380e+01,1.00020954e-09
36,9.12327811e-01,2.89099238e-08,94,2,0,6,normal_corr_dominates,1.24519252e+01,1.00000000e+00,2.50000398e+07,3.98078060e+01,-3.47607981e+00,4.32838858e+01,1.00008838e-09
36,9.12327811e-01,2.89099238e-08,94,2,0,6,corr_ratio_high,6.01272193e-01,5.00000000e-01,2.50000398e+07,3.98078060e+01,-3.47607981e+00,4.32838858e+01,1.00008838e-09
36,9.12327811e-01,2.89099238e-08,94,2,1,7,normal_corr_dominates,2.87361050e+00,1.00000000e+00,2.49999865e+07,-1.34649793e+01,-3.47607981e+00,-9.98889947e+00,1.00024308e-09
36,9.12327811e-01,2.89099238e-08,94,2,2,8,normal_corr_dominates,3.23107419e+00,1.00000000e+00,2.49999853e+07,-1.47075516e+01,-3.47607981e+00,-1.12314718e+01,1.00017827e-09
36,9.12327811e-01,2.89099238e-08,94,3,0,9,normal_corr_dominates,5.66102814e+00,1.00000000e+00,2.49999651e+07,-3.48709995e+01,-5.23507765e+00,-2.96359219e+01,1.00015302e-09
36,9.12327811e-01,2.89099238e-08,94,3,1,10,normal_corr_dominates,3.33883378e+00,1.00000000e+00,2.50000122e+07,1.22439765e+01,-5.23507765e+00,1.74790541e+01,1.00020961e-09
36,9.12327811e-01,2.89099238e-08,94,3,2,11,normal_corr_dominates,5.99903501e+00,1.00000000e+00,2.50000262e+07,2.61703364e+01,-5.23507765e+00,3.14054141e+01,1.00015601e-09
36,9.12327811e-01,2.89099238e-08,94,4,0,12,normal_corr_dominates,5.07421818e+00,1.00000000e+00,2.50000108e+07,1.08491773e+01,-2.66288570e+00,1.35120630e+01,1.00013676e-09
36,9.12327811e-01,2.89099238e-08,94,4,1,13,normal_corr_dominates,7.34435414e+00,1.00000000e+00,2.49999778e+07,-2.22200613e+01,-2.66288570e+00,-1.95571756e+01,1.00014777e-09
36,9.12327811e-01,2.89099238e-08,94,4,2,14,normal_corr_dominates,7.42768057e+00,1.00000000e+00,2.50000171e+07,1.71161786e+01,-2.66288570e+00,1.97790643e+01,1.00013967e-09
36,9.12327811e-01,2.89099238e-08,94,5,0,15,normal_corr_dominates,1.48517936e+00,1.00000000e+00,2.50000055e+07,5.47652780e+00,-1.12876356e+01,1.67641634e+01,1.00014421e-09
36,9.12327811e-01,2.89099238e-08,94,5,1,16,normal_corr_dominates,2.22292283e+00,1.00000000e+00,2.49999636e+07,-3.63791784e+01,-1.12876356e+01,-2.50915428e+01,1.00009605e-09
36,9.12327811e-01,2.89099238e-08,94,5,1,16,corr_ratio_high,9.06614592e-01,5.00000000e-01,2.49999636e+07,-3.63791784e+01,-1.12876356e+01,-2.50915428e+01,1.00009605e-09
36,9.12327811e-01,2.89099238e-08,94,5,2,17,normal_corr_dominates,2.31633575e+00,1.00000000e+00,2.50000149e+07,1.48583182e+01,-1.12876356e+01,2.61459538e+01,1.00015719e-09
36,9.12327811e-01,2.89099238e-08,94,8,0,24,normal_corr_dominates,3.53066382e+00,1.00000000e+00,2.50000115e+07,1.14879228e+01,-4.53948988e+00,1.60274127e+01,1.00018220e-09
36,9.12327811e-01,2.89099238e-08,94,8,1,25,normal_corr_dominates,1.66201763e+00,1.00000000e+00,2.50000030e+07,3.00522234e+00,-4.53948988e+00,7.54471222e+00,1.00015693e-09
36,9.12327811e-01,2.89099238e-08,94,8,2,26,normal_corr_dominates,4.81675466e+00,1.00000000e+00,2.49999736e+07,-2.64050989e+01,-4.53948988e+00,-2.18656090e+01,1.00020721e-09
36,9.12327811e-01,2.89099238e-08,94,9,0,27,normal_corr_dominates,2.80814414e+00,1.00000000e+00,2.49999721e+07,-2.79248140e+01,-7.33291940e+00,-2.05918946e+01,1.00018663e-09
36,9.12327811e-01,2.89099238e-08,94,9,1,28,normal_corr_dominates,4.30082361e+00,1.00000000e+00,2.50000242e+07,2.42046735e+01,-7.33291940e+00,3.15375929e+01,1.00014322e-09
36,9.12327811e-01,2.89099238e-08,94,9,2,29,normal_corr_dominates,3.50198418e+00,1.00000000e+00,2.49999670e+07,-3.30126871e+01,-7.33291940e+00,-2.56797677e+01,1.00021776e-09
36,9.12327811e-01,2.89099238e-08,94,10,0,30,normal_corr_dominates,1.20235093e+00,1.00000000e+00,2.49999829e+07,-1.71423564e+01,-7.78366252e+00,-9.35869387e+00,1.00010950e-09
36,9.12327811e-01,2.89099238e-08,94,10,0,30,corr_ratio_high,7.46195729e-01,5.00000000e-01,2.49999829e+07,-1.71423564e+01,-7.78366252e+00,-9.35869387e+00,1.00010950e-09
36,9.12327811e-01,2.89099238e-08,94,10,2,32,normal_corr_dominates,3.56299736e+00,1.00000000e+00,2.50000199e+07,1.99495065e+01,-7.78366252e+00,2.77331690e+01,1.00016717e-09
36,9.12327811e-01,2.89099238e-08,94,13,2,41,normal_corr_dominates,1.33661955e+00,1.00000000e+00,2.50000033e+07,3.25568794e+00,-9.67171391e+00,1.29274018e+01,1.00016027e-09
36,9.12327811e-01,2.89099238e-08,94,14,0,42,normal_corr_dominates,5.09342647e+00,1.00000000e+00,2.50000352e+07,3.51564120e+01,-8.58850459e+00,4.37449166e+01,1.00029870e-09
36,9.12327811e-01,2.89099238e-08,94,14,1,43,normal_corr_dominates,6.92017528e+00,1.00000000e+00,2.49999320e+07,-6.80224618e+01,-8.58850459e+00,-5.94339572e+01,1.00018545e-09
36,9.12327811e-01,2.89099238e-08,94,14,2,44,normal_corr_dominates,2.43653355e+00,1.00000000e+00,2.50000123e+07,1.23376750e+01,-8.58850459e+00,2.09261796e+01,1.00011767e-09
36,9.12327811e-01,2.89099238e-08,94,14,2,44,corr_ratio_high,6.60982758e-01,5.00000000e-01,2.50000123e+07,1.23376750e+01,-8.58850459e+00,2.09261796e+01,1.00011767e-09
36,9.12327811e-01,2.89099238e-08,94,15,0,45,normal_corr_dominates,6.98843745e+00,1.00000000e+00,2.50000377e+07,3.76727463e+01,-6.29091422e+00,4.39636605e+01,1.00010902e-09
36,9.12327811e-01,2.89099238e-08,94,15,1,46,normal_corr_dominates,1.27224603e+00,1.00000000e+00,2.50000017e+07,1.71267643e+00,-6.29091422e+00,8.00359065e+00,1.00015073e-09
36,9.12327811e-01,2.89099238e-08,94,15,2,47,normal_corr_dominates,3.60788991e+00,1.00000000e+00,2.49999710e+07,-2.89878402e+01,-6.29091422e+00,-2.26969259e+01,1.00018004e-09
36,9.12327811e-01,2.89099238e-08,94,17,0,51,normal_corr_dominates,5.87194412e+00,1.00000000e+00,2.49999694e+07,-3.05646557e+01,-4.44774508e+00,-2.61169106e+01,1.00013622e-09
36,9.12327811e-01,2.89099238e-08,94,17,0,51,corr_ratio_high,5.03939739e-01,5.00000000e-01,2.49999694e+07,-3.05646557e+01,-4.44774508e+00,-2.61169106e+01,1.00013622e-09
36,9.12327811e-01,2.89099238e-08,94,17,1,52,normal_corr_dominates,5.69493394e+00,1.00000000e+00,2.49999702e+07,-2.97773595e+01,-4.44774508e+00,-2.53296144e+01,1.00015432e-09
36,9.12327811e-01,2.89099238e-08,94,17,2,53,normal_corr_dominates,8.33830822e+00,1.00000000e+00,2.50000326e+07,3.26389243e+01,-4.44774508e+00,3.70866694e+01,1.00016775e-09
36,9.12327811e-01,2.89099238e-08,94,18,0,54,normal_corr_dominates,2.25894921e+00,1.00000000e+00,2.50000049e+07,4.91454240e+00,-3.90368599e+00,8.81822839e+00,1.00013709e-09
36,9.12327811e-01,2.89099238e-08,94,18,1,55,normal_corr_dominates,2.99144765e+00,1.00000000e+00,2.50000078e+07,7.77398628e+00,-3.90368599e+00,1.16776723e+01,1.00014292e-09
36,9.12327811e-01,2.89099238e-08,94,18,2,56,normal_corr_dominates,4.18377465e+00,1.00000000e+00,2.49999798e+07,-2.02358285e+01,-3.90368599e+00,-1.63321425e+01,1.00015379e-09
36,9.12327811e-01,2.89099238e-08,94,19,0,57,normal_corr_dominates,5.86848236e+00,1.00000000e+00,2.49999574e+07,-4.25923589e+01,-6.20113101e+00,-3.63912279e+01,1.00004434e-09
36,9.12327811e-01,2.89099238e-08,94,19,0,57,corr_ratio_high,2.30215474e+00,5.00000000e-01,2.49999574e+07,-4.25923589e+01,-6.20113101e+00,-3.63912279e+01,1.00004434e-09
36,9.12327811e-01,2.89099238e-08,94,19,1,58,normal_corr_dominates,4.60302404e+00,1.00000000e+00,2.50000223e+07,2.23428241e+01,-6.20113101e+00,2.85439551e+01,1.00015477e-09
36,9.12327811e-01,2.89099238e-08,94,20,0,60,normal_corr_dominates,2.09922736e+00,1.00000000e+00,2.50000044e+07,4.37827294e+00,-3.98304582e+00,8.36131876e+00,1.00013463e-09
36,9.12327811e-01,2.89099238e-08,94,20,1,61,normal_corr_dominates,3.43419072e+00,1.00000000e+00,2.49999823e+07,-1.76615848e+01,-3.98304582e+00,-1.36785390e+01,1.00015469e-09
36,9.12327811e-01,2.89099238e-08,94,20,2,62,normal_corr_dominates,5.01616655e+00,1.00000000e+00,2.49999760e+07,-2.39626670e+01,-3.98304582e+00,-1.99796212e+01,1.00016144e-09
36,9.12327811e-01,2.89099238e-08,94,21,2,65,normal_corr_dominates,2.91238760e+00,1.00000000e+00,2.50000198e+07,1.98437055e+01,-1.03764036e+01,3.02201091e+01,1.00013054e-09
36,9.12327811e-01,2.89099238e-08,94,22,2,68,normal_corr_dominates,2.31178303e+00,1.00000000e+00,2.49999728e+07,-2.71937460e+01,-8.21121003e+00,-1.89825360e+01,1.00015637e-09
36,9.12327811e-01,2.89099238e-08,94,23,0,69,normal_corr_dominates,3.24526818e+00,1.00000000e+00,2.49999790e+07,-2.10263954e+01,-4.95290155e+00,-1.60734938e+01,1.00017601e-09
36,9.12327811e-01,2.89099238e-08,94,23,1,70,normal_corr_dominates,1.19513777e+00,1.00000000e+00,2.50000010e+07,9.66498162e-01,-4.95290155e+00,5.91939971e+00,1.00018555e-09
36,9.12327811e-01,2.89099238e-08,94,23,2,71,normal_corr_dominates,3.49311876e+00,1.00000000e+00,2.50000123e+07,1.23481718e+01,-4.95290155e+00,1.73010733e+01,1.00015590e-09
36,9.12327811e-01,2.89099238e-08,94,25,0,75,normal_corr_dominates,1.72408542e+01,1.00000000e+00,2.50000265e+07,2.64729394e+01,-1.63002137e+00,2.81029608e+01,1.00020286e-09
36,9.12327811e-01,2.89099238e-08,94,25,1,76,normal_corr_dominates,2.02277445e+01,1.00000000e+00,2.49999654e+07,-3.46016772e+01,-1.63002137e+00,-3.29716558e+01,1.00016799e-09
36,9.12327811e-01,2.89099238e-08,94,25,1,76,corr_ratio_high,6.12831428e-01,5.00000000e-01,2.49999654e+07,-3.46016772e+01,-1.63002137e+00,-3.29716558e+01,1.00016799e-09
36,9.12327811e-01,2.89099238e-08,94,25,2,77,normal_corr_dominates,1.69107738e+01,1.00000000e+00,2.49999708e+07,-2.91949441e+01,-1.63002137e+00,-2.75649227e+01,1.00020876e-09
36,9.12327811e-01,2.89099238e-08,94,26,0,78,normal_corr_dominates,1.13064931e+00,1.00000000e+00,2.50000006e+07,6.28222529e-01,-4.80846404e+00,5.43668657e+00,1.00021427e-09
36,9.12327811e-01,2.89099238e-08,94,26,1,79,normal_corr_dominates,2.29033958e+00,1.00000000e+00,2.50000062e+07,6.20455145e+00,-4.80846404e+00,1.10130155e+01,1.00014373e-09
36,9.12327811e-01,2.89099238e-08,94,26,2,80,normal_corr_dominates,6.27219440e+00,1.00000000e+00,2.49999650e+07,-3.49680852e+01,-4.80846404e+00,-3.01596212e+01,1.00019841e-09
36,9.12327811e-01,2.89099238e-08,94,28,0,84,normal_corr_dominates,5.50831694e+00,1.00000000e+00,2.49999337e+07,-6.62647882e+01,-1.01815552e+01,-5.60832330e+01,1.00025206e-09
36,9.12327811e-01,2.89099238e-08,94,28,2,86,normal_corr_dominates,1.43895991e+00,1.00000000e+00,2.50000045e+07,4.46929459e+00,-1.01815552e+01,1.46508498e+01,1.00015454e-09
36,9.12327811e-01,2.89099238e-08,94,29,0,87,normal_corr_dominates,5.39946889e+00,1.00000000e+00,2.50000158e+07,1.58004756e+01,-3.59145070e+00,1.93919263e+01,1.00022705e-09
36,9.12327811e-01,2.89099238e-08,94,29,1,88,corr_ratio_high,7.44321973e-01,5.00000000e-01,2.49999989e+07,-1.09967142e+00,-3.59145070e+00,2.49177929e+00,1.00011310e-09
36,9.12327811e-01,2.89099238e-08,94,29,2,89,normal_corr_dominates,4.67994030e+00,1.00000000e+00,2.49999796e+07,-2.03992256e+01,-3.59145070e+00,-1.68077749e+01,1.00016208e-09
36,9.12327811e-01,2.89099238e-08,94,30,1,91,normal_corr_dominates,1.67426815e+00,1.00000000e+00,2.49999780e+07,-2.19513689e+01,-8.20836492e+00,-1.37430040e+01,1.00017464e-09
36,9.12327811e-01,2.89099238e-08,94,32,0,96,normal_corr_dominates,1.49601823e+02,1.00000000e+00,2.49999574e+07,-4.25631409e+01,-2.82620356e-01,-4.22805205e+01,1.00020823e-09
36,9.12327811e-01,2.89099238e-08,94,32,1,97,normal_corr_dominates,7.31673448e+01,1.00000000e+00,2.50000204e+07,2.03959607e+01,-2.82620356e-01,2.06785811e+01,1.00019001e-09
36,9.12327811e-01,2.89099238e-08,94,32,2,98,normal_corr_dominates,1.71158872e+01,1.00000000e+00,2.49999949e+07,-5.11991850e+00,-2.82620356e-01,-4.83729815e+00,1.00011912e-09
36,9.12327811e-01,2.89099238e-08,94,32,2,98,corr_ratio_high,8.00378820e-01,5.00000000e-01,2.49999949e+07,-5.11991850e+00,-2.82620356e-01,-4.83729815e+00,1.00011912e-09
36,9.12327811e-01,2.89099238e-08,94,31,1,94,normal_corr_dominates,2.13952153e+00,1.00000000e+00,2.50000072e+07,7.23204406e+00,-6.34656199e+00,1.35786060e+01,1.00020565e-09
36,9.12327811e-01,2.89099238e-08,94,31,2,95,normal_corr_dominates,3.47481283e+00,1.00000000e+00,2.49999716e+07,-2.83996770e+01,-6.34656199e+00,-2.20531150e+01,1.00019860e-09
36,9.12327811e-01,2.89099238e-08,94,12,0,36,normal_corr_dominates,1.47522366e+00,1.00000000e+00,2.50000082e+07,8.22344025e+00,-1.73043578e+01,2.55277981e+01,1.00027249e-09
36,9.12327811e-01,2.89099238e-08,94,12,2,38,normal_corr_dominates,2.35719357e+00,1.00000000e+00,2.50000235e+07,2.34853631e+01,-1.73043578e+01,4.07897209e+01,1.00007414e-09
36,9.12327811e-01,2.89099238e-08,94,12,2,38,corr_ratio_high,1.51331971e+00,5.00000000e-01,2.50000235e+07,2.34853631e+01,-1.73043578e+01,4.07897209e+01,1.00007414e-09
37,9.36573006e-01,2.96782077e-08,94,0,0,0,normal_corr_dominates,8.62778878e+00,1.00000000e+00,2.49999644e+07,-3.56080476e+01,-3.69846580e+00,-3.19095818e+01,1.00014951e-09
37,9.36573006e-01,2.96782077e-08,94,0,1,1,normal_corr_dominates,7.39036812e+00,1.00000000e+00,2.50000236e+07,2.36345580e+01,-3.69846580e+00,2.73330238e+01,1.00010201e-09
37,9.36573006e-01,2.96782077e-08,94,0,2,2,normal_corr_dominates,3.67071710e+00,1.00000000e+00,2.50000099e+07,9.87755587e+00,-3.69846580e+00,1.35760217e+01,1.00023325e-09
37,9.36573006e-01,2.96782077e-08,94,1,0,3,normal_corr_dominates,2.29398968e+00,1.00000000e+00,2.50000092e+07,9.15289598e+00,-7.07339181e+00,1.62262878e+01,1.00019945e-09
37,9.36573006e-01,2.96782077e-08,94,1,1,4,normal_corr_dominates,5.51051064e+00,1.00000000e+00,2.50000319e+07,3.19046090e+01,-7.07339181e+00,3.89780008e+01,1.00014070e-09
37,9.36573006e-01,2.96782077e-08,94,1,2,5,normal_corr_dominates,4.13573818e+00,1.00000000e+00,2.49999637e+07,-3.63270884e+01,-7.07339181e+00,-2.92536965e+01,1.00021471e-09
37,9.36573006e-01,2.96782077e-08,94,2,0,6,normal_corr_dominates,1.24567833e+01,1.00000000e+00,2.50000408e+07,4.07901645e+01,-3.56035052e+00,4.43505150e+01,1.00009058e-09
37,9.36573006e-01,2.96782077e-08,94,2,0,6,corr_ratio_high,6.01099761e-01,5.00000000e-01,2.50000408e+07,4.07901645e+01,-3.56035052e+00,4.43505150e+01,1.00009058e-09
37,9.36573006e-01,2.96782077e-08,94,2,1,7,normal_corr_dominates,2.87310127e+00,1.00000000e+00,2.49999862e+07,-1.37895981e+01,-3.56035052e+00,-1.02292476e+01,1.00024905e-09
37,9.36573006e-01,2.96782077e-08,94,2,2,8,normal_corr_dominates,3.23216453e+00,1.00000000e+00,2.49999849e+07,-1.50679892e+01,-3.56035052e+00,-1.15076387e+01,1.00018268e-09
37,9.36573006e-01,2.96782077e-08,94,3,0,9,normal_corr_dominates,5.66313564e+00,1.00000000e+00,2.49999643e+07,-3.57346312e+01,-5.36303524e+00,-3.03715960e+01,1.00015681e-09
37,9.36573006e-01,2.96782077e-08,94,3,1,10,normal_corr_dominates,3.34069136e+00,1.00000000e+00,2.50000126e+07,1.25532102e+01,-5.36303524e+00,1.79162455e+01,1.00021478e-09
37,9.36573006e-01,2.96782077e-08,94,3,2,11,normal_corr_dominates,6.00122755e+00,1.00000000e+00,2.50000268e+07,2.68217596e+01,-5.36303524e+00,3.21847948e+01,1.00015985e-09
37,9.36573006e-01,2.96782077e-08,94,4,0,12,normal_corr_dominates,5.07743953e+00,1.00000000e+00,2.50000111e+07,1.11187238e+01,-2.72688871e+00,1.38456125e+01,1.00014014e-09
37,9.36573006e-01,2.96782077e-08,94,4,1,13,normal_corr_dominates,7.34910180e+00,1.00000000e+00,2.49999772e+07,-2.27670714e+01,-2.72688871e+00,-2.00401827e+01,1.00015142e-09
37,9.36573006e-01,2.96782077e-08,94,4,2,14,normal_corr_dominates,7.43142700e+00,1.00000000e+00,2.50000175e+07,1.75377856e+01,-2.72688871e+00,2.02646744e+01,1.00014313e-09
37,9.36573006e-01,2.96782077e-08,94,5,0,15,normal_corr_dominates,1.48549490e+00,1.00000000e+00,2.50000056e+07,5.61505092e+00,-1.15656229e+01,1.71806738e+01,1.00014777e-09
37,9.36573006e-01,2.96782077e-08,94,5,1,16,normal_corr_dominates,2.22322970e+00,1.00000000e+00,2.49999627e+07,-3.72786593e+01,-1.15656229e+01,-2.57130364e+01,1.00009844e-09
37,9.36573006e-01,2.96782077e-08,94,5,1,16,corr_ratio_high,9.06294255e-01,5.00000000e-01,2.49999627e+07,-3.72786593e+01,-1.15656229e+01,-2.57130364e+01,1.00009844e-09
37,9.36573006e-01,2.96782077e-08,94,5,2,17,normal_corr_dominates,2.31639987e+00,1.00000000e+00,2.50000152e+07,1.52249845e+01,-1.15656229e+01,2.67906074e+01,1.00016107e-09
37,9.36573006e-01,2.96782077e-08,94,8,0,24,normal_corr_dominates,3.53329205e+00,1.00000000e+00,2.50000118e+07,1.17764059e+01,-4.64865702e+00,1.64250629e+01,1.00018670e-09
37,9.36573006e-01,2.96782077e-08,94,8,1,25,normal_corr_dominates,1.66262976e+00,1.00000000e+00,2.50000031e+07,3.08033850e+00,-4.64865702e+00,7.72899552e+00,1.00016081e-09
37,9.36573006e-01,2.96782077e-08,94,8,2,26,normal_corr_dominates,4.82033479e+00,1.00000000e+00,2.49999729e+07,-2.70567402e+01,-4.64865702e+00,-2.24080832e+01,1.00021232e-09
37,9.36573006e-01,2.96782077e-08,94,9,0,27,normal_corr_dominates,2.80805301e+00,1.00000000e+00,2.49999714e+07,-2.86056840e+01,-7.51189227e+00,-2.10937917e+01,1.00019123e-09
37,9.36573006e-01,2.96782077e-08,94,9,1,28,normal_corr_dominates,4.30284380e+00,1.00000000e+00,2.50000248e+07,2.48106068e+01,-7.51189227e+00,3.23224991e+01,1.00014676e-09
37,9.36573006e-01,2.96782077e-08,94,9,2,29,normal_corr_dominates,3.50380249e+00,1.00000000e+00,2.49999662e+07,-3.38320791e+01,-7.51189227e+00,-2.63201869e+01,1.00022314e-09
37,9.36573006e-01,2.96782077e-08,94,10,0,30,normal_corr_dominates,1.20394002e+00,1.00000000e+00,2.49999824e+07,-1.75708189e+01,-7.97245784e+00,-9.59836109e+00,1.00011224e-09
37,9.36573006e-01,2.96782077e-08,94,10,0,30,corr_ratio_high,7.45766137e-01,5.00000000e-01,2.49999824e+07,-1.75708189e+01,-7.97245784e+00,-9.59836109e+00,1.00011224e-09
37,9.36573006e-01,2.96782077e-08,94,10,2,32,normal_corr_dominates,3.56493784e+00,1.00000000e+00,2.50000204e+07,2.04488588e+01,-7.97245784e+00,2.84213167e+01,1.00017130e-09
37,9.36573006e-01,2.96782077e-08,94,13,2,41,normal_corr_dominates,1.33660634e+00,1.00000000e+00,2.50000033e+07,3.33531963e+00,-9.90866543e+00,1.32439851e+01,1.00016423e-09
37,9.36573006e-01,2.96782077e-08,94,14,0,42,normal_corr_dominates,5.09507223e+00,1.00000000e+00,2.50000360e+07,3.60262306e+01,-8.79745914e+00,4.48236898e+01,1.00030605e-09
37,9.36573006e-01,2.96782077e-08,94,14,1,43,normal_corr_dominates,6.92274033e+00,1.00000000e+00,2.49999303e+07,-6.96999843e+01,-8.79745914e+00,-6.09025252e+01,1.00019004e-09
37,9.36573006e-01,2.96782077e-08,94,14,2,44,normal_corr_dominates,2.43722666e+00,1.00000000e+00,2.50000126e+07,1.26439428e+01,-8.79745914e+00,2.14414019e+01,1.00012058e-09
37,9.36573006e-01,2.96782077e-08,94,14,2,44,corr_ratio_high,6.61024753e-01,5.00000000e-01,2.50000126e+07,1.26439428e+01,-8.79745914e+00,2.14414019e+01,1.00012058e-09
37,9.36573006e-01,2.96782077e-08,94,15,0,45,normal_corr_dominates,6.98927457e+00,1.00000000e+00,2.50000386e+07,3.86030055e+01,-6.44535578e+00,4.50483613e+01,1.00011172e-09
37,9.36573006e-01,2.96782077e-08,94,15,1,46,normal_corr_dominates,1.27275175e+00,1.00000000e+00,2.50000018e+07,1.75798205e+00,-6.44535578e+00,8.20333783e+00,1.00015446e-09
37,9.36573006e-01,2.96782077e-08,94,15,2,47,normal_corr_dominates,3.60832928e+00,1.00000000e+00,2.49999703e+07,-2.97023218e+01,-6.44535578e+00,-2.32569660e+01,1.00018449e-09
37,9.36573006e-01,2.96782077e-08,94,17,0,51,normal_corr_dominates,5.87673813e+00,1.00000000e+00,2.49999687e+07,-3.13237664e+01,-4.55503261e+00,-2.67687338e+01,1.00013959e-09
37,9.36573006e-01,2.96782077e-08,94,17,0,51,corr_ratio_high,5.03983325e-01,5.00000000e-01,2.49999687e+07,-3.13237664e+01,-4.55503261e+00,-2.67687338e+01,1.00013959e-09
37,9.36573006e-01,2.96782077e-08,94,17,1,52,normal_corr_dominates,5.69867609e+00,1.00000000e+00,2.49999695e+07,-3.05126880e+01,-4.55503261e+00,-2.59576554e+01,1.00015814e-09
37,9.36573006e-01,2.96782077e-08,94,17,2,53,normal_corr_dominates,8.34412289e+00,1.00000000e+00,2.50000335e+07,3.34527193e+01,-4.55503261e+00,3.80077519e+01,1.00017188e-09
37,9.36573006e-01,2.96782077e-08,94,18,0,54,normal_corr_dominates,2.26000406e+00,1.00000000e+00,2.50000050e+07,5.03823381e+00,-3.99858536e+00,9.03681917e+00,1.00014047e-09
37,9.36573006e-01,2.96782077e-08,94,18,1,55,normal_corr_dominates,2.99252902e+00,1.00000000e+00,2.50000080e+07,7.96729738e+00,-3.99858536e+00,1.19658827e+01,1.00014645e-09
37,9.36573006e-01,2.96782077e-08,94,18,2,56,normal_corr_dominates,4.18536090e+00,1.00000000e+00,2.49999793e+07,-2.07341082e+01,-3.99858536e+00,-1.67355228e+01,1.00015758e-09
37,9.36573006e-01,2.96782077e-08,94,19,0,57,normal_corr_dominates,5.86963291e+00,1.00000000e+00,2.49999564e+07,-4.36452092e+01,-6.35335393e+00,-3.72918553e+01,1.00004545e-09
37,9.36573006e-01,2.96782077e-08,94,19,0,57,corr_ratio_high,2.30139328e+00,5.00000000e-01,2.49999564e+07,-4.36452092e+01,-6.35335393e+00,-3.72918553e+01,1.00004545e-09
37,9.36573006e-01,2.96782077e-08,94,19,1,58,normal_corr_dominates,4.60344597e+00,1.00000000e+00,2.50000229e+07,2.28939676e+01,-6.35335393e+00,2.92473216e+01,1.00015859e-09
37,9.36573006e-01,2.96782077e-08,94,20,0,60,normal_corr_dominates,2.10030678e+00,1.00000000e+00,2.50000045e+07,4.48879801e+00,-4.07958770e+00,8.56838571e+00,1.00013796e-09
37,9.36573006e-01,2.96782077e-08,94,20,1,61,normal_corr_dominates,3.43621645e+00,1.00000000e+00,2.49999819e+07,-1.80979341e+01,-4.07958770e+00,-1.40183464e+01,1.00015851e-09
37,9.36573006e-01,2.96782077e-08,94,20,2,62,normal_corr_dominates,5.01879545e+00,1.00000000e+00,2.49999754e+07,-2.45542039e+01,-4.07958770e+00,-2.04746162e+01,1.00016543e-09
37,9.36573006e-01,2.96782077e-08,94,21,2,65,normal_corr_dominates,2.91315716e+00,1.00000000e+00,2.50000203e+07,2.03365088e+01,-1.06298161e+01,3.09663249e+01,1.00013377e-09
37,9.36573006e-01,2.96782077e-08,94,22,2,68,normal_corr_dominates,2.31192755e+00,1.00000000e+00,2.49999721e+07,-2.78609727e+01,-8.41231344e+00,-1.94486592e+01,1.00016023e-09
37,9.36573006e-01,2.96782077e-08,94,23,0,69,normal_corr_dominates,3.24606066e+00,1.00000000e+00,2.49999785e+07,-2.15386264e+01,-5.07261391e+00,-1.64660124e+01,1.00018034e-09
37,9.36573006e-01,2.96782077e-08,94,23,1,70,normal_corr_dominates,1.19633695e+00,1.00000000e+00,2.50000010e+07,9.95941565e-01,-5.07261391e+00,6.06855548e+00,1.00019012e-09
37,9.36573006e-01,2.96782077e-08,94,23,2,71,normal_corr_dominates,3.49551266e+00,1.00000000e+00,2.50000127e+07,1.26587723e+01,-5.07261391e+00,1.77313862e+01,1.00015975e-09
37,9.36573006e-01,2.96782077e-08,94,25,0,75,normal_corr_dominates,1.72749779e+01,1.00000000e+00,2.50000271e+07,2.71275375e+01,-1.66682485e+00,2.87943623e+01,1.00020787e-09
37,9.36573006e-01,2.96782077e-08,94,25,1,76,normal_corr_dominates,2.02680649e+01,1.00000000e+00,2.49999645e+07,-3.54501390e+01,-1.66682485e+00,-3.37833142e+01,1.00017213e-09
37,9.36573006e-01,2.96782077e-08,94,25,1,76,corr_ratio_high,6.12887896e-01,5.00000000e-01,2.49999645e+07,-3.54501390e+01,-1.66682485e+00,-3.37833142e+01,1.00017213e-09
37,9.36573006e-01,2.96782077e-08,94,25,2,77,normal_corr_dominates,1.69488767e+01,1.00000000e+00,2.49999701e+07,-2.99176336e+01,-1.66682485e+00,-2.82508088e+01,1.00021391e-09
37,9.36573006e-01,2.96782077e-08,94,26,0,78,normal_corr_dominates,1.13208478e+00,1.00000000e+00,2.50000007e+07,6.50402296e-01,-4.92412742e+00,5.57452971e+00,1.00021954e-09
37,9.36573006e-01,2.96782077e-08,94,26,1,79,normal_corr_dominates,2.29196760e+00,1.00000000e+00,2.50000064e+07,6.36181307e+00,-4.92412742e+00,1.12859405e+01,1.00014730e-09
37,9.36573006e-01,2.96782077e-08,94,26,2,80,normal_corr_dominates,6.27747693e+00,1.00000000e+00,2.49999642e+07,-3.58352237e+01,-4.92412742e+00,-3.09110963e+01,1.00020331e-09
37,9.36573006e-01,2.96782077e-08,94,28,0,84,normal_corr_dominates,5.50902166e+00,1.00000000e+00,2.49999321e+07,-6.78997841e+01,-1.04316421e+01,-5.74681420e+01,1.00025830e-09
37,9.36573006e-01,2.96782077e-08,94,28,2,86,normal_corr_dominates,1.43907541e+00,1.00000000e+00,2.50000046e+07,4.58027753e+00,-1.04316421e+01,1.50119196e+01,1.00015834e-09
37,9.36573006e-01,2.96782077e-08,94,29,0,87,normal_corr_dominates,5.40087400e+00,1.00000000e+00,2.50000162e+07,1.61914973e+01,-3.67915492e+00,1.98706522e+01,1.00023266e-09
37,9.36573006e-01,2.96782077e-08,94,29,1,88,corr_ratio_high,7.44258482e-01,5.00000000e-01,2.49999989e+07,-1.12524288e+00,-3.67915492e+00,2.55391204e+00,1.00011590e-09
37,9.36573006e-01,2.96782077e-08,94,29,2,89,normal_corr_dominates,4.68074323e+00,1.00000000e+00,2.49999791e+07,-2.09003344e+01,-3.67915492e+00,-1.72211795e+01,1.00016607e-09
37,9.36573006e-01,2.96782077e-08,94,30,1,91,normal_corr_dominates,1.67457086e+00,1.00000000e+00,2.49999775e+07,-2.24892556e+01,-8.40854731e+00,-1.40807083e+01,1.00017895e-09
37,9.36573006e-01,2.96782077e-08,94,32,0,96,normal_corr_dominates,1.49916510e+02,1.00000000e+00,2.49999564e+07,-4.36128852e+01,-2.88986839e-01,-4.33238984e+01,1.00021337e-09
37,9.36573006e-01,2.96782077e-08,94,32,1,97,normal_corr_dominates,7.33175052e+01,1.00000000e+00,2.50000209e+07,2.08988072e+01,-2.88986839e-01,2.11877941e+01,1.00019471e-09
37,9.36573006e-01,2.96782077e-08,94,32,2,98,normal_corr_dominates,1.71367261e+01,1.00000000e+00,2.49999948e+07,-5.24127513e+00,-2.88986839e-01,-4.95228829e+00,1.00012205e-09
37,9.36573006e-01,2.96782077e-08,94,32,2,98,corr_ratio_high,8.00450494e-01,5.00000000e-01,2.49999948e+07,-5.24127513e+00,-2.88986839e-01,-4.95228829e+00,1.00012205e-09
37,9.36573006e-01,2.96782077e-08,94,31,1,94,normal_corr_dominates,2.14065542e+00,1.00000000e+00,2.50000074e+07,7.41291246e+00,-6.49881845e+00,1.39117309e+01,1.00021072e-09
37,9.36573006e-01,2.96782077e-08,94,31,2,95,normal_corr_dominates,3.47792408e+00,1.00000000e+00,2.49999709e+07,-2.91012156e+01,-6.49881845e+00,-2.26023972e+01,1.00020350e-09
37,9.36573006e-01,2.96782077e-08,94,12,0,36,normal_corr_dominates,1.47559603e+00,1.00000000e+00,2.50000084e+07,8.43120779e+00,-1.77276666e+01,2.61588744e+01,1.00027921e-09
37,9.36573006e-01,2.96782077e-08,94,12,2,38,normal_corr_dominates,2.35791017e+00,1.00000000e+00,2.50000241e+07,2.40725787e+01,-1.77276666e+01,4.18002452e+01,1.00007599e-09
37,9.36573006e-01,2.96782077e-08,94,12,2,38,corr_ratio_high,1.51281259e+00,5.00000000e-01,2.50000241e+07,2.40725787e+01,-1.77276666e+01,4.18002452e+01,1.00007599e-09
38,9.58490893e-01,3.03727436e-08,94,0,0,0,normal_corr_dominates,8.63124810e+00,1.00000000e+00,2.49999636e+07,-3.63845025e+01,-3.77775571e+00,-3.26067467e+01,1.00015276e-09
38,9.58490893e-01,3.03727436e-08,94,0,1,1,normal_corr_dominates,7.39177425e+00,1.00000000e+00,2.50000241e+07,2.41465617e+01,-3.77775571e+00,2.79243174e+01,1.00010425e-09
38,9.58490893e-01,3.03727436e-08,94,0,2,2,normal_corr_dominates,3.67380734e+00,1.00000000e+00,2.50000101e+07,1.01009909e+01,-3.77775571e+00,1.38787467e+01,1.00023830e-09
38,9.58490893e-01,3.03727436e-08,94,1,0,3,normal_corr_dominates,2.29473679e+00,1.00000000e+00,2.50000094e+07,9.35510275e+00,-7.22548616e+00,1.65805889e+01,1.00020378e-09
38,9.58490893e-01,3.03727436e-08,94,1,1,4,normal_corr_dominates,5.51257546e+00,1.00000000e+00,2.50000326e+07,3.26055515e+01,-7.22548616e+00,3.98310377e+01,1.00014374e-09
38,9.58490893e-01,3.03727436e-08,94,1,2,5,normal_corr_dominates,4.13727978e+00,1.00000000e+00,2.49999629e+07,-3.71193439e+01,-7.22548616e+00,-2.98938577e+01,1.00021938e-09
38,9.58490893e-01,3.03727436e-08,94,2,0,6,normal_corr_dominates,1.24610117e+01,1.00000000e+00,2.50000417e+07,4.16761590e+01,-3.63634207e+00,4.53125010e+01,1.00009256e-09
38,9.58490893e-01,3.03727436e-08,94,2,0,6,corr_ratio_high,6.00945858e-01,5.00000000e-01,2.50000417e+07,4.16761590e+01,-3.63634207e+00,4.53125010e+01,1.00009256e-09
38,9.58490893e-01,3.03727436e-08,94,2,1,7,normal_corr_dominates,2.87263972e+00,1.00000000e+00,2.49999859e+07,-1.40822427e+01,-3.63634207e+00,-1.04459006e+01,1.00025443e-09
38,9.58490893e-01,3.03727436e-08,94,2,2,8,normal_corr_dominates,3.23310641e+00,1.00000000e+00,2.49999846e+07,-1.53930229e+01,-3.63634207e+00,-1.17566809e+01,1.00018667e-09
38,9.58490893e-01,3.03727436e-08,94,3,0,9,normal_corr_dominates,5.66497653e+00,1.00000000e+00,2.49999635e+07,-3.65136316e+01,-5.47843364e+00,-3.10351980e+01,1.00016022e-09
38,9.58490893e-01,3.03727436e-08,94,3,1,10,normal_corr_dominates,3.34231860e+00,1.00000000e+00,2.50000128e+07,1.28322370e+01,-5.47843364e+00,1.83106707e+01,1.00021944e-09
38,9.58490893e-01,3.03727436e-08,94,3,2,11,normal_corr_dominates,6.00314119e+00,1.00000000e+00,2.50000274e+07,2.74093770e+01,-5.47843364e+00,3.28878107e+01,1.00016331e-09
38,9.58490893e-01,3.03727436e-08,94,4,0,12,normal_corr_dominates,5.08025438e+00,1.00000000e+00,2.50000114e+07,1.13618403e+01,-2.78459117e+00,1.41464315e+01,1.00014319e-09
38,9.58490893e-01,3.03727436e-08,94,4,1,13,normal_corr_dominates,7.35325273e+00,1.00000000e+00,2.49999767e+07,-2.32603938e+01,-2.78459117e+00,-2.04758026e+01,1.00015471e-09
38,9.58490893e-01,3.03727436e-08,94,4,2,14,normal_corr_dominates,7.43469733e+00,1.00000000e+00,2.50000179e+07,1.79180014e+01,-2.78459117e+00,2.07025925e+01,1.00014626e-09
38,9.58490893e-01,3.03727436e-08,94,5,0,15,normal_corr_dominates,1.48577135e+00,1.00000000e+00,2.50000057e+07,5.74004267e+00,-1.18163466e+01,1.75563892e+01,1.00015097e-09
38,9.58490893e-01,3.03727436e-08,94,5,1,16,normal_corr_dominates,2.22349700e+00,1.00000000e+00,2.49999619e+07,-3.80899576e+01,-1.18163466e+01,-2.62736111e+01,1.00010059e-09
38,9.58490893e-01,3.03727436e-08,94,5,1,16,corr_ratio_high,9.06009221e-01,5.00000000e-01,2.49999619e+07,-3.80899576e+01,-1.18163466e+01,-2.62736111e+01,1.00010059e-09
38,9.58490893e-01,3.03727436e-08,94,5,2,17,normal_corr_dominates,2.31645305e+00,1.00000000e+00,2.50000156e+07,1.55556655e+01,-1.18163466e+01,2.73720121e+01,1.00016456e-09
38,9.58490893e-01,3.03727436e-08,94,8,0,24,normal_corr_dominates,3.53559880e+00,1.00000000e+00,2.50000120e+07,1.20366608e+01,-4.74706832e+00,1.67837291e+01,1.00019075e-09
38,9.58490893e-01,3.03727436e-08,94,8,1,25,normal_corr_dominates,1.66316618e+00,1.00000000e+00,2.50000031e+07,3.14809518e+00,-4.74706832e+00,7.89516350e+00,1.00016431e-09
38,9.58490893e-01,3.03727436e-08,94,8,2,26,normal_corr_dominates,4.82348119e+00,1.00000000e+00,2.49999724e+07,-2.76444631e+01,-4.74706832e+00,-2.28973948e+01,1.00021693e-09
38,9.58490893e-01,3.03727436e-08,94,9,0,27,normal_corr_dominates,2.80796205e+00,1.00000000e+00,2.49999708e+07,-2.92195971e+01,-7.67328999e+00,-2.15463071e+01,1.00019537e-09
38,9.58490893e-01,3.03727436e-08,94,9,1,28,normal_corr_dominates,4.30461592e+00,1.00000000e+00,2.50000254e+07,2.53572763e+01,-7.67328999e+00,3.30305663e+01,1.00014995e-09
38,9.58490893e-01,3.03727436e-08,94,9,2,29,normal_corr_dominates,3.50539784e+00,1.00000000e+00,2.49999654e+07,-3.45712242e+01,-7.67328999e+00,-2.68979342e+01,1.00022799e-09
38,9.58490893e-01,3.03727436e-08,94,10,0,30,normal_corr_dominates,1.20534223e+00,1.00000000e+00,2.49999820e+07,-1.79574114e+01,-8.14268699e+00,-9.81472446e+00,1.00011471e-09
38,9.58490893e-01,3.03727436e-08,94,10,0,30,corr_ratio_high,7.45385417e-01,5.00000000e-01,2.49999820e+07,-1.79574114e+01,-8.14268699e+00,-9.81472446e+00,1.00011471e-09
38,9.58490893e-01,3.03727436e-08,94,10,2,32,normal_corr_dominates,3.56664248e+00,1.00000000e+00,2.50000209e+07,2.08993663e+01,-8.14268699e+00,2.90420533e+01,1.00017501e-09
38,9.58490893e-01,3.03727436e-08,94,13,2,41,normal_corr_dominates,1.33659034e+00,1.00000000e+00,2.50000034e+07,3.40708840e+00,-1.01223595e+01,1.35294479e+01,1.00016779e-09
38,9.58490893e-01,3.03727436e-08,94,14,0,42,normal_corr_dominates,5.09651365e+00,1.00000000e+00,2.50000368e+07,3.68107359e+01,-8.98586922e+00,4.57966051e+01,1.00031268e-09
38,9.58490893e-01,3.03727436e-08,94,14,1,43,normal_corr_dominates,6.92499161e+00,1.00000000e+00,2.49999288e+07,-7.12129382e+01,-8.98586922e+00,-6.22270690e+01,1.00019419e-09
38,9.58490893e-01,3.03727436e-08,94,14,2,44,normal_corr_dominates,2.43783539e+00,1.00000000e+00,2.50000129e+07,1.29202008e+01,-8.98586922e+00,2.19060700e+01,1.00012320e-09
38,9.58490893e-01,3.03727436e-08,94,14,2,44,corr_ratio_high,6.61061104e-01,5.00000000e-01,2.50000129e+07,1.29202008e+01,-8.98586922e+00,2.19060700e+01,1.00012320e-09
38,9.58490893e-01,3.03727436e-08,94,15,0,45,normal_corr_dominates,6.98999126e+00,1.00000000e+00,2.50000394e+07,3.94420206e+01,-6.58465412e+00,4.60266747e+01,1.00011415e-09
38,9.58490893e-01,3.03727436e-08,94,15,1,46,normal_corr_dominates,1.27319103e+00,1.00000000e+00,2.50000018e+07,1.79886846e+00,-6.58465412e+00,8.38352258e+00,1.00015782e-09
38,9.58490893e-01,3.03727436e-08,94,15,2,47,normal_corr_dominates,3.60870380e+00,1.00000000e+00,2.49999697e+07,-3.03467205e+01,-6.58465412e+00,-2.37620663e+01,1.00018850e-09
38,9.58490893e-01,3.03727436e-08,94,17,0,51,normal_corr_dominates,5.88096390e+00,1.00000000e+00,2.49999680e+07,-3.20085615e+01,-4.65175547e+00,-2.73568060e+01,1.00014263e-09
38,9.58490893e-01,3.03727436e-08,94,17,0,51,corr_ratio_high,5.04021644e-01,5.00000000e-01,2.49999680e+07,-3.20085615e+01,-4.65175547e+00,-2.73568060e+01,1.00014263e-09
38,9.58490893e-01,3.03727436e-08,94,17,1,52,normal_corr_dominates,5.70196378e+00,1.00000000e+00,2.49999688e+07,-3.11758967e+01,-4.65175547e+00,-2.65241412e+01,1.00016158e-09
38,9.58490893e-01,3.03727436e-08,94,17,2,53,normal_corr_dominates,8.34923848e+00,1.00000000e+00,2.50000342e+07,3.41868603e+01,-4.65175547e+00,3.88386158e+01,1.00017560e-09
38,9.58490893e-01,3.03727436e-08,94,18,0,54,normal_corr_dominates,2.26092391e+00,1.00000000e+00,2.50000051e+07,5.14981334e+00,-4.08415868e+00,9.23397202e+00,1.00014352e-09
38,9.58490893e-01,3.03727436e-08,94,18,1,55,normal_corr_dominates,2.99347141e+00,1.00000000e+00,2.50000081e+07,8.14165356e+00,-4.08415868e+00,1.22258122e+01,1.00014964e-09
38,9.58490893e-01,3.03727436e-08,94,18,2,56,normal_corr_dominates,4.18674394e+00,1.00000000e+00,2.49999788e+07,-2.11834853e+01,-4.08415868e+00,-1.70993266e+01,1.00016101e-09
38,9.58490893e-01,3.03727436e-08,94,19,0,57,normal_corr_dominates,5.87063434e+00,1.00000000e+00,2.49999554e+07,-4.45948260e+01,-6.49064173e+00,-3.81041842e+01,1.00004646e-09
38,9.58490893e-01,3.03727436e-08,94,19,0,57,corr_ratio_high,2.30071840e+00,5.00000000e-01,2.49999554e+07,-4.45948260e+01,-6.49064173e+00,-3.81041842e+01,1.00004646e-09
38,9.58490893e-01,3.03727436e-08,94,19,1,58,normal_corr_dominates,4.60380788e+00,1.00000000e+00,2.50000234e+07,2.33910258e+01,-6.49064173e+00,2.98816676e+01,1.00016204e-09
38,9.58490893e-01,3.03727436e-08,94,20,0,60,normal_corr_dominates,2.10125047e+00,1.00000000e+00,2.50000046e+07,4.58850685e+00,-4.16663327e+00,8.75514012e+00,1.00014096e-09
38,9.58490893e-01,3.03727436e-08,94,20,1,61,normal_corr_dominates,3.43799722e+00,1.00000000e+00,2.49999815e+07,-1.84915069e+01,-4.16663327e+00,-1.43248736e+01,1.00016196e-09
38,9.58490893e-01,3.03727436e-08,94,20,2,62,normal_corr_dominates,5.02110124e+00,1.00000000e+00,2.49999749e+07,-2.50877208e+01,-4.16663327e+00,-2.09210875e+01,1.00016903e-09
38,9.58490893e-01,3.03727436e-08,94,21,2,65,normal_corr_dominates,2.91383184e+00,1.00000000e+00,2.50000208e+07,2.07810359e+01,-1.08583395e+01,3.16393755e+01,1.00013668e-09
38,9.58490893e-01,3.03727436e-08,94,22,2,68,normal_corr_dominates,2.31204673e+00,1.00000000e+00,2.49999715e+07,-2.84626883e+01,-8.59368561e+00,-1.98690027e+01,1.00016372e-09
38,9.58490893e-01,3.03727436e-08,94,23,0,69,normal_corr_dominates,3.24674499e+00,1.00000000e+00,2.49999780e+07,-2.20004858e+01,-5.18055259e+00,-1.68199332e+01,1.00018425e-09
38,9.58490893e-01,3.03727436e-08,94,23,1,70,normal_corr_dominates,1.19739177e+00,1.00000000e+00,2.50000010e+07,1.02259847e+00,-5.18055259e+00,6.20315106e+00,1.00019425e-09
38,9.58490893e-01,3.03727436e-08,94,23,2,71,normal_corr_dominates,3.49761268e+00,1.00000000e+00,2.50000129e+07,1.29390138e+01,-5.18055259e+00,1.81195664e+01,1.00016322e-09
38,9.58490893e-01,3.03727436e-08,94,25,0,75,normal_corr_dominates,1.73051005e+01,1.00000000e+00,2.50000277e+07,2.77179466e+01,-1.69995558e+00,2.94179022e+01,1.00021239e-09
38,9.58490893e-01,3.03727436e-08,94,25,1,76,normal_corr_dominates,2.03036571e+01,1.00000000e+00,2.49999638e+07,-3.62152707e+01,-1.69995558e+00,-3.45153151e+01,1.00017587e-09
38,9.58490893e-01,3.03727436e-08,94,25,1,76,corr_ratio_high,6.12937204e-01,5.00000000e-01,2.49999638e+07,-3.62152707e+01,-1.69995558e+00,-3.45153151e+01,1.00017587e-09
38,9.58490893e-01,3.03727436e-08,94,25,2,77,normal_corr_dominates,1.69825242e+01,1.00000000e+00,2.49999694e+07,-3.05694924e+01,-1.69995558e+00,-2.88695368e+01,1.00021856e-09
38,9.58490893e-01,3.03727436e-08,94,26,0,78,normal_corr_dominates,1.13334567e+00,1.00000000e+00,2.50000007e+07,6.70515535e-01,-5.02840115e+00,5.69891668e+00,1.00022430e-09
38,9.58490893e-01,3.03727436e-08,94,26,1,79,normal_corr_dominates,2.29340505e+00,1.00000000e+00,2.50000065e+07,6.50375945e+00,-5.02840115e+00,1.15321606e+01,1.00015052e-09
38,9.58490893e-01,3.03727436e-08,94,26,2,80,normal_corr_dominates,6.28212099e+00,1.00000000e+00,2.49999634e+07,-3.66174255e+01,-5.02840115e+00,-3.15890244e+01,1.00020772e-09
38,9.58490893e-01,3.03727436e-08,94,28,0,84,normal_corr_dominates,5.50963909e+00,1.00000000e+00,2.49999306e+07,-6.93744095e+01,-1.06571822e+01,-5.87172274e+01,1.00026392e-09
38,9.58490893e-01,3.03727436e-08,94,28,2,86,normal_corr_dominates,1.43917694e+00,1.00000000e+00,2.50000047e+07,4.68038870e+00,-1.06571822e+01,1.53375709e+01,1.00016177e-09
38,9.58490893e-01,3.03727436e-08,94,29,0,87,normal_corr_dominates,5.40209830e+00,1.00000000e+00,2.50000165e+07,1.65441818e+01,-3.75824905e+00,2.03024308e+01,1.00023772e-09
38,9.58490893e-01,3.03727436e-08,94,29,1,88,corr_ratio_high,7.44201383e-01,5.00000000e-01,2.49999989e+07,-1.14830358e+00,-3.75824905e+00,2.60994547e+00,1.00011843e-09
38,9.58490893e-01,3.03727436e-08,94,29,2,89,normal_corr_dominates,4.68143322e+00,1.00000000e+00,2.49999786e+07,-2.13522410e+01,-3.75824905e+00,-1.75939920e+01,1.00016968e-09
38,9.58490893e-01,3.03727436e-08,94,30,1,91,normal_corr_dominates,1.67483386e+00,1.00000000e+00,2.49999770e+07,-2.29743201e+01,-8.58906434e+00,-1.43852558e+01,1.00018284e-09
38,9.58490893e-01,3.03727436e-08,94,32,0,96,normal_corr_dominates,1.50190378e+02,1.00000000e+00,2.49999554e+07,-4.45596524e+01,-2.94725451e-01,-4.42649269e+01,1.00021801e-09
38,9.58490893e-01,3.03727436e-08,94,32,1,97,normal_corr_dominates,7.34481157e+01,1.00000000e+00,2.50000214e+07,2.13523036e+01,-2.94725451e-01,2.16470290e+01,1.00019895e-09
38,9.58490893e-01,3.03727436e-08,94,32,2,98,normal_corr_dominates,1.71545500e+01,1.00000000e+00,2.49999946e+07,-5.35060795e+00,-2.94725451e-01,-5.05588250e+00,1.00012470e-09
38,9.58490893e-01,3.03727436e-08,94,32,2,98,corr_ratio_high,8.00513333e-01,5.00000000e-01,2.49999946e+07,-5.35060795e+00,-2.94725451e-01,-5.05588250e+00,1.00012470e-09
38,9.58490893e-01,3.03727436e-08,94,31,1,94,normal_corr_dominates,2.14165360e+00,1.00000000e+00,2.50000076e+07,7.57607905e+00,-6.63605760e+00,1.42121366e+01,1.00021530e-09
38,9.58490893e-01,3.03727436e-08,94,31,2,95,normal_corr_dominates,3.48066834e+00,1.00000000e+00,2.49999703e+07,-2.97339732e+01,-6.63605760e+00,-2.30979156e+01,1.00020792e-09
38,9.58490893e-01,3.03727436e-08,94,12,0,36,normal_corr_dominates,1.47592384e+00,1.00000000e+00,2.50000086e+07,8.61868956e+00,-1.81093880e+01,2.67280776e+01,1.00028527e-09
38,9.58490893e-01,3.03727436e-08,94,12,2,38,normal_corr_dominates,2.35854355e+00,1.00000000e+00,2.50000246e+07,2.46023922e+01,-1.81093880e+01,4.27117802e+01,1.00007766e-09
38,9.58490893e-01,3.03727436e-08,94,12,2,38,corr_ratio_high,1.51236104e+00,5.00000000e-01,2.50000246e+07,2.46023922e+01,-1.81093880e+01,4.27117802e+01,1.00007766e-09
39,9.80231909e-01,3.10616748e-08,94,0,0,0,normal_corr_dominates,8.63456047e+00,1.00000000e+00,2.49999628e+07,-3.71531140e+01,-3.85623341e+00,-3.32968806e+01,1.00015598e-09
39,9.80231909e-01,3.10616748e-08,94,0,1,1,normal_corr_dominates,7.39310198e+00,1.00000000e+00,2.50000247e+07,2.46532934e+01,-3.85623341e+00,2.85095268e+01,1.00010647e-09
39,9.80231909e-01,3.10616748e-08,94,0,2,2,normal_corr_dominates,3.67678615e+00,1.00000000e+00,2.50000103e+07,1.03223122e+01,-3.85623341e+00,1.41785456e+01,1.00024329e-09
39,9.80231909e-01,3.10616748e-08,94,1,0,3,normal_corr_dominates,2.29545225e+00,1.00000000e+00,2.50000096e+07,9.55527589e+00,-7.37601552e+00,1.69312914e+01,1.00020808e-09
39,9.80231909e-01,3.10616748e-08,94,1,1,4,normal_corr_dominates,5.51456383e+00,1.00000000e+00,2.50000333e+07,3.32994929e+01,-7.37601552e+00,4.06755084e+01,1.00014676e-09
39,9.80231909e-01,3.10616748e-08,94,1,2,5,normal_corr_dominates,4.13876389e+00,1.00000000e+00,2.49999621e+07,-3.79036023e+01,-7.37601552e+00,-3.05275867e+01,1.00022399e-09
39,9.80231909e-01,3.10616748e-08,94,2,0,6,normal_corr_dominates,1.24650600e+01,1.00000000e+00,2.50000426e+07,4.25531052e+01,-3.71154666e+00,4.62646519e+01,1.00009452e-09
39,9.80231909e-01,3.10616748e-08,94,2,0,6,corr_ratio_high,6.00795006e-01,5.00000000e-01,2.50000426e+07,4.25531052e+01,-3.71154666e+00,4.62646519e+01,1.00009452e-09
39,9.80231909e-01,3.10616748e-08,94,2,1,7,normal_corr_dominates,2.87218096e+00,1.00000000e+00,2.49999856e+07,-1.43717803e+01,-3.71154666e+00,-1.06602337e+01,1.00025976e-09
39,9.80231909e-01,3.10616748e-08,94,2,2,8,normal_corr_dominates,3.23400178e+00,1.00000000e+00,2.49999843e+07,-1.57146952e+01,-3.71154666e+00,-1.20031485e+01,1.00019061e-09
39,9.80231909e-01,3.10616748e-08,94,3,0,9,normal_corr_dominates,5.66674518e+00,1.00000000e+00,2.49999627e+07,-3.72847554e+01,-5.59264744e+00,-3.16921079e+01,1.00016360e-09
39,9.80231909e-01,3.10616748e-08,94,3,1,10,normal_corr_dominates,3.34388621e+00,1.00000000e+00,2.50000131e+07,1.31085292e+01,-5.59264744e+00,1.87011767e+01,1.00022405e-09
39,9.80231909e-01,3.10616748e-08,94,3,2,11,normal_corr_dominates,6.00497834e+00,1.00000000e+00,2.50000280e+07,2.79910793e+01,-5.59264744e+00,3.35837268e+01,1.00016674e-09
39,9.80231909e-01,3.10616748e-08,94,4,0,12,normal_corr_dominates,5.08295965e+00,1.00000000e+00,2.50000116e+07,1.16024832e+01,-2.84168451e+00,1.44441677e+01,1.00014621e-09
39,9.80231909e-01,3.10616748e-08,94,4,1,13,normal_corr_dominates,7.35724424e+00,1.00000000e+00,2.49999763e+07,-2.37486515e+01,-2.84168451e+00,-2.09069670e+01,1.00015797e-09
39,9.80231909e-01,3.10616748e-08,94,4,2,14,normal_corr_dominates,7.43783739e+00,1.00000000e+00,2.50000183e+07,1.82943028e+01,-2.84168451e+00,2.11359873e+01,1.00014935e-09
39,9.80231909e-01,3.10616748e-08,94,5,0,15,normal_corr_dominates,1.48603771e+00,1.00000000e+00,2.50000059e+07,5.86380923e+00,-1.20645151e+01,1.79283243e+01,1.00015415e-09
39,9.80231909e-01,3.10616748e-08,94,5,1,16,normal_corr_dominates,2.22375310e+00,1.00000000e+00,2.49999611e+07,-3.88930180e+01,-1.20645151e+01,-2.68285029e+01,1.00010272e-09
39,9.80231909e-01,3.10616748e-08,94,5,1,16,corr_ratio_high,9.05730633e-01,5.00000000e-01,2.49999611e+07,-3.88930180e+01,-1.20645151e+01,-2.68285029e+01,1.00010272e-09
39,9.80231909e-01,3.10616748e-08,94,5,2,17,normal_corr_dominates,2.31650159e+00,1.00000000e+00,2.50000159e+07,1.58829533e+01,-1.20645151e+01,2.79474684e+01,1.00016802e-09
39,9.80231909e-01,3.10616748e-08,94,8,0,24,normal_corr_dominates,3.53782505e+00,1.00000000e+00,2.50000123e+07,1.22943207e+01,-4.84443191e+00,1.71387526e+01,1.00019477e-09
39,9.80231909e-01,3.10616748e-08,94,8,1,25,normal_corr_dominates,1.66368324e+00,1.00000000e+00,2.50000032e+07,3.21516827e+00,-4.84443191e+00,8.05960018e+00,1.00016777e-09
39,9.80231909e-01,3.10616748e-08,94,8,2,26,normal_corr_dominates,4.82652157e+00,1.00000000e+00,2.49999718e+07,-2.82261871e+01,-4.84443191e+00,-2.33817551e+01,1.00022149e-09
39,9.80231909e-01,3.10616748e-08,94,9,0,27,normal_corr_dominates,2.80786440e+00,1.00000000e+00,2.49999702e+07,-2.98270887e+01,-7.83302282e+00,-2.19940659e+01,1.00019947e-09
39,9.80231909e-01,3.10616748e-08,94,9,1,28,normal_corr_dominates,4.30632527e+00,1.00000000e+00,2.50000259e+07,2.58985213e+01,-7.83302282e+00,3.37315441e+01,1.00015311e-09
39,9.80231909e-01,3.10616748e-08,94,9,2,29,normal_corr_dominates,3.50693696e+00,1.00000000e+00,2.49999647e+07,-3.53029400e+01,-7.83302282e+00,-2.74699172e+01,1.00023279e-09
39,9.80231909e-01,3.10616748e-08,94,10,0,30,normal_corr_dominates,1.20670224e+00,1.00000000e+00,2.49999817e+07,-1.83402025e+01,-8.31113605e+00,-1.00290665e+01,1.00011715e-09
39,9.80231909e-01,3.10616748e-08,94,10,0,30,corr_ratio_high,7.45014683e-01,5.00000000e-01,2.49999817e+07,-1.83402025e+01,-8.31113605e+00,-1.00290665e+01,1.00011715e-09
39,9.80231909e-01,3.10616748e-08,94,10,2,32,normal_corr_dominates,3.56828895e+00,1.00000000e+00,2.50000213e+07,2.13453989e+01,-8.31113605e+00,2.96565350e+01,1.00017869e-09
39,9.80231909e-01,3.10616748e-08,94,13,2,41,normal_corr_dominates,1.33657093e+00,1.00000000e+00,2.50000035e+07,3.47807665e+00,-1.03338593e+01,1.38119360e+01,1.00017132e-09
39,9.80231909e-01,3.10616748e-08,94,14,0,42,normal_corr_dominates,5.09790199e+00,1.00000000e+00,2.50000376e+07,3.75872385e+01,-9.17231272e+00,4.67595512e+01,1.00031925e-09
39,9.80231909e-01,3.10616748e-08,94,14,1,43,normal_corr_dominates,6.92716428e+00,1.00000000e+00,2.49999273e+07,-7.27104297e+01,-9.17231272e+00,-6.35381170e+01,1.00019829e-09
39,9.80231909e-01,3.10616748e-08,94,14,2,44,normal_corr_dominates,2.43842329e+00,1.00000000e+00,2.50000132e+07,1.31936682e+01,-9.17231272e+00,2.23659810e+01,1.00012580e-09
39,9.80231909e-01,3.10616748e-08,94,14,2,44,corr_ratio_high,6.61095712e-01,5.00000000e-01,2.50000132e+07,1.31936682e+01,-9.17231272e+00,2.23659810e+01,1.00012580e-09
39,9.80231909e-01,3.10616748e-08,94,15,0,45,normal_corr_dominates,6.99066665e+00,1.00000000e+00,2.50000403e+07,4.02724760e+01,-6.72253663e+00,4.69950126e+01,1.00011656e-09
39,9.80231909e-01,3.10616748e-08,94,15,1,46,normal_corr_dominates,1.27361080e+00,1.00000000e+00,2.50000018e+07,1.83935863e+00,-6.72253663e+00,8.56189526e+00,1.00016115e-09
39,9.80231909e-01,3.10616748e-08,94,15,2,47,normal_corr_dominates,3.60905520e+00,1.00000000e+00,2.49999690e+07,-3.09845424e+01,-6.72253663e+00,-2.42620058e+01,1.00019247e-09
39,9.80231909e-01,3.10616748e-08,94,17,0,51,normal_corr_dominates,5.88505853e+00,1.00000000e+00,2.49999673e+07,-3.26864996e+01,-4.74745414e+00,-2.79390455e+01,1.00014564e-09
39,9.80231909e-01,3.10616748e-08,94,17,0,51,corr_ratio_high,5.04058676e-01,5.00000000e-01,2.49999673e+07,-3.26864996e+01,-4.74745414e+00,-2.79390455e+01,1.00014564e-09
39,9.80231909e-01,3.10616748e-08,94,17,1,52,normal_corr_dominates,5.70513960e+00,1.00000000e+00,2.49999682e+07,-3.18323428e+01,-4.74745414e+00,-2.70848887e+01,1.00016499e-09
39,9.80231909e-01,3.10616748e-08,94,17,2,53,normal_corr_dominates,8.35418638e+00,1.00000000e+00,2.50000349e+07,3.49136626e+01,-4.74745414e+00,3.96611168e+01,1.00017928e-09
39,9.80231909e-01,3.10616748e-08,94,18,0,54,normal_corr_dominates,2.26180623e+00,1.00000000e+00,2.50000053e+07,5.26027210e+00,-4.16884301e+00,9.42911511e+00,1.00014654e-09
39,9.80231909e-01,3.10616748e-08,94,18,1,55,normal_corr_dominates,2.99437483e+00,1.00000000e+00,2.50000083e+07,8.31423556e+00,-4.16884301e+00,1.24830786e+01,1.00015280e-09
39,9.80231909e-01,3.10616748e-08,94,18,2,56,normal_corr_dominates,4.18807039e+00,1.00000000e+00,2.49999784e+07,-2.16282510e+01,-4.16884301e+00,-1.74594080e+01,1.00016440e-09
39,9.80231909e-01,3.10616748e-08,94,19,0,57,normal_corr_dominates,5.87159325e+00,1.00000000e+00,2.49999545e+07,-4.55347862e+01,-6.62652526e+00,-3.89082610e+01,1.00004746e-09
39,9.80231909e-01,3.10616748e-08,94,19,0,57,corr_ratio_high,2.30006117e+00,5.00000000e-01,2.49999545e+07,-4.55347862e+01,-6.62652526e+00,-3.89082610e+01,1.00004746e-09
39,9.80231909e-01,3.10616748e-08,94,19,1,58,normal_corr_dominates,4.60414959e+00,1.00000000e+00,2.50000239e+07,2.38829883e+01,-6.62652526e+00,3.05095136e+01,1.00016545e-09
39,9.80231909e-01,3.10616748e-08,94,20,0,60,normal_corr_dominates,2.10215785e+00,1.00000000e+00,2.50000047e+07,4.68721990e+00,-4.25276643e+00,8.93998633e+00,1.00014393e-09
39,9.80231909e-01,3.10616748e-08,94,20,1,61,normal_corr_dominates,3.43971835e+00,1.00000000e+00,2.49999811e+07,-1.88810852e+01,-4.25276643e+00,-1.46283187e+01,1.00016537e-09
39,9.80231909e-01,3.10616748e-08,94,20,2,62,normal_corr_dominates,5.02332513e+00,1.00000000e+00,2.49999744e+07,-2.56157949e+01,-4.25276643e+00,-2.13630285e+01,1.00017259e-09
39,9.80231909e-01,3.10616748e-08,94,21,2,65,normal_corr_dominates,2.91448229e+00,1.00000000e+00,2.50000212e+07,2.12210827e+01,-1.10845020e+01,3.23055847e+01,1.00013957e-09
39,9.80231909e-01,3.10616748e-08,94,22,2,68,normal_corr_dominates,2.31215484e+00,1.00000000e+00,2.49999709e+07,-2.90582054e+01,-8.77320257e+00,-2.02850028e+01,1.00016717e-09
39,9.80231909e-01,3.10616748e-08,94,23,0,69,normal_corr_dominates,3.24739536e+00,1.00000000e+00,2.49999775e+07,-2.24575157e+01,-5.28736173e+00,-1.71701540e+01,1.00018812e-09
39,9.80231909e-01,3.10616748e-08,94,23,1,70,normal_corr_dominates,1.19841187e+00,1.00000000e+00,2.50000010e+07,1.04907530e+00,-5.28736173e+00,6.33643704e+00,1.00019833e-09
39,9.80231909e-01,3.10616748e-08,94,23,2,71,normal_corr_dominates,3.49963836e+00,1.00000000e+00,2.50000132e+07,1.32164922e+01,-5.28736173e+00,1.85038540e+01,1.00016666e-09
39,9.80231909e-01,3.10616748e-08,94,25,0,75,normal_corr_dominates,1.73343287e+01,1.00000000e+00,2.50000283e+07,2.83023477e+01,-1.73269121e+00,3.00350390e+01,1.00021687e-09
39,9.80231909e-01,3.10616748e-08,94,25,1,76,normal_corr_dominates,2.03381917e+01,1.00000000e+00,2.49999630e+07,-3.69724971e+01,-1.73269121e+00,-3.52398059e+01,1.00017956e-09
39,9.80231909e-01,3.10616748e-08,94,25,1,76,corr_ratio_high,6.12984551e-01,5.00000000e-01,2.49999630e+07,-3.69724971e+01,-1.73269121e+00,-3.52398059e+01,1.00017956e-09
39,9.80231909e-01,3.10616748e-08,94,25,2,77,normal_corr_dominates,1.70151831e+01,1.00000000e+00,2.49999688e+07,-3.12147494e+01,-1.73269121e+00,-2.94820582e+01,1.00022317e-09
39,9.80231909e-01,3.10616748e-08,94,26,0,78,normal_corr_dominates,1.13456344e+00,1.00000000e+00,2.50000007e+07,6.90521778e-01,-5.13157060e+00,5.82209238e+00,1.00022901e-09
39,9.80231909e-01,3.10616748e-08,94,26,1,79,normal_corr_dominates,2.29480016e+00,1.00000000e+00,2.50000066e+07,6.64435845e+00,-5.13157060e+00,1.17759291e+01,1.00015370e-09
39,9.80231909e-01,3.10616748e-08,94,26,2,80,normal_corr_dominates,6.28660991e+00,1.00000000e+00,2.49999626e+07,-3.73917532e+01,-5.13157060e+00,-3.22601826e+01,1.00021210e-09
39,9.80231909e-01,3.10616748e-08,94,28,0,84,normal_corr_dominates,5.51023399e+00,1.00000000e+00,2.49999292e+07,-7.08339884e+01,-1.08804059e+01,-5.99535825e+01,1.00026949e-09
39,9.80231909e-01,3.10616748e-08,94,28,2,86,normal_corr_dominates,1.43927515e+00,1.00000000e+00,2.50000048e+07,4.77949195e+00,-1.08804059e+01,1.56598979e+01,1.00016517e-09
39,9.80231909e-01,3.10616748e-08,94,29,0,87,normal_corr_dominates,5.40327191e+00,1.00000000e+00,2.50000169e+07,1.68932828e+01,-3.83652954e+00,2.07298123e+01,1.00024273e-09
39,9.80231909e-01,3.10616748e-08,94,29,1,88,corr_ratio_high,7.44145025e-01,5.00000000e-01,2.49999988e+07,-1.17112759e+00,-3.83652954e+00,2.66540195e+00,1.00012093e-09
39,9.80231909e-01,3.10616748e-08,94,29,2,89,normal_corr_dominates,4.68208591e+00,1.00000000e+00,2.49999782e+07,-2.17994905e+01,-3.83652954e+00,-1.79629609e+01,1.00017325e-09
39,9.80231909e-01,3.10616748e-08,94,30,1,91,normal_corr_dominates,1.67508530e+00,1.00000000e+00,2.49999765e+07,-2.34543785e+01,-8.76771236e+00,-1.46866661e+01,1.00018669e-09
39,9.80231909e-01,3.10616748e-08,94,32,0,96,normal_corr_dominates,1.50452580e+02,1.00000000e+00,2.49999545e+07,-4.54967481e+01,-3.00402595e-01,-4.51963455e+01,1.00022261e-09
39,9.80231909e-01,3.10616748e-08,94,32,1,97,normal_corr_dominates,7.35730975e+01,1.00000000e+00,2.50000218e+07,2.18011468e+01,-3.00402595e-01,2.21015494e+01,1.00020314e-09
39,9.80231909e-01,3.10616748e-08,94,32,2,98,normal_corr_dominates,1.71713317e+01,1.00000000e+00,2.49999945e+07,-5.45871520e+00,-3.00402595e-01,-5.15831261e+00,1.00012732e-09
39,9.80231909e-01,3.10616748e-08,94,32,2,98,corr_ratio_high,8.00573910e-01,5.00000000e-01,2.49999945e+07,-5.45871520e+00,-3.00402595e-01,-5.15831261e+00,1.00012732e-09
39,9.80231909e-01,3.10616748e-08,94,31,1,94,normal_corr_dominates,2.14261967e+00,1.00000000e+00,2.50000077e+07,7.73761586e+00,-6.77182099e+00,1.45094368e+01,1.00021983e-09
39,9.80231909e-01,3.10616748e-08,94,31,2,95,normal_corr_dominates,3.48332904e+00,1.00000000e+00,2.49999696e+07,-3.03603017e+01,-6.77182099e+00,-2.35884807e+01,1.00021230e-09
39,9.80231909e-01,3.10616748e-08,94,12,0,36,normal_corr_dominates,1.47624112e+00,1.00000000e+00,2.50000088e+07,8.80434302e+00,-1.84871540e+01,2.72914970e+01,1.00029126e-09
39,9.80231909e-01,3.10616748e-08,94,12,2,38,normal_corr_dominates,2.35915883e+00,1.00000000e+00,2.50000251e+07,2.51269787e+01,-1.84871540e+01,4.36141327e+01,1.00007932e-09
39,9.80231909e-01,3.10616748e-08,94,12,2,38,corr_ratio_high,1.51191941e+00,5.00000000e-01,2.50000251e+07,2.51269787e+01,-1.84871540e+01,4.36141327e+01,1.00007932e-09
40,1.00410252e+00,3.18180888e-08,94,0,0,0,normal_corr_dominates,8.63806754e+00,1.00000000e+00,2.49999620e+07,-3.79952396e+01,-3.94220516e+00,-3.40530344e+01,1.00015951e-09
40,1.00410252e+00,3.18180888e-08,94,0,1,1,normal_corr_dominates,7.39448704e+00,1.00000000e+00,2.50000252e+07,2.52083798e+01,-3.94220516e+00,2.91505849e+01,1.00010889e-09
40,1.00410252e+00,3.18180888e-08,94,0,2,2,normal_corr_dominates,3.67996204e+00,1.00000000e+00,2.50000106e+07,1.05649602e+01,-3.94220516e+00,1.45071653e+01,1.00024877e-09
40,1.00410252e+00,3.18180888e-08,94,1,0,3,normal_corr_dominates,2.29620985e+00,1.00000000e+00,2.50000098e+07,9.77460300e+00,-7.54091092e+00,1.73155139e+01,1.00021278e-09
40,1.00410252e+00,3.18180888e-08,94,1,1,4,normal_corr_dominates,5.51668162e+00,1.00000000e+00,2.50000341e+07,3.40598937e+01,-7.54091092e+00,4.16008046e+01,1.00015007e-09
40,1.00410252e+00,3.18180888e-08,94,1,2,5,normal_corr_dominates,4.14034415e+00,1.00000000e+00,2.49999612e+07,-3.87628773e+01,-7.54091092e+00,-3.12219664e+01,1.00022905e-09
40,1.00410252e+00,3.18180888e-08,94,2,0,6,normal_corr_dominates,1.24693455e+01,1.00000000e+00,2.50000435e+07,4.35138174e+01,-3.79392332e+00,4.73077407e+01,1.00009667e-09
40,1.00410252e+00,3.18180888e-08,94,2,0,6,corr_ratio_high,6.00631403e-01,5.00000000e-01,2.50000435e+07,4.35138174e+01,-3.79392332e+00,4.73077407e+01,1.00009667e-09
40,1.00410252e+00,3.18180888e-08,94,2,1,7,normal_corr_dominates,2.87167646e+00,1.00000000e+00,2.49999853e+07,-1.46888436e+01,-3.79392332e+00,-1.08949203e+01,1.00026560e-09
40,1.00410252e+00,3.18180888e-08,94,2,2,8,normal_corr_dominates,3.23494255e+00,1.00000000e+00,2.49999839e+07,-1.60670473e+01,-3.79392332e+00,-1.22731240e+01,1.00019492e-09
40,1.00410252e+00,3.18180888e-08,94,3,0,9,normal_corr_dominates,5.66862442e+00,1.00000000e+00,2.49999619e+07,-3.81296248e+01,-5.71776463e+00,-3.24118602e+01,1.00016731e-09
40,1.00410252e+00,3.18180888e-08,94,3,1,10,normal_corr_dominates,3.34555650e+00,1.00000000e+00,2.50000134e+07,1.34113400e+01,-5.71776463e+00,1.91291046e+01,1.00022910e-09
40,1.00410252e+00,3.18180888e-08,94,3,2,11,normal_corr_dominates,6.00692878e+00,1.00000000e+00,2.50000286e+07,2.86284403e+01,-5.71776463e+00,3.43462049e+01,1.00017050e-09
40,1.00410252e+00,3.18180888e-08,94,4,0,12,normal_corr_dominates,5.08583501e+00,1.00000000e+00,2.50000119e+07,1.18661216e+01,-2.90420969e+00,1.47703313e+01,1.00014952e-09
40,1.00410252e+00,3.18180888e-08,94,4,1,13,normal_corr_dominates,7.36148911e+00,1.00000000e+00,2.49999757e+07,-2.42835177e+01,-2.90420969e+00,-2.13793080e+01,1.00016154e-09
40,1.00410252e+00,3.18180888e-08,94,4,2,14,normal_corr_dominates,7.44117166e+00,1.00000000e+00,2.50000187e+07,1.87065131e+01,-2.90420969e+00,2.16107228e+01,1.00015273e-09
40,1.00410252e+00,3.18180888e-08,94,5,0,15,normal_corr_dominates,1.48632152e+00,1.00000000e+00,2.50000060e+07,5.99945451e+00,-1.23363953e+01,1.83358498e+01,1.00015763e-09
40,1.00410252e+00,3.18180888e-08,94,5,1,16,normal_corr_dominates,2.22402444e+00,1.00000000e+00,2.49999602e+07,-3.97728399e+01,-1.23363953e+01,-2.74364446e+01,1.00010506e-09
40,1.00410252e+00,3.18180888e-08,94,5,1,16,corr_ratio_high,9.05429378e-01,5.00000000e-01,2.49999602e+07,-3.97728399e+01,-1.23363953e+01,-2.74364446e+01,1.00010506e-09
40,1.00410252e+00,3.18180888e-08,94,5,2,17,normal_corr_dominates,2.31655033e+00,1.00000000e+00,2.50000162e+07,1.62414853e+01,-1.23363953e+01,2.85778806e+01,1.00017181e-09
40,1.00410252e+00,3.18180888e-08,94,8,0,24,normal_corr_dominates,3.54020164e+00,1.00000000e+00,2.50000126e+07,1.25766610e+01,-4.95104830e+00,1.75277093e+01,1.00019917e-09
40,1.00410252e+00,3.18180888e-08,94,8,1,25,normal_corr_dominates,1.66423465e+00,1.00000000e+00,2.50000033e+07,3.28865782e+00,-4.95104830e+00,8.23970612e+00,1.00017157e-09
40,1.00410252e+00,3.18180888e-08,94,8,2,26,normal_corr_dominates,4.82977149e+00,1.00000000e+00,2.49999711e+07,-2.88634802e+01,-4.95104830e+00,-2.39124319e+01,1.00022649e-09
40,1.00410252e+00,3.18180888e-08,94,9,0,27,normal_corr_dominates,2.80774935e+00,1.00000000e+00,2.49999695e+07,-3.04924390e+01,-8.00799532e+00,-2.24844436e+01,1.00020396e-09
40,1.00410252e+00,3.18180888e-08,94,9,1,28,normal_corr_dominates,4.30814897e+00,1.00000000e+00,2.50000265e+07,2.64916415e+01,-8.00799532e+00,3.44996368e+01,1.00015657e-09
40,1.00410252e+00,3.18180888e-08,94,9,2,29,normal_corr_dominates,3.50857935e+00,1.00000000e+00,2.49999639e+07,-3.61046823e+01,-8.00799532e+00,-2.80966870e+01,1.00023806e-09
40,1.00410252e+00,3.18180888e-08,94,10,0,30,normal_corr_dominates,1.20816151e+00,1.00000000e+00,2.49999812e+07,-1.87597223e+01,-8.49562960e+00,-1.02640927e+01,1.00011983e-09
40,1.00410252e+00,3.18180888e-08,94,10,0,30,corr_ratio_high,7.44615293e-01,5.00000000e-01,2.49999812e+07,-1.87597223e+01,-8.49562960e+00,-1.02640927e+01,1.00011983e-09
40,1.00410252e+00,3.18180888e-08,94,10,2,32,normal_corr_dominates,3.57004804e+00,1.00000000e+00,2.50000218e+07,2.18341762e+01,-8.49562960e+00,3.03298058e+01,1.00018273e-09
40,1.00410252e+00,3.18180888e-08,94,13,2,41,normal_corr_dominates,1.33654588e+00,1.00000000e+00,2.50000036e+07,3.55579202e+00,-1.05655492e+01,1.41213412e+01,1.00017519e-09
40,1.00410252e+00,3.18180888e-08,94,14,0,42,normal_corr_dominates,5.09938102e+00,1.00000000e+00,2.50000384e+07,3.84379219e+01,-9.37651849e+00,4.78144404e+01,1.00032643e-09
40,1.00410252e+00,3.18180888e-08,94,14,1,43,normal_corr_dominates,6.92948358e+00,1.00000000e+00,2.49999256e+07,-7.43509494e+01,-9.37651849e+00,-6.49744309e+01,1.00020279e-09
40,1.00410252e+00,3.18180888e-08,94,14,2,44,normal_corr_dominates,2.43905140e+00,1.00000000e+00,2.50000135e+07,1.34932921e+01,-9.37651849e+00,2.28698105e+01,1.00012864e-09
40,1.00410252e+00,3.18180888e-08,94,14,2,44,corr_ratio_high,6.61132119e-01,5.00000000e-01,2.50000135e+07,1.34932921e+01,-9.37651849e+00,2.28698105e+01,1.00012864e-09
40,1.00410252e+00,3.18180888e-08,94,15,0,45,normal_corr_dominates,6.99136966e+00,1.00000000e+00,2.50000412e+07,4.11822662e+01,-6.87359794e+00,4.80558641e+01,1.00011919e-09
40,1.00410252e+00,3.18180888e-08,94,15,1,46,normal_corr_dominates,1.27405423e+00,1.00000000e+00,2.50000019e+07,1.88373857e+00,-6.87359794e+00,8.75733652e+00,1.00016480e-09
40,1.00410252e+00,3.18180888e-08,94,15,2,47,normal_corr_dominates,3.60941926e+00,1.00000000e+00,2.49999683e+07,-3.16832947e+01,-6.87359794e+00,-2.48096968e+01,1.00019682e-09
40,1.00410252e+00,3.18180888e-08,94,17,0,51,normal_corr_dominates,5.88944756e+00,1.00000000e+00,2.49999666e+07,-3.34293478e+01,-4.85225375e+00,-2.85770940e+01,1.00014894e-09
40,1.00410252e+00,3.18180888e-08,94,17,0,51,corr_ratio_high,5.04098256e-01,5.00000000e-01,2.49999666e+07,-3.34293478e+01,-4.85225375e+00,-2.85770940e+01,1.00014894e-09
40,1.00410252e+00,3.18180888e-08,94,17,1,52,normal_corr_dominates,5.70853294e+00,1.00000000e+00,2.49999674e+07,-3.25515041e+01,-4.85225375e+00,-2.76992504e+01,1.00016873e-09
40,1.00410252e+00,3.18180888e-08,94,17,2,53,normal_corr_dominates,8.35948021e+00,1.00000000e+00,2.50000357e+07,3.57100654e+01,-4.85225375e+00,4.05623192e+01,1.00018332e-09
40,1.00410252e+00,3.18180888e-08,94,18,0,54,normal_corr_dominates,2.26274212e+00,1.00000000e+00,2.50000054e+07,5.38130179e+00,-4.26159996e+00,9.64290174e+00,1.00014985e-09
40,1.00410252e+00,3.18180888e-08,94,18,1,55,normal_corr_dominates,2.99533253e+00,1.00000000e+00,2.50000085e+07,8.50330901e+00,-4.26159996e+00,1.27649090e+01,1.00015626e-09
40,1.00410252e+00,3.18180888e-08,94,18,2,56,normal_corr_dominates,4.18947720e+00,1.00000000e+00,2.49999779e+07,-2.21154758e+01,-4.26159996e+00,-1.78538759e+01,1.00016811e-09
40,1.00410252e+00,3.18180888e-08,94,19,0,57,normal_corr_dominates,5.87260853e+00,1.00000000e+00,2.49999534e+07,-4.65645778e+01,-6.77538631e+00,-3.97891915e+01,1.00004855e-09
40,1.00410252e+00,3.18180888e-08,94,19,0,57,corr_ratio_high,2.29935312e+00,5.00000000e-01,2.49999534e+07,-4.65645778e+01,-6.77538631e+00,-3.97891915e+01,1.00004855e-09
40,1.00410252e+00,3.18180888e-08,94,19,1,58,normal_corr_dominates,4.60450607e+00,1.00000000e+00,2.50000244e+07,2.44219211e+01,-6.77538631e+00,3.11973074e+01,1.00016918e-09
40,1.00410252e+00,3.18180888e-08,94,20,0,60,normal_corr_dominates,2.10312274e+00,1.00000000e+00,2.50000048e+07,4.79538617e+00,-4.34710118e+00,9.14248735e+00,1.00014718e-09
40,1.00410252e+00,3.18180888e-08,94,20,1,61,normal_corr_dominates,3.44155844e+00,1.00000000e+00,2.49999807e+07,-1.93079039e+01,-4.34710118e+00,-1.49608028e+01,1.00016911e-09
40,1.00410252e+00,3.18180888e-08,94,20,2,62,normal_corr_dominates,5.02569754e+00,1.00000000e+00,2.49999738e+07,-2.61943169e+01,-4.34710118e+00,-2.18472157e+01,1.00017650e-09
40,1.00410252e+00,3.18180888e-08,94,21,2,65,normal_corr_dominates,2.91517588e+00,1.00000000e+00,2.50000217e+07,2.17032288e+01,-1.13322380e+01,3.30354667e+01,1.00014273e-09
40,1.00410252e+00,3.18180888e-08,94,22,2,68,normal_corr_dominates,2.31226266e+00,1.00000000e+00,2.49999703e+07,-2.97105474e+01,-8.96986454e+00,-2.07406829e+01,1.00017095e-09
40,1.00410252e+00,3.18180888e-08,94,23,0,69,normal_corr_dominates,3.24807859e+00,1.00000000e+00,2.49999770e+07,-2.29580762e+01,-5.40434357e+00,-1.75537327e+01,1.00019235e-09
40,1.00410252e+00,3.18180888e-08,94,23,1,70,normal_corr_dominates,1.19950312e+00,1.00000000e+00,2.50000011e+07,1.07818340e+00,-5.40434357e+00,6.48252697e+00,1.00020280e-09
40,1.00410252e+00,3.18180888e-08,94,23,2,71,normal_corr_dominates,3.50179959e+00,1.00000000e+00,2.50000135e+07,1.35205845e+01,-5.40434357e+00,1.89249281e+01,1.00017043e-09
40,1.00410252e+00,3.18180888e-08,94,25,0,75,normal_corr_dominates,1.73657042e+01,1.00000000e+00,2.50000289e+07,2.89425949e+01,-1.76849065e+00,3.07110855e+01,1.00022177e-09
40,1.00410252e+00,3.18180888e-08,94,25,1,76,normal_corr_dominates,2.03752629e+01,1.00000000e+00,2.49999622e+07,-3.78019524e+01,-1.76849065e+00,-3.60334618e+01,1.00018361e-09
40,1.00410252e+00,3.18180888e-08,94,25,1,76,corr_ratio_high,6.13034816e-01,5.00000000e-01,2.49999622e+07,-3.78019524e+01,-1.76849065e+00,-3.60334618e+01,1.00018361e-09
40,1.00410252e+00,3.18180888e-08,94,25,2,77,normal_corr_dominates,1.70502525e+01,1.00000000e+00,2.49999681e+07,-3.19217027e+01,-1.76849065e+00,-3.01532121e+01,1.00022821e-09
40,1.00410252e+00,3.18180888e-08,94,26,0,78,normal_corr_dominates,1.13586436e+00,1.00000000e+00,2.50000007e+07,7.12547608e-01,-5.24455131e+00,5.95709892e+00,1.00023417e-09
40,1.00410252e+00,3.18180888e-08,94,26,1,79,normal_corr_dominates,2.29629820e+00,1.00000000e+00,2.50000068e+07,6.79850243e+00,-5.24455131e+00,1.20430537e+01,1.00015719e-09
40,1.00410252e+00,3.18180888e-08,94,26,2,80,normal_corr_dominates,6.29140963e+00,1.00000000e+00,2.49999618e+07,-3.82401719e+01,-5.24455131e+00,-3.29956206e+01,1.00021688e-09
40,1.00410252e+00,3.18180888e-08,94,28,0,84,normal_corr_dominates,5.51086802e+00,1.00000000e+00,2.49999276e+07,-7.24330014e+01,-1.11249377e+01,-6.13080636e+01,1.00027559e-09
40,1.00410252e+00,3.18180888e-08,94,28,2,86,normal_corr_dominates,1.43938031e+00,1.00000000e+00,2.50000049e+07,4.88807860e+00,-1.11249377e+01,1.60130164e+01,1.00016889e-09
40,1.00410252e+00,3.18180888e-08,94,29,0,87,normal_corr_dominates,5.40451616e+00,1.00000000e+00,2.50000173e+07,1.72757503e+01,-3.92228106e+00,2.11980314e+01,1.00024822e-09
40,1.00410252e+00,3.18180888e-08,94,29,1,88,corr_ratio_high,7.44083470e-01,5.00000000e-01,2.49999988e+07,-1.19613142e+00,-3.92228106e+00,2.72614964e+00,1.00012367e-09
40,1.00410252e+00,3.18180888e-08,94,29,2,89,normal_corr_dominates,4.68276826e+00,1.00000000e+00,2.49999777e+07,-2.22894143e+01,-3.92228106e+00,-1.83671332e+01,1.00017715e-09
40,1.00410252e+00,3.18180888e-08,94,30,1,91,normal_corr_dominates,1.67535112e+00,1.00000000e+00,2.49999760e+07,-2.39802342e+01,-8.96339699e+00,-1.50168372e+01,1.00019090e-09
40,1.00410252e+00,3.18180888e-08,94,32,0,96,normal_corr_dominates,1.50730172e+02,1.00000000e+00,2.49999535e+07,-4.65233524e+01,-3.06618992e-01,-4.62167334e+01,1.00022764e-09
40,1.00410252e+00,3.18180888e-08,94,32,1,97,normal_corr_dominates,7.37053432e+01,1.00000000e+00,2.50000223e+07,2.22928390e+01,-3.06618992e-01,2.25994580e+01,1.00020774e-09
40,1.00410252e+00,3.18180888e-08,94,32,2,98,normal_corr_dominates,1.71887855e+01,1.00000000e+00,2.49999944e+07,-5.57702708e+00,-3.06618992e-01,-5.27040809e+00,1.00013019e-09
40,1.00410252e+00,3.18180888e-08,94,32,2,98,corr_ratio_high,8.00638487e-01,5.00000000e-01,2.49999944e+07,-5.57702708e+00,-3.06618992e-01,-5.27040809e+00,1.00013019e-09
40,1.00410252e+00,3.18180888e-08,94,31,1,94,normal_corr_dominates,2.14365400e+00,1.00000000e+00,2.50000079e+07,7.91462324e+00,-6.92047002e+00,1.48350933e+01,1.00022480e-09
40,1.00410252e+00,3.18180888e-08,94,31,2,95,normal_corr_dominates,3.48618286e+00,1.00000000e+00,2.49999690e+07,-3.10464940e+01,-6.92047002e+00,-2.41260240e+01,1.00021710e-09
40,1.00410252e+00,3.18180888e-08,94,12,0,36,normal_corr_dominates,1.47658083e+00,1.00000000e+00,2.50000090e+07,9.00782609e+00,-1.89009410e+01,2.79087671e+01,1.00029783e-09
40,1.00410252e+00,3.18180888e-08,94,12,2,38,normal_corr_dominates,2.35982011e+00,1.00000000e+00,2.50000257e+07,2.57018797e+01,-1.89009410e+01,4.46028207e+01,1.00008113e-09
40,1.00410252e+00,3.18180888e-08,94,12,2,38,corr_ratio_high,1.51144152e+00,5.00000000e-01,2.50000257e+07,2.57018797e+01,-1.89009410e+01,4.46028207e+01,1.00008113e-09
41,1.03006898e+00,3.26409163e-08,94,0,0,0,normal_corr_dominates,8.64173633e+00,1.00000000e+00,2.49999611e+07,-3.89092399e+01,-4.03550134e+00,-3.48737385e+01,1.00016334e-09
41,1.03006898e+00,3.26409163e-08,94,0,1,1,normal_corr_dominates,7.39591224e+00,1.00000000e+00,2.50000258e+07,2.58107124e+01,-4.03550134e+00,2.98462137e+01,1.00011153e-09
41,1.03006898e+00,3.26409163e-08,94,0,2,2,normal_corr_dominates,3.68330958e+00,1.00000000e+00,2.50000108e+07,1.08284994e+01,-4.03550134e+00,1.48640007e+01,1.00025471e-09
41,1.03006898e+00,3.26409163e-08,94,1,0,3,normal_corr_dominates,2.29700247e+00,1.00000000e+00,2.50000100e+07,1.00126572e+01,-7.71984432e+00,1.77325015e+01,1.00021788e-09
41,1.03006898e+00,3.26409163e-08,94,1,1,4,normal_corr_dominates,5.51891147e+00,1.00000000e+00,2.50000349e+07,3.48852931e+01,-7.71984432e+00,4.26051374e+01,1.00015366e-09
41,1.03006898e+00,3.26409163e-08,94,1,2,5,normal_corr_dominates,4.14200749e+00,1.00000000e+00,2.49999603e+07,-3.96954973e+01,-7.71984432e+00,-3.19756530e+01,1.00023454e-09
41,1.03006898e+00,3.26409163e-08,94,2,0,6,normal_corr_dominates,1.24738273e+01,1.00000000e+00,2.50000446e+07,4.45563986e+01,-3.88330740e+00,4.84397060e+01,1.00009901e-09
41,1.03006898e+00,3.26409163e-08,94,2,0,6,corr_ratio_high,6.00455783e-01,5.00000000e-01,2.50000446e+07,4.45563986e+01,-3.88330740e+00,4.84397060e+01,1.00009901e-09
41,1.03006898e+00,3.26409163e-08,94,2,1,7,normal_corr_dominates,2.87112700e+00,1.00000000e+00,2.49999850e+07,-1.50327761e+01,-3.88330740e+00,-1.11494687e+01,1.00027193e-09
41,1.03006898e+00,3.26409163e-08,94,2,2,8,normal_corr_dominates,3.23591841e+00,1.00000000e+00,2.49999836e+07,-1.64493733e+01,-3.88330740e+00,-1.25660659e+01,1.00019961e-09
41,1.03006898e+00,3.26409163e-08,94,3,0,9,normal_corr_dominates,5.67059794e+00,1.00000000e+00,2.49999610e+07,-3.90465932e+01,-5.85353720e+00,-3.31930560e+01,1.00017133e-09
41,1.03006898e+00,3.26409163e-08,94,3,1,10,normal_corr_dominates,3.34731589e+00,1.00000000e+00,2.50000137e+07,1.37401009e+01,-5.85353720e+00,1.95936381e+01,1.00023459e-09
41,1.03006898e+00,3.26409163e-08,94,3,2,11,normal_corr_dominates,6.00897523e+00,1.00000000e+00,2.50000293e+07,2.93202228e+01,-5.85353720e+00,3.51737600e+01,1.00017457e-09
41,1.03006898e+00,3.26409163e-08,94,4,0,12,normal_corr_dominates,5.08885566e+00,1.00000000e+00,2.50000122e+07,1.21522362e+01,-2.97203845e+00,1.51242747e+01,1.00015311e-09
41,1.03006898e+00,3.26409163e-08,94,4,1,13,normal_corr_dominates,7.36595123e+00,1.00000000e+00,2.49999751e+07,-2.48639288e+01,-2.97203845e+00,-2.18918903e+01,1.00016541e-09
41,1.03006898e+00,3.26409163e-08,94,4,2,14,normal_corr_dominates,7.44467085e+00,1.00000000e+00,2.50000192e+07,1.91538096e+01,-2.97203845e+00,2.21258480e+01,1.00015641e-09
41,1.03006898e+00,3.26409163e-08,94,5,0,15,normal_corr_dominates,1.48662048e+00,1.00000000e+00,2.50000061e+07,6.14672349e+00,-1.26314526e+01,1.87781761e+01,1.00016140e-09
41,1.03006898e+00,3.26409163e-08,94,5,1,16,normal_corr_dominates,2.22430848e+00,1.00000000e+00,2.49999593e+07,-4.07276997e+01,-1.26314526e+01,-2.80962471e+01,1.00010760e-09
41,1.03006898e+00,3.26409163e-08,94,5,1,16,corr_ratio_high,9.05107001e-01,5.00000000e-01,2.49999593e+07,-4.07276997e+01,-1.26314526e+01,-2.80962471e+01,1.00010760e-09
41,1.03006898e+00,3.26409163e-08,94,5,2,17,normal_corr_dominates,2.31659830e+00,1.00000000e+00,2.50000166e+07,1.66305490e+01,-1.26314526e+01,2.92620016e+01,1.00017593e-09
41,1.03006898e+00,3.26409163e-08,94,8,0,24,normal_corr_dominates,3.54271025e+00,1.00000000e+00,2.50000129e+07,1.28831393e+01,-5.06669577e+00,1.79498350e+01,1.00020394e-09
41,1.03006898e+00,3.26409163e-08,94,8,1,25,normal_corr_dominates,1.66481620e+00,1.00000000e+00,2.50000034e+07,3.36842145e+00,-5.06669577e+00,8.43511722e+00,1.00017569e-09
41,1.03006898e+00,3.26409163e-08,94,8,2,26,normal_corr_dominates,4.83320677e+00,1.00000000e+00,2.49999704e+07,-2.95550841e+01,-5.06669577e+00,-2.44883883e+01,1.00023192e-09
41,1.03006898e+00,3.26409163e-08,94,9,0,27,normal_corr_dominates,2.80761568e+00,1.00000000e+00,2.49999688e+07,-3.12142937e+01,-8.19785828e+00,-2.30164354e+01,1.00020883e-09
41,1.03006898e+00,3.26409163e-08,94,9,1,28,normal_corr_dominates,4.31007268e+00,1.00000000e+00,2.50000271e+07,2.71355067e+01,-8.19785828e+00,3.53333650e+01,1.00016032e-09
41,1.03006898e+00,3.26409163e-08,94,9,2,29,normal_corr_dominates,3.51031215e+00,1.00000000e+00,2.49999630e+07,-3.69748998e+01,-8.19785828e+00,-2.87770415e+01,1.00024377e-09
41,1.03006898e+00,3.26409163e-08,94,10,0,30,normal_corr_dominates,1.20971028e+00,1.00000000e+00,2.49999808e+07,-1.92151833e+01,-8.69579304e+00,-1.05193902e+01,1.00012273e-09
41,1.03006898e+00,3.26409163e-08,94,10,0,30,corr_ratio_high,7.44189619e-01,5.00000000e-01,2.49999808e+07,-1.92151833e+01,-8.69579304e+00,-1.05193902e+01,1.00012273e-09
41,1.03006898e+00,3.26409163e-08,94,10,2,32,normal_corr_dominates,3.57190644e+00,1.00000000e+00,2.50000224e+07,2.23647661e+01,-8.69579304e+00,3.10605591e+01,1.00018710e-09
41,1.03006898e+00,3.26409163e-08,94,13,2,41,normal_corr_dominates,1.33651453e+00,1.00000000e+00,2.50000036e+07,3.64006742e+00,-1.08169695e+01,1.44570369e+01,1.00017939e-09
41,1.03006898e+00,3.26409163e-08,94,14,0,42,normal_corr_dominates,5.10093871e+00,1.00000000e+00,2.50000394e+07,3.93611076e+01,-9.59807262e+00,4.89591802e+01,1.00033423e-09
41,1.03006898e+00,3.26409163e-08,94,14,1,43,normal_corr_dominates,6.93193159e+00,1.00000000e+00,2.49999239e+07,-7.61312554e+01,-9.59807262e+00,-6.65331828e+01,1.00020767e-09
41,1.03006898e+00,3.26409163e-08,94,14,2,44,normal_corr_dominates,2.43971504e+00,1.00000000e+00,2.50000138e+07,1.38184895e+01,-9.59807262e+00,2.34165621e+01,1.00013172e-09
41,1.03006898e+00,3.26409163e-08,94,14,2,44,corr_ratio_high,6.61169914e-01,5.00000000e-01,2.50000138e+07,1.38184895e+01,-9.59807262e+00,2.34165621e+01,1.00013172e-09
41,1.03006898e+00,3.26409163e-08,94,15,0,45,normal_corr_dominates,6.99209123e+00,1.00000000e+00,2.50000422e+07,4.21695974e+01,-7.03754261e+00,4.92071400e+01,1.00012205e-09
41,1.03006898e+00,3.26409163e-08,94,15,1,46,normal_corr_dominates,1.27451686e+00,1.00000000e+00,2.50000019e+07,1.93192409e+00,-7.03754261e+00,8.96946670e+00,1.00016876e-09
41,1.03006898e+00,3.26409163e-08,94,15,2,47,normal_corr_dominates,3.60979092e+00,1.00000000e+00,2.49999676e+07,-3.24416000e+01,-7.03754261e+00,-2.54040574e+01,1.00020154e-09
41,1.03006898e+00,3.26409163e-08,94,17,0,51,normal_corr_dominates,5.89410069e+00,1.00000000e+00,2.49999658e+07,-3.42356771e+01,-4.96593807e+00,-2.92697390e+01,1.00015252e-09
41,1.03006898e+00,3.26409163e-08,94,17,0,51,corr_ratio_high,5.04140075e-01,5.00000000e-01,2.49999658e+07,-3.42356771e+01,-4.96593807e+00,-2.92697390e+01,1.00015252e-09
41,1.03006898e+00,3.26409163e-08,94,17,1,52,normal_corr_dominates,5.71211812e+00,1.00000000e+00,2.49999667e+07,-3.33319629e+01,-4.96593807e+00,-2.83660248e+01,1.00017279e-09
41,1.03006898e+00,3.26409163e-08,94,17,2,53,normal_corr_dominates,8.36508136e+00,1.00000000e+00,2.50000366e+07,3.65745379e+01,-4.96593807e+00,4.15404760e+01,1.00018770e-09
41,1.03006898e+00,3.26409163e-08,94,18,0,54,normal_corr_dominates,2.26372312e+00,1.00000000e+00,2.50000055e+07,5.51266710e+00,-4.36224283e+00,9.87490993e+00,1.00015344e-09
41,1.03006898e+00,3.26409163e-08,94,18,1,55,normal_corr_dominates,2.99633574e+00,1.00000000e+00,2.50000087e+07,8.70850127e+00,-4.36224283e+00,1.30707441e+01,1.00016001e-09
41,1.03006898e+00,3.26409163e-08,94,18,2,56,normal_corr_dominates,4.19095162e+00,1.00000000e+00,2.49999774e+07,-2.26441915e+01,-4.36224283e+00,-1.82819487e+01,1.00017215e-09
41,1.03006898e+00,3.26409163e-08,94,19,0,57,normal_corr_dominates,5.87367068e+00,1.00000000e+00,2.49999523e+07,-4.76821786e+01,-6.93693092e+00,-4.07452477e+01,1.00004974e-09
41,1.03006898e+00,3.26409163e-08,94,19,0,57,corr_ratio_high,2.29859846e+00,5.00000000e-01,2.49999523e+07,-4.76821786e+01,-6.93693092e+00,-4.07452477e+01,1.00004974e-09
41,1.03006898e+00,3.26409163e-08,94,19,1,58,normal_corr_dominates,4.60487293e+00,1.00000000e+00,2.50000250e+07,2.50067545e+01,-6.93693092e+00,3.19436854e+01,1.00017323e-09
41,1.03006898e+00,3.26409163e-08,94,20,0,60,normal_corr_dominates,2.10413689e+00,1.00000000e+00,2.50000049e+07,4.91279677e+00,-4.44944536e+00,9.36224213e+00,1.00015072e-09
41,1.03006898e+00,3.26409163e-08,94,20,1,61,normal_corr_dominates,3.44350382e+00,1.00000000e+00,2.49999802e+07,-1.97711275e+01,-4.44944536e+00,-1.53216821e+01,1.00017317e-09
41,1.03006898e+00,3.26409163e-08,94,20,2,62,normal_corr_dominates,5.02819980e+00,1.00000000e+00,2.49999732e+07,-2.68221456e+01,-4.44944536e+00,-2.23727003e+01,1.00018073e-09
41,1.03006898e+00,3.26409163e-08,94,21,2,65,normal_corr_dominates,2.91590709e+00,1.00000000e+00,2.50000222e+07,2.22265379e+01,-1.16010521e+01,3.38275900e+01,1.00014615e-09
41,1.03006898e+00,3.26409163e-08,94,22,2,68,normal_corr_dominates,2.31236787e+00,1.00000000e+00,2.49999696e+07,-3.04184133e+01,-9.18328354e+00,-2.12351298e+01,1.00017505e-09
41,1.03006898e+00,3.26409163e-08,94,23,0,69,normal_corr_dominates,3.24878724e+00,1.00000000e+00,2.49999765e+07,-2.35011498e+01,-5.53126068e+00,-1.79698891e+01,1.00019695e-09
41,1.03006898e+00,3.26409163e-08,94,23,1,70,normal_corr_dominates,1.20065756e+00,1.00000000e+00,2.50000011e+07,1.10988928e+00,-5.53126068e+00,6.64114996e+00,1.00020766e-09
41,1.03006898e+00,3.26409163e-08,94,23,2,71,normal_corr_dominates,3.50407933e+00,1.00000000e+00,2.50000139e+07,1.38507156e+01,-5.53126068e+00,1.93819762e+01,1.00017452e-09
41,1.03006898e+00,3.26409163e-08,94,25,0,75,normal_corr_dominates,1.73990218e+01,1.00000000e+00,2.50000296e+07,2.96374297e+01,-1.80726815e+00,3.14446979e+01,1.00022709e-09
41,1.03006898e+00,3.26409163e-08,94,25,1,76,normal_corr_dominates,2.04146278e+01,1.00000000e+00,2.49999613e+07,-3.87019748e+01,-1.80726815e+00,-3.68947067e+01,1.00018801e-09
41,1.03006898e+00,3.26409163e-08,94,25,1,76,corr_ratio_high,6.13087537e-01,5.00000000e-01,2.49999613e+07,-3.87019748e+01,-1.80726815e+00,-3.68947067e+01,1.00018801e-09
41,1.03006898e+00,3.26409163e-08,94,25,2,77,normal_corr_dominates,1.70875043e+01,1.00000000e+00,2.49999673e+07,-3.26889705e+01,-1.80726815e+00,-3.08817023e+01,1.00023368e-09
41,1.03006898e+00,3.26409163e-08,94,26,0,78,normal_corr_dominates,1.13723855e+00,1.00000000e+00,2.50000007e+07,7.36574401e-01,-5.36711015e+00,6.10368455e+00,1.00023977e-09
41,1.03006898e+00,3.26409163e-08,94,26,1,79,normal_corr_dominates,2.29788950e+00,1.00000000e+00,2.50000070e+07,6.96591593e+00,-5.36711015e+00,1.23330261e+01,1.00016098e-09
41,1.03006898e+00,3.26409163e-08,94,26,2,80,normal_corr_dominates,6.29648471e+00,1.00000000e+00,2.49999608e+07,-3.91610371e+01,-5.36711015e+00,-3.37939270e+01,1.00022208e-09
41,1.03006898e+00,3.26409163e-08,94,28,0,84,normal_corr_dominates,5.51153608e+00,1.00000000e+00,2.49999258e+07,-7.41682954e+01,-1.13902917e+01,-6.27780037e+01,1.00028221e-09
41,1.03006898e+00,3.26409163e-08,94,28,2,86,normal_corr_dominates,1.43949178e+00,1.00000000e+00,2.50000050e+07,5.00593954e+00,-1.13902917e+01,1.63962312e+01,1.00017293e-09
41,1.03006898e+00,3.26409163e-08,94,29,0,87,normal_corr_dominates,5.40581991e+00,1.00000000e+00,2.50000177e+07,1.76908343e+01,-4.01533304e+00,2.17061673e+01,1.00025417e-09
41,1.03006898e+00,3.26409163e-08,94,29,1,88,corr_ratio_high,7.44016899e-01,5.00000000e-01,2.49999988e+07,-1.22326682e+00,-4.01533304e+00,2.79206622e+00,1.00012665e-09
41,1.03006898e+00,3.26409163e-08,94,29,2,89,normal_corr_dominates,4.68347225e+00,1.00000000e+00,2.49999772e+07,-2.28210339e+01,-4.01533304e+00,-1.88057009e+01,1.00018140e-09
41,1.03006898e+00,3.26409163e-08,94,30,1,91,normal_corr_dominates,1.67562879e+00,1.00000000e+00,2.49999754e+07,-2.45508359e+01,-9.17572572e+00,-1.53751102e+01,1.00019548e-09
41,1.03006898e+00,3.26409163e-08,94,32,0,96,normal_corr_dominates,1.51020566e+02,1.00000000e+00,2.49999524e+07,-4.76374377e+01,-3.13361797e-01,-4.73240759e+01,1.00023310e-09
41,1.03006898e+00,3.26409163e-08,94,32,1,97,normal_corr_dominates,7.38436062e+01,1.00000000e+00,2.50000228e+07,2.28264033e+01,-3.13361797e-01,2.31397651e+01,1.00021272e-09
41,1.03006898e+00,3.26409163e-08,94,32,2,98,normal_corr_dominates,1.72066875e+01,1.00000000e+00,2.49999943e+07,-5.70528030e+00,-3.13361797e-01,-5.39191851e+00,1.00013330e-09
41,1.03006898e+00,3.26409163e-08,94,32,2,98,corr_ratio_high,8.00706532e-01,5.00000000e-01,2.49999943e+07,-5.70528030e+00,-3.13361797e-01,-5.39191851e+00,1.00013330e-09
41,1.03006898e+00,3.26409163e-08,94,31,1,94,normal_corr_dominates,2.14474927e+00,1.00000000e+00,2.50000081e+07,8.10676128e+00,-7.08169160e+00,1.51884529e+01,1.00023019e-09
41,1.03006898e+00,3.26409163e-08,94,31,2,95,normal_corr_dominates,3.48921047e+00,1.00000000e+00,2.49999682e+07,-3.17912041e+01,-7.08169160e+00,-2.47095125e+01,1.00022231e-09
41,1.03006898e+00,3.26409163e-08,94,12,0,36,normal_corr_dominates,1.47694054e+00,1.00000000e+00,2.50000092e+07,9.22875986e+00,-1.93499170e+01,2.85786769e+01,1.00030496e-09
41,1.03006898e+00,3.26409163e-08,94,12,2,38,normal_corr_dominates,2.36052319e+00,1.00000000e+00,2.50000263e+07,2.63260108e+01,-1.93499170e+01,4.56759278e+01,1.00008310e-09
41,1.03006898e+00,3.26409163e-08,94,12,2,38,corr_ratio_high,1.51092974e+00,5.00000000e-01,2.50000263e+07,2.63260108e+01,-1.93499170e+01,4.56759278e+01,1.00008310e-09
42,1.05260482e+00,3.33550339e-08,94,0,0,0,normal_corr_dominates,8.64480339e+00,1.00000000e+00,2.49999603e+07,-3.97007765e+01,-4.11628677e+00,-3.55844898e+01,1.00016666e-09
42,1.05260482e+00,3.33550339e-08,94,0,1,1,normal_corr_dominates,7.39708436e+00,1.00000000e+00,2.50000263e+07,2.63322337e+01,-4.11628677e+00,3.04485204e+01,1.00011382e-09
42,1.05260482e+00,3.33550339e-08,94,0,2,2,normal_corr_dominates,3.68612862e+00,1.00000000e+00,2.50000111e+07,1.10568757e+01,-4.11628677e+00,1.51731624e+01,1.00025985e-09
42,1.05260482e+00,3.33550339e-08,94,1,0,3,normal_corr_dominates,2.29766516e+00,1.00000000e+00,2.50000102e+07,1.02188202e+01,-7.87477421e+00,1.80935944e+01,1.00022230e-09
42,1.05260482e+00,3.33550339e-08,94,1,1,4,normal_corr_dominates,5.52078741e+00,1.00000000e+00,2.50000356e+07,3.56001801e+01,-7.87477421e+00,4.34749543e+01,1.00015677e-09
42,1.05260482e+00,3.33550339e-08,94,1,2,5,normal_corr_dominates,4.14340637e+00,1.00000000e+00,2.49999595e+07,-4.05031639e+01,-7.87477421e+00,-3.26283896e+01,1.00023929e-09
42,1.05260482e+00,3.33550339e-08,94,2,0,6,normal_corr_dominates,1.24775728e+01,1.00000000e+00,2.50000455e+07,4.54591841e+01,-3.96069663e+00,4.94198807e+01,1.00010103e-09
42,1.05260482e+00,3.33550339e-08,94,2,0,6,corr_ratio_high,6.00305299e-01,5.00000000e-01,2.50000455e+07,4.54591841e+01,-3.96069663e+00,4.94198807e+01,1.00010103e-09
42,1.05260482e+00,3.33550339e-08,94,2,1,7,normal_corr_dominates,2.87064984e+00,1.00000000e+00,2.49999847e+07,-1.53304698e+01,-3.96069663e+00,-1.13697732e+01,1.00027741e-09
42,1.05260482e+00,3.33550339e-08,94,2,2,8,normal_corr_dominates,3.23672746e+00,1.00000000e+00,2.49999832e+07,-1.67803922e+01,-3.96069663e+00,-1.28196955e+01,1.00020367e-09
42,1.05260482e+00,3.33550339e-08,94,3,0,9,normal_corr_dominates,5.67225404e+00,1.00000000e+00,2.49999602e+07,-3.98406919e+01,-5.97109938e+00,-3.38695926e+01,1.00017481e-09
42,1.05260482e+00,3.33550339e-08,94,3,1,10,normal_corr_dominates,3.34879658e+00,1.00000000e+00,2.50000140e+07,1.40248978e+01,-5.97109938e+00,1.99959972e+01,1.00023934e-09
42,1.05260482e+00,3.33550339e-08,94,3,2,11,normal_corr_dominates,6.01069100e+00,1.00000000e+00,2.50000299e+07,2.99193339e+01,-5.97109938e+00,3.58904333e+01,1.00017810e-09
42,1.05260482e+00,3.33550339e-08,94,4,0,12,normal_corr_dominates,5.09139125e+00,1.00000000e+00,2.50000124e+07,1.23999939e+01,-3.03075243e+00,1.54307464e+01,1.00015622e-09
42,1.05260482e+00,3.33550339e-08,94,4,1,13,normal_corr_dominates,7.36969909e+00,1.00000000e+00,2.49999746e+07,-2.53664858e+01,-3.03075243e+00,-2.23357334e+01,1.00016876e-09
42,1.05260482e+00,3.33550339e-08,94,4,2,14,normal_corr_dominates,7.44760534e+00,1.00000000e+00,2.50000195e+07,1.95410955e+01,-3.03075243e+00,2.25718480e+01,1.00015960e-09
42,1.05260482e+00,3.33550339e-08,94,5,0,15,normal_corr_dominates,1.48687207e+00,1.00000000e+00,2.50000063e+07,6.27429794e+00,-1.28869540e+01,1.91612520e+01,1.00016467e-09
42,1.05260482e+00,3.33550339e-08,94,5,1,16,normal_corr_dominates,2.22454608e+00,1.00000000e+00,2.49999584e+07,-4.15545771e+01,-1.28869540e+01,-2.86676230e+01,1.00010980e-09
42,1.05260482e+00,3.33550339e-08,94,5,1,16,corr_ratio_high,9.04831588e-01,5.00000000e-01,2.49999584e+07,-4.15545771e+01,-1.28869540e+01,-2.86676230e+01,1.00010980e-09
42,1.05260482e+00,3.33550339e-08,94,5,2,17,normal_corr_dominates,2.31663594e+00,1.00000000e+00,2.50000170e+07,1.69674269e+01,-1.28869540e+01,2.98543809e+01,1.00017949e-09
42,1.05260482e+00,3.33550339e-08,94,8,0,24,normal_corr_dominates,3.54482581e+00,1.00000000e+00,2.50000131e+07,1.31485855e+01,-5.16679193e+00,1.83153774e+01,1.00020807e-09
42,1.05260482e+00,3.33550339e-08,94,8,1,25,normal_corr_dominates,1.66530641e+00,1.00000000e+00,2.50000034e+07,3.43749977e+00,-5.16679193e+00,8.60429170e+00,1.00017925e-09
42,1.05260482e+00,3.33550339e-08,94,8,2,26,normal_corr_dominates,4.83610776e+00,1.00000000e+00,2.49999698e+07,-3.01539545e+01,-5.16679193e+00,-2.49871626e+01,1.00023661e-09
42,1.05260482e+00,3.33550339e-08,94,9,0,27,normal_corr_dominates,2.80749314e+00,1.00000000e+00,2.49999682e+07,-3.18391983e+01,-8.36224705e+00,-2.34769512e+01,1.00021305e-09
42,1.05260482e+00,3.33550339e-08,94,9,1,28,normal_corr_dominates,4.31169387e+00,1.00000000e+00,2.50000277e+07,2.76932023e+01,-8.36224705e+00,3.60554493e+01,1.00016357e-09
42,1.05260482e+00,3.33550339e-08,94,9,2,29,normal_corr_dominates,3.51177271e+00,1.00000000e+00,2.49999623e+07,-3.77285581e+01,-8.36224705e+00,-2.93663110e+01,1.00024871e-09
42,1.05260482e+00,3.33550339e-08,94,10,0,30,normal_corr_dominates,1.21102320e+00,1.00000000e+00,2.49999804e+07,-1.96097307e+01,-8.86907507e+00,-1.07406556e+01,1.00012525e-09
42,1.05260482e+00,3.33550339e-08,94,10,0,30,corr_ratio_high,7.43827345e-01,5.00000000e-01,2.49999804e+07,-1.96097307e+01,-8.86907507e+00,-1.07406556e+01,1.00012525e-09
42,1.05260482e+00,3.33550339e-08,94,10,2,32,normal_corr_dominates,3.57347490e+00,1.00000000e+00,2.50000228e+07,2.28243421e+01,-8.86907507e+00,3.16934171e+01,1.00019089e-09
42,1.05260482e+00,3.33550339e-08,94,13,2,41,normal_corr_dominates,1.33648416e+00,1.00000000e+00,2.50000037e+07,3.71299078e+00,-1.10346674e+01,1.47476582e+01,1.00018302e-09
42,1.05260482e+00,3.33550339e-08,94,14,0,42,normal_corr_dominates,5.10224949e+00,1.00000000e+00,2.50000402e+07,4.01605136e+01,-9.78987595e+00,4.99503896e+01,1.00034099e-09
42,1.05260482e+00,3.33550339e-08,94,14,1,43,normal_corr_dominates,6.93399591e+00,1.00000000e+00,2.49999223e+07,-7.76728357e+01,-9.78987595e+00,-6.78829598e+01,1.00021189e-09
42,1.05260482e+00,3.33550339e-08,94,14,2,44,normal_corr_dominates,2.44027528e+00,1.00000000e+00,2.50000141e+07,1.41001163e+01,-9.78987595e+00,2.38899922e+01,1.00013440e-09
42,1.05260482e+00,3.33550339e-08,94,14,2,44,corr_ratio_high,6.61201254e-01,5.00000000e-01,2.50000141e+07,1.41001163e+01,-9.78987595e+00,2.38899922e+01,1.00013440e-09
42,1.05260482e+00,3.33550339e-08,94,15,0,45,normal_corr_dominates,6.99268315e+00,1.00000000e+00,2.50000430e+07,4.30245505e+01,-7.17951365e+00,5.02040641e+01,1.00012453e-09
42,1.05260482e+00,3.33550339e-08,94,15,1,46,normal_corr_dominates,1.27490253e+00,1.00000000e+00,2.50000020e+07,1.97366645e+00,-7.17951365e+00,9.15318010e+00,1.00017219e-09
42,1.05260482e+00,3.33550339e-08,94,15,2,47,normal_corr_dominates,3.61009412e+00,1.00000000e+00,2.49999669e+07,-3.30982336e+01,-7.17951365e+00,-2.59187200e+01,1.00020563e-09
42,1.05260482e+00,3.33550339e-08,94,17,0,51,normal_corr_dominates,5.89804110e+00,1.00000000e+00,2.49999651e+07,-3.49340354e+01,-5.06434144e+00,-2.98696940e+01,1.00015562e-09
42,1.05260482e+00,3.33550339e-08,94,17,0,51,corr_ratio_high,5.04175365e-01,5.00000000e-01,2.49999651e+07,-3.49340354e+01,-5.06434144e+00,-2.98696940e+01,1.00015562e-09
42,1.05260482e+00,3.33550339e-08,94,17,1,52,normal_corr_dominates,5.71514416e+00,1.00000000e+00,2.49999660e+07,-3.40077829e+01,-5.06434144e+00,-2.89434414e+01,1.00017630e-09
42,1.05260482e+00,3.33550339e-08,94,17,2,53,normal_corr_dominates,8.36981551e+00,1.00000000e+00,2.50000373e+07,3.73232621e+01,-5.06434144e+00,4.23876036e+01,1.00019149e-09
42,1.05260482e+00,3.33550339e-08,94,18,0,54,normal_corr_dominates,2.26454478e+00,1.00000000e+00,2.50000056e+07,5.62643516e+00,-4.44937596e+00,1.00758111e+01,1.00015655e-09
42,1.05260482e+00,3.33550339e-08,94,18,1,55,normal_corr_dominates,2.99717552e+00,1.00000000e+00,2.50000089e+07,8.88618473e+00,-4.44937596e+00,1.33355607e+01,1.00016326e-09
42,1.05260482e+00,3.33550339e-08,94,18,2,56,normal_corr_dominates,4.19218645e+00,1.00000000e+00,2.49999769e+07,-2.31019895e+01,-4.44937596e+00,-1.86526136e+01,1.00017564e-09
42,1.05260482e+00,3.33550339e-08,94,19,0,57,normal_corr_dominates,5.87455867e+00,1.00000000e+00,2.49999514e+07,-4.86499685e+01,-7.07681333e+00,-4.15731551e+01,1.00005077e-09
42,1.05260482e+00,3.33550339e-08,94,19,0,57,corr_ratio_high,2.29795619e+00,5.00000000e-01,2.49999514e+07,-4.86499685e+01,-7.07681333e+00,-4.15731551e+01,1.00005077e-09
42,1.05260482e+00,3.33550339e-08,94,19,1,58,normal_corr_dominates,4.60517474e+00,1.00000000e+00,2.50000255e+07,2.55131487e+01,-7.07681333e+00,3.25899620e+01,1.00017674e-09
42,1.05260482e+00,3.33550339e-08,94,20,0,60,normal_corr_dominates,2.10498859e+00,1.00000000e+00,2.50000050e+07,5.01448531e+00,-4.53804261e+00,9.55252792e+00,1.00015377e-09
42,1.05260482e+00,3.33550339e-08,94,20,1,61,normal_corr_dominates,3.44514686e+00,1.00000000e+00,2.49999798e+07,-2.01722658e+01,-4.53804261e+00,-1.56342232e+01,1.00017669e-09
42,1.05260482e+00,3.33550339e-08,94,20,2,62,normal_corr_dominates,5.03030839e+00,1.00000000e+00,2.49999726e+07,-2.73657964e+01,-4.53804261e+00,-2.28277538e+01,1.00018440e-09
42,1.05260482e+00,3.33550339e-08,94,21,2,65,normal_corr_dominates,2.91652300e+00,1.00000000e+00,2.50000227e+07,2.26797409e+01,-1.18337953e+01,3.45135362e+01,1.00014912e-09
42,1.05260482e+00,3.33550339e-08,94,22,2,68,normal_corr_dominates,2.31244965e+00,1.00000000e+00,2.49999690e+07,-3.10313103e+01,-9.36808511e+00,-2.16632252e+01,1.00017861e-09
42,1.05260482e+00,3.33550339e-08,94,23,0,69,normal_corr_dominates,3.24937476e+00,1.00000000e+00,2.49999760e+07,-2.39712879e+01,-5.64113293e+00,-1.83301550e+01,1.00020094e-09
42,1.05260482e+00,3.33550339e-08,94,23,1,70,normal_corr_dominates,1.20163318e+00,1.00000000e+00,2.50000011e+07,1.13743959e+00,-5.64113293e+00,6.77857252e+00,1.00021186e-09
42,1.05260482e+00,3.33550339e-08,94,23,2,71,normal_corr_dominates,3.50600053e+00,1.00000000e+00,2.50000141e+07,1.41366821e+01,-5.64113293e+00,1.97778150e+01,1.00017806e-09
42,1.05260482e+00,3.33550339e-08,94,25,0,75,normal_corr_dominates,1.74272816e+01,1.00000000e+00,2.50000302e+07,3.02391197e+01,-1.84078659e+00,3.20799063e+01,1.00023170e-09
42,1.05260482e+00,3.33550339e-08,94,25,1,76,normal_corr_dominates,2.04480166e+01,1.00000000e+00,2.49999605e+07,-3.94812212e+01,-1.84078659e+00,-3.76404346e+01,1.00019182e-09
42,1.05260482e+00,3.33550339e-08,94,25,1,76,corr_ratio_high,6.13131712e-01,5.00000000e-01,2.49999605e+07,-3.94812212e+01,-1.84078659e+00,-3.76404346e+01,1.00019182e-09
42,1.05260482e+00,3.33550339e-08,94,25,2,77,normal_corr_dominates,1.71191102e+01,1.00000000e+00,2.49999666e+07,-3.33534150e+01,-1.84078659e+00,-3.15126284e+01,1.00023842e-09
42,1.05260482e+00,3.33550339e-08,94,26,0,78,normal_corr_dominates,1.13839818e+00,1.00000000e+00,2.50000008e+07,7.57480234e-01,-5.47319499e+00,6.23067522e+00,1.00024461e-09
42,1.05260482e+00,3.33550339e-08,94,26,1,79,normal_corr_dominates,2.29923973e+00,1.00000000e+00,2.50000071e+07,7.11099237e+00,-5.47319499e+00,1.25841874e+01,1.00016426e-09
42,1.05260482e+00,3.33550339e-08,94,26,2,80,normal_corr_dominates,6.30077171e+00,1.00000000e+00,2.49999600e+07,-3.99585471e+01,-5.47319499e+00,-3.44853521e+01,1.00022658e-09
42,1.05260482e+00,3.33550339e-08,94,28,0,84,normal_corr_dominates,5.51209854e+00,1.00000000e+00,2.49999243e+07,-7.56709252e+01,-1.16200522e+01,-6.40508730e+01,1.00028794e-09
42,1.05260482e+00,3.33550339e-08,94,28,2,86,normal_corr_dominates,1.43958625e+00,1.00000000e+00,2.50000051e+07,5.10801514e+00,-1.16200522e+01,1.67280674e+01,1.00017642e-09
42,1.05260482e+00,3.33550339e-08,94,29,0,87,normal_corr_dominates,5.40691183e+00,1.00000000e+00,2.50000181e+07,1.80502808e+01,-4.09590242e+00,2.21461832e+01,1.00025933e-09
42,1.05260482e+00,3.33550339e-08,94,29,1,88,corr_ratio_high,7.43959452e-01,5.00000000e-01,2.49999988e+07,-1.24676530e+00,-4.09590242e+00,2.84913712e+00,1.00012922e-09
42,1.05260482e+00,3.33550339e-08,94,29,2,89,normal_corr_dominates,4.68405294e+00,1.00000000e+00,2.49999767e+07,-2.32813262e+01,-4.09590242e+00,-1.91854238e+01,1.00018507e-09
42,1.05260482e+00,3.33550339e-08,94,30,1,91,normal_corr_dominates,1.67586064e+00,1.00000000e+00,2.49999750e+07,-2.50448745e+01,-9.35955861e+00,-1.56853159e+01,1.00019944e-09
42,1.05260482e+00,3.33550339e-08,94,32,0,96,normal_corr_dominates,1.51263371e+02,1.00000000e+00,2.49999514e+07,-4.86021367e+01,-3.19197825e-01,-4.82829389e+01,1.00023783e-09
42,1.05260482e+00,3.33550339e-08,94,32,1,97,normal_corr_dominates,7.39591452e+01,1.00000000e+00,2.50000233e+07,2.32884004e+01,-3.19197825e-01,2.36075983e+01,1.00021704e-09
42,1.05260482e+00,3.33550339e-08,94,32,2,98,normal_corr_dominates,1.72213671e+01,1.00000000e+00,2.49999942e+07,-5.81622075e+00,-3.19197825e-01,-5.49702292e+00,1.00013600e-09
42,1.05260482e+00,3.33550339e-08,94,32,2,98,corr_ratio_high,8.00763806e-01,5.00000000e-01,2.49999942e+07,-5.81622075e+00,-3.19197825e-01,-5.49702292e+00,1.00013600e-09
42,1.05260482e+00,3.33550339e-08,94,31,1,94,normal_corr_dominates,2.14567578e+00,1.00000000e+00,2.50000083e+07,8.27317442e+00,-7.22121789e+00,1.54943923e+01,1.00023485e-09
42,1.05260482e+00,3.33550339e-08,94,31,2,95,normal_corr_dominates,3.49177603e+00,1.00000000e+00,2.49999676e+07,-3.24360934e+01,-7.22121789e+00,-2.52148755e+01,1.00022682e-09
42,1.05260482e+00,3.33550339e-08,94,12,0,36,normal_corr_dominates,1.47724482e+00,1.00000000e+00,2.50000094e+07,9.42015996e+00,-1.97386321e+01,2.91587921e+01,1.00031113e-09
42,1.05260482e+00,3.33550339e-08,94,12,2,38,normal_corr_dominates,2.36112022e+00,1.00000000e+00,2.50000269e+07,2.68666513e+01,-1.97386321e+01,4.66052834e+01,1.00008481e-09
42,1.05260482e+00,3.33550339e-08,94,12,2,38,corr_ratio_high,1.51049222e+00,5.00000000e-01,2.50000269e+07,2.68666513e+01,-1.97386321e+01,4.66052834e+01,1.00008481e-09
43,1.07556316e+00,3.40825400e-08,94,0,0,0,normal_corr_dominates,8.64782174e+00,1.00000000e+00,2.49999595e+07,-4.05055532e+01,-4.19841434e+00,-3.63071388e+01,1.00017003e-09
43,1.07556316e+00,3.40825400e-08,94,0,1,1,normal_corr_dominates,7.39821998e+00,1.00000000e+00,2.50000269e+07,2.68623785e+01,-4.19841434e+00,3.10607929e+01,1.00011614e-09
43,1.07556316e+00,3.40825400e-08,94,0,2,2,normal_corr_dominates,3.68892186e+00,1.00000000e+00,2.50000113e+07,1.12892081e+01,-4.19841434e+00,1.54876224e+01,1.00026508e-09
43,1.07556316e+00,3.40825400e-08,94,1,0,3,normal_corr_dominates,2.29831737e+00,1.00000000e+00,2.50000104e+07,1.04284346e+01,-8.03226919e+00,1.84607038e+01,1.00022679e-09
43,1.07556316e+00,3.40825400e-08,94,1,1,4,normal_corr_dominates,5.52264448e+00,1.00000000e+00,2.50000363e+07,3.63270979e+01,-8.03226919e+00,4.43593671e+01,1.00015992e-09
43,1.07556316e+00,3.40825400e-08,94,1,2,5,normal_corr_dominates,4.14479077e+00,1.00000000e+00,2.49999587e+07,-4.13243444e+01,-8.03226919e+00,-3.32920752e+01,1.00024412e-09
43,1.07556316e+00,3.40825400e-08,94,2,0,6,normal_corr_dominates,1.24812573e+01,1.00000000e+00,2.50000464e+07,4.63769736e+01,-4.03936365e+00,5.04163372e+01,1.00010309e-09
43,1.07556316e+00,3.40825400e-08,94,2,0,6,corr_ratio_high,6.00153799e-01,5.00000000e-01,2.50000464e+07,4.63769736e+01,-4.03936365e+00,5.04163372e+01,1.00010309e-09
43,1.07556316e+00,3.40825400e-08,94,2,1,7,normal_corr_dominates,2.87016367e+00,1.00000000e+00,2.49999844e+07,-1.56329984e+01,-4.03936365e+00,-1.15936348e+01,1.00028299e-09
43,1.07556316e+00,3.40825400e-08,94,2,2,8,normal_corr_dominates,3.23751738e+00,1.00000000e+00,2.49999829e+07,-1.71168737e+01,-4.03936365e+00,-1.30775100e+01,1.00020780e-09
43,1.07556316e+00,3.40825400e-08,94,3,0,9,normal_corr_dominates,5.67388964e+00,1.00000000e+00,2.49999594e+07,-4.06480657e+01,-6.09061100e+00,-3.45574547e+01,1.00017835e-09
43,1.07556316e+00,3.40825400e-08,94,3,1,10,normal_corr_dominates,3.35026288e+00,1.00000000e+00,2.50000143e+07,1.43145370e+01,-6.09061100e+00,2.04051480e+01,1.00024416e-09
43,1.07556316e+00,3.40825400e-08,94,3,2,11,normal_corr_dominates,6.01238410e+00,1.00000000e+00,2.50000305e+07,3.05284818e+01,-6.09061100e+00,3.66190928e+01,1.00018169e-09
43,1.07556316e+00,3.40825400e-08,94,4,0,12,normal_corr_dominates,5.09389615e+00,1.00000000e+00,2.50000127e+07,1.26518751e+01,-3.09042405e+00,1.57422992e+01,1.00015939e-09
43,1.07556316e+00,3.40825400e-08,94,4,1,13,normal_corr_dominates,7.37340369e+00,1.00000000e+00,2.49999741e+07,-2.58773681e+01,-3.09042405e+00,-2.27869441e+01,1.00017217e-09
43,1.07556316e+00,3.40825400e-08,94,4,2,14,normal_corr_dominates,7.45050182e+00,1.00000000e+00,2.50000199e+07,1.99347859e+01,-3.09042405e+00,2.30252100e+01,1.00016283e-09
43,1.07556316e+00,3.40825400e-08,94,5,0,15,normal_corr_dominates,1.48712119e+00,1.00000000e+00,2.50000064e+07,6.40404053e+00,-1.31467091e+01,1.95507496e+01,1.00016800e-09
43,1.07556316e+00,3.40825400e-08,94,5,1,16,normal_corr_dominates,2.22478003e+00,1.00000000e+00,2.49999576e+07,-4.23952448e+01,-1.31467091e+01,-2.92485357e+01,1.00011203e-09
43,1.07556316e+00,3.40825400e-08,94,5,1,16,corr_ratio_high,9.04555067e-01,5.00000000e-01,2.49999576e+07,-4.23952448e+01,-1.31467091e+01,-2.92485357e+01,1.00011203e-09
43,1.07556316e+00,3.40825400e-08,94,5,2,17,normal_corr_dominates,2.31667072e+00,1.00000000e+00,2.50000173e+07,1.73098869e+01,-1.31467091e+01,3.04565960e+01,1.00018311e-09
43,1.07556316e+00,3.40825400e-08,94,8,0,24,normal_corr_dominates,3.54692485e+00,1.00000000e+00,2.50000134e+07,1.34185001e+01,-5.26851042e+00,1.86870105e+01,1.00021228e-09
43,1.07556316e+00,3.40825400e-08,94,8,1,25,normal_corr_dominates,1.66579268e+00,1.00000000e+00,2.50000035e+07,3.50773569e+00,-5.26851042e+00,8.77624610e+00,1.00018288e-09
43,1.07556316e+00,3.40825400e-08,94,8,2,26,normal_corr_dominates,4.83898976e+00,1.00000000e+00,2.49999692e+07,-3.07627784e+01,-5.26851042e+00,-2.54942680e+01,1.00024139e-09
43,1.07556316e+00,3.40825400e-08,94,9,0,27,normal_corr_dominates,2.80736259e+00,1.00000000e+00,2.49999675e+07,-3.24743408e+01,-8.52935332e+00,-2.39449874e+01,1.00021734e-09
43,1.07556316e+00,3.40825400e-08,94,9,1,28,normal_corr_dominates,4.31330131e+00,1.00000000e+00,2.50000283e+07,2.82603176e+01,-8.52935332e+00,3.67896709e+01,1.00016688e-09
43,1.07556316e+00,3.40825400e-08,94,9,2,29,normal_corr_dominates,3.51322115e+00,1.00000000e+00,2.49999615e+07,-3.84948578e+01,-8.52935332e+00,-2.99655045e+01,1.00025374e-09
43,1.07556316e+00,3.40825400e-08,94,10,0,30,normal_corr_dominates,1.21233210e+00,1.00000000e+00,2.49999800e+07,-2.00109825e+01,-9.04519829e+00,-1.09657842e+01,1.00012781e-09
43,1.07556316e+00,3.40825400e-08,94,10,0,30,corr_ratio_high,7.43464890e-01,5.00000000e-01,2.49999800e+07,-2.00109825e+01,-9.04519829e+00,-1.09657842e+01,1.00012781e-09
43,1.07556316e+00,3.40825400e-08,94,10,2,32,normal_corr_dominates,3.57503221e+00,1.00000000e+00,2.50000233e+07,2.32916769e+01,-9.04519829e+00,3.23368752e+01,1.00019474e-09
43,1.07556316e+00,3.40825400e-08,94,13,2,41,normal_corr_dominates,1.33645044e+00,1.00000000e+00,2.50000038e+07,3.78707745e+00,-1.12559743e+01,1.50430517e+01,1.00018672e-09
43,1.07556316e+00,3.40825400e-08,94,14,0,42,normal_corr_dominates,5.10354740e+00,1.00000000e+00,2.50000410e+07,4.09732112e+01,-9.98482708e+00,5.09580383e+01,1.00034785e-09
43,1.07556316e+00,3.40825400e-08,94,14,1,43,normal_corr_dominates,6.93604394e+00,1.00000000e+00,2.49999208e+07,-7.92400265e+01,-9.98482708e+00,-6.92551994e+01,1.00021619e-09
43,1.07556316e+00,3.40825400e-08,94,14,2,44,normal_corr_dominates,2.44083171e+00,1.00000000e+00,2.50000144e+07,1.43864554e+01,-9.98482708e+00,2.43712825e+01,1.00013711e-09
43,1.07556316e+00,3.40825400e-08,94,14,2,44,corr_ratio_high,6.61231843e-01,5.00000000e-01,2.50000144e+07,1.43864554e+01,-9.98482708e+00,2.43712825e+01,1.00013711e-09
43,1.07556316e+00,3.40825400e-08,94,15,0,45,normal_corr_dominates,6.99325519e+00,1.00000000e+00,2.50000439e+07,4.38937216e+01,-7.32385326e+00,5.12175748e+01,1.00012705e-09
43,1.07556316e+00,3.40825400e-08,94,15,1,46,normal_corr_dominates,1.27528101e+00,1.00000000e+00,2.50000020e+07,2.01611771e+00,-7.32385326e+00,9.33997097e+00,1.00017568e-09
43,1.07556316e+00,3.40825400e-08,94,15,2,47,normal_corr_dominates,3.61038555e+00,1.00000000e+00,2.49999662e+07,-3.37657872e+01,-7.32385326e+00,-2.64419340e+01,1.00020978e-09
43,1.07556316e+00,3.40825400e-08,94,17,0,51,normal_corr_dominates,5.90196568e+00,1.00000000e+00,2.49999644e+07,-3.56441372e+01,-5.16434575e+00,-3.04797914e+01,1.00015877e-09
43,1.07556316e+00,3.40825400e-08,94,17,0,51,corr_ratio_high,5.04210392e-01,5.00000000e-01,2.49999644e+07,-3.56441372e+01,-5.16434575e+00,-3.04797914e+01,1.00015877e-09
43,1.07556316e+00,3.40825400e-08,94,17,1,52,normal_corr_dominates,5.71814888e+00,1.00000000e+00,2.49999653e+07,-3.46948436e+01,-5.16434575e+00,-2.95304979e+01,1.00017987e-09
43,1.07556316e+00,3.40825400e-08,94,17,2,53,normal_corr_dominates,8.37452230e+00,1.00000000e+00,2.50000381e+07,3.80845829e+01,-5.16434575e+00,4.32489287e+01,1.00019534e-09
43,1.07556316e+00,3.40825400e-08,94,18,0,54,normal_corr_dominates,2.26535485e+00,1.00000000e+00,2.50000057e+07,5.74210899e+00,-4.53794363e+00,1.02800526e+01,1.00015971e-09
43,1.07556316e+00,3.40825400e-08,94,18,1,55,normal_corr_dominates,2.99800298e+00,1.00000000e+00,2.50000091e+07,9.06682492e+00,-4.53794363e+00,1.36047686e+01,1.00016657e-09
43,1.07556316e+00,3.40825400e-08,94,18,2,56,normal_corr_dominates,4.19340372e+00,1.00000000e+00,2.49999764e+07,-2.35673733e+01,-4.53794363e+00,-1.90294297e+01,1.00017919e-09
43,1.07556316e+00,3.40825400e-08,94,19,0,57,normal_corr_dominates,5.87543263e+00,1.00000000e+00,2.49999504e+07,-4.96338834e+01,-7.21901967e+00,-4.24148638e+01,1.00005182e-09
43,1.07556316e+00,3.40825400e-08,94,19,0,57,corr_ratio_high,2.29731361e+00,5.00000000e-01,2.49999504e+07,-4.96338834e+01,-7.21901967e+00,-4.24148638e+01,1.00005182e-09
43,1.07556316e+00,3.40825400e-08,94,19,1,58,normal_corr_dominates,4.60546728e+00,1.00000000e+00,2.50000260e+07,2.60279392e+01,-7.21901967e+00,3.32469589e+01,1.00018031e-09
43,1.07556316e+00,3.40825400e-08,94,20,0,60,normal_corr_dominates,2.10583034e+00,1.00000000e+00,2.50000051e+07,5.11788263e+00,-4.62809027e+00,9.74597290e+00,1.00015688e-09
43,1.07556316e+00,3.40825400e-08,94,20,1,61,normal_corr_dominates,3.44677930e+00,1.00000000e+00,2.49999794e+07,-2.05800960e+01,-4.62809027e+00,-1.59520058e+01,1.00018026e-09
43,1.07556316e+00,3.40825400e-08,94,20,2,62,normal_corr_dominates,5.03239898e+00,1.00000000e+00,2.49999721e+07,-2.79184870e+01,-4.62809027e+00,-2.32903968e+01,1.00018813e-09
43,1.07556316e+00,3.40825400e-08,94,21,2,65,normal_corr_dominates,2.91713340e+00,1.00000000e+00,2.50000231e+07,2.31405337e+01,-1.20703826e+01,3.52109163e+01,1.00015214e-09
43,1.07556316e+00,3.40825400e-08,94,22,2,68,normal_corr_dominates,2.31252445e+00,1.00000000e+00,2.49999683e+07,-3.16543441e+01,-9.55595788e+00,-2.20983862e+01,1.00018222e-09
43,1.07556316e+00,3.40825400e-08,94,23,0,69,normal_corr_dominates,3.24994847e+00,1.00000000e+00,2.49999756e+07,-2.44491317e+01,-5.75280662e+00,-1.86963251e+01,1.00020498e-09
43,1.07556316e+00,3.40825400e-08,94,23,1,70,normal_corr_dominates,1.20260306e+00,1.00000000e+00,2.50000012e+07,1.16553625e+00,-5.75280662e+00,6.91834287e+00,1.00021613e-09
43,1.07556316e+00,3.40825400e-08,94,23,2,71,normal_corr_dominates,3.50790539e+00,1.00000000e+00,2.50000144e+07,1.44274947e+01,-5.75280662e+00,2.01803013e+01,1.00018166e-09
43,1.07556316e+00,3.40825400e-08,94,25,0,75,normal_corr_dominates,1.74554713e+01,1.00000000e+00,2.50000309e+07,3.08508310e+01,-1.87480689e+00,3.27256378e+01,1.00023638e-09
43,1.07556316e+00,3.40825400e-08,94,25,1,76,normal_corr_dominates,2.04813218e+01,1.00000000e+00,2.49999597e+07,-4.02733301e+01,-1.87480689e+00,-3.83985232e+01,1.00019569e-09
43,1.07556316e+00,3.40825400e-08,94,25,1,76,corr_ratio_high,6.13175265e-01,5.00000000e-01,2.49999597e+07,-4.02733301e+01,-1.87480689e+00,-3.83985232e+01,1.00019569e-09
43,1.07556316e+00,3.40825400e-08,94,25,2,77,normal_corr_dominates,1.71506450e+01,1.00000000e+00,2.49999660e+07,-3.40289544e+01,-1.87480689e+00,-3.21541475e+01,1.00024324e-09
43,1.07556316e+00,3.40825400e-08,94,26,0,78,normal_corr_dominates,1.13954942e+00,1.00000000e+00,2.50000008e+07,7.78826066e-01,-5.58100557e+00,6.35983163e+00,1.00024954e-09
43,1.07556316e+00,3.40825400e-08,94,26,1,79,normal_corr_dominates,2.30058708e+00,1.00000000e+00,2.50000073e+07,7.25858374e+00,-5.58100557e+00,1.28395893e+01,1.00016759e-09
43,1.07556316e+00,3.40825400e-08,94,26,2,80,normal_corr_dominates,6.30503177e+00,1.00000000e+00,2.49999592e+07,-4.07694230e+01,-5.58100557e+00,-3.51884174e+01,1.00023116e-09
43,1.07556316e+00,3.40825400e-08,94,28,0,84,normal_corr_dominates,5.51265577e+00,1.00000000e+00,2.49999228e+07,-7.71985427e+01,-1.18536194e+01,-6.53449233e+01,1.00029377e-09
43,1.07556316e+00,3.40825400e-08,94,28,2,86,normal_corr_dominates,1.43968048e+00,1.00000000e+00,2.50000052e+07,5.21180502e+00,-1.18536194e+01,1.70654244e+01,1.00017997e-09
43,1.07556316e+00,3.40825400e-08,94,29,0,87,normal_corr_dominates,5.40798840e+00,1.00000000e+00,2.50000184e+07,1.84157195e+01,-4.17780581e+00,2.25935253e+01,1.00026458e-09
43,1.07556316e+00,3.40825400e-08,94,29,1,88,corr_ratio_high,7.43901244e-01,5.00000000e-01,2.49999987e+07,-1.27065665e+00,-4.17780581e+00,2.90714916e+00,1.00013184e-09
43,1.07556316e+00,3.40825400e-08,94,29,2,89,normal_corr_dominates,4.68461728e+00,1.00000000e+00,2.49999763e+07,-2.37492271e+01,-4.17780581e+00,-1.95714213e+01,1.00018881e-09
43,1.07556316e+00,3.40825400e-08,94,30,1,91,normal_corr_dominates,1.67608856e+00,1.00000000e+00,2.49999745e+07,-2.55470748e+01,-9.54642351e+00,-1.60006513e+01,1.00020347e-09
43,1.07556316e+00,3.40825400e-08,94,32,0,96,normal_corr_dominates,1.51502379e+02,1.00000000e+00,2.49999504e+07,-4.95828662e+01,-3.25128478e-01,-4.92577378e+01,1.00024264e-09
43,1.07556316e+00,3.40825400e-08,94,32,1,97,normal_corr_dominates,7.40728171e+01,1.00000000e+00,2.50000238e+07,2.37580538e+01,-3.25128478e-01,2.40831823e+01,1.00022143e-09
43,1.07556316e+00,3.40825400e-08,94,32,2,98,normal_corr_dominates,1.72355517e+01,1.00000000e+00,2.49999941e+07,-5.92889717e+00,-3.25128478e-01,-5.60376869e+00,1.00013874e-09
43,1.07556316e+00,3.40825400e-08,94,32,2,98,corr_ratio_high,8.00820518e-01,5.00000000e-01,2.49999941e+07,-5.92889717e+00,-3.25128478e-01,-5.60376869e+00,1.00013874e-09
43,1.07556316e+00,3.40825400e-08,94,31,1,94,normal_corr_dominates,2.14659770e+00,1.00000000e+00,2.50000084e+07,8.44238861e+00,-7.36299108e+00,1.58053797e+01,1.00023960e-09
43,1.07556316e+00,3.40825400e-08,94,31,2,95,normal_corr_dominates,3.49433285e+00,1.00000000e+00,2.49999669e+07,-3.30917327e+01,-7.36299108e+00,-2.57287416e+01,1.00023140e-09
43,1.07556316e+00,3.40825400e-08,94,12,0,36,normal_corr_dominates,1.47754758e+00,1.00000000e+00,2.50000096e+07,9.61482491e+00,-2.01337526e+01,2.97485775e+01,1.00031741e-09
43,1.07556316e+00,3.40825400e-08,94,12,2,38,normal_corr_dominates,2.36171639e+00,1.00000000e+00,2.50000274e+07,2.74164610e+01,-2.01337526e+01,4.75502135e+01,1.00008654e-09
43,1.07556316e+00,3.40825400e-08,94,12,2,38,corr_ratio_high,1.51005265e+00,5.00000000e-01,2.50000274e+07,2.74164610e+01,-2.01337526e+01,4.75502135e+01,1.00008654e-09
44,1.09963619e+00,3.48453681e-08,94,0,0,0,normal_corr_dominates,8.65087707e+00,1.00000000e+00,2.49999587e+07,-4.13477017e+01,-4.28434654e+00,-3.70633552e+01,1.00017356e-09
44,1.09963619e+00,3.48453681e-08,94,0,1,1,normal_corr_dominates,7.39935080e+00,1.00000000e+00,2.50000274e+07,2.74170364e+01,-4.28434654e+00,3.17013829e+01,1.00011857e-09
44,1.09963619e+00,3.48453681e-08,94,0,2,2,normal_corr_dominates,3.69176920e+00,1.00000000e+00,2.50000115e+07,1.15324721e+01,-4.28434654e+00,1.58168186e+01,1.00027055e-09
44,1.09963619e+00,3.48453681e-08,94,1,0,3,normal_corr_dominates,2.29897760e+00,1.00000000e+00,2.50000106e+07,1.06477849e+01,-8.19705037e+00,1.88448352e+01,1.00023149e-09
44,1.09963619e+00,3.48453681e-08,94,1,1,4,normal_corr_dominates,5.52453582e+00,1.00000000e+00,2.50000371e+07,3.70878481e+01,-8.19705037e+00,4.52848984e+01,1.00016323e-09
44,1.09963619e+00,3.48453681e-08,94,1,2,5,normal_corr_dominates,4.14620026e+00,1.00000000e+00,2.49999578e+07,-4.21836628e+01,-8.19705037e+00,-3.39866124e+01,1.00024918e-09
44,1.09963619e+00,3.48453681e-08,94,2,0,6,normal_corr_dominates,1.24849852e+01,1.00000000e+00,2.50000473e+07,4.73372811e+01,-4.12166669e+00,5.14589478e+01,1.00010524e-09
44,1.09963619e+00,3.48453681e-08,94,2,0,6,corr_ratio_high,5.99996852e-01,5.00000000e-01,2.50000473e+07,4.73372811e+01,-4.12166669e+00,5.14589478e+01,1.00010524e-09
44,1.09963619e+00,3.48453681e-08,94,2,1,7,normal_corr_dominates,2.86965405e+00,1.00000000e+00,2.49999841e+07,-1.59494242e+01,-4.12166669e+00,-1.18277575e+01,1.00028882e-09
44,1.09963619e+00,3.48453681e-08,94,2,2,8,normal_corr_dominates,3.23831041e+00,1.00000000e+00,2.49999825e+07,-1.74689028e+01,-4.12166669e+00,-1.33472362e+01,1.00021211e-09
44,1.09963619e+00,3.48453681e-08,94,3,0,9,normal_corr_dominates,5.67555139e+00,1.00000000e+00,2.49999585e+07,-4.14929236e+01,-6.21565489e+00,-3.52772687e+01,1.00018206e-09
44,1.09963619e+00,3.48453681e-08,94,3,1,10,normal_corr_dominates,3.35175672e+00,1.00000000e+00,2.50000146e+07,1.46177082e+01,-6.21565489e+00,2.08333630e+01,1.00024922e-09
44,1.09963619e+00,3.48453681e-08,94,3,2,11,normal_corr_dominates,6.01410275e+00,1.00000000e+00,2.50000312e+07,3.11659323e+01,-6.21565489e+00,3.73815872e+01,1.00018545e-09
44,1.09963619e+00,3.48453681e-08,94,4,0,12,normal_corr_dominates,5.09644181e+00,1.00000000e+00,2.50000129e+07,1.29154304e+01,-3.15284117e+00,1.60682716e+01,1.00016270e-09
44,1.09963619e+00,3.48453681e-08,94,4,1,13,normal_corr_dominates,7.37717078e+00,1.00000000e+00,2.49999736e+07,-2.64118889e+01,-3.15284117e+00,-2.32590478e+01,1.00017574e-09
44,1.09963619e+00,3.48453681e-08,94,4,2,14,normal_corr_dominates,7.45344290e+00,1.00000000e+00,2.50000203e+07,2.03466805e+01,-3.15284117e+00,2.34995217e+01,1.00016622e-09
44,1.09963619e+00,3.48453681e-08,94,5,0,15,normal_corr_dominates,1.48737495e+00,1.00000000e+00,2.50000065e+07,6.53984358e+00,-1.34185057e+01,1.99583493e+01,1.00017148e-09
44,1.09963619e+00,3.48453681e-08,94,5,1,16,normal_corr_dominates,2.22501696e+00,1.00000000e+00,2.49999567e+07,-4.32749084e+01,-1.34185057e+01,-2.98564027e+01,1.00011437e-09
44,1.09963619e+00,3.48453681e-08,94,5,1,16,corr_ratio_high,9.04269399e-01,5.00000000e-01,2.49999567e+07,-4.32749084e+01,-1.34185057e+01,-2.98564027e+01,1.00011437e-09
44,1.09963619e+00,3.48453681e-08,94,5,2,17,normal_corr_dominates,2.31670356e+00,1.00000000e+00,2.50000177e+07,1.76681942e+01,-1.34185057e+01,3.10866998e+01,1.00018691e-09
44,1.09963619e+00,3.48453681e-08,94,8,0,24,normal_corr_dominates,3.54906759e+00,1.00000000e+00,2.50000137e+07,1.37009776e+01,-5.37489775e+00,1.90758754e+01,1.00021667e-09
44,1.09963619e+00,3.48453681e-08,94,8,1,25,normal_corr_dominates,1.66628912e+00,1.00000000e+00,2.50000036e+07,3.58123587e+00,-5.37489775e+00,8.95613361e+00,1.00018668e-09
44,1.09963619e+00,3.48453681e-08,94,8,2,26,normal_corr_dominates,4.84193560e+00,1.00000000e+00,2.49999686e+07,-3.13998065e+01,-5.37489775e+00,-2.60249087e+01,1.00024639e-09
44,1.09963619e+00,3.48453681e-08,94,9,0,27,normal_corr_dominates,2.80722005e+00,1.00000000e+00,2.49999669e+07,-3.31387516e+01,-8.70418604e+00,-2.44345655e+01,1.00022183e-09
44,1.09963619e+00,3.48453681e-08,94,9,1,28,normal_corr_dominates,4.31494104e+00,1.00000000e+00,2.50000289e+07,2.88538635e+01,-8.70418604e+00,3.75580496e+01,1.00017034e-09
44,1.09963619e+00,3.48453681e-08,94,9,2,29,normal_corr_dominates,3.51469892e+00,1.00000000e+00,2.49999607e+07,-3.92967793e+01,-8.70418604e+00,-3.05925933e+01,1.00025900e-09
44,1.09963619e+00,3.48453681e-08,94,10,0,30,normal_corr_dominates,1.21367474e+00,1.00000000e+00,2.49999796e+07,-2.04309789e+01,-9.22944031e+00,-1.12015386e+01,1.00013049e-09
44,1.09963619e+00,3.48453681e-08,94,10,0,30,corr_ratio_high,7.43091773e-01,5.00000000e-01,2.49999796e+07,-2.04309789e+01,-9.22944031e+00,-1.12015386e+01,1.00013049e-09
44,1.09963619e+00,3.48453681e-08,94,10,2,32,normal_corr_dominates,3.57662306e+00,1.00000000e+00,2.50000238e+07,2.37807887e+01,-9.22944031e+00,3.30102290e+01,1.00019877e-09
44,1.09963619e+00,3.48453681e-08,94,13,2,41,normal_corr_dominates,1.33641230e+00,1.00000000e+00,2.50000039e+07,3.86454458e+00,-1.14875246e+01,1.53520692e+01,1.00019059e-09
44,1.09963619e+00,3.48453681e-08,94,14,0,42,normal_corr_dominates,5.10486958e+00,1.00000000e+00,2.50000418e+07,4.18235634e+01,-1.01887679e+01,5.20123313e+01,1.00035504e-09
44,1.09963619e+00,3.48453681e-08,94,14,1,43,normal_corr_dominates,6.93813443e+00,1.00000000e+00,2.49999191e+07,-8.08798092e+01,-1.01887679e+01,-7.06910413e+01,1.00022069e-09
44,1.09963619e+00,3.48453681e-08,94,14,2,44,normal_corr_dominates,2.44140036e+00,1.00000000e+00,2.50000147e+07,1.46860938e+01,-1.01887679e+01,2.48748617e+01,1.00013996e-09
44,1.09963619e+00,3.48453681e-08,94,14,2,44,corr_ratio_high,6.61262527e-01,5.00000000e-01,2.50000147e+07,1.46860938e+01,-1.01887679e+01,2.48748617e+01,1.00013996e-09
44,1.09963619e+00,3.48453681e-08,94,15,0,45,normal_corr_dominates,6.99382324e+00,1.00000000e+00,2.50000448e+07,4.48031678e+01,-7.47488973e+00,5.22780576e+01,1.00012969e-09
44,1.09963619e+00,3.48453681e-08,94,15,1,46,normal_corr_dominates,1.27566295e+00,1.00000000e+00,2.50000021e+07,2.06055015e+00,-7.47488973e+00,9.53543988e+00,1.00017933e-09
44,1.09963619e+00,3.48453681e-08,94,15,2,47,normal_corr_dominates,3.61067326e+00,1.00000000e+00,2.49999655e+07,-3.44642742e+01,-7.47488973e+00,-2.69893845e+01,1.00021413e-09
44,1.09963619e+00,3.48453681e-08,94,17,0,51,normal_corr_dominates,5.90598749e+00,1.00000000e+00,2.49999636e+07,-3.63872805e+01,-5.26894678e+00,-3.11183338e+01,1.00016207e-09
44,1.09963619e+00,3.48453681e-08,94,17,0,51,corr_ratio_high,5.04246152e-01,5.00000000e-01,2.49999636e+07,-3.63872805e+01,-5.26894678e+00,-3.11183338e+01,1.00016207e-09
44,1.09963619e+00,3.48453681e-08,94,17,1,52,normal_corr_dominates,5.72121846e+00,1.00000000e+00,2.49999646e+07,-3.54137424e+01,-5.26894678e+00,-3.01447956e+01,1.00018361e-09
44,1.09963619e+00,3.48453681e-08,94,17,2,53,normal_corr_dominates,8.37933700e+00,1.00000000e+00,2.50000389e+07,3.88813339e+01,-5.26894678e+00,4.41502807e+01,1.00019937e-09
44,1.09963619e+00,3.48453681e-08,94,18,0,54,normal_corr_dominates,2.26617635e+00,1.00000000e+00,2.50000059e+07,5.86315658e+00,-4.63060028e+00,1.04937569e+01,1.00016302e-09
44,1.09963619e+00,3.48453681e-08,94,18,1,55,normal_corr_dominates,2.99884167e+00,1.00000000e+00,2.50000093e+07,9.25583679e+00,-4.63060028e+00,1.38864371e+01,1.00017003e-09
44,1.09963619e+00,3.48453681e-08,94,18,2,56,normal_corr_dominates,4.19463807e+00,1.00000000e+00,2.49999759e+07,-2.40542925e+01,-4.63060028e+00,-1.94236922e+01,1.00018290e-09
44,1.09963619e+00,3.48453681e-08,94,19,0,57,normal_corr_dominates,5.87631738e+00,1.00000000e+00,2.49999493e+07,-5.06634227e+01,-7.36781331e+00,-4.32956094e+01,1.00005291e-09
44,1.09963619e+00,3.48453681e-08,94,19,0,57,corr_ratio_high,2.29665214e+00,5.00000000e-01,2.49999493e+07,-5.06634227e+01,-7.36781331e+00,-4.32956094e+01,1.00005291e-09
44,1.09963619e+00,3.48453681e-08,94,19,1,58,normal_corr_dominates,4.60575874e+00,1.00000000e+00,2.50000266e+07,2.65665572e+01,-7.36781331e+00,3.39343705e+01,1.00018405e-09
44,1.09963619e+00,3.48453681e-08,94,20,0,60,normal_corr_dominates,2.10668613e+00,1.00000000e+00,2.50000052e+07,5.22608896e+00,-4.72228647e+00,9.94837543e+00,1.00016014e-09
44,1.09963619e+00,3.48453681e-08,94,20,1,61,normal_corr_dominates,3.44844804e+00,1.00000000e+00,2.49999790e+07,-2.10068460e+01,-4.72228647e+00,-1.62845595e+01,1.00018400e-09
44,1.09963619e+00,3.48453681e-08,94,20,2,62,normal_corr_dominates,5.03453148e+00,1.00000000e+00,2.49999715e+07,-2.84967863e+01,-4.72228647e+00,-2.37744999e+01,1.00019204e-09
44,1.09963619e+00,3.48453681e-08,94,21,2,65,normal_corr_dominates,2.91775576e+00,1.00000000e+00,2.50000236e+07,2.36227343e+01,-1.23179055e+01,3.59406398e+01,1.00015530e-09
44,1.09963619e+00,3.48453681e-08,94,22,2,68,normal_corr_dominates,2.31259421e+00,1.00000000e+00,2.49999677e+07,-3.23061896e+01,-9.75253460e+00,-2.25536550e+01,1.00018600e-09
44,1.09963619e+00,3.48453681e-08,94,23,0,69,normal_corr_dominates,3.25052455e+00,1.00000000e+00,2.49999751e+07,-2.49489991e+01,-5.86962828e+00,-1.90793709e+01,1.00020922e-09
44,1.09963619e+00,3.48453681e-08,94,23,1,70,normal_corr_dominates,1.20359508e+00,1.00000000e+00,2.50000012e+07,1.19502742e+00,-5.86962828e+00,7.06465570e+00,1.00022060e-09
44,1.09963619e+00,3.48453681e-08,94,23,2,71,normal_corr_dominates,3.50984844e+00,1.00000000e+00,2.50000147e+07,1.47318774e+01,-5.86962828e+00,2.06015057e+01,1.00018543e-09
44,1.09963619e+00,3.48453681e-08,94,25,0,75,normal_corr_dominates,1.74844059e+01,1.00000000e+00,2.50000315e+07,3.14909033e+01,-1.91034506e+00,3.34012484e+01,1.00024128e-09
44,1.09963619e+00,3.48453681e-08,94,25,1,76,normal_corr_dominates,2.05155066e+01,1.00000000e+00,2.49999589e+07,-4.11020417e+01,-1.91034506e+00,-3.91916967e+01,1.00019974e-09
44,1.09963619e+00,3.48453681e-08,94,25,1,76,corr_ratio_high,6.13219422e-01,5.00000000e-01,2.49999589e+07,-4.11020417e+01,-1.91034506e+00,-3.91916967e+01,1.00019974e-09
44,1.09963619e+00,3.48453681e-08,94,25,2,77,normal_corr_dominates,1.71830206e+01,1.00000000e+00,2.49999653e+07,-3.47358435e+01,-1.91034506e+00,-3.28254984e+01,1.00024828e-09
44,1.09963619e+00,3.48453681e-08,94,26,0,78,normal_corr_dominates,1.14072526e+00,1.00000000e+00,2.50000008e+07,8.01257459e-01,-5.69377147e+00,6.49502893e+00,1.00025470e-09
44,1.09963619e+00,3.48453681e-08,94,26,1,79,normal_corr_dominates,2.30197058e+00,1.00000000e+00,2.50000074e+07,7.41312296e+00,-5.69377147e+00,1.31068944e+01,1.00017108e-09
44,1.09963619e+00,3.48453681e-08,94,26,2,80,normal_corr_dominates,6.30938735e+00,1.00000000e+00,2.49999584e+07,-4.16179812e+01,-5.69377147e+00,-3.59242097e+01,1.00023595e-09
44,1.09963619e+00,3.48453681e-08,94,28,0,84,normal_corr_dominates,5.51322378e+00,1.00000000e+00,2.49999212e+07,-7.87969446e+01,-1.20979944e+01,-6.66989502e+01,1.00029987e-09
44,1.09963619e+00,3.48453681e-08,94,28,2,86,normal_corr_dominates,1.43977727e+00,1.00000000e+00,2.50000053e+07,5.32042297e+00,-1.20979944e+01,1.74184173e+01,1.00018369e-09
44,1.09963619e+00,3.48453681e-08,94,29,0,87,normal_corr_dominates,5.40908046e+00,1.00000000e+00,2.50000188e+07,1.87981072e+01,-4.26349834e+00,2.30616056e+01,1.00027007e-09
44,1.09963619e+00,3.48453681e-08,94,29,1,88,corr_ratio_high,7.43840551e-01,5.00000000e-01,2.49999987e+07,-1.29565811e+00,-4.26349834e+00,2.96784023e+00,1.00013459e-09
44,1.09963619e+00,3.48453681e-08,94,29,2,89,normal_corr_dominates,4.68518118e+00,1.00000000e+00,2.49999758e+07,-2.42387605e+01,-4.26349834e+00,-1.99752622e+01,1.00019271e-09
44,1.09963619e+00,3.48453681e-08,94,30,1,91,normal_corr_dominates,1.67631908e+00,1.00000000e+00,2.49999739e+07,-2.60724892e+01,-9.74192107e+00,-1.63305681e+01,1.00020768e-09
44,1.09963619e+00,3.48453681e-08,94,32,0,96,normal_corr_dominates,1.51744414e+02,1.00000000e+00,2.49999494e+07,-5.06090268e+01,-3.31331442e-01,-5.02776954e+01,1.00024767e-09
44,1.09963619e+00,3.48453681e-08,94,32,1,97,normal_corr_dominates,7.41878663e+01,1.00000000e+00,2.50000242e+07,2.42494413e+01,-3.31331442e-01,2.45807727e+01,1.00022603e-09
44,1.09963619e+00,3.48453681e-08,94,32,2,98,normal_corr_dominates,1.72496398e+01,1.00000000e+00,2.49999940e+07,-6.04667947e+00,-3.31331442e-01,-5.71534803e+00,1.00014161e-09
44,1.09963619e+00,3.48453681e-08,94,32,2,98,corr_ratio_high,8.00878280e-01,5.00000000e-01,2.49999940e+07,-6.04667947e+00,-3.31331442e-01,-5.71534803e+00,1.00014161e-09
44,1.09963619e+00,3.48453681e-08,94,31,1,94,normal_corr_dominates,2.14754159e+00,1.00000000e+00,2.50000086e+07,8.61947909e+00,-7.51125636e+00,1.61307354e+01,1.00024456e-09
44,1.09963619e+00,3.48453681e-08,94,31,2,95,normal_corr_dominates,3.49695464e+00,1.00000000e+00,2.49999662e+07,-3.37777791e+01,-7.51125636e+00,-2.62665227e+01,1.00023620e-09
44,1.09963619e+00,3.48453681e-08,94,12,0,36,normal_corr_dominates,1.47785755e+00,1.00000000e+00,2.50000098e+07,9.81859630e+00,-2.05471199e+01,3.03657162e+01,1.00032397e-09
44,1.09963619e+00,3.48453681e-08,94,12,2,38,normal_corr_dominates,2.36232894e+00,1.00000000e+00,2.50000280e+07,2.79919361e+01,-2.05471199e+01,4.85390560e+01,1.00008835e-09
44,1.09963619e+00,3.48453681e-08,94,12,2,38,corr_ratio_high,1.50959824e+00,5.00000000e-01,2.50000280e+07,2.79919361e+01,-2.05471199e+01,4.85390560e+01,1.00008835e-09
45,1.12415436e+00,3.56223022e-08,94,0,0,0,normal_corr_dominates,8.65387929e+00,1.00000000e+00,2.49999578e+07,-4.22036660e+01,-4.37167948e+00,-3.78319865e+01,1.00017714e-09
45,1.12415436e+00,3.56223022e-08,94,0,1,1,normal_corr_dominates,7.40044294e+00,1.00000000e+00,2.50000280e+07,2.79806850e+01,-4.37167948e+00,3.23523645e+01,1.00012105e-09
45,1.12415436e+00,3.56223022e-08,94,0,2,2,normal_corr_dominates,3.69458725e+00,1.00000000e+00,2.50000118e+07,1.17798718e+01,-4.37167948e+00,1.61515512e+01,1.00027611e-09
45,1.12415436e+00,3.56223022e-08,94,1,0,3,normal_corr_dominates,2.29962638e+00,1.00000000e+00,2.50000109e+07,1.08707340e+01,-8.36450705e+00,1.92352411e+01,1.00023627e-09
45,1.12415436e+00,3.56223022e-08,94,1,1,4,normal_corr_dominates,5.52640601e+00,1.00000000e+00,2.50000379e+07,3.78611550e+01,-8.36450705e+00,4.62256620e+01,1.00016659e-09
45,1.12415436e+00,3.56223022e-08,94,1,2,5,normal_corr_dominates,4.14759352e+00,1.00000000e+00,2.49999569e+07,-4.30570823e+01,-8.36450705e+00,-3.46925752e+01,1.00025432e-09
45,1.12415436e+00,3.56223022e-08,94,2,0,6,normal_corr_dominates,1.24886462e+01,1.00000000e+00,2.50000483e+07,4.83132385e+01,-4.20530301e+00,5.25185415e+01,1.00010743e-09
45,1.12415436e+00,3.56223022e-08,94,2,0,6,corr_ratio_high,5.99838967e-01,5.00000000e-01,2.50000483e+07,4.83132385e+01,-4.20530301e+00,5.25185415e+01,1.00010743e-09
45,1.12415436e+00,3.56223022e-08,94,2,1,7,normal_corr_dominates,2.86913539e+00,1.00000000e+00,2.49999837e+07,-1.62708867e+01,-4.20530301e+00,-1.20655837e+01,1.00029475e-09
45,1.12415436e+00,3.56223022e-08,94,2,2,8,normal_corr_dominates,3.23908294e+00,1.00000000e+00,2.49999822e+07,-1.78266282e+01,-4.20530301e+00,-1.36213252e+01,1.00021650e-09
45,1.12415436e+00,3.56223022e-08,94,3,0,9,normal_corr_dominates,5.67719050e+00,1.00000000e+00,2.49999576e+07,-4.23516332e+01,-6.34273250e+00,-3.60089007e+01,1.00018583e-09
45,1.12415436e+00,3.56223022e-08,94,3,1,10,normal_corr_dominates,3.35323432e+00,1.00000000e+00,2.50000149e+07,1.49259358e+01,-6.34273250e+00,2.12686683e+01,1.00025435e-09
45,1.12415436e+00,3.56223022e-08,94,3,2,11,normal_corr_dominates,6.01579642e+00,1.00000000e+00,2.50000318e+07,3.18138549e+01,-6.34273250e+00,3.81565874e+01,1.00018926e-09
45,1.12415436e+00,3.56223022e-08,94,4,0,12,normal_corr_dominates,5.09895347e+00,1.00000000e+00,2.50000132e+07,1.31832854e+01,-3.21625643e+00,1.63995419e+01,1.00016606e-09
45,1.12415436e+00,3.56223022e-08,94,4,1,13,normal_corr_dominates,7.38088979e+00,1.00000000e+00,2.49999730e+07,-2.69550907e+01,-3.21625643e+00,-2.37388342e+01,1.00017937e-09
45,1.12415436e+00,3.56223022e-08,94,4,2,14,normal_corr_dominates,7.45634225e+00,1.00000000e+00,2.50000208e+07,2.07652523e+01,-3.21625643e+00,2.39815087e+01,1.00016967e-09
45,1.12415436e+00,3.56223022e-08,94,5,0,15,normal_corr_dominates,1.48762591e+00,1.00000000e+00,2.50000067e+07,6.67791029e+00,-1.36947404e+01,2.03726507e+01,1.00017501e-09
45,1.12415436e+00,3.56223022e-08,94,5,1,16,normal_corr_dominates,2.22524989e+00,1.00000000e+00,2.49999558e+07,-4.41689599e+01,-1.36947404e+01,-3.04742195e+01,1.00011675e-09
45,1.12415436e+00,3.56223022e-08,94,5,1,16,corr_ratio_high,9.03982826e-01,5.00000000e-01,2.49999558e+07,-4.41689599e+01,-1.36947404e+01,-3.04742195e+01,1.00011675e-09
45,1.12415436e+00,3.56223022e-08,94,5,2,17,normal_corr_dominates,2.31673342e+00,1.00000000e+00,2.50000180e+07,1.80323223e+01,-1.36947404e+01,3.17270627e+01,1.00019076e-09
45,1.12415436e+00,3.56223022e-08,94,8,0,24,normal_corr_dominates,3.55119143e+00,1.00000000e+00,2.50000140e+07,1.39881174e+01,-5.48297446e+00,1.94710919e+01,1.00022114e-09
45,1.12415436e+00,3.56223022e-08,94,8,1,25,normal_corr_dominates,1.66678134e+00,1.00000000e+00,2.50000037e+07,3.65594506e+00,-5.48297446e+00,9.13891952e+00,1.00019054e-09
45,1.12415436e+00,3.56223022e-08,94,8,2,26,normal_corr_dominates,4.84485937e+00,1.00000000e+00,2.49999680e+07,-3.20472146e+01,-5.48297446e+00,-2.65642402e+01,1.00025147e-09
45,1.12415436e+00,3.56223022e-08,94,9,0,27,normal_corr_dominates,2.80706946e+00,1.00000000e+00,2.49999662e+07,-3.38138310e+01,-8.88185292e+00,-2.49319781e+01,1.00022639e-09
45,1.12415436e+00,3.56223022e-08,94,9,1,28,normal_corr_dominates,4.31656507e+00,1.00000000e+00,2.50000295e+07,2.94572431e+01,-8.88185292e+00,3.83390960e+01,1.00017386e-09
45,1.12415436e+00,3.56223022e-08,94,9,2,29,normal_corr_dominates,3.51616278e+00,1.00000000e+00,2.49999599e+07,-4.01118936e+01,-8.88185292e+00,-3.12300407e+01,1.00026435e-09
45,1.12415436e+00,3.56223022e-08,94,10,0,30,normal_corr_dominates,1.21501208e+00,1.00000000e+00,2.49999791e+07,-2.08579802e+01,-9.41664399e+00,-1.14413362e+01,1.00013322e-09
45,1.12415436e+00,3.56223022e-08,94,10,0,30,corr_ratio_high,7.42718816e-01,5.00000000e-01,2.49999791e+07,-2.08579802e+01,-9.41664399e+00,-1.14413362e+01,1.00013322e-09
45,1.12415436e+00,3.56223022e-08,94,10,2,32,normal_corr_dominates,3.57820096e+00,1.00000000e+00,2.50000243e+07,2.42780006e+01,-9.41664399e+00,3.36946446e+01,1.00020287e-09
45,1.12415436e+00,3.56223022e-08,94,13,2,41,normal_corr_dominates,1.33637078e+00,1.00000000e+00,2.50000039e+07,3.94322086e+00,-1.17228399e+01,1.56660608e+01,1.00019452e-09
45,1.12415436e+00,3.56223022e-08,94,14,0,42,normal_corr_dominates,5.10617730e+00,1.00000000e+00,2.50000427e+07,4.26877779e+01,-1.03959899e+01,5.30837679e+01,1.00036234e-09
45,1.12415436e+00,3.56223022e-08,94,14,1,43,normal_corr_dominates,6.94020625e+00,1.00000000e+00,2.49999175e+07,-8.25463043e+01,-1.03959899e+01,-7.21503143e+01,1.00022526e-09
45,1.12415436e+00,3.56223022e-08,94,14,2,44,normal_corr_dominates,2.44196471e+00,1.00000000e+00,2.50000150e+07,1.49906506e+01,-1.03959899e+01,2.53866406e+01,1.00014285e-09
45,1.12415436e+00,3.56223022e-08,94,14,2,44,corr_ratio_high,6.61292373e-01,5.00000000e-01,2.50000150e+07,1.49906506e+01,-1.03959899e+01,2.53866406e+01,1.00014285e-09
45,1.12415436e+00,3.56223022e-08,94,15,0,45,normal_corr_dominates,6.99437023e+00,1.00000000e+00,2.50000457e+07,4.57274450e+01,-7.62839851e+00,5.33558435e+01,1.00013237e-09
45,1.12415436e+00,3.56223022e-08,94,15,1,46,normal_corr_dominates,1.27603698e+00,1.00000000e+00,2.50000021e+07,2.10572011e+00,-7.62839851e+00,9.73411862e+00,1.00018304e-09
45,1.12415436e+00,3.56223022e-08,94,15,2,47,normal_corr_dominates,3.61094853e+00,1.00000000e+00,2.49999648e+07,-3.51741529e+01,-7.62839851e+00,-2.75457544e+01,1.00021855e-09
45,1.12415436e+00,3.56223022e-08,94,17,0,51,normal_corr_dominates,5.90998944e+00,1.00000000e+00,2.49999629e+07,-3.71426838e+01,-5.37521572e+00,-3.17674681e+01,1.00016543e-09
45,1.12415436e+00,3.56223022e-08,94,17,0,51,corr_ratio_high,5.04281591e-01,5.00000000e-01,2.49999629e+07,-3.71426838e+01,-5.37521572e+00,-3.17674681e+01,1.00016543e-09
45,1.12415436e+00,3.56223022e-08,94,17,1,52,normal_corr_dominates,5.72426323e+00,1.00000000e+00,2.49999639e+07,-3.61443654e+01,-5.37521572e+00,-3.07691497e+01,1.00018741e-09
45,1.12415436e+00,3.56223022e-08,94,17,2,53,normal_corr_dominates,8.38411914e+00,1.00000000e+00,2.50000397e+07,3.96912332e+01,-5.37521572e+00,4.50664490e+01,1.00020347e-09
45,1.12415436e+00,3.56223022e-08,94,18,0,54,normal_corr_dominates,2.26698510e+00,1.00000000e+00,2.50000060e+07,5.98619136e+00,-4.72475276e+00,1.07109441e+01,1.00016638e-09
45,1.12415436e+00,3.56223022e-08,94,18,1,55,normal_corr_dominates,2.99966688e+00,1.00000000e+00,2.50000094e+07,9.44793160e+00,-4.72475276e+00,1.41726844e+01,1.00017354e-09
45,1.12415436e+00,3.56223022e-08,94,18,2,56,normal_corr_dominates,4.19585317e+00,1.00000000e+00,2.49999755e+07,-2.45491216e+01,-4.72475276e+00,-1.98243688e+01,1.00018668e-09
45,1.12415436e+00,3.56223022e-08,94,19,0,57,normal_corr_dominates,5.87718685e+00,1.00000000e+00,2.49999483e+07,-5.17097840e+01,-7.51903142e+00,-4.41907526e+01,1.00005403e-09
45,1.12415436e+00,3.56223022e-08,94,19,0,57,corr_ratio_high,2.29599098e+00,5.00000000e-01,2.49999483e+07,-5.17097840e+01,-7.51903142e+00,-4.41907526e+01,1.00005403e-09
45,1.12415436e+00,3.56223022e-08,94,19,1,58,normal_corr_dominates,4.60604044e+00,1.00000000e+00,2.50000271e+07,2.71139314e+01,-7.51903142e+00,3.46329628e+01,1.00018784e-09
45,1.12415436e+00,3.56223022e-08,94,20,0,60,normal_corr_dominates,2.10753084e+00,1.00000000e+00,2.50000053e+07,5.33607730e+00,-4.81799433e+00,1.01540716e+01,1.00016345e-09
45,1.12415436e+00,3.56223022e-08,94,20,1,61,normal_corr_dominates,3.45010437e+00,1.00000000e+00,2.49999786e+07,-2.14405776e+01,-4.81799433e+00,-1.66225833e+01,1.00018780e-09
45,1.12415436e+00,3.56223022e-08,94,20,2,62,normal_corr_dominates,5.03664350e+00,1.00000000e+00,2.49999709e+07,-2.90845142e+01,-4.81799433e+00,-2.42665198e+01,1.00019601e-09
45,1.12415436e+00,3.56223022e-08,94,21,2,65,normal_corr_dominates,2.91837189e+00,1.00000000e+00,2.50000241e+07,2.41128554e+01,-1.25694374e+01,3.66822928e+01,1.00015851e-09
45,1.12415436e+00,3.56223022e-08,94,22,2,68,normal_corr_dominates,2.31265673e+00,1.00000000e+00,2.49999670e+07,-3.29686064e+01,-9.95231595e+00,-2.30162905e+01,1.00018984e-09
45,1.12415436e+00,3.56223022e-08,94,23,0,69,normal_corr_dominates,3.25108596e+00,1.00000000e+00,2.49999745e+07,-2.54568976e+01,-5.98832813e+00,-1.94685695e+01,1.00021353e-09
45,1.12415436e+00,3.56223022e-08,94,23,1,70,normal_corr_dominates,1.20458028e+00,1.00000000e+00,2.50000012e+07,1.22509386e+00,-5.98832813e+00,7.21342199e+00,1.00022515e-09
45,1.12415436e+00,3.56223022e-08,94,23,2,71,normal_corr_dominates,3.51177280e+00,1.00000000e+00,2.50000150e+07,1.50413197e+01,-5.98832813e+00,2.10296478e+01,1.00018926e-09
45,1.12415436e+00,3.56223022e-08,94,25,0,75,normal_corr_dominates,1.75132466e+01,1.00000000e+00,2.50000321e+07,3.21414301e+01,-1.94640284e+00,3.40878329e+01,1.00024626e-09
45,1.12415436e+00,3.56223022e-08,94,25,1,76,normal_corr_dominates,2.05495800e+01,1.00000000e+00,2.49999581e+07,-4.19441637e+01,-1.94640284e+00,-3.99977609e+01,1.00020385e-09
45,1.12415436e+00,3.56223022e-08,94,25,1,76,corr_ratio_high,6.13262870e-01,5.00000000e-01,2.49999581e+07,-4.19441637e+01,-1.94640284e+00,-3.99977609e+01,1.00020385e-09
45,1.12415436e+00,3.56223022e-08,94,25,2,77,normal_corr_dominates,1.72152978e+01,1.00000000e+00,2.49999645e+07,-3.54543073e+01,-1.94640284e+00,-3.35079044e+01,1.00025341e-09
45,1.12415436e+00,3.56223022e-08,94,26,0,78,normal_corr_dominates,1.14189133e+00,1.00000000e+00,2.50000008e+07,8.24152432e-01,-5.80833520e+00,6.63248763e+00,1.00025994e-09
45,1.12415436e+00,3.56223022e-08,94,26,1,79,normal_corr_dominates,2.30335018e+00,1.00000000e+00,2.50000076e+07,7.57029472e+00,-5.80833520e+00,1.33786299e+01,1.00017463e-09
45,1.12415436e+00,3.56223022e-08,94,26,2,80,normal_corr_dominates,6.31371148e+00,1.00000000e+00,2.49999575e+07,-4.24804878e+01,-5.80833520e+00,-3.66721526e+01,1.00024081e-09
45,1.12415436e+00,3.56223022e-08,94,28,0,84,normal_corr_dominates,5.51378596e+00,1.00000000e+00,2.49999196e+07,-8.04214111e+01,-1.23463392e+01,-6.80750719e+01,1.00030608e-09
45,1.12415436e+00,3.56223022e-08,94,28,2,86,normal_corr_dominates,1.43987391e+00,1.00000000e+00,2.50000054e+07,5.43083246e+00,-1.23463392e+01,1.77771717e+01,1.00018747e-09
45,1.12415436e+00,3.56223022e-08,94,29,0,87,normal_corr_dominates,5.41015609e+00,1.00000000e+00,2.50000192e+07,1.91867467e+01,-4.35058222e+00,2.35373289e+01,1.00027565e-09
45,1.12415436e+00,3.56223022e-08,94,29,1,88,corr_ratio_high,7.43779097e-01,5.00000000e-01,2.49999987e+07,-1.32107125e+00,-4.35058222e+00,3.02951097e+00,1.00013737e-09
45,1.12415436e+00,3.56223022e-08,94,29,2,89,normal_corr_dominates,4.68572794e+00,1.00000000e+00,2.49999753e+07,-2.47362269e+01,-4.35058222e+00,-2.03856447e+01,1.00019669e-09
45,1.12415436e+00,3.56223022e-08,94,30,1,91,normal_corr_dominates,1.67654541e+00,1.00000000e+00,2.49999734e+07,-2.66064144e+01,-9.94058022e+00,-1.66658342e+01,1.00021197e-09
45,1.12415436e+00,3.56223022e-08,94,32,0,96,normal_corr_dominates,1.51982385e+02,1.00000000e+00,2.49999483e+07,-5.16519075e+01,-3.37633039e-01,-5.13142745e+01,1.00025278e-09
45,1.12415436e+00,3.56223022e-08,94,32,1,97,normal_corr_dominates,7.43009212e+01,1.00000000e+00,2.50000247e+07,2.47488127e+01,-3.37633039e-01,2.50864458e+01,1.00023070e-09
45,1.12415436e+00,3.56223022e-08,94,32,2,98,normal_corr_dominates,1.72632134e+01,1.00000000e+00,2.49999938e+07,-6.16626422e+00,-3.37633039e-01,-5.82863119e+00,1.00014453e-09
45,1.12415436e+00,3.56223022e-08,94,32,2,98,corr_ratio_high,8.00935386e-01,5.00000000e-01,2.49999938e+07,-6.16626422e+00,-3.37633039e-01,-5.82863119e+00,1.00014453e-09
45,1.12415436e+00,3.56223022e-08,94,31,1,94,normal_corr_dominates,2.14848002e+00,1.00000000e+00,2.50000088e+07,8.79949359e+00,-7.66186038e+00,1.64613540e+01,1.00024961e-09
45,1.12415436e+00,3.56223022e-08,94,31,2,95,normal_corr_dominates,3.49956516e+00,1.00000000e+00,2.49999655e+07,-3.44750400e+01,-7.66186038e+00,-2.68131796e+01,1.00024107e-09
45,1.12415436e+00,3.56223022e-08,94,12,0,36,normal_corr_dominates,1.47816569e+00,1.00000000e+00,2.50000100e+07,1.00257787e+01,-2.09671647e+01,3.09929434e+01,1.00033065e-09
45,1.12415436e+00,3.56223022e-08,94,12,2,38,normal_corr_dominates,2.36294012e+00,1.00000000e+00,2.50000286e+07,2.85769900e+01,-2.09671647e+01,4.95441547e+01,1.00009020e-09
45,1.12415436e+00,3.56223022e-08,94,12,2,38,corr_ratio_high,1.50914208e+00,5.00000000e-01,2.50000286e+07,2.85769900e+01,-2.09671647e+01,4.95441547e+01,1.00009020e-09
46,1.14779430e+00,3.63714066e-08,94,0,0,0,normal_corr_dominates,8.65667440e+00,1.00000000e+00,2.49999570e+07,-4.30273221e+01,-4.45570807e+00,-3.85716140e+01,1.00018059e-09
46,1.14779430e+00,3.63714066e-08,94,0,1,1,normal_corr_dominates,7.40144220e+00,1.00000000e+00,2.50000285e+07,2.85229577e+01,-4.45570807e+00,3.29786658e+01,1.00012343e-09
46,1.14779430e+00,3.63714066e-08,94,0,2,2,normal_corr_dominates,3.69722949e+00,1.00000000e+00,2.50000120e+07,1.20180672e+01,-4.45570807e+00,1.64737753e+01,1.00028146e-09
46,1.14779430e+00,3.63714066e-08,94,1,0,3,normal_corr_dominates,2.30023039e+00,1.00000000e+00,2.50000111e+07,1.10852671e+01,-8.52561759e+00,1.96108847e+01,1.00024086e-09
46,1.14779430e+00,3.63714066e-08,94,1,1,4,normal_corr_dominates,5.52815803e+00,1.00000000e+00,2.50000386e+07,3.86053438e+01,-8.52561759e+00,4.71309613e+01,1.00016982e-09
46,1.14779430e+00,3.63714066e-08,94,1,2,5,normal_corr_dominates,4.14889830e+00,1.00000000e+00,2.49999561e+07,-4.38975379e+01,-8.52561759e+00,-3.53719203e+01,1.00025927e-09
46,1.14779430e+00,3.63714066e-08,94,2,0,6,normal_corr_dominates,1.24920525e+01,1.00000000e+00,2.50000493e+07,4.92522619e+01,-4.28576722e+00,5.35380292e+01,1.00010954e-09
46,1.14779430e+00,3.63714066e-08,94,2,0,6,corr_ratio_high,5.99688571e-01,5.00000000e-01,2.50000493e+07,4.92522619e+01,-4.28576722e+00,5.35380292e+01,1.00010954e-09
46,1.14779430e+00,3.63714066e-08,94,2,1,7,normal_corr_dominates,2.86863591e+00,1.00000000e+00,2.49999834e+07,-1.65800730e+01,-4.28576722e+00,-1.22943058e+01,1.00030045e-09
46,1.14779430e+00,3.63714066e-08,94,2,2,8,normal_corr_dominates,3.23979597e+00,1.00000000e+00,2.49999818e+07,-1.81707786e+01,-4.28576722e+00,-1.38850114e+01,1.00022073e-09
46,1.14779430e+00,3.63714066e-08,94,3,0,9,normal_corr_dominates,5.67872232e+00,1.00000000e+00,2.49999568e+07,-4.31779229e+01,-6.46499747e+00,-3.67129255e+01,1.00018945e-09
46,1.14779430e+00,3.63714066e-08,94,3,1,10,normal_corr_dominates,3.35461897e+00,1.00000000e+00,2.50000152e+07,1.52226057e+01,-6.46499747e+00,2.16876032e+01,1.00025929e-09
46,1.14779430e+00,3.63714066e-08,94,3,2,11,normal_corr_dominates,6.01737775e+00,1.00000000e+00,2.50000324e+07,3.24373345e+01,-6.46499747e+00,3.89023320e+01,1.00019293e-09
46,1.14779430e+00,3.63714066e-08,94,4,0,12,normal_corr_dominates,5.10130132e+00,1.00000000e+00,2.50000134e+07,1.34410074e+01,-3.27725431e+00,1.67182617e+01,1.00016930e-09
46,1.14779430e+00,3.63714066e-08,94,4,1,13,normal_corr_dominates,7.38436835e+00,1.00000000e+00,2.49999725e+07,-2.74777073e+01,-3.27725431e+00,-2.42004530e+01,1.00018286e-09
46,1.14779430e+00,3.63714066e-08,94,4,2,14,normal_corr_dominates,7.45905035e+00,1.00000000e+00,2.50000212e+07,2.11679506e+01,-3.27725431e+00,2.44452049e+01,1.00017298e-09
46,1.14779430e+00,3.63714066e-08,94,5,0,15,normal_corr_dominates,1.48786103e+00,1.00000000e+00,2.50000068e+07,6.81079844e+00,-1.39605297e+01,2.07713281e+01,1.00017841e-09
46,1.14779430e+00,3.63714066e-08,94,5,1,16,normal_corr_dominates,2.22546685e+00,1.00000000e+00,2.49999550e+07,-4.50292257e+01,-1.39605297e+01,-3.10686960e+01,1.00011904e-09
46,1.14779430e+00,3.63714066e-08,94,5,1,16,corr_ratio_high,9.03710588e-01,5.00000000e-01,2.49999550e+07,-4.50292257e+01,-1.39605297e+01,-3.10686960e+01,1.00011904e-09
46,1.14779430e+00,3.63714066e-08,94,5,2,17,normal_corr_dominates,2.31675901e+00,1.00000000e+00,2.50000184e+07,1.83826533e+01,-1.39605297e+01,3.23431830e+01,1.00019446e-09
46,1.14779430e+00,3.63714066e-08,94,8,0,24,normal_corr_dominates,3.55318577e+00,1.00000000e+00,2.50000143e+07,1.42644443e+01,-5.58691988e+00,1.98513642e+01,1.00022544e-09
46,1.14779430e+00,3.63714066e-08,94,8,1,25,normal_corr_dominates,1.66724384e+00,1.00000000e+00,2.50000037e+07,3.72783790e+00,-5.58691988e+00,9.31475777e+00,1.00019425e-09
46,1.14779430e+00,3.63714066e-08,94,8,2,26,normal_corr_dominates,4.84760850e+00,1.00000000e+00,2.49999673e+07,-3.26701202e+01,-5.58691988e+00,-2.70832003e+01,1.00025636e-09
46,1.14779430e+00,3.63714066e-08,94,9,0,27,normal_corr_dominates,2.80691959e+00,1.00000000e+00,2.49999655e+07,-3.44632151e+01,-9.05278249e+00,-2.54104326e+01,1.00023078e-09
46,1.14779430e+00,3.63714066e-08,94,9,1,28,normal_corr_dominates,4.31808887e+00,1.00000000e+00,2.50000300e+07,3.00379368e+01,-9.05278249e+00,3.90907193e+01,1.00017724e-09
46,1.14779430e+00,3.63714066e-08,94,9,2,29,normal_corr_dominates,3.51753652e+00,1.00000000e+00,2.49999591e+07,-4.08962755e+01,-9.05278249e+00,-3.18434930e+01,1.00026950e-09
46,1.14779430e+00,3.63714066e-08,94,10,0,30,normal_corr_dominates,1.21627385e+00,1.00000000e+00,2.49999787e+07,-2.12689718e+01,-9.59672553e+00,-1.16722463e+01,1.00013584e-09
46,1.14779430e+00,3.63714066e-08,94,10,0,30,corr_ratio_high,7.42365749e-01,5.00000000e-01,2.49999787e+07,-2.12689718e+01,-9.59672553e+00,-1.16722463e+01,1.00013584e-09
46,1.14779430e+00,3.63714066e-08,94,10,2,32,normal_corr_dominates,3.57968362e+00,1.00000000e+00,2.50000248e+07,2.47565156e+01,-9.59672553e+00,3.43532412e+01,1.00020681e-09
46,1.14779430e+00,3.63714066e-08,94,13,2,41,normal_corr_dominates,1.33632842e+00,1.00000000e+00,2.50000040e+07,4.01886986e+00,-1.19492425e+01,1.59681124e+01,1.00019830e-09
46,1.14779430e+00,3.63714066e-08,94,14,0,42,normal_corr_dominates,5.10740271e+00,1.00000000e+00,2.50000435e+07,4.35192907e+01,-1.05953308e+01,5.41146215e+01,1.00036937e-09
46,1.14779430e+00,3.63714066e-08,94,14,1,43,normal_corr_dominates,6.94215151e+00,1.00000000e+00,2.49999159e+07,-8.41497228e+01,-1.05953308e+01,-7.35543920e+01,1.00022965e-09
46,1.14779430e+00,3.63714066e-08,94,14,2,44,normal_corr_dominates,2.44249534e+00,1.00000000e+00,2.50000153e+07,1.52837153e+01,-1.05953308e+01,2.58790462e+01,1.00014563e-09
46,1.14779430e+00,3.63714066e-08,94,14,2,44,corr_ratio_high,6.61319862e-01,5.00000000e-01,2.50000153e+07,1.52837153e+01,-1.05953308e+01,2.58790462e+01,1.00014563e-09
46,1.14779430e+00,3.63714066e-08,94,15,0,45,normal_corr_dominates,6.99486914e+00,1.00000000e+00,2.50000466e+07,4.66167532e+01,-7.77610855e+00,5.43928617e+01,1.00013494e-09
46,1.14779430e+00,3.63714066e-08,94,15,1,46,normal_corr_dominates,1.27638397e+00,1.00000000e+00,2.50000021e+07,2.14919179e+00,-7.77610855e+00,9.92530034e+00,1.00018661e-09
46,1.14779430e+00,3.63714066e-08,94,15,2,47,normal_corr_dominates,3.61119793e+00,1.00000000e+00,2.49999641e+07,-3.58571756e+01,-7.77610855e+00,-2.80810671e+01,1.00022281e-09
46,1.14779430e+00,3.63714066e-08,94,17,0,51,normal_corr_dominates,5.91376165e+00,1.00000000e+00,2.49999621e+07,-3.78696389e+01,-5.47742904e+00,-3.23922098e+01,1.00016865e-09
46,1.14779430e+00,3.63714066e-08,94,17,0,51,corr_ratio_high,5.04314854e-01,5.00000000e-01,2.49999621e+07,-3.78696389e+01,-5.47742904e+00,-3.23922098e+01,1.00016865e-09
46,1.14779430e+00,3.63714066e-08,94,17,1,52,normal_corr_dominates,5.72712434e+00,1.00000000e+00,2.49999632e+07,-3.68473463e+01,-5.47742904e+00,-3.13699172e+01,1.00019107e-09
46,1.14779430e+00,3.63714066e-08,94,17,2,53,normal_corr_dominates,8.38861868e+00,1.00000000e+00,2.50000405e+07,4.04706345e+01,-5.47742904e+00,4.59480636e+01,1.00020741e-09
46,1.14779430e+00,3.63714066e-08,94,18,0,54,normal_corr_dominates,2.26773946e+00,1.00000000e+00,2.50000061e+07,6.10458281e+00,-4.81532917e+00,1.09199120e+01,1.00016962e-09
46,1.14779430e+00,3.63714066e-08,94,18,1,55,normal_corr_dominates,3.00043619e+00,1.00000000e+00,2.50000096e+07,9.63275872e+00,-4.81532917e+00,1.44480879e+01,1.00017693e-09
46,1.14779430e+00,3.63714066e-08,94,18,2,56,normal_corr_dominates,4.19698647e+00,1.00000000e+00,2.49999750e+07,-2.50252006e+01,-4.81532917e+00,-2.02098714e+01,1.00019031e-09
46,1.14779430e+00,3.63714066e-08,94,19,0,57,normal_corr_dominates,5.87799645e+00,1.00000000e+00,2.49999473e+07,-5.27165876e+01,-7.66452673e+00,-4.50520609e+01,1.00005510e-09
46,1.14779430e+00,3.63714066e-08,94,19,0,57,corr_ratio_high,2.29536511e+00,5.00000000e-01,2.49999473e+07,-5.27165876e+01,-7.66452673e+00,-4.50520609e+01,1.00005510e-09
46,1.14779430e+00,3.63714066e-08,94,19,1,58,normal_corr_dominates,4.60629842e+00,1.00000000e+00,2.50000276e+07,2.76405706e+01,-7.66452673e+00,3.53050974e+01,1.00019149e-09
46,1.14779430e+00,3.63714066e-08,94,20,0,60,normal_corr_dominates,2.10832075e+00,1.00000000e+00,2.50000054e+07,5.44191981e+00,-4.91005860e+00,1.03519784e+01,1.00016663e-09
46,1.14779430e+00,3.63714066e-08,94,20,1,61,normal_corr_dominates,3.45166180e+00,1.00000000e+00,2.49999781e+07,-2.18579203e+01,-4.91005860e+00,-1.69478617e+01,1.00019146e-09
46,1.14779430e+00,3.63714066e-08,94,20,2,62,normal_corr_dominates,5.03862518e+00,1.00000000e+00,2.49999703e+07,-2.96500035e+01,-4.91005860e+00,-2.47399449e+01,1.00019982e-09
46,1.14779430e+00,3.63714066e-08,94,21,2,65,normal_corr_dominates,2.91894974e+00,1.00000000e+00,2.50000246e+07,2.45844862e+01,-1.28114279e+01,3.73959141e+01,1.00016160e-09
46,1.14779430e+00,3.63714066e-08,94,22,2,68,normal_corr_dominates,2.31270940e+00,1.00000000e+00,2.49999664e+07,-3.36059074e+01,-1.01445383e+01,-2.34613691e+01,1.00019354e-09
46,1.14779430e+00,3.63714066e-08,94,23,0,69,normal_corr_dominates,3.25160438e+00,1.00000000e+00,2.49999741e+07,-2.59454687e+01,-6.10251246e+00,-1.98429562e+01,1.00021767e-09
46,1.14779430e+00,3.63714066e-08,94,23,1,70,normal_corr_dominates,1.20550718e+00,1.00000000e+00,2.50000013e+07,1.25411013e+00,-6.10251246e+00,7.35662259e+00,1.00022952e-09
46,1.14779430e+00,3.63714066e-08,94,23,2,71,normal_corr_dominates,3.51357829e+00,1.00000000e+00,2.50000153e+07,1.53391428e+01,-6.10251246e+00,2.14416553e+01,1.00019294e-09
46,1.14779430e+00,3.63714066e-08,94,25,0,75,normal_corr_dominates,1.75404784e+01,1.00000000e+00,2.50000328e+07,3.27673603e+01,-1.98104066e+00,3.47484009e+01,1.00025106e-09
46,1.14779430e+00,3.63714066e-08,94,25,1,76,normal_corr_dominates,2.05817521e+01,1.00000000e+00,2.49999572e+07,-4.27543283e+01,-1.98104066e+00,-4.07732877e+01,1.00020781e-09
46,1.14779430e+00,3.63714066e-08,94,25,1,76,corr_ratio_high,6.13303361e-01,5.00000000e-01,2.49999572e+07,-4.27543283e+01,-1.98104066e+00,-4.07732877e+01,1.00020781e-09
46,1.14779430e+00,3.63714066e-08,94,25,2,77,normal_corr_dominates,1.72457798e+01,1.00000000e+00,2.49999639e+07,-3.61456316e+01,-1.98104066e+00,-3.41645910e+01,1.00025834e-09
46,1.14779430e+00,3.63714066e-08,94,26,0,78,normal_corr_dominates,1.14298682e+00,1.00000000e+00,2.50000008e+07,8.46271260e-01,-5.91852645e+00,6.76479771e+00,1.00026498e-09
46,1.14779430e+00,3.63714066e-08,94,26,1,79,normal_corr_dominates,2.30465338e+00,1.00000000e+00,2.50000077e+07,7.72162552e+00,-5.91852645e+00,1.36401520e+01,1.00017804e-09
46,1.14779430e+00,3.63714066e-08,94,26,2,80,normal_corr_dominates,6.31777834e+00,1.00000000e+00,2.49999567e+07,-4.33104647e+01,-5.91852645e+00,-3.73919382e+01,1.00024550e-09
46,1.14779430e+00,3.63714066e-08,94,28,0,84,normal_corr_dominates,5.51431316e+00,1.00000000e+00,2.49999180e+07,-8.19844164e+01,-1.25852741e+01,-6.93991424e+01,1.00031204e-09
46,1.14779430e+00,3.63714066e-08,94,28,2,86,normal_corr_dominates,1.43996536e+00,1.00000000e+00,2.50000055e+07,5.53708464e+00,-1.25852741e+01,1.81223587e+01,1.00019111e-09
46,1.14779430e+00,3.63714066e-08,94,29,0,87,normal_corr_dominates,5.41116008e+00,1.00000000e+00,2.50000196e+07,1.95606974e+01,-4.43436580e+00,2.39950632e+01,1.00028101e-09
46,1.14779430e+00,3.63714066e-08,94,29,1,88,corr_ratio_high,7.43720188e-01,5.00000000e-01,2.49999987e+07,-1.34552737e+00,-4.43436580e+00,3.08883843e+00,1.00014006e-09
46,1.14779430e+00,3.63714066e-08,94,29,2,89,normal_corr_dominates,4.68623036e+00,1.00000000e+00,2.49999748e+07,-2.52148254e+01,-4.43436580e+00,-2.07804596e+01,1.00020051e-09
46,1.14779430e+00,3.63714066e-08,94,30,1,91,normal_corr_dominates,1.67675602e+00,1.00000000e+00,2.49999729e+07,-2.71200862e+01,-1.01316990e+01,-1.69883872e+01,1.00021609e-09
46,1.14779430e+00,3.63714066e-08,94,32,0,96,normal_corr_dominates,1.52204119e+02,1.00000000e+00,2.49999473e+07,-5.26553186e+01,-3.43693884e-01,-5.23116247e+01,1.00025770e-09
46,1.14779430e+00,3.63714066e-08,94,32,1,97,normal_corr_dominates,7.44062050e+01,1.00000000e+00,2.50000252e+07,2.52292637e+01,-3.43693884e-01,2.55729576e+01,1.00023520e-09
46,1.14779430e+00,3.63714066e-08,94,32,2,98,normal_corr_dominates,1.72756069e+01,1.00000000e+00,2.49999937e+07,-6.28121432e+00,-3.43693884e-01,-5.93752043e+00,1.00014733e-09
46,1.14779430e+00,3.63714066e-08,94,32,2,98,corr_ratio_high,8.00988862e-01,5.00000000e-01,2.49999937e+07,-6.28121432e+00,-3.43693884e-01,-5.93752043e+00,1.00014733e-09
46,1.14779430e+00,3.63714066e-08,94,31,1,94,normal_corr_dominates,2.14936389e+00,1.00000000e+00,2.50000090e+07,8.97273101e+00,-7.80669299e+00,1.67794240e+01,1.00025446e-09
46,1.14779430e+00,3.63714066e-08,94,31,2,95,normal_corr_dominates,3.50202734e+00,1.00000000e+00,2.49999649e+07,-3.51459453e+01,-7.80669299e+00,-2.73392523e+01,1.00024576e-09
46,1.14779430e+00,3.63714066e-08,94,12,0,36,normal_corr_dominates,1.47845588e+00,1.00000000e+00,2.50000102e+07,1.02252045e+01,-2.13712586e+01,3.15964631e+01,1.00033707e-09
46,1.14779430e+00,3.63714066e-08,94,12,2,38,normal_corr_dominates,2.36351774e+00,1.00000000e+00,2.50000291e+07,2.91400902e+01,-2.13712586e+01,5.05113489e+01,1.00009198e-09
46,1.14779430e+00,3.63714066e-08,94,12,2,38,corr_ratio_high,1.50870846e+00,5.00000000e-01,2.50000291e+07,2.91400902e+01,-2.13712586e+01,5.05113489e+01,1.00009198e-09
47,1.17023357e+00,3.70824640e-08,94,0,0,0,normal_corr_dominates,8.65924141e+00,1.00000000e+00,2.49999562e+07,-4.38076751e+01,-4.53531216e+00,-3.92723629e+01,1.00018386e-09
47,1.17023357e+00,3.70824640e-08,94,0,1,1,normal_corr_dominates,7.40234452e+00,1.00000000e+00,2.50000290e+07,2.90366310e+01,-4.53531216e+00,3.35719432e+01,1.00012568e-09
47,1.17023357e+00,3.70824640e-08,94,0,2,2,normal_corr_dominates,3.69967244e+00,1.00000000e+00,2.50000122e+07,1.22438573e+01,-4.53531216e+00,1.67791694e+01,1.00028653e-09
47,1.17023357e+00,3.70824640e-08,94,1,0,3,normal_corr_dominates,2.30078509e+00,1.00000000e+00,2.50000113e+07,1.12885194e+01,-8.67823551e+00,1.99667549e+01,1.00024522e-09
47,1.17023357e+00,3.70824640e-08,94,1,1,4,normal_corr_dominates,5.52977664e+00,1.00000000e+00,2.50000393e+07,3.93104685e+01,-8.67823551e+00,4.79887040e+01,1.00017288e-09
47,1.17023357e+00,3.70824640e-08,94,1,2,5,normal_corr_dominates,4.15010333e+00,1.00000000e+00,2.49999553e+07,-4.46938096e+01,-8.67823551e+00,-3.60155741e+01,1.00026395e-09
47,1.17023357e+00,3.70824640e-08,94,2,0,6,normal_corr_dominates,1.24951787e+01,1.00000000e+00,2.50000501e+07,5.01418315e+01,-4.36198798e+00,5.45038195e+01,1.00011153e-09
47,1.17023357e+00,3.70824640e-08,94,2,0,6,corr_ratio_high,5.99547442e-01,5.00000000e-01,2.50000501e+07,5.01418315e+01,-4.36198798e+00,5.45038195e+01,1.00011153e-09
47,1.17023357e+00,3.70824640e-08,94,2,1,7,normal_corr_dominates,2.86816253e+00,1.00000000e+00,2.49999831e+07,-1.68728785e+01,-4.36198798e+00,-1.25108905e+01,1.00030586e-09
47,1.17023357e+00,3.70824640e-08,94,2,2,8,normal_corr_dominates,3.24044534e+00,1.00000000e+00,2.49999815e+07,-1.84967716e+01,-4.36198798e+00,-1.41347836e+01,1.00022473e-09
47,1.17023357e+00,3.70824640e-08,94,3,0,9,normal_corr_dominates,5.68013426e+00,1.00000000e+00,2.49999560e+07,-4.39607639e+01,-6.58082042e+00,-3.73799435e+01,1.00019289e-09
47,1.17023357e+00,3.70824640e-08,94,3,1,10,normal_corr_dominates,3.35589852e+00,1.00000000e+00,2.50000155e+07,1.55037451e+01,-6.58082042e+00,2.20845655e+01,1.00026397e-09
47,1.17023357e+00,3.70824640e-08,94,3,2,11,normal_corr_dominates,6.01883401e+00,1.00000000e+00,2.50000330e+07,3.30280454e+01,-6.58082042e+00,3.96088658e+01,1.00019641e-09
47,1.17023357e+00,3.70824640e-08,94,4,0,12,normal_corr_dominates,5.10346591e+00,1.00000000e+00,2.50000137e+07,1.36851590e+01,-3.33502441e+00,1.70201834e+01,1.00017237e-09
47,1.17023357e+00,3.70824640e-08,94,4,1,13,normal_corr_dominates,7.38757722e+00,1.00000000e+00,2.49999720e+07,-2.79727748e+01,-3.33502441e+00,-2.46377504e+01,1.00018617e-09
47,1.17023357e+00,3.70824640e-08,94,4,2,14,normal_corr_dominates,7.46154526e+00,1.00000000e+00,2.50000215e+07,2.15494112e+01,-3.33502441e+00,2.48844356e+01,1.00017612e-09
47,1.17023357e+00,3.70824640e-08,94,5,0,15,normal_corr_dominates,1.48807825e+00,1.00000000e+00,2.50000069e+07,6.93672860e+00,-1.42123290e+01,2.11490576e+01,1.00018164e-09
47,1.17023357e+00,3.70824640e-08,94,5,1,16,normal_corr_dominates,2.22566617e+00,1.00000000e+00,2.49999542e+07,-4.58442288e+01,-1.42123290e+01,-3.16318998e+01,1.00012120e-09
47,1.17023357e+00,3.70824640e-08,94,5,1,16,corr_ratio_high,9.03455777e-01,5.00000000e-01,2.49999542e+07,-4.58442288e+01,-1.42123290e+01,-3.16318998e+01,1.00012120e-09
47,1.17023357e+00,3.70824640e-08,94,5,2,17,normal_corr_dominates,2.31678058e+00,1.00000000e+00,2.50000187e+07,1.87145187e+01,-1.42123290e+01,3.29268477e+01,1.00019798e-09
47,1.17023357e+00,3.70824640e-08,94,8,0,24,normal_corr_dominates,3.55503237e+00,1.00000000e+00,2.50000145e+07,1.45262648e+01,-5.68535450e+00,2.02116193e+01,1.00022952e-09
47,1.17023357e+00,3.70824640e-08,94,8,1,25,normal_corr_dominates,1.66767245e+00,1.00000000e+00,2.50000038e+07,3.79595458e+00,-5.68535450e+00,9.48130909e+00,1.00019777e-09
47,1.17023357e+00,3.70824640e-08,94,8,2,26,normal_corr_dominates,4.85015718e+00,1.00000000e+00,2.49999667e+07,-3.32602175e+01,-5.68535450e+00,-2.75748629e+01,1.00026099e-09
47,1.17023357e+00,3.70824640e-08,94,9,0,27,normal_corr_dominates,2.80677350e+00,1.00000000e+00,2.49999649e+07,-3.50782686e+01,-9.21469813e+00,-2.58635705e+01,1.00023494e-09
47,1.17023357e+00,3.70824640e-08,94,9,1,28,normal_corr_dominates,4.31949870e+00,1.00000000e+00,2.50000306e+07,3.05881784e+01,-9.21469813e+00,3.98028765e+01,1.00018045e-09
47,1.17023357e+00,3.70824640e-08,94,9,2,29,normal_corr_dominates,3.51880769e+00,1.00000000e+00,2.49999584e+07,-4.16394488e+01,-9.21469813e+00,-3.24247507e+01,1.00027437e-09
47,1.17023357e+00,3.70824640e-08,94,10,0,30,normal_corr_dominates,1.21744735e+00,1.00000000e+00,2.49999783e+07,-2.16584515e+01,-9.76729006e+00,-1.18911614e+01,1.00013833e-09
47,1.17023357e+00,3.70824640e-08,94,10,0,30,corr_ratio_high,7.42036363e-01,5.00000000e-01,2.49999783e+07,-2.16584515e+01,-9.76729006e+00,-1.18911614e+01,1.00013833e-09
47,1.17023357e+00,3.70824640e-08,94,10,2,32,normal_corr_dominates,3.58105724e+00,1.00000000e+00,2.50000252e+07,2.52099348e+01,-9.76729006e+00,3.49772248e+01,1.00021055e-09
47,1.17023357e+00,3.70824640e-08,94,13,2,41,normal_corr_dominates,1.33628627e+00,1.00000000e+00,2.50000041e+07,4.09049044e+00,-1.21637154e+01,1.62542059e+01,1.00020188e-09
47,1.17023357e+00,3.70824640e-08,94,14,0,42,normal_corr_dominates,5.10853509e+00,1.00000000e+00,2.50000443e+07,4.43070141e+01,-1.07841391e+01,5.50911532e+01,1.00037602e-09
47,1.17023357e+00,3.70824640e-08,94,14,1,43,normal_corr_dominates,6.94395243e+00,1.00000000e+00,2.49999143e+07,-8.56686883e+01,-1.07841391e+01,-7.48845492e+01,1.00023382e-09
47,1.17023357e+00,3.70824640e-08,94,14,2,44,normal_corr_dominates,2.44298730e+00,1.00000000e+00,2.50000156e+07,1.55613758e+01,-1.07841391e+01,2.63455149e+01,1.00014826e-09
47,1.17023357e+00,3.70824640e-08,94,14,2,44,corr_ratio_high,6.61344830e-01,5.00000000e-01,2.50000156e+07,1.55613758e+01,-1.07841391e+01,2.63455149e+01,1.00014826e-09
47,1.17023357e+00,3.70824640e-08,94,15,0,45,normal_corr_dominates,6.99531823e+00,1.00000000e+00,2.50000475e+07,4.74592341e+01,-7.91604920e+00,5.53752833e+01,1.00013739e-09
47,1.17023357e+00,3.70824640e-08,94,15,1,46,normal_corr_dominates,1.27670150e+00,1.00000000e+00,2.50000022e+07,2.19038271e+00,-7.91604920e+00,1.01064319e+01,1.00018999e-09
47,1.17023357e+00,3.70824640e-08,94,15,2,47,normal_corr_dominates,3.61142092e+00,1.00000000e+00,2.49999635e+07,-3.65042349e+01,-7.91604920e+00,-2.85881857e+01,1.00022684e-09
47,1.17023357e+00,3.70824640e-08,94,17,0,51,normal_corr_dominates,5.91726685e+00,1.00000000e+00,2.49999614e+07,-3.85584322e+01,-5.57422939e+00,-3.29842028e+01,1.00017171e-09
47,1.17023357e+00,3.70824640e-08,94,17,0,51,corr_ratio_high,5.04345632e-01,5.00000000e-01,2.49999614e+07,-3.85584322e+01,-5.57422939e+00,-3.29842028e+01,1.00017171e-09
47,1.17023357e+00,3.70824640e-08,94,17,1,52,normal_corr_dominates,5.72977518e+00,1.00000000e+00,2.49999625e+07,-3.75133106e+01,-5.57422939e+00,-3.19390812e+01,1.00019453e-09
47,1.17023357e+00,3.70824640e-08,94,17,2,53,normal_corr_dominates,8.39279267e+00,1.00000000e+00,2.50000412e+07,4.12091222e+01,-5.57422939e+00,4.67833515e+01,1.00021115e-09
47,1.17023357e+00,3.70824640e-08,94,18,0,54,normal_corr_dominates,2.26843348e+00,1.00000000e+00,2.50000062e+07,6.21674983e+00,-4.90112405e+00,1.11178739e+01,1.00017268e-09
47,1.17023357e+00,3.70824640e-08,94,18,1,55,normal_corr_dominates,3.00114361e+00,1.00000000e+00,2.50000098e+07,9.80785310e+00,-4.90112405e+00,1.47089771e+01,1.00018013e-09
47,1.17023357e+00,3.70824640e-08,94,18,2,56,normal_corr_dominates,4.19802908e+00,1.00000000e+00,2.49999745e+07,-2.54761853e+01,-4.90112405e+00,-2.05750613e+01,1.00019375e-09
47,1.17023357e+00,3.70824640e-08,94,19,0,57,normal_corr_dominates,5.87874010e+00,1.00000000e+00,2.49999463e+07,-5.36704036e+01,-7.80235957e+00,-4.58680441e+01,1.00005612e-09
47,1.17023357e+00,3.70824640e-08,94,19,0,57,corr_ratio_high,2.29478126e+00,5.00000000e-01,2.49999463e+07,-5.36704036e+01,-7.80235957e+00,-4.58680441e+01,1.00005612e-09
47,1.17023357e+00,3.70824640e-08,94,19,1,58,normal_corr_dominates,4.60653162e+00,1.00000000e+00,2.50000281e+07,2.81394565e+01,-7.80235957e+00,3.59418161e+01,1.00019495e-09
47,1.17023357e+00,3.70824640e-08,94,20,0,60,normal_corr_dominates,2.10904924e+00,1.00000000e+00,2.50000055e+07,5.54220215e+00,-4.99725524e+00,1.05394574e+01,1.00016965e-09
47,1.17023357e+00,3.70824640e-08,94,20,1,61,normal_corr_dominates,3.45310570e+00,1.00000000e+00,2.49999777e+07,-2.22533058e+01,-4.99725524e+00,-1.72560505e+01,1.00019492e-09
47,1.17023357e+00,3.70824640e-08,94,20,2,62,normal_corr_dominates,5.04045868e+00,1.00000000e+00,2.49999698e+07,-3.01857138e+01,-4.99725524e+00,-2.51884586e+01,1.00020344e-09
47,1.17023357e+00,3.70824640e-08,94,21,2,65,normal_corr_dominates,2.91948416e+00,1.00000000e+00,2.50000250e+07,2.50313295e+01,-1.30406544e+01,3.80719839e+01,1.00016453e-09
47,1.17023357e+00,3.70824640e-08,94,22,2,68,normal_corr_dominates,2.31275290e+00,1.00000000e+00,2.49999658e+07,-3.42096035e+01,-1.03266391e+01,-2.38829645e+01,1.00019705e-09
47,1.17023357e+00,3.70824640e-08,94,23,0,69,normal_corr_dominates,3.25207680e+00,1.00000000e+00,2.49999736e+07,-2.64082153e+01,-6.21066282e+00,-2.01975525e+01,1.00022159e-09
47,1.17023357e+00,3.70824640e-08,94,23,1,70,normal_corr_dominates,1.20636694e+00,1.00000000e+00,2.50000013e+07,1.28167550e+00,-6.21066282e+00,7.49233833e+00,1.00023366e-09
47,1.17023357e+00,3.70824640e-08,94,23,2,71,normal_corr_dominates,3.51524863e+00,1.00000000e+00,2.50000156e+07,1.56213611e+01,-6.21066282e+00,2.18320240e+01,1.00019643e-09
47,1.17023357e+00,3.70824640e-08,94,25,0,75,normal_corr_dominates,1.75658250e+01,1.00000000e+00,2.50000334e+07,3.33603452e+01,-2.01380524e+00,3.53741505e+01,1.00025560e-09
47,1.17023357e+00,3.70824640e-08,94,25,1,76,normal_corr_dominates,2.06116965e+01,1.00000000e+00,2.49999565e+07,-4.35217476e+01,-2.01380524e+00,-4.15079424e+01,1.00021156e-09
47,1.17023357e+00,3.70824640e-08,94,25,1,76,corr_ratio_high,6.13340570e-01,5.00000000e-01,2.49999565e+07,-4.35217476e+01,-2.01380524e+00,-4.15079424e+01,1.00021156e-09
47,1.17023357e+00,3.70824640e-08,94,25,2,77,normal_corr_dominates,1.72741559e+01,1.00000000e+00,2.49999632e+07,-3.68005908e+01,-2.01380524e+00,-3.47867856e+01,1.00026302e-09
47,1.17023357e+00,3.70824640e-08,94,26,0,78,normal_corr_dominates,1.14400155e+00,1.00000000e+00,2.50000009e+07,8.67304350e-01,-6.02288189e+00,6.89018624e+00,1.00026976e-09
47,1.17023357e+00,3.70824640e-08,94,26,1,79,normal_corr_dominates,2.30586687e+00,1.00000000e+00,2.50000079e+07,7.86508195e+00,-6.02288189e+00,1.38879638e+01,1.00018128e-09
47,1.17023357e+00,3.70824640e-08,94,26,2,80,normal_corr_dominates,6.32154957e+00,1.00000000e+00,2.49999559e+07,-4.40968284e+01,-6.02288189e+00,-3.80739465e+01,1.00024993e-09
47,1.17023357e+00,3.70824640e-08,94,28,0,84,normal_corr_dominates,5.51480072e+00,1.00000000e+00,2.49999165e+07,-8.34651190e+01,-1.28116151e+01,-7.06535040e+01,1.00031769e-09
47,1.17023357e+00,3.70824640e-08,94,28,2,86,normal_corr_dominates,1.44005073e+00,1.00000000e+00,2.50000056e+07,5.63776059e+00,-1.28116151e+01,1.84493757e+01,1.00019455e-09
47,1.17023357e+00,3.70824640e-08,94,29,0,87,normal_corr_dominates,5.41208457e+00,1.00000000e+00,2.50000199e+07,1.99149708e+01,-4.51373278e+00,2.44287036e+01,1.00028610e-09
47,1.17023357e+00,3.70824640e-08,94,29,1,88,corr_ratio_high,7.43664583e-01,5.00000000e-01,2.49999986e+07,-1.36870033e+00,-4.51373278e+00,3.14503245e+00,1.00014260e-09
47,1.17023357e+00,3.70824640e-08,94,29,2,89,normal_corr_dominates,4.68668607e+00,1.00000000e+00,2.49999743e+07,-2.56681813e+01,-4.51373278e+00,-2.11544486e+01,1.00020413e-09
47,1.17023357e+00,3.70824640e-08,94,30,1,91,normal_corr_dominates,1.67694936e+00,1.00000000e+00,2.49999724e+07,-2.76066635e+01,-1.03127328e+01,-1.72939307e+01,1.00022000e-09
47,1.17023357e+00,3.70824640e-08,94,32,0,96,normal_corr_dominates,1.52407958e+02,1.00000000e+00,2.49999464e+07,-5.36058821e+01,-3.49433517e-01,-5.32564486e+01,1.00026236e-09
47,1.17023357e+00,3.70824640e-08,94,32,1,97,normal_corr_dominates,7.45029426e+01,1.00000000e+00,2.50000257e+07,2.56843917e+01,-3.49433517e-01,2.60338252e+01,1.00023946e-09
47,1.17023357e+00,3.70824640e-08,94,32,2,98,normal_corr_dominates,1.72867797e+01,1.00000000e+00,2.49999936e+07,-6.39001374e+00,-3.49433517e-01,-6.04058023e+00,1.00014999e-09
47,1.17023357e+00,3.70824640e-08,94,32,2,98,corr_ratio_high,8.01038235e-01,5.00000000e-01,2.49999936e+07,-6.39001374e+00,-3.49433517e-01,-6.04058023e+00,1.00014999e-09
47,1.17023357e+00,3.70824640e-08,94,31,1,94,normal_corr_dominates,2.15018463e+00,1.00000000e+00,2.50000091e+07,9.13687614e+00,-7.94383432e+00,1.70807105e+01,1.00025906e-09
47,1.17023357e+00,3.70824640e-08,94,31,2,95,normal_corr_dominates,3.50431660e+00,1.00000000e+00,2.49999642e+07,-3.57815448e+01,-7.94383432e+00,-2.78377104e+01,1.00025021e-09
47,1.17023357e+00,3.70824640e-08,94,12,0,36,normal_corr_dominates,1.47872532e+00,1.00000000e+00,2.50000104e+07,1.04142015e+01,-2.17540225e+01,3.21682240e+01,1.00034315e-09
47,1.17023357e+00,3.70824640e-08,94,12,2,38,normal_corr_dominates,2.36405582e+00,1.00000000e+00,2.50000297e+07,2.96737009e+01,-2.17540225e+01,5.14277235e+01,1.00009366e-09
47,1.17023357e+00,3.70824640e-08,94,12,2,38,corr_ratio_high,1.50830234e+00,5.00000000e-01,2.50000297e+07,2.96737009e+01,-2.17540225e+01,5.14277235e+01,1.00009366e-09
48,1.19249982e+00,3.77880392e-08,94,0,0,0,normal_corr_dominates,8.66170945e+00,1.00000000e+00,2.49999554e+07,-4.45806207e+01,-4.61415456e+00,-3.99664661e+01,1.00018710e-09
48,1.19249982e+00,3.77880392e-08,94,0,1,1,normal_corr_dominates,7.40319769e+00,1.00000000e+00,2.50000295e+07,2.95453438e+01,-4.61415456e+00,3.41594984e+01,1.00012792e-09
48,1.19249982e+00,3.77880392e-08,94,0,2,2,normal_corr_dominates,3.70203643e+00,1.00000000e+00,2.50000125e+07,1.24676137e+01,-4.61415456e+00,1.70817683e+01,1.00029155e-09
48,1.19249982e+00,3.77880392e-08,94,1,0,3,normal_corr_dominates,2.30131837e+00,1.00000000e+00,2.50000115e+07,1.14898395e+01,-8.82938397e+00,2.03192235e+01,1.00024953e-09
48,1.19249982e+00,3.77880392e-08,94,1,1,4,normal_corr_dominates,5.53134178e+00,1.00000000e+00,2.50000400e+07,4.00089565e+01,-8.82938397e+00,4.88383405e+01,1.00017592e-09
48,1.19249982e+00,3.77880392e-08,94,1,2,5,normal_corr_dominates,4.15126818e+00,1.00000000e+00,2.49999545e+07,-4.54825247e+01,-8.82938397e+00,-3.66531408e+01,1.00026859e-09
48,1.19249982e+00,3.77880392e-08,94,2,0,6,normal_corr_dominates,1.24981823e+01,1.00000000e+00,2.50000510e+07,5.10228771e+01,-4.43747332e+00,5.54603504e+01,1.00011351e-09
48,1.19249982e+00,3.77880392e-08,94,2,0,6,corr_ratio_high,5.99408935e-01,5.00000000e-01,2.50000510e+07,5.10228771e+01,-4.43747332e+00,5.54603504e+01,1.00011351e-09
48,1.19249982e+00,3.77880392e-08,94,2,1,7,normal_corr_dominates,2.86769364e+00,1.00000000e+00,2.49999828e+07,-1.71627873e+01,-4.43747332e+00,-1.27253140e+01,1.00031121e-09
48,1.19249982e+00,3.77880392e-08,94,2,2,8,normal_corr_dominates,3.24106455e+00,1.00000000e+00,2.49999812e+07,-1.88196108e+01,-4.43747332e+00,-1.43821375e+01,1.00022869e-09
48,1.19249982e+00,3.77880392e-08,94,3,0,9,normal_corr_dominates,5.68149654e+00,1.00000000e+00,2.49999553e+07,-4.47361672e+01,-6.69553100e+00,-3.80406362e+01,1.00019629e-09
48,1.19249982e+00,3.77880392e-08,94,3,1,10,normal_corr_dominates,3.35713610e+00,1.00000000e+00,2.50000158e+07,1.57822778e+01,-6.69553100e+00,2.24778088e+01,1.00026861e-09
48,1.19249982e+00,3.77880392e-08,94,3,2,11,normal_corr_dominates,6.02023783e+00,1.00000000e+00,2.50000336e+07,3.36131580e+01,-6.69553100e+00,4.03086890e+01,1.00019986e-09
48,1.19249982e+00,3.77880392e-08,94,4,0,12,normal_corr_dominates,5.10555483e+00,1.00000000e+00,2.50000139e+07,1.39269729e+01,-3.39222674e+00,1.73191996e+01,1.00017540e-09
48,1.19249982e+00,3.77880392e-08,94,4,1,13,normal_corr_dominates,7.39067564e+00,1.00000000e+00,2.49999715e+07,-2.84630743e+01,-3.39222674e+00,-2.50708475e+01,1.00018944e-09
48,1.19249982e+00,3.77880392e-08,94,4,2,14,normal_corr_dominates,7.46395136e+00,1.00000000e+00,2.50000219e+07,2.19271886e+01,-3.39222674e+00,2.53194154e+01,1.00017923e-09
48,1.19249982e+00,3.77880392e-08,94,5,0,15,normal_corr_dominates,1.48828827e+00,1.00000000e+00,2.50000071e+07,7.06148976e+00,-1.44617230e+01,2.15232128e+01,1.00018483e-09
48,1.19249982e+00,3.77880392e-08,94,5,1,16,normal_corr_dominates,2.22585787e+00,1.00000000e+00,2.49999533e+07,-4.66514631e+01,-1.44617230e+01,-3.21897400e+01,1.00012335e-09
48,1.19249982e+00,3.77880392e-08,94,5,1,16,corr_ratio_high,9.03206310e-01,5.00000000e-01,2.49999533e+07,-4.66514631e+01,-1.44617230e+01,-3.21897400e+01,1.00012335e-09
48,1.19249982e+00,3.77880392e-08,94,5,2,17,normal_corr_dominates,2.31679951e+00,1.00000000e+00,2.50000190e+07,1.90431898e+01,-1.44617230e+01,3.35049128e+01,1.00020146e-09
48,1.19249982e+00,3.77880392e-08,94,8,0,24,normal_corr_dominates,3.55682183e+00,1.00000000e+00,2.50000148e+07,1.47856191e+01,-5.78281167e+00,2.05684308e+01,1.00023355e-09
48,1.19249982e+00,3.77880392e-08,94,8,1,25,normal_corr_dominates,1.66808824e+00,1.00000000e+00,2.50000039e+07,3.86342845e+00,-5.78281167e+00,9.64624012e+00,1.00020125e-09
48,1.19249982e+00,3.77880392e-08,94,8,2,26,normal_corr_dominates,4.85262998e+00,1.00000000e+00,2.49999662e+07,-3.38446569e+01,-5.78281167e+00,-2.80618453e+01,1.00026557e-09
48,1.19249982e+00,3.77880392e-08,94,9,0,27,normal_corr_dominates,2.80662516e+00,1.00000000e+00,2.49999643e+07,-3.56873061e+01,-9.37505129e+00,-2.63122548e+01,1.00023905e-09
48,1.19249982e+00,3.77880392e-08,94,9,1,28,normal_corr_dominates,4.32086384e+00,1.00000000e+00,2.50000311e+07,3.11332689e+01,-9.37505129e+00,4.05083202e+01,1.00018362e-09
48,1.19249982e+00,3.77880392e-08,94,9,2,29,normal_corr_dominates,3.52003874e+00,1.00000000e+00,2.49999576e+07,-4.23755951e+01,-9.37505129e+00,-3.30005438e+01,1.00027920e-09
48,1.19249982e+00,3.77880392e-08,94,10,0,30,normal_corr_dominates,1.21858936e+00,1.00000000e+00,2.49999780e+07,-2.20443244e+01,-9.93618952e+00,-1.21081349e+01,1.00014079e-09
48,1.19249982e+00,3.77880392e-08,94,10,0,30,corr_ratio_high,7.41714888e-01,5.00000000e-01,2.49999780e+07,-2.20443244e+01,-9.93618952e+00,-1.21081349e+01,1.00014079e-09
48,1.19249982e+00,3.77880392e-08,94,10,2,32,normal_corr_dominates,3.58238909e+00,1.00000000e+00,2.50000257e+07,2.56591074e+01,-9.93618952e+00,3.55952969e+01,1.00021425e-09
48,1.19249982e+00,3.77880392e-08,94,13,2,41,normal_corr_dominates,1.33624272e+00,1.00000000e+00,2.50000042e+07,4.16138292e+00,-1.23761278e+01,1.65375108e+01,1.00020543e-09
48,1.19249982e+00,3.77880392e-08,94,14,0,42,normal_corr_dominates,5.10963033e+00,1.00000000e+00,2.50000451e+07,4.50871911e+01,-1.09711063e+01,5.60582974e+01,1.00038261e-09
48,1.19249982e+00,3.77880392e-08,94,14,1,43,normal_corr_dominates,6.94569739e+00,1.00000000e+00,2.49999128e+07,-8.71730905e+01,-1.09711063e+01,-7.62019843e+01,1.00023795e-09
48,1.19249982e+00,3.77880392e-08,94,14,2,44,normal_corr_dominates,2.44346467e+00,1.00000000e+00,2.50000158e+07,1.58364043e+01,-1.09711063e+01,2.68075106e+01,1.00015087e-09
48,1.19249982e+00,3.77880392e-08,94,14,2,44,corr_ratio_high,6.61368564e-01,5.00000000e-01,2.50000158e+07,1.58364043e+01,-1.09711063e+01,2.68075106e+01,1.00015087e-09
48,1.19249982e+00,3.77880392e-08,94,15,0,45,normal_corr_dominates,6.99574150e+00,1.00000000e+00,2.50000483e+07,4.82936501e+01,-8.05465848e+00,5.63483086e+01,1.00013981e-09
48,1.19249982e+00,3.77880392e-08,94,15,1,46,normal_corr_dominates,1.27700567e+00,1.00000000e+00,2.50000022e+07,2.23118604e+00,-8.05465848e+00,1.02858445e+01,1.00019334e-09
48,1.19249982e+00,3.77880392e-08,94,15,2,47,normal_corr_dominates,3.61162965e+00,1.00000000e+00,2.49999629e+07,-3.71451019e+01,-8.05465848e+00,-2.90904434e+01,1.00023083e-09
48,1.19249982e+00,3.77880392e-08,94,17,0,51,normal_corr_dominates,5.92067510e+00,1.00000000e+00,2.49999608e+07,-3.92407415e+01,-5.67007423e+00,-3.35706673e+01,1.00017474e-09
48,1.19249982e+00,3.77880392e-08,94,17,0,51,corr_ratio_high,5.04375430e-01,5.00000000e-01,2.49999608e+07,-3.92407415e+01,-5.67007423e+00,-3.35706673e+01,1.00017474e-09
48,1.19249982e+00,3.77880392e-08,94,17,1,52,normal_corr_dominates,5.73234550e+00,1.00000000e+00,2.49999618e+07,-3.81728987e+01,-5.67007423e+00,-3.25028245e+01,1.00019796e-09
48,1.19249982e+00,3.77880392e-08,94,17,2,53,normal_corr_dominates,8.39684467e+00,1.00000000e+00,2.50000419e+07,4.19406583e+01,-5.67007423e+00,4.76107326e+01,1.00021485e-09
48,1.19249982e+00,3.77880392e-08,94,18,0,54,normal_corr_dominates,2.26910187e+00,1.00000000e+00,2.50000063e+07,6.32785151e+00,-4.98608633e+00,1.13139378e+01,1.00017572e-09
48,1.19249982e+00,3.77880392e-08,94,18,1,55,normal_corr_dominates,3.00182462e+00,1.00000000e+00,2.50000100e+07,9.98127036e+00,-4.98608633e+00,1.49673567e+01,1.00018331e-09
48,1.19249982e+00,3.77880392e-08,94,18,2,56,normal_corr_dominates,4.19903315e+00,1.00000000e+00,2.49999741e+07,-2.59228281e+01,-4.98608633e+00,-2.09367418e+01,1.00019716e-09
48,1.19249982e+00,3.77880392e-08,94,19,0,57,normal_corr_dominates,5.87945519e+00,1.00000000e+00,2.49999454e+07,-5.46151135e+01,-7.93887190e+00,-4.66762416e+01,1.00005713e-09
48,1.19249982e+00,3.77880392e-08,94,19,0,57,corr_ratio_high,2.29421146e+00,5.00000000e-01,2.49999454e+07,-5.46151135e+01,-7.93887190e+00,-4.66762416e+01,1.00005713e-09
48,1.19249982e+00,3.77880392e-08,94,19,1,58,normal_corr_dominates,4.60675237e+00,1.00000000e+00,2.50000286e+07,2.86335451e+01,-7.93887190e+00,3.65724170e+01,1.00019838e-09
48,1.19249982e+00,3.77880392e-08,94,20,0,60,normal_corr_dominates,2.10975248e+00,1.00000000e+00,2.50000056e+07,5.64153616e+00,-5.08359858e+00,1.07251347e+01,1.00017263e-09
48,1.19249982e+00,3.77880392e-08,94,20,1,61,normal_corr_dominates,3.45450659e+00,1.00000000e+00,2.49999774e+07,-2.26449234e+01,-5.08359858e+00,-1.75613248e+01,1.00019835e-09
48,1.19249982e+00,3.77880392e-08,94,20,2,62,normal_corr_dominates,5.04223415e+00,1.00000000e+00,2.49999693e+07,-3.07162929e+01,-5.08359858e+00,-2.56326944e+01,1.00020702e-09
48,1.19249982e+00,3.77880392e-08,94,21,2,65,normal_corr_dominates,2.92000146e+00,1.00000000e+00,2.50000255e+07,2.54739390e+01,-1.32676664e+01,3.87416054e+01,1.00016743e-09
48,1.19249982e+00,3.77880392e-08,94,22,2,68,normal_corr_dominates,2.31279021e+00,1.00000000e+00,2.49999652e+07,-3.48074766e+01,-1.05069969e+01,-2.43004796e+01,1.00020052e-09
48,1.19249982e+00,3.77880392e-08,94,23,0,69,normal_corr_dominates,3.25252760e+00,1.00000000e+00,2.49999731e+07,-2.68664401e+01,-6.31775797e+00,-2.05486822e+01,1.00022548e-09
48,1.19249982e+00,3.77880392e-08,94,23,1,70,normal_corr_dominates,1.20720151e+00,1.00000000e+00,2.50000013e+07,1.30904898e+00,-6.31775797e+00,7.62680696e+00,1.00023777e-09
48,1.19249982e+00,3.77880392e-08,94,23,2,71,normal_corr_dominates,3.51686592e+00,1.00000000e+00,2.50000159e+07,1.59009498e+01,-6.31775797e+00,2.22187077e+01,1.00019989e-09
48,1.19249982e+00,3.77880392e-08,94,25,0,75,normal_corr_dominates,1.75905112e+01,1.00000000e+00,2.50000339e+07,3.39476665e+01,-2.04620979e+00,3.59938763e+01,1.00026010e-09
48,1.19249982e+00,3.77880392e-08,94,25,1,76,normal_corr_dominates,2.06408603e+01,1.00000000e+00,2.49999557e+07,-4.42817403e+01,-2.04620979e+00,-4.22355305e+01,1.00021528e-09
48,1.19249982e+00,3.77880392e-08,94,25,1,76,corr_ratio_high,6.13376357e-01,5.00000000e-01,2.49999557e+07,-4.42817403e+01,-2.04620979e+00,-4.22355305e+01,1.00021528e-09
48,1.19249982e+00,3.77880392e-08,94,25,2,77,normal_corr_dominates,1.73017960e+01,1.00000000e+00,2.49999626e+07,-3.74493141e+01,-2.04620979e+00,-3.54031043e+01,1.00026764e-09
48,1.19249982e+00,3.77880392e-08,94,26,0,78,normal_corr_dominates,1.14498523e+00,1.00000000e+00,2.50000009e+07,8.88209546e-01,-6.12620691e+00,7.01441645e+00,1.00027449e-09
48,1.19249982e+00,3.77880392e-08,94,26,1,79,normal_corr_dominates,2.30704925e+00,1.00000000e+00,2.50000080e+07,8.00725415e+00,-6.12620691e+00,1.41334611e+01,1.00018448e-09
48,1.19249982e+00,3.77880392e-08,94,26,2,80,normal_corr_dominates,6.32520936e+00,1.00000000e+00,2.49999551e+07,-4.48757482e+01,-6.12620691e+00,-3.87495413e+01,1.00025433e-09
48,1.19249982e+00,3.77880392e-08,94,28,0,84,normal_corr_dominates,5.51527268e+00,1.00000000e+00,2.49999151e+07,-8.49316457e+01,-1.30357776e+01,-7.18958681e+01,1.00032329e-09
48,1.19249982e+00,3.77880392e-08,94,28,2,86,normal_corr_dominates,1.44013416e+00,1.00000000e+00,2.50000057e+07,5.73749108e+00,-1.30357776e+01,1.87732687e+01,1.00019796e-09
48,1.19249982e+00,3.77880392e-08,94,29,0,87,normal_corr_dominates,5.41297584e+00,1.00000000e+00,2.50000203e+07,2.02658654e+01,-4.59233546e+00,2.48582009e+01,1.00029114e-09
48,1.19249982e+00,3.77880392e-08,94,29,1,88,corr_ratio_high,7.43609707e-01,5.00000000e-01,2.49999986e+07,-1.39165637e+00,-4.59233546e+00,3.20067909e+00,1.00014512e-09
48,1.19249982e+00,3.77880392e-08,94,29,2,89,normal_corr_dominates,4.68711897e+00,1.00000000e+00,2.49999739e+07,-2.61171581e+01,-4.59233546e+00,-2.15248226e+01,1.00020772e-09
48,1.19249982e+00,3.77880392e-08,94,30,1,91,normal_corr_dominates,1.67713521e+00,1.00000000e+00,2.49999719e+07,-2.80885396e+01,-1.04920138e+01,-1.75965258e+01,1.00022387e-09
48,1.19249982e+00,3.77880392e-08,94,32,0,96,normal_corr_dominates,1.52604160e+02,1.00000000e+00,2.49999455e+07,-5.45473344e+01,-3.55116256e-01,-5.41922181e+01,1.00026698e-09
48,1.19249982e+00,3.77880392e-08,94,32,1,97,normal_corr_dominates,7.45960111e+01,1.00000000e+00,2.50000261e+07,2.61351399e+01,-3.55116256e-01,2.64902562e+01,1.00024368e-09
48,1.19249982e+00,3.77880392e-08,94,32,2,98,normal_corr_dominates,1.72973305e+01,1.00000000e+00,2.49999935e+07,-6.49767950e+00,-3.55116256e-01,-6.14256324e+00,1.00015262e-09
48,1.19249982e+00,3.77880392e-08,94,32,2,98,corr_ratio_high,8.01085939e-01,5.00000000e-01,2.49999935e+07,-6.49767950e+00,-3.55116256e-01,-6.14256324e+00,1.00015262e-09
48,1.19249982e+00,3.77880392e-08,94,31,1,94,normal_corr_dominates,2.15098219e+00,1.00000000e+00,2.50000093e+07,9.29947780e+00,-8.07960182e+00,1.73790796e+01,1.00026362e-09
48,1.19249982e+00,3.77880392e-08,94,31,2,95,normal_corr_dominates,3.50654378e+00,1.00000000e+00,2.49999636e+07,-3.64110793e+01,-8.07960182e+00,-2.83314775e+01,1.00025461e-09
48,1.19249982e+00,3.77880392e-08,94,12,0,36,normal_corr_dominates,1.47898712e+00,1.00000000e+00,2.50000106e+07,1.06014570e+01,-2.21330733e+01,3.27345304e+01,1.00034918e-09
48,1.19249982e+00,3.77880392e-08,94,12,2,38,normal_corr_dominates,2.36458027e+00,1.00000000e+00,2.50000302e+07,3.02023553e+01,-2.21330733e+01,5.23354286e+01,1.00009533e-09
48,1.19249982e+00,3.77880392e-08,94,12,2,38,corr_ratio_high,1.50790450e+00,5.00000000e-01,2.50000302e+07,3.02023553e+01,-2.21330733e+01,5.23354286e+01,1.00009533e-09
49,1.21579289e+00,3.85261518e-08,94,0,0,0,normal_corr_dominates,8.66421062e+00,1.00000000e+00,2.49999546e+07,-4.53877523e+01,-4.69647797e+00,-4.06912743e+01,1.00019049e-09
49,1.21579289e+00,3.85261518e-08,94,0,1,1,normal_corr_dominates,7.40404751e+00,1.00000000e+00,2.50000301e+07,3.00764681e+01,-4.69647797e+00,3.47729461e+01,1.00013025e-09
49,1.21579289e+00,3.85261518e-08,94,0,2,2,normal_corr_dominates,3.70444785e+00,1.00000000e+00,2.50000127e+07,1.27013798e+01,-4.69647797e+00,1.73978577e+01,1.00029679e-09
49,1.21579289e+00,3.85261518e-08,94,1,0,3,normal_corr_dominates,2.30185875e+00,1.00000000e+00,2.50000117e+07,1.17000598e+01,-8.98719609e+00,2.06872559e+01,1.00025404e-09
49,1.21579289e+00,3.85261518e-08,94,1,1,4,normal_corr_dominates,5.53293720e+00,1.00000000e+00,2.50000407e+07,4.07383954e+01,-8.98719609e+00,4.97255915e+01,1.00017909e-09
49,1.21579289e+00,3.85261518e-08,94,1,2,5,normal_corr_dominates,4.15245517e+00,1.00000000e+00,2.49999537e+07,-4.63061250e+01,-8.98719609e+00,-3.73189289e+01,1.00027344e-09
49,1.21579289e+00,3.85261518e-08,94,2,0,6,normal_corr_dominates,1.25012238e+01,1.00000000e+00,2.50000519e+07,5.19428067e+01,-4.51628520e+00,5.64590919e+01,1.00011557e-09
49,1.21579289e+00,3.85261518e-08,94,2,0,6,corr_ratio_high,5.99265643e-01,5.00000000e-01,2.50000519e+07,5.19428067e+01,-4.51628520e+00,5.64590919e+01,1.00011557e-09
49,1.21579289e+00,3.85261518e-08,94,2,1,7,normal_corr_dominates,2.86720418e+00,1.00000000e+00,2.49999825e+07,-1.74653970e+01,-4.51628520e+00,-1.29491118e+01,1.00031679e-09
49,1.21579289e+00,3.85261518e-08,94,2,2,8,normal_corr_dominates,3.24168676e+00,1.00000000e+00,2.49999808e+07,-1.91566672e+01,-4.51628520e+00,-1.46403820e+01,1.00023283e-09
49,1.21579289e+00,3.85261518e-08,94,3,0,9,normal_corr_dominates,5.68288210e+00,1.00000000e+00,2.49999545e+07,-4.55458581e+01,-6.81530175e+00,-3.87305563e+01,1.00019984e-09
49,1.21579289e+00,3.85261518e-08,94,3,1,10,normal_corr_dominates,3.35839790e+00,1.00000000e+00,2.50000161e+07,1.60731933e+01,-6.81530175e+00,2.28884951e+01,1.00027345e-09
49,1.21579289e+00,3.85261518e-08,94,3,2,11,normal_corr_dominates,6.02166432e+00,1.00000000e+00,2.50000342e+07,3.42241576e+01,-6.81530175e+00,4.10394594e+01,1.00020346e-09
49,1.21579289e+00,3.85261518e-08,94,4,0,12,normal_corr_dominates,5.10767986e+00,1.00000000e+00,2.50000142e+07,1.41794603e+01,-3.45193901e+00,1.76313994e+01,1.00017858e-09
49,1.21579289e+00,3.85261518e-08,94,4,1,13,normal_corr_dominates,7.39382942e+00,1.00000000e+00,2.49999710e+07,-2.89749872e+01,-3.45193901e+00,-2.55230482e+01,1.00019286e-09
49,1.21579289e+00,3.85261518e-08,94,4,2,14,normal_corr_dominates,7.46639749e+00,1.00000000e+00,2.50000223e+07,2.23216097e+01,-3.45193901e+00,2.57735487e+01,1.00018248e-09
49,1.21579289e+00,3.85261518e-08,94,5,0,15,normal_corr_dominates,1.48850234e+00,1.00000000e+00,2.50000072e+07,7.19179592e+00,-1.47221320e+01,2.19139279e+01,1.00018816e-09
49,1.21579289e+00,3.85261518e-08,94,5,1,16,normal_corr_dominates,2.22605220e+00,1.00000000e+00,2.49999525e+07,-4.74943663e+01,-1.47221320e+01,-3.27722343e+01,1.00012560e-09
49,1.21579289e+00,3.85261518e-08,94,5,1,16,corr_ratio_high,9.02948851e-01,5.00000000e-01,2.49999525e+07,-4.74943663e+01,-1.47221320e+01,-3.27722343e+01,1.00012560e-09
49,1.21579289e+00,3.85261518e-08,94,5,2,17,normal_corr_dominates,2.31681684e+00,1.00000000e+00,2.50000194e+07,1.93863513e+01,-1.47221320e+01,3.41084833e+01,1.00020509e-09
49,1.21579289e+00,3.85261518e-08,94,8,0,24,normal_corr_dominates,3.55864989e+00,1.00000000e+00,2.50000151e+07,1.50564633e+01,-5.88453439e+00,2.09409977e+01,1.00023777e-09
49,1.21579289e+00,3.85261518e-08,94,8,1,25,normal_corr_dominates,1.66851354e+00,1.00000000e+00,2.50000039e+07,3.93389092e+00,-5.88453439e+00,9.81842531e+00,1.00020489e-09
49,1.21579289e+00,3.85261518e-08,94,8,2,26,normal_corr_dominates,4.85515922e+00,1.00000000e+00,2.49999655e+07,-3.44548858e+01,-5.88453439e+00,-2.85703514e+01,1.00027036e-09
49,1.21579289e+00,3.85261518e-08,94,9,0,27,normal_corr_dominates,2.80646673e+00,1.00000000e+00,2.49999637e+07,-3.63230957e+01,-9.54247028e+00,-2.67806254e+01,1.00024335e-09
49,1.21579289e+00,3.85261518e-08,94,9,1,28,normal_corr_dominates,4.32225732e+00,1.00000000e+00,2.50000317e+07,3.17025417e+01,-9.54247028e+00,4.12450120e+01,1.00018694e-09
49,1.21579289e+00,3.85261518e-08,94,9,2,29,normal_corr_dominates,3.52129550e+00,1.00000000e+00,2.49999569e+07,-4.31443279e+01,-9.54247028e+00,-3.36018576e+01,1.00028424e-09
49,1.21579289e+00,3.85261518e-08,94,10,0,30,normal_corr_dominates,1.21976094e+00,1.00000000e+00,2.49999776e+07,-2.24473582e+01,-1.01125116e+01,-1.23348466e+01,1.00014336e-09
49,1.21579289e+00,3.85261518e-08,94,10,0,30,corr_ratio_high,7.41384150e-01,5.00000000e-01,2.49999776e+07,-2.24473582e+01,-1.01125116e+01,-1.23348466e+01,1.00014336e-09
49,1.21579289e+00,3.85261518e-08,94,10,2,32,normal_corr_dominates,3.58375037e+00,1.00000000e+00,2.50000261e+07,2.61282055e+01,-1.01125116e+01,3.62407171e+01,1.00021811e-09
49,1.21579289e+00,3.85261518e-08,94,13,2,41,normal_corr_dominates,1.33619550e+00,1.00000000e+00,2.50000042e+07,4.23536049e+00,-1.25979097e+01,1.68332701e+01,1.00020914e-09
49,1.21579289e+00,3.85261518e-08,94,14,0,42,normal_corr_dominates,5.11074702e+00,1.00000000e+00,2.50000459e+07,4.59018018e+01,-1.11662921e+01,5.70680938e+01,1.00038949e-09
49,1.21579289e+00,3.85261518e-08,94,14,1,43,normal_corr_dominates,6.94747972e+00,1.00000000e+00,2.49999113e+07,-8.87438796e+01,-1.11662921e+01,-7.75775875e+01,1.00024226e-09
49,1.21579289e+00,3.85261518e-08,94,14,2,44,normal_corr_dominates,2.44395303e+00,1.00000000e+00,2.50000161e+07,1.61236012e+01,-1.11662921e+01,2.72898933e+01,1.00015359e-09
49,1.21579289e+00,3.85261518e-08,94,14,2,44,corr_ratio_high,6.61392321e-01,5.00000000e-01,2.50000161e+07,1.61236012e+01,-1.11662921e+01,2.72898933e+01,1.00015359e-09
49,1.21579289e+00,3.85261518e-08,94,15,0,45,normal_corr_dominates,6.99616167e+00,1.00000000e+00,2.50000492e+07,4.91649007e+01,-8.19939545e+00,5.73642961e+01,1.00014234e-09
49,1.21579289e+00,3.85261518e-08,94,15,1,46,normal_corr_dominates,1.27731270e+00,1.00000000e+00,2.50000023e+07,2.27379651e+00,-8.19939545e+00,1.04731920e+01,1.00019684e-09
49,1.21579289e+00,3.85261518e-08,94,15,2,47,normal_corr_dominates,3.61183532e+00,1.00000000e+00,2.49999622e+07,-3.78142615e+01,-8.19939545e+00,-2.96148661e+01,1.00023500e-09
49,1.21579289e+00,3.85261518e-08,94,17,0,51,normal_corr_dominates,5.92416866e+00,1.00000000e+00,2.49999600e+07,-3.99532853e+01,-5.77012017e+00,-3.41831651e+01,1.00017790e-09
49,1.21579289e+00,3.85261518e-08,94,17,0,51,corr_ratio_high,5.04405837e-01,5.00000000e-01,2.49999600e+07,-3.99532853e+01,-5.77012017e+00,-3.41831651e+01,1.00017790e-09
49,1.21579289e+00,3.85261518e-08,94,17,1,52,normal_corr_dominates,5.73497276e+00,1.00000000e+00,2.49999611e+07,-3.88616022e+01,-5.77012017e+00,-3.30914820e+01,1.00020154e-09
49,1.21579289e+00,3.85261518e-08,94,17,2,53,normal_corr_dominates,8.40099136e+00,1.00000000e+00,2.50000427e+07,4.27046095e+01,-5.77012017e+00,4.84747297e+01,1.00021871e-09
49,1.21579289e+00,3.85261518e-08,94,18,0,54,normal_corr_dominates,2.26978041e+00,1.00000000e+00,2.50000064e+07,6.44386584e+00,-5.07478757e+00,1.15186534e+01,1.00017889e-09
49,1.21579289e+00,3.85261518e-08,94,18,1,55,normal_corr_dominates,3.00251564e+00,1.00000000e+00,2.50000102e+07,1.01623415e+01,-5.07478757e+00,1.52371291e+01,1.00018662e-09
49,1.21579289e+00,3.85261518e-08,94,18,2,56,normal_corr_dominates,4.20005244e+00,1.00000000e+00,2.49999736e+07,-2.63891615e+01,-5.07478757e+00,-2.13143739e+01,1.00020072e-09
49,1.21579289e+00,3.85261518e-08,94,19,0,57,normal_corr_dominates,5.88018002e+00,1.00000000e+00,2.49999444e+07,-5.56015520e+01,-8.08140948e+00,-4.75201426e+01,1.00005818e-09
49,1.21579289e+00,3.85261518e-08,94,19,0,57,corr_ratio_high,2.29362528e+00,5.00000000e-01,2.49999444e+07,-5.56015520e+01,-8.08140948e+00,-4.75201426e+01,1.00005818e-09
49,1.21579289e+00,3.85261518e-08,94,19,1,58,normal_corr_dominates,4.60697256e+00,1.00000000e+00,2.50000291e+07,2.91494223e+01,-8.08140948e+00,3.72308318e+01,1.00020196e-09
49,1.21579289e+00,3.85261518e-08,94,20,0,60,normal_corr_dominates,2.11046808e+00,1.00000000e+00,2.50000057e+07,5.74526671e+00,-5.17373420e+00,1.09190009e+01,1.00017575e-09
49,1.21579289e+00,3.85261518e-08,94,20,1,61,normal_corr_dominates,3.45593942e+00,1.00000000e+00,2.49999769e+07,-2.30538462e+01,-5.17373420e+00,-1.78801120e+01,1.00020194e-09
49,1.21579289e+00,3.85261518e-08,94,20,2,62,normal_corr_dominates,5.04404657e+00,1.00000000e+00,2.49999687e+07,-3.12702904e+01,-5.17373420e+00,-2.60965562e+01,1.00021077e-09
49,1.21579289e+00,3.85261518e-08,94,21,2,65,normal_corr_dominates,2.92052931e+00,1.00000000e+00,2.50000259e+07,2.59361322e+01,-1.35046792e+01,3.94408114e+01,1.00017045e-09
49,1.21579289e+00,3.85261518e-08,94,22,2,68,normal_corr_dominates,2.31282337e+00,1.00000000e+00,2.49999646e+07,-3.54316968e+01,-1.06953172e+01,-2.47363796e+01,1.00020414e-09
49,1.21579289e+00,3.85261518e-08,94,23,0,69,normal_corr_dominates,3.25298098e+00,1.00000000e+00,2.49999727e+07,-2.73447976e+01,-6.42956028e+00,-2.09152373e+01,1.00022954e-09
49,1.21579289e+00,3.85261518e-08,94,23,1,70,normal_corr_dominates,1.20805551e+00,1.00000000e+00,2.50000013e+07,1.33770544e+00,-6.42956028e+00,7.76726571e+00,1.00024205e-09
49,1.21579289e+00,3.85261518e-08,94,23,2,71,normal_corr_dominates,3.51851665e+00,1.00000000e+00,2.50000162e+07,1.61929546e+01,-6.42956028e+00,2.26225149e+01,1.00020350e-09
49,1.21579289e+00,3.85261518e-08,94,25,0,75,normal_corr_dominates,1.76158585e+01,1.00000000e+00,2.50000346e+07,3.45609279e+01,-2.07999652e+00,3.66409245e+01,1.00026480e-09
49,1.21579289e+00,3.85261518e-08,94,25,1,76,normal_corr_dominates,2.06708048e+01,1.00000000e+00,2.49999549e+07,-4.50751986e+01,-2.07999652e+00,-4.29952021e+01,1.00021916e-09
49,1.21579289e+00,3.85261518e-08,94,25,1,76,corr_ratio_high,6.13412624e-01,5.00000000e-01,2.49999549e+07,-4.50751986e+01,-2.07999652e+00,-4.29952021e+01,1.00021916e-09
49,1.21579289e+00,3.85261518e-08,94,25,2,77,normal_corr_dominates,1.73301794e+01,1.00000000e+00,2.49999619e+07,-3.81267093e+01,-2.07999652e+00,-3.60467128e+01,1.00027248e-09
49,1.21579289e+00,3.85261518e-08,94,26,0,78,normal_corr_dominates,1.14599045e+00,1.00000000e+00,2.50000009e+07,9.10113313e-01,-6.23406045e+00,7.14417376e+00,1.00027943e-09
49,1.21579289e+00,3.85261518e-08,94,26,1,79,normal_corr_dominates,2.30826383e+00,1.00000000e+00,2.50000082e+07,8.15579580e+00,-6.23406045e+00,1.43898562e+01,1.00018783e-09
49,1.21579289e+00,3.85261518e-08,94,26,2,80,normal_corr_dominates,6.32895353e+00,1.00000000e+00,2.49999543e+07,-4.56891393e+01,-6.23406045e+00,-3.94550789e+01,1.00025892e-09
49,1.21579289e+00,3.85261518e-08,94,28,0,84,normal_corr_dominates,5.51575432e+00,1.00000000e+00,2.49999135e+07,-8.64629093e+01,-1.32698234e+01,-7.31930859e+01,1.00032914e-09
49,1.21579289e+00,3.85261518e-08,94,28,2,86,normal_corr_dominates,1.44022018e+00,1.00000000e+00,2.50000058e+07,5.84164401e+00,-1.32698234e+01,1.91114674e+01,1.00020153e-09
49,1.21579289e+00,3.85261518e-08,94,29,0,87,normal_corr_dominates,5.41388173e+00,1.00000000e+00,2.50000206e+07,2.06322632e+01,-4.67440328e+00,2.53066665e+01,1.00029640e-09
49,1.21579289e+00,3.85261518e-08,94,29,1,88,corr_ratio_high,7.43552619e-01,5.00000000e-01,2.49999986e+07,-1.41563148e+00,-4.67440328e+00,3.25877180e+00,1.00014775e-09
49,1.21579289e+00,3.85261518e-08,94,29,2,89,normal_corr_dominates,4.68755238e+00,1.00000000e+00,2.49999734e+07,-2.65859135e+01,-4.67440328e+00,-2.19115102e+01,1.00021146e-09
49,1.21579289e+00,3.85261518e-08,94,30,1,91,normal_corr_dominates,1.67732354e+00,1.00000000e+00,2.49999714e+07,-2.85916427e+01,-1.06791885e+01,-1.79124542e+01,1.00022790e-09
49,1.21579289e+00,3.85261518e-08,94,32,0,96,normal_corr_dominates,1.52803270e+02,1.00000000e+00,2.49999445e+07,-5.55303337e+01,-3.61047808e-01,-5.51692859e+01,1.00027180e-09
49,1.21579289e+00,3.85261518e-08,94,32,1,97,normal_corr_dominates,7.46904127e+01,1.00000000e+00,2.50000266e+07,2.66057620e+01,-3.61047808e-01,2.69668098e+01,1.00024808e-09
49,1.21579289e+00,3.85261518e-08,94,32,2,98,normal_corr_dominates,1.73078301e+01,1.00000000e+00,2.49999934e+07,-6.61000192e+00,-3.61047808e-01,-6.24895411e+00,1.00015537e-09
49,1.21579289e+00,3.85261518e-08,94,32,2,98,corr_ratio_high,8.01134517e-01,5.00000000e-01,2.49999934e+07,-6.61000192e+00,-3.61047808e-01,-6.24895411e+00,1.00015537e-09
49,1.21579289e+00,3.85261518e-08,94,31,1,94,normal_corr_dominates,2.15179926e+00,1.00000000e+00,2.50000095e+07,9.46928632e+00,-8.22129919e+00,1.76905855e+01,1.00026838e-09
49,1.21579289e+00,3.85261518e-08,94,31,2,95,normal_corr_dominates,3.50882800e+00,1.00000000e+00,2.49999629e+07,-3.70684240e+01,-8.22129919e+00,-2.88471248e+01,1.00025921e-09
49,1.21579289e+00,3.85261518e-08,94,12,0,36,normal_corr_dominates,1.47925528e+00,1.00000000e+00,2.50000108e+07,1.07970492e+01,-2.25288060e+01,3.33258552e+01,1.00035547e-09
49,1.21579289e+00,3.85261518e-08,94,12,2,38,normal_corr_dominates,2.36511917e+00,1.00000000e+00,2.50000308e+07,3.07545050e+01,-2.25288060e+01,5.32833110e+01,1.00009707e-09
49,1.21579289e+00,3.85261518e-08,94,12,2,38,corr_ratio_high,1.50749368e+00,5.00000000e-01,2.50000308e+07,3.07545050e+01,-2.25288060e+01,5.32833110e+01,1.00009707e-09
50,1.24012356e+00,3.92971443e-08,94,0,0,0,normal_corr_dominates,8.66673911e+00,1.00000000e+00,2.49999538e+07,-4.62292725e+01,-4.78230269e+00,-4.14469698e+01,1.00019401e-09
50,1.24012356e+00,3.92971443e-08,94,0,1,1,normal_corr_dominates,7.40489100e+00,1.00000000e+00,2.50000306e+07,3.06301275e+01,-4.78230269e+00,3.54124302e+01,1.00013268e-09
50,1.24012356e+00,3.92971443e-08,94,0,2,2,normal_corr_dominates,3.70690216e+00,1.00000000e+00,2.50000129e+07,1.29452255e+01,-4.78230269e+00,1.77275282e+01,1.00030225e-09
50,1.24012356e+00,3.92971443e-08,94,1,0,3,normal_corr_dominates,2.30240495e+00,1.00000000e+00,2.50000119e+07,1.19192316e+01,-9.15170939e+00,2.10709410e+01,1.00025873e-09
50,1.24012356e+00,3.92971443e-08,94,1,1,4,normal_corr_dominates,5.53455983e+00,1.00000000e+00,2.50000415e+07,4.14989738e+01,-9.15170939e+00,5.06506832e+01,1.00018239e-09
50,1.24012356e+00,3.92971443e-08,94,1,2,5,normal_corr_dominates,4.15366199e+00,1.00000000e+00,2.49999528e+07,-4.71648169e+01,-9.15170939e+00,-3.80131075e+01,1.00027849e-09
50,1.24012356e+00,3.92971443e-08,94,2,0,6,normal_corr_dominates,1.25042957e+01,1.00000000e+00,2.50000529e+07,5.29018428e+01,-4.59844253e+00,5.75002853e+01,1.00011773e-09
50,1.24012356e+00,3.92971443e-08,94,2,0,6,corr_ratio_high,5.99117681e-01,5.00000000e-01,2.50000529e+07,5.29018428e+01,-4.59844253e+00,5.75002853e+01,1.00011773e-09
50,1.24012356e+00,3.92971443e-08,94,2,1,7,normal_corr_dominates,2.86669425e+00,1.00000000e+00,2.49999822e+07,-1.77807713e+01,-4.59844253e+00,-1.31823288e+01,1.00032262e-09
50,1.24012356e+00,3.92971443e-08,94,2,2,8,normal_corr_dominates,3.24231015e+00,1.00000000e+00,2.49999805e+07,-1.95080194e+01,-4.59844253e+00,-1.49095769e+01,1.00023715e-09
50,1.24012356e+00,3.92971443e-08,94,3,0,9,normal_corr_dominates,5.68428807e+00,1.00000000e+00,2.49999536e+07,-4.63900390e+01,-6.94016154e+00,-3.94498774e+01,1.00020355e-09
50,1.24012356e+00,3.92971443e-08,94,3,1,10,normal_corr_dominates,3.35968151e+00,1.00000000e+00,2.50000164e+07,1.63765709e+01,-6.94016154e+00,2.33167324e+01,1.00027850e-09
50,1.24012356e+00,3.92971443e-08,94,3,2,11,normal_corr_dominates,6.02311045e+00,1.00000000e+00,2.50000349e+07,3.48611979e+01,-6.94016154e+00,4.18013595e+01,1.00020721e-09
50,1.24012356e+00,3.92971443e-08,94,4,0,12,normal_corr_dominates,5.10983665e+00,1.00000000e+00,2.50000144e+07,1.44426820e+01,-3.51417422e+00,1.79568562e+01,1.00018189e-09
50,1.24012356e+00,3.92971443e-08,94,4,1,13,normal_corr_dominates,7.39703219e+00,1.00000000e+00,2.49999705e+07,-2.95086340e+01,-3.51417422e+00,-2.59944598e+01,1.00019643e-09
50,1.24012356e+00,3.92971443e-08,94,4,2,14,normal_corr_dominates,7.46887863e+00,1.00000000e+00,2.50000227e+07,2.27327665e+01,-3.51417422e+00,2.62469407e+01,1.00018587e-09
50,1.24012356e+00,3.92971443e-08,94,5,0,15,normal_corr_dominates,1.48872002e+00,1.00000000e+00,2.50000073e+07,7.32768226e+00,-1.49936200e+01,2.23213023e+01,1.00019164e-09
50,1.24012356e+00,3.92971443e-08,94,5,1,16,normal_corr_dominates,2.22624869e+00,1.00000000e+00,2.49999516e+07,-4.83731470e+01,-1.49936200e+01,-3.33795270e+01,1.00012794e-09
50,1.24012356e+00,3.92971443e-08,94,5,1,16,corr_ratio_high,9.02683666e-01,5.00000000e-01,2.49999516e+07,-4.83731470e+01,-1.49936200e+01,-3.33795270e+01,1.00012794e-09
50,1.24012356e+00,3.92971443e-08,94,5,2,17,normal_corr_dominates,2.31683240e+00,1.00000000e+00,2.50000197e+07,1.97440846e+01,-1.49936200e+01,3.47377046e+01,1.00020887e-09
50,1.24012356e+00,3.92971443e-08,94,8,0,24,normal_corr_dominates,3.56051335e+00,1.00000000e+00,2.50000153e+07,1.53388664e+01,-5.99054341e+00,2.13294098e+01,1.00024216e-09
50,1.24012356e+00,3.92971443e-08,94,8,1,25,normal_corr_dominates,1.66894777e+00,1.00000000e+00,2.50000040e+07,4.00736069e+00,-5.99054341e+00,9.99790410e+00,1.00020868e-09
50,1.24012356e+00,3.92971443e-08,94,8,2,26,normal_corr_dominates,4.85774073e+00,1.00000000e+00,2.49999649e+07,-3.50910501e+01,-5.99054341e+00,-2.91005067e+01,1.00027536e-09
50,1.24012356e+00,3.92971443e-08,94,9,0,27,normal_corr_dominates,2.80629805e+00,1.00000000e+00,2.49999630e+07,-3.69857774e+01,-9.71699454e+00,-2.72687829e+01,1.00024784e-09
50,1.24012356e+00,3.92971443e-08,94,9,1,28,normal_corr_dominates,4.32367655e+00,1.00000000e+00,2.50000323e+07,3.22961469e+01,-9.71699454e+00,4.20131415e+01,1.00019040e-09
50,1.24012356e+00,3.92971443e-08,94,9,2,29,normal_corr_dominates,3.52257565e+00,1.00000000e+00,2.49999561e+07,-4.39458429e+01,-9.71699454e+00,-3.42288484e+01,1.00028950e-09
50,1.24012356e+00,3.92971443e-08,94,10,0,30,normal_corr_dominates,1.22096038e+00,1.00000000e+00,2.49999771e+07,-2.28676648e+01,-1.02962957e+01,-1.25713691e+01,1.00014604e-09
50,1.24012356e+00,3.92971443e-08,94,10,0,30,corr_ratio_high,7.41044575e-01,5.00000000e-01,2.49999771e+07,-2.28676648e+01,-1.02962957e+01,-1.25713691e+01,1.00014604e-09
50,1.24012356e+00,3.92971443e-08,94,10,2,32,normal_corr_dominates,3.58513875e+00,1.00000000e+00,2.50000266e+07,2.66173529e+01,-1.02962957e+01,3.69136486e+01,1.00022214e-09
50,1.24012356e+00,3.92971443e-08,94,13,2,41,normal_corr_dominates,1.33614450e+00,1.00000000e+00,2.50000043e+07,4.31243621e+00,-1.28291143e+01,1.71415505e+01,1.00021300e-09
50,1.24012356e+00,3.92971443e-08,94,14,0,42,normal_corr_dominates,5.11188306e+00,1.00000000e+00,2.50000468e+07,4.67510426e+01,-1.13697403e+01,5.81207830e+01,1.00039667e-09
50,1.24012356e+00,3.92971443e-08,94,14,1,43,normal_corr_dominates,6.94929626e+00,1.00000000e+00,2.49999096e+07,-9.03814343e+01,-1.13697403e+01,-7.90116939e+01,1.00024676e-09
50,1.24012356e+00,3.92971443e-08,94,14,2,44,normal_corr_dominates,2.44445161e+00,1.00000000e+00,2.50000164e+07,1.64230397e+01,-1.13697403e+01,2.77927801e+01,1.00015644e-09
50,1.24012356e+00,3.92971443e-08,94,14,2,44,corr_ratio_high,6.61416010e-01,5.00000000e-01,2.50000164e+07,1.64230397e+01,-1.13697403e+01,2.77927801e+01,1.00015644e-09
50,1.24012356e+00,3.92971443e-08,94,15,0,45,normal_corr_dominates,6.99657712e+00,1.00000000e+00,2.50000501e+07,5.00731973e+01,-8.35029656e+00,5.84234939e+01,1.00014497e-09
50,1.24012356e+00,3.92971443e-08,94,15,1,46,normal_corr_dominates,1.27762175e+00,1.00000000e+00,2.50000023e+07,2.31822395e+00,-8.35029656e+00,1.06685205e+01,1.00020048e-09
50,1.24012356e+00,3.92971443e-08,94,15,2,47,normal_corr_dominates,3.61203703e+00,1.00000000e+00,2.49999615e+07,-3.85118769e+01,-8.35029656e+00,-3.01615804e+01,1.00023934e-09
50,1.24012356e+00,3.92971443e-08,94,17,0,51,normal_corr_dominates,5.92774225e+00,1.00000000e+00,2.49999593e+07,-4.06962488e+01,-5.87438842e+00,-3.48218604e+01,1.00018120e-09
50,1.24012356e+00,3.92971443e-08,94,17,0,51,corr_ratio_high,5.04436788e-01,5.00000000e-01,2.49999593e+07,-4.06962488e+01,-5.87438842e+00,-3.48218604e+01,1.00018120e-09
50,1.24012356e+00,3.92971443e-08,94,17,1,52,normal_corr_dominates,5.73765243e+00,1.00000000e+00,2.49999604e+07,-3.95795874e+01,-5.87438842e+00,-3.37051990e+01,1.00020528e-09
50,1.24012356e+00,3.92971443e-08,94,17,2,53,normal_corr_dominates,8.40522597e+00,1.00000000e+00,2.50000435e+07,4.35011737e+01,-5.87438842e+00,4.93755621e+01,1.00022274e-09
50,1.24012356e+00,3.92971443e-08,94,18,0,54,normal_corr_dominates,2.27046759e+00,1.00000000e+00,2.50000066e+07,6.56482129e+00,-5.16724815e+00,1.17320694e+01,1.00018219e-09
50,1.24012356e+00,3.92971443e-08,94,18,1,55,normal_corr_dominates,3.00321516e+00,1.00000000e+00,2.50000104e+07,1.03511098e+01,-5.16724815e+00,1.55183580e+01,1.00019008e-09
50,1.24012356e+00,3.92971443e-08,94,18,2,56,normal_corr_dominates,4.20108469e+00,1.00000000e+00,2.49999731e+07,-2.68752953e+01,-5.16724815e+00,-2.17080471e+01,1.00020444e-09
50,1.24012356e+00,3.92971443e-08,94,19,0,57,normal_corr_dominates,5.88091292e+00,1.00000000e+00,2.49999434e+07,-5.66299612e+01,-8.23000696e+00,-4.83999543e+01,1.00005928e-09
50,1.24012356e+00,3.92971443e-08,94,19,0,57,corr_ratio_high,2.29302350e+00,5.00000000e-01,2.49999434e+07,-5.66299612e+01,-8.23000696e+00,-4.83999543e+01,1.00005928e-09
50,1.24012356e+00,3.92971443e-08,94,19,1,58,normal_corr_dominates,4.60719146e+00,1.00000000e+00,2.50000297e+07,2.96872109e+01,-8.23000696e+00,3.79172178e+01,1.00020569e-09
50,1.24012356e+00,3.92971443e-08,94,20,0,60,normal_corr_dominates,2.11119457e+00,1.00000000e+00,2.50000059e+07,5.85341963e+00,-5.26768200e+00,1.11211016e+01,1.00017901e-09
50,1.24012356e+00,3.92971443e-08,94,20,1,61,normal_corr_dominates,3.45740181e+00,1.00000000e+00,2.49999765e+07,-2.34801753e+01,-5.26768200e+00,-1.82124933e+01,1.00020567e-09
50,1.24012356e+00,3.92971443e-08,94,20,2,62,normal_corr_dominates,5.04589268e+00,1.00000000e+00,2.49999682e+07,-3.18478400e+01,-5.26768200e+00,-2.65801580e+01,1.00021467e-09
50,1.24012356e+00,3.92971443e-08,94,21,2,65,normal_corr_dominates,2.92106674e+00,1.00000000e+00,2.50000264e+07,2.64180263e+01,-1.37517484e+01,4.01697747e+01,1.00017361e-09
50,1.24012356e+00,3.92971443e-08,94,22,2,68,normal_corr_dominates,2.31285198e+00,1.00000000e+00,2.49999639e+07,-3.60824115e+01,-1.08916461e+01,-2.51907653e+01,1.00020792e-09
50,1.24012356e+00,3.92971443e-08,94,23,0,69,normal_corr_dominates,3.25343569e+00,1.00000000e+00,2.49999722e+07,-2.78433939e+01,-6.54609495e+00,-2.12972990e+01,1.00023377e-09
50,1.24012356e+00,3.92971443e-08,94,23,1,70,normal_corr_dominates,1.20892754e+00,1.00000000e+00,2.50000014e+07,1.36765955e+00,-6.54609495e+00,7.91375450e+00,1.00024652e-09
50,1.24012356e+00,3.92971443e-08,94,23,2,71,normal_corr_dominates,3.52019776e+00,1.00000000e+00,2.50000165e+07,1.64974539e+01,-6.54609495e+00,2.30435488e+01,1.00020727e-09
50,1.24012356e+00,3.92971443e-08,94,25,0,75,normal_corr_dominates,1.76418336e+01,1.00000000e+00,2.50000352e+07,3.52002801e+01,-2.11516837e+00,3.73154485e+01,1.00026969e-09
50,1.24012356e+00,3.92971443e-08,94,25,1,76,normal_corr_dominates,2.07014904e+01,1.00000000e+00,2.49999541e+07,-4.59023063e+01,-2.11516837e+00,-4.37871379e+01,1.00022321e-09
50,1.24012356e+00,3.92971443e-08,94,25,1,76,corr_ratio_high,6.13449275e-01,5.00000000e-01,2.49999541e+07,-4.59023063e+01,-2.11516837e+00,-4.37871379e+01,1.00022321e-09
50,1.24012356e+00,3.92971443e-08,94,25,2,77,normal_corr_dominates,1.73592682e+01,1.00000000e+00,2.49999612e+07,-3.88329435e+01,-2.11516837e+00,-3.67177751e+01,1.00027751e-09
50,1.24012356e+00,3.92971443e-08,94,26,0,78,normal_corr_dominates,1.14701544e+00,1.00000000e+00,2.50000009e+07,9.33028393e-01,-6.34646527e+00,7.27949366e+00,1.00028458e-09
50,1.24012356e+00,3.92971443e-08,94,26,1,79,normal_corr_dominates,2.30950907e+00,1.00000000e+00,2.50000083e+07,8.31075381e+00,-6.34646527e+00,1.46572191e+01,1.00019132e-09
50,1.24012356e+00,3.92971443e-08,94,26,2,80,normal_corr_dominates,6.33277597e+00,1.00000000e+00,2.49999535e+07,-4.65372080e+01,-6.34646527e+00,-4.01907428e+01,1.00026370e-09
50,1.24012356e+00,3.92971443e-08,94,28,0,84,normal_corr_dominates,5.51624482e+00,1.00000000e+00,2.49999119e+07,-8.80592813e+01,-1.35138080e+01,-7.45454733e+01,1.00033524e-09
50,1.24012356e+00,3.92971443e-08,94,28,2,86,normal_corr_dominates,1.44030875e+00,1.00000000e+00,2.50000060e+07,5.95024785e+00,-1.35138080e+01,1.94640559e+01,1.00020524e-09
50,1.24012356e+00,3.92971443e-08,94,29,0,87,normal_corr_dominates,5.41480050e+00,1.00000000e+00,2.50000210e+07,2.10142548e+01,-4.75995569e+00,2.57742105e+01,1.00030188e-09
50,1.24012356e+00,3.92971443e-08,94,29,1,88,corr_ratio_high,7.43493336e-01,5.00000000e-01,2.49999986e+07,-1.44063272e+00,-4.75995569e+00,3.31932297e+00,1.00015049e-09
50,1.24012356e+00,3.92971443e-08,94,29,2,89,normal_corr_dominates,4.68798502e+00,1.00000000e+00,2.49999729e+07,-2.70745567e+01,-4.75995569e+00,-2.23146010e+01,1.00021536e-09
50,1.24012356e+00,3.92971443e-08,94,30,1,91,normal_corr_dominates,1.67751394e+00,1.00000000e+00,2.49999709e+07,-2.91160906e+01,-1.08743003e+01,-1.82417903e+01,1.00023212e-09
50,1.24012356e+00,3.92971443e-08,94,32,0,96,normal_corr_dominates,1.53004893e+02,1.00000000e+00,2.49999434e+07,-5.65551171e+01,-3.67229352e-01,-5.61878877e+01,1.00027683e-09
50,1.24012356e+00,3.92971443e-08,94,32,1,97,normal_corr_dominates,7.47859580e+01,1.00000000e+00,2.50000271e+07,2.70963695e+01,-3.67229352e-01,2.74635989e+01,1.00025267e-09
50,1.24012356e+00,3.92971443e-08,94,32,2,98,normal_corr_dominates,1.73182461e+01,1.00000000e+00,2.49999933e+07,-6.72699766e+00,-3.67229352e-01,-6.35976830e+00,1.00015824e-09
50,1.24012356e+00,3.92971443e-08,94,32,2,98,corr_ratio_high,8.01183859e-01,5.00000000e-01,2.49999933e+07,-6.72699766e+00,-3.67229352e-01,-6.35976830e+00,1.00015824e-09
50,1.24012356e+00,3.92971443e-08,94,31,1,94,normal_corr_dominates,2.15263462e+00,1.00000000e+00,2.50000096e+07,9.64634612e+00,-8.36895404e+00,1.80153002e+01,1.00027334e-09
50,1.24012356e+00,3.92971443e-08,94,31,2,95,normal_corr_dominates,3.51116590e+00,1.00000000e+00,2.49999622e+07,-3.77537401e+01,-8.36895404e+00,-2.93847860e+01,1.00026400e-09
50,1.24012356e+00,3.92971443e-08,94,12,0,36,normal_corr_dominates,1.47952939e+00,1.00000000e+00,2.50000110e+07,1.10010329e+01,-2.29413113e+01,3.39423442e+01,1.00036203e-09
50,1.24012356e+00,3.92971443e-08,94,12,2,38,normal_corr_dominates,2.36567179e+00,1.00000000e+00,2.50000313e+07,3.13303018e+01,-2.29413113e+01,5.42716131e+01,1.00009889e-09
50,1.24012356e+00,3.92971443e-08,94,12,2,38,corr_ratio_high,1.50707026e+00,5.00000000e-01,2.50000313e+07,3.13303018e+01,-2.29413113e+01,5.42716131e+01,1.00009889e-09
