step,time_s,time_yr,rank,fi,dof,owned_dof_idx,event,value,threshold,sigma_n_eff,normal_traction,normal_stress,normal_corr,V_mag
1,1.00000000e-02,3.16880878e-10,90,0,0,0,normal_corr_dominates,3.29556737e+00,1.00000000e+00,2.50000001e+07,6.80918156e-02,-2.96623033e-02,9.77541189e-02,1.00000293e-09
1,1.00000000e-02,3.16880878e-10,90,0,1,1,normal_corr_dominates,6.50998489e+00,1.00000000e+00,2.50000002e+07,1.63438843e-01,-2.96623033e-02,1.93101146e-01,1.00000205e-09
1,1.00000000e-02,3.16880878e-10,90,0,2,2,corr_ratio_high,2.48275271e+00,5.00000000e-01,2.50000000e+07,-3.74504598e-02,-2.96623033e-02,-7.78815648e-03,1.00000065e-09
1,1.00000000e-02,3.16880878e-10,90,1,0,3,normal_corr_dominates,2.51507294e+00,1.00000000e+00,2.50000001e+07,1.35800410e-01,-8.96329192e-02,2.25433330e-01,1.00000243e-09
1,1.00000000e-02,3.16880878e-10,90,3,1,10,normal_corr_dominates,3.00630303e+00,1.00000000e+00,2.50000002e+07,1.63198202e-01,-8.13427479e-02,2.44540950e-01,1.00000243e-09
1,1.00000000e-02,3.16880878e-10,90,3,2,11,normal_corr_dominates,2.82136140e+00,1.00000000e+00,2.50000001e+07,1.48154541e-01,-8.13427479e-02,2.29497289e-01,1.00000153e-09
1,1.00000000e-02,3.16880878e-10,90,3,2,11,corr_ratio_high,6.43843821e-01,5.00000000e-01,2.50000001e+07,1.48154541e-01,-8.13427479e-02,2.29497289e-01,1.00000153e-09
1,1.00000000e-02,3.16880878e-10,90,4,0,12,normal_corr_dominates,1.52590391e+01,1.00000000e+00,2.50000001e+07,1.26000271e-01,-8.83651909e-03,1.34836790e-01,1.00000245e-09
1,1.00000000e-02,3.16880878e-10,90,4,1,13,normal_corr_dominates,3.62056586e+01,1.00000000e+00,2.50000003e+07,3.11095474e-01,-8.83651909e-03,3.19931993e-01,1.00000137e-09
1,1.00000000e-02,3.16880878e-10,90,4,1,13,corr_ratio_high,5.33870538e-01,5.00000000e-01,2.50000003e+07,3.11095474e-01,-8.83651909e-03,3.19931993e-01,1.00000137e-09
1,1.00000000e-02,3.16880878e-10,90,4,2,14,normal_corr_dominates,1.29434937e+00,1.00000000e+00,2.50000000e+07,2.60102380e-03,-8.83651909e-03,1.14375429e-02,1.00000295e-09
1,1.00000000e-02,3.16880878e-10,90,5,0,15,normal_corr_dominates,7.92842290e+01,1.00000000e+00,2.50000004e+07,4.44972505e-01,5.54246470e-03,4.39430040e-01,1.00000122e-09
1,1.00000000e-02,3.16880878e-10,90,5,1,16,normal_corr_dominates,1.13665473e+02,1.00000000e+00,2.49999994e+07,-6.24444405e-01,5.54246470e-03,-6.29986869e-01,1.00000359e-09
1,1.00000000e-02,3.16880878e-10,90,5,2,17,normal_corr_dominates,1.29089639e+01,1.00000000e+00,2.50000001e+07,7.70899415e-02,5.54246470e-03,7.15474768e-02,1.00000036e-09
1,1.00000000e-02,3.16880878e-10,90,5,2,17,corr_ratio_high,4.03038508e+00,5.00000000e-01,2.50000001e+07,7.70899415e-02,5.54246470e-03,7.15474768e-02,1.00000036e-09
1,1.00000000e-02,3.16880878e-10,90,6,0,18,normal_corr_dominates,1.59915815e+00,1.00000000e+00,2.49999997e+07,-3.37399496e-01,-1.29811068e-01,-2.07588428e-01,1.00000111e-09
1,1.00000000e-02,3.16880878e-10,90,6,0,18,corr_ratio_high,1.33664327e+00,5.00000000e-01,2.49999997e+07,-3.37399496e-01,-1.29811068e-01,-2.07588428e-01,1.00000111e-09
1,1.00000000e-02,3.16880878e-10,90,6,1,19,normal_corr_dominates,2.41240598e+00,1.00000000e+00,2.50000002e+07,1.83345930e-01,-1.29811068e-01,3.13156998e-01,1.00000385e-09
1,1.00000000e-02,3.16880878e-10,90,6,1,19,corr_ratio_high,5.55844743e-01,5.00000000e-01,2.50000002e+07,1.83345930e-01,-1.29811068e-01,3.13156998e-01,1.00000385e-09
1,1.00000000e-02,3.16880878e-10,90,6,2,20,normal_corr_dominates,1.28944165e+00,1.00000000e+00,2.49999997e+07,-2.97194867e-01,-1.29811068e-01,-1.67383798e-01,1.00000128e-09
1,1.00000000e-02,3.16880878e-10,90,6,2,20,corr_ratio_high,8.68458222e-01,5.00000000e-01,2.49999997e+07,-2.97194867e-01,-1.29811068e-01,-1.67383798e-01,1.00000128e-09
1,1.00000000e-02,3.16880878e-10,90,7,0,21,normal_corr_dominates,1.35280163e+01,1.00000000e+00,2.50000003e+07,3.18733211e-01,-2.54416345e-02,3.44174845e-01,1.00000171e-09
1,1.00000000e-02,3.16880878e-10,90,7,1,22,normal_corr_dominates,8.77881923e+00,1.00000000e+00,2.50000002e+07,1.97905876e-01,-2.54416345e-02,2.23347510e-01,1.00000190e-09
1,1.00000000e-02,3.16880878e-10,90,7,2,23,normal_corr_dominates,3.21160590e+00,1.00000000e+00,2.49999999e+07,-1.07150138e-01,-2.54416345e-02,-8.17085034e-02,1.00000107e-09
1,1.00000000e-02,3.16880878e-10,90,7,2,23,corr_ratio_high,5.95859286e-01,5.00000000e-01,2.49999999e+07,-1.07150138e-01,-2.54416345e-02,-8.17085034e-02,1.00000107e-09
1,1.00000000e-02,3.16880878e-10,90,8,0,24,normal_corr_dominates,2.00987044e+00,1.00000000e+00,2.50000001e+07,1.38146076e-01,-1.36795841e-01,2.74941917e-01,1.00000187e-09
1,1.00000000e-02,3.16880878e-10,90,8,1,25,normal_corr_dominates,1.11654245e+00,1.00000000e+00,2.50000000e+07,1.59425218e-02,-1.36795841e-01,1.52738363e-01,1.00000387e-09
1,1.00000000e-02,3.16880878e-10,90,8,1,25,corr_ratio_high,5.75912176e-01,5.00000000e-01,2.50000000e+07,1.59425218e-02,-1.36795841e-01,1.52738363e-01,1.00000387e-09
1,1.00000000e-02,3.16880878e-10,90,8,2,26,corr_ratio_high,6.99241188e-01,5.00000000e-01,2.49999998e+07,-2.30725262e-01,-1.36795841e-01,-9.39294207e-02,1.00000132e-09
1,1.00000000e-02,3.16880878e-10,90,9,2,29,normal_corr_dominates,1.83800812e+00,1.00000000e+00,2.50000001e+07,8.88602695e-02,-1.06037481e-01,1.94897750e-01,1.00000165e-09
1,1.00000000e-02,3.16880878e-10,90,10,2,32,normal_corr_dominates,1.94164761e+00,1.00000000e+00,2.50000001e+07,1.24872266e-01,-1.32610399e-01,2.57482664e-01,1.00000162e-09
1,1.00000000e-02,3.16880878e-10,90,11,0,33,normal_corr_dominates,1.24171862e+01,1.00000000e+00,2.50000003e+07,3.26362207e-01,-2.85851700e-02,3.54947377e-01,1.00000217e-09
1,1.00000000e-02,3.16880878e-10,90,11,1,34,corr_ratio_high,1.77340192e+00,5.00000000e-01,2.50000000e+07,-2.80991996e-02,-2.85851700e-02,4.85970379e-04,1.00000071e-09
1,1.00000000e-02,3.16880878e-10,90,11,2,35,normal_corr_dominates,5.26029652e+00,1.00000000e+00,2.49999998e+07,-1.78951640e-01,-2.85851700e-02,-1.50366470e-01,1.00000195e-09
1,1.00000000e-02,3.16880878e-10,90,12,1,37,normal_corr_dominates,1.65457813e+00,1.00000000e+00,2.50000001e+07,6.08664062e-02,-9.29857015e-02,1.53852108e-01,1.00000201e-09
1,1.00000000e-02,3.16880878e-10,90,14,0,42,normal_corr_dominates,3.66514120e+00,1.00000000e+00,2.49999999e+07,-7.52488049e-02,2.82344533e-02,-1.03483258e-01,1.00000154e-09
1,1.00000000e-02,3.16880878e-10,90,14,1,43,normal_corr_dominates,1.51958383e+01,1.00000000e+00,2.49999996e+07,-4.00811733e-01,2.82344533e-02,-4.29046186e-01,1.00000154e-09
1,1.00000000e-02,3.16880878e-10,90,14,2,44,normal_corr_dominates,8.86716404e+00,1.00000000e+00,2.50000003e+07,2.78593983e-01,2.82344533e-02,2.50359529e-01,1.00000203e-09
1,1.00000000e-02,3.16880878e-10,90,15,0,45,normal_corr_dominates,1.36425220e+00,1.00000000e+00,2.49999999e+07,-1.34250077e-01,-5.67833149e-02,-7.74667624e-02,1.00000150e-09
1,1.00000000e-02,3.16880878e-10,90,15,1,46,normal_corr_dominates,2.24652591e+00,1.00000000e+00,2.49999998e+07,-1.84348503e-01,-5.67833149e-02,-1.27565188e-01,1.00000222e-09
1,1.00000000e-02,3.16880878e-10,90,15,2,47,normal_corr_dominates,1.86720961e+00,1.00000000e+00,2.49999998e+07,-1.62809666e-01,-5.67833149e-02,-1.06026351e-01,1.00000167e-09
1,1.00000000e-02,3.16880878e-10,90,17,0,51,normal_corr_dominates,5.00931070e+01,1.00000000e+00,2.49999997e+07,-3.23731876e-01,-6.33611647e-03,-3.17395760e-01,1.00000275e-09
1,1.00000000e-02,3.16880878e-10,90,17,1,52,normal_corr_dominates,2.52729781e+01,1.00000000e+00,2.49999998e+07,-1.66468649e-01,-6.33611647e-03,-1.60132533e-01,9.99999800e-10
1,1.00000000e-02,3.16880878e-10,90,17,1,52,corr_ratio_high,4.80209878e+00,5.00000000e-01,2.49999998e+07,-1.66468649e-01,-6.33611647e-03,-1.60132533e-01,9.99999800e-10
1,1.00000000e-02,3.16880878e-10,90,17,2,53,normal_corr_dominates,2.68196506e+01,1.00000000e+00,2.50000002e+07,1.63596313e-01,-6.33611647e-03,1.69932430e-01,1.00000338e-09
1,1.00000000e-02,3.16880878e-10,90,18,0,54,normal_corr_dominates,4.65717874e+00,1.00000000e+00,2.50000002e+07,1.82948631e-01,-5.00245256e-02,2.32973157e-01,1.00000200e-09
1,1.00000000e-02,3.16880878e-10,90,18,1,55,normal_corr_dominates,2.03549790e+00,1.00000000e+00,2.49999998e+07,-1.51849342e-01,-5.00245256e-02,-1.01824817e-01,1.00000138e-09
1,1.00000000e-02,3.16880878e-10,90,18,2,56,normal_corr_dominates,1.51408268e+00,1.00000000e+00,2.49999999e+07,-1.25765793e-01,-5.00245256e-02,-7.57412675e-02,1.00000173e-09
1,1.00000000e-02,3.16880878e-10,90,19,0,57,corr_ratio_high,2.22302467e+00,5.00000000e-01,2.49999999e+07,-1.13612855e-01,-1.31087270e-01,1.74744155e-02,1.00000064e-09
1,1.00000000e-02,3.16880878e-10,90,19,1,58,corr_ratio_high,5.87623870e-01,5.00000000e-01,2.50000000e+07,-3.61688344e-02,-1.31087270e-01,9.49184359e-02,1.00000394e-09
1,1.00000000e-02,3.16880878e-10,90,20,2,62,normal_corr_dominates,1.34891668e+00,1.00000000e+00,2.50000000e+07,3.27628877e-02,-9.38988858e-02,1.26661774e-01,1.00000178e-09
1,1.00000000e-02,3.16880878e-10,90,21,0,63,normal_corr_dominates,1.30070190e+00,1.00000000e+00,2.49999998e+07,-1.74635422e-01,-7.59052798e-02,-9.87301417e-02,1.00000166e-09
1,1.00000000e-02,3.16880878e-10,90,21,1,64,normal_corr_dominates,3.95487626e+00,1.00000000e+00,2.50000002e+07,2.24290710e-01,-7.59052798e-02,3.00195990e-01,1.00000200e-09
1,1.00000000e-02,3.16880878e-10,90,21,2,65,normal_corr_dominates,1.85027807e+00,1.00000000e+00,2.49999998e+07,-2.16351154e-01,-7.59052798e-02,-1.40445874e-01,1.00000238e-09
1,1.00000000e-02,3.16880878e-10,90,22,0,66,normal_corr_dominates,1.35630841e+01,1.00000000e+00,2.49999998e+07,-1.79069956e-01,1.42536622e-02,-1.93323619e-01,1.00000151e-09
1,1.00000000e-02,3.16880878e-10,90,22,1,67,normal_corr_dominates,1.34896842e+01,1.00000000e+00,2.49999998e+07,-1.78023740e-01,1.42536622e-02,-1.92277402e-01,1.00000220e-09
1,1.00000000e-02,3.16880878e-10,90,22,2,68,normal_corr_dominates,6.93944472e+00,1.00000000e+00,2.50000001e+07,1.13166163e-01,1.42536622e-02,9.89125009e-02,1.00000268e-09
1,1.00000000e-02,3.16880878e-10,90,24,0,72,corr_ratio_high,1.20845052e+00,5.00000000e-01,2.50000000e+07,-4.75310545e-02,-1.11246377e-01,6.37153229e-02,1.00000091e-09
1,1.00000000e-02,3.16880878e-10,90,24,1,73,normal_corr_dominates,1.21900241e+00,1.00000000e+00,2.49999998e+07,-2.46855979e-01,-1.11246377e-01,-1.35609602e-01,1.00000217e-09
1,1.00000000e-02,3.16880878e-10,90,25,1,76,normal_corr_dominates,5.17576506e+00,1.00000000e+00,2.50000002e+07,1.79119709e-01,-4.28950639e-02,2.22014773e-01,1.00000274e-09
1,1.00000000e-02,3.16880878e-10,90,25,2,77,normal_corr_dominates,6.00467935e+00,1.00000000e+00,2.50000002e+07,2.14676040e-01,-4.28950639e-02,2.57571104e-01,1.00000068e-09
1,1.00000000e-02,3.16880878e-10,90,25,2,77,corr_ratio_high,2.05244230e+00,5.00000000e-01,2.50000002e+07,2.14676040e-01,-4.28950639e-02,2.57571104e-01,1.00000068e-09
1,1.00000000e-02,3.16880878e-10,90,16,0,48,normal_corr_dominates,8.34825922e+00,1.00000000e+00,2.49999995e+07,-4.50132716e-01,-4.81515013e-02,-4.01981214e-01,1.00000117e-09
1,1.00000000e-02,3.16880878e-10,90,16,0,48,corr_ratio_high,1.48207992e+00,5.00000000e-01,2.49999995e+07,-4.50132716e-01,-4.81515013e-02,-4.01981214e-01,1.00000117e-09
1,1.00000000e-02,3.16880878e-10,90,16,1,49,normal_corr_dominates,2.73654508e+00,1.00000000e+00,2.50000001e+07,8.36172528e-02,-4.81515013e-02,1.31768754e-01,1.00000233e-09
1,1.00000000e-02,3.16880878e-10,90,16,2,50,normal_corr_dominates,1.54709314e+00,1.00000000e+00,2.50000000e+07,2.63433562e-02,-4.81515013e-02,7.44948575e-02,1.00000266e-09
2,2.87484385e-02,9.10983044e-10,90,0,0,0,normal_corr_dominates,3.28012829e+00,1.00000000e+00,2.50000002e+07,1.93905790e-01,-8.50416142e-02,2.78947404e-01,1.00000835e-09
2,2.87484385e-02,9.10983044e-10,90,0,1,1,normal_corr_dominates,6.47405352e+00,1.00000000e+00,2.50000005e+07,4.65522347e-01,-8.50416142e-02,5.50563962e-01,1.00000584e-09
2,2.87484385e-02,9.10983044e-10,90,0,2,2,corr_ratio_high,2.48162433e+00,5.00000000e-01,2.49999999e+07,-1.07124941e-01,-8.50416142e-02,-2.20833263e-02,1.00000185e-09
2,2.87484385e-02,9.10983044e-10,90,1,0,3,normal_corr_dominates,2.51011047e+00,1.00000000e+00,2.50000004e+07,3.86893155e-01,-2.56201889e-01,6.43095044e-01,1.00000694e-09
2,2.87484385e-02,9.10983044e-10,90,3,1,10,normal_corr_dominates,3.00290699e+00,1.00000000e+00,2.50000005e+07,4.65616671e-01,-2.32470441e-01,6.98087112e-01,1.00000694e-09
2,2.87484385e-02,9.10983044e-10,90,3,2,11,normal_corr_dominates,2.81519306e+00,1.00000000e+00,2.50000004e+07,4.21978731e-01,-2.32470441e-01,6.54449172e-01,1.00000438e-09
2,2.87484385e-02,9.10983044e-10,90,3,2,11,corr_ratio_high,6.44237411e-01,5.00000000e-01,2.50000004e+07,4.21978731e-01,-2.32470441e-01,6.54449172e-01,1.00000438e-09
2,2.87484385e-02,9.10983044e-10,90,4,0,12,normal_corr_dominates,1.48786333e+01,1.00000000e+00,2.50000004e+07,3.58709555e-01,-2.58461729e-02,3.84555728e-01,1.00000699e-09
2,2.87484385e-02,9.10983044e-10,90,4,1,13,normal_corr_dominates,3.53251869e+01,1.00000000e+00,2.50000009e+07,8.87174715e-01,-2.58461729e-02,9.13020888e-01,1.00000391e-09
2,2.87484385e-02,9.10983044e-10,90,4,1,13,corr_ratio_high,5.33915277e-01,5.00000000e-01,2.50000009e+07,8.87174715e-01,-2.58461729e-02,9.13020888e-01,1.00000391e-09
2,2.87484385e-02,9.10983044e-10,90,4,2,14,normal_corr_dominates,1.25269741e+00,1.00000000e+00,2.50000000e+07,6.53126090e-03,-2.58461729e-02,3.23774338e-02,1.00000842e-09
2,2.87484385e-02,9.10983044e-10,90,5,0,15,normal_corr_dominates,8.26592407e+01,1.00000000e+00,2.50000013e+07,1.26930297e+00,1.51722985e-02,1.25413067e+00,1.00000348e-09
2,2.87484385e-02,9.10983044e-10,90,5,1,16,normal_corr_dominates,1.18506190e+02,1.00000000e+00,2.49999982e+07,-1.78283899e+00,1.51722985e-02,-1.79801129e+00,1.00001024e-09
2,2.87484385e-02,9.10983044e-10,90,5,2,17,normal_corr_dominates,1.34715872e+01,1.00000000e+00,2.50000002e+07,2.19567240e-01,1.51722985e-02,2.04394942e-01,1.00000103e-09
2,2.87484385e-02,9.10983044e-10,90,5,2,17,corr_ratio_high,4.02844227e+00,5.00000000e-01,2.50000002e+07,2.19567240e-01,1.51722985e-02,2.04394942e-01,1.00000103e-09
2,2.87484385e-02,9.10983044e-10,90,6,0,18,normal_corr_dominates,1.59760427e+00,1.00000000e+00,2.49999990e+07,-9.62809532e-01,-3.70652891e-01,-5.92156641e-01,1.00000317e-09
2,2.87484385e-02,9.10983044e-10,90,6,0,18,corr_ratio_high,1.33661264e+00,5.00000000e-01,2.49999990e+07,-9.62809532e-01,-3.70652891e-01,-5.92156641e-01,1.00000317e-09
2,2.87484385e-02,9.10983044e-10,90,6,1,19,normal_corr_dominates,2.41044262e+00,1.00000000e+00,2.50000005e+07,5.22784634e-01,-3.70652891e-01,8.93437525e-01,1.00001100e-09
2,2.87484385e-02,9.10983044e-10,90,6,1,19,corr_ratio_high,5.55858831e-01,5.00000000e-01,2.50000005e+07,5.22784634e-01,-3.70652891e-01,8.93437525e-01,1.00001100e-09
2,2.87484385e-02,9.10983044e-10,90,6,2,20,normal_corr_dominates,1.28885985e+00,1.00000000e+00,2.49999992e+07,-8.48372520e-01,-3.70652891e-01,-4.77719630e-01,1.00000365e-09
2,2.87484385e-02,9.10983044e-10,90,6,2,20,corr_ratio_high,8.68050959e-01,5.00000000e-01,2.49999992e+07,-8.48372520e-01,-3.70652891e-01,-4.77719630e-01,1.00000365e-09
2,2.87484385e-02,9.10983044e-10,90,7,0,21,normal_corr_dominates,1.34329191e+01,1.00000000e+00,2.50000009e+07,9.08990238e-01,-7.31115703e-02,9.82101809e-01,1.00000489e-09
2,2.87484385e-02,9.10983044e-10,90,7,1,22,normal_corr_dominates,8.71751234e+00,1.00000000e+00,2.50000006e+07,5.64239446e-01,-7.31115703e-02,6.37351016e-01,1.00000543e-09
2,2.87484385e-02,9.10983044e-10,90,7,2,23,normal_corr_dominates,3.18826237e+00,1.00000000e+00,2.49999997e+07,-3.06210439e-01,-7.31115703e-02,-2.33098869e-01,1.00000304e-09
2,2.87484385e-02,9.10983044e-10,90,7,2,23,corr_ratio_high,5.95751120e-01,5.00000000e-01,2.49999997e+07,-3.06210439e-01,-7.31115703e-02,-2.33098869e-01,1.00000304e-09
2,2.87484385e-02,9.10983044e-10,90,8,0,24,normal_corr_dominates,2.00731032e+00,1.00000000e+00,2.50000004e+07,3.93638906e-01,-3.90782163e-01,7.84421069e-01,1.00000533e-09
2,2.87484385e-02,9.10983044e-10,90,8,1,25,normal_corr_dominates,1.11360716e+00,1.00000000e+00,2.50000000e+07,4.43956536e-02,-3.90782163e-01,4.35177817e-01,1.00001104e-09
2,2.87484385e-02,9.10983044e-10,90,8,1,25,corr_ratio_high,5.75859034e-01,5.00000000e-01,2.50000000e+07,4.43956536e-02,-3.90782163e-01,4.35177817e-01,1.00001104e-09
2,2.87484385e-02,9.10983044e-10,90,8,2,26,corr_ratio_high,6.99031556e-01,5.00000000e-01,2.49999993e+07,-6.58550470e-01,-3.90782163e-01,-2.67768307e-01,1.00000377e-09
2,2.87484385e-02,9.10983044e-10,90,9,2,29,normal_corr_dominates,1.83449775e+00,1.00000000e+00,2.50000003e+07,2.52861578e-01,-3.03010496e-01,5.55872074e-01,1.00000472e-09
2,2.87484385e-02,9.10983044e-10,90,10,2,32,normal_corr_dominates,1.93858512e+00,1.00000000e+00,2.50000004e+07,3.55546872e-01,-3.78811535e-01,7.34358407e-01,1.00000463e-09
2,2.87484385e-02,9.10983044e-10,90,11,0,33,normal_corr_dominates,1.23335777e+01,1.00000000e+00,2.50000009e+07,9.30511130e-01,-8.21021531e-02,1.01261328e+00,1.00000619e-09
2,2.87484385e-02,9.10983044e-10,90,11,1,34,corr_ratio_high,1.77341284e+00,5.00000000e-01,2.49999999e+07,-8.00179134e-02,-8.21021531e-02,2.08423975e-03,1.00000202e-09
2,2.87484385e-02,9.10983044e-10,90,11,2,35,normal_corr_dominates,5.22598883e+00,1.00000000e+00,2.49999995e+07,-5.11167088e-01,-8.21021531e-02,-4.29064935e-01,1.00000556e-09
2,2.87484385e-02,9.10983044e-10,90,12,1,37,normal_corr_dominates,1.65058591e+00,1.00000000e+00,2.50000002e+07,1.72928583e-01,-2.65804378e-01,4.38732961e-01,1.00000575e-09
2,2.87484385e-02,9.10983044e-10,90,14,0,42,normal_corr_dominates,3.67921004e+00,1.00000000e+00,2.49999998e+07,-2.15023085e-01,8.02561510e-02,-2.95279236e-01,1.00000439e-09
2,2.87484385e-02,9.10983044e-10,90,14,1,43,normal_corr_dominates,1.52545369e+01,1.00000000e+00,2.49999989e+07,-1.14401426e+00,8.02561510e-02,-1.22427041e+00,1.00000439e-09
2,2.87484385e-02,9.10983044e-10,90,14,2,44,normal_corr_dominates,8.90177999e+00,1.00000000e+00,2.50000008e+07,7.94678751e-01,8.02561510e-02,7.14422600e-01,1.00000581e-09
2,2.87484385e-02,9.10983044e-10,90,15,0,45,normal_corr_dominates,1.36136401e+00,1.00000000e+00,2.49999996e+07,-3.83245251e-01,-1.62298252e-01,-2.20946999e-01,1.00000429e-09
2,2.87484385e-02,9.10983044e-10,90,15,1,46,normal_corr_dominates,2.24295271e+00,1.00000000e+00,2.49999995e+07,-5.26325554e-01,-1.62298252e-01,-3.64027303e-01,1.00000635e-09
2,2.87484385e-02,9.10983044e-10,90,15,2,47,normal_corr_dominates,1.86426987e+00,1.00000000e+00,2.49999995e+07,-4.64865992e-01,-1.62298252e-01,-3.02567741e-01,1.00000475e-09
2,2.87484385e-02,9.10983044e-10,90,17,0,51,normal_corr_dominates,4.81291236e+01,1.00000000e+00,2.49999991e+07,-9.24791955e-01,-1.88237015e-02,-9.05968254e-01,1.00000784e-09
2,2.87484385e-02,9.10983044e-10,90,17,1,52,normal_corr_dominates,2.42536531e+01,1.00000000e+00,2.49999995e+07,-4.75367227e-01,-1.88237015e-02,-4.56543526e-01,9.99999429e-10
2,2.87484385e-02,9.10983044e-10,90,17,1,52,corr_ratio_high,4.80358441e+00,5.00000000e-01,2.49999995e+07,-4.75367227e-01,-1.88237015e-02,-4.56543526e-01,9.99999429e-10
2,2.87484385e-02,9.10983044e-10,90,17,2,53,normal_corr_dominates,2.57465322e+01,1.00000000e+00,2.50000005e+07,4.65821334e-01,-1.88237015e-02,4.84645036e-01,1.00000963e-09
2,2.87484385e-02,9.10983044e-10,90,18,0,54,normal_corr_dominates,4.64050809e+00,1.00000000e+00,2.50000005e+07,5.21468873e-01,-1.43240685e-01,6.64709558e-01,1.00000571e-09
2,2.87484385e-02,9.10983044e-10,90,18,1,55,normal_corr_dominates,2.02872020e+00,1.00000000e+00,2.49999996e+07,-4.33835957e-01,-1.43240685e-01,-2.90595272e-01,1.00000394e-09
2,2.87484385e-02,9.10983044e-10,90,18,2,56,normal_corr_dominates,1.50834581e+00,1.00000000e+00,2.49999996e+07,-3.59297171e-01,-1.43240685e-01,-2.16056486e-01,1.00000493e-09
2,2.87484385e-02,9.10983044e-10,90,19,0,57,corr_ratio_high,2.22242130e+00,5.00000000e-01,2.49999997e+07,-3.24540746e-01,-3.74514951e-01,4.99742049e-02,1.00000182e-09
2,2.87484385e-02,9.10983044e-10,90,19,1,58,corr_ratio_high,5.87580408e-01,5.00000000e-01,2.49999999e+07,-1.04243904e-01,-3.74514951e-01,2.70271047e-01,1.00001123e-09
2,2.87484385e-02,9.10983044e-10,90,20,2,62,normal_corr_dominates,1.34609954e+00,1.00000000e+00,2.50000001e+07,9.28765480e-02,-2.68352130e-01,3.61228678e-01,1.00000507e-09
2,2.87484385e-02,9.10983044e-10,90,21,0,63,normal_corr_dominates,1.29912261e+00,1.00000000e+00,2.49999995e+07,-4.98526063e-01,-2.16833179e-01,-2.81692885e-01,1.00000475e-09
2,2.87484385e-02,9.10983044e-10,90,21,1,64,normal_corr_dominates,3.95090446e+00,1.00000000e+00,2.50000006e+07,6.39853993e-01,-2.16833179e-01,8.56687172e-01,1.00000571e-09
2,2.87484385e-02,9.10983044e-10,90,21,2,65,normal_corr_dominates,1.84912316e+00,1.00000000e+00,2.49999994e+07,-6.17784432e-01,-2.16833179e-01,-4.00951253e-01,1.00000680e-09
2,2.87484385e-02,9.10983044e-10,90,22,0,66,normal_corr_dominates,1.37767257e+01,1.00000000e+00,2.49999995e+07,-5.11443172e-01,4.00292834e-02,-5.51472456e-01,1.00000432e-09
2,2.87484385e-02,9.10983044e-10,90,22,1,67,normal_corr_dominates,1.37101377e+01,1.00000000e+00,2.49999995e+07,-5.08777705e-01,4.00292834e-02,-5.48806989e-01,1.00000627e-09
2,2.87484385e-02,9.10983044e-10,90,22,2,68,normal_corr_dominates,7.04858669e+00,1.00000000e+00,2.50000003e+07,3.22179158e-01,4.00292834e-02,2.82149875e-01,1.00000764e-09
2,2.87484385e-02,9.10983044e-10,90,24,0,72,corr_ratio_high,1.20836196e+00,5.00000000e-01,2.49999999e+07,-1.35484839e-01,-3.17886388e-01,1.82401549e-01,1.00000259e-09
2,2.87484385e-02,9.10983044e-10,90,24,1,73,normal_corr_dominates,1.21770112e+00,1.00000000e+00,2.49999993e+07,-7.04976998e-01,-3.17886388e-01,-3.87090610e-01,1.00000618e-09
2,2.87484385e-02,9.10983044e-10,90,25,1,76,normal_corr_dominates,5.15372021e+00,1.00000000e+00,2.50000005e+07,5.10798282e-01,-1.22973685e-01,6.33771967e-01,1.00000781e-09
2,2.87484385e-02,9.10983044e-10,90,25,2,77,normal_corr_dominates,5.97586960e+00,1.00000000e+00,2.50000006e+07,6.11901022e-01,-1.22973685e-01,7.34874708e-01,1.00000193e-09
2,2.87484385e-02,9.10983044e-10,90,25,2,77,corr_ratio_high,2.05344360e+00,5.00000000e-01,2.50000006e+07,6.11901022e-01,-1.22973685e-01,7.34874708e-01,1.00000193e-09
2,2.87484385e-02,9.10983044e-10,90,16,0,48,normal_corr_dominates,8.30624857e+00,1.00000000e+00,2.49999987e+07,-1.28485064e+00,-1.38063220e-01,-1.14678742e+00,1.00000333e-09
2,2.87484385e-02,9.10983044e-10,90,16,0,48,corr_ratio_high,1.48163050e+00,5.00000000e-01,2.49999987e+07,-1.28485064e+00,-1.38063220e-01,-1.14678742e+00,1.00000333e-09
2,2.87484385e-02,9.10983044e-10,90,16,1,49,normal_corr_dominates,2.72276099e+00,1.00000000e+00,2.50000002e+07,2.37849930e-01,-1.38063220e-01,3.75913150e-01,1.00000665e-09
2,2.87484385e-02,9.10983044e-10,90,16,2,50,normal_corr_dominates,1.53873511e+00,1.00000000e+00,2.50000001e+07,7.43795038e-02,-1.38063220e-01,2.12442724e-01,1.00000760e-09
3,5.05458994e-02,1.60170290e-09,90,0,0,0,normal_corr_dominates,3.26426082e+00,1.00000000e+00,2.50000003e+07,3.37659012e-01,-1.49125493e-01,4.86784505e-01,1.00001457e-09
3,5.05458994e-02,1.60170290e-09,90,0,1,1,normal_corr_dominates,6.43736176e+00,1.00000000e+00,2.50000008e+07,8.10849255e-01,-1.49125493e-01,9.59974748e-01,1.00001019e-09
3,5.05458994e-02,1.60170290e-09,90,0,2,2,corr_ratio_high,2.48049797e+00,5.00000000e-01,2.49999998e+07,-1.87392888e-01,-1.49125493e-01,-3.82673950e-02,1.00000322e-09
3,5.05458994e-02,1.60170290e-09,90,1,0,3,normal_corr_dominates,2.50500475e+00,1.00000000e+00,2.50000007e+07,6.74057850e-01,-4.47877558e-01,1.12193541e+00,1.00001212e-09
3,5.05458994e-02,1.60170290e-09,90,3,1,10,normal_corr_dominates,2.99939045e+00,1.00000000e+00,2.50000008e+07,8.12419343e-01,-4.06333513e-01,1.21875286e+00,1.00001212e-09
3,5.05458994e-02,1.60170290e-09,90,3,2,11,normal_corr_dominates,2.80882562e+00,1.00000000e+00,2.50000007e+07,7.34986469e-01,-4.06333513e-01,1.14131998e+00,1.00000764e-09
3,5.05458994e-02,1.60170290e-09,90,3,2,11,corr_ratio_high,6.44607521e-01,5.00000000e-01,2.50000007e+07,7.34986469e-01,-4.06333513e-01,1.14131998e+00,1.00000764e-09
3,5.05458994e-02,1.60170290e-09,90,4,0,12,normal_corr_dominates,1.45122211e+01,1.00000000e+00,2.50000006e+07,6.24515943e-01,-4.62185999e-02,6.70734543e-01,1.00001220e-09
3,5.05458994e-02,1.60170290e-09,90,4,1,13,normal_corr_dominates,3.44756901e+01,1.00000000e+00,2.50000015e+07,1.54719953e+00,-4.62185999e-02,1.59341813e+00,1.00000682e-09
3,5.05458994e-02,1.60170290e-09,90,4,1,13,corr_ratio_high,5.33946966e-01,5.00000000e-01,2.50000015e+07,1.54719953e+00,-4.62185999e-02,1.59341813e+00,1.00000682e-09
3,5.05458994e-02,1.60170290e-09,90,4,2,14,normal_corr_dominates,1.21343949e+00,1.00000000e+00,2.50000000e+07,9.86487434e-03,-4.62185999e-02,5.60834743e-02,1.00001470e-09
3,5.05458994e-02,1.60170290e-09,90,5,0,15,normal_corr_dominates,8.63891287e+01,1.00000000e+00,2.50000022e+07,2.21427734e+00,2.53381327e-02,2.18893920e+00,1.00000607e-09
3,5.05458994e-02,1.60170290e-09,90,5,1,16,normal_corr_dominates,1.23854979e+02,1.00000000e+00,2.49999969e+07,-3.11291575e+00,2.53381327e-02,-3.13825389e+00,1.00001787e-09
3,5.05458994e-02,1.60170290e-09,90,5,2,17,normal_corr_dominates,1.40912355e+01,1.00000000e+00,2.50000004e+07,3.82383728e-01,2.53381327e-02,3.57045595e-01,1.00000179e-09
3,5.05458994e-02,1.60170290e-09,90,5,2,17,corr_ratio_high,4.02627406e+00,5.00000000e-01,2.50000004e+07,3.82383728e-01,2.53381327e-02,3.57045595e-01,1.00000179e-09
3,5.05458994e-02,1.60170290e-09,90,6,0,18,normal_corr_dominates,1.59597309e+00,1.00000000e+00,2.49999983e+07,-1.68027848e+00,-6.47263444e-01,-1.03301504e+00,1.00000553e-09
3,5.05458994e-02,1.60170290e-09,90,6,0,18,corr_ratio_high,1.33655490e+00,5.00000000e-01,2.49999983e+07,-1.68027848e+00,-6.47263444e-01,-1.03301504e+00,1.00000553e-09
3,5.05458994e-02,1.60170290e-09,90,6,1,19,normal_corr_dominates,2.40831277e+00,1.00000000e+00,2.50000009e+07,9.11549371e-01,-6.47263444e-01,1.55881281e+00,1.00001919e-09
3,5.05458994e-02,1.60170290e-09,90,6,1,19,corr_ratio_high,5.55870616e-01,5.00000000e-01,2.50000009e+07,9.11549371e-01,-6.47263444e-01,1.55881281e+00,1.00001919e-09
3,5.05458994e-02,1.60170290e-09,90,6,2,20,normal_corr_dominates,1.28818151e+00,1.00000000e+00,2.49999985e+07,-1.48105624e+00,-6.47263444e-01,-8.33792801e-01,1.00000637e-09
3,5.05458994e-02,1.60170290e-09,90,6,2,20,corr_ratio_high,8.67646463e-01,5.00000000e-01,2.49999985e+07,-1.48105624e+00,-6.47263444e-01,-8.33792801e-01,1.00000637e-09
3,5.05458994e-02,1.60170290e-09,90,7,0,21,normal_corr_dominates,1.33372562e+01,1.00000000e+00,2.50000016e+07,1.58533751e+00,-1.28500007e-01,1.71383752e+00,1.00000853e-09
3,5.05458994e-02,1.60170290e-09,90,7,1,22,normal_corr_dominates,8.65600933e+00,1.00000000e+00,2.50000010e+07,9.83797256e-01,-1.28500007e-01,1.11229726e+00,1.00000948e-09
3,5.05458994e-02,1.60170290e-09,90,7,2,23,normal_corr_dominates,3.16497683e+00,1.00000000e+00,2.49999995e+07,-5.35199553e-01,-1.28500007e-01,-4.06699546e-01,1.00000531e-09
3,5.05458994e-02,1.60170290e-09,90,7,2,23,corr_ratio_high,5.95635512e-01,5.00000000e-01,2.49999995e+07,-5.35199553e-01,-1.28500007e-01,-4.06699546e-01,1.00000531e-09
3,5.05458994e-02,1.60170290e-09,90,8,0,24,normal_corr_dominates,2.00465089e+00,1.00000000e+00,2.50000007e+07,6.85909333e-01,-6.82734012e-01,1.36864335e+00,1.00000929e-09
3,5.05458994e-02,1.60170290e-09,90,8,1,25,normal_corr_dominates,1.11071876e+00,1.00000000e+00,2.50000001e+07,7.55914598e-02,-6.82734012e-01,7.58325472e-01,1.00001927e-09
3,5.05458994e-02,1.60170290e-09,90,8,1,25,corr_ratio_high,5.75803492e-01,5.00000000e-01,2.50000001e+07,7.55914598e-02,-6.82734012e-01,7.58325472e-01,1.00001927e-09
3,5.05458994e-02,1.60170290e-09,90,8,2,26,corr_ratio_high,6.98808156e-01,5.00000000e-01,2.49999989e+07,-1.14957006e+00,-6.82734012e-01,-4.66836047e-01,1.00000659e-09
3,5.05458994e-02,1.60170290e-09,90,9,2,29,normal_corr_dominates,1.83093019e+00,1.00000000e+00,2.50000004e+07,4.40024783e-01,-5.29556862e-01,9.69581644e-01,1.00000824e-09
3,5.05458994e-02,1.60170290e-09,90,10,2,32,normal_corr_dominates,1.93546352e+00,1.00000000e+00,2.50000006e+07,6.19085144e-01,-6.61795068e-01,1.28088021e+00,1.00000809e-09
3,5.05458994e-02,1.60170290e-09,90,11,0,33,normal_corr_dominates,1.22494530e+01,1.00000000e+00,2.50000016e+07,1.62248577e+00,-1.44227970e-01,1.76671374e+00,1.00001080e-09
3,5.05458994e-02,1.60170290e-09,90,11,1,34,corr_ratio_high,1.77340632e+00,5.00000000e-01,2.49999999e+07,-1.39371442e-01,-1.44227970e-01,4.85652835e-03,1.00000352e-09
3,5.05458994e-02,1.60170290e-09,90,11,2,35,normal_corr_dominates,5.19143452e+00,1.00000000e+00,2.49999991e+07,-8.92978035e-01,-1.44227970e-01,-7.48750064e-01,1.00000971e-09
3,5.05458994e-02,1.60170290e-09,90,12,1,37,normal_corr_dominates,1.64652642e+00,1.00000000e+00,2.50000003e+07,3.00435622e-01,-4.64691946e-01,7.65127568e-01,1.00001003e-09
3,5.05458994e-02,1.60170290e-09,90,14,0,42,normal_corr_dominates,3.69395118e+00,1.00000000e+00,2.49999996e+07,-3.75778447e-01,1.39489702e-01,-5.15268149e-01,1.00000767e-09
3,5.05458994e-02,1.60170290e-09,90,14,1,43,normal_corr_dominates,1.53161544e+01,1.00000000e+00,2.49999980e+07,-1.99695611e+00,1.39489702e-01,-2.13644582e+00,1.00000767e-09
3,5.05458994e-02,1.60170290e-09,90,14,2,44,normal_corr_dominates,8.93818814e+00,1.00000000e+00,2.50000014e+07,1.38627490e+00,1.39489702e-01,1.24678520e+00,1.00001013e-09
3,5.05458994e-02,1.60170290e-09,90,15,0,45,normal_corr_dominates,1.35835422e+00,1.00000000e+00,2.49999993e+07,-6.69107452e-01,-2.83717961e-01,-3.85389491e-01,1.00000749e-09
3,5.05458994e-02,1.60170290e-09,90,15,1,46,normal_corr_dominates,2.23924868e+00,1.00000000e+00,2.49999991e+07,-9.19033032e-01,-2.83717961e-01,-6.35315071e-01,1.00001108e-09
3,5.05458994e-02,1.60170290e-09,90,15,2,47,normal_corr_dominates,1.86105478e+00,1.00000000e+00,2.49999992e+07,-8.11732631e-01,-2.83717961e-01,-5.28014669e-01,1.00000830e-09
3,5.05458994e-02,1.60170290e-09,90,17,0,51,normal_corr_dominates,4.63070033e+01,1.00000000e+00,2.49999984e+07,-1.61561368e+00,-3.41516808e-02,-1.58146200e+00,1.00001369e-09
3,5.05458994e-02,1.60170290e-09,90,17,1,52,normal_corr_dominates,2.33096324e+01,1.00000000e+00,2.49999992e+07,-8.30214805e-01,-3.41516808e-02,-7.96063124e-01,9.99999005e-10
3,5.05458994e-02,1.60170290e-09,90,17,1,52,corr_ratio_high,4.80511158e+00,5.00000000e-01,2.49999992e+07,-8.30214805e-01,-3.41516808e-02,-7.96063124e-01,9.99999005e-10
3,5.05458994e-02,1.60170290e-09,90,17,2,53,normal_corr_dominates,2.47520218e+01,1.00000000e+00,2.50000008e+07,8.11171468e-01,-3.41516808e-02,8.45323149e-01,1.00001681e-09
3,5.05458994e-02,1.60170290e-09,90,18,0,54,normal_corr_dominates,4.62354491e+00,1.00000000e+00,2.50000009e+07,9.08993301e-01,-2.50857468e-01,1.15985077e+00,1.00000996e-09
3,5.05458994e-02,1.60170290e-09,90,18,1,55,normal_corr_dominates,2.02184160e+00,1.00000000e+00,2.49999992e+07,-7.58051533e-01,-2.50857468e-01,-5.07194065e-01,1.00000688e-09
3,5.05458994e-02,1.60170290e-09,90,18,2,56,normal_corr_dominates,1.50249597e+00,1.00000000e+00,2.49999994e+07,-6.27769803e-01,-2.50857468e-01,-3.76912335e-01,1.00000861e-09
3,5.05458994e-02,1.60170290e-09,90,19,0,57,corr_ratio_high,2.22171301e+00,5.00000000e-01,2.49999994e+07,-5.66998391e-01,-6.54389079e-01,8.73906882e-02,1.00000318e-09
3,5.05458994e-02,1.60170290e-09,90,19,1,58,corr_ratio_high,5.87534309e-01,5.00000000e-01,2.49999998e+07,-1.83704061e-01,-6.54389079e-01,4.70685018e-01,1.00001960e-09
3,5.05458994e-02,1.60170290e-09,90,20,2,62,normal_corr_dominates,1.34322015e+00,1.00000000e+00,2.50000002e+07,1.60984528e-01,-4.69041594e-01,6.30026122e-01,1.00000885e-09
3,5.05458994e-02,1.60170290e-09,90,21,0,63,normal_corr_dominates,1.29742363e+00,1.00000000e+00,2.49999991e+07,-8.70354057e-01,-3.78839169e-01,-4.91514889e-01,1.00000829e-09
3,5.05458994e-02,1.60170290e-09,90,21,1,64,normal_corr_dominates,3.94664174e+00,1.00000000e+00,2.50000011e+07,1.11630331e+00,-3.78839169e-01,1.49514248e+00,1.00000996e-09
3,5.05458994e-02,1.60170290e-09,90,21,2,65,normal_corr_dominates,1.84787366e+00,1.00000000e+00,2.49999989e+07,-1.07888609e+00,-3.78839169e-01,-7.00046922e-01,1.00001186e-09
3,5.05458994e-02,1.60170290e-09,90,22,0,66,normal_corr_dominates,1.40004819e+01,1.00000000e+00,2.49999991e+07,-8.93354861e-01,6.87170575e-02,-9.62071919e-01,1.00000753e-09
3,5.05458994e-02,1.60170290e-09,90,22,1,67,normal_corr_dominates,1.39405659e+01,1.00000000e+00,2.49999991e+07,-8.89237610e-01,6.87170575e-02,-9.57954667e-01,1.00001095e-09
3,5.05458994e-02,1.60170290e-09,90,22,2,68,normal_corr_dominates,7.16299040e+00,1.00000000e+00,2.50000006e+07,5.60936680e-01,6.87170575e-02,4.92219623e-01,1.00001334e-09
3,5.05458994e-02,1.60170290e-09,90,24,0,72,corr_ratio_high,1.20826691e+00,5.00000000e-01,2.49999998e+07,-2.36188758e-01,-5.55542608e-01,3.19353849e-01,1.00000452e-09
3,5.05458994e-02,1.60170290e-09,90,24,1,73,normal_corr_dominates,1.21635155e+00,1.00000000e+00,2.49999988e+07,-1.23127772e+00,-5.55542608e-01,-6.75735114e-01,1.00001079e-09
3,5.05458994e-02,1.60170290e-09,90,25,1,76,normal_corr_dominates,5.13194877e+00,1.00000000e+00,2.50000009e+07,8.90848533e-01,-2.15600091e-01,1.10644862e+00,1.00001363e-09
3,5.05458994e-02,1.60170290e-09,90,25,2,77,normal_corr_dominates,5.94706061e+00,1.00000000e+00,2.50000011e+07,1.06658672e+00,-2.15600091e-01,1.28218681e+00,1.00000336e-09
3,5.05458994e-02,1.60170290e-09,90,25,2,77,corr_ratio_high,2.05436079e+00,5.00000000e-01,2.50000011e+07,1.06658672e+00,-2.15600091e-01,1.28218681e+00,1.00000336e-09
3,5.05458994e-02,1.60170290e-09,90,16,0,48,normal_corr_dominates,8.26429951e+00,1.00000000e+00,2.49999978e+07,-2.24289505e+00,-2.42100878e-01,-2.00079417e+00,1.00000581e-09
3,5.05458994e-02,1.60170290e-09,90,16,0,48,corr_ratio_high,1.48114892e+00,5.00000000e-01,2.49999978e+07,-2.24289505e+00,-2.42100878e-01,-2.00079417e+00,1.00000581e-09
3,5.05458994e-02,1.60170290e-09,90,16,1,49,normal_corr_dominates,2.70895901e+00,1.00000000e+00,2.50000004e+07,4.13740477e-01,-2.42100878e-01,6.55841355e-01,1.00001161e-09
3,5.05458994e-02,1.60170290e-09,90,16,2,50,normal_corr_dominates,1.53046453e+00,1.00000000e+00,2.50000001e+07,1.28425928e-01,-2.42100878e-01,3.70526806e-01,1.00001327e-09
4,7.92731444e-02,2.51201436e-09,90,0,0,0,normal_corr_dominates,3.24669844e+00,1.00000000e+00,2.50000005e+07,5.23781679e-01,-2.33133949e-01,7.56915628e-01,1.00002265e-09
4,7.92731444e-02,2.51201436e-09,90,0,1,1,normal_corr_dominates,6.39639988e+00,1.00000000e+00,2.50000013e+07,1.25808401e+00,-2.33133949e-01,1.49121796e+00,1.00001585e-09
4,7.92731444e-02,2.51201436e-09,90,0,2,2,corr_ratio_high,2.47915104e+00,5.00000000e-01,2.49999997e+07,-2.92176461e-01,-2.33133949e-01,-5.90425123e-02,1.00000502e-09
4,7.92731444e-02,2.51201436e-09,90,1,0,3,normal_corr_dominates,2.49922321e+00,1.00000000e+00,2.50000010e+07,1.04615681e+00,-6.97799240e-01,1.74395605e+00,1.00001884e-09
4,7.92731444e-02,2.51201436e-09,90,3,1,10,normal_corr_dominates,2.99550216e+00,1.00000000e+00,2.50000013e+07,1.26305909e+00,-6.32953006e-01,1.89601209e+00,1.00001885e-09
4,7.92731444e-02,2.51201436e-09,90,3,2,11,normal_corr_dominates,2.80161288e+00,1.00000000e+00,2.50000011e+07,1.14033629e+00,-6.32953006e-01,1.77328930e+00,1.00001188e-09
4,7.92731444e-02,2.51201436e-09,90,3,2,11,corr_ratio_high,6.44990707e-01,5.00000000e-01,2.50000011e+07,1.14033629e+00,-6.32953006e-01,1.77328930e+00,1.00001188e-09
4,7.92731444e-02,2.51201436e-09,90,4,0,12,normal_corr_dominates,1.41247375e+01,1.00000000e+00,2.50000010e+07,9.68556085e-01,-7.37962255e-02,1.04235231e+00,1.00001897e-09
4,7.92731444e-02,2.51201436e-09,90,4,1,13,normal_corr_dominates,3.35753923e+01,1.00000000e+00,2.50000024e+07,2.40394100e+00,-7.37962255e-02,2.47773722e+00,1.00001060e-09
4,7.92731444e-02,2.51201436e-09,90,4,1,13,corr_ratio_high,5.33979802e-01,5.00000000e-01,2.50000024e+07,2.40394100e+00,-7.37962255e-02,2.47773722e+00,1.00001060e-09
4,7.92731444e-02,2.51201436e-09,90,4,2,14,normal_corr_dominates,1.17270706e+00,1.00000000e+00,2.50000000e+07,1.27451294e-02,-7.37962255e-02,8.65413548e-02,1.00002286e-09
4,7.92731444e-02,2.51201436e-09,90,5,0,15,normal_corr_dominates,9.09837144e+01,1.00000000e+00,2.50000034e+07,3.44163534e+00,3.74157030e-02,3.40421963e+00,1.00000945e-09
4,7.92731444e-02,2.51201436e-09,90,5,1,16,normal_corr_dominates,1.30443393e+02,1.00000000e+00,2.49999952e+07,-4.84321556e+00,3.74157030e-02,-4.88063127e+00,1.00002779e-09
4,7.92731444e-02,2.51201436e-09,90,5,2,17,normal_corr_dominates,1.48527182e+01,1.00000000e+00,2.50000006e+07,5.93140595e-01,3.74157030e-02,5.55724892e-01,1.00000279e-09
4,7.92731444e-02,2.51201436e-09,90,5,2,17,corr_ratio_high,4.02361811e+00,5.00000000e-01,2.50000006e+07,5.93140595e-01,3.74157030e-02,5.55724892e-01,1.00000279e-09
4,7.92731444e-02,2.51201436e-09,90,6,0,18,normal_corr_dominates,1.59415313e+00,1.00000000e+00,2.49999974e+07,-2.61286456e+00,-1.00721293e+00,-1.60565164e+00,1.00000860e-09
4,7.92731444e-02,2.51201436e-09,90,6,0,18,corr_ratio_high,1.33645005e+00,5.00000000e-01,2.49999974e+07,-2.61286456e+00,-1.00721293e+00,-1.60565164e+00,1.00000860e-09
4,7.92731444e-02,2.51201436e-09,90,6,1,19,normal_corr_dominates,2.40588514e+00,1.00000000e+00,2.50000014e+07,1.41602569e+00,-1.00721293e+00,2.42323861e+00,1.00002985e-09
4,7.92731444e-02,2.51201436e-09,90,6,1,19,corr_ratio_high,5.55880158e-01,5.00000000e-01,2.50000014e+07,1.41602569e+00,-1.00721293e+00,2.42323861e+00,1.00002985e-09
4,7.92731444e-02,2.51201436e-09,90,6,2,20,normal_corr_dominates,1.28740898e+00,1.00000000e+00,2.49999977e+07,-2.30390790e+00,-1.00721293e+00,-1.29669497e+00,1.00000991e-09
4,7.92731444e-02,2.51201436e-09,90,6,2,20,corr_ratio_high,8.67173736e-01,5.00000000e-01,2.49999977e+07,-2.30390790e+00,-1.00721293e+00,-1.29669497e+00,1.00000991e-09
4,7.92731444e-02,2.51201436e-09,90,7,0,21,normal_corr_dominates,1.32308500e+01,1.00000000e+00,2.50000025e+07,2.46339051e+00,-2.01407956e-01,2.66479847e+00,1.00001327e-09
4,7.92731444e-02,2.51201436e-09,90,7,1,22,normal_corr_dominates,8.58774042e+00,1.00000000e+00,2.50000015e+07,1.52823129e+00,-2.01407956e-01,1.72963925e+00,1.00001474e-09
4,7.92731444e-02,2.51201436e-09,90,7,2,23,normal_corr_dominates,3.13919530e+00,1.00000000e+00,2.49999992e+07,-8.33666867e-01,-2.01407956e-01,-6.32258911e-01,1.00000827e-09
4,7.92731444e-02,2.51201436e-09,90,7,2,23,corr_ratio_high,5.95500127e-01,5.00000000e-01,2.49999992e+07,-8.33666867e-01,-2.01407956e-01,-6.32258911e-01,1.00000827e-09
4,7.92731444e-02,2.51201436e-09,90,8,0,24,normal_corr_dominates,2.00160048e+00,1.00000000e+00,2.50000011e+07,1.06469434e+00,-1.06299304e+00,2.12768738e+00,1.00001445e-09
4,7.92731444e-02,2.51201436e-09,90,8,1,25,normal_corr_dominates,1.10755941e+00,1.00000000e+00,2.50000001e+07,1.14334906e-01,-1.06299304e+00,1.17732794e+00,1.00002997e-09
4,7.92731444e-02,2.51201436e-09,90,8,1,25,corr_ratio_high,5.75739170e-01,5.00000000e-01,2.50000001e+07,1.14334906e-01,-1.06299304e+00,1.17732794e+00,1.00002997e-09
4,7.92731444e-02,2.51201436e-09,90,8,2,26,corr_ratio_high,6.98542142e-01,5.00000000e-01,2.49999982e+07,-1.78814408e+00,-1.06299304e+00,-7.25151046e-01,1.00001024e-09
4,7.92731444e-02,2.51201436e-09,90,9,2,29,normal_corr_dominates,1.82686482e+00,1.00000000e+00,2.50000007e+07,6.81995343e-01,-8.24796664e-01,1.50679201e+00,1.00001282e-09
4,7.92731444e-02,2.51201436e-09,90,10,2,32,normal_corr_dominates,1.93190042e+00,1.00000000e+00,2.50000010e+07,9.60171958e-01,-1.03033751e+00,1.99050947e+00,1.00001258e-09
4,7.92731444e-02,2.51201436e-09,90,11,0,33,normal_corr_dominates,1.21558000e+01,1.00000000e+00,2.50000025e+07,2.52048742e+00,-2.25935156e-01,2.74642258e+00,1.00001680e-09
4,7.92731444e-02,2.51201436e-09,90,11,1,34,corr_ratio_high,1.77335523e+00,5.00000000e-01,2.49999998e+07,-2.16264005e-01,-2.25935156e-01,9.67115149e-03,1.00000548e-09
4,7.92731444e-02,2.51201436e-09,90,11,2,35,normal_corr_dominates,5.15290779e+00,1.00000000e+00,2.49999986e+07,-1.39015818e+00,-2.25935156e-01,-1.16422303e+00,1.00001510e-09
4,7.92731444e-02,2.51201436e-09,90,12,1,37,normal_corr_dominates,1.64192619e+00,1.00000000e+00,2.50000005e+07,4.64778228e-01,-7.24036865e-01,1.18881509e+00,1.00001560e-09
4,7.92731444e-02,2.51201436e-09,90,14,0,42,normal_corr_dominates,3.71101822e+00,1.00000000e+00,2.49999994e+07,-5.85284306e-01,2.15890953e-01,-8.01175258e-01,1.00001192e-09
4,7.92731444e-02,2.51201436e-09,90,14,1,43,normal_corr_dominates,1.53872056e+01,1.00000000e+00,2.49999969e+07,-3.10606751e+00,2.15890953e-01,-3.32195847e+00,1.00001192e-09
4,7.92731444e-02,2.51201436e-09,90,14,2,44,normal_corr_dominates,8.98032563e+00,1.00000000e+00,2.50000022e+07,2.15466201e+00,2.15890953e-01,1.93877106e+00,1.00001575e-09
4,7.92731444e-02,2.51201436e-09,90,15,0,45,normal_corr_dominates,1.35495995e+00,1.00000000e+00,2.49999990e+07,-1.04098935e+00,-4.42041212e-01,-5.98948137e-01,1.00001164e-09
4,7.92731444e-02,2.51201436e-09,90,15,1,46,normal_corr_dominates,2.23500082e+00,1.00000000e+00,2.49999986e+07,-1.43000368e+00,-4.42041212e-01,-9.87962470e-01,1.00001722e-09
4,7.92731444e-02,2.51201436e-09,90,15,2,47,normal_corr_dominates,1.85724340e+00,1.00000000e+00,2.49999987e+07,-1.26301933e+00,-4.42041212e-01,-8.20978123e-01,1.00001291e-09
4,7.92731444e-02,2.51201436e-09,90,17,0,51,normal_corr_dominates,4.44398808e+01,1.00000000e+00,2.49999975e+07,-2.51516466e+00,-5.53514803e-02,-2.45981318e+00,1.00002129e-09
4,7.92731444e-02,2.51201436e-09,90,17,1,52,normal_corr_dominates,2.23435678e+01,1.00000000e+00,2.49999987e+07,-1.29210103e+00,-5.53514803e-02,-1.23674955e+00,9.99998456e-10
4,7.92731444e-02,2.51201436e-09,90,17,1,52,corr_ratio_high,4.80690642e+00,5.00000000e-01,2.49999987e+07,-1.29210103e+00,-5.53514803e-02,-1.23674955e+00,9.99998456e-10
4,7.92731444e-02,2.51201436e-09,90,17,2,53,normal_corr_dominates,2.37338595e+01,1.00000000e+00,2.50000013e+07,1.25835278e+00,-5.53514803e-02,1.31370426e+00,1.00002614e-09
4,7.92731444e-02,2.51201436e-09,90,18,0,54,normal_corr_dominates,4.60445137e+00,1.00000000e+00,2.50000014e+07,1.41161778e+00,-3.91631801e-01,1.80324959e+00,1.00001549e-09
4,7.92731444e-02,2.51201436e-09,90,18,1,55,normal_corr_dominates,2.01409010e+00,1.00000000e+00,2.49999988e+07,-1.18041354e+00,-3.91631801e-01,-7.88781735e-01,1.00001071e-09
4,7.92731444e-02,2.51201436e-09,90,18,2,56,normal_corr_dominates,1.49588320e+00,1.00000000e+00,2.49999990e+07,-9.77467235e-01,-3.91631801e-01,-5.85835433e-01,1.00001339e-09
4,7.92731444e-02,2.51201436e-09,90,19,0,57,corr_ratio_high,2.22077855e+00,5.00000000e-01,2.49999991e+07,-8.82788082e-01,-1.01899030e+00,1.36202218e-01,1.00000495e-09
4,7.92731444e-02,2.51201436e-09,90,19,1,58,corr_ratio_high,5.87479858e-01,5.00000000e-01,2.49999997e+07,-2.88698372e-01,-1.01899030e+00,7.30291929e-01,1.00003047e-09
4,7.92731444e-02,2.51201436e-09,90,20,2,62,normal_corr_dominates,1.33993988e+00,1.00000000e+00,2.50000002e+07,2.48373107e-01,-7.30638339e-01,9.79011446e-01,1.00001376e-09
4,7.92731444e-02,2.51201436e-09,90,21,0,63,normal_corr_dominates,1.29546846e+00,1.00000000e+00,2.49999986e+07,-1.35402296e+00,-5.89867811e-01,-7.64155148e-01,1.00001289e-09
4,7.92731444e-02,2.51201436e-09,90,21,1,64,normal_corr_dominates,3.94172407e+00,1.00000000e+00,2.50000017e+07,1.73522834e+00,-5.89867811e-01,2.32509615e+00,1.00001548e-09
4,7.92731444e-02,2.51201436e-09,90,21,2,65,normal_corr_dominates,1.84641040e+00,1.00000000e+00,2.49999983e+07,-1.67900587e+00,-5.89867811e-01,-1.08913806e+00,1.00001845e-09
4,7.92731444e-02,2.51201436e-09,90,22,0,66,normal_corr_dominates,1.42590966e+01,1.00000000e+00,2.49999986e+07,-1.39057727e+00,1.04877226e-01,-1.49545450e+00,1.00001172e-09
4,7.92731444e-02,2.51201436e-09,90,22,1,67,normal_corr_dominates,1.42063977e+01,1.00000000e+00,2.49999986e+07,-1.38505036e+00,1.04877226e-01,-1.48992758e+00,1.00001702e-09
4,7.92731444e-02,2.51201436e-09,90,22,2,68,normal_corr_dominates,7.29525100e+00,1.00000000e+00,2.50000009e+07,8.69982917e-01,1.04877226e-01,7.65105691e-01,1.00002074e-09
4,7.92731444e-02,2.51201436e-09,90,24,0,72,corr_ratio_high,1.20813178e+00,5.00000000e-01,2.49999996e+07,-3.66835859e-01,-8.65242488e-01,4.98406629e-01,1.00000702e-09
4,7.92731444e-02,2.51201436e-09,90,24,1,73,normal_corr_dominates,1.21480683e+00,1.00000000e+00,2.49999981e+07,-1.91634498e+00,-8.65242488e-01,-1.05110249e+00,1.00001678e-09
4,7.92731444e-02,2.51201436e-09,90,25,1,76,normal_corr_dominates,5.10837323e+00,1.00000000e+00,2.50000014e+07,1.38429777e+00,-3.36945475e-01,1.72124324e+00,1.00002120e-09
4,7.92731444e-02,2.51201436e-09,90,25,2,77,normal_corr_dominates,5.91541711e+00,1.00000000e+00,2.50000017e+07,1.65622755e+00,-3.36945475e-01,1.99317302e+00,1.00000523e-09
4,7.92731444e-02,2.51201436e-09,90,25,2,77,corr_ratio_high,2.05529952e+00,5.00000000e-01,2.50000017e+07,1.65622755e+00,-3.36945475e-01,1.99317302e+00,1.00000523e-09
4,7.92731444e-02,2.51201436e-09,90,16,0,48,normal_corr_dominates,8.21810443e+00,1.00000000e+00,2.49999965e+07,-3.48878432e+00,-3.78470904e-01,-3.11031341e+00,1.00000904e-09
4,7.92731444e-02,2.51201436e-09,90,16,0,48,corr_ratio_high,1.48056662e+00,5.00000000e-01,2.49999965e+07,-3.48878432e+00,-3.78470904e-01,-3.11031341e+00,1.00000904e-09
4,7.92731444e-02,2.51201436e-09,90,16,1,49,normal_corr_dominates,2.69375522e+00,1.00000000e+00,2.50000006e+07,6.41037068e-01,-3.78470904e-01,1.01950797e+00,1.00001805e-09
4,7.92731444e-02,2.51201436e-09,90,16,2,50,normal_corr_dominates,1.52142755e+00,1.00000000e+00,2.50000002e+07,1.97345154e-01,-3.78470904e-01,5.75816058e-01,1.00002063e-09
5,1.17411612e-01,3.72054946e-09,90,0,0,0,normal_corr_dominates,3.22803667e+00,1.00000000e+00,2.50000008e+07,7.66222395e-01,-3.43900262e-01,1.11012266e+00,1.00003322e-09
5,1.17411612e-01,3.72054946e-09,90,0,1,1,normal_corr_dominates,6.35200786e+00,1.00000000e+00,2.50000018e+07,1.84055690e+00,-3.43900262e-01,2.18445717e+00,1.00002325e-09
5,1.17411612e-01,3.72054946e-09,90,0,2,2,corr_ratio_high,2.47747871e+00,5.00000000e-01,2.49999996e+07,-4.29822137e-01,-3.43900262e-01,-8.59218751e-02,1.00000736e-09
5,1.17411612e-01,3.72054946e-09,90,1,0,3,normal_corr_dominates,2.49283857e+00,1.00000000e+00,2.50000015e+07,1.53108817e+00,-1.02562206e+00,2.55671022e+00,1.00002764e-09
5,1.17411612e-01,3.72054946e-09,90,3,1,10,normal_corr_dominates,2.99139049e+00,1.00000000e+00,2.50000019e+07,1.85211384e+00,-9.30060601e-01,2.78217444e+00,1.00002766e-09
5,1.17411612e-01,3.72054946e-09,90,3,2,11,normal_corr_dominates,2.79364624e+00,1.00000000e+00,2.50000017e+07,1.66819970e+00,-9.30060601e-01,2.59826030e+00,1.00001743e-09
5,1.17411612e-01,3.72054946e-09,90,3,2,11,corr_ratio_high,6.45372098e-01,5.00000000e-01,2.50000017e+07,1.66819970e+00,-9.30060601e-01,2.59826030e+00,1.00001743e-09
5,1.17411612e-01,3.72054946e-09,90,4,0,12,normal_corr_dominates,1.37275977e+01,1.00000000e+00,2.50000014e+07,1.41647600e+00,-1.11291701e-01,1.52776770e+00,1.00002782e-09
5,1.17411612e-01,3.72054946e-09,90,4,1,13,normal_corr_dominates,3.26502144e+01,1.00000000e+00,2.50000035e+07,3.52240621e+00,-1.11291701e-01,3.63369791e+00,1.00001555e-09
5,1.17411612e-01,3.72054946e-09,90,4,1,13,corr_ratio_high,5.34025295e-01,5.00000000e-01,2.50000035e+07,3.52240621e+00,-1.11291701e-01,3.63369791e+00,1.00001555e-09
5,1.17411612e-01,3.72054946e-09,90,4,2,14,normal_corr_dominates,1.13184800e+00,1.00000000e+00,2.50000000e+07,1.46735880e-02,-1.11291701e-01,1.25965289e-01,1.00003353e-09
5,1.17411612e-01,3.72054946e-09,90,5,0,15,normal_corr_dominates,9.65944652e+01,1.00000000e+00,2.50000050e+07,5.04498714e+00,5.16933735e-02,4.99329377e+00,1.00001386e-09
5,1.17411612e-01,3.72054946e-09,90,5,1,16,normal_corr_dominates,1.38489037e+02,1.00000000e+00,2.49999929e+07,-7.10727216e+00,5.16933735e-02,-7.15896554e+00,1.00004077e-09
5,1.17411612e-01,3.72054946e-09,90,5,2,17,normal_corr_dominates,1.57808027e+01,1.00000000e+00,2.50000009e+07,8.67456301e-01,5.16933735e-02,8.15762928e-01,1.00000410e-09
5,1.17411612e-01,3.72054946e-09,90,5,2,17,corr_ratio_high,4.02042468e+00,5.00000000e-01,2.50000009e+07,8.67456301e-01,5.16933735e-02,8.15762928e-01,1.00000410e-09
5,1.17411612e-01,3.72054946e-09,90,6,0,18,normal_corr_dominates,1.59222613e+00,1.00000000e+00,2.49999962e+07,-3.83216301e+00,-1.47832898e+00,-2.35383403e+00,1.00001262e-09
5,1.17411612e-01,3.72054946e-09,90,6,0,18,corr_ratio_high,1.33627856e+00,5.00000000e-01,2.49999962e+07,-3.83216301e+00,-1.47832898e+00,-2.35383403e+00,1.00001262e-09
5,1.17411612e-01,3.72054946e-09,90,6,1,19,normal_corr_dominates,2.40326424e+00,1.00000000e+00,2.50000021e+07,2.07448620e+00,-1.47832898e+00,3.55281518e+00,1.00004377e-09
5,1.17411612e-01,3.72054946e-09,90,6,1,19,corr_ratio_high,5.55885921e-01,5.00000000e-01,2.50000021e+07,2.07448620e+00,-1.47832898e+00,3.55281518e+00,1.00004377e-09
5,1.17411612e-01,3.72054946e-09,90,6,2,20,normal_corr_dominates,1.28661239e+00,1.00000000e+00,2.49999966e+07,-3.38036536e+00,-1.47832898e+00,-1.90203638e+00,1.00001454e-09
5,1.17411612e-01,3.72054946e-09,90,6,2,20,corr_ratio_high,8.66607232e-01,5.00000000e-01,2.49999966e+07,-3.38036536e+00,-1.47832898e+00,-1.90203638e+00,1.00001454e-09
5,1.17411612e-01,3.72054946e-09,90,7,0,21,normal_corr_dominates,1.31151652e+01,1.00000000e+00,2.50000036e+07,3.60984237e+00,-2.97960639e-01,3.90780300e+00,1.00001947e-09
5,1.17411612e-01,3.72054946e-09,90,7,1,22,normal_corr_dominates,8.51366950e+00,1.00000000e+00,2.50000022e+07,2.23877776e+00,-2.97960639e-01,2.53673840e+00,1.00002163e-09
5,1.17411612e-01,3.72054946e-09,90,7,2,23,normal_corr_dominates,3.11123430e+00,1.00000000e+00,2.49999988e+07,-1.22498600e+00,-2.97960639e-01,-9.27025358e-01,1.00001213e-09
5,1.17411612e-01,3.72054946e-09,90,7,2,23,corr_ratio_high,5.95345543e-01,5.00000000e-01,2.49999988e+07,-1.22498600e+00,-2.97960639e-01,-9.27025358e-01,1.00001213e-09
5,1.17411612e-01,3.72054946e-09,90,8,0,24,normal_corr_dominates,1.99817599e+00,1.00000000e+00,2.50000016e+07,1.55838786e+00,-1.56123557e+00,3.11962343e+00,1.00002119e-09
5,1.17411612e-01,3.72054946e-09,90,8,1,25,normal_corr_dominates,1.10418488e+00,1.00000000e+00,2.50000002e+07,1.62657148e-01,-1.56123557e+00,1.72389271e+00,1.00004395e-09
5,1.17411612e-01,3.72054946e-09,90,8,1,25,corr_ratio_high,5.75666407e-01,5.00000000e-01,2.50000002e+07,1.62657148e-01,-1.56123557e+00,1.72389271e+00,1.00004395e-09
5,1.17411612e-01,3.72054946e-09,90,8,2,26,corr_ratio_high,6.98229350e-01,5.00000000e-01,2.49999974e+07,-2.62357829e+00,-1.56123557e+00,-1.06234273e+00,1.00001503e-09
5,1.17411612e-01,3.72054946e-09,90,9,2,29,normal_corr_dominates,1.82228457e+00,1.00000000e+00,2.50000010e+07,9.96502589e-01,-1.21187072e+00,2.20837331e+00,1.00001881e-09
5,1.17411612e-01,3.72054946e-09,90,10,2,32,normal_corr_dominates,1.92787481e+00,1.00000000e+00,2.50000014e+07,1.40402100e+00,-1.51315780e+00,2.91717880e+00,1.00001847e-09
5,1.17411612e-01,3.72054946e-09,90,11,0,33,normal_corr_dominates,1.20538537e+01,1.00000000e+00,2.50000037e+07,3.69258521e+00,-3.34054105e-01,4.02663932e+00,1.00002464e-09
5,1.17411612e-01,3.72054946e-09,90,11,1,34,corr_ratio_high,1.77322646e+00,5.00000000e-01,2.49999997e+07,-3.16450787e-01,-3.34054105e-01,1.76033179e-02,1.00000803e-09
5,1.17411612e-01,3.72054946e-09,90,11,2,35,normal_corr_dominates,5.11088189e+00,1.00000000e+00,2.49999980e+07,-2.04136518e+00,-3.34054105e-01,-1.70731107e+00,1.00002215e-09
5,1.17411612e-01,3.72054946e-09,90,12,1,37,normal_corr_dominates,1.63679200e+00,1.00000000e+00,2.50000007e+07,6.77699252e-01,-1.06423959e+00,1.74193884e+00,1.00002288e-09
5,1.17411612e-01,3.72054946e-09,90,14,0,42,normal_corr_dominates,3.73040032e+00,1.00000000e+00,2.49999991e+07,-8.59989951e-01,3.14968448e-01,-1.17495840e+00,1.00001749e-09
5,1.17411612e-01,3.72054946e-09,90,14,1,43,normal_corr_dominates,1.54671988e+01,1.00000000e+00,2.49999954e+07,-4.55671116e+00,3.14968448e-01,-4.87167961e+00,1.00001748e-09
5,1.17411612e-01,3.72054946e-09,90,14,2,44,normal_corr_dominates,9.02803697e+00,1.00000000e+00,2.50000032e+07,3.15851524e+00,3.14968448e-01,2.84354679e+00,1.00002311e-09
5,1.17411612e-01,3.72054946e-09,90,15,0,45,normal_corr_dominates,1.35127155e+00,1.00000000e+00,2.49999985e+07,-1.52767401e+00,-6.49722489e-01,-8.77951518e-01,1.00001708e-09
5,1.17411612e-01,3.72054946e-09,90,15,1,46,normal_corr_dominates,2.23021196e+00,1.00000000e+00,2.49999979e+07,-2.09874136e+00,-6.49722489e-01,-1.44901887e+00,1.00002526e-09
5,1.17411612e-01,3.72054946e-09,90,15,2,47,normal_corr_dominates,1.85284991e+00,1.00000000e+00,2.49999981e+07,-1.85356075e+00,-6.49722489e-01,-1.20383826e+00,1.00001894e-09
5,1.17411612e-01,3.72054946e-09,90,17,0,51,normal_corr_dominates,4.25809427e+01,1.00000000e+00,2.49999963e+07,-3.69332936e+00,-8.47464311e-02,-3.60858293e+00,1.00003122e-09
5,1.17411612e-01,3.72054946e-09,90,17,1,52,normal_corr_dominates,2.13829047e+01,1.00000000e+00,2.49999981e+07,-1.89687129e+00,-8.47464311e-02,-1.81212486e+00,9.99997740e-10
5,1.17411612e-01,3.72054946e-09,90,17,1,52,corr_ratio_high,4.80900355e+00,5.00000000e-01,2.49999981e+07,-1.89687129e+00,-8.47464311e-02,-1.81212486e+00,9.99997740e-10
5,1.17411612e-01,3.72054946e-09,90,17,2,53,normal_corr_dominates,2.27211094e+01,1.00000000e+00,2.50000018e+07,1.84078650e+00,-8.47464311e-02,1.92553293e+00,1.00003834e-09
5,1.17411612e-01,3.72054946e-09,90,18,0,54,normal_corr_dominates,4.58340482e+00,1.00000000e+00,2.50000021e+07,2.06725658e+00,-5.76897303e-01,2.64415388e+00,1.00002272e-09
5,1.17411612e-01,3.72054946e-09,90,18,1,55,normal_corr_dominates,2.00551205e+00,1.00000000e+00,2.49999983e+07,-1.73387180e+00,-5.76897303e-01,-1.15697450e+00,1.00001571e-09
5,1.17411612e-01,3.72054946e-09,90,18,2,56,normal_corr_dominates,1.48854535e+00,1.00000000e+00,2.49999986e+07,-1.43563510e+00,-5.76897303e-01,-8.58737798e-01,1.00001963e-09
5,1.17411612e-01,3.72054946e-09,90,19,0,57,corr_ratio_high,2.21955517e+00,5.00000000e-01,2.49999987e+07,-1.29651498e+00,-1.49680408e+00,2.00289094e-01,1.00000726e-09
5,1.17411612e-01,3.72054946e-09,90,19,1,58,corr_ratio_high,5.87416729e-01,5.00000000e-01,2.49999996e+07,-4.28187149e-01,-1.49680408e+00,1.06861693e+00,1.00004470e-09
5,1.17411612e-01,3.72054946e-09,90,20,2,62,normal_corr_dominates,1.33625666e+00,1.00000000e+00,2.50000004e+07,3.61027961e-01,-1.07366785e+00,1.43469582e+00,1.00002018e-09
5,1.17411612e-01,3.72054946e-09,90,21,0,63,normal_corr_dominates,1.29330869e+00,1.00000000e+00,2.49999980e+07,-1.98689736e+00,-8.66388976e-01,-1.12050839e+00,1.00001890e-09
5,1.17411612e-01,3.72054946e-09,90,21,1,64,normal_corr_dominates,3.93625089e+00,1.00000000e+00,2.50000025e+07,2.54393540e+00,-8.66388976e-01,3.41032437e+00,1.00002271e-09
5,1.17411612e-01,3.72054946e-09,90,21,2,65,normal_corr_dominates,1.84473669e+00,1.00000000e+00,2.49999975e+07,-2.46464851e+00,-8.66388976e-01,-1.59825953e+00,1.00002706e-09
5,1.17411612e-01,3.72054946e-09,90,22,0,66,normal_corr_dominates,1.45514155e+01,1.00000000e+00,2.49999980e+07,-2.04175415e+00,1.50667224e-01,-2.19242138e+00,1.00001719e-09
5,1.17411612e-01,3.72054946e-09,90,22,1,67,normal_corr_dominates,1.45062351e+01,1.00000000e+00,2.49999980e+07,-2.03494695e+00,1.50667224e-01,-2.18561418e+00,1.00002497e-09
5,1.17411612e-01,3.72054946e-09,90,22,2,68,normal_corr_dominates,7.44474714e+00,1.00000000e+00,2.50000013e+07,1.27234661e+00,1.50667224e-01,1.12167938e+00,1.00003042e-09
5,1.17411612e-01,3.72054946e-09,90,24,0,72,corr_ratio_high,1.20792809e+00,5.00000000e-01,2.49999995e+07,-5.37302648e-01,-1.27123124e+00,7.33928593e-01,1.00001030e-09
5,1.17411612e-01,3.72054946e-09,90,24,1,73,normal_corr_dominates,1.21307500e+00,1.00000000e+00,2.49999972e+07,-2.81333007e+00,-1.27123124e+00,-1.54209883e+00,1.00002461e-09
5,1.17411612e-01,3.72054946e-09,90,25,1,76,normal_corr_dominates,5.08369503e+00,1.00000000e+00,2.50000020e+07,2.02876862e+00,-4.96797288e-01,2.52556591e+00,1.00003109e-09
5,1.17411612e-01,3.72054946e-09,90,25,2,77,normal_corr_dominates,5.88169569e+00,1.00000000e+00,2.50000024e+07,2.42521318e+00,-4.96797288e-01,2.92201047e+00,1.00000766e-09
5,1.17411612e-01,3.72054946e-09,90,25,2,77,corr_ratio_high,2.05623466e+00,5.00000000e-01,2.50000024e+07,2.42521318e+00,-4.96797288e-01,2.92201047e+00,1.00000766e-09
5,1.17411612e-01,3.72054946e-09,90,16,0,48,normal_corr_dominates,8.16860948e+00,1.00000000e+00,2.49999949e+07,-5.11851645e+00,-5.58265292e-01,-4.56025116e+00,1.00001326e-09
5,1.17411612e-01,3.72054946e-09,90,16,0,48,corr_ratio_high,1.47986931e+00,5.00000000e-01,2.49999949e+07,-5.11851645e+00,-5.58265292e-01,-4.56025116e+00,1.00001326e-09
5,1.17411612e-01,3.72054946e-09,90,16,1,49,normal_corr_dominates,2.67747124e+00,1.00000000e+00,2.50000009e+07,9.36473975e-01,-5.58265292e-01,1.49473927e+00,1.00002648e-09
5,1.17411612e-01,3.72054946e-09,90,16,2,50,normal_corr_dominates,1.51183027e+00,1.00000000e+00,2.50000003e+07,2.85737074e-01,-5.58265292e-01,8.44002366e-01,1.00003026e-09
6,1.50778653e-01,4.77788721e-09,90,0,0,0,normal_corr_dominates,3.21492466e+00,1.00000000e+00,2.50000010e+07,9.74819901e-01,-4.40114249e-01,1.41493415e+00,1.00004234e-09
6,1.50778653e-01,4.77788721e-09,90,0,1,1,normal_corr_dominates,6.32002625e+00,1.00000000e+00,2.50000023e+07,2.34141936e+00,-4.40114249e-01,2.78153361e+00,1.00002963e-09
6,1.50778653e-01,4.77788721e-09,90,0,2,2,corr_ratio_high,2.47607408e+00,5.00000000e-01,2.49999995e+07,-5.49095182e-01,-4.40114249e-01,-1.08980933e-01,1.00000939e-09
6,1.50778653e-01,4.77788721e-09,90,1,0,3,normal_corr_dominates,2.48815223e+00,1.00000000e+00,2.50000019e+07,1.94835272e+00,-1.30924289e+00,3.25759561e+00,1.00003522e-09
6,1.50778653e-01,4.77788721e-09,90,3,1,10,normal_corr_dominates,2.98850771e+00,1.00000000e+00,2.50000024e+07,2.36028344e+00,-1.18696217e+00,3.54724561e+00,1.00003526e-09
6,1.50778653e-01,4.77788721e-09,90,3,2,11,normal_corr_dominates,2.78779292e+00,1.00000000e+00,2.50000021e+07,2.12204257e+00,-1.18696217e+00,3.30900474e+00,1.00002222e-09
6,1.50778653e-01,4.77788721e-09,90,3,2,11,corr_ratio_high,6.45623502e-01,5.00000000e-01,2.50000021e+07,2.12204257e+00,-1.18696217e+00,3.30900474e+00,1.00002222e-09
6,1.50778653e-01,4.77788721e-09,90,4,0,12,normal_corr_dominates,1.34548223e+01,1.00000000e+00,2.50000018e+07,1.80161525e+00,-1.44652024e-01,1.94626727e+00,1.00003546e-09
6,1.50778653e-01,4.77788721e-09,90,4,1,13,normal_corr_dominates,3.20131686e+01,1.00000000e+00,2.50000045e+07,4.48611760e+00,-1.44652024e-01,4.63076962e+00,1.00001982e-09
6,1.50778653e-01,4.77788721e-09,90,4,1,13,corr_ratio_high,5.34072243e-01,5.00000000e-01,2.50000045e+07,4.48611760e+00,-1.44652024e-01,4.63076962e+00,1.00001982e-09
6,1.50778653e-01,4.77788721e-09,90,4,2,14,normal_corr_dominates,1.10439449e+00,1.00000000e+00,2.50000000e+07,1.51008745e-02,-1.44652024e-01,1.59752898e-01,1.00004273e-09
6,1.50778653e-01,4.77788721e-09,90,5,0,15,normal_corr_dominates,1.01132135e+02,1.00000000e+00,2.50000064e+07,6.42726798e+00,6.29309081e-02,6.36433708e+00,1.00001766e-09
6,1.50778653e-01,4.77788721e-09,90,5,1,16,normal_corr_dominates,1.44996311e+02,1.00000000e+00,2.49999909e+07,-9.06181861e+00,6.29309081e-02,-9.12474952e+00,1.00005196e-09
6,1.50778653e-01,4.77788721e-09,90,5,2,17,normal_corr_dominates,1.65303944e+01,1.00000000e+00,2.50000011e+07,1.10320364e+00,6.29309081e-02,1.04027273e+00,1.00000523e-09
6,1.50778653e-01,4.77788721e-09,90,5,2,17,corr_ratio_high,4.01788732e+00,5.00000000e-01,2.50000011e+07,1.10320364e+00,6.29309081e-02,1.04027273e+00,1.00000523e-09
6,1.50778653e-01,4.77788721e-09,90,6,0,18,normal_corr_dominates,1.59089047e+00,1.00000000e+00,2.49999951e+07,-4.88413715e+00,-1.88511911e+00,-2.99901803e+00,1.00001608e-09
6,1.50778653e-01,4.77788721e-09,90,6,0,18,corr_ratio_high,1.33611039e+00,5.00000000e-01,2.49999951e+07,-4.88413715e+00,-1.88511911e+00,-2.99901803e+00,1.00001608e-09
6,1.50778653e-01,4.77788721e-09,90,6,1,19,normal_corr_dominates,2.40141569e+00,1.00000000e+00,2.50000026e+07,2.64183551e+00,-1.88511911e+00,4.52695462e+00,1.00005579e-09
6,1.50778653e-01,4.77788721e-09,90,6,1,19,corr_ratio_high,5.55886968e-01,5.00000000e-01,2.50000026e+07,2.64183551e+00,-1.88511911e+00,4.52695462e+00,1.00005579e-09
6,1.50778653e-01,4.77788721e-09,90,6,2,20,normal_corr_dominates,1.28609211e+00,1.00000000e+00,2.49999957e+07,-4.30955594e+00,-1.88511911e+00,-2.42443683e+00,1.00001854e-09
6,1.50778653e-01,4.77788721e-09,90,6,2,20,corr_ratio_high,8.66148134e-01,5.00000000e-01,2.49999957e+07,-4.30955594e+00,-1.88511911e+00,-2.42443683e+00,1.00001854e-09
6,1.50778653e-01,4.77788721e-09,90,7,0,21,normal_corr_dominates,1.30311945e+01,1.00000000e+00,2.50000046e+07,4.59775779e+00,-3.82153060e-01,4.97991085e+00,1.00002482e-09
6,1.50778653e-01,4.77788721e-09,90,7,1,22,normal_corr_dominates,8.46000765e+00,1.00000000e+00,2.50000029e+07,2.85086475e+00,-3.82153060e-01,3.23301781e+00,1.00002757e-09
6,1.50778653e-01,4.77788721e-09,90,7,2,23,normal_corr_dominates,3.09094900e+00,1.00000000e+00,2.49999984e+07,-1.56336868e+00,-3.82153060e-01,-1.18121562e+00,1.00001546e-09
6,1.50778653e-01,4.77788721e-09,90,7,2,23,corr_ratio_high,5.95228733e-01,5.00000000e-01,2.49999984e+07,-1.56336868e+00,-3.82153060e-01,-1.18121562e+00,1.00001546e-09
6,1.50778653e-01,4.77788721e-09,90,8,0,24,normal_corr_dominates,1.99562218e+00,1.00000000e+00,2.50000020e+07,1.98319110e+00,-1.99191132e+00,3.97510242e+00,1.00002701e-09
6,1.50778653e-01,4.77788721e-09,90,8,1,25,normal_corr_dominates,1.10177886e+00,1.00000000e+00,2.50000002e+07,2.02734462e-01,-1.99191132e+00,2.19464578e+00,1.00005602e-09
6,1.50778653e-01,4.77788721e-09,90,8,1,25,corr_ratio_high,5.75612028e-01,5.00000000e-01,2.50000002e+07,2.02734462e-01,-1.99191132e+00,2.19464578e+00,1.00005602e-09
6,1.50778653e-01,4.77788721e-09,90,8,2,26,corr_ratio_high,6.97985391e-01,5.00000000e-01,2.49999967e+07,-3.34482192e+00,-1.99191132e+00,-1.35291059e+00,1.00001916e-09
6,1.50778653e-01,4.77788721e-09,90,9,2,29,normal_corr_dominates,1.81883508e+00,1.00000000e+00,2.50000013e+07,1.26642745e+00,-1.54662090e+00,2.81304835e+00,1.00002397e-09
6,1.50778653e-01,4.77788721e-09,90,10,2,32,normal_corr_dominates,1.92482914e+00,1.00000000e+00,2.50000018e+07,1.78532195e+00,-1.93043436e+00,3.71575630e+00,1.00002354e-09
6,1.50778653e-01,4.77788721e-09,90,11,0,33,normal_corr_dominates,1.19798015e+01,1.00000000e+00,2.50000047e+07,4.70236093e+00,-4.28273767e-01,5.13063470e+00,1.00003141e-09
6,1.50778653e-01,4.77788721e-09,90,11,1,34,corr_ratio_high,1.77307275e+00,5.00000000e-01,2.49999996e+07,-4.02636835e-01,-4.28273767e-01,2.56369316e-02,1.00001024e-09
6,1.50778653e-01,4.77788721e-09,90,11,2,35,normal_corr_dominates,5.08028424e+00,1.00000000e+00,2.49999974e+07,-2.60402623e+00,-4.28273767e-01,-2.17575247e+00,1.00002823e-09
6,1.50778653e-01,4.77788721e-09,90,12,1,37,normal_corr_dominates,1.63296398e+00,1.00000000e+00,2.50000009e+07,8.59932523e-01,-1.35858049e+00,2.21851302e+00,1.00002917e-09
6,1.50778653e-01,4.77788721e-09,90,14,0,42,normal_corr_dominates,3.74503729e+00,1.00000000e+00,2.49999989e+07,-1.09760781e+00,3.99851695e-01,-1.49745951e+00,1.00002230e-09
6,1.50778653e-01,4.77788721e-09,90,14,1,43,normal_corr_dominates,1.55269655e+01,1.00000000e+00,2.49999942e+07,-5.80863177e+00,3.99851695e-01,-6.20848346e+00,1.00002228e-09
6,1.50778653e-01,4.77788721e-09,90,14,2,44,normal_corr_dominates,9.06391576e+00,1.00000000e+00,2.50000040e+07,4.02407378e+00,3.99851695e-01,3.62422208e+00,1.00002945e-09
6,1.50778653e-01,4.77788721e-09,90,15,0,45,normal_corr_dominates,1.34862409e+00,1.00000000e+00,2.49999981e+07,-1.94795624e+00,-8.29403158e-01,-1.11855308e+00,1.00002176e-09
6,1.50778653e-01,4.77788721e-09,90,15,1,46,normal_corr_dominates,2.22660277e+00,1.00000000e+00,2.49999973e+07,-2.67615453e+00,-8.29403158e-01,-1.84675137e+00,1.00003219e-09
6,1.50778653e-01,4.77788721e-09,90,15,2,47,normal_corr_dominates,1.84950924e+00,1.00000000e+00,2.49999976e+07,-2.36339197e+00,-8.29403158e-01,-1.53398881e+00,1.00002414e-09
6,1.50778653e-01,4.77788721e-09,90,17,0,51,normal_corr_dominates,4.13331886e+01,1.00000000e+00,2.49999953e+07,-4.71121720e+00,-1.11288976e-01,-4.59992823e+00,1.00003980e-09
6,1.50778653e-01,4.77788721e-09,90,17,1,52,normal_corr_dominates,2.07387590e+01,1.00000000e+00,2.49999976e+07,-2.41928423e+00,-1.11288976e-01,-2.30799525e+00,9.99997125e-10
6,1.50778653e-01,4.77788721e-09,90,17,1,52,corr_ratio_high,4.81062720e+00,5.00000000e-01,2.49999976e+07,-2.41928423e+00,-1.11288976e-01,-2.30799525e+00,9.99997125e-10
6,1.50778653e-01,4.77788721e-09,90,17,2,53,normal_corr_dominates,2.20419625e+01,1.00000000e+00,2.50000023e+07,2.34173846e+00,-1.11288976e-01,2.45302744e+00,1.00004887e-09
6,1.50778653e-01,4.77788721e-09,90,18,0,54,normal_corr_dominates,4.56792491e+00,1.00000000e+00,2.50000026e+07,2.63178534e+00,-7.37623524e-01,3.36940886e+00,1.00002897e-09
6,1.50778653e-01,4.77788721e-09,90,18,1,55,normal_corr_dominates,1.99916843e+00,1.00000000e+00,2.49999978e+07,-2.21225719e+00,-7.37623524e-01,-1.47463366e+00,1.00002003e-09
6,1.50778653e-01,4.77788721e-09,90,18,2,56,normal_corr_dominates,1.48310655e+00,1.00000000e+00,2.49999982e+07,-1.83159780e+00,-7.37623524e-01,-1.09397428e+00,1.00002503e-09
6,1.50778653e-01,4.77788721e-09,90,19,0,57,corr_ratio_high,2.21851085e+00,5.00000000e-01,2.49999983e+07,-1.65406749e+00,-1.90987600e+00,2.55808505e-01,1.00000926e-09
6,1.50778653e-01,4.77788721e-09,90,19,1,58,corr_ratio_high,5.87368393e-01,5.00000000e-01,2.49999994e+07,-5.50071800e-01,-1.90987600e+00,1.35980420e+00,1.00005697e-09
6,1.50778653e-01,4.77788721e-09,90,20,2,62,normal_corr_dominates,1.33349440e+00,1.00000000e+00,2.50000005e+07,4.57009411e-01,-1.37036606e+00,1.82737547e+00,1.00002573e-09
6,1.50778653e-01,4.77788721e-09,90,21,0,63,normal_corr_dominates,1.29173798e+00,1.00000000e+00,2.49999975e+07,-2.53330957e+00,-1.10540977e+00,-1.42789979e+00,1.00002409e-09
6,1.50778653e-01,4.77788721e-09,90,21,1,64,normal_corr_dominates,3.93222353e+00,1.00000000e+00,2.50000032e+07,3.24130855e+00,-1.10540977e+00,4.34671833e+00,1.00002894e-09
6,1.50778653e-01,4.77788721e-09,90,21,2,65,normal_corr_dominates,1.84345640e+00,1.00000000e+00,2.49999969e+07,-3.14318450e+00,-1.10540977e+00,-2.03777473e+00,1.00003450e-09
6,1.50778653e-01,4.77788721e-09,90,22,0,66,normal_corr_dominates,1.47707261e+01,1.00000000e+00,2.49999974e+07,-2.60436136e+00,1.89123024e-01,-2.79348438e+00,1.00002191e-09
6,1.50778653e-01,4.77788721e-09,90,22,1,67,normal_corr_dominates,1.47307006e+01,1.00000000e+00,2.49999974e+07,-2.59679161e+00,1.89123024e-01,-2.78591464e+00,1.00003183e-09
6,1.50778653e-01,4.77788721e-09,90,22,2,68,normal_corr_dominates,7.55689206e+00,1.00000000e+00,2.50000016e+07,1.61830530e+00,1.89123024e-01,1.42918228e+00,1.00003878e-09
6,1.50778653e-01,4.77788721e-09,90,24,0,72,corr_ratio_high,1.20773019e+00,5.00000000e-01,2.49999993e+07,-6.84116060e-01,-1.62229449e+00,9.38178432e-01,1.00001313e-09
6,1.50778653e-01,4.77788721e-09,90,24,1,73,normal_corr_dominates,1.21178150e+00,1.00000000e+00,2.49999964e+07,-3.58816094e+00,-1.62229449e+00,-1.96586645e+00,1.00003137e-09
6,1.50778653e-01,4.77788721e-09,90,25,1,76,normal_corr_dominates,5.06650522e+00,1.00000000e+00,2.50000026e+07,2.58434185e+00,-6.35519127e-01,3.21986098e+00,1.00003963e-09
6,1.50778653e-01,4.77788721e-09,90,25,2,77,normal_corr_dominates,5.85777986e+00,1.00000000e+00,2.50000031e+07,3.08721202e+00,-6.35519127e-01,3.72273114e+00,1.00000976e-09
6,1.50778653e-01,4.77788721e-09,90,25,2,77,corr_ratio_high,2.05685852e+00,5.00000000e-01,2.50000031e+07,3.08721202e+00,-6.35519127e-01,3.72273114e+00,1.00000976e-09
6,1.50778653e-01,4.77788721e-09,90,16,0,48,normal_corr_dominates,8.13327521e+00,1.00000000e+00,2.49999935e+07,-6.52517815e+00,-7.14440110e-01,-5.81073804e+00,1.00001690e-09
6,1.50778653e-01,4.77788721e-09,90,16,0,48,corr_ratio_high,1.47931741e+00,5.00000000e-01,2.49999935e+07,-6.52517815e+00,-7.14440110e-01,-5.81073804e+00,1.00001690e-09
6,1.50778653e-01,4.77788721e-09,90,16,1,49,normal_corr_dominates,2.66584670e+00,1.00000000e+00,2.50000012e+07,1.19014770e+00,-7.14440110e-01,1.90458781e+00,1.00003375e-09
6,1.50778653e-01,4.77788721e-09,90,16,2,50,normal_corr_dominates,1.50504056e+00,1.00000000e+00,2.50000004e+07,3.60821232e-01,-7.14440110e-01,1.07526134e+00,1.00003857e-09
7,1.79553469e-01,5.68970609e-09,90,0,0,0,normal_corr_dominates,3.20540926e+00,1.00000000e+00,2.50000012e+07,1.15251560e+00,-5.22585816e-01,1.67510141e+00,1.00005012e-09
7,1.79553469e-01,5.68970609e-09,90,0,1,1,normal_corr_dominates,6.29627407e+00,1.00000000e+00,2.50000028e+07,2.76775770e+00,-5.22585816e-01,3.29034352e+00,1.00003508e-09
7,1.79553469e-01,5.68970609e-09,90,0,2,2,corr_ratio_high,2.47489158e+00,5.00000000e-01,2.49999993e+07,-6.51214177e-01,-5.22585816e-01,-1.28628361e-01,1.00001112e-09
7,1.79553469e-01,5.68970609e-09,90,1,0,3,normal_corr_dominates,2.48462049e+00,1.00000000e+00,2.50000023e+07,2.30372721e+00,-1.55172801e+00,3.85545522e+00,1.00004170e-09
7,1.79553469e-01,5.68970609e-09,90,3,1,10,normal_corr_dominates,2.98640819e+00,1.00000000e+00,2.50000028e+07,2.79387411e+00,-1.40649546e+00,4.20036957e+00,1.00004175e-09
7,1.79553469e-01,5.68970609e-09,90,3,2,11,normal_corr_dominates,2.78337519e+00,1.00000000e+00,2.50000025e+07,2.50830911e+00,-1.40649546e+00,3.91480458e+00,1.00002630e-09
7,1.79553469e-01,5.68970609e-09,90,3,2,11,corr_ratio_high,6.45795975e-01,5.00000000e-01,2.50000025e+07,2.50830911e+00,-1.40649546e+00,3.91480458e+00,1.00002630e-09
7,1.79553469e-01,5.68970609e-09,90,4,0,12,normal_corr_dominates,1.32588507e+01,1.00000000e+00,2.50000021e+07,2.12947795e+00,-1.73709429e-01,2.30318738e+00,1.00004198e-09
7,1.79553469e-01,5.68970609e-09,90,4,1,13,normal_corr_dominates,3.15546450e+01,1.00000000e+00,2.50000053e+07,5.30762993e+00,-1.73709429e-01,5.48133936e+00,1.00002346e-09
7,1.79553469e-01,5.68970609e-09,90,4,1,13,corr_ratio_high,5.34118666e-01,5.00000000e-01,2.50000053e+07,5.30762993e+00,-1.73709429e-01,5.48133936e+00,1.00002346e-09
7,1.79553469e-01,5.68970609e-09,90,4,2,14,normal_corr_dominates,1.08503111e+00,1.00000000e+00,2.50000000e+07,1.47707056e-02,-1.73709429e-01,1.88480134e-01,1.00005059e-09
7,1.79553469e-01,5.68970609e-09,90,5,0,15,normal_corr_dominates,1.04822298e+02,1.00000000e+00,2.50000076e+07,7.60604399e+00,7.18756269e-02,7.53416836e+00,1.00002091e-09
7,1.79553469e-01,5.68970609e-09,90,5,1,16,normal_corr_dominates,1.50288609e+02,1.00000000e+00,2.49999893e+07,-1.07302124e+01,7.18756269e-02,-1.08020880e+01,1.00006151e-09
7,1.79553469e-01,5.68970609e-09,90,5,2,17,normal_corr_dominates,1.71395514e+01,1.00000000e+00,2.50000013e+07,1.30379163e+00,7.18756269e-02,1.23191600e+00,1.00000620e-09
7,1.79553469e-01,5.68970609e-09,90,5,2,17,corr_ratio_high,4.01585384e+00,5.00000000e-01,2.50000013e+07,1.30379163e+00,7.18756269e-02,1.23191600e+00,1.00000620e-09
7,1.79553469e-01,5.68970609e-09,90,6,0,18,normal_corr_dominates,1.58993759e+00,1.00000000e+00,2.49999942e+07,-5.78175530e+00,-2.23239175e+00,-3.54936356e+00,1.00001904e-09
7,1.79553469e-01,5.68970609e-09,90,6,0,18,corr_ratio_high,1.33595710e+00,5.00000000e-01,2.49999942e+07,-5.78175530e+00,-2.23239175e+00,-3.54936356e+00,1.00001904e-09
7,1.79553469e-01,5.68970609e-09,90,6,1,19,normal_corr_dominates,2.40007871e+00,1.00000000e+00,2.50000031e+07,3.12552416e+00,-2.23239175e+00,5.35791591e+00,1.00006604e-09
7,1.79553469e-01,5.68970609e-09,90,6,1,19,corr_ratio_high,5.55885959e-01,5.00000000e-01,2.50000031e+07,3.12552416e+00,-2.23239175e+00,5.35791591e+00,1.00006604e-09
7,1.79553469e-01,5.68970609e-09,90,6,2,20,normal_corr_dominates,1.28574675e+00,1.00000000e+00,2.49999949e+07,-5.10268220e+00,-2.23239175e+00,-2.87029045e+00,1.00002195e-09
7,1.79553469e-01,5.68970609e-09,90,6,2,20,corr_ratio_high,8.65772020e-01,5.00000000e-01,2.49999949e+07,-5.10268220e+00,-2.23239175e+00,-2.87029045e+00,1.00002195e-09
7,1.79553469e-01,5.68970609e-09,90,7,0,21,normal_corr_dominates,1.29683099e+01,1.00000000e+00,2.50000054e+07,5.43992576e+00,-4.54527481e-01,5.89445324e+00,1.00002938e-09
7,1.79553469e-01,5.68970609e-09,90,7,1,22,normal_corr_dominates,8.41988289e+00,1.00000000e+00,2.50000034e+07,3.37254068e+00,-4.54527481e-01,3.82706816e+00,1.00003264e-09
7,1.79553469e-01,5.68970609e-09,90,7,2,23,normal_corr_dominates,3.07574748e+00,1.00000000e+00,2.49999981e+07,-1.85253924e+00,-4.54527481e-01,-1.39801176e+00,1.00001830e-09
7,1.79553469e-01,5.68970609e-09,90,7,2,23,corr_ratio_high,5.95138795e-01,5.00000000e-01,2.49999981e+07,-1.85253924e+00,-4.54527481e-01,-1.39801176e+00,1.00001830e-09
7,1.79553469e-01,5.68970609e-09,90,8,0,24,normal_corr_dominates,1.99367461e+00,1.00000000e+00,2.50000023e+07,2.34496624e+00,-2.35989349e+00,4.70485973e+00,1.00003198e-09
7,1.79553469e-01,5.68970609e-09,90,8,1,25,normal_corr_dominates,1.10000391e+00,1.00000000e+00,2.50000002e+07,2.35998566e-01,-2.35989349e+00,2.59589206e+00,1.00006631e-09
7,1.79553469e-01,5.68970609e-09,90,8,1,25,corr_ratio_high,5.75570641e-01,5.00000000e-01,2.50000002e+07,2.35998566e-01,-2.35989349e+00,2.59589206e+00,1.00006631e-09
7,1.79553469e-01,5.68970609e-09,90,8,2,26,corr_ratio_high,6.97792712e-01,5.00000000e-01,2.49999960e+07,-3.96054570e+00,-2.35989349e+00,-1.60065221e+00,1.00002268e-09
7,1.79553469e-01,5.68970609e-09,90,9,2,29,normal_corr_dominates,1.81617569e+00,1.00000000e+00,2.50000015e+07,1.49584021e+00,-1.83274291e+00,3.32858312e+00,1.00002839e-09
7,1.79553469e-01,5.68970609e-09,90,10,2,32,normal_corr_dominates,1.92246933e+00,1.00000000e+00,2.50000021e+07,2.10961121e+00,-2.28691745e+00,4.39652867e+00,1.00002788e-09
7,1.79553469e-01,5.68970609e-09,90,11,0,33,normal_corr_dominates,1.19243512e+01,1.00000000e+00,2.50000056e+07,5.56305419e+00,-5.09234285e-01,6.07228848e+00,1.00003719e-09
7,1.79553469e-01,5.68970609e-09,90,11,1,34,corr_ratio_high,1.77291827e+00,5.00000000e-01,2.49999995e+07,-4.76026453e-01,-5.09234285e-01,3.32078328e-02,1.00001212e-09
7,1.79553469e-01,5.68970609e-09,90,11,2,35,normal_corr_dominates,5.05732524e+00,1.00000000e+00,2.49999969e+07,-3.08459769e+00,-5.09234285e-01,-2.57536341e+00,1.00003342e-09
7,1.79553469e-01,5.68970609e-09,90,12,1,37,normal_corr_dominates,1.63003676e+00,1.00000000e+00,2.50000010e+07,1.01450658e+00,-1.61023394e+00,2.62474052e+00,1.00003454e-09
7,1.79553469e-01,5.68970609e-09,90,14,0,42,normal_corr_dominates,3.75632980e+00,1.00000000e+00,2.49999987e+07,-1.30075021e+00,4.71913850e-01,-1.77266406e+00,1.00002640e-09
7,1.79553469e-01,5.68970609e-09,90,14,1,43,normal_corr_dominates,1.55726344e+01,1.00000000e+00,2.49999931e+07,-6.87702800e+00,4.71913850e-01,-7.34894185e+00,1.00002638e-09
7,1.79553469e-01,5.68970609e-09,90,14,2,44,normal_corr_dominates,9.09148599e+00,1.00000000e+00,2.50000048e+07,4.76231201e+00,4.71913850e-01,4.29039816e+00,1.00003486e-09
7,1.79553469e-01,5.68970609e-09,90,15,0,45,normal_corr_dominates,1.34667031e+00,1.00000000e+00,2.49999977e+07,-2.30682778e+00,-9.83021675e-01,-1.32380611e+00,1.00002577e-09
7,1.79553469e-01,5.68970609e-09,90,15,1,46,normal_corr_dominates,2.22381150e+00,1.00000000e+00,2.49999968e+07,-3.16907658e+00,-9.83021675e-01,-2.18605491e+00,1.00003811e-09
7,1.79553469e-01,5.68970609e-09,90,15,2,47,normal_corr_dominates,1.84692965e+00,1.00000000e+00,2.49999972e+07,-2.79859356e+00,-9.83021675e-01,-1.81557188e+00,1.00002858e-09
7,1.79553469e-01,5.68970609e-09,90,17,0,51,normal_corr_dominates,4.04506178e+01,1.00000000e+00,2.49999944e+07,-5.58053963e+00,-1.34631036e-01,-5.44590860e+00,1.00004711e-09
7,1.79553469e-01,5.68970609e-09,90,17,1,52,normal_corr_dominates,2.02834826e+01,1.00000000e+00,2.49999971e+07,-2.86541732e+00,-1.34631036e-01,-2.73078628e+00,9.99996601e-10
7,1.79553469e-01,5.68970609e-09,90,17,1,52,corr_ratio_high,4.81189840e+00,5.00000000e-01,2.49999971e+07,-2.86541732e+00,-1.34631036e-01,-2.73078628e+00,9.99996601e-10
7,1.79553469e-01,5.68970609e-09,90,17,2,53,normal_corr_dominates,2.15619554e+01,1.00000000e+00,2.50000028e+07,2.76827737e+00,-1.34631036e-01,2.90290840e+00,1.00005785e-09
7,1.79553469e-01,5.68970609e-09,90,18,0,54,normal_corr_dominates,4.55621370e+00,1.00000000e+00,2.50000031e+07,3.11276585e+00,-8.75303373e-01,3.98806922e+00,1.00003429e-09
7,1.79553469e-01,5.68970609e-09,90,18,1,55,normal_corr_dominates,1.99434415e+00,1.00000000e+00,2.49999974e+07,-2.62095953e+00,-8.75303373e-01,-1.74565616e+00,1.00002371e-09
7,1.79553469e-01,5.68970609e-09,90,18,2,56,normal_corr_dominates,1.47896362e+00,1.00000000e+00,2.49999978e+07,-2.16984522e+00,-8.75303373e-01,-1.29454185e+00,1.00002963e-09
7,1.79553469e-01,5.68970609e-09,90,19,0,57,corr_ratio_high,2.21763261e+00,5.00000000e-01,2.49999980e+07,-1.95950598e+00,-2.26284557e+00,3.03339594e-01,1.00001096e-09
7,1.79553469e-01,5.68970609e-09,90,19,1,58,corr_ratio_high,5.87330885e-01,5.00000000e-01,2.49999993e+07,-6.54963902e-01,-2.26284557e+00,1.60788167e+00,1.00006744e-09
7,1.79553469e-01,5.68970609e-09,90,20,2,62,normal_corr_dominates,1.33137227e+00,1.00000000e+00,2.50000005e+07,5.38143305e-01,-1.62398413e+00,2.16212744e+00,1.00003046e-09
7,1.79553469e-01,5.68970609e-09,90,21,0,63,normal_corr_dominates,1.29056755e+00,1.00000000e+00,2.49999970e+07,-2.99979089e+00,-1.30962778e+00,-1.69016311e+00,1.00002852e-09
7,1.79553469e-01,5.68970609e-09,90,21,1,64,normal_corr_dominates,3.92918435e+00,1.00000000e+00,2.50000038e+07,3.83614119e+00,-1.30962778e+00,5.14576897e+00,1.00003426e-09
7,1.79553469e-01,5.68970609e-09,90,21,2,65,normal_corr_dominates,1.84245072e+00,1.00000000e+00,2.49999963e+07,-3.72255243e+00,-1.30962778e+00,-2.41292465e+00,1.00004084e-09
7,1.79553469e-01,5.68970609e-09,90,22,0,66,normal_corr_dominates,1.49388752e+01,1.00000000e+00,2.49999969e+07,-3.08489398e+00,2.21315847e-01,-3.30620983e+00,1.00002594e-09
7,1.79553469e-01,5.68970609e-09,90,22,1,67,normal_corr_dominates,1.49024895e+01,1.00000000e+00,2.49999969e+07,-3.07684124e+00,2.21315847e-01,-3.29815709e+00,1.00003768e-09
7,1.79553469e-01,5.68970609e-09,90,22,2,68,normal_corr_dominates,7.64286384e+00,1.00000000e+00,2.50000019e+07,1.91280273e+00,2.21315847e-01,1.69148688e+00,1.00004591e-09
7,1.79553469e-01,5.68970609e-09,90,24,0,72,corr_ratio_high,1.20754813e+00,5.00000000e-01,2.49999992e+07,-8.09227319e-01,-1.92232608e+00,1.11309876e+00,1.00001555e-09
7,1.79553469e-01,5.68970609e-09,90,24,1,73,normal_corr_dominates,1.21079105e+00,1.00000000e+00,2.49999958e+07,-4.24986131e+00,-1.92232608e+00,-2.32753522e+00,1.00003714e-09
7,1.79553469e-01,5.68970609e-09,90,25,1,76,normal_corr_dominates,5.05406716e+00,1.00000000e+00,2.50000031e+07,3.05813346e+00,-7.54337148e-01,3.81247061e+00,1.00004692e-09
7,1.79553469e-01,5.68970609e-09,90,25,2,77,normal_corr_dominates,5.84022959e+00,1.00000000e+00,2.50000037e+07,3.65116498e+00,-7.54337148e-01,4.40550213e+00,1.00001156e-09
7,1.79553469e-01,5.68970609e-09,90,25,2,77,corr_ratio_high,2.05729396e+00,5.00000000e-01,2.50000037e+07,3.65116498e+00,-7.54337148e-01,4.40550213e+00,1.00001156e-09
7,1.79553469e-01,5.68970609e-09,90,16,0,48,normal_corr_dominates,8.10719263e+00,1.00000000e+00,2.49999923e+07,-7.72577542e+00,-8.48315802e-01,-6.87745962e+00,1.00002001e-09
7,1.79553469e-01,5.68970609e-09,90,16,0,48,corr_ratio_high,1.47887744e+00,5.00000000e-01,2.49999923e+07,-7.72577542e+00,-8.48315802e-01,-6.87745962e+00,1.00002001e-09
7,1.79553469e-01,5.68970609e-09,90,16,1,49,normal_corr_dominates,2.65726264e+00,1.00000000e+00,2.50000014e+07,1.40588209e+00,-8.48315802e-01,2.25419789e+00,1.00003995e-09
7,1.79553469e-01,5.68970609e-09,90,16,2,50,normal_corr_dominates,1.50006632e+00,1.00000000e+00,2.50000004e+07,4.24214161e-01,-8.48315802e-01,1.27252996e+00,1.00004565e-09
8,2.09311790e-01,6.63269037e-09,90,0,0,0,normal_corr_dominates,3.19692606e+00,1.00000000e+00,2.50000013e+07,1.33443348e+00,-6.07409374e-01,1.94184286e+00,1.00005809e-09
8,2.09311790e-01,6.63269037e-09,90,0,1,1,normal_corr_dominates,6.27462215e+00,1.00000000e+00,2.50000032e+07,3.20385494e+00,-6.07409374e-01,3.81126431e+00,1.00004066e-09
8,2.09311790e-01,6.63269037e-09,90,0,2,2,corr_ratio_high,2.47369117e+00,5.00000000e-01,2.49999992e+07,-7.56192617e-01,-6.07409374e-01,-1.48783243e-01,1.00001289e-09
8,2.09311790e-01,6.63269037e-09,90,1,0,3,normal_corr_dominates,2.48136040e+00,1.00000000e+00,2.50000027e+07,2.66741573e+00,-1.80065279e+00,4.46806853e+00,1.00004833e-09
8,2.09311790e-01,6.63269037e-09,90,3,1,10,normal_corr_dominates,2.98452049e+00,1.00000000e+00,2.50000032e+07,3.23825555e+00,-1.63175718e+00,4.87001272e+00,1.00004840e-09
8,2.09311790e-01,6.63269037e-09,90,3,2,11,normal_corr_dominates,2.77929023e+00,1.00000000e+00,2.50000029e+07,2.90336960e+00,-1.63175718e+00,4.53512678e+00,1.00003049e-09
8,2.09311790e-01,6.63269037e-09,90,3,2,11,corr_ratio_high,6.45941318e-01,5.00000000e-01,2.50000029e+07,2.90336960e+00,-1.63175718e+00,4.53512678e+00,1.00003049e-09
8,2.09311790e-01,6.63269037e-09,90,4,0,12,normal_corr_dominates,1.30847452e+01,1.00000000e+00,2.50000025e+07,2.46489308e+00,-2.03967319e-01,2.66886040e+00,1.00004866e-09
8,2.09311790e-01,6.63269037e-09,90,4,1,13,normal_corr_dominates,3.11466695e+01,1.00000000e+00,2.50000061e+07,6.14893534e+00,-2.03967319e-01,6.35290266e+00,1.00002719e-09
8,2.09311790e-01,6.63269037e-09,90,4,1,13,corr_ratio_high,5.34171959e-01,5.00000000e-01,2.50000061e+07,6.14893534e+00,-2.03967319e-01,6.35290266e+00,1.00002719e-09
8,2.09311790e-01,6.63269037e-09,90,4,2,14,normal_corr_dominates,1.06811341e+00,1.00000000e+00,2.50000000e+07,1.38929104e-02,-2.03967319e-01,2.17860229e-01,1.00005864e-09
8,2.09311790e-01,6.63269037e-09,90,5,0,15,normal_corr_dominates,1.08460823e+02,1.00000000e+00,2.50000088e+07,8.81357852e+00,8.05181093e-02,8.73306041e+00,1.00002425e-09
8,2.09311790e-01,6.63269037e-09,90,5,1,16,normal_corr_dominates,1.55507276e+02,1.00000000e+00,2.49999876e+07,-1.24406337e+01,8.05181093e-02,-1.25211518e+01,1.00007130e-09
8,2.09311790e-01,6.63269037e-09,90,5,2,17,normal_corr_dominates,1.77399459e+01,1.00000000e+00,2.50000015e+07,1.50890502e+00,8.05181093e-02,1.42838691e+00,1.00000719e-09
8,2.09311790e-01,6.63269037e-09,90,5,2,17,corr_ratio_high,4.01387539e+00,5.00000000e-01,2.50000015e+07,1.50890502e+00,8.05181093e-02,1.42838691e+00,1.00000719e-09
8,2.09311790e-01,6.63269037e-09,90,6,0,18,normal_corr_dominates,1.58910402e+00,1.00000000e+00,2.49999933e+07,-6.70173578e+00,-2.58843821e+00,-4.11329757e+00,1.00002207e-09
8,2.09311790e-01,6.63269037e-09,90,6,0,18,corr_ratio_high,1.33579343e+00,5.00000000e-01,2.49999933e+07,-6.70173578e+00,-2.58843821e+00,-4.11329757e+00,1.00002207e-09
8,2.09311790e-01,6.63269037e-09,90,6,1,19,normal_corr_dominates,2.39889485e+00,1.00000000e+00,2.50000036e+07,3.62095288e+00,-2.58843821e+00,6.20939110e+00,1.00007655e-09
8,2.09311790e-01,6.63269037e-09,90,6,1,19,corr_ratio_high,5.55883626e-01,5.00000000e-01,2.50000036e+07,3.62095288e+00,-2.58843821e+00,6.20939110e+00,1.00007655e-09
8,2.09311790e-01,6.63269037e-09,90,6,2,20,normal_corr_dominates,1.28546938e+00,1.00000000e+00,2.49999941e+07,-5.91579629e+00,-2.58843821e+00,-3.32735808e+00,1.00002545e-09
8,2.09311790e-01,6.63269037e-09,90,6,2,20,corr_ratio_high,8.65398605e-01,5.00000000e-01,2.49999941e+07,-5.91579629e+00,-2.58843821e+00,-3.32735808e+00,1.00002545e-09
8,2.09311790e-01,6.63269037e-09,90,7,0,21,normal_corr_dominates,1.29104880e+01,1.00000000e+00,2.50000063e+07,6.30237426e+00,-5.29144921e-01,6.83151918e+00,1.00003406e-09
8,2.09311790e-01,6.63269037e-09,90,7,1,22,normal_corr_dominates,8.38303852e+00,1.00000000e+00,2.50000039e+07,3.90669734e+00,-5.29144921e-01,4.43584226e+00,1.00003783e-09
8,2.09311790e-01,6.63269037e-09,90,7,2,23,normal_corr_dominates,3.06175221e+00,1.00000000e+00,2.49999979e+07,-2.14925555e+00,-5.29144921e-01,-1.62011063e+00,1.00002122e-09
8,2.09311790e-01,6.63269037e-09,90,7,2,23,corr_ratio_high,5.95054290e-01,5.00000000e-01,2.49999979e+07,-2.14925555e+00,-5.29144921e-01,-1.62011063e+00,1.00002122e-09
8,2.09311790e-01,6.63269037e-09,90,8,0,24,normal_corr_dominates,1.99185956e+00,1.00000000e+00,2.50000027e+07,2.71517685e+00,-2.73746097e+00,5.45263782e+00,1.00003706e-09
8,2.09311790e-01,6.63269037e-09,90,8,1,25,normal_corr_dominates,1.09839395e+00,1.00000000e+00,2.50000003e+07,2.69349586e-01,-2.73746097e+00,3.00681056e+00,1.00007686e-09
8,2.09311790e-01,6.63269037e-09,90,8,1,25,corr_ratio_high,5.75532229e-01,5.00000000e-01,2.50000003e+07,2.69349586e-01,-2.73746097e+00,3.00681056e+00,1.00007686e-09
8,2.09311790e-01,6.63269037e-09,90,8,2,26,corr_ratio_high,6.97607664e-01,5.00000000e-01,2.49999954e+07,-4.59188179e+00,-2.73746097e+00,-1.85442081e+00,1.00002630e-09
8,2.09311790e-01,6.63269037e-09,90,9,2,29,normal_corr_dominates,1.81366967e+00,1.00000000e+00,2.50000017e+07,1.73018881e+00,-2.12640200e+00,3.85659081e+00,1.00003291e-09
8,2.09311790e-01,6.63269037e-09,90,10,2,32,normal_corr_dominates,1.92023416e+00,1.00000000e+00,2.50000024e+07,2.44104914e+00,-2.65263914e+00,5.09368828e+00,1.00003232e-09
8,2.09311790e-01,6.63269037e-09,90,11,0,33,normal_corr_dominates,1.18734025e+01,1.00000000e+00,2.50000064e+07,6.44441060e+00,-5.92676541e-01,7.03708714e+00,1.00004312e-09
8,2.09311790e-01,6.63269037e-09,90,11,1,34,corr_ratio_high,1.77274269e+00,5.00000000e-01,2.49999994e+07,-5.51125033e-01,-5.92676541e-01,4.15515082e-02,1.00001405e-09
8,2.09311790e-01,6.63269037e-09,90,11,2,35,normal_corr_dominates,5.03618799e+00,1.00000000e+00,2.49999964e+07,-3.57750702e+00,-5.92676541e-01,-2.98483048e+00,1.00003874e-09
8,2.09311790e-01,6.63269037e-09,90,12,1,37,normal_corr_dominates,1.62729812e+00,1.00000000e+00,2.50000012e+07,1.17215110e+00,-1.86857105e+00,3.04072214e+00,1.00004004e-09
8,2.09311790e-01,6.63269037e-09,90,14,0,42,normal_corr_dominates,3.76697617e+00,1.00000000e+00,2.49999985e+07,-1.50929011e+00,5.45465523e-01,-2.05475563e+00,1.00003060e-09
8,2.09311790e-01,6.63269037e-09,90,14,1,43,normal_corr_dominates,1.56153056e+01,1.00000000e+00,2.49999920e+07,-7.97214531e+00,5.45465523e-01,-8.51761083e+00,1.00003057e-09
8,2.09311790e-01,6.63269037e-09,90,14,2,44,normal_corr_dominates,9.11737908e+00,1.00000000e+00,2.50000055e+07,5.51868147e+00,5.45465523e-01,4.97321595e+00,1.00004041e-09
8,2.09311790e-01,6.63269037e-09,90,15,0,45,normal_corr_dominates,1.34490253e+00,1.00000000e+00,2.49999973e+07,-2.67486868e+00,-1.14071636e+00,-1.53415232e+00,1.00002987e-09
8,2.09311790e-01,6.63269037e-09,90,15,1,46,normal_corr_dominates,2.22116716e+00,1.00000000e+00,2.49999963e+07,-3.67443809e+00,-1.14071636e+00,-2.53372173e+00,1.00004418e-09
8,2.09311790e-01,6.63269037e-09,90,15,2,47,normal_corr_dominates,1.84450329e+00,1.00000000e+00,2.49999968e+07,-3.24477144e+00,-1.14071636e+00,-2.10405508e+00,1.00003314e-09
8,2.09311790e-01,6.63269037e-09,90,17,0,51,normal_corr_dominates,3.96760615e+01,1.00000000e+00,2.49999935e+07,-6.47212529e+00,-1.59113863e-01,-6.31301142e+00,1.00005461e-09
8,2.09311790e-01,6.63269037e-09,90,17,1,52,normal_corr_dominates,1.98841746e+01,1.00000000e+00,2.49999967e+07,-3.32296170e+00,-1.59113863e-01,-3.16384784e+00,9.99996065e-10
8,2.09311790e-01,6.63269037e-09,90,17,1,52,corr_ratio_high,4.81310734e+00,5.00000000e-01,2.49999967e+07,-3.32296170e+00,-1.59113863e-01,-3.16384784e+00,9.99996065e-10
8,2.09311790e-01,6.63269037e-09,90,17,2,53,normal_corr_dominates,2.11409935e+01,1.00000000e+00,2.50000032e+07,3.20471128e+00,-1.59113863e-01,3.36382515e+00,1.00006706e-09
8,2.09311790e-01,6.63269037e-09,90,18,0,54,normal_corr_dominates,4.54535291e+00,1.00000000e+00,2.50000036e+07,3.60511694e+00,-1.01685701e+00,4.62197395e+00,1.00003976e-09
8,2.09311790e-01,6.63269037e-09,90,18,1,55,normal_corr_dominates,1.98984734e+00,1.00000000e+00,2.49999970e+07,-3.04024721e+00,-1.01685701e+00,-2.02339021e+00,1.00002749e-09
8,2.09311790e-01,6.63269037e-09,90,18,2,56,normal_corr_dominates,1.47509695e+00,1.00000000e+00,2.49999975e+07,-2.51681967e+00,-1.01685701e+00,-1.49996267e+00,1.00003434e-09
8,2.09311790e-01,6.63269037e-09,90,19,0,57,corr_ratio_high,2.21674679e+00,5.00000000e-01,2.49999977e+07,-2.27283015e+00,-2.62503043e+00,3.52200278e-01,1.00001271e-09
8,2.09311790e-01,6.63269037e-09,90,19,1,58,corr_ratio_high,5.87295477e-01,5.00000000e-01,2.49999992e+07,-7.63179548e-01,-2.62503043e+00,1.86185088e+00,1.00007817e-09
8,2.09311790e-01,6.63269037e-09,90,20,2,62,normal_corr_dominates,1.32937863e+00,1.00000000e+00,2.50000006e+07,6.20647614e-01,-1.88429838e+00,2.50494599e+00,1.00003532e-09
8,2.09311790e-01,6.63269037e-09,90,21,0,63,normal_corr_dominates,1.28949958e+00,1.00000000e+00,2.49999965e+07,-3.47810155e+00,-1.51915361e+00,-1.95894794e+00,1.00003306e-09
8,2.09311790e-01,6.63269037e-09,90,21,1,64,normal_corr_dominates,3.92637378e+00,1.00000000e+00,2.50000044e+07,4.44561129e+00,-1.51915361e+00,5.96476490e+00,1.00003972e-09
8,2.09311790e-01,6.63269037e-09,90,21,2,65,normal_corr_dominates,1.84148173e+00,1.00000000e+00,2.49999957e+07,-4.31664722e+00,-1.51915361e+00,-2.79749362e+00,1.00004734e-09
8,2.09311790e-01,6.63269037e-09,90,22,0,66,normal_corr_dominates,1.50964689e+01,1.00000000e+00,2.49999964e+07,-3.57778892e+00,2.53807457e-01,-3.83159637e+00,1.00003007e-09
8,2.09311790e-01,6.63269037e-09,90,22,1,67,normal_corr_dominates,1.50632271e+01,1.00000000e+00,2.49999964e+07,-3.56935191e+00,2.53807457e-01,-3.82315937e+00,1.00004368e-09
8,2.09311790e-01,6.63269037e-09,90,22,2,68,normal_corr_dominates,7.72342746e+00,1.00000000e+00,2.50000022e+07,2.21407094e+00,2.53807457e-01,1.96026348e+00,1.00005321e-09
8,2.09311790e-01,6.63269037e-09,90,24,0,72,corr_ratio_high,1.20735145e+00,5.00000000e-01,2.49999991e+07,-9.37324190e-01,-2.23022925e+00,1.29290506e+00,1.00001803e-09
8,2.09311790e-01,6.63269037e-09,90,24,1,73,normal_corr_dominates,1.20986267e+00,1.00000000e+00,2.49999951e+07,-4.92850037e+00,-2.23022925e+00,-2.69827112e+00,1.00004305e-09
8,2.09311790e-01,6.63269037e-09,90,25,1,76,normal_corr_dominates,5.04297288e+00,1.00000000e+00,2.50000035e+07,3.54351493e+00,-8.76462701e-01,4.41997763e+00,1.00005439e-09
8,2.09311790e-01,6.63269037e-09,90,25,2,77,normal_corr_dominates,5.82438992e+00,1.00000000e+00,2.50000042e+07,4.22839782e+00,-8.76462701e-01,5.10486052e+00,1.00001340e-09
8,2.09311790e-01,6.63269037e-09,90,25,2,77,corr_ratio_high,2.05766877e+00,5.00000000e-01,2.50000042e+07,4.22839782e+00,-8.76462701e-01,5.10486052e+00,1.00001340e-09
8,2.09311790e-01,6.63269037e-09,90,16,0,48,normal_corr_dominates,8.08352238e+00,1.00000000e+00,2.49999910e+07,-8.95654391e+00,-9.86021010e-01,-7.97052290e+00,1.00002320e-09
8,2.09311790e-01,6.63269037e-09,90,16,0,48,corr_ratio_high,1.47845205e+00,5.00000000e-01,2.49999910e+07,-8.95654391e+00,-9.86021010e-01,-7.97052290e+00,1.00002320e-09
8,2.09311790e-01,6.63269037e-09,90,16,1,49,normal_corr_dominates,2.64946781e+00,1.00000000e+00,2.50000016e+07,1.62640991e+00,-9.86021010e-01,2.61243092e+00,1.00004631e-09
8,2.09311790e-01,6.63269037e-09,90,16,2,50,normal_corr_dominates,1.49558261e+00,1.00000000e+00,2.50000005e+07,4.88654865e-01,-9.86021010e-01,1.47467588e+00,1.00005292e-09
9,2.39001425e-01,7.57349813e-09,90,0,0,0,normal_corr_dominates,3.18956221e+00,1.00000000e+00,2.50000015e+07,1.51426959e+00,-6.91585553e-01,2.20585515e+00,1.00006598e-09
9,2.39001425e-01,7.57349813e-09,90,0,1,1,normal_corr_dominates,6.25539227e+00,1.00000000e+00,2.50000036e+07,3.63455337e+00,-6.91585553e-01,4.32613892e+00,1.00004619e-09
9,2.39001425e-01,7.57349813e-09,90,0,2,2,corr_ratio_high,2.47251391e+00,5.00000000e-01,2.49999991e+07,-8.60361136e-01,-6.91585553e-01,-1.68775583e-01,1.00001465e-09
9,2.39001425e-01,7.57349813e-09,90,1,0,3,normal_corr_dominates,2.47843061e+00,1.00000000e+00,2.50000030e+07,3.02677367e+00,-2.04728828e+00,5.07406195e+00,1.00005490e-09
9,2.39001425e-01,7.57349813e-09,90,3,1,10,normal_corr_dominates,2.98285992e+00,1.00000000e+00,2.50000037e+07,3.67790424e+00,-1.85484825e+00,5.53275249e+00,1.00005498e-09
9,2.39001425e-01,7.57349813e-09,90,3,2,11,normal_corr_dominates,2.77561219e+00,1.00000000e+00,2.50000033e+07,3.29349115e+00,-1.85484825e+00,5.14833939e+00,1.00003463e-09
9,2.39001425e-01,7.57349813e-09,90,3,2,11,corr_ratio_high,6.46059824e-01,5.00000000e-01,2.50000033e+07,3.29349115e+00,-1.85484825e+00,5.14833939e+00,1.00003463e-09
9,2.39001425e-01,7.57349813e-09,90,4,0,12,normal_corr_dominates,1.29334794e+01,1.00000000e+00,2.50000028e+07,2.79621303e+00,-2.34316660e-01,3.03052969e+00,1.00005528e-09
9,2.39001425e-01,7.57349813e-09,90,4,1,13,normal_corr_dominates,3.07917355e+01,1.00000000e+00,2.50000070e+07,6.98069996e+00,-2.34316660e-01,7.21501662e+00,1.00003088e-09
9,2.39001425e-01,7.57349813e-09,90,4,1,13,corr_ratio_high,5.34229729e-01,5.00000000e-01,2.50000070e+07,6.98069996e+00,-2.34316660e-01,7.21501662e+00,1.00003088e-09
9,2.39001425e-01,7.57349813e-09,90,4,2,14,normal_corr_dominates,1.05365359e+00,1.00000000e+00,2.50000000e+07,1.25719292e-02,-2.34316660e-01,2.46888589e-01,1.00006661e-09
9,2.39001425e-01,7.57349813e-09,90,5,0,15,normal_corr_dominates,1.11941697e+02,1.00000000e+00,2.50000100e+07,1.00077153e+01,8.86095708e-02,9.91910573e+00,1.00002754e-09
9,2.39001425e-01,7.57349813e-09,90,5,1,16,normal_corr_dominates,1.60500272e+02,1.00000000e+00,2.49999859e+07,-1.41332506e+01,8.86095708e-02,-1.42218602e+01,1.00008099e-09
9,2.39001425e-01,7.57349813e-09,90,5,2,17,normal_corr_dominates,1.83142096e+01,1.00000000e+00,2.50000017e+07,1.71142382e+00,8.86095708e-02,1.62281425e+00,1.00000817e-09
9,2.39001425e-01,7.57349813e-09,90,5,2,17,corr_ratio_high,4.01200800e+00,5.00000000e-01,2.50000017e+07,1.71142382e+00,8.86095708e-02,1.62281425e+00,1.00000817e-09
9,2.39001425e-01,7.57349813e-09,90,6,0,18,normal_corr_dominates,1.58839567e+00,1.00000000e+00,2.49999924e+07,-7.61194872e+00,-2.94079796e+00,-4.67115075e+00,1.00002507e-09
9,2.39001425e-01,7.57349813e-09,90,6,0,18,corr_ratio_high,1.33562680e+00,5.00000000e-01,2.49999924e+07,-7.61194872e+00,-2.94079796e+00,-4.67115075e+00,1.00002507e-09
9,2.39001425e-01,7.57349813e-09,90,6,1,19,normal_corr_dominates,2.39787682e+00,1.00000000e+00,2.50000041e+07,4.11087330e+00,-2.94079796e+00,7.05167126e+00,1.00008694e-09
9,2.39001425e-01,7.57349813e-09,90,6,1,19,corr_ratio_high,5.55880345e-01,5.00000000e-01,2.50000041e+07,4.11087330e+00,-2.94079796e+00,7.05167126e+00,1.00008694e-09
9,2.39001425e-01,7.57349813e-09,90,6,2,20,normal_corr_dominates,1.28525774e+00,1.00000000e+00,2.49999933e+07,-6.72048131e+00,-2.94079796e+00,-3.77968335e+00,1.00002891e-09
9,2.39001425e-01,7.57349813e-09,90,6,2,20,corr_ratio_high,8.65039499e-01,5.00000000e-01,2.49999933e+07,-6.72048131e+00,-2.94079796e+00,-3.77968335e+00,1.00002891e-09
9,2.39001425e-01,7.57349813e-09,90,7,0,21,normal_corr_dominates,1.28586584e+01,1.00000000e+00,2.50000072e+07,7.15500663e+00,-6.03357173e-01,7.75836381e+00,1.00003869e-09
9,2.39001425e-01,7.57349813e-09,90,7,1,22,normal_corr_dominates,8.35005506e+00,1.00000000e+00,2.50000044e+07,4.43470844e+00,-6.03357173e-01,5.03806561e+00,1.00004297e-09
9,2.39001425e-01,7.57349813e-09,90,7,2,23,normal_corr_dominates,3.04918571e+00,1.00000000e+00,2.49999976e+07,-2.44310524e+00,-6.03357173e-01,-1.83974807e+00,1.00002411e-09
9,2.39001425e-01,7.57349813e-09,90,7,2,23,corr_ratio_high,5.94977107e-01,5.00000000e-01,2.49999976e+07,-2.44310524e+00,-6.03357173e-01,-1.83974807e+00,1.00002411e-09
9,2.39001425e-01,7.57349813e-09,90,8,0,24,normal_corr_dominates,1.99021476e+00,1.00000000e+00,2.50000031e+07,3.08094609e+00,-3.11139180e+00,6.19233790e+00,1.00004210e-09
9,2.39001425e-01,7.57349813e-09,90,8,1,25,normal_corr_dominates,1.09696984e+00,1.00000000e+00,2.50000003e+07,3.01711159e-01,-3.11139180e+00,3.41310296e+00,1.00008731e-09
9,2.39001425e-01,7.57349813e-09,90,8,1,25,corr_ratio_high,5.75497614e-01,5.00000000e-01,2.50000003e+07,3.01711159e-01,-3.11139180e+00,3.41310296e+00,1.00008731e-09
9,2.39001425e-01,7.57349813e-09,90,8,2,26,corr_ratio_high,6.97435181e-01,5.00000000e-01,2.49999948e+07,-5.21676756e+00,-3.11139180e+00,-2.10537575e+00,1.00002987e-09
9,2.39001425e-01,7.57349813e-09,90,9,2,29,normal_corr_dominates,1.81137240e+00,1.00000000e+00,2.50000020e+07,1.96133638e+00,-2.41730724e+00,4.37864362e+00,1.00003738e-09
9,2.39001425e-01,7.57349813e-09,90,10,2,32,normal_corr_dominates,1.91817411e+00,1.00000000e+00,2.50000028e+07,2.76810460e+00,-3.01479271e+00,5.78289730e+00,1.00003672e-09
9,2.39001425e-01,7.57349813e-09,90,11,0,33,normal_corr_dominates,1.18277918e+01,1.00000000e+00,2.50000073e+07,7.31570257e+00,-6.75641230e-01,7.99134380e+00,1.00004898e-09
9,2.39001425e-01,7.57349813e-09,90,11,1,34,corr_ratio_high,1.77255542e+00,5.00000000e-01,2.49999994e+07,-6.25327079e-01,-6.75641230e-01,5.03141514e-02,1.00001596e-09
9,2.39001425e-01,7.57349813e-09,90,11,2,35,normal_corr_dominates,5.01722635e+00,1.00000000e+00,2.49999959e+07,-4.06548622e+00,-6.75641230e-01,-3.38984499e+00,1.00004401e-09
9,2.39001425e-01,7.57349813e-09,90,12,1,37,normal_corr_dominates,1.62480485e+00,1.00000000e+00,2.50000013e+07,1.32741727e+00,-2.12453100e+00,3.45194827e+00,1.00004549e-09
9,2.39001425e-01,7.57349813e-09,90,14,0,42,normal_corr_dominates,3.77674315e+00,1.00000000e+00,2.49999983e+07,-1.71592462e+00,6.17963031e-01,-2.33388765e+00,1.00003476e-09
9,2.39001425e-01,7.57349813e-09,90,14,1,43,normal_corr_dominates,1.56541057e+01,1.00000000e+00,2.49999909e+07,-9.05569556e+00,6.17963031e-01,-9.67365859e+00,1.00003472e-09
9,2.39001425e-01,7.57349813e-09,90,14,2,44,normal_corr_dominates,9.14104113e+00,1.00000000e+00,2.50000063e+07,6.26678851e+00,6.17963031e-01,5.64882548e+00,1.00004590e-09
9,2.39001425e-01,7.57349813e-09,90,15,0,45,normal_corr_dominates,1.34334564e+00,1.00000000e+00,2.49999970e+07,-3.03921680e+00,-1.29695626e+00,-1.74226054e+00,1.00003392e-09
9,2.39001425e-01,7.57349813e-09,90,15,1,46,normal_corr_dominates,2.21872512e+00,1.00000000e+00,2.49999958e+07,-4.17454569e+00,-1.29695626e+00,-2.87758943e+00,1.00005018e-09
9,2.39001425e-01,7.57349813e-09,90,15,2,47,normal_corr_dominates,1.84228774e+00,1.00000000e+00,2.49999963e+07,-3.68632288e+00,-1.29695626e+00,-2.38936662e+00,1.00003764e-09
9,2.39001425e-01,7.57349813e-09,90,17,0,51,normal_corr_dominates,3.90103833e+01,1.00000000e+00,2.49999926e+07,-7.35474246e+00,-1.83820845e-01,-7.17092162e+00,1.00006203e-09
9,2.39001425e-01,7.57349813e-09,90,17,1,52,normal_corr_dominates,1.95411896e+01,1.00000000e+00,2.49999962e+07,-3.77589883e+00,-1.83820845e-01,-3.59207799e+00,9.99995536e-10
9,2.39001425e-01,7.57349813e-09,90,17,1,52,corr_ratio_high,4.81422205e+00,5.00000000e-01,2.49999962e+07,-3.77589883e+00,-1.83820845e-01,-3.59207799e+00,9.99995536e-10
9,2.39001425e-01,7.57349813e-09,90,17,2,53,normal_corr_dominates,2.07794607e+01,1.00000000e+00,2.50000036e+07,3.63587718e+00,-1.83820845e-01,3.81969803e+00,1.00007617e-09
9,2.39001425e-01,7.57349813e-09,90,18,0,54,normal_corr_dominates,4.53554128e+00,1.00000000e+00,2.50000041e+07,4.09168128e+00,-1.15729982e+00,5.24898110e+00,1.00004516e-09
9,2.39001425e-01,7.57349813e-09,90,18,1,55,normal_corr_dominates,1.98576354e+00,1.00000000e+00,2.49999965e+07,-3.45542361e+00,-1.15729982e+00,-2.29812379e+00,1.00003123e-09
9,2.39001425e-01,7.57349813e-09,90,18,2,56,normal_corr_dominates,1.47158162e+00,1.00000000e+00,2.49999971e+07,-2.86036097e+00,-1.15729982e+00,-1.70306115e+00,1.00003901e-09
9,2.39001425e-01,7.57349813e-09,90,19,0,57,corr_ratio_high,2.21588555e+00,5.00000000e-01,2.49999974e+07,-2.58306092e+00,-2.98374353e+00,4.00682614e-01,1.00001445e-09
9,2.39001425e-01,7.57349813e-09,90,19,1,58,corr_ratio_high,5.87263047e-01,5.00000000e-01,2.49999991e+07,-8.70855141e-01,-2.98374353e+00,2.11288839e+00,1.00008879e-09
9,2.39001425e-01,7.57349813e-09,90,20,2,62,normal_corr_dominates,1.32755635e+00,1.00000000e+00,2.50000007e+07,7.01686071e-01,-2.14218429e+00,2.84387036e+00,1.00004012e-09
9,2.39001425e-01,7.57349813e-09,90,21,0,63,normal_corr_dominates,1.28855126e+00,1.00000000e+00,2.49999960e+07,-3.95152237e+00,-1.72664796e+00,-2.22487440e+00,1.00003756e-09
9,2.39001425e-01,7.57349813e-09,90,21,1,64,normal_corr_dominates,3.92384105e+00,1.00000000e+00,2.50000050e+07,5.04844420e+00,-1.72664796e+00,6.77509216e+00,1.00004511e-09
9,2.39001425e-01,7.57349813e-09,90,21,2,65,normal_corr_dominates,1.84056999e+00,1.00000000e+00,2.49999951e+07,-4.90466440e+00,-1.72664796e+00,-3.17801643e+00,1.00005377e-09
9,2.39001425e-01,7.57349813e-09,90,22,0,66,normal_corr_dominates,1.52402033e+01,1.00000000e+00,2.49999959e+07,-4.06579331e+00,2.85515118e-01,-4.35130843e+00,1.00003416e-09
9,2.39001425e-01,7.57349813e-09,90,22,1,67,normal_corr_dominates,1.52095892e+01,1.00000000e+00,2.49999959e+07,-4.05705253e+00,2.85515118e-01,-4.34256765e+00,1.00004962e-09
9,2.39001425e-01,7.57349813e-09,90,22,2,68,normal_corr_dominates,7.79689487e+00,1.00000000e+00,2.50000025e+07,2.51164648e+00,2.85515118e-01,2.22613136e+00,1.00006044e-09
9,2.39001425e-01,7.57349813e-09,90,24,0,72,corr_ratio_high,1.20714889e+00,5.00000000e-01,2.49999989e+07,-1.06394832e+00,-2.53521395e+00,1.47126563e+00,1.00002048e-09
9,2.39001425e-01,7.57349813e-09,90,24,1,73,normal_corr_dominates,1.20901518e+00,1.00000000e+00,2.49999944e+07,-5.60032609e+00,-2.53521395e+00,-3.06511214e+00,1.00004891e-09
9,2.39001425e-01,7.57349813e-09,90,25,1,76,normal_corr_dominates,5.03331090e+00,1.00000000e+00,2.50000040e+07,4.02355195e+00,-9.97580411e-01,5.02113236e+00,1.00006179e-09
9,2.39001425e-01,7.57349813e-09,90,25,2,77,normal_corr_dominates,5.81044806e+00,1.00000000e+00,2.50000048e+07,4.79880875e+00,-9.97580411e-01,5.79638916e+00,1.00001521e-09
9,2.39001425e-01,7.57349813e-09,90,25,2,77,corr_ratio_high,2.05798254e+00,5.00000000e-01,2.50000048e+07,4.79880875e+00,-9.97580411e-01,5.79638916e+00,1.00001521e-09
9,2.39001425e-01,7.57349813e-09,90,16,0,48,normal_corr_dominates,8.06257322e+00,1.00000000e+00,2.49999898e+07,-1.01744604e+01,-1.12269001e+00,-9.05177044e+00,1.00002636e-09
9,2.39001425e-01,7.57349813e-09,90,16,0,48,corr_ratio_high,1.47805338e+00,5.00000000e-01,2.49999898e+07,-1.01744604e+01,-1.12269001e+00,-9.05177044e+00,1.00002636e-09
9,2.39001425e-01,7.57349813e-09,90,16,1,49,normal_corr_dominates,2.64256379e+00,1.00000000e+00,2.50000018e+07,1.84408996e+00,-1.12269001e+00,2.96677997e+00,1.00005260e-09
9,2.39001425e-01,7.57349813e-09,90,16,2,50,normal_corr_dominates,1.49164016e+00,1.00000000e+00,2.50000006e+07,5.51959496e-01,-1.12269001e+00,1.67464951e+00,1.00006011e-09
10,2.68058914e-01,8.49427441e-09,90,0,0,0,normal_corr_dominates,3.18321771e+00,1.00000000e+00,2.50000017e+07,1.68883568e+00,-7.73553491e-01,2.46238917e+00,1.00007364e-09
10,2.68058914e-01,8.49427441e-09,90,0,1,1,normal_corr_dominates,6.23844386e+00,1.00000000e+00,2.50000041e+07,4.05221654e+00,-7.73553491e-01,4.82577003e+00,1.00005155e-09
10,2.68058914e-01,8.49427441e-09,90,0,2,2,corr_ratio_high,2.47138030e+00,5.00000000e-01,2.49999990e+07,-9.61821662e-01,-7.73553491e-01,-1.88268171e-01,1.00001636e-09
10,2.68058914e-01,8.49427441e-09,90,1,0,3,normal_corr_dominates,2.47582023e+00,1.00000000e+00,2.50000034e+07,3.37541238e+00,-2.28714332e+00,5.66255570e+00,1.00006128e-09
10,2.68058914e-01,8.49427441e-09,90,3,1,10,normal_corr_dominates,2.98140428e+00,1.00000000e+00,2.50000041e+07,4.10490415e+00,-2.07171458e+00,6.17661873e+00,1.00006138e-09
10,2.68058914e-01,8.49427441e-09,90,3,2,11,normal_corr_dominates,2.77232886e+00,1.00000000e+00,2.50000037e+07,3.67175955e+00,-2.07171458e+00,5.74347414e+00,1.00003865e-09
10,2.68058914e-01,8.49427441e-09,90,3,2,11,corr_ratio_high,6.46155151e-01,5.00000000e-01,2.50000037e+07,3.67175955e+00,-2.07171458e+00,5.74347414e+00,1.00003865e-09
10,2.68058914e-01,8.49427441e-09,90,4,0,12,normal_corr_dominates,1.28025914e+01,1.00000000e+00,2.50000031e+07,3.11756425e+00,-2.64142351e-01,3.38170660e+00,1.00006170e-09
10,2.68058914e-01,8.49427441e-09,90,4,1,13,normal_corr_dominates,3.04842544e+01,1.00000000e+00,2.50000078e+07,7.78804026e+00,-2.64142351e-01,8.05218261e+00,1.00003447e-09
10,2.68058914e-01,8.49427441e-09,90,4,1,13,corr_ratio_high,5.34289960e-01,5.00000000e-01,2.50000078e+07,7.78804026e+00,-2.64142351e-01,8.05218261e+00,1.00003447e-09
10,2.68058914e-01,8.49427441e-09,90,4,2,14,normal_corr_dominates,1.04133374e+00,1.00000000e+00,2.50000000e+07,1.09179924e-02,-2.64142351e-01,2.75060343e-01,1.00007435e-09
10,2.68058914e-01,8.49427441e-09,90,5,0,15,normal_corr_dominates,1.15228463e+02,1.00000000e+00,2.50000112e+07,1.11670219e+01,9.60782032e-02,1.10709437e+01,1.00003075e-09
10,2.68058914e-01,8.49427441e-09,90,5,1,16,normal_corr_dominates,1.65215271e+02,1.00000000e+00,2.49999842e+07,-1.57775082e+01,9.60782032e-02,-1.58735864e+01,1.00009040e-09
10,2.68058914e-01,8.49427441e-09,90,5,2,17,normal_corr_dominates,1.88564239e+01,1.00000000e+00,2.50000019e+07,1.90776953e+00,9.60782032e-02,1.81169133e+00,1.00000912e-09
10,2.68058914e-01,8.49427441e-09,90,5,2,17,corr_ratio_high,4.01026839e+00,5.00000000e-01,2.50000019e+07,1.90776953e+00,9.60782032e-02,1.81169133e+00,1.00000912e-09
10,2.68058914e-01,8.49427441e-09,90,6,0,18,normal_corr_dominates,1.58779893e+00,1.00000000e+00,2.49999915e+07,-8.49601672e+00,-3.28310543e+00,-5.21291128e+00,1.00002798e-09
10,2.68058914e-01,8.49427441e-09,90,6,0,18,corr_ratio_high,1.33546177e+00,5.00000000e-01,2.49999915e+07,-8.49601672e+00,-3.28310543e+00,-5.21291128e+00,1.00002798e-09
10,2.68058914e-01,8.49427441e-09,90,6,1,19,normal_corr_dominates,2.39700939e+00,1.00000000e+00,2.50000046e+07,4.58652910e+00,-3.28310543e+00,7.86963454e+00,1.00009704e-09
10,2.68058914e-01,8.49427441e-09,90,6,1,19,corr_ratio_high,5.55876441e-01,5.00000000e-01,2.50000046e+07,4.58652910e+00,-3.28310543e+00,7.86963454e+00,1.00009704e-09
10,2.68058914e-01,8.49427441e-09,90,6,2,20,normal_corr_dominates,1.28510159e+00,1.00000000e+00,2.49999925e+07,-7.50222943e+00,-3.28310543e+00,-4.21912400e+00,1.00003228e-09
10,2.68058914e-01,8.49427441e-09,90,6,2,20,corr_ratio_high,8.64699478e-01,5.00000000e-01,2.49999925e+07,-7.50222943e+00,-3.28310543e+00,-4.21912400e+00,1.00003228e-09
10,2.68058914e-01,8.49427441e-09,90,7,0,21,normal_corr_dominates,1.28125518e+01,1.00000000e+00,2.50000080e+07,7.98254827e+00,-6.75768316e-01,8.65831659e+00,1.00004319e-09
10,2.68058914e-01,8.49427441e-09,90,7,1,22,normal_corr_dominates,8.32074842e+00,1.00000000e+00,2.50000049e+07,4.94712984e+00,-6.75768316e-01,5.62289815e+00,1.00004797e-09
10,2.68058914e-01,8.49427441e-09,90,7,2,23,normal_corr_dominates,3.03798425e+00,1.00000000e+00,2.49999973e+07,-2.72874182e+00,-6.75768316e-01,-2.05297350e+00,1.00002691e-09
10,2.68058914e-01,8.49427441e-09,90,7,2,23,corr_ratio_high,5.94907332e-01,5.00000000e-01,2.49999973e+07,-2.72874182e+00,-6.75768316e-01,-2.05297350e+00,1.00002691e-09
10,2.68058914e-01,8.49427441e-09,90,8,0,24,normal_corr_dominates,1.98873894e+00,1.00000000e+00,2.50000034e+07,3.43577108e+00,-3.47490216e+00,6.91067324e+00,1.00004699e-09
10,2.68058914e-01,8.49427441e-09,90,8,1,25,normal_corr_dominates,1.09571861e+00,1.00000000e+00,2.50000003e+07,3.32612790e-01,-3.47490216e+00,3.80751495e+00,1.00009745e-09
10,2.68058914e-01,8.49427441e-09,90,8,1,25,corr_ratio_high,5.75466753e-01,5.00000000e-01,2.50000003e+07,3.32612790e-01,-3.47490216e+00,3.80751495e+00,1.00009745e-09
10,2.68058914e-01,8.49427441e-09,90,8,2,26,corr_ratio_high,6.97276373e-01,5.00000000e-01,2.49999942e+07,-5.82392801e+00,-3.47490216e+00,-2.34902585e+00,1.00003335e-09
10,2.68058914e-01,8.49427441e-09,90,9,2,29,normal_corr_dominates,1.80928769e+00,1.00000000e+00,2.50000022e+07,2.18521442e+00,-2.70017010e+00,4.88538453e+00,1.00004173e-09
10,2.68058914e-01,8.49427441e-09,90,10,2,32,normal_corr_dominates,1.91629473e+00,1.00000000e+00,2.50000031e+07,3.08499231e+00,-3.36681222e+00,6.45180452e+00,1.00004100e-09
10,2.68058914e-01,8.49427441e-09,90,11,0,33,normal_corr_dominates,1.17872858e+01,1.00000000e+00,2.50000082e+07,8.16134557e+00,-7.56570809e-01,8.91791638e+00,1.00005467e-09
10,2.68058914e-01,8.49427441e-09,90,11,1,34,corr_ratio_high,1.77236331e+00,5.00000000e-01,2.49999993e+07,-6.97319619e-01,-7.56570809e-01,5.92511903e-02,1.00001782e-09
10,2.68058914e-01,8.49427441e-09,90,11,2,35,normal_corr_dominates,5.00035246e+00,1.00000000e+00,2.49999955e+07,-4.53969151e+00,-7.56570809e-01,-3.78312070e+00,1.00004912e-09
10,2.68058914e-01,8.49427441e-09,90,12,1,37,normal_corr_dominates,1.62255682e+00,1.00000000e+00,2.50000015e+07,1.47760843e+00,-2.37345152e+00,3.85105995e+00,1.00005077e-09
10,2.68058914e-01,8.49427441e-09,90,14,0,42,normal_corr_dominates,3.78561707e+00,1.00000000e+00,2.49999981e+07,-1.91689733e+00,6.88141006e-01,-2.60503834e+00,1.00003881e-09
10,2.68058914e-01,8.49427441e-09,90,14,1,43,normal_corr_dominates,1.56890613e+01,1.00000000e+00,2.49999899e+07,-1.01081455e+01,6.88141006e-01,-1.07962865e+01,1.00003875e-09
10,2.68058914e-01,8.49427441e-09,90,14,2,44,normal_corr_dominates,9.16245866e+00,1.00000000e+00,2.50000070e+07,6.99320453e+00,6.88141006e-01,6.30506352e+00,1.00005123e-09
10,2.68058914e-01,8.49427441e-09,90,15,0,45,normal_corr_dominates,1.34198539e+00,1.00000000e+00,2.49999966e+07,-3.39329332e+00,-1.44889602e+00,-1.94439730e+00,1.00003787e-09
10,2.68058914e-01,8.49427441e-09,90,15,1,46,normal_corr_dominates,2.21648935e+00,1.00000000e+00,2.49999953e+07,-4.66035863e+00,-1.44889602e+00,-3.21146261e+00,1.00005600e-09
10,2.68058914e-01,8.49427441e-09,90,15,2,47,normal_corr_dominates,1.84028762e+00,1.00000000e+00,2.49999959e+07,-4.11528144e+00,-1.44889602e+00,-2.66638542e+00,1.00004202e-09
10,2.68058914e-01,8.49427441e-09,90,17,0,51,normal_corr_dominates,3.84398804e+01,1.00000000e+00,2.49999918e+07,-8.21240297e+00,-2.08225859e-01,-8.00417711e+00,1.00006924e-09
10,2.68058914e-01,8.49427441e-09,90,17,1,52,normal_corr_dominates,1.92473882e+01,1.00000000e+00,2.49999958e+07,-4.21602979e+00,-2.08225859e-01,-4.00780394e+00,9.99995023e-10
10,2.68058914e-01,8.49427441e-09,90,17,1,52,corr_ratio_high,4.81523707e+00,5.00000000e-01,2.49999958e+07,-4.21602979e+00,-2.08225859e-01,-4.00780394e+00,9.99995023e-10
10,2.68058914e-01,8.49427441e-09,90,17,2,53,normal_corr_dominates,2.04698285e+01,1.00000000e+00,2.50000041e+07,4.05412175e+00,-2.08225859e-01,4.26234761e+00,1.00008502e-09
10,2.68058914e-01,8.49427441e-09,90,18,0,54,normal_corr_dominates,4.52675222e+00,1.00000000e+00,2.50000046e+07,4.56377414e+00,-1.29404445e+00,5.85781859e+00,1.00005041e-09
10,2.68058914e-01,8.49427441e-09,90,18,1,55,normal_corr_dominates,1.98208632e+00,1.00000000e+00,2.49999961e+07,-3.85895225e+00,-1.29404445e+00,-2.56490780e+00,1.00003486e-09
10,2.68058914e-01,8.49427441e-09,90,18,2,56,normal_corr_dominates,1.46841363e+00,1.00000000e+00,2.49999968e+07,-3.19423696e+00,-1.29404445e+00,-1.90019251e+00,1.00004355e-09
10,2.68058914e-01,8.49427441e-09,90,19,0,57,corr_ratio_high,2.21506386e+00,5.00000000e-01,2.49999971e+07,-2.88457109e+00,-3.33247328e+00,4.47902194e-01,1.00001613e-09
10,2.68058914e-01,8.49427441e-09,90,19,1,58,corr_ratio_high,5.87233693e-01,5.00000000e-01,2.49999990e+07,-9.75946039e-01,-3.33247328e+00,2.35652725e+00,1.00009911e-09
10,2.68058914e-01,8.49427441e-09,90,20,2,62,normal_corr_dominates,1.32590712e+00,1.00000000e+00,2.50000008e+07,7.79879875e-01,-2.39295132e+00,3.17283120e+00,1.00004478e-09
10,2.68058914e-01,8.49427441e-09,90,21,0,63,normal_corr_dominates,1.28771611e+00,1.00000000e+00,2.49999956e+07,-4.41150989e+00,-1.92834673e+00,-2.48316316e+00,1.00004192e-09
10,2.68058914e-01,8.49427441e-09,90,21,1,64,normal_corr_dominates,3.92157622e+00,1.00000000e+00,2.50000056e+07,5.63381196e+00,-1.92834673e+00,7.56215870e+00,1.00005035e-09
10,2.68058914e-01,8.49427441e-09,90,21,2,65,normal_corr_dominates,1.83971906e+00,1.00000000e+00,2.49999945e+07,-5.47596298e+00,-1.92834673e+00,-3.54761624e+00,1.00006002e-09
10,2.68058914e-01,8.49427441e-09,90,22,0,66,normal_corr_dominates,1.53700829e+01,1.00000000e+00,2.49999955e+07,-4.54007147e+00,3.15939128e-01,-4.85601060e+00,1.00003813e-09
10,2.68058914e-01,8.49427441e-09,90,22,1,67,normal_corr_dominates,1.53416372e+01,1.00000000e+00,2.49999955e+07,-4.53108435e+00,3.15939128e-01,-4.84702348e+00,1.00005538e-09
10,2.68058914e-01,8.49427441e-09,90,22,2,68,normal_corr_dominates,7.86327010e+00,1.00000000e+00,2.50000028e+07,2.80025382e+00,3.15939128e-01,2.48431470e+00,1.00006746e-09
10,2.68058914e-01,8.49427441e-09,90,24,0,72,corr_ratio_high,1.20694620e+00,5.00000000e-01,2.49999988e+07,-1.18684314e+00,-2.83173825e+00,1.64489511e+00,1.00002286e-09
10,2.68058914e-01,8.49427441e-09,90,24,1,73,normal_corr_dominates,1.20824841e+00,1.00000000e+00,2.49999937e+07,-6.25318151e+00,-2.83173825e+00,-3.42144325e+00,1.00005459e-09
10,2.68058914e-01,8.49427441e-09,90,25,1,76,normal_corr_dominates,5.02493917e+00,1.00000000e+00,2.50000045e+07,4.48963150e+00,-1.11545326e+00,5.60508476e+00,1.00006897e-09
10,2.68058914e-01,8.49427441e-09,90,25,2,77,normal_corr_dominates,5.79825632e+00,1.00000000e+00,2.50000054e+07,5.35223063e+00,-1.11545326e+00,6.46768389e+00,1.00001698e-09
10,2.68058914e-01,8.49427441e-09,90,25,2,77,corr_ratio_high,2.05824290e+00,5.00000000e-01,2.50000054e+07,5.35223063e+00,-1.11545326e+00,6.46768389e+00,1.00001698e-09
10,2.68058914e-01,8.49427441e-09,90,16,0,48,normal_corr_dominates,8.04415665e+00,1.00000000e+00,2.49999886e+07,-1.13575643e+01,-1.25579031e+00,-1.01017740e+01,1.00002942e-09
10,2.68058914e-01,8.49427441e-09,90,16,0,48,corr_ratio_high,1.47768470e+00,5.00000000e-01,2.49999886e+07,-1.13575643e+01,-1.25579031e+00,-1.01017740e+01,1.00002942e-09
10,2.68058914e-01,8.49427441e-09,90,16,1,49,normal_corr_dominates,2.63648937e+00,1.00000000e+00,2.50000021e+07,2.05508750e+00,-1.25579031e+00,3.31087781e+00,1.00005871e-09
10,2.68058914e-01,8.49427441e-09,90,16,2,50,normal_corr_dominates,1.48819526e+00,1.00000000e+00,2.50000006e+07,6.13070876e-01,-1.25579031e+00,1.86886119e+00,1.00006710e-09
11,2.92309924e-01,9.26274254e-09,90,0,0,0,normal_corr_dominates,3.17846608e+00,1.00000000e+00,2.50000018e+07,1.83353241e+00,-8.41662131e-01,2.67519454e+00,1.00007999e-09
11,2.92309924e-01,9.26274254e-09,90,0,1,1,normal_corr_dominates,6.22548582e+00,1.00000000e+00,2.50000044e+07,4.39809354e+00,-8.41662131e-01,5.23975567e+00,1.00005600e-09
11,2.92309924e-01,9.26274254e-09,90,0,2,2,corr_ratio_high,2.47044790e+00,5.00000000e-01,2.49999990e+07,-1.04616420e+00,-8.41662131e-01,-2.04502068e-01,1.00001778e-09
11,2.92309924e-01,9.26274254e-09,90,1,0,3,normal_corr_dominates,2.47380582e+00,1.00000000e+00,2.50000037e+07,3.66424120e+00,-2.48624422e+00,6.15048542e+00,1.00006656e-09
11,2.92309924e-01,9.26274254e-09,90,3,1,10,normal_corr_dominates,2.98029352e+00,1.00000000e+00,2.50000045e+07,4.45896039e+00,-2.25166641e+00,6.71062680e+00,1.00006668e-09
11,2.92309924e-01,9.26274254e-09,90,3,2,11,normal_corr_dominates,2.76979085e+00,1.00000000e+00,2.50000040e+07,3.98497860e+00,-2.25166641e+00,6.23664500e+00,1.00004199e-09
11,2.92309924e-01,9.26274254e-09,90,3,2,11,corr_ratio_high,6.46221754e-01,5.00000000e-01,2.50000040e+07,3.98497860e+00,-2.25166641e+00,6.23664500e+00,1.00004199e-09
11,2.92309924e-01,9.26274254e-09,90,4,0,12,normal_corr_dominates,1.27039495e+01,1.00000000e+00,2.50000034e+07,3.38372808e+00,-2.89109935e-01,3.67283801e+00,1.00006702e-09
11,2.92309924e-01,9.26274254e-09,90,4,1,13,normal_corr_dominates,3.02523014e+01,1.00000000e+00,2.50000085e+07,8.45713095e+00,-2.89109935e-01,8.74624088e+00,1.00003744e-09
11,2.92309924e-01,9.26274254e-09,90,4,1,13,corr_ratio_high,5.34342517e-01,5.00000000e-01,2.50000085e+07,8.45713095e+00,-2.89109935e-01,8.74624088e+00,1.00003744e-09
11,2.92309924e-01,9.26274254e-09,90,4,2,14,normal_corr_dominates,1.03217263e+00,1.00000000e+00,2.50000000e+07,9.30142793e-03,-2.89109935e-01,2.98411363e-01,1.00008077e-09
11,2.92309924e-01,9.26274254e-09,90,5,0,15,normal_corr_dominates,1.17894850e+02,1.00000000e+00,2.50000121e+07,1.21279563e+01,1.02005733e-01,1.20259505e+01,1.00003340e-09
11,2.92309924e-01,9.26274254e-09,90,5,1,16,normal_corr_dominates,1.69040636e+02,1.00000000e+00,2.49999829e+07,-1.71411082e+01,1.02005733e-01,-1.72431139e+01,1.00009820e-09
11,2.92309924e-01,9.26274254e-09,90,5,2,17,normal_corr_dominates,1.92963205e+01,1.00000000e+00,2.50000021e+07,2.07034104e+00,1.02005733e-01,1.96833531e+00,1.00000992e-09
11,2.92309924e-01,9.26274254e-09,90,5,2,17,corr_ratio_high,4.00887471e+00,5.00000000e-01,2.50000021e+07,2.07034104e+00,1.02005733e-01,1.96833531e+00,1.00000992e-09
11,2.92309924e-01,9.26274254e-09,90,6,0,18,normal_corr_dominates,1.58736143e+00,1.00000000e+00,2.49999908e+07,-9.22910312e+00,-3.56699416e+00,-5.66210896e+00,1.00003040e-09
11,2.92309924e-01,9.26274254e-09,90,6,0,18,corr_ratio_high,1.33532319e+00,5.00000000e-01,2.49999908e+07,-9.22910312e+00,-3.56699416e+00,-5.66210896e+00,1.00003040e-09
11,2.92309924e-01,9.26274254e-09,90,6,1,19,normal_corr_dominates,2.39636702e+00,1.00000000e+00,2.50000050e+07,4.98083301e+00,-3.56699416e+00,8.54782718e+00,1.00010541e-09
11,2.92309924e-01,9.26274254e-09,90,6,1,19,corr_ratio_high,5.55872772e-01,5.00000000e-01,2.50000050e+07,4.98083301e+00,-3.56699416e+00,8.54782718e+00,1.00010541e-09
11,2.92309924e-01,9.26274254e-09,90,6,2,20,normal_corr_dominates,1.28500317e+00,1.00000000e+00,2.49999918e+07,-8.15059296e+00,-3.56699416e+00,-4.58359880e+00,1.00003507e-09
11,2.92309924e-01,9.26274254e-09,90,6,2,20,corr_ratio_high,8.64423539e-01,5.00000000e-01,2.49999918e+07,-8.15059296e+00,-3.56699416e+00,-4.58359880e+00,1.00003507e-09
11,2.92309924e-01,9.26274254e-09,90,7,0,21,normal_corr_dominates,1.27770018e+01,1.00000000e+00,2.50000087e+07,8.66832980e+00,-7.36038759e-01,9.40436856e+00,1.00004692e-09
11,2.92309924e-01,9.26274254e-09,90,7,1,22,normal_corr_dominates,8.29817450e+00,1.00000000e+00,2.50000054e+07,5.37173930e+00,-7.36038759e-01,6.10777806e+00,1.00005211e-09
11,2.92309924e-01,9.26274254e-09,90,7,2,23,normal_corr_dominates,3.02932998e+00,1.00000000e+00,2.49999970e+07,-2.96574304e+00,-7.36038759e-01,-2.22970428e+00,1.00002924e-09
11,2.92309924e-01,9.26274254e-09,90,7,2,23,corr_ratio_high,5.94852827e-01,5.00000000e-01,2.49999970e+07,-2.96574304e+00,-7.36038759e-01,-2.22970428e+00,1.00002924e-09
11,2.92309924e-01,9.26274254e-09,90,8,0,24,normal_corr_dominates,1.98759381e+00,1.00000000e+00,2.50000037e+07,3.72969910e+00,-3.77655173e+00,7.50625084e+00,1.00005104e-09
11,2.92309924e-01,9.26274254e-09,90,8,1,25,normal_corr_dominates,1.09476406e+00,1.00000000e+00,2.50000004e+07,3.57881364e-01,-3.77655173e+00,4.13443310e+00,1.00010586e-09
11,2.92309924e-01,9.26274254e-09,90,8,1,25,corr_ratio_high,5.75442956e-01,5.00000000e-01,2.50000004e+07,3.57881364e-01,-3.77655173e+00,4.13443310e+00,1.00010586e-09
11,2.92309924e-01,9.26274254e-09,90,8,2,26,corr_ratio_high,6.97150415e-01,5.00000000e-01,2.49999937e+07,-6.32755390e+00,-3.77655173e+00,-2.55100216e+00,1.00003623e-09
11,2.92309924e-01,9.26274254e-09,90,9,2,29,normal_corr_dominates,1.80765377e+00,1.00000000e+00,2.50000024e+07,2.37041606e+00,-2.93494087e+00,5.30535693e+00,1.00004534e-09
11,2.92309924e-01,9.26274254e-09,90,10,2,32,normal_corr_dominates,1.91481482e+00,1.00000000e+00,2.50000033e+07,3.34721261e+00,-3.65889636e+00,7.00610898e+00,1.00004454e-09
11,2.92309924e-01,9.26274254e-09,90,11,0,33,normal_corr_dominates,1.17561114e+01,1.00000000e+00,2.50000089e+07,8.86213329e+00,-8.23916090e-01,9.68604938e+00,1.00005940e-09
11,2.92309924e-01,9.26274254e-09,90,11,1,34,corr_ratio_high,1.77219784e+00,5.00000000e-01,2.49999992e+07,-7.56968899e-01,-8.23916090e-01,6.69471912e-02,1.00001936e-09
11,2.92309924e-01,9.26274254e-09,90,11,2,35,normal_corr_dominates,4.98734179e+00,1.00000000e+00,2.49999951e+07,-4.93306724e+00,-8.23916090e-01,-4.10915115e+00,1.00005336e-09
11,2.92309924e-01,9.26274254e-09,90,12,1,37,normal_corr_dominates,1.62080470e+00,1.00000000e+00,2.50000016e+07,1.60172258e+00,-2.58007480e+00,4.18179738e+00,1.00005516e-09
11,2.92309924e-01,9.26274254e-09,90,14,0,42,normal_corr_dominates,3.79258262e+00,1.00000000e+00,2.49999979e+07,-2.08374045e+00,7.46169671e-01,-2.82991012e+00,1.00004216e-09
11,2.92309924e-01,9.26274254e-09,90,14,1,43,normal_corr_dominates,1.57162989e+01,1.00000000e+00,2.49999890e+07,-1.09808559e+01,7.46169671e-01,-1.17270256e+01,1.00004209e-09
11,2.92309924e-01,9.26274254e-09,90,14,2,44,normal_corr_dominates,9.17921432e+00,1.00000000e+00,2.50000076e+07,7.59542100e+00,7.46169671e-01,6.84925133e+00,1.00005566e-09
11,2.92309924e-01,9.26274254e-09,90,15,0,45,normal_corr_dominates,1.34095375e+00,1.00000000e+00,2.49999963e+07,-3.68703900e+00,-1.57501574e+00,-2.11202326e+00,1.00004113e-09
11,2.92309924e-01,9.26274254e-09,90,15,1,46,normal_corr_dominates,2.21472121e+00,1.00000000e+00,2.49999949e+07,-5.06323651e+00,-1.57501574e+00,-3.48822077e+00,1.00006084e-09
11,2.92309924e-01,9.26274254e-09,90,15,2,47,normal_corr_dominates,1.83872860e+00,1.00000000e+00,2.49999955e+07,-4.47104222e+00,-1.57501574e+00,-2.89602648e+00,1.00004565e-09
11,2.92309924e-01,9.26274254e-09,90,17,0,51,normal_corr_dominates,3.80133444e+01,1.00000000e+00,2.49999911e+07,-8.92384390e+00,-2.28738244e-01,-8.69510566e+00,1.00007522e-09
11,2.92309924e-01,9.26274254e-09,90,17,1,52,normal_corr_dominates,1.90278162e+01,1.00000000e+00,2.49999954e+07,-4.58112752e+00,-2.28738244e-01,-4.35238928e+00,9.99994599e-10
11,2.92309924e-01,9.26274254e-09,90,17,1,52,corr_ratio_high,4.81603406e+00,5.00000000e-01,2.49999954e+07,-4.58112752e+00,-2.28738244e-01,-4.35238928e+00,9.99994599e-10
11,2.92309924e-01,9.26274254e-09,90,17,2,53,normal_corr_dominates,2.02384711e+01,1.00000000e+00,2.50000044e+07,4.40057410e+00,-2.28738244e-01,4.62931234e+00,1.00009236e-09
11,2.92309924e-01,9.26274254e-09,90,18,0,54,normal_corr_dominates,4.51993668e+00,1.00000000e+00,2.50000050e+07,4.95489356e+00,-1.40766554e+00,6.36255909e+00,1.00005477e-09
11,2.92309924e-01,9.26274254e-09,90,18,1,55,normal_corr_dominates,1.97922145e+00,1.00000000e+00,2.49999958e+07,-4.19374736e+00,-1.40766554e+00,-2.78608182e+00,1.00003787e-09
11,2.92309924e-01,9.26274254e-09,90,18,2,56,normal_corr_dominates,1.46594407e+00,1.00000000e+00,2.49999965e+07,-3.47122449e+00,-1.40766554e+00,-2.06355895e+00,1.00004730e-09
11,2.92309924e-01,9.26274254e-09,90,19,0,57,corr_ratio_high,2.21439358e+00,5.00000000e-01,2.49999969e+07,-3.13471368e+00,-3.62186577e+00,4.87152089e-01,1.00001752e-09
11,2.92309924e-01,9.26274254e-09,90,19,1,58,corr_ratio_high,5.87210759e-01,5.00000000e-01,2.49999989e+07,-1.06342986e+00,-3.62186577e+00,2.55843591e+00,1.00010766e-09
11,2.92309924e-01,9.26274254e-09,90,20,2,62,normal_corr_dominates,1.32461749e+00,1.00000000e+00,2.50000008e+07,8.44359434e-01,-2.60109036e+00,3.44544979e+00,1.00004865e-09
11,2.92309924e-01,9.26274254e-09,90,21,0,63,normal_corr_dominates,1.28707823e+00,1.00000000e+00,2.49999952e+07,-4.79305581e+00,-2.09571135e+00,-2.69734446e+00,1.00004554e-09
11,2.92309924e-01,9.26274254e-09,90,21,1,64,normal_corr_dominates,3.91982145e+00,1.00000000e+00,2.50000061e+07,6.11910296e+00,-2.09571135e+00,8.21481432e+00,1.00005469e-09
11,2.92309924e-01,9.26274254e-09,90,21,2,65,normal_corr_dominates,1.83903415e+00,1.00000000e+00,2.49999941e+07,-5.94979609e+00,-2.09571135e+00,-3.85408474e+00,1.00006520e-09
11,2.92309924e-01,9.26274254e-09,90,22,0,66,normal_corr_dominates,1.54715616e+01,1.00000000e+00,2.49999951e+07,-4.93354997e+00,3.40913447e-01,-5.27446341e+00,1.00004143e-09
11,2.92309924e-01,9.26274254e-09,90,22,1,67,normal_corr_dominates,1.54446699e+01,1.00000000e+00,2.49999951e+07,-4.92438220e+00,3.40913447e-01,-5.26529564e+00,1.00006016e-09
11,2.92309924e-01,9.26274254e-09,90,22,2,68,normal_corr_dominates,7.91512314e+00,1.00000000e+00,2.50000030e+07,3.03928536e+00,3.40913447e-01,2.69837191e+00,1.00007329e-09
11,2.92309924e-01,9.26274254e-09,90,24,0,72,corr_ratio_high,1.20677466e+00,5.00000000e-01,2.49999987e+07,-1.28869054e+00,-3.07782684e+00,1.78913629e+00,1.00002484e-09
11,2.92309924e-01,9.26274254e-09,90,24,1,73,normal_corr_dominates,1.20764858e+00,1.00000000e+00,2.49999932e+07,-6.79476004e+00,-3.07782684e+00,-3.71693320e+00,1.00005930e-09
11,2.92309924e-01,9.26274254e-09,90,25,1,76,normal_corr_dominates,5.01862549e+00,1.00000000e+00,2.50000049e+07,4.87599355e+00,-1.21334858e+00,6.08934213e+00,1.00007492e-09
11,2.92309924e-01,9.26274254e-09,90,25,2,77,normal_corr_dominates,5.78899376e+00,1.00000000e+00,2.50000058e+07,5.81071881e+00,-1.21334858e+00,7.02406739e+00,1.00001844e-09
11,2.92309924e-01,9.26274254e-09,90,25,2,77,corr_ratio_high,2.05843095e+00,5.00000000e-01,2.50000058e+07,5.81071881e+00,-1.21334858e+00,7.02406739e+00,1.00001844e-09
11,2.92309924e-01,9.26274254e-09,90,16,0,48,normal_corr_dominates,8.03009940e+00,1.00000000e+00,2.49999877e+07,-1.23387250e+01,-1.36639969e+00,-1.09723253e+01,1.00003196e-09
11,2.92309924e-01,9.26274254e-09,90,16,0,48,corr_ratio_high,1.47739128e+00,5.00000000e-01,2.49999877e+07,-1.23387250e+01,-1.36639969e+00,-1.09723253e+01,1.00003196e-09
11,2.92309924e-01,9.26274254e-09,90,16,1,49,normal_corr_dominates,2.63184922e+00,1.00000000e+00,2.50000022e+07,2.22975828e+00,-1.36639969e+00,3.59615797e+00,1.00006378e-09
11,2.92309924e-01,9.26274254e-09,90,16,2,50,normal_corr_dominates,1.48557930e+00,1.00000000e+00,2.50000007e+07,6.63495405e-01,-1.36639969e+00,2.02989510e+00,1.00007289e-09
12,3.17118632e-01,1.00488830e-08,90,0,0,0,normal_corr_dominates,3.17403902e+00,1.00000000e+00,2.50000020e+07,1.98069349e+00,-9.11066209e-01,2.89175970e+00,1.00008646e-09
12,3.17118632e-01,1.00488830e-08,90,0,1,1,normal_corr_dominates,6.21318379e+00,1.00000000e+00,2.50000047e+07,4.74955560e+00,-9.11066209e-01,5.66062181e+00,1.00006053e-09
12,3.17118632e-01,1.00488830e-08,90,0,2,2,corr_ratio_high,2.46950672e+00,5.00000000e-01,2.49999989e+07,-1.13215853e+00,-9.11066209e-01,-2.21092325e-01,1.00001922e-09
12,3.17118632e-01,1.00488830e-08,90,1,0,3,normal_corr_dominates,2.47187792e+00,1.00000000e+00,2.50000040e+07,3.95783470e+00,-2.68896942e+00,6.64680412e+00,1.00007194e-09
12,3.17118632e-01,1.00488830e-08,90,3,1,10,normal_corr_dominates,2.97923842e+00,1.00000000e+00,2.50000048e+07,4.81911694e+00,-2.43483397e+00,7.25395091e+00,1.00007208e-09
12,3.17118632e-01,1.00488830e-08,90,3,2,11,normal_corr_dominates,2.76735824e+00,1.00000000e+00,2.50000043e+07,4.30322389e+00,-2.43483397e+00,6.73805786e+00,1.00004538e-09
12,3.17118632e-01,1.00488830e-08,90,3,2,11,corr_ratio_high,6.46279563e-01,5.00000000e-01,2.50000043e+07,4.30322389e+00,-2.43483397e+00,6.73805786e+00,1.00004538e-09
12,3.17118632e-01,1.00488830e-08,90,4,0,12,normal_corr_dominates,1.26113756e+01,1.00000000e+00,2.50000037e+07,3.65423168e+00,-3.14711350e-01,3.96894303e+00,1.00007244e-09
12,3.17118632e-01,1.00488830e-08,90,4,1,13,normal_corr_dominates,3.00344423e+01,1.00000000e+00,2.50000091e+07,9.13746851e+00,-3.14711350e-01,9.45217986e+00,1.00004047e-09
12,3.17118632e-01,1.00488830e-08,90,4,1,13,corr_ratio_high,5.34398051e-01,5.00000000e-01,2.50000091e+07,9.13746851e+00,-3.14711350e-01,9.45217986e+00,1.00004047e-09
12,3.17118632e-01,1.00488830e-08,90,4,2,14,normal_corr_dominates,1.02367492e+00,1.00000000e+00,2.50000000e+07,7.45076650e-03,-3.14711350e-01,3.22162116e-01,1.00008730e-09
12,3.17118632e-01,1.00488830e-08,90,5,0,15,normal_corr_dominates,1.20561071e+02,1.00000000e+00,2.50000131e+07,1.31051612e+01,1.07807221e-01,1.29973540e+01,1.00003611e-09
12,3.17118632e-01,1.00488830e-08,90,5,1,16,normal_corr_dominates,1.72866063e+02,1.00000000e+00,2.49999815e+07,-1.85284026e+01,1.07807221e-01,-1.86362098e+01,1.00010614e-09
12,3.17118632e-01,1.00488830e-08,90,5,2,17,normal_corr_dominates,1.97362441e+01,1.00000000e+00,2.50000022e+07,2.23551685e+00,1.07807221e-01,2.12770963e+00,1.00001072e-09
12,3.17118632e-01,1.00488830e-08,90,5,2,17,corr_ratio_high,4.00749758e+00,5.00000000e-01,2.50000022e+07,2.23551685e+00,1.07807221e-01,2.12770963e+00,1.00001072e-09
12,3.17118632e-01,1.00488830e-08,90,6,0,18,normal_corr_dominates,1.58696191e+00,1.00000000e+00,2.49999900e+07,-9.97486992e+00,-3.85582403e+00,-6.11904589e+00,1.00003286e-09
12,3.17118632e-01,1.00488830e-08,90,6,0,18,corr_ratio_high,1.33518104e+00,5.00000000e-01,2.49999900e+07,-9.97486992e+00,-3.85582403e+00,-6.11904589e+00,1.00003286e-09
12,3.17118632e-01,1.00488830e-08,90,6,1,19,normal_corr_dominates,2.39577512e+00,1.00000000e+00,2.50000054e+07,5.38186326e+00,-3.85582403e+00,9.23768729e+00,1.00011392e-09
12,3.17118632e-01,1.00488830e-08,90,6,1,19,corr_ratio_high,5.55868703e-01,5.00000000e-01,2.50000054e+07,5.38186326e+00,-3.85582403e+00,9.23768729e+00,1.00011392e-09
12,3.17118632e-01,1.00488830e-08,90,6,2,20,normal_corr_dominates,1.28492764e+00,1.00000000e+00,2.49999912e+07,-8.81027892e+00,-3.85582403e+00,-4.95445489e+00,1.00003791e-09
12,3.17118632e-01,1.00488830e-08,90,6,2,20,corr_ratio_high,8.64148044e-01,5.00000000e-01,2.49999912e+07,-8.81027892e+00,-3.85582403e+00,-4.95445489e+00,1.00003791e-09
12,3.17118632e-01,1.00488830e-08,90,7,0,21,normal_corr_dominates,1.27429928e+01,1.00000000e+00,2.50000094e+07,9.36558314e+00,-7.97546526e-01,1.01631297e+01,1.00005072e-09
12,3.17118632e-01,1.00488830e-08,90,7,1,22,normal_corr_dominates,8.27659758e+00,1.00000000e+00,2.50000058e+07,5.80342512e+00,-7.97546526e-01,6.60097164e+00,1.00005633e-09
12,3.17118632e-01,1.00488830e-08,90,7,2,23,normal_corr_dominates,3.02103448e+00,1.00000000e+00,2.49999968e+07,-3.20696208e+00,-7.97546526e-01,-2.40941555e+00,1.00003160e-09
12,3.17118632e-01,1.00488830e-08,90,7,2,23,corr_ratio_high,5.94800118e-01,5.00000000e-01,2.49999968e+07,-3.20696208e+00,-7.97546526e-01,-2.40941555e+00,1.00003160e-09
12,3.17118632e-01,1.00488830e-08,90,8,0,24,normal_corr_dominates,1.98649310e+00,1.00000000e+00,2.50000040e+07,4.02845206e+00,-4.08360897e+00,8.11206104e+00,1.00005516e-09
12,3.17118632e-01,1.00488830e-08,90,8,1,25,normal_corr_dominates,1.09385924e+00,1.00000000e+00,2.50000004e+07,3.83284418e-01,-4.08360897e+00,4.46689339e+00,1.00011441e-09
12,3.17118632e-01,1.00488830e-08,90,8,1,25,corr_ratio_high,5.75420218e-01,5.00000000e-01,2.50000004e+07,3.83284418e-01,-4.08360897e+00,4.46689339e+00,1.00011441e-09
12,3.17118632e-01,1.00488830e-08,90,8,2,26,corr_ratio_high,6.97027035e-01,5.00000000e-01,2.49999932e+07,-6.84002825e+00,-4.08360897e+00,-2.75641927e+00,1.00003916e-09
12,3.17118632e-01,1.00488830e-08,90,9,2,29,normal_corr_dominates,1.80606916e+00,1.00000000e+00,2.50000026e+07,2.55843058e+00,-3.17395913e+00,5.73238970e+00,1.00004900e-09
12,3.17118632e-01,1.00488830e-08,90,10,2,32,normal_corr_dominates,1.91337358e+00,1.00000000e+00,2.50000036e+07,3.61347922e+00,-3.95618979e+00,7.56966901e+00,1.00004815e-09
12,3.17118632e-01,1.00488830e-08,90,11,0,33,normal_corr_dominates,1.17263449e+01,1.00000000e+00,2.50000096e+07,9.57465790e+00,-8.92630062e-01,1.04672880e+01,1.00006420e-09
12,3.17118632e-01,1.00488830e-08,90,11,1,34,corr_ratio_high,1.77202483e+00,5.00000000e-01,2.49999992e+07,-8.17612795e-01,-8.92630062e-01,7.50172673e-02,1.00002092e-09
12,3.17118632e-01,1.00488830e-08,90,11,2,35,normal_corr_dominates,4.97489777e+00,1.00000000e+00,2.49999947e+07,-5.33337337e+00,-8.92630062e-01,-4.44074331e+00,1.00005768e-09
12,3.17118632e-01,1.00488830e-08,90,12,1,37,normal_corr_dominates,1.61911374e+00,1.00000000e+00,2.50000017e+07,1.72760979e+00,-2.79045623e+00,4.51806602e+00,1.00005962e-09
12,3.17118632e-01,1.00488830e-08,90,14,0,42,normal_corr_dominates,3.79934985e+00,1.00000000e+00,2.49999977e+07,-2.25364000e+00,8.05058361e-01,-3.05869836e+00,1.00004557e-09
12,3.17118632e-01,1.00488830e-08,90,14,1,43,normal_corr_dominates,1.57425917e+01,1.00000000e+00,2.49999881e+07,-1.18686467e+01,8.05058361e-01,-1.26737051e+01,1.00004549e-09
12,3.17118632e-01,1.00488830e-08,90,14,2,44,normal_corr_dominates,9.19544490e+00,1.00000000e+00,2.50000082e+07,8.20792816e+00,8.05058361e-01,7.40286980e+00,1.00006016e-09
12,3.17118632e-01,1.00488830e-08,90,15,0,45,normal_corr_dominates,1.33998151e+00,1.00000000e+00,2.49999960e+07,-3.98598972e+00,-1.70342787e+00,-2.28256185e+00,1.00004446e-09
12,3.17118632e-01,1.00488830e-08,90,15,1,46,normal_corr_dominates,2.21299118e+00,1.00000000e+00,2.49999945e+07,-5.47309873e+00,-1.70342787e+00,-3.76967085e+00,1.00006575e-09
12,3.17118632e-01,1.00488830e-08,90,15,2,47,normal_corr_dominates,1.83722478e+00,1.00000000e+00,2.49999952e+07,-4.83300777e+00,-1.70342787e+00,-3.12957989e+00,1.00004935e-09
12,3.17118632e-01,1.00488830e-08,90,17,0,51,normal_corr_dominates,3.76157595e+01,1.00000000e+00,2.49999904e+07,-9.64779466e+00,-2.49840862e-01,-9.39795379e+00,1.00008130e-09
12,3.17118632e-01,1.00488830e-08,90,17,1,52,normal_corr_dominates,1.88232156e+01,1.00000000e+00,2.49999950e+07,-4.95264927e+00,-2.49840862e-01,-4.70280840e+00,9.99994168e-10
12,3.17118632e-01,1.00488830e-08,90,17,1,52,corr_ratio_high,4.81680765e+00,5.00000000e-01,2.49999950e+07,-4.95264927e+00,-2.49840862e-01,-4.70280840e+00,9.99994168e-10
12,3.17118632e-01,1.00488830e-08,90,17,2,53,normal_corr_dominates,2.00229320e+01,1.00000000e+00,2.50000048e+07,4.75270574e+00,-2.49840862e-01,5.00254660e+00,1.00009982e-09
12,3.17118632e-01,1.00488830e-08,90,18,0,54,normal_corr_dominates,4.51338535e+00,1.00000000e+00,2.50000054e+07,5.35246856e+00,-1.52345047e+00,6.87591903e+00,1.00005920e-09
12,3.17118632e-01,1.00488830e-08,90,18,1,55,normal_corr_dominates,1.97645598e+00,1.00000000e+00,2.49999955e+07,-4.53448325e+00,-1.52345047e+00,-3.01103278e+00,1.00004093e-09
12,3.17118632e-01,1.00488830e-08,90,18,2,56,normal_corr_dominates,1.46355936e+00,1.00000000e+00,2.49999962e+07,-3.75311066e+00,-1.52345047e+00,-2.22966019e+00,1.00005113e-09
12,3.17118632e-01,1.00488830e-08,90,19,0,57,corr_ratio_high,2.21372193e+00,5.00000000e-01,2.49999966e+07,-3.38928603e+00,-3.91645283e+00,5.27166800e-01,1.00001895e-09
12,3.17118632e-01,1.00488830e-08,90,19,1,58,corr_ratio_high,5.87188594e-01,5.00000000e-01,2.49999988e+07,-1.15271612e+00,-3.91645283e+00,2.76373670e+00,1.00011636e-09
12,3.17118632e-01,1.00488830e-08,90,20,2,62,normal_corr_dominates,1.32336929e+00,1.00000000e+00,2.50000009e+07,9.09638239e-01,-2.81300131e+00,3.72263955e+00,1.00005258e-09
12,3.17118632e-01,1.00488830e-08,90,21,0,63,normal_corr_dominates,1.28647320e+00,1.00000000e+00,2.49999948e+07,-5.18130274e+00,-2.26606756e+00,-2.91523518e+00,1.00004922e-09
12,3.17118632e-01,1.00488830e-08,90,21,1,64,normal_corr_dominates,3.91813483e+00,1.00000000e+00,2.50000066e+07,6.61269067e+00,-2.26606756e+00,8.87875823e+00,1.00005911e-09
12,3.17118632e-01,1.00488830e-08,90,21,2,65,normal_corr_dominates,1.83835315e+00,1.00000000e+00,2.49999936e+07,-6.43190000e+00,-2.26606756e+00,-4.16583244e+00,1.00007048e-09
12,3.17118632e-01,1.00488830e-08,90,22,0,66,normal_corr_dominates,1.55697649e+01,1.00000000e+00,2.49999947e+07,-5.33400431e+00,3.66100917e-01,-5.70010523e+00,1.00004478e-09
12,3.17118632e-01,1.00488830e-08,90,22,1,67,normal_corr_dominates,1.55442578e+01,1.00000000e+00,2.49999947e+07,-5.32466612e+00,3.66100917e-01,-5.69076704e+00,1.00006503e-09
12,3.17118632e-01,1.00488830e-08,90,22,2,68,normal_corr_dominates,7.96529544e+00,1.00000000e+00,2.50000033e+07,3.28220288e+00,3.66100917e-01,2.91610197e+00,1.00007921e-09
12,3.17118632e-01,1.00488830e-08,90,24,0,72,corr_ratio_high,1.20659763e+00,5.00000000e-01,2.49999986e+07,-1.39225182e+00,-3.32834872e+00,1.93609689e+00,1.00002685e-09
12,3.17118632e-01,1.00488830e-08,90,24,1,73,normal_corr_dominates,1.20706748e+00,1.00000000e+00,2.49999927e+07,-7.34589019e+00,-3.32834872e+00,-4.01754148e+00,1.00006410e-09
12,3.17118632e-01,1.00488830e-08,90,25,1,76,normal_corr_dominates,5.01269733e+00,1.00000000e+00,2.50000053e+07,5.26893000e+00,-1.31306440e+00,6.58199439e+00,1.00008098e-09
12,3.17118632e-01,1.00488830e-08,90,25,2,77,normal_corr_dominates,5.78024531e+00,1.00000000e+00,2.50000063e+07,6.27676993e+00,-1.31306440e+00,7.58983432e+00,1.00001993e-09
12,3.17118632e-01,1.00488830e-08,90,25,2,77,corr_ratio_high,2.05860000e+00,5.00000000e-01,2.50000063e+07,6.27676993e+00,-1.31306440e+00,7.58983432e+00,1.00001993e-09
12,3.17118632e-01,1.00488830e-08,90,16,0,48,normal_corr_dominates,8.01676780e+00,1.00000000e+00,2.49999867e+07,-1.33369432e+01,-1.47912684e+00,-1.18578164e+01,1.00003455e-09
12,3.17118632e-01,1.00488830e-08,90,16,0,48,corr_ratio_high,1.47710307e+00,5.00000000e-01,2.49999867e+07,-1.33369432e+01,-1.47912684e+00,-1.18578164e+01,1.00003455e-09
12,3.17118632e-01,1.00488830e-08,90,16,1,49,normal_corr_dominates,2.62744549e+00,1.00000000e+00,2.50000024e+07,2.40719831e+00,-1.47912684e+00,3.88632515e+00,1.00006894e-09
12,3.17118632e-01,1.00488830e-08,90,16,2,50,normal_corr_dominates,1.48310931e+00,1.00000000e+00,2.50000007e+07,7.14579952e-01,-1.47912684e+00,2.19370679e+00,1.00007878e-09
13,3.43545307e-01,1.08862939e-08,90,0,0,0,normal_corr_dominates,3.16973892e+00,1.00000000e+00,2.50000021e+07,2.13655889e+00,-9.84707823e-01,3.12126671e+00,1.00009330e-09
13,3.43545307e-01,1.08862939e-08,90,0,1,1,normal_corr_dominates,6.20099964e+00,1.00000000e+00,2.50000051e+07,5.12146503e+00,-9.84707823e-01,6.10617286e+00,1.00006532e-09
13,3.43545307e-01,1.08862939e-08,90,0,2,2,corr_ratio_high,2.46851805e+00,5.00000000e-01,2.49999988e+07,-1.22346726e+00,-9.84707823e-01,-2.38759437e-01,1.00002075e-09
13,3.43545307e-01,1.08862939e-08,90,1,0,3,normal_corr_dominates,2.46995311e+00,1.00000000e+00,2.50000043e+07,4.26861569e+00,-2.90391282e+00,7.17252851e+00,1.00007764e-09
13,3.43545307e-01,1.08862939e-08,90,3,1,10,normal_corr_dominates,2.97819079e+00,1.00000000e+00,2.50000052e+07,5.20061785e+00,-2.62897687e+00,7.82959472e+00,1.00007779e-09
13,3.43545307e-01,1.08862939e-08,90,3,2,11,normal_corr_dominates,2.76492609e+00,1.00000000e+00,2.50000046e+07,4.63994987e+00,-2.62897687e+00,7.26892675e+00,1.00004898e-09
13,3.43545307e-01,1.08862939e-08,90,3,2,11,corr_ratio_high,6.46331268e-01,5.00000000e-01,2.50000046e+07,4.63994987e+00,-2.62897687e+00,7.26892675e+00,1.00004898e-09
13,3.43545307e-01,1.08862939e-08,90,4,0,12,normal_corr_dominates,1.25206570e+01,1.00000000e+00,2.50000039e+07,3.94051808e+00,-3.42039354e-01,4.28255743e+00,1.00007818e-09
13,3.43545307e-01,1.08862939e-08,90,4,1,13,normal_corr_dominates,2.98207856e+01,1.00000000e+00,2.50000099e+07,9.85784287e+00,-3.42039354e-01,1.01998822e+01,1.00004367e-09
13,3.43545307e-01,1.08862939e-08,90,4,1,13,corr_ratio_high,5.34458804e-01,5.00000000e-01,2.50000099e+07,9.85784287e+00,-3.42039354e-01,1.01998822e+01,1.00004367e-09
13,3.43545307e-01,1.08862939e-08,90,4,2,14,normal_corr_dominates,1.01544326e+00,1.00000000e+00,2.50000000e+07,5.28220160e-03,-3.42039354e-01,3.47321556e-01,1.00009422e-09
13,3.43545307e-01,1.08862939e-08,90,5,0,15,normal_corr_dominates,1.23342446e+02,1.00000000e+00,2.50000141e+07,1.41399849e+01,1.13718086e-01,1.40262669e+01,1.00003897e-09
13,3.43545307e-01,1.08862939e-08,90,5,1,16,normal_corr_dominates,1.76857036e+02,1.00000000e+00,2.49999800e+07,-1.99981255e+01,1.13718086e-01,-2.01118436e+01,1.00011454e-09
13,3.43545307e-01,1.08862939e-08,90,5,2,17,normal_corr_dominates,2.01952530e+01,1.00000000e+00,2.50000024e+07,2.41028360e+00,1.13718086e-01,2.29656551e+00,1.00001158e-09
13,3.43545307e-01,1.08862939e-08,90,5,2,17,corr_ratio_high,4.00607923e+00,5.00000000e-01,2.50000024e+07,2.41028360e+00,1.13718086e-01,2.29656551e+00,1.00001158e-09
13,3.43545307e-01,1.08862939e-08,90,6,0,18,normal_corr_dominates,1.58658203e+00,1.00000000e+00,2.49999892e+07,-1.07648988e+01,-4.16182385e+00,-6.60307495e+00,1.00003546e-09
13,3.43545307e-01,1.08862939e-08,90,6,0,18,corr_ratio_high,1.33502951e+00,5.00000000e-01,2.49999892e+07,-1.07648988e+01,-4.16182385e+00,-6.60307495e+00,1.00003546e-09
13,3.43545307e-01,1.08862939e-08,90,6,1,19,normal_corr_dominates,2.39520713e+00,1.00000000e+00,2.50000058e+07,5.80660632e+00,-4.16182385e+00,9.96843018e+00,1.00012294e-09
13,3.43545307e-01,1.08862939e-08,90,6,1,19,corr_ratio_high,5.55864077e-01,5.00000000e-01,2.50000058e+07,5.80660632e+00,-4.16182385e+00,9.96843018e+00,1.00012294e-09
13,3.43545307e-01,1.08862939e-08,90,6,2,20,normal_corr_dominates,1.28487094e+00,1.00000000e+00,2.49999905e+07,-9.50923040e+00,-4.16182385e+00,-5.34740654e+00,1.00004092e-09
13,3.43545307e-01,1.08862939e-08,90,6,2,20,corr_ratio_high,8.63861616e-01,5.00000000e-01,2.49999905e+07,-9.50923040e+00,-4.16182385e+00,-5.34740654e+00,1.00004092e-09
13,3.43545307e-01,1.08862939e-08,90,7,0,21,normal_corr_dominates,1.27090457e+01,1.00000000e+00,2.50000101e+07,1.01038008e+01,-8.62905570e-01,1.09667063e+01,1.00005474e-09
13,3.43545307e-01,1.08862939e-08,90,7,1,22,normal_corr_dominates,8.25507772e+00,1.00000000e+00,2.50000063e+07,6.26044698e+00,-8.62905570e-01,7.12335255e+00,1.00006079e-09
13,3.43545307e-01,1.08862939e-08,90,7,2,23,normal_corr_dominates,3.01273625e+00,1.00000000e+00,2.49999965e+07,-3.46261246e+00,-8.62905570e-01,-2.59970689e+00,1.00003411e-09
13,3.43545307e-01,1.08862939e-08,90,7,2,23,corr_ratio_high,5.94746956e-01,5.00000000e-01,2.49999965e+07,-3.46261246e+00,-8.62905570e-01,-2.59970689e+00,1.00003411e-09
13,3.43545307e-01,1.08862939e-08,90,8,0,24,normal_corr_dominates,1.98538988e+00,1.00000000e+00,2.50000043e+07,4.34466885e+00,-4.40908612e+00,8.75375497e+00,1.00005953e-09
13,3.43545307e-01,1.08862939e-08,90,8,1,25,normal_corr_dominates,1.09296416e+00,1.00000000e+00,2.50000004e+07,4.09886970e-01,-4.40908612e+00,4.81897309e+00,1.00012348e-09
13,3.43545307e-01,1.08862939e-08,90,8,1,25,corr_ratio_high,5.75397571e-01,5.00000000e-01,2.50000004e+07,4.09886970e-01,-4.40908612e+00,4.81897309e+00,1.00012348e-09
13,3.43545307e-01,1.08862939e-08,90,8,2,26,corr_ratio_high,6.96901047e-01,5.00000000e-01,2.49999926e+07,-7.38306095e+00,-4.40908612e+00,-2.97397483e+00,1.00004227e-09
13,3.43545307e-01,1.08862939e-08,90,9,2,29,normal_corr_dominates,1.80446666e+00,1.00000000e+00,2.50000028e+07,2.75719371e+00,-3.42735611e+00,6.18454982e+00,1.00005289e-09
13,3.43545307e-01,1.08862939e-08,90,10,2,32,normal_corr_dominates,1.91190996e+00,1.00000000e+00,2.50000039e+07,3.89503090e+00,-4.27128890e+00,8.16631980e+00,1.00005197e-09
13,3.43545307e-01,1.08862939e-08,90,11,0,33,normal_corr_dominates,1.16966961e+01,1.00000000e+00,2.50000103e+07,1.03290671e+01,-9.65631539e-01,1.12946986e+01,1.00006929e-09
13,3.43545307e-01,1.08862939e-08,90,11,1,34,corr_ratio_high,1.77183730e+00,5.00000000e-01,2.49999991e+07,-8.81822530e-01,-9.65631539e-01,8.38090088e-02,1.00002258e-09
13,3.43545307e-01,1.08862939e-08,90,11,2,35,normal_corr_dominates,4.96248153e+00,1.00000000e+00,2.49999942e+07,-5.75756022e+00,-9.65631539e-01,-4.79192868e+00,1.00006225e-09
13,3.43545307e-01,1.08862939e-08,90,12,1,37,normal_corr_dominates,1.61741198e+00,1.00000000e+00,2.50000019e+07,1.86057929e+00,-3.01351342e+00,4.87409271e+00,1.00006435e-09
13,3.43545307e-01,1.08862939e-08,90,14,0,42,normal_corr_dominates,3.80620844e+00,1.00000000e+00,2.49999976e+07,-2.43380280e+00,8.67292237e-01,-3.30109503e+00,1.00004918e-09
13,3.43545307e-01,1.08862939e-08,90,14,1,43,normal_corr_dominates,1.57690704e+01,1.00000000e+00,2.49999872e+07,-1.28091001e+01,8.67292237e-01,-1.36763924e+01,1.00004909e-09
13,3.43545307e-01,1.08862939e-08,90,14,2,44,normal_corr_dominates,9.21184580e+00,1.00000000e+00,2.50000089e+07,8.85665459e+00,8.67292237e-01,7.98936235e+00,1.00006492e-09
13,3.43545307e-01,1.08862939e-08,90,15,0,45,normal_corr_dominates,1.33902581e+00,1.00000000e+00,2.49999957e+07,-4.30281533e+00,-1.83957583e+00,-2.46323951e+00,1.00004798e-09
13,3.43545307e-01,1.08862939e-08,90,15,1,46,normal_corr_dominates,2.21122463e+00,1.00000000e+00,2.49999941e+07,-5.90729120e+00,-1.83957583e+00,-4.06771537e+00,1.00007096e-09
13,3.43545307e-01,1.08862939e-08,90,15,2,47,normal_corr_dominates,1.83571289e+00,1.00000000e+00,2.49999948e+07,-5.21650888e+00,-1.83957583e+00,-3.37693305e+00,1.00005326e-09
13,3.43545307e-01,1.08862939e-08,90,17,0,51,normal_corr_dominates,3.72287339e+01,1.00000000e+00,2.49999896e+07,-1.04149098e+01,-2.72436693e-01,-1.01424731e+01,1.00008774e-09
13,3.43545307e-01,1.08862939e-08,90,17,1,52,normal_corr_dominates,1.86241108e+01,1.00000000e+00,2.49999947e+07,-5.34632785e+00,-2.72436693e-01,-5.07389116e+00,9.99993712e-10
13,3.43545307e-01,1.08862939e-08,90,17,1,52,corr_ratio_high,4.81759029e+00,5.00000000e-01,2.49999947e+07,-5.34632785e+00,-2.72436693e-01,-5.07389116e+00,9.99993712e-10
13,3.43545307e-01,1.08862939e-08,90,17,2,53,normal_corr_dominates,1.98132304e+01,1.00000000e+00,2.50000051e+07,5.12541427e+00,-2.72436693e-01,5.39785096e+00,1.00010773e-09
13,3.43545307e-01,1.08862939e-08,90,18,0,54,normal_corr_dominates,4.50681602e+00,1.00000000e+00,2.50000058e+07,5.77331317e+00,-1.64631196e+00,7.41962513e+00,1.00006389e-09
13,3.43545307e-01,1.08862939e-08,90,18,1,55,normal_corr_dominates,1.97367089e+00,1.00000000e+00,2.49999951e+07,-4.89558996e+00,-1.64631196e+00,-3.24927799e+00,1.00004418e-09
13,3.43545307e-01,1.08862939e-08,90,18,2,56,normal_corr_dominates,1.46115720e+00,1.00000000e+00,2.49999959e+07,-4.05183254e+00,-1.64631196e+00,-2.40552057e+00,1.00005518e-09
13,3.43545307e-01,1.08862939e-08,90,19,0,57,corr_ratio_high,2.21302150e+00,5.00000000e-01,2.49999963e+07,-3.65906932e+00,-4.22871817e+00,5.69648846e-01,1.00002045e-09
13,3.43545307e-01,1.08862939e-08,90,19,1,58,corr_ratio_high,5.87166265e-01,5.00000000e-01,2.49999988e+07,-1.24759563e+00,-4.22871817e+00,2.98112254e+00,1.00012558e-09
13,3.43545307e-01,1.08862939e-08,90,20,2,62,normal_corr_dominates,1.32210950e+00,1.00000000e+00,2.50000010e+07,9.78461333e-01,-3.03766681e+00,4.01612815e+00,1.00005675e-09
13,3.43545307e-01,1.08862939e-08,90,21,0,63,normal_corr_dominates,1.28587452e+00,1.00000000e+00,2.49999944e+07,-5.59269856e+00,-2.44663410e+00,-3.14606446e+00,1.00005313e-09
13,3.43545307e-01,1.08862939e-08,90,21,1,64,normal_corr_dominates,3.91644259e+00,1.00000000e+00,2.50000071e+07,7.13546790e+00,-2.44663410e+00,9.58210201e+00,1.00006380e-09
13,3.43545307e-01,1.08862939e-08,90,21,2,65,normal_corr_dominates,1.83764631e+00,1.00000000e+00,2.49999931e+07,-6.94268223e+00,-2.44663410e+00,-4.49604813e+00,1.00007606e-09
13,3.43545307e-01,1.08862939e-08,90,22,0,66,normal_corr_dominates,1.56689224e+01,1.00000000e+00,2.49999942e+07,-5.75839996e+00,3.92557804e-01,-6.15095777e+00,1.00004833e-09
13,3.43545307e-01,1.08862939e-08,90,22,1,67,normal_corr_dominates,1.56446935e+01,1.00000000e+00,2.49999943e+07,-5.74888871e+00,3.92557804e-01,-6.14144651e+00,1.00007018e-09
13,3.43545307e-01,1.08862939e-08,90,22,2,68,normal_corr_dominates,8.01594763e+00,1.00000000e+00,2.50000035e+07,3.53928061e+00,3.92557804e-01,3.14672280e+00,1.00008548e-09
13,3.43545307e-01,1.08862939e-08,90,24,0,72,corr_ratio_high,1.20640794e+00,5.00000000e-01,2.49999985e+07,-1.50191413e+00,-3.59392102e+00,2.09200689e+00,1.00002898e-09
13,3.43545307e-01,1.08862939e-08,90,24,1,73,normal_corr_dominates,1.20648014e+00,1.00000000e+00,2.49999921e+07,-7.92991535e+00,-3.59392102e+00,-4.33599433e+00,1.00006918e-09
13,3.43545307e-01,1.08862939e-08,90,25,1,76,normal_corr_dominates,5.00688544e+00,1.00000000e+00,2.50000057e+07,5.68507057e+00,-1.41882533e+00,7.10389590e+00,1.00008740e-09
13,3.43545307e-01,1.08862939e-08,90,25,2,77,normal_corr_dominates,5.77162204e+00,1.00000000e+00,2.50000068e+07,6.77009823e+00,-1.41882533e+00,8.18892356e+00,1.00002151e-09
13,3.43545307e-01,1.08862939e-08,90,25,2,77,corr_ratio_high,2.05875774e+00,5.00000000e-01,2.50000068e+07,6.77009823e+00,-1.41882533e+00,8.18892356e+00,1.00002151e-09
13,3.43545307e-01,1.08862939e-08,90,16,0,48,normal_corr_dominates,8.00357286e+00,1.00000000e+00,2.49999856e+07,-1.43944887e+01,-1.59875295e+00,-1.27957357e+01,1.00003729e-09
13,3.43545307e-01,1.08862939e-08,90,16,0,48,corr_ratio_high,1.47680801e+00,5.00000000e-01,2.49999856e+07,-1.43944887e+01,-1.59875295e+00,-1.27957357e+01,1.00003729e-09
13,3.43545307e-01,1.08862939e-08,90,16,1,49,normal_corr_dominates,2.62308378e+00,1.00000000e+00,2.50000026e+07,2.59490998e+00,-1.59875295e+00,4.19366292e+00,1.00007440e-09
13,3.43545307e-01,1.08862939e-08,90,16,2,50,normal_corr_dominates,1.48067513e+00,1.00000000e+00,2.50000008e+07,7.68480778e-01,-1.59875295e+00,2.36723373e+00,1.00008502e-09
14,3.70658749e-01,1.17454670e-08,90,0,0,0,normal_corr_dominates,3.16571176e+00,1.00000000e+00,2.50000023e+07,2.29558221e+00,-1.05996664e+00,3.35554886e+00,1.00010028e-09
14,3.70658749e-01,1.17454670e-08,90,0,1,1,normal_corr_dominates,6.18935659e+00,1.00000000e+00,2.50000055e+07,5.50054487e+00,-1.05996664e+00,6.56051151e+00,1.00007022e-09
14,3.70658749e-01,1.17454670e-08,90,0,2,2,corr_ratio_high,2.46751841e+00,5.00000000e-01,2.49999987e+07,-1.31685956e+00,-1.05996664e+00,-2.56892916e-01,1.00002231e-09
14,3.70658749e-01,1.17454670e-08,90,1,0,3,normal_corr_dominates,2.46809902e+00,1.00000000e+00,2.50000046e+07,4.58549739e+00,-3.12342513e+00,7.70892252e+00,1.00008345e-09
14,3.70658749e-01,1.17454670e-08,90,3,1,10,normal_corr_dominates,2.97718527e+00,1.00000000e+00,2.50000056e+07,5.58985969e+00,-2.82718053e+00,8.41704022e+00,1.00008363e-09
14,3.70658749e-01,1.17454670e-08,90,3,2,11,normal_corr_dominates,2.76258013e+00,1.00000000e+00,2.50000050e+07,4.98313224e+00,-2.82718053e+00,7.81031277e+00,1.00005265e-09
14,3.70658749e-01,1.17454670e-08,90,3,2,11,corr_ratio_high,6.46375196e-01,5.00000000e-01,2.50000050e+07,4.98313224e+00,-2.82718053e+00,7.81031277e+00,1.00005265e-09
14,3.70658749e-01,1.17454670e-08,90,4,0,12,normal_corr_dominates,1.24348112e+01,1.00000000e+00,2.50000042e+07,4.23237118e+00,-3.70130395e-01,4.60250158e+00,1.00008404e-09
14,3.70658749e-01,1.17454670e-08,90,4,1,13,normal_corr_dominates,2.96184562e+01,1.00000000e+00,2.50000106e+07,1.05925605e+01,-3.70130395e-01,1.09626909e+01,1.00004694e-09
14,3.70658749e-01,1.17454670e-08,90,4,1,13,corr_ratio_high,5.34522492e-01,5.00000000e-01,2.50000106e+07,1.05925605e+01,-3.70130395e-01,1.09626909e+01,1.00004694e-09
14,3.70658749e-01,1.17454670e-08,90,4,2,14,normal_corr_dominates,1.00774200e+00,1.00000000e+00,2.50000000e+07,2.86555124e-03,-3.70130395e-01,3.72995947e-01,1.00010127e-09
14,3.70658749e-01,1.17454670e-08,90,5,0,15,normal_corr_dominates,1.26142365e+02,1.00000000e+00,2.50000152e+07,1.51955145e+01,1.19515745e-01,1.50759988e+01,1.00004189e-09
14,3.70658749e-01,1.17454670e-08,90,5,1,16,normal_corr_dominates,1.80874956e+02,1.00000000e+00,2.49999785e+07,-2.14978894e+01,1.19515745e-01,-2.16174051e+01,1.00012312e-09
14,3.70658749e-01,1.17454670e-08,90,5,2,17,normal_corr_dominates,2.06574339e+01,1.00000000e+00,2.50000026e+07,2.58840435e+00,1.19515745e-01,2.46888860e+00,1.00001245e-09
14,3.70658749e-01,1.17454670e-08,90,5,2,17,corr_ratio_high,4.00467095e+00,5.00000000e-01,2.50000026e+07,2.58840435e+00,1.19515745e-01,2.46888860e+00,1.00001245e-09
14,3.70658749e-01,1.17454670e-08,90,6,0,18,normal_corr_dominates,1.58623420e+00,1.00000000e+00,2.49999884e+07,-1.15710376e+01,-4.47408731e+00,-7.09695029e+00,1.00003812e-09
14,3.70658749e-01,1.17454670e-08,90,6,0,18,corr_ratio_high,1.33487423e+00,5.00000000e-01,2.49999884e+07,-1.15710376e+01,-4.47408731e+00,-7.09695029e+00,1.00003812e-09
14,3.70658749e-01,1.17454670e-08,90,6,1,19,normal_corr_dominates,2.39468217e+00,1.00000000e+00,2.50000062e+07,6.23992982e+00,-4.47408731e+00,1.07140171e+01,1.00013214e-09
14,3.70658749e-01,1.17454670e-08,90,6,1,19,corr_ratio_high,5.55859069e-01,5.00000000e-01,2.50000062e+07,6.23992982e+00,-4.47408731e+00,1.07140171e+01,1.00013214e-09
14,3.70658749e-01,1.17454670e-08,90,6,2,20,normal_corr_dominates,1.28483434e+00,1.00000000e+00,2.49999898e+07,-1.02225483e+01,-4.47408731e+00,-5.74846102e+00,1.00004399e-09
14,3.70658749e-01,1.17454670e-08,90,6,2,20,corr_ratio_high,8.63574797e-01,5.00000000e-01,2.49999898e+07,-1.02225483e+01,-4.47408731e+00,-5.74846102e+00,1.00004399e-09
14,3.70658749e-01,1.17454670e-08,90,7,0,21,normal_corr_dominates,1.26763474e+01,1.00000000e+00,2.50000109e+07,1.08566387e+01,-9.29797510e-01,1.17864362e+01,1.00005885e-09
14,3.70658749e-01,1.17454670e-08,90,7,1,22,normal_corr_dominates,8.23436607e+00,1.00000000e+00,2.50000067e+07,6.72649556e+00,-9.29797510e-01,7.65629307e+00,1.00006535e-09
14,3.70658749e-01,1.17454670e-08,90,7,2,23,normal_corr_dominates,3.00472483e+00,1.00000000e+00,2.49999963e+07,-3.72358318e+00,-9.29797510e-01,-2.79378567e+00,1.00003667e-09
14,3.70658749e-01,1.17454670e-08,90,7,2,23,corr_ratio_high,5.94695232e-01,5.00000000e-01,2.49999963e+07,-3.72358318e+00,-9.29797510e-01,-2.79378567e+00,1.00003667e-09
14,3.70658749e-01,1.17454670e-08,90,8,0,24,normal_corr_dominates,1.98432352e+00,1.00000000e+00,2.50000047e+07,4.66706671e+00,-4.74139510e+00,9.40846181e+00,1.00006399e-09
14,3.70658749e-01,1.17454670e-08,90,8,1,25,normal_corr_dominates,1.09210955e+00,1.00000000e+00,2.50000004e+07,4.36727753e-01,-4.74139510e+00,5.17812285e+00,1.00013272e-09
14,3.70658749e-01,1.17454670e-08,90,8,1,25,corr_ratio_high,5.75375824e-01,5.00000000e-01,2.50000004e+07,4.36727753e-01,-4.74139510e+00,5.17812285e+00,1.00013272e-09
14,3.70658749e-01,1.17454670e-08,90,8,2,26,corr_ratio_high,6.96777008e-01,5.00000000e-01,2.49999921e+07,-7.93730946e+00,-4.74139510e+00,-3.19591436e+00,1.00004543e-09
14,3.70658749e-01,1.17454670e-08,90,9,2,29,normal_corr_dominates,1.80290376e+00,1.00000000e+00,2.50000030e+07,2.95959374e+00,-3.68611268e+00,6.64570642e+00,1.00005686e-09
14,3.70658749e-01,1.17454670e-08,90,10,2,32,normal_corr_dominates,1.91047659e+00,1.00000000e+00,2.50000042e+07,4.18179432e+00,-4.59297294e+00,8.77476727e+00,1.00005588e-09
14,3.70658749e-01,1.17454670e-08,90,11,0,33,normal_corr_dominates,1.16682060e+01,1.00000000e+00,2.50000111e+07,1.10984488e+01,-1.04032944e+00,1.21387782e+01,1.00007449e-09
14,3.70658749e-01,1.17454670e-08,90,11,1,34,corr_ratio_high,1.77164229e+00,5.00000000e-01,2.49999991e+07,-9.47313500e-01,-1.04032944e+00,9.30159405e-02,1.00002428e-09
14,3.70658749e-01,1.17454670e-08,90,11,2,35,normal_corr_dominates,4.95052938e+00,1.00000000e+00,2.49999938e+07,-6.19051091e+00,-1.04032944e+00,-5.15018147e+00,1.00006691e-09
14,3.70658749e-01,1.17454670e-08,90,12,1,37,normal_corr_dominates,1.61576034e+00,1.00000000e+00,2.50000020e+07,1.99586860e+00,-3.24130749e+00,5.23717609e+00,1.00006918e-09
14,3.70658749e-01,1.17454670e-08,90,14,0,42,normal_corr_dominates,3.81291497e+00,1.00000000e+00,2.49999974e+07,-2.61782197e+00,9.30643833e-01,-3.54846580e+00,1.00005287e-09
14,3.70658749e-01,1.17454670e-08,90,14,1,43,normal_corr_dominates,1.57947997e+01,1.00000000e+00,2.49999862e+07,-1.37686891e+01,9.30643833e-01,-1.46993330e+01,1.00005277e-09
14,3.70658749e-01,1.17454670e-08,90,14,2,44,normal_corr_dominates,9.22783541e+00,1.00000000e+00,2.50000095e+07,9.51847195e+00,9.30643833e-01,8.58782812e+00,1.00006978e-09
14,3.70658749e-01,1.17454670e-08,90,15,0,45,normal_corr_dominates,1.33811950e+00,1.00000000e+00,2.49999954e+07,-4.62623672e+00,-1.97861432e+00,-2.64762241e+00,1.00005158e-09
14,3.70658749e-01,1.17454670e-08,90,15,1,46,normal_corr_dominates,2.20948378e+00,1.00000000e+00,2.49999936e+07,-6.35033056e+00,-1.97861432e+00,-4.37171624e+00,1.00007627e-09
14,3.70658749e-01,1.17454670e-08,90,15,2,47,normal_corr_dominates,1.83424760e+00,1.00000000e+00,2.49999944e+07,-5.60788288e+00,-1.97861432e+00,-3.62926857e+00,1.00005726e-09
14,3.70658749e-01,1.17454670e-08,90,17,0,51,normal_corr_dominates,3.68649004e+01,1.00000000e+00,2.49999888e+07,-1.11978518e+01,-2.95731711e-01,-1.09021201e+01,1.00009432e-09
14,3.70658749e-01,1.17454670e-08,90,17,1,52,normal_corr_dominates,1.84369918e+01,1.00000000e+00,2.49999943e+07,-5.74813483e+00,-2.95731711e-01,-5.45240312e+00,9.99993247e-10
14,3.70658749e-01,1.17454670e-08,90,17,1,52,corr_ratio_high,4.81835370e+00,5.00000000e-01,2.49999943e+07,-5.74813483e+00,-2.95731711e-01,-5.45240312e+00,9.99993247e-10
14,3.70658749e-01,1.17454670e-08,90,17,2,53,normal_corr_dominates,1.96162020e+01,1.00000000e+00,2.50000055e+07,5.50540126e+00,-2.95731711e-01,5.80113297e+00,1.00011580e-09
14,3.70658749e-01,1.17454670e-08,90,18,0,54,normal_corr_dominates,4.50046072e+00,1.00000000e+00,2.50000062e+07,6.20240593e+00,-1.77188274e+00,7.97428867e+00,1.00006868e-09
14,3.70658749e-01,1.17454670e-08,90,18,1,55,normal_corr_dominates,1.97096461e+00,1.00000000e+00,2.49999947e+07,-5.26420091e+00,-1.77188274e+00,-3.49231817e+00,1.00004749e-09
14,3.70658749e-01,1.17454670e-08,90,18,2,56,normal_corr_dominates,1.45882285e+00,1.00000000e+00,2.49999956e+07,-4.35674576e+00,-1.77188274e+00,-2.58486303e+00,1.00005932e-09
14,3.70658749e-01,1.17454670e-08,90,19,0,57,corr_ratio_high,2.21231828e+00,5.00000000e-01,2.49999961e+07,-3.93445113e+00,-4.54754411e+00,6.13092983e-01,1.00002199e-09
14,3.70658749e-01,1.17454670e-08,90,19,1,58,corr_ratio_high,5.87144577e-01,5.00000000e-01,2.49999987e+07,-1.34469942e+00,-4.54754411e+00,3.20284469e+00,1.00013498e-09
14,3.70658749e-01,1.17454670e-08,90,20,2,62,normal_corr_dominates,1.32088328e+00,1.00000000e+00,2.50000010e+07,1.04835481e+00,-3.26709085e+00,4.31544567e+00,1.00006101e-09
14,3.70658749e-01,1.17454670e-08,90,21,0,63,normal_corr_dominates,1.28530290e+00,1.00000000e+00,2.49999940e+07,-6.01259056e+00,-2.63098190e+00,-3.38160866e+00,1.00005711e-09
14,3.70658749e-01,1.17454670e-08,90,21,1,64,normal_corr_dominates,3.91480336e+00,1.00000000e+00,2.50000077e+07,7.66879489e+00,-2.63098190e+00,1.02997768e+01,1.00006857e-09
14,3.70658749e-01,1.17454670e-08,90,21,2,65,normal_corr_dominates,1.83693812e+00,1.00000000e+00,2.49999925e+07,-7.46393284e+00,-2.63098190e+00,-4.83295095e+00,1.00008176e-09
14,3.70658749e-01,1.17454670e-08,90,22,0,66,normal_corr_dominates,1.57655412e+01,1.00000000e+00,2.49999938e+07,-6.19162201e+00,4.19329162e-01,-6.61095118e+00,1.00005195e-09
14,3.70658749e-01,1.17454670e-08,90,22,1,67,normal_corr_dominates,1.57424417e+01,1.00000000e+00,2.49999938e+07,-6.18193574e+00,4.19329162e-01,-6.60126491e+00,1.00007544e-09
14,3.70658749e-01,1.17454670e-08,90,22,2,68,normal_corr_dominates,8.06529526e+00,1.00000000e+00,2.50000038e+07,3.80134266e+00,4.19329162e-01,3.38201350e+00,1.00009189e-09
14,3.70658749e-01,1.17454670e-08,90,24,0,72,corr_ratio_high,1.20621270e+00,5.00000000e-01,2.49999984e+07,-1.61377157e+00,-3.86508943e+00,2.25131785e+00,1.00003115e-09
14,3.70658749e-01,1.17454670e-08,90,24,1,73,normal_corr_dominates,1.20590736e+00,1.00000000e+00,2.49999915e+07,-8.52602922e+00,-3.86508943e+00,-4.66093979e+00,1.00007437e-09
14,3.70658749e-01,1.17454670e-08,90,25,1,76,normal_corr_dominates,5.00138302e+00,1.00000000e+00,2.50000061e+07,6.10957448e+00,-1.52686570e+00,7.63644017e+00,1.00009395e-09
14,3.70658749e-01,1.17454670e-08,90,25,2,77,normal_corr_dominates,5.76341802e+00,1.00000000e+00,2.50000073e+07,7.27309957e+00,-1.52686570e+00,8.79996527e+00,1.00002312e-09
14,3.70658749e-01,1.17454670e-08,90,25,2,77,corr_ratio_high,2.05889888e+00,5.00000000e-01,2.50000073e+07,7.27309957e+00,-1.52686570e+00,8.79996527e+00,1.00002312e-09
14,3.70658749e-01,1.17454670e-08,90,16,0,48,normal_corr_dominates,7.99096782e+00,1.00000000e+00,2.49999845e+07,-1.54736737e+01,-1.72102426e+00,-1.37526495e+01,1.00004009e-09
14,3.70658749e-01,1.17454670e-08,90,16,0,48,corr_ratio_high,1.47651681e+00,5.00000000e-01,2.49999845e+07,-1.54736737e+01,-1.72102426e+00,-1.37526495e+01,1.00004009e-09
14,3.70658749e-01,1.17454670e-08,90,16,1,49,normal_corr_dominates,2.61891409e+00,1.00000000e+00,2.50000028e+07,2.78619041e+00,-1.72102426e+00,4.50721467e+00,1.00007997e-09
14,3.70658749e-01,1.17454670e-08,90,16,2,50,normal_corr_dominates,1.47835941e+00,1.00000000e+00,2.50000008e+07,8.23268148e-01,-1.72102426e+00,2.54429241e+00,1.00009139e-09
15,3.96484186e-01,1.25638257e-08,90,0,0,0,normal_corr_dominates,3.16219031e+00,1.00000000e+00,2.50000024e+07,2.44626495e+00,-1.13138281e+00,3.57764777e+00,1.00010690e-09
15,3.96484186e-01,1.25638257e-08,90,0,1,1,normal_corr_dominates,6.17897298e+00,1.00000000e+00,2.50000059e+07,5.85940102e+00,-1.13138281e+00,6.99078383e+00,1.00007486e-09
15,3.96484186e-01,1.25638257e-08,90,0,2,2,corr_ratio_high,2.46657995e+00,5.00000000e-01,2.49999986e+07,-1.40556475e+00,-1.13138281e+00,-2.74181936e-01,1.00002379e-09
15,3.96484186e-01,1.25638257e-08,90,1,0,3,normal_corr_dominates,2.46643293e+00,1.00000000e+00,2.50000049e+07,4.88557114e+00,-3.33160217e+00,8.21717331e+00,1.00008896e-09
15,3.96484186e-01,1.25638257e-08,90,3,1,10,normal_corr_dominates,2.97628325e+00,1.00000000e+00,2.50000060e+07,5.95867092e+00,-3.01508953e+00,8.97376045e+00,1.00008916e-09
15,3.96484186e-01,1.25638257e-08,90,3,2,11,normal_corr_dominates,2.76046957e+00,1.00000000e+00,2.50000053e+07,5.30797336e+00,-3.01508953e+00,8.32306289e+00,1.00005613e-09
15,3.96484186e-01,1.25638257e-08,90,3,2,11,corr_ratio_high,6.46409597e-01,5.00000000e-01,2.50000053e+07,5.30797336e+00,-3.01508953e+00,8.32306289e+00,1.00005613e-09
15,3.96484186e-01,1.25638257e-08,90,4,0,12,normal_corr_dominates,1.23589031e+01,1.00000000e+00,2.50000045e+07,4.50869678e+00,-3.96930649e-01,4.90562743e+00,1.00008959e-09
15,3.96484186e-01,1.25638257e-08,90,4,1,13,normal_corr_dominates,2.94394293e+01,1.00000000e+00,2.50000113e+07,1.12884811e+01,-3.96930649e-01,1.16854118e+01,1.00005003e-09
15,3.96484186e-01,1.25638257e-08,90,4,1,13,corr_ratio_high,5.34584143e-01,5.00000000e-01,2.50000113e+07,1.12884811e+01,-3.96930649e-01,1.16854118e+01,1.00005003e-09
15,3.96484186e-01,1.25638257e-08,90,4,2,14,normal_corr_dominates,1.00100393e+00,1.00000000e+00,2.50000000e+07,3.98490541e-04,-3.96930649e-01,3.97329140e-01,1.00010796e-09
15,3.96484186e-01,1.25638257e-08,90,5,0,15,normal_corr_dominates,1.28766252e+02,1.00000000e+00,2.50000162e+07,1.61953874e+01,1.24804309e-01,1.60705831e+01,1.00004466e-09
15,3.96484186e-01,1.25638257e-08,90,5,1,16,normal_corr_dominates,1.84640576e+02,1.00000000e+00,2.49999771e+07,-2.29191352e+01,1.24804309e-01,-2.30439395e+01,1.00013125e-09
15,3.96484186e-01,1.25638257e-08,90,5,2,17,normal_corr_dominates,2.10906774e+01,1.00000000e+00,2.50000028e+07,2.75701173e+00,1.24804309e-01,2.63220742e+00,1.00001328e-09
15,3.96484186e-01,1.25638257e-08,90,5,2,17,corr_ratio_high,4.00336964e+00,5.00000000e-01,2.50000028e+07,2.75701173e+00,1.24804309e-01,2.63220742e+00,1.00001328e-09
15,3.96484186e-01,1.25638257e-08,90,6,0,18,normal_corr_dominates,1.58593680e+00,1.00000000e+00,2.49999877e+07,-1.23349474e+01,-4.77001116e+00,-7.56493621e+00,1.00004064e-09
15,3.96484186e-01,1.25638257e-08,90,6,0,18,corr_ratio_high,1.33472669e+00,5.00000000e-01,2.49999877e+07,-1.23349474e+01,-4.77001116e+00,-7.56493621e+00,1.00004064e-09
15,3.96484186e-01,1.25638257e-08,90,6,1,19,normal_corr_dominates,2.39422928e+00,1.00000000e+00,2.50000067e+07,6.65048922e+00,-4.77001116e+00,1.14205004e+01,1.00014086e-09
15,3.96484186e-01,1.25638257e-08,90,6,1,19,corr_ratio_high,5.55854090e-01,5.00000000e-01,2.50000067e+07,6.65048922e+00,-4.77001116e+00,1.14205004e+01,1.00014086e-09
15,3.96484186e-01,1.25638257e-08,90,6,2,20,normal_corr_dominates,1.28481672e+00,1.00000000e+00,2.49999891e+07,-1.08986012e+01,-4.77001116e+00,-6.12859008e+00,1.00004691e-09
15,3.96484186e-01,1.25638257e-08,90,6,2,20,corr_ratio_high,8.63307839e-01,5.00000000e-01,2.49999891e+07,-1.08986012e+01,-4.77001116e+00,-6.12859008e+00,1.00004691e-09
15,3.96484186e-01,1.25638257e-08,90,7,0,21,normal_corr_dominates,1.26469630e+01,1.00000000e+00,2.50000116e+07,1.15696453e+01,-9.93361557e-01,1.25630068e+01,1.00006273e-09
15,3.96484186e-01,1.25638257e-08,90,7,1,22,normal_corr_dominates,8.21576707e+00,1.00000000e+00,2.50000072e+07,7.16786561e+00,-9.93361557e-01,8.16122716e+00,1.00006967e-09
15,3.96484186e-01,1.25638257e-08,90,7,2,23,normal_corr_dominates,2.99750867e+00,1.00000000e+00,2.49999960e+07,-3.97097144e+00,-9.93361557e-01,-2.97760988e+00,1.00003909e-09
15,3.96484186e-01,1.25638257e-08,90,7,2,23,corr_ratio_high,5.94648315e-01,5.00000000e-01,2.49999960e+07,-3.97097144e+00,-9.93361557e-01,-2.97760988e+00,1.00003909e-09
15,3.96484186e-01,1.25638257e-08,90,8,0,24,normal_corr_dominates,1.98336252e+00,1.00000000e+00,2.50000050e+07,4.97234052e+00,-5.05646739e+00,1.00288079e+01,1.00006821e-09
15,3.96484186e-01,1.25638257e-08,90,8,1,25,normal_corr_dominates,1.09134773e+00,1.00000000e+00,2.50000005e+07,4.61896837e-01,-5.05646739e+00,5.51836423e+00,1.00014149e-09
15,3.96484186e-01,1.25638257e-08,90,8,1,25,corr_ratio_high,5.75356348e-01,5.00000000e-01,2.50000005e+07,4.61896837e-01,-5.05646739e+00,5.51836423e+00,1.00014149e-09
15,3.96484186e-01,1.25638257e-08,90,8,2,26,corr_ratio_high,6.96663283e-01,5.00000000e-01,2.49999915e+07,-8.46264945e+00,-5.05646739e+00,-3.40618206e+00,1.00004844e-09
15,3.96484186e-01,1.25638257e-08,90,9,2,29,normal_corr_dominates,1.80148338e+00,1.00000000e+00,2.50000032e+07,3.15101910e+00,-3.93148401e+00,7.08250311e+00,1.00006062e-09
15,3.96484186e-01,1.25638257e-08,90,10,2,32,normal_corr_dominates,1.90916883e+00,1.00000000e+00,2.50000045e+07,4.45305926e+00,-4.89794538e+00,9.35100464e+00,1.00005957e-09
15,3.96484186e-01,1.25638257e-08,90,11,0,33,normal_corr_dominates,1.16426666e+01,1.00000000e+00,2.50000118e+07,1.18271587e+01,-1.11129655e+00,1.29384552e+01,1.00007941e-09
15,3.96484186e-01,1.25638257e-08,90,11,1,34,corr_ratio_high,1.77145473e+00,5.00000000e-01,2.49999990e+07,-1.00935386e+00,-1.11129655e+00,1.01942689e-01,1.00002588e-09
15,3.96484186e-01,1.25638257e-08,90,11,2,35,normal_corr_dominates,4.93979672e+00,1.00000000e+00,2.49999934e+07,-6.60087559e+00,-1.11129655e+00,-5.48957904e+00,1.00007133e-09
15,3.96484186e-01,1.25638257e-08,90,12,1,37,normal_corr_dominates,1.61426620e+00,1.00000000e+00,2.50000021e+07,2.12372348e+00,-3.45733411e+00,5.58105759e+00,1.00007375e-09
15,3.96484186e-01,1.25638257e-08,90,14,0,42,normal_corr_dominates,3.81902748e+00,1.00000000e+00,2.49999972e+07,-2.79236507e+00,9.90541982e-01,-3.78290705e+00,1.00005637e-09
15,3.96484186e-01,1.25638257e-08,90,14,1,43,normal_corr_dominates,1.58181129e+01,1.00000000e+00,2.49999853e+07,-1.46779630e+01,9.90541982e-01,-1.56685050e+01,1.00005625e-09
15,3.96484186e-01,1.25638257e-08,90,14,2,44,normal_corr_dominates,9.24236781e+00,1.00000000e+00,2.50000101e+07,1.01454953e+01,9.90541982e-01,9.15495333e+00,1.00007439e-09
15,3.96484186e-01,1.25638257e-08,90,15,0,45,normal_corr_dominates,1.33731710e+00,1.00000000e+00,2.49999951e+07,-4.93283799e+00,-2.11047015e+00,-2.82236784e+00,1.00005498e-09
15,3.96484186e-01,1.25638257e-08,90,15,1,46,normal_corr_dominates,2.20788514e+00,1.00000000e+00,2.49999932e+07,-6.77014585e+00,-2.11047015e+00,-4.65967570e+00,1.00008131e-09
15,3.96484186e-01,1.25638257e-08,90,15,2,47,normal_corr_dominates,1.83292426e+00,1.00000000e+00,2.49999940e+07,-5.97880209e+00,-2.11047015e+00,-3.86833194e+00,1.00006105e-09
15,3.96484186e-01,1.25638257e-08,90,17,0,51,normal_corr_dominates,3.65451676e+01,1.00000000e+00,2.49999881e+07,-1.19399316e+01,-3.18015135e-01,-1.16219164e+01,1.00010055e-09
15,3.96484186e-01,1.25638257e-08,90,17,1,52,normal_corr_dominates,1.82725959e+01,1.00000000e+00,2.49999939e+07,-6.12897718e+00,-3.18015135e-01,-5.81096204e+00,9.99992808e-10
15,3.96484186e-01,1.25638257e-08,90,17,1,52,corr_ratio_high,4.81904752e+00,5.00000000e-01,2.49999939e+07,-6.12897718e+00,-3.18015135e-01,-5.81096204e+00,9.99992808e-10
15,3.96484186e-01,1.25638257e-08,90,17,2,53,normal_corr_dominates,1.94431451e+01,1.00000000e+00,2.50000059e+07,5.86519929e+00,-3.18015135e-01,6.18321443e+00,1.00012344e-09
15,3.96484186e-01,1.25638257e-08,90,18,0,54,normal_corr_dominates,4.49472702e+00,1.00000000e+00,2.50000066e+07,6.60872104e+00,-1.89105501e+00,8.49977606e+00,1.00007322e-09
15,3.96484186e-01,1.25638257e-08,90,18,1,55,normal_corr_dominates,1.96851261e+00,1.00000000e+00,2.49999944e+07,-5.61362065e+00,-1.89105501e+00,-3.72256564e+00,1.00005063e-09
15,3.96484186e-01,1.25638257e-08,90,18,2,56,normal_corr_dominates,1.45670800e+00,1.00000000e+00,2.49999954e+07,-4.64576997e+00,-1.89105501e+00,-2.75471496e+00,1.00006323e-09
15,3.96484186e-01,1.25638257e-08,90,19,0,57,corr_ratio_high,2.21166236e+00,5.00000000e-01,2.49999958e+07,-4.19548917e+00,-4.84983783e+00,6.54348661e-01,1.00002345e-09
15,3.96484186e-01,1.25638257e-08,90,19,1,58,corr_ratio_high,5.87124946e-01,5.00000000e-01,2.49999986e+07,-1.43696867e+00,-4.84983783e+00,3.41286916e+00,1.00014390e-09
15,3.96484186e-01,1.25638257e-08,90,20,2,62,normal_corr_dominates,1.31977095e+00,1.00000000e+00,2.50000011e+07,1.11429078e+00,-3.48465298e+00,4.59894376e+00,1.00006504e-09
15,3.96484186e-01,1.25638257e-08,90,21,0,63,normal_corr_dominates,1.28479344e+00,1.00000000e+00,2.49999936e+07,-6.41058239e+00,-2.80576015e+00,-3.60482224e+00,1.00006088e-09
15,3.96484186e-01,1.25638257e-08,90,21,1,64,normal_corr_dominates,3.91332166e+00,1.00000000e+00,2.50000082e+07,8.17408182e+00,-2.80576015e+00,1.09798420e+01,1.00007310e-09
15,3.96484186e-01,1.25638257e-08,90,21,2,65,normal_corr_dominates,1.83627748e+00,1.00000000e+00,2.49999920e+07,-7.95791434e+00,-2.80576015e+00,-5.15215418e+00,1.00008716e-09
15,3.96484186e-01,1.25638257e-08,90,22,0,66,normal_corr_dominates,1.58533312e+01,1.00000000e+00,2.49999934e+07,-6.60230076e+00,4.44499665e-01,-7.04680043e+00,1.00005538e-09
15,3.96484186e-01,1.25638257e-08,90,22,1,67,normal_corr_dominates,1.58311594e+01,1.00000000e+00,2.49999934e+07,-6.59244537e+00,4.44499665e-01,-7.03694504e+00,1.00008043e-09
15,3.96484186e-01,1.25638257e-08,90,22,2,68,normal_corr_dominates,8.11012667e+00,1.00000000e+00,2.50000040e+07,4.04944825e+00,4.44499665e-01,3.60494859e+00,1.00009796e-09
15,3.96484186e-01,1.25638257e-08,90,24,0,72,corr_ratio_high,1.20602657e+00,5.00000000e-01,2.49999983e+07,-1.71973732e+00,-4.12221144e+00,2.40247411e+00,1.00003321e-09
15,3.96484186e-01,1.25638257e-08,90,24,1,73,normal_corr_dominates,1.20538662e+00,1.00000000e+00,2.49999909e+07,-9.09106995e+00,-4.12221144e+00,-4.96885851e+00,1.00007928e-09
15,3.96484186e-01,1.25638257e-08,90,25,1,76,normal_corr_dominates,4.99651464e+00,1.00000000e+00,2.50000065e+07,6.51172806e+00,-1.62935173e+00,8.14107980e+00,1.00010016e-09
15,3.96484186e-01,1.25638257e-08,90,25,2,77,normal_corr_dominates,5.75612935e+00,1.00000000e+00,2.50000077e+07,7.74940761e+00,-1.62935173e+00,9.37875934e+00,1.00002465e-09
15,3.96484186e-01,1.25638257e-08,90,25,2,77,corr_ratio_high,2.05901637e+00,5.00000000e-01,2.50000077e+07,7.74940761e+00,-1.62935173e+00,9.37875934e+00,1.00002465e-09
15,3.96484186e-01,1.25638257e-08,90,16,0,48,normal_corr_dominates,7.97972581e+00,1.00000000e+00,2.49999835e+07,-1.64963862e+01,-1.83707015e+00,-1.46593161e+01,1.00004274e-09
15,3.96484186e-01,1.25638257e-08,90,16,0,48,corr_ratio_high,1.47624922e+00,5.00000000e-01,2.49999835e+07,-1.64963862e+01,-1.83707015e+00,-1.46593161e+01,1.00004274e-09
15,3.96484186e-01,1.25638257e-08,90,16,1,49,normal_corr_dominates,2.61519282e+00,1.00000000e+00,2.50000030e+07,2.96722251e+00,-1.83707015e+00,4.80429266e+00,1.00008525e-09
15,3.96484186e-01,1.25638257e-08,90,16,2,50,normal_corr_dominates,1.47630190e+00,1.00000000e+00,2.50000009e+07,8.75000001e-01,-1.83707015e+00,2.71207015e+00,1.00009743e-09
16,4.20515876e-01,1.33253440e-08,90,0,0,0,normal_corr_dominates,3.15915512e+00,1.00000000e+00,2.50000026e+07,2.58583357e+00,-1.19761362e+00,3.78344719e+00,1.00011303e-09
16,4.20515876e-01,1.33253440e-08,90,0,1,1,normal_corr_dominates,6.16985765e+00,1.00000000e+00,2.50000062e+07,6.19149192e+00,-1.19761362e+00,7.38910554e+00,1.00007915e-09
16,4.20515876e-01,1.33253440e-08,90,0,2,2,corr_ratio_high,2.46571849e+00,5.00000000e-01,2.49999985e+07,-1.48790580e+00,-1.19761362e+00,-2.90292187e-01,1.00002516e-09
16,4.20515876e-01,1.33253440e-08,90,1,0,3,normal_corr_dominates,2.46496030e+00,1.00000000e+00,2.50000052e+07,5.16334535e+00,-3.52456333e+00,8.68790868e+00,1.00009406e-09
16,4.20515876e-01,1.33253440e-08,90,3,1,10,normal_corr_dominates,2.97548613e+00,1.00000000e+00,2.50000063e+07,6.30024737e+00,-3.18921366e+00,9.48946103e+00,1.00009428e-09
16,4.20515876e-01,1.33253440e-08,90,3,2,11,normal_corr_dominates,2.75860227e+00,1.00000000e+00,2.50000056e+07,5.60855840e+00,-3.18921366e+00,8.79777207e+00,1.00005935e-09
16,4.20515876e-01,1.33253440e-08,90,3,2,11,corr_ratio_high,6.46435902e-01,5.00000000e-01,2.50000056e+07,5.60855840e+00,-3.18921366e+00,8.79777207e+00,1.00005935e-09
16,4.20515876e-01,1.33253440e-08,90,4,0,12,normal_corr_dominates,1.22927421e+01,1.00000000e+00,2.50000048e+07,4.76444858e+00,-4.21903603e-01,5.18635218e+00,1.00009473e-09
16,4.20515876e-01,1.33253440e-08,90,4,1,13,normal_corr_dominates,2.92832999e+01,1.00000000e+00,2.50000119e+07,1.19328261e+01,-4.21903603e-01,1.23547297e+01,1.00005290e-09
16,4.20515876e-01,1.33253440e-08,90,4,1,13,corr_ratio_high,5.34642171e-01,5.00000000e-01,2.50000119e+07,1.19328261e+01,-4.21903603e-01,1.23547297e+01,1.00005290e-09
16,4.20515876e-01,1.33253440e-08,90,5,0,15,normal_corr_dominates,1.31175799e+02,1.00000000e+00,2.50000171e+07,1.71212185e+01,1.29533687e-01,1.69916849e+01,1.00004723e-09
16,4.20515876e-01,1.33253440e-08,90,5,1,16,normal_corr_dominates,1.88098852e+02,1.00000000e+00,2.49999758e+07,-2.42356041e+01,1.29533687e-01,-2.43651377e+01,1.00013878e-09
16,4.20515876e-01,1.33253440e-08,90,5,2,17,normal_corr_dominates,2.14886451e+01,1.00000000e+00,2.50000029e+07,2.91303711e+00,1.29533687e-01,2.78350342e+00,1.00001404e-09
16,4.20515876e-01,1.33253440e-08,90,5,2,17,corr_ratio_high,4.00219079e+00,5.00000000e-01,2.50000029e+07,2.91303711e+00,1.29533687e-01,2.78350342e+00,1.00001404e-09
16,4.20515876e-01,1.33253440e-08,90,6,0,18,normal_corr_dominates,1.58568585e+00,1.00000000e+00,2.49999870e+07,-1.30425265e+01,-5.04412651e+00,-7.99840002e+00,1.00004298e-09
16,4.20515876e-01,1.33253440e-08,90,6,0,18,corr_ratio_high,1.33458985e+00,5.00000000e-01,2.49999870e+07,-1.30425265e+01,-5.04412651e+00,-7.99840002e+00,1.00004298e-09
16,4.20515876e-01,1.33253440e-08,90,6,1,19,normal_corr_dominates,2.39384396e+00,1.00000000e+00,2.50000070e+07,7.03072525e+00,-5.04412651e+00,1.20748518e+01,1.00014894e-09
16,4.20515876e-01,1.33253440e-08,90,6,1,19,corr_ratio_high,5.55849297e-01,5.00000000e-01,2.50000070e+07,7.03072525e+00,-5.04412651e+00,1.20748518e+01,1.00014894e-09
16,4.20515876e-01,1.33253440e-08,90,6,2,20,normal_corr_dominates,1.28481325e+00,1.00000000e+00,2.49999885e+07,-1.15248871e+01,-5.04412651e+00,-6.48076058e+00,1.00004960e-09
16,4.20515876e-01,1.33253440e-08,90,6,2,20,corr_ratio_high,8.63064583e-01,5.00000000e-01,2.49999885e+07,-1.15248871e+01,-5.04412651e+00,-6.48076058e+00,1.00004960e-09
16,4.20515876e-01,1.33253440e-08,90,7,0,21,normal_corr_dominates,1.26209879e+01,1.00000000e+00,2.50000122e+07,1.22297394e+01,-1.05238380e+00,1.32821232e+01,1.00006634e-09
16,4.20515876e-01,1.33253440e-08,90,7,1,22,normal_corr_dominates,8.19933636e+00,1.00000000e+00,2.50000076e+07,7.57646498e+00,-1.05238380e+00,8.62884878e+00,1.00007367e-09
16,4.20515876e-01,1.33253440e-08,90,7,2,23,normal_corr_dominates,2.99111572e+00,1.00000000e+00,2.49999958e+07,-4.20018554e+00,-1.05238380e+00,-3.14780173e+00,1.00004134e-09
16,4.20515876e-01,1.33253440e-08,90,7,2,23,corr_ratio_high,5.94606495e-01,5.00000000e-01,2.49999958e+07,-4.20018554e+00,-1.05238380e+00,-3.14780173e+00,1.00004134e-09
16,4.20515876e-01,1.33253440e-08,90,8,0,24,normal_corr_dominates,1.98251118e+00,1.00000000e+00,2.50000053e+07,5.25490893e+00,-5.34844696e+00,1.06033559e+01,1.00007212e-09
16,4.20515876e-01,1.33253440e-08,90,8,1,25,normal_corr_dominates,1.09067906e+00,1.00000000e+00,2.50000005e+07,4.84992131e-01,-5.34844696e+00,5.83343909e+00,1.00014960e-09
16,4.20515876e-01,1.33253440e-08,90,8,1,25,corr_ratio_high,5.75339195e-01,5.00000000e-01,2.50000005e+07,4.84992131e-01,-5.34844696e+00,5.83343909e+00,1.00014960e-09
16,4.20515876e-01,1.33253440e-08,90,8,2,26,corr_ratio_high,6.96560974e-01,5.00000000e-01,2.49999911e+07,-8.94935399e+00,-5.34844696e+00,-3.60090703e+00,1.00005122e-09
16,4.20515876e-01,1.33253440e-08,90,9,2,29,normal_corr_dominates,1.80021555e+00,1.00000000e+00,2.50000033e+07,3.32801773e+00,-4.15890158e+00,7.48691931e+00,1.00006410e-09
16,4.20515876e-01,1.33253440e-08,90,10,2,32,normal_corr_dominates,1.90799746e+00,1.00000000e+00,2.50000047e+07,4.70392042e+00,-5.18054361e+00,9.88446403e+00,1.00006300e-09
16,4.20515876e-01,1.33253440e-08,90,11,0,33,normal_corr_dominates,1.16201447e+01,1.00000000e+00,2.50000125e+07,1.25018249e+01,-1.17718028e+00,1.36790052e+01,1.00008397e-09
16,4.20515876e-01,1.33253440e-08,90,11,1,34,corr_ratio_high,1.77127906e+00,5.00000000e-01,2.49999989e+07,-1.06680687e+00,-1.17718028e+00,1.10373412e-01,1.00002737e-09
16,4.20515876e-01,1.33253440e-08,90,11,2,35,normal_corr_dominates,4.93031720e+00,1.00000000e+00,2.49999930e+07,-6.98105249e+00,-1.17718028e+00,-5.80387221e+00,1.00007543e-09
16,4.20515876e-01,1.33253440e-08,90,12,1,37,normal_corr_dominates,1.61293804e+00,1.00000000e+00,2.50000022e+07,2.24186199e+00,-3.65756705e+00,5.89942903e+00,1.00007798e-09
16,4.20515876e-01,1.33253440e-08,90,14,0,42,normal_corr_dominates,3.82449954e+00,1.00000000e+00,2.49999970e+07,-2.95417451e+00,1.04591078e+00,-4.00008529e+00,1.00005961e-09
16,4.20515876e-01,1.33253440e-08,90,14,1,43,normal_corr_dominates,1.58388750e+01,1.00000000e+00,2.49999845e+07,-1.55201393e+01,1.04591078e+00,-1.65660501e+01,1.00005947e-09
16,4.20515876e-01,1.33253440e-08,90,14,2,44,normal_corr_dominates,9.25534462e+00,1.00000000e+00,2.50000107e+07,1.07261755e+01,1.04591078e+00,9.68026470e+00,1.00007866e-09
16,4.20515876e-01,1.33253440e-08,90,15,0,45,normal_corr_dominates,1.33661732e+00,1.00000000e+00,2.49999948e+07,-5.21693346e+00,-2.23268629e+00,-2.98424717e+00,1.00005814e-09
16,4.20515876e-01,1.33253440e-08,90,15,1,46,normal_corr_dominates,2.20644411e+00,1.00000000e+00,2.49999928e+07,-7.15898380e+00,-2.23268629e+00,-4.92629751e+00,1.00008597e-09
16,4.20515876e-01,1.33253440e-08,90,15,2,47,normal_corr_dominates,1.83174997e+00,1.00000000e+00,2.49999937e+07,-6.32240933e+00,-2.23268629e+00,-4.08972304e+00,1.00006456e-09
16,4.20515876e-01,1.33253440e-08,90,17,0,51,normal_corr_dominates,3.62680335e+01,1.00000000e+00,2.49999874e+07,-1.26274079e+01,-3.38826785e-01,-1.22885812e+01,1.00010632e-09
16,4.20515876e-01,1.33253440e-08,90,17,1,52,normal_corr_dominates,1.81301333e+01,1.00000000e+00,2.49999935e+07,-6.48180156e+00,-3.38826785e-01,-6.14297477e+00,9.99992401e-10
16,4.20515876e-01,1.33253440e-08,90,17,1,52,corr_ratio_high,4.81966684e+00,5.00000000e-01,2.49999935e+07,-6.48180156e+00,-3.38826785e-01,-6.14297477e+00,9.99992401e-10
16,4.20515876e-01,1.33253440e-08,90,17,2,53,normal_corr_dominates,1.92932152e+01,1.00000000e+00,2.50000062e+07,6.19823128e+00,-3.38826785e-01,6.53705807e+00,1.00013052e-09
16,4.20515876e-01,1.33253440e-08,90,18,0,54,normal_corr_dominates,4.48964134e+00,1.00000000e+00,2.50000070e+07,6.98482236e+00,-2.00158746e+00,8.98640982e+00,1.00007742e-09
16,4.20515876e-01,1.33253440e-08,90,18,1,55,normal_corr_dominates,1.96632923e+00,1.00000000e+00,2.49999941e+07,-5.93736739e+00,-2.00158746e+00,-3.93577993e+00,1.00005354e-09
16,4.20515876e-01,1.33253440e-08,90,18,2,56,normal_corr_dominates,1.45482520e+00,1.00000000e+00,2.49999951e+07,-4.91354735e+00,-2.00158746e+00,-2.91195989e+00,1.00006686e-09
16,4.20515876e-01,1.33253440e-08,90,19,0,57,corr_ratio_high,2.21106366e+00,5.00000000e-01,2.49999956e+07,-4.43734308e+00,-5.12997946e+00,6.92636381e-01,1.00002480e-09
16,4.20515876e-01,1.33253440e-08,90,19,1,58,corr_ratio_high,5.87107488e-01,5.00000000e-01,2.49999985e+07,-1.52264018e+00,-5.12997946e+00,3.60733927e+00,1.00015215e-09
16,4.20515876e-01,1.33253440e-08,90,20,2,62,normal_corr_dominates,1.31877975e+00,1.00000000e+00,2.50000012e+07,1.17511817e+00,-3.68630122e+00,4.86141938e+00,1.00006878e-09
16,4.20515876e-01,1.33253440e-08,90,21,0,63,normal_corr_dominates,1.28434639e+00,1.00000000e+00,2.49999932e+07,-6.77930610e+00,-2.96772247e+00,-3.81158363e+00,1.00006438e-09
16,4.20515876e-01,1.33253440e-08,90,21,1,64,normal_corr_dominates,3.91200439e+00,1.00000000e+00,2.50000086e+07,8.64202084e+00,-2.96772247e+00,1.16097433e+01,1.00007729e-09
16,4.20515876e-01,1.33253440e-08,90,21,2,65,normal_corr_dominates,1.83567347e+00,1.00000000e+00,2.49999916e+07,-8.41549187e+00,-2.96772247e+00,-5.44776940e+00,1.00009216e-09
16,4.20515876e-01,1.33253440e-08,90,22,0,66,normal_corr_dominates,1.59317228e+01,1.00000000e+00,2.49999930e+07,-6.98281969e+00,4.67649968e-01,-7.45046966e+00,1.00005856e-09
16,4.20515876e-01,1.33253440e-08,90,22,1,67,normal_corr_dominates,1.59103007e+01,1.00000000e+00,2.49999930e+07,-6.97280164e+00,4.67649968e-01,-7.44045161e+00,1.00008504e-09
16,4.20515876e-01,1.33253440e-08,90,22,2,68,normal_corr_dominates,8.15015277e+00,1.00000000e+00,2.50000043e+07,4.27906865e+00,4.67649968e-01,3.81141868e+00,1.00010358e-09
16,4.20515876e-01,1.33253440e-08,90,24,0,72,corr_ratio_high,1.20585353e+00,5.00000000e-01,2.49999982e+07,-1.81786601e+00,-4.36050372e+00,2.54263771e+00,1.00003512e-09
16,4.20515876e-01,1.33253440e-08,90,24,1,73,normal_corr_dominates,1.20492149e+00,1.00000000e+00,2.49999904e+07,-9.61456834e+00,-4.36050372e+00,-5.25406463e+00,1.00008383e-09
16,4.20515876e-01,1.33253440e-08,90,25,1,76,normal_corr_dominates,4.99226829e+00,1.00000000e+00,2.50000069e+07,6.88412941e+00,-1.72436543e+00,8.60849484e+00,1.00010591e-09
16,4.20515876e-01,1.33253440e-08,90,25,2,77,normal_corr_dominates,5.74975101e+00,1.00000000e+00,2.50000082e+07,8.19030643e+00,-1.72436543e+00,9.91467186e+00,1.00002606e-09
16,4.20515876e-01,1.33253440e-08,90,25,2,77,corr_ratio_high,2.05911265e+00,5.00000000e-01,2.50000082e+07,8.19030643e+00,-1.72436543e+00,9.91467186e+00,1.00002606e-09
16,4.20515876e-01,1.33253440e-08,90,16,0,48,normal_corr_dominates,7.96985380e+00,1.00000000e+00,2.49999826e+07,-1.74437288e+01,-1.94470604e+00,-1.54990228e+01,1.00004520e-09
16,4.20515876e-01,1.33253440e-08,90,16,0,48,corr_ratio_high,1.47600801e+00,5.00000000e-01,2.49999826e+07,-1.74437288e+01,-1.94470604e+00,-1.54990228e+01,1.00004520e-09
16,4.20515876e-01,1.33253440e-08,90,16,1,49,normal_corr_dominates,2.61192316e+00,1.00000000e+00,2.50000031e+07,3.13471670e+00,-1.94470604e+00,5.07942273e+00,1.00009014e-09
16,4.20515876e-01,1.33253440e-08,90,16,2,50,normal_corr_dominates,1.47450103e+00,1.00000000e+00,2.50000009e+07,9.22765022e-01,-1.94470604e+00,2.86747106e+00,1.00010302e-09
17,4.44227857e-01,1.40767314e-08,90,0,0,0,normal_corr_dominates,3.15636284e+00,1.00000000e+00,2.50000027e+07,2.72296590e+00,-1.26275868e+00,3.98572458e+00,1.00011905e-09
17,4.44227857e-01,1.40767314e-08,90,0,1,1,normal_corr_dominates,6.16132552e+00,1.00000000e+00,2.50000065e+07,6.51750861e+00,-1.26275868e+00,7.78026729e+00,1.00008337e-09
17,4.44227857e-01,1.40767314e-08,90,0,2,2,corr_ratio_high,2.46487947e+00,5.00000000e-01,2.49999984e+07,-1.56897310e+00,-1.26275868e+00,-3.06214423e-01,1.00002651e-09
17,4.44227857e-01,1.40767314e-08,90,1,0,3,normal_corr_dominates,2.46357315e+00,1.00000000e+00,2.50000054e+07,5.43611232e+00,-3.71427443e+00,9.15038676e+00,1.00009907e-09
17,4.44227857e-01,1.40767314e-08,90,3,1,10,normal_corr_dominates,2.97473464e+00,1.00000000e+00,2.50000066e+07,6.63581736e+00,-3.36035902e+00,9.99617638e+00,1.00009932e-09
17,4.44227857e-01,1.40767314e-08,90,3,2,11,normal_corr_dominates,2.75684202e+00,1.00000000e+00,2.50000059e+07,5.90361993e+00,-3.36035902e+00,9.26397896e+00,1.00006252e-09
17,4.44227857e-01,1.40767314e-08,90,3,2,11,corr_ratio_high,6.46457082e-01,5.00000000e-01,2.50000059e+07,5.90361993e+00,-3.36035902e+00,9.26397896e+00,1.00006252e-09
17,4.44227857e-01,1.40767314e-08,90,4,0,12,normal_corr_dominates,1.22311941e+01,1.00000000e+00,2.50000050e+07,5.01555506e+00,-4.46573626e-01,5.46212868e+00,1.00009978e-09
17,4.44227857e-01,1.40767314e-08,90,4,1,13,normal_corr_dominates,2.91379813e+01,1.00000000e+00,2.50000126e+07,1.25656803e+01,-4.46573626e-01,1.30122540e+01,1.00005572e-09
17,4.44227857e-01,1.40767314e-08,90,4,1,13,corr_ratio_high,5.34699890e-01,5.00000000e-01,2.50000126e+07,1.25656803e+01,-4.46573626e-01,1.30122540e+01,1.00005572e-09
17,4.44227857e-01,1.40767314e-08,90,5,0,15,normal_corr_dominates,1.33527428e+02,1.00000000e+00,2.50000180e+07,1.80305875e+01,1.34029081e-01,1.78965585e+01,1.00004975e-09
17,4.44227857e-01,1.40767314e-08,90,5,1,16,normal_corr_dominates,1.91474240e+02,1.00000000e+00,2.49999745e+07,-2.55290875e+01,1.34029081e-01,-2.56631165e+01,1.00014618e-09
17,4.44227857e-01,1.40767314e-08,90,5,2,17,normal_corr_dominates,2.18771619e+01,1.00000000e+00,2.50000031e+07,3.06620500e+00,1.34029081e-01,2.93217592e+00,1.00001480e-09
17,4.44227857e-01,1.40767314e-08,90,5,2,17,corr_ratio_high,4.00105559e+00,5.00000000e-01,2.50000031e+07,3.06620500e+00,1.34029081e-01,2.93217592e+00,1.00001480e-09
17,4.44227857e-01,1.40767314e-08,90,6,0,18,normal_corr_dominates,1.58545962e+00,1.00000000e+00,2.49999863e+07,-1.37377444e+01,-5.31346316e+00,-8.42428128e+00,1.00004527e-09
17,4.44227857e-01,1.40767314e-08,90,6,0,18,corr_ratio_high,1.33445534e+00,5.00000000e-01,2.49999863e+07,-1.37377444e+01,-5.31346316e+00,-8.42428128e+00,1.00004527e-09
17,4.44227857e-01,1.40767314e-08,90,6,1,19,normal_corr_dominates,2.39349392e+00,1.00000000e+00,2.50000074e+07,7.40427859e+00,-5.31346316e+00,1.27177417e+01,1.00015687e-09
17,4.44227857e-01,1.40767314e-08,90,6,1,19,corr_ratio_high,5.55844436e-01,5.00000000e-01,2.50000074e+07,7.40427859e+00,-5.31346316e+00,1.27177417e+01,1.00015687e-09
17,4.44227857e-01,1.40767314e-08,90,6,2,20,normal_corr_dominates,1.28482038e+00,1.00000000e+00,2.49999879e+07,-1.21403089e+01,-5.31346316e+00,-6.82684575e+00,1.00005226e-09
17,4.44227857e-01,1.40767314e-08,90,6,2,20,corr_ratio_high,8.62829190e-01,5.00000000e-01,2.49999879e+07,-1.21403089e+01,-5.31346316e+00,-6.82684575e+00,1.00005226e-09
17,4.44227857e-01,1.40767314e-08,90,7,0,21,normal_corr_dominates,1.25965180e+01,1.00000000e+00,2.50000129e+07,1.28779936e+01,-1.11050521e+00,1.39884989e+01,1.00006988e-09
17,4.44227857e-01,1.40767314e-08,90,7,1,22,normal_corr_dominates,8.18386634e+00,1.00000000e+00,2.50000080e+07,7.97772099e+00,-1.11050521e+00,9.08822620e+00,1.00007760e-09
17,4.44227857e-01,1.40767314e-08,90,7,2,23,normal_corr_dominates,2.98508050e+00,1.00000000e+00,2.49999956e+07,-4.42545265e+00,-1.11050521e+00,-3.31494744e+00,1.00004355e-09
17,4.44227857e-01,1.40767314e-08,90,7,2,23,corr_ratio_high,5.94566799e-01,5.00000000e-01,2.49999956e+07,-4.42545265e+00,-1.11050521e+00,-3.31494744e+00,1.00004355e-09
17,4.44227857e-01,1.40767314e-08,90,8,0,24,normal_corr_dominates,1.98170781e+00,1.00000000e+00,2.50000055e+07,5.53236644e+00,-5.63545119e+00,1.11678176e+01,1.00007596e-09
17,4.44227857e-01,1.40767314e-08,90,8,1,25,normal_corr_dominates,1.09005309e+00,1.00000000e+00,2.50000005e+07,5.07489798e-01,-5.63545119e+00,6.14294099e+00,1.00015758e-09
17,4.44227857e-01,1.40767314e-08,90,8,1,25,corr_ratio_high,5.75323095e-01,5.00000000e-01,2.50000005e+07,5.07489798e-01,-5.63545119e+00,6.14294099e+00,1.00015758e-09
17,4.44227857e-01,1.40767314e-08,90,8,2,26,corr_ratio_high,6.96463066e-01,5.00000000e-01,2.49999906e+07,-9.42764765e+00,-5.63545119e+00,-3.79219645e+00,1.00005396e-09
17,4.44227857e-01,1.40767314e-08,90,9,2,29,normal_corr_dominates,1.79901091e+00,1.00000000e+00,2.50000035e+07,3.50164254e+00,-4.38247148e+00,7.88411402e+00,1.00006752e-09
17,4.44227857e-01,1.40767314e-08,90,10,2,32,normal_corr_dominates,1.90688095e+00,1.00000000e+00,2.50000050e+07,4.95003438e+00,-5.45830674e+00,1.04083411e+01,1.00006637e-09
17,4.44227857e-01,1.40767314e-08,90,11,0,33,normal_corr_dominates,1.15989776e+01,1.00000000e+00,2.50000132e+07,1.31644246e+01,-1.24204665e+00,1.44064713e+01,1.00008845e-09
17,4.44227857e-01,1.40767314e-08,90,11,1,34,corr_ratio_high,1.77110499e+00,5.00000000e-01,2.49999989e+07,-1.12324839e+00,-1.24204665e+00,1.18798254e-01,1.00002883e-09
17,4.44227857e-01,1.40767314e-08,90,11,2,35,normal_corr_dominates,4.92139490e+00,1.00000000e+00,2.49999926e+07,-7.35464869e+00,-1.24204665e+00,-6.11260204e+00,1.00007945e-09
17,4.44227857e-01,1.40767314e-08,90,12,1,37,normal_corr_dominates,1.61168087e+00,1.00000000e+00,2.50000024e+07,2.35767714e+00,-3.85442350e+00,6.21210064e+00,1.00008214e-09
17,4.44227857e-01,1.40767314e-08,90,14,0,42,normal_corr_dominates,3.82971441e+00,1.00000000e+00,2.49999969e+07,-3.11328161e+00,1.10021054e+00,-4.21349215e+00,1.00006279e-09
17,4.44227857e-01,1.40767314e-08,90,14,1,43,normal_corr_dominates,1.58585683e+01,1.00000000e+00,2.49999837e+07,-1.63475534e+01,1.10021054e+00,-1.74477640e+01,1.00006264e-09
17,4.44227857e-01,1.40767314e-08,90,14,2,44,normal_corr_dominates,9.26768290e+00,1.00000000e+00,2.50000113e+07,1.12966129e+01,1.10021054e+00,1.01964024e+01,1.00008285e-09
17,4.44227857e-01,1.40767314e-08,90,15,0,45,normal_corr_dominates,1.33596623e+00,1.00000000e+00,2.49999945e+07,-5.49615977e+00,-2.35284213e+00,-3.14331763e+00,1.00006124e-09
17,4.44227857e-01,1.40767314e-08,90,15,1,46,normal_corr_dominates,2.20506201e+00,1.00000000e+00,2.49999925e+07,-7.54100494e+00,-2.35284213e+00,-5.18816280e+00,1.00009056e-09
17,4.44227857e-01,1.40767314e-08,90,15,2,47,normal_corr_dominates,1.83064041e+00,1.00000000e+00,2.49999933e+07,-6.66005001e+00,-2.35284213e+00,-4.30720788e+00,1.00006800e-09
17,4.44227857e-01,1.40767314e-08,90,17,0,51,normal_corr_dominates,3.60115313e+01,1.00000000e+00,2.49999867e+07,-1.33029733e+01,-3.59427803e-01,-1.29435455e+01,1.00011198e-09
17,4.44227857e-01,1.40767314e-08,90,17,1,52,normal_corr_dominates,1.79983008e+01,1.00000000e+00,2.49999932e+07,-6.82851749e+00,-3.59427803e-01,-6.46908969e+00,9.99992002e-10
17,4.44227857e-01,1.40767314e-08,90,17,1,52,corr_ratio_high,4.82025532e+00,5.00000000e-01,2.49999932e+07,-6.82851749e+00,-3.59427803e-01,-6.46908969e+00,9.99992002e-10
17,4.44227857e-01,1.40767314e-08,90,17,2,53,normal_corr_dominates,1.91545069e+01,1.00000000e+00,2.50000065e+07,6.52523453e+00,-3.59427803e-01,6.88466233e+00,1.00013748e-09
17,4.44227857e-01,1.40767314e-08,90,18,0,54,normal_corr_dominates,4.48483600e+00,1.00000000e+00,2.50000074e+07,7.35412363e+00,-2.11032130e+00,9.46444493e+00,1.00008155e-09
17,4.44227857e-01,1.40767314e-08,90,18,1,55,normal_corr_dominates,1.96425867e+00,1.00000000e+00,2.49999937e+07,-6.25553822e+00,-2.11032130e+00,-4.14521692e+00,1.00005640e-09
17,4.44227857e-01,1.40767314e-08,90,18,2,56,normal_corr_dominates,1.45304023e+00,1.00000000e+00,2.49999948e+07,-5.17670305e+00,-2.11032130e+00,-3.06638175e+00,1.00007043e-09
17,4.44227857e-01,1.40767314e-08,90,19,0,57,corr_ratio_high,2.21048349e+00,5.00000000e-01,2.49999953e+07,-4.67502756e+00,-5.40535097e+00,7.30323413e-01,1.00002613e-09
17,4.44227857e-01,1.40767314e-08,90,19,1,58,corr_ratio_high,5.87090957e-01,5.00000000e-01,2.49999984e+07,-1.60699832e+00,-5.40535097e+00,3.79835265e+00,1.00016026e-09
17,4.44227857e-01,1.40767314e-08,90,20,2,62,normal_corr_dominates,1.31783940e+00,1.00000000e+00,2.50000012e+07,1.23466063e+00,-3.88454245e+00,5.11920307e+00,1.00007245e-09
17,4.44227857e-01,1.40767314e-08,90,21,0,63,normal_corr_dominates,1.28392802e+00,1.00000000e+00,2.49999929e+07,-7.14166037e+00,-3.12692007e+00,-4.01474030e+00,1.00006781e-09
17,4.44227857e-01,1.40767314e-08,90,21,1,64,normal_corr_dominates,3.91075646e+00,1.00000000e+00,2.50000091e+07,9.10170280e+00,-3.12692007e+00,1.22286229e+01,1.00008141e-09
17,4.44227857e-01,1.40767314e-08,90,21,2,65,normal_corr_dominates,1.83508661e+00,1.00000000e+00,2.49999911e+07,-8.86508923e+00,-3.12692007e+00,-5.73816915e+00,1.00009708e-09
17,4.44227857e-01,1.40767314e-08,90,22,0,66,normal_corr_dominates,1.60062710e+01,1.00000000e+00,2.49999926e+07,-7.35680104e+00,4.90248446e-01,-7.84704949e+00,1.00006169e-09
17,4.44227857e-01,1.40767314e-08,90,22,1,67,normal_corr_dominates,1.59854942e+01,1.00000000e+00,2.49999927e+07,-7.34661525e+00,4.90248446e-01,-7.83686370e+00,1.00008958e-09
17,4.44227857e-01,1.40767314e-08,90,22,2,68,normal_corr_dominates,8.18821124e+00,1.00000000e+00,2.50000045e+07,4.50450629e+00,4.90248446e-01,4.01425784e+00,1.00010910e-09
17,4.44227857e-01,1.40767314e-08,90,24,0,72,corr_ratio_high,1.20568316e+00,5.00000000e-01,2.49999981e+07,-1.91426256e+00,-4.59474952e+00,2.68048696e+00,1.00003700e-09
17,4.44227857e-01,1.40767314e-08,90,24,1,73,normal_corr_dominates,1.20447913e+00,1.00000000e+00,2.49999899e+07,-1.01290294e+01,-4.59474952e+00,-5.53427992e+00,1.00008830e-09
17,4.44227857e-01,1.40767314e-08,90,25,1,76,normal_corr_dominates,4.98831449e+00,1.00000000e+00,2.50000072e+07,7.24993400e+00,-1.81779396e+00,9.06772797e+00,1.00011156e-09
17,4.44227857e-01,1.40767314e-08,90,25,2,77,normal_corr_dominates,5.74379641e+00,1.00000000e+00,2.50000086e+07,8.62324447e+00,-1.81779396e+00,1.04410384e+01,1.00002745e-09
17,4.44227857e-01,1.40767314e-08,90,25,2,77,corr_ratio_high,2.05919667e+00,5.00000000e-01,2.50000086e+07,8.62324447e+00,-1.81779396e+00,1.04410384e+01,1.00002745e-09
17,4.44227857e-01,1.40767314e-08,90,16,0,48,normal_corr_dominates,7.96060861e+00,1.00000000e+00,2.49999816e+07,-1.83745579e+01,-2.05059262e+00,-1.63239653e+01,1.00004761e-09
17,4.44227857e-01,1.40767314e-08,90,16,0,48,corr_ratio_high,1.47577677e+00,5.00000000e-01,2.49999816e+07,-1.83745579e+01,-2.05059262e+00,-1.63239653e+01,1.00004761e-09
17,4.44227857e-01,1.40767314e-08,90,16,1,49,normal_corr_dominates,2.60885955e+00,1.00000000e+00,2.50000033e+07,3.29911551e+00,-2.05059262e+00,5.34970813e+00,1.00009495e-09
17,4.44227857e-01,1.40767314e-08,90,16,2,50,normal_corr_dominates,1.47281937e+00,1.00000000e+00,2.50000010e+07,9.69559909e-01,-2.05059262e+00,3.02015253e+00,1.00010851e-09
18,4.69378806e-01,1.48737168e-08,90,0,0,0,normal_corr_dominates,3.15359743e+00,1.00000000e+00,2.50000029e+07,2.86782300e+00,-1.33164303e+00,4.19946603e+00,1.00012541e-09
18,4.69378806e-01,1.48737168e-08,90,0,1,1,normal_corr_dominates,6.15272673e+00,1.00000000e+00,2.50000069e+07,6.86159262e+00,-1.33164303e+00,8.19323564e+00,1.00008783e-09
18,4.69378806e-01,1.48737168e-08,90,0,2,2,corr_ratio_high,2.46400124e+00,5.00000000e-01,2.49999983e+07,-1.65477950e+00,-1.33164303e+00,-3.23136476e-01,1.00002794e-09
18,4.69378806e-01,1.48737168e-08,90,1,0,3,normal_corr_dominates,2.46216641e+00,1.00000000e+00,2.50000057e+07,5.72407188e+00,-3.91478826e+00,9.63886014e+00,1.00010437e-09
18,4.69378806e-01,1.48737168e-08,90,3,1,10,normal_corr_dominates,2.97397115e+00,1.00000000e+00,2.50000070e+07,6.99022992e+00,-3.54120166e+00,1.05314316e+01,1.00010463e-09
18,4.69378806e-01,1.48737168e-08,90,3,2,11,normal_corr_dominates,2.75505574e+00,1.00000000e+00,2.50000062e+07,6.21500631e+00,-3.54120166e+00,9.75620798e+00,1.00006586e-09
18,4.69378806e-01,1.48737168e-08,90,3,2,11,corr_ratio_high,6.46474931e-01,5.00000000e-01,2.50000062e+07,6.21500631e+00,-3.54120166e+00,9.75620798e+00,1.00006586e-09
18,4.69378806e-01,1.48737168e-08,90,4,0,12,normal_corr_dominates,1.21695158e+01,1.00000000e+00,2.50000053e+07,5.28061139e+00,-4.72769946e-01,5.75338133e+00,1.00010512e-09
18,4.69378806e-01,1.48737168e-08,90,4,1,13,normal_corr_dominates,2.89922836e+01,1.00000000e+00,2.50000132e+07,1.32339104e+01,-4.72769946e-01,1.37066804e+01,1.00005870e-09
18,4.69378806e-01,1.48737168e-08,90,4,1,13,corr_ratio_high,5.34761470e-01,5.00000000e-01,2.50000132e+07,1.32339104e+01,-4.72769946e-01,1.37066804e+01,1.00005870e-09
18,4.69378806e-01,1.48737168e-08,90,5,0,15,normal_corr_dominates,1.35997916e+02,1.00000000e+00,2.50000190e+07,1.89908340e+01,1.38621335e-01,1.88522127e+01,1.00005241e-09
18,4.69378806e-01,1.48737168e-08,90,5,1,16,normal_corr_dominates,1.95020485e+02,1.00000000e+00,2.49999731e+07,-2.68953786e+01,1.38621335e-01,-2.70340000e+01,1.00015399e-09
18,4.69378806e-01,1.48737168e-08,90,5,2,17,normal_corr_dominates,2.22854459e+01,1.00000000e+00,2.50000032e+07,3.22785961e+00,1.38621335e-01,3.08923827e+00,1.00001559e-09
18,4.69378806e-01,1.48737168e-08,90,5,2,17,corr_ratio_high,3.99987961e+00,5.00000000e-01,2.50000032e+07,3.22785961e+00,1.38621335e-01,3.08923827e+00,1.00001559e-09
18,4.69378806e-01,1.48737168e-08,90,6,0,18,normal_corr_dominates,1.58524016e+00,1.00000000e+00,2.49999855e+07,-1.44720928e+01,-5.59796844e+00,-8.87412440e+00,1.00004769e-09
18,4.69378806e-01,1.48737168e-08,90,6,0,18,corr_ratio_high,1.33431330e+00,5.00000000e-01,2.49999855e+07,-1.44720928e+01,-5.59796844e+00,-8.87412440e+00,1.00004769e-09
18,4.69378806e-01,1.48737168e-08,90,6,1,19,normal_corr_dominates,2.39315175e+00,1.00000000e+00,2.50000078e+07,7.79881954e+00,-5.59796844e+00,1.33967880e+01,1.00016526e-09
18,4.69378806e-01,1.48737168e-08,90,6,1,19,corr_ratio_high,5.55839154e-01,5.00000000e-01,2.50000078e+07,7.79881954e+00,-5.59796844e+00,1.33967880e+01,1.00016526e-09
18,4.69378806e-01,1.48737168e-08,90,6,2,20,normal_corr_dominates,1.28483789e+00,1.00000000e+00,2.49999872e+07,-1.27904504e+01,-5.59796844e+00,-7.19248193e+00,1.00005506e-09
18,4.69378806e-01,1.48737168e-08,90,6,2,20,corr_ratio_high,8.62584293e-01,5.00000000e-01,2.49999872e+07,-1.27904504e+01,-5.59796844e+00,-7.19248193e+00,1.00005506e-09
18,4.69378806e-01,1.48737168e-08,90,7,0,21,normal_corr_dominates,1.25716997e+01,1.00000000e+00,2.50000136e+07,1.35624090e+01,-1.17203257e+00,1.47344416e+01,1.00007362e-09
18,4.69378806e-01,1.48737168e-08,90,7,1,22,normal_corr_dominates,8.16818425e+00,1.00000000e+00,2.50000084e+07,8.40134544e+00,-1.17203257e+00,9.57337802e+00,1.00008175e-09
18,4.69378806e-01,1.48737168e-08,90,7,2,23,normal_corr_dominates,2.97894617e+00,1.00000000e+00,2.49999953e+07,-4.66345453e+00,-1.17203257e+00,-3.49142196e+00,1.00004588e-09
18,4.69378806e-01,1.48737168e-08,90,7,2,23,corr_ratio_high,5.94526237e-01,5.00000000e-01,2.49999953e+07,-4.66345453e+00,-1.17203257e+00,-3.49142196e+00,1.00004588e-09
18,4.69378806e-01,1.48737168e-08,90,8,0,24,normal_corr_dominates,1.98089185e+00,1.00000000e+00,2.50000058e+07,5.82526023e+00,-5.93873855e+00,1.17639988e+01,1.00008002e-09
18,4.69378806e-01,1.48737168e-08,90,8,1,25,normal_corr_dominates,1.08942201e+00,1.00000000e+00,2.50000005e+07,5.31053948e-01,-5.93873855e+00,6.46979250e+00,1.00016600e-09
18,4.69378806e-01,1.48737168e-08,90,8,1,25,corr_ratio_high,5.75306830e-01,5.00000000e-01,2.50000005e+07,5.31053948e-01,-5.93873855e+00,6.46979250e+00,1.00016600e-09
18,4.69378806e-01,1.48737168e-08,90,8,2,26,corr_ratio_high,6.96362254e-01,5.00000000e-01,2.49999901e+07,-9.93295613e+00,-5.93873855e+00,-3.99421758e+00,1.00005684e-09
18,4.69378806e-01,1.48737168e-08,90,9,2,29,normal_corr_dominates,1.79777919e+00,1.00000000e+00,2.50000037e+07,3.68474610e+00,-4.61875436e+00,8.30350045e+00,1.00007114e-09
18,4.69378806e-01,1.48737168e-08,90,10,2,32,normal_corr_dominates,1.90573582e+00,1.00000000e+00,2.50000052e+07,5.20961884e+00,-5.75180831e+00,1.09614272e+01,1.00006992e-09
18,4.69378806e-01,1.48737168e-08,90,11,0,33,normal_corr_dominates,1.15775616e+01,1.00000000e+00,2.50000139e+07,1.38640259e+01,-1.31070150e+00,1.51747274e+01,1.00009319e-09
18,4.69378806e-01,1.48737168e-08,90,11,1,34,corr_ratio_high,1.77091987e+00,5.00000000e-01,2.49999988e+07,-1.18286215e+00,-1.31070150e+00,1.27839356e-01,1.00003037e-09
18,4.69378806e-01,1.48737168e-08,90,11,2,35,normal_corr_dominates,4.91235446e+00,1.00000000e+00,2.49999923e+07,-7.74933187e+00,-1.31070150e+00,-6.43863037e+00,1.00008370e-09
18,4.69378806e-01,1.48737168e-08,90,12,1,37,normal_corr_dominates,1.61040023e+00,1.00000000e+00,2.50000025e+07,2.47974193e+00,-4.06248525e+00,6.54222717e+00,1.00008654e-09
18,4.69378806e-01,1.48737168e-08,90,14,0,42,normal_corr_dominates,3.83506367e+00,1.00000000e+00,2.49999967e+07,-3.28147414e+00,1.15746047e+00,-4.43893461e+00,1.00006615e-09
18,4.69378806e-01,1.48737168e-08,90,14,1,43,normal_corr_dominates,1.58786774e+01,1.00000000e+00,2.49999828e+07,-1.72214810e+01,1.15746047e+00,-1.83789414e+01,1.00006598e-09
18,4.69378806e-01,1.48737168e-08,90,14,2,44,normal_corr_dominates,9.28031047e+00,1.00000000e+00,2.50000119e+07,1.18990530e+01,1.15746047e+00,1.07415926e+01,1.00008728e-09
18,4.69378806e-01,1.48737168e-08,90,15,0,45,normal_corr_dominates,1.33531386e+00,1.00000000e+00,2.49999942e+07,-5.79120100e+00,-2.47983841e+00,-3.31136259e+00,1.00006452e-09
18,4.69378806e-01,1.48737168e-08,90,15,1,46,normal_corr_dominates,2.20363534e+00,1.00000000e+00,2.49999921e+07,-7.94449796e+00,-2.47983841e+00,-5.46465955e+00,1.00009540e-09
18,4.69378806e-01,1.48737168e-08,90,15,2,47,normal_corr_dominates,1.82951224e+00,1.00000000e+00,2.49999930e+07,-7.01673312e+00,-2.47983841e+00,-4.53689471e+00,1.00007165e-09
18,4.69378806e-01,1.48737168e-08,90,17,0,51,normal_corr_dominates,3.57557695e+01,1.00000000e+00,2.49999860e+07,-1.40166596e+01,-3.81345834e-01,-1.36353137e+01,1.00011797e-09
18,4.69378806e-01,1.48737168e-08,90,17,1,52,normal_corr_dominates,1.78668704e+01,1.00000000e+00,2.49999928e+07,-7.19480244e+00,-3.81345834e-01,-6.81345661e+00,9.99991581e-10
18,4.69378806e-01,1.48737168e-08,90,17,1,52,corr_ratio_high,4.82085711e+00,5.00000000e-01,2.49999928e+07,-7.19480244e+00,-3.81345834e-01,-6.81345661e+00,9.99991581e-10
18,4.69378806e-01,1.48737168e-08,90,17,2,53,normal_corr_dominates,1.90162576e+01,1.00000000e+00,2.50000069e+07,6.87042479e+00,-3.81345834e-01,7.25177062e+00,1.00014483e-09
18,4.69378806e-01,1.48737168e-08,90,18,0,54,normal_corr_dominates,4.47994845e+00,1.00000000e+00,2.50000077e+07,7.74397033e+00,-2.22531180e+00,9.96928213e+00,1.00008592e-09
18,4.69378806e-01,1.48737168e-08,90,18,1,55,normal_corr_dominates,1.96214506e+00,1.00000000e+00,2.49999934e+07,-6.59169633e+00,-2.22531180e+00,-4.36638454e+00,1.00005942e-09
18,4.69378806e-01,1.48737168e-08,90,18,2,56,normal_corr_dominates,1.45121887e+00,1.00000000e+00,2.49999945e+07,-5.45472626e+00,-2.22531180e+00,-3.22941446e+00,1.00007420e-09
18,4.69378806e-01,1.48737168e-08,90,19,0,57,corr_ratio_high,2.20987913e+00,5.00000000e-01,2.49999951e+07,-4.92614546e+00,-5.69634915e+00,7.70203698e-01,1.00002753e-09
18,4.69378806e-01,1.48737168e-08,90,19,1,58,corr_ratio_high,5.87074111e-01,5.00000000e-01,2.49999983e+07,-1.69629267e+00,-5.69634915e+00,4.00005648e+00,1.00016883e-09
18,4.69378806e-01,1.48737168e-08,90,20,2,62,normal_corr_dominates,1.31687935e+00,1.00000000e+00,2.50000013e+07,1.29732351e+00,-4.09406133e+00,5.39138484e+00,1.00007633e-09
18,4.69378806e-01,1.48737168e-08,90,21,0,63,normal_corr_dominates,1.28350638e+00,1.00000000e+00,2.49999925e+07,-7.52448494e+00,-3.29514513e+00,-4.22933981e+00,1.00007144e-09
18,4.69378806e-01,1.48737168e-08,90,21,1,64,normal_corr_dominates,3.90948331e+00,1.00000000e+00,2.50000096e+07,9.58716974e+00,-3.29514513e+00,1.28823149e+01,1.00008577e-09
18,4.69378806e-01,1.48737168e-08,90,21,2,65,normal_corr_dominates,1.83447311e+00,1.00000000e+00,2.49999907e+07,-9.34000027e+00,-3.29514513e+00,-6.04485514e+00,1.00010227e-09
18,4.69378806e-01,1.48737168e-08,90,22,0,66,normal_corr_dominates,1.60825967e+01,1.00000000e+00,2.49999922e+07,-7.75194495e+00,5.13966204e-01,-8.26591115e+00,1.00006499e-09
18,4.69378806e-01,1.48737168e-08,90,22,1,67,normal_corr_dominates,1.60624135e+01,1.00000000e+00,2.49999923e+07,-7.74157148e+00,5.13966204e-01,-8.25553768e+00,1.00009437e-09
18,4.69378806e-01,1.48737168e-08,90,22,2,68,normal_corr_dominates,8.22717176e+00,1.00000000e+00,2.50000047e+07,4.74245444e+00,5.13966204e-01,4.22848824e+00,1.00011493e-09
18,4.69378806e-01,1.48737168e-08,90,24,0,72,corr_ratio_high,1.20550305e+00,5.00000000e-01,2.49999980e+07,-2.01606940e+00,-4.84229975e+00,2.82623035e+00,1.00003898e-09
18,4.69378806e-01,1.48737168e-08,90,24,1,73,normal_corr_dominates,1.20402631e+00,1.00000000e+00,2.49999893e+07,-1.06725561e+01,-4.84229975e+00,-5.83025631e+00,1.00009303e-09
18,4.69378806e-01,1.48737168e-08,90,25,1,76,normal_corr_dominates,4.98434793e+00,1.00000000e+00,2.50000076e+07,7.63623029e+00,-1.91655709e+00,9.55278738e+00,1.00011752e-09
18,4.69378806e-01,1.48737168e-08,90,25,2,77,normal_corr_dominates,5.73780922e+00,1.00000000e+00,2.50000091e+07,9.08028185e+00,-1.91655709e+00,1.09968389e+01,1.00002892e-09
18,4.69378806e-01,1.48737168e-08,90,25,2,77,corr_ratio_high,2.05927512e+00,5.00000000e-01,2.50000091e+07,9.08028185e+00,-1.91655709e+00,1.09968389e+01,1.00002892e-09
18,4.69378806e-01,1.48737168e-08,90,16,0,48,normal_corr_dominates,7.95128442e+00,1.00000000e+00,2.49999806e+07,-1.93578127e+01,-2.16257375e+00,-1.71952390e+01,1.00005016e-09
18,4.69378806e-01,1.48737168e-08,90,16,0,48,corr_ratio_high,1.47553825e+00,5.00000000e-01,2.49999806e+07,-1.93578127e+01,-2.16257375e+00,-1.71952390e+01,1.00005016e-09
18,4.69378806e-01,1.48737168e-08,90,16,1,49,normal_corr_dominates,2.60576828e+00,1.00000000e+00,2.50000035e+07,3.47259234e+00,-2.16257375e+00,5.63516609e+00,1.00010003e-09
18,4.69378806e-01,1.48737168e-08,90,16,2,50,normal_corr_dominates,1.47112792e+00,1.00000000e+00,2.50000010e+07,1.01884887e+00,-2.16257375e+00,3.18142262e+00,1.00011431e-09
19,4.96064928e-01,1.57193490e-08,90,0,0,0,normal_corr_dominates,3.15086077e+00,1.00000000e+00,2.50000030e+07,3.02088363e+00,-1.40449985e+00,4.42538347e+00,1.00013212e-09
19,4.96064928e-01,1.57193490e-08,90,0,1,1,normal_corr_dominates,6.14406054e+00,1.00000000e+00,2.50000072e+07,7.22483223e+00,-1.40449985e+00,8.62933208e+00,1.00009254e-09
19,4.96064928e-01,1.57193490e-08,90,0,2,2,corr_ratio_high,2.46308234e+00,5.00000000e-01,2.49999983e+07,-1.74563406e+00,-1.40449985e+00,-3.41134214e-01,1.00002944e-09
19,4.96064928e-01,1.57193490e-08,90,1,0,3,normal_corr_dominates,2.46073953e+00,1.00000000e+00,2.50000060e+07,6.02814454e+00,-4.12677581e+00,1.01549203e+01,1.00010996e-09
19,4.96064928e-01,1.57193490e-08,90,3,1,10,normal_corr_dominates,2.97319463e+00,1.00000000e+00,2.50000074e+07,7.36463303e+00,-3.73233988e+00,1.10969729e+01,1.00011025e-09
19,4.96064928e-01,1.57193490e-08,90,3,2,11,normal_corr_dominates,2.75324292e+00,1.00000000e+00,2.50000065e+07,6.54369849e+00,-3.73233988e+00,1.02760384e+01,1.00006939e-09
19,4.96064928e-01,1.57193490e-08,90,3,2,11,corr_ratio_high,6.46489239e-01,5.00000000e-01,2.50000065e+07,6.54369849e+00,-3.73233988e+00,1.02760384e+01,1.00006939e-09
19,4.96064928e-01,1.57193490e-08,90,4,0,12,normal_corr_dominates,1.21076894e+01,1.00000000e+00,2.50000056e+07,5.56046036e+00,-5.00595591e-01,6.06105595e+00,1.00011075e-09
19,4.96064928e-01,1.57193490e-08,90,4,1,13,normal_corr_dominates,2.88461652e+01,1.00000000e+00,2.50000139e+07,1.39396675e+01,-5.00595591e-01,1.44402631e+01,1.00006184e-09
19,4.96064928e-01,1.57193490e-08,90,4,1,13,corr_ratio_high,5.34827068e-01,5.00000000e-01,2.50000139e+07,1.39396675e+01,-5.00595591e-01,1.44402631e+01,1.00006184e-09
19,4.96064928e-01,1.57193490e-08,90,5,0,15,normal_corr_dominates,1.38596723e+02,1.00000000e+00,2.50000200e+07,2.00050491e+01,1.43306008e-01,1.98617431e+01,1.00005523e-09
19,4.96064928e-01,1.57193490e-08,90,5,1,16,normal_corr_dominates,1.98751196e+02,1.00000000e+00,2.49999717e+07,-2.83389345e+01,1.43306008e-01,-2.84822405e+01,1.00016225e-09
19,4.96064928e-01,1.57193490e-08,90,5,2,17,normal_corr_dominates,2.27150872e+01,1.00000000e+00,2.50000034e+07,3.39851449e+00,1.43306008e-01,3.25520848e+00,1.00001644e-09
19,4.96064928e-01,1.57193490e-08,90,5,2,17,corr_ratio_high,3.99866126e+00,5.00000000e-01,2.50000034e+07,3.39851449e+00,1.43306008e-01,3.25520848e+00,1.00001644e-09
19,4.96064928e-01,1.57193490e-08,90,6,0,18,normal_corr_dominates,1.58502769e+00,1.00000000e+00,2.49999848e+07,-1.52479723e+01,-5.89857212e+00,-9.34940015e+00,1.00005025e-09
19,4.96064928e-01,1.57193490e-08,90,6,0,18,corr_ratio_high,1.33416337e+00,5.00000000e-01,2.49999848e+07,-1.52479723e+01,-5.89857212e+00,-9.34940015e+00,1.00005025e-09
19,4.96064928e-01,1.57193490e-08,90,6,1,19,normal_corr_dominates,2.39281788e+00,1.00000000e+00,2.50000082e+07,8.21563669e+00,-5.89857212e+00,1.41142088e+01,1.00017411e-09
19,4.96064928e-01,1.57193490e-08,90,6,1,19,corr_ratio_high,5.55833423e-01,5.00000000e-01,2.50000082e+07,8.21563669e+00,-5.89857212e+00,1.41142088e+01,1.00017411e-09
19,4.96064928e-01,1.57193490e-08,90,6,2,20,normal_corr_dominates,1.28486616e+00,1.00000000e+00,2.49999865e+07,-1.34774478e+01,-5.89857212e+00,-7.57887571e+00,1.00005802e-09
19,4.96064928e-01,1.57193490e-08,90,6,2,20,corr_ratio_high,8.62329571e-01,5.00000000e-01,2.49999865e+07,-1.34774478e+01,-5.89857212e+00,-7.57887571e+00,1.00005802e-09
19,4.96064928e-01,1.57193490e-08,90,7,0,21,normal_corr_dominates,1.25465234e+01,1.00000000e+00,2.50000143e+07,1.42851740e+01,-1.23718400e+00,1.55223580e+01,1.00007757e-09
19,4.96064928e-01,1.57193490e-08,90,7,1,22,normal_corr_dominates,8.15228406e+00,1.00000000e+00,2.50000088e+07,8.84869137e+00,-1.23718400e+00,1.00858754e+01,1.00008614e-09
19,4.96064928e-01,1.57193490e-08,90,7,2,23,normal_corr_dominates,2.97270924e+00,1.00000000e+00,2.49999951e+07,-4.91497230e+00,-1.23718400e+00,-3.67778830e+00,1.00004834e-09
19,4.96064928e-01,1.57193490e-08,90,7,2,23,corr_ratio_high,5.94484777e-01,5.00000000e-01,2.49999951e+07,-4.91497230e+00,-1.23718400e+00,-3.67778830e+00,1.00004834e-09
19,4.96064928e-01,1.57193490e-08,90,8,0,24,normal_corr_dominates,1.98006313e+00,1.00000000e+00,2.50000061e+07,6.13452483e+00,-6.25931599e+00,1.23938408e+01,1.00008431e-09
19,4.96064928e-01,1.57193490e-08,90,8,1,25,normal_corr_dominates,1.08878560e+00,1.00000000e+00,2.50000006e+07,5.55737108e-01,-6.25931599e+00,6.81505309e+00,1.00017490e-09
19,4.96064928e-01,1.57193490e-08,90,8,1,25,corr_ratio_high,5.75290400e-01,5.00000000e-01,2.50000006e+07,5.55737108e-01,-6.25931599e+00,6.81505309e+00,1.00017490e-09
19,4.96064928e-01,1.57193490e-08,90,8,2,26,corr_ratio_high,6.96258437e-01,5.00000000e-01,2.49999895e+07,-1.04669421e+01,-6.25931599e+00,-4.20762609e+00,1.00005990e-09
19,4.96064928e-01,1.57193490e-08,90,9,2,29,normal_corr_dominates,1.79651974e+00,1.00000000e+00,2.50000039e+07,3.87788722e+00,-4.86853873e+00,8.74642595e+00,1.00007496e-09
19,4.96064928e-01,1.57193490e-08,90,10,2,32,normal_corr_dominates,1.90456132e+00,1.00000000e+00,2.50000055e+07,5.48346897e+00,-6.06202015e+00,1.15454891e+01,1.00007368e-09
19,4.96064928e-01,1.57193490e-08,90,11,0,33,normal_corr_dominates,1.15558935e+01,1.00000000e+00,2.50000146e+07,1.46028752e+01,-1.38338599e+00,1.59862612e+01,1.00009819e-09
19,4.96064928e-01,1.57193490e-08,90,11,1,34,corr_ratio_high,1.77072318e+00,5.00000000e-01,2.49999988e+07,-1.24584627e+00,-1.38338599e+00,1.37539716e-01,1.00003200e-09
19,4.96064928e-01,1.57193490e-08,90,11,2,35,normal_corr_dominates,4.90319384e+00,1.00000000e+00,2.49999918e+07,-8.16639563e+00,-1.38338599e+00,-6.78300965e+00,1.00008819e-09
19,4.96064928e-01,1.57193490e-08,90,12,1,37,normal_corr_dominates,1.60909573e+00,1.00000000e+00,2.50000026e+07,2.60842067e+00,-4.28244776e+00,6.89086843e+00,1.00009119e-09
19,4.96064928e-01,1.57193490e-08,90,14,0,42,normal_corr_dominates,3.84055266e+00,1.00000000e+00,2.49999965e+07,-3.45931978e+00,1.21783336e+00,-4.67715313e+00,1.00006970e-09
19,4.96064928e-01,1.57193490e-08,90,14,1,43,normal_corr_dominates,1.58992180e+01,1.00000000e+00,2.49999819e+07,-1.81447646e+01,1.21783336e+00,-1.93625980e+01,1.00006952e-09
19,4.96064928e-01,1.57193490e-08,90,14,2,44,normal_corr_dominates,9.29323812e+00,1.00000000e+00,2.50000125e+07,1.25354487e+01,1.21783336e+00,1.13176154e+01,1.00009196e-09
19,4.96064928e-01,1.57193490e-08,90,15,0,45,normal_corr_dominates,1.33466020e+00,1.00000000e+00,2.49999939e+07,-6.10303567e+00,-2.61410019e+00,-3.48893548e+00,1.00006798e-09
19,4.96064928e-01,1.57193490e-08,90,15,1,46,normal_corr_dominates,2.20216199e+00,1.00000000e+00,2.49999916e+07,-8.37077225e+00,-2.61410019e+00,-5.75667207e+00,1.00010051e-09
19,4.96064928e-01,1.57193490e-08,90,15,2,47,normal_corr_dominates,1.82836540e+00,1.00000000e+00,2.49999926e+07,-7.39363052e+00,-2.61410019e+00,-4.77953033e+00,1.00007550e-09
19,4.96064928e-01,1.57193490e-08,90,17,0,51,normal_corr_dominates,3.55006986e+01,1.00000000e+00,2.49999852e+07,-1.47708057e+01,-4.04671863e-01,-1.43661338e+01,1.00012430e-09
19,4.96064928e-01,1.57193490e-08,90,17,1,52,normal_corr_dominates,1.77358152e+01,1.00000000e+00,2.49999924e+07,-7.58185722e+00,-4.04671863e-01,-7.17718536e+00,9.99991137e-10
19,4.96064928e-01,1.57193490e-08,90,17,1,52,corr_ratio_high,4.82147261e+00,5.00000000e-01,2.49999924e+07,-7.58185722e+00,-4.04671863e-01,-7.17718536e+00,9.99991137e-10
19,4.96064928e-01,1.57193490e-08,90,17,2,53,normal_corr_dominates,1.88784411e+01,1.00000000e+00,2.50000072e+07,7.23490207e+00,-4.04671863e-01,7.63957393e+00,1.00015260e-09
19,4.96064928e-01,1.57193490e-08,90,18,0,54,normal_corr_dominates,4.47497670e+00,1.00000000e+00,2.50000082e+07,8.15560288e+00,-2.34695181e+00,1.05025547e+01,1.00009053e-09
19,4.96064928e-01,1.57193490e-08,90,18,1,55,normal_corr_dominates,1.95998697e+00,1.00000000e+00,2.49999931e+07,-6.94694680e+00,-2.34695181e+00,-4.59999498e+00,1.00006261e-09
19,4.96064928e-01,1.57193490e-08,90,18,2,56,normal_corr_dominates,1.44936015e+00,1.00000000e+00,2.49999943e+07,-5.74853025e+00,-2.34695181e+00,-3.40157844e+00,1.00007817e-09
19,4.96064928e-01,1.57193490e-08,90,19,0,57,corr_ratio_high,2.20924978e+00,5.00000000e-01,2.49999948e+07,-5.19152221e+00,-6.00394050e+00,8.12418289e-01,1.00002901e-09
19,4.96064928e-01,1.57193490e-08,90,19,1,58,corr_ratio_high,5.87056943e-01,5.00000000e-01,2.49999982e+07,-1.79083760e+00,-6.00394050e+00,4.21310289e+00,1.00017788e-09
19,4.96064928e-01,1.57193490e-08,90,20,2,62,normal_corr_dominates,1.31589922e+00,1.00000000e+00,2.50000014e+07,1.36328135e+00,-4.31555784e+00,5.67883919e+00,1.00008042e-09
19,4.96064928e-01,1.57193490e-08,90,21,0,63,normal_corr_dominates,1.28308135e+00,1.00000000e+00,2.49999921e+07,-7.92904130e+00,-3.47295610e+00,-4.45608520e+00,1.00007527e-09
19,4.96064928e-01,1.57193490e-08,90,21,1,64,normal_corr_dominates,3.90818358e+00,1.00000000e+00,2.50000101e+07,1.00999939e+01,-3.47295610e+00,1.35729500e+01,1.00009036e-09
19,4.96064928e-01,1.57193490e-08,90,21,2,65,normal_corr_dominates,1.83383142e+00,1.00000000e+00,2.49999902e+07,-9.84177210e+00,-3.47295610e+00,-6.36881600e+00,1.00010775e-09
19,4.96064928e-01,1.57193490e-08,90,22,0,66,normal_corr_dominates,1.61607847e+01,1.00000000e+00,2.49999918e+07,-8.16955655e+00,5.38861061e-01,-8.70841761e+00,1.00006848e-09
19,4.96064928e-01,1.57193490e-08,90,22,1,67,normal_corr_dominates,1.61411409e+01,1.00000000e+00,2.49999918e+07,-8.15897124e+00,5.38861061e-01,-8.69783230e+00,1.00009943e-09
19,4.96064928e-01,1.57193490e-08,90,22,2,68,normal_corr_dominates,8.26707718e+00,1.00000000e+00,2.50000050e+07,4.99366704e+00,5.38861061e-01,4.45480598e+00,1.00012109e-09
19,4.96064928e-01,1.57193490e-08,90,24,0,72,corr_ratio_high,1.20531281e+00,5.00000000e-01,2.49999979e+07,-2.12362077e+00,-5.10397826e+00,2.98035749e+00,1.00004107e-09
19,4.96064928e-01,1.57193490e-08,90,24,1,73,normal_corr_dominates,1.20356264e+00,1.00000000e+00,2.49999888e+07,-1.12469358e+01,-5.10397826e+00,-6.14295755e+00,1.00009802e-09
19,4.96064928e-01,1.57193490e-08,90,25,1,76,normal_corr_dominates,4.98036625e+00,1.00000000e+00,2.50000080e+07,8.04426470e+00,-2.02098606e+00,1.00652508e+01,1.00012383e-09
19,4.96064928e-01,1.57193490e-08,90,25,2,77,normal_corr_dominates,5.73178776e+00,1.00000000e+00,2.50000096e+07,9.56287708e+00,-2.02098606e+00,1.15838631e+01,1.00003047e-09
19,4.96064928e-01,1.57193490e-08,90,25,2,77,corr_ratio_high,2.05934759e+00,5.00000000e-01,2.50000096e+07,9.56287708e+00,-2.02098606e+00,1.15838631e+01,1.00003047e-09
19,4.96064928e-01,1.57193490e-08,90,16,0,48,normal_corr_dominates,7.94187803e+00,1.00000000e+00,2.49999796e+07,-2.03967080e+01,-2.28103179e+00,-1.81156762e+01,1.00005285e-09
19,4.96064928e-01,1.57193490e-08,90,16,0,48,corr_ratio_high,1.47529217e+00,5.00000000e-01,2.49999796e+07,-2.03967080e+01,-2.28103179e+00,-1.81156762e+01,1.00005285e-09
19,4.96064928e-01,1.57193490e-08,90,16,1,49,normal_corr_dominates,2.60264835e+00,1.00000000e+00,2.50000037e+07,3.65569183e+00,-2.28103179e+00,5.93672362e+00,1.00010539e-09
19,4.96064928e-01,1.57193490e-08,90,16,2,50,normal_corr_dominates,1.46942602e+00,1.00000000e+00,2.50000011e+07,1.07077567e+00,-2.28103179e+00,3.35180745e+00,1.00012044e-09
20,5.22361202e-01,1.65526276e-08,90,0,0,0,normal_corr_dominates,3.14834219e+00,1.00000000e+00,2.50000032e+07,3.17109734e+00,-1.47606716e+00,4.64716450e+00,1.00013872e-09
20,5.22361202e-01,1.65526276e-08,90,0,1,1,normal_corr_dominates,6.13593667e+00,1.00000000e+00,2.50000076e+07,7.58098743e+00,-1.47606716e+00,9.05705459e+00,1.00009716e-09
20,5.22361202e-01,1.65526276e-08,90,0,2,2,corr_ratio_high,2.46218959e+00,5.00000000e-01,2.49999982e+07,-1.83498372e+00,-1.47606716e+00,-3.58916568e-01,1.00003092e-09
20,5.22361202e-01,1.65526276e-08,90,1,0,3,normal_corr_dominates,2.45939341e+00,1.00000000e+00,2.50000063e+07,6.32636556e+00,-4.33492813e+00,1.06612937e+01,1.00011545e-09
20,5.22361202e-01,1.65526276e-08,90,3,1,10,normal_corr_dominates,2.97245955e+00,1.00000000e+00,2.50000077e+07,7.73198009e+00,-3.91996890e+00,1.16519490e+01,1.00011577e-09
20,5.22361202e-01,1.65526276e-08,90,3,2,11,normal_corr_dominates,2.75153207e+00,1.00000000e+00,2.50000069e+07,6.86595124e+00,-3.91996890e+00,1.07859201e+01,1.00007286e-09
20,5.22361202e-01,1.65526276e-08,90,3,2,11,corr_ratio_high,6.46499181e-01,5.00000000e-01,2.50000069e+07,6.86595124e+00,-3.91996890e+00,1.07859201e+01,1.00007286e-09
20,5.22361202e-01,1.65526276e-08,90,4,0,12,normal_corr_dominates,1.20500190e+01,1.00000000e+00,2.50000058e+07,5.83488663e+00,-5.28043129e-01,6.36292976e+00,1.00011628e-09
20,5.22361202e-01,1.65526276e-08,90,4,1,13,normal_corr_dominates,2.87098056e+01,1.00000000e+00,2.50000146e+07,1.46319725e+01,-5.28043129e-01,1.51600156e+01,1.00006492e-09
20,5.22361202e-01,1.65526276e-08,90,4,1,13,corr_ratio_high,5.34891841e-01,5.00000000e-01,2.50000146e+07,1.46319725e+01,-5.28043129e-01,1.51600156e+01,1.00006492e-09
20,5.22361202e-01,1.65526276e-08,90,5,0,15,normal_corr_dominates,1.41138970e+02,1.00000000e+00,2.50000210e+07,2.09999679e+01,1.47742508e-01,2.08522254e+01,1.00005799e-09
20,5.22361202e-01,1.65526276e-08,90,5,1,16,normal_corr_dominates,2.02400978e+02,1.00000000e+00,2.49999702e+07,-2.97554856e+01,1.47742508e-01,-2.99032281e+01,1.00017035e-09
20,5.22361202e-01,1.65526276e-08,90,5,2,17,normal_corr_dominates,2.31355331e+01,1.00000000e+00,2.50000036e+07,3.56584419e+00,1.47742508e-01,3.41810169e+00,1.00001726e-09
20,5.22361202e-01,1.65526276e-08,90,5,2,17,corr_ratio_high,3.99748822e+00,5.00000000e-01,2.50000036e+07,3.56584419e+00,1.47742508e-01,3.41810169e+00,1.00001726e-09
20,5.22361202e-01,1.65526276e-08,90,6,0,18,normal_corr_dominates,1.58483646e+00,1.00000000e+00,2.49999840e+07,-1.60093453e+01,-6.19356216e+00,-9.81578315e+00,1.00005277e-09
20,5.22361202e-01,1.65526276e-08,90,6,0,18,corr_ratio_high,1.33401645e+00,5.00000000e-01,2.49999840e+07,-1.60093453e+01,-6.19356216e+00,-9.81578315e+00,1.00005277e-09
20,5.22361202e-01,1.65526276e-08,90,6,1,19,normal_corr_dominates,2.39251505e+00,1.00000000e+00,2.50000086e+07,8.62462850e+00,-6.19356216e+00,1.48181907e+01,1.00018280e-09
20,5.22361202e-01,1.65526276e-08,90,6,1,19,corr_ratio_high,5.55827661e-01,5.00000000e-01,2.50000086e+07,8.62462850e+00,-6.19356216e+00,1.48181907e+01,1.00018280e-09
20,5.22361202e-01,1.65526276e-08,90,6,2,20,normal_corr_dominates,1.28490247e+00,1.00000000e+00,2.49999858e+07,-1.41516855e+01,-6.19356216e+00,-7.95812331e+00,1.00006093e-09
20,5.22361202e-01,1.65526276e-08,90,6,2,20,corr_ratio_high,8.62083487e-01,5.00000000e-01,2.49999858e+07,-1.41516855e+01,-6.19356216e+00,-7.95812331e+00,1.00006093e-09
20,5.22361202e-01,1.65526276e-08,90,7,0,21,normal_corr_dominates,1.25227705e+01,1.00000000e+00,2.50000150e+07,1.49940751e+01,-1.30125608e+00,1.62953311e+01,1.00008145e-09
20,5.22361202e-01,1.65526276e-08,90,7,1,22,normal_corr_dominates,8.13728981e+00,1.00000000e+00,2.50000093e+07,9.28744173e+00,-1.30125608e+00,1.05886978e+01,1.00009044e-09
20,5.22361202e-01,1.65526276e-08,90,7,2,23,normal_corr_dominates,2.96681135e+00,1.00000000e+00,2.49999948e+07,-5.16183737e+00,-1.30125608e+00,-3.86058129e+00,1.00005076e-09
20,5.22361202e-01,1.65526276e-08,90,7,2,23,corr_ratio_high,5.94445366e-01,5.00000000e-01,2.49999948e+07,-5.16183737e+00,-1.30125608e+00,-3.86058129e+00,1.00005076e-09
20,5.22361202e-01,1.65526276e-08,90,8,0,24,normal_corr_dominates,1.97928053e+00,1.00000000e+00,2.50000064e+07,6.43782074e+00,-6.57403121e+00,1.30118519e+01,1.00008852e-09
20,5.22361202e-01,1.65526276e-08,90,8,1,25,normal_corr_dominates,1.08818849e+00,1.00000000e+00,2.50000006e+07,5.79753903e-01,-6.57403121e+00,7.15378511e+00,1.00018364e-09
20,5.22361202e-01,1.65526276e-08,90,8,1,25,corr_ratio_high,5.75274965e-01,5.00000000e-01,2.50000006e+07,5.79753903e-01,-6.57403121e+00,7.15378511e+00,1.00018364e-09
20,5.22361202e-01,1.65526276e-08,90,8,2,26,corr_ratio_high,6.96159062e-01,5.00000000e-01,2.49999890e+07,-1.09910389e+01,-6.57403121e+00,-4.41700769e+00,1.00006289e-09
20,5.22361202e-01,1.65526276e-08,90,9,2,29,normal_corr_dominates,1.79532257e+00,1.00000000e+00,2.50000041e+07,4.06710935e+00,-5.11378590e+00,9.18089525e+00,1.00007871e-09
20,5.22361202e-01,1.65526276e-08,90,10,2,32,normal_corr_dominates,1.90344157e+00,1.00000000e+00,2.50000058e+07,5.75179528e+00,-6.36653820e+00,1.21183335e+01,1.00007737e-09
20,5.22361202e-01,1.65526276e-08,90,11,0,33,normal_corr_dominates,1.15355053e+01,1.00000000e+00,2.50000153e+07,1.53276016e+01,-1.45485206e+00,1.67824536e+01,1.00010310e-09
20,5.22361202e-01,1.65526276e-08,90,11,1,34,corr_ratio_high,1.77052934e+00,5.00000000e-01,2.49999987e+07,-1.30765555e+00,-1.45485206e+00,1.47196509e-01,1.00003360e-09
20,5.22361202e-01,1.65526276e-08,90,11,2,35,normal_corr_dominates,4.89456145e+00,1.00000000e+00,2.49999914e+07,-8.57571484e+00,-1.45485206e+00,-7.12086278e+00,1.00009259e-09
20,5.22361202e-01,1.65526276e-08,90,12,1,37,normal_corr_dominates,1.60786035e+00,1.00000000e+00,2.50000027e+07,2.73441475e+00,-4.49842591e+00,7.23284066e+00,1.00009574e-09
20,5.22361202e-01,1.65526276e-08,90,14,0,42,normal_corr_dominates,3.84578972e+00,1.00000000e+00,2.49999964e+07,-3.63397713e+00,1.27696615e+00,-4.91094328e+00,1.00007319e-09
20,5.22361202e-01,1.65526276e-08,90,14,1,43,normal_corr_dominates,1.59187300e+01,1.00000000e+00,2.49999809e+07,-1.90507132e+01,1.27696615e+00,-2.03276794e+01,1.00007299e-09
20,5.22361202e-01,1.65526276e-08,90,14,2,44,normal_corr_dominates,9.30554475e+00,1.00000000e+00,2.50000132e+07,1.31598318e+01,1.27696615e+00,1.18828656e+01,1.00009655e-09
20,5.22361202e-01,1.65526276e-08,90,15,0,45,normal_corr_dominates,1.33405088e+00,1.00000000e+00,2.49999936e+07,-6.40914470e+00,-2.74593187e+00,-3.66321283e+00,1.00007137e-09
20,5.22361202e-01,1.65526276e-08,90,15,1,46,normal_corr_dominates,2.20074744e+00,1.00000000e+00,2.49999912e+07,-8.78903441e+00,-2.74593187e+00,-6.04310254e+00,1.00010553e-09
20,5.22361202e-01,1.65526276e-08,90,15,2,47,normal_corr_dominates,1.82728163e+00,1.00000000e+00,2.49999922e+07,-7.76352274e+00,-2.74593187e+00,-5.01759087e+00,1.00007927e-09
20,5.22361202e-01,1.65526276e-08,90,17,0,51,normal_corr_dominates,3.52639645e+01,1.00000000e+00,2.49999845e+07,-1.55109398e+01,-4.27723223e-01,-1.50832166e+01,1.00013051e-09
20,5.22361202e-01,1.65526276e-08,90,17,1,52,normal_corr_dominates,1.76141976e+01,1.00000000e+00,2.49999920e+07,-7.96172461e+00,-4.27723223e-01,-7.53400138e+00,9.99990702e-10
20,5.22361202e-01,1.65526276e-08,90,17,1,52,corr_ratio_high,4.82205795e+00,5.00000000e-01,2.49999920e+07,-7.96172461e+00,-4.27723223e-01,-7.53400138e+00,9.99990702e-10
20,5.22361202e-01,1.65526276e-08,90,17,2,53,normal_corr_dominates,1.87505859e+01,1.00000000e+00,2.50000076e+07,7.59233783e+00,-4.27723223e-01,8.02006105e+00,1.00016021e-09
20,5.22361202e-01,1.65526276e-08,90,18,0,54,normal_corr_dominates,4.47027382e+00,1.00000000e+00,2.50000086e+07,8.55928413e+00,-2.46645786e+00,1.10257420e+01,1.00009506e-09
20,5.22361202e-01,1.65526276e-08,90,18,1,55,normal_corr_dominates,1.95793801e+00,1.00000000e+00,2.49999927e+07,-7.29562944e+00,-2.46645786e+00,-4.82917158e+00,1.00006574e-09
20,5.22361202e-01,1.65526276e-08,90,18,2,56,normal_corr_dominates,1.44759652e+00,1.00000000e+00,2.49999940e+07,-6.03689367e+00,-2.46645786e+00,-3.57043581e+00,1.00008208e-09
20,5.22361202e-01,1.65526276e-08,90,19,0,57,corr_ratio_high,2.20864109e+00,5.00000000e-01,2.49999945e+07,-5.45198966e+00,-6.30591056e+00,8.53920893e-01,1.00003047e-09
20,5.22361202e-01,1.65526276e-08,90,19,1,58,corr_ratio_high,5.87040677e-01,5.00000000e-01,2.49999981e+07,-1.88380657e+00,-6.30591056e+00,4.42210399e+00,1.00018676e-09
20,5.22361202e-01,1.65526276e-08,90,20,2,62,normal_corr_dominates,1.31496895e+00,1.00000000e+00,2.50000014e+07,1.42776571e+00,-4.53303637e+00,5.96080207e+00,1.00008444e-09
20,5.22361202e-01,1.65526276e-08,90,21,0,63,normal_corr_dominates,1.28268274e+00,1.00000000e+00,2.49999917e+07,-8.32611234e+00,-3.64751185e+00,-4.67860050e+00,1.00007903e-09
20,5.22361202e-01,1.65526276e-08,90,21,1,64,normal_corr_dominates,3.90694926e+00,1.00000000e+00,2.50000106e+07,1.06031318e+01,-3.64751185e+00,1.42506437e+01,1.00009487e-09
20,5.22361202e-01,1.65526276e-08,90,21,2,65,normal_corr_dominates,1.83320768e+00,1.00000000e+00,2.49999897e+07,-1.03341586e+01,-3.64751185e+00,-6.68664672e+00,1.00011314e-09
20,5.22361202e-01,1.65526276e-08,90,22,0,66,normal_corr_dominates,1.62352797e+01,1.00000000e+00,2.49999914e+07,-8.57947506e+00,5.63132099e-01,-9.14260716e+00,1.00007190e-09
20,5.22361202e-01,1.65526276e-08,90,22,1,67,normal_corr_dominates,1.62160867e+01,1.00000000e+00,2.49999914e+07,-8.56866683e+00,5.63132099e-01,-9.13179893e+00,1.00010440e-09
20,5.22361202e-01,1.65526276e-08,90,22,2,68,normal_corr_dominates,8.30509225e+00,1.00000000e+00,2.50000052e+07,5.23999613e+00,5.63132099e-01,4.67686403e+00,1.00012714e-09
20,5.22361202e-01,1.65526276e-08,90,24,0,72,corr_ratio_high,1.20512636e+00,5.00000000e-01,2.49999978e+07,-2.22915200e+00,-5.36088682e+00,3.13173483e+00,1.00004313e-09
20,5.22361202e-01,1.65526276e-08,90,24,1,73,normal_corr_dominates,1.20312118e+00,1.00000000e+00,2.49999882e+07,-1.18106833e+01,-5.36088682e+00,-6.44979649e+00,1.00010292e-09
20,5.22361202e-01,1.65526276e-08,90,25,1,76,normal_corr_dominates,4.97664597e+00,1.00000000e+00,2.50000084e+07,8.44456163e+00,-2.12353870e+00,1.05681003e+01,1.00013002e-09
20,5.22361202e-01,1.65526276e-08,90,25,2,77,normal_corr_dominates,5.72615320e+00,1.00000000e+00,2.50000100e+07,1.00361692e+01,-2.12353870e+00,1.21597079e+01,1.00003199e-09
20,5.22361202e-01,1.65526276e-08,90,25,2,77,corr_ratio_high,2.05940927e+00,5.00000000e-01,2.50000100e+07,1.00361692e+01,-2.12353870e+00,1.21597079e+01,1.00003199e-09
20,5.22361202e-01,1.65526276e-08,90,16,0,48,normal_corr_dominates,7.93304985e+00,1.00000000e+00,2.49999786e+07,-2.14162069e+01,-2.39741267e+00,-1.90187942e+01,1.00005550e-09
20,5.22361202e-01,1.65526276e-08,90,16,0,48,corr_ratio_high,1.47505621e+00,5.00000000e-01,2.49999786e+07,-2.14162069e+01,-2.39741267e+00,-1.90187942e+01,1.00005550e-09
20,5.22361202e-01,1.65526276e-08,90,16,1,49,normal_corr_dominates,2.59971901e+00,1.00000000e+00,2.50000038e+07,3.83518662e+00,-2.39741267e+00,6.23259929e+00,1.00011065e-09
20,5.22361202e-01,1.65526276e-08,90,16,2,50,normal_corr_dominates,1.46783260e+00,1.00000000e+00,2.50000011e+07,1.12158779e+00,-2.39741267e+00,3.51900046e+00,1.00012646e-09
21,5.46671479e-01,1.73229738e-08,90,0,0,0,normal_corr_dominates,3.14615542e+00,1.00000000e+00,2.50000033e+07,3.30945243e+00,-1.54203764e+00,4.85149007e+00,1.00014479e-09
21,5.46671479e-01,1.73229738e-08,90,0,1,1,normal_corr_dominates,6.12875950e+00,1.00000000e+00,2.50000079e+07,7.90874018e+00,-1.54203764e+00,9.45077782e+00,1.00010142e-09
21,5.46671479e-01,1.73229738e-08,90,0,2,2,corr_ratio_high,2.46137528e+00,5.00000000e-01,2.49999981e+07,-1.91743886e+00,-1.54203764e+00,-3.75401228e-01,1.00003229e-09
21,5.46671479e-01,1.73229738e-08,90,1,0,3,normal_corr_dominates,2.45819713e+00,1.00000000e+00,2.50000066e+07,6.60087074e+00,-4.52673415e+00,1.11276049e+01,1.00012050e-09
21,5.46671479e-01,1.73229738e-08,90,3,1,10,normal_corr_dominates,2.97180381e+00,1.00000000e+00,2.50000081e+07,8.07023715e+00,-4.09281953e+00,1.21630567e+01,1.00012085e-09
21,5.46671479e-01,1.73229738e-08,90,3,2,11,normal_corr_dominates,2.75001132e+00,1.00000000e+00,2.50000072e+07,7.16248049e+00,-4.09281953e+00,1.12553000e+01,1.00007605e-09
21,5.46671479e-01,1.73229738e-08,90,3,2,11,corr_ratio_high,6.46505085e-01,5.00000000e-01,2.50000072e+07,7.16248049e+00,-4.09281953e+00,1.12553000e+01,1.00007605e-09
21,5.46671479e-01,1.73229738e-08,90,4,0,12,normal_corr_dominates,1.19992859e+01,1.00000000e+00,2.50000061e+07,6.08745801e+00,-5.53441202e-01,6.64089921e+00,1.00012138e-09
21,5.46671479e-01,1.73229738e-08,90,4,1,13,normal_corr_dominates,2.85897994e+01,1.00000000e+00,2.50000153e+07,1.52693317e+01,-5.53441202e-01,1.58227729e+01,1.00006776e-09
21,5.46671479e-01,1.73229738e-08,90,4,1,13,corr_ratio_high,5.34951746e-01,5.00000000e-01,2.50000153e+07,1.52693317e+01,-5.53441202e-01,1.58227729e+01,1.00006776e-09
21,5.46671479e-01,1.73229738e-08,90,5,0,15,normal_corr_dominates,1.43475944e+02,1.00000000e+00,2.50000219e+07,2.19159491e+01,1.51692721e-01,2.17642564e+01,1.00006054e-09
21,5.46671479e-01,1.73229738e-08,90,5,1,16,normal_corr_dominates,2.05756287e+02,1.00000000e+00,2.49999689e+07,-3.10600382e+01,1.51692721e-01,-3.12117310e+01,1.00017781e-09
21,5.46671479e-01,1.73229738e-08,90,5,2,17,normal_corr_dominates,2.35221691e+01,1.00000000e+00,2.50000037e+07,3.71983455e+00,1.51692721e-01,3.56814183e+00,1.00001802e-09
21,5.46671479e-01,1.73229738e-08,90,5,2,17,corr_ratio_high,3.99642649e+00,5.00000000e-01,2.50000037e+07,3.71983455e+00,1.51692721e-01,3.56814183e+00,1.00001802e-09
21,5.46671479e-01,1.73229738e-08,90,6,0,18,normal_corr_dominates,1.58467391e+00,1.00000000e+00,2.49999833e+07,-1.67105316e+01,-6.46523785e+00,-1.02452938e+01,1.00005508e-09
21,5.46671479e-01,1.73229738e-08,90,6,0,18,corr_ratio_high,1.33388140e+00,5.00000000e-01,2.49999833e+07,-1.67105316e+01,-6.46523785e+00,-1.02452938e+01,1.00005508e-09
21,5.46671479e-01,1.73229738e-08,90,6,1,19,normal_corr_dominates,2.39225579e+00,1.00000000e+00,2.50000090e+07,9.00126485e+00,-6.46523785e+00,1.54665027e+01,1.00019080e-09
21,5.46671479e-01,1.73229738e-08,90,6,1,19,corr_ratio_high,5.55822244e-01,5.00000000e-01,2.50000090e+07,9.00126485e+00,-6.46523785e+00,1.54665027e+01,1.00019080e-09
21,5.46671479e-01,1.73229738e-08,90,6,2,20,normal_corr_dominates,1.28494252e+00,1.00000000e+00,2.49999852e+07,-1.47726968e+01,-6.46523785e+00,-8.30745899e+00,1.00006360e-09
21,5.46671479e-01,1.73229738e-08,90,6,2,20,corr_ratio_high,8.61860131e-01,5.00000000e-01,2.49999852e+07,-1.47726968e+01,-6.46523785e+00,-8.30745899e+00,1.00006360e-09
21,5.46671479e-01,1.73229738e-08,90,7,0,21,normal_corr_dominates,1.25016604e+01,1.00000000e+00,2.50000156e+07,1.56466353e+01,-1.36038057e+00,1.70070159e+01,1.00008502e-09
21,5.46671479e-01,1.73229738e-08,90,7,1,22,normal_corr_dominates,8.12396943e+00,1.00000000e+00,2.50000097e+07,9.69130957e+00,-1.36038057e+00,1.10516901e+01,1.00009441e-09
21,5.46671479e-01,1.73229738e-08,90,7,2,23,normal_corr_dominates,2.96155830e+00,1.00000000e+00,2.49999946e+07,-5.38922692e+00,-1.36038057e+00,-4.02884636e+00,1.00005299e-09
21,5.46671479e-01,1.73229738e-08,90,7,2,23,corr_ratio_high,5.94410096e-01,5.00000000e-01,2.49999946e+07,-5.38922692e+00,-1.36038057e+00,-4.02884636e+00,1.00005299e-09
21,5.46671479e-01,1.73229738e-08,90,8,0,24,normal_corr_dominates,1.97858453e+00,1.00000000e+00,2.50000067e+07,6.71698329e+00,-6.86397863e+00,1.35809619e+01,1.00009239e-09
21,5.46671479e-01,1.73229738e-08,90,8,1,25,normal_corr_dominates,1.08766042e+00,1.00000000e+00,2.50000006e+07,6.01699252e-01,-6.86397863e+00,7.46567788e+00,1.00019168e-09
21,5.46671479e-01,1.73229738e-08,90,8,1,25,corr_ratio_high,5.75261304e-01,5.00000000e-01,2.50000006e+07,6.01699252e-01,-6.86397863e+00,7.46567788e+00,1.00019168e-09
21,5.46671479e-01,1.73229738e-08,90,8,2,26,corr_ratio_high,6.96069583e-01,5.00000000e-01,2.49999885e+07,-1.14737847e+01,-6.86397863e+00,-4.60980608e+00,1.00006565e-09
21,5.46671479e-01,1.73229738e-08,90,9,2,29,normal_corr_dominates,1.79425154e+00,1.00000000e+00,2.50000042e+07,4.24111135e+00,-5.33975841e+00,9.58086977e+00,1.00008216e-09
21,5.46671479e-01,1.73229738e-08,90,10,2,32,normal_corr_dominates,1.90243712e+00,1.00000000e+00,2.50000060e+07,5.99856549e+00,-6.64707309e+00,1.26456386e+01,1.00008077e-09
21,5.46671479e-01,1.73229738e-08,90,11,0,33,normal_corr_dominates,1.15174323e+01,1.00000000e+00,2.50000160e+07,1.59947746e+01,-1.52078703e+00,1.75155616e+01,1.00010762e-09
21,5.46671479e-01,1.73229738e-08,90,11,1,34,corr_ratio_high,1.77035032e+00,5.00000000e-01,2.49999986e+07,-1.36458424e+00,-1.52078703e+00,1.56202783e-01,1.00003508e-09
21,5.46671479e-01,1.73229738e-08,90,11,2,35,normal_corr_dominates,4.88689873e+00,1.00000000e+00,2.49999910e+07,-8.95271920e+00,-1.52078703e+00,-7.43193218e+00,1.00009665e-09
21,5.46671479e-01,1.73229738e-08,90,12,1,37,normal_corr_dominates,1.60675892e+00,1.00000000e+00,2.50000029e+07,2.85021295e+00,-4.69743893e+00,7.54765189e+00,1.00009994e-09
21,5.46671479e-01,1.73229738e-08,90,14,0,42,normal_corr_dominates,3.85049199e+00,1.00000000e+00,2.49999962e+07,-3.79494448e+00,1.33132964e+00,-5.12627412e+00,1.00007640e-09
21,5.46671479e-01,1.73229738e-08,90,14,1,43,normal_corr_dominates,1.59361806e+01,1.00000000e+00,2.49999801e+07,-1.98849799e+01,1.33132964e+00,-2.12163095e+01,1.00007618e-09
21,5.46671479e-01,1.73229738e-08,90,14,2,44,normal_corr_dominates,9.31657206e+00,1.00000000e+00,2.50000137e+07,1.37347582e+01,1.33132964e+00,1.24034285e+01,1.00010078e-09
21,5.46671479e-01,1.73229738e-08,90,15,0,45,normal_corr_dominates,1.33351527e+00,1.00000000e+00,2.49999933e+07,-6.69114532e+00,-2.86741013e+00,-3.82373519e+00,1.00007450e-09
21,5.46671479e-01,1.73229738e-08,90,15,1,46,normal_corr_dominates,2.19947008e+00,1.00000000e+00,2.49999908e+07,-9.17419290e+00,-2.86741013e+00,-6.30678277e+00,1.00011015e-09
21,5.46671479e-01,1.73229738e-08,90,15,2,47,normal_corr_dominates,1.82631736e+00,1.00000000e+00,2.49999919e+07,-8.10421101e+00,-2.86741013e+00,-5.23680088e+00,1.00008275e-09
21,5.46671479e-01,1.73229738e-08,90,17,0,51,normal_corr_dominates,3.50566668e+01,1.00000000e+00,2.49999838e+07,-1.61926361e+01,-4.49088547e-01,-1.57435476e+01,1.00013623e-09
21,5.46671479e-01,1.73229738e-08,90,17,1,52,normal_corr_dominates,1.75077141e+01,1.00000000e+00,2.49999917e+07,-8.31160243e+00,-4.49088547e-01,-7.86251388e+00,9.99990302e-10
21,5.46671479e-01,1.73229738e-08,90,17,1,52,corr_ratio_high,4.82258194e+00,5.00000000e-01,2.49999917e+07,-8.31160243e+00,-4.49088547e-01,-7.86251388e+00,9.99990302e-10
21,5.46671479e-01,1.73229738e-08,90,17,2,53,normal_corr_dominates,1.86386719e+01,1.00000000e+00,2.50000079e+07,7.92132551e+00,-4.49088547e-01,8.37041405e+00,1.00016723e-09
21,5.46671479e-01,1.73229738e-08,90,18,0,54,normal_corr_dominates,4.46608465e+00,1.00000000e+00,2.50000089e+07,8.93083600e+00,-2.57663528e+00,1.15074713e+01,1.00009922e-09
21,5.46671479e-01,1.73229738e-08,90,18,1,55,normal_corr_dominates,1.95610656e+00,1.00000000e+00,2.49999924e+07,-7.61680847e+00,-2.57663528e+00,-5.04017319e+00,1.00006862e-09
21,5.46671479e-01,1.73229738e-08,90,18,2,56,normal_corr_dominates,1.44602118e+00,1.00000000e+00,2.49999937e+07,-6.30250447e+00,-2.57663528e+00,-3.72586918e+00,1.00008568e-09
21,5.46671479e-01,1.73229738e-08,90,19,0,57,corr_ratio_high,2.20808811e+00,5.00000000e-01,2.49999943e+07,-5.69190953e+00,-6.58411871e+00,8.92209180e-01,1.00003181e-09
21,5.46671479e-01,1.73229738e-08,90,19,1,58,corr_ratio_high,5.87026165e-01,5.00000000e-01,2.49999980e+07,-1.96958762e+00,-6.58411871e+00,4.61453109e+00,1.00019494e-09
21,5.46671479e-01,1.73229738e-08,90,20,2,62,normal_corr_dominates,1.31413786e+00,1.00000000e+00,2.50000015e+07,1.48694875e+00,-4.73342733e+00,6.22037607e+00,1.00008815e-09
21,5.46671479e-01,1.73229738e-08,90,21,0,63,normal_corr_dominates,1.28233037e+00,1.00000000e+00,2.49999913e+07,-8.69186164e+00,-3.80832756e+00,-4.88353408e+00,1.00008250e-09
21,5.46671479e-01,1.73229738e-08,90,21,1,64,normal_corr_dominates,3.90584534e+00,1.00000000e+00,2.50000111e+07,1.10664109e+01,-3.80832756e+00,1.48747384e+01,1.00009903e-09
21,5.46671479e-01,1.73229738e-08,90,21,2,65,normal_corr_dominates,1.83263810e+00,1.00000000e+00,2.49999892e+07,-1.07876137e+01,-3.80832756e+00,-6.97928618e+00,1.00011809e-09
21,5.46671479e-01,1.73229738e-08,90,22,0,66,normal_corr_dominates,1.63020973e+01,1.00000000e+00,2.49999910e+07,-8.95708588e+00,5.85350212e-01,-9.54243609e+00,1.00007505e-09
21,5.46671479e-01,1.73229738e-08,90,22,1,67,normal_corr_dominates,1.62832577e+01,1.00000000e+00,2.49999911e+07,-8.94605815e+00,5.85350212e-01,-9.53140836e+00,1.00010897e-09
21,5.46671479e-01,1.73229738e-08,90,22,2,68,normal_corr_dominates,8.33918486e+00,1.00000000e+00,2.50000055e+07,5.46669384e+00,5.85350212e-01,4.88134363e+00,1.00013271e-09
21,5.46671479e-01,1.73229738e-08,90,24,0,72,corr_ratio_high,1.20495501e+00,5.00000000e-01,2.49999977e+07,-2.32633592e+00,-5.59758992e+00,3.27125399e+00,1.00004502e-09
21,5.46671479e-01,1.73229738e-08,90,24,1,73,normal_corr_dominates,1.20272558e+00,1.00000000e+00,2.49999877e+07,-1.23299545e+01,-5.59758992e+00,-6.73236456e+00,1.00010743e-09
21,5.46671479e-01,1.73229738e-08,90,25,1,76,normal_corr_dominates,4.97336721e+00,1.00000000e+00,2.50000088e+07,8.81312001e+00,-2.21804820e+00,1.10311682e+01,1.00013571e-09
21,5.46671479e-01,1.73229738e-08,90,25,2,77,normal_corr_dominates,5.72118218e+00,1.00000000e+00,2.50000105e+07,1.04718097e+01,-2.21804820e+00,1.26898579e+01,1.00003340e-09
21,5.46671479e-01,1.73229738e-08,90,25,2,77,corr_ratio_high,2.05945855e+00,5.00000000e-01,2.50000105e+07,1.04718097e+01,-2.21804820e+00,1.26898579e+01,1.00003340e-09
21,5.46671479e-01,1.73229738e-08,90,16,0,48,normal_corr_dominates,7.92524034e+00,1.00000000e+00,2.49999776e+07,-2.23551345e+01,-2.50470952e+00,-1.98504249e+01,1.00005793e-09
21,5.46671479e-01,1.73229738e-08,90,16,0,48,corr_ratio_high,1.47484339e+00,5.00000000e-01,2.49999776e+07,-2.23551345e+01,-2.50470952e+00,-1.98504249e+01,1.00005793e-09
21,5.46671479e-01,1.73229738e-08,90,16,1,49,normal_corr_dominates,2.59712681e+00,1.00000000e+00,2.50000040e+07,4.00033874e+00,-2.50470952e+00,6.50504826e+00,1.00011550e-09
21,5.46671479e-01,1.73229738e-08,90,16,2,50,normal_corr_dominates,1.46642598e+00,1.00000000e+00,2.50000012e+07,1.16826158e+00,-2.50470952e+00,3.67297110e+00,1.00013200e-09
22,5.69703656e-01,1.80528195e-08,90,0,0,0,normal_corr_dominates,3.14419764e+00,1.00000000e+00,2.50000034e+07,3.44009785e+00,-1.60437535e+00,5.04447320e+00,1.00015052e-09
22,5.69703656e-01,1.80528195e-08,90,0,1,1,normal_corr_dominates,6.12222998e+00,1.00000000e+00,2.50000082e+07,8.21797953e+00,-1.60437535e+00,9.82235488e+00,1.00010544e-09
22,5.69703656e-01,1.80528195e-08,90,0,2,2,corr_ratio_high,2.46061330e+00,5.00000000e-01,2.49999980e+07,-1.99543709e+00,-1.60437535e+00,-3.91061736e-01,1.00003357e-09
22,5.69703656e-01,1.80528195e-08,90,1,0,3,normal_corr_dominates,2.45710293e+00,1.00000000e+00,2.50000069e+07,6.85992675e+00,-4.70792188e+00,1.15678486e+01,1.00012527e-09
22,5.69703656e-01,1.80528195e-08,90,3,1,10,normal_corr_dominates,2.97120170e+00,1.00000000e+00,2.50000084e+07,8.38955963e+00,-4.25606351e+00,1.26456231e+01,1.00012564e-09
22,5.69703656e-01,1.80528195e-08,90,3,2,11,normal_corr_dominates,2.74862023e+00,1.00000000e+00,2.50000074e+07,7.44223875e+00,-4.25606351e+00,1.16983023e+01,1.00007907e-09
22,5.69703656e-01,1.80528195e-08,90,3,2,11,corr_ratio_high,6.46508044e-01,5.00000000e-01,2.50000074e+07,7.44223875e+00,-4.25606351e+00,1.16983023e+01,1.00007907e-09
22,5.69703656e-01,1.80528195e-08,90,4,0,12,normal_corr_dominates,1.19532970e+01,1.00000000e+00,2.50000063e+07,6.32578812e+00,-5.77523658e-01,6.90331178e+00,1.00012619e-09
22,5.69703656e-01,1.80528195e-08,90,4,1,13,normal_corr_dominates,2.84809758e+01,1.00000000e+00,2.50000159e+07,1.58709137e+01,-5.77523658e-01,1.64484373e+01,1.00007045e-09
22,5.69703656e-01,1.80528195e-08,90,4,1,13,corr_ratio_high,5.35008457e-01,5.00000000e-01,2.50000159e+07,1.58709137e+01,-5.77523658e-01,1.64484373e+01,1.00007045e-09
22,5.69703656e-01,1.80528195e-08,90,5,0,15,normal_corr_dominates,1.45680689e+02,1.00000000e+00,2.50000228e+07,2.27805310e+01,1.55306954e-01,2.26252241e+01,1.00006294e-09
22,5.69703656e-01,1.80528195e-08,90,5,1,16,normal_corr_dominates,2.08921941e+02,1.00000000e+00,2.49999677e+07,-3.22917233e+01,1.55306954e-01,-3.24470303e+01,1.00018486e-09
22,5.69703656e-01,1.80528195e-08,90,5,2,17,normal_corr_dominates,2.38870526e+01,1.00000000e+00,2.50000039e+07,3.86513234e+00,1.55306954e-01,3.70982539e+00,1.00001874e-09
22,5.69703656e-01,1.80528195e-08,90,5,2,17,corr_ratio_high,3.99543948e+00,5.00000000e-01,2.50000039e+07,3.86513234e+00,1.55306954e-01,3.70982539e+00,1.00001874e-09
22,5.69703656e-01,1.80528195e-08,90,6,0,18,normal_corr_dominates,1.58453123e+00,1.00000000e+00,2.49999826e+07,-1.73725643e+01,-6.72174672e+00,-1.06508176e+01,1.00005727e-09
22,5.69703656e-01,1.80528195e-08,90,6,0,18,corr_ratio_high,1.33375414e+00,5.00000000e-01,2.49999826e+07,-1.73725643e+01,-6.72174672e+00,-1.06508176e+01,1.00005727e-09
22,5.69703656e-01,1.80528195e-08,90,6,1,19,normal_corr_dominates,2.39202676e+00,1.00000000e+00,2.50000094e+07,9.35685129e+00,-6.72174672e+00,1.60785980e+01,1.00019835e-09
22,5.69703656e-01,1.80528195e-08,90,6,1,19,corr_ratio_high,5.55817038e-01,5.00000000e-01,2.50000094e+07,9.35685129e+00,-6.72174672e+00,1.60785980e+01,1.00019835e-09
22,5.69703656e-01,1.80528195e-08,90,6,2,20,normal_corr_dominates,1.28498549e+00,1.00000000e+00,2.49999846e+07,-1.53590937e+01,-6.72174672e+00,-8.63734700e+00,1.00006613e-09
22,5.69703656e-01,1.80528195e-08,90,6,2,20,corr_ratio_high,8.61652035e-01,5.00000000e-01,2.49999846e+07,-1.53590937e+01,-6.72174672e+00,-8.63734700e+00,1.00006613e-09
22,5.69703656e-01,1.80528195e-08,90,7,0,21,normal_corr_dominates,1.24823515e+01,1.00000000e+00,2.50000163e+07,1.62624956e+01,-1.41630358e+00,1.76787992e+01,1.00008839e-09
22,5.69703656e-01,1.80528195e-08,90,7,1,22,normal_corr_dominates,8.11178983e+00,1.00000000e+00,2.50000101e+07,1.00724534e+01,-1.41630358e+00,1.14887570e+01,1.00009815e-09
22,5.69703656e-01,1.80528195e-08,90,7,2,23,normal_corr_dominates,2.95674378e+00,1.00000000e+00,2.49999944e+07,-5.60395041e+00,-1.41630358e+00,-4.18764682e+00,1.00005509e-09
22,5.69703656e-01,1.80528195e-08,90,7,2,23,corr_ratio_high,5.94377631e-01,5.00000000e-01,2.49999944e+07,-5.60395041e+00,-1.41630358e+00,-4.18764682e+00,1.00005509e-09
22,5.69703656e-01,1.80528195e-08,90,8,0,24,normal_corr_dominates,1.97794762e+00,1.00000000e+00,2.50000070e+07,6.98042313e+00,-7.13782924e+00,1.41182524e+01,1.00009605e-09
22,5.69703656e-01,1.80528195e-08,90,8,1,25,normal_corr_dominates,1.08717945e+00,1.00000000e+00,2.50000006e+07,6.22271999e-01,-7.13782924e+00,7.76010124e+00,1.00019927e-09
22,5.69703656e-01,1.80528195e-08,90,8,1,25,corr_ratio_high,5.75248855e-01,5.00000000e-01,2.50000006e+07,6.22271999e-01,-7.13782924e+00,7.76010124e+00,1.00019927e-09
22,5.69703656e-01,1.80528195e-08,90,8,2,26,corr_ratio_high,6.95986786e-01,5.00000000e-01,2.49999881e+07,-1.19296408e+01,-7.13782924e+00,-4.79181151e+00,1.00006826e-09
22,5.69703656e-01,1.80528195e-08,90,9,2,29,normal_corr_dominates,1.79326623e+00,1.00000000e+00,2.50000044e+07,4.40517262e+00,-5.55320828e+00,9.95838090e+00,1.00008542e-09
22,5.69703656e-01,1.80528195e-08,90,10,2,32,normal_corr_dominates,1.90151086e+00,1.00000000e+00,2.50000062e+07,6.23125974e+00,-6.91201852e+00,1.31432783e+01,1.00008398e-09
22,5.69703656e-01,1.80528195e-08,90,11,0,33,normal_corr_dominates,1.15009410e+01,1.00000000e+00,2.50000166e+07,1.66244667e+01,-1.58314067e+00,1.82076073e+01,1.00011189e-09
22,5.69703656e-01,1.80528195e-08,90,11,1,34,corr_ratio_high,1.77018099e+00,5.00000000e-01,2.49999986e+07,-1.41834124e+00,-1.58314067e+00,1.64799425e-01,1.00003647e-09
22,5.69703656e-01,1.80528195e-08,90,11,2,35,normal_corr_dominates,4.87989786e+00,1.00000000e+00,2.49999907e+07,-9.30870543e+00,-1.58314067e+00,-7.72556476e+00,1.00010048e-09
22,5.69703656e-01,1.80528195e-08,90,12,1,37,normal_corr_dominates,1.60574875e+00,1.00000000e+00,2.50000030e+07,2.95934373e+00,-4.88543100e+00,7.84477473e+00,1.00010391e-09
22,5.69703656e-01,1.80528195e-08,90,14,0,42,normal_corr_dominates,3.85483283e+00,1.00000000e+00,2.49999961e+07,-3.94702373e+00,1.38257613e+00,-5.32959986e+00,1.00007943e-09
22,5.69703656e-01,1.80528195e-08,90,14,1,43,normal_corr_dominates,1.59522335e+01,1.00000000e+00,2.49999793e+07,-2.06726012e+01,1.38257613e+00,-2.20551773e+01,1.00007919e-09
22,5.69703656e-01,1.80528195e-08,90,14,2,44,normal_corr_dominates,9.32673306e+00,1.00000000e+00,2.50000143e+07,1.42774946e+01,1.38257613e+00,1.28949185e+01,1.00010478e-09
22,5.69703656e-01,1.80528195e-08,90,15,0,45,normal_corr_dominates,1.33303014e+00,1.00000000e+00,2.49999930e+07,-6.95747642e+00,-2.98216311e+00,-3.97531331e+00,1.00007745e-09
22,5.69703656e-01,1.80528195e-08,90,15,1,46,normal_corr_dominates,2.19828487e+00,1.00000000e+00,2.49999905e+07,-9.53780717e+00,-2.98216311e+00,-6.55564405e+00,1.00011451e-09
22,5.69703656e-01,1.80528195e-08,90,15,2,47,normal_corr_dominates,1.82543469e+00,1.00000000e+00,2.49999916e+07,-8.42590711e+00,-2.98216311e+00,-5.44374400e+00,1.00008604e-09
22,5.69703656e-01,1.80528195e-08,90,17,0,51,normal_corr_dominates,3.48695359e+01,1.00000000e+00,2.49999832e+07,-1.68363235e+01,-4.69376675e-01,-1.63669468e+01,1.00014162e-09
22,5.69703656e-01,1.80528195e-08,90,17,1,52,normal_corr_dominates,1.74115979e+01,1.00000000e+00,2.49999914e+07,-8.64197461e+00,-4.69376675e-01,-8.17259793e+00,9.99989924e-10
22,5.69703656e-01,1.80528195e-08,90,17,1,52,corr_ratio_high,4.82306433e+00,5.00000000e-01,2.49999914e+07,-8.64197461e+00,-4.69376675e-01,-8.17259793e+00,9.99989924e-10
22,5.69703656e-01,1.80528195e-08,90,17,2,53,normal_corr_dominates,1.85376800e+01,1.00000000e+00,2.50000082e+07,8.23177791e+00,-4.69376675e-01,8.70115459e+00,1.00017386e-09
22,5.69703656e-01,1.80528195e-08,90,18,0,54,normal_corr_dominates,4.46224530e+00,1.00000000e+00,2.50000093e+07,9.28145276e+00,-2.68076117e+00,1.19622139e+01,1.00010316e-09
22,5.69703656e-01,1.80528195e-08,90,18,1,55,normal_corr_dominates,1.95442279e+00,1.00000000e+00,2.49999921e+07,-7.92010189e+00,-2.68076117e+00,-5.23934072e+00,1.00007135e-09
22,5.69703656e-01,1.80528195e-08,90,18,2,56,normal_corr_dominates,1.44457385e+00,1.00000000e+00,2.49999934e+07,-6.55331867e+00,-2.68076117e+00,-3.87255749e+00,1.00008907e-09
22,5.69703656e-01,1.80528195e-08,90,19,0,57,corr_ratio_high,2.20757249e+00,5.00000000e-01,2.49999941e+07,-5.91846718e+00,-6.84688418e+00,9.28416996e-01,1.00003307e-09
22,5.69703656e-01,1.80528195e-08,90,19,1,58,corr_ratio_high,5.87012848e-01,5.00000000e-01,2.49999979e+07,-2.05071565e+00,-6.84688418e+00,4.79616853e+00,1.00020267e-09
22,5.69703656e-01,1.80528195e-08,90,20,2,62,normal_corr_dominates,1.31337426e+00,1.00000000e+00,2.50000015e+07,1.54265288e+00,-4.92271734e+00,6.46537023e+00,1.00009164e-09
22,5.69703656e-01,1.80528195e-08,90,21,0,63,normal_corr_dominates,1.28200955e+00,1.00000000e+00,2.49999910e+07,-9.03724506e+00,-3.96021351e+00,-5.07703155e+00,1.00008577e-09
22,5.69703656e-01,1.80528195e-08,90,21,1,64,normal_corr_dominates,3.90482963e+00,1.00000000e+00,2.50000115e+07,1.15037455e+01,-3.96021351e+00,1.54639590e+01,1.00010295e-09
22,5.69703656e-01,1.80528195e-08,90,21,2,65,normal_corr_dominates,1.83210434e+00,1.00000000e+00,2.49999888e+07,-1.12157379e+01,-3.96021351e+00,-7.25552436e+00,1.00012277e-09
22,5.69703656e-01,1.80528195e-08,90,22,0,66,normal_corr_dominates,1.63637325e+01,1.00000000e+00,2.49999907e+07,-9.31369291e+00,6.06212907e-01,-9.91990582e+00,1.00007803e-09
22,5.69703656e-01,1.80528195e-08,90,22,1,67,normal_corr_dominates,1.63451776e+01,1.00000000e+00,2.49999907e+07,-9.30244474e+00,6.06212907e-01,-9.90865764e+00,1.00011329e-09
22,5.69703656e-01,1.80528195e-08,90,22,2,68,normal_corr_dominates,8.37062938e+00,1.00000000e+00,2.50000057e+07,5.68059648e+00,6.06212907e-01,5.07438357e+00,1.00013797e-09
22,5.69703656e-01,1.80528195e-08,90,24,0,72,corr_ratio_high,1.20479364e+00,5.00000000e-01,2.49999976e+07,-2.41809115e+00,-5.82116333e+00,3.40307218e+00,1.00004681e-09
22,5.69703656e-01,1.80528195e-08,90,24,1,73,normal_corr_dominates,1.20236103e+00,1.00000000e+00,2.49999872e+07,-1.28203033e+01,-5.82116333e+00,-6.99913995e+00,1.00011169e-09
22,5.69703656e-01,1.80528195e-08,90,25,1,76,normal_corr_dominates,4.97038937e+00,1.00000000e+00,2.50000092e+07,9.16101488e+00,-2.30733412e+00,1.14683490e+01,1.00014109e-09
22,5.69703656e-01,1.80528195e-08,90,25,2,77,normal_corr_dominates,5.71666444e+00,1.00000000e+00,2.50000109e+07,1.08829208e+01,-2.30733412e+00,1.31902549e+01,1.00003472e-09
22,5.69703656e-01,1.80528195e-08,90,25,2,77,corr_ratio_high,2.05949898e+00,5.00000000e-01,2.50000109e+07,1.08829208e+01,-2.30733412e+00,1.31902549e+01,1.00003472e-09
22,5.69703656e-01,1.80528195e-08,90,16,0,48,normal_corr_dominates,7.91812598e+00,1.00000000e+00,2.49999768e+07,-2.32416483e+01,-2.60611347e+00,-2.06355348e+01,1.00006023e-09
22,5.69703656e-01,1.80528195e-08,90,16,0,48,corr_ratio_high,1.47464617e+00,5.00000000e-01,2.49999768e+07,-2.32416483e+01,-2.60611347e+00,-2.06355348e+01,1.00006023e-09
22,5.69703656e-01,1.80528195e-08,90,16,1,49,normal_corr_dominates,2.59476472e+00,1.00000000e+00,2.50000042e+07,4.15613781e+00,-2.60611347e+00,6.76225129e+00,1.00012008e-09
22,5.69703656e-01,1.80528195e-08,90,16,2,50,normal_corr_dominates,1.46514682e+00,1.00000000e+00,2.50000012e+07,1.21222540e+00,-2.60611347e+00,3.81833887e+00,1.00013723e-09
23,5.93502186e-01,1.88069494e-08,90,0,0,0,normal_corr_dominates,3.14228134e+00,1.00000000e+00,2.50000036e+07,3.57466291e+00,-1.66862440e+00,5.24328730e+00,1.00015642e-09
23,5.93502186e-01,1.88069494e-08,90,0,1,1,normal_corr_dominates,6.11573779e+00,1.00000000e+00,2.50000085e+07,8.53624488e+00,-1.66862440e+00,1.02048693e+01,1.00010958e-09
23,5.93502186e-01,1.88069494e-08,90,0,2,2,corr_ratio_high,2.45983550e+00,5.00000000e-01,2.49999979e+07,-2.07591318e+00,-1.66862440e+00,-4.07288781e-01,1.00003490e-09
23,5.93502186e-01,1.88069494e-08,90,1,0,3,normal_corr_dominates,2.45600932e+00,1.00000000e+00,2.50000071e+07,7.12659947e+00,-4.89461116e+00,1.20212106e+01,1.00013019e-09
23,5.93502186e-01,1.88069494e-08,90,3,1,10,normal_corr_dominates,2.97059745e+00,1.00000000e+00,2.50000087e+07,8.71836979e+00,-4.42422666e+00,1.31425965e+01,1.00013058e-09
23,5.93502186e-01,1.88069494e-08,90,3,2,11,normal_corr_dominates,2.74722996e+00,1.00000000e+00,2.50000077e+07,7.73014140e+00,-4.42422666e+00,1.21543681e+01,1.00008217e-09
23,5.93502186e-01,1.88069494e-08,90,3,2,11,corr_ratio_high,6.46508653e-01,5.00000000e-01,2.50000077e+07,7.73014140e+00,-4.42422666e+00,1.21543681e+01,1.00008217e-09
23,5.93502186e-01,1.88069494e-08,90,4,0,12,normal_corr_dominates,1.19077191e+01,1.00000000e+00,2.50000066e+07,6.57109960e+00,-6.02426550e-01,7.17352615e+00,1.00013114e-09
23,5.93502186e-01,1.88069494e-08,90,4,1,13,normal_corr_dominates,2.83730886e+01,1.00000000e+00,2.50000165e+07,1.64902753e+01,-6.02426550e-01,1.70927019e+01,1.00007321e-09
23,5.93502186e-01,1.88069494e-08,90,4,1,13,corr_ratio_high,5.35066954e-01,5.00000000e-01,2.50000165e+07,1.64902753e+01,-6.02426550e-01,1.70927019e+01,1.00007321e-09
23,5.93502186e-01,1.88069494e-08,90,5,0,15,normal_corr_dominates,1.47951366e+02,1.00000000e+00,2.50000237e+07,2.36706804e+01,1.58915498e-01,2.35117649e+01,1.00006541e-09
23,5.93502186e-01,1.88069494e-08,90,5,1,16,normal_corr_dominates,2.12182455e+02,1.00000000e+00,2.49999664e+07,-3.35601650e+01,1.58915498e-01,-3.37190805e+01,1.00019211e-09
23,5.93502186e-01,1.88069494e-08,90,5,2,17,normal_corr_dominates,2.42629750e+01,1.00000000e+00,2.50000040e+07,4.01467825e+00,1.58915498e-01,3.85576276e+00,1.00001949e-09
23,5.93502186e-01,1.88069494e-08,90,5,2,17,corr_ratio_high,3.99443790e+00,5.00000000e-01,2.50000040e+07,4.01467825e+00,1.58915498e-01,3.85576276e+00,1.00001949e-09
23,5.93502186e-01,1.88069494e-08,90,6,0,18,normal_corr_dominates,1.58439425e+00,1.00000000e+00,2.49999819e+07,-1.80543683e+01,-6.98591876e+00,-1.10684495e+01,1.00005952e-09
23,5.93502186e-01,1.88069494e-08,90,6,0,18,corr_ratio_high,1.33362338e+00,5.00000000e-01,2.49999819e+07,-1.80543683e+01,-6.98591876e+00,-1.10684495e+01,1.00005952e-09
23,5.93502186e-01,1.88069494e-08,90,6,1,19,normal_corr_dominates,2.39180554e+00,1.00000000e+00,2.50000097e+07,9.72304041e+00,-6.98591876e+00,1.67089592e+01,1.00020613e-09
23,5.93502186e-01,1.88069494e-08,90,6,1,19,corr_ratio_high,5.55811592e-01,5.00000000e-01,2.50000097e+07,9.72304041e+00,-6.98591876e+00,1.67089592e+01,1.00020613e-09
23,5.93502186e-01,1.88069494e-08,90,6,2,20,normal_corr_dominates,1.28503442e+00,1.00000000e+00,2.49999840e+07,-1.59630649e+01,-6.98591876e+00,-8.97714609e+00,1.00006874e-09
23,5.93502186e-01,1.88069494e-08,90,6,2,20,corr_ratio_high,8.61440468e-01,5.00000000e-01,2.49999840e+07,-1.59630649e+01,-6.98591876e+00,-8.97714609e+00,1.00006874e-09
23,5.93502186e-01,1.88069494e-08,90,7,0,21,normal_corr_dominates,1.24630534e+01,1.00000000e+00,2.50000169e+07,1.68964867e+01,-1.47399528e+00,1.83704820e+01,1.00009187e-09
23,5.93502186e-01,1.88069494e-08,90,7,1,22,normal_corr_dominates,8.09962091e+00,1.00000000e+00,2.50000105e+07,1.04648077e+01,-1.47399528e+00,1.19388030e+01,1.00010201e-09
23,5.93502186e-01,1.88069494e-08,90,7,2,23,normal_corr_dominates,2.95192252e+00,1.00000000e+00,2.49999942e+07,-5.82511516e+00,-1.47399528e+00,-4.35111987e+00,1.00005725e-09
23,5.93502186e-01,1.88069494e-08,90,7,2,23,corr_ratio_high,5.94344985e-01,5.00000000e-01,2.49999942e+07,-5.82511516e+00,-1.47399528e+00,-4.35111987e+00,1.00005725e-09
23,5.93502186e-01,1.88069494e-08,90,8,0,24,normal_corr_dominates,1.97731088e+00,1.00000000e+00,2.50000073e+07,7.25159781e+00,-7.41994998e+00,1.46715478e+01,1.00009982e-09
23,5.93502186e-01,1.88069494e-08,90,8,1,25,normal_corr_dominates,1.08670060e+00,1.00000000e+00,2.50000006e+07,6.43314152e-01,-7.41994998e+00,8.06326413e+00,1.00020709e-09
23,5.93502186e-01,1.88069494e-08,90,8,1,25,corr_ratio_high,5.75236458e-01,5.00000000e-01,2.50000006e+07,6.43314152e-01,-7.41994998e+00,8.06326413e+00,1.00020709e-09
23,5.93502186e-01,1.88069494e-08,90,8,2,26,corr_ratio_high,6.95903129e-01,5.00000000e-01,2.49999876e+07,-1.23991752e+01,-7.41994998e+00,-4.97922522e+00,1.00007094e-09
23,5.93502186e-01,1.88069494e-08,90,9,2,29,normal_corr_dominates,1.79227622e+00,1.00000000e+00,2.50000046e+07,4.57391096e+00,-5.77312664e+00,1.03470376e+01,1.00008878e-09
23,5.93502186e-01,1.88069494e-08,90,10,2,32,normal_corr_dominates,1.90057809e+00,1.00000000e+00,2.50000065e+07,6.47060872e+00,-7.18495019e+00,1.36555589e+01,1.00008729e-09
23,5.93502186e-01,1.88069494e-08,90,11,0,33,normal_corr_dominates,1.14844978e+01,1.00000000e+00,2.50000173e+07,1.72727393e+01,-1.64745509e+00,1.89201944e+01,1.00011629e-09
23,5.93502186e-01,1.88069494e-08,90,11,1,34,corr_ratio_high,1.77000642e+00,5.00000000e-01,2.49999985e+07,-1.47371306e+00,-1.64745509e+00,1.73742028e-01,1.00003791e-09
23,5.93502186e-01,1.88069494e-08,90,11,2,35,normal_corr_dominates,4.87290905e+00,1.00000000e+00,2.49999903e+07,-9.67535391e+00,-1.64745509e+00,-8.02789882e+00,1.00010442e-09
23,5.93502186e-01,1.88069494e-08,90,12,1,37,normal_corr_dominates,1.60473674e+00,1.00000000e+00,2.50000031e+07,3.07153503e+00,-5.07912753e+00,8.15066257e+00,1.00010799e-09
23,5.93502186e-01,1.88069494e-08,90,14,0,42,normal_corr_dominates,3.85920940e+00,1.00000000e+00,2.49999959e+07,-4.10374415e+00,1.43527234e+00,-5.53901649e+00,1.00008255e-09
23,5.93502186e-01,1.88069494e-08,90,14,1,43,normal_corr_dominates,1.59683656e+01,1.00000000e+00,2.49999785e+07,-2.14836811e+01,1.43527234e+00,-2.29189534e+01,1.00008230e-09
23,5.93502186e-01,1.88069494e-08,90,14,2,44,normal_corr_dominates,9.33695981e+00,1.00000000e+00,2.50000148e+07,1.48363525e+01,1.43527234e+00,1.34010801e+01,1.00010889e-09
23,5.93502186e-01,1.88069494e-08,90,15,0,45,normal_corr_dominates,1.33254976e+00,1.00000000e+00,2.49999928e+07,-7.23183815e+00,-3.10040038e+00,-4.13143777e+00,1.00008049e-09
23,5.93502186e-01,1.88069494e-08,90,15,1,46,normal_corr_dominates,2.19708414e+00,1.00000000e+00,2.49999901e+07,-9.91224088e+00,-3.10040038e+00,-6.81184050e+00,1.00011900e-09
23,5.93502186e-01,1.88069494e-08,90,15,2,47,normal_corr_dominates,1.82455209e+00,1.00000000e+00,2.49999912e+07,-8.75724237e+00,-3.10040038e+00,-5.65684199e+00,1.00008942e-09
23,5.93502186e-01,1.88069494e-08,90,17,0,51,normal_corr_dominates,3.46848155e+01,1.00000000e+00,2.49999825e+07,-1.74992868e+01,-4.90384679e-01,-1.70089021e+01,1.00014718e-09
23,5.93502186e-01,1.88069494e-08,90,17,1,52,normal_corr_dominates,1.73167266e+01,1.00000000e+00,2.49999910e+07,-8.98224210e+00,-4.90384679e-01,-8.49185743e+00,9.99989536e-10
23,5.93502186e-01,1.88069494e-08,90,17,1,52,corr_ratio_high,4.82354944e+00,5.00000000e-01,2.49999910e+07,-8.98224210e+00,-4.90384679e-01,-8.49185743e+00,9.99989536e-10
23,5.93502186e-01,1.88069494e-08,90,17,2,53,normal_corr_dominates,1.84380217e+01,1.00000000e+00,2.50000086e+07,8.55133866e+00,-4.90384679e-01,9.04172334e+00,1.00018068e-09
23,5.93502186e-01,1.88069494e-08,90,18,0,54,normal_corr_dominates,4.45840109e+00,1.00000000e+00,2.50000096e+07,9.64235346e+00,-2.78809578e+00,1.24304492e+01,1.00010721e-09
23,5.93502186e-01,1.88069494e-08,90,18,1,55,normal_corr_dominates,1.95273178e+00,1.00000000e+00,2.49999918e+07,-8.23249901e+00,-2.78809578e+00,-5.44440324e+00,1.00007415e-09
23,5.93502186e-01,1.88069494e-08,90,18,2,56,normal_corr_dominates,1.44312139e+00,1.00000000e+00,2.49999932e+07,-6.81165641e+00,-2.78809578e+00,-4.02356064e+00,1.00009257e-09
23,5.93502186e-01,1.88069494e-08,90,19,0,57,corr_ratio_high,2.20704789e+00,5.00000000e-01,2.49999938e+07,-6.15182375e+00,-7.11758735e+00,9.65763607e-01,1.00003438e-09
23,5.93502186e-01,1.88069494e-08,90,19,1,58,corr_ratio_high,5.86999497e-01,5.00000000e-01,2.49999979e+07,-2.13440106e+00,-7.11758735e+00,4.98318629e+00,1.00021062e-09
23,5.93502186e-01,1.88069494e-08,90,20,2,62,normal_corr_dominates,1.31260793e+00,1.00000000e+00,2.50000016e+07,1.59984853e+00,-5.11774780e+00,6.71759633e+00,1.00009524e-09
23,5.93502186e-01,1.88069494e-08,90,21,0,63,normal_corr_dominates,1.28169029e+00,1.00000000e+00,2.49999906e+07,-9.39299985e+00,-4.11668484e+00,-5.27631501e+00,1.00008914e-09
23,5.93502186e-01,1.88069494e-08,90,21,1,64,normal_corr_dominates,3.90380854e+00,1.00000000e+00,2.50000120e+07,1.19540646e+01,-4.11668484e+00,1.60707495e+01,1.00010699e-09
23,5.93502186e-01,1.88069494e-08,90,21,2,65,normal_corr_dominates,1.83155852e+00,1.00000000e+00,2.49999883e+07,-1.16566341e+01,-4.11668484e+00,-7.53994921e+00,1.00012759e-09
23,5.93502186e-01,1.88069494e-08,90,22,0,66,normal_corr_dominates,1.64258415e+01,1.00000000e+00,2.49999903e+07,-9.68102982e+00,6.27585201e-01,-1.03086150e+01,1.00008110e-09
23,5.93502186e-01,1.88069494e-08,90,22,1,67,normal_corr_dominates,1.64075346e+01,1.00000000e+00,2.49999903e+07,-9.66954070e+00,6.27585201e-01,-1.02971259e+01,1.00011774e-09
23,5.93502186e-01,1.88069494e-08,90,22,2,68,normal_corr_dominates,8.40231187e+00,1.00000000e+00,2.50000059e+07,5.90075178e+00,6.27585201e-01,5.27316658e+00,1.00014339e-09
23,5.93502186e-01,1.88069494e-08,90,24,0,72,corr_ratio_high,1.20462795e+00,5.00000000e-01,2.49999975e+07,-2.51258671e+00,-6.05149969e+00,3.53891298e+00,1.00004865e-09
23,5.93502186e-01,1.88069494e-08,90,24,1,73,normal_corr_dominates,1.20199412e+00,1.00000000e+00,2.49999867e+07,-1.33253668e+01,-6.05149969e+00,-7.27386707e+00,1.00011607e-09
23,5.93502186e-01,1.88069494e-08,90,25,1,76,normal_corr_dominates,4.96743202e+00,1.00000000e+00,2.50000095e+07,9.51921476e+00,-2.39933910e+00,1.19185539e+01,1.00014663e-09
23,5.93502186e-01,1.88069494e-08,90,25,2,77,normal_corr_dominates,5.71217614e+00,1.00000000e+00,2.50000113e+07,1.13061084e+01,-2.39933910e+00,1.37054475e+01,1.00003608e-09
23,5.93502186e-01,1.88069494e-08,90,25,2,77,corr_ratio_high,2.05953490e+00,5.00000000e-01,2.50000113e+07,1.13061084e+01,-2.39933910e+00,1.37054475e+01,1.00003608e-09
23,5.93502186e-01,1.88069494e-08,90,16,0,48,normal_corr_dominates,7.91104212e+00,1.00000000e+00,2.49999758e+07,-2.41546502e+01,-2.71064258e+00,-2.14440077e+01,1.00006260e-09
23,5.93502186e-01,1.88069494e-08,90,16,0,48,corr_ratio_high,1.47444661e+00,5.00000000e-01,2.49999758e+07,-2.41546502e+01,-2.71064258e+00,-2.14440077e+01,1.00006260e-09
23,5.93502186e-01,1.88069494e-08,90,16,1,49,normal_corr_dominates,2.59241221e+00,1.00000000e+00,2.50000043e+07,4.31646034e+00,-2.71064258e+00,7.02710293e+00,1.00012479e-09
23,5.93502186e-01,1.88069494e-08,90,16,2,50,normal_corr_dominates,1.46387516e+00,1.00000000e+00,2.50000013e+07,1.25739976e+00,-2.71064258e+00,3.96804234e+00,1.00014262e-09
24,6.19249013e-01,1.96228171e-08,90,0,0,0,normal_corr_dominates,3.14032005e+00,1.00000000e+00,2.50000037e+07,3.71977471e+00,-1.73795256e+00,5.45772727e+00,1.00016278e-09
24,6.19249013e-01,1.96228171e-08,90,0,1,1,normal_corr_dominates,6.10898324e+00,1.00000000e+00,2.50000089e+07,8.87917051e+00,-1.73795256e+00,1.06171231e+01,1.00011404e-09
24,6.19249013e-01,1.96228171e-08,90,0,2,2,corr_ratio_high,2.45900467e+00,5.00000000e-01,2.49999978e+07,-2.16285090e+00,-1.73795256e+00,-4.24898343e-01,1.00003633e-09
24,6.19249013e-01,1.96228171e-08,90,1,0,3,normal_corr_dominates,2.45486539e+00,1.00000000e+00,2.50000074e+07,7.41399580e+00,-5.09600123e+00,1.25099970e+01,1.00013549e-09
24,6.19249013e-01,1.96228171e-08,90,3,1,10,normal_corr_dominates,2.96996254e+00,1.00000000e+00,2.50000091e+07,9.07283960e+00,-4.60558992e+00,1.36784295e+01,1.00013591e-09
24,6.19249013e-01,1.96228171e-08,90,3,2,11,normal_corr_dominates,2.74577597e+00,1.00000000e+00,2.50000080e+07,8.04032818e+00,-4.60558992e+00,1.26459181e+01,1.00008552e-09
24,6.19249013e-01,1.96228171e-08,90,3,2,11,corr_ratio_high,6.46506760e-01,5.00000000e-01,2.50000080e+07,8.04032818e+00,-4.60558992e+00,1.26459181e+01,1.00008552e-09
24,6.19249013e-01,1.96228171e-08,90,4,0,12,normal_corr_dominates,1.18604466e+01,1.00000000e+00,2.50000068e+07,6.83544624e+00,-6.29389053e-01,7.46483529e+00,1.00013648e-09
24,6.19249013e-01,1.96228171e-08,90,4,1,13,normal_corr_dominates,2.82611524e+01,1.00000000e+00,2.50000172e+07,1.71578709e+01,-6.29389053e-01,1.77872600e+01,1.00007618e-09
24,6.19249013e-01,1.96228171e-08,90,4,1,13,corr_ratio_high,5.35130069e-01,5.00000000e-01,2.50000172e+07,1.71578709e+01,-6.29389053e-01,1.77872600e+01,1.00007618e-09
24,6.19249013e-01,1.96228171e-08,90,5,0,15,normal_corr_dominates,1.50401700e+02,1.00000000e+00,2.50000246e+07,2.46301646e+01,1.62680899e-01,2.44674837e+01,1.00006808e-09
24,6.19249013e-01,1.96228171e-08,90,5,1,16,normal_corr_dominates,2.15701157e+02,1.00000000e+00,2.49999651e+07,-3.49277772e+01,1.62680899e-01,-3.50904581e+01,1.00019993e-09
24,6.19249013e-01,1.96228171e-08,90,5,2,17,normal_corr_dominates,2.46687862e+01,1.00000000e+00,2.50000042e+07,4.17582121e+00,1.62680899e-01,4.01314031e+00,1.00002028e-09
24,6.19249013e-01,1.96228171e-08,90,5,2,17,corr_ratio_high,3.99337410e+00,5.00000000e-01,2.50000042e+07,4.17582121e+00,1.62680899e-01,4.01314031e+00,1.00002028e-09
24,6.19249013e-01,1.96228171e-08,90,6,0,18,normal_corr_dominates,1.58425690e+00,1.00000000e+00,2.49999812e+07,-1.87894966e+01,-7.27075416e+00,-1.15187424e+01,1.00006194e-09
24,6.19249013e-01,1.96228171e-08,90,6,0,18,corr_ratio_high,1.33348274e+00,5.00000000e-01,2.49999812e+07,-1.87894966e+01,-7.27075416e+00,-1.15187424e+01,1.00006194e-09
24,6.19249013e-01,1.96228171e-08,90,6,1,19,normal_corr_dominates,2.39158233e+00,1.00000000e+00,2.50000101e+07,1.01178530e+01,-7.27075416e+00,1.73886072e+01,1.00021451e-09
24,6.19249013e-01,1.96228171e-08,90,6,1,19,corr_ratio_high,5.55805628e-01,5.00000000e-01,2.50000101e+07,1.01178530e+01,-7.27075416e+00,1.73886072e+01,1.00021451e-09
24,6.19249013e-01,1.96228171e-08,90,6,2,20,normal_corr_dominates,1.28509194e+00,1.00000000e+00,2.49999834e+07,-1.66143418e+01,-7.27075416e+00,-9.34358760e+00,1.00007155e-09
24,6.19249013e-01,1.96228171e-08,90,6,2,20,corr_ratio_high,8.61215379e-01,5.00000000e-01,2.49999834e+07,-1.66143418e+01,-7.27075416e+00,-9.34358760e+00,1.00007155e-09
24,6.19249013e-01,1.96228171e-08,90,7,0,21,normal_corr_dominates,1.24428681e+01,1.00000000e+00,2.50000176e+07,1.75797696e+01,-1.53630798e+00,1.91160776e+01,1.00009561e-09
24,6.19249013e-01,1.96228171e-08,90,7,1,22,normal_corr_dominates,8.08689646e+00,1.00000000e+00,2.50000109e+07,1.08876556e+01,-1.53630798e+00,1.24239636e+01,1.00010616e-09
24,6.19249013e-01,1.96228171e-08,90,7,2,23,normal_corr_dominates,2.94686929e+00,1.00000000e+00,2.49999939e+07,-6.06360678e+00,-1.53630798e+00,-4.52729880e+00,1.00005959e-09
24,6.19249013e-01,1.96228171e-08,90,7,2,23,corr_ratio_high,5.94310623e-01,5.00000000e-01,2.49999939e+07,-6.06360678e+00,-1.53630798e+00,-4.52729880e+00,1.00005959e-09
24,6.19249013e-01,1.96228171e-08,90,8,0,24,normal_corr_dominates,1.97664473e+00,1.00000000e+00,2.50000075e+07,7.54383465e+00,-7.72423626e+00,1.52680709e+01,1.00010388e-09
24,6.19249013e-01,1.96228171e-08,90,8,1,25,normal_corr_dominates,1.08620165e+00,1.00000000e+00,2.50000007e+07,6.65841906e-01,-7.72423626e+00,8.39007817e+00,1.00021552e-09
24,6.19249013e-01,1.96228171e-08,90,8,1,25,corr_ratio_high,5.75223541e-01,5.00000000e-01,2.50000007e+07,6.65841906e-01,-7.72423626e+00,8.39007817e+00,1.00021552e-09
24,6.19249013e-01,1.96228171e-08,90,8,2,26,corr_ratio_high,6.95814662e-01,5.00000000e-01,2.49999871e+07,-1.29055024e+01,-7.72423626e+00,-5.18126616e+00,1.00007383e-09
24,6.19249013e-01,1.96228171e-08,90,9,2,29,normal_corr_dominates,1.79123523e+00,1.00000000e+00,2.50000048e+07,4.75559950e+00,-6.01034854e+00,1.07659480e+01,1.00009240e-09
24,6.19249013e-01,1.96228171e-08,90,10,2,32,normal_corr_dominates,1.89959509e+00,1.00000000e+00,2.50000067e+07,6.72834958e+00,-7.47930894e+00,1.42076585e+01,1.00009085e-09
24,6.19249013e-01,1.96228171e-08,90,11,0,33,normal_corr_dominates,1.14673415e+01,1.00000000e+00,2.50000180e+07,1.79714636e+01,-1.71690811e+00,1.96883717e+01,1.00012103e-09
24,6.19249013e-01,1.96228171e-08,90,11,1,34,corr_ratio_high,1.76981811e+00,5.00000000e-01,2.49999985e+07,-1.53342852e+00,-1.71690811e+00,1.83479595e-01,1.00003945e-09
24,6.19249013e-01,1.96228171e-08,90,11,2,35,normal_corr_dominates,4.86560810e+00,1.00000000e+00,2.49999899e+07,-1.00707102e+01,-1.71690811e+00,-8.35380204e+00,1.00010868e-09
24,6.19249013e-01,1.96228171e-08,90,12,1,37,normal_corr_dominates,1.60367581e+00,1.00000000e+00,2.50000032e+07,3.19228143e+00,-5.28807250e+00,8.48035393e+00,1.00011239e-09
24,6.19249013e-01,1.96228171e-08,90,14,0,42,normal_corr_dominates,3.86382815e+00,1.00000000e+00,2.49999957e+07,-4.27283225e+00,1.49200023e+00,-5.76483248e+00,1.00008592e-09
24,6.19249013e-01,1.96228171e-08,90,14,1,43,normal_corr_dominates,1.59853343e+01,1.00000000e+00,2.49999776e+07,-2.23581223e+01,1.49200023e+00,-2.38501225e+01,1.00008565e-09
24,6.19249013e-01,1.96228171e-08,90,14,2,44,normal_corr_dominates,9.34773329e+00,1.00000000e+00,2.50000154e+07,1.54388204e+01,1.49200023e+00,1.39468202e+01,1.00011332e-09
24,6.19249013e-01,1.96228171e-08,90,15,0,45,normal_corr_dominates,1.33205199e+00,1.00000000e+00,2.49999925e+07,-7.52774344e+00,-3.22794838e+00,-4.29979506e+00,1.00008377e-09
24,6.19249013e-01,1.96228171e-08,90,15,1,46,normal_corr_dominates,2.19581080e+00,1.00000000e+00,2.49999897e+07,-1.03159123e+01,-3.22794838e+00,-7.08796390e+00,1.00012384e-09
24,6.19249013e-01,1.96228171e-08,90,15,2,47,normal_corr_dominates,1.82362868e+00,1.00000000e+00,2.49999909e+07,-9.11452762e+00,-3.22794838e+00,-5.88657924e+00,1.00009307e-09
24,6.19249013e-01,1.96228171e-08,90,17,0,51,normal_corr_dominates,3.44940064e+01,1.00000000e+00,2.49999818e+07,-1.82141558e+01,-5.13161452e-01,-1.77009944e+01,1.00015318e-09
24,6.19249013e-01,1.96228171e-08,90,17,1,52,normal_corr_dominates,1.72187341e+01,1.00000000e+00,2.49999907e+07,-9.34915204e+00,-5.13161452e-01,-8.83599059e+00,9.99989118e-10
24,6.19249013e-01,1.96228171e-08,90,17,1,52,corr_ratio_high,4.82406004e+00,5.00000000e-01,2.49999907e+07,-9.34915204e+00,-5.13161452e-01,-8.83599059e+00,9.99989118e-10
24,6.19249013e-01,1.96228171e-08,90,17,2,53,normal_corr_dominates,1.83351125e+01,1.00000000e+00,2.50000089e+07,8.89571150e+00,-5.13161452e-01,9.40887295e+00,1.00018803e-09
24,6.19249013e-01,1.96228171e-08,90,18,0,54,normal_corr_dominates,4.45437293e+00,1.00000000e+00,2.50000100e+07,1.00312720e+01,-2.90393428e+00,1.29352062e+01,1.00011158e-09
24,6.19249013e-01,1.96228171e-08,90,18,1,55,normal_corr_dominates,1.95095435e+00,1.00000000e+00,2.49999914e+07,-8.56937750e+00,-2.90393428e+00,-5.66544322e+00,1.00007718e-09
24,6.19249013e-01,1.96228171e-08,90,18,2,56,normal_corr_dominates,1.44159594e+00,1.00000000e+00,2.49999929e+07,-7.09023416e+00,-2.90393428e+00,-4.18629987e+00,1.00009634e-09
24,6.19249013e-01,1.96228171e-08,90,19,0,57,corr_ratio_high,2.20648935e+00,5.00000000e-01,2.49999936e+07,-6.40346614e+00,-7.40956156e+00,1.00609542e+00,1.00003578e-09
24,6.19249013e-01,1.96228171e-08,90,19,1,58,corr_ratio_high,5.86985491e-01,5.00000000e-01,2.49999978e+07,-2.22477971e+00,-7.40956156e+00,5.18478185e+00,1.00021919e-09
24,6.19249013e-01,1.96228171e-08,90,20,2,62,normal_corr_dominates,1.31180313e+00,1.00000000e+00,2.50000017e+07,1.66132706e+00,-5.32812818e+00,6.98945524e+00,1.00009912e-09
24,6.19249013e-01,1.96228171e-08,90,21,0,63,normal_corr_dominates,1.28135778e+00,1.00000000e+00,2.49999902e+07,-9.77664132e+00,-4.28544853e+00,-5.49119279e+00,1.00009277e-09
24,6.19249013e-01,1.96228171e-08,90,21,1,64,normal_corr_dominates,3.90273395e+00,1.00000000e+00,2.50000124e+07,1.24395169e+01,-4.28544853e+00,1.67249655e+01,1.00011134e-09
24,6.19249013e-01,1.96228171e-08,90,21,2,65,normal_corr_dominates,1.83097424e+00,1.00000000e+00,2.49999879e+07,-1.21319944e+01,-4.28544853e+00,-7.84654584e+00,1.00013279e-09
24,6.19249013e-01,1.96228171e-08,90,22,0,66,normal_corr_dominates,1.64913637e+01,1.00000000e+00,2.49999899e+07,-1.00771842e+01,6.50503365e-01,-1.07276876e+01,1.00008440e-09
24,6.19249013e-01,1.96228171e-08,90,22,1,67,normal_corr_dominates,1.64732773e+01,1.00000000e+00,2.49999899e+07,-1.00654190e+01,6.50503365e-01,-1.07159223e+01,1.00012254e-09
24,6.19249013e-01,1.96228171e-08,90,22,2,68,normal_corr_dominates,8.43573133e+00,1.00000000e+00,2.50000061e+07,6.13797499e+00,6.50503365e-01,5.48747162e+00,1.00014922e-09
24,6.19249013e-01,1.96228171e-08,90,24,0,72,corr_ratio_high,1.20444996e+00,5.00000000e-01,2.49999974e+07,-2.61447532e+00,-6.29994549e+00,3.68547017e+00,1.00005064e-09
24,6.19249013e-01,1.96228171e-08,90,24,1,73,normal_corr_dominates,1.20160761e+00,1.00000000e+00,2.49999861e+07,-1.38700079e+01,-6.29994549e+00,-7.57006243e+00,1.00012080e-09
24,6.19249013e-01,1.96228171e-08,90,25,1,76,normal_corr_dominates,4.96435743e+00,1.00000000e+00,2.50000099e+07,9.90533353e+00,-2.49859749e+00,1.24039310e+01,1.00015261e-09
24,6.19249013e-01,1.96228171e-08,90,25,2,77,normal_corr_dominates,5.70750935e+00,1.00000000e+00,2.50000118e+07,1.17621710e+01,-2.49859749e+00,1.42607685e+01,1.00003755e-09
24,6.19249013e-01,1.96228171e-08,90,25,2,77,corr_ratio_high,2.05956762e+00,5.00000000e-01,2.50000118e+07,1.17621710e+01,-2.49859749e+00,1.42607685e+01,1.00003755e-09
24,6.19249013e-01,1.96228171e-08,90,16,0,48,normal_corr_dominates,7.90365988e+00,1.00000000e+00,2.49999749e+07,-2.51390707e+01,-2.82345362e+00,-2.23156171e+01,1.00006516e-09
24,6.19249013e-01,1.96228171e-08,90,16,0,48,corr_ratio_high,1.47423525e+00,5.00000000e-01,2.49999749e+07,-2.51390707e+01,-2.82345362e+00,-2.23156171e+01,1.00006516e-09
24,6.19249013e-01,1.96228171e-08,90,16,1,49,normal_corr_dominates,2.58996013e+00,1.00000000e+00,2.50000045e+07,4.48917868e+00,-2.82345362e+00,7.31263229e+00,1.00012987e-09
24,6.19249013e-01,1.96228171e-08,90,16,2,50,normal_corr_dominates,1.46255192e+00,1.00000000e+00,2.50000013e+07,1.30599389e+00,-2.82345362e+00,4.12944750e+00,1.00014843e-09
25,6.45768674e-01,2.04631745e-08,90,0,0,0,normal_corr_dominates,3.13841131e+00,1.00000000e+00,2.50000039e+07,3.86875269e+00,-1.80917145e+00,5.67792414e+00,1.00016931e-09
25,6.45768674e-01,2.04631745e-08,90,0,1,1,normal_corr_dominates,6.10229596e+00,1.00000000e+00,2.50000092e+07,9.23092817e+00,-1.80917145e+00,1.10400996e+01,1.00011862e-09
25,6.45768674e-01,2.04631745e-08,90,0,2,2,corr_ratio_high,2.45816019e+00,5.00000000e-01,2.49999977e+07,-2.25226868e+00,-1.80917145e+00,-4.43097231e-01,1.00003780e-09
25,6.45768674e-01,2.04631745e-08,90,1,0,3,normal_corr_dominates,2.45372654e+00,1.00000000e+00,2.50000077e+07,7.70885747e+00,-5.30282503e+00,1.30116825e+01,1.00014092e-09
25,6.45768674e-01,2.04631745e-08,90,3,1,10,normal_corr_dominates,2.96932735e+00,1.00000000e+00,2.50000094e+07,9.43662716e+00,-4.79180223e+00,1.42284294e+01,1.00014137e-09
25,6.45768674e-01,2.04631745e-08,90,3,2,11,normal_corr_dominates,2.74432887e+00,1.00000000e+00,2.50000084e+07,8.35847898e+00,-4.79180223e+00,1.31502812e+01,1.00008896e-09
25,6.45768674e-01,2.04631745e-08,90,3,2,11,corr_ratio_high,6.46502290e-01,5.00000000e-01,2.50000084e+07,8.35847898e+00,-4.79180223e+00,1.31502812e+01,1.00008896e-09
25,6.45768674e-01,2.04631745e-08,90,4,0,12,normal_corr_dominates,1.18137832e+01,1.00000000e+00,2.50000071e+07,7.10662997e+00,-6.57182582e-01,7.76381255e+00,1.00014196e-09
25,6.45768674e-01,2.04631745e-08,90,4,1,13,normal_corr_dominates,2.81506214e+01,1.00000000e+00,2.50000178e+07,1.78429155e+01,-6.57182582e-01,1.85000981e+01,1.00007924e-09
25,6.45768674e-01,2.04631745e-08,90,4,1,13,corr_ratio_high,5.35194842e-01,5.00000000e-01,2.50000178e+07,1.78429155e+01,-6.57182582e-01,1.85000981e+01,1.00007924e-09
25,6.45768674e-01,2.04631745e-08,90,5,0,15,normal_corr_dominates,1.52921156e+02,1.00000000e+00,2.50000256e+07,2.56147366e+01,1.66414659e-01,2.54483220e+01,1.00007082e-09
25,6.45768674e-01,2.04631745e-08,90,5,1,16,normal_corr_dominates,2.19319343e+02,1.00000000e+00,2.49999637e+07,-3.63315389e+01,1.66414659e-01,-3.64979535e+01,1.00020796e-09
25,6.45768674e-01,2.04631745e-08,90,5,2,17,normal_corr_dominates,2.50862027e+01,1.00000000e+00,2.50000043e+07,4.34112652e+00,1.66414659e-01,4.17471186e+00,1.00002111e-09
25,6.45768674e-01,2.04631745e-08,90,5,2,17,corr_ratio_high,3.99229870e+00,5.00000000e-01,2.50000043e+07,4.34112652e+00,1.66414659e-01,4.17471186e+00,1.00002111e-09
25,6.45768674e-01,2.04631745e-08,90,6,0,18,normal_corr_dominates,1.58412608e+00,1.00000000e+00,2.49999805e+07,-1.95440790e+01,-7.56312903e+00,-1.19809500e+01,1.00006443e-09
25,6.45768674e-01,2.04631745e-08,90,6,0,18,corr_ratio_high,1.33333881e+00,5.00000000e-01,2.49999805e+07,-1.95440790e+01,-7.56312903e+00,-1.19809500e+01,1.00006443e-09
25,6.45768674e-01,2.04631745e-08,90,6,1,19,normal_corr_dominates,2.39136840e+00,1.00000000e+00,2.50000105e+07,1.05230988e+01,-7.56312903e+00,1.80862278e+01,1.00022312e-09
25,6.45768674e-01,2.04631745e-08,90,6,1,19,corr_ratio_high,5.55799415e-01,5.00000000e-01,2.50000105e+07,1.05230988e+01,-7.56312903e+00,1.80862278e+01,1.00022312e-09
25,6.45768674e-01,2.04631745e-08,90,6,2,20,normal_corr_dominates,1.28515556e+00,1.00000000e+00,2.49999827e+07,-1.72829264e+01,-7.56312903e+00,-9.71979735e+00,1.00007443e-09
25,6.45768674e-01,2.04631745e-08,90,6,2,20,corr_ratio_high,8.60987494e-01,5.00000000e-01,2.49999827e+07,-1.72829264e+01,-7.56312903e+00,-9.71979735e+00,1.00007443e-09
25,6.45768674e-01,2.04631745e-08,90,7,0,21,normal_corr_dominates,1.24227742e+01,1.00000000e+00,2.50000183e+07,1.82808234e+01,-1.60038386e+00,1.98812073e+01,1.00009946e-09
25,6.45768674e-01,2.04631745e-08,90,7,1,22,normal_corr_dominates,8.07423327e+00,1.00000000e+00,2.50000113e+07,1.13214888e+01,-1.60038386e+00,1.29218726e+01,1.00011043e-09
25,6.45768674e-01,2.04631745e-08,90,7,2,23,normal_corr_dominates,2.94182820e+00,1.00000000e+00,2.49999937e+07,-6.30843824e+00,-1.60038386e+00,-4.70805438e+00,1.00006199e-09
25,6.45768674e-01,2.04631745e-08,90,7,2,23,corr_ratio_high,5.94276194e-01,5.00000000e-01,2.49999937e+07,-6.30843824e+00,-1.60038386e+00,-4.70805438e+00,1.00006199e-09
25,6.45768674e-01,2.04631745e-08,90,8,0,24,normal_corr_dominates,1.97598156e+00,1.00000000e+00,2.50000078e+07,7.84365135e+00,-8.03667989e+00,1.58803312e+01,1.00010805e-09
25,6.45768674e-01,2.04631745e-08,90,8,1,25,normal_corr_dominates,1.08570678e+00,1.00000000e+00,2.50000007e+07,6.88797929e-01,-8.03667989e+00,8.72547782e+00,1.00022418e-09
25,6.45768674e-01,2.04631745e-08,90,8,1,25,corr_ratio_high,5.75210732e-01,5.00000000e-01,2.50000007e+07,6.88797929e-01,-8.03667989e+00,8.72547782e+00,1.00022418e-09
25,6.45768674e-01,2.04631745e-08,90,8,2,26,corr_ratio_high,6.95725618e-01,5.00000000e-01,2.49999866e+07,-1.34253012e+01,-8.03667989e+00,-5.38862133e+00,1.00007680e-09
25,6.45768674e-01,2.04631745e-08,90,9,2,29,normal_corr_dominates,1.79019355e+00,1.00000000e+00,2.50000049e+07,4.94183610e+00,-6.25395654e+00,1.11957926e+01,1.00009611e-09
25,6.45768674e-01,2.04631745e-08,90,10,2,32,normal_corr_dominates,1.89860922e+00,1.00000000e+00,2.50000070e+07,6.99256509e+00,-7.78154167e+00,1.47741068e+01,1.00009451e-09
25,6.45768674e-01,2.04631745e-08,90,11,0,33,normal_corr_dominates,1.14503072e+01,1.00000000e+00,2.50000187e+07,1.86884146e+01,-1.78831245e+00,2.04767270e+01,1.00012589e-09
25,6.45768674e-01,2.04631745e-08,90,11,1,34,corr_ratio_high,1.76962486e+00,5.00000000e-01,2.49999984e+07,-1.59474065e+00,-1.78831245e+00,1.93571799e-01,1.00004104e-09
25,6.45768674e-01,2.04631745e-08,90,11,2,35,normal_corr_dominates,4.85834990e+00,1.00000000e+00,2.49999895e+07,-1.04765601e+01,-1.78831245e+00,-8.68824762e+00,1.00011304e-09
25,6.45768674e-01,2.04631745e-08,90,12,1,37,normal_corr_dominates,1.60261740e+00,1.00000000e+00,2.50000033e+07,3.31599306e+00,-5.50265069e+00,8.81864375e+00,1.00011691e-09
25,6.45768674e-01,2.04631745e-08,90,14,0,42,normal_corr_dominates,3.86846776e+00,1.00000000e+00,2.49999956e+07,-4.44651150e+00,1.55013473e+00,-5.99664623e+00,1.00008938e-09
25,6.45768674e-01,2.04631745e-08,90,14,1,43,normal_corr_dominates,1.60023235e+01,1.00000000e+00,2.49999767e+07,-2.32556228e+01,1.55013473e+00,-2.48057575e+01,1.00008908e-09
25,6.45768674e-01,2.04631745e-08,90,14,2,44,normal_corr_dominates,9.35853591e+00,1.00000000e+00,2.50000161e+07,1.60571263e+01,1.55013473e+00,1.45069916e+01,1.00011787e-09
25,6.45768674e-01,2.04631745e-08,90,15,0,45,normal_corr_dominates,1.33156115e+00,1.00000000e+00,2.49999922e+07,-7.83156987e+00,-3.35893823e+00,-4.47263164e+00,1.00008714e-09
25,6.45768674e-01,2.04631745e-08,90,15,1,46,normal_corr_dominates,2.19452544e+00,1.00000000e+00,2.49999893e+07,-1.07302136e+01,-3.35893823e+00,-7.37127540e+00,1.00012882e-09
25,6.45768674e-01,2.04631745e-08,90,15,2,47,normal_corr_dominates,1.82270943e+00,1.00000000e+00,2.49999905e+07,-9.48130661e+00,-3.35893823e+00,-6.12236838e+00,1.00009682e-09
25,6.45768674e-01,2.04631745e-08,90,17,0,51,normal_corr_dominates,3.43064365e+01,1.00000000e+00,2.49999811e+07,-1.89479971e+01,-5.36672603e-01,-1.84113245e+01,1.00015933e-09
25,6.45768674e-01,2.04631745e-08,90,17,1,52,normal_corr_dominates,1.71224098e+01,1.00000000e+00,2.49999903e+07,-9.72580086e+00,-5.36672603e-01,-9.18912825e+00,9.99988689e-10
25,6.45768674e-01,2.04631745e-08,90,17,1,52,corr_ratio_high,4.82457163e+00,5.00000000e-01,2.49999903e+07,-9.72580086e+00,-5.36672603e-01,-9.18912825e+00,9.99988689e-10
25,6.45768674e-01,2.04631745e-08,90,17,2,53,normal_corr_dominates,1.82339842e+01,1.00000000e+00,2.50000092e+07,9.24900713e+00,-5.36672603e-01,9.78567973e+00,1.00019558e-09
25,6.45768674e-01,2.04631745e-08,90,18,0,54,normal_corr_dominates,4.45035592e+00,1.00000000e+00,2.50000104e+07,1.04302621e+01,-3.02295251e+00,1.34532146e+01,1.00011607e-09
25,6.45768674e-01,2.04631745e-08,90,18,1,55,normal_corr_dominates,1.94917617e+00,1.00000000e+00,2.49999911e+07,-8.91521953e+00,-3.02295251e+00,-5.89226701e+00,1.00008028e-09
25,6.45768674e-01,2.04631745e-08,90,18,2,56,normal_corr_dominates,1.44007127e+00,1.00000000e+00,2.49999926e+07,-7.37621956e+00,-3.02295251e+00,-4.35326705e+00,1.00010021e-09
25,6.45768674e-01,2.04631745e-08,90,19,0,57,corr_ratio_high,2.20592349e+00,5.00000000e-01,2.49999933e+07,-6.66180288e+00,-7.70936570e+00,1.04756282e+00,1.00003723e-09
25,6.45768674e-01,2.04631745e-08,90,19,1,58,corr_ratio_high,5.86971505e-01,5.00000000e-01,2.49999977e+07,-2.31770502e+00,-7.70936570e+00,5.39166068e+00,1.00022800e-09
25,6.45768674e-01,2.04631745e-08,90,20,2,62,normal_corr_dominates,1.31099883e+00,1.00000000e+00,2.50000017e+07,1.72423254e+00,-5.54417700e+00,7.26840954e+00,1.00010311e-09
25,6.45768674e-01,2.04631745e-08,90,21,0,63,normal_corr_dominates,1.28102815e+00,1.00000000e+00,2.49999898e+07,-1.01705014e+01,-4.45873561e+00,-5.71176582e+00,1.00009650e-09
25,6.45768674e-01,2.04631745e-08,90,21,1,64,normal_corr_dominates,3.90165733e+00,1.00000000e+00,2.50000129e+07,1.29377229e+01,-4.45873561e+00,1.73964585e+01,1.00011581e-09
25,6.45768674e-01,2.04631745e-08,90,21,2,65,normal_corr_dominates,1.83037887e+00,1.00000000e+00,2.49999874e+07,-1.26199111e+01,-4.45873561e+00,-8.16117547e+00,1.00013813e-09
25,6.45768674e-01,2.04631745e-08,90,22,0,66,normal_corr_dominates,1.65571710e+01,1.00000000e+00,2.49999895e+07,-1.04839137e+01,6.73895892e-01,-1.11578095e+01,1.00008780e-09
25,6.45768674e-01,2.04631745e-08,90,22,1,67,normal_corr_dominates,1.65392652e+01,1.00000000e+00,2.49999895e+07,-1.04718470e+01,6.73895892e-01,-1.11457429e+01,1.00012746e-09
25,6.45768674e-01,2.04631745e-08,90,22,2,68,normal_corr_dominates,8.46929200e+00,1.00000000e+00,2.50000064e+07,6.38131698e+00,6.73895892e-01,5.70742109e+00,1.00015522e-09
25,6.45768674e-01,2.04631745e-08,90,24,0,72,corr_ratio_high,1.20426805e+00,5.00000000e-01,2.49999973e+07,-2.71906544e+00,-6.55506491e+00,3.83599948e+00,1.00005268e-09
25,6.45768674e-01,2.04631745e-08,90,24,1,73,normal_corr_dominates,1.20122006e+00,1.00000000e+00,2.49999856e+07,-1.44291404e+01,-6.55506491e+00,-7.87407550e+00,1.00012566e-09
25,6.45768674e-01,2.04631745e-08,90,25,1,76,normal_corr_dominates,4.96131427e+00,1.00000000e+00,2.50000103e+07,1.03015668e+01,-2.60054266e+00,1.29021094e+01,1.00015874e-09
25,6.45768674e-01,2.04631745e-08,90,25,2,77,normal_corr_dominates,5.70289093e+00,1.00000000e+00,2.50000122e+07,1.22300685e+01,-2.60054266e+00,1.48306112e+01,1.00003906e-09
25,6.45768674e-01,2.04631745e-08,90,25,2,77,corr_ratio_high,2.05959521e+00,5.00000000e-01,2.50000122e+07,1.22300685e+01,-2.60054266e+00,1.48306112e+01,1.00003906e-09
25,6.45768674e-01,2.04631745e-08,90,16,0,48,normal_corr_dominates,7.89633760e+00,1.00000000e+00,2.49999739e+07,-2.61495526e+01,-2.93936155e+00,-2.32101911e+01,1.00006778e-09
25,6.45768674e-01,2.04631745e-08,90,16,0,48,corr_ratio_high,1.47402217e+00,5.00000000e-01,2.49999739e+07,-2.61495526e+01,-2.93936155e+00,-2.32101911e+01,1.00006778e-09
25,6.45768674e-01,2.04631745e-08,90,16,1,49,normal_corr_dominates,2.58752757e+00,1.00000000e+00,2.50000047e+07,4.66631749e+00,-2.93936155e+00,7.60567904e+00,1.00013509e-09
25,6.45768674e-01,2.04631745e-08,90,16,2,50,normal_corr_dominates,1.46124127e+00,1.00000000e+00,2.50000014e+07,1.35575484e+00,-2.93936155e+00,4.29511639e+00,1.00015439e-09
26,6.70721878e-01,2.12538938e-08,90,0,0,0,normal_corr_dominates,3.13671020e+00,1.00000000e+00,2.50000040e+07,4.00849530e+00,-1.87601262e+00,5.88450792e+00,1.00017543e-09
26,6.70721878e-01,2.12538938e-08,90,0,1,1,normal_corr_dominates,6.09623527e+00,1.00000000e+00,2.50000096e+07,9.56060167e+00,-1.87601262e+00,1.14366143e+01,1.00012292e-09
26,6.70721878e-01,2.12538938e-08,90,0,2,2,corr_ratio_high,2.45737579e+00,5.00000000e-01,2.49999977e+07,-2.33629168e+00,-1.87601262e+00,-4.60279058e-01,1.00003918e-09
26,6.70721878e-01,2.12538938e-08,90,1,0,3,normal_corr_dominates,2.45268883e+00,1.00000000e+00,2.50000080e+07,7.98526343e+00,-5.49688497e+00,1.34821484e+01,1.00014602e-09
26,6.70721878e-01,2.12538938e-08,90,3,1,10,normal_corr_dominates,2.96874575e+00,1.00000000e+00,2.50000098e+07,9.77774152e+00,-4.96648261e+00,1.47442241e+01,1.00014650e-09
26,6.70721878e-01,2.12538938e-08,90,3,2,11,normal_corr_dominates,2.74301087e+00,1.00000000e+00,2.50000087e+07,8.65663318e+00,-4.96648261e+00,1.36231158e+01,1.00009218e-09
26,6.70721878e-01,2.12538938e-08,90,3,2,11,corr_ratio_high,6.46495960e-01,5.00000000e-01,2.50000087e+07,8.65663318e+00,-4.96648261e+00,1.36231158e+01,1.00009218e-09
26,6.70721878e-01,2.12538938e-08,90,4,0,12,normal_corr_dominates,1.17716025e+01,1.00000000e+00,2.50000074e+07,7.36081393e+00,-6.83353657e-01,8.04416759e+00,1.00014710e-09
26,6.70721878e-01,2.12538938e-08,90,4,1,13,normal_corr_dominates,2.80506774e+01,1.00000000e+00,2.50000185e+07,1.84851793e+01,-6.83353657e-01,1.91685330e+01,1.00008211e-09
26,6.70721878e-01,2.12538938e-08,90,4,1,13,corr_ratio_high,5.35255526e-01,5.00000000e-01,2.50000185e+07,1.84851793e+01,-6.83353657e-01,1.91685330e+01,1.00008211e-09
26,6.70721878e-01,2.12538938e-08,90,5,0,15,normal_corr_dominates,1.55289693e+02,1.00000000e+00,2.50000265e+07,2.65378280e+01,1.69798964e-01,2.63680290e+01,1.00007339e-09
26,6.70721878e-01,2.12538938e-08,90,5,1,16,normal_corr_dominates,2.22720995e+02,1.00000000e+00,2.49999624e+07,-3.76479953e+01,1.69798964e-01,-3.78177943e+01,1.00021549e-09
26,6.70721878e-01,2.12538938e-08,90,5,2,17,normal_corr_dominates,2.54787609e+01,1.00000000e+00,2.50000045e+07,4.49606617e+00,1.69798964e-01,4.32626721e+00,1.00002188e-09
26,6.70721878e-01,2.12538938e-08,90,5,2,17,corr_ratio_high,3.99130469e+00,5.00000000e-01,2.50000045e+07,4.49606617e+00,1.69798964e-01,4.32626721e+00,1.00002188e-09
26,6.70721878e-01,2.12538938e-08,90,6,0,18,normal_corr_dominates,1.58401195e+00,1.00000000e+00,2.49999797e+07,-2.02517539e+01,-7.83732982e+00,-1.24144241e+01,1.00006677e-09
26,6.70721878e-01,2.12538938e-08,90,6,0,18,corr_ratio_high,1.33320423e+00,5.00000000e-01,2.49999797e+07,-2.02517539e+01,-7.83732982e+00,-1.24144241e+01,1.00006677e-09
26,6.70721878e-01,2.12538938e-08,90,6,1,19,normal_corr_dominates,2.39118065e+00,1.00000000e+00,2.50000109e+07,1.09031416e+01,-7.83732982e+00,1.87404714e+01,1.00023119e-09
26,6.70721878e-01,2.12538938e-08,90,6,1,19,corr_ratio_high,5.55793509e-01,5.00000000e-01,2.50000109e+07,1.09031416e+01,-7.83732982e+00,1.87404714e+01,1.00023119e-09
26,6.70721878e-01,2.12538938e-08,90,6,2,20,normal_corr_dominates,1.28521899e+00,1.00000000e+00,2.49999821e+07,-1.79100149e+01,-7.83732982e+00,-1.00726851e+01,1.00007713e-09
26,6.70721878e-01,2.12538938e-08,90,6,2,20,corr_ratio_high,8.60776598e-01,5.00000000e-01,2.49999821e+07,-1.79100149e+01,-7.83732982e+00,-1.00726851e+01,1.00007713e-09
26,6.70721878e-01,2.12538938e-08,90,7,0,21,normal_corr_dominates,1.24044668e+01,1.00000000e+00,2.50000189e+07,1.89380152e+01,-1.66057875e+00,2.05985939e+01,1.00010306e-09
26,6.70721878e-01,2.12538938e-08,90,7,1,22,normal_corr_dominates,8.06269897e+00,1.00000000e+00,2.50000117e+07,1.17281678e+01,-1.66057875e+00,1.33887466e+01,1.00011443e-09
26,6.70721878e-01,2.12538938e-08,90,7,2,23,normal_corr_dominates,2.93722585e+00,1.00000000e+00,2.49999935e+07,-6.53807359e+00,-1.66057875e+00,-4.87749484e+00,1.00006423e-09
26,6.70721878e-01,2.12538938e-08,90,7,2,23,corr_ratio_high,5.94244628e-01,5.00000000e-01,2.49999935e+07,-6.53807359e+00,-1.66057875e+00,-4.87749484e+00,1.00006423e-09
26,6.70721878e-01,2.12538938e-08,90,8,0,24,normal_corr_dominates,1.97537738e+00,1.00000000e+00,2.50000081e+07,8.12469281e+00,-8.32979417e+00,1.64544870e+01,1.00011195e-09
26,6.70721878e-01,2.12538938e-08,90,8,1,25,normal_corr_dominates,1.08525740e+00,1.00000000e+00,2.50000007e+07,7.10176598e-01,-8.32979417e+00,9.03997076e+00,1.00023229e-09
26,6.70721878e-01,2.12538938e-08,90,8,1,25,corr_ratio_high,5.75199104e-01,5.00000000e-01,2.50000007e+07,7.10176598e-01,-8.32979417e+00,9.03997076e+00,1.00023229e-09
26,6.70721878e-01,2.12538938e-08,90,8,2,26,corr_ratio_high,6.95643645e-01,5.00000000e-01,2.49999861e+07,-1.39128512e+01,-8.32979417e+00,-5.58305703e+00,1.00007959e-09
26,6.70721878e-01,2.12538938e-08,90,9,2,29,normal_corr_dominates,1.78923993e+00,1.00000000e+00,2.50000051e+07,5.11626190e+00,-6.48251783e+00,1.15987797e+01,1.00009960e-09
26,6.70721878e-01,2.12538938e-08,90,10,2,32,normal_corr_dominates,1.89770480e+00,1.00000000e+00,2.50000072e+07,7.24004432e+00,-8.06506136e+00,1.53051057e+01,1.00009794e-09
26,6.70721878e-01,2.12538938e-08,90,11,0,33,normal_corr_dominates,1.14348269e+01,1.00000000e+00,2.50000194e+07,1.93605596e+01,-1.85537909e+00,2.12159387e+01,1.00013046e-09
26,6.70721878e-01,2.12538938e-08,90,11,1,34,corr_ratio_high,1.76944376e+00,5.00000000e-01,2.49999983e+07,-1.65225858e+00,-1.85537909e+00,2.03120506e-01,1.00004253e-09
26,6.70721878e-01,2.12538938e-08,90,11,2,35,normal_corr_dominates,4.85174584e+00,1.00000000e+00,2.49999891e+07,-1.08572068e+01,-1.85537909e+00,-9.00182775e+00,1.00011714e-09
26,6.70721878e-01,2.12538938e-08,90,12,1,37,normal_corr_dominates,1.60165128e+00,1.00000000e+00,2.50000034e+07,3.43180842e+00,-5.70398255e+00,9.13579096e+00,1.00012115e-09
26,6.70721878e-01,2.12538938e-08,90,14,0,42,normal_corr_dominates,3.87273117e+00,1.00000000e+00,2.49999954e+07,-4.60949904e+00,1.60457027e+00,-6.21406931e+00,1.00009262e-09
26,6.70721878e-01,2.12538938e-08,90,14,1,43,normal_corr_dominates,1.60178871e+01,1.00000000e+00,2.49999759e+07,-2.40972551e+01,1.60457027e+00,-2.57018254e+01,1.00009230e-09
26,6.70721878e-01,2.12538938e-08,90,14,2,44,normal_corr_dominates,9.36844566e+00,1.00000000e+00,2.50000166e+07,1.66368997e+01,1.60457027e+00,1.50323294e+01,1.00012214e-09
26,6.70721878e-01,2.12538938e-08,90,15,0,45,normal_corr_dominates,1.33111793e+00,1.00000000e+00,2.49999919e+07,-8.11659099e+00,-3.48184487e+00,-4.63474612e+00,1.00009030e-09
26,6.70721878e-01,2.12538938e-08,90,15,1,46,normal_corr_dominates,2.19333888e+00,1.00000000e+00,2.49999889e+07,-1.11187106e+01,-3.48184487e+00,-7.63686574e+00,1.00013348e-09
26,6.70721878e-01,2.12538938e-08,90,15,2,47,normal_corr_dominates,1.82187208e+00,1.00000000e+00,2.49999902e+07,-9.82532082e+00,-3.48184487e+00,-6.34347595e+00,1.00010033e-09
26,6.70721878e-01,2.12538938e-08,90,17,0,51,normal_corr_dominates,3.41375544e+01,1.00000000e+00,2.49999804e+07,-1.96362662e+01,-5.58839866e-01,-1.90774263e+01,1.00016510e-09
26,6.70721878e-01,2.12538938e-08,90,17,1,52,normal_corr_dominates,1.70356854e+01,1.00000000e+00,2.49999899e+07,-1.00790600e+01,-5.58839866e-01,-9.52022018e+00,9.99988288e-10
26,6.70721878e-01,2.12538938e-08,90,17,1,52,corr_ratio_high,4.82504062e+00,5.00000000e-01,2.49999899e+07,-1.00790600e+01,-5.58839866e-01,-9.52022018e+00,9.99988288e-10
26,6.70721878e-01,2.12538938e-08,90,17,2,53,normal_corr_dominates,1.81429599e+01,1.00000000e+00,2.50000096e+07,9.58016944e+00,-5.58839866e-01,1.01390093e+01,1.00020266e-09
26,6.70721878e-01,2.12538938e-08,90,18,0,54,normal_corr_dominates,4.44669018e+00,1.00000000e+00,2.50000108e+07,1.08042506e+01,-3.13467416e+00,1.39389248e+01,1.00012028e-09
26,6.70721878e-01,2.12538938e-08,90,18,1,55,normal_corr_dominates,1.94754852e+00,1.00000000e+00,2.49999908e+07,-9.23960419e+00,-3.13467416e+00,-6.10493003e+00,1.00008319e-09
26,6.70721878e-01,2.12538938e-08,90,18,2,56,normal_corr_dominates,1.43867697e+00,1.00000000e+00,2.49999924e+07,-7.64445769e+00,-3.13467416e+00,-4.50978353e+00,1.00010384e-09
26,6.70721878e-01,2.12538938e-08,90,19,0,57,corr_ratio_high,2.20539948e+00,5.00000000e-01,2.49999931e+07,-6.90411046e+00,-7.99062476e+00,1.08651430e+00,1.00003858e-09
26,6.70721878e-01,2.12538938e-08,90,19,1,58,corr_ratio_high,5.86958725e-01,5.00000000e-01,2.49999976e+07,-2.40499208e+00,-7.99062476e+00,5.58563268e+00,1.00023625e-09
26,6.70721878e-01,2.12538938e-08,90,20,2,62,normal_corr_dominates,1.31026341e+00,1.00000000e+00,2.50000018e+07,1.78304838e+00,-5.74688580e+00,7.52993419e+00,1.00010685e-09
26,6.70721878e-01,2.12538938e-08,90,21,0,63,normal_corr_dominates,1.28072899e+00,1.00000000e+00,2.49999895e+07,-1.05399372e+01,-4.62130190e+00,-5.91863533e+00,1.00009999e-09
26,6.70721878e-01,2.12538938e-08,90,21,1,64,normal_corr_dominates,3.90067030e+00,1.00000000e+00,2.50000134e+07,1.34048732e+01,-4.62130190e+00,1.80261751e+01,1.00012001e-09
26,6.70721878e-01,2.12538938e-08,90,21,2,65,normal_corr_dominates,1.82982444e+00,1.00000000e+00,2.49999869e+07,-1.30774730e+01,-4.62130190e+00,-8.45617114e+00,1.00014313e-09
26,6.70721878e-01,2.12538938e-08,90,22,0,66,normal_corr_dominates,1.66176453e+01,1.00000000e+00,2.49999891e+07,-1.08654407e+01,6.95715678e-01,-1.15611564e+01,1.00009098e-09
26,6.70721878e-01,2.12538938e-08,90,22,1,67,normal_corr_dominates,1.65998704e+01,1.00000000e+00,2.49999891e+07,-1.08530744e+01,6.95715678e-01,-1.15487901e+01,1.00013208e-09
26,6.70721878e-01,2.12538938e-08,90,22,2,68,normal_corr_dominates,8.50012912e+00,1.00000000e+00,2.50000066e+07,6.60938877e+00,6.95715678e-01,5.91367309e+00,1.00016084e-09
26,6.70721878e-01,2.12538938e-08,90,24,0,72,corr_ratio_high,1.20409823e+00,5.00000000e-01,2.49999972e+07,-2.81716080e+00,-6.79441335e+00,3.97725255e+00,1.00005459e-09
26,6.70721878e-01,2.12538938e-08,90,24,1,73,normal_corr_dominates,1.20086458e+00,1.00000000e+00,2.49999850e+07,-1.49535837e+01,-6.79441335e+00,-8.15917032e+00,1.00013021e-09
26,6.70721878e-01,2.12538938e-08,90,25,1,76,normal_corr_dominates,4.95855570e+00,1.00000000e+00,2.50000107e+07,1.06730736e+01,-2.69620397e+00,1.33692776e+01,1.00016449e-09
26,6.70721878e-01,2.12538938e-08,90,25,2,77,normal_corr_dominates,5.69870602e+00,1.00000000e+00,2.50000127e+07,1.26686698e+01,-2.69620397e+00,1.53648738e+01,1.00004048e-09
26,6.70721878e-01,2.12538938e-08,90,25,2,77,corr_ratio_high,2.05961597e+00,5.00000000e-01,2.50000127e+07,1.26686698e+01,-2.69620397e+00,1.53648738e+01,1.00004048e-09
26,6.70721878e-01,2.12538938e-08,90,16,0,48,normal_corr_dominates,7.88968845e+00,1.00000000e+00,2.49999729e+07,-2.70972267e+01,-3.04816382e+00,-2.40490629e+01,1.00007024e-09
26,6.70721878e-01,2.12538938e-08,90,16,0,48,corr_ratio_high,1.47382570e+00,5.00000000e-01,2.49999729e+07,-2.70972267e+01,-3.04816382e+00,-2.40490629e+01,1.00007024e-09
26,6.70721878e-01,2.12538938e-08,90,16,1,49,normal_corr_dominates,2.58531839e+00,1.00000000e+00,2.50000048e+07,4.83231016e+00,-3.04816382e+00,7.88047398e+00,1.00013998e-09
26,6.70721878e-01,2.12538938e-08,90,16,2,50,normal_corr_dominates,1.46005255e+00,1.00000000e+00,2.50000014e+07,1.40231554e+00,-3.04816382e+00,4.45047937e+00,1.00015998e-09
27,6.93628176e-01,2.19797506e-08,90,0,0,0,normal_corr_dominates,3.13522351e+00,1.00000000e+00,2.50000041e+07,4.13641698e+00,-1.93722903e+00,6.07364601e+00,1.00018103e-09
27,6.93628176e-01,2.19797506e-08,90,0,1,1,normal_corr_dominates,6.09085576e+00,1.00000000e+00,2.50000099e+07,9.86215358e+00,-1.93722903e+00,1.17993826e+01,1.00012685e-09
27,6.93628176e-01,2.19797506e-08,90,0,2,2,corr_ratio_high,2.45666424e+00,5.00000000e-01,2.49999976e+07,-2.41333106e+00,-1.93722903e+00,-4.76102026e-01,1.00004044e-09
27,6.93628176e-01,2.19797506e-08,90,1,0,3,normal_corr_dominates,2.45176323e+00,1.00000000e+00,2.50000082e+07,8.23813783e+00,-5.67457398e+00,1.39127118e+01,1.00015069e-09
27,6.93628176e-01,2.19797506e-08,90,3,1,10,normal_corr_dominates,2.96822461e+00,1.00000000e+00,2.50000101e+07,1.00898939e+01,-5.12639350e+00,1.52162874e+01,1.00015119e-09
27,6.93628176e-01,2.19797506e-08,90,3,2,11,normal_corr_dominates,2.74183583e+00,1.00000000e+00,2.50000089e+07,8.92933587e+00,-5.12639350e+00,1.40557294e+01,1.00009513e-09
27,6.93628176e-01,2.19797506e-08,90,3,2,11,corr_ratio_high,6.46488489e-01,5.00000000e-01,2.50000089e+07,8.92933587e+00,-5.12639350e+00,1.40557294e+01,1.00009513e-09
27,6.93628176e-01,2.19797506e-08,90,4,0,12,normal_corr_dominates,1.17342443e+01,1.00000000e+00,2.50000076e+07,7.59333691e+00,-7.07393710e-01,8.30073062e+00,1.00015181e-09
27,6.93628176e-01,2.19797506e-08,90,4,1,13,normal_corr_dominates,2.79621359e+01,1.00000000e+00,2.50000191e+07,1.90728453e+01,-7.07393710e-01,1.97802390e+01,1.00008473e-09
27,6.93628176e-01,2.19797506e-08,90,4,1,13,corr_ratio_high,5.35310979e-01,5.00000000e-01,2.50000191e+07,1.90728453e+01,-7.07393710e-01,1.97802390e+01,1.00008473e-09
27,6.93628176e-01,2.19797506e-08,90,5,0,15,normal_corr_dominates,1.57463654e+02,1.00000000e+00,2.50000274e+07,2.73824507e+01,1.72799566e-01,2.72096512e+01,1.00007574e-09
27,6.93628176e-01,2.19797506e-08,90,5,1,16,normal_corr_dominates,2.25843368e+02,1.00000000e+00,2.49999611e+07,-3.88528365e+01,1.72799566e-01,-3.90256360e+01,1.00022238e-09
27,6.93628176e-01,2.19797506e-08,90,5,2,17,normal_corr_dominates,2.58391938e+01,1.00000000e+00,2.50000046e+07,4.63780104e+00,1.72799566e-01,4.46500148e+00,1.00002258e-09
27,6.93628176e-01,2.19797506e-08,90,5,2,17,corr_ratio_high,3.99040673e+00,5.00000000e-01,2.50000046e+07,4.63780104e+00,1.72799566e-01,4.46500148e+00,1.00002258e-09
27,6.93628176e-01,2.19797506e-08,90,6,0,18,normal_corr_dominates,1.58391415e+00,1.00000000e+00,2.49999791e+07,-2.08994496e+01,-8.08829102e+00,-1.28111586e+01,1.00006891e-09
27,6.93628176e-01,2.19797506e-08,90,6,0,18,corr_ratio_high,1.33308142e+00,5.00000000e-01,2.49999791e+07,-2.08994496e+01,-8.08829102e+00,-1.28111586e+01,1.00006891e-09
27,6.93628176e-01,2.19797506e-08,90,6,1,19,normal_corr_dominates,2.39101893e+00,1.00000000e+00,2.50000113e+07,1.12509659e+01,-8.08829102e+00,1.93392569e+01,1.00023857e-09
27,6.93628176e-01,2.19797506e-08,90,6,1,19,corr_ratio_high,5.55788040e-01,5.00000000e-01,2.50000113e+07,1.12509659e+01,-8.08829102e+00,1.93392569e+01,1.00023857e-09
27,6.93628176e-01,2.19797506e-08,90,6,2,20,normal_corr_dominates,1.28527990e+00,1.00000000e+00,2.49999815e+07,-1.84840089e+01,-8.08829102e+00,-1.03957179e+01,1.00007961e-09
27,6.93628176e-01,2.19797506e-08,90,6,2,20,corr_ratio_high,8.60585901e-01,5.00000000e-01,2.49999815e+07,-1.84840089e+01,-8.08829102e+00,-1.03957179e+01,1.00007961e-09
27,6.93628176e-01,2.19797506e-08,90,7,0,21,normal_corr_dominates,1.23881389e+01,1.00000000e+00,2.50000195e+07,1.95392708e+01,-1.71575627e+00,2.12550270e+01,1.00010636e-09
27,6.93628176e-01,2.19797506e-08,90,7,1,22,normal_corr_dominates,8.05241413e+00,1.00000000e+00,2.50000121e+07,1.21002238e+01,-1.71575627e+00,1.38159800e+01,1.00011810e-09
27,6.93628176e-01,2.19797506e-08,90,7,2,23,normal_corr_dominates,2.93311339e+00,1.00000000e+00,2.49999933e+07,-6.74826396e+00,-1.71575627e+00,-5.03250769e+00,1.00006629e-09
27,6.93628176e-01,2.19797506e-08,90,7,2,23,corr_ratio_high,5.94216314e-01,5.00000000e-01,2.49999933e+07,-6.74826396e+00,-1.71575627e+00,-5.03250769e+00,1.00006629e-09
27,6.93628176e-01,2.19797506e-08,90,8,0,24,normal_corr_dominates,1.97483861e+00,1.00000000e+00,2.50000084e+07,8.38180083e+00,-8.59814202e+00,1.69799429e+01,1.00011553e-09
27,6.93628176e-01,2.19797506e-08,90,8,1,25,normal_corr_dominates,1.08485775e+00,1.00000000e+00,2.50000007e+07,7.29618998e-01,-8.59814202e+00,9.32776102e+00,1.00023972e-09
27,6.93628176e-01,2.19797506e-08,90,8,1,25,corr_ratio_high,5.75188768e-01,5.00000000e-01,2.50000007e+07,7.29618998e-01,-8.59814202e+00,9.32776102e+00,1.00023972e-09
27,6.93628176e-01,2.19797506e-08,90,8,2,26,corr_ratio_high,6.95569857e-01,5.00000000e-01,2.49999856e+07,-1.43591305e+01,-8.59814202e+00,-5.76098849e+00,1.00008214e-09
27,6.93628176e-01,2.19797506e-08,90,9,2,29,normal_corr_dominates,1.78838586e+00,1.00000000e+00,2.50000053e+07,5.27571039e+00,-6.69178721e+00,1.19674976e+01,1.00010279e-09
27,6.93628176e-01,2.19797506e-08,90,10,2,32,normal_corr_dominates,1.89689329e+00,1.00000000e+00,2.50000075e+07,7.46628925e+00,-8.32461264e+00,1.57909019e+01,1.00010108e-09
27,6.93628176e-01,2.19797506e-08,90,11,0,33,normal_corr_dominates,1.14210527e+01,1.00000000e+00,2.50000200e+07,1.99755392e+01,-1.91684466e+00,2.18923839e+01,1.00013463e-09
27,6.93628176e-01,2.19797506e-08,90,11,1,34,corr_ratio_high,1.76927820e+00,5.00000000e-01,2.49999983e+07,-1.70491770e+00,-1.91684466e+00,2.11926964e-01,1.00004389e-09
27,6.93628176e-01,2.19797506e-08,90,11,2,35,normal_corr_dominates,4.84586320e+00,1.00000000e+00,2.49999888e+07,-1.12056117e+01,-1.91684466e+00,-9.28876702e+00,1.00012088e-09
27,6.93628176e-01,2.19797506e-08,90,12,1,37,normal_corr_dominates,1.60078827e+00,1.00000000e+00,2.50000035e+07,3.53763768e+00,-5.88832678e+00,9.42596446e+00,1.00012503e-09
27,6.93628176e-01,2.19797506e-08,90,14,0,42,normal_corr_dominates,3.87656284e+00,1.00000000e+00,2.49999952e+07,-4.75875956e+00,1.65432143e+00,-6.41308099e+00,1.00009559e-09
27,6.93628176e-01,2.19797506e-08,90,14,1,43,normal_corr_dominates,1.60318363e+01,1.00000000e+00,2.49999751e+07,-2.48674889e+01,1.65432143e+00,-2.65218104e+01,1.00009525e-09
27,6.93628176e-01,2.19797506e-08,90,14,2,44,normal_corr_dominates,9.37733819e+00,1.00000000e+00,2.50000172e+07,1.71674530e+01,1.65432143e+00,1.55131315e+01,1.00012605e-09
27,6.93628176e-01,2.19797506e-08,90,15,0,45,normal_corr_dominates,1.33072577e+00,1.00000000e+00,2.49999916e+07,-8.37752297e+00,-3.59438381e+00,-4.78313917e+00,1.00009318e-09
27,6.93628176e-01,2.19797506e-08,90,15,1,46,normal_corr_dominates,2.19226815e+00,1.00000000e+00,2.49999885e+07,-1.14742370e+01,-3.59438381e+00,-7.87985315e+00,1.00013774e-09
27,6.93628176e-01,2.19797506e-08,90,15,2,47,normal_corr_dominates,1.82112555e+00,1.00000000e+00,2.49999899e+07,-1.01402080e+01,-3.59438381e+00,-6.54582418e+00,1.00010354e-09
27,6.93628176e-01,2.19797506e-08,90,17,0,51,normal_corr_dominates,3.39885117e+01,1.00000000e+00,2.49999797e+07,-2.02662366e+01,-5.79225455e-01,-1.96870112e+01,1.00017038e-09
27,6.93628176e-01,2.19797506e-08,90,17,1,52,normal_corr_dominates,1.69591506e+01,1.00000000e+00,2.49999896e+07,-1.04023972e+01,-5.79225455e-01,-9.82317171e+00,9.99987921e-10
27,6.93628176e-01,2.19797506e-08,90,17,1,52,corr_ratio_high,4.82546125e+00,5.00000000e-01,2.49999896e+07,-1.04023972e+01,-5.79225455e-01,-9.82317171e+00,9.99987921e-10
27,6.93628176e-01,2.19797506e-08,90,17,2,53,normal_corr_dominates,1.80626513e+01,1.00000000e+00,2.50000099e+07,9.88312195e+00,-5.79225455e-01,1.04623474e+01,1.00020914e-09
27,6.93628176e-01,2.19797506e-08,90,18,0,54,normal_corr_dominates,4.44341626e+00,1.00000000e+00,2.50000111e+07,1.11463761e+01,-3.23701093e+00,1.43833870e+01,1.00012413e-09
27,6.93628176e-01,2.19797506e-08,90,18,1,55,normal_corr_dominates,1.94609081e+00,1.00000000e+00,2.49999905e+07,-9.53652816e+00,-3.23701093e+00,-6.29951723e+00,1.00008585e-09
27,6.93628176e-01,2.19797506e-08,90,18,2,56,normal_corr_dominates,1.43742939e+00,1.00000000e+00,2.49999921e+07,-7.88998559e+00,-3.23701093e+00,-4.65297466e+00,1.00010716e-09
27,6.93628176e-01,2.19797506e-08,90,19,0,57,corr_ratio_high,2.20492539e+00,5.00000000e-01,2.49999929e+07,-7.12590490e+00,-8.24812100e+00,1.12221610e+00,1.00003982e-09
27,6.93628176e-01,2.19797506e-08,90,19,1,58,corr_ratio_high,5.86947299e-01,5.00000000e-01,2.49999975e+07,-2.48499519e+00,-8.24812100e+00,5.76312581e+00,1.00024381e-09
27,6.93628176e-01,2.19797506e-08,90,20,2,62,normal_corr_dominates,1.30960549e+00,1.00000000e+00,2.50000018e+07,1.83673101e+00,-5.93248855e+00,7.76921956e+00,1.00011027e-09
27,6.93628176e-01,2.19797506e-08,90,21,0,63,normal_corr_dominates,1.28046309e+00,1.00000000e+00,2.49999891e+07,-1.08781106e+01,-4.77013228e+00,-6.10797834e+00,1.00010319e-09
27,6.93628176e-01,2.19797506e-08,90,21,1,64,normal_corr_dominates,3.89978496e+00,1.00000000e+00,2.50000138e+07,1.38323579e+01,-4.77013228e+00,1.86024901e+01,1.00012384e-09
27,6.93628176e-01,2.19797506e-08,90,21,2,65,normal_corr_dominates,1.82932023e+00,1.00000000e+00,2.49999865e+07,-1.34962318e+01,-4.77013228e+00,-8.72609950e+00,1.00014771e-09
27,6.93628176e-01,2.19797506e-08,90,22,0,66,normal_corr_dominates,1.66720067e+01,1.00000000e+00,2.49999888e+07,-1.12146980e+01,7.15587877e-01,-1.19302859e+01,1.00009389e-09
27,6.93628176e-01,2.19797506e-08,90,22,1,67,normal_corr_dominates,1.66543221e+01,1.00000000e+00,2.49999888e+07,-1.12020431e+01,7.15587877e-01,-1.19176310e+01,1.00013631e-09
27,6.93628176e-01,2.19797506e-08,90,22,2,68,normal_corr_dominates,8.52784615e+00,1.00000000e+00,2.50000068e+07,6.81801120e+00,7.15587877e-01,6.10242332e+00,1.00016598e-09
27,6.93628176e-01,2.19797506e-08,90,24,0,72,corr_ratio_high,1.20394351e+00,5.00000000e-01,2.49999971e+07,-2.90694961e+00,-7.01354831e+00,4.10659870e+00,1.00005634e-09
27,6.93628176e-01,2.19797506e-08,90,24,1,73,normal_corr_dominates,1.20054561e+00,1.00000000e+00,2.49999846e+07,-1.54336329e+01,-7.01354831e+00,-8.42008462e+00,1.00013438e-09
27,6.93628176e-01,2.19797506e-08,90,25,1,76,normal_corr_dominates,4.95610579e+00,1.00000000e+00,2.50000110e+07,1.10130128e+01,-2.78380138e+00,1.37968141e+01,1.00016975e-09
27,6.93628176e-01,2.19797506e-08,90,25,2,77,normal_corr_dominates,5.69499140e+00,1.00000000e+00,2.50000131e+07,1.30699236e+01,-2.78380138e+00,1.58537249e+01,1.00004177e-09
27,6.93628176e-01,2.19797506e-08,90,25,2,77,corr_ratio_high,2.05963093e+00,5.00000000e-01,2.50000131e+07,1.30699236e+01,-2.78380138e+00,1.58537249e+01,1.00004177e-09
27,6.93628176e-01,2.19797506e-08,90,16,0,48,normal_corr_dominates,7.88377533e+00,1.00000000e+00,2.49999720e+07,-2.79645850e+01,-3.14782667e+00,-2.48167583e+01,1.00007249e-09
27,6.93628176e-01,2.19797506e-08,90,16,0,48,corr_ratio_high,1.47364860e+00,5.00000000e-01,2.49999720e+07,-2.79645850e+01,-3.14782667e+00,-2.48167583e+01,1.00007249e-09
27,6.93628176e-01,2.19797506e-08,90,16,1,49,normal_corr_dominates,2.58335363e+00,1.00000000e+00,2.50000050e+07,4.98412278e+00,-3.14782667e+00,8.13194945e+00,1.00014445e-09
27,6.93628176e-01,2.19797506e-08,90,16,2,50,normal_corr_dominates,1.45899647e+00,1.00000000e+00,2.50000014e+07,1.44484135e+00,-3.14782667e+00,4.59266802e+00,1.00016510e-09
28,7.16278948e-01,2.26975102e-08,90,0,0,0,normal_corr_dominates,3.13381900e+00,1.00000000e+00,2.50000043e+07,4.26258637e+00,-1.99763258e+00,6.26021895e+00,1.00018656e-09
28,7.16278948e-01,2.26975102e-08,90,0,1,1,normal_corr_dominates,6.08569855e+00,1.00000000e+00,2.50000102e+07,1.01593571e+01,-1.99763258e+00,1.21569897e+01,1.00013073e-09
28,7.16278948e-01,2.26975102e-08,90,0,2,2,corr_ratio_high,2.45596843e+00,5.00000000e-01,2.49999975e+07,-2.48942949e+00,-1.99763258e+00,-4.91796906e-01,1.00004169e-09
28,7.16278948e-01,2.26975102e-08,90,1,0,3,normal_corr_dominates,2.45087177e+00,1.00000000e+00,2.50000085e+07,8.48740775e+00,-5.84986759e+00,1.43372753e+01,1.00015529e-09
28,7.16278948e-01,2.26975102e-08,90,3,1,10,normal_corr_dominates,2.96772055e+00,1.00000000e+00,2.50000104e+07,1.03976672e+01,-5.28411784e+00,1.56817851e+01,1.00015582e-09
28,7.16278948e-01,2.26975102e-08,90,3,2,11,normal_corr_dominates,2.74070478e+00,1.00000000e+00,2.50000092e+07,9.19808918e+00,-5.28411784e+00,1.44822070e+01,1.00009804e-09
28,7.16278948e-01,2.26975102e-08,90,3,2,11,corr_ratio_high,6.46479664e-01,5.00000000e-01,2.50000092e+07,9.19808918e+00,-5.28411784e+00,1.44822070e+01,1.00009804e-09
28,7.16278948e-01,2.26975102e-08,90,4,0,12,normal_corr_dominates,1.16984972e+01,1.00000000e+00,2.50000078e+07,7.82252629e+00,-7.31179917e-01,8.55370620e+00,1.00015645e-09
28,7.16278948e-01,2.26975102e-08,90,4,1,13,normal_corr_dominates,2.78773916e+01,1.00000000e+00,2.50000197e+07,1.96522089e+01,-7.31179917e-01,2.03833889e+01,1.00008731e-09
28,7.16278948e-01,2.26975102e-08,90,4,1,13,corr_ratio_high,5.35365555e-01,5.00000000e-01,2.50000197e+07,1.96522089e+01,-7.31179917e-01,2.03833889e+01,1.00008731e-09
28,7.16278948e-01,2.26975102e-08,90,5,0,15,normal_corr_dominates,1.59614345e+02,1.00000000e+00,2.50000282e+07,2.82151404e+01,1.75670115e-01,2.80394703e+01,1.00007806e-09
28,7.16278948e-01,2.26975102e-08,90,5,1,16,normal_corr_dominates,2.28932471e+02,1.00000000e+00,2.49999600e+07,-4.00409233e+01,1.75670115e-01,-4.02165935e+01,1.00022917e-09
28,7.16278948e-01,2.26975102e-08,90,5,2,17,normal_corr_dominates,2.61958838e+01,1.00000000e+00,2.50000048e+07,4.77750404e+00,1.75670115e-01,4.60183392e+00,1.00002328e-09
28,7.16278948e-01,2.26975102e-08,90,5,2,17,corr_ratio_high,3.98953184e+00,5.00000000e-01,2.50000048e+07,4.77750404e+00,1.75670115e-01,4.60183392e+00,1.00002328e-09
28,7.16278948e-01,2.26975102e-08,90,6,0,18,normal_corr_dominates,1.58382350e+00,1.00000000e+00,2.49999785e+07,-2.15381592e+01,-8.33577031e+00,-1.32023889e+01,1.00007102e-09
28,7.16278948e-01,2.26975102e-08,90,6,0,18,corr_ratio_high,1.33296066e+00,5.00000000e-01,2.49999785e+07,-2.15381592e+01,-8.33577031e+00,-1.32023889e+01,1.00007102e-09
28,7.16278948e-01,2.26975102e-08,90,6,1,19,normal_corr_dominates,2.39086829e+00,1.00000000e+00,2.50000116e+07,1.15939586e+01,-8.33577031e+00,1.99297289e+01,1.00024585e-09
28,7.16278948e-01,2.26975102e-08,90,6,1,19,corr_ratio_high,5.55782591e-01,5.00000000e-01,2.50000116e+07,1.15939586e+01,-8.33577031e+00,1.99297289e+01,1.00024585e-09
28,7.16278948e-01,2.26975102e-08,90,6,2,20,normal_corr_dominates,1.28534240e+00,1.00000000e+00,2.49999809e+07,-1.90500894e+01,-8.33577031e+00,-1.07143190e+01,1.00008205e-09
28,7.16278948e-01,2.26975102e-08,90,6,2,20,corr_ratio_high,8.60399966e-01,5.00000000e-01,2.49999809e+07,-1.90500894e+01,-8.33577031e+00,-1.07143190e+01,1.00008205e-09
28,7.16278948e-01,2.26975102e-08,90,7,0,21,normal_corr_dominates,1.23724156e+01,1.00000000e+00,2.50000201e+07,2.01319668e+01,-1.77024544e+00,2.19022123e+01,1.00010962e-09
28,7.16278948e-01,2.26975102e-08,90,7,1,22,normal_corr_dominates,8.04251191e+00,1.00000000e+00,2.50000125e+07,1.24669746e+01,-1.77024544e+00,1.42372201e+01,1.00012171e-09
28,7.16278948e-01,2.26975102e-08,90,7,2,23,normal_corr_dominates,2.92914617e+00,1.00000000e+00,2.49999930e+07,-6.95555311e+00,-1.77024544e+00,-5.18530767e+00,1.00006832e-09
28,7.16278948e-01,2.26975102e-08,90,7,2,23,corr_ratio_high,5.94188902e-01,5.00000000e-01,2.49999930e+07,-6.95555311e+00,-1.77024544e+00,-5.18530767e+00,1.00006832e-09
28,7.16278948e-01,2.26975102e-08,90,8,0,24,normal_corr_dominates,1.97431990e+00,1.00000000e+00,2.50000086e+07,8.63523783e+00,-8.86283634e+00,1.74980742e+01,1.00011906e-09
28,7.16278948e-01,2.26975102e-08,90,8,1,25,normal_corr_dominates,1.08447386e+00,1.00000000e+00,2.50000007e+07,7.48677975e-01,-8.86283634e+00,9.61151432e+00,1.00024705e-09
28,7.16278948e-01,2.26975102e-08,90,8,1,25,corr_ratio_high,5.75178845e-01,5.00000000e-01,2.50000007e+07,7.48677975e-01,-8.86283634e+00,9.61151432e+00,1.00024705e-09
28,7.16278948e-01,2.26975102e-08,90,8,2,26,corr_ratio_high,6.95498198e-01,5.00000000e-01,2.49999852e+07,-1.47992647e+01,-8.86283634e+00,-5.93642836e+00,1.00008465e-09
28,7.16278948e-01,2.26975102e-08,90,9,2,29,normal_corr_dominates,1.78756030e+00,1.00000000e+00,2.50000054e+07,5.43276899e+00,-6.89822603e+00,1.23309950e+01,1.00010593e-09
28,7.16278948e-01,2.26975102e-08,90,10,2,32,normal_corr_dominates,1.89610756e+00,1.00000000e+00,2.50000077e+07,7.68915720e+00,-8.58061860e+00,1.62697758e+01,1.00010418e-09
28,7.16278948e-01,2.26975102e-08,90,11,0,33,normal_corr_dominates,1.14078175e+01,1.00000000e+00,2.50000206e+07,2.05818051e+01,-1.97753324e+00,2.25593383e+01,1.00013875e-09
28,7.16278948e-01,2.26975102e-08,90,11,1,34,corr_ratio_high,1.76911517e+00,5.00000000e-01,2.49999982e+07,-1.75686262e+00,-1.97753324e+00,2.20670618e-01,1.00004524e-09
28,7.16278948e-01,2.26975102e-08,90,11,2,35,normal_corr_dominates,4.84020508e+00,1.00000000e+00,2.49999885e+07,-1.15491997e+01,-1.97753324e+00,-9.57166642e+00,1.00012458e-09
28,7.16278948e-01,2.26975102e-08,90,12,1,37,normal_corr_dominates,1.59995609e+00,1.00000000e+00,2.50000036e+07,3.64184322e+00,-6.07018298e+00,9.71202619e+00,1.00012885e-09
28,7.16278948e-01,2.26975102e-08,90,14,0,42,normal_corr_dominates,3.88027872e+00,1.00000000e+00,2.49999951e+07,-4.90602908e+00,1.70331747e+00,-6.60934655e+00,1.00009851e-09
28,7.16278948e-01,2.26975102e-08,90,14,1,43,normal_corr_dominates,1.60453303e+01,1.00000000e+00,2.49999744e+07,-2.56269740e+01,1.70331747e+00,-2.73302915e+01,1.00009816e-09
28,7.16278948e-01,2.26975102e-08,90,14,2,44,normal_corr_dominates,9.38594981e+00,1.00000000e+00,2.50000177e+07,1.76905698e+01,1.70331747e+00,1.59872523e+01,1.00012990e-09
28,7.16278948e-01,2.26975102e-08,90,15,0,45,normal_corr_dominates,1.33035089e+00,1.00000000e+00,2.49999914e+07,-8.63489722e+00,-3.70540645e+00,-4.92949077e+00,1.00009603e-09
28,7.16278948e-01,2.26975102e-08,90,15,1,46,normal_corr_dominates,2.19122593e+00,1.00000000e+00,2.49999882e+07,-1.18247891e+01,-3.70540645e+00,-8.11938269e+00,1.00014195e-09
28,7.16278948e-01,2.26975102e-08,90,15,2,47,normal_corr_dominates,1.82040701e+00,1.00000000e+00,2.49999895e+07,-1.04507543e+01,-3.70540645e+00,-6.74534786e+00,1.00010672e-09
28,7.16278948e-01,2.26975102e-08,90,17,0,51,normal_corr_dominates,3.38463630e+01,1.00000000e+00,2.49999791e+07,-2.08874978e+01,-5.99416870e-01,-2.02880809e+01,1.00017559e-09
28,7.16278948e-01,2.26975102e-08,90,17,1,52,normal_corr_dominates,1.68861565e+01,1.00000000e+00,2.49999893e+07,-1.07212639e+01,-5.99416870e-01,-1.01218471e+01,9.99987559e-10
28,7.16278948e-01,2.26975102e-08,90,17,1,52,corr_ratio_high,4.82586843e+00,5.00000000e-01,2.49999893e+07,-1.07212639e+01,-5.99416870e-01,-1.01218471e+01,9.99987559e-10
28,7.16278948e-01,2.26975102e-08,90,17,2,53,normal_corr_dominates,1.79860768e+01,1.00000000e+00,2.50000102e+07,1.01817410e+01,-5.99416870e-01,1.07811579e+01,1.00021553e-09
28,7.16278948e-01,2.26975102e-08,90,18,0,54,normal_corr_dominates,4.44025961e+00,1.00000000e+00,2.50000115e+07,1.14836024e+01,-3.33800460e+00,1.48216070e+01,1.00012792e-09
28,7.16278948e-01,2.26975102e-08,90,18,1,55,normal_corr_dominates,1.94468169e+00,1.00000000e+00,2.49999902e+07,-9.82936104e+00,-3.33800460e+00,-6.49135644e+00,1.00008848e-09
28,7.16278948e-01,2.26975102e-08,90,18,2,56,normal_corr_dominates,1.43622448e+00,1.00000000e+00,2.49999919e+07,-8.13212852e+00,-3.33800460e+00,-4.79412392e+00,1.00011044e-09
28,7.16278948e-01,2.26975102e-08,90,19,0,57,corr_ratio_high,2.20446292e+00,5.00000000e-01,2.49999927e+07,-7.34464291e+00,-8.50211318e+00,1.15747027e+00,1.00004104e-09
28,7.16278948e-01,2.26975102e-08,90,19,1,58,corr_ratio_high,5.86936269e-01,5.00000000e-01,2.49999974e+07,-2.56399241e+00,-8.50211318e+00,5.93812076e+00,1.00025125e-09
28,7.16278948e-01,2.26975102e-08,90,20,2,62,normal_corr_dominates,1.30897018e+00,1.00000000e+00,2.50000019e+07,1.88953322e+00,-6.11558431e+00,8.00511753e+00,1.00011364e-09
28,7.16278948e-01,2.26975102e-08,90,21,0,63,normal_corr_dominates,1.28020783e+00,1.00000000e+00,2.49999888e+07,-1.12116373e+01,-4.91693659e+00,-6.29470070e+00,1.00010635e-09
28,7.16278948e-01,2.26975102e-08,90,21,1,64,normal_corr_dominates,3.89892783e+00,1.00000000e+00,2.50000143e+07,1.42538443e+01,-4.91693659e+00,1.91707809e+01,1.00012763e-09
28,7.16278948e-01,2.26975102e-08,90,21,2,65,normal_corr_dominates,1.82882600e+00,1.00000000e+00,2.49999861e+07,-1.39091580e+01,-4.91693659e+00,-8.99222145e+00,1.00015222e-09
28,7.16278948e-01,2.26975102e-08,90,22,0,66,normal_corr_dominates,1.67247433e+01,1.00000000e+00,2.49999884e+07,-1.15591704e+01,7.35094376e-01,-1.22942648e+01,1.00009676e-09
28,7.16278948e-01,2.26975102e-08,90,22,1,67,normal_corr_dominates,1.67071222e+01,1.00000000e+00,2.49999885e+07,-1.15462172e+01,7.35094376e-01,-1.22813116e+01,1.00014047e-09
28,7.16278948e-01,2.26975102e-08,90,22,2,68,normal_corr_dominates,8.55473196e+00,1.00000000e+00,2.50000070e+07,7.02362973e+00,7.35094376e-01,6.28853535e+00,1.00017105e-09
28,7.16278948e-01,2.26975102e-08,90,24,0,72,corr_ratio_high,1.20379164e+00,5.00000000e-01,2.49999970e+07,-2.99550110e+00,-7.22970907e+00,4.23420797e+00,1.00005807e-09
28,7.16278948e-01,2.26975102e-08,90,24,1,73,normal_corr_dominates,1.20023674e+00,1.00000000e+00,2.49999841e+07,-1.59070715e+01,-7.22970907e+00,-8.67736244e+00,1.00013848e-09
28,7.16278948e-01,2.26975102e-08,90,25,1,76,normal_corr_dominates,4.95375510e+00,1.00000000e+00,2.50000113e+07,1.13481604e+01,-2.87022340e+00,1.42183838e+01,1.00017494e-09
28,7.16278948e-01,2.26975102e-08,90,25,2,77,normal_corr_dominates,5.69142968e+00,1.00000000e+00,2.50000135e+07,1.34654513e+01,-2.87022340e+00,1.63356747e+01,1.00004305e-09
28,7.16278948e-01,2.26975102e-08,90,25,2,77,corr_ratio_high,2.05964215e+00,5.00000000e-01,2.50000135e+07,1.34654513e+01,-2.87022340e+00,1.63356747e+01,1.00004305e-09
28,7.16278948e-01,2.26975102e-08,90,16,0,48,normal_corr_dominates,7.87809579e+00,1.00000000e+00,2.49999712e+07,-2.88199122e+01,-3.24618171e+00,-2.55737305e+01,1.00007471e-09
28,7.16278948e-01,2.26975102e-08,90,16,0,48,corr_ratio_high,1.47347638e+00,5.00000000e-01,2.49999712e+07,-2.88199122e+01,-3.24618171e+00,-2.55737305e+01,1.00007471e-09
28,7.16278948e-01,2.26975102e-08,90,16,1,49,normal_corr_dominates,2.58146642e+00,1.00000000e+00,2.50000051e+07,5.13372736e+00,-3.24618171e+00,8.37990908e+00,1.00014887e-09
28,7.16278948e-01,2.26975102e-08,90,16,2,50,normal_corr_dominates,1.45798296e+00,1.00000000e+00,2.50000015e+07,1.48669592e+00,-3.24618171e+00,4.73287763e+00,1.00017015e-09
29,7.40695267e-01,2.34712167e-08,90,0,0,0,normal_corr_dominates,3.13237325e+00,1.00000000e+00,2.50000044e+07,4.39824001e+00,-2.06260325e+00,6.46084326e+00,1.00019250e-09
29,7.40695267e-01,2.34712167e-08,90,0,1,1,normal_corr_dominates,6.08030922e+00,1.00000000e+00,2.50000105e+07,1.04786623e+01,-2.06260325e+00,1.25412656e+01,1.00013489e-09
29,7.40695267e-01,2.34712167e-08,90,0,2,2,corr_ratio_high,2.45522688e+00,5.00000000e-01,2.49999974e+07,-2.57137312e+00,-2.06260325e+00,-5.08769868e-01,1.00004303e-09
29,7.40695267e-01,2.34712167e-08,90,1,0,3,normal_corr_dominates,2.44993581e+00,1.00000000e+00,2.50000088e+07,8.75525976e+00,-6.03837749e+00,1.47936372e+01,1.00016024e-09
29,7.40695267e-01,2.34712167e-08,90,3,1,10,normal_corr_dominates,2.96718898e+00,1.00000000e+00,2.50000107e+07,1.07284589e+01,-5.45370017e+00,1.61821590e+01,1.00016080e-09
29,7.40695267e-01,2.34712167e-08,90,3,2,11,normal_corr_dominates,2.73951806e+00,1.00000000e+00,2.50000095e+07,9.48680995e+00,-5.45370017e+00,1.49405101e+01,1.00010117e-09
29,7.40695267e-01,2.34712167e-08,90,3,2,11,corr_ratio_high,6.46468671e-01,5.00000000e-01,2.50000095e+07,9.48680995e+00,-5.45370017e+00,1.49405101e+01,1.00010117e-09
29,7.40695267e-01,2.34712167e-08,90,4,0,12,normal_corr_dominates,1.16612064e+01,1.00000000e+00,2.50000081e+07,8.06878031e+00,-7.56835578e-01,8.82561588e+00,1.00016143e-09
29,7.40695267e-01,2.34712167e-08,90,4,1,13,normal_corr_dominates,2.77889663e+01,1.00000000e+00,2.50000203e+07,2.02748428e+01,-7.56835578e-01,2.10316784e+01,1.00009009e-09
29,7.40695267e-01,2.34712167e-08,90,4,1,13,corr_ratio_high,5.35424078e-01,5.00000000e-01,2.50000203e+07,2.02748428e+01,-7.56835578e-01,2.10316784e+01,1.00009009e-09
29,7.40695267e-01,2.34712167e-08,90,5,0,15,normal_corr_dominates,1.61935036e+02,1.00000000e+00,2.50000291e+07,2.91100174e+01,1.78660270e-01,2.89313571e+01,1.00008055e-09
29,7.40695267e-01,2.34712167e-08,90,5,1,16,normal_corr_dominates,2.32265915e+02,1.00000000e+00,2.49999587e+07,-4.13180308e+01,1.78660270e-01,-4.14966911e+01,1.00023648e-09
29,7.40695267e-01,2.34712167e-08,90,5,2,17,normal_corr_dominates,2.65808956e+01,1.00000000e+00,2.50000049e+07,4.92761025e+00,1.78660270e-01,4.74894998e+00,1.00002403e-09
29,7.40695267e-01,2.34712167e-08,90,5,2,17,corr_ratio_high,3.98860269e+00,5.00000000e-01,2.50000049e+07,4.92761025e+00,1.78660270e-01,4.74894998e+00,1.00002403e-09
29,7.40695267e-01,2.34712167e-08,90,6,0,18,normal_corr_dominates,1.58373199e+00,1.00000000e+00,2.49999778e+07,-2.22247496e+01,-8.60180145e+00,-1.36229481e+01,1.00007328e-09
29,7.40695267e-01,2.34712167e-08,90,6,0,18,corr_ratio_high,1.33283125e+00,5.00000000e-01,2.49999778e+07,-2.22247496e+01,-8.60180145e+00,-1.36229481e+01,1.00007328e-09
29,7.40695267e-01,2.34712167e-08,90,6,1,19,normal_corr_dominates,2.39071552e+00,1.00000000e+00,2.50000120e+07,1.19626588e+01,-8.60180145e+00,2.05644602e+01,1.00025368e-09
29,7.40695267e-01,2.34712167e-08,90,6,1,19,corr_ratio_high,5.55776676e-01,5.00000000e-01,2.50000120e+07,1.19626588e+01,-8.60180145e+00,2.05644602e+01,1.00025368e-09
29,7.40695267e-01,2.34712167e-08,90,6,2,20,normal_corr_dominates,1.28541202e+00,1.00000000e+00,2.49999803e+07,-1.96586605e+01,-8.60180145e+00,-1.10568590e+01,1.00008468e-09
29,7.40695267e-01,2.34712167e-08,90,6,2,20,corr_ratio_high,8.60202377e-01,5.00000000e-01,2.49999803e+07,-1.96586605e+01,-8.60180145e+00,-1.10568590e+01,1.00008468e-09
29,7.40695267e-01,2.34712167e-08,90,7,0,21,normal_corr_dominates,1.23559096e+01,1.00000000e+00,2.50000208e+07,2.07688566e+01,-1.82890295e+00,2.25977595e+01,1.00011311e-09
29,7.40695267e-01,2.34712167e-08,90,7,1,22,normal_corr_dominates,8.03211871e+00,1.00000000e+00,2.50000129e+07,1.28610626e+01,-1.82890295e+00,1.46899656e+01,1.00012559e-09
29,7.40695267e-01,2.34712167e-08,90,7,2,23,normal_corr_dominates,2.92497400e+00,1.00000000e+00,2.49999928e+07,-7.17839654e+00,-1.82890295e+00,-5.34949359e+00,1.00007050e-09
29,7.40695267e-01,2.34712167e-08,90,7,2,23,corr_ratio_high,5.94159970e-01,5.00000000e-01,2.49999928e+07,-7.17839654e+00,-1.82890295e+00,-5.34949359e+00,1.00007050e-09
29,7.40695267e-01,2.34712167e-08,90,8,0,24,normal_corr_dominates,1.97377554e+00,1.00000000e+00,2.50000089e+07,8.90756137e+00,-9.14744828e+00,1.80550097e+01,1.00012285e-09
29,7.40695267e-01,2.34712167e-08,90,8,1,25,normal_corr_dominates,1.08407182e+00,1.00000000e+00,2.50000008e+07,7.69042586e-01,-9.14744828e+00,9.91649087e+00,1.00025492e-09
29,7.40695267e-01,2.34712167e-08,90,8,1,25,corr_ratio_high,5.75168459e-01,5.00000000e-01,2.50000008e+07,7.69042586e-01,-9.14744828e+00,9.91649087e+00,1.00025492e-09
29,7.40695267e-01,2.34712167e-08,90,8,2,26,corr_ratio_high,6.95422338e-01,5.00000000e-01,2.49999847e+07,-1.52724432e+01,-9.14744828e+00,-6.12499487e+00,1.00008735e-09
29,7.40695267e-01,2.34712167e-08,90,9,2,29,normal_corr_dominates,1.78669047e+00,1.00000000e+00,2.50000056e+07,5.60140861e+00,-7.12021925e+00,1.27216279e+01,1.00010932e-09
29,7.40695267e-01,2.34712167e-08,90,10,2,32,normal_corr_dominates,1.89527830e+00,1.00000000e+00,2.50000079e+07,7.92847356e+00,-8.85587594e+00,1.67843495e+01,1.00010751e-09
29,7.40695267e-01,2.34712167e-08,90,11,0,33,normal_corr_dominates,1.13939548e+01,1.00000000e+00,2.50000212e+07,2.12333225e+01,-2.04285307e+00,2.32761756e+01,1.00014318e-09
29,7.40695267e-01,2.34712167e-08,90,11,1,34,corr_ratio_high,1.76894023e+00,5.00000000e-01,2.49999982e+07,-1.81272107e+00,-2.04285307e+00,2.30131995e-01,1.00004668e-09
29,7.40695267e-01,2.34712167e-08,90,11,2,35,normal_corr_dominates,4.83427263e+00,1.00000000e+00,2.49999881e+07,-1.19185617e+01,-2.04285307e+00,-9.87570867e+00,1.00012855e-09
29,7.40695267e-01,2.34712167e-08,90,12,1,37,normal_corr_dominates,1.59908137e+00,1.00000000e+00,2.50000038e+07,3.75369235e+00,-6.26574711e+00,1.00194395e+01,1.00013296e-09
29,7.40695267e-01,2.34712167e-08,90,14,0,42,normal_corr_dominates,3.88420706e+00,1.00000000e+00,2.49999949e+07,-5.06442542e+00,1.75591603e+00,-6.82034145e+00,1.00010166e-09
29,7.40695267e-01,2.34712167e-08,90,14,1,43,normal_corr_dominates,1.60595607e+01,1.00000000e+00,2.49999736e+07,-2.64433241e+01,1.75591603e+00,-2.81992402e+01,1.00010129e-09
29,7.40695267e-01,2.34712167e-08,90,14,2,44,normal_corr_dominates,9.39504089e+00,1.00000000e+00,2.50000183e+07,1.82528190e+01,1.75591603e+00,1.64969029e+01,1.00013404e-09
29,7.40695267e-01,2.34712167e-08,90,15,0,45,normal_corr_dominates,1.32996021e+00,1.00000000e+00,2.49999911e+07,-8.91163350e+00,-3.82480072e+00,-5.08683278e+00,1.00009910e-09
29,7.40695267e-01,2.34712167e-08,90,15,1,46,normal_corr_dominates,2.19012009e+00,1.00000000e+00,2.49999878e+07,-1.22015736e+01,-3.82480072e+00,-8.37677290e+00,1.00014647e-09
29,7.40695267e-01,2.34712167e-08,90,15,2,47,normal_corr_dominates,1.81965317e+00,1.00000000e+00,2.49999892e+07,-1.07846115e+01,-3.82480072e+00,-6.95981078e+00,1.00011012e-09
29,7.40695267e-01,2.34712167e-08,90,17,0,51,normal_corr_dominates,3.36985616e+01,1.00000000e+00,2.49999784e+07,-2.15553636e+01,-6.21217785e-01,-2.09341458e+01,1.00018119e-09
29,7.40695267e-01,2.34712167e-08,90,17,1,52,normal_corr_dominates,1.68102599e+01,1.00000000e+00,2.49999889e+07,-1.10640502e+01,-6.21217785e-01,-1.04428324e+01,9.99987171e-10
29,7.40695267e-01,2.34712167e-08,90,17,1,52,corr_ratio_high,4.82629813e+00,5.00000000e-01,2.49999889e+07,-1.10640502e+01,-6.21217785e-01,-1.04428324e+01,9.99987171e-10
29,7.40695267e-01,2.34712167e-08,90,17,2,53,normal_corr_dominates,1.79064775e+01,1.00000000e+00,2.50000105e+07,1.05026045e+01,-6.21217785e-01,1.11238223e+01,1.00022240e-09
29,7.40695267e-01,2.34712167e-08,90,18,0,54,normal_corr_dominates,4.43694185e+00,1.00000000e+00,2.50000118e+07,1.18459429e+01,-3.44665213e+00,1.52925951e+01,1.00013201e-09
29,7.40695267e-01,2.34712167e-08,90,18,1,55,normal_corr_dominates,1.94319681e+00,1.00000000e+00,2.49999899e+07,-1.01441756e+01,-3.44665213e+00,-6.69752342e+00,1.00009131e-09
29,7.40695267e-01,2.34712167e-08,90,18,2,56,normal_corr_dominates,1.43495597e+00,1.00000000e+00,2.49999916e+07,-8.39244619e+00,-3.44665213e+00,-4.94579406e+00,1.00011396e-09
29,7.40695267e-01,2.34712167e-08,90,19,0,57,corr_ratio_high,2.20397122e+00,5.00000000e-01,2.49999924e+07,-7.57980015e+00,-8.77521952e+00,1.19541937e+00,1.00004236e-09
29,7.40695267e-01,2.34712167e-08,90,19,1,58,corr_ratio_high,5.86924663e-01,5.00000000e-01,2.49999974e+07,-2.64902413e+00,-8.77521952e+00,6.12619538e+00,1.00025926e-09
29,7.40695267e-01,2.34712167e-08,90,20,2,62,normal_corr_dominates,1.30830149e+00,1.00000000e+00,2.50000019e+07,1.94614685e+00,-6.31247948e+00,8.25862633e+00,1.00011727e-09
29,7.40695267e-01,2.34712167e-08,90,21,0,63,normal_corr_dominates,1.27994066e+00,1.00000000e+00,2.49999884e+07,-1.15702157e+01,-5.07478807e+00,-6.49542761e+00,1.00010974e-09
29,7.40695267e-01,2.34712167e-08,90,21,1,64,normal_corr_dominates,3.89802314e+00,1.00000000e+00,2.50000147e+07,1.47068533e+01,-5.07478807e+00,1.97816413e+01,1.00013169e-09
29,7.40695267e-01,2.34712167e-08,90,21,2,65,normal_corr_dominates,1.82829795e+00,1.00000000e+00,2.49999856e+07,-1.43530127e+01,-5.07478807e+00,-9.27822462e+00,1.00015707e-09
29,7.40695267e-01,2.34712167e-08,90,22,0,66,normal_corr_dominates,1.67805218e+01,1.00000000e+00,2.49999881e+07,-1.19295313e+01,7.55965579e-01,-1.26854969e+01,1.00009985e-09
29,7.40695267e-01,2.34712167e-08,90,22,1,67,normal_corr_dominates,1.67629429e+01,1.00000000e+00,2.49999881e+07,-1.19162423e+01,7.55965579e-01,-1.26722078e+01,1.00014495e-09
29,7.40695267e-01,2.34712167e-08,90,22,2,68,normal_corr_dominates,8.58316566e+00,1.00000000e+00,2.50000072e+07,7.24454338e+00,7.55965579e-01,6.48857780e+00,1.00017651e-09
29,7.40695267e-01,2.34712167e-08,90,24,0,72,corr_ratio_high,1.20362920e+00,5.00000000e-01,2.49999969e+07,-3.09070157e+00,-7.46214558e+00,4.37144401e+00,1.00005993e-09
29,7.40695267e-01,2.34712167e-08,90,24,1,73,normal_corr_dominates,1.19991071e+00,1.00000000e+00,2.49999836e+07,-1.64160540e+01,-7.46214558e+00,-8.95390841e+00,1.00014290e-09
29,7.40695267e-01,2.34712167e-08,90,25,1,76,normal_corr_dominates,4.95129572e+00,1.00000000e+00,2.50000117e+07,1.17083494e+01,-2.96316708e+00,1.46715165e+01,1.00018052e-09
29,7.40695267e-01,2.34712167e-08,90,25,2,77,normal_corr_dominates,5.68770646e+00,1.00000000e+00,2.50000139e+07,1.38904575e+01,-2.96316708e+00,1.68536245e+01,1.00004442e-09
29,7.40695267e-01,2.34712167e-08,90,25,2,77,corr_ratio_high,2.05965053e+00,5.00000000e-01,2.50000139e+07,1.38904575e+01,-2.96316708e+00,1.68536245e+01,1.00004442e-09
29,7.40695267e-01,2.34712167e-08,90,16,0,48,normal_corr_dominates,7.87214849e+00,1.00000000e+00,2.49999703e+07,-2.97393608e+01,-3.35199088e+00,-2.63873700e+01,1.00007709e-09
29,7.40695267e-01,2.34712167e-08,90,16,0,48,corr_ratio_high,1.47329381e+00,5.00000000e-01,2.49999703e+07,-2.97393608e+01,-3.35199088e+00,-2.63873700e+01,1.00007709e-09
29,7.40695267e-01,2.34712167e-08,90,16,1,49,normal_corr_dominates,2.57949024e+00,1.00000000e+00,2.50000053e+07,5.29443687e+00,-3.35199088e+00,8.64642775e+00,1.00015361e-09
29,7.40695267e-01,2.34712167e-08,90,16,2,50,normal_corr_dominates,1.45692247e+00,1.00000000e+00,2.50000015e+07,1.53159996e+00,-3.35199088e+00,4.88359084e+00,1.00017557e-09
30,7.66913959e-01,2.43020369e-08,90,0,0,0,normal_corr_dominates,3.13089438e+00,1.00000000e+00,2.50000045e+07,4.54351660e+00,-2.13221107e+00,6.67572767e+00,1.00019886e-09
30,7.66913959e-01,2.43020369e-08,90,0,1,1,normal_corr_dominates,6.07470644e+00,1.00000000e+00,2.50000108e+07,1.08203453e+01,-2.13221107e+00,1.29525563e+01,1.00013936e-09
30,7.66913959e-01,2.43020369e-08,90,0,2,2,corr_ratio_high,2.45444017e+00,5.00000000e-01,2.49999973e+07,-2.65927086e+00,-2.13221107e+00,-5.27059788e-01,1.00004446e-09
30,7.66913959e-01,2.43020369e-08,90,1,0,3,normal_corr_dominates,2.44895792e+00,1.00000000e+00,2.50000090e+07,9.04193366e+00,-6.24030108e+00,1.52822347e+01,1.00016553e-09
30,7.66913959e-01,2.43020369e-08,90,3,1,10,normal_corr_dominates,2.96663101e+00,1.00000000e+00,2.50000111e+07,1.10825779e+01,-5.63531126e+00,1.67178892e+01,1.00016613e-09
30,7.66913959e-01,2.43020369e-08,90,3,2,11,normal_corr_dominates,2.73827918e+00,1.00000000e+00,2.50000098e+07,9.79574425e+00,-5.63531126e+00,1.54310555e+01,1.00010452e-09
30,7.66913959e-01,2.43020369e-08,90,3,2,11,corr_ratio_high,6.46455290e-01,5.00000000e-01,2.50000098e+07,9.79574425e+00,-5.63531126e+00,1.54310555e+01,1.00010452e-09
30,7.66913959e-01,2.43020369e-08,90,4,0,12,normal_corr_dominates,1.16225037e+01,1.00000000e+00,2.50000083e+07,8.33231584e+00,-7.84402257e-01,9.11671810e+00,1.00016677e-09
30,7.66913959e-01,2.43020369e-08,90,4,1,13,normal_corr_dominates,2.76971700e+01,1.00000000e+00,2.50000209e+07,2.09413204e+01,-7.84402257e-01,2.17257227e+01,1.00009307e-09
30,7.66913959e-01,2.43020369e-08,90,4,1,13,corr_ratio_high,5.35486545e-01,5.00000000e-01,2.50000209e+07,2.09413204e+01,-7.84402257e-01,2.17257227e+01,1.00009307e-09
30,7.66913959e-01,2.43020369e-08,90,5,0,15,normal_corr_dominates,1.64431183e+02,1.00000000e+00,2.50000301e+07,3.00679029e+01,1.81754748e-01,2.98861481e+01,1.00008322e-09
30,7.66913959e-01,2.43020369e-08,90,5,1,16,normal_corr_dominates,2.35851572e+02,1.00000000e+00,2.49999573e+07,-4.26853881e+01,1.81754748e-01,-4.28671429e+01,1.00024430e-09
30,7.66913959e-01,2.43020369e-08,90,5,2,17,normal_corr_dominates,2.69951621e+01,1.00000000e+00,2.50000051e+07,5.08825362e+00,1.81754748e-01,4.90649887e+00,1.00002483e-09
30,7.66913959e-01,2.43020369e-08,90,5,2,17,corr_ratio_high,3.98762037e+00,5.00000000e-01,2.50000051e+07,5.08825362e+00,1.81754748e-01,4.90649887e+00,1.00002483e-09
30,7.66913959e-01,2.43020369e-08,90,6,0,18,normal_corr_dominates,1.58364037e+00,1.00000000e+00,2.49999770e+07,-2.29598880e+01,-8.88664240e+00,-1.40732456e+01,1.00007571e-09
30,7.66913959e-01,2.43020369e-08,90,6,0,18,corr_ratio_high,1.33269316e+00,5.00000000e-01,2.49999770e+07,-2.29598880e+01,-8.88664240e+00,-1.40732456e+01,1.00007571e-09
30,7.66913959e-01,2.43020369e-08,90,6,1,19,normal_corr_dominates,2.39056181e+00,1.00000000e+00,2.50000124e+07,1.23574255e+01,-8.88664240e+00,2.12440679e+01,1.00026206e-09
30,7.66913959e-01,2.43020369e-08,90,6,1,19,corr_ratio_high,5.55770279e-01,5.00000000e-01,2.50000124e+07,1.23574255e+01,-8.88664240e+00,2.12440679e+01,1.00026206e-09
30,7.66913959e-01,2.43020369e-08,90,6,2,20,normal_corr_dominates,1.28548911e+00,1.00000000e+00,2.49999797e+07,-2.03103244e+01,-8.88664240e+00,-1.14236820e+01,1.00008749e-09
30,7.66913959e-01,2.43020369e-08,90,6,2,20,corr_ratio_high,8.59993368e-01,5.00000000e-01,2.49999797e+07,-2.03103244e+01,-8.88664240e+00,-1.14236820e+01,1.00008749e-09
30,7.66913959e-01,2.43020369e-08,90,7,0,21,normal_corr_dominates,1.23386671e+01,1.00000000e+00,2.50000215e+07,2.14505109e+01,-1.89180181e+00,2.33423128e+01,1.00011686e-09
30,7.66913959e-01,2.43020369e-08,90,7,1,22,normal_corr_dominates,8.02126358e+00,1.00000000e+00,2.50000133e+07,1.32828391e+01,-1.89180181e+00,1.51746410e+01,1.00012975e-09
30,7.66913959e-01,2.43020369e-08,90,7,2,23,normal_corr_dominates,2.92060734e+00,1.00000000e+00,2.49999926e+07,-7.41701207e+00,-1.89180181e+00,-5.52521026e+00,1.00007284e-09
30,7.66913959e-01,2.43020369e-08,90,7,2,23,corr_ratio_high,5.94129573e-01,5.00000000e-01,2.49999926e+07,-7.41701207e+00,-1.89180181e+00,-5.52521026e+00,1.00007284e-09
30,7.66913959e-01,2.43020369e-08,90,8,0,24,normal_corr_dominates,1.97320711e+00,1.00000000e+00,2.50000092e+07,9.19901462e+00,-9.45226825e+00,1.86512829e+01,1.00012691e-09
30,7.66913959e-01,2.43020369e-08,90,8,1,25,normal_corr_dominates,1.08365282e+00,1.00000000e+00,2.50000008e+07,7.90708884e-01,-9.45226825e+00,1.02429771e+01,1.00026335e-09
30,7.66913959e-01,2.43020369e-08,90,8,1,25,corr_ratio_high,5.75157643e-01,5.00000000e-01,2.50000008e+07,7.90708884e-01,-9.45226825e+00,1.02429771e+01,1.00026335e-09
30,7.66913959e-01,2.43020369e-08,90,8,2,26,corr_ratio_high,6.95342401e-01,5.00000000e-01,2.49999842e+07,-1.57791343e+01,-9.45226825e+00,-6.32686605e+00,1.00009025e-09
30,7.66913959e-01,2.43020369e-08,90,9,2,29,normal_corr_dominates,1.78577840e+00,1.00000000e+00,2.50000058e+07,5.78175556e+00,-7.35799755e+00,1.31397531e+01,1.00011294e-09
30,7.66913959e-01,2.43020369e-08,90,10,2,32,normal_corr_dominates,1.89440729e+00,1.00000000e+00,2.50000082e+07,8.18441988e+00,-9.15066316e+00,1.73350830e+01,1.00011108e-09
30,7.66913959e-01,2.43020369e-08,90,11,0,33,normal_corr_dominates,1.13795080e+01,1.00000000e+00,2.50000219e+07,2.19306858e+01,-2.11288298e+00,2.40435687e+01,1.00014792e-09
30,7.66913959e-01,2.43020369e-08,90,11,1,34,corr_ratio_high,1.76875333e+00,5.00000000e-01,2.49999981e+07,-1.87255307e+00,-2.11288298e+00,2.40329904e-01,1.00004823e-09
30,7.66913959e-01,2.43020369e-08,90,11,2,35,normal_corr_dominates,4.82808362e+00,1.00000000e+00,2.49999877e+07,-1.23140587e+01,-2.11288298e+00,-1.02011757e+01,1.00013280e-09
30,7.66913959e-01,2.43020369e-08,90,12,1,37,normal_corr_dominates,1.59816649e+00,1.00000000e+00,2.50000039e+07,3.87326164e+00,-6.47522342e+00,1.03484851e+01,1.00013737e-09
30,7.66913959e-01,2.43020369e-08,90,14,0,42,normal_corr_dominates,3.88834075e+00,1.00000000e+00,2.49999948e+07,-5.23411949e+00,1.81215443e+00,-7.04627392e+00,1.00010503e-09
30,7.66913959e-01,2.43020369e-08,90,14,1,43,normal_corr_dominates,1.60744969e+01,1.00000000e+00,2.49999727e+07,-2.73173165e+01,1.81215443e+00,-2.91294709e+01,1.00010463e-09
30,7.66913959e-01,2.43020369e-08,90,14,2,44,normal_corr_dominates,9.40459305e+00,1.00000000e+00,2.50000189e+07,1.88547294e+01,1.81215443e+00,1.70425750e+01,1.00013847e-09
30,7.66913959e-01,2.43020369e-08,90,15,0,45,normal_corr_dominates,1.32955518e+00,1.00000000e+00,2.49999908e+07,-9.20801421e+00,-3.95269203e+00,-5.25532217e+00,1.00010238e-09
30,7.66913959e-01,2.43020369e-08,90,15,1,46,normal_corr_dominates,2.18895206e+00,1.00000000e+00,2.49999874e+07,-1.26049454e+01,-3.95269203e+00,-8.65225336e+00,1.00015132e-09
30,7.66913959e-01,2.43020369e-08,90,15,2,47,normal_corr_dominates,1.81886634e+00,1.00000000e+00,2.49999889e+07,-1.11421105e+01,-3.95269203e+00,-7.18941850e+00,1.00011377e-09
30,7.66913959e-01,2.43020369e-08,90,17,0,51,normal_corr_dominates,3.35456875e+01,1.00000000e+00,2.49999777e+07,-2.22704872e+01,-6.44667651e-01,-2.16258196e+01,1.00018718e-09
30,7.66913959e-01,2.43020369e-08,90,17,1,52,normal_corr_dominates,1.67317576e+01,1.00000000e+00,2.49999886e+07,-1.14310905e+01,-6.44667651e-01,-1.07864229e+01,9.99986756e-10
30,7.66913959e-01,2.43020369e-08,90,17,1,52,corr_ratio_high,4.82674951e+00,5.00000000e-01,2.49999886e+07,-1.14310905e+01,-6.44667651e-01,-1.07864229e+01,9.99986756e-10
30,7.66913959e-01,2.43020369e-08,90,17,2,53,normal_corr_dominates,1.78241677e+01,1.00000000e+00,2.50000108e+07,1.08459967e+01,-6.44667651e-01,1.14906643e+01,1.00022976e-09
30,7.66913959e-01,2.43020369e-08,90,18,0,54,normal_corr_dominates,4.43347181e+00,1.00000000e+00,2.50000122e+07,1.22337169e+01,-3.56307480e+00,1.57967917e+01,1.00013638e-09
30,7.66913959e-01,2.43020369e-08,90,18,1,55,normal_corr_dominates,1.94163953e+00,1.00000000e+00,2.49999895e+07,-1.04812817e+01,-3.56307480e+00,-6.91820688e+00,1.00009433e-09
30,7.66913959e-01,2.43020369e-08,90,18,2,56,normal_corr_dominates,1.43362699e+00,1.00000000e+00,2.49999913e+07,-8.67119501e+00,-3.56307480e+00,-5.10812021e+00,1.00011773e-09
30,7.66913959e-01,2.43020369e-08,90,19,0,57,corr_ratio_high,2.20345085e+00,5.00000000e-01,2.49999922e+07,-7.83160818e+00,-9.06771902e+00,1.23611084e+00,1.00004377e-09
30,7.66913959e-01,2.43020369e-08,90,19,1,58,corr_ratio_high,5.86912510e-01,5.00000000e-01,2.49999973e+07,-2.74019437e+00,-9.06771902e+00,6.32752465e+00,1.00026784e-09
30,7.66913959e-01,2.43020369e-08,90,20,2,62,normal_corr_dominates,1.30760110e+00,1.00000000e+00,2.50000020e+07,2.00659867e+00,-6.52337940e+00,8.52997807e+00,1.00012115e-09
30,7.66913959e-01,2.43020369e-08,90,21,0,63,normal_corr_dominates,1.27966245e+00,1.00000000e+00,2.49999880e+07,-1.19542038e+01,-5.24384817e+00,-6.71035559e+00,1.00011337e-09
30,7.66913959e-01,2.43020369e-08,90,21,1,64,normal_corr_dominates,3.89707267e+00,1.00000000e+00,2.50000152e+07,1.51918092e+01,-5.24384817e+00,2.04356574e+01,1.00013605e-09
30,7.66913959e-01,2.43020369e-08,90,21,2,65,normal_corr_dominates,1.82773624e+00,1.00000000e+00,2.49999852e+07,-1.48282195e+01,-5.24384817e+00,-9.58437133e+00,1.00016227e-09
30,7.66913959e-01,2.43020369e-08,90,22,0,66,normal_corr_dominates,1.68392547e+01,1.00000000e+00,2.49999877e+07,-1.23261528e+01,7.78202827e-01,-1.31043556e+01,1.00010316e-09
30,7.66913959e-01,2.43020369e-08,90,22,1,67,normal_corr_dominates,1.68216936e+01,1.00000000e+00,2.49999877e+07,-1.23124867e+01,7.78202827e-01,-1.30906895e+01,1.00014975e-09
30,7.66913959e-01,2.43020369e-08,90,22,2,68,normal_corr_dominates,8.61310215e+00,1.00000000e+00,2.50000075e+07,7.48094328e+00,7.78202827e-01,6.70274045e+00,1.00018235e-09
30,7.66913959e-01,2.43020369e-08,90,24,0,72,corr_ratio_high,1.20345622e+00,5.00000000e-01,2.49999968e+07,-3.19264747e+00,-7.71109713e+00,4.51844966e+00,1.00006192e-09
30,7.66913959e-01,2.43020369e-08,90,24,1,73,normal_corr_dominates,1.19956819e+00,1.00000000e+00,2.49999830e+07,-1.69610839e+01,-7.71109713e+00,-9.24998679e+00,1.00014763e-09
30,7.66913959e-01,2.43020369e-08,90,25,1,76,normal_corr_dominates,4.94873491e+00,1.00000000e+00,2.50000121e+07,1.20939119e+01,-3.06273078e+00,1.51566427e+01,1.00018649e-09
30,7.66913959e-01,2.43020369e-08,90,25,2,77,normal_corr_dominates,5.68383383e+00,1.00000000e+00,2.50000143e+07,1.43453220e+01,-3.06273078e+00,1.74080528e+01,1.00004589e-09
30,7.66913959e-01,2.43020369e-08,90,25,2,77,corr_ratio_high,2.05965556e+00,5.00000000e-01,2.50000143e+07,1.43453220e+01,-3.06273078e+00,1.74080528e+01,1.00004589e-09
30,7.66913959e-01,2.43020369e-08,90,16,0,48,normal_corr_dominates,7.86595150e+00,1.00000000e+00,2.49999693e+07,-3.07238232e+01,-3.46537235e+00,-2.72584509e+01,1.00007965e-09
30,7.66913959e-01,2.43020369e-08,90,16,0,48,corr_ratio_high,1.47310114e+00,5.00000000e-01,2.49999693e+07,-3.07238232e+01,-3.46537235e+00,-2.72584509e+01,1.00007965e-09
30,7.66913959e-01,2.43020369e-08,90,16,1,49,normal_corr_dominates,2.57743116e+00,1.00000000e+00,2.50000055e+07,5.46638633e+00,-3.46537235e+00,8.93175869e+00,1.00015869e-09
30,7.66913959e-01,2.43020369e-08,90,16,2,50,normal_corr_dominates,1.45581823e+00,1.00000000e+00,2.50000016e+07,1.57957989e+00,-3.46537235e+00,5.04495225e+00,1.00018138e-09
31,7.92603670e-01,2.51160947e-08,90,0,0,0,normal_corr_dominates,3.12951439e+00,1.00000000e+00,2.50000047e+07,4.68548315e+00,-2.20025898e+00,6.88574213e+00,1.00020507e-09
31,7.92603670e-01,2.51160947e-08,90,0,1,1,normal_corr_dominates,6.06939074e+00,1.00000000e+00,2.50000112e+07,1.11539725e+01,-2.20025898e+00,1.33542315e+01,1.00014371e-09
31,7.92603670e-01,2.51160947e-08,90,0,2,2,corr_ratio_high,2.45367873e+00,5.00000000e-01,2.49999973e+07,-2.74530473e+00,-2.20025898e+00,-5.45045754e-01,1.00004586e-09
31,7.92603670e-01,2.51160947e-08,90,1,0,3,normal_corr_dominates,2.44802543e+00,1.00000000e+00,2.50000093e+07,9.32189723e+00,-6.43766129e+00,1.57595585e+01,1.00017071e-09
31,7.92603670e-01,2.51160947e-08,90,3,1,10,normal_corr_dominates,2.96609648e+00,1.00000000e+00,2.50000114e+07,1.14284872e+01,-5.81278047e+00,1.72412677e+01,1.00017133e-09
31,7.92603670e-01,2.51160947e-08,90,3,2,11,normal_corr_dominates,2.73709891e+00,1.00000000e+00,2.50000101e+07,1.00973746e+01,-5.81278047e+00,1.59101551e+01,1.00010779e-09
31,7.92603670e-01,2.51160947e-08,90,3,2,11,corr_ratio_high,6.46440724e-01,5.00000000e-01,2.50000101e+07,1.00973746e+01,-5.81278047e+00,1.59101551e+01,1.00010779e-09
31,7.92603670e-01,2.51160947e-08,90,4,0,12,normal_corr_dominates,1.15858395e+01,1.00000000e+00,2.50000086e+07,8.58966091e+00,-8.11429355e-01,9.40109026e+00,1.00017199e-09
31,7.92603670e-01,2.51160947e-08,90,4,1,13,normal_corr_dominates,2.76101877e+01,1.00000000e+00,2.50000216e+07,2.15922874e+01,-8.11429355e-01,2.24037168e+01,1.00009597e-09
31,7.92603670e-01,2.51160947e-08,90,4,1,13,corr_ratio_high,5.35547358e-01,5.00000000e-01,2.50000216e+07,2.15922874e+01,-8.11429355e-01,2.24037168e+01,1.00009597e-09
31,7.92603670e-01,2.51160947e-08,90,5,0,15,normal_corr_dominates,1.66882505e+02,1.00000000e+00,2.50000310e+07,3.10034876e+01,1.84673725e-01,3.08188139e+01,1.00008583e-09
31,7.92603670e-01,2.51160947e-08,90,5,1,16,normal_corr_dominates,2.39373019e+02,1.00000000e+00,2.49999560e+07,-4.40212335e+01,1.84673725e-01,-4.42059072e+01,1.00025194e-09
31,7.92603670e-01,2.51160947e-08,90,5,2,17,normal_corr_dominates,2.74021342e+01,1.00000000e+00,2.50000052e+07,5.24512793e+00,1.84673725e-01,5.06045421e+00,1.00002561e-09
31,7.92603670e-01,2.51160947e-08,90,5,2,17,corr_ratio_high,3.98667271e+00,5.00000000e-01,2.50000052e+07,5.24512793e+00,1.84673725e-01,5.06045421e+00,1.00002561e-09
31,7.92603670e-01,2.51160947e-08,90,6,0,18,normal_corr_dominates,1.58355674e+00,1.00000000e+00,2.49999763e+07,-2.36781141e+01,-9.16492900e+00,-1.45131851e+01,1.00007808e-09
31,7.92603670e-01,2.51160947e-08,90,6,0,18,corr_ratio_high,1.33255872e+00,5.00000000e-01,2.49999763e+07,-2.36781141e+01,-9.16492900e+00,-1.45131851e+01,1.00007808e-09
31,7.92603670e-01,2.51160947e-08,90,6,1,19,normal_corr_dominates,2.39042084e+00,1.00000000e+00,2.50000127e+07,1.27431083e+01,-9.16492900e+00,2.19080373e+01,1.00027025e-09
31,7.92603670e-01,2.51160947e-08,90,6,1,19,corr_ratio_high,5.55763969e-01,5.00000000e-01,2.50000127e+07,1.27431083e+01,-9.16492900e+00,2.19080373e+01,1.00027025e-09
31,7.92603670e-01,2.51160947e-08,90,6,2,20,normal_corr_dominates,1.28556671e+00,1.00000000e+00,2.49999791e+07,-2.09470567e+01,-9.16492900e+00,-1.17821277e+01,1.00009024e-09
31,7.92603670e-01,2.51160947e-08,90,6,2,20,corr_ratio_high,8.59791649e-01,5.00000000e-01,2.49999791e+07,-2.09470567e+01,-9.16492900e+00,-1.17821277e+01,1.00009024e-09
31,7.92603670e-01,2.51160947e-08,90,7,0,21,normal_corr_dominates,1.23222281e+01,1.00000000e+00,2.50000221e+07,2.21162184e+01,-1.95334506e+00,2.40695635e+01,1.00012052e-09
31,7.92603670e-01,2.51160947e-08,90,7,1,22,normal_corr_dominates,8.01091597e+00,1.00000000e+00,2.50000137e+07,1.36947381e+01,-1.95334506e+00,1.56480832e+01,1.00013381e-09
31,7.92603670e-01,2.51160947e-08,90,7,2,23,normal_corr_dominates,2.91643618e+00,1.00000000e+00,2.49999923e+07,-7.65015128e+00,-1.95334506e+00,-5.69680621e+00,1.00007512e-09
31,7.92603670e-01,2.51160947e-08,90,7,2,23,corr_ratio_high,5.94100424e-01,5.00000000e-01,2.49999923e+07,-7.65015128e+00,-1.95334506e+00,-5.69680621e+00,1.00007512e-09
31,7.92603670e-01,2.51160947e-08,90,8,0,24,normal_corr_dominates,1.97266542e+00,1.00000000e+00,2.50000095e+07,9.48364003e+00,-9.75015645e+00,1.92337965e+01,1.00013087e-09
31,7.92603670e-01,2.51160947e-08,90,8,1,25,normal_corr_dominates,1.08325423e+00,1.00000000e+00,2.50000008e+07,8.11741737e-01,-9.75015645e+00,1.05618982e+01,1.00027159e-09
31,7.92603670e-01,2.51160947e-08,90,8,1,25,corr_ratio_high,5.75147362e-01,5.00000000e-01,2.50000008e+07,8.11741737e-01,-9.75015645e+00,1.05618982e+01,1.00027159e-09
31,7.92603670e-01,2.51160947e-08,90,8,2,26,corr_ratio_high,6.95265531e-01,5.00000000e-01,2.49999837e+07,-1.62742211e+01,-9.75015645e+00,-6.52406468e+00,1.00009308e-09
31,7.92603670e-01,2.51160947e-08,90,9,2,29,normal_corr_dominates,1.78490567e+00,1.00000000e+00,2.50000060e+07,5.95774127e+00,-7.59039142e+00,1.35481327e+01,1.00011648e-09
31,7.92603670e-01,2.51160947e-08,90,10,2,32,normal_corr_dominates,1.89357246e+00,1.00000000e+00,2.50000084e+07,8.43419204e+00,-9.43873321e+00,1.78729252e+01,1.00011457e-09
31,7.92603670e-01,2.51160947e-08,90,11,0,33,normal_corr_dominates,1.13657676e+01,1.00000000e+00,2.50000226e+07,2.26117881e+01,-2.18139060e+00,2.47931787e+01,1.00015256e-09
31,7.92603670e-01,2.51160947e-08,90,11,1,34,corr_ratio_high,1.76857121e+00,5.00000000e-01,2.49999981e+07,-1.93103386e+00,-2.18139060e+00,2.50356744e-01,1.00004974e-09
31,7.92603670e-01,2.51160947e-08,90,11,2,35,normal_corr_dominates,4.82219100e+00,1.00000000e+00,2.49999873e+07,-1.27004727e+01,-2.18139060e+00,-1.05190821e+01,1.00013696e-09
31,7.92603670e-01,2.51160947e-08,90,12,1,37,normal_corr_dominates,1.59729325e+00,1.00000000e+00,2.50000040e+07,3.98989639e+00,-6.67996231e+00,1.06698587e+01,1.00014167e-09
31,7.92603670e-01,2.51160947e-08,90,14,0,42,normal_corr_dominates,3.89231033e+00,1.00000000e+00,2.49999946e+07,-5.40000524e+00,1.86702139e+00,-7.26702662e+00,1.00010832e-09
31,7.92603670e-01,2.51160947e-08,90,14,1,43,normal_corr_dominates,1.60888043e+01,1.00000000e+00,2.49999718e+07,-2.81711204e+01,1.86702139e+00,-3.00381418e+01,1.00010790e-09
31,7.92603670e-01,2.51160947e-08,90,14,2,44,normal_corr_dominates,9.41375249e+00,1.00000000e+00,2.50000194e+07,1.94426986e+01,1.86702139e+00,1.75756772e+01,1.00014280e-09
31,7.92603670e-01,2.51160947e-08,90,15,0,45,normal_corr_dominates,1.32917192e+00,1.00000000e+00,2.49999905e+07,-9.49765168e+00,-4.07769457e+00,-5.41995712e+00,1.00010558e-09
31,7.92603670e-01,2.51160947e-08,90,15,1,46,normal_corr_dominates,2.18782627e+00,1.00000000e+00,2.49999870e+07,-1.29989818e+01,-4.07769457e+00,-8.92128728e+00,1.00015605e-09
31,7.92603670e-01,2.51160947e-08,90,15,2,47,normal_corr_dominates,1.81811690e+00,1.00000000e+00,2.49999885e+07,-1.14914200e+01,-4.07769457e+00,-7.41372541e+00,1.00011734e-09
31,7.92603670e-01,2.51160947e-08,90,17,0,51,normal_corr_dominates,3.34013558e+01,1.00000000e+00,2.49999770e+07,-2.29691899e+01,-6.67682693e-01,-2.23015072e+01,1.00019304e-09
31,7.92603670e-01,2.51160947e-08,90,17,1,52,normal_corr_dominates,1.66576406e+01,1.00000000e+00,2.49999882e+07,-1.17897010e+01,-6.67682693e-01,-1.11220183e+01,9.99986350e-10
31,7.92603670e-01,2.51160947e-08,90,17,1,52,corr_ratio_high,4.82718229e+00,5.00000000e-01,2.49999882e+07,-1.17897010e+01,-6.67682693e-01,-1.11220183e+01,9.99986350e-10
31,7.92603670e-01,2.51160947e-08,90,17,2,53,normal_corr_dominates,1.77464772e+01,1.00000000e+00,2.50000112e+07,1.11813330e+01,-6.67682693e-01,1.18490157e+01,1.00023694e-09
31,7.92603670e-01,2.51160947e-08,90,18,0,54,normal_corr_dominates,4.43015962e+00,1.00000000e+00,2.50000126e+07,1.26123860e+01,-3.67690936e+00,1.62892954e+01,1.00014065e-09
31,7.92603670e-01,2.51160947e-08,90,18,1,55,normal_corr_dominates,1.94014903e+00,1.00000000e+00,2.49999892e+07,-1.08106615e+01,-3.67690936e+00,-7.13375215e+00,1.00009729e-09
31,7.92603670e-01,2.51160947e-08,90,18,2,56,normal_corr_dominates,1.43235637e+00,1.00000000e+00,2.49999911e+07,-8.94355391e+00,-3.67690936e+00,-5.26664455e+00,1.00012141e-09
31,7.92603670e-01,2.51160947e-08,90,19,0,57,corr_ratio_high,2.20294840e+00,5.00000000e-01,2.49999919e+07,-8.07764462e+00,-9.35356891e+00,1.27592429e+00,1.00004515e-09
31,7.92603670e-01,2.51160947e-08,90,19,1,58,corr_ratio_high,5.86900894e-01,5.00000000e-01,2.49999972e+07,-2.82938990e+00,-9.35356891e+00,6.52417901e+00,1.00027621e-09
31,7.92603670e-01,2.51160947e-08,90,20,2,62,normal_corr_dominates,1.30693164e+00,1.00000000e+00,2.50000021e+07,2.06549887e+00,-6.72950779e+00,8.79500666e+00,1.00012495e-09
31,7.92603670e-01,2.51160947e-08,90,21,0,63,normal_corr_dominates,1.27939801e+00,1.00000000e+00,2.49999877e+07,-1.23294117e+01,-5.40906485e+00,-6.92034681e+00,1.00011692e-09
31,7.92603670e-01,2.51160947e-08,90,21,1,64,normal_corr_dominates,3.89616130e+00,1.00000000e+00,2.50000157e+07,1.56655243e+01,-5.40906485e+00,2.10745891e+01,1.00014030e-09
31,7.92603670e-01,2.51160947e-08,90,21,2,65,normal_corr_dominates,1.82719108e+00,1.00000000e+00,2.49999847e+07,-1.52924599e+01,-5.40906485e+00,-9.88339505e+00,1.00016735e-09
31,7.92603670e-01,2.51160947e-08,90,22,0,66,normal_corr_dominates,1.68957016e+01,1.00000000e+00,2.49999873e+07,-1.27137201e+01,7.99821259e-01,-1.35135414e+01,1.00010639e-09
31,7.92603670e-01,2.51160947e-08,90,22,1,67,normal_corr_dominates,1.68781328e+01,1.00000000e+00,2.49999873e+07,-1.26996682e+01,7.99821259e-01,-1.34994895e+01,1.00015444e-09
31,7.92603670e-01,2.51160947e-08,90,22,2,68,normal_corr_dominates,8.64187043e+00,1.00000000e+00,2.50000077e+07,7.71177295e+00,7.99821259e-01,6.91195169e+00,1.00018805e-09
31,7.92603670e-01,2.51160947e-08,90,24,0,72,corr_ratio_high,1.20328820e+00,5.00000000e-01,2.49999967e+07,-3.29226347e+00,-7.95439880e+00,4.66213533e+00,1.00006386e-09
31,7.92603670e-01,2.51160947e-08,90,24,1,73,normal_corr_dominates,1.19923978e+00,1.00000000e+00,2.49999825e+07,-1.74936303e+01,-7.95439880e+00,-9.53923149e+00,1.00015225e-09
31,7.92603670e-01,2.51160947e-08,90,25,1,76,normal_corr_dominates,4.94630067e+00,1.00000000e+00,2.50000125e+07,1.24705099e+01,-3.16005061e+00,1.56305605e+01,1.00019233e-09
31,7.92603670e-01,2.51160947e-08,90,25,2,77,normal_corr_dominates,5.68015716e+00,1.00000000e+00,2.50000148e+07,1.47895335e+01,-3.16005061e+00,1.79495841e+01,1.00004733e-09
31,7.92603670e-01,2.51160947e-08,90,25,2,77,corr_ratio_high,2.05965677e+00,5.00000000e-01,2.50000148e+07,1.47895335e+01,-3.16005061e+00,1.79495841e+01,1.00004733e-09
31,7.92603670e-01,2.51160947e-08,90,16,0,48,normal_corr_dominates,7.86005769e+00,1.00000000e+00,2.49999683e+07,-3.16856365e+01,-3.57623366e+00,-2.81094029e+01,1.00008214e-09
31,7.92603670e-01,2.51160947e-08,90,16,0,48,corr_ratio_high,1.47291558e+00,5.00000000e-01,2.49999683e+07,-3.16856365e+01,-3.57623366e+00,-2.81094029e+01,1.00008214e-09
31,7.92603670e-01,2.51160947e-08,90,16,1,49,normal_corr_dominates,2.57547296e+00,1.00000000e+00,2.50000056e+07,5.63425944e+00,-3.57623366e+00,9.21049309e+00,1.00016366e-09
31,7.92603670e-01,2.51160947e-08,90,16,2,50,normal_corr_dominates,1.45476865e+00,1.00000000e+00,2.50000016e+07,1.62635894e+00,-3.57623366e+00,5.20259259e+00,1.00018705e-09
32,8.15958654e-01,2.58561695e-08,90,0,0,0,normal_corr_dominates,3.12831540e+00,1.00000000e+00,2.50000048e+07,4.81423288e+00,-2.26199222e+00,7.07622510e+00,1.00021070e-09
32,8.15958654e-01,2.58561695e-08,90,0,1,1,normal_corr_dominates,6.06469910e+00,1.00000000e+00,2.50000115e+07,1.14563100e+01,-2.26199222e+00,1.37183022e+01,1.00014767e-09
32,8.15958654e-01,2.58561695e-08,90,0,2,2,corr_ratio_high,2.45299435e+00,5.00000000e-01,2.49999972e+07,-2.82344576e+00,-2.26199222e+00,-5.61453535e-01,1.00004714e-09
32,8.15958654e-01,2.58561695e-08,90,1,0,3,normal_corr_dominates,2.44719850e+00,1.00000000e+00,2.50000096e+07,9.57564407e+00,-6.61667635e+00,1.61923204e+01,1.00017540e-09
32,8.15958654e-01,2.58561695e-08,90,3,1,10,normal_corr_dominates,2.96562045e+00,1.00000000e+00,2.50000117e+07,1.17420696e+01,-5.97372175e+00,1.77157914e+01,1.00017605e-09
32,8.15958654e-01,2.58561695e-08,90,3,2,11,normal_corr_dominates,2.73605326e+00,1.00000000e+00,2.50000104e+07,1.03706991e+01,-5.97372175e+00,1.63444209e+01,1.00011076e-09
32,8.15958654e-01,2.58561695e-08,90,3,2,11,corr_ratio_high,6.46426329e-01,5.00000000e-01,2.50000104e+07,1.03706991e+01,-5.97372175e+00,1.63444209e+01,1.00011076e-09
32,8.15958654e-01,2.58561695e-08,90,4,0,12,normal_corr_dominates,1.15535199e+01,1.00000000e+00,2.50000088e+07,8.82288948e+00,-8.36013914e-01,9.65890339e+00,1.00017672e-09
32,8.15958654e-01,2.58561695e-08,90,4,1,13,normal_corr_dominates,2.75334955e+01,1.00000000e+00,2.50000222e+07,2.21823714e+01,-8.36013914e-01,2.30183854e+01,1.00009861e-09
32,8.15958654e-01,2.58561695e-08,90,4,1,13,corr_ratio_high,5.35602292e-01,5.00000000e-01,2.50000222e+07,2.21823714e+01,-8.36013914e-01,2.30183854e+01,1.00009861e-09
32,8.15958654e-01,2.58561695e-08,90,5,0,15,normal_corr_dominates,1.69116875e+02,1.00000000e+00,2.50000319e+07,3.18515608e+01,1.87233399e-01,3.16643274e+01,1.00008820e-09
32,8.15958654e-01,2.58561695e-08,90,5,1,16,normal_corr_dominates,2.42582956e+02,1.00000000e+00,2.49999548e+07,-4.52323982e+01,1.87233399e-01,-4.54196316e+01,1.00025886e-09
32,8.15958654e-01,2.58561695e-08,90,5,2,17,normal_corr_dominates,2.77732108e+01,1.00000000e+00,2.50000054e+07,5.38730607e+00,1.87233399e-01,5.20007267e+00,1.00002632e-09
32,8.15958654e-01,2.58561695e-08,90,5,2,17,corr_ratio_high,3.98582342e+00,5.00000000e-01,2.50000054e+07,5.38730607e+00,1.87233399e-01,5.20007267e+00,1.00002632e-09
32,8.15958654e-01,2.58561695e-08,90,6,0,18,normal_corr_dominates,1.58348561e+00,1.00000000e+00,2.49999757e+07,-2.43293307e+01,-9.41725032e+00,-1.49120804e+01,1.00008024e-09
32,8.15958654e-01,2.58561695e-08,90,6,0,18,corr_ratio_high,1.33243724e+00,5.00000000e-01,2.49999757e+07,-2.43293307e+01,-9.41725032e+00,-1.49120804e+01,1.00008024e-09
32,8.15958654e-01,2.58561695e-08,90,6,1,19,normal_corr_dominates,2.39030043e+00,1.00000000e+00,2.50000131e+07,1.30928071e+01,-9.41725032e+00,2.25100575e+01,1.00027767e-09
32,8.15958654e-01,2.58561695e-08,90,6,1,19,corr_ratio_high,5.55758200e-01,5.00000000e-01,2.50000131e+07,1.30928071e+01,-9.41725032e+00,2.25100575e+01,1.00027767e-09
32,8.15958654e-01,2.58561695e-08,90,6,2,20,normal_corr_dominates,1.28563886e+00,1.00000000e+00,2.49999785e+07,-2.15244333e+01,-9.41725032e+00,-1.21071830e+01,1.00009273e-09
32,8.15958654e-01,2.58561695e-08,90,6,2,20,corr_ratio_high,8.59610816e-01,5.00000000e-01,2.49999785e+07,-2.15244333e+01,-9.41725032e+00,-1.21071830e+01,1.00009273e-09
32,8.15958654e-01,2.58561695e-08,90,7,0,21,normal_corr_dominates,1.23076528e+01,1.00000000e+00,2.50000227e+07,2.27195933e+01,-2.00922275e+00,2.47288161e+01,1.00012384e-09
32,8.15958654e-01,2.58561695e-08,90,7,1,22,normal_corr_dominates,8.00174269e+00,1.00000000e+00,2.50000141e+07,1.40680607e+01,-2.00922275e+00,1.60772835e+01,1.00013749e-09
32,8.15958654e-01,2.58561695e-08,90,7,2,23,normal_corr_dominates,2.91273128e+00,1.00000000e+00,2.49999921e+07,-7.86154872e+00,-2.00922275e+00,-5.85232597e+00,1.00007719e-09
32,8.15958654e-01,2.58561695e-08,90,7,2,23,corr_ratio_high,5.94074440e-01,5.00000000e-01,2.49999921e+07,-7.86154872e+00,-2.00922275e+00,-5.85232597e+00,1.00007719e-09
32,8.15958654e-01,2.58561695e-08,90,8,0,24,normal_corr_dominates,1.97218539e+00,1.00000000e+00,2.50000097e+07,9.74160793e+00,-1.00203192e+01,1.97619271e+01,1.00013447e-09
32,8.15958654e-01,2.58561695e-08,90,8,1,25,normal_corr_dominates,1.08290149e+00,1.00000000e+00,2.50000008e+07,8.30699405e-01,-1.00203192e+01,1.08510186e+01,1.00027905e-09
32,8.15958654e-01,2.58561695e-08,90,8,1,25,corr_ratio_high,5.75138272e-01,5.00000000e-01,2.50000008e+07,8.30699405e-01,-1.00203192e+01,1.08510186e+01,1.00027905e-09
32,8.15958654e-01,2.58561695e-08,90,8,2,26,corr_ratio_high,6.95196838e-01,5.00000000e-01,2.49999833e+07,-1.67231602e+01,-1.00203192e+01,-6.70284097e+00,1.00009564e-09
32,8.15958654e-01,2.58561695e-08,90,9,2,29,normal_corr_dominates,1.78412935e+00,1.00000000e+00,2.50000061e+07,6.11713014e+00,-7.80117484e+00,1.39183050e+01,1.00011969e-09
32,8.15958654e-01,2.58561695e-08,90,10,2,32,normal_corr_dominates,1.89282873e+00,1.00000000e+00,2.50000087e+07,8.66042107e+00,-9.69998031e+00,1.83604014e+01,1.00011773e-09
32,8.15958654e-01,2.58561695e-08,90,11,0,33,normal_corr_dominates,1.13536123e+01,1.00000000e+00,2.50000232e+07,2.32291623e+01,-2.24358046e+00,2.54727427e+01,1.00015676e-09
32,8.15958654e-01,2.58561695e-08,90,11,1,34,corr_ratio_high,1.76840653e+00,5.00000000e-01,2.49999980e+07,-1.98408119e+00,-2.24358046e+00,2.59499267e-01,1.00005111e-09
32,8.15958654e-01,2.58561695e-08,90,11,2,35,normal_corr_dominates,4.81697303e+00,1.00000000e+00,2.49999869e+07,-1.30508470e+01,-2.24358046e+00,-1.08072666e+01,1.00014072e-09
32,8.15958654e-01,2.58561695e-08,90,12,1,37,normal_corr_dominates,1.59651826e+00,1.00000000e+00,2.50000041e+07,4.09549597e+00,-6.86566743e+00,1.09611634e+01,1.00014557e-09
32,8.15958654e-01,2.58561695e-08,90,14,0,42,normal_corr_dominates,3.89585310e+00,1.00000000e+00,2.49999944e+07,-5.55049419e+00,1.91670433e+00,-7.46719852e+00,1.00011130e-09
32,8.15958654e-01,2.58561695e-08,90,14,1,43,normal_corr_dominates,1.61015444e+01,1.00000000e+00,2.49999711e+07,-2.89451956e+01,1.91670433e+00,-3.08618999e+01,1.00011086e-09
32,8.15958654e-01,2.58561695e-08,90,14,2,44,normal_corr_dominates,9.42191605e+00,1.00000000e+00,2.50000200e+07,1.99757316e+01,1.91670433e+00,1.80590273e+01,1.00014673e-09
32,8.15958654e-01,2.58561695e-08,90,15,0,45,normal_corr_dominates,1.32883445e+00,1.00000000e+00,2.49999902e+07,-9.76032954e+00,-4.19107917e+00,-5.56925037e+00,1.00010848e-09
32,8.15958654e-01,2.58561695e-08,90,15,1,46,normal_corr_dominates,2.18681817e+00,1.00000000e+00,2.49999866e+07,-1.33562072e+01,-4.19107917e+00,-9.16512808e+00,1.00016034e-09
32,8.15958654e-01,2.58561695e-08,90,15,2,47,normal_corr_dominates,1.81745311e+00,1.00000000e+00,2.49999882e+07,-1.18081690e+01,-4.19107917e+00,-7.61708988e+00,1.00012058e-09
32,8.15958654e-01,2.58561695e-08,90,17,0,51,normal_corr_dominates,3.32745206e+01,1.00000000e+00,2.49999764e+07,-2.36027290e+01,-6.88637757e-01,-2.29140912e+01,1.00019835e-09
32,8.15958654e-01,2.58561695e-08,90,17,1,52,normal_corr_dominates,1.65925067e+01,1.00000000e+00,2.49999879e+07,-1.21148643e+01,-6.88637757e-01,-1.14262266e+01,9.99985983e-10
32,8.15958654e-01,2.58561695e-08,90,17,1,52,corr_ratio_high,4.82756802e+00,5.00000000e-01,2.49999879e+07,-1.21148643e+01,-6.88637757e-01,-1.14262266e+01,9.99985983e-10
32,8.15958654e-01,2.58561695e-08,90,17,2,53,normal_corr_dominates,1.76782205e+01,1.00000000e+00,2.50000115e+07,1.14852523e+01,-6.88637757e-01,1.21738901e+01,1.00024346e-09
32,8.15958654e-01,2.58561695e-08,90,18,0,54,normal_corr_dominates,4.42721989e+00,1.00000000e+00,2.50000130e+07,1.29555717e+01,-3.78019855e+00,1.67357702e+01,1.00014452e-09
32,8.15958654e-01,2.58561695e-08,90,18,1,55,normal_corr_dominates,1.93882281e+00,1.00000000e+00,2.49999889e+07,-1.11093337e+01,-3.78019855e+00,-7.32913516e+00,1.00009997e-09
32,8.15958654e-01,2.58561695e-08,90,18,2,56,normal_corr_dominates,1.43122695e+00,1.00000000e+00,2.49999908e+07,-9.19052058e+00,-3.78019855e+00,-5.41032203e+00,1.00012475e-09
32,8.15958654e-01,2.58561695e-08,90,19,0,57,corr_ratio_high,2.20249779e+00,5.00000000e-01,2.49999917e+07,-8.30074325e+00,-9.61281543e+00,1.31207217e+00,1.00004639e-09
32,8.15958654e-01,2.58561695e-08,90,19,1,58,corr_ratio_high,5.86890571e-01,5.00000000e-01,2.49999971e+07,-2.91036598e+00,-9.61281543e+00,6.70244944e+00,1.00028381e-09
32,8.15958654e-01,2.58561695e-08,90,20,2,62,normal_corr_dominates,1.30633674e+00,1.00000000e+00,2.50000021e+07,2.11876939e+00,-6.91647174e+00,9.03524113e+00,1.00012839e-09
32,8.15958654e-01,2.58561695e-08,90,21,0,63,normal_corr_dominates,1.27916421e+00,1.00000000e+00,2.49999873e+07,-1.26696581e+01,-5.55890536e+00,-7.11075279e+00,1.00012014e-09
32,8.15958654e-01,2.58561695e-08,90,21,1,64,normal_corr_dominates,3.89534899e+00,1.00000000e+00,2.50000161e+07,1.60949710e+01,-5.55890536e+00,2.16538764e+01,1.00014416e-09
32,8.15958654e-01,2.58561695e-08,90,21,2,65,normal_corr_dominates,1.82669987e+00,1.00000000e+00,2.49999843e+07,-1.57133571e+01,-5.55890536e+00,-1.01544517e+01,1.00017195e-09
32,8.15958654e-01,2.58561695e-08,90,22,0,66,normal_corr_dominates,1.69461245e+01,1.00000000e+00,2.49999869e+07,-1.30651864e+01,8.19333026e-01,-1.38845195e+01,1.00010931e-09
32,8.15958654e-01,2.58561695e-08,90,22,1,67,normal_corr_dominates,1.69285290e+01,1.00000000e+00,2.49999869e+07,-1.30507699e+01,8.19333026e-01,-1.38701029e+01,1.00015869e-09
32,8.15958654e-01,2.58561695e-08,90,22,2,68,normal_corr_dominates,8.66756595e+00,1.00000000e+00,2.50000079e+07,7.92095606e+00,8.19333026e-01,7.10162304e+00,1.00019322e-09
32,8.15958654e-01,2.58561695e-08,90,24,0,72,corr_ratio_high,1.20313671e+00,5.00000000e-01,2.49999966e+07,-3.38259987e+00,-8.17506520e+00,4.79246534e+00,1.00006562e-09
32,8.15958654e-01,2.58561695e-08,90,24,1,73,normal_corr_dominates,1.19894712e+00,1.00000000e+00,2.49999820e+07,-1.79765361e+01,-8.17506520e+00,-9.80147086e+00,1.00015644e-09
32,8.15958654e-01,2.58561695e-08,90,25,1,76,normal_corr_dominates,4.94414779e+00,1.00000000e+00,2.50000128e+07,1.28118914e+01,-3.24832945e+00,1.60602209e+01,1.00019762e-09
32,8.15958654e-01,2.58561695e-08,90,25,2,77,normal_corr_dominates,5.67690961e+00,1.00000000e+00,2.50000152e+07,1.51921432e+01,-3.24832945e+00,1.84404727e+01,1.00004863e-09
32,8.15958654e-01,2.58561695e-08,90,25,2,77,corr_ratio_high,2.05965490e+00,5.00000000e-01,2.50000152e+07,1.51921432e+01,-3.24832945e+00,1.84404727e+01,1.00004863e-09
32,8.15958654e-01,2.58561695e-08,90,16,0,48,normal_corr_dominates,7.85484334e+00,1.00000000e+00,2.49999674e+07,-3.25577123e+01,-3.67682533e+00,-2.88808869e+01,1.00008441e-09
32,8.15958654e-01,2.58561695e-08,90,16,0,48,corr_ratio_high,1.47274953e+00,5.00000000e-01,2.49999674e+07,-3.25577123e+01,-3.67682533e+00,-2.88808869e+01,1.00008441e-09
32,8.15958654e-01,2.58561695e-08,90,16,1,49,normal_corr_dominates,2.57374069e+00,1.00000000e+00,2.50000058e+07,5.78636964e+00,-3.67682533e+00,9.46319497e+00,1.00016816e-09
32,8.15958654e-01,2.58561695e-08,90,16,2,50,normal_corr_dominates,1.45384050e+00,1.00000000e+00,2.50000017e+07,1.66869224e+00,-3.67682533e+00,5.34551757e+00,1.00019220e-09
33,8.37925768e-01,2.65522653e-08,90,0,0,0,normal_corr_dominates,3.12723319e+00,1.00000000e+00,2.50000049e+07,4.93506656e+00,-2.31994620e+00,7.25501276e+00,1.00021598e-09
33,8.37925768e-01,2.65522653e-08,90,0,1,1,normal_corr_dominates,6.06040235e+00,1.00000000e+00,2.50000117e+07,1.17398612e+01,-2.31994620e+00,1.40598074e+01,1.00015138e-09
33,8.37925768e-01,2.65522653e-08,90,0,2,2,corr_ratio_high,2.45235733e+00,5.00000000e-01,2.49999971e+07,-2.89688184e+00,-2.31994620e+00,-5.76935640e-01,1.00004833e-09
33,8.37925768e-01,2.65522653e-08,90,1,0,3,normal_corr_dominates,2.44643788e+00,1.00000000e+00,2.50000098e+07,9.81365760e+00,-6.78470729e+00,1.65983649e+01,1.00017980e-09
33,8.37925768e-01,2.65522653e-08,90,3,1,10,normal_corr_dominates,2.96518092e+00,1.00000000e+00,2.50000120e+07,1.20362631e+01,-6.12476079e+00,1.81610239e+01,1.00018048e-09
33,8.37925768e-01,2.65522653e-08,90,3,2,11,normal_corr_dominates,2.73509238e+00,1.00000000e+00,2.50000106e+07,1.06270258e+01,-6.12476079e+00,1.67517866e+01,1.00011354e-09
33,8.37925768e-01,2.65522653e-08,90,3,2,11,corr_ratio_high,6.46411858e-01,5.00000000e-01,2.50000106e+07,1.06270258e+01,-6.12476079e+00,1.67517866e+01,1.00011354e-09
33,8.37925768e-01,2.65522653e-08,90,4,0,12,normal_corr_dominates,1.15239504e+01,1.00000000e+00,2.50000090e+07,9.04164210e+00,-8.59149060e-01,9.90079116e+00,1.00018116e-09
33,8.37925768e-01,2.65522653e-08,90,4,1,13,normal_corr_dominates,2.74633154e+01,1.00000000e+00,2.50000227e+07,2.27359326e+01,-8.59149060e-01,2.35950817e+01,1.00010108e-09
33,8.37925768e-01,2.65522653e-08,90,4,1,13,corr_ratio_high,5.35653648e-01,5.00000000e-01,2.50000227e+07,2.27359326e+01,-8.59149060e-01,2.35950817e+01,1.00010108e-09
33,8.37925768e-01,2.65522653e-08,90,5,0,15,normal_corr_dominates,1.71224367e+02,1.00000000e+00,2.50000326e+07,3.26471337e+01,1.89561642e-01,3.24575721e+01,1.00009042e-09
33,8.37925768e-01,2.65522653e-08,90,5,1,16,normal_corr_dominates,2.45610746e+02,1.00000000e+00,2.49999536e+07,-4.63688146e+01,1.89561642e-01,-4.65583762e+01,1.00026536e-09
33,8.37925768e-01,2.65522653e-08,90,5,2,17,normal_corr_dominates,2.81233216e+01,1.00000000e+00,2.50000055e+07,5.52066466e+00,1.89561642e-01,5.33110302e+00,1.00002699e-09
33,8.37925768e-01,2.65522653e-08,90,5,2,17,corr_ratio_high,3.98503484e+00,5.00000000e-01,2.50000055e+07,5.52066466e+00,1.89561642e-01,5.33110302e+00,1.00002699e-09
33,8.37925768e-01,2.65522653e-08,90,6,0,18,normal_corr_dominates,1.58342269e+00,1.00000000e+00,2.49999751e+07,-2.49403799e+01,-9.65400670e+00,-1.52863732e+01,1.00008225e-09
33,8.37925768e-01,2.65522653e-08,90,6,0,18,corr_ratio_high,1.33232362e+00,5.00000000e-01,2.49999751e+07,-2.49403799e+01,-9.65400670e+00,-1.52863732e+01,1.00008225e-09
33,8.37925768e-01,2.65522653e-08,90,6,1,19,normal_corr_dominates,2.39019349e+00,1.00000000e+00,2.50000134e+07,1.34209373e+01,-9.65400670e+00,2.30749440e+01,1.00028463e-09
33,8.37925768e-01,2.65522653e-08,90,6,1,19,corr_ratio_high,5.55752748e-01,5.00000000e-01,2.50000134e+07,1.34209373e+01,-9.65400670e+00,2.30749440e+01,1.00028463e-09
33,8.37925768e-01,2.65522653e-08,90,6,2,20,normal_corr_dominates,1.28570797e+00,1.00000000e+00,2.49999779e+07,-2.20662401e+01,-9.65400670e+00,-1.24122334e+01,1.00009507e-09
33,8.37925768e-01,2.65522653e-08,90,6,2,20,corr_ratio_high,8.59442879e-01,5.00000000e-01,2.49999779e+07,-2.20662401e+01,-9.65400670e+00,-1.24122334e+01,1.00009507e-09
33,8.37925768e-01,2.65522653e-08,90,7,0,21,normal_corr_dominates,1.22942486e+01,1.00000000e+00,2.50000233e+07,2.32855614e+01,-2.06171852e+00,2.53472799e+01,1.00012695e-09
33,8.37925768e-01,2.65522653e-08,90,7,1,22,normal_corr_dominates,7.99330738e+00,1.00000000e+00,2.50000144e+07,1.44182313e+01,-2.06171852e+00,1.64799498e+01,1.00014095e-09
33,8.37925768e-01,2.65522653e-08,90,7,2,23,normal_corr_dominates,2.90931851e+00,1.00000000e+00,2.49999919e+07,-8.05991437e+00,-2.06171852e+00,-5.99819585e+00,1.00007913e-09
33,8.37925768e-01,2.65522653e-08,90,7,2,23,corr_ratio_high,5.94050427e-01,5.00000000e-01,2.49999919e+07,-8.05991437e+00,-2.06171852e+00,-5.99819585e+00,1.00007913e-09
33,8.37925768e-01,2.65522653e-08,90,8,0,24,normal_corr_dominates,1.97174416e+00,1.00000000e+00,2.50000100e+07,9.98357763e+00,-1.02738746e+01,2.02574522e+01,1.00013784e-09
33,8.37925768e-01,2.65522653e-08,90,8,1,25,normal_corr_dominates,1.08257762e+00,1.00000000e+00,2.50000008e+07,8.48392088e-01,-1.02738746e+01,1.11222667e+01,1.00028606e-09
33,8.37925768e-01,2.65522653e-08,90,8,1,25,corr_ratio_high,5.75129932e-01,5.00000000e-01,2.50000008e+07,8.48392088e-01,-1.02738746e+01,1.11222667e+01,1.00028606e-09
33,8.37925768e-01,2.65522653e-08,90,8,2,26,corr_ratio_high,6.95133220e-01,5.00000000e-01,2.49999829e+07,-1.71444443e+01,-1.02738746e+01,-6.87056966e+00,1.00009805e-09
33,8.37925768e-01,2.65522653e-08,90,9,2,29,normal_corr_dominates,1.78341334e+00,1.00000000e+00,2.50000063e+07,6.26653701e+00,-7.99901751e+00,1.42655545e+01,1.00012270e-09
33,8.37925768e-01,2.65522653e-08,90,10,2,32,normal_corr_dominates,1.89214186e+00,1.00000000e+00,2.50000089e+07,8.87249230e+00,-9.94515860e+00,1.88176509e+01,1.00012069e-09
33,8.37925768e-01,2.65522653e-08,90,11,0,33,normal_corr_dominates,1.13424565e+01,1.00000000e+00,2.50000238e+07,2.38083015e+01,-2.30199676e+00,2.61102982e+01,1.00016070e-09
33,8.37925768e-01,2.65522653e-08,90,11,1,34,corr_ratio_high,1.76825241e+00,5.00000000e-01,2.49999980e+07,-2.03387702e+00,-2.30199676e+00,2.68119749e-01,1.00005240e-09
33,8.37925768e-01,2.65522653e-08,90,11,2,35,normal_corr_dominates,4.81217990e+00,1.00000000e+00,2.49999866e+07,-1.33796193e+01,-2.30199676e+00,-1.10776226e+01,1.00014426e-09
33,8.37925768e-01,2.65522653e-08,90,12,1,37,normal_corr_dominates,1.59580495e+00,1.00000000e+00,2.50000042e+07,4.19445235e+00,-7.03997567e+00,1.12344280e+01,1.00014923e-09
33,8.37925768e-01,2.65522653e-08,90,14,0,42,normal_corr_dominates,3.89913045e+00,1.00000000e+00,2.49999943e+07,-5.69176891e+00,1.96326761e+00,-7.65503652e+00,1.00011410e-09
33,8.37925768e-01,2.65522653e-08,90,14,1,43,normal_corr_dominates,1.61133061e+01,1.00000000e+00,2.49999703e+07,-2.96714644e+01,1.96326761e+00,-3.16347320e+01,1.00011364e-09
33,8.37925768e-01,2.65522653e-08,90,14,2,44,normal_corr_dominates,9.42945876e+00,1.00000000e+00,2.50000205e+07,2.04758186e+01,1.96326761e+00,1.85125510e+01,1.00015041e-09
33,8.37925768e-01,2.65522653e-08,90,15,0,45,normal_corr_dominates,1.32852601e+00,1.00000000e+00,2.49999900e+07,-1.00068590e+01,-4.29750793e+00,-5.70935105e+00,1.00011121e-09
33,8.37925768e-01,2.65522653e-08,90,15,1,46,normal_corr_dominates,2.18588285e+00,1.00000000e+00,2.49999863e+07,-1.36913568e+01,-4.29750793e+00,-9.39384886e+00,1.00016436e-09
33,8.37925768e-01,2.65522653e-08,90,15,2,47,normal_corr_dominates,1.81684328e+00,1.00000000e+00,2.49999879e+07,-1.21054063e+01,-4.29750793e+00,-7.80789842e+00,1.00012361e-09
33,8.37925768e-01,2.65522653e-08,90,17,0,51,normal_corr_dominates,3.31587998e+01,1.00000000e+00,2.49999758e+07,-2.41972106e+01,-7.08374144e-01,-2.34888364e+01,1.00020333e-09
33,8.37925768e-01,2.65522653e-08,90,17,1,52,normal_corr_dominates,1.65330784e+01,1.00000000e+00,2.49999876e+07,-1.24199794e+01,-7.08374144e-01,-1.17116053e+01,9.99985639e-10
33,8.37925768e-01,2.65522653e-08,90,17,1,52,corr_ratio_high,4.82792445e+00,5.00000000e-01,2.49999876e+07,-1.24199794e+01,-7.08374144e-01,-1.17116053e+01,9.99985639e-10
33,8.37925768e-01,2.65522653e-08,90,17,2,53,normal_corr_dominates,1.76159578e+01,1.00000000e+00,2.50000118e+07,1.17703149e+01,-7.08374144e-01,1.24786890e+01,1.00024957e-09
33,8.37925768e-01,2.65522653e-08,90,18,0,54,normal_corr_dominates,4.42451391e+00,1.00000000e+00,2.50000133e+07,1.32774581e+01,-3.87718036e+00,1.71546384e+01,1.00014816e-09
33,8.37925768e-01,2.65522653e-08,90,18,1,55,normal_corr_dominates,1.93759925e+00,1.00000000e+00,2.49999886e+07,-1.13896021e+01,-3.87718036e+00,-7.51242177e+00,1.00010248e-09
33,8.37925768e-01,2.65522653e-08,90,18,2,56,normal_corr_dominates,1.43018596e+00,1.00000000e+00,2.49999906e+07,-9.42226928e+00,-3.87718036e+00,-5.54508892e+00,1.00012788e-09
33,8.37925768e-01,2.65522653e-08,90,19,0,57,corr_ratio_high,2.20207916e+00,5.00000000e-01,2.49999915e+07,-8.51009476e+00,-9.85612702e+00,1.34603225e+00,1.00004757e-09
33,8.37925768e-01,2.65522653e-08,90,19,1,58,corr_ratio_high,5.86881058e-01,5.00000000e-01,2.49999970e+07,-2.98643401e+00,-9.85612702e+00,6.86969301e+00,1.00029093e-09
33,8.37925768e-01,2.65522653e-08,90,20,2,62,normal_corr_dominates,1.30578856e+00,1.00000000e+00,2.50000022e+07,2.16864033e+00,-7.09196033e+00,9.26060066e+00,1.00013161e-09
33,8.37925768e-01,2.65522653e-08,90,21,0,63,normal_corr_dominates,1.27894974e+00,1.00000000e+00,2.49999870e+07,-1.29889561e+01,-5.69953602e+00,-7.28942010e+00,1.00012316e-09
33,8.37925768e-01,2.65522653e-08,90,21,1,64,normal_corr_dominates,3.89459840e+00,1.00000000e+00,2.50000165e+07,1.64978678e+01,-5.69953602e+00,2.21974038e+01,1.00014778e-09
33,8.37925768e-01,2.65522653e-08,90,21,2,65,normal_corr_dominates,1.82624161e+00,1.00000000e+00,2.49999839e+07,-1.61082659e+01,-5.69953602e+00,-1.04087298e+01,1.00017627e-09
33,8.37925768e-01,2.65522653e-08,90,22,0,66,normal_corr_dominates,1.69928124e+01,1.00000000e+00,2.49999866e+07,-1.33950233e+01,8.37565211e-01,-1.42325885e+01,1.00011206e-09
33,8.37925768e-01,2.65522653e-08,90,22,1,67,normal_corr_dominates,1.69751761e+01,1.00000000e+00,2.49999866e+07,-1.33802517e+01,8.37565211e-01,-1.42178170e+01,1.00016267e-09
33,8.37925768e-01,2.65522653e-08,90,22,2,68,normal_corr_dominates,8.69135602e+00,1.00000000e+00,2.50000081e+07,8.11714265e+00,8.37565211e-01,7.27957744e+00,1.00019807e-09
33,8.37925768e-01,2.65522653e-08,90,24,0,72,corr_ratio_high,1.20299533e+00,5.00000000e-01,2.49999965e+07,-3.46737766e+00,-8.38217514e+00,4.91479749e+00,1.00006727e-09
33,8.37925768e-01,2.65522653e-08,90,24,1,73,normal_corr_dominates,1.19867674e+00,1.00000000e+00,2.49999816e+07,-1.84296935e+01,-8.38217514e+00,-1.00475183e+01,1.00016037e-09
33,8.37925768e-01,2.65522653e-08,90,25,1,76,normal_corr_dominates,4.94217197e+00,1.00000000e+00,2.50000131e+07,1.31321471e+01,-3.33119591e+00,1.64633431e+01,1.00020259e-09
33,8.37925768e-01,2.65522653e-08,90,25,2,77,normal_corr_dominates,5.67393295e+00,1.00000000e+00,2.50000156e+07,1.55697864e+01,-3.33119591e+00,1.89009823e+01,1.00004985e-09
33,8.37925768e-01,2.65522653e-08,90,25,2,77,corr_ratio_high,2.05965073e+00,5.00000000e-01,2.50000156e+07,1.55697864e+01,-3.33119591e+00,1.89009823e+01,1.00004985e-09
33,8.37925768e-01,2.65522653e-08,90,16,0,48,normal_corr_dominates,7.85005700e+00,1.00000000e+00,2.49999666e+07,-3.33759955e+01,-3.77127464e+00,-2.96047209e+01,1.00008653e-09
33,8.37925768e-01,2.65522653e-08,90,16,0,48,corr_ratio_high,1.47259555e+00,5.00000000e-01,2.49999666e+07,-3.33759955e+01,-3.77127464e+00,-2.96047209e+01,1.00008653e-09
33,8.37925768e-01,2.65522653e-08,90,16,1,49,normal_corr_dominates,2.57215080e+00,1.00000000e+00,2.50000059e+07,5.92901244e+00,-3.77127464e+00,9.70028707e+00,1.00017238e-09
33,8.37925768e-01,2.65522653e-08,90,16,2,50,normal_corr_dominates,1.45298884e+00,1.00000000e+00,2.50000017e+07,1.70834534e+00,-3.77127464e+00,5.47961997e+00,1.00019703e-09
34,8.60895810e-01,2.72801420e-08,90,0,0,0,normal_corr_dominates,3.12614623e+00,1.00000000e+00,2.50000051e+07,5.06115009e+00,-2.38043368e+00,7.44158377e+00,1.00022149e-09
34,8.60895810e-01,2.72801420e-08,90,0,1,1,normal_corr_dominates,6.05602393e+00,1.00000000e+00,2.50000120e+07,1.20355296e+01,-2.38043368e+00,1.44159633e+01,1.00015525e-09
34,8.60895810e-01,2.72801420e-08,90,0,2,2,corr_ratio_high,2.45169801e+00,5.00000000e-01,2.49999970e+07,-2.97360968e+00,-2.38043368e+00,-5.93176007e-01,1.00004958e-09
34,8.60895810e-01,2.72801420e-08,90,1,0,3,normal_corr_dominates,2.44565948e+00,1.00000000e+00,2.50000101e+07,1.00618761e+01,-6.96005955e+00,1.70219356e+01,1.00018439e-09
34,8.60895810e-01,2.72801420e-08,90,3,1,10,normal_corr_dominates,2.96472949e+00,1.00000000e+00,2.50000123e+07,1.23431244e+01,-6.28235313e+00,1.86254776e+01,1.00018510e-09
34,8.60895810e-01,2.72801420e-08,90,3,2,11,normal_corr_dominates,2.73411003e+00,1.00000000e+00,2.50000109e+07,1.08942916e+01,-6.28235313e+00,1.71766447e+01,1.00011645e-09
34,8.60895810e-01,2.72801420e-08,90,3,2,11,corr_ratio_high,6.46395829e-01,5.00000000e-01,2.50000109e+07,1.08942916e+01,-6.28235313e+00,1.71766447e+01,1.00011645e-09
34,8.60895810e-01,2.72801420e-08,90,4,0,12,normal_corr_dominates,1.14938450e+01,1.00000000e+00,2.50000093e+07,9.26975907e+00,-8.83352007e-01,1.01531111e+01,1.00018579e-09
34,8.60895810e-01,2.72801420e-08,90,4,1,13,normal_corr_dominates,2.73918502e+01,1.00000000e+00,2.50000233e+07,2.33132939e+01,-8.83352007e-01,2.41966459e+01,1.00010366e-09
34,8.60895810e-01,2.72801420e-08,90,4,1,13,corr_ratio_high,5.35707019e-01,5.00000000e-01,2.50000233e+07,2.33132939e+01,-8.83352007e-01,2.41966459e+01,1.00010366e-09
34,8.60895810e-01,2.72801420e-08,90,5,0,15,normal_corr_dominates,1.73434975e+02,1.00000000e+00,2.50000335e+07,3.34769008e+01,1.91916218e-01,3.32849846e+01,1.00009273e-09
34,8.60895810e-01,2.72801420e-08,90,5,1,16,normal_corr_dominates,2.48786812e+02,1.00000000e+00,2.49999524e+07,-4.75543078e+01,1.91916218e-01,-4.77462240e+01,1.00027214e-09
34,8.60895810e-01,2.72801420e-08,90,5,2,17,normal_corr_dominates,2.84906715e+01,1.00000000e+00,2.50000057e+07,5.65973815e+00,1.91916218e-01,5.46782193e+00,1.00002768e-09
34,8.60895810e-01,2.72801420e-08,90,5,2,17,corr_ratio_high,3.98422053e+00,5.00000000e-01,2.50000057e+07,5.65973815e+00,1.91916218e-01,5.46782193e+00,1.00002768e-09
34,8.60895810e-01,2.72801420e-08,90,6,0,18,normal_corr_dominates,1.58336075e+00,1.00000000e+00,2.49999744e+07,-2.55778419e+01,-9.90099501e+00,-1.56768469e+01,1.00008436e-09
34,8.60895810e-01,2.72801420e-08,90,6,0,18,corr_ratio_high,1.33220547e+00,5.00000000e-01,2.49999744e+07,-2.55778419e+01,-9.90099501e+00,-1.56768469e+01,1.00008436e-09
34,8.60895810e-01,2.72801420e-08,90,6,1,19,normal_corr_dominates,2.39008786e+00,1.00000000e+00,2.50000138e+07,1.37632529e+01,-9.90099501e+00,2.36642479e+01,1.00029190e-09
34,8.60895810e-01,2.72801420e-08,90,6,1,19,corr_ratio_high,5.55747022e-01,5.00000000e-01,2.50000138e+07,1.37632529e+01,-9.90099501e+00,2.36642479e+01,1.00029190e-09
34,8.60895810e-01,2.72801420e-08,90,6,2,20,normal_corr_dominates,1.28578140e+00,1.00000000e+00,2.49999774e+07,-2.26315103e+01,-9.90099501e+00,-1.27305153e+01,1.00009751e-09
34,8.60895810e-01,2.72801420e-08,90,6,2,20,corr_ratio_high,8.59269439e-01,5.00000000e-01,2.49999774e+07,-2.26315103e+01,-9.90099501e+00,-1.27305153e+01,1.00009751e-09
34,8.60895810e-01,2.72801420e-08,90,7,0,21,normal_corr_dominates,1.22805334e+01,1.00000000e+00,2.50000239e+07,2.38757997e+01,-2.11654881e+00,2.59923485e+01,1.00013020e-09
34,8.60895810e-01,2.72801420e-08,90,7,1,22,normal_corr_dominates,7.98467731e+00,1.00000000e+00,2.50000148e+07,1.47834105e+01,-2.11654881e+00,1.68999593e+01,1.00014456e-09
34,8.60895810e-01,2.72801420e-08,90,7,2,23,normal_corr_dominates,2.90582106e+00,1.00000000e+00,2.49999917e+07,-8.26686093e+00,-2.11654881e+00,-6.15031211e+00,1.00008116e-09
34,8.60895810e-01,2.72801420e-08,90,7,2,23,corr_ratio_high,5.94025739e-01,5.00000000e-01,2.49999917e+07,-8.26686093e+00,-2.11654881e+00,-6.15031211e+00,1.00008116e-09
34,8.60895810e-01,2.72801420e-08,90,8,0,24,normal_corr_dominates,1.97129294e+00,1.00000000e+00,2.50000102e+07,1.02359190e+01,-1.05384468e+01,2.07743659e+01,1.00014136e-09
34,8.60895810e-01,2.72801420e-08,90,8,1,25,normal_corr_dominates,1.08224672e+00,1.00000000e+00,2.50000009e+07,8.66752680e-01,-1.05384468e+01,1.14051995e+01,1.00029337e-09
34,8.60895810e-01,2.72801420e-08,90,8,1,25,corr_ratio_high,5.75121418e-01,5.00000000e-01,2.50000009e+07,8.66752680e-01,-1.05384468e+01,1.14051995e+01,1.00029337e-09
34,8.60895810e-01,2.72801420e-08,90,8,2,26,corr_ratio_high,6.95067685e-01,5.00000000e-01,2.49999824e+07,-1.75839742e+01,-1.05384468e+01,-7.04552741e+00,1.00010056e-09
34,8.60895810e-01,2.72801420e-08,90,9,2,29,normal_corr_dominates,1.78267872e+00,1.00000000e+00,2.50000064e+07,6.42224918e+00,-8.20547309e+00,1.46277223e+01,1.00012584e-09
34,8.60895810e-01,2.72801420e-08,90,10,2,32,normal_corr_dominates,1.89143624e+00,1.00000000e+00,2.50000091e+07,9.09352337e+00,-1.02009801e+01,1.92945034e+01,1.00012379e-09
34,8.60895810e-01,2.72801420e-08,90,11,0,33,normal_corr_dominates,1.13310649e+01,1.00000000e+00,2.50000244e+07,2.44123170e+01,-2.36300104e+00,2.67753180e+01,1.00016481e-09
34,8.60895810e-01,2.72801420e-08,90,11,1,34,corr_ratio_high,1.76809209e+00,5.00000000e-01,2.49999979e+07,-2.08584721e+00,-2.36300104e+00,2.77153827e-01,1.00005374e-09
34,8.60895810e-01,2.72801420e-08,90,11,2,35,normal_corr_dominates,4.80728123e+00,1.00000000e+00,2.49999863e+07,-1.37226116e+01,-2.36300104e+00,-1.13596105e+01,1.00014795e-09
34,8.60895810e-01,2.72801420e-08,90,12,1,37,normal_corr_dominates,1.59507456e+00,1.00000000e+00,2.50000043e+07,4.29755497e+00,-7.22187648e+00,1.15194315e+01,1.00015304e-09
34,8.60895810e-01,2.72801420e-08,90,14,0,42,normal_corr_dominates,3.90250280e+00,1.00000000e+00,2.49999942e+07,-5.83921926e+00,2.01178764e+00,-7.85100691e+00,1.00011702e-09
34,8.60895810e-01,2.72801420e-08,90,14,1,43,normal_corr_dominates,1.61253852e+01,1.00000000e+00,2.49999696e+07,-3.04290630e+01,2.01178764e+00,-3.24408507e+01,1.00011654e-09
34,8.60895810e-01,2.72801420e-08,90,14,2,44,normal_corr_dominates,9.43721094e+00,1.00000000e+00,2.50000210e+07,2.09974520e+01,2.01178764e+00,1.89856644e+01,1.00015426e-09
34,8.60895810e-01,2.72801420e-08,90,15,0,45,normal_corr_dominates,1.32821230e+00,1.00000000e+00,2.49999897e+07,-1.02640993e+01,-4.40857531e+00,-5.85552396e+00,1.00011405e-09
34,8.60895810e-01,2.72801420e-08,90,15,1,46,normal_corr_dominates,2.18491770e+00,1.00000000e+00,2.49999860e+07,-1.40409495e+01,-4.40857531e+00,-9.63237423e+00,1.00016856e-09
34,8.60895810e-01,2.72801420e-08,90,15,2,47,normal_corr_dominates,1.81622000e+00,1.00000000e+00,2.49999876e+07,-1.24155179e+01,-4.40857531e+00,-8.00694264e+00,1.00012678e-09
34,8.60895810e-01,2.72801420e-08,90,17,0,51,normal_corr_dominates,3.30412962e+01,1.00000000e+00,2.49999752e+07,-2.48174074e+01,-7.29038263e-01,-2.40883692e+01,1.00020853e-09
34,8.60895810e-01,2.72801420e-08,90,17,1,52,normal_corr_dominates,1.64727324e+01,1.00000000e+00,2.49999873e+07,-1.27382905e+01,-7.29038263e-01,-1.20092522e+01,9.99985280e-10
34,8.60895810e-01,2.72801420e-08,90,17,1,52,corr_ratio_high,4.82829086e+00,5.00000000e-01,2.49999873e+07,-1.27382905e+01,-7.29038263e-01,-1.20092522e+01,9.99985280e-10
34,8.60895810e-01,2.72801420e-08,90,17,2,53,normal_corr_dominates,1.75527483e+01,1.00000000e+00,2.50000121e+07,1.20675869e+01,-7.29038263e-01,1.27966251e+01,1.00025594e-09
34,8.60895810e-01,2.72801420e-08,90,18,0,54,normal_corr_dominates,4.42174284e+00,1.00000000e+00,2.50000136e+07,1.36131247e+01,-3.97841841e+00,1.75915431e+01,1.00015195e-09
34,8.60895810e-01,2.72801420e-08,90,18,1,55,normal_corr_dominates,1.93634349e+00,1.00000000e+00,2.49999883e+07,-1.16820030e+01,-3.97841841e+00,-7.70358460e+00,1.00010510e-09
34,8.60895810e-01,2.72801420e-08,90,18,2,56,normal_corr_dominates,1.42911859e+00,1.00000000e+00,2.49999903e+07,-9.66405014e+00,-3.97841841e+00,-5.68563173e+00,1.00013115e-09
34,8.60895810e-01,2.72801420e-08,90,19,0,57,corr_ratio_high,2.20164668e+00,5.00000000e-01,2.49999913e+07,-8.72850879e+00,-1.01100117e+01,1.38150291e+00,1.00004879e-09
34,8.60895810e-01,2.72801420e-08,90,19,1,58,corr_ratio_high,5.86871304e-01,5.00000000e-01,2.49999969e+07,-3.06587760e+00,-1.01100117e+01,7.04413410e+00,1.00029836e-09
34,8.60895810e-01,2.72801420e-08,90,20,2,62,normal_corr_dominates,1.30522663e+00,1.00000000e+00,2.50000022e+07,2.22055178e+00,-7.27509176e+00,9.49564354e+00,1.00013498e-09
34,8.60895810e-01,2.72801420e-08,90,21,0,63,normal_corr_dominates,1.27873082e+00,1.00000000e+00,2.49999867e+07,-1.33220944e+01,-5.84627823e+00,-7.47581618e+00,1.00012631e-09
34,8.60895810e-01,2.72801420e-08,90,21,1,64,normal_corr_dominates,3.89382687e+00,1.00000000e+00,2.50000169e+07,1.69181170e+01,-5.84627823e+00,2.27643952e+01,1.00015155e-09
34,8.60895810e-01,2.72801420e-08,90,21,2,65,normal_corr_dominates,1.82576627e+00,1.00000000e+00,2.49999835e+07,-1.65202158e+01,-5.84627823e+00,-1.06739376e+01,1.00018077e-09
34,8.60895810e-01,2.72801420e-08,90,22,0,66,normal_corr_dominates,1.70409013e+01,1.00000000e+00,2.49999863e+07,-1.37391669e+01,8.56508412e-01,-1.45956753e+01,1.00011493e-09
34,8.60895810e-01,2.72801420e-08,90,22,1,67,normal_corr_dominates,1.70232074e+01,1.00000000e+00,2.49999863e+07,-1.37240119e+01,8.56508412e-01,-1.45805203e+01,1.00016683e-09
34,8.60895810e-01,2.72801420e-08,90,22,2,68,normal_corr_dominates,8.71585786e+00,1.00000000e+00,2.50000083e+07,8.32171398e+00,8.56508412e-01,7.46520557e+00,1.00020313e-09
34,8.60895810e-01,2.72801420e-08,90,24,0,72,corr_ratio_high,1.20284863e+00,5.00000000e-01,2.49999964e+07,-3.55583467e+00,-8.59829232e+00,5.04245764e+00,1.00006900e-09
34,8.60895810e-01,2.72801420e-08,90,24,1,73,normal_corr_dominates,1.19839887e+00,1.00000000e+00,2.49999811e+07,-1.89024761e+01,-8.59829232e+00,-1.03041838e+01,1.00016447e-09
34,8.60895810e-01,2.72801420e-08,90,25,1,76,normal_corr_dominates,4.94015405e+00,1.00000000e+00,2.50000135e+07,1.34661750e+01,-3.41767728e+00,1.68838522e+01,1.00020777e-09
34,8.60895810e-01,2.72801420e-08,90,25,2,77,normal_corr_dominates,5.67089695e+00,1.00000000e+00,2.50000160e+07,1.59636184e+01,-3.41767728e+00,1.93812957e+01,1.00005113e-09
34,8.60895810e-01,2.72801420e-08,90,25,2,77,corr_ratio_high,2.05964402e+00,5.00000000e-01,2.50000160e+07,1.59636184e+01,-3.41767728e+00,1.93812957e+01,1.00005113e-09
34,8.60895810e-01,2.72801420e-08,90,16,0,48,normal_corr_dominates,7.84516838e+00,1.00000000e+00,2.49999658e+07,-3.42296460e+01,-3.86986935e+00,-3.03597767e+01,1.00008875e-09
34,8.60895810e-01,2.72801420e-08,90,16,0,48,corr_ratio_high,1.47243672e+00,5.00000000e-01,2.49999658e+07,-3.42296460e+01,-3.86986935e+00,-3.03597767e+01,1.00008875e-09
34,8.60895810e-01,2.72801420e-08,90,16,1,49,normal_corr_dominates,2.57052716e+00,1.00000000e+00,2.50000061e+07,6.07773493e+00,-3.86986935e+00,9.94760428e+00,1.00017678e-09
34,8.60895810e-01,2.72801420e-08,90,16,2,50,normal_corr_dominates,1.45211924e+00,1.00000000e+00,2.50000017e+07,1.74964239e+00,-3.86986935e+00,5.61951174e+00,1.00020206e-09
35,8.86183726e-01,2.80814677e-08,90,0,0,0,normal_corr_dominates,3.12499960e+00,1.00000000e+00,2.50000052e+07,5.19965017e+00,-2.44689466e+00,7.64654483e+00,1.00022754e-09
35,8.86183726e-01,2.80814677e-08,90,0,1,1,normal_corr_dominates,6.05133255e+00,1.00000000e+00,2.50000124e+07,1.23600786e+01,-2.44689466e+00,1.48069733e+01,1.00015950e-09
35,8.86183726e-01,2.80814677e-08,90,0,2,2,corr_ratio_high,2.45097999e+00,5.00000000e-01,2.49999969e+07,-3.05801086e+00,-2.44689466e+00,-6.11116200e-01,1.00005094e-09
35,8.86183726e-01,2.80814677e-08,90,1,0,3,normal_corr_dominates,2.44482165e+00,1.00000000e+00,2.50000103e+07,1.03343789e+01,-7.15270216e+00,1.74870811e+01,1.00018943e-09
35,8.86183726e-01,2.80814677e-08,90,3,1,10,normal_corr_dominates,2.96424174e+00,1.00000000e+00,2.50000127e+07,1.26800691e+01,-6.45545242e+00,1.91355215e+01,1.00019017e-09
35,8.86183726e-01,2.80814677e-08,90,3,2,11,normal_corr_dominates,2.73305387e+00,1.00000000e+00,2.50000112e+07,1.11876468e+01,-6.45545242e+00,1.76430992e+01,1.00011964e-09
35,8.86183726e-01,2.80814677e-08,90,3,2,11,corr_ratio_high,6.46377192e-01,5.00000000e-01,2.50000112e+07,1.11876468e+01,-6.45545242e+00,1.76430992e+01,1.00011964e-09
35,8.86183726e-01,2.80814677e-08,90,4,0,12,normal_corr_dominates,1.14616133e+01,1.00000000e+00,2.50000095e+07,9.52017701e+00,-9.10010408e-01,1.04301874e+01,1.00019087e-09
35,8.86183726e-01,2.80814677e-08,90,4,1,13,normal_corr_dominates,2.73153228e+01,1.00000000e+00,2.50000239e+07,2.39472176e+01,-9.10010408e-01,2.48572280e+01,1.00010649e-09
35,8.86183726e-01,2.80814677e-08,90,4,1,13,corr_ratio_high,5.35765379e-01,5.00000000e-01,2.50000239e+07,2.39472176e+01,-9.10010408e-01,2.48572280e+01,1.00010649e-09
35,8.86183726e-01,2.80814677e-08,90,5,0,15,normal_corr_dominates,1.75877693e+02,1.00000000e+00,2.50000344e+07,3.43879430e+01,1.94416505e-01,3.41935265e+01,1.00009528e-09
35,8.86183726e-01,2.80814677e-08,90,5,1,16,normal_corr_dominates,2.52296508e+02,1.00000000e+00,2.49999511e+07,-4.88561888e+01,1.94416505e-01,-4.90506053e+01,1.00027958e-09
35,8.86183726e-01,2.80814677e-08,90,5,2,17,normal_corr_dominates,2.88967193e+01,1.00000000e+00,2.50000058e+07,5.81241568e+00,1.94416505e-01,5.61799918e+00,1.00002845e-09
35,8.86183726e-01,2.80814677e-08,90,5,2,17,corr_ratio_high,3.98333577e+00,5.00000000e-01,2.50000058e+07,5.81241568e+00,1.94416505e-01,5.61799918e+00,1.00002845e-09
35,8.86183726e-01,2.80814677e-08,90,6,0,18,normal_corr_dominates,1.58329685e+00,1.00000000e+00,2.49999737e+07,-2.62779169e+01,-1.01722405e+01,-1.61056764e+01,1.00008667e-09
35,8.86183726e-01,2.80814677e-08,90,6,0,18,corr_ratio_high,1.33207616e+00,5.00000000e-01,2.49999737e+07,-2.62779169e+01,-1.01722405e+01,-1.61056764e+01,1.00008667e-09
35,8.86183726e-01,2.80814677e-08,90,6,1,19,normal_corr_dominates,2.38997847e+00,1.00000000e+00,2.50000141e+07,1.41391953e+01,-1.01722405e+01,2.43114358e+01,1.00029988e-09
35,8.86183726e-01,2.80814677e-08,90,6,1,19,corr_ratio_high,5.55740690e-01,5.00000000e-01,2.50000141e+07,1.41391953e+01,-1.01722405e+01,2.43114358e+01,1.00029988e-09
35,8.86183726e-01,2.80814677e-08,90,6,2,20,normal_corr_dominates,1.28586350e+00,1.00000000e+00,2.49999767e+07,-2.32523533e+01,-1.01722405e+01,-1.30801128e+01,1.00010018e-09
35,8.86183726e-01,2.80814677e-08,90,6,2,20,corr_ratio_high,8.59080985e-01,5.00000000e-01,2.49999767e+07,-2.32523533e+01,-1.01722405e+01,-1.30801128e+01,1.00010018e-09
35,8.86183726e-01,2.80814677e-08,90,7,0,21,normal_corr_dominates,1.22657736e+01,1.00000000e+00,2.50000245e+07,2.45237875e+01,-2.17684007e+00,2.67006275e+01,1.00013377e-09
35,8.86183726e-01,2.80814677e-08,90,7,1,22,normal_corr_dominates,7.97539078e+00,1.00000000e+00,2.50000152e+07,1.51843102e+01,-2.17684007e+00,1.73611502e+01,1.00014852e-09
35,8.86183726e-01,2.80814677e-08,90,7,2,23,normal_corr_dominates,2.90205088e+00,1.00000000e+00,2.49999915e+07,-8.49414071e+00,-2.17684007e+00,-6.31730064e+00,1.00008338e-09
35,8.86183726e-01,2.80814677e-08,90,7,2,23,corr_ratio_high,5.93999035e-01,5.00000000e-01,2.49999915e+07,-8.49414071e+00,-2.17684007e+00,-6.31730064e+00,1.00008338e-09
35,8.86183726e-01,2.80814677e-08,90,8,0,24,normal_corr_dominates,1.97080767e+00,1.00000000e+00,2.50000105e+07,1.05129453e+01,-1.08290711e+01,2.13420164e+01,1.00014522e-09
35,8.86183726e-01,2.80814677e-08,90,8,1,25,normal_corr_dominates,1.08189113e+00,1.00000000e+00,2.50000009e+07,8.86804883e-01,-1.08290711e+01,1.17158760e+01,1.00030140e-09
35,8.86183726e-01,2.80814677e-08,90,8,1,25,corr_ratio_high,5.75112277e-01,5.00000000e-01,2.50000009e+07,8.86804883e-01,-1.08290711e+01,1.17158760e+01,1.00030140e-09
35,8.86183726e-01,2.80814677e-08,90,8,2,26,corr_ratio_high,6.94996660e-01,5.00000000e-01,2.49999819e+07,-1.80667165e+01,-1.08290711e+01,-7.23764539e+00,1.00010331e-09
35,8.86183726e-01,2.80814677e-08,90,9,2,29,normal_corr_dominates,1.78188592e+00,1.00000000e+00,2.50000066e+07,6.59307911e+00,-8.43227760e+00,1.50253567e+01,1.00012929e-09
35,8.86183726e-01,2.80814677e-08,90,10,2,32,normal_corr_dominates,1.89067374e+00,1.00000000e+00,2.50000093e+07,9.33602510e+00,-1.04819808e+01,1.98180059e+01,1.00012718e-09
35,8.86183726e-01,2.80814677e-08,90,11,0,33,normal_corr_dominates,1.13188314e+01,1.00000000e+00,2.50000251e+07,2.50754785e+01,-2.43006960e+00,2.75055481e+01,1.00016933e-09
35,8.86183726e-01,2.80814677e-08,90,11,1,34,corr_ratio_high,1.76791657e+00,5.00000000e-01,2.49999979e+07,-2.14294872e+00,-2.43006960e+00,2.87120870e-01,1.00005522e-09
35,8.86183726e-01,2.80814677e-08,90,11,2,35,normal_corr_dominates,4.80201587e+00,1.00000000e+00,2.49999859e+07,-1.40993024e+01,-2.43006960e+00,-1.16692328e+01,1.00015200e-09
35,8.86183726e-01,2.80814677e-08,90,12,1,37,normal_corr_dominates,1.59428796e+00,1.00000000e+00,2.50000044e+07,4.41063341e+00,-7.42171084e+00,1.18323443e+01,1.00015724e-09
35,8.86183726e-01,2.80814677e-08,90,14,0,42,normal_corr_dominates,3.90615340e+00,1.00000000e+00,2.49999940e+07,-6.00123230e+00,2.06500878e+00,-8.06624108e+00,1.00012023e-09
35,8.86183726e-01,2.80814677e-08,90,14,1,43,normal_corr_dominates,1.61384345e+01,1.00000000e+00,2.49999687e+07,-3.12610002e+01,2.06500878e+00,-3.33260090e+01,1.00011973e-09
35,8.86183726e-01,2.80814677e-08,90,14,2,44,normal_corr_dominates,9.44559235e+00,1.00000000e+00,2.50000216e+07,2.15702399e+01,2.06500878e+00,1.95052312e+01,1.00015848e-09
35,8.86183726e-01,2.80814677e-08,90,15,0,45,normal_corr_dominates,1.32787682e+00,1.00000000e+00,2.49999895e+07,-1.05466695e+01,-4.53059604e+00,-6.01607346e+00,1.00011718e-09
35,8.86183726e-01,2.80814677e-08,90,15,1,46,normal_corr_dominates,2.18386988e+00,1.00000000e+00,2.49999856e+07,-1.44248283e+01,-4.53059604e+00,-9.89423222e+00,1.00017317e-09
35,8.86183726e-01,2.80814677e-08,90,15,2,47,normal_corr_dominates,1.81555007e+00,1.00000000e+00,2.49999872e+07,-1.27561200e+01,-4.53059604e+00,-8.22552397e+00,1.00013026e-09
35,8.86183726e-01,2.80814677e-08,90,17,0,51,normal_corr_dominates,3.29158430e+01,1.00000000e+00,2.49999745e+07,-2.54985418e+01,-7.51818017e-01,-2.47467238e+01,1.00021423e-09
35,8.86183726e-01,2.80814677e-08,90,17,1,52,normal_corr_dominates,1.64083008e+01,1.00000000e+00,2.49999869e+07,-1.30878742e+01,-7.51818017e-01,-1.23360562e+01,9.99984887e-10
35,8.86183726e-01,2.80814677e-08,90,17,1,52,corr_ratio_high,4.82868712e+00,5.00000000e-01,2.49999869e+07,-1.30878742e+01,-7.51818017e-01,-1.23360562e+01,9.99984887e-10
35,8.86183726e-01,2.80814677e-08,90,17,2,53,normal_corr_dominates,1.74852762e+01,1.00000000e+00,2.50000124e+07,1.23939276e+01,-7.51818017e-01,1.31457456e+01,1.00026295e-09
35,8.86183726e-01,2.80814677e-08,90,18,0,54,normal_corr_dominates,4.41875811e+00,1.00000000e+00,2.50000140e+07,1.39816068e+01,-4.08967418e+00,1.80712809e+01,1.00015611e-09
35,8.86183726e-01,2.80814677e-08,90,18,1,55,normal_corr_dominates,1.93498777e+00,1.00000000e+00,2.49999880e+07,-1.20031437e+01,-4.08967418e+00,-7.91346950e+00,1.00010798e-09
35,8.86183726e-01,2.80814677e-08,90,18,2,56,normal_corr_dominates,1.42796745e+00,1.00000000e+00,2.49999901e+07,-9.92959576e+00,-4.08967418e+00,-5.83992159e+00,1.00013474e-09
35,8.86183726e-01,2.80814677e-08,90,19,0,57,corr_ratio_high,2.20117658e+00,5.00000000e-01,2.49999910e+07,-8.96839047e+00,-1.03888976e+01,1.42050716e+00,1.00005013e-09
35,8.86183726e-01,2.80814677e-08,90,19,1,58,corr_ratio_high,5.86860785e-01,5.00000000e-01,2.49999968e+07,-3.15322516e+00,-1.03888976e+01,7.23567247e+00,1.00030653e-09
35,8.86183726e-01,2.80814677e-08,90,20,2,62,normal_corr_dominates,1.30462078e+00,1.00000000e+00,2.50000023e+07,2.27742924e+00,-7.47627681e+00,9.75370605e+00,1.00013868e-09
35,8.86183726e-01,2.80814677e-08,90,21,0,63,normal_corr_dominates,1.27849584e+00,1.00000000e+00,2.49999863e+07,-1.36879989e+01,-6.00747153e+00,-7.68052735e+00,1.00012977e-09
35,8.86183726e-01,2.80814677e-08,90,21,1,64,normal_corr_dominates,3.89299258e+00,1.00000000e+00,2.50000174e+07,1.73795706e+01,-6.00747153e+00,2.33870421e+01,1.00015570e-09
35,8.86183726e-01,2.80814677e-08,90,21,2,65,normal_corr_dominates,1.82524742e+00,1.00000000e+00,2.49999830e+07,-1.69725935e+01,-6.00747153e+00,-1.09651219e+01,1.00018572e-09
35,8.86183726e-01,2.80814677e-08,90,22,0,66,normal_corr_dominates,1.70930181e+01,1.00000000e+00,2.49999859e+07,-1.41171699e+01,8.77223263e-01,-1.49943932e+01,1.00011808e-09
35,8.86183726e-01,2.80814677e-08,90,22,1,67,normal_corr_dominates,1.70752444e+01,1.00000000e+00,2.49999859e+07,-1.41015783e+01,8.77223263e-01,-1.49788016e+01,1.00017140e-09
35,8.86183726e-01,2.80814677e-08,90,22,2,68,normal_corr_dominates,8.74240954e+00,1.00000000e+00,2.50000085e+07,8.54626828e+00,8.77223263e-01,7.66904502e+00,1.00020869e-09
35,8.86183726e-01,2.80814677e-08,90,24,0,72,corr_ratio_high,1.20268845e+00,5.00000000e-01,2.49999963e+07,-3.65299841e+00,-8.83570008e+00,5.18270167e+00,1.00007089e-09
35,8.86183726e-01,2.80814677e-08,90,24,1,73,normal_corr_dominates,1.19809848e+00,1.00000000e+00,2.49999806e+07,-1.94217389e+01,-8.83570008e+00,-1.05860388e+01,1.00016898e-09
35,8.86183726e-01,2.80814677e-08,90,25,1,76,normal_corr_dominates,4.93798627e+00,1.00000000e+00,2.50000138e+07,1.38329286e+01,-3.51269093e+00,1.73456195e+01,1.00021345e-09
35,8.86183726e-01,2.80814677e-08,90,25,2,77,normal_corr_dominates,5.66764041e+00,1.00000000e+00,2.50000164e+07,1.63959781e+01,-3.51269093e+00,1.99086690e+01,1.00005253e-09
35,8.86183726e-01,2.80814677e-08,90,25,2,77,corr_ratio_high,2.05963401e+00,5.00000000e-01,2.50000164e+07,1.63959781e+01,-3.51269093e+00,1.99086690e+01,1.00005253e-09
35,8.86183726e-01,2.80814677e-08,90,16,0,48,normal_corr_dominates,7.83991695e+00,1.00000000e+00,2.49999648e+07,-3.51671396e+01,-3.97822058e+00,-3.11889190e+01,1.00009118e-09
35,8.86183726e-01,2.80814677e-08,90,16,0,48,corr_ratio_high,1.47226435e+00,5.00000000e-01,2.49999648e+07,-3.51671396e+01,-3.97822058e+00,-3.11889190e+01,1.00009118e-09
35,8.86183726e-01,2.80814677e-08,90,16,1,49,normal_corr_dominates,2.56878333e+00,1.00000000e+00,2.50000062e+07,6.24096612e+00,-3.97822058e+00,1.02191867e+01,1.00018162e-09
35,8.86183726e-01,2.80814677e-08,90,16,2,50,normal_corr_dominates,1.45118532e+00,1.00000000e+00,2.50000018e+07,1.79491474e+00,-3.97822058e+00,5.77313532e+00,1.00020759e-09
36,9.12327811e-01,2.89099238e-08,90,0,0,0,normal_corr_dominates,3.12386626e+00,1.00000000e+00,2.50000053e+07,5.34251206e+00,-2.51546538e+00,7.85797744e+00,1.00023378e-09
36,9.12327811e-01,2.89099238e-08,90,0,1,1,normal_corr_dominates,6.04661733e+00,1.00000000e+00,2.50000127e+07,1.26945912e+01,-2.51546538e+00,1.52100566e+01,1.00016388e-09
36,9.12327811e-01,2.89099238e-08,90,0,2,2,corr_ratio_high,2.45024610e+00,5.00000000e-01,2.49999969e+07,-3.14519664e+00,-2.51546538e+00,-6.29731261e-01,1.00005236e-09
36,9.12327811e-01,2.89099238e-08,90,1,0,3,normal_corr_dominates,2.44397549e+00,1.00000000e+00,2.50000106e+07,1.06152886e+01,-7.35143272e+00,1.79667213e+01,1.00019463e-09
36,9.12327811e-01,2.89099238e-08,90,3,1,10,normal_corr_dominates,2.96374726e+00,1.00000000e+00,2.50000130e+07,1.30274739e+01,-6.63398705e+00,1.96614610e+01,1.00019541e-09
36,9.12327811e-01,2.89099238e-08,90,3,2,11,normal_corr_dominates,2.73198858e+00,1.00000000e+00,2.50000115e+07,1.14899898e+01,-6.63398705e+00,1.81239769e+01,1.00012292e-09
36,9.12327811e-01,2.89099238e-08,90,3,2,11,corr_ratio_high,6.46356913e-01,5.00000000e-01,2.50000115e+07,1.14899898e+01,-6.63398705e+00,1.81239769e+01,1.00012292e-09
36,9.12327811e-01,2.89099238e-08,90,4,0,12,normal_corr_dominates,1.14292404e+01,1.00000000e+00,2.50000098e+07,9.77830282e+00,-9.37585334e-01,1.07158882e+01,1.00019611e-09
36,9.12327811e-01,2.89099238e-08,90,4,1,13,normal_corr_dominates,2.72384449e+01,1.00000000e+00,2.50000246e+07,2.46007811e+01,-9.37585334e-01,2.55383664e+01,1.00010941e-09
36,9.12327811e-01,2.89099238e-08,90,4,1,13,corr_ratio_high,5.35825271e-01,5.00000000e-01,2.50000246e+07,2.46007811e+01,-9.37585334e-01,2.55383664e+01,1.00010941e-09
36,9.12327811e-01,2.89099238e-08,90,5,0,15,normal_corr_dominates,1.78414046e+02,1.00000000e+00,2.50000353e+07,3.53271923e+01,1.96903158e-01,3.51302891e+01,1.00009790e-09
36,9.12327811e-01,2.89099238e-08,90,5,1,16,normal_corr_dominates,2.55940901e+02,1.00000000e+00,2.49999498e+07,-5.01986685e+01,1.96903158e-01,-5.03955716e+01,1.00028726e-09
36,9.12327811e-01,2.89099238e-08,90,5,2,17,normal_corr_dominates,2.93184700e+01,1.00000000e+00,2.50000060e+07,5.96980248e+00,1.96903158e-01,5.77289933e+00,1.00002924e-09
36,9.12327811e-01,2.89099238e-08,90,5,2,17,corr_ratio_high,3.98243354e+00,5.00000000e-01,2.50000060e+07,5.96980248e+00,1.96903158e-01,5.77289933e+00,1.00002924e-09
36,9.12327811e-01,2.89099238e-08,90,6,0,18,normal_corr_dominates,1.58323522e+00,1.00000000e+00,2.49999730e+07,-2.69998560e+01,-1.04519541e+01,-1.65479019e+01,1.00008906e-09
36,9.12327811e-01,2.89099238e-08,90,6,0,18,corr_ratio_high,1.33194332e+00,5.00000000e-01,2.49999730e+07,-2.69998560e+01,-1.04519541e+01,-1.65479019e+01,1.00008906e-09
36,9.12327811e-01,2.89099238e-08,90,6,1,19,normal_corr_dominates,2.38987256e+00,1.00000000e+00,2.50000145e+07,1.45268842e+01,-1.04519541e+01,2.49788383e+01,1.00030810e-09
36,9.12327811e-01,2.89099238e-08,90,6,1,19,corr_ratio_high,5.55734117e-01,5.00000000e-01,2.50000145e+07,1.45268842e+01,-1.04519541e+01,2.49788383e+01,1.00030810e-09
36,9.12327811e-01,2.89099238e-08,90,6,2,20,normal_corr_dominates,1.28594961e+00,1.00000000e+00,2.49999761e+07,-2.38926404e+01,-1.04519541e+01,-1.34406863e+01,1.00010295e-09
36,9.12327811e-01,2.89099238e-08,90,6,2,20,corr_ratio_high,8.58888807e-01,5.00000000e-01,2.49999761e+07,-2.38926404e+01,-1.04519541e+01,-1.34406863e+01,1.00010295e-09
36,9.12327811e-01,2.89099238e-08,90,7,0,21,normal_corr_dominates,1.22508699e+01,1.00000000e+00,2.50000252e+07,2.51917692e+01,-2.23909522e+00,2.74308644e+01,1.00013745e-09
36,9.12327811e-01,2.89099238e-08,90,7,1,22,normal_corr_dominates,7.96601459e+00,1.00000000e+00,2.50000156e+07,1.55975700e+01,-2.23909522e+00,1.78366652e+01,1.00015260e-09
36,9.12327811e-01,2.89099238e-08,90,7,2,23,normal_corr_dominates,2.89823724e+00,1.00000000e+00,2.49999913e+07,-8.72852438e+00,-2.23909522e+00,-6.48942916e+00,1.00008568e-09
36,9.12327811e-01,2.89099238e-08,90,7,2,23,corr_ratio_high,5.93971927e-01,5.00000000e-01,2.49999913e+07,-8.72852438e+00,-2.23909522e+00,-6.48942916e+00,1.00008568e-09
36,9.12327811e-01,2.89099238e-08,90,8,0,24,normal_corr_dominates,1.97031803e+00,1.00000000e+00,2.50000108e+07,1.07985154e+01,-1.11288414e+01,2.19273568e+01,1.00014921e-09
36,9.12327811e-01,2.89099238e-08,90,8,1,25,normal_corr_dominates,1.08153258e+00,1.00000000e+00,2.50000009e+07,9.07363151e-01,-1.11288414e+01,1.20362045e+01,1.00030967e-09
36,9.12327811e-01,2.89099238e-08,90,8,1,25,corr_ratio_high,5.75103068e-01,5.00000000e-01,2.50000009e+07,9.07363151e-01,-1.11288414e+01,1.20362045e+01,1.00030967e-09
36,9.12327811e-01,2.89099238e-08,90,8,2,26,corr_ratio_high,6.94924419e-01,5.00000000e-01,2.49999814e+07,-1.85645781e+01,-1.11288414e+01,-7.43573672e+00,1.00010616e-09
36,9.12327811e-01,2.89099238e-08,90,9,2,29,normal_corr_dominates,1.78108309e+00,1.00000000e+00,2.50000068e+07,6.76905416e+00,-8.66624086e+00,1.54352950e+01,1.00013284e-09
36,9.12327811e-01,2.89099238e-08,90,10,2,32,normal_corr_dominates,1.88990056e+00,1.00000000e+00,2.50000096e+07,9.58584224e+00,-1.07718129e+01,2.03576551e+01,1.00013069e-09
36,9.12327811e-01,2.89099238e-08,90,11,0,33,normal_corr_dominates,1.13065063e+01,1.00000000e+00,2.50000258e+07,2.57591556e+01,-2.49931014e+00,2.82584657e+01,1.00017398e-09
36,9.12327811e-01,2.89099238e-08,90,11,1,34,corr_ratio_high,1.76773622e+00,5.00000000e-01,2.49999978e+07,-2.20186379e+00,-2.49931014e+00,2.97446347e-01,1.00005674e-09
36,9.12327811e-01,2.89099238e-08,90,11,2,35,normal_corr_dominates,4.79670605e+00,1.00000000e+00,2.49999855e+07,-1.44877662e+01,-2.49931014e+00,-1.19884561e+01,1.00015617e-09
36,9.12327811e-01,2.89099238e-08,90,12,1,37,normal_corr_dominates,1.59349313e+00,1.00000000e+00,2.50000045e+07,4.52708122e+00,-7.62785777e+00,1.21549390e+01,1.00016156e-09
36,9.12327811e-01,2.89099238e-08,90,14,0,42,normal_corr_dominates,3.90986197e+00,1.00000000e+00,2.49999938e+07,-6.16839099e+00,2.11982254e+00,-8.28821352e+00,1.00012354e-09
36,9.12327811e-01,2.89099238e-08,90,14,1,43,normal_corr_dominates,1.61516633e+01,1.00000000e+00,2.49999679e+07,-3.21188374e+01,2.11982254e+00,-3.42386599e+01,1.00012301e-09
36,9.12327811e-01,2.89099238e-08,90,14,2,44,normal_corr_dominates,9.45409584e+00,1.00000000e+00,2.50000222e+07,2.21608279e+01,2.11982254e+00,2.00410054e+01,1.00016283e-09
36,9.12327811e-01,2.89099238e-08,90,15,0,45,normal_corr_dominates,1.32754029e+00,1.00000000e+00,2.49999892e+07,-1.08381328e+01,-4.65647483e+00,-6.18165793e+00,1.00012040e-09
36,9.12327811e-01,2.89099238e-08,90,15,1,46,normal_corr_dominates,2.18280224e+00,1.00000000e+00,2.49999852e+07,-1.48206385e+01,-4.65647483e+00,-1.01641637e+01,1.00017792e-09
36,9.12327811e-01,2.89099238e-08,90,15,2,47,normal_corr_dominates,1.81487458e+00,1.00000000e+00,2.49999869e+07,-1.31073926e+01,-4.65647483e+00,-8.45091778e+00,1.00013384e-09
36,9.12327811e-01,2.89099238e-08,90,17,0,51,normal_corr_dominates,3.27902016e+01,1.00000000e+00,2.49999738e+07,-2.62009691e+01,-7.75401383e-01,-2.54255677e+01,1.00022012e-09
36,9.12327811e-01,2.89099238e-08,90,17,1,52,normal_corr_dominates,1.63437690e+01,1.00000000e+00,2.49999866e+07,-1.34483825e+01,-7.75401383e-01,-1.26729811e+01,9.99984481e-10
36,9.12327811e-01,2.89099238e-08,90,17,1,52,corr_ratio_high,4.82908934e+00,5.00000000e-01,2.49999866e+07,-1.34483825e+01,-7.75401383e-01,-1.26729811e+01,9.99984481e-10
36,9.12327811e-01,2.89099238e-08,90,17,2,53,normal_corr_dominates,1.74177169e+01,1.00000000e+00,2.50000127e+07,1.27303204e+01,-7.75401383e-01,1.35057217e+01,1.00027017e-09
36,9.12327811e-01,2.89099238e-08,90,18,0,54,normal_corr_dominates,4.41574169e+00,1.00000000e+00,2.50000144e+07,1.43614302e+01,-4.20448369e+00,1.85659139e+01,1.00016040e-09
36,9.12327811e-01,2.89099238e-08,90,18,1,55,normal_corr_dominates,1.93361431e+00,1.00000000e+00,2.49999877e+07,-1.23343335e+01,-4.20448369e+00,-8.12984984e+00,1.00011095e-09
36,9.12327811e-01,2.89099238e-08,90,18,2,56,normal_corr_dominates,1.42680253e+00,1.00000000e+00,2.49999898e+07,-1.02034516e+01,-4.20448369e+00,-5.99896796e+00,1.00013845e-09
36,9.12327811e-01,2.89099238e-08,90,19,0,57,corr_ratio_high,2.20069704e+00,5.00000000e-01,2.49999908e+07,-9.21577859e+00,-1.06765618e+01,1.46078321e+00,1.00005152e-09
36,9.12327811e-01,2.89099238e-08,90,19,1,58,corr_ratio_high,5.86850138e-01,5.00000000e-01,2.49999968e+07,-3.24340883e+00,-1.06765618e+01,7.43315297e+00,1.00031495e-09
36,9.12327811e-01,2.89099238e-08,90,20,2,62,normal_corr_dominates,1.30400786e+00,1.00000000e+00,2.50000023e+07,2.33594041e+00,-7.68381582e+00,1.00197562e+01,1.00014249e-09
36,9.12327811e-01,2.89099238e-08,90,21,0,63,normal_corr_dominates,1.27825920e+00,1.00000000e+00,2.49999859e+07,-1.40653787e+01,-6.17373946e+00,-7.89163927e+00,1.00013334e-09
36,9.12327811e-01,2.89099238e-08,90,21,1,64,normal_corr_dominates,3.89214598e+00,1.00000000e+00,2.50000179e+07,1.78553558e+01,-6.17373946e+00,2.40290952e+01,1.00015997e-09
36,9.12327811e-01,2.89099238e-08,90,21,2,65,normal_corr_dominates,1.82471588e+00,1.00000000e+00,2.49999826e+07,-1.74390599e+01,-6.17373946e+00,-1.12653204e+01,1.00019082e-09
36,9.12327811e-01,2.89099238e-08,90,22,0,66,normal_corr_dominates,1.71460325e+01,1.00000000e+00,2.49999855e+07,-1.45070387e+01,8.98489381e-01,-1.54055281e+01,1.00012132e-09
36,9.12327811e-01,2.89099238e-08,90,22,1,67,normal_corr_dominates,1.71281597e+01,1.00000000e+00,2.49999855e+07,-1.44909802e+01,8.98489381e-01,-1.53894696e+01,1.00017611e-09
36,9.12327811e-01,2.89099238e-08,90,22,2,68,normal_corr_dominates,8.76941592e+00,1.00000000e+00,2.50000088e+07,8.77771647e+00,8.98489381e-01,7.87922709e+00,1.00021443e-09
36,9.12327811e-01,2.89099238e-08,90,24,0,72,corr_ratio_high,1.20252431e+00,5.00000000e-01,2.49999962e+07,-3.75321775e+00,-9.08058977e+00,5.32737202e+00,1.00007285e-09
36,9.12327811e-01,2.89099238e-08,90,24,1,73,normal_corr_dominates,1.19779374e+00,1.00000000e+00,2.49999800e+07,-1.99572633e+01,-9.08058977e+00,-1.08766735e+01,1.00017362e-09
36,9.12327811e-01,2.89099238e-08,90,25,1,76,normal_corr_dominates,4.93580103e+00,1.00000000e+00,2.50000142e+07,1.42110457e+01,-3.61071242e+00,1.78217581e+01,1.00021932e-09
36,9.12327811e-01,2.89099238e-08,90,25,2,77,normal_corr_dominates,5.66436320e+00,1.00000000e+00,2.50000168e+07,1.68416741e+01,-3.61071242e+00,2.04523865e+01,1.00005397e-09
36,9.12327811e-01,2.89099238e-08,90,25,2,77,corr_ratio_high,2.05962097e+00,5.00000000e-01,2.50000168e+07,1.68416741e+01,-3.61071242e+00,2.04523865e+01,1.00005397e-09
36,9.12327811e-01,2.89099238e-08,90,16,0,48,normal_corr_dominates,7.83462408e+00,1.00000000e+00,2.49999639e+07,-3.61339059e+01,-4.09003322e+00,-3.20438727e+01,1.00009369e-09
36,9.12327811e-01,2.89099238e-08,90,16,0,48,corr_ratio_high,1.47208878e+00,5.00000000e-01,2.49999639e+07,-3.61339059e+01,-4.09003322e+00,-3.20438727e+01,1.00009369e-09
36,9.12327811e-01,2.89099238e-08,90,16,1,49,normal_corr_dominates,2.56702610e+00,1.00000000e+00,2.50000064e+07,6.40918881e+00,-4.09003322e+00,1.04992220e+01,1.00018661e-09
36,9.12327811e-01,2.89099238e-08,90,16,2,50,normal_corr_dominates,1.45024421e+00,1.00000000e+00,2.50000018e+07,1.84151377e+00,-4.09003322e+00,5.93154699e+00,1.00021330e-09
37,9.36573006e-01,2.96782077e-08,90,0,0,0,normal_corr_dominates,3.12286010e+00,1.00000000e+00,2.50000055e+07,5.47470918e+00,-2.57893075e+00,8.05363993e+00,1.00023956e-09
37,9.36573006e-01,2.96782077e-08,90,0,1,1,normal_corr_dominates,6.04236135e+00,1.00000000e+00,2.50000130e+07,1.30039007e+01,-2.57893075e+00,1.55828315e+01,1.00016793e-09
37,9.36573006e-01,2.96782077e-08,90,0,2,2,corr_ratio_high,2.44957301e+00,5.00000000e-01,2.49999968e+07,-3.22598648e+00,-2.57893075e+00,-6.47055731e-01,1.00005366e-09
37,9.36573006e-01,2.96782077e-08,90,1,0,3,normal_corr_dominates,2.44320813e+00,1.00000000e+00,2.50000109e+07,1.08750699e+01,-7.53534416e+00,1.84104141e+01,1.00019944e-09
37,9.36573006e-01,2.96782077e-08,90,3,1,10,normal_corr_dominates,2.96329724e+00,1.00000000e+00,2.50000133e+07,1.33488059e+01,-6.79917724e+00,2.01479831e+01,1.00020025e-09
37,9.36573006e-01,2.96782077e-08,90,3,2,11,normal_corr_dominates,2.73102379e+00,1.00000000e+00,2.50000118e+07,1.17695376e+01,-6.79917724e+00,1.85687148e+01,1.00012597e-09
37,9.36573006e-01,2.96782077e-08,90,3,2,11,corr_ratio_high,6.46337255e-01,5.00000000e-01,2.50000118e+07,1.17695376e+01,-6.79917724e+00,1.85687148e+01,1.00012597e-09
37,9.36573006e-01,2.96782077e-08,90,4,0,12,normal_corr_dominates,1.14000360e+01,1.00000000e+00,2.50000100e+07,1.00169987e+01,-9.63169616e-01,1.09801683e+01,1.00020096e-09
37,9.36573006e-01,2.96782077e-08,90,4,1,13,normal_corr_dominates,2.71690786e+01,1.00000000e+00,2.50000252e+07,2.52052613e+01,-9.63169616e-01,2.61684310e+01,1.00011211e-09
37,9.36573006e-01,2.96782077e-08,90,4,1,13,corr_ratio_high,5.35880407e-01,5.00000000e-01,2.50000252e+07,2.52052613e+01,-9.63169616e-01,2.61684310e+01,1.00011211e-09
37,9.36573006e-01,2.96782077e-08,90,5,0,15,normal_corr_dominates,1.80776954e+02,1.00000000e+00,2.50000362e+07,3.61958852e+01,1.99122521e-01,3.59967627e+01,1.00010033e-09
37,9.36573006e-01,2.96782077e-08,90,5,1,16,normal_corr_dominates,2.59336220e+02,1.00000000e+00,2.49999486e+07,-5.14405592e+01,1.99122521e-01,-5.16396818e+01,1.00029436e-09
37,9.36573006e-01,2.96782077e-08,90,5,2,17,normal_corr_dominates,2.97115037e+01,1.00000000e+00,2.50000061e+07,6.11535203e+00,1.99122521e-01,5.91622951e+00,1.00002997e-09
37,9.36573006e-01,2.96782077e-08,90,5,2,17,corr_ratio_high,3.98160780e+00,5.00000000e-01,2.50000061e+07,6.11535203e+00,1.99122521e-01,5.91622951e+00,1.00002997e-09
37,9.36573006e-01,2.96782077e-08,90,6,0,18,normal_corr_dominates,1.58318184e+00,1.00000000e+00,2.49999723e+07,-2.76677315e+01,-1.07107177e+01,-1.69570138e+01,1.00009126e-09
37,9.36573006e-01,2.96782077e-08,90,6,0,18,corr_ratio_high,1.33182088e+00,5.00000000e-01,2.49999723e+07,-2.76677315e+01,-1.07107177e+01,-1.69570138e+01,1.00009126e-09
37,9.36573006e-01,2.96782077e-08,90,6,1,19,normal_corr_dominates,2.38978050e+00,1.00000000e+00,2.50000149e+07,1.48855466e+01,-1.07107177e+01,2.55962643e+01,1.00031571e-09
37,9.36573006e-01,2.96782077e-08,90,6,1,19,corr_ratio_high,5.55727998e-01,5.00000000e-01,2.50000149e+07,1.48855466e+01,-1.07107177e+01,2.55962643e+01,1.00031571e-09
37,9.36573006e-01,2.96782077e-08,90,6,2,20,normal_corr_dominates,1.28603048e+00,1.00000000e+00,2.49999755e+07,-2.44850272e+01,-1.07107177e+01,-1.37743094e+01,1.00010550e-09
37,9.36573006e-01,2.96782077e-08,90,6,2,20,corr_ratio_high,8.58712932e-01,5.00000000e-01,2.49999755e+07,-2.44850272e+01,-1.07107177e+01,-1.37743094e+01,1.00010550e-09
37,9.36573006e-01,2.96782077e-08,90,7,0,21,normal_corr_dominates,1.22373568e+01,1.00000000e+00,2.50000258e+07,2.58095112e+01,-2.29675996e+00,2.81062712e+01,1.00014086e-09
37,9.36573006e-01,2.96782077e-08,90,7,1,22,normal_corr_dominates,7.95751389e+00,1.00000000e+00,2.50000160e+07,1.59797393e+01,-2.29675996e+00,1.82764993e+01,1.00015638e-09
37,9.36573006e-01,2.96782077e-08,90,7,2,23,normal_corr_dominates,2.89477354e+00,1.00000000e+00,2.49999911e+07,-8.94535994e+00,-2.29675996e+00,-6.64859998e+00,1.00008780e-09
37,9.36573006e-01,2.96782077e-08,90,7,2,23,corr_ratio_high,5.93947221e-01,5.00000000e-01,2.49999911e+07,-8.94535994e+00,-2.29675996e+00,-6.64859998e+00,1.00008780e-09
37,9.36573006e-01,2.96782077e-08,90,8,0,24,normal_corr_dominates,1.96987441e+00,1.00000000e+00,2.50000111e+07,1.10626048e+01,-1.14062241e+01,2.24688289e+01,1.00015289e-09
37,9.36573006e-01,2.96782077e-08,90,8,1,25,normal_corr_dominates,1.08120789e+00,1.00000000e+00,2.50000009e+07,9.26275344e-01,-1.14062241e+01,1.23324994e+01,1.00031733e-09
37,9.36573006e-01,2.96782077e-08,90,8,1,25,corr_ratio_high,5.75094738e-01,5.00000000e-01,2.50000009e+07,9.26275344e-01,-1.14062241e+01,1.23324994e+01,1.00031733e-09
37,9.36573006e-01,2.96782077e-08,90,8,2,26,corr_ratio_high,6.94858461e-01,5.00000000e-01,2.49999810e+07,-1.90251939e+01,-1.14062241e+01,-7.61896983e+00,1.00010879e-09
37,9.36573006e-01,2.96782077e-08,90,9,2,29,normal_corr_dominates,1.78035319e+00,1.00000000e+00,2.50000069e+07,6.93168243e+00,-8.88275012e+00,1.58144326e+01,1.00013614e-09
37,9.36573006e-01,2.96782077e-08,90,10,2,32,normal_corr_dominates,1.88919673e+00,1.00000000e+00,2.50000098e+07,9.81672209e+00,-1.10399890e+01,2.08567111e+01,1.00013393e-09
37,9.36573006e-01,2.96782077e-08,90,11,0,33,normal_corr_dominates,1.12953550e+01,1.00000000e+00,2.50000264e+07,2.63914608e+01,-2.56343377e+00,2.89548946e+01,1.00017829e-09
37,9.36573006e-01,2.96782077e-08,90,11,1,34,corr_ratio_high,1.76756997e+00,5.00000000e-01,2.49999977e+07,-2.25639507e+00,-2.56343377e+00,3.07038706e-01,1.00005814e-09
37,9.36573006e-01,2.96782077e-08,90,11,2,35,normal_corr_dominates,4.79189768e+00,1.00000000e+00,2.49999852e+07,-1.48471461e+01,-2.56343377e+00,-1.22837124e+01,1.00016003e-09
37,9.36573006e-01,2.96782077e-08,90,12,1,37,normal_corr_dominates,1.59277201e+00,1.00000000e+00,2.50000046e+07,4.63466522e+00,-7.81863030e+00,1.24532955e+01,1.00016556e-09
37,9.36573006e-01,2.96782077e-08,90,14,0,42,normal_corr_dominates,3.91324388e+00,1.00000000e+00,2.49999937e+07,-6.32310794e+00,2.17046983e+00,-8.49357777e+00,1.00012660e-09
37,9.36573006e-01,2.96782077e-08,90,14,1,43,normal_corr_dominates,1.61637030e+01,1.00000000e+00,2.49999671e+07,-3.29123598e+01,2.17046983e+00,-3.50828297e+01,1.00012605e-09
37,9.36573006e-01,2.96782077e-08,90,14,2,44,normal_corr_dominates,9.46184066e+00,1.00000000e+00,2.50000227e+07,2.27071095e+01,2.17046983e+00,2.05366397e+01,1.00016686e-09
37,9.36573006e-01,2.96782077e-08,90,15,0,45,normal_corr_dominates,1.32723707e+00,1.00000000e+00,2.49999889e+07,-1.11078299e+01,-4.77296879e+00,-6.33486113e+00,1.00012338e-09
37,9.36573006e-01,2.96782077e-08,90,15,1,46,normal_corr_dominates,2.18182592e+00,1.00000000e+00,2.49999848e+07,-1.51867558e+01,-4.77296879e+00,-1.04137870e+01,1.00018232e-09
37,9.36573006e-01,2.96782077e-08,90,15,2,47,normal_corr_dominates,1.81426300e+00,1.00000000e+00,2.49999866e+07,-1.34323895e+01,-4.77296879e+00,-8.65942070e+00,1.00013716e-09
37,9.36573006e-01,2.96782077e-08,90,17,0,51,normal_corr_dominates,3.26771663e+01,1.00000000e+00,2.49999731e+07,-2.68508110e+01,-7.97300187e-01,-2.60535108e+01,1.00022556e-09
37,9.36573006e-01,2.96782077e-08,90,17,1,52,normal_corr_dominates,1.62857083e+01,1.00000000e+00,2.49999862e+07,-1.37818985e+01,-7.97300187e-01,-1.29845983e+01,9.99984107e-10
37,9.36573006e-01,2.96782077e-08,90,17,1,52,corr_ratio_high,4.82945588e+00,5.00000000e-01,2.49999862e+07,-1.37818985e+01,-7.97300187e-01,-1.29845983e+01,9.99984107e-10
37,9.36573006e-01,2.96782077e-08,90,17,2,53,normal_corr_dominates,1.73569479e+01,1.00000000e+00,2.50000130e+07,1.30413976e+01,-7.97300187e-01,1.38386978e+01,1.00027685e-09
37,9.36573006e-01,2.96782077e-08,90,18,0,54,normal_corr_dominates,4.41300451e+00,1.00000000e+00,2.50000147e+07,1.47126618e+01,-4.31076542e+00,1.90234272e+01,1.00016438e-09
37,9.36573006e-01,2.96782077e-08,90,18,1,55,normal_corr_dominates,1.93236511e+00,1.00000000e+00,2.49999874e+07,-1.26407381e+01,-4.31076542e+00,-8.32997268e+00,1.00011370e-09
37,9.36573006e-01,2.96782077e-08,90,18,2,56,normal_corr_dominates,1.42574414e+00,1.00000000e+00,2.49999895e+07,-1.04568140e+01,-4.31076542e+00,-6.14604853e+00,1.00014187e-09
37,9.36573006e-01,2.96782077e-08,90,19,0,57,corr_ratio_high,2.20025804e+00,5.00000000e-01,2.49999906e+07,-9.44465296e+00,-1.09427440e+01,1.49809102e+00,1.00005280e-09
37,9.36573006e-01,2.96782077e-08,90,19,1,58,corr_ratio_high,5.86840464e-01,5.00000000e-01,2.49999967e+07,-3.32693463e+00,-1.09427440e+01,7.61580934e+00,1.00032273e-09
37,9.36573006e-01,2.96782077e-08,90,20,2,62,normal_corr_dominates,1.30345116e+00,1.00000000e+00,2.50000024e+07,2.38994359e+00,-7.87587555e+00,1.02658191e+01,1.00014602e-09
37,9.36573006e-01,2.96782077e-08,90,21,0,63,normal_corr_dominates,1.27804520e+00,1.00000000e+00,2.49999856e+07,-1.44145403e+01,-6.32759188e+00,-8.08694845e+00,1.00013664e-09
37,9.36573006e-01,2.96782077e-08,90,21,1,64,normal_corr_dominates,3.89137475e+00,1.00000000e+00,2.50000183e+07,1.82954394e+01,-6.32759188e+00,2.46230313e+01,1.00016392e-09
37,9.36573006e-01,2.96782077e-08,90,21,2,65,normal_corr_dominates,1.82422729e+00,1.00000000e+00,2.49999821e+07,-1.78705577e+01,-6.32759188e+00,-1.15429658e+01,1.00019554e-09
37,9.36573006e-01,2.96782077e-08,90,22,0,66,normal_corr_dominates,1.71944437e+01,1.00000000e+00,2.49999851e+07,-1.48677649e+01,9.18078148e-01,-1.57858430e+01,1.00012433e-09
37,9.36573006e-01,2.96782077e-08,90,22,1,67,normal_corr_dominates,1.71764654e+01,1.00000000e+00,2.49999851e+07,-1.48512594e+01,9.18078148e-01,-1.57693375e+01,1.00018047e-09
37,9.36573006e-01,2.96782077e-08,90,22,2,68,normal_corr_dominates,8.79407520e+00,1.00000000e+00,2.50000090e+07,8.99172642e+00,9.18078148e-01,8.07364828e+00,1.00021973e-09
37,9.36573006e-01,2.96782077e-08,90,24,0,72,corr_ratio_high,1.20237342e+00,5.00000000e-01,2.49999962e+07,-3.84595203e+00,-9.30720007e+00,5.46124803e+00,1.00007466e-09
37,9.36573006e-01,2.96782077e-08,90,24,1,73,normal_corr_dominates,1.19751620e+00,1.00000000e+00,2.49999795e+07,-2.04527229e+01,-9.30720007e+00,-1.11455228e+01,1.00017792e-09
37,9.36573006e-01,2.96782077e-08,90,25,1,76,normal_corr_dominates,4.93382260e+00,1.00000000e+00,2.50000146e+07,1.45607654e+01,-3.70142909e+00,1.82621945e+01,1.00022475e-09
37,9.36573006e-01,2.96782077e-08,90,25,2,77,normal_corr_dominates,5.66140121e+00,1.00000000e+00,2.50000173e+07,1.72538461e+01,-3.70142909e+00,2.09552751e+01,1.00005531e-09
37,9.36573006e-01,2.96782077e-08,90,25,2,77,corr_ratio_high,2.05960658e+00,5.00000000e-01,2.50000173e+07,1.72538461e+01,-3.70142909e+00,2.09552751e+01,1.00005531e-09
37,9.36573006e-01,2.96782077e-08,90,16,0,48,normal_corr_dominates,7.82983323e+00,1.00000000e+00,2.49999630e+07,-3.70282685e+01,-4.19354109e+00,-3.28347274e+01,1.00009602e-09
37,9.36573006e-01,2.96782077e-08,90,16,0,48,corr_ratio_high,1.47192825e+00,5.00000000e-01,2.49999630e+07,-3.70282685e+01,-4.19354109e+00,-3.28347274e+01,1.00009602e-09
37,9.36573006e-01,2.96782077e-08,90,16,1,49,normal_corr_dominates,2.56543593e+00,1.00000000e+00,2.50000066e+07,6.56471988e+00,-4.19354109e+00,1.07582610e+01,1.00019122e-09
37,9.36573006e-01,2.96782077e-08,90,16,2,50,normal_corr_dominates,1.44939245e+00,1.00000000e+00,2.50000019e+07,1.88454571e+00,-4.19354109e+00,6.07808680e+00,1.00021857e-09
38,9.58490893e-01,3.03727436e-08,90,0,0,0,normal_corr_dominates,3.12198584e+00,1.00000000e+00,2.50000056e+07,5.59398449e+00,-2.63620256e+00,8.23018705e+00,1.00024476e-09
38,9.58490893e-01,3.03727436e-08,90,0,1,1,normal_corr_dominates,6.03860628e+00,1.00000000e+00,2.50000133e+07,1.32827868e+01,-2.63620256e+00,1.59189893e+01,1.00017159e-09
38,9.58490893e-01,3.03727436e-08,90,0,2,2,corr_ratio_high,2.44897061e+00,5.00000000e-01,2.49999967e+07,-3.29897074e+00,-2.63620256e+00,-6.62768183e-01,1.00005484e-09
38,9.58490893e-01,3.03727436e-08,90,1,0,3,normal_corr_dominates,2.44252817e+00,1.00000000e+00,2.50000111e+07,1.11093282e+01,-7.70129031e+00,1.88106185e+01,1.00020377e-09
38,9.58490893e-01,3.03727436e-08,90,3,1,10,normal_corr_dominates,2.96289723e+00,1.00000000e+00,2.50000136e+07,1.36386130e+01,-6.94820530e+00,2.05868183e+01,1.00020462e-09
38,9.58490893e-01,3.03727436e-08,90,3,2,11,normal_corr_dominates,2.73016997e+00,1.00000000e+00,2.50000120e+07,1.20215762e+01,-6.94820530e+00,1.89697815e+01,1.00012871e-09
38,9.58490893e-01,3.03727436e-08,90,3,2,11,corr_ratio_high,6.46318827e-01,5.00000000e-01,2.50000120e+07,1.20215762e+01,-6.94820530e+00,1.89697815e+01,1.00012871e-09
38,9.58490893e-01,3.03727436e-08,90,4,0,12,normal_corr_dominates,1.13742784e+01,1.00000000e+00,2.50000102e+07,1.02322310e+01,-9.86307734e-01,1.12185387e+01,1.00020534e-09
38,9.58490893e-01,3.03727436e-08,90,4,1,13,normal_corr_dominates,2.71078889e+01,1.00000000e+00,2.50000258e+07,2.57504128e+01,-9.86307734e-01,2.67367205e+01,1.00011455e-09
38,9.58490893e-01,3.03727436e-08,90,4,1,13,corr_ratio_high,5.35929911e-01,5.00000000e-01,2.50000258e+07,2.57504128e+01,-9.86307734e-01,2.67367205e+01,1.00011455e-09
38,9.58490893e-01,3.03727436e-08,90,5,0,15,normal_corr_dominates,1.82922597e+02,1.00000000e+00,2.50000370e+07,3.69793012e+01,2.01059042e-01,3.67782422e+01,1.00010251e-09
38,9.58490893e-01,3.03727436e-08,90,5,1,16,normal_corr_dominates,2.62419464e+02,1.00000000e+00,2.49999474e+07,-5.25607469e+01,2.01059042e-01,-5.27618059e+01,1.00030077e-09
38,9.58490893e-01,3.03727436e-08,90,5,2,17,normal_corr_dominates,3.00685004e+01,1.00000000e+00,2.50000062e+07,6.24660292e+00,2.01059042e-01,6.04554388e+00,1.00003063e-09
38,9.58490893e-01,3.03727436e-08,90,5,2,17,corr_ratio_high,3.98087011e+00,5.00000000e-01,2.50000062e+07,6.24660292e+00,2.01059042e-01,6.04554388e+00,1.00003063e-09
38,9.58490893e-01,3.03727436e-08,90,6,0,18,normal_corr_dominates,1.58313654e+00,1.00000000e+00,2.49999717e+07,-2.82701813e+01,-1.09441297e+01,-1.73260516e+01,1.00009325e-09
38,9.58490893e-01,3.03727436e-08,90,6,0,18,corr_ratio_high,1.33171082e+00,5.00000000e-01,2.49999717e+07,-2.82701813e+01,-1.09441297e+01,-1.73260516e+01,1.00009325e-09
38,9.58490893e-01,3.03727436e-08,90,6,1,19,normal_corr_dominates,2.38970212e+00,1.00000000e+00,2.50000152e+07,1.52090803e+01,-1.09441297e+01,2.61532100e+01,1.00032257e-09
38,9.58490893e-01,3.03727436e-08,90,6,1,19,corr_ratio_high,5.55722449e-01,5.00000000e-01,2.50000152e+07,1.52090803e+01,-1.09441297e+01,2.61532100e+01,1.00032257e-09
38,9.58490893e-01,3.03727436e-08,90,6,2,20,normal_corr_dominates,1.28610435e+00,1.00000000e+00,2.49999750e+07,-2.50194225e+01,-1.09441297e+01,-1.40752928e+01,1.00010781e-09
38,9.58490893e-01,3.03727436e-08,90,6,2,20,corr_ratio_high,8.58555827e-01,5.00000000e-01,2.49999750e+07,-2.50194225e+01,-1.09441297e+01,-1.40752928e+01,1.00010781e-09
38,9.58490893e-01,3.03727436e-08,90,7,0,21,normal_corr_dominates,1.22253848e+01,1.00000000e+00,2.50000264e+07,2.63665622e+01,-2.34883371e+00,2.87153959e+01,1.00014393e-09
38,9.58490893e-01,3.03727436e-08,90,7,1,22,normal_corr_dominates,7.94998313e+00,1.00000000e+00,2.50000163e+07,1.63243547e+01,-2.34883371e+00,1.86731884e+01,1.00015979e-09
38,9.58490893e-01,3.03727436e-08,90,7,2,23,normal_corr_dominates,2.89170015e+00,1.00000000e+00,2.49999909e+07,-9.14095653e+00,-2.34883371e+00,-6.79212281e+00,1.00008972e-09
38,9.58490893e-01,3.03727436e-08,90,7,2,23,corr_ratio_high,5.93925230e-01,5.00000000e-01,2.49999909e+07,-9.14095653e+00,-2.34883371e+00,-6.79212281e+00,1.00008972e-09
38,9.58490893e-01,3.03727436e-08,90,8,0,24,normal_corr_dominates,1.96948166e+00,1.00000000e+00,2.50000113e+07,1.13007468e+01,-1.16564833e+01,2.29572300e+01,1.00015622e-09
38,9.58490893e-01,3.03727436e-08,90,8,1,25,normal_corr_dominates,1.08092052e+00,1.00000000e+00,2.50000009e+07,9.43248657e-01,-1.16564833e+01,1.25997319e+01,1.00032424e-09
38,9.58490893e-01,3.03727436e-08,90,8,1,25,corr_ratio_high,5.75087371e-01,5.00000000e-01,2.50000009e+07,9.43248657e-01,-1.16564833e+01,1.25997319e+01,1.00032424e-09
38,9.58490893e-01,3.03727436e-08,90,8,2,26,corr_ratio_high,6.94799661e-01,5.00000000e-01,2.49999806e+07,-1.94407170e+01,-1.16564833e+01,-7.78423371e+00,1.00011116e-09
38,9.58490893e-01,3.03727436e-08,90,9,2,29,normal_corr_dominates,1.77970500e+00,1.00000000e+00,2.50000071e+07,7.07824290e+00,-9.07810374e+00,1.61563466e+01,1.00013911e-09
38,9.58490893e-01,3.03727436e-08,90,10,2,32,normal_corr_dominates,1.88857099e+00,1.00000000e+00,2.50000100e+07,1.00247987e+01,-1.12819334e+01,2.13067321e+01,1.00013686e-09
38,9.58490893e-01,3.03727436e-08,90,11,0,33,normal_corr_dominates,1.12854947e+01,1.00000000e+00,2.50000270e+07,2.69616840e+01,-2.62133079e+00,2.95830148e+01,1.00018218e-09
38,9.58490893e-01,3.03727436e-08,90,11,1,34,corr_ratio_high,1.76742052e+00,5.00000000e-01,2.49999977e+07,-2.30560821e+00,-2.62133079e+00,3.15722581e-01,1.00005941e-09
38,9.58490893e-01,3.03727436e-08,90,11,2,35,normal_corr_dominates,4.78764252e+00,1.00000000e+00,2.49999848e+07,-1.51713256e+01,-2.62133079e+00,-1.25499948e+01,1.00016352e-09
38,9.58490893e-01,3.03727436e-08,90,12,1,37,normal_corr_dominates,1.59213279e+00,1.00000000e+00,2.50000047e+07,4.73159432e+00,-7.99076554e+00,1.27223599e+01,1.00016917e-09
38,9.58490893e-01,3.03727436e-08,90,14,0,42,normal_corr_dominates,3.91625538e+00,1.00000000e+00,2.49999935e+07,-6.46273038e+00,2.21610577e+00,-8.67883615e+00,1.00012936e-09
38,9.58490893e-01,3.03727436e-08,90,14,1,43,normal_corr_dominates,1.61744050e+01,1.00000000e+00,2.49999664e+07,-3.36280865e+01,2.21610577e+00,-3.58441923e+01,1.00012879e-09
38,9.58490893e-01,3.03727436e-08,90,14,2,44,normal_corr_dominates,9.46872953e+00,1.00000000e+00,2.50000232e+07,2.31998119e+01,2.21610577e+00,2.09837062e+01,1.00017049e-09
38,9.58490893e-01,3.03727436e-08,90,15,0,45,normal_corr_dominates,1.32696997e+00,1.00000000e+00,2.49999886e+07,-1.13511564e+01,-4.87808462e+00,-6.47307178e+00,1.00012606e-09
38,9.58490893e-01,3.03727436e-08,90,15,1,46,normal_corr_dominates,2.18095437e+00,1.00000000e+00,2.49999845e+07,-1.55169646e+01,-4.87808462e+00,-1.06388799e+01,1.00018629e-09
38,9.58490893e-01,3.03727436e-08,90,15,2,47,normal_corr_dominates,1.81372194e+00,1.00000000e+00,2.49999863e+07,-1.37255737e+01,-4.87808462e+00,-8.84748911e+00,1.00014015e-09
38,9.58490893e-01,3.03727436e-08,90,17,0,51,normal_corr_dominates,3.25777130e+01,1.00000000e+00,2.49999726e+07,-2.74370066e+01,-8.17119575e-01,-2.66198870e+01,1.00023047e-09
38,9.58490893e-01,3.03727436e-08,90,17,1,52,normal_corr_dominates,1.62346210e+01,1.00000000e+00,2.49999859e+07,-1.40827462e+01,-8.17119575e-01,-1.32656266e+01,9.99983769e-10
38,9.58490893e-01,3.03727436e-08,90,17,1,52,corr_ratio_high,4.82978212e+00,5.00000000e-01,2.49999859e+07,-1.40827462e+01,-8.17119575e-01,-1.32656266e+01,9.99983769e-10
38,9.58490893e-01,3.03727436e-08,90,17,2,53,normal_corr_dominates,1.73034900e+01,1.00000000e+00,2.50000133e+07,1.33219008e+01,-8.17119575e-01,1.41390204e+01,1.00028287e-09
38,9.58490893e-01,3.03727436e-08,90,18,0,54,normal_corr_dominates,4.41057780e+00,1.00000000e+00,2.50000150e+07,1.50293662e+01,-4.40669207e+00,1.94360582e+01,1.00016796e-09
38,9.58490893e-01,3.03727436e-08,90,18,1,55,normal_corr_dominates,1.93125528e+00,1.00000000e+00,2.49999871e+07,-1.29171394e+01,-4.40669207e+00,-8.51044731e+00,1.00011618e-09
38,9.58490893e-01,3.03727436e-08,90,18,2,56,normal_corr_dominates,1.42480476e+00,1.00000000e+00,2.49999893e+07,-1.06853679e+01,-4.40669207e+00,-6.27867585e+00,1.00014496e-09
38,9.58490893e-01,3.03727436e-08,90,19,0,57,corr_ratio_high,2.19986577e+00,5.00000000e-01,2.49999903e+07,-9.65111588e+00,-1.11828990e+01,1.53178314e+00,1.00005395e-09
38,9.58490893e-01,3.03727436e-08,90,19,1,58,corr_ratio_high,5.86831875e-01,5.00000000e-01,2.49999966e+07,-3.40235545e+00,-1.11828990e+01,7.78054357e+00,1.00032976e-09
38,9.58490893e-01,3.03727436e-08,90,20,2,62,normal_corr_dominates,1.30295721e+00,1.00000000e+00,2.50000024e+07,2.43855448e+00,-8.04917142e+00,1.04877259e+01,1.00014920e-09
38,9.58490893e-01,3.03727436e-08,90,21,0,63,normal_corr_dominates,1.27785606e+00,1.00000000e+00,2.49999853e+07,-1.47295320e+01,-6.46640155e+00,-8.26313042e+00,1.00013962e-09
38,9.58490893e-01,3.03727436e-08,90,21,1,64,normal_corr_dominates,3.89068863e+00,1.00000000e+00,2.50000187e+07,1.86923534e+01,-6.46640155e+00,2.51587550e+01,1.00016749e-09
38,9.58490893e-01,3.03727436e-08,90,21,2,65,normal_corr_dominates,1.82378918e+00,1.00000000e+00,2.49999817e+07,-1.82597547e+01,-6.46640155e+00,-1.17933532e+01,1.00019980e-09
38,9.58490893e-01,3.03727436e-08,90,22,0,66,normal_corr_dominates,1.72376103e+01,1.00000000e+00,2.49999848e+07,-1.51931967e+01,9.35679353e-01,-1.61288761e+01,1.00012704e-09
38,9.58490893e-01,3.03727436e-08,90,22,1,67,normal_corr_dominates,1.72195261e+01,1.00000000e+00,2.49999848e+07,-1.51762757e+01,9.35679353e-01,-1.61119551e+01,1.00018440e-09
38,9.58490893e-01,3.03727436e-08,90,22,2,68,normal_corr_dominates,8.81606123e+00,1.00000000e+00,2.50000092e+07,9.18468582e+00,9.35679353e-01,8.24900647e+00,1.00022451e-09
38,9.58490893e-01,3.03727436e-08,90,24,0,72,corr_ratio_high,1.20223809e+00,5.00000000e-01,2.49999961e+07,-3.92961916e+00,-9.51165935e+00,5.58204019e+00,1.00007629e-09
38,9.58490893e-01,3.03727436e-08,90,24,1,73,normal_corr_dominates,1.19726934e+00,1.00000000e+00,2.49999791e+07,-2.08996775e+01,-9.51165935e+00,-1.13880181e+01,1.00018179e-09
38,9.58490893e-01,3.03727436e-08,90,25,1,76,normal_corr_dominates,4.93207190e+00,1.00000000e+00,2.50000149e+07,1.48761595e+01,-3.78328777e+00,1.86594473e+01,1.00022964e-09
38,9.58490893e-01,3.03727436e-08,90,25,2,77,normal_corr_dominates,5.65878441e+00,1.00000000e+00,2.50000176e+07,1.76255221e+01,-3.78328777e+00,2.14088098e+01,1.00005651e-09
38,9.58490893e-01,3.03727436e-08,90,25,2,77,corr_ratio_high,2.05959179e+00,5.00000000e-01,2.50000176e+07,1.76255221e+01,-3.78328777e+00,2.14088098e+01,1.00005651e-09
38,9.58490893e-01,3.03727436e-08,90,16,0,48,normal_corr_dominates,7.82559506e+00,1.00000000e+00,2.49999622e+07,-3.78350128e+01,-4.28696451e+00,-3.35480483e+01,1.00009811e-09
38,9.58490893e-01,3.03727436e-08,90,16,0,48,corr_ratio_high,1.47178496e+00,5.00000000e-01,2.49999622e+07,-3.78350128e+01,-4.28696451e+00,-3.35480483e+01,1.00009811e-09
38,9.58490893e-01,3.03727436e-08,90,16,1,49,normal_corr_dominates,2.56402953e+00,1.00000000e+00,2.50000067e+07,6.70493908e+00,-4.28696451e+00,1.09919036e+01,1.00019539e-09
38,9.58490893e-01,3.03727436e-08,90,16,2,50,normal_corr_dominates,1.44863899e+00,1.00000000e+00,2.50000019e+07,1.92329941e+00,-4.28696451e+00,6.21026391e+00,1.00022333e-09
39,9.80231909e-01,3.10616748e-08,90,0,0,0,normal_corr_dominates,3.12115026e+00,1.00000000e+00,2.50000057e+07,5.71208514e+00,-2.69291867e+00,8.40500382e+00,1.00024992e-09
39,9.80231909e-01,3.10616748e-08,90,0,1,1,normal_corr_dominates,6.03496462e+00,1.00000000e+00,2.50000136e+07,1.35587503e+01,-2.69291867e+00,1.62516689e+01,1.00017521e-09
39,9.80231909e-01,3.10616748e-08,90,0,2,2,corr_ratio_high,2.44837865e+00,5.00000000e-01,2.49999966e+07,-3.37132031e+00,-2.69291867e+00,-6.78401634e-01,1.00005601e-09
39,9.80231909e-01,3.10616748e-08,90,1,0,3,normal_corr_dominates,2.44186607e+00,1.00000000e+00,2.50000113e+07,1.13411579e+01,-7.86561119e+00,1.92067691e+01,1.00020807e-09
39,9.80231909e-01,3.10616748e-08,90,3,1,10,normal_corr_dominates,2.96250664e+00,1.00000000e+00,2.50000139e+07,1.39254567e+01,-7.09575007e+00,2.10212067e+01,1.00020894e-09
39,9.80231909e-01,3.10616748e-08,90,3,2,11,normal_corr_dominates,2.72933961e+00,1.00000000e+00,2.50000123e+07,1.22709617e+01,-7.09575007e+00,1.93667117e+01,1.00013143e-09
39,9.80231909e-01,3.10616748e-08,90,3,2,11,corr_ratio_high,6.46299970e-01,5.00000000e-01,2.50000123e+07,1.22709617e+01,-7.09575007e+00,1.93667117e+01,1.00013143e-09
39,9.80231909e-01,3.10616748e-08,90,4,0,12,normal_corr_dominates,1.13493050e+01,1.00000000e+00,2.50000104e+07,1.04452211e+01,-1.00926788e+00,1.14544890e+01,1.00020967e-09
39,9.80231909e-01,3.10616748e-08,90,4,1,13,normal_corr_dominates,2.70485534e+01,1.00000000e+00,2.50000263e+07,2.62899682e+01,-1.00926788e+00,2.72992361e+01,1.00011696e-09
39,9.80231909e-01,3.10616748e-08,90,4,1,13,corr_ratio_high,5.35978697e-01,5.00000000e-01,2.50000263e+07,2.62899682e+01,-1.00926788e+00,2.72992361e+01,1.00011696e-09
39,9.80231909e-01,3.10616748e-08,90,5,0,15,normal_corr_dominates,1.85060432e+02,1.00000000e+00,2.50000378e+07,3.77546595e+01,2.02916112e-01,3.75517434e+01,1.00010468e-09
39,9.80231909e-01,3.10616748e-08,90,5,1,16,normal_corr_dominates,2.65491593e+02,1.00000000e+00,2.49999463e+07,-5.36696058e+01,2.02916112e-01,-5.38725219e+01,1.00030711e-09
39,9.80231909e-01,3.10616748e-08,90,5,2,17,normal_corr_dominates,3.04242918e+01,1.00000000e+00,2.50000064e+07,6.37649512e+00,2.02916112e-01,6.17357901e+00,1.00003128e-09
39,9.80231909e-01,3.10616748e-08,90,5,2,17,corr_ratio_high,3.98014639e+00,5.00000000e-01,2.50000064e+07,6.37649512e+00,2.02916112e-01,6.17357901e+00,1.00003128e-09
39,9.80231909e-01,3.10616748e-08,90,6,0,18,normal_corr_dominates,1.58309423e+00,1.00000000e+00,2.49999711e+07,-2.88665619e+01,-1.11751873e+01,-1.76913745e+01,1.00009523e-09
39,9.80231909e-01,3.10616748e-08,90,6,0,18,corr_ratio_high,1.33160222e+00,5.00000000e-01,2.49999711e+07,-2.88665619e+01,-1.11751873e+01,-1.76913745e+01,1.00009523e-09
39,9.80231909e-01,3.10616748e-08,90,6,1,19,normal_corr_dominates,2.38962870e+00,1.00000000e+00,2.50000155e+07,1.55293611e+01,-1.11751873e+01,2.67045484e+01,1.00032937e-09
39,9.80231909e-01,3.10616748e-08,90,6,1,19,corr_ratio_high,5.55716930e-01,5.00000000e-01,2.50000155e+07,1.55293611e+01,-1.11751873e+01,2.67045484e+01,1.00032937e-09
39,9.80231909e-01,3.10616748e-08,90,6,2,20,normal_corr_dominates,1.28617827e+00,1.00000000e+00,2.49999745e+07,-2.55484704e+01,-1.11751873e+01,-1.43732831e+01,1.00011010e-09
39,9.80231909e-01,3.10616748e-08,90,6,2,20,corr_ratio_high,8.58401714e-01,5.00000000e-01,2.49999745e+07,-2.55484704e+01,-1.11751873e+01,-1.43732831e+01,1.00011010e-09
39,9.80231909e-01,3.10616748e-08,90,7,0,21,normal_corr_dominates,1.22137289e+01,1.00000000e+00,2.50000269e+07,2.69178385e+01,-2.40043598e+00,2.93182744e+01,1.00014697e-09
39,9.80231909e-01,3.10616748e-08,90,7,1,22,normal_corr_dominates,7.94265168e+00,1.00000000e+00,2.50000167e+07,1.66653909e+01,-2.40043598e+00,1.90658269e+01,1.00016316e-09
39,9.80231909e-01,3.10616748e-08,90,7,2,23,normal_corr_dominates,2.88870367e+00,1.00000000e+00,2.49999907e+07,-9.33458421e+00,-2.40043598e+00,-6.93414823e+00,1.00009161e-09
39,9.80231909e-01,3.10616748e-08,90,7,2,23,corr_ratio_high,5.93903726e-01,5.00000000e-01,2.49999907e+07,-9.33458421e+00,-2.40043598e+00,-6.93414823e+00,1.00009161e-09
39,9.80231909e-01,3.10616748e-08,90,8,0,24,normal_corr_dominates,1.96909956e+00,1.00000000e+00,2.50000115e+07,1.15364191e+01,-1.19042661e+01,2.34406853e+01,1.00015951e-09
39,9.80231909e-01,3.10616748e-08,90,8,1,25,normal_corr_dominates,1.08064099e+00,1.00000000e+00,2.50000010e+07,9.59971812e-01,-1.19042661e+01,1.28642380e+01,1.00033108e-09
39,9.80231909e-01,3.10616748e-08,90,8,1,25,corr_ratio_high,5.75080210e-01,5.00000000e-01,2.50000010e+07,9.59971812e-01,-1.19042661e+01,1.28642380e+01,1.00033108e-09
39,9.80231909e-01,3.10616748e-08,90,8,2,26,corr_ratio_high,6.94742086e-01,5.00000000e-01,2.49999801e+07,-1.98520808e+01,-1.19042661e+01,-7.94781461e+00,1.00011351e-09
39,9.80231909e-01,3.10616748e-08,90,9,2,29,normal_corr_dominates,1.77907256e+00,1.00000000e+00,2.50000072e+07,7.22320133e+00,-9.27153863e+00,1.64947400e+01,1.00014204e-09
39,9.80231909e-01,3.10616748e-08,90,10,2,32,normal_corr_dominates,1.88795983e+00,1.00000000e+00,2.50000102e+07,1.02306078e+01,-1.15214759e+01,2.17520837e+01,1.00013975e-09
39,9.80231909e-01,3.10616748e-08,90,11,0,33,normal_corr_dominates,1.12759122e+01,1.00000000e+00,2.50000275e+07,2.75260332e+01,-2.67869486e+00,3.02047281e+01,1.00018603e-09
39,9.80231909e-01,3.10616748e-08,90,11,1,34,corr_ratio_high,1.76727307e+00,5.00000000e-01,2.49999976e+07,-2.35434829e+00,-2.67869486e+00,3.24346565e-01,1.00006067e-09
39,9.80231909e-01,3.10616748e-08,90,11,2,35,normal_corr_dominates,4.78350418e+00,1.00000000e+00,2.49999845e+07,-1.54922429e+01,-2.67869486e+00,-1.28135480e+01,1.00016697e-09
39,9.80231909e-01,3.10616748e-08,90,12,1,37,normal_corr_dominates,1.59151017e+00,1.00000000e+00,2.50000048e+07,4.82744068e+00,-8.16121332e+00,1.29886540e+01,1.00017274e-09
39,9.80231909e-01,3.10616748e-08,90,14,0,42,normal_corr_dominates,3.91920107e+00,1.00000000e+00,2.49999934e+07,-6.60100293e+00,2.26123613e+00,-8.86223907e+00,1.00013210e-09
39,9.80231909e-01,3.10616748e-08,90,14,1,43,normal_corr_dominates,1.61848561e+01,1.00000000e+00,2.49999657e+07,-3.43365452e+01,2.26123613e+00,-3.65977813e+01,1.00013151e-09
39,9.80231909e-01,3.10616748e-08,90,14,2,44,normal_corr_dominates,9.47546087e+00,1.00000000e+00,2.50000237e+07,2.36874906e+01,2.26123613e+00,2.14262545e+01,1.00017409e-09
39,9.80231909e-01,3.10616748e-08,90,15,0,45,normal_corr_dominates,1.32671129e+00,1.00000000e+00,2.49999884e+07,-1.15920767e+01,-4.98217239e+00,-6.60990434e+00,1.00012872e-09
39,9.80231909e-01,3.10616748e-08,90,15,1,46,normal_corr_dominates,2.18009993e+00,1.00000000e+00,2.49999842e+07,-1.58438061e+01,-4.98217239e+00,-1.08616337e+01,1.00019021e-09
39,9.80231909e-01,3.10616748e-08,90,15,2,47,normal_corr_dominates,1.81319590e+00,1.00000000e+00,2.49999860e+07,-1.40158269e+01,-4.98217239e+00,-9.03365453e+00,1.00014312e-09
39,9.80231909e-01,3.10616748e-08,90,17,0,51,normal_corr_dominates,3.24815021e+01,1.00000000e+00,2.49999720e+07,-2.80173076e+01,-8.36799602e-01,-2.71805080e+01,1.00023534e-09
39,9.80231909e-01,3.10616748e-08,90,17,1,52,normal_corr_dominates,1.61851962e+01,1.00000000e+00,2.49999856e+07,-1.43805653e+01,-8.36799602e-01,-1.35437657e+01,9.99983435e-10
39,9.80231909e-01,3.10616748e-08,90,17,1,52,corr_ratio_high,4.83010110e+00,5.00000000e-01,2.49999856e+07,-1.43805653e+01,-8.36799602e-01,-1.35437657e+01,9.99983435e-10
39,9.80231909e-01,3.10616748e-08,90,17,2,53,normal_corr_dominates,1.72517830e+01,1.00000000e+00,2.50000136e+07,1.35994856e+01,-8.36799602e-01,1.44362852e+01,1.00028884e-09
39,9.80231909e-01,3.10616748e-08,90,18,0,54,normal_corr_dominates,4.40821372e+00,1.00000000e+00,2.50000153e+07,1.53427692e+01,-4.50170395e+00,1.98444731e+01,1.00017151e-09
39,9.80231909e-01,3.10616748e-08,90,18,1,55,normal_corr_dominates,1.93017198e+00,1.00000000e+00,2.49999868e+07,-1.31907668e+01,-4.50170395e+00,-8.68906285e+00,1.00011864e-09
39,9.80231909e-01,3.10616748e-08,90,18,2,56,normal_corr_dominates,1.42388870e+00,1.00000000e+00,2.49999891e+07,-1.09116294e+01,-4.50170395e+00,-6.40992541e+00,1.00014802e-09
39,9.80231909e-01,3.10616748e-08,90,19,0,57,corr_ratio_high,2.19948089e+00,5.00000000e-01,2.49999901e+07,-9.85550689e+00,-1.14206788e+01,1.56517189e+00,1.00005510e-09
39,9.80231909e-01,3.10616748e-08,90,19,1,58,corr_ratio_high,5.86823497e-01,5.00000000e-01,2.49999965e+07,-3.47708729e+00,-1.14206788e+01,7.94359148e+00,1.00033671e-09
39,9.80231909e-01,3.10616748e-08,90,20,2,62,normal_corr_dominates,1.30247564e+00,1.00000000e+00,2.50000025e+07,2.48658198e+00,-8.22076776e+00,1.07073497e+01,1.00015235e-09
39,9.80231909e-01,3.10616748e-08,90,21,0,63,normal_corr_dominates,1.27767233e+00,1.00000000e+00,2.49999850e+07,-1.50413817e+01,-6.60383918e+00,-8.43754256e+00,1.00014256e-09
39,9.80231909e-01,3.10616748e-08,90,21,1,64,normal_corr_dominates,3.89001806e+00,1.00000000e+00,2.50000191e+07,1.90852145e+01,-6.60383918e+00,2.56890536e+01,1.00017102e-09
39,9.80231909e-01,3.10616748e-08,90,21,2,65,normal_corr_dominates,1.82335791e+00,1.00000000e+00,2.49999814e+07,-1.86450016e+01,-6.60383918e+00,-1.20411624e+01,1.00020402e-09
39,9.80231909e-01,3.10616748e-08,90,22,0,66,normal_corr_dominates,1.72798890e+01,1.00000000e+00,2.49999845e+07,-1.55153890e+01,9.53040223e-01,-1.64684292e+01,1.00012972e-09
39,9.80231909e-01,3.10616748e-08,90,22,1,67,normal_corr_dominates,1.72616907e+01,1.00000000e+00,2.49999845e+07,-1.54980453e+01,9.53040223e-01,-1.64510856e+01,1.00018829e-09
39,9.80231909e-01,3.10616748e-08,90,22,2,68,normal_corr_dominates,8.83759341e+00,1.00000000e+00,2.50000094e+07,9.37562221e+00,9.53040223e-01,8.42258199e+00,1.00022925e-09
39,9.80231909e-01,3.10616748e-08,90,24,0,72,corr_ratio_high,1.20210486e+00,5.00000000e-01,2.49999960e+07,-4.01246000e+00,-9.71410272e+00,5.70164272e+00,1.00007790e-09
39,9.80231909e-01,3.10616748e-08,90,24,1,73,normal_corr_dominates,1.19702814e+00,1.00000000e+00,2.49999787e+07,-2.13421570e+01,-9.71410272e+00,-1.16280543e+01,1.00018563e-09
39,9.80231909e-01,3.10616748e-08,90,25,1,76,normal_corr_dominates,4.93036918e+00,1.00000000e+00,2.50000152e+07,1.51883143e+01,-3.86434799e+00,1.90526622e+01,1.00023449e-09
39,9.80231909e-01,3.10616748e-08,90,25,2,77,normal_corr_dominates,5.65624333e+00,1.00000000e+00,2.50000180e+07,1.79933446e+01,-3.86434799e+00,2.18576926e+01,1.00005771e-09
39,9.80231909e-01,3.10616748e-08,90,25,2,77,corr_ratio_high,2.05957553e+00,5.00000000e-01,2.50000180e+07,1.79933446e+01,-3.86434799e+00,2.18576926e+01,1.00005771e-09
39,9.80231909e-01,3.10616748e-08,90,16,0,48,normal_corr_dominates,7.82147444e+00,1.00000000e+00,2.49999614e+07,-3.86336240e+01,-4.37949736e+00,-3.42541266e+01,1.00010018e-09
39,9.80231909e-01,3.10616748e-08,90,16,0,48,corr_ratio_high,1.47164449e+00,5.00000000e-01,2.49999614e+07,-3.86336240e+01,-4.37949736e+00,-3.42541266e+01,1.00010018e-09
39,9.80231909e-01,3.10616748e-08,90,16,1,49,normal_corr_dominates,2.56266246e+00,1.00000000e+00,2.50000068e+07,6.84367611e+00,-4.37949736e+00,1.12231735e+01,1.00019951e-09
39,9.80231909e-01,3.10616748e-08,90,16,2,50,normal_corr_dominates,1.44790642e+00,1.00000000e+00,2.50000020e+07,1.96160496e+00,-4.37949736e+00,6.34110232e+00,1.00022804e-09
40,1.00410252e+00,3.18180888e-08,90,0,0,0,normal_corr_dominates,3.12026753e+00,1.00000000e+00,2.50000058e+07,5.84151690e+00,-2.75508483e+00,8.59660173e+00,1.00025556e-09
40,1.00410252e+00,3.18180888e-08,90,0,1,1,normal_corr_dominates,6.03105782e+00,1.00000000e+00,2.50000139e+07,1.38609911e+01,-2.75508483e+00,1.66160759e+01,1.00017917e-09
40,1.00410252e+00,3.18180888e-08,90,0,2,2,corr_ratio_high,2.44773497e+00,5.00000000e-01,2.49999965e+07,-3.45070604e+00,-2.75508483e+00,-6.95621210e-01,1.00005729e-09
40,1.00410252e+00,3.18180888e-08,90,1,0,3,normal_corr_dominates,2.44115278e+00,1.00000000e+00,2.50000116e+07,1.15950918e+01,-8.04570619e+00,1.96407980e+01,1.00021277e-09
40,1.00410252e+00,3.18180888e-08,90,3,1,10,normal_corr_dominates,2.96208468e+00,1.00000000e+00,2.50000142e+07,1.42396954e+01,-7.25743164e+00,2.14971271e+01,1.00021368e-09
40,1.00410252e+00,3.18180888e-08,90,3,2,11,normal_corr_dominates,2.72844623e+00,1.00000000e+00,2.50000125e+07,1.25440804e+01,-7.25743164e+00,1.98015120e+01,1.00013441e-09
40,1.00410252e+00,3.18180888e-08,90,3,2,11,corr_ratio_high,6.46278645e-01,5.00000000e-01,2.50000125e+07,1.25440804e+01,-7.25743164e+00,1.98015120e+01,1.00013441e-09
40,1.00410252e+00,3.18180888e-08,90,4,0,12,normal_corr_dominates,1.13225178e+01,1.00000000e+00,2.50000107e+07,1.06785071e+01,-1.03448667e+00,1.17129938e+01,1.00021441e-09
40,1.00410252e+00,3.18180888e-08,90,4,1,13,normal_corr_dominates,2.69848986e+01,1.00000000e+00,2.50000269e+07,2.68810314e+01,-1.03448667e+00,2.79155180e+01,1.00011961e-09
40,1.00410252e+00,3.18180888e-08,90,4,1,13,corr_ratio_high,5.36031895e-01,5.00000000e-01,2.50000269e+07,2.68810314e+01,-1.03448667e+00,2.79155180e+01,1.00011961e-09
40,1.00410252e+00,3.18180888e-08,90,5,0,15,normal_corr_dominates,1.87419159e+02,1.00000000e+00,2.50000386e+07,3.86040167e+01,2.04883711e-01,3.83991330e+01,1.00010706e-09
40,1.00410252e+00,3.18180888e-08,90,5,1,16,normal_corr_dominates,2.68881271e+02,1.00000000e+00,2.49999451e+07,-5.48845090e+01,2.04883711e-01,-5.50893927e+01,1.00031406e-09
40,1.00410252e+00,3.18180888e-08,90,5,2,17,normal_corr_dominates,3.08169522e+01,1.00000000e+00,2.50000065e+07,6.51877525e+00,2.04883711e-01,6.31389154e+00,1.00003199e-09
40,1.00410252e+00,3.18180888e-08,90,5,2,17,corr_ratio_high,3.97936072e+00,5.00000000e-01,2.50000065e+07,6.51877525e+00,2.04883711e-01,6.31389154e+00,1.00003199e-09
40,1.00410252e+00,3.18180888e-08,90,6,0,18,normal_corr_dominates,1.58305063e+00,1.00000000e+00,2.49999705e+07,-2.95200035e+01,-1.14283488e+01,-1.80916548e+01,1.00009738e-09
40,1.00410252e+00,3.18180888e-08,90,6,0,18,corr_ratio_high,1.33148364e+00,5.00000000e-01,2.49999705e+07,-2.95200035e+01,-1.14283488e+01,-1.80916548e+01,1.00009738e-09
40,1.00410252e+00,3.18180888e-08,90,6,1,19,normal_corr_dominates,2.38955284e+00,1.00000000e+00,2.50000159e+07,1.58802945e+01,-1.14283488e+01,2.73086432e+01,1.00033681e-09
40,1.00410252e+00,3.18180888e-08,90,6,1,19,corr_ratio_high,5.55710855e-01,5.00000000e-01,2.50000159e+07,1.58802945e+01,-1.14283488e+01,2.73086432e+01,1.00033681e-09
40,1.00410252e+00,3.18180888e-08,90,6,2,20,normal_corr_dominates,1.28626011e+00,1.00000000e+00,2.49999739e+07,-2.61281779e+01,-1.14283488e+01,-1.46998291e+01,1.00011260e-09
40,1.00410252e+00,3.18180888e-08,90,6,2,20,corr_ratio_high,8.58234435e-01,5.00000000e-01,2.49999739e+07,-2.61281779e+01,-1.14283488e+01,-1.46998291e+01,1.00011260e-09
40,1.00410252e+00,3.18180888e-08,90,7,0,21,normal_corr_dominates,1.22011736e+01,1.00000000e+00,2.50000275e+07,2.75216768e+01,-2.45703511e+00,2.99787119e+01,1.00015030e-09
40,1.00410252e+00,3.18180888e-08,90,7,1,22,normal_corr_dominates,7.93475482e+00,1.00000000e+00,2.50000170e+07,1.70389361e+01,-2.45703511e+00,1.94959712e+01,1.00016686e-09
40,1.00410252e+00,3.18180888e-08,90,7,2,23,normal_corr_dominates,2.88547118e+00,1.00000000e+00,2.49999905e+07,-9.54673910e+00,-2.45703511e+00,-7.08970399e+00,1.00009369e-09
40,1.00410252e+00,3.18180888e-08,90,7,2,23,corr_ratio_high,5.93880458e-01,5.00000000e-01,2.49999905e+07,-9.54673910e+00,-2.45703511e+00,-7.08970399e+00,1.00009369e-09
40,1.00410252e+00,3.18180888e-08,90,8,0,24,normal_corr_dominates,1.96868830e+00,1.00000000e+00,2.50000118e+07,1.17945615e+01,-1.21758068e+01,2.39703683e+01,1.00016311e-09
40,1.00410252e+00,3.18180888e-08,90,8,1,25,normal_corr_dominates,1.08034015e+00,1.00000000e+00,2.50000010e+07,9.78206124e-01,-1.21758068e+01,1.31540129e+01,1.00033857e-09
40,1.00410252e+00,3.18180888e-08,90,8,1,25,corr_ratio_high,5.75072510e-01,5.00000000e-01,2.50000010e+07,9.78206124e-01,-1.21758068e+01,1.31540129e+01,1.00033857e-09
40,1.00410252e+00,3.18180888e-08,90,8,2,26,corr_ratio_high,6.94679705e-01,5.00000000e-01,2.49999797e+07,-2.03028331e+01,-1.21758068e+01,-8.12702634e+00,1.00011608e-09
40,1.00410252e+00,3.18180888e-08,90,9,2,29,normal_corr_dominates,1.77838981e+00,1.00000000e+00,2.50000074e+07,7.38188816e+00,-9.48353647e+00,1.68654246e+01,1.00014526e-09
40,1.00410252e+00,3.18180888e-08,90,10,2,32,normal_corr_dominates,1.88729938e+00,1.00000000e+00,2.50000105e+07,1.04559158e+01,-1.17839774e+01,2.22398933e+01,1.00014293e-09
40,1.00410252e+00,3.18180888e-08,90,11,0,33,normal_corr_dominates,1.12656094e+01,1.00000000e+00,2.50000281e+07,2.81442334e+01,-2.74160377e+00,3.08858372e+01,1.00019024e-09
40,1.00410252e+00,3.18180888e-08,90,11,1,34,corr_ratio_high,1.76711209e+00,5.00000000e-01,2.49999976e+07,-2.40777827e+00,-2.74160377e+00,3.33825505e-01,1.00006205e-09
40,1.00410252e+00,3.18180888e-08,90,11,2,35,normal_corr_dominates,4.77905135e+00,1.00000000e+00,2.49999842e+07,-1.58438690e+01,-2.74160377e+00,-1.31022652e+01,1.00017075e-09
40,1.00410252e+00,3.18180888e-08,90,12,1,37,normal_corr_dominates,1.59083919e+00,1.00000000e+00,2.50000049e+07,4.93233840e+00,-8.34802169e+00,1.32803601e+01,1.00017665e-09
40,1.00410252e+00,3.18180888e-08,90,14,0,42,normal_corr_dominates,3.92238917e+00,1.00000000e+00,2.49999932e+07,-6.75256906e+00,2.31063307e+00,-9.06320213e+00,1.00013509e-09
40,1.00410252e+00,3.18180888e-08,90,14,1,43,normal_corr_dominates,1.61961484e+01,1.00000000e+00,2.49999649e+07,-3.51127229e+01,2.31063307e+00,-3.74233560e+01,1.00013448e-09
40,1.00410252e+00,3.18180888e-08,90,14,2,44,normal_corr_dominates,9.48273841e+00,1.00000000e+00,2.50000242e+07,2.42217620e+01,2.31063307e+00,2.19111289e+01,1.00017803e-09
40,1.00410252e+00,3.18180888e-08,90,15,0,45,normal_corr_dominates,1.32643416e+00,1.00000000e+00,2.49999881e+07,-1.18560990e+01,-5.09625383e+00,-6.75984518e+00,1.00013164e-09
40,1.00410252e+00,3.18180888e-08,90,15,1,46,normal_corr_dominates,2.17917305e+00,1.00000000e+00,2.49999838e+07,-1.62018729e+01,-5.09625383e+00,-1.11056190e+01,1.00019452e-09
40,1.00410252e+00,3.18180888e-08,90,15,2,47,normal_corr_dominates,1.81263009e+00,1.00000000e+00,2.49999857e+07,-1.43338769e+01,-5.09625383e+00,-9.23762304e+00,1.00014636e-09
40,1.00410252e+00,3.18180888e-08,90,17,0,51,normal_corr_dominates,3.23785363e+01,1.00000000e+00,2.49999713e+07,-2.86531429e+01,-8.58430179e-01,-2.77947127e+01,1.00024066e-09
40,1.00410252e+00,3.18180888e-08,90,17,1,52,normal_corr_dominates,1.61322977e+01,1.00000000e+00,2.49999853e+07,-1.47068814e+01,-8.58430179e-01,-1.38484512e+01,9.99983070e-10
40,1.00410252e+00,3.18180888e-08,90,17,1,52,corr_ratio_high,4.83044624e+00,5.00000000e-01,2.49999853e+07,-1.47068814e+01,-8.58430179e-01,-1.38484512e+01,9.99983070e-10
40,1.00410252e+00,3.18180888e-08,90,17,2,53,normal_corr_dominates,1.71964546e+01,1.00000000e+00,2.50000139e+07,1.39035254e+01,-8.58430179e-01,1.47619556e+01,1.00029537e-09
40,1.00410252e+00,3.18180888e-08,90,18,0,54,normal_corr_dominates,4.40566559e+00,1.00000000e+00,2.50000157e+07,1.56860336e+01,-4.60586432e+00,2.02918980e+01,1.00017539e-09
40,1.00410252e+00,3.18180888e-08,90,18,1,55,normal_corr_dominates,1.92900203e+00,1.00000000e+00,2.49999865e+07,-1.34905860e+01,-4.60586432e+00,-8.88472163e+00,1.00012132e-09
40,1.00410252e+00,3.18180888e-08,90,18,2,56,normal_corr_dominates,1.42290033e+00,1.00000000e+00,2.49999888e+07,-1.11595502e+01,-4.60586432e+00,-6.55368585e+00,1.00015137e-09
40,1.00410252e+00,3.18180888e-08,90,19,0,57,corr_ratio_high,2.19906302e+00,5.00000000e-01,2.49999899e+07,-1.00794624e+01,-1.16812583e+01,1.60179599e+00,1.00005635e-09
40,1.00410252e+00,3.18180888e-08,90,19,1,58,corr_ratio_high,5.86814455e-01,5.00000000e-01,2.49999964e+07,-3.55904885e+00,-1.16812583e+01,8.12220949e+00,1.00034433e-09
40,1.00410252e+00,3.18180888e-08,90,20,2,62,normal_corr_dominates,1.30195620e+00,1.00000000e+00,2.50000025e+07,2.53909960e+00,-8.40883418e+00,1.09479338e+01,1.00015581e-09
40,1.00410252e+00,3.18180888e-08,90,21,0,63,normal_corr_dominates,1.27747487e+00,1.00000000e+00,2.49999846e+07,-1.53831043e+01,-6.75445623e+00,-8.62864811e+00,1.00014579e-09
40,1.00410252e+00,3.18180888e-08,90,21,1,64,normal_corr_dominates,3.88929292e+00,1.00000000e+00,2.50000195e+07,1.95156026e+01,-6.75445623e+00,2.62700588e+01,1.00017489e-09
40,1.00410252e+00,3.18180888e-08,90,21,2,65,normal_corr_dominates,1.82288816e+00,1.00000000e+00,2.49999809e+07,-1.90670745e+01,-6.75445623e+00,-1.23126183e+01,1.00020863e-09
40,1.00410252e+00,3.18180888e-08,90,22,0,66,normal_corr_dominates,1.73257121e+01,1.00000000e+00,2.49999841e+07,-1.58684519e+01,9.71991408e-01,-1.68404433e+01,1.00013266e-09
40,1.00410252e+00,3.18180888e-08,90,22,1,67,normal_corr_dominates,1.73073789e+01,1.00000000e+00,2.49999841e+07,-1.58506322e+01,9.71991408e-01,-1.68226236e+01,1.00019256e-09
40,1.00410252e+00,3.18180888e-08,90,22,2,68,normal_corr_dominates,8.86092898e+00,1.00000000e+00,2.50000096e+07,9.58473824e+00,9.71991408e-01,8.61274684e+00,1.00023444e-09
40,1.00410252e+00,3.18180888e-08,90,24,0,72,corr_ratio_high,1.20195973e+00,5.00000000e-01,2.49999959e+07,-4.10324656e+00,-9.93596482e+00,5.83271826e+00,1.00007967e-09
40,1.00410252e+00,3.18180888e-08,90,24,1,73,normal_corr_dominates,1.19676736e+00,1.00000000e+00,2.49999782e+07,-2.18270032e+01,-9.93596482e+00,-1.18910384e+01,1.00018983e-09
40,1.00410252e+00,3.18180888e-08,90,25,1,76,normal_corr_dominates,4.92853681e+00,1.00000000e+00,2.50000155e+07,1.55302653e+01,-3.95319328e+00,1.94834586e+01,1.00023979e-09
40,1.00410252e+00,3.18180888e-08,90,25,2,77,normal_corr_dominates,5.65351334e+00,1.00000000e+00,2.50000184e+07,1.83962377e+01,-3.95319328e+00,2.23494310e+01,1.00005902e-09
40,1.00410252e+00,3.18180888e-08,90,25,2,77,corr_ratio_high,2.05955595e+00,5.00000000e-01,2.50000184e+07,1.83962377e+01,-3.95319328e+00,2.23494310e+01,1.00005902e-09
40,1.00410252e+00,3.18180888e-08,90,16,0,48,normal_corr_dominates,7.81704182e+00,1.00000000e+00,2.49999605e+07,-3.95086386e+01,-4.48094037e+00,-3.50276983e+01,1.00010246e-09
40,1.00410252e+00,3.18180888e-08,90,16,0,48,corr_ratio_high,1.47149210e+00,5.00000000e-01,2.49999605e+07,-3.95086386e+01,-4.48094037e+00,-3.50276983e+01,1.00010246e-09
40,1.00410252e+00,3.18180888e-08,90,16,1,49,normal_corr_dominates,2.56119228e+00,1.00000000e+00,2.50000070e+07,6.99560950e+00,-4.48094037e+00,1.14765499e+01,1.00020402e-09
40,1.00410252e+00,3.18180888e-08,90,16,2,50,normal_corr_dominates,1.44711835e+00,1.00000000e+00,2.50000020e+07,2.00351066e+00,-4.48094037e+00,6.48445102e+00,1.00023321e-09
41,1.03006898e+00,3.26409163e-08,90,0,0,0,normal_corr_dominates,3.11934669e+00,1.00000000e+00,2.50000060e+07,5.98203839e+00,-2.82258605e+00,8.80462444e+00,1.00026169e-09
41,1.03006898e+00,3.26409163e-08,90,0,1,1,normal_corr_dominates,6.02691242e+00,1.00000000e+00,2.50000142e+07,1.41888929e+01,-2.82258605e+00,1.70114789e+01,1.00018348e-09
41,1.03006898e+00,3.26409163e-08,90,0,2,2,corr_ratio_high,2.44704209e+00,5.00000000e-01,2.49999965e+07,-3.53700377e+00,-2.82258605e+00,-7.14417718e-01,1.00005868e-09
41,1.03006898e+00,3.26409163e-08,90,1,0,3,normal_corr_dominates,2.44039243e+00,1.00000000e+00,2.50000119e+07,1.18706190e+01,-8.24123948e+00,2.01118585e+01,1.00021788e-09
41,1.03006898e+00,3.26409163e-08,90,3,1,10,normal_corr_dominates,2.96163360e+00,1.00000000e+00,2.50000146e+07,1.45807077e+01,-7.43294147e+00,2.20136492e+01,1.00021882e-09
41,1.03006898e+00,3.26409163e-08,90,3,2,11,normal_corr_dominates,2.72749537e+00,1.00000000e+00,2.50000128e+07,1.28403720e+01,-7.43294147e+00,2.02733135e+01,1.00013764e-09
41,1.03006898e+00,3.26409163e-08,90,3,2,11,corr_ratio_high,6.46254760e-01,5.00000000e-01,2.50000128e+07,1.28403720e+01,-7.43294147e+00,2.02733135e+01,1.00013764e-09
41,1.03006898e+00,3.26409163e-08,90,4,0,12,normal_corr_dominates,1.12940967e+01,1.00000000e+00,2.50000109e+07,1.09316170e+01,-1.06193067e+00,1.19935477e+01,1.00021956e-09
41,1.03006898e+00,3.26409163e-08,90,4,1,13,normal_corr_dominates,2.69173503e+01,1.00000000e+00,2.50000275e+07,2.75224292e+01,-1.06193067e+00,2.85843598e+01,1.00012247e-09
41,1.03006898e+00,3.26409163e-08,90,4,1,13,corr_ratio_high,5.36089329e-01,5.00000000e-01,2.50000275e+07,2.75224292e+01,-1.06193067e+00,2.85843598e+01,1.00012247e-09
41,1.03006898e+00,3.26409163e-08,90,5,0,15,normal_corr_dominates,1.89999334e+02,1.00000000e+00,2.50000395e+07,3.95256805e+01,2.06941458e-01,3.93187391e+01,1.00010963e-09
41,1.03006898e+00,3.26409163e-08,90,5,1,16,normal_corr_dominates,2.72589327e+02,1.00000000e+00,2.49999438e+07,-5.62030911e+01,2.06941458e-01,-5.64100325e+01,1.00032160e-09
41,1.03006898e+00,3.26409163e-08,90,5,2,17,normal_corr_dominates,3.12466024e+01,1.00000000e+00,2.50000067e+07,6.67315891e+00,2.06941458e-01,6.46621745e+00,1.00003277e-09
41,1.03006898e+00,3.26409163e-08,90,5,2,17,corr_ratio_high,3.97851638e+00,5.00000000e-01,2.50000067e+07,6.67315891e+00,2.06941458e-01,6.46621745e+00,1.00003277e-09
41,1.03006898e+00,3.26409163e-08,90,6,0,18,normal_corr_dominates,1.58300644e+00,1.00000000e+00,2.49999698e+07,-3.02292416e+01,-1.17031228e+01,-1.85261188e+01,1.00009973e-09
41,1.03006898e+00,3.26409163e-08,90,6,0,18,corr_ratio_high,1.33135542e+00,5.00000000e-01,2.49999698e+07,-3.02292416e+01,-1.17031228e+01,-1.85261188e+01,1.00009973e-09
41,1.03006898e+00,3.26409163e-08,90,6,1,19,normal_corr_dominates,2.38947568e+00,1.00000000e+00,2.50000163e+07,1.62612046e+01,-1.17031228e+01,2.79643274e+01,1.00034489e-09
41,1.03006898e+00,3.26409163e-08,90,6,1,19,corr_ratio_high,5.55704230e-01,5.00000000e-01,2.50000163e+07,1.62612046e+01,-1.17031228e+01,2.79643274e+01,1.00034489e-09
41,1.03006898e+00,3.26409163e-08,90,6,2,20,normal_corr_dominates,1.28634987e+00,1.00000000e+00,2.49999732e+07,-2.67574333e+01,-1.17031228e+01,-1.50543105e+01,1.00011531e-09
41,1.03006898e+00,3.26409163e-08,90,6,2,20,corr_ratio_high,8.58054703e-01,5.00000000e-01,2.49999732e+07,-2.67574333e+01,-1.17031228e+01,-1.50543105e+01,1.00011531e-09
41,1.03006898e+00,3.26409163e-08,90,7,0,21,normal_corr_dominates,1.21877923e+01,1.00000000e+00,2.50000282e+07,2.81768615e+01,-2.51853635e+00,3.06953979e+01,1.00015391e-09
41,1.03006898e+00,3.26409163e-08,90,7,1,22,normal_corr_dominates,7.92633886e+00,1.00000000e+00,2.50000174e+07,1.74442362e+01,-2.51853635e+00,1.99627726e+01,1.00017087e-09
41,1.03006898e+00,3.26409163e-08,90,7,2,23,normal_corr_dominates,2.88202056e+00,1.00000000e+00,2.49999902e+07,-9.77700992e+00,-2.51853635e+00,-7.25847356e+00,1.00009594e-09
41,1.03006898e+00,3.26409163e-08,90,7,2,23,corr_ratio_high,5.93855539e-01,5.00000000e-01,2.49999902e+07,-9.77700992e+00,-2.51853635e+00,-7.25847356e+00,1.00009594e-09
41,1.03006898e+00,3.26409163e-08,90,8,0,24,normal_corr_dominates,1.96825036e+00,1.00000000e+00,2.50000121e+07,1.20746549e+01,-1.24705917e+01,2.45452466e+01,1.00016702e-09
41,1.03006898e+00,3.26409163e-08,90,8,1,25,normal_corr_dominates,1.08001979e+00,1.00000000e+00,2.50000010e+07,9.97894087e-01,-1.24705917e+01,1.34684858e+01,1.00034670e-09
41,1.03006898e+00,3.26409163e-08,90,8,1,25,corr_ratio_high,5.75064318e-01,5.00000000e-01,2.50000010e+07,9.97894087e-01,-1.24705917e+01,1.34684858e+01,1.00034670e-09
41,1.03006898e+00,3.26409163e-08,90,8,2,26,corr_ratio_high,6.94612804e-01,5.00000000e-01,2.49999792e+07,-2.07921084e+01,-1.24705917e+01,-8.32151672e+00,1.00011888e-09
41,1.03006898e+00,3.26409163e-08,90,9,2,29,normal_corr_dominates,1.77766046e+00,1.00000000e+00,2.50000076e+07,7.55396084e+00,-9.71370060e+00,1.72676614e+01,1.00014876e-09
41,1.03006898e+00,3.26409163e-08,90,10,2,32,normal_corr_dominates,1.88659308e+00,1.00000000e+00,2.50000107e+07,1.07002381e+01,-1.20689393e+01,2.27691774e+01,1.00014637e-09
41,1.03006898e+00,3.26409163e-08,90,11,0,33,normal_corr_dominates,1.12546508e+01,1.00000000e+00,2.50000288e+07,2.88150516e+01,-2.80994956e+00,3.16250011e+01,1.00019482e-09
41,1.03006898e+00,3.26409163e-08,90,11,1,34,corr_ratio_high,1.76693807e+00,5.00000000e-01,2.49999975e+07,-2.46580248e+00,-2.80994956e+00,3.44147081e-01,1.00006354e-09
41,1.03006898e+00,3.26409163e-08,90,11,2,35,normal_corr_dominates,4.77431124e+00,1.00000000e+00,2.49999838e+07,-1.62255233e+01,-2.80994956e+00,-1.34155738e+01,1.00017485e-09
41,1.03006898e+00,3.26409163e-08,90,12,1,37,normal_corr_dominates,1.59012375e+00,1.00000000e+00,2.50000050e+07,5.04605492e+00,-8.55084195e+00,1.35968969e+01,1.00018090e-09
41,1.03006898e+00,3.26409163e-08,90,14,0,42,normal_corr_dominates,3.92580413e+00,1.00000000e+00,2.49999931e+07,-6.91715138e+00,2.36418812e+00,-9.28133951e+00,1.00013834e-09
41,1.03006898e+00,3.26409163e-08,90,14,1,43,normal_corr_dominates,1.62082227e+01,1.00000000e+00,2.49999640e+07,-3.59550995e+01,2.36418812e+00,-3.83192876e+01,1.00013770e-09
41,1.03006898e+00,3.26409163e-08,90,14,2,44,normal_corr_dominates,9.49052486e+00,1.00000000e+00,2.50000248e+07,2.48015743e+01,2.36418812e+00,2.24373862e+01,1.00018230e-09
41,1.03006898e+00,3.26409163e-08,90,15,0,45,normal_corr_dominates,1.32614054e+00,1.00000000e+00,2.49999879e+07,-1.21427251e+01,-5.22011668e+00,-6.92260837e+00,1.00013480e-09
41,1.03006898e+00,3.26409163e-08,90,15,1,46,normal_corr_dominates,2.17817782e+00,1.00000000e+00,2.49999834e+07,-1.65904591e+01,-5.22011668e+00,-1.13703424e+01,1.00019918e-09
41,1.03006898e+00,3.26409163e-08,90,15,2,47,normal_corr_dominates,1.81202806e+00,1.00000000e+00,2.49999853e+07,-1.46791146e+01,-5.22011668e+00,-9.45899792e+00,1.00014989e-09
41,1.03006898e+00,3.26409163e-08,90,17,0,51,normal_corr_dominates,3.22695517e+01,1.00000000e+00,2.49999707e+07,-2.93432837e+01,-8.81986145e-01,-2.84612975e+01,1.00024644e-09
41,1.03006898e+00,3.26409163e-08,90,17,1,52,normal_corr_dominates,1.60763026e+01,1.00000000e+00,2.49999849e+07,-1.50610623e+01,-8.81986145e-01,-1.41790762e+01,9.99982673e-10
41,1.03006898e+00,3.26409163e-08,90,17,1,52,corr_ratio_high,4.83081585e+00,5.00000000e-01,2.49999849e+07,-1.50610623e+01,-8.81986145e-01,-1.41790762e+01,9.99982673e-10
41,1.03006898e+00,3.26409163e-08,90,17,2,53,normal_corr_dominates,1.71379018e+01,1.00000000e+00,2.50000142e+07,1.42334058e+01,-8.81986145e-01,1.51153919e+01,1.00030246e-09
41,1.03006898e+00,3.26409163e-08,90,18,0,54,normal_corr_dominates,4.40294806e+00,1.00000000e+00,2.50000161e+07,1.60584636e+01,-4.71898580e+00,2.07774494e+01,1.00017961e-09
41,1.03006898e+00,3.26409163e-08,90,18,1,55,normal_corr_dominates,1.92775164e+00,1.00000000e+00,2.49999862e+07,-1.38160184e+01,-4.71898580e+00,-9.09703260e+00,1.00012424e-09
41,1.03006898e+00,3.26409163e-08,90,18,2,56,normal_corr_dominates,1.42184511e+00,1.00000000e+00,2.49999886e+07,-1.14286527e+01,-4.71898580e+00,-6.70966687e+00,1.00015501e-09
41,1.03006898e+00,3.26409163e-08,90,19,0,57,corr_ratio_high,2.19861392e+00,5.00000000e-01,2.49999897e+07,-1.03225502e+01,-1.19641453e+01,1.64159503e+00,1.00005771e-09
41,1.03006898e+00,3.26409163e-08,90,19,1,58,corr_ratio_high,5.86804796e-01,5.00000000e-01,2.49999964e+07,-3.64810116e+00,-1.19641453e+01,8.31604410e+00,1.00035260e-09
41,1.03006898e+00,3.26409163e-08,90,20,2,62,normal_corr_dominates,1.30140180e+00,1.00000000e+00,2.50000026e+07,2.59597955e+00,-8.61301951e+00,1.12089991e+01,1.00015955e-09
41,1.03006898e+00,3.26409163e-08,90,21,0,63,normal_corr_dominates,1.27726496e+00,1.00000000e+00,2.49999842e+07,-1.57540471e+01,-6.91796843e+00,-8.83607869e+00,1.00014930e-09
41,1.03006898e+00,3.26409163e-08,90,21,1,64,normal_corr_dominates,3.88851690e+00,1.00000000e+00,2.50000200e+07,1.99826687e+01,-6.91796843e+00,2.69006372e+01,1.00017909e-09
41,1.03006898e+00,3.26409163e-08,90,21,2,65,normal_corr_dominates,1.82238158e+00,1.00000000e+00,2.49999805e+07,-1.95251466e+01,-6.91796843e+00,-1.26071782e+01,1.00021365e-09
41,1.03006898e+00,3.26409163e-08,90,22,0,66,normal_corr_dominates,1.73748751e+01,1.00000000e+00,2.49999837e+07,-1.62517125e+01,9.92478567e-01,-1.72441911e+01,1.00013585e-09
41,1.03006898e+00,3.26409163e-08,90,22,1,67,normal_corr_dominates,1.73563844e+01,1.00000000e+00,2.49999838e+07,-1.62333610e+01,9.92478567e-01,-1.72258396e+01,1.00019718e-09
41,1.03006898e+00,3.26409163e-08,90,22,2,68,normal_corr_dominates,8.88596331e+00,1.00000000e+00,2.50000098e+07,9.81160670e+00,9.92478567e-01,8.81912813e+00,1.00024007e-09
41,1.03006898e+00,3.26409163e-08,90,24,0,72,corr_ratio_high,1.20180321e+00,5.00000000e-01,2.49999958e+07,-4.20180910e+00,-1.01768282e+01,5.97501913e+00,1.00008159e-09
41,1.03006898e+00,3.26409163e-08,90,24,1,73,normal_corr_dominates,1.19648835e+00,1.00000000e+00,2.49999776e+07,-2.23532847e+01,-1.01768282e+01,-1.21764564e+01,1.00019439e-09
41,1.03006898e+00,3.26409163e-08,90,25,1,76,normal_corr_dominates,4.92658573e+00,1.00000000e+00,2.50000159e+07,1.59013324e+01,-4.04965878e+00,1.99509912e+01,1.00024556e-09
41,1.03006898e+00,3.26409163e-08,90,25,2,77,normal_corr_dominates,5.65061190e+00,1.00000000e+00,2.50000188e+07,1.88333913e+01,-4.04965878e+00,2.28830501e+01,1.00006044e-09
41,1.03006898e+00,3.26409163e-08,90,25,2,77,corr_ratio_high,2.05953272e+00,5.00000000e-01,2.50000188e+07,1.88333913e+01,-4.04965878e+00,2.28830501e+01,1.00006044e-09
41,1.03006898e+00,3.26409163e-08,90,16,0,48,normal_corr_dominates,7.81232433e+00,1.00000000e+00,2.49999595e+07,-4.04583607e+01,-4.59111117e+00,-3.58672495e+01,1.00010492e-09
41,1.03006898e+00,3.26409163e-08,90,16,0,48,corr_ratio_high,1.47132845e+00,5.00000000e-01,2.49999595e+07,-4.04583607e+01,-4.59111117e+00,-3.58672495e+01,1.00010492e-09
41,1.03006898e+00,3.26409163e-08,90,16,1,49,normal_corr_dominates,2.55962809e+00,1.00000000e+00,2.50000072e+07,7.16042593e+00,-4.59111117e+00,1.17515371e+01,1.00020892e-09
41,1.03006898e+00,3.26409163e-08,90,16,2,50,normal_corr_dominates,1.44627955e+00,1.00000000e+00,2.50000020e+07,2.04891905e+00,-4.59111117e+00,6.64003022e+00,1.00023881e-09
42,1.05260482e+00,3.33550339e-08,90,0,0,0,normal_corr_dominates,3.11857935e+00,1.00000000e+00,2.50000061e+07,6.10376881e+00,-2.88106689e+00,8.98483570e+00,1.00026700e-09
42,1.05260482e+00,3.33550339e-08,90,0,1,1,normal_corr_dominates,6.02339944e+00,1.00000000e+00,2.50000145e+07,1.44727498e+01,-2.88106689e+00,1.73538167e+01,1.00018720e-09
42,1.05260482e+00,3.33550339e-08,90,0,2,2,corr_ratio_high,2.44644680e+00,5.00000000e-01,2.49999964e+07,-3.61185264e+00,-2.88106689e+00,-7.30785751e-01,1.00005988e-09
42,1.05260482e+00,3.33550339e-08,90,1,0,3,normal_corr_dominates,2.43974520e+00,1.00000000e+00,2.50000121e+07,1.21091640e+01,-8.41062989e+00,2.05197939e+01,1.00022230e-09
42,1.05260482e+00,3.33550339e-08,90,3,1,10,normal_corr_dominates,2.96124862e+00,1.00000000e+00,2.50000149e+07,1.48759907e+01,-7.58495919e+00,2.24609499e+01,1.00022327e-09
42,1.05260482e+00,3.33550339e-08,90,3,2,11,normal_corr_dominates,2.72668720e+00,1.00000000e+00,2.50000131e+07,1.30968519e+01,-7.58495919e+00,2.06818111e+01,1.00014044e-09
42,1.05260482e+00,3.33550339e-08,90,3,2,11,corr_ratio_high,6.46233487e-01,5.00000000e-01,2.50000131e+07,1.30968519e+01,-7.58495919e+00,2.06818111e+01,1.00014044e-09
42,1.05260482e+00,3.33550339e-08,90,4,0,12,normal_corr_dominates,1.12700105e+01,1.00000000e+00,2.50000112e+07,1.11507428e+01,-1.08575768e+00,1.22365005e+01,1.00022402e-09
42,1.05260482e+00,3.33550339e-08,90,4,1,13,normal_corr_dominates,2.68600958e+01,1.00000000e+00,2.50000281e+07,2.80777977e+01,-1.08575768e+00,2.91635554e+01,1.00012496e-09
42,1.05260482e+00,3.33550339e-08,90,4,1,13,corr_ratio_high,5.36138806e-01,5.00000000e-01,2.50000281e+07,2.80777977e+01,-1.08575768e+00,2.91635554e+01,1.00012496e-09
42,1.05260482e+00,3.33550339e-08,90,5,0,15,normal_corr_dominates,1.92251302e+02,1.00000000e+00,2.50000403e+07,4.03237023e+01,2.08659408e-01,4.01150429e+01,1.00011187e-09
42,1.05260482e+00,3.33550339e-08,90,5,1,16,normal_corr_dominates,2.75825822e+02,1.00000000e+00,2.49999427e+07,-5.73449932e+01,2.08659408e-01,-5.75536526e+01,1.00032813e-09
42,1.05260482e+00,3.33550339e-08,90,5,2,17,normal_corr_dominates,3.16217044e+01,1.00000000e+00,2.50000068e+07,6.80682552e+00,2.08659408e-01,6.59816611e+00,1.00003344e-09
42,1.05260482e+00,3.33550339e-08,90,5,2,17,corr_ratio_high,3.97779207e+00,5.00000000e-01,2.50000068e+07,6.80682552e+00,2.08659408e-01,6.59816611e+00,1.00003344e-09
42,1.05260482e+00,3.33550339e-08,90,6,0,18,normal_corr_dominates,1.58297068e+00,1.00000000e+00,2.49999692e+07,-3.08434745e+01,-1.19410858e+01,-1.89023887e+01,1.00010176e-09
42,1.05260482e+00,3.33550339e-08,90,6,0,18,corr_ratio_high,1.33124479e+00,5.00000000e-01,2.49999692e+07,-3.08434745e+01,-1.19410858e+01,-1.89023887e+01,1.00010176e-09
42,1.05260482e+00,3.33550339e-08,90,6,1,19,normal_corr_dominates,2.38941306e+00,1.00000000e+00,2.50000166e+07,1.65911006e+01,-1.19410858e+01,2.85321864e+01,1.00035188e-09
42,1.05260482e+00,3.33550339e-08,90,6,1,19,corr_ratio_high,5.55698468e-01,5.00000000e-01,2.50000166e+07,1.65911006e+01,-1.19410858e+01,2.85321864e+01,1.00035188e-09
42,1.05260482e+00,3.33550339e-08,90,6,2,20,normal_corr_dominates,1.28642833e+00,1.00000000e+00,2.49999727e+07,-2.73024369e+01,-1.19410858e+01,-1.53613511e+01,1.00011767e-09
42,1.05260482e+00,3.33550339e-08,90,6,2,20,corr_ratio_high,8.57900556e-01,5.00000000e-01,2.49999727e+07,-2.73024369e+01,-1.19410858e+01,-1.53613511e+01,1.00011767e-09
42,1.05260482e+00,3.33550339e-08,90,7,0,21,normal_corr_dominates,1.21764032e+01,1.00000000e+00,2.50000287e+07,2.87441038e+01,-2.57185637e+00,3.13159602e+01,1.00015704e-09
42,1.05260482e+00,3.33550339e-08,90,7,1,22,normal_corr_dominates,7.91917621e+00,1.00000000e+00,2.50000178e+07,1.77951274e+01,-2.57185637e+00,2.03669838e+01,1.00017434e-09
42,1.05260482e+00,3.33550339e-08,90,7,2,23,normal_corr_dominates,2.87907923e+00,1.00000000e+00,2.49999900e+07,-9.97643462e+00,-2.57185637e+00,-7.40457825e+00,1.00009790e-09
42,1.05260482e+00,3.33550339e-08,90,7,2,23,corr_ratio_high,5.93834230e-01,5.00000000e-01,2.49999900e+07,-9.97643462e+00,-2.57185637e+00,-7.40457825e+00,1.00009790e-09
42,1.05260482e+00,3.33550339e-08,90,8,0,24,normal_corr_dominates,1.96787795e+00,1.00000000e+00,2.50000123e+07,1.23171534e+01,-1.27259366e+01,2.50430900e+01,1.00017041e-09
42,1.05260482e+00,3.33550339e-08,90,8,1,25,normal_corr_dominates,1.07974732e+00,1.00000000e+00,2.50000010e+07,1.01485937e+00,-1.27259366e+01,1.37407960e+01,1.00035374e-09
42,1.05260482e+00,3.33550339e-08,90,8,1,25,corr_ratio_high,5.75057357e-01,5.00000000e-01,2.50000010e+07,1.01485937e+00,-1.27259366e+01,1.37407960e+01,1.00035374e-09
42,1.05260482e+00,3.33550339e-08,90,8,2,26,corr_ratio_high,6.94555524e-01,5.00000000e-01,2.49999788e+07,-2.12158710e+01,-1.27259366e+01,-8.48993438e+00,1.00012130e-09
42,1.05260482e+00,3.33550339e-08,90,9,2,29,normal_corr_dominates,1.77703833e+00,1.00000000e+00,2.50000077e+07,7.70284799e+00,-9.91308619e+00,1.76159342e+01,1.00015179e-09
42,1.05260482e+00,3.33550339e-08,90,10,2,32,normal_corr_dominates,1.88599001e+00,1.00000000e+00,2.50000109e+07,1.09116465e+01,-1.23157670e+01,2.32274135e+01,1.00014936e-09
42,1.05260482e+00,3.33550339e-08,90,11,0,33,normal_corr_dominates,1.12453418e+01,1.00000000e+00,2.50000294e+07,2.93958711e+01,-2.86919380e+00,3.22650649e+01,1.00019878e-09
42,1.05260482e+00,3.33550339e-08,90,11,1,34,corr_ratio_high,1.76678795e+00,5.00000000e-01,2.49999975e+07,-2.51608148e+00,-2.86919380e+00,3.53112317e-01,1.00006484e-09
42,1.05260482e+00,3.33550339e-08,90,11,2,35,normal_corr_dominates,4.77028148e+00,1.00000000e+00,2.49999834e+07,-1.65560558e+01,-2.86919380e+00,-1.36868620e+01,1.00017840e-09
42,1.05260482e+00,3.33550339e-08,90,12,1,37,normal_corr_dominates,1.58951458e+00,1.00000000e+00,2.50000051e+07,5.14442465e+00,-8.72654357e+00,1.38709682e+01,1.00018458e-09
42,1.05260482e+00,3.33550339e-08,90,14,0,42,normal_corr_dominates,3.92872447e+00,1.00000000e+00,2.49999929e+07,-7.05974861e+00,2.41051989e+00,-9.47026850e+00,1.00014116e-09
42,1.05260482e+00,3.33550339e-08,90,14,1,43,normal_corr_dominates,1.62185307e+01,1.00000000e+00,2.49999633e+07,-3.66845711e+01,2.41051989e+00,-3.90950910e+01,1.00014050e-09
42,1.05260482e+00,3.33550339e-08,90,14,2,44,normal_corr_dominates,9.49717622e+00,1.00000000e+00,2.50000253e+07,2.53036521e+01,2.41051989e+00,2.28931322e+01,1.00018600e-09
42,1.05260482e+00,3.33550339e-08,90,15,0,45,normal_corr_dominates,1.32589206e+00,1.00000000e+00,2.49999876e+07,-1.23910055e+01,-5.32742072e+00,-7.06358482e+00,1.00013754e-09
42,1.05260482e+00,3.33550339e-08,90,15,1,46,normal_corr_dominates,2.17732479e+00,1.00000000e+00,2.49999831e+07,-1.69269459e+01,-5.32742072e+00,-1.15995252e+01,1.00020323e-09
42,1.05260482e+00,3.33550339e-08,90,15,2,47,normal_corr_dominates,1.81151653e+00,1.00000000e+00,2.49999850e+07,-1.49781314e+01,-5.32742072e+00,-9.65071071e+00,1.00015294e-09
42,1.05260482e+00,3.33550339e-08,90,17,0,51,normal_corr_dominates,3.21773986e+01,1.00000000e+00,2.49999701e+07,-2.99409869e+01,-9.02451313e-01,-2.90385356e+01,1.00025145e-09
42,1.05260482e+00,3.33550339e-08,90,17,1,52,normal_corr_dominates,1.60289516e+01,1.00000000e+00,2.49999846e+07,-1.53677997e+01,-9.02451313e-01,-1.44653484e+01,9.99982330e-10
42,1.05260482e+00,3.33550339e-08,90,17,1,52,corr_ratio_high,4.83113190e+00,5.00000000e-01,2.49999846e+07,-1.53677997e+01,-9.02451313e-01,-1.44653484e+01,9.99982330e-10
42,1.05260482e+00,3.33550339e-08,90,17,2,53,normal_corr_dominates,1.70883996e+01,1.00000000e+00,2.50000145e+07,1.45189974e+01,-9.02451313e-01,1.54214487e+01,1.00030860e-09
42,1.05260482e+00,3.33550339e-08,90,18,0,54,normal_corr_dominates,4.40063375e+00,1.00000000e+00,2.50000164e+07,1.63808848e+01,-4.81700942e+00,2.11978942e+01,1.00018326e-09
42,1.05260482e+00,3.33550339e-08,90,18,1,55,normal_corr_dominates,1.92668459e+00,1.00000000e+00,2.49999859e+07,-1.40978672e+01,-4.81700942e+00,-9.28085781e+00,1.00012677e-09
42,1.05260482e+00,3.33550339e-08,90,18,2,56,normal_corr_dominates,1.42094554e+00,1.00000000e+00,2.49999883e+07,-1.16617175e+01,-4.81700942e+00,-6.84470805e+00,1.00015815e-09
42,1.05260482e+00,3.33550339e-08,90,19,0,57,corr_ratio_high,2.19822866e+00,5.00000000e-01,2.49999895e+07,-1.05330826e+01,-1.22091851e+01,1.67610246e+00,1.00005889e-09
42,1.05260482e+00,3.33550339e-08,90,19,1,58,corr_ratio_high,5.86796558e-01,5.00000000e-01,2.49999963e+07,-3.72530061e+00,-1.22091851e+01,8.48388444e+00,1.00035976e-09
42,1.05260482e+00,3.33550339e-08,90,20,2,62,normal_corr_dominates,1.30092931e+00,1.00000000e+00,2.50000026e+07,2.64513948e+00,-8.78990304e+00,1.14350425e+01,1.00016280e-09
42,1.05260482e+00,3.33550339e-08,90,21,0,63,normal_corr_dominates,1.27708675e+00,1.00000000e+00,2.49999839e+07,-1.60753345e+01,-7.05960565e+00,-9.01572886e+00,1.00015233e-09
42,1.05260482e+00,3.33550339e-08,90,21,1,64,normal_corr_dominates,3.88785386e+00,1.00000000e+00,2.50000204e+07,2.03871095e+01,-7.05960565e+00,2.74467151e+01,1.00018273e-09
42,1.05260482e+00,3.33550339e-08,90,21,2,65,normal_corr_dominates,1.82194563e+00,1.00000000e+00,2.49999801e+07,-1.99218233e+01,-7.05960565e+00,-1.28622177e+01,1.00021799e-09
42,1.05260482e+00,3.33550339e-08,90,22,0,66,normal_corr_dominates,1.74169857e+01,1.00000000e+00,2.49999834e+07,-1.65836751e+01,1.01015347e+00,-1.75938286e+01,1.00013861e-09
42,1.05260482e+00,3.33550339e-08,90,22,1,67,normal_corr_dominates,1.73983502e+01,1.00000000e+00,2.49999834e+07,-1.65648504e+01,1.01015347e+00,-1.75750039e+01,1.00020119e-09
42,1.05260482e+00,3.33550339e-08,90,22,2,68,normal_corr_dominates,8.90740486e+00,1.00000000e+00,2.50000100e+07,1.00079994e+01,1.01015347e+00,8.99784596e+00,1.00024494e-09
42,1.05260482e+00,3.33550339e-08,90,24,0,72,corr_ratio_high,1.20166850e+00,5.00000000e-01,2.49999957e+07,-4.28718947e+00,-1.03854738e+01,6.09828438e+00,1.00008326e-09
42,1.05260482e+00,3.33550339e-08,90,24,1,73,normal_corr_dominates,1.19625001e+00,1.00000000e+00,2.49999772e+07,-2.28090970e+01,-1.03854738e+01,-1.24236231e+01,1.00019835e-09
42,1.05260482e+00,3.33550339e-08,90,25,1,76,normal_corr_dominates,4.92492651e+00,1.00000000e+00,2.50000162e+07,1.62226246e+01,-4.13323015e+00,2.03558547e+01,1.00025055e-09
42,1.05260482e+00,3.33550339e-08,90,25,2,77,normal_corr_dominates,5.64814901e+00,1.00000000e+00,2.50000192e+07,1.92118696e+01,-4.13323015e+00,2.33450998e+01,1.00006167e-09
42,1.05260482e+00,3.33550339e-08,90,25,2,77,corr_ratio_high,2.05951102e+00,5.00000000e-01,2.50000192e+07,1.92118696e+01,-4.13323015e+00,2.33450998e+01,1.00006167e-09
42,1.05260482e+00,3.33550339e-08,90,16,0,48,normal_corr_dominates,7.80831453e+00,1.00000000e+00,2.49999587e+07,-4.12808559e+01,-4.68657832e+00,-3.65942776e+01,1.00010706e-09
42,1.05260482e+00,3.33550339e-08,90,16,0,48,corr_ratio_high,1.47118815e+00,5.00000000e-01,2.49999587e+07,-4.12808559e+01,-4.68657832e+00,-3.65942776e+01,1.00010706e-09
42,1.05260482e+00,3.33550339e-08,90,16,1,49,normal_corr_dominates,2.55829897e+00,1.00000000e+00,2.50000073e+07,7.30309019e+00,-4.68657832e+00,1.19896685e+01,1.00021316e-09
42,1.05260482e+00,3.33550339e-08,90,16,2,50,normal_corr_dominates,1.44556650e+00,1.00000000e+00,2.50000021e+07,2.08818228e+00,-4.68657832e+00,6.77476060e+00,1.00024366e-09
43,1.07556316e+00,3.40825400e-08,90,0,0,0,normal_corr_dominates,3.11782674e+00,1.00000000e+00,2.50000062e+07,6.22757123e+00,-2.94054802e+00,9.16811926e+00,1.00027239e-09
43,1.07556316e+00,3.40825400e-08,90,0,1,1,normal_corr_dominates,6.01989844e+00,1.00000000e+00,2.50000148e+07,1.47612524e+01,-2.94054802e+00,1.77018004e+01,1.00019099e-09
43,1.07556316e+00,3.40825400e-08,90,0,2,2,corr_ratio_high,2.44584601e+00,5.00000000e-01,2.49999963e+07,-3.68806096e+00,-2.94054802e+00,-7.47512937e-01,1.00006111e-09
43,1.07556316e+00,3.40825400e-08,90,1,0,3,normal_corr_dominates,2.43909748e+00,1.00000000e+00,2.50000124e+07,1.23516388e+01,-8.58290626e+00,2.09345450e+01,1.00022679e-09
43,1.07556316e+00,3.40825400e-08,90,3,1,10,normal_corr_dominates,2.96086246e+00,1.00000000e+00,2.50000152e+07,1.51761774e+01,-7.73954198e+00,2.29157193e+01,1.00022780e-09
43,1.07556316e+00,3.40825400e-08,90,3,2,11,normal_corr_dominates,2.72587959e+00,1.00000000e+00,2.50000134e+07,1.33575175e+01,-7.73954198e+00,2.10970595e+01,1.00014328e-09
43,1.07556316e+00,3.40825400e-08,90,3,2,11,corr_ratio_high,6.46211330e-01,5.00000000e-01,2.50000134e+07,1.33575175e+01,-7.73954198e+00,2.10970595e+01,1.00014328e-09
43,1.07556316e+00,3.40825400e-08,90,4,0,12,normal_corr_dominates,1.12460034e+01,1.00000000e+00,2.50000114e+07,1.13734684e+01,-1.11003949e+00,1.24835079e+01,1.00022856e-09
43,1.07556316e+00,3.40825400e-08,90,4,1,13,normal_corr_dominates,2.68030213e+01,1.00000000e+00,2.50000286e+07,2.86423726e+01,-1.11003949e+00,2.97524121e+01,1.00012748e-09
43,1.07556316e+00,3.40825400e-08,90,4,1,13,corr_ratio_high,5.36188859e-01,5.00000000e-01,2.50000286e+07,2.86423726e+01,-1.11003949e+00,2.97524121e+01,1.00012748e-09
43,1.07556316e+00,3.40825400e-08,90,5,0,15,normal_corr_dominates,1.94558137e+02,1.00000000e+00,2.50000411e+07,4.11349317e+01,2.10346305e-01,4.09245854e+01,1.00011414e-09
43,1.07556316e+00,3.40825400e-08,90,5,1,16,normal_corr_dominates,2.79141279e+02,1.00000000e+00,2.49999415e+07,-5.85059905e+01,2.10346305e-01,-5.87163368e+01,1.00033477e-09
43,1.07556316e+00,3.40825400e-08,90,5,2,17,normal_corr_dominates,3.20060439e+01,1.00000000e+00,2.50000069e+07,6.94269940e+00,2.10346305e-01,6.73235309e+00,1.00003413e-09
43,1.07556316e+00,3.40825400e-08,90,5,2,17,corr_ratio_high,3.97706206e+00,5.00000000e-01,2.50000069e+07,6.94269940e+00,2.10346305e-01,6.73235309e+00,1.00003413e-09
43,1.07556316e+00,3.40825400e-08,90,6,0,18,normal_corr_dominates,1.58293660e+00,1.00000000e+00,2.49999685e+07,-3.14680048e+01,-1.21830342e+01,-1.92849707e+01,1.00010382e-09
43,1.07556316e+00,3.40825400e-08,90,6,0,18,corr_ratio_high,1.33113269e+00,5.00000000e-01,2.49999685e+07,-3.14680048e+01,-1.21830342e+01,-1.92849707e+01,1.00010382e-09
43,1.07556316e+00,3.40825400e-08,90,6,1,19,normal_corr_dominates,2.38935322e+00,1.00000000e+00,2.50000169e+07,1.69265377e+01,-1.21830342e+01,2.91095719e+01,1.00035899e-09
43,1.07556316e+00,3.40825400e-08,90,6,1,19,corr_ratio_high,5.55692587e-01,5.00000000e-01,2.50000169e+07,1.69265377e+01,-1.21830342e+01,2.91095719e+01,1.00035899e-09
43,1.07556316e+00,3.40825400e-08,90,6,2,20,normal_corr_dominates,1.28650875e+00,1.00000000e+00,2.49999721e+07,-2.78566142e+01,-1.21830342e+01,-1.56735800e+01,1.00012006e-09
43,1.07556316e+00,3.40825400e-08,90,6,2,20,corr_ratio_high,8.57745234e-01,5.00000000e-01,2.49999721e+07,-2.78566142e+01,-1.21830342e+01,-1.56735800e+01,1.00012006e-09
43,1.07556316e+00,3.40825400e-08,90,7,0,21,normal_corr_dominates,1.21650069e+01,1.00000000e+00,2.50000293e+07,2.93206886e+01,-2.62612364e+00,3.19468123e+01,1.00016023e-09
43,1.07556316e+00,3.40825400e-08,90,7,1,22,normal_corr_dominates,7.91200925e+00,1.00000000e+00,2.50000182e+07,1.81517909e+01,-2.62612364e+00,2.07779145e+01,1.00017788e-09
43,1.07556316e+00,3.40825400e-08,90,7,2,23,normal_corr_dominates,2.87613188e+00,1.00000000e+00,2.49999898e+07,-1.01792015e+01,-2.62612364e+00,-7.55307791e+00,1.00009988e-09
43,1.07556316e+00,3.40825400e-08,90,7,2,23,corr_ratio_high,5.93812814e-01,5.00000000e-01,2.49999898e+07,-1.01792015e+01,-2.62612364e+00,-7.55307791e+00,1.00009988e-09
43,1.07556316e+00,3.40825400e-08,90,8,0,24,normal_corr_dominates,1.96750562e+00,1.00000000e+00,2.50000126e+07,1.25636472e+01,-1.29856064e+01,2.55492536e+01,1.00017386e-09
43,1.07556316e+00,3.40825400e-08,90,8,1,25,normal_corr_dominates,1.07947486e+00,1.00000000e+00,2.50000010e+07,1.03202921e+00,-1.29856064e+01,1.40176356e+01,1.00036090e-09
43,1.07556316e+00,3.40825400e-08,90,8,1,25,corr_ratio_high,5.75050401e-01,5.00000000e-01,2.50000010e+07,1.03202921e+00,-1.29856064e+01,1.40176356e+01,1.00036090e-09
43,1.07556316e+00,3.40825400e-08,90,8,2,26,corr_ratio_high,6.94497894e-01,5.00000000e-01,2.49999784e+07,-2.16467631e+01,-1.29856064e+01,-8.66115670e+00,1.00012376e-09
43,1.07556316e+00,3.40825400e-08,90,9,2,29,normal_corr_dominates,1.77641458e+00,1.00000000e+00,2.50000079e+07,7.85410411e+00,-1.01158638e+01,1.79699679e+01,1.00015487e-09
43,1.07556316e+00,3.40825400e-08,90,10,2,32,normal_corr_dominates,1.88538480e+00,1.00000000e+00,2.50000111e+07,1.11264249e+01,-1.25667675e+01,2.36931924e+01,1.00015239e-09
43,1.07556316e+00,3.40825400e-08,90,11,0,33,normal_corr_dominates,1.12360434e+01,1.00000000e+00,2.50000300e+07,2.99862969e+01,-2.92948121e+00,3.29157781e+01,1.00020281e-09
43,1.07556316e+00,3.40825400e-08,90,11,1,34,corr_ratio_high,1.76663589e+00,5.00000000e-01,2.49999974e+07,-2.56722983e+00,-2.92948121e+00,3.62251381e-01,1.00006615e-09
43,1.07556316e+00,3.40825400e-08,90,11,2,35,normal_corr_dominates,4.76625344e+00,1.00000000e+00,2.49999831e+07,-1.68921311e+01,-2.92948121e+00,-1.39626499e+01,1.00018201e-09
43,1.07556316e+00,3.40825400e-08,90,12,1,37,normal_corr_dominates,1.58890480e+00,1.00000000e+00,2.50000052e+07,5.24433704e+00,-8.90523735e+00,1.41495744e+01,1.00018832e-09
43,1.07556316e+00,3.40825400e-08,90,14,0,42,normal_corr_dominates,3.93165932e+00,1.00000000e+00,2.49999928e+07,-7.20479386e+00,2.45758224e+00,-9.66237610e+00,1.00014402e-09
43,1.07556316e+00,3.40825400e-08,90,14,1,43,normal_corr_dominates,1.62288739e+01,1.00000000e+00,2.49999626e+07,-3.74262099e+01,2.45758224e+00,-3.98837921e+01,1.00014334e-09
43,1.07556316e+00,3.40825400e-08,90,14,2,44,normal_corr_dominates,9.50385382e+00,1.00000000e+00,2.50000258e+07,2.58140846e+01,2.45758224e+00,2.33565023e+01,1.00018977e-09
43,1.07556316e+00,3.40825400e-08,90,15,0,45,normal_corr_dominates,1.32564472e+00,1.00000000e+00,2.49999874e+07,-1.26434944e+01,-5.43655455e+00,-7.20693985e+00,1.00014033e-09
43,1.07556316e+00,3.40825400e-08,90,15,1,46,normal_corr_dominates,2.17646574e+00,1.00000000e+00,2.49999827e+07,-1.72690293e+01,-5.43655455e+00,-1.18324747e+01,1.00020734e-09
43,1.07556316e+00,3.40825400e-08,90,15,2,47,normal_corr_dominates,1.81100550e+00,1.00000000e+00,2.49999847e+07,-1.52821847e+01,-5.43655455e+00,-9.84563018e+00,1.00015604e-09
43,1.07556316e+00,3.40825400e-08,90,17,0,51,normal_corr_dominates,3.20857373e+01,1.00000000e+00,2.49999695e+07,-3.05487187e+01,-9.23319871e-01,-2.96253988e+01,1.00025654e-09
43,1.07556316e+00,3.40825400e-08,90,17,1,52,normal_corr_dominates,1.59818495e+01,1.00000000e+00,2.49999843e+07,-1.56796791e+01,-9.23319871e-01,-1.47563592e+01,9.99981982e-10
43,1.07556316e+00,3.40825400e-08,90,17,1,52,corr_ratio_high,4.83144952e+00,5.00000000e-01,2.49999843e+07,-1.56796791e+01,-9.23319871e-01,-1.47563592e+01,9.99981982e-10
43,1.07556316e+00,3.40825400e-08,90,17,2,53,normal_corr_dominates,1.70391687e+01,1.00000000e+00,2.50000148e+07,1.48092831e+01,-9.23319871e-01,1.57326030e+01,1.00031485e-09
43,1.07556316e+00,3.40825400e-08,90,18,0,54,normal_corr_dominates,4.39831672e+00,1.00000000e+00,2.50000167e+07,1.67085985e+01,-4.91672786e+00,2.16253263e+01,1.00018698e-09
43,1.07556316e+00,3.40825400e-08,90,18,1,55,normal_corr_dominates,1.92561428e+00,1.00000000e+00,2.49999856e+07,-1.43844492e+01,-4.91672786e+00,-9.46772136e+00,1.00012934e-09
43,1.07556316e+00,3.40825400e-08,90,18,2,56,normal_corr_dominates,1.42004408e+00,1.00000000e+00,2.49999881e+07,-1.18986982e+01,-4.91672786e+00,-6.98197030e+00,1.00016136e-09
43,1.07556316e+00,3.40825400e-08,90,19,0,57,corr_ratio_high,2.19784038e+00,5.00000000e-01,2.49999893e+07,-1.07471506e+01,-1.24583762e+01,1.71122569e+00,1.00006009e-09
43,1.07556316e+00,3.40825400e-08,90,19,1,58,corr_ratio_high,5.86788299e-01,5.00000000e-01,2.49999962e+07,-3.80386529e+00,-1.24583762e+01,8.65451096e+00,1.00036704e-09
43,1.07556316e+00,3.40825400e-08,90,20,2,62,normal_corr_dominates,1.30045597e+00,1.00000000e+00,2.50000027e+07,2.69502941e+00,-8.96979829e+00,1.16648277e+01,1.00016610e-09
43,1.07556316e+00,3.40825400e-08,90,21,0,63,normal_corr_dominates,1.27690885e+00,1.00000000e+00,2.49999836e+07,-1.64020398e+01,-7.20364359e+00,-9.19839623e+00,1.00015542e-09
43,1.07556316e+00,3.40825400e-08,90,21,1,64,normal_corr_dominates,3.88718807e+00,1.00000000e+00,2.50000208e+07,2.07982739e+01,-7.20364359e+00,2.80019175e+01,1.00018642e-09
43,1.07556316e+00,3.40825400e-08,90,21,2,65,normal_corr_dominates,1.82150500e+00,1.00000000e+00,2.49999797e+07,-2.03251165e+01,-7.20364359e+00,-1.31214729e+01,1.00022240e-09
43,1.07556316e+00,3.40825400e-08,90,22,0,66,normal_corr_dominates,1.74593717e+01,1.00000000e+00,2.49999831e+07,-1.69212412e+01,1.02806119e+00,-1.79493024e+01,1.00014142e-09
43,1.07556316e+00,3.40825400e-08,90,22,1,67,normal_corr_dominates,1.74405813e+01,1.00000000e+00,2.49999831e+07,-1.69019236e+01,1.02806119e+00,-1.79299847e+01,1.00020527e-09
43,1.07556316e+00,3.40825400e-08,90,22,2,68,normal_corr_dominates,8.92898509e+00,1.00000000e+00,2.50000102e+07,1.02076042e+01,1.02806119e+00,9.17954302e+00,1.00024990e-09
43,1.07556316e+00,3.40825400e-08,90,24,0,72,corr_ratio_high,1.20153233e+00,5.00000000e-01,2.49999956e+07,-4.37402136e+00,-1.05976610e+01,6.22363959e+00,1.00008495e-09
43,1.07556316e+00,3.40825400e-08,90,24,1,73,normal_corr_dominates,1.19601071e+00,1.00000000e+00,2.49999767e+07,-2.32725769e+01,-1.05976610e+01,-1.26749160e+01,1.00020236e-09
43,1.07556316e+00,3.40825400e-08,90,25,1,76,normal_corr_dominates,4.92326739e+00,1.00000000e+00,2.50000165e+07,1.65492379e+01,-4.21822840e+00,2.07674663e+01,1.00025562e-09
43,1.07556316e+00,3.40825400e-08,90,25,2,77,normal_corr_dominates,5.64569057e+00,1.00000000e+00,2.50000196e+07,1.95965839e+01,-4.21822840e+00,2.38148123e+01,1.00006292e-09
43,1.07556316e+00,3.40825400e-08,90,25,2,77,corr_ratio_high,2.05948752e+00,5.00000000e-01,2.50000196e+07,1.95965839e+01,-4.21822840e+00,2.38148123e+01,1.00006292e-09
43,1.07556316e+00,3.40825400e-08,90,16,0,48,normal_corr_dominates,7.80430701e+00,1.00000000e+00,2.49999579e+07,-4.21171322e+01,-4.78369646e+00,-3.73334358e+01,1.00010923e-09
43,1.07556316e+00,3.40825400e-08,90,16,0,48,corr_ratio_high,1.47104682e+00,5.00000000e-01,2.49999579e+07,-4.21171322e+01,-4.78369646e+00,-3.73334358e+01,1.00010923e-09
43,1.07556316e+00,3.40825400e-08,90,16,1,49,normal_corr_dominates,2.55697103e+00,1.00000000e+00,2.50000074e+07,7.44807681e+00,-4.78369646e+00,1.22317733e+01,1.00021748e-09
43,1.07556316e+00,3.40825400e-08,90,16,2,50,normal_corr_dominates,1.44485373e+00,1.00000000e+00,2.50000021e+07,2.12804520e+00,-4.78369646e+00,6.91174166e+00,1.00024860e-09
44,1.09963619e+00,3.48453681e-08,90,0,0,0,normal_corr_dominates,3.11706788e+00,1.00000000e+00,2.50000064e+07,6.35716218e+00,-3.00281452e+00,9.35997670e+00,1.00027804e-09
44,1.09963619e+00,3.48453681e-08,90,0,1,1,normal_corr_dominates,6.01630877e+00,1.00000000e+00,2.50000151e+07,1.50630448e+01,-3.00281452e+00,1.80658593e+01,1.00019496e-09
44,1.09963619e+00,3.48453681e-08,90,0,2,2,corr_ratio_high,2.44522206e+00,5.00000000e-01,2.49999962e+07,-3.76792329e+00,-3.00281452e+00,-7.65108770e-01,1.00006239e-09
44,1.09963619e+00,3.48453681e-08,90,1,0,3,normal_corr_dominates,2.43843049e+00,1.00000000e+00,2.50000126e+07,1.26053099e+01,-8.76323886e+00,2.13685488e+01,1.00023150e-09
44,1.09963619e+00,3.48453681e-08,90,3,1,10,normal_corr_dominates,2.96046393e+00,1.00000000e+00,2.50000155e+07,1.54902664e+01,-7.90132688e+00,2.33915932e+01,1.00023254e-09
44,1.09963619e+00,3.48453681e-08,90,3,2,11,normal_corr_dominates,2.72504924e+00,1.00000000e+00,2.50000136e+07,1.36301779e+01,-7.90132688e+00,2.15315048e+01,1.00014626e-09
44,1.09963619e+00,3.48453681e-08,90,3,2,11,corr_ratio_high,6.46187604e-01,5.00000000e-01,2.50000136e+07,1.36301779e+01,-7.90132688e+00,2.15315048e+01,1.00014626e-09
44,1.09963619e+00,3.48453681e-08,90,4,0,12,normal_corr_dominates,1.12213828e+01,1.00000000e+00,2.50000116e+07,1.16064681e+01,-1.13550860e+00,1.27419767e+01,1.00023330e-09
44,1.09963619e+00,3.48453681e-08,90,4,1,13,normal_corr_dominates,2.67444802e+01,1.00000000e+00,2.50000292e+07,2.92330786e+01,-1.13550860e+00,3.03685872e+01,1.00013012e-09
44,1.09963619e+00,3.48453681e-08,90,4,1,13,corr_ratio_high,5.36240964e-01,5.00000000e-01,2.50000292e+07,2.92330786e+01,-1.13550860e+00,3.03685872e+01,1.00013012e-09
44,1.09963619e+00,3.48453681e-08,90,5,0,15,normal_corr_dominates,1.96991211e+02,1.00000000e+00,2.50000420e+07,4.19836844e+01,2.12048222e-01,4.17716362e+01,1.00011651e-09
44,1.09963619e+00,3.48453681e-08,90,5,1,16,normal_corr_dominates,2.82638287e+02,1.00000000e+00,2.49999403e+07,-5.97208981e+01,2.12048222e-01,-5.99329463e+01,1.00034172e-09
44,1.09963619e+00,3.48453681e-08,90,5,2,17,normal_corr_dominates,3.24115217e+01,1.00000000e+00,2.50000071e+07,7.08485379e+00,2.12048222e-01,6.87280557e+00,1.00003484e-09
44,1.09963619e+00,3.48453681e-08,90,5,2,17,corr_ratio_high,3.97630494e+00,5.00000000e-01,2.50000071e+07,7.08485379e+00,2.12048222e-01,6.87280557e+00,1.00003484e-09
44,1.09963619e+00,3.48453681e-08,90,6,0,18,normal_corr_dominates,1.58290331e+00,1.00000000e+00,2.49999679e+07,-3.21215633e+01,-1.24362237e+01,-1.96853396e+01,1.00010598e-09
44,1.09963619e+00,3.48453681e-08,90,6,0,18,corr_ratio_high,1.33101582e+00,5.00000000e-01,2.49999679e+07,-3.21215633e+01,-1.24362237e+01,-1.96853396e+01,1.00010598e-09
44,1.09963619e+00,3.48453681e-08,90,6,1,19,normal_corr_dominates,2.38929459e+00,1.00000000e+00,2.50000173e+07,1.72775783e+01,-1.24362237e+01,2.97138020e+01,1.00036644e-09
44,1.09963619e+00,3.48453681e-08,90,6,1,19,corr_ratio_high,5.55686410e-01,5.00000000e-01,2.50000173e+07,1.72775783e+01,-1.24362237e+01,2.97138020e+01,1.00036644e-09
44,1.09963619e+00,3.48453681e-08,90,6,2,20,normal_corr_dominates,1.28659355e+00,1.00000000e+00,2.49999716e+07,-2.84365889e+01,-1.24362237e+01,-1.60003652e+01,1.00012256e-09
44,1.09963619e+00,3.48453681e-08,90,6,2,20,corr_ratio_high,8.57584185e-01,5.00000000e-01,2.49999716e+07,-2.84365889e+01,-1.24362237e+01,-1.60003652e+01,1.00012256e-09
44,1.09963619e+00,3.48453681e-08,90,7,0,21,normal_corr_dominates,1.21532730e+01,1.00000000e+00,2.50000299e+07,2.99238949e+01,-2.68296983e+00,3.26068647e+01,1.00016356e-09
44,1.09963619e+00,3.48453681e-08,90,7,1,22,normal_corr_dominates,7.90463014e+00,1.00000000e+00,2.50000185e+07,1.85249143e+01,-2.68296983e+00,2.12078842e+01,1.00018157e-09
44,1.09963619e+00,3.48453681e-08,90,7,2,23,normal_corr_dominates,2.87309285e+00,1.00000000e+00,2.49999896e+07,-1.03913913e+01,-2.68296983e+00,-7.70842143e+00,1.00010196e-09
44,1.09963619e+00,3.48453681e-08,90,7,2,23,corr_ratio_high,5.93790665e-01,5.00000000e-01,2.49999896e+07,-1.03913913e+01,-2.68296983e+00,-7.70842143e+00,1.00010196e-09
44,1.09963619e+00,3.48453681e-08,90,8,0,24,normal_corr_dominates,1.96712260e+00,1.00000000e+00,2.50000128e+07,1.28215237e+01,-1.32573923e+01,2.60789160e+01,1.00017746e-09
44,1.09963619e+00,3.48453681e-08,90,8,1,25,normal_corr_dominates,1.07919448e+00,1.00000000e+00,2.50000010e+07,1.04991231e+00,-1.32573923e+01,1.43073046e+01,1.00036839e-09
44,1.09963619e+00,3.48453681e-08,90,8,1,25,corr_ratio_high,5.75043248e-01,5.00000000e-01,2.50000010e+07,1.04991231e+00,-1.32573923e+01,1.43073046e+01,1.00036839e-09
44,1.09963619e+00,3.48453681e-08,90,8,2,26,corr_ratio_high,6.94438228e-01,5.00000000e-01,2.49999779e+07,-2.20977096e+01,-1.32573923e+01,-8.84031729e+00,1.00012633e-09
44,1.09963619e+00,3.48453681e-08,90,9,2,29,normal_corr_dominates,1.77577106e+00,1.00000000e+00,2.50000080e+07,8.01225557e+00,-1.03281187e+01,1.83403743e+01,1.00015809e-09
44,1.09963619e+00,3.48453681e-08,90,10,2,32,normal_corr_dominates,1.88475983e+00,1.00000000e+00,2.50000114e+07,1.13510008e+01,-1.28294713e+01,2.41804721e+01,1.00015556e-09
44,1.09963619e+00,3.48453681e-08,90,11,0,33,normal_corr_dominates,1.12264869e+01,1.00000000e+00,2.50000306e+07,3.06040265e+01,-2.99262364e+00,3.35966501e+01,1.00020703e-09
44,1.09963619e+00,3.48453681e-08,90,11,1,34,corr_ratio_high,1.76647740e+00,5.00000000e-01,2.49999974e+07,-2.62078451e+00,-2.99262364e+00,3.71839130e-01,1.00006753e-09
44,1.09963619e+00,3.48453681e-08,90,11,2,35,normal_corr_dominates,4.76211055e+00,1.00000000e+00,2.49999828e+07,-1.72438282e+01,-2.99262364e+00,-1.42512046e+01,1.00018579e-09
44,1.09963619e+00,3.48453681e-08,90,12,1,37,normal_corr_dominates,1.58827674e+00,1.00000000e+00,2.50000053e+07,5.34878045e+00,-9.09228612e+00,1.44410666e+01,1.00019224e-09
44,1.09963619e+00,3.48453681e-08,90,14,0,42,normal_corr_dominates,3.93469426e+00,1.00000000e+00,2.49999926e+07,-7.35664182e+00,2.50678305e+00,-9.86342487e+00,1.00014702e-09
44,1.09963619e+00,3.48453681e-08,90,14,1,43,normal_corr_dominates,1.62395529e+01,1.00000000e+00,2.49999618e+07,-3.82022529e+01,2.50678305e+00,-4.07090359e+01,1.00014631e-09
44,1.09963619e+00,3.48453681e-08,90,14,2,44,normal_corr_dominates,9.51075204e+00,1.00000000e+00,2.50000263e+07,2.63481750e+01,2.50678305e+00,2.38413920e+01,1.00019371e-09
44,1.09963619e+00,3.48453681e-08,90,15,0,45,normal_corr_dominates,1.32539143e+00,1.00000000e+00,2.49999871e+07,-1.29077679e+01,-5.55079361e+00,-7.35697430e+00,1.00014325e-09
44,1.09963619e+00,3.48453681e-08,90,15,1,46,normal_corr_dominates,2.17557555e+00,1.00000000e+00,2.49999824e+07,-1.76269645e+01,-5.55079361e+00,-1.20761708e+01,1.00021164e-09
44,1.09963619e+00,3.48453681e-08,90,15,2,47,normal_corr_dominates,1.81048021e+00,1.00000000e+00,2.49999844e+07,-1.56003956e+01,-5.55079361e+00,-1.00496020e+01,1.00015929e-09
44,1.09963619e+00,3.48453681e-08,90,17,0,51,normal_corr_dominates,3.19919286e+01,1.00000000e+00,2.49999688e+07,-3.11847058e+01,-9.45222274e-01,-3.02394835e+01,1.00026187e-09
44,1.09963619e+00,3.48453681e-08,90,17,1,52,normal_corr_dominates,1.59336399e+01,1.00000000e+00,2.49999840e+07,-1.60060536e+01,-9.45222274e-01,-1.50608313e+01,9.99981617e-10
44,1.09963619e+00,3.48453681e-08,90,17,1,52,corr_ratio_high,4.83177802e+00,5.00000000e-01,2.49999840e+07,-1.60060536e+01,-9.45222274e-01,-1.50608313e+01,9.99981617e-10
44,1.09963619e+00,3.48453681e-08,90,17,2,53,normal_corr_dominates,1.69887915e+01,1.00000000e+00,2.50000151e+07,1.51129619e+01,-9.45222274e-01,1.60581842e+01,1.00032138e-09
44,1.09963619e+00,3.48453681e-08,90,18,0,54,normal_corr_dominates,4.39592976e+00,1.00000000e+00,2.50000171e+07,1.70514242e+01,-5.02113571e+00,2.20725599e+01,1.00019087e-09
44,1.09963619e+00,3.48453681e-08,90,18,1,55,normal_corr_dominates,1.92450955e+00,1.00000000e+00,2.49999853e+07,-1.46843594e+01,-5.02113571e+00,-9.66322365e+00,1.00013203e-09
44,1.09963619e+00,3.48453681e-08,90,18,2,56,normal_corr_dominates,1.41911456e+00,1.00000000e+00,2.49999879e+07,-1.21467025e+01,-5.02113571e+00,-7.12556678e+00,1.00016471e-09
44,1.09963619e+00,3.48453681e-08,90,19,0,57,corr_ratio_high,2.19743770e+00,5.00000000e-01,2.49999890e+07,-1.09711743e+01,-1.27191956e+01,1.74802129e+00,1.00006135e-09
44,1.09963619e+00,3.48453681e-08,90,19,1,58,corr_ratio_high,5.86779777e-01,5.00000000e-01,2.49999961e+07,-3.88615691e+00,-1.27191956e+01,8.83303869e+00,1.00037466e-09
44,1.09963619e+00,3.48453681e-08,90,20,2,62,normal_corr_dominates,1.29996802e+00,1.00000000e+00,2.50000027e+07,2.74713835e+00,-9.15810415e+00,1.19052425e+01,1.00016955e-09
44,1.09963619e+00,3.48453681e-08,90,21,0,63,normal_corr_dominates,1.27672611e+00,1.00000000e+00,2.49999833e+07,-1.67439639e+01,-7.35440413e+00,-9.38955981e+00,1.00015865e-09
44,1.09963619e+00,3.48453681e-08,90,21,1,64,normal_corr_dominates,3.88650014e+00,1.00000000e+00,2.50000212e+07,2.12284885e+01,-7.35440413e+00,2.85828927e+01,1.00019029e-09
44,1.09963619e+00,3.48453681e-08,90,21,2,65,normal_corr_dominates,1.82104675e+00,1.00000000e+00,2.49999793e+07,-2.07471178e+01,-7.35440413e+00,-1.33927137e+01,1.00022702e-09
44,1.09963619e+00,3.48453681e-08,90,22,0,66,normal_corr_dominates,1.75032761e+01,1.00000000e+00,2.49999827e+07,-1.72745377e+01,1.04673385e+00,-1.83212716e+01,1.00014436e-09
44,1.09963619e+00,3.48453681e-08,90,22,1,67,normal_corr_dominates,1.74843159e+01,1.00000000e+00,2.49999827e+07,-1.72546915e+01,1.04673385e+00,-1.83014254e+01,1.00020953e-09
44,1.09963619e+00,3.48453681e-08,90,22,2,68,normal_corr_dominates,8.95133677e+00,1.00000000e+00,2.50000104e+07,1.04164011e+01,1.04673385e+00,9.36966721e+00,1.00025509e-09
44,1.09963619e+00,3.48453681e-08,90,24,0,72,corr_ratio_high,1.20139070e+00,5.00000000e-01,2.49999955e+07,-4.46491142e+00,-1.08197566e+01,6.35484520e+00,1.00008672e-09
44,1.09963619e+00,3.48453681e-08,90,24,1,73,normal_corr_dominates,1.19576349e+00,1.00000000e+00,2.49999762e+07,-2.37576265e+01,-1.08197566e+01,-1.29378699e+01,1.00020657e-09
44,1.09963619e+00,3.48453681e-08,90,25,1,76,normal_corr_dominates,4.92156021e+00,1.00000000e+00,2.50000169e+07,1.68909623e+01,-4.30720464e+00,2.11981669e+01,1.00026093e-09
44,1.09963619e+00,3.48453681e-08,90,25,2,77,normal_corr_dominates,5.64316554e+00,1.00000000e+00,2.50000200e+07,1.99990641e+01,-4.30720464e+00,2.43062688e+01,1.00006422e-09
44,1.09963619e+00,3.48453681e-08,90,25,2,77,corr_ratio_high,2.05946146e+00,5.00000000e-01,2.50000200e+07,1.99990641e+01,-4.30720464e+00,2.43062688e+01,1.00006422e-09
44,1.09963619e+00,3.48453681e-08,90,16,0,48,normal_corr_dominates,7.80018569e+00,1.00000000e+00,2.49999570e+07,-4.29922698e+01,-4.88538212e+00,-3.81068877e+01,1.00011151e-09
44,1.09963619e+00,3.48453681e-08,90,16,0,48,corr_ratio_high,1.47090031e+00,5.00000000e-01,2.49999570e+07,-4.29922698e+01,-4.88538212e+00,-3.81068877e+01,1.00011151e-09
44,1.09963619e+00,3.48453681e-08,90,16,1,49,normal_corr_dominates,2.55560584e+00,1.00000000e+00,2.50000076e+07,7.59972896e+00,-4.88538212e+00,1.24851111e+01,1.00022199e-09
44,1.09963619e+00,3.48453681e-08,90,16,2,50,normal_corr_dominates,1.44412057e+00,1.00000000e+00,2.50000022e+07,2.16969871e+00,-4.88538212e+00,7.05508083e+00,1.00025376e-09
45,1.12415436e+00,3.56223022e-08,90,0,0,0,normal_corr_dominates,3.11632559e+00,1.00000000e+00,2.50000065e+07,6.48892121e+00,-3.06612614e+00,9.55504735e+00,1.00028378e-09
45,1.12415436e+00,3.56223022e-08,90,0,1,1,normal_corr_dominates,6.01273520e+00,1.00000000e+00,2.50000154e+07,1.53696784e+01,-3.06612614e+00,1.84358045e+01,1.00019899e-09
45,1.12415436e+00,3.56223022e-08,90,0,2,2,corr_ratio_high,2.44459280e+00,5.00000000e-01,2.49999962e+07,-3.84921536e+00,-3.06612614e+00,-7.83089228e-01,1.00006369e-09
45,1.12415436e+00,3.56223022e-08,90,1,0,3,normal_corr_dominates,2.43776352e+00,1.00000000e+00,2.50000129e+07,1.28630778e+01,-8.94658798e+00,2.18096658e+01,1.00023628e-09
45,1.12415436e+00,3.56223022e-08,90,3,1,10,normal_corr_dominates,2.96006457e+00,1.00000000e+00,2.50000158e+07,1.58094696e+01,-8.06579022e+00,2.38752598e+01,1.00023736e-09
45,1.12415436e+00,3.56223022e-08,90,3,2,11,normal_corr_dominates,2.72422028e+00,1.00000000e+00,2.50000139e+07,1.39071991e+01,-8.06579022e+00,2.19729893e+01,1.00014929e-09
45,1.12415436e+00,3.56223022e-08,90,3,2,11,corr_ratio_high,6.46162955e-01,5.00000000e-01,2.50000139e+07,1.39071991e+01,-8.06579022e+00,2.19729893e+01,1.00014929e-09
45,1.12415436e+00,3.56223022e-08,90,4,0,12,normal_corr_dominates,1.11968648e+01,1.00000000e+00,2.50000118e+07,1.18432203e+01,-1.16145702e+00,1.30046773e+01,1.00023812e-09
45,1.12415436e+00,3.56223022e-08,90,4,1,13,normal_corr_dominates,2.66861747e+01,1.00000000e+00,2.50000298e+07,2.98333880e+01,-1.16145702e+00,3.09948450e+01,1.00013281e-09
45,1.12415436e+00,3.56223022e-08,90,4,1,13,corr_ratio_high,5.36293633e-01,5.00000000e-01,2.50000298e+07,2.98333880e+01,-1.16145702e+00,3.09948450e+01,1.00013281e-09
45,1.12415436e+00,3.56223022e-08,90,5,0,15,normal_corr_dominates,1.99484809e+02,1.00000000e+00,2.50000428e+07,4.28462097e+01,2.13712998e-01,4.26324967e+01,1.00011893e-09
45,1.12415436e+00,3.56223022e-08,90,5,1,16,normal_corr_dominates,2.86222404e+02,1.00000000e+00,2.49999390e+07,-6.09557351e+01,2.13712998e-01,-6.11694481e+01,1.00034878e-09
45,1.12415436e+00,3.56223022e-08,90,5,2,17,normal_corr_dominates,3.28271959e+01,1.00000000e+00,2.50000072e+07,7.22931146e+00,2.13712998e-01,7.01559846e+00,1.00003557e-09
45,1.12415436e+00,3.56223022e-08,90,5,2,17,corr_ratio_high,3.97554235e+00,5.00000000e-01,2.50000072e+07,7.22931146e+00,2.13712998e-01,7.01559846e+00,1.00003557e-09
45,1.12415436e+00,3.56223022e-08,90,6,0,18,normal_corr_dominates,1.58287185e+00,1.00000000e+00,2.49999672e+07,-3.27858726e+01,-1.26935731e+01,-2.00922995e+01,1.00010818e-09
45,1.12415436e+00,3.56223022e-08,90,6,0,18,corr_ratio_high,1.33089746e+00,5.00000000e-01,2.49999672e+07,-3.27858726e+01,-1.26935731e+01,-2.00922995e+01,1.00010818e-09
45,1.12415436e+00,3.56223022e-08,90,6,1,19,normal_corr_dominates,2.38923903e+00,1.00000000e+00,2.50000176e+07,1.76344071e+01,-1.26935731e+01,3.03279802e+01,1.00037400e-09
45,1.12415436e+00,3.56223022e-08,90,6,1,19,corr_ratio_high,5.55680110e-01,5.00000000e-01,2.50000176e+07,1.76344071e+01,-1.26935731e+01,3.03279802e+01,1.00037400e-09
45,1.12415436e+00,3.56223022e-08,90,6,2,20,normal_corr_dominates,1.28668038e+00,1.00000000e+00,2.49999710e+07,-2.90261445e+01,-1.26935731e+01,-1.63325714e+01,1.00012511e-09
45,1.12415436e+00,3.56223022e-08,90,6,2,20,corr_ratio_high,8.57422022e-01,5.00000000e-01,2.49999710e+07,-2.90261445e+01,-1.26935731e+01,-1.63325714e+01,1.00012511e-09
45,1.12415436e+00,3.56223022e-08,90,7,0,21,normal_corr_dominates,1.21415409e+01,1.00000000e+00,2.50000305e+07,3.05368395e+01,-2.74080935e+00,3.32776488e+01,1.00016695e-09
45,1.12415436e+00,3.56223022e-08,90,7,1,22,normal_corr_dominates,7.89725238e+00,1.00000000e+00,2.50000189e+07,1.89040538e+01,-2.74080935e+00,2.16448632e+01,1.00018533e-09
45,1.12415436e+00,3.56223022e-08,90,7,2,23,normal_corr_dominates,2.87004986e+00,1.00000000e+00,2.49999894e+07,-1.06070688e+01,-2.74080935e+00,-7.86625949e+00,1.00010407e-09
45,1.12415436e+00,3.56223022e-08,90,7,2,23,corr_ratio_high,5.93768419e-01,5.00000000e-01,2.49999894e+07,-1.06070688e+01,-2.74080935e+00,-7.86625949e+00,1.00010407e-09
45,1.12415436e+00,3.56223022e-08,90,8,0,24,normal_corr_dominates,1.96674001e+00,1.00000000e+00,2.50000131e+07,1.30835661e+01,-1.35336967e+01,2.66172627e+01,1.00018113e-09
45,1.12415436e+00,3.56223022e-08,90,8,1,25,normal_corr_dominates,1.07891430e+00,1.00000000e+00,2.50000011e+07,1.06800223e+00,-1.35336967e+01,1.46016989e+01,1.00037600e-09
45,1.12415436e+00,3.56223022e-08,90,8,1,25,corr_ratio_high,5.75036106e-01,5.00000000e-01,2.50000011e+07,1.06800223e+00,-1.35336967e+01,1.46016989e+01,1.00037600e-09
45,1.12415436e+00,3.56223022e-08,90,8,2,26,corr_ratio_high,6.94378237e-01,5.00000000e-01,2.49999774e+07,-2.25561008e+01,-1.35336967e+01,-9.02240413e+00,1.00012895e-09
45,1.12415436e+00,3.56223022e-08,90,9,2,29,normal_corr_dominates,1.77512635e+00,1.00000000e+00,2.50000082e+07,8.17286934e+00,-1.05439189e+01,1.87167882e+01,1.00016136e-09
45,1.12415436e+00,3.56223022e-08,90,10,2,32,normal_corr_dominates,1.88413312e+00,1.00000000e+00,2.50000116e+07,1.15790795e+01,-1.30965340e+01,2.46756135e+01,1.00015879e-09
45,1.12415436e+00,3.56223022e-08,90,11,0,33,normal_corr_dominates,1.12169496e+01,1.00000000e+00,2.50000312e+07,3.12317740e+01,-3.05685899e+00,3.42886330e+01,1.00021131e-09
45,1.12415436e+00,3.56223022e-08,90,11,1,34,corr_ratio_high,1.76631698e+00,5.00000000e-01,2.49999973e+07,-2.67525089e+00,-3.05685899e+00,3.81608091e-01,1.00006893e-09
45,1.12415436e+00,3.56223022e-08,90,11,2,35,normal_corr_dominates,4.75797289e+00,1.00000000e+00,2.49999824e+07,-1.76013112e+01,-3.05685899e+00,-1.45444522e+01,1.00018963e-09
45,1.12415436e+00,3.56223022e-08,90,12,1,37,normal_corr_dominates,1.58764857e+00,1.00000000e+00,2.50000055e+07,5.45482578e+00,-9.28246245e+00,1.47372882e+01,1.00019622e-09
45,1.12415436e+00,3.56223022e-08,90,14,0,42,normal_corr_dominates,3.93774197e+00,1.00000000e+00,2.49999925e+07,-7.51105053e+00,2.55674277e+00,-1.00677933e+01,1.00015007e-09
45,1.12415436e+00,3.56223022e-08,90,14,1,43,normal_corr_dominates,1.62502597e+01,1.00000000e+00,2.49999610e+07,-3.89909913e+01,2.55674277e+00,-4.15477341e+01,1.00014933e-09
45,1.12415436e+00,3.56223022e-08,90,14,2,44,normal_corr_dominates,9.51767196e+00,1.00000000e+00,2.50000269e+07,2.68909817e+01,2.55674277e+00,2.43342390e+01,1.00019771e-09
45,1.12415436e+00,3.56223022e-08,90,15,0,45,normal_corr_dominates,1.32513959e+00,1.00000000e+00,2.49999868e+07,-1.31764392e+01,-5.66694545e+00,-7.50949375e+00,1.00014621e-09
45,1.12415436e+00,3.56223022e-08,90,15,1,46,normal_corr_dominates,2.17467973e+00,1.00000000e+00,2.49999820e+07,-1.79907369e+01,-5.66694545e+00,-1.23237914e+01,1.00021601e-09
45,1.12415436e+00,3.56223022e-08,90,15,2,47,normal_corr_dominates,1.80995595e+00,1.00000000e+00,2.49999841e+07,-1.59238671e+01,-5.66694545e+00,-1.02569216e+01,1.00016260e-09
45,1.12415436e+00,3.56223022e-08,90,17,0,51,normal_corr_dominates,3.18987045e+01,1.00000000e+00,2.49999682e+07,-3.18311621e+01,-9.67550625e-01,-3.08636115e+01,1.00026728e-09
45,1.12415436e+00,3.56223022e-08,90,17,1,52,normal_corr_dominates,1.58857264e+01,1.00000000e+00,2.49999837e+07,-1.63377951e+01,-9.67550625e-01,-1.53702445e+01,9.99981247e-10
45,1.12415436e+00,3.56223022e-08,90,17,1,52,corr_ratio_high,4.83210795e+00,5.00000000e-01,2.49999837e+07,-1.63377951e+01,-9.67550625e-01,-1.53702445e+01,9.99981247e-10
45,1.12415436e+00,3.56223022e-08,90,17,2,53,normal_corr_dominates,1.69387355e+01,1.00000000e+00,2.50000154e+07,1.54215335e+01,-9.67550625e-01,1.63890842e+01,1.00032803e-09
45,1.12415436e+00,3.56223022e-08,90,18,0,54,normal_corr_dominates,4.39354192e+00,1.00000000e+00,2.50000174e+07,1.73997653e+01,-5.12731704e+00,2.25270824e+01,1.00019482e-09
45,1.12415436e+00,3.56223022e-08,90,18,1,55,normal_corr_dominates,1.92340228e+00,1.00000000e+00,2.49999850e+07,-1.49892103e+01,-5.12731704e+00,-9.86189327e+00,1.00013477e-09
45,1.12415436e+00,3.56223022e-08,90,18,2,56,normal_corr_dominates,1.41818382e+00,1.00000000e+00,2.49999876e+07,-1.23987951e+01,-5.12731704e+00,-7.27147807e+00,1.00016811e-09
45,1.12415436e+00,3.56223022e-08,90,19,0,57,corr_ratio_high,2.19703215e+00,5.00000000e-01,2.49999888e+07,-1.11988888e+01,-1.29843522e+01,1.78546346e+00,1.00006263e-09
45,1.12415436e+00,3.56223022e-08,90,19,1,58,corr_ratio_high,5.86771239e-01,5.00000000e-01,2.49999960e+07,-3.96987963e+00,-1.29843522e+01,9.01447260e+00,1.00038240e-09
45,1.12415436e+00,3.56223022e-08,90,20,2,62,normal_corr_dominates,1.29947957e+00,1.00000000e+00,2.50000028e+07,2.80000166e+00,-9.34955804e+00,1.21495597e+01,1.00017306e-09
45,1.12415436e+00,3.56223022e-08,90,21,0,63,normal_corr_dominates,1.27654387e+00,1.00000000e+00,2.49999829e+07,-1.70915471e+01,-7.50767306e+00,-9.58387405e+00,1.00016193e-09
45,1.12415436e+00,3.56223022e-08,90,21,1,64,normal_corr_dominates,3.88580990e+00,1.00000000e+00,2.50000217e+07,2.16657172e+01,-7.50767306e+00,2.91733903e+01,1.00019422e-09
45,1.12415436e+00,3.56223022e-08,90,21,2,65,normal_corr_dominates,1.82058393e+00,1.00000000e+00,2.49999788e+07,-2.11760220e+01,-7.50767306e+00,-1.36683490e+01,1.00023171e-09
45,1.12415436e+00,3.56223022e-08,90,22,0,66,normal_corr_dominates,1.75474425e+01,1.00000000e+00,2.49999824e+07,-1.76336872e+01,1.06564426e+00,-1.86993314e+01,1.00014735e-09
45,1.12415436e+00,3.56223022e-08,90,22,1,67,normal_corr_dominates,1.75283023e+01,1.00000000e+00,2.49999824e+07,-1.76132905e+01,1.06564426e+00,-1.86789348e+01,1.00021387e-09
45,1.12415436e+00,3.56223022e-08,90,22,2,68,normal_corr_dominates,8.97382019e+00,1.00000000e+00,2.50000106e+07,1.06285443e+01,1.06564426e+00,9.56290002e+00,1.00026037e-09
45,1.12415436e+00,3.56223022e-08,90,24,0,72,corr_ratio_high,1.20124765e+00,5.00000000e-01,2.49999954e+07,-4.55732040e+00,-1.10455531e+01,6.48823265e+00,1.00008852e-09
45,1.12415436e+00,3.56223022e-08,90,24,1,73,normal_corr_dominates,1.19551547e+00,1.00000000e+00,2.49999757e+07,-2.42506826e+01,-1.10455531e+01,-1.32051295e+01,1.00021084e-09
45,1.12415436e+00,3.56223022e-08,90,25,1,76,normal_corr_dominates,4.91985432e+00,1.00000000e+00,2.50000172e+07,1.72382353e+01,-4.39767242e+00,2.16359077e+01,1.00026633e-09
45,1.12415436e+00,3.56223022e-08,90,25,2,77,normal_corr_dominates,5.64064721e+00,1.00000000e+00,2.50000204e+07,2.04080463e+01,-4.39767242e+00,2.48057187e+01,1.00006555e-09
45,1.12415436e+00,3.56223022e-08,90,25,2,77,corr_ratio_high,2.05943348e+00,5.00000000e-01,2.50000204e+07,2.04080463e+01,-4.39767242e+00,2.48057187e+01,1.00006555e-09
45,1.12415436e+00,3.56223022e-08,90,16,0,48,normal_corr_dominates,7.79606995e+00,1.00000000e+00,2.49999561e+07,-4.38817935e+01,-4.98879542e+00,-3.88929981e+01,1.00011382e-09
45,1.12415436e+00,3.56223022e-08,90,16,0,48,corr_ratio_high,1.47075282e+00,5.00000000e-01,2.49999561e+07,-4.38817935e+01,-4.98879542e+00,-3.88929981e+01,1.00011382e-09
45,1.12415436e+00,3.56223022e-08,90,16,1,49,normal_corr_dominates,2.55424299e+00,1.00000000e+00,2.50000078e+07,7.75380033e+00,-4.98879542e+00,1.27425957e+01,1.00022658e-09
45,1.12415436e+00,3.56223022e-08,90,16,2,50,normal_corr_dominates,1.44338824e+00,1.00000000e+00,2.50000022e+07,2.21197323e+00,-4.98879542e+00,7.20076865e+00,1.00025901e-09
46,1.14779430e+00,3.63714066e-08,90,0,0,0,normal_corr_dominates,3.11563797e+00,1.00000000e+00,2.50000066e+07,6.61574782e+00,-3.12706990e+00,9.74281772e+00,1.00028930e-09
46,1.14779430e+00,3.63714066e-08,90,0,1,1,normal_corr_dominates,6.00936562e+00,1.00000000e+00,2.50000157e+07,1.56646365e+01,-3.12706990e+00,1.87917064e+01,1.00020287e-09
46,1.14779430e+00,3.63714066e-08,90,0,2,2,corr_ratio_high,2.44399190e+00,5.00000000e-01,2.49999961e+07,-3.92755193e+00,-3.12706990e+00,-8.00482030e-01,1.00006494e-09
46,1.14779430e+00,3.63714066e-08,90,1,0,3,normal_corr_dominates,2.43713185e+00,1.00000000e+00,2.50000131e+07,1.31110563e+01,-9.12307128e+00,2.22341276e+01,1.00024088e-09
46,1.14779430e+00,3.63714066e-08,90,3,1,10,normal_corr_dominates,2.95968559e+00,1.00000000e+00,2.50000161e+07,1.61165888e+01,-8.22406865e+00,2.43406575e+01,1.00024199e-09
46,1.14779430e+00,3.63714066e-08,90,3,2,11,normal_corr_dominates,2.72343650e+00,1.00000000e+00,2.50000142e+07,1.41736600e+01,-8.22406865e+00,2.23977287e+01,1.00015220e-09
46,1.14779430e+00,3.63714066e-08,90,3,2,11,corr_ratio_high,6.46138756e-01,5.00000000e-01,2.50000142e+07,1.41736600e+01,-8.22406865e+00,2.23977287e+01,1.00015220e-09
46,1.14779430e+00,3.63714066e-08,90,4,0,12,normal_corr_dominates,1.11737370e+01,1.00000000e+00,2.50000121e+07,1.20709717e+01,-1.18648356e+00,1.32574553e+01,1.00024276e-09
46,1.14779430e+00,3.63714066e-08,90,4,1,13,normal_corr_dominates,2.66311676e+01,1.00000000e+00,2.50000304e+07,3.04109590e+01,-1.18648356e+00,3.15974425e+01,1.00013539e-09
46,1.14779430e+00,3.63714066e-08,90,4,1,13,corr_ratio_high,5.36344038e-01,5.00000000e-01,2.50000304e+07,3.04109590e+01,-1.18648356e+00,3.15974425e+01,1.00013539e-09
46,1.14779430e+00,3.63714066e-08,90,5,0,15,normal_corr_dominates,2.01904443e+02,1.00000000e+00,2.50000437e+07,4.36760388e+01,2.15254226e-01,4.34607845e+01,1.00012125e-09
46,1.14779430e+00,3.63714066e-08,90,5,1,16,normal_corr_dominates,2.89700322e+02,1.00000000e+00,2.49999379e+07,-6.21439643e+01,2.15254226e-01,-6.23592185e+01,1.00035557e-09
46,1.14779430e+00,3.63714066e-08,90,5,2,17,normal_corr_dominates,3.32306442e+01,1.00000000e+00,2.50000074e+07,7.36829082e+00,2.15254226e-01,7.15303659e+00,1.00003627e-09
46,1.14779430e+00,3.63714066e-08,90,5,2,17,corr_ratio_high,3.97481503e+00,5.00000000e-01,2.50000074e+07,7.36829082e+00,2.15254226e-01,7.15303659e+00,1.00003627e-09
46,1.14779430e+00,3.63714066e-08,90,6,0,18,normal_corr_dominates,1.58284376e+00,1.00000000e+00,2.49999666e+07,-3.34251365e+01,-1.29412150e+01,-2.04839214e+01,1.00011029e-09
46,1.14779430e+00,3.63714066e-08,90,6,0,18,corr_ratio_high,1.33078400e+00,5.00000000e-01,2.49999666e+07,-3.34251365e+01,-1.29412150e+01,-2.04839214e+01,1.00011029e-09
46,1.14779430e+00,3.63714066e-08,90,6,1,19,normal_corr_dominates,2.38918926e+00,1.00000000e+00,2.50000180e+07,1.79777969e+01,-1.29412150e+01,3.09190119e+01,1.00038128e-09
46,1.14779430e+00,3.63714066e-08,90,6,1,19,corr_ratio_high,5.55674027e-01,5.00000000e-01,2.50000180e+07,1.79777969e+01,-1.29412150e+01,3.09190119e+01,1.00038128e-09
46,1.14779430e+00,3.63714066e-08,90,6,2,20,normal_corr_dominates,1.28676450e+00,1.00000000e+00,2.49999704e+07,-2.95935110e+01,-1.29412150e+01,-1.66522960e+01,1.00012756e-09
46,1.14779430e+00,3.63714066e-08,90,6,2,20,corr_ratio_high,8.57267408e-01,5.00000000e-01,2.49999704e+07,-2.95935110e+01,-1.29412150e+01,-1.66522960e+01,1.00012756e-09
46,1.14779430e+00,3.63714066e-08,90,7,0,21,normal_corr_dominates,1.21304308e+01,1.00000000e+00,2.50000311e+07,3.11265021e+01,-2.79652267e+00,3.39230248e+01,1.00017021e-09
46,1.14779430e+00,3.63714066e-08,90,7,1,22,normal_corr_dominates,7.89026592e+00,1.00000000e+00,2.50000193e+07,1.92687849e+01,-2.79652267e+00,2.20653076e+01,1.00018895e-09
46,1.14779430e+00,3.63714066e-08,90,7,2,23,normal_corr_dominates,2.86716408e+00,1.00000000e+00,2.49999892e+07,-1.08146120e+01,-2.79652267e+00,-8.01808936e+00,1.00010610e-09
46,1.14779430e+00,3.63714066e-08,90,7,2,23,corr_ratio_high,5.93747258e-01,5.00000000e-01,2.49999892e+07,-1.08146120e+01,-2.79652267e+00,-8.01808936e+00,1.00010610e-09
46,1.14779430e+00,3.63714066e-08,90,8,0,24,normal_corr_dominates,1.96637805e+00,1.00000000e+00,2.50000133e+07,1.33356580e+01,-1.37996284e+01,2.71352864e+01,1.00018465e-09
46,1.14779430e+00,3.63714066e-08,90,8,1,25,normal_corr_dominates,1.07864910e+00,1.00000000e+00,2.50000011e+07,1.08532841e+00,-1.37996284e+01,1.48849568e+01,1.00038333e-09
46,1.14779430e+00,3.63714066e-08,90,8,1,25,corr_ratio_high,5.75029350e-01,5.00000000e-01,2.50000011e+07,1.08532841e+00,-1.37996284e+01,1.48849568e+01,1.00038333e-09
46,1.14779430e+00,3.63714066e-08,90,8,2,26,corr_ratio_high,6.94321116e-01,5.00000000e-01,2.49999770e+07,-2.29972348e+01,-1.37996284e+01,-9.19760637e+00,1.00013147e-09
46,1.14779430e+00,3.63714066e-08,90,9,2,29,normal_corr_dominates,1.77451464e+00,1.00000000e+00,2.50000083e+07,8.32729737e+00,-1.07516333e+01,1.90789307e+01,1.00016451e-09
46,1.14779430e+00,3.63714066e-08,90,10,2,32,normal_corr_dominates,1.88353797e+00,1.00000000e+00,2.50000118e+07,1.17983799e+01,-1.33535630e+01,2.51519429e+01,1.00016190e-09
46,1.14779430e+00,3.63714066e-08,90,11,0,33,normal_corr_dominates,1.12079342e+01,1.00000000e+00,2.50000318e+07,3.18357204e+01,-3.11872313e+00,3.49544435e+01,1.00021544e-09
46,1.14779430e+00,3.63714066e-08,90,11,1,34,corr_ratio_high,1.76616326e+00,5.00000000e-01,2.49999973e+07,-2.72769345e+00,-3.11872313e+00,3.91029677e-01,1.00007028e-09
46,1.14779430e+00,3.63714066e-08,90,11,2,35,normal_corr_dominates,4.75405885e+00,1.00000000e+00,2.49999821e+07,-1.79453164e+01,-3.11872313e+00,-1.48265933e+01,1.00019333e-09
46,1.14779430e+00,3.63714066e-08,90,12,1,37,normal_corr_dominates,1.58705352e+00,1.00000000e+00,2.50000056e+07,5.55676456e+00,-9.46551616e+00,1.50222807e+01,1.00020004e-09
46,1.14779430e+00,3.63714066e-08,90,14,0,42,normal_corr_dominates,3.94064021e+00,1.00000000e+00,2.49999923e+07,-7.65969671e+00,2.60477180e+00,-1.02644685e+01,1.00015300e-09
46,1.14779430e+00,3.63714066e-08,90,14,1,43,normal_corr_dominates,1.62604257e+01,1.00000000e+00,2.49999603e+07,-3.97499266e+01,2.60477180e+00,-4.23546984e+01,1.00015224e-09
46,1.14779430e+00,3.63714066e-08,90,14,2,44,normal_corr_dominates,9.52424574e+00,1.00000000e+00,2.50000274e+07,2.74132586e+01,2.60477180e+00,2.48084868e+01,1.00020157e-09
46,1.14779430e+00,3.63714066e-08,90,15,0,45,normal_corr_dominates,1.32490239e+00,1.00000000e+00,2.49999866e+07,-1.34350286e+01,-5.77874952e+00,-7.65627908e+00,1.00014906e-09
46,1.14779430e+00,3.63714066e-08,90,15,1,46,normal_corr_dominates,2.17382614e+00,1.00000000e+00,2.49999817e+07,-1.83407463e+01,-5.77874952e+00,-1.25619968e+01,1.00022022e-09
46,1.14779430e+00,3.63714066e-08,90,15,2,47,normal_corr_dominates,1.80946038e+00,1.00000000e+00,2.49999838e+07,-1.62351678e+01,-5.77874952e+00,-1.04564183e+01,1.00016577e-09
46,1.14779430e+00,3.63714066e-08,90,17,0,51,normal_corr_dominates,3.18109423e+01,1.00000000e+00,2.49999675e+07,-3.24532525e+01,-9.89098460e-01,-3.14641541e+01,1.00027249e-09
46,1.14779430e+00,3.63714066e-08,90,17,1,52,normal_corr_dominates,1.58406159e+01,1.00000000e+00,2.49999833e+07,-1.66570272e+01,-9.89098460e-01,-1.56679288e+01,9.99980891e-10
46,1.14779430e+00,3.63714066e-08,90,17,1,52,corr_ratio_high,4.83242181e+00,5.00000000e-01,2.49999833e+07,-1.66570272e+01,-9.89098460e-01,-1.56679288e+01,9.99980891e-10
46,1.14779430e+00,3.63714066e-08,90,17,2,53,normal_corr_dominates,1.68916187e+01,1.00000000e+00,2.50000157e+07,1.57183756e+01,-9.89098460e-01,1.67074740e+01,1.00033442e-09
46,1.14779430e+00,3.63714066e-08,90,18,0,54,normal_corr_dominates,4.39127955e+00,1.00000000e+00,2.50000177e+07,1.77348573e+01,-5.22954744e+00,2.29644048e+01,1.00019862e-09
46,1.14779430e+00,3.63714066e-08,90,18,1,55,normal_corr_dominates,1.92235119e+00,1.00000000e+00,2.49999847e+07,-1.52825742e+01,-5.22954744e+00,-1.00530268e+01,1.00013740e-09
46,1.14779430e+00,3.63714066e-08,90,18,2,56,normal_corr_dominates,1.41730119e+00,1.00000000e+00,2.49999874e+07,-1.26413913e+01,-5.22954744e+00,-7.41184382e+00,1.00017139e-09
46,1.14779430e+00,3.63714066e-08,90,19,0,57,corr_ratio_high,2.19664539e+00,5.00000000e-01,2.49999886e+07,-1.14180228e+01,-1.32395557e+01,1.82153286e+00,1.00006386e-09
46,1.14779430e+00,3.63714066e-08,90,19,1,58,corr_ratio_high,5.86763136e-01,5.00000000e-01,2.49999959e+07,-4.05051821e+00,-1.32395557e+01,9.18903745e+00,1.00038985e-09
46,1.14779430e+00,3.63714066e-08,90,20,2,62,normal_corr_dominates,1.29901651e+00,1.00000000e+00,2.50000029e+07,2.85077586e+00,-9.53384098e+00,1.23846168e+01,1.00017644e-09
46,1.14779430e+00,3.63714066e-08,90,21,0,63,normal_corr_dominates,1.27637173e+00,1.00000000e+00,2.49999826e+07,-1.74260582e+01,-7.65519003e+00,-9.77086817e+00,1.00016509e-09
46,1.14779430e+00,3.63714066e-08,90,21,1,64,normal_corr_dominates,3.88515406e+00,1.00000000e+00,2.50000221e+07,2.20864026e+01,-7.65519003e+00,2.97415926e+01,1.00019801e-09
46,1.14779430e+00,3.63714066e-08,90,21,2,65,normal_corr_dominates,1.82014141e+00,1.00000000e+00,2.49999784e+07,-2.15887184e+01,-7.65519003e+00,-1.39335284e+01,1.00023623e-09
46,1.14779430e+00,3.63714066e-08,90,22,0,66,normal_corr_dominates,1.75895175e+01,1.00000000e+00,2.49999820e+07,-1.79793345e+01,1.08377682e+00,-1.90631113e+01,1.00015022e-09
46,1.14779430e+00,3.63714066e-08,90,22,1,67,normal_corr_dominates,1.75701974e+01,1.00000000e+00,2.49999820e+07,-1.79583958e+01,1.08377682e+00,-1.90421726e+01,1.00021804e-09
46,1.14779430e+00,3.63714066e-08,90,22,2,68,normal_corr_dominates,8.99523747e+00,1.00000000e+00,2.50000108e+07,1.08326067e+01,1.08377682e+00,9.74882987e+00,1.00026544e-09
46,1.14779430e+00,3.63714066e-08,90,24,0,72,corr_ratio_high,1.20111084e+00,5.00000000e-01,2.49999954e+07,-4.64626855e+00,-1.12628808e+01,6.61661225e+00,1.00009025e-09
46,1.14779430e+00,3.63714066e-08,90,24,1,73,normal_corr_dominates,1.19527983e+00,1.00000000e+00,2.49999753e+07,-2.47251750e+01,-1.12628808e+01,-1.34622942e+01,1.00021495e-09
46,1.14779430e+00,3.63714066e-08,90,25,1,76,normal_corr_dominates,4.91823976e+00,1.00000000e+00,2.50000176e+07,1.75723469e+01,-4.48475540e+00,2.20571023e+01,1.00027152e-09
46,1.14779430e+00,3.63714066e-08,90,25,2,77,normal_corr_dominates,5.63826821e+00,1.00000000e+00,2.50000208e+07,2.08014984e+01,-4.48475540e+00,2.52862538e+01,1.00006683e-09
46,1.14779430e+00,3.63714066e-08,90,25,2,77,corr_ratio_high,2.05940523e+00,5.00000000e-01,2.50000208e+07,2.08014984e+01,-4.48475540e+00,2.52862538e+01,1.00006683e-09
46,1.14779430e+00,3.63714066e-08,90,16,0,48,normal_corr_dominates,7.79217689e+00,1.00000000e+00,2.49999553e+07,-4.47377715e+01,-5.08836117e+00,-3.96494103e+01,1.00011604e-09
46,1.14779430e+00,3.63714066e-08,90,16,0,48,corr_ratio_high,1.47061220e+00,5.00000000e-01,2.49999553e+07,-4.47377715e+01,-5.08836117e+00,-3.96494103e+01,1.00011604e-09
46,1.14779430e+00,3.63714066e-08,90,16,1,49,normal_corr_dominates,2.55295436e+00,1.00000000e+00,2.50000079e+07,7.90199266e+00,-5.08836117e+00,1.29903538e+01,1.00023100e-09
46,1.14779430e+00,3.63714066e-08,90,16,2,50,normal_corr_dominates,1.44269534e+00,1.00000000e+00,2.50000023e+07,2.25259380e+00,-5.08836117e+00,7.34095497e+00,1.00026406e-09
47,1.17023357e+00,3.70824640e-08,90,0,0,0,normal_corr_dominates,3.11500981e+00,1.00000000e+00,2.50000067e+07,6.73594412e+00,-3.18482878e+00,9.92077291e+00,1.00029453e-09
47,1.17023357e+00,3.70824640e-08,90,0,1,1,normal_corr_dominates,6.00623385e+00,1.00000000e+00,2.50000159e+07,1.59439977e+01,-3.18482878e+00,1.91288264e+01,1.00020655e-09
47,1.17023357e+00,3.70824640e-08,90,0,2,2,corr_ratio_high,2.44342672e+00,5.00000000e-01,2.49999960e+07,-4.00187124e+00,-3.18482878e+00,-8.17042458e-01,1.00006613e-09
47,1.17023357e+00,3.70824640e-08,90,1,0,3,normal_corr_dominates,2.43654228e+00,1.00000000e+00,2.50000133e+07,1.33459446e+01,-9.29032497e+00,2.26362696e+01,1.00024524e-09
47,1.17023357e+00,3.70824640e-08,90,3,1,10,normal_corr_dominates,2.95933126e+00,1.00000000e+00,2.50000164e+07,1.64075299e+01,-8.37404588e+00,2.47815758e+01,1.00024638e-09
47,1.17023357e+00,3.70824640e-08,90,3,2,11,normal_corr_dominates,2.72270613e+00,1.00000000e+00,2.50000144e+07,1.44260202e+01,-8.37404588e+00,2.28000661e+01,1.00015496e-09
47,1.17023357e+00,3.70824640e-08,90,3,2,11,corr_ratio_high,6.46115419e-01,5.00000000e-01,2.50000144e+07,1.44260202e+01,-8.37404588e+00,2.28000661e+01,1.00015496e-09
47,1.17023357e+00,3.70824640e-08,90,4,0,12,normal_corr_dominates,1.11522314e+01,1.00000000e+00,2.50000123e+07,1.22866926e+01,-1.21024552e+00,1.34969381e+01,1.00024716e-09
47,1.17023357e+00,3.70824640e-08,90,4,1,13,normal_corr_dominates,2.65800120e+01,1.00000000e+00,2.50000310e+07,3.09580950e+01,-1.21024552e+00,3.21683405e+01,1.00013784e-09
47,1.17023357e+00,3.70824640e-08,90,4,1,13,corr_ratio_high,5.36391540e-01,5.00000000e-01,2.50000310e+07,3.09580950e+01,-1.21024552e+00,3.21683405e+01,1.00013784e-09
47,1.17023357e+00,3.70824640e-08,90,5,0,15,normal_corr_dominates,2.04215574e+02,1.00000000e+00,2.50000445e+07,4.44621162e+01,2.16660535e-01,4.42454557e+01,1.00012345e-09
47,1.17023357e+00,3.70824640e-08,90,5,1,16,normal_corr_dominates,2.93022382e+02,1.00000000e+00,2.49999367e+07,-6.32697256e+01,2.16660535e-01,-6.34863861e+01,1.00036201e-09
47,1.17023357e+00,3.70824640e-08,90,5,2,17,normal_corr_dominates,3.36160941e+01,1.00000000e+00,2.50000075e+07,7.49994146e+00,2.16660535e-01,7.28328093e+00,1.00003693e-09
47,1.17023357e+00,3.70824640e-08,90,5,2,17,corr_ratio_high,3.97413171e+00,5.00000000e-01,2.50000075e+07,7.49994146e+00,2.16660535e-01,7.28328093e+00,1.00003693e-09
47,1.17023357e+00,3.70824640e-08,90,6,0,18,normal_corr_dominates,1.58281904e+00,1.00000000e+00,2.49999660e+07,-3.40308186e+01,-1.31758432e+01,-2.08549755e+01,1.00011229e-09
47,1.17023357e+00,3.70824640e-08,90,6,0,18,corr_ratio_high,1.33067688e+00,5.00000000e-01,2.49999660e+07,-3.40308186e+01,-1.31758432e+01,-2.08549755e+01,1.00011229e-09
47,1.17023357e+00,3.70824640e-08,90,6,1,19,normal_corr_dominates,2.38914534e+00,1.00000000e+00,2.50000183e+07,1.83031612e+01,-1.31758432e+01,3.14790043e+01,1.00038817e-09
47,1.17023357e+00,3.70824640e-08,90,6,1,19,corr_ratio_high,5.55668248e-01,5.00000000e-01,2.50000183e+07,1.83031612e+01,-1.31758432e+01,3.14790043e+01,1.00038817e-09
47,1.17023357e+00,3.70824640e-08,90,6,2,20,normal_corr_dominates,1.28684467e+00,1.00000000e+00,2.49999699e+07,-3.01311067e+01,-1.31758432e+01,-1.69552635e+01,1.00012988e-09
47,1.17023357e+00,3.70824640e-08,90,6,2,20,corr_ratio_high,8.57122192e-01,5.00000000e-01,2.49999699e+07,-3.01311067e+01,-1.31758432e+01,-1.69552635e+01,1.00012988e-09
47,1.17023357e+00,3.70824640e-08,90,7,0,21,normal_corr_dominates,1.21200621e+01,1.00000000e+00,2.50000317e+07,3.16850340e+01,-2.84935766e+00,3.45343917e+01,1.00017329e-09
47,1.17023357e+00,3.70824640e-08,90,7,1,22,normal_corr_dominates,7.88374578e+00,1.00000000e+00,2.50000196e+07,1.96142537e+01,-2.84935766e+00,2.24636114e+01,1.00019237e-09
47,1.17023357e+00,3.70824640e-08,90,7,2,23,normal_corr_dominates,2.86446724e+00,1.00000000e+00,2.49999890e+07,-1.10112493e+01,-2.84935766e+00,-8.16189167e+00,1.00010803e-09
47,1.17023357e+00,3.70824640e-08,90,7,2,23,corr_ratio_high,5.93727424e-01,5.00000000e-01,2.49999890e+07,-1.10112493e+01,-2.84935766e+00,-8.16189167e+00,1.00010803e-09
47,1.17023357e+00,3.70824640e-08,90,8,0,24,normal_corr_dominates,1.96604056e+00,1.00000000e+00,2.50000136e+07,1.35744440e+01,-1.40516295e+01,2.76260735e+01,1.00018799e-09
47,1.17023357e+00,3.70824640e-08,90,8,1,25,normal_corr_dominates,1.07840170e+00,1.00000000e+00,2.50000011e+07,1.10167167e+00,-1.40516295e+01,1.51533012e+01,1.00039027e-09
47,1.17023357e+00,3.70824640e-08,90,8,1,25,corr_ratio_high,5.75023052e-01,5.00000000e-01,2.50000011e+07,1.10167167e+00,-1.40516295e+01,1.51533012e+01,1.00039027e-09
47,1.17023357e+00,3.70824640e-08,90,8,2,26,corr_ratio_high,6.94267534e-01,5.00000000e-01,2.49999766e+07,-2.34152168e+01,-1.40516295e+01,-9.36358728e+00,1.00013385e-09
47,1.17023357e+00,3.70824640e-08,90,9,2,29,normal_corr_dominates,1.77394272e+00,1.00000000e+00,2.50000085e+07,8.47349689e+00,-1.09484807e+01,1.94219776e+01,1.00016750e-09
47,1.17023357e+00,3.70824640e-08,90,10,2,32,normal_corr_dominates,1.88298107e+00,1.00000000e+00,2.50000120e+07,1.20060000e+01,-1.35971206e+01,2.56031206e+01,1.00016484e-09
47,1.17023357e+00,3.70824640e-08,90,11,0,33,normal_corr_dominates,1.11995347e+01,1.00000000e+00,2.50000324e+07,3.24078207e+01,-3.17738226e+00,3.55852030e+01,1.00021934e-09
47,1.17023357e+00,3.70824640e-08,90,11,1,34,corr_ratio_high,1.76601820e+00,5.00000000e-01,2.49999972e+07,-2.77740821e+00,-3.17738226e+00,3.99974051e-01,1.00007156e-09
47,1.17023357e+00,3.70824640e-08,90,11,2,35,normal_corr_dominates,4.75040974e+00,1.00000000e+00,2.49999817e+07,-1.82712499e+01,-3.17738226e+00,-1.50938676e+01,1.00019683e-09
47,1.17023357e+00,3.70824640e-08,90,12,1,37,normal_corr_dominates,1.58649802e+00,1.00000000e+00,2.50000057e+07,5.65325190e+00,-9.63899569e+00,1.52922476e+01,1.00020367e-09
47,1.17023357e+00,3.70824640e-08,90,14,0,42,normal_corr_dominates,3.94335562e+00,1.00000000e+00,2.49999922e+07,-7.80058668e+00,2.65023588e+00,-1.04508226e+01,1.00015578e-09
47,1.17023357e+00,3.70824640e-08,90,14,1,43,normal_corr_dominates,1.62699364e+01,1.00000000e+00,2.49999595e+07,-4.04689333e+01,2.65023588e+00,-4.31191692e+01,1.00015499e-09
47,1.17023357e+00,3.70824640e-08,90,14,2,44,normal_corr_dominates,9.53039880e+00,1.00000000e+00,2.50000279e+07,2.79080408e+01,2.65023588e+00,2.52578049e+01,1.00020522e-09
47,1.17023357e+00,3.70824640e-08,90,15,0,45,normal_corr_dominates,1.32468218e+00,1.00000000e+00,2.49999863e+07,-1.36800761e+01,-5.88470812e+00,-7.79536798e+00,1.00015176e-09
47,1.17023357e+00,3.70824640e-08,90,15,1,46,normal_corr_dominates,2.17302490e+00,1.00000000e+00,2.49999813e+07,-1.86723254e+01,-5.88470812e+00,-1.27876172e+01,1.00022421e-09
47,1.17023357e+00,3.70824640e-08,90,15,2,47,normal_corr_dominates,1.80899869e+00,1.00000000e+00,2.49999835e+07,-1.65301374e+01,-5.88470812e+00,-1.06454293e+01,1.00016878e-09
47,1.17023357e+00,3.70824640e-08,90,17,0,51,normal_corr_dominates,3.17294875e+01,1.00000000e+00,2.49999670e+07,-3.30426684e+01,-1.00956877e+00,-3.20330997e+01,1.00027743e-09
47,1.17023357e+00,3.70824640e-08,90,17,1,52,normal_corr_dominates,1.57987436e+01,1.00000000e+00,2.49999830e+07,-1.69594869e+01,-1.00956877e+00,-1.59499181e+01,9.99980555e-10
47,1.17023357e+00,3.70824640e-08,90,17,1,52,corr_ratio_high,4.83271597e+00,5.00000000e-01,2.49999830e+07,-1.69594869e+01,-1.00956877e+00,-1.59499181e+01,9.99980555e-10
47,1.17023357e+00,3.70824640e-08,90,17,2,53,normal_corr_dominates,1.68478936e+01,1.00000000e+00,2.50000160e+07,1.59995385e+01,-1.00956877e+00,1.70091072e+01,1.00034047e-09
47,1.17023357e+00,3.70824640e-08,90,18,0,54,normal_corr_dominates,4.38916719e+00,1.00000000e+00,2.50000181e+07,1.80522426e+01,-5.32645386e+00,2.33786965e+01,1.00020222e-09
47,1.17023357e+00,3.70824640e-08,90,18,1,55,normal_corr_dominates,1.92136805e+00,1.00000000e+00,2.49999844e+07,-1.55605321e+01,-5.32645386e+00,-1.02340783e+01,1.00013989e-09
47,1.17023357e+00,3.70824640e-08,90,18,2,56,normal_corr_dominates,1.41647639e+00,1.00000000e+00,2.49999871e+07,-1.28712500e+01,-5.32645386e+00,-7.54479616e+00,1.00017450e-09
47,1.17023357e+00,3.70824640e-08,90,19,0,57,corr_ratio_high,2.19628208e+00,5.00000000e-01,2.49999884e+07,-1.16256491e+01,-1.34813913e+01,1.85574227e+00,1.00006502e-09
47,1.17023357e+00,3.70824640e-08,90,19,1,58,corr_ratio_high,5.86755558e-01,5.00000000e-01,2.49999959e+07,-4.12698497e+00,-1.34813913e+01,9.35440636e+00,1.00039691e-09
47,1.17023357e+00,3.70824640e-08,90,20,2,62,normal_corr_dominates,1.29858390e+00,1.00000000e+00,2.50000029e+07,2.89879735e+00,-9.70848504e+00,1.26072824e+01,1.00017964e-09
47,1.17023357e+00,3.70824640e-08,90,21,0,63,normal_corr_dominates,1.27621147e+00,1.00000000e+00,2.49999823e+07,-1.77430255e+01,-7.79498113e+00,-9.94804435e+00,1.00016809e-09
47,1.17023357e+00,3.70824640e-08,90,21,1,64,normal_corr_dominates,3.88454008e+00,1.00000000e+00,2.50000225e+07,2.24849355e+01,-7.79498113e+00,3.02799167e+01,1.00020159e-09
47,1.17023357e+00,3.70824640e-08,90,21,2,65,normal_corr_dominates,1.81972471e+00,1.00000000e+00,2.49999780e+07,-2.19797009e+01,-7.79498113e+00,-1.41847198e+01,1.00024051e-09
47,1.17023357e+00,3.70824640e-08,90,22,0,66,normal_corr_dominates,1.76290064e+01,1.00000000e+00,2.49999817e+07,-1.83068583e+01,1.10089911e+00,-1.94077574e+01,1.00015295e-09
47,1.17023357e+00,3.70824640e-08,90,22,1,67,normal_corr_dominates,1.76095102e+01,1.00000000e+00,2.49999817e+07,-1.82853949e+01,1.10089911e+00,-1.93862941e+01,1.00022199e-09
47,1.17023357e+00,3.70824640e-08,90,22,2,68,normal_corr_dominates,9.01533701e+00,1.00000000e+00,2.50000110e+07,1.10258756e+01,1.10089911e+00,9.92497649e+00,1.00027025e-09
47,1.17023357e+00,3.70824640e-08,90,24,0,72,corr_ratio_high,1.20098200e+00,5.00000000e-01,2.49999953e+07,-4.73056535e+00,-1.14688311e+01,6.73826571e+00,1.00009189e-09
47,1.17023357e+00,3.70824640e-08,90,24,1,73,normal_corr_dominates,1.19505924e+00,1.00000000e+00,2.49999748e+07,-2.51747636e+01,-1.14688311e+01,-1.37059325e+01,1.00021885e-09
47,1.17023357e+00,3.70824640e-08,90,25,1,76,normal_corr_dominates,4.91673365e+00,1.00000000e+00,2.50000179e+07,1.78888455e+01,-4.56728669e+00,2.24561322e+01,1.00027644e-09
47,1.17023357e+00,3.70824640e-08,90,25,2,77,normal_corr_dominates,5.63605305e+00,1.00000000e+00,2.50000212e+07,2.11741834e+01,-4.56728669e+00,2.57414701e+01,1.00006805e-09
47,1.17023357e+00,3.70824640e-08,90,25,2,77,corr_ratio_high,2.05937730e+00,5.00000000e-01,2.50000212e+07,2.11741834e+01,-4.56728669e+00,2.57414701e+01,1.00006805e-09
47,1.17023357e+00,3.70824640e-08,90,16,0,48,normal_corr_dominates,7.78854748e+00,1.00000000e+00,2.49999545e+07,-4.55487745e+01,-5.18274204e+00,-4.03660324e+01,1.00011815e-09
47,1.17023357e+00,3.70824640e-08,90,16,0,48,corr_ratio_high,1.47048014e+00,5.00000000e-01,2.49999545e+07,-4.55487745e+01,-5.18274204e+00,-4.03660324e+01,1.00011815e-09
47,1.17023357e+00,3.70824640e-08,90,16,1,49,normal_corr_dominates,2.55175344e+00,1.00000000e+00,2.50000080e+07,8.04233779e+00,-5.18274204e+00,1.32250798e+01,1.00023518e-09
47,1.17023357e+00,3.70824640e-08,90,16,2,50,normal_corr_dominates,1.44204919e+00,1.00000000e+00,2.50000023e+07,2.29102694e+00,-5.18274204e+00,7.47376898e+00,1.00026884e-09
48,1.19249982e+00,3.77880392e-08,90,0,0,0,normal_corr_dominates,3.11440925e+00,1.00000000e+00,2.50000069e+07,6.85503598e+00,-3.24205731e+00,1.00970933e+01,1.00029971e-09
48,1.19249982e+00,3.77880392e-08,90,0,1,1,normal_corr_dominates,6.00318831e+00,1.00000000e+00,2.50000162e+07,1.62206232e+01,-3.24205731e+00,1.94626805e+01,1.00021019e-09
48,1.19249982e+00,3.77880392e-08,90,0,2,2,corr_ratio_high,2.44287080e+00,5.00000000e-01,2.49999959e+07,-4.07558138e+00,-3.24205731e+00,-8.33524067e-01,1.00006731e-09
48,1.19249982e+00,3.77880392e-08,90,1,0,3,normal_corr_dominates,2.43596660e+00,1.00000000e+00,2.50000136e+07,1.35785539e+01,-9.45603740e+00,2.30345913e+01,1.00024955e-09
48,1.19249982e+00,3.77880392e-08,90,3,1,10,normal_corr_dominates,2.95898474e+00,1.00000000e+00,2.50000167e+07,1.66956796e+01,-8.52261850e+00,2.52182981e+01,1.00025073e-09
48,1.19249982e+00,3.77880392e-08,90,3,2,11,normal_corr_dominates,2.72199411e+00,1.00000000e+00,2.50000147e+07,1.46758988e+01,-8.52261850e+00,2.31985173e+01,1.00015769e-09
48,1.19249982e+00,3.77880392e-08,90,3,2,11,corr_ratio_high,6.46091928e-01,5.00000000e-01,2.50000147e+07,1.46758988e+01,-8.52261850e+00,2.31985173e+01,1.00015769e-09
48,1.19249982e+00,3.77880392e-08,90,4,0,12,normal_corr_dominates,1.11313070e+01,1.00000000e+00,2.50000125e+07,1.25003128e+01,-1.23383023e+00,1.37341430e+01,1.00025152e-09
48,1.19249982e+00,3.77880392e-08,90,4,1,13,normal_corr_dominates,2.65302328e+01,1.00000000e+00,2.50000315e+07,3.14999731e+01,-1.23383023e+00,3.27338033e+01,1.00014027e-09
48,1.19249982e+00,3.77880392e-08,90,4,1,13,corr_ratio_high,5.36438347e-01,5.00000000e-01,2.50000315e+07,3.14999731e+01,-1.23383023e+00,3.27338033e+01,1.00014027e-09
48,1.19249982e+00,3.77880392e-08,90,5,0,15,normal_corr_dominates,2.06523152e+02,1.00000000e+00,2.50000452e+07,4.52406159e+01,2.18002741e-01,4.50226131e+01,1.00012563e-09
48,1.19249982e+00,3.77880392e-08,90,5,1,16,normal_corr_dominates,2.96339428e+02,1.00000000e+00,2.49999356e+07,-6.43848047e+01,2.18002741e-01,-6.46028074e+01,1.00036839e-09
48,1.19249982e+00,3.77880392e-08,90,5,2,17,normal_corr_dominates,3.40010397e+01,1.00000000e+00,2.50000076e+07,7.63032259e+00,2.18002741e-01,7.41231985e+00,1.00003759e-09
48,1.19249982e+00,3.77880392e-08,90,5,2,17,corr_ratio_high,3.97346029e+00,5.00000000e-01,2.50000076e+07,7.63032259e+00,2.18002741e-01,7.41231985e+00,1.00003759e-09
48,1.19249982e+00,3.77880392e-08,90,6,0,18,normal_corr_dominates,1.58279631e+00,1.00000000e+00,2.49999654e+07,-3.46307784e+01,-1.34082499e+01,-2.12225285e+01,1.00011428e-09
48,1.19249982e+00,3.77880392e-08,90,6,0,18,corr_ratio_high,1.33057116e+00,5.00000000e-01,2.49999654e+07,-3.46307784e+01,-1.34082499e+01,-2.12225285e+01,1.00011428e-09
48,1.19249982e+00,3.77880392e-08,90,6,1,19,normal_corr_dominates,2.38910484e+00,1.00000000e+00,2.50000186e+07,1.86254648e+01,-1.34082499e+01,3.20337147e+01,1.00039500e-09
48,1.19249982e+00,3.77880392e-08,90,6,1,19,corr_ratio_high,5.55662508e-01,5.00000000e-01,2.50000186e+07,1.86254648e+01,-1.34082499e+01,3.20337147e+01,1.00039500e-09
48,1.19249982e+00,3.77880392e-08,90,6,2,20,normal_corr_dominates,1.28692450e+00,1.00000000e+00,2.49999693e+07,-3.06636552e+01,-1.34082499e+01,-1.72554053e+01,1.00013218e-09
48,1.19249982e+00,3.77880392e-08,90,6,2,20,corr_ratio_high,8.56979551e-01,5.00000000e-01,2.49999693e+07,-3.06636552e+01,-1.34082499e+01,-1.72554053e+01,1.00013218e-09
48,1.19249982e+00,3.77880392e-08,90,7,0,21,normal_corr_dominates,1.21099384e+01,1.00000000e+00,2.50000322e+07,3.22381425e+01,-2.90173909e+00,3.51398816e+01,1.00017635e-09
48,1.19249982e+00,3.77880392e-08,90,7,1,22,normal_corr_dominates,7.87737980e+00,1.00000000e+00,2.50000200e+07,1.99563618e+01,-2.90173909e+00,2.28581009e+01,1.00019577e-09
48,1.19249982e+00,3.77880392e-08,90,7,2,23,normal_corr_dominates,2.86183073e+00,1.00000000e+00,2.49999888e+07,-1.12060252e+01,-2.90173909e+00,-8.30428611e+00,1.00010994e-09
48,1.19249982e+00,3.77880392e-08,90,7,2,23,corr_ratio_high,5.93707980e-01,5.00000000e-01,2.49999888e+07,-1.12060252e+01,-2.90173909e+00,-8.30428611e+00,1.00010994e-09
48,1.19249982e+00,3.77880392e-08,90,8,0,24,normal_corr_dominates,1.96571134e+00,1.00000000e+00,2.50000138e+07,1.38109147e+01,-1.43012866e+01,2.81122014e+01,1.00019130e-09
48,1.19249982e+00,3.77880392e-08,90,8,1,25,normal_corr_dominates,1.07816023e+00,1.00000000e+00,2.50000011e+07,1.11779188e+00,-1.43012866e+01,1.54190785e+01,1.00039715e-09
48,1.19249982e+00,3.77880392e-08,90,8,1,25,corr_ratio_high,5.75016909e-01,5.00000000e-01,2.50000011e+07,1.11779188e+00,-1.43012866e+01,1.54190785e+01,1.00039715e-09
48,1.19249982e+00,3.77880392e-08,90,8,2,26,corr_ratio_high,6.94214962e-01,5.00000000e-01,2.49999762e+07,-2.38292699e+01,-1.43012866e+01,-9.52798328e+00,1.00013622e-09
48,1.19249982e+00,3.77880392e-08,90,9,2,29,normal_corr_dominates,1.77338336e+00,1.00000000e+00,2.50000086e+07,8.61820541e+00,-1.11435103e+01,1.97617157e+01,1.00017046e-09
48,1.19249982e+00,3.77880392e-08,90,10,2,32,normal_corr_dominates,1.88243597e+00,1.00000000e+00,2.50000122e+07,1.22115072e+01,-1.38384060e+01,2.60499132e+01,1.00016776e-09
48,1.19249982e+00,3.77880392e-08,90,11,0,33,normal_corr_dominates,1.11913471e+01,1.00000000e+00,2.50000330e+07,3.29744029e+01,-3.23552936e+00,3.62099323e+01,1.00022322e-09
48,1.19249982e+00,3.77880392e-08,90,11,1,34,corr_ratio_high,1.76587509e+00,5.00000000e-01,2.49999972e+07,-2.82667952e+00,-3.23552936e+00,4.08849847e-01,1.00007282e-09
48,1.19249982e+00,3.77880392e-08,90,11,2,35,normal_corr_dominates,4.74685035e+00,1.00000000e+00,2.49999814e+07,-1.85941031e+01,-3.23552936e+00,-1.53585737e+01,1.00020030e-09
48,1.19249982e+00,3.77880392e-08,90,12,1,37,normal_corr_dominates,1.58595551e+00,1.00000000e+00,2.50000057e+07,5.74873672e+00,-9.81087574e+00,1.55596125e+01,1.00020727e-09
48,1.19249982e+00,3.77880392e-08,90,14,0,42,normal_corr_dominates,3.94601664e+00,1.00000000e+00,2.49999921e+07,-7.94019507e+00,2.69523089e+00,-1.06354260e+01,1.00015853e-09
48,1.19249982e+00,3.77880392e-08,90,14,1,43,normal_corr_dominates,1.62792436e+01,1.00000000e+00,2.49999588e+07,-4.11810893e+01,2.69523089e+00,-4.38763202e+01,1.00015772e-09
48,1.19249982e+00,3.77880392e-08,90,14,2,44,normal_corr_dominates,9.53642299e+00,1.00000000e+00,2.50000284e+07,2.83980927e+01,2.69523089e+00,2.57028618e+01,1.00020884e-09
48,1.19249982e+00,3.77880392e-08,90,15,0,45,normal_corr_dominates,1.32446825e+00,1.00000000e+00,2.49999861e+07,-1.39228484e+01,-5.98969179e+00,-7.93315659e+00,1.00015444e-09
48,1.19249982e+00,3.77880392e-08,90,15,1,46,normal_corr_dominates,2.17223831e+00,1.00000000e+00,2.49999810e+07,-1.90007297e+01,-5.98969179e+00,-1.30110380e+01,1.00022816e-09
48,1.19249982e+00,3.77880392e-08,90,15,2,47,normal_corr_dominates,1.80854869e+00,1.00000000e+00,2.49999832e+07,-1.68223410e+01,-5.98969179e+00,-1.08326493e+01,1.00017177e-09
48,1.19249982e+00,3.77880392e-08,90,17,0,51,normal_corr_dominates,3.16503734e+01,1.00000000e+00,2.49999664e+07,-3.36265198e+01,-1.02989694e+00,-3.25966229e+01,1.00028232e-09
48,1.19249982e+00,3.77880392e-08,90,17,1,52,normal_corr_dominates,1.57580708e+01,1.00000000e+00,2.49999827e+07,-1.72590860e+01,-1.02989694e+00,-1.62291890e+01,9.99980221e-10
48,1.19249982e+00,3.77880392e-08,90,17,1,52,corr_ratio_high,4.83300436e+00,5.00000000e-01,2.49999827e+07,-1.72590860e+01,-1.02989694e+00,-1.62291890e+01,9.99980221e-10
48,1.19249982e+00,3.77880392e-08,90,17,2,53,normal_corr_dominates,1.68054302e+01,1.00000000e+00,2.50000163e+07,1.62779642e+01,-1.02989694e+00,1.73078612e+01,1.00034647e-09
48,1.19249982e+00,3.77880392e-08,90,18,0,54,normal_corr_dominates,4.38710386e+00,1.00000000e+00,2.50000184e+07,1.83665313e+01,-5.42248838e+00,2.37890197e+01,1.00020579e-09
48,1.19249982e+00,3.77880392e-08,90,18,1,55,normal_corr_dominates,1.92040609e+00,1.00000000e+00,2.49999842e+07,-1.58358681e+01,-5.42248838e+00,-1.04133797e+01,1.00014236e-09
48,1.19249982e+00,3.77880392e-08,90,18,2,56,normal_corr_dominates,1.41567010e+00,1.00000000e+00,2.49999869e+07,-1.30989431e+01,-5.42248838e+00,-7.67645468e+00,1.00017757e-09
48,1.19249982e+00,3.77880392e-08,90,19,0,57,corr_ratio_high,2.19592514e+00,5.00000000e-01,2.49999882e+07,-1.18313168e+01,-1.37209783e+01,1.88966149e+00,1.00006617e-09
48,1.19249982e+00,3.77880392e-08,90,19,1,58,corr_ratio_high,5.86748145e-01,5.00000000e-01,2.49999958e+07,-4.20278986e+00,-1.37209783e+01,9.51818848e+00,1.00040391e-09
48,1.19249982e+00,3.77880392e-08,90,20,2,62,normal_corr_dominates,1.29816111e+00,1.00000000e+00,2.50000029e+07,2.94628452e+00,-9.88151853e+00,1.28278030e+01,1.00018281e-09
48,1.19249982e+00,3.77880392e-08,90,21,0,63,normal_corr_dominates,1.27605537e+00,1.00000000e+00,2.49999819e+07,-1.80570252e+01,-7.93347357e+00,-1.01235516e+01,1.00017105e-09
48,1.19249982e+00,3.77880392e-08,90,21,1,64,normal_corr_dominates,3.88393886e+00,1.00000000e+00,2.50000229e+07,2.28796528e+01,-7.93347357e+00,3.08131263e+01,1.00020514e-09
48,1.19249982e+00,3.77880392e-08,90,21,2,65,normal_corr_dominates,1.81931441e+00,1.00000000e+00,2.49999776e+07,-2.23669563e+01,-7.93347357e+00,-1.44334828e+01,1.00024475e-09
48,1.19249982e+00,3.77880392e-08,90,22,0,66,normal_corr_dominates,1.76677703e+01,1.00000000e+00,2.49999814e+07,-1.86313195e+01,1.11780515e+00,-1.97491246e+01,1.00015565e-09
48,1.19249982e+00,3.77880392e-08,90,22,1,67,normal_corr_dominates,1.76480946e+01,1.00000000e+00,2.49999814e+07,-1.86093259e+01,1.11780515e+00,-1.97271310e+01,1.00022590e-09
48,1.19249982e+00,3.77880392e-08,90,22,2,68,normal_corr_dominates,9.03506631e+00,1.00000000e+00,2.50000112e+07,1.12172488e+01,1.11780515e+00,1.00994437e+01,1.00027501e-09
48,1.19249982e+00,3.77880392e-08,90,24,0,72,corr_ratio_high,1.20085513e+00,5.00000000e-01,2.49999952e+07,-4.81408646e+00,-1.16728724e+01,6.85878591e+00,1.00009352e-09
48,1.19249982e+00,3.77880392e-08,90,24,1,73,normal_corr_dominates,1.19484324e+00,1.00000000e+00,2.49999744e+07,-2.56201250e+01,-1.16728724e+01,-1.39472527e+01,1.00022271e-09
48,1.19249982e+00,3.77880392e-08,90,25,1,76,normal_corr_dominates,4.91526376e+00,1.00000000e+00,2.50000182e+07,1.82022952e+01,-4.64905975e+00,2.28513549e+01,1.00028131e-09
48,1.19249982e+00,3.77880392e-08,90,25,2,77,normal_corr_dominates,5.63389498e+00,1.00000000e+00,2.50000215e+07,2.15432547e+01,-4.64905975e+00,2.61923144e+01,1.00006925e-09
48,1.19249982e+00,3.77880392e-08,90,25,2,77,corr_ratio_high,2.05934857e+00,5.00000000e-01,2.50000215e+07,2.15432547e+01,-4.64905975e+00,2.61923144e+01,1.00006925e-09
48,1.19249982e+00,3.77880392e-08,90,16,0,48,normal_corr_dominates,7.78500739e+00,1.00000000e+00,2.49999536e+07,-4.63521065e+01,-5.27627405e+00,-4.10758325e+01,1.00012024e-09
48,1.19249982e+00,3.77880392e-08,90,16,0,48,corr_ratio_high,1.47035042e+00,5.00000000e-01,2.49999536e+07,-4.63521065e+01,-5.27627405e+00,-4.10758325e+01,1.00012024e-09
48,1.19249982e+00,3.77880392e-08,90,16,1,49,normal_corr_dominates,2.55058250e+00,1.00000000e+00,2.50000082e+07,8.18129824e+00,-5.27627405e+00,1.34575723e+01,1.00023932e-09
48,1.19249982e+00,3.77880392e-08,90,16,2,50,normal_corr_dominates,1.44141876e+00,1.00000000e+00,2.50000023e+07,2.32904634e+00,-5.27627405e+00,7.60532039e+00,1.00027358e-09
49,1.21579289e+00,3.85261518e-08,90,0,0,0,normal_corr_dominates,3.11380440e+00,1.00000000e+00,2.50000070e+07,6.97943433e+00,-3.30183546e+00,1.02812698e+01,1.00030512e-09
49,1.21579289e+00,3.85261518e-08,90,0,1,1,normal_corr_dominates,6.00006642e+00,1.00000000e+00,2.50000165e+07,1.65093966e+01,-3.30183546e+00,1.98112321e+01,1.00021399e-09
49,1.21579289e+00,3.85261518e-08,90,0,2,2,corr_ratio_high,2.44229440e+00,5.00000000e-01,2.49999958e+07,-4.15265300e+00,-3.30183546e+00,-8.50817541e-01,1.00006854e-09
49,1.21579289e+00,3.85261518e-08,90,1,0,3,normal_corr_dominates,2.43537403e+00,1.00000000e+00,2.50000138e+07,1.38213998e+01,-9.62912769e+00,2.34505275e+01,1.00025406e-09
49,1.21579289e+00,3.85261518e-08,90,3,1,10,normal_corr_dominates,2.95862752e+00,1.00000000e+00,2.50000170e+07,1.69965428e+01,-8.67778207e+00,2.56743249e+01,1.00025528e-09
49,1.21579289e+00,3.85261518e-08,90,3,2,11,normal_corr_dominates,2.72126240e+00,1.00000000e+00,2.50000149e+07,1.49367400e+01,-8.67778207e+00,2.36145221e+01,1.00016055e-09
49,1.21579289e+00,3.85261518e-08,90,3,2,11,corr_ratio_high,6.46067022e-01,5.00000000e-01,2.50000149e+07,1.49367400e+01,-8.67778207e+00,2.36145221e+01,1.00016055e-09
49,1.21579289e+00,3.85261518e-08,90,4,0,12,normal_corr_dominates,1.11098451e+01,1.00000000e+00,2.50000127e+07,1.27233263e+01,-1.25850854e+00,1.39818349e+01,1.00025606e-09
49,1.21579289e+00,3.85261518e-08,90,4,1,13,normal_corr_dominates,2.64791689e+01,1.00000000e+00,2.50000321e+07,3.20657516e+01,-1.25850854e+00,3.33242601e+01,1.00014280e-09
49,1.21579289e+00,3.85261518e-08,90,4,1,13,corr_ratio_high,5.36486966e-01,5.00000000e-01,2.50000321e+07,3.20657516e+01,-1.25850854e+00,3.33242601e+01,1.00014280e-09
49,1.21579289e+00,3.85261518e-08,90,5,0,15,normal_corr_dominates,2.08952773e+02,1.00000000e+00,2.50000461e+07,4.60534268e+01,2.19351362e-01,4.58340754e+01,1.00012791e-09
49,1.21579289e+00,3.85261518e-08,90,5,1,16,normal_corr_dominates,2.99832006e+02,1.00000000e+00,2.49999345e+07,-6.55492075e+01,2.19351362e-01,-6.57685589e+01,1.00037505e-09
49,1.21579289e+00,3.85261518e-08,90,5,2,17,normal_corr_dominates,3.44064380e+01,1.00000000e+00,2.50000078e+07,7.76645039e+00,2.19351362e-01,7.54709902e+00,1.00003828e-09
49,1.21579289e+00,3.85261518e-08,90,5,2,17,corr_ratio_high,3.97276482e+00,5.00000000e-01,2.50000078e+07,7.76645039e+00,2.19351362e-01,7.54709902e+00,1.00003828e-09
49,1.21579289e+00,3.85261518e-08,90,6,0,18,normal_corr_dominates,1.58277437e+00,1.00000000e+00,2.49999647e+07,-3.52573027e+01,-1.36509418e+01,-2.16063609e+01,1.00011635e-09
49,1.21579289e+00,3.85261518e-08,90,6,0,18,corr_ratio_high,1.33046114e+00,5.00000000e-01,2.49999647e+07,-3.52573027e+01,-1.36509418e+01,-2.16063609e+01,1.00011635e-09
49,1.21579289e+00,3.85261518e-08,90,6,1,19,normal_corr_dominates,2.38906563e+00,1.00000000e+00,2.50000190e+07,1.89620540e+01,-1.36509418e+01,3.26129959e+01,1.00040213e-09
49,1.21579289e+00,3.85261518e-08,90,6,1,19,corr_ratio_high,5.55656499e-01,5.00000000e-01,2.50000190e+07,1.89620540e+01,-1.36509418e+01,3.26129959e+01,1.00040213e-09
49,1.21579289e+00,3.85261518e-08,90,6,2,20,normal_corr_dominates,1.28700829e+00,1.00000000e+00,2.49999688e+07,-3.12198171e+01,-1.36509418e+01,-1.75688753e+01,1.00013458e-09
49,1.21579289e+00,3.85261518e-08,90,6,2,20,corr_ratio_high,8.56831851e-01,5.00000000e-01,2.49999688e+07,-3.12198171e+01,-1.36509418e+01,-1.75688753e+01,1.00013458e-09
49,1.21579289e+00,3.85261518e-08,90,7,0,21,normal_corr_dominates,1.20995184e+01,1.00000000e+00,2.50000328e+07,3.28155875e+01,-2.95648751e+00,3.57720750e+01,1.00017955e-09
49,1.21579289e+00,3.85261518e-08,90,7,1,22,normal_corr_dominates,7.87082755e+00,1.00000000e+00,2.50000203e+07,2.03135159e+01,-2.95648751e+00,2.32700034e+01,1.00019931e-09
49,1.21579289e+00,3.85261518e-08,90,7,2,23,normal_corr_dominates,2.85911353e+00,1.00000000e+00,2.49999886e+07,-1.14094210e+01,-2.95648751e+00,-8.45293344e+00,1.00011193e-09
49,1.21579289e+00,3.85261518e-08,90,7,2,23,corr_ratio_high,5.93687884e-01,5.00000000e-01,2.49999886e+07,-1.14094210e+01,-2.95648751e+00,-8.45293344e+00,1.00011193e-09
49,1.21579289e+00,3.85261518e-08,90,8,0,24,normal_corr_dominates,1.96537282e+00,1.00000000e+00,2.50000141e+07,1.40577940e+01,-1.45620363e+01,2.86198303e+01,1.00019475e-09
49,1.21579289e+00,3.85261518e-08,90,8,1,25,normal_corr_dominates,1.07791177e+00,1.00000000e+00,2.50000011e+07,1.13455406e+00,-1.45620363e+01,1.56965903e+01,1.00040433e-09
49,1.21579289e+00,3.85261518e-08,90,8,1,25,corr_ratio_high,5.75010592e-01,5.00000000e-01,2.50000011e+07,1.13455406e+00,-1.45620363e+01,1.56965903e+01,1.00040433e-09
49,1.21579289e+00,3.85261518e-08,90,8,2,26,corr_ratio_high,6.94160587e-01,5.00000000e-01,2.49999757e+07,-2.42616769e+01,-1.45620363e+01,-9.69964067e+00,1.00013868e-09
49,1.21579289e+00,3.85261518e-08,90,9,2,29,normal_corr_dominates,1.77280665e+00,1.00000000e+00,2.50000088e+07,8.76920639e+00,-1.13472191e+01,2.01164255e+01,1.00017355e-09
49,1.21579289e+00,3.85261518e-08,90,10,2,32,normal_corr_dominates,1.88187353e+00,1.00000000e+00,2.50000124e+07,1.24259552e+01,-1.40904049e+01,2.65163601e+01,1.00017080e-09
49,1.21579289e+00,3.85261518e-08,90,11,0,33,normal_corr_dominates,1.11829337e+01,1.00000000e+00,2.50000336e+07,3.35659538e+01,-3.29629502e+00,3.68622488e+01,1.00022726e-09
49,1.21579289e+00,3.85261518e-08,90,11,1,34,corr_ratio_high,1.76572626e+00,5.00000000e-01,2.49999971e+07,-2.87816055e+00,-3.29629502e+00,4.18134469e-01,1.00007415e-09
49,1.21579289e+00,3.85261518e-08,90,11,2,35,normal_corr_dominates,4.74319041e+00,1.00000000e+00,2.49999811e+07,-1.89312499e+01,-3.29629502e+00,-1.56349549e+01,1.00020392e-09
49,1.21579289e+00,3.85261518e-08,90,12,1,37,normal_corr_dominates,1.58539699e+00,1.00000000e+00,2.50000058e+07,5.84835439e+00,-9.99040743e+00,1.58387618e+01,1.00021102e-09
49,1.21579289e+00,3.85261518e-08,90,14,0,42,normal_corr_dominates,3.94876558e+00,1.00000000e+00,2.49999919e+07,-8.08603678e+00,2.74217687e+00,-1.08282136e+01,1.00016140e-09
49,1.21579289e+00,3.85261518e-08,90,14,1,43,normal_corr_dominates,1.62888448e+01,1.00000000e+00,2.49999581e+07,-4.19247166e+01,2.74217687e+00,-4.46668935e+01,1.00016057e-09
49,1.21579289e+00,3.85261518e-08,90,14,2,44,normal_corr_dominates,9.54264034e+00,1.00000000e+00,2.50000289e+07,2.89097845e+01,2.74217687e+00,2.61676076e+01,1.00021261e-09
49,1.21579289e+00,3.85261518e-08,90,15,0,45,normal_corr_dominates,1.32424917e+00,1.00000000e+00,2.49999858e+07,-1.41764118e+01,-6.09935114e+00,-8.07706070e+00,1.00015723e-09
49,1.21579289e+00,3.85261518e-08,90,15,1,46,normal_corr_dominates,2.17142430e+00,1.00000000e+00,2.49999807e+07,-1.93436304e+01,-6.09935114e+00,-1.32442793e+01,1.00023228e-09
49,1.21579289e+00,3.85261518e-08,90,15,2,47,normal_corr_dominates,1.80808635e+00,1.00000000e+00,2.49999829e+07,-1.71275047e+01,-6.09935114e+00,-1.10281535e+01,1.00017488e-09
49,1.21579289e+00,3.85261518e-08,90,17,0,51,normal_corr_dominates,3.15693688e+01,1.00000000e+00,2.49999658e+07,-3.42362265e+01,-1.05117869e+00,-3.31850478e+01,1.00028743e-09
49,1.21579289e+00,3.85261518e-08,90,17,1,52,normal_corr_dominates,1.57164223e+01,1.00000000e+00,2.49999824e+07,-1.75719469e+01,-1.05117869e+00,-1.65207682e+01,9.99979873e-10
49,1.21579289e+00,3.85261518e-08,90,17,1,52,corr_ratio_high,4.83330243e+00,5.00000000e-01,2.49999824e+07,-1.75719469e+01,-1.05117869e+00,-1.65207682e+01,9.99979873e-10
49,1.21579289e+00,3.85261518e-08,90,17,2,53,normal_corr_dominates,1.67619571e+01,1.00000000e+00,2.50000166e+07,1.65686335e+01,-1.05117869e+00,1.76198122e+01,1.00035274e-09
49,1.21579289e+00,3.85261518e-08,90,18,0,54,normal_corr_dominates,4.38497925e+00,1.00000000e+00,2.50000187e+07,1.86946331e+01,-5.52282060e+00,2.42174537e+01,1.00020952e-09
49,1.21579289e+00,3.85261518e-08,90,18,1,55,normal_corr_dominates,1.91941387e+00,1.00000000e+00,2.49999839e+07,-1.61233991e+01,-5.52282060e+00,-1.06005785e+01,1.00014494e-09
49,1.21579289e+00,3.85261518e-08,90,18,2,56,normal_corr_dominates,1.41483921e+00,1.00000000e+00,2.49999867e+07,-1.33367237e+01,-5.52282060e+00,-7.81390312e+00,1.00018078e-09
49,1.21579289e+00,3.85261518e-08,90,19,0,57,corr_ratio_high,2.19555548e+00,5.00000000e-01,2.49999880e+07,-1.20460939e+01,-1.39712113e+01,1.92511730e+00,1.00006738e-09
49,1.21579289e+00,3.85261518e-08,90,19,1,58,corr_ratio_high,5.86740500e-01,5.00000000e-01,2.49999957e+07,-4.28201445e+00,-1.39712113e+01,9.68919680e+00,1.00041121e-09
49,1.21579289e+00,3.85261518e-08,90,20,2,62,normal_corr_dominates,1.29772553e+00,1.00000000e+00,2.50000030e+07,2.99579006e+00,-1.00622546e+01,1.30580447e+01,1.00018612e-09
49,1.21579289e+00,3.85261518e-08,90,21,0,63,normal_corr_dominates,1.27589510e+00,1.00000000e+00,2.49999816e+07,-1.83849561e+01,-8.07812106e+00,-1.03068351e+01,1.00017415e-09
49,1.21579289e+00,3.85261518e-08,90,21,1,64,normal_corr_dominates,3.88331826e+00,1.00000000e+00,2.50000233e+07,2.32917940e+01,-8.07812106e+00,3.13699151e+01,1.00020885e-09
49,1.21579289e+00,3.85261518e-08,90,21,2,65,normal_corr_dominates,1.81888856e+00,1.00000000e+00,2.49999772e+07,-2.27713230e+01,-8.07812106e+00,-1.46932020e+01,1.00024917e-09
49,1.21579289e+00,3.85261518e-08,90,22,0,66,normal_corr_dominates,1.77078853e+01,1.00000000e+00,2.49999810e+07,-1.89701800e+01,1.13540281e+00,-2.01055828e+01,1.00015846e-09
49,1.21579289e+00,3.85261518e-08,90,22,1,67,normal_corr_dominates,1.76880172e+01,1.00000000e+00,2.49999811e+07,-1.89476216e+01,1.13540281e+00,-2.00830244e+01,1.00022999e-09
49,1.21579289e+00,3.85261518e-08,90,22,2,68,normal_corr_dominates,9.05548202e+00,1.00000000e+00,2.50000114e+07,1.14170225e+01,1.13540281e+00,1.02816197e+01,1.00027998e-09
49,1.21579289e+00,3.85261518e-08,90,24,0,72,corr_ratio_high,1.20072342e+00,5.00000000e-01,2.49999951e+07,-4.90132798e+00,-1.18859865e+01,6.98465851e+00,1.00009522e-09
49,1.21579289e+00,3.85261518e-08,90,24,1,73,normal_corr_dominates,1.19462028e+00,1.00000000e+00,2.49999739e+07,-2.60852270e+01,-1.18859865e+01,-1.41992405e+01,1.00022674e-09
49,1.21579289e+00,3.85261518e-08,90,25,1,76,normal_corr_dominates,4.91375143e+00,1.00000000e+00,2.50000185e+07,1.85295617e+01,-4.73447588e+00,2.32640376e+01,1.00028640e-09
49,1.21579289e+00,3.85261518e-08,90,25,2,77,normal_corr_dominates,5.63167864e+00,1.00000000e+00,2.50000219e+07,2.19285708e+01,-4.73447588e+00,2.66630467e+01,1.00007050e-09
49,1.21579289e+00,3.85261518e-08,90,25,2,77,corr_ratio_high,2.05931748e+00,5.00000000e-01,2.50000219e+07,2.19285708e+01,-4.73447588e+00,2.66630467e+01,1.00007050e-09
49,1.21579289e+00,3.85261518e-08,90,16,0,48,normal_corr_dominates,7.78136731e+00,1.00000000e+00,2.49999528e+07,-4.71909985e+01,-5.37399209e+00,-4.18170064e+01,1.00012242e-09
49,1.21579289e+00,3.85261518e-08,90,16,0,48,corr_ratio_high,1.47021609e+00,5.00000000e-01,2.49999528e+07,-4.71909985e+01,-5.37399209e+00,-4.18170064e+01,1.00012242e-09
49,1.21579289e+00,3.85261518e-08,90,16,1,49,normal_corr_dominates,2.54937896e+00,1.00000000e+00,2.50000083e+07,8.32635027e+00,-5.37399209e+00,1.37003424e+01,1.00024365e-09
49,1.21579289e+00,3.85261518e-08,90,16,2,50,normal_corr_dominates,1.44077031e+00,1.00000000e+00,2.50000024e+07,2.36869617e+00,-5.37399209e+00,7.74268826e+00,1.00027853e-09
50,1.24012356e+00,3.92971443e-08,90,0,0,0,normal_corr_dominates,3.11319725e+00,1.00000000e+00,2.50000071e+07,7.10917608e+00,-3.36418008e+00,1.04733562e+01,1.00031076e-09
50,1.24012356e+00,3.92971443e-08,90,0,1,1,normal_corr_dominates,5.99687321e+00,1.00000000e+00,2.50000168e+07,1.68103813e+01,-3.36418008e+00,2.01745614e+01,1.00021795e-09
50,1.24012356e+00,3.92971443e-08,90,0,2,2,corr_ratio_high,2.44169785e+00,5.00000000e-01,2.49999958e+07,-4.23311771e+00,-3.36418008e+00,-8.68937632e-01,1.00006982e-09
50,1.24012356e+00,3.92971443e-08,90,1,0,3,normal_corr_dominates,2.43476528e+00,1.00000000e+00,2.50000141e+07,1.40745382e+01,-9.80964505e+00,2.38841832e+01,1.00025876e-09
50,1.24012356e+00,3.92971443e-08,90,3,1,10,normal_corr_dominates,2.95826004e+00,1.00000000e+00,2.50000173e+07,1.73101919e+01,-8.83957774e+00,2.61497697e+01,1.00026001e-09
50,1.24012356e+00,3.92971443e-08,90,3,2,11,normal_corr_dominates,2.72051204e+00,1.00000000e+00,2.50000152e+07,1.52085999e+01,-8.83957774e+00,2.40481777e+01,1.00016353e-09
50,1.24012356e+00,3.92971443e-08,90,3,2,11,corr_ratio_high,6.46040666e-01,5.00000000e-01,2.50000152e+07,1.52085999e+01,-8.83957774e+00,2.40481777e+01,1.00016353e-09
50,1.24012356e+00,3.92971443e-08,90,4,0,12,normal_corr_dominates,1.10878777e+01,1.00000000e+00,2.50000130e+07,1.29557838e+01,-1.28429232e+00,1.42400761e+01,1.00026081e-09
50,1.24012356e+00,3.92971443e-08,90,4,1,13,normal_corr_dominates,2.64268956e+01,1.00000000e+00,2.50000327e+07,3.26555667e+01,-1.28429232e+00,3.39398590e+01,1.00014544e-09
50,1.24012356e+00,3.92971443e-08,90,4,1,13,corr_ratio_high,5.36537373e-01,5.00000000e-01,2.50000327e+07,3.26555667e+01,-1.28429232e+00,3.39398590e+01,1.00014544e-09
50,1.24012356e+00,3.92971443e-08,90,5,0,15,normal_corr_dominates,2.11508154e+02,1.00000000e+00,2.50000469e+07,4.69007405e+01,2.20700898e-01,4.66800396e+01,1.00013029e-09
50,1.24012356e+00,3.92971443e-08,90,5,1,16,normal_corr_dominates,3.03505470e+02,1.00000000e+00,2.49999332e+07,-6.67632290e+01,2.20700898e-01,-6.69839298e+01,1.00038199e-09
50,1.24012356e+00,3.92971443e-08,90,5,2,17,normal_corr_dominates,3.48329207e+01,1.00000000e+00,2.50000079e+07,7.90835779e+00,2.20700898e-01,7.68765689e+00,1.00003899e-09
50,1.24012356e+00,3.92971443e-08,90,5,2,17,corr_ratio_high,3.97204576e+00,5.00000000e-01,2.50000079e+07,7.90835779e+00,2.20700898e-01,7.68765689e+00,1.00003899e-09
50,1.24012356e+00,3.92971443e-08,90,6,0,18,normal_corr_dominates,1.58275339e+00,1.00000000e+00,2.49999641e+07,-3.59105538e+01,-1.39039809e+01,-2.20065729e+01,1.00011851e-09
50,1.24012356e+00,3.92971443e-08,90,6,0,18,corr_ratio_high,1.33034687e+00,5.00000000e-01,2.49999641e+07,-3.59105538e+01,-1.39039809e+01,-2.20065729e+01,1.00011851e-09
50,1.24012356e+00,3.92971443e-08,90,6,1,19,normal_corr_dominates,2.38902799e+00,1.00000000e+00,2.50000193e+07,1.93130186e+01,-1.39039809e+01,3.32169995e+01,1.00040957e-09
50,1.24012356e+00,3.92971443e-08,90,6,1,19,corr_ratio_high,5.55650220e-01,5.00000000e-01,2.50000193e+07,1.93130186e+01,-1.39039809e+01,3.32169995e+01,1.00040957e-09
50,1.24012356e+00,3.92971443e-08,90,6,2,20,normal_corr_dominates,1.28709608e+00,1.00000000e+00,2.49999682e+07,-3.17997402e+01,-1.39039809e+01,-1.78957593e+01,1.00013709e-09
50,1.24012356e+00,3.92971443e-08,90,6,2,20,corr_ratio_high,8.56679197e-01,5.00000000e-01,2.49999682e+07,-3.17997402e+01,-1.39039809e+01,-1.78957593e+01,1.00013709e-09
50,1.24012356e+00,3.92971443e-08,90,7,0,21,normal_corr_dominates,1.20888146e+01,1.00000000e+00,2.50000334e+07,3.34175004e+01,-3.01362242e+00,3.64311228e+01,1.00018288e-09
50,1.24012356e+00,3.92971443e-08,90,7,1,22,normal_corr_dominates,7.86409693e+00,1.00000000e+00,2.50000207e+07,2.06857964e+01,-3.01362242e+00,2.36994189e+01,1.00020301e-09
50,1.24012356e+00,3.92971443e-08,90,7,2,23,normal_corr_dominates,2.85631859e+00,1.00000000e+00,2.49999884e+07,-1.16214882e+01,-3.01362242e+00,-8.60786576e+00,1.00011401e-09
50,1.24012356e+00,3.92971443e-08,90,7,2,23,corr_ratio_high,5.93667153e-01,5.00000000e-01,2.49999884e+07,-1.16214882e+01,-3.01362242e+00,-8.60786576e+00,1.00011401e-09
50,1.24012356e+00,3.92971443e-08,90,8,0,24,normal_corr_dominates,1.96502543e+00,1.00000000e+00,2.50000143e+07,1.43151389e+01,-1.48339500e+01,2.91490889e+01,1.00019835e-09
50,1.24012356e+00,3.92971443e-08,90,8,1,25,normal_corr_dominates,1.07765662e+00,1.00000000e+00,2.50000012e+07,1.15195446e+00,-1.48339500e+01,1.59859044e+01,1.00041182e-09
50,1.24012356e+00,3.92971443e-08,90,8,1,25,corr_ratio_high,5.75004108e-01,5.00000000e-01,2.50000012e+07,1.15195446e+00,-1.48339500e+01,1.59859044e+01,1.00041182e-09
50,1.24012356e+00,3.92971443e-08,90,8,2,26,corr_ratio_high,6.94104450e-01,5.00000000e-01,2.49999753e+07,-2.47125518e+01,-1.48339500e+01,-9.87860178e+00,1.00014126e-09
50,1.24012356e+00,3.92971443e-08,90,9,2,29,normal_corr_dominates,1.77221321e+00,1.00000000e+00,2.50000089e+07,8.92652585e+00,-1.15596648e+01,2.04861907e+01,1.00017677e-09
50,1.24012356e+00,3.92971443e-08,90,10,2,32,normal_corr_dominates,1.88129432e+00,1.00000000e+00,2.50000126e+07,1.26493810e+01,-1.43531857e+01,2.70025667e+01,1.00017398e-09
50,1.24012356e+00,3.92971443e-08,90,11,0,33,normal_corr_dominates,1.11743058e+01,1.00000000e+00,2.50000342e+07,3.41826128e+01,-3.35969975e+00,3.75423126e+01,1.00023147e-09
50,1.24012356e+00,3.92971443e-08,90,11,1,34,corr_ratio_high,1.76557176e+00,5.00000000e-01,2.49999971e+07,-2.93186855e+00,-3.35969975e+00,4.27831208e-01,1.00007552e-09
50,1.24012356e+00,3.92971443e-08,90,11,2,35,normal_corr_dominates,4.73943464e+00,1.00000000e+00,2.49999807e+07,-1.92827771e+01,-3.35969975e+00,-1.59230774e+01,1.00020770e-09
50,1.24012356e+00,3.92971443e-08,90,12,1,37,normal_corr_dominates,1.58482311e+00,1.00000000e+00,2.50000060e+07,5.95212009e+00,-1.01776418e+01,1.61297619e+01,1.00021493e-09
50,1.24012356e+00,3.92971443e-08,90,14,0,42,normal_corr_dominates,3.95159990e+00,1.00000000e+00,2.49999918e+07,-8.23815543e+00,2.79108135e+00,-1.10292368e+01,1.00016440e-09
50,1.24012356e+00,3.92971443e-08,90,14,1,43,normal_corr_dominates,1.62987300e+01,1.00000000e+00,2.49999573e+07,-4.26999998e+01,2.79108135e+00,-4.54910812e+01,1.00016354e-09
50,1.24012356e+00,3.92971443e-08,90,14,2,44,normal_corr_dominates,9.54904457e+00,1.00000000e+00,2.50000294e+07,2.94432415e+01,2.79108135e+00,2.66521602e+01,1.00021655e-09
50,1.24012356e+00,3.92971443e-08,90,15,0,45,normal_corr_dominates,1.32402533e+00,1.00000000e+00,2.49999856e+07,-1.44408369e+01,-6.21371753e+00,-8.22711938e+00,1.00016015e-09
50,1.24012356e+00,3.92971443e-08,90,15,1,46,normal_corr_dominates,2.17058351e+00,1.00000000e+00,2.49999803e+07,-1.97011103e+01,-6.21371753e+00,-1.34873928e+01,1.00023658e-09
50,1.24012356e+00,3.92971443e-08,90,15,2,47,normal_corr_dominates,1.80761231e+00,1.00000000e+00,2.49999826e+07,-1.74457098e+01,-6.21371753e+00,-1.12319923e+01,1.00017813e-09
50,1.24012356e+00,3.92971443e-08,90,17,0,51,normal_corr_dominates,3.14866031e+01,1.00000000e+00,2.49999651e+07,-3.48719461e+01,-1.07342544e+00,-3.37985207e+01,1.00029275e-09
50,1.24012356e+00,3.92971443e-08,90,17,1,52,normal_corr_dominates,1.56738640e+01,1.00000000e+00,2.49999821e+07,-1.78981497e+01,-1.07342544e+00,-1.68247243e+01,9.99979511e-10
50,1.24012356e+00,3.92971443e-08,90,17,1,52,corr_ratio_high,4.83360994e+00,5.00000000e-01,2.49999821e+07,-1.78981497e+01,-1.07342544e+00,-1.68247243e+01,9.99979511e-10
50,1.24012356e+00,3.92971443e-08,90,17,2,53,normal_corr_dominates,1.67175443e+01,1.00000000e+00,2.50000169e+07,1.68716119e+01,-1.07342544e+00,1.79450373e+01,1.00035927e-09
50,1.24012356e+00,3.92971443e-08,90,18,0,54,normal_corr_dominates,4.38279587e+00,1.00000000e+00,2.50000190e+07,1.90366212e+01,-5.62748152e+00,2.46641027e+01,1.00021340e-09
50,1.24012356e+00,3.92971443e-08,90,18,1,55,normal_corr_dominates,1.91839241e+00,1.00000000e+00,2.49999836e+07,-1.64231993e+01,-5.62748152e+00,-1.07957178e+01,1.00014763e-09
50,1.24012356e+00,3.92971443e-08,90,18,2,56,normal_corr_dominates,1.41398464e+00,1.00000000e+00,2.49999864e+07,-1.35846539e+01,-5.62748152e+00,-7.95717240e+00,1.00018413e-09
50,1.24012356e+00,3.92971443e-08,90,19,0,57,corr_ratio_high,2.19517336e+00,5.00000000e-01,2.49999877e+07,-1.22700358e+01,-1.42321588e+01,1.96212300e+00,1.00006863e-09
50,1.24012356e+00,3.92971443e-08,90,19,1,58,corr_ratio_high,5.86732630e-01,5.00000000e-01,2.49999956e+07,-4.36468629e+00,-1.42321588e+01,9.86747255e+00,1.00041882e-09
50,1.24012356e+00,3.92971443e-08,90,20,2,62,normal_corr_dominates,1.29727765e+00,1.00000000e+00,2.50000030e+07,3.04731733e+00,-1.02507447e+01,1.32980621e+01,1.00018957e-09
50,1.24012356e+00,3.92971443e-08,90,21,0,63,normal_corr_dominates,1.27573089e+00,1.00000000e+00,2.49999813e+07,-1.87269065e+01,-8.22896353e+00,-1.04979429e+01,1.00017738e-09
50,1.24012356e+00,3.92971443e-08,90,21,1,64,normal_corr_dominates,3.88267891e+00,1.00000000e+00,2.50000237e+07,2.37214596e+01,-8.22896353e+00,3.19504232e+01,1.00021272e-09
50,1.24012356e+00,3.92971443e-08,90,21,2,65,normal_corr_dominates,1.81844738e+00,1.00000000e+00,2.49999768e+07,-2.31929007e+01,-8.22896353e+00,-1.49639372e+01,1.00025379e-09
50,1.24012356e+00,3.92971443e-08,90,22,0,66,normal_corr_dominates,1.77493234e+01,1.00000000e+00,2.49999807e+07,-1.93235309e+01,1.15369024e+00,-2.04772212e+01,1.00016140e-09
50,1.24012356e+00,3.92971443e-08,90,22,1,67,normal_corr_dominates,1.77292495e+01,1.00000000e+00,2.49999807e+07,-1.93003719e+01,1.15369024e+00,-2.04540621e+01,1.00023425e-09
50,1.24012356e+00,3.92971443e-08,90,22,2,68,normal_corr_dominates,9.07656966e+00,1.00000000e+00,2.50000116e+07,1.16252401e+01,1.15369024e+00,1.04715499e+01,1.00028517e-09
50,1.24012356e+00,3.92971443e-08,90,24,0,72,corr_ratio_high,1.20058694e+00,5.00000000e-01,2.49999950e+07,-4.99231574e+00,-1.21082328e+01,7.11591705e+00,1.00009699e-09
50,1.24012356e+00,3.92971443e-08,90,24,1,73,normal_corr_dominates,1.19439058e+00,1.00000000e+00,2.49999734e+07,-2.65701920e+01,-1.21082328e+01,-1.44619592e+01,1.00023094e-09
50,1.24012356e+00,3.92971443e-08,90,25,1,76,normal_corr_dominates,4.91219852e+00,1.00000000e+00,2.50000189e+07,1.88707224e+01,-4.82355953e+00,2.36942820e+01,1.00029171e-09
50,1.24012356e+00,3.92971443e-08,90,25,2,77,normal_corr_dominates,5.62940712e+00,1.00000000e+00,2.50000223e+07,2.23302208e+01,-4.82355953e+00,2.71537804e+01,1.00007181e-09
50,1.24012356e+00,3.92971443e-08,90,25,2,77,corr_ratio_high,2.05928395e+00,5.00000000e-01,2.50000223e+07,2.23302208e+01,-4.82355953e+00,2.71537804e+01,1.00007181e-09
50,1.24012356e+00,3.92971443e-08,90,16,0,48,normal_corr_dominates,7.77763190e+00,1.00000000e+00,2.49999519e+07,-4.80656659e+01,-5.47592636e+00,-4.25897396e+01,1.00012469e-09
50,1.24012356e+00,3.92971443e-08,90,16,0,48,corr_ratio_high,1.47007724e+00,5.00000000e-01,2.49999519e+07,-4.80656659e+01,-5.47592636e+00,-4.25897396e+01,1.00012469e-09
50,1.24012356e+00,3.92971443e-08,90,16,1,49,normal_corr_dominates,2.54814440e+00,1.00000000e+00,2.50000085e+07,8.47752471e+00,-5.47592636e+00,1.39534511e+01,1.00024816e-09
50,1.24012356e+00,3.92971443e-08,90,16,2,50,normal_corr_dominates,1.44010465e+00,1.00000000e+00,2.50000024e+07,2.40998064e+00,-5.47592636e+00,7.88590700e+00,1.00028369e-09
