step,time_s,time_yr,rank,fi,dof,owned_dof_idx,event,value,threshold,sigma_n_eff,normal_traction,normal_stress,normal_corr,V_mag
1,1.00000000e-02,3.16880878e-10,95,0,0,0,normal_corr_dominates,4.72622267e+00,1.00000000e+00,2.50000004e+07,4.26880329e-01,-1.14561143e-01,5.41441473e-01,1.00000148e-09
1,1.00000000e-02,3.16880878e-10,95,0,0,0,corr_ratio_high,7.28047980e-01,5.00000000e-01,2.50000004e+07,4.26880329e-01,-1.14561143e-01,5.41441473e-01,1.00000148e-09
1,1.00000000e-02,3.16880878e-10,95,0,1,1,normal_corr_dominates,2.02003662e+00,1.00000000e+00,2.49999997e+07,-3.45978848e-01,-1.14561143e-01,-2.31417705e-01,1.00000312e-09
1,1.00000000e-02,3.16880878e-10,95,0,2,2,corr_ratio_high,7.48345039e-01,5.00000000e-01,2.49999999e+07,-6.11154910e-02,-1.14561143e-01,5.34456523e-02,1.00000192e-09
1,1.00000000e-02,3.16880878e-10,95,1,0,3,normal_corr_dominates,5.59404917e+00,1.00000000e+00,2.49999998e+07,-2.25335246e-01,-3.41725152e-02,-1.91162730e-01,1.00000161e-09
1,1.00000000e-02,3.16880878e-10,95,1,1,4,normal_corr_dominates,7.68054907e+00,1.00000000e+00,2.50000002e+07,2.28291165e-01,-3.41725152e-02,2.62463680e-01,1.00000261e-09
1,1.00000000e-02,3.16880878e-10,95,1,2,5,normal_corr_dominates,7.72671243e+00,1.00000000e+00,2.49999997e+07,-2.98213713e-01,-3.41725152e-02,-2.64041198e-01,1.00000171e-09
1,1.00000000e-02,3.16880878e-10,95,1,2,5,corr_ratio_high,5.44795773e-01,5.00000000e-01,2.49999997e+07,-2.98213713e-01,-3.41725152e-02,-2.64041198e-01,1.00000171e-09
1,1.00000000e-02,3.16880878e-10,95,2,0,6,normal_corr_dominates,2.85022349e+01,1.00000000e+00,2.49999998e+07,-2.24014110e-01,-7.59312341e-03,-2.16420987e-01,1.00000189e-09
1,1.00000000e-02,3.16880878e-10,95,2,1,7,normal_corr_dominates,3.58311296e+01,1.00000000e+00,2.49999997e+07,-2.79663312e-01,-7.59312341e-03,-2.72070189e-01,1.00000200e-09
1,1.00000000e-02,3.16880878e-10,95,2,2,8,normal_corr_dominates,2.66186136e+01,1.00000000e+00,2.50000002e+07,1.94525295e-01,-7.59312341e-03,2.02118418e-01,1.00000145e-09
1,1.00000000e-02,3.16880878e-10,95,3,0,9,normal_corr_dominates,7.15155250e+00,1.00000000e+00,2.49999998e+07,-1.98346225e-01,-2.43323251e-02,-1.74013900e-01,1.00000218e-09
1,1.00000000e-02,3.16880878e-10,95,3,1,10,normal_corr_dominates,5.44066720e+00,1.00000000e+00,2.50000001e+07,1.08051758e-01,-2.43323251e-02,1.32384083e-01,1.00000134e-09
1,1.00000000e-02,3.16880878e-10,95,3,1,10,corr_ratio_high,5.95657027e-01,5.00000000e-01,2.50000001e+07,1.08051758e-01,-2.43323251e-02,1.32384083e-01,1.00000134e-09
1,1.00000000e-02,3.16880878e-10,95,3,2,11,normal_corr_dominates,1.99430203e+00,1.00000000e+00,2.50000000e+07,2.41936802e-02,-2.43323251e-02,4.85260052e-02,1.00000174e-09
1,1.00000000e-02,3.16880878e-10,95,3,2,11,corr_ratio_high,6.13905156e-01,5.00000000e-01,2.50000000e+07,2.41936802e-02,-2.43323251e-02,4.85260052e-02,1.00000174e-09
1,1.00000000e-02,3.16880878e-10,95,4,1,13,normal_corr_dominates,2.02846384e+00,1.00000000e+00,2.50000001e+07,1.12132806e-01,-1.09029411e-01,2.21162217e-01,1.00000157e-09
1,1.00000000e-02,3.16880878e-10,95,4,1,13,corr_ratio_high,5.22738288e-01,5.00000000e-01,2.50000001e+07,1.12132806e-01,-1.09029411e-01,2.21162217e-01,1.00000157e-09
1,1.00000000e-02,3.16880878e-10,95,5,0,15,normal_corr_dominates,6.36566270e+00,1.00000000e+00,2.49999998e+07,-2.09061338e-01,-2.83832354e-02,-1.80678103e-01,1.00000305e-09
1,1.00000000e-02,3.16880878e-10,95,5,1,16,normal_corr_dominates,3.44637086e+00,1.00000000e+00,2.50000001e+07,6.94359198e-02,-2.83832354e-02,9.78191552e-02,1.00000179e-09
1,1.00000000e-02,3.16880878e-10,95,5,1,16,corr_ratio_high,6.67498413e-01,5.00000000e-01,2.50000001e+07,6.94359198e-02,-2.83832354e-02,9.78191552e-02,1.00000179e-09
1,1.00000000e-02,3.16880878e-10,95,5,2,17,normal_corr_dominates,6.44703602e+00,1.00000000e+00,2.49999998e+07,-2.11370976e-01,-2.83832354e-02,-1.82987741e-01,1.00000246e-09
1,1.00000000e-02,3.16880878e-10,95,7,0,21,normal_corr_dominates,5.25786807e+00,1.00000000e+00,2.50000000e+07,-4.03429356e-02,-6.44675394e-03,-3.38961817e-02,1.00000120e-09
1,1.00000000e-02,3.16880878e-10,95,7,1,22,normal_corr_dominates,1.16220710e+01,1.00000000e+00,2.49999999e+07,-8.13713861e-02,-6.44675394e-03,-7.49246322e-02,1.00000152e-09
1,1.00000000e-02,3.16880878e-10,95,7,2,23,normal_corr_dominates,3.01963080e+00,1.00000000e+00,2.50000000e+07,1.30200628e-02,-6.44675394e-03,1.94668167e-02,1.00000159e-09
1,1.00000000e-02,3.16880878e-10,95,8,0,24,normal_corr_dominates,4.13048438e+00,1.00000000e+00,2.50000002e+07,2.47019221e-01,-7.89076675e-02,3.25926888e-01,1.00000268e-09
1,1.00000000e-02,3.16880878e-10,95,8,1,25,normal_corr_dominates,2.99028716e+00,1.00000000e+00,2.50000002e+07,1.57048917e-01,-7.89076675e-02,2.35956584e-01,1.00000177e-09
1,1.00000000e-02,3.16880878e-10,95,8,2,26,normal_corr_dominates,3.67611771e+00,1.00000000e+00,2.49999996e+07,-3.68981541e-01,-7.89076675e-02,-2.90073874e-01,1.00000173e-09
1,1.00000000e-02,3.16880878e-10,95,8,2,26,corr_ratio_high,5.83301750e-01,5.00000000e-01,2.49999996e+07,-3.68981541e-01,-7.89076675e-02,-2.90073874e-01,1.00000173e-09
1,1.00000000e-02,3.16880878e-10,95,9,0,27,normal_corr_dominates,4.98457951e+00,1.00000000e+00,2.50000003e+07,2.59039690e-01,-6.50105461e-02,3.24050236e-01,1.00000160e-09
1,1.00000000e-02,3.16880878e-10,95,9,0,27,corr_ratio_high,6.43953405e-01,5.00000000e-01,2.50000003e+07,2.59039690e-01,-6.50105461e-02,3.24050236e-01,1.00000160e-09
1,1.00000000e-02,3.16880878e-10,95,9,1,28,normal_corr_dominates,1.36258836e+00,1.00000000e+00,2.50000000e+07,2.35720673e-02,-6.50105461e-02,8.85826134e-02,1.00000142e-09
1,1.00000000e-02,3.16880878e-10,95,9,1,28,corr_ratio_high,6.25191738e-01,5.00000000e-01,2.50000000e+07,2.35720673e-02,-6.50105461e-02,8.85826134e-02,1.00000142e-09
1,1.00000000e-02,3.16880878e-10,95,9,2,29,normal_corr_dominates,6.12368639e+00,1.00000000e+00,2.49999995e+07,-4.63114743e-01,-6.50105461e-02,-3.98104197e-01,1.00000338e-09
1,1.00000000e-02,3.16880878e-10,95,9,2,29,corr_ratio_high,7.34463849e-01,5.00000000e-01,2.49999995e+07,-4.63114743e-01,-6.50105461e-02,-3.98104197e-01,1.00000338e-09
1,1.00000000e-02,3.16880878e-10,95,10,0,30,normal_corr_dominates,1.40435237e+00,1.00000000e+00,2.50000000e+07,1.53516422e-02,-3.79660006e-02,5.33176428e-02,1.00000137e-09
1,1.00000000e-02,3.16880878e-10,95,12,0,36,normal_corr_dominates,1.30636801e+00,1.00000000e+00,2.49999998e+07,-1.63039830e-01,-7.06911601e-02,-9.23486701e-02,1.00000206e-09
1,1.00000000e-02,3.16880878e-10,95,12,1,37,normal_corr_dominates,2.08323235e+00,1.00000000e+00,2.50000001e+07,7.65749511e-02,-7.06911601e-02,1.47266111e-01,1.00000096e-09
1,1.00000000e-02,3.16880878e-10,95,12,1,37,corr_ratio_high,9.79536609e-01,5.00000000e-01,2.50000001e+07,7.65749511e-02,-7.06911601e-02,1.47266111e-01,1.00000096e-09
1,1.00000000e-02,3.16880878e-10,95,12,2,38,normal_corr_dominates,2.46333576e+00,1.00000000e+00,2.49999998e+07,-2.44827223e-01,-7.06911601e-02,-1.74136063e-01,1.00000283e-09
1,1.00000000e-02,3.16880878e-10,95,12,2,38,corr_ratio_high,5.48605612e-01,5.00000000e-01,2.49999998e+07,-2.44827223e-01,-7.06911601e-02,-1.74136063e-01,1.00000283e-09
1,1.00000000e-02,3.16880878e-10,95,14,0,42,normal_corr_dominates,1.32515679e+03,1.00000000e+00,2.49999999e+07,-8.30740412e-02,-6.26426994e-05,-8.30113985e-02,1.00000191e-09
1,1.00000000e-02,3.16880878e-10,95,14,1,43,normal_corr_dominates,3.17884349e+02,1.00000000e+00,2.50000000e+07,-1.99757764e-02,-6.26426994e-05,-1.99131337e-02,1.00000158e-09
1,1.00000000e-02,3.16880878e-10,95,14,2,44,normal_corr_dominates,3.85328600e+02,1.00000000e+00,2.50000000e+07,2.40753810e-02,-6.26426994e-05,2.41380237e-02,1.00000157e-09
1,1.00000000e-02,3.16880878e-10,95,15,1,46,normal_corr_dominates,4.91466216e+00,1.00000000e+00,2.49999997e+07,-2.60893463e-01,-4.41096137e-02,-2.16783850e-01,1.00000209e-09
1,1.00000000e-02,3.16880878e-10,95,15,2,47,normal_corr_dominates,2.31284745e+00,1.00000000e+00,2.50000001e+07,5.79091940e-02,-4.41096137e-02,1.02018808e-01,1.00000145e-09
1,1.00000000e-02,3.16880878e-10,95,18,0,54,normal_corr_dominates,1.06097946e+00,1.00000000e+00,2.49999999e+07,-7.21229763e-02,-3.49945148e-02,-3.71284615e-02,1.00000148e-09
1,1.00000000e-02,3.16880878e-10,95,21,0,63,normal_corr_dominates,1.35716591e+00,1.00000000e+00,2.50000000e+07,4.25539358e-02,-1.19143329e-01,1.61697265e-01,1.00000130e-09
1,1.00000000e-02,3.16880878e-10,95,21,0,63,corr_ratio_high,7.65256833e-01,5.00000000e-01,2.50000000e+07,4.25539358e-02,-1.19143329e-01,1.61697265e-01,1.00000130e-09
1,1.00000000e-02,3.16880878e-10,95,22,0,66,normal_corr_dominates,2.53403509e+00,1.00000000e+00,2.50000001e+07,1.24901834e-01,-8.14204542e-02,2.06322288e-01,1.00000182e-09
1,1.00000000e-02,3.16880878e-10,95,22,2,68,normal_corr_dominates,1.18973654e+00,1.00000000e+00,2.49999998e+07,-1.78289344e-01,-8.14204542e-02,-9.68688898e-02,1.00000178e-09
1,1.00000000e-02,3.16880878e-10,95,23,0,69,normal_corr_dominates,1.03727747e+00,1.00000000e+00,2.50000000e+07,2.75372283e-03,-7.38709676e-02,7.66246904e-02,1.00000179e-09
1,1.00000000e-02,3.16880878e-10,95,23,0,69,corr_ratio_high,7.98717184e-01,5.00000000e-01,2.50000000e+07,2.75372283e-03,-7.38709676e-02,7.66246904e-02,1.00000179e-09
1,1.00000000e-02,3.16880878e-10,95,23,1,70,corr_ratio_high,5.20646503e-01,5.00000000e-01,2.49999999e+07,-1.32209324e-01,-7.38709676e-02,-5.83383563e-02,1.00000202e-09
1,1.00000000e-02,3.16880878e-10,95,24,0,72,normal_corr_dominates,1.66731083e+00,1.00000000e+00,2.50000000e+07,3.99403312e-02,-5.98526641e-02,9.97929954e-02,1.00000142e-09
1,1.00000000e-02,3.16880878e-10,95,24,0,72,corr_ratio_high,6.18145071e-01,5.00000000e-01,2.50000000e+07,3.99403312e-02,-5.98526641e-02,9.97929954e-02,1.00000142e-09
1,1.00000000e-02,3.16880878e-10,95,24,2,74,normal_corr_dominates,1.12788663e+00,1.00000000e+00,2.49999999e+07,-1.27359684e-01,-5.98526641e-02,-6.75070197e-02,1.00000171e-09
1,1.00000000e-02,3.16880878e-10,95,26,0,78,normal_corr_dominates,1.12142336e+00,1.00000000e+00,2.50000000e+07,1.53062197e-03,-1.26056629e-02,1.41362849e-02,1.00000126e-09
1,1.00000000e-02,3.16880878e-10,95,27,2,83,normal_corr_dominates,1.39517158e+00,1.00000000e+00,2.49999997e+07,-3.19847859e-01,-1.33538600e-01,-1.86309259e-01,1.00000201e-09
1,1.00000000e-02,3.16880878e-10,95,28,0,84,normal_corr_dominates,1.26181673e+00,1.00000000e+00,2.49999999e+07,-8.30523500e-02,-3.67193102e-02,-4.63330399e-02,1.00000194e-09
1,1.00000000e-02,3.16880878e-10,95,28,1,85,normal_corr_dominates,1.43210226e+00,1.00000000e+00,2.50000000e+07,1.58664968e-02,-3.67193102e-02,5.25858070e-02,1.00000161e-09
1,1.00000000e-02,3.16880878e-10,95,29,0,87,normal_corr_dominates,4.68000358e+00,1.00000000e+00,2.50000000e+07,-3.87666643e-02,-6.82511266e-03,-3.19415516e-02,1.00000184e-09
1,1.00000000e-02,3.16880878e-10,95,29,1,88,normal_corr_dominates,1.28174868e+00,1.00000000e+00,2.50000000e+07,1.92296651e-03,-6.82511266e-03,8.74807917e-03,1.00000164e-09
1,1.00000000e-02,3.16880878e-10,95,29,2,89,normal_corr_dominates,5.16210757e+00,1.00000000e+00,2.50000000e+07,2.84068531e-02,-6.82511266e-03,3.52319657e-02,1.00000155e-09
1,1.00000000e-02,3.16880878e-10,95,30,0,90,normal_corr_dominates,1.04524624e+01,1.00000000e+00,2.49999999e+07,-1.06092223e-01,-9.26370415e-03,-9.68285191e-02,1.00000154e-09
1,1.00000000e-02,3.16880878e-10,95,30,2,92,normal_corr_dominates,4.24545431e+00,1.00000000e+00,2.50000000e+07,3.00649286e-02,-9.26370415e-03,3.93286327e-02,1.00000150e-09
1,1.00000000e-02,3.16880878e-10,95,32,1,97,normal_corr_dominates,2.65225130e+00,1.00000000e+00,2.49999998e+07,-1.60931001e-01,-4.40635069e-02,-1.16867494e-01,1.00000149e-09
1,1.00000000e-02,3.16880878e-10,95,32,2,98,normal_corr_dominates,1.61321588e+00,1.00000000e+00,2.50000000e+07,2.70204420e-02,-4.40635069e-02,7.10839490e-02,1.00000156e-09
1,1.00000000e-02,3.16880878e-10,95,35,1,106,normal_corr_dominates,6.74916361e+00,1.00000000e+00,2.49999998e+07,-2.32939636e-01,-3.00599713e-02,-2.02879665e-01,1.00000208e-09
1,1.00000000e-02,3.16880878e-10,95,35,2,107,normal_corr_dominates,2.22313682e+00,1.00000000e+00,2.50000000e+07,3.67674579e-02,-3.00599713e-02,6.68274292e-02,1.00000149e-09
1,1.00000000e-02,3.16880878e-10,95,13,0,39,normal_corr_dominates,3.18743962e+01,1.00000000e+00,2.50000000e+07,4.66958575e-02,-1.51244602e-03,4.82083035e-02,1.00000173e-09
1,1.00000000e-02,3.16880878e-10,95,13,1,40,normal_corr_dominates,9.91947462e+01,1.00000000e+00,2.49999998e+07,-1.51539145e-01,-1.51244602e-03,-1.50026699e-01,1.00000221e-09
1,1.00000000e-02,3.16880878e-10,95,13,2,41,normal_corr_dominates,3.87784809e+01,1.00000000e+00,2.50000001e+07,5.71379129e-02,-1.51244602e-03,5.86503589e-02,1.00000145e-09
1,1.00000000e-02,3.16880878e-10,95,25,0,75,normal_corr_dominates,6.10692359e+00,1.00000000e+00,2.50000000e+07,4.93558471e-02,-9.66449688e-03,5.90203440e-02,1.00000186e-09
1,1.00000000e-02,3.16880878e-10,95,25,1,76,normal_corr_dominates,4.26280209e+00,1.00000000e+00,2.50000000e+07,3.15333406e-02,-9.66449688e-03,4.11978375e-02,1.00000160e-09
1,1.00000000e-02,3.16880878e-10,95,25,2,77,normal_corr_dominates,1.39894153e+01,1.00000000e+00,2.49999999e+07,-1.44865157e-01,-9.66449688e-03,-1.35200660e-01,1.00000142e-09
2,2.87484385e-02,9.10983044e-10,95,0,0,0,normal_corr_dominates,4.74555526e+00,1.00000000e+00,2.50000012e+07,1.21840368e+00,-3.25293208e-01,1.54369689e+00,1.00000423e-09
2,2.87484385e-02,9.10983044e-10,95,0,0,0,corr_ratio_high,7.27854478e-01,5.00000000e-01,2.50000012e+07,1.21840368e+00,-3.25293208e-01,1.54369689e+00,1.00000423e-09
2,2.87484385e-02,9.10983044e-10,95,0,1,1,normal_corr_dominates,2.03099264e+00,1.00000000e+00,2.49999990e+07,-9.85961320e-01,-3.25293208e-01,-6.60668112e-01,1.00000888e-09
2,2.87484385e-02,9.10983044e-10,95,0,2,2,corr_ratio_high,7.48735603e-01,5.00000000e-01,2.49999998e+07,-1.70346204e-01,-3.25293208e-01,1.54947004e-01,1.00000549e-09
2,2.87484385e-02,9.10983044e-10,95,1,0,3,normal_corr_dominates,5.65729175e+00,1.00000000e+00,2.49999994e+07,-6.43128217e-01,-9.66050822e-02,-5.46523135e-01,1.00000459e-09
2,2.87484385e-02,9.10983044e-10,95,1,1,4,normal_corr_dominates,7.78022122e+00,1.00000000e+00,2.50000007e+07,6.55003828e-01,-9.66050822e-02,7.51608911e-01,1.00000743e-09
2,2.87484385e-02,9.10983044e-10,95,1,2,5,normal_corr_dominates,7.81959927e+00,1.00000000e+00,2.49999991e+07,-8.52018113e-01,-9.66050822e-02,-7.55413030e-01,1.00000487e-09
2,2.87484385e-02,9.10983044e-10,95,1,2,5,corr_ratio_high,5.45129423e-01,5.00000000e-01,2.49999991e+07,-8.52018113e-01,-9.66050822e-02,-7.55413030e-01,1.00000487e-09
2,2.87484385e-02,9.10983044e-10,95,2,0,6,normal_corr_dominates,2.92742887e+01,1.00000000e+00,2.49999994e+07,-6.39497336e-01,-2.11234471e-02,-6.18373889e-01,1.00000540e-09
2,2.87484385e-02,9.10983044e-10,95,2,1,7,normal_corr_dominates,3.68090122e+01,1.00000000e+00,2.49999992e+07,-7.98656670e-01,-2.11234471e-02,-7.77533223e-01,1.00000571e-09
2,2.87484385e-02,9.10983044e-10,95,2,2,8,normal_corr_dominates,2.73265532e+01,1.00000000e+00,2.50000006e+07,5.56107553e-01,-2.11234471e-02,5.77231000e-01,1.00000414e-09
2,2.87484385e-02,9.10983044e-10,95,3,0,9,normal_corr_dominates,7.23709120e+00,1.00000000e+00,2.49999994e+07,-5.64544391e-01,-6.85368631e-02,-4.96007528e-01,1.00000622e-09
2,2.87484385e-02,9.10983044e-10,95,3,1,10,normal_corr_dominates,5.53076670e+00,1.00000000e+00,2.50000003e+07,3.10524537e-01,-6.85368631e-02,3.79061400e-01,1.00000383e-09
2,2.87484385e-02,9.10983044e-10,95,3,1,10,corr_ratio_high,5.95565228e-01,5.00000000e-01,2.50000003e+07,3.10524537e-01,-6.85368631e-02,3.79061400e-01,1.00000383e-09
2,2.87484385e-02,9.10983044e-10,95,3,2,11,normal_corr_dominates,2.00249183e+00,1.00000000e+00,2.50000001e+07,6.87076452e-02,-6.85368631e-02,1.37244508e-01,1.00000497e-09
2,2.87484385e-02,9.10983044e-10,95,3,2,11,corr_ratio_high,6.13996110e-01,5.00000000e-01,2.50000001e+07,6.87076452e-02,-6.85368631e-02,1.37244508e-01,1.00000497e-09
2,2.87484385e-02,9.10983044e-10,95,4,1,13,normal_corr_dominates,2.03446554e+00,1.00000000e+00,2.50000003e+07,3.20079719e-01,-3.09415545e-01,6.29495264e-01,1.00000449e-09
2,2.87484385e-02,9.10983044e-10,95,4,1,13,corr_ratio_high,5.21451843e-01,5.00000000e-01,2.50000003e+07,3.20079719e-01,-3.09415545e-01,6.29495264e-01,1.00000449e-09
2,2.87484385e-02,9.10983044e-10,95,5,0,15,normal_corr_dominates,6.48865297e+00,1.00000000e+00,2.49999994e+07,-5.95794526e-01,-7.95596389e-02,-5.16234887e-01,1.00000869e-09
2,2.87484385e-02,9.10983044e-10,95,5,1,16,normal_corr_dominates,3.52765040e+00,1.00000000e+00,2.50000002e+07,2.01098953e-01,-7.95596389e-02,2.80658592e-01,1.00000510e-09
2,2.87484385e-02,9.10983044e-10,95,5,1,16,corr_ratio_high,6.67652894e-01,5.00000000e-01,2.50000002e+07,2.01098953e-01,-7.95596389e-02,2.80658592e-01,1.00000510e-09
2,2.87484385e-02,9.10983044e-10,95,5,2,17,normal_corr_dominates,6.56712456e+00,1.00000000e+00,2.49999994e+07,-6.02037698e-01,-7.95596389e-02,-5.22478059e-01,1.00000703e-09
2,2.87484385e-02,9.10983044e-10,95,7,0,21,normal_corr_dominates,5.42414150e+00,1.00000000e+00,2.49999999e+07,-1.14091922e-01,-1.77598706e-02,-9.63320514e-02,1.00000341e-09
2,2.87484385e-02,9.10983044e-10,95,7,1,22,normal_corr_dominates,1.20710058e+01,1.00000000e+00,2.49999998e+07,-2.32139371e-01,-1.77598706e-02,-2.14379500e-01,1.00000435e-09
2,2.87484385e-02,9.10983044e-10,95,7,2,23,normal_corr_dominates,3.15378239e+00,1.00000000e+00,2.50000000e+07,3.82508967e-02,-1.77598706e-02,5.60107673e-02,1.00000455e-09
2,2.87484385e-02,9.10983044e-10,95,8,0,24,normal_corr_dominates,4.16284971e+00,1.00000000e+00,2.50000007e+07,7.08798749e-01,-2.24101305e-01,9.32900055e-01,1.00000763e-09
2,2.87484385e-02,9.10983044e-10,95,8,1,25,normal_corr_dominates,3.00399890e+00,1.00000000e+00,2.50000004e+07,4.49098769e-01,-2.24101305e-01,6.73200075e-01,1.00000504e-09
2,2.87484385e-02,9.10983044e-10,95,8,2,26,normal_corr_dominates,3.70342452e+00,1.00000000e+00,2.49999989e+07,-1.05404357e+00,-2.24101305e-01,-8.29942269e-01,1.00000494e-09
2,2.87484385e-02,9.10983044e-10,95,8,2,26,corr_ratio_high,5.83215563e-01,5.00000000e-01,2.49999989e+07,-1.05404357e+00,-2.24101305e-01,-8.29942269e-01,1.00000494e-09
2,2.87484385e-02,9.10983044e-10,95,9,0,27,normal_corr_dominates,5.01435388e+00,1.00000000e+00,2.50000007e+07,7.40481490e-01,-1.84458449e-01,9.24939939e-01,1.00000456e-09
2,2.87484385e-02,9.10983044e-10,95,9,0,27,corr_ratio_high,6.44160634e-01,5.00000000e-01,2.50000007e+07,7.40481490e-01,-1.84458449e-01,9.24939939e-01,1.00000456e-09
2,2.87484385e-02,9.10983044e-10,95,9,1,28,normal_corr_dominates,1.36502701e+00,1.00000000e+00,2.50000001e+07,6.73323160e-02,-1.84458449e-01,2.51790765e-01,1.00000404e-09
2,2.87484385e-02,9.10983044e-10,95,9,1,28,corr_ratio_high,6.24622139e-01,5.00000000e-01,2.50000001e+07,6.73323160e-02,-1.84458449e-01,2.51790765e-01,1.00000404e-09
2,2.87484385e-02,9.10983044e-10,95,9,2,29,normal_corr_dominates,6.15123383e+00,1.00000000e+00,2.49999987e+07,-1.31910550e+00,-1.84458449e-01,-1.13464705e+00,1.00000964e-09
2,2.87484385e-02,9.10983044e-10,95,9,2,29,corr_ratio_high,7.34773622e-01,5.00000000e-01,2.49999987e+07,-1.31910550e+00,-1.84458449e-01,-1.13464705e+00,1.00000964e-09
2,2.87484385e-02,9.10983044e-10,95,10,0,30,normal_corr_dominates,1.40822757e+00,1.00000000e+00,2.50000000e+07,4.39351998e-02,-1.07624285e-01,1.51559485e-01,1.00000390e-09
2,2.87484385e-02,9.10983044e-10,95,12,0,36,normal_corr_dominates,1.31259051e+00,1.00000000e+00,2.49999995e+07,-4.63815895e-01,-2.00561186e-01,-2.63254709e-01,1.00000586e-09
2,2.87484385e-02,9.10983044e-10,95,12,1,37,normal_corr_dominates,2.08679571e+00,1.00000000e+00,2.50000002e+07,2.17969037e-01,-2.00561186e-01,4.18530223e-01,1.00000275e-09
2,2.87484385e-02,9.10983044e-10,95,12,1,37,corr_ratio_high,9.78753503e-01,5.00000000e-01,2.50000002e+07,2.17969037e-01,-2.00561186e-01,4.18530223e-01,1.00000275e-09
2,2.87484385e-02,9.10983044e-10,95,12,2,38,normal_corr_dominates,2.47088056e+00,1.00000000e+00,2.49999993e+07,-6.96123922e-01,-2.00561186e-01,-4.95562736e-01,1.00000807e-09
2,2.87484385e-02,9.10983044e-10,95,12,2,38,corr_ratio_high,5.48823045e-01,5.00000000e-01,2.49999993e+07,-6.96123922e-01,-2.00561186e-01,-4.95562736e-01,1.00000807e-09
2,2.87484385e-02,9.10983044e-10,95,14,0,42,normal_corr_dominates,4.68368832e+02,1.00000000e+00,2.49999998e+07,-2.36515573e-01,5.06057650e-04,-2.37021630e-01,1.00000545e-09
2,2.87484385e-02,9.10983044e-10,95,14,1,43,normal_corr_dominates,1.12364606e+02,1.00000000e+00,2.49999999e+07,-5.63569107e-02,5.06057650e-04,-5.68629683e-02,1.00000451e-09
2,2.87484385e-02,9.10983044e-10,95,14,2,44,normal_corr_dominates,1.36323389e+02,1.00000000e+00,2.50000001e+07,6.94935516e-02,5.06057650e-04,6.89874940e-02,1.00000447e-09
2,2.87484385e-02,9.10983044e-10,95,15,1,46,normal_corr_dominates,4.93794277e+00,1.00000000e+00,2.49999993e+07,-7.44430330e-01,-1.25368391e-01,-6.19061939e-01,1.00000595e-09
2,2.87484385e-02,9.10983044e-10,95,15,2,47,normal_corr_dominates,2.32187141e+00,1.00000000e+00,2.50000002e+07,1.65720892e-01,-1.25368391e-01,2.91089283e-01,1.00000414e-09
2,2.87484385e-02,9.10983044e-10,95,18,0,54,normal_corr_dominates,1.06930880e+00,1.00000000e+00,2.49999998e+07,-2.05386315e-01,-9.92535841e-02,-1.06132731e-01,1.00000421e-09
2,2.87484385e-02,9.10983044e-10,95,21,0,63,normal_corr_dominates,1.36371421e+00,1.00000000e+00,2.50000001e+07,1.23425584e-01,-3.39347712e-01,4.62773296e-01,1.00000370e-09
2,2.87484385e-02,9.10983044e-10,95,21,0,63,corr_ratio_high,7.65479776e-01,5.00000000e-01,2.50000001e+07,1.23425584e-01,-3.39347712e-01,4.62773296e-01,1.00000370e-09
2,2.87484385e-02,9.10983044e-10,95,22,0,66,normal_corr_dominates,2.54417700e+00,1.00000000e+00,2.50000004e+07,3.57305046e-01,-2.31388660e-01,5.88693705e-01,1.00000521e-09
2,2.87484385e-02,9.10983044e-10,95,22,2,68,normal_corr_dominates,1.19787972e+00,1.00000000e+00,2.49999995e+07,-5.08564443e-01,-2.31388660e-01,-2.77175783e-01,1.00000509e-09
2,2.87484385e-02,9.10983044e-10,95,23,0,69,normal_corr_dominates,1.05411657e+00,1.00000000e+00,2.50000000e+07,1.13074178e-02,-2.08945570e-01,2.20252988e-01,1.00000510e-09
2,2.87484385e-02,9.10983044e-10,95,23,0,69,corr_ratio_high,7.99592379e-01,5.00000000e-01,2.50000000e+07,1.13074178e-02,-2.08945570e-01,2.20252988e-01,1.00000510e-09
2,2.87484385e-02,9.10983044e-10,95,23,1,70,corr_ratio_high,5.20341700e-01,5.00000000e-01,2.49999996e+07,-3.78409578e-01,-2.08945570e-01,-1.69464007e-01,1.00000576e-09
2,2.87484385e-02,9.10983044e-10,95,24,0,72,normal_corr_dominates,1.67971475e+00,1.00000000e+00,2.50000001e+07,1.15633269e-01,-1.70120288e-01,2.85753557e-01,1.00000404e-09
2,2.87484385e-02,9.10983044e-10,95,24,0,72,corr_ratio_high,6.18487710e-01,5.00000000e-01,2.50000001e+07,1.15633269e-01,-1.70120288e-01,2.85753557e-01,1.00000404e-09
2,2.87484385e-02,9.10983044e-10,95,24,2,74,normal_corr_dominates,1.13395357e+00,1.00000000e+00,2.49999996e+07,-3.63028796e-01,-1.70120288e-01,-1.92908508e-01,1.00000489e-09
2,2.87484385e-02,9.10983044e-10,95,26,0,78,normal_corr_dominates,1.13155467e+00,1.00000000e+00,2.50000000e+07,4.65989318e-03,-3.54217246e-02,4.00816177e-02,1.00000358e-09
2,2.87484385e-02,9.10983044e-10,95,27,2,83,normal_corr_dominates,1.39904173e+00,1.00000000e+00,2.49999991e+07,-9.12625793e-01,-3.80412638e-01,-5.32213154e-01,1.00000572e-09
2,2.87484385e-02,9.10983044e-10,95,28,0,84,normal_corr_dominates,1.26544877e+00,1.00000000e+00,2.49999998e+07,-2.35996623e-01,-1.04172129e-01,-1.31824493e-01,1.00000555e-09
2,2.87484385e-02,9.10983044e-10,95,28,1,85,normal_corr_dominates,1.44401021e+00,1.00000000e+00,2.50000000e+07,4.62534890e-02,-1.04172129e-01,1.50425618e-01,1.00000460e-09
2,2.87484385e-02,9.10983044e-10,95,29,0,87,normal_corr_dominates,4.85694239e+00,1.00000000e+00,2.49999999e+07,-1.10039573e-01,-1.87878871e-02,-9.12516854e-02,1.00000526e-09
2,2.87484385e-02,9.10983044e-10,95,29,1,88,normal_corr_dominates,1.33111805e+00,1.00000000e+00,2.50000000e+07,6.22100862e-03,-1.87878871e-02,2.50088957e-02,1.00000469e-09
2,2.87484385e-02,9.10983044e-10,95,29,2,89,normal_corr_dominates,5.35322523e+00,1.00000000e+00,2.50000001e+07,8.17879041e-02,-1.87878871e-02,1.00575791e-01,1.00000442e-09
2,2.87484385e-02,9.10983044e-10,95,30,0,90,normal_corr_dominates,1.07455799e+01,1.00000000e+00,2.49999997e+07,-3.02547612e-01,-2.57584226e-02,-2.76789189e-01,1.00000439e-09
2,2.87484385e-02,9.10983044e-10,95,30,2,92,normal_corr_dominates,4.36502554e+00,1.00000000e+00,2.50000001e+07,8.66777500e-02,-2.57584226e-02,1.12436173e-01,1.00000427e-09
2,2.87484385e-02,9.10983044e-10,95,32,1,97,normal_corr_dominates,2.67421985e+00,1.00000000e+00,2.49999995e+07,-4.59133159e-01,-1.24960720e-01,-3.34172439e-01,1.00000424e-09
2,2.87484385e-02,9.10983044e-10,95,32,2,98,normal_corr_dominates,1.62385962e+00,1.00000000e+00,2.50000001e+07,7.79579469e-02,-1.24960720e-01,2.02918667e-01,1.00000444e-09
2,2.87484385e-02,9.10983044e-10,95,35,1,106,normal_corr_dominates,6.80647431e+00,1.00000000e+00,2.49999993e+07,-6.64991669e-01,-8.51846356e-02,-5.79807034e-01,1.00000593e-09
2,2.87484385e-02,9.10983044e-10,95,35,2,107,normal_corr_dominates,2.24168551e+00,1.00000000e+00,2.50000001e+07,1.05772528e-01,-8.51846356e-02,1.90957163e-01,1.00000426e-09
2,2.87484385e-02,9.10983044e-10,95,13,0,39,normal_corr_dominates,3.86148650e+01,1.00000000e+00,2.50000001e+07,1.33809386e-01,-3.55735388e-03,1.37366740e-01,1.00000495e-09
2,2.87484385e-02,9.10983044e-10,95,13,1,40,normal_corr_dominates,1.20212848e+02,1.00000000e+00,2.49999996e+07,-4.31196996e-01,-3.55735388e-03,-4.27639643e-01,1.00000631e-09
2,2.87484385e-02,9.10983044e-10,95,13,2,41,normal_corr_dominates,4.72313544e+01,1.00000000e+00,2.50000002e+07,1.64461288e-01,-3.55735388e-03,1.68018642e-01,1.00000413e-09
2,2.87484385e-02,9.10983044e-10,95,25,0,75,normal_corr_dominates,6.27932483e+00,1.00000000e+00,2.50000001e+07,1.41635564e-01,-2.68283481e-02,1.68463912e-01,1.00000531e-09
2,2.87484385e-02,9.10983044e-10,95,25,1,76,normal_corr_dominates,4.40476327e+00,1.00000000e+00,2.50000001e+07,9.13441741e-02,-2.68283481e-02,1.18172522e-01,1.00000456e-09
2,2.87484385e-02,9.10983044e-10,95,25,2,77,normal_corr_dominates,1.44205089e+01,1.00000000e+00,2.49999996e+07,-4.13706780e-01,-2.68283481e-02,-3.86878432e-01,1.00000406e-09
3,5.05458994e-02,1.60170290e-09,95,0,0,0,normal_corr_dominates,4.76461288e+00,1.00000000e+00,2.50000021e+07,2.12672089e+00,-5.64924193e-01,2.69164509e+00,1.00000739e-09
3,5.05458994e-02,1.60170290e-09,95,0,0,0,corr_ratio_high,7.27642811e-01,5.00000000e-01,2.50000021e+07,2.12672089e+00,-5.64924193e-01,2.69164509e+00,1.00000739e-09
3,5.05458994e-02,1.60170290e-09,95,0,1,1,normal_corr_dominates,2.04189044e+00,1.00000000e+00,2.49999983e+07,-1.71843750e+00,-5.64924193e-01,-1.15351331e+00,1.00001549e-09
3,5.05458994e-02,1.60170290e-09,95,0,2,2,corr_ratio_high,7.49111534e-01,5.00000000e-01,2.49999997e+07,-2.90330517e-01,-5.64924193e-01,2.74593676e-01,1.00000957e-09
3,5.05458994e-02,1.60170290e-09,95,1,0,3,normal_corr_dominates,5.72045319e+00,1.00000000e+00,2.49999989e+07,-1.12256112e+00,-1.67036521e-01,-9.55524599e-01,1.00000801e-09
3,5.05458994e-02,1.60170290e-09,95,1,1,4,normal_corr_dominates,7.87958063e+00,1.00000000e+00,2.50000011e+07,1.14914121e+00,-1.67036521e-01,1.31617774e+00,1.00001296e-09
3,5.05458994e-02,1.60170290e-09,95,1,2,5,normal_corr_dominates,7.91209120e+00,1.00000000e+00,2.49999985e+07,-1.48864471e+00,-1.67036521e-01,-1.32160819e+00,1.00000849e-09
3,5.05458994e-02,1.60170290e-09,95,1,2,5,corr_ratio_high,5.45455145e-01,5.00000000e-01,2.49999985e+07,-1.48864471e+00,-1.67036521e-01,-1.32160819e+00,1.00000849e-09
3,5.05458994e-02,1.60170290e-09,95,2,0,6,normal_corr_dominates,3.00827492e+01,1.00000000e+00,2.49999989e+07,-1.11643683e+00,-3.59182137e-02,-1.08051861e+00,1.00000943e-09
3,5.05458994e-02,1.60170290e-09,95,2,1,7,normal_corr_dominates,3.78317399e+01,1.00000000e+00,2.49999986e+07,-1.39476673e+00,-3.59182137e-02,-1.35884852e+00,1.00000997e-09
3,5.05458994e-02,1.60170290e-09,95,2,2,8,normal_corr_dominates,2.80676274e+01,1.00000000e+00,2.50000010e+07,9.72220824e-01,-3.59182137e-02,1.00813904e+00,1.00000722e-09
3,5.05458994e-02,1.60170290e-09,95,3,0,9,normal_corr_dominates,7.32448461e+00,1.00000000e+00,2.49999990e+07,-9.82762604e-01,-1.18056871e-01,-8.64705733e-01,1.00001085e-09
3,5.05458994e-02,1.60170290e-09,95,3,1,10,normal_corr_dominates,5.62230964e+00,1.00000000e+00,2.50000005e+07,5.45695412e-01,-1.18056871e-01,6.63752283e-01,1.00000669e-09
3,5.05458994e-02,1.60170290e-09,95,3,1,10,corr_ratio_high,5.95470642e-01,5.00000000e-01,2.50000005e+07,5.45695412e-01,-1.18056871e-01,6.63752283e-01,1.00000669e-09
3,5.05458994e-02,1.60170290e-09,95,3,2,11,normal_corr_dominates,2.01117194e+00,1.00000000e+00,2.50000001e+07,1.19375795e-01,-1.18056871e-01,2.37432666e-01,1.00000868e-09
3,5.05458994e-02,1.60170290e-09,95,3,2,11,corr_ratio_high,6.14065753e-01,5.00000000e-01,2.50000001e+07,1.19375795e-01,-1.18056871e-01,2.37432666e-01,1.00000868e-09
3,5.05458994e-02,1.60170290e-09,95,4,1,13,normal_corr_dominates,2.04041669e+00,1.00000000e+00,2.50000006e+07,5.58754902e-01,-5.37049155e-01,1.09580406e+00,1.00000785e-09
3,5.05458994e-02,1.60170290e-09,95,4,1,13,corr_ratio_high,5.20168681e-01,5.00000000e-01,2.50000006e+07,5.58754902e-01,-5.37049155e-01,1.09580406e+00,1.00000785e-09
3,5.05458994e-02,1.60170290e-09,95,5,0,15,normal_corr_dominates,6.61426211e+00,1.00000000e+00,2.49999990e+07,-1.03843523e+00,-1.36380284e-01,-9.02054942e-01,1.00001515e-09
3,5.05458994e-02,1.60170290e-09,95,5,1,16,normal_corr_dominates,3.61071676e+00,1.00000000e+00,2.50000004e+07,3.56050292e-01,-1.36380284e-01,4.92430575e-01,1.00000889e-09
3,5.05458994e-02,1.60170290e-09,95,5,1,16,corr_ratio_high,6.67798715e-01,5.00000000e-01,2.50000004e+07,3.56050292e-01,-1.36380284e-01,4.92430575e-01,1.00000889e-09
3,5.05458994e-02,1.60170290e-09,95,5,2,17,normal_corr_dominates,6.68932493e+00,1.00000000e+00,2.49999990e+07,-1.04867231e+00,-1.36380284e-01,-9.12292031e-01,1.00001226e-09
3,5.05458994e-02,1.60170290e-09,95,7,0,21,normal_corr_dominates,5.59943752e+00,1.00000000e+00,2.49999998e+07,-1.97333240e-01,-2.99015240e-02,-1.67431716e-01,1.00000595e-09
3,5.05458994e-02,1.60170290e-09,95,7,1,22,normal_corr_dominates,1.25445054e+01,1.00000000e+00,2.49999996e+07,-4.05001355e-01,-2.99015240e-02,-3.75099831e-01,1.00000759e-09
3,5.05458994e-02,1.60170290e-09,95,7,2,23,normal_corr_dominates,3.29469239e+00,1.00000000e+00,2.50000001e+07,6.86147997e-02,-2.99015240e-02,9.85163237e-02,1.00000793e-09
3,5.05458994e-02,1.60170290e-09,95,8,0,24,normal_corr_dominates,4.19481541e+00,1.00000000e+00,2.50000012e+07,1.24361268e+00,-3.89259633e-01,1.63287231e+00,1.00001330e-09
3,5.05458994e-02,1.60170290e-09,95,8,1,25,normal_corr_dominates,3.01759750e+00,1.00000000e+00,2.50000008e+07,7.85369264e-01,-3.89259633e-01,1.17462890e+00,1.00000879e-09
3,5.05458994e-02,1.60170290e-09,95,8,2,26,normal_corr_dominates,3.73042188e+00,1.00000000e+00,2.49999982e+07,-1.84136229e+00,-3.89259633e-01,-1.45210265e+00,1.00000862e-09
3,5.05458994e-02,1.60170290e-09,95,8,2,26,corr_ratio_high,5.83132651e-01,5.00000000e-01,2.49999982e+07,-1.84136229e+00,-3.89259633e-01,-1.45210265e+00,1.00000862e-09
3,5.05458994e-02,1.60170290e-09,95,9,0,27,normal_corr_dominates,5.04405956e+00,1.00000000e+00,2.50000013e+07,1.29442814e+00,-3.20081375e-01,1.61450952e+00,1.00000795e-09
3,5.05458994e-02,1.60170290e-09,95,9,0,27,corr_ratio_high,6.44345207e-01,5.00000000e-01,2.50000013e+07,1.29442814e+00,-3.20081375e-01,1.61450952e+00,1.00000795e-09
3,5.05458994e-02,1.60170290e-09,95,9,1,28,normal_corr_dominates,1.36762826e+00,1.00000000e+00,2.50000001e+07,1.17670959e-01,-3.20081375e-01,4.37752334e-01,1.00000706e-09
3,5.05458994e-02,1.60170290e-09,95,9,1,28,corr_ratio_high,6.24037309e-01,5.00000000e-01,2.50000001e+07,1.17670959e-01,-3.20081375e-01,4.37752334e-01,1.00000706e-09
3,5.05458994e-02,1.60170290e-09,95,9,2,29,normal_corr_dominates,6.17893333e+00,1.00000000e+00,2.49999977e+07,-2.29784285e+00,-3.20081375e-01,-1.97776148e+00,1.00001681e-09
3,5.05458994e-02,1.60170290e-09,95,9,2,29,corr_ratio_high,7.35063547e-01,5.00000000e-01,2.49999977e+07,-2.29784285e+00,-3.20081375e-01,-1.97776148e+00,1.00001681e-09
3,5.05458994e-02,1.60170290e-09,95,10,0,30,normal_corr_dominates,1.41230220e+00,1.00000000e+00,2.50000001e+07,7.69273224e-02,-1.86579947e-01,2.63507269e-01,1.00000680e-09
3,5.05458994e-02,1.60170290e-09,95,12,0,36,normal_corr_dominates,1.31892700e+00,1.00000000e+00,2.49999992e+07,-8.07024349e-01,-3.48016280e-01,-4.59008069e-01,1.00001023e-09
3,5.05458994e-02,1.60170290e-09,95,12,1,37,normal_corr_dominates,2.09050738e+00,1.00000000e+00,2.50000004e+07,3.79514323e-01,-3.48016280e-01,7.27530604e-01,1.00000481e-09
3,5.05458994e-02,1.60170290e-09,95,12,1,37,corr_ratio_high,9.77968793e-01,5.00000000e-01,2.50000004e+07,3.79514323e-01,-3.48016280e-01,7.27530604e-01,1.00000481e-09
3,5.05458994e-02,1.60170290e-09,95,12,2,38,normal_corr_dominates,2.47837649e+00,1.00000000e+00,2.49999988e+07,-1.21053165e+00,-3.48016280e-01,-8.62515365e-01,1.00001407e-09
3,5.05458994e-02,1.60170290e-09,95,12,2,38,corr_ratio_high,5.49018084e-01,5.00000000e-01,2.49999988e+07,-1.21053165e+00,-3.48016280e-01,-8.62515365e-01,1.00001407e-09
3,5.05458994e-02,1.60170290e-09,95,14,0,42,normal_corr_dominates,1.99990136e+02,1.00000000e+00,2.49999996e+07,-4.11815797e-01,2.06952870e-03,-4.13885326e-01,1.00000950e-09
3,5.05458994e-02,1.60170290e-09,95,14,1,43,normal_corr_dominates,4.79918735e+01,1.00000000e+00,2.49999999e+07,-9.72510308e-02,2.06952870e-03,-9.93205595e-02,1.00000787e-09
3,5.05458994e-02,1.60170290e-09,95,14,2,44,normal_corr_dominates,5.82661644e+01,1.00000000e+00,2.50000001e+07,1.22653028e-01,2.06952870e-03,1.20583499e-01,1.00000779e-09
3,5.05458994e-02,1.60170290e-09,95,15,1,46,normal_corr_dominates,4.96110876e+00,1.00000000e+00,2.49999987e+07,-1.29904022e+00,-2.17919229e-01,-1.08112099e+00,1.00001039e-09
3,5.05458994e-02,1.60170290e-09,95,15,2,47,normal_corr_dominates,2.33082826e+00,1.00000000e+00,2.50000003e+07,2.90013069e-01,-2.17919229e-01,5.07932298e-01,1.00000722e-09
3,5.05458994e-02,1.60170290e-09,95,18,0,54,normal_corr_dominates,1.07751652e+00,1.00000000e+00,2.49999996e+07,-3.57665149e-01,-1.72159954e-01,-1.85505195e-01,1.00000735e-09
3,5.05458994e-02,1.60170290e-09,95,21,0,63,normal_corr_dominates,1.37027686e+00,1.00000000e+00,2.50000002e+07,2.18874047e-01,-5.91109164e-01,8.09983210e-01,1.00000646e-09
3,5.05458994e-02,1.60170290e-09,95,21,0,63,corr_ratio_high,7.65689650e-01,5.00000000e-01,2.50000002e+07,2.18874047e-01,-5.91109164e-01,8.09983210e-01,1.00000646e-09
3,5.05458994e-02,1.60170290e-09,95,22,0,66,normal_corr_dominates,2.55422579e+00,1.00000000e+00,2.50000006e+07,6.25058253e-01,-4.02166956e-01,1.02722521e+00,1.00000908e-09
3,5.05458994e-02,1.60170290e-09,95,22,2,68,normal_corr_dominates,1.20595256e+00,1.00000000e+00,2.49999991e+07,-8.87161227e-01,-4.02166956e-01,-4.84994272e-01,1.00000889e-09
3,5.05458994e-02,1.60170290e-09,95,23,0,69,normal_corr_dominates,1.07081615e+00,1.00000000e+00,2.50000000e+07,2.55981082e-02,-3.61472723e-01,3.87070831e-01,1.00000889e-09
3,5.05458994e-02,1.60170290e-09,95,23,0,69,corr_ratio_high,8.00439937e-01,5.00000000e-01,2.50000000e+07,2.55981082e-02,-3.61472723e-01,3.87070831e-01,1.00000889e-09
3,5.05458994e-02,1.60170290e-09,95,23,1,70,corr_ratio_high,5.20017849e-01,5.00000000e-01,2.49999993e+07,-6.62293393e-01,-3.61472723e-01,-3.00820670e-01,1.00001006e-09
3,5.05458994e-02,1.60170290e-09,95,24,0,72,normal_corr_dominates,1.69229739e+00,1.00000000e+00,2.50000002e+07,2.04721024e-01,-2.95712547e-01,5.00433571e-01,1.00000705e-09
3,5.05458994e-02,1.60170290e-09,95,24,0,72,corr_ratio_high,6.18815201e-01,5.00000000e-01,2.50000002e+07,2.04721024e-01,-2.95712547e-01,5.00433571e-01,1.00000705e-09
3,5.05458994e-02,1.60170290e-09,95,24,2,74,normal_corr_dominates,1.14007326e+00,1.00000000e+00,2.49999994e+07,-6.32846514e-01,-2.95712547e-01,-3.37133967e-01,1.00000854e-09
3,5.05458994e-02,1.60170290e-09,95,26,0,78,normal_corr_dominates,1.14208125e+00,1.00000000e+00,2.50000000e+07,8.64740373e-03,-6.08623846e-02,6.95097884e-02,1.00000625e-09
3,5.05458994e-02,1.60170290e-09,95,27,2,83,normal_corr_dominates,1.40289522e+00,1.00000000e+00,2.49999984e+07,-1.59251137e+00,-6.62746902e-01,-9.29764463e-01,1.00000999e-09
3,5.05458994e-02,1.60170290e-09,95,28,0,84,normal_corr_dominates,1.26913332e+00,1.00000000e+00,2.49999996e+07,-4.10126777e-01,-1.80741596e-01,-2.29385182e-01,1.00000968e-09
3,5.05458994e-02,1.60170290e-09,95,28,1,85,normal_corr_dominates,1.45589993e+00,1.00000000e+00,2.50000001e+07,8.24000806e-02,-1.80741596e-01,2.63141676e-01,1.00000802e-09
3,5.05458994e-02,1.60170290e-09,95,29,0,87,normal_corr_dominates,5.04607086e+00,1.00000000e+00,2.49999998e+07,-1.91015114e-01,-3.15932642e-02,-1.59421850e-01,1.00000917e-09
3,5.05458994e-02,1.60170290e-09,95,29,1,88,normal_corr_dominates,1.38362379e+00,1.00000000e+00,2.50000000e+07,1.21199278e-02,-3.15932642e-02,4.37131920e-02,1.00000818e-09
3,5.05458994e-02,1.60170290e-09,95,29,2,89,normal_corr_dominates,5.55785331e+00,1.00000000e+00,2.50000001e+07,1.43997464e-01,-3.15932642e-02,1.75590728e-01,1.00000772e-09
3,5.05458994e-02,1.60170290e-09,95,30,0,90,normal_corr_dominates,1.10527610e+01,1.00000000e+00,2.49999995e+07,-5.27638674e-01,-4.37774111e-02,-4.83861263e-01,1.00000765e-09
3,5.05458994e-02,1.60170290e-09,95,30,2,92,normal_corr_dominates,4.49033638e+00,1.00000000e+00,2.50000002e+07,1.52797890e-01,-4.37774111e-02,1.96575301e-01,1.00000744e-09
3,5.05458994e-02,1.60170290e-09,95,32,1,97,normal_corr_dominates,2.69632233e+00,1.00000000e+00,2.49999992e+07,-8.01074933e-01,-2.16722153e-01,-5.84352780e-01,1.00000740e-09
3,5.05458994e-02,1.60170290e-09,95,32,2,98,normal_corr_dominates,1.63446152e+00,1.00000000e+00,2.50000001e+07,1.37501867e-01,-2.16722153e-01,3.54224020e-01,1.00000775e-09
3,5.05458994e-02,1.60170290e-09,95,35,1,106,normal_corr_dominates,6.86398711e+00,1.00000000e+00,2.49999988e+07,-1.16094088e+00,-1.47627516e-01,-1.01331337e+00,1.00001034e-09
3,5.05458994e-02,1.60170290e-09,95,35,2,107,normal_corr_dominates,2.26026134e+00,1.00000000e+00,2.50000002e+07,1.86049251e-01,-1.47627516e-01,3.33676767e-01,1.00000744e-09
3,5.05458994e-02,1.60170290e-09,95,13,0,39,normal_corr_dominates,4.89399611e+01,1.00000000e+00,2.50000002e+07,2.34474045e-01,-4.89099364e-03,2.39365038e-01,1.00000863e-09
3,5.05458994e-02,1.60170290e-09,95,13,1,40,normal_corr_dominates,1.52426229e+02,1.00000000e+00,2.49999992e+07,-7.50406713e-01,-4.89099364e-03,-7.45515719e-01,1.00001101e-09
3,5.05458994e-02,1.60170290e-09,95,13,2,41,normal_corr_dominates,6.01836645e+01,1.00000000e+00,2.50000003e+07,2.89466927e-01,-4.89099364e-03,2.94357920e-01,1.00000720e-09
3,5.05458994e-02,1.60170290e-09,95,25,0,75,normal_corr_dominates,6.46104088e+00,1.00000000e+00,2.50000002e+07,2.48543122e-01,-4.55120419e-02,2.94055164e-01,1.00000927e-09
3,5.05458994e-02,1.60170290e-09,95,25,1,76,normal_corr_dominates,4.55474774e+00,1.00000000e+00,2.50000002e+07,1.61783828e-01,-4.55120419e-02,2.07295870e-01,1.00000796e-09
3,5.05458994e-02,1.60170290e-09,95,25,2,77,normal_corr_dominates,1.48749226e+01,1.00000000e+00,2.49999993e+07,-7.22500141e-01,-4.55120419e-02,-6.76988099e-01,1.00000709e-09
4,7.92731444e-02,2.51201436e-09,95,0,0,0,normal_corr_dominates,4.78585031e+00,1.00000000e+00,2.50000033e+07,3.30773441e+00,-8.73709770e-01,4.18144418e+00,1.00001151e-09
4,7.92731444e-02,2.51201436e-09,95,0,0,0,corr_ratio_high,7.27390047e-01,5.00000000e-01,2.50000033e+07,3.30773441e+00,-8.73709770e-01,4.18144418e+00,1.00001151e-09
4,7.92731444e-02,2.51201436e-09,95,0,1,1,normal_corr_dominates,2.05411014e+00,1.00000000e+00,2.49999973e+07,-2.66840587e+00,-8.73709770e-01,-1.79469610e+00,1.00002407e-09
4,7.92731444e-02,2.51201436e-09,95,0,2,2,corr_ratio_high,7.49514245e-01,5.00000000e-01,2.49999996e+07,-4.39491380e-01,-8.73709770e-01,4.34218390e-01,1.00001487e-09
4,7.92731444e-02,2.51201436e-09,95,1,0,3,normal_corr_dominates,5.79181929e+00,1.00000000e+00,2.49999983e+07,-1.74591645e+00,-2.57061676e-01,-1.48885477e+00,1.00001247e-09
4,7.92731444e-02,2.51201436e-09,95,1,1,4,normal_corr_dominates,7.99171134e+00,1.00000000e+00,2.50000018e+07,1.79730103e+00,-2.57061676e-01,2.05436271e+00,1.00002014e-09
4,7.92731444e-02,2.51201436e-09,95,1,2,5,normal_corr_dominates,8.01642325e+00,1.00000000e+00,2.49999977e+07,-2.31777687e+00,-2.57061676e-01,-2.06071519e+00,1.00001320e-09
4,7.92731444e-02,2.51201436e-09,95,1,2,5,corr_ratio_high,5.45806899e-01,5.00000000e-01,2.49999977e+07,-2.31777687e+00,-2.57061676e-01,-2.06071519e+00,1.00001320e-09
4,7.92731444e-02,2.51201436e-09,95,2,0,6,normal_corr_dominates,3.10383957e+01,1.00000000e+00,2.49999983e+07,-1.73671345e+00,-5.42072539e-02,-1.68250620e+00,1.00001466e-09
4,7.92731444e-02,2.51201436e-09,95,2,1,7,normal_corr_dominates,3.90401636e+01,1.00000000e+00,2.49999978e+07,-2.17046731e+00,-5.42072539e-02,-2.11626006e+00,1.00001550e-09
4,7.92731444e-02,2.51201436e-09,95,2,2,8,normal_corr_dominates,2.89437356e+01,1.00000000e+00,2.50000015e+07,1.51475317e+00,-5.42072539e-02,1.56896043e+00,1.00001123e-09
4,7.92731444e-02,2.51201436e-09,95,3,0,9,normal_corr_dominates,7.42551557e+00,1.00000000e+00,2.49999985e+07,-1.52403318e+00,-1.80883077e-01,-1.34315010e+00,1.00001687e-09
4,7.92731444e-02,2.51201436e-09,95,3,1,10,normal_corr_dominates,5.72736751e+00,1.00000000e+00,2.50000009e+07,8.55100781e-01,-1.80883077e-01,1.03598386e+00,1.00001040e-09
4,7.92731444e-02,2.51201436e-09,95,3,1,10,corr_ratio_high,5.95349918e-01,5.00000000e-01,2.50000009e+07,8.55100781e-01,-1.80883077e-01,1.03598386e+00,1.00001040e-09
4,7.92731444e-02,2.51201436e-09,95,3,2,11,normal_corr_dominates,2.02183953e+00,1.00000000e+00,2.50000002e+07,1.84833477e-01,-1.80883077e-01,3.65716554e-01,1.00001351e-09
4,7.92731444e-02,2.51201436e-09,95,3,2,11,corr_ratio_high,6.14125108e-01,5.00000000e-01,2.50000002e+07,1.84833477e-01,-1.80883077e-01,3.65716554e-01,1.00001351e-09
4,7.92731444e-02,2.51201436e-09,95,4,1,13,normal_corr_dominates,2.04707507e+00,1.00000000e+00,2.50000009e+07,8.69134412e-01,-8.30059314e-01,1.69919373e+00,1.00001222e-09
4,7.92731444e-02,2.51201436e-09,95,4,1,13,corr_ratio_high,5.18723053e-01,5.00000000e-01,2.50000009e+07,8.69134412e-01,-8.30059314e-01,1.69919373e+00,1.00001222e-09
4,7.92731444e-02,2.51201436e-09,95,5,0,15,normal_corr_dominates,6.75884257e+00,1.00000000e+00,2.49999984e+07,-1.61251967e+00,-2.07829925e-01,-1.40468974e+00,1.00002355e-09
4,7.92731444e-02,2.51201436e-09,95,5,1,16,normal_corr_dominates,3.70644362e+00,1.00000000e+00,2.50000006e+07,5.62479974e-01,-2.07829925e-01,7.70309899e-01,1.00001382e-09
4,7.92731444e-02,2.51201436e-09,95,5,1,16,corr_ratio_high,6.67943086e-01,5.00000000e-01,2.50000006e+07,5.62479974e-01,-2.07829925e-01,7.70309899e-01,1.00001382e-09
4,7.92731444e-02,2.51201436e-09,95,5,2,17,normal_corr_dominates,6.82974406e+00,1.00000000e+00,2.49999984e+07,-1.62725512e+00,-2.07829925e-01,-1.41942520e+00,1.00001904e-09
4,7.92731444e-02,2.51201436e-09,95,7,0,21,normal_corr_dominates,5.80834307e+00,1.00000000e+00,2.49999997e+07,-3.03764534e-01,-4.46165141e-02,-2.59148020e-01,1.00000926e-09
4,7.92731444e-02,2.51201436e-09,95,7,1,22,normal_corr_dominates,1.31100777e+01,1.00000000e+00,2.49999994e+07,-6.29542479e-01,-4.46165141e-02,-5.84925965e-01,1.00001180e-09
4,7.92731444e-02,2.51201436e-09,95,7,2,23,normal_corr_dominates,3.46216531e+00,1.00000000e+00,2.50000001e+07,1.09853233e-01,-4.46165141e-02,1.54469747e-01,1.00001233e-09
4,7.92731444e-02,2.51201436e-09,95,8,0,24,normal_corr_dominates,4.23063520e+00,1.00000000e+00,2.50000019e+07,1.94522263e+00,-6.02117699e-01,2.54734033e+00,1.00002067e-09
4,7.92731444e-02,2.51201436e-09,95,8,1,25,normal_corr_dominates,3.03291441e+00,1.00000000e+00,2.50000012e+07,1.22405374e+00,-6.02117699e-01,1.82617144e+00,1.00001367e-09
4,7.92731444e-02,2.51201436e-09,95,8,2,26,normal_corr_dominates,3.76071421e+00,1.00000000e+00,2.49999971e+07,-2.86651029e+00,-6.02117699e-01,-2.26439259e+00,1.00001340e-09
4,7.92731444e-02,2.51201436e-09,95,8,2,26,corr_ratio_high,5.83029720e-01,5.00000000e-01,2.49999971e+07,-2.86651029e+00,-6.02117699e-01,-2.26439259e+00,1.00001340e-09
4,7.92731444e-02,2.51201436e-09,95,9,0,27,normal_corr_dominates,5.07773571e+00,1.00000000e+00,2.50000020e+07,2.01657234e+00,-4.94532378e-01,2.51110472e+00,1.00001236e-09
4,7.92731444e-02,2.51201436e-09,95,9,0,27,corr_ratio_high,6.44533777e-01,5.00000000e-01,2.50000020e+07,2.01657234e+00,-4.94532378e-01,2.51110472e+00,1.00001236e-09
4,7.92731444e-02,2.51201436e-09,95,9,1,28,normal_corr_dominates,1.37085086e+00,1.00000000e+00,2.50000002e+07,1.83397756e-01,-4.94532378e-01,6.77930135e-01,1.00001098e-09
4,7.92731444e-02,2.51201436e-09,95,9,1,28,corr_ratio_high,6.23365918e-01,5.00000000e-01,2.50000002e+07,1.83397756e-01,-4.94532378e-01,6.77930135e-01,1.00001098e-09
4,7.92731444e-02,2.51201436e-09,95,9,2,29,normal_corr_dominates,6.21068821e+00,1.00000000e+00,2.49999964e+07,-3.56591879e+00,-4.94532378e-01,-3.07138641e+00,1.00002612e-09
4,7.92731444e-02,2.51201436e-09,95,9,2,29,corr_ratio_high,7.35373055e-01,5.00000000e-01,2.49999964e+07,-3.56591879e+00,-4.94532378e-01,-3.07138641e+00,1.00002612e-09
4,7.92731444e-02,2.51201436e-09,95,10,0,30,normal_corr_dominates,1.41715998e+00,1.00000000e+00,2.50000001e+07,1.20127039e-01,-2.87963960e-01,4.08090999e-01,1.00001058e-09
4,7.92731444e-02,2.51201436e-09,95,12,0,36,normal_corr_dominates,1.32618209e+00,1.00000000e+00,2.49999987e+07,-1.25084825e+00,-5.37725854e-01,-7.13122396e-01,1.00001590e-09
4,7.92731444e-02,2.51201436e-09,95,12,1,37,normal_corr_dominates,2.09494811e+00,1.00000000e+00,2.50000006e+07,5.88781909e-01,-5.37725854e-01,1.12650776e+00,1.00000750e-09
4,7.92731444e-02,2.51201436e-09,95,12,1,37,corr_ratio_high,9.77082665e-01,5.00000000e-01,2.50000006e+07,5.88781909e-01,-5.37725854e-01,1.12650776e+00,1.00000750e-09
4,7.92731444e-02,2.51201436e-09,95,12,2,38,normal_corr_dominates,2.48686966e+00,1.00000000e+00,2.49999981e+07,-1.87497997e+00,-5.37725854e-01,-1.33725411e+00,1.00002186e-09
4,7.92731444e-02,2.51201436e-09,95,12,2,38,corr_ratio_high,5.49219509e-01,5.00000000e-01,2.49999981e+07,-1.87497997e+00,-5.37725854e-01,-1.33725411e+00,1.00002186e-09
4,7.92731444e-02,2.51201436e-09,95,14,0,42,normal_corr_dominates,1.21962651e+02,1.00000000e+00,2.49999994e+07,-6.38762248e-01,5.28065681e-03,-6.44042905e-01,1.00001477e-09
4,7.92731444e-02,2.51201436e-09,95,14,1,43,normal_corr_dominates,2.92787420e+01,1.00000000e+00,2.49999999e+07,-1.49330332e-01,5.28065681e-03,-1.54610988e-01,1.00001223e-09
4,7.92731444e-02,2.51201436e-09,95,14,2,44,normal_corr_dominates,3.55722685e+01,1.00000000e+00,2.50000002e+07,1.93125599e-01,5.28065681e-03,1.87844942e-01,1.00001212e-09
4,7.92731444e-02,2.51201436e-09,95,15,1,46,normal_corr_dominates,4.98692074e+00,1.00000000e+00,2.49999980e+07,-2.01976494e+00,-3.37362899e-01,-1.68240204e+00,1.00001615e-09
4,7.92731444e-02,2.51201436e-09,95,15,2,47,normal_corr_dominates,2.34075399e+00,1.00000000e+00,2.50000005e+07,4.52320655e-01,-3.37362899e-01,7.89683554e-01,1.00001123e-09
4,7.92731444e-02,2.51201436e-09,95,18,0,54,normal_corr_dominates,1.08656185e+00,1.00000000e+00,2.49999994e+07,-5.54765517e-01,-2.65875425e-01,-2.88890092e-01,1.00001142e-09
4,7.92731444e-02,2.51201436e-09,95,21,0,63,normal_corr_dominates,1.37767258e+00,1.00000000e+00,2.50000003e+07,3.46417320e-01,-9.17242450e-01,1.26365977e+00,1.00001004e-09
4,7.92731444e-02,2.51201436e-09,95,21,0,63,corr_ratio_high,7.65904195e-01,5.00000000e-01,2.50000003e+07,3.46417320e-01,-9.17242450e-01,1.26365977e+00,1.00001004e-09
4,7.92731444e-02,2.51201436e-09,95,22,0,66,normal_corr_dominates,2.56549538e+00,1.00000000e+00,2.50000010e+07,9.74549448e-01,-6.22518252e-01,1.59706770e+00,1.00001412e-09
4,7.92731444e-02,2.51201436e-09,95,22,2,68,normal_corr_dominates,1.21495133e+00,1.00000000e+00,2.49999986e+07,-1.37884763e+00,-6.22518252e-01,-7.56329376e-01,1.00001382e-09
4,7.92731444e-02,2.51201436e-09,95,23,0,69,normal_corr_dominates,1.08949506e+00,1.00000000e+00,2.50000000e+07,4.98159311e-02,-5.56633314e-01,6.06449245e-01,1.00001380e-09
4,7.92731444e-02,2.51201436e-09,95,23,0,69,corr_ratio_high,8.01366375e-01,5.00000000e-01,2.50000000e+07,4.98159311e-02,-5.56633314e-01,6.06449245e-01,1.00001380e-09
4,7.92731444e-02,2.51201436e-09,95,23,1,70,corr_ratio_high,5.19634432e-01,5.00000000e-01,2.49999990e+07,-1.03306477e+00,-5.56633314e-01,-4.76431457e-01,1.00001566e-09
4,7.92731444e-02,2.51201436e-09,95,24,0,72,normal_corr_dominates,1.70662166e+00,1.00000000e+00,2.50000003e+07,3.23480364e-01,-4.57784385e-01,7.81264748e-01,1.00001095e-09
4,7.92731444e-02,2.51201436e-09,95,24,0,72,corr_ratio_high,6.19164655e-01,5.00000000e-01,2.50000003e+07,3.23480364e-01,-4.57784385e-01,7.81264748e-01,1.00001095e-09
4,7.92731444e-02,2.51201436e-09,95,24,2,74,normal_corr_dominates,1.14696833e+00,1.00000000e+00,2.49999990e+07,-9.82848574e-01,-4.57784385e-01,-5.25064190e-01,1.00001328e-09
4,7.92731444e-02,2.51201436e-09,95,26,0,78,normal_corr_dominates,1.15421909e+00,1.00000000e+00,2.50000000e+07,1.43404696e-02,-9.29876426e-02,1.07328112e-01,1.00000972e-09
4,7.92731444e-02,2.51201436e-09,95,27,2,83,normal_corr_dominates,1.40721064e+00,1.00000000e+00,2.49999975e+07,-2.47601714e+00,-1.02858350e+00,-1.44743364e+00,1.00001553e-09
4,7.92731444e-02,2.51201436e-09,95,28,0,84,normal_corr_dominates,1.27326858e+00,1.00000000e+00,2.49999994e+07,-6.34736101e-01,-2.79217382e-01,-3.55518719e-01,1.00001504e-09
4,7.92731444e-02,2.51201436e-09,95,28,1,85,normal_corr_dominates,1.46938132e+00,1.00000000e+00,2.50000001e+07,1.31059423e-01,-2.79217382e-01,4.10276805e-01,1.00001247e-09
4,7.92731444e-02,2.51201436e-09,95,29,0,87,normal_corr_dominates,5.27620900e+00,1.00000000e+00,2.49999997e+07,-2.95263617e-01,-4.70448988e-02,-2.48218718e-01,1.00001426e-09
4,7.92731444e-02,2.51201436e-09,95,29,1,88,normal_corr_dominates,1.44715707e+00,1.00000000e+00,2.50000000e+07,2.10364591e-02,-4.70448988e-02,6.80813579e-02,1.00001272e-09
4,7.92731444e-02,2.51201436e-09,95,29,2,89,normal_corr_dominates,5.80656886e+00,1.00000000e+00,2.50000002e+07,2.26124546e-01,-4.70448988e-02,2.73169444e-01,1.00001200e-09
4,7.92731444e-02,2.51201436e-09,95,30,0,90,normal_corr_dominates,1.14169572e+01,1.00000000e+00,2.49999992e+07,-8.19819057e-01,-6.60241509e-02,-7.53794906e-01,1.00001190e-09
4,7.92731444e-02,2.51201436e-09,95,30,2,92,normal_corr_dominates,4.63883419e+00,1.00000000e+00,2.50000002e+07,2.40250938e-01,-6.60241509e-02,3.06275088e-01,1.00001157e-09
4,7.92731444e-02,2.51201436e-09,95,32,1,97,normal_corr_dominates,2.72130463e+00,1.00000000e+00,2.49999988e+07,-1.24530961e+00,-3.34643287e-01,-9.10666327e-01,1.00001150e-09
4,7.92731444e-02,2.51201436e-09,95,32,2,98,normal_corr_dominates,1.64651574e+00,1.00000000e+00,2.50000002e+07,2.16352151e-01,-3.34643287e-01,5.50995438e-01,1.00001205e-09
4,7.92731444e-02,2.51201436e-09,95,35,1,106,normal_corr_dominates,6.92890190e+00,1.00000000e+00,2.49999982e+07,-1.80592108e+00,-2.27764336e-01,-1.57815674e+00,1.00001607e-09
4,7.92731444e-02,2.51201436e-09,95,35,2,107,normal_corr_dominates,2.28121354e+00,1.00000000e+00,2.50000003e+07,2.91814751e-01,-2.27764336e-01,5.19579087e-01,1.00001156e-09
4,7.92731444e-02,2.51201436e-09,95,13,0,39,normal_corr_dominates,6.98032768e+01,1.00000000e+00,2.50000004e+07,3.66214800e-01,-5.32263604e-03,3.71537437e-01,1.00001342e-09
4,7.92731444e-02,2.51201436e-09,95,13,1,40,normal_corr_dominates,2.17557337e+02,1.00000000e+00,2.49999988e+07,-1.16330116e+00,-5.32263604e-03,-1.15797852e+00,1.00001711e-09
4,7.92731444e-02,2.51201436e-09,95,13,2,41,normal_corr_dominates,8.63688952e+01,1.00000000e+00,2.50000005e+07,4.54387558e-01,-5.32263604e-03,4.59710194e-01,1.00001120e-09
4,7.92731444e-02,2.51201436e-09,95,25,0,75,normal_corr_dominates,6.67699809e+00,1.00000000e+00,2.50000004e+07,3.88816714e-01,-6.84898440e-02,4.57306558e-01,1.00001441e-09
4,7.92731444e-02,2.51201436e-09,95,25,1,76,normal_corr_dominates,4.73365662e+00,1.00000000e+00,2.50000003e+07,2.55717560e-01,-6.84898440e-02,3.24207404e-01,1.00001238e-09
4,7.92731444e-02,2.51201436e-09,95,25,2,77,normal_corr_dominates,1.54158044e+01,1.00000000e+00,2.49999989e+07,-1.12431588e+00,-6.84898440e-02,-1.05582604e+00,1.00001103e-09
5,1.17411612e-01,3.72054946e-09,95,0,0,0,normal_corr_dominates,4.80926476e+00,1.00000000e+00,2.50000049e+07,4.85232874e+00,-1.27382291e+00,6.12615166e+00,1.00001690e-09
5,1.17411612e-01,3.72054946e-09,95,0,0,0,corr_ratio_high,7.27096438e-01,5.00000000e-01,2.50000049e+07,4.85232874e+00,-1.27382291e+00,6.12615166e+00,1.00001690e-09
5,1.17411612e-01,3.72054946e-09,95,0,1,1,normal_corr_dominates,2.06767020e+00,1.00000000e+00,2.49999961e+07,-3.90766860e+00,-1.27382291e+00,-2.63384569e+00,1.00003527e-09
5,1.17411612e-01,3.72054946e-09,95,0,2,2,corr_ratio_high,7.49935275e-01,5.00000000e-01,2.49999994e+07,-6.25307211e-01,-1.27382291e+00,6.48515703e-01,1.00002178e-09
5,1.17411612e-01,3.72054946e-09,95,1,0,3,normal_corr_dominates,5.87166463e+00,1.00000000e+00,2.49999974e+07,-2.56113042e+00,-3.72708880e-01,-2.18842155e+00,1.00001830e-09
5,1.17411612e-01,3.72054946e-09,95,1,1,4,normal_corr_dominates,8.11717485e+00,1.00000000e+00,2.50000027e+07,2.65263426e+00,-3.72708880e-01,3.02534314e+00,1.00002951e-09
5,1.17411612e-01,3.72054946e-09,95,1,2,5,normal_corr_dominates,8.13316869e+00,1.00000000e+00,2.49999966e+07,-3.40401307e+00,-3.72708880e-01,-3.03130419e+00,1.00001936e-09
5,1.17411612e-01,3.72054946e-09,95,1,2,5,corr_ratio_high,5.46174710e-01,5.00000000e-01,2.49999966e+07,-3.40401307e+00,-3.72708880e-01,-3.03130419e+00,1.00001936e-09
5,1.17411612e-01,3.72054946e-09,95,2,0,6,normal_corr_dominates,3.21575332e+01,1.00000000e+00,2.49999975e+07,-2.54808014e+00,-7.68476992e-02,-2.47123244e+00,1.00002151e-09
5,1.17411612e-01,3.72054946e-09,95,2,1,7,normal_corr_dominates,4.04559394e+01,1.00000000e+00,2.49999968e+07,-3.18579356e+00,-7.68476992e-02,-3.10894586e+00,1.00002272e-09
5,1.17411612e-01,3.72054946e-09,95,2,2,8,normal_corr_dominates,2.99703093e+01,1.00000000e+00,2.50000022e+07,2.22630161e+00,-7.68476992e-02,2.30314931e+00,1.00001647e-09
5,1.17411612e-01,3.72054946e-09,95,3,0,9,normal_corr_dominates,7.54126919e+00,1.00000000e+00,2.49999978e+07,-2.22865559e+00,-2.60927918e-01,-1.96772767e+00,1.00002473e-09
5,1.17411612e-01,3.72054946e-09,95,3,1,10,normal_corr_dominates,5.84689657e+00,1.00000000e+00,2.50000013e+07,1.26469063e+00,-2.60927918e-01,1.52561855e+00,1.00001525e-09
5,1.17411612e-01,3.72054946e-09,95,3,1,10,corr_ratio_high,5.95187941e-01,5.00000000e-01,2.50000013e+07,1.26469063e+00,-2.60927918e-01,1.52561855e+00,1.00001525e-09
5,1.17411612e-01,3.72054946e-09,95,3,2,11,normal_corr_dominates,2.03490978e+00,1.00000000e+00,2.50000003e+07,2.70036854e-01,-2.60927918e-01,5.30964772e-01,1.00001982e-09
5,1.17411612e-01,3.72054946e-09,95,3,2,11,corr_ratio_high,6.14173517e-01,5.00000000e-01,2.50000003e+07,2.70036854e-01,-2.60927918e-01,5.30964772e-01,1.00001982e-09
5,1.17411612e-01,3.72054946e-09,95,4,1,13,normal_corr_dominates,2.05441476e+00,1.00000000e+00,2.50000013e+07,1.27508333e+00,-1.20928061e+00,2.48436394e+00,1.00001794e-09
5,1.17411612e-01,3.72054946e-09,95,4,1,13,corr_ratio_high,5.17105087e-01,5.00000000e-01,2.50000013e+07,1.27508333e+00,-1.20928061e+00,2.48436394e+00,1.00001794e-09
5,1.17411612e-01,3.72054946e-09,95,5,0,15,normal_corr_dominates,6.92353022e+00,1.00000000e+00,2.49999976e+07,-2.36146568e+00,-2.98032015e-01,-2.06343366e+00,1.00003452e-09
5,1.17411612e-01,3.72054946e-09,95,5,1,16,normal_corr_dominates,3.81577160e+00,1.00000000e+00,2.50000008e+07,8.39190083e-01,-2.98032015e-01,1.13722210e+00,1.00002027e-09
5,1.17411612e-01,3.72054946e-09,95,5,1,16,corr_ratio_high,6.68071387e-01,5.00000000e-01,2.50000008e+07,8.39190083e-01,-2.98032015e-01,1.13722210e+00,1.00002027e-09
5,1.17411612e-01,3.72054946e-09,95,5,2,17,normal_corr_dominates,6.98957096e+00,1.00000000e+00,2.49999976e+07,-2.38114793e+00,-2.98032015e-01,-2.08311592e+00,1.00002791e-09
5,1.17411612e-01,3.72054946e-09,95,7,0,21,normal_corr_dominates,6.05575896e+00,1.00000000e+00,2.49999996e+07,-4.40471107e-01,-6.24271761e-02,-3.78043931e-01,1.00001358e-09
5,1.17411612e-01,3.72054946e-09,95,7,1,22,normal_corr_dominates,1.37835011e+01,1.00000000e+00,2.49999991e+07,-9.22892223e-01,-6.24271761e-02,-8.60465047e-01,1.00001730e-09
5,1.17411612e-01,3.72054946e-09,95,7,2,23,normal_corr_dominates,3.66044795e+00,1.00000000e+00,2.50000002e+07,1.66084253e-01,-6.24271761e-02,2.28511429e-01,1.00001808e-09
5,1.17411612e-01,3.72054946e-09,95,8,0,24,normal_corr_dominates,4.27051566e+00,1.00000000e+00,2.50000029e+07,2.87125824e+00,-8.77922183e-01,3.74918043e+00,1.00003029e-09
5,1.17411612e-01,3.72054946e-09,95,8,1,25,normal_corr_dominates,3.05003190e+00,1.00000000e+00,2.50000018e+07,1.79976848e+00,-8.77922183e-01,2.67769066e+00,1.00002005e-09
5,1.17411612e-01,3.72054946e-09,95,8,2,26,normal_corr_dominates,3.79449096e+00,1.00000000e+00,2.49999958e+07,-4.20918997e+00,-8.77922183e-01,-3.33126778e+00,1.00001966e-09
5,1.17411612e-01,3.72054946e-09,95,8,2,26,corr_ratio_high,5.82889811e-01,5.00000000e-01,2.49999958e+07,-4.20918997e+00,-8.77922183e-01,-3.33126778e+00,1.00001966e-09
5,1.17411612e-01,3.72054946e-09,95,9,0,27,normal_corr_dominates,5.11568049e+00,1.00000000e+00,2.50000030e+07,2.96365801e+00,-7.20089428e-01,3.68374744e+00,1.00001813e-09
5,1.17411612e-01,3.72054946e-09,95,9,0,27,corr_ratio_high,6.44726817e-01,5.00000000e-01,2.50000030e+07,2.96365801e+00,-7.20089428e-01,3.68374744e+00,1.00001813e-09
5,1.17411612e-01,3.72054946e-09,95,9,1,28,normal_corr_dominates,1.37484695e+00,1.00000000e+00,2.50000003e+07,2.69923327e-01,-7.20089428e-01,9.90012755e-01,1.00001612e-09
5,1.17411612e-01,3.72054946e-09,95,9,1,28,corr_ratio_high,6.22605688e-01,5.00000000e-01,2.50000003e+07,2.69923327e-01,-7.20089428e-01,9.90012755e-01,1.00001612e-09
5,1.17411612e-01,3.72054946e-09,95,9,2,29,normal_corr_dominates,6.24693045e+00,1.00000000e+00,2.49999948e+07,-5.21843800e+00,-7.20089428e-01,-4.49834858e+00,1.00003827e-09
5,1.17411612e-01,3.72054946e-09,95,9,2,29,corr_ratio_high,7.35703228e-01,5.00000000e-01,2.49999948e+07,-5.21843800e+00,-7.20089428e-01,-4.49834858e+00,1.00003827e-09
5,1.17411612e-01,3.72054946e-09,95,10,0,30,normal_corr_dominates,1.42290238e+00,1.00000000e+00,2.50000002e+07,1.77118937e-01,-4.18817542e-01,5.95936479e-01,1.00001552e-09
5,1.17411612e-01,3.72054946e-09,95,12,0,36,normal_corr_dominates,1.33435840e+00,1.00000000e+00,2.49999982e+07,-1.82811058e+00,-7.83131924e-01,-1.04497866e+00,1.00002332e-09
5,1.17411612e-01,3.72054946e-09,95,12,1,37,normal_corr_dominates,2.10022582e+00,1.00000000e+00,2.50000009e+07,8.61621967e-01,-7.83131924e-01,1.64475389e+00,1.00001103e-09
5,1.17411612e-01,3.72054946e-09,95,12,1,37,corr_ratio_high,9.76090242e-01,5.00000000e-01,2.50000009e+07,8.61621967e-01,-7.83131924e-01,1.64475389e+00,1.00001103e-09
5,1.17411612e-01,3.72054946e-09,95,12,2,38,normal_corr_dominates,2.49642657e+00,1.00000000e+00,2.49999973e+07,-2.73816327e+00,-7.83131924e-01,-1.95503134e+00,1.00003202e-09
5,1.17411612e-01,3.72054946e-09,95,12,2,38,corr_ratio_high,5.49429373e-01,5.00000000e-01,2.49999973e+07,-2.73816327e+00,-7.83131924e-01,-1.95503134e+00,1.00003202e-09
5,1.17411612e-01,3.72054946e-09,95,14,0,42,normal_corr_dominates,8.53544943e+01,1.00000000e+00,2.49999991e+07,-9.34320771e-01,1.10761232e-02,-9.45396894e-01,1.00002165e-09
5,1.17411612e-01,3.72054946e-09,95,14,1,43,normal_corr_dominates,2.04982166e+01,1.00000000e+00,2.49999998e+07,-2.15964649e-01,1.10761232e-02,-2.27040773e-01,1.00001793e-09
5,1.17411612e-01,3.72054946e-09,95,14,2,44,normal_corr_dominates,2.49243549e+01,1.00000000e+00,2.50000003e+07,2.87141349e-01,1.10761232e-02,2.76065226e-01,1.00001777e-09
5,1.17411612e-01,3.72054946e-09,95,15,1,46,normal_corr_dominates,5.01512038e+00,1.00000000e+00,2.49999970e+07,-2.96177259e+00,-4.92387916e-01,-2.46938468e+00,1.00002368e-09
5,1.17411612e-01,3.72054946e-09,95,15,2,47,normal_corr_dominates,2.35151124e+00,1.00000000e+00,2.50000007e+07,6.65467805e-01,-4.92387916e-01,1.15785572e+00,1.00001647e-09
5,1.17411612e-01,3.72054946e-09,95,18,0,54,normal_corr_dominates,1.09628583e+00,1.00000000e+00,2.49999992e+07,-8.11233164e-01,-3.86985950e-01,-4.24247214e-01,1.00001675e-09
5,1.17411612e-01,3.72054946e-09,95,18,2,56,normal_corr_dominates,1.00468086e+00,1.00000000e+00,2.49999992e+07,-7.75783325e-01,-3.86985950e-01,-3.88797375e-01,1.00002001e-09
5,1.17411612e-01,3.72054946e-09,95,21,0,63,normal_corr_dominates,1.38590996e+00,1.00000000e+00,2.50000005e+07,5.17938999e-01,-1.34212393e+00,1.86006293e+00,1.00001472e-09
5,1.17411612e-01,3.72054946e-09,95,21,0,63,corr_ratio_high,7.66111324e-01,5.00000000e-01,2.50000005e+07,5.17938999e-01,-1.34212393e+00,1.86006293e+00,1.00001472e-09
5,1.17411612e-01,3.72054946e-09,95,22,0,66,normal_corr_dominates,2.57800284e+00,1.00000000e+00,2.50000014e+07,1.43346013e+00,-9.08401487e-01,2.34186161e+00,1.00002070e-09
5,1.17411612e-01,3.72054946e-09,95,22,2,68,normal_corr_dominates,1.22484125e+00,1.00000000e+00,2.49999980e+07,-2.02104910e+00,-9.08401487e-01,-1.11264761e+00,1.00002026e-09
5,1.17411612e-01,3.72054946e-09,95,23,0,69,normal_corr_dominates,1.11022492e+00,1.00000000e+00,2.50000001e+07,8.90204555e-02,-8.07625526e-01,8.96645981e-01,1.00002021e-09
5,1.17411612e-01,3.72054946e-09,95,23,0,69,corr_ratio_high,8.02368619e-01,5.00000000e-01,2.50000001e+07,8.90204555e-02,-8.07625526e-01,8.96645981e-01,1.00002021e-09
5,1.17411612e-01,3.72054946e-09,95,23,1,70,corr_ratio_high,5.19187622e-01,5.00000000e-01,2.49999985e+07,-1.52015171e+00,-8.07625526e-01,-7.12526184e-01,1.00002299e-09
5,1.17411612e-01,3.72054946e-09,95,24,0,72,normal_corr_dominates,1.72270581e+00,1.00000000e+00,2.50000005e+07,4.82833479e-01,-6.68091318e-01,1.15092480e+00,1.00001605e-09
5,1.17411612e-01,3.72054946e-09,95,24,0,72,corr_ratio_high,6.19529931e-01,5.00000000e-01,2.50000005e+07,4.82833479e-01,-6.68091318e-01,1.15092480e+00,1.00001605e-09
5,1.17411612e-01,3.72054946e-09,95,24,2,74,normal_corr_dominates,1.15457118e+00,1.00000000e+00,2.49999986e+07,-1.43945030e+00,-6.68091318e-01,-7.71358980e-01,1.00001947e-09
5,1.17411612e-01,3.72054946e-09,95,26,0,78,normal_corr_dominates,1.16784540e+00,1.00000000e+00,2.50000000e+07,2.24454082e-02,-1.33726684e-01,1.56172092e-01,1.00001426e-09
5,1.17411612e-01,3.72054946e-09,95,27,2,83,normal_corr_dominates,1.41197435e+00,1.00000000e+00,2.49999964e+07,-3.63078400e+00,-1.50531617e+00,-2.12546783e+00,1.00002277e-09
5,1.17411612e-01,3.72054946e-09,95,28,0,84,normal_corr_dominates,1.27777829e+00,1.00000000e+00,2.49999991e+07,-9.26015296e-01,-4.06543209e-01,-5.19472087e-01,1.00002205e-09
5,1.17411612e-01,3.72054946e-09,95,28,1,85,normal_corr_dominates,1.48458423e+00,1.00000000e+00,2.50000002e+07,1.97004426e-01,-4.06543209e-01,6.03547635e-01,1.00001828e-09
5,1.17411612e-01,3.72054946e-09,95,29,0,87,normal_corr_dominates,5.55649217e+00,1.00000000e+00,2.49999996e+07,-4.30255276e-01,-6.56227850e-02,-3.64632491e-01,1.00002091e-09
5,1.17411612e-01,3.72054946e-09,95,29,1,88,normal_corr_dominates,1.52409424e+00,1.00000000e+00,2.50000000e+07,3.43925238e-02,-6.56227850e-02,1.00015309e-01,1.00001865e-09
5,1.17411612e-01,3.72054946e-09,95,29,2,89,normal_corr_dominates,6.10839671e+00,1.00000000e+00,2.50000003e+07,3.35227219e-01,-6.56227850e-02,4.00850004e-01,1.00001759e-09
5,1.17411612e-01,3.72054946e-09,95,30,0,90,normal_corr_dominates,1.18466886e+01,1.00000000e+00,2.49999988e+07,-1.20123522e+00,-9.35054361e-02,-1.10772979e+00,1.00001746e-09
5,1.17411612e-01,3.72054946e-09,95,30,2,92,normal_corr_dominates,4.81392869e+00,1.00000000e+00,2.50000004e+07,3.56623065e-01,-9.35054361e-02,4.50128501e-01,1.00001697e-09
5,1.17411612e-01,3.72054946e-09,95,32,1,97,normal_corr_dominates,2.74914230e+00,1.00000000e+00,2.49999982e+07,-1.82576831e+00,-4.86982932e-01,-1.33878538e+00,1.00001687e-09
5,1.17411612e-01,3.72054946e-09,95,32,2,98,normal_corr_dominates,1.66020984e+00,1.00000000e+00,2.50000003e+07,3.21510922e-01,-4.86982932e-01,8.08493854e-01,1.00001767e-09
5,1.17411612e-01,3.72054946e-09,95,35,1,106,normal_corr_dominates,7.00118057e+00,1.00000000e+00,2.49999974e+07,-2.64962857e+00,-3.31154702e-01,-2.31847387e+00,1.00002357e-09
5,1.17411612e-01,3.72054946e-09,95,35,2,107,normal_corr_dominates,2.30455953e+00,1.00000000e+00,2.50000004e+07,4.32011022e-01,-3.31154702e-01,7.63165724e-01,1.00001696e-09
5,1.17411612e-01,3.72054946e-09,95,13,0,39,normal_corr_dominates,1.31187103e+02,1.00000000e+00,2.50000005e+07,5.39563170e-01,-4.14452089e-03,5.43707691e-01,1.00001968e-09
5,1.17411612e-01,3.72054946e-09,95,13,1,40,normal_corr_dominates,4.09296615e+02,1.00000000e+00,2.49999983e+07,-1.70048289e+00,-4.14452089e-03,-1.69633837e+00,1.00002508e-09
5,1.17411612e-01,3.72054946e-09,95,13,2,41,normal_corr_dominates,1.63459918e+02,1.00000000e+00,2.50000007e+07,6.73318525e-01,-4.14452089e-03,6.77463046e-01,1.00001642e-09
5,1.17411612e-01,3.72054946e-09,95,25,0,75,normal_corr_dominates,6.93142244e+00,1.00000000e+00,2.50000006e+07,5.73909086e-01,-9.67574123e-02,6.70666499e-01,1.00002113e-09
5,1.17411612e-01,3.72054946e-09,95,25,1,76,normal_corr_dominates,4.94571347e+00,1.00000000e+00,2.50000004e+07,3.81777025e-01,-9.67574123e-02,4.78534437e-01,1.00001814e-09
5,1.17411612e-01,3.72054946e-09,95,25,2,77,normal_corr_dominates,1.60551664e+01,1.00000000e+00,2.49999983e+07,-1.65021376e+00,-9.67574123e-02,-1.55345635e+00,1.00001618e-09
6,1.50778653e-01,4.77788721e-09,95,0,0,0,normal_corr_dominates,4.82652914e+00,1.00000000e+00,2.50000062e+07,6.18530426e+00,-1.61642680e+00,7.80173106e+00,1.00002156e-09
6,1.50778653e-01,4.77788721e-09,95,0,0,0,corr_ratio_high,7.26871834e-01,5.00000000e-01,2.50000062e+07,6.18530426e+00,-1.61642680e+00,7.80173106e+00,1.00002156e-09
6,1.50778653e-01,4.77788721e-09,95,0,1,1,normal_corr_dominates,2.07773827e+00,1.00000000e+00,2.49999950e+07,-4.97493863e+00,-1.61642680e+00,-3.35851183e+00,1.00004493e-09
6,1.50778653e-01,4.77788721e-09,95,0,2,2,corr_ratio_high,7.50229395e-01,5.00000000e-01,2.49999992e+07,-7.78862876e-01,-1.61642680e+00,8.37563927e-01,1.00002774e-09
6,1.50778653e-01,4.77788721e-09,95,1,0,3,normal_corr_dominates,5.93126174e+00,1.00000000e+00,2.49999967e+07,-3.26460222e+00,-4.70996817e-01,-2.79360540e+00,1.00002333e-09
6,1.50778653e-01,4.77788721e-09,95,1,1,4,normal_corr_dominates,8.21097347e+00,1.00000000e+00,2.50000034e+07,3.39634555e+00,-4.70996817e-01,3.86734237e+00,1.00003759e-09
6,1.50778653e-01,4.77788721e-09,95,1,2,5,normal_corr_dominates,8.22049694e+00,1.00000000e+00,2.49999957e+07,-4.34282471e+00,-4.70996817e-01,-3.87182789e+00,1.00002468e-09
6,1.50778653e-01,4.77788721e-09,95,1,2,5,corr_ratio_high,5.46429494e-01,5.00000000e-01,2.49999957e+07,-4.34282471e+00,-4.70996817e-01,-3.87182789e+00,1.00002468e-09
6,1.50778653e-01,4.77788721e-09,95,2,0,6,normal_corr_dominates,3.30258224e+01,1.00000000e+00,2.49999968e+07,-3.24834460e+00,-9.54670413e-02,-3.15287755e+00,1.00002742e-09
6,1.50778653e-01,4.77788721e-09,95,2,1,7,normal_corr_dominates,4.15556441e+01,1.00000000e+00,2.49999959e+07,-4.06266144e+00,-9.54670413e-02,-3.96719440e+00,1.00002895e-09
6,1.50778653e-01,4.77788721e-09,95,2,2,8,normal_corr_dominates,3.07674584e+01,1.00000000e+00,2.50000028e+07,2.84181118e+00,-9.54670413e-02,2.93727822e+00,1.00002099e-09
6,1.50778653e-01,4.77788721e-09,95,3,0,9,normal_corr_dominates,7.62945869e+00,1.00000000e+00,2.49999972e+07,-2.83442734e+00,-3.28459460e-01,-2.50596788e+00,1.00003150e-09
6,1.50778653e-01,4.77788721e-09,95,3,1,10,normal_corr_dominates,5.93756653e+00,1.00000000e+00,2.50000016e+07,1.62179044e+00,-3.28459460e-01,1.95024990e+00,1.00001944e-09
6,1.50778653e-01,4.77788721e-09,95,3,1,10,corr_ratio_high,5.95043501e-01,5.00000000e-01,2.50000016e+07,1.62179044e+00,-3.28459460e-01,1.95024990e+00,1.00001944e-09
6,1.50778653e-01,4.77788721e-09,95,3,2,11,normal_corr_dominates,2.04540657e+00,1.00000000e+00,2.50000003e+07,3.43373677e-01,-3.28459460e-01,6.71833137e-01,1.00002526e-09
6,1.50778653e-01,4.77788721e-09,95,3,2,11,corr_ratio_high,6.14200322e-01,5.00000000e-01,2.50000003e+07,3.43373677e-01,-3.28459460e-01,6.71833137e-01,1.00002526e-09
6,1.50778653e-01,4.77788721e-09,95,4,1,13,normal_corr_dominates,2.05980304e+00,1.00000000e+00,2.50000016e+07,1.62536986e+00,-1.53365277e+00,3.15902263e+00,1.00002288e-09
6,1.50778653e-01,4.77788721e-09,95,4,1,13,corr_ratio_high,5.15889948e-01,5.00000000e-01,2.50000016e+07,1.62536986e+00,-1.53365277e+00,3.15902263e+00,1.00002288e-09
6,1.50778653e-01,4.77788721e-09,95,5,0,15,normal_corr_dominates,7.04838892e+00,1.00000000e+00,2.49999970e+07,-3.00653425e+00,-3.73557277e-01,-2.63297697e+00,1.00004398e-09
6,1.50778653e-01,4.77788721e-09,95,5,1,16,normal_corr_dominates,3.89896476e+00,1.00000000e+00,2.50000011e+07,1.08292938e+00,-3.73557277e-01,1.45648666e+00,1.00002582e-09
6,1.50778653e-01,4.77788721e-09,95,5,1,16,corr_ratio_high,6.68141089e-01,5.00000000e-01,2.50000011e+07,1.08292938e+00,-3.73557277e-01,1.45648666e+00,1.00002582e-09
6,1.50778653e-01,4.77788721e-09,95,5,2,17,normal_corr_dominates,7.11070323e+00,1.00000000e+00,2.49999970e+07,-3.02981221e+00,-3.73557277e-01,-2.65625494e+00,1.00003555e-09
6,1.50778653e-01,4.77788721e-09,95,7,0,21,normal_corr_dominates,6.25020165e+00,1.00000000e+00,2.49999994e+07,-5.56578575e-01,-7.67673234e-02,-4.79811252e-01,1.00001731e-09
6,1.50778653e-01,4.77788721e-09,95,7,1,22,normal_corr_dominates,1.43166666e+01,1.00000000e+00,2.49999988e+07,-1.17581950e+00,-7.67673234e-02,-1.09905217e+00,1.00002205e-09
6,1.50778653e-01,4.77788721e-09,95,7,2,23,normal_corr_dominates,3.81664258e+00,1.00000000e+00,2.50000002e+07,2.16226112e-01,-7.67673234e-02,2.92993435e-01,1.00002304e-09
6,1.50778653e-01,4.77788721e-09,95,8,0,24,normal_corr_dominates,4.30027227e+00,1.00000000e+00,2.50000037e+07,3.67661365e+00,-1.11403343e+00,4.79064709e+00,1.00003858e-09
6,1.50778653e-01,4.77788721e-09,95,8,1,25,normal_corr_dominates,3.06281261e+00,1.00000000e+00,2.50000023e+07,2.29804222e+00,-1.11403343e+00,3.41207565e+00,1.00002555e-09
6,1.50778653e-01,4.77788721e-09,95,8,2,26,normal_corr_dominates,3.81972819e+00,1.00000000e+00,2.49999946e+07,-5.36933835e+00,-1.11403343e+00,-4.25530492e+00,1.00002507e-09
6,1.50778653e-01,4.77788721e-09,95,8,2,26,corr_ratio_high,5.82761279e-01,5.00000000e-01,2.49999946e+07,-5.36933835e+00,-1.11403343e+00,-4.25530492e+00,1.00002507e-09
6,1.50778653e-01,4.77788721e-09,95,9,0,27,normal_corr_dominates,5.14425924e+00,1.00000000e+00,2.50000038e+07,3.78297599e+00,-9.12823203e-01,4.69579920e+00,1.00002311e-09
6,1.50778653e-01,4.77788721e-09,95,9,0,27,corr_ratio_high,6.44862104e-01,5.00000000e-01,2.50000038e+07,3.78297599e+00,-9.12823203e-01,4.69579920e+00,1.00002311e-09
6,1.50778653e-01,4.77788721e-09,95,9,1,28,normal_corr_dominates,1.37810374e+00,1.00000000e+00,2.50000003e+07,3.45141870e-01,-9.12823203e-01,1.25796507e+00,1.00002056e-09
6,1.50778653e-01,4.77788721e-09,95,9,1,28,corr_ratio_high,6.22031996e-01,5.00000000e-01,2.50000003e+07,3.45141870e-01,-9.12823203e-01,1.25796507e+00,1.00002056e-09
6,1.50778653e-01,4.77788721e-09,95,9,2,29,normal_corr_dominates,6.27453236e+00,1.00000000e+00,2.49999934e+07,-6.64036193e+00,-9.12823203e-01,-5.72753873e+00,1.00004873e-09
6,1.50778653e-01,4.77788721e-09,95,9,2,29,corr_ratio_high,7.35942513e-01,5.00000000e-01,2.49999934e+07,-6.64036193e+00,-9.12823203e-01,-5.72753873e+00,1.00004873e-09
6,1.50778653e-01,4.77788721e-09,95,10,0,30,normal_corr_dominates,1.42738435e+00,1.00000000e+00,2.50000002e+07,2.26715763e-01,-5.30472774e-01,7.57188537e-01,1.00001978e-09
6,1.50778653e-01,4.77788721e-09,95,12,0,36,normal_corr_dominates,1.34046610e+00,1.00000000e+00,2.49999977e+07,-2.32400301e+00,-9.92965894e-01,-1.33103712e+00,1.00002971e-09
6,1.50778653e-01,4.77788721e-09,95,12,1,37,normal_corr_dominates,2.10435912e+00,1.00000000e+00,2.50000011e+07,1.09659095e+00,-9.92965894e-01,2.08955684e+00,1.00001408e-09
6,1.50778653e-01,4.77788721e-09,95,12,1,37,corr_ratio_high,9.75345307e-01,5.00000000e-01,2.50000011e+07,1.09659095e+00,-9.92965894e-01,2.08955684e+00,1.00001408e-09
6,1.50778653e-01,4.77788721e-09,95,12,2,38,normal_corr_dominates,2.50359833e+00,1.00000000e+00,2.49999965e+07,-3.47895365e+00,-9.92965894e-01,-2.48598775e+00,1.00004078e-09
6,1.50778653e-01,4.77788721e-09,95,12,2,38,corr_ratio_high,5.49579873e-01,5.00000000e-01,2.49999965e+07,-3.47895365e+00,-9.92965894e-01,-2.48598775e+00,1.00004078e-09
6,1.50778653e-01,4.77788721e-09,95,14,0,42,normal_corr_dominates,6.99731453e+01,1.00000000e+00,2.49999988e+07,-1.18855565e+00,1.72321510e-02,-1.20578781e+00,1.00002759e-09
6,1.50778653e-01,4.77788721e-09,95,14,1,43,normal_corr_dominates,1.68070496e+01,1.00000000e+00,2.49999997e+07,-2.72389466e-01,1.72321510e-02,-2.89621617e-01,1.00002285e-09
6,1.50778653e-01,4.77788721e-09,95,14,2,44,normal_corr_dominates,2.04497645e+01,1.00000000e+00,2.50000004e+07,3.69625581e-01,1.72321510e-02,3.52393430e-01,1.00002264e-09
6,1.50778653e-01,4.77788721e-09,95,15,1,46,normal_corr_dominates,5.03560226e+00,1.00000000e+00,2.49999962e+07,-3.77424579e+00,-6.25330435e-01,-3.14891535e+00,1.00003018e-09
6,1.50778653e-01,4.77788721e-09,95,15,2,47,normal_corr_dominates,2.35925810e+00,1.00000000e+00,2.50000008e+07,8.49985461e-01,-6.25330435e-01,1.47531590e+00,1.00002099e-09
6,1.50778653e-01,4.77788721e-09,95,18,0,54,normal_corr_dominates,1.10321902e+00,1.00000000e+00,2.49999990e+07,-1.03154224e+00,-4.90458781e-01,-5.41083456e-01,1.00002134e-09
6,1.50778653e-01,4.77788721e-09,95,18,2,56,normal_corr_dominates,1.01130912e+00,1.00000000e+00,2.49999990e+07,-9.86464216e-01,-4.90458781e-01,-4.96005435e-01,1.00002549e-09
6,1.50778653e-01,4.77788721e-09,95,21,0,63,normal_corr_dominates,1.39204111e+00,1.00000000e+00,2.50000007e+07,6.69445827e-01,-1.70759088e+00,2.37703671e+00,1.00001876e-09
6,1.50778653e-01,4.77788721e-09,95,21,0,63,corr_ratio_high,7.66241700e-01,5.00000000e-01,2.50000007e+07,6.69445827e-01,-1.70759088e+00,2.37703671e+00,1.00001876e-09
6,1.50778653e-01,4.77788721e-09,95,22,0,66,normal_corr_dominates,2.58727385e+00,1.00000000e+00,2.50000018e+07,1.83082478e+00,-1.15343977e+00,2.98426455e+00,1.00002637e-09
6,1.50778653e-01,4.77788721e-09,95,22,2,68,normal_corr_dominates,1.23210406e+00,1.00000000e+00,2.49999974e+07,-2.57459759e+00,-1.15343977e+00,-1.42115782e+00,1.00002582e-09
6,1.50778653e-01,4.77788721e-09,95,23,0,69,normal_corr_dominates,1.12566806e+00,1.00000000e+00,2.50000001e+07,1.28325910e-01,-1.02114981e+00,1.14947572e+00,1.00002572e-09
6,1.50778653e-01,4.77788721e-09,95,23,0,69,corr_ratio_high,8.03097325e-01,5.00000000e-01,2.50000001e+07,1.28325910e-01,-1.02114981e+00,1.14947572e+00,1.00002572e-09
6,1.50778653e-01,4.77788721e-09,95,23,1,70,corr_ratio_high,5.18842904e-01,5.00000000e-01,2.49999981e+07,-1.94208617e+00,-1.02114981e+00,-9.20936366e-01,1.00002932e-09
6,1.50778653e-01,4.77788721e-09,95,24,0,72,normal_corr_dominates,1.73473201e+00,1.00000000e+00,2.50000006e+07,6.23339192e-01,-8.48389865e-01,1.47172906e+00,1.00002045e-09
6,1.50778653e-01,4.77788721e-09,95,24,0,72,corr_ratio_high,6.19785926e-01,5.00000000e-01,2.50000006e+07,6.23339192e-01,-8.48389865e-01,1.47172906e+00,1.00002045e-09
6,1.50778653e-01,4.77788721e-09,95,24,2,74,normal_corr_dominates,1.16012608e+00,1.00000000e+00,2.49999982e+07,-1.83262907e+00,-8.48389865e-01,-9.84239204e-01,1.00002482e-09
6,1.50778653e-01,4.77788721e-09,95,26,0,78,normal_corr_dominates,1.17790286e+00,1.00000000e+00,2.50000000e+07,2.98828283e-02,-1.67972723e-01,1.97855552e-01,1.00001817e-09
6,1.50778653e-01,4.77788721e-09,95,27,2,83,normal_corr_dominates,1.41548351e+00,1.00000000e+00,2.49999954e+07,-4.62678674e+00,-1.91547022e+00,-2.71131651e+00,1.00002902e-09
6,1.50778653e-01,4.77788721e-09,95,28,0,84,normal_corr_dominates,1.28103122e+00,1.00000000e+00,2.49999988e+07,-1.17556030e+00,-5.15363531e-01,-6.60196772e-01,1.00002810e-09
6,1.50778653e-01,4.77788721e-09,95,28,1,85,normal_corr_dominates,1.49605335e+00,1.00000000e+00,2.50000003e+07,2.55647808e-01,-5.15363531e-01,7.71011340e-01,1.00002329e-09
6,1.50778653e-01,4.77788721e-09,95,29,0,87,normal_corr_dominates,5.78306816e+00,1.00000000e+00,2.49999995e+07,-5.45834061e-01,-8.04700834e-02,-4.65363978e-01,1.00002665e-09
6,1.50778653e-01,4.77788721e-09,95,29,1,88,normal_corr_dominates,1.58602288e+00,1.00000000e+00,2.50000000e+07,4.71573102e-02,-8.04700834e-02,1.27627394e-01,1.00002377e-09
6,1.50778653e-01,4.77788721e-09,95,29,2,89,normal_corr_dominates,6.35124353e+00,1.00000000e+00,2.50000004e+07,4.30615014e-01,-8.04700834e-02,5.11085097e-01,1.00002242e-09
6,1.50778653e-01,4.77788721e-09,95,30,0,90,normal_corr_dominates,1.21838570e+01,1.00000000e+00,2.49999985e+07,-1.52984673e+00,-1.16039391e-01,-1.41380734e+00,1.00002225e-09
6,1.50778653e-01,4.77788721e-09,95,30,2,92,normal_corr_dominates,4.95121936e+00,1.00000000e+00,2.50000005e+07,4.58497087e-01,-1.16039391e-01,5.74536478e-01,1.00002162e-09
6,1.50778653e-01,4.77788721e-09,95,32,1,97,normal_corr_dominates,2.76980844e+00,1.00000000e+00,2.49999977e+07,-2.32629363e+00,-6.17085368e-01,-1.70920826e+00,1.00002150e-09
6,1.50778653e-01,4.77788721e-09,95,32,2,98,normal_corr_dominates,1.67064234e+00,1.00000000e+00,2.50000004e+07,4.13843577e-01,-6.17085368e-01,1.03092895e+00,1.00002252e-09
6,1.50778653e-01,4.77788721e-09,95,35,1,106,normal_corr_dominates,7.05483893e+00,1.00000000e+00,2.49999966e+07,-3.37790874e+00,-4.19363909e-01,-2.95854483e+00,1.00003003e-09
6,1.50778653e-01,4.77788721e-09,95,35,2,107,normal_corr_dominates,2.32192322e+00,1.00000000e+00,2.50000006e+07,5.54366889e-01,-4.19363909e-01,9.73730799e-01,1.00002162e-09
6,1.50778653e-01,4.77788721e-09,95,13,0,39,normal_corr_dominates,3.66904863e+02,1.00000000e+00,2.50000007e+07,6.89827570e-01,-1.88526483e-03,6.91712834e-01,1.00002508e-09
6,1.50778653e-01,4.77788721e-09,95,13,1,40,normal_corr_dominates,1.14583112e+03,1.00000000e+00,2.49999978e+07,-2.16208037e+00,-1.88526483e-03,-2.16019511e+00,1.00003195e-09
6,1.50778653e-01,4.77788721e-09,95,13,2,41,normal_corr_dominates,4.59622370e+02,1.00000000e+00,2.50000009e+07,8.64624624e-01,-1.88526483e-03,8.66509889e-01,1.00002092e-09
6,1.50778653e-01,4.77788721e-09,95,25,0,75,normal_corr_dominates,7.13002491e+00,1.00000000e+00,2.50000007e+07,7.34751384e-01,-1.19861076e-01,8.54612460e-01,1.00002692e-09
6,1.50778653e-01,4.77788721e-09,95,25,1,76,normal_corr_dominates,5.11244991e+00,1.00000000e+00,2.50000005e+07,4.92922672e-01,-1.19861076e-01,6.12783749e-01,1.00002312e-09
6,1.50778653e-01,4.77788721e-09,95,25,2,77,normal_corr_dominates,1.65564048e+01,1.00000000e+00,2.49999979e+07,-2.10432957e+00,-1.19861076e-01,-1.98446849e+00,1.00002063e-09
7,1.79553469e-01,5.68970609e-09,95,0,0,0,normal_corr_dominates,4.83959425e+00,1.00000000e+00,2.50000073e+07,7.32287748e+00,-1.90720086e+00,9.23007834e+00,1.00002554e-09
7,1.79553469e-01,5.68970609e-09,95,0,0,0,corr_ratio_high,7.26697582e-01,5.00000000e-01,2.50000073e+07,7.32287748e+00,-1.90720086e+00,9.23007834e+00,1.00002554e-09
7,1.79553469e-01,5.68970609e-09,95,0,1,1,normal_corr_dominates,2.08540502e+00,1.00000000e+00,2.49999941e+07,-5.88448711e+00,-1.90720086e+00,-3.97728625e+00,1.00005316e-09
7,1.79553469e-01,5.68970609e-09,95,0,2,2,corr_ratio_high,7.50442550e-01,5.00000000e-01,2.49999991e+07,-9.05752387e-01,-1.90720086e+00,1.00144848e+00,1.00003282e-09
7,1.79553469e-01,5.68970609e-09,95,1,0,3,normal_corr_dominates,5.97673174e+00,1.00000000e+00,2.49999961e+07,-3.86491053e+00,-5.53971498e-01,-3.31093903e+00,1.00002763e-09
7,1.79553469e-01,5.68970609e-09,95,1,1,4,normal_corr_dominates,8.28270377e+00,1.00000000e+00,2.50000040e+07,4.03441031e+00,-5.53971498e-01,4.58838181e+00,1.00004447e-09
7,1.79553469e-01,5.68970609e-09,95,1,2,5,normal_corr_dominates,8.28732629e+00,1.00000000e+00,2.49999949e+07,-5.14491406e+00,-5.53971498e-01,-4.59094256e+00,1.00002921e-09
7,1.79553469e-01,5.68970609e-09,95,1,2,5,corr_ratio_high,5.46611882e-01,5.00000000e-01,2.49999949e+07,-5.14491406e+00,-5.53971498e-01,-4.59094256e+00,1.00002921e-09
7,1.79553469e-01,5.68970609e-09,95,2,0,6,normal_corr_dominates,3.37066939e+01,1.00000000e+00,2.49999962e+07,-3.84597966e+00,-1.10813772e-01,-3.73516589e+00,1.00003246e-09
7,1.79553469e-01,5.68970609e-09,95,2,1,7,normal_corr_dominates,4.24191439e+01,1.00000000e+00,2.49999952e+07,-4.81143910e+00,-1.10813772e-01,-4.70062533e+00,1.00003426e-09
7,1.79553469e-01,5.68970609e-09,95,2,2,8,normal_corr_dominates,3.13930699e+01,1.00000000e+00,2.50000034e+07,3.36797072e+00,-1.10813772e-01,3.47878449e+00,1.00002485e-09
7,1.79553469e-01,5.68970609e-09,95,3,0,9,normal_corr_dominates,7.69775508e+00,1.00000000e+00,2.49999966e+07,-3.35004325e+00,-3.85161828e-01,-2.96488142e+00,1.00003728e-09
7,1.79553469e-01,5.68970609e-09,95,3,1,10,normal_corr_dominates,6.00766237e+00,1.00000000e+00,2.50000019e+07,1.92876039e+00,-3.85161828e-01,2.31392222e+00,1.00002301e-09
7,1.79553469e-01,5.68970609e-09,95,3,1,10,corr_ratio_high,5.94917481e-01,5.00000000e-01,2.50000019e+07,1.92876039e+00,-3.85161828e-01,2.31392222e+00,1.00002301e-09
7,1.79553469e-01,5.68970609e-09,95,3,2,11,normal_corr_dominates,2.05381115e+00,1.00000000e+00,2.50000004e+07,4.05887827e-01,-3.85161828e-01,7.91049656e-01,1.00002991e-09
7,1.79553469e-01,5.68970609e-09,95,3,2,11,corr_ratio_high,6.14216471e-01,5.00000000e-01,2.50000004e+07,4.05887827e-01,-3.85161828e-01,7.91049656e-01,1.00002991e-09
7,1.79553469e-01,5.68970609e-09,95,4,1,13,normal_corr_dominates,2.06385729e+00,1.00000000e+00,2.50000019e+07,1.92424060e+00,-1.80873941e+00,3.73298000e+00,1.00002710e-09
7,1.79553469e-01,5.68970609e-09,95,4,1,13,corr_ratio_high,5.14954014e-01,5.00000000e-01,2.50000019e+07,1.92424060e+00,-1.80873941e+00,3.73298000e+00,1.00002710e-09
7,1.79553469e-01,5.68970609e-09,95,5,0,15,normal_corr_dominates,7.14477497e+00,1.00000000e+00,2.49999964e+07,-3.55634807e+00,-4.36641661e-01,-3.11970641e+00,1.00005204e-09
7,1.79553469e-01,5.68970609e-09,95,5,1,16,normal_corr_dominates,3.96341614e+00,1.00000000e+00,2.50000013e+07,1.29395095e+00,-4.36641661e-01,1.73059261e+00,1.00003056e-09
7,1.79553469e-01,5.68970609e-09,95,5,1,16,corr_ratio_high,6.68178039e-01,5.00000000e-01,2.50000013e+07,1.29395095e+00,-4.36641661e-01,1.73059261e+00,1.00003056e-09
7,1.79553469e-01,5.68970609e-09,95,5,2,17,normal_corr_dominates,7.20419053e+00,1.00000000e+00,2.49999964e+07,-3.58229138e+00,-4.36641661e-01,-3.14564972e+00,1.00004207e-09
7,1.79553469e-01,5.68970609e-09,95,7,0,21,normal_corr_dominates,6.40447519e+00,1.00000000e+00,2.49999993e+07,-6.54501058e-01,-8.83926330e-02,-5.66108425e-01,1.00002050e-09
7,1.79553469e-01,5.68970609e-09,95,7,1,22,normal_corr_dominates,1.47427068e+01,1.00000000e+00,2.49999986e+07,-1.39153931e+00,-8.83926330e-02,-1.30314667e+00,1.00002610e-09
7,1.79553469e-01,5.68970609e-09,95,7,2,23,normal_corr_dominates,3.94099695e+00,1.00000000e+00,2.50000003e+07,2.59962464e-01,-8.83926330e-02,3.48355097e-01,1.00002727e-09
7,1.79553469e-01,5.68970609e-09,95,8,0,24,normal_corr_dominates,4.32303447e+00,1.00000000e+00,2.50000044e+07,4.36770017e+00,-1.31437101e+00,5.68207118e+00,1.00004565e-09
7,1.79553469e-01,5.68970609e-09,95,8,1,25,normal_corr_dominates,3.07257477e+00,1.00000000e+00,2.50000027e+07,2.72413218e+00,-1.31437101e+00,4.03850319e+00,1.00003024e-09
7,1.79553469e-01,5.68970609e-09,95,8,2,26,normal_corr_dominates,3.83905434e+00,1.00000000e+00,2.49999936e+07,-6.36031272e+00,-1.31437101e+00,-5.04594171e+00,1.00002968e-09
7,1.79553469e-01,5.68970609e-09,95,8,2,26,corr_ratio_high,5.82646290e-01,5.00000000e-01,2.49999936e+07,-6.36031272e+00,-1.31437101e+00,-5.04594171e+00,1.00002968e-09
7,1.79553469e-01,5.68970609e-09,95,9,0,27,normal_corr_dominates,5.16624868e+00,1.00000000e+00,2.50000045e+07,4.48344142e+00,-1.07613389e+00,5.55957532e+00,1.00002736e-09
7,1.79553469e-01,5.68970609e-09,95,9,0,27,corr_ratio_high,6.44961540e-01,5.00000000e-01,2.50000045e+07,4.48344142e+00,-1.07613389e+00,5.55957532e+00,1.00002736e-09
7,1.79553469e-01,5.68970609e-09,95,9,1,28,normal_corr_dominates,1.38074762e+00,1.00000000e+00,2.50000004e+07,4.09735424e-01,-1.07613389e+00,1.48586932e+00,1.00002435e-09
7,1.79553469e-01,5.68970609e-09,95,9,1,28,corr_ratio_high,6.21589780e-01,5.00000000e-01,2.50000004e+07,4.09735424e-01,-1.07613389e+00,1.48586932e+00,1.00002435e-09
7,1.79553469e-01,5.68970609e-09,95,9,2,29,normal_corr_dominates,6.29593679e+00,1.00000000e+00,2.49999921e+07,-7.85140488e+00,-1.07613389e+00,-6.77527098e+00,1.00005765e-09
7,1.79553469e-01,5.68970609e-09,95,9,2,29,corr_ratio_high,7.36122695e-01,5.00000000e-01,2.49999921e+07,-7.85140488e+00,-1.07613389e+00,-6.77527098e+00,1.00005765e-09
7,1.79553469e-01,5.68970609e-09,95,10,0,30,normal_corr_dominates,1.43090649e+00,1.00000000e+00,2.50000003e+07,2.69315445e-01,-6.24997416e-01,8.94312861e-01,1.00002342e-09
7,1.79553469e-01,5.68970609e-09,95,12,0,36,normal_corr_dominates,1.34511308e+00,1.00000000e+00,2.49999973e+07,-2.74584522e+00,-1.17087967e+00,-1.57496555e+00,1.00003517e-09
7,1.79553469e-01,5.68970609e-09,95,12,1,37,normal_corr_dominates,2.10761366e+00,1.00000000e+00,2.50000013e+07,1.29688231e+00,-1.17087967e+00,2.46776198e+00,1.00001669e-09
7,1.79553469e-01,5.68970609e-09,95,12,1,37,corr_ratio_high,9.74772063e-01,5.00000000e-01,2.50000013e+07,1.29688231e+00,-1.17087967e+00,2.46776198e+00,1.00001669e-09
7,1.79553469e-01,5.68970609e-09,95,12,2,38,normal_corr_dominates,2.50909052e+00,1.00000000e+00,2.49999959e+07,-4.10872274e+00,-1.17087967e+00,-2.93784308e+00,1.00004825e-09
7,1.79553469e-01,5.68970609e-09,95,12,2,38,corr_ratio_high,5.49693013e-01,5.00000000e-01,2.49999959e+07,-4.10872274e+00,-1.17087967e+00,-2.93784308e+00,1.00004825e-09
7,1.79553469e-01,5.68970609e-09,95,14,0,42,normal_corr_dominates,6.16312991e+01,1.00000000e+00,2.49999986e+07,-1.40507880e+00,2.31741497e-02,-1.42825295e+00,1.00003266e-09
7,1.79553469e-01,5.68970609e-09,95,14,1,43,normal_corr_dominates,1.48036403e+01,1.00000000e+00,2.49999997e+07,-3.19887626e-01,2.31741497e-02,-3.43061776e-01,1.00002705e-09
7,1.79553469e-01,5.68970609e-09,95,14,2,44,normal_corr_dominates,1.80225083e+01,1.00000000e+00,2.50000004e+07,4.40830456e-01,2.31741497e-02,4.17656306e-01,1.00002680e-09
7,1.79553469e-01,5.68970609e-09,95,15,1,46,normal_corr_dominates,5.05086349e+00,1.00000000e+00,2.49999955e+07,-4.46731731e+00,-7.38294182e-01,-3.72902313e+00,1.00003573e-09
7,1.79553469e-01,5.68970609e-09,95,15,2,47,normal_corr_dominates,2.36498895e+00,1.00000000e+00,2.50000010e+07,1.00776340e+00,-7.38294182e-01,1.74605758e+00,1.00002485e-09
7,1.79553469e-01,5.68970609e-09,95,18,0,54,normal_corr_dominates,1.10830435e+00,1.00000000e+00,2.49999988e+07,-1.21890994e+00,-5.78147053e-01,-6.40762892e-01,1.00002526e-09
7,1.79553469e-01,5.68970609e-09,95,18,2,56,normal_corr_dominates,1.01644328e+00,1.00000000e+00,2.49999988e+07,-1.16580074e+00,-5.78147053e-01,-5.87653687e-01,1.00003017e-09
7,1.79553469e-01,5.68970609e-09,95,21,0,63,normal_corr_dominates,1.39671758e+00,1.00000000e+00,2.50000008e+07,8.00879421e-01,-2.01876463e+00,2.81964406e+00,1.00002220e-09
7,1.79553469e-01,5.68970609e-09,95,21,0,63,corr_ratio_high,7.66326676e-01,5.00000000e-01,2.50000008e+07,8.00879421e-01,-2.01876463e+00,2.81964406e+00,1.00002220e-09
7,1.79553469e-01,5.68970609e-09,95,22,0,66,normal_corr_dominates,2.59431394e+00,1.00000000e+00,2.50000022e+07,2.17073809e+00,-1.36154996e+00,3.53228805e+00,1.00003121e-09
7,1.79553469e-01,5.68970609e-09,95,22,2,68,normal_corr_dominates,1.23758405e+00,1.00000000e+00,2.49999970e+07,-3.04658248e+00,-1.36154996e+00,-1.68503252e+00,1.00003056e-09
7,1.79553469e-01,5.68970609e-09,95,23,0,69,normal_corr_dominates,1.13748390e+00,1.00000000e+00,2.50000002e+07,1.65190037e-01,-1.20152277e+00,1.36671281e+00,1.00003042e-09
7,1.79553469e-01,5.68970609e-09,95,23,0,69,corr_ratio_high,8.03644399e-01,5.00000000e-01,2.50000002e+07,1.65190037e-01,-1.20152277e+00,1.36671281e+00,1.00003042e-09
7,1.79553469e-01,5.68970609e-09,95,23,1,70,corr_ratio_high,5.18573352e-01,5.00000000e-01,2.49999977e+07,-2.30315149e+00,-1.20152277e+00,-1.10162871e+00,1.00003473e-09
7,1.79553469e-01,5.68970609e-09,95,24,0,72,normal_corr_dominates,1.74391969e+00,1.00000000e+00,2.50000007e+07,7.45073793e-01,-1.00155139e+00,1.74662518e+00,1.00002420e-09
7,1.79553469e-01,5.68970609e-09,95,24,0,72,corr_ratio_high,6.19972270e-01,5.00000000e-01,2.50000007e+07,7.45073793e-01,-1.00155139e+00,1.74662518e+00,1.00002420e-09
7,1.79553469e-01,5.68970609e-09,95,24,2,74,normal_corr_dominates,1.16427828e+00,1.00000000e+00,2.49999978e+07,-2.16763591e+00,-1.00155139e+00,-1.16608452e+00,1.00002938e-09
7,1.79553469e-01,5.68970609e-09,95,26,0,78,normal_corr_dominates,1.18544663e+00,1.00000000e+00,2.50000000e+07,3.64702272e-02,-1.96661582e-01,2.33131809e-01,1.00002151e-09
7,1.79553469e-01,5.68970609e-09,95,27,2,83,normal_corr_dominates,1.41813573e+00,1.00000000e+00,2.49999945e+07,-5.47645329e+00,-2.26474190e+00,-3.21171139e+00,1.00003434e-09
7,1.79553469e-01,5.68970609e-09,95,28,0,84,normal_corr_dominates,1.28343698e+00,1.00000000e+00,2.49999986e+07,-1.38741574e+00,-6.07599750e-01,-7.79815987e-01,1.00003326e-09
7,1.79553469e-01,5.68970609e-09,95,28,1,85,normal_corr_dominates,1.50489380e+00,1.00000000e+00,2.50000003e+07,3.06773349e-01,-6.07599750e-01,9.14373099e-01,1.00002757e-09
7,1.79553469e-01,5.68970609e-09,95,29,0,87,normal_corr_dominates,5.96693316e+00,1.00000000e+00,2.49999994e+07,-6.43962518e-01,-9.24312755e-02,-5.51531242e-01,1.00003154e-09
7,1.79553469e-01,5.68970609e-09,95,29,1,88,normal_corr_dominates,1.63614785e+00,1.00000000e+00,2.50000001e+07,5.87999574e-02,-9.24312755e-02,1.51231233e-01,1.00002813e-09
7,1.79553469e-01,5.68970609e-09,95,29,2,89,normal_corr_dominates,6.54747186e+00,1.00000000e+00,2.50000005e+07,5.12759899e-01,-9.24312755e-02,6.05191175e-01,1.00002654e-09
7,1.79553469e-01,5.68970609e-09,95,30,0,90,normal_corr_dominates,1.24513293e+01,1.00000000e+00,2.49999982e+07,-1.80994684e+00,-1.34555240e-01,-1.67539160e+00,1.00002633e-09
7,1.79553469e-01,5.68970609e-09,95,30,2,92,normal_corr_dominates,5.06008134e+00,1.00000000e+00,2.50000005e+07,5.46305218e-01,-1.34555240e-01,6.80860458e-01,1.00002559e-09
7,1.79553469e-01,5.68970609e-09,95,32,1,97,normal_corr_dominates,2.78550818e+00,1.00000000e+00,2.49999972e+07,-2.75320026e+00,-7.27300042e-01,-2.02590022e+00,1.00002546e-09
7,1.79553469e-01,5.68970609e-09,95,32,2,98,normal_corr_dominates,1.67875673e+00,1.00000000e+00,2.50000005e+07,4.93659797e-01,-7.27300042e-01,1.22095984e+00,1.00002666e-09
7,1.79553469e-01,5.68970609e-09,95,35,1,106,normal_corr_dominates,7.09561681e+00,1.00000000e+00,2.49999960e+07,-3.99958275e+00,-4.94042992e-01,-3.50553976e+00,1.00003554e-09
7,1.79553469e-01,5.68970609e-09,95,35,2,107,normal_corr_dominates,2.33514620e+00,1.00000000e+00,2.50000007e+07,6.59619626e-01,-4.94042992e-01,1.15366262e+00,1.00002559e-09
7,1.79553469e-01,5.68970609e-09,95,13,0,39,normal_corr_dominates,1.05781023e+03,1.00000000e+00,2.50000008e+07,8.18404006e-01,7.72946828e-04,8.17631059e-01,1.00002968e-09
7,1.79553469e-01,5.68970609e-09,95,13,1,40,normal_corr_dominates,3.30634445e+03,1.00000000e+00,2.49999974e+07,-2.55485551e+00,7.72946828e-04,-2.55562846e+00,1.00003781e-09
7,1.79553469e-01,5.68970609e-09,95,13,2,41,normal_corr_dominates,1.33069120e+03,1.00000000e+00,2.50000010e+07,1.02932649e+00,7.72946828e-04,1.02855354e+00,1.00002476e-09
7,1.79553469e-01,5.68970609e-09,95,25,0,75,normal_corr_dominates,7.28658417e+00,1.00000000e+00,2.50000009e+07,8.72632266e-01,-1.38808651e-01,1.01144092e+00,1.00003186e-09
7,1.79553469e-01,5.68970609e-09,95,25,1,76,normal_corr_dominates,5.24475386e+00,1.00000000e+00,2.50000006e+07,5.89208555e-01,-1.38808651e-01,7.28017206e-01,1.00002736e-09
7,1.79553469e-01,5.68970609e-09,95,25,2,77,normal_corr_dominates,1.69531093e+01,1.00000000e+00,2.49999975e+07,-2.49204688e+00,-1.38808651e-01,-2.35323823e+00,1.00002442e-09
8,2.09311790e-01,6.63269037e-09,95,0,0,0,normal_corr_dominates,4.85168521e+00,1.00000000e+00,2.50000085e+07,8.48891449e+00,-2.20394815e+00,1.06928626e+01,1.00002962e-09
8,2.09311790e-01,6.63269037e-09,95,0,0,0,corr_ratio_high,7.26532961e-01,5.00000000e-01,2.50000085e+07,8.48891449e+00,-2.20394815e+00,1.06928626e+01,1.00002962e-09
8,2.09311790e-01,6.63269037e-09,95,0,1,1,normal_corr_dominates,2.09254230e+00,1.00000000e+00,2.49999932e+07,-6.81580286e+00,-2.20394815e+00,-4.61185472e+00,1.00006159e-09
8,2.09311790e-01,6.63269037e-09,95,0,2,2,corr_ratio_high,7.50632482e-01,5.00000000e-01,2.49999990e+07,-1.03237097e+00,-2.20394815e+00,1.17157718e+00,1.00003802e-09
8,2.09311790e-01,6.63269037e-09,95,1,0,3,normal_corr_dominates,6.01906635e+00,1.00000000e+00,2.49999955e+07,-4.48020295e+00,-6.38290441e-01,-3.84191251e+00,1.00003204e-09
8,2.09311790e-01,6.63269037e-09,95,1,1,4,normal_corr_dominates,8.34966709e+00,1.00000000e+00,2.50000047e+07,4.69122224e+00,-6.38290441e-01,5.32951269e+00,1.00005152e-09
8,2.09311790e-01,6.63269037e-09,95,1,2,5,normal_corr_dominates,8.34976261e+00,1.00000000e+00,2.49999940e+07,-5.96786410e+00,-6.38290441e-01,-5.32957366e+00,1.00003386e-09
8,2.09311790e-01,6.63269037e-09,95,1,2,5,corr_ratio_high,5.46772065e-01,5.00000000e-01,2.49999940e+07,-5.96786410e+00,-6.38290441e-01,-5.32957366e+00,1.00003386e-09
8,2.09311790e-01,6.63269037e-09,95,2,0,6,normal_corr_dominates,3.43546147e+01,1.00000000e+00,2.49999955e+07,-4.45858379e+00,-1.26110377e-01,-4.33247342e+00,1.00003763e-09
8,2.09311790e-01,6.63269037e-09,95,2,1,7,normal_corr_dominates,4.32420372e+01,1.00000000e+00,2.49999944e+07,-5.57938000e+00,-1.26110377e-01,-5.45326962e+00,1.00003971e-09
8,2.09311790e-01,6.63269037e-09,95,2,2,8,normal_corr_dominates,3.19888969e+01,1.00000000e+00,2.50000039e+07,3.90802147e+00,-1.26110377e-01,4.03413185e+00,1.00002880e-09
8,2.09311790e-01,6.63269037e-09,95,3,0,9,normal_corr_dominates,7.76213253e+00,1.00000000e+00,2.49999961e+07,-3.87747868e+00,-4.42526824e-01,-3.43495186e+00,1.00004320e-09
8,2.09311790e-01,6.63269037e-09,95,3,1,10,normal_corr_dominates,6.07370886e+00,1.00000000e+00,2.50000022e+07,2.24525227e+00,-4.42526824e-01,2.68777909e+00,1.00002667e-09
8,2.09311790e-01,6.63269037e-09,95,3,1,10,corr_ratio_high,5.94786441e-01,5.00000000e-01,2.50000022e+07,2.24525227e+00,-4.42526824e-01,2.68777909e+00,1.00002667e-09
8,2.09311790e-01,6.63269037e-09,95,3,2,11,normal_corr_dominates,2.06192636e+00,1.00000000e+00,2.50000005e+07,4.69930899e-01,-4.42526824e-01,9.12457723e-01,1.00003468e-09
8,2.09311790e-01,6.63269037e-09,95,3,2,11,corr_ratio_high,6.14228611e-01,5.00000000e-01,2.50000005e+07,4.69930899e-01,-4.42526824e-01,9.12457723e-01,1.00003468e-09
8,2.09311790e-01,6.63269037e-09,95,4,1,13,normal_corr_dominates,2.06758587e+00,1.00000000e+00,2.50000022e+07,2.23050437e+00,-2.08929738e+00,4.31980175e+00,1.00003143e-09
8,2.09311790e-01,6.63269037e-09,95,4,1,13,corr_ratio_high,5.14072558e-01,5.00000000e-01,2.50000022e+07,2.23050437e+00,-2.08929738e+00,4.31980175e+00,1.00003143e-09
8,2.09311790e-01,6.63269037e-09,95,5,0,15,normal_corr_dominates,7.23541462e+00,1.00000000e+00,2.49999959e+07,-4.11940871e+00,-5.00206595e-01,-3.61920211e+00,1.00006030e-09
8,2.09311790e-01,6.63269037e-09,95,5,1,16,normal_corr_dominates,4.02423669e+00,1.00000000e+00,2.50000015e+07,1.51274314e+00,-5.00206595e-01,2.01294973e+00,1.00003542e-09
8,2.09311790e-01,6.63269037e-09,95,5,1,16,corr_ratio_high,6.68199089e-01,5.00000000e-01,2.50000015e+07,1.51274314e+00,-5.00206595e-01,2.01294973e+00,1.00003542e-09
8,2.09311790e-01,6.63269037e-09,95,5,2,17,normal_corr_dominates,7.29208326e+00,1.00000000e+00,2.49999959e+07,-4.14775474e+00,-5.00206595e-01,-3.64754814e+00,1.00004874e-09
8,2.09311790e-01,6.63269037e-09,95,7,0,21,normal_corr_dominates,6.55297429e+00,1.00000000e+00,2.49999992e+07,-7.53893556e-01,-9.98141297e-02,-6.54079426e-01,1.00002376e-09
8,2.09311790e-01,6.63269037e-09,95,7,1,22,normal_corr_dominates,1.51556440e+01,1.00000000e+00,2.49999984e+07,-1.61256155e+00,-9.98141297e-02,-1.51274742e+00,1.00003025e-09
8,2.09311790e-01,6.63269037e-09,95,7,2,23,normal_corr_dominates,4.06116706e+00,1.00000000e+00,2.50000003e+07,3.05547726e-01,-9.98141297e-02,4.05361856e-01,1.00003161e-09
8,2.09311790e-01,6.63269037e-09,95,8,0,24,normal_corr_dominates,4.34431536e+00,1.00000000e+00,2.50000051e+07,5.07922758e+00,-1.51876454e+00,6.59799212e+00,1.00005289e-09
8,2.09311790e-01,6.63269037e-09,95,8,1,25,normal_corr_dominates,3.08167879e+00,1.00000000e+00,2.50000032e+07,3.16157993e+00,-1.51876454e+00,4.68034447e+00,1.00003505e-09
8,2.09311790e-01,6.63269037e-09,95,8,2,26,normal_corr_dominates,3.85714030e+00,1.00000000e+00,2.49999926e+07,-7.37685245e+00,-1.51876454e+00,-5.85808791e+00,1.00003441e-09
8,2.09311790e-01,6.63269037e-09,95,8,2,26,corr_ratio_high,5.82524304e-01,5.00000000e-01,2.49999926e+07,-7.37685245e+00,-1.51876454e+00,-5.85808791e+00,1.00003441e-09
8,2.09311790e-01,6.63269037e-09,95,9,0,27,normal_corr_dominates,5.18689096e+00,1.00000000e+00,2.50000052e+07,5.20249813e+00,-1.24256833e+00,6.44506647e+00,1.00003172e-09
8,2.09311790e-01,6.63269037e-09,95,9,0,27,corr_ratio_high,6.45051754e-01,5.00000000e-01,2.50000052e+07,5.20249813e+00,-1.24256833e+00,6.44506647e+00,1.00003172e-09
8,2.09311790e-01,6.63269037e-09,95,9,1,28,normal_corr_dominates,1.38333475e+00,1.00000000e+00,2.50000005e+07,4.76319616e-01,-1.24256833e+00,1.71888795e+00,1.00002824e-09
8,2.09311790e-01,6.63269037e-09,95,9,1,28,corr_ratio_high,6.21173636e-01,5.00000000e-01,2.50000005e+07,4.76319616e-01,-1.24256833e+00,1.71888795e+00,1.00002824e-09
8,2.09311790e-01,6.63269037e-09,95,9,2,29,normal_corr_dominates,6.31615420e+00,1.00000000e+00,2.49999909e+07,-9.09082154e+00,-1.24256833e+00,-7.84825321e+00,1.00006678e-09
8,2.09311790e-01,6.63269037e-09,95,9,2,29,corr_ratio_high,7.36289565e-01,5.00000000e-01,2.49999909e+07,-9.09082154e+00,-1.24256833e+00,-7.84825321e+00,1.00006678e-09
8,2.09311790e-01,6.63269037e-09,95,10,0,30,normal_corr_dominates,1.43425904e+00,1.00000000e+00,2.50000003e+07,3.13217094e-01,-7.21267868e-01,1.03448496e+00,1.00002715e-09
8,2.09311790e-01,6.63269037e-09,95,12,0,36,normal_corr_dominates,1.34942100e+00,1.00000000e+00,2.49999968e+07,-3.17714390e+00,-1.35230931e+00,-1.82483458e+00,1.00004076e-09
8,2.09311790e-01,6.63269037e-09,95,12,1,37,normal_corr_dominates,2.11071671e+00,1.00000000e+00,2.50000015e+07,1.50203255e+00,-1.35230931e+00,2.85434186e+00,1.00001937e-09
8,2.09311790e-01,6.63269037e-09,95,12,1,37,corr_ratio_high,9.74232743e-01,5.00000000e-01,2.50000015e+07,1.50203255e+00,-1.35230931e+00,2.85434186e+00,1.00001937e-09
8,2.09311790e-01,6.63269037e-09,95,12,2,38,normal_corr_dominates,2.51421885e+00,1.00000000e+00,2.49999952e+07,-4.75231087e+00,-1.35230931e+00,-3.40000156e+00,1.00005589e-09
8,2.09311790e-01,6.63269037e-09,95,12,2,38,corr_ratio_high,5.49798008e-01,5.00000000e-01,2.49999952e+07,-4.75231087e+00,-1.35230931e+00,-3.40000156e+00,1.00005589e-09
8,2.09311790e-01,6.63269037e-09,95,14,0,42,normal_corr_dominates,5.55499969e+01,1.00000000e+00,2.49999984e+07,-1.62670242e+00,2.98203943e-02,-1.65652281e+00,1.00003785e-09
8,2.09311790e-01,6.63269037e-09,95,14,1,43,normal_corr_dominates,1.33417200e+01,1.00000000e+00,2.49999996e+07,-3.68034959e-01,2.98203943e-02,-3.97855353e-01,1.00003135e-09
8,2.09311790e-01,6.63269037e-09,95,14,2,44,normal_corr_dominates,1.62525662e+01,1.00000000e+00,2.50000005e+07,5.14478329e-01,2.98203943e-02,4.84657934e-01,1.00003107e-09
8,2.09311790e-01,6.63269037e-09,95,15,1,46,normal_corr_dominates,5.06476462e+00,1.00000000e+00,2.49999948e+07,-5.17747978e+00,-8.53698388e-01,-4.32378139e+00,1.00004141e-09
8,2.09311790e-01,6.63269037e-09,95,15,2,47,normal_corr_dominates,2.37017415e+00,1.00000000e+00,2.50000012e+07,1.16971547e+00,-8.53698388e-01,2.02341385e+00,1.00002880e-09
8,2.09311790e-01,6.63269037e-09,95,18,0,54,normal_corr_dominates,1.11287234e+00,1.00000000e+00,2.49999986e+07,-1.41042124e+00,-6.67537368e-01,-7.42883869e-01,1.00002927e-09
8,2.09311790e-01,6.63269037e-09,95,18,2,56,normal_corr_dominates,1.02129693e+00,1.00000000e+00,2.49999987e+07,-1.34929123e+00,-6.67537368e-01,-6.81753867e-01,1.00003497e-09
8,2.09311790e-01,6.63269037e-09,95,21,0,63,normal_corr_dominates,1.40107742e+00,1.00000000e+00,2.50000009e+07,9.37375899e-01,-2.33714452e+00,3.27452042e+00,1.00002573e-09
8,2.09311790e-01,6.63269037e-09,95,21,0,63,corr_ratio_high,7.66394163e-01,5.00000000e-01,2.50000009e+07,9.37375899e-01,-2.33714452e+00,3.27452042e+00,1.00002573e-09
8,2.09311790e-01,6.63269037e-09,95,22,0,66,normal_corr_dominates,2.60084561e+00,1.00000000e+00,2.50000025e+07,2.51980830e+00,-1.57404830e+00,4.09385660e+00,1.00003617e-09
8,2.09311790e-01,6.63269037e-09,95,22,2,68,normal_corr_dominates,1.24264469e+00,1.00000000e+00,2.49999965e+07,-3.53003105e+00,-1.57404830e+00,-1.95598275e+00,1.00003542e-09
8,2.09311790e-01,6.63269037e-09,95,23,0,69,normal_corr_dominates,1.14854386e+00,1.00000000e+00,2.50000002e+07,2.05718531e-01,-1.38490096e+00,1.59061949e+00,1.00003523e-09
8,2.09311790e-01,6.63269037e-09,95,23,0,69,corr_ratio_high,8.04148234e-01,5.00000000e-01,2.50000002e+07,2.05718531e-01,-1.38490096e+00,1.59061949e+00,1.00003523e-09
8,2.09311790e-01,6.63269037e-09,95,23,1,70,corr_ratio_high,5.18316978e-01,5.00000000e-01,2.49999973e+07,-2.67409058e+00,-1.38490096e+00,-1.28918962e+00,1.00004027e-09
8,2.09311790e-01,6.63269037e-09,95,24,0,72,normal_corr_dominates,1.75248730e+00,1.00000000e+00,2.50000009e+07,8.71365155e-01,-1.15797989e+00,2.02934505e+00,1.00002804e-09
8,2.09311790e-01,6.63269037e-09,95,24,0,72,corr_ratio_high,6.20139119e-01,5.00000000e-01,2.50000009e+07,8.71365155e-01,-1.15797989e+00,2.02934505e+00,1.00002804e-09
8,2.09311790e-01,6.63269037e-09,95,24,2,74,normal_corr_dominates,1.16806841e+00,1.00000000e+00,2.49999975e+07,-2.51057962e+00,-1.15797989e+00,-1.35259973e+00,1.00003405e-09
8,2.09311790e-01,6.63269037e-09,95,26,0,78,normal_corr_dominates,1.19233227e+00,1.00000000e+00,2.50000000e+07,4.33976891e-02,-2.25639140e-01,2.69036829e-01,1.00002494e-09
8,2.09311790e-01,6.63269037e-09,95,27,2,83,normal_corr_dominates,1.42058746e+00,1.00000000e+00,2.49999937e+07,-6.34712032e+00,-2.62214046e+00,-3.72497986e+00,1.00003980e-09
8,2.09311790e-01,6.63269037e-09,95,28,0,84,normal_corr_dominates,1.28561222e+00,1.00000000e+00,2.49999984e+07,-1.60366480e+00,-7.01634678e-01,-9.02030118e-01,1.00003854e-09
8,2.09311790e-01,6.63269037e-09,95,28,1,85,normal_corr_dominates,1.51320769e+00,1.00000000e+00,2.50000004e+07,3.60084313e-01,-7.01634678e-01,1.06171899e+00,1.00003195e-09
8,2.09311790e-01,6.63269037e-09,95,29,0,87,normal_corr_dominates,6.14741539e+00,1.00000000e+00,2.49999993e+07,-7.44167912e-01,-1.04117065e-01,-6.40050847e-01,1.00003656e-09
8,2.09311790e-01,6.63269037e-09,95,29,1,88,normal_corr_dominates,1.68526361e+00,1.00000000e+00,2.50000001e+07,7.13476357e-02,-1.04117065e-01,1.75464701e-01,1.00003261e-09
8,2.09311790e-01,6.63269037e-09,95,29,2,89,normal_corr_dominates,6.73932239e+00,1.00000000e+00,2.50000006e+07,5.97561402e-01,-1.04117065e-01,7.01678467e-01,1.00003076e-09
8,2.09311790e-01,6.63269037e-09,95,30,0,90,normal_corr_dominates,1.27089317e+01,1.00000000e+00,2.49999979e+07,-2.09677500e+00,-1.52949555e-01,-1.94382544e+00,1.00003052e-09
8,2.09311790e-01,6.63269037e-09,95,30,2,92,normal_corr_dominates,5.16488846e+00,1.00000000e+00,2.50000006e+07,6.37017835e-01,-1.52949555e-01,7.89967390e-01,1.00002966e-09
8,2.09311790e-01,6.63269037e-09,95,32,1,97,normal_corr_dominates,2.80007559e+00,1.00000000e+00,2.49999968e+07,-3.19059188e+00,-8.39612740e-01,-2.35097914e+00,1.00002951e-09
8,2.09311790e-01,6.63269037e-09,95,32,2,98,normal_corr_dominates,1.68645329e+00,1.00000000e+00,2.50000006e+07,5.76354926e-01,-8.39612740e-01,1.41596767e+00,1.00003090e-09
8,2.09311790e-01,6.63269037e-09,95,35,1,106,normal_corr_dominates,7.13346840e+00,1.00000000e+00,2.49999954e+07,-4.63698888e+00,-5.70112117e-01,-4.06687677e+00,1.00004118e-09
8,2.09311790e-01,6.63269037e-09,95,35,2,107,normal_corr_dominates,2.34744664e+00,1.00000000e+00,2.50000008e+07,7.68195653e-01,-5.70112117e-01,1.33830777e+00,1.00002966e-09
8,2.09311790e-01,6.63269037e-09,95,13,0,39,normal_corr_dominates,2.31982424e+02,1.00000000e+00,2.50000010e+07,9.50429679e-01,4.07940505e-03,9.46350274e-01,1.00003440e-09
8,2.09311790e-01,6.63269037e-09,95,13,1,40,normal_corr_dominates,7.25748719e+02,1.00000000e+00,2.49999970e+07,-2.95654359e+00,4.07940505e-03,-2.96062299e+00,1.00004381e-09
8,2.09311790e-01,6.63269037e-09,95,13,2,41,normal_corr_dominates,2.92997725e+02,1.00000000e+00,2.50000012e+07,1.19933580e+00,4.07940505e-03,1.19525640e+00,1.00002870e-09
8,2.09311790e-01,6.63269037e-09,95,25,0,75,normal_corr_dominates,7.43632559e+00,1.00000000e+00,2.50000010e+07,1.01442908e+00,-1.57609970e-01,1.17203905e+00,1.00003692e-09
8,2.09311790e-01,6.63269037e-09,95,25,1,76,normal_corr_dominates,5.37208275e+00,1.00000000e+00,2.50000007e+07,6.89083831e-01,-1.57609970e-01,8.46693801e-01,1.00003171e-09
8,2.09311790e-01,6.63269037e-09,95,25,2,77,normal_corr_dominates,1.73339793e+01,1.00000000e+00,2.49999971e+07,-2.88961792e+00,-1.57609970e-01,-2.73200795e+00,1.00002831e-09
9,2.39001425e-01,7.57349813e-09,95,0,0,0,normal_corr_dominates,4.86256022e+00,1.00000000e+00,2.50000096e+07,9.64264989e+00,-2.49644002e+00,1.21390899e+01,1.00003366e-09
9,2.39001425e-01,7.57349813e-09,95,0,0,0,corr_ratio_high,7.26381969e-01,5.00000000e-01,2.50000096e+07,9.64264989e+00,-2.49644002e+00,1.21390899e+01,1.00003366e-09
9,2.39001425e-01,7.57349813e-09,95,0,1,1,normal_corr_dominates,2.09900046e+00,1.00000000e+00,2.49999923e+07,-7.73646876e+00,-2.49644002e+00,-5.24002874e+00,1.00006992e-09
9,2.39001425e-01,7.57349813e-09,95,0,2,2,corr_ratio_high,7.50797216e-01,5.00000000e-01,2.49999988e+07,-1.15461036e+00,-2.49644002e+00,1.34182965e+00,1.00004317e-09
9,2.39001425e-01,7.57349813e-09,95,1,0,3,normal_corr_dominates,6.05733118e+00,1.00000000e+00,2.49999949e+07,-5.08897216e+00,-7.21090173e-01,-4.36788199e+00,1.00003641e-09
9,2.39001425e-01,7.57349813e-09,95,1,1,4,normal_corr_dominates,8.41037737e+00,1.00000000e+00,2.50000053e+07,5.34355030e+00,-7.21090173e-01,6.06464047e+00,1.00005849e-09
9,2.39001425e-01,7.57349813e-09,95,1,2,5,normal_corr_dominates,8.40641646e+00,1.00000000e+00,2.49999932e+07,-6.78287447e+00,-7.21090173e-01,-6.06178429e+00,1.00003846e-09
9,2.39001425e-01,7.57349813e-09,95,1,2,5,corr_ratio_high,5.46908668e-01,5.00000000e-01,2.49999932e+07,-6.78287447e+00,-7.21090173e-01,-6.06178429e+00,1.00003846e-09
9,2.39001425e-01,7.57349813e-09,95,2,0,6,normal_corr_dominates,3.49516046e+01,1.00000000e+00,2.49999949e+07,-5.06473896e+00,-1.40876576e-01,-4.92386238e+00,1.00004275e-09
9,2.39001425e-01,7.57349813e-09,95,2,1,7,normal_corr_dominates,4.40014297e+01,1.00000000e+00,2.49999937e+07,-6.33964733e+00,-1.40876576e-01,-6.19877076e+00,1.00004509e-09
9,2.39001425e-01,7.57349813e-09,95,2,2,8,normal_corr_dominates,3.25383552e+01,1.00000000e+00,2.50000044e+07,4.44301550e+00,-1.40876576e-01,4.58389208e+00,1.00003271e-09
9,2.39001425e-01,7.57349813e-09,95,3,0,9,normal_corr_dominates,7.82098715e+00,1.00000000e+00,2.49999956e+07,-4.39842685e+00,-4.98632044e-01,-3.89979481e+00,1.00004906e-09
9,2.39001425e-01,7.57349813e-09,95,3,1,10,normal_corr_dominates,6.13411417e+00,1.00000000e+00,2.50000026e+07,2.56003384e+00,-4.98632044e-01,3.05866589e+00,1.00003029e-09
9,2.39001425e-01,7.57349813e-09,95,3,1,10,corr_ratio_high,5.94655590e-01,5.00000000e-01,2.50000026e+07,2.56003384e+00,-4.98632044e-01,3.05866589e+00,1.00003029e-09
9,2.39001425e-01,7.57349813e-09,95,3,2,11,normal_corr_dominates,2.06949125e+00,1.00000000e+00,2.50000005e+07,5.33282607e-01,-4.98632044e-01,1.03191465e+00,1.00003940e-09
9,2.39001425e-01,7.57349813e-09,95,3,2,11,corr_ratio_high,6.14237412e-01,5.00000000e-01,2.50000005e+07,5.33282607e-01,-4.98632044e-01,1.03191465e+00,1.00003940e-09
9,2.39001425e-01,7.57349813e-09,95,4,1,13,normal_corr_dominates,2.07091694e+00,1.00000000e+00,2.50000025e+07,2.53343790e+00,-2.36567169e+00,4.89910959e+00,1.00003572e-09
9,2.39001425e-01,7.57349813e-09,95,4,1,13,corr_ratio_high,5.13265064e-01,5.00000000e-01,2.50000025e+07,2.53343790e+00,-2.36567169e+00,4.89910959e+00,1.00003572e-09
9,2.39001425e-01,7.57349813e-09,95,5,0,15,normal_corr_dominates,7.31811214e+00,1.00000000e+00,2.49999953e+07,-4.67613225e+00,-5.62162685e-01,-4.11396957e+00,1.00006847e-09
9,2.39001425e-01,7.57349813e-09,95,5,1,16,normal_corr_dominates,4.07992690e+00,1.00000000e+00,2.50000017e+07,1.73141997e+00,-5.62162685e-01,2.29358266e+00,1.00004023e-09
9,2.39001425e-01,7.57349813e-09,95,5,1,16,corr_ratio_high,6.68206493e-01,5.00000000e-01,2.50000017e+07,1.73141997e+00,-5.62162685e-01,2.29358266e+00,1.00004023e-09
9,2.39001425e-01,7.57349813e-09,95,5,2,17,normal_corr_dominates,7.37225362e+00,1.00000000e+00,2.49999953e+07,-4.70656857e+00,-5.62162685e-01,-4.14440589e+00,1.00005535e-09
9,2.39001425e-01,7.57349813e-09,95,7,0,21,normal_corr_dominates,6.69145162e+00,1.00000000e+00,2.49999991e+07,-8.51361235e-01,-1.10689279e-01,-7.40671956e-01,1.00002699e-09
9,2.39001425e-01,7.57349813e-09,95,7,1,22,normal_corr_dominates,1.55434354e+01,1.00000000e+00,2.49999982e+07,-1.83118093e+00,-1.10689279e-01,-1.72049165e+00,1.00003435e-09
9,2.39001425e-01,7.57349813e-09,95,7,2,23,normal_corr_dominates,4.17371602e+00,1.00000000e+00,2.50000004e+07,3.51296338e-01,-1.10689279e-01,4.61985617e-01,1.00003589e-09
9,2.39001425e-01,7.57349813e-09,95,8,0,24,normal_corr_dominates,4.36365470e+00,1.00000000e+00,2.50000058e+07,5.78603804e+00,-1.72016410e+00,7.50620214e+00,1.00006005e-09
9,2.39001425e-01,7.57349813e-09,95,8,1,25,normal_corr_dominates,3.08992545e+00,1.00000000e+00,2.50000036e+07,3.59501472e+00,-1.72016410e+00,5.31517881e+00,1.00003980e-09
9,2.39001425e-01,7.57349813e-09,95,8,2,26,normal_corr_dominates,3.87359187e+00,1.00000000e+00,2.49999916e+07,-8.38337775e+00,-1.72016410e+00,-6.66321365e+00,1.00003909e-09
9,2.39001425e-01,7.57349813e-09,95,8,2,26,corr_ratio_high,5.82400440e-01,5.00000000e-01,2.49999916e+07,-8.38337775e+00,-1.72016410e+00,-6.66321365e+00,1.00003909e-09
9,2.39001425e-01,7.57349813e-09,95,9,0,27,normal_corr_dominates,5.20570815e+00,1.00000000e+00,2.50000059e+07,5.91493014e+00,-1.40640528e+00,7.32133541e+00,1.00003603e-09
9,2.39001425e-01,7.57349813e-09,95,9,0,27,corr_ratio_high,6.45131646e-01,5.00000000e-01,2.50000059e+07,5.91493014e+00,-1.40640528e+00,7.32133541e+00,1.00003603e-09
9,2.39001425e-01,7.57349813e-09,95,9,1,28,normal_corr_dominates,1.38577930e+00,1.00000000e+00,2.50000005e+07,5.42562050e-01,-1.40640528e+00,1.94896733e+00,1.00003209e-09
9,2.39001425e-01,7.57349813e-09,95,9,1,28,corr_ratio_high,6.20793053e-01,5.00000000e-01,2.50000005e+07,5.42562050e-01,-1.40640528e+00,1.94896733e+00,1.00003209e-09
9,2.39001425e-01,7.57349813e-09,95,9,2,29,normal_corr_dominates,6.33468378e+00,1.00000000e+00,2.49999897e+07,-1.03155380e+01,-1.40640528e+00,-8.90913269e+00,1.00007581e-09
9,2.39001425e-01,7.57349813e-09,95,9,2,29,corr_ratio_high,7.36440289e-01,5.00000000e-01,2.49999897e+07,-1.03155380e+01,-1.40640528e+00,-8.90913269e+00,1.00007581e-09
9,2.39001425e-01,7.57349813e-09,95,10,0,30,normal_corr_dominates,1.43734548e+00,1.00000000e+00,2.50000004e+07,3.56868568e-01,-8.15987776e-01,1.17285634e+00,1.00003084e-09
9,2.39001425e-01,7.57349813e-09,95,12,0,36,normal_corr_dominates,1.35329387e+00,1.00000000e+00,2.49999964e+07,-3.60294279e+00,-1.53102119e+00,-2.07192159e+00,1.00004629e-09
9,2.39001425e-01,7.57349813e-09,95,12,1,37,normal_corr_dominates,2.11357872e+00,1.00000000e+00,2.50000017e+07,1.70491262e+00,-1.53102119e+00,3.23593381e+00,1.00002203e-09
9,2.39001425e-01,7.57349813e-09,95,12,1,37,corr_ratio_high,9.73739243e-01,5.00000000e-01,2.50000017e+07,1.70491262e+00,-1.53102119e+00,3.23593381e+00,1.00002203e-09
9,2.39001425e-01,7.57349813e-09,95,12,2,38,normal_corr_dominates,2.51886597e+00,1.00000000e+00,2.49999946e+07,-5.38745838e+00,-1.53102119e+00,-3.85643719e+00,1.00006345e-09
9,2.39001425e-01,7.57349813e-09,95,12,2,38,corr_ratio_high,5.49893227e-01,5.00000000e-01,2.49999946e+07,-5.38745838e+00,-1.53102119e+00,-3.85643719e+00,1.00006345e-09
9,2.39001425e-01,7.57349813e-09,95,14,0,42,normal_corr_dominates,5.10559102e+01,1.00000000e+00,2.49999982e+07,-1.84574970e+00,3.68737615e-02,-1.88262346e+00,1.00004299e-09
9,2.39001425e-01,7.57349813e-09,95,14,1,43,normal_corr_dominates,1.22600751e+01,1.00000000e+00,2.49999996e+07,-4.15201324e-01,3.68737615e-02,-4.52075086e-01,1.00003560e-09
9,2.39001425e-01,7.57349813e-09,95,14,2,44,normal_corr_dominates,1.49441951e+01,1.00000000e+00,2.50000006e+07,5.87922449e-01,3.68737615e-02,5.51048688e-01,1.00003528e-09
9,2.39001425e-01,7.57349813e-09,95,15,1,46,normal_corr_dominates,5.07705706e+00,1.00000000e+00,2.49999941e+07,-5.87993076e+00,-9.67562210e-01,-4.91236855e+00,1.00004703e-09
9,2.39001425e-01,7.57349813e-09,95,15,2,47,normal_corr_dominates,2.37472790e+00,1.00000000e+00,2.50000013e+07,1.33013476e+00,-9.67562210e-01,2.29769697e+00,1.00003271e-09
9,2.39001425e-01,7.57349813e-09,95,18,0,54,normal_corr_dominates,1.11685863e+00,1.00000000e+00,2.49999984e+07,-1.59942759e+00,-7.55566559e-01,-8.43861031e-01,1.00003324e-09
9,2.39001425e-01,7.57349813e-09,95,18,2,56,normal_corr_dominates,1.02575441e+00,1.00000000e+00,2.49999985e+07,-1.53059229e+00,-7.55566559e-01,-7.75025733e-01,1.00003971e-09
9,2.39001425e-01,7.57349813e-09,95,21,0,63,normal_corr_dominates,1.40502843e+00,1.00000000e+00,2.50000011e+07,1.07400115e+00,-2.65166858e+00,3.72566973e+00,1.00002922e-09
9,2.39001425e-01,7.57349813e-09,95,21,0,63,corr_ratio_high,7.66445217e-01,5.00000000e-01,2.50000011e+07,1.07400115e+00,-2.65166858e+00,3.72566973e+00,1.00002922e-09
9,2.39001425e-01,7.57349813e-09,95,22,0,66,normal_corr_dominates,2.60673253e+00,1.00000000e+00,2.50000029e+07,2.86576251e+00,-1.78359649e+00,4.64935900e+00,1.00004108e-09
9,2.39001425e-01,7.57349813e-09,95,22,2,68,normal_corr_dominates,1.24718927e+00,1.00000000e+00,2.49999960e+07,-4.00807891e+00,-1.78359649e+00,-2.22448241e+00,1.00004023e-09
9,2.39001425e-01,7.57349813e-09,95,23,0,69,normal_corr_dominates,1.15861335e+00,1.00000000e+00,2.50000002e+07,2.48235483e-01,-1.56503526e+00,1.81327075e+00,1.00003998e-09
9,2.39001425e-01,7.57349813e-09,95,23,0,69,corr_ratio_high,8.04600045e-01,5.00000000e-01,2.50000002e+07,2.48235483e-01,-1.56503526e+00,1.81327075e+00,1.00003998e-09
9,2.39001425e-01,7.57349813e-09,95,23,1,70,corr_ratio_high,5.18080431e-01,5.00000000e-01,2.49999970e+07,-3.04188435e+00,-1.56503526e+00,-1.47684909e+00,1.00004576e-09
9,2.39001425e-01,7.57349813e-09,95,24,0,72,normal_corr_dominates,1.76024689e+00,1.00000000e+00,2.50000010e+07,9.97654548e-01,-1.31227704e+00,2.30993159e+00,1.00003184e-09
9,2.39001425e-01,7.57349813e-09,95,24,0,72,corr_ratio_high,6.20284598e-01,5.00000000e-01,2.50000010e+07,9.97654548e-01,-1.31227704e+00,2.30993159e+00,1.00003184e-09
9,2.39001425e-01,7.57349813e-09,95,24,2,74,normal_corr_dominates,1.17142560e+00,1.00000000e+00,2.49999972e+07,-2.84951197e+00,-1.31227704e+00,-1.53723493e+00,1.00003868e-09
9,2.39001425e-01,7.57349813e-09,95,26,0,78,normal_corr_dominates,1.19841623e+00,1.00000000e+00,2.50000001e+07,5.03869228e-02,-2.53945570e-01,3.04332493e-01,1.00002832e-09
9,2.39001425e-01,7.57349813e-09,95,27,2,83,normal_corr_dominates,1.42279061e+00,1.00000000e+00,2.49999928e+07,-7.20838977e+00,-2.97524257e+00,-4.23314720e+00,1.00004521e-09
9,2.39001425e-01,7.57349813e-09,95,28,0,84,normal_corr_dominates,1.28752121e+00,1.00000000e+00,2.49999982e+07,-1.81684334e+00,-7.94241093e-01,-1.02260225e+00,1.00004377e-09
9,2.39001425e-01,7.57349813e-09,95,28,1,85,normal_corr_dominates,1.52080080e+00,1.00000000e+00,2.50000004e+07,4.13641393e-01,-7.94241093e-01,1.20788249e+00,1.00003629e-09
9,2.39001425e-01,7.57349813e-09,95,29,0,87,normal_corr_dominates,6.31885734e+00,1.00000000e+00,2.49999992e+07,-8.43017632e-01,-1.15184324e-01,-7.27833309e-01,1.00004152e-09
9,2.39001425e-01,7.57349813e-09,95,29,1,88,normal_corr_dominates,1.73185634e+00,1.00000000e+00,2.50000001e+07,8.42983775e-02,-1.15184324e-01,1.99482701e-01,1.00003704e-09
9,2.39001425e-01,7.57349813e-09,95,29,2,89,normal_corr_dominates,6.92084190e+00,1.00000000e+00,2.50000007e+07,6.81988170e-01,-1.15184324e-01,7.97172493e-01,1.00003494e-09
9,2.39001425e-01,7.57349813e-09,95,30,0,90,normal_corr_dominates,1.29493917e+01,1.00000000e+00,2.49999976e+07,-2.38033282e+00,-1.70640618e-01,-2.20969220e+00,1.00003467e-09
9,2.39001425e-01,7.57349813e-09,95,30,2,92,normal_corr_dominates,5.26268924e+00,1.00000000e+00,2.50000007e+07,7.27387925e-01,-1.70640618e-01,8.98028543e-01,1.00003369e-09
9,2.39001425e-01,7.57349813e-09,95,32,1,97,normal_corr_dominates,2.81320511e+00,1.00000000e+00,2.49999964e+07,-3.62320365e+00,-9.50172768e-01,-2.67303088e+00,1.00003352e-09
9,2.39001425e-01,7.57349813e-09,95,32,2,98,normal_corr_dominates,1.69354318e+00,1.00000000e+00,2.50000007e+07,6.58985842e-01,-9.50172768e-01,1.60915861e+00,1.00003509e-09
9,2.39001425e-01,7.57349813e-09,95,35,1,106,normal_corr_dominates,7.16759462e+00,1.00000000e+00,2.49999947e+07,-5.26787277e+00,-6.44972359e-01,-4.62290041e+00,1.00004677e-09
9,2.39001425e-01,7.57349813e-09,95,35,2,107,normal_corr_dominates,2.35856175e+00,1.00000000e+00,2.50000009e+07,8.76234776e-01,-6.44972359e-01,1.52120713e+00,1.00003369e-09
9,2.39001425e-01,7.57349813e-09,95,13,0,39,normal_corr_dominates,1.36828192e+02,1.00000000e+00,2.50000011e+07,1.08122786e+00,7.84475109e-03,1.07338311e+00,1.00003907e-09
9,2.39001425e-01,7.57349813e-09,95,13,1,40,normal_corr_dominates,4.28447797e+02,1.00000000e+00,2.49999966e+07,-3.35322157e+00,7.84475109e-03,-3.36106632e+00,1.00004975e-09
9,2.39001425e-01,7.57349813e-09,95,13,2,41,normal_corr_dominates,1.73459758e+02,1.00000000e+00,2.50000014e+07,1.36859337e+00,7.84475109e-03,1.36074862e+00,1.00003260e-09
9,2.39001425e-01,7.57349813e-09,95,25,0,75,normal_corr_dominates,7.57503405e+00,1.00000000e+00,2.50000012e+07,1.15510497e+00,-1.75680455e-01,1.33078543e+00,1.00004192e-09
9,2.39001425e-01,7.57349813e-09,95,25,1,76,normal_corr_dominates,5.49076772e+00,1.00000000e+00,2.50000008e+07,7.88940115e-01,-1.75680455e-01,9.64620569e-01,1.00003601e-09
9,2.39001425e-01,7.57349813e-09,95,25,2,77,normal_corr_dominates,1.76881405e+01,1.00000000e+00,2.49999967e+07,-3.28314102e+00,-1.75680455e-01,-3.10746057e+00,1.00003217e-09
10,2.68058914e-01,8.49427441e-09,95,0,0,0,normal_corr_dominates,4.87224017e+00,1.00000000e+00,2.50000108e+07,1.07632826e+01,-2.77960098e+00,1.35428836e+01,1.00003759e-09
10,2.68058914e-01,8.49427441e-09,95,0,0,0,corr_ratio_high,7.26245059e-01,5.00000000e-01,2.50000108e+07,1.07632826e+01,-2.77960098e+00,1.35428836e+01,1.00003759e-09
10,2.68058914e-01,8.49427441e-09,95,0,1,1,normal_corr_dominates,2.10478266e+00,1.00000000e+00,2.49999914e+07,-8.63005694e+00,-2.77960098e+00,-5.85045596e+00,1.00007801e-09
10,2.68058914e-01,8.49427441e-09,95,0,2,2,corr_ratio_high,7.50938914e-01,5.00000000e-01,2.49999987e+07,-1.27074428e+00,-2.77960098e+00,1.50885670e+00,1.00004816e-09
10,2.68058914e-01,8.49427441e-09,95,1,0,3,normal_corr_dominates,6.09152397e+00,1.00000000e+00,2.49999943e+07,-5.68024964e+00,-8.00991390e-01,-4.87925825e+00,1.00004065e-09
10,2.68058914e-01,8.49427441e-09,95,1,1,4,normal_corr_dominates,8.46480133e+00,1.00000000e+00,2.50000060e+07,5.97924159e+00,-8.00991390e-01,6.78023298e+00,1.00006526e-09
10,2.68058914e-01,8.49427441e-09,95,1,2,5,normal_corr_dominates,8.45724790e+00,1.00000000e+00,2.49999924e+07,-7.57517415e+00,-8.00991390e-01,-6.77418276e+00,1.00004292e-09
10,2.68058914e-01,8.49427441e-09,95,1,2,5,corr_ratio_high,5.47024017e-01,5.00000000e-01,2.49999924e+07,-7.57517415e+00,-8.00991390e-01,-6.77418276e+00,1.00004292e-09
10,2.68058914e-01,8.49427441e-09,95,2,0,6,normal_corr_dominates,3.54939576e+01,1.00000000e+00,2.49999943e+07,-5.65351712e+00,-1.54916526e-01,-5.49860059e+00,1.00004772e-09
10,2.68058914e-01,8.49427441e-09,95,2,1,7,normal_corr_dominates,4.46924266e+01,1.00000000e+00,2.49999929e+07,-7.07851197e+00,-1.54916526e-01,-6.92359545e+00,1.00005032e-09
10,2.68058914e-01,8.49427441e-09,95,2,2,8,normal_corr_dominates,3.30379461e+01,1.00000000e+00,2.50000050e+07,4.96320729e+00,-1.54916526e-01,5.11812382e+00,1.00003651e-09
10,2.68058914e-01,8.49427441e-09,95,3,0,9,normal_corr_dominates,7.87412575e+00,1.00000000e+00,2.49999951e+07,-4.90366642e+00,-5.52580228e-01,-4.35108620e+00,1.00005474e-09
10,2.68058914e-01,8.49427441e-09,95,3,1,10,normal_corr_dominates,6.18870710e+00,1.00000000e+00,2.50000029e+07,2.86717695e+00,-5.52580228e-01,3.41975718e+00,1.00003381e-09
10,2.68058914e-01,8.49427441e-09,95,3,1,10,corr_ratio_high,5.94527899e-01,5.00000000e-01,2.50000029e+07,2.86717695e+00,-5.52580228e-01,3.41975718e+00,1.00003381e-09
10,2.68058914e-01,8.49427441e-09,95,3,2,11,normal_corr_dominates,2.07642901e+00,1.00000000e+00,2.50000006e+07,5.94813387e-01,-5.52580228e-01,1.14739361e+00,1.00004398e-09
10,2.68058914e-01,8.49427441e-09,95,3,2,11,corr_ratio_high,6.14243648e-01,5.00000000e-01,2.50000006e+07,5.94813387e-01,-5.52580228e-01,1.14739361e+00,1.00004398e-09
10,2.68058914e-01,8.49427441e-09,95,4,1,13,normal_corr_dominates,2.07386182e+00,1.00000000e+00,2.50000028e+07,2.82757570e+00,-2.63309082e+00,5.46066652e+00,1.00003989e-09
10,2.68058914e-01,8.49427441e-09,95,4,1,13,corr_ratio_high,5.12532970e-01,5.00000000e-01,2.50000028e+07,2.82757570e+00,-2.63309082e+00,5.46066652e+00,1.00003989e-09
10,2.68058914e-01,8.49427441e-09,95,5,0,15,normal_corr_dominates,7.39265058e+00,1.00000000e+00,2.49999948e+07,-5.21658811e+00,-6.21566222e-01,-4.59502189e+00,1.00007640e-09
10,2.68058914e-01,8.49427441e-09,95,5,1,16,normal_corr_dominates,4.13029966e+00,1.00000000e+00,2.50000019e+07,1.94568854e+00,-6.21566222e-01,2.56725476e+00,1.00004489e-09
10,2.68058914e-01,8.49427441e-09,95,5,1,16,corr_ratio_high,6.68203335e-01,5.00000000e-01,2.50000019e+07,1.94568854e+00,-6.21566222e-01,2.56725476e+00,1.00004489e-09
10,2.68058914e-01,8.49427441e-09,95,5,2,17,normal_corr_dominates,7.44449491e+00,1.00000000e+00,2.49999948e+07,-5.24881280e+00,-6.21566222e-01,-4.62724658e+00,1.00006175e-09
10,2.68058914e-01,8.49427441e-09,95,7,0,21,normal_corr_dominates,6.81879318e+00,1.00000000e+00,2.49999991e+07,-9.45276543e-01,-1.20898011e-01,-8.24378532e-01,1.00003013e-09
10,2.68058914e-01,8.49427441e-09,95,7,1,22,normal_corr_dominates,1.59025027e+01,1.00000000e+00,2.49999980e+07,-2.04347896e+00,-1.20898011e-01,-1.92258095e+00,1.00003834e-09
10,2.68058914e-01,8.49427441e-09,95,7,2,23,normal_corr_dominates,4.27767968e+00,1.00000000e+00,2.50000004e+07,3.96264953e-01,-1.20898011e-01,5.17162964e-01,1.00004006e-09
10,2.68058914e-01,8.49427441e-09,95,8,0,24,normal_corr_dominates,4.38104327e+00,1.00000000e+00,2.50000065e+07,6.47495917e+00,-1.91507729e+00,8.39003646e+00,1.00006700e-09
10,2.68058914e-01,8.49427441e-09,95,8,1,25,normal_corr_dominates,3.09731333e+00,1.00000000e+00,2.50000040e+07,4.01651713e+00,-1.91507729e+00,5.93159442e+00,1.00004442e-09
10,2.68058914e-01,8.49427441e-09,95,8,2,26,normal_corr_dominates,3.88839752e+00,1.00000000e+00,2.49999906e+07,-9.36165908e+00,-1.91507729e+00,-7.44658179e+00,1.00004364e-09
10,2.68058914e-01,8.49427441e-09,95,8,2,26,corr_ratio_high,5.82277924e-01,5.00000000e-01,2.49999906e+07,-9.36165908e+00,-1.91507729e+00,-7.44658179e+00,1.00004364e-09
10,2.68058914e-01,8.49427441e-09,95,9,0,27,normal_corr_dominates,5.22266554e+00,1.00000000e+00,2.50000066e+07,6.60775891e+00,-1.56483123e+00,8.17259014e+00,1.00004022e-09
10,2.68058914e-01,8.49427441e-09,95,9,0,27,corr_ratio_high,6.45201888e-01,5.00000000e-01,2.50000066e+07,6.60775891e+00,-1.56483123e+00,8.17259014e+00,1.00004022e-09
10,2.68058914e-01,8.49427441e-09,95,9,1,28,normal_corr_dominates,1.38805091e+00,1.00000000e+00,2.50000006e+07,6.07234188e-01,-1.56483123e+00,2.17206542e+00,1.00003583e-09
10,2.68058914e-01,8.49427441e-09,95,9,1,28,corr_ratio_high,6.20448762e-01,5.00000000e-01,2.50000006e+07,6.07234188e-01,-1.56483123e+00,2.17206542e+00,1.00003583e-09
10,2.68058914e-01,8.49427441e-09,95,9,2,29,normal_corr_dominates,6.35145968e+00,1.00000000e+00,2.49999885e+07,-1.15037937e+01,-1.56483123e+00,-9.93896245e+00,1.00008457e-09
10,2.68058914e-01,8.49427441e-09,95,9,2,29,corr_ratio_high,7.36575322e-01,5.00000000e-01,2.49999885e+07,-1.15037937e+01,-1.56483123e+00,-9.93896245e+00,1.00008457e-09
10,2.68058914e-01,8.49427441e-09,95,10,0,30,normal_corr_dominates,1.44014536e+00,1.00000000e+00,2.50000004e+07,3.99451267e-01,-9.07543964e-01,1.30699523e+00,1.00003442e-09
10,2.68058914e-01,8.49427441e-09,95,12,0,36,normal_corr_dominates,1.35673413e+00,1.00000000e+00,2.49999960e+07,-4.01573071e+00,-1.70393880e+00,-2.31179192e+00,1.00005166e-09
10,2.68058914e-01,8.49427441e-09,95,12,1,37,normal_corr_dominates,2.11618021e+00,1.00000000e+00,2.50000019e+07,1.90190277e+00,-1.70393880e+00,3.60584157e+00,1.00002462e-09
10,2.68058914e-01,8.49427441e-09,95,12,1,37,corr_ratio_high,9.73292356e-01,5.00000000e-01,2.50000019e+07,1.90190277e+00,-1.70393880e+00,3.60584157e+00,1.00002462e-09
10,2.68058914e-01,8.49427441e-09,95,12,2,38,normal_corr_dominates,2.52302781e+00,1.00000000e+00,2.49999940e+07,-6.00302377e+00,-1.70393880e+00,-4.29908497e+00,1.00007079e-09
10,2.68058914e-01,8.49427441e-09,95,12,2,38,corr_ratio_high,5.49978968e-01,5.00000000e-01,2.49999940e+07,-6.00302377e+00,-1.70393880e+00,-4.29908497e+00,1.00007079e-09
10,2.68058914e-01,8.49427441e-09,95,14,0,42,normal_corr_dominates,4.76526758e+01,1.00000000e+00,2.49999979e+07,-2.05834386e+00,4.41205959e-02,-2.10246445e+00,1.00004798e-09
10,2.68058914e-01,8.49427441e-09,95,14,1,43,normal_corr_dominates,1.14398695e+01,1.00000000e+00,2.49999995e+07,-4.60613265e-01,4.41205959e-02,-5.04733861e-01,1.00003973e-09
10,2.68058914e-01,8.49427441e-09,95,14,2,44,normal_corr_dominates,1.39530905e+01,1.00000000e+00,2.50000007e+07,6.59739261e-01,4.41205959e-02,6.15618665e-01,1.00003938e-09
10,2.68058914e-01,8.49427441e-09,95,15,1,46,normal_corr_dominates,5.08780956e+00,1.00000000e+00,2.49999934e+07,-6.56204405e+00,-1.07789903e+00,-5.48414502e+00,1.00005249e-09
10,2.68058914e-01,8.49427441e-09,95,15,2,47,normal_corr_dominates,2.37868372e+00,1.00000000e+00,2.50000015e+07,1.48608186e+00,-1.07789903e+00,2.56398089e+00,1.00003651e-09
10,2.68058914e-01,8.49427441e-09,95,18,0,54,normal_corr_dominates,1.12030340e+00,1.00000000e+00,2.49999982e+07,-1.78259675e+00,-8.40727205e-01,-9.41869548e-01,1.00003710e-09
10,2.68058914e-01,8.49427441e-09,95,18,2,56,normal_corr_dominates,1.02980106e+00,1.00000000e+00,2.49999983e+07,-1.70650897e+00,-8.40727205e-01,-8.65781764e-01,1.00004431e-09
10,2.68058914e-01,8.49427441e-09,95,21,0,63,normal_corr_dominates,1.40857152e+00,1.00000000e+00,2.50000012e+07,1.20804704e+00,-2.95675780e+00,4.16480483e+00,1.00003260e-09
10,2.68058914e-01,8.49427441e-09,95,21,0,63,corr_ratio_high,7.66482592e-01,5.00000000e-01,2.50000012e+07,1.20804704e+00,-2.95675780e+00,4.16480483e+00,1.00003260e-09
10,2.68058914e-01,8.49427441e-09,95,22,0,66,normal_corr_dominates,2.61198113e+00,1.00000000e+00,2.50000032e+07,3.20226692e+00,-1.98654120e+00,5.18880812e+00,1.00004585e-09
10,2.68058914e-01,8.49427441e-09,95,22,2,68,normal_corr_dominates,1.25123023e+00,1.00000000e+00,2.49999955e+07,-4.47216160e+00,-1.98654120e+00,-2.48562040e+00,1.00004490e-09
10,2.68058914e-01,8.49427441e-09,95,23,0,69,normal_corr_dominates,1.16768772e+00,1.00000000e+00,2.50000003e+07,2.91592599e-01,-1.73890256e+00,2.03049515e+00,1.00004459e-09
10,2.68058914e-01,8.49427441e-09,95,23,0,69,corr_ratio_high,8.05001608e-01,5.00000000e-01,2.50000003e+07,2.91592599e-01,-1.73890256e+00,2.03049515e+00,1.00004459e-09
10,2.68058914e-01,8.49427441e-09,95,23,1,70,corr_ratio_high,5.17864884e-01,5.00000000e-01,2.49999966e+07,-3.39980719e+00,-1.73890256e+00,-1.66090463e+00,1.00005110e-09
10,2.68058914e-01,8.49427441e-09,95,24,0,72,normal_corr_dominates,1.76719744e+00,1.00000000e+00,2.50000011e+07,1.12145252e+00,-1.46175217e+00,2.58320469e+00,1.00003553e-09
10,2.68058914e-01,8.49427441e-09,95,24,0,72,corr_ratio_high,6.20410411e-01,5.00000000e-01,2.50000011e+07,1.12145252e+00,-1.46175217e+00,2.58320469e+00,1.00003553e-09
10,2.68058914e-01,8.49427441e-09,95,24,2,74,normal_corr_dominates,1.17436645e+00,1.00000000e+00,2.49999968e+07,-3.17838489e+00,-1.46175217e+00,-1.71663271e+00,1.00004317e-09
10,2.68058914e-01,8.49427441e-09,95,26,0,78,normal_corr_dominates,1.20372227e+00,1.00000000e+00,2.50000001e+07,5.72743267e-02,-2.81139248e-01,3.38413574e-01,1.00003161e-09
10,2.68058914e-01,8.49427441e-09,95,27,2,83,normal_corr_dominates,1.42475033e+00,1.00000000e+00,2.49999920e+07,-8.04478367e+00,-3.31777815e+00,-4.72700551e+00,1.00005045e-09
10,2.68058914e-01,8.49427441e-09,95,28,0,84,normal_corr_dominates,1.28917862e+00,1.00000000e+00,2.49999980e+07,-2.02324328e+00,-8.83829364e-01,-1.13941392e+00,1.00004885e-09
10,2.68058914e-01,8.49427441e-09,95,28,1,85,normal_corr_dominates,1.52765616e+00,1.00000000e+00,2.50000005e+07,4.66358006e-01,-8.83829364e-01,1.35018737e+00,1.00004050e-09
10,2.68058914e-01,8.49427441e-09,95,29,0,87,normal_corr_dominates,6.47921886e+00,1.00000000e+00,2.49999991e+07,-9.38806236e-01,-1.25521963e-01,-8.13284272e-01,1.00004633e-09
10,2.68058914e-01,8.49427441e-09,95,29,1,88,normal_corr_dominates,1.77539379e+00,1.00000000e+00,2.50000001e+07,9.73289506e-02,-1.25521963e-01,2.22850914e-01,1.00004134e-09
10,2.68058914e-01,8.49427441e-09,95,29,2,89,normal_corr_dominates,7.08998507e+00,1.00000000e+00,2.50000008e+07,7.64426884e-01,-1.25521963e-01,8.89948847e-01,1.00003900e-09
10,2.68058914e-01,8.49427441e-09,95,30,0,90,normal_corr_dominates,1.31708044e+01,1.00000000e+00,2.49999973e+07,-2.65555034e+00,-1.87395878e-01,-2.46815446e+00,1.00003870e-09
10,2.68058914e-01,8.49427441e-09,95,30,2,92,normal_corr_dominates,5.35271629e+00,1.00000000e+00,2.50000008e+07,8.15681092e-01,-1.87395878e-01,1.00307697e+00,1.00003760e-09
10,2.68058914e-01,8.49427441e-09,95,32,1,97,normal_corr_dominates,2.82491095e+00,1.00000000e+00,2.49999960e+07,-4.04327028e+00,-1.05708873e+00,-2.98618154e+00,1.00003741e-09
10,2.68058914e-01,8.49427441e-09,95,32,2,98,normal_corr_dominates,1.69999760e+00,1.00000000e+00,2.50000007e+07,7.39959581e-01,-1.05708873e+00,1.79704832e+00,1.00003917e-09
10,2.68058914e-01,8.49427441e-09,95,35,1,106,normal_corr_dominates,7.19802520e+00,1.00000000e+00,2.49999941e+07,-5.88086917e+00,-7.17351927e-01,-5.16351724e+00,1.00005219e-09
10,2.68058914e-01,8.49427441e-09,95,35,2,107,normal_corr_dominates,2.36849597e+00,1.00000000e+00,2.50000010e+07,9.81693220e-01,-7.17351927e-01,1.69904515e+00,1.00003761e-09
10,2.68058914e-01,8.49427441e-09,95,13,0,39,normal_corr_dominates,1.00486483e+02,1.00000000e+00,2.50000012e+07,1.20838239e+00,1.19068310e-02,1.19647556e+00,1.00004360e-09
10,2.68058914e-01,8.49427441e-09,95,13,1,40,normal_corr_dominates,3.14928037e+02,1.00000000e+00,2.49999963e+07,-3.73788806e+00,1.19068310e-02,-3.74979490e+00,1.00005551e-09
10,2.68058914e-01,8.49427441e-09,95,13,2,41,normal_corr_dominates,1.27823463e+02,1.00000000e+00,2.50000015e+07,1.53387920e+00,1.19068310e-02,1.52197237e+00,1.00003638e-09
10,2.68058914e-01,8.49427441e-09,95,25,0,75,normal_corr_dominates,7.70173797e+00,1.00000000e+00,2.50000013e+07,1.29203527e+00,-1.92791075e-01,1.48482635e+00,1.00004679e-09
10,2.68058914e-01,8.49427441e-09,95,25,1,76,normal_corr_dominates,5.59983927e+00,1.00000000e+00,2.50000009e+07,8.86807959e-01,-1.92791075e-01,1.07959903e+00,1.00004019e-09
10,2.68058914e-01,8.49427441e-09,95,25,2,77,normal_corr_dominates,1.80128592e+01,1.00000000e+00,2.49999963e+07,-3.66550957e+00,-1.92791075e-01,-3.47271849e+00,1.00003591e-09
11,2.92309924e-01,9.26274254e-09,95,0,0,0,normal_corr_dominates,4.87969280e+00,1.00000000e+00,2.50000117e+07,1.16925380e+01,-3.01377934e+00,1.47063174e+01,1.00004086e-09
11,2.92309924e-01,9.26274254e-09,95,0,0,0,corr_ratio_high,7.26137917e-01,5.00000000e-01,2.50000117e+07,1.16925380e+01,-3.01377934e+00,1.47063174e+01,1.00004086e-09
11,2.92309924e-01,9.26274254e-09,95,0,1,1,normal_corr_dominates,2.10925760e+00,1.00000000e+00,2.49999906e+07,-9.37061633e+00,-3.01377934e+00,-6.35683699e+00,1.00008471e-09
11,2.92309924e-01,9.26274254e-09,95,0,2,2,corr_ratio_high,7.51044784e-01,5.00000000e-01,2.49999986e+07,-1.36527770e+00,-3.01377934e+00,1.64850165e+00,1.00005231e-09
11,2.92309924e-01,9.26274254e-09,95,1,0,3,normal_corr_dominates,6.11792444e+00,1.00000000e+00,2.49999938e+07,-6.17053629e+00,-8.66901067e-01,-5.30363522e+00,1.00004417e-09
11,2.92309924e-01,9.26274254e-09,95,1,1,4,normal_corr_dominates,8.50694960e+00,1.00000000e+00,2.50000065e+07,6.50778262e+00,-8.66901067e-01,7.37468369e+00,1.00007087e-09
11,2.92309924e-01,9.26274254e-09,95,1,2,5,normal_corr_dominates,8.49664534e+00,1.00000000e+00,2.49999918e+07,-8.23265198e+00,-8.66901067e-01,-7.36575091e+00,1.00004662e-09
11,2.92309924e-01,9.26274254e-09,95,1,2,5,corr_ratio_high,5.47108648e-01,5.00000000e-01,2.49999918e+07,-8.23265198e+00,-8.66901067e-01,-7.36575091e+00,1.00004662e-09
11,2.92309924e-01,9.26274254e-09,95,2,0,6,normal_corr_dominates,3.59183013e+01,1.00000000e+00,2.49999939e+07,-6.14175884e+00,-1.66360819e-01,-5.97539803e+00,1.00005184e-09
11,2.92309924e-01,9.26274254e-09,95,2,1,7,normal_corr_dominates,4.52338721e+01,1.00000000e+00,2.49999923e+07,-7.69150483e+00,-1.66360819e-01,-7.52514401e+00,1.00005466e-09
11,2.92309924e-01,9.26274254e-09,95,2,2,8,normal_corr_dominates,3.34291272e+01,1.00000000e+00,2.50000054e+07,5.39493616e+00,-1.66360819e-01,5.56129698e+00,1.00003966e-09
11,2.92309924e-01,9.26274254e-09,95,3,0,9,normal_corr_dominates,7.91551643e+00,1.00000000e+00,2.49999947e+07,-5.32212056e+00,-5.96950340e-01,-4.72517022e+00,1.00005946e-09
11,2.92309924e-01,9.26274254e-09,95,3,1,10,normal_corr_dominates,6.23128443e+00,1.00000000e+00,2.50000031e+07,3.12281702e+00,-5.96950340e-01,3.71976736e+00,1.00003673e-09
11,2.92309924e-01,9.26274254e-09,95,3,1,10,corr_ratio_high,5.94421887e-01,5.00000000e-01,2.50000031e+07,3.12281702e+00,-5.96950340e-01,3.71976736e+00,1.00003673e-09
11,2.92309924e-01,9.26274254e-09,95,3,2,11,normal_corr_dominates,2.08189753e+00,1.00000000e+00,2.50000006e+07,6.45839096e-01,-5.96950340e-01,1.24278944e+00,1.00004778e-09
11,2.92309924e-01,9.26274254e-09,95,3,2,11,corr_ratio_high,6.14247455e-01,5.00000000e-01,2.50000006e+07,6.45839096e-01,-5.96950340e-01,1.24278944e+00,1.00004778e-09
11,2.92309924e-01,9.26274254e-09,95,4,1,13,normal_corr_dominates,2.07611507e+00,1.00000000e+00,2.50000031e+07,3.07139945e+00,-2.85415523e+00,5.92555469e+00,1.00004335e-09
11,2.92309924e-01,9.26274254e-09,95,4,1,13,corr_ratio_high,5.11959823e-01,5.00000000e-01,2.50000031e+07,3.07139945e+00,-2.85415523e+00,5.92555469e+00,1.00004335e-09
11,2.92309924e-01,9.26274254e-09,95,5,0,15,normal_corr_dominates,7.45063004e+00,1.00000000e+00,2.49999943e+07,-5.66457371e+00,-6.70313774e-01,-4.99425994e+00,1.00008298e-09
11,2.92309924e-01,9.26274254e-09,95,5,1,16,normal_corr_dominates,4.16960584e+00,1.00000000e+00,2.50000021e+07,2.12463045e+00,-6.70313774e-01,2.79494422e+00,1.00004876e-09
11,2.92309924e-01,9.26274254e-09,95,5,1,16,corr_ratio_high,6.68194319e-01,5.00000000e-01,2.50000021e+07,2.12463045e+00,-6.70313774e-01,2.79494422e+00,1.00004876e-09
11,2.92309924e-01,9.26274254e-09,95,5,2,17,normal_corr_dominates,7.50067390e+00,1.00000000e+00,2.49999943e+07,-5.69811880e+00,-6.70313774e-01,-5.02780503e+00,1.00006706e-09
11,2.92309924e-01,9.26274254e-09,95,7,0,21,normal_corr_dominates,6.91955296e+00,1.00000000e+00,2.49999990e+07,-1.02263489e+00,-1.29127856e-01,-8.93507037e-01,1.00003274e-09
11,2.92309924e-01,9.26274254e-09,95,7,1,22,normal_corr_dominates,1.61883606e+01,1.00000000e+00,2.49999978e+07,-2.21949615e+00,-1.29127856e-01,-2.09036829e+00,1.00004165e-09
11,2.92309924e-01,9.26274254e-09,95,7,2,23,normal_corr_dominates,4.36028247e+00,1.00000000e+00,2.50000004e+07,4.33906070e-01,-1.29127856e-01,5.63033926e-01,1.00004351e-09
11,2.92309924e-01,9.26274254e-09,95,8,0,24,normal_corr_dominates,4.39455188e+00,1.00000000e+00,2.50000070e+07,7.04786140e+00,-2.07622734e+00,9.12408874e+00,1.00007276e-09
11,2.92309924e-01,9.26274254e-09,95,8,1,25,normal_corr_dominates,3.10303249e+00,1.00000000e+00,2.50000044e+07,4.36637355e+00,-2.07622734e+00,6.44260089e+00,1.00004825e-09
11,2.92309924e-01,9.26274254e-09,95,8,2,26,normal_corr_dominates,3.89990892e+00,1.00000000e+00,2.49999898e+07,-1.01733248e+01,-2.07622734e+00,-8.09709751e+00,1.00004742e-09
11,2.92309924e-01,9.26274254e-09,95,8,2,26,corr_ratio_high,5.82175170e-01,5.00000000e-01,2.49999898e+07,-1.01733248e+01,-2.07622734e+00,-8.09709751e+00,1.00004742e-09
11,2.92309924e-01,9.26274254e-09,95,9,0,27,normal_corr_dominates,5.23585920e+00,1.00000000e+00,2.50000072e+07,7.18284923e+00,-1.69572427e+00,8.87857350e+00,1.00004369e-09
11,2.92309924e-01,9.26274254e-09,95,9,0,27,corr_ratio_high,6.45255457e-01,5.00000000e-01,2.50000072e+07,7.18284923e+00,-1.69572427e+00,8.87857350e+00,1.00004369e-09
11,2.92309924e-01,9.26274254e-09,95,9,1,28,normal_corr_dominates,1.38986245e+00,1.00000000e+00,2.50000007e+07,6.61099226e-01,-1.69572427e+00,2.35682349e+00,1.00003893e-09
11,2.92309924e-01,9.26274254e-09,95,9,1,28,corr_ratio_high,6.20179829e-01,5.00000000e-01,2.50000007e+07,6.61099226e-01,-1.69572427e+00,2.35682349e+00,1.00003893e-09
11,2.92309924e-01,9.26274254e-09,95,9,2,29,normal_corr_dominates,6.36456098e+00,1.00000000e+00,2.49999875e+07,-1.24882648e+01,-1.69572427e+00,-1.07925405e+01,1.00009183e-09
11,2.92309924e-01,9.26274254e-09,95,9,2,29,corr_ratio_high,7.36680038e-01,5.00000000e-01,2.49999875e+07,-1.24882648e+01,-1.69572427e+00,-1.07925405e+01,1.00009183e-09
11,2.92309924e-01,9.26274254e-09,95,10,0,30,normal_corr_dominates,1.44233247e+00,1.00000000e+00,2.50000004e+07,4.34887053e-01,-9.83167836e-01,1.41805489e+00,1.00003739e-09
11,2.92309924e-01,9.26274254e-09,95,12,0,36,normal_corr_dominates,1.35937526e+00,1.00000000e+00,2.49999956e+07,-4.35749409e+00,-1.84688470e+00,-2.51060938e+00,1.00005611e-09
11,2.92309924e-01,9.26274254e-09,95,12,1,37,normal_corr_dominates,2.11821644e+00,1.00000000e+00,2.50000021e+07,2.06521684e+00,-1.84688470e+00,3.91210154e+00,1.00002676e-09
11,2.92309924e-01,9.26274254e-09,95,12,1,37,corr_ratio_high,9.72942884e-01,5.00000000e-01,2.50000021e+07,2.06521684e+00,-1.84688470e+00,3.91210154e+00,1.00002676e-09
11,2.92309924e-01,9.26274254e-09,95,12,2,38,normal_corr_dominates,2.52624714e+00,1.00000000e+00,2.49999935e+07,-6.51257191e+00,-1.84688470e+00,-4.66568720e+00,1.00007686e-09
11,2.92309924e-01,9.26274254e-09,95,12,2,38,corr_ratio_high,5.50045796e-01,5.00000000e-01,2.49999935e+07,-6.51257191e+00,-1.84688470e+00,-4.66568720e+00,1.00007686e-09
11,2.92309924e-01,9.26274254e-09,95,14,0,42,normal_corr_dominates,4.53432676e+01,1.00000000e+00,2.49999978e+07,-2.23453920e+00,5.03918479e-02,-2.28493105e+00,1.00005211e-09
11,2.92309924e-01,9.26274254e-09,95,14,1,43,normal_corr_dominates,1.08825236e+01,1.00000000e+00,2.49999995e+07,-4.97998628e-01,5.03918479e-02,-5.48390476e-01,1.00004316e-09
11,2.92309924e-01,9.26274254e-09,95,14,2,44,normal_corr_dominates,1.32803262e+01,1.00000000e+00,2.50000007e+07,7.19612026e-01,5.03918479e-02,6.69220178e-01,1.00004278e-09
11,2.92309924e-01,9.26274254e-09,95,15,1,46,normal_corr_dominates,5.09595435e+00,1.00000000e+00,2.49999929e+07,-7.12754770e+00,-1.16922590e+00,-5.95832180e+00,1.00005702e-09
11,2.92309924e-01,9.26274254e-09,95,15,2,47,normal_corr_dominates,2.38166101e+00,1.00000000e+00,2.50000016e+07,1.61547384e+00,-1.16922590e+00,2.78469974e+00,1.00003966e-09
11,2.92309924e-01,9.26274254e-09,95,18,0,54,normal_corr_dominates,1.12288594e+00,1.00000000e+00,2.49999981e+07,-1.93420380e+00,-9.11119982e-01,-1.02308382e+00,1.00004029e-09
11,2.92309924e-01,9.26274254e-09,95,18,2,56,normal_corr_dominates,1.03297044e+00,1.00000000e+00,2.49999981e+07,-1.85227999e+00,-9.11119982e-01,-9.41160009e-01,1.00004813e-09
11,2.92309924e-01,9.26274254e-09,95,21,0,63,normal_corr_dominates,1.41131776e+00,1.00000000e+00,2.50000013e+07,1.32011389e+00,-3.20947455e+00,4.52958844e+00,1.00003541e-09
11,2.92309924e-01,9.26274254e-09,95,21,0,63,corr_ratio_high,7.66505956e-01,5.00000000e-01,2.50000013e+07,1.32011389e+00,-3.20947455e+00,4.52958844e+00,1.00003541e-09
11,2.92309924e-01,9.26274254e-09,95,22,0,66,normal_corr_dominates,2.61602689e+00,1.00000000e+00,2.50000035e+07,3.48162380e+00,-2.15443432e+00,5.63605812e+00,1.00004980e-09
11,2.92309924e-01,9.26274254e-09,95,22,2,68,normal_corr_dominates,1.25433950e+00,1.00000000e+00,2.49999951e+07,-4.85682639e+00,-2.15443432e+00,-2.70239207e+00,1.00004878e-09
11,2.92309924e-01,9.26274254e-09,95,23,0,69,normal_corr_dominates,1.17475372e+00,1.00000000e+00,2.50000003e+07,3.28946252e-01,-1.88234188e+00,2.21128814e+00,1.00004841e-09
11,2.92309924e-01,9.26274254e-09,95,23,0,69,corr_ratio_high,8.05310651e-01,5.00000000e-01,2.50000003e+07,3.28946252e-01,-1.88234188e+00,2.21128814e+00,1.00004841e-09
11,2.92309924e-01,9.26274254e-09,95,23,1,70,corr_ratio_high,5.17695571e-01,5.00000000e-01,2.49999963e+07,-3.69708680e+00,-1.88234188e+00,-1.81474492e+00,1.00005553e-09
11,2.92309924e-01,9.26274254e-09,95,24,0,72,normal_corr_dominates,1.77257742e+00,1.00000000e+00,2.50000012e+07,1.22487640e+00,-1.58544164e+00,2.81031804e+00,1.00003859e-09
11,2.92309924e-01,9.26274254e-09,95,24,0,72,corr_ratio_high,6.20504880e-01,5.00000000e-01,2.50000012e+07,1.22487640e+00,-1.58544164e+00,2.81031804e+00,1.00003859e-09
11,2.92309924e-01,9.26274254e-09,95,24,2,74,normal_corr_dominates,1.17659680e+00,1.00000000e+00,2.49999965e+07,-3.45086719e+00,-1.58544164e+00,-1.86542556e+00,1.00004690e-09
11,2.92309924e-01,9.26274254e-09,95,26,0,78,normal_corr_dominates,1.20772472e+00,1.00000000e+00,2.50000001e+07,6.30426690e-02,-3.03491415e-01,3.66534084e-01,1.00003434e-09
11,2.92309924e-01,9.26274254e-09,95,27,2,83,normal_corr_dominates,1.42625846e+00,1.00000000e+00,2.49999913e+07,-8.73824126e+00,-3.60152943e+00,-5.13671183e+00,1.00005480e-09
11,2.92309924e-01,9.26274254e-09,95,28,0,84,normal_corr_dominates,1.29042564e+00,1.00000000e+00,2.49999978e+07,-2.19395222e+00,-9.57879697e-01,-1.23607252e+00,1.00005306e-09
11,2.92309924e-01,9.26274254e-09,95,28,1,85,normal_corr_dominates,1.53299877e+00,1.00000000e+00,2.50000005e+07,5.10548700e-01,-9.57879697e-01,1.46842840e+00,1.00004400e-09
11,2.92309924e-01,9.26274254e-09,95,29,0,87,normal_corr_dominates,6.60795962e+00,1.00000000e+00,2.49999990e+07,-1.01810188e+00,-1.33820621e-01,-8.84281260e-01,1.00005033e-09
11,2.92309924e-01,9.26274254e-09,95,29,1,88,normal_corr_dominates,1.81032160e+00,1.00000000e+00,2.50000001e+07,1.08437740e-01,-1.33820621e-01,2.42258361e-01,1.00004490e-09
11,2.92309924e-01,9.26274254e-09,95,29,2,89,normal_corr_dominates,7.22532221e+00,1.00000000e+00,2.50000008e+07,8.33076484e-01,-1.33820621e-01,9.66897105e-01,1.00004236e-09
11,2.92309924e-01,9.26274254e-09,95,30,0,90,normal_corr_dominates,1.33462393e+01,1.00000000e+00,2.49999971e+07,-2.88363109e+00,-2.01002579e-01,-2.68262851e+00,1.00004203e-09
11,2.92309924e-01,9.26274254e-09,95,30,2,92,normal_corr_dominates,5.42403034e+00,1.00000000e+00,2.50000009e+07,8.89241509e-01,-2.01002579e-01,1.09024409e+00,1.00004084e-09
11,2.92309924e-01,9.26274254e-09,95,32,1,97,normal_corr_dominates,2.83393433e+00,1.00000000e+00,2.49999956e+07,-4.39151497e+00,-1.14543302e+00,-3.24608195e+00,1.00004064e-09
11,2.92309924e-01,9.26274254e-09,95,32,2,98,normal_corr_dominates,1.70506494e+00,1.00000000e+00,2.50000008e+07,8.07604659e-01,-1.14543302e+00,1.95303768e+00,1.00004255e-09
11,2.92309924e-01,9.26274254e-09,95,35,1,106,normal_corr_dominates,7.22148206e+00,1.00000000e+00,2.49999936e+07,-6.38935209e+00,-7.77153321e-01,-5.61219877e+00,1.00005669e-09
11,2.92309924e-01,9.26274254e-09,95,35,2,107,normal_corr_dominates,2.37616971e+00,1.00000000e+00,2.50000011e+07,1.06949486e+00,-7.77153321e-01,1.84664818e+00,1.00004085e-09
11,2.92309924e-01,9.26274254e-09,95,13,0,39,normal_corr_dominates,8.35468050e+01,1.00000000e+00,2.50000013e+07,1.31387701e+00,1.55402326e-02,1.29833678e+00,1.00004736e-09
11,2.92309924e-01,9.26274254e-09,95,13,1,40,normal_corr_dominates,2.62029026e+02,1.00000000e+00,2.49999959e+07,-4.05645177e+00,1.55402326e-02,-4.07199200e+00,1.00006029e-09
11,2.92309924e-01,9.26274254e-09,95,13,2,41,normal_corr_dominates,1.06561899e+02,1.00000000e+00,2.50000017e+07,1.67153693e+00,1.55402326e-02,1.65599669e+00,1.00003952e-09
11,2.92309924e-01,9.26274254e-09,95,25,0,75,normal_corr_dominates,7.80138175e+00,1.00000000e+00,2.50000014e+07,1.40576115e+00,-2.06687582e-01,1.61244873e+00,1.00005081e-09
11,2.92309924e-01,9.26274254e-09,95,25,1,76,normal_corr_dominates,5.68607928e+00,1.00000000e+00,2.50000010e+07,9.68554395e-01,-2.06687582e-01,1.17524198e+00,1.00004366e-09
11,2.92309924e-01,9.26274254e-09,95,25,2,77,normal_corr_dominates,1.82690774e+01,1.00000000e+00,2.49999960e+07,-3.98267902e+00,-2.06687582e-01,-3.77599144e+00,1.00003901e-09
12,3.17118632e-01,1.00488830e-08,95,0,0,0,normal_corr_dominates,4.88680135e+00,1.00000000e+00,2.50000126e+07,1.26378537e+01,-3.25147918e+00,1.58893329e+01,1.00004418e-09
12,3.17118632e-01,1.00488830e-08,95,0,0,0,corr_ratio_high,7.26034213e-01,5.00000000e-01,2.50000126e+07,1.26378537e+01,-3.25147918e+00,1.58893329e+01,1.00004418e-09
12,3.17118632e-01,1.00488830e-08,95,0,1,1,normal_corr_dominates,2.11354587e+00,1.00000000e+00,2.49999899e+07,-1.01236296e+01,-3.25147918e+00,-6.87215041e+00,1.00009153e-09
12,3.17118632e-01,1.00488830e-08,95,0,2,2,corr_ratio_high,7.51143102e-01,5.00000000e-01,2.49999985e+07,-1.45992973e+00,-3.25147918e+00,1.79154945e+00,1.00005652e-09
12,3.17118632e-01,1.00488830e-08,95,1,0,3,normal_corr_dominates,6.14316015e+00,1.00000000e+00,2.49999933e+07,-6.66928655e+00,-9.33660510e-01,-5.73562604e+00,1.00004775e-09
12,3.17118632e-01,1.00488830e-08,95,1,1,4,normal_corr_dominates,8.54735226e+00,1.00000000e+00,2.50000070e+07,7.04666476e+00,-9.33660510e-01,7.98032527e+00,1.00007657e-09
12,3.17118632e-01,1.00488830e-08,95,1,2,5,normal_corr_dominates,8.53443864e+00,1.00000000e+00,2.49999911e+07,-8.90192884e+00,-9.33660510e-01,-7.96826833e+00,1.00005039e-09
12,3.17118632e-01,1.00488830e-08,95,1,2,5,corr_ratio_high,5.47185855e-01,5.00000000e-01,2.49999911e+07,-8.90192884e+00,-9.33660510e-01,-7.96826833e+00,1.00005039e-09
12,3.17118632e-01,1.00488830e-08,95,2,0,6,normal_corr_dominates,3.63283428e+01,1.00000000e+00,2.49999934e+07,-6.63845292e+00,-1.77839476e-01,-6.46061344e+00,1.00005604e-09
12,3.17118632e-01,1.00488830e-08,95,2,1,7,normal_corr_dominates,4.57577854e+01,1.00000000e+00,2.49999917e+07,-8.31538007e+00,-1.77839476e-01,-8.13754059e+00,1.00005907e-09
12,3.17118632e-01,1.00488830e-08,95,2,2,8,normal_corr_dominates,3.38073820e+01,1.00000000e+00,2.50000058e+07,5.83444763e+00,-1.77839476e-01,6.01228711e+00,1.00004286e-09
12,3.17118632e-01,1.00488830e-08,95,3,0,9,normal_corr_dominates,7.95538386e+00,1.00000000e+00,2.49999943e+07,-5.74738790e+00,-6.41780184e-01,-5.10560772e+00,1.00006425e-09
12,3.17118632e-01,1.00488830e-08,95,3,1,10,normal_corr_dominates,6.27235203e+00,1.00000000e+00,2.50000034e+07,3.38369105e+00,-6.41780184e-01,4.02547124e+00,1.00003969e-09
12,3.17118632e-01,1.00488830e-08,95,3,1,10,corr_ratio_high,5.94314147e-01,5.00000000e-01,2.50000034e+07,3.38369105e+00,-6.41780184e-01,4.02547124e+00,1.00003969e-09
12,3.17118632e-01,1.00488830e-08,95,3,2,11,normal_corr_dominates,2.08721408e+00,1.00000000e+00,2.50000007e+07,6.97752452e-01,-6.41780184e-01,1.33953264e+00,1.00005165e-09
12,3.17118632e-01,1.00488830e-08,95,3,2,11,corr_ratio_high,6.14250291e-01,5.00000000e-01,2.50000007e+07,6.97752452e-01,-6.41780184e-01,1.33953264e+00,1.00005165e-09
12,3.17118632e-01,1.00488830e-08,95,4,1,13,normal_corr_dominates,2.07825215e+00,1.00000000e+00,2.50000033e+07,3.31935772e+00,-3.07846148e+00,6.39781920e+00,1.00004688e-09
12,3.17118632e-01,1.00488830e-08,95,4,1,13,corr_ratio_high,5.11404724e-01,5.00000000e-01,2.50000033e+07,3.31935772e+00,-3.07846148e+00,6.39781920e+00,1.00004688e-09
12,3.17118632e-01,1.00488830e-08,95,5,0,15,normal_corr_dominates,7.50641089e+00,1.00000000e+00,2.49999939e+07,-6.12017386e+00,-7.19477808e-01,-5.40069605e+00,1.00008966e-09
12,3.17118632e-01,1.00488830e-08,95,5,1,16,normal_corr_dominates,4.20752953e+00,1.00000000e+00,2.50000023e+07,2.30774631e+00,-7.19477808e-01,3.02722412e+00,1.00005270e-09
12,3.17118632e-01,1.00488830e-08,95,5,1,16,corr_ratio_high,6.68180126e-01,5.00000000e-01,2.50000023e+07,2.30774631e+00,-7.19477808e-01,3.02722412e+00,1.00005270e-09
12,3.17118632e-01,1.00488830e-08,95,5,2,17,normal_corr_dominates,7.55471081e+00,1.00000000e+00,2.49999938e+07,-6.15492458e+00,-7.19477808e-01,-5.43544677e+00,1.00007247e-09
12,3.17118632e-01,1.00488830e-08,95,7,0,21,normal_corr_dominates,7.01794294e+00,1.00000000e+00,2.49999989e+07,-1.10088287e+00,-1.37302407e-01,-9.63580462e-01,1.00003539e-09
12,3.17118632e-01,1.00488830e-08,95,7,1,22,normal_corr_dominates,1.64690298e+01,1.00000000e+00,2.49999976e+07,-2.39853985e+00,-1.37302407e-01,-2.26123744e+00,1.00004502e-09
12,3.17118632e-01,1.00488830e-08,95,7,2,23,normal_corr_dominates,4.44124911e+00,1.00000000e+00,2.50000005e+07,4.72491788e-01,-1.37302407e-01,6.09794195e-01,1.00004702e-09
12,3.17118632e-01,1.00488830e-08,95,8,0,24,normal_corr_dominates,4.40754182e+00,1.00000000e+00,2.50000076e+07,7.63206960e+00,-2.23975816e+00,9.87182776e+00,1.00007861e-09
12,3.17118632e-01,1.00488830e-08,95,8,1,25,normal_corr_dominates,3.10851360e+00,1.00000000e+00,2.50000047e+07,4.72256054e+00,-2.23975816e+00,6.96231870e+00,1.00005215e-09
12,3.17118632e-01,1.00488830e-08,95,8,2,26,normal_corr_dominates,3.91098643e+00,1.00000000e+00,2.49999890e+07,-1.09994219e+01,-2.23975816e+00,-8.75966377e+00,1.00005126e-09
12,3.17118632e-01,1.00488830e-08,95,8,2,26,corr_ratio_high,5.82069912e-01,5.00000000e-01,2.49999890e+07,-1.09994219e+01,-2.23975816e+00,-8.75966377e+00,1.00005126e-09
12,3.17118632e-01,1.00488830e-08,95,9,0,27,normal_corr_dominates,5.24855906e+00,1.00000000e+00,2.50000078e+07,7.76838381e+00,-1.82847495e+00,9.59685875e+00,1.00004722e-09
12,3.17118632e-01,1.00488830e-08,95,9,0,27,corr_ratio_high,6.45306161e-01,5.00000000e-01,2.50000078e+07,7.76838381e+00,-1.82847495e+00,9.59685875e+00,1.00004722e-09
12,3.17118632e-01,1.00488830e-08,95,9,1,28,normal_corr_dominates,1.39164203e+00,1.00000000e+00,2.50000007e+07,7.16107648e-01,-1.82847495e+00,2.54458259e+00,1.00004209e-09
12,3.17118632e-01,1.00488830e-08,95,9,1,28,corr_ratio_high,6.19919946e-01,5.00000000e-01,2.50000007e+07,7.16107648e-01,-1.82847495e+00,2.54458259e+00,1.00004209e-09
12,3.17118632e-01,1.00488830e-08,95,9,2,29,normal_corr_dominates,6.37721077e+00,1.00000000e+00,2.49999865e+07,-1.34890451e+01,-1.82847495e+00,-1.16605701e+01,1.00009921e-09
12,3.17118632e-01,1.00488830e-08,95,9,2,29,corr_ratio_high,7.36780660e-01,5.00000000e-01,2.49999865e+07,-1.34890451e+01,-1.82847495e+00,-1.16605701e+01,1.00009921e-09
12,3.17118632e-01,1.00488830e-08,95,10,0,30,normal_corr_dominates,1.44444261e+00,1.00000000e+00,2.50000005e+07,4.71042400e-01,-1.05984976e+00,1.53089217e+00,1.00004042e-09
12,3.17118632e-01,1.00488830e-08,95,12,0,36,normal_corr_dominates,1.36188633e+00,1.00000000e+00,2.49999953e+07,-4.70471729e+00,-1.99193214e+00,-2.71278515e+00,1.00006064e-09
12,3.17118632e-01,1.00488830e-08,95,12,1,37,normal_corr_dominates,2.12018475e+00,1.00000000e+00,2.50000022e+07,2.23133201e+00,-1.99193214e+00,4.22326415e+00,1.00002895e-09
12,3.17118632e-01,1.00488830e-08,95,12,1,37,corr_ratio_high,9.72604770e-01,5.00000000e-01,2.50000022e+07,2.23133201e+00,-1.99193214e+00,4.22326415e+00,1.00002895e-09
12,3.17118632e-01,1.00488830e-08,95,12,2,38,normal_corr_dominates,2.52932926e+00,1.00000000e+00,2.49999930e+07,-7.03018439e+00,-1.99193214e+00,-5.03825225e+00,1.00008305e-09
12,3.17118632e-01,1.00488830e-08,95,12,2,38,corr_ratio_high,5.50110324e-01,5.00000000e-01,2.49999930e+07,-7.03018439e+00,-1.99193214e+00,-5.03825225e+00,1.00008305e-09
12,3.17118632e-01,1.00488830e-08,95,14,0,42,normal_corr_dominates,4.33531354e+01,1.00000000e+00,2.49999976e+07,-2.41371719e+00,5.69902835e-02,-2.47070748e+00,1.00005632e-09
12,3.17118632e-01,1.00488830e-08,95,14,1,43,normal_corr_dominates,1.04015809e+01,1.00000000e+00,2.49999995e+07,-5.35798762e-01,5.69902835e-02,-5.92789045e-01,1.00004664e-09
12,3.17118632e-01,1.00488830e-08,95,14,2,44,normal_corr_dominates,1.27003988e+01,1.00000000e+00,2.50000008e+07,7.80789613e-01,5.69902835e-02,7.23799330e-01,1.00004623e-09
12,3.17118632e-01,1.00488830e-08,95,15,1,46,normal_corr_dominates,5.10360581e+00,1.00000000e+00,2.49999923e+07,-7.70272490e+00,-1.26199580e+00,-6.44072910e+00,1.00006162e-09
12,3.17118632e-01,1.00488830e-08,95,15,2,47,normal_corr_dominates,2.38444118e+00,1.00000000e+00,2.50000017e+07,1.74715895e+00,-1.26199580e+00,3.00915475e+00,1.00004287e-09
12,3.17118632e-01,1.00488830e-08,95,18,0,54,normal_corr_dominates,1.12529043e+00,1.00000000e+00,2.49999979e+07,-2.08819104e+00,-9.82543853e-01,-1.10564719e+00,1.00004355e-09
12,3.17118632e-01,1.00488830e-08,95,18,2,56,normal_corr_dominates,1.03603949e+00,1.00000000e+00,2.49999980e+07,-2.00049808e+00,-9.82543853e-01,-1.01795423e+00,1.00005202e-09
12,3.17118632e-01,1.00488830e-08,95,21,0,63,normal_corr_dominates,1.41395334e+00,1.00000000e+00,2.50000014e+07,1.43490066e+00,-3.46633432e+00,4.90123498e+00,1.00003827e-09
12,3.17118632e-01,1.00488830e-08,95,21,0,63,corr_ratio_high,7.66523668e-01,5.00000000e-01,2.50000014e+07,1.43490066e+00,-3.46633432e+00,4.90123498e+00,1.00003827e-09
12,3.17118632e-01,1.00488830e-08,95,22,0,66,normal_corr_dominates,2.61988927e+00,1.00000000e+00,2.50000038e+07,3.76607890e+00,-2.32489898e+00,6.09097788e+00,1.00005382e-09
12,3.17118632e-01,1.00488830e-08,95,22,2,68,normal_corr_dominates,1.25730427e+00,1.00000000e+00,2.49999948e+07,-5.24800438e+00,-2.32489898e+00,-2.92310540e+00,1.00005272e-09
12,3.17118632e-01,1.00488830e-08,95,23,0,69,normal_corr_dominates,1.18156426e+00,1.00000000e+00,2.50000004e+07,3.68146773e-01,-2.02763898e+00,2.39578575e+00,1.00005229e-09
12,3.17118632e-01,1.00488830e-08,95,23,0,69,corr_ratio_high,8.05605509e-01,5.00000000e-01,2.50000004e+07,3.68146773e-01,-2.02763898e+00,2.39578575e+00,1.00005229e-09
12,3.17118632e-01,1.00488830e-08,95,23,1,70,corr_ratio_high,5.17531226e-01,5.00000000e-01,2.49999960e+07,-3.99993194e+00,-2.02763898e+00,-1.97229297e+00,1.00006003e-09
12,3.17118632e-01,1.00488830e-08,95,24,0,72,normal_corr_dominates,1.77773315e+00,1.00000000e+00,2.50000013e+07,1.33074395e+00,-1.71105468e+00,3.04179863e+00,1.00004171e-09
12,3.17118632e-01,1.00488830e-08,95,24,0,72,corr_ratio_high,6.20593010e-01,5.00000000e-01,2.50000013e+07,1.33074395e+00,-1.71105468e+00,3.04179863e+00,1.00004171e-09
12,3.17118632e-01,1.00488830e-08,95,24,2,74,normal_corr_dominates,1.17869433e+00,1.00000000e+00,2.49999963e+07,-3.72786514e+00,-1.71105468e+00,-2.01681046e+00,1.00005068e-09
12,3.17118632e-01,1.00488830e-08,95,26,0,78,normal_corr_dominates,1.21146658e+00,1.00000000e+00,2.50000001e+07,6.89520759e-02,-3.26066062e-01,3.95018138e-01,1.00003712e-09
12,3.17118632e-01,1.00488830e-08,95,27,2,83,normal_corr_dominates,1.42769658e+00,1.00000000e+00,2.49999906e+07,-9.44360767e+00,-3.88994562e+00,-5.55366205e+00,1.00005923e-09
12,3.17118632e-01,1.00488830e-08,95,28,0,84,normal_corr_dominates,1.29159003e+00,1.00000000e+00,2.49999976e+07,-2.36723831e+00,-1.03301127e+00,-1.33422705e+00,1.00005734e-09
12,3.17118632e-01,1.00488830e-08,95,28,1,85,normal_corr_dominates,1.53814914e+00,1.00000000e+00,2.50000006e+07,5.55914124e-01,-1.03301127e+00,1.58892539e+00,1.00004755e-09
12,3.17118632e-01,1.00488830e-08,95,29,0,87,normal_corr_dominates,6.73526197e+00,1.00000000e+00,2.49999989e+07,-1.09866715e+00,-1.42033605e-01,-9.56633541e-01,1.00005439e-09
12,3.17118632e-01,1.00488830e-08,95,29,1,88,normal_corr_dominates,1.84484127e+00,1.00000000e+00,2.50000001e+07,1.19995852e-01,-1.42033605e-01,2.62029457e-01,1.00004853e-09
12,3.17118632e-01,1.00488830e-08,95,29,2,89,normal_corr_dominates,7.35874821e+00,1.00000000e+00,2.50000009e+07,9.03155934e-01,-1.42033605e-01,1.04518954e+00,1.00004578e-09
12,3.17118632e-01,1.00488830e-08,95,30,0,90,normal_corr_dominates,1.35177840e+01,1.00000000e+00,2.49999969e+07,-3.11553965e+00,-2.14601599e-01,-2.90093805e+00,1.00004543e-09
12,3.17118632e-01,1.00488830e-08,95,30,2,92,normal_corr_dominates,5.49374698e+00,1.00000000e+00,2.50000010e+07,9.64365287e-01,-2.14601599e-01,1.17896689e+00,1.00004414e-09
12,3.17118632e-01,1.00488830e-08,95,32,1,97,normal_corr_dominates,2.84254939e+00,1.00000000e+00,2.49999953e+07,-4.74571076e+00,-1.23504223e+00,-3.51066853e+00,1.00004393e-09
12,3.17118632e-01,1.00488830e-08,95,32,2,98,normal_corr_dominates,1.70998224e+00,1.00000000e+00,2.50000009e+07,8.76858044e-01,-1.23504223e+00,2.11190027e+00,1.00004598e-09
12,3.17118632e-01,1.00488830e-08,95,35,1,106,normal_corr_dominates,7.24387334e+00,1.00000000e+00,2.49999931e+07,-6.90679127e+00,-8.37808999e-01,-6.06898228e+00,1.00006126e-09
12,3.17118632e-01,1.00488830e-08,95,35,2,107,normal_corr_dominates,2.38350902e+00,1.00000000e+00,2.50000012e+07,1.15911631e+00,-8.37808999e-01,1.99692531e+00,1.00004416e-09
12,3.17118632e-01,1.00488830e-08,95,13,0,39,normal_corr_dominates,7.20499200e+01,1.00000000e+00,2.50000014e+07,1.42122746e+00,1.94555649e-02,1.40177190e+00,1.00005118e-09
12,3.17118632e-01,1.00488830e-08,95,13,1,40,normal_corr_dominates,2.26137775e+02,1.00000000e+00,2.49999956e+07,-4.38018259e+00,1.94555649e-02,-4.39963816e+00,1.00006515e-09
12,3.17118632e-01,1.00488830e-08,95,13,2,41,normal_corr_dominates,9.21396627e+01,1.00000000e+00,2.50000018e+07,1.81208476e+00,1.94555649e-02,1.79262919e+00,1.00004271e-09
12,3.17118632e-01,1.00488830e-08,95,25,0,75,normal_corr_dominates,7.89813579e+00,1.00000000e+00,2.50000015e+07,1.52159344e+00,-2.20580384e-01,1.74217383e+00,1.00005491e-09
12,3.17118632e-01,1.00488830e-08,95,25,1,76,normal_corr_dominates,5.77022402e+00,1.00000000e+00,2.50000011e+07,1.05221785e+00,-2.20580384e-01,1.27279823e+00,1.00004718e-09
12,3.17118632e-01,1.00488830e-08,95,25,2,77,normal_corr_dominates,1.85186099e+01,1.00000000e+00,2.49999957e+07,-4.30542246e+00,-2.20580384e-01,-4.08484208e+00,1.00004217e-09
13,3.43545307e-01,1.08862939e-08,95,0,0,0,normal_corr_dominates,4.89386573e+00,1.00000000e+00,2.50000136e+07,1.36392435e+01,-3.50275137e+00,1.71419949e+01,1.00004770e-09
13,3.43545307e-01,1.08862939e-08,95,0,0,0,corr_ratio_high,7.25929594e-01,5.00000000e-01,2.50000136e+07,1.36392435e+01,-3.50275137e+00,1.71419949e+01,1.00004770e-09
13,3.43545307e-01,1.08862939e-08,95,0,1,1,normal_corr_dominates,2.11782771e+00,1.00000000e+00,2.49999891e+07,-1.09209753e+01,-3.50275137e+00,-7.41822391e+00,1.00009875e-09
13,3.43545307e-01,1.08862939e-08,95,0,2,2,corr_ratio_high,7.51238176e-01,5.00000000e-01,2.49999984e+07,-1.55864815e+00,-3.50275137e+00,1.94410321e+00,1.00006097e-09
13,3.43545307e-01,1.08862939e-08,95,1,0,3,normal_corr_dominates,6.16828483e+00,1.00000000e+00,2.49999928e+07,-7.19761448e+00,-1.00409159e+00,-6.19352289e+00,1.00005155e-09
13,3.43545307e-01,1.08862939e-08,95,1,1,4,normal_corr_dominates,8.58769690e+00,1.00000000e+00,2.50000076e+07,7.61874261e+00,-1.00409159e+00,8.62283420e+00,1.00008260e-09
13,3.43545307e-01,1.08862939e-08,95,1,2,5,normal_corr_dominates,8.57220618e+00,1.00000000e+00,2.49999904e+07,-9.61137168e+00,-1.00409159e+00,-8.60728010e+00,1.00005438e-09
13,3.43545307e-01,1.08862939e-08,95,1,2,5,corr_ratio_high,5.47259058e-01,5.00000000e-01,2.49999904e+07,-9.61137168e+00,-1.00409159e+00,-8.60728010e+00,1.00005438e-09
13,3.43545307e-01,1.08862939e-08,95,2,0,6,normal_corr_dominates,3.67407342e+01,1.00000000e+00,2.49999928e+07,-7.16462781e+00,-1.89838061e-01,-6.97478975e+00,1.00006048e-09
13,3.43545307e-01,1.08862939e-08,95,2,1,7,normal_corr_dominates,4.62854568e+01,1.00000000e+00,2.49999910e+07,-8.97657946e+00,-1.89838061e-01,-8.78674140e+00,1.00006374e-09
13,3.43545307e-01,1.08862939e-08,95,2,2,8,normal_corr_dominates,3.41880716e+01,1.00000000e+00,2.50000063e+07,6.30035918e+00,-1.89838061e-01,6.49019724e+00,1.00004626e-09
13,3.43545307e-01,1.08862939e-08,95,3,0,9,normal_corr_dominates,7.99537773e+00,1.00000000e+00,2.49999938e+07,-6.19746419e+00,-6.88960972e-01,-5.50850322e+00,1.00006933e-09
13,3.43545307e-01,1.08862939e-08,95,3,1,10,normal_corr_dominates,6.31361708e+00,1.00000000e+00,2.50000037e+07,3.66087479e+00,-6.88960972e-01,4.34983577e+00,1.00004284e-09
13,3.43545307e-01,1.08862939e-08,95,3,1,10,corr_ratio_high,5.94200329e-01,5.00000000e-01,2.50000037e+07,3.66087479e+00,-6.88960972e-01,4.34983577e+00,1.00004284e-09
13,3.43545307e-01,1.08862939e-08,95,3,2,11,normal_corr_dominates,2.09259270e+00,1.00000000e+00,2.50000008e+07,7.52753727e-01,-6.88960972e-01,1.44171470e+00,1.00005575e-09
13,3.43545307e-01,1.08862939e-08,95,3,2,11,corr_ratio_high,6.14252341e-01,5.00000000e-01,2.50000008e+07,7.52753727e-01,-6.88960972e-01,1.44171470e+00,1.00005575e-09
13,3.43545307e-01,1.08862939e-08,95,4,1,13,normal_corr_dominates,2.08036359e+00,1.00000000e+00,2.50000036e+07,3.58193496e+00,-3.31549025e+00,6.89742520e+00,1.00005061e-09
13,3.43545307e-01,1.08862939e-08,95,4,1,13,corr_ratio_high,5.10844300e-01,5.00000000e-01,2.50000036e+07,3.58193496e+00,-3.31549025e+00,6.89742520e+00,1.00005061e-09
13,3.43545307e-01,1.08862939e-08,95,5,0,15,normal_corr_dominates,7.56230556e+00,1.00000000e+00,2.49999934e+07,-6.60268758e+00,-7.71134309e-01,-5.83155327e+00,1.00009675e-09
13,3.43545307e-01,1.08862939e-08,95,5,1,16,normal_corr_dominates,4.24564181e+00,1.00000000e+00,2.50000025e+07,2.50282575e+00,-7.71134309e-01,3.27396006e+00,1.00005687e-09
13,3.43545307e-01,1.08862939e-08,95,5,1,16,corr_ratio_high,6.68160375e-01,5.00000000e-01,2.50000025e+07,2.50282575e+00,-7.71134309e-01,3.27396006e+00,1.00005687e-09
13,3.43545307e-01,1.08862939e-08,95,5,2,17,normal_corr_dominates,7.60884618e+00,1.00000000e+00,2.49999934e+07,-6.63857665e+00,-7.71134309e-01,-5.86744234e+00,1.00007819e-09
13,3.43545307e-01,1.08862939e-08,95,7,0,21,normal_corr_dominates,7.11799913e+00,1.00000000e+00,2.49999988e+07,-1.18331284e+00,-1.45764100e-01,-1.03754874e+00,1.00003819e-09
13,3.43545307e-01,1.08862939e-08,95,7,1,22,normal_corr_dominates,1.67560466e+01,1.00000000e+00,2.49999974e+07,-2.58819415e+00,-1.45764100e-01,-2.44243005e+00,1.00004858e-09
13,3.43545307e-01,1.08862939e-08,95,7,2,23,normal_corr_dominates,4.52391058e+00,1.00000000e+00,2.50000005e+07,5.13659654e-01,-1.45764100e-01,6.59423754e-01,1.00005074e-09
13,3.43545307e-01,1.08862939e-08,95,8,0,24,normal_corr_dominates,4.42055862e+00,1.00000000e+00,2.50000083e+07,8.25237231e+00,-2.41258029e+00,1.06649526e+01,1.00008481e-09
13,3.43545307e-01,1.08862939e-08,95,8,1,25,normal_corr_dominates,3.11398642e+00,1.00000000e+00,2.50000051e+07,5.10016198e+00,-2.41258029e+00,7.51274227e+00,1.00005628e-09
13,3.43545307e-01,1.08862939e-08,95,8,2,26,normal_corr_dominates,3.92209512e+00,1.00000000e+00,2.49999881e+07,-1.18749497e+01,-2.41258029e+00,-9.46236939e+00,1.00005532e-09
13,3.43545307e-01,1.08862939e-08,95,8,2,26,corr_ratio_high,5.81957925e-01,5.00000000e-01,2.49999881e+07,-1.18749497e+01,-2.41258029e+00,-9.46236939e+00,1.00005532e-09
13,3.43545307e-01,1.08862939e-08,95,9,0,27,normal_corr_dominates,5.26129450e+00,1.00000000e+00,2.50000084e+07,8.38917423e+00,-1.96869149e+00,1.03578657e+01,1.00005097e-09
13,3.43545307e-01,1.08862939e-08,95,9,0,27,corr_ratio_high,6.45356178e-01,5.00000000e-01,2.50000084e+07,8.38917423e+00,-1.96869149e+00,1.03578657e+01,1.00005097e-09
13,3.43545307e-01,1.08862939e-08,95,9,1,28,normal_corr_dominates,1.39346138e+00,1.00000000e+00,2.50000008e+07,7.74604066e-01,-1.96869149e+00,2.74329556e+00,1.00004544e-09
13,3.43545307e-01,1.08862939e-08,95,9,1,28,corr_ratio_high,6.19658201e-01,5.00000000e-01,2.50000008e+07,7.74604066e-01,-1.96869149e+00,2.74329556e+00,1.00004544e-09
13,3.43545307e-01,1.08862939e-08,95,9,2,29,normal_corr_dominates,6.38993286e+00,1.00000000e+00,2.49999855e+07,-1.45484979e+01,-1.96869149e+00,-1.25798065e+01,1.00010703e-09
13,3.43545307e-01,1.08862939e-08,95,9,2,29,corr_ratio_high,7.36881483e-01,5.00000000e-01,2.49999855e+07,-1.45484979e+01,-1.96869149e+00,-1.25798065e+01,1.00010703e-09
13,3.43545307e-01,1.08862939e-08,95,10,0,30,normal_corr_dominates,1.44656154e+00,1.00000000e+00,2.50000005e+07,5.09451307e-01,-1.14083113e+00,1.65028243e+00,1.00004362e-09
13,3.43545307e-01,1.08862939e-08,95,12,0,36,normal_corr_dominates,1.36437214e+00,1.00000000e+00,2.49999949e+07,-5.07208761e+00,-2.14521544e+00,-2.92687217e+00,1.00006543e-09
13,3.43545307e-01,1.08862939e-08,95,12,1,37,normal_corr_dominates,2.12216528e+00,1.00000000e+00,2.50000024e+07,2.40728629e+00,-2.14521544e+00,4.55250173e+00,1.00003127e-09
13,3.43545307e-01,1.08862939e-08,95,12,1,37,corr_ratio_high,9.72263791e-01,5.00000000e-01,2.50000024e+07,2.40728629e+00,-2.14521544e+00,4.55250173e+00,1.00003127e-09
13,3.43545307e-01,1.08862939e-08,95,12,2,38,normal_corr_dominates,2.53240252e+00,1.00000000e+00,2.49999924e+07,-7.57776442e+00,-2.14521544e+00,-5.43254898e+00,1.00008959e-09
13,3.43545307e-01,1.08862939e-08,95,12,2,38,corr_ratio_high,5.50175310e-01,5.00000000e-01,2.49999924e+07,-7.57776442e+00,-2.14521544e+00,-5.43254898e+00,1.00008959e-09
13,3.43545307e-01,1.08862939e-08,95,14,0,42,normal_corr_dominates,4.15537609e+01,1.00000000e+00,2.49999974e+07,-2.60347592e+00,6.41981375e-02,-2.66767405e+00,1.00006077e-09
13,3.43545307e-01,1.08862939e-08,95,14,1,43,normal_corr_dominates,9.96608315e+00,1.00000000e+00,2.49999994e+07,-5.75605839e-01,6.41981375e-02,-6.39803976e-01,1.00005033e-09
13,3.43545307e-01,1.08862939e-08,95,14,2,44,normal_corr_dominates,1.21758887e+01,1.00000000e+00,2.50000008e+07,8.45867516e-01,6.41981375e-02,7.81669379e-01,1.00004989e-09
13,3.43545307e-01,1.08862939e-08,95,15,1,46,normal_corr_dominates,5.11108812e+00,1.00000000e+00,2.49999917e+07,-8.31192230e+00,-1.36013786e+00,-6.95178444e+00,1.00006650e-09
13,3.43545307e-01,1.08862939e-08,95,15,2,47,normal_corr_dominates,2.38714246e+00,1.00000000e+00,2.50000019e+07,1.88670497e+00,-1.36013786e+00,3.24684283e+00,1.00004626e-09
13,3.43545307e-01,1.08862939e-08,95,18,0,54,normal_corr_dominates,1.12762094e+00,1.00000000e+00,2.49999977e+07,-2.25106864e+00,-1.05802147e+00,-1.19304717e+00,1.00004699e-09
13,3.43545307e-01,1.08862939e-08,95,18,2,56,normal_corr_dominates,1.03913598e+00,1.00000000e+00,2.49999978e+07,-2.15744966e+00,-1.05802147e+00,-1.09942818e+00,1.00005613e-09
13,3.43545307e-01,1.08862939e-08,95,21,0,63,normal_corr_dominates,1.41658920e+00,1.00000000e+00,2.50000016e+07,1.55729703e+00,-3.73820791e+00,5.29550494e+00,1.00004130e-09
13,3.43545307e-01,1.08862939e-08,95,21,0,63,corr_ratio_high,7.66536673e-01,5.00000000e-01,2.50000016e+07,1.55729703e+00,-3.73820791e+00,5.29550494e+00,1.00004130e-09
13,3.43545307e-01,1.08862939e-08,95,22,0,66,normal_corr_dominates,2.62373041e+00,1.00000000e+00,2.50000041e+07,4.06767986e+00,-2.50514484e+00,6.57282470e+00,1.00005807e-09
13,3.43545307e-01,1.08862939e-08,95,22,2,68,normal_corr_dominates,1.26025017e+00,1.00000000e+00,2.49999943e+07,-5.66225405e+00,-2.50514484e+00,-3.15710921e+00,1.00005689e-09
13,3.43545307e-01,1.08862939e-08,95,23,0,69,normal_corr_dominates,1.18840643e+00,1.00000000e+00,2.50000004e+07,4.10900996e-01,-2.18092871e+00,2.59182970e+00,1.00005640e-09
13,3.43545307e-01,1.08862939e-08,95,23,0,69,corr_ratio_high,8.05898769e-01,5.00000000e-01,2.50000004e+07,4.10900996e-01,-2.18092871e+00,2.59182970e+00,1.00005640e-09
13,3.43545307e-01,1.08862939e-08,95,23,1,70,corr_ratio_high,5.17365030e-01,5.00000000e-01,2.49999957e+07,-4.32119313e+00,-2.18092871e+00,-2.14026442e+00,1.00006481e-09
13,3.43545307e-01,1.08862939e-08,95,24,0,72,normal_corr_dominates,1.78288095e+00,1.00000000e+00,2.50000014e+07,1.44356001e+00,-1.84390744e+00,3.28746744e+00,1.00004500e-09
13,3.43545307e-01,1.08862939e-08,95,24,0,72,corr_ratio_high,6.20678636e-01,5.00000000e-01,2.50000014e+07,1.44356001e+00,-1.84390744e+00,3.28746744e+00,1.00004500e-09
13,3.43545307e-01,1.08862939e-08,95,24,2,74,normal_corr_dominates,1.18074783e+00,1.00000000e+00,2.49999960e+07,-4.02109714e+00,-1.84390744e+00,-2.17718971e+00,1.00005470e-09
13,3.43545307e-01,1.08862939e-08,95,26,0,78,normal_corr_dominates,1.21510408e+00,1.00000000e+00,2.50000001e+07,7.52471803e-02,-3.49817546e-01,4.25064726e-01,1.00004006e-09
13,3.43545307e-01,1.08862939e-08,95,27,2,83,normal_corr_dominates,1.42912549e+00,1.00000000e+00,2.49999898e+07,-1.01907468e+01,-4.19523275e+00,-5.99551407e+00,1.00006392e-09
13,3.43545307e-01,1.08862939e-08,95,28,0,84,normal_corr_dominates,1.29272157e+00,1.00000000e+00,2.49999974e+07,-2.55042837e+00,-1.11240214e+00,-1.43802624e+00,1.00006187e-09
13,3.43545307e-01,1.08862939e-08,95,28,1,85,normal_corr_dominates,1.54332183e+00,1.00000000e+00,2.50000006e+07,6.04392363e-01,-1.11240214e+00,1.71679450e+00,1.00005131e-09
13,3.43545307e-01,1.08862939e-08,95,29,0,87,normal_corr_dominates,6.86633764e+00,1.00000000e+00,2.49999988e+07,-1.18392208e+00,-1.50504865e-01,-1.03341722e+00,1.00005869e-09
13,3.43545307e-01,1.08862939e-08,95,29,1,88,normal_corr_dominates,1.88036877e+00,1.00000000e+00,2.50000001e+07,1.32499783e-01,-1.50504865e-01,2.83004648e-01,1.00005237e-09
13,3.43545307e-01,1.08862939e-08,95,29,2,89,normal_corr_dominates,7.49571364e+00,1.00000000e+00,2.50000010e+07,9.77636502e-01,-1.50504865e-01,1.12814137e+00,1.00004941e-09
13,3.43545307e-01,1.08862939e-08,95,30,0,90,normal_corr_dominates,1.36924990e+01,1.00000000e+00,2.49999966e+07,-3.36109064e+00,-2.28762352e-01,-3.13232828e+00,1.00004903e-09
13,3.43545307e-01,1.08862939e-08,95,30,2,92,normal_corr_dominates,5.56473523e+00,1.00000000e+00,2.50000010e+07,1.04423957e+00,-2.28762352e-01,1.27300192e+00,1.00004763e-09
13,3.43545307e-01,1.08862939e-08,95,32,1,97,normal_corr_dominates,2.85111829e+00,1.00000000e+00,2.49999949e+07,-5.12085251e+00,-1.32970533e+00,-3.79114719e+00,1.00004741e-09
13,3.43545307e-01,1.08862939e-08,95,32,2,98,normal_corr_dominates,1.71495407e+00,1.00000000e+00,2.50000010e+07,9.50678240e-01,-1.32970533e+00,2.28038357e+00,1.00004962e-09
13,3.43545307e-01,1.08862939e-08,95,35,1,106,normal_corr_dominates,7.26613669e+00,1.00000000e+00,2.49999925e+07,-7.45511607e+00,-9.01886378e-01,-6.55322970e+00,1.00006610e-09
13,3.43545307e-01,1.08862939e-08,95,35,2,107,normal_corr_dominates,2.39082111e+00,1.00000000e+00,2.50000013e+07,1.25436262e+00,-9.01886378e-01,2.15624899e+00,1.00004765e-09
13,3.43545307e-01,1.08862939e-08,95,13,0,39,normal_corr_dominates,6.34416592e+01,1.00000000e+00,2.50000015e+07,1.53496544e+00,2.38194586e-02,1.51114598e+00,1.00005523e-09
13,3.43545307e-01,1.08862939e-08,95,13,1,40,normal_corr_dominates,1.99274164e+02,1.00000000e+00,2.49999953e+07,-4.72278326e+00,2.38194586e-02,-4.74660271e+00,1.00007029e-09
13,3.43545307e-01,1.08862939e-08,95,13,2,41,normal_corr_dominates,8.13481977e+01,1.00000000e+00,2.50000020e+07,1.96148949e+00,2.38194586e-02,1.93767003e+00,1.00004609e-09
13,3.43545307e-01,1.08862939e-08,95,25,0,75,normal_corr_dominates,7.99595268e+00,1.00000000e+00,2.50000016e+07,1.64442823e+00,-2.35054225e-01,1.87948246e+00,1.00005925e-09
13,3.43545307e-01,1.08862939e-08,95,25,1,76,normal_corr_dominates,5.85571362e+00,1.00000000e+00,2.50000011e+07,1.14135600e+00,-2.35054225e-01,1.37641022e+00,1.00005091e-09
13,3.43545307e-01,1.08862939e-08,95,25,2,77,normal_corr_dominates,1.87716550e+01,1.00000000e+00,2.49999954e+07,-4.64741104e+00,-2.35054225e-01,-4.41235682e+00,1.00004552e-09
14,3.70658749e-01,1.17454670e-08,95,0,0,0,normal_corr_dominates,4.90063046e+00,1.00000000e+00,2.50000147e+07,1.46610035e+01,-3.75862406e+00,1.84196276e+01,1.00005129e-09
14,3.70658749e-01,1.17454670e-08,95,0,0,0,corr_ratio_high,7.25827854e-01,5.00000000e-01,2.50000147e+07,1.46610035e+01,-3.75862406e+00,1.84196276e+01,1.00005129e-09
14,3.70658749e-01,1.17454670e-08,95,0,1,1,normal_corr_dominates,2.12194767e+00,1.00000000e+00,2.49999883e+07,-1.17342276e+01,-3.75862406e+00,-7.97560357e+00,1.00010611e-09
14,3.70658749e-01,1.17454670e-08,95,0,2,2,corr_ratio_high,7.51326694e-01,5.00000000e-01,2.49999983e+07,-1.65784735e+00,-3.75862406e+00,2.10077671e+00,1.00006552e-09
14,3.70658749e-01,1.17454670e-08,95,1,0,3,normal_corr_dominates,6.19238051e+00,1.00000000e+00,2.49999923e+07,-7.73668614e+00,-1.07567809e+00,-6.66100805e+00,1.00005542e-09
14,3.70658749e-01,1.17454670e-08,95,1,1,4,normal_corr_dominates,8.62650986e+00,1.00000000e+00,2.50000082e+07,8.20366957e+00,-1.07567809e+00,9.27934766e+00,1.00008876e-09
14,3.70658749e-01,1.17454670e-08,95,1,2,5,normal_corr_dominates,8.60856823e+00,1.00000000e+00,2.49999897e+07,-1.03357263e+01,-1.07567809e+00,-9.26004825e+00,1.00005845e-09
14,3.70658749e-01,1.17454670e-08,95,1,2,5,corr_ratio_high,5.47325738e-01,5.00000000e-01,2.49999897e+07,-1.03357263e+01,-1.07567809e+00,-9.26004825e+00,1.00005845e-09
14,3.70658749e-01,1.17454670e-08,95,2,0,6,normal_corr_dominates,3.71399843e+01,1.00000000e+00,2.49999923e+07,-7.70152795e+00,-2.01927927e-01,-7.49960002e+00,1.00006501e-09
14,3.70658749e-01,1.17454670e-08,95,2,1,7,normal_corr_dominates,4.67970778e+01,1.00000000e+00,2.49999903e+07,-9.65156482e+00,-2.01927927e-01,-9.44963689e+00,1.00006850e-09
14,3.70658749e-01,1.17454670e-08,95,2,2,8,normal_corr_dominates,3.45568956e+01,1.00000000e+00,2.50000068e+07,6.77607435e+00,-2.01927927e-01,6.97800228e+00,1.00004972e-09
14,3.70658749e-01,1.17454670e-08,95,3,0,9,normal_corr_dominates,8.03402469e+00,1.00000000e+00,2.49999933e+07,-6.65629518e+00,-7.36802854e-01,-5.91949232e+00,1.00007451e-09
14,3.70658749e-01,1.17454670e-08,95,3,1,10,normal_corr_dominates,6.35356604e+00,1.00000000e+00,2.50000039e+07,3.94452274e+00,-7.36802854e-01,4.68132559e+00,1.00004604e-09
14,3.70658749e-01,1.17454670e-08,95,3,1,10,corr_ratio_high,5.94084705e-01,5.00000000e-01,2.50000039e+07,3.94452274e+00,-7.36802854e-01,4.68132559e+00,1.00004604e-09
14,3.70658749e-01,1.17454670e-08,95,3,2,11,normal_corr_dominates,2.09783029e+00,1.00000000e+00,2.50000008e+07,8.08884489e-01,-7.36802854e-01,1.54568734e+00,1.00005993e-09
14,3.70658749e-01,1.17454670e-08,95,3,2,11,corr_ratio_high,6.14253580e-01,5.00000000e-01,2.50000008e+07,8.08884489e-01,-7.36802854e-01,1.54568734e+00,1.00005993e-09
14,3.70658749e-01,1.17454670e-08,95,4,1,13,normal_corr_dominates,2.08237338e+00,1.00000000e+00,2.50000038e+07,3.84975740e+00,-3.55677393e+00,7.40653132e+00,1.00005442e-09
14,3.70658749e-01,1.17454670e-08,95,4,1,13,corr_ratio_high,5.10298851e-01,5.00000000e-01,2.50000038e+07,3.84975740e+00,-3.55677393e+00,7.40653132e+00,1.00005442e-09
14,3.70658749e-01,1.17454670e-08,95,5,0,15,normal_corr_dominates,7.61625798e+00,1.00000000e+00,2.49999929e+07,-7.09492478e+00,-8.23434581e-01,-6.27149020e+00,1.00010397e-09
14,3.70658749e-01,1.17454670e-08,95,5,1,16,normal_corr_dominates,4.28253986e+00,1.00000000e+00,2.50000027e+07,2.70295683e+00,-8.23434581e-01,3.52639141e+00,1.00006112e-09
14,3.70658749e-01,1.17454670e-08,95,5,1,16,corr_ratio_high,6.68135955e-01,5.00000000e-01,2.50000027e+07,2.70295683e+00,-8.23434581e-01,3.52639141e+00,1.00006112e-09
14,3.70658749e-01,1.17454670e-08,95,5,2,17,normal_corr_dominates,7.66108921e+00,1.00000000e+00,2.49999929e+07,-7.13184036e+00,-8.23434581e-01,-6.30840578e+00,1.00008402e-09
14,3.70658749e-01,1.17454670e-08,95,7,0,21,normal_corr_dominates,7.21600727e+00,1.00000000e+00,2.49999987e+07,-1.26696415e+00,-1.54206796e-01,-1.11275736e+00,1.00004106e-09
14,3.70658749e-01,1.17454670e-08,95,7,1,22,normal_corr_dominates,1.70387809e+01,1.00000000e+00,2.49999972e+07,-2.78170260e+00,-1.54206796e-01,-2.62749580e+00,1.00005222e-09
14,3.70658749e-01,1.17454670e-08,95,7,2,23,normal_corr_dominates,4.60520731e+00,1.00000000e+00,2.50000006e+07,5.55947467e-01,-1.54206796e-01,7.10154263e-01,1.00005453e-09
14,3.70658749e-01,1.17454670e-08,95,8,0,24,normal_corr_dominates,4.43312947e+00,1.00000000e+00,2.50000089e+07,8.88672001e+00,-2.58851875e+00,1.14752388e+01,1.00009114e-09
14,3.70658749e-01,1.17454670e-08,95,8,1,25,normal_corr_dominates,3.11925188e+00,1.00000000e+00,2.50000055e+07,5.48572322e+00,-2.58851875e+00,8.07424196e+00,1.00006049e-09
14,3.70658749e-01,1.17454670e-08,95,8,2,26,normal_corr_dominates,3.93283142e+00,1.00000000e+00,2.49999872e+07,-1.27687266e+01,-2.58851875e+00,-1.01802079e+01,1.00005948e-09
14,3.70658749e-01,1.17454670e-08,95,8,2,26,corr_ratio_high,5.81843436e-01,5.00000000e-01,2.49999872e+07,-1.27687266e+01,-2.58851875e+00,-1.01802079e+01,1.00005948e-09
14,3.70658749e-01,1.17454670e-08,95,9,0,27,normal_corr_dominates,5.27359947e+00,1.00000000e+00,2.50000090e+07,9.02311583e+00,-2.11136207e+00,1.11344779e+01,1.00005479e-09
14,3.70658749e-01,1.17454670e-08,95,9,0,27,corr_ratio_high,6.45403726e-01,5.00000000e-01,2.50000090e+07,9.02311583e+00,-2.11136207e+00,1.11344779e+01,1.00005479e-09
14,3.70658749e-01,1.17454670e-08,95,9,1,28,normal_corr_dominates,1.39525185e+00,1.00000000e+00,2.50000008e+07,8.34519764e-01,-2.11136207e+00,2.94588183e+00,1.00004885e-09
14,3.70658749e-01,1.17454670e-08,95,9,1,28,corr_ratio_high,6.19404104e-01,5.00000000e-01,2.50000008e+07,8.34519764e-01,-2.11136207e+00,2.94588183e+00,1.00004885e-09
14,3.70658749e-01,1.17454670e-08,95,9,2,29,normal_corr_dominates,6.40225869e+00,1.00000000e+00,2.49999844e+07,-1.56288482e+01,-2.11136207e+00,-1.35174862e+01,1.00011500e-09
14,3.70658749e-01,1.17454670e-08,95,9,2,29,corr_ratio_high,7.36978896e-01,5.00000000e-01,2.49999844e+07,-1.56288482e+01,-2.11136207e+00,-1.35174862e+01,1.00011500e-09
14,3.70658749e-01,1.17454670e-08,95,10,0,30,normal_corr_dominates,1.44860986e+00,1.00000000e+00,2.50000005e+07,5.48748171e-01,-1.22321915e+00,1.77196732e+00,1.00004689e-09
14,3.70658749e-01,1.17454670e-08,95,12,0,36,normal_corr_dominates,1.36674193e+00,1.00000000e+00,2.49999946e+07,-5.44649449e+00,-2.30126252e+00,-3.14523198e+00,1.00007033e-09
14,3.70658749e-01,1.17454670e-08,95,12,1,37,normal_corr_dominates,2.12408399e+00,1.00000000e+00,2.50000026e+07,2.58681236e+00,-2.30126252e+00,4.88807488e+00,1.00003364e-09
14,3.70658749e-01,1.17454670e-08,95,12,1,37,corr_ratio_high,9.71932308e-01,5.00000000e-01,2.50000026e+07,2.58681236e+00,-2.30126252e+00,4.88807488e+00,1.00003364e-09
14,3.70658749e-01,1.17454670e-08,95,12,2,38,normal_corr_dominates,2.53535439e+00,1.00000000e+00,2.49999919e+07,-8.13577854e+00,-2.30126252e+00,-5.83451603e+00,1.00009627e-09
14,3.70658749e-01,1.17454670e-08,95,12,2,38,corr_ratio_high,5.50238426e-01,5.00000000e-01,2.49999919e+07,-8.13577854e+00,-2.30126252e+00,-5.83451603e+00,1.00009627e-09
14,3.70658749e-01,1.17454670e-08,95,14,0,42,normal_corr_dominates,3.99768486e+01,1.00000000e+00,2.49999972e+07,-2.79706359e+00,7.17621792e-02,-2.86882577e+00,1.00006532e-09
14,3.70658749e-01,1.17454670e-08,95,14,1,43,normal_corr_dominates,9.58379180e+00,1.00000000e+00,2.49999994e+07,-6.15991605e-01,7.17621792e-02,-6.87753784e-01,1.00005410e-09
14,3.70658749e-01,1.17454670e-08,95,14,2,44,normal_corr_dominates,1.17160642e+01,1.00000000e+00,2.50000009e+07,9.12532476e-01,7.17621792e-02,8.40770297e-01,1.00005363e-09
14,3.70658749e-01,1.17454670e-08,95,15,1,46,normal_corr_dominates,5.11813177e+00,1.00000000e+00,2.49999911e+07,-8.93341972e+00,-1.46015484e+00,-7.47326488e+00,1.00007148e-09
14,3.70658749e-01,1.17454670e-08,95,15,2,47,normal_corr_dominates,2.38966791e+00,1.00000000e+00,2.50000020e+07,2.02913033e+00,-1.46015484e+00,3.48928517e+00,1.00004972e-09
14,3.70658749e-01,1.17454670e-08,95,18,0,54,normal_corr_dominates,1.12979544e+00,1.00000000e+00,2.49999976e+07,-2.41702062e+00,-1.13486045e+00,-1.28216017e+00,1.00005051e-09
14,3.70658749e-01,1.17454670e-08,95,18,2,56,normal_corr_dominates,1.04214650e+00,1.00000000e+00,2.49999977e+07,-2.31755130e+00,-1.13486045e+00,-1.18269085e+00,1.00006033e-09
14,3.70658749e-01,1.17454670e-08,95,21,0,63,normal_corr_dominates,1.41912982e+00,1.00000000e+00,2.50000017e+07,1.68297363e+00,-4.01539946e+00,5.69837310e+00,1.00004438e-09
14,3.70658749e-01,1.17454670e-08,95,21,0,63,corr_ratio_high,7.66544658e-01,5.00000000e-01,2.50000017e+07,1.68297363e+00,-4.01539946e+00,5.69837310e+00,1.00004438e-09
14,3.70658749e-01,1.17454670e-08,95,22,0,66,normal_corr_dominates,2.62741069e+00,1.00000000e+00,2.50000044e+07,4.37568150e+00,-2.68873833e+00,7.06441983e+00,1.00006241e-09
14,3.70658749e-01,1.17454670e-08,95,22,2,68,normal_corr_dominates,1.26307113e+00,1.00000000e+00,2.49999939e+07,-6.08480610e+00,-2.68873833e+00,-3.39606777e+00,1.00006115e-09
14,3.70658749e-01,1.17454670e-08,95,23,0,69,normal_corr_dominates,1.19503274e+00,1.00000000e+00,2.50000005e+07,4.55738382e-01,-2.33672755e+00,2.79246593e+00,1.00006059e-09
14,3.70658749e-01,1.17454670e-08,95,23,0,69,corr_ratio_high,8.06179945e-01,5.00000000e-01,2.50000005e+07,4.55738382e-01,-2.33672755e+00,2.79246593e+00,1.00006059e-09
14,3.70658749e-01,1.17454670e-08,95,23,1,70,corr_ratio_high,5.17203088e-01,5.00000000e-01,2.49999954e+07,-4.64945064e+00,-2.33672755e+00,-2.31272309e+00,1.00006969e-09
14,3.70658749e-01,1.17454670e-08,95,24,0,72,normal_corr_dominates,1.78783373e+00,1.00000000e+00,2.50000016e+07,1.55932893e+00,-1.97926145e+00,3.53859038e+00,1.00004836e-09
14,3.70658749e-01,1.17454670e-08,95,24,0,72,corr_ratio_high,6.20758749e-01,5.00000000e-01,2.50000016e+07,1.55932893e+00,-1.97926145e+00,3.53859038e+00,1.00004836e-09
14,3.70658749e-01,1.17454670e-08,95,24,2,74,normal_corr_dominates,1.18268329e+00,1.00000000e+00,2.49999957e+07,-4.32010089e+00,-1.97926145e+00,-2.34083944e+00,1.00005880e-09
14,3.70658749e-01,1.17454670e-08,95,26,0,78,normal_corr_dominates,1.21850433e+00,1.00000000e+00,2.50000001e+07,8.16981533e-02,-3.73897185e-01,4.55595338e-01,1.00004306e-09
14,3.70658749e-01,1.17454670e-08,95,27,2,83,normal_corr_dominates,1.43049366e+00,1.00000000e+00,2.49999890e+07,-1.09530270e+01,-4.50650302e+00,-6.44652399e+00,1.00006870e-09
14,3.70658749e-01,1.17454670e-08,95,28,0,84,normal_corr_dominates,1.29377991e+00,1.00000000e+00,2.49999973e+07,-2.73698134e+00,-1.19321881e+00,-1.54376253e+00,1.00006650e-09
14,3.70658749e-01,1.17454670e-08,95,28,1,85,normal_corr_dominates,1.54832744e+00,1.00000000e+00,2.50000007e+07,6.54274621e-01,-1.19321881e+00,1.84749343e+00,1.00005515e-09
14,3.70658749e-01,1.17454670e-08,95,29,0,87,normal_corr_dominates,6.99631628e+00,1.00000000e+00,2.49999987e+07,-1.27083677e+00,-1.58927776e-01,-1.11190899e+00,1.00006308e-09
14,3.70658749e-01,1.17454670e-08,95,29,1,88,normal_corr_dominates,1.91558633e+00,1.00000000e+00,2.50000001e+07,1.45512100e-01,-1.58927776e-01,3.04439877e-01,1.00005629e-09
14,3.70658749e-01,1.17454670e-08,95,29,2,89,normal_corr_dominates,7.63111611e+00,1.00000000e+00,2.50000011e+07,1.05386854e+00,-1.58927776e-01,1.21279631e+00,1.00005311e-09
14,3.70658749e-01,1.17454670e-08,95,30,0,90,normal_corr_dominates,1.38639206e+01,1.00000000e+00,2.49999964e+07,-3.61152702e+00,-2.42972706e-01,-3.36855431e+00,1.00005270e-09
14,3.70658749e-01,1.17454670e-08,95,30,2,92,normal_corr_dominates,5.63436814e+00,1.00000000e+00,2.50000011e+07,1.12602497e+00,-2.42972706e-01,1.36899767e+00,1.00005120e-09
14,3.70658749e-01,1.17454670e-08,95,32,1,97,normal_corr_dominates,2.85933012e+00,1.00000000e+00,2.49999945e+07,-5.50356708e+00,-1.42604206e+00,-4.07752502e+00,1.00005096e-09
14,3.70658749e-01,1.17454670e-08,95,32,2,98,normal_corr_dominates,1.71979826e+00,1.00000000e+00,2.50000010e+07,1.02646260e+00,-1.42604206e+00,2.45250466e+00,1.00005334e-09
14,3.70658749e-01,1.17454670e-08,95,35,1,106,normal_corr_dominates,7.28746044e+00,1.00000000e+00,2.49999920e+07,-8.01480486e+00,-9.67100226e-01,-7.04770464e+00,1.00007105e-09
14,3.70658749e-01,1.17454670e-08,95,35,2,107,normal_corr_dominates,2.39783930e+00,1.00000000e+00,2.50000014e+07,1.35185070e+00,-9.67100226e-01,2.31895093e+00,1.00005122e-09
14,3.70658749e-01,1.17454670e-08,95,13,0,39,normal_corr_dominates,5.69752480e+01,1.00000000e+00,2.50000017e+07,1.65102341e+00,2.84780741e-02,1.62254534e+00,1.00005936e-09
14,3.70658749e-01,1.17454670e-08,95,13,1,40,normal_corr_dominates,1.79103224e+02,1.00000000e+00,2.49999949e+07,-5.07203681e+00,2.84780741e-02,-5.10051489e+00,1.00007554e-09
14,3.70658749e-01,1.17454670e-08,95,13,2,41,normal_corr_dominates,7.32481448e+01,1.00000000e+00,2.50000021e+07,2.11444417e+00,2.84780741e-02,2.08596610e+00,1.00004954e-09
14,3.70658749e-01,1.17454670e-08,95,25,0,75,normal_corr_dominates,8.09118376e+00,1.00000000e+00,2.50000018e+07,1.76987957e+00,-2.49588733e-01,2.01946831e+00,1.00006368e-09
14,3.70658749e-01,1.17454670e-08,95,25,1,76,normal_corr_dominates,5.93936282e+00,1.00000000e+00,2.50000012e+07,1.23280931e+00,-2.49588733e-01,1.48239804e+00,1.00005472e-09
14,3.70658749e-01,1.17454670e-08,95,25,2,77,normal_corr_dominates,1.90187806e+01,1.00000000e+00,2.49999950e+07,-4.99646209e+00,-2.49588733e-01,-4.74687336e+00,1.00004893e-09
15,3.96484186e-01,1.25638257e-08,95,0,0,0,normal_corr_dominates,4.90666803e+00,1.00000000e+00,2.50000156e+07,1.56291793e+01,-4.00064179e+00,1.96298211e+01,1.00005470e-09
15,3.96484186e-01,1.25638257e-08,95,0,0,0,corr_ratio_high,7.25735678e-01,5.00000000e-01,2.50000156e+07,1.56291793e+01,-4.00064179e+00,1.96298211e+01,1.00005470e-09
15,3.96484186e-01,1.25638257e-08,95,0,1,1,normal_corr_dominates,2.12564169e+00,1.00000000e+00,2.49999875e+07,-1.25045727e+01,-4.00064179e+00,-8.50393096e+00,1.00011309e-09
15,3.96484186e-01,1.25638257e-08,95,0,2,2,corr_ratio_high,7.51403555e-01,5.00000000e-01,2.49999982e+07,-1.75051590e+00,-4.00064179e+00,2.25012589e+00,1.00006983e-09
15,3.96484186e-01,1.25638257e-08,95,1,0,3,normal_corr_dominates,6.21391136e+00,1.00000000e+00,2.49999918e+07,-8.24748767e+00,-1.14327544e+00,-7.10421223e+00,1.00005910e-09
15,3.96484186e-01,1.25638257e-08,95,1,1,4,normal_corr_dominates,8.66129804e+00,1.00000000e+00,2.50000088e+07,8.75897389e+00,-1.14327544e+00,9.90224933e+00,1.00009459e-09
15,3.96484186e-01,1.25638257e-08,95,1,2,5,normal_corr_dominates,8.64118440e+00,1.00000000e+00,2.49999890e+07,-1.10225293e+01,-1.14327544e+00,-9.87925390e+00,1.00006231e-09
15,3.96484186e-01,1.25638257e-08,95,1,2,5,corr_ratio_high,5.47382319e-01,5.00000000e-01,2.49999890e+07,-1.10225293e+01,-1.14327544e+00,-9.87925390e+00,1.00006231e-09
15,3.96484186e-01,1.25638257e-08,95,2,0,6,normal_corr_dominates,3.74997082e+01,1.00000000e+00,2.49999918e+07,-8.21029429e+00,-2.13256013e-01,-7.99703828e+00,1.00006931e-09
15,3.96484186e-01,1.25638257e-08,95,2,1,7,normal_corr_dominates,4.72587272e+01,1.00000000e+00,2.49999897e+07,-1.02914638e+01,-2.13256013e-01,-1.00782078e+01,1.00007302e-09
15,3.96484186e-01,1.25638257e-08,95,2,2,8,normal_corr_dominates,3.48894380e+01,1.00000000e+00,2.50000072e+07,7.22712645e+00,-2.13256013e-01,7.44038247e+00,1.00005301e-09
15,3.96484186e-01,1.25638257e-08,95,3,0,9,normal_corr_dominates,8.06880620e+00,1.00000000e+00,2.49999929e+07,-7.09072404e+00,-7.81880645e-01,-6.30884340e+00,1.00007941e-09
15,3.96484186e-01,1.25638257e-08,95,3,1,10,normal_corr_dominates,6.38958866e+00,1.00000000e+00,2.50000042e+07,4.21401506e+00,-7.81880645e-01,4.99589570e+00,1.00004908e-09
15,3.96484186e-01,1.25638257e-08,95,3,1,10,corr_ratio_high,5.93975756e-01,5.00000000e-01,2.50000042e+07,4.21401506e+00,-7.81880645e-01,4.99589570e+00,1.00004908e-09
15,3.96484186e-01,1.25638257e-08,95,3,2,11,normal_corr_dominates,2.10257561e+00,1.00000000e+00,2.50000009e+07,8.62082527e-01,-7.81880645e-01,1.64396317e+00,1.00006390e-09
15,3.96484186e-01,1.25638257e-08,95,3,2,11,corr_ratio_high,6.14254074e-01,5.00000000e-01,2.50000009e+07,8.62082527e-01,-7.81880645e-01,1.64396317e+00,1.00006390e-09
15,3.96484186e-01,1.25638257e-08,95,4,1,13,normal_corr_dominates,2.08415670e+00,1.00000000e+00,2.50000041e+07,4.10344420e+00,-3.78491800e+00,7.88836220e+00,1.00005804e-09
15,3.96484186e-01,1.25638257e-08,95,4,1,13,corr_ratio_high,5.09804278e-01,5.00000000e-01,2.50000041e+07,4.10344420e+00,-3.78491800e+00,7.88836220e+00,1.00005804e-09
15,3.96484186e-01,1.25638257e-08,95,5,0,15,normal_corr_dominates,7.66476349e+00,1.00000000e+00,2.49999924e+07,-7.56128289e+00,-8.72647349e-01,-6.68863554e+00,1.00011081e-09
15,3.96484186e-01,1.25638257e-08,95,5,1,16,normal_corr_dominates,4.31580868e+00,1.00000000e+00,2.50000029e+07,2.89353166e+00,-8.72647349e-01,3.76617900e+00,1.00006515e-09
15,3.96484186e-01,1.25638257e-08,95,5,1,16,corr_ratio_high,6.68109413e-01,5.00000000e-01,2.50000029e+07,2.89353166e+00,-8.72647349e-01,3.76617900e+00,1.00006515e-09
15,3.96484186e-01,1.25638257e-08,95,5,2,17,normal_corr_dominates,7.70804864e+00,1.00000000e+00,2.49999924e+07,-7.59905556e+00,-8.72647349e-01,-6.72640821e+00,1.00008955e-09
15,3.96484186e-01,1.25638257e-08,95,7,0,21,normal_corr_dominates,7.30535063e+00,1.00000000e+00,2.49999987e+07,-1.34583093e+00,-1.62043842e-01,-1.18378709e+00,1.00004377e-09
15,3.96484186e-01,1.25638257e-08,95,7,1,22,normal_corr_dominates,1.72979163e+01,1.00000000e+00,2.49999970e+07,-2.96506466e+00,-1.62043842e-01,-2.80302081e+00,1.00005566e-09
15,3.96484186e-01,1.25638257e-08,95,7,2,23,normal_corr_dominates,4.67960647e+00,1.00000000e+00,2.50000006e+07,5.96257571e-01,-1.62043842e-01,7.58301414e-01,1.00005813e-09
15,3.96484186e-01,1.25638257e-08,95,8,0,24,normal_corr_dominates,4.44444132e+00,1.00000000e+00,2.50000095e+07,9.48904661e+00,-2.75488700e+00,1.22439336e+01,1.00009713e-09
15,3.96484186e-01,1.25638257e-08,95,8,1,25,normal_corr_dominates,3.12397237e+00,1.00000000e+00,2.50000059e+07,5.85130386e+00,-2.75488700e+00,8.60619086e+00,1.00006448e-09
15,3.96484186e-01,1.25638257e-08,95,8,2,26,normal_corr_dominates,3.94249954e+00,1.00000000e+00,2.49999864e+07,-1.36160277e+01,-2.75488700e+00,-1.08611407e+01,1.00006341e-09
15,3.96484186e-01,1.25638257e-08,95,8,2,26,corr_ratio_high,5.81734970e-01,5.00000000e-01,2.49999864e+07,-1.36160277e+01,-2.75488700e+00,-1.08611407e+01,1.00006341e-09
15,3.96484186e-01,1.25638257e-08,95,9,0,27,normal_corr_dominates,5.28467455e+00,1.00000000e+00,2.50000096e+07,9.62427235e+00,-2.24620849e+00,1.18704808e+01,1.00005841e-09
15,3.96484186e-01,1.25638257e-08,95,9,0,27,corr_ratio_high,6.45445866e-01,5.00000000e-01,2.50000096e+07,9.62427235e+00,-2.24620849e+00,1.18704808e+01,1.00005841e-09
15,3.96484186e-01,1.25638257e-08,95,9,1,28,normal_corr_dominates,1.39689043e+00,1.00000000e+00,2.50000009e+07,8.91498662e-01,-2.24620849e+00,3.13770715e+00,1.00005209e-09
15,3.96484186e-01,1.25638257e-08,95,9,1,28,corr_ratio_high,6.19174296e-01,5.00000000e-01,2.50000009e+07,8.91498662e-01,-2.24620849e+00,3.13770715e+00,1.00005209e-09
15,3.96484186e-01,1.25638257e-08,95,9,2,29,normal_corr_dominates,6.41337987e+00,1.00000000e+00,2.49999833e+07,-1.66519968e+01,-2.24620849e+00,-1.44057883e+01,1.00012255e-09
15,3.96484186e-01,1.25638257e-08,95,9,2,29,corr_ratio_high,7.37066625e-01,5.00000000e-01,2.49999833e+07,-1.66519968e+01,-2.24620849e+00,-1.44057883e+01,1.00012255e-09
15,3.96484186e-01,1.25638257e-08,95,10,0,30,normal_corr_dominates,1.45045299e+00,1.00000000e+00,2.50000006e+07,5.86076108e-01,-1.30108162e+00,1.88715773e+00,1.00004999e-09
15,3.96484186e-01,1.25638257e-08,95,12,0,36,normal_corr_dominates,1.36884702e+00,1.00000000e+00,2.49999942e+07,-5.80089256e+00,-2.44882532e+00,-3.35206724e+00,1.00007496e-09
15,3.96484186e-01,1.25638257e-08,95,12,1,37,normal_corr_dominates,2.12581426e+00,1.00000000e+00,2.50000028e+07,2.75692246e+00,-2.44882532e+00,5.20574778e+00,1.00003589e-09
15,3.96484186e-01,1.25638257e-08,95,12,1,37,corr_ratio_high,9.71632091e-01,5.00000000e-01,2.50000028e+07,2.75692246e+00,-2.44882532e+00,5.20574778e+00,1.00003589e-09
15,3.96484186e-01,1.25638257e-08,95,12,2,38,normal_corr_dominates,2.53799582e+00,1.00000000e+00,2.49999913e+07,-8.66393375e+00,-2.44882532e+00,-6.21510843e+00,1.00010259e-09
15,3.96484186e-01,1.25638257e-08,95,12,2,38,corr_ratio_high,5.50295554e-01,5.00000000e-01,2.49999913e+07,-8.66393375e+00,-2.44882532e+00,-6.21510843e+00,1.00010259e-09
15,3.96484186e-01,1.25638257e-08,95,14,0,42,normal_corr_dominates,3.86765929e+01,1.00000000e+00,2.49999970e+07,-2.98048552e+00,7.91070872e-02,-3.05959260e+00,1.00006963e-09
15,3.96484186e-01,1.25638257e-08,95,14,1,43,normal_corr_dominates,9.26802416e+00,1.00000000e+00,2.49999993e+07,-6.54059308e-01,7.91070872e-02,-7.33166395e-01,1.00005766e-09
15,3.96484186e-01,1.25638257e-08,95,14,2,44,normal_corr_dominates,1.13367762e+01,1.00000000e+00,2.50000010e+07,9.75926435e-01,7.91070872e-02,8.96819347e-01,1.00005717e-09
15,3.96484186e-01,1.25638257e-08,95,15,1,46,normal_corr_dominates,5.12431173e+00,1.00000000e+00,2.49999905e+07,-9.52224800e+00,-1.55482745e+00,-7.96742055e+00,1.00007619e-09
15,3.96484186e-01,1.25638257e-08,95,15,2,47,normal_corr_dominates,2.39186822e+00,1.00000000e+00,2.50000022e+07,2.16411492e+00,-1.55482745e+00,3.71894238e+00,1.00005301e-09
15,3.96484186e-01,1.25638257e-08,95,18,0,54,normal_corr_dominates,1.13168731e+00,1.00000000e+00,2.49999974e+07,-2.57406350e+00,-1.20752396e+00,-1.36653954e+00,1.00005384e-09
15,3.96484186e-01,1.25638257e-08,95,18,2,56,normal_corr_dominates,1.04487241e+00,1.00000000e+00,2.49999975e+07,-2.46923243e+00,-1.20752396e+00,-1.26170847e+00,1.00006431e-09
15,3.96484186e-01,1.25638257e-08,95,21,0,63,normal_corr_dominates,1.42141182e+00,1.00000000e+00,2.50000018e+07,1.80274732e+00,-4.27787557e+00,6.08062289e+00,1.00004731e-09
15,3.96484186e-01,1.25638257e-08,95,21,0,63,corr_ratio_high,7.66547942e-01,5.00000000e-01,2.50000018e+07,1.80274732e+00,-4.27787557e+00,6.08062289e+00,1.00004731e-09
15,3.96484186e-01,1.25638257e-08,95,22,0,66,normal_corr_dominates,2.63069659e+00,1.00000000e+00,2.50000047e+07,4.66775870e+00,-2.86243236e+00,7.53019106e+00,1.00006653e-09
15,3.96484186e-01,1.25638257e-08,95,22,2,68,normal_corr_dominates,1.26558915e+00,1.00000000e+00,2.49999935e+07,-6.48509571e+00,-2.86243236e+00,-3.62266335e+00,1.00006519e-09
15,3.96484186e-01,1.25638257e-08,95,23,0,69,normal_corr_dominates,1.20101250e+00,1.00000000e+00,2.50000005e+07,4.99281546e-01,-2.48383328e+00,2.98311483e+00,1.00006456e-09
15,3.96484186e-01,1.25638257e-08,95,23,0,69,corr_ratio_high,8.06431290e-01,5.00000000e-01,2.50000005e+07,4.99281546e-01,-2.48383328e+00,2.98311483e+00,1.00006456e-09
15,3.96484186e-01,1.25638257e-08,95,23,1,70,corr_ratio_high,5.17056149e-01,5.00000000e-01,2.49999950e+07,-4.96090806e+00,-2.48383328e+00,-2.47707478e+00,1.00007431e-09
15,3.96484186e-01,1.25638257e-08,95,24,0,72,normal_corr_dominates,1.79227406e+00,1.00000000e+00,2.50000017e+07,1.66959741e+00,-2.10734832e+00,3.77694573e+00,1.00005155e-09
15,3.96484186e-01,1.25638257e-08,95,24,0,72,corr_ratio_high,6.20828645e-01,5.00000000e-01,2.50000017e+07,1.66959741e+00,-2.10734832e+00,3.77694573e+00,1.00005155e-09
15,3.96484186e-01,1.25638257e-08,95,24,2,74,normal_corr_dominates,1.18438352e+00,1.00000000e+00,2.49999954e+07,-4.60325695e+00,-2.10734832e+00,-2.49590863e+00,1.00006268e-09
15,3.96484186e-01,1.25638257e-08,95,26,0,78,normal_corr_dominates,1.22146481e+00,1.00000000e+00,2.50000001e+07,8.78292887e-02,-3.96583496e-01,4.84412785e-01,1.00004590e-09
15,3.96484186e-01,1.25638257e-08,95,27,2,83,normal_corr_dominates,1.43171471e+00,1.00000000e+00,2.49999883e+07,-1.16752899e+01,-4.80125806e+00,-6.87403180e+00,1.00007323e-09
15,3.96484186e-01,1.25638257e-08,95,28,0,84,normal_corr_dominates,1.29470265e+00,1.00000000e+00,2.49999971e+07,-2.91344032e+00,-1.26963741e+00,-1.64380291e+00,1.00007088e-09
15,3.96484186e-01,1.25638257e-08,95,28,1,85,normal_corr_dominates,1.55283947e+00,1.00000000e+00,2.50000007e+07,7.01905677e-01,-1.26963741e+00,1.97154309e+00,1.00005879e-09
15,3.96484186e-01,1.25638257e-08,95,29,0,87,normal_corr_dominates,7.11617324e+00,1.00000000e+00,2.49999986e+07,-1.35314016e+00,-1.66721449e-01,-1.18641871e+00,1.00006724e-09
15,3.96484186e-01,1.25638257e-08,95,29,1,88,normal_corr_dominates,1.94805239e+00,1.00000000e+00,2.50000002e+07,1.58060668e-01,-1.66721449e-01,3.24782117e-01,1.00006001e-09
15,3.96484186e-01,1.25638257e-08,95,29,2,89,normal_corr_dominates,7.75560657e+00,1.00000000e+00,2.50000011e+07,1.12630452e+00,-1.66721449e-01,1.29302597e+00,1.00005661e-09
15,3.96484186e-01,1.25638257e-08,95,30,0,90,normal_corr_dominates,1.40204486e+01,1.00000000e+00,2.49999962e+07,-3.84873691e+00,-2.56233154e-01,-3.59250375e+00,1.00005618e-09
15,3.96484186e-01,1.25638257e-08,95,30,2,92,normal_corr_dominates,5.69793554e+00,1.00000000e+00,2.50000012e+07,1.20376684e+00,-2.56233154e-01,1.45999999e+00,1.00005457e-09
15,3.96484186e-01,1.25638257e-08,95,32,1,97,normal_corr_dominates,2.86666405e+00,1.00000000e+00,2.49999941e+07,-5.86616465e+00,-1.51711257e+00,-4.34905207e+00,1.00005433e-09
15,3.96484186e-01,1.25638257e-08,95,32,2,98,normal_corr_dominates,1.72419353e+00,1.00000000e+00,2.50000011e+07,1.09868311e+00,-1.51711257e+00,2.61579569e+00,1.00005686e-09
15,3.96484186e-01,1.25638257e-08,95,35,1,106,normal_corr_dominates,7.30649066e+00,1.00000000e+00,2.49999915e+07,-8.54534197e+00,-1.02875478e+00,-7.51658719e+00,1.00007573e-09
15,3.96484186e-01,1.25638257e-08,95,35,2,107,normal_corr_dominates,2.40411555e+00,1.00000000e+00,2.50000014e+07,1.44449059e+00,-1.02875478e+00,2.47324537e+00,1.00005461e-09
15,3.96484186e-01,1.25638257e-08,95,13,0,39,normal_corr_dominates,5.22580872e+01,1.00000000e+00,2.50000018e+07,1.76098955e+00,3.30652046e-02,1.72792435e+00,1.00006328e-09
15,3.96484186e-01,1.25638257e-08,95,13,1,40,normal_corr_dominates,1.64395627e+02,1.00000000e+00,2.49999946e+07,-5.40270984e+00,3.30652046e-02,-5.43577504e+00,1.00008052e-09
15,3.96484186e-01,1.25638257e-08,95,13,2,41,normal_corr_dominates,6.73443471e+01,1.00000000e+00,2.50000023e+07,2.25981982e+00,3.30652046e-02,2.22675462e+00,1.00005281e-09
15,3.96484186e-01,1.25638257e-08,95,25,0,75,normal_corr_dominates,8.17747535e+00,1.00000000e+00,2.50000019e+07,1.88884447e+00,-2.63162794e-01,2.15200726e+00,1.00006788e-09
15,3.96484186e-01,1.25638257e-08,95,25,1,76,normal_corr_dominates,6.01552804e+00,1.00000000e+00,2.50000013e+07,1.31990038e+00,-2.63162794e-01,1.58306317e+00,1.00005833e-09
15,3.96484186e-01,1.25638257e-08,95,25,2,77,normal_corr_dominates,1.92433838e+01,1.00000000e+00,2.49999947e+07,-5.32730545e+00,-2.63162794e-01,-5.06414266e+00,1.00005217e-09
16,4.20515876e-01,1.33253440e-08,95,0,0,0,normal_corr_dominates,4.91196626e+00,1.00000000e+00,2.50000165e+07,1.65258996e+01,-4.22444839e+00,2.07503480e+01,1.00005785e-09
16,4.20515876e-01,1.33253440e-08,95,0,0,0,corr_ratio_high,7.25653656e-01,5.00000000e-01,2.50000165e+07,1.65258996e+01,-4.22444839e+00,2.07503480e+01,1.00005785e-09
16,4.20515876e-01,1.33253440e-08,95,0,1,1,normal_corr_dominates,2.12889696e+00,1.00000000e+00,2.49999868e+07,-1.32178637e+01,-4.22444839e+00,-8.99341535e+00,1.00011954e-09
16,4.20515876e-01,1.33253440e-08,95,0,2,2,corr_ratio_high,7.51469291e-01,5.00000000e-01,2.49999982e+07,-1.83526330e+00,-4.22444839e+00,2.38918509e+00,1.00007382e-09
16,4.20515876e-01,1.33253440e-08,95,1,0,3,normal_corr_dominates,6.23282173e+00,1.00000000e+00,2.49999913e+07,-8.72059316e+00,-1.20569723e+00,-7.51489592e+00,1.00006250e-09
16,4.20515876e-01,1.33253440e-08,95,1,1,4,normal_corr_dominates,8.69194007e+00,1.00000000e+00,2.50000093e+07,9.27415088e+00,-1.20569723e+00,1.04798481e+01,1.00009999e-09
16,4.20515876e-01,1.33253440e-08,95,1,2,5,normal_corr_dominates,8.66993344e+00,1.00000000e+00,2.49999883e+07,-1.16590120e+01,-1.20569723e+00,-1.04533148e+01,1.00006589e-09
16,4.20515876e-01,1.33253440e-08,95,1,2,5,corr_ratio_high,5.47429609e-01,5.00000000e-01,2.49999883e+07,-1.16590120e+01,-1.20569723e+00,-1.04533148e+01,1.00006589e-09
16,4.20515876e-01,1.33253440e-08,95,2,0,6,normal_corr_dominates,3.78178547e+01,1.00000000e+00,2.49999913e+07,-8.68153340e+00,-2.23647944e-01,-8.45788546e+00,1.00007329e-09
16,4.20515876e-01,1.33253440e-08,95,2,1,7,normal_corr_dominates,4.76675820e+01,1.00000000e+00,2.49999891e+07,-1.08844047e+01,-2.23647944e-01,-1.06607567e+01,1.00007720e-09
16,4.20515876e-01,1.33253440e-08,95,2,2,8,normal_corr_dominates,3.51837349e+01,1.00000000e+00,2.50000076e+07,7.64512204e+00,-2.23647944e-01,7.86876999e+00,1.00005605e-09
16,4.20515876e-01,1.33253440e-08,95,3,0,9,normal_corr_dominates,8.09955354e+00,1.00000000e+00,2.49999925e+07,-7.49282026e+00,-8.23427240e-01,-6.66939302e+00,1.00008396e-09
16,4.20515876e-01,1.33253440e-08,95,3,1,10,normal_corr_dominates,6.42149311e+00,1.00000000e+00,2.50000045e+07,4.46420511e+00,-8.23427240e-01,5.28763235e+00,1.00005190e-09
16,4.20515876e-01,1.33253440e-08,95,3,1,10,corr_ratio_high,5.93875472e-01,5.00000000e-01,2.50000045e+07,4.46420511e+00,-8.23427240e-01,5.28763235e+00,1.00005190e-09
16,4.20515876e-01,1.33253440e-08,95,3,2,11,normal_corr_dominates,2.10679405e+00,1.00000000e+00,2.50000009e+07,9.11364374e-01,-8.23427240e-01,1.73479161e+00,1.00006757e-09
16,4.20515876e-01,1.33253440e-08,95,3,2,11,corr_ratio_high,6.14254019e-01,5.00000000e-01,2.50000009e+07,9.11364374e-01,-8.23427240e-01,1.73479161e+00,1.00006757e-09
16,4.20515876e-01,1.33253440e-08,95,4,1,13,normal_corr_dominates,2.08571326e+00,1.00000000e+00,2.50000043e+07,4.33832937e+00,-3.99583347e+00,8.33416284e+00,1.00006139e-09
16,4.20515876e-01,1.33253440e-08,95,4,1,13,corr_ratio_high,5.09363880e-01,5.00000000e-01,2.50000043e+07,4.33832937e+00,-3.99583347e+00,8.33416284e+00,1.00006139e-09
16,4.20515876e-01,1.33253440e-08,95,5,0,15,normal_corr_dominates,7.70760248e+00,1.00000000e+00,2.49999920e+07,-7.99318033e+00,-9.17954207e-01,-7.07522612e+00,1.00011714e-09
16,4.20515876e-01,1.33253440e-08,95,5,1,16,normal_corr_dominates,4.34526908e+00,1.00000000e+00,2.50000031e+07,3.07080382e+00,-9.17954207e-01,3.98875803e+00,1.00006889e-09
16,4.20515876e-01,1.33253440e-08,95,5,1,16,corr_ratio_high,6.68082282e-01,5.00000000e-01,2.50000031e+07,3.07080382e+00,-9.17954207e-01,3.98875803e+00,1.00006889e-09
16,4.20515876e-01,1.33253440e-08,95,5,2,17,normal_corr_dominates,7.74951511e+00,1.00000000e+00,2.49999920e+07,-8.03165420e+00,-9.17954207e-01,-7.11369999e+00,1.00009467e-09
16,4.20515876e-01,1.33253440e-08,95,7,0,21,normal_corr_dominates,7.38524936e+00,1.00000000e+00,2.49999986e+07,-1.41855219e+00,-1.69172333e-01,-1.24937986e+00,1.00004629e-09
16,4.20515876e-01,1.33253440e-08,95,7,1,22,normal_corr_dominates,1.75308026e+01,1.00000000e+00,2.49999969e+07,-3.13489910e+00,-1.69172333e-01,-2.96572676e+00,1.00005886e-09
16,4.20515876e-01,1.33253440e-08,95,7,2,23,normal_corr_dominates,4.74637970e+00,1.00000000e+00,2.50000006e+07,6.33783793e-01,-1.69172333e-01,8.02956125e-01,1.00006146e-09
16,4.20515876e-01,1.33253440e-08,95,8,0,24,normal_corr_dominates,4.45444307e+00,1.00000000e+00,2.50000100e+07,1.00479378e+01,-2.90869977e+00,1.29566375e+01,1.00010268e-09
16,4.20515876e-01,1.33253440e-08,95,8,1,25,normal_corr_dominates,3.12813163e+00,1.00000000e+00,2.50000062e+07,6.19009597e+00,-2.90869977e+00,9.09879574e+00,1.00006817e-09
16,4.20515876e-01,1.33253440e-08,95,8,2,26,normal_corr_dominates,3.95105371e+00,1.00000000e+00,2.49999856e+07,-1.44011288e+01,-2.90869977e+00,-1.14924290e+01,1.00006706e-09
16,4.20515876e-01,1.33253440e-08,95,8,2,26,corr_ratio_high,5.81634681e-01,5.00000000e-01,2.49999856e+07,-1.44011288e+01,-2.90869977e+00,-1.14924290e+01,1.00006706e-09
16,4.20515876e-01,1.33253440e-08,95,9,0,27,normal_corr_dominates,5.29446716e+00,1.00000000e+00,2.50000102e+07,1.01814405e+01,-2.37082743e+00,1.25522679e+01,1.00006176e-09
16,4.20515876e-01,1.33253440e-08,95,9,0,27,corr_ratio_high,6.45482603e-01,5.00000000e-01,2.50000102e+07,1.01814405e+01,-2.37082743e+00,1.25522679e+01,1.00006176e-09
16,4.20515876e-01,1.33253440e-08,95,9,1,28,normal_corr_dominates,1.39836040e+00,1.00000000e+00,2.50000009e+07,9.44443769e-01,-2.37082743e+00,3.31527119e+00,1.00005509e-09
16,4.20515876e-01,1.33253440e-08,95,9,1,28,corr_ratio_high,6.18970150e-01,5.00000000e-01,2.50000009e+07,9.44443769e-01,-2.37082743e+00,3.31527119e+00,1.00005509e-09
16,4.20515876e-01,1.33253440e-08,95,9,2,29,normal_corr_dominates,6.42323402e+00,1.00000000e+00,2.49999824e+07,-1.75992068e+01,-2.37082743e+00,-1.52283794e+01,1.00012954e-09
16,4.20515876e-01,1.33253440e-08,95,9,2,29,corr_ratio_high,7.37144273e-01,5.00000000e-01,2.49999824e+07,-1.75992068e+01,-2.37082743e+00,-1.52283794e+01,1.00012954e-09
16,4.20515876e-01,1.33253440e-08,95,10,0,30,normal_corr_dominates,1.45208145e+00,1.00000000e+00,2.50000006e+07,6.20723226e-01,-1.37303404e+00,1.99375727e+00,1.00005286e-09
16,4.20515876e-01,1.33253440e-08,95,12,0,36,normal_corr_dominates,1.37068573e+00,1.00000000e+00,2.49999939e+07,-6.12883450e+00,-2.58525810e+00,-3.54357639e+00,1.00007926e-09
16,4.20515876e-01,1.33253440e-08,95,12,1,37,normal_corr_dominates,2.12734612e+00,1.00000000e+00,2.50000029e+07,2.91448068e+00,-2.58525810e+00,5.49973878e+00,1.00003798e-09
16,4.20515876e-01,1.33253440e-08,95,12,1,37,corr_ratio_high,9.71365049e-01,5.00000000e-01,2.50000029e+07,2.91448068e+00,-2.58525810e+00,5.49973878e+00,1.00003798e-09
16,4.20515876e-01,1.33253440e-08,95,12,2,38,normal_corr_dominates,2.54031875e+00,1.00000000e+00,2.49999908e+07,-9.15263775e+00,-2.58525810e+00,-6.56737964e+00,1.00010844e-09
16,4.20515876e-01,1.33253440e-08,95,12,2,38,corr_ratio_high,5.50346347e-01,5.00000000e-01,2.49999908e+07,-9.15263775e+00,-2.58525810e+00,-6.56737964e+00,1.00010844e-09
16,4.20515876e-01,1.33253440e-08,95,14,0,42,normal_corr_dominates,3.76105420e+01,1.00000000e+00,2.49999968e+07,-3.15036963e+00,8.60508874e-02,-3.23642052e+00,1.00007362e-09
16,4.20515876e-01,1.33253440e-08,95,14,1,43,normal_corr_dominates,9.00869246e+00,1.00000000e+00,2.49999993e+07,-6.89155093e-01,8.60508874e-02,-7.75205981e-01,1.00006097e-09
16,4.20515876e-01,1.33253440e-08,95,14,2,44,normal_corr_dominates,1.10256986e+01,1.00000000e+00,2.50000010e+07,1.03482204e+00,8.60508874e-02,9.48771151e-01,1.00006044e-09
16,4.20515876e-01,1.33253440e-08,95,15,1,46,normal_corr_dominates,5.12964744e+00,1.00000000e+00,2.49999899e+07,-1.00675599e+01,-1.64243703e+00,-8.42512289e+00,1.00008056e-09
16,4.20515876e-01,1.33253440e-08,95,15,2,47,normal_corr_dominates,2.39375512e+00,1.00000000e+00,2.50000023e+07,2.28915502e+00,-1.64243703e+00,3.93159204e+00,1.00005605e-09
16,4.20515876e-01,1.33253440e-08,95,18,0,54,normal_corr_dominates,1.13330827e+00,1.00000000e+00,2.49999973e+07,-2.71934949e+00,-1.27471005e+00,-1.44463944e+00,1.00005692e-09
16,4.20515876e-01,1.33253440e-08,95,18,2,56,normal_corr_dominates,1.04729597e+00,1.00000000e+00,2.49999974e+07,-2.60970876e+00,-1.27471005e+00,-1.33499870e+00,1.00006799e-09
16,4.20515876e-01,1.33253440e-08,95,21,0,63,normal_corr_dominates,1.42342622e+00,1.00000000e+00,2.50000019e+07,1.91424181e+00,-4.52083906e+00,6.43508087e+00,1.00005002e-09
16,4.20515876e-01,1.33253440e-08,95,21,0,63,corr_ratio_high,7.66547721e-01,5.00000000e-01,2.50000019e+07,1.91424181e+00,-4.52083906e+00,6.43508087e+00,1.00005002e-09
16,4.20515876e-01,1.33253440e-08,95,22,0,66,normal_corr_dominates,2.63358072e+00,1.00000000e+00,2.50000049e+07,4.93846293e+00,-3.02309085e+00,7.96155378e+00,1.00007034e-09
16,4.20515876e-01,1.33253440e-08,95,22,2,68,normal_corr_dominates,1.26779925e+00,1.00000000e+00,2.49999931e+07,-6.85576317e+00,-3.02309085e+00,-3.83267232e+00,1.00006893e-09
16,4.20515876e-01,1.33253440e-08,95,23,0,69,normal_corr_dominates,1.20631434e+00,1.00000000e+00,2.50000005e+07,5.40473805e-01,-2.61966184e+00,3.16013564e+00,1.00006824e-09
16,4.20515876e-01,1.33253440e-08,95,23,0,69,corr_ratio_high,8.06652231e-01,5.00000000e-01,2.50000005e+07,5.40473805e-01,-2.61966184e+00,3.16013564e+00,1.00006824e-09
16,4.20515876e-01,1.33253440e-08,95,23,1,70,normal_corr_dominates,1.00397127e+00,1.00000000e+00,2.49999948e+07,-5.24972707e+00,-2.61966184e+00,-2.63006523e+00,1.00007859e-09
16,4.20515876e-01,1.33253440e-08,95,23,1,70,corr_ratio_high,5.16925265e-01,5.00000000e-01,2.49999948e+07,-5.24972707e+00,-2.61966184e+00,-2.63006523e+00,1.00007859e-09
16,4.20515876e-01,1.33253440e-08,95,24,0,72,normal_corr_dominates,1.79618669e+00,1.00000000e+00,2.50000018e+07,1.77219146e+00,-2.22584914e+00,3.99804059e+00,1.00005450e-09
16,4.20515876e-01,1.33253440e-08,95,24,0,72,corr_ratio_high,6.20888690e-01,5.00000000e-01,2.50000018e+07,1.77219146e+00,-2.22584914e+00,3.99804059e+00,1.00005450e-09
16,4.20515876e-01,1.33253440e-08,95,24,2,74,normal_corr_dominates,1.18585327e+00,1.00000000e+00,2.49999951e+07,-4.86537961e+00,-2.22584914e+00,-2.63953047e+00,1.00006627e-09
16,4.20515876e-01,1.33253440e-08,95,26,0,78,normal_corr_dominates,1.22400095e+00,1.00000000e+00,2.50000001e+07,9.35186981e-02,-4.17492419e-01,5.11011117e-01,1.00004853e-09
16,4.20515876e-01,1.33253440e-08,95,27,2,83,normal_corr_dominates,1.43278624e+00,1.00000000e+00,2.49999877e+07,-1.23442200e+01,-5.07410793e+00,-7.27011204e+00,1.00007743e-09
16,4.20515876e-01,1.33253440e-08,95,28,0,84,normal_corr_dominates,1.29549466e+00,1.00000000e+00,2.49999969e+07,-3.07662731e+00,-1.34028946e+00,-1.73633785e+00,1.00007494e-09
16,4.20515876e-01,1.33253440e-08,95,28,1,85,normal_corr_dominates,1.55683447e+00,1.00000000e+00,2.50000007e+07,7.46319378e-01,-1.34028946e+00,2.08660884e+00,1.00006216e-09
16,4.20515876e-01,1.33253440e-08,95,29,0,87,normal_corr_dominates,7.22446636e+00,1.00000000e+00,2.49999986e+07,-1.42933473e+00,-1.73790574e-01,-1.25554416e+00,1.00007110e-09
16,4.20515876e-01,1.33253440e-08,95,29,1,88,normal_corr_dominates,1.97738001e+00,1.00000000e+00,2.50000002e+07,1.69859433e-01,-1.73790574e-01,3.43650007e-01,1.00006345e-09
16,4.20515876e-01,1.33253440e-08,95,29,2,89,normal_corr_dominates,7.86778230e+00,1.00000000e+00,2.50000012e+07,1.19355583e+00,-1.73790574e-01,1.36734640e+00,1.00005986e-09
16,4.20515876e-01,1.33253440e-08,95,30,0,90,normal_corr_dominates,1.41606532e+01,1.00000000e+00,2.49999959e+07,-4.06836599e+00,-2.68350310e-01,-3.80001568e+00,1.00005940e-09
16,4.20515876e-01,1.33253440e-08,95,30,2,92,normal_corr_dominates,5.75486067e+00,1.00000000e+00,2.50000013e+07,1.27596833e+00,-2.68350310e-01,1.54431864e+00,1.00005770e-09
16,4.20515876e-01,1.33253440e-08,95,32,1,97,normal_corr_dominates,2.87310338e+00,1.00000000e+00,2.49999938e+07,-6.20196672e+00,-1.60129129e+00,-4.60067542e+00,1.00005745e-09
16,4.20515876e-01,1.33253440e-08,95,32,2,98,normal_corr_dominates,1.72810865e+00,1.00000000e+00,2.50000012e+07,1.16591405e+00,-1.60129129e+00,2.76720534e+00,1.00006012e-09
16,4.20515876e-01,1.33253440e-08,95,35,1,106,normal_corr_dominates,7.32318532e+00,1.00000000e+00,2.49999910e+07,-9.03689953e+00,-1.08575013e+00,-7.95114940e+00,1.00008006e-09
16,4.20515876e-01,1.33253440e-08,95,35,2,107,normal_corr_dominates,2.40963217e+00,1.00000000e+00,2.50000015e+07,1.53050831e+00,-1.08575013e+00,2.61625844e+00,1.00005774e-09
16,4.20515876e-01,1.33253440e-08,95,13,0,39,normal_corr_dominates,4.87420241e+01,1.00000000e+00,2.50000019e+07,1.86282715e+00,3.74497657e-02,1.82537738e+00,1.00006690e-09
16,4.20515876e-01,1.33253440e-08,95,13,1,40,normal_corr_dominates,1.53438073e+02,1.00000000e+00,2.49999943e+07,-5.70877012e+00,3.74497657e-02,-5.74621989e+00,1.00008512e-09
16,4.20515876e-01,1.33253440e-08,95,13,2,41,normal_corr_dominates,6.29476627e+01,1.00000000e+00,2.50000024e+07,2.39482498e+00,3.74497657e-02,2.35737522e+00,1.00005584e-09
16,4.20515876e-01,1.33253440e-08,95,25,0,75,normal_corr_dominates,8.25421213e+00,1.00000000e+00,2.50000020e+07,1.99909730e+00,-2.75577453e-01,2.27467476e+00,1.00007176e-09
16,4.20515876e-01,1.33253440e-08,95,25,1,76,normal_corr_dominates,6.08356194e+00,1.00000000e+00,2.50000014e+07,1.40091505e+00,-2.75577453e-01,1.67649251e+00,1.00006167e-09
16,4.20515876e-01,1.33253440e-08,95,25,2,77,normal_corr_dominates,1.94436719e+01,1.00000000e+00,2.49999944e+07,-5.63381505e+00,-2.75577453e-01,-5.35823759e+00,1.00005517e-09
17,4.44227857e-01,1.40767314e-08,95,0,0,0,normal_corr_dominates,4.91691942e+00,1.00000000e+00,2.50000174e+07,1.74068875e+01,-4.44402491e+00,2.18509124e+01,1.00006096e-09
17,4.44227857e-01,1.40767314e-08,95,0,0,0,corr_ratio_high,7.25575960e-01,5.00000000e-01,2.50000174e+07,1.74068875e+01,-4.44402491e+00,2.18509124e+01,1.00006096e-09
17,4.44227857e-01,1.40767314e-08,95,0,1,1,normal_corr_dominates,2.13195207e+00,1.00000000e+00,2.49999861e+07,-1.39184730e+01,-4.44402491e+00,-9.47444810e+00,1.00012589e-09
17,4.44227857e-01,1.40767314e-08,95,0,2,2,corr_ratio_high,7.51529252e-01,5.00000000e-01,2.49999981e+07,-1.91756792e+00,-4.44402491e+00,2.52645699e+00,1.00007774e-09
17,4.44227857e-01,1.40767314e-08,95,1,0,3,normal_corr_dominates,6.25051120e+00,1.00000000e+00,2.49999908e+07,-9.18540397e+00,-1.26686295e+00,-7.91854102e+00,1.00006584e-09
17,4.44227857e-01,1.40767314e-08,95,1,1,4,normal_corr_dominates,8.72068193e+00,1.00000000e+00,2.50000098e+07,9.78104585e+00,-1.26686295e+00,1.10479088e+01,1.00010530e-09
17,4.44227857e-01,1.40767314e-08,95,1,2,5,normal_corr_dominates,8.69691741e+00,1.00000000e+00,2.49999877e+07,-1.22846654e+01,-1.26686295e+00,-1.10178024e+01,1.00006940e-09
17,4.44227857e-01,1.40767314e-08,95,1,2,5,corr_ratio_high,5.47471747e-01,5.00000000e-01,2.49999877e+07,-1.22846654e+01,-1.26686295e+00,-1.10178024e+01,1.00006940e-09
17,4.44227857e-01,1.40767314e-08,95,2,0,6,normal_corr_dominates,3.81172296e+01,1.00000000e+00,2.49999909e+07,-9.14452729e+00,-2.33772365e-01,-8.91075492e+00,1.00007720e-09
17,4.44227857e-01,1.40767314e-08,95,2,1,7,normal_corr_dominates,4.80528181e+01,1.00000000e+00,2.49999885e+07,-1.14671933e+01,-2.33772365e-01,-1.12334209e+01,1.00008131e-09
17,4.44227857e-01,1.40767314e-08,95,2,2,8,normal_corr_dominates,3.54608361e+01,1.00000000e+00,2.50000081e+07,8.05599115e+00,-2.33772365e-01,8.28976352e+00,1.00005904e-09
17,4.44227857e-01,1.40767314e-08,95,3,0,9,normal_corr_dominates,8.12848914e+00,1.00000000e+00,2.49999921e+07,-7.88762890e+00,-8.64067293e-01,-7.02356161e+00,1.00008842e-09
17,4.44227857e-01,1.40767314e-08,95,3,1,10,normal_corr_dominates,6.45157308e+00,1.00000000e+00,2.50000047e+07,4.71052599e+00,-8.64067293e-01,5.57459328e+00,1.00005467e-09
17,4.44227857e-01,1.40767314e-08,95,3,1,10,corr_ratio_high,5.93777596e-01,5.00000000e-01,2.50000047e+07,4.71052599e+00,-8.64067293e-01,5.57459328e+00,1.00005467e-09
17,4.44227857e-01,1.40767314e-08,95,3,2,11,normal_corr_dominates,2.11078307e+00,1.00000000e+00,2.50000010e+07,9.59791318e-01,-8.64067293e-01,1.82385861e+00,1.00007118e-09
17,4.44227857e-01,1.40767314e-08,95,3,2,11,corr_ratio_high,6.14253542e-01,5.00000000e-01,2.50000010e+07,9.59791318e-01,-8.64067293e-01,1.82385861e+00,1.00007118e-09
17,4.44227857e-01,1.40767314e-08,95,4,1,13,normal_corr_dominates,2.08716109e+00,1.00000000e+00,2.50000046e+07,4.56902025e+00,-4.20270765e+00,8.77172790e+00,1.00006468e-09
17,4.44227857e-01,1.40767314e-08,95,4,1,13,corr_ratio_high,5.08946475e-01,5.00000000e-01,2.50000046e+07,4.56902025e+00,-4.20270765e+00,8.77172790e+00,1.00006468e-09
17,4.44227857e-01,1.40767314e-08,95,5,0,15,normal_corr_dominates,7.74788168e+00,1.00000000e+00,2.49999916e+07,-8.41747287e+00,-9.62229849e-01,-7.45524302e+00,1.00012337e-09
17,4.44227857e-01,1.40767314e-08,95,5,1,16,normal_corr_dominates,4.37303800e+00,1.00000000e+00,2.50000032e+07,3.24563785e+00,-9.62229849e-01,4.20786770e+00,1.00007256e-09
17,4.44227857e-01,1.40767314e-08,95,5,1,16,corr_ratio_high,6.68053545e-01,5.00000000e-01,2.50000032e+07,3.24563785e+00,-9.62229849e-01,4.20786770e+00,1.00007256e-09
17,4.44227857e-01,1.40767314e-08,95,5,2,17,normal_corr_dominates,7.78849798e+00,1.00000000e+00,2.49999915e+07,-8.45655508e+00,-9.62229849e-01,-7.49432524e+00,1.00009970e-09
17,4.44227857e-01,1.40767314e-08,95,7,0,21,normal_corr_dominates,7.46124271e+00,1.00000000e+00,2.49999985e+07,-1.48970993e+00,-1.76062782e-01,-1.31364715e+00,1.00004876e-09
17,4.44227857e-01,1.40767314e-08,95,7,1,22,normal_corr_dominates,1.77533201e+01,1.00000000e+00,2.49999967e+07,-3.30176171e+00,-1.76062782e-01,-3.12569893e+00,1.00006199e-09
17,4.44227857e-01,1.40767314e-08,95,7,2,23,normal_corr_dominates,4.81010188e+00,1.00000000e+00,2.50000007e+07,6.70817138e-01,-1.76062782e-01,8.46879920e-01,1.00006473e-09
17,4.44227857e-01,1.40767314e-08,95,8,0,24,normal_corr_dominates,4.46385959e+00,1.00000000e+00,2.50000106e+07,1.05979274e+01,-3.05957187e+00,1.36574992e+01,1.00010813e-09
17,4.44227857e-01,1.40767314e-08,95,8,1,25,normal_corr_dominates,3.13203460e+00,1.00000000e+00,2.50000065e+07,6.52311308e+00,-3.05957187e+00,9.58268496e+00,1.00007180e-09
17,4.44227857e-01,1.40767314e-08,95,8,2,26,normal_corr_dominates,3.95911243e+00,1.00000000e+00,2.49999848e+07,-1.51727609e+01,-3.05957187e+00,-1.21131890e+01,1.00007064e-09
17,4.44227857e-01,1.40767314e-08,95,8,2,26,corr_ratio_high,5.81536428e-01,5.00000000e-01,2.49999848e+07,-1.51727609e+01,-3.05957187e+00,-1.21131890e+01,1.00007064e-09
17,4.44227857e-01,1.40767314e-08,95,9,0,27,normal_corr_dominates,5.30368553e+00,1.00000000e+00,2.50000107e+07,1.07291725e+01,-2.49301963e+00,1.32221921e+01,1.00006506e-09
17,4.44227857e-01,1.40767314e-08,95,9,0,27,corr_ratio_high,6.45516730e-01,5.00000000e-01,2.50000107e+07,1.07291725e+01,-2.49301963e+00,1.32221921e+01,1.00006506e-09
17,4.44227857e-01,1.40767314e-08,95,9,1,28,normal_corr_dominates,1.39976212e+00,1.00000000e+00,2.50000010e+07,9.96614820e-01,-2.49301963e+00,3.48963445e+00,1.00005804e-09
17,4.44227857e-01,1.40767314e-08,95,9,1,28,corr_ratio_high,6.18777101e-01,5.00000000e-01,2.50000010e+07,9.96614820e-01,-2.49301963e+00,3.48963445e+00,1.00005804e-09
17,4.44227857e-01,1.40767314e-08,95,9,2,29,normal_corr_dominates,6.43252754e+00,1.00000000e+00,2.49999815e+07,-1.85294371e+01,-2.49301963e+00,-1.60364174e+01,1.00013641e-09
17,4.44227857e-01,1.40767314e-08,95,9,2,29,corr_ratio_high,7.37217458e-01,5.00000000e-01,2.49999815e+07,-1.85294371e+01,-2.49301963e+00,-1.60364174e+01,1.00013641e-09
17,4.44227857e-01,1.40767314e-08,95,10,0,30,normal_corr_dominates,1.45361273e+00,1.00000000e+00,2.50000007e+07,6.54827386e-01,-1.44358248e+00,2.09840987e+00,1.00005568e-09
17,4.44227857e-01,1.40767314e-08,95,12,0,36,normal_corr_dominates,1.37239677e+00,1.00000000e+00,2.49999935e+07,-6.45076139e+00,-2.71909045e+00,-3.73167095e+00,1.00008348e-09
17,4.44227857e-01,1.40767314e-08,95,12,1,37,normal_corr_dominates,2.12878931e+00,1.00000000e+00,2.50000031e+07,3.06928024e+00,-2.71909045e+00,5.78837069e+00,1.00004003e-09
17,4.44227857e-01,1.40767314e-08,95,12,1,37,corr_ratio_high,9.71112209e-01,5.00000000e-01,2.50000031e+07,3.06928024e+00,-2.71909045e+00,5.78837069e+00,1.00004003e-09
17,4.44227857e-01,1.40767314e-08,95,12,2,38,normal_corr_dominates,2.54249429e+00,1.00000000e+00,2.49999904e+07,-9.63236238e+00,-2.71909045e+00,-6.91327193e+00,1.00011419e-09
17,4.44227857e-01,1.40767314e-08,95,12,2,38,corr_ratio_high,5.50394422e-01,5.00000000e-01,2.49999904e+07,-9.63236238e+00,-2.71909045e+00,-6.91327193e+00,1.00011419e-09
17,4.44227857e-01,1.40767314e-08,95,14,0,42,normal_corr_dominates,3.66718207e+01,1.00000000e+00,2.49999967e+07,-3.31728145e+00,9.29944528e-02,-3.41027590e+00,1.00007754e-09
17,4.44227857e-01,1.40767314e-08,95,14,1,43,normal_corr_dominates,8.77994981e+00,1.00000000e+00,2.49999993e+07,-7.23492175e-01,9.29944528e-02,-8.16486628e-01,1.00006421e-09
17,4.44227857e-01,1.40767314e-08,95,14,2,44,normal_corr_dominates,1.07516832e+01,1.00000000e+00,2.50000011e+07,1.09284135e+00,9.29944528e-02,9.99846892e-01,1.00006366e-09
17,4.44227857e-01,1.40767314e-08,95,15,1,46,normal_corr_dominates,5.13455786e+00,1.00000000e+00,2.49999894e+07,-1.06032564e+01,-1.72844671e+00,-8.87480966e+00,1.00008485e-09
17,4.44227857e-01,1.40767314e-08,95,15,2,47,normal_corr_dominates,2.39548009e+00,1.00000000e+00,2.50000024e+07,2.41201298e+00,-1.72844671e+00,4.14045969e+00,1.00005903e-09
17,4.44227857e-01,1.40767314e-08,95,18,0,54,normal_corr_dominates,1.13478939e+00,1.00000000e+00,2.49999971e+07,-2.86194069e+00,-1.34061969e+00,-1.52132100e+00,1.00005995e-09
17,4.44227857e-01,1.40767314e-08,95,18,2,56,normal_corr_dominates,1.04958917e+00,1.00000000e+00,2.49999973e+07,-2.74771959e+00,-1.34061969e+00,-1.40709990e+00,1.00007161e-09
17,4.44227857e-01,1.40767314e-08,95,21,0,63,normal_corr_dominates,1.42531992e+00,1.00000000e+00,2.50000020e+07,2.02427596e+00,-4.75941955e+00,6.78369551e+00,1.00005268e-09
17,4.44227857e-01,1.40767314e-08,95,21,0,63,corr_ratio_high,7.66544793e-01,5.00000000e-01,2.50000020e+07,2.02427596e+00,-4.75941955e+00,6.78369551e+00,1.00005268e-09
17,4.44227857e-01,1.40767314e-08,95,22,0,66,normal_corr_dominates,2.63627718e+00,1.00000000e+00,2.50000052e+07,5.20457831e+00,-3.18074368e+00,8.38532199e+00,1.00007408e-09
17,4.44227857e-01,1.40767314e-08,95,22,2,68,normal_corr_dominates,1.26986587e+00,1.00000000e+00,2.49999928e+07,-7.21986152e+00,-3.18074368e+00,-4.03911784e+00,1.00007260e-09
17,4.44227857e-01,1.40767314e-08,95,23,0,69,normal_corr_dominates,1.21131943e+00,1.00000000e+00,2.50000006e+07,5.81707561e-01,-2.75274052e+00,3.33444808e+00,1.00007184e-09
17,4.44227857e-01,1.40767314e-08,95,23,0,69,corr_ratio_high,8.06859149e-01,5.00000000e-01,2.50000006e+07,5.81707561e-01,-2.75274052e+00,3.33444808e+00,1.00007184e-09
17,4.44227857e-01,1.40767314e-08,95,23,1,70,normal_corr_dominates,1.01028608e+00,1.00000000e+00,2.49999945e+07,-5.53379595e+00,-2.75274052e+00,-2.78105543e+00,1.00008280e-09
17,4.44227857e-01,1.40767314e-08,95,23,1,70,corr_ratio_high,5.16801208e-01,5.00000000e-01,2.49999945e+07,-5.53379595e+00,-2.75274052e+00,-2.78105543e+00,1.00008280e-09
17,4.44227857e-01,1.40767314e-08,95,24,0,72,normal_corr_dominates,1.79985852e+00,1.00000000e+00,2.50000019e+07,1.87339471e+00,-2.34215761e+00,4.21555232e+00,1.00005740e-09
17,4.44227857e-01,1.40767314e-08,95,24,0,72,corr_ratio_high,6.20943692e-01,5.00000000e-01,2.50000019e+07,1.87339471e+00,-2.34215761e+00,4.21555232e+00,1.00005740e-09
17,4.44227857e-01,1.40767314e-08,95,24,2,74,normal_corr_dominates,1.18720751e+00,1.00000000e+00,2.49999949e+07,-5.12278472e+00,-2.34215761e+00,-2.78062710e+00,1.00006980e-09
17,4.44227857e-01,1.40767314e-08,95,26,0,78,normal_corr_dominates,1.22631643e+00,1.00000000e+00,2.50000001e+07,9.91144019e-02,-4.37946111e-01,5.37060513e-01,1.00005112e-09
17,4.44227857e-01,1.40767314e-08,95,27,2,83,normal_corr_dominates,1.43378801e+00,1.00000000e+00,2.49999870e+07,-1.30013964e+01,-5.34204144e+00,-7.65935495e+00,1.00008155e-09
17,4.44227857e-01,1.40767314e-08,95,28,0,84,normal_corr_dominates,1.29621952e+00,1.00000000e+00,2.49999968e+07,-3.23673534e+00,-1.40959317e+00,-1.82714217e+00,1.00007893e-09
17,4.44227857e-01,1.40767314e-08,95,28,1,85,normal_corr_dominates,1.56060002e+00,1.00000000e+00,2.50000008e+07,7.90217954e-01,-1.40959317e+00,2.19981112e+00,1.00006547e-09
17,4.44227857e-01,1.40767314e-08,95,29,0,87,normal_corr_dominates,7.32843447e+00,1.00000000e+00,2.49999985e+07,-1.50416934e+00,-1.80606493e-01,-1.32356285e+00,1.00007488e-09
17,4.44227857e-01,1.40767314e-08,95,29,1,88,normal_corr_dominates,2.00553185e+00,1.00000000e+00,2.50000002e+07,1.81605581e-01,-1.80606493e-01,3.62212074e-01,1.00006683e-09
17,4.44227857e-01,1.40767314e-08,95,29,2,89,normal_corr_dominates,7.97520617e+00,1.00000000e+00,2.50000013e+07,1.25976752e+00,-1.80606493e-01,1.44037402e+00,1.00006305e-09
17,4.44227857e-01,1.40767314e-08,95,30,0,90,normal_corr_dominates,1.42942104e+01,1.00000000e+00,2.49999957e+07,-4.28407836e+00,-2.80111118e-01,-4.00396725e+00,1.00006257e-09
17,4.44227857e-01,1.40767314e-08,95,30,2,92,normal_corr_dominates,5.80907463e+00,1.00000000e+00,2.50000013e+07,1.34707527e+00,-2.80111118e-01,1.62718639e+00,1.00006078e-09
17,4.44227857e-01,1.40767314e-08,95,32,1,97,normal_corr_dominates,2.87912601e+00,1.00000000e+00,2.49999935e+07,-6.53185012e+00,-1.68384582e+00,-4.84800430e+00,1.00006051e-09
17,4.44227857e-01,1.40767314e-08,95,32,2,98,normal_corr_dominates,1.73181969e+00,1.00000000e+00,2.50000012e+07,1.23227152e+00,-1.68384582e+00,2.91611734e+00,1.00006332e-09
17,4.44227857e-01,1.40767314e-08,95,35,1,106,normal_corr_dominates,7.33878458e+00,1.00000000e+00,2.49999905e+07,-9.51999998e+00,-1.14165319e+00,-8.37834680e+00,1.00008432e-09
17,4.44227857e-01,1.40767314e-08,95,35,2,107,normal_corr_dominates,2.41479630e+00,1.00000000e+00,2.50000016e+07,1.61520670e+00,-1.14165319e+00,2.75685989e+00,1.00006082e-09
17,4.44227857e-01,1.40767314e-08,95,13,0,39,normal_corr_dominates,4.58757635e+01,1.00000000e+00,2.50000020e+07,1.96286039e+00,4.18736729e-02,1.92098671e+00,1.00007046e-09
17,4.44227857e-01,1.40767314e-08,95,13,1,40,normal_corr_dominates,1.44509831e+02,1.00000000e+00,2.49999940e+07,-6.00928374e+00,4.18736729e-02,-6.05115741e+00,1.00008965e-09
17,4.44227857e-01,1.40767314e-08,95,13,2,41,normal_corr_dominates,5.93667501e+01,1.00000000e+00,2.50000025e+07,2.52777755e+00,4.18736729e-02,2.48590387e+00,1.00005882e-09
17,4.44227857e-01,1.40767314e-08,95,25,0,75,normal_corr_dominates,8.32680908e+00,1.00000000e+00,2.50000021e+07,2.10747010e+00,-2.87638189e-01,2.39510829e+00,1.00007558e-09
17,4.44227857e-01,1.40767314e-08,95,25,1,76,normal_corr_dominates,6.14819401e+00,1.00000000e+00,2.50000015e+07,1.48081720e+00,-2.87638189e-01,1.76845539e+00,1.00006495e-09
17,4.44227857e-01,1.40767314e-08,95,25,2,77,normal_corr_dominates,1.96336476e+01,1.00000000e+00,2.49999941e+07,-5.93502503e+00,-2.87638189e-01,-5.64738684e+00,1.00005812e-09
18,4.69378806e-01,1.48737168e-08,95,0,0,0,normal_corr_dominates,4.92190107e+00,1.00000000e+00,2.50000183e+07,1.83373821e+01,-4.67563607e+00,2.30130182e+01,1.00006424e-09
18,4.69378806e-01,1.48737168e-08,95,0,0,0,corr_ratio_high,7.25496772e-01,5.00000000e-01,2.50000183e+07,1.83373821e+01,-4.67563607e+00,2.30130182e+01,1.00006424e-09
18,4.69378806e-01,1.48737168e-08,95,0,1,1,normal_corr_dominates,2.13503659e+00,1.00000000e+00,2.49999853e+07,-1.46582902e+01,-4.67563607e+00,-9.98265410e+00,1.00013258e-09
18,4.69378806e-01,1.48737168e-08,95,0,2,2,corr_ratio_high,7.51588059e-01,5.00000000e-01,2.49999980e+07,-2.00352394e+00,-4.67563607e+00,2.67211213e+00,1.00008188e-09
18,4.69378806e-01,1.48737168e-08,95,1,0,3,normal_corr_dominates,6.26831024e+00,1.00000000e+00,2.49999903e+07,-9.67634318e+00,-1.33130575e+00,-8.34503743e+00,1.00006938e-09
18,4.69378806e-01,1.48737168e-08,95,1,1,4,normal_corr_dominates,8.74968159e+00,1.00000000e+00,2.50000103e+07,1.03171956e+01,-1.33130575e+00,1.16485014e+01,1.00011090e-09
18,4.69378806e-01,1.48737168e-08,95,1,2,5,normal_corr_dominates,8.72416135e+00,1.00000000e+00,2.49999871e+07,-1.29458319e+01,-1.33130575e+00,-1.16145261e+01,1.00007311e-09
18,4.69378806e-01,1.48737168e-08,95,1,2,5,corr_ratio_high,5.47512034e-01,5.00000000e-01,2.49999871e+07,-1.29458319e+01,-1.33130575e+00,-1.16145261e+01,1.00007311e-09
18,4.69378806e-01,1.48737168e-08,95,2,0,6,normal_corr_dominates,3.84200848e+01,1.00000000e+00,2.49999904e+07,-9.63356469e+00,-2.44382140e-01,-9.38918255e+00,1.00008133e-09
18,4.69378806e-01,1.48737168e-08,95,2,1,7,normal_corr_dominates,4.84430523e+01,1.00000000e+00,2.49999879e+07,-1.20829990e+01,-2.44382140e-01,-1.18386168e+01,1.00008565e-09
18,4.69378806e-01,1.48737168e-08,95,2,2,8,normal_corr_dominates,3.57413303e+01,1.00000000e+00,2.50000085e+07,8.49016065e+00,-2.44382140e-01,8.73454279e+00,1.00006219e-09
18,4.69378806e-01,1.48737168e-08,95,3,0,9,normal_corr_dominates,8.15777806e+00,1.00000000e+00,2.49999917e+07,-8.30439146e+00,-9.06812919e-01,-7.39757854e+00,1.00009314e-09
18,4.69378806e-01,1.48737168e-08,95,3,1,10,normal_corr_dominates,6.48207870e+00,1.00000000e+00,2.50000050e+07,4.97121979e+00,-9.06812919e-01,5.87803271e+00,1.00005759e-09
18,4.69378806e-01,1.48737168e-08,95,3,1,10,corr_ratio_high,5.93674977e-01,5.00000000e-01,2.50000050e+07,4.97121979e+00,-9.06812919e-01,5.87803271e+00,1.00005759e-09
18,4.69378806e-01,1.48737168e-08,95,3,2,11,normal_corr_dominates,2.11483884e+00,1.00000000e+00,2.50000010e+07,1.01095026e+00,-9.06812919e-01,1.91776318e+00,1.00007499e-09
18,4.69378806e-01,1.48737168e-08,95,3,2,11,corr_ratio_high,6.14252632e-01,5.00000000e-01,2.50000010e+07,1.01095026e+00,-9.06812919e-01,1.91776318e+00,1.00007499e-09
18,4.69378806e-01,1.48737168e-08,95,4,1,13,normal_corr_dominates,2.08860989e+00,1.00000000e+00,2.50000048e+07,4.81259604e+00,-4.42086380e+00,9.23345983e+00,1.00006816e-09
18,4.69378806e-01,1.48737168e-08,95,4,1,13,corr_ratio_high,5.08520846e-01,5.00000000e-01,2.50000048e+07,4.81259604e+00,-4.42086380e+00,9.23345983e+00,1.00006816e-09
18,4.69378806e-01,1.48737168e-08,95,5,0,15,normal_corr_dominates,7.78861653e+00,1.00000000e+00,2.49999911e+07,-8.86558878e+00,-1.00875818e+00,-7.85683061e+00,1.00012994e-09
18,4.69378806e-01,1.48737168e-08,95,5,1,16,normal_corr_dominates,4.40119088e+00,1.00000000e+00,2.50000034e+07,3.43097911e+00,-1.00875818e+00,4.43973728e+00,1.00007643e-09
18,4.69378806e-01,1.48737168e-08,95,5,1,16,corr_ratio_high,6.68021230e-01,5.00000000e-01,2.50000034e+07,3.43097911e+00,-1.00875818e+00,4.43973728e+00,1.00007643e-09
18,4.69378806e-01,1.48737168e-08,95,5,2,17,normal_corr_dominates,7.82791642e+00,1.00000000e+00,2.49999911e+07,-8.90523287e+00,-1.00875818e+00,-7.89647469e+00,1.00010500e-09
18,4.69378806e-01,1.48737168e-08,95,7,0,21,normal_corr_dominates,7.53897127e+00,1.00000000e+00,2.49999984e+07,-1.56457280e+00,-1.83227318e-01,-1.38134549e+00,1.00005137e-09
18,4.69378806e-01,1.48737168e-08,95,7,1,22,normal_corr_dominates,1.79819515e+01,1.00000000e+00,2.49999965e+07,-3.47801206e+00,-1.83227318e-01,-3.29478474e+00,1.00006531e-09
18,4.69378806e-01,1.48737168e-08,95,7,2,23,normal_corr_dominates,4.87549641e+00,1.00000000e+00,2.50000007e+07,7.10096812e-01,-1.83227318e-01,8.93324130e-01,1.00006818e-09
18,4.69378806e-01,1.48737168e-08,95,8,0,24,normal_corr_dominates,4.47339735e+00,1.00000000e+00,2.50000112e+07,1.11797475e+01,-3.21867798e+00,1.43984255e+01,1.00011389e-09
18,4.69378806e-01,1.48737168e-08,95,8,1,25,normal_corr_dominates,3.13597463e+00,1.00000000e+00,2.50000069e+07,6.87501451e+00,-3.21867798e+00,1.00936925e+01,1.00007564e-09
18,4.69378806e-01,1.48737168e-08,95,8,2,26,normal_corr_dominates,3.96728003e+00,1.00000000e+00,2.49999840e+07,-1.59880748e+01,-3.21867798e+00,-1.27693969e+01,1.00007442e-09
18,4.69378806e-01,1.48737168e-08,95,8,2,26,corr_ratio_high,5.81433052e-01,5.00000000e-01,2.49999840e+07,-1.59880748e+01,-3.21867798e+00,-1.27693969e+01,1.00007442e-09
18,4.69378806e-01,1.48737168e-08,95,9,0,27,normal_corr_dominates,5.31302006e+00,1.00000000e+00,2.50000113e+07,1.13080327e+01,-2.62183633e+00,1.39298690e+01,1.00006854e-09
18,4.69378806e-01,1.48737168e-08,95,9,0,27,corr_ratio_high,6.45550824e-01,5.00000000e-01,2.50000113e+07,1.13080327e+01,-2.62183633e+00,1.39298690e+01,1.00006854e-09
18,4.69378806e-01,1.48737168e-08,95,9,1,28,normal_corr_dominates,1.40119910e+00,1.00000000e+00,2.50000011e+07,1.05187838e+00,-2.62183633e+00,3.67371470e+00,1.00006116e-09
18,4.69378806e-01,1.48737168e-08,95,9,1,28,corr_ratio_high,6.18580699e-01,5.00000000e-01,2.50000011e+07,1.05187838e+00,-2.62183633e+00,3.67371470e+00,1.00006116e-09
18,4.69378806e-01,1.48737168e-08,95,9,2,29,normal_corr_dominates,6.44195461e+00,1.00000000e+00,2.49999805e+07,-1.95115869e+01,-2.62183633e+00,-1.68897506e+01,1.00014366e-09
18,4.69378806e-01,1.48737168e-08,95,9,2,29,corr_ratio_high,7.37291675e-01,5.00000000e-01,2.49999805e+07,-1.95115869e+01,-2.62183633e+00,-1.68897506e+01,1.00014366e-09
18,4.69378806e-01,1.48737168e-08,95,10,0,30,normal_corr_dominates,1.45516106e+00,1.00000000e+00,2.50000007e+07,6.90913479e-01,-1.51795383e+00,2.20886731e+00,1.00005866e-09
18,4.69378806e-01,1.48737168e-08,95,12,0,36,normal_corr_dominates,1.37410935e+00,1.00000000e+00,2.49999932e+07,-6.79051592e+00,-2.86023722e+00,-3.93027871e+00,1.00008793e-09
18,4.69378806e-01,1.48737168e-08,95,12,1,37,normal_corr_dominates,2.13025140e+00,1.00000000e+00,2.50000032e+07,3.23278712e+00,-2.86023722e+00,6.09302433e+00,1.00004219e-09
18,4.69378806e-01,1.48737168e-08,95,12,1,37,corr_ratio_high,9.70854658e-01,5.00000000e-01,2.50000032e+07,3.23278712e+00,-2.86023722e+00,6.09302433e+00,1.00004219e-09
18,4.69378806e-01,1.48737168e-08,95,12,2,38,normal_corr_dominates,2.54468586e+00,1.00000000e+00,2.49999899e+07,-1.01386424e+01,-2.86023722e+00,-7.27840521e+00,1.00012026e-09
18,4.69378806e-01,1.48737168e-08,95,12,2,38,corr_ratio_high,5.50443373e-01,5.00000000e-01,2.49999899e+07,-1.01386424e+01,-2.86023722e+00,-7.27840521e+00,1.00012026e-09
18,4.69378806e-01,1.48737168e-08,95,14,0,42,normal_corr_dominates,3.57796893e+01,1.00000000e+00,2.49999965e+07,-3.49358959e+00,1.00449132e-01,-3.59403873e+00,1.00008167e-09
18,4.69378806e-01,1.48737168e-08,95,14,1,43,normal_corr_dominates,8.56217232e+00,1.00000000e+00,2.49999992e+07,-7.59613643e-01,1.00449132e-01,-8.60062775e-01,1.00006764e-09
18,4.69378806e-01,1.48737168e-08,95,14,2,44,normal_corr_dominates,1.04911750e+01,1.00000000e+00,2.50000012e+07,1.15427855e+00,1.00449132e-01,1.05382942e+00,1.00006707e-09
18,4.69378806e-01,1.48737168e-08,95,15,1,46,normal_corr_dominates,5.13941705e+00,1.00000000e+00,2.49999888e+07,-1.11690100e+01,-1.81922973e+00,-9.34978031e+00,1.00008939e-09
18,4.69378806e-01,1.48737168e-08,95,15,2,47,normal_corr_dominates,2.39717515e+00,1.00000000e+00,2.50000025e+07,2.54178258e+00,-1.81922973e+00,4.36101231e+00,1.00006219e-09
18,4.69378806e-01,1.48737168e-08,95,18,0,54,normal_corr_dominates,1.13624462e+00,1.00000000e+00,2.49999970e+07,-3.01239743e+00,-1.41013693e+00,-1.60226050e+00,1.00006315e-09
18,4.69378806e-01,1.48737168e-08,95,18,2,56,normal_corr_dominates,1.05192320e+00,1.00000000e+00,2.49999971e+07,-2.89349268e+00,-1.41013693e+00,-1.48335575e+00,1.00007543e-09
18,4.69378806e-01,1.48737168e-08,95,21,0,63,normal_corr_dominates,1.42723519e+00,1.00000000e+00,2.50000021e+07,2.14099870e+00,-5.01128828e+00,7.15228698e+00,1.00005549e-09
18,4.69378806e-01,1.48737168e-08,95,21,0,63,corr_ratio_high,7.66539097e-01,5.00000000e-01,2.50000021e+07,2.14099870e+00,-5.01128828e+00,7.15228698e+00,1.00005549e-09
18,4.69378806e-01,1.48737168e-08,95,22,0,66,normal_corr_dominates,2.63898902e+00,1.00000000e+00,2.50000055e+07,5.48580964e+00,-3.34706918e+00,8.83287881e+00,1.00007804e-09
18,4.69378806e-01,1.48737168e-08,95,22,2,68,normal_corr_dominates,1.27194492e+00,1.00000000e+00,2.49999924e+07,-7.60435681e+00,-3.34706918e+00,-4.25728763e+00,1.00007648e-09
18,4.69378806e-01,1.48737168e-08,95,23,0,69,normal_corr_dominates,1.21640316e+00,1.00000000e+00,2.50000006e+07,6.26038787e-01,-2.89292807e+00,3.51896686e+00,1.00007565e-09
18,4.69378806e-01,1.48737168e-08,95,23,0,69,corr_ratio_high,8.07067655e-01,5.00000000e-01,2.50000006e+07,6.26038787e-01,-2.89292807e+00,3.51896686e+00,1.00007565e-09
18,4.69378806e-01,1.48737168e-08,95,23,1,70,normal_corr_dominates,1.01669717e+00,1.00000000e+00,2.49999942e+07,-5.83415987e+00,-2.89292807e+00,-2.94123179e+00,1.00008725e-09
18,4.69378806e-01,1.48737168e-08,95,23,1,70,corr_ratio_high,5.16674727e-01,5.00000000e-01,2.49999942e+07,-5.83415987e+00,-2.89292807e+00,-2.94123179e+00,1.00008725e-09
18,4.69378806e-01,1.48737168e-08,95,24,0,72,normal_corr_dominates,1.80356558e+00,1.00000000e+00,2.50000020e+07,1.98070106e+00,-2.46489038e+00,4.44559144e+00,1.00006046e-09
18,4.69378806e-01,1.48737168e-08,95,24,0,72,corr_ratio_high,6.20997865e-01,5.00000000e-01,2.50000020e+07,1.98070106e+00,-2.46489038e+00,4.44559144e+00,1.00006046e-09
18,4.69378806e-01,1.48737168e-08,95,24,2,74,normal_corr_dominates,1.18854937e+00,1.00000000e+00,2.49999946e+07,-5.39453428e+00,-2.46489038e+00,-2.92964391e+00,1.00007354e-09
18,4.69378806e-01,1.48737168e-08,95,26,0,78,normal_corr_dominates,1.22858818e+00,1.00000000e+00,2.50000001e+07,1.05027521e-01,-4.59461731e-01,5.64489252e-01,1.00005385e-09
18,4.69378806e-01,1.48737168e-08,95,27,2,83,normal_corr_dominates,1.43479556e+00,1.00000000e+00,2.49999863e+07,-1.36954901e+01,-5.62490350e+00,-8.07058659e+00,1.00008591e-09
18,4.69378806e-01,1.48737168e-08,95,28,0,84,normal_corr_dominates,1.29693278e+00,1.00000000e+00,2.49999966e+07,-3.40562424e+00,-1.48268346e+00,-1.92294078e+00,1.00008314e-09
18,4.69378806e-01,1.48737168e-08,95,28,1,85,normal_corr_dominates,1.56441787e+00,1.00000000e+00,2.50000008e+07,8.36853042e-01,-1.48268346e+00,2.31953650e+00,1.00006896e-09
18,4.69378806e-01,1.48737168e-08,95,29,0,87,normal_corr_dominates,7.43575107e+00,1.00000000e+00,2.49999984e+07,-1.58319277e+00,-1.87676563e-01,-1.39551621e+00,1.00007888e-09
18,4.69378806e-01,1.48737168e-08,95,29,1,88,normal_corr_dominates,2.03458655e+00,1.00000000e+00,2.50000002e+07,1.94167649e-01,-1.87676563e-01,3.81844212e-01,1.00007040e-09
18,4.69378806e-01,1.48737168e-08,95,29,2,89,normal_corr_dominates,8.08581010e+00,1.00000000e+00,2.50000013e+07,1.32984049e+00,-1.87676563e-01,1.51751705e+00,1.00006642e-09
18,4.69378806e-01,1.48737168e-08,95,30,0,90,normal_corr_dominates,1.44310330e+01,1.00000000e+00,2.49999955e+07,-4.51184958e+00,-2.92388046e-01,-4.21946154e+00,1.00006591e-09
18,4.69378806e-01,1.48737168e-08,95,30,2,92,normal_corr_dominates,5.86460123e+00,1.00000000e+00,2.50000014e+07,1.42235125e+00,-2.92388046e-01,1.71473929e+00,1.00006402e-09
18,4.69378806e-01,1.48737168e-08,95,32,1,97,normal_corr_dominates,2.88518569e+00,1.00000000e+00,2.49999931e+07,-6.88024635e+00,-1.77089254e+00,-5.10935381e+00,1.00006375e-09
18,4.69378806e-01,1.48737168e-08,95,32,2,98,normal_corr_dominates,1.73560342e+00,1.00000000e+00,2.50000013e+07,1.30267461e+00,-1.77089254e+00,3.07356715e+00,1.00006671e-09
18,4.69378806e-01,1.48737168e-08,95,35,1,106,normal_corr_dominates,7.35446201e+00,1.00000000e+00,2.49999900e+07,-1.00304289e+01,-1.20060739e+00,-8.82982146e+00,1.00008882e-09
18,4.69378806e-01,1.48737168e-08,95,35,2,107,normal_corr_dominates,2.41999602e+00,1.00000000e+00,2.50000017e+07,1.70485772e+00,-1.20060739e+00,2.90546511e+00,1.00006407e-09
18,4.69378806e-01,1.48737168e-08,95,13,0,39,normal_corr_dominates,4.33303383e+01,1.00000000e+00,2.50000021e+07,2.06849063e+00,4.66608357e-02,2.02182979e+00,1.00007422e-09
18,4.69378806e-01,1.48737168e-08,95,13,1,40,normal_corr_dominates,1.36585021e+02,1.00000000e+00,2.49999937e+07,-6.32651041e+00,4.66608357e-02,-6.37317124e+00,1.00009443e-09
18,4.69378806e-01,1.48737168e-08,95,13,2,41,normal_corr_dominates,5.61897604e+01,1.00000000e+00,2.50000027e+07,2.66852201e+00,4.66608357e-02,2.62186118e+00,1.00006196e-09
18,4.69378806e-01,1.48737168e-08,95,25,0,75,normal_corr_dominates,8.40066200e+00,1.00000000e+00,2.50000022e+07,2.22198253e+00,-3.00241050e-01,2.52222358e+00,1.00007961e-09
18,4.69378806e-01,1.48737168e-08,95,25,1,76,normal_corr_dominates,6.21421838e+00,1.00000000e+00,2.50000016e+07,1.56552240e+00,-3.00241050e-01,1.86576345e+00,1.00006842e-09
18,4.69378806e-01,1.48737168e-08,95,25,2,77,normal_corr_dominates,1.98274132e+01,1.00000000e+00,2.49999937e+07,-6.25324442e+00,-3.00241050e-01,-5.95300337e+00,1.00006123e-09
19,4.96064928e-01,1.57193490e-08,95,0,0,0,normal_corr_dominates,4.92690707e+00,1.00000000e+00,2.50000193e+07,1.93204034e+01,-4.92000526e+00,2.42404087e+01,1.00006770e-09
19,4.96064928e-01,1.57193490e-08,95,0,0,0,corr_ratio_high,7.25416082e-01,5.00000000e-01,2.50000193e+07,1.93204034e+01,-4.92000526e+00,2.42404087e+01,1.00006770e-09
19,4.96064928e-01,1.57193490e-08,95,0,1,1,normal_corr_dominates,2.13814845e+00,1.00000000e+00,2.49999846e+07,-1.54397068e+01,-4.92000526e+00,-1.05197016e+01,1.00013965e-09
19,4.96064928e-01,1.57193490e-08,95,0,2,2,corr_ratio_high,7.51645586e-01,5.00000000e-01,2.49999979e+07,-2.09330369e+00,-4.92000526e+00,2.82670157e+00,1.00008625e-09
19,4.96064928e-01,1.57193490e-08,95,1,0,3,normal_corr_dominates,6.28620152e+00,1.00000000e+00,2.49999898e+07,-1.01950083e+01,-1.39922129e+00,-8.79578700e+00,1.00007311e-09
19,4.96064928e-01,1.57193490e-08,95,1,1,4,normal_corr_dominates,8.77891576e+00,1.00000000e+00,2.50000109e+07,1.08844245e+01,-1.39922129e+00,1.22836458e+01,1.00011681e-09
19,4.96064928e-01,1.57193490e-08,95,1,2,5,normal_corr_dominates,8.75164430e+00,1.00000000e+00,2.49999864e+07,-1.36447083e+01,-1.39922129e+00,-1.22454870e+01,1.00007703e-09
19,4.96064928e-01,1.57193490e-08,95,1,2,5,corr_ratio_high,5.47550323e-01,5.00000000e-01,2.49999864e+07,-1.36447083e+01,-1.39922129e+00,-1.22454870e+01,1.00007703e-09
19,4.96064928e-01,1.57193490e-08,95,2,0,6,normal_corr_dominates,3.87260420e+01,1.00000000e+00,2.49999898e+07,-1.01502390e+01,-2.55505923e-01,-9.89473312e+00,1.00008570e-09
19,4.96064928e-01,1.57193490e-08,95,2,1,7,normal_corr_dominates,4.88378372e+01,1.00000000e+00,2.49999873e+07,-1.27338626e+01,-2.55505923e-01,-1.24783567e+01,1.00009024e-09
19,4.96064928e-01,1.57193490e-08,95,2,2,8,normal_corr_dominates,3.60248788e+01,1.00000000e+00,2.50000089e+07,8.94906400e+00,-2.55505923e-01,9.20456992e+00,1.00006553e-09
19,4.96064928e-01,1.57193490e-08,95,3,0,9,normal_corr_dominates,8.18740013e+00,1.00000000e+00,2.49999913e+07,-8.74444055e+00,-9.51786188e-01,-7.79265436e+00,1.00009812e-09
19,4.96064928e-01,1.57193490e-08,95,3,1,10,normal_corr_dominates,6.51299453e+00,1.00000000e+00,2.50000052e+07,5.24719205e+00,-9.51786188e-01,6.19897824e+00,1.00006067e-09
19,4.96064928e-01,1.57193490e-08,95,3,1,10,corr_ratio_high,5.93567461e-01,5.00000000e-01,2.50000052e+07,5.24719205e+00,-9.51786188e-01,6.19897824e+00,1.00006067e-09
19,4.96064928e-01,1.57193490e-08,95,3,2,11,normal_corr_dominates,2.11895848e+00,1.00000000e+00,2.50000011e+07,1.06500923e+00,-9.51786188e-01,2.01679542e+00,1.00007902e-09
19,4.96064928e-01,1.57193490e-08,95,3,2,11,corr_ratio_high,6.14251262e-01,5.00000000e-01,2.50000011e+07,1.06500923e+00,-9.51786188e-01,2.01679542e+00,1.00007902e-09
19,4.96064928e-01,1.57193490e-08,95,4,1,13,normal_corr_dominates,2.09005810e+00,1.00000000e+00,2.50000051e+07,5.06983455e+00,-4.65097646e+00,9.72081100e+00,1.00007183e-09
19,4.96064928e-01,1.57193490e-08,95,4,1,13,corr_ratio_high,5.08086972e-01,5.00000000e-01,2.50000051e+07,5.06983455e+00,-4.65097646e+00,9.72081100e+00,1.00007183e-09
19,4.96064928e-01,1.57193490e-08,95,5,0,15,normal_corr_dominates,7.82977625e+00,1.00000000e+00,2.49999907e+07,-9.33898904e+00,-1.05766995e+00,-8.28131909e+00,1.00013688e-09
19,4.96064928e-01,1.57193490e-08,95,5,1,16,normal_corr_dominates,4.42971060e+00,1.00000000e+00,2.50000036e+07,3.62750186e+00,-1.05766995e+00,4.68517181e+00,1.00008053e-09
19,4.96064928e-01,1.57193490e-08,95,5,1,16,corr_ratio_high,6.67985177e-01,5.00000000e-01,2.50000036e+07,3.62750186e+00,-1.05766995e+00,4.68517181e+00,1.00008053e-09
19,4.96064928e-01,1.57193490e-08,95,5,2,17,normal_corr_dominates,7.86774087e+00,1.00000000e+00,2.49999906e+07,-9.37914309e+00,-1.05766995e+00,-8.32147313e+00,1.00011061e-09
19,4.96064928e-01,1.57193490e-08,95,7,0,21,normal_corr_dominates,7.61842516e+00,1.00000000e+00,2.49999984e+07,-1.64335118e+00,-1.90678825e-01,-1.45267236e+00,1.00005413e-09
19,4.96064928e-01,1.57193490e-08,95,7,1,22,normal_corr_dominates,1.82167456e+01,1.00000000e+00,2.49999963e+07,-3.66422647e+00,-1.90678825e-01,-3.47354764e+00,1.00006881e-09
19,4.96064928e-01,1.57193490e-08,95,7,2,23,normal_corr_dominates,4.94257183e+00,1.00000000e+00,2.50000008e+07,7.51764963e-01,-1.90678825e-01,9.42443788e-01,1.00007183e-09
19,4.96064928e-01,1.57193490e-08,95,8,0,24,normal_corr_dominates,4.48305212e+00,1.00000000e+00,2.50000118e+07,1.17953918e+01,-3.38651028e+00,1.51819021e+01,1.00011996e-09
19,4.96064928e-01,1.57193490e-08,95,8,1,25,normal_corr_dominates,3.13994912e+00,1.00000000e+00,2.50000072e+07,7.24695969e+00,-3.38651028e+00,1.06334700e+01,1.00007969e-09
19,4.96064928e-01,1.57193490e-08,95,8,2,26,normal_corr_dominates,3.97555320e+00,1.00000000e+00,2.49999832e+07,-1.68497620e+01,-3.38651028e+00,-1.34632518e+01,1.00007842e-09
19,4.96064928e-01,1.57193490e-08,95,8,2,26,corr_ratio_high,5.81324383e-01,5.00000000e-01,2.49999832e+07,-1.68497620e+01,-3.38651028e+00,-1.34632518e+01,1.00007842e-09
19,4.96064928e-01,1.57193490e-08,95,9,0,27,normal_corr_dominates,5.32246521e+00,1.00000000e+00,2.50000119e+07,1.19199416e+01,-2.75767207e+00,1.46776136e+01,1.00007222e-09
19,4.96064928e-01,1.57193490e-08,95,9,0,27,corr_ratio_high,6.45584833e-01,5.00000000e-01,2.50000119e+07,1.19199416e+01,-2.75767207e+00,1.46776136e+01,1.00007222e-09
19,4.96064928e-01,1.57193490e-08,95,9,1,28,normal_corr_dominates,1.40267100e+00,1.00000000e+00,2.50000011e+07,1.11043457e+00,-2.75767207e+00,3.86810664e+00,1.00006445e-09
19,4.96064928e-01,1.57193490e-08,95,9,1,28,corr_ratio_high,6.18380967e-01,5.00000000e-01,2.50000011e+07,1.11043457e+00,-2.75767207e+00,3.86810664e+00,1.00006445e-09
19,4.96064928e-01,1.57193490e-08,95,9,2,29,normal_corr_dominates,6.45150965e+00,1.00000000e+00,2.49999795e+07,-2.05488200e+01,-2.75767207e+00,-1.77911479e+01,1.00015131e-09
19,4.96064928e-01,1.57193490e-08,95,9,2,29,corr_ratio_high,7.37366902e-01,5.00000000e-01,2.49999795e+07,-2.05488200e+01,-2.75767207e+00,-1.77911479e+01,1.00015131e-09
19,4.96064928e-01,1.57193490e-08,95,10,0,30,normal_corr_dominates,1.45672493e+00,1.00000000e+00,2.50000007e+07,7.29105107e-01,-1.59637686e+00,2.32548197e+00,1.00006181e-09
19,4.96064928e-01,1.57193490e-08,95,12,0,36,normal_corr_dominates,1.37582134e+00,1.00000000e+00,2.49999929e+07,-7.14917559e+00,-3.00913855e+00,-4.14003704e+00,1.00009264e-09
19,4.96064928e-01,1.57193490e-08,95,12,1,37,normal_corr_dominates,2.13173110e+00,1.00000000e+00,2.50000034e+07,3.40553568e+00,-3.00913855e+00,6.41467423e+00,1.00004449e-09
19,4.96064928e-01,1.57193490e-08,95,12,1,37,corr_ratio_high,9.70592406e-01,5.00000000e-01,2.50000034e+07,3.40553568e+00,-3.00913855e+00,6.41467423e+00,1.00004449e-09
19,4.96064928e-01,1.57193490e-08,95,12,2,38,normal_corr_dominates,2.54689145e+00,1.00000000e+00,2.49999893e+07,-1.06730878e+01,-3.00913855e+00,-7.66394925e+00,1.00012667e-09
19,4.96064928e-01,1.57193490e-08,95,12,2,38,corr_ratio_high,5.50493194e-01,5.00000000e-01,2.49999893e+07,-1.06730878e+01,-3.00913855e+00,-7.66394925e+00,1.00012667e-09
19,4.96064928e-01,1.57193490e-08,95,14,0,42,normal_corr_dominates,3.49317812e+01,1.00000000e+00,2.49999963e+07,-3.67987711e+00,1.08449276e-01,-3.78832639e+00,1.00008605e-09
19,4.96064928e-01,1.57193490e-08,95,14,1,43,normal_corr_dominates,8.35478641e+00,1.00000000e+00,2.49999992e+07,-7.97621263e-01,1.08449276e-01,-9.06070540e-01,1.00007127e-09
19,4.96064928e-01,1.57193490e-08,95,14,2,44,normal_corr_dominates,1.02434851e+01,1.00000000e+00,2.50000012e+07,1.21934783e+00,1.08449276e-01,1.11089855e+00,1.00007066e-09
19,4.96064928e-01,1.57193490e-08,95,15,1,46,normal_corr_dominates,5.14421592e+00,1.00000000e+00,2.49999882e+07,-1.17666556e+01,-1.91507847e+00,-9.85157716e+00,1.00009417e-09
19,4.96064928e-01,1.57193490e-08,95,15,2,47,normal_corr_dominates,2.39883641e+00,1.00000000e+00,2.50000027e+07,2.67888149e+00,-1.91507847e+00,4.59395996e+00,1.00006552e-09
19,4.96064928e-01,1.57193490e-08,95,18,0,54,normal_corr_dominates,1.13767111e+00,1.00000000e+00,2.49999968e+07,-3.17119324e+00,-1.48348042e+00,-1.68771282e+00,1.00006653e-09
19,4.96064928e-01,1.57193490e-08,95,18,2,56,normal_corr_dominates,1.05429745e+00,1.00000000e+00,2.49999970e+07,-3.04751005e+00,-1.48348042e+00,-1.56402963e+00,1.00007947e-09
19,4.96064928e-01,1.57193490e-08,95,21,0,63,normal_corr_dominates,1.42917105e+00,1.00000000e+00,2.50000023e+07,2.26484458e+00,-5.27725390e+00,7.54209848e+00,1.00005846e-09
19,4.96064928e-01,1.57193490e-08,95,21,0,63,corr_ratio_high,7.66530490e-01,5.00000000e-01,2.50000023e+07,2.26484458e+00,-5.27725390e+00,7.54209848e+00,1.00005846e-09
19,4.96064928e-01,1.57193490e-08,95,22,0,66,normal_corr_dominates,2.64171364e+00,1.00000000e+00,2.50000058e+07,5.78308558e+00,-3.52259093e+00,9.30567651e+00,1.00008222e-09
19,4.96064928e-01,1.57193490e-08,95,22,2,68,normal_corr_dominates,1.27403474e+00,1.00000000e+00,2.49999920e+07,-8.01049413e+00,-3.52259093e+00,-4.48790320e+00,1.00008058e-09
19,4.96064928e-01,1.57193490e-08,95,23,0,69,normal_corr_dominates,1.22156472e+00,1.00000000e+00,2.50000007e+07,6.73699292e-01,-3.04064339e+00,3.71434269e+00,1.00007967e-09
19,4.96064928e-01,1.57193490e-08,95,23,0,69,corr_ratio_high,8.07277621e-01,5.00000000e-01,2.50000007e+07,6.73699292e-01,-3.04064339e+00,3.71434269e+00,1.00007967e-09
19,4.96064928e-01,1.57193490e-08,95,23,1,70,normal_corr_dominates,1.02320330e+00,1.00000000e+00,2.49999938e+07,-6.15183975e+00,-3.04064339e+00,-3.11119636e+00,1.00009195e-09
19,4.96064928e-01,1.57193490e-08,95,23,1,70,corr_ratio_high,5.16545842e-01,5.00000000e-01,2.49999938e+07,-6.15183975e+00,-3.04064339e+00,-3.11119636e+00,1.00009195e-09
19,4.96064928e-01,1.57193490e-08,95,24,0,72,normal_corr_dominates,1.80730548e+00,1.00000000e+00,2.50000021e+07,2.09450366e+00,-2.59443757e+00,4.68894123e+00,1.00006369e-09
19,4.96064928e-01,1.57193490e-08,95,24,0,72,corr_ratio_high,6.21051095e-01,5.00000000e-01,2.50000021e+07,2.09450366e+00,-2.59443757e+00,4.68894123e+00,1.00006369e-09
19,4.96064928e-01,1.57193490e-08,95,24,2,74,normal_corr_dominates,1.18987650e+00,1.00000000e+00,2.49999943e+07,-5.68149786e+00,-2.59443757e+00,-3.08706029e+00,1.00007748e-09
19,4.96064928e-01,1.57193490e-08,95,26,0,78,normal_corr_dominates,1.23081039e+00,1.00000000e+00,2.50000001e+07,1.11274206e-01,-4.82102238e-01,5.93376444e-01,1.00005674e-09
19,4.96064928e-01,1.57193490e-08,95,27,2,83,normal_corr_dominates,1.43580807e+00,1.00000000e+00,2.49999856e+07,-1.44287584e+01,-5.92360235e+00,-8.50515608e+00,1.00009051e-09
19,4.96064928e-01,1.57193490e-08,95,28,0,84,normal_corr_dominates,1.29763301e+00,1.00000000e+00,2.49999964e+07,-3.58382229e+00,-1.55978882e+00,-2.02403347e+00,1.00008759e-09
19,4.96064928e-01,1.57193490e-08,95,28,1,85,normal_corr_dominates,1.56828605e+00,1.00000000e+00,2.50000009e+07,8.86406236e-01,-1.55978882e+00,2.44619506e+00,1.00007266e-09
19,4.96064928e-01,1.57193490e-08,95,29,0,87,normal_corr_dominates,7.54646485e+00,1.00000000e+00,2.49999983e+07,-1.66666726e+00,-1.95012475e-01,-1.47165479e+00,1.00008310e-09
19,4.96064928e-01,1.57193490e-08,95,29,1,88,normal_corr_dominates,2.06455766e+00,1.00000000e+00,2.50000002e+07,2.07602024e-01,-1.95012475e-01,4.02614499e-01,1.00007418e-09
19,4.96064928e-01,1.57193490e-08,95,29,2,89,normal_corr_dominates,8.19961689e+00,1.00000000e+00,2.50000014e+07,1.40401511e+00,-1.95012475e-01,1.59902758e+00,1.00006998e-09
19,4.96064928e-01,1.57193490e-08,95,30,0,90,normal_corr_dominates,1.45711262e+01,1.00000000e+00,2.49999952e+07,-4.75241371e+00,-3.05206807e-01,-4.44720690e+00,1.00006945e-09
19,4.96064928e-01,1.57193490e-08,95,30,2,92,normal_corr_dominates,5.92144092e+00,1.00000000e+00,2.50000015e+07,1.50205727e+00,-3.05206807e-01,1.80726407e+00,1.00006745e-09
19,4.96064928e-01,1.57193490e-08,95,32,1,97,normal_corr_dominates,2.89127720e+00,1.00000000e+00,2.49999928e+07,-7.24828663e+00,-1.86270118e+00,-5.38558545e+00,1.00006717e-09
19,4.96064928e-01,1.57193490e-08,95,32,2,98,normal_corr_dominates,1.73945932e+00,1.00000000e+00,2.50000014e+07,1.37739176e+00,-1.86270118e+00,3.24009294e+00,1.00007028e-09
19,4.96064928e-01,1.57193490e-08,95,35,1,106,normal_corr_dominates,7.37020030e+00,1.00000000e+00,2.49999894e+07,-1.05698740e+01,-1.26279822e+00,-9.30707579e+00,1.00009357e-09
19,4.96064928e-01,1.57193490e-08,95,35,2,107,normal_corr_dominates,2.42522623e+00,1.00000000e+00,2.50000018e+07,1.79977314e+00,-1.26279822e+00,3.06257136e+00,1.00006751e-09
19,4.96064928e-01,1.57193490e-08,95,13,0,39,normal_corr_dominates,4.10571984e+01,1.00000000e+00,2.50000022e+07,2.18005147e+00,5.18353946e-02,2.12821608e+00,1.00007820e-09
19,4.96064928e-01,1.57193490e-08,95,13,1,40,normal_corr_dominates,1.29511940e+02,1.00000000e+00,2.49999933e+07,-6.66146709e+00,5.18353946e-02,-6.71330249e+00,1.00009947e-09
19,4.96064928e-01,1.57193490e-08,95,13,2,41,normal_corr_dominates,5.33556990e+01,1.00000000e+00,2.50000028e+07,2.81754910e+00,5.18353946e-02,2.76571371e+00,1.00006528e-09
19,4.96064928e-01,1.57193490e-08,95,25,0,75,normal_corr_dominates,8.47572462e+00,1.00000000e+00,2.50000023e+07,2.34300592e+00,-3.13415226e-01,2.65642115e+00,1.00008387e-09
19,4.96064928e-01,1.57193490e-08,95,25,1,76,normal_corr_dominates,6.28161398e+00,1.00000000e+00,2.50000017e+07,1.65533824e+00,-3.13415226e-01,1.96875347e+00,1.00007208e-09
19,4.96064928e-01,1.57193490e-08,95,25,2,77,normal_corr_dominates,2.00248850e+01,1.00000000e+00,2.49999934e+07,-6.58951908e+00,-3.13415226e-01,-6.27610385e+00,1.00006452e-09
20,5.22361202e-01,1.65526276e-08,95,0,0,0,normal_corr_dominates,4.93158249e+00,1.00000000e+00,2.50000203e+07,2.02849405e+01,-5.15948491e+00,2.54444255e+01,1.00007111e-09
20,5.22361202e-01,1.65526276e-08,95,0,0,0,corr_ratio_high,7.25339656e-01,5.00000000e-01,2.50000203e+07,2.02849405e+01,-5.15948491e+00,2.54444255e+01,1.00007111e-09
20,5.22361202e-01,1.65526276e-08,95,0,1,1,normal_corr_dominates,2.14106613e+00,1.00000000e+00,2.49999838e+07,-1.62062833e+01,-5.15948491e+00,-1.10467984e+01,1.00014659e-09
20,5.22361202e-01,1.65526276e-08,95,0,2,2,corr_ratio_high,7.51697843e-01,5.00000000e-01,2.49999978e+07,-2.18042280e+00,-5.15948491e+00,2.97906212e+00,1.00009053e-09
20,5.22361202e-01,1.65526276e-08,95,1,0,3,normal_corr_dominates,6.30291370e+00,1.00000000e+00,2.49999893e+07,-1.07039355e+01,-1.46570752e+00,-9.23822799e+00,1.00007678e-09
20,5.22361202e-01,1.65526276e-08,95,1,1,4,normal_corr_dominates,8.80630275e+00,1.00000000e+00,2.50000114e+07,1.14417566e+01,-1.46570752e+00,1.29074641e+01,1.00012262e-09
20,5.22361202e-01,1.65526276e-08,95,1,2,5,normal_corr_dominates,8.77740823e+00,1.00000000e+00,2.49999857e+07,-1.43308207e+01,-1.46570752e+00,-1.28651132e+01,1.00008087e-09
20,5.22361202e-01,1.65526276e-08,95,1,2,5,corr_ratio_high,5.47584015e-01,5.00000000e-01,2.49999857e+07,-1.43308207e+01,-1.46570752e+00,-1.28651132e+01,1.00008087e-09
20,5.22361202e-01,1.65526276e-08,95,2,0,6,normal_corr_dominates,3.90131127e+01,1.00000000e+00,2.49999893e+07,-1.06572305e+01,-2.66343449e-01,-1.03908870e+01,1.00008998e-09
20,5.22361202e-01,1.65526276e-08,95,2,1,7,normal_corr_dominates,4.92087800e+01,1.00000000e+00,2.49999866e+07,-1.33727796e+01,-2.66343449e-01,-1.31064362e+01,1.00009473e-09
20,5.22361202e-01,1.65526276e-08,95,2,2,8,normal_corr_dominates,3.62910955e+01,1.00000000e+00,2.50000094e+07,9.39955211e+00,-2.66343449e-01,9.66589555e+00,1.00006880e-09
20,5.22361202e-01,1.65526276e-08,95,3,0,9,normal_corr_dominates,8.21523943e+00,1.00000000e+00,2.49999908e+07,-9.17599350e+00,-9.95741192e-01,-8.18025231e+00,1.00010300e-09
20,5.22361202e-01,1.65526276e-08,95,3,1,10,normal_corr_dominates,6.54211074e+00,1.00000000e+00,2.50000055e+07,5.51850795e+00,-9.95741192e-01,6.51424915e+00,1.00006370e-09
20,5.22361202e-01,1.65526276e-08,95,3,1,10,corr_ratio_high,5.93462905e-01,5.00000000e-01,2.50000055e+07,5.51850795e+00,-9.95741192e-01,6.51424915e+00,1.00006370e-09
20,5.22361202e-01,1.65526276e-08,95,3,2,11,normal_corr_dominates,2.12284592e+00,1.00000000e+00,2.50000011e+07,1.11806394e+00,-9.95741192e-01,2.11380513e+00,1.00008297e-09
20,5.22361202e-01,1.65526276e-08,95,3,2,11,corr_ratio_high,6.14249551e-01,5.00000000e-01,2.50000011e+07,1.11806394e+00,-9.95741192e-01,2.11380513e+00,1.00008297e-09
20,5.22361202e-01,1.65526276e-08,95,4,1,13,normal_corr_dominates,2.09140354e+00,1.00000000e+00,2.50000053e+07,5.32214977e+00,-4.87642707e+00,1.01985768e+01,1.00007544e-09
20,5.22361202e-01,1.65526276e-08,95,4,1,13,corr_ratio_high,5.07675909e-01,5.00000000e-01,2.50000053e+07,5.32214977e+00,-4.87642707e+00,1.01985768e+01,1.00007544e-09
20,5.22361202e-01,1.65526276e-08,95,5,0,15,normal_corr_dominates,7.86842194e+00,1.00000000e+00,2.49999902e+07,-9.80348445e+00,-1.10543731e+00,-8.69804714e+00,1.00014369e-09
20,5.22361202e-01,1.65526276e-08,95,5,1,16,normal_corr_dominates,4.45655701e+00,1.00000000e+00,2.50000038e+07,3.82100707e+00,-1.10543731e+00,4.92644437e+00,1.00008454e-09
20,5.22361202e-01,1.65526276e-08,95,5,1,16,corr_ratio_high,6.67948134e-01,5.00000000e-01,2.50000038e+07,3.82100707e+00,-1.10543731e+00,4.92644437e+00,1.00008454e-09
20,5.22361202e-01,1.65526276e-08,95,5,2,17,normal_corr_dominates,7.90512865e+00,1.00000000e+00,2.49999902e+07,-9.84406141e+00,-1.10543731e+00,-8.73862411e+00,1.00011611e-09
20,5.22361202e-01,1.65526276e-08,95,7,0,21,normal_corr_dominates,7.69388222e+00,1.00000000e+00,2.49999983e+07,-1.72035435e+00,-1.97881028e-01,-1.52247332e+00,1.00005683e-09
20,5.22361202e-01,1.65526276e-08,95,7,1,22,normal_corr_dominates,1.84407529e+01,1.00000000e+00,2.49999962e+07,-3.84695616e+00,-1.97881028e-01,-3.64907514e+00,1.00007224e-09
20,5.22361202e-01,1.65526276e-08,95,7,2,23,normal_corr_dominates,5.00648922e+00,1.00000000e+00,2.50000008e+07,7.92808204e-01,-1.97881028e-01,9.90689232e-01,1.00007541e-09
20,5.22361202e-01,1.65526276e-08,95,8,0,24,normal_corr_dominates,4.49213550e+00,1.00000000e+00,2.50000124e+07,1.24003905e+01,-3.55094769e+00,1.59513382e+01,1.00012593e-09
20,5.22361202e-01,1.65526276e-08,95,8,1,25,normal_corr_dominates,3.14367532e+00,1.00000000e+00,2.50000076e+07,7.61207892e+00,-3.55094769e+00,1.11630266e+01,1.00008366e-09
20,5.22361202e-01,1.65526276e-08,95,8,2,26,normal_corr_dominates,3.98334177e+00,1.00000000e+00,2.49999823e+07,-1.76955859e+01,-3.55094769e+00,-1.41446382e+01,1.00008235e-09
20,5.22361202e-01,1.65526276e-08,95,8,2,26,corr_ratio_high,5.81218381e-01,5.00000000e-01,2.49999823e+07,-1.76955859e+01,-3.55094769e+00,-1.41446382e+01,1.00008235e-09
20,5.22361202e-01,1.65526276e-08,95,9,0,27,normal_corr_dominates,5.33134657e+00,1.00000000e+00,2.50000125e+07,1.25206994e+01,-2.89071753e+00,1.54114170e+01,1.00007583e-09
20,5.22361202e-01,1.65526276e-08,95,9,0,27,corr_ratio_high,6.45616347e-01,5.00000000e-01,2.50000125e+07,1.25206994e+01,-2.89071753e+00,1.54114170e+01,1.00007583e-09
20,5.22361202e-01,1.65526276e-08,95,9,1,28,normal_corr_dominates,1.40407137e+00,1.00000000e+00,2.50000012e+07,1.16805619e+00,-2.89071753e+00,4.05877372e+00,1.00006768e-09
20,5.22361202e-01,1.65526276e-08,95,9,1,28,corr_ratio_high,6.18192186e-01,5.00000000e-01,2.50000012e+07,1.16805619e+00,-2.89071753e+00,4.05877372e+00,1.00006768e-09
20,5.22361202e-01,1.65526276e-08,95,9,2,29,normal_corr_dominates,6.46050877e+00,1.00000000e+00,2.49999784e+07,-2.15662235e+01,-2.89071753e+00,-1.86755059e+01,1.00015882e-09
20,5.22361202e-01,1.65526276e-08,95,9,2,29,corr_ratio_high,7.37437771e-01,5.00000000e-01,2.49999784e+07,-2.15662235e+01,-2.89071753e+00,-1.86755059e+01,1.00015882e-09
20,5.22361202e-01,1.65526276e-08,95,10,0,30,normal_corr_dominates,1.45819242e+00,1.00000000e+00,2.50000008e+07,7.66642682e-01,-1.67318938e+00,2.43983206e+00,1.00006490e-09
20,5.22361202e-01,1.65526276e-08,95,12,0,36,normal_corr_dominates,1.37741167e+00,1.00000000e+00,2.49999925e+07,-7.50083544e+00,-3.15504275e+00,-4.34579269e+00,1.00009726e-09
20,5.22361202e-01,1.65526276e-08,95,12,1,37,normal_corr_dominates,2.13312239e+00,1.00000000e+00,2.50000036e+07,3.57504957e+00,-3.15504275e+00,6.73009232e+00,1.00004674e-09
20,5.22361202e-01,1.65526276e-08,95,12,1,37,corr_ratio_high,9.70344218e-01,5.00000000e-01,2.50000036e+07,3.57504957e+00,-3.15504275e+00,6.73009232e+00,1.00004674e-09
20,5.22361202e-01,1.65526276e-08,95,12,2,38,normal_corr_dominates,2.54895417e+00,1.00000000e+00,2.49999888e+07,-1.11971021e+01,-3.15504275e+00,-8.04205936e+00,1.00013296e-09
20,5.22361202e-01,1.65526276e-08,95,12,2,38,corr_ratio_high,5.50540315e-01,5.00000000e-01,2.49999888e+07,-1.11971021e+01,-3.15504275e+00,-8.04205936e+00,1.00013296e-09
20,5.22361202e-01,1.65526276e-08,95,14,0,42,normal_corr_dominates,3.41807022e+01,1.00000000e+00,2.49999961e+07,-3.86269561e+00,1.16413920e-01,-3.97910953e+00,1.00009034e-09
20,5.22361202e-01,1.65526276e-08,95,14,1,43,normal_corr_dominates,8.17070599e+00,1.00000000e+00,2.49999992e+07,-8.34769992e-01,1.16413920e-01,-9.51183912e-01,1.00007482e-09
20,5.22361202e-01,1.65526276e-08,95,14,2,44,normal_corr_dominates,1.00239927e+01,1.00000000e+00,2.50000013e+07,1.28334621e+00,1.16413920e-01,1.16693229e+00,1.00007419e-09
20,5.22361202e-01,1.65526276e-08,95,15,1,46,normal_corr_dominates,5.14861819e+00,1.00000000e+00,2.49999876e+07,-1.23530244e+01,-2.00907325e+00,-1.03439511e+01,1.00009887e-09
20,5.22361202e-01,1.65526276e-08,95,15,2,47,normal_corr_dominates,2.40034810e+00,1.00000000e+00,2.50000028e+07,2.81340192e+00,-2.00907325e+00,4.82247517e+00,1.00006879e-09
20,5.22361202e-01,1.65526276e-08,95,18,0,54,normal_corr_dominates,1.13896991e+00,1.00000000e+00,2.49999967e+07,-3.32685862e+00,-1.55535550e+00,-1.77150312e+00,1.00006985e-09
20,5.22361202e-01,1.65526276e-08,95,18,2,56,normal_corr_dominates,1.05654181e+00,1.00000000e+00,2.49999968e+07,-3.19865362e+00,-1.55535550e+00,-1.64329812e+00,1.00008343e-09
20,5.22361202e-01,1.65526276e-08,95,21,0,63,normal_corr_dominates,1.43098964e+00,1.00000000e+00,2.50000024e+07,2.38686712e+00,-5.53810788e+00,7.92497500e+00,1.00006138e-09
20,5.22361202e-01,1.65526276e-08,95,21,0,63,corr_ratio_high,7.66519737e-01,5.00000000e-01,2.50000024e+07,2.38686712e+00,-5.53810788e+00,7.92497500e+00,1.00006138e-09
20,5.22361202e-01,1.65526276e-08,95,22,0,66,normal_corr_dominates,2.64425758e+00,1.00000000e+00,2.50000061e+07,6.07492985e+00,-3.69463394e+00,9.76956379e+00,1.00008631e-09
20,5.22361202e-01,1.65526276e-08,95,22,2,68,normal_corr_dominates,1.27598712e+00,1.00000000e+00,2.49999916e+07,-8.40893928e+00,-3.69463394e+00,-4.71430534e+00,1.00008460e-09
20,5.22361202e-01,1.65526276e-08,95,23,0,69,normal_corr_dominates,1.22643581e+00,1.00000000e+00,2.50000007e+07,7.21247948e-01,-3.18522038e+00,3.90646832e+00,1.00008362e-09
20,5.22361202e-01,1.65526276e-08,95,23,0,69,corr_ratio_high,8.07474150e-01,5.00000000e-01,2.50000007e+07,7.21247948e-01,-3.18522038e+00,3.90646832e+00,1.00008362e-09
20,5.22361202e-01,1.65526276e-08,95,23,1,70,normal_corr_dominates,1.02934036e+00,1.00000000e+00,2.49999935e+07,-6.46389627e+00,-3.18522038e+00,-3.27867590e+00,1.00009657e-09
20,5.22361202e-01,1.65526276e-08,95,23,1,70,corr_ratio_high,5.16423797e-01,5.00000000e-01,2.49999935e+07,-6.46389627e+00,-3.18522038e+00,-3.27867590e+00,1.00009657e-09
20,5.22361202e-01,1.65526276e-08,95,24,0,72,normal_corr_dominates,1.81081216e+00,1.00000000e+00,2.50000022e+07,2.20658067e+00,-2.72144496e+00,4.92802563e+00,1.00006687e-09
20,5.22361202e-01,1.65526276e-08,95,24,0,72,corr_ratio_high,6.21099669e-01,5.00000000e-01,2.50000022e+07,2.20658067e+00,-2.72144496e+00,4.92802563e+00,1.00006687e-09
20,5.22361202e-01,1.65526276e-08,95,24,2,74,normal_corr_dominates,1.19109586e+00,1.00000000e+00,2.49999940e+07,-5.96294677e+00,-2.72144496e+00,-3.24150181e+00,1.00008135e-09
20,5.22361202e-01,1.65526276e-08,95,26,0,78,normal_corr_dominates,1.23282824e+00,1.00000000e+00,2.50000001e+07,1.17400099e-01,-5.04234790e-01,6.21634889e-01,1.00005957e-09
20,5.22361202e-01,1.65526276e-08,95,27,2,83,normal_corr_dominates,1.43675373e+00,1.00000000e+00,2.49999849e+07,-1.51482377e+01,-6.21656491e+00,-8.93167284e+00,1.00009502e-09
20,5.22361202e-01,1.65526276e-08,95,28,0,84,normal_corr_dominates,1.29827151e+00,1.00000000e+00,2.49999962e+07,-3.75846085e+00,-1.63534240e+00,-2.12311844e+00,1.00009195e-09
20,5.22361202e-01,1.65526276e-08,95,28,1,85,normal_corr_dominates,1.57192811e+00,1.00000000e+00,2.50000009e+07,9.35298296e-01,-1.63534240e+00,2.57064070e+00,1.00007628e-09
20,5.22361202e-01,1.65526276e-08,95,29,0,87,normal_corr_dominates,7.65255488e+00,1.00000000e+00,2.49999983e+07,-1.74857004e+00,-2.02087137e-01,-1.54648291e+00,1.00008725e-09
20,5.22361202e-01,1.65526276e-08,95,29,1,88,normal_corr_dominates,2.09327447e+00,1.00000000e+00,2.50000002e+07,2.20936708e-01,-2.02087137e-01,4.23023845e-01,1.00007788e-09
20,5.22361202e-01,1.65526276e-08,95,29,2,89,normal_corr_dominates,8.30838576e+00,1.00000000e+00,2.50000015e+07,1.47693075e+00,-2.02087137e-01,1.67901789e+00,1.00007347e-09
20,5.22361202e-01,1.65526276e-08,95,30,0,90,normal_corr_dominates,1.47043973e+01,1.00000000e+00,2.49999950e+07,-4.98839471e+00,-3.17643181e-01,-4.67075153e+00,1.00007291e-09
20,5.22361202e-01,1.65526276e-08,95,30,2,92,normal_corr_dominates,5.97549867e+00,1.00000000e+00,2.50000016e+07,1.58043323e+00,-3.17643181e-01,1.89807641e+00,1.00007082e-09
20,5.22361202e-01,1.65526276e-08,95,32,1,97,normal_corr_dominates,2.89696820e+00,1.00000000e+00,2.49999924e+07,-7.60938777e+00,-1.95264302e+00,-5.65674475e+00,1.00007052e-09
20,5.22361202e-01,1.65526276e-08,95,32,2,98,normal_corr_dominates,1.74311086e+00,1.00000000e+00,2.50000015e+07,1.45103024e+00,-1.95264302e+00,3.40367327e+00,1.00007379e-09
20,5.22361202e-01,1.65526276e-08,95,35,1,106,normal_corr_dominates,7.38488099e+00,1.00000000e+00,2.49999889e+07,-1.10993779e+01,-1.32373708e+00,-9.77564082e+00,1.00009824e-09
20,5.22361202e-01,1.65526276e-08,95,35,2,107,normal_corr_dominates,2.43011477e+00,1.00000000e+00,2.50000019e+07,1.89309596e+00,-1.32373708e+00,3.21683304e+00,1.00007088e-09
20,5.22361202e-01,1.65526276e-08,95,13,0,39,normal_corr_dominates,3.91523957e+01,1.00000000e+00,2.50000023e+07,2.28947797e+00,5.70197104e-02,2.23245826e+00,1.00008210e-09
20,5.22361202e-01,1.65526276e-08,95,13,1,40,normal_corr_dominates,1.23588550e+02,1.00000000e+00,2.49999930e+07,-6.98996362e+00,5.70197104e-02,-7.04698333e+00,1.00010442e-09
20,5.22361202e-01,1.65526276e-08,95,13,2,41,normal_corr_dominates,5.09836380e+01,1.00000000e+00,2.50000030e+07,2.96409198e+00,5.70197104e-02,2.90707227e+00,1.00006854e-09
20,5.22361202e-01,1.65526276e-08,95,25,0,75,normal_corr_dominates,8.54660014e+00,1.00000000e+00,2.50000025e+07,2.46179248e+00,-3.26212127e-01,2.78800461e+00,1.00008805e-09
20,5.22361202e-01,1.65526276e-08,95,25,1,76,normal_corr_dominates,6.34552419e+00,1.00000000e+00,2.50000017e+07,1.74377482e+00,-3.26212127e-01,2.06998694e+00,1.00007568e-09
20,5.22361202e-01,1.65526276e-08,95,25,2,77,normal_corr_dominates,2.02118452e+01,1.00000000e+00,2.49999931e+07,-6.91956115e+00,-3.26212127e-01,-6.59334903e+00,1.00006775e-09
21,5.46671479e-01,1.73229738e-08,95,0,0,0,normal_corr_dominates,4.93569620e+00,1.00000000e+00,2.50000212e+07,2.11731330e+01,-5.37976814e+00,2.65529011e+01,1.00007424e-09
21,5.46671479e-01,1.73229738e-08,95,0,0,0,corr_ratio_high,7.25271516e-01,5.00000000e-01,2.50000212e+07,2.11731330e+01,-5.37976814e+00,2.65529011e+01,1.00007424e-09
21,5.46671479e-01,1.73229738e-08,95,0,1,1,normal_corr_dominates,2.14364249e+00,1.00000000e+00,2.49999831e+07,-1.69120677e+01,-5.37976814e+00,-1.15322996e+01,1.00015298e-09
21,5.46671479e-01,1.73229738e-08,95,0,2,2,corr_ratio_high,7.51742603e-01,5.00000000e-01,2.49999977e+07,-2.25983774e+00,-5.37976814e+00,3.11993040e+00,1.00009448e-09
21,5.46671479e-01,1.73229738e-08,95,1,0,3,normal_corr_dominates,6.31761809e+00,1.00000000e+00,2.49999888e+07,-1.11725953e+01,-1.52680765e+00,-9.64578764e+00,1.00008015e-09
21,5.46671479e-01,1.73229738e-08,95,1,1,4,normal_corr_dominates,8.83046540e+00,1.00000000e+00,2.50000120e+07,1.19556145e+01,-1.52680765e+00,1.34824221e+01,1.00012796e-09
21,5.46671479e-01,1.73229738e-08,95,1,2,5,normal_corr_dominates,8.80015331e+00,1.00000000e+00,2.49999850e+07,-1.49629491e+01,-1.52680765e+00,-1.34361414e+01,1.00008441e-09
21,5.46671479e-01,1.73229738e-08,95,1,2,5,corr_ratio_high,5.47611941e-01,5.00000000e-01,2.49999850e+07,-1.49629491e+01,-1.52680765e+00,-1.34361414e+01,1.00008441e-09
21,5.46671479e-01,1.73229738e-08,95,2,0,6,normal_corr_dominates,3.92666230e+01,1.00000000e+00,2.49999889e+07,-1.11241223e+01,-2.76261615e-01,-1.08478607e+01,1.00009393e-09
21,5.46671479e-01,1.73229738e-08,95,2,1,7,normal_corr_dominates,4.95367996e+01,1.00000000e+00,2.49999860e+07,-1.39613779e+01,-2.76261615e-01,-1.36851163e+01,1.00009888e-09
21,5.46671479e-01,1.73229738e-08,95,2,2,8,normal_corr_dominates,3.65263324e+01,1.00000000e+00,2.50000098e+07,9.81456197e+00,-2.76261615e-01,1.00908236e+01,1.00007181e-09
21,5.46671479e-01,1.73229738e-08,95,3,0,9,normal_corr_dominates,8.23987380e+00,1.00000000e+00,2.49999904e+07,-9.57320797e+00,-1.03607562e+00,-8.53713235e+00,1.00010750e-09
21,5.46671479e-01,1.73229738e-08,95,3,1,10,normal_corr_dominates,6.56792648e+00,1.00000000e+00,2.50000058e+07,5.76879287e+00,-1.03607562e+00,6.80486849e+00,1.00006649e-09
21,5.46671479e-01,1.73229738e-08,95,3,1,10,corr_ratio_high,5.93367475e-01,5.00000000e-01,2.50000058e+07,5.76879287e+00,-1.03607562e+00,6.80486849e+00,1.00006649e-09
21,5.46671479e-01,1.73229738e-08,95,3,2,11,normal_corr_dominates,2.12629823e+00,1.00000000e+00,2.50000012e+07,1.16693013e+00,-1.03607562e+00,2.20300575e+00,1.00008661e-09
21,5.46671479e-01,1.73229738e-08,95,3,2,11,corr_ratio_high,6.14247684e-01,5.00000000e-01,2.50000012e+07,1.16693013e+00,-1.03607562e+00,2.20300575e+00,1.00008661e-09
21,5.46671479e-01,1.73229738e-08,95,4,1,13,normal_corr_dominates,2.09258150e+00,1.00000000e+00,2.50000056e+07,5.55441901e+00,-5.08375716e+00,1.06381762e+01,1.00007877e-09
21,5.46671479e-01,1.73229738e-08,95,4,1,13,corr_ratio_high,5.07309364e-01,5.00000000e-01,2.50000056e+07,5.55441901e+00,-5.08375716e+00,1.06381762e+01,1.00007877e-09
21,5.46671479e-01,1.73229738e-08,95,5,0,15,normal_corr_dominates,7.90258724e+00,1.00000000e+00,2.49999898e+07,-1.02312176e+01,-1.14924093e+00,-9.08197670e+00,1.00014996e-09
21,5.46671479e-01,1.73229738e-08,95,5,1,16,normal_corr_dominates,4.48034762e+00,1.00000000e+00,2.50000040e+07,3.99975794e+00,-1.14924093e+00,5.14899886e+00,1.00008824e-09
21,5.46671479e-01,1.73229738e-08,95,5,1,16,corr_ratio_high,6.67912745e-01,5.00000000e-01,2.50000040e+07,3.99975794e+00,-1.14924093e+00,5.14899886e+00,1.00008824e-09
21,5.46671479e-01,1.73229738e-08,95,5,2,17,normal_corr_dominates,7.93817892e+00,1.00000000e+00,2.49999897e+07,-1.02721210e+01,-1.14924093e+00,-9.12288012e+00,1.00012118e-09
21,5.46671479e-01,1.73229738e-08,95,7,0,21,normal_corr_dominates,7.76129748e+00,1.00000000e+00,2.49999982e+07,-1.79101807e+00,-2.04423839e-01,-1.58659423e+00,1.00005933e-09
21,5.46671479e-01,1.73229738e-08,95,7,1,22,normal_corr_dominates,1.86417340e+01,1.00000000e+00,2.49999960e+07,-4.01523867e+00,-2.04423839e-01,-3.81081483e+00,1.00007540e-09
21,5.46671479e-01,1.73229738e-08,95,7,2,23,normal_corr_dominates,5.06377335e+00,1.00000000e+00,2.50000008e+07,8.30732151e-01,-2.04423839e-01,1.03515599e+00,1.00007871e-09
21,5.46671479e-01,1.73229738e-08,95,8,0,24,normal_corr_dominates,4.50018234e+00,1.00000000e+00,2.50000130e+07,1.29582796e+01,-3.70217274e+00,1.66604524e+01,1.00013142e-09
21,5.46671479e-01,1.73229738e-08,95,8,1,25,normal_corr_dominates,3.14696550e+00,1.00000000e+00,2.50000079e+07,7.94843714e+00,-3.70217274e+00,1.16506099e+01,1.00008732e-09
21,5.46671479e-01,1.73229738e-08,95,8,2,26,normal_corr_dominates,3.99024568e+00,1.00000000e+00,2.49999815e+07,-1.84747515e+01,-3.70217274e+00,-1.47725788e+01,1.00008596e-09
21,5.46671479e-01,1.73229738e-08,95,8,2,26,corr_ratio_high,5.81121375e-01,5.00000000e-01,2.49999815e+07,-1.84747515e+01,-3.70217274e+00,-1.47725788e+01,1.00008596e-09
21,5.46671479e-01,1.73229738e-08,95,9,0,27,normal_corr_dominates,5.33920963e+00,1.00000000e+00,2.50000131e+07,1.30742043e+01,-3.01303818e+00,1.60872425e+01,1.00007915e-09
21,5.46671479e-01,1.73229738e-08,95,9,0,27,corr_ratio_high,6.45643854e-01,5.00000000e-01,2.50000131e+07,1.30742043e+01,-3.01303818e+00,1.60872425e+01,1.00007915e-09
21,5.46671479e-01,1.73229738e-08,95,9,1,28,normal_corr_dominates,1.40532432e+00,1.00000000e+00,2.50000012e+07,1.22125766e+00,-3.01303818e+00,4.23429584e+00,1.00007066e-09
21,5.46671479e-01,1.73229738e-08,95,9,1,28,corr_ratio_high,6.18024222e-01,5.00000000e-01,2.50000012e+07,1.22125766e+00,-3.01303818e+00,4.23429584e+00,1.00007066e-09
21,5.46671479e-01,1.73229738e-08,95,9,2,29,normal_corr_dominates,6.46848736e+00,1.00000000e+00,2.49999775e+07,-2.25028376e+01,-3.01303818e+00,-1.94897994e+01,1.00016573e-09
21,5.46671479e-01,1.73229738e-08,95,9,2,29,corr_ratio_high,7.37500630e-01,5.00000000e-01,2.49999775e+07,-2.25028376e+01,-3.01303818e+00,-1.94897994e+01,1.00016573e-09
21,5.46671479e-01,1.73229738e-08,95,10,0,30,normal_corr_dominates,1.45948888e+00,1.00000000e+00,2.50000008e+07,8.01261862e-01,-1.74381121e+00,2.54507307e+00,1.00006775e-09
21,5.46671479e-01,1.73229738e-08,95,12,0,36,normal_corr_dominates,1.37880367e+00,1.00000000e+00,2.49999922e+07,-7.82445083e+00,-3.28923776e+00,-4.53521308e+00,1.00010151e-09
21,5.46671479e-01,1.73229738e-08,95,12,1,37,normal_corr_dominates,2.13435383e+00,1.00000000e+00,2.50000037e+07,3.73115943e+00,-3.28923776e+00,7.02039719e+00,1.00004881e-09
21,5.46671479e-01,1.73229738e-08,95,12,1,37,corr_ratio_high,9.70123139e-01,5.00000000e-01,2.50000037e+07,3.73115943e+00,-3.28923776e+00,7.02039719e+00,1.00004881e-09
21,5.46671479e-01,1.73229738e-08,95,12,2,38,normal_corr_dominates,2.55077112e+00,1.00000000e+00,2.49999883e+07,-1.16793304e+01,-3.28923776e+00,-8.39009267e+00,1.00013875e-09
21,5.46671479e-01,1.73229738e-08,95,12,2,38,corr_ratio_high,5.50582260e-01,5.00000000e-01,2.49999883e+07,-1.16793304e+01,-3.28923776e+00,-8.39009267e+00,1.00013875e-09
21,5.46671479e-01,1.73229738e-08,95,14,0,42,normal_corr_dominates,3.35503372e+01,1.00000000e+00,2.49999960e+07,-4.03107868e+00,1.23841380e-01,-4.15492006e+00,1.00009429e-09
21,5.46671479e-01,1.73229738e-08,95,14,1,43,normal_corr_dominates,8.01589951e+00,1.00000000e+00,2.49999991e+07,-8.68858678e-01,1.23841380e-01,-9.92700058e-01,1.00007809e-09
21,5.46671479e-01,1.73229738e-08,95,14,2,44,normal_corr_dominates,9.83970526e+00,1.00000000e+00,2.50000013e+07,1.34240406e+00,1.23841380e-01,1.21856268e+00,1.00007744e-09
21,5.46671479e-01,1.73229738e-08,95,15,1,46,normal_corr_dominates,5.15242507e+00,1.00000000e+00,2.49999871e+07,-1.28929514e+01,-2.09558853e+00,-1.07973629e+01,1.00010320e-09
21,5.46671479e-01,1.73229738e-08,95,15,2,47,normal_corr_dominates,2.40164496e+00,1.00000000e+00,2.50000029e+07,2.93727110e+00,-2.09558853e+00,5.03285963e+00,1.00007181e-09
21,5.46671479e-01,1.73229738e-08,95,18,0,54,normal_corr_dominates,1.14008511e+00,1.00000000e+00,2.49999965e+07,-3.47008372e+00,-1.62146996e+00,-1.84861376e+00,1.00007290e-09
21,5.46671479e-01,1.73229738e-08,95,18,2,56,normal_corr_dominates,1.05853865e+00,1.00000000e+00,2.49999967e+07,-3.33785858e+00,-1.62146996e+00,-1.71638862e+00,1.00008707e-09
21,5.46671479e-01,1.73229738e-08,95,21,0,63,normal_corr_dominates,1.43259849e+00,1.00000000e+00,2.50000025e+07,2.49965188e+00,-5.77822611e+00,8.27787799e+00,1.00006406e-09
21,5.46671479e-01,1.73229738e-08,95,21,0,63,corr_ratio_high,7.66508025e-01,5.00000000e-01,2.50000025e+07,2.49965188e+00,-5.77822611e+00,8.27787799e+00,1.00006406e-09
21,5.46671479e-01,1.73229738e-08,95,22,0,66,normal_corr_dominates,2.64649500e+00,1.00000000e+00,2.50000063e+07,6.34380434e+00,-3.85291442e+00,1.01967188e+01,1.00009009e-09
21,5.46671479e-01,1.73229738e-08,95,22,2,68,normal_corr_dominates,1.27770540e+00,1.00000000e+00,2.49999912e+07,-8.77580399e+00,-3.85291442e+00,-4.92288957e+00,1.00008831e-09
21,5.46671479e-01,1.73229738e-08,95,23,0,69,normal_corr_dominates,1.23076381e+00,1.00000000e+00,2.50000008e+07,7.65687496e-01,-3.31805703e+00,4.08374453e+00,1.00008725e-09
21,5.46671479e-01,1.73229738e-08,95,23,0,69,corr_ratio_high,8.07647426e-01,5.00000000e-01,2.50000008e+07,7.65687496e-01,-3.31805703e+00,4.08374453e+00,1.00008725e-09
21,5.46671479e-01,1.73229738e-08,95,23,1,70,normal_corr_dominates,1.03479073e+00,1.00000000e+00,2.49999932e+07,-6.75155170e+00,-3.31805703e+00,-3.43349466e+00,1.00010082e-09
21,5.46671479e-01,1.73229738e-08,95,23,1,70,corr_ratio_high,5.16315038e-01,5.00000000e-01,2.49999932e+07,-6.75155170e+00,-3.31805703e+00,-3.43349466e+00,1.00010082e-09
21,5.46671479e-01,1.73229738e-08,95,24,0,72,normal_corr_dominates,1.81390885e+00,1.00000000e+00,2.50000023e+07,2.31013063e+00,-2.83831615e+00,5.14844677e+00,1.00006979e-09
21,5.46671479e-01,1.73229738e-08,95,24,0,72,corr_ratio_high,6.21141451e-01,5.00000000e-01,2.50000023e+07,2.31013063e+00,-2.83831615e+00,5.14844677e+00,1.00006979e-09
21,5.46671479e-01,1.73229738e-08,95,24,2,74,normal_corr_dominates,1.19215197e+00,1.00000000e+00,2.49999938e+07,-6.22202033e+00,-2.83831615e+00,-3.38370418e+00,1.00008491e-09
21,5.46671479e-01,1.73229738e-08,95,26,0,78,normal_corr_dominates,1.23455558e+00,1.00000000e+00,2.50000001e+07,1.23035932e-01,-5.24549158e-01,6.47585090e-01,1.00006218e-09
21,5.46671479e-01,1.73229738e-08,95,27,2,83,normal_corr_dominates,1.43758577e+00,1.00000000e+00,2.49999842e+07,-1.58107728e+01,-6.48624264e+00,-9.32453011e+00,1.00009918e-09
21,5.46671479e-01,1.73229738e-08,95,28,0,84,normal_corr_dominates,1.29882048e+00,1.00000000e+00,2.49999961e+07,-3.91910582e+00,-1.70483334e+00,-2.21427247e+00,1.00009597e-09
21,5.46671479e-01,1.73229738e-08,95,28,1,85,normal_corr_dominates,1.57515652e+00,1.00000000e+00,2.50000010e+07,9.80546013e-01,-1.70483334e+00,2.68537936e+00,1.00007962e-09
21,5.46671479e-01,1.73229738e-08,95,29,0,87,normal_corr_dominates,7.74811287e+00,1.00000000e+00,2.49999982e+07,-1.82399409e+00,-2.08501436e-01,-1.61549266e+00,1.00009106e-09
21,5.46671479e-01,1.73229738e-08,95,29,1,88,normal_corr_dominates,2.11913862e+00,1.00000000e+00,2.50000002e+07,2.33342008e-01,-2.08501436e-01,4.41843444e-01,1.00008129e-09
21,5.46671479e-01,1.73229738e-08,95,29,2,89,normal_corr_dominates,8.40611722e+00,1.00000000e+00,2.50000015e+07,1.54418607e+00,-2.08501436e-01,1.75268751e+00,1.00007669e-09
21,5.46671479e-01,1.73229738e-08,95,30,0,90,normal_corr_dominates,1.48236547e+01,1.00000000e+00,2.49999948e+07,-5.20564910e+00,-3.28978937e-01,-4.87667016e+00,1.00007611e-09
21,5.46671479e-01,1.73229738e-08,95,30,2,92,normal_corr_dominates,6.02385997e+00,1.00000000e+00,2.50000017e+07,1.65274412e+00,-3.28978937e-01,1.98172305e+00,1.00007392e-09
21,5.46671479e-01,1.73229738e-08,95,32,1,97,normal_corr_dominates,2.90197668e+00,1.00000000e+00,2.49999921e+07,-7.94189409e+00,-2.03535150e+00,-5.90654259e+00,1.00007361e-09
21,5.46671479e-01,1.73229738e-08,95,32,2,98,normal_corr_dominates,1.74636515e+00,1.00000000e+00,2.50000015e+07,1.51911544e+00,-2.03535150e+00,3.55446694e+00,1.00007702e-09
21,5.46671479e-01,1.73229738e-08,95,35,1,106,normal_corr_dominates,7.39777990e+00,1.00000000e+00,2.49999884e+07,-1.15871474e+01,-1.37978698e+00,-1.02073604e+01,1.00010253e-09
21,5.46671479e-01,1.73229738e-08,95,35,2,107,normal_corr_dominates,2.43441819e+00,1.00000000e+00,2.50000020e+07,1.97919155e+00,-1.37978698e+00,3.35897853e+00,1.00007399e-09
21,5.46671479e-01,1.73229738e-08,95,13,0,39,normal_corr_dominates,3.76266562e+01,1.00000000e+00,2.50000024e+07,2.39020794e+00,6.18797530e-02,2.32832819e+00,1.00008569e-09
21,5.46671479e-01,1.73229738e-08,95,13,1,40,normal_corr_dominates,1.18846775e+02,1.00000000e+00,2.49999927e+07,-7.29232931e+00,6.18797530e-02,-7.35420907e+00,1.00010898e-09
21,5.46671479e-01,1.73229738e-08,95,13,2,41,normal_corr_dominates,4.90858372e+01,1.00000000e+00,2.50000031e+07,3.09929923e+00,6.18797530e-02,3.03741948e+00,1.00007154e-09
21,5.46671479e-01,1.73229738e-08,95,25,0,75,normal_corr_dominates,8.60957611e+00,1.00000000e+00,2.50000026e+07,2.57120503e+00,-3.37890705e-01,2.90909574e+00,1.00009190e-09
21,5.46671479e-01,1.73229738e-08,95,25,1,76,normal_corr_dominates,6.40253910e+00,1.00000000e+00,2.50000018e+07,1.82546774e+00,-3.37890705e-01,2.16335845e+00,1.00007899e-09
21,5.46671479e-01,1.73229738e-08,95,25,2,77,normal_corr_dominates,2.03783869e+01,1.00000000e+00,2.49999928e+07,-7.22355823e+00,-3.37890705e-01,-6.88566752e+00,1.00007072e-09
22,5.69703656e-01,1.80528195e-08,95,0,0,0,normal_corr_dominates,4.93942274e+00,1.00000000e+00,2.50000220e+07,2.20116391e+01,-5.58752908e+00,2.75991682e+01,1.00007720e-09
22,5.69703656e-01,1.80528195e-08,95,0,0,0,corr_ratio_high,7.25209029e-01,5.00000000e-01,2.50000220e+07,2.20116391e+01,-5.58752908e+00,2.75991682e+01,1.00007720e-09
22,5.69703656e-01,1.80528195e-08,95,0,1,1,normal_corr_dominates,2.14598393e+00,1.00000000e+00,2.49999824e+07,-1.75782767e+01,-5.58752908e+00,-1.19907476e+01,1.00015901e-09
22,5.69703656e-01,1.80528195e-08,95,0,2,2,corr_ratio_high,7.51782127e-01,5.00000000e-01,2.49999977e+07,-2.33413218e+00,-5.58752908e+00,3.25339690e+00,1.00009821e-09
22,5.69703656e-01,1.80528195e-08,95,1,0,3,normal_corr_dominates,6.33093726e+00,1.00000000e+00,2.49999884e+07,-1.16150525e+01,-1.58438848e+00,-1.00306641e+01,1.00008334e-09
22,5.69703656e-01,1.80528195e-08,95,1,1,4,normal_corr_dominates,8.85240694e+00,1.00000000e+00,2.50000124e+07,1.24412631e+01,-1.58438848e+00,1.40256516e+01,1.00013300e-09
22,5.69703656e-01,1.80528195e-08,95,1,2,5,normal_corr_dominates,8.82081949e+00,1.00000000e+00,2.49999844e+07,-1.55599933e+01,-1.58438848e+00,-1.39756048e+01,1.00008776e-09
22,5.69703656e-01,1.80528195e-08,95,1,2,5,corr_ratio_high,5.47635795e-01,5.00000000e-01,2.49999844e+07,-1.55599933e+01,-1.58438848e+00,-1.39756048e+01,1.00008776e-09
22,5.69703656e-01,1.80528195e-08,95,2,0,6,normal_corr_dominates,3.94969253e+01,1.00000000e+00,2.49999884e+07,-1.15649229e+01,-2.85575332e-01,-1.12793475e+01,1.00009766e-09
22,5.69703656e-01,1.80528195e-08,95,2,1,7,normal_corr_dominates,4.98351639e+01,1.00000000e+00,2.49999855e+07,-1.45172688e+01,-2.85575332e-01,-1.42316935e+01,1.00010279e-09
22,5.69703656e-01,1.80528195e-08,95,2,2,8,normal_corr_dominates,3.67401538e+01,1.00000000e+00,2.50000102e+07,1.02065063e+01,-2.85575332e-01,1.04920816e+01,1.00007466e-09
22,5.69703656e-01,1.80528195e-08,95,3,0,9,normal_corr_dominates,8.26230379e+00,1.00000000e+00,2.49999901e+07,-9.94805368e+00,-1.07403664e+00,-8.87401704e+00,1.00011175e-09
22,5.69703656e-01,1.80528195e-08,95,3,1,10,normal_corr_dominates,6.59147577e+00,1.00000000e+00,2.50000060e+07,6.00544987e+00,-1.07403664e+00,7.07948652e+00,1.00006913e-09
22,5.69703656e-01,1.80528195e-08,95,3,1,10,corr_ratio_high,5.93278149e-01,5.00000000e-01,2.50000060e+07,6.00544987e+00,-1.07403664e+00,7.07948652e+00,1.00006913e-09
22,5.69703656e-01,1.80528195e-08,95,3,2,11,normal_corr_dominates,2.12945155e+00,1.00000000e+00,2.50000012e+07,1.21307236e+00,-1.07403664e+00,2.28710900e+00,1.00009005e-09
22,5.69703656e-01,1.80528195e-08,95,3,2,11,corr_ratio_high,6.14245684e-01,5.00000000e-01,2.50000012e+07,1.21307236e+00,-1.07403664e+00,2.28710900e+00,1.00009005e-09
22,5.69703656e-01,1.80528195e-08,95,4,1,13,normal_corr_dominates,2.09364375e+00,1.00000000e+00,2.50000058e+07,5.77362973e+00,-5.27926001e+00,1.10528897e+01,1.00008191e-09
22,5.69703656e-01,1.80528195e-08,95,4,1,13,corr_ratio_high,5.06973228e-01,5.00000000e-01,2.50000058e+07,5.77362973e+00,-5.27926001e+00,1.10528897e+01,1.00008191e-09
22,5.69703656e-01,1.80528195e-08,95,5,0,15,normal_corr_dominates,7.93366823e+00,1.00000000e+00,2.49999894e+07,-1.06350304e+01,-1.19044385e+00,-9.44458657e+00,1.00015588e-09
22,5.69703656e-01,1.80528195e-08,95,5,1,16,normal_corr_dominates,4.50203765e+00,1.00000000e+00,2.50000042e+07,4.16897919e+00,-1.19044385e+00,5.35942304e+00,1.00009174e-09
22,5.69703656e-01,1.80528195e-08,95,5,1,16,corr_ratio_high,6.67878344e-01,5.00000000e-01,2.50000042e+07,4.16897919e+00,-1.19044385e+00,5.35942304e+00,1.00009174e-09
22,5.69703656e-01,1.80528195e-08,95,5,2,17,normal_corr_dominates,7.96824351e+00,1.00000000e+00,2.49999893e+07,-1.06761903e+01,-1.19044385e+00,-9.48574649e+00,1.00012596e-09
22,5.69703656e-01,1.80528195e-08,95,7,0,21,normal_corr_dominates,7.82321477e+00,1.00000000e+00,2.49999981e+07,-1.85752369e+00,-2.10526858e-01,-1.64699683e+00,1.00006168e-09
22,5.69703656e-01,1.80528195e-08,95,7,1,22,normal_corr_dominates,1.88270308e+01,1.00000000e+00,2.49999958e+07,-4.17412251e+00,-2.10526858e-01,-3.96359565e+00,1.00007839e-09
22,5.69703656e-01,1.80528195e-08,95,7,2,23,normal_corr_dominates,5.11653465e+00,1.00000000e+00,2.50000009e+07,8.66641107e-01,-2.10526858e-01,1.07716797e+00,1.00008182e-09
22,5.69703656e-01,1.80528195e-08,95,8,0,24,normal_corr_dominates,4.50751756e+00,1.00000000e+00,2.50000135e+07,1.34856141e+01,-3.84477452e+00,1.73303887e+01,1.00013660e-09
22,5.69703656e-01,1.80528195e-08,95,8,1,25,normal_corr_dominates,3.14995571e+00,1.00000000e+00,2.50000083e+07,8.26609492e+00,-3.84477452e+00,1.21108694e+01,1.00009078e-09
22,5.69703656e-01,1.80528195e-08,95,8,2,26,normal_corr_dominates,3.99654248e+00,1.00000000e+00,2.49999808e+07,-1.92105792e+01,-3.84477452e+00,-1.53658047e+01,1.00008937e-09
22,5.69703656e-01,1.80528195e-08,95,8,2,26,corr_ratio_high,5.81030366e-01,5.00000000e-01,2.49999808e+07,-1.92105792e+01,-3.84477452e+00,-1.53658047e+01,1.00008937e-09
22,5.69703656e-01,1.80528195e-08,95,9,0,27,normal_corr_dominates,5.34637269e+00,1.00000000e+00,2.50000136e+07,1.35969974e+01,-3.12835515e+00,1.67253525e+01,1.00008229e-09
22,5.69703656e-01,1.80528195e-08,95,9,0,27,corr_ratio_high,6.45668577e-01,5.00000000e-01,2.50000136e+07,1.35969974e+01,-3.12835515e+00,1.67253525e+01,1.00008229e-09
22,5.69703656e-01,1.80528195e-08,95,9,1,28,normal_corr_dominates,1.40647645e+00,1.00000000e+00,2.50000013e+07,1.27160270e+00,-3.12835515e+00,4.39995785e+00,1.00007347e-09
22,5.69703656e-01,1.80528195e-08,95,9,1,28,corr_ratio_high,6.17870504e-01,5.00000000e-01,2.50000013e+07,1.27160270e+00,-3.12835515e+00,4.39995785e+00,1.00007347e-09
22,5.69703656e-01,1.80528195e-08,95,9,2,29,normal_corr_dominates,6.47576460e+00,1.00000000e+00,2.49999766e+07,-2.33868467e+01,-3.12835515e+00,-2.02584915e+01,1.00017226e-09
22,5.69703656e-01,1.80528195e-08,95,9,2,29,corr_ratio_high,7.37557992e-01,5.00000000e-01,2.49999766e+07,-2.33868467e+01,-3.12835515e+00,-2.02584915e+01,1.00017226e-09
22,5.69703656e-01,1.80528195e-08,95,10,0,30,normal_corr_dominates,1.46066746e+00,1.00000000e+00,2.50000008e+07,8.33988277e-01,-1.81039113e+00,2.64437940e+00,1.00007043e-09
22,5.69703656e-01,1.80528195e-08,95,12,0,36,normal_corr_dominates,1.38005852e+00,1.00000000e+00,2.49999919e+07,-8.12978882e+00,-3.41579367e+00,-4.71399515e+00,1.00010553e-09
22,5.69703656e-01,1.80528195e-08,95,12,1,37,normal_corr_dominates,2.13547519e+00,1.00000000e+00,2.50000039e+07,3.87854895e+00,-3.41579367e+00,7.29434263e+00,1.00005077e-09
22,5.69703656e-01,1.80528195e-08,95,12,1,37,corr_ratio_high,9.69920597e-01,5.00000000e-01,2.50000039e+07,3.87854895e+00,-3.41579367e+00,7.29434263e+00,1.00005077e-09
22,5.69703656e-01,1.80528195e-08,95,12,2,38,normal_corr_dominates,2.55241862e+00,1.00000000e+00,2.49999879e+07,-1.21343290e+01,-3.41579367e+00,-8.71853536e+00,1.00014422e-09
22,5.69703656e-01,1.80528195e-08,95,12,2,38,corr_ratio_high,5.50620658e-01,5.00000000e-01,2.49999879e+07,-1.21343290e+01,-3.41579367e+00,-8.71853536e+00,1.00014422e-09
22,5.69703656e-01,1.80528195e-08,95,14,0,42,normal_corr_dominates,3.30024963e+01,1.00000000e+00,2.49999958e+07,-4.19007695e+00,1.30929691e-01,-4.32100664e+00,1.00009802e-09
22,5.69703656e-01,1.80528195e-08,95,14,1,43,normal_corr_dominates,7.88109966e+00,1.00000000e+00,2.49999991e+07,-9.00940252e-01,1.30929691e-01,-1.03186994e+00,1.00008118e-09
22,5.69703656e-01,1.80528195e-08,95,14,2,44,normal_corr_dominates,9.67948406e+00,1.00000000e+00,2.50000014e+07,1.39826155e+00,1.30929691e-01,1.26733186e+00,1.00008050e-09
22,5.69703656e-01,1.80528195e-08,95,15,1,46,normal_corr_dominates,5.15581772e+00,1.00000000e+00,2.49999866e+07,-1.34026519e+01,-2.17723339e+00,-1.12254185e+01,1.00010728e-09
22,5.69703656e-01,1.80528195e-08,95,15,2,47,normal_corr_dominates,2.40279182e+00,1.00000000e+00,2.50000031e+07,3.05420520e+00,-2.17723339e+00,5.23143859e+00,1.00007465e-09
22,5.69703656e-01,1.80528195e-08,95,18,0,54,normal_corr_dominates,1.14107242e+00,1.00000000e+00,2.49999964e+07,-3.60519761e+00,-1.68382796e+00,-1.92136965e+00,1.00007579e-09
22,5.69703656e-01,1.80528195e-08,95,18,2,56,normal_corr_dominates,1.06036592e+00,1.00000000e+00,2.49999965e+07,-3.46930176e+00,-1.68382796e+00,-1.78547379e+00,1.00009052e-09
22,5.69703656e-01,1.80528195e-08,95,21,0,63,normal_corr_dominates,1.43406322e+00,1.00000000e+00,2.50000026e+07,2.60648021e+00,-6.00484001e+00,8.61132022e+00,1.00006659e-09
22,5.69703656e-01,1.80528195e-08,95,21,0,63,corr_ratio_high,7.66495529e-01,5.00000000e-01,2.50000026e+07,2.60648021e+00,-6.00484001e+00,8.61132022e+00,1.00006659e-09
22,5.69703656e-01,1.80528195e-08,95,22,0,66,normal_corr_dominates,2.64852093e+00,1.00000000e+00,2.50000066e+07,6.59774583e+00,-4.00222146e+00,1.05999673e+01,1.00009365e-09
22,5.69703656e-01,1.80528195e-08,95,22,2,68,normal_corr_dominates,1.27926231e+00,1.00000000e+00,2.49999909e+07,-9.12211252e+00,-4.00222146e+00,-5.11989106e+00,1.00009180e-09
22,5.69703656e-01,1.80528195e-08,95,23,0,69,normal_corr_dominates,1.23472003e+00,1.00000000e+00,2.50000008e+07,8.08191793e-01,-3.44321620e+00,4.25140799e+00,1.00009068e-09
22,5.69703656e-01,1.80528195e-08,95,23,0,69,corr_ratio_high,8.07804697e-01,5.00000000e-01,2.50000008e+07,8.08191793e-01,-3.44321620e+00,4.25140799e+00,1.00009068e-09
22,5.69703656e-01,1.80528195e-08,95,23,1,70,normal_corr_dominates,1.03977080e+00,1.00000000e+00,2.49999930e+07,-7.02337186e+00,-3.44321620e+00,-3.58015566e+00,1.00010483e-09
22,5.69703656e-01,1.80528195e-08,95,23,1,70,corr_ratio_high,5.16215370e-01,5.00000000e-01,2.49999930e+07,-7.02337186e+00,-3.44321620e+00,-3.58015566e+00,1.00010483e-09
22,5.69703656e-01,1.80528195e-08,95,24,0,72,normal_corr_dominates,1.81672349e+00,1.00000000e+00,2.50000024e+07,2.40817609e+00,-2.94858190e+00,5.35675799e+00,1.00007254e-09
22,5.69703656e-01,1.80528195e-08,95,24,0,72,corr_ratio_high,6.21178494e-01,5.00000000e-01,2.50000024e+07,2.40817609e+00,-2.94858190e+00,5.35675799e+00,1.00007254e-09
22,5.69703656e-01,1.80528195e-08,95,24,2,74,normal_corr_dominates,1.19309463e+00,1.00000000e+00,2.49999935e+07,-6.46651914e+00,-2.94858190e+00,-3.51793724e+00,1.00008827e-09
22,5.69703656e-01,1.80528195e-08,95,26,0,78,normal_corr_dominates,1.23607994e+00,1.00000000e+00,2.50000001e+07,1.28350300e-01,-5.43673048e-01,6.72023349e-01,1.00006465e-09
22,5.69703656e-01,1.80528195e-08,95,27,2,83,normal_corr_dominates,1.43833946e+00,1.00000000e+00,2.49999836e+07,-1.64362515e+01,-6.74075606e+00,-9.69549543e+00,1.00010310e-09
22,5.69703656e-01,1.80528195e-08,95,28,0,84,normal_corr_dominates,1.29930711e+00,1.00000000e+00,2.49999959e+07,-4.07062333e+00,-1.77036957e+00,-2.30025376e+00,1.00009977e-09
22,5.69703656e-01,1.80528195e-08,95,28,1,85,normal_corr_dominates,1.57810079e+00,1.00000000e+00,2.50000010e+07,1.02345205e+00,-1.77036957e+00,2.79382162e+00,1.00008277e-09
22,5.69703656e-01,1.80528195e-08,95,29,0,87,normal_corr_dominates,7.83651726e+00,1.00000000e+00,2.49999981e+07,-1.89520673e+00,-2.14474399e-01,-1.68073233e+00,1.00009467e-09
22,5.69703656e-01,1.80528195e-08,95,29,1,88,normal_corr_dominates,2.14306520e+00,1.00000000e+00,2.50000002e+07,2.45158223e-01,-2.14474399e-01,4.59632622e-01,1.00008451e-09
22,5.69703656e-01,1.80528195e-08,95,29,2,89,normal_corr_dominates,8.49632957e+00,1.00000000e+00,2.50000016e+07,1.60777078e+00,-2.14474399e-01,1.82224518e+00,1.00007973e-09
22,5.69703656e-01,1.80528195e-08,95,30,0,90,normal_corr_dominates,1.49333470e+01,1.00000000e+00,2.49999946e+07,-5.41071053e+00,-3.39584052e-01,-5.07112648e+00,1.00007912e-09
22,5.69703656e-01,1.80528195e-08,95,30,2,92,normal_corr_dominates,6.06833184e+00,1.00000000e+00,2.50000017e+07,1.72112466e+00,-3.39584052e-01,2.06070871e+00,1.00007685e-09
22,5.69703656e-01,1.80528195e-08,95,32,1,97,normal_corr_dominates,2.90651461e+00,1.00000000e+00,2.49999917e+07,-8.25579067e+00,-2.11333925e+00,-6.14245141e+00,1.00007653e-09
22,5.69703656e-01,1.80528195e-08,95,32,2,98,normal_corr_dominates,1.74934768e+00,1.00000000e+00,2.50000016e+07,1.58362587e+00,-2.11333925e+00,3.69696513e+00,1.00008007e-09
22,5.69703656e-01,1.80528195e-08,95,35,1,106,normal_corr_dominates,7.40944753e+00,1.00000000e+00,2.49999880e+07,-1.20477853e+01,-1.43264885e+00,-1.06151365e+01,1.00010659e-09
22,5.69703656e-01,1.80528195e-08,95,35,2,107,normal_corr_dominates,2.43831775e+00,1.00000000e+00,2.50000021e+07,2.06060427e+00,-1.43264885e+00,3.49325312e+00,1.00007692e-09
22,5.69703656e-01,1.80528195e-08,95,13,0,39,normal_corr_dominates,3.63512406e+01,1.00000000e+00,2.50000025e+07,2.48526972e+00,6.65378093e-02,2.41873192e+00,1.00008908e-09
22,5.69703656e-01,1.80528195e-08,95,13,1,40,normal_corr_dominates,1.14885252e+02,1.00000000e+00,2.49999924e+07,-7.57767519e+00,6.65378093e-02,-7.64421300e+00,1.00011329e-09
22,5.69703656e-01,1.80528195e-08,95,13,2,41,normal_corr_dominates,4.75011918e+01,1.00000000e+00,2.50000032e+07,3.22716305e+00,6.65378093e-02,3.16062524e+00,1.00007437e-09
22,5.69703656e-01,1.80528195e-08,95,25,0,75,normal_corr_dominates,8.66712296e+00,1.00000000e+00,2.50000027e+07,2.67451738e+00,-3.48829331e-01,3.02334671e+00,1.00009553e-09
22,5.69703656e-01,1.80528195e-08,95,25,1,76,normal_corr_dominates,6.45482992e+00,1.00000000e+00,2.50000019e+07,1.90280467e+00,-3.48829331e-01,2.25163401e+00,1.00008211e-09
22,5.69703656e-01,1.80528195e-08,95,25,2,77,normal_corr_dominates,2.05309232e+01,1.00000000e+00,2.49999925e+07,-7.51061755e+00,-3.48829331e-01,-7.16178822e+00,1.00007353e-09
23,5.93502186e-01,1.88069494e-08,95,0,0,0,normal_corr_dominates,4.94311096e+00,1.00000000e+00,2.50000229e+07,2.28750909e+01,-5.80128004e+00,2.86763710e+01,1.00008026e-09
23,5.93502186e-01,1.88069494e-08,95,0,0,0,corr_ratio_high,7.25146440e-01,5.00000000e-01,2.50000229e+07,2.28750909e+01,-5.80128004e+00,2.86763710e+01,1.00008026e-09
23,5.93502186e-01,1.88069494e-08,95,0,1,1,normal_corr_dominates,2.14830846e+00,1.00000000e+00,2.49999817e+07,-1.82642190e+01,-5.80128004e+00,-1.24629390e+01,1.00016521e-09
23,5.93502186e-01,1.88069494e-08,95,0,2,2,corr_ratio_high,7.51820253e-01,5.00000000e-01,2.49999976e+07,-2.40997910e+00,-5.80128004e+00,3.39130094e+00,1.00010205e-09
23,5.93502186e-01,1.88069494e-08,95,1,0,3,normal_corr_dominates,6.34411712e+00,1.00000000e+00,2.49999879e+07,-1.20706894e+01,-1.64358618e+00,-1.04271032e+01,1.00008662e-09
23,5.93502186e-01,1.88069494e-08,95,1,1,4,normal_corr_dominates,8.87417221e+00,1.00000000e+00,2.50000129e+07,1.29418806e+01,-1.64358618e+00,1.45854668e+01,1.00013819e-09
23,5.93502186e-01,1.88069494e-08,95,1,2,5,normal_corr_dominates,8.84133104e+00,1.00000000e+00,2.49999838e+07,-1.61750757e+01,-1.64358618e+00,-1.45314895e+01,1.00009120e-09
23,5.93502186e-01,1.88069494e-08,95,1,2,5,corr_ratio_high,5.47658001e-01,5.00000000e-01,2.49999838e+07,-1.61750757e+01,-1.64358618e+00,-1.45314895e+01,1.00009120e-09
23,5.93502186e-01,1.88069494e-08,95,2,0,6,normal_corr_dominates,3.97253767e+01,1.00000000e+00,2.49999880e+07,-1.20188657e+01,-2.95119817e-01,-1.17237459e+01,1.00010149e-09
23,5.93502186e-01,1.88069494e-08,95,2,1,7,normal_corr_dominates,5.01314952e+01,1.00000000e+00,2.49999849e+07,-1.50899175e+01,-2.95119817e-01,-1.47947977e+01,1.00010681e-09
23,5.93502186e-01,1.88069494e-08,95,2,2,8,normal_corr_dominates,3.69523730e+01,1.00000000e+00,2.50000106e+07,1.06102577e+01,-2.95119817e-01,1.09053775e+01,1.00007759e-09
23,5.93502186e-01,1.88069494e-08,95,3,0,9,normal_corr_dominates,8.28461124e+00,1.00000000e+00,2.49999897e+07,-1.03339102e+01,-1.11301485e+00,-9.22089530e+00,1.00011612e-09
23,5.93502186e-01,1.88069494e-08,95,3,1,10,normal_corr_dominates,6.61493903e+00,1.00000000e+00,2.50000062e+07,6.24951049e+00,-1.11301485e+00,7.36252534e+00,1.00007184e-09
23,5.93502186e-01,1.88069494e-08,95,3,1,10,corr_ratio_high,5.93186954e-01,5.00000000e-01,2.50000062e+07,6.24951049e+00,-1.11301485e+00,7.36252534e+00,1.00007184e-09
23,5.93502186e-01,1.88069494e-08,95,3,2,11,normal_corr_dominates,2.13259695e+00,1.00000000e+00,2.50000013e+07,1.26059722e+00,-1.11301485e+00,2.37361207e+00,1.00009359e-09
23,5.93502186e-01,1.88069494e-08,95,3,2,11,corr_ratio_high,6.14243403e-01,5.00000000e-01,2.50000013e+07,1.26059722e+00,-1.11301485e+00,2.37361207e+00,1.00009359e-09
23,5.93502186e-01,1.88069494e-08,95,4,1,13,normal_corr_dominates,2.09469045e+00,1.00000000e+00,2.50000060e+07,5.99929659e+00,-5.48035895e+00,1.14796555e+01,1.00008515e-09
23,5.93502186e-01,1.88069494e-08,95,4,1,13,corr_ratio_high,5.06636578e-01,5.00000000e-01,2.50000060e+07,5.99929659e+00,-5.48035895e+00,1.14796555e+01,1.00008515e-09
23,5.93502186e-01,1.88069494e-08,95,5,0,15,normal_corr_dominates,7.96455235e+00,1.00000000e+00,2.49999889e+07,-1.10508680e+01,-1.23272949e+00,-9.81813855e+00,1.00016197e-09
23,5.93502186e-01,1.88069494e-08,95,5,1,16,normal_corr_dominates,4.52363566e+00,1.00000000e+00,2.50000043e+07,4.34368958e+00,-1.23272949e+00,5.57641907e+00,1.00009533e-09
23,5.93502186e-01,1.88069494e-08,95,5,1,16,corr_ratio_high,6.67842025e-01,5.00000000e-01,2.50000043e+07,4.34368958e+00,-1.23272949e+00,5.57641907e+00,1.00009533e-09
23,5.93502186e-01,1.88069494e-08,95,5,2,17,normal_corr_dominates,7.99811611e+00,1.00000000e+00,2.49999889e+07,-1.10922431e+01,-1.23272949e+00,-9.85951358e+00,1.00013088e-09
23,5.93502186e-01,1.88069494e-08,95,7,0,21,normal_corr_dominates,7.88530594e+00,1.00000000e+00,2.49999981e+07,-1.92580884e+00,-2.16740858e-01,-1.70906798e+00,1.00006410e-09
23,5.93502186e-01,1.88069494e-08,95,7,1,22,normal_corr_dominates,1.90135290e+01,1.00000000e+00,2.49999957e+07,-4.33774946e+00,-2.16740858e-01,-4.12100860e+00,1.00008147e-09
23,5.93502186e-01,1.88069494e-08,95,7,2,23,normal_corr_dominates,5.16958740e+00,1.00000000e+00,2.50000009e+07,9.03719952e-01,-2.16740858e-01,1.12046081e+00,1.00008503e-09
23,5.93502186e-01,1.88069494e-08,95,8,0,24,normal_corr_dominates,4.51482151e+00,1.00000000e+00,2.50000140e+07,1.40292742e+01,-3.99146135e+00,1.80207356e+01,1.00014193e-09
23,5.93502186e-01,1.88069494e-08,95,8,1,25,normal_corr_dominates,3.15292450e+00,1.00000000e+00,2.50000086e+07,8.59331494e+00,-3.99146135e+00,1.25847763e+01,1.00009434e-09
23,5.93502186e-01,1.88069494e-08,95,8,2,26,normal_corr_dominates,4.00281574e+00,1.00000000e+00,2.49999800e+07,-1.99685456e+01,-3.99146135e+00,-1.59770843e+01,1.00009289e-09
23,5.93502186e-01,1.88069494e-08,95,8,2,26,corr_ratio_high,5.80937260e-01,5.00000000e-01,2.49999800e+07,-1.99685456e+01,-3.99146135e+00,-1.59770843e+01,1.00009289e-09
23,5.93502186e-01,1.88069494e-08,95,9,0,27,normal_corr_dominates,5.35350018e+00,1.00000000e+00,2.50000141e+07,1.41355900e+01,-3.24694831e+00,1.73825384e+01,1.00008552e-09
23,5.93502186e-01,1.88069494e-08,95,9,0,27,corr_ratio_high,6.45692845e-01,5.00000000e-01,2.50000141e+07,1.41355900e+01,-3.24694831e+00,1.73825384e+01,1.00008552e-09
23,5.93502186e-01,1.88069494e-08,95,9,1,28,normal_corr_dominates,1.40763298e+00,1.00000000e+00,2.50000013e+07,1.32356323e+00,-3.24694831e+00,4.57051153e+00,1.00007637e-09
23,5.93502186e-01,1.88069494e-08,95,9,1,28,corr_ratio_high,6.17716849e-01,5.00000000e-01,2.50000013e+07,1.32356323e+00,-3.24694831e+00,4.57051153e+00,1.00007637e-09
23,5.93502186e-01,1.88069494e-08,95,9,2,29,normal_corr_dominates,6.48301392e+00,1.00000000e+00,2.49999757e+07,-2.42969594e+01,-3.24694831e+00,-2.10500111e+01,1.00017897e-09
23,5.93502186e-01,1.88069494e-08,95,9,2,29,corr_ratio_high,7.37615167e-01,5.00000000e-01,2.49999757e+07,-2.42969594e+01,-3.24694831e+00,-2.10500111e+01,1.00017897e-09
23,5.93502186e-01,1.88069494e-08,95,10,0,30,normal_corr_dominates,1.46183768e+00,1.00000000e+00,2.50000009e+07,8.67730554e-01,-1.87886479e+00,2.74659534e+00,1.00007320e-09
23,5.93502186e-01,1.88069494e-08,95,12,0,36,normal_corr_dominates,1.38129449e+00,1.00000000e+00,2.49999916e+07,-8.44404372e+00,-3.54598886e+00,-4.89805486e+00,1.00010966e-09
23,5.93502186e-01,1.88069494e-08,95,12,1,37,normal_corr_dominates,2.13659040e+00,1.00000000e+00,2.50000040e+07,4.03033689e+00,-3.54598886e+00,7.57632575e+00,1.00005279e-09
23,5.93502186e-01,1.88069494e-08,95,12,1,37,corr_ratio_high,9.69717935e-01,5.00000000e-01,2.50000040e+07,4.03033689e+00,-3.54598886e+00,7.57632575e+00,1.00005279e-09
23,5.93502186e-01,1.88069494e-08,95,12,2,38,normal_corr_dominates,2.55405053e+00,1.00000000e+00,2.49999874e+07,-1.26026236e+01,-3.54598886e+00,-9.05663472e+00,1.00014984e-09
23,5.93502186e-01,1.88069494e-08,95,12,2,38,corr_ratio_high,5.50659043e-01,5.00000000e-01,2.49999874e+07,-1.26026236e+01,-3.54598886e+00,-9.05663472e+00,1.00014984e-09
23,5.93502186e-01,1.88069494e-08,95,14,0,42,normal_corr_dominates,3.24808639e+01,1.00000000e+00,2.49999956e+07,-4.35384409e+00,1.38301290e-01,-4.49214538e+00,1.00010186e-09
23,5.93502186e-01,1.88069494e-08,95,14,1,43,normal_corr_dominates,7.75249832e+00,1.00000000e+00,2.49999991e+07,-9.33879230e-01,1.38301290e-01,-1.07218052e+00,1.00008436e-09
23,5.93502186e-01,1.88069494e-08,95,14,2,44,normal_corr_dominates,9.52687068e+00,1.00000000e+00,2.50000015e+07,1.45587980e+00,1.38301290e-01,1.31757851e+00,1.00008366e-09
23,5.93502186e-01,1.88069494e-08,95,15,1,46,normal_corr_dominates,5.15912108e+00,1.00000000e+00,2.49999861e+07,-1.39274963e+01,-2.26127984e+00,-1.16662165e+01,1.00011149e-09
23,5.93502186e-01,1.88069494e-08,95,15,2,47,normal_corr_dominates,2.40389976e+00,1.00000000e+00,2.50000032e+07,3.17461022e+00,-2.26127984e+00,5.43589006e+00,1.00007758e-09
23,5.93502186e-01,1.88069494e-08,95,18,0,54,normal_corr_dominates,1.14202749e+00,1.00000000e+00,2.49999963e+07,-3.74423581e+00,-1.74798682e+00,-1.99624899e+00,1.00007876e-09
23,5.93502186e-01,1.88069494e-08,95,18,2,56,normal_corr_dominates,1.06219205e+00,1.00000000e+00,2.49999964e+07,-3.60468452e+00,-1.74798682e+00,-1.85669770e+00,1.00009406e-09
23,5.93502186e-01,1.88069494e-08,95,21,0,63,normal_corr_dominates,1.43551995e+00,1.00000000e+00,2.50000027e+07,2.71682935e+00,-6.23812830e+00,8.95495765e+00,1.00006920e-09
23,5.93502186e-01,1.88069494e-08,95,21,0,63,corr_ratio_high,7.66481333e-01,5.00000000e-01,2.50000027e+07,2.71682935e+00,-6.23812830e+00,8.95495765e+00,1.00006920e-09
23,5.93502186e-01,1.88069494e-08,95,22,0,66,normal_corr_dominates,2.65052496e+00,1.00000000e+00,2.50000069e+07,6.85934609e+00,-4.15585723e+00,1.10152033e+01,1.00009732e-09
23,5.93502186e-01,1.88069494e-08,95,22,2,68,normal_corr_dominates,1.28080350e+00,1.00000000e+00,2.49999905e+07,-9.47869372e+00,-4.15585723e+00,-5.32283648e+00,1.00009540e-09
23,5.93502186e-01,1.88069494e-08,95,23,0,69,normal_corr_dominates,1.23867019e+00,1.00000000e+00,2.50000009e+07,8.52496940e-01,-3.57186189e+00,4.42435883e+00,1.00009420e-09
23,5.93502186e-01,1.88069494e-08,95,23,0,69,corr_ratio_high,8.07960640e-01,5.00000000e-01,2.50000009e+07,8.52496940e-01,-3.57186189e+00,4.42435883e+00,1.00009420e-09
23,5.93502186e-01,1.88069494e-08,95,23,1,70,normal_corr_dominates,1.04474119e+00,1.00000000e+00,2.49999927e+07,-7.30353314e+00,-3.57186189e+00,-3.73167125e+00,1.00010897e-09
23,5.93502186e-01,1.88069494e-08,95,23,1,70,corr_ratio_high,5.16115624e-01,5.00000000e-01,2.49999927e+07,-7.30353314e+00,-3.57186189e+00,-3.73167125e+00,1.00010897e-09
23,5.93502186e-01,1.88069494e-08,95,24,0,72,normal_corr_dominates,1.81951823e+00,1.00000000e+00,2.50000025e+07,2.50941783e+00,-3.06206469e+00,5.57148252e+00,1.00007538e-09
23,5.93502186e-01,1.88069494e-08,95,24,0,72,corr_ratio_high,6.21214367e-01,5.00000000e-01,2.50000025e+07,2.50941783e+00,-3.06206469e+00,5.57148252e+00,1.00007538e-09
23,5.93502186e-01,1.88069494e-08,95,24,2,74,normal_corr_dominates,1.19401398e+00,1.00000000e+00,2.49999933e+07,-6.71821275e+00,-3.06206469e+00,-3.65614806e+00,1.00009174e-09
23,5.93502186e-01,1.88069494e-08,95,26,0,78,normal_corr_dominates,1.23754944e+00,1.00000000e+00,2.50000001e+07,1.33815127e-01,-5.63314843e-01,6.97129969e-01,1.00006719e-09
23,5.93502186e-01,1.88069494e-08,95,27,2,83,normal_corr_dominates,1.43908535e+00,1.00000000e+00,2.49999829e+07,-1.70803480e+01,-7.00276766e+00,-1.00775803e+01,1.00010715e-09
23,5.93502186e-01,1.88069494e-08,95,28,0,84,normal_corr_dominates,1.29977841e+00,1.00000000e+00,2.49999958e+07,-4.22651401e+00,-1.83779185e+00,-2.38872217e+00,1.00010368e-09
23,5.93502186e-01,1.88069494e-08,95,28,1,85,normal_corr_dominates,1.58103361e+00,1.00000000e+00,2.50000011e+07,1.06781883e+00,-1.83779185e+00,2.90561067e+00,1.00008602e-09
23,5.93502186e-01,1.88069494e-08,95,29,0,87,normal_corr_dominates,7.92578024e+00,1.00000000e+00,2.49999980e+07,-1.96854976e+00,-2.20546519e-01,-1.74800324e+00,1.00009838e-09
23,5.93502186e-01,1.88069494e-08,95,29,1,88,normal_corr_dominates,2.16722300e+00,1.00000000e+00,2.50000003e+07,2.57426969e-01,-2.20546519e-01,4.77973488e-01,1.00008782e-09
23,5.93502186e-01,1.88069494e-08,95,29,2,89,normal_corr_dominates,8.58721950e+00,1.00000000e+00,2.50000017e+07,1.67333485e+00,-2.20546519e-01,1.89388137e+00,1.00008286e-09
23,5.93502186e-01,1.88069494e-08,95,30,0,90,normal_corr_dominates,1.50435048e+01,1.00000000e+00,2.49999944e+07,-5.62183517e+00,-3.50411911e-01,-5.27142326e+00,1.00008223e-09
23,5.93502186e-01,1.88069494e-08,95,30,2,92,normal_corr_dominates,6.11298174e+00,1.00000000e+00,2.50000018e+07,1.79164970e+00,-3.50411911e-01,2.14206161e+00,1.00007986e-09
23,5.93502186e-01,1.88069494e-08,95,32,1,97,normal_corr_dominates,2.91100652e+00,1.00000000e+00,2.49999914e+07,-8.57901885e+00,-2.19355780e+00,-6.38546105e+00,1.00007954e-09
23,5.93502186e-01,1.88069494e-08,95,32,2,98,normal_corr_dominates,1.75233278e+00,1.00000000e+00,2.50000017e+07,1.65028545e+00,-2.19355780e+00,3.84384324e+00,1.00008321e-09
23,5.93502186e-01,1.88069494e-08,95,35,1,106,normal_corr_dominates,7.42097646e+00,1.00000000e+00,2.49999875e+07,-1.25222836e+01,-1.48703462e+00,-1.10352489e+01,1.00011076e-09
23,5.93502186e-01,1.88069494e-08,95,35,2,107,normal_corr_dominates,2.44217770e+00,1.00000000e+00,2.50000021e+07,2.14456817e+00,-1.48703462e+00,3.63160279e+00,1.00007994e-09
23,5.93502186e-01,1.88069494e-08,95,13,0,39,normal_corr_dominates,3.51781174e+01,1.00000000e+00,2.50000026e+07,2.58312402e+00,7.14001778e-02,2.51172384e+00,1.00009257e-09
23,5.93502186e-01,1.88069494e-08,95,13,1,40,normal_corr_dominates,1.11243583e+02,1.00000000e+00,2.49999921e+07,-7.87141146e+00,7.14001778e-02,-7.94281164e+00,1.00011772e-09
23,5.93502186e-01,1.88069494e-08,95,13,2,41,normal_corr_dominates,4.60453145e+01,1.00000000e+00,2.50000034e+07,3.35904382e+00,7.14001778e-02,3.28764364e+00,1.00007729e-09
23,5.93502186e-01,1.88069494e-08,95,25,0,75,normal_corr_dominates,8.72454458e+00,1.00000000e+00,2.50000028e+07,2.78092030e+00,-3.60010906e-01,3.14093120e+00,1.00009927e-09
23,5.93502186e-01,1.88069494e-08,95,25,1,76,normal_corr_dominates,6.50719219e+00,1.00000000e+00,2.50000020e+07,1.98264925e+00,-3.60010906e-01,2.34266016e+00,1.00008533e-09
23,5.93502186e-01,1.88069494e-08,95,25,2,77,normal_corr_dominates,2.06834691e+01,1.00000000e+00,2.49999922e+07,-7.80628537e+00,-3.60010906e-01,-7.44627447e+00,1.00007642e-09
24,6.19249013e-01,1.96228171e-08,95,0,0,0,normal_corr_dominates,4.94692835e+00,1.00000000e+00,2.50000238e+07,2.38059609e+01,-6.03151584e+00,2.98374767e+01,1.00008355e-09
24,6.19249013e-01,1.96228171e-08,95,0,0,0,corr_ratio_high,7.25080845e-01,5.00000000e-01,2.50000238e+07,2.38059609e+01,-6.03151584e+00,2.98374767e+01,1.00008355e-09
24,6.19249013e-01,1.96228171e-08,95,0,1,1,normal_corr_dominates,2.15072200e+00,1.00000000e+00,2.49999810e+07,-1.90036297e+01,-6.03151584e+00,-1.29721138e+01,1.00017190e-09
24,6.19249013e-01,1.96228171e-08,95,0,2,2,corr_ratio_high,7.51858636e-01,5.00000000e-01,2.49999975e+07,-2.49103322e+00,-6.03151584e+00,3.54048262e+00,1.00010618e-09
24,6.19249013e-01,1.96228171e-08,95,1,0,3,normal_corr_dominates,6.35775492e+00,1.00000000e+00,2.49999874e+07,-1.25619225e+01,-1.70730374e+00,-1.08546187e+01,1.00009017e-09
24,6.19249013e-01,1.96228171e-08,95,1,1,4,normal_corr_dominates,8.89675113e+00,1.00000000e+00,2.50000135e+07,1.34821527e+01,-1.70730374e+00,1.51894564e+01,1.00014379e-09
24,6.19249013e-01,1.96228171e-08,95,1,2,5,normal_corr_dominates,8.86262157e+00,1.00000000e+00,2.49999832e+07,-1.68384907e+01,-1.70730374e+00,-1.51311869e+01,1.00009491e-09
24,6.19249013e-01,1.96228171e-08,95,1,2,5,corr_ratio_high,5.47679459e-01,5.00000000e-01,2.49999832e+07,-1.68384907e+01,-1.70730374e+00,-1.51311869e+01,1.00009491e-09
24,6.19249013e-01,1.96228171e-08,95,2,0,6,normal_corr_dominates,3.99622698e+01,1.00000000e+00,2.49999875e+07,-1.25082854e+01,-3.05361139e-01,-1.22029243e+01,1.00010563e-09
24,6.19249013e-01,1.96228171e-08,95,2,1,7,normal_corr_dominates,5.04391744e+01,1.00000000e+00,2.49999843e+07,-1.57075249e+01,-3.05361139e-01,-1.54021638e+01,1.00011116e-09
24,6.19249013e-01,1.96228171e-08,95,2,2,8,normal_corr_dominates,3.71725604e+01,1.00000000e+00,2.50000110e+07,1.10456942e+01,-3.05361139e-01,1.13510554e+01,1.00008075e-09
24,6.19249013e-01,1.96228171e-08,95,3,0,9,normal_corr_dominates,8.30781468e+00,1.00000000e+00,2.49999893e+07,-1.07497439e+01,-1.15491598e+00,-9.59482792e+00,1.00012084e-09
24,6.19249013e-01,1.96228171e-08,95,3,1,10,normal_corr_dominates,6.63939107e+00,1.00000000e+00,2.50000065e+07,6.51302285e+00,-1.15491598e+00,7.66793883e+00,1.00007477e-09
24,6.19249013e-01,1.96228171e-08,95,3,1,10,corr_ratio_high,5.93089546e-01,5.00000000e-01,2.50000065e+07,6.51302285e+00,-1.15491598e+00,7.66793883e+00,1.00007477e-09
24,6.19249013e-01,1.96228171e-08,95,3,2,11,normal_corr_dominates,2.13587850e+00,1.00000000e+00,2.50000013e+07,1.31184423e+00,-1.15491598e+00,2.46676021e+00,1.00009741e-09
24,6.19249013e-01,1.96228171e-08,95,3,2,11,corr_ratio_high,6.14240707e-01,5.00000000e-01,2.50000013e+07,1.31184423e+00,-1.15491598e+00,2.46676021e+00,1.00009741e-09
24,6.19249013e-01,1.96228171e-08,95,4,1,13,normal_corr_dominates,2.09576883e+00,1.00000000e+00,2.50000062e+07,6.24251000e+00,-5.69692239e+00,1.19394324e+01,1.00008864e-09
24,6.19249013e-01,1.96228171e-08,95,4,1,13,corr_ratio_high,5.06283833e-01,5.00000000e-01,2.50000062e+07,6.24251000e+00,-5.69692239e+00,1.19394324e+01,1.00008864e-09
24,6.19249013e-01,1.96228171e-08,95,5,0,15,normal_corr_dominates,7.99664650e+00,1.00000000e+00,2.49999885e+07,-1.14991907e+01,-1.27816411e+00,-1.02210265e+01,1.00016854e-09
24,6.19249013e-01,1.96228171e-08,95,5,1,16,normal_corr_dominates,4.54612862e+00,1.00000000e+00,2.50000045e+07,4.53253432e+00,-1.27816411e+00,5.81069843e+00,1.00009921e-09
24,6.19249013e-01,1.96228171e-08,95,5,1,16,corr_ratio_high,6.67801971e-01,5.00000000e-01,2.50000045e+07,4.53253432e+00,-1.27816411e+00,5.81069843e+00,1.00009921e-09
24,6.19249013e-01,1.96228171e-08,95,5,2,17,normal_corr_dominates,8.02915792e+00,1.00000000e+00,2.49999885e+07,-1.15407456e+01,-1.27816411e+00,-1.02625815e+01,1.00013619e-09
24,6.19249013e-01,1.96228171e-08,95,7,0,21,normal_corr_dominates,7.95044006e+00,1.00000000e+00,2.49999980e+07,-1.99920939e+00,-2.23364368e-01,-1.77584502e+00,1.00006672e-09
24,6.19249013e-01,1.96228171e-08,95,7,1,22,normal_corr_dominates,1.92099002e+01,1.00000000e+00,2.49999955e+07,-4.51417159e+00,-2.23364368e-01,-4.29080722e+00,1.00008478e-09
24,6.19249013e-01,1.96228171e-08,95,7,2,23,normal_corr_dominates,5.22539404e+00,1.00000000e+00,2.50000009e+07,9.43802470e-01,-2.23364368e-01,1.16716684e+00,1.00008849e-09
24,6.19249013e-01,1.96228171e-08,95,8,0,24,normal_corr_dominates,4.52242893e+00,1.00000000e+00,2.50000146e+07,1.46160786e+01,-4.14943180e+00,1.87655104e+01,1.00014768e-09
24,6.19249013e-01,1.96228171e-08,95,8,1,25,normal_corr_dominates,3.15600733e+00,1.00000000e+00,2.50000089e+07,8.94620537e+00,-4.14943180e+00,1.30956372e+01,1.00009817e-09
24,6.19249013e-01,1.96228171e-08,95,8,2,26,normal_corr_dominates,4.00935316e+00,1.00000000e+00,2.49999792e+07,-2.07859693e+01,-4.14943180e+00,-1.66365375e+01,1.00009668e-09
24,6.19249013e-01,1.96228171e-08,95,8,2,26,corr_ratio_high,5.80837605e-01,5.00000000e-01,2.49999792e+07,-2.07859693e+01,-4.14943180e+00,-1.66365375e+01,1.00009668e-09
24,6.19249013e-01,1.96228171e-08,95,9,0,27,normal_corr_dominates,5.36091784e+00,1.00000000e+00,2.50000147e+07,1.47165058e+01,-3.37463496e+00,1.80911407e+01,1.00008901e-09
24,6.19249013e-01,1.96228171e-08,95,9,0,27,corr_ratio_high,6.45717734e-01,5.00000000e-01,2.50000147e+07,1.47165058e+01,-3.37463496e+00,1.80911407e+01,1.00008901e-09
24,6.19249013e-01,1.96228171e-08,95,9,1,28,normal_corr_dominates,1.40884732e+00,1.00000000e+00,2.50000014e+07,1.37971045e+00,-3.37463496e+00,4.75434541e+00,1.00007950e-09
24,6.19249013e-01,1.96228171e-08,95,9,1,28,corr_ratio_high,6.17556169e-01,5.00000000e-01,2.50000014e+07,1.37971045e+00,-3.37463496e+00,4.75434541e+00,1.00007950e-09
24,6.19249013e-01,1.96228171e-08,95,9,2,29,normal_corr_dominates,6.49056680e+00,1.00000000e+00,2.49999747e+07,-2.52779286e+01,-3.37463496e+00,-2.19032936e+01,1.00018621e-09
24,6.19249013e-01,1.96228171e-08,95,9,2,29,corr_ratio_high,7.37674773e-01,5.00000000e-01,2.49999747e+07,-2.52779286e+01,-3.37463496e+00,-2.19032936e+01,1.00018621e-09
24,6.19249013e-01,1.96228171e-08,95,10,0,30,normal_corr_dominates,1.46305273e+00,1.00000000e+00,2.50000009e+07,9.04153013e-01,-1.95259190e+00,2.85674491e+00,1.00007618e-09
24,6.19249013e-01,1.96228171e-08,95,12,0,36,normal_corr_dominates,1.38256724e+00,1.00000000e+00,2.49999912e+07,-8.78265607e+00,-3.68621541e+00,-5.09644067e+00,1.00011412e-09
24,6.19249013e-01,1.96228171e-08,95,12,1,37,normal_corr_dominates,2.13775027e+00,1.00000000e+00,2.50000042e+07,4.19399256e+00,-3.68621541e+00,7.88020797e+00,1.00005497e-09
24,6.19249013e-01,1.96228171e-08,95,12,1,37,corr_ratio_high,9.69505790e-01,5.00000000e-01,2.50000042e+07,4.19399256e+00,-3.68621541e+00,7.88020797e+00,1.00005497e-09
24,6.19249013e-01,1.96228171e-08,95,12,2,38,normal_corr_dominates,2.55574094e+00,1.00000000e+00,2.49999869e+07,-1.31072270e+01,-3.68621541e+00,-9.42101161e+00,1.00015591e-09
24,6.19249013e-01,1.96228171e-08,95,12,2,38,corr_ratio_high,5.50699179e-01,5.00000000e-01,2.49999869e+07,-1.31072270e+01,-3.68621541e+00,-9.42101161e+00,1.00015591e-09
24,6.19249013e-01,1.96228171e-08,95,14,0,42,normal_corr_dominates,3.19614460e+01,1.00000000e+00,2.49999955e+07,-4.53044549e+00,1.46325385e-01,-4.67677088e+00,1.00010600e-09
24,6.19249013e-01,1.96228171e-08,95,14,1,43,normal_corr_dominates,7.62417343e+00,1.00000000e+00,2.49999990e+07,-9.69284726e-01,1.46325385e-01,-1.11561011e+00,1.00008779e-09
24,6.19249013e-01,1.96228171e-08,95,14,2,44,normal_corr_dominates,9.37484402e+00,1.00000000e+00,2.50000015e+07,1.51810304e+00,1.46325385e-01,1.37177766e+00,1.00008706e-09
24,6.19249013e-01,1.96228171e-08,95,15,1,46,normal_corr_dominates,5.16248099e+00,1.00000000e+00,2.49999855e+07,-1.44933014e+01,-2.35186145e+00,-1.21414400e+01,1.00011602e-09
24,6.19249013e-01,1.96228171e-08,95,15,2,47,normal_corr_dominates,2.40501699e+00,1.00000000e+00,2.50000033e+07,3.30440529e+00,-2.35186145e+00,5.65626674e+00,1.00008074e-09
24,6.19249013e-01,1.96228171e-08,95,18,0,54,normal_corr_dominates,1.14299220e+00,1.00000000e+00,2.49999961e+07,-3.89402720e+00,-1.81709817e+00,-2.07692903e+00,1.00008196e-09
24,6.19249013e-01,1.96228171e-08,95,18,2,56,normal_corr_dominates,1.06410109e+00,1.00000000e+00,2.49999962e+07,-3.75067431e+00,-1.81709817e+00,-1.93357615e+00,1.00009789e-09
24,6.19249013e-01,1.96228171e-08,95,21,0,63,normal_corr_dominates,1.43703530e+00,1.00000000e+00,2.50000028e+07,2.83616723e+00,-6.48956093e+00,9.32572815e+00,1.00007202e-09
24,6.19249013e-01,1.96228171e-08,95,21,0,63,corr_ratio_high,7.66464656e-01,5.00000000e-01,2.50000028e+07,2.83616723e+00,-6.48956093e+00,9.32572815e+00,1.00007202e-09
24,6.19249013e-01,1.96228171e-08,95,22,0,66,normal_corr_dominates,2.65259785e+00,1.00000000e+00,2.50000071e+07,7.14148406e+00,-4.32136836e+00,1.14628524e+01,1.00010128e-09
24,6.19249013e-01,1.96228171e-08,95,22,2,68,normal_corr_dominates,1.28239892e+00,1.00000000e+00,2.49999901e+07,-9.86308647e+00,-4.32136836e+00,-5.54171811e+00,1.00009929e-09
24,6.19249013e-01,1.96228171e-08,95,23,0,69,normal_corr_dominates,1.24279638e+00,1.00000000e+00,2.50000009e+07,9.00846663e-01,-3.71029686e+00,4.61114352e+00,1.00009801e-09
24,6.19249013e-01,1.96228171e-08,95,23,0,69,corr_ratio_high,8.08122353e-01,5.00000000e-01,2.50000009e+07,9.00846663e-01,-3.71029686e+00,4.61114352e+00,1.00009801e-09
24,6.19249013e-01,1.96228171e-08,95,23,1,70,normal_corr_dominates,1.04993083e+00,1.00000000e+00,2.49999924e+07,-7.60585192e+00,-3.71029686e+00,-3.89555507e+00,1.00011343e-09
24,6.19249013e-01,1.96228171e-08,95,23,1,70,corr_ratio_high,5.16011198e-01,5.00000000e-01,2.49999924e+07,-7.60585192e+00,-3.71029686e+00,-3.89555507e+00,1.00011343e-09
24,6.19249013e-01,1.96228171e-08,95,24,0,72,normal_corr_dominates,1.82242056e+00,1.00000000e+00,2.50000026e+07,2.61886801e+00,-3.18434159e+00,5.80320960e+00,1.00007845e-09
24,6.19249013e-01,1.96228171e-08,95,24,0,72,corr_ratio_high,6.21250632e-01,5.00000000e-01,2.50000026e+07,2.61886801e+00,-3.18434159e+00,5.80320960e+00,1.00007845e-09
24,6.19249013e-01,1.96228171e-08,95,24,2,74,normal_corr_dominates,1.19495076e+00,1.00000000e+00,2.49999930e+07,-6.98947299e+00,-3.18434159e+00,-3.80513140e+00,1.00009547e-09
24,6.19249013e-01,1.96228171e-08,95,26,0,78,normal_corr_dominates,1.23902796e+00,1.00000000e+00,2.50000001e+07,1.39696618e-01,-5.84436312e-01,7.24132930e-01,1.00006992e-09
24,6.19249013e-01,1.96228171e-08,95,27,2,83,normal_corr_dominates,1.43985726e+00,1.00000000e+00,2.49999822e+07,-1.77747493e+01,-7.28515950e+00,-1.04895898e+01,1.00011150e-09
24,6.19249013e-01,1.96228171e-08,95,28,0,84,normal_corr_dominates,1.30025509e+00,1.00000000e+00,2.49999956e+07,-4.39443262e+00,-1.91041100e+00,-2.48402162e+00,1.00010789e-09
24,6.19249013e-01,1.96228171e-08,95,28,1,85,normal_corr_dominates,1.58408921e+00,1.00000000e+00,2.50000011e+07,1.11585046e+00,-1.91041100e+00,3.02626146e+00,1.00008952e-09
24,6.19249013e-01,1.96228171e-08,95,29,0,87,normal_corr_dominates,8.02006885e+00,1.00000000e+00,2.49999980e+07,-2.04763671e+00,-2.27008989e-01,-1.82062772e+00,1.00010238e-09
24,6.19249013e-01,1.96228171e-08,95,29,1,88,normal_corr_dominates,2.19273971e+00,1.00000000e+00,2.50000003e+07,2.70762637e-01,-2.27008989e-01,4.97771626e-01,1.00009140e-09
24,6.19249013e-01,1.96228171e-08,95,29,2,89,normal_corr_dominates,8.68300902e+00,1.00000000e+00,2.50000017e+07,1.74411211e+00,-2.27008989e-01,1.97112110e+00,1.00008623e-09
24,6.19249013e-01,1.96228171e-08,95,30,0,90,normal_corr_dominates,1.51592325e+01,1.00000000e+00,2.49999942e+07,-5.84940467e+00,-3.61985302e-01,-5.48741936e+00,1.00008558e-09
24,6.19249013e-01,1.96228171e-08,95,30,2,92,normal_corr_dominates,6.15987726e+00,1.00000000e+00,2.50000019e+07,1.86779973e+00,-3.61985302e-01,2.22978503e+00,1.00008311e-09
24,6.19249013e-01,1.96228171e-08,95,32,1,97,normal_corr_dominates,2.91565626e+00,1.00000000e+00,2.49999911e+07,-8.92747911e+00,-2.27994454e+00,-6.64753457e+00,1.00008278e-09
24,6.19249013e-01,1.96228171e-08,95,32,2,98,normal_corr_dominates,1.75545824e+00,1.00000000e+00,2.50000017e+07,1.72240288e+00,-2.27994454e+00,4.00234743e+00,1.00008659e-09
24,6.19249013e-01,1.96228171e-08,95,35,1,106,normal_corr_dominates,7.43288669e+00,1.00000000e+00,2.49999870e+07,-1.30340068e+01,-1.54561626e+00,-1.14883905e+01,1.00011526e-09
24,6.19249013e-01,1.96228171e-08,95,35,2,107,normal_corr_dominates,2.44617266e+00,1.00000000e+00,2.50000022e+07,2.23522798e+00,-1.54561626e+00,3.78084424e+00,1.00008319e-09
24,6.19249013e-01,1.96228171e-08,95,13,0,39,normal_corr_dominates,3.40479217e+01,1.00000000e+00,2.50000027e+07,2.68857653e+00,7.67114395e-02,2.61186509e+00,1.00009633e-09
24,6.19249013e-01,1.96228171e-08,95,13,1,40,normal_corr_dominates,1.07737390e+02,1.00000000e+00,2.49999918e+07,-8.18797881e+00,7.67114395e-02,-8.26469025e+00,1.00012249e-09
24,6.19249013e-01,1.96228171e-08,95,13,2,41,normal_corr_dominates,4.46444644e+01,1.00000000e+00,2.50000035e+07,3.50145257e+00,7.67114395e-02,3.42474113e+00,1.00008044e-09
24,6.19249013e-01,1.96228171e-08,95,25,0,75,normal_corr_dominates,8.78446628e+00,1.00000000e+00,2.50000029e+07,2.89564669e+00,-3.71977549e-01,3.26762423e+00,1.00010330e-09
24,6.19249013e-01,1.96228171e-08,95,25,1,76,normal_corr_dominates,6.56203491e+00,1.00000000e+00,2.50000021e+07,2.06895211e+00,-3.71977549e-01,2.44092966e+00,1.00008880e-09
24,6.19249013e-01,1.96228171e-08,95,25,2,77,normal_corr_dominates,2.08430271e+01,1.00000000e+00,2.49999919e+07,-8.12511569e+00,-3.71977549e-01,-7.75313814e+00,1.00007954e-09
25,6.45768674e-01,2.04631745e-08,95,0,0,0,normal_corr_dominates,4.95068594e+00,1.00000000e+00,2.50000248e+07,2.47613389e+01,-6.26760498e+00,3.10289439e+01,1.00008693e-09
25,6.45768674e-01,2.04631745e-08,95,0,0,0,corr_ratio_high,7.25015429e-01,5.00000000e-01,2.50000248e+07,2.47613389e+01,-6.26760498e+00,3.10289439e+01,1.00008693e-09
25,6.45768674e-01,2.04631745e-08,95,0,1,1,normal_corr_dominates,2.15310534e+00,1.00000000e+00,2.49999802e+07,-1.97624187e+01,-6.26760498e+00,-1.34948138e+01,1.00017877e-09
25,6.45768674e-01,2.04631745e-08,95,0,2,2,corr_ratio_high,7.51895302e-01,5.00000000e-01,2.49999974e+07,-2.57348439e+00,-6.26760498e+00,3.69412059e+00,1.00011043e-09
25,6.45768674e-01,2.04631745e-08,95,1,0,3,normal_corr_dominates,6.37117429e+00,1.00000000e+00,2.49999869e+07,-1.30661120e+01,-1.77259572e+00,-1.12935163e+01,1.00009380e-09
25,6.45768674e-01,2.04631745e-08,95,1,1,4,normal_corr_dominates,8.91902708e+00,1.00000000e+00,2.50000140e+07,1.40372335e+01,-1.77259572e+00,1.58098293e+01,1.00014953e-09
25,6.45768674e-01,2.04631745e-08,95,1,2,5,normal_corr_dominates,8.88363879e+00,1.00000000e+00,2.49999825e+07,-1.75196959e+01,-1.77259572e+00,-1.57471001e+01,1.00009873e-09
25,6.45768674e-01,2.04631745e-08,95,1,2,5,corr_ratio_high,5.47699001e-01,5.00000000e-01,2.49999825e+07,-1.75196959e+01,-1.77259572e+00,-1.57471001e+01,1.00009873e-09
25,6.45768674e-01,2.04631745e-08,95,2,0,6,normal_corr_dominates,4.01957825e+01,1.00000000e+00,2.49999870e+07,-1.30106271e+01,-3.15824250e-01,-1.26948029e+01,1.00010988e-09
25,6.45768674e-01,2.04631745e-08,95,2,1,7,normal_corr_dominates,5.07428748e+01,1.00000000e+00,2.49999837e+07,-1.63416546e+01,-3.15824250e-01,-1.60258304e+01,1.00011561e-09
25,6.45768674e-01,2.04631745e-08,95,2,2,8,normal_corr_dominates,3.73897355e+01,1.00000000e+00,2.50000115e+07,1.14927609e+01,-3.15824250e-01,1.18085852e+01,1.00008399e-09
25,6.45768674e-01,2.04631745e-08,95,3,0,9,normal_corr_dominates,8.33077034e+00,1.00000000e+00,2.49999888e+07,-1.11763738e+01,-1.19779755e+00,-9.97857626e+00,1.00012567e-09
25,6.45768674e-01,2.04631745e-08,95,3,1,10,normal_corr_dominates,6.66362969e+00,1.00000000e+00,2.50000068e+07,6.78388174e+00,-1.19779755e+00,7.98167929e+00,1.00007777e-09
25,6.45768674e-01,2.04631745e-08,95,3,1,10,corr_ratio_high,5.92990560e-01,5.00000000e-01,2.50000068e+07,6.78388174e+00,-1.19779755e+00,7.98167929e+00,1.00007777e-09
25,6.45768674e-01,2.04631745e-08,95,3,2,11,normal_corr_dominates,2.13913494e+00,1.00000000e+00,2.50000014e+07,1.36445303e+00,-1.19779755e+00,2.56225058e+00,1.00010133e-09
25,6.45768674e-01,2.04631745e-08,95,3,2,11,corr_ratio_high,6.14237703e-01,5.00000000e-01,2.50000014e+07,1.36445303e+00,-1.19779755e+00,2.56225058e+00,1.00010133e-09
25,6.45768674e-01,2.04631745e-08,95,4,1,13,normal_corr_dominates,2.09682529e+00,1.00000000e+00,2.50000065e+07,6.49204854e+00,-5.91894498e+00,1.24109935e+01,1.00009222e-09
25,6.45768674e-01,2.04631745e-08,95,4,1,13,corr_ratio_high,5.05932185e-01,5.00000000e-01,2.50000065e+07,6.49204854e+00,-5.91894498e+00,1.24109935e+01,1.00009222e-09
25,6.45768674e-01,2.04631745e-08,95,5,0,15,normal_corr_dominates,8.02836527e+00,1.00000000e+00,2.49999880e+07,-1.19593379e+01,-1.32464046e+00,-1.06346975e+01,1.00017528e-09
25,6.45768674e-01,2.04631745e-08,95,5,1,16,normal_corr_dominates,4.56840814e+00,1.00000000e+00,2.50000047e+07,4.72685781e+00,-1.32464046e+00,6.05149827e+00,1.00010319e-09
25,6.45768674e-01,2.04631745e-08,95,5,1,16,corr_ratio_high,6.67760007e-01,5.00000000e-01,2.50000047e+07,4.72685781e+00,-1.32464046e+00,6.05149827e+00,1.00010319e-09
25,6.45768674e-01,2.04631745e-08,95,5,2,17,normal_corr_dominates,8.05983600e+00,1.00000000e+00,2.49999880e+07,-1.20010253e+01,-1.32464046e+00,-1.06763849e+01,1.00014164e-09
25,6.45768674e-01,2.04631745e-08,95,7,0,21,normal_corr_dominates,8.01543673e+00,1.00000000e+00,2.49999979e+07,-2.07431956e+00,-2.30085310e-01,-1.84423425e+00,1.00006940e-09
25,6.45768674e-01,2.04631745e-08,95,7,1,22,normal_corr_dominates,1.94066046e+01,1.00000000e+00,2.49999953e+07,-4.69525994e+00,-2.30085310e-01,-4.46517463e+00,1.00008819e-09
25,6.45768674e-01,2.04631745e-08,95,7,2,23,normal_corr_dominates,5.28123927e+00,1.00000000e+00,2.50000010e+07,9.85050265e-01,-2.30085310e-01,1.21513558e+00,1.00009203e-09
25,6.45768674e-01,2.04631745e-08,95,8,0,24,normal_corr_dominates,4.52996598e+00,1.00000000e+00,2.50000152e+07,1.52190525e+01,-4.31138786e+00,1.95304403e+01,1.00015358e-09
25,6.45768674e-01,2.04631745e-08,95,8,1,25,normal_corr_dominates,3.15905215e+00,1.00000000e+00,2.50000093e+07,9.30851122e+00,-4.31138786e+00,1.36198991e+01,1.00010211e-09
25,6.45768674e-01,2.04631745e-08,95,8,2,26,normal_corr_dominates,4.01583370e+00,1.00000000e+00,2.49999784e+07,-2.16252045e+01,-4.31138786e+00,-1.73138166e+01,1.00010057e-09
25,6.45768674e-01,2.04631745e-08,95,8,2,26,corr_ratio_high,5.80736130e-01,5.00000000e-01,2.49999784e+07,-2.16252045e+01,-4.31138786e+00,-1.73138166e+01,1.00010057e-09
25,6.45768674e-01,2.04631745e-08,95,9,0,27,normal_corr_dominates,5.36826021e+00,1.00000000e+00,2.50000153e+07,1.53129963e+01,-3.50551377e+00,1.88185101e+01,1.00009259e-09
25,6.45768674e-01,2.04631745e-08,95,9,0,27,corr_ratio_high,6.45741983e-01,5.00000000e-01,2.50000153e+07,1.53129963e+01,-3.50551377e+00,1.88185101e+01,1.00009259e-09
25,6.45768674e-01,2.04631745e-08,95,9,1,28,normal_corr_dominates,1.41006011e+00,1.00000000e+00,2.50000014e+07,1.43747135e+00,-3.50551377e+00,4.94298513e+00,1.00008270e-09
25,6.45768674e-01,2.04631745e-08,95,9,1,28,corr_ratio_high,6.17396317e-01,5.00000000e-01,2.50000014e+07,1.43747135e+00,-3.50551377e+00,4.94298513e+00,1.00008270e-09
25,6.45768674e-01,2.04631745e-08,95,9,2,29,normal_corr_dominates,6.49805129e+00,1.00000000e+00,2.49999737e+07,-2.62845221e+01,-3.50551377e+00,-2.27790083e+01,1.00019364e-09
25,6.45768674e-01,2.04631745e-08,95,9,2,29,corr_ratio_high,7.37733880e-01,5.00000000e-01,2.49999737e+07,-2.62845221e+01,-3.50551377e+00,-2.27790083e+01,1.00019364e-09
25,6.45768674e-01,2.04631745e-08,95,10,0,30,normal_corr_dominates,1.46425250e+00,1.00000000e+00,2.50000009e+07,9.41581098e-01,-2.02816594e+00,2.96974704e+00,1.00007925e-09
25,6.45768674e-01,2.04631745e-08,95,12,0,36,normal_corr_dominates,1.38381337e+00,1.00000000e+00,2.49999909e+07,-9.13000046e+00,-3.82999801e+00,-5.30000245e+00,1.00011869e-09
25,6.45768674e-01,2.04631745e-08,95,12,1,37,normal_corr_dominates,2.13889749e+00,1.00000000e+00,2.50000044e+07,4.36197513e+00,-3.82999801e+00,8.19197313e+00,1.00005721e-09
25,6.45768674e-01,2.04631745e-08,95,12,1,37,corr_ratio_high,9.69294519e-01,5.00000000e-01,2.50000044e+07,4.36197513e+00,-3.82999801e+00,8.19197313e+00,1.00005721e-09
25,6.45768674e-01,2.04631745e-08,95,12,2,38,normal_corr_dominates,2.55740612e+00,1.00000000e+00,2.49999864e+07,-1.36248583e+01,-3.82999801e+00,-9.79486033e+00,1.00016213e-09
25,6.45768674e-01,2.04631745e-08,95,12,2,38,corr_ratio_high,5.50739094e-01,5.00000000e-01,2.49999864e+07,-1.36248583e+01,-3.82999801e+00,-9.79486033e+00,1.00016213e-09
25,6.45768674e-01,2.04631745e-08,95,14,0,42,normal_corr_dominates,3.14695208e+01,1.00000000e+00,2.49999953e+07,-4.71175094e+00,1.54638170e-01,-4.86638911e+00,1.00011025e-09
25,6.45768674e-01,2.04631745e-08,95,14,1,43,normal_corr_dominates,7.50236517e+00,1.00000000e+00,2.49999990e+07,-1.00551385e+00,1.54638170e-01,-1.16015202e+00,1.00009132e-09
25,6.45768674e-01,2.04631745e-08,95,14,2,44,normal_corr_dominates,9.23080190e+00,1.00000000e+00,2.50000016e+07,1.58207249e+00,1.54638170e-01,1.42743432e+00,1.00009056e-09
25,6.45768674e-01,2.04631745e-08,95,15,1,46,normal_corr_dominates,5.16572721e+00,1.00000000e+00,2.49999849e+07,-1.50739859e+01,-2.44480259e+00,-1.26291833e+01,1.00012068e-09
25,6.45768674e-01,2.04631745e-08,95,15,2,47,normal_corr_dominates,2.40608630e+00,1.00000000e+00,2.50000034e+07,3.43760344e+00,-2.44480259e+00,5.88240603e+00,1.00008398e-09
25,6.45768674e-01,2.04631745e-08,95,18,0,54,normal_corr_dominates,1.14391747e+00,1.00000000e+00,2.49999960e+07,-4.04765707e+00,-1.88797243e+00,-2.15968464e+00,1.00008525e-09
25,6.45768674e-01,2.04631745e-08,95,18,2,56,normal_corr_dominates,1.06599955e+00,1.00000000e+00,2.49999961e+07,-3.90055019e+00,-1.88797243e+00,-2.01257776e+00,1.00010181e-09
25,6.45768674e-01,2.04631745e-08,95,21,0,63,normal_corr_dominates,1.43853468e+00,1.00000000e+00,2.50000030e+07,2.95903157e+00,-6.74754293e+00,9.70657450e+00,1.00007490e-09
25,6.45768674e-01,2.04631745e-08,95,21,0,63,corr_ratio_high,7.66446196e-01,5.00000000e-01,2.50000030e+07,2.95903157e+00,-6.74754293e+00,9.70657450e+00,1.00007490e-09
25,6.45768674e-01,2.04631745e-08,95,22,0,66,normal_corr_dominates,2.65463672e+00,1.00000000e+00,2.50000074e+07,7.43116463e+00,-4.49111551e+00,1.19222801e+01,1.00010534e-09
25,6.45768674e-01,2.04631745e-08,95,22,2,68,normal_corr_dominates,1.28396953e+00,1.00000000e+00,2.49999897e+07,-1.02575710e+01,-4.49111551e+00,-5.76645545e+00,1.00010327e-09
25,6.45768674e-01,2.04631745e-08,95,23,0,69,normal_corr_dominates,1.24689685e+00,1.00000000e+00,2.50000010e+07,9.51075216e-01,-3.85211560e+00,4.80319081e+00,1.00010191e-09
25,6.45768674e-01,2.04631745e-08,95,23,0,69,corr_ratio_high,8.08281839e-01,5.00000000e-01,2.50000010e+07,9.51075216e-01,-3.85211560e+00,4.80319081e+00,1.00010191e-09
25,6.45768674e-01,2.04631745e-08,95,23,1,70,normal_corr_dominates,1.05508574e+00,1.00000000e+00,2.49999921e+07,-7.91642783e+00,-3.85211560e+00,-4.06431224e+00,1.00011801e-09
25,6.45768674e-01,2.04631745e-08,95,23,1,70,corr_ratio_high,5.15907198e-01,5.00000000e-01,2.49999921e+07,-7.91642783e+00,-3.85211560e+00,-4.06431224e+00,1.00011801e-09
25,6.45768674e-01,2.04631745e-08,95,24,0,72,normal_corr_dominates,1.82528733e+00,1.00000000e+00,2.50000027e+07,2.73151249e+00,-3.30977152e+00,6.04128401e+00,1.00008159e-09
25,6.45768674e-01,2.04631745e-08,95,24,0,72,corr_ratio_high,6.21285426e-01,5.00000000e-01,2.50000027e+07,2.73151249e+00,-3.30977152e+00,6.04128401e+00,1.00008159e-09
25,6.45768674e-01,2.04631745e-08,95,24,2,74,normal_corr_dominates,1.19585766e+00,1.00000000e+00,2.49999927e+07,-7.26778716e+00,-3.30977152e+00,-3.95801564e+00,1.00009930e-09
25,6.45768674e-01,2.04631745e-08,95,26,0,78,normal_corr_dominates,1.24043974e+00,1.00000000e+00,2.50000001e+07,1.45720867e-01,-6.06059834e-01,7.51780701e-01,1.00007273e-09
25,6.45768674e-01,2.04631745e-08,95,27,2,83,normal_corr_dominates,1.44061694e+00,1.00000000e+00,2.49999815e+07,-1.84874507e+01,-7.57490879e+00,-1.09125419e+01,1.00011598e-09
25,6.45768674e-01,2.04631745e-08,95,28,0,84,normal_corr_dominates,1.30071289e+00,1.00000000e+00,2.49999954e+07,-4.56662607e+00,-1.98487437e+00,-2.58175169e+00,1.00011221e-09
25,6.45768674e-01,2.04631745e-08,95,28,1,85,normal_corr_dominates,1.58711728e+00,1.00000000e+00,2.50000012e+07,1.16535405e+00,-1.98487437e+00,3.15022842e+00,1.00009311e-09
25,6.45768674e-01,2.04631745e-08,95,29,0,87,normal_corr_dominates,8.11481596e+00,1.00000000e+00,2.49999979e+07,-2.12882844e+00,-2.33556931e-01,-1.89527151e+00,1.00010648e-09
25,6.45768674e-01,2.04631745e-08,95,29,1,88,normal_corr_dominates,2.21837931e+00,1.00000000e+00,2.50000003e+07,2.84560931e-01,-2.33556931e-01,5.18117862e-01,1.00009507e-09
25,6.45768674e-01,2.04631745e-08,95,29,2,89,normal_corr_dominates,8.77903805e+00,1.00000000e+00,2.50000018e+07,1.81684825e+00,-2.33556931e-01,2.05040518e+00,1.00008969e-09
25,6.45768674e-01,2.04631745e-08,95,30,0,90,normal_corr_dominates,1.52748923e+01,1.00000000e+00,2.49999939e+07,-6.08292568e+00,-3.73761349e-01,-5.70916433e+00,1.00008901e-09
25,6.45768674e-01,2.04631745e-08,95,30,2,92,normal_corr_dominates,6.20673237e+00,1.00000000e+00,2.50000019e+07,1.94607531e+00,-3.73761349e-01,2.31983666e+00,1.00008644e-09
25,6.45768674e-01,2.04631745e-08,95,32,1,97,normal_corr_dominates,2.92023348e+00,1.00000000e+00,2.49999907e+07,-9.28511006e+00,-2.36850945e+00,-6.91660060e+00,1.00008610e-09
25,6.45768674e-01,2.04631745e-08,95,32,2,98,normal_corr_dominates,1.75857132e+00,1.00000000e+00,2.50000018e+07,1.79668333e+00,-2.36850945e+00,4.16519278e+00,1.00009007e-09
25,6.45768674e-01,2.04631745e-08,95,35,1,106,normal_corr_dominates,7.44458491e+00,1.00000000e+00,2.49999864e+07,-1.35593911e+01,-1.60569066e+00,-1.19537004e+01,1.00011988e-09
25,6.45768674e-01,2.04631745e-08,95,35,2,107,normal_corr_dominates,2.45010413e+00,1.00000000e+00,2.50000023e+07,2.32841866e+00,-1.60569066e+00,3.93410932e+00,1.00008654e-09
25,6.45768674e-01,2.04631745e-08,95,13,0,39,normal_corr_dominates,3.30107424e+01,1.00000000e+00,2.50000028e+07,2.79675820e+00,8.22316130e-02,2.71452659e+00,1.00010019e-09
25,6.45768674e-01,2.04631745e-08,95,13,1,40,normal_corr_dominates,1.04521956e+02,1.00000000e+00,2.49999915e+07,-8.51277743e+00,8.22316130e-02,-8.59500905e+00,1.00012740e-09
25,6.45768674e-01,2.04631745e-08,95,13,2,41,normal_corr_dominates,4.33606493e+01,1.00000000e+00,2.50000036e+07,3.64784775e+00,8.22316130e-02,3.56561614e+00,1.00008367e-09
25,6.45768674e-01,2.04631745e-08,95,25,0,75,normal_corr_dominates,8.84393536e+00,1.00000000e+00,2.50000030e+07,3.01340661e+00,-3.84170250e-01,3.39757686e+00,1.00010744e-09
25,6.45768674e-01,2.04631745e-08,95,25,1,76,normal_corr_dominates,6.61666941e+00,1.00000000e+00,2.50000022e+07,2.15775729e+00,-3.84170250e-01,2.54192754e+00,1.00009236e-09
25,6.45768674e-01,2.04631745e-08,95,25,2,77,normal_corr_dominates,2.10017609e+01,1.00000000e+00,2.49999915e+07,-8.45242198e+00,-3.84170250e-01,-8.06825173e+00,1.00008274e-09
26,6.70721878e-01,2.12538938e-08,95,0,0,0,normal_corr_dominates,4.95407131e+00,1.00000000e+00,2.50000257e+07,2.56572079e+01,-6.48880758e+00,3.21460155e+01,1.00009010e-09
26,6.70721878e-01,2.12538938e-08,95,0,0,0,corr_ratio_high,7.24955742e-01,5.00000000e-01,2.50000257e+07,2.56572079e+01,-6.48880758e+00,3.21460155e+01,1.00009010e-09
26,6.70721878e-01,2.12538938e-08,95,0,1,1,normal_corr_dominates,2.15525909e+00,1.00000000e+00,2.49999795e+07,-2.04738691e+01,-6.48880758e+00,-1.39850615e+01,1.00018520e-09
26,6.70721878e-01,2.12538938e-08,95,0,2,2,corr_ratio_high,7.51927349e-01,5.00000000e-01,2.49999973e+07,-2.65015157e+00,-6.48880758e+00,3.83865602e+00,1.00011441e-09
26,6.70721878e-01,2.12538938e-08,95,1,0,3,normal_corr_dominates,6.38325937e+00,1.00000000e+00,2.49999865e+07,-1.35389191e+01,-1.83373201e+00,-1.17051871e+01,1.00009721e-09
26,6.70721878e-01,2.12538938e-08,95,1,1,4,normal_corr_dominates,8.93913932e+00,1.00000000e+00,2.50000146e+07,1.45582539e+01,-1.83373201e+00,1.63919859e+01,1.00015491e-09
26,6.70721878e-01,2.12538938e-08,95,1,2,5,normal_corr_dominates,8.90262526e+00,1.00000000e+00,2.49999818e+07,-1.81587610e+01,-1.83373201e+00,-1.63250289e+01,1.00010230e-09
26,6.70721878e-01,2.12538938e-08,95,1,2,5,corr_ratio_high,5.47715209e-01,5.00000000e-01,2.49999818e+07,-1.81587610e+01,-1.83373201e+00,-1.63250289e+01,1.00010230e-09
26,6.70721878e-01,2.12538938e-08,95,2,0,6,normal_corr_dominates,4.04063509e+01,1.00000000e+00,2.49999865e+07,-1.34817130e+01,-3.25595294e-01,-1.31561177e+01,1.00011386e-09
26,6.70721878e-01,2.12538938e-08,95,2,1,7,normal_corr_dominates,5.10170985e+01,1.00000000e+00,2.49999831e+07,-1.69365225e+01,-3.25595294e-01,-1.66109272e+01,1.00011979e-09
26,6.70721878e-01,2.12538938e-08,95,2,2,8,normal_corr_dominates,3.75856862e+01,1.00000000e+00,2.50000119e+07,1.19121272e+01,-3.25595294e-01,1.22377225e+01,1.00008704e-09
26,6.70721878e-01,2.12538938e-08,95,3,0,9,normal_corr_dominates,8.35155204e+00,1.00000000e+00,2.49999884e+07,-1.15762985e+01,-1.23790130e+00,-1.03383972e+01,1.00013021e-09
26,6.70721878e-01,2.12538938e-08,95,3,1,10,normal_corr_dominates,6.68561464e+00,1.00000000e+00,2.50000070e+07,7.03822978e+00,-1.23790130e+00,8.27613108e+00,1.00008059e-09
26,6.70721878e-01,2.12538938e-08,95,3,1,10,corr_ratio_high,5.92898650e-01,5.00000000e-01,2.50000070e+07,7.03822978e+00,-1.23790130e+00,8.27613108e+00,1.00008059e-09
26,6.70721878e-01,2.12538938e-08,95,3,2,11,normal_corr_dominates,2.14209165e+00,1.00000000e+00,2.50000014e+07,1.41379674e+00,-1.23790130e+00,2.65169804e+00,1.00010500e-09
26,6.70721878e-01,2.12538938e-08,95,3,2,11,corr_ratio_high,6.14234682e-01,5.00000000e-01,2.50000014e+07,1.41379674e+00,-1.23790130e+00,2.65169804e+00,1.00010500e-09
26,6.70721878e-01,2.12538938e-08,95,4,1,13,normal_corr_dominates,2.09777273e+00,1.00000000e+00,2.50000067e+07,6.72597274e+00,-6.12692644e+00,1.28528992e+01,1.00009558e-09
26,6.70721878e-01,2.12538938e-08,95,4,1,13,corr_ratio_high,5.05611483e-01,5.00000000e-01,2.50000067e+07,6.72597274e+00,-6.12692644e+00,1.28528992e+01,1.00009558e-09
26,6.70721878e-01,2.12538938e-08,95,5,0,15,normal_corr_dominates,8.05705017e+00,1.00000000e+00,2.49999876e+07,-1.23908454e+01,-1.36808841e+00,-1.10227570e+01,1.00018160e-09
26,6.70721878e-01,2.12538938e-08,95,5,1,16,normal_corr_dominates,4.58859980e+00,1.00000000e+00,2.50000049e+07,4.90952180e+00,-1.36808841e+00,6.27761021e+00,1.00010692e-09
26,6.70721878e-01,2.12538938e-08,95,5,1,16,corr_ratio_high,6.67719963e-01,5.00000000e-01,2.50000049e+07,4.90952180e+00,-1.36808841e+00,6.27761021e+00,1.00010692e-09
26,6.70721878e-01,2.12538938e-08,95,5,2,17,normal_corr_dominates,8.08757971e+00,1.00000000e+00,2.49999876e+07,-1.24326125e+01,-1.36808841e+00,-1.10645241e+01,1.00014674e-09
26,6.70721878e-01,2.12538938e-08,95,7,0,21,normal_corr_dominates,8.07476298e+00,1.00000000e+00,2.49999979e+07,-2.14455527e+00,-2.36320802e-01,-1.90823447e+00,1.00007192e-09
26,6.70721878e-01,2.12538938e-08,95,7,1,22,normal_corr_dominates,1.95867980e+01,1.00000000e+00,2.49999951e+07,-4.86508861e+00,-2.36320802e-01,-4.62876781e+00,1.00009138e-09
26,6.70721878e-01,2.12538938e-08,95,7,2,23,normal_corr_dominates,5.33234779e+00,1.00000000e+00,2.50000010e+07,1.02382391e+00,-2.36320802e-01,1.26014471e+00,1.00009536e-09
26,6.70721878e-01,2.12538938e-08,95,8,0,24,normal_corr_dominates,4.53679914e+00,1.00000000e+00,2.50000158e+07,1.57851042e+01,-4.46310451e+00,2.02482087e+01,1.00015912e-09
26,6.70721878e-01,2.12538938e-08,95,8,1,25,normal_corr_dominates,3.16180438e+00,1.00000000e+00,2.50000096e+07,9.64835889e+00,-4.46310451e+00,1.41114634e+01,1.00010580e-09
26,6.70721878e-01,2.12538938e-08,95,8,2,26,normal_corr_dominates,4.02171212e+00,1.00000000e+00,2.49999776e+07,-2.24124260e+01,-4.46310451e+00,-1.79493215e+01,1.00010422e-09
26,6.70721878e-01,2.12538938e-08,95,8,2,26,corr_ratio_high,5.80641736e-01,5.00000000e-01,2.49999776e+07,-2.24124260e+01,-4.46310451e+00,-1.79493215e+01,1.00010422e-09
26,6.70721878e-01,2.12538938e-08,95,9,0,27,normal_corr_dominates,5.37491059e+00,1.00000000e+00,2.50000159e+07,1.58725811e+01,-3.62809268e+00,1.95006738e+01,1.00009594e-09
26,6.70721878e-01,2.12538938e-08,95,9,0,27,corr_ratio_high,6.45763595e-01,5.00000000e-01,2.50000159e+07,1.58725811e+01,-3.62809268e+00,1.95006738e+01,1.00009594e-09
26,6.70721878e-01,2.12538938e-08,95,9,1,28,normal_corr_dominates,1.41116787e+00,1.00000000e+00,2.50000015e+07,1.49175515e+00,-3.62809268e+00,5.11984783e+00,1.00008571e-09
26,6.70721878e-01,2.12538938e-08,95,9,1,28,corr_ratio_high,6.17250817e-01,5.00000000e-01,2.50000015e+07,1.49175515e+00,-3.62809268e+00,5.11984783e+00,1.00008571e-09
26,6.70721878e-01,2.12538938e-08,95,9,2,29,normal_corr_dominates,6.50483728e+00,1.00000000e+00,2.49999728e+07,-2.72282452e+01,-3.62809268e+00,-2.36001525e+01,1.00020061e-09
26,6.70721878e-01,2.12538938e-08,95,9,2,29,corr_ratio_high,7.37787506e-01,5.00000000e-01,2.49999728e+07,-2.72282452e+01,-3.62809268e+00,-2.36001525e+01,1.00020061e-09
26,6.70721878e-01,2.12538938e-08,95,10,0,30,normal_corr_dominates,1.46533655e+00,1.00000000e+00,2.50000010e+07,9.76718691e-01,-2.09895117e+00,3.07566987e+00,1.00008212e-09
26,6.70721878e-01,2.12538938e-08,95,12,0,36,normal_corr_dominates,1.38493020e+00,1.00000000e+00,2.49999905e+07,-9.45555004e+00,-3.96470725e+00,-5.49084279e+00,1.00012298e-09
26,6.70721878e-01,2.12538938e-08,95,12,1,37,normal_corr_dominates,2.13993578e+00,1.00000000e+00,2.50000045e+07,4.51951163e+00,-3.96470725e+00,8.48421888e+00,1.00005931e-09
26,6.70721878e-01,2.12538938e-08,95,12,1,37,corr_ratio_high,9.69102027e-01,5.00000000e-01,2.50000045e+07,4.51951163e+00,-3.96470725e+00,8.48421888e+00,1.00005931e-09
26,6.70721878e-01,2.12538938e-08,95,12,2,38,normal_corr_dominates,2.55890738e+00,1.00000000e+00,2.49999859e+07,-1.41100259e+01,-3.96470725e+00,-1.01453186e+01,1.00016796e-09
26,6.70721878e-01,2.12538938e-08,95,12,2,38,corr_ratio_high,5.50775405e-01,5.00000000e-01,2.49999859e+07,-1.41100259e+01,-3.96470725e+00,-1.01453186e+01,1.00016796e-09
26,6.70721878e-01,2.12538938e-08,95,14,0,42,normal_corr_dominates,3.10420031e+01,1.00000000e+00,2.49999951e+07,-4.88181601e+00,1.62499684e-01,-5.04431569e+00,1.00011424e-09
26,6.70721878e-01,2.12538938e-08,95,14,1,43,normal_corr_dominates,7.39626389e+00,1.00000000e+00,2.49999990e+07,-1.03939086e+00,1.62499684e-01,-1.20189054e+00,1.00009462e-09
26,6.70721878e-01,2.12538938e-08,95,14,2,44,normal_corr_dominates,9.10556491e+00,1.00000000e+00,2.50000016e+07,1.64215110e+00,1.62499684e-01,1.47965142e+00,1.00009384e-09
26,6.70721878e-01,2.12538938e-08,95,15,1,46,normal_corr_dominates,5.16859806e+00,1.00000000e+00,2.49999844e+07,-1.56184873e+01,-2.53193467e+00,-1.30865526e+01,1.00012504e-09
26,6.70721878e-01,2.12538938e-08,95,15,2,47,normal_corr_dominates,2.40702289e+00,1.00000000e+00,2.50000036e+07,3.56249002e+00,-2.53193467e+00,6.09442469e+00,1.00008702e-09
26,6.70721878e-01,2.12538938e-08,95,18,0,54,normal_corr_dominates,1.14472982e+00,1.00000000e+00,2.49999958e+07,-4.19162564e+00,-1.95438400e+00,-2.23724164e+00,1.00008833e-09
26,6.70721878e-01,2.12538938e-08,95,18,2,56,normal_corr_dominates,1.06772680e+00,1.00000000e+00,2.49999960e+07,-4.04113216e+00,-1.95438400e+00,-2.08674816e+00,1.00010549e-09
26,6.70721878e-01,2.12538938e-08,95,21,0,63,normal_corr_dominates,1.43989229e+00,1.00000000e+00,2.50000031e+07,3.07458144e+00,-6.98939599e+00,1.00639774e+01,1.00007761e-09
26,6.70721878e-01,2.12538938e-08,95,21,0,63,corr_ratio_high,7.66427762e-01,5.00000000e-01,2.50000031e+07,3.07458144e+00,-6.98939599e+00,1.00639774e+01,1.00007761e-09
26,6.70721878e-01,2.12538938e-08,95,22,0,66,normal_corr_dominates,2.65647211e+00,1.00000000e+00,2.50000077e+07,7.70290128e+00,-4.65018471e+00,1.23530860e+01,1.00010914e-09
26,6.70721878e-01,2.12538938e-08,95,22,2,68,normal_corr_dominates,1.28538463e+00,1.00000000e+00,2.49999894e+07,-1.06274607e+01,-4.65018471e+00,-5.97727595e+00,1.00010701e-09
26,6.70721878e-01,2.12538938e-08,95,23,0,69,normal_corr_dominates,1.25062543e+00,1.00000000e+00,2.50000010e+07,9.98710517e-01,-3.98487299e+00,4.98358350e+00,1.00010556e-09
26,6.70721878e-01,2.12538938e-08,95,23,0,69,corr_ratio_high,8.08425784e-01,5.00000000e-01,2.50000010e+07,9.98710517e-01,-3.98487299e+00,4.98358350e+00,1.00010556e-09
26,6.70721878e-01,2.12538938e-08,95,23,1,70,normal_corr_dominates,1.05977101e+00,1.00000000e+00,2.49999918e+07,-8.20792586e+00,-3.98487299e+00,-4.22305288e+00,1.00012230e-09
26,6.70721878e-01,2.12538938e-08,95,23,1,70,corr_ratio_high,5.15812444e-01,5.00000000e-01,2.49999918e+07,-8.20792586e+00,-3.98487299e+00,-4.22305288e+00,1.00012230e-09
26,6.70721878e-01,2.12538938e-08,95,24,0,72,normal_corr_dominates,1.82787871e+00,1.00000000e+00,2.50000028e+07,2.83741548e+00,-3.42733234e+00,6.26474782e+00,1.00008454e-09
26,6.70721878e-01,2.12538938e-08,95,24,0,72,corr_ratio_high,6.21315969e-01,5.00000000e-01,2.50000028e+07,2.83741548e+00,-3.42733234e+00,6.26474782e+00,1.00008454e-09
26,6.70721878e-01,2.12538938e-08,95,24,2,74,normal_corr_dominates,1.19666138e+00,1.00000000e+00,2.49999925e+07,-7.52868858e+00,-3.42733234e+00,-4.10135624e+00,1.00010290e-09
26,6.70721878e-01,2.12538938e-08,95,26,0,78,normal_corr_dominates,1.24167349e+00,1.00000000e+00,2.50000002e+07,1.51357761e-01,-6.26290283e-01,7.77648044e-01,1.00007537e-09
26,6.70721878e-01,2.12538938e-08,95,27,2,83,normal_corr_dominates,1.44130121e+00,1.00000000e+00,2.49999808e+07,-1.91557777e+01,-7.84654416e+00,-1.13092336e+01,1.00012017e-09
26,6.70721878e-01,2.12538938e-08,95,28,0,84,normal_corr_dominates,1.30111538e+00,1.00000000e+00,2.49999953e+07,-4.72796726e+00,-2.05464155e+00,-2.67332571e+00,1.00011627e-09
26,6.70721878e-01,2.12538938e-08,95,28,1,85,normal_corr_dominates,1.58986299e+00,1.00000000e+00,2.50000012e+07,1.21195701e+00,-2.05464155e+00,3.26659856e+00,1.00009648e-09
26,6.70721878e-01,2.12538938e-08,95,29,0,87,normal_corr_dominates,8.20186354e+00,1.00000000e+00,2.49999978e+07,-2.20498683e+00,-2.39623944e-01,-1.96536289e+00,1.00011033e-09
26,6.70721878e-01,2.12538938e-08,95,29,1,88,normal_corr_dominates,2.24193424e+00,1.00000000e+00,2.50000003e+07,2.97597181e-01,-2.39623944e-01,5.37221125e-01,1.00009851e-09
26,6.70721878e-01,2.12538938e-08,95,29,2,89,normal_corr_dominates,8.86706246e+00,1.00000000e+00,2.50000019e+07,1.88513654e+00,-2.39623944e-01,2.12476048e+00,1.00009294e-09
26,6.70721878e-01,2.12538938e-08,95,30,0,90,normal_corr_dominates,1.53806155e+01,1.00000000e+00,2.49999937e+07,-6.30186668e+00,-3.84714889e-01,-5.91715179e+00,1.00009223e-09
26,6.70721878e-01,2.12538938e-08,95,30,2,92,normal_corr_dominates,6.24955036e+00,1.00000000e+00,2.50000020e+07,2.01958018e+00,-3.84714889e-01,2.40429507e+00,1.00008957e-09
26,6.70721878e-01,2.12538938e-08,95,32,1,97,normal_corr_dominates,2.92435741e+00,1.00000000e+00,2.49999904e+07,-9.62046335e+00,-2.45147481e+00,-7.16898854e+00,1.00008922e-09
26,6.70721878e-01,2.12538938e-08,95,32,2,98,normal_corr_dominates,1.76140798e+00,1.00000000e+00,2.50000019e+07,1.86657248e+00,-2.45147481e+00,4.31804730e+00,1.00009333e-09
26,6.70721878e-01,2.12538938e-08,95,35,1,106,normal_corr_dominates,7.45509997e+00,1.00000000e+00,2.49999859e+07,-1.40522215e+01,-1.66198171e+00,-1.23902398e+01,1.00012421e-09
26,6.70721878e-01,2.12538938e-08,95,35,2,107,normal_corr_dominates,2.45364471e+00,1.00000000e+00,2.50000024e+07,2.41593093e+00,-1.66198171e+00,4.07791264e+00,1.00008967e-09
26,6.70721878e-01,2.12538938e-08,95,13,0,39,normal_corr_dominates,3.21343858e+01,1.00000000e+00,2.50000029e+07,2.89815676e+00,8.74667414e-02,2.81069002e+00,1.00010382e-09
26,6.70721878e-01,2.12538938e-08,95,13,1,40,normal_corr_dominates,1.01806968e+02,1.00000000e+00,2.49999912e+07,-8.81725701e+00,8.74667414e-02,-8.90472376e+00,1.00013199e-09
26,6.70721878e-01,2.12538938e-08,95,13,2,41,normal_corr_dominates,4.22773876e+01,1.00000000e+00,2.50000038e+07,3.78533207e+00,8.74667414e-02,3.69786533e+00,1.00008669e-09
26,6.70721878e-01,2.12538938e-08,95,25,0,75,normal_corr_dominates,8.89792688e+00,1.00000000e+00,2.50000031e+07,3.12384035e+00,-3.95526623e-01,3.51936697e+00,1.00011132e-09
26,6.70721878e-01,2.12538938e-08,95,25,1,76,normal_corr_dominates,6.66645223e+00,1.00000000e+00,2.50000022e+07,2.24123271e+00,-3.95526623e-01,2.63675934e+00,1.00009570e-09
26,6.70721878e-01,2.12538938e-08,95,25,2,77,normal_corr_dominates,2.11462084e+01,1.00000000e+00,2.49999912e+07,-8.75941504e+00,-3.95526623e-01,-8.36388842e+00,1.00008574e-09
27,6.93628176e-01,2.19797506e-08,95,0,0,0,normal_corr_dominates,4.95705915e+00,1.00000000e+00,2.50000265e+07,2.64770436e+01,-6.69109118e+00,3.31681348e+01,1.00009300e-09
27,6.93628176e-01,2.19797506e-08,95,0,0,0,corr_ratio_high,7.24902447e-01,5.00000000e-01,2.50000265e+07,2.64770436e+01,-6.69109118e+00,3.31681348e+01,1.00009300e-09
27,6.93628176e-01,2.19797506e-08,95,0,1,1,normal_corr_dominates,2.15716507e+00,1.00000000e+00,2.49999789e+07,-2.11248793e+01,-6.69109118e+00,-1.44337882e+01,1.00019109e-09
27,6.93628176e-01,2.19797506e-08,95,0,2,2,corr_ratio_high,7.51954823e-01,5.00000000e-01,2.49999973e+07,-2.71978500e+00,-6.69109118e+00,3.97130619e+00,1.00011805e-09
27,6.93628176e-01,2.19797506e-08,95,1,0,3,normal_corr_dominates,6.39392078e+00,1.00000000e+00,2.49999860e+07,-1.39716187e+01,-1.88960892e+00,-1.20820098e+01,1.00010034e-09
27,6.93628176e-01,2.19797506e-08,95,1,1,4,normal_corr_dominates,8.95692353e+00,1.00000000e+00,2.50000150e+07,1.50354737e+01,-1.88960892e+00,1.69250826e+01,1.00015984e-09
27,6.93628176e-01,2.19797506e-08,95,1,2,5,normal_corr_dominates,8.91942258e+00,1.00000000e+00,2.49999813e+07,-1.87438294e+01,-1.88960892e+00,-1.68542205e+01,1.00010557e-09
27,6.93628176e-01,2.19797506e-08,95,1,2,5,corr_ratio_high,5.47728370e-01,5.00000000e-01,2.49999813e+07,-1.87438294e+01,-1.88960892e+00,-1.68542205e+01,1.00010557e-09
27,6.93628176e-01,2.19797506e-08,95,2,0,6,normal_corr_dominates,4.05922682e+01,1.00000000e+00,2.49999861e+07,-1.39128467e+01,-3.34505603e-01,-1.35783411e+01,1.00011750e-09
27,6.93628176e-01,2.19797506e-08,95,2,1,7,normal_corr_dominates,5.12595164e+01,1.00000000e+00,2.49999825e+07,-1.74811011e+01,-3.34505603e-01,-1.71465955e+01,1.00012361e-09
27,6.93628176e-01,2.19797506e-08,95,2,2,8,normal_corr_dominates,3.77587903e+01,1.00000000e+00,2.50000123e+07,1.22960213e+01,-3.34505603e-01,1.26305269e+01,1.00008982e-09
27,6.93628176e-01,2.19797506e-08,95,3,0,9,normal_corr_dominates,8.36997360e+00,1.00000000e+00,2.49999881e+07,-1.19421764e+01,-1.27451548e+00,-1.06676609e+01,1.00013436e-09
27,6.93628176e-01,2.19797506e-08,95,3,1,10,normal_corr_dominates,6.70513655e+00,1.00000000e+00,2.50000073e+07,7.27128486e+00,-1.27451548e+00,8.54580034e+00,1.00008317e-09
27,6.93628176e-01,2.19797506e-08,95,3,1,10,corr_ratio_high,5.92815314e-01,5.00000000e-01,2.50000073e+07,7.27128486e+00,-1.27451548e+00,8.54580034e+00,1.00008317e-09
27,6.93628176e-01,2.19797506e-08,95,3,2,11,normal_corr_dominates,2.14471962e+00,1.00000000e+00,2.50000015e+07,1.45896288e+00,-1.27451548e+00,2.73347836e+00,1.00010837e-09
27,6.93628176e-01,2.19797506e-08,95,3,2,11,corr_ratio_high,6.14231754e-01,5.00000000e-01,2.50000015e+07,1.45896288e+00,-1.27451548e+00,2.73347836e+00,1.00010837e-09
27,6.93628176e-01,2.19797506e-08,95,4,1,13,normal_corr_dominates,2.09860541e+00,1.00000000e+00,2.50000069e+07,6.93998424e+00,-6.31708544e+00,1.32570697e+01,1.00009866e-09
27,6.93628176e-01,2.19797506e-08,95,4,1,13,corr_ratio_high,5.05325283e-01,5.00000000e-01,2.50000069e+07,6.93998424e+00,-6.31708544e+00,1.32570697e+01,1.00009866e-09
27,6.93628176e-01,2.19797506e-08,95,5,0,15,normal_corr_dominates,8.08245182e+00,1.00000000e+00,2.49999872e+07,-1.27857507e+01,-1.40774220e+00,-1.13780085e+01,1.00018738e-09
27,6.93628176e-01,2.19797506e-08,95,5,1,16,normal_corr_dominates,4.60651502e+00,1.00000000e+00,2.50000051e+07,5.07704340e+00,-1.40774220e+00,6.48478561e+00,1.00011034e-09
27,6.93628176e-01,2.19797506e-08,95,5,1,16,corr_ratio_high,6.67682800e-01,5.00000000e-01,2.50000051e+07,5.07704340e+00,-1.40774220e+00,6.48478561e+00,1.00011034e-09
27,6.93628176e-01,2.19797506e-08,95,5,2,17,normal_corr_dominates,8.11214829e+00,1.00000000e+00,2.49999872e+07,-1.28275557e+01,-1.40774220e+00,-1.14198135e+01,1.00015141e-09
27,6.93628176e-01,2.19797506e-08,95,7,0,21,normal_corr_dominates,8.12774145e+00,1.00000000e+00,2.49999978e+07,-2.20867082e+00,-2.41973421e-01,-1.96669740e+00,1.00007422e-09
27,6.93628176e-01,2.19797506e-08,95,7,1,22,normal_corr_dominates,1.97482332e+01,1.00000000e+00,2.49999950e+07,-5.02052096e+00,-2.41973421e-01,-4.77854753e+00,1.00009430e-09
27,6.93628176e-01,2.19797506e-08,95,7,2,23,normal_corr_dominates,5.37809597e+00,1.00000000e+00,2.50000011e+07,1.05938286e+00,-2.41973421e-01,1.30135628e+00,1.00009840e-09
27,6.93628176e-01,2.19797506e-08,95,8,0,24,normal_corr_dominates,4.54286449e+00,1.00000000e+00,2.50000163e+07,1.63036339e+01,-4.60182260e+00,2.09054565e+01,1.00016418e-09
27,6.93628176e-01,2.19797506e-08,95,8,1,25,normal_corr_dominates,3.16424076e+00,1.00000000e+00,2.50000100e+07,9.95945205e+00,-4.60182260e+00,1.45612746e+01,1.00010918e-09
27,6.93628176e-01,2.19797506e-08,95,8,2,26,normal_corr_dominates,4.02693252e+00,1.00000000e+00,2.49999769e+07,-2.31330517e+01,-4.60182260e+00,-1.85312291e+01,1.00010757e-09
27,6.93628176e-01,2.19797506e-08,95,8,2,26,corr_ratio_high,5.80556008e-01,5.00000000e-01,2.49999769e+07,-2.31330517e+01,-4.60182260e+00,-1.85312291e+01,1.00010757e-09
27,6.93628176e-01,2.19797506e-08,95,9,0,27,normal_corr_dominates,5.38080829e+00,1.00000000e+00,2.50000164e+07,1.63848770e+01,-3.74014929e+00,2.01250263e+01,1.00009901e-09
27,6.93628176e-01,2.19797506e-08,95,9,0,27,corr_ratio_high,6.45782468e-01,5.00000000e-01,2.50000164e+07,1.63848770e+01,-3.74014929e+00,2.01250263e+01,1.00009901e-09
27,6.93628176e-01,2.19797506e-08,95,9,1,28,normal_corr_dominates,1.41215767e+00,1.00000000e+00,2.50000015e+07,1.54153120e+00,-3.74014929e+00,5.28168049e+00,1.00008846e-09
27,6.93628176e-01,2.19797506e-08,95,9,1,28,corr_ratio_high,6.17121198e-01,5.00000000e-01,2.50000015e+07,1.54153120e+00,-3.74014929e+00,5.28168049e+00,1.00008846e-09
27,6.93628176e-01,2.19797506e-08,95,9,2,29,normal_corr_dominates,6.51086061e+00,1.00000000e+00,2.49999719e+07,-2.80917400e+01,-3.74014929e+00,-2.43515907e+01,1.00020698e-09
27,6.93628176e-01,2.19797506e-08,95,9,2,29,corr_ratio_high,7.37835131e-01,5.00000000e-01,2.49999719e+07,-2.80917400e+01,-3.74014929e+00,-2.43515907e+01,1.00020698e-09
27,6.93628176e-01,2.19797506e-08,95,10,0,30,normal_corr_dominates,1.46629575e+00,1.00000000e+00,2.50000010e+07,1.00890718e+00,-2.16366368e+00,3.17257085e+00,1.00008475e-09
27,6.93628176e-01,2.19797506e-08,95,12,0,36,normal_corr_dominates,1.38591113e+00,1.00000000e+00,2.49999902e+07,-9.75334172e+00,-4.08788978e+00,-5.66545194e+00,1.00012691e-09
27,6.93628176e-01,2.19797506e-08,95,12,1,37,normal_corr_dominates,2.14085585e+00,1.00000000e+00,2.50000047e+07,4.66369297e+00,-4.08788978e+00,8.75158275e+00,1.00006124e-09
27,6.93628176e-01,2.19797506e-08,95,12,1,37,corr_ratio_high,9.68930397e-01,5.00000000e-01,2.50000047e+07,4.66369297e+00,-4.08788978e+00,8.75158275e+00,1.00006124e-09
27,6.93628176e-01,2.19797506e-08,95,12,2,38,normal_corr_dominates,2.56023315e+00,1.00000000e+00,2.49999854e+07,-1.45538407e+01,-4.08788978e+00,-1.04659509e+01,1.00017330e-09
27,6.93628176e-01,2.19797506e-08,95,12,2,38,corr_ratio_high,5.50807729e-01,5.00000000e-01,2.49999854e+07,-1.45538407e+01,-4.08788978e+00,-1.04659509e+01,1.00017330e-09
27,6.93628176e-01,2.19797506e-08,95,14,0,42,normal_corr_dominates,3.06765126e+01,1.00000000e+00,2.49999950e+07,-5.03749423e+00,1.69746840e-01,-5.20724107e+00,1.00011789e-09
27,6.93628176e-01,2.19797506e-08,95,14,1,43,normal_corr_dominates,7.30536080e+00,1.00000000e+00,2.49999989e+07,-1.07031507e+00,1.69746840e-01,-1.24006191e+00,1.00009764e-09
27,6.93628176e-01,2.19797506e-08,95,14,2,44,normal_corr_dominates,8.99845437e+00,1.00000000e+00,2.50000017e+07,1.69720603e+00,1.69746840e-01,1.52745919e+00,1.00009684e-09
27,6.93628176e-01,2.19797506e-08,95,15,1,46,normal_corr_dominates,5.17108793e+00,1.00000000e+00,2.49999839e+07,-1.61167673e+01,-2.61165737e+00,-1.35051099e+01,1.00012904e-09
27,6.93628176e-01,2.19797506e-08,95,15,2,47,normal_corr_dominates,2.40782765e+00,1.00000000e+00,2.50000037e+07,3.67676345e+00,-2.61165737e+00,6.28842082e+00,1.00008981e-09
27,6.93628176e-01,2.19797506e-08,95,18,0,54,normal_corr_dominates,1.14542958e+00,1.00000000e+00,2.49999957e+07,-4.32330121e+00,-2.01512147e+00,-2.30817974e+00,1.00009115e-09
27,6.93628176e-01,2.19797506e-08,95,18,2,56,normal_corr_dominates,1.06926480e+00,1.00000000e+00,2.49999958e+07,-4.16981992e+00,-2.01512147e+00,-2.15469845e+00,1.00010886e-09
27,6.93628176e-01,2.19797506e-08,95,21,0,63,normal_corr_dominates,1.44109595e+00,1.00000000e+00,2.50000032e+07,3.18059994e+00,-7.21067596e+00,1.03912759e+01,1.00008009e-09
27,6.93628176e-01,2.19797506e-08,95,21,0,63,corr_ratio_high,7.66410022e-01,5.00000000e-01,2.50000032e+07,3.18059994e+00,-7.21067596e+00,1.03912759e+01,1.00008009e-09
27,6.93628176e-01,2.19797506e-08,95,22,0,66,normal_corr_dominates,2.65809063e+00,1.00000000e+00,2.50000080e+07,7.95165588e+00,-4.79567023e+00,1.27473261e+01,1.00011263e-09
27,6.93628176e-01,2.19797506e-08,95,22,2,68,normal_corr_dominates,1.28663355e+00,1.00000000e+00,2.49999890e+07,-1.09659405e+01,-4.79567023e+00,-6.17027024e+00,1.00011043e-09
27,6.93628176e-01,2.19797506e-08,95,23,0,69,normal_corr_dominates,1.25394413e+00,1.00000000e+00,2.50000010e+07,1.04274017e+00,-4.10617942e+00,5.14891958e+00,1.00010891e-09
27,6.93628176e-01,2.19797506e-08,95,23,0,69,corr_ratio_high,8.08553025e-01,5.00000000e-01,2.50000010e+07,1.04274017e+00,-4.10617942e+00,5.14891958e+00,1.00010891e-09
27,6.93628176e-01,2.19797506e-08,95,23,1,70,normal_corr_dominates,1.06393948e+00,1.00000000e+00,2.49999915e+07,-8.47490582e+00,-4.10617942e+00,-4.36872640e+00,1.00012623e-09
27,6.93628176e-01,2.19797506e-08,95,23,1,70,corr_ratio_high,5.15727965e-01,5.00000000e-01,2.49999915e+07,-8.47490582e+00,-4.10617942e+00,-4.36872640e+00,1.00012623e-09
27,6.93628176e-01,2.19797506e-08,95,24,0,72,normal_corr_dominates,1.83017272e+00,1.00000000e+00,2.50000029e+07,2.93455385e+00,-3.53487145e+00,6.46942531e+00,1.00008723e-09
27,6.93628176e-01,2.19797506e-08,95,24,0,72,corr_ratio_high,6.21342261e-01,5.00000000e-01,2.50000029e+07,2.93455385e+00,-3.53487145e+00,6.46942531e+00,1.00008723e-09
27,6.93628176e-01,2.19797506e-08,95,24,2,74,normal_corr_dominates,1.19735986e+00,1.00000000e+00,2.49999922e+07,-7.76738463e+00,-3.53487145e+00,-4.23251318e+00,1.00010619e-09
27,6.93628176e-01,2.19797506e-08,95,26,0,78,normal_corr_dominates,1.24273147e+00,1.00000000e+00,2.50000002e+07,1.56505303e-01,-6.44767243e-01,8.01272546e-01,1.00007778e-09
27,6.93628176e-01,2.19797506e-08,95,27,2,83,normal_corr_dominates,1.44190496e+00,1.00000000e+00,2.49999802e+07,-1.97674006e+01,-8.09507368e+00,-1.16723269e+01,1.00012401e-09
27,6.93628176e-01,2.19797506e-08,95,28,0,84,normal_corr_dominates,1.30146253e+00,1.00000000e+00,2.49999951e+07,-4.87551383e+00,-2.11844154e+00,-2.75707229e+00,1.00011998e-09
27,6.93628176e-01,2.19797506e-08,95,28,1,85,normal_corr_dominates,1.59230039e+00,1.00000000e+00,2.50000013e+07,1.25475374e+00,-2.11844154e+00,3.37319529e+00,1.00009956e-09
27,6.93628176e-01,2.19797506e-08,95,29,0,87,normal_corr_dominates,8.28004814e+00,1.00000000e+00,2.49999977e+07,-2.27470424e+00,-2.45117720e-01,-2.02958652e+00,1.00011386e-09
27,6.93628176e-01,2.19797506e-08,95,29,1,88,normal_corr_dominates,2.26308994e+00,1.00000000e+00,2.50000003e+07,3.09605726e-01,-2.45117720e-01,5.54723445e-01,1.00010166e-09
27,6.93628176e-01,2.19797506e-08,95,29,2,89,normal_corr_dominates,8.94595958e+00,1.00000000e+00,2.50000019e+07,1.94769549e+00,-2.45117720e-01,2.19281321e+00,1.00009591e-09
27,6.93628176e-01,2.19797506e-08,95,30,0,90,normal_corr_dominates,1.54751505e+01,1.00000000e+00,2.49999935e+07,-6.50219862e+00,-3.94667024e-01,-6.10753160e+00,1.00009518e-09
27,6.93628176e-01,2.19797506e-08,95,30,2,92,normal_corr_dominates,6.28782718e+00,1.00000000e+00,2.50000021e+07,2.08693102e+00,-3.94667024e-01,2.48159804e+00,1.00009243e-09
27,6.93628176e-01,2.19797506e-08,95,32,1,97,normal_corr_dominates,2.92799706e+00,1.00000000e+00,2.49999901e+07,-9.92735514e+00,-2.52733263e+00,-7.40002250e+00,1.00009207e-09
27,6.93628176e-01,2.19797506e-08,95,32,2,98,normal_corr_dominates,1.76393738e+00,1.00000000e+00,2.50000019e+07,1.93072388e+00,-2.52733263e+00,4.45805651e+00,1.00009631e-09
27,6.93628176e-01,2.19797506e-08,95,35,1,106,normal_corr_dominates,7.46435895e+00,1.00000000e+00,2.49999855e+07,-1.45033686e+01,-1.71346332e+00,-1.27899053e+01,1.00012817e-09
27,6.93628176e-01,2.19797506e-08,95,35,2,107,normal_corr_dominates,2.45676787e+00,1.00000000e+00,2.50000025e+07,2.49611831e+00,-1.71346332e+00,4.20958163e+00,1.00009254e-09
27,6.93628176e-01,2.19797506e-08,95,13,0,39,normal_corr_dominates,3.14028781e+01,1.00000000e+00,2.50000030e+07,2.99091085e+00,9.23038638e-02,2.89860699e+00,1.00010713e-09
27,6.93628176e-01,2.19797506e-08,95,13,1,40,normal_corr_dominates,9.95422025e+01,1.00000000e+00,2.49999909e+07,-9.09582603e+00,9.23038638e-02,-9.18812990e+00,1.00013620e-09
27,6.93628176e-01,2.19797506e-08,95,13,2,41,normal_corr_dominates,4.13743519e+01,1.00000000e+00,2.50000039e+07,3.91131641e+00,9.23038638e-02,3.81901254e+00,1.00008947e-09
27,6.93628176e-01,2.19797506e-08,95,25,0,75,normal_corr_dominates,8.94590422e+00,1.00000000e+00,2.50000032e+07,3.22490680e+00,-4.05857750e-01,3.63076455e+00,1.00011487e-09
27,6.93628176e-01,2.19797506e-08,95,25,1,76,normal_corr_dominates,6.71083596e+00,1.00000000e+00,2.50000023e+07,2.31778703e+00,-4.05857750e-01,2.72364478e+00,1.00009876e-09
27,6.93628176e-01,2.19797506e-08,95,25,2,77,normal_corr_dominates,2.12748372e+01,1.00000000e+00,2.49999910e+07,-9.04041531e+00,-4.05857750e-01,-8.63455756e+00,1.00008849e-09
28,7.16278948e-01,2.26975102e-08,95,0,0,0,normal_corr_dominates,4.95990769e+00,1.00000000e+00,2.50000273e+07,2.72854058e+01,-6.89041461e+00,3.41758204e+01,1.00009586e-09
28,7.16278948e-01,2.26975102e-08,95,0,0,0,corr_ratio_high,7.24851076e-01,5.00000000e-01,2.50000273e+07,2.72854058e+01,-6.89041461e+00,3.41758204e+01,1.00009586e-09
28,7.16278948e-01,2.26975102e-08,95,0,1,1,normal_corr_dominates,2.15898669e+00,1.00000000e+00,2.49999782e+07,-2.17667280e+01,-6.89041461e+00,-1.48763134e+01,1.00019690e-09
28,7.16278948e-01,2.26975102e-08,95,0,2,2,corr_ratio_high,7.51980282e-01,5.00000000e-01,2.49999972e+07,-2.78796989e+00,-6.89041461e+00,4.10244471e+00,1.00012164e-09
28,7.16278948e-01,2.26975102e-08,95,1,0,3,normal_corr_dominates,6.40408063e+00,1.00000000e+00,2.49999856e+07,-1.43982823e+01,-1.94464148e+00,-1.24536408e+01,1.00010341e-09
28,7.16278948e-01,2.26975102e-08,95,1,1,4,normal_corr_dominates,8.97390793e+00,1.00000000e+00,2.50000155e+07,1.55063921e+01,-1.94464148e+00,1.74510336e+01,1.00016469e-09
28,7.16278948e-01,2.26975102e-08,95,1,2,5,normal_corr_dominates,8.93547207e+00,1.00000000e+00,2.49999807e+07,-1.93209311e+01,-1.94464148e+00,-1.73762896e+01,1.00010880e-09
28,7.16278948e-01,2.26975102e-08,95,1,2,5,corr_ratio_high,5.47739878e-01,5.00000000e-01,2.49999807e+07,-1.93209311e+01,-1.94464148e+00,-1.73762896e+01,1.00010880e-09
28,7.16278948e-01,2.26975102e-08,95,2,0,6,normal_corr_dominates,4.07695207e+01,1.00000000e+00,2.49999857e+07,-1.43379747e+01,-3.43264046e-01,-1.39947106e+01,1.00012110e-09
28,7.16278948e-01,2.26975102e-08,95,2,1,7,normal_corr_dominates,5.14909054e+01,1.00000000e+00,2.49999820e+07,-1.80182405e+01,-3.43264046e-01,-1.76749765e+01,1.00012738e-09
28,7.16278948e-01,2.26975102e-08,95,2,2,8,normal_corr_dominates,3.79239109e+01,1.00000000e+00,2.50000127e+07,1.26746510e+01,-3.43264046e-01,1.30179151e+01,1.00009256e-09
28,7.16278948e-01,2.26975102e-08,95,3,0,9,normal_corr_dominates,8.38760760e+00,1.00000000e+00,2.49999877e+07,-1.23028414e+01,-1.31054065e+00,-1.09923007e+01,1.00013845e-09
28,7.16278948e-01,2.26975102e-08,95,3,1,10,normal_corr_dominates,6.72385401e+00,1.00000000e+00,2.50000075e+07,7.50134338e+00,-1.31054065e+00,8.81188403e+00,1.00008571e-09
28,7.16278948e-01,2.26975102e-08,95,3,1,10,corr_ratio_high,5.92733867e-01,5.00000000e-01,2.50000075e+07,7.50134338e+00,-1.31054065e+00,8.81188403e+00,1.00008571e-09
28,7.16278948e-01,2.26975102e-08,95,3,2,11,normal_corr_dominates,2.14724160e+00,1.00000000e+00,2.50000015e+07,1.50350676e+00,-1.31054065e+00,2.81404741e+00,1.00011169e-09
28,7.16278948e-01,2.26975102e-08,95,3,2,11,corr_ratio_high,6.14228722e-01,5.00000000e-01,2.50000015e+07,1.50350676e+00,-1.31054065e+00,2.81404741e+00,1.00011169e-09
28,7.16278948e-01,2.26975102e-08,95,4,1,13,normal_corr_dominates,2.09939615e+00,1.00000000e+00,2.50000072e+07,7.15094586e+00,-6.50443048e+00,1.36553763e+01,1.00010169e-09
28,7.16278948e-01,2.26975102e-08,95,4,1,13,corr_ratio_high,5.05049588e-01,5.00000000e-01,2.50000072e+07,7.15094586e+00,-6.50443048e+00,1.36553763e+01,1.00010169e-09
28,7.16278948e-01,2.26975102e-08,95,5,0,15,normal_corr_dominates,8.10674344e+00,1.00000000e+00,2.49999868e+07,-1.31751498e+01,-1.44674657e+00,-1.17284033e+01,1.00019308e-09
28,7.16278948e-01,2.26975102e-08,95,5,1,16,normal_corr_dominates,4.62367825e+00,1.00000000e+00,2.50000052e+07,5.24254408e+00,-1.44674657e+00,6.68929065e+00,1.00011371e-09
28,7.16278948e-01,2.26975102e-08,95,5,1,16,corr_ratio_high,6.67645725e-01,5.00000000e-01,2.50000052e+07,5.24254408e+00,-1.44674657e+00,6.68929065e+00,1.00011371e-09
28,7.16278948e-01,2.26975102e-08,95,5,2,17,normal_corr_dominates,8.13564395e+00,1.00000000e+00,2.49999868e+07,-1.32169615e+01,-1.44674657e+00,-1.17702150e+01,1.00015602e-09
28,7.16278948e-01,2.26975102e-08,95,7,0,21,normal_corr_dominates,8.17880158e+00,1.00000000e+00,2.49999977e+07,-2.27174597e+00,-2.47499191e-01,-2.02424678e+00,1.00007650e-09
28,7.16278948e-01,2.26975102e-08,95,7,1,22,normal_corr_dominates,1.99042875e+01,1.00000000e+00,2.49999948e+07,-5.17379425e+00,-2.47499191e-01,-4.92629506e+00,1.00009718e-09
28,7.16278948e-01,2.26975102e-08,95,7,2,23,normal_corr_dominates,5.42228338e+00,1.00000000e+00,2.50000011e+07,1.09451156e+00,-2.47499191e-01,1.34201075e+00,1.00010141e-09
28,7.16278948e-01,2.26975102e-08,95,8,0,24,normal_corr_dominates,4.54867807e+00,1.00000000e+00,2.50000168e+07,1.68153760e+01,-4.73849013e+00,2.15538661e+01,1.00016917e-09
28,7.16278948e-01,2.26975102e-08,95,8,1,25,normal_corr_dominates,3.16657013e+00,1.00000000e+00,2.50000103e+07,1.02662712e+01,-4.73849013e+00,1.50047613e+01,1.00011251e-09
28,7.16278948e-01,2.26975102e-08,95,8,2,26,normal_corr_dominates,4.03193842e+00,1.00000000e+00,2.49999762e+07,-2.38437906e+01,-4.73849013e+00,-1.91053004e+01,1.00011086e-09
28,7.16278948e-01,2.26975102e-08,95,8,2,26,corr_ratio_high,5.80472099e-01,5.00000000e-01,2.49999762e+07,-2.38437906e+01,-4.73849013e+00,-1.91053004e+01,1.00011086e-09
28,7.16278948e-01,2.26975102e-08,95,9,0,27,normal_corr_dominates,5.38645607e+00,1.00000000e+00,2.50000169e+07,1.68901880e+01,-3.85053166e+00,2.07407196e+01,1.00010204e-09
28,7.16278948e-01,2.26975102e-08,95,9,0,27,corr_ratio_high,6.45800271e-01,5.00000000e-01,2.50000169e+07,1.68901880e+01,-3.85053166e+00,2.07407196e+01,1.00010204e-09
28,7.16278948e-01,2.26975102e-08,95,9,1,28,normal_corr_dominates,1.41311207e+00,1.00000000e+00,2.50000016e+07,1.59070109e+00,-3.85053166e+00,5.44123275e+00,1.00009118e-09
28,7.16278948e-01,2.26975102e-08,95,9,1,28,corr_ratio_high,6.16996541e-01,5.00000000e-01,2.50000016e+07,1.59070109e+00,-3.85053166e+00,5.44123275e+00,1.00009118e-09
28,7.16278948e-01,2.26975102e-08,95,9,2,29,normal_corr_dominates,6.51663330e+00,1.00000000e+00,2.49999711e+07,-2.89430345e+01,-3.85053166e+00,-2.50925029e+01,1.00021326e-09
28,7.16278948e-01,2.26975102e-08,95,9,2,29,corr_ratio_high,7.37880796e-01,5.00000000e-01,2.49999711e+07,-2.89430345e+01,-3.85053166e+00,-2.50925029e+01,1.00021326e-09
28,7.16278948e-01,2.26975102e-08,95,10,0,30,normal_corr_dominates,1.46721237e+00,1.00000000e+00,2.50000010e+07,1.04067484e+00,-2.22741285e+00,3.26808769e+00,1.00008734e-09
28,7.16278948e-01,2.26975102e-08,95,12,0,36,normal_corr_dominates,1.38684208e+00,1.00000000e+00,2.49999900e+07,-1.00468516e+01,-4.20926535e+00,-5.83758630e+00,1.00013078e-09
28,7.16278948e-01,2.26975102e-08,95,12,1,37,normal_corr_dominates,2.14173628e+00,1.00000000e+00,2.50000048e+07,4.80587096e+00,-4.20926535e+00,9.01513631e+00,1.00006314e-09
28,7.16278948e-01,2.26975102e-08,95,12,1,37,corr_ratio_high,9.68765205e-01,5.00000000e-01,2.50000048e+07,4.80587096e+00,-4.20926535e+00,9.01513631e+00,1.00006314e-09
28,7.16278948e-01,2.26975102e-08,95,12,2,38,normal_corr_dominates,2.56149779e+00,1.00000000e+00,2.49999850e+07,-1.49912892e+01,-4.20926535e+00,-1.07820239e+01,1.00017856e-09
28,7.16278948e-01,2.26975102e-08,95,12,2,38,corr_ratio_high,5.50838789e-01,5.00000000e-01,2.49999850e+07,-1.49912892e+01,-4.20926535e+00,-1.07820239e+01,1.00017856e-09
28,7.16278948e-01,2.26975102e-08,95,14,0,42,normal_corr_dominates,3.03379999e+01,1.00000000e+00,2.49999948e+07,-5.19103907e+00,1.76939092e-01,-5.36797816e+00,1.00012148e-09
28,7.16278948e-01,2.26975102e-08,95,14,1,43,normal_corr_dominates,7.22099180e+00,1.00000000e+00,2.49999989e+07,-1.10073664e+00,1.76939092e-01,-1.27767573e+00,1.00010062e-09
28,7.16278948e-01,2.26975102e-08,95,14,2,44,normal_corr_dominates,8.89921069e+00,1.00000000e+00,2.50000018e+07,1.75155735e+00,1.76939092e-01,1.57461826e+00,1.00009979e-09
28,7.16278948e-01,2.26975102e-08,95,15,1,46,normal_corr_dominates,5.17342213e+00,1.00000000e+00,2.49999834e+07,-1.66080672e+01,-2.69025297e+00,-1.39178142e+01,1.00013298e-09
28,7.16278948e-01,2.26975102e-08,95,15,2,47,normal_corr_dominates,2.40857519e+00,1.00000000e+00,2.50000038e+07,3.78942357e+00,-2.69025297e+00,6.47967654e+00,1.00009255e-09
28,7.16278948e-01,2.26975102e-08,95,18,0,54,normal_corr_dominates,1.14608129e+00,1.00000000e+00,2.49999955e+07,-4.45306758e+00,-2.07497619e+00,-2.37809139e+00,1.00009393e-09
28,7.16278948e-01,2.26975102e-08,95,18,2,56,normal_corr_dominates,1.07074323e+00,1.00000000e+00,2.49999957e+07,-4.29674289e+00,-2.07497619e+00,-2.22176670e+00,1.00011218e-09
28,7.16278948e-01,2.26975102e-08,95,21,0,63,normal_corr_dominates,1.44224835e+00,1.00000000e+00,2.50000033e+07,3.28538276e+00,-7.42881851e+00,1.07142013e+01,1.00008253e-09
28,7.16278948e-01,2.26975102e-08,95,21,0,63,corr_ratio_high,7.66391781e-01,5.00000000e-01,2.50000033e+07,3.28538276e+00,-7.42881851e+00,1.07142013e+01,1.00008253e-09
28,7.16278948e-01,2.26975102e-08,95,22,0,66,normal_corr_dominates,2.65963239e+00,1.00000000e+00,2.50000082e+07,8.19700109e+00,-4.93904622e+00,1.31360473e+01,1.00011606e-09
28,7.16278948e-01,2.26975102e-08,95,22,2,68,normal_corr_dominates,1.28782418e+00,1.00000000e+00,2.49999887e+07,-1.12996694e+01,-4.93904622e+00,-6.36062315e+00,1.00011381e-09
28,7.16278948e-01,2.26975102e-08,95,23,0,69,normal_corr_dominates,1.25713331e+00,1.00000000e+00,2.50000011e+07,1.08654872e+00,-4.22562405e+00,5.31217277e+00,1.00011221e-09
28,7.16278948e-01,2.26975102e-08,95,23,0,69,corr_ratio_high,8.08674501e-01,5.00000000e-01,2.50000011e+07,1.08654872e+00,-4.22562405e+00,5.31217277e+00,1.00011221e-09
28,7.16278948e-01,2.26975102e-08,95,23,1,70,normal_corr_dominates,1.06794366e+00,1.00000000e+00,2.49999913e+07,-8.73835248e+00,-4.22562405e+00,-4.51272843e+00,1.00013011e-09
28,7.16278948e-01,2.26975102e-08,95,23,1,70,corr_ratio_high,5.15646663e-01,5.00000000e-01,2.49999913e+07,-8.73835248e+00,-4.22562405e+00,-4.51272843e+00,1.00013011e-09
28,7.16278948e-01,2.26975102e-08,95,24,0,72,normal_corr_dominates,1.83236595e+00,1.00000000e+00,2.50000030e+07,3.03053383e+00,-3.64086712e+00,6.67140095e+00,1.00008989e-09
28,7.16278948e-01,2.26975102e-08,95,24,0,72,corr_ratio_high,6.21366721e-01,5.00000000e-01,2.50000030e+07,3.03053383e+00,-3.64086712e+00,6.67140095e+00,1.00008989e-09
28,7.16278948e-01,2.26975102e-08,95,24,2,74,normal_corr_dominates,1.19801600e+00,1.00000000e+00,2.49999920e+07,-8.00268420e+00,-3.64086712e+00,-4.36181708e+00,1.00010943e-09
28,7.16278948e-01,2.26975102e-08,95,26,0,78,normal_corr_dominates,1.24371245e+00,1.00000000e+00,2.50000002e+07,1.61570057e-01,-6.62953638e-01,8.24523695e-01,1.00008015e-09
28,7.16278948e-01,2.26975102e-08,95,27,2,83,normal_corr_dominates,1.44248038e+00,1.00000000e+00,2.49999796e+07,-2.03704813e+01,-8.34007983e+00,-1.20304015e+01,1.00012780e-09
28,7.16278948e-01,2.26975102e-08,95,28,0,84,normal_corr_dominates,1.30178625e+00,1.00000000e+00,2.49999950e+07,-5.02090550e+00,-2.18130832e+00,-2.83959718e+00,1.00012364e-09
28,7.16278948e-01,2.26975102e-08,95,28,1,85,normal_corr_dominates,1.59463667e+00,1.00000000e+00,2.50000013e+07,1.29708592e+00,-2.18130832e+00,3.47839424e+00,1.00010260e-09
28,7.16278948e-01,2.26975102e-08,95,29,0,87,normal_corr_dominates,8.35579897e+00,1.00000000e+00,2.49999977e+07,-2.34346903e+00,-2.50483047e-01,-2.09298598e+00,1.00011733e-09
28,7.16278948e-01,2.26975102e-08,95,29,1,88,normal_corr_dominates,2.28358616e+00,1.00000000e+00,2.50000003e+07,3.21516573e-01,-2.50483047e-01,5.71999619e-01,1.00010476e-09
28,7.16278948e-01,2.26975102e-08,95,29,2,89,normal_corr_dominates,9.02225108e+00,1.00000000e+00,2.50000020e+07,2.00943789e+00,-2.50483047e-01,2.25992094e+00,1.00009884e-09
28,7.16278948e-01,2.26975102e-08,95,30,0,90,normal_corr_dominates,1.55663731e+01,1.00000000e+00,2.49999933e+07,-6.69970287e+00,-4.04415790e-01,-6.29528708e+00,1.00009809e-09
28,7.16278948e-01,2.26975102e-08,95,30,2,92,normal_corr_dominates,6.32475364e+00,1.00000000e+00,2.50000022e+07,2.15341445e+00,-4.04415790e-01,2.55783024e+00,1.00009526e-09
28,7.16278948e-01,2.26975102e-08,95,32,1,97,normal_corr_dominates,2.93146688e+00,1.00000000e+00,2.49999898e+07,-1.02299534e+01,-2.60207036e+00,-7.62788308e+00,1.00009489e-09
28,7.16278948e-01,2.26975102e-08,95,32,2,98,normal_corr_dominates,1.76637199e+00,1.00000000e+00,2.50000020e+07,1.99415384e+00,-2.60207036e+00,4.59622420e+00,1.00009925e-09
28,7.16278948e-01,2.26975102e-08,95,35,1,106,normal_corr_dominates,7.47316577e+00,1.00000000e+00,2.49999851e+07,-1.49483349e+01,-1.76419715e+00,-1.31841378e+01,1.00013208e-09
28,7.16278948e-01,2.26975102e-08,95,35,2,107,normal_corr_dominates,2.45974349e+00,1.00000000e+00,2.50000026e+07,2.57527531e+00,-1.76419715e+00,4.33947247e+00,1.00009537e-09
28,7.16278948e-01,2.26975102e-08,95,13,0,39,normal_corr_dominates,3.07393981e+01,1.00000000e+00,2.50000031e+07,3.08233009e+00,9.71136905e-02,2.98521640e+00,1.00011040e-09
28,7.16278948e-01,2.26975102e-08,95,13,1,40,normal_corr_dominates,9.74893444e+01,1.00000000e+00,2.49999906e+07,-9.37043633e+00,9.71136905e-02,-9.46755002e+00,1.00014035e-09
28,7.16278948e-01,2.26975102e-08,95,13,2,41,normal_corr_dominates,4.05563314e+01,1.00000000e+00,2.50000040e+07,4.03568871e+00,9.71136905e-02,3.93857501e+00,1.00009220e-09
28,7.16278948e-01,2.26975102e-08,95,25,0,75,normal_corr_dominates,8.99192940e+00,1.00000000e+00,2.50000033e+07,3.32456208e+00,-4.15989921e-01,3.74055200e+00,1.00011837e-09
28,7.16278948e-01,2.26975102e-08,95,25,1,76,normal_corr_dominates,6.75354497e+00,1.00000000e+00,2.50000024e+07,2.39341672e+00,-4.15989921e-01,2.80940664e+00,1.00010177e-09
28,7.16278948e-01,2.26975102e-08,95,25,2,77,normal_corr_dominates,2.13984761e+01,1.00000000e+00,2.49999907e+07,-9.31754030e+00,-4.15989921e-01,-8.90155037e+00,1.00009120e-09
29,7.40695267e-01,2.34712167e-08,95,0,0,0,normal_corr_dominates,4.96286717e+00,1.00000000e+00,2.50000282e+07,2.81542553e+01,-7.10451653e+00,3.52587718e+01,1.00009894e-09
29,7.40695267e-01,2.34712167e-08,95,0,0,0,corr_ratio_high,7.24797104e-01,5.00000000e-01,2.50000282e+07,2.81542553e+01,-7.10451653e+00,3.52587718e+01,1.00009894e-09
29,7.40695267e-01,2.34712167e-08,95,0,1,1,normal_corr_dominates,2.16088390e+00,1.00000000e+00,2.49999775e+07,-2.24565519e+01,-7.10451653e+00,-1.53520354e+01,1.00020314e-09
29,7.40695267e-01,2.34712167e-08,95,0,2,2,corr_ratio_high,7.52005944e-01,5.00000000e-01,2.49999971e+07,-2.86075172e+00,-7.10451653e+00,4.24376481e+00,1.00012551e-09
29,7.40695267e-01,2.34712167e-08,95,1,0,3,normal_corr_dominates,6.41463099e+00,1.00000000e+00,2.49999851e+07,-1.48568943e+01,-2.00372673e+00,-1.28531676e+01,1.00010672e-09
29,7.40695267e-01,2.34712167e-08,95,1,1,4,normal_corr_dominates,8.99158406e+00,1.00000000e+00,2.50000160e+07,1.60129506e+01,-2.00372673e+00,1.80166774e+01,1.00016991e-09
29,7.40695267e-01,2.34712167e-08,95,1,2,5,normal_corr_dominates,8.95218316e+00,1.00000000e+00,2.49999801e+07,-1.99414555e+01,-2.00372673e+00,-1.79377287e+01,1.00011227e-09
29,7.40695267e-01,2.34712167e-08,95,1,2,5,corr_ratio_high,5.47750721e-01,5.00000000e-01,2.49999801e+07,-1.99414555e+01,-2.00372673e+00,-1.79377287e+01,1.00011227e-09
29,7.40695267e-01,2.34712167e-08,95,2,0,6,normal_corr_dominates,4.09536156e+01,1.00000000e+00,2.49999852e+07,-1.47949447e+01,-3.52650052e-01,-1.44422947e+01,1.00012496e-09
29,7.40695267e-01,2.34712167e-08,95,2,1,7,normal_corr_dominates,5.17315137e+01,1.00000000e+00,2.49999814e+07,-1.85957711e+01,-3.52650052e-01,-1.82431210e+01,1.00013144e-09
29,7.40695267e-01,2.34712167e-08,95,2,2,8,normal_corr_dominates,3.80954951e+01,1.00000000e+00,2.50000131e+07,1.30817283e+01,-3.52650052e-01,1.34343783e+01,1.00009552e-09
29,7.40695267e-01,2.34712167e-08,95,3,0,9,normal_corr_dominates,8.40600348e+00,1.00000000e+00,2.49999873e+07,-1.26903968e+01,-1.34918053e+00,-1.13412163e+01,1.00014285e-09
29,7.40695267e-01,2.34712167e-08,95,3,1,10,normal_corr_dominates,6.74341197e+00,1.00000000e+00,2.50000077e+07,7.74889963e+00,-1.34918053e+00,9.09808017e+00,1.00008844e-09
29,7.40695267e-01,2.34712167e-08,95,3,1,10,corr_ratio_high,5.92647120e-01,5.00000000e-01,2.50000077e+07,7.74889963e+00,-1.34918053e+00,9.09808017e+00,1.00008844e-09
29,7.40695267e-01,2.34712167e-08,95,3,2,11,normal_corr_dominates,2.14987939e+00,1.00000000e+00,2.50000016e+07,1.55139489e+00,-1.34918053e+00,2.90057543e+00,1.00011525e-09
29,7.40695267e-01,2.34712167e-08,95,3,2,11,corr_ratio_high,6.14225310e-01,5.00000000e-01,2.50000016e+07,1.55139489e+00,-1.34918053e+00,2.90057543e+00,1.00011525e-09
29,7.40695267e-01,2.34712167e-08,95,4,1,13,normal_corr_dominates,2.10021441e+00,1.00000000e+00,2.50000074e+07,7.37763323e+00,-6.70563222e+00,1.40832655e+01,1.00010496e-09
29,7.40695267e-01,2.34712167e-08,95,4,1,13,corr_ratio_high,5.04760144e-01,5.00000000e-01,2.50000074e+07,7.37763323e+00,-6.70563222e+00,1.40832655e+01,1.00010496e-09
29,7.40695267e-01,2.34712167e-08,95,5,0,15,normal_corr_dominates,8.13205781e+00,1.00000000e+00,2.49999864e+07,-1.35937102e+01,-1.48857032e+00,-1.21051399e+01,1.00019921e-09
29,7.40695267e-01,2.34712167e-08,95,5,1,16,normal_corr_dominates,4.64159661e+00,1.00000000e+00,2.50000054e+07,5.42077262e+00,-1.48857032e+00,6.90934293e+00,1.00011733e-09
29,7.40695267e-01,2.34712167e-08,95,5,1,16,corr_ratio_high,6.67605450e-01,5.00000000e-01,2.50000054e+07,5.42077262e+00,-1.48857032e+00,6.90934293e+00,1.00011733e-09
29,7.40695267e-01,2.34712167e-08,95,5,2,17,normal_corr_dominates,8.16012997e+00,1.00000000e+00,2.49999864e+07,-1.36354976e+01,-1.48857032e+00,-1.21469273e+01,1.00016097e-09
29,7.40695267e-01,2.34712167e-08,95,7,0,21,normal_corr_dominates,8.23243261e+00,1.00000000e+00,2.49999977e+07,-2.33938844e+00,-2.53388087e-01,-2.08600035e+00,1.00007894e-09
29,7.40695267e-01,2.34712167e-08,95,7,1,22,normal_corr_dominates,2.00686878e+01,1.00000000e+00,2.49999947e+07,-5.33855450e+00,-2.53388087e-01,-5.08516641e+00,1.00010028e-09
29,7.40695267e-01,2.34712167e-08,95,7,2,23,normal_corr_dominates,5.46879576e+00,1.00000000e+00,2.50000011e+07,1.13233961e+00,-2.53388087e-01,1.38572770e+00,1.00010463e-09
29,7.40695267e-01,2.34712167e-08,95,8,0,24,normal_corr_dominates,4.55475091e+00,1.00000000e+00,2.50000174e+07,1.73659123e+01,-4.88526840e+00,2.22511807e+01,1.00017454e-09
29,7.40695267e-01,2.34712167e-08,95,8,1,25,normal_corr_dominates,3.16899722e+00,1.00000000e+00,2.50000106e+07,1.05961336e+01,-4.88526840e+00,1.54814020e+01,1.00011610e-09
29,7.40695267e-01,2.34712167e-08,95,8,2,26,normal_corr_dominates,4.03716991e+00,1.00000000e+00,2.49999754e+07,-2.46079270e+01,-4.88526840e+00,-1.97226586e+01,1.00011440e-09
29,7.40695267e-01,2.34712167e-08,95,8,2,26,corr_ratio_high,5.80382603e-01,5.00000000e-01,2.49999754e+07,-2.46079270e+01,-4.88526840e+00,-1.97226586e+01,1.00011440e-09
29,7.40695267e-01,2.34712167e-08,95,9,0,27,normal_corr_dominates,5.39235005e+00,1.00000000e+00,2.50000174e+07,1.74335079e+01,-3.96906159e+00,2.14025695e+01,1.00010530e-09
29,7.40695267e-01,2.34712167e-08,95,9,0,27,corr_ratio_high,6.45818553e-01,5.00000000e-01,2.50000174e+07,1.74335079e+01,-3.96906159e+00,2.14025695e+01,1.00010530e-09
29,7.40695267e-01,2.34712167e-08,95,9,1,28,normal_corr_dominates,1.41411495e+00,1.00000000e+00,2.50000016e+07,1.64364773e+00,-3.96906159e+00,5.61270932e+00,1.00009410e-09
29,7.40695267e-01,2.34712167e-08,95,9,1,28,corr_ratio_high,6.16865880e-01,5.00000000e-01,2.50000016e+07,1.64364773e+00,-3.96906159e+00,5.61270932e+00,1.00009410e-09
29,7.40695267e-01,2.34712167e-08,95,9,2,29,normal_corr_dominates,6.52266237e+00,1.00000000e+00,2.49999701e+07,-2.98579103e+01,-3.96906159e+00,-2.58888487e+01,1.00022001e-09
29,7.40695267e-01,2.34712167e-08,95,9,2,29,corr_ratio_high,7.37928511e-01,5.00000000e-01,2.49999701e+07,-2.98579103e+01,-3.96906159e+00,-2.58888487e+01,1.00022001e-09
29,7.40695267e-01,2.34712167e-08,95,10,0,30,normal_corr_dominates,1.46816691e+00,1.00000000e+00,2.50000011e+07,1.07485113e+00,-2.29587162e+00,3.37072274e+00,1.00009013e-09
29,7.40695267e-01,2.34712167e-08,95,12,0,36,normal_corr_dominates,1.38780478e+00,1.00000000e+00,2.49999896e+07,-1.03622034e+01,-4.33963592e+00,-6.02256749e+00,1.00013494e-09
29,7.40695267e-01,2.34712167e-08,95,12,1,37,normal_corr_dominates,2.14265439e+00,1.00000000e+00,2.50000050e+07,4.95870402e+00,-4.33963592e+00,9.29833995e+00,1.00006518e-09
29,7.40695267e-01,2.34712167e-08,95,12,1,37,corr_ratio_high,9.68591919e-01,5.00000000e-01,2.50000050e+07,4.95870402e+00,-4.33963592e+00,9.29833995e+00,1.00006518e-09
29,7.40695267e-01,2.34712167e-08,95,12,2,38,normal_corr_dominates,2.56281236e+00,1.00000000e+00,2.49999845e+07,-1.54613085e+01,-4.33963592e+00,-1.11216726e+01,1.00018422e-09
29,7.40695267e-01,2.34712167e-08,95,12,2,38,corr_ratio_high,5.50871308e-01,5.00000000e-01,2.49999845e+07,-1.54613085e+01,-4.33963592e+00,-1.11216726e+01,1.00018422e-09
29,7.40695267e-01,2.34712167e-08,95,14,0,42,normal_corr_dominates,2.99962180e+01,1.00000000e+00,2.49999946e+07,-5.35612482e+00,1.84718049e-01,-5.54084287e+00,1.00012535e-09
29,7.40695267e-01,2.34712167e-08,95,14,1,43,normal_corr_dominates,7.13562166e+00,1.00000000e+00,2.49999989e+07,-1.13336006e+00,1.84718049e-01,-1.31807811e+00,1.00010382e-09
29,7.40695267e-01,2.34712167e-08,95,14,2,44,normal_corr_dominates,8.79896708e+00,1.00000000e+00,2.50000018e+07,1.81004608e+00,1.84718049e-01,1.62532803e+00,1.00010297e-09
29,7.40695267e-01,2.34712167e-08,95,15,1,46,normal_corr_dominates,5.17580499e+00,1.00000000e+00,2.49999829e+07,-1.71361238e+01,-2.77471905e+00,-1.43614047e+01,1.00013721e-09
29,7.40695267e-01,2.34712167e-08,95,15,2,47,normal_corr_dominates,2.40933083e+00,1.00000000e+00,2.50000039e+07,3.91049710e+00,-2.77471905e+00,6.68521615e+00,1.00009550e-09
29,7.40695267e-01,2.34712167e-08,95,18,0,54,normal_corr_dominates,1.14674202e+00,1.00000000e+00,2.49999954e+07,-4.59247357e+00,-2.13927595e+00,-2.45319762e+00,1.00009692e-09
29,7.40695267e-01,2.34712167e-08,95,18,2,56,normal_corr_dominates,1.07229205e+00,1.00000000e+00,2.49999956e+07,-4.43320455e+00,-2.13927595e+00,-2.29392860e+00,1.00011575e-09
29,7.40695267e-01,2.34712167e-08,95,21,0,63,normal_corr_dominates,1.44345078e+00,1.00000000e+00,2.50000034e+07,3.39827077e+00,-7.66324220e+00,1.10615130e+01,1.00008516e-09
29,7.40695267e-01,2.34712167e-08,95,21,0,63,corr_ratio_high,7.66371412e-01,5.00000000e-01,2.50000034e+07,3.39827077e+00,-7.66324220e+00,1.10615130e+01,1.00008516e-09
29,7.40695267e-01,2.34712167e-08,95,22,0,66,normal_corr_dominates,2.66123271e+00,1.00000000e+00,2.50000085e+07,8.46078082e+00,-5.09307380e+00,1.35538546e+01,1.00011976e-09
29,7.40695267e-01,2.34712167e-08,95,22,2,68,normal_corr_dominates,1.28906102e+00,1.00000000e+00,2.49999883e+07,-1.16583567e+01,-5.09307380e+00,-6.56528292e+00,1.00011743e-09
29,7.40695267e-01,2.34712167e-08,95,23,0,69,normal_corr_dominates,1.26047356e+00,1.00000000e+00,2.50000011e+07,1.13405829e+00,-4.35383257e+00,5.48789086e+00,1.00011575e-09
29,7.40695267e-01,2.34712167e-08,95,23,0,69,corr_ratio_high,8.08800876e-01,5.00000000e-01,2.50000011e+07,1.13405829e+00,-4.35383257e+00,5.48789086e+00,1.00011575e-09
29,7.40695267e-01,2.34712167e-08,95,23,1,70,normal_corr_dominates,1.07213577e+00,1.00000000e+00,2.49999910e+07,-9.02173221e+00,-4.35383257e+00,-4.66789964e+00,1.00013428e-09
29,7.40695267e-01,2.34712167e-08,95,23,1,70,corr_ratio_high,5.15561390e-01,5.00000000e-01,2.49999910e+07,-9.02173221e+00,-4.35383257e+00,-4.66789964e+00,1.00013428e-09
29,7.40695267e-01,2.34712167e-08,95,24,0,72,normal_corr_dominates,1.83465110e+00,1.00000000e+00,2.50000031e+07,3.13390997e+00,-3.75475448e+00,6.88866444e+00,1.00009275e-09
29,7.40695267e-01,2.34712167e-08,95,24,0,72,corr_ratio_high,6.21391476e-01,5.00000000e-01,2.50000031e+07,3.13390997e+00,-3.75475448e+00,6.88866444e+00,1.00009275e-09
29,7.40695267e-01,2.34712167e-08,95,24,2,74,normal_corr_dominates,1.19868731e+00,1.00000000e+00,2.49999917e+07,-8.25553102e+00,-3.75475448e+00,-4.50077654e+00,1.00011292e-09
29,7.40695267e-01,2.34712167e-08,95,26,0,78,normal_corr_dominates,1.24470235e+00,1.00000000e+00,2.50000002e+07,1.67001437e-01,-6.82467657e-01,8.49469094e-01,1.00008271e-09
29,7.40695267e-01,2.34712167e-08,95,27,2,83,normal_corr_dominates,1.44307799e+00,1.00000000e+00,2.49999790e+07,-2.10187094e+01,-8.60337226e+00,-1.24153371e+01,1.00013187e-09
29,7.40695267e-01,2.34712167e-08,95,28,0,84,normal_corr_dominates,1.30211491e+00,1.00000000e+00,2.49999948e+07,-5.17708172e+00,-2.24883723e+00,-2.92824448e+00,1.00012757e-09
29,7.40695267e-01,2.34712167e-08,95,28,1,85,normal_corr_dominates,1.59707712e+00,1.00000000e+00,2.50000013e+07,1.34272925e+00,-2.24883723e+00,3.59156648e+00,1.00010587e-09
29,7.40695267e-01,2.34712167e-08,95,29,0,87,normal_corr_dominates,8.43577773e+00,1.00000000e+00,2.49999976e+07,-2.41740664e+00,-2.56195802e-01,-2.16121084e+00,1.00012106e-09
29,7.40695267e-01,2.34712167e-08,95,29,1,88,normal_corr_dominates,2.30522526e+00,1.00000000e+00,2.50000003e+07,3.34393232e-01,-2.56195802e-01,5.90589034e-01,1.00010810e-09
29,7.40695267e-01,2.34712167e-08,95,29,2,89,normal_corr_dominates,9.10263991e+00,1.00000000e+00,2.50000021e+07,2.07586233e+00,-2.56195802e-01,2.33205813e+00,1.00010199e-09
29,7.40695267e-01,2.34712167e-08,95,30,0,90,normal_corr_dominates,1.56623052e+01,1.00000000e+00,2.49999931e+07,-6.91196061e+00,-4.14826192e-01,-6.49713442e+00,1.00010122e-09
29,7.40695267e-01,2.34712167e-08,95,30,2,92,normal_corr_dominates,6.36357638e+00,1.00000000e+00,2.50000022e+07,2.22495197e+00,-4.14826192e-01,2.63977816e+00,1.00009829e-09
29,7.40695267e-01,2.34712167e-08,95,32,1,97,normal_corr_dominates,2.93507157e+00,1.00000000e+00,2.49999894e+07,-1.05551970e+01,-2.68233927e+00,-7.87285773e+00,1.00009792e-09
29,7.40695267e-01,2.34712167e-08,95,32,2,98,normal_corr_dominates,1.76892590e+00,1.00000000e+00,2.50000021e+07,2.06252012e+00,-2.68233927e+00,4.74485939e+00,1.00010242e-09
29,7.40695267e-01,2.34712167e-08,95,35,1,106,normal_corr_dominates,7.48229245e+00,1.00000000e+00,2.49999846e+07,-1.54267421e+01,-1.81869963e+00,-1.36080425e+01,1.00013628e-09
29,7.40695267e-01,2.34712167e-08,95,35,2,107,normal_corr_dominates,2.46283253e+00,1.00000000e+00,2.50000027e+07,2.66045297e+00,-1.81869963e+00,4.47915260e+00,1.00009841e-09
29,7.40695267e-01,2.34712167e-08,95,13,0,39,normal_corr_dominates,3.00827511e+01,1.00000000e+00,2.50000032e+07,3.18054875e+00,1.02325201e-01,3.07822355e+00,1.00011391e-09
29,7.40695267e-01,2.34712167e-08,95,13,1,40,normal_corr_dominates,9.54589664e+01,1.00000000e+00,2.49999903e+07,-9.66553273e+00,1.02325201e-01,-9.76785793e+00,1.00014481e-09
29,7.40695267e-01,2.34712167e-08,95,13,2,41,normal_corr_dominates,3.97478111e+01,1.00000000e+00,2.50000042e+07,4.16952796e+00,1.02325201e-01,4.06720276e+00,1.00009514e-09
29,7.40695267e-01,2.34712167e-08,95,25,0,75,normal_corr_dominates,9.04004161e+00,1.00000000e+00,2.50000034e+07,3.43167615e+00,-4.26823182e-01,3.85849933e+00,1.00012214e-09
29,7.40695267e-01,2.34712167e-08,95,25,1,76,normal_corr_dominates,6.79832974e+00,1.00000000e+00,2.50000025e+07,2.47486155e+00,-4.26823182e-01,2.90168473e+00,1.00010501e-09
29,7.40695267e-01,2.34712167e-08,95,25,2,77,normal_corr_dominates,2.15279804e+01,1.00000000e+00,2.49999904e+07,-9.61546427e+00,-4.26823182e-01,-9.18864109e+00,1.00009411e-09
30,7.66913959e-01,2.43020369e-08,95,0,0,0,normal_corr_dominates,4.96592445e+00,1.00000000e+00,2.50000291e+07,2.90844101e+01,-7.33357646e+00,3.64179866e+01,1.00010223e-09
30,7.66913959e-01,2.43020369e-08,95,0,0,0,corr_ratio_high,7.24740681e-01,5.00000000e-01,2.50000291e+07,2.90844101e+01,-7.33357646e+00,3.64179866e+01,1.00010223e-09
30,7.66913959e-01,2.43020369e-08,95,0,1,1,normal_corr_dominates,2.16284878e+00,1.00000000e+00,2.49999768e+07,-2.31949934e+01,-7.33357646e+00,-1.58614169e+01,1.00020982e-09
30,7.66913959e-01,2.43020369e-08,95,0,2,2,corr_ratio_high,7.52031577e-01,5.00000000e-01,2.49999971e+07,-2.93811126e+00,-7.33357646e+00,4.39546519e+00,1.00012964e-09
30,7.66913959e-01,2.43020369e-08,95,1,0,3,normal_corr_dominates,6.42552402e+00,1.00000000e+00,2.49999847e+07,-1.53478922e+01,-2.06691031e+00,-1.32809819e+01,1.00011027e-09
30,7.66913959e-01,2.43020369e-08,95,1,1,4,normal_corr_dominates,9.00987671e+00,1.00000000e+00,2.50000166e+07,1.65556968e+01,-2.06691031e+00,1.86226071e+01,1.00017550e-09
30,7.66913959e-01,2.43020369e-08,95,1,2,5,normal_corr_dominates,8.96948574e+00,1.00000000e+00,2.49999794e+07,-2.06060329e+01,-2.06691031e+00,-1.85391226e+01,1.00011598e-09
30,7.66913959e-01,2.43020369e-08,95,1,2,5,corr_ratio_high,5.47760683e-01,5.00000000e-01,2.49999794e+07,-2.06060329e+01,-2.06691031e+00,-1.85391226e+01,1.00011598e-09
30,7.66913959e-01,2.43020369e-08,95,2,0,6,normal_corr_dominates,4.11436574e+01,1.00000000e+00,2.49999847e+07,-1.52841940e+01,-3.62668903e-01,-1.49215251e+01,1.00012910e-09
30,7.66913959e-01,2.43020369e-08,95,2,1,7,normal_corr_dominates,5.19802128e+01,1.00000000e+00,2.49999808e+07,-1.92142756e+01,-3.62668903e-01,-1.88516067e+01,1.00013578e-09
30,7.66913959e-01,2.43020369e-08,95,2,2,8,normal_corr_dominates,3.82727215e+01,1.00000000e+00,2.50000135e+07,1.35176570e+01,-3.62668903e-01,1.38803259e+01,1.00009868e-09
30,7.66913959e-01,2.43020369e-08,95,3,0,9,normal_corr_dominates,8.42508944e+00,1.00000000e+00,2.49999869e+07,-1.31051924e+01,-1.39045815e+00,-1.17147343e+01,1.00014756e-09
30,7.66913959e-01,2.43020369e-08,95,3,1,10,normal_corr_dominates,6.76373819e+00,1.00000000e+00,2.50000080e+07,8.01423673e+00,-1.39045815e+00,9.40469488e+00,1.00009137e-09
30,7.66913959e-01,2.43020369e-08,95,3,1,10,corr_ratio_high,5.92555163e-01,5.00000000e-01,2.50000080e+07,8.01423673e+00,-1.39045815e+00,9.40469488e+00,1.00009137e-09
30,7.66913959e-01,2.43020369e-08,95,3,2,11,normal_corr_dominates,2.15262383e+00,1.00000000e+00,2.50000016e+07,1.60267520e+00,-1.39045815e+00,2.99313335e+00,1.00011907e-09
30,7.66913959e-01,2.43020369e-08,95,3,2,11,corr_ratio_high,6.14221491e-01,5.00000000e-01,2.50000016e+07,1.60267520e+00,-1.39045815e+00,2.99313335e+00,1.00011907e-09
30,7.66913959e-01,2.43020369e-08,95,4,1,13,normal_corr_dominates,2.10105614e+00,1.00000000e+00,2.50000076e+07,7.62024772e+00,-6.92085300e+00,1.45411007e+01,1.00010845e-09
30,7.66913959e-01,2.43020369e-08,95,4,1,13,corr_ratio_high,5.04457822e-01,5.00000000e-01,2.50000076e+07,7.62024772e+00,-6.92085300e+00,1.45411007e+01,1.00010845e-09
30,7.66913959e-01,2.43020369e-08,95,5,0,15,normal_corr_dominates,8.15829080e+00,1.00000000e+00,2.49999860e+07,-1.40418320e+01,-1.53323718e+00,-1.25085948e+01,1.00020577e-09
30,7.66913959e-01,2.43020369e-08,95,5,1,16,normal_corr_dominates,4.66020057e+00,1.00000000e+00,2.50000056e+07,5.61195562e+00,-1.53323718e+00,7.14519281e+00,1.00012121e-09
30,7.66913959e-01,2.43020369e-08,95,5,1,16,corr_ratio_high,6.67561903e-01,5.00000000e-01,2.50000056e+07,5.61195562e+00,-1.53323718e+00,7.14519281e+00,1.00012121e-09
30,7.66913959e-01,2.43020369e-08,95,5,2,17,normal_corr_dominates,8.18550628e+00,1.00000000e+00,2.49999859e+07,-1.40835598e+01,-1.53323718e+00,-1.25503226e+01,1.00016627e-09
30,7.66913959e-01,2.43020369e-08,95,7,0,21,normal_corr_dominates,8.28847318e+00,1.00000000e+00,2.49999976e+07,-2.41163559e+00,-2.59637461e-01,-2.15199813e+00,1.00008156e-09
30,7.66913959e-01,2.43020369e-08,95,7,1,22,normal_corr_dominates,2.02410053e+01,1.00000000e+00,2.49999945e+07,-5.51496067e+00,-2.59637461e-01,-5.25532321e+00,1.00010359e-09
30,7.66913959e-01,2.43020369e-08,95,7,2,23,normal_corr_dominates,5.51750586e+00,1.00000000e+00,2.50000012e+07,1.17291375e+00,-2.59637461e-01,1.43255121e+00,1.00010809e-09
30,7.66913959e-01,2.43020369e-08,95,8,0,24,normal_corr_dominates,4.56106050e+00,1.00000000e+00,2.50000180e+07,1.79558507e+01,-5.04227622e+00,2.29981269e+01,1.00018028e-09
30,7.66913959e-01,2.43020369e-08,95,8,1,25,normal_corr_dominates,3.17151223e+00,1.00000000e+00,2.50000109e+07,1.09493645e+01,-5.04227622e+00,1.59916407e+01,1.00011993e-09
30,7.66913959e-01,2.43020369e-08,95,8,2,26,normal_corr_dominates,4.04260788e+00,1.00000000e+00,2.49999746e+07,-2.54262218e+01,-5.04227622e+00,-2.03839456e+01,1.00011820e-09
30,7.66913959e-01,2.43020369e-08,95,8,2,26,corr_ratio_high,5.80287591e-01,5.00000000e-01,2.49999746e+07,-2.54262218e+01,-5.04227622e+00,-2.03839456e+01,1.00011820e-09
30,7.66913959e-01,2.43020369e-08,95,9,0,27,normal_corr_dominates,5.39846732e+00,1.00000000e+00,2.50000180e+07,1.80153843e+01,-4.09583224e+00,2.21112165e+01,1.00010879e-09
30,7.66913959e-01,2.43020369e-08,95,9,0,27,corr_ratio_high,6.45837192e-01,5.00000000e-01,2.50000180e+07,1.80153843e+01,-4.09583224e+00,2.21112165e+01,1.00010879e-09
30,7.66913959e-01,2.43020369e-08,95,9,1,28,normal_corr_dominates,1.41516329e+00,1.00000000e+00,2.50000017e+07,1.70043920e+00,-4.09583224e+00,5.79627144e+00,1.00009723e-09
30,7.66913959e-01,2.43020369e-08,95,9,1,28,corr_ratio_high,6.16729637e-01,5.00000000e-01,2.50000017e+07,1.70043920e+00,-4.09583224e+00,5.79627144e+00,1.00009723e-09
30,7.66913959e-01,2.43020369e-08,95,9,2,29,normal_corr_dominates,6.52892485e+00,1.00000000e+00,2.49999692e+07,-3.08372131e+01,-4.09583224e+00,-2.67413809e+01,1.00022724e-09
30,7.66913959e-01,2.43020369e-08,95,9,2,29,corr_ratio_high,7.37978092e-01,5.00000000e-01,2.49999692e+07,-3.08372131e+01,-4.09583224e+00,-2.67413809e+01,1.00022724e-09
30,7.66913959e-01,2.43020369e-08,95,10,0,30,normal_corr_dominates,1.46915540e+00,1.00000000e+00,2.50000011e+07,1.11147366e+00,-2.36909488e+00,3.48056853e+00,1.00009311e-09
30,7.66913959e-01,2.43020369e-08,95,12,0,36,normal_corr_dominates,1.38879439e+00,1.00000000e+00,2.49999893e+07,-1.06996742e+01,-4.47911055e+00,-6.22056361e+00,1.00013940e-09
30,7.66913959e-01,2.43020369e-08,95,12,1,37,normal_corr_dominates,2.14360651e+00,1.00000000e+00,2.50000051e+07,5.12233999e+00,-4.47911055e+00,9.60145054e+00,1.00006737e-09
30,7.66913959e-01,2.43020369e-08,95,12,1,37,corr_ratio_high,9.68411085e-01,5.00000000e-01,2.50000051e+07,5.12233999e+00,-4.47911055e+00,9.60145054e+00,1.00006737e-09
30,7.66913959e-01,2.43020369e-08,95,12,2,38,normal_corr_dominates,2.56417114e+00,1.00000000e+00,2.49999840e+07,-1.59643165e+01,-4.47911055e+00,-1.14852060e+01,1.00019027e-09
30,7.66913959e-01,2.43020369e-08,95,12,2,38,corr_ratio_high,5.50905169e-01,5.00000000e-01,2.49999840e+07,-1.59643165e+01,-4.47911055e+00,-1.14852060e+01,1.00019027e-09
30,7.66913959e-01,2.43020369e-08,95,14,0,42,normal_corr_dominates,2.96533825e+01,1.00000000e+00,2.49999945e+07,-5.53291965e+00,1.93098307e-01,-5.72601796e+00,1.00012949e-09
30,7.66913959e-01,2.43020369e-08,95,14,1,43,normal_corr_dominates,7.04978368e+00,1.00000000e+00,2.49999988e+07,-1.16820298e+00,1.93098307e-01,-1.36130129e+00,1.00010725e-09
30,7.66913959e-01,2.43020369e-08,95,14,2,44,normal_corr_dominates,8.69836898e+00,1.00000000e+00,2.50000019e+07,1.87273863e+00,1.93098307e-01,1.67964032e+00,1.00010638e-09
30,7.66913959e-01,2.43020369e-08,95,15,1,46,normal_corr_dominates,5.17821994e+00,1.00000000e+00,2.49999823e+07,-1.77014346e+01,-2.86513507e+00,-1.48362996e+01,1.00014174e-09
30,7.66913959e-01,2.43020369e-08,95,15,2,47,normal_corr_dominates,2.41008825e+00,1.00000000e+00,2.50000040e+07,4.04009329e+00,-2.86513507e+00,6.90522836e+00,1.00009866e-09
30,7.66913959e-01,2.43020369e-08,95,18,0,54,normal_corr_dominates,1.14740661e+00,1.00000000e+00,2.49999953e+07,-4.74163856e+00,-2.20807673e+00,-2.53356183e+00,1.00010012e-09
30,7.66913959e-01,2.43020369e-08,95,18,2,56,normal_corr_dominates,1.07390609e+00,1.00000000e+00,2.49999954e+07,-4.57934378e+00,-2.20807673e+00,-2.37126705e+00,1.00011957e-09
30,7.66913959e-01,2.43020369e-08,95,21,0,63,normal_corr_dominates,1.44469856e+00,1.00000000e+00,2.50000035e+07,3.51941650e+00,-7.91416211e+00,1.14335786e+01,1.00008797e-09
30,7.66913959e-01,2.43020369e-08,95,21,0,63,corr_ratio_high,7.66348799e-01,5.00000000e-01,2.50000035e+07,3.51941650e+00,-7.91416211e+00,1.14335786e+01,1.00008797e-09
30,7.66913959e-01,2.43020369e-08,95,22,0,66,normal_corr_dominates,2.66288418e+00,1.00000000e+00,2.50000087e+07,8.74325605e+00,-5.25788635e+00,1.40011424e+01,1.00012371e-09
30,7.66913959e-01,2.43020369e-08,95,22,2,68,normal_corr_dominates,1.29033848e+00,1.00000000e+00,2.49999880e+07,-1.20423394e+01,-5.25788635e+00,-6.78445308e+00,1.00012132e-09
30,7.66913959e-01,2.43020369e-08,95,23,0,69,normal_corr_dominates,1.26395383e+00,1.00000000e+00,2.50000012e+07,1.18538939e+00,-4.49089666e+00,5.67628605e+00,1.00011955e-09
30,7.66913959e-01,2.43020369e-08,95,23,0,69,corr_ratio_high,8.08931594e-01,5.00000000e-01,2.50000012e+07,1.18538939e+00,-4.49089666e+00,5.67628605e+00,1.00011955e-09
30,7.66913959e-01,2.43020369e-08,95,23,1,70,normal_corr_dominates,1.07650164e+00,1.00000000e+00,2.49999907e+07,-9.32535428e+00,-4.49089666e+00,-4.83445761e+00,1.00013875e-09
30,7.66913959e-01,2.43020369e-08,95,23,1,70,corr_ratio_high,5.15472419e-01,5.00000000e-01,2.49999907e+07,-9.32535428e+00,-4.49089666e+00,-4.83445761e+00,1.00013875e-09
30,7.66913959e-01,2.43020369e-08,95,24,0,72,normal_corr_dominates,1.83701886e+00,1.00000000e+00,2.50000032e+07,3.24481688e+00,-3.87663532e+00,7.12145220e+00,1.00009581e-09
30,7.66913959e-01,2.43020369e-08,95,24,0,72,corr_ratio_high,6.21416315e-01,5.00000000e-01,2.50000032e+07,3.24481688e+00,-3.87663532e+00,7.12145220e+00,1.00009581e-09
30,7.66913959e-01,2.43020369e-08,95,24,2,74,normal_corr_dominates,1.19936935e+00,1.00000000e+00,2.49999915e+07,-8.52615291e+00,-3.87663532e+00,-4.64951759e+00,1.00011665e-09
30,7.66913959e-01,2.43020369e-08,95,26,0,78,normal_corr_dominates,1.24569290e+00,1.00000000e+00,2.50000002e+07,1.72801434e-01,-7.03322873e-01,8.76124307e-01,1.00008545e-09
30,7.66913959e-01,2.43020369e-08,95,27,2,83,normal_corr_dominates,1.44369505e+00,1.00000000e+00,2.49999783e+07,-2.17127006e+01,-8.88519235e+00,-1.28275082e+01,1.00013622e-09
30,7.66913959e-01,2.43020369e-08,95,28,0,84,normal_corr_dominates,1.30244600e+00,1.00000000e+00,2.49999947e+07,-5.34417443e+00,-2.32108568e+00,-3.02308875e+00,1.00013178e-09
30,7.66913959e-01,2.43020369e-08,95,28,1,85,normal_corr_dominates,1.59961254e+00,1.00000000e+00,2.50000014e+07,1.39175207e+00,-2.32108568e+00,3.71283775e+00,1.00010936e-09
30,7.66913959e-01,2.43020369e-08,95,29,0,87,normal_corr_dominates,8.51979522e+00,1.00000000e+00,2.49999975e+07,-2.49659459e+00,-2.62252972e-01,-2.23434162e+00,1.00012506e-09
30,7.66913959e-01,2.43020369e-08,95,29,1,88,normal_corr_dominates,2.32795570e+00,1.00000000e+00,2.50000003e+07,3.48260330e-01,-2.62252972e-01,6.10513302e-01,1.00011167e-09
30,7.66913959e-01,2.43020369e-08,95,29,2,89,normal_corr_dominates,9.18690928e+00,1.00000000e+00,2.50000021e+07,2.14704129e+00,-2.62252972e-01,2.40929426e+00,1.00010536e-09
30,7.66913959e-01,2.43020369e-08,95,30,0,90,normal_corr_dominates,1.57626732e+01,1.00000000e+00,2.49999929e+07,-7.13916780e+00,-4.25896736e-01,-6.71327107e+00,1.00010456e-09
30,7.66913959e-01,2.43020369e-08,95,30,2,92,normal_corr_dominates,6.40418282e+00,1.00000000e+00,2.50000023e+07,2.30162383e+00,-4.25896736e-01,2.72752056e+00,1.00010154e-09
30,7.66913959e-01,2.43020369e-08,95,32,1,97,normal_corr_dominates,2.93879499e+00,1.00000000e+00,2.49999891e+07,-1.09033939e+01,-2.76820548e+00,-8.13518838e+00,1.00010116e-09
30,7.66913959e-01,2.43020369e-08,95,32,2,98,normal_corr_dominates,1.77159105e+00,1.00000000e+00,2.50000021e+07,2.13592258e+00,-2.76820548e+00,4.90412805e+00,1.00010580e-09
30,7.66913959e-01,2.43020369e-08,95,35,1,106,normal_corr_dominates,7.49169376e+00,1.00000000e+00,2.49999841e+07,-1.59390699e+01,-1.87701893e+00,-1.40620510e+01,1.00014078e-09
30,7.66913959e-01,2.43020369e-08,95,35,2,107,normal_corr_dominates,2.46602043e+00,1.00000000e+00,2.50000028e+07,2.75174810e+00,-1.87701893e+00,4.62876703e+00,1.00010167e-09
30,7.66913959e-01,2.43020369e-08,95,13,0,39,normal_corr_dominates,2.94370156e+01,1.00000000e+00,2.50000033e+07,3.28564991e+00,1.07949148e-01,3.17770077e+00,1.00011767e-09
30,7.66913959e-01,2.43020369e-08,95,13,1,40,normal_corr_dominates,9.34637625e+01,1.00000000e+00,2.49999900e+07,-9.98138440e+00,1.07949148e-01,-1.00893336e+01,1.00014958e-09
30,7.66913959e-01,2.43020369e-08,95,13,2,41,normal_corr_dominates,3.89538823e+01,1.00000000e+00,2.50000043e+07,4.31298756e+00,1.07949148e-01,4.20503841e+00,1.00009828e-09
30,7.66913959e-01,2.43020369e-08,95,25,0,75,normal_corr_dominates,9.09005951e+00,1.00000000e+00,2.50000035e+07,3.54634846e+00,-4.38358761e-01,3.98470723e+00,1.00012617e-09
30,7.66913959e-01,2.43020369e-08,95,25,1,76,normal_corr_dominates,6.84504100e+00,1.00000000e+00,2.50000026e+07,2.56222493e+00,-4.38358761e-01,3.00058369e+00,1.00010848e-09
30,7.66913959e-01,2.43020369e-08,95,25,2,77,normal_corr_dominates,2.16628989e+01,1.00000000e+00,2.49999901e+07,-9.93448029e+00,-4.38358761e-01,-9.49612153e+00,1.00009723e-09
31,7.92603670e-01,2.51160947e-08,95,0,0,0,normal_corr_dominates,4.96880621e+00,1.00000000e+00,2.50000300e+07,2.99930344e+01,-7.55719298e+00,3.75502274e+01,1.00010546e-09
31,7.92603670e-01,2.51160947e-08,95,0,0,0,corr_ratio_high,7.24686853e-01,5.00000000e-01,2.50000300e+07,2.99930344e+01,-7.55719298e+00,3.75502274e+01,1.00010546e-09
31,7.92603670e-01,2.51160947e-08,95,0,1,1,normal_corr_dominates,2.16470546e+00,1.00000000e+00,2.49999761e+07,-2.39162899e+01,-7.55719298e+00,-1.63590969e+01,1.00021634e-09
31,7.92603670e-01,2.51160947e-08,95,0,2,2,corr_ratio_high,7.52054886e-01,5.00000000e-01,2.49999970e+07,-3.01314522e+00,-7.55719298e+00,4.54404776e+00,1.00013367e-09
31,7.92603670e-01,2.51160947e-08,95,1,0,3,normal_corr_dominates,6.43578569e+00,1.00000000e+00,2.49999842e+07,-1.58275519e+01,-2.12856483e+00,-1.36989871e+01,1.00011373e-09
31,7.92603670e-01,2.51160947e-08,95,1,1,4,normal_corr_dominates,9.02714933e+00,1.00000000e+00,2.50000171e+07,1.70863078e+01,-2.12856483e+00,1.92148726e+01,1.00018095e-09
31,7.92603670e-01,2.51160947e-08,95,1,2,5,normal_corr_dominates,8.98583163e+00,1.00000000e+00,2.49999787e+07,-2.12554900e+01,-2.12856483e+00,-1.91269252e+01,1.00011961e-09
31,7.92603670e-01,2.51160947e-08,95,1,2,5,corr_ratio_high,5.47768872e-01,5.00000000e-01,2.49999787e+07,-2.12554900e+01,-2.12856483e+00,-1.91269252e+01,1.00011961e-09
31,7.92603670e-01,2.51160947e-08,95,2,0,6,normal_corr_dominates,4.13225924e+01,1.00000000e+00,2.49999842e+07,-1.57621543e+01,-3.72428847e-01,-1.53897254e+01,1.00013314e-09
31,7.92603670e-01,2.51160947e-08,95,2,1,7,normal_corr_dominates,5.22146830e+01,1.00000000e+00,2.49999802e+07,-1.98186830e+01,-3.72428847e-01,-1.94462542e+01,1.00014002e-09
31,7.92603670e-01,2.51160947e-08,95,2,2,8,normal_corr_dominates,3.84396853e+01,1.00000000e+00,2.50000139e+07,1.39436188e+01,-3.72428847e-01,1.43160477e+01,1.00010176e-09
31,7.92603670e-01,2.51160947e-08,95,3,0,9,normal_corr_dominates,8.44315794e+00,1.00000000e+00,2.49999865e+07,-1.35102872e+01,-1.43069588e+00,-1.20795913e+01,1.00015216e-09
31,7.92603670e-01,2.51160947e-08,95,3,1,10,normal_corr_dominates,6.78301346e+00,1.00000000e+00,2.50000083e+07,8.27373355e+00,-1.43069588e+00,9.70442943e+00,1.00009422e-09
31,7.92603670e-01,2.51160947e-08,95,3,1,10,corr_ratio_high,5.92466237e-01,5.00000000e-01,2.50000083e+07,8.27373355e+00,-1.43069588e+00,9.70442943e+00,1.00009422e-09
31,7.92603670e-01,2.51160947e-08,95,3,2,11,normal_corr_dominates,2.15522954e+00,1.00000000e+00,2.50000017e+07,1.65278215e+00,-1.43069588e+00,3.08347803e+00,1.00012281e-09
31,7.92603670e-01,2.51160947e-08,95,3,2,11,corr_ratio_high,6.14217601e-01,5.00000000e-01,2.50000017e+07,1.65278215e+00,-1.43069588e+00,3.08347803e+00,1.00012281e-09
31,7.92603670e-01,2.51160947e-08,95,4,1,13,normal_corr_dominates,2.10184618e+00,1.00000000e+00,2.50000079e+07,7.85717976e+00,-7.13092253e+00,1.49881023e+01,1.00011187e-09
31,7.92603670e-01,2.51160947e-08,95,4,1,13,corr_ratio_high,5.04169692e-01,5.00000000e-01,2.50000079e+07,7.85717976e+00,-7.13092253e+00,1.49881023e+01,1.00011187e-09
31,7.92603670e-01,2.51160947e-08,95,5,0,15,normal_corr_dominates,8.18309412e+00,1.00000000e+00,2.49999855e+07,-1.44796099e+01,-1.57676810e+00,-1.29028418e+01,1.00021218e-09
31,7.92603670e-01,2.51160947e-08,95,5,1,16,normal_corr_dominates,4.67782406e+00,1.00000000e+00,2.50000058e+07,5.79907567e+00,-1.57676810e+00,7.37584377e+00,1.00012500e-09
31,7.92603670e-01,2.51160947e-08,95,5,1,16,corr_ratio_high,6.67518988e-01,5.00000000e-01,2.50000058e+07,5.79907567e+00,-1.57676810e+00,7.37584377e+00,1.00012500e-09
31,7.92603670e-01,2.51160947e-08,95,5,2,17,normal_corr_dominates,8.20950174e+00,1.00000000e+00,2.49999855e+07,-1.45212486e+01,-1.57676810e+00,-1.29444805e+01,1.00017145e-09
31,7.92603670e-01,2.51160947e-08,95,7,0,21,normal_corr_dominates,8.34190329e+00,1.00000000e+00,2.49999975e+07,-2.48204932e+00,-2.65689896e-01,-2.21635942e+00,1.00008411e-09
31,7.92603670e-01,2.51160947e-08,95,7,1,22,normal_corr_dominates,2.04057966e+01,1.00000000e+00,2.49999943e+07,-5.68730387e+00,-2.65689896e-01,-5.42161398e+00,1.00010683e-09
31,7.92603670e-01,2.51160947e-08,95,7,2,23,normal_corr_dominates,5.56404793e+00,1.00000000e+00,2.50000012e+07,1.21262142e+00,-2.65689896e-01,1.47831132e+00,1.00011146e-09
31,7.92603670e-01,2.51160947e-08,95,8,0,24,normal_corr_dominates,4.56704229e+00,1.00000000e+00,2.50000185e+07,1.85326701e+01,-5.19552857e+00,2.37281987e+01,1.00018589e-09
31,7.92603670e-01,2.51160947e-08,95,8,1,25,normal_corr_dominates,3.17389028e+00,1.00000000e+00,2.50000113e+07,1.12945090e+01,-5.19552857e+00,1.64900376e+01,1.00012368e-09
31,7.92603670e-01,2.51160947e-08,95,8,2,26,normal_corr_dominates,4.04776573e+00,1.00000000e+00,2.49999738e+07,-2.62258110e+01,-5.19552857e+00,-2.10302825e+01,1.00012190e-09
31,7.92603670e-01,2.51160947e-08,95,8,2,26,corr_ratio_high,5.80195577e-01,5.00000000e-01,2.49999738e+07,-2.62258110e+01,-5.19552857e+00,-2.10302825e+01,1.00012190e-09
31,7.92603670e-01,2.51160947e-08,95,9,0,27,normal_corr_dominates,5.40426033e+00,1.00000000e+00,2.50000186e+07,1.85840047e+01,-4.21955181e+00,2.28035565e+01,1.00011219e-09
31,7.92603670e-01,2.51160947e-08,95,9,0,27,corr_ratio_high,6.45854512e-01,5.00000000e-01,2.50000186e+07,1.85840047e+01,-4.21955181e+00,2.28035565e+01,1.00011219e-09
31,7.92603670e-01,2.51160947e-08,95,9,1,28,normal_corr_dominates,1.41616315e+00,1.00000000e+00,2.50000018e+07,1.75602197e+00,-4.21955181e+00,5.97557378e+00,1.00010028e-09
31,7.92603670e-01,2.51160947e-08,95,9,1,28,corr_ratio_high,6.16600009e-01,5.00000000e-01,2.50000018e+07,1.75602197e+00,-4.21955181e+00,5.97557378e+00,1.00010028e-09
31,7.92603670e-01,2.51160947e-08,95,9,2,29,normal_corr_dominates,6.53486000e+00,1.00000000e+00,2.49999682e+07,-3.17937321e+01,-4.21955181e+00,-2.75741803e+01,1.00023430e-09
31,7.92603670e-01,2.51160947e-08,95,9,2,29,corr_ratio_high,7.38025095e-01,5.00000000e-01,2.49999682e+07,-3.17937321e+01,-4.21955181e+00,-2.75741803e+01,1.00023430e-09
31,7.92603670e-01,2.51160947e-08,95,10,0,30,normal_corr_dominates,1.47008941e+00,1.00000000e+00,2.50000011e+07,1.14728186e+00,-2.44056093e+00,3.58784279e+00,1.00009603e-09
31,7.92603670e-01,2.51160947e-08,95,12,0,36,normal_corr_dominates,1.38972253e+00,1.00000000e+00,2.49999890e+07,-1.10292079e+01,-4.61526715e+00,-6.41394073e+00,1.00014375e-09
31,7.92603670e-01,2.51160947e-08,95,12,1,37,normal_corr_dominates,2.14450746e+00,1.00000000e+00,2.50000053e+07,5.28220769e+00,-4.61526715e+00,9.89747484e+00,1.00006950e-09
31,7.92603670e-01,2.51160947e-08,95,12,1,37,corr_ratio_high,9.68238893e-01,5.00000000e-01,2.50000053e+07,5.28220769e+00,-4.61526715e+00,9.89747484e+00,1.00006950e-09
31,7.92603670e-01,2.51160947e-08,95,12,2,38,normal_corr_dominates,2.56545263e+00,1.00000000e+00,2.49999835e+07,-1.64555164e+01,-4.61526715e+00,-1.18402492e+01,1.00019619e-09
31,7.92603670e-01,2.51160947e-08,95,12,2,38,corr_ratio_high,5.50937334e-01,5.00000000e-01,2.49999835e+07,-1.64555164e+01,-4.61526715e+00,-1.18402492e+01,1.00019619e-09
31,7.92603670e-01,2.51160947e-08,95,14,0,42,normal_corr_dominates,2.93394313e+01,1.00000000e+00,2.49999943e+07,-5.70568416e+00,2.01333757e-01,-5.90701792e+00,1.00013353e-09
31,7.92603670e-01,2.51160947e-08,95,14,1,43,normal_corr_dominates,6.97098183e+00,1.00000000e+00,2.49999988e+07,-1.20216020e+00,2.01333757e-01,-1.40349396e+00,1.00011060e-09
31,7.92603670e-01,2.51160947e-08,95,14,2,44,normal_corr_dominates,8.60620295e+00,1.00000000e+00,2.50000019e+07,1.93405293e+00,2.01333757e-01,1.73271917e+00,1.00010970e-09
31,7.92603670e-01,2.51160947e-08,95,15,1,46,normal_corr_dominates,5.18045143e+00,1.00000000e+00,2.49999817e+07,-1.82536569e+01,-2.95345042e+00,-1.53002064e+01,1.00014617e-09
31,7.92603670e-01,2.51160947e-08,95,15,2,47,normal_corr_dominates,2.41077990e+00,1.00000000e+00,2.50000042e+07,4.16666849e+00,-2.95345042e+00,7.12011891e+00,1.00010175e-09
31,7.92603670e-01,2.51160947e-08,95,18,0,54,normal_corr_dominates,1.14801589e+00,1.00000000e+00,2.49999951e+07,-4.88727690e+00,-2.27525175e+00,-2.61202516e+00,1.00010325e-09
31,7.92603670e-01,2.51160947e-08,95,18,2,56,normal_corr_dominates,1.07544083e+00,1.00000000e+00,2.49999953e+07,-4.72215036e+00,-2.27525175e+00,-2.44689862e+00,1.00012330e-09
31,7.92603670e-01,2.51160947e-08,95,21,0,63,normal_corr_dominates,1.44588002e+00,1.00000000e+00,2.50000036e+07,3.63803885e+00,-8.15923277e+00,1.17972716e+01,1.00009072e-09
31,7.92603670e-01,2.51160947e-08,95,21,0,63,corr_ratio_high,7.66325972e-01,5.00000000e-01,2.50000036e+07,3.63803885e+00,-8.15923277e+00,1.17972716e+01,1.00009072e-09
31,7.92603670e-01,2.51160947e-08,95,22,0,66,normal_corr_dominates,2.66443908e+00,1.00000000e+00,2.50000090e+07,9.01927223e+00,-5.41880584e+00,1.44380781e+01,1.00012757e-09
31,7.92603670e-01,2.51160947e-08,95,22,2,68,normal_corr_dominates,1.29154226e+00,1.00000000e+00,2.49999876e+07,-1.24174226e+01,-5.41880584e+00,-6.99861674e+00,1.00012511e-09
31,7.92603670e-01,2.51160947e-08,95,23,0,69,normal_corr_dominates,1.26726271e+00,1.00000000e+00,2.50000012e+07,1.23598481e+00,-4.62460622e+00,5.86059104e+00,1.00012325e-09
31,7.92603670e-01,2.51160947e-08,95,23,0,69,corr_ratio_high,8.09054952e-01,5.00000000e-01,2.50000012e+07,1.23598481e+00,-4.62460622e+00,5.86059104e+00,1.00012325e-09
31,7.92603670e-01,2.51160947e-08,95,23,1,70,normal_corr_dominates,1.08065058e+00,1.00000000e+00,2.49999904e+07,-9.62218964e+00,-4.62460622e+00,-4.99758342e+00,1.00014311e-09
31,7.92603670e-01,2.51160947e-08,95,23,1,70,corr_ratio_high,5.15387719e-01,5.00000000e-01,2.49999904e+07,-9.62218964e+00,-4.62460622e+00,-4.99758342e+00,1.00014311e-09
31,7.92603670e-01,2.51160947e-08,95,24,0,72,normal_corr_dominates,1.83925740e+00,1.00000000e+00,2.50000034e+07,3.35338367e+00,-3.99565578e+00,7.34903945e+00,1.00009880e-09
31,7.92603670e-01,2.51160947e-08,95,24,0,72,corr_ratio_high,6.21439009e-01,5.00000000e-01,2.50000034e+07,3.35338367e+00,-3.99565578e+00,7.34903945e+00,1.00009880e-09
31,7.92603670e-01,2.51160947e-08,95,24,2,74,normal_corr_dominates,1.20000127e+00,1.00000000e+00,2.49999912e+07,-8.79044778e+00,-3.99565578e+00,-4.79479200e+00,1.00012030e-09
31,7.92603670e-01,2.51160947e-08,95,26,0,78,normal_corr_dominates,1.24659610e+00,1.00000000e+00,2.50000002e+07,1.78452235e-01,-7.23662038e-01,9.02114273e-01,1.00008812e-09
31,7.92603670e-01,2.51160947e-08,95,27,2,83,normal_corr_dominates,1.44427638e+00,1.00000000e+00,2.49999776e+07,-2.23906534e+01,-9.16044257e+00,-1.32302108e+01,1.00014048e-09
31,7.92603670e-01,2.51160947e-08,95,28,0,84,normal_corr_dominates,1.30275005e+00,1.00000000e+00,2.49999945e+07,-5.50730172e+00,-2.39161942e+00,-3.11568231e+00,1.00013589e-09
31,7.92603670e-01,2.51160947e-08,95,28,1,85,normal_corr_dominates,1.60201597e+00,1.00000000e+00,2.50000014e+07,1.43979307e+00,-2.39161942e+00,3.83141249e+00,1.00011278e-09
31,7.92603670e-01,2.51160947e-08,95,29,0,87,normal_corr_dominates,8.60031497e+00,1.00000000e+00,2.49999974e+07,-2.57398461e+00,-2.68114600e-01,-2.30587001e+00,1.00012897e-09
31,7.92603670e-01,2.51160947e-08,95,29,1,88,normal_corr_dominates,2.34973837e+00,1.00000000e+00,2.50000004e+07,3.61884563e-01,-2.68114600e-01,6.29999163e-01,1.00011517e-09
31,7.92603670e-01,2.51160947e-08,95,29,2,89,normal_corr_dominates,9.26749736e+00,1.00000000e+00,2.50000022e+07,2.21663675e+00,-2.68114600e-01,2.48475135e+00,1.00010866e-09
31,7.92603670e-01,2.51160947e-08,95,30,0,90,normal_corr_dominates,1.58584836e+01,1.00000000e+00,2.49999926e+07,-7.36109007e+00,-4.36640105e-01,-6.92444996e+00,1.00010783e-09
31,7.92603670e-01,2.51160947e-08,95,30,2,92,normal_corr_dominates,6.44293401e+00,1.00000000e+00,2.50000024e+07,2.37660328e+00,-4.36640105e-01,2.81324338e+00,1.00010471e-09
31,7.92603670e-01,2.51160947e-08,95,32,1,97,normal_corr_dominates,2.94230412e+00,1.00000000e+00,2.49999888e+07,-1.12435364e+01,-2.85202157e+00,-8.39151483e+00,1.00010432e-09
31,7.92603670e-01,2.51160947e-08,95,32,2,98,normal_corr_dominates,1.77412881e+00,1.00000000e+00,2.50000022e+07,2.20783207e+00,-2.85202157e+00,5.05985364e+00,1.00010911e-09
31,7.92603670e-01,2.51160947e-08,95,35,1,106,normal_corr_dominates,7.50052803e+00,1.00000000e+00,2.49999836e+07,-1.64397005e+01,-1.93396227e+00,-1.45057382e+01,1.00014517e-09
31,7.92603670e-01,2.51160947e-08,95,35,2,107,normal_corr_dominates,2.46902177e+00,1.00000000e+00,2.50000028e+07,2.84103268e+00,-1.93396227e+00,4.77499495e+00,1.00010485e-09
31,7.92603670e-01,2.51160947e-08,95,13,0,39,normal_corr_dominates,2.88566918e+01,1.00000000e+00,2.50000034e+07,3.38827034e+00,1.13484453e-01,3.27478588e+00,1.00012135e-09
31,7.92603670e-01,2.51160947e-08,95,13,1,40,normal_corr_dominates,9.16720084e+01,1.00000000e+00,2.49999897e+07,-1.02898633e+01,1.13484453e-01,-1.04033477e+01,1.00015424e-09
31,7.92603670e-01,2.51160947e-08,95,13,2,41,normal_corr_dominates,3.82414588e+01,1.00000000e+00,2.50000045e+07,4.45329548e+00,1.13484453e-01,4.33981103e+00,1.00010135e-09
31,7.92603670e-01,2.51160947e-08,95,25,0,75,normal_corr_dominates,9.13750033e+00,1.00000000e+00,2.50000037e+07,3.65836517e+00,-4.49568666e-01,4.10793384e+00,1.00013010e-09
31,7.92603670e-01,2.51160947e-08,95,25,1,76,normal_corr_dominates,6.88949093e+00,1.00000000e+00,2.50000026e+07,2.64773058e+00,-4.49568666e-01,3.09729925e+00,1.00011187e-09
31,7.92603670e-01,2.51160947e-08,95,25,2,77,normal_corr_dominates,2.17911379e+01,1.00000000e+00,2.49999898e+07,-1.02461815e+01,-4.49568666e-01,-9.79661281e+00,1.00010028e-09
32,8.15958654e-01,2.58561695e-08,95,0,0,0,normal_corr_dominates,4.97133405e+00,1.00000000e+00,2.50000308e+07,3.08167718e+01,-7.75980348e+00,3.85765753e+01,1.00010838e-09
32,8.15958654e-01,2.58561695e-08,95,0,0,0,corr_ratio_high,7.24639102e-01,5.00000000e-01,2.50000308e+07,3.08167718e+01,-7.75980348e+00,3.85765753e+01,1.00010838e-09
32,8.15958654e-01,2.58561695e-08,95,0,1,1,normal_corr_dominates,2.16633774e+00,1.00000000e+00,2.49999754e+07,-2.45701586e+01,-7.75980348e+00,-1.68103551e+01,1.00022225e-09
32,8.15958654e-01,2.58561695e-08,95,0,2,2,corr_ratio_high,7.52074624e-01,5.00000000e-01,2.49999969e+07,-3.08072979e+00,-7.75980348e+00,4.67907369e+00,1.00013733e-09
32,8.15958654e-01,2.58561695e-08,95,1,0,3,normal_corr_dominates,6.44478197e+00,1.00000000e+00,2.49999837e+07,-1.62624237e+01,-2.18440564e+00,-1.40780181e+01,1.00011687e-09
32,8.15958654e-01,2.58561695e-08,95,1,1,4,normal_corr_dominates,9.04232467e+00,1.00000000e+00,2.50000176e+07,1.75676993e+01,-2.18440564e+00,1.97521050e+01,1.00018590e-09
32,8.15958654e-01,2.58561695e-08,95,1,2,5,normal_corr_dominates,9.00019934e+00,1.00000000e+00,2.49999782e+07,-2.18444918e+01,-2.18440564e+00,-1.96600862e+01,1.00012289e-09
32,8.15958654e-01,2.58561695e-08,95,1,2,5,corr_ratio_high,5.47775058e-01,5.00000000e-01,2.49999782e+07,-2.18444918e+01,-2.18440564e+00,-1.96600862e+01,1.00012289e-09
32,8.15958654e-01,2.58561695e-08,95,2,0,6,normal_corr_dominates,4.14793394e+01,1.00000000e+00,2.49999838e+07,-1.61954923e+01,-3.81255748e-01,-1.58142366e+01,1.00013681e-09
32,8.15958654e-01,2.58561695e-08,95,2,1,7,normal_corr_dominates,5.24203313e+01,1.00000000e+00,2.49999796e+07,-2.03668084e+01,-3.81255748e-01,-1.99855526e+01,1.00014386e-09
32,8.15958654e-01,2.58561695e-08,95,2,2,8,normal_corr_dominates,3.85860241e+01,1.00000000e+00,2.50000143e+07,1.43298877e+01,-3.81255748e-01,1.47111435e+01,1.00010456e-09
32,8.15958654e-01,2.58561695e-08,95,3,0,9,normal_corr_dominates,8.45907136e+00,1.00000000e+00,2.49999861e+07,-1.38774561e+01,-1.46710555e+00,-1.24103505e+01,1.00015634e-09
32,8.15958654e-01,2.58561695e-08,95,3,1,10,normal_corr_dominates,6.80001600e+00,1.00000000e+00,2.50000085e+07,8.50923566e+00,-1.46710555e+00,9.97634120e+00,1.00009682e-09
32,8.15958654e-01,2.58561695e-08,95,3,1,10,corr_ratio_high,5.92386382e-01,5.00000000e-01,2.50000085e+07,8.50923566e+00,-1.46710555e+00,9.97634120e+00,1.00009682e-09
32,8.15958654e-01,2.58561695e-08,95,3,2,11,normal_corr_dominates,2.15753090e+00,1.00000000e+00,2.50000017e+07,1.69822001e+00,-1.46710555e+00,3.16532556e+00,1.00012619e-09
32,8.15958654e-01,2.58561695e-08,95,3,2,11,corr_ratio_high,6.14213945e-01,5.00000000e-01,2.50000017e+07,1.69822001e+00,-1.46710555e+00,3.16532556e+00,1.00012619e-09
32,8.15958654e-01,2.58561695e-08,95,4,1,13,normal_corr_dominates,2.10253646e+00,1.00000000e+00,2.50000081e+07,8.07192079e+00,-7.32122799e+00,1.53931488e+01,1.00011497e-09
32,8.15958654e-01,2.58561695e-08,95,4,1,13,corr_ratio_high,5.03914360e-01,5.00000000e-01,2.50000081e+07,8.07192079e+00,-7.32122799e+00,1.53931488e+01,1.00011497e-09
32,8.15958654e-01,2.58561695e-08,95,5,0,15,normal_corr_dominates,8.20491211e+00,1.00000000e+00,2.49999851e+07,-1.48765139e+01,-1.61614948e+00,-1.32603645e+01,1.00021799e-09
32,8.15958654e-01,2.58561695e-08,95,5,1,16,normal_corr_dominates,4.69335343e+00,1.00000000e+00,2.50000060e+07,5.96901124e+00,-1.61614948e+00,7.58516072e+00,1.00012843e-09
32,8.15958654e-01,2.58561695e-08,95,5,1,16,corr_ratio_high,6.67479800e-01,5.00000000e-01,2.50000060e+07,5.96901124e+00,-1.61614948e+00,7.58516072e+00,1.00012843e-09
32,8.15958654e-01,2.58561695e-08,95,5,2,17,normal_corr_dominates,8.23061128e+00,1.00000000e+00,2.49999851e+07,-1.49180476e+01,-1.61614948e+00,-1.33018982e+01,1.00017614e-09
32,8.15958654e-01,2.58561695e-08,95,7,0,21,normal_corr_dominates,8.38926740e+00,1.00000000e+00,2.49999975e+07,-2.54575254e+00,-2.71134310e-01,-2.27461823e+00,1.00008643e-09
32,8.15958654e-01,2.58561695e-08,95,7,1,22,normal_corr_dominates,2.05522828e+01,1.00000000e+00,2.49999942e+07,-5.84356332e+00,-2.71134310e-01,-5.57242901e+00,1.00010977e-09
32,8.15958654e-01,2.58561695e-08,95,7,2,23,normal_corr_dominates,5.60538668e+00,1.00000000e+00,2.50000012e+07,1.24867834e+00,-2.71134310e-01,1.51981265e+00,1.00011452e-09
32,8.15958654e-01,2.58561695e-08,95,8,0,24,normal_corr_dominates,4.57231757e+00,1.00000000e+00,2.50000191e+07,1.90560438e+01,-5.33436445e+00,2.43904083e+01,1.00019097e-09
32,8.15958654e-01,2.58561695e-08,95,8,1,25,normal_corr_dominates,3.17598237e+00,1.00000000e+00,2.50000116e+07,1.16074830e+01,-5.33436445e+00,1.69418474e+01,1.00012707e-09
32,8.15958654e-01,2.58561695e-08,95,8,2,26,normal_corr_dominates,4.05231631e+00,1.00000000e+00,2.49999730e+07,-2.69508965e+01,-5.33436445e+00,-2.16165321e+01,1.00012526e-09
32,8.15958654e-01,2.58561695e-08,95,8,2,26,corr_ratio_high,5.80112842e-01,5.00000000e-01,2.49999730e+07,-2.69508965e+01,-5.33436445e+00,-2.16165321e+01,1.00012526e-09
32,8.15958654e-01,2.58561695e-08,95,9,0,27,normal_corr_dominates,5.40936369e+00,1.00000000e+00,2.50000191e+07,1.90996787e+01,-4.33161789e+00,2.34312966e+01,1.00011528e-09
32,8.15958654e-01,2.58561695e-08,95,9,0,27,corr_ratio_high,6.45869489e-01,5.00000000e-01,2.50000191e+07,1.90996787e+01,-4.33161789e+00,2.34312966e+01,1.00011528e-09
32,8.15958654e-01,2.58561695e-08,95,9,1,28,normal_corr_dominates,1.41704973e+00,1.00000000e+00,2.50000018e+07,1.80650007e+00,-4.33161789e+00,6.13811796e+00,1.00010305e-09
32,8.15958654e-01,2.58561695e-08,95,9,1,28,corr_ratio_high,6.16485315e-01,5.00000000e-01,2.50000018e+07,1.80650007e+00,-4.33161789e+00,6.13811796e+00,1.00010305e-09
32,8.15958654e-01,2.58561695e-08,95,9,2,29,normal_corr_dominates,6.54009225e+00,1.00000000e+00,2.49999673e+07,-3.26607985e+01,-4.33161789e+00,-2.83291806e+01,1.00024069e-09
32,8.15958654e-01,2.58561695e-08,95,9,2,29,corr_ratio_high,7.38066538e-01,5.00000000e-01,2.49999673e+07,-3.26607985e+01,-4.33161789e+00,-2.83291806e+01,1.00024069e-09
32,8.15958654e-01,2.58561695e-08,95,10,0,30,normal_corr_dominates,1.47091057e+00,1.00000000e+00,2.50000012e+07,1.17977219e+00,-2.50529989e+00,3.68507208e+00,1.00009867e-09
32,8.15958654e-01,2.58561695e-08,95,12,0,36,normal_corr_dominates,1.39053289e+00,1.00000000e+00,2.49999887e+07,-1.13278531e+01,-4.73863093e+00,-6.58922214e+00,1.00014770e-09
32,8.15958654e-01,2.58561695e-08,95,12,1,37,normal_corr_dominates,2.14530061e+00,1.00000000e+00,2.50000054e+07,5.42715690e+00,-4.73863093e+00,1.01657878e+01,1.00007144e-09
32,8.15958654e-01,2.58561695e-08,95,12,1,37,corr_ratio_high,9.68086428e-01,5.00000000e-01,2.50000054e+07,5.42715690e+00,-4.73863093e+00,1.01657878e+01,1.00007144e-09
32,8.15958654e-01,2.58561695e-08,95,12,2,38,normal_corr_dominates,2.56657735e+00,1.00000000e+00,2.49999831e+07,-1.69006937e+01,-4.73863093e+00,-1.21620628e+01,1.00020155e-09
32,8.15958654e-01,2.58561695e-08,95,12,2,38,corr_ratio_high,5.50965743e-01,5.00000000e-01,2.49999831e+07,-1.69006937e+01,-4.73863093e+00,-1.21620628e+01,1.00020155e-09
32,8.15958654e-01,2.58561695e-08,95,14,0,42,normal_corr_dominates,2.90711555e+01,1.00000000e+00,2.49999941e+07,-5.86236223e+00,2.08839363e-01,-6.07120160e+00,1.00013720e-09
32,8.15958654e-01,2.58561695e-08,95,14,1,43,normal_corr_dominates,6.90348374e+00,1.00000000e+00,2.49999988e+07,-1.23287979e+00,2.08839363e-01,-1.44171915e+00,1.00011364e-09
32,8.15958654e-01,2.58561695e-08,95,14,2,44,normal_corr_dominates,8.52741016e+00,1.00000000e+00,2.50000020e+07,1.98969827e+00,2.08839363e-01,1.78085891e+00,1.00011272e-09
32,8.15958654e-01,2.58561695e-08,95,15,1,46,normal_corr_dominates,5.18237193e+00,1.00000000e+00,2.49999812e+07,-1.87542868e+01,-3.03350996e+00,-1.57207769e+01,1.00015019e-09
32,8.15958654e-01,2.58561695e-08,95,15,2,47,normal_corr_dominates,2.41136827e+00,1.00000000e+00,2.50000043e+07,4.28139972e+00,-3.03350996e+00,7.31490968e+00,1.00010454e-09
32,8.15958654e-01,2.58561695e-08,95,18,0,54,normal_corr_dominates,1.14853629e+00,1.00000000e+00,2.49999950e+07,-5.01924870e+00,-2.33612470e+00,-2.68312400e+00,1.00010608e-09
32,8.15958654e-01,2.58561695e-08,95,18,2,56,normal_corr_dominates,1.07679797e+00,1.00000000e+00,2.49999951e+07,-4.85165903e+00,-2.33612470e+00,-2.51553433e+00,1.00012668e-09
32,8.15958654e-01,2.58561695e-08,95,21,0,63,normal_corr_dominates,1.44692068e+00,1.00000000e+00,2.50000037e+07,3.74581003e+00,-8.38137545e+00,1.21271855e+01,1.00009321e-09
32,8.15958654e-01,2.58561695e-08,95,21,0,63,corr_ratio_high,7.66304697e-01,5.00000000e-01,2.50000037e+07,3.74581003e+00,-8.38137545e+00,1.21271855e+01,1.00009321e-09
32,8.15958654e-01,2.58561695e-08,95,22,0,66,normal_corr_dominates,2.66580149e+00,1.00000000e+00,2.50000093e+07,9.26956689e+00,-5.56462875e+00,1.48341956e+01,1.00013107e-09
32,8.15958654e-01,2.58561695e-08,95,22,2,68,normal_corr_dominates,1.29259783e+00,1.00000000e+00,2.49999872e+07,-1.27574558e+01,-5.56462875e+00,-7.19282705e+00,1.00012855e-09
32,8.15958654e-01,2.58561695e-08,95,23,0,69,normal_corr_dominates,1.27018855e+00,1.00000000e+00,2.50000013e+07,1.28222716e+00,-4.74567550e+00,6.02790266e+00,1.00012661e-09
32,8.15958654e-01,2.58561695e-08,95,23,0,69,corr_ratio_high,8.09163262e-01,5.00000000e-01,2.50000013e+07,1.28222716e+00,-4.74567550e+00,6.02790266e+00,1.00012661e-09
32,8.15958654e-01,2.58561695e-08,95,23,1,70,normal_corr_dominates,1.08431762e+00,1.00000000e+00,2.49999901e+07,-9.89149505e+00,-4.74567550e+00,-5.14581956e+00,1.00014707e-09
32,8.15958654e-01,2.58561695e-08,95,23,1,70,corr_ratio_high,5.15312740e-01,5.00000000e-01,2.49999901e+07,-9.89149505e+00,-4.74567550e+00,-5.14581956e+00,1.00014707e-09
32,8.15958654e-01,2.58561695e-08,95,24,0,72,normal_corr_dominates,1.84122643e+00,1.00000000e+00,2.50000035e+07,3.45199439e+00,-4.10352582e+00,7.55552021e+00,1.00010151e-09
32,8.15958654e-01,2.58561695e-08,95,24,0,72,corr_ratio_high,6.21458314e-01,5.00000000e-01,2.50000035e+07,3.45199439e+00,-4.10352582e+00,7.55552021e+00,1.00010151e-09
32,8.15958654e-01,2.58561695e-08,95,24,2,74,normal_corr_dominates,1.20054656e+00,1.00000000e+00,2.49999910e+07,-9.02999960e+00,-4.10352582e+00,-4.92647379e+00,1.00012361e-09
32,8.15958654e-01,2.58561695e-08,95,26,0,78,normal_corr_dominates,1.24736354e+00,1.00000000e+00,2.50000002e+07,1.83562148e-01,-7.42074396e-01,9.25636544e-01,1.00009054e-09
32,8.15958654e-01,2.58561695e-08,95,27,2,83,normal_corr_dominates,1.44478600e+00,1.00000000e+00,2.49999770e+07,-2.30052917e+01,-9.40994087e+00,-1.35953509e+01,1.00014434e-09
32,8.15958654e-01,2.58561695e-08,95,28,0,84,normal_corr_dominates,1.30301018e+00,1.00000000e+00,2.49999943e+07,-5.65510977e+00,-2.45552965e+00,-3.19958012e+00,1.00013962e-09
32,8.15958654e-01,2.58561695e-08,95,28,1,85,normal_corr_dominates,1.60413522e+00,1.00000000e+00,2.50000015e+07,1.48347194e+00,-2.45552965e+00,3.93900159e+00,1.00011588e-09
32,8.15958654e-01,2.58561695e-08,95,29,0,87,normal_corr_dominates,8.67202568e+00,1.00000000e+00,2.49999974e+07,-2.64417580e+00,-2.73383869e-01,-2.37079193e+00,1.00013251e-09
32,8.15958654e-01,2.58561695e-08,95,29,1,88,normal_corr_dominates,2.36913658e+00,1.00000000e+00,2.50000004e+07,3.74299855e-01,-2.73383869e-01,6.47683724e-01,1.00011833e-09
32,8.15958654e-01,2.58561695e-08,95,29,2,89,normal_corr_dominates,9.33912555e+00,1.00000000e+00,2.50000023e+07,2.27978240e+00,-2.73383869e-01,2.55316627e+00,1.00011164e-09
32,8.15958654e-01,2.58561695e-08,95,30,0,90,normal_corr_dominates,1.59435102e+01,1.00000000e+00,2.49999924e+07,-7.56225873e+00,-4.46321844e-01,-7.11593688e+00,1.00011080e-09
32,8.15958654e-01,2.58561695e-08,95,30,2,92,normal_corr_dominates,6.47731393e+00,1.00000000e+00,2.50000024e+07,2.44464485e+00,-4.46321844e-01,2.89096670e+00,1.00010759e-09
32,8.15958654e-01,2.58561695e-08,95,32,1,97,normal_corr_dominates,2.94538174e+00,1.00000000e+00,2.49999884e+07,-1.15519071e+01,-2.92795675e+00,-8.62395034e+00,1.00010719e-09
32,8.15958654e-01,2.58561695e-08,95,32,2,98,normal_corr_dominates,1.77637583e+00,1.00000000e+00,2.50000023e+07,2.27319486e+00,-2.92795675e+00,5.20115161e+00,1.00011211e-09
32,8.15958654e-01,2.58561695e-08,95,35,1,106,normal_corr_dominates,7.50825370e+00,1.00000000e+00,2.49999831e+07,-1.68936963e+01,-1.98556565e+00,-1.49081306e+01,1.00014915e-09
32,8.15958654e-01,2.58561695e-08,95,35,2,107,normal_corr_dominates,2.47165120e+00,1.00000000e+00,2.50000029e+07,2.92206007e+00,-1.98556565e+00,4.90762572e+00,1.00010773e-09
32,8.15958654e-01,2.58561695e-08,95,13,0,39,normal_corr_dominates,2.83688929e+01,1.00000000e+00,2.50000035e+07,3.48126254e+00,1.18535709e-01,3.36272683e+00,1.00012468e-09
32,8.15958654e-01,2.58561695e-08,95,13,1,40,normal_corr_dominates,9.01670021e+01,1.00000000e+00,2.49999894e+07,-1.05694738e+01,1.18535709e-01,-1.06880095e+01,1.00015847e-09
32,8.15958654e-01,2.58561695e-08,95,13,2,41,normal_corr_dominates,3.76434925e+01,1.00000000e+00,2.50000046e+07,4.58063377e+00,1.18535709e-01,4.46209806e+00,1.00010414e-09
32,8.15958654e-01,2.58561695e-08,95,25,0,75,normal_corr_dominates,9.17935041e+00,1.00000000e+00,2.50000038e+07,3.75991461e+00,-4.59683767e-01,4.21959837e+00,1.00013367e-09
32,8.15958654e-01,2.58561695e-08,95,25,1,76,normal_corr_dominates,6.92882123e+00,1.00000000e+00,2.50000027e+07,2.72538288e+00,-4.59683767e-01,3.18506664e+00,1.00011494e-09
32,8.15958654e-01,2.58561695e-08,95,25,2,77,normal_corr_dominates,2.19044868e+01,1.00000000e+00,2.49999895e+07,-1.05288208e+01,-4.59683767e-01,-1.00691370e+01,1.00010305e-09
33,8.37925768e-01,2.65522653e-08,95,0,0,0,normal_corr_dominates,4.97363600e+00,1.00000000e+00,2.50000316e+07,3.15896013e+01,-7.94979743e+00,3.95393987e+01,1.00011112e-09
33,8.37925768e-01,2.65522653e-08,95,0,0,0,corr_ratio_high,7.24595171e-01,5.00000000e-01,2.50000316e+07,3.15896013e+01,-7.94979743e+00,3.95393987e+01,1.00011112e-09
33,8.37925768e-01,2.65522653e-08,95,0,1,1,normal_corr_dominates,2.16782709e+00,1.00000000e+00,2.49999748e+07,-2.51835837e+01,-7.94979743e+00,-1.72337862e+01,1.00022780e-09
33,8.37925768e-01,2.65522653e-08,95,0,2,2,corr_ratio_high,7.52092000e-01,5.00000000e-01,2.49999969e+07,-3.14377105e+00,-7.94979743e+00,4.80602637e+00,1.00014077e-09
33,8.37925768e-01,2.65522653e-08,95,1,0,3,normal_corr_dominates,6.45296999e+00,1.00000000e+00,2.49999833e+07,-1.66704407e+01,-2.23675135e+00,-1.44336893e+01,1.00011982e-09
33,8.37925768e-01,2.65522653e-08,95,1,1,4,normal_corr_dominates,9.05616357e+00,1.00000000e+00,2.50000180e+07,1.80196348e+01,-2.23675135e+00,2.02563861e+01,1.00019054e-09
33,8.37925768e-01,2.65522653e-08,95,1,2,5,normal_corr_dominates,9.01330714e+00,1.00000000e+00,2.49999776e+07,-2.23972783e+01,-2.23675135e+00,-2.01605269e+01,1.00012598e-09
33,8.37925768e-01,2.65522653e-08,95,1,2,5,corr_ratio_high,5.47779850e-01,5.00000000e-01,2.49999776e+07,-2.23972783e+01,-2.23675135e+00,-2.01605269e+01,1.00012598e-09
33,8.37925768e-01,2.65522653e-08,95,2,0,6,normal_corr_dominates,4.16218643e+01,1.00000000e+00,2.49999834e+07,-1.66020760e+01,-3.89520174e-01,-1.62125558e+01,1.00014025e-09
33,8.37925768e-01,2.65522653e-08,95,2,1,7,normal_corr_dominates,5.26075320e+01,1.00000000e+00,2.49999791e+07,-2.08812152e+01,-3.89520174e-01,-2.04916950e+01,1.00014746e-09
33,8.37925768e-01,2.65522653e-08,95,2,2,8,normal_corr_dominates,3.87191510e+01,1.00000000e+00,2.50000147e+07,1.46923702e+01,-3.89520174e-01,1.50818904e+01,1.00010719e-09
33,8.37925768e-01,2.65522653e-08,95,3,0,9,normal_corr_dominates,8.47361608e+00,1.00000000e+00,2.49999858e+07,-1.42218674e+01,-1.50120791e+00,-1.27206595e+01,1.00016025e-09
33,8.37925768e-01,2.65522653e-08,95,3,1,10,normal_corr_dominates,6.81557770e+00,1.00000000e+00,2.50000087e+07,8.73039126e+00,-1.50120791e+00,1.02315992e+01,1.00009925e-09
33,8.37925768e-01,2.65522653e-08,95,3,1,10,corr_ratio_high,5.92312119e-01,5.00000000e-01,2.50000087e+07,8.73039126e+00,-1.50120791e+00,1.02315992e+01,1.00009925e-09
33,8.37925768e-01,2.65522653e-08,95,3,2,11,normal_corr_dominates,2.15963986e+00,1.00000000e+00,2.50000017e+07,1.74086054e+00,-1.50120791e+00,3.24206845e+00,1.00012936e-09
33,8.37925768e-01,2.65522653e-08,95,3,2,11,corr_ratio_high,6.14210408e-01,5.00000000e-01,2.50000017e+07,1.74086054e+00,-1.50120791e+00,3.24206845e+00,1.00012936e-09
33,8.37925768e-01,2.65522653e-08,95,4,1,13,normal_corr_dominates,2.10316280e+00,1.00000000e+00,2.50000083e+07,8.27334290e+00,-7.49965723e+00,1.57730001e+01,1.00011787e-09
33,8.37925768e-01,2.65522653e-08,95,4,1,13,corr_ratio_high,5.03679690e-01,5.00000000e-01,2.50000083e+07,8.27334290e+00,-7.49965723e+00,1.57730001e+01,1.00011787e-09
33,8.37925768e-01,2.65522653e-08,95,5,0,15,normal_corr_dominates,8.22482997e+00,1.00000000e+00,2.49999848e+07,-1.52489107e+01,-1.65302892e+00,-1.35958818e+01,1.00022344e-09
33,8.37925768e-01,2.65522653e-08,95,5,1,16,normal_corr_dominates,4.70755263e+00,1.00000000e+00,2.50000061e+07,6.12869171e+00,-1.65302892e+00,7.78172063e+00,1.00013166e-09
33,8.37925768e-01,2.65522653e-08,95,5,1,16,corr_ratio_high,6.67442821e-01,5.00000000e-01,2.50000061e+07,6.12869171e+00,-1.65302892e+00,7.78172063e+00,1.00013166e-09
33,8.37925768e-01,2.65522653e-08,95,5,2,17,normal_corr_dominates,8.24988451e+00,1.00000000e+00,2.49999847e+07,-1.52903266e+01,-1.65302892e+00,-1.36372977e+01,1.00018055e-09
33,8.37925768e-01,2.65522653e-08,95,7,0,21,normal_corr_dominates,8.43281118e+00,1.00000000e+00,2.49999974e+07,-2.60540866e+00,-2.76207020e-01,-2.32920164e+00,1.00008860e-09
33,8.37925768e-01,2.65522653e-08,95,7,1,22,normal_corr_dominates,2.06872852e+01,1.00000000e+00,2.49999940e+07,-5.99018040e+00,-2.76207020e-01,-5.71397338e+00,1.00011252e-09
33,8.37925768e-01,2.65522653e-08,95,7,2,23,normal_corr_dominates,5.64345670e+00,1.00000000e+00,2.50000013e+07,1.28255534e+00,-2.76207020e-01,1.55876236e+00,1.00011739e-09
33,8.37925768e-01,2.65522653e-08,95,8,0,24,normal_corr_dominates,4.57714487e+00,1.00000000e+00,2.50000195e+07,1.95474434e+01,-5.46453783e+00,2.50119813e+01,1.00019574e-09
33,8.37925768e-01,2.65522653e-08,95,8,1,25,normal_corr_dominates,3.17789262e+00,1.00000000e+00,2.50000119e+07,1.19011766e+01,-5.46453783e+00,1.73657144e+01,1.00013026e-09
33,8.37925768e-01,2.65522653e-08,95,8,2,26,normal_corr_dominates,4.05648206e+00,1.00000000e+00,2.49999724e+07,-2.76313375e+01,-5.46453783e+00,-2.21667996e+01,1.00012842e-09
33,8.37925768e-01,2.65522653e-08,95,8,2,26,corr_ratio_high,5.80035810e-01,5.00000000e-01,2.49999724e+07,-2.76313375e+01,-5.46453783e+00,-2.21667996e+01,1.00012842e-09
33,8.37925768e-01,2.65522653e-08,95,9,0,27,normal_corr_dominates,5.41402900e+00,1.00000000e+00,2.50000196e+07,1.95836314e+01,-4.43667938e+00,2.40203108e+01,1.00011818e-09
33,8.37925768e-01,2.65522653e-08,95,9,0,27,corr_ratio_high,6.45882939e-01,5.00000000e-01,2.50000196e+07,1.95836314e+01,-4.43667938e+00,2.40203108e+01,1.00011818e-09
33,8.37925768e-01,2.65522653e-08,95,9,1,28,normal_corr_dominates,1.41786497e+00,1.00000000e+00,2.50000019e+07,1.85393291e+00,-4.43667938e+00,6.29061228e+00,1.00010566e-09
33,8.37925768e-01,2.65522653e-08,95,9,1,28,corr_ratio_high,6.16380047e-01,5.00000000e-01,2.50000019e+07,1.85393291e+00,-4.43667938e+00,6.29061228e+00,1.00010566e-09
33,8.37925768e-01,2.65522653e-08,95,9,2,29,normal_corr_dominates,6.54487838e+00,1.00000000e+00,2.49999665e+07,-3.34742063e+01,-4.43667938e+00,-2.90375269e+01,1.00024670e-09
33,8.37925768e-01,2.65522653e-08,95,9,2,29,corr_ratio_high,7.38104449e-01,5.00000000e-01,2.49999665e+07,-3.34742063e+01,-4.43667938e+00,-2.90375269e+01,1.00024670e-09
33,8.37925768e-01,2.65522653e-08,95,10,0,30,normal_corr_dominates,1.47165989e+00,1.00000000e+00,2.50000012e+07,1.21027756e+00,-2.56599635e+00,3.77627390e+00,1.00010115e-09
33,8.37925768e-01,2.65522653e-08,95,12,0,36,normal_corr_dominates,1.39126771e+00,1.00000000e+00,2.49999884e+07,-1.16079570e+01,-4.85431095e+00,-6.75364606e+00,1.00015140e-09
33,8.37925768e-01,2.65522653e-08,95,12,1,37,normal_corr_dominates,2.14602525e+00,1.00000000e+00,2.50000056e+07,5.56316293e+00,-4.85431095e+00,1.04174739e+01,1.00007327e-09
33,8.37925768e-01,2.65522653e-08,95,12,1,37,corr_ratio_high,9.67946406e-01,5.00000000e-01,2.50000056e+07,5.56316293e+00,-4.85431095e+00,1.04174739e+01,1.00007327e-09
33,8.37925768e-01,2.65522653e-08,95,12,2,38,normal_corr_dominates,2.56760208e+00,1.00000000e+00,2.49999827e+07,-1.73182499e+01,-4.85431095e+00,-1.24639389e+01,1.00020657e-09
33,8.37925768e-01,2.65522653e-08,95,12,2,38,corr_ratio_high,5.50991771e-01,5.00000000e-01,2.49999827e+07,-1.73182499e+01,-4.85431095e+00,-1.24639389e+01,1.00020657e-09
33,8.37925768e-01,2.65522653e-08,95,14,0,42,normal_corr_dominates,2.88324743e+01,1.00000000e+00,2.49999940e+07,-6.00940466e+00,2.15913418e-01,-6.22531808e+00,1.00014064e-09
33,8.37925768e-01,2.65522653e-08,95,14,1,43,normal_corr_dominates,6.84329740e+00,1.00000000e+00,2.49999987e+07,-1.26164632e+00,2.15913418e-01,-1.47755973e+00,1.00011649e-09
33,8.37925768e-01,2.65522653e-08,95,14,2,44,normal_corr_dominates,8.45727962e+00,1.00000000e+00,2.50000020e+07,2.04195357e+00,2.15913418e-01,1.82604015e+00,1.00011555e-09
33,8.37925768e-01,2.65522653e-08,95,15,1,46,normal_corr_dominates,5.18408992e+00,1.00000000e+00,2.49999808e+07,-1.92239769e+01,-3.10861859e+00,-1.61153583e+01,1.00015395e-09
33,8.37925768e-01,2.65522653e-08,95,15,2,47,normal_corr_dominates,2.41188873e+00,1.00000000e+00,2.50000044e+07,4.38902354e+00,-3.10861859e+00,7.49764213e+00,1.00010717e-09
33,8.37925768e-01,2.65522653e-08,95,18,0,54,normal_corr_dominates,1.14899849e+00,1.00000000e+00,2.49999949e+07,-5.14301421e+00,-2.39321443e+00,-2.74979977e+00,1.00010874e-09
33,8.37925768e-01,2.65522653e-08,95,18,2,56,normal_corr_dominates,1.07804288e+00,1.00000000e+00,2.49999950e+07,-4.97320222e+00,-2.39321443e+00,-2.57998778e+00,1.00012986e-09
33,8.37925768e-01,2.65522653e-08,95,21,0,63,normal_corr_dominates,1.44787191e+00,1.00000000e+00,2.50000038e+07,3.84711369e+00,-8.58976325e+00,1.24368769e+01,1.00009555e-09
33,8.37925768e-01,2.65522653e-08,95,21,0,63,corr_ratio_high,7.66284275e-01,5.00000000e-01,2.50000038e+07,3.84711369e+00,-8.58976325e+00,1.24368769e+01,1.00009555e-09
33,8.37925768e-01,2.65522653e-08,95,22,0,66,normal_corr_dominates,2.66704083e+00,1.00000000e+00,2.50000095e+07,9.50444688e+00,-5.70138816e+00,1.52058350e+01,1.00013436e-09
33,8.37925768e-01,2.65522653e-08,95,22,2,68,normal_corr_dominates,1.29355871e+00,1.00000000e+00,2.49999869e+07,-1.30764685e+01,-5.70138816e+00,-7.37508032e+00,1.00013178e-09
33,8.37925768e-01,2.65522653e-08,95,23,0,69,normal_corr_dominates,1.27287241e+00,1.00000000e+00,2.50000013e+07,1.32592500e+00,-4.85913917e+00,6.18506416e+00,1.00012976e-09
33,8.37925768e-01,2.65522653e-08,95,23,0,69,corr_ratio_high,8.09261966e-01,5.00000000e-01,2.50000013e+07,1.32592500e+00,-4.85913917e+00,6.18506416e+00,1.00012976e-09
33,8.37925768e-01,2.65522653e-08,95,23,1,70,normal_corr_dominates,1.08768001e+00,1.00000000e+00,2.49999899e+07,-1.01443277e+01,-4.85913917e+00,-5.28518854e+00,1.00015078e-09
33,8.37925768e-01,2.65522653e-08,95,23,1,70,corr_ratio_high,5.15243895e-01,5.00000000e-01,2.49999899e+07,-1.01443277e+01,-4.85913917e+00,-5.28518854e+00,1.00015078e-09
33,8.37925768e-01,2.65522653e-08,95,24,0,72,normal_corr_dominates,1.84302400e+00,1.00000000e+00,2.50000035e+07,3.54466663e+00,-4.20470427e+00,7.74937090e+00,1.00010405e-09
33,8.37925768e-01,2.65522653e-08,95,24,0,72,corr_ratio_high,6.21475384e-01,5.00000000e-01,2.50000035e+07,3.54466663e+00,-4.20470427e+00,7.74937090e+00,1.00010405e-09
33,8.37925768e-01,2.65522653e-08,95,24,2,74,normal_corr_dominates,1.20103559e+00,1.00000000e+00,2.49999907e+07,-9.25470377e+00,-4.20470427e+00,-5.04999950e+00,1.00012671e-09
33,8.37925768e-01,2.65522653e-08,95,26,0,78,normal_corr_dominates,1.24804184e+00,1.00000000e+00,2.50000002e+07,1.88344913e-01,-7.59327185e-01,9.47672098e-01,1.00009282e-09
33,8.37925768e-01,2.65522653e-08,95,27,2,83,normal_corr_dominates,1.44524981e+00,1.00000000e+00,2.49999764e+07,-2.35819645e+01,-9.64398992e+00,-1.39379746e+01,1.00014796e-09
33,8.37925768e-01,2.65522653e-08,95,28,0,84,normal_corr_dominates,1.30324160e+00,1.00000000e+00,2.49999942e+07,-5.79371774e+00,-2.51546244e+00,-3.27825530e+00,1.00014312e-09
33,8.37925768e-01,2.65522653e-08,95,28,1,85,normal_corr_dominates,1.60607418e+00,1.00000000e+00,2.50000015e+07,1.52455684e+00,-2.51546244e+00,4.04001929e+00,1.00011879e-09
33,8.37925768e-01,2.65522653e-08,95,29,0,87,normal_corr_dominates,8.73822237e+00,1.00000000e+00,2.49999973e+07,-2.71005706e+00,-2.78290735e-01,-2.43176633e+00,1.00013583e-09
33,8.37925768e-01,2.65522653e-08,95,29,1,88,normal_corr_dominates,2.38704192e+00,1.00000000e+00,2.50000004e+07,3.86000915e-01,-2.78290735e-01,6.64291649e-01,1.00012130e-09
33,8.37925768e-01,2.65522653e-08,95,29,2,89,normal_corr_dominates,9.40512540e+00,1.00000000e+00,2.50000023e+07,2.33906852e+00,-2.78290735e-01,2.61735926e+00,1.00011445e-09
33,8.37925768e-01,2.65522653e-08,95,30,0,90,normal_corr_dominates,1.60217546e+01,1.00000000e+00,2.49999922e+07,-7.75097783e+00,-4.55357159e-01,-7.29562067e+00,1.00011358e-09
33,8.37925768e-01,2.65522653e-08,95,30,2,92,normal_corr_dominates,6.50894326e+00,1.00000000e+00,2.50000025e+07,2.50853675e+00,-4.55357159e-01,2.96389391e+00,1.00011029e-09
33,8.37925768e-01,2.65522653e-08,95,32,1,97,normal_corr_dominates,2.94818382e+00,1.00000000e+00,2.49999882e+07,-1.18412255e+01,-2.99915761e+00,-8.84206793e+00,1.00010988e-09
33,8.37925768e-01,2.65522653e-08,95,32,2,98,normal_corr_dominates,1.77843947e+00,1.00000000e+00,2.50000023e+07,2.33466266e+00,-2.99915761e+00,5.33382027e+00,1.00011492e-09
33,8.37925768e-01,2.65522653e-08,95,35,1,106,normal_corr_dominates,7.51526840e+00,1.00000000e+00,2.49999827e+07,-1.73197504e+01,-2.03396412e+00,-1.52857863e+01,1.00015289e-09
33,8.37925768e-01,2.65522653e-08,95,35,2,107,normal_corr_dominates,2.47404261e+00,1.00000000e+00,2.50000030e+07,2.99814978e+00,-2.03396412e+00,5.03211390e+00,1.00011044e-09
33,8.37925768e-01,2.65522653e-08,95,13,0,39,normal_corr_dominates,2.79410139e+01,1.00000000e+00,2.50000036e+07,3.56847217e+00,1.23301560e-01,3.44517061e+00,1.00012781e-09
33,8.37925768e-01,2.65522653e-08,95,13,1,40,normal_corr_dominates,8.88477475e+01,1.00000000e+00,2.49999892e+07,-1.08317643e+01,1.23301560e-01,-1.09550659e+01,1.00016243e-09
33,8.37925768e-01,2.65522653e-08,95,13,2,41,normal_corr_dominates,3.71196925e+01,1.00000000e+00,2.50000047e+07,4.70021757e+00,1.23301560e-01,4.57691601e+00,1.00010676e-09
33,8.37925768e-01,2.65522653e-08,95,25,0,75,normal_corr_dominates,9.21765294e+00,1.00000000e+00,2.50000039e+07,3.85518535e+00,-4.69134602e-01,4.32431995e+00,1.00013702e-09
33,8.37925768e-01,2.65522653e-08,95,25,1,76,normal_corr_dominates,6.96491601e+00,1.00000000e+00,2.50000028e+07,2.79834850e+00,-4.69134602e-01,3.26748310e+00,1.00011782e-09
33,8.37925768e-01,2.65522653e-08,95,25,2,77,normal_corr_dominates,2.20084124e+01,1.00000000e+00,2.49999892e+07,-1.07940424e+01,-4.69134602e-01,-1.03249078e+01,1.00010564e-09
34,8.60895810e-01,2.72801420e-08,95,0,0,0,normal_corr_dominates,4.97596858e+00,1.00000000e+00,2.50000324e+07,3.23957334e+01,-8.14788465e+00,4.05436181e+01,1.00011398e-09
34,8.60895810e-01,2.72801420e-08,95,0,0,0,corr_ratio_high,7.24550205e-01,5.00000000e-01,2.50000324e+07,3.23957334e+01,-8.14788465e+00,4.05436181e+01,1.00011398e-09
34,8.60895810e-01,2.72801420e-08,95,0,1,1,normal_corr_dominates,2.16933909e+00,1.00000000e+00,2.49999742e+07,-2.58234093e+01,-8.14788465e+00,-1.76755247e+01,1.00023359e-09
34,8.60895810e-01,2.72801420e-08,95,0,2,2,corr_ratio_high,7.52109003e-01,5.00000000e-01,2.49999968e+07,-3.20916347e+00,-8.14788465e+00,4.93872119e+00,1.00014435e-09
34,8.60895810e-01,2.72801420e-08,95,1,0,3,normal_corr_dominates,6.46126255e+00,1.00000000e+00,2.49999829e+07,-1.70960616e+01,-2.29130948e+00,-1.48047521e+01,1.00012290e-09
34,8.60895810e-01,2.72801420e-08,95,1,1,4,normal_corr_dominates,9.07020574e+00,1.00000000e+00,2.50000185e+07,1.84913389e+01,-2.29130948e+00,2.07826484e+01,1.00019538e-09
34,8.60895810e-01,2.72801420e-08,95,1,2,5,normal_corr_dominates,9.02661277e+00,1.00000000e+00,2.49999770e+07,-2.29740729e+01,-2.29130948e+00,-2.06827634e+01,1.00012920e-09
34,8.60895810e-01,2.72801420e-08,95,1,2,5,corr_ratio_high,5.47783858e-01,5.00000000e-01,2.49999770e+07,-2.29740729e+01,-2.29130948e+00,-2.06827634e+01,1.00012920e-09
34,8.60895810e-01,2.72801420e-08,95,2,0,6,normal_corr_dominates,4.17660350e+01,1.00000000e+00,2.49999830e+07,-1.70262071e+01,-3.98124519e-01,-1.66280826e+01,1.00014383e-09
34,8.60895810e-01,2.72801420e-08,95,2,1,7,normal_corr_dominates,5.27971063e+01,1.00000000e+00,2.49999786e+07,-2.14179471e+01,-3.98124519e-01,-2.10198225e+01,1.00015123e-09
34,8.60895810e-01,2.72801420e-08,95,2,2,8,normal_corr_dominates,3.88538811e+01,1.00000000e+00,2.50000151e+07,1.50705582e+01,-3.98124519e-01,1.54686827e+01,1.00010993e-09
34,8.60895810e-01,2.72801420e-08,95,3,0,9,normal_corr_dominates,8.48840738e+00,1.00000000e+00,2.49999854e+07,-1.45810550e+01,-1.53672312e+00,-1.30443319e+01,1.00016433e-09
34,8.60895810e-01,2.72801420e-08,95,3,1,10,normal_corr_dominates,6.83142432e+00,1.00000000e+00,2.50000090e+07,8.96128461e+00,-1.53672312e+00,1.04980077e+01,1.00010179e-09
34,8.60895810e-01,2.72801420e-08,95,3,1,10,corr_ratio_high,5.92235324e-01,5.00000000e-01,2.50000090e+07,8.96128461e+00,-1.53672312e+00,1.04980077e+01,1.00010179e-09
34,8.60895810e-01,2.72801420e-08,95,3,2,11,normal_corr_dominates,2.16179027e+00,1.00000000e+00,2.50000018e+07,1.78534997e+00,-1.53672312e+00,3.32207309e+00,1.00013268e-09
34,8.60895810e-01,2.72801420e-08,95,3,2,11,corr_ratio_high,6.14206613e-01,5.00000000e-01,2.50000018e+07,1.78534997e+00,-1.53672312e+00,3.32207309e+00,1.00013268e-09
34,8.60895810e-01,2.72801420e-08,95,4,1,13,normal_corr_dominates,2.10379526e+00,1.00000000e+00,2.50000085e+07,8.48339613e+00,-7.68566096e+00,1.61690571e+01,1.00012091e-09
34,8.60895810e-01,2.72801420e-08,95,4,1,13,corr_ratio_high,5.03439757e-01,5.00000000e-01,2.50000085e+07,8.48339613e+00,-7.68566096e+00,1.61690571e+01,1.00012091e-09
34,8.60895810e-01,2.72801420e-08,95,5,0,15,normal_corr_dominates,8.24506094e+00,1.00000000e+00,2.49999844e+07,-1.56373773e+01,-1.69143042e+00,-1.39459469e+01,1.00022912e-09
34,8.60895810e-01,2.72801420e-08,95,5,1,16,normal_corr_dominates,4.72199697e+00,1.00000000e+00,2.50000063e+07,6.29549891e+00,-1.69143042e+00,7.98692933e+00,1.00013502e-09
34,8.60895810e-01,2.72801420e-08,95,5,1,16,corr_ratio_high,6.67404054e-01,5.00000000e-01,2.50000063e+07,6.29549891e+00,-1.69143042e+00,7.98692933e+00,1.00013502e-09
34,8.60895810e-01,2.72801420e-08,95,5,2,17,normal_corr_dominates,8.26946314e+00,1.00000000e+00,2.49999843e+07,-1.56786520e+01,-1.69143042e+00,-1.39872215e+01,1.00018514e-09
34,8.60895810e-01,2.72801420e-08,95,7,0,21,normal_corr_dominates,8.47734335e+00,1.00000000e+00,2.49999973e+07,-2.66752574e+00,-2.81463448e-01,-2.38606229e+00,1.00009087e-09
34,8.60895810e-01,2.72801420e-08,95,7,1,22,normal_corr_dominates,2.08256771e+01,1.00000000e+00,2.49999939e+07,-6.14313035e+00,-2.81463448e-01,-5.86166690e+00,1.00011540e-09
34,8.60895810e-01,2.72801420e-08,95,7,2,23,normal_corr_dominates,5.68245457e+00,1.00000000e+00,2.50000013e+07,1.31793981e+00,-2.81463448e-01,1.59940326e+00,1.00012039e-09
34,8.60895810e-01,2.72801420e-08,95,8,0,24,normal_corr_dominates,4.58205965e+00,1.00000000e+00,2.50000201e+07,2.00603898e+01,-5.60023888e+00,2.56606286e+01,1.00020072e-09
34,8.60895810e-01,2.72801420e-08,95,8,1,25,normal_corr_dominates,3.17983340e+00,1.00000000e+00,2.50000122e+07,1.22075878e+01,-5.60023888e+00,1.78078267e+01,1.00013359e-09
34,8.60895810e-01,2.72801420e-08,95,8,2,26,normal_corr_dominates,4.06072487e+00,1.00000000e+00,2.49999717e+07,-2.83412682e+01,-5.60023888e+00,-2.27410293e+01,1.00013171e-09
34,8.60895810e-01,2.72801420e-08,95,8,2,26,corr_ratio_high,5.79956063e-01,5.00000000e-01,2.49999717e+07,-2.83412682e+01,-5.60023888e+00,-2.27410293e+01,1.00013171e-09
34,8.60895810e-01,2.72801420e-08,95,9,0,27,normal_corr_dominates,5.41877410e+00,1.00000000e+00,2.50000201e+07,2.00885871e+01,-4.54619010e+00,2.46347772e+01,1.00012120e-09
34,8.60895810e-01,2.72801420e-08,95,9,0,27,corr_ratio_high,6.45896373e-01,5.00000000e-01,2.50000201e+07,2.00885871e+01,-4.54619010e+00,2.46347772e+01,1.00012120e-09
34,8.60895810e-01,2.72801420e-08,95,9,1,28,normal_corr_dominates,1.41869888e+00,1.00000000e+00,2.50000019e+07,1.90348468e+00,-4.54619010e+00,6.44967478e+00,1.00010837e-09
34,8.60895810e-01,2.72801420e-08,95,9,1,28,corr_ratio_high,6.16272562e-01,5.00000000e-01,2.50000019e+07,1.90348468e+00,-4.54619010e+00,6.44967478e+00,1.00010837e-09
34,8.60895810e-01,2.72801420e-08,95,9,2,29,normal_corr_dominates,6.54974926e+00,1.00000000e+00,2.49999657e+07,-3.43225954e+01,-4.54619010e+00,-2.97764053e+01,1.00025295e-09
34,8.60895810e-01,2.72801420e-08,95,9,2,29,corr_ratio_high,7.38143030e-01,5.00000000e-01,2.49999657e+07,-3.43225954e+01,-4.54619010e+00,-2.97764053e+01,1.00025295e-09
34,8.60895810e-01,2.72801420e-08,95,10,0,30,normal_corr_dominates,1.47242074e+00,1.00000000e+00,2.50000012e+07,1.24212045e+00,-2.62926740e+00,3.87138785e+00,1.00010374e-09
34,8.60895810e-01,2.72801420e-08,95,12,0,36,normal_corr_dominates,1.39200922e+00,1.00000000e+00,2.49999881e+07,-1.19000474e+01,-4.97491702e+00,-6.92513034e+00,1.00015526e-09
34,8.60895810e-01,2.72801420e-08,95,12,1,37,normal_corr_dominates,2.14676188e+00,1.00000000e+00,2.50000057e+07,5.70504521e+00,-4.97491702e+00,1.06799622e+01,1.00007517e-09
34,8.60895810e-01,2.72801420e-08,95,12,1,37,corr_ratio_high,9.67803347e-01,5.00000000e-01,2.50000057e+07,5.70504521e+00,-4.97491702e+00,1.06799622e+01,1.00007517e-09
34,8.60895810e-01,2.72801420e-08,95,12,2,38,normal_corr_dominates,2.56864099e+00,1.00000000e+00,2.49999822e+07,-1.77536928e+01,-4.97491702e+00,-1.27787758e+01,1.00021182e-09
34,8.60895810e-01,2.72801420e-08,95,12,2,38,corr_ratio_high,5.51018295e-01,5.00000000e-01,2.49999822e+07,-1.77536928e+01,-4.97491702e+00,-1.27787758e+01,1.00021182e-09
34,8.60895810e-01,2.72801420e-08,95,14,0,42,normal_corr_dominates,2.85959419e+01,1.00000000e+00,2.49999938e+07,-6.16283271e+00,2.23323876e-01,-6.38615659e+00,1.00014423e-09
34,8.60895810e-01,2.72801420e-08,95,14,1,43,normal_corr_dominates,6.78351916e+00,1.00000000e+00,2.49999987e+07,-1.29159792e+00,2.23323876e-01,-1.51492179e+00,1.00011946e-09
34,8.60895810e-01,2.72801420e-08,95,14,2,44,normal_corr_dominates,8.38775088e+00,1.00000000e+00,2.50000021e+07,2.09650891e+00,2.23323876e-01,1.87318504e+00,1.00011850e-09
34,8.60895810e-01,2.72801420e-08,95,15,1,46,normal_corr_dominates,5.18579988e+00,1.00000000e+00,2.49999803e+07,-1.97139069e+01,-3.18696164e+00,-1.65269453e+01,1.00015788e-09
34,8.60895810e-01,2.72801420e-08,95,15,2,47,normal_corr_dominates,2.41240079e+00,1.00000000e+00,2.50000045e+07,4.50126712e+00,-3.18696164e+00,7.68822876e+00,1.00010991e-09
34,8.60895810e-01,2.72801420e-08,95,18,0,54,normal_corr_dominates,1.14945518e+00,1.00000000e+00,2.49999947e+07,-5.27206296e+00,-2.45274384e+00,-2.81931912e+00,1.00011152e-09
34,8.60895810e-01,2.72801420e-08,95,18,2,56,normal_corr_dominates,1.07931333e+00,1.00000000e+00,2.49999949e+07,-5.10002296e+00,-2.45274384e+00,-2.64727912e+00,1.00013317e-09
34,8.60895810e-01,2.72801420e-08,95,21,0,63,normal_corr_dominates,1.44883931e+00,1.00000000e+00,2.50000040e+07,3.95297521e+00,-8.80710561e+00,1.27600808e+01,1.00009798e-09
34,8.60895810e-01,2.72801420e-08,95,21,0,63,corr_ratio_high,7.66262528e-01,5.00000000e-01,2.50000040e+07,3.95297521e+00,-8.80710561e+00,1.27600808e+01,1.00009798e-09
34,8.60895810e-01,2.72801420e-08,95,22,0,66,normal_corr_dominates,2.66829529e+00,1.00000000e+00,2.50000097e+07,9.74950164e+00,-5.84399040e+00,1.55934920e+01,1.00013779e-09
34,8.60895810e-01,2.72801420e-08,95,22,2,68,normal_corr_dominates,1.29453194e+00,1.00000000e+00,2.49999866e+07,-1.34092226e+01,-5.84399040e+00,-7.56523223e+00,1.00013514e-09
34,8.60895810e-01,2.72801420e-08,95,23,0,69,normal_corr_dominates,1.27561140e+00,1.00000000e+00,2.50000014e+07,1.37181982e+00,-4.97736969e+00,6.34918951e+00,1.00013304e-09
34,8.60895810e-01,2.72801420e-08,95,23,0,69,corr_ratio_high,8.09362045e-01,5.00000000e-01,2.50000014e+07,1.37181982e+00,-4.97736969e+00,6.34918951e+00,1.00013304e-09
34,8.60895810e-01,2.72801420e-08,95,23,1,70,normal_corr_dominates,1.09111007e+00,1.00000000e+00,2.49999896e+07,-1.04082279e+01,-4.97736969e+00,-5.43085819e+00,1.00015465e-09
34,8.60895810e-01,2.72801420e-08,95,23,1,70,corr_ratio_high,5.15173576e-01,5.00000000e-01,2.49999896e+07,-1.04082279e+01,-4.97736969e+00,-5.43085819e+00,1.00015465e-09
34,8.60895810e-01,2.72801420e-08,95,24,0,72,normal_corr_dominates,1.84484991e+00,1.00000000e+00,2.50000036e+07,3.64148770e+00,-4.31021848e+00,7.95170619e+00,1.00010670e-09
34,8.60895810e-01,2.72801420e-08,95,24,0,72,corr_ratio_high,6.21492162e-01,5.00000000e-01,2.50000036e+07,3.64148770e+00,-4.31021848e+00,7.95170619e+00,1.00010670e-09
34,8.60895810e-01,2.72801420e-08,95,24,2,74,normal_corr_dominates,1.20152364e+00,1.00000000e+00,2.49999905e+07,-9.48904787e+00,-4.31021848e+00,-5.17882938e+00,1.00012995e-09
34,8.60895810e-01,2.72801420e-08,95,26,0,78,normal_corr_dominates,1.24870885e+00,1.00000000e+00,2.50000002e+07,1.93321971e-01,-7.77302353e-01,9.70624324e-01,1.00009519e-09
34,8.60895810e-01,2.72801420e-08,95,27,2,83,normal_corr_dominates,1.44571949e+00,1.00000000e+00,2.49999758e+07,-2.41835080e+01,-9.88809553e+00,-1.42954124e+01,1.00015174e-09
34,8.60895810e-01,2.72801420e-08,95,28,0,84,normal_corr_dominates,1.30347067e+00,1.00000000e+00,2.49999941e+07,-5.93823409e+00,-2.57795081e+00,-3.36028328e+00,1.00014677e-09
34,8.60895810e-01,2.72801420e-08,95,28,1,85,normal_corr_dominates,1.60804792e+00,1.00000000e+00,2.50000016e+07,1.56751762e+00,-2.57795081e+00,4.14546844e+00,1.00012182e-09
34,8.60895810e-01,2.72801420e-08,95,29,0,87,normal_corr_dominates,8.80618364e+00,1.00000000e+00,2.49999972e+07,-2.77880697e+00,-2.83372928e-01,-2.49543405e+00,1.00013930e-09
34,8.60895810e-01,2.72801420e-08,95,29,1,88,normal_corr_dominates,2.40542310e+00,1.00000000e+00,2.50000004e+07,3.98258858e-01,-2.83372928e-01,6.81631787e-01,1.00012440e-09
34,8.60895810e-01,2.72801420e-08,95,29,2,89,normal_corr_dominates,9.47276331e+00,1.00000000e+00,2.50000024e+07,2.40095175e+00,-2.83372928e-01,2.68432468e+00,1.00011737e-09
34,8.60895810e-01,2.72801420e-08,95,30,0,90,normal_corr_dominates,1.61018488e+01,1.00000000e+00,2.49999921e+07,-7.94781234e+00,-4.64734102e-01,-7.48307824e+00,1.00011648e-09
34,8.60895810e-01,2.72801420e-08,95,30,2,92,normal_corr_dominates,6.54131185e+00,1.00000000e+00,2.50000026e+07,2.57523659e+00,-4.64734102e-01,3.03997069e+00,1.00011311e-09
34,8.60895810e-01,2.72801420e-08,95,32,1,97,normal_corr_dominates,2.95102258e+00,1.00000000e+00,2.49999879e+07,-1.21430174e+01,-3.07338598e+00,-9.06963139e+00,1.00011269e-09
34,8.60895810e-01,2.72801420e-08,95,32,2,98,normal_corr_dominates,1.78054786e+00,1.00000000e+00,2.50000024e+07,2.39892485e+00,-3.07338598e+00,5.47231082e+00,1.00011786e-09
34,8.60895810e-01,2.72801420e-08,95,35,1,106,normal_corr_dominates,7.52235505e+00,1.00000000e+00,2.49999822e+07,-1.77642815e+01,-2.08443340e+00,-1.56798481e+01,1.00015679e-09
34,8.60895810e-01,2.72801420e-08,95,35,2,107,normal_corr_dominates,2.47646253e+00,1.00000000e+00,2.50000031e+07,3.07758781e+00,-2.08443340e+00,5.16202120e+00,1.00011326e-09
34,8.60895810e-01,2.72801420e-08,95,13,0,39,normal_corr_dominates,2.75225277e+01,1.00000000e+00,2.50000037e+07,3.65940316e+00,1.28298698e-01,3.53110446e+00,1.00013107e-09
34,8.60895810e-01,2.72801420e-08,95,13,1,40,normal_corr_dominates,8.75583141e+01,1.00000000e+00,2.49999889e+07,-1.11053190e+01,1.28298698e-01,-1.12336177e+01,1.00016657e-09
34,8.60895810e-01,2.72801420e-08,95,13,2,41,normal_corr_dominates,3.66080898e+01,1.00000000e+00,2.50000048e+07,4.82506895e+00,1.28298698e-01,4.69677025e+00,1.00010948e-09
34,8.60895810e-01,2.72801420e-08,95,25,0,75,normal_corr_dominates,9.25665239e+00,1.00000000e+00,2.50000040e+07,3.95455777e+00,-4.78954131e-01,4.43351190e+00,1.00014051e-09
34,8.60895810e-01,2.72801420e-08,95,25,1,76,normal_corr_dominates,7.00176511e+00,1.00000000e+00,2.50000029e+07,2.87457019e+00,-4.78954131e-01,3.35352432e+00,1.00012083e-09
34,8.60895810e-01,2.72801420e-08,95,25,2,77,normal_corr_dominates,2.21144126e+01,1.00000000e+00,2.49999889e+07,-1.10707434e+01,-4.78954131e-01,-1.05917893e+01,1.00010835e-09
35,8.86183726e-01,2.80814677e-08,95,0,0,0,normal_corr_dominates,4.97845301e+00,1.00000000e+00,2.50000333e+07,3.32809237e+01,-8.36529265e+00,4.16462164e+01,1.00011712e-09
35,8.86183726e-01,2.80814677e-08,95,0,0,0,corr_ratio_high,7.24501798e-01,5.00000000e-01,2.50000333e+07,3.32809237e+01,-8.36529265e+00,4.16462164e+01,1.00011712e-09
35,8.86183726e-01,2.80814677e-08,95,0,1,1,normal_corr_dominates,2.17095259e+00,1.00000000e+00,2.49999735e+07,-2.65259464e+01,-8.36529265e+00,-1.81606537e+01,1.00023994e-09
35,8.86183726e-01,2.80814677e-08,95,0,2,2,corr_ratio_high,7.52126419e-01,5.00000000e-01,2.49999967e+07,-3.28055379e+00,-8.36529265e+00,5.08473886e+00,1.00014828e-09
35,8.86183726e-01,2.80814677e-08,95,1,0,3,normal_corr_dominates,6.47008990e+00,1.00000000e+00,2.49999824e+07,-1.75634493e+01,-2.35116974e+00,-1.52122796e+01,1.00012628e-09
35,8.86183726e-01,2.80814677e-08,95,1,1,4,normal_corr_dominates,9.08518331e+00,1.00000000e+00,2.50000190e+07,1.90096383e+01,-2.35116974e+00,2.13608080e+01,1.00020069e-09
35,8.86183726e-01,2.80814677e-08,95,1,2,5,normal_corr_dominates,9.04081066e+00,1.00000000e+00,2.49999764e+07,-2.36076501e+01,-2.35116974e+00,-2.12564804e+01,1.00013273e-09
35,8.86183726e-01,2.80814677e-08,95,1,2,5,corr_ratio_high,5.47787155e-01,5.00000000e-01,2.49999764e+07,-2.36076501e+01,-2.35116974e+00,-2.12564804e+01,1.00013273e-09
35,8.86183726e-01,2.80814677e-08,95,2,0,6,normal_corr_dominates,4.19192686e+01,1.00000000e+00,2.49999825e+07,-1.74919648e+01,-4.07555054e-01,-1.70844098e+01,1.00014777e-09
35,8.86183726e-01,2.80814677e-08,95,2,1,7,normal_corr_dominates,5.29988385e+01,1.00000000e+00,2.49999780e+07,-2.20074996e+01,-4.07555054e-01,-2.15999445e+01,1.00015536e-09
35,8.86183726e-01,2.80814677e-08,95,2,2,8,normal_corr_dominates,3.89971558e+01,1.00000000e+00,2.50000155e+07,1.54859329e+01,-4.07555054e-01,1.58934879e+01,1.00011294e-09
35,8.86183726e-01,2.80814677e-08,95,3,0,9,normal_corr_dominates,8.50422183e+00,1.00000000e+00,2.49999850e+07,-1.49753957e+01,-1.57565721e+00,-1.33997384e+01,1.00016881e-09
35,8.86183726e-01,2.80814677e-08,95,3,1,10,normal_corr_dominates,6.84839047e+00,1.00000000e+00,2.50000092e+07,9.21505861e+00,-1.57565721e+00,1.07907158e+01,1.00010457e-09
35,8.86183726e-01,2.80814677e-08,95,3,1,10,corr_ratio_high,5.92151779e-01,5.00000000e-01,2.50000092e+07,9.21505861e+00,-1.57565721e+00,1.07907158e+01,1.00010457e-09
35,8.86183726e-01,2.80814677e-08,95,3,2,11,normal_corr_dominates,2.16409611e+00,1.00000000e+00,2.50000018e+07,1.83421643e+00,-1.57565721e+00,3.40987364e+00,1.00013631e-09
35,8.86183726e-01,2.80814677e-08,95,3,2,11,corr_ratio_high,6.14202324e-01,5.00000000e-01,2.50000018e+07,1.83421643e+00,-1.57565721e+00,3.40987364e+00,1.00013631e-09
35,8.86183726e-01,2.80814677e-08,95,4,1,13,normal_corr_dominates,2.10446639e+00,1.00000000e+00,2.50000087e+07,8.71399324e+00,-7.88977672e+00,1.66037700e+01,1.00012424e-09
35,8.86183726e-01,2.80814677e-08,95,4,1,13,corr_ratio_high,5.03181787e-01,5.00000000e-01,2.50000087e+07,8.71399324e+00,-7.88977672e+00,1.66037700e+01,1.00012424e-09
35,8.86183726e-01,2.80814677e-08,95,5,0,15,normal_corr_dominates,8.26666215e+00,1.00000000e+00,2.49999839e+07,-1.60639678e+01,-1.73352255e+00,-1.43304452e+01,1.00023536e-09
35,8.86183726e-01,2.80814677e-08,95,5,1,16,normal_corr_dominates,4.73744415e+00,1.00000000e+00,2.50000065e+07,6.47894371e+00,-1.73352255e+00,8.21246626e+00,1.00013871e-09
35,8.86183726e-01,2.80814677e-08,95,5,1,16,corr_ratio_high,6.67361286e-01,5.00000000e-01,2.50000065e+07,6.47894371e+00,-1.73352255e+00,8.21246626e+00,1.00013871e-09
35,8.86183726e-01,2.80814677e-08,95,5,2,17,normal_corr_dominates,8.29037093e+00,1.00000000e+00,2.49999839e+07,-1.61050675e+01,-1.73352255e+00,-1.43715449e+01,1.00019018e-09
35,8.86183726e-01,2.80814677e-08,95,7,0,21,normal_corr_dominates,8.52523719e+00,1.00000000e+00,2.49999973e+07,-2.73561013e+00,-2.87196011e-01,-2.44841411e+00,1.00009336e-09
35,8.86183726e-01,2.80814677e-08,95,7,1,22,normal_corr_dominates,2.09748784e+01,1.00000000e+00,2.49999937e+07,-6.31109741e+00,-2.87196011e-01,-6.02390139e+00,1.00011855e-09
35,8.86183726e-01,2.80814677e-08,95,7,2,23,normal_corr_dominates,5.72446648e+00,1.00000000e+00,2.50000014e+07,1.35684793e+00,-2.87196011e-01,1.64404394e+00,1.00012368e-09
35,8.86183726e-01,2.80814677e-08,95,8,0,24,normal_corr_dominates,4.58732068e+00,1.00000000e+00,2.50000206e+07,2.06240651e+01,-5.74915570e+00,2.63732208e+01,1.00020618e-09
35,8.86183726e-01,2.80814677e-08,95,8,1,25,normal_corr_dominates,3.18190635e+00,1.00000000e+00,2.50000125e+07,1.25441193e+01,-5.74915570e+00,1.82932750e+01,1.00013724e-09
35,8.86183726e-01,2.80814677e-08,95,8,2,26,normal_corr_dominates,4.06526833e+00,1.00000000e+00,2.49999709e+07,-2.91210163e+01,-5.74915570e+00,-2.33718606e+01,1.00013532e-09
35,8.86183726e-01,2.80814677e-08,95,8,2,26,corr_ratio_high,5.79869205e-01,5.00000000e-01,2.49999709e+07,-2.91210163e+01,-5.74915570e+00,-2.33718606e+01,1.00013532e-09
35,8.86183726e-01,2.80814677e-08,95,9,0,27,normal_corr_dominates,5.42384799e+00,1.00000000e+00,2.50000206e+07,2.06432341e+01,-4.66635251e+00,2.53095867e+01,1.00012452e-09
35,8.86183726e-01,2.80814677e-08,95,9,0,27,corr_ratio_high,6.45910451e-01,5.00000000e-01,2.50000206e+07,2.06432341e+01,-4.66635251e+00,2.53095867e+01,1.00012452e-09
35,8.86183726e-01,2.80814677e-08,95,9,1,28,normal_corr_dominates,1.41959588e+00,1.00000000e+00,2.50000020e+07,1.95798227e+00,-4.66635251e+00,6.62433477e+00,1.00011135e-09
35,8.86183726e-01,2.80814677e-08,95,9,1,28,corr_ratio_high,6.16157156e-01,5.00000000e-01,2.50000020e+07,1.95798227e+00,-4.66635251e+00,6.62433477e+00,1.00011135e-09
35,8.86183726e-01,2.80814677e-08,95,9,2,29,normal_corr_dominates,6.55496085e+00,1.00000000e+00,2.49999647e+07,-3.52541105e+01,-4.66635251e+00,-3.05877580e+01,1.00025983e-09
35,8.86183726e-01,2.80814677e-08,95,9,2,29,corr_ratio_high,7.38184303e-01,5.00000000e-01,2.49999647e+07,-3.52541105e+01,-4.66635251e+00,-3.05877580e+01,1.00025983e-09
35,8.86183726e-01,2.80814677e-08,95,10,0,30,normal_corr_dominates,1.47323290e+00,1.00000000e+00,2.50000013e+07,1.27711246e+00,-2.69869755e+00,3.97581001e+00,1.00010658e-09
35,8.86183726e-01,2.80814677e-08,95,12,0,36,normal_corr_dominates,1.39279555e+00,1.00000000e+00,2.49999878e+07,-1.22206887e+01,-5.10728496e+00,-7.11340374e+00,1.00015950e-09
35,8.86183726e-01,2.80814677e-08,95,12,1,37,normal_corr_dominates,2.14754915e+00,1.00000000e+00,2.50000059e+07,5.86086053e+00,-5.10728496e+00,1.09681455e+01,1.00007725e-09
35,8.86183726e-01,2.80814677e-08,95,12,1,37,corr_ratio_high,9.67649651e-01,5.00000000e-01,2.50000059e+07,5.86086053e+00,-5.10728496e+00,1.09681455e+01,1.00007725e-09
35,8.86183726e-01,2.80814677e-08,95,12,2,38,normal_corr_dominates,2.56974816e+00,1.00000000e+00,2.49999818e+07,-1.82317211e+01,-5.10728496e+00,-1.31244361e+01,1.00021758e-09
35,8.86183726e-01,2.80814677e-08,95,12,2,38,corr_ratio_high,5.51046711e-01,5.00000000e-01,2.49999818e+07,-1.82317211e+01,-5.10728496e+00,-1.31244361e+01,1.00021758e-09
35,8.86183726e-01,2.80814677e-08,95,14,0,42,normal_corr_dominates,2.83497558e+01,1.00000000e+00,2.49999937e+07,-6.33136613e+00,2.31496258e-01,-6.56286238e+00,1.00014817e-09
35,8.86183726e-01,2.80814677e-08,95,14,1,43,normal_corr_dominates,6.72114959e+00,1.00000000e+00,2.49999987e+07,-1.32442472e+00,2.31496258e-01,-1.55592098e+00,1.00012272e-09
35,8.86183726e-01,2.80814677e-08,95,14,2,44,normal_corr_dominates,8.31535089e+00,1.00000000e+00,2.50000022e+07,2.15646887e+00,2.31496258e-01,1.92497261e+00,1.00012174e-09
35,8.86183726e-01,2.80814677e-08,95,15,1,46,normal_corr_dominates,5.18758606e+00,1.00000000e+00,2.49999797e+07,-2.02518860e+01,-3.27298656e+00,-1.69788995e+01,1.00016220e-09
35,8.86183726e-01,2.80814677e-08,95,15,2,47,normal_corr_dominates,2.41292877e+00,1.00000000e+00,2.50000046e+07,4.62449688e+00,-3.27298656e+00,7.89748344e+00,1.00011292e-09
35,8.86183726e-01,2.80814677e-08,95,18,0,54,normal_corr_dominates,1.14992841e+00,1.00000000e+00,2.49999946e+07,-5.41371089e+00,-2.51808891e+00,-2.89562198e+00,1.00011456e-09
35,8.86183726e-01,2.80814677e-08,95,18,2,56,normal_corr_dominates,1.08067660e+00,1.00000000e+00,2.49999948e+07,-5.23932869e+00,-2.51808891e+00,-2.72123978e+00,1.00013681e-09
35,8.86183726e-01,2.80814677e-08,95,21,0,63,normal_corr_dominates,1.44987362e+00,1.00000000e+00,2.50000041e+07,4.06943767e+00,-9.04573524e+00,1.31151729e+01,1.00010066e-09
35,8.86183726e-01,2.80814677e-08,95,21,0,63,corr_ratio_high,7.66238164e-01,5.00000000e-01,2.50000041e+07,4.06943767e+00,-9.04573524e+00,1.31151729e+01,1.00010066e-09
35,8.86183726e-01,2.80814677e-08,95,22,0,66,normal_corr_dominates,2.66962978e+00,1.00000000e+00,2.50000100e+07,1.00186495e+01,-6.00052153e+00,1.60191710e+01,1.00014155e-09
35,8.86183726e-01,2.80814677e-08,95,22,2,68,normal_corr_dominates,1.29556796e+00,1.00000000e+00,2.49999862e+07,-1.37746050e+01,-6.00052153e+00,-7.77408343e+00,1.00013884e-09
35,8.86183726e-01,2.80814677e-08,95,23,0,69,normal_corr_dominates,1.27855071e+00,1.00000000e+00,2.50000014e+07,1.42257422e+00,-5.10705653e+00,6.52963075e+00,1.00013665e-09
35,8.86183726e-01,2.80814677e-08,95,23,0,69,corr_ratio_high,8.09468693e-01,5.00000000e-01,2.50000014e+07,1.42257422e+00,-5.10705653e+00,6.52963075e+00,1.00013665e-09
35,8.86183726e-01,2.80814677e-08,95,23,1,70,normal_corr_dominates,1.09478937e+00,1.00000000e+00,2.49999893e+07,-1.06982077e+01,-5.10705653e+00,-5.59115120e+00,1.00015891e-09
35,8.86183726e-01,2.80814677e-08,95,23,1,70,corr_ratio_high,5.15098048e-01,5.00000000e-01,2.49999893e+07,-1.06982077e+01,-5.10705653e+00,-5.59115120e+00,1.00015891e-09
35,8.86183726e-01,2.80814677e-08,95,24,0,72,normal_corr_dominates,1.84679963e+00,1.00000000e+00,2.50000037e+07,3.74798086e+00,-4.42605395e+00,8.17403480e+00,1.00010962e-09
35,8.86183726e-01,2.80814677e-08,95,24,0,72,corr_ratio_high,6.21509434e-01,5.00000000e-01,2.50000037e+07,3.74798086e+00,-4.42605395e+00,8.17403480e+00,1.00010962e-09
35,8.86183726e-01,2.80814677e-08,95,24,2,74,normal_corr_dominates,1.20203493e+00,1.00000000e+00,2.49999903e+07,-9.74632541e+00,-4.42605395e+00,-5.32027147e+00,1.00013350e-09
35,8.86183726e-01,2.80814677e-08,95,26,0,78,normal_corr_dominates,1.24939643e+00,1.00000000e+00,2.50000002e+07,1.98773194e-01,-7.97016993e-01,9.95790188e-01,1.00009780e-09
35,8.86183726e-01,2.80814677e-08,95,27,2,83,normal_corr_dominates,1.44621936e+00,1.00000000e+00,2.49999752e+07,-2.48440699e+01,-1.01561088e+01,-1.46879611e+01,1.00015588e-09
35,8.86183726e-01,2.80814677e-08,95,28,0,84,normal_corr_dominates,1.30370852e+00,1.00000000e+00,2.49999939e+07,-6.09685078e+00,-2.64653741e+00,-3.45031337e+00,1.00015078e-09
35,8.86183726e-01,2.80814677e-08,95,28,1,85,normal_corr_dominates,1.61016022e+00,1.00000000e+00,2.50000016e+07,1.61481184e+00,-2.64653741e+00,4.26134925e+00,1.00012515e-09
35,8.86183726e-01,2.80814677e-08,95,29,0,87,normal_corr_dominates,8.87956400e+00,1.00000000e+00,2.49999971e+07,-2.85433508e+00,-2.88913062e-01,-2.56542202e+00,1.00014310e-09
35,8.86183726e-01,2.80814677e-08,95,29,1,88,normal_corr_dominates,2.42526811e+00,1.00000000e+00,2.50000004e+07,4.11778575e-01,-2.88913062e-01,7.00691636e-01,1.00012780e-09
35,8.86183726e-01,2.80814677e-08,95,29,2,89,normal_corr_dominates,9.54565576e+00,1.00000000e+00,2.50000025e+07,2.46895157e+00,-2.88913062e-01,2.75786463e+00,1.00012058e-09
35,8.86183726e-01,2.80814677e-08,95,30,0,90,normal_corr_dominates,1.61880696e+01,1.00000000e+00,2.49999918e+07,-8.16393167e+00,-4.74976646e-01,-7.68895502e+00,1.00011967e-09
35,8.86183726e-01,2.80814677e-08,95,30,2,92,normal_corr_dominates,6.57614656e+00,1.00000000e+00,2.50000026e+07,2.64853939e+00,-4.74976646e-01,3.12351604e+00,1.00011620e-09
35,8.86183726e-01,2.80814677e-08,95,32,1,97,normal_corr_dominates,2.95404537e+00,1.00000000e+00,2.49999875e+07,-1.24744140e+01,-3.15484848e+00,-9.31956554e+00,1.00011578e-09
35,8.86183726e-01,2.80814677e-08,95,32,2,98,normal_corr_dominates,1.78281305e+00,1.00000000e+00,2.50000025e+07,2.46965656e+00,-3.15484848e+00,5.62450504e+00,1.00012108e-09
35,8.86183726e-01,2.80814677e-08,95,35,1,106,normal_corr_dominates,7.52987784e+00,1.00000000e+00,2.49999817e+07,-1.82525442e+01,-2.13983653e+00,-1.61127077e+01,1.00016107e-09
35,8.86183726e-01,2.80814677e-08,95,35,2,107,normal_corr_dominates,2.47903591e+00,1.00000000e+00,2.50000032e+07,3.16489508e+00,-2.13983653e+00,5.30473162e+00,1.00011637e-09
35,8.86183726e-01,2.80814677e-08,95,13,0,39,normal_corr_dominates,2.70926846e+01,1.00000000e+00,2.50000038e+07,3.75920880e+00,1.33814509e-01,3.62539429e+00,1.00013465e-09
35,8.86183726e-01,2.80814677e-08,95,13,1,40,normal_corr_dominates,8.62348448e+01,1.00000000e+00,2.49999886e+07,-1.14056589e+01,1.33814509e-01,-1.15394734e+01,1.00017111e-09
35,8.86183726e-01,2.80814677e-08,95,13,2,41,normal_corr_dominates,3.60833808e+01,1.00000000e+00,2.50000050e+07,4.96229439e+00,1.33814509e-01,4.82847988e+00,1.00011248e-09
35,8.86183726e-01,2.80814677e-08,95,25,0,75,normal_corr_dominates,9.29839871e+00,1.00000000e+00,2.50000041e+07,4.06367058e+00,-4.89693339e-01,4.55336392e+00,1.00014434e-09
35,8.86183726e-01,2.80814677e-08,95,25,1,76,normal_corr_dominates,7.04131956e+00,1.00000000e+00,2.50000030e+07,2.95839395e+00,-4.89693339e-01,3.44808729e+00,1.00012413e-09
35,8.86183726e-01,2.80814677e-08,95,25,2,77,normal_corr_dominates,2.22280865e+01,1.00000000e+00,2.49999886e+07,-1.13746392e+01,-4.89693339e-01,-1.08849459e+01,1.00011132e-09
36,9.12327811e-01,2.89099238e-08,95,0,0,0,normal_corr_dominates,4.98093441e+00,1.00000000e+00,2.50000342e+07,3.41936249e+01,-8.58934646e+00,4.27829713e+01,1.00012036e-09
36,9.12327811e-01,2.89099238e-08,95,0,0,0,corr_ratio_high,7.24452906e-01,5.00000000e-01,2.50000342e+07,3.41936249e+01,-8.58934646e+00,4.27829713e+01,1.00012036e-09
36,9.12327811e-01,2.89099238e-08,95,0,1,1,normal_corr_dominates,2.17256724e+00,1.00000000e+00,2.49999727e+07,-2.72502792e+01,-8.58934646e+00,-1.86609328e+01,1.00024649e-09
36,9.12327811e-01,2.89099238e-08,95,0,2,2,corr_ratio_high,7.52143070e-01,5.00000000e-01,2.49999966e+07,-3.35372391e+00,-8.58934646e+00,5.23562255e+00,1.00015234e-09
36,9.12327811e-01,2.89099238e-08,95,1,0,3,normal_corr_dominates,6.47890116e+00,1.00000000e+00,2.49999820e+07,-1.80453914e+01,-2.41283994e+00,-1.56325515e+01,1.00012976e-09
36,9.12327811e-01,2.89099238e-08,95,1,1,4,normal_corr_dominates,9.10016462e+00,1.00000000e+00,2.50000195e+07,1.95444007e+01,-2.41283994e+00,2.19572406e+01,1.00020617e-09
36,9.12327811e-01,2.89099238e-08,95,1,2,5,normal_corr_dominates,9.05501825e+00,1.00000000e+00,2.49999757e+07,-2.42611496e+01,-2.41283994e+00,-2.18483097e+01,1.00013638e-09
36,9.12327811e-01,2.89099238e-08,95,1,2,5,corr_ratio_high,5.47789407e-01,5.00000000e-01,2.49999757e+07,-2.42611496e+01,-2.41283994e+00,-2.18483097e+01,1.00013638e-09
36,9.12327811e-01,2.89099238e-08,95,2,0,6,normal_corr_dominates,4.20719339e+01,1.00000000e+00,2.49999820e+07,-1.79722322e+01,-4.17260860e-01,-1.75549713e+01,1.00015184e-09
36,9.12327811e-01,2.89099238e-08,95,2,1,7,normal_corr_dominates,5.32000780e+01,1.00000000e+00,2.49999774e+07,-2.26155711e+01,-4.17260860e-01,-2.21983103e+01,1.00015962e-09
36,9.12327811e-01,2.89099238e-08,95,2,2,8,normal_corr_dominates,3.91399787e+01,1.00000000e+00,2.50000159e+07,1.59143203e+01,-4.17260860e-01,1.63315812e+01,1.00011604e-09
36,9.12327811e-01,2.89099238e-08,95,3,0,9,normal_corr_dominates,8.52008072e+00,1.00000000e+00,2.49999846e+07,-1.53819159e+01,-1.61573377e+00,-1.37661822e+01,1.00017343e-09
36,9.12327811e-01,2.89099238e-08,95,3,1,10,normal_corr_dominates,6.86542834e+00,1.00000000e+00,2.50000095e+07,9.47697066e+00,-1.61573377e+00,1.10927044e+01,1.00010745e-09
36,9.12327811e-01,2.89099238e-08,95,3,1,10,corr_ratio_high,5.92066483e-01,5.00000000e-01,2.50000095e+07,9.47697066e+00,-1.61573377e+00,1.10927044e+01,1.00010745e-09
36,9.12327811e-01,2.89099238e-08,95,3,2,11,normal_corr_dominates,2.16641581e+00,1.00000000e+00,2.50000019e+07,1.88461742e+00,-1.61573377e+00,3.50035119e+00,1.00014007e-09
36,9.12327811e-01,2.89099238e-08,95,3,2,11,corr_ratio_high,6.14197774e-01,5.00000000e-01,2.50000019e+07,1.88461742e+00,-1.61573377e+00,3.50035119e+00,1.00014007e-09
36,9.12327811e-01,2.89099238e-08,95,4,1,13,normal_corr_dominates,2.10513411e+00,1.00000000e+00,2.50000090e+07,8.95169641e+00,-8.10009961e+00,1.70517960e+01,1.00012768e-09
36,9.12327811e-01,2.89099238e-08,95,4,1,13,corr_ratio_high,5.02921589e-01,5.00000000e-01,2.50000090e+07,8.95169641e+00,-8.10009961e+00,1.70517960e+01,1.00012768e-09
36,9.12327811e-01,2.89099238e-08,95,5,0,15,normal_corr_dominates,8.28829178e+00,1.00000000e+00,2.49999835e+07,-1.65038451e+01,-1.77684396e+00,-1.47270011e+01,1.00024180e-09
36,9.12327811e-01,2.89099238e-08,95,5,1,16,normal_corr_dominates,4.75293713e+00,1.00000000e+00,2.50000067e+07,6.66838365e+00,-1.77684396e+00,8.44522760e+00,1.00014252e-09
36,9.12327811e-01,2.89099238e-08,95,5,1,16,corr_ratio_high,6.67317003e-01,5.00000000e-01,2.50000067e+07,6.66838365e+00,-1.77684396e+00,8.44522760e+00,1.00014252e-09
36,9.12327811e-01,2.89099238e-08,95,5,2,17,normal_corr_dominates,8.31130992e+00,1.00000000e+00,2.49999835e+07,-1.65447448e+01,-1.77684396e+00,-1.47679008e+01,1.00019538e-09
36,9.12327811e-01,2.89099238e-08,95,7,0,21,normal_corr_dominates,8.57356009e+00,1.00000000e+00,2.49999972e+07,-2.80567894e+00,-2.93065371e-01,-2.51261357e+00,1.00009593e-09
36,9.12327811e-01,2.89099238e-08,95,7,1,22,normal_corr_dominates,2.11257907e+01,1.00000000e+00,2.49999935e+07,-6.48430306e+00,-2.93065371e-01,-6.19123769e+00,1.00012181e-09
36,9.12327811e-01,2.89099238e-08,95,7,2,23,normal_corr_dominates,5.76692630e+00,1.00000000e+00,2.50000014e+07,1.39702102e+00,-2.93065371e-01,1.69008639e+00,1.00012707e-09
36,9.12327811e-01,2.89099238e-08,95,8,0,24,normal_corr_dominates,4.59260293e+00,1.00000000e+00,2.50000212e+07,2.12057092e+01,-5.90260311e+00,2.71083123e+01,1.00021181e-09
36,9.12327811e-01,2.89099238e-08,95,8,1,25,normal_corr_dominates,3.18398293e+00,1.00000000e+00,2.50000129e+07,1.28911845e+01,-5.90260311e+00,1.87937876e+01,1.00014100e-09
36,9.12327811e-01,2.89099238e-08,95,8,2,26,normal_corr_dominates,4.06983195e+00,1.00000000e+00,2.49999701e+07,-2.99252059e+01,-5.90260311e+00,-2.40226028e+01,1.00013905e-09
36,9.12327811e-01,2.89099238e-08,95,8,2,26,corr_ratio_high,5.79780420e-01,5.00000000e-01,2.49999701e+07,-2.99252059e+01,-5.90260311e+00,-2.40226028e+01,1.00013905e-09
36,9.12327811e-01,2.89099238e-08,95,9,0,27,normal_corr_dominates,5.42893642e+00,1.00000000e+00,2.50000212e+07,2.12153000e+01,-4.79015681e+00,2.60054568e+01,1.00012795e-09
36,9.12327811e-01,2.89099238e-08,95,9,0,27,corr_ratio_high,6.45924256e-01,5.00000000e-01,2.50000212e+07,2.12153000e+01,-4.79015681e+00,2.60054568e+01,1.00012795e-09
36,9.12327811e-01,2.89099238e-08,95,9,1,28,normal_corr_dominates,1.42050104e+00,1.00000000e+00,2.50000020e+07,2.01426592e+00,-4.79015681e+00,6.80442273e+00,1.00011442e-09
36,9.12327811e-01,2.89099238e-08,95,9,1,28,corr_ratio_high,6.16040921e-01,5.00000000e-01,2.50000020e+07,2.01426592e+00,-4.79015681e+00,6.80442273e+00,1.00011442e-09
36,9.12327811e-01,2.89099238e-08,95,9,2,29,normal_corr_dominates,6.56019070e+00,1.00000000e+00,2.49999638e+07,-3.62144990e+01,-4.79015681e+00,-3.14243422e+01,1.00026691e-09
36,9.12327811e-01,2.89099238e-08,95,9,2,29,corr_ratio_high,7.38225707e-01,5.00000000e-01,2.49999638e+07,-3.62144990e+01,-4.79015681e+00,-3.14243422e+01,1.00026691e-09
36,9.12327811e-01,2.89099238e-08,95,10,0,30,normal_corr_dominates,1.47404597e+00,1.00000000e+00,2.50000013e+07,1.31321992e+00,-2.77023748e+00,4.08345740e+00,1.00010952e-09
36,9.12327811e-01,2.89099238e-08,95,12,0,36,normal_corr_dominates,1.39357732e+00,1.00000000e+00,2.49999874e+07,-1.25511959e+01,-5.24369772e+00,-7.30749822e+00,1.00016387e-09
36,9.12327811e-01,2.89099238e-08,95,12,1,37,normal_corr_dominates,2.14833832e+00,1.00000000e+00,2.50000060e+07,6.02153900e+00,-5.24369772e+00,1.12652367e+01,1.00007941e-09
36,9.12327811e-01,2.89099238e-08,95,12,1,37,corr_ratio_high,9.67494753e-01,5.00000000e-01,2.50000060e+07,6.02153900e+00,-5.24369772e+00,1.12652367e+01,1.00007941e-09
36,9.12327811e-01,2.89099238e-08,95,12,2,38,normal_corr_dominates,2.57085469e+00,1.00000000e+00,2.49999813e+07,-1.87244826e+01,-5.24369772e+00,-1.34807849e+01,1.00022351e-09
36,9.12327811e-01,2.89099238e-08,95,12,2,38,corr_ratio_high,5.51075256e-01,5.00000000e-01,2.49999813e+07,-1.87244826e+01,-5.24369772e+00,-1.34807849e+01,1.00022351e-09
36,9.12327811e-01,2.89099238e-08,95,14,0,42,normal_corr_dominates,2.81096326e+01,1.00000000e+00,2.49999935e+07,-6.50520201e+00,2.39959062e-01,-6.74516108e+00,1.00015223e-09
36,9.12327811e-01,2.89099238e-08,95,14,1,43,normal_corr_dominates,6.66015603e+00,1.00000000e+00,2.49999986e+07,-1.35820573e+00,2.39959062e-01,-1.59816480e+00,1.00012609e-09
36,9.12327811e-01,2.89099238e-08,95,14,2,44,normal_corr_dominates,8.24469850e+00,1.00000000e+00,2.50000022e+07,2.21834919e+00,2.39959062e-01,1.97839012e+00,1.00012508e-09
36,9.12327811e-01,2.89099238e-08,95,15,1,46,normal_corr_dominates,5.18933290e+00,1.00000000e+00,2.49999792e+07,-2.08065870e+01,-3.36168491e+00,-1.74449021e+01,1.00016664e-09
36,9.12327811e-01,2.89099238e-08,95,15,2,47,normal_corr_dominates,2.41343769e+00,1.00000000e+00,2.50000048e+07,4.75153217e+00,-3.36168491e+00,8.11321708e+00,1.00011602e-09
36,9.12327811e-01,2.89099238e-08,95,18,0,54,normal_corr_dominates,1.15038715e+00,1.00000000e+00,2.49999944e+07,-5.55970117e+00,-2.58544196e+00,-2.97425920e+00,1.00011771e-09
36,9.12327811e-01,2.89099238e-08,95,18,2,56,normal_corr_dominates,1.08204885e+00,1.00000000e+00,2.49999946e+07,-5.38301647e+00,-2.58544196e+00,-2.79757451e+00,1.00014056e-09
36,9.12327811e-01,2.89099238e-08,95,21,0,63,normal_corr_dominates,1.45091077e+00,1.00000000e+00,2.50000042e+07,4.18975150e+00,-9.29175300e+00,1.34815045e+01,1.00010342e-09
36,9.12327811e-01,2.89099238e-08,95,21,0,63,corr_ratio_high,7.66212554e-01,5.00000000e-01,2.50000042e+07,4.18975150e+00,-9.29175300e+00,1.34815045e+01,1.00010342e-09
36,9.12327811e-01,2.89099238e-08,95,22,0,66,normal_corr_dominates,2.67096088e+00,1.00000000e+00,2.50000103e+07,1.02962256e+01,-6.16185915e+00,1.64580847e+01,1.00014543e-09
36,9.12327811e-01,2.89099238e-08,95,22,2,68,normal_corr_dominates,1.29660202e+00,1.00000000e+00,2.49999858e+07,-1.41513382e+01,-6.16185915e+00,-7.98947904e+00,1.00014265e-09
36,9.12327811e-01,2.89099238e-08,95,23,0,69,normal_corr_dominates,1.28150966e+00,1.00000000e+00,2.50000015e+07,1.47528733e+00,-5.24062782e+00,6.71591516e+00,1.00014037e-09
36,9.12327811e-01,2.89099238e-08,95,23,0,69,corr_ratio_high,8.09575249e-01,5.00000000e-01,2.50000015e+07,1.47528733e+00,-5.24062782e+00,6.71591516e+00,1.00014037e-09
36,9.12327811e-01,2.89099238e-08,95,23,1,70,normal_corr_dominates,1.09849150e+00,1.00000000e+00,2.49999890e+07,-1.09974129e+01,-5.24062782e+00,-5.75678510e+00,1.00016330e-09
36,9.12327811e-01,2.89099238e-08,95,23,1,70,corr_ratio_high,5.15021952e-01,5.00000000e-01,2.49999890e+07,-1.09974129e+01,-5.24062782e+00,-5.75678510e+00,1.00016330e-09
36,9.12327811e-01,2.89099238e-08,95,24,0,72,normal_corr_dominates,1.84875213e+00,1.00000000e+00,2.50000039e+07,3.85797076e+00,-4.54546225e+00,8.40343301e+00,1.00011262e-09
36,9.12327811e-01,2.89099238e-08,95,24,0,72,corr_ratio_high,6.21526041e-01,5.00000000e-01,2.50000039e+07,3.85797076e+00,-4.54546225e+00,8.40343301e+00,1.00011262e-09
36,9.12327811e-01,2.89099238e-08,95,24,2,74,normal_corr_dominates,1.20253662e+00,1.00000000e+00,2.49999900e+07,-1.00115470e+01,-4.54546225e+00,-5.46608480e+00,1.00013717e-09
36,9.12327811e-01,2.89099238e-08,95,26,0,78,normal_corr_dominates,1.25005932e+00,1.00000000e+00,2.50000002e+07,2.04378545e-01,-8.17320260e-01,1.02169881e+00,1.00010048e-09
36,9.12327811e-01,2.89099238e-08,95,27,2,83,normal_corr_dominates,1.44671818e+00,1.00000000e+00,2.49999745e+07,-2.55251885e+01,-1.04324187e+01,-1.50927698e+01,1.00016016e-09
36,9.12327811e-01,2.89099238e-08,95,28,0,84,normal_corr_dominates,1.30393964e+00,1.00000000e+00,2.49999937e+07,-6.26032121e+00,-2.71722449e+00,-3.54309672e+00,1.00015491e-09
36,9.12327811e-01,2.89099238e-08,95,28,1,85,normal_corr_dominates,1.61228047e+00,1.00000000e+00,2.50000017e+07,1.66370350e+00,-2.71722449e+00,4.38092799e+00,1.00012858e-09
36,9.12327811e-01,2.89099238e-08,95,29,0,87,normal_corr_dominates,8.95389701e+00,1.00000000e+00,2.49999971e+07,-2.93225069e+00,-2.94583185e-01,-2.63766750e+00,1.00014703e-09
36,9.12327811e-01,2.89099238e-08,95,29,1,88,normal_corr_dominates,2.44536860e+00,1.00000000e+00,2.50000004e+07,4.25781287e-01,-2.94583185e-01,7.20364472e-01,1.00013131e-09
36,9.12327811e-01,2.89099238e-08,95,29,2,89,normal_corr_dominates,9.61934673e+00,1.00000000e+00,2.50000025e+07,2.53911461e+00,-2.94583185e-01,2.83369780e+00,1.00012389e-09
36,9.12327811e-01,2.89099238e-08,95,30,0,90,normal_corr_dominates,1.62751440e+01,1.00000000e+00,2.49999916e+07,-8.38674792e+00,-4.85480637e-01,-7.90126728e+00,1.00012296e-09
36,9.12327811e-01,2.89099238e-08,95,30,2,92,normal_corr_dominates,6.61131540e+00,1.00000000e+00,2.50000027e+07,2.72418497e+00,-4.85480637e-01,3.20966561e+00,1.00011939e-09
36,9.12327811e-01,2.89099238e-08,95,32,1,97,normal_corr_dominates,2.95706356e+00,1.00000000e+00,2.49999872e+07,-1.28161193e+01,-3.23879540e+00,-9.57732386e+00,1.00011896e-09
36,9.12327811e-01,2.89099238e-08,95,32,2,98,normal_corr_dominates,1.78509605e+00,1.00000000e+00,2.50000025e+07,2.54276547e+00,-3.23879540e+00,5.78156087e+00,1.00012440e-09
36,9.12327811e-01,2.89099238e-08,95,35,1,106,normal_corr_dominates,7.53736379e+00,1.00000000e+00,2.49999812e+07,-1.87561281e+01,-2.19694610e+00,-1.65591820e+01,1.00016548e-09
36,9.12327811e-01,2.89099238e-08,95,35,2,107,normal_corr_dominates,2.48160152e+00,1.00000000e+00,2.50000033e+07,3.25499868e+00,-2.19694610e+00,5.45194478e+00,1.00011956e-09
36,9.12327811e-01,2.89099238e-08,95,13,0,39,normal_corr_dominates,2.66789206e+01,1.00000000e+00,2.50000039e+07,3.86206931e+00,1.39531066e-01,3.72253824e+00,1.00013834e-09
36,9.12327811e-01,2.89099238e-08,95,13,1,40,normal_corr_dominates,8.49618722e+01,1.00000000e+00,2.49999883e+07,-1.17152896e+01,1.39531066e-01,-1.18548206e+01,1.00017579e-09
36,9.12327811e-01,2.89099238e-08,95,13,2,41,normal_corr_dominates,3.55791046e+01,1.00000000e+00,2.50000051e+07,5.10392147e+00,1.39531066e-01,4.96439040e+00,1.00011557e-09
36,9.12327811e-01,2.89099238e-08,95,25,0,75,normal_corr_dominates,9.34030927e+00,1.00000000e+00,2.50000042e+07,4.17616803e+00,-5.00721004e-01,4.67688904e+00,1.00014830e-09
36,9.12327811e-01,2.89099238e-08,95,25,1,76,normal_corr_dominates,7.08114478e+00,1.00000000e+00,2.50000030e+07,3.04495692e+00,-5.00721004e-01,3.54567792e+00,1.00012753e-09
36,9.12327811e-01,2.89099238e-08,95,25,2,77,normal_corr_dominates,2.23424256e+01,1.00000000e+00,2.49999883e+07,-1.16880428e+01,-5.00721004e-01,-1.11873218e+01,1.00011438e-09
37,9.36573006e-01,2.96782077e-08,95,0,0,0,normal_corr_dominates,4.98316060e+00,1.00000000e+00,2.50000350e+07,3.50378550e+01,-8.79649568e+00,4.38343507e+01,1.00012336e-09
37,9.36573006e-01,2.96782077e-08,95,0,0,0,corr_ratio_high,7.24408564e-01,5.00000000e-01,2.50000350e+07,3.50378550e+01,-8.79649568e+00,4.38343507e+01,1.00012336e-09
37,9.36573006e-01,2.96782077e-08,95,0,1,1,normal_corr_dominates,2.17401843e+00,1.00000000e+00,2.49999721e+07,-2.79202394e+01,-8.79649568e+00,-1.91237437e+01,1.00025254e-09
37,9.36573006e-01,2.96782077e-08,95,0,2,2,corr_ratio_high,7.52157352e-01,5.00000000e-01,2.49999966e+07,-3.42102219e+00,-8.79649568e+00,5.37547349e+00,1.00015609e-09
37,9.36573006e-01,2.96782077e-08,95,1,0,3,normal_corr_dominates,6.48680161e+00,1.00000000e+00,2.49999815e+07,-1.84912040e+01,-2.46984025e+00,-1.60213637e+01,1.00013298e-09
37,9.36573006e-01,2.96782077e-08,95,1,1,4,normal_corr_dominates,9.11362400e+00,1.00000000e+00,2.50000200e+07,2.00393551e+01,-2.46984025e+00,2.25091954e+01,1.00021124e-09
37,9.36573006e-01,2.96782077e-08,95,1,2,5,normal_corr_dominates,9.06778780e+00,1.00000000e+00,2.49999751e+07,-2.48658275e+01,-2.46984025e+00,-2.23959873e+01,1.00013975e-09
37,9.36573006e-01,2.96782077e-08,95,1,2,5,corr_ratio_high,5.47790510e-01,5.00000000e-01,2.49999751e+07,-2.48658275e+01,-2.46984025e+00,-2.23959873e+01,1.00013975e-09
37,9.36573006e-01,2.96782077e-08,95,2,0,6,normal_corr_dominates,4.22085327e+01,1.00000000e+00,2.49999816e+07,-1.84165005e+01,-4.26223696e-01,-1.79902768e+01,1.00015560e-09
37,9.36573006e-01,2.96782077e-08,95,2,1,7,normal_corr_dominates,5.33803623e+01,1.00000000e+00,2.49999768e+07,-2.31781990e+01,-4.26223696e-01,-2.27519753e+01,1.00016356e-09
37,9.36573006e-01,2.96782077e-08,95,2,2,8,normal_corr_dominates,3.92678408e+01,1.00000000e+00,2.50000163e+07,1.63106605e+01,-4.26223696e-01,1.67368842e+01,1.00011891e-09
37,9.36573006e-01,2.96782077e-08,95,3,0,9,normal_corr_dominates,8.53436437e+00,1.00000000e+00,2.49999842e+07,-1.57578735e+01,-1.65274505e+00,-1.41051285e+01,1.00017771e-09
37,9.36573006e-01,2.96782077e-08,95,3,1,10,normal_corr_dominates,6.88079419e+00,1.00000000e+00,2.50000097e+07,9.71945351e+00,-1.65274505e+00,1.13721986e+01,1.00011010e-09
37,9.36573006e-01,2.96782077e-08,95,3,1,10,corr_ratio_high,5.91988341e-01,5.00000000e-01,2.50000097e+07,9.71945351e+00,-1.65274505e+00,1.13721986e+01,1.00011010e-09
37,9.36573006e-01,2.96782077e-08,95,3,2,11,normal_corr_dominates,2.16851182e+00,1.00000000e+00,2.50000019e+07,1.93125213e+00,-1.65274505e+00,3.58399718e+00,1.00014354e-09
37,9.36573006e-01,2.96782077e-08,95,3,2,11,corr_ratio_high,6.14193456e-01,5.00000000e-01,2.50000019e+07,1.93125213e+00,-1.65274505e+00,3.58399718e+00,1.00014354e-09
37,9.36573006e-01,2.96782077e-08,95,4,1,13,normal_corr_dominates,2.10573094e+00,1.00000000e+00,2.50000092e+07,9.17151316e+00,-8.29452522e+00,1.74660384e+01,1.00013086e-09
37,9.36573006e-01,2.96782077e-08,95,4,1,13,corr_ratio_high,5.02685949e-01,5.00000000e-01,2.50000092e+07,9.17151316e+00,-8.29452522e+00,1.74660384e+01,1.00013086e-09
37,9.36573006e-01,2.96782077e-08,95,5,0,15,normal_corr_dominates,8.30774346e+00,1.00000000e+00,2.49999831e+07,-1.69107484e+01,-1.81684728e+00,-1.50939011e+01,1.00024775e-09
37,9.36573006e-01,2.96782077e-08,95,5,1,16,normal_corr_dominates,4.76689190e+00,1.00000000e+00,2.50000068e+07,6.84386730e+00,-1.81684728e+00,8.66071458e+00,1.00014604e-09
37,9.36573006e-01,2.96782077e-08,95,5,1,16,corr_ratio_high,6.67275899e-01,5.00000000e-01,2.50000068e+07,6.84386730e+00,-1.81684728e+00,8.66071458e+00,1.00014604e-09
37,9.36573006e-01,2.96782077e-08,95,5,2,17,normal_corr_dominates,8.33014415e+00,1.00000000e+00,2.49999830e+07,-1.69514470e+01,-1.81684728e+00,-1.51345997e+01,1.00020019e-09
37,9.36573006e-01,2.96782077e-08,95,7,0,21,normal_corr_dominates,8.61733788e+00,1.00000000e+00,2.49999971e+07,-2.87037662e+00,-2.98458540e-01,-2.57191808e+00,1.00009831e-09
37,9.36573006e-01,2.96782077e-08,95,7,1,22,normal_corr_dominates,2.12628273e+01,1.00000000e+00,2.49999934e+07,-6.64453093e+00,-2.98458540e-01,-6.34607239e+00,1.00012482e-09
37,9.36573006e-01,2.96782077e-08,95,7,2,23,normal_corr_dominates,5.80545238e+00,1.00000000e+00,2.50000014e+07,1.43422830e+00,-2.98458540e-01,1.73268684e+00,1.00013020e-09
37,9.36573006e-01,2.96782077e-08,95,8,0,24,normal_corr_dominates,4.59736593e+00,1.00000000e+00,2.50000217e+07,2.17441127e+01,-6.04445396e+00,2.77885667e+01,1.00021702e-09
37,9.36573006e-01,2.96782077e-08,95,8,1,25,normal_corr_dominates,3.18585137e+00,1.00000000e+00,2.50000132e+07,1.32122780e+01,-6.04445396e+00,1.92567320e+01,1.00014448e-09
37,9.36573006e-01,2.96782077e-08,95,8,2,26,normal_corr_dominates,4.07394854e+00,1.00000000e+00,2.49999693e+07,-3.06692484e+01,-6.04445396e+00,-2.46247944e+01,1.00014250e-09
37,9.36573006e-01,2.96782077e-08,95,8,2,26,corr_ratio_high,5.79698990e-01,5.00000000e-01,2.49999693e+07,-3.06692484e+01,-6.04445396e+00,-2.46247944e+01,1.00014250e-09
37,9.36573006e-01,2.96782077e-08,95,9,0,27,normal_corr_dominates,5.43351942e+00,1.00000000e+00,2.50000217e+07,2.17446082e+01,-4.90459298e+00,2.66492012e+01,1.00013111e-09
37,9.36573006e-01,2.96782077e-08,95,9,0,27,corr_ratio_high,6.45936410e-01,5.00000000e-01,2.50000217e+07,2.17446082e+01,-4.90459298e+00,2.66492012e+01,1.00013111e-09
37,9.36573006e-01,2.96782077e-08,95,9,1,28,normal_corr_dominates,1.42132115e+00,1.00000000e+00,2.50000021e+07,2.06640875e+00,-4.90459298e+00,6.97100173e+00,1.00011727e-09
37,9.36573006e-01,2.96782077e-08,95,9,1,28,corr_ratio_high,6.15935799e-01,5.00000000e-01,2.50000021e+07,2.06640875e+00,-4.90459298e+00,6.97100173e+00,1.00011727e-09
37,9.36573006e-01,2.96782077e-08,95,9,2,29,normal_corr_dominates,6.56490391e+00,1.00000000e+00,2.49999629e+07,-3.71027746e+01,-4.90459298e+00,-3.21981816e+01,1.00027347e-09
37,9.36573006e-01,2.96782077e-08,95,9,2,29,corr_ratio_high,7.38263003e-01,5.00000000e-01,2.49999629e+07,-3.71027746e+01,-4.90459298e+00,-3.21981816e+01,1.00027347e-09
37,9.36573006e-01,2.96782077e-08,95,10,0,30,normal_corr_dominates,1.47477712e+00,1.00000000e+00,2.50000013e+07,1.34664314e+00,-2.83636906e+00,4.18301220e+00,1.00011223e-09
37,9.36573006e-01,2.96782077e-08,95,12,0,36,normal_corr_dominates,1.39427561e+00,1.00000000e+00,2.49999871e+07,-1.28568224e+01,-5.36981722e+00,-7.48700518e+00,1.00016792e-09
37,9.36573006e-01,2.96782077e-08,95,12,1,37,normal_corr_dominates,2.14904884e+00,1.00000000e+00,2.50000062e+07,6.17018222e+00,-5.36981722e+00,1.15399994e+01,1.00008140e-09
37,9.36573006e-01,2.96782077e-08,95,12,1,37,corr_ratio_high,9.67354580e-01,5.00000000e-01,2.50000062e+07,6.17018222e+00,-5.36981722e+00,1.15399994e+01,1.00008140e-09
37,9.36573006e-01,2.96782077e-08,95,12,2,38,normal_corr_dominates,2.57184809e+00,1.00000000e+00,2.49999808e+07,-1.91801714e+01,-5.36981722e+00,-1.38103542e+01,1.00022900e-09
37,9.36573006e-01,2.96782077e-08,95,12,2,38,corr_ratio_high,5.51101003e-01,5.00000000e-01,2.49999808e+07,-1.91801714e+01,-5.36981722e+00,-1.38103542e+01,1.00022900e-09
37,9.36573006e-01,2.96782077e-08,95,14,0,42,normal_corr_dominates,2.78989828e+01,1.00000000e+00,2.49999933e+07,-6.66605543e+00,2.47818124e-01,-6.91387356e+00,1.00015599e-09
37,9.36573006e-01,2.96782077e-08,95,14,1,43,normal_corr_dominates,6.60650945e+00,1.00000000e+00,2.49999986e+07,-1.38939465e+00,2.47818124e-01,-1.63721278e+00,1.00012920e-09
37,9.36573006e-01,2.96782077e-08,95,14,2,44,normal_corr_dominates,8.18268733e+00,1.00000000e+00,2.50000023e+07,2.27563634e+00,2.47818124e-01,2.02781822e+00,1.00012817e-09
37,9.36573006e-01,2.96782077e-08,95,15,1,46,normal_corr_dominates,5.19086764e+00,1.00000000e+00,2.49999787e+07,-2.13196768e+01,-3.44373002e+00,-1.78759467e+01,1.00017076e-09
37,9.36573006e-01,2.96782077e-08,95,15,2,47,normal_corr_dominates,2.41387820e+00,1.00000000e+00,2.50000049e+07,4.86901482e+00,-3.44373002e+00,8.31274484e+00,1.00011889e-09
37,9.36573006e-01,2.96782077e-08,95,18,0,54,normal_corr_dominates,1.15078662e+00,1.00000000e+00,2.49999943e+07,-5.69468700e+00,-2.64772291e+00,-3.04696409e+00,1.00012061e-09
37,9.36573006e-01,2.96782077e-08,95,18,2,56,normal_corr_dominates,1.08328920e+00,1.00000000e+00,2.49999945e+07,-5.51597254e+00,-2.64772291e+00,-2.86824963e+00,1.00014403e-09
37,9.36573006e-01,2.96782077e-08,95,21,0,63,normal_corr_dominates,1.45184477e+00,1.00000000e+00,2.50000043e+07,4.30124174e+00,-9.51929074e+00,1.38205325e+01,1.00010598e-09
37,9.36573006e-01,2.96782077e-08,95,21,0,63,corr_ratio_high,7.66188456e-01,5.00000000e-01,2.50000043e+07,4.30124174e+00,-9.51929074e+00,1.38205325e+01,1.00010598e-09
37,9.36573006e-01,2.96782077e-08,95,22,0,66,normal_corr_dominates,2.67215349e+00,1.00000000e+00,2.50000106e+07,1.05530330e+01,-6.31104325e+00,1.68640763e+01,1.00014902e-09
37,9.36573006e-01,2.96782077e-08,95,22,2,68,normal_corr_dominates,1.29752906e+00,1.00000000e+00,2.49999855e+07,-1.44998053e+01,-6.31104325e+00,-8.18876201e+00,1.00014618e-09
37,9.36573006e-01,2.96782077e-08,95,23,0,69,normal_corr_dominates,1.28418449e+00,1.00000000e+00,2.50000015e+07,1.52438027e+00,-5.36405161e+00,6.88843188e+00,1.00014381e-09
37,9.36573006e-01,2.96782077e-08,95,23,0,69,corr_ratio_high,8.09670863e-01,5.00000000e-01,2.50000015e+07,1.52438027e+00,-5.36405161e+00,6.88843188e+00,1.00014381e-09
37,9.36573006e-01,2.96782077e-08,95,23,1,70,normal_corr_dominates,1.10183659e+00,1.00000000e+00,2.49999887e+07,-1.12743600e+01,-5.36405161e+00,-5.91030836e+00,1.00016736e-09
37,9.36573006e-01,2.96782077e-08,95,23,1,70,corr_ratio_high,5.14953112e-01,5.00000000e-01,2.49999887e+07,-1.12743600e+01,-5.36405161e+00,-5.91030836e+00,1.00016736e-09
37,9.36573006e-01,2.96782077e-08,95,24,0,72,normal_corr_dominates,1.85050824e+00,1.00000000e+00,2.50000040e+07,3.95987244e+00,-4.65588959e+00,8.61576203e+00,1.00011540e-09
37,9.36573006e-01,2.96782077e-08,95,24,0,72,corr_ratio_high,6.21540367e-01,5.00000000e-01,2.50000040e+07,3.95987244e+00,-4.65588959e+00,8.61576203e+00,1.00011540e-09
37,9.36573006e-01,2.96782077e-08,95,24,2,74,normal_corr_dominates,1.20297887e+00,1.00000000e+00,2.49999897e+07,-1.02568264e+01,-4.65588959e+00,-5.60093678e+00,1.00014056e-09
37,9.36573006e-01,2.96782077e-08,95,26,0,78,normal_corr_dominates,1.25063347e+00,1.00000000e+00,2.50000002e+07,2.09549603e-01,-8.36079899e-01,1.04562950e+00,1.00010297e-09
37,9.36573006e-01,2.96782077e-08,95,27,2,83,normal_corr_dominates,1.44716529e+00,1.00000000e+00,2.49999738e+07,-2.61552338e+01,-1.06879719e+01,-1.54672619e+01,1.00016412e-09
37,9.36573006e-01,2.96782077e-08,95,28,0,84,normal_corr_dominates,1.30414139e+00,1.00000000e+00,2.49999936e+07,-6.41146252e+00,-2.78258207e+00,-3.62888045e+00,1.00015873e-09
37,9.36573006e-01,2.96782077e-08,95,28,1,85,normal_corr_dominates,1.61419175e+00,1.00000000e+00,2.50000017e+07,1.70903896e+00,-2.78258207e+00,4.49162103e+00,1.00013176e-09
37,9.36573006e-01,2.96782077e-08,95,29,0,87,normal_corr_dominates,9.02148701e+00,1.00000000e+00,2.49999970e+07,-3.00435802e+00,-2.99791640e-01,-2.70456638e+00,1.00015066e-09
37,9.36573006e-01,2.96782077e-08,95,29,1,88,normal_corr_dominates,2.46364361e+00,1.00000000e+00,2.50000004e+07,4.38788119e-01,-2.99791640e-01,7.38579759e-01,1.00013456e-09
37,9.36573006e-01,2.96782077e-08,95,29,2,89,normal_corr_dominates,9.68622310e+00,1.00000000e+00,2.50000026e+07,2.60405707e+00,-2.99791640e-01,2.90384870e+00,1.00012695e-09
37,9.36573006e-01,2.96782077e-08,95,30,0,90,normal_corr_dominates,1.63540950e+01,1.00000000e+00,2.49999914e+07,-8.59283127e+00,-4.95147185e-01,-8.09768409e+00,1.00012600e-09
37,9.36573006e-01,2.96782077e-08,95,30,2,92,normal_corr_dominates,6.64319364e+00,1.00000000e+00,2.50000028e+07,2.79421144e+00,-4.95147185e-01,3.28935863e+00,1.00012234e-09
37,9.36573006e-01,2.96782077e-08,95,32,1,97,normal_corr_dominates,2.95977046e+00,1.00000000e+00,2.49999869e+07,-1.31321984e+01,-3.31640395e+00,-9.81579446e+00,1.00012191e-09
37,9.36573006e-01,2.96782077e-08,95,32,2,98,normal_corr_dominates,1.78716212e+00,1.00000000e+00,2.50000026e+07,2.61054755e+00,-3.31640395e+00,5.92695150e+00,1.00012748e-09
37,9.36573006e-01,2.96782077e-08,95,35,1,106,normal_corr_dominates,7.54405484e+00,1.00000000e+00,2.49999808e+07,-1.92220628e+01,-2.24975883e+00,-1.69723040e+01,1.00016957e-09
37,9.36573006e-01,2.96782077e-08,95,35,2,107,normal_corr_dominates,2.48389893e+00,1.00000000e+00,2.50000033e+07,3.33841470e+00,-2.24975883e+00,5.58817353e+00,1.00012252e-09
37,9.36573006e-01,2.96782077e-08,95,13,0,39,normal_corr_dominates,2.63203099e+01,1.00000000e+00,2.50000040e+07,3.95717100e+00,1.44843562e-01,3.81232744e+00,1.00014175e-09
37,9.36573006e-01,2.96782077e-08,95,13,1,40,normal_corr_dominates,8.38594287e+01,1.00000000e+00,2.49999880e+07,-1.20016548e+01,1.44843562e-01,-1.21464984e+01,1.00018012e-09
37,9.36573006e-01,2.96782077e-08,95,13,2,41,normal_corr_dominates,3.51427357e+01,1.00000000e+00,2.50000052e+07,5.23504259e+00,1.44843562e-01,5.09019902e+00,1.00011842e-09
37,9.36573006e-01,2.96782077e-08,95,25,0,75,normal_corr_dominates,9.37809354e+00,1.00000000e+00,2.50000043e+07,4.28021945e+00,-5.10882270e-01,4.79110172e+00,1.00015196e-09
37,9.36573006e-01,2.96782077e-08,95,25,1,76,normal_corr_dominates,7.11714845e+00,1.00000000e+00,2.50000031e+07,3.12514269e+00,-5.10882270e-01,3.63602496e+00,1.00013068e-09
37,9.36573006e-01,2.96782077e-08,95,25,2,77,normal_corr_dominates,2.24456964e+01,1.00000000e+00,2.49999880e+07,-1.19779906e+01,-5.10882270e-01,-1.14671083e+01,1.00011722e-09
38,9.58490893e-01,3.03727436e-08,95,0,0,0,normal_corr_dominates,4.98511411e+00,1.00000000e+00,2.50000358e+07,3.57992828e+01,-8.98325161e+00,4.47825344e+01,1.00012607e-09
38,9.58490893e-01,3.03727436e-08,95,0,0,0,corr_ratio_high,7.24369270e-01,5.00000000e-01,2.50000358e+07,3.57992828e+01,-8.98325161e+00,4.47825344e+01,1.00012607e-09
38,9.58490893e-01,3.03727436e-08,95,0,1,1,normal_corr_dominates,2.17529382e+00,1.00000000e+00,2.49999715e+07,-2.85244633e+01,-8.98325161e+00,-1.95412117e+01,1.00025801e-09
38,9.58490893e-01,3.03727436e-08,95,0,2,2,corr_ratio_high,7.52169352e-01,5.00000000e-01,2.49999965e+07,-3.48141505e+00,-8.98325161e+00,5.50183655e+00,1.00015947e-09
38,9.58490893e-01,3.03727436e-08,95,1,0,3,normal_corr_dominates,6.49373068e+00,1.00000000e+00,2.49999811e+07,-1.88933123e+01,-2.52121582e+00,-1.63720965e+01,1.00013589e-09
38,9.58490893e-01,3.03727436e-08,95,1,1,4,normal_corr_dominates,9.12544949e+00,1.00000000e+00,2.50000205e+07,2.04860118e+01,-2.52121582e+00,2.30072276e+01,1.00021581e-09
38,9.58490893e-01,3.03727436e-08,95,1,2,5,normal_corr_dominates,9.07901135e+00,1.00000000e+00,2.49999746e+07,-2.54113629e+01,-2.52121582e+00,-2.28901470e+01,1.00014280e-09
38,9.58490893e-01,3.03727436e-08,95,1,2,5,corr_ratio_high,5.47790737e-01,5.00000000e-01,2.49999746e+07,-2.54113629e+01,-2.52121582e+00,-2.28901470e+01,1.00014280e-09
38,9.58490893e-01,3.03727436e-08,95,2,0,6,normal_corr_dominates,4.23280837e+01,1.00000000e+00,2.49999812e+07,-1.88172197e+01,-4.34296145e-01,-1.83829236e+01,1.00015899e-09
38,9.58490893e-01,3.03727436e-08,95,2,1,7,normal_corr_dominates,5.35383253e+01,1.00000000e+00,2.49999763e+07,-2.36857844e+01,-4.34296145e-01,-2.32514883e+01,1.00016711e-09
38,9.58490893e-01,3.03727436e-08,95,2,2,8,normal_corr_dominates,3.93798013e+01,1.00000000e+00,2.50000167e+07,1.66681997e+01,-4.34296145e-01,1.71024959e+01,1.00012150e-09
38,9.58490893e-01,3.03727436e-08,95,3,0,9,normal_corr_dominates,8.54694306e+00,1.00000000e+00,2.49999839e+07,-1.60969055e+01,-1.68607955e+00,-1.44108259e+01,1.00018156e-09
38,9.58490893e-01,3.03727436e-08,95,3,1,10,normal_corr_dominates,6.89434162e+00,1.00000000e+00,2.50000099e+07,9.93832888e+00,-1.68607955e+00,1.16244084e+01,1.00011250e-09
38,9.58490893e-01,3.03727436e-08,95,3,1,10,corr_ratio_high,5.91918480e-01,5.00000000e-01,2.50000099e+07,9.93832888e+00,-1.68607955e+00,1.16244084e+01,1.00011250e-09
38,9.58490893e-01,3.03727436e-08,95,3,2,11,normal_corr_dominates,2.17036324e+00,1.00000000e+00,2.50000020e+07,1.97332553e+00,-1.68607955e+00,3.65940508e+00,1.00014667e-09
38,9.58490893e-01,3.03727436e-08,95,3,2,11,corr_ratio_high,6.14189472e-01,5.00000000e-01,2.50000020e+07,1.97332553e+00,-1.68607955e+00,3.65940508e+00,1.00014667e-09
38,9.58490893e-01,3.03727436e-08,95,4,1,13,normal_corr_dominates,2.10625291e+00,1.00000000e+00,2.50000094e+07,9.36972648e+00,-8.46978695e+00,1.78395134e+01,1.00013373e-09
38,9.58490893e-01,3.03727436e-08,95,4,1,13,corr_ratio_high,5.02477425e-01,5.00000000e-01,2.50000094e+07,9.36972648e+00,-8.46978695e+00,1.78395134e+01,1.00013373e-09
38,9.58490893e-01,3.03727436e-08,95,5,0,15,normal_corr_dominates,8.32484874e+00,1.00000000e+00,2.49999827e+07,-1.72777632e+01,-1.85287329e+00,-1.54248899e+01,1.00025312e-09
38,9.58490893e-01,3.03727436e-08,95,5,1,16,normal_corr_dominates,4.77918043e+00,1.00000000e+00,2.50000070e+07,7.00234247e+00,-1.85287329e+00,8.85521577e+00,1.00014922e-09
38,9.58490893e-01,3.03727436e-08,95,5,1,16,corr_ratio_high,6.67238728e-01,5.00000000e-01,2.50000070e+07,7.00234247e+00,-1.85287329e+00,8.85521577e+00,1.00014922e-09
38,9.58490893e-01,3.03727436e-08,95,5,2,17,normal_corr_dominates,8.34670964e+00,1.00000000e+00,2.49999827e+07,-1.73182687e+01,-1.85287329e+00,-1.54653954e+01,1.00020453e-09
38,9.58490893e-01,3.03727436e-08,95,7,0,21,normal_corr_dominates,8.65609178e+00,1.00000000e+00,2.49999971e+07,-2.92863756e+00,-3.03294296e-01,-2.62534326e+00,1.00010045e-09
38,9.58490893e-01,3.03727436e-08,95,7,1,22,normal_corr_dominates,2.13843857e+01,1.00000000e+00,2.49999932e+07,-6.78905649e+00,-3.03294296e-01,-6.48576219e+00,1.00012754e-09
38,9.58490893e-01,3.03727436e-08,95,7,2,23,normal_corr_dominates,5.83960310e+00,1.00000000e+00,2.50000015e+07,1.46782402e+00,-3.03294296e-01,1.77111831e+00,1.00013303e-09
38,9.58490893e-01,3.03727436e-08,95,8,0,24,normal_corr_dominates,4.60156455e+00,1.00000000e+00,2.50000222e+07,2.22300251e+01,-6.17232448e+00,2.84023495e+01,1.00022172e-09
38,9.58490893e-01,3.03727436e-08,95,8,1,25,normal_corr_dominates,3.18749529e+00,1.00000000e+00,2.50000135e+07,1.35019307e+01,-6.17232448e+00,1.96742552e+01,1.00014763e-09
38,9.58490893e-01,3.03727436e-08,95,8,2,26,normal_corr_dominates,4.07757859e+00,1.00000000e+00,2.49999687e+07,-3.13404626e+01,-6.17232448e+00,-2.51681381e+01,1.00014561e-09
38,9.58490893e-01,3.03727436e-08,95,8,2,26,corr_ratio_high,5.79626115e-01,5.00000000e-01,2.49999687e+07,-3.13404626e+01,-6.17232448e+00,-2.51681381e+01,1.00014561e-09
38,9.58490893e-01,3.03727436e-08,95,9,0,27,normal_corr_dominates,5.43755515e+00,1.00000000e+00,2.50000222e+07,2.22221291e+01,-5.00774151e+00,2.72298706e+01,1.00013397e-09
38,9.58490893e-01,3.03727436e-08,95,9,0,27,corr_ratio_high,6.45946884e-01,5.00000000e-01,2.50000222e+07,2.22221291e+01,-5.00774151e+00,2.72298706e+01,1.00013397e-09
38,9.58490893e-01,3.03727436e-08,95,9,1,28,normal_corr_dominates,1.42204719e+00,1.00000000e+00,2.50000021e+07,2.11350324e+00,-5.00774151e+00,7.12124475e+00,1.00011983e-09
38,9.58490893e-01,3.03727436e-08,95,9,1,28,corr_ratio_high,6.15842886e-01,5.00000000e-01,2.50000021e+07,2.11350324e+00,-5.00774151e+00,7.12124475e+00,1.00011983e-09
38,9.58490893e-01,3.03727436e-08,95,9,2,29,normal_corr_dominates,6.56905653e+00,1.00000000e+00,2.49999621e+07,-3.79038786e+01,-5.00774151e+00,-3.28961371e+01,1.00027938e-09
38,9.58490893e-01,3.03727436e-08,95,9,2,29,corr_ratio_high,7.38295845e-01,5.00000000e-01,2.49999621e+07,-3.79038786e+01,-5.00774151e+00,-3.28961371e+01,1.00027938e-09
38,9.58490893e-01,3.03727436e-08,95,10,0,30,normal_corr_dominates,1.47542009e+00,1.00000000e+00,2.50000014e+07,1.37680790e+00,-2.89598175e+00,4.27278965e+00,1.00011467e-09
38,9.58490893e-01,3.03727436e-08,95,12,0,36,normal_corr_dominates,1.39488595e+00,1.00000000e+00,2.49999869e+07,-1.31324047e+01,-5.48351987e+00,-7.64888481e+00,1.00017157e-09
38,9.58490893e-01,3.03727436e-08,95,12,1,37,normal_corr_dominates,2.14967436e+00,1.00000000e+00,2.50000063e+07,6.30426220e+00,-5.48351987e+00,1.17877821e+01,1.00008320e-09
38,9.58490893e-01,3.03727436e-08,95,12,1,37,corr_ratio_high,9.67230625e-01,5.00000000e-01,2.50000063e+07,6.30426220e+00,-5.48351987e+00,1.17877821e+01,1.00008320e-09
38,9.58490893e-01,3.03727436e-08,95,12,2,38,normal_corr_dominates,2.57272038e+00,1.00000000e+00,2.49999804e+07,-1.95910832e+01,-5.48351987e+00,-1.41075633e+01,1.00023396e-09
38,9.58490893e-01,3.03727436e-08,95,12,2,38,corr_ratio_high,5.51123700e-01,5.00000000e-01,2.49999804e+07,-1.95910832e+01,-5.48351987e+00,-1.41075633e+01,1.00023396e-09
38,9.58490893e-01,3.03727436e-08,95,14,0,42,normal_corr_dominates,2.77177733e+01,1.00000000e+00,2.49999932e+07,-6.81118084e+00,2.54930707e-01,-7.06611155e+00,1.00015938e-09
38,9.58490893e-01,3.03727436e-08,95,14,1,43,normal_corr_dominates,6.56024909e+00,1.00000000e+00,2.49999986e+07,-1.41747823e+00,2.54930707e-01,-1.67240894e+00,1.00013201e-09
38,9.58490893e-01,3.03727436e-08,95,14,2,44,normal_corr_dominates,8.12931815e+00,1.00000000e+00,2.50000023e+07,2.32734353e+00,2.54930707e-01,2.07241283e+00,1.00013096e-09
38,9.58490893e-01,3.03727436e-08,95,15,1,46,normal_corr_dominates,5.19218846e+00,1.00000000e+00,2.49999782e+07,-2.17824448e+01,-3.51772963e+00,-1.82647152e+01,1.00017447e-09
38,9.58490893e-01,3.03727436e-08,95,15,2,47,normal_corr_dominates,2.41425192e+00,1.00000000e+00,2.50000050e+07,4.97495590e+00,-3.51772963e+00,8.49268553e+00,1.00012148e-09
38,9.58490893e-01,3.03727436e-08,95,18,0,54,normal_corr_dominates,1.15112753e+00,1.00000000e+00,2.49999942e+07,-5.81639176e+00,-2.70388048e+00,-3.11251127e+00,1.00012323e-09
38,9.58490893e-01,3.03727436e-08,95,18,2,56,normal_corr_dominates,1.08438493e+00,1.00000000e+00,2.49999944e+07,-5.63592773e+00,-2.70388048e+00,-2.93204724e+00,1.00014715e-09
38,9.58490893e-01,3.03727436e-08,95,21,0,63,normal_corr_dominates,1.45266713e+00,1.00000000e+00,2.50000044e+07,4.40195838e+00,-9.72449319e+00,1.41264516e+01,1.00010828e-09
38,9.58490893e-01,3.03727436e-08,95,21,0,63,corr_ratio_high,7.66166411e-01,5.00000000e-01,2.50000044e+07,4.40195838e+00,-9.72449319e+00,1.41264516e+01,1.00010828e-09
38,9.58490893e-01,3.03727436e-08,95,22,0,66,normal_corr_dominates,2.67319871e+00,1.00000000e+00,2.50000108e+07,1.07846963e+01,-6.44555620e+00,1.72302525e+01,1.00015226e-09
38,9.58490893e-01,3.03727436e-08,95,22,2,68,normal_corr_dominates,1.29834193e+00,1.00000000e+00,2.49999852e+07,-1.48140921e+01,-6.44555620e+00,-8.36853591e+00,1.00014936e-09
38,9.58490893e-01,3.03727436e-08,95,23,0,69,normal_corr_dominates,1.28654775e+00,1.00000000e+00,2.50000016e+07,1.56892602e+00,-5.47526904e+00,7.04419506e+00,1.00014691e-09
38,9.58490893e-01,3.03727436e-08,95,23,0,69,corr_ratio_high,8.09754766e-01,5.00000000e-01,2.50000016e+07,1.56892602e+00,-5.47526904e+00,7.04419506e+00,1.00014691e-09
38,9.58490893e-01,3.03727436e-08,95,23,1,70,normal_corr_dominates,1.10479078e+00,1.00000000e+00,2.49999885e+07,-1.15242958e+01,-5.47526904e+00,-6.04902674e+00,1.00017102e-09
38,9.58490893e-01,3.03727436e-08,95,23,1,70,corr_ratio_high,5.14892253e-01,5.00000000e-01,2.49999885e+07,-1.15242958e+01,-5.47526904e+00,-6.04902674e+00,1.00017102e-09
38,9.58490893e-01,3.03727436e-08,95,24,0,72,normal_corr_dominates,1.85205270e+00,1.00000000e+00,2.50000041e+07,4.05190974e+00,-4.75546847e+00,8.80737821e+00,1.00011790e-09
38,9.58490893e-01,3.03727436e-08,95,24,0,72,corr_ratio_high,6.21552473e-01,5.00000000e-01,2.50000041e+07,4.05190974e+00,-4.75546847e+00,8.80737821e+00,1.00011790e-09
38,9.58490893e-01,3.03727436e-08,95,24,2,74,normal_corr_dominates,1.20336069e+00,1.00000000e+00,2.49999895e+07,-1.04780123e+01,-4.75546847e+00,-5.72254382e+00,1.00014362e-09
38,9.58490893e-01,3.03727436e-08,95,26,0,78,normal_corr_dominates,1.25112109e+00,1.00000000e+00,2.50000002e+07,2.14202181e-01,-8.52983654e-01,1.06718584e+00,1.00010521e-09
38,9.58490893e-01,3.03727436e-08,95,27,2,83,normal_corr_dominates,1.44755727e+00,1.00000000e+00,2.49999733e+07,-2.67235041e+01,-1.09184387e+01,-1.58050653e+01,1.00016768e-09
38,9.58490893e-01,3.03727436e-08,95,28,0,84,normal_corr_dominates,1.30431401e+00,1.00000000e+00,2.49999935e+07,-6.54772805e+00,-2.84150859e+00,-3.70621946e+00,1.00016218e-09
38,9.58490893e-01,3.03727436e-08,95,28,1,85,normal_corr_dominates,1.61587609e+00,1.00000000e+00,2.50000018e+07,1.75001721e+00,-2.84150859e+00,4.59152580e+00,1.00013463e-09
38,9.58490893e-01,3.03727436e-08,95,29,0,87,normal_corr_dominates,9.08151170e+00,1.00000000e+00,2.49999969e+07,-3.06942397e+00,-3.04460686e-01,-2.76496328e+00,1.00015393e-09
38,9.58490893e-01,3.03727436e-08,95,29,1,88,normal_corr_dominates,2.47987129e+00,1.00000000e+00,2.50000005e+07,4.50562628e-01,-3.04460686e-01,7.55023314e-01,1.00013749e-09
38,9.58490893e-01,3.03727436e-08,95,29,2,89,normal_corr_dominates,9.74550980e+00,1.00000000e+00,2.50000027e+07,2.66266391e+00,-3.04460686e-01,2.96712460e+00,1.00012972e-09
38,9.58490893e-01,3.03727436e-08,95,30,0,90,normal_corr_dominates,1.64240354e+01,1.00000000e+00,2.49999912e+07,-8.77868823e+00,-5.03826353e-01,-8.27486187e+00,1.00012874e-09
38,9.58490893e-01,3.03727436e-08,95,30,2,92,normal_corr_dominates,6.67142582e+00,1.00000000e+00,2.50000029e+07,2.85741379e+00,-5.03826353e-01,3.36124014e+00,1.00012500e-09
38,9.58490893e-01,3.03727436e-08,95,32,1,97,normal_corr_dominates,2.96214502e+00,1.00000000e+00,2.49999866e+07,-1.34172838e+01,-3.38636868e+00,-1.00309151e+01,1.00012456e-09
38,9.58490893e-01,3.03727436e-08,95,32,2,98,normal_corr_dominates,1.78898931e+00,1.00000000e+00,2.50000027e+07,2.67180868e+00,-3.38636868e+00,6.05817737e+00,1.00013025e-09
38,9.58490893e-01,3.03727436e-08,95,35,1,106,normal_corr_dominates,7.54990569e+00,1.00000000e+00,2.49999804e+07,-1.96424034e+01,-2.29738246e+00,-1.73450209e+01,1.00017325e-09
38,9.58490893e-01,3.03727436e-08,95,35,2,107,normal_corr_dominates,2.48591124e+00,1.00000000e+00,2.50000034e+07,3.41370642e+00,-2.29738246e+00,5.71108889e+00,1.00012519e-09
38,9.58490893e-01,3.03727436e-08,95,13,0,39,normal_corr_dominates,2.60150168e+01,1.00000000e+00,2.50000040e+07,4.04291052e+00,1.49654192e-01,3.89325633e+00,1.00014483e-09
38,9.58490893e-01,3.03727436e-08,95,13,1,40,normal_corr_dominates,8.29215580e+01,1.00000000e+00,2.49999877e+07,-1.22599046e+01,1.49654192e-01,-1.24095588e+01,1.00018403e-09
38,9.58490893e-01,3.03727436e-08,95,13,2,41,normal_corr_dominates,3.47717861e+01,1.00000000e+00,2.50000054e+07,5.35339776e+00,1.49654192e-01,5.20374357e+00,1.00012100e-09
38,9.58490893e-01,3.03727436e-08,95,25,0,75,normal_corr_dominates,9.41139375e+00,1.00000000e+00,2.50000044e+07,4.37405970e+00,-5.20016044e-01,4.89407574e+00,1.00015525e-09
38,9.58490893e-01,3.03727436e-08,95,25,1,76,normal_corr_dominates,7.14895788e+00,1.00000000e+00,2.50000032e+07,3.19755675e+00,-5.20016044e-01,3.71757279e+00,1.00013352e-09
38,9.58490893e-01,3.03727436e-08,95,25,2,77,normal_corr_dominates,2.25368611e+01,1.00000000e+00,2.49999878e+07,-1.22395454e+01,-5.20016044e-01,-1.17195294e+01,1.00011978e-09
39,9.80231909e-01,3.10616748e-08,95,0,0,0,normal_corr_dominates,4.98699903e+00,1.00000000e+00,2.50000366e+07,3.65529452e+01,-9.16803464e+00,4.57209798e+01,1.00012875e-09
39,9.80231909e-01,3.10616748e-08,95,0,0,0,corr_ratio_high,7.24331007e-01,5.00000000e-01,2.50000366e+07,3.65529452e+01,-9.16803464e+00,4.57209798e+01,1.00012875e-09
39,9.80231909e-01,3.10616748e-08,95,0,1,1,normal_corr_dominates,2.17652614e+00,1.00000000e+00,2.49999709e+07,-2.91225017e+01,-9.16803464e+00,-1.99544670e+01,1.00026341e-09
39,9.80231909e-01,3.10616748e-08,95,0,2,2,corr_ratio_high,7.52180443e-01,5.00000000e-01,2.49999965e+07,-3.54091623e+00,-9.16803464e+00,5.62711841e+00,1.00016282e-09
39,9.80231909e-01,3.10616748e-08,95,1,0,3,normal_corr_dominates,6.50041319e+00,1.00000000e+00,2.49999807e+07,-1.92913398e+01,-2.57203694e+00,-1.67193029e+01,1.00013877e-09
39,9.80231909e-01,3.10616748e-08,95,1,1,4,normal_corr_dominates,9.13687296e+00,1.00000000e+00,2.50000209e+07,2.09283379e+01,-2.57203694e+00,2.35003748e+01,1.00022033e-09
39,9.80231909e-01,3.10616748e-08,95,1,2,5,normal_corr_dominates,9.08985703e+00,1.00000000e+00,2.49999740e+07,-2.59514851e+01,-2.57203694e+00,-2.33794481e+01,1.00014581e-09
39,9.80231909e-01,3.10616748e-08,95,1,2,5,corr_ratio_high,5.47790277e-01,5.00000000e-01,2.49999740e+07,-2.59514851e+01,-2.57203694e+00,-2.33794481e+01,1.00014581e-09
39,9.80231909e-01,3.10616748e-08,95,2,0,6,normal_corr_dominates,4.24431302e+01,1.00000000e+00,2.49999808e+07,-1.92138753e+01,-4.42276495e-01,-1.87715988e+01,1.00016234e-09
39,9.80231909e-01,3.10616748e-08,95,2,1,7,normal_corr_dominates,5.36904988e+01,1.00000000e+00,2.49999758e+07,-2.41883221e+01,-4.42276495e-01,-2.37460456e+01,1.00017063e-09
39,9.80231909e-01,3.10616748e-08,95,2,2,8,normal_corr_dominates,3.94875942e+01,1.00000000e+00,2.50000170e+07,1.70221583e+01,-4.42276495e-01,1.74644347e+01,1.00012406e-09
39,9.80231909e-01,3.10616748e-08,95,3,0,9,normal_corr_dominates,8.55912073e+00,1.00000000e+00,2.49999836e+07,-1.64324338e+01,-1.71903193e+00,-1.47134019e+01,1.00018538e-09
39,9.80231909e-01,3.10616748e-08,95,3,1,10,normal_corr_dominates,6.90747097e+00,1.00000000e+00,2.50000102e+07,1.01551312e+01,-1.71903193e+00,1.18741632e+01,1.00011488e-09
39,9.80231909e-01,3.10616748e-08,95,3,1,10,corr_ratio_high,5.91849901e-01,5.00000000e-01,2.50000102e+07,1.01551312e+01,-1.71903193e+00,1.18741632e+01,1.00011488e-09
39,9.80231909e-01,3.10616748e-08,95,3,2,11,normal_corr_dominates,2.17216089e+00,1.00000000e+00,2.50000020e+07,2.01498200e+00,-1.71903193e+00,3.73401393e+00,1.00014977e-09
39,9.80231909e-01,3.10616748e-08,95,3,2,11,corr_ratio_high,6.14185450e-01,5.00000000e-01,2.50000020e+07,2.01498200e+00,-1.71903193e+00,3.73401393e+00,1.00014977e-09
39,9.80231909e-01,3.10616748e-08,95,4,1,13,normal_corr_dominates,2.10675499e+00,1.00000000e+00,2.50000096e+07,9.56587809e+00,-8.64317595e+00,1.82090540e+01,1.00013657e-09
39,9.80231909e-01,3.10616748e-08,95,4,1,13,corr_ratio_high,5.02274647e-01,5.00000000e-01,2.50000096e+07,9.56587809e+00,-8.64317595e+00,1.82090540e+01,1.00013657e-09
39,9.80231909e-01,3.10616748e-08,95,5,0,15,normal_corr_dominates,8.34138551e+00,1.00000000e+00,2.49999824e+07,-1.76410542e+01,-1.88848369e+00,-1.57525705e+01,1.00025843e-09
39,9.80231909e-01,3.10616748e-08,95,5,1,16,normal_corr_dominates,4.79107580e+00,1.00000000e+00,2.50000072e+07,7.15938480e+00,-1.88848369e+00,9.04786849e+00,1.00015236e-09
39,9.80231909e-01,3.10616748e-08,95,5,1,16,corr_ratio_high,6.67201858e-01,5.00000000e-01,2.50000072e+07,7.15938480e+00,-1.88848369e+00,9.04786849e+00,1.00015236e-09
39,9.80231909e-01,3.10616748e-08,95,5,2,17,normal_corr_dominates,8.36272768e+00,1.00000000e+00,2.49999823e+07,-1.76813585e+01,-1.88848369e+00,-1.57928748e+01,1.00020882e-09
39,9.80231909e-01,3.10616748e-08,95,7,0,21,normal_corr_dominates,8.69379123e+00,1.00000000e+00,2.49999970e+07,-2.98622190e+00,-3.08055108e-01,-2.67816679e+00,1.00010258e-09
39,9.80231909e-01,3.10616748e-08,95,7,1,22,normal_corr_dominates,2.15028565e+01,1.00000000e+00,2.49999931e+07,-6.93211988e+00,-3.08055108e-01,-6.62406477e+00,1.00013023e-09
39,9.80231909e-01,3.10616748e-08,95,7,2,23,normal_corr_dominates,5.87286467e+00,1.00000000e+00,2.50000015e+07,1.50111085e+00,-3.08055108e-01,1.80916596e+00,1.00013583e-09
39,9.80231909e-01,3.10616748e-08,95,8,0,24,normal_corr_dominates,4.60563296e+00,1.00000000e+00,2.50000227e+07,2.27112688e+01,-6.29882992e+00,2.90100987e+01,1.00022637e-09
39,9.80231909e-01,3.10616748e-08,95,8,1,25,normal_corr_dominates,3.18908543e+00,1.00000000e+00,2.50000138e+07,1.37886768e+01,-6.29882992e+00,2.00875067e+01,1.00015074e-09
39,9.80231909e-01,3.10616748e-08,95,8,2,26,normal_corr_dominates,4.08109715e+00,1.00000000e+00,2.49999680e+07,-3.20049668e+01,-6.29882992e+00,-2.57061369e+01,1.00014869e-09
39,9.80231909e-01,3.10616748e-08,95,8,2,26,corr_ratio_high,5.79554510e-01,5.00000000e-01,2.49999680e+07,-3.20049668e+01,-6.29882992e+00,-2.57061369e+01,1.00014869e-09
39,9.80231909e-01,3.10616748e-08,95,9,0,27,normal_corr_dominates,5.44146183e+00,1.00000000e+00,2.50000227e+07,2.26948962e+01,-5.10978076e+00,2.78046770e+01,1.00013680e-09
39,9.80231909e-01,3.10616748e-08,95,9,0,27,corr_ratio_high,6.45956810e-01,5.00000000e-01,2.50000227e+07,2.26948962e+01,-5.10978076e+00,2.78046770e+01,1.00013680e-09
39,9.80231909e-01,3.10616748e-08,95,9,1,28,normal_corr_dominates,1.42275351e+00,1.00000000e+00,2.50000022e+07,2.16017775e+00,-5.10978076e+00,7.26995851e+00,1.00012237e-09
39,9.80231909e-01,3.10616748e-08,95,9,1,28,corr_ratio_high,6.15752633e-01,5.00000000e-01,2.50000022e+07,2.16017775e+00,-5.10978076e+00,7.26995851e+00,1.00012237e-09
39,9.80231909e-01,3.10616748e-08,95,9,2,29,normal_corr_dominates,6.57307836e+00,1.00000000e+00,2.49999613e+07,-3.86967701e+01,-5.10978076e+00,-3.35869893e+01,1.00028523e-09
39,9.80231909e-01,3.10616748e-08,95,9,2,29,corr_ratio_high,7.38327633e-01,5.00000000e-01,2.49999613e+07,-3.86967701e+01,-5.10978076e+00,-3.35869893e+01,1.00028523e-09
39,9.80231909e-01,3.10616748e-08,95,10,0,30,normal_corr_dominates,1.47604176e+00,1.00000000e+00,2.50000014e+07,1.40668304e+00,-2.95495723e+00,4.36164027e+00,1.00011710e-09
39,9.80231909e-01,3.10616748e-08,95,12,0,36,normal_corr_dominates,1.39547269e+00,1.00000000e+00,2.49999866e+07,-1.34051151e+01,-5.59602085e+00,-7.80909427e+00,1.00017518e-09
39,9.80231909e-01,3.10616748e-08,95,12,1,37,normal_corr_dominates,2.15027979e+00,1.00000000e+00,2.50000064e+07,6.43698967e+00,-5.59602085e+00,1.20330105e+01,1.00008498e-09
39,9.80231909e-01,3.10616748e-08,95,12,1,37,corr_ratio_high,9.67110161e-01,5.00000000e-01,2.50000064e+07,6.43698967e+00,-5.59602085e+00,1.20330105e+01,1.00008498e-09
39,9.80231909e-01,3.10616748e-08,95,12,2,38,normal_corr_dominates,2.57356258e+00,1.00000000e+00,2.49999800e+07,-1.99977307e+01,-5.59602085e+00,-1.44017099e+01,1.00023886e-09
39,9.80231909e-01,3.10616748e-08,95,12,2,38,corr_ratio_high,5.51145689e-01,5.00000000e-01,2.49999800e+07,-1.99977307e+01,-5.59602085e+00,-1.44017099e+01,1.00023886e-09
39,9.80231909e-01,3.10616748e-08,95,14,0,42,normal_corr_dominates,2.75460852e+01,1.00000000e+00,2.49999930e+07,-6.95487174e+00,2.61992369e-01,-7.21686411e+00,1.00016273e-09
39,9.80231909e-01,3.10616748e-08,95,14,1,43,normal_corr_dominates,6.51631835e+00,1.00000000e+00,2.49999986e+07,-1.44523331e+00,2.61992369e-01,-1.70722568e+00,1.00013479e-09
39,9.80231909e-01,3.10616748e-08,95,14,2,44,normal_corr_dominates,8.07873078e+00,1.00000000e+00,2.50000024e+07,2.37855818e+00,2.61992369e-01,2.11656581e+00,1.00013372e-09
39,9.80231909e-01,3.10616748e-08,95,15,1,46,normal_corr_dominates,5.19343938e+00,1.00000000e+00,2.49999778e+07,-2.22404961e+01,-3.59097663e+00,-1.86495194e+01,1.00017815e-09
39,9.80231909e-01,3.10616748e-08,95,15,2,47,normal_corr_dominates,2.41460088e+00,1.00000000e+00,2.50000051e+07,5.07979871e+00,-3.59097663e+00,8.67077535e+00,1.00012404e-09
39,9.80231909e-01,3.10616748e-08,95,18,0,54,normal_corr_dominates,1.15144776e+00,1.00000000e+00,2.49999941e+07,-5.93681764e+00,-2.75945238e+00,-3.17736527e+00,1.00012583e-09
39,9.80231909e-01,3.10616748e-08,95,18,2,56,normal_corr_dominates,1.08544879e+00,1.00000000e+00,2.49999942e+07,-5.75469662e+00,-2.75945238e+00,-2.99524424e+00,1.00015025e-09
39,9.80231909e-01,3.10616748e-08,95,21,0,63,normal_corr_dominates,1.45346308e+00,1.00000000e+00,2.50000045e+07,4.50179414e+00,-9.92758696e+00,1.44293811e+01,1.00011056e-09
39,9.80231909e-01,3.10616748e-08,95,21,0,63,corr_ratio_high,7.66144319e-01,5.00000000e-01,2.50000045e+07,4.50179414e+00,-9.92758696e+00,1.44293811e+01,1.00011056e-09
39,9.80231909e-01,3.10616748e-08,95,22,0,66,normal_corr_dominates,2.67420601e+00,1.00000000e+00,2.50000110e+07,1.10140364e+01,-6.57866257e+00,1.75926990e+01,1.00015546e-09
39,9.80231909e-01,3.10616748e-08,95,22,2,68,normal_corr_dominates,1.29912567e+00,1.00000000e+00,2.49999849e+07,-1.51251720e+01,-6.57866257e+00,-8.54650939e+00,1.00015251e-09
39,9.80231909e-01,3.10616748e-08,95,23,0,69,normal_corr_dominates,1.28884258e+00,1.00000000e+00,2.50000016e+07,1.61326122e+00,-5.58526116e+00,7.19852239e+00,1.00014998e-09
39,9.80231909e-01,3.10616748e-08,95,23,0,69,corr_ratio_high,8.09835713e-01,5.00000000e-01,2.50000016e+07,1.61326122e+00,-5.58526116e+00,7.19852239e+00,1.00014998e-09
39,9.80231909e-01,3.10616748e-08,95,23,1,70,normal_corr_dominates,1.10765824e+00,1.00000000e+00,2.49999882e+07,-1.17718217e+01,-5.58526116e+00,-6.18656056e+00,1.00017465e-09
39,9.80231909e-01,3.10616748e-08,95,23,1,70,corr_ratio_high,5.14833124e-01,5.00000000e-01,2.49999882e+07,-1.17718217e+01,-5.58526116e+00,-6.18656056e+00,1.00017465e-09
39,9.80231909e-01,3.10616748e-08,95,24,0,72,normal_corr_dominates,1.85354603e+00,1.00000000e+00,2.50000041e+07,4.14312636e+00,-4.85401632e+00,8.99714268e+00,1.00012038e-09
39,9.80231909e-01,3.10616748e-08,95,24,0,72,corr_ratio_high,6.21563725e-01,5.00000000e-01,2.50000041e+07,4.14312636e+00,-4.85401632e+00,8.99714268e+00,1.00012038e-09
39,9.80231909e-01,3.10616748e-08,95,24,2,74,normal_corr_dominates,1.20372344e+00,1.00000000e+00,2.49999893e+07,-1.06969096e+01,-4.85401632e+00,-5.84289324e+00,1.00014665e-09
39,9.80231909e-01,3.10616748e-08,95,26,0,78,normal_corr_dominates,1.25157706e+00,1.00000000e+00,2.50000002e+07,2.18796808e-01,-8.69700942e-01,1.08849775e+00,1.00010743e-09
39,9.80231909e-01,3.10616748e-08,95,27,2,83,normal_corr_dominates,1.44793514e+00,1.00000000e+00,2.49999727e+07,-2.72859975e+01,-1.11465362e+01,-1.61394614e+01,1.00017122e-09
39,9.80231909e-01,3.10616748e-08,95,28,0,84,normal_corr_dominates,1.30447657e+00,1.00000000e+00,2.49999933e+07,-6.68255746e+00,-2.89981576e+00,-3.78274170e+00,1.00016559e-09
39,9.80231909e-01,3.10616748e-08,95,28,1,85,normal_corr_dominates,1.61750774e+00,1.00000000e+00,2.50000018e+07,1.79065868e+00,-2.89981576e+00,4.69047444e+00,1.00013746e-09
39,9.80231909e-01,3.10616748e-08,95,29,0,87,normal_corr_dominates,9.14007050e+00,1.00000000e+00,2.49999969e+07,-3.13385564e+00,-3.09056593e-01,-2.82479905e+00,1.00015717e-09
39,9.80231909e-01,3.10616748e-08,95,29,1,88,normal_corr_dominates,2.49570085e+00,1.00000000e+00,2.50000005e+07,4.62256210e-01,-3.09056593e-01,7.71312803e-01,1.00014039e-09
39,9.80231909e-01,3.10616748e-08,95,29,2,89,normal_corr_dominates,9.80325354e+00,1.00000000e+00,2.50000027e+07,2.72070355e+00,-3.09056593e-01,3.02976014e+00,1.00013245e-09
39,9.80231909e-01,3.10616748e-08,95,30,0,90,normal_corr_dominates,1.64921158e+01,1.00000000e+00,2.49999910e+07,-8.96263749e+00,-5.12381556e-01,-8.45025593e+00,1.00013146e-09
39,9.80231909e-01,3.10616748e-08,95,30,2,92,normal_corr_dominates,6.69889987e+00,1.00000000e+00,2.50000029e+07,2.92001118e+00,-5.12381556e-01,3.43239274e+00,1.00012763e-09
39,9.80231909e-01,3.10616748e-08,95,32,1,97,normal_corr_dominates,2.96443546e+00,1.00000000e+00,2.49999863e+07,-1.36994691e+01,-3.45559140e+00,-1.02438777e+01,1.00012719e-09
39,9.80231909e-01,3.10616748e-08,95,32,2,98,normal_corr_dominates,1.79076517e+00,1.00000000e+00,2.50000027e+07,2.73256134e+00,-3.45559140e+00,6.18815274e+00,1.00013300e-09
39,9.80231909e-01,3.10616748e-08,95,35,1,106,normal_corr_dominates,7.55553188e+00,1.00000000e+00,2.49999799e+07,-2.00585536e+01,-2.34451276e+00,-1.77140409e+01,1.00017689e-09
39,9.80231909e-01,3.10616748e-08,95,35,2,107,normal_corr_dominates,2.48784938e+00,1.00000000e+00,2.50000035e+07,3.48828185e+00,-2.34451276e+00,5.83279460e+00,1.00012783e-09
39,9.80231909e-01,3.10616748e-08,95,13,0,39,normal_corr_dominates,2.57284426e+01,1.00000000e+00,2.50000041e+07,4.12774355e+00,1.54432625e-01,3.97331092e+00,1.00014788e-09
39,9.80231909e-01,3.10616748e-08,95,13,1,40,normal_corr_dominates,8.20417851e+01,1.00000000e+00,2.49999875e+07,-1.25154956e+01,1.54432625e-01,-1.26699282e+01,1.00018789e-09
39,9.80231909e-01,3.10616748e-08,95,13,2,41,normal_corr_dominates,3.44240641e+01,1.00000000e+00,2.50000055e+07,5.47063120e+00,1.54432625e-01,5.31619857e+00,1.00012355e-09
39,9.80231909e-01,3.10616748e-08,95,25,0,75,normal_corr_dominates,9.44365311e+00,1.00000000e+00,2.50000045e+07,4.46693719e+00,-5.29028981e-01,4.99596617e+00,1.00015852e-09
39,9.80231909e-01,3.10616748e-08,95,25,1,76,normal_corr_dominates,7.17984363e+00,1.00000000e+00,2.50000033e+07,3.26931638e+00,-5.29028981e-01,3.79834536e+00,1.00013634e-09
39,9.80231909e-01,3.10616748e-08,95,25,2,77,normal_corr_dominates,2.26253112e+01,1.00000000e+00,2.49999875e+07,-1.24984743e+01,-5.29028981e-01,-1.19694453e+01,1.00012231e-09
40,1.00410252e+00,3.18180888e-08,95,0,0,0,normal_corr_dominates,4.98901069e+00,1.00000000e+00,2.50000374e+07,3.73786095e+01,-9.37039593e+00,4.67490054e+01,1.00013169e-09
40,1.00410252e+00,3.18180888e-08,95,0,0,0,corr_ratio_high,7.24289783e-01,5.00000000e-01,2.50000374e+07,3.73786095e+01,-9.37039593e+00,4.67490054e+01,1.00013169e-09
40,1.00410252e+00,3.18180888e-08,95,0,1,1,normal_corr_dominates,2.17784312e+00,1.00000000e+00,2.49999702e+07,-2.97776483e+01,-9.37039593e+00,-2.04072523e+01,1.00026934e-09
40,1.00410252e+00,3.18180888e-08,95,0,2,2,corr_ratio_high,7.52191732e-01,5.00000000e-01,2.49999964e+07,-3.60579662e+00,-9.37039593e+00,5.76459931e+00,1.00016649e-09
40,1.00410252e+00,3.18180888e-08,95,1,0,3,normal_corr_dominates,6.50754150e+00,1.00000000e+00,2.49999803e+07,-1.97274161e+01,-2.62767992e+00,-1.70997361e+01,1.00014192e-09
40,1.00410252e+00,3.18180888e-08,95,1,1,4,normal_corr_dominates,9.14907894e+00,1.00000000e+00,2.50000214e+07,2.14131711e+01,-2.62767992e+00,2.40408510e+01,1.00022529e-09
40,1.00410252e+00,3.18180888e-08,95,1,2,5,normal_corr_dominates,9.10144970e+00,1.00000000e+00,2.49999735e+07,-2.65433766e+01,-2.62767992e+00,-2.39156966e+01,1.00014911e-09
40,1.00410252e+00,3.18180888e-08,95,1,2,5,corr_ratio_high,5.47789026e-01,5.00000000e-01,2.49999735e+07,-2.65433766e+01,-2.62767992e+00,-2.39156966e+01,1.00014911e-09
40,1.00410252e+00,3.18180888e-08,95,2,0,6,normal_corr_dominates,4.25655521e+01,1.00000000e+00,2.49999804e+07,-1.96484518e+01,-4.51008902e-01,-1.91974429e+01,1.00016602e-09
40,1.00410252e+00,3.18180888e-08,95,2,1,7,normal_corr_dominates,5.38526080e+01,1.00000000e+00,2.49999753e+07,-2.47390145e+01,-4.51008902e-01,-2.42880056e+01,1.00017448e-09
40,1.00410252e+00,3.18180888e-08,95,2,2,8,normal_corr_dominates,3.96023541e+01,1.00000000e+00,2.50000174e+07,1.74100053e+01,-4.51008902e-01,1.78610142e+01,1.00012687e-09
40,1.00410252e+00,3.18180888e-08,95,3,0,9,normal_corr_dominates,8.57216244e+00,1.00000000e+00,2.49999832e+07,-1.67999666e+01,-1.75508582e+00,-1.50448808e+01,1.00018956e-09
40,1.00410252e+00,3.18180888e-08,95,3,1,10,normal_corr_dominates,6.92154672e+00,1.00000000e+00,2.50000104e+07,1.03928227e+01,-1.75508582e+00,1.21479085e+01,1.00011748e-09
40,1.00410252e+00,3.18180888e-08,95,3,1,10,corr_ratio_high,5.91775412e-01,5.00000000e-01,2.50000104e+07,1.03928227e+01,-1.75508582e+00,1.21479085e+01,1.00011748e-09
40,1.00410252e+00,3.18180888e-08,95,3,2,11,normal_corr_dominates,2.17409212e+00,1.00000000e+00,2.50000021e+07,2.06063244e+00,-1.75508582e+00,3.81571827e+00,1.00015316e-09
40,1.00410252e+00,3.18180888e-08,95,3,2,11,corr_ratio_high,6.14180956e-01,5.00000000e-01,2.50000021e+07,2.06063244e+00,-1.75508582e+00,3.81571827e+00,1.00015316e-09
40,1.00410252e+00,3.18180888e-08,95,4,1,13,normal_corr_dominates,2.10728911e+00,1.00000000e+00,2.50000098e+07,9.78072392e+00,-8.83303543e+00,1.86137594e+01,1.00013968e-09
40,1.00410252e+00,3.18180888e-08,95,4,1,13,corr_ratio_high,5.02056500e-01,5.00000000e-01,2.50000098e+07,9.78072392e+00,-8.83303543e+00,1.86137594e+01,1.00013968e-09
40,1.00410252e+00,3.18180888e-08,95,5,0,15,normal_corr_dominates,8.35906897e+00,1.00000000e+00,2.49999820e+07,-1.80390739e+01,-1.92744321e+00,-1.61116307e+01,1.00026425e-09
40,1.00410252e+00,3.18180888e-08,95,5,1,16,normal_corr_dominates,4.80381264e+00,1.00000000e+00,2.50000073e+07,7.33163282e+00,-1.92744321e+00,9.25907603e+00,1.00015581e-09
40,1.00410252e+00,3.18180888e-08,95,5,1,16,corr_ratio_high,6.67161393e-01,5.00000000e-01,2.50000073e+07,7.33163282e+00,-1.92744321e+00,9.25907603e+00,1.00015581e-09
40,1.00410252e+00,3.18180888e-08,95,5,2,17,normal_corr_dominates,8.37986017e+00,1.00000000e+00,2.49999819e+07,-1.80791478e+01,-1.92744321e+00,-1.61517045e+01,1.00021353e-09
40,1.00410252e+00,3.18180888e-08,95,7,0,21,normal_corr_dominates,8.73436459e+00,1.00000000e+00,2.49999970e+07,-3.04921645e+00,-3.13242474e-01,-2.73597398e+00,1.00010490e-09
40,1.00410252e+00,3.18180888e-08,95,7,1,22,normal_corr_dominates,2.16305963e+01,1.00000000e+00,2.49999929e+07,-7.08886398e+00,-3.13242474e-01,-6.77562151e+00,1.00013317e-09
40,1.00410252e+00,3.18180888e-08,95,7,2,23,normal_corr_dominates,5.90870438e+00,1.00000000e+00,2.50000015e+07,1.53761470e+00,-3.13242474e-01,1.85085718e+00,1.00013890e-09
40,1.00410252e+00,3.18180888e-08,95,8,0,24,normal_corr_dominates,4.60999390e+00,1.00000000e+00,2.50000232e+07,2.32388077e+01,-6.43735372e+00,2.96761614e+01,1.00023146e-09
40,1.00410252e+00,3.18180888e-08,95,8,1,25,normal_corr_dominates,3.19078689e+00,1.00000000e+00,2.50000141e+07,1.41028701e+01,-6.43735372e+00,2.05402238e+01,1.00015414e-09
40,1.00410252e+00,3.18180888e-08,95,8,2,26,normal_corr_dominates,4.08486991e+00,1.00000000e+00,2.49999673e+07,-3.27331062e+01,-6.43735372e+00,-2.62957525e+01,1.00015206e-09
40,1.00410252e+00,3.18180888e-08,95,8,2,26,corr_ratio_high,5.79476659e-01,5.00000000e-01,2.49999673e+07,-3.27331062e+01,-6.43735372e+00,-2.62957525e+01,1.00015206e-09
40,1.00410252e+00,3.18180888e-08,95,9,0,27,normal_corr_dominates,5.44564508e+00,1.00000000e+00,2.50000232e+07,2.32129589e+01,-5.22150520e+00,2.84344641e+01,1.00013990e-09
40,1.00410252e+00,3.18180888e-08,95,9,0,27,corr_ratio_high,6.45967197e-01,5.00000000e-01,2.50000232e+07,2.32129589e+01,-5.22150520e+00,2.84344641e+01,1.00013990e-09
40,1.00410252e+00,3.18180888e-08,95,9,1,28,normal_corr_dominates,1.42351369e+00,1.00000000e+00,2.50000022e+07,2.21137896e+00,-5.22150520e+00,7.43288416e+00,1.00012515e-09
40,1.00410252e+00,3.18180888e-08,95,9,1,28,corr_ratio_high,6.15655649e-01,5.00000000e-01,2.50000022e+07,2.21137896e+00,-5.22150520e+00,7.43288416e+00,1.00012515e-09
40,1.00410252e+00,3.18180888e-08,95,9,2,29,normal_corr_dominates,6.57738709e+00,1.00000000e+00,2.49999604e+07,-3.95653661e+01,-5.22150520e+00,-3.43438609e+01,1.00029163e-09
40,1.00410252e+00,3.18180888e-08,95,9,2,29,corr_ratio_high,7.38361661e-01,5.00000000e-01,2.49999604e+07,-3.95653661e+01,-5.22150520e+00,-3.43438609e+01,1.00029163e-09
40,1.00410252e+00,3.18180888e-08,95,10,0,30,normal_corr_dominates,1.47670669e+00,1.00000000e+00,2.50000014e+07,1.43943248e+00,-3.01953487e+00,4.45896735e+00,1.00011975e-09
40,1.00410252e+00,3.18180888e-08,95,12,0,36,normal_corr_dominates,1.39609653e+00,1.00000000e+00,2.49999863e+07,-1.37038116e+01,-5.71922351e+00,-7.98458812e+00,1.00017914e-09
40,1.00410252e+00,3.18180888e-08,95,12,1,37,normal_corr_dominates,2.15092802e+00,1.00000000e+00,2.50000066e+07,6.58241459e+00,-5.71922351e+00,1.23016381e+01,1.00008693e-09
40,1.00410252e+00,3.18180888e-08,95,12,1,37,corr_ratio_high,9.66980653e-01,5.00000000e-01,2.50000066e+07,6.58241459e+00,-5.71922351e+00,1.23016381e+01,1.00008693e-09
40,1.00410252e+00,3.18180888e-08,95,12,2,38,normal_corr_dominates,2.57446206e+00,1.00000000e+00,2.49999796e+07,-2.04431474e+01,-5.71922351e+00,-1.47239239e+01,1.00024423e-09
40,1.00410252e+00,3.18180888e-08,95,12,2,38,corr_ratio_high,5.51169249e-01,5.00000000e-01,2.49999796e+07,-2.04431474e+01,-5.71922351e+00,-1.47239239e+01,1.00024423e-09
40,1.00410252e+00,3.18180888e-08,95,14,0,42,normal_corr_dominates,2.73662089e+01,1.00000000e+00,2.49999929e+07,-7.11234238e+00,2.69752182e-01,-7.38209456e+00,1.00016641e-09
40,1.00410252e+00,3.18180888e-08,95,14,1,43,normal_corr_dominates,6.47018061e+00,1.00000000e+00,2.49999985e+07,-1.47559315e+00,2.69752182e-01,-1.74534534e+00,1.00013784e-09
40,1.00410252e+00,3.18180888e-08,95,14,2,44,normal_corr_dominates,8.02570595e+00,1.00000000e+00,2.50000024e+07,2.43470387e+00,2.69752182e-01,2.16495169e+00,1.00013675e-09
40,1.00410252e+00,3.18180888e-08,95,15,1,46,normal_corr_dominates,5.19474831e+00,1.00000000e+00,2.49999773e+07,-2.27423110e+01,-3.67122437e+00,-1.90710866e+01,1.00018217e-09
40,1.00410252e+00,3.18180888e-08,95,15,2,47,normal_corr_dominates,2.41496041e+00,1.00000000e+00,2.50000052e+07,5.19463714e+00,-3.67122437e+00,8.86586151e+00,1.00012685e-09
40,1.00410252e+00,3.18180888e-08,95,18,0,54,normal_corr_dominates,1.15177989e+00,1.00000000e+00,2.49999939e+07,-6.06870677e+00,-2.82031950e+00,-3.24838727e+00,1.00012867e-09
40,1.00410252e+00,3.18180888e-08,95,18,2,56,normal_corr_dominates,1.08659146e+00,1.00000000e+00,2.49999941e+07,-5.88485459e+00,-2.82031950e+00,-3.06453509e+00,1.00015365e-09
40,1.00410252e+00,3.18180888e-08,95,21,0,63,normal_corr_dominates,1.45431525e+00,1.00000000e+00,2.50000046e+07,4.61132996e+00,-1.01500664e+01,1.47613964e+01,1.00011306e-09
40,1.00410252e+00,3.18180888e-08,95,21,0,63,corr_ratio_high,7.66119828e-01,5.00000000e-01,2.50000046e+07,4.61132996e+00,-1.01500664e+01,1.47613964e+01,1.00011306e-09
40,1.00410252e+00,3.18180888e-08,95,22,0,66,normal_corr_dominates,2.67527967e+00,1.00000000e+00,2.50000113e+07,1.12653302e+01,-6.72444749e+00,1.79897777e+01,1.00015897e-09
40,1.00410252e+00,3.18180888e-08,95,22,2,68,normal_corr_dominates,1.29996137e+00,1.00000000e+00,2.49999845e+07,-1.54659695e+01,-6.72444749e+00,-8.74152198e+00,1.00015596e-09
40,1.00410252e+00,3.18180888e-08,95,23,0,69,normal_corr_dominates,1.29130777e+00,1.00000000e+00,2.50000017e+07,1.66210334e+00,-5.70566087e+00,7.36776421e+00,1.00015334e-09
40,1.00410252e+00,3.18180888e-08,95,23,0,69,corr_ratio_high,8.09922078e-01,5.00000000e-01,2.50000017e+07,1.66210334e+00,-5.70566087e+00,7.36776421e+00,1.00015334e-09
40,1.00410252e+00,3.18180888e-08,95,23,1,70,normal_corr_dominates,1.11073726e+00,1.00000000e+00,2.49999880e+07,-1.20431510e+01,-5.70566087e+00,-6.33749011e+00,1.00017862e-09
40,1.00410252e+00,3.18180888e-08,95,23,1,70,corr_ratio_high,5.14769574e-01,5.00000000e-01,2.49999880e+07,-1.20431510e+01,-5.70566087e+00,-6.33749011e+00,1.00017862e-09
40,1.00410252e+00,3.18180888e-08,95,24,0,72,normal_corr_dominates,1.85514315e+00,1.00000000e+00,2.50000042e+07,4.24318819e+00,-4.96196242e+00,9.20515062e+00,1.00012310e-09
40,1.00410252e+00,3.18180888e-08,95,24,0,72,corr_ratio_high,6.21575251e-01,5.00000000e-01,2.50000042e+07,4.24318819e+00,-4.96196242e+00,9.20515062e+00,1.00012310e-09
40,1.00410252e+00,3.18180888e-08,95,24,2,74,normal_corr_dominates,1.20410432e+00,1.00000000e+00,2.49999891e+07,-1.09366828e+01,-4.96196242e+00,-5.97472038e+00,1.00014997e-09
40,1.00410252e+00,3.18180888e-08,95,26,0,78,normal_corr_dominates,1.25204782e+00,1.00000000e+00,2.50000002e+07,2.23818485e-01,-8.88000091e-01,1.11181858e+00,1.00010986e-09
40,1.00410252e+00,3.18180888e-08,95,27,2,83,normal_corr_dominates,1.44833801e+00,1.00000000e+00,2.49999721e+07,-2.79022505e+01,-1.13964046e+01,-1.65058459e+01,1.00017509e-09
40,1.00410252e+00,3.18180888e-08,95,28,0,84,normal_corr_dominates,1.30464566e+00,1.00000000e+00,2.49999932e+07,-6.83021693e+00,-2.96367336e+00,-3.86654357e+00,1.00016933e-09
40,1.00410252e+00,3.18180888e-08,95,28,1,85,normal_corr_dominates,1.61925618e+00,1.00000000e+00,2.50000018e+07,1.83527303e+00,-2.96367336e+00,4.79894639e+00,1.00014057e-09
40,1.00410252e+00,3.18180888e-08,95,29,0,87,normal_corr_dominates,9.20327195e+00,1.00000000e+00,2.49999968e+07,-3.20447667e+00,-3.14063634e-01,-2.89041303e+00,1.00016073e-09
40,1.00410252e+00,3.18180888e-08,95,29,1,88,normal_corr_dominates,2.51278323e+00,1.00000000e+00,2.50000005e+07,4.75110201e-01,-3.14063634e-01,7.89173835e-01,1.00014356e-09
40,1.00410252e+00,3.18180888e-08,95,29,2,89,normal_corr_dominates,9.86546933e+00,1.00000000e+00,2.50000028e+07,2.78432152e+00,-3.14063634e-01,3.09838515e+00,1.00013545e-09
40,1.00410252e+00,3.18180888e-08,95,30,0,90,normal_corr_dominates,1.65654304e+01,1.00000000e+00,2.49999908e+07,-9.16414697e+00,-5.21714912e-01,-8.64243205e+00,1.00013443e-09
40,1.00410252e+00,3.18180888e-08,95,30,2,92,normal_corr_dominates,6.72847804e+00,1.00000000e+00,2.50000030e+07,2.98863242e+00,-5.21714912e-01,3.51034733e+00,1.00013052e-09
40,1.00410252e+00,3.18180888e-08,95,32,1,97,normal_corr_dominates,2.96687902e+00,1.00000000e+00,2.49999860e+07,-1.40086217e+01,-3.53139625e+00,-1.04772254e+01,1.00013007e-09
40,1.00410252e+00,3.18180888e-08,95,32,2,98,normal_corr_dominates,1.79267461e+00,1.00000000e+00,2.50000028e+07,2.79924814e+00,-3.53139625e+00,6.33064439e+00,1.00013600e-09
40,1.00410252e+00,3.18180888e-08,95,35,1,106,normal_corr_dominates,7.56151452e+00,1.00000000e+00,2.49999795e+07,-2.05145693e+01,-2.39613789e+00,-1.81184314e+01,1.00018089e-09
40,1.00410252e+00,3.18180888e-08,95,35,2,107,normal_corr_dominates,2.48991375e+00,1.00000000e+00,2.50000036e+07,3.57003879e+00,-2.39613789e+00,5.96617668e+00,1.00013073e-09
40,1.00410252e+00,3.18180888e-08,95,13,0,39,normal_corr_dominates,2.54309463e+01,1.00000000e+00,2.50000042e+07,4.22064481e+00,1.59685724e-01,4.06095909e+00,1.00015123e-09
40,1.00410252e+00,3.18180888e-08,95,13,1,40,normal_corr_dominates,8.11291263e+01,1.00000000e+00,2.49999872e+07,-1.27954776e+01,1.59685724e-01,-1.29551633e+01,1.00019213e-09
40,1.00410252e+00,3.18180888e-08,95,13,2,41,normal_corr_dominates,3.40636154e+01,1.00000000e+00,2.50000056e+07,5.59915883e+00,1.59685724e-01,5.43947310e+00,1.00012635e-09
40,1.00410252e+00,3.18180888e-08,95,25,0,75,normal_corr_dominates,9.47822156e+00,1.00000000e+00,2.50000046e+07,4.56868095e+00,-5.38872559e-01,5.10755351e+00,1.00016210e-09
40,1.00410252e+00,3.18180888e-08,95,25,1,76,normal_corr_dominates,7.21301756e+00,1.00000000e+00,2.50000033e+07,3.34802467e+00,-5.38872559e-01,3.88689723e+00,1.00013942e-09
40,1.00410252e+00,3.18180888e-08,95,25,2,77,normal_corr_dominates,2.27202409e+01,1.00000000e+00,2.49999872e+07,-1.27821869e+01,-5.38872559e-01,-1.22433143e+01,1.00012508e-09
41,1.03006898e+00,3.26409163e-08,95,0,0,0,normal_corr_dominates,4.99113336e+00,1.00000000e+00,2.50000383e+07,3.82746483e+01,-9.58991966e+00,4.78645680e+01,1.00013487e-09
41,1.03006898e+00,3.26409163e-08,95,0,0,0,corr_ratio_high,7.24245839e-01,5.00000000e-01,2.50000383e+07,3.82746483e+01,-9.58991966e+00,4.78645680e+01,1.00013487e-09
41,1.03006898e+00,3.26409163e-08,95,0,1,1,normal_corr_dominates,2.17923474e+00,1.00000000e+00,2.49999695e+07,-3.04886058e+01,-9.58991966e+00,-2.08986861e+01,1.00027576e-09
41,1.03006898e+00,3.26409163e-08,95,0,2,2,corr_ratio_high,7.52203010e-01,5.00000000e-01,2.49999963e+07,-3.67585746e+00,-9.58991966e+00,5.91406221e+00,1.00017047e-09
41,1.03006898e+00,3.26409163e-08,95,1,0,3,normal_corr_dominates,6.51505924e+00,1.00000000e+00,2.49999798e+07,-2.02006876e+01,-2.68802772e+00,-1.75126599e+01,1.00014535e-09
41,1.03006898e+00,3.26409163e-08,95,1,1,4,normal_corr_dominates,9.16197484e+00,1.00000000e+00,2.50000219e+07,2.19396146e+01,-2.68802772e+00,2.46276423e+01,1.00023066e-09
41,1.03006898e+00,3.26409163e-08,95,1,2,5,normal_corr_dominates,9.11370216e+00,1.00000000e+00,2.49999728e+07,-2.71859118e+01,-2.68802772e+00,-2.44978841e+01,1.00015269e-09
41,1.03006898e+00,3.26409163e-08,95,1,2,5,corr_ratio_high,5.47786825e-01,5.00000000e-01,2.49999728e+07,-2.71859118e+01,-2.68802772e+00,-2.44978841e+01,1.00015269e-09
41,1.03006898e+00,3.26409163e-08,95,2,0,6,normal_corr_dominates,4.26942947e+01,1.00000000e+00,2.49999799e+07,-2.01200991e+01,-4.60474285e-01,-1.96596248e+01,1.00017001e-09
41,1.03006898e+00,3.26409163e-08,95,2,1,7,normal_corr_dominates,5.40232934e+01,1.00000000e+00,2.49999747e+07,-2.53368117e+01,-4.60474285e-01,-2.48763374e+01,1.00017867e-09
41,1.03006898e+00,3.26409163e-08,95,2,2,8,normal_corr_dominates,3.97231042e+01,1.00000000e+00,2.50000178e+07,1.78309937e+01,-4.60474285e-01,1.82914680e+01,1.00012992e-09
41,1.03006898e+00,3.26409163e-08,95,3,0,9,normal_corr_dominates,8.58597601e+00,1.00000000e+00,2.49999828e+07,-1.71987684e+01,-1.79415935e+00,-1.54046091e+01,1.00019410e-09
41,1.03006898e+00,3.26409163e-08,95,3,1,10,normal_corr_dominates,6.93647188e+00,1.00000000e+00,2.50000107e+07,1.06509765e+01,-1.79415935e+00,1.24451358e+01,1.00012030e-09
41,1.03006898e+00,3.26409163e-08,95,3,1,10,corr_ratio_high,5.91695324e-01,5.00000000e-01,2.50000107e+07,1.06509765e+01,-1.79415935e+00,1.24451358e+01,1.00012030e-09
41,1.03006898e+00,3.26409163e-08,95,3,2,11,normal_corr_dominates,2.17614487e+00,1.00000000e+00,2.50000021e+07,2.11019131e+00,-1.79415935e+00,3.90435065e+00,1.00015685e-09
41,1.03006898e+00,3.26409163e-08,95,3,2,11,corr_ratio_high,6.14175978e-01,5.00000000e-01,2.50000021e+07,2.11019131e+00,-1.79415935e+00,3.90435065e+00,1.00015685e-09
41,1.03006898e+00,3.26409163e-08,95,4,1,13,normal_corr_dominates,2.10785077e+00,1.00000000e+00,2.50000100e+07,1.00138291e+01,-9.03896933e+00,1.90527984e+01,1.00014306e-09
41,1.03006898e+00,3.26409163e-08,95,4,1,13,corr_ratio_high,5.01824342e-01,5.00000000e-01,2.50000100e+07,1.00138291e+01,-9.03896933e+00,1.90527984e+01,1.00014306e-09
41,1.03006898e+00,3.26409163e-08,95,5,0,15,normal_corr_dominates,8.37776723e+00,1.00000000e+00,2.49999815e+07,-1.84710430e+01,-1.96966320e+00,-1.65013798e+01,1.00027057e-09
41,1.03006898e+00,3.26409163e-08,95,5,1,16,normal_corr_dominates,4.81729907e+00,1.00000000e+00,2.50000075e+07,7.51879352e+00,-1.96966320e+00,9.48845673e+00,1.00015955e-09
41,1.03006898e+00,3.26409163e-08,95,5,1,16,corr_ratio_high,6.67117410e-01,5.00000000e-01,2.50000075e+07,7.51879352e+00,-1.96966320e+00,9.48845673e+00,1.00015955e-09
41,1.03006898e+00,3.26409163e-08,95,5,2,17,normal_corr_dominates,8.39798044e+00,1.00000000e+00,2.49999815e+07,-1.85108563e+01,-1.96966320e+00,-1.65411931e+01,1.00021863e-09
41,1.03006898e+00,3.26409163e-08,95,7,0,21,normal_corr_dominates,8.77756541e+00,1.00000000e+00,2.49999969e+07,-3.11747596e+00,-3.18839693e-01,-2.79863626e+00,1.00010743e-09
41,1.03006898e+00,3.26409163e-08,95,7,1,22,normal_corr_dominates,2.17668732e+01,1.00000000e+00,2.49999927e+07,-7.25898286e+00,-3.18839693e-01,-6.94014317e+00,1.00013637e-09
41,1.03006898e+00,3.26409163e-08,95,7,2,23,normal_corr_dominates,5.94691139e+00,1.00000000e+00,2.50000016e+07,1.57727171e+00,-3.18839693e-01,1.89611140e+00,1.00014223e-09
41,1.03006898e+00,3.26409163e-08,95,8,0,24,normal_corr_dominates,4.61461712e+00,1.00000000e+00,2.50000238e+07,2.38116777e+01,-6.58760718e+00,3.03992849e+01,1.00023699e-09
41,1.03006898e+00,3.26409163e-08,95,8,1,25,normal_corr_dominates,3.19258730e+00,1.00000000e+00,2.50000144e+07,1.44439039e+01,-6.58760718e+00,2.10315110e+01,1.00015784e-09
41,1.03006898e+00,3.26409163e-08,95,8,2,26,normal_corr_dominates,4.08887094e+00,1.00000000e+00,2.49999665e+07,-3.35234828e+01,-6.58760718e+00,-2.69358756e+01,1.00015572e-09
41,1.03006898e+00,3.26409163e-08,95,8,2,26,corr_ratio_high,5.79392871e-01,5.00000000e-01,2.49999665e+07,-3.35234828e+01,-6.58760718e+00,-2.69358756e+01,1.00015572e-09
41,1.03006898e+00,3.26409163e-08,95,9,0,27,normal_corr_dominates,5.45007491e+00,1.00000000e+00,2.50000238e+07,2.37753272e+01,-5.34268022e+00,2.91180074e+01,1.00014327e-09
41,1.03006898e+00,3.26409163e-08,95,9,0,27,corr_ratio_high,6.45977913e-01,5.00000000e-01,2.50000238e+07,2.37753272e+01,-5.34268022e+00,2.91180074e+01,1.00014327e-09
41,1.03006898e+00,3.26409163e-08,95,9,1,28,normal_corr_dominates,1.42432311e+00,1.00000000e+00,2.50000023e+07,2.26702267e+00,-5.34268022e+00,7.60970289e+00,1.00012817e-09
41,1.03006898e+00,3.26409163e-08,95,9,1,28,corr_ratio_high,6.15552559e-01,5.00000000e-01,2.50000023e+07,2.26702267e+00,-5.34268022e+00,7.60970289e+00,1.00012817e-09
41,1.03006898e+00,3.26409163e-08,95,9,2,29,normal_corr_dominates,6.58195228e+00,1.00000000e+00,2.49999595e+07,-4.05079465e+01,-5.34268022e+00,-3.51652662e+01,1.00029859e-09
41,1.03006898e+00,3.26409163e-08,95,9,2,29,corr_ratio_high,7.38397678e-01,5.00000000e-01,2.49999595e+07,-4.05079465e+01,-5.34268022e+00,-3.51652662e+01,1.00029859e-09
41,1.03006898e+00,3.26409163e-08,95,10,0,30,normal_corr_dominates,1.47741003e+00,1.00000000e+00,2.50000015e+07,1.47499660e+00,-3.08958025e+00,4.56457685e+00,1.00012263e-09
41,1.03006898e+00,3.26409163e-08,95,12,0,36,normal_corr_dominates,1.39675216e+00,1.00000000e+00,2.49999860e+07,-1.40278901e+01,-5.85287471e+00,-8.17501542e+00,1.00018343e-09
41,1.03006898e+00,3.26409163e-08,95,12,1,37,normal_corr_dominates,2.15161447e+00,1.00000000e+00,2.50000067e+07,6.74025521e+00,-5.85287471e+00,1.25931299e+01,1.00008906e-09
41,1.03006898e+00,3.26409163e-08,95,12,1,37,corr_ratio_high,9.66842922e-01,5.00000000e-01,2.50000067e+07,6.74025521e+00,-5.85287471e+00,1.25931299e+01,1.00008906e-09
41,1.03006898e+00,3.26409163e-08,95,12,2,38,normal_corr_dominates,2.57541196e+00,1.00000000e+00,2.49999791e+07,-2.09264383e+01,-5.85287471e+00,-1.50735635e+01,1.00025005e-09
41,1.03006898e+00,3.26409163e-08,95,12,2,38,corr_ratio_high,5.51194211e-01,5.00000000e-01,2.49999791e+07,-2.09264383e+01,-5.85287471e+00,-1.50735635e+01,1.00025005e-09
41,1.03006898e+00,3.26409163e-08,95,14,0,42,normal_corr_dominates,2.71800891e+01,1.00000000e+00,2.49999927e+07,-7.28329646e+00,2.78199835e-01,-7.56149630e+00,1.00017040e-09
41,1.03006898e+00,3.26409163e-08,95,14,1,43,normal_corr_dominates,6.42231349e+00,1.00000000e+00,2.49999985e+07,-1.50848672e+00,2.78199835e-01,-1.78668655e+00,1.00014114e-09
41,1.03006898e+00,3.26409163e-08,95,14,2,44,normal_corr_dominates,7.97081220e+00,1.00000000e+00,2.50000025e+07,2.49567847e+00,2.78199835e-01,2.21747863e+00,1.00014003e-09
41,1.03006898e+00,3.26409163e-08,95,15,1,46,normal_corr_dominates,5.19609960e+00,1.00000000e+00,2.49999767e+07,-2.32869017e+01,-3.75831623e+00,-1.95285855e+01,1.00018654e-09
41,1.03006898e+00,3.26409163e-08,95,15,2,47,normal_corr_dominates,2.41532502e+00,1.00000000e+00,2.50000053e+07,5.31923898e+00,-3.75831623e+00,9.07755520e+00,1.00012990e-09
41,1.03006898e+00,3.26409163e-08,95,18,0,54,normal_corr_dominates,1.15211933e+00,1.00000000e+00,2.49999938e+07,-6.21178939e+00,-2.88635918e+00,-3.32543021e+00,1.00013176e-09
41,1.03006898e+00,3.26409163e-08,95,18,2,56,normal_corr_dominates,1.08780549e+00,1.00000000e+00,2.49999940e+07,-6.02615654e+00,-2.88635918e+00,-3.13979737e+00,1.00015733e-09
41,1.03006898e+00,3.26409163e-08,95,21,0,63,normal_corr_dominates,1.45521749e+00,1.00000000e+00,2.50000047e+07,4.73038787e+00,-1.03914897e+01,1.51218776e+01,1.00011577e-09
41,1.03006898e+00,3.26409163e-08,95,21,0,63,corr_ratio_high,7.66092933e-01,5.00000000e-01,2.50000047e+07,4.73038787e+00,-1.03914897e+01,1.51218776e+01,1.00011577e-09
41,1.03006898e+00,3.26409163e-08,95,22,0,66,normal_corr_dominates,2.67641098e+00,1.00000000e+00,2.50000115e+07,1.15380923e+01,-6.88261554e+00,1.84207078e+01,1.00016279e-09
41,1.03006898e+00,3.26409163e-08,95,22,2,68,normal_corr_dominates,1.30084229e+00,1.00000000e+00,2.49999842e+07,-1.58358129e+01,-6.88261554e+00,-8.95319738e+00,1.00015971e-09
41,1.03006898e+00,3.26409163e-08,95,23,0,69,normal_corr_dominates,1.29392734e+00,1.00000000e+00,2.50000017e+07,1.71542096e+00,-5.83620764e+00,7.55162861e+00,1.00015699e-09
41,1.03006898e+00,3.26409163e-08,95,23,0,69,corr_ratio_high,8.10013166e-01,5.00000000e-01,2.50000017e+07,1.71542096e+00,-5.83620764e+00,7.55162861e+00,1.00015699e-09
41,1.03006898e+00,3.26409163e-08,95,23,1,70,normal_corr_dominates,1.11400754e+00,1.00000000e+00,2.49999877e+07,-1.23377870e+01,-5.83620764e+00,-6.50157932e+00,1.00018294e-09
41,1.03006898e+00,3.26409163e-08,95,23,1,70,corr_ratio_high,5.14702011e-01,5.00000000e-01,2.49999877e+07,-1.23377870e+01,-5.83620764e+00,-6.50157932e+00,1.00018294e-09
41,1.03006898e+00,3.26409163e-08,95,24,0,72,normal_corr_dominates,1.85683222e+00,1.00000000e+00,2.50000044e+07,4.35192862e+00,-5.07909075e+00,9.43101937e+00,1.00012605e-09
41,1.03006898e+00,3.26409163e-08,95,24,0,72,corr_ratio_high,6.21586851e-01,5.00000000e-01,2.50000044e+07,4.35192862e+00,-5.07909075e+00,9.43101937e+00,1.00012605e-09
41,1.03006898e+00,3.26409163e-08,95,24,2,74,normal_corr_dominates,1.20449904e+00,1.00000000e+00,2.49999888e+07,-1.11968507e+01,-5.07909075e+00,-6.11775993e+00,1.00015357e-09
41,1.03006898e+00,3.26409163e-08,95,26,0,78,normal_corr_dominates,1.25252662e+00,1.00000000e+00,2.50000002e+07,2.29254242e-01,-9.07841887e-01,1.13709613e+00,1.00011250e-09
41,1.03006898e+00,3.26409163e-08,95,27,2,83,normal_corr_dominates,1.44876261e+00,1.00000000e+00,2.49999714e+07,-2.85710537e+01,-1.16675473e+01,-1.69035064e+01,1.00017929e-09
41,1.03006898e+00,3.26409163e-08,95,28,0,84,normal_corr_dominates,1.30481907e+00,1.00000000e+00,2.49999930e+07,-6.99040399e+00,-3.03295129e+00,-3.95745269e+00,1.00017339e-09
41,1.03006898e+00,3.26409163e-08,95,28,1,85,normal_corr_dominates,1.62110913e+00,1.00000000e+00,2.50000019e+07,1.88379373e+00,-3.03295129e+00,4.91674502e+00,1.00014394e-09
41,1.03006898e+00,3.26409163e-08,95,29,0,87,normal_corr_dominates,9.27076250e+00,1.00000000e+00,2.49999967e+07,-3.28115734e+00,-3.19465799e-01,-2.96169154e+00,1.00016458e-09
41,1.03006898e+00,3.26409163e-08,95,29,1,88,normal_corr_dominates,2.53102220e+00,1.00000000e+00,2.50000005e+07,4.89109230e-01,-3.19465799e-01,8.08575028e-01,1.00014701e-09
41,1.03006898e+00,3.26409163e-08,95,29,2,89,normal_corr_dominates,9.93178524e+00,1.00000000e+00,2.50000029e+07,2.85339991e+00,-3.19465799e-01,3.17286570e+00,1.00013870e-09
41,1.03006898e+00,3.26409163e-08,95,30,0,90,normal_corr_dominates,1.66435395e+01,1.00000000e+00,2.49999906e+07,-9.38281635e+00,-5.31798983e-01,-8.85101737e+00,1.00013766e-09
41,1.03006898e+00,3.26409163e-08,95,30,2,92,normal_corr_dominates,6.75998088e+00,1.00000000e+00,2.50000031e+07,3.06315197e+00,-5.31798983e-01,3.59495095e+00,1.00013365e-09
41,1.03006898e+00,3.26409163e-08,95,32,1,97,normal_corr_dominates,2.96945634e+00,1.00000000e+00,2.49999857e+07,-1.43441349e+01,-3.61362706e+00,-1.07305078e+01,1.00013319e-09
41,1.03006898e+00,3.26409163e-08,95,32,2,98,normal_corr_dominates,1.79470557e+00,1.00000000e+00,2.50000029e+07,2.87176955e+00,-3.61362706e+00,6.48539662e+00,1.00013927e-09
41,1.03006898e+00,3.26409163e-08,95,35,1,106,normal_corr_dominates,7.56780163e+00,1.00000000e+00,2.49999790e+07,-2.10095784e+01,-2.45215510e+00,-1.85574233e+01,1.00018522e-09
41,1.03006898e+00,3.26409163e-08,95,35,2,107,normal_corr_dominates,2.49208714e+00,1.00000000e+00,2.50000037e+07,3.65882910e+00,-2.45215510e+00,6.11098420e+00,1.00013387e-09
41,1.03006898e+00,3.26409163e-08,95,13,0,39,normal_corr_dominates,2.51260274e+01,1.00000000e+00,2.50000043e+07,4.32142176e+00,1.65406768e-01,4.15601499e+00,1.00015485e-09
41,1.03006898e+00,3.26409163e-08,95,13,1,40,normal_corr_dominates,8.01944213e+01,1.00000000e+00,2.49999869e+07,-1.30992933e+01,1.65406768e-01,-1.32647000e+01,1.00019673e-09
41,1.03006898e+00,3.26409163e-08,95,13,2,41,normal_corr_dominates,3.36947649e+01,1.00000000e+00,2.50000057e+07,5.73874893e+00,1.65406768e-01,5.57334216e+00,1.00012938e-09
41,1.03006898e+00,3.26409163e-08,95,25,0,75,normal_corr_dominates,9.51485566e+00,1.00000000e+00,2.50000047e+07,4.67908824e+00,-5.49520558e-01,5.22860880e+00,1.00016598e-09
41,1.03006898e+00,3.26409163e-08,95,25,1,76,normal_corr_dominates,7.24826142e+00,1.00000000e+00,2.50000034e+07,3.43354811e+00,-5.49520558e-01,3.98306866e+00,1.00014276e-09
41,1.03006898e+00,3.26409163e-08,95,25,2,77,normal_corr_dominates,2.28210116e+01,1.00000000e+00,2.49999869e+07,-1.30901356e+01,-5.49520558e-01,-1.25406150e+01,1.00012809e-09
42,1.05260482e+00,3.33550339e-08,95,0,0,0,normal_corr_dominates,4.99292277e+00,1.00000000e+00,2.50000391e+07,3.90505520e+01,-9.77994173e+00,4.88304938e+01,1.00013763e-09
42,1.05260482e+00,3.33550339e-08,95,0,0,0,corr_ratio_high,7.24208430e-01,5.00000000e-01,2.50000391e+07,3.90505520e+01,-9.77994173e+00,4.88304938e+01,1.00013763e-09
42,1.05260482e+00,3.33550339e-08,95,0,1,1,normal_corr_dominates,2.18040936e+00,1.00000000e+00,2.49999689e+07,-3.11042183e+01,-9.77994173e+00,-2.13242765e+01,1.00028133e-09
42,1.05260482e+00,3.33550339e-08,95,0,2,2,corr_ratio_high,7.52211993e-01,5.00000000e-01,2.49999963e+07,-3.73624052e+00,-9.77994173e+00,6.04370121e+00,1.00017392e-09
42,1.05260482e+00,3.33550339e-08,95,1,0,3,normal_corr_dominates,6.52139355e+00,1.00000000e+00,2.49999794e+07,-2.06105283e+01,-2.74025395e+00,-1.78702744e+01,1.00014831e-09
42,1.05260482e+00,3.33550339e-08,95,1,1,4,normal_corr_dominates,9.17285911e+00,1.00000000e+00,2.50000224e+07,2.23957094e+01,-2.74025395e+00,2.51359634e+01,1.00023532e-09
42,1.05260482e+00,3.33550339e-08,95,1,2,5,normal_corr_dominates,9.12404703e+00,1.00000000e+00,2.49999723e+07,-2.77424598e+01,-2.74025395e+00,-2.50022059e+01,1.00015579e-09
42,1.05260482e+00,3.33550339e-08,95,1,2,5,corr_ratio_high,5.47784245e-01,5.00000000e-01,2.49999723e+07,-2.77424598e+01,-2.74025395e+00,-2.50022059e+01,1.00015579e-09
42,1.05260482e+00,3.33550339e-08,95,2,0,6,normal_corr_dominates,4.28024522e+01,1.00000000e+00,2.49999795e+07,-2.05285359e+01,-4.68661795e-01,-2.00598741e+01,1.00017347e-09
42,1.05260482e+00,3.33550339e-08,95,2,1,7,normal_corr_dominates,5.41668558e+01,1.00000000e+00,2.49999741e+07,-2.58545977e+01,-4.68661795e-01,-2.53859359e+01,1.00018229e-09
42,1.05260482e+00,3.33550339e-08,95,2,2,8,normal_corr_dominates,3.98246004e+01,1.00000000e+00,2.50000182e+07,1.81956069e+01,-4.68661795e-01,1.86642687e+01,1.00013256e-09
42,1.05260482e+00,3.33550339e-08,95,3,0,9,normal_corr_dominates,8.59766354e+00,1.00000000e+00,2.49999825e+07,-1.75440553e+01,-1.82795065e+00,-1.57161046e+01,1.00019803e-09
42,1.05260482e+00,3.33550339e-08,95,3,1,10,normal_corr_dominates,6.94911266e+00,1.00000000e+00,2.50000109e+07,1.08746843e+01,-1.82795065e+00,1.27026350e+01,1.00012274e-09
42,1.05260482e+00,3.33550339e-08,95,3,1,10,corr_ratio_high,5.91626599e-01,5.00000000e-01,2.50000109e+07,1.08746843e+01,-1.82795065e+00,1.27026350e+01,1.00012274e-09
42,1.05260482e+00,3.33550339e-08,95,3,2,11,normal_corr_dominates,2.17788783e+00,1.00000000e+00,2.50000022e+07,2.15312081e+00,-1.82795065e+00,3.98107146e+00,1.00016004e-09
42,1.05260482e+00,3.33550339e-08,95,3,2,11,corr_ratio_high,6.14171585e-01,5.00000000e-01,2.50000022e+07,2.15312081e+00,-1.82795065e+00,3.98107146e+00,1.00016004e-09
42,1.05260482e+00,3.33550339e-08,95,4,1,13,normal_corr_dominates,2.10832270e+00,1.00000000e+00,2.50000102e+07,1.02156375e+01,-9.21720494e+00,1.94328424e+01,1.00014599e-09
42,1.05260482e+00,3.33550339e-08,95,4,1,13,corr_ratio_high,5.01627039e-01,5.00000000e-01,2.50000102e+07,1.02156375e+01,-9.21720494e+00,1.94328424e+01,1.00014599e-09
42,1.05260482e+00,3.33550339e-08,95,5,0,15,normal_corr_dominates,8.39356075e+00,1.00000000e+00,2.49999812e+07,-1.88451165e+01,-2.00617391e+00,-1.68389426e+01,1.00027603e-09
42,1.05260482e+00,3.33550339e-08,95,5,1,16,normal_corr_dominates,4.82870531e+00,1.00000000e+00,2.50000077e+07,7.68104871e+00,-2.00617391e+00,9.68722263e+00,1.00016279e-09
42,1.05260482e+00,3.33550339e-08,95,5,1,16,corr_ratio_high,6.67079281e-01,5.00000000e-01,2.50000077e+07,7.68104871e+00,-2.00617391e+00,9.68722263e+00,1.00016279e-09
42,1.05260482e+00,3.33550339e-08,95,5,2,17,normal_corr_dominates,8.41328983e+00,1.00000000e+00,2.49999811e+07,-1.88846965e+01,-2.00617391e+00,-1.68785226e+01,1.00022305e-09
42,1.05260482e+00,3.33550339e-08,95,7,0,21,normal_corr_dominates,8.81430065e+00,1.00000000e+00,2.49999968e+07,-3.17649887e+00,-3.23660236e-01,-2.85283863e+00,1.00010961e-09
42,1.05260482e+00,3.33550339e-08,95,7,1,22,normal_corr_dominates,2.18829633e+01,1.00000000e+00,2.49999926e+07,-7.40630532e+00,-3.23660236e-01,-7.08264508e+00,1.00013914e-09
42,1.05260482e+00,3.33550339e-08,95,7,2,23,normal_corr_dominates,5.97943589e+00,1.00000000e+00,2.50000016e+07,1.61164540e+00,-3.23660236e-01,1.93530563e+00,1.00014512e-09
42,1.05260482e+00,3.33550339e-08,95,8,0,24,normal_corr_dominates,4.61853197e+00,1.00000000e+00,2.50000243e+07,2.43080411e+01,-6.71765271e+00,3.10256939e+01,1.00024178e-09
42,1.05260482e+00,3.33550339e-08,95,8,1,25,normal_corr_dominates,3.19410919e+00,1.00000000e+00,2.50000147e+07,1.47392636e+01,-6.71765271e+00,2.14569163e+01,1.00016104e-09
42,1.05260482e+00,3.33550339e-08,95,8,2,26,normal_corr_dominates,4.09226003e+00,1.00000000e+00,2.49999658e+07,-3.42080344e+01,-6.71765271e+00,-2.74903817e+01,1.00015889e-09
42,1.05260482e+00,3.33550339e-08,95,8,2,26,corr_ratio_high,5.79320901e-01,5.00000000e-01,2.49999658e+07,-3.42080344e+01,-6.71765271e+00,-2.74903817e+01,1.00015889e-09
42,1.05260482e+00,3.33550339e-08,95,9,0,27,normal_corr_dominates,5.45382192e+00,1.00000000e+00,2.50000243e+07,2.42624190e+01,-5.44755032e+00,2.97099693e+01,1.00014618e-09
42,1.05260482e+00,3.33550339e-08,95,9,0,27,corr_ratio_high,6.45986742e-01,5.00000000e-01,2.50000243e+07,2.42624190e+01,-5.44755032e+00,2.97099693e+01,1.00014618e-09
42,1.05260482e+00,3.33550339e-08,95,9,1,28,normal_corr_dominates,1.42501136e+00,1.00000000e+00,2.50000023e+07,2.31527078e+00,-5.44755032e+00,7.76282110e+00,1.00013079e-09
42,1.05260482e+00,3.33550339e-08,95,9,1,28,corr_ratio_high,6.15465044e-01,5.00000000e-01,2.50000023e+07,2.31527078e+00,-5.44755032e+00,7.76282110e+00,1.00013079e-09
42,1.05260482e+00,3.33550339e-08,95,9,2,29,normal_corr_dominates,6.58581579e+00,1.00000000e+00,2.49999587e+07,-4.13241133e+01,-5.44755032e+00,-3.58765629e+01,1.00030461e-09
42,1.05260482e+00,3.33550339e-08,95,9,2,29,corr_ratio_high,7.38428124e-01,5.00000000e-01,2.49999587e+07,-4.13241133e+01,-5.44755032e+00,-3.58765629e+01,1.00030461e-09
42,1.05260482e+00,3.33550339e-08,95,10,0,30,normal_corr_dominates,1.47800438e+00,1.00000000e+00,2.50000015e+07,1.50581174e+00,-3.15020492e+00,4.65601666e+00,1.00012512e-09
42,1.05260482e+00,3.33550339e-08,95,12,0,36,normal_corr_dominates,1.39730274e+00,1.00000000e+00,2.49999857e+07,-1.43084558e+01,-5.96856438e+00,-8.33989138e+00,1.00018715e-09
42,1.05260482e+00,3.33550339e-08,95,12,1,37,normal_corr_dominates,2.15219518e+00,1.00000000e+00,2.50000069e+07,6.87695113e+00,-5.96856438e+00,1.28455155e+01,1.00009089e-09
42,1.05260482e+00,3.33550339e-08,95,12,1,37,corr_ratio_high,9.66725950e-01,5.00000000e-01,2.50000069e+07,6.87695113e+00,-5.96856438e+00,1.28455155e+01,1.00009089e-09
42,1.05260482e+00,3.33550339e-08,95,12,2,38,normal_corr_dominates,2.57621342e+00,1.00000000e+00,2.49999787e+07,-2.13448600e+01,-5.96856438e+00,-1.53762956e+01,1.00025510e-09
42,1.05260482e+00,3.33550339e-08,95,12,2,38,corr_ratio_high,5.51215330e-01,5.00000000e-01,2.49999787e+07,-2.13448600e+01,-5.96856438e+00,-1.53762956e+01,1.00025510e-09
42,1.05260482e+00,3.33550339e-08,95,14,0,42,normal_corr_dominates,2.70260722e+01,1.00000000e+00,2.49999926e+07,-7.43138184e+00,2.85536050e-01,-7.71691789e+00,1.00017385e-09
42,1.05260482e+00,3.33550339e-08,95,14,1,43,normal_corr_dominates,6.38259839e+00,1.00000000e+00,2.49999985e+07,-1.53692588e+00,2.85536050e-01,-1.82246193e+00,1.00014401e-09
42,1.05260482e+00,3.33550339e-08,95,14,2,44,normal_corr_dominates,7.92536357e+00,1.00000000e+00,2.50000025e+07,2.54851306e+00,2.85536050e-01,2.26297701e+00,1.00014287e-09
42,1.05260482e+00,3.33550339e-08,95,15,1,46,normal_corr_dominates,5.19721438e+00,1.00000000e+00,2.49999762e+07,-2.37584808e+01,-3.83373551e+00,-1.99247453e+01,1.00019033e-09
42,1.05260482e+00,3.33550339e-08,95,15,2,47,normal_corr_dominates,2.41562036e+00,1.00000000e+00,2.50000054e+07,5.42711403e+00,-3.83373551e+00,9.26084955e+00,1.00013253e-09
42,1.05260482e+00,3.33550339e-08,95,18,0,54,normal_corr_dominates,1.15239655e+00,1.00000000e+00,2.49999937e+07,-6.33564929e+00,-2.94353255e+00,-3.39211675e+00,1.00013443e-09
42,1.05260482e+00,3.33550339e-08,95,18,2,56,normal_corr_dominates,1.08883563e+00,1.00000000e+00,2.49999939e+07,-6.14855567e+00,-2.94353255e+00,-3.20502313e+00,1.00016052e-09
42,1.05260482e+00,3.33550339e-08,95,21,0,63,normal_corr_dominates,1.45598050e+00,1.00000000e+00,2.50000048e+07,4.83363480e+00,-1.06005296e+01,1.54341644e+01,1.00011812e-09
42,1.05260482e+00,3.33550339e-08,95,21,0,63,corr_ratio_high,7.66069398e-01,5.00000000e-01,2.50000048e+07,4.83363480e+00,-1.06005296e+01,1.54341644e+01,1.00011812e-09
42,1.05260482e+00,3.33550339e-08,95,22,0,66,normal_corr_dominates,2.67736333e+00,1.00000000e+00,2.50000118e+07,1.17743244e+01,-7.01954323e+00,1.87938676e+01,1.00016609e-09
42,1.05260482e+00,3.33550339e-08,95,22,2,68,normal_corr_dominates,1.30158411e+00,1.00000000e+00,2.49999838e+07,-1.61560691e+01,-7.01954323e+00,-9.13652591e+00,1.00016295e-09
42,1.05260482e+00,3.33550339e-08,95,23,0,69,normal_corr_dominates,1.29615048e+00,1.00000000e+00,2.50000018e+07,1.76184597e+00,-5.94915796e+00,7.71100393e+00,1.00016015e-09
42,1.05260482e+00,3.33550339e-08,95,23,0,69,corr_ratio_high,8.10089903e-01,5.00000000e-01,2.50000018e+07,1.76184597e+00,-5.94915796e+00,7.71100393e+00,1.00016015e-09
42,1.05260482e+00,3.33550339e-08,95,23,1,70,normal_corr_dominates,1.11678164e+00,1.00000000e+00,2.49999874e+07,-1.25930684e+01,-5.94915796e+00,-6.64391040e+00,1.00018667e-09
42,1.05260482e+00,3.33550339e-08,95,23,1,70,corr_ratio_high,5.14644647e-01,5.00000000e-01,2.49999874e+07,-1.25930684e+01,-5.94915796e+00,-6.64391040e+00,1.00018667e-09
42,1.05260482e+00,3.33550339e-08,95,24,0,72,normal_corr_dominates,1.85825913e+00,1.00000000e+00,2.50000044e+07,4.44621204e+00,-5.18050070e+00,9.62671274e+00,1.00012860e-09
42,1.05260482e+00,3.33550339e-08,95,24,0,72,corr_ratio_high,6.21596163e-01,5.00000000e-01,2.50000044e+07,4.44621204e+00,-5.18050070e+00,9.62671274e+00,1.00012860e-09
42,1.05260482e+00,3.33550339e-08,95,24,2,74,normal_corr_dominates,1.20482595e+00,1.00000000e+00,2.49999886e+07,-1.14221024e+01,-5.18050070e+00,-6.24160166e+00,1.00015669e-09
42,1.05260482e+00,3.33550339e-08,95,26,0,78,normal_corr_dominates,1.25291585e+00,1.00000000e+00,2.50000002e+07,2.33949649e-01,-9.25009832e-01,1.15895948e+00,1.00011479e-09
42,1.05260482e+00,3.33550339e-08,95,27,2,83,normal_corr_dominates,1.44912012e+00,1.00000000e+00,2.49999708e+07,-2.91502085e+01,-1.19023188e+01,-1.72478897e+01,1.00018293e-09
42,1.05260482e+00,3.33550339e-08,95,28,0,84,normal_corr_dominates,1.30496122e+00,1.00000000e+00,2.49999929e+07,-7.12906728e+00,-3.09292288e+00,-4.03614441e+00,1.00017690e-09
42,1.05260482e+00,3.33550339e-08,95,28,1,85,normal_corr_dominates,1.62267763e+00,1.00000000e+00,2.50000019e+07,1.92589387e+00,-3.09292288e+00,5.01881675e+00,1.00014686e-09
42,1.05260482e+00,3.33550339e-08,95,29,0,87,normal_corr_dominates,9.32830523e+00,1.00000000e+00,2.49999967e+07,-3.34759129e+00,-3.24118160e-01,-3.02347313e+00,1.00016792e-09
42,1.05260482e+00,3.33550339e-08,95,29,1,88,normal_corr_dominates,2.54657046e+00,1.00000000e+00,2.50000005e+07,5.01271571e-01,-3.24118160e-01,8.25389732e-01,1.00014999e-09
42,1.05260482e+00,3.33550339e-08,95,29,2,89,normal_corr_dominates,9.98822647e+00,1.00000000e+00,2.50000029e+07,2.91324743e+00,-3.24118160e-01,3.23736559e+00,1.00014152e-09
42,1.05260482e+00,3.33550339e-08,95,30,0,90,normal_corr_dominates,1.67099925e+01,1.00000000e+00,2.49999904e+07,-9.57215526e+00,-5.40494597e-01,-9.03166066e+00,1.00014045e-09
42,1.05260482e+00,3.33550339e-08,95,30,2,92,normal_corr_dominates,6.78677456e+00,1.00000000e+00,2.50000031e+07,3.12772039e+00,-5.40494597e-01,3.66821498e+00,1.00013636e-09
42,1.05260482e+00,3.33550339e-08,95,32,1,97,normal_corr_dominates,2.97162807e+00,1.00000000e+00,2.49999854e+07,-1.46346734e+01,-3.68480460e+00,-1.09498688e+01,1.00013590e-09
42,1.05260482e+00,3.33550339e-08,95,32,2,98,normal_corr_dominates,1.79643077e+00,1.00000000e+00,2.50000029e+07,2.93469177e+00,-3.68480460e+00,6.61949636e+00,1.00014210e-09
42,1.05260482e+00,3.33550339e-08,95,35,1,106,normal_corr_dominates,7.57308014e+00,1.00000000e+00,2.49999786e+07,-2.14383232e+01,-2.50065588e+00,-1.89376674e+01,1.00018897e-09
42,1.05260482e+00,3.33550339e-08,95,35,2,107,normal_corr_dominates,2.49391512e+00,1.00000000e+00,2.50000037e+07,3.73576763e+00,-2.50065588e+00,6.23642351e+00,1.00013659e-09
42,1.05260482e+00,3.33550339e-08,95,13,0,39,normal_corr_dominates,2.48758960e+01,1.00000000e+00,2.50000044e+07,4.40865173e+00,1.70376776e-01,4.23827495e+00,1.00015799e-09
42,1.05260482e+00,3.33550339e-08,95,13,1,40,normal_corr_dominates,7.94282437e+01,1.00000000e+00,2.49999866e+07,-1.33623513e+01,1.70376776e-01,-1.35327281e+01,1.00020071e-09
42,1.05260482e+00,3.33550339e-08,95,13,2,41,normal_corr_dominates,3.33926629e+01,1.00000000e+00,2.50000059e+07,5.85971102e+00,1.70376776e-01,5.68933425e+00,1.00013201e-09
42,1.05260482e+00,3.33550339e-08,95,25,0,75,normal_corr_dominates,9.54586510e+00,1.00000000e+00,2.50000048e+07,4.77468549e+00,-5.58712948e-01,5.33339844e+00,1.00016934e-09
42,1.05260482e+00,3.33550339e-08,95,25,1,76,normal_corr_dominates,7.27816452e+00,1.00000000e+00,2.50000035e+07,3.50769181e+00,-5.58712948e-01,4.06640476e+00,1.00014566e-09
42,1.05260482e+00,3.33550339e-08,95,25,2,77,normal_corr_dominates,2.29064463e+01,1.00000000e+00,2.49999866e+07,-1.33568411e+01,-5.58712948e-01,-1.27981281e+01,1.00013070e-09
43,1.07556316e+00,3.40825400e-08,95,0,0,0,normal_corr_dominates,4.99469750e+00,1.00000000e+00,2.50000398e+07,3.98393616e+01,-9.97306095e+00,4.98124225e+01,1.00014044e-09
43,1.07556316e+00,3.40825400e-08,95,0,0,0,corr_ratio_high,7.24170990e-01,5.00000000e-01,2.50000398e+07,3.98393616e+01,-9.97306095e+00,4.98124225e+01,1.00014044e-09
43,1.07556316e+00,3.40825400e-08,95,0,1,1,normal_corr_dominates,2.18157565e+00,1.00000000e+00,2.49999683e+07,-3.17300478e+01,-9.97306095e+00,-2.17569869e+01,1.00028699e-09
43,1.07556316e+00,3.40825400e-08,95,0,2,2,corr_ratio_high,7.52220411e-01,5.00000000e-01,2.49999962e+07,-3.79736581e+00,-9.97306095e+00,6.17569514e+00,1.00017742e-09
43,1.07556316e+00,3.40825400e-08,95,1,0,3,normal_corr_dominates,6.52767309e+00,1.00000000e+00,2.49999790e+07,-2.10272074e+01,-2.79332101e+00,-1.82338864e+01,1.00015133e-09
43,1.07556316e+00,3.40825400e-08,95,1,1,4,normal_corr_dominates,9.18366605e+00,1.00000000e+00,2.50000229e+07,2.28596063e+01,-2.79332101e+00,2.56529273e+01,1.00024005e-09
43,1.07556316e+00,3.40825400e-08,95,1,2,5,normal_corr_dominates,9.13432171e+00,1.00000000e+00,2.49999717e+07,-2.83084138e+01,-2.79332101e+00,-2.55150928e+01,1.00015894e-09
43,1.07556316e+00,3.40825400e-08,95,1,2,5,corr_ratio_high,5.47781008e-01,5.00000000e-01,2.49999717e+07,-2.83084138e+01,-2.79332101e+00,-2.55150928e+01,1.00015894e-09
43,1.07556316e+00,3.40825400e-08,95,2,0,6,normal_corr_dominates,4.29093627e+01,1.00000000e+00,2.49999791e+07,-2.09437896e+01,-4.76977763e-01,-2.04668119e+01,1.00017698e-09
43,1.07556316e+00,3.40825400e-08,95,2,1,7,normal_corr_dominates,5.43089189e+01,1.00000000e+00,2.49999736e+07,-2.63811245e+01,-4.76977763e-01,-2.59041467e+01,1.00018597e-09
43,1.07556316e+00,3.40825400e-08,95,2,2,8,normal_corr_dominates,3.99249759e+01,1.00000000e+00,2.50000186e+07,1.85663480e+01,-4.76977763e-01,1.90433257e+01,1.00013525e-09
43,1.07556316e+00,3.40825400e-08,95,3,0,9,normal_corr_dominates,8.60929497e+00,1.00000000e+00,2.49999821e+07,-1.78950433e+01,-1.86226391e+00,-1.60327793e+01,1.00020202e-09
43,1.07556316e+00,3.40825400e-08,95,3,1,10,normal_corr_dominates,6.96170406e+00,1.00000000e+00,2.50000111e+07,1.11022663e+01,-1.86226391e+00,1.29645303e+01,1.00012523e-09
43,1.07556316e+00,3.40825400e-08,95,3,1,10,corr_ratio_high,5.91557317e-01,5.00000000e-01,2.50000111e+07,1.11022663e+01,-1.86226391e+00,1.29645303e+01,1.00012523e-09
43,1.07556316e+00,3.40825400e-08,95,3,2,11,normal_corr_dominates,2.17962831e+00,1.00000000e+00,2.50000022e+07,2.19677923e+00,-1.86226391e+00,4.05904314e+00,1.00016329e-09
43,1.07556316e+00,3.40825400e-08,95,3,2,11,corr_ratio_high,6.14167044e-01,5.00000000e-01,2.50000022e+07,2.19677923e+00,-1.86226391e+00,4.05904314e+00,1.00016329e-09
43,1.07556316e+00,3.40825400e-08,95,4,1,13,normal_corr_dominates,2.10878935e+00,1.00000000e+00,2.50000104e+07,1.04207617e+01,-9.39832413e+00,1.98190859e+01,1.00014896e-09
43,1.07556316e+00,3.40825400e-08,95,4,1,13,corr_ratio_high,5.01429893e-01,5.00000000e-01,2.50000104e+07,1.04207617e+01,-9.39832413e+00,1.98190859e+01,1.00014896e-09
43,1.07556316e+00,3.40825400e-08,95,5,0,15,normal_corr_dominates,8.40925268e+00,1.00000000e+00,2.49999808e+07,-1.92254307e+01,-2.04324736e+00,-1.71821833e+01,1.00028159e-09
43,1.07556316e+00,3.40825400e-08,95,5,1,16,normal_corr_dominates,4.84005165e+00,1.00000000e+00,2.50000078e+07,7.84617540e+00,-2.04324736e+00,9.88942276e+00,1.00016608e-09
43,1.07556316e+00,3.40825400e-08,95,5,1,16,corr_ratio_high,6.67040489e-01,5.00000000e-01,2.50000078e+07,7.84617540e+00,-2.04324736e+00,9.88942276e+00,1.00016608e-09
43,1.07556316e+00,3.40825400e-08,95,5,2,17,normal_corr_dominates,8.42850470e+00,1.00000000e+00,2.49999807e+07,-1.92647673e+01,-2.04324736e+00,-1.72215200e+01,1.00022754e-09
43,1.07556316e+00,3.40825400e-08,95,7,0,21,normal_corr_dominates,8.85102761e+00,1.00000000e+00,2.49999968e+07,-3.23642543e+00,-3.28536835e-01,-2.90788860e+00,1.00011184e-09
43,1.07556316e+00,3.40825400e-08,95,7,1,22,normal_corr_dominates,2.19992149e+01,1.00000000e+00,2.49999924e+07,-7.55608926e+00,-3.28536835e-01,-7.22755243e+00,1.00014195e-09
43,1.07556316e+00,3.40825400e-08,95,7,2,23,normal_corr_dominates,6.01198432e+00,1.00000000e+00,2.50000016e+07,1.64662147e+00,-3.28536835e-01,1.97515830e+00,1.00014805e-09
43,1.07556316e+00,3.40825400e-08,95,8,0,24,normal_corr_dominates,4.62243081e+00,1.00000000e+00,2.50000248e+07,2.48129387e+01,-6.84980335e+00,3.16627420e+01,1.00024665e-09
43,1.07556316e+00,3.40825400e-08,95,8,1,25,normal_corr_dominates,3.19562244e+00,1.00000000e+00,2.50000150e+07,1.50395820e+01,-6.84980335e+00,2.18893853e+01,1.00016430e-09
43,1.07556316e+00,3.40825400e-08,95,8,2,26,normal_corr_dominates,4.09563624e+00,1.00000000e+00,2.49999651e+07,-3.49041062e+01,-6.84980335e+00,-2.80543029e+01,1.00016212e-09
43,1.07556316e+00,3.40825400e-08,95,8,2,26,corr_ratio_high,5.79248281e-01,5.00000000e-01,2.49999651e+07,-3.49041062e+01,-6.84980335e+00,-2.80543029e+01,1.00016212e-09
43,1.07556316e+00,3.40825400e-08,95,9,0,27,normal_corr_dominates,5.45754978e+00,1.00000000e+00,2.50000248e+07,2.47577262e+01,-5.55411099e+00,3.03118372e+01,1.00014914e-09
43,1.07556316e+00,3.40825400e-08,95,9,0,27,corr_ratio_high,6.45995301e-01,5.00000000e-01,2.50000248e+07,2.47577262e+01,-5.55411099e+00,3.03118372e+01,1.00014914e-09
43,1.07556316e+00,3.40825400e-08,95,9,1,28,normal_corr_dominates,1.42569943e+00,1.00000000e+00,2.50000024e+07,2.36438189e+00,-5.55411099e+00,7.91849287e+00,1.00013345e-09
43,1.07556316e+00,3.40825400e-08,95,9,1,28,corr_ratio_high,6.15377689e-01,5.00000000e-01,2.50000024e+07,2.36438189e+00,-5.55411099e+00,7.91849287e+00,1.00013345e-09
43,1.07556316e+00,3.40825400e-08,95,9,2,29,normal_corr_dominates,6.58966142e+00,1.00000000e+00,2.49999578e+07,-4.21538219e+01,-5.55411099e+00,-3.65997109e+01,1.00031073e-09
43,1.07556316e+00,3.40825400e-08,95,9,2,29,corr_ratio_high,7.38458394e-01,5.00000000e-01,2.49999578e+07,-4.21538219e+01,-5.55411099e+00,-3.65997109e+01,1.00031073e-09
43,1.07556316e+00,3.40825400e-08,95,10,0,30,normal_corr_dominates,1.47859521e+00,1.00000000e+00,2.50000015e+07,1.53715740e+00,-3.21181105e+00,4.74896844e+00,1.00012766e-09
43,1.07556316e+00,3.40825400e-08,95,12,0,36,normal_corr_dominates,1.39784689e+00,1.00000000e+00,2.49999854e+07,-1.45936308e+01,-6.08613954e+00,-8.50749125e+00,1.00019093e-09
43,1.07556316e+00,3.40825400e-08,95,12,1,37,normal_corr_dominates,2.15277305e+00,1.00000000e+00,2.50000070e+07,7.01593763e+00,-6.08613954e+00,1.31020772e+01,1.00009276e-09
43,1.07556316e+00,3.40825400e-08,95,12,1,37,corr_ratio_high,9.66609141e-01,5.00000000e-01,2.50000070e+07,7.01593763e+00,-6.08613954e+00,1.31020772e+01,1.00009276e-09
43,1.07556316e+00,3.40825400e-08,95,12,2,38,normal_corr_dominates,2.57700898e+00,1.00000000e+00,2.49999782e+07,-2.17701758e+01,-6.08613954e+00,-1.56840362e+01,1.00026023e-09
43,1.07556316e+00,3.40825400e-08,95,12,2,38,corr_ratio_high,5.51236342e-01,5.00000000e-01,2.49999782e+07,-2.17701758e+01,-6.08613954e+00,-1.56840362e+01,1.00026023e-09
43,1.07556316e+00,3.40825400e-08,95,14,0,42,normal_corr_dominates,2.68758760e+01,1.00000000e+00,2.49999924e+07,-7.58197954e+00,2.93013444e-01,-7.87499298e+00,1.00017737e-09
43,1.07556316e+00,3.40825400e-08,95,14,1,43,normal_corr_dominates,6.34377209e+00,1.00000000e+00,2.49999984e+07,-1.56579706e+00,2.93013444e-01,-1.85881050e+00,1.00014692e-09
43,1.07556316e+00,3.40825400e-08,95,14,2,44,normal_corr_dominates,7.88102092e+00,1.00000000e+00,2.50000026e+07,2.60225852e+00,2.93013444e-01,2.30924508e+00,1.00014576e-09
43,1.07556316e+00,3.40825400e-08,95,15,1,46,normal_corr_dominates,5.19829748e+00,1.00000000e+00,2.49999758e+07,-2.42379076e+01,-3.91041373e+00,-2.03274939e+01,1.00019417e-09
43,1.07556316e+00,3.40825400e-08,95,15,2,47,normal_corr_dominates,2.41590216e+00,1.00000000e+00,2.50000055e+07,5.53676327e+00,-3.91041373e+00,9.44717700e+00,1.00013522e-09
43,1.07556316e+00,3.40825400e-08,95,18,0,54,normal_corr_dominates,1.15266324e+00,1.00000000e+00,2.49999935e+07,-6.46153325e+00,-3.00164612e+00,-3.45988713e+00,1.00013715e-09
43,1.07556316e+00,3.40825400e-08,95,18,2,56,normal_corr_dominates,1.08986350e+00,1.00000000e+00,2.49999937e+07,-6.27303066e+00,-3.00164612e+00,-3.27138455e+00,1.00016376e-09
43,1.07556316e+00,3.40825400e-08,95,21,0,63,normal_corr_dominates,1.45673946e+00,1.00000000e+00,2.50000049e+07,4.93873895e+00,-1.08130333e+01,1.57517723e+01,1.00012051e-09
43,1.07556316e+00,3.40825400e-08,95,21,0,63,corr_ratio_high,7.66045255e-01,5.00000000e-01,2.50000049e+07,4.93873895e+00,-1.08130333e+01,1.57517723e+01,1.00012051e-09
43,1.07556316e+00,3.40825400e-08,95,22,0,66,normal_corr_dominates,2.67830661e+00,1.00000000e+00,2.50000120e+07,1.20145228e+01,-7.15871747e+00,1.91732403e+01,1.00016944e-09
43,1.07556316e+00,3.40825400e-08,95,22,2,68,normal_corr_dominates,1.30231905e+00,1.00000000e+00,2.49999835e+07,-1.64816516e+01,-7.15871747e+00,-9.32293410e+00,1.00016625e-09
43,1.07556316e+00,3.40825400e-08,95,23,0,69,normal_corr_dominates,1.29836906e+00,1.00000000e+00,2.50000018e+07,1.80928043e+00,-6.06390087e+00,7.87318130e+00,1.00016336e-09
43,1.07556316e+00,3.40825400e-08,95,23,0,69,corr_ratio_high,8.10165954e-01,5.00000000e-01,2.50000018e+07,1.80928043e+00,-6.06390087e+00,7.87318130e+00,1.00016336e-09
43,1.07556316e+00,3.40825400e-08,95,23,1,70,normal_corr_dominates,1.11954885e+00,1.00000000e+00,2.49999871e+07,-1.28527341e+01,-6.06390087e+00,-6.78883324e+00,1.00019047e-09
43,1.07556316e+00,3.40825400e-08,95,23,1,70,corr_ratio_high,5.14587380e-01,5.00000000e-01,2.49999871e+07,-1.28527341e+01,-6.06390087e+00,-6.78883324e+00,1.00019047e-09
43,1.07556316e+00,3.40825400e-08,95,24,0,72,normal_corr_dominates,1.85967710e+00,1.00000000e+00,2.50000045e+07,4.54217653e+00,-5.28358445e+00,9.82576098e+00,1.00013120e-09
43,1.07556316e+00,3.40825400e-08,95,24,0,72,corr_ratio_high,6.21604961e-01,5.00000000e-01,2.50000045e+07,4.54217653e+00,-5.28358445e+00,9.82576098e+00,1.00013120e-09
43,1.07556316e+00,3.40825400e-08,95,24,2,74,normal_corr_dominates,1.20514478e+00,1.00000000e+00,2.49999883e+07,-1.16510687e+01,-5.28358445e+00,-6.36748423e+00,1.00015986e-09
43,1.07556316e+00,3.40825400e-08,95,26,0,78,normal_corr_dominates,1.25328878e+00,1.00000000e+00,2.50000002e+07,2.38712291e-01,-9.42451099e-01,1.18116339e+00,1.00011712e-09
43,1.07556316e+00,3.40825400e-08,95,27,2,83,normal_corr_dominates,1.44947428e+00,1.00000000e+00,2.49999703e+07,-2.97390156e+01,-1.21409789e+01,-1.75980366e+01,1.00018662e-09
43,1.07556316e+00,3.40825400e-08,95,28,0,84,normal_corr_dominates,1.30509849e+00,1.00000000e+00,2.49999927e+07,-7.26999408e+00,-3.15387569e+00,-4.11611839e+00,1.00018048e-09
43,1.07556316e+00,3.40825400e-08,95,28,1,85,normal_corr_dominates,1.62423918e+00,1.00000000e+00,2.50000020e+07,1.96877278e+00,-3.15387569e+00,5.12264847e+00,1.00014983e-09
43,1.07556316e+00,3.40825400e-08,95,29,0,87,normal_corr_dominates,9.38597005e+00,1.00000000e+00,2.49999966e+07,-3.41516295e+00,-3.28824648e-01,-3.08633830e+00,1.00017131e-09
43,1.07556316e+00,3.40825400e-08,95,29,1,88,normal_corr_dominates,2.56214935e+00,1.00000000e+00,2.50000005e+07,5.13673209e-01,-3.28824648e-01,8.42497857e-01,1.00015303e-09
43,1.07556316e+00,3.40825400e-08,95,29,2,89,normal_corr_dominates,1.00446945e+01,1.00000000e+00,2.50000030e+07,2.97411850e+00,-3.28824648e-01,3.30294315e+00,1.00014438e-09
43,1.07556316e+00,3.40825400e-08,95,30,0,90,normal_corr_dominates,1.67764590e+01,1.00000000e+00,2.49999902e+07,-9.76463179e+00,-5.49301287e-01,-9.21533050e+00,1.00014330e-09
43,1.07556316e+00,3.40825400e-08,95,30,2,92,normal_corr_dominates,6.81356614e+00,1.00000000e+00,2.50000032e+07,3.19339936e+00,-5.49301287e-01,3.74270065e+00,1.00013912e-09
43,1.07556316e+00,3.40825400e-08,95,32,1,97,normal_corr_dominates,2.97378105e+00,1.00000000e+00,2.49999851e+07,-1.49300530e+01,-3.75714031e+00,-1.11729127e+01,1.00013865e-09
43,1.07556316e+00,3.40825400e-08,95,32,2,98,normal_corr_dominates,1.79815389e+00,1.00000000e+00,2.50000030e+07,2.99877616e+00,-3.75714031e+00,6.75591647e+00,1.00014497e-09
43,1.07556316e+00,3.40825400e-08,95,35,1,106,normal_corr_dominates,7.57829501e+00,1.00000000e+00,2.49999781e+07,-2.18742959e+01,-2.54995846e+00,-1.93243374e+01,1.00019279e-09
43,1.07556316e+00,3.40825400e-08,95,35,2,107,normal_corr_dominates,2.49572407e+00,1.00000000e+00,2.50000038e+07,3.81403425e+00,-2.54995846e+00,6.36399270e+00,1.00013936e-09
43,1.07556316e+00,3.40825400e-08,95,13,0,39,normal_corr_dominates,2.46338500e+01,1.00000000e+00,2.50000045e+07,4.49729920e+00,1.75443767e-01,4.32185543e+00,1.00016118e-09
43,1.07556316e+00,3.40825400e-08,95,13,1,40,normal_corr_dominates,7.86873616e+01,1.00000000e+00,2.49999864e+07,-1.36297633e+01,1.75443767e-01,-1.38052071e+01,1.00020476e-09
43,1.07556316e+00,3.40825400e-08,95,13,2,41,normal_corr_dominates,3.31007578e+01,1.00000000e+00,2.50000060e+07,5.98276539e+00,1.75443767e-01,5.80732162e+00,1.00013468e-09
43,1.07556316e+00,3.40825400e-08,95,25,0,75,normal_corr_dominates,9.57673587e+00,1.00000000e+00,2.50000049e+07,4.87186565e+00,-5.68032608e-01,5.43989825e+00,1.00017276e-09
43,1.07556316e+00,3.40825400e-08,95,25,1,76,normal_corr_dominates,7.30799823e+00,1.00000000e+00,2.50000036e+07,3.58314868e+00,-5.68032608e-01,4.15118129e+00,1.00014860e-09
43,1.07556316e+00,3.40825400e-08,95,25,2,77,normal_corr_dominates,2.29916236e+01,1.00000000e+00,2.49999864e+07,-1.36280245e+01,-5.68032608e-01,-1.30599919e+01,1.00013335e-09
44,1.09963619e+00,3.48453681e-08,95,0,0,0,normal_corr_dominates,4.99650835e+00,1.00000000e+00,2.50000407e+07,4.06647251e+01,-1.01750632e+01,5.08397883e+01,1.00014338e-09
44,1.09963619e+00,3.48453681e-08,95,0,0,0,corr_ratio_high,7.24132433e-01,5.00000000e-01,2.50000407e+07,4.06647251e+01,-1.01750632e+01,5.08397883e+01,1.00014338e-09
44,1.09963619e+00,3.48453681e-08,95,0,1,1,normal_corr_dominates,2.18276695e+00,1.00000000e+00,2.49999676e+07,-3.23848549e+01,-1.01750632e+01,-2.22097917e+01,1.00029290e-09
44,1.09963619e+00,3.48453681e-08,95,0,2,2,corr_ratio_high,7.52228480e-01,5.00000000e-01,2.49999961e+07,-3.86104929e+00,-1.01750632e+01,6.31401393e+00,1.00018109e-09
44,1.09963619e+00,3.48453681e-08,95,1,0,3,normal_corr_dominates,6.53407765e+00,1.00000000e+00,2.49999785e+07,-2.14632184e+01,-2.84881832e+00,-1.86144001e+01,1.00015448e-09
44,1.09963619e+00,3.48453681e-08,95,1,1,4,normal_corr_dominates,9.19470543e+00,1.00000000e+00,2.50000233e+07,2.33452269e+01,-2.84881832e+00,2.61940452e+01,1.00024501e-09
44,1.09963619e+00,3.48453681e-08,95,1,2,5,normal_corr_dominates,9.14482082e+00,1.00000000e+00,2.49999711e+07,-2.89007513e+01,-2.84881832e+00,-2.60519330e+01,1.00016224e-09
44,1.09963619e+00,3.48453681e-08,95,1,2,5,corr_ratio_high,5.47776988e-01,5.00000000e-01,2.49999711e+07,-2.89007513e+01,-2.84881832e+00,-2.60519330e+01,1.00016224e-09
44,1.09963619e+00,3.48453681e-08,95,2,0,6,normal_corr_dominates,4.30180583e+01,1.00000000e+00,2.49999786e+07,-2.13783112e+01,-4.85671381e-01,-2.08926398e+01,1.00018066e-09
44,1.09963619e+00,3.48453681e-08,95,2,1,7,normal_corr_dominates,5.44535176e+01,1.00000000e+00,2.49999731e+07,-2.69321865e+01,-4.85671381e-01,-2.64465151e+01,1.00018982e-09
44,1.09963619e+00,3.48453681e-08,95,2,2,8,normal_corr_dominates,4.00270794e+01,1.00000000e+00,2.50000190e+07,1.89543355e+01,-4.85671381e-01,1.94400069e+01,1.00013806e-09
44,1.09963619e+00,3.48453681e-08,95,3,0,9,normal_corr_dominates,8.62120522e+00,1.00000000e+00,2.49999817e+07,-1.82622525e+01,-1.89812525e+00,-1.63641273e+01,1.00020620e-09
44,1.09963619e+00,3.48453681e-08,95,3,1,10,normal_corr_dominates,6.97460862e+00,1.00000000e+00,2.50000113e+07,1.13405555e+01,-1.89812525e+00,1.32386807e+01,1.00012783e-09
44,1.09963619e+00,3.48453681e-08,95,3,1,10,corr_ratio_high,5.91485450e-01,5.00000000e-01,2.50000113e+07,1.13405555e+01,-1.89812525e+00,1.32386807e+01,1.00012783e-09
44,1.09963619e+00,3.48453681e-08,95,3,2,11,normal_corr_dominates,2.18141692e+00,1.00000000e+00,2.50000022e+07,2.24247729e+00,-1.89812525e+00,4.14060254e+00,1.00016668e-09
44,1.09963619e+00,3.48453681e-08,95,3,2,11,corr_ratio_high,6.14162213e-01,5.00000000e-01,2.50000022e+07,2.24247729e+00,-1.89812525e+00,4.14060254e+00,1.00016668e-09
44,1.09963619e+00,3.48453681e-08,95,4,1,13,normal_corr_dominates,2.10926405e+00,1.00000000e+00,2.50000106e+07,1.06353482e+01,-9.58775162e+00,2.02230998e+01,1.00015208e-09
44,1.09963619e+00,3.48453681e-08,95,4,1,13,corr_ratio_high,5.01227212e-01,5.00000000e-01,2.50000106e+07,1.06353482e+01,-9.58775162e+00,2.02230998e+01,1.00015208e-09
44,1.09963619e+00,3.48453681e-08,95,5,0,15,normal_corr_dominates,8.42529275e+00,1.00000000e+00,2.49999804e+07,-1.96233881e+01,-2.08199243e+00,-1.75413957e+01,1.00028741e-09
44,1.09963619e+00,3.48453681e-08,95,5,1,16,normal_corr_dominates,4.85166361e+00,1.00000000e+00,2.50000080e+07,8.01913448e+00,-2.08199243e+00,1.01011269e+01,1.00016953e-09
44,1.09963619e+00,3.48453681e-08,95,5,1,16,corr_ratio_high,6.66999881e-01,5.00000000e-01,2.50000080e+07,8.01913448e+00,-2.08199243e+00,1.01011269e+01,1.00016953e-09
44,1.09963619e+00,3.48453681e-08,95,5,2,17,normal_corr_dominates,8.44406157e+00,1.00000000e+00,2.49999803e+07,-1.96624647e+01,-2.08199243e+00,-1.75804723e+01,1.00023225e-09
44,1.09963619e+00,3.48453681e-08,95,7,0,21,normal_corr_dominates,8.88881000e+00,1.00000000e+00,2.49999967e+07,-3.29904735e+00,-3.33614191e-01,-2.96543316e+00,1.00011416e-09
44,1.09963619e+00,3.48453681e-08,95,7,1,22,normal_corr_dominates,2.21189977e+01,1.00000000e+00,2.49999923e+07,-7.71282573e+00,-3.33614191e-01,-7.37921154e+00,1.00014490e-09
44,1.09963619e+00,3.48453681e-08,95,7,2,23,normal_corr_dominates,6.04549899e+00,1.00000000e+00,2.50000017e+07,1.68325006e+00,-3.33614191e-01,2.01686426e+00,1.00015112e-09
44,1.09963619e+00,3.48453681e-08,95,8,0,24,normal_corr_dominates,4.62642579e+00,1.00000000e+00,2.50000253e+07,2.53415257e+01,-6.98801718e+00,3.23295429e+01,1.00025174e-09
44,1.09963619e+00,3.48453681e-08,95,8,1,25,normal_corr_dominates,3.19717056e+00,1.00000000e+00,2.50000154e+07,1.53538656e+01,-6.98801718e+00,2.23418828e+01,1.00016770e-09
44,1.09963619e+00,3.48453681e-08,95,8,2,26,normal_corr_dominates,4.09909675e+00,1.00000000e+00,2.49999644e+07,-3.56325757e+01,-6.98801718e+00,-2.86445585e+01,1.00016550e-09
44,1.09963619e+00,3.48453681e-08,95,8,2,26,corr_ratio_high,5.79172884e-01,5.00000000e-01,2.49999644e+07,-3.56325757e+01,-6.98801718e+00,-2.86445585e+01,1.00016550e-09
44,1.09963619e+00,3.48453681e-08,95,9,0,27,normal_corr_dominates,5.46136558e+00,1.00000000e+00,2.50000253e+07,2.52761058e+01,-5.66555360e+00,3.09416594e+01,1.00015224e-09
44,1.09963619e+00,3.48453681e-08,95,9,0,27,corr_ratio_high,6.46003824e-01,5.00000000e-01,2.50000253e+07,2.52761058e+01,-5.66555360e+00,3.09416594e+01,1.00015224e-09
44,1.09963619e+00,3.48453681e-08,95,9,1,28,normal_corr_dominates,1.42640723e+00,1.00000000e+00,2.50000024e+07,2.41583299e+00,-5.66555360e+00,8.08138659e+00,1.00013624e-09
44,1.09963619e+00,3.48453681e-08,95,9,1,28,corr_ratio_high,6.15287972e-01,5.00000000e-01,2.50000024e+07,2.41583299e+00,-5.66555360e+00,8.08138659e+00,1.00013624e-09
44,1.09963619e+00,3.48453681e-08,95,9,2,29,normal_corr_dominates,6.59359968e+00,1.00000000e+00,2.49999570e+07,-4.30219460e+01,-5.66555360e+00,-3.73563924e+01,1.00031713e-09
44,1.09963619e+00,3.48453681e-08,95,9,2,29,corr_ratio_high,7.38489350e-01,5.00000000e-01,2.49999570e+07,-4.30219460e+01,-5.66555360e+00,-3.73563924e+01,1.00031713e-09
44,1.09963619e+00,3.48453681e-08,95,10,0,30,normal_corr_dominates,1.47919956e+00,1.00000000e+00,2.50000016e+07,1.56997470e+00,-3.27624404e+00,4.84621874e+00,1.00013031e-09
44,1.09963619e+00,3.48453681e-08,95,12,0,36,normal_corr_dominates,1.39840016e+00,1.00000000e+00,2.49999851e+07,-1.48919612e+01,-6.20912283e+00,-8.68283835e+00,1.00019489e-09
44,1.09963619e+00,3.48453681e-08,95,12,1,37,normal_corr_dominates,2.15336473e+00,1.00000000e+00,2.50000072e+07,7.16138329e+00,-6.20912283e+00,1.33705061e+01,1.00009472e-09
44,1.09963619e+00,3.48453681e-08,95,12,1,37,corr_ratio_high,9.66489128e-01,5.00000000e-01,2.50000072e+07,7.16138329e+00,-6.20912283e+00,1.33705061e+01,1.00009472e-09
44,1.09963619e+00,3.48453681e-08,95,12,2,38,normal_corr_dominates,2.57782149e+00,1.00000000e+00,2.49999778e+07,-2.22151331e+01,-6.20912283e+00,-1.60060103e+01,1.00026559e-09
44,1.09963619e+00,3.48453681e-08,95,12,2,38,corr_ratio_high,5.51257845e-01,5.00000000e-01,2.49999778e+07,-2.22151331e+01,-6.20912283e+00,-1.60060103e+01,1.00026559e-09
44,1.09963619e+00,3.48453681e-08,95,14,0,42,normal_corr_dominates,2.67252028e+01,1.00000000e+00,2.49999923e+07,-7.73960899e+00,3.00857064e-01,-8.04046605e+00,1.00018104e-09
44,1.09963619e+00,3.48453681e-08,95,14,1,43,normal_corr_dominates,6.30472142e+00,1.00000000e+00,2.49999984e+07,-1.59596291e+00,3.00857064e-01,-1.89681997e+00,1.00014996e-09
44,1.09963619e+00,3.48453681e-08,95,14,2,44,normal_corr_dominates,7.83651485e+00,1.00000000e+00,2.50000027e+07,2.65852791e+00,3.00857064e-01,2.35767085e+00,1.00014879e-09
44,1.09963619e+00,3.48453681e-08,95,15,1,46,normal_corr_dominates,5.19937903e+00,1.00000000e+00,2.49999753e+07,-2.47395553e+01,-3.99065055e+00,-2.07489048e+01,1.00019820e-09
44,1.09963619e+00,3.48453681e-08,95,15,2,47,normal_corr_dominates,2.41617808e+00,1.00000000e+00,2.50000057e+07,5.65147183e+00,-3.99065055e+00,9.64212237e+00,1.00013803e-09
44,1.09963619e+00,3.48453681e-08,95,18,0,54,normal_corr_dominates,1.15292673e+00,1.00000000e+00,2.49999934e+07,-6.59321276e+00,-3.06244177e+00,-3.53077098e+00,1.00013999e-09
44,1.09963619e+00,3.48453681e-08,95,18,2,56,normal_corr_dominates,1.09091874e+00,1.00000000e+00,2.49999936e+07,-6.40331691e+00,-3.06244177e+00,-3.34087513e+00,1.00016715e-09
44,1.09963619e+00,3.48453681e-08,95,21,0,63,normal_corr_dominates,1.45751614e+00,1.00000000e+00,2.50000050e+07,5.04886035e+00,-1.10353711e+01,1.60842315e+01,1.00012300e-09
44,1.09963619e+00,3.48453681e-08,95,21,0,63,corr_ratio_high,7.66019775e-01,5.00000000e-01,2.50000050e+07,5.04886035e+00,-1.10353711e+01,1.60842315e+01,1.00012300e-09
44,1.09963619e+00,3.48453681e-08,95,22,0,66,normal_corr_dominates,2.67926775e+00,1.00000000e+00,2.50000123e+07,1.22658908e+01,-7.30430916e+00,1.95702000e+01,1.00017295e-09
44,1.09963619e+00,3.48453681e-08,95,22,2,68,normal_corr_dominates,1.30306806e+00,1.00000000e+00,2.49999832e+07,-1.68223211e+01,-7.30430916e+00,-9.51801197e+00,1.00016970e-09
44,1.09963619e+00,3.48453681e-08,95,23,0,69,normal_corr_dominates,1.30064710e+00,1.00000000e+00,2.50000019e+07,1.85916283e+00,-6.18387091e+00,8.04303374e+00,1.00016672e-09
44,1.09963619e+00,3.48453681e-08,95,23,0,69,corr_ratio_high,8.10243480e-01,5.00000000e-01,2.50000019e+07,1.85916283e+00,-6.18387091e+00,8.04303374e+00,1.00016672e-09
44,1.09963619e+00,3.48453681e-08,95,23,1,70,normal_corr_dominates,1.12238891e+00,1.00000000e+00,2.49999869e+07,-1.31245790e+01,-6.18387091e+00,-6.94070813e+00,1.00019445e-09
44,1.09963619e+00,3.48453681e-08,95,23,1,70,corr_ratio_high,5.14528558e-01,5.00000000e-01,2.49999869e+07,-1.31245790e+01,-6.18387091e+00,-6.94070813e+00,1.00019445e-09
44,1.09963619e+00,3.48453681e-08,95,24,0,72,normal_corr_dominates,1.86112676e+00,1.00000000e+00,2.50000046e+07,4.64270637e+00,-5.39143201e+00,1.00341384e+01,1.00013392e-09
44,1.09963619e+00,3.48453681e-08,95,24,0,72,corr_ratio_high,6.21613473e-01,5.00000000e-01,2.50000046e+07,4.64270637e+00,-5.39143201e+00,1.00341384e+01,1.00013392e-09
44,1.09963619e+00,3.48453681e-08,95,24,2,74,normal_corr_dominates,1.20546446e+00,1.00000000e+00,2.49999881e+07,-1.18906117e+01,-5.39143201e+00,-6.49917968e+00,1.00016317e-09
44,1.09963619e+00,3.48453681e-08,95,26,0,78,normal_corr_dominates,1.25365577e+00,1.00000000e+00,2.50000002e+07,2.43684076e-01,-9.60688066e-01,1.20437214e+00,1.00011955e-09
44,1.09963619e+00,3.48453681e-08,95,27,2,83,normal_corr_dominates,1.44983518e+00,1.00000000e+00,2.49999696e+07,-3.03551287e+01,-1.23906820e+01,-1.79644467e+01,1.00019049e-09
44,1.09963619e+00,3.48453681e-08,95,28,0,84,normal_corr_dominates,1.30523469e+00,1.00000000e+00,2.49999926e+07,-7.41740686e+00,-3.21763631e+00,-4.19977055e+00,1.00018422e-09
44,1.09963619e+00,3.48453681e-08,95,28,1,85,normal_corr_dominates,1.62583869e+00,1.00000000e+00,2.50000020e+07,2.01372128e+00,-3.21763631e+00,5.23135760e+00,1.00015294e-09
44,1.09963619e+00,3.48453681e-08,95,29,0,87,normal_corr_dominates,9.44542701e+00,1.00000000e+00,2.49999965e+07,-3.48590135e+00,-3.33725117e-01,-3.15217624e+00,1.00017486e-09
44,1.09963619e+00,3.48453681e-08,95,29,1,88,normal_corr_dominates,2.57820977e+00,1.00000000e+00,2.50000005e+07,5.26688240e-01,-3.33725117e-01,8.60413357e-01,1.00015620e-09
44,1.09963619e+00,3.48453681e-08,95,29,2,89,normal_corr_dominates,1.01028197e+01,1.00000000e+00,2.50000030e+07,3.03783958e+00,-3.33725117e-01,3.37156470e+00,1.00014738e-09
44,1.09963619e+00,3.48453681e-08,95,30,0,90,normal_corr_dominates,1.68448618e+01,1.00000000e+00,2.49999900e+07,-9.96601549e+00,-5.58480955e-01,-9.40753453e+00,1.00014627e-09
44,1.09963619e+00,3.48453681e-08,95,30,2,92,normal_corr_dominates,6.84113018e+00,1.00000000e+00,2.50000033e+07,3.26215996e+00,-5.58480955e-01,3.82064092e+00,1.00014201e-09
44,1.09963619e+00,3.48453681e-08,95,32,1,97,normal_corr_dominates,2.97597685e+00,1.00000000e+00,2.49999848e+07,-1.52391300e+01,-3.83280148e+00,-1.14063285e+01,1.00014153e-09
44,1.09963619e+00,3.48453681e-08,95,32,2,98,normal_corr_dominates,1.79992470e+00,1.00000000e+00,2.50000031e+07,3.06595256e+00,-3.83280148e+00,6.89875404e+00,1.00014798e-09
44,1.09963619e+00,3.48453681e-08,95,35,1,106,normal_corr_dominates,7.58359427e+00,1.00000000e+00,2.49999777e+07,-2.23305738e+01,-2.60154116e+00,-1.97290326e+01,1.00019678e-09
44,1.09963619e+00,3.48453681e-08,95,35,2,107,normal_corr_dominates,2.49756547e+00,1.00000000e+00,2.50000039e+07,3.89597822e+00,-2.60154116e+00,6.49751938e+00,1.00014225e-09
44,1.09963619e+00,3.48453681e-08,95,13,0,39,normal_corr_dominates,2.43928708e+01,1.00000000e+00,2.50000046e+07,4.59001897e+00,1.80760143e-01,4.40925882e+00,1.00016453e-09
44,1.09963619e+00,3.48453681e-08,95,13,1,40,normal_corr_dominates,7.79502899e+01,1.00000000e+00,2.49999861e+07,-1.39095454e+01,1.80760143e-01,-1.40903056e+01,1.00020899e-09
44,1.09963619e+00,3.48453681e-08,95,13,2,41,normal_corr_dominates,3.28105840e+01,1.00000000e+00,2.50000061e+07,6.11160601e+00,1.80760143e-01,5.93084587e+00,1.00013748e-09
44,1.09963619e+00,3.48453681e-08,95,25,0,75,normal_corr_dominates,9.60835505e+00,1.00000000e+00,2.50000050e+07,4.97354127e+00,-5.77757451e-01,5.55129872e+00,1.00017634e-09
44,1.09963619e+00,3.48453681e-08,95,25,1,76,normal_corr_dominates,7.33862178e+00,1.00000000e+00,2.50000037e+07,3.66218596e+00,-5.77757451e-01,4.23994341e+00,1.00015168e-09
44,1.09963619e+00,3.48453681e-08,95,25,2,77,normal_corr_dominates,2.30789952e+01,1.00000000e+00,2.49999861e+07,-1.39118189e+01,-5.77757451e-01,-1.33340614e+01,1.00013613e-09
45,1.12415436e+00,3.56223022e-08,95,0,0,0,normal_corr_dominates,4.99830232e+00,1.00000000e+00,2.50000415e+07,4.15035507e+01,-1.03802933e+01,5.18838440e+01,1.00014637e-09
45,1.12415436e+00,3.56223022e-08,95,0,0,0,corr_ratio_high,7.24093873e-01,5.00000000e-01,2.50000415e+07,4.15035507e+01,-1.03802933e+01,5.18838440e+01,1.00014637e-09
45,1.12415436e+00,3.56223022e-08,95,0,1,1,normal_corr_dominates,2.18394837e+00,1.00000000e+00,2.49999669e+07,-3.30503178e+01,-1.03802933e+01,-2.26700245e+01,1.00029892e-09
45,1.12415436e+00,3.56223022e-08,95,0,2,2,corr_ratio_high,7.52235937e-01,5.00000000e-01,2.49999961e+07,-3.92549287e+00,-1.03802933e+01,6.45480040e+00,1.00018482e-09
45,1.12415436e+00,3.56223022e-08,95,1,0,3,normal_corr_dominates,6.54041979e+00,1.00000000e+00,2.49999781e+07,-2.19063647e+01,-2.90519166e+00,-1.90011730e+01,1.00015769e-09
45,1.12415436e+00,3.56223022e-08,95,1,1,4,normal_corr_dominates,9.20565444e+00,1.00000000e+00,2.50000238e+07,2.38389988e+01,-2.90519166e+00,2.67441905e+01,1.00025004e-09
45,1.12415436e+00,3.56223022e-08,95,1,2,5,normal_corr_dominates,9.15523741e+00,1.00000000e+00,2.49999705e+07,-2.95029110e+01,-2.90519166e+00,-2.65977193e+01,1.00016560e-09
45,1.12415436e+00,3.56223022e-08,95,1,2,5,corr_ratio_high,5.47772267e-01,5.00000000e-01,2.49999705e+07,-2.95029110e+01,-2.90519166e+00,-2.65977193e+01,1.00016560e-09
45,1.12415436e+00,3.56223022e-08,95,2,0,6,normal_corr_dominates,4.31253287e+01,1.00000000e+00,2.49999782e+07,-2.18199452e+01,-4.94499325e-01,-2.13254459e+01,1.00018440e-09
45,1.12415436e+00,3.56223022e-08,95,2,1,7,normal_corr_dominates,5.45963867e+01,1.00000000e+00,2.49999725e+07,-2.74923757e+01,-4.94499325e-01,-2.69978764e+01,1.00019374e-09
45,1.12415436e+00,3.56223022e-08,95,2,2,8,normal_corr_dominates,4.01278972e+01,1.00000000e+00,2.50000193e+07,1.93487188e+01,-4.94499325e-01,1.98432181e+01,1.00014091e-09
45,1.12415436e+00,3.56223022e-08,95,3,0,9,normal_corr_dominates,8.63304755e+00,1.00000000e+00,2.49999814e+07,-1.86354072e+01,-1.93452872e+00,-1.67008784e+01,1.00021045e-09
45,1.12415436e+00,3.56223022e-08,95,3,1,10,normal_corr_dominates,6.98745054e+00,1.00000000e+00,2.50000116e+07,1.15828950e+01,-1.93452872e+00,1.35174238e+01,1.00013048e-09
45,1.12415436e+00,3.56223022e-08,95,3,1,10,corr_ratio_high,5.91413058e-01,5.00000000e-01,2.50000116e+07,1.15828950e+01,-1.93452872e+00,1.35174238e+01,1.00013048e-09
45,1.12415436e+00,3.56223022e-08,95,3,2,11,normal_corr_dominates,2.18320212e+00,1.00000000e+00,2.50000023e+07,2.28893849e+00,-1.93452872e+00,4.22346721e+00,1.00017013e-09
45,1.12415436e+00,3.56223022e-08,95,3,2,11,corr_ratio_high,6.14157223e-01,5.00000000e-01,2.50000023e+07,2.28893849e+00,-1.93452872e+00,4.22346721e+00,1.00017013e-09
45,1.12415436e+00,3.56223022e-08,95,4,1,13,normal_corr_dominates,2.10973286e+00,1.00000000e+00,2.50000109e+07,1.08533898e+01,-9.78018247e+00,2.06335723e+01,1.00015525e-09
45,1.12415436e+00,3.56223022e-08,95,4,1,13,corr_ratio_high,5.01024885e-01,5.00000000e-01,2.50000109e+07,1.08533898e+01,-9.78018247e+00,2.06335723e+01,1.00015525e-09
45,1.12415436e+00,3.56223022e-08,95,5,0,15,normal_corr_dominates,8.44121189e+00,1.00000000e+00,2.49999800e+07,-2.00278560e+01,-2.12132259e+00,-1.79065335e+01,1.00029332e-09
45,1.12415436e+00,3.56223022e-08,95,5,1,16,normal_corr_dominates,4.86320181e+00,1.00000000e+00,2.50000082e+07,8.19509726e+00,-2.12132259e+00,1.03164199e+01,1.00017303e-09
45,1.12415436e+00,3.56223022e-08,95,5,1,16,corr_ratio_high,6.66958601e-01,5.00000000e-01,2.50000082e+07,8.19509726e+00,-2.12132259e+00,1.03164199e+01,1.00017303e-09
45,1.12415436e+00,3.56223022e-08,95,5,2,17,normal_corr_dominates,8.45950592e+00,1.00000000e+00,2.49999799e+07,-2.00666636e+01,-2.12132259e+00,-1.79453410e+01,1.00023702e-09
45,1.12415436e+00,3.56223022e-08,95,7,0,21,normal_corr_dominates,8.92655395e+00,1.00000000e+00,2.49999966e+07,-3.36260779e+00,-3.38748755e-01,-3.02385903e+00,1.00011653e-09
45,1.12415436e+00,3.56223022e-08,95,7,1,22,normal_corr_dominates,2.22388459e+01,1.00000000e+00,2.49999921e+07,-7.87213012e+00,-3.38748755e-01,-7.53338137e+00,1.00014790e-09
45,1.12415436e+00,3.56223022e-08,95,7,2,23,normal_corr_dominates,6.07900894e+00,1.00000000e+00,2.50000017e+07,1.72050795e+00,-3.38748755e-01,2.05925671e+00,1.00015424e-09
45,1.12415436e+00,3.56223022e-08,95,8,0,24,normal_corr_dominates,4.63040051e+00,1.00000000e+00,2.50000259e+07,2.58790325e+01,-7.12842357e+00,3.30074561e+01,1.00025691e-09
45,1.12415436e+00,3.56223022e-08,95,8,1,25,normal_corr_dominates,3.19870839e+00,1.00000000e+00,2.50000157e+07,1.56733247e+01,-7.12842357e+00,2.28017483e+01,1.00017117e-09
45,1.12415436e+00,3.56223022e-08,95,8,2,26,normal_corr_dominates,4.10254073e+00,1.00000000e+00,2.49999636e+07,-3.63730716e+01,-7.12842357e+00,-2.92446480e+01,1.00016893e-09
45,1.12415436e+00,3.56223022e-08,95,8,2,26,corr_ratio_high,5.79096865e-01,5.00000000e-01,2.49999636e+07,-3.63730716e+01,-7.12842357e+00,-2.92446480e+01,1.00016893e-09
45,1.12415436e+00,3.56223022e-08,95,9,0,27,normal_corr_dominates,5.46515794e+00,1.00000000e+00,2.50000258e+07,2.58030627e+01,-5.77875701e+00,3.15818197e+01,1.00015539e-09
45,1.12415436e+00,3.56223022e-08,95,9,0,27,corr_ratio_high,6.46012046e-01,5.00000000e-01,2.50000258e+07,2.58030627e+01,-5.77875701e+00,3.15818197e+01,1.00015539e-09
45,1.12415436e+00,3.56223022e-08,95,9,1,28,normal_corr_dominates,1.42711423e+00,1.00000000e+00,2.50000025e+07,2.46818937e+00,-5.77875701e+00,8.24694638e+00,1.00013907e-09
45,1.12415436e+00,3.56223022e-08,95,9,1,28,corr_ratio_high,6.15198505e-01,5.00000000e-01,2.50000025e+07,2.46818937e+00,-5.77875701e+00,8.24694638e+00,1.00013907e-09
45,1.12415436e+00,3.56223022e-08,95,9,2,29,normal_corr_dominates,6.59751572e+00,1.00000000e+00,2.49999561e+07,-4.39041972e+01,-5.77875701e+00,-3.81254402e+01,1.00032364e-09
45,1.12415436e+00,3.56223022e-08,95,9,2,29,corr_ratio_high,7.38520084e-01,5.00000000e-01,2.49999561e+07,-4.39041972e+01,-5.77875701e+00,-3.81254402e+01,1.00032364e-09
45,1.12415436e+00,3.56223022e-08,95,10,0,30,normal_corr_dominates,1.47979982e+00,1.00000000e+00,2.50000016e+07,1.60334693e+00,-3.34169970e+00,4.94504663e+00,1.00013301e-09
45,1.12415436e+00,3.56223022e-08,95,12,0,36,normal_corr_dominates,1.39894631e+00,1.00000000e+00,2.49999848e+07,-1.51950970e+01,-6.33407128e+00,-8.86102567e+00,1.00019891e-09
45,1.12415436e+00,3.56223022e-08,95,12,1,37,normal_corr_dominates,2.15395303e+00,1.00000000e+00,2.50000073e+07,7.30922077e+00,-6.33407128e+00,1.36432921e+01,1.00009671e-09
45,1.12415436e+00,3.56223022e-08,95,12,1,37,corr_ratio_high,9.66369402e-01,5.00000000e-01,2.50000073e+07,7.30922077e+00,-6.33407128e+00,1.36432921e+01,1.00009671e-09
45,1.12415436e+00,3.56223022e-08,95,12,2,38,normal_corr_dominates,2.57862725e+00,1.00000000e+00,2.49999773e+07,-2.26672801e+01,-6.33407128e+00,-1.63332088e+01,1.00027105e-09
45,1.12415436e+00,3.56223022e-08,95,12,2,38,corr_ratio_high,5.51279207e-01,5.00000000e-01,2.49999773e+07,-2.26672801e+01,-6.33407128e+00,-1.63332088e+01,1.00027105e-09
45,1.12415436e+00,3.56223022e-08,95,14,0,42,normal_corr_dominates,2.65784614e+01,1.00000000e+00,2.49999921e+07,-7.89986475e+00,3.08848317e-01,-8.20871307e+00,1.00018478e-09
45,1.12415436e+00,3.56223022e-08,95,14,1,43,normal_corr_dominates,6.26658702e+00,1.00000000e+00,2.49999984e+07,-1.62657654e+00,3.08848317e-01,-1.93542486e+00,1.00015306e-09
45,1.12415436e+00,3.56223022e-08,95,14,2,44,normal_corr_dominates,7.79314716e+00,1.00000000e+00,2.50000027e+07,2.71574870e+00,3.08848317e-01,2.40690039e+00,1.00015186e-09
45,1.12415436e+00,3.56223022e-08,95,15,1,46,normal_corr_dominates,5.20042651e+00,1.00000000e+00,2.49999748e+07,-2.52493895e+01,-4.07220205e+00,-2.11771875e+01,1.00020229e-09
45,1.12415436e+00,3.56223022e-08,95,15,2,47,normal_corr_dominates,2.41643961e+00,1.00000000e+00,2.50000058e+07,5.76802826e+00,-4.07220205e+00,9.84023031e+00,1.00014088e-09
45,1.12415436e+00,3.56223022e-08,95,18,0,54,normal_corr_dominates,1.15317902e+00,1.00000000e+00,2.49999933e+07,-6.72700129e+00,-3.12421830e+00,-3.60278299e+00,1.00014288e-09
45,1.12415436e+00,3.56223022e-08,95,18,2,56,normal_corr_dominates,1.09197067e+00,1.00000000e+00,2.49999935e+07,-6.53577305e+00,-3.12421830e+00,-3.41155475e+00,1.00017060e-09
45,1.12415436e+00,3.56223022e-08,95,21,0,63,normal_corr_dominates,1.45828784e+00,1.00000000e+00,2.50000052e+07,5.16092705e+00,-1.12613222e+01,1.64222492e+01,1.00012554e-09
45,1.12415436e+00,3.56223022e-08,95,21,0,63,corr_ratio_high,7.65993668e-01,5.00000000e-01,2.50000052e+07,5.16092705e+00,-1.12613222e+01,1.64222492e+01,1.00012554e-09
45,1.12415436e+00,3.56223022e-08,95,22,0,66,normal_corr_dominates,2.68021855e+00,1.00000000e+00,2.50000125e+07,1.25213978e+01,-7.45224355e+00,1.99736414e+01,1.00017652e-09
45,1.12415436e+00,3.56223022e-08,95,22,2,68,normal_corr_dominates,1.30380914e+00,1.00000000e+00,2.49999828e+07,-1.71685468e+01,-7.45224355e+00,-9.71630323e+00,1.00017320e-09
45,1.12415436e+00,3.56223022e-08,95,23,0,69,normal_corr_dominates,1.30291834e+00,1.00000000e+00,2.50000019e+07,1.91011408e+00,-6.30570620e+00,8.21582028e+00,1.00017014e-09
45,1.12415436e+00,3.56223022e-08,95,23,0,69,corr_ratio_high,8.10320196e-01,5.00000000e-01,2.50000019e+07,1.91011408e+00,-6.30570620e+00,8.21582028e+00,1.00017014e-09
45,1.12415436e+00,3.56223022e-08,95,23,1,70,normal_corr_dominates,1.12521918e+00,1.00000000e+00,2.49999866e+07,-1.34010078e+01,-6.30570620e+00,-7.09530155e+00,1.00019849e-09
45,1.12415436e+00,3.56223022e-08,95,23,1,70,corr_ratio_high,5.14469893e-01,5.00000000e-01,2.49999866e+07,-1.34010078e+01,-6.30570620e+00,-7.09530155e+00,1.00019849e-09
45,1.12415436e+00,3.56223022e-08,95,24,0,72,normal_corr_dominates,1.86256574e+00,1.00000000e+00,2.50000047e+07,4.74499626e+00,-5.50102565e+00,1.02460219e+01,1.00013668e-09
45,1.12415436e+00,3.56223022e-08,95,24,0,72,corr_ratio_high,6.21621423e-01,5.00000000e-01,2.50000047e+07,4.74499626e+00,-5.50102565e+00,1.02460219e+01,1.00013668e-09
45,1.12415436e+00,3.56223022e-08,95,24,2,74,normal_corr_dominates,1.20577543e+00,1.00000000e+00,2.49999879e+07,-1.21340272e+01,-5.50102565e+00,-6.63300157e+00,1.00016655e-09
45,1.12415436e+00,3.56223022e-08,95,26,0,78,normal_corr_dominates,1.25400581e+00,1.00000000e+00,2.50000002e+07,2.48725035e-01,-9.79210020e-01,1.22793505e+00,1.00012202e-09
45,1.12415436e+00,3.56223022e-08,95,27,2,83,normal_corr_dominates,1.45019222e+00,1.00000000e+00,2.49999690e+07,-3.09813117e+01,-1.26444413e+01,-1.83368704e+01,1.00019443e-09
45,1.12415436e+00,3.56223022e-08,95,28,0,84,normal_corr_dominates,1.30536574e+00,1.00000000e+00,2.49999924e+07,-7.56717891e+00,-3.28242013e+00,-4.28475877e+00,1.00018802e-09
45,1.12415436e+00,3.56223022e-08,95,28,1,85,normal_corr_dominates,1.62742948e+00,1.00000000e+00,2.50000021e+07,2.05948717e+00,-3.28242013e+00,5.34190730e+00,1.00015610e-09
45,1.12415436e+00,3.56223022e-08,95,29,0,87,normal_corr_dominates,9.50495394e+00,1.00000000e+00,2.49999964e+07,-3.55783077e+00,-3.38681234e-01,-3.21914954e+00,1.00017847e-09
45,1.12415436e+00,3.56223022e-08,95,29,1,88,normal_corr_dominates,2.59428623e+00,1.00000000e+00,2.50000005e+07,5.39954827e-01,-3.38681234e-01,8.78636062e-01,1.00015943e-09
45,1.12415436e+00,3.56223022e-08,95,29,2,89,normal_corr_dominates,1.01609134e+01,1.00000000e+00,2.50000031e+07,3.10262945e+00,-3.38681234e-01,3.44131068e+00,1.00015043e-09
45,1.12415436e+00,3.56223022e-08,95,30,0,90,normal_corr_dominates,1.69132180e+01,1.00000000e+00,2.49999898e+07,-1.01706713e+01,-5.67774660e-01,-9.60289662e+00,1.00014929e-09
45,1.12415436e+00,3.56223022e-08,95,30,2,92,normal_corr_dominates,6.86866704e+00,1.00000000e+00,2.50000033e+07,3.33208044e+00,-5.67774660e-01,3.89985510e+00,1.00014494e-09
45,1.12415436e+00,3.56223022e-08,95,32,1,97,normal_corr_dominates,2.97815109e+00,1.00000000e+00,2.49999844e+07,-1.55532580e+01,-3.90966999e+00,-1.16435880e+01,1.00014446e-09
45,1.12415436e+00,3.56223022e-08,95,32,2,98,normal_corr_dominates,1.80169177e+00,1.00000000e+00,2.50000031e+07,3.13435026e+00,-3.90966999e+00,7.04402025e+00,1.00015104e-09
45,1.12415436e+00,3.56223022e-08,95,35,1,106,normal_corr_dominates,7.58882153e+00,1.00000000e+00,2.49999772e+07,-2.27943986e+01,-2.65396114e+00,-2.01404374e+01,1.00020084e-09
45,1.12415436e+00,3.56223022e-08,95,35,2,107,normal_corr_dominates,2.49938509e+00,1.00000000e+00,2.50000040e+07,3.97930978e+00,-2.65396114e+00,6.63327092e+00,1.00014519e-09
45,1.12415436e+00,3.56223022e-08,95,13,0,39,normal_corr_dominates,2.41599185e+01,1.00000000e+00,2.50000047e+07,4.68421410e+00,1.86177634e-01,4.49803646e+00,1.00016792e-09
45,1.12415436e+00,3.56223022e-08,95,13,1,40,normal_corr_dominates,7.72383151e+01,1.00000000e+00,2.49999858e+07,-1.41938691e+01,1.86177634e-01,-1.43800468e+01,1.00021329e-09
45,1.12415436e+00,3.56223022e-08,95,13,2,41,normal_corr_dominates,3.25305207e+01,1.00000000e+00,2.50000062e+07,6.24263302e+00,1.86177634e-01,6.05645539e+00,1.00014032e-09
45,1.12415436e+00,3.56223022e-08,95,25,0,75,normal_corr_dominates,9.63980023e+00,1.00000000e+00,2.50000051e+07,5.07686685e+00,-5.87613917e-01,5.66448077e+00,1.00017997e-09
45,1.12415436e+00,3.56223022e-08,95,25,1,76,normal_corr_dominates,7.36914357e+00,1.00000000e+00,2.50000037e+07,3.74259740e+00,-5.87613917e-01,4.33021132e+00,1.00015481e-09
45,1.12415436e+00,3.56223022e-08,95,25,2,77,normal_corr_dominates,2.31660163e+01,1.00000000e+00,2.49999858e+07,-1.42002875e+01,-5.87613917e-01,-1.36126736e+01,1.00013895e-09
46,1.14779430e+00,3.63714066e-08,95,0,0,0,normal_corr_dominates,4.99998599e+00,1.00000000e+00,2.50000423e+07,4.23106425e+01,-1.05776977e+01,5.28883402e+01,1.00014924e-09
46,1.14779430e+00,3.63714066e-08,95,0,0,0,corr_ratio_high,7.24057349e-01,5.00000000e-01,2.50000423e+07,4.23106425e+01,-1.05776977e+01,5.28883402e+01,1.00014924e-09
46,1.14779430e+00,3.63714066e-08,95,0,1,1,normal_corr_dominates,2.18505817e+00,1.00000000e+00,2.49999663e+07,-3.36905824e+01,-1.05776977e+01,-2.31128847e+01,1.00030471e-09
46,1.14779430e+00,3.63714066e-08,95,0,2,2,corr_ratio_high,7.52242434e-01,5.00000000e-01,2.49999960e+07,-3.98724155e+00,-1.05776977e+01,6.59045612e+00,1.00018840e-09
46,1.14779430e+00,3.63714066e-08,95,1,0,3,normal_corr_dominates,6.54636957e+00,1.00000000e+00,2.49999777e+07,-2.23327685e+01,-2.95940562e+00,-1.93733629e+01,1.00016078e-09
46,1.14779430e+00,3.63714066e-08,95,1,1,4,normal_corr_dominates,9.21594171e+00,1.00000000e+00,2.50000243e+07,2.43143041e+01,-2.95940562e+00,2.72737097e+01,1.00025488e-09
46,1.14779430e+00,3.63714066e-08,95,1,2,5,normal_corr_dominates,9.16502756e+00,1.00000000e+00,2.49999699e+07,-3.00824397e+01,-2.95940562e+00,-2.71230340e+01,1.00016883e-09
46,1.14779430e+00,3.63714066e-08,95,1,2,5,corr_ratio_high,5.47767146e-01,5.00000000e-01,2.49999699e+07,-3.00824397e+01,-2.95940562e+00,-2.71230340e+01,1.00016883e-09
46,1.14779430e+00,3.63714066e-08,95,2,0,6,normal_corr_dominates,4.32256107e+01,1.00000000e+00,2.49999778e+07,-2.22448953e+01,-5.02986730e-01,-2.17419086e+01,1.00018800e-09
46,1.14779430e+00,3.63714066e-08,95,2,1,7,normal_corr_dominates,5.47301021e+01,1.00000000e+00,2.49999720e+07,-2.80315018e+01,-5.02986730e-01,-2.75285151e+01,1.00019751e-09
46,1.14779430e+00,3.63714066e-08,95,2,2,8,normal_corr_dominates,4.02221964e+01,1.00000000e+00,2.50000197e+07,1.97282443e+01,-5.02986730e-01,2.02312310e+01,1.00014366e-09
46,1.14779430e+00,3.63714066e-08,95,3,0,9,normal_corr_dominates,8.64420192e+00,1.00000000e+00,2.49999810e+07,-1.89944046e+01,-1.96951544e+00,-1.70248891e+01,1.00021454e-09
46,1.14779430e+00,3.63714066e-08,95,3,1,10,normal_corr_dominates,6.99955600e+00,1.00000000e+00,2.50000118e+07,1.18162182e+01,-1.96951544e+00,1.37857336e+01,1.00013302e-09
46,1.14779430e+00,3.63714066e-08,95,3,1,10,corr_ratio_high,5.91344013e-01,5.00000000e-01,2.50000118e+07,1.18162182e+01,-1.96951544e+00,1.37857336e+01,1.00013302e-09
46,1.14779430e+00,3.63714066e-08,95,3,2,11,normal_corr_dominates,2.18489013e+00,1.00000000e+00,2.50000023e+07,2.33365941e+00,-1.96951544e+00,4.30317484e+00,1.00017346e-09
46,1.14779430e+00,3.63714066e-08,95,3,2,11,corr_ratio_high,6.14152347e-01,5.00000000e-01,2.50000023e+07,2.33365941e+00,-1.96951544e+00,4.30317484e+00,1.00017346e-09
46,1.14779430e+00,3.63714066e-08,95,4,1,13,normal_corr_dominates,2.11017152e+00,1.00000000e+00,2.50000111e+07,1.10631409e+01,-9.96525371e+00,2.10283946e+01,1.00015829e-09
46,1.14779430e+00,3.63714066e-08,95,4,1,13,corr_ratio_high,5.00833594e-01,5.00000000e-01,2.50000111e+07,1.10631409e+01,-9.96525371e+00,2.10283946e+01,1.00015829e-09
46,1.14779430e+00,3.63714066e-08,95,5,0,15,normal_corr_dominates,8.45617805e+00,1.00000000e+00,2.49999796e+07,-2.04170402e+01,-2.15912180e+00,-1.82579184e+01,1.00029901e-09
46,1.14779430e+00,3.63714066e-08,95,5,1,16,normal_corr_dominates,4.87406175e+00,1.00000000e+00,2.50000084e+07,8.36457120e+00,-2.15912180e+00,1.05236930e+01,1.00017640e-09
46,1.14779430e+00,3.63714066e-08,95,5,1,16,corr_ratio_high,6.66918887e-01,5.00000000e-01,2.50000084e+07,8.36457120e+00,-2.15912180e+00,1.05236930e+01,1.00017640e-09
46,1.14779430e+00,3.63714066e-08,95,5,2,17,normal_corr_dominates,8.47403039e+00,1.00000000e+00,2.49999795e+07,-2.04555856e+01,-2.15912180e+00,-1.82964638e+01,1.00024162e-09
46,1.14779430e+00,3.63714066e-08,95,7,0,21,normal_corr_dominates,8.96226802e+00,1.00000000e+00,2.49999966e+07,-3.42368729e+00,-3.43665447e-01,-3.08002184e+00,1.00011880e-09
46,1.14779430e+00,3.63714066e-08,95,7,1,22,normal_corr_dominates,2.23524153e+01,1.00000000e+00,2.49999920e+07,-8.02541825e+00,-3.43665447e-01,-7.68175281e+00,1.00015078e-09
46,1.14779430e+00,3.63714066e-08,95,7,2,23,normal_corr_dominates,6.11074189e+00,1.00000000e+00,2.50000018e+07,1.75638540e+00,-3.43665447e-01,2.10005084e+00,1.00015724e-09
46,1.14779430e+00,3.63714066e-08,95,8,0,24,normal_corr_dominates,4.63414641e+00,1.00000000e+00,2.50000264e+07,2.63964812e+01,-7.26346111e+00,3.36599423e+01,1.00026189e-09
46,1.14779430e+00,3.63714066e-08,95,8,1,25,normal_corr_dominates,3.20015552e+00,1.00000000e+00,2.50000160e+07,1.59807441e+01,-7.26346111e+00,2.32442052e+01,1.00017450e-09
46,1.14779430e+00,3.63714066e-08,95,8,2,26,normal_corr_dominates,4.10578739e+00,1.00000000e+00,2.49999629e+07,-3.70856882e+01,-7.26346111e+00,-2.98222271e+01,1.00017223e-09
46,1.14779430e+00,3.63714066e-08,95,8,2,26,corr_ratio_high,5.79024296e-01,5.00000000e-01,2.49999629e+07,-3.70856882e+01,-7.26346111e+00,-2.98222271e+01,1.00017223e-09
46,1.14779430e+00,3.63714066e-08,95,9,0,27,normal_corr_dominates,5.46872822e+00,1.00000000e+00,2.50000263e+07,2.63101978e+01,-5.88762540e+00,3.21978232e+01,1.00015843e-09
46,1.14779430e+00,3.63714066e-08,95,9,0,27,corr_ratio_high,6.46019551e-01,5.00000000e-01,2.50000263e+07,2.63101978e+01,-5.88762540e+00,3.21978232e+01,1.00015843e-09
46,1.14779430e+00,3.63714066e-08,95,9,1,28,normal_corr_dominates,1.42778314e+00,1.00000000e+00,2.50000025e+07,2.51862688e+00,-5.88762540e+00,8.40625227e+00,1.00014179e-09
46,1.14779430e+00,3.63714066e-08,95,9,1,28,corr_ratio_high,6.15114000e-01,5.00000000e-01,2.50000025e+07,2.51862688e+00,-5.88762540e+00,8.40625227e+00,1.00014179e-09
46,1.14779430e+00,3.63714066e-08,95,9,2,29,normal_corr_dominates,6.60120425e+00,1.00000000e+00,2.49999552e+07,-4.47530432e+01,-5.88762540e+00,-3.88654178e+01,1.00032990e-09
46,1.14779430e+00,3.63714066e-08,95,9,2,29,corr_ratio_high,7.38548983e-01,5.00000000e-01,2.49999552e+07,-4.47530432e+01,-5.88762540e+00,-3.88654178e+01,1.00032990e-09
46,1.14779430e+00,3.63714066e-08,95,10,0,30,normal_corr_dominates,1.48036466e+00,1.00000000e+00,2.50000016e+07,1.63547507e+00,-3.40465318e+00,5.04012824e+00,1.00013561e-09
46,1.14779430e+00,3.63714066e-08,95,12,0,36,normal_corr_dominates,1.39945713e+00,1.00000000e+00,2.49999845e+07,-1.54867090e+01,-6.45425536e+00,-9.03245366e+00,1.00020278e-09
46,1.14779430e+00,3.63714066e-08,95,12,1,37,normal_corr_dominates,2.15450719e+00,1.00000000e+00,2.50000075e+07,7.45148420e+00,-6.45425536e+00,1.39057396e+01,1.00009862e-09
46,1.14779430e+00,3.63714066e-08,95,12,1,37,corr_ratio_high,9.66256275e-01,5.00000000e-01,2.50000075e+07,7.45148420e+00,-6.45425536e+00,1.39057396e+01,1.00009862e-09
46,1.14779430e+00,3.63714066e-08,95,12,2,38,normal_corr_dominates,2.57938428e+00,1.00000000e+00,2.49999769e+07,-2.31022602e+01,-6.45425536e+00,-1.66480048e+01,1.00027629e-09
46,1.14779430e+00,3.63714066e-08,95,12,2,38,corr_ratio_high,5.51299306e-01,5.00000000e-01,2.49999769e+07,-2.31022602e+01,-6.45425536e+00,-1.66480048e+01,1.00027629e-09
46,1.14779430e+00,3.63714066e-08,95,14,0,42,normal_corr_dominates,2.64429933e+01,1.00000000e+00,2.49999919e+07,-8.05411022e+00,3.16555136e-01,-8.37066536e+00,1.00018838e-09
46,1.14779430e+00,3.63714066e-08,95,14,1,43,normal_corr_dominates,6.23128738e+00,1.00000000e+00,2.49999983e+07,-1.65599089e+00,3.16555136e-01,-1.97254603e+00,1.00015604e-09
46,1.14779430e+00,3.63714066e-08,95,14,2,44,normal_corr_dominates,7.75308990e+00,1.00000000e+00,2.50000028e+07,2.77083557e+00,3.16555136e-01,2.45428043e+00,1.00015482e-09
46,1.14779430e+00,3.63714066e-08,95,15,1,46,normal_corr_dominates,5.20138740e+00,1.00000000e+00,2.49999743e+07,-2.57399401e+01,-4.15067443e+00,-2.15892657e+01,1.00020623e-09
46,1.14779430e+00,3.63714066e-08,95,15,2,47,normal_corr_dominates,2.41667415e+00,1.00000000e+00,2.50000059e+07,5.88015316e+00,-4.15067443e+00,1.00308276e+01,1.00014363e-09
46,1.14779430e+00,3.63714066e-08,95,18,0,54,normal_corr_dominates,1.15340773e+00,1.00000000e+00,2.49999931e+07,-6.85569253e+00,-3.18364815e+00,-3.67204439e+00,1.00014566e-09
46,1.14779430e+00,3.63714066e-08,95,18,2,56,normal_corr_dominates,1.09296392e+00,1.00000000e+00,2.49999933e+07,-6.66326070e+00,-3.18364815e+00,-3.47961255e+00,1.00017392e-09
46,1.14779430e+00,3.63714066e-08,95,21,0,63,normal_corr_dominates,1.45901415e+00,1.00000000e+00,2.50000053e+07,5.26889192e+00,-1.14787134e+01,1.67476053e+01,1.00012799e-09
46,1.14779430e+00,3.63714066e-08,95,21,0,63,corr_ratio_high,7.65968363e-01,5.00000000e-01,2.50000053e+07,5.26889192e+00,-1.14787134e+01,1.67476053e+01,1.00012799e-09
46,1.14779430e+00,3.63714066e-08,95,22,0,66,normal_corr_dominates,2.68110959e+00,1.00000000e+00,2.50000128e+07,1.27672748e+01,-7.59455232e+00,2.03618271e+01,1.00017996e-09
46,1.14779430e+00,3.63714066e-08,95,22,2,68,normal_corr_dominates,1.30450371e+00,1.00000000e+00,2.49999825e+07,-1.75016740e+01,-7.59455232e+00,-9.90712167e+00,1.00017658e-09
46,1.14779430e+00,3.63714066e-08,95,23,0,69,normal_corr_dominates,1.30506322e+00,1.00000000e+00,2.50000020e+07,1.95937466e+00,-6.42284787e+00,8.38222253e+00,1.00017342e-09
46,1.14779430e+00,3.63714066e-08,95,23,0,69,corr_ratio_high,8.10392101e-01,5.00000000e-01,2.50000020e+07,1.95937466e+00,-6.42284787e+00,8.38222253e+00,1.00017342e-09
46,1.14779430e+00,3.63714066e-08,95,23,1,70,normal_corr_dominates,1.12789071e+00,1.00000000e+00,2.49999863e+07,-1.36671183e+01,-6.42284787e+00,-7.24427047e+00,1.00020238e-09
46,1.14779430e+00,3.63714066e-08,95,23,1,70,corr_ratio_high,5.14414478e-01,5.00000000e-01,2.49999863e+07,-1.36671183e+01,-6.42284787e+00,-7.24427047e+00,1.00020238e-09
46,1.14779430e+00,3.63714066e-08,95,24,0,72,normal_corr_dominates,1.86391880e+00,1.00000000e+00,2.50000048e+07,4.84352760e+00,-5.60646163e+00,1.04499892e+01,1.00013934e-09
46,1.14779430e+00,3.63714066e-08,95,24,0,72,corr_ratio_high,6.21628433e-01,5.00000000e-01,2.50000048e+07,4.84352760e+00,-5.60646163e+00,1.04499892e+01,1.00013934e-09
46,1.14779430e+00,3.63714066e-08,95,24,2,74,normal_corr_dominates,1.20606199e+00,1.00000000e+00,2.49999876e+07,-1.23682019e+01,-5.60646163e+00,-6.76174026e+00,1.00016979e-09
46,1.14779430e+00,3.63714066e-08,95,26,0,78,normal_corr_dominates,1.25432203e+00,1.00000000e+00,2.50000003e+07,2.53564150e-01,-9.97020000e-01,1.25058415e+00,1.00012440e-09
46,1.14779430e+00,3.63714066e-08,95,27,2,83,normal_corr_dominates,1.45052684e+00,1.00000000e+00,2.49999684e+07,-3.15838247e+01,-1.28885855e+01,-1.86952392e+01,1.00019821e-09
46,1.14779430e+00,3.63714066e-08,95,28,0,84,normal_corr_dominates,1.30548516e+00,1.00000000e+00,2.49999923e+07,-7.71124348e+00,-3.34473785e+00,-4.36650563e+00,1.00019167e-09
46,1.14779430e+00,3.63714066e-08,95,28,1,85,normal_corr_dominates,1.62892814e+00,1.00000000e+00,2.50000021e+07,2.10359977e+00,-3.34473785e+00,5.44833762e+00,1.00015914e-09
46,1.14779430e+00,3.63714066e-08,95,29,0,87,normal_corr_dominates,9.56139359e+00,1.00000000e+00,2.49999964e+07,-3.62707449e+00,-3.43427641e-01,-3.28364684e+00,1.00018195e-09
46,1.14779430e+00,3.63714066e-08,95,29,1,88,normal_corr_dominates,2.60952609e+00,1.00000000e+00,2.50000006e+07,5.52755747e-01,-3.43427641e-01,8.96183388e-01,1.00016254e-09
46,1.14779430e+00,3.63714066e-08,95,29,2,89,normal_corr_dominates,1.02159013e+01,1.00000000e+00,2.50000032e+07,3.16499524e+00,-3.43427641e-01,3.50842288e+00,1.00015336e-09
46,1.14779430e+00,3.63714066e-08,95,30,0,90,normal_corr_dominates,1.69779153e+01,1.00000000e+00,2.49999896e+07,-1.03675730e+01,-5.76683826e-01,-9.79088914e+00,1.00015220e-09
46,1.14779430e+00,3.63714066e-08,95,30,2,92,normal_corr_dominates,6.89472205e+00,1.00000000e+00,2.50000034e+07,3.39939087e+00,-5.76683826e-01,3.97607470e+00,1.00014777e-09
46,1.14779430e+00,3.63714066e-08,95,32,1,97,normal_corr_dominates,2.98019059e+00,1.00000000e+00,2.49999841e+07,-1.58555115e+01,-3.98360608e+00,-1.18719054e+01,1.00014728e-09
46,1.14779430e+00,3.63714066e-08,95,32,2,98,normal_corr_dominates,1.80336195e+00,1.00000000e+00,2.50000032e+07,3.20027755e+00,-3.98360608e+00,7.18388364e+00,1.00015398e-09
46,1.14779430e+00,3.63714066e-08,95,35,1,106,normal_corr_dominates,7.59370606e+00,1.00000000e+00,2.49999768e+07,-2.32407738e+01,-2.70439478e+00,-2.05363790e+01,1.00020475e-09
46,1.14779430e+00,3.63714066e-08,95,35,2,107,normal_corr_dominates,2.50108842e+00,1.00000000e+00,2.50000041e+07,4.05953569e+00,-2.70439478e+00,6.76393047e+00,1.00014803e-09
46,1.14779430e+00,3.63714066e-08,95,13,0,39,normal_corr_dominates,2.39463617e+01,1.00000000e+00,2.50000048e+07,4.77481100e+00,1.91403101e-01,4.58340790e+00,1.00017119e-09
46,1.14779430e+00,3.63714066e-08,95,13,1,40,normal_corr_dominates,7.65861153e+01,1.00000000e+00,2.49999855e+07,-1.44674169e+01,1.91403101e-01,-1.46588200e+01,1.00021744e-09
46,1.14779430e+00,3.63714066e-08,95,13,2,41,normal_corr_dominates,3.22741800e+01,1.00000000e+00,2.50000064e+07,6.36878125e+00,1.91403101e-01,6.17737815e+00,1.00014306e-09
46,1.14779430e+00,3.63714066e-08,95,25,0,75,normal_corr_dominates,9.66942251e+00,1.00000000e+00,2.50000052e+07,5.17627540e+00,-5.97072688e-01,5.77334809e+00,1.00018347e-09
46,1.14779430e+00,3.63714066e-08,95,25,1,76,normal_corr_dominates,7.39795676e+00,1.00000000e+00,2.50000038e+07,3.82004524e+00,-5.97072688e-01,4.41711793e+00,1.00015783e-09
46,1.14779430e+00,3.63714066e-08,95,25,2,77,normal_corr_dominates,2.32481118e+01,1.00000000e+00,2.49999855e+07,-1.44778853e+01,-5.97072688e-01,-1.38808126e+01,1.00014166e-09
47,1.17023357e+00,3.70824640e-08,95,0,0,0,normal_corr_dominates,5.00154406e+00,1.00000000e+00,2.50000431e+07,4.30752381e+01,-1.07646542e+01,5.38398923e+01,1.00015197e-09
47,1.17023357e+00,3.70824640e-08,95,0,0,0,corr_ratio_high,7.24023253e-01,5.00000000e-01,2.50000431e+07,4.30752381e+01,-1.07646542e+01,5.38398923e+01,1.00015197e-09
47,1.17023357e+00,3.70824640e-08,95,0,1,1,normal_corr_dominates,2.18608603e+00,1.00000000e+00,2.49999657e+07,-3.42971143e+01,-1.07646542e+01,-2.35324601e+01,1.00031019e-09
47,1.17023357e+00,3.70824640e-08,95,0,2,2,corr_ratio_high,7.52247998e-01,5.00000000e-01,2.49999960e+07,-4.04551352e+00,-1.07646542e+01,6.71914068e+00,1.00019180e-09
47,1.17023357e+00,3.70824640e-08,95,1,0,3,normal_corr_dominates,6.55187354e+00,1.00000000e+00,2.49999773e+07,-2.27367406e+01,-3.01074171e+00,-1.97259989e+01,1.00016370e-09
47,1.17023357e+00,3.70824640e-08,95,1,1,4,normal_corr_dominates,9.22547162e+00,1.00000000e+00,2.50000248e+07,2.47647705e+01,-3.01074171e+00,2.77755122e+01,1.00025947e-09
47,1.17023357e+00,3.70824640e-08,95,1,2,5,normal_corr_dominates,9.17409966e+00,1.00000000e+00,2.49999694e+07,-3.06315862e+01,-3.01074171e+00,-2.76208445e+01,1.00017188e-09
47,1.17023357e+00,3.70824640e-08,95,1,2,5,corr_ratio_high,5.47761795e-01,5.00000000e-01,2.49999694e+07,-3.06315862e+01,-3.01074171e+00,-2.76208445e+01,1.00017188e-09
47,1.17023357e+00,3.70824640e-08,95,2,0,6,normal_corr_dominates,4.33180570e+01,1.00000000e+00,2.49999774e+07,-2.26474910e+01,-5.11021750e-01,-2.21364693e+01,1.00019141e-09
47,1.17023357e+00,3.70824640e-08,95,2,1,7,normal_corr_dominates,5.48535048e+01,1.00000000e+00,2.49999715e+07,-2.85423558e+01,-5.11021750e-01,-2.80313340e+01,1.00020108e-09
47,1.17023357e+00,3.70824640e-08,95,2,2,8,normal_corr_dominates,4.03091709e+01,1.00000000e+00,2.50000201e+07,2.00878413e+01,-5.11021750e-01,2.05988630e+01,1.00014626e-09
47,1.17023357e+00,3.70824640e-08,95,3,0,9,normal_corr_dominates,8.65455991e+00,1.00000000e+00,2.49999807e+07,-1.93344644e+01,-2.00262514e+00,-1.73318392e+01,1.00021841e-09
47,1.17023357e+00,3.70824640e-08,95,3,1,10,normal_corr_dominates,7.01080513e+00,1.00000000e+00,2.50000120e+07,1.20373895e+01,-2.00262514e+00,1.40400146e+01,1.00013543e-09
47,1.17023357e+00,3.70824640e-08,95,3,1,10,corr_ratio_high,5.91279148e-01,5.00000000e-01,2.50000120e+07,1.20373895e+01,-2.00262514e+00,1.40400146e+01,1.00013543e-09
47,1.17023357e+00,3.70824640e-08,95,3,2,11,normal_corr_dominates,2.18646357e+00,1.00000000e+00,2.50000024e+07,2.37604177e+00,-2.00262514e+00,4.37866691e+00,1.00017661e-09
47,1.17023357e+00,3.70824640e-08,95,3,2,11,corr_ratio_high,6.14147662e-01,5.00000000e-01,2.50000024e+07,2.37604177e+00,-2.00262514e+00,4.37866691e+00,1.00017661e-09
47,1.17023357e+00,3.70824640e-08,95,4,1,13,normal_corr_dominates,2.11057632e+00,1.00000000e+00,2.50000113e+07,1.12618105e+01,-1.01405102e+01,2.14023207e+01,1.00016118e-09
47,1.17023357e+00,3.70824640e-08,95,4,1,13,corr_ratio_high,5.00655346e-01,5.00000000e-01,2.50000113e+07,1.12618105e+01,-1.01405102e+01,2.14023207e+01,1.00016118e-09
47,1.17023357e+00,3.70824640e-08,95,5,0,15,normal_corr_dominates,8.47005008e+00,1.00000000e+00,2.49999792e+07,-2.07857479e+01,-2.19489313e+00,-1.85908547e+01,1.00030440e-09
47,1.17023357e+00,3.70824640e-08,95,5,1,16,normal_corr_dominates,4.88413846e+00,1.00000000e+00,2.50000085e+07,8.52526882e+00,-2.19489313e+00,1.07201620e+01,1.00017960e-09
47,1.17023357e+00,3.70824640e-08,95,5,1,16,corr_ratio_high,6.66881274e-01,5.00000000e-01,2.50000085e+07,8.52526882e+00,-2.19489313e+00,1.07201620e+01,1.00017960e-09
47,1.17023357e+00,3.70824640e-08,95,5,2,17,normal_corr_dominates,8.48749734e+00,1.00000000e+00,2.49999792e+07,-2.08240427e+01,-2.19489313e+00,-1.86291496e+01,1.00024598e-09
47,1.17023357e+00,3.70824640e-08,95,7,0,21,normal_corr_dominates,8.99557475e+00,1.00000000e+00,2.49999965e+07,-3.48148378e+00,-3.48302511e-01,-3.13318127e+00,1.00012096e-09
47,1.17023357e+00,3.70824640e-08,95,7,1,22,normal_corr_dominates,2.24584706e+01,1.00000000e+00,2.49999918e+07,-8.17064421e+00,-3.48302511e-01,-7.82234170e+00,1.00015351e-09
47,1.17023357e+00,3.70824640e-08,95,7,2,23,normal_corr_dominates,6.14035632e+00,1.00000000e+00,2.50000018e+07,1.79039901e+00,-3.48302511e-01,2.13870152e+00,1.00016008e-09
47,1.17023357e+00,3.70824640e-08,95,8,0,24,normal_corr_dominates,4.63762652e+00,1.00000000e+00,2.50000269e+07,2.68869280e+01,-7.39133823e+00,3.42782662e+01,1.00026661e-09
47,1.17023357e+00,3.70824640e-08,95,8,1,25,normal_corr_dominates,3.20149811e+00,1.00000000e+00,2.50000163e+07,1.62720171e+01,-7.39133823e+00,2.36633553e+01,1.00017765e-09
47,1.17023357e+00,3.70824640e-08,95,8,2,26,normal_corr_dominates,4.10880450e+00,1.00000000e+00,2.49999622e+07,-3.77609020e+01,-7.39133823e+00,-3.03695638e+01,1.00017536e-09
47,1.17023357e+00,3.70824640e-08,95,8,2,26,corr_ratio_high,5.78956061e-01,5.00000000e-01,2.49999622e+07,-3.77609020e+01,-7.39133823e+00,-3.03695638e+01,1.00017536e-09
47,1.17023357e+00,3.70824640e-08,95,9,0,27,normal_corr_dominates,5.47204184e+00,1.00000000e+00,2.50000268e+07,2.67907307e+01,-5.99071556e+00,3.27814462e+01,1.00016130e-09
47,1.17023357e+00,3.70824640e-08,95,9,0,27,corr_ratio_high,6.46026306e-01,5.00000000e-01,2.50000268e+07,2.67907307e+01,-5.99071556e+00,3.27814462e+01,1.00016130e-09
47,1.17023357e+00,3.70824640e-08,95,9,1,28,normal_corr_dominates,1.42840687e+00,1.00000000e+00,2.50000026e+07,2.56646371e+00,-5.99071556e+00,8.55717927e+00,1.00014437e-09
47,1.17023357e+00,3.70824640e-08,95,9,1,28,corr_ratio_high,6.15035330e-01,5.00000000e-01,2.50000026e+07,2.56646371e+00,-5.99071556e+00,8.55717927e+00,1.00014437e-09
47,1.17023357e+00,3.70824640e-08,95,9,2,29,normal_corr_dominates,6.60462923e+00,1.00000000e+00,2.49999544e+07,-4.55571707e+01,-5.99071556e+00,-3.95664551e+01,1.00033583e-09
47,1.17023357e+00,3.70824640e-08,95,9,2,29,corr_ratio_high,7.38575769e-01,5.00000000e-01,2.49999544e+07,-4.55571707e+01,-5.99071556e+00,-3.95664551e+01,1.00033583e-09
47,1.17023357e+00,3.70824640e-08,95,10,0,30,normal_corr_dominates,1.48088871e+00,1.00000000e+00,2.50000017e+07,1.66592798e+00,-3.46426929e+00,5.13019727e+00,1.00013807e-09
47,1.17023357e+00,3.70824640e-08,95,12,0,36,normal_corr_dominates,1.39992832e+00,1.00000000e+00,2.49999842e+07,-1.57629179e+01,-6.56807864e+00,-9.19483929e+00,1.00020644e-09
47,1.17023357e+00,3.70824640e-08,95,12,1,37,normal_corr_dominates,2.15502182e+00,1.00000000e+00,2.50000076e+07,7.58627416e+00,-6.56807864e+00,1.41543528e+01,1.00010043e-09
47,1.17023357e+00,3.70824640e-08,95,12,1,37,corr_ratio_high,9.66150923e-01,5.00000000e-01,2.50000076e+07,7.58627416e+00,-6.56807864e+00,1.41543528e+01,1.00010043e-09
47,1.17023357e+00,3.70824640e-08,95,12,2,38,normal_corr_dominates,2.58008559e+00,1.00000000e+00,2.49999765e+07,-2.35142837e+01,-6.56807864e+00,-1.69462051e+01,1.00028126e-09
47,1.17023357e+00,3.70824640e-08,95,12,2,38,corr_ratio_high,5.51317945e-01,5.00000000e-01,2.49999765e+07,-2.35142837e+01,-6.56807864e+00,-1.69462051e+01,1.00028126e-09
47,1.17023357e+00,3.70824640e-08,95,14,0,42,normal_corr_dominates,2.63195424e+01,1.00000000e+00,2.49999918e+07,-8.20028129e+00,3.23871623e-01,-8.52415291e+00,1.00019178e-09
47,1.17023357e+00,3.70824640e-08,95,14,1,43,normal_corr_dominates,6.19903556e+00,1.00000000e+00,2.49999983e+07,-1.68382008e+00,3.23871623e-01,-2.00769171e+00,1.00015886e-09
47,1.17023357e+00,3.70824640e-08,95,14,2,44,normal_corr_dominates,7.71656727e+00,1.00000000e+00,2.50000028e+07,2.82304879e+00,3.23871623e-01,2.49917716e+00,1.00015762e-09
47,1.17023357e+00,3.70824640e-08,95,15,1,46,normal_corr_dominates,5.20225713e+00,1.00000000e+00,2.49999738e+07,-2.62046652e+01,-4.22502078e+00,-2.19796444e+01,1.00020996e-09
47,1.17023357e+00,3.70824640e-08,95,15,2,47,normal_corr_dominates,2.41688161e+00,1.00000000e+00,2.50000060e+07,5.98635424e+00,-4.22502078e+00,1.02113750e+01,1.00014623e-09
47,1.17023357e+00,3.70824640e-08,95,18,0,54,normal_corr_dominates,1.15361231e+00,1.00000000e+00,2.49999930e+07,-6.97757605e+00,-3.23994064e+00,-3.73763541e+00,1.00014830e-09
47,1.17023357e+00,3.70824640e-08,95,18,2,56,normal_corr_dominates,1.09388832e+00,1.00000000e+00,2.49999932e+07,-6.78407386e+00,-3.23994064e+00,-3.54413322e+00,1.00017706e-09
47,1.17023357e+00,3.70824640e-08,95,21,0,63,normal_corr_dominates,1.45968805e+00,1.00000000e+00,2.50000054e+07,5.37129317e+00,-1.16846482e+01,1.70559414e+01,1.00013030e-09
47,1.17023357e+00,3.70824640e-08,95,21,0,63,corr_ratio_high,7.65944236e-01,5.00000000e-01,2.50000054e+07,5.37129317e+00,-1.16846482e+01,1.70559414e+01,1.00013030e-09
47,1.17023357e+00,3.70824640e-08,95,22,0,66,normal_corr_dominates,2.68193301e+00,1.00000000e+00,2.50000130e+07,1.30002369e+01,-7.72934287e+00,2.07295798e+01,1.00018321e-09
47,1.17023357e+00,3.70824640e-08,95,22,2,68,normal_corr_dominates,1.30514559e+00,1.00000000e+00,2.49999822e+07,-1.78172607e+01,-7.72934287e+00,-1.00879178e+01,1.00017978e-09
47,1.17023357e+00,3.70824640e-08,95,23,0,69,normal_corr_dominates,1.30705972e+00,1.00000000e+00,2.50000020e+07,2.00625064e+00,-6.53374747e+00,8.53999811e+00,1.00017653e-09
47,1.17023357e+00,3.70824640e-08,95,23,0,69,corr_ratio_high,8.10458550e-01,5.00000000e-01,2.50000020e+07,2.00625064e+00,-6.53374747e+00,8.53999811e+00,1.00017653e-09
47,1.17023357e+00,3.70824640e-08,95,23,1,70,normal_corr_dominates,1.13037631e+00,1.00000000e+00,2.49999861e+07,-1.39193408e+01,-6.53374747e+00,-7.38559335e+00,1.00020607e-09
47,1.17023357e+00,3.70824640e-08,95,23,1,70,corr_ratio_high,5.14362884e-01,5.00000000e-01,2.49999861e+07,-1.39193408e+01,-6.53374747e+00,-7.38559335e+00,1.00020607e-09
47,1.17023357e+00,3.70824640e-08,95,24,0,72,normal_corr_dominates,1.86517313e+00,1.00000000e+00,2.50000049e+07,4.93696870e+00,-5.70633615e+00,1.06433049e+01,1.00014186e-09
47,1.17023357e+00,3.70824640e-08,95,24,0,72,corr_ratio_high,6.21634515e-01,5.00000000e-01,2.50000049e+07,4.93696870e+00,-5.70633615e+00,1.06433049e+01,1.00014186e-09
47,1.17023357e+00,3.70824640e-08,95,24,2,74,normal_corr_dominates,1.20632252e+00,1.00000000e+00,2.49999874e+07,-1.25900180e+01,-5.70633615e+00,-6.88368183e+00,1.00017287e-09
47,1.17023357e+00,3.70824640e-08,95,26,0,78,normal_corr_dominates,1.25460403e+00,1.00000000e+00,2.50000003e+07,2.58138579e-01,-1.01388253e+00,1.27202111e+00,1.00012666e-09
47,1.17023357e+00,3.70824640e-08,95,27,2,83,normal_corr_dominates,1.45083605e+00,1.00000000e+00,2.49999678e+07,-3.21546303e+01,-1.31198618e+01,-1.90347685e+01,1.00020180e-09
47,1.17023357e+00,3.70824640e-08,95,28,0,84,normal_corr_dominates,1.30559257e+00,1.00000000e+00,2.49999922e+07,-7.84768636e+00,-3.40376113e+00,-4.44392523e+00,1.00019514e-09
47,1.17023357e+00,3.70824640e-08,95,28,1,85,normal_corr_dominates,1.63031996e+00,1.00000000e+00,2.50000021e+07,2.14545858e+00,-3.40376113e+00,5.54921971e+00,1.00016202e-09
47,1.17023357e+00,3.70824640e-08,95,29,0,87,normal_corr_dominates,9.61412367e+00,1.00000000e+00,2.49999963e+07,-3.69270438e+00,-3.47904782e-01,-3.34479960e+00,1.00018524e-09
47,1.17023357e+00,3.70824640e-08,95,29,1,88,normal_corr_dominates,2.62376166e+00,1.00000000e+00,2.50000006e+07,5.64914448e-01,-3.47904782e-01,9.12819230e-01,1.00016548e-09
47,1.17023357e+00,3.70824640e-08,95,29,2,89,normal_corr_dominates,1.02671932e+01,1.00000000e+00,2.50000032e+07,3.22410083e+00,-3.47904782e-01,3.57200561e+00,1.00015613e-09
47,1.17023357e+00,3.70824640e-08,95,30,0,90,normal_corr_dominates,1.70382634e+01,1.00000000e+00,2.49999894e+07,-1.05540967e+01,-5.85094943e-01,-9.96900175e+00,1.00015496e-09
47,1.17023357e+00,3.70824640e-08,95,30,2,92,normal_corr_dominates,6.91901854e+00,1.00000000e+00,2.50000035e+07,3.46318781e+00,-5.85094943e-01,4.04828276e+00,1.00015044e-09
47,1.17023357e+00,3.70824640e-08,95,32,1,97,normal_corr_dominates,2.98207699e+00,1.00000000e+00,2.49999839e+07,-1.61418587e+01,-4.05362799e+00,-1.20882307e+01,1.00014995e-09
47,1.17023357e+00,3.70824640e-08,95,32,2,98,normal_corr_dominates,1.80491785e+00,1.00000000e+00,2.50000033e+07,3.26283752e+00,-4.05362799e+00,7.31646551e+00,1.00015677e-09
47,1.17023357e+00,3.70824640e-08,95,35,1,106,normal_corr_dominates,7.59820711e+00,1.00000000e+00,2.49999763e+07,-2.36637322e+01,-2.75217053e+00,-2.09115617e+01,1.00020845e-09
47,1.17023357e+00,3.70824640e-08,95,35,2,107,normal_corr_dominates,2.50266068e+00,1.00000000e+00,2.50000041e+07,4.13557844e+00,-2.75217053e+00,6.88774897e+00,1.00015071e-09
47,1.17023357e+00,3.70824640e-08,95,13,0,39,normal_corr_dominates,2.37529833e+01,1.00000000e+00,2.50000049e+07,4.86060666e+00,1.96364478e-01,4.66424218e+00,1.00017428e-09
47,1.17023357e+00,3.70824640e-08,95,13,1,40,normal_corr_dominates,7.59959702e+01,1.00000000e+00,2.49999853e+07,-1.47265446e+01,1.96364478e-01,-1.49229090e+01,1.00022136e-09
47,1.17023357e+00,3.70824640e-08,95,13,2,41,normal_corr_dominates,3.20424107e+01,1.00000000e+00,2.50000065e+07,6.48835573e+00,1.96364478e-01,6.29199126e+00,1.00014565e-09
47,1.17023357e+00,3.70824640e-08,95,25,0,75,normal_corr_dominates,9.69693161e+00,1.00000000e+00,2.50000053e+07,5.27044237e+00,-6.06011706e-01,5.87645407e+00,1.00018679e-09
47,1.17023357e+00,3.70824640e-08,95,25,1,76,normal_corr_dominates,7.42476713e+00,1.00000000e+00,2.50000039e+07,3.89348409e+00,-6.06011706e-01,4.49949580e+00,1.00016068e-09
47,1.17023357e+00,3.70824640e-08,95,25,2,77,normal_corr_dominates,2.33244544e+01,1.00000000e+00,2.49999853e+07,-1.47409041e+01,-6.06011706e-01,-1.41348924e+01,1.00014424e-09
48,1.19249982e+00,3.77880392e-08,95,0,0,0,normal_corr_dominates,5.00305305e+00,1.00000000e+00,2.50000438e+07,4.38325159e+01,-1.09497714e+01,5.47822874e+01,1.00015467e-09
48,1.19249982e+00,3.77880392e-08,95,0,0,0,corr_ratio_high,7.23989955e-01,5.00000000e-01,2.50000438e+07,4.38325159e+01,-1.09497714e+01,5.47822874e+01,1.00015467e-09
48,1.19249982e+00,3.77880392e-08,95,0,1,1,normal_corr_dominates,2.18708223e+00,1.00000000e+00,2.49999651e+07,-3.48978219e+01,-1.09497714e+01,-2.39480505e+01,1.00031562e-09
48,1.19249982e+00,3.77880392e-08,95,0,2,2,corr_ratio_high,7.52252965e-01,5.00000000e-01,2.49999959e+07,-4.10301781e+00,-1.09497714e+01,6.84675362e+00,1.00019517e-09
48,1.19249982e+00,3.77880392e-08,95,1,0,3,normal_corr_dominates,6.55720238e+00,1.00000000e+00,2.49999769e+07,-2.31368654e+01,-3.06156489e+00,-2.00753006e+01,1.00016660e-09
48,1.19249982e+00,3.77880392e-08,95,1,1,4,normal_corr_dominates,9.23471066e+00,1.00000000e+00,2.50000252e+07,2.52111010e+01,-3.06156489e+00,2.82726659e+01,1.00026401e-09
48,1.19249982e+00,3.77880392e-08,95,1,2,5,normal_corr_dominates,9.18289735e+00,1.00000000e+00,2.49999688e+07,-3.11756010e+01,-3.06156489e+00,-2.81140361e+01,1.00017491e-09
48,1.19249982e+00,3.77880392e-08,95,1,2,5,corr_ratio_high,5.47756034e-01,5.00000000e-01,2.49999688e+07,-3.11756010e+01,-3.06156489e+00,-2.81140361e+01,1.00017491e-09
48,1.19249982e+00,3.77880392e-08,95,2,0,6,normal_corr_dominates,4.34072513e+01,1.00000000e+00,2.49999770e+07,-2.30462531e+01,-5.18974998e-01,-2.25272781e+01,1.00019478e-09
48,1.19249982e+00,3.77880392e-08,95,2,1,7,normal_corr_dominates,5.49726930e+01,1.00000000e+00,2.49999710e+07,-2.90484282e+01,-5.18974998e-01,-2.85294532e+01,1.00020462e-09
48,1.19249982e+00,3.77880392e-08,95,2,2,8,normal_corr_dominates,4.03931267e+01,1.00000000e+00,2.50000204e+07,2.04440478e+01,-5.18974998e-01,2.09630228e+01,1.00014884e-09
48,1.19249982e+00,3.77880392e-08,95,3,0,9,normal_corr_dominates,8.66462527e+00,1.00000000e+00,2.49999803e+07,-1.96712371e+01,-2.03538539e+00,-1.76358517e+01,1.00022225e-09
48,1.19249982e+00,3.77880392e-08,95,3,1,10,normal_corr_dominates,7.02174345e+00,1.00000000e+00,2.50000123e+07,1.22565687e+01,-2.03538539e+00,1.42919541e+01,1.00013782e-09
48,1.19249982e+00,3.77880392e-08,95,3,1,10,corr_ratio_high,5.91215419e-01,5.00000000e-01,2.50000123e+07,1.22565687e+01,-2.03538539e+00,1.42919541e+01,1.00013782e-09
48,1.19249982e+00,3.77880392e-08,95,3,2,11,normal_corr_dominates,2.18799830e+00,1.00000000e+00,2.50000024e+07,2.41803438e+00,-2.03538539e+00,4.45341978e+00,1.00017972e-09
48,1.19249982e+00,3.77880392e-08,95,3,2,11,corr_ratio_high,6.14142962e-01,5.00000000e-01,2.50000024e+07,2.41803438e+00,-2.03538539e+00,4.45341978e+00,1.00017972e-09
48,1.19249982e+00,3.77880392e-08,95,4,1,13,normal_corr_dominates,2.11096732e+00,1.00000000e+00,2.50000115e+07,1.14585436e+01,-1.03140240e+01,2.17725676e+01,1.00016404e-09
48,1.19249982e+00,3.77880392e-08,95,4,1,13,corr_ratio_high,5.00481578e-01,5.00000000e-01,2.50000115e+07,1.14585436e+01,-1.03140240e+01,2.17725676e+01,1.00016404e-09
48,1.19249982e+00,3.77880392e-08,95,5,0,15,normal_corr_dominates,8.48350554e+00,1.00000000e+00,2.49999788e+07,-2.11509409e+01,-2.23028719e+00,-1.89206537e+01,1.00030974e-09
48,1.19249982e+00,3.77880392e-08,95,5,1,16,normal_corr_dominates,4.89392237e+00,1.00000000e+00,2.50000087e+07,8.68456517e+00,-2.23028719e+00,1.09148524e+01,1.00018276e-09
48,1.19249982e+00,3.77880392e-08,95,5,1,16,corr_ratio_high,6.66844041e-01,5.00000000e-01,2.50000087e+07,8.68456517e+00,-2.23028719e+00,1.09148524e+01,1.00018276e-09
48,1.19249982e+00,3.77880392e-08,95,5,2,17,normal_corr_dominates,8.50056412e+00,1.00000000e+00,2.49999788e+07,-2.11889865e+01,-2.23028719e+00,-1.89586993e+01,1.00025029e-09
48,1.19249982e+00,3.77880392e-08,95,7,0,21,normal_corr_dominates,9.02807292e+00,1.00000000e+00,2.49999965e+07,-3.53866478e+00,-3.52875853e-01,-3.18578893e+00,1.00012310e-09
48,1.19249982e+00,3.77880392e-08,95,7,1,22,normal_corr_dominates,2.25620783e+01,1.00000000e+00,2.49999917e+07,-8.31448848e+00,-3.52875853e-01,-7.96161263e+00,1.00015621e-09
48,1.19249982e+00,3.77880392e-08,95,7,2,23,normal_corr_dominates,6.16926946e+00,1.00000000e+00,2.50000018e+07,1.82411037e+00,-3.52875853e-01,2.17698622e+00,1.00016290e-09
48,1.19249982e+00,3.77880392e-08,95,8,0,24,normal_corr_dominates,4.64100966e+00,1.00000000e+00,2.50000274e+07,2.73729089e+01,-7.51794459e+00,3.48908535e+01,1.00027128e-09
48,1.19249982e+00,3.77880392e-08,95,8,1,25,normal_corr_dominates,3.20280160e+00,1.00000000e+00,2.50000166e+07,1.65605404e+01,-7.51794459e+00,2.40784850e+01,1.00018078e-09
48,1.19249982e+00,3.77880392e-08,95,8,2,26,normal_corr_dominates,4.11173829e+00,1.00000000e+00,2.49999616e+07,-3.84297652e+01,-7.51794459e+00,-3.09118206e+01,1.00017846e-09
48,1.19249982e+00,3.77880392e-08,95,8,2,26,corr_ratio_high,5.78888968e-01,5.00000000e-01,2.49999616e+07,-3.84297652e+01,-7.51794459e+00,-3.09118206e+01,1.00017846e-09
48,1.19249982e+00,3.77880392e-08,95,9,0,27,normal_corr_dominates,5.47526005e+00,1.00000000e+00,2.50000273e+07,2.72667586e+01,-6.09277636e+00,3.33595350e+01,1.00016415e-09
48,1.19249982e+00,3.77880392e-08,95,9,0,27,corr_ratio_high,6.46032665e-01,5.00000000e-01,2.50000273e+07,2.72667586e+01,-6.09277636e+00,3.33595350e+01,1.00016415e-09
48,1.19249982e+00,3.77880392e-08,95,9,1,28,normal_corr_dominates,1.42901537e+00,1.00000000e+00,2.50000026e+07,2.61389470e+00,-6.09277636e+00,8.70667106e+00,1.00014693e-09
48,1.19249982e+00,3.77880392e-08,95,9,1,28,corr_ratio_high,6.14958703e-01,5.00000000e-01,2.50000026e+07,2.61389470e+00,-6.09277636e+00,8.70667106e+00,1.00014693e-09
48,1.19249982e+00,3.77880392e-08,95,9,2,29,normal_corr_dominates,6.60795709e+00,1.00000000e+00,2.49999536e+07,-4.63535811e+01,-6.09277636e+00,-4.02608047e+01,1.00034171e-09
48,1.19249982e+00,3.77880392e-08,95,9,2,29,corr_ratio_high,7.38601748e-01,5.00000000e-01,2.49999536e+07,-4.63535811e+01,-6.09277636e+00,-4.02608047e+01,1.00034171e-09
48,1.19249982e+00,3.77880392e-08,95,10,0,30,normal_corr_dominates,1.48139755e+00,1.00000000e+00,2.50000017e+07,1.69610502e+00,-3.52329385e+00,5.21939887e+00,1.00014050e-09
48,1.19249982e+00,3.77880392e-08,95,12,0,36,normal_corr_dominates,1.40038329e+00,1.00000000e+00,2.49999840e+07,-1.60364380e+01,-6.68078222e+00,-9.35565579e+00,1.00021008e-09
48,1.19249982e+00,3.77880392e-08,95,12,1,37,normal_corr_dominates,2.15552199e+00,1.00000000e+00,2.50000077e+07,7.71979076e+00,-6.68078222e+00,1.44005730e+01,1.00010223e-09
48,1.19249982e+00,3.77880392e-08,95,12,1,37,corr_ratio_high,9.66048274e-01,5.00000000e-01,2.50000077e+07,7.71979076e+00,-6.68078222e+00,1.44005730e+01,1.00010223e-09
48,1.19249982e+00,3.77880392e-08,95,12,2,38,normal_corr_dominates,2.58076556e+00,1.00000000e+00,2.49999761e+07,-2.39223149e+01,-6.68078222e+00,-1.72415327e+01,1.00028619e-09
48,1.19249982e+00,3.77880392e-08,95,12,2,38,corr_ratio_high,5.51336030e-01,5.00000000e-01,2.49999761e+07,-2.39223149e+01,-6.68078222e+00,-1.72415327e+01,1.00028619e-09
48,1.19249982e+00,3.77880392e-08,95,14,0,42,normal_corr_dominates,2.62017072e+01,1.00000000e+00,2.49999917e+07,-8.34509842e+00,3.31132267e-01,-8.67623068e+00,1.00019516e-09
48,1.19249982e+00,3.77880392e-08,95,14,1,43,normal_corr_dominates,6.16817280e+00,1.00000000e+00,2.49999983e+07,-1.71134877e+00,3.31132267e-01,-2.04248104e+00,1.00016166e-09
48,1.19249982e+00,3.77880392e-08,95,14,2,44,normal_corr_dominates,7.68168843e+00,1.00000000e+00,2.50000029e+07,2.87478717e+00,3.31132267e-01,2.54365490e+00,1.00016040e-09
48,1.19249982e+00,3.77880392e-08,95,15,1,46,normal_corr_dominates,5.20308126e+00,1.00000000e+00,2.49999733e+07,-2.66649461e+01,-4.29866142e+00,-2.23662847e+01,1.00021365e-09
48,1.19249982e+00,3.77880392e-08,95,15,2,47,normal_corr_dominates,2.41707360e+00,1.00000000e+00,2.50000061e+07,6.09151962e+00,-4.29866142e+00,1.03901810e+01,1.00014881e-09
48,1.19249982e+00,3.77880392e-08,95,18,0,54,normal_corr_dominates,1.15380385e+00,1.00000000e+00,2.49999929e+07,-7.09826338e+00,-3.29568701e+00,-3.80257637e+00,1.00015091e-09
48,1.19249982e+00,3.77880392e-08,95,18,2,56,normal_corr_dominates,1.09478849e+00,1.00000000e+00,2.49999931e+07,-6.90376720e+00,-3.29568701e+00,-3.60808019e+00,1.00018018e-09
48,1.19249982e+00,3.77880392e-08,95,21,0,63,normal_corr_dominates,1.46034235e+00,1.00000000e+00,2.50000055e+07,5.47282739e+00,-1.18886030e+01,1.73614304e+01,1.00013260e-09
48,1.19249982e+00,3.77880392e-08,95,21,0,63,corr_ratio_high,7.65920201e-01,5.00000000e-01,2.50000055e+07,5.47282739e+00,-1.18886030e+01,1.73614304e+01,1.00013260e-09
48,1.19249982e+00,3.77880392e-08,95,22,0,66,normal_corr_dominates,2.68272941e+00,1.00000000e+00,2.50000132e+07,1.32309989e+01,-7.86282027e+00,2.10938191e+01,1.00018643e-09
48,1.19249982e+00,3.77880392e-08,95,22,2,68,normal_corr_dominates,1.30576640e+00,1.00000000e+00,2.49999819e+07,-1.81298268e+01,-7.86282027e+00,-1.02670066e+01,1.00018295e-09
48,1.19249982e+00,3.77880392e-08,95,23,0,69,normal_corr_dominates,1.30900412e+00,1.00000000e+00,2.50000021e+07,2.05287400e+00,-6.64351657e+00,8.69639057e+00,1.00017961e-09
48,1.19249982e+00,3.77880392e-08,95,23,0,69,corr_ratio_high,8.10522808e-01,5.00000000e-01,2.50000021e+07,2.05287400e+00,-6.64351657e+00,8.69639057e+00,1.00017961e-09
48,1.19249982e+00,3.77880392e-08,95,23,1,70,normal_corr_dominates,1.13279599e+00,1.00000000e+00,2.49999858e+07,-1.41692655e+01,-6.64351657e+00,-7.52574890e+00,1.00020972e-09
48,1.19249982e+00,3.77880392e-08,95,23,1,70,corr_ratio_high,5.14312627e-01,5.00000000e-01,2.49999858e+07,-1.41692655e+01,-6.64351657e+00,-7.52574890e+00,1.00020972e-09
48,1.19249982e+00,3.77880392e-08,95,24,0,72,normal_corr_dominates,1.86638997e+00,1.00000000e+00,2.50000050e+07,5.02960678e+00,-5.80524588e+00,1.08348527e+01,1.00014435e-09
48,1.19249982e+00,3.77880392e-08,95,24,0,72,corr_ratio_high,6.21640024e-01,5.00000000e-01,2.50000050e+07,5.02960678e+00,-5.80524588e+00,1.08348527e+01,1.00014435e-09
48,1.19249982e+00,3.77880392e-08,95,24,2,74,normal_corr_dominates,1.20657052e+00,1.00000000e+00,2.49999872e+07,-1.28096844e+01,-5.80524588e+00,-7.00443853e+00,1.00017591e-09
48,1.19249982e+00,3.77880392e-08,95,26,0,78,normal_corr_dominates,1.25486739e+00,1.00000000e+00,2.50000003e+07,2.62659913e-01,-1.03057482e+00,1.29323473e+00,1.00012889e-09
48,1.19249982e+00,3.77880392e-08,95,27,2,83,normal_corr_dominates,1.45113510e+00,1.00000000e+00,2.49999673e+07,-3.27199889e+01,-1.33489129e+01,-1.93710760e+01,1.00020535e-09
48,1.19249982e+00,3.77880392e-08,95,28,0,84,normal_corr_dominates,1.30569372e+00,1.00000000e+00,2.49999920e+07,-7.98278984e+00,-3.46220740e+00,-4.52058244e+00,1.00019857e-09
48,1.19249982e+00,3.77880392e-08,95,28,1,85,normal_corr_dominates,1.63167252e+00,1.00000000e+00,2.50000022e+07,2.18698127e+00,-3.46220740e+00,5.64918866e+00,1.00016487e-09
48,1.19249982e+00,3.77880392e-08,95,29,0,87,normal_corr_dominates,9.66565716e+00,1.00000000e+00,2.49999962e+07,-3.75773695e+00,-3.52321183e-01,-3.40541577e+00,1.00018850e-09
48,1.19249982e+00,3.77880392e-08,95,29,1,88,normal_corr_dominates,2.63767161e+00,1.00000000e+00,2.50000006e+07,5.76986400e-01,-3.52321183e-01,9.29307583e-01,1.00016840e-09
48,1.19249982e+00,3.77880392e-08,95,29,2,89,normal_corr_dominates,1.03172444e+01,1.00000000e+00,2.50000033e+07,3.28266256e+00,-3.52321183e-01,3.63498374e+00,1.00015889e-09
48,1.19249982e+00,3.77880392e-08,95,30,0,90,normal_corr_dominates,1.70971548e+01,1.00000000e+00,2.49999893e+07,-1.07388255e+01,-5.93398556e-01,-1.01454269e+01,1.00015769e-09
48,1.19249982e+00,3.77880392e-08,95,30,2,92,normal_corr_dominates,6.94272183e+00,1.00000000e+00,2.50000035e+07,3.52640255e+00,-5.93398556e-01,4.11980111e+00,1.00015309e-09
48,1.19249982e+00,3.77880392e-08,95,32,1,97,normal_corr_dominates,2.98390303e+00,1.00000000e+00,2.49999836e+07,-1.64254736e+01,-4.12296019e+00,-1.23025134e+01,1.00015259e-09
48,1.19249982e+00,3.77880392e-08,95,32,2,98,normal_corr_dominates,1.80643433e+00,1.00000000e+00,2.50000033e+07,3.32489666e+00,-4.12296019e+00,7.44785685e+00,1.00015953e-09
48,1.19249982e+00,3.77880392e-08,95,35,1,106,normal_corr_dominates,7.60254823e+00,1.00000000e+00,2.49999759e+07,-2.40827238e+01,-2.79948721e+00,-2.12832366e+01,1.00021211e-09
48,1.19249982e+00,3.77880392e-08,95,35,2,107,normal_corr_dominates,2.50417957e+00,1.00000000e+00,2.50000042e+07,4.21093147e+00,-2.79948721e+00,7.01041869e+00,1.00015337e-09
48,1.19249982e+00,3.77880392e-08,95,13,0,39,normal_corr_dominates,2.35694834e+01,1.00000000e+00,2.50000049e+07,4.94555183e+00,2.01288393e-01,4.74426344e+00,1.00017735e-09
48,1.19249982e+00,3.77880392e-08,95,13,1,40,normal_corr_dominates,7.54363679e+01,1.00000000e+00,2.49999850e+07,-1.49831769e+01,2.01288393e-01,-1.51844653e+01,1.00022525e-09
48,1.19249982e+00,3.77880392e-08,95,13,2,41,normal_corr_dominates,3.18228036e+01,1.00000000e+00,2.50000066e+07,6.60684939e+00,2.01288393e-01,6.40556100e+00,1.00014821e-09
48,1.19249982e+00,3.77880392e-08,95,25,0,75,normal_corr_dominates,9.72366369e+00,1.00000000e+00,2.50000054e+07,5.36370098e+00,-6.14844998e-01,5.97854598e+00,1.00019007e-09
48,1.19249982e+00,3.77880392e-08,95,25,1,76,normal_corr_dominates,7.45086867e+00,1.00000000e+00,2.50000040e+07,3.96628433e+00,-6.14844998e-01,4.58112933e+00,1.00016351e-09
48,1.19249982e+00,3.77880392e-08,95,25,2,77,normal_corr_dominates,2.33987362e+01,1.00000000e+00,2.49999850e+07,-1.50014409e+01,-6.14844998e-01,-1.43865959e+01,1.00014679e-09
49,1.21579289e+00,3.85261518e-08,95,0,0,0,normal_corr_dominates,5.00459364e+00,1.00000000e+00,2.50000446e+07,4.46232248e+01,-1.11430095e+01,5.57662342e+01,1.00015749e-09
49,1.21579289e+00,3.85261518e-08,95,0,0,0,corr_ratio_high,7.23955673e-01,5.00000000e-01,2.50000446e+07,4.46232248e+01,-1.11430095e+01,5.57662342e+01,1.00015749e-09
49,1.21579289e+00,3.85261518e-08,95,0,1,1,normal_corr_dominates,2.18809997e+00,1.00000000e+00,2.49999645e+07,-3.55250281e+01,-1.11430095e+01,-2.43820187e+01,1.00032129e-09
49,1.21579289e+00,3.85261518e-08,95,0,2,2,corr_ratio_high,7.52257594e-01,5.00000000e-01,2.49999958e+07,-4.16284406e+00,-1.11430095e+01,6.98016540e+00,1.00019868e-09
49,1.21579289e+00,3.85261518e-08,95,1,0,3,normal_corr_dominates,6.56264111e+00,1.00000000e+00,2.49999764e+07,-2.35546741e+01,-3.11460954e+00,-2.04400646e+01,1.00016963e-09
49,1.21579289e+00,3.85261518e-08,95,1,1,4,normal_corr_dominates,9.24415275e+00,1.00000000e+00,2.50000257e+07,2.56773168e+01,-3.11460954e+00,2.87919263e+01,1.00026875e-09
49,1.21579289e+00,3.85261518e-08,95,1,2,5,normal_corr_dominates,9.19189094e+00,1.00000000e+00,2.49999683e+07,-3.17437607e+01,-3.11460954e+00,-2.86291512e+01,1.00017808e-09
49,1.21579289e+00,3.85261518e-08,95,1,2,5,corr_ratio_high,5.47749549e-01,5.00000000e-01,2.49999683e+07,-3.17437607e+01,-3.11460954e+00,-2.86291512e+01,1.00017808e-09
49,1.21579289e+00,3.85261518e-08,95,2,0,6,normal_corr_dominates,4.34979538e+01,1.00000000e+00,2.49999765e+07,-2.34626393e+01,-5.27274566e-01,-2.29353647e+01,1.00019831e-09
49,1.21579289e+00,3.85261518e-08,95,2,1,7,normal_corr_dominates,5.50940273e+01,1.00000000e+00,2.49999704e+07,-2.95769539e+01,-5.27274566e-01,-2.90496794e+01,1.00020831e-09
49,1.21579289e+00,3.85261518e-08,95,2,2,8,normal_corr_dominates,4.04785446e+01,1.00000000e+00,2.50000208e+07,2.08160325e+01,-5.27274566e-01,2.13433070e+01,1.00015153e-09
49,1.21579289e+00,3.85261518e-08,95,3,0,9,normal_corr_dominates,8.67493651e+00,1.00000000e+00,2.49999800e+07,-2.00228438e+01,-2.06955816e+00,-1.79532856e+01,1.00022626e-09
49,1.21579289e+00,3.85261518e-08,95,3,1,10,normal_corr_dominates,7.03295580e+00,1.00000000e+00,2.50000125e+07,1.24855529e+01,-2.06955816e+00,1.45551110e+01,1.00014031e-09
49,1.21579289e+00,3.85261518e-08,95,3,1,10,corr_ratio_high,5.91149418e-01,5.00000000e-01,2.50000125e+07,1.24855529e+01,-2.06955816e+00,1.45551110e+01,1.00014031e-09
49,1.21579289e+00,3.85261518e-08,95,3,2,11,normal_corr_dominates,2.18957665e+00,1.00000000e+00,2.50000025e+07,2.46189806e+00,-2.06955816e+00,4.53145622e+00,1.00018298e-09
49,1.21579289e+00,3.85261518e-08,95,3,2,11,corr_ratio_high,6.14137990e-01,5.00000000e-01,2.50000025e+07,2.46189806e+00,-2.06955816e+00,4.53145622e+00,1.00018298e-09
49,1.21579289e+00,3.85261518e-08,95,4,1,13,normal_corr_dominates,2.11136543e+00,1.00000000e+00,2.50000117e+07,1.16639249e+01,-1.04951302e+01,2.21590550e+01,1.00016703e-09
49,1.21579289e+00,3.85261518e-08,95,4,1,13,corr_ratio_high,5.00303007e-01,5.00000000e-01,2.50000117e+07,1.16639249e+01,-1.04951302e+01,2.21590550e+01,1.00016703e-09
49,1.21579289e+00,3.85261518e-08,95,5,0,15,normal_corr_dominates,8.49726348e+00,1.00000000e+00,2.49999785e+07,-2.15322703e+01,-2.26720785e+00,-1.92650624e+01,1.00031531e-09
49,1.21579289e+00,3.85261518e-08,95,5,1,16,normal_corr_dominates,4.90393612e+00,1.00000000e+00,2.50000089e+07,8.85103460e+00,-2.26720785e+00,1.11182424e+01,1.00018606e-09
49,1.21579289e+00,3.85261518e-08,95,5,1,16,corr_ratio_high,6.66805190e-01,5.00000000e-01,2.50000089e+07,8.85103460e+00,-2.26720785e+00,1.11182424e+01,1.00018606e-09
49,1.21579289e+00,3.85261518e-08,95,5,2,17,normal_corr_dominates,8.51392919e+00,1.00000000e+00,2.49999784e+07,-2.15700549e+01,-2.26720785e+00,-1.93028471e+01,1.00025480e-09
49,1.21579289e+00,3.85261518e-08,95,7,0,21,normal_corr_dominates,9.06150133e+00,1.00000000e+00,2.49999964e+07,-3.59830582e+00,-3.57631104e-01,-3.24067472e+00,1.00012533e-09
49,1.21579289e+00,3.85261518e-08,95,7,1,22,normal_corr_dominates,2.26687781e+01,1.00000000e+00,2.49999915e+07,-8.46469124e+00,-3.57631104e-01,-8.10706014e+00,1.00015904e-09
49,1.21579289e+00,3.85261518e-08,95,7,2,23,normal_corr_dominates,6.19902692e+00,1.00000000e+00,2.50000019e+07,1.85933374e+00,-3.57631104e-01,2.21696484e+00,1.00016584e-09
49,1.21579289e+00,3.85261518e-08,95,8,0,24,normal_corr_dominates,4.64447667e+00,1.00000000e+00,2.50000279e+07,2.78805805e+01,-7.65009163e+00,3.55306721e+01,1.00027616e-09
49,1.21579289e+00,3.85261518e-08,95,8,1,25,normal_corr_dominates,3.20413572e+00,1.00000000e+00,2.50000169e+07,1.68618402e+01,-7.65009163e+00,2.45119318e+01,1.00018405e-09
49,1.21579289e+00,3.85261518e-08,95,8,2,26,normal_corr_dominates,4.11474557e+00,1.00000000e+00,2.49999609e+07,-3.91282722e+01,-7.65009163e+00,-3.14781806e+01,1.00018169e-09
49,1.21579289e+00,3.85261518e-08,95,8,2,26,corr_ratio_high,5.78819425e-01,5.00000000e-01,2.49999609e+07,-3.91282722e+01,-7.65009163e+00,-3.14781806e+01,1.00018169e-09
49,1.21579289e+00,3.85261518e-08,95,9,0,27,normal_corr_dominates,5.47855483e+00,1.00000000e+00,2.50000278e+07,2.77638992e+01,-6.19929871e+00,3.39631979e+01,1.00016712e-09
49,1.21579289e+00,3.85261518e-08,95,9,0,27,corr_ratio_high,6.46038964e-01,5.00000000e-01,2.50000278e+07,2.77638992e+01,-6.19929871e+00,3.39631979e+01,1.00016712e-09
49,1.21579289e+00,3.85261518e-08,95,9,1,28,normal_corr_dominates,1.42964117e+00,1.00000000e+00,2.50000027e+07,2.66347397e+00,-6.19929871e+00,8.86277268e+00,1.00014960e-09
49,1.21579289e+00,3.85261518e-08,95,9,1,28,corr_ratio_high,6.14880024e-01,5.00000000e-01,2.50000027e+07,2.66347397e+00,-6.19929871e+00,8.86277268e+00,1.00014960e-09
49,1.21579289e+00,3.85261518e-08,95,9,2,29,normal_corr_dominates,6.61136569e+00,1.00000000e+00,2.49999528e+07,-4.71851295e+01,-6.19929871e+00,-4.09858308e+01,1.00034784e-09
49,1.21579289e+00,3.85261518e-08,95,9,2,29,corr_ratio_high,7.38628305e-01,5.00000000e-01,2.49999528e+07,-4.71851295e+01,-6.19929871e+00,-4.09858308e+01,1.00034784e-09
49,1.21579289e+00,3.85261518e-08,95,10,0,30,normal_corr_dominates,1.48191842e+00,1.00000000e+00,2.50000017e+07,1.72763059e+00,-3.58490257e+00,5.31253317e+00,1.00014305e-09
49,1.21579289e+00,3.85261518e-08,95,12,0,36,normal_corr_dominates,1.40084639e+00,1.00000000e+00,2.49999837e+07,-1.63219863e+01,-6.79843007e+00,-9.52355624e+00,1.00021387e-09
49,1.21579289e+00,3.85261518e-08,95,12,1,37,normal_corr_dominates,2.15603447e+00,1.00000000e+00,2.50000079e+07,7.85921949e+00,-6.79843007e+00,1.46576496e+01,1.00010411e-09
49,1.21579289e+00,3.85261518e-08,95,12,1,37,corr_ratio_high,9.65942847e-01,5.00000000e-01,2.50000079e+07,7.85921949e+00,-6.79843007e+00,1.46576496e+01,1.00010411e-09
49,1.21579289e+00,3.85261518e-08,95,12,2,38,normal_corr_dominates,2.58146058e+00,1.00000000e+00,2.49999757e+07,-2.43483093e+01,-6.79843007e+00,-1.75498792e+01,1.00029133e-09
49,1.21579289e+00,3.85261518e-08,95,12,2,38,corr_ratio_high,5.51354524e-01,5.00000000e-01,2.49999757e+07,-2.43483093e+01,-6.79843007e+00,-1.75498792e+01,1.00029133e-09
49,1.21579289e+00,3.85261518e-08,95,14,0,42,normal_corr_dominates,2.60831336e+01,1.00000000e+00,2.49999915e+07,-8.49635623e+00,3.38727863e-01,-8.83508409e+00,1.00019868e-09
49,1.21579289e+00,3.85261518e-08,95,14,1,43,normal_corr_dominates,6.13703599e+00,1.00000000e+00,2.49999983e+07,-1.74005722e+00,3.38727863e-01,-2.07878509e+00,1.00016458e-09
49,1.21579289e+00,3.85261518e-08,95,14,2,44,normal_corr_dominates,7.64657284e+00,1.00000000e+00,2.50000029e+07,2.92883514e+00,3.38727863e-01,2.59010728e+00,1.00016330e-09
49,1.21579289e+00,3.85261518e-08,95,15,1,46,normal_corr_dominates,5.20390384e+00,1.00000000e+00,2.49999729e+07,-2.71455503e+01,-4.37555948e+00,-2.27699908e+01,1.00021751e-09
49,1.21579289e+00,3.85261518e-08,95,15,2,47,normal_corr_dominates,2.41726039e+00,1.00000000e+00,2.50000062e+07,6.20130713e+00,-4.37555948e+00,1.05768666e+01,1.00015150e-09
49,1.21579289e+00,3.85261518e-08,95,18,0,54,normal_corr_dominates,1.15399260e+00,1.00000000e+00,2.49999928e+07,-7.22424780e+00,-3.35388701e+00,-3.87036079e+00,1.00015363e-09
49,1.21579289e+00,3.85261518e-08,95,18,2,56,normal_corr_dominates,1.09571253e+00,1.00000000e+00,2.49999930e+07,-7.02878301e+00,-3.35388701e+00,-3.67489601e+00,1.00018343e-09
49,1.21579289e+00,3.85261518e-08,95,21,0,63,normal_corr_dominates,1.46101199e+00,1.00000000e+00,2.50000056e+07,5.57896079e+00,-1.21015525e+01,1.76805133e+01,1.00013499e-09
49,1.21579289e+00,3.85261518e-08,95,21,0,63,corr_ratio_high,7.65894970e-01,5.00000000e-01,2.50000056e+07,5.57896079e+00,-1.21015525e+01,1.76805133e+01,1.00013499e-09
49,1.21579289e+00,3.85261518e-08,95,22,0,66,normal_corr_dominates,2.68354133e+00,1.00000000e+00,2.50000135e+07,1.34719783e+01,-8.00216665e+00,2.14741450e+01,1.00018980e-09
49,1.21579289e+00,3.85261518e-08,95,22,2,68,normal_corr_dominates,1.30639929e+00,1.00000000e+00,2.49999815e+07,-1.84561914e+01,-8.00216665e+00,-1.04540248e+01,1.00018625e-09
49,1.21579289e+00,3.85261518e-08,95,23,0,69,normal_corr_dominates,1.31100035e+00,1.00000000e+00,2.50000021e+07,2.10175910e+00,-6.75806017e+00,8.85981927e+00,1.00018283e-09
49,1.21579289e+00,3.85261518e-08,95,23,0,69,corr_ratio_high,8.10588301e-01,5.00000000e-01,2.50000021e+07,2.10175910e+00,-6.75806017e+00,8.85981927e+00,1.00018283e-09
49,1.21579289e+00,3.85261518e-08,95,23,1,70,normal_corr_dominates,1.13527903e+00,1.00000000e+00,2.49999856e+07,-1.44303442e+01,-6.75806017e+00,-7.67228401e+00,1.00021353e-09
49,1.21579289e+00,3.85261518e-08,95,23,1,70,corr_ratio_high,5.14261021e-01,5.00000000e-01,2.49999856e+07,-1.44303442e+01,-6.75806017e+00,-7.67228401e+00,1.00021353e-09
49,1.21579289e+00,3.85261518e-08,95,24,0,72,normal_corr_dominates,1.86763433e+00,1.00000000e+00,2.50000051e+07,5.12642886e+00,-5.90851315e+00,1.10349420e+01,1.00014695e-09
49,1.21579289e+00,3.85261518e-08,95,24,0,72,corr_ratio_high,6.21645246e-01,5.00000000e-01,2.50000051e+07,5.12642886e+00,-5.90851315e+00,1.10349420e+01,1.00014695e-09
49,1.21579289e+00,3.85261518e-08,95,24,2,74,normal_corr_dominates,1.20681923e+00,1.00000000e+00,2.49999870e+07,-1.30390205e+01,-5.90851315e+00,-7.13050731e+00,1.00017909e-09
49,1.21579289e+00,3.85261518e-08,95,26,0,78,normal_corr_dominates,1.25512634e+00,1.00000000e+00,2.50000003e+07,2.67371140e-01,-1.04799505e+00,1.31536619e+00,1.00013122e-09
49,1.21579289e+00,3.85261518e-08,95,27,2,83,normal_corr_dominates,1.45143995e+00,1.00000000e+00,2.49999667e+07,-3.33103225e+01,-1.35880638e+01,-1.97222587e+01,1.00020906e-09
49,1.21579289e+00,3.85261518e-08,95,28,0,84,normal_corr_dominates,1.30579403e+00,1.00000000e+00,2.49999919e+07,-8.12382314e+00,-3.52322151e+00,-4.60060163e+00,1.00020215e-09
49,1.21579289e+00,3.85261518e-08,95,28,1,85,normal_corr_dominates,1.63305810e+00,1.00000000e+00,2.50000022e+07,2.23040392e+00,-3.52322151e+00,5.75362543e+00,1.00016785e-09
49,1.21579289e+00,3.85261518e-08,95,29,0,87,normal_corr_dominates,9.71874694e+00,1.00000000e+00,2.49999962e+07,-3.82567315e+00,-3.56914215e-01,-3.46875893e+00,1.00019190e-09
49,1.21579289e+00,3.85261518e-08,95,29,1,88,normal_corr_dominates,2.65199880e+00,1.00000000e+00,2.50000006e+07,5.89621857e-01,-3.56914215e-01,9.46536071e-01,1.00017144e-09
49,1.21579289e+00,3.85261518e-08,95,29,2,89,normal_corr_dominates,1.03687274e+01,1.00000000e+00,2.50000033e+07,3.34383199e+00,-3.56914215e-01,3.70074620e+00,1.00016176e-09
49,1.21579289e+00,3.85261518e-08,95,30,0,90,normal_corr_dominates,1.71577373e+01,1.00000000e+00,2.49999891e+07,-1.09316992e+01,-6.02040826e-01,-1.03296584e+01,1.00016054e-09
49,1.21579289e+00,3.85261518e-08,95,30,2,92,normal_corr_dominates,6.96709881e+00,1.00000000e+00,2.50000036e+07,3.59243710e+00,-6.02040826e-01,4.19447793e+00,1.00015586e-09
49,1.21579289e+00,3.85261518e-08,95,32,1,97,normal_corr_dominates,2.98576631e+00,1.00000000e+00,2.49999833e+07,-1.67216177e+01,-4.19533318e+00,-1.25262845e+01,1.00015535e-09
49,1.21579289e+00,3.85261518e-08,95,32,2,98,normal_corr_dominates,1.80799246e+00,1.00000000e+00,2.50000034e+07,3.38979760e+00,-4.19533318e+00,7.58513078e+00,1.00016241e-09
49,1.21579289e+00,3.85261518e-08,95,35,1,106,normal_corr_dominates,7.60696119e+00,1.00000000e+00,2.49999755e+07,-2.45202967e+01,-2.84889129e+00,-2.16714054e+01,1.00021594e-09
49,1.21579289e+00,3.85261518e-08,95,35,2,107,normal_corr_dominates,2.50572618e+00,1.00000000e+00,2.50000043e+07,4.28965020e+00,-2.84889129e+00,7.13854149e+00,1.00015614e-09
49,1.21579289e+00,3.85261518e-08,95,13,0,39,normal_corr_dominates,2.33858853e+01,1.00000000e+00,2.50000050e+07,5.03421623e+00,2.06439757e-01,4.82777647e+00,1.00018055e-09
49,1.21579289e+00,3.85261518e-08,95,13,1,40,normal_corr_dominates,7.48768698e+01,1.00000000e+00,2.49999847e+07,-1.52511230e+01,2.06439757e-01,-1.54575628e+01,1.00022930e-09
49,1.21579289e+00,3.85261518e-08,95,13,2,41,normal_corr_dominates,3.16034077e+01,1.00000000e+00,2.50000067e+07,6.73063956e+00,2.06439757e-01,6.52419980e+00,1.00015089e-09
49,1.21579289e+00,3.85261518e-08,95,25,0,75,normal_corr_dominates,9.75104756e+00,1.00000000e+00,2.50000055e+07,5.46106904e+00,-6.24047465e-01,6.08511651e+00,1.00019350e-09
49,1.21579289e+00,3.85261518e-08,95,25,1,76,normal_corr_dominates,7.47765601e+00,1.00000000e+00,2.50000040e+07,4.04236481e+00,-6.24047465e-01,4.66641227e+00,1.00016646e-09
49,1.21579289e+00,3.85261518e-08,95,25,2,77,normal_corr_dominates,2.34749271e+01,1.00000000e+00,2.49999847e+07,-1.52735162e+01,-6.24047465e-01,-1.46494688e+01,1.00014945e-09
50,1.24012356e+00,3.92971443e-08,95,0,0,0,normal_corr_dominates,5.00616300e+00,1.00000000e+00,2.50000454e+07,4.54475567e+01,-1.13444103e+01,5.67919670e+01,1.00016043e-09
50,1.24012356e+00,3.92971443e-08,95,0,0,0,corr_ratio_high,7.23920446e-01,5.00000000e-01,2.50000454e+07,4.54475567e+01,-1.13444103e+01,5.67919670e+01,1.00016043e-09
50,1.24012356e+00,3.92971443e-08,95,0,1,1,normal_corr_dominates,2.18913738e+00,1.00000000e+00,2.49999638e+07,-3.61788829e+01,-1.13444103e+01,-2.48344726e+01,1.00032720e-09
50,1.24012356e+00,3.92971443e-08,95,0,2,2,corr_ratio_high,7.52261836e-01,5.00000000e-01,2.49999958e+07,-4.22498548e+00,-1.13444103e+01,7.11942481e+00,1.00020234e-09
50,1.24012356e+00,3.92971443e-08,95,1,0,3,normal_corr_dominates,6.56817978e+00,1.00000000e+00,2.49999760e+07,-2.39902706e+01,-3.16988646e+00,-2.08203841e+01,1.00017278e-09
50,1.24012356e+00,3.92971443e-08,95,1,1,4,normal_corr_dominates,9.25378131e+00,1.00000000e+00,2.50000262e+07,2.61635496e+01,-3.16988646e+00,2.93334361e+01,1.00027370e-09
50,1.24012356e+00,3.92971443e-08,95,1,2,5,normal_corr_dominates,9.20106477e+00,1.00000000e+00,2.49999677e+07,-3.23362171e+01,-3.16988646e+00,-2.91663306e+01,1.00018137e-09
50,1.24012356e+00,3.92971443e-08,95,1,2,5,corr_ratio_high,5.47742298e-01,5.00000000e-01,2.49999677e+07,-3.23362171e+01,-3.16988646e+00,-2.91663306e+01,1.00018137e-09
50,1.24012356e+00,3.92971443e-08,95,2,0,6,normal_corr_dominates,4.35899623e+01,1.00000000e+00,2.49999761e+07,-2.38967527e+01,-5.35922246e-01,-2.33608305e+01,1.00020199e-09
50,1.24012356e+00,3.92971443e-08,95,2,1,7,normal_corr_dominates,5.52172470e+01,1.00000000e+00,2.49999699e+07,-3.01280733e+01,-5.35922246e-01,-2.95921510e+01,1.00021216e-09
50,1.24012356e+00,3.92971443e-08,95,2,2,8,normal_corr_dominates,4.05652374e+01,1.00000000e+00,2.50000212e+07,2.12038909e+01,-5.35922246e-01,2.17398131e+01,1.00015434e-09
50,1.24012356e+00,3.92971443e-08,95,3,0,9,normal_corr_dominates,8.68547790e+00,1.00000000e+00,2.49999796e+07,-2.03893667e+01,-2.10514824e+00,-1.82842185e+01,1.00023043e-09
50,1.24012356e+00,3.92971443e-08,95,3,1,10,normal_corr_dominates,7.04442513e+00,1.00000000e+00,2.50000127e+07,1.27244109e+01,-2.10514824e+00,1.48295592e+01,1.00014291e-09
50,1.24012356e+00,3.92971443e-08,95,3,1,10,corr_ratio_high,5.91081192e-01,5.00000000e-01,2.50000127e+07,1.27244109e+01,-2.10514824e+00,1.48295592e+01,1.00014291e-09
50,1.24012356e+00,3.92971443e-08,95,3,2,11,normal_corr_dominates,2.19119695e+00,1.00000000e+00,2.50000025e+07,2.50764616e+00,-2.10514824e+00,4.61279440e+00,1.00018638e-09
50,1.24012356e+00,3.92971443e-08,95,3,2,11,corr_ratio_high,6.14132741e-01,5.00000000e-01,2.50000025e+07,2.50764616e+00,-2.10514824e+00,4.61279440e+00,1.00018638e-09
50,1.24012356e+00,3.92971443e-08,95,4,1,13,normal_corr_dominates,2.11176986e+00,1.00000000e+00,2.50000119e+07,1.18780001e+01,-1.06838659e+01,2.25618660e+01,1.00017015e-09
50,1.24012356e+00,3.92971443e-08,95,4,1,13,corr_ratio_high,5.00119879e-01,5.00000000e-01,2.50000119e+07,1.18780001e+01,-1.06838659e+01,2.25618660e+01,1.00017015e-09
50,1.24012356e+00,3.92971443e-08,95,5,0,15,normal_corr_dominates,8.51129990e+00,1.00000000e+00,2.49999781e+07,-2.19298297e+01,-2.30566063e+00,-1.96241691e+01,1.00032112e-09
50,1.24012356e+00,3.92971443e-08,95,5,1,16,normal_corr_dominates,4.91416280e+00,1.00000000e+00,2.50000090e+07,9.02473107e+00,-2.30566063e+00,1.13303917e+01,1.00018951e-09
50,1.24012356e+00,3.92971443e-08,95,5,1,16,corr_ratio_high,6.66764725e-01,5.00000000e-01,2.50000090e+07,9.02473107e+00,-2.30566063e+00,1.13303917e+01,1.00018951e-09
50,1.24012356e+00,3.92971443e-08,95,5,2,17,normal_corr_dominates,8.52756983e+00,1.00000000e+00,2.49999780e+07,-2.19673427e+01,-2.30566063e+00,-1.96616820e+01,1.00025949e-09
50,1.24012356e+00,3.92971443e-08,95,7,0,21,normal_corr_dominates,9.09581956e+00,1.00000000e+00,2.49999963e+07,-3.66041511e+00,-3.62567406e-01,-3.29784770e+00,1.00012765e-09
50,1.24012356e+00,3.92971443e-08,95,7,1,22,normal_corr_dominates,2.27784463e+01,1.00000000e+00,2.49999914e+07,-8.62128961e+00,-3.62567406e-01,-8.25872221e+00,1.00016198e-09
50,1.24012356e+00,3.92971443e-08,95,7,2,23,normal_corr_dominates,6.22959244e+00,1.00000000e+00,2.50000019e+07,1.89607977e+00,-3.62567406e-01,2.25864717e+00,1.00016890e-09
50,1.24012356e+00,3.92971443e-08,95,8,0,24,normal_corr_dominates,4.64802213e+00,1.00000000e+00,2.50000284e+07,2.84100905e+01,-7.78780651e+00,3.61978970e+01,1.00028124e-09
50,1.24012356e+00,3.92971443e-08,95,8,1,25,normal_corr_dominates,3.20549829e+00,1.00000000e+00,2.50000172e+07,1.71759939e+01,-7.78780651e+00,2.49638004e+01,1.00018745e-09
50,1.24012356e+00,3.92971443e-08,95,8,2,26,normal_corr_dominates,4.11782170e+00,1.00000000e+00,2.49999601e+07,-3.98566051e+01,-7.78780651e+00,-3.20687986e+01,1.00018507e-09
50,1.24012356e+00,3.92971443e-08,95,8,2,26,corr_ratio_high,5.78747478e-01,5.00000000e-01,2.49999601e+07,-3.98566051e+01,-7.78780651e+00,-3.20687986e+01,1.00018507e-09
50,1.24012356e+00,3.92971443e-08,95,9,0,27,normal_corr_dominates,5.48192079e+00,1.00000000e+00,2.50000283e+07,2.82822834e+01,-6.31030416e+00,3.45925876e+01,1.00017022e-09
50,1.24012356e+00,3.92971443e-08,95,9,0,27,corr_ratio_high,6.46045170e-01,5.00000000e-01,2.50000283e+07,2.82822834e+01,-6.31030416e+00,3.45925876e+01,1.00017022e-09
50,1.24012356e+00,3.92971443e-08,95,9,1,28,normal_corr_dominates,1.43028351e+00,1.00000000e+00,2.50000027e+07,2.71521979e+00,-6.31030416e+00,9.02552395e+00,1.00015238e-09
50,1.24012356e+00,3.92971443e-08,95,9,1,28,corr_ratio_high,6.14799406e-01,5.00000000e-01,2.50000027e+07,2.71521979e+00,-6.31030416e+00,9.02552395e+00,1.00015238e-09
50,1.24012356e+00,3.92971443e-08,95,9,2,29,normal_corr_dominates,6.61484961e+00,1.00000000e+00,2.49999519e+07,-4.80520171e+01,-6.31030416e+00,-4.17417130e+01,1.00035423e-09
50,1.24012356e+00,3.92971443e-08,95,9,2,29,corr_ratio_high,7.38655387e-01,5.00000000e-01,2.49999519e+07,-4.80520171e+01,-6.31030416e+00,-4.17417130e+01,1.00035423e-09
50,1.24012356e+00,3.92971443e-08,95,10,0,30,normal_corr_dominates,1.48245054e+00,1.00000000e+00,2.50000018e+07,1.76051431e+00,-3.64910837e+00,5.40962268e+00,1.00014570e-09
50,1.24012356e+00,3.92971443e-08,95,12,0,36,normal_corr_dominates,1.40131671e+00,1.00000000e+00,2.49999834e+07,-1.66196277e+01,-6.92104780e+00,-9.69857992e+00,1.00021782e-09
50,1.24012356e+00,3.92971443e-08,95,12,1,37,normal_corr_dominates,2.15655852e+00,1.00000000e+00,2.50000080e+07,8.00459677e+00,-6.92104780e+00,1.49256446e+01,1.00010607e-09
50,1.24012356e+00,3.92971443e-08,95,12,1,37,corr_ratio_high,9.65834790e-01,5.00000000e-01,2.50000080e+07,8.00459677e+00,-6.92104780e+00,1.49256446e+01,1.00010607e-09
50,1.24012356e+00,3.92971443e-08,95,12,2,38,normal_corr_dominates,2.58216948e+00,1.00000000e+00,2.49999752e+07,-2.47923662e+01,-6.92104780e+00,-1.78713184e+01,1.00029669e-09
50,1.24012356e+00,3.92971443e-08,95,12,2,38,corr_ratio_high,5.51373391e-01,5.00000000e-01,2.49999752e+07,-2.47923662e+01,-6.92104780e+00,-1.78713184e+01,1.00029669e-09
50,1.24012356e+00,3.92971443e-08,95,14,0,42,normal_corr_dominates,2.59641170e+01,1.00000000e+00,2.49999913e+07,-8.65409735e+00,3.46661464e-01,-9.00075881e+00,1.00020235e-09
50,1.24012356e+00,3.92971443e-08,95,14,1,43,normal_corr_dominates,6.10569752e+00,1.00000000e+00,2.49999982e+07,-1.76994858e+00,3.46661464e-01,-2.11661004e+00,1.00016762e-09
50,1.24012356e+00,3.92971443e-08,95,14,2,44,normal_corr_dominates,7.61130673e+00,1.00000000e+00,2.50000030e+07,2.98520820e+00,3.46661464e-01,2.63854673e+00,1.00016632e-09
50,1.24012356e+00,3.92971443e-08,95,15,1,46,normal_corr_dominates,5.20472191e+00,1.00000000e+00,2.49999724e+07,-2.76465949e+01,-4.45573474e+00,-2.31908602e+01,1.00022153e-09
50,1.24012356e+00,3.92971443e-08,95,15,2,47,normal_corr_dominates,2.41744091e+00,1.00000000e+00,2.50000063e+07,6.31574072e+00,-4.45573474e+00,1.07714755e+01,1.00015431e-09
50,1.24012356e+00,3.92971443e-08,95,18,0,54,normal_corr_dominates,1.15417769e+00,1.00000000e+00,2.49999926e+07,-7.35555666e+00,-3.41455428e+00,-3.94100238e+00,1.00015647e-09
50,1.24012356e+00,3.92971443e-08,95,18,2,56,normal_corr_dominates,1.09665912e+00,1.00000000e+00,2.49999928e+07,-7.15915636e+00,-3.41455428e+00,-3.74460208e+00,1.00018682e-09
50,1.24012356e+00,3.92971443e-08,95,21,0,63,normal_corr_dominates,1.46169585e+00,1.00000000e+00,2.50000057e+07,5.68973088e+00,-1.23235479e+01,1.80132788e+01,1.00013749e-09
50,1.24012356e+00,3.92971443e-08,95,21,0,63,corr_ratio_high,7.65868531e-01,5.00000000e-01,2.50000057e+07,5.68973088e+00,-1.23235479e+01,1.80132788e+01,1.00013749e-09
50,1.24012356e+00,3.92971443e-08,95,22,0,66,normal_corr_dominates,2.68436721e+00,1.00000000e+00,2.50000137e+07,1.37232368e+01,-8.14741388e+00,2.18706507e+01,1.00019330e-09
50,1.24012356e+00,3.92971443e-08,95,22,2,68,normal_corr_dominates,1.30704296e+00,1.00000000e+00,2.49999812e+07,-1.87964338e+01,-8.14741388e+00,-1.06490200e+01,1.00018970e-09
50,1.24012356e+00,3.92971443e-08,95,23,0,69,normal_corr_dominates,1.31304556e+00,1.00000000e+00,2.50000022e+07,2.15293921e+00,-6.87739897e+00,9.03033818e+00,1.00018619e-09
50,1.24012356e+00,3.92971443e-08,95,23,0,69,corr_ratio_high,8.10654889e-01,5.00000000e-01,2.50000022e+07,2.15293921e+00,-6.87739897e+00,9.03033818e+00,1.00018619e-09
50,1.24012356e+00,3.92971443e-08,95,23,1,70,normal_corr_dominates,1.13782179e+00,1.00000000e+00,2.49999853e+07,-1.47026534e+01,-6.87739897e+00,-7.82525440e+00,1.00021751e-09
50,1.24012356e+00,3.92971443e-08,95,23,1,70,corr_ratio_high,5.14208141e-01,5.00000000e-01,2.49999853e+07,-1.47026534e+01,-6.87739897e+00,-7.82525440e+00,1.00021751e-09
50,1.24012356e+00,3.92971443e-08,95,24,0,72,normal_corr_dominates,1.86890407e+00,1.00000000e+00,2.50000052e+07,5.22746801e+00,-6.01616245e+00,1.12436305e+01,1.00014967e-09
50,1.24012356e+00,3.92971443e-08,95,24,0,72,corr_ratio_high,6.21650136e-01,5.00000000e-01,2.50000052e+07,5.22746801e+00,-6.01616245e+00,1.12436305e+01,1.00014967e-09
50,1.24012356e+00,3.92971443e-08,95,24,2,74,normal_corr_dominates,1.20706787e+00,1.00000000e+00,2.49999867e+07,-1.32780788e+01,-6.01616245e+00,-7.26191637e+00,1.00018241e-09
50,1.24012356e+00,3.92971443e-08,95,26,0,78,normal_corr_dominates,1.25537982e+00,1.00000000e+00,2.50000003e+07,2.72272367e-01,-1.06614674e+00,1.33841911e+00,1.00013365e-09
50,1.24012356e+00,3.92971443e-08,95,27,2,83,normal_corr_dominates,1.45174999e+00,1.00000000e+00,2.49999661e+07,-3.39257761e+01,-1.38373718e+01,-2.00884043e+01,1.00021293e-09
50,1.24012356e+00,3.92971443e-08,95,28,0,84,normal_corr_dominates,1.30589314e+00,1.00000000e+00,2.49999917e+07,-8.27081724e+00,-3.58681723e+00,-4.68400001e+00,1.00020589e-09
50,1.24012356e+00,3.92971443e-08,95,28,1,85,normal_corr_dominates,1.63447450e+00,1.00000000e+00,2.50000023e+07,2.27574407e+00,-3.58681723e+00,5.86256130e+00,1.00017096e-09
50,1.24012356e+00,3.92971443e-08,95,29,0,87,normal_corr_dominates,9.77333021e+00,1.00000000e+00,2.49999961e+07,-3.89653366e+00,-3.61683303e-01,-3.53485035e+00,1.00019545e-09
50,1.24012356e+00,3.92971443e-08,95,29,1,88,normal_corr_dominates,2.66672590e+00,1.00000000e+00,2.50000006e+07,6.02826929e-01,-3.61683303e-01,9.64510232e-01,1.00017462e-09
50,1.24012356e+00,3.92971443e-08,95,29,2,89,normal_corr_dominates,1.04215742e+01,1.00000000e+00,2.50000034e+07,3.40762607e+00,-3.61683303e-01,3.76930937e+00,1.00016475e-09
50,1.24012356e+00,3.92971443e-08,95,30,0,90,normal_corr_dominates,1.72199349e+01,1.00000000e+00,2.49999889e+07,-1.11327635e+01,-6.11021037e-01,-1.05217425e+01,1.00016352e-09
50,1.24012356e+00,3.92971443e-08,95,30,2,92,normal_corr_dominates,6.99211808e+00,1.00000000e+00,2.50000037e+07,3.66131020e+00,-6.11021037e-01,4.27233124e+00,1.00015874e-09
50,1.24012356e+00,3.92971443e-08,95,32,1,97,normal_corr_dominates,2.98766330e+00,1.00000000e+00,2.49999830e+07,-1.70303639e+01,-4.27076277e+00,-1.27596012e+01,1.00015823e-09
50,1.24012356e+00,3.92971443e-08,95,32,2,98,normal_corr_dominates,1.80959013e+00,1.00000000e+00,2.50000035e+07,3.45756736e+00,-4.27076277e+00,7.72833013e+00,1.00016542e-09
50,1.24012356e+00,3.92971443e-08,95,35,1,106,normal_corr_dominates,7.61143607e+00,1.00000000e+00,2.49999750e+07,-2.49765664e+01,-2.90039503e+00,-2.20761714e+01,1.00021993e-09
50,1.24012356e+00,3.92971443e-08,95,35,2,107,normal_corr_dominates,2.50729725e+00,1.00000000e+00,2.50000044e+07,4.37175746e+00,-2.90039503e+00,7.27215249e+00,1.00015904e-09
50,1.24012356e+00,3.92971443e-08,95,13,0,39,normal_corr_dominates,2.32026466e+01,1.00000000e+00,2.50000051e+07,5.12661785e+00,2.11820547e-01,4.91479731e+00,1.00018389e-09
50,1.24012356e+00,3.92971443e-08,95,13,1,40,normal_corr_dominates,7.43188883e+01,1.00000000e+00,2.49999845e+07,-1.55304470e+01,2.11820547e-01,-1.57422676e+01,1.00023353e-09
50,1.24012356e+00,3.92971443e-08,95,13,2,41,normal_corr_dominates,3.13847838e+01,1.00000000e+00,2.50000069e+07,6.85976263e+00,2.11820547e-01,6.64794208e+00,1.00015369e-09
50,1.24012356e+00,3.92971443e-08,95,25,0,75,normal_corr_dominates,9.77903986e+00,1.00000000e+00,2.50000056e+07,5.56256924e+00,-6.33619318e-01,6.19618856e+00,1.00019707e-09
50,1.24012356e+00,3.92971443e-08,95,25,1,76,normal_corr_dominates,7.50508990e+00,1.00000000e+00,2.50000041e+07,4.12175062e+00,-6.33619318e-01,4.75536994e+00,1.00016954e-09
50,1.24012356e+00,3.92971443e-08,95,25,2,77,normal_corr_dominates,2.35529132e+01,1.00000000e+00,2.49999844e+07,-1.55572001e+01,-6.33619318e-01,-1.49235808e+01,1.00015222e-09
