step,time_s,time_yr,rank,fi,dof,owned_dof_idx,event,value,threshold,sigma_n_eff,normal_traction,normal_stress,normal_corr,V_mag
1,1.00000000e-02,3.16880878e-10,96,0,0,0,corr_ratio_high,9.38020437e-01,5.00000000e-01,2.49999997e+07,-2.68285799e-01,-1.95728037e-01,-7.25577614e-02,1.00000090e-09
1,1.00000000e-02,3.16880878e-10,96,0,2,2,normal_corr_dominates,1.14306577e+00,1.00000000e+00,2.50000000e+07,2.80019819e-02,-1.95728037e-01,2.23730019e-01,1.00000151e-09
1,1.00000000e-02,3.16880878e-10,96,1,0,3,normal_corr_dominates,8.23551636e+00,1.00000000e+00,2.50000002e+07,2.28717933e-01,-3.16104507e-02,2.60328384e-01,1.00000191e-09
1,1.00000000e-02,3.16880878e-10,96,1,1,4,normal_corr_dominates,8.81079525e+00,1.00000000e+00,2.49999997e+07,-3.10123660e-01,-3.16104507e-02,-2.78513209e-01,1.00000121e-09
1,1.00000000e-02,3.16880878e-10,96,1,1,4,corr_ratio_high,8.70211600e-01,5.00000000e-01,2.49999997e+07,-3.10123660e-01,-3.16104507e-02,-2.78513209e-01,1.00000121e-09
1,1.00000000e-02,3.16880878e-10,96,1,2,5,normal_corr_dominates,6.57144043e+00,1.00000000e+00,2.49999998e+07,-2.39336645e-01,-3.16104507e-02,-2.07726194e-01,1.00000176e-09
1,1.00000000e-02,3.16880878e-10,96,2,0,6,normal_corr_dominates,1.16690582e+00,1.00000000e+00,2.50000000e+07,1.57342435e-02,-9.42701887e-02,1.10004432e-01,1.00000135e-09
1,1.00000000e-02,3.16880878e-10,96,2,0,6,corr_ratio_high,5.82983201e-01,5.00000000e-01,2.50000000e+07,1.57342435e-02,-9.42701887e-02,1.10004432e-01,1.00000135e-09
1,1.00000000e-02,3.16880878e-10,96,2,1,7,normal_corr_dominates,3.62694737e+00,1.00000000e+00,2.49999996e+07,-4.36183201e-01,-9.42701887e-02,-3.41913013e-01,1.00000160e-09
1,1.00000000e-02,3.16880878e-10,96,2,2,8,normal_corr_dominates,3.76547558e+00,1.00000000e+00,2.50000003e+07,2.60701904e-01,-9.42701887e-02,3.54972093e-01,1.00000244e-09
1,1.00000000e-02,3.16880878e-10,96,3,0,9,normal_corr_dominates,1.77217215e+01,1.00000000e+00,2.49999995e+07,-5.08009346e-01,-2.71347561e-02,-4.80874590e-01,1.00000370e-09
1,1.00000000e-02,3.16880878e-10,96,3,0,9,corr_ratio_high,5.86173898e-01,5.00000000e-01,2.49999995e+07,-5.08009346e-01,-2.71347561e-02,-4.80874590e-01,1.00000370e-09
1,1.00000000e-02,3.16880878e-10,96,3,1,10,normal_corr_dominates,8.80930903e+00,1.00000000e+00,2.49999997e+07,-2.66173208e-01,-2.71347561e-02,-2.39038452e-01,1.00000098e-09
1,1.00000000e-02,3.16880878e-10,96,3,1,10,corr_ratio_high,8.53897900e-01,5.00000000e-01,2.49999997e+07,-2.66173208e-01,-2.71347561e-02,-2.39038452e-01,1.00000098e-09
1,1.00000000e-02,3.16880878e-10,96,3,2,11,normal_corr_dominates,1.11382521e+01,1.00000000e+00,2.50000003e+07,2.75098999e-01,-2.71347561e-02,3.02233755e-01,1.00000041e-09
1,1.00000000e-02,3.16880878e-10,96,3,2,11,corr_ratio_high,1.80270206e+00,5.00000000e-01,2.50000003e+07,2.75098999e-01,-2.71347561e-02,3.02233755e-01,1.00000041e-09
1,1.00000000e-02,3.16880878e-10,96,4,0,12,normal_corr_dominates,1.61789976e+00,1.00000000e+00,2.49999999e+07,-5.70901597e-02,-2.18076187e-02,-3.52825410e-02,1.00000171e-09
1,1.00000000e-02,3.16880878e-10,96,4,1,13,normal_corr_dominates,2.85628284e+00,1.00000000e+00,2.50000000e+07,4.04811083e-02,-2.18076187e-02,6.22887270e-02,1.00000146e-09
1,1.00000000e-02,3.16880878e-10,96,4,2,14,normal_corr_dominates,6.87256829e+00,1.00000000e+00,2.50000001e+07,1.28066730e-01,-2.18076187e-02,1.49874349e-01,1.00000118e-09
1,1.00000000e-02,3.16880878e-10,96,5,0,15,normal_corr_dominates,2.15048888e+00,1.00000000e+00,2.50000002e+07,1.91592930e-01,-1.66531753e-01,3.58124683e-01,1.00000106e-09
1,1.00000000e-02,3.16880878e-10,96,5,1,16,normal_corr_dominates,1.43078622e+00,1.00000000e+00,2.49999996e+07,-4.04803090e-01,-1.66531753e-01,-2.38271337e-01,1.00000172e-09
1,1.00000000e-02,3.16880878e-10,96,5,2,17,normal_corr_dominates,1.71279285e+00,1.00000000e+00,2.49999995e+07,-4.51766148e-01,-1.66531753e-01,-2.85234395e-01,1.00000183e-09
1,1.00000000e-02,3.16880878e-10,96,6,1,19,normal_corr_dominates,2.06683916e+00,1.00000000e+00,2.50000001e+07,1.17463541e-01,-1.10104265e-01,2.27567805e-01,1.00000109e-09
1,1.00000000e-02,3.16880878e-10,96,6,2,20,normal_corr_dominates,3.89072392e+00,1.00000000e+00,2.49999995e+07,-5.38489560e-01,-1.10104265e-01,-4.28385295e-01,1.00000223e-09
1,1.00000000e-02,3.16880878e-10,96,7,0,21,normal_corr_dominates,6.60829978e+01,1.00000000e+00,2.49999998e+07,-2.13517159e-01,-3.18288040e-03,-2.10334279e-01,1.00000141e-09
1,1.00000000e-02,3.16880878e-10,96,7,1,22,normal_corr_dominates,4.19277124e+01,1.00000000e+00,2.49999999e+07,-1.36633775e-01,-3.18288040e-03,-1.33450894e-01,1.00000189e-09
1,1.00000000e-02,3.16880878e-10,96,7,2,23,normal_corr_dominates,1.07646813e+02,1.00000000e+00,2.50000003e+07,3.39444051e-01,-3.18288040e-03,3.42626931e-01,1.00000179e-09
1,1.00000000e-02,3.16880878e-10,96,8,0,24,normal_corr_dominates,4.51661602e+00,1.00000000e+00,2.49999998e+07,-2.41529911e-01,-4.37822590e-02,-1.97747652e-01,1.00000135e-09
1,1.00000000e-02,3.16880878e-10,96,8,1,25,normal_corr_dominates,4.71693234e+00,1.00000000e+00,2.50000002e+07,1.62735694e-01,-4.37822590e-02,2.06517953e-01,1.00000102e-09
1,1.00000000e-02,3.16880878e-10,96,8,1,25,corr_ratio_high,5.26052333e-01,5.00000000e-01,2.50000002e+07,1.62735694e-01,-4.37822590e-02,2.06517953e-01,1.00000102e-09
1,1.00000000e-02,3.16880878e-10,96,8,2,26,normal_corr_dominates,3.02853503e+00,1.00000000e+00,2.50000001e+07,8.88138461e-02,-4.37822590e-02,1.32596105e-01,1.00000153e-09
1,1.00000000e-02,3.16880878e-10,96,9,0,27,normal_corr_dominates,1.32609286e+00,1.00000000e+00,2.50000000e+07,3.63950668e-02,-1.11609516e-01,1.48004583e-01,1.00000198e-09
1,1.00000000e-02,3.16880878e-10,96,9,1,28,normal_corr_dominates,2.16789152e+00,1.00000000e+00,2.49999996e+07,-3.53566840e-01,-1.11609516e-01,-2.41957324e-01,1.00000153e-09
1,1.00000000e-02,3.16880878e-10,96,9,2,29,normal_corr_dominates,2.48330437e+00,1.00000000e+00,2.49999996e+07,-3.88769915e-01,-1.11609516e-01,-2.77160399e-01,1.00000156e-09
1,1.00000000e-02,3.16880878e-10,96,10,0,30,normal_corr_dominates,5.25152268e+00,1.00000000e+00,2.50000002e+07,1.50826252e-01,-3.54758196e-02,1.86302071e-01,1.00000155e-09
1,1.00000000e-02,3.16880878e-10,96,10,1,31,normal_corr_dominates,1.06654183e+01,1.00000000e+00,2.50000003e+07,3.42888636e-01,-3.54758196e-02,3.78364455e-01,1.00000263e-09
1,1.00000000e-02,3.16880878e-10,96,10,2,32,normal_corr_dominates,9.45727758e+00,1.00000000e+00,2.49999996e+07,-3.70980493e-01,-3.54758196e-02,-3.35504673e-01,1.00000153e-09
1,1.00000000e-02,3.16880878e-10,96,11,0,33,normal_corr_dominates,2.76548707e+00,1.00000000e+00,2.49999999e+07,-6.04708238e-02,-1.60592302e-02,-4.44115936e-02,1.00000220e-09
1,1.00000000e-02,3.16880878e-10,96,11,1,34,normal_corr_dominates,6.39726263e+00,1.00000000e+00,2.50000001e+07,8.66758832e-02,-1.60592302e-02,1.02735113e-01,1.00000195e-09
1,1.00000000e-02,3.16880878e-10,96,11,2,35,normal_corr_dominates,1.16374140e+01,1.00000000e+00,2.49999998e+07,-2.02947141e-01,-1.60592302e-02,-1.86887911e-01,1.00000108e-09
1,1.00000000e-02,3.16880878e-10,96,11,2,35,corr_ratio_high,1.01983031e+00,5.00000000e-01,2.49999998e+07,-2.02947141e-01,-1.60592302e-02,-1.86887911e-01,1.00000108e-09
1,1.00000000e-02,3.16880878e-10,96,12,1,37,normal_corr_dominates,1.17061908e+00,1.00000000e+00,2.50000000e+07,3.15434090e-02,-1.84876215e-01,2.16419624e-01,1.00000132e-09
1,1.00000000e-02,3.16880878e-10,96,13,0,39,normal_corr_dominates,1.79024579e+00,1.00000000e+00,2.50000001e+07,7.56047836e-02,-9.56724916e-02,1.71277275e-01,1.00000107e-09
1,1.00000000e-02,3.16880878e-10,96,14,0,42,normal_corr_dominates,3.13701306e+00,1.00000000e+00,2.49999999e+07,-7.30677469e-02,-1.76619571e-02,-5.54057899e-02,1.00000158e-09
1,1.00000000e-02,3.16880878e-10,96,14,1,43,normal_corr_dominates,3.18136737e+00,1.00000000e+00,2.49999999e+07,-7.38511309e-02,-1.76619571e-02,-5.61891738e-02,1.00000134e-09
1,1.00000000e-02,3.16880878e-10,96,14,2,44,normal_corr_dominates,1.82230707e+01,1.00000000e+00,2.50000003e+07,3.04193135e-01,-1.76619571e-02,3.21855092e-01,1.00000220e-09
1,1.00000000e-02,3.16880878e-10,96,15,0,45,normal_corr_dominates,1.41608414e+00,1.00000000e+00,2.49999998e+07,-2.03100719e-01,-8.40619396e-02,-1.19038779e-01,1.00000129e-09
1,1.00000000e-02,3.16880878e-10,96,15,1,46,normal_corr_dominates,2.80535542e+00,1.00000000e+00,2.50000002e+07,1.51761678e-01,-8.40619396e-02,2.35823618e-01,1.00000134e-09
1,1.00000000e-02,3.16880878e-10,96,15,2,47,normal_corr_dominates,3.92237484e+00,1.00000000e+00,2.49999996e+07,-4.13784377e-01,-8.40619396e-02,-3.29722437e-01,1.00000193e-09
1,1.00000000e-02,3.16880878e-10,96,16,2,50,normal_corr_dominates,1.02908191e+00,1.00000000e+00,2.50000000e+07,4.24439670e-03,-1.45946267e-01,1.50190664e-01,1.00000138e-09
1,1.00000000e-02,3.16880878e-10,96,17,0,51,corr_ratio_high,5.13982625e-01,5.00000000e-01,2.50000000e+07,-4.54269413e-02,-1.36902108e-01,9.14751664e-02,1.00000327e-09
1,1.00000000e-02,3.16880878e-10,96,17,1,52,normal_corr_dominates,1.26465633e+00,1.00000000e+00,2.50000000e+07,3.62320098e-02,-1.36902108e-01,1.73134118e-01,1.00000202e-09
1,1.00000000e-02,3.16880878e-10,96,17,2,53,corr_ratio_high,2.58761931e+00,5.00000000e-01,2.50000000e+07,-4.38370787e-04,-1.36902108e-01,1.36463737e-01,1.00000032e-09
1,1.00000000e-02,3.16880878e-10,96,18,2,56,normal_corr_dominates,1.01281341e+00,1.00000000e+00,2.50000000e+07,3.21607194e-03,-2.50992641e-01,2.54208713e-01,1.00000163e-09
1,1.00000000e-02,3.16880878e-10,96,19,0,57,normal_corr_dominates,1.49376211e+01,1.00000000e+00,2.49999992e+07,-7.61770252e-01,-4.77969858e-02,-7.13973266e-01,1.00000122e-09
1,1.00000000e-02,3.16880878e-10,96,19,0,57,corr_ratio_high,1.16808453e+00,5.00000000e-01,2.49999992e+07,-7.61770252e-01,-4.77969858e-02,-7.13973266e-01,1.00000122e-09
1,1.00000000e-02,3.16880878e-10,96,19,2,59,normal_corr_dominates,2.33343933e+00,1.00000000e+00,2.50000001e+07,6.37343806e-02,-4.77969858e-02,1.11531366e-01,1.00000140e-09
1,1.00000000e-02,3.16880878e-10,96,20,1,61,normal_corr_dominates,1.05843724e+00,1.00000000e+00,2.50000000e+07,7.00718456e-03,-1.19909581e-01,1.26916766e-01,1.00000186e-09
1,1.00000000e-02,3.16880878e-10,96,20,2,62,normal_corr_dominates,2.50564727e+00,1.00000000e+00,2.49999996e+07,-4.20360695e-01,-1.19909581e-01,-3.00451114e-01,1.00000147e-09
1,1.00000000e-02,3.16880878e-10,96,21,0,63,normal_corr_dominates,1.61768811e+00,1.00000000e+00,2.49999998e+07,-2.39450882e-01,-9.14741835e-02,-1.47976699e-01,1.00000138e-09
1,1.00000000e-02,3.16880878e-10,96,21,1,64,normal_corr_dominates,2.32020856e+00,1.00000000e+00,2.50000001e+07,1.20765000e-01,-9.14741835e-02,2.12239184e-01,1.00000143e-09
1,1.00000000e-02,3.16880878e-10,96,21,2,65,normal_corr_dominates,1.46485538e+00,1.00000000e+00,2.50000000e+07,4.25222667e-02,-9.14741835e-02,1.33996450e-01,1.00000163e-09
1,1.00000000e-02,3.16880878e-10,96,22,0,66,normal_corr_dominates,2.80639827e+00,1.00000000e+00,2.50000002e+07,1.72692645e-01,-9.56005371e-02,2.68293182e-01,1.00000204e-09
1,1.00000000e-02,3.16880878e-10,96,22,1,67,normal_corr_dominates,1.31371987e+00,1.00000000e+00,2.49999998e+07,-2.21192863e-01,-9.56005371e-02,-1.25592326e-01,1.00000177e-09
1,1.00000000e-02,3.16880878e-10,96,22,2,68,corr_ratio_high,1.57340580e+00,5.00000000e-01,2.49999999e+07,-5.90265992e-02,-9.56005371e-02,3.65739379e-02,1.00000075e-09
1,1.00000000e-02,3.16880878e-10,96,23,0,69,normal_corr_dominates,8.41569575e+00,1.00000000e+00,2.49999999e+07,-7.80246472e-02,-8.28665765e-03,-6.97379895e-02,1.00000186e-09
1,1.00000000e-02,3.16880878e-10,96,23,1,70,normal_corr_dominates,5.84420646e+00,1.00000000e+00,2.49999999e+07,-5.67155958e-02,-8.28665765e-03,-4.84289381e-02,1.00000150e-09
1,1.00000000e-02,3.16880878e-10,96,23,2,71,normal_corr_dominates,3.23792744e+01,1.00000000e+00,2.50000003e+07,2.60029304e-01,-8.28665765e-03,2.68315962e-01,1.00000193e-09
1,1.00000000e-02,3.16880878e-10,96,24,1,73,corr_ratio_high,5.80220394e-01,5.00000000e-01,2.49999999e+07,-6.10402327e-02,-1.60678125e-01,9.96378924e-02,1.00000108e-09
1,1.00000000e-02,3.16880878e-10,96,24,2,74,normal_corr_dominates,1.08509711e+00,1.00000000e+00,2.49999997e+07,-3.35029495e-01,-1.60678125e-01,-1.74351369e-01,1.00000162e-09
1,1.00000000e-02,3.16880878e-10,96,26,0,78,normal_corr_dominates,5.34899483e+00,1.00000000e+00,2.50000002e+07,2.34691347e-01,-5.39645036e-02,2.88655851e-01,1.00000284e-09
1,1.00000000e-02,3.16880878e-10,96,26,0,78,corr_ratio_high,5.00051203e-01,5.00000000e-01,2.50000002e+07,2.34691347e-01,-5.39645036e-02,2.88655851e-01,1.00000284e-09
1,1.00000000e-02,3.16880878e-10,96,26,1,79,normal_corr_dominates,1.86995544e+00,1.00000000e+00,2.49999998e+07,-1.54875720e-01,-5.39645036e-02,-1.00911217e-01,1.00000156e-09
1,1.00000000e-02,3.16880878e-10,96,26,2,80,normal_corr_dominates,4.36330562e+00,1.00000000e+00,2.49999997e+07,-2.89428125e-01,-5.39645036e-02,-2.35463622e-01,1.00000089e-09
1,1.00000000e-02,3.16880878e-10,96,26,2,80,corr_ratio_high,1.23111234e+00,5.00000000e-01,2.49999997e+07,-2.89428125e-01,-5.39645036e-02,-2.35463622e-01,1.00000089e-09
1,1.00000000e-02,3.16880878e-10,96,27,0,81,normal_corr_dominates,4.40416470e+00,1.00000000e+00,2.49999997e+07,-2.60846846e-01,-4.82677454e-02,-2.12579101e-01,1.00000139e-09
1,1.00000000e-02,3.16880878e-10,96,27,1,82,normal_corr_dominates,2.70779411e+00,1.00000000e+00,2.50000001e+07,8.24313712e-02,-4.82677454e-02,1.30699117e-01,1.00000135e-09
1,1.00000000e-02,3.16880878e-10,96,29,0,87,normal_corr_dominates,1.04528920e+01,1.00000000e+00,2.49999993e+07,-7.08456976e-01,-6.18583475e-02,-6.46598628e-01,1.00000128e-09
1,1.00000000e-02,3.16880878e-10,96,29,0,87,corr_ratio_high,8.83280128e-01,5.00000000e-01,2.49999993e+07,-7.08456976e-01,-6.18583475e-02,-6.46598628e-01,1.00000128e-09
1,1.00000000e-02,3.16880878e-10,96,29,1,88,normal_corr_dominates,5.74468748e+00,1.00000000e+00,2.49999996e+07,-4.17215222e-01,-6.18583475e-02,-3.55356875e-01,1.00000163e-09
1,1.00000000e-02,3.16880878e-10,96,29,2,89,normal_corr_dominates,3.28600448e+00,1.00000000e+00,2.50000001e+07,1.41408459e-01,-6.18583475e-02,2.03266807e-01,1.00000145e-09
1,1.00000000e-02,3.16880878e-10,96,30,2,92,normal_corr_dominates,1.40989115e+00,1.00000000e+00,2.49999996e+07,-4.15392654e-01,-1.72369882e-01,-2.43022772e-01,1.00000173e-09
1,1.00000000e-02,3.16880878e-10,96,31,0,93,normal_corr_dominates,1.53376420e+00,1.00000000e+00,2.49999998e+07,-1.88459513e-01,-7.43792629e-02,-1.14080250e-01,1.00000143e-09
1,1.00000000e-02,3.16880878e-10,96,31,1,94,normal_corr_dominates,1.39629051e+00,1.00000000e+00,2.50000000e+07,2.94757963e-02,-7.43792629e-02,1.03855059e-01,1.00000175e-09
1,1.00000000e-02,3.16880878e-10,96,31,2,95,normal_corr_dominates,1.98321037e+00,1.00000000e+00,2.50000001e+07,7.31304623e-02,-7.43792629e-02,1.47509725e-01,1.00000132e-09
1,1.00000000e-02,3.16880878e-10,96,32,1,97,normal_corr_dominates,2.36977118e+00,1.00000000e+00,2.49999998e+07,-2.38010120e-01,-7.06309442e-02,-1.67379176e-01,1.00000124e-09
1,1.00000000e-02,3.16880878e-10,96,33,0,99,normal_corr_dominates,5.48819173e+00,1.00000000e+00,2.49999996e+07,-3.56511034e-01,-5.49476725e-02,-3.01563362e-01,1.00000143e-09
1,1.00000000e-02,3.16880878e-10,96,33,1,100,normal_corr_dominates,1.35138981e+00,1.00000000e+00,2.49999999e+07,-1.29203397e-01,-5.49476725e-02,-7.42557250e-02,1.00000146e-09
1,1.00000000e-02,3.16880878e-10,96,33,2,101,normal_corr_dominates,3.26399225e+00,1.00000000e+00,2.50000001e+07,1.24401105e-01,-5.49476725e-02,1.79348778e-01,1.00000145e-09
1,1.00000000e-02,3.16880878e-10,96,34,0,102,normal_corr_dominates,2.25312774e+00,1.00000000e+00,2.49999996e+07,-4.18257318e-01,-1.28570825e-01,-2.89686493e-01,1.00000121e-09
1,1.00000000e-02,3.16880878e-10,96,34,1,103,normal_corr_dominates,2.07617806e+00,1.00000000e+00,2.50000001e+07,1.38365102e-01,-1.28570825e-01,2.66935927e-01,1.00000113e-09
1,1.00000000e-02,3.16880878e-10,96,35,0,105,normal_corr_dominates,3.97756403e+01,1.00000000e+00,2.50000005e+07,5.06250362e-01,-1.30558866e-02,5.19306249e-01,1.00000217e-09
1,1.00000000e-02,3.16880878e-10,96,35,1,106,normal_corr_dominates,2.03156330e+01,1.00000000e+00,2.49999997e+07,-2.78294487e-01,-1.30558866e-02,-2.65238600e-01,1.00000300e-09
1,1.00000000e-02,3.16880878e-10,96,35,2,107,normal_corr_dominates,4.13817870e+01,1.00000000e+00,2.49999994e+07,-5.53331805e-01,-1.30558866e-02,-5.40275918e-01,1.00000050e-09
1,1.00000000e-02,3.16880878e-10,96,35,2,107,corr_ratio_high,4.27316077e+00,5.00000000e-01,2.49999994e+07,-5.53331805e-01,-1.30558866e-02,-5.40275918e-01,1.00000050e-09
1,1.00000000e-02,3.16880878e-10,96,36,1,109,corr_ratio_high,7.26440338e-01,5.00000000e-01,2.49999997e+07,-2.82543551e-01,-2.36019983e-01,-4.65235679e-02,1.00000093e-09
1,1.00000000e-02,3.16880878e-10,96,37,0,111,normal_corr_dominates,1.87106616e+00,1.00000000e+00,2.50000000e+07,4.21126568e-02,-4.83461059e-02,9.04587627e-02,1.00000153e-09
1,1.00000000e-02,3.16880878e-10,96,37,2,113,normal_corr_dominates,2.72527516e+00,1.00000000e+00,2.50000001e+07,8.34103357e-02,-4.83461059e-02,1.31756442e-01,1.00000108e-09
2,2.87484385e-02,9.10983044e-10,96,0,0,0,corr_ratio_high,9.37985444e-01,5.00000000e-01,2.49999992e+07,-7.65901905e-01,-5.58794189e-01,-2.07107716e-01,1.00000256e-09
2,2.87484385e-02,9.10983044e-10,96,0,2,2,normal_corr_dominates,1.14279964e+00,1.00000000e+00,2.50000001e+07,7.97956113e-02,-5.58794189e-01,6.38589800e-01,1.00000431e-09
2,2.87484385e-02,9.10983044e-10,96,1,0,3,normal_corr_dominates,8.24568468e+00,1.00000000e+00,2.50000007e+07,6.53161512e-01,-9.01448989e-02,7.43306411e-01,1.00000545e-09
2,2.87484385e-02,9.10983044e-10,96,1,1,4,normal_corr_dominates,8.82351325e+00,1.00000000e+00,2.49999991e+07,-8.85539608e-01,-9.01448989e-02,-7.95394710e-01,1.00000347e-09
2,2.87484385e-02,9.10983044e-10,96,1,1,4,corr_ratio_high,8.70586021e-01,5.00000000e-01,2.49999991e+07,-8.85539608e-01,-9.01448989e-02,-7.95394710e-01,1.00000347e-09
2,2.87484385e-02,9.10983044e-10,96,1,2,5,normal_corr_dominates,6.57850323e+00,1.00000000e+00,2.49999993e+07,-6.83163407e-01,-9.01448989e-02,-5.93018508e-01,1.00000503e-09
2,2.87484385e-02,9.10983044e-10,96,2,0,6,normal_corr_dominates,1.16739417e+00,1.00000000e+00,2.50000000e+07,4.50404326e-02,-2.69068104e-01,3.14108537e-01,1.00000385e-09
2,2.87484385e-02,9.10983044e-10,96,2,0,6,corr_ratio_high,5.83219806e-01,5.00000000e-01,2.50000000e+07,4.50404326e-02,-2.69068104e-01,3.14108537e-01,1.00000385e-09
2,2.87484385e-02,9.10983044e-10,96,2,1,7,normal_corr_dominates,3.62631771e+00,1.00000000e+00,2.49999988e+07,-1.24479453e+00,-2.69068104e-01,-9.75726430e-01,1.00000456e-09
2,2.87484385e-02,9.10983044e-10,96,2,2,8,normal_corr_dominates,3.76455092e+00,1.00000000e+00,2.50000007e+07,7.43852476e-01,-2.69068104e-01,1.01292058e+00,1.00000697e-09
2,2.87484385e-02,9.10983044e-10,96,3,0,9,normal_corr_dominates,1.77083753e+01,1.00000000e+00,2.49999985e+07,-1.45033317e+00,-7.75232030e-02,-1.37280997e+00,1.00001055e-09
2,2.87484385e-02,9.10983044e-10,96,3,0,9,corr_ratio_high,5.86198532e-01,5.00000000e-01,2.49999985e+07,-1.45033317e+00,-7.75232030e-02,-1.37280997e+00,1.00001055e-09
2,2.87484385e-02,9.10983044e-10,96,3,1,10,normal_corr_dominates,8.79611940e+00,1.00000000e+00,2.49999992e+07,-7.59426553e-01,-7.75232030e-02,-6.81903350e-01,1.00000280e-09
2,2.87484385e-02,9.10983044e-10,96,3,1,10,corr_ratio_high,8.54124742e-01,5.00000000e-01,2.49999992e+07,-7.59426553e-01,-7.75232030e-02,-6.81903350e-01,1.00000280e-09
2,2.87484385e-02,9.10983044e-10,96,3,2,11,normal_corr_dominates,1.11291603e+01,1.00000000e+00,2.50000008e+07,7.85244951e-01,-7.75232030e-02,8.62768154e-01,1.00000116e-09
2,2.87484385e-02,9.10983044e-10,96,3,2,11,corr_ratio_high,1.80192317e+00,5.00000000e-01,2.50000008e+07,7.85244951e-01,-7.75232030e-02,8.62768154e-01,1.00000116e-09
2,2.87484385e-02,9.10983044e-10,96,4,0,12,normal_corr_dominates,1.61610906e+00,1.00000000e+00,2.49999998e+07,-1.62857742e-01,-6.22518931e-02,-1.00605848e-01,1.00000487e-09
2,2.87484385e-02,9.10983044e-10,96,4,1,13,normal_corr_dominates,2.85524827e+00,1.00000000e+00,2.50000001e+07,1.15492717e-01,-6.22518931e-02,1.77744610e-01,1.00000415e-09
2,2.87484385e-02,9.10983044e-10,96,4,2,14,normal_corr_dominates,6.87446109e+00,1.00000000e+00,2.50000004e+07,3.65696324e-01,-6.22518931e-02,4.27948217e-01,1.00000336e-09
2,2.87484385e-02,9.10983044e-10,96,5,0,15,normal_corr_dominates,2.14972749e+00,1.00000000e+00,2.50000005e+07,5.46671842e-01,-4.75479491e-01,1.02215133e+00,1.00000303e-09
2,2.87484385e-02,9.10983044e-10,96,5,1,16,normal_corr_dominates,1.43025618e+00,1.00000000e+00,2.49999988e+07,-1.15553697e+00,-4.75479491e-01,-6.80057479e-01,1.00000491e-09
2,2.87484385e-02,9.10983044e-10,96,5,2,17,normal_corr_dominates,1.71246799e+00,1.00000000e+00,2.49999987e+07,-1.28972290e+00,-4.75479491e-01,-8.14243408e-01,1.00000522e-09
2,2.87484385e-02,9.10983044e-10,96,6,1,19,normal_corr_dominates,2.06607047e+00,1.00000000e+00,2.50000003e+07,3.35090332e-01,-3.14322871e-01,6.49413203e-01,1.00000312e-09
2,2.87484385e-02,9.10983044e-10,96,6,2,20,normal_corr_dominates,3.89057677e+00,1.00000000e+00,2.49999985e+07,-1.53722013e+00,-3.14322871e-01,-1.22289726e+00,1.00000636e-09
2,2.87484385e-02,9.10983044e-10,96,7,0,21,normal_corr_dominates,6.66159981e+01,1.00000000e+00,2.49999994e+07,-6.09774011e-01,-9.01819138e-03,-6.00755820e-01,1.00000403e-09
2,2.87484385e-02,9.10983044e-10,96,7,1,22,normal_corr_dominates,4.22290839e+01,1.00000000e+00,2.49999996e+07,-3.89848152e-01,-9.01819138e-03,-3.80829961e-01,1.00000541e-09
2,2.87484385e-02,9.10983044e-10,96,7,2,23,normal_corr_dominates,1.08443906e+02,1.00000000e+00,2.50000010e+07,9.68949705e-01,-9.01819138e-03,9.77967896e-01,1.00000511e-09
2,2.87484385e-02,9.10983044e-10,96,8,0,24,normal_corr_dominates,4.51042161e+00,1.00000000e+00,2.49999993e+07,-6.89264306e-01,-1.25083770e-01,-5.64180537e-01,1.00000384e-09
2,2.87484385e-02,9.10983044e-10,96,8,1,25,normal_corr_dominates,4.71231452e+00,1.00000000e+00,2.50000005e+07,4.64350294e-01,-1.25083770e-01,5.89434063e-01,1.00000291e-09
2,2.87484385e-02,9.10983044e-10,96,8,1,25,corr_ratio_high,5.25929615e-01,5.00000000e-01,2.50000005e+07,4.64350294e-01,-1.25083770e-01,5.89434063e-01,1.00000291e-09
2,2.87484385e-02,9.10983044e-10,96,8,2,26,normal_corr_dominates,3.02404869e+00,1.00000000e+00,2.50000003e+07,2.53175640e-01,-1.25083770e-01,3.78259410e-01,1.00000437e-09
2,2.87484385e-02,9.10983044e-10,96,9,0,27,normal_corr_dominates,1.32490274e+00,1.00000000e+00,2.50000001e+07,1.03570097e-01,-3.18772624e-01,4.22342721e-01,1.00000566e-09
2,2.87484385e-02,9.10983044e-10,96,9,1,28,normal_corr_dominates,2.16640109e+00,1.00000000e+00,2.49999990e+07,-1.00936198e+00,-3.18772624e-01,-6.90589359e-01,1.00000438e-09
2,2.87484385e-02,9.10983044e-10,96,9,2,29,normal_corr_dominates,2.48155397e+00,1.00000000e+00,2.49999989e+07,-1.10982409e+00,-3.18772624e-01,-7.91051470e-01,1.00000446e-09
2,2.87484385e-02,9.10983044e-10,96,10,0,30,normal_corr_dominates,5.25566096e+00,1.00000000e+00,2.50000004e+07,4.30770465e-01,-1.01222929e-01,5.31993394e-01,1.00000442e-09
2,2.87484385e-02,9.10983044e-10,96,10,1,31,normal_corr_dominates,1.06646495e+01,1.00000000e+00,2.50000010e+07,9.78284129e-01,-1.01222929e-01,1.07950706e+00,1.00000751e-09
2,2.87484385e-02,9.10983044e-10,96,10,2,32,normal_corr_dominates,9.46077819e+00,1.00000000e+00,2.49999989e+07,-1.05887060e+00,-1.01222929e-01,-9.57647675e-01,1.00000437e-09
2,2.87484385e-02,9.10983044e-10,96,11,0,33,normal_corr_dominates,2.77855183e+00,1.00000000e+00,2.49999998e+07,-1.72759952e-01,-4.57212075e-02,-1.27038745e-01,1.00000627e-09
2,2.87484385e-02,9.10983044e-10,96,11,1,34,normal_corr_dominates,6.41729603e+00,1.00000000e+00,2.50000002e+07,2.47685316e-01,-4.57212075e-02,2.93406523e-01,1.00000557e-09
2,2.87484385e-02,9.10983044e-10,96,11,2,35,normal_corr_dominates,1.16724270e+01,1.00000000e+00,2.49999994e+07,-5.79398664e-01,-4.57212075e-02,-5.33677456e-01,1.00000308e-09
2,2.87484385e-02,9.10983044e-10,96,11,2,35,corr_ratio_high,1.01993011e+00,5.00000000e-01,2.49999994e+07,-5.79398664e-01,-4.57212075e-02,-5.33677456e-01,1.00000308e-09
2,2.87484385e-02,9.10983044e-10,96,12,1,37,normal_corr_dominates,1.17024534e+00,1.00000000e+00,2.50000001e+07,8.98634366e-02,-5.27846688e-01,6.17710125e-01,1.00000376e-09
2,2.87484385e-02,9.10983044e-10,96,13,0,39,normal_corr_dominates,1.78881720e+00,1.00000000e+00,2.50000002e+07,2.15541989e-01,-2.73247070e-01,4.88789060e-01,1.00000304e-09
2,2.87484385e-02,9.10983044e-10,96,14,0,42,normal_corr_dominates,3.13617328e+00,1.00000000e+00,2.49999998e+07,-2.08573270e-01,-5.04266278e-02,-1.58146643e-01,1.00000451e-09
2,2.87484385e-02,9.10983044e-10,96,14,1,43,normal_corr_dominates,3.18018776e+00,1.00000000e+00,2.49999998e+07,-2.10792772e-01,-5.04266278e-02,-1.60366144e-01,1.00000382e-09
2,2.87484385e-02,9.10983044e-10,96,14,2,44,normal_corr_dominates,1.82206410e+01,1.00000000e+00,2.50000009e+07,8.68378854e-01,-5.04266278e-02,9.18805482e-01,1.00000629e-09
2,2.87484385e-02,9.10983044e-10,96,15,0,45,normal_corr_dominates,1.41484559e+00,1.00000000e+00,2.49999994e+07,-5.79589729e-01,-2.40011093e-01,-3.39578637e-01,1.00000370e-09
2,2.87484385e-02,9.10983044e-10,96,15,1,46,normal_corr_dominates,2.80442705e+00,1.00000000e+00,2.50000004e+07,4.33082509e-01,-2.40011093e-01,6.73093601e-01,1.00000382e-09
2,2.87484385e-02,9.10983044e-10,96,15,2,47,normal_corr_dominates,3.92191827e+00,1.00000000e+00,2.49999988e+07,-1.18131498e+00,-2.40011093e-01,-9.41303889e-01,1.00000551e-09
2,2.87484385e-02,9.10983044e-10,96,16,2,50,normal_corr_dominates,1.02850595e+00,1.00000000e+00,2.50000000e+07,1.18772043e-02,-4.16656959e-01,4.28534163e-01,1.00000393e-09
2,2.87484385e-02,9.10983044e-10,96,17,0,51,corr_ratio_high,5.13984941e-01,5.00000000e-01,2.49999999e+07,-1.29968470e-01,-3.91080354e-01,2.61111884e-01,1.00000932e-09
2,2.87484385e-02,9.10983044e-10,96,17,1,52,normal_corr_dominates,1.26225288e+00,1.00000000e+00,2.50000001e+07,1.02561948e-01,-3.91080354e-01,4.93642301e-01,1.00000577e-09
2,2.87484385e-02,9.10983044e-10,96,17,2,53,corr_ratio_high,2.58707754e+00,5.00000000e-01,2.50000000e+07,-1.10069613e-03,-3.91080354e-01,3.89979657e-01,1.00000091e-09
2,2.87484385e-02,9.10983044e-10,96,18,2,56,normal_corr_dominates,1.01251206e+00,1.00000000e+00,2.50000000e+07,8.96539479e-03,-7.16540378e-01,7.25505773e-01,1.00000465e-09
2,2.87484385e-02,9.10983044e-10,96,19,0,57,normal_corr_dominates,1.49383188e+01,1.00000000e+00,2.49999978e+07,-2.17423347e+00,-1.36415484e-01,-2.03781799e+00,1.00000347e-09
2,2.87484385e-02,9.10983044e-10,96,19,0,57,corr_ratio_high,1.16780828e+00,5.00000000e-01,2.49999978e+07,-2.17423347e+00,-1.36415484e-01,-2.03781799e+00,1.00000347e-09
2,2.87484385e-02,9.10983044e-10,96,19,2,59,normal_corr_dominates,2.33443498e+00,1.00000000e+00,2.50000002e+07,1.82037593e-01,-1.36415484e-01,3.18453077e-01,1.00000398e-09
2,2.87484385e-02,9.10983044e-10,96,20,1,61,normal_corr_dominates,1.05760530e+00,1.00000000e+00,2.50000000e+07,1.97278718e-02,-3.42466267e-01,3.62194139e-01,1.00000532e-09
2,2.87484385e-02,9.10983044e-10,96,20,2,62,normal_corr_dominates,2.50399593e+00,1.00000000e+00,2.49999988e+07,-1.20000041e+00,-3.42466267e-01,-8.57534139e-01,1.00000419e-09
2,2.87484385e-02,9.10983044e-10,96,21,0,63,normal_corr_dominates,1.61651741e+00,1.00000000e+00,2.49999993e+07,-6.83410791e-01,-2.61190997e-01,-4.22219794e-01,1.00000395e-09
2,2.87484385e-02,9.10983044e-10,96,21,1,64,normal_corr_dominates,2.31908270e+00,1.00000000e+00,2.50000003e+07,3.44532525e-01,-2.61190997e-01,6.05723522e-01,1.00000409e-09
2,2.87484385e-02,9.10983044e-10,96,21,2,65,normal_corr_dominates,1.46371306e+00,1.00000000e+00,2.50000001e+07,1.21117676e-01,-2.61190997e-01,3.82308673e-01,1.00000465e-09
2,2.87484385e-02,9.10983044e-10,96,22,0,66,normal_corr_dominates,2.80155247e+00,1.00000000e+00,2.50000005e+07,4.92111057e-01,-2.73159436e-01,7.65270493e-01,1.00000583e-09
2,2.87484385e-02,9.10983044e-10,96,22,1,67,normal_corr_dominates,1.31219026e+00,1.00000000e+00,2.49999994e+07,-6.31596585e-01,-2.73159436e-01,-3.58437150e-01,1.00000506e-09
2,2.87484385e-02,9.10983044e-10,96,22,2,68,corr_ratio_high,1.57348904e+00,5.00000000e-01,2.49999998e+07,-1.68293718e-01,-2.73159436e-01,1.04865718e-01,1.00000213e-09
2,2.87484385e-02,9.10983044e-10,96,23,0,69,normal_corr_dominates,8.42206501e+00,1.00000000e+00,2.49999998e+07,-2.22700003e-01,-2.36360079e-02,-1.99063995e-01,1.00000531e-09
2,2.87484385e-02,9.10983044e-10,96,23,1,70,normal_corr_dominates,5.84588828e+00,1.00000000e+00,2.49999998e+07,-1.61809469e-01,-2.36360079e-02,-1.38173461e-01,1.00000427e-09
2,2.87484385e-02,9.10983044e-10,96,23,2,71,normal_corr_dominates,3.24062089e+01,1.00000000e+00,2.50000007e+07,7.42317402e-01,-2.36360079e-02,7.65953410e-01,1.00000550e-09
2,2.87484385e-02,9.10983044e-10,96,24,1,73,corr_ratio_high,5.80262327e-01,5.00000000e-01,2.49999998e+07,-1.74177410e-01,-4.58793227e-01,2.84615816e-01,1.00000309e-09
2,2.87484385e-02,9.10983044e-10,96,24,2,74,normal_corr_dominates,1.08488282e+00,1.00000000e+00,2.49999990e+07,-9.56530117e-01,-4.58793227e-01,-4.97736890e-01,1.00000464e-09
2,2.87484385e-02,9.10983044e-10,96,26,0,78,normal_corr_dominates,5.34580521e+00,1.00000000e+00,2.50000007e+07,6.69413740e-01,-1.54036757e-01,8.23450496e-01,1.00000811e-09
2,2.87484385e-02,9.10983044e-10,96,26,0,78,corr_ratio_high,5.00052443e-01,5.00000000e-01,2.50000007e+07,6.69413740e-01,-1.54036757e-01,8.23450496e-01,1.00000811e-09
2,2.87484385e-02,9.10983044e-10,96,26,1,79,normal_corr_dominates,1.86955051e+00,1.00000000e+00,2.49999996e+07,-4.42016253e-01,-1.54036757e-01,-2.87979497e-01,1.00000444e-09
2,2.87484385e-02,9.10983044e-10,96,26,2,80,normal_corr_dominates,4.36197729e+00,1.00000000e+00,2.49999992e+07,-8.25941590e-01,-1.54036757e-01,-6.71904833e-01,1.00000255e-09
2,2.87484385e-02,9.10983044e-10,96,26,2,80,corr_ratio_high,1.23095787e+00,5.00000000e-01,2.49999992e+07,-8.25941590e-01,-1.54036757e-01,-6.71904833e-01,1.00000255e-09
2,2.87484385e-02,9.10983044e-10,96,27,0,81,normal_corr_dominates,4.40261966e+00,1.00000000e+00,2.49999993e+07,-7.44365189e-01,-1.37778566e-01,-6.06586623e-01,1.00000397e-09
2,2.87484385e-02,9.10983044e-10,96,27,1,82,normal_corr_dominates,2.71008238e+00,1.00000000e+00,2.50000002e+07,2.35612698e-01,-1.37778566e-01,3.73391263e-01,1.00000385e-09
2,2.87484385e-02,9.10983044e-10,96,29,0,87,normal_corr_dominates,1.04470521e+01,1.00000000e+00,2.49999980e+07,-2.02193608e+00,-1.76633780e-01,-1.84530230e+00,1.00000365e-09
2,2.87484385e-02,9.10983044e-10,96,29,0,87,corr_ratio_high,8.83374985e-01,5.00000000e-01,2.49999980e+07,-2.02193608e+00,-1.76633780e-01,-1.84530230e+00,1.00000365e-09
2,2.87484385e-02,9.10983044e-10,96,29,1,88,normal_corr_dominates,5.74145842e+00,1.00000000e+00,2.49999988e+07,-1.19076928e+00,-1.76633780e-01,-1.01413550e+00,1.00000466e-09
2,2.87484385e-02,9.10983044e-10,96,29,2,89,normal_corr_dominates,3.28440395e+00,1.00000000e+00,2.50000004e+07,4.03502904e-01,-1.76633780e-01,5.80136684e-01,1.00000415e-09
2,2.87484385e-02,9.10983044e-10,96,30,2,92,normal_corr_dominates,1.40926762e+00,1.00000000e+00,2.49999988e+07,-1.18580422e+00,-4.92184518e-01,-6.93619706e-01,1.00000494e-09
2,2.87484385e-02,9.10983044e-10,96,31,0,93,normal_corr_dominates,1.53284122e+00,1.00000000e+00,2.49999995e+07,-5.37922947e-01,-2.12379261e-01,-3.25543686e-01,1.00000408e-09
2,2.87484385e-02,9.10983044e-10,96,31,1,94,normal_corr_dominates,1.39479301e+00,1.00000000e+00,2.50000001e+07,8.38458489e-02,-2.12379261e-01,2.96225110e-01,1.00000499e-09
2,2.87484385e-02,9.10983044e-10,96,31,2,95,normal_corr_dominates,1.98283611e+00,1.00000000e+00,2.50000002e+07,2.08734008e-01,-2.12379261e-01,4.21113269e-01,1.00000375e-09
2,2.87484385e-02,9.10983044e-10,96,32,1,97,normal_corr_dominates,2.36927644e+00,1.00000000e+00,2.49999993e+07,-6.79237769e-01,-2.01597518e-01,-4.77640251e-01,1.00000355e-09
2,2.87484385e-02,9.10983044e-10,96,33,0,99,normal_corr_dominates,5.48443154e+00,1.00000000e+00,2.49999990e+07,-1.01748376e+00,-1.56911791e-01,-8.60571974e-01,1.00000409e-09
2,2.87484385e-02,9.10983044e-10,96,33,1,100,normal_corr_dominates,1.35032631e+00,1.00000000e+00,2.49999996e+07,-3.68793910e-01,-1.56911791e-01,-2.11882120e-01,1.00000417e-09
2,2.87484385e-02,9.10983044e-10,96,33,2,101,normal_corr_dominates,3.26245736e+00,1.00000000e+00,2.50000004e+07,3.55006236e-01,-1.56911791e-01,5.11918026e-01,1.00000414e-09
2,2.87484385e-02,9.10983044e-10,96,34,0,102,normal_corr_dominates,2.25116364e+00,1.00000000e+00,2.49999988e+07,-1.19384944e+00,-3.67206813e-01,-8.26642627e-01,1.00000344e-09
2,2.87484385e-02,9.10983044e-10,96,34,1,103,normal_corr_dominates,2.07453400e+00,1.00000000e+00,2.50000004e+07,3.94576207e-01,-3.67206813e-01,7.61783020e-01,1.00000323e-09
2,2.87484385e-02,9.10983044e-10,96,35,0,105,normal_corr_dominates,3.96699764e+01,1.00000000e+00,2.50000014e+07,1.44463278e+00,-3.73579947e-02,1.48199077e+00,1.00000618e-09
2,2.87484385e-02,9.10983044e-10,96,35,1,106,normal_corr_dominates,2.02733407e+01,1.00000000e+00,2.49999992e+07,-7.94729351e-01,-3.73579947e-02,-7.57371356e-01,1.00000857e-09
2,2.87484385e-02,9.10983044e-10,96,35,2,107,normal_corr_dominates,4.12658754e+01,1.00000000e+00,2.49999984e+07,-1.57896835e+00,-3.73579947e-02,-1.54161036e+00,1.00000142e-09
2,2.87484385e-02,9.10983044e-10,96,35,2,107,corr_ratio_high,4.27241532e+00,5.00000000e-01,2.49999984e+07,-1.57896835e+00,-3.73579947e-02,-1.54161036e+00,1.00000142e-09
2,2.87484385e-02,9.10983044e-10,96,36,1,109,corr_ratio_high,7.26448165e-01,5.00000000e-01,2.49999992e+07,-8.06639296e-01,-6.73783797e-01,-1.32855499e-01,1.00000264e-09
2,2.87484385e-02,9.10983044e-10,96,37,0,111,normal_corr_dominates,1.87314493e+00,1.00000000e+00,2.50000001e+07,1.20525751e-01,-1.38036364e-01,2.58562116e-01,1.00000437e-09
2,2.87484385e-02,9.10983044e-10,96,37,2,113,normal_corr_dominates,2.72576179e+00,1.00000000e+00,2.50000002e+07,2.38217883e-01,-1.38036364e-01,3.76254248e-01,1.00000309e-09
3,5.05458994e-02,1.60170290e-09,96,0,0,0,corr_ratio_high,9.37925619e-01,5.00000000e-01,2.49999987e+07,-1.33722016e+00,-9.75662762e-01,-3.61557396e-01,1.00000448e-09
3,5.05458994e-02,1.60170290e-09,96,0,2,2,normal_corr_dominates,1.14249269e+00,1.00000000e+00,2.50000001e+07,1.39024812e-01,-9.75662762e-01,1.11468757e+00,1.00000752e-09
3,5.05458994e-02,1.60170290e-09,96,1,0,3,normal_corr_dominates,8.25389602e+00,1.00000000e+00,2.50000011e+07,1.14064285e+00,-1.57245547e-01,1.29788840e+00,1.00000951e-09
3,5.05458994e-02,1.60170290e-09,96,1,1,4,normal_corr_dominates,8.83422592e+00,1.00000000e+00,2.49999985e+07,-1.54638824e+00,-1.57245547e-01,-1.38914269e+00,1.00000605e-09
3,5.05458994e-02,1.60170290e-09,96,1,1,4,corr_ratio_high,8.70933178e-01,5.00000000e-01,2.49999985e+07,-1.54638824e+00,-1.57245547e-01,-1.38914269e+00,1.00000605e-09
3,5.05458994e-02,1.60170290e-09,96,1,2,5,normal_corr_dominates,6.58409478e+00,1.00000000e+00,2.49999988e+07,-1.19256513e+00,-1.57245547e-01,-1.03531959e+00,1.00000878e-09
3,5.05458994e-02,1.60170290e-09,96,2,0,6,normal_corr_dominates,1.16768375e+00,1.00000000e+00,2.50000001e+07,7.87603842e-02,-4.69695979e-01,5.48456363e-01,1.00000672e-09
3,5.05458994e-02,1.60170290e-09,96,2,0,6,corr_ratio_high,5.83434412e-01,5.00000000e-01,2.50000001e+07,7.87603842e-02,-4.69695979e-01,5.48456363e-01,1.00000672e-09
3,5.05458994e-02,1.60170290e-09,96,2,1,7,normal_corr_dominates,3.62545349e+00,1.00000000e+00,2.49999978e+07,-2.17255691e+00,-4.69695979e-01,-1.70286093e+00,1.00000795e-09
3,5.05458994e-02,1.60170290e-09,96,2,2,8,normal_corr_dominates,3.76345467e+00,1.00000000e+00,2.50000013e+07,1.29798355e+00,-4.69695979e-01,1.76767953e+00,1.00001216e-09
3,5.05458994e-02,1.60170290e-09,96,3,0,9,normal_corr_dominates,1.76923410e+01,1.00000000e+00,2.49999975e+07,-2.53230303e+00,-1.35472760e-01,-2.39683027e+00,1.00001840e-09
3,5.05458994e-02,1.60170290e-09,96,3,0,9,corr_ratio_high,5.86222525e-01,5.00000000e-01,2.49999975e+07,-2.53230303e+00,-1.35472760e-01,-2.39683027e+00,1.00001840e-09
3,5.05458994e-02,1.60170290e-09,96,3,1,10,normal_corr_dominates,8.78136841e+00,1.00000000e+00,2.49999987e+07,-1.32510898e+00,-1.35472760e-01,-1.18963622e+00,1.00000489e-09
3,5.05458994e-02,1.60170290e-09,96,3,1,10,corr_ratio_high,8.54348233e-01,5.00000000e-01,2.49999987e+07,-1.32510898e+00,-1.35472760e-01,-1.18963622e+00,1.00000489e-09
3,5.05458994e-02,1.60170290e-09,96,3,2,11,normal_corr_dominates,1.11182609e+01,1.00000000e+00,2.50000014e+07,1.37074874e+00,-1.35472760e-01,1.50622150e+00,1.00000202e-09
3,5.05458994e-02,1.60170290e-09,96,3,2,11,corr_ratio_high,1.80112937e+00,5.00000000e-01,2.50000014e+07,1.37074874e+00,-1.35472760e-01,1.50622150e+00,1.00000202e-09
3,5.05458994e-02,1.60170290e-09,96,4,0,12,normal_corr_dominates,1.61394042e+00,1.00000000e+00,2.49999997e+07,-2.84158740e-01,-1.08708958e-01,-1.75449782e-01,1.00000850e-09
3,5.05458994e-02,1.60170290e-09,96,4,1,13,normal_corr_dominates,2.85342053e+00,1.00000000e+00,2.50000002e+07,2.01483415e-01,-1.08708958e-01,3.10192374e-01,1.00000724e-09
3,5.05458994e-02,1.60170290e-09,96,4,2,14,normal_corr_dominates,6.87434834e+00,1.00000000e+00,2.50000006e+07,6.38594288e-01,-1.08708958e-01,7.47303246e-01,1.00000587e-09
3,5.05458994e-02,1.60170290e-09,96,5,0,15,normal_corr_dominates,2.14890884e+00,1.00000000e+00,2.50000010e+07,9.53895043e-01,-8.30261733e-01,1.78415678e+00,1.00000529e-09
3,5.05458994e-02,1.60170290e-09,96,5,1,16,normal_corr_dominates,1.42966905e+00,1.00000000e+00,2.49999980e+07,-2.01726123e+00,-8.30261733e-01,-1.18699950e+00,1.00000857e-09
3,5.05458994e-02,1.60170290e-09,96,5,2,17,normal_corr_dominates,1.71212876e+00,1.00000000e+00,2.49999977e+07,-2.25177672e+00,-8.30261733e-01,-1.42151499e+00,1.00000911e-09
3,5.05458994e-02,1.60170290e-09,96,6,1,19,normal_corr_dominates,2.06520982e+00,1.00000000e+00,2.50000006e+07,5.84580582e-01,-5.48793834e-01,1.13337442e+00,1.00000544e-09
3,5.05458994e-02,1.60170290e-09,96,6,2,20,normal_corr_dominates,3.89028775e+00,1.00000000e+00,2.49999973e+07,-2.68375976e+00,-5.48793834e-01,-2.13496593e+00,1.00001110e-09
3,5.05458994e-02,1.60170290e-09,96,7,0,21,normal_corr_dominates,6.70352369e+01,1.00000000e+00,2.49999989e+07,-1.06499135e+00,-1.56535260e-02,-1.04933782e+00,1.00000704e-09
3,5.05458994e-02,1.60170290e-09,96,7,1,22,normal_corr_dominates,4.24574052e+01,1.00000000e+00,2.49999993e+07,-6.80261622e-01,-1.56535260e-02,-6.64608096e-01,1.00000943e-09
3,5.05458994e-02,1.60170290e-09,96,7,2,23,normal_corr_dominates,1.09056413e+02,1.00000000e+00,2.50000017e+07,1.69146387e+00,-1.56535260e-02,1.70711739e+00,1.00000892e-09
3,5.05458994e-02,1.60170290e-09,96,8,0,24,normal_corr_dominates,4.50387438e+00,1.00000000e+00,2.49999988e+07,-1.20294585e+00,-2.18563464e-01,-9.84382386e-01,1.00000670e-09
3,5.05458994e-02,1.60170290e-09,96,8,1,25,normal_corr_dominates,4.70734096e+00,1.00000000e+00,2.50000008e+07,8.10289281e-01,-2.18563464e-01,1.02885275e+00,1.00000507e-09
3,5.05458994e-02,1.60170290e-09,96,8,1,25,corr_ratio_high,5.25806700e-01,5.00000000e-01,2.50000008e+07,8.10289281e-01,-2.18563464e-01,1.02885275e+00,1.00000507e-09
3,5.05458994e-02,1.60170290e-09,96,8,2,26,normal_corr_dominates,3.01937953e+00,1.00000000e+00,2.50000004e+07,4.41362584e-01,-2.18563464e-01,6.59926048e-01,1.00000762e-09
3,5.05458994e-02,1.60170290e-09,96,9,0,27,normal_corr_dominates,1.32364563e+00,1.00000000e+00,2.50000002e+07,1.80212234e-01,-5.56819617e-01,7.37031851e-01,1.00000987e-09
3,5.05458994e-02,1.60170290e-09,96,9,1,28,normal_corr_dominates,2.16481659e+00,1.00000000e+00,2.49999982e+07,-1.76223196e+00,-5.56819617e-01,-1.20541234e+00,1.00000764e-09
3,5.05458994e-02,1.60170290e-09,96,9,2,29,normal_corr_dominates,2.47974969e+00,1.00000000e+00,2.49999981e+07,-1.93759289e+00,-5.56819617e-01,-1.38077327e+00,1.00000779e-09
3,5.05458994e-02,1.60170290e-09,96,10,0,30,normal_corr_dominates,5.25852121e+00,1.00000000e+00,2.50000008e+07,7.52331240e-01,-1.76664904e-01,9.28996144e-01,1.00000770e-09
3,5.05458994e-02,1.60170290e-09,96,10,1,31,normal_corr_dominates,1.06619233e+01,1.00000000e+00,2.50000017e+07,1.70692276e+00,-1.76664904e-01,1.88358766e+00,1.00001311e-09
3,5.05458994e-02,1.60170290e-09,96,10,2,32,normal_corr_dominates,9.46230556e+00,1.00000000e+00,2.49999982e+07,-1.84832221e+00,-1.76664904e-01,-1.67165730e+00,1.00000763e-09
3,5.05458994e-02,1.60170290e-09,96,11,0,33,normal_corr_dominates,2.79043956e+00,1.00000000e+00,2.49999997e+07,-3.01841965e-01,-7.96324436e-02,-2.22209521e-01,1.00001095e-09
3,5.05458994e-02,1.60170290e-09,96,11,1,34,normal_corr_dominates,6.43467417e+00,1.00000000e+00,2.50000004e+07,4.32776385e-01,-7.96324436e-02,5.12408829e-01,1.00000973e-09
3,5.05458994e-02,1.60170290e-09,96,11,2,35,normal_corr_dominates,1.17033734e+01,1.00000000e+00,2.49999990e+07,-1.01160066e+00,-7.96324436e-02,-9.31968221e-01,1.00000537e-09
3,5.05458994e-02,1.60170290e-09,96,11,2,35,corr_ratio_high,1.02001203e+00,5.00000000e-01,2.49999990e+07,-1.01160066e+00,-7.96324436e-02,-9.31968221e-01,1.00000537e-09
3,5.05458994e-02,1.60170290e-09,96,12,1,37,normal_corr_dominates,1.16982746e+00,1.00000000e+00,2.50000002e+07,1.56528119e-01,-9.21689119e-01,1.07821724e+00,1.00000656e-09
3,5.05458994e-02,1.60170290e-09,96,13,0,39,normal_corr_dominates,1.78737486e+00,1.00000000e+00,2.50000004e+07,3.75801921e-01,-4.77284632e-01,8.53086553e-01,1.00000531e-09
3,5.05458994e-02,1.60170290e-09,96,14,0,42,normal_corr_dominates,3.13436284e+00,1.00000000e+00,2.49999996e+07,-3.64143704e-01,-8.80773455e-02,-2.76066359e-01,1.00000787e-09
3,5.05458994e-02,1.60170290e-09,96,14,1,43,normal_corr_dominates,3.17793216e+00,1.00000000e+00,2.49999996e+07,-3.67981174e-01,-8.80773455e-02,-2.79903828e-01,1.00000667e-09
3,5.05458994e-02,1.60170290e-09,96,14,2,44,normal_corr_dominates,1.82120605e+01,1.00000000e+00,2.50000015e+07,1.51599260e+00,-8.80773455e-02,1.60406994e+00,1.00001098e-09
3,5.05458994e-02,1.60170290e-09,96,15,0,45,normal_corr_dominates,1.41353182e+00,1.00000000e+00,2.49999990e+07,-1.01154051e+00,-4.19112150e-01,-5.92428361e-01,1.00000645e-09
3,5.05458994e-02,1.60170290e-09,96,15,1,46,normal_corr_dominates,2.80333773e+00,1.00000000e+00,2.50000008e+07,7.55800754e-01,-4.19112150e-01,1.17491290e+00,1.00000666e-09
3,5.05458994e-02,1.60170290e-09,96,15,2,47,normal_corr_dominates,3.92126688e+00,1.00000000e+00,2.49999979e+07,-2.06256274e+00,-4.19112150e-01,-1.64345059e+00,1.00000962e-09
3,5.05458994e-02,1.60170290e-09,96,16,2,50,normal_corr_dominates,1.02790323e+00,1.00000000e+00,2.50000000e+07,2.02989173e-02,-7.27475457e-01,7.47774374e-01,1.00000687e-09
3,5.05458994e-02,1.60170290e-09,96,17,0,51,corr_ratio_high,5.13986597e-01,5.00000000e-01,2.49999998e+07,-2.27447861e-01,-6.83244655e-01,4.55796794e-01,1.00001626e-09
3,5.05458994e-02,1.60170290e-09,96,17,1,52,normal_corr_dominates,1.25979291e+00,1.00000000e+00,2.50000002e+07,1.77502117e-01,-6.83244655e-01,8.60746771e-01,1.00001008e-09
3,5.05458994e-02,1.60170290e-09,96,17,2,53,corr_ratio_high,2.58653238e+00,5.00000000e-01,2.50000000e+07,-1.65342816e-03,-6.83244655e-01,6.81591227e-01,1.00000159e-09
3,5.05458994e-02,1.60170290e-09,96,18,2,56,normal_corr_dominates,1.01219188e+00,1.00000000e+00,2.50000000e+07,1.52523755e-02,-1.25102780e+00,1.26628018e+00,1.00000812e-09
3,5.05458994e-02,1.60170290e-09,96,19,0,57,normal_corr_dominates,1.49373795e+01,1.00000000e+00,2.49999962e+07,-3.79514105e+00,-2.38128298e-01,-3.55701275e+00,1.00000606e-09
3,5.05458994e-02,1.60170290e-09,96,19,0,57,corr_ratio_high,1.16751712e+00,5.00000000e-01,2.49999962e+07,-3.79514105e+00,-2.38128298e-01,-3.55701275e+00,1.00000606e-09
3,5.05458994e-02,1.60170290e-09,96,19,2,59,normal_corr_dominates,2.33519731e+00,1.00000000e+00,2.50000003e+07,3.17948262e-01,-2.38128298e-01,5.56076561e-01,1.00000695e-09
3,5.05458994e-02,1.60170290e-09,96,20,1,61,normal_corr_dominates,1.05671032e+00,1.00000000e+00,2.50000000e+07,3.39231496e-02,-5.98182985e-01,6.32106135e-01,1.00000929e-09
3,5.05458994e-02,1.60170290e-09,96,20,2,62,normal_corr_dominates,2.50226169e+00,1.00000000e+00,2.49999979e+07,-2.09499335e+00,-5.98182985e-01,-1.49681037e+00,1.00000731e-09
3,5.05458994e-02,1.60170290e-09,96,21,0,63,normal_corr_dominates,1.61526525e+00,1.00000000e+00,2.49999988e+07,-1.19288664e+00,-4.56124533e-01,-7.36762109e-01,1.00000689e-09
3,5.05458994e-02,1.60170290e-09,96,21,1,64,normal_corr_dominates,2.31783229e+00,1.00000000e+00,2.50000006e+07,6.01095639e-01,-4.56124533e-01,1.05722017e+00,1.00000714e-09
3,5.05458994e-02,1.60170290e-09,96,21,2,65,normal_corr_dominates,1.46249876e+00,1.00000000e+00,2.50000002e+07,2.10957029e-01,-4.56124533e-01,6.67081562e-01,1.00000811e-09
3,5.05458994e-02,1.60170290e-09,96,22,0,66,normal_corr_dominates,2.79655397e+00,1.00000000e+00,2.50000009e+07,8.57579255e-01,-4.77346782e-01,1.33492604e+00,1.00001018e-09
3,5.05458994e-02,1.60170290e-09,96,22,1,67,normal_corr_dominates,1.31061516e+00,1.00000000e+00,2.49999989e+07,-1.10296471e+00,-4.77346782e-01,-6.25617928e-01,1.00000883e-09
3,5.05458994e-02,1.60170290e-09,96,22,2,68,corr_ratio_high,1.57356140e+00,5.00000000e-01,2.49999997e+07,-2.93452266e-01,-4.77346782e-01,1.83894516e-01,1.00000371e-09
3,5.05458994e-02,1.60170290e-09,96,23,0,69,normal_corr_dominates,8.42309591e+00,1.00000000e+00,2.49999996e+07,-3.88747021e-01,-4.12547028e-02,-3.47492318e-01,1.00000928e-09
3,5.05458994e-02,1.60170290e-09,96,23,1,70,normal_corr_dominates,5.84421883e+00,1.00000000e+00,2.49999997e+07,-2.82356214e-01,-4.12547028e-02,-2.41101511e-01,1.00000746e-09
3,5.05458994e-02,1.60170290e-09,96,23,2,71,normal_corr_dominates,3.24132423e+01,1.00000000e+00,2.50000013e+07,1.29594398e+00,-4.12547028e-02,1.33719868e+00,1.00000960e-09
3,5.05458994e-02,1.60170290e-09,96,24,1,73,corr_ratio_high,5.80303991e-01,5.00000000e-01,2.49999997e+07,-3.03974777e-01,-8.01182906e-01,4.97208129e-01,1.00000539e-09
3,5.05458994e-02,1.60170290e-09,96,24,2,74,normal_corr_dominates,1.08464721e+00,1.00000000e+00,2.49999983e+07,-1.67018371e+00,-8.01182906e-01,-8.69000804e-01,1.00000809e-09
3,5.05458994e-02,1.60170290e-09,96,26,0,78,normal_corr_dominates,5.34219682e+00,1.00000000e+00,2.50000012e+07,1.16770722e+00,-2.68920841e-01,1.43662806e+00,1.00001415e-09
3,5.05458994e-02,1.60170290e-09,96,26,0,78,corr_ratio_high,5.00051812e-01,5.00000000e-01,2.50000012e+07,1.16770722e+00,-2.68920841e-01,1.43662806e+00,1.00001415e-09
3,5.05458994e-02,1.60170290e-09,96,26,1,79,normal_corr_dominates,1.86895463e+00,1.00000000e+00,2.49999992e+07,-7.71521693e-01,-2.68920841e-01,-5.02600852e-01,1.00000775e-09
3,5.05458994e-02,1.60170290e-09,96,26,2,80,normal_corr_dominates,4.36012517e+00,1.00000000e+00,2.49999986e+07,-1.44144937e+00,-2.68920841e-01,-1.17252853e+00,1.00000445e-09
3,5.05458994e-02,1.60170290e-09,96,26,2,80,corr_ratio_high,1.23079045e+00,5.00000000e-01,2.49999986e+07,-1.44144937e+00,-2.68920841e-01,-1.17252853e+00,1.00000445e-09
3,5.05458994e-02,1.60170290e-09,96,27,0,81,normal_corr_dominates,4.40053941e+00,1.00000000e+00,2.49999987e+07,-1.29907793e+00,-2.40545959e-01,-1.05853197e+00,1.00000693e-09
3,5.05458994e-02,1.60170290e-09,96,27,1,82,normal_corr_dominates,2.71199967e+00,1.00000000e+00,2.50000004e+07,4.11814604e-01,-2.40545959e-01,6.52360563e-01,1.00000673e-09
3,5.05458994e-02,1.60170290e-09,96,29,0,87,normal_corr_dominates,1.04402477e+01,1.00000000e+00,2.49999965e+07,-3.52906623e+00,-3.08478131e-01,-3.22058810e+00,1.00000636e-09
3,5.05458994e-02,1.60170290e-09,96,29,0,87,corr_ratio_high,8.83454584e-01,5.00000000e-01,2.49999965e+07,-3.52906623e+00,-3.08478131e-01,-3.22058810e+00,1.00000636e-09
3,5.05458994e-02,1.60170290e-09,96,29,1,88,normal_corr_dominates,5.73776272e+00,1.00000000e+00,2.49999979e+07,-2.07845245e+00,-3.08478131e-01,-1.76997432e+00,1.00000813e-09
3,5.05458994e-02,1.60170290e-09,96,29,2,89,normal_corr_dominates,3.28252413e+00,1.00000000e+00,2.50000007e+07,7.04108778e-01,-3.08478131e-01,1.01258691e+00,1.00000725e-09
3,5.05458994e-02,1.60170290e-09,96,30,2,92,normal_corr_dominates,1.40862924e+00,1.00000000e+00,2.49999979e+07,-2.07019382e+00,-8.59490445e-01,-1.21070337e+00,1.00000862e-09
3,5.05458994e-02,1.60170290e-09,96,31,0,93,normal_corr_dominates,1.53183529e+00,1.00000000e+00,2.49999991e+07,-9.39024527e-01,-3.70886895e-01,-5.68137632e-01,1.00000712e-09
3,5.05458994e-02,1.60170290e-09,96,31,1,94,normal_corr_dominates,1.39321867e+00,1.00000000e+00,2.50000001e+07,1.45839651e-01,-3.70886895e-01,5.16726546e-01,1.00000872e-09
3,5.05458994e-02,1.60170290e-09,96,31,2,95,normal_corr_dominates,1.98232820e+00,1.00000000e+00,2.50000004e+07,3.64332656e-01,-3.70886895e-01,7.35219551e-01,1.00000655e-09
3,5.05458994e-02,1.60170290e-09,96,32,1,97,normal_corr_dominates,2.36855054e+00,1.00000000e+00,2.49999988e+07,-1.18547568e+00,-3.51924565e-01,-8.33551116e-01,1.00000619e-09
3,5.05458994e-02,1.60170290e-09,96,33,0,99,normal_corr_dominates,5.48015399e+00,1.00000000e+00,2.49999982e+07,-1.77594039e+00,-2.74058361e-01,-1.50188202e+00,1.00000713e-09
3,5.05458994e-02,1.60170290e-09,96,33,1,100,normal_corr_dominates,1.34917348e+00,1.00000000e+00,2.49999994e+07,-6.43810635e-01,-2.74058361e-01,-3.69752273e-01,1.00000729e-09
3,5.05458994e-02,1.60170290e-09,96,33,2,101,normal_corr_dominates,3.26061177e+00,1.00000000e+00,2.50000006e+07,6.19539557e-01,-2.74058361e-01,8.93597918e-01,1.00000723e-09
3,5.05458994e-02,1.60170290e-09,96,34,0,102,normal_corr_dominates,2.24917169e+00,1.00000000e+00,2.49999979e+07,-2.08400701e+00,-6.41396396e-01,-1.44261062e+00,1.00000601e-09
3,5.05458994e-02,1.60170290e-09,96,34,1,103,normal_corr_dominates,2.07289136e+00,1.00000000e+00,2.50000007e+07,6.88148653e-01,-6.41396396e-01,1.32954505e+00,1.00000563e-09
3,5.05458994e-02,1.60170290e-09,96,35,0,105,normal_corr_dominates,3.95470335e+01,1.00000000e+00,2.50000025e+07,2.52108615e+00,-6.54028576e-02,2.58648900e+00,1.00001079e-09
3,5.05458994e-02,1.60170290e-09,96,35,1,106,normal_corr_dominates,2.02226826e+01,1.00000000e+00,2.49999986e+07,-1.38802409e+00,-6.54028576e-02,-1.32262123e+00,1.00001495e-09
3,5.05458994e-02,1.60170290e-09,96,35,2,107,normal_corr_dominates,4.11313170e+01,1.00000000e+00,2.49999972e+07,-2.75550852e+00,-6.54028576e-02,-2.69010567e+00,1.00000247e-09
3,5.05458994e-02,1.60170290e-09,96,35,2,107,corr_ratio_high,4.27158218e+00,5.00000000e-01,2.49999972e+07,-2.75550852e+00,-6.54028576e-02,-2.69010567e+00,1.00000247e-09
3,5.05458994e-02,1.60170290e-09,96,36,1,109,corr_ratio_high,7.26435262e-01,5.00000000e-01,2.49999986e+07,-1.40840935e+00,-1.17636187e+00,-2.32047480e-01,1.00000461e-09
3,5.05458994e-02,1.60170290e-09,96,37,0,111,normal_corr_dominates,1.87493339e+00,1.00000000e+00,2.50000002e+07,2.10906847e-01,-2.41054748e-01,4.51961596e-01,1.00000762e-09
3,5.05458994e-02,1.60170290e-09,96,37,2,113,normal_corr_dominates,2.72595334e+00,1.00000000e+00,2.50000004e+07,4.16049247e-01,-2.41054748e-01,6.57103996e-01,1.00000540e-09
4,7.92731444e-02,2.51201436e-09,96,0,0,0,corr_ratio_high,9.37829711e-01,5.00000000e-01,2.49999979e+07,-2.08047250e+00,-1.51800217e+00,-5.62470335e-01,1.00000696e-09
4,7.92731444e-02,2.51201436e-09,96,0,2,2,normal_corr_dominates,1.14209896e+00,1.00000000e+00,2.50000002e+07,2.15706535e-01,-1.51800217e+00,1.73370870e+00,1.00001170e-09
4,7.92731444e-02,2.51201436e-09,96,1,0,3,normal_corr_dominates,8.26192787e+00,1.00000000e+00,2.50000018e+07,1.77492210e+00,-2.44414724e-01,2.01933682e+00,1.00001478e-09
4,7.92731444e-02,2.51201436e-09,96,1,1,4,normal_corr_dominates,8.84531068e+00,1.00000000e+00,2.49999976e+07,-2.40633890e+00,-2.44414724e-01,-2.16192417e+00,1.00000940e-09
4,7.92731444e-02,2.51201436e-09,96,1,1,4,corr_ratio_high,8.71302348e-01,5.00000000e-01,2.49999976e+07,-2.40633890e+00,-2.44414724e-01,-2.16192417e+00,1.00000940e-09
4,7.92731444e-02,2.51201436e-09,96,1,2,5,normal_corr_dominates,6.58942579e+00,1.00000000e+00,2.49999981e+07,-1.85496741e+00,-2.44414724e-01,-1.61055269e+00,1.00001365e-09
4,7.92731444e-02,2.51201436e-09,96,2,0,6,normal_corr_dominates,1.16776795e+00,1.00000000e+00,2.50000001e+07,1.22574569e-01,-7.30619703e-01,8.53194271e-01,1.00001045e-09
4,7.92731444e-02,2.51201436e-09,96,2,0,6,corr_ratio_high,5.83662995e-01,5.00000000e-01,2.50000001e+07,1.22574569e-01,-7.30619703e-01,8.53194271e-01,1.00001045e-09
4,7.92731444e-02,2.51201436e-09,96,2,1,7,normal_corr_dominates,3.62433516e+00,1.00000000e+00,2.49999966e+07,-3.37863038e+00,-7.30619703e-01,-2.64801068e+00,1.00001237e-09
4,7.92731444e-02,2.51201436e-09,96,2,2,8,normal_corr_dominates,3.76220994e+00,1.00000000e+00,2.50000020e+07,2.01812501e+00,-7.30619703e-01,2.74874471e+00,1.00001891e-09
4,7.92731444e-02,2.51201436e-09,96,3,0,9,normal_corr_dominates,1.76723282e+01,1.00000000e+00,2.49999961e+07,-3.93991245e+00,-2.11002742e-01,-3.72890971e+00,1.00002862e-09
4,7.92731444e-02,2.51201436e-09,96,3,0,9,corr_ratio_high,5.86246798e-01,5.00000000e-01,2.49999961e+07,-3.93991245e+00,-2.11002742e-01,-3.72890971e+00,1.00002862e-09
4,7.92731444e-02,2.51201436e-09,96,3,1,10,normal_corr_dominates,8.76363651e+00,1.00000000e+00,2.49999979e+07,-2.06015408e+00,-2.11002742e-01,-1.84915134e+00,1.00000761e-09
4,7.92731444e-02,2.51201436e-09,96,3,1,10,corr_ratio_high,8.54587895e-01,5.00000000e-01,2.49999979e+07,-2.06015408e+00,-2.11002742e-01,-1.84915134e+00,1.00000761e-09
4,7.92731444e-02,2.51201436e-09,96,3,2,11,normal_corr_dominates,1.11045427e+01,1.00000000e+00,2.50000021e+07,2.13208621e+00,-2.11002742e-01,2.34308896e+00,1.00000315e-09
4,7.92731444e-02,2.51201436e-09,96,3,2,11,corr_ratio_high,1.80018808e+00,5.00000000e-01,2.50000021e+07,2.13208621e+00,-2.11002742e-01,2.34308896e+00,1.00000315e-09
4,7.92731444e-02,2.51201436e-09,96,4,0,12,normal_corr_dominates,1.61112576e+00,1.00000000e+00,2.49999996e+07,-4.41802323e-01,-1.69199940e-01,-2.72602383e-01,1.00001321e-09
4,7.92731444e-02,2.51201436e-09,96,4,1,13,normal_corr_dominates,2.85070959e+00,1.00000000e+00,2.50000003e+07,3.13139951e-01,-1.69199940e-01,4.82339891e-01,1.00001126e-09
4,7.92731444e-02,2.51201436e-09,96,4,2,14,normal_corr_dominates,6.87263905e+00,1.00000000e+00,2.50000010e+07,9.93650175e-01,-1.69199940e-01,1.16285011e+00,1.00000913e-09
4,7.92731444e-02,2.51201436e-09,96,5,0,15,normal_corr_dominates,2.14791990e+00,1.00000000e+00,2.50000015e+07,1.48299119e+00,-1.29189431e+00,2.77488550e+00,1.00000822e-09
4,7.92731444e-02,2.51201436e-09,96,5,1,16,normal_corr_dominates,1.42895041e+00,1.00000000e+00,2.49999969e+07,-3.13794722e+00,-1.29189431e+00,-1.84605291e+00,1.00001334e-09
4,7.92731444e-02,2.51201436e-09,96,5,2,17,normal_corr_dominates,1.71174044e+00,1.00000000e+00,2.49999965e+07,-3.50328205e+00,-1.29189431e+00,-2.21138774e+00,1.00001416e-09
4,7.92731444e-02,2.51201436e-09,96,6,1,19,normal_corr_dominates,2.06412644e+00,1.00000000e+00,2.50000009e+07,9.08592253e-01,-8.53838619e-01,1.76243087e+00,1.00000847e-09
4,7.92731444e-02,2.51201436e-09,96,6,2,20,normal_corr_dominates,3.88983665e+00,1.00000000e+00,2.49999958e+07,-4.17513137e+00,-8.53838619e-01,-3.32129275e+00,1.00001726e-09
4,7.92731444e-02,2.51201436e-09,96,7,0,21,normal_corr_dominates,6.74286361e+01,1.00000000e+00,2.49999983e+07,-1.65754808e+00,-2.42230180e-02,-1.63332506e+00,1.00001094e-09
4,7.92731444e-02,2.51201436e-09,96,7,1,22,normal_corr_dominates,4.26604371e+01,1.00000000e+00,2.49999989e+07,-1.05758755e+00,-2.42230180e-02,-1.03336453e+00,1.00001467e-09
4,7.92731444e-02,2.51201436e-09,96,7,2,23,normal_corr_dominates,1.09615711e+02,1.00000000e+00,2.50000026e+07,2.63100032e+00,-2.42230180e-02,2.65522333e+00,1.00001387e-09
4,7.92731444e-02,2.51201436e-09,96,8,0,24,normal_corr_dominates,4.49623896e+00,1.00000000e+00,2.49999981e+07,-1.87068096e+00,-3.40356555e-01,-1.53032440e+00,1.00001042e-09
4,7.92731444e-02,2.51201436e-09,96,8,1,25,normal_corr_dominates,4.70141935e+00,1.00000000e+00,2.50000013e+07,1.25980234e+00,-3.40356555e-01,1.60015890e+00,1.00000789e-09
4,7.92731444e-02,2.51201436e-09,96,8,1,25,corr_ratio_high,5.25658368e-01,5.00000000e-01,2.50000013e+07,1.25980234e+00,-3.40356555e-01,1.60015890e+00,1.00000789e-09
4,7.92731444e-02,2.51201436e-09,96,8,2,26,normal_corr_dominates,3.01398741e+00,1.00000000e+00,2.50000007e+07,6.85473817e-01,-3.40356555e-01,1.02583037e+00,1.00001185e-09
4,7.92731444e-02,2.51201436e-09,96,9,0,27,normal_corr_dominates,1.32221408e+00,1.00000000e+00,2.50000003e+07,2.79280287e-01,-8.66753832e-01,1.14603412e+00,1.00001535e-09
4,7.92731444e-02,2.51201436e-09,96,9,1,28,normal_corr_dominates,2.16297428e+00,1.00000000e+00,2.49999973e+07,-2.74152007e+00,-8.66753832e-01,-1.87476624e+00,1.00001188e-09
4,7.92731444e-02,2.51201436e-09,96,9,2,29,normal_corr_dominates,2.47771388e+00,1.00000000e+00,2.49999970e+07,-3.01432183e+00,-8.66753832e-01,-2.14756800e+00,1.00001211e-09
4,7.92731444e-02,2.51201436e-09,96,10,0,30,normal_corr_dominates,5.26063863e+00,1.00000000e+00,2.50000012e+07,1.17072303e+00,-2.74776419e-01,1.44549944e+00,1.00001198e-09
4,7.92731444e-02,2.51201436e-09,96,10,1,31,normal_corr_dominates,1.06576016e+01,1.00000000e+00,2.50000027e+07,2.65368117e+00,-2.74776419e-01,2.92845759e+00,1.00002039e-09
4,7.92731444e-02,2.51201436e-09,96,10,2,32,normal_corr_dominates,9.46249487e+00,1.00000000e+00,2.49999971e+07,-2.87484687e+00,-2.74776419e-01,-2.60007045e+00,1.00001187e-09
4,7.92731444e-02,2.51201436e-09,96,11,0,33,normal_corr_dominates,2.80318239e+00,1.00000000e+00,2.49999995e+07,-4.69940763e-01,-1.23565140e-01,-3.46375623e-01,1.00001702e-09
4,7.92731444e-02,2.51201436e-09,96,11,1,34,normal_corr_dominates,6.45282739e+00,1.00000000e+00,2.50000007e+07,6.73779377e-01,-1.23565140e-01,7.97344517e-01,1.00001512e-09
4,7.92731444e-02,2.51201436e-09,96,11,2,35,normal_corr_dominates,1.17367759e+01,1.00000000e+00,2.49999984e+07,-1.57382150e+00,-1.23565140e-01,-1.45025636e+00,1.00000835e-09
4,7.92731444e-02,2.51201436e-09,96,11,2,35,corr_ratio_high,1.02007609e+00,5.00000000e-01,2.49999984e+07,-1.57382150e+00,-1.23565140e-01,-1.45025636e+00,1.00000835e-09
4,7.92731444e-02,2.51201436e-09,96,12,1,37,normal_corr_dominates,1.16930453e+00,1.00000000e+00,2.50000002e+07,2.42805586e-01,-1.43413523e+00,1.67694081e+00,1.00001021e-09
4,7.92731444e-02,2.51201436e-09,96,13,0,39,normal_corr_dominates,1.78575501e+00,1.00000000e+00,2.50000006e+07,5.83758295e-01,-7.42926593e-01,1.32668489e+00,1.00000826e-09
4,7.92731444e-02,2.51201436e-09,96,14,0,42,normal_corr_dominates,3.13153069e+00,1.00000000e+00,2.49999994e+07,-5.66531165e-01,-1.37123794e-01,-4.29407371e-01,1.00001224e-09
4,7.92731444e-02,2.51201436e-09,96,14,1,43,normal_corr_dominates,3.17461263e+00,1.00000000e+00,2.49999994e+07,-5.72438724e-01,-1.37123794e-01,-4.35314930e-01,1.00001037e-09
4,7.92731444e-02,2.51201436e-09,96,14,2,44,normal_corr_dominates,1.81977497e+01,1.00000000e+00,2.50000024e+07,2.35822069e+00,-1.37123794e-01,2.49534449e+00,1.00001707e-09
4,7.92731444e-02,2.51201436e-09,96,15,0,45,normal_corr_dominates,1.41197617e+00,1.00000000e+00,2.49999984e+07,-1.57307168e+00,-6.52192051e-01,-9.20879632e-01,1.00001003e-09
4,7.92731444e-02,2.51201436e-09,96,15,1,46,normal_corr_dominates,2.80194575e+00,1.00000000e+00,2.50000012e+07,1.17521469e+00,-6.52192051e-01,1.82740674e+00,1.00001036e-09
4,7.92731444e-02,2.51201436e-09,96,15,2,47,normal_corr_dominates,3.92036283e+00,1.00000000e+00,2.49999968e+07,-3.20902152e+00,-6.52192051e-01,-2.55682947e+00,1.00001496e-09
4,7.92731444e-02,2.51201436e-09,96,16,2,50,normal_corr_dominates,1.02717898e+00,1.00000000e+00,2.50000000e+07,3.07623611e-02,-1.13184376e+00,1.16260613e+00,1.00001068e-09
4,7.92731444e-02,2.51201436e-09,96,17,0,51,corr_ratio_high,5.13984312e-01,5.00000000e-01,2.49999996e+07,-3.54798648e-01,-1.06376641e+00,7.08967760e-01,1.00002529e-09
4,7.92731444e-02,2.51201436e-09,96,17,1,52,normal_corr_dominates,1.25697755e+00,1.00000000e+00,2.50000003e+07,2.73364081e-01,-1.06376641e+00,1.33713049e+00,1.00001567e-09
4,7.92731444e-02,2.51201436e-09,96,17,2,53,corr_ratio_high,2.58588481e+00,5.00000000e-01,2.50000000e+07,-2.13565992e-03,-1.06376641e+00,1.06163075e+00,1.00000247e-09
4,7.92731444e-02,2.51201436e-09,96,18,2,56,normal_corr_dominates,1.01180793e+00,1.00000000e+00,2.50000000e+07,2.29819614e-02,-1.94631663e+00,1.96929859e+00,1.00001264e-09
4,7.92731444e-02,2.51201436e-09,96,19,0,57,normal_corr_dominates,1.49350182e+01,1.00000000e+00,2.49999941e+07,-5.90272891e+00,-3.70424987e-01,-5.53230392e+00,1.00000943e-09
4,7.92731444e-02,2.51201436e-09,96,19,0,57,corr_ratio_high,1.16716872e+00,5.00000000e-01,2.49999941e+07,-5.90272891e+00,-3.70424987e-01,-5.53230392e+00,1.00000943e-09
4,7.92731444e-02,2.51201436e-09,96,19,2,59,normal_corr_dominates,2.33586393e+00,1.00000000e+00,2.50000005e+07,4.94837380e-01,-3.70424987e-01,8.65262366e-01,1.00001081e-09
4,7.92731444e-02,2.51201436e-09,96,20,1,61,normal_corr_dominates,1.05567267e+00,1.00000000e+00,2.50000001e+07,5.18369313e-02,-9.31102012e-01,9.82938943e-01,1.00001444e-09
4,7.92731444e-02,2.51201436e-09,96,20,2,62,normal_corr_dominates,2.50025594e+00,1.00000000e+00,2.49999967e+07,-3.25909535e+00,-9.31102012e-01,-2.32799333e+00,1.00001137e-09
4,7.92731444e-02,2.51201436e-09,96,21,0,63,normal_corr_dominates,1.61378320e+00,1.00000000e+00,2.49999981e+07,-1.85534664e+00,-7.09831882e-01,-1.14551476e+00,1.00001072e-09
4,7.92731444e-02,2.51201436e-09,96,21,1,64,normal_corr_dominates,2.31630296e+00,1.00000000e+00,2.50000009e+07,9.34353807e-01,-7.09831882e-01,1.64418569e+00,1.00001111e-09
4,7.92731444e-02,2.51201436e-09,96,21,2,65,normal_corr_dominates,1.46106560e+00,1.00000000e+00,2.50000003e+07,3.27279063e-01,-7.09831882e-01,1.03711094e+00,1.00001261e-09
4,7.92731444e-02,2.51201436e-09,96,22,0,66,normal_corr_dominates,2.79084535e+00,1.00000000e+00,2.50000013e+07,1.33132896e+00,-7.43408109e-01,2.07473707e+00,1.00001584e-09
4,7.92731444e-02,2.51201436e-09,96,22,1,67,normal_corr_dominates,1.30881369e+00,1.00000000e+00,2.49999983e+07,-1.71639081e+00,-7.43408109e-01,-9.72982706e-01,1.00001373e-09
4,7.92731444e-02,2.51201436e-09,96,22,2,68,corr_ratio_high,1.57361582e+00,5.00000000e-01,2.49999995e+07,-4.55913656e-01,-7.43408109e-01,2.87494452e-01,1.00000577e-09
4,7.92731444e-02,2.51201436e-09,96,23,0,69,normal_corr_dominates,8.41972484e+00,1.00000000e+00,2.49999994e+07,-6.04665548e-01,-6.41914236e-02,-5.40474124e-01,1.00001442e-09
4,7.92731444e-02,2.51201436e-09,96,23,1,70,normal_corr_dominates,5.83966815e+00,1.00000000e+00,2.49999996e+07,-4.39048036e-01,-6.41914236e-02,-3.74856612e-01,1.00001160e-09
4,7.92731444e-02,2.51201436e-09,96,23,2,71,normal_corr_dominates,3.24056181e+01,1.00000000e+00,2.50000020e+07,2.01597133e+00,-6.41914236e-02,2.08016276e+00,1.00001492e-09
4,7.92731444e-02,2.51201436e-09,96,24,1,73,corr_ratio_high,5.80352861e-01,5.00000000e-01,2.49999995e+07,-4.72743592e-01,-1.24675973e+00,7.74016140e-01,1.00000838e-09
4,7.92731444e-02,2.51201436e-09,96,24,2,74,normal_corr_dominates,1.08436733e+00,1.00000000e+00,2.49999974e+07,-2.59870525e+00,-1.24675973e+00,-1.35194552e+00,1.00001259e-09
4,7.92731444e-02,2.51201436e-09,96,26,0,78,normal_corr_dominates,5.33790880e+00,1.00000000e+00,2.50000018e+07,1.81488941e+00,-4.18378877e-01,2.23326829e+00,1.00002200e-09
4,7.92731444e-02,2.51201436e-09,96,26,0,78,corr_ratio_high,5.00048307e-01,5.00000000e-01,2.50000018e+07,1.81488941e+00,-4.18378877e-01,2.23326829e+00,1.00002200e-09
4,7.92731444e-02,2.51201436e-09,96,26,1,79,normal_corr_dominates,1.86812637e+00,1.00000000e+00,2.49999988e+07,-1.19996349e+00,-4.18378877e-01,-7.81584614e-01,1.00001205e-09
4,7.92731444e-02,2.51201436e-09,96,26,2,80,normal_corr_dominates,4.35761289e+00,1.00000000e+00,2.49999978e+07,-2.24151207e+00,-4.18378877e-01,-1.82313319e+00,1.00000693e-09
4,7.92731444e-02,2.51201436e-09,96,26,2,80,corr_ratio_high,1.23055479e+00,5.00000000e-01,2.49999978e+07,-2.24151207e+00,-4.18378877e-01,-1.82313319e+00,1.00000693e-09
4,7.92731444e-02,2.51201436e-09,96,27,0,81,normal_corr_dominates,4.39774312e+00,1.00000000e+00,2.49999980e+07,-2.02013179e+00,-3.74254896e-01,-1.64587689e+00,1.00001077e-09
4,7.92731444e-02,2.51201436e-09,96,27,1,82,normal_corr_dominates,2.71391580e+00,1.00000000e+00,2.50000006e+07,6.41441378e-01,-3.74254896e-01,1.01569627e+00,1.00001046e-09
4,7.92731444e-02,2.51201436e-09,96,29,0,87,normal_corr_dominates,1.04319489e+01,1.00000000e+00,2.49999945e+07,-5.48846009e+00,-4.80098376e-01,-5.00836171e+00,1.00000989e-09
4,7.92731444e-02,2.51201436e-09,96,29,0,87,corr_ratio_high,8.83533021e-01,5.00000000e-01,2.49999945e+07,-5.48846009e+00,-4.80098376e-01,-5.00836171e+00,1.00000989e-09
4,7.92731444e-02,2.51201436e-09,96,29,1,88,normal_corr_dominates,5.73327377e+00,1.00000000e+00,2.49999968e+07,-3.23263380e+00,-4.80098376e-01,-2.75253543e+00,1.00001264e-09
4,7.92731444e-02,2.51201436e-09,96,29,2,89,normal_corr_dominates,3.28022289e+00,1.00000000e+00,2.50000011e+07,1.09473131e+00,-4.80098376e-01,1.57482968e+00,1.00001127e-09
4,7.92731444e-02,2.51201436e-09,96,30,2,92,normal_corr_dominates,1.40790952e+00,1.00000000e+00,2.49999968e+07,-3.22049237e+00,-1.33746403e+00,-1.88302834e+00,1.00001341e-09
4,7.92731444e-02,2.51201436e-09,96,31,0,93,normal_corr_dominates,1.53062224e+00,1.00000000e+00,2.49999985e+07,-1.46066103e+00,-5.77194419e-01,-8.83466613e-01,1.00001107e-09
4,7.92731444e-02,2.51201436e-09,96,31,1,94,normal_corr_dominates,1.39137378e+00,1.00000000e+00,2.50000002e+07,2.25898762e-01,-5.77194419e-01,8.03093181e-01,1.00001355e-09
4,7.92731444e-02,2.51201436e-09,96,31,2,95,normal_corr_dominates,1.98164099e+00,1.00000000e+00,2.50000006e+07,5.66597703e-01,-5.77194419e-01,1.14379212e+00,1.00001019e-09
4,7.92731444e-02,2.51201436e-09,96,32,1,97,normal_corr_dominates,2.36751001e+00,1.00000000e+00,2.49999982e+07,-1.84356619e+00,-5.47456781e-01,-1.29610941e+00,1.00000963e-09
4,7.92731444e-02,2.51201436e-09,96,33,0,99,normal_corr_dominates,5.47499893e+00,1.00000000e+00,2.49999972e+07,-2.76206200e+00,-4.26573353e-01,-2.33548865e+00,1.00001109e-09
4,7.92731444e-02,2.51201436e-09,96,33,1,100,normal_corr_dominates,1.34779583e+00,1.00000000e+00,2.49999990e+07,-1.00150714e+00,-4.26573353e-01,-5.74933786e-01,1.00001133e-09
4,7.92731444e-02,2.51201436e-09,96,33,2,101,normal_corr_dominates,3.25832802e+00,1.00000000e+00,2.50000010e+07,9.63342557e-01,-4.26573353e-01,1.38991591e+00,1.00001124e-09
4,7.92731444e-02,2.51201436e-09,96,34,0,102,normal_corr_dominates,2.24695975e+00,1.00000000e+00,2.49999968e+07,-3.24160888e+00,-9.98352036e-01,-2.24325684e+00,1.00000935e-09
4,7.92731444e-02,2.51201436e-09,96,34,1,103,normal_corr_dominates,2.07106218e+00,1.00000000e+00,2.50000011e+07,1.06929711e+00,-9.98352036e-01,2.06764914e+00,1.00000876e-09
4,7.92731444e-02,2.51201436e-09,96,35,0,105,normal_corr_dominates,3.93982865e+01,1.00000000e+00,2.50000039e+07,3.92020866e+00,-1.02093323e-01,4.02230199e+00,1.00001678e-09
4,7.92731444e-02,2.51201436e-09,96,35,1,106,normal_corr_dominates,2.01603540e+01,1.00000000e+00,2.49999978e+07,-2.16033085e+00,-1.02093323e-01,-2.05823753e+00,1.00002325e-09
4,7.92731444e-02,2.51201436e-09,96,35,2,107,normal_corr_dominates,4.09684022e+01,1.00000000e+00,2.49999957e+07,-4.28469364e+00,-1.02093323e-01,-4.18260032e+00,1.00000385e-09
4,7.92731444e-02,2.51201436e-09,96,35,2,107,corr_ratio_high,4.27044893e+00,5.00000000e-01,2.49999957e+07,-4.28469364e+00,-1.02093323e-01,-4.18260032e+00,1.00000385e-09
4,7.92731444e-02,2.51201436e-09,96,36,1,109,corr_ratio_high,7.26401743e-01,5.00000000e-01,2.49999978e+07,-2.19134654e+00,-1.83013210e+00,-3.61214444e-01,1.00000717e-09
4,7.92731444e-02,2.51201436e-09,96,37,0,111,normal_corr_dominates,1.87677274e+00,1.00000000e+00,2.50000003e+07,3.28919271e-01,-3.75147695e-01,7.04066965e-01,1.00001184e-09
4,7.92731444e-02,2.51201436e-09,96,37,2,113,normal_corr_dominates,2.72591076e+00,1.00000000e+00,2.50000006e+07,6.47471443e-01,-3.75147695e-01,1.02261914e+00,1.00000839e-09
5,1.17411612e-01,3.72054946e-09,96,0,0,0,corr_ratio_high,9.37686727e-01,5.00000000e-01,2.49999969e+07,-3.05316631e+00,-2.22775632e+00,-8.25409988e-01,1.00001021e-09
5,1.17411612e-01,3.72054946e-09,96,0,2,2,normal_corr_dominates,1.14159711e+00,1.00000000e+00,2.50000003e+07,3.15443857e-01,-2.22775632e+00,2.54320017e+00,1.00001717e-09
5,1.17411612e-01,3.72054946e-09,96,1,0,3,normal_corr_dominates,8.27009575e+00,1.00000000e+00,2.50000026e+07,2.60495954e+00,-3.58311587e-01,2.96327113e+00,1.00002168e-09
5,1.17411612e-01,3.72054946e-09,96,1,1,4,normal_corr_dominates,8.85751745e+00,1.00000000e+00,2.49999965e+07,-3.53206272e+00,-3.58311587e-01,-3.17375113e+00,1.00001379e-09
5,1.17411612e-01,3.72054946e-09,96,1,1,4,corr_ratio_high,8.71697899e-01,5.00000000e-01,2.49999965e+07,-3.53206272e+00,-3.58311587e-01,-3.17375113e+00,1.00001379e-09
5,1.17411612e-01,3.72054946e-09,96,1,2,5,normal_corr_dominates,6.59463280e+00,1.00000000e+00,2.49999973e+07,-2.72124493e+00,-3.58311587e-01,-2.36293334e+00,1.00002003e-09
5,1.17411612e-01,3.72054946e-09,96,2,0,6,normal_corr_dominates,1.16752163e+00,1.00000000e+00,2.50000002e+07,1.79575744e-01,-1.07195558e+00,1.25153132e+00,1.00001532e-09
5,1.17411612e-01,3.72054946e-09,96,2,0,6,corr_ratio_high,5.83913568e-01,5.00000000e-01,2.50000002e+07,1.79575744e-01,-1.07195558e+00,1.25153132e+00,1.00001532e-09
5,1.17411612e-01,3.72054946e-09,96,2,1,7,normal_corr_dominates,3.62298208e+00,1.00000000e+00,2.49999950e+07,-4.95563142e+00,-1.07195558e+00,-3.88367584e+00,1.00001814e-09
5,1.17411612e-01,3.72054946e-09,96,2,2,8,normal_corr_dominates,3.76095015e+00,1.00000000e+00,2.50000030e+07,2.95961591e+00,-1.07195558e+00,4.03157148e+00,1.00002774e-09
5,1.17411612e-01,3.72054946e-09,96,3,0,9,normal_corr_dominates,1.76483138e+01,1.00000000e+00,2.49999942e+07,-5.78193132e+00,-3.10051160e-01,-5.47188017e+00,1.00004198e-09
5,1.17411612e-01,3.72054946e-09,96,3,0,9,corr_ratio_high,5.86269293e-01,5.00000000e-01,2.49999942e+07,-5.78193132e+00,-3.10051160e-01,-5.47188017e+00,1.00004198e-09
5,1.17411612e-01,3.72054946e-09,96,3,1,10,normal_corr_dominates,8.74293043e+00,1.00000000e+00,2.49999970e+07,-3.02080688e+00,-3.10051160e-01,-2.71075572e+00,1.00001115e-09
5,1.17411612e-01,3.72054946e-09,96,3,1,10,corr_ratio_high,8.54834730e-01,5.00000000e-01,2.49999970e+07,-3.02080688e+00,-3.10051160e-01,-2.71075572e+00,1.00001115e-09
5,1.17411612e-01,3.72054946e-09,96,3,2,11,normal_corr_dominates,1.10878564e+01,1.00000000e+00,2.50000031e+07,3.12775157e+00,-3.10051160e-01,3.43780273e+00,1.00000462e-09
5,1.17411612e-01,3.72054946e-09,96,3,2,11,corr_ratio_high,1.79905129e+00,5.00000000e-01,2.50000031e+07,3.12775157e+00,-3.10051160e-01,3.43780273e+00,1.00000462e-09
5,1.17411612e-01,3.72054946e-09,96,4,0,12,normal_corr_dominates,1.60756138e+00,1.00000000e+00,2.49999994e+07,-6.47869034e-01,-2.48457826e-01,-3.99411207e-01,1.00001938e-09
5,1.17411612e-01,3.72054946e-09,96,4,1,13,normal_corr_dominates,2.84702990e+00,1.00000000e+00,2.50000005e+07,4.58909034e-01,-2.48457826e-01,7.07366860e-01,1.00001651e-09
5,1.17411612e-01,3.72054946e-09,96,4,2,14,normal_corr_dominates,6.86932642e+00,1.00000000e+00,2.50000015e+07,1.45828008e+00,-2.48457826e-01,1.70673791e+00,1.00001339e-09
5,1.17411612e-01,3.72054946e-09,96,5,0,15,normal_corr_dominates,2.14673150e+00,1.00000000e+00,2.50000022e+07,2.17433655e+00,-1.89611652e+00,4.07045307e+00,1.00001206e-09
5,1.17411612e-01,3.72054946e-09,96,5,1,16,normal_corr_dominates,1.42807924e+00,1.00000000e+00,2.49999954e+07,-4.60392115e+00,-1.89611652e+00,-2.70780463e+00,1.00001956e-09
5,1.17411612e-01,3.72054946e-09,96,5,2,17,normal_corr_dominates,1.71131468e+00,1.00000000e+00,2.49999949e+07,-5.14096857e+00,-1.89611652e+00,-3.24485205e+00,1.00002077e-09
5,1.17411612e-01,3.72054946e-09,96,6,1,19,normal_corr_dominates,2.06276149e+00,1.00000000e+00,2.50000013e+07,1.33171155e+00,-1.25306719e+00,2.58477874e+00,1.00001242e-09
5,1.17411612e-01,3.72054946e-09,96,6,2,20,normal_corr_dominates,3.88919926e+00,1.00000000e+00,2.49999939e+07,-6.12649516e+00,-1.25306719e+00,-4.87342797e+00,1.00002532e-09
5,1.17411612e-01,3.72054946e-09,96,7,0,21,normal_corr_dominates,6.78091763e+01,1.00000000e+00,2.49999976e+07,-2.43355377e+00,-3.53667039e-02,-2.39818706e+00,1.00001604e-09
5,1.17411612e-01,3.72054946e-09,96,7,1,22,normal_corr_dominates,4.28411648e+01,1.00000000e+00,2.49999984e+07,-1.55051749e+00,-3.53667039e-02,-1.51515079e+00,1.00002152e-09
5,1.17411612e-01,3.72054946e-09,96,7,2,23,normal_corr_dominates,1.10138442e+02,1.00000000e+00,2.50000039e+07,3.85986695e+00,-3.53667039e-02,3.89523365e+00,1.00002035e-09
5,1.17411612e-01,3.72054946e-09,96,8,0,24,normal_corr_dominates,4.48748946e+00,1.00000000e+00,2.49999973e+07,-2.74370680e+00,-4.99993088e-01,-2.24371371e+00,1.00001528e-09
5,1.17411612e-01,3.72054946e-09,96,8,1,25,normal_corr_dominates,4.69446464e+00,1.00000000e+00,2.50000018e+07,1.84720678e+00,-4.99993088e-01,2.34719987e+00,1.00001157e-09
5,1.17411612e-01,3.72054946e-09,96,8,1,25,corr_ratio_high,5.25473352e-01,5.00000000e-01,2.50000018e+07,1.84720678e+00,-4.99993088e-01,2.34719987e+00,1.00001157e-09
5,1.17411612e-01,3.72054946e-09,96,8,2,26,normal_corr_dominates,3.00784260e+00,1.00000000e+00,2.50000010e+07,1.00390742e+00,-4.99993088e-01,1.50390051e+00,1.00001738e-09
5,1.17411612e-01,3.72054946e-09,96,9,0,27,normal_corr_dominates,1.32063908e+00,1.00000000e+00,2.50000004e+07,4.08070420e-01,-1.27267838e+00,1.68074880e+00,1.00002251e-09
5,1.17411612e-01,3.72054946e-09,96,9,1,28,normal_corr_dominates,2.16087777e+00,1.00000000e+00,2.49999960e+07,-4.02278081e+00,-1.27267838e+00,-2.75010242e+00,1.00001743e-09
5,1.17411612e-01,3.72054946e-09,96,9,2,29,normal_corr_dominates,2.47548691e+00,1.00000000e+00,2.49999956e+07,-4.42317705e+00,-1.27267838e+00,-3.15049867e+00,1.00001776e-09
5,1.17411612e-01,3.72054946e-09,96,10,0,30,normal_corr_dominates,5.26183700e+00,1.00000000e+00,2.50000017e+07,1.71813221e+00,-4.03143577e-01,2.12127579e+00,1.00001756e-09
5,1.17411612e-01,3.72054946e-09,96,10,1,31,normal_corr_dominates,1.06519831e+01,1.00000000e+00,2.50000039e+07,3.89113498e+00,-4.03143577e-01,4.29427855e+00,1.00002991e-09
5,1.17411612e-01,3.72054946e-09,96,10,2,32,normal_corr_dominates,9.46128690e+00,1.00000000e+00,2.49999958e+07,-4.21740062e+00,-4.03143577e-01,-3.81425704e+00,1.00001741e-09
5,1.17411612e-01,3.72054946e-09,96,11,0,33,normal_corr_dominates,2.81712151e+00,1.00000000e+00,2.49999993e+07,-6.90089693e-01,-1.80787982e-01,-5.09301712e-01,1.00002497e-09
5,1.17411612e-01,3.72054946e-09,96,11,1,34,normal_corr_dominates,6.47246113e+00,1.00000000e+00,2.50000010e+07,9.89355202e-01,-1.80787982e-01,1.17014318e+00,1.00002218e-09
5,1.17411612e-01,3.72054946e-09,96,11,2,35,normal_corr_dominates,1.17746575e+01,1.00000000e+00,2.49999977e+07,-2.30950455e+00,-1.80787982e-01,-2.12871657e+00,1.00001224e-09
5,1.17411612e-01,3.72054946e-09,96,11,2,35,corr_ratio_high,1.02010681e+00,5.00000000e-01,2.49999977e+07,-2.30950455e+00,-1.80787982e-01,-2.12871657e+00,1.00001224e-09
5,1.17411612e-01,3.72054946e-09,96,12,1,37,normal_corr_dominates,1.16865290e+00,1.00000000e+00,2.50000004e+07,3.54990114e-01,-2.10485625e+00,2.45984636e+00,1.00001497e-09
5,1.17411612e-01,3.72054946e-09,96,13,0,39,normal_corr_dominates,1.78396471e+00,1.00000000e+00,2.50000009e+07,8.55168596e-01,-1.09082537e+00,1.94599396e+00,1.00001212e-09
5,1.17411612e-01,3.72054946e-09,96,14,0,42,normal_corr_dominates,3.12762472e+00,1.00000000e+00,2.49999992e+07,-8.31381210e-01,-2.01418798e-01,-6.29962412e-01,1.00001796e-09
5,1.17411612e-01,3.72054946e-09,96,14,1,43,normal_corr_dominates,3.17027661e+00,1.00000000e+00,2.49999992e+07,-8.39972102e-01,-2.01418798e-01,-6.38553304e-01,1.00001521e-09
5,1.17411612e-01,3.72054946e-09,96,14,2,44,normal_corr_dominates,1.81777957e+01,1.00000000e+00,2.50000035e+07,3.45993096e+00,-2.01418798e-01,3.66134975e+00,1.00002504e-09
5,1.17411612e-01,3.72054946e-09,96,15,0,45,normal_corr_dominates,1.41014695e+00,1.00000000e+00,2.49999977e+07,-2.30733186e+00,-9.57340742e-01,-1.34999112e+00,1.00001471e-09
5,1.17411612e-01,3.72054946e-09,96,15,1,46,normal_corr_dominates,2.80019807e+00,1.00000000e+00,2.50000017e+07,1.72340295e+00,-9.57340742e-01,2.68074369e+00,1.00001520e-09
5,1.17411612e-01,3.72054946e-09,96,15,2,47,normal_corr_dominates,3.91917431e+00,1.00000000e+00,2.49999953e+07,-4.70932598e+00,-9.57340742e-01,-3.75198524e+00,1.00002194e-09
5,1.17411612e-01,3.72054946e-09,96,16,2,50,normal_corr_dominates,1.02629779e+00,1.00000000e+00,2.50000000e+07,4.36818284e-02,-1.66104573e+00,1.70472756e+00,1.00001567e-09
5,1.17411612e-01,3.72054946e-09,96,17,0,51,corr_ratio_high,5.13973949e-01,5.00000000e-01,2.49999995e+07,-5.22139598e-01,-1.56232683e+00,1.04018724e+00,1.00003708e-09
5,1.17411612e-01,3.72054946e-09,96,17,1,52,normal_corr_dominates,1.25379687e+00,1.00000000e+00,2.50000004e+07,3.96513662e-01,-1.56232683e+00,1.95884050e+00,1.00002300e-09
5,1.17411612e-01,3.72054946e-09,96,17,2,53,corr_ratio_high,2.58508610e+00,5.00000000e-01,2.50000000e+07,-2.53131813e-03,-1.56232683e+00,1.55979551e+00,1.00000363e-09
5,1.17411612e-01,3.72054946e-09,96,18,2,56,normal_corr_dominates,1.01134649e+00,1.00000000e+00,2.50000000e+07,3.24070547e-02,-2.85613080e+00,2.88853786e+00,1.00001854e-09
5,1.17411612e-01,3.72054946e-09,96,19,0,57,normal_corr_dominates,1.49311888e+01,1.00000000e+00,2.49999913e+07,-8.65923438e+00,-5.43539751e-01,-8.11569463e+00,1.00001384e-09
5,1.17411612e-01,3.72054946e-09,96,19,0,57,corr_ratio_high,1.16675064e+00,5.00000000e-01,2.49999913e+07,-8.65923438e+00,-5.43539751e-01,-8.11569463e+00,1.00001384e-09
5,1.17411612e-01,3.72054946e-09,96,19,2,59,normal_corr_dominates,2.33644559e+00,1.00000000e+00,2.50000007e+07,7.26411302e-01,-5.43539751e-01,1.26995105e+00,1.00001586e-09
5,1.17411612e-01,3.72054946e-09,96,20,1,61,normal_corr_dominates,1.05450649e+00,1.00000000e+00,2.50000001e+07,7.45164017e-02,-1.36711071e+00,1.44162711e+00,1.00002118e-09
5,1.17411612e-01,3.72054946e-09,96,20,2,62,normal_corr_dominates,2.49798189e+00,1.00000000e+00,2.49999952e+07,-4.78212851e+00,-1.36711071e+00,-3.41501780e+00,1.00001668e-09
5,1.17411612e-01,3.72054946e-09,96,21,0,63,normal_corr_dominates,1.61204881e+00,1.00000000e+00,2.49999973e+07,-2.72178571e+00,-1.04201181e+00,-1.67977390e+00,1.00001573e-09
5,1.17411612e-01,3.72054946e-09,96,21,1,64,normal_corr_dominates,2.31445698e+00,1.00000000e+00,2.50000014e+07,1.36967970e+00,-1.04201181e+00,2.41169151e+00,1.00001630e-09
5,1.17411612e-01,3.72054946e-09,96,21,2,65,normal_corr_dominates,1.45938785e+00,1.00000000e+00,2.50000005e+07,4.78687565e-01,-1.04201181e+00,1.52069938e+00,1.00001850e-09
5,1.17411612e-01,3.72054946e-09,96,22,0,66,normal_corr_dominates,2.78444650e+00,1.00000000e+00,2.50000019e+07,1.94891343e+00,-1.09216692e+00,3.04108034e+00,1.00002324e-09
5,1.17411612e-01,3.72054946e-09,96,22,1,67,normal_corr_dominates,1.30679026e+00,1.00000000e+00,2.49999975e+07,-2.51940001e+00,-1.09216692e+00,-1.42723309e+00,1.00002014e-09
5,1.17411612e-01,3.72054946e-09,96,22,2,68,corr_ratio_high,1.57363289e+00,5.00000000e-01,2.49999993e+07,-6.68077101e-01,-1.09216692e+00,4.24089815e-01,1.00000846e-09
5,1.17411612e-01,3.72054946e-09,96,23,0,69,normal_corr_dominates,8.41144078e+00,1.00000000e+00,2.49999991e+07,-8.87025937e-01,-9.42497497e-02,-7.92776188e-01,1.00002116e-09
5,1.17411612e-01,3.72054946e-09,96,23,1,70,normal_corr_dominates,5.83217645e+00,1.00000000e+00,2.49999994e+07,-6.43930920e-01,-9.42497497e-02,-5.49681170e-01,1.00001702e-09
5,1.17411612e-01,3.72054946e-09,96,23,2,71,normal_corr_dominates,3.23834062e+01,1.00000000e+00,2.50000030e+07,2.95787818e+00,-9.42497497e-02,3.05212793e+00,1.00002189e-09
5,1.17411612e-01,3.72054946e-09,96,24,1,73,corr_ratio_high,5.80413065e-01,5.00000000e-01,2.49999993e+07,-6.93560171e-01,-1.83006767e+00,1.13650750e+00,1.00001229e-09
5,1.17411612e-01,3.72054946e-09,96,24,2,74,normal_corr_dominates,1.08404489e+00,1.00000000e+00,2.49999962e+07,-3.81394319e+00,-1.83006767e+00,-1.98387552e+00,1.00001846e-09
5,1.17411612e-01,3.72054946e-09,96,26,0,78,normal_corr_dominates,5.33303928e+00,1.00000000e+00,2.50000027e+07,2.66041334e+00,-6.13983204e-01,3.27439655e+00,1.00003227e-09
5,1.17411612e-01,3.72054946e-09,96,26,0,78,corr_ratio_high,5.00040426e-01,5.00000000e-01,2.50000027e+07,2.66041334e+00,-6.13983204e-01,3.27439655e+00,1.00003227e-09
5,1.17411612e-01,3.72054946e-09,96,26,1,79,normal_corr_dominates,1.86703338e+00,1.00000000e+00,2.49999982e+07,-1.76031034e+00,-6.13983204e-01,-1.14632714e+00,1.00001767e-09
5,1.17411612e-01,3.72054946e-09,96,26,2,80,normal_corr_dominates,4.35442161e+00,1.00000000e+00,2.49999967e+07,-3.28752494e+00,-6.13983204e-01,-2.67354173e+00,1.00001016e-09
5,1.17411612e-01,3.72054946e-09,96,26,2,80,corr_ratio_high,1.23020751e+00,5.00000000e-01,2.49999967e+07,-3.28752494e+00,-6.13983204e-01,-2.67354173e+00,1.00001016e-09
5,1.17411612e-01,3.72054946e-09,96,27,0,81,normal_corr_dominates,4.39417469e+00,1.00000000e+00,2.49999970e+07,-2.96286361e+00,-5.49270978e-01,-2.41359263e+00,1.00001580e-09
5,1.17411612e-01,3.72054946e-09,96,27,1,82,normal_corr_dominates,2.71589492e+00,1.00000000e+00,2.50000009e+07,9.42491282e-01,-5.49270978e-01,1.49176226e+00,1.00001533e-09
5,1.17411612e-01,3.72054946e-09,96,29,0,87,normal_corr_dominates,1.04222180e+01,1.00000000e+00,2.49999919e+07,-8.05077839e+00,-7.04834943e-01,-7.34594345e+00,1.00001451e-09
5,1.17411612e-01,3.72054946e-09,96,29,0,87,corr_ratio_high,8.83614322e-01,5.00000000e-01,2.49999919e+07,-8.05077839e+00,-7.04834943e-01,-7.34594345e+00,1.00001451e-09
5,1.17411612e-01,3.72054946e-09,96,29,1,88,normal_corr_dominates,5.72799862e+00,1.00000000e+00,2.49999953e+07,-4.74212853e+00,-7.04834943e-01,-4.03729358e+00,1.00001854e-09
5,1.17411612e-01,3.72054946e-09,96,29,2,89,normal_corr_dominates,3.27752563e+00,1.00000000e+00,2.50000016e+07,1.60527964e+00,-7.04834943e-01,2.31011459e+00,1.00001654e-09
5,1.17411612e-01,3.72054946e-09,96,30,2,92,normal_corr_dominates,1.40711441e+00,1.00000000e+00,2.49999953e+07,-4.72543864e+00,-1.96311343e+00,-2.76232520e+00,1.00001966e-09
5,1.17411612e-01,3.72054946e-09,96,31,0,93,normal_corr_dominates,1.52917356e+00,1.00000000e+00,2.49999979e+07,-2.14304656e+00,-8.47330763e-01,-1.29571580e+00,1.00001624e-09
5,1.17411612e-01,3.72054946e-09,96,31,1,94,normal_corr_dominates,1.38923006e+00,1.00000000e+00,2.50000003e+07,3.29806606e-01,-8.47330763e-01,1.17713737e+00,1.00001988e-09
5,1.17411612e-01,3.72054946e-09,96,31,2,95,normal_corr_dominates,1.98076038e+00,1.00000000e+00,2.50000008e+07,8.31028440e-01,-8.47330763e-01,1.67835920e+00,1.00001494e-09
5,1.17411612e-01,3.72054946e-09,96,32,1,97,normal_corr_dominates,2.36610943e+00,1.00000000e+00,2.49999973e+07,-2.70403903e+00,-8.03312870e-01,-1.90072616e+00,1.00001413e-09
5,1.17411612e-01,3.72054946e-09,96,33,0,99,normal_corr_dominates,5.46901174e+00,1.00000000e+00,2.49999959e+07,-4.05172178e+00,-6.26327782e-01,-3.42539399e+00,1.00001627e-09
5,1.17411612e-01,3.72054946e-09,96,33,1,100,normal_corr_dominates,1.34616471e+00,1.00000000e+00,2.49999985e+07,-1.46946814e+00,-6.26327782e-01,-8.43140354e-01,1.00001662e-09
5,1.17411612e-01,3.72054946e-09,96,33,2,101,normal_corr_dominates,3.25563663e+00,1.00000000e+00,2.50000014e+07,1.41276789e+00,-6.26327782e-01,2.03909567e+00,1.00001648e-09
5,1.17411612e-01,3.72054946e-09,96,34,0,102,normal_corr_dominates,2.24457612e+00,1.00000000e+00,2.49999952e+07,-4.75592545e+00,-1.46580794e+00,-3.29011751e+00,1.00001371e-09
5,1.17411612e-01,3.72054946e-09,96,34,1,103,normal_corr_dominates,2.06905763e+00,1.00000000e+00,2.50000016e+07,1.56703317e+00,-1.46580794e+00,3.03284111e+00,1.00001285e-09
5,1.17411612e-01,3.72054946e-09,96,35,0,105,normal_corr_dominates,3.92272461e+01,1.00000000e+00,2.50000057e+07,5.74938357e+00,-1.50400151e-01,5.89978372e+00,1.00002461e-09
5,1.17411612e-01,3.72054946e-09,96,35,1,106,normal_corr_dominates,2.00877129e+01,1.00000000e+00,2.49999968e+07,-3.17159519e+00,-1.50400151e-01,-3.02119504e+00,1.00003411e-09
5,1.17411612e-01,3.72054946e-09,96,35,2,107,normal_corr_dominates,4.07806332e+01,1.00000000e+00,2.49999937e+07,-6.28381353e+00,-1.50400151e-01,-6.13341338e+00,1.00000564e-09
5,1.17411612e-01,3.72054946e-09,96,35,2,107,corr_ratio_high,4.26883656e+00,5.00000000e-01,2.49999937e+07,-6.28381353e+00,-1.50400151e-01,-6.13341338e+00,1.00000564e-09
5,1.17411612e-01,3.72054946e-09,96,36,1,109,corr_ratio_high,7.26344682e-01,5.00000000e-01,2.49999968e+07,-3.21607637e+00,-2.68561038e+00,-5.30465990e-01,1.00001051e-09
5,1.17411612e-01,3.72054946e-09,96,37,0,111,normal_corr_dominates,1.87873372e+00,1.00000000e+00,2.50000005e+07,4.83957737e-01,-5.50744468e-01,1.03470221e+00,1.00001736e-09
5,1.17411612e-01,3.72054946e-09,96,37,2,113,normal_corr_dominates,2.72560985e+00,1.00000000e+00,2.50000010e+07,9.50370082e-01,-5.50744468e-01,1.50111455e+00,1.00001231e-09
6,1.50778653e-01,4.77788721e-09,96,0,0,0,corr_ratio_high,9.37554135e-01,5.00000000e-01,2.49999961e+07,-3.89311060e+00,-2.84062500e+00,-1.05248559e+00,1.00001302e-09
6,1.50778653e-01,4.77788721e-09,96,0,2,2,normal_corr_dominates,1.14117520e+00,1.00000000e+00,2.50000004e+07,4.01025802e-01,-2.84062500e+00,3.24165081e+00,1.00002188e-09
6,1.50778653e-01,4.77788721e-09,96,1,0,3,normal_corr_dominates,8.27585591e+00,1.00000000e+00,2.50000033e+07,3.32155241e+00,-4.56517069e-01,3.77806948e+00,1.00002762e-09
6,1.50778653e-01,4.77788721e-09,96,1,1,4,normal_corr_dominates,8.86692331e+00,1.00000000e+00,2.49999955e+07,-4.50441891e+00,-4.56517069e-01,-4.04790184e+00,1.00001758e-09
6,1.50778653e-01,4.77788721e-09,96,1,1,4,corr_ratio_high,8.71987829e-01,5.00000000e-01,2.49999955e+07,-4.50441891e+00,-4.56517069e-01,-4.04790184e+00,1.00001758e-09
6,1.50778653e-01,4.77788721e-09,96,1,2,5,normal_corr_dominates,6.59811361e+00,1.00000000e+00,2.49999965e+07,-3.46866855e+00,-4.56517069e-01,-3.01215148e+00,1.00002553e-09
6,1.50778653e-01,4.77788721e-09,96,2,0,6,normal_corr_dominates,1.16707173e+00,1.00000000e+00,2.50000002e+07,2.28318399e-01,-1.36658910e+00,1.59490750e+00,1.00001952e-09
6,1.50778653e-01,4.77788721e-09,96,2,0,6,corr_ratio_high,5.84103529e-01,5.00000000e-01,2.50000002e+07,2.28318399e-01,-1.36658910e+00,1.59490750e+00,1.00001952e-09
6,1.50778653e-01,4.77788721e-09,96,2,1,7,normal_corr_dominates,3.62191262e+00,1.00000000e+00,2.49999937e+07,-6.31625540e+00,-1.36658910e+00,-4.94966630e+00,1.00002312e-09
6,1.50778653e-01,4.77788721e-09,96,2,2,8,normal_corr_dominates,3.76014807e+00,1.00000000e+00,2.50000038e+07,3.77198826e+00,-1.36658910e+00,5.13857736e+00,1.00003536e-09
6,1.50778653e-01,4.77788721e-09,96,3,0,9,normal_corr_dominates,1.76292798e+01,1.00000000e+00,2.49999926e+07,-7.37232606e+00,-3.95738651e-01,-6.97658741e+00,1.00005351e-09
6,1.50778653e-01,4.77788721e-09,96,3,0,9,corr_ratio_high,5.86282565e-01,5.00000000e-01,2.49999926e+07,-7.37232606e+00,-3.95738651e-01,-6.97658741e+00,1.00005351e-09
6,1.50778653e-01,4.77788721e-09,96,3,1,10,normal_corr_dominates,8.72691982e+00,1.00000000e+00,2.49999962e+07,-3.84931813e+00,-3.95738651e-01,-3.45357948e+00,1.00001422e-09
6,1.50778653e-01,4.77788721e-09,96,3,1,10,corr_ratio_high,8.55002610e-01,5.00000000e-01,2.49999962e+07,-3.84931813e+00,-3.95738651e-01,-3.45357948e+00,1.00001422e-09
6,1.50778653e-01,4.77788721e-09,96,3,2,11,normal_corr_dominates,1.10744655e+01,1.00000000e+00,2.50000040e+07,3.98685538e+00,-3.95738651e-01,4.38259403e+00,1.00000590e-09
6,1.50778653e-01,4.77788721e-09,96,3,2,11,corr_ratio_high,1.79812759e+00,5.00000000e-01,2.50000040e+07,3.98685538e+00,-3.95738651e-01,4.38259403e+00,1.00000590e-09
6,1.50778653e-01,4.77788721e-09,96,4,0,12,normal_corr_dominates,1.60460223e+00,1.00000000e+00,2.49999992e+07,-8.25610236e-01,-3.16981313e-01,-5.08628923e-01,1.00002470e-09
6,1.50778653e-01,4.77788721e-09,96,4,1,13,normal_corr_dominates,2.84384694e+00,1.00000000e+00,2.50000006e+07,5.84465025e-01,-3.16981313e-01,9.01446338e-01,1.00002105e-09
6,1.50778653e-01,4.77788721e-09,96,4,2,14,normal_corr_dominates,6.86605788e+00,1.00000000e+00,2.50000019e+07,1.85943073e+00,-3.16981313e-01,2.17641204e+00,1.00001708e-09
6,1.50778653e-01,4.77788721e-09,96,5,0,15,normal_corr_dominates,2.14578023e+00,1.00000000e+00,2.50000028e+07,2.77040599e+00,-2.41792092e+00,5.18832691e+00,1.00001537e-09
6,1.50778653e-01,4.77788721e-09,96,5,1,16,normal_corr_dominates,1.42737704e+00,1.00000000e+00,2.49999941e+07,-5.86920574e+00,-2.41792092e+00,-3.45128481e+00,1.00002494e-09
6,1.50778653e-01,4.77788721e-09,96,5,2,17,normal_corr_dominates,1.71100825e+00,1.00000000e+00,2.49999934e+07,-6.55500357e+00,-2.41792092e+00,-4.13708264e+00,1.00002647e-09
6,1.50778653e-01,4.77788721e-09,96,6,1,19,normal_corr_dominates,2.06161813e+00,1.00000000e+00,2.50000017e+07,1.69628027e+00,-1.59782526e+00,3.29410553e+00,1.00001584e-09
6,1.50778653e-01,4.77788721e-09,96,6,2,20,normal_corr_dominates,3.88862611e+00,1.00000000e+00,2.49999922e+07,-7.81117028e+00,-1.59782526e+00,-6.21334503e+00,1.00003227e-09
6,1.50778653e-01,4.77788721e-09,96,7,0,21,normal_corr_dominates,6.80662787e+01,1.00000000e+00,2.49999969e+07,-3.10412111e+00,-4.49440909e-02,-3.05917701e+00,1.00002044e-09
6,1.50778653e-01,4.77788721e-09,96,7,1,22,normal_corr_dominates,4.29509055e+01,1.00000000e+00,2.49999980e+07,-1.97533349e+00,-4.49440909e-02,-1.93038940e+00,1.00002744e-09
6,1.50778653e-01,4.77788721e-09,96,7,2,23,normal_corr_dominates,1.10478567e+02,1.00000000e+00,2.50000049e+07,4.92041466e+00,-4.49440909e-02,4.96535876e+00,1.00002593e-09
6,1.50778653e-01,4.77788721e-09,96,8,0,24,normal_corr_dominates,4.48080363e+00,1.00000000e+00,2.49999965e+07,-3.49688224e+00,-6.38023633e-01,-2.85885861e+00,1.00001948e-09
6,1.50778653e-01,4.77788721e-09,96,8,1,25,normal_corr_dominates,4.68901481e+00,1.00000000e+00,2.50000024e+07,2.35367863e+00,-6.38023633e-01,2.99170226e+00,1.00001476e-09
6,1.50778653e-01,4.77788721e-09,96,8,1,25,corr_ratio_high,5.25318524e-01,5.00000000e-01,2.50000024e+07,2.35367863e+00,-6.38023633e-01,2.99170226e+00,1.00001476e-09
6,1.50778653e-01,4.77788721e-09,96,8,2,26,normal_corr_dominates,3.00315250e+00,1.00000000e+00,2.50000013e+07,1.27805863e+00,-6.38023633e-01,1.91608227e+00,1.00002216e-09
6,1.50778653e-01,4.77788721e-09,96,9,0,27,normal_corr_dominates,1.31948904e+00,1.00000000e+00,2.50000005e+07,5.18663887e-01,-1.62341682e+00,2.14208071e+00,1.00002870e-09
6,1.50778653e-01,4.77788721e-09,96,9,1,28,normal_corr_dominates,2.15928701e+00,1.00000000e+00,2.49999949e+07,-5.12883967e+00,-1.62341682e+00,-3.50542285e+00,1.00002222e-09
6,1.50778653e-01,4.77788721e-09,96,9,2,29,normal_corr_dominates,2.47386935e+00,1.00000000e+00,2.49999944e+07,-5.63953794e+00,-1.62341682e+00,-4.01612112e+00,1.00002264e-09
6,1.50778653e-01,4.77788721e-09,96,10,0,30,normal_corr_dominates,5.26196172e+00,1.00000000e+00,2.50000022e+07,2.19054581e+00,-5.13975947e-01,2.70452176e+00,1.00002238e-09
6,1.50778653e-01,4.77788721e-09,96,10,1,31,normal_corr_dominates,1.06475116e+01,1.00000000e+00,2.50000050e+07,4.95858892e+00,-5.13975947e-01,5.47256487e+00,1.00003813e-09
6,1.50778653e-01,4.77788721e-09,96,10,2,32,normal_corr_dominates,9.45953374e+00,1.00000000e+00,2.49999946e+07,-5.37594876e+00,-5.13975947e-01,-4.86197281e+00,1.00002220e-09
6,1.50778653e-01,4.77788721e-09,96,11,0,33,normal_corr_dominates,2.82752327e+00,1.00000000e+00,2.49999991e+07,-8.80251821e-01,-2.29979483e-01,-6.50272339e-01,1.00003182e-09
6,1.50778653e-01,4.77788721e-09,96,11,1,34,normal_corr_dominates,6.48706791e+00,1.00000000e+00,2.50000013e+07,1.26191304e+00,-2.29979483e-01,1.49189252e+00,1.00002827e-09
6,1.50778653e-01,4.77788721e-09,96,11,2,35,normal_corr_dominates,1.18042607e+01,1.00000000e+00,2.49999971e+07,-2.94471725e+00,-2.29979483e-01,-2.71473777e+00,1.00001560e-09
6,1.50778653e-01,4.77788721e-09,96,11,2,35,corr_ratio_high,1.02009881e+00,5.00000000e-01,2.49999971e+07,-2.94471725e+00,-2.29979483e-01,-2.71473777e+00,1.00001560e-09
6,1.50778653e-01,4.77788721e-09,96,12,1,37,normal_corr_dominates,1.16811503e+00,1.00000000e+00,2.50000005e+07,4.51235119e-01,-2.68408549e+00,3.13532061e+00,1.00001908e-09
6,1.50778653e-01,4.77788721e-09,96,13,0,39,normal_corr_dominates,1.78263675e+00,1.00000000e+00,2.50000011e+07,1.08897389e+00,-1.39141675e+00,2.48039063e+00,1.00001545e-09
6,1.50778653e-01,4.77788721e-09,96,14,0,42,normal_corr_dominates,3.12425754e+00,1.00000000e+00,2.49999989e+07,-1.06005994e+00,-2.57030491e-01,-8.03029448e-01,1.00002289e-09
6,1.50778653e-01,4.77788721e-09,96,14,1,43,normal_corr_dominates,3.16670870e+00,1.00000000e+00,2.49999989e+07,-1.07097118e+00,-2.57030491e-01,-8.13940692e-01,1.00001939e-09
6,1.50778653e-01,4.77788721e-09,96,14,2,44,normal_corr_dominates,1.81606829e+01,1.00000000e+00,2.50000044e+07,4.41081876e+00,-2.57030491e-01,4.66784925e+00,1.00003191e-09
6,1.50778653e-01,4.77788721e-09,96,15,0,45,normal_corr_dominates,1.40870891e+00,1.00000000e+00,2.49999971e+07,-2.94088395e+00,-1.22093788e+00,-1.71994607e+00,1.00001875e-09
6,1.50778653e-01,4.77788721e-09,96,15,1,46,normal_corr_dominates,2.79875314e+00,1.00000000e+00,2.50000022e+07,2.19616584e+00,-1.22093788e+00,3.41710372e+00,1.00001937e-09
6,1.50778653e-01,4.77788721e-09,96,15,2,47,normal_corr_dominates,3.91815985e+00,1.00000000e+00,2.49999940e+07,-6.00476766e+00,-1.22093788e+00,-4.78382978e+00,1.00002797e-09
6,1.50778653e-01,4.77788721e-09,96,16,2,50,normal_corr_dominates,1.02557696e+00,1.00000000e+00,2.50000001e+07,5.41726073e-02,-2.11802336e+00,2.17219597e+00,1.00001998e-09
6,1.50778653e-01,4.77788721e-09,96,17,0,51,corr_ratio_high,5.13959613e-01,5.00000000e-01,2.49999993e+07,-6.67080488e-01,-1.99325162e+00,1.32617113e+00,1.00004726e-09
6,1.50778653e-01,4.77788721e-09,96,17,1,52,normal_corr_dominates,1.25139906e+00,1.00000000e+00,2.50000005e+07,5.01101583e-01,-1.99325162e+00,2.49435320e+00,1.00002932e-09
6,1.50778653e-01,4.77788721e-09,96,17,2,53,corr_ratio_high,2.58441563e+00,5.00000000e-01,2.50000000e+07,-2.78750414e-03,-1.99325162e+00,1.99046411e+00,1.00000463e-09
6,1.50778653e-01,4.77788721e-09,96,18,2,56,normal_corr_dominates,1.01097461e+00,1.00000000e+00,2.50000000e+07,3.99659055e-02,-3.64166979e+00,3.68163570e+00,1.00002363e-09
6,1.50778653e-01,4.77788721e-09,96,19,0,57,normal_corr_dominates,1.49276232e+01,1.00000000e+00,2.49999890e+07,-1.10381865e+01,-6.93021576e-01,-1.03451649e+01,1.00001764e-09
6,1.50778653e-01,4.77788721e-09,96,19,0,57,corr_ratio_high,1.16641475e+00,5.00000000e-01,2.49999890e+07,-1.10381865e+01,-6.93021576e-01,-1.03451649e+01,1.00001764e-09
6,1.50778653e-01,4.77788721e-09,96,19,2,59,normal_corr_dominates,2.33680167e+00,1.00000000e+00,2.50000009e+07,9.26432398e-01,-6.93021576e-01,1.61945397e+00,1.00002022e-09
6,1.50778653e-01,4.77788721e-09,96,20,1,61,normal_corr_dominates,1.05363686e+00,1.00000000e+00,2.50000001e+07,9.35339028e-02,-1.74383623e+00,1.83737013e+00,1.00002700e-09
6,1.50778653e-01,4.77788721e-09,96,20,2,62,normal_corr_dominates,2.49626318e+00,1.00000000e+00,2.49999939e+07,-6.09691042e+00,-1.74383623e+00,-4.35307419e+00,1.00002126e-09
6,1.50778653e-01,4.77788721e-09,96,21,0,63,normal_corr_dominates,1.61069249e+00,1.00000000e+00,2.49999965e+07,-3.46954352e+00,-1.32897441e+00,-2.14056911e+00,1.00002004e-09
6,1.50778653e-01,4.77788721e-09,96,21,1,64,normal_corr_dominates,2.31297700e+00,1.00000000e+00,2.50000017e+07,1.74491284e+00,-1.32897441e+00,3.07388725e+00,1.00002078e-09
6,1.50778653e-01,4.77788721e-09,96,21,2,65,normal_corr_dominates,1.45807221e+00,1.00000000e+00,2.50000006e+07,6.08766250e-01,-1.32897441e+00,1.93774066e+00,1.00002358e-09
6,1.50778653e-01,4.77788721e-09,96,22,0,66,normal_corr_dominates,2.77966614e+00,1.00000000e+00,2.50000025e+07,2.48037647e+00,-1.39373134e+00,3.87410781e+00,1.00002962e-09
6,1.50778653e-01,4.77788721e-09,96,22,1,67,normal_corr_dominates,1.30527682e+00,1.00000000e+00,2.49999968e+07,-3.21293654e+00,-1.39373134e+00,-1.81920521e+00,1.00002568e-09
6,1.50778653e-01,4.77788721e-09,96,22,2,68,corr_ratio_high,1.57361113e+00,5.00000000e-01,2.49999991e+07,-8.51001764e-01,-1.39373134e+00,5.42729572e-01,1.00001079e-09
6,1.50778653e-01,4.77788721e-09,96,23,0,69,normal_corr_dominates,8.40233584e+00,1.00000000e+00,2.49999989e+07,-1.13062206e+00,-1.20249061e-01,-1.01037299e+00,1.00002697e-09
6,1.50778653e-01,4.77788721e-09,96,23,1,70,normal_corr_dominates,5.82513940e+00,1.00000000e+00,2.49999992e+07,-8.20716604e-01,-1.20249061e-01,-7.00467543e-01,1.00002169e-09
6,1.50778653e-01,4.77788721e-09,96,23,2,71,normal_corr_dominates,3.23588846e+01,1.00000000e+00,2.50000038e+07,3.77087642e+00,-1.20249061e-01,3.89112548e+00,1.00002790e-09
6,1.50778653e-01,4.77788721e-09,96,24,1,73,corr_ratio_high,5.80463786e-01,5.00000000e-01,2.49999991e+07,-8.84268055e-01,-2.33388790e+00,1.44961985e+00,1.00001567e-09
6,1.50778653e-01,4.77788721e-09,96,24,2,74,normal_corr_dominates,1.08379852e+00,1.00000000e+00,2.49999951e+07,-4.86335217e+00,-2.33388790e+00,-2.52946426e+00,1.00002354e-09
6,1.50778653e-01,4.77788721e-09,96,26,0,78,normal_corr_dominates,5.32940146e+00,1.00000000e+00,2.50000034e+07,3.38950109e+00,-7.82902931e-01,4.17240402e+00,1.00004112e-09
6,1.50778653e-01,4.77788721e-09,96,26,0,78,corr_ratio_high,5.00031503e-01,5.00000000e-01,2.50000034e+07,3.38950109e+00,-7.82902931e-01,4.17240402e+00,1.00004112e-09
6,1.50778653e-01,4.77788721e-09,96,26,1,79,normal_corr_dominates,1.86609421e+00,1.00000000e+00,2.49999978e+07,-2.24387355e+00,-7.82902931e-01,-1.46097062e+00,1.00002252e-09
6,1.50778653e-01,4.77788721e-09,96,26,2,80,normal_corr_dominates,4.35181729e+00,1.00000000e+00,2.49999958e+07,-4.18995344e+00,-7.82902931e-01,-3.40705051e+00,1.00001295e-09
6,1.50778653e-01,4.77788721e-09,96,26,2,80,corr_ratio_high,1.22987819e+00,5.00000000e-01,2.49999958e+07,-4.18995344e+00,-7.82902931e-01,-3.40705051e+00,1.00001295e-09
6,1.50778653e-01,4.77788721e-09,96,27,0,81,normal_corr_dominates,4.39122373e+00,1.00000000e+00,2.49999962e+07,-3.77618657e+00,-7.00432175e-01,-3.07575439e+00,1.00002014e-09
6,1.50778653e-01,4.77788721e-09,96,27,1,82,normal_corr_dominates,2.71731477e+00,1.00000000e+00,2.50000012e+07,1.20286252e+00,-7.00432175e-01,1.90329469e+00,1.00001954e-09
6,1.50778653e-01,4.77788721e-09,96,29,0,87,normal_corr_dominates,1.04146990e+01,1.00000000e+00,2.49999897e+07,-1.02618634e+01,-8.99004291e-01,-9.36285909e+00,1.00001850e-09
6,1.50778653e-01,4.77788721e-09,96,29,0,87,corr_ratio_high,8.83674827e-01,5.00000000e-01,2.49999897e+07,-1.02618634e+01,-8.99004291e-01,-9.36285909e+00,1.00001850e-09
6,1.50778653e-01,4.77788721e-09,96,29,1,88,normal_corr_dominates,5.72390285e+00,1.00000000e+00,2.49999940e+07,-6.04481751e+00,-8.99004291e-01,-5.14581322e+00,1.00002364e-09
6,1.50778653e-01,4.77788721e-09,96,29,2,89,normal_corr_dominates,3.27544879e+00,1.00000000e+00,2.50000020e+07,2.04563823e+00,-8.99004291e-01,2.94464252e+00,1.00002108e-09
6,1.50778653e-01,4.77788721e-09,96,30,2,92,normal_corr_dominates,1.40652475e+00,1.00000000e+00,2.49999940e+07,-6.02457204e+00,-2.50343240e+00,-3.52113964e+00,1.00002506e-09
6,1.50778653e-01,4.77788721e-09,96,31,0,93,normal_corr_dominates,1.52801913e+00,1.00000000e+00,2.49999973e+07,-2.73205830e+00,-1.08071109e+00,-1.65134722e+00,1.00002071e-09
6,1.50778653e-01,4.77788721e-09,96,31,1,94,normal_corr_dominates,1.38756316e+00,1.00000000e+00,2.50000004e+07,4.18843804e-01,-1.08071109e+00,1.49955489e+00,1.00002534e-09
6,1.50778653e-01,4.77788721e-09,96,31,2,95,normal_corr_dominates,1.98003041e+00,1.00000000e+00,2.50000011e+07,1.05912972e+00,-1.08071109e+00,2.13984081e+00,1.00001905e-09
6,1.50778653e-01,4.77788721e-09,96,32,1,97,normal_corr_dominates,2.36491152e+00,1.00000000e+00,2.49999966e+07,-3.44644146e+00,-1.02422944e+00,-2.42221201e+00,1.00001801e-09
6,1.50778653e-01,4.77788721e-09,96,33,0,99,normal_corr_dominates,5.46442811e+00,1.00000000e+00,2.49999948e+07,-5.16467504e+00,-7.98937655e-01,-4.36573739e+00,1.00002074e-09
6,1.50778653e-01,4.77788721e-09,96,33,1,100,normal_corr_dominates,1.34487054e+00,1.00000000e+00,2.49999981e+07,-1.87340537e+00,-7.98937655e-01,-1.07446772e+00,1.00002118e-09
6,1.50778653e-01,4.77788721e-09,96,33,2,101,normal_corr_dominates,3.25355989e+00,1.00000000e+00,2.50000018e+07,1.80045386e+00,-7.98937655e-01,2.59939151e+00,1.00002101e-09
6,1.50778653e-01,4.77788721e-09,96,34,0,102,normal_corr_dominates,2.24286649e+00,1.00000000e+00,2.49999939e+07,-6.06309478e+00,-1.86967142e+00,-4.19342336e+00,1.00001747e-09
6,1.50778653e-01,4.77788721e-09,96,34,1,103,normal_corr_dominates,2.06758345e+00,1.00000000e+00,2.50000020e+07,1.99603026e+00,-1.86967142e+00,3.86570168e+00,1.00001637e-09
6,1.50778653e-01,4.77788721e-09,96,35,0,105,normal_corr_dominates,3.90987585e+01,1.00000000e+00,2.50000073e+07,7.32748378e+00,-1.92328676e-01,7.51981246e+00,1.00003137e-09
6,1.50778653e-01,4.77788721e-09,96,35,1,106,normal_corr_dominates,2.00324841e+01,1.00000000e+00,2.49999960e+07,-4.04514982e+00,-1.92328676e-01,-3.85282114e+00,1.00004347e-09
6,1.50778653e-01,4.77788721e-09,96,35,2,107,normal_corr_dominates,4.06392044e+01,1.00000000e+00,2.49999920e+07,-8.00841306e+00,-1.92328676e-01,-7.81608438e+00,1.00000719e-09
6,1.50778653e-01,4.77788721e-09,96,35,2,107,corr_ratio_high,4.26732857e+00,5.00000000e-01,2.49999920e+07,-8.00841306e+00,-1.92328676e-01,-7.81608438e+00,1.00000719e-09
6,1.50778653e-01,4.77788721e-09,96,36,1,109,corr_ratio_high,7.26289930e-01,5.00000000e-01,2.49999959e+07,-4.10103620e+00,-3.42423407e+00,-6.76802128e-01,1.00001340e-09
6,1.50778653e-01,4.77788721e-09,96,37,0,111,normal_corr_dominates,1.88018535e+00,1.00000000e+00,2.50000006e+07,6.18299117e-01,-7.02464677e-01,1.32076379e+00,1.00002213e-09
6,1.50778653e-01,4.77788721e-09,96,37,2,113,normal_corr_dominates,2.72522866e+00,1.00000000e+00,2.50000012e+07,1.21191219e+00,-7.02464677e-01,1.91437687e+00,1.00001570e-09
7,1.79553469e-01,5.68970609e-09,96,0,0,0,corr_ratio_high,9.37436982e-01,5.00000000e-01,2.49999954e+07,-4.61027687e+00,-3.36388891e+00,-1.24638795e+00,1.00001541e-09
7,1.79553469e-01,5.68970609e-09,96,0,2,2,normal_corr_dominates,1.14082211e+00,1.00000000e+00,2.50000005e+07,4.73709926e-01,-3.36388891e+00,3.83759884e+00,1.00002590e-09
7,1.79553469e-01,5.68970609e-09,96,1,0,3,normal_corr_dominates,8.28008860e+00,1.00000000e+00,2.50000039e+07,3.93321807e+00,-5.40270633e-01,4.47348871e+00,1.00003270e-09
7,1.79553469e-01,5.68970609e-09,96,1,1,4,normal_corr_dominates,8.87439139e+00,1.00000000e+00,2.49999947e+07,-5.33484369e+00,-5.40270633e-01,-4.79457305e+00,1.00002081e-09
7,1.79553469e-01,5.68970609e-09,96,1,1,4,corr_ratio_high,8.72208911e-01,5.00000000e-01,2.49999947e+07,-5.33484369e+00,-5.40270633e-01,-4.79457305e+00,1.00002081e-09
7,1.79553469e-01,5.68970609e-09,96,1,2,5,normal_corr_dominates,6.60053244e+00,1.00000000e+00,2.49999959e+07,-4.10634447e+00,-5.40270633e-01,-3.56607384e+00,1.00003023e-09
7,1.79553469e-01,5.68970609e-09,96,2,0,6,normal_corr_dominates,1.16655751e+00,1.00000000e+00,2.50000003e+07,2.69502385e-01,-1.61807406e+00,1.88757644e+00,1.00002311e-09
7,1.79553469e-01,5.68970609e-09,96,2,0,6,corr_ratio_high,5.84252909e-01,5.00000000e-01,2.50000003e+07,2.69502385e-01,-1.61807406e+00,1.88757644e+00,1.00002311e-09
7,1.79553469e-01,5.68970609e-09,96,2,1,7,normal_corr_dominates,3.62105614e+00,1.00000000e+00,2.49999925e+07,-7.47721107e+00,-1.61807406e+00,-5.85913701e+00,1.00002737e-09
7,1.79553469e-01,5.68970609e-09,96,2,2,8,normal_corr_dominates,3.75962582e+00,1.00000000e+00,2.50000045e+07,4.46527895e+00,-1.61807406e+00,6.08335301e+00,1.00004186e-09
7,1.79553469e-01,5.68970609e-09,96,3,0,9,normal_corr_dominates,1.76139468e+01,1.00000000e+00,2.49999913e+07,-8.73001021e+00,-4.69003715e-01,-8.26100650e+00,1.00006335e-09
7,1.79553469e-01,5.68970609e-09,96,3,0,9,corr_ratio_high,5.86290562e-01,5.00000000e-01,2.49999913e+07,-8.73001021e+00,-4.69003715e-01,-8.26100650e+00,1.00006335e-09
7,1.79553469e-01,5.68970609e-09,96,3,1,10,normal_corr_dominates,8.71431477e+00,1.00000000e+00,2.49999954e+07,-4.55604972e+00,-4.69003715e-01,-4.08704600e+00,1.00001683e-09
7,1.79553469e-01,5.68970609e-09,96,3,1,10,corr_ratio_high,8.55120675e-01,5.00000000e-01,2.49999954e+07,-4.55604972e+00,-4.69003715e-01,-4.08704600e+00,1.00001683e-09
7,1.79553469e-01,5.68970609e-09,96,3,2,11,normal_corr_dominates,1.10635949e+01,1.00000000e+00,2.50000047e+07,4.71986339e+00,-4.69003715e-01,5.18886711e+00,1.00000698e-09
7,1.79553469e-01,5.68970609e-09,96,3,2,11,corr_ratio_high,1.79737064e+00,5.00000000e-01,2.50000047e+07,4.71986339e+00,-4.69003715e-01,5.18886711e+00,1.00000698e-09
7,1.79553469e-01,5.68970609e-09,96,4,0,12,normal_corr_dominates,1.60215011e+00,1.00000000e+00,2.49999990e+07,-9.77231649e-01,-3.75547762e-01,-6.01683887e-01,1.00002924e-09
7,1.79553469e-01,5.68970609e-09,96,4,1,13,normal_corr_dominates,2.84113868e+00,1.00000000e+00,2.50000007e+07,6.91435511e-01,-3.75547762e-01,1.06698327e+00,1.00002491e-09
7,1.79553469e-01,5.68970609e-09,96,4,2,14,normal_corr_dominates,6.86311245e+00,1.00000000e+00,2.50000022e+07,2.20187876e+00,-3.75547762e-01,2.57742652e+00,1.00002022e-09
7,1.79553469e-01,5.68970609e-09,96,5,0,15,normal_corr_dominates,2.14501058e+00,1.00000000e+00,2.50000033e+07,3.27870410e+00,-2.86347056e+00,6.14217467e+00,1.00001820e-09
7,1.79553469e-01,5.68970609e-09,96,5,1,16,normal_corr_dominates,1.42680620e+00,1.00000000e+00,2.49999931e+07,-6.94908811e+00,-2.86347056e+00,-4.08561755e+00,1.00002952e-09
7,1.79553469e-01,5.68970609e-09,96,5,2,17,normal_corr_dominates,1.71078113e+00,1.00000000e+00,2.49999922e+07,-7.76224196e+00,-2.86347056e+00,-4.89877140e+00,1.00003134e-09
7,1.79553469e-01,5.68970609e-09,96,6,1,19,normal_corr_dominates,2.06066011e+00,1.00000000e+00,2.50000020e+07,2.00698259e+00,-1.89220144e+00,3.89918403e+00,1.00001875e-09
7,1.79553469e-01,5.68970609e-09,96,6,2,20,normal_corr_dominates,3.88812141e+00,1.00000000e+00,2.49999908e+07,-9.24931038e+00,-1.89220144e+00,-7.35710893e+00,1.00003821e-09
7,1.79553469e-01,5.68970609e-09,96,7,0,21,normal_corr_dominates,6.82494494e+01,1.00000000e+00,2.49999963e+07,-3.67701360e+00,-5.30980915e-02,-3.62391551e+00,1.00002420e-09
7,1.79553469e-01,5.68970609e-09,96,7,1,22,normal_corr_dominates,4.30207939e+01,1.00000000e+00,2.49999977e+07,-2.33742014e+00,-5.30980915e-02,-2.28432205e+00,1.00003248e-09
7,1.79553469e-01,5.68970609e-09,96,7,2,23,normal_corr_dominates,1.10712425e+02,1.00000000e+00,2.50000058e+07,5.82552038e+00,-5.30980915e-02,5.87861847e+00,1.00003070e-09
7,1.79553469e-01,5.68970609e-09,96,8,0,24,normal_corr_dominates,4.47558144e+00,1.00000000e+00,2.49999959e+07,-4.13948599e+00,-7.55990214e-01,-3.38349577e+00,1.00002306e-09
7,1.79553469e-01,5.68970609e-09,96,8,1,25,normal_corr_dominates,4.68466691e+00,1.00000000e+00,2.50000028e+07,2.78557213e+00,-7.55990214e-01,3.54156234e+00,1.00001747e-09
7,1.79553469e-01,5.68970609e-09,96,8,1,25,corr_ratio_high,5.25189097e-01,5.00000000e-01,2.50000028e+07,2.78557213e+00,-7.55990214e-01,3.54156234e+00,1.00001747e-09
7,1.79553469e-01,5.68970609e-09,96,8,2,26,normal_corr_dominates,2.99948454e+00,1.00000000e+00,2.50000015e+07,1.51159075e+00,-7.55990214e-01,2.26758096e+00,1.00002623e-09
7,1.79553469e-01,5.68970609e-09,96,9,0,27,normal_corr_dominates,1.31862458e+00,1.00000000e+00,2.50000006e+07,6.12717937e-01,-1.92300898e+00,2.53572691e+00,1.00003397e-09
7,1.79553469e-01,5.68970609e-09,96,9,1,28,normal_corr_dominates,2.15805112e+00,1.00000000e+00,2.49999939e+07,-6.07296064e+00,-1.92300898e+00,-4.14995167e+00,1.00002631e-09
7,1.79553469e-01,5.68970609e-09,96,9,2,29,normal_corr_dominates,2.47265829e+00,1.00000000e+00,2.49999933e+07,-6.67795307e+00,-1.92300898e+00,-4.75494409e+00,1.00002680e-09
7,1.79553469e-01,5.68970609e-09,96,10,0,30,normal_corr_dominates,5.26159679e+00,1.00000000e+00,2.50000026e+07,2.59361684e+00,-6.08602118e-01,3.20221895e+00,1.00002649e-09
7,1.79553469e-01,5.68970609e-09,96,10,1,31,normal_corr_dominates,1.06439937e+01,1.00000000e+00,2.50000059e+07,5.86935501e+00,-6.08602118e-01,6.47795713e+00,1.00004513e-09
7,1.79553469e-01,5.68970609e-09,96,10,2,32,normal_corr_dominates,9.45770463e+00,1.00000000e+00,2.49999936e+07,-6.36458119e+00,-6.08602118e-01,-5.75597907e+00,1.00002628e-09
7,1.79553469e-01,5.68970609e-09,96,11,0,33,normal_corr_dominates,2.83552106e+00,1.00000000e+00,2.49999990e+07,-1.04262124e+00,-2.71833013e-01,-7.70788232e-01,1.00003767e-09
7,1.79553469e-01,5.68970609e-09,96,11,1,34,normal_corr_dominates,6.49828831e+00,1.00000000e+00,2.50000015e+07,1.49461627e+00,-2.71833013e-01,1.76644929e+00,1.00003347e-09
7,1.79553469e-01,5.68970609e-09,96,11,2,35,normal_corr_dominates,1.18279093e+01,1.00000000e+00,2.49999965e+07,-3.48704922e+00,-2.71833013e-01,-3.21521621e+00,1.00001847e-09
7,1.79553469e-01,5.68970609e-09,96,11,2,35,corr_ratio_high,1.02007349e+00,5.00000000e-01,2.49999965e+07,-3.48704922e+00,-2.71833013e-01,-3.21521621e+00,1.00001847e-09
7,1.79553469e-01,5.68970609e-09,96,12,1,37,normal_corr_dominates,1.16767065e+00,1.00000000e+00,2.50000005e+07,5.32969411e-01,-3.17866854e+00,3.71163795e+00,1.00002259e-09
7,1.79553469e-01,5.68970609e-09,96,13,0,39,normal_corr_dominates,1.78162050e+00,1.00000000e+00,2.50000013e+07,1.28824319e+00,-1.64816965e+00,2.93641284e+00,1.00001829e-09
7,1.79553469e-01,5.68970609e-09,96,14,0,42,normal_corr_dominates,3.12141745e+00,1.00000000e+00,2.49999987e+07,-1.25528752e+00,-3.04576651e-01,-9.50710873e-01,1.00002710e-09
7,1.79553469e-01,5.68970609e-09,96,14,1,43,normal_corr_dominates,3.16380266e+00,1.00000000e+00,2.49999987e+07,-1.26819707e+00,-3.04576651e-01,-9.63620418e-01,1.00002295e-09
7,1.79553469e-01,5.68970609e-09,96,14,2,44,normal_corr_dominates,1.81463566e+01,1.00000000e+00,2.50000052e+07,5.22237985e+00,-3.04576651e-01,5.52695650e+00,1.00003778e-09
7,1.79553469e-01,5.68970609e-09,96,15,0,45,normal_corr_dominates,1.40755989e+00,1.00000000e+00,2.49999965e+07,-3.48149536e+00,-1.44606802e+00,-2.03542734e+00,1.00002219e-09
7,1.79553469e-01,5.68970609e-09,96,15,1,46,normal_corr_dominates,2.79755809e+00,1.00000000e+00,2.50000026e+07,2.59939126e+00,-1.44606802e+00,4.04545927e+00,1.00002293e-09
7,1.79553469e-01,5.68970609e-09,96,15,2,47,normal_corr_dominates,3.91729921e+00,1.00000000e+00,2.49999929e+07,-7.11074912e+00,-1.44606802e+00,-5.66468110e+00,1.00003311e-09
7,1.79553469e-01,5.68970609e-09,96,16,2,50,normal_corr_dominates,1.02498202e+00,1.00000000e+00,2.50000001e+07,6.26599625e-02,-2.50820191e+00,2.57086187e+00,1.00002366e-09
7,1.79553469e-01,5.68970609e-09,96,17,0,51,corr_ratio_high,5.13944341e-01,5.00000000e-01,2.49999992e+07,-7.91060606e-01,-2.36142689e+00,1.57036629e+00,1.00005594e-09
7,1.79553469e-01,5.68970609e-09,96,17,1,52,normal_corr_dominates,1.24955108e+00,1.00000000e+00,2.50000006e+07,5.89296627e-01,-2.36142689e+00,2.95072352e+00,1.00003471e-09
7,1.79553469e-01,5.68970609e-09,96,17,2,53,corr_ratio_high,2.58384958e+00,5.00000000e-01,2.50000000e+07,-3.01405416e-03,-2.36142689e+00,2.35841284e+00,1.00000548e-09
7,1.79553469e-01,5.68970609e-09,96,18,2,56,normal_corr_dominates,1.01067127e+00,1.00000000e+00,2.50000000e+07,4.60177707e-02,-4.31230685e+00,4.35832462e+00,1.00002797e-09
7,1.79553469e-01,5.68970609e-09,96,19,0,57,normal_corr_dominates,1.49244883e+01,1.00000000e+00,2.49999869e+07,-1.30685110e+01,-8.20655004e-01,-1.22478560e+01,1.00002089e-09
7,1.79553469e-01,5.68970609e-09,96,19,0,57,corr_ratio_high,1.16614188e+00,5.00000000e-01,2.49999869e+07,-1.30685110e+01,-8.20655004e-01,-1.22478560e+01,1.00002089e-09
7,1.79553469e-01,5.68970609e-09,96,19,2,59,normal_corr_dominates,2.33703791e+00,1.00000000e+00,2.50000011e+07,1.09724685e+00,-8.20655004e-01,1.91790185e+00,1.00002394e-09
7,1.79553469e-01,5.68970609e-09,96,20,1,61,normal_corr_dominates,1.05297228e+00,1.00000000e+00,2.50000001e+07,1.09420867e-01,-2.06562500e+00,2.17504587e+00,1.00003196e-09
7,1.79553469e-01,5.68970609e-09,96,20,2,62,normal_corr_dominates,2.49493306e+00,1.00000000e+00,2.49999928e+07,-7.21922110e+00,-2.06562500e+00,-5.15359610e+00,1.00002517e-09
7,1.79553469e-01,5.68970609e-09,96,21,0,63,normal_corr_dominates,1.60961269e+00,1.00000000e+00,2.49999959e+07,-4.10770654e+00,-1.57406751e+00,-2.53363904e+00,1.00002373e-09
7,1.79553469e-01,5.68970609e-09,96,21,1,64,normal_corr_dominates,2.31177831e+00,1.00000000e+00,2.50000021e+07,2.06482762e+00,-1.57406751e+00,3.63889512e+00,1.00002460e-09
7,1.79553469e-01,5.68970609e-09,96,21,2,65,normal_corr_dominates,1.45702155e+00,1.00000000e+00,2.50000007e+07,7.19382774e-01,-1.57406751e+00,2.29345028e+00,1.00002792e-09
7,1.79553469e-01,5.68970609e-09,96,22,0,66,normal_corr_dominates,2.77600741e+00,1.00000000e+00,2.50000029e+07,2.93299730e+00,-1.65145556e+00,4.58445286e+00,1.00003507e-09
7,1.79553469e-01,5.68970609e-09,96,22,1,67,normal_corr_dominates,1.30411791e+00,1.00000000e+00,2.49999962e+07,-3.80514833e+00,-1.65145556e+00,-2.15369277e+00,1.00003040e-09
7,1.79553469e-01,5.68970609e-09,96,22,2,68,corr_ratio_high,1.57357260e+00,5.00000000e-01,2.49999990e+07,-1.00704819e+00,-1.65145556e+00,6.44407373e-01,1.00001277e-09
7,1.79553469e-01,5.68970609e-09,96,23,0,69,normal_corr_dominates,8.39357702e+00,1.00000000e+00,2.49999987e+07,-1.33842758e+00,-1.42483271e-01,-1.19594431e+00,1.00003192e-09
7,1.79553469e-01,5.68970609e-09,96,23,1,70,normal_corr_dominates,5.81888090e+00,1.00000000e+00,2.49999990e+07,-9.71576455e-01,-1.42483271e-01,-8.29093184e-01,1.00002568e-09
7,1.79553469e-01,5.68970609e-09,96,23,2,71,normal_corr_dominates,3.23354371e+01,1.00000000e+00,2.50000045e+07,4.46477557e+00,-1.42483271e-01,4.60725885e+00,1.00003302e-09
7,1.79553469e-01,5.68970609e-09,96,24,1,73,corr_ratio_high,5.80506645e-01,5.00000000e-01,2.49999990e+07,-1.04715807e+00,-2.76412970e+00,1.71697163e+00,1.00001855e-09
7,1.79553469e-01,5.68970609e-09,96,24,2,74,normal_corr_dominates,1.08360586e+00,1.00000000e+00,2.49999942e+07,-5.75935685e+00,-2.76412970e+00,-2.99522715e+00,1.00002786e-09
7,1.79553469e-01,5.68970609e-09,96,26,0,78,normal_corr_dominates,5.32662052e+00,1.00000000e+00,2.50000040e+07,4.01138893e+00,-9.27141383e-01,4.93853032e+00,1.00004868e-09
7,1.79553469e-01,5.68970609e-09,96,26,0,78,corr_ratio_high,5.00022750e-01,5.00000000e-01,2.50000040e+07,4.01138893e+00,-9.27141383e-01,4.93853032e+00,1.00004868e-09
7,1.79553469e-01,5.68970609e-09,96,26,1,79,normal_corr_dominates,1.86529372e+00,1.00000000e+00,2.49999973e+07,-2.65653239e+00,-9.27141383e-01,-1.72939100e+00,1.00002666e-09
7,1.79553469e-01,5.68970609e-09,96,26,2,80,normal_corr_dominates,4.34970126e+00,1.00000000e+00,2.49999950e+07,-4.95992943e+00,-9.27141383e-01,-4.03278804e+00,1.00001533e-09
7,1.79553469e-01,5.68970609e-09,96,26,2,80,corr_ratio_high,1.22958094e+00,5.00000000e-01,2.49999950e+07,-4.95992943e+00,-9.27141383e-01,-4.03278804e+00,1.00001533e-09
7,1.79553469e-01,5.68970609e-09,96,27,0,81,normal_corr_dominates,4.38879173e+00,1.00000000e+00,2.49999955e+07,-4.47012258e+00,-8.29522239e-01,-3.64060034e+00,1.00002384e-09
7,1.79553469e-01,5.68970609e-09,96,27,1,82,normal_corr_dominates,2.71837876e+00,1.00000000e+00,2.50000014e+07,1.42543339e+00,-8.29522239e-01,2.25495563e+00,1.00002313e-09
7,1.79553469e-01,5.68970609e-09,96,29,0,87,normal_corr_dominates,1.04087921e+01,1.00000000e+00,2.49999879e+07,-1.21487489e+01,-1.06485846e+00,-1.10838904e+01,1.00002190e-09
7,1.79553469e-01,5.68970609e-09,96,29,0,87,corr_ratio_high,8.83722500e-01,5.00000000e-01,2.49999879e+07,-1.21487489e+01,-1.06485846e+00,-1.10838904e+01,1.00002190e-09
7,1.79553469e-01,5.68970609e-09,96,29,1,88,normal_corr_dominates,5.72067053e+00,1.00000000e+00,2.49999928e+07,-7.15656288e+00,-1.06485846e+00,-6.09170442e+00,1.00002799e-09
7,1.79553469e-01,5.68970609e-09,96,29,2,89,normal_corr_dominates,3.27382376e+00,1.00000000e+00,2.50000024e+07,2.42130047e+00,-1.06485846e+00,3.48615893e+00,1.00002496e-09
7,1.79553469e-01,5.68970609e-09,96,30,2,92,normal_corr_dominates,1.40607283e+00,1.00000000e+00,2.49999929e+07,-7.13349332e+00,-2.96478694e+00,-4.16870638e+00,1.00002967e-09
7,1.79553469e-01,5.68970609e-09,96,31,0,93,normal_corr_dominates,1.52708648e+00,1.00000000e+00,2.49999968e+07,-3.23479971e+00,-1.28005105e+00,-1.95474866e+00,1.00002451e-09
7,1.79553469e-01,5.68970609e-09,96,31,1,94,normal_corr_dominates,1.38624229e+00,1.00000000e+00,2.50000005e+07,4.94409852e-01,-1.28005105e+00,1.77446090e+00,1.00003000e-09
7,1.79553469e-01,5.68970609e-09,96,31,2,95,normal_corr_dominates,1.97942778e+00,1.00000000e+00,2.50000013e+07,1.25371756e+00,-1.28005105e+00,2.53376861e+00,1.00002255e-09
7,1.79553469e-01,5.68970609e-09,96,32,1,97,normal_corr_dominates,2.36390828e+00,1.00000000e+00,2.49999959e+07,-4.07989833e+00,-1.21284470e+00,-2.86705363e+00,1.00002132e-09
7,1.79553469e-01,5.68970609e-09,96,33,0,99,normal_corr_dominates,5.46085711e+00,1.00000000e+00,2.49999939e+07,-6.11448928e+00,-9.46389801e-01,-5.16809948e+00,1.00002455e-09
7,1.79553469e-01,5.68970609e-09,96,33,1,100,normal_corr_dominates,1.34382576e+00,1.00000000e+00,2.49999978e+07,-2.21817280e+00,-9.46389801e-01,-1.27178299e+00,1.00002508e-09
7,1.79553469e-01,5.68970609e-09,96,33,2,101,normal_corr_dominates,3.25193419e+00,1.00000000e+00,2.50000021e+07,2.13120755e+00,-9.46389801e-01,3.07759735e+00,1.00002488e-09
7,1.79553469e-01,5.68970609e-09,96,34,0,102,normal_corr_dominates,2.24159953e+00,1.00000000e+00,2.49999928e+07,-7.17889599e+00,-2.21461532e+00,-4.96428067e+00,1.00002069e-09
7,1.79553469e-01,5.68970609e-09,96,34,1,103,normal_corr_dominates,2.06646396e+00,1.00000000e+00,2.50000024e+07,2.36180743e+00,-2.21461532e+00,4.57642275e+00,1.00001939e-09
7,1.79553469e-01,5.68970609e-09,96,35,0,105,normal_corr_dominates,3.90005407e+01,1.00000000e+00,2.50000087e+07,8.67398984e+00,-2.28259643e-01,8.90224949e+00,1.00003713e-09
7,1.79553469e-01,5.68970609e-09,96,35,1,106,normal_corr_dominates,1.99898214e+01,1.00000000e+00,2.49999952e+07,-4.79112912e+00,-2.28259643e-01,-4.56286948e+00,1.00005147e-09
7,1.79553469e-01,5.68970609e-09,96,35,2,107,normal_corr_dominates,4.05308816e+01,1.00000000e+00,2.49999905e+07,-9.47982420e+00,-2.28259643e-01,-9.25156455e+00,1.00000851e-09
7,1.79553469e-01,5.68970609e-09,96,35,2,107,corr_ratio_high,4.26596907e+00,5.00000000e-01,2.49999905e+07,-9.47982420e+00,-2.28259643e-01,-9.25156455e+00,1.00000851e-09
7,1.79553469e-01,5.68970609e-09,96,36,1,109,corr_ratio_high,7.26241359e-01,5.00000000e-01,2.49999951e+07,-4.85669258e+00,-4.05481956e+00,-8.01873018e-01,1.00001587e-09
7,1.79553469e-01,5.68970609e-09,96,37,0,111,normal_corr_dominates,1.88130359e+00,1.00000000e+00,2.50000007e+07,7.33303712e-01,-8.32067092e-01,1.56537080e+00,1.00002619e-09
7,1.79553469e-01,5.68970609e-09,96,37,2,113,normal_corr_dominates,2.72484447e+00,1.00000000e+00,2.50000014e+07,1.43518633e+00,-8.32067092e-01,2.26725342e+00,1.00001859e-09
8,2.09311790e-01,6.63269037e-09,96,0,0,0,corr_ratio_high,9.37314558e-01,5.00000000e-01,2.49999947e+07,-5.34570658e+00,-3.90045993e+00,-1.44524665e+00,1.00001787e-09
8,2.09311790e-01,6.63269037e-09,96,0,2,2,normal_corr_dominates,1.14046593e+00,1.00000000e+00,2.50000005e+07,5.47881718e-01,-3.90045993e+00,4.44834165e+00,1.00003003e-09
8,2.09311790e-01,6.63269037e-09,96,1,0,3,normal_corr_dominates,8.28389008e+00,1.00000000e+00,2.50000046e+07,4.56025254e+00,-6.26073772e-01,5.18632631e+00,1.00003790e-09
8,2.09311790e-01,6.63269037e-09,96,1,1,4,normal_corr_dominates,8.88160988e+00,1.00000000e+00,2.49999938e+07,-6.18661677e+00,-6.26073772e-01,-5.56054300e+00,1.00002412e-09
8,2.09311790e-01,6.63269037e-09,96,1,1,4,corr_ratio_high,8.72416267e-01,5.00000000e-01,2.49999938e+07,-6.18661677e+00,-6.26073772e-01,-5.56054300e+00,1.00002412e-09
8,2.09311790e-01,6.63269037e-09,96,1,2,5,normal_corr_dominates,6.60257381e+00,1.00000000e+00,2.49999952e+07,-4.75977206e+00,-6.26073772e-01,-4.13369829e+00,1.00003504e-09
8,2.09311790e-01,6.63269037e-09,96,2,0,6,normal_corr_dominates,1.16593382e+00,1.00000000e+00,2.50000003e+07,3.11273996e-01,-1.87589245e+00,2.18716645e+00,1.00002678e-09
8,2.09311790e-01,6.63269037e-09,96,2,0,6,corr_ratio_high,5.84396983e-01,5.00000000e-01,2.50000003e+07,3.11273996e-01,-1.87589245e+00,2.18716645e+00,1.00002678e-09
8,2.09311790e-01,6.63269037e-09,96,2,1,7,normal_corr_dominates,3.62021886e+00,1.00000000e+00,2.49999913e+07,-8.66703369e+00,-1.87589245e+00,-6.79114123e+00,1.00003173e-09
8,2.09311790e-01,6.63269037e-09,96,2,2,8,normal_corr_dominates,3.75921073e+00,1.00000000e+00,2.50000052e+07,5.17598258e+00,-1.87589245e+00,7.05187503e+00,1.00004853e-09
8,2.09311790e-01,6.63269037e-09,96,3,0,9,normal_corr_dominates,1.75988555e+01,1.00000000e+00,2.49999899e+07,-1.01220015e+01,-5.44227120e-01,-9.57777443e+00,1.00007343e-09
8,2.09311790e-01,6.63269037e-09,96,3,0,9,corr_ratio_high,5.86296278e-01,5.00000000e-01,2.49999899e+07,-1.01220015e+01,-5.44227120e-01,-9.57777443e+00,1.00007343e-09
8,2.09311790e-01,6.63269037e-09,96,3,1,10,normal_corr_dominates,8.70219323e+00,1.00000000e+00,2.49999947e+07,-5.28019668e+00,-5.44227120e-01,-4.73596956e+00,1.00001951e-09
8,2.09311790e-01,6.63269037e-09,96,3,1,10,corr_ratio_high,8.55222423e-01,5.00000000e-01,2.49999947e+07,-5.28019668e+00,-5.44227120e-01,-4.73596956e+00,1.00001951e-09
8,2.09311790e-01,6.63269037e-09,96,3,2,11,normal_corr_dominates,1.10528451e+01,1.00000000e+00,2.50000055e+07,5.47103094e+00,-5.44227120e-01,6.01525806e+00,1.00000810e-09
8,2.09311790e-01,6.63269037e-09,96,3,2,11,corr_ratio_high,1.79661951e+00,5.00000000e-01,2.50000055e+07,5.47103094e+00,-5.44227120e-01,6.01525806e+00,1.00000810e-09
8,2.09311790e-01,6.63269037e-09,96,4,0,12,normal_corr_dominates,1.59969390e+00,1.00000000e+00,2.49999989e+07,-1.13258946e+00,-4.35662622e-01,-6.96926838e-01,1.00003389e-09
8,2.09311790e-01,6.63269037e-09,96,4,1,13,normal_corr_dominates,2.83836743e+00,1.00000000e+00,2.50000008e+07,8.00907973e-01,-4.35662622e-01,1.23657060e+00,1.00002887e-09
8,2.09311790e-01,6.63269037e-09,96,4,2,14,normal_corr_dominates,6.85998752e+00,1.00000000e+00,2.50000026e+07,2.55297753e+00,-4.35662622e-01,2.98864015e+00,1.00002345e-09
8,2.09311790e-01,6.63269037e-09,96,5,0,15,normal_corr_dominates,2.14425405e+00,1.00000000e+00,2.50000038e+07,3.79935774e+00,-3.32037953e+00,7.11973727e+00,1.00002110e-09
8,2.09311790e-01,6.63269037e-09,96,5,1,16,normal_corr_dominates,1.42624316e+00,1.00000000e+00,2.49999919e+07,-8.05604813e+00,-3.32037953e+00,-4.73566860e+00,1.00003423e-09
8,2.09311790e-01,6.63269037e-09,96,5,2,17,normal_corr_dominates,1.71057354e+00,1.00000000e+00,2.49999910e+07,-9.00013291e+00,-3.32037953e+00,-5.67975337e+00,1.00003633e-09
8,2.09311790e-01,6.63269037e-09,96,6,1,19,normal_corr_dominates,2.05969056e+00,1.00000000e+00,2.50000023e+07,2.32505585e+00,-2.19408943e+00,4.51914528e+00,1.00002174e-09
8,2.09311790e-01,6.63269037e-09,96,6,2,20,normal_corr_dominates,3.88758810e+00,1.00000000e+00,2.49999893e+07,-1.07238054e+01,-2.19408943e+00,-8.52971595e+00,1.00004429e-09
8,2.09311790e-01,6.63269037e-09,96,7,0,21,normal_corr_dominates,6.84093599e+01,1.00000000e+00,2.49999957e+07,-4.26482707e+00,-6.14445526e-02,-4.20338252e+00,1.00002805e-09
8,2.09311790e-01,6.63269037e-09,96,7,1,22,normal_corr_dominates,4.30742219e+01,1.00000000e+00,2.49999973e+07,-2.70812085e+00,-6.14445526e-02,-2.64667630e+00,1.00003766e-09
8,2.09311790e-01,6.63269037e-09,96,7,2,23,normal_corr_dominates,1.10908823e+02,1.00000000e+00,2.50000068e+07,6.75329844e+00,-6.14445526e-02,6.81474300e+00,1.00003559e-09
8,2.09311790e-01,6.63269037e-09,96,8,0,24,normal_corr_dominates,4.47059393e+00,1.00000000e+00,2.49999952e+07,-4.79802784e+00,-8.77057940e-01,-3.92096990e+00,1.00002672e-09
8,2.09311790e-01,6.63269037e-09,96,8,1,25,normal_corr_dominates,4.68043385e+00,1.00000000e+00,2.50000032e+07,3.22795373e+00,-8.77057940e-01,4.10501167e+00,1.00002026e-09
8,2.09311790e-01,6.63269037e-09,96,8,1,25,corr_ratio_high,5.25058728e-01,5.00000000e-01,2.50000032e+07,3.22795373e+00,-8.77057940e-01,4.10501167e+00,1.00002026e-09
8,2.09311790e-01,6.63269037e-09,96,8,2,26,normal_corr_dominates,2.99597391e+00,1.00000000e+00,2.50000018e+07,1.75058477e+00,-8.77057940e-01,2.62764271e+00,1.00003041e-09
8,2.09311790e-01,6.63269037e-09,96,9,0,27,normal_corr_dominates,1.31782689e+00,1.00000000e+00,2.50000007e+07,7.08858609e-01,-2.23032923e+00,2.93918784e+00,1.00003938e-09
8,2.09311790e-01,6.63269037e-09,96,9,1,28,normal_corr_dominates,2.15687612e+00,1.00000000e+00,2.49999930e+07,-7.04087309e+00,-2.23032923e+00,-4.81054386e+00,1.00003050e-09
8,2.09311790e-01,6.63269037e-09,96,9,2,29,normal_corr_dominates,2.47154381e+00,1.00000000e+00,2.49999923e+07,-7.74268562e+00,-2.23032923e+00,-5.51235639e+00,1.00003106e-09
8,2.09311790e-01,6.63269037e-09,96,10,0,30,normal_corr_dominates,5.26087358e+00,1.00000000e+00,2.50000030e+07,3.00663184e+00,-7.05637420e-01,3.71226926e+00,1.00003071e-09
8,2.09311790e-01,6.63269037e-09,96,10,1,31,normal_corr_dominates,1.06406369e+01,1.00000000e+00,2.50000068e+07,6.80279414e+00,-7.05637420e-01,7.50843156e+00,1.00005232e-09
8,2.09311790e-01,6.63269037e-09,96,10,2,32,normal_corr_dominates,9.45559144e+00,1.00000000e+00,2.49999926e+07,-7.37785657e+00,-7.05637420e-01,-6.67221915e+00,1.00003047e-09
8,2.09311790e-01,6.63269037e-09,96,11,0,33,normal_corr_dominates,2.84303618e+00,1.00000000e+00,2.49999988e+07,-1.20910849e+00,-3.14623237e-01,-8.94485248e-01,1.00004366e-09
8,2.09311790e-01,6.63269037e-09,96,11,1,34,normal_corr_dominates,6.50881790e+00,1.00000000e+00,2.50000017e+07,1.73320212e+00,-3.14623237e-01,2.04782536e+00,1.00003880e-09
8,2.09311790e-01,6.63269037e-09,96,11,2,35,normal_corr_dominates,1.18508665e+01,1.00000000e+00,2.49999960e+07,-4.04318123e+00,-3.14623237e-01,-3.72855799e+00,1.00002141e-09
8,2.09311790e-01,6.63269037e-09,96,11,2,35,corr_ratio_high,1.02003394e+00,5.00000000e-01,2.49999960e+07,-4.04318123e+00,-3.14623237e-01,-3.72855799e+00,1.00002141e-09
8,2.09311790e-01,6.63269037e-09,96,12,1,37,normal_corr_dominates,1.16722693e+00,1.00000000e+00,2.50000006e+07,6.16375559e-01,-3.68586299e+00,4.30223855e+00,1.00002619e-09
8,2.09311790e-01,6.63269037e-09,96,13,0,39,normal_corr_dominates,1.78066521e+00,1.00000000e+00,2.50000015e+07,1.49227482e+00,-1.91154263e+00,3.40381745e+00,1.00002121e-09
8,2.09311790e-01,6.63269037e-09,96,14,0,42,normal_corr_dominates,3.11853738e+00,1.00000000e+00,2.49999985e+07,-1.45546140e+00,-3.53392787e-01,-1.10206862e+00,1.00003142e-09
8,2.09311790e-01,6.63269037e-09,96,14,1,43,normal_corr_dominates,3.16094074e+00,1.00000000e+00,2.49999985e+07,-1.47044645e+00,-3.53392787e-01,-1.11705366e+00,1.00002660e-09
8,2.09311790e-01,6.63269037e-09,96,14,2,44,normal_corr_dominates,1.81319290e+01,1.00000000e+00,2.50000061e+07,6.05430013e+00,-3.53392787e-01,6.40769292e+00,1.00004379e-09
8,2.09311790e-01,6.63269037e-09,96,15,0,45,normal_corr_dominates,1.40644166e+00,1.00000000e+00,2.49999960e+07,-4.03558078e+00,-1.67699090e+00,-2.35858987e+00,1.00002572e-09
8,2.09311790e-01,6.63269037e-09,96,15,1,46,normal_corr_dominates,2.79636251e+00,1.00000000e+00,2.50000030e+07,3.01248360e+00,-1.67699090e+00,4.68947450e+00,1.00002658e-09
8,2.09311790e-01,6.63269037e-09,96,15,2,47,normal_corr_dominates,3.91641727e+00,1.00000000e+00,2.49999918e+07,-8.24478705e+00,-1.67699090e+00,-6.56779615e+00,1.00003839e-09
8,2.09311790e-01,6.63269037e-09,96,16,2,50,normal_corr_dominates,1.02438691e+00,1.00000000e+00,2.50000001e+07,7.09248831e-02,-2.90831769e+00,2.97924258e+00,1.00002742e-09
8,2.09311790e-01,6.63269037e-09,96,17,0,51,corr_ratio_high,5.13926418e-01,5.00000000e-01,2.49999991e+07,-9.18352441e-01,-2.73917331e+00,1.82082087e+00,1.00006484e-09
8,2.09311790e-01,6.63269037e-09,96,17,1,52,normal_corr_dominates,1.24781155e+00,1.00000000e+00,2.50000007e+07,6.78798786e-01,-2.73917331e+00,3.41797210e+00,1.00004025e-09
8,2.09311790e-01,6.63269037e-09,96,17,2,53,corr_ratio_high,2.58327287e+00,5.00000000e-01,2.50000000e+07,-3.30057925e-03,-2.73917331e+00,2.73587273e+00,1.00000635e-09
8,2.09311790e-01,6.63269037e-09,96,18,2,56,normal_corr_dominates,1.01037071e+00,1.00000000e+00,2.50000001e+07,5.18530758e-02,-4.99995364e+00,5.05180672e+00,1.00003243e-09
8,2.09311790e-01,6.63269037e-09,96,19,0,57,normal_corr_dominates,1.49212138e+01,1.00000000e+00,2.49999849e+07,-1.51497657e+01,-9.51545900e-01,-1.41982198e+01,1.00002422e-09
8,2.09311790e-01,6.63269037e-09,96,19,0,57,corr_ratio_high,1.16587278e+00,5.00000000e-01,2.49999849e+07,-1.51497657e+01,-9.51545900e-01,-1.41982198e+01,1.00002422e-09
8,2.09311790e-01,6.63269037e-09,96,19,2,59,normal_corr_dominates,2.33723190e+00,1.00000000e+00,2.50000013e+07,1.27243753e+00,-9.51545900e-01,2.22398343e+00,1.00002776e-09
8,2.09311790e-01,6.63269037e-09,96,20,1,61,normal_corr_dominates,1.05235039e+00,1.00000000e+00,2.50000001e+07,1.25416645e-01,-2.39571551e+00,2.52113215e+00,1.00003705e-09
8,2.09311790e-01,6.63269037e-09,96,20,2,62,normal_corr_dominates,2.49367338e+00,1.00000000e+00,2.49999916e+07,-8.36984749e+00,-2.39571551e+00,-5.97413198e+00,1.00002918e-09
8,2.09311790e-01,6.63269037e-09,96,21,0,63,normal_corr_dominates,1.60856447e+00,1.00000000e+00,2.49999952e+07,-4.76186072e+00,-1.82547174e+00,-2.93638898e+00,1.00002751e-09
8,2.09311790e-01,6.63269037e-09,96,21,1,64,normal_corr_dominates,2.31059865e+00,1.00000000e+00,2.50000024e+07,2.39246079e+00,-1.82547174e+00,4.21793253e+00,1.00002852e-09
8,2.09311790e-01,6.63269037e-09,96,21,2,65,normal_corr_dominates,1.45599863e+00,1.00000000e+00,2.50000008e+07,8.32412615e-01,-1.82547174e+00,2.65788435e+00,1.00003236e-09
8,2.09311790e-01,6.63269037e-09,96,22,0,66,normal_corr_dominates,2.77258212e+00,1.00000000e+00,2.50000034e+07,3.39616159e+00,-1.91594034e+00,5.31210193e+00,1.00004066e-09
8,2.09311790e-01,6.63269037e-09,96,22,1,67,normal_corr_dominates,1.30303257e+00,1.00000000e+00,2.49999956e+07,-4.41247299e+00,-1.91594034e+00,-2.49653266e+00,1.00003524e-09
8,2.09311790e-01,6.63269037e-09,96,22,2,68,corr_ratio_high,1.57351820e+00,5.00000000e-01,2.49999988e+07,-1.16698074e+00,-1.91594034e+00,7.48959595e-01,1.00001480e-09
8,2.09311790e-01,6.63269037e-09,96,23,0,69,normal_corr_dominates,8.38382561e+00,1.00000000e+00,2.49999984e+07,-1.55134416e+00,-1.65321078e-01,-1.38602309e+00,1.00003701e-09
8,2.09311790e-01,6.63269037e-09,96,23,1,70,normal_corr_dominates,5.81224877e+00,1.00000000e+00,2.49999989e+07,-1.12620831e+00,-1.65321078e-01,-9.60887231e-01,1.00002977e-09
8,2.09311790e-01,6.63269037e-09,96,23,2,71,normal_corr_dominates,3.23093886e+01,1.00000000e+00,2.50000052e+07,5.17610187e+00,-1.65321078e-01,5.34142294e+00,1.00003828e-09
8,2.09311790e-01,6.63269037e-09,96,24,1,73,corr_ratio_high,5.80550226e-01,5.00000000e-01,2.49999988e+07,-1.21427691e+00,-3.20538056e+00,1.99110365e+00,1.00002150e-09
8,2.09311790e-01,6.63269037e-09,96,24,2,74,normal_corr_dominates,1.08342114e+00,1.00000000e+00,2.49999933e+07,-6.67815761e+00,-3.20538056e+00,-3.47277705e+00,1.00003230e-09
8,2.09311790e-01,6.63269037e-09,96,26,0,78,normal_corr_dominates,5.32401346e+00,1.00000000e+00,2.50000046e+07,4.64860017e+00,-1.07506607e+00,5.72366624e+00,1.00005643e-09
8,2.09311790e-01,6.63269037e-09,96,26,0,78,corr_ratio_high,5.00012946e-01,5.00000000e-01,2.50000046e+07,4.64860017e+00,-1.07506607e+00,5.72366624e+00,1.00005643e-09
8,2.09311790e-01,6.63269037e-09,96,26,1,79,normal_corr_dominates,1.86447159e+00,1.00000000e+00,2.49999969e+07,-3.07949622e+00,-1.07506607e+00,-2.00443015e+00,1.00003091e-09
8,2.09311790e-01,6.63269037e-09,96,26,2,80,normal_corr_dominates,4.34762022e+00,1.00000000e+00,2.49999943e+07,-5.74904506e+00,-1.07506607e+00,-4.67397899e+00,1.00001777e-09
8,2.09311790e-01,6.63269037e-09,96,26,2,80,corr_ratio_high,1.22926485e+00,5.00000000e-01,2.49999943e+07,-5.74904506e+00,-1.07506607e+00,-4.67397899e+00,1.00001777e-09
8,2.09311790e-01,6.63269037e-09,96,27,0,81,normal_corr_dominates,4.38636717e+00,1.00000000e+00,2.49999948e+07,-5.18128756e+00,-9.61926174e-01,-4.21936139e+00,1.00002764e-09
8,2.09311790e-01,6.63269037e-09,96,27,1,82,normal_corr_dominates,2.71935678e+00,1.00000000e+00,2.50000017e+07,1.65389428e+00,-9.61926174e-01,2.61582046e+00,1.00002680e-09
8,2.09311790e-01,6.63269037e-09,96,29,0,87,normal_corr_dominates,1.04031270e+01,1.00000000e+00,2.49999859e+07,-1.40828230e+01,-1.23499660e+00,-1.28478264e+01,1.00002538e-09
8,2.09311790e-01,6.63269037e-09,96,29,0,87,corr_ratio_high,8.83768804e-01,5.00000000e-01,2.49999859e+07,-1.40828230e+01,-1.23499660e+00,-1.28478264e+01,1.00002538e-09
8,2.09311790e-01,6.63269037e-09,96,29,1,88,normal_corr_dominates,5.71755758e+00,1.00000000e+00,2.49999917e+07,-8.29616076e+00,-1.23499660e+00,-7.06116416e+00,1.00003244e-09
8,2.09311790e-01,6.63269037e-09,96,29,2,89,normal_corr_dominates,3.27227100e+00,1.00000000e+00,2.50000028e+07,2.80624696e+00,-1.23499660e+00,4.04124356e+00,1.00002893e-09
8,2.09311790e-01,6.63269037e-09,96,30,2,92,normal_corr_dominates,1.40564685e+00,1.00000000e+00,2.49999917e+07,-8.27035794e+00,-3.43789362e+00,-4.83246432e+00,1.00003440e-09
8,2.09311790e-01,6.63269037e-09,96,31,0,93,normal_corr_dominates,1.52616957e+00,1.00000000e+00,2.49999962e+07,-3.75018569e+00,-1.48453442e+00,-2.26565127e+00,1.00002842e-09
8,2.09311790e-01,6.63269037e-09,96,31,1,94,normal_corr_dominates,1.38496573e+00,1.00000000e+00,2.50000006e+07,5.71494871e-01,-1.48453442e+00,2.05602929e+00,1.00003478e-09
8,2.09311790e-01,6.63269037e-09,96,31,2,95,normal_corr_dominates,1.97882596e+00,1.00000000e+00,2.50000015e+07,1.45310084e+00,-1.48453442e+00,2.93763526e+00,1.00002615e-09
8,2.09311790e-01,6.63269037e-09,96,32,1,97,normal_corr_dominates,2.36290030e+00,1.00000000e+00,2.49999953e+07,-4.72911093e+00,-1.40625963e+00,-3.32285130e+00,1.00002472e-09
8,2.09311790e-01,6.63269037e-09,96,33,0,99,normal_corr_dominates,5.45745949e+00,1.00000000e+00,2.49999929e+07,-7.08809783e+00,-1.09766044e+00,-5.99043739e+00,1.00002846e-09
8,2.09311790e-01,6.63269037e-09,96,33,1,100,normal_corr_dominates,1.34279773e+00,1.00000000e+00,2.49999974e+07,-2.57159639e+00,-1.09766044e+00,-1.47393595e+00,1.00002907e-09
8,2.09311790e-01,6.63269037e-09,96,33,2,101,normal_corr_dominates,3.25038096e+00,1.00000000e+00,2.50000025e+07,2.47015415e+00,-1.09766044e+00,3.56781459e+00,1.00002884e-09
8,2.09311790e-01,6.63269037e-09,96,34,0,102,normal_corr_dominates,2.24044540e+00,1.00000000e+00,2.49999917e+07,-8.32287008e+00,-2.56843399e+00,-5.75443610e+00,1.00002398e-09
8,2.09311790e-01,6.63269037e-09,96,34,1,103,normal_corr_dominates,2.06541956e+00,1.00000000e+00,2.50000027e+07,2.73645982e+00,-2.56843399e+00,5.30489380e+00,1.00002248e-09
8,2.09311790e-01,6.63269037e-09,96,35,0,105,normal_corr_dominates,3.89087499e+01,1.00000000e+00,2.50000101e+07,1.00539964e+01,-2.65215720e-01,1.03192121e+01,1.00004304e-09
8,2.09311790e-01,6.63269037e-09,96,35,1,106,normal_corr_dominates,1.99495360e+01,1.00000000e+00,2.49999944e+07,-5.55614625e+00,-2.65215720e-01,-5.29093054e+00,1.00005966e-09
8,2.09311790e-01,6.63269037e-09,96,35,2,107,normal_corr_dominates,4.04295019e+01,1.00000000e+00,2.49999890e+07,-1.09877552e+01,-2.65215720e-01,-1.07225394e+01,1.00000987e-09
8,2.09311790e-01,6.63269037e-09,96,35,2,107,corr_ratio_high,4.26451964e+00,5.00000000e-01,2.49999890e+07,-1.09877552e+01,-2.65215720e-01,-1.07225394e+01,1.00000987e-09
8,2.09311790e-01,6.63269037e-09,96,36,1,109,corr_ratio_high,7.26190788e-01,5.00000000e-01,2.49999944e+07,-5.63164182e+00,-4.70140169e+00,-9.30240138e-01,1.00001839e-09
8,2.09311790e-01,6.63269037e-09,96,37,0,111,normal_corr_dominates,1.88236013e+00,1.00000000e+00,2.50000009e+07,8.51499717e-01,-9.65025148e-01,1.81652486e+00,1.00003036e-09
8,2.09311790e-01,6.63269037e-09,96,37,2,113,normal_corr_dominates,2.72440621e+00,1.00000000e+00,2.50000017e+07,1.66409535e+00,-9.65025148e-01,2.62912050e+00,1.00002155e-09
9,2.39001425e-01,7.57349813e-09,96,0,0,0,corr_ratio_high,9.37192056e-01,5.00000000e-01,2.49999939e+07,-6.07368442e+00,-4.43157725e+00,-1.64210718e+00,1.00002030e-09
9,2.39001425e-01,7.57349813e-09,96,0,2,2,normal_corr_dominates,1.14011859e+00,1.00000000e+00,2.50000006e+07,6.20946352e-01,-4.43157725e+00,5.05252360e+00,1.00003411e-09
9,2.39001425e-01,7.57349813e-09,96,1,0,3,normal_corr_dominates,8.28718593e+00,1.00000000e+00,2.50000052e+07,5.18070127e+00,-7.10933042e-01,5.89163431e+00,1.00004305e-09
9,2.39001425e-01,7.57349813e-09,96,1,1,4,normal_corr_dominates,8.88836440e+00,1.00000000e+00,2.49999930e+07,-7.02996498e+00,-7.10933042e-01,-6.31903194e+00,1.00002739e-09
9,2.39001425e-01,7.57349813e-09,96,1,1,4,corr_ratio_high,8.72605979e-01,5.00000000e-01,2.49999930e+07,-7.02996498e+00,-7.10933042e-01,-6.31903194e+00,1.00002739e-09
9,2.39001425e-01,7.57349813e-09,96,1,2,5,normal_corr_dominates,6.60421421e+00,1.00000000e+00,2.49999946e+07,-5.40608715e+00,-7.10933042e-01,-4.69515410e+00,1.00003980e-09
9,2.39001425e-01,7.57349813e-09,96,2,0,6,normal_corr_dominates,1.16524099e+00,1.00000000e+00,2.50000004e+07,3.52134195e-01,-2.13103419e+00,2.48316838e+00,1.00003042e-09
9,2.39001425e-01,7.57349813e-09,96,2,0,6,corr_ratio_high,5.84532368e-01,5.00000000e-01,2.50000004e+07,3.52134195e-01,-2.13103419e+00,2.48316838e+00,1.00003042e-09
9,2.39001425e-01,7.57349813e-09,96,2,1,7,normal_corr_dominates,3.61942108e+00,1.00000000e+00,2.49999902e+07,-9.84414425e+00,-2.13103419e+00,-7.71311006e+00,1.00003604e-09
9,2.39001425e-01,7.57349813e-09,96,2,2,8,normal_corr_dominates,3.75889336e+00,1.00000000e+00,2.50000059e+07,5.87929606e+00,-2.13103419e+00,8.01033025e+00,1.00005512e-09
9,2.39001425e-01,7.57349813e-09,96,3,0,9,normal_corr_dominates,1.75843683e+01,1.00000000e+00,2.49999885e+07,-1.14995913e+01,-6.18777627e-01,-1.08808137e+01,1.00008341e-09
9,2.39001425e-01,7.57349813e-09,96,3,0,9,corr_ratio_high,5.86299940e-01,5.00000000e-01,2.49999885e+07,-1.14995913e+01,-6.18777627e-01,-1.08808137e+01,1.00008341e-09
9,2.39001425e-01,7.57349813e-09,96,3,1,10,normal_corr_dominates,8.69083931e+00,1.00000000e+00,2.49999940e+07,-5.99647456e+00,-6.18777627e-01,-5.37769693e+00,1.00002216e-09
9,2.39001425e-01,7.57349813e-09,96,3,1,10,corr_ratio_high,8.55307287e-01,5.00000000e-01,2.49999940e+07,-5.99647456e+00,-6.18777627e-01,-5.37769693e+00,1.00002216e-09
9,2.39001425e-01,7.57349813e-09,96,3,2,11,normal_corr_dominates,1.10424974e+01,1.00000000e+00,2.50000062e+07,6.21407268e+00,-6.18777627e-01,6.83285031e+00,1.00000921e-09
9,2.39001425e-01,7.57349813e-09,96,3,2,11,corr_ratio_high,1.79589785e+00,5.00000000e-01,2.50000062e+07,6.21407268e+00,-6.18777627e-01,6.83285031e+00,1.00000921e-09
9,2.39001425e-01,7.57349813e-09,96,4,0,12,normal_corr_dominates,1.59731039e+00,1.00000000e+00,2.49999987e+07,-1.28625580e+00,-4.95226063e-01,-7.91029736e-01,1.00003849e-09
9,2.39001425e-01,7.57349813e-09,96,4,1,13,normal_corr_dominates,2.83562560e+00,1.00000000e+00,2.50000009e+07,9.09049640e-01,-4.95226063e-01,1.40427570e+00,1.00003279e-09
9,2.39001425e-01,7.57349813e-09,96,4,2,14,normal_corr_dominates,6.85680571e+00,1.00000000e+00,2.50000029e+07,2.90044283e+00,-4.95226063e-01,3.39566890e+00,1.00002664e-09
9,2.39001425e-01,7.57349813e-09,96,5,0,15,normal_corr_dominates,2.14353210e+00,1.00000000e+00,2.50000043e+07,4.31416812e+00,-3.77266902e+00,8.08683715e+00,1.00002397e-09
9,2.39001425e-01,7.57349813e-09,96,5,1,16,normal_corr_dominates,1.42570454e+00,1.00000000e+00,2.49999908e+07,-9.15138036e+00,-3.77266902e+00,-5.37871134e+00,1.00003888e-09
9,2.39001425e-01,7.57349813e-09,96,5,2,17,normal_corr_dominates,1.71038739e+00,1.00000000e+00,2.49999898e+07,-1.02253946e+01,-3.77266902e+00,-6.45272553e+00,1.00004127e-09
9,2.39001425e-01,7.57349813e-09,96,6,1,19,normal_corr_dominates,2.05874088e+00,1.00000000e+00,2.50000026e+07,2.63937414e+00,-2.49293684e+00,5.13231098e+00,1.00002470e-09
9,2.39001425e-01,7.57349813e-09,96,6,2,20,normal_corr_dominates,3.88704366e+00,1.00000000e+00,2.49999878e+07,-1.21830912e+01,-2.49293684e+00,-9.69015436e+00,1.00005031e-09
9,2.39001425e-01,7.57349813e-09,96,7,0,21,normal_corr_dominates,6.85436189e+01,1.00000000e+00,2.49999952e+07,-4.84701514e+00,-6.96974822e-02,-4.77731766e+00,1.00003185e-09
9,2.39001425e-01,7.57349813e-09,96,7,1,22,normal_corr_dominates,4.31115746e+01,1.00000000e+00,2.49999969e+07,-3.07446569e+00,-6.96974822e-02,-3.00476821e+00,1.00004278e-09
9,2.39001425e-01,7.57349813e-09,96,7,2,23,normal_corr_dominates,1.11065919e+02,1.00000000e+00,2.50000077e+07,7.67131745e+00,-6.96974822e-02,7.74101493e+00,1.00004043e-09
9,2.39001425e-01,7.57349813e-09,96,8,0,24,normal_corr_dominates,4.46595398e+00,1.00000000e+00,2.49999946e+07,-5.44949711e+00,-9.96989204e-01,-4.45250791e+00,1.00003035e-09
9,2.39001425e-01,7.57349813e-09,96,8,1,25,normal_corr_dominates,4.67642162e+00,1.00000000e+00,2.50000037e+07,3.66535267e+00,-9.96989204e-01,4.66234187e+00,1.00002301e-09
9,2.39001425e-01,7.57349813e-09,96,8,1,25,corr_ratio_high,5.24931880e-01,5.00000000e-01,2.50000037e+07,3.66535267e+00,-9.96989204e-01,4.66234187e+00,1.00002301e-09
9,2.39001425e-01,7.57349813e-09,96,8,2,26,normal_corr_dominates,2.99269942e+00,1.00000000e+00,2.50000020e+07,1.98669981e+00,-9.96989204e-01,2.98368902e+00,1.00003454e-09
9,2.39001425e-01,7.57349813e-09,96,9,0,27,normal_corr_dominates,1.31710899e+00,1.00000000e+00,2.50000008e+07,8.03751402e-01,-2.53462195e+00,3.33837335e+00,1.00004474e-09
9,2.39001425e-01,7.57349813e-09,96,9,1,28,normal_corr_dominates,2.15578776e+00,1.00000000e+00,2.49999920e+07,-7.99872893e+00,-2.53462195e+00,-5.46410698e+00,1.00003465e-09
9,2.39001425e-01,7.57349813e-09,96,9,2,29,normal_corr_dominates,2.47054225e+00,1.00000000e+00,2.49999912e+07,-8.79651257e+00,-2.53462195e+00,-6.26189061e+00,1.00003528e-09
9,2.39001425e-01,7.57349813e-09,96,10,0,30,normal_corr_dominates,5.25987650e+00,1.00000000e+00,2.50000034e+07,3.41511241e+00,-8.01692822e-01,4.21680523e+00,1.00003487e-09
9,2.39001425e-01,7.57349813e-09,96,10,1,31,normal_corr_dominates,1.06375208e+01,1.00000000e+00,2.50000077e+07,7.72633128e+00,-8.01692822e-01,8.52802410e+00,1.00005942e-09
9,2.39001425e-01,7.57349813e-09,96,10,2,32,normal_corr_dominates,9.45330849e+00,1.00000000e+00,2.49999916e+07,-8.38034238e+00,-8.01692822e-01,-7.57864956e+00,1.00003461e-09
9,2.39001425e-01,7.57349813e-09,96,11,0,33,normal_corr_dominates,2.84989208e+00,1.00000000e+00,2.49999986e+07,-1.37387867e+00,-3.56861607e-01,-1.01701707e+00,1.00004959e-09
9,2.39001425e-01,7.57349813e-09,96,11,1,34,normal_corr_dominates,6.51840247e+00,1.00000000e+00,2.50000020e+07,1.96930597e+00,-3.56861607e-01,2.32616758e+00,1.00004407e-09
9,2.39001425e-01,7.57349813e-09,96,11,2,35,normal_corr_dominates,1.18724435e+01,1.00000000e+00,2.49999954e+07,-4.59368088e+00,-3.56861607e-01,-4.23681927e+00,1.00002432e-09
9,2.39001425e-01,7.57349813e-09,96,11,2,35,corr_ratio_high,1.01998409e+00,5.00000000e-01,2.49999954e+07,-4.59368088e+00,-3.56861607e-01,-4.23681927e+00,1.00002432e-09
9,2.39001425e-01,7.57349813e-09,96,12,1,37,normal_corr_dominates,1.16679808e+00,1.00000000e+00,2.50000007e+07,6.98539082e-01,-4.18793234e+00,4.88647143e+00,1.00002975e-09
9,2.39001425e-01,7.57349813e-09,96,13,0,39,normal_corr_dominates,1.77978851e+00,1.00000000e+00,2.50000017e+07,1.69394967e+00,-2.17231935e+00,3.86626902e+00,1.00002409e-09
9,2.39001425e-01,7.57349813e-09,96,14,0,42,normal_corr_dominates,3.11571143e+00,1.00000000e+00,2.49999983e+07,-1.65358108e+00,-4.01772843e-01,-1.25180824e+00,1.00003569e-09
9,2.39001425e-01,7.57349813e-09,96,14,1,43,normal_corr_dominates,3.15820628e+00,1.00000000e+00,2.49999983e+07,-1.67065436e+00,-4.01772843e-01,-1.26888152e+00,1.00003022e-09
9,2.39001425e-01,7.57349813e-09,96,14,2,44,normal_corr_dominates,1.81178603e+01,1.00000000e+00,2.50000069e+07,6.87749140e+00,-4.01772843e-01,7.27926424e+00,1.00004974e-09
9,2.39001425e-01,7.57349813e-09,96,15,0,45,normal_corr_dominates,1.40538402e+00,1.00000000e+00,2.49999954e+07,-4.58377901e+00,-1.90563293e+00,-2.67814607e+00,1.00002922e-09
9,2.39001425e-01,7.57349813e-09,96,15,1,46,normal_corr_dominates,2.79520347e+00,1.00000000e+00,2.50000034e+07,3.42099886e+00,-1.90563293e+00,5.32663179e+00,1.00003020e-09
9,2.39001425e-01,7.57349813e-09,96,15,2,47,normal_corr_dominates,3.91554130e+00,1.00000000e+00,2.49999906e+07,-9.36721740e+00,-1.90563293e+00,-7.46158446e+00,1.00004361e-09
9,2.39001425e-01,7.57349813e-09,96,16,2,50,normal_corr_dominates,1.02380994e+00,1.00000000e+00,2.50000001e+07,7.86771640e-02,-3.30438250e+00,3.38305967e+00,1.00003115e-09
9,2.39001425e-01,7.57349813e-09,96,17,0,51,corr_ratio_high,5.13906893e-01,5.00000000e-01,2.49999990e+07,-1.04446325e+00,-3.11326206e+00,2.06879882e+00,1.00007364e-09
9,2.39001425e-01,7.57349813e-09,96,17,1,52,normal_corr_dominates,1.24621957e+00,1.00000000e+00,2.50000008e+07,7.66546055e-01,-3.11326206e+00,3.87980812e+00,1.00004572e-09
9,2.39001425e-01,7.57349813e-09,96,17,2,53,corr_ratio_high,2.58270516e+00,5.00000000e-01,2.50000000e+07,-3.67329056e-03,-3.11326206e+00,3.10958877e+00,1.00000722e-09
9,2.39001425e-01,7.57349813e-09,96,18,2,56,normal_corr_dominates,1.01008171e+00,1.00000000e+00,2.50000001e+07,5.72698669e-02,-5.68056915e+00,5.73783902e+00,1.00003683e-09
9,2.39001425e-01,7.57349813e-09,96,19,0,57,normal_corr_dominates,1.49179201e+01,1.00000000e+00,2.49999828e+07,-1.72092169e+01,-1.08112221e+00,-1.61280947e+01,1.00002752e-09
9,2.39001425e-01,7.57349813e-09,96,19,0,57,corr_ratio_high,1.16561537e+00,5.00000000e-01,2.49999828e+07,-1.72092169e+01,-1.08112221e+00,-1.61280947e+01,1.00002752e-09
9,2.39001425e-01,7.57349813e-09,96,19,2,59,normal_corr_dominates,2.33738440e+00,1.00000000e+00,2.50000014e+07,1.44587597e+00,-1.08112221e+00,2.52699817e+00,1.00003154e-09
9,2.39001425e-01,7.57349813e-09,96,20,1,61,normal_corr_dominates,1.05178353e+00,1.00000000e+00,2.50000001e+07,1.40983565e-01,-2.72255617e+00,2.86353973e+00,1.00004208e-09
9,2.39001425e-01,7.57349813e-09,96,20,2,62,normal_corr_dominates,2.49251124e+00,1.00000000e+00,2.49999905e+07,-9.50855802e+00,-2.72255617e+00,-6.78600185e+00,1.00003315e-09
9,2.39001425e-01,7.57349813e-09,96,21,0,63,normal_corr_dominates,1.60757488e+00,1.00000000e+00,2.49999946e+07,-5.40914276e+00,-2.07439595e+00,-3.33474681e+00,1.00003125e-09
9,2.39001425e-01,7.57349813e-09,96,21,1,64,normal_corr_dominates,2.30947136e+00,1.00000000e+00,2.50000027e+07,2.71636208e+00,-2.07439595e+00,4.79075803e+00,1.00003239e-09
9,2.39001425e-01,7.57349813e-09,96,21,2,65,normal_corr_dominates,1.45503028e+00,1.00000000e+00,2.50000009e+07,9.43912961e-01,-2.07439595e+00,3.01830891e+00,1.00003676e-09
9,2.39001425e-01,7.57349813e-09,96,22,0,66,normal_corr_dominates,2.76946163e+00,1.00000000e+00,2.50000039e+07,3.85374401e+00,-2.17791895e+00,6.03166296e+00,1.00004619e-09
9,2.39001425e-01,7.57349813e-09,96,22,1,67,normal_corr_dominates,1.30204335e+00,1.00000000e+00,2.49999950e+07,-5.01366382e+00,-2.17791895e+00,-2.83574488e+00,1.00004003e-09
9,2.39001425e-01,7.57349813e-09,96,22,2,68,corr_ratio_high,1.57345249e+00,5.00000000e-01,2.49999987e+07,-1.32523978e+00,-2.17791895e+00,8.52679167e-01,1.00001681e-09
9,2.39001425e-01,7.57349813e-09,96,23,0,69,normal_corr_dominates,8.37349968e+00,1.00000000e+00,2.49999982e+07,-1.76192222e+00,-1.87968451e-01,-1.57395377e+00,1.00004203e-09
9,2.39001425e-01,7.57349813e-09,96,23,1,70,normal_corr_dominates,5.80546557e+00,1.00000000e+00,2.49999987e+07,-1.27921282e+00,-1.87968451e-01,-1.09124437e+00,1.00003382e-09
9,2.39001425e-01,7.57349813e-09,96,23,2,71,normal_corr_dominates,3.22817462e+01,1.00000000e+00,2.50000059e+07,5.87998138e+00,-1.87968451e-01,6.06794983e+00,1.00004348e-09
9,2.39001425e-01,7.57349813e-09,96,24,1,73,corr_ratio_high,5.80592933e-01,5.00000000e-01,2.49999986e+07,-1.37980061e+00,-3.64220523e+00,2.26240463e+00,1.00002442e-09
9,2.39001425e-01,7.57349813e-09,96,24,2,74,normal_corr_dominates,1.08324809e+00,1.00000000e+00,2.49999924e+07,-7.58761708e+00,-3.64220523e+00,-3.94541184e+00,1.00003669e-09
9,2.39001425e-01,7.57349813e-09,96,26,0,78,normal_corr_dominates,5.32162691e+00,1.00000000e+00,2.50000053e+07,5.27890321e+00,-1.22150831e+00,6.50041152e+00,1.00006410e-09
9,2.39001425e-01,7.57349813e-09,96,26,0,78,corr_ratio_high,5.00002589e-01,5.00000000e-01,2.50000053e+07,5.27890321e+00,-1.22150831e+00,6.50041152e+00,1.00006410e-09
9,2.39001425e-01,7.57349813e-09,96,26,1,79,normal_corr_dominates,1.86365482e+00,1.00000000e+00,2.49999965e+07,-3.49797817e+00,-1.22150831e+00,-2.27646985e+00,1.00003511e-09
9,2.39001425e-01,7.57349813e-09,96,26,2,80,normal_corr_dominates,4.34563471e+00,1.00000000e+00,2.49999935e+07,-6.52973724e+00,-1.22150831e+00,-5.30822892e+00,1.00002019e-09
9,2.39001425e-01,7.57349813e-09,96,26,2,80,corr_ratio_high,1.22894386e+00,5.00000000e-01,2.49999935e+07,-6.52973724e+00,-1.22150831e+00,-5.30822892e+00,1.00002019e-09
9,2.39001425e-01,7.57349813e-09,96,27,0,81,normal_corr_dominates,4.38402339e+00,1.00000000e+00,2.49999941e+07,-5.88483432e+00,-1.09301797e+00,-4.79181635e+00,1.00003140e-09
9,2.39001425e-01,7.57349813e-09,96,27,1,82,normal_corr_dominates,2.72022904e+00,1.00000000e+00,2.50000019e+07,1.88024125e+00,-1.09301797e+00,2.97325922e+00,1.00003044e-09
9,2.39001425e-01,7.57349813e-09,96,29,0,87,normal_corr_dominates,1.03978367e+01,1.00000000e+00,2.49999840e+07,-1.59965092e+01,-1.40346889e+00,-1.45930403e+01,1.00002883e-09
9,2.39001425e-01,7.57349813e-09,96,29,0,87,corr_ratio_high,8.83812640e-01,5.00000000e-01,2.49999840e+07,-1.59965092e+01,-1.40346889e+00,-1.45930403e+01,1.00002883e-09
9,2.39001425e-01,7.57349813e-09,96,29,1,88,normal_corr_dominates,5.71463912e+00,1.00000000e+00,2.49999906e+07,-9.42378712e+00,-1.40346889e+00,-8.02031823e+00,1.00003685e-09
9,2.39001425e-01,7.57349813e-09,96,29,2,89,normal_corr_dominates,3.27082587e+00,1.00000000e+00,2.50000032e+07,3.18703347e+00,-1.40346889e+00,4.59050236e+00,1.00003286e-09
9,2.39001425e-01,7.57349813e-09,96,30,2,92,normal_corr_dominates,1.40525442e+00,1.00000000e+00,2.49999906e+07,-9.39541171e+00,-3.90620287e+00,-5.48920884e+00,1.00003908e-09
9,2.39001425e-01,7.57349813e-09,96,31,0,93,normal_corr_dominates,1.52529360e+00,1.00000000e+00,2.49999957e+07,-4.26019773e+00,-1.68701086e+00,-2.57318686e+00,1.00003228e-09
9,2.39001425e-01,7.57349813e-09,96,31,1,94,normal_corr_dominates,1.38376599e+00,1.00000000e+00,2.50000006e+07,6.47417395e-01,-1.68701086e+00,2.33442826e+00,1.00003950e-09
9,2.39001425e-01,7.57349813e-09,96,31,2,95,normal_corr_dominates,1.97824307e+00,1.00000000e+00,2.50000017e+07,1.65030669e+00,-1.68701086e+00,3.33731755e+00,1.00002970e-09
9,2.39001425e-01,7.57349813e-09,96,32,1,97,normal_corr_dominates,2.36192283e+00,1.00000000e+00,2.49999946e+07,-5.37139658e+00,-1.59771561e+00,-3.77368097e+00,1.00002808e-09
9,2.39001425e-01,7.57349813e-09,96,33,0,99,normal_corr_dominates,5.45431212e+00,1.00000000e+00,2.49999919e+07,-8.05148052e+00,-1.24745757e+00,-6.80402295e+00,1.00003233e-09
9,2.39001425e-01,7.57349813e-09,96,33,1,100,normal_corr_dominates,1.34181392e+00,1.00000000e+00,2.49999971e+07,-2.92131351e+00,-1.24745757e+00,-1.67385594e+00,1.00003302e-09
9,2.39001425e-01,7.57349813e-09,96,33,2,101,normal_corr_dominates,3.24893584e+00,1.00000000e+00,2.50000028e+07,2.80545204e+00,-1.24745757e+00,4.05290961e+00,1.00003276e-09
9,2.39001425e-01,7.57349813e-09,96,34,0,102,normal_corr_dominates,2.23941986e+00,1.00000000e+00,2.49999905e+07,-9.45504070e+00,-2.91874506e+00,-6.53629565e+00,1.00002724e-09
9,2.39001425e-01,7.57349813e-09,96,34,1,103,normal_corr_dominates,2.06446868e+00,1.00000000e+00,2.50000031e+07,3.10691268e+00,-2.91874506e+00,6.02565774e+00,1.00002553e-09
9,2.39001425e-01,7.57349813e-09,96,35,0,105,normal_corr_dominates,3.88251729e+01,1.00000000e+00,2.50000114e+07,1.14192961e+01,-3.01896732e-01,1.17211928e+01,1.00004888e-09
9,2.39001425e-01,7.57349813e-09,96,35,1,106,normal_corr_dominates,1.99124519e+01,1.00000000e+00,2.49999937e+07,-6.31340088e+00,-3.01896732e-01,-6.01150414e+00,1.00006777e-09
9,2.39001425e-01,7.57349813e-09,96,35,2,107,normal_corr_dominates,4.03370982e+01,1.00000000e+00,2.49999875e+07,-1.24795348e+01,-3.01896732e-01,-1.21776381e+01,1.00001121e-09
9,2.39001425e-01,7.57349813e-09,96,35,2,107,corr_ratio_high,4.26304196e+00,5.00000000e-01,2.49999875e+07,-1.24795348e+01,-3.01896732e-01,-1.21776381e+01,1.00001121e-09
9,2.39001425e-01,7.57349813e-09,96,36,1,109,corr_ratio_high,7.26140507e-01,5.00000000e-01,2.49999936e+07,-6.39878537e+00,-5.34137612e+00,-1.05740925e+00,1.00002090e-09
9,2.39001425e-01,7.57349813e-09,96,37,0,111,normal_corr_dominates,1.88333112e+00,1.00000000e+00,2.50000010e+07,9.68740711e-01,-1.09669035e+00,2.06543106e+00,1.00003448e-09
9,2.39001425e-01,7.57349813e-09,96,37,2,113,normal_corr_dominates,2.72393441e+00,1.00000000e+00,2.50000019e+07,1.89062223e+00,-1.09669035e+00,2.98731258e+00,1.00002448e-09
10,2.68058914e-01,8.49427441e-09,96,0,0,0,corr_ratio_high,9.37072413e-01,5.00000000e-01,2.49999932e+07,-6.78105983e+00,-4.94764954e+00,-1.83341029e+00,1.00002266e-09
10,2.68058914e-01,8.49427441e-09,96,0,2,2,normal_corr_dominates,1.13978563e+00,1.00000000e+00,2.50000007e+07,6.91610297e-01,-4.94764954e+00,5.63925984e+00,1.00003807e-09
10,2.68058914e-01,8.49427441e-09,96,1,0,3,normal_corr_dominates,8.28999178e+00,1.00000000e+00,2.50000058e+07,5.78335180e+00,-7.93327616e-01,6.57667941e+00,1.00004805e-09
10,2.68058914e-01,8.49427441e-09,96,1,1,4,normal_corr_dominates,8.89458241e+00,1.00000000e+00,2.49999922e+07,-7.84964548e+00,-7.93327616e-01,-7.05631786e+00,1.00003058e-09
10,2.68058914e-01,8.49427441e-09,96,1,1,4,corr_ratio_high,8.72778029e-01,5.00000000e-01,2.49999922e+07,-7.84964548e+00,-7.93327616e-01,-7.05631786e+00,1.00003058e-09
10,2.68058914e-01,8.49427441e-09,96,1,2,5,normal_corr_dominates,6.60548711e+00,1.00000000e+00,2.49999940e+07,-6.03364296e+00,-7.93327616e-01,-5.24031534e+00,1.00004443e-09
10,2.68058914e-01,8.49427441e-09,96,2,0,6,normal_corr_dominates,1.16451137e+00,1.00000000e+00,2.50000004e+07,3.91356109e-01,-2.37890002e+00,2.77025612e+00,1.00003395e-09
10,2.68058914e-01,8.49427441e-09,96,2,0,6,corr_ratio_high,5.84658196e-01,5.00000000e-01,2.50000004e+07,3.91356109e-01,-2.37890002e+00,2.77025612e+00,1.00003395e-09
10,2.68058914e-01,8.49427441e-09,96,2,1,7,normal_corr_dominates,3.61866835e+00,1.00000000e+00,2.49999890e+07,-1.09873502e+01,-2.37890002e+00,-8.60845019e+00,1.00004022e-09
10,2.68058914e-01,8.49427441e-09,96,2,2,8,normal_corr_dominates,3.75865416e+00,1.00000000e+00,2.50000066e+07,6.56256243e+00,-2.37890002e+00,8.94146244e+00,1.00006153e-09
10,2.68058914e-01,8.49427441e-09,96,3,0,9,normal_corr_dominates,1.75705953e+01,1.00000000e+00,2.49999872e+07,-1.28378894e+01,-6.91301988e-01,-1.21465874e+01,1.00009310e-09
10,2.68058914e-01,8.49427441e-09,96,3,0,9,corr_ratio_high,5.86301941e-01,5.00000000e-01,2.49999872e+07,-1.28378894e+01,-6.91301988e-01,-1.21465874e+01,1.00009310e-09
10,2.68058914e-01,8.49427441e-09,96,3,1,10,normal_corr_dominates,8.68030594e+00,1.00000000e+00,2.49999933e+07,-6.69201474e+00,-6.91301988e-01,-6.00071275e+00,1.00002473e-09
10,2.68058914e-01,8.49427441e-09,96,3,1,10,corr_ratio_high,8.55377130e-01,5.00000000e-01,2.49999933e+07,-6.69201474e+00,-6.91301988e-01,-6.00071275e+00,1.00002473e-09
10,2.68058914e-01,8.49427441e-09,96,3,2,11,normal_corr_dominates,1.10326484e+01,1.00000000e+00,2.50000069e+07,6.93558982e+00,-6.91301988e-01,7.62689181e+00,1.00001028e-09
10,2.68058914e-01,8.49427441e-09,96,3,2,11,corr_ratio_high,1.79521533e+00,5.00000000e-01,2.50000069e+07,6.93558982e+00,-6.91301988e-01,7.62689181e+00,1.00001028e-09
10,2.68058914e-01,8.49427441e-09,96,4,0,12,normal_corr_dominates,1.59503215e+00,1.00000000e+00,2.49999986e+07,-1.43546809e+00,-5.53160041e-01,-8.82308046e-01,1.00004296e-09
10,2.68058914e-01,8.49427441e-09,96,4,1,13,normal_corr_dominates,2.83295908e+00,1.00000000e+00,2.50000010e+07,1.01391972e+00,-5.53160041e-01,1.56707976e+00,1.00003660e-09
10,2.68058914e-01,8.49427441e-09,96,4,2,14,normal_corr_dominates,6.85363559e+00,1.00000000e+00,2.50000032e+07,3.23799730e+00,-5.53160041e-01,3.79115734e+00,1.00002974e-09
10,2.68058914e-01,8.49427441e-09,96,5,0,15,normal_corr_dominates,2.14285211e+00,1.00000000e+00,2.50000048e+07,4.81388405e+00,-4.21216708e+00,9.02605113e+00,1.00002675e-09
10,2.68058914e-01,8.49427441e-09,96,5,1,16,normal_corr_dominates,1.42519647e+00,1.00000000e+00,2.49999898e+07,-1.02153327e+01,-4.21216708e+00,-6.00316563e+00,1.00004340e-09
10,2.68058914e-01,8.49427441e-09,96,5,2,17,normal_corr_dominates,1.71022050e+00,1.00000000e+00,2.49999886e+07,-1.14159016e+01,-4.21216708e+00,-7.20373448e+00,1.00004606e-09
10,2.68058914e-01,8.49427441e-09,96,6,1,19,normal_corr_dominates,2.05782597e+00,1.00000000e+00,2.50000029e+07,2.94429698e+00,-2.78334724e+00,5.72764422e+00,1.00002757e-09
10,2.68058914e-01,8.49427441e-09,96,6,2,20,normal_corr_dominates,3.88649860e+00,1.00000000e+00,2.49999864e+07,-1.36008224e+01,-2.78334724e+00,-1.08174752e+01,1.00005616e-09
10,2.68058914e-01,8.49427441e-09,96,7,0,21,normal_corr_dominates,6.86535937e+01,1.00000000e+00,2.49999946e+07,-5.41304016e+00,-7.77137240e-02,-5.33532644e+00,1.00003555e-09
10,2.68058914e-01,8.49427441e-09,96,7,1,22,normal_corr_dominates,4.31348172e+01,1.00000000e+00,2.49999966e+07,-3.42988100e+00,-7.77137240e-02,-3.35216728e+00,1.00004775e-09
10,2.68058914e-01,8.49427441e-09,96,7,2,23,normal_corr_dominates,1.11186828e+02,1.00000000e+00,2.50000086e+07,8.56302872e+00,-7.77137240e-02,8.64074245e+00,1.00004513e-09
10,2.68058914e-01,8.49427441e-09,96,8,0,24,normal_corr_dominates,4.46167792e+00,1.00000000e+00,2.49999939e+07,-6.08217018e+00,-1.11360836e+00,-4.96856182e+00,1.00003388e-09
10,2.68058914e-01,8.49427441e-09,96,8,1,25,normal_corr_dominates,4.67265909e+00,1.00000000e+00,2.50000041e+07,4.08990385e+00,-1.11360836e+00,5.20351221e+00,1.00002569e-09
10,2.68058914e-01,8.49427441e-09,96,8,1,25,corr_ratio_high,5.24810633e-01,5.00000000e-01,2.50000041e+07,4.08990385e+00,-1.11360836e+00,5.20351221e+00,1.00002569e-09
10,2.68058914e-01,8.49427441e-09,96,8,2,26,normal_corr_dominates,2.98967358e+00,1.00000000e+00,2.50000022e+07,2.21571713e+00,-1.11360836e+00,3.32932549e+00,1.00003856e-09
10,2.68058914e-01,8.49427441e-09,96,9,0,27,normal_corr_dominates,1.31646750e+00,1.00000000e+00,2.50000009e+07,8.95722436e-01,-2.83037736e+00,3.72609979e+00,1.00004994e-09
10,2.68058914e-01,8.49427441e-09,96,9,1,28,normal_corr_dominates,2.15478891e+00,1.00000000e+00,2.49999911e+07,-8.92924311e+00,-2.83037736e+00,-6.09886575e+00,1.00003868e-09
10,2.68058914e-01,8.49427441e-09,96,9,2,29,normal_corr_dominates,2.46964733e+00,1.00000000e+00,2.49999902e+07,-9.82041123e+00,-2.83037736e+00,-6.99003387e+00,1.00003938e-09
10,2.68058914e-01,8.49427441e-09,96,10,0,30,normal_corr_dominates,5.25868672e+00,1.00000000e+00,2.50000038e+07,3.81167990e+00,-8.95036463e-01,4.70671636e+00,1.00003892e-09
10,2.68058914e-01,8.49427441e-09,96,10,1,31,normal_corr_dominates,1.06346513e+01,1.00000000e+00,2.50000086e+07,8.62336424e+00,-8.95036463e-01,9.51840070e+00,1.00006633e-09
10,2.68058914e-01,8.49427441e-09,96,10,2,32,normal_corr_dominates,9.45093726e+00,1.00000000e+00,2.49999906e+07,-9.35396992e+00,-8.95036463e-01,-8.45893346e+00,1.00003863e-09
10,2.68058914e-01,8.49427441e-09,96,11,0,33,normal_corr_dominates,2.85606868e+00,1.00000000e+00,2.49999985e+07,-1.53394881e+00,-3.97801216e-01,-1.13614759e+00,1.00005535e-09
10,2.68058914e-01,8.49427441e-09,96,11,1,34,normal_corr_dominates,6.52700938e+00,1.00000000e+00,2.50000022e+07,2.19865105e+00,-3.97801216e-01,2.59645227e+00,1.00004919e-09
10,2.68058914e-01,8.49427441e-09,96,11,2,35,normal_corr_dominates,1.18924050e+01,1.00000000e+00,2.49999949e+07,-5.12861439e+00,-3.97801216e-01,-4.73081317e+00,1.00002715e-09
10,2.68058914e-01,8.49427441e-09,96,11,2,35,corr_ratio_high,1.01992752e+00,5.00000000e-01,2.49999949e+07,-5.12861439e+00,-3.97801216e-01,-4.73081317e+00,1.00002715e-09
10,2.68058914e-01,8.49427441e-09,96,12,1,37,normal_corr_dominates,1.16639012e+00,1.00000000e+00,2.50000008e+07,7.78007821e-01,-4.67580547e+00,5.45381330e+00,1.00003321e-09
10,2.68058914e-01,8.49427441e-09,96,13,0,39,normal_corr_dominates,1.77898981e+00,1.00000000e+00,2.50000019e+07,1.88965719e+00,-2.42577909e+00,4.31543628e+00,1.00002689e-09
10,2.68058914e-01,8.49427441e-09,96,14,0,42,normal_corr_dominates,3.11298160e+00,1.00000000e+00,2.49999982e+07,-1.84606946e+00,-4.48839709e-01,-1.39722975e+00,1.00003983e-09
10,2.68058914e-01,8.49427441e-09,96,14,1,43,normal_corr_dominates,3.15562571e+00,1.00000000e+00,2.49999981e+07,-1.86520983e+00,-4.48839709e-01,-1.41637013e+00,1.00003373e-09
10,2.68058914e-01,8.49427441e-09,96,14,2,44,normal_corr_dominates,1.81043393e+01,1.00000000e+00,2.50000077e+07,7.67710667e+00,-4.48839709e-01,8.12594638e+00,1.00005551e-09
10,2.68058914e-01,8.49427441e-09,96,15,0,45,normal_corr_dominates,1.40439572e+00,1.00000000e+00,2.49999949e+07,-5.11621909e+00,-2.12786068e+00,-2.98835842e+00,1.00003261e-09
10,2.68058914e-01,8.49427441e-09,96,15,1,46,normal_corr_dominates,2.79409653e+00,1.00000000e+00,2.50000038e+07,3.81758745e+00,-2.12786068e+00,5.94544813e+00,1.00003370e-09
10,2.68058914e-01,8.49427441e-09,96,15,2,47,normal_corr_dominates,3.91468496e+00,1.00000000e+00,2.49999895e+07,-1.04577648e+01,-2.12786068e+00,-8.32990417e+00,1.00004868e-09
10,2.68058914e-01,8.49427441e-09,96,16,2,50,normal_corr_dominates,1.02325909e+00,1.00000000e+00,2.50000001e+07,8.58084674e-02,-3.68924394e+00,3.77505241e+00,1.00003478e-09
10,2.68058914e-01,8.49427441e-09,96,17,0,51,corr_ratio_high,5.13886575e-01,5.00000000e-01,2.49999988e+07,-1.16707475e+00,-3.47690760e+00,2.30983285e+00,1.00008219e-09
10,2.68058914e-01,8.49427441e-09,96,17,1,52,normal_corr_dominates,1.24477788e+00,1.00000000e+00,2.50000009e+07,8.51070071e-01,-3.47690760e+00,4.32797767e+00,1.00005104e-09
10,2.68058914e-01,8.49427441e-09,96,17,2,53,corr_ratio_high,2.58215669e+00,5.00000000e-01,2.50000000e+07,-4.14707117e-03,-3.47690760e+00,3.47276053e+00,1.00000806e-09
10,2.68058914e-01,8.49427441e-09,96,18,2,56,normal_corr_dominates,1.00980768e+00,1.00000000e+00,2.50000001e+07,6.21990103e-02,-6.34186689e+00,6.40406590e+00,1.00004112e-09
10,2.68058914e-01,8.49427441e-09,96,19,0,57,normal_corr_dominates,1.49146706e+01,1.00000000e+00,2.49999808e+07,-1.92097479e+01,-1.20704653e+00,-1.80027014e+01,1.00003072e-09
10,2.68058914e-01,8.49427441e-09,96,19,0,57,corr_ratio_high,1.16537260e+00,5.00000000e-01,2.49999808e+07,-1.92097479e+01,-1.20704653e+00,-1.80027014e+01,1.00003072e-09
10,2.68058914e-01,8.49427441e-09,96,19,2,59,normal_corr_dominates,2.33749981e+00,1.00000000e+00,2.50000016e+07,1.61442451e+00,-1.20704653e+00,2.82147103e+00,1.00003521e-09
10,2.68058914e-01,8.49427441e-09,96,20,1,61,normal_corr_dominates,1.05127129e+00,1.00000000e+00,2.50000002e+07,1.55876477e-01,-3.04022922e+00,3.19610570e+00,1.00004697e-09
10,2.68058914e-01,8.49427441e-09,96,20,2,62,normal_corr_dominates,2.49144878e+00,1.00000000e+00,2.49999894e+07,-1.06148046e+01,-3.04022922e+00,-7.57457540e+00,1.00003700e-09
10,2.68058914e-01,8.49427441e-09,96,21,0,63,normal_corr_dominates,1.60665130e+00,1.00000000e+00,2.49999940e+07,-6.03788725e+00,-2.31633869e+00,-3.72154856e+00,1.00003488e-09
10,2.68058914e-01,8.49427441e-09,96,21,1,64,normal_corr_dominates,2.30840801e+00,1.00000000e+00,2.50000030e+07,3.03071610e+00,-2.31633869e+00,5.34705479e+00,1.00003616e-09
10,2.68058914e-01,8.49427441e-09,96,21,2,65,normal_corr_dominates,1.45412438e+00,1.00000000e+00,2.50000011e+07,1.05190587e+00,-2.31633869e+00,3.36824456e+00,1.00004103e-09
10,2.68058914e-01,8.49427441e-09,96,22,0,66,normal_corr_dominates,2.76664597e+00,1.00000000e+00,2.50000043e+07,4.29759990e+00,-2.43263221e+00,6.73023211e+00,1.00005156e-09
10,2.68058914e-01,8.49427441e-09,96,22,1,67,normal_corr_dominates,1.30115016e+00,1.00000000e+00,2.49999944e+07,-5.59785201e+00,-2.43263221e+00,-3.16521980e+00,1.00004469e-09
10,2.68058914e-01,8.49427441e-09,96,22,2,68,corr_ratio_high,1.57337948e+00,5.00000000e-01,2.49999985e+07,-1.47899620e+00,-2.43263221e+00,9.53636004e-01,1.00001877e-09
10,2.68058914e-01,8.49427441e-09,96,23,0,69,normal_corr_dominates,8.36288722e+00,1.00000000e+00,2.49999980e+07,-1.96637038e+00,-2.10017523e-01,-1.75635286e+00,1.00004692e-09
10,2.68058914e-01,8.49427441e-09,96,23,1,70,normal_corr_dominates,5.79865788e+00,1.00000000e+00,2.49999986e+07,-1.42783729e+00,-2.10017523e-01,-1.21781976e+00,1.00003775e-09
10,2.68058914e-01,8.49427441e-09,96,23,2,71,normal_corr_dominates,3.22531809e+01,1.00000000e+00,2.50000066e+07,6.56371563e+00,-2.10017523e-01,6.77373315e+00,1.00004853e-09
10,2.68058914e-01,8.49427441e-09,96,24,1,73,corr_ratio_high,5.80633923e-01,5.00000000e-01,2.49999985e+07,-1.54074663e+00,-4.06670513e+00,2.52595851e+00,1.00002726e-09
10,2.68058914e-01,8.49427441e-09,96,24,2,74,normal_corr_dominates,1.08308711e+00,1.00000000e+00,2.49999915e+07,-8.47130103e+00,-4.06670513e+00,-4.40459589e+00,1.00004096e-09
10,2.68058914e-01,8.49427441e-09,96,26,0,78,normal_corr_dominates,5.31945565e+00,1.00000000e+00,2.50000059e+07,5.89098235e+00,-1.36382517e+00,7.25480753e+00,1.00007154e-09
10,2.68058914e-01,8.49427441e-09,96,26,1,79,normal_corr_dominates,1.86285747e+00,1.00000000e+00,2.49999961e+07,-3.90443709e+00,-1.36382517e+00,-2.54061191e+00,1.00003919e-09
10,2.68058914e-01,8.49427441e-09,96,26,2,80,normal_corr_dominates,4.34376433e+00,1.00000000e+00,2.49999927e+07,-7.28796031e+00,-1.36382517e+00,-5.92413514e+00,1.00002254e-09
10,2.68058914e-01,8.49427441e-09,96,26,2,80,corr_ratio_high,1.22862657e+00,5.00000000e-01,2.49999927e+07,-7.28796031e+00,-1.36382517e+00,-5.92413514e+00,1.00002254e-09
10,2.68058914e-01,8.49427441e-09,96,27,0,81,normal_corr_dominates,4.38178924e+00,1.00000000e+00,2.49999934e+07,-6.56810187e+00,-1.22043090e+00,-5.34767097e+00,1.00003504e-09
10,2.68058914e-01,8.49427441e-09,96,27,1,82,normal_corr_dominates,2.72099637e+00,1.00000000e+00,2.50000021e+07,2.10035714e+00,-1.22043090e+00,3.32078804e+00,1.00003397e-09
10,2.68058914e-01,8.49427441e-09,96,29,0,87,normal_corr_dominates,1.03929442e+01,1.00000000e+00,2.49999821e+07,-1.78553382e+01,-1.56722774e+00,-1.62881104e+01,1.00003218e-09
10,2.68058914e-01,8.49427441e-09,96,29,0,87,corr_ratio_high,8.83853608e-01,5.00000000e-01,2.49999821e+07,-1.78553382e+01,-1.56722774e+00,-1.62881104e+01,1.00003218e-09
10,2.68058914e-01,8.49427441e-09,96,29,1,88,normal_corr_dominates,5.71193042e+00,1.00000000e+00,2.49999895e+07,-1.05191236e+01,-1.56722774e+00,-8.95189582e+00,1.00004114e-09
10,2.68058914e-01,8.49427441e-09,96,29,2,89,normal_corr_dominates,3.26949311e+00,1.00000000e+00,2.50000036e+07,3.55681256e+00,-1.56722774e+00,5.12404030e+00,1.00003669e-09
10,2.68058914e-01,8.49427441e-09,96,30,2,92,normal_corr_dominates,1.40489530e+00,1.00000000e+00,2.49999895e+07,-1.04883530e+01,-4.36125142e+00,-6.12710162e+00,1.00004362e-09
10,2.68058914e-01,8.49427441e-09,96,31,0,93,normal_corr_dominates,1.52446717e+00,1.00000000e+00,2.49999952e+07,-4.75563724e+00,-1.88381822e+00,-2.87181902e+00,1.00003603e-09
10,2.68058914e-01,8.49427441e-09,96,31,1,94,normal_corr_dominates,1.38265127e+00,1.00000000e+00,2.50000007e+07,7.20845427e-01,-1.88381822e+00,2.60466364e+00,1.00004409e-09
10,2.68058914e-01,8.49427441e-09,96,31,2,95,normal_corr_dominates,1.97768631e+00,1.00000000e+00,2.50000018e+07,1.84178327e+00,-1.88381822e+00,3.72560149e+00,1.00003315e-09
10,2.68058914e-01,8.49427441e-09,96,32,1,97,normal_corr_dominates,2.36099107e+00,1.00000000e+00,2.49999940e+07,-5.99519490e+00,-1.78375806e+00,-4.21143684e+00,1.00003134e-09
10,2.68058914e-01,8.49427441e-09,96,33,0,99,normal_corr_dominates,5.45142364e+00,1.00000000e+00,2.49999910e+07,-8.98728071e+00,-1.39306938e+00,-7.59421133e+00,1.00003609e-09
10,2.68058914e-01,8.49427441e-09,96,33,1,100,normal_corr_dominates,1.34088381e+00,1.00000000e+00,2.49999967e+07,-3.26101354e+00,-1.39306938e+00,-1.86794417e+00,1.00003686e-09
10,2.68058914e-01,8.49427441e-09,96,33,2,101,normal_corr_dominates,3.24760355e+00,1.00000000e+00,2.50000031e+07,3.13106768e+00,-1.39306938e+00,4.52413705e+00,1.00003656e-09
10,2.68058914e-01,8.49427441e-09,96,34,0,102,normal_corr_dominates,2.23851464e+00,1.00000000e+00,2.49999894e+07,-1.05549909e+01,-3.25920740e+00,-7.29578348e+00,1.00003041e-09
10,2.68058914e-01,8.49427441e-09,96,34,1,103,normal_corr_dominates,2.06360924e+00,1.00000000e+00,2.50000035e+07,3.46652310e+00,-3.25920740e+00,6.72573051e+00,1.00002850e-09
10,2.68058914e-01,8.49427441e-09,96,35,0,105,normal_corr_dominates,3.87496569e+01,1.00000000e+00,2.50000127e+07,1.27453151e+01,-3.37627310e-01,1.30829424e+01,1.00005456e-09
10,2.68058914e-01,8.49427441e-09,96,35,1,106,normal_corr_dominates,1.98785716e+01,1.00000000e+00,2.49999930e+07,-7.04917595e+00,-3.37627310e-01,-6.71154864e+00,1.00007564e-09
10,2.68058914e-01,8.49427441e-09,96,35,2,107,normal_corr_dominates,4.02535541e+01,1.00000000e+00,2.49999861e+07,-1.39283265e+01,-3.37627310e-01,-1.35906992e+01,1.00001252e-09
10,2.68058914e-01,8.49427441e-09,96,35,2,107,corr_ratio_high,4.26157547e+00,5.00000000e-01,2.49999861e+07,-1.39283265e+01,-3.37627310e-01,-1.35906992e+01,1.00001252e-09
10,2.68058914e-01,8.49427441e-09,96,36,1,109,corr_ratio_high,7.26091745e-01,5.00000000e-01,2.49999929e+07,-7.14426040e+00,-5.96319052e+00,-1.18106988e+00,1.00002333e-09
10,2.68058914e-01,8.49427441e-09,96,37,0,111,normal_corr_dominates,1.88421295e+00,1.00000000e+00,2.50000011e+07,1.08287897e+00,-1.22468118e+00,2.30756015e+00,1.00003848e-09
10,2.68058914e-01,8.49427441e-09,96,37,2,113,normal_corr_dominates,2.72344364e+00,1.00000000e+00,2.50000021e+07,2.11066900e+00,-1.22468118e+00,3.33535019e+00,1.00002733e-09
11,2.92309924e-01,9.26274254e-09,96,0,0,0,corr_ratio_high,9.36973045e-01,5.00000000e-01,2.49999926e+07,-7.36784076e+00,-5.37573224e+00,-1.99210852e+00,1.00002462e-09
11,2.92309924e-01,9.26274254e-09,96,0,2,2,normal_corr_dominates,1.13951262e+00,1.00000000e+00,2.50000007e+07,7.49982496e-01,-5.37573224e+00,6.12571473e+00,1.00004136e-09
11,2.92309924e-01,9.26274254e-09,96,1,0,3,normal_corr_dominates,8.29204970e+00,1.00000000e+00,2.50000063e+07,6.28307360e+00,-8.61633403e-01,7.14470700e+00,1.00005219e-09
11,2.92309924e-01,9.26274254e-09,96,1,1,4,normal_corr_dominates,8.89949572e+00,1.00000000e+00,2.49999915e+07,-8.52973618e+00,-8.61633403e-01,-7.66810278e+00,1.00003321e-09
11,2.92309924e-01,9.26274254e-09,96,1,1,4,corr_ratio_high,8.72912851e-01,5.00000000e-01,2.49999915e+07,-8.52973618e+00,-8.61633403e-01,-7.66810278e+00,1.00003321e-09
11,2.92309924e-01,9.26274254e-09,96,1,2,5,normal_corr_dominates,6.60632668e+00,1.00000000e+00,2.49999934e+07,-6.55386514e+00,-8.61633403e-01,-5.69223174e+00,1.00004827e-09
11,2.92309924e-01,9.26274254e-09,96,2,0,6,normal_corr_dominates,1.16387273e+00,1.00000000e+00,2.50000004e+07,4.23524501e-01,-2.58447209e+00,3.00799659e+00,1.00003687e-09
11,2.92309924e-01,9.26274254e-09,96,2,0,6,corr_ratio_high,5.84758862e-01,5.00000000e-01,2.50000004e+07,4.23524501e-01,-2.58447209e+00,3.00799659e+00,1.00003687e-09
11,2.92309924e-01,9.26274254e-09,96,2,1,7,normal_corr_dominates,3.61805710e+00,1.00000000e+00,2.49999881e+07,-1.19352397e+01,-2.58447209e+00,-9.35076759e+00,1.00004369e-09
11,2.92309924e-01,9.26274254e-09,96,2,2,8,normal_corr_dominates,3.75849655e+00,1.00000000e+00,2.50000071e+07,7.12925733e+00,-2.58447209e+00,9.71372942e+00,1.00006684e-09
11,2.92309924e-01,9.26274254e-09,96,3,0,9,normal_corr_dominates,1.75593337e+01,1.00000000e+00,2.49999861e+07,-1.39477930e+01,-7.51524448e-01,-1.31962685e+01,1.00010114e-09
11,2.92309924e-01,9.26274254e-09,96,3,0,9,corr_ratio_high,5.86302618e-01,5.00000000e-01,2.49999861e+07,-1.39477930e+01,-7.51524448e-01,-1.31962685e+01,1.00010114e-09
11,2.92309924e-01,9.26274254e-09,96,3,1,10,normal_corr_dominates,8.67187956e+00,1.00000000e+00,2.49999927e+07,-7.26865395e+00,-7.51524448e-01,-6.51712950e+00,1.00002686e-09
11,2.92309924e-01,9.26274254e-09,96,3,1,10,corr_ratio_high,8.55426997e-01,5.00000000e-01,2.49999927e+07,-7.26865395e+00,-7.51524448e-01,-6.51712950e+00,1.00002686e-09
11,2.92309924e-01,9.26274254e-09,96,3,2,11,normal_corr_dominates,1.10245952e+01,1.00000000e+00,2.50000075e+07,7.53372834e+00,-7.51524448e-01,8.28525279e+00,1.00001117e-09
11,2.92309924e-01,9.26274254e-09,96,3,2,11,corr_ratio_high,1.79466212e+00,5.00000000e-01,2.50000075e+07,7.53372834e+00,-7.51524448e-01,8.28525279e+00,1.00001117e-09
11,2.92309924e-01,9.26274254e-09,96,4,0,12,normal_corr_dominates,1.59316654e+00,1.00000000e+00,2.49999984e+07,-1.55916822e+00,-6.01260349e-01,-9.57907867e-01,1.00004667e-09
11,2.92309924e-01,9.26274254e-09,96,4,1,13,normal_corr_dominates,2.83074396e+00,1.00000000e+00,2.50000011e+07,1.10075375e+00,-6.01260349e-01,1.70201410e+00,1.00003976e-09
11,2.92309924e-01,9.26274254e-09,96,4,2,14,normal_corr_dominates,6.85094978e+00,1.00000000e+00,2.50000035e+07,3.51794410e+00,-6.01260349e-01,4.11920445e+00,1.00003231e-09
11,2.92309924e-01,9.26274254e-09,96,5,0,15,normal_corr_dominates,2.14230197e+00,1.00000000e+00,2.50000052e+07,5.22802518e+00,-4.57674531e+00,9.80477048e+00,1.00002907e-09
11,2.92309924e-01,9.26274254e-09,96,5,1,16,normal_corr_dominates,1.42478513e+00,1.00000000e+00,2.49999889e+07,-1.10976240e+01,-4.57674531e+00,-6.52087866e+00,1.00004715e-09
11,2.92309924e-01,9.26274254e-09,96,5,2,17,normal_corr_dominates,1.71009007e+00,1.00000000e+00,2.49999876e+07,-1.24033920e+01,-4.57674531e+00,-7.82664671e+00,1.00005004e-09
11,2.92309924e-01,9.26274254e-09,96,6,1,19,normal_corr_dominates,2.05707224e+00,1.00000000e+00,2.50000032e+07,3.19686716e+00,-3.02426554e+00,6.22113269e+00,1.00002996e-09
11,2.92309924e-01,9.26274254e-09,96,6,2,20,normal_corr_dominates,3.88603463e+00,1.00000000e+00,2.49999852e+07,-1.47766662e+01,-3.02426554e+00,-1.17524006e+01,1.00006101e-09
11,2.92309924e-01,9.26274254e-09,96,7,0,21,normal_corr_dominates,6.87307779e+01,1.00000000e+00,2.49999941e+07,-5.88280031e+00,-8.43644728e-02,-5.79843584e+00,1.00003862e-09
11,2.92309924e-01,9.26274254e-09,96,7,1,22,normal_corr_dominates,4.31452832e+01,1.00000000e+00,2.49999963e+07,-3.72429354e+00,-8.43644728e-02,-3.63992907e+00,1.00005187e-09
11,2.92309924e-01,9.26274254e-09,96,7,2,23,normal_corr_dominates,1.11265417e+02,1.00000000e+00,2.50000093e+07,9.30248378e+00,-8.43644728e-02,9.38684826e+00,1.00004903e-09
11,2.92309924e-01,9.26274254e-09,96,8,0,24,normal_corr_dominates,4.45827757e+00,1.00000000e+00,2.49999934e+07,-6.60672970e+00,-1.21040559e+00,-5.39632411e+00,1.00003681e-09
11,2.92309924e-01,9.26274254e-09,96,8,1,25,normal_corr_dominates,4.66962223e+00,1.00000000e+00,2.50000044e+07,4.44173128e+00,-1.21040559e+00,5.65213688e+00,1.00002791e-09
11,2.92309924e-01,9.26274254e-09,96,8,1,25,corr_ratio_high,5.24711514e-01,5.00000000e-01,2.50000044e+07,4.44173128e+00,-1.21040559e+00,5.65213688e+00,1.00002791e-09
11,2.92309924e-01,9.26274254e-09,96,8,2,26,normal_corr_dominates,2.98726159e+00,1.00000000e+00,2.50000024e+07,2.40539254e+00,-1.21040559e+00,3.61579814e+00,1.00004189e-09
11,2.92309924e-01,9.26274254e-09,96,9,0,27,normal_corr_dominates,1.31597067e+00,1.00000000e+00,2.50000010e+07,9.71851079e-01,-3.07576356e+00,4.04761464e+00,1.00005425e-09
11,2.92309924e-01,9.26274254e-09,96,9,1,28,normal_corr_dominates,2.15399755e+00,1.00000000e+00,2.49999903e+07,-9.70095073e+00,-3.07576356e+00,-6.62518717e+00,1.00004202e-09
11,2.92309924e-01,9.26274254e-09,96,9,2,29,normal_corr_dominates,2.46895342e+00,1.00000000e+00,2.49999893e+07,-1.06696805e+01,-3.07576356e+00,-7.59391696e+00,1.00004278e-09
11,2.92309924e-01,9.26274254e-09,96,10,0,30,normal_corr_dominates,5.25756044e+00,1.00000000e+00,2.50000041e+07,4.14036682e+00,-9.72473997e-01,5.11284082e+00,1.00004228e-09
11,2.92309924e-01,9.26274254e-09,96,10,1,31,normal_corr_dominates,1.06323664e+01,1.00000000e+00,2.50000094e+07,9.36722583e+00,-9.72473997e-01,1.03396998e+01,1.00007205e-09
11,2.92309924e-01,9.26274254e-09,96,10,2,32,normal_corr_dominates,9.44887161e+00,1.00000000e+00,2.49999898e+07,-1.01612559e+01,-9.72473997e-01,-9.18878194e+00,1.00004197e-09
11,2.92309924e-01,9.26274254e-09,96,11,0,33,normal_corr_dominates,2.86086772e+00,1.00000000e+00,2.49999983e+07,-1.66669848e+00,-4.31690128e-01,-1.23500835e+00,1.00006013e-09
11,2.92309924e-01,9.26274254e-09,96,11,1,34,normal_corr_dominates,6.53367133e+00,1.00000000e+00,2.50000024e+07,2.38883128e+00,-4.31690128e-01,2.82052141e+00,1.00005344e-09
11,2.92309924e-01,9.26274254e-09,96,11,2,35,normal_corr_dominates,1.19082588e+01,1.00000000e+00,2.49999944e+07,-5.57236790e+00,-4.31690128e-01,-5.14067777e+00,1.00002949e-09
11,2.92309924e-01,9.26274254e-09,96,11,2,35,corr_ratio_high,1.01987563e+00,5.00000000e-01,2.49999944e+07,-5.57236790e+00,-4.31690128e-01,-5.14067777e+00,1.00002949e-09
11,2.92309924e-01,9.26274254e-09,96,12,1,37,normal_corr_dominates,1.16605765e+00,1.00000000e+00,2.50000008e+07,8.43658355e-01,-5.08051482e+00,5.92417317e+00,1.00003608e-09
11,2.92309924e-01,9.26274254e-09,96,13,0,39,normal_corr_dominates,1.77836042e+00,1.00000000e+00,2.50000021e+07,2.05181490e+00,-2.63607303e+00,4.68788793e+00,1.00002922e-09
11,2.92309924e-01,9.26274254e-09,96,14,0,42,normal_corr_dominates,3.11072480e+00,1.00000000e+00,2.49999980e+07,-2.00572454e+00,-4.87924791e-01,-1.51779975e+00,1.00004327e-09
11,2.92309924e-01,9.26274254e-09,96,14,1,43,normal_corr_dominates,3.15353212e+00,1.00000000e+00,2.49999980e+07,-2.02661129e+00,-4.87924791e-01,-1.53868650e+00,1.00003664e-09
11,2.92309924e-01,9.26274254e-09,96,14,2,44,normal_corr_dominates,1.80932033e+01,1.00000000e+00,2.50000083e+07,8.34019763e+00,-4.87924791e-01,8.82812242e+00,1.00006031e-09
11,2.92309924e-01,9.26274254e-09,96,15,0,45,normal_corr_dominates,1.40360138e+00,1.00000000e+00,2.49999944e+07,-5.55771596e+00,-2.31224528e+00,-3.24547068e+00,1.00003543e-09
11,2.92309924e-01,9.26274254e-09,96,15,1,46,normal_corr_dominates,2.79319067e+00,1.00000000e+00,2.50000041e+07,4.14629668e+00,-2.31224528e+00,6.45854197e+00,1.00003662e-09
11,2.92309924e-01,9.26274254e-09,96,15,2,47,normal_corr_dominates,3.91396979e+00,1.00000000e+00,2.49999886e+07,-1.13623035e+01,-2.31224528e+00,-9.05005819e+00,1.00005288e-09
11,2.92309924e-01,9.26274254e-09,96,16,2,50,normal_corr_dominates,1.02280865e+00,1.00000000e+00,2.50000001e+07,9.14284618e-02,-4.00849956e+00,4.09992802e+00,1.00003778e-09
11,2.92309924e-01,9.26274254e-09,96,17,0,51,corr_ratio_high,5.13868910e-01,5.00000000e-01,2.49999987e+07,-1.26881632e+00,-3.77865575e+00,2.50983943e+00,1.00008928e-09
11,2.92309924e-01,9.26274254e-09,96,17,1,52,normal_corr_dominates,1.24365037e+00,1.00000000e+00,2.50000009e+07,9.20670856e-01,-3.77865575e+00,4.69932661e+00,1.00005545e-09
11,2.92309924e-01,9.26274254e-09,96,17,2,53,corr_ratio_high,2.58170443e+00,5.00000000e-01,2.50000000e+07,-4.63872927e-03,-3.77865575e+00,3.77401702e+00,1.00000876e-09
11,2.92309924e-01,9.26274254e-09,96,18,2,56,normal_corr_dominates,1.00958478e+00,1.00000000e+00,2.50000001e+07,6.60428676e-02,-6.89038712e+00,6.95642999e+00,1.00004467e-09
11,2.92309924e-01,9.26274254e-09,96,19,0,57,normal_corr_dominates,1.49119384e+01,1.00000000e+00,2.49999791e+07,-2.08687770e+01,-1.31151696e+00,-1.95572601e+01,1.00003337e-09
11,2.92309924e-01,9.26274254e-09,96,19,0,57,corr_ratio_high,1.16517609e+00,5.00000000e-01,2.49999791e+07,-2.08687770e+01,-1.31151696e+00,-1.95572601e+01,1.00003337e-09
11,2.92309924e-01,9.26274254e-09,96,19,2,59,normal_corr_dominates,2.33757334e+00,1.00000000e+00,2.50000018e+07,1.75425012e+00,-1.31151696e+00,3.06576708e+00,1.00003825e-09
11,2.92309924e-01,9.26274254e-09,96,20,1,61,normal_corr_dominates,1.05087095e+00,1.00000000e+00,2.50000002e+07,1.68067554e-01,-3.30380217e+00,3.47186972e+00,1.00005103e-09
11,2.92309924e-01,9.26274254e-09,96,20,2,62,normal_corr_dominates,2.49060983e+00,1.00000000e+00,2.49999885e+07,-1.15322843e+01,-3.30380217e+00,-8.22848215e+00,1.00004020e-09
11,2.92309924e-01,9.26274254e-09,96,21,0,63,normal_corr_dominates,1.60590953e+00,1.00000000e+00,2.49999934e+07,-6.55928721e+00,-2.51708171e+00,-4.04220550e+00,1.00003789e-09
11,2.92309924e-01,9.26274254e-09,96,21,1,64,normal_corr_dominates,2.30754649e+00,1.00000000e+00,2.50000033e+07,3.29120135e+00,-2.51708171e+00,5.80828306e+00,1.00003928e-09
11,2.92309924e-01,9.26274254e-09,96,21,2,65,normal_corr_dominates,1.45339547e+00,1.00000000e+00,2.50000011e+07,1.14123345e+00,-2.51708171e+00,3.65831516e+00,1.00004457e-09
11,2.92309924e-01,9.26274254e-09,96,22,0,66,normal_corr_dominates,2.76444977e+00,1.00000000e+00,2.50000047e+07,4.66524690e+00,-2.64402363e+00,7.30927053e+00,1.00005602e-09
11,2.92309924e-01,9.26274254e-09,96,22,1,67,normal_corr_dominates,1.30045290e+00,1.00000000e+00,2.49999939e+07,-6.08245183e+00,-2.64402363e+00,-3.43842820e+00,1.00004855e-09
11,2.92309924e-01,9.26274254e-09,96,22,2,68,corr_ratio_high,1.57331326e+00,5.00000000e-01,2.49999984e+07,-1.60653774e+00,-2.64402363e+00,1.03748589e+00,1.00002039e-09
11,2.92309924e-01,9.26274254e-09,96,23,0,69,normal_corr_dominates,8.35368832e+00,1.00000000e+00,2.49999979e+07,-2.13583941e+00,-2.28341947e-01,-1.90749746e+00,1.00005097e-09
11,2.92309924e-01,9.26274254e-09,96,23,1,70,normal_corr_dominates,5.79284569e+00,1.00000000e+00,2.49999984e+07,-1.55109161e+00,-2.28341947e-01,-1.32274967e+00,1.00004101e-09
11,2.92309924e-01,9.26274254e-09,96,23,2,71,normal_corr_dominates,3.22282501e+01,1.00000000e+00,2.50000071e+07,7.13071944e+00,-2.28341947e-01,7.35906139e+00,1.00005272e-09
11,2.92309924e-01,9.26274254e-09,96,24,1,73,corr_ratio_high,5.80667476e-01,5.00000000e-01,2.49999983e+07,-1.67434145e+00,-4.41886132e+00,2.74451986e+00,1.00002962e-09
11,2.92309924e-01,9.26274254e-09,96,24,2,74,normal_corr_dominates,1.08295778e+00,1.00000000e+00,2.49999908e+07,-9.20430156e+00,-4.41886132e+00,-4.78544024e+00,1.00004450e-09
11,2.92309924e-01,9.26274254e-09,96,26,0,78,normal_corr_dominates,5.31774469e+00,1.00000000e+00,2.50000064e+07,6.39844962e+00,-1.48189624e+00,7.88034586e+00,1.00007772e-09
11,2.92309924e-01,9.26274254e-09,96,26,1,79,normal_corr_dominates,1.86219314e+00,1.00000000e+00,2.49999958e+07,-4.24147325e+00,-1.48189624e+00,-2.75957701e+00,1.00004257e-09
11,2.92309924e-01,9.26274254e-09,96,26,2,80,normal_corr_dominates,4.34224993e+00,1.00000000e+00,2.49999921e+07,-7.91666008e+00,-1.48189624e+00,-6.43476384e+00,1.00002449e-09
11,2.92309924e-01,9.26274254e-09,96,26,2,80,corr_ratio_high,1.22836064e+00,5.00000000e-01,2.49999921e+07,-7.91666008e+00,-1.48189624e+00,-6.43476384e+00,1.00002449e-09
11,2.92309924e-01,9.26274254e-09,96,27,0,81,normal_corr_dominates,4.37996279e+00,1.00000000e+00,2.49999929e+07,-7.13462494e+00,-1.32614764e+00,-5.80847730e+00,1.00003807e-09
11,2.92309924e-01,9.26274254e-09,96,27,1,82,normal_corr_dominates,2.72157873e+00,1.00000000e+00,2.50000023e+07,2.28306756e+00,-1.32614764e+00,3.60921519e+00,1.00003690e-09
11,2.92309924e-01,9.26274254e-09,96,29,0,87,normal_corr_dominates,1.03890419e+01,1.00000000e+00,2.49999806e+07,-1.93967821e+01,-1.70310921e+00,-1.76936729e+01,1.00003496e-09
11,2.92309924e-01,9.26274254e-09,96,29,0,87,corr_ratio_high,8.83886477e-01,5.00000000e-01,2.49999806e+07,-1.93967821e+01,-1.70310921e+00,-1.76936729e+01,1.00003496e-09
11,2.92309924e-01,9.26274254e-09,96,29,1,88,normal_corr_dominates,5.70976342e+00,1.00000000e+00,2.49999886e+07,-1.14274599e+01,-1.70310921e+00,-9.72435067e+00,1.00004469e-09
11,2.92309924e-01,9.26274254e-09,96,29,2,89,normal_corr_dominates,3.26843221e+00,1.00000000e+00,2.50000039e+07,3.86338780e+00,-1.70310921e+00,5.56649701e+00,1.00003986e-09
11,2.92309924e-01,9.26274254e-09,96,30,2,92,normal_corr_dominates,1.40461105e+00,1.00000000e+00,2.49999886e+07,-1.13947685e+01,-4.73871584e+00,-6.65605265e+00,1.00004738e-09
11,2.92309924e-01,9.26274254e-09,96,31,0,93,normal_corr_dominates,1.52379738e+00,1.00000000e+00,2.49999948e+07,-5.16651371e+00,-2.04711906e+00,-3.11939465e+00,1.00003914e-09
11,2.92309924e-01,9.26274254e-09,96,31,1,94,normal_corr_dominates,1.38175953e+00,1.00000000e+00,2.50000008e+07,7.81507217e-01,-2.04711906e+00,2.82862627e+00,1.00004790e-09
11,2.92309924e-01,9.26274254e-09,96,31,2,95,normal_corr_dominates,1.97723026e+00,1.00000000e+00,2.50000020e+07,2.00050669e+00,-2.04711906e+00,4.04762574e+00,1.00003602e-09
11,2.92309924e-01,9.26274254e-09,96,32,1,97,normal_corr_dominates,2.36023064e+00,1.00000000e+00,2.49999935e+07,-6.51242919e+00,-1.93808994e+00,-4.57433926e+00,1.00003405e-09
11,2.92309924e-01,9.26274254e-09,96,33,0,99,normal_corr_dominates,5.44913484e+00,1.00000000e+00,2.49999902e+07,-9.76332194e+00,-1.51389639e+00,-8.24942555e+00,1.00003921e-09
11,2.92309924e-01,9.26274254e-09,96,33,1,100,normal_corr_dominates,1.34012842e+00,1.00000000e+00,2.49999965e+07,-3.54271197e+00,-1.51389639e+00,-2.02881558e+00,1.00004004e-09
11,2.92309924e-01,9.26274254e-09,96,33,2,101,normal_corr_dominates,3.24654330e+00,1.00000000e+00,2.50000034e+07,3.40103378e+00,-1.51389639e+00,4.91493017e+00,1.00003972e-09
11,2.92309924e-01,9.26274254e-09,96,34,0,102,normal_corr_dominates,2.23782109e+00,1.00000000e+00,2.49999885e+07,-1.14672993e+01,-3.54167171e+00,-7.92562764e+00,1.00003303e-09
11,2.92309924e-01,9.26274254e-09,96,34,1,103,normal_corr_dominates,2.06293685e+00,1.00000000e+00,2.50000038e+07,3.76457335e+00,-3.54167171e+00,7.30624506e+00,1.00003097e-09
11,2.92309924e-01,9.26274254e-09,96,35,0,105,normal_corr_dominates,3.86905764e+01,1.00000000e+00,2.50000138e+07,1.38448201e+01,-3.67328426e-01,1.42121485e+01,1.00005926e-09
11,2.92309924e-01,9.26274254e-09,96,35,1,106,normal_corr_dominates,1.98517960e+01,1.00000000e+00,2.49999923e+07,-7.65945739e+00,-3.67328426e-01,-7.29212897e+00,1.00008217e-09
11,2.92309924e-01,9.26274254e-09,96,35,2,107,normal_corr_dominates,4.01881753e+01,1.00000000e+00,2.49999849e+07,-1.51295876e+01,-3.67328426e-01,-1.47622592e+01,1.00001360e-09
11,2.92309924e-01,9.26274254e-09,96,35,2,107,corr_ratio_high,4.26034230e+00,5.00000000e-01,2.49999849e+07,-1.51295876e+01,-3.67328426e-01,-1.47622592e+01,1.00001360e-09
11,2.92309924e-01,9.26274254e-09,96,36,1,109,corr_ratio_high,7.26051500e-01,5.00000000e-01,2.49999922e+07,-7.76267599e+00,-6.47896445e+00,-1.28371154e+00,1.00002534e-09
11,2.92309924e-01,9.26274254e-09,96,37,0,111,normal_corr_dominates,1.88490328e+00,1.00000000e+00,2.50000012e+07,1.17770981e+00,-1.33089101e+00,2.50860082e+00,1.00004179e-09
11,2.92309924e-01,9.26274254e-09,96,37,2,113,normal_corr_dominates,2.72301446e+00,1.00000000e+00,2.50000023e+07,2.29314446e+00,-1.33089101e+00,3.62403547e+00,1.00002970e-09
12,3.17118632e-01,1.00488830e-08,96,0,0,0,corr_ratio_high,9.36872035e-01,5.00000000e-01,2.49999920e+07,-7.96495397e+00,-5.81134612e+00,-2.15360785e+00,1.00002661e-09
12,3.17118632e-01,1.00488830e-08,96,0,2,2,normal_corr_dominates,1.13923762e+00,1.00000000e+00,2.50000008e+07,8.09158027e-01,-5.81134612e+00,6.62050415e+00,1.00004471e-09
12,3.17118632e-01,1.00488830e-08,96,1,0,3,normal_corr_dominates,8.29391197e+00,1.00000000e+00,2.50000068e+07,6.79141338e+00,-9.31107123e-01,7.72252051e+00,1.00005641e-09
12,3.17118632e-01,1.00488830e-08,96,1,1,4,normal_corr_dominates,8.90427662e+00,1.00000000e+00,2.49999908e+07,-9.22194251e+00,-9.31107123e-01,-8.29083539e+00,1.00003590e-09
12,3.17118632e-01,1.00488830e-08,96,1,1,4,corr_ratio_high,8.73043561e-01,5.00000000e-01,2.49999908e+07,-9.22194251e+00,-9.31107123e-01,-8.29083539e+00,1.00003590e-09
12,3.17118632e-01,1.00488830e-08,96,1,2,5,normal_corr_dominates,6.60699662e+00,1.00000000e+00,2.49999929e+07,-7.08292874e+00,-9.31107123e-01,-6.15182161e+00,1.00005218e-09
12,3.17118632e-01,1.00488830e-08,96,2,0,6,normal_corr_dominates,1.16319789e+00,1.00000000e+00,2.50000005e+07,4.55914981e-01,-2.79363276e+00,3.24954774e+00,1.00003985e-09
12,3.17118632e-01,1.00488830e-08,96,2,0,6,corr_ratio_high,5.84858203e-01,5.00000000e-01,2.50000005e+07,4.55914981e-01,-2.79363276e+00,3.24954774e+00,1.00003985e-09
12,3.17118632e-01,1.00488830e-08,96,2,1,7,normal_corr_dominates,3.61744474e+00,1.00000000e+00,2.49999871e+07,-1.28994449e+01,-2.79363276e+00,-1.01058121e+01,1.00004723e-09
12,3.17118632e-01,1.00488830e-08,96,2,2,8,normal_corr_dominates,3.75836634e+00,1.00000000e+00,2.50000077e+07,7.70586257e+00,-2.79363276e+00,1.04994953e+01,1.00007224e-09
12,3.17118632e-01,1.00488830e-08,96,3,0,9,normal_corr_dominates,1.75479840e+01,1.00000000e+00,2.49999849e+07,-1.50770098e+01,-8.12865151e-01,-1.42641447e+01,1.00010931e-09
12,3.17118632e-01,1.00488830e-08,96,3,0,9,corr_ratio_high,5.86302522e-01,5.00000000e-01,2.49999849e+07,-1.50770098e+01,-8.12865151e-01,-1.42641447e+01,1.00010931e-09
12,3.17118632e-01,1.00488830e-08,96,3,1,10,normal_corr_dominates,8.66355106e+00,1.00000000e+00,2.49999921e+07,-7.85516390e+00,-8.12865151e-01,-7.04229875e+00,1.00002903e-09
12,3.17118632e-01,1.00488830e-08,96,3,1,10,corr_ratio_high,8.55471201e-01,5.00000000e-01,2.49999921e+07,-7.85516390e+00,-8.12865151e-01,-7.04229875e+00,1.00002903e-09
12,3.17118632e-01,1.00488830e-08,96,3,2,11,normal_corr_dominates,1.10164838e+01,1.00000000e+00,2.50000081e+07,8.14205058e+00,-8.12865151e-01,8.95491573e+00,1.00001208e-09
12,3.17118632e-01,1.00488830e-08,96,3,2,11,corr_ratio_high,1.79411046e+00,5.00000000e-01,2.50000081e+07,8.14205058e+00,-8.12865151e-01,8.95491573e+00,1.00001208e-09
12,3.17118632e-01,1.00488830e-08,96,4,0,12,normal_corr_dominates,1.59128775e+00,1.00000000e+00,2.49999983e+07,-1.68498118e+00,-6.50248583e-01,-1.03473260e+00,1.00005044e-09
12,3.17118632e-01,1.00488830e-08,96,4,1,13,normal_corr_dominates,2.82848590e+00,1.00000000e+00,2.50000012e+07,1.18897037e+00,-6.50248583e-01,1.83921895e+00,1.00004297e-09
12,3.17118632e-01,1.00488830e-08,96,4,2,14,normal_corr_dominates,6.84816524e+00,1.00000000e+00,2.50000038e+07,3.80276116e+00,-6.50248583e-01,4.45300974e+00,1.00003493e-09
12,3.17118632e-01,1.00488830e-08,96,5,0,15,normal_corr_dominates,2.14175355e+00,1.00000000e+00,2.50000056e+07,5.64911063e+00,-4.94774955e+00,1.05968602e+01,1.00003142e-09
12,3.17118632e-01,1.00488830e-08,96,5,1,16,normal_corr_dominates,1.42437503e+00,1.00000000e+00,2.49999880e+07,-1.19952005e+01,-4.94774955e+00,-7.04745090e+00,1.00005096e-09
12,3.17118632e-01,1.00488830e-08,96,5,2,17,normal_corr_dominates,1.70996312e+00,1.00000000e+00,2.49999866e+07,-1.34082188e+01,-4.94774955e+00,-8.46046925e+00,1.00005408e-09
12,3.17118632e-01,1.00488830e-08,96,6,1,19,normal_corr_dominates,2.05630970e+00,1.00000000e+00,2.50000035e+07,3.45354551e+00,-3.26944411e+00,6.72298962e+00,1.00003238e-09
12,3.17118632e-01,1.00488830e-08,96,6,2,20,normal_corr_dominates,3.88555178e+00,1.00000000e+00,2.49999840e+07,-1.59730385e+01,-3.26944411e+00,-1.27035944e+01,1.00006594e-09
12,3.17118632e-01,1.00488830e-08,96,7,0,21,normal_corr_dominates,6.87970883e+01,1.00000000e+00,2.49999936e+07,-6.36104533e+00,-9.11362564e-02,-6.26990908e+00,1.00004173e-09
12,3.17118632e-01,1.00488830e-08,96,7,1,22,normal_corr_dominates,4.31483630e+01,1.00000000e+00,2.49999960e+07,-4.02351653e+00,-9.11362564e-02,-3.93238027e+00,1.00005607e-09
12,3.17118632e-01,1.00488830e-08,96,7,2,23,normal_corr_dominates,1.11326522e+02,1.00000000e+00,2.50000101e+07,1.00547462e+01,-9.11362564e-02,1.01458825e+01,1.00005300e-09
12,3.17118632e-01,1.00488830e-08,96,8,0,24,normal_corr_dominates,4.45493472e+00,1.00000000e+00,2.49999929e+07,-7.14030019e+00,-1.30896162e+00,-5.83133857e+00,1.00003978e-09
12,3.17118632e-01,1.00488830e-08,96,8,1,25,normal_corr_dominates,4.66659822e+00,1.00000000e+00,2.50000048e+07,4.79943634e+00,-1.30896162e+00,6.10839796e+00,1.00003017e-09
12,3.17118632e-01,1.00488830e-08,96,8,1,25,corr_ratio_high,5.24611971e-01,5.00000000e-01,2.50000048e+07,4.79943634e+00,-1.30896162e+00,6.10839796e+00,1.00003017e-09
12,3.17118632e-01,1.00488830e-08,96,8,2,26,normal_corr_dominates,2.98488536e+00,1.00000000e+00,2.50000026e+07,2.59813876e+00,-1.30896162e+00,3.90710038e+00,1.00004528e-09
12,3.17118632e-01,1.00488830e-08,96,9,0,27,normal_corr_dominates,1.31549327e+00,1.00000000e+00,2.50000010e+07,1.04917798e+00,-3.32551613e+00,4.37469411e+00,1.00005863e-09
12,3.17118632e-01,1.00488830e-08,96,9,1,28,normal_corr_dominates,2.15322217e+00,1.00000000e+00,2.49999895e+07,-1.04860912e+01,-3.32551613e+00,-7.16057507e+00,1.00004542e-09
12,3.17118632e-01,1.00488830e-08,96,9,2,29,normal_corr_dominates,2.46828534e+00,1.00000000e+00,2.49999885e+07,-1.15338389e+01,-3.32551613e+00,-8.20832273e+00,1.00004624e-09
12,3.17118632e-01,1.00488830e-08,96,10,0,30,normal_corr_dominates,5.25630226e+00,1.00000000e+00,2.50000045e+07,4.47458144e+00,-1.05128376e+00,5.52586521e+00,1.00004569e-09
12,3.17118632e-01,1.00488830e-08,96,10,1,31,normal_corr_dominates,1.06301119e+01,1.00000000e+00,2.50000101e+07,1.01239803e+01,-1.05128376e+00,1.11752640e+01,1.00007788e-09
12,3.17118632e-01,1.00488830e-08,96,10,2,32,normal_corr_dominates,9.44668755e+00,1.00000000e+00,2.49999890e+07,-1.09824330e+01,-1.05128376e+00,-9.93114922e+00,1.00004536e-09
12,3.17118632e-01,1.00488830e-08,96,11,0,33,normal_corr_dominates,2.86547593e+00,1.00000000e+00,2.49999982e+07,-1.80175425e+00,-4.66114465e-01,-1.33563978e+00,1.00006499e-09
12,3.17118632e-01,1.00488830e-08,96,11,1,34,normal_corr_dominates,6.54004071e+00,1.00000000e+00,2.50000026e+07,2.58229311e+00,-4.66114465e-01,3.04840758e+00,1.00005776e-09
12,3.17118632e-01,1.00488830e-08,96,11,2,35,normal_corr_dominates,1.19237671e+01,1.00000000e+00,2.49999940e+07,-6.02395480e+00,-4.66114465e-01,-5.55784033e+00,1.00003188e-09
12,3.17118632e-01,1.00488830e-08,96,11,2,35,corr_ratio_high,1.01981896e+00,5.00000000e-01,2.49999940e+07,-6.02395480e+00,-4.66114465e-01,-5.55784033e+00,1.00003188e-09
12,3.17118632e-01,1.00488830e-08,96,12,1,37,normal_corr_dominates,1.16572444e+00,1.00000000e+00,2.50000009e+07,9.10218223e-01,-5.49235971e+00,6.40257793e+00,1.00003899e-09
12,3.17118632e-01,1.00488830e-08,96,13,0,39,normal_corr_dominates,1.77774621e+00,1.00000000e+00,2.50000022e+07,2.21666187e+00,-2.85010951e+00,5.06677138e+00,1.00003158e-09
12,3.17118632e-01,1.00488830e-08,96,14,0,42,normal_corr_dominates,3.10843169e+00,1.00000000e+00,2.49999978e+07,-2.16817536e+00,-5.27737960e-01,-1.64043740e+00,1.00004677e-09
12,3.17118632e-01,1.00488830e-08,96,14,1,43,normal_corr_dominates,3.15143724e+00,1.00000000e+00,2.49999978e+07,-2.19087102e+00,-5.27737960e-01,-1.66313306e+00,1.00003960e-09
12,3.17118632e-01,1.00488830e-08,96,14,2,44,normal_corr_dominates,1.80819186e+01,1.00000000e+00,2.50000090e+07,9.01477688e+00,-5.27737960e-01,9.54251484e+00,1.00006518e-09
12,3.17118632e-01,1.00488830e-08,96,15,0,45,normal_corr_dominates,1.40281398e+00,1.00000000e+00,2.49999940e+07,-6.00683483e+00,-2.49991672e+00,-3.50691811e+00,1.00003829e-09
12,3.17118632e-01,1.00488830e-08,96,15,1,46,normal_corr_dominates,2.79227894e+00,1.00000000e+00,2.50000045e+07,4.48054809e+00,-2.49991672e+00,6.98046481e+00,1.00003958e-09
12,3.17118632e-01,1.00488830e-08,96,15,2,47,normal_corr_dominates,3.91323705e+00,1.00000000e+00,2.49999877e+07,-1.22826835e+01,-2.49991672e+00,-9.78276674e+00,1.00005716e-09
12,3.17118632e-01,1.00488830e-08,96,16,2,50,normal_corr_dominates,1.02235579e+00,1.00000000e+00,2.50000001e+07,9.68762272e-02,-4.33338387e+00,4.43026009e+00,1.00004084e-09
12,3.17118632e-01,1.00488830e-08,96,17,0,51,corr_ratio_high,5.13850316e-01,5.00000000e-01,2.49999986e+07,-1.37236686e+00,-4.08580087e+00,2.71343401e+00,1.00009648e-09
12,3.17118632e-01,1.00488830e-08,96,17,1,52,normal_corr_dominates,1.24255922e+00,1.00000000e+00,2.50000010e+07,9.91048690e-01,-4.08580087e+00,5.07684956e+00,1.00005994e-09
12,3.17118632e-01,1.00488830e-08,96,17,2,53,corr_ratio_high,2.58124705e+00,5.00000000e-01,2.50000000e+07,-5.24168570e-03,-4.08580087e+00,4.08055918e+00,1.00000947e-09
12,3.17118632e-01,1.00488830e-08,96,18,2,56,normal_corr_dominates,1.00936162e+00,1.00000000e+00,2.50000001e+07,6.97303715e-02,-7.44853290e+00,7.51826327e+00,1.00004828e-09
12,3.17118632e-01,1.00488830e-08,96,19,0,57,normal_corr_dominates,1.49091224e+01,1.00000000e+00,2.49999774e+07,-2.25566221e+01,-1.41784201e+00,-2.11387801e+01,1.00003607e-09
12,3.17118632e-01,1.00488830e-08,96,19,0,57,corr_ratio_high,1.16498022e+00,5.00000000e-01,2.49999774e+07,-2.25566221e+01,-1.41784201e+00,-2.11387801e+01,1.00003607e-09
12,3.17118632e-01,1.00488830e-08,96,19,2,59,normal_corr_dominates,2.33762878e+00,1.00000000e+00,2.50000019e+07,1.89654627e+00,-1.41784201e+00,3.31438828e+00,1.00004135e-09
12,3.17118632e-01,1.00488830e-08,96,20,1,61,normal_corr_dominates,1.05048338e+00,1.00000000e+00,2.50000002e+07,1.80329993e-01,-3.57206676e+00,3.75239675e+00,1.00005515e-09
12,3.17118632e-01,1.00488830e-08,96,20,2,62,normal_corr_dominates,2.48979019e+00,1.00000000e+00,2.49999875e+07,-1.24657635e+01,-3.57206676e+00,-8.89369678e+00,1.00004345e-09
12,3.17118632e-01,1.00488830e-08,96,21,0,63,normal_corr_dominates,1.60517452e+00,1.00000000e+00,2.49999929e+07,-7.08973048e+00,-2.72140328e+00,-4.36832720e+00,1.00004095e-09
12,3.17118632e-01,1.00488830e-08,96,21,1,64,normal_corr_dominates,2.30668652e+00,1.00000000e+00,2.50000036e+07,3.55602098e+00,-2.72140328e+00,6.27742426e+00,1.00004246e-09
12,3.17118632e-01,1.00488830e-08,96,21,2,65,normal_corr_dominates,1.45267216e+00,1.00000000e+00,2.50000012e+07,1.23190350e+00,-2.72140328e+00,3.95330679e+00,1.00004818e-09
12,3.17118632e-01,1.00488830e-08,96,22,0,66,normal_corr_dominates,2.76232859e+00,1.00000000e+00,2.50000050e+07,5.03889550e+00,-2.85922587e+00,7.89812137e+00,1.00006055e-09
12,3.17118632e-01,1.00488830e-08,96,22,1,67,normal_corr_dominates,1.29977880e+00,1.00000000e+00,2.49999934e+07,-6.57558704e+00,-2.85922587e+00,-3.71636117e+00,1.00005247e-09
12,3.17118632e-01,1.00488830e-08,96,22,2,68,corr_ratio_high,1.57324143e+00,5.00000000e-01,2.49999983e+07,-1.73633431e+00,-2.85922587e+00,1.12289156e+00,1.00002204e-09
12,3.17118632e-01,1.00488830e-08,96,23,0,69,normal_corr_dominates,8.34398521e+00,1.00000000e+00,2.49999977e+07,-2.30817984e+00,-2.47023062e-01,-2.06115678e+00,1.00005509e-09
12,3.17118632e-01,1.00488830e-08,96,23,1,70,normal_corr_dominates,5.78677539e+00,1.00000000e+00,2.49999983e+07,-1.67649004e+00,-2.47023062e-01,-1.42946698e+00,1.00004432e-09
12,3.17118632e-01,1.00488830e-08,96,23,2,71,normal_corr_dominates,3.22017570e+01,1.00000000e+00,2.50000077e+07,7.70755358e+00,-2.47023062e-01,7.95457664e+00,1.00005698e-09
12,3.17118632e-01,1.00488830e-08,96,24,1,73,corr_ratio_high,5.80701149e-01,5.00000000e-01,2.49999982e+07,-1.81037487e+00,-4.77724075e+00,2.96686589e+00,1.00003201e-09
12,3.17118632e-01,1.00488830e-08,96,24,2,74,normal_corr_dominates,1.08282930e+00,1.00000000e+00,2.49999900e+07,-9.95017702e+00,-4.77724075e+00,-5.17293627e+00,1.00004809e-09
12,3.17118632e-01,1.00488830e-08,96,26,0,78,normal_corr_dominates,5.31607310e+00,1.00000000e+00,2.50000069e+07,6.91462455e+00,-1.60206382e+00,8.51668837e+00,1.00008400e-09
12,3.17118632e-01,1.00488830e-08,96,26,1,79,normal_corr_dominates,1.86151435e+00,1.00000000e+00,2.49999954e+07,-4.58432861e+00,-1.60206382e+00,-2.98226479e+00,1.00004601e-09
12,3.17118632e-01,1.00488830e-08,96,26,2,80,normal_corr_dominates,4.34073816e+00,1.00000000e+00,2.49999914e+07,-8.55620336e+00,-1.60206382e+00,-6.95413954e+00,1.00002647e-09
12,3.17118632e-01,1.00488830e-08,96,26,2,80,corr_ratio_high,1.22808840e+00,5.00000000e-01,2.49999914e+07,-8.55620336e+00,-1.60206382e+00,-6.95413954e+00,1.00002647e-09
12,3.17118632e-01,1.00488830e-08,96,27,0,81,normal_corr_dominates,4.37812502e+00,1.00000000e+00,2.49999923e+07,-7.71089364e+00,-1.43375128e+00,-6.27714236e+00,1.00004115e-09
12,3.17118632e-01,1.00488830e-08,96,27,1,82,normal_corr_dominates,2.72212495e+00,1.00000000e+00,2.50000025e+07,2.46909885e+00,-1.43375128e+00,3.90285013e+00,1.00003988e-09
12,3.17118632e-01,1.00488830e-08,96,29,0,87,normal_corr_dominates,1.03851949e+01,1.00000000e+00,2.49999790e+07,-2.09649381e+01,-1.84142109e+00,-1.91235170e+01,1.00003779e-09
12,3.17118632e-01,1.00488830e-08,96,29,0,87,corr_ratio_high,8.83918933e-01,5.00000000e-01,2.49999790e+07,-2.09649381e+01,-1.84142109e+00,-1.91235170e+01,1.00003779e-09
12,3.17118632e-01,1.00488830e-08,96,29,1,88,normal_corr_dominates,5.70762176e+00,1.00000000e+00,2.49999876e+07,-1.23515562e+01,-1.84142109e+00,-1.05101351e+01,1.00004831e-09
12,3.17118632e-01,1.00488830e-08,96,29,2,89,normal_corr_dominates,3.26738786e+00,1.00000000e+00,2.50000042e+07,4.17521583e+00,-1.84142109e+00,6.01663692e+00,1.00004308e-09
12,3.17118632e-01,1.00488830e-08,96,30,2,92,normal_corr_dominates,1.40433248e+00,1.00000000e+00,2.49999877e+07,-1.23169625e+01,-5.12282000e+00,-7.19414253e+00,1.00005122e-09
12,3.17118632e-01,1.00488830e-08,96,31,0,93,normal_corr_dominates,1.52312853e+00,1.00000000e+00,2.49999944e+07,-5.58453566e+00,-2.21333777e+00,-3.37119789e+00,1.00004231e-09
12,3.17118632e-01,1.00488830e-08,96,31,1,94,normal_corr_dominates,1.38087907e+00,1.00000000e+00,2.50000008e+07,8.43014037e-01,-2.21333777e+00,3.05635180e+00,1.00005177e-09
12,3.17118632e-01,1.00488830e-08,96,31,2,95,normal_corr_dominates,1.97677055e+00,1.00000000e+00,2.50000022e+07,2.16192315e+00,-2.21333777e+00,4.37526092e+00,1.00003893e-09
12,3.17118632e-01,1.00488830e-08,96,32,1,97,normal_corr_dominates,2.35946745e+00,1.00000000e+00,2.49999930e+07,-7.03857931e+00,-2.09514735e+00,-4.94343197e+00,1.00003680e-09
12,3.17118632e-01,1.00488830e-08,96,33,0,99,normal_corr_dominates,5.44689125e+00,1.00000000e+00,2.49999894e+07,-1.05528329e+01,-1.63688707e+00,-8.91594584e+00,1.00004238e-09
12,3.17118632e-01,1.00488830e-08,96,33,1,100,normal_corr_dominates,1.33937263e+00,1.00000000e+00,2.49999962e+07,-3.82928881e+00,-1.63688707e+00,-2.19240174e+00,1.00004328e-09
12,3.17118632e-01,1.00488830e-08,96,33,2,101,normal_corr_dominates,3.24549970e+00,1.00000000e+00,2.50000037e+07,3.67562942e+00,-1.63688707e+00,5.31251649e+00,1.00004293e-09
12,3.17118632e-01,1.00488830e-08,96,34,0,102,normal_corr_dominates,2.23716102e+00,1.00000000e+00,2.49999876e+07,-1.23955698e+01,-3.82914836e+00,-8.56642146e+00,1.00003571e-09
12,3.17118632e-01,1.00488830e-08,96,34,1,103,normal_corr_dominates,2.06228495e+00,1.00000000e+00,2.50000041e+07,4.06764669e+00,-3.82914836e+00,7.89679505e+00,1.00003347e-09
12,3.17118632e-01,1.00488830e-08,96,35,0,105,normal_corr_dominates,3.86332643e+01,1.00000000e+00,2.50000150e+07,1.49632845e+01,-3.97607936e-01,1.53608925e+01,1.00006405e-09
12,3.17118632e-01,1.00488830e-08,96,35,1,106,normal_corr_dominates,1.98255820e+01,1.00000000e+00,2.49999917e+07,-8.28041669e+00,-3.97607936e-01,-7.88280875e+00,1.00008882e-09
12,3.17118632e-01,1.00488830e-08,96,35,2,107,normal_corr_dominates,4.01247529e+01,1.00000000e+00,2.49999836e+07,-1.63515281e+01,-3.97607936e-01,-1.59539202e+01,1.00001470e-09
12,3.17118632e-01,1.00488830e-08,96,35,2,107,corr_ratio_high,4.25907647e+00,5.00000000e-01,2.49999836e+07,-1.63515281e+01,-3.97607936e-01,-1.59539202e+01,1.00001470e-09
12,3.17118632e-01,1.00488830e-08,96,36,1,109,corr_ratio_high,7.26010813e-01,5.00000000e-01,2.49999916e+07,-8.39200804e+00,-7.00379286e+00,-1.38821518e+00,1.00002739e-09
12,3.17118632e-01,1.00488830e-08,96,37,0,111,normal_corr_dominates,1.88557067e+00,1.00000000e+00,2.50000013e+07,1.27434313e+00,-1.43900783e+00,2.71335097e+00,1.00004517e-09
12,3.17118632e-01,1.00488830e-08,96,37,2,113,normal_corr_dominates,2.72255854e+00,1.00000000e+00,2.50000025e+07,2.47877523e+00,-1.43900783e+00,3.91778307e+00,1.00003210e-09
13,3.43545307e-01,1.08862939e-08,96,0,0,0,corr_ratio_high,9.36765290e-01,5.00000000e-01,2.49999914e+07,-8.59769417e+00,-6.27294528e+00,-2.32474889e+00,1.00002872e-09
13,3.43545307e-01,1.08862939e-08,96,0,2,2,normal_corr_dominates,1.13894921e+00,1.00000000e+00,2.50000009e+07,8.71620779e-01,-6.27294528e+00,7.14456606e+00,1.00004825e-09
13,3.43545307e-01,1.08862939e-08,96,1,0,3,normal_corr_dominates,8.29564812e+00,1.00000000e+00,2.50000073e+07,7.32987871e+00,-1.00469192e+00,8.33457063e+00,1.00006088e-09
13,3.43545307e-01,1.08862939e-08,96,1,1,4,normal_corr_dominates,8.90911057e+00,1.00000000e+00,2.49999900e+07,-9.95560332e+00,-1.00469192e+00,-8.95091140e+00,1.00003874e-09
13,3.43545307e-01,1.08862939e-08,96,1,1,4,corr_ratio_high,8.73175661e-01,5.00000000e-01,2.49999900e+07,-9.95560332e+00,-1.00469192e+00,-8.95091140e+00,1.00003874e-09
13,3.43545307e-01,1.08862939e-08,96,1,2,5,normal_corr_dominates,6.60751966e+00,1.00000000e+00,2.49999924e+07,-7.64321353e+00,-1.00469192e+00,-6.63852161e+00,1.00005631e-09
13,3.43545307e-01,1.08862939e-08,96,2,0,6,normal_corr_dominates,1.16246075e+00,1.00000000e+00,2.50000005e+07,4.89858492e-01,-3.01524211e+00,3.50510060e+00,1.00004300e-09
13,3.43545307e-01,1.08862939e-08,96,2,0,6,corr_ratio_high,5.84960357e-01,5.00000000e-01,2.50000005e+07,4.89858492e-01,-3.01524211e+00,3.50510060e+00,1.00004300e-09
13,3.43545307e-01,1.08862939e-08,96,2,1,7,normal_corr_dominates,3.61680446e+00,1.00000000e+00,2.49999861e+07,-1.39207832e+01,-3.01524211e+00,-1.09055411e+01,1.00005097e-09
13,3.43545307e-01,1.08862939e-08,96,2,2,8,normal_corr_dominates,3.75825501e+00,1.00000000e+00,2.50000083e+07,8.31680664e+00,-3.01524211e+00,1.13320487e+01,1.00007797e-09
13,3.43545307e-01,1.08862939e-08,96,3,0,9,normal_corr_dominates,1.75360463e+01,1.00000000e+00,2.49999837e+07,-1.62733422e+01,-8.77929516e-01,-1.53954127e+01,1.00011797e-09
13,3.43545307e-01,1.08862939e-08,96,3,0,9,corr_ratio_high,5.86301664e-01,5.00000000e-01,2.49999837e+07,-1.62733422e+01,-8.77929516e-01,-1.53954127e+01,1.00011797e-09
13,3.43545307e-01,1.08862939e-08,96,3,1,10,normal_corr_dominates,8.65496032e+00,1.00000000e+00,2.49999915e+07,-8.47637464e+00,-8.77929516e-01,-7.59844512e+00,1.00003133e-09
13,3.43545307e-01,1.08862939e-08,96,3,1,10,corr_ratio_high,8.55511684e-01,5.00000000e-01,2.49999915e+07,-8.47637464e+00,-8.77929516e-01,-7.59844512e+00,1.00003133e-09
13,3.43545307e-01,1.08862939e-08,96,3,2,11,normal_corr_dominates,1.10079613e+01,1.00000000e+00,2.50000088e+07,8.78628462e+00,-8.77929516e-01,9.66421413e+00,1.00001304e-09
13,3.43545307e-01,1.08862939e-08,96,3,2,11,corr_ratio_high,1.79353767e+00,5.00000000e-01,2.50000088e+07,8.78628462e+00,-8.77929516e-01,9.66421413e+00,1.00001304e-09
13,3.43545307e-01,1.08862939e-08,96,4,0,12,normal_corr_dominates,1.58931628e+00,1.00000000e+00,2.49999982e+07,-1.81823272e+00,-7.02205725e-01,-1.11602699e+00,1.00005444e-09
13,3.43545307e-01,1.08862939e-08,96,4,1,13,normal_corr_dominates,2.82608852e+00,1.00000000e+00,2.50000013e+07,1.28228981e+00,-7.02205725e-01,1.98449554e+00,1.00004637e-09
13,3.43545307e-01,1.08862939e-08,96,4,2,14,normal_corr_dominates,6.84515938e+00,1.00000000e+00,2.50000041e+07,4.10450438e+00,-7.02205725e-01,4.80671010e+00,1.00003771e-09
13,3.43545307e-01,1.08862939e-08,96,5,0,15,normal_corr_dominates,2.14118369e+00,1.00000000e+00,2.50000061e+07,6.09494507e+00,-5.34089746e+00,1.14358425e+01,1.00003391e-09
13,3.43545307e-01,1.08862939e-08,96,5,1,16,normal_corr_dominates,1.42394899e+00,1.00000000e+00,2.49999871e+07,-1.29460630e+01,-5.34089746e+00,-7.60516555e+00,1.00005500e-09
13,3.43545307e-01,1.08862939e-08,96,5,2,17,normal_corr_dominates,1.70983351e+00,1.00000000e+00,2.49999855e+07,-1.44729429e+01,-5.34089746e+00,-9.13204547e+00,1.00005836e-09
13,3.43545307e-01,1.08862939e-08,96,6,1,19,normal_corr_dominates,2.05550632e+00,1.00000000e+00,2.50000037e+07,3.72516992e+00,-3.52927298e+00,7.25444290e+00,1.00003496e-09
13,3.43545307e-01,1.08862939e-08,96,6,2,20,normal_corr_dominates,3.88502879e+00,1.00000000e+00,2.49999828e+07,-1.72406001e+01,-3.52927298e+00,-1.37113272e+01,1.00007117e-09
13,3.43545307e-01,1.08862939e-08,96,7,0,21,normal_corr_dominates,6.88546856e+01,1.00000000e+00,2.49999931e+07,-6.86805606e+00,-9.83191893e-02,-6.76973687e+00,1.00004504e-09
13,3.43545307e-01,1.08862939e-08,96,7,1,22,normal_corr_dominates,4.31438908e+01,1.00000000e+00,2.49999957e+07,-4.34019155e+00,-9.83191893e-02,-4.24187237e+00,1.00006052e-09
13,3.43545307e-01,1.08862939e-08,96,7,2,23,normal_corr_dominates,1.11371779e+02,1.00000000e+00,2.50000109e+07,1.08516638e+01,-9.83191893e-02,1.09499830e+01,1.00005720e-09
13,3.43545307e-01,1.08862939e-08,96,8,0,24,normal_corr_dominates,4.45150544e+00,1.00000000e+00,2.49999923e+07,-7.70546886e+00,-1.41345706e+00,-6.29201180e+00,1.00004293e-09
13,3.43545307e-01,1.08862939e-08,96,8,1,25,normal_corr_dominates,4.66345687e+00,1.00000000e+00,2.50000052e+07,5.17813897e+00,-1.41345706e+00,6.59159603e+00,1.00003257e-09
13,3.43545307e-01,1.08862939e-08,96,8,1,25,corr_ratio_high,5.24507910e-01,5.00000000e-01,2.50000052e+07,5.17813897e+00,-1.41345706e+00,6.59159603e+00,1.00003257e-09
13,3.43545307e-01,1.08862939e-08,96,8,2,26,normal_corr_dominates,2.98244264e+00,1.00000000e+00,2.50000028e+07,2.80209755e+00,-1.41345706e+00,4.21555461e+00,1.00004887e-09
13,3.43545307e-01,1.08862939e-08,96,9,0,27,normal_corr_dominates,1.31501440e+00,1.00000000e+00,2.50000011e+07,1.13097045e+00,-3.59021827e+00,4.72118873e+00,1.00006328e-09
13,3.43545307e-01,1.08862939e-08,96,9,1,28,normal_corr_dominates,2.15242948e+00,1.00000000e+00,2.49999887e+07,-1.13179099e+01,-3.59021827e+00,-7.72769165e+00,1.00004903e-09
13,3.43545307e-01,1.08862939e-08,96,9,2,29,normal_corr_dominates,2.46761328e+00,1.00000000e+00,2.49999876e+07,-1.24494886e+01,-3.59021827e+00,-8.85927028e+00,1.00004990e-09
13,3.43545307e-01,1.08862939e-08,96,10,0,30,normal_corr_dominates,5.25486143e+00,1.00000000e+00,2.50000048e+07,4.82844710e+00,-1.13480713e+00,5.96325423e+00,1.00004931e-09
13,3.43545307e-01,1.08862939e-08,96,10,1,31,normal_corr_dominates,1.06277854e+01,1.00000000e+00,2.50000109e+07,1.09256795e+01,-1.13480713e+00,1.20604866e+01,1.00008405e-09
13,3.43545307e-01,1.08862939e-08,96,10,2,32,normal_corr_dominates,9.44429211e+00,1.00000000e+00,2.49999881e+07,-1.18522572e+01,-1.13480713e+00,-1.07174500e+01,1.00004896e-09
13,3.43545307e-01,1.08862939e-08,96,11,0,33,normal_corr_dominates,2.87008009e+00,1.00000000e+00,2.49999981e+07,-1.94483211e+00,-5.02530198e-01,-1.44230192e+00,1.00007013e-09
13,3.43545307e-01,1.08862939e-08,96,11,1,34,normal_corr_dominates,6.54637101e+00,1.00000000e+00,2.50000028e+07,2.78721892e+00,-5.02530198e-01,3.28974912e+00,1.00006233e-09
13,3.43545307e-01,1.08862939e-08,96,11,2,35,normal_corr_dominates,1.19395431e+01,1.00000000e+00,2.49999935e+07,-6.50251115e+00,-5.02530198e-01,-5.99998095e+00,1.00003441e-09
13,3.43545307e-01,1.08862939e-08,96,11,2,35,corr_ratio_high,1.01975532e+00,5.00000000e-01,2.49999935e+07,-6.50251115e+00,-5.02530198e-01,-5.99998095e+00,1.00003441e-09
13,3.43545307e-01,1.08862939e-08,96,12,1,37,normal_corr_dominates,1.16537661e+00,1.00000000e+00,2.50000010e+07,9.80482888e-01,-5.92878817e+00,6.90927106e+00,1.00004209e-09
13,3.43545307e-01,1.08862939e-08,96,13,0,39,normal_corr_dominates,1.77712043e+00,1.00000000e+00,2.50000024e+07,2.39116751e+00,-3.07695874e+00,5.46812625e+00,1.00003409e-09
13,3.43545307e-01,1.08862939e-08,96,14,0,42,normal_corr_dominates,3.10600276e+00,1.00000000e+00,2.49999977e+07,-2.34030274e+00,-5.69971059e-01,-1.77033168e+00,1.00005048e-09
13,3.43545307e-01,1.08862939e-08,96,14,1,43,normal_corr_dominates,3.14924967e+00,1.00000000e+00,2.49999976e+07,-2.36495223e+00,-5.69971059e-01,-1.79498117e+00,1.00004274e-09
13,3.43545307e-01,1.08862939e-08,96,14,2,44,normal_corr_dominates,1.80699917e+01,1.00000000e+00,2.50000097e+07,9.72940126e+00,-5.69971059e-01,1.02993723e+01,1.00007034e-09
13,3.43545307e-01,1.08862939e-08,96,15,0,45,normal_corr_dominates,1.40200026e+00,1.00000000e+00,2.49999935e+07,-6.48259096e+00,-2.69883025e+00,-3.78376071e+00,1.00004133e-09
13,3.43545307e-01,1.08862939e-08,96,15,1,46,normal_corr_dominates,2.79132275e+00,1.00000000e+00,2.50000048e+07,4.83447603e+00,-2.69883025e+00,7.53330628e+00,1.00004271e-09
13,3.43545307e-01,1.08862939e-08,96,15,2,47,normal_corr_dominates,3.91245496e+00,1.00000000e+00,2.49999867e+07,-1.32578820e+01,-2.69883025e+00,-1.05590518e+01,1.00006169e-09
13,3.43545307e-01,1.08862939e-08,96,16,2,50,normal_corr_dominates,1.02188159e+00,1.00000000e+00,2.50000001e+07,1.02354686e-01,-4.67766189e+00,4.78001657e+00,1.00004408e-09
13,3.43545307e-01,1.08862939e-08,96,17,0,51,corr_ratio_high,5.13830054e-01,5.00000000e-01,2.49999985e+07,-1.48210322e+00,-4.41135768e+00,2.92925446e+00,1.00010412e-09
13,3.43545307e-01,1.08862939e-08,96,17,1,52,normal_corr_dominates,1.24145837e+00,1.00000000e+00,2.50000011e+07,1.06515923e+00,-4.41135768e+00,5.47651692e+00,1.00006470e-09
13,3.43545307e-01,1.08862939e-08,96,17,2,53,corr_ratio_high,2.58076588e+00,5.00000000e-01,2.50000000e+07,-6.00314368e-03,-4.41135768e+00,4.40535454e+00,1.00001022e-09
13,3.43545307e-01,1.08862939e-08,96,18,2,56,normal_corr_dominates,1.00912883e+00,1.00000000e+00,2.50000001e+07,7.33953058e-02,-8.03994699e+00,8.11334229e+00,1.00005211e-09
13,3.43545307e-01,1.08862939e-08,96,19,0,57,normal_corr_dominates,1.49060987e+01,1.00000000e+00,2.49999757e+07,-2.43447554e+01,-1.53052963e+00,-2.28142257e+01,1.00003893e-09
13,3.43545307e-01,1.08862939e-08,96,19,0,57,corr_ratio_high,1.16477681e+00,5.00000000e-01,2.49999757e+07,-2.43447554e+01,-1.53052963e+00,-2.28142257e+01,1.00003893e-09
13,3.43545307e-01,1.08862939e-08,96,19,2,59,normal_corr_dominates,2.33766731e+00,1.00000000e+00,2.50000020e+07,2.04733946e+00,-1.53052963e+00,3.57786909e+00,1.00004463e-09
13,3.43545307e-01,1.08862939e-08,96,20,1,61,normal_corr_dominates,1.05009187e+00,1.00000000e+00,2.50000002e+07,1.93173838e-01,-3.85639075e+00,4.04956459e+00,1.00005953e-09
13,3.43545307e-01,1.08862939e-08,96,20,2,62,normal_corr_dominates,2.48895460e+00,1.00000000e+00,2.49999865e+07,-1.34547723e+01,-3.85639075e+00,-9.59838151e+00,1.00004689e-09
13,3.43545307e-01,1.08862939e-08,96,21,0,63,normal_corr_dominates,1.60441509e+00,1.00000000e+00,2.49999923e+07,-7.65167787e+00,-2.93796403e+00,-4.71371383e+00,1.00004420e-09
13,3.43545307e-01,1.08862939e-08,96,21,1,64,normal_corr_dominates,2.30579166e+00,1.00000000e+00,2.50000038e+07,3.83636892e+00,-2.93796403e+00,6.77433295e+00,1.00004583e-09
13,3.43545307e-01,1.08862939e-08,96,21,2,65,normal_corr_dominates,1.45192387e+00,1.00000000e+00,2.50000013e+07,1.32773607e+00,-2.93796403e+00,4.26570011e+00,1.00005199e-09
13,3.43545307e-01,1.08862939e-08,96,22,0,66,normal_corr_dominates,2.76019203e+00,1.00000000e+00,2.50000054e+07,5.43434634e+00,-3.08735992e+00,8.52170626e+00,1.00006535e-09
13,3.43545307e-01,1.08862939e-08,96,22,1,67,normal_corr_dominates,1.29909899e+00,1.00000000e+00,2.49999929e+07,-7.09814607e+00,-3.08735992e+00,-4.01078615e+00,1.00005664e-09
13,3.43545307e-01,1.08862939e-08,96,22,2,68,corr_ratio_high,1.57316115e+00,5.00000000e-01,2.49999981e+07,-1.87389565e+00,-3.08735992e+00,1.21346427e+00,1.00002378e-09
13,3.43545307e-01,1.08862939e-08,96,23,0,69,normal_corr_dominates,8.33335380e+00,1.00000000e+00,2.49999975e+07,-2.49068286e+00,-2.66858293e-01,-2.22382457e+00,1.00005945e-09
13,3.43545307e-01,1.08862939e-08,96,23,1,70,normal_corr_dominates,5.78017291e+00,1.00000000e+00,2.49999982e+07,-1.80934537e+00,-2.66858293e-01,-1.54248708e+00,1.00004784e-09
13,3.43545307e-01,1.08862939e-08,96,23,2,71,normal_corr_dominates,3.21724868e+01,1.00000000e+00,2.50000083e+07,8.31863662e+00,-2.66858293e-01,8.58549492e+00,1.00006150e-09
13,3.43545307e-01,1.08862939e-08,96,24,1,73,corr_ratio_high,5.80736266e-01,5.00000000e-01,2.49999980e+07,-1.95462398e+00,-5.15702632e+00,3.20240234e+00,1.00003455e-09
13,3.43545307e-01,1.08862939e-08,96,24,2,74,normal_corr_dominates,1.08269595e+00,1.00000000e+00,2.49999893e+07,-1.07405178e+01,-5.15702632e+00,-5.58349152e+00,1.00005191e-09
13,3.43545307e-01,1.08862939e-08,96,26,0,78,normal_corr_dominates,5.31436614e+00,1.00000000e+00,2.50000075e+07,7.46136167e+00,-1.72942245e+00,9.19078413e+00,1.00009065e-09
13,3.43545307e-01,1.08862939e-08,96,26,1,79,normal_corr_dominates,1.86079223e+00,1.00000000e+00,2.49999951e+07,-4.94751832e+00,-1.72942245e+00,-3.21809586e+00,1.00004966e-09
13,3.43545307e-01,1.08862939e-08,96,26,2,80,normal_corr_dominates,4.33916399e+00,1.00000000e+00,2.49999908e+07,-9.23367008e+00,-1.72942245e+00,-7.50424763e+00,1.00002857e-09
13,3.43545307e-01,1.08862939e-08,96,26,2,80,corr_ratio_high,1.22779888e+00,5.00000000e-01,2.49999908e+07,-9.23367008e+00,-1.72942245e+00,-7.50424763e+00,1.00002857e-09
13,3.43545307e-01,1.08862939e-08,96,27,0,81,normal_corr_dominates,4.37619726e+00,1.00000000e+00,2.49999917e+07,-8.32130416e+00,-1.54780484e+00,-6.77349931e+00,1.00004441e-09
13,3.43545307e-01,1.08862939e-08,96,27,1,82,normal_corr_dominates,2.72265631e+00,1.00000000e+00,2.50000027e+07,2.66633578e+00,-1.54780484e+00,4.21414063e+00,1.00004304e-09
13,3.43545307e-01,1.08862939e-08,96,29,0,87,normal_corr_dominates,1.03812374e+01,1.00000000e+00,2.49999774e+07,-2.26262085e+01,-1.98802711e+00,-2.06381814e+01,1.00004078e-09
13,3.43545307e-01,1.08862939e-08,96,29,0,87,corr_ratio_high,8.83952263e-01,5.00000000e-01,2.49999774e+07,-2.26262085e+01,-1.98802711e+00,-2.06381814e+01,1.00004078e-09
13,3.43545307e-01,1.08862939e-08,96,29,1,88,normal_corr_dominates,5.70541311e+00,1.00000000e+00,2.49999867e+07,-1.33305430e+01,-1.98802711e+00,-1.13425159e+01,1.00005214e-09
13,3.43545307e-01,1.08862939e-08,96,29,2,89,normal_corr_dominates,3.26631462e+00,1.00000000e+00,2.50000045e+07,4.50549490e+00,-1.98802711e+00,6.49352200e+00,1.00004650e-09
13,3.43545307e-01,1.08862939e-08,96,30,2,92,normal_corr_dominates,1.40404737e+00,1.00000000e+00,2.49999867e+07,-1.32939835e+01,-5.52983427e+00,-7.76414927e+00,1.00005528e-09
13,3.43545307e-01,1.08862939e-08,96,31,0,93,normal_corr_dominates,1.52243225e+00,1.00000000e+00,2.49999940e+07,-6.02740415e+00,-2.38952073e+00,-3.63788342e+00,1.00004566e-09
13,3.43545307e-01,1.08862939e-08,96,31,1,94,normal_corr_dominates,1.37997266e+00,1.00000000e+00,2.50000009e+07,9.07952548e-01,-2.38952073e+00,3.29747327e+00,1.00005588e-09
13,3.43545307e-01,1.08862939e-08,96,31,2,95,normal_corr_dominates,1.97628743e+00,1.00000000e+00,2.50000023e+07,2.33285904e+00,-2.38952073e+00,4.72237977e+00,1.00004202e-09
13,3.43545307e-01,1.08862939e-08,96,32,1,97,normal_corr_dominates,2.35866950e+00,1.00000000e+00,2.49999924e+07,-7.59592186e+00,-2.26158658e+00,-5.33433528e+00,1.00003972e-09
13,3.43545307e-01,1.08862939e-08,96,33,0,99,normal_corr_dominates,5.44459570e+00,1.00000000e+00,2.49999886e+07,-1.13892466e+01,-1.76725541e+00,-9.62199122e+00,1.00004574e-09
13,3.43545307e-01,1.08862939e-08,96,33,1,100,normal_corr_dominates,1.33858426e+00,1.00000000e+00,2.49999959e+07,-4.13287570e+00,-1.76725541e+00,-2.36562028e+00,1.00004671e-09
13,3.43545307e-01,1.08862939e-08,96,33,2,101,normal_corr_dominates,3.24442723e+00,1.00000000e+00,2.50000040e+07,3.96647618e+00,-1.76725541e+00,5.73373159e+00,1.00004634e-09
13,3.43545307e-01,1.08862939e-08,96,34,0,102,normal_corr_dominates,2.23650528e+00,1.00000000e+00,2.49999866e+07,-1.33791223e+01,-4.13381754e+00,-9.24530474e+00,1.00003854e-09
13,3.43545307e-01,1.08862939e-08,96,34,1,103,normal_corr_dominates,2.06162521e+00,1.00000000e+00,2.50000044e+07,4.38856490e+00,-4.13381754e+00,8.52238245e+00,1.00003613e-09
13,3.43545307e-01,1.08862939e-08,96,35,0,105,normal_corr_dominates,3.85751893e+01,1.00000000e+00,2.50000161e+07,1.61480591e+01,-4.29753232e-01,1.65778123e+01,1.00006912e-09
13,3.43545307e-01,1.08862939e-08,96,35,1,106,normal_corr_dominates,1.97987683e+01,1.00000000e+00,2.49999911e+07,-8.93833793e+00,-4.29753232e-01,-8.50858469e+00,1.00009586e-09
13,3.43545307e-01,1.08862939e-08,96,35,2,107,normal_corr_dominates,4.00604988e+01,1.00000000e+00,2.49999824e+07,-1.76458821e+01,-4.29753232e-01,-1.72161288e+01,1.00001587e-09
13,3.43545307e-01,1.08862939e-08,96,35,2,107,corr_ratio_high,4.25772718e+00,5.00000000e-01,2.49999824e+07,-1.76458821e+01,-4.29753232e-01,-1.72161288e+01,1.00001587e-09
13,3.43545307e-01,1.08862939e-08,96,36,1,109,corr_ratio_high,7.25968037e-01,5.00000000e-01,2.49999909e+07,-9.05891821e+00,-7.55990786e+00,-1.49901035e+00,1.00002956e-09
13,3.43545307e-01,1.08862939e-08,96,37,0,111,normal_corr_dominates,1.88624210e+00,1.00000000e+00,2.50000014e+07,1.37688034e+00,-1.55361649e+00,2.93049683e+00,1.00004874e-09
13,3.43545307e-01,1.08862939e-08,96,37,2,113,normal_corr_dominates,2.72205567e+00,1.00000000e+00,2.50000027e+07,2.67541409e+00,-1.55361649e+00,4.22903058e+00,1.00003465e-09
14,3.70658749e-01,1.17454670e-08,96,0,0,0,corr_ratio_high,9.36656796e-01,5.00000000e-01,2.49999908e+07,-9.24352309e+00,-6.74408847e+00,-2.49943461e+00,1.00003088e-09
14,3.70658749e-01,1.17454670e-08,96,0,2,2,normal_corr_dominates,1.13865790e+00,1.00000000e+00,2.50000009e+07,9.35121168e-01,-6.74408847e+00,7.67920964e+00,1.00005187e-09
14,3.70658749e-01,1.17454670e-08,96,1,0,3,normal_corr_dominates,8.29718618e+00,1.00000000e+00,2.50000079e+07,7.87926103e+00,-1.07976703e+00,8.95902806e+00,1.00006544e-09
14,3.70658749e-01,1.17454670e-08,96,1,1,4,normal_corr_dominates,8.91380715e+00,1.00000000e+00,2.49999893e+07,-1.07046021e+01,-1.07976703e+00,-9.62483505e+00,1.00004164e-09
14,3.70658749e-01,1.17454670e-08,96,1,1,4,corr_ratio_high,8.73304340e-01,5.00000000e-01,2.49999893e+07,-1.07046021e+01,-1.07976703e+00,-9.62483505e+00,1.00004164e-09
14,3.70658749e-01,1.17454670e-08,96,1,2,5,normal_corr_dominates,6.60787100e+00,1.00000000e+00,2.49999918e+07,-8.21472826e+00,-1.07976703e+00,-7.13496123e+00,1.00006054e-09
14,3.70658749e-01,1.17454670e-08,96,2,0,6,normal_corr_dominates,1.16168994e+00,1.00000000e+00,2.50000005e+07,5.24102767e-01,-3.24140617e+00,3.76550894e+00,1.00004622e-09
14,3.70658749e-01,1.17454670e-08,96,2,0,6,corr_ratio_high,5.85061572e-01,5.00000000e-01,2.50000005e+07,5.24102767e-01,-3.24140617e+00,3.76550894e+00,1.00004622e-09
14,3.70658749e-01,1.17454670e-08,96,2,1,7,normal_corr_dominates,3.61615840e+00,1.00000000e+00,2.49999850e+07,-1.49628443e+01,-3.24140617e+00,-1.17214382e+01,1.00005479e-09
14,3.70658749e-01,1.17454670e-08,96,2,2,8,normal_corr_dominates,3.75816377e+00,1.00000000e+00,2.50000089e+07,8.94032909e+00,-3.24140617e+00,1.21817353e+01,1.00008381e-09
14,3.70658749e-01,1.17454670e-08,96,3,0,9,normal_corr_dominates,1.75239302e+01,1.00000000e+00,2.49999825e+07,-1.74941410e+01,-9.44407631e-01,-1.65497334e+01,1.00012681e-09
14,3.70658749e-01,1.17454670e-08,96,3,0,9,corr_ratio_high,5.86300086e-01,5.00000000e-01,2.49999825e+07,-1.74941410e+01,-9.44407631e-01,-1.65497334e+01,1.00012681e-09
14,3.70658749e-01,1.17454670e-08,96,3,1,10,normal_corr_dominates,8.64640857e+00,1.00000000e+00,2.49999909e+07,-9.11014186e+00,-9.44407631e-01,-8.16573423e+00,1.00003368e-09
14,3.70658749e-01,1.17454670e-08,96,3,1,10,corr_ratio_high,8.55547032e-01,5.00000000e-01,2.49999909e+07,-9.11014186e+00,-9.44407631e-01,-8.16573423e+00,1.00003368e-09
14,3.70658749e-01,1.17454670e-08,96,3,2,11,normal_corr_dominates,1.09993242e+01,1.00000000e+00,2.50000094e+07,9.44343809e+00,-9.44407631e-01,1.03878457e+01,1.00001403e-09
14,3.70658749e-01,1.17454670e-08,96,3,2,11,corr_ratio_high,1.79296495e+00,5.00000000e-01,2.50000094e+07,9.44343809e+00,-9.44407631e-01,1.03878457e+01,1.00001403e-09
14,3.70658749e-01,1.17454670e-08,96,4,0,12,normal_corr_dominates,1.58732277e+00,1.00000000e+00,2.49999980e+07,-1.95417234e+00,-7.55287420e-01,-1.19888492e+00,1.00005851e-09
14,3.70658749e-01,1.17454670e-08,96,4,1,13,normal_corr_dominates,2.82363679e+00,1.00000000e+00,2.50000014e+07,1.37736992e+00,-7.55287420e-01,2.13265734e+00,1.00004984e-09
14,3.70658749e-01,1.17454670e-08,96,4,2,14,normal_corr_dominates,6.84203460e+00,1.00000000e+00,2.50000044e+07,4.41241524e+00,-7.55287420e-01,5.16770266e+00,1.00004054e-09
14,3.70658749e-01,1.17454670e-08,96,5,0,15,normal_corr_dominates,2.14061286e+00,1.00000000e+00,2.50000065e+07,6.54961193e+00,-5.74218665e+00,1.22917986e+01,1.00003645e-09
14,3.70658749e-01,1.17454670e-08,96,5,1,16,normal_corr_dominates,1.42352250e+00,1.00000000e+00,2.49999861e+07,-1.39163185e+01,-5.74218665e+00,-8.17413188e+00,1.00005913e-09
14,3.70658749e-01,1.17454670e-08,96,5,2,17,normal_corr_dominates,1.70970520e+00,1.00000000e+00,2.49999844e+07,-1.55596330e+01,-5.74218665e+00,-9.81744635e+00,1.00006274e-09
14,3.70658749e-01,1.17454670e-08,96,6,1,19,normal_corr_dominates,2.05469114e+00,1.00000000e+00,2.50000040e+07,4.00202691e+00,-3.79450130e+00,7.79652822e+00,1.00003758e-09
14,3.70658749e-01,1.17454670e-08,96,6,2,20,normal_corr_dominates,3.88448362e+00,1.00000000e+00,2.49999815e+07,-1.85341795e+01,-3.79450130e+00,-1.47396782e+01,1.00007651e-09
14,3.70658749e-01,1.17454670e-08,96,7,0,21,normal_corr_dominates,6.89008109e+01,1.00000000e+00,2.49999926e+07,-7.38579541e+00,-1.05661083e-01,-7.28013432e+00,1.00004841e-09
14,3.70658749e-01,1.17454670e-08,96,7,1,22,normal_corr_dominates,4.31316985e+01,1.00000000e+00,2.49999953e+07,-4.66300307e+00,-1.05661083e-01,-4.55734199e+00,1.00006505e-09
14,3.70658749e-01,1.17454670e-08,96,7,2,23,normal_corr_dominates,1.11398538e+02,1.00000000e+00,2.50000117e+07,1.16648292e+01,-1.05661083e-01,1.17704902e+01,1.00006149e-09
14,3.70658749e-01,1.17454670e-08,96,8,0,24,normal_corr_dominates,4.44811058e+00,1.00000000e+00,2.49999917e+07,-8.28208759e+00,-1.52017612e+00,-6.76191147e+00,1.00004615e-09
14,3.70658749e-01,1.17454670e-08,96,8,1,25,normal_corr_dominates,4.66030881e+00,1.00000000e+00,2.50000056e+07,5.56431403e+00,-1.52017612e+00,7.08449015e+00,1.00003501e-09
14,3.70658749e-01,1.17454670e-08,96,8,1,25,corr_ratio_high,5.24403166e-01,5.00000000e-01,2.50000056e+07,5.56431403e+00,-1.52017612e+00,7.08449015e+00,1.00003501e-09
14,3.70658749e-01,1.17454670e-08,96,8,2,26,normal_corr_dominates,2.98001961e+00,1.00000000e+00,2.50000030e+07,3.00997853e+00,-1.52017612e+00,4.53015465e+00,1.00005253e-09
14,3.70658749e-01,1.17454670e-08,96,9,0,27,normal_corr_dominates,1.31455065e+00,1.00000000e+00,2.50000012e+07,1.21430550e+00,-3.86044510e+00,5.07475060e+00,1.00006802e-09
14,3.70658749e-01,1.17454670e-08,96,9,1,28,normal_corr_dominates,2.15164753e+00,1.00000000e+00,2.49999878e+07,-1.21667622e+01,-3.86044510e+00,-8.30631714e+00,1.00005270e-09
14,3.70658749e-01,1.17454670e-08,96,9,2,29,normal_corr_dominates,2.46695997e+00,1.00000000e+00,2.49999866e+07,-1.33840086e+01,-3.86044510e+00,-9.52356352e+00,1.00005364e-09
14,3.70658749e-01,1.17454670e-08,96,10,0,30,normal_corr_dominates,5.25329130e+00,1.00000000e+00,2.50000052e+07,5.18932249e+00,-1.22007220e+00,6.40939470e+00,1.00005300e-09
14,3.70658749e-01,1.17454670e-08,96,10,1,31,normal_corr_dominates,1.06254630e+01,1.00000000e+00,2.50000117e+07,1.17437599e+01,-1.22007220e+00,1.29638321e+01,1.00009034e-09
14,3.70658749e-01,1.17454670e-08,96,10,2,32,normal_corr_dominates,9.44176982e+00,1.00000000e+00,2.49999873e+07,-1.27397131e+01,-1.22007220e+00,-1.15196409e+01,1.00005263e-09
14,3.70658749e-01,1.17454670e-08,96,11,0,33,normal_corr_dominates,2.87450621e+00,1.00000000e+00,2.49999979e+07,-2.09083045e+00,-5.39637914e-01,-1.55119254e+00,1.00007538e-09
14,3.70658749e-01,1.17454670e-08,96,11,1,34,normal_corr_dominates,6.55241828e+00,1.00000000e+00,2.50000030e+07,2.99629542e+00,-5.39637914e-01,3.53593333e+00,1.00006700e-09
14,3.70658749e-01,1.17454670e-08,96,11,2,35,normal_corr_dominates,1.19549776e+01,1.00000000e+00,2.49999930e+07,-6.99099706e+00,-5.39637914e-01,-6.45135915e+00,1.00003699e-09
14,3.70658749e-01,1.17454670e-08,96,11,2,35,corr_ratio_high,1.01968716e+00,5.00000000e-01,2.49999930e+07,-6.99099706e+00,-5.39637914e-01,-6.45135915e+00,1.00003699e-09
14,3.70658749e-01,1.17454670e-08,96,12,1,37,normal_corr_dominates,1.16502686e+00,1.00000000e+00,2.50000011e+07,1.05192350e+00,-6.37425644e+00,7.42617994e+00,1.00004524e-09
14,3.70658749e-01,1.17454670e-08,96,13,0,39,normal_corr_dominates,1.77650489e+00,1.00000000e+00,2.50000026e+07,2.56910069e+00,-3.30854413e+00,5.87764482e+00,1.00003665e-09
14,3.70658749e-01,1.17454670e-08,96,14,0,42,normal_corr_dominates,3.10352239e+00,1.00000000e+00,2.49999975e+07,-2.51597477e+00,-6.13125634e-01,-1.90284914e+00,1.00005426e-09
14,3.70658749e-01,1.17454670e-08,96,14,1,43,normal_corr_dominates,3.14704489e+00,1.00000000e+00,2.49999975e+07,-2.54265953e+00,-6.13125634e-01,-1.92953389e+00,1.00004594e-09
14,3.70658749e-01,1.17454670e-08,96,14,2,44,normal_corr_dominates,1.80578326e+01,1.00000000e+00,2.50000105e+07,1.04585945e+01,-6.13125634e-01,1.10717201e+01,1.00007561e-09
14,3.70658749e-01,1.17454670e-08,96,15,0,45,normal_corr_dominates,1.40118953e+00,1.00000000e+00,2.49999930e+07,-6.96802697e+00,-2.90190628e+00,-4.06612069e+00,1.00004442e-09
14,3.70658749e-01,1.17454670e-08,96,15,1,46,normal_corr_dominates,2.79035637e+00,1.00000000e+00,2.50000052e+07,5.19544639e+00,-2.90190628e+00,8.09735266e+00,1.00004592e-09
14,3.70658749e-01,1.17454670e-08,96,15,2,47,normal_corr_dominates,3.91165075e+00,1.00000000e+00,2.49999857e+07,-1.42531501e+01,-2.90190628e+00,-1.13512439e+01,1.00006632e-09
14,3.70658749e-01,1.17454670e-08,96,16,2,50,normal_corr_dominates,1.02140328e+00,1.00000000e+00,2.50000001e+07,1.07638665e-01,-5.02907309e+00,5.13671175e+00,1.00004739e-09
14,3.70658749e-01,1.17454670e-08,96,17,0,51,corr_ratio_high,5.13808887e-01,5.00000000e-01,2.49999984e+07,-1.59410670e+00,-4.74373402e+00,3.14962731e+00,1.00011191e-09
14,3.70658749e-01,1.17454670e-08,96,17,1,52,normal_corr_dominates,1.24038749e+00,1.00000000e+00,2.50000011e+07,1.14033431e+00,-4.74373402e+00,5.88406832e+00,1.00006955e-09
14,3.70658749e-01,1.17454670e-08,96,17,2,53,corr_ratio_high,2.58027883e+00,5.00000000e-01,2.50000000e+07,-6.91911117e-03,-4.74373402e+00,4.73681491e+00,1.00001099e-09
14,3.70658749e-01,1.17454670e-08,96,18,2,56,normal_corr_dominates,1.00889481e+00,1.00000000e+00,2.50000001e+07,7.68828708e-02,-8.64356193e+00,8.72044480e+00,1.00005601e-09
14,3.70658749e-01,1.17454670e-08,96,19,0,57,normal_corr_dominates,1.49029701e+01,1.00000000e+00,2.49999738e+07,-2.61694532e+01,-1.64557017e+00,-2.45238830e+01,1.00004186e-09
14,3.70658749e-01,1.17454670e-08,96,19,0,57,corr_ratio_high,1.16457324e+00,5.00000000e-01,2.49999738e+07,-2.61694532e+01,-1.64557017e+00,-2.45238830e+01,1.00004186e-09
14,3.70658749e-01,1.17454670e-08,96,19,2,59,normal_corr_dominates,2.33768624e+00,1.00000000e+00,2.50000022e+07,2.20125657e+00,-1.64557017e+00,3.84682674e+00,1.00004798e-09
14,3.70658749e-01,1.17454670e-08,96,20,1,61,normal_corr_dominates,1.04971025e+00,1.00000000e+00,2.50000002e+07,2.06131042e-01,-4.14665066e+00,4.35278170e+00,1.00006398e-09
14,3.70658749e-01,1.17454670e-08,96,20,2,62,normal_corr_dominates,2.48813257e+00,1.00000000e+00,2.49999855e+07,-1.44640672e+01,-4.14665066e+00,-1.03174166e+01,1.00005041e-09
14,3.70658749e-01,1.17454670e-08,96,21,0,63,normal_corr_dominates,1.60365846e+00,1.00000000e+00,2.49999918e+07,-8.22510237e+00,-3.15905581e+00,-5.06604656e+00,1.00004751e-09
14,3.70658749e-01,1.17454670e-08,96,21,1,64,normal_corr_dominates,2.30489395e+00,1.00000000e+00,2.50000041e+07,4.12223281e+00,-3.15905581e+00,7.28128862e+00,1.00004927e-09
14,3.70658749e-01,1.17454670e-08,96,21,2,65,normal_corr_dominates,1.45117751e+00,1.00000000e+00,2.50000014e+07,1.42529494e+00,-3.15905581e+00,4.58435075e+00,1.00005589e-09
14,3.70658749e-01,1.17454670e-08,96,22,0,66,normal_corr_dominates,2.75811640e+00,1.00000000e+00,2.50000058e+07,5.83748272e+00,-3.32030503e+00,9.15778774e+00,1.00007025e-09
14,3.70658749e-01,1.17454670e-08,96,22,1,67,normal_corr_dominates,1.29843759e+00,1.00000000e+00,2.49999924e+07,-7.63151387e+00,-3.32030503e+00,-4.31120885e+00,1.00006088e-09
14,3.70658749e-01,1.17454670e-08,96,22,2,68,corr_ratio_high,1.57307543e+00,5.00000000e-01,2.49999980e+07,-2.01433390e+00,-3.32030503e+00,1.30597113e+00,1.00002557e-09
14,3.70658749e-01,1.17454670e-08,96,23,0,69,normal_corr_dominates,8.32216013e+00,1.00000000e+00,2.49999973e+07,-2.67683810e+00,-2.87147835e-01,-2.38969026e+00,1.00006391e-09
14,3.70658749e-01,1.17454670e-08,96,23,1,70,normal_corr_dominates,5.77325735e+00,1.00000000e+00,2.49999981e+07,-1.94492618e+00,-2.87147835e-01,-1.65777835e+00,1.00005142e-09
14,3.70658749e-01,1.17454670e-08,96,23,2,71,normal_corr_dominates,3.21413910e+01,1.00000000e+00,2.50000089e+07,8.94218302e+00,-2.87147835e-01,9.22933085e+00,1.00006610e-09
14,3.70658749e-01,1.17454670e-08,96,24,1,73,corr_ratio_high,5.80771464e-01,5.00000000e-01,2.49999979e+07,-2.10196613e+00,-5.54469165e+00,3.44272552e+00,1.00003714e-09
14,3.70658749e-01,1.17454670e-08,96,24,2,74,normal_corr_dominates,1.08256225e+00,1.00000000e+00,2.49999885e+07,-1.15471655e+01,-5.54469165e+00,-6.00247385e+00,1.00005580e-09
14,3.70658749e-01,1.17454670e-08,96,26,0,78,normal_corr_dominates,5.31268131e+00,1.00000000e+00,2.50000080e+07,8.01917276e+00,-1.85944015e+00,9.87861290e+00,1.00009744e-09
14,3.70658749e-01,1.17454670e-08,96,26,1,79,normal_corr_dominates,1.86005247e+00,1.00000000e+00,2.49999947e+07,-5.31809637e+00,-1.85944015e+00,-3.45865623e+00,1.00005338e-09
14,3.70658749e-01,1.17454670e-08,96,26,2,80,normal_corr_dominates,4.33758274e+00,1.00000000e+00,2.49999901e+07,-9.92491562e+00,-1.85944015e+00,-8.06547547e+00,1.00003071e-09
14,3.70658749e-01,1.17454670e-08,96,26,2,80,corr_ratio_high,1.22750298e+00,5.00000000e-01,2.49999901e+07,-9.92491562e+00,-1.85944015e+00,-8.06547547e+00,1.00003071e-09
14,3.70658749e-01,1.17454670e-08,96,27,0,81,normal_corr_dominates,4.37424762e+00,1.00000000e+00,2.49999911e+07,-8.94409697e+00,-1.66425100e+00,-7.27984597e+00,1.00004773e-09
14,3.70658749e-01,1.17454670e-08,96,27,1,82,normal_corr_dominates,2.72315176e+00,1.00000000e+00,2.50000029e+07,2.86775704e+00,-1.66425100e+00,4.53200804e+00,1.00004626e-09
14,3.70658749e-01,1.17454670e-08,96,29,0,87,normal_corr_dominates,1.03773083e+01,1.00000000e+00,2.49999757e+07,-2.43213887e+01,-2.13771026e+00,-2.21836784e+01,1.00004384e-09
14,3.70658749e-01,1.17454670e-08,96,29,0,87,corr_ratio_high,8.83985176e-01,5.00000000e-01,2.49999757e+07,-2.43213887e+01,-2.13771026e+00,-2.21836784e+01,1.00004384e-09
14,3.70658749e-01,1.17454670e-08,96,29,1,88,normal_corr_dominates,5.70321512e+00,1.00000000e+00,2.49999857e+07,-1.43295317e+01,-2.13771026e+00,-1.21918215e+01,1.00005605e-09
14,3.70658749e-01,1.17454670e-08,96,29,2,89,normal_corr_dominates,3.26524986e+00,1.00000000e+00,2.50000048e+07,4.84244785e+00,-2.13771026e+00,6.98015811e+00,1.00004998e-09
14,3.70658749e-01,1.17454670e-08,96,30,2,92,normal_corr_dominates,1.40376558e+00,1.00000000e+00,2.49999857e+07,-1.42910115e+01,-5.94526003e+00,-8.34575143e+00,1.00005942e-09
14,3.70658749e-01,1.17454670e-08,96,31,0,93,normal_corr_dominates,1.52173348e+00,1.00000000e+00,2.49999935e+07,-6.47933673e+00,-2.56939791e+00,-3.90993882e+00,1.00004909e-09
14,3.70658749e-01,1.17454670e-08,96,31,1,94,normal_corr_dominates,1.37907289e+00,1.00000000e+00,2.50000010e+07,9.73989099e-01,-2.56939791e+00,3.54338701e+00,1.00006006e-09
14,3.70658749e-01,1.17454670e-08,96,31,2,95,normal_corr_dominates,1.97579788e+00,1.00000000e+00,2.50000025e+07,2.50721304e+00,-2.56939791e+00,5.07661096e+00,1.00004517e-09
14,3.70658749e-01,1.17454670e-08,96,32,1,97,normal_corr_dominates,2.35786558e+00,1.00000000e+00,2.49999918e+07,-8.16459140e+00,-2.43148250e+00,-5.73310890e+00,1.00004270e-09
14,3.70658749e-01,1.17454670e-08,96,33,0,99,normal_corr_dominates,5.44232849e+00,1.00000000e+00,2.49999878e+07,-1.22427569e+01,-1.90036210e+00,-1.03423948e+01,1.00004917e-09
14,3.70658749e-01,1.17454670e-08,96,33,1,100,normal_corr_dominates,1.33779144e+00,1.00000000e+00,2.49999956e+07,-4.44265024e+00,-1.90036210e+00,-2.54228814e+00,1.00005021e-09
14,3.70658749e-01,1.17454670e-08,96,33,2,101,normal_corr_dominates,3.24336308e+00,1.00000000e+00,2.50000043e+07,4.26320217e+00,-1.90036210e+00,6.16356427e+00,1.00004981e-09
14,3.70658749e-01,1.17454670e-08,96,34,0,102,normal_corr_dominates,2.23587637e+00,1.00000000e+00,2.49999856e+07,-1.43829189e+01,-4.44482955e+00,-9.93808937e+00,1.00004143e-09
14,3.70658749e-01,1.17454670e-08,96,34,1,103,normal_corr_dominates,2.06098065e+00,1.00000000e+00,2.50000047e+07,4.71587816e+00,-4.44482955e+00,9.16070770e+00,1.00003884e-09
14,3.70658749e-01,1.17454670e-08,96,35,0,105,normal_corr_dominates,3.85183363e+01,1.00000000e+00,2.50000174e+07,1.73569092e+01,-4.62624704e-01,1.78195339e+01,1.00007430e-09
14,3.70658749e-01,1.17454670e-08,96,35,1,106,normal_corr_dominates,1.97722676e+01,1.00000000e+00,2.49999904e+07,-9.60976416e+00,-4.62624704e-01,-9.14713946e+00,1.00010304e-09
14,3.70658749e-01,1.17454670e-08,96,35,2,107,normal_corr_dominates,3.99976215e+01,1.00000000e+00,2.49999810e+07,-1.89665125e+01,-4.62624704e-01,-1.85038878e+01,1.00001706e-09
14,3.70658749e-01,1.17454670e-08,96,35,2,107,corr_ratio_high,4.25634543e+00,5.00000000e-01,2.49999810e+07,-1.89665125e+01,-4.62624704e-01,-1.85038878e+01,1.00001706e-09
14,3.70658749e-01,1.17454670e-08,96,36,1,109,corr_ratio_high,7.25924767e-01,5.00000000e-01,2.49999903e+07,-9.73965332e+00,-8.12750015e+00,-1.61215316e+00,1.00003178e-09
14,3.70658749e-01,1.17454670e-08,96,37,0,111,normal_corr_dominates,1.88689205e+00,1.00000000e+00,2.50000015e+07,1.48167731e+00,-1.67063998e+00,3.15231729e+00,1.00005239e-09
14,3.70658749e-01,1.17454670e-08,96,37,2,113,normal_corr_dominates,2.72152284e+00,1.00000000e+00,2.50000029e+07,2.87604488e+00,-1.67063998e+00,4.54668485e+00,1.00003725e-09
15,3.96484186e-01,1.25638257e-08,96,0,0,0,corr_ratio_high,9.36554493e-01,5.00000000e-01,2.49999901e+07,-9.85568343e+00,-7.19066714e+00,-2.66501628e+00,1.00003292e-09
15,3.96484186e-01,1.25638257e-08,96,0,2,2,normal_corr_dominates,1.13838459e+00,1.00000000e+00,2.50000010e+07,9.95077494e-01,-7.19066714e+00,8.18574464e+00,1.00005529e-09
15,3.96484186e-01,1.25638257e-08,96,1,0,3,normal_corr_dominates,8.29844090e+00,1.00000000e+00,2.50000084e+07,8.39979309e+00,-1.15090239e+00,9.55069548e+00,1.00006976e-09
15,3.96484186e-01,1.25638257e-08,96,1,1,4,normal_corr_dominates,8.91804572e+00,1.00000000e+00,2.49999886e+07,-1.14147025e+01,-1.15090239e+00,-1.02638001e+01,1.00004439e-09
15,3.96484186e-01,1.25638257e-08,96,1,1,4,corr_ratio_high,8.73421076e-01,5.00000000e-01,2.49999886e+07,-1.14147025e+01,-1.15090239e+00,-1.02638001e+01,1.00004439e-09
15,3.96484186e-01,1.25638257e-08,96,1,2,5,normal_corr_dominates,6.60804720e+00,1.00000000e+00,2.49999912e+07,-8.75611971e+00,-1.15090239e+00,-7.60521732e+00,1.00006454e-09
15,3.96484186e-01,1.25638257e-08,96,2,0,6,normal_corr_dominates,1.16094605e+00,1.00000000e+00,2.50000006e+07,5.56190177e-01,-3.45575533e+00,4.01194551e+00,1.00004927e-09
15,3.96484186e-01,1.25638257e-08,96,2,0,6,corr_ratio_high,5.85154854e-01,5.00000000e-01,2.50000006e+07,5.56190177e-01,-3.45575533e+00,4.01194551e+00,1.00004927e-09
15,3.96484186e-01,1.25638257e-08,96,2,1,7,normal_corr_dominates,3.61555177e+00,1.00000000e+00,2.49999840e+07,-1.59502177e+01,-3.45575533e+00,-1.24944623e+01,1.00005840e-09
15,3.96484186e-01,1.25638257e-08,96,2,2,8,normal_corr_dominates,3.75809369e+00,1.00000000e+00,2.50000095e+07,9.53129696e+00,-3.45575533e+00,1.29870523e+01,1.00008935e-09
15,3.96484186e-01,1.25638257e-08,96,3,0,9,normal_corr_dominates,1.75124918e+01,1.00000000e+00,2.49999813e+07,-1.86510317e+01,-1.00748359e+00,-1.76435481e+01,1.00013518e-09
15,3.96484186e-01,1.25638257e-08,96,3,0,9,corr_ratio_high,5.86298014e-01,5.00000000e-01,2.49999813e+07,-1.86510317e+01,-1.00748359e+00,-1.76435481e+01,1.00013518e-09
15,3.96484186e-01,1.25638257e-08,96,3,1,10,normal_corr_dominates,8.63848007e+00,1.00000000e+00,2.49999903e+07,-9.71061052e+00,-1.00748359e+00,-8.70312693e+00,1.00003590e-09
15,3.96484186e-01,1.25638257e-08,96,3,1,10,corr_ratio_high,8.55575581e-01,5.00000000e-01,2.49999903e+07,-9.71061052e+00,-1.00748359e+00,-8.70312693e+00,1.00003590e-09
15,3.96484186e-01,1.25638257e-08,96,3,2,11,normal_corr_dominates,1.09911841e+01,1.00000000e+00,2.50000101e+07,1.00659540e+01,-1.00748359e+00,1.10734376e+01,1.00001496e-09
15,3.96484186e-01,1.25638257e-08,96,3,2,11,corr_ratio_high,1.79243270e+00,5.00000000e-01,2.50000101e+07,1.00659540e+01,-1.00748359e+00,1.10734376e+01,1.00001496e-09
15,3.96484186e-01,1.25638257e-08,96,4,0,12,normal_corr_dominates,1.58544931e+00,1.00000000e+00,2.49999979e+07,-2.08296493e+00,-8.05649109e-01,-1.27731583e+00,1.00006238e-09
15,3.96484186e-01,1.25638257e-08,96,4,1,13,normal_corr_dominates,2.82130888e+00,1.00000000e+00,2.50000015e+07,1.46733588e+00,-8.05649109e-01,2.27298499e+00,1.00005313e-09
15,3.96484186e-01,1.25638257e-08,96,4,2,14,normal_corr_dominates,6.83902178e+00,1.00000000e+00,2.50000047e+07,4.70420270e+00,-8.05649109e-01,5.50985181e+00,1.00004322e-09
15,3.96484186e-01,1.25638257e-08,96,5,0,15,normal_corr_dominates,2.14008099e+00,1.00000000e+00,2.50000070e+07,6.98021949e+00,-6.12256460e+00,1.31027841e+01,1.00003886e-09
15,3.96484186e-01,1.25638257e-08,96,5,1,16,normal_corr_dominates,1.42312548e+00,1.00000000e+00,2.49999852e+07,-1.48357423e+01,-6.12256460e+00,-8.71317766e+00,1.00006304e-09
15,3.96484186e-01,1.25638257e-08,96,5,2,17,normal_corr_dominates,1.70958632e+00,1.00000000e+00,2.49999834e+07,-1.65896173e+01,-6.12256460e+00,-1.04670527e+01,1.00006688e-09
15,3.96484186e-01,1.25638257e-08,96,6,1,19,normal_corr_dominates,2.05392292e+00,1.00000000e+00,2.50000043e+07,4.26409541e+00,-4.04592719e+00,8.31002260e+00,1.00004007e-09
15,3.96484186e-01,1.25638257e-08,96,6,2,20,normal_corr_dominates,3.88395691e+00,1.00000000e+00,2.49999802e+07,-1.97601341e+01,-4.04592719e+00,-1.57142069e+01,1.00008156e-09
15,3.96484186e-01,1.25638257e-08,96,7,0,21,normal_corr_dominates,6.89333940e+01,1.00000000e+00,2.49999921e+07,-7.87676378e+00,-1.12632368e-01,-7.76413141e+00,1.00005160e-09
15,3.96484186e-01,1.25638257e-08,96,7,1,22,normal_corr_dominates,4.31135222e+01,1.00000000e+00,2.49999950e+07,-4.96861048e+00,-1.12632368e-01,-4.85597811e+00,1.00006935e-09
15,3.96484186e-01,1.25638257e-08,96,7,2,23,normal_corr_dominates,1.11406859e+02,1.00000000e+00,2.50000124e+07,1.24353860e+01,-1.12632368e-01,1.25480184e+01,1.00006555e-09
15,3.96484186e-01,1.25638257e-08,96,8,0,24,normal_corr_dominates,4.44497968e+00,1.00000000e+00,2.49999912e+07,-8.82843091e+00,-1.62138914e+00,-7.20704177e+00,1.00004919e-09
15,3.96484186e-01,1.25638257e-08,96,8,1,25,normal_corr_dominates,4.65737271e+00,1.00000000e+00,2.50000059e+07,5.93002440e+00,-1.62138914e+00,7.55141354e+00,1.00003733e-09
15,3.96484186e-01,1.25638257e-08,96,8,1,25,corr_ratio_high,5.24305221e-01,5.00000000e-01,2.50000059e+07,5.93002440e+00,-1.62138914e+00,7.55141354e+00,1.00003733e-09
15,3.96484186e-01,1.25638257e-08,96,8,2,26,normal_corr_dominates,2.97778096e+00,1.00000000e+00,2.50000032e+07,3.20675258e+00,-1.62138914e+00,4.82814172e+00,1.00005600e-09
15,3.96484186e-01,1.25638257e-08,96,9,0,27,normal_corr_dominates,1.31413158e+00,1.00000000e+00,2.50000013e+07,1.29316310e+00,-4.11662883e+00,5.40979193e+00,1.00007252e-09
15,3.96484186e-01,1.25638257e-08,96,9,1,28,normal_corr_dominates,2.15092886e+00,1.00000000e+00,2.49999870e+07,-1.29712046e+01,-4.11662883e+00,-8.85457576e+00,1.00005619e-09
15,3.96484186e-01,1.25638257e-08,96,9,2,29,normal_corr_dominates,2.46636701e+00,1.00000000e+00,2.49999857e+07,-1.42697464e+01,-4.11662883e+00,-1.01531175e+01,1.00005718e-09
15,3.96484186e-01,1.25638257e-08,96,10,0,30,normal_corr_dominates,5.25172202e+00,1.00000000e+00,2.50000055e+07,5.53109424e+00,-1.30090684e+00,6.83200108e+00,1.00005650e-09
15,3.96484186e-01,1.25638257e-08,96,10,1,31,normal_corr_dominates,1.06232997e+01,1.00000000e+00,2.50000125e+07,1.25190164e+01,-1.30090684e+00,1.38199233e+01,1.00009631e-09
15,3.96484186e-01,1.25638257e-08,96,10,2,32,normal_corr_dominates,9.43931421e+00,1.00000000e+00,2.49999864e+07,-1.35805752e+01,-1.30090684e+00,-1.22796684e+01,1.00005611e-09
15,3.96484186e-01,1.25638257e-08,96,11,0,33,normal_corr_dominates,2.87846547e+00,1.00000000e+00,2.49999978e+07,-2.22918056e+00,-5.74758388e-01,-1.65442217e+00,1.00008036e-09
15,3.96484186e-01,1.25638257e-08,96,11,1,34,normal_corr_dominates,6.55778994e+00,1.00000000e+00,2.50000032e+07,3.19438639e+00,-5.74758388e-01,3.76914478e+00,1.00007143e-09
15,3.96484186e-01,1.25638257e-08,96,11,2,35,normal_corr_dominates,1.19690109e+01,1.00000000e+00,2.49999925e+07,-7.45404781e+00,-5.74758388e-01,-6.87928943e+00,1.00003943e-09
15,3.96484186e-01,1.25638257e-08,96,11,2,35,corr_ratio_high,1.01962002e+00,5.00000000e-01,2.49999925e+07,-7.45404781e+00,-5.74758388e-01,-6.87928943e+00,1.00003943e-09
15,3.96484186e-01,1.25638257e-08,96,12,1,37,normal_corr_dominates,1.16470000e+00,1.00000000e+00,2.50000011e+07,1.11938571e+00,-6.79651323e+00,7.91589894e+00,1.00004823e-09
15,3.96484186e-01,1.25638257e-08,96,13,0,39,normal_corr_dominates,1.77594042e+00,1.00000000e+00,2.50000027e+07,2.73759249e+00,-3.52809626e+00,6.26568875e+00,1.00003907e-09
15,3.96484186e-01,1.25638257e-08,96,14,0,42,normal_corr_dominates,3.10116869e+00,1.00000000e+00,2.49999973e+07,-2.68247488e+00,-6.54075725e-01,-2.02839916e+00,1.00005784e-09
15,3.96484186e-01,1.25638257e-08,96,14,1,43,normal_corr_dominates,3.14497638e+00,1.00000000e+00,2.49999973e+07,-2.71112843e+00,-6.54075725e-01,-2.05705271e+00,1.00004897e-09
15,3.96484186e-01,1.25638257e-08,96,14,2,44,normal_corr_dominates,1.80463077e+01,1.00000000e+00,2.50000111e+07,1.11495761e+01,-6.54075725e-01,1.18036518e+01,1.00008060e-09
15,3.96484186e-01,1.25638257e-08,96,15,0,45,normal_corr_dominates,1.40043791e+00,1.00000000e+00,2.49999926e+07,-7.42801229e+00,-3.09444050e+00,-4.33357179e+00,1.00004736e-09
15,3.96484186e-01,1.25638257e-08,96,15,1,46,normal_corr_dominates,2.78944860e+00,1.00000000e+00,2.50000055e+07,5.53734222e+00,-3.09444050e+00,8.63178272e+00,1.00004895e-09
15,3.96484186e-01,1.25638257e-08,96,15,2,47,normal_corr_dominates,3.91088315e+00,1.00000000e+00,2.49999848e+07,-1.51964357e+01,-3.09444050e+00,-1.21019952e+01,1.00007070e-09
15,3.96484186e-01,1.25638257e-08,96,16,2,50,normal_corr_dominates,1.02095499e+00,1.00000000e+00,2.50000001e+07,1.12364345e-01,-5.36217657e+00,5.47454091e+00,1.00005052e-09
15,3.96484186e-01,1.25638257e-08,96,17,0,51,corr_ratio_high,5.13788456e-01,5.00000000e-01,2.49999983e+07,-1.70026006e+00,-5.05885746e+00,3.35859740e+00,1.00011929e-09
15,3.96484186e-01,1.25638257e-08,96,17,1,52,normal_corr_dominates,1.23941680e+00,1.00000000e+00,2.50000012e+07,1.21117546e+00,-5.05885746e+00,6.27003292e+00,1.00007415e-09
15,3.96484186e-01,1.25638257e-08,96,17,2,53,corr_ratio_high,2.57982128e+00,5.00000000e-01,2.50000000e+07,-7.92360578e-03,-5.05885746e+00,5.05093385e+00,1.00001172e-09
15,3.96484186e-01,1.25638257e-08,96,18,2,56,normal_corr_dominates,1.00867612e+00,1.00000000e+00,2.50000001e+07,7.99563384e-02,-9.21568067e+00,9.29563700e+00,1.00005972e-09
15,3.96484186e-01,1.25638257e-08,96,19,0,57,normal_corr_dominates,1.48999653e+01,1.00000000e+00,2.49999721e+07,-2.78986454e+01,-1.75463562e+00,-2.61440098e+01,1.00004462e-09
15,3.96484186e-01,1.25638257e-08,96,19,0,57,corr_ratio_high,1.16438381e+00,5.00000000e-01,2.49999721e+07,-2.78986454e+01,-1.75463562e+00,-2.61440098e+01,1.00004462e-09
15,3.96484186e-01,1.25638257e-08,96,19,2,59,normal_corr_dominates,2.33768598e+00,1.00000000e+00,2.50000023e+07,2.34715147e+00,-1.75463562e+00,4.10178708e+00,1.00005115e-09
15,3.96484186e-01,1.25638257e-08,96,20,1,61,normal_corr_dominates,1.04936341e+00,1.00000000e+00,2.50000002e+07,2.18276516e-01,-4.42182785e+00,4.64010436e+00,1.00006821e-09
15,3.96484186e-01,1.25638257e-08,96,20,2,62,normal_corr_dominates,2.48737892e+00,1.00000000e+00,2.49999846e+07,-1.54205892e+01,-4.42182785e+00,-1.09987614e+01,1.00005374e-09
15,3.96484186e-01,1.25638257e-08,96,21,0,63,normal_corr_dominates,1.60295689e+00,1.00000000e+00,2.49999912e+07,-8.76850147e+00,-3.36866950e+00,-5.39983197e+00,1.00005065e-09
15,3.96484186e-01,1.25638257e-08,96,21,1,64,normal_corr_dominates,2.30405632e+00,1.00000000e+00,2.50000044e+07,4.39293473e+00,-3.36866950e+00,7.76160423e+00,1.00005252e-09
15,3.96484186e-01,1.25638257e-08,96,21,2,65,normal_corr_dominates,1.45048486e+00,1.00000000e+00,2.50000015e+07,1.51753462e+00,-3.36866950e+00,4.88620411e+00,1.00005958e-09
15,3.96484186e-01,1.25638257e-08,96,22,0,66,normal_corr_dominates,2.75623681e+00,1.00000000e+00,2.50000062e+07,6.21916391e+00,-3.54118755e+00,9.76035146e+00,1.00007490e-09
15,3.96484186e-01,1.25638257e-08,96,22,1,67,normal_corr_dominates,1.29783767e+00,1.00000000e+00,2.49999919e+07,-8.13707414e+00,-3.54118755e+00,-4.59588660e+00,1.00006491e-09
15,3.96484186e-01,1.25638257e-08,96,22,2,68,corr_ratio_high,1.57299119e+00,5.00000000e-01,2.49999979e+07,-2.14748786e+00,-3.54118755e+00,1.39369969e+00,1.00002726e-09
15,3.96484186e-01,1.25638257e-08,96,23,0,69,normal_corr_dominates,8.31125618e+00,1.00000000e+00,2.49999971e+07,-2.85317831e+00,-3.06422491e-01,-2.54675582e+00,1.00006813e-09
15,3.96484186e-01,1.25638257e-08,96,23,1,70,normal_corr_dominates,5.76654306e+00,1.00000000e+00,2.49999979e+07,-2.07342098e+00,-3.06422491e-01,-1.76699849e+00,1.00005482e-09
15,3.96484186e-01,1.25638257e-08,96,23,2,71,normal_corr_dominates,3.21108297e+01,1.00000000e+00,2.50000095e+07,9.53305793e+00,-3.06422491e-01,9.83948042e+00,1.00007047e-09
15,3.96484186e-01,1.25638257e-08,96,24,1,73,corr_ratio_high,5.80804191e-01,5.00000000e-01,2.49999978e+07,-2.24173169e+00,-5.91216830e+00,3.67043661e+00,1.00003959e-09
15,3.96484186e-01,1.25638257e-08,96,24,2,74,normal_corr_dominates,1.08243734e+00,1.00000000e+00,2.49999877e+07,-1.23117200e+01,-5.91216830e+00,-6.39955169e+00,1.00005949e-09
15,3.96484186e-01,1.25638257e-08,96,26,0,78,normal_corr_dominates,5.31112957e+00,1.00000000e+00,2.50000085e+07,8.54769547e+00,-1.98270438e+00,1.05303998e+01,1.00010387e-09
15,3.96484186e-01,1.25638257e-08,96,26,1,79,normal_corr_dominates,1.85934912e+00,1.00000000e+00,2.49999943e+07,-5.66924401e+00,-1.98270438e+00,-3.68653963e+00,1.00005691e-09
15,3.96484186e-01,1.25638257e-08,96,26,2,80,normal_corr_dominates,4.33610459e+00,1.00000000e+00,2.49999894e+07,-1.05799179e+01,-1.98270438e+00,-8.59721355e+00,1.00003274e-09
15,3.96484186e-01,1.25638257e-08,96,26,2,80,corr_ratio_high,1.22722265e+00,5.00000000e-01,2.49999894e+07,-1.05799179e+01,-1.98270438e+00,-8.59721355e+00,1.00003274e-09
15,3.96484186e-01,1.25638257e-08,96,27,0,81,normal_corr_dominates,4.37241434e+00,1.00000000e+00,2.49999905e+07,-9.53420422e+00,-1.77465914e+00,-7.75954508e+00,1.00005089e-09
15,3.96484186e-01,1.25638257e-08,96,27,1,82,normal_corr_dominates,2.72358051e+00,1.00000000e+00,2.50000031e+07,3.05876791e+00,-1.77465914e+00,4.83342705e+00,1.00004931e-09
15,3.96484186e-01,1.25638257e-08,96,29,0,87,normal_corr_dominates,1.03736746e+01,1.00000000e+00,2.49999741e+07,-2.59277904e+01,-2.27963181e+00,-2.36481586e+01,1.00004673e-09
15,3.96484186e-01,1.25638257e-08,96,29,0,87,corr_ratio_high,8.84015351e-01,5.00000000e-01,2.49999741e+07,-2.59277904e+01,-2.27963181e+00,-2.36481586e+01,1.00004673e-09
15,3.96484186e-01,1.25638257e-08,96,29,1,88,normal_corr_dominates,5.70117797e+00,1.00000000e+00,2.49999847e+07,-1.52762185e+01,-2.27963181e+00,-1.29965866e+01,1.00005975e-09
15,3.96484186e-01,1.25638257e-08,96,29,2,89,normal_corr_dominates,3.26426550e+00,1.00000000e+00,2.50000052e+07,5.16169165e+00,-2.27963181e+00,7.44132346e+00,1.00005329e-09
15,3.96484186e-01,1.25638257e-08,96,30,2,92,normal_corr_dominates,1.40350597e+00,1.00000000e+00,2.49999848e+07,-1.52358765e+01,-6.33902173e+00,-8.89685482e+00,1.00006335e-09
15,3.96484186e-01,1.25638257e-08,96,31,0,93,normal_corr_dominates,1.52108123e+00,1.00000000e+00,2.49999931e+07,-6.90762193e+00,-2.73994422e+00,-4.16767771e+00,1.00005233e-09
15,3.96484186e-01,1.25638257e-08,96,31,1,94,normal_corr_dominates,1.37824152e+00,1.00000000e+00,2.50000010e+07,1.03636067e+00,-2.73994422e+00,3.77630489e+00,1.00006403e-09
15,3.96484186e-01,1.25638257e-08,96,31,2,95,normal_corr_dominates,1.97533670e+00,1.00000000e+00,2.50000027e+07,2.67236816e+00,-2.73994422e+00,5.41231237e+00,1.00004815e-09
15,3.96484186e-01,1.25638257e-08,96,32,1,97,normal_corr_dominates,2.35711266e+00,1.00000000e+00,2.49999913e+07,-8.70343572e+00,-2.59253609e+00,-6.11089963e+00,1.00004552e-09
15,3.96484186e-01,1.25638257e-08,96,33,0,99,normal_corr_dominates,5.44024151e+00,1.00000000e+00,2.49999869e+07,-1.30515894e+01,-2.02656832e+00,-1.10250211e+01,1.00005242e-09
15,3.96484186e-01,1.25638257e-08,96,33,1,100,normal_corr_dominates,1.33704995e+00,1.00000000e+00,2.49999953e+07,-4.73619138e+00,-2.02656832e+00,-2.70962306e+00,1.00005353e-09
15,3.96484186e-01,1.25638257e-08,96,33,2,101,normal_corr_dominates,3.24237900e+00,1.00000000e+00,2.50000045e+07,4.54433424e+00,-2.02656832e+00,6.57090256e+00,1.00005310e-09
15,3.96484186e-01,1.25638257e-08,96,34,0,102,normal_corr_dominates,2.23531327e+00,1.00000000e+00,2.49999847e+07,-1.53342978e+01,-4.73966399e+00,-1.05946338e+01,1.00004416e-09
15,3.96484186e-01,1.25638257e-08,96,34,1,103,normal_corr_dominates,2.06039342e+00,1.00000000e+00,2.50000050e+07,5.02590852e+00,-4.73966399e+00,9.76557251e+00,1.00004141e-09
15,3.96484186e-01,1.25638257e-08,96,35,0,105,normal_corr_dominates,3.84663981e+01,1.00000000e+00,2.50000185e+07,1.85023501e+01,-4.93838508e-01,1.89961887e+01,1.00007920e-09
15,3.96484186e-01,1.25638257e-08,96,35,1,106,normal_corr_dominates,1.97478375e+01,1.00000000e+00,2.49999898e+07,-1.02460811e+01,-4.93838508e-01,-9.75224258e+00,1.00010984e-09
15,3.96484186e-01,1.25638257e-08,96,35,2,107,normal_corr_dominates,3.99402115e+01,1.00000000e+00,2.49999798e+07,-2.02178530e+01,-4.93838508e-01,-1.97240145e+01,1.00001819e-09
15,3.96484186e-01,1.25638257e-08,96,35,2,107,corr_ratio_high,4.25503452e+00,5.00000000e-01,2.49999798e+07,-2.02178530e+01,-4.93838508e-01,-1.97240145e+01,1.00001819e-09
15,3.96484186e-01,1.25638257e-08,96,36,1,109,corr_ratio_high,7.25884135e-01,5.00000000e-01,2.49999896e+07,-1.03849265e+01,-8.66548037e+00,-1.71944614e+00,1.00003388e-09
15,3.96484186e-01,1.25638257e-08,96,37,0,111,normal_corr_dominates,1.88747725e+00,1.00000000e+00,2.50000016e+07,1.58113334e+00,-1.78160435e+00,3.36273769e+00,1.00005584e-09
15,3.96484186e-01,1.25638257e-08,96,37,2,113,normal_corr_dominates,2.72100077e+00,1.00000000e+00,2.50000031e+07,3.06614245e+00,-1.78160435e+00,4.84774680e+00,1.00003972e-09
16,4.20515876e-01,1.33253440e-08,96,0,0,0,corr_ratio_high,9.36460246e-01,5.00000000e-01,2.49999896e+07,-1.04228363e+01,-7.60441111e+00,-2.81842518e+00,1.00003481e-09
16,4.20515876e-01,1.33253440e-08,96,0,2,2,normal_corr_dominates,1.13813375e+00,1.00000000e+00,2.50000011e+07,1.05042579e+00,-7.60441111e+00,8.65483690e+00,1.00005847e-09
16,4.20515876e-01,1.33253440e-08,96,1,0,3,normal_corr_dominates,8.29943845e+00,1.00000000e+00,2.50000089e+07,8.88187040e+00,-1.21678818e+00,1.00986586e+01,1.00007376e-09
16,4.20515876e-01,1.33253440e-08,96,1,1,4,normal_corr_dominates,8.92179424e+00,1.00000000e+00,2.49999879e+07,-1.20727219e+01,-1.21678818e+00,-1.08559337e+01,1.00004694e-09
16,4.20515876e-01,1.33253440e-08,96,1,1,4,corr_ratio_high,8.73525037e-01,5.00000000e-01,2.49999879e+07,-1.20727219e+01,-1.21678818e+00,-1.08559337e+01,1.00004694e-09
16,4.20515876e-01,1.33253440e-08,96,1,2,5,normal_corr_dominates,6.60808436e+00,1.00000000e+00,2.49999907e+07,-9.25742709e+00,-1.21678818e+00,-8.04063891e+00,1.00006825e-09
16,4.20515876e-01,1.33253440e-08,96,2,0,6,normal_corr_dominates,1.16024809e+00,1.00000000e+00,2.50000006e+07,5.85598782e-01,-3.65432613e+00,4.23992491e+00,1.00005209e-09
16,4.20515876e-01,1.33253440e-08,96,2,0,6,corr_ratio_high,5.85239104e-01,5.00000000e-01,2.50000006e+07,5.85598782e-01,-3.65432613e+00,4.23992491e+00,1.00005209e-09
16,4.20515876e-01,1.33253440e-08,96,2,1,7,normal_corr_dominates,3.61499396e+00,1.00000000e+00,2.49999831e+07,-1.68646930e+01,-3.65432613e+00,-1.32103669e+01,1.00006175e-09
16,4.20515876e-01,1.33253440e-08,96,2,2,8,normal_corr_dominates,3.75803990e+00,1.00000000e+00,2.50000101e+07,1.00787773e+01,-3.65432613e+00,1.37331034e+01,1.00009447e-09
16,4.20515876e-01,1.33253440e-08,96,3,0,9,normal_corr_dominates,1.75019236e+01,1.00000000e+00,2.49999803e+07,-1.97226328e+01,-1.06597742e+00,-1.86566554e+01,1.00014294e-09
16,4.20515876e-01,1.33253440e-08,96,3,0,9,corr_ratio_high,5.86295647e-01,5.00000000e-01,2.49999803e+07,-1.97226328e+01,-1.06597742e+00,-1.86566554e+01,1.00014294e-09
16,4.20515876e-01,1.33253440e-08,96,3,1,10,normal_corr_dominates,8.63127160e+00,1.00000000e+00,2.49999897e+07,-1.02667181e+01,-1.06597742e+00,-9.20074063e+00,1.00003796e-09
16,4.20515876e-01,1.33253440e-08,96,3,1,10,corr_ratio_high,8.55598164e-01,5.00000000e-01,2.49999897e+07,-1.02667181e+01,-1.06597742e+00,-9.20074063e+00,1.00003796e-09
16,4.20515876e-01,1.33253440e-08,96,3,2,11,normal_corr_dominates,1.09836763e+01,1.00000000e+00,2.50000106e+07,1.06423735e+01,-1.06597742e+00,1.17083510e+01,1.00001582e-09
16,4.20515876e-01,1.33253440e-08,96,3,2,11,corr_ratio_high,1.79194842e+00,5.00000000e-01,2.50000106e+07,1.06423735e+01,-1.06597742e+00,1.17083510e+01,1.00001582e-09
16,4.20515876e-01,1.33253440e-08,96,4,0,12,normal_corr_dominates,1.58372673e+00,1.00000000e+00,2.49999978e+07,-2.20223895e+00,-8.52349793e-01,-1.34988915e+00,1.00006595e-09
16,4.20515876e-01,1.33253440e-08,96,4,1,13,normal_corr_dominates,2.81914921e+00,1.00000000e+00,2.50000016e+07,1.55055145e+00,-8.52349793e-01,2.40290124e+00,1.00005617e-09
16,4.20515876e-01,1.33253440e-08,96,4,2,14,normal_corr_dominates,6.83618805e+00,1.00000000e+00,2.50000050e+07,4.97447367e+00,-8.52349793e-01,5.82682347e+00,1.00004571e-09
16,4.20515876e-01,1.33253440e-08,96,5,0,15,normal_corr_dominates,2.13959559e+00,1.00000000e+00,2.50000074e+07,7.37886399e+00,-6.47498465e+00,1.38538486e+01,1.00004109e-09
16,4.20515876e-01,1.33253440e-08,96,5,1,16,normal_corr_dominates,1.42276354e+00,1.00000000e+00,2.49999843e+07,-1.56873567e+01,-6.47498465e+00,-9.21237206e+00,1.00006666e-09
16,4.20515876e-01,1.33253440e-08,96,5,2,17,normal_corr_dominates,1.70947793e+00,1.00000000e+00,2.49999825e+07,-1.75438280e+01,-6.47498465e+00,-1.10688434e+01,1.00007072e-09
16,4.20515876e-01,1.33253440e-08,96,6,1,19,normal_corr_dominates,2.05321506e+00,1.00000000e+00,2.50000045e+07,4.50659150e+00,-4.27889011e+00,8.78548161e+00,1.00004237e-09
16,4.20515876e-01,1.33253440e-08,96,6,2,20,normal_corr_dominates,3.88346085e+00,1.00000000e+00,2.49999791e+07,-2.08957923e+01,-4.27889011e+00,-1.66169022e+01,1.00008624e-09
16,4.20515876e-01,1.33253440e-08,96,7,0,21,normal_corr_dominates,6.89544300e+01,1.00000000e+00,2.49999917e+07,-8.33182207e+00,-1.19103566e-01,-8.21271850e+00,1.00005456e-09
16,4.20515876e-01,1.33253440e-08,96,7,1,22,normal_corr_dominates,4.30913104e+01,1.00000000e+00,2.49999947e+07,-5.25143230e+00,-1.19103566e-01,-5.13232873e+00,1.00007334e-09
16,4.20515876e-01,1.33253440e-08,96,7,2,23,normal_corr_dominates,1.11400603e+02,1.00000000e+00,2.50000131e+07,1.31491055e+01,-1.19103566e-01,1.32682090e+01,1.00006931e-09
16,4.20515876e-01,1.33253440e-08,96,8,0,24,normal_corr_dominates,4.44214661e+00,1.00000000e+00,2.49999907e+07,-9.33442667e+00,-1.71521044e+00,-7.61921624e+00,1.00005202e-09
16,4.20515876e-01,1.33253440e-08,96,8,1,25,normal_corr_dominates,4.65468962e+00,1.00000000e+00,2.50000063e+07,6.26856178e+00,-1.71521044e+00,7.98377222e+00,1.00003948e-09
16,4.20515876e-01,1.33253440e-08,96,8,1,25,corr_ratio_high,5.24215610e-01,5.00000000e-01,2.50000063e+07,6.26856178e+00,-1.71521044e+00,7.98377222e+00,1.00003948e-09
16,4.20515876e-01,1.33253440e-08,96,8,2,26,normal_corr_dominates,2.97575217e+00,1.00000000e+00,2.50000034e+07,3.38883075e+00,-1.71521044e+00,5.10404118e+00,1.00005921e-09
16,4.20515876e-01,1.33253440e-08,96,9,0,27,normal_corr_dominates,1.31375913e+00,1.00000000e+00,2.50000014e+07,1.36611199e+00,-4.35401505e+00,5.72012704e+00,1.00007668e-09
16,4.20515876e-01,1.33253440e-08,96,9,1,28,normal_corr_dominates,2.15028065e+00,1.00000000e+00,2.49999863e+07,-1.37163693e+01,-4.35401505e+00,-9.36235429e+00,1.00005942e-09
16,4.20515876e-01,1.33253440e-08,96,9,2,29,normal_corr_dominates,2.46583756e+00,1.00000000e+00,2.49999849e+07,-1.50903089e+01,-4.35401505e+00,-1.07362939e+01,1.00006046e-09
16,4.20515876e-01,1.33253440e-08,96,10,0,30,normal_corr_dominates,5.25020624e+00,1.00000000e+00,2.50000058e+07,5.84748589e+00,-1.37581227e+00,7.22329816e+00,1.00005973e-09
16,4.20515876e-01,1.33253440e-08,96,10,1,31,normal_corr_dominates,1.06213211e+01,1.00000000e+00,2.50000132e+07,1.32371316e+01,-1.37581227e+00,1.46129438e+01,1.00010183e-09
16,4.20515876e-01,1.33253440e-08,96,10,2,32,normal_corr_dominates,9.43698819e+00,1.00000000e+00,2.49999856e+07,-1.43593364e+01,-1.37581227e+00,-1.29835241e+01,1.00005933e-09
16,4.20515876e-01,1.33253440e-08,96,11,0,33,normal_corr_dominates,2.88194244e+00,1.00000000e+00,2.49999976e+07,-2.35732665e+00,-6.07254405e-01,-1.75007224e+00,1.00008497e-09
16,4.20515876e-01,1.33253440e-08,96,11,1,34,normal_corr_dominates,6.56247303e+00,1.00000000e+00,2.50000034e+07,3.37783625e+00,-6.07254405e-01,3.98509066e+00,1.00007552e-09
16,4.20515876e-01,1.33253440e-08,96,11,2,35,normal_corr_dominates,1.19815153e+01,1.00000000e+00,2.49999921e+07,-7.88308234e+00,-6.07254405e-01,-7.27582793e+00,1.00004169e-09
16,4.20515876e-01,1.33253440e-08,96,11,2,35,corr_ratio_high,1.01955593e+00,5.00000000e-01,2.49999921e+07,-7.88308234e+00,-6.07254405e-01,-7.27582793e+00,1.00004169e-09
16,4.20515876e-01,1.33253440e-08,96,12,1,37,normal_corr_dominates,1.16440104e+00,1.00000000e+00,2.50000012e+07,1.18167117e+00,-7.18773552e+00,8.36940669e+00,1.00005100e-09
16,4.20515876e-01,1.33253440e-08,96,13,0,39,normal_corr_dominates,1.77543210e+00,1.00000000e+00,2.50000029e+07,2.89355626e+00,-3.73154047e+00,6.62509673e+00,1.00004131e-09
16,4.20515876e-01,1.33253440e-08,96,14,0,42,normal_corr_dominates,3.09898484e+00,1.00000000e+00,2.49999972e+07,-2.83672257e+00,-6.92054907e-01,-2.14466766e+00,1.00006117e-09
16,4.20515876e-01,1.33253440e-08,96,14,1,43,normal_corr_dominates,3.14307513e+00,1.00000000e+00,2.49999971e+07,-2.86723547e+00,-6.92054907e-01,-2.17518056e+00,1.00005178e-09
16,4.20515876e-01,1.33253440e-08,96,14,2,44,normal_corr_dominates,1.80356217e+01,1.00000000e+00,2.50000118e+07,1.17895856e+01,-6.92054907e-01,1.24816405e+01,1.00008523e-09
16,4.20515876e-01,1.33253440e-08,96,15,0,45,normal_corr_dominates,1.39975503e+00,1.00000000e+00,2.49999921e+07,-7.85405882e+00,-3.27285858e+00,-4.58120024e+00,1.00005008e-09
16,4.20515876e-01,1.33253440e-08,96,15,1,46,normal_corr_dominates,2.78861426e+00,1.00000000e+00,2.50000059e+07,5.85388150e+00,-3.27285858e+00,9.12674008e+00,1.00005176e-09
16,4.20515876e-01,1.33253440e-08,96,15,2,47,normal_corr_dominates,3.91016764e+00,1.00000000e+00,2.49999839e+07,-1.60702843e+01,-3.27285858e+00,-1.27974257e+01,1.00007476e-09
16,4.20515876e-01,1.33253440e-08,96,16,2,50,normal_corr_dominates,1.02054391e+00,1.00000000e+00,2.50000001e+07,1.16500436e-01,-5.67080116e+00,5.78730159e+00,1.00005343e-09
16,4.20515876e-01,1.33253440e-08,96,17,0,51,corr_ratio_high,5.13769265e-01,5.00000000e-01,2.49999982e+07,-1.79859317e+00,-5.35087370e+00,3.55228053e+00,1.00012613e-09
16,4.20515876e-01,1.33253440e-08,96,17,1,52,normal_corr_dominates,1.23855253e+00,1.00000000e+00,2.50000013e+07,1.27646445e+00,-5.35087370e+00,6.62733815e+00,1.00007841e-09
16,4.20515876e-01,1.33253440e-08,96,17,2,53,corr_ratio_high,2.57940115e+00,5.00000000e-01,2.50000000e+07,-8.97743294e-03,-5.35087370e+00,5.34189627e+00,1.00001239e-09
16,4.20515876e-01,1.33253440e-08,96,18,2,56,normal_corr_dominates,1.00847605e+00,1.00000000e+00,2.50000001e+07,8.26051981e-02,-9.74571312e+00,9.82831832e+00,1.00006314e-09
16,4.20515876e-01,1.33253440e-08,96,19,0,57,normal_corr_dominates,1.48971478e+01,1.00000000e+00,2.49999705e+07,-2.95003856e+01,-1.85570305e+00,-2.76446826e+01,1.00004719e-09
16,4.20515876e-01,1.33253440e-08,96,19,0,57,corr_ratio_high,1.16421118e+00,5.00000000e-01,2.49999705e+07,-2.95003856e+01,-1.85570305e+00,-2.76446826e+01,1.00004719e-09
16,4.20515876e-01,1.33253440e-08,96,19,2,59,normal_corr_dominates,2.33767058e+00,1.00000000e+00,2.50000025e+07,2.48231936e+00,-1.85570305e+00,4.33802241e+00,1.00005409e-09
16,4.20515876e-01,1.33253440e-08,96,20,1,61,normal_corr_dominates,1.04905368e+00,1.00000000e+00,2.50000002e+07,2.29414985e-01,-4.67681499e+00,4.90622997e+00,1.00007213e-09
16,4.20515876e-01,1.33253440e-08,96,20,2,62,normal_corr_dominates,2.48670058e+00,1.00000000e+00,2.49999837e+07,-1.63066535e+01,-4.67681499e+00,-1.16298385e+01,1.00005683e-09
16,4.20515876e-01,1.33253440e-08,96,21,0,63,normal_corr_dominates,1.60231931e+00,1.00000000e+00,2.49999907e+07,-9.27183894e+00,-3.56291362e+00,-5.70892531e+00,1.00005356e-09
16,4.20515876e-01,1.33253440e-08,96,21,1,64,normal_corr_dominates,2.30329086e+00,1.00000000e+00,2.50000046e+07,4.64351278e+00,-3.56291362e+00,8.20642640e+00,1.00005554e-09
16,4.20515876e-01,1.33253440e-08,96,21,2,65,normal_corr_dominates,1.44985498e+00,1.00000000e+00,2.50000016e+07,1.60279444e+00,-3.56291362e+00,5.16570806e+00,1.00006300e-09
16,4.20515876e-01,1.33253440e-08,96,22,0,66,normal_corr_dominates,2.75456439e+00,1.00000000e+00,2.50000066e+07,6.57241889e+00,-3.74589780e+00,1.03183167e+01,1.00007920e-09
16,4.20515876e-01,1.33253440e-08,96,22,1,67,normal_corr_dominates,1.29730297e+00,1.00000000e+00,2.49999914e+07,-8.60546212e+00,-3.74589780e+00,-4.85956432e+00,1.00006864e-09
16,4.20515876e-01,1.33253440e-08,96,22,2,68,corr_ratio_high,1.57291089e+00,5.00000000e-01,2.49999977e+07,-2.27088996e+00,-3.74589780e+00,1.47500784e+00,1.00002882e-09
16,4.20515876e-01,1.33253440e-08,96,23,0,69,normal_corr_dominates,8.30091885e+00,1.00000000e+00,2.49999970e+07,-3.01646149e+00,-3.24318655e-01,-2.69214284e+00,1.00007204e-09
16,4.20515876e-01,1.33253440e-08,96,23,1,70,normal_corr_dominates,5.76018956e+00,1.00000000e+00,2.49999978e+07,-2.19245558e+00,-3.24318655e-01,-1.86813693e+00,1.00005797e-09
16,4.20515876e-01,1.33253440e-08,96,23,2,71,normal_corr_dominates,3.20816164e+01,1.00000000e+00,2.50000101e+07,1.00803480e+01,-3.24318655e-01,1.04046667e+01,1.00007451e-09
16,4.20515876e-01,1.33253440e-08,96,24,1,73,corr_ratio_high,5.80833938e-01,5.00000000e-01,2.49999976e+07,-2.37131427e+00,-6.25264510e+00,3.88133083e+00,1.00004186e-09
16,4.20515876e-01,1.33253440e-08,96,24,2,74,normal_corr_dominates,1.08232291e+00,1.00000000e+00,2.49999870e+07,-1.30200262e+01,-6.25264510e+00,-6.76738106e+00,1.00006290e-09
16,4.20515876e-01,1.33253440e-08,96,26,0,78,normal_corr_dominates,5.30972550e+00,1.00000000e+00,2.50000090e+07,9.03718719e+00,-2.09692872e+00,1.11341159e+01,1.00010983e-09
16,4.20515876e-01,1.33253440e-08,96,26,1,79,normal_corr_dominates,1.85869593e+00,1.00000000e+00,2.49999940e+07,-5.99448160e+00,-2.09692872e+00,-3.89755288e+00,1.00006017e-09
16,4.20515876e-01,1.33253440e-08,96,26,2,80,normal_corr_dominates,4.33475093e+00,1.00000000e+00,2.49999888e+07,-1.11865924e+01,-2.09692872e+00,-9.08966373e+00,1.00003463e-09
16,4.20515876e-01,1.33253440e-08,96,26,2,80,corr_ratio_high,1.22696343e+00,5.00000000e-01,2.49999888e+07,-1.11865924e+01,-2.09692872e+00,-9.08966373e+00,1.00003463e-09
16,4.20515876e-01,1.33253440e-08,96,27,0,81,normal_corr_dominates,4.37072724e+00,1.00000000e+00,2.49999899e+07,-1.00807439e+01,-1.87697931e+00,-8.20376461e+00,1.00005381e-09
16,4.20515876e-01,1.33253440e-08,96,27,1,82,normal_corr_dominates,2.72394441e+00,1.00000000e+00,2.50000032e+07,3.23580800e+00,-1.87697931e+00,5.11278731e+00,1.00005214e-09
16,4.20515876e-01,1.33253440e-08,96,29,0,87,normal_corr_dominates,1.03703781e+01,1.00000000e+00,2.49999726e+07,-2.74157488e+01,-2.41115541e+00,-2.50045933e+01,1.00004941e-09
16,4.20515876e-01,1.33253440e-08,96,29,0,87,corr_ratio_high,8.84042430e-01,5.00000000e-01,2.49999726e+07,-2.74157488e+01,-2.41115541e+00,-2.50045933e+01,1.00004941e-09
16,4.20515876e-01,1.33253440e-08,96,29,1,88,normal_corr_dominates,5.69932641e+00,1.00000000e+00,2.49999838e+07,-1.61531171e+01,-2.41115541e+00,-1.37419617e+01,1.00006318e-09
16,4.20515876e-01,1.33253440e-08,96,29,2,89,normal_corr_dominates,3.26337256e+00,1.00000000e+00,2.50000055e+07,5.45734299e+00,-2.41115541e+00,7.86849841e+00,1.00005635e-09
16,4.20515876e-01,1.33253440e-08,96,30,2,92,normal_corr_dominates,1.40327116e+00,1.00000000e+00,2.49999839e+07,-1.61111154e+01,-6.70382754e+00,-9.40728788e+00,1.00006698e-09
16,4.20515876e-01,1.33253440e-08,96,31,0,93,normal_corr_dominates,1.52048501e+00,1.00000000e+00,2.49999927e+07,-7.30434564e+00,-2.89799210e+00,-4.40635354e+00,1.00005533e-09
16,4.20515876e-01,1.33253440e-08,96,31,1,94,normal_corr_dominates,1.37748839e+00,1.00000000e+00,2.50000011e+07,1.09395837e+00,-2.89799210e+00,3.99195047e+00,1.00006771e-09
16,4.20515876e-01,1.33253440e-08,96,31,2,95,normal_corr_dominates,1.97491158e+00,1.00000000e+00,2.50000028e+07,2.82528605e+00,-2.89799210e+00,5.72327815e+00,1.00005092e-09
16,4.20515876e-01,1.33253440e-08,96,32,1,97,normal_corr_dominates,2.35642242e+00,1.00000000e+00,2.49999908e+07,-9.20251448e+00,-2.74176291e+00,-6.46075157e+00,1.00004814e-09
16,4.20515876e-01,1.33253440e-08,96,33,0,99,normal_corr_dominates,5.43835573e+00,1.00000000e+00,2.49999862e+07,-1.38008033e+01,-2.14352916e+00,-1.16572741e+01,1.00005543e-09
16,4.20515876e-01,1.33253440e-08,96,33,1,100,normal_corr_dominates,1.33637097e+00,1.00000000e+00,2.49999950e+07,-5.00807931e+00,-2.14352916e+00,-2.86455014e+00,1.00005661e-09
16,4.20515876e-01,1.33253440e-08,96,33,2,101,normal_corr_dominates,3.24148596e+00,1.00000000e+00,2.50000048e+07,4.80469052e+00,-2.14352916e+00,6.94821969e+00,1.00005615e-09
16,4.20515876e-01,1.33253440e-08,96,34,0,102,normal_corr_dominates,2.23481695e+00,1.00000000e+00,2.49999838e+07,-1.62156584e+01,-5.01285193e+00,-1.12028064e+01,1.00004670e-09
16,4.20515876e-01,1.33253440e-08,96,34,1,103,normal_corr_dominates,2.05986773e+00,1.00000000e+00,2.50000053e+07,5.31296001e+00,-5.01285193e+00,1.03258119e+01,1.00004378e-09
16,4.20515876e-01,1.33253440e-08,96,35,0,105,normal_corr_dominates,3.84197563e+01,1.00000000e+00,2.50000196e+07,1.95632480e+01,-5.22805328e-01,2.00860533e+01,1.00008374e-09
16,4.20515876e-01,1.33253440e-08,96,35,1,106,normal_corr_dominates,1.97257187e+01,1.00000000e+00,2.49999892e+07,-1.08355162e+01,-5.22805328e-01,-1.03127108e+01,1.00011615e-09
16,4.20515876e-01,1.33253440e-08,96,35,2,107,normal_corr_dominates,3.98886888e+01,1.00000000e+00,2.49999786e+07,-2.13768244e+01,-5.22805328e-01,-2.08540190e+01,1.00001923e-09
16,4.20515876e-01,1.33253440e-08,96,35,2,107,corr_ratio_high,4.25382109e+00,5.00000000e-01,2.49999786e+07,-2.13768244e+01,-5.22805328e-01,-2.08540190e+01,1.00001923e-09
16,4.20515876e-01,1.33253440e-08,96,36,1,109,corr_ratio_high,7.25846827e-01,5.00000000e-01,2.49999890e+07,-1.09827798e+01,-9.16388965e+00,-1.81889016e+00,1.00003583e-09
16,4.20515876e-01,1.33253440e-08,96,37,0,111,normal_corr_dominates,1.88799418e+00,1.00000000e+00,2.50000017e+07,1.67337789e+00,-1.88444690e+00,3.55782479e+00,1.00005904e-09
16,4.20515876e-01,1.33253440e-08,96,37,2,113,normal_corr_dominates,2.72050325e+00,1.00000000e+00,2.50000032e+07,3.24219702e+00,-1.88444690e+00,5.12664392e+00,1.00004200e-09
17,4.44227857e-01,1.40767314e-08,96,0,0,0,corr_ratio_high,9.36368173e-01,5.00000000e-01,2.49999890e+07,-1.09801993e+01,-8.01101315e+00,-2.96918611e+00,1.00003667e-09
17,4.44227857e-01,1.40767314e-08,96,0,2,2,normal_corr_dominates,1.13788943e+00,1.00000000e+00,2.50000011e+07,1.10463400e+00,-8.01101315e+00,9.11564715e+00,1.00006159e-09
17,4.44227857e-01,1.40767314e-08,96,1,0,3,normal_corr_dominates,8.30027360e+00,1.00000000e+00,2.50000094e+07,9.35545270e+00,-1.28152083e+00,1.06369735e+01,1.00007769e-09
17,4.44227857e-01,1.40767314e-08,96,1,1,4,normal_corr_dominates,8.92531668e+00,1.00000000e+00,2.49999873e+07,-1.27195001e+01,-1.28152083e+00,-1.14379793e+01,1.00004944e-09
17,4.44227857e-01,1.40767314e-08,96,1,1,4,corr_ratio_high,8.73623545e-01,5.00000000e-01,2.49999873e+07,-1.27195001e+01,-1.28152083e+00,-1.14379793e+01,1.00004944e-09
17,4.44227857e-01,1.40767314e-08,96,1,2,5,normal_corr_dominates,6.60801089e+00,1.00000000e+00,2.49999903e+07,-9.74982445e+00,-1.28152083e+00,-8.46830362e+00,1.00007189e-09
17,4.44227857e-01,1.40767314e-08,96,2,0,6,normal_corr_dominates,1.15955601e+00,1.00000000e+00,2.50000006e+07,6.14203454e-01,-3.84945354e+00,4.46365699e+00,1.00005487e-09
17,4.44227857e-01,1.40767314e-08,96,2,0,6,corr_ratio_high,5.85319963e-01,5.00000000e-01,2.50000006e+07,6.14203454e-01,-3.84945354e+00,4.46365699e+00,1.00005487e-09
17,4.44227857e-01,1.40767314e-08,96,2,1,7,normal_corr_dominates,3.61444916e+00,1.00000000e+00,2.49999822e+07,-1.77631076e+01,-3.84945354e+00,-1.39136541e+01,1.00006505e-09
17,4.44227857e-01,1.40767314e-08,96,2,2,8,normal_corr_dominates,3.75799519e+00,1.00000000e+00,2.50000106e+07,1.06167743e+01,-3.84945354e+00,1.44662279e+01,1.00009951e-09
17,4.44227857e-01,1.40767314e-08,96,3,0,9,normal_corr_dominates,1.74915585e+01,1.00000000e+00,2.49999792e+07,-2.07755178e+01,-1.12351362e+00,-1.96520041e+01,1.00015056e-09
17,4.44227857e-01,1.40767314e-08,96,3,0,9,corr_ratio_high,5.86292944e-01,5.00000000e-01,2.49999792e+07,-2.07755178e+01,-1.12351362e+00,-1.96520041e+01,1.00015056e-09
17,4.44227857e-01,1.40767314e-08,96,3,1,10,normal_corr_dominates,8.62430341e+00,1.00000000e+00,2.49999892e+07,-1.08130359e+01,-1.12351362e+00,-9.68952232e+00,1.00003999e-09
17,4.44227857e-01,1.40767314e-08,96,3,1,10,corr_ratio_high,8.55617071e-01,5.00000000e-01,2.49999892e+07,-1.08130359e+01,-1.12351362e+00,-9.68952232e+00,1.00003999e-09
17,4.44227857e-01,1.40767314e-08,96,3,2,11,normal_corr_dominates,1.09763256e+01,1.00000000e+00,2.50000112e+07,1.12085376e+01,-1.12351362e+00,1.23320513e+01,1.00001667e-09
17,4.44227857e-01,1.40767314e-08,96,3,2,11,corr_ratio_high,1.79148048e+00,5.00000000e-01,2.50000112e+07,1.12085376e+01,-1.12351362e+00,1.23320513e+01,1.00001667e-09
17,4.44227857e-01,1.40767314e-08,96,4,0,12,normal_corr_dominates,1.58204558e+00,1.00000000e+00,2.49999977e+07,-2.31941017e+00,-8.98283977e-01,-1.42112619e+00,1.00006947e-09
17,4.44227857e-01,1.40767314e-08,96,4,1,13,normal_corr_dominates,2.81702461e+00,1.00000000e+00,2.50000016e+07,1.63220409e+00,-8.98283977e-01,2.53048807e+00,1.00005917e-09
17,4.44227857e-01,1.40767314e-08,96,4,2,14,normal_corr_dominates,6.83336514e+00,1.00000000e+00,2.50000052e+07,5.24001844e+00,-8.98283977e-01,6.13830241e+00,1.00004815e-09
17,4.44227857e-01,1.40767314e-08,96,5,0,15,normal_corr_dominates,2.13912502e+00,1.00000000e+00,2.50000078e+07,7.77034757e+00,-6.82132992e+00,1.45916775e+01,1.00004329e-09
17,4.44227857e-01,1.40767314e-08,96,5,1,16,normal_corr_dominates,1.42241306e+00,1.00000000e+00,2.49999835e+07,-1.65240787e+01,-6.82132992e+00,-9.70274874e+00,1.00007022e-09
17,4.44227857e-01,1.40767314e-08,96,5,2,17,normal_corr_dominates,1.70937260e+00,1.00000000e+00,2.49999815e+07,-1.84815244e+01,-6.82132992e+00,-1.16601945e+01,1.00007448e-09
17,4.44227857e-01,1.40767314e-08,96,6,1,19,normal_corr_dominates,2.05252306e+00,1.00000000e+00,2.50000047e+07,4.74462002e+00,-4.50785375e+00,9.25247378e+00,1.00004463e-09
17,4.44227857e-01,1.40767314e-08,96,6,2,20,normal_corr_dominates,3.88296628e+00,1.00000000e+00,2.49999780e+07,-2.20116979e+01,-4.50785375e+00,-1.75038441e+01,1.00009085e-09
17,4.44227857e-01,1.40767314e-08,96,7,0,21,normal_corr_dominates,6.89669606e+01,1.00000000e+00,2.49999912e+07,-8.77919707e+00,-1.25476325e-01,-8.65372075e+00,1.00005747e-09
17,4.44227857e-01,1.40767314e-08,96,7,1,22,normal_corr_dominates,4.30647562e+01,1.00000000e+00,2.49999945e+07,-5.52908367e+00,-1.25476325e-01,-5.40360734e+00,1.00007725e-09
17,4.44227857e-01,1.40767314e-08,96,7,2,23,normal_corr_dominates,1.11382061e+02,1.00000000e+00,2.50000139e+07,1.38503353e+01,-1.25476325e-01,1.39758116e+01,1.00007301e-09
17,4.44227857e-01,1.40767314e-08,96,8,0,24,normal_corr_dominates,4.43941988e+00,1.00000000e+00,2.49999902e+07,-9.83152665e+00,-1.80745867e+00,-8.02406798e+00,1.00005479e-09
17,4.44227857e-01,1.40767314e-08,96,8,1,25,normal_corr_dominates,4.65208440e+00,1.00000000e+00,2.50000066e+07,6.60099162e+00,-1.80745867e+00,8.40845030e+00,1.00004159e-09
17,4.44227857e-01,1.40767314e-08,96,8,1,25,corr_ratio_high,5.24128582e-01,5.00000000e-01,2.50000066e+07,6.60099162e+00,-1.80745867e+00,8.40845030e+00,1.00004159e-09
17,4.44227857e-01,1.40767314e-08,96,8,2,26,normal_corr_dominates,2.97379694e+00,1.00000000e+00,2.50000036e+07,3.56755639e+00,-1.80745867e+00,5.37501507e+00,1.00006237e-09
17,4.44227857e-01,1.40767314e-08,96,9,0,27,normal_corr_dominates,1.31340643e+00,1.00000000e+00,2.50000014e+07,1.43770132e+00,-4.58733834e+00,6.02503966e+00,1.00008077e-09
17,4.44227857e-01,1.40767314e-08,96,9,1,28,normal_corr_dominates,2.14965864e+00,1.00000000e+00,2.49999856e+07,-1.44485498e+01,-4.58733834e+00,-9.86121149e+00,1.00006259e-09
17,4.44227857e-01,1.40767314e-08,96,9,2,29,normal_corr_dominates,2.46533375e+00,1.00000000e+00,2.49999841e+07,-1.58966584e+01,-4.58733834e+00,-1.13093200e+01,1.00006369e-09
17,4.44227857e-01,1.40767314e-08,96,10,0,30,normal_corr_dominates,5.24866516e+00,1.00000000e+00,2.50000062e+07,6.15818027e+00,-1.44943883e+00,7.60761911e+00,1.00006292e-09
17,4.44227857e-01,1.40767314e-08,96,10,1,31,normal_corr_dominates,1.06193949e+01,1.00000000e+00,2.50000139e+07,1.39427246e+01,-1.44943883e+00,1.53921634e+01,1.00010726e-09
17,4.44227857e-01,1.40767314e-08,96,10,2,32,normal_corr_dominates,9.43465879e+00,1.00000000e+00,2.49999849e+07,-1.51243997e+01,-1.44943883e+00,-1.36749608e+01,1.00006250e-09
17,4.44227857e-01,1.40767314e-08,96,11,0,33,normal_corr_dominates,2.88519132e+00,1.00000000e+00,2.49999975e+07,-2.48323072e+00,-6.39152751e-01,-1.84407797e+00,1.00008950e-09
17,4.44227857e-01,1.40767314e-08,96,11,1,34,normal_corr_dominates,6.56681569e+00,1.00000000e+00,2.50000036e+07,3.55804557e+00,-6.39152751e-01,4.19719832e+00,1.00007955e-09
17,4.44227857e-01,1.40767314e-08,96,11,2,35,normal_corr_dominates,1.19933554e+01,1.00000000e+00,2.49999917e+07,-8.30473886e+00,-6.39152751e-01,-7.66558611e+00,1.00004392e-09
17,4.44227857e-01,1.40767314e-08,96,11,2,35,corr_ratio_high,1.01949144e+00,5.00000000e-01,2.49999917e+07,-8.30473886e+00,-6.39152751e-01,-7.66558611e+00,1.00004392e-09
17,4.44227857e-01,1.40767314e-08,96,12,1,37,normal_corr_dominates,1.16411072e+00,1.00000000e+00,2.50000012e+07,1.24268171e+00,-7.57221539e+00,8.81489710e+00,1.00005372e-09
17,4.44227857e-01,1.40767314e-08,96,13,0,39,normal_corr_dominates,1.77494491e+00,1.00000000e+00,2.50000030e+07,3.04669940e+00,-3.93150451e+00,6.97820391e+00,1.00004352e-09
17,4.44227857e-01,1.40767314e-08,96,14,0,42,normal_corr_dominates,3.09683512e+00,1.00000000e+00,2.49999970e+07,-2.98829834e+00,-7.29416307e-01,-2.25888204e+00,1.00006443e-09
17,4.44227857e-01,1.40767314e-08,96,14,1,43,normal_corr_dominates,3.14121838e+00,1.00000000e+00,2.49999970e+07,-3.02067222e+00,-7.29416307e-01,-2.29125591e+00,1.00005455e-09
17,4.44227857e-01,1.40767314e-08,96,14,2,44,normal_corr_dominates,1.80251063e+01,1.00000000e+00,2.50000124e+07,1.24183902e+01,-7.29416307e-01,1.31478065e+01,1.00008977e-09
17,4.44227857e-01,1.40767314e-08,96,15,0,45,normal_corr_dominates,1.39909567e+00,1.00000000e+00,2.49999917e+07,-8.27264350e+00,-3.44823411e+00,-4.82440939e+00,1.00005275e-09
17,4.44227857e-01,1.40767314e-08,96,15,1,46,normal_corr_dominates,2.78780024e+00,1.00000000e+00,2.50000062e+07,6.16475376e+00,-3.44823411e+00,9.61298787e+00,1.00005452e-09
17,4.44227857e-01,1.40767314e-08,96,15,2,47,normal_corr_dominates,3.90946068e+00,1.00000000e+00,2.49999831e+07,-1.69289698e+01,-3.44823411e+00,-1.34807357e+01,1.00007875e-09
17,4.44227857e-01,1.40767314e-08,96,16,2,50,normal_corr_dominates,1.02014380e+00,1.00000000e+00,2.50000001e+07,1.20341285e-01,-5.97411030e+00,6.09445158e+00,1.00005628e-09
17,4.44227857e-01,1.40767314e-08,96,17,0,51,corr_ratio_high,5.13750206e-01,5.00000000e-01,2.49999981e+07,-1.89520982e+00,-5.63790421e+00,3.74269439e+00,1.00013285e-09
17,4.44227857e-01,1.40767314e-08,96,17,1,52,normal_corr_dominates,1.23773331e+00,1.00000000e+00,2.50000013e+07,1.34031763e+00,-5.63790421e+00,6.97822183e+00,1.00008260e-09
17,4.44227857e-01,1.40767314e-08,96,17,2,53,corr_ratio_high,2.57899196e+00,5.00000000e-01,2.50000000e+07,-1.01321167e-02,-5.63790421e+00,5.62777209e+00,1.00001305e-09
17,4.44227857e-01,1.40767314e-08,96,18,2,56,normal_corr_dominates,1.00828172e+00,1.00000000e+00,2.50000001e+07,8.50248653e-02,-1.02665767e+01,1.03516016e+01,1.00006651e-09
17,4.44227857e-01,1.40767314e-08,96,19,0,57,normal_corr_dominates,1.48943479e+01,1.00000000e+00,2.49999689e+07,-3.10741896e+01,-1.95504652e+00,-2.91191430e+01,1.00004971e-09
17,4.44227857e-01,1.40767314e-08,96,19,0,57,corr_ratio_high,1.16404406e+00,5.00000000e-01,2.49999689e+07,-3.10741896e+01,-1.95504652e+00,-2.91191430e+01,1.00004971e-09
17,4.44227857e-01,1.40767314e-08,96,19,2,59,normal_corr_dominates,2.33764174e+00,1.00000000e+00,2.50000026e+07,2.61515183e+00,-1.95504652e+00,4.57019835e+00,1.00005698e-09
17,4.44227857e-01,1.40767314e-08,96,20,1,61,normal_corr_dominates,1.04875915e+00,1.00000000e+00,2.50000002e+07,2.40257718e-01,-4.92743887e+00,5.16769659e+00,1.00007597e-09
17,4.44227857e-01,1.40767314e-08,96,20,2,62,normal_corr_dominates,2.48605087e+00,1.00000000e+00,2.49999828e+07,-1.71773026e+01,-4.92743887e+00,-1.22498637e+01,1.00005986e-09
17,4.44227857e-01,1.40767314e-08,96,21,0,63,normal_corr_dominates,1.60170351e+00,1.00000000e+00,2.49999902e+07,-9.76638911e+00,-3.75384400e+00,-6.01254511e+00,1.00005642e-09
17,4.44227857e-01,1.40767314e-08,96,21,1,64,normal_corr_dominates,2.30254786e+00,1.00000000e+00,2.50000049e+07,4.88956147e+00,-3.75384400e+00,8.64340547e+00,1.00005850e-09
17,4.44227857e-01,1.40767314e-08,96,21,2,65,normal_corr_dominates,1.44924629e+00,1.00000000e+00,2.50000017e+07,1.68640050e+00,-3.75384400e+00,5.44024451e+00,1.00006636e-09
17,4.44227857e-01,1.40767314e-08,96,22,0,66,normal_corr_dominates,2.75297985e+00,1.00000000e+00,2.50000069e+07,6.91924858e+00,-3.94713527e+00,1.08663839e+01,1.00008343e-09
17,4.44227857e-01,1.40767314e-08,96,22,1,67,normal_corr_dominates,1.29679547e+00,1.00000000e+00,2.49999909e+07,-9.06576241e+00,-3.94713527e+00,-5.11862713e+00,1.00007230e-09
17,4.44227857e-01,1.40767314e-08,96,22,2,68,corr_ratio_high,1.57283016e+00,5.00000000e-01,2.49999976e+07,-2.39220197e+00,-3.94713527e+00,1.55493330e+00,1.00003036e-09
17,4.44227857e-01,1.40767314e-08,96,23,0,69,normal_corr_dominates,8.29055656e+00,1.00000000e+00,2.49999968e+07,-3.17684316e+00,-3.41943256e-01,-2.83489991e+00,1.00007588e-09
17,4.44227857e-01,1.40767314e-08,96,23,1,70,normal_corr_dominates,5.75382661e+00,1.00000000e+00,2.49999977e+07,-2.30942546e+00,-3.41943256e-01,-1.96748221e+00,1.00006106e-09
17,4.44227857e-01,1.40767314e-08,96,23,2,71,normal_corr_dominates,3.20521062e+01,1.00000000e+00,2.50000106e+07,1.06180583e+01,-3.41943256e-01,1.09600016e+01,1.00007849e-09
17,4.44227857e-01,1.40767314e-08,96,24,1,73,corr_ratio_high,5.80862621e-01,5.00000000e-01,2.49999975e+07,-2.49874856e+00,-6.58726121e+00,4.08851265e+00,1.00004410e-09
17,4.44227857e-01,1.40767314e-08,96,24,2,74,normal_corr_dominates,1.08221149e+00,1.00000000e+00,2.49999863e+07,-1.37160710e+01,-6.58726121e+00,-7.12880980e+00,1.00006626e-09
17,4.44227857e-01,1.40767314e-08,96,26,0,78,normal_corr_dominates,5.30837290e+00,1.00000000e+00,2.50000095e+07,9.51807408e+00,-2.20920387e+00,1.17272779e+01,1.00011568e-09
17,4.44227857e-01,1.40767314e-08,96,26,1,79,normal_corr_dominates,1.85805285e+00,1.00000000e+00,2.49999937e+07,-6.31402142e+00,-2.20920387e+00,-4.10481755e+00,1.00006338e-09
17,4.44227857e-01,1.40767314e-08,96,26,2,80,normal_corr_dominates,4.33343387e+00,1.00000000e+00,2.49999882e+07,-1.17826427e+01,-2.20920387e+00,-9.57343886e+00,1.00003648e-09
17,4.44227857e-01,1.40767314e-08,96,26,2,80,corr_ratio_high,1.22670939e+00,5.00000000e-01,2.49999882e+07,-1.17826427e+01,-2.20920387e+00,-9.57343886e+00,1.00003648e-09
17,4.44227857e-01,1.40767314e-08,96,27,0,81,normal_corr_dominates,4.36907893e+00,1.00000000e+00,2.49999894e+07,-1.06176860e+01,-1.97756191e+00,-8.64012406e+00,1.00005668e-09
17,4.44227857e-01,1.40767314e-08,96,27,1,82,normal_corr_dominates,2.72427254e+00,1.00000000e+00,2.50000034e+07,3.40985570e+00,-1.97756191e+00,5.38741760e+00,1.00005491e-09
17,4.44227857e-01,1.40767314e-08,96,29,0,87,normal_corr_dominates,1.03671977e+01,1.00000000e+00,2.49999711e+07,-2.88777191e+01,-2.54044311e+00,-2.63372760e+01,1.00005205e-09
17,4.44227857e-01,1.40767314e-08,96,29,0,87,corr_ratio_high,8.84068226e-01,5.00000000e-01,2.49999711e+07,-2.88777191e+01,-2.54044311e+00,-2.63372760e+01,1.00005205e-09
17,4.44227857e-01,1.40767314e-08,96,29,1,88,normal_corr_dominates,5.69753704e+00,1.00000000e+00,2.49999830e+07,-1.70147118e+01,-2.54044311e+00,-1.44742687e+01,1.00006656e-09
17,4.44227857e-01,1.40767314e-08,96,29,2,89,normal_corr_dominates,3.26251093e+00,1.00000000e+00,2.50000057e+07,5.74778029e+00,-2.54044311e+00,8.28822340e+00,1.00005936e-09
17,4.44227857e-01,1.40767314e-08,96,30,2,92,normal_corr_dominates,1.40304521e+00,1.00000000e+00,2.49999830e+07,-1.69711020e+01,-7.06233154e+00,-9.90877041e+00,1.00007056e-09
17,4.44227857e-01,1.40767314e-08,96,31,0,93,normal_corr_dominates,1.51990614e+00,1.00000000e+00,2.49999923e+07,-7.69415529e+00,-3.05334995e+00,-4.64080534e+00,1.00005829e-09
17,4.44227857e-01,1.40767314e-08,96,31,1,94,normal_corr_dominates,1.37676310e+00,1.00000000e+00,2.50000012e+07,1.15038959e+00,-3.05334995e+00,4.20373954e+00,1.00007132e-09
17,4.44227857e-01,1.40767314e-08,96,31,2,95,normal_corr_dominates,1.97449558e+00,1.00000000e+00,2.50000030e+07,2.97547604e+00,-3.05334995e+00,6.02882599e+00,1.00005364e-09
17,4.44227857e-01,1.40767314e-08,96,32,1,97,normal_corr_dominates,2.35575050e+00,1.00000000e+00,2.49999903e+07,-9.69284523e+00,-2.88842845e+00,-6.80441678e+00,1.00005071e-09
17,4.44227857e-01,1.40767314e-08,96,33,0,99,normal_corr_dominates,5.43654261e+00,1.00000000e+00,2.49999855e+07,-1.45369485e+01,-2.25850265e+00,-1.22784459e+01,1.00005839e-09
17,4.44227857e-01,1.40767314e-08,96,33,1,100,normal_corr_dominates,1.33571068e+00,1.00000000e+00,2.49999947e+07,-5.27520874e+00,-2.25850265e+00,-3.01670610e+00,1.00005963e-09
17,4.44227857e-01,1.40767314e-08,96,33,2,101,normal_corr_dominates,3.24062381e+00,1.00000000e+00,2.50000051e+07,5.06045480e+00,-2.25850265e+00,7.31895745e+00,1.00005915e-09
17,4.44227857e-01,1.40767314e-08,96,34,0,102,normal_corr_dominates,2.23435047e+00,1.00000000e+00,2.49999829e+07,-1.70817433e+01,-5.28135197e+00,-1.18003913e+01,1.00004919e-09
17,4.44227857e-01,1.40767314e-08,96,34,1,103,normal_corr_dominates,2.05936665e+00,1.00000000e+00,2.50000056e+07,5.59488816e+00,-5.28135197e+00,1.08762401e+01,1.00004612e-09
17,4.44227857e-01,1.40767314e-08,96,35,0,105,normal_corr_dominates,3.83751410e+01,1.00000000e+00,2.50000206e+07,2.06055346e+01,-5.51316571e-01,2.11568512e+01,1.00008820e-09
17,4.44227857e-01,1.40767314e-08,96,35,1,106,normal_corr_dominates,1.97044025e+01,1.00000000e+00,2.49999886e+07,-1.14146802e+01,-5.51316571e-01,-1.08633636e+01,1.00012234e-09
17,4.44227857e-01,1.40767314e-08,96,35,2,107,normal_corr_dominates,3.98394391e+01,1.00000000e+00,2.49999775e+07,-2.25154596e+01,-5.51316571e-01,-2.19641430e+01,1.00002026e-09
17,4.44227857e-01,1.40767314e-08,96,35,2,107,corr_ratio_high,4.25263123e+00,5.00000000e-01,2.49999775e+07,-2.25154596e+01,-5.51316571e-01,-2.19641430e+01,1.00002026e-09
17,4.44227857e-01,1.40767314e-08,96,36,1,109,corr_ratio_high,7.25810480e-01,5.00000000e-01,2.49999884e+07,-1.15703333e+01,-9.65368095e+00,-1.91665236e+00,1.00003774e-09
17,4.44227857e-01,1.40767314e-08,96,37,0,111,normal_corr_dominates,1.88847976e+00,1.00000000e+00,2.50000018e+07,1.76411997e+00,-1.98554886e+00,3.74966883e+00,1.00006219e-09
17,4.44227857e-01,1.40767314e-08,96,37,2,113,normal_corr_dominates,2.72000214e+00,1.00000000e+00,2.50000034e+07,3.41514829e+00,-1.98554886e+00,5.40069714e+00,1.00004425e-09
18,4.69378806e-01,1.48737168e-08,96,0,0,0,corr_ratio_high,9.36271526e-01,5.00000000e-01,2.49999884e+07,-1.15690544e+01,-8.44058992e+00,-3.12846444e+00,1.00003864e-09
18,4.69378806e-01,1.48737168e-08,96,0,2,2,normal_corr_dominates,1.13763362e+00,1.00000000e+00,2.50000012e+07,1.16170896e+00,-8.44058992e+00,9.60229888e+00,1.00006488e-09
18,4.69378806e-01,1.48737168e-08,96,1,0,3,normal_corr_dominates,8.30100890e+00,1.00000000e+00,2.50000099e+07,9.85560550e+00,-1.34989638e+00,1.12055019e+01,1.00008184e-09
18,4.69378806e-01,1.48737168e-08,96,1,1,4,normal_corr_dominates,8.92887055e+00,1.00000000e+00,2.49999866e+07,-1.34029464e+01,-1.34989638e+00,-1.20530501e+01,1.00005208e-09
18,4.69378806e-01,1.48737168e-08,96,1,1,4,corr_ratio_high,8.73723927e-01,5.00000000e-01,2.49999866e+07,-1.34029464e+01,-1.34989638e+00,-1.20530501e+01,1.00005208e-09
18,4.69378806e-01,1.48737168e-08,96,1,2,5,normal_corr_dominates,6.60782288e+00,1.00000000e+00,2.49999897e+07,-1.02697726e+01,-1.34989638e+00,-8.91987619e+00,1.00007574e-09
18,4.69378806e-01,1.48737168e-08,96,2,0,6,normal_corr_dominates,1.15882006e+00,1.00000000e+00,2.50000006e+07,6.44109191e-01,-4.05559096e+00,4.69970015e+00,1.00005780e-09
18,4.69378806e-01,1.48737168e-08,96,2,0,6,corr_ratio_high,5.85403400e-01,5.00000000e-01,2.50000006e+07,6.44109191e-01,-4.05559096e+00,4.69970015e+00,1.00005780e-09
18,4.69378806e-01,1.48737168e-08,96,2,1,7,normal_corr_dominates,3.61387677e+00,1.00000000e+00,2.49999813e+07,-1.87119969e+01,-4.05559096e+00,-1.46564060e+01,1.00006852e-09
18,4.69378806e-01,1.48737168e-08,96,2,2,8,normal_corr_dominates,3.75795474e+00,1.00000000e+00,2.50000112e+07,1.11851363e+01,-4.05559096e+00,1.52407273e+01,1.00010483e-09
18,4.69378806e-01,1.48737168e-08,96,3,0,9,normal_corr_dominates,1.74806250e+01,1.00000000e+00,2.49999781e+07,-2.18876566e+01,-1.18435695e+00,-2.07032996e+01,1.00015861e-09
18,4.69378806e-01,1.48737168e-08,96,3,0,9,corr_ratio_high,5.86289721e-01,5.00000000e-01,2.49999781e+07,-2.18876566e+01,-1.18435695e+00,-2.07032996e+01,1.00015861e-09
18,4.69378806e-01,1.48737168e-08,96,3,1,10,normal_corr_dominates,8.61705512e+00,1.00000000e+00,2.49999886e+07,-1.13900260e+01,-1.18435695e+00,-1.02056691e+01,1.00004213e-09
18,4.69378806e-01,1.48737168e-08,96,3,1,10,corr_ratio_high,8.55633818e-01,5.00000000e-01,2.49999886e+07,-1.13900260e+01,-1.18435695e+00,-1.02056691e+01,1.00004213e-09
18,4.69378806e-01,1.48737168e-08,96,3,2,11,normal_corr_dominates,1.09685858e+01,1.00000000e+00,2.50000118e+07,1.18063638e+01,-1.18435695e+00,1.29907208e+01,1.00001757e-09
18,4.69378806e-01,1.48737168e-08,96,3,2,11,corr_ratio_high,1.79099439e+00,5.00000000e-01,2.50000118e+07,1.18063638e+01,-1.18435695e+00,1.29907208e+01,1.00001757e-09
18,4.69378806e-01,1.48737168e-08,96,4,0,12,normal_corr_dominates,1.58028152e+00,1.00000000e+00,2.49999976e+07,-2.44315688e+00,-9.46856713e-01,-1.49630017e+00,1.00007318e-09
18,4.69378806e-01,1.48737168e-08,96,4,1,13,normal_corr_dominates,2.81477828e+00,1.00000000e+00,2.50000017e+07,1.71833499e+00,-9.46856713e-01,2.66519171e+00,1.00006233e-09
18,4.69378806e-01,1.48737168e-08,96,4,2,14,normal_corr_dominates,6.83034369e+00,1.00000000e+00,2.50000055e+07,5.52050006e+00,-9.46856713e-01,6.46735678e+00,1.00005074e-09
18,4.69378806e-01,1.48737168e-08,96,5,0,15,normal_corr_dominates,2.13863436e+00,1.00000000e+00,2.50000082e+07,8.18365459e+00,-7.18725417e+00,1.53709088e+01,1.00004561e-09
18,4.69378806e-01,1.48737168e-08,96,5,1,16,normal_corr_dominates,1.42204811e+00,1.00000000e+00,2.49999826e+07,-1.74078754e+01,-7.18725417e+00,-1.02206212e+01,1.00007397e-09
18,4.69378806e-01,1.48737168e-08,96,5,2,17,normal_corr_dominates,1.70926221e+00,1.00000000e+00,2.49999805e+07,-1.94721561e+01,-7.18725417e+00,-1.22849019e+01,1.00007847e-09
18,4.69378806e-01,1.48737168e-08,96,6,1,19,normal_corr_dominates,2.05179592e+00,1.00000000e+00,2.50000050e+07,4.99579808e+00,-4.74977891e+00,9.74557699e+00,1.00004703e-09
18,4.69378806e-01,1.48737168e-08,96,6,2,20,normal_corr_dominates,3.88243669e+00,1.00000000e+00,2.49999768e+07,-2.31904948e+01,-4.74977891e+00,-1.84407159e+01,1.00009571e-09
18,4.69378806e-01,1.48737168e-08,96,7,0,21,normal_corr_dominates,6.89718740e+01,1.00000000e+00,2.49999907e+07,-9.25203062e+00,-1.32224994e-01,-9.11980563e+00,1.00006054e-09
18,4.69378806e-01,1.48737168e-08,96,7,1,22,normal_corr_dominates,4.30319226e+01,1.00000000e+00,2.49999942e+07,-5.82212069e+00,-1.32224994e-01,-5.68989570e+00,1.00008138e-09
18,4.69378806e-01,1.48737168e-08,96,7,2,23,normal_corr_dominates,1.11349834e+02,1.00000000e+00,2.50000146e+07,1.45910061e+01,-1.32224994e-01,1.47232311e+01,1.00007692e-09
18,4.69378806e-01,1.48737168e-08,96,8,0,24,normal_corr_dominates,4.43659558e+00,1.00000000e+00,2.49999896e+07,-1.03565461e+01,-1.90496900e+00,-8.45157705e+00,1.00005772e-09
18,4.69378806e-01,1.48737168e-08,96,8,1,25,normal_corr_dominates,4.64936313e+00,1.00000000e+00,2.50000070e+07,6.95192364e+00,-1.90496900e+00,8.85689265e+00,1.00004382e-09
18,4.69378806e-01,1.48737168e-08,96,8,1,25,corr_ratio_high,5.24037724e-01,5.00000000e-01,2.50000070e+07,6.95192364e+00,-1.90496900e+00,8.85689265e+00,1.00004382e-09
18,4.69378806e-01,1.48737168e-08,96,8,2,26,normal_corr_dominates,2.97176925e+00,1.00000000e+00,2.50000038e+07,3.75615930e+00,-1.90496900e+00,5.66112831e+00,1.00006571e-09
18,4.69378806e-01,1.48737168e-08,96,9,0,27,normal_corr_dominates,1.31304675e+00,1.00000000e+00,2.50000015e+07,1.51323093e+00,-4.83388165e+00,6.34711258e+00,1.00008509e-09
18,4.69378806e-01,1.48737168e-08,96,9,1,28,normal_corr_dominates,2.14901632e+00,1.00000000e+00,2.49999848e+07,-1.52219722e+01,-4.83388165e+00,-1.03880906e+01,1.00006594e-09
18,4.69378806e-01,1.48737168e-08,96,9,2,29,normal_corr_dominates,2.46481729e+00,1.00000000e+00,2.49999833e+07,-1.67485167e+01,-4.83388165e+00,-1.19146351e+01,1.00006709e-09
18,4.69378806e-01,1.48737168e-08,96,10,0,30,normal_corr_dominates,5.24698772e+00,1.00000000e+00,2.50000065e+07,6.48617650e+00,-1.52724164e+00,8.01341815e+00,1.00006628e-09
18,4.69378806e-01,1.48737168e-08,96,10,1,31,normal_corr_dominates,1.06173750e+01,1.00000000e+00,2.50000147e+07,1.46880556e+01,-1.52724164e+00,1.62152973e+01,1.00011300e-09
18,4.69378806e-01,1.48737168e-08,96,10,2,32,normal_corr_dominates,9.43215506e+00,1.00000000e+00,2.49999841e+07,-1.59324216e+01,-1.52724164e+00,-1.44051800e+01,1.00006584e-09
18,4.69378806e-01,1.48737168e-08,96,11,0,33,normal_corr_dominates,2.88845348e+00,1.00000000e+00,2.49999974e+07,-2.61621657e+00,-6.72816736e-01,-1.94339984e+00,1.00009428e-09
18,4.69378806e-01,1.48737168e-08,96,11,1,34,normal_corr_dominates,6.57113950e+00,1.00000000e+00,2.50000037e+07,3.74835589e+00,-6.72816736e-01,4.42117263e+00,1.00008381e-09
18,4.69378806e-01,1.48737168e-08,96,11,2,35,normal_corr_dominates,1.20053999e+01,1.00000000e+00,2.49999912e+07,-8.75025067e+00,-6.72816736e-01,-8.07743394e+00,1.00004627e-09
18,4.69378806e-01,1.48737168e-08,96,11,2,35,corr_ratio_high,1.01942188e+00,5.00000000e-01,2.49999912e+07,-8.75025067e+00,-6.72816736e-01,-8.07743394e+00,1.00004627e-09
18,4.69378806e-01,1.48737168e-08,96,12,1,37,normal_corr_dominates,1.16380761e+00,1.00000000e+00,2.50000013e+07,1.30692777e+00,-7.97843116e+00,9.28535893e+00,1.00005659e-09
18,4.69378806e-01,1.48737168e-08,96,13,0,39,normal_corr_dominates,1.77444226e+00,1.00000000e+00,2.50000032e+07,3.20835984e+00,-4.14280061e+00,7.35116045e+00,1.00004585e-09
18,4.69378806e-01,1.48737168e-08,96,14,0,42,normal_corr_dominates,3.09455980e+00,1.00000000e+00,2.49999969e+07,-3.14842928e+00,-7.68929857e-01,-2.37949942e+00,1.00006787e-09
18,4.69378806e-01,1.48737168e-08,96,14,1,43,normal_corr_dominates,3.13926716e+00,1.00000000e+00,2.49999968e+07,-3.18280610e+00,-7.68929857e-01,-2.41387625e+00,1.00005746e-09
18,4.69378806e-01,1.48737168e-08,96,14,2,44,normal_corr_dominates,1.80139776e+01,1.00000000e+00,2.50000131e+07,1.30825554e+01,-7.68929857e-01,1.38514852e+01,1.00009457e-09
18,4.69378806e-01,1.48737168e-08,96,15,0,45,normal_corr_dominates,1.39841088e+00,1.00000000e+00,2.49999913e+07,-8.71476750e+00,-3.63355902e+00,-5.08120847e+00,1.00005557e-09
18,4.69378806e-01,1.48737168e-08,96,15,1,46,normal_corr_dominates,2.78694633e+00,1.00000000e+00,2.50000065e+07,6.49297495e+00,-3.63355902e+00,1.01265340e+01,1.00005744e-09
18,4.69378806e-01,1.48737168e-08,96,15,2,47,normal_corr_dominates,3.90871000e+00,1.00000000e+00,2.49999822e+07,-1.78360875e+01,-3.63355902e+00,-1.42025285e+01,1.00008297e-09
18,4.69378806e-01,1.48737168e-08,96,16,2,50,normal_corr_dominates,1.01972515e+00,1.00000000e+00,2.50000001e+07,1.24161320e-01,-6.29457070e+00,6.41873202e+00,1.00005930e-09
18,4.69378806e-01,1.48737168e-08,96,17,0,51,corr_ratio_high,5.13729893e-01,5.00000000e-01,2.49999980e+07,-1.99726089e+00,-5.94120911e+00,3.94394823e+00,1.00013994e-09
18,4.69378806e-01,1.48737168e-08,96,17,1,52,normal_corr_dominates,1.23689774e+00,1.00000000e+00,2.50000014e+07,1.40745900e+00,-5.94120911e+00,7.34866811e+00,1.00008702e-09
18,4.69378806e-01,1.48737168e-08,96,17,2,53,corr_ratio_high,2.57856376e+00,5.00000000e-01,2.50000000e+07,-1.14834895e-02,-5.94120911e+00,5.92972562e+00,1.00001376e-09
18,4.69378806e-01,1.48737168e-08,96,18,2,56,normal_corr_dominates,1.00807873e+00,1.00000000e+00,2.50000001e+07,8.73864490e-02,-1.08168504e+01,1.09042368e+01,1.00007007e-09
18,4.69378806e-01,1.48737168e-08,96,19,0,57,normal_corr_dominates,1.48913572e+01,1.00000000e+00,2.49999673e+07,-3.27366164e+01,-2.06002647e+00,-3.06765899e+01,1.00005237e-09
18,4.69378806e-01,1.48737168e-08,96,19,0,57,corr_ratio_high,1.16387010e+00,5.00000000e-01,2.49999673e+07,-3.27366164e+01,-2.06002647e+00,-3.06765899e+01,1.00005237e-09
18,4.69378806e-01,1.48737168e-08,96,19,2,59,normal_corr_dominates,2.33759705e+00,1.00000000e+00,2.50000028e+07,2.75548532e+00,-2.06002647e+00,4.81551179e+00,1.00006003e-09
18,4.69378806e-01,1.48737168e-08,96,20,1,61,normal_corr_dominates,1.04845766e+00,1.00000000e+00,2.50000003e+07,2.51604934e-01,-5.19226390e+00,5.44386883e+00,1.00008003e-09
18,4.69378806e-01,1.48737168e-08,96,20,2,62,normal_corr_dominates,2.48538109e+00,1.00000000e+00,2.49999819e+07,-1.80970184e+01,-5.19226390e+00,-1.29047545e+01,1.00006307e-09
18,4.69378806e-01,1.48737168e-08,96,21,0,63,normal_corr_dominates,1.60106371e+00,1.00000000e+00,2.49999897e+07,-1.02887796e+01,-3.95560460e+00,-6.33317496e+00,1.00005944e-09
18,4.69378806e-01,1.48737168e-08,96,21,1,64,normal_corr_dominates,2.30177219e+00,1.00000000e+00,2.50000051e+07,5.14929605e+00,-3.95560460e+00,9.10490065e+00,1.00006163e-09
18,4.69378806e-01,1.48737168e-08,96,21,2,65,normal_corr_dominates,1.44861363e+00,1.00000000e+00,2.50000018e+07,1.77453815e+00,-3.95560460e+00,5.73014275e+00,1.00006991e-09
18,4.69378806e-01,1.48737168e-08,96,22,0,66,normal_corr_dominates,2.75136410e+00,1.00000000e+00,2.50000073e+07,7.28533531e+00,-4.15980623e+00,1.14451415e+01,1.00008789e-09
18,4.69378806e-01,1.48737168e-08,96,22,1,67,normal_corr_dominates,1.29627699e+00,1.00000000e+00,2.49999904e+07,-9.55206734e+00,-4.15980623e+00,-5.39226111e+00,1.00007617e-09
18,4.69378806e-01,1.48737168e-08,96,22,2,68,corr_ratio_high,1.57274315e+00,5.00000000e-01,2.49999975e+07,-2.52041563e+00,-4.15980623e+00,1.63939060e+00,1.00003198e-09
18,4.69378806e-01,1.48737168e-08,96,23,0,69,normal_corr_dominates,8.27940703e+00,1.00000000e+00,2.49999967e+07,-3.34620078e+00,-3.60605023e-01,-2.98559576e+00,1.00007994e-09
18,4.69378806e-01,1.48737168e-08,96,23,1,70,normal_corr_dominates,5.74698222e+00,1.00000000e+00,2.49999976e+07,-2.43299568e+00,-3.60605023e-01,-2.07239065e+00,1.00006433e-09
18,4.69378806e-01,1.48737168e-08,96,23,2,71,normal_corr_dominates,3.20201109e+01,1.00000000e+00,2.50000112e+07,1.11860078e+01,-3.60605023e-01,1.15466128e+01,1.00008268e-09
18,4.69378806e-01,1.48737168e-08,96,24,1,73,corr_ratio_high,5.80892320e-01,5.00000000e-01,2.49999974e+07,-2.63347964e+00,-6.94080120e+00,4.30732156e+00,1.00004645e-09
18,4.69378806e-01,1.48737168e-08,96,24,2,74,normal_corr_dominates,1.08209472e+00,1.00000000e+00,2.49999855e+07,-1.44514055e+01,-6.94080120e+00,-7.51060431e+00,1.00006980e-09
18,4.69378806e-01,1.48737168e-08,96,26,0,78,normal_corr_dominates,5.30696945e+00,1.00000000e+00,2.50000100e+07,1.00259706e+01,-2.32784809e+00,1.23538187e+01,1.00012186e-09
18,4.69378806e-01,1.48737168e-08,96,26,1,79,normal_corr_dominates,1.85737250e+00,1.00000000e+00,2.49999933e+07,-6.65152911e+00,-2.32784809e+00,-4.32368102e+00,1.00006677e-09
18,4.69378806e-01,1.48737168e-08,96,26,2,80,normal_corr_dominates,4.33205525e+00,1.00000000e+00,2.49999876e+07,-1.24122146e+01,-2.32784809e+00,-1.00843665e+01,1.00003843e-09
18,4.69378806e-01,1.48737168e-08,96,26,2,80,corr_ratio_high,1.22644200e+00,5.00000000e-01,2.49999876e+07,-1.24122146e+01,-2.32784809e+00,-1.00843665e+01,1.00003843e-09
18,4.69378806e-01,1.48737168e-08,96,27,0,81,normal_corr_dominates,4.36734707e+00,1.00000000e+00,2.49999888e+07,-1.11847965e+01,-2.08385938e+00,-9.10093715e+00,1.00005971e-09
18,4.69378806e-01,1.48737168e-08,96,27,1,82,normal_corr_dominates,2.72458918e+00,1.00000000e+00,2.50000036e+07,3.59380135e+00,-2.08385938e+00,5.67766072e+00,1.00005784e-09
18,4.69378806e-01,1.48737168e-08,96,29,0,87,normal_corr_dominates,1.03638956e+01,1.00000000e+00,2.49999696e+07,-3.04219786e+01,-2.67707303e+00,-2.77449055e+01,1.00005483e-09
18,4.69378806e-01,1.48737168e-08,96,29,0,87,corr_ratio_high,8.84094611e-01,5.00000000e-01,2.49999696e+07,-3.04219786e+01,-2.67707303e+00,-2.77449055e+01,1.00005483e-09
18,4.69378806e-01,1.48737168e-08,96,29,1,88,normal_corr_dominates,5.69567618e+00,1.00000000e+00,2.49999821e+07,-1.79248142e+01,-2.67707303e+00,-1.52477411e+01,1.00007012e-09
18,4.69378806e-01,1.48737168e-08,96,29,2,89,normal_corr_dominates,3.26161601e+00,1.00000000e+00,2.50000061e+07,6.05451122e+00,-2.67707303e+00,8.73158426e+00,1.00006253e-09
18,4.69378806e-01,1.48737168e-08,96,30,2,92,normal_corr_dominates,1.40281113e+00,1.00000000e+00,2.49999821e+07,-1.78795272e+01,-7.44108720e+00,-1.04384400e+01,1.00007433e-09
18,4.69378806e-01,1.48737168e-08,96,31,0,93,normal_corr_dominates,1.51930172e+00,1.00000000e+00,2.49999919e+07,-8.10592119e+00,-3.21752696e+00,-4.88839423e+00,1.00006141e-09
18,4.69378806e-01,1.48737168e-08,96,31,1,94,normal_corr_dominates,1.37601173e+00,1.00000000e+00,2.50000012e+07,1.20982786e+00,-3.21752696e+00,4.42735482e+00,1.00007513e-09
18,4.69378806e-01,1.48737168e-08,96,31,2,95,normal_corr_dominates,1.97405784e+00,1.00000000e+00,2.50000031e+07,3.13405736e+00,-3.21752696e+00,6.35158431e+00,1.00005651e-09
18,4.69378806e-01,1.48737168e-08,96,32,1,97,normal_corr_dominates,2.35504712e+00,1.00000000e+00,2.49999898e+07,-1.02107431e+01,-3.04339782e+00,-7.16734527e+00,1.00005342e-09
18,4.69378806e-01,1.48737168e-08,96,33,0,99,normal_corr_dominates,5.43466604e+00,1.00000000e+00,2.49999847e+07,-1.53145464e+01,-2.38000641e+00,-1.29345400e+01,1.00006151e-09
18,4.69378806e-01,1.48737168e-08,96,33,1,100,normal_corr_dominates,1.33502014e+00,1.00000000e+00,2.49999944e+07,-5.55736290e+00,-2.38000641e+00,-3.17735649e+00,1.00006282e-09
18,4.69378806e-01,1.48737168e-08,96,33,2,101,normal_corr_dominates,3.23972782e+00,1.00000000e+00,2.50000053e+07,5.33056656e+00,-2.38000641e+00,7.71057297e+00,1.00006231e-09
18,4.69378806e-01,1.48737168e-08,96,34,0,102,normal_corr_dominates,2.23387828e+00,1.00000000e+00,2.49999820e+07,-1.79967008e+01,-5.56505201e+00,-1.24316488e+01,1.00005182e-09
18,4.69378806e-01,1.48737168e-08,96,34,1,103,normal_corr_dominates,2.05885245e+00,1.00000000e+00,2.50000059e+07,5.89256895e+00,-5.56505201e+00,1.14576210e+01,1.00004859e-09
18,4.69378806e-01,1.48737168e-08,96,35,0,105,normal_corr_dominates,3.83291735e+01,1.00000000e+00,2.50000217e+07,2.17063989e+01,-5.81486191e-01,2.22878851e+01,1.00009292e-09
18,4.69378806e-01,1.48737168e-08,96,35,1,106,normal_corr_dominates,1.96822803e+01,1.00000000e+00,2.49999880e+07,-1.20264604e+01,-5.81486191e-01,-1.14449742e+01,1.00012888e-09
18,4.69378806e-01,1.48737168e-08,96,35,2,107,normal_corr_dominates,3.97887368e+01,1.00000000e+00,2.49999763e+07,-2.37180872e+01,-5.81486191e-01,-2.31366010e+01,1.00002135e-09
18,4.69378806e-01,1.48737168e-08,96,35,2,107,corr_ratio_high,4.25137838e+00,5.00000000e-01,2.49999763e+07,-2.37180872e+01,-5.81486191e-01,-2.31366010e+01,1.00002135e-09
18,4.69378806e-01,1.48737168e-08,96,36,1,109,corr_ratio_high,7.25772418e-01,5.00000000e-01,2.49999878e+07,-1.21911056e+01,-1.01711322e+01,-2.01997346e+00,1.00003976e-09
18,4.69378806e-01,1.48737168e-08,96,37,0,111,normal_corr_dominates,1.88896983e+00,1.00000000e+00,2.50000019e+07,1.86008126e+00,-2.09240089e+00,3.95248216e+00,1.00006551e-09
18,4.69378806e-01,1.48737168e-08,96,37,2,113,normal_corr_dominates,2.71946043e+00,1.00000000e+00,2.50000036e+07,3.59780053e+00,-2.09240089e+00,5.69020143e+00,1.00004662e-09
19,4.96064928e-01,1.57193490e-08,96,0,0,0,corr_ratio_high,9.36170128e-01,5.00000000e-01,2.49999878e+07,-1.21913403e+01,-8.89455699e+00,-3.29678333e+00,1.00004071e-09
19,4.96064928e-01,1.57193490e-08,96,0,2,2,normal_corr_dominates,1.13736585e+00,1.00000000e+00,2.50000012e+07,1.22180837e+00,-8.89455699e+00,1.01163654e+01,1.00006836e-09
19,4.96064928e-01,1.57193490e-08,96,1,0,3,normal_corr_dominates,8.30163183e+00,1.00000000e+00,2.50000104e+07,1.03839430e+01,-1.42214004e+00,1.18060830e+01,1.00008623e-09
19,4.96064928e-01,1.57193490e-08,96,1,1,4,normal_corr_dominates,8.93244608e+00,1.00000000e+00,2.49999859e+07,-1.41253293e+01,-1.42214004e+00,-1.27031892e+01,1.00005487e-09
19,4.96064928e-01,1.57193490e-08,96,1,1,4,corr_ratio_high,8.73826138e-01,5.00000000e-01,2.49999859e+07,-1.41253293e+01,-1.42214004e+00,-1.27031892e+01,1.00005487e-09
19,4.96064928e-01,1.57193490e-08,96,1,2,5,normal_corr_dominates,6.60750953e+00,1.00000000e+00,2.49999892e+07,-1.08189439e+01,-1.42214004e+00,-9.39680387e+00,1.00007980e-09
19,4.96064928e-01,1.57193490e-08,96,2,0,6,normal_corr_dominates,1.15803884e+00,1.00000000e+00,2.50000007e+07,6.75365781e-01,-4.27341654e+00,4.94878232e+00,1.00006089e-09
19,4.96064928e-01,1.57193490e-08,96,2,0,6,corr_ratio_high,5.85489444e-01,5.00000000e-01,2.50000007e+07,6.75365781e-01,-4.27341654e+00,4.94878232e+00,1.00006089e-09
19,4.96064928e-01,1.57193490e-08,96,2,1,7,normal_corr_dominates,3.61327508e+00,1.00000000e+00,2.49999803e+07,-1.97144460e+01,-4.27341654e+00,-1.54410295e+01,1.00007220e-09
19,4.96064928e-01,1.57193490e-08,96,2,2,8,normal_corr_dominates,3.75791767e+00,1.00000000e+00,2.50000118e+07,1.17857310e+01,-4.27341654e+00,1.60591475e+01,1.00011046e-09
19,4.96064928e-01,1.57193490e-08,96,3,0,9,normal_corr_dominates,1.74690864e+01,1.00000000e+00,2.49999769e+07,-2.30626704e+01,-1.24871745e+00,-2.18139529e+01,1.00016711e-09
19,4.96064928e-01,1.57193490e-08,96,3,0,9,corr_ratio_high,5.86285943e-01,5.00000000e-01,2.49999769e+07,-2.30626704e+01,-1.24871745e+00,-2.18139529e+01,1.00016711e-09
19,4.96064928e-01,1.57193490e-08,96,3,1,10,normal_corr_dominates,8.60951140e+00,1.00000000e+00,2.49999880e+07,-1.19995645e+01,-1.24871745e+00,-1.07508471e+01,1.00004439e-09
19,4.96064928e-01,1.57193490e-08,96,3,1,10,corr_ratio_high,8.55648224e-01,5.00000000e-01,2.49999880e+07,-1.19995645e+01,-1.24871745e+00,-1.07508471e+01,1.00004439e-09
19,4.96064928e-01,1.57193490e-08,96,3,2,11,normal_corr_dominates,1.09604333e+01,1.00000000e+00,2.50000124e+07,1.24377669e+01,-1.24871745e+00,1.36864843e+01,1.00001852e-09
19,4.96064928e-01,1.57193490e-08,96,3,2,11,corr_ratio_high,1.79048964e+00,5.00000000e-01,2.50000124e+07,1.24377669e+01,-1.24871745e+00,1.36864843e+01,1.00001852e-09
19,4.96064928e-01,1.57193490e-08,96,4,0,12,normal_corr_dominates,1.57843039e+00,1.00000000e+00,2.49999974e+07,-2.57388147e+00,-9.98235779e-01,-1.57564569e+00,1.00007711e-09
19,4.96064928e-01,1.57193490e-08,96,4,1,13,normal_corr_dominates,2.81240340e+00,1.00000000e+00,2.50000018e+07,1.80920592e+00,-9.98235779e-01,2.80744170e+00,1.00006567e-09
19,4.96064928e-01,1.57193490e-08,96,4,2,14,normal_corr_dominates,6.82710952e+00,1.00000000e+00,2.50000058e+07,5.81682922e+00,-9.98235779e-01,6.81506499e+00,1.00005347e-09
19,4.96064928e-01,1.57193490e-08,96,5,0,15,normal_corr_dominates,2.13812271e+00,1.00000000e+00,2.50000086e+07,8.62010106e+00,-7.57396458e+00,1.61940656e+01,1.00004806e-09
19,4.96064928e-01,1.57193490e-08,96,5,1,16,normal_corr_dominates,1.42166811e+00,1.00000000e+00,2.49999817e+07,-1.83416285e+01,-7.57396458e+00,-1.07676639e+01,1.00007794e-09
19,4.96064928e-01,1.57193490e-08,96,5,2,17,normal_corr_dominates,1.70914617e+00,1.00000000e+00,2.49999795e+07,-2.05189771e+01,-7.57396458e+00,-1.29450125e+01,1.00008267e-09
19,4.96064928e-01,1.57193490e-08,96,6,1,19,normal_corr_dominates,2.05103197e+00,1.00000000e+00,2.50000053e+07,5.26090610e+00,-5.00546723e+00,1.02663733e+01,1.00004955e-09
19,4.96064928e-01,1.57193490e-08,96,6,2,20,normal_corr_dominates,3.88186975e+00,1.00000000e+00,2.49999756e+07,-2.44360391e+01,-5.00546723e+00,-1.94305718e+01,1.00010084e-09
19,4.96064928e-01,1.57193490e-08,96,7,0,21,normal_corr_dominates,6.89682624e+01,1.00000000e+00,2.49999902e+07,-9.75190564e+00,-1.39376130e-01,-9.61252951e+00,1.00006378e-09
19,4.96064928e-01,1.57193490e-08,96,7,1,22,normal_corr_dominates,4.29922272e+01,1.00000000e+00,2.49999939e+07,-6.13146637e+00,-1.39376130e-01,-5.99209024e+00,1.00008575e-09
19,4.96064928e-01,1.57193490e-08,96,7,2,23,normal_corr_dominates,1.11302452e+02,1.00000000e+00,2.50000154e+07,1.53735289e+01,-1.39376130e-01,1.55129050e+01,1.00008105e-09
19,4.96064928e-01,1.57193490e-08,96,8,0,24,normal_corr_dominates,4.43366872e+00,1.00000000e+00,2.49999891e+07,-1.09111917e+01,-2.00807083e+00,-8.90312084e+00,1.00006082e-09
19,4.96064928e-01,1.57193490e-08,96,8,1,25,normal_corr_dominates,4.64651946e+00,1.00000000e+00,2.50000073e+07,7.32246937e+00,-2.00807083e+00,9.33054021e+00,1.00004618e-09
19,4.96064928e-01,1.57193490e-08,96,8,1,25,corr_ratio_high,5.23942892e-01,5.00000000e-01,2.50000073e+07,7.32246937e+00,-2.00807083e+00,9.33054021e+00,1.00004618e-09
19,4.96064928e-01,1.57193490e-08,96,8,2,26,normal_corr_dominates,2.96966550e+00,1.00000000e+00,2.50000040e+07,3.95522784e+00,-2.00807083e+00,5.96329867e+00,1.00006924e-09
19,4.96064928e-01,1.57193490e-08,96,9,0,27,normal_corr_dominates,1.31267975e+00,1.00000000e+00,2.50000016e+07,1.59293524e+00,-5.09446241e+00,6.68739765e+00,1.00008965e-09
19,4.96064928e-01,1.57193490e-08,96,9,1,28,normal_corr_dominates,2.14835276e+00,1.00000000e+00,2.49999840e+07,-1.60391648e+01,-5.09446241e+00,-1.09447024e+01,1.00006948e-09
19,4.96064928e-01,1.57193490e-08,96,9,2,29,normal_corr_dominates,2.46428723e+00,1.00000000e+00,2.49999824e+07,-1.76486811e+01,-5.09446241e+00,-1.25542187e+01,1.00007069e-09
19,4.96064928e-01,1.57193490e-08,96,10,0,30,normal_corr_dominates,5.24516635e+00,1.00000000e+00,2.50000068e+07,6.83251309e+00,-1.60948065e+00,8.44199374e+00,1.00006983e-09
19,4.96064928e-01,1.57193490e-08,96,10,1,31,normal_corr_dominates,1.06152528e+01,1.00000000e+00,2.50000155e+07,1.54755634e+01,-1.60948065e+00,1.70850440e+01,1.00011905e-09
19,4.96064928e-01,1.57193490e-08,96,10,2,32,normal_corr_dominates,9.42946598e+00,1.00000000e+00,2.49999832e+07,-1.67860237e+01,-1.60948065e+00,-1.51765430e+01,1.00006938e-09
19,4.96064928e-01,1.57193490e-08,96,11,0,33,normal_corr_dominates,2.89172200e+00,1.00000000e+00,2.49999972e+07,-2.75671703e+00,-7.08354048e-01,-2.04836299e+00,1.00009933e-09
19,4.96064928e-01,1.57193490e-08,96,11,1,34,normal_corr_dominates,6.57543023e+00,1.00000000e+00,2.50000039e+07,3.94937858e+00,-7.08354048e-01,4.65773262e+00,1.00008830e-09
19,4.96064928e-01,1.57193490e-08,96,11,2,35,normal_corr_dominates,1.20176296e+01,1.00000000e+00,2.49999908e+07,-9.22109063e+00,-7.08354048e-01,-8.51273659e+00,1.00004875e-09
19,4.96064928e-01,1.57193490e-08,96,11,2,35,corr_ratio_high,1.01934701e+00,5.00000000e-01,2.49999908e+07,-9.22109063e+00,-7.08354048e-01,-8.51273659e+00,1.00004875e-09
19,4.96064928e-01,1.57193490e-08,96,12,1,37,normal_corr_dominates,1.16349120e+00,1.00000000e+00,2.50000014e+07,1.37458872e+00,-8.40772287e+00,9.78231159e+00,1.00005963e-09
19,4.96064928e-01,1.57193490e-08,96,13,0,39,normal_corr_dominates,1.77392332e+00,1.00000000e+00,2.50000034e+07,3.37904971e+00,-4.36612988e+00,7.74517959e+00,1.00004831e-09
19,4.96064928e-01,1.57193490e-08,96,14,0,42,normal_corr_dominates,3.09215058e+00,1.00000000e+00,2.49999967e+07,-3.31764204e+00,-8.10733128e-01,-2.50690891e+00,1.00007152e-09
19,4.96064928e-01,1.57193490e-08,96,14,1,43,normal_corr_dominates,3.13721481e+00,1.00000000e+00,2.49999966e+07,-3.35417710e+00,-8.10733128e-01,-2.54344397e+00,1.00006054e-09
19,4.96064928e-01,1.57193490e-08,96,14,2,44,normal_corr_dominates,1.80021925e+01,1.00000000e+00,2.50000138e+07,1.37842407e+01,-8.10733128e-01,1.45949738e+01,1.00009964e-09
19,4.96064928e-01,1.57193490e-08,96,15,0,45,normal_corr_dominates,1.39769962e+00,1.00000000e+00,2.49999908e+07,-9.18187216e+00,-3.82945056e+00,-5.35242160e+00,1.00005855e-09
19,4.96064928e-01,1.57193490e-08,96,15,1,46,normal_corr_dominates,2.78605049e+00,1.00000000e+00,2.50000068e+07,6.83959205e+00,-3.82945056e+00,1.06690426e+01,1.00006052e-09
19,4.96064928e-01,1.57193490e-08,96,15,2,47,normal_corr_dominates,3.90791292e+00,1.00000000e+00,2.49999812e+07,-1.87946099e+01,-3.82945056e+00,-1.49651593e+01,1.00008742e-09
19,4.96064928e-01,1.57193490e-08,96,16,2,50,normal_corr_dominates,1.01928715e+00,1.00000000e+00,2.50000001e+07,1.27936342e-01,-6.63324073e+00,6.76117708e+00,1.00006248e-09
19,4.96064928e-01,1.57193490e-08,96,17,0,51,corr_ratio_high,5.13708271e-01,5.00000000e-01,2.49999979e+07,-2.10507414e+00,-6.26179405e+00,4.15671991e+00,1.00014744e-09
19,4.96064928e-01,1.57193490e-08,96,17,1,52,normal_corr_dominates,1.23604559e+00,1.00000000e+00,2.50000015e+07,1.47806890e+00,-6.26179405e+00,7.73986295e+00,1.00009170e-09
19,4.96064928e-01,1.57193490e-08,96,17,2,53,corr_ratio_high,2.57811595e+00,5.00000000e-01,2.50000000e+07,-1.30615173e-02,-6.26179405e+00,6.24873253e+00,1.00001450e-09
19,4.96064928e-01,1.57193490e-08,96,18,2,56,normal_corr_dominates,1.00786673e+00,1.00000000e+00,2.50000001e+07,8.96677209e-02,-1.13983442e+01,1.14880119e+01,1.00007383e-09
19,4.96064928e-01,1.57193490e-08,96,19,0,57,normal_corr_dominates,1.48881615e+01,1.00000000e+00,2.49999655e+07,-3.44930987e+01,-2.17099372e+00,-3.23221050e+01,1.00005518e-09
19,4.96064928e-01,1.57193490e-08,96,19,0,57,corr_ratio_high,1.16368902e+00,5.00000000e-01,2.49999655e+07,-3.44930987e+01,-2.17099372e+00,-3.23221050e+01,1.00005518e-09
19,4.96064928e-01,1.57193490e-08,96,19,2,59,normal_corr_dominates,2.33753454e+00,1.00000000e+00,2.50000029e+07,2.90377908e+00,-2.17099372e+00,5.07477280e+00,1.00006326e-09
19,4.96064928e-01,1.57193490e-08,96,20,1,61,normal_corr_dominates,1.04814893e+00,1.00000000e+00,2.50000003e+07,2.63479051e-01,-5.47216809e+00,5.73564714e+00,1.00008433e-09
19,4.96064928e-01,1.57193490e-08,96,20,2,62,normal_corr_dominates,2.48469030e+00,1.00000000e+00,2.49999809e+07,-1.90688110e+01,-5.47216809e+00,-1.35966430e+01,1.00006645e-09
19,4.96064928e-01,1.57193490e-08,96,21,0,63,normal_corr_dominates,1.60039886e+00,1.00000000e+00,2.49999892e+07,-1.08407167e+01,-4.16886691e+00,-6.67184984e+00,1.00006263e-09
19,4.96064928e-01,1.57193490e-08,96,21,1,64,normal_corr_dominates,2.30096228e+00,1.00000000e+00,2.50000054e+07,5.42353859e+00,-4.16886691e+00,9.59240550e+00,1.00006494e-09
19,4.96064928e-01,1.57193490e-08,96,21,2,65,normal_corr_dominates,1.44795600e+00,1.00000000e+00,2.50000019e+07,1.86746895e+00,-4.16886691e+00,6.03633586e+00,1.00007366e-09
19,4.96064928e-01,1.57193490e-08,96,22,0,66,normal_corr_dominates,2.74971652e+00,1.00000000e+00,2.50000077e+07,7.67184061e+00,-4.38461918e+00,1.20564598e+01,1.00009261e-09
19,4.96064928e-01,1.57193490e-08,96,22,1,67,normal_corr_dominates,1.29574717e+00,1.00000000e+00,2.49999899e+07,-1.00659771e+01,-4.38461918e+00,-5.68135790e+00,1.00008026e-09
19,4.96064928e-01,1.57193490e-08,96,22,2,68,corr_ratio_high,1.57264954e+00,5.00000000e-01,2.49999973e+07,-2.65596535e+00,-4.38461918e+00,1.72865383e+00,1.00003370e-09
19,4.96064928e-01,1.57193490e-08,96,23,0,69,normal_corr_dominates,8.26741835e+00,1.00000000e+00,2.49999965e+07,-3.52508121e+00,-3.80373592e-01,-3.14470762e+00,1.00008422e-09
19,4.96064928e-01,1.57193490e-08,96,23,1,70,normal_corr_dominates,5.73962085e+00,1.00000000e+00,2.49999974e+07,-2.56357379e+00,-3.80373592e-01,-2.18320020e+00,1.00006778e-09
19,4.96064928e-01,1.57193490e-08,96,23,2,71,normal_corr_dominates,3.19854393e+01,1.00000000e+00,2.50000118e+07,1.17860428e+01,-3.80373592e-01,1.21664164e+01,1.00008711e-09
19,4.96064928e-01,1.57193490e-08,96,24,1,73,corr_ratio_high,5.80923023e-01,5.00000000e-01,2.49999972e+07,-2.77596863e+00,-7.31443174e+00,4.53846310e+00,1.00004895e-09
19,4.96064928e-01,1.57193490e-08,96,24,2,74,normal_corr_dominates,1.08197220e+00,1.00000000e+00,2.49999848e+07,-1.52284435e+01,-7.31443174e+00,-7.91401181e+00,1.00007355e-09
19,4.96064928e-01,1.57193490e-08,96,26,0,78,normal_corr_dominates,5.30551130e+00,1.00000000e+00,2.50000106e+07,1.05625276e+01,-2.45325744e+00,1.30157851e+01,1.00012839e-09
19,4.96064928e-01,1.57193490e-08,96,26,1,79,normal_corr_dominates,1.85665283e+00,1.00000000e+00,2.49999930e+07,-7.00810482e+00,-2.45325744e+00,-4.55484738e+00,1.00007035e-09
19,4.96064928e-01,1.57193490e-08,96,26,2,80,normal_corr_dominates,4.33061141e+00,1.00000000e+00,2.49999869e+07,-1.30773621e+01,-2.45325744e+00,-1.06241047e+01,1.00004050e-09
19,4.96064928e-01,1.57193490e-08,96,26,2,80,corr_ratio_high,1.22616075e+00,5.00000000e-01,2.49999869e+07,-1.30773621e+01,-2.45325744e+00,-1.06241047e+01,1.00004050e-09
19,4.96064928e-01,1.57193490e-08,96,27,0,81,normal_corr_dominates,4.36552687e+00,1.00000000e+00,2.49999882e+07,-1.17839207e+01,-2.19622807e+00,-9.58769266e+00,1.00006291e-09
19,4.96064928e-01,1.57193490e-08,96,27,1,82,normal_corr_dominates,2.72489212e+00,1.00000000e+00,2.50000038e+07,3.78825650e+00,-2.19622807e+00,5.98448458e+00,1.00006094e-09
19,4.96064928e-01,1.57193490e-08,96,29,0,87,normal_corr_dominates,1.03604652e+01,1.00000000e+00,2.49999679e+07,-3.20535703e+01,-2.82150156e+00,-2.92320687e+01,1.00005777e-09
19,4.96064928e-01,1.57193490e-08,96,29,0,87,corr_ratio_high,8.84121536e-01,5.00000000e-01,2.49999679e+07,-3.20535703e+01,-2.82150156e+00,-2.92320687e+01,1.00005777e-09
19,4.96064928e-01,1.57193490e-08,96,29,1,88,normal_corr_dominates,5.69373990e+00,1.00000000e+00,2.49999811e+07,-1.88863976e+01,-2.82150156e+00,-1.60648960e+01,1.00007388e-09
19,4.96064928e-01,1.57193490e-08,96,29,2,89,normal_corr_dominates,3.26068578e+00,1.00000000e+00,2.50000064e+07,6.37852847e+00,-2.82150156e+00,9.20003004e+00,1.00006589e-09
19,4.96064928e-01,1.57193490e-08,96,30,2,92,normal_corr_dominates,1.40256847e+00,1.00000000e+00,2.49999812e+07,-1.88393597e+01,-7.84134142e+00,-1.09980183e+01,1.00007832e-09
19,4.96064928e-01,1.57193490e-08,96,31,0,93,normal_corr_dominates,1.51867052e+00,1.00000000e+00,2.49999915e+07,-8.54098991e+00,-3.39107074e+00,-5.14991917e+00,1.00006470e-09
19,4.96064928e-01,1.57193490e-08,96,31,1,94,normal_corr_dominates,1.37523324e+00,1.00000000e+00,2.50000013e+07,1.27244245e+00,-3.39107074e+00,4.66351319e+00,1.00007917e-09
19,4.96064928e-01,1.57193490e-08,96,31,2,95,normal_corr_dominates,1.97359705e+00,1.00000000e+00,2.50000033e+07,3.30153647e+00,-3.39107074e+00,6.69260721e+00,1.00005954e-09
19,4.96064928e-01,1.57193490e-08,96,32,1,97,normal_corr_dominates,2.35431065e+00,1.00000000e+00,2.49999892e+07,-1.07578960e+01,-3.20718536e+00,-7.55071066e+00,1.00005629e-09
19,4.96064928e-01,1.57193490e-08,96,33,0,99,normal_corr_dominates,5.43272234e+00,1.00000000e+00,2.49999839e+07,-1.61361390e+01,-2.50844637e+00,-1.36276927e+01,1.00006481e-09
19,4.96064928e-01,1.57193490e-08,96,33,1,100,normal_corr_dominates,1.33429786e+00,1.00000000e+00,2.49999941e+07,-5.85546101e+00,-2.50844637e+00,-3.34701464e+00,1.00006619e-09
19,4.96064928e-01,1.57193490e-08,96,33,2,101,normal_corr_dominates,3.23879581e+00,1.00000000e+00,2.50000056e+07,5.61589922e+00,-2.50844637e+00,8.12434559e+00,1.00006566e-09
19,4.96064928e-01,1.57193490e-08,96,34,0,102,normal_corr_dominates,2.23340006e+00,1.00000000e+00,2.49999810e+07,-1.89635369e+01,-5.86489037e+00,-1.30986465e+01,1.00005461e-09
19,4.96064928e-01,1.57193490e-08,96,34,1,103,normal_corr_dominates,2.05832450e+00,1.00000000e+00,2.50000062e+07,6.20695720e+00,-5.86489037e+00,1.20718476e+01,1.00005120e-09
19,4.96064928e-01,1.57193490e-08,96,35,0,105,normal_corr_dominates,3.82817582e+01,1.00000000e+00,2.50000229e+07,2.28694205e+01,-6.13421190e-01,2.34828416e+01,1.00009790e-09
19,4.96064928e-01,1.57193490e-08,96,35,1,106,normal_corr_dominates,1.96592942e+01,1.00000000e+00,2.49999873e+07,-1.26728488e+01,-6.13421190e-01,-1.20594276e+01,1.00013580e-09
19,4.96064928e-01,1.57193490e-08,96,35,2,107,normal_corr_dominates,3.97364844e+01,1.00000000e+00,2.49999750e+07,-2.49886228e+01,-6.13421190e-01,-2.43752016e+01,1.00002249e-09
19,4.96064928e-01,1.57193490e-08,96,35,2,107,corr_ratio_high,4.25006052e+00,5.00000000e-01,2.49999750e+07,-2.49886228e+01,-6.13421190e-01,-2.43752016e+01,1.00002249e-09
19,4.96064928e-01,1.57193490e-08,96,36,1,109,corr_ratio_high,7.25732569e-01,5.00000000e-01,2.49999872e+07,-1.28471434e+01,-1.07179462e+01,-2.12919719e+00,1.00004190e-09
19,4.96064928e-01,1.57193490e-08,96,37,0,111,normal_corr_dominates,1.88946338e+00,1.00000000e+00,2.50000020e+07,1.96158835e+00,-2.20536157e+00,4.16694991e+00,1.00006902e-09
19,4.96064928e-01,1.57193490e-08,96,37,2,113,normal_corr_dominates,2.71887512e+00,1.00000000e+00,2.50000038e+07,3.79074113e+00,-2.20536157e+00,5.99610269e+00,1.00004912e-09
20,5.22361202e-01,1.65526276e-08,96,0,0,0,corr_ratio_high,9.36071367e-01,5.00000000e-01,2.49999872e+07,-1.28021133e+01,-9.34012829e+00,-3.46198498e+00,1.00004275e-09
20,5.22361202e-01,1.65526276e-08,96,0,2,2,normal_corr_dominates,1.13710554e+00,1.00000000e+00,2.50000013e+07,1.28058336e+00,-9.34012829e+00,1.06207117e+01,1.00007178e-09
20,5.22361202e-01,1.65526276e-08,96,1,0,3,normal_corr_dominates,8.30209892e+00,1.00000000e+00,2.50000109e+07,1.09022954e+01,-1.49303584e+00,1.23953312e+01,1.00009053e-09
20,5.22361202e-01,1.65526276e-08,96,1,1,4,normal_corr_dominates,8.93578263e+00,1.00000000e+00,2.49999852e+07,-1.48344795e+01,-1.49303584e+00,-1.33414437e+01,1.00005761e-09
20,5.22361202e-01,1.65526276e-08,96,1,1,4,corr_ratio_high,8.73922817e-01,5.00000000e-01,2.49999852e+07,-1.48344795e+01,-1.49303584e+00,-1.33414437e+01,1.00005761e-09
20,5.22361202e-01,1.65526276e-08,96,1,2,5,normal_corr_dominates,6.60709562e+00,1.00000000e+00,2.49999886e+07,-1.13576664e+01,-1.49303584e+00,-9.86463053e+00,1.00008379e-09
20,5.22361202e-01,1.65526276e-08,96,2,0,6,normal_corr_dominates,1.15727021e+00,1.00000000e+00,2.50000007e+07,7.05702768e-01,-4.48719920e+00,5.19290196e+00,1.00006393e-09
20,5.22361202e-01,1.65526276e-08,96,2,0,6,corr_ratio_high,5.85571856e-01,5.00000000e-01,2.50000007e+07,7.05702768e-01,-4.48719920e+00,5.19290196e+00,1.00006393e-09
20,5.22361202e-01,1.65526276e-08,96,2,1,7,normal_corr_dominates,3.61268742e+00,1.00000000e+00,2.49999793e+07,-2.06980473e+01,-4.48719920e+00,-1.62108481e+01,1.00007580e-09
20,5.22361202e-01,1.65526276e-08,96,2,2,8,normal_corr_dominates,3.75788535e+00,1.00000000e+00,2.50000124e+07,1.23751809e+01,-4.48719920e+00,1.68623801e+01,1.00011597e-09
20,5.22361202e-01,1.65526276e-08,96,3,0,9,normal_corr_dominates,1.74577748e+01,1.00000000e+00,2.49999758e+07,-2.42156813e+01,-1.31195020e+00,-2.29037311e+01,1.00017546e-09
20,5.22361202e-01,1.65526276e-08,96,3,0,9,corr_ratio_high,5.86281897e-01,5.00000000e-01,2.49999758e+07,-2.42156813e+01,-1.31195020e+00,-2.29037311e+01,1.00017546e-09
20,5.22361202e-01,1.65526276e-08,96,3,1,10,normal_corr_dominates,8.60221397e+00,1.00000000e+00,2.49999874e+07,-1.25976265e+01,-1.31195020e+00,-1.12856763e+01,1.00004660e-09
20,5.22361202e-01,1.65526276e-08,96,3,1,10,corr_ratio_high,8.55659357e-01,5.00000000e-01,2.49999874e+07,-1.25976265e+01,-1.31195020e+00,-1.12856763e+01,1.00004660e-09
20,5.22361202e-01,1.65526276e-08,96,3,2,11,normal_corr_dominates,1.09524569e+01,1.00000000e+00,2.50000131e+07,1.30571278e+01,-1.31195020e+00,1.43690780e+01,1.00001945e-09
20,5.22361202e-01,1.65526276e-08,96,3,2,11,corr_ratio_high,1.79000284e+00,5.00000000e-01,2.50000131e+07,1.30571278e+01,-1.31195020e+00,1.43690780e+01,1.00001945e-09
20,5.22361202e-01,1.65526276e-08,96,4,0,12,normal_corr_dominates,1.57662622e+00,1.00000000e+00,2.49999973e+07,-2.70214250e+00,-1.04871342e+00,-1.65342908e+00,1.00008096e-09
20,5.22361202e-01,1.65526276e-08,96,4,1,13,normal_corr_dominates,2.81007238e+00,1.00000000e+00,2.50000019e+07,1.89824720e+00,-1.04871342e+00,2.94696062e+00,1.00006894e-09
20,5.22361202e-01,1.65526276e-08,96,4,2,14,normal_corr_dominates,6.82389661e+00,1.00000000e+00,2.50000061e+07,6.10759853e+00,-1.04871342e+00,7.15631195e+00,1.00005615e-09
20,5.22361202e-01,1.65526276e-08,96,5,0,15,normal_corr_dominates,2.13762699e+00,1.00000000e+00,2.50000090e+07,9.04815356e+00,-7.95353280e+00,1.70016864e+01,1.00005046e-09
20,5.22361202e-01,1.65526276e-08,96,5,1,16,normal_corr_dominates,1.42130056e+00,1.00000000e+00,2.49999807e+07,-1.92578934e+01,-7.95353280e+00,-1.13043606e+01,1.00008184e-09
20,5.22361202e-01,1.65526276e-08,96,5,2,17,normal_corr_dominates,1.70903259e+00,1.00000000e+00,2.49999785e+07,-2.15463795e+01,-7.95353280e+00,-1.35928467e+01,1.00008680e-09
20,5.22361202e-01,1.65526276e-08,96,6,1,19,normal_corr_dominates,2.05028668e+00,1.00000000e+00,2.50000055e+07,5.52078399e+00,-5.25645434e+00,1.07772383e+01,1.00005204e-09
20,5.22361202e-01,1.65526276e-08,96,6,2,20,normal_corr_dominates,3.88130662e+00,1.00000000e+00,2.49999743e+07,-2.56583654e+01,-5.25645434e+00,-2.04019111e+01,1.00010588e-09
20,5.22361202e-01,1.65526276e-08,96,7,0,21,normal_corr_dominates,6.89564070e+01,1.00000000e+00,2.49999898e+07,-1.02427250e+01,-1.46415824e-01,-1.00963092e+01,1.00006696e-09
20,5.22361202e-01,1.65526276e-08,96,7,1,22,normal_corr_dominates,4.29486027e+01,1.00000000e+00,2.49999936e+07,-6.43477088e+00,-1.46415824e-01,-6.28835506e+00,1.00009004e-09
20,5.22361202e-01,1.65526276e-08,96,7,2,23,normal_corr_dominates,1.11243407e+02,1.00000000e+00,2.50000161e+07,1.61413793e+01,-1.46415824e-01,1.62877951e+01,1.00008510e-09
20,5.22361202e-01,1.65526276e-08,96,8,0,24,normal_corr_dominates,4.43084911e+00,1.00000000e+00,2.49999885e+07,-1.14554019e+01,-2.10932059e+00,-9.34608127e+00,1.00006385e-09
20,5.22361202e-01,1.65526276e-08,96,8,1,25,normal_corr_dominates,4.64375817e+00,1.00000000e+00,2.50000077e+07,7.68585415e+00,-2.10932059e+00,9.79517474e+00,1.00004849e-09
20,5.22361202e-01,1.65526276e-08,96,8,1,25,corr_ratio_high,5.23850967e-01,5.00000000e-01,2.50000077e+07,7.68585415e+00,-2.10932059e+00,9.79517474e+00,1.00004849e-09
20,5.22361202e-01,1.65526276e-08,96,8,2,26,normal_corr_dominates,2.96763670e+00,1.00000000e+00,2.50000042e+07,4.15037660e+00,-2.10932059e+00,6.25969720e+00,1.00007270e-09
20,5.22361202e-01,1.65526276e-08,96,9,0,27,normal_corr_dominates,1.31233143e+00,1.00000000e+00,2.50000017e+07,1.67105502e+00,-5.35026212e+00,7.02131714e+00,1.00009413e-09
20,5.22361202e-01,1.65526276e-08,96,9,1,28,normal_corr_dominates,2.14771552e+00,1.00000000e+00,2.49999832e+07,-1.68411031e+01,-5.35026212e+00,-1.14908410e+01,1.00007295e-09
20,5.22361202e-01,1.65526276e-08,96,9,2,29,normal_corr_dominates,2.46378104e+00,1.00000000e+00,2.49999815e+07,-1.85321365e+01,-5.35026212e+00,-1.31818743e+01,1.00007422e-09
20,5.22361202e-01,1.65526276e-08,96,10,0,30,normal_corr_dominates,5.24333582e+00,1.00000000e+00,2.50000072e+07,7.17216351e+00,-1.69021822e+00,8.86238173e+00,1.00007331e-09
20,5.22361202e-01,1.65526276e-08,96,10,1,31,normal_corr_dominates,1.06131787e+01,1.00000000e+00,2.50000162e+07,1.62483698e+01,-1.69021822e+00,1.79385881e+01,1.00012500e-09
20,5.22361202e-01,1.65526276e-08,96,10,2,32,normal_corr_dominates,9.42678780e+00,1.00000000e+00,2.49999824e+07,-1.76235467e+01,-1.69021822e+00,-1.59333285e+01,1.00007284e-09
20,5.22361202e-01,1.65526276e-08,96,11,0,33,normal_corr_dominates,2.89476205e+00,1.00000000e+00,2.49999971e+07,-2.89458329e+00,-7.43199007e-01,-2.15138428e+00,1.00010429e-09
20,5.22361202e-01,1.65526276e-08,96,11,1,34,normal_corr_dominates,6.57937906e+00,1.00000000e+00,2.50000041e+07,4.14658898e+00,-7.43199007e-01,4.88978798e+00,1.00009271e-09
20,5.22361202e-01,1.65526276e-08,96,11,2,35,normal_corr_dominates,1.20291554e+01,1.00000000e+00,2.49999903e+07,-9.68325535e+00,-7.43199007e-01,-8.94005634e+00,1.00005119e-09
20,5.22361202e-01,1.65526276e-08,96,11,2,35,corr_ratio_high,1.01927235e+00,5.00000000e-01,2.49999903e+07,-9.68325535e+00,-7.43199007e-01,-8.94005634e+00,1.00005119e-09
20,5.22361202e-01,1.65526276e-08,96,12,1,37,normal_corr_dominates,1.16318442e+00,1.00000000e+00,2.50000014e+07,1.44076941e+00,-8.82908678e+00,1.02698562e+01,1.00006261e-09
20,5.22361202e-01,1.65526276e-08,96,13,0,39,normal_corr_dominates,1.77342515e+00,1.00000000e+00,2.50000035e+07,3.54643612e+00,-4.58536437e+00,8.13180049e+00,1.00005073e-09
20,5.22361202e-01,1.65526276e-08,96,14,0,42,normal_corr_dominates,3.08978133e+00,1.00000000e+00,2.49999965e+07,-3.48371595e+00,-8.51809832e-01,-2.63190612e+00,1.00007509e-09
20,5.22361202e-01,1.65526276e-08,96,14,1,43,normal_corr_dominates,3.13520844e+00,1.00000000e+00,2.49999965e+07,-3.52241121e+00,-8.51809832e-01,-2.67060138e+00,1.00006357e-09
20,5.22361202e-01,1.65526276e-08,96,14,2,44,normal_corr_dominates,1.79905993e+01,1.00000000e+00,2.50000145e+07,1.44727595e+01,-8.51809832e-01,1.53245694e+01,1.00010461e-09
20,5.22361202e-01,1.65526276e-08,96,15,0,45,normal_corr_dominates,1.39701320e+00,1.00000000e+00,2.49999904e+07,-9.64021962e+00,-4.02176327e+00,-5.61845635e+00,1.00006147e-09
20,5.22361202e-01,1.65526276e-08,96,15,1,46,normal_corr_dominates,2.78517757e+00,1.00000000e+00,2.50000072e+07,7.17956158e+00,-4.02176327e+00,1.12013248e+01,1.00006354e-09
20,5.22361202e-01,1.65526276e-08,96,15,2,47,normal_corr_dominates,3.90712724e+00,1.00000000e+00,2.49999803e+07,-1.97353041e+01,-4.02176327e+00,-1.57135408e+01,1.00009179e-09
20,5.22361202e-01,1.65526276e-08,96,16,2,50,normal_corr_dominates,1.01886160e+00,1.00000000e+00,2.50000001e+07,1.31383567e-01,-6.96566215e+00,7.09704572e+00,1.00006561e-09
20,5.22361202e-01,1.65526276e-08,96,17,0,51,corr_ratio_high,5.13686925e-01,5.00000000e-01,2.49999978e+07,-2.21085763e+00,-6.57650597e+00,4.36564834e+00,1.00015479e-09
20,5.22361202e-01,1.65526276e-08,96,17,1,52,normal_corr_dominates,1.23523773e+00,1.00000000e+00,2.50000015e+07,1.54704236e+00,-6.57650597e+00,8.12354834e+00,1.00009629e-09
20,5.22361202e-01,1.65526276e-08,96,17,2,53,corr_ratio_high,2.57768123e+00,5.00000000e-01,2.50000000e+07,-1.47628948e-02,-6.57650597e+00,6.56174308e+00,1.00001523e-09
20,5.22361202e-01,1.65526276e-08,96,18,2,56,normal_corr_dominates,1.00766106e+00,1.00000000e+00,2.50000001e+07,9.16957174e-02,-1.19690610e+01,1.20607567e+01,1.00007752e-09
20,5.22361202e-01,1.65526276e-08,96,19,0,57,normal_corr_dominates,1.48849912e+01,1.00000000e+00,2.49999638e+07,-3.62167696e+01,-2.27993640e+00,-3.39368332e+01,1.00005794e-09
20,5.22361202e-01,1.65526276e-08,96,19,0,57,corr_ratio_high,1.16351391e+00,5.00000000e-01,2.49999638e+07,-3.62167696e+01,-2.27993640e+00,-3.39368332e+01,1.00005794e-09
20,5.22361202e-01,1.65526276e-08,96,19,2,59,normal_corr_dominates,2.33745851e+00,1.00000000e+00,2.50000030e+07,3.04932035e+00,-2.27993640e+00,5.32925675e+00,1.00006643e-09
20,5.22361202e-01,1.65526276e-08,96,20,1,61,normal_corr_dominates,1.04785497e+00,1.00000000e+00,2.50000003e+07,2.75019526e-01,-5.74693737e+00,6.02195690e+00,1.00008854e-09
20,5.22361202e-01,1.65526276e-08,96,20,2,62,normal_corr_dominates,2.48402791e+00,1.00000000e+00,2.49999800e+07,-2.00224902e+01,-5.74693737e+00,-1.42755528e+01,1.00006977e-09
20,5.22361202e-01,1.65526276e-08,96,21,0,63,normal_corr_dominates,1.59975688e+00,1.00000000e+00,2.49999886e+07,-1.13823358e+01,-4.37823085e+00,-7.00410491e+00,1.00006576e-09
20,5.22361202e-01,1.65526276e-08,96,21,1,64,normal_corr_dominates,2.30017661e+00,1.00000000e+00,2.50000057e+07,5.69247333e+00,-4.37823085e+00,1.00707042e+01,1.00006819e-09
20,5.22361202e-01,1.65526276e-08,96,21,2,65,normal_corr_dominates,1.44732085e+00,1.00000000e+00,2.50000020e+07,1.95847395e+00,-4.37823085e+00,6.33670479e+00,1.00007734e-09
20,5.22361202e-01,1.65526276e-08,96,22,0,66,normal_corr_dominates,2.74815453e+00,1.00000000e+00,2.50000081e+07,8.05084354e+00,-4.60533861e+00,1.26561822e+01,1.00009724e-09
20,5.22361202e-01,1.65526276e-08,96,22,1,67,normal_corr_dominates,1.29524373e+00,1.00000000e+00,2.49999894e+07,-1.05703746e+01,-4.60533861e+00,-5.96503597e+00,1.00008427e-09
20,5.22361202e-01,1.65526276e-08,96,22,2,68,corr_ratio_high,1.57255621e+00,5.00000000e-01,2.49999972e+07,-2.78906812e+00,-4.60533861e+00,1.81627050e+00,1.00003538e-09
20,5.22361202e-01,1.65526276e-08,96,23,0,69,normal_corr_dominates,8.25546426e+00,1.00000000e+00,2.49999963e+07,-3.70056404e+00,-3.99824789e-01,-3.30073926e+00,1.00008843e-09
20,5.22361202e-01,1.65526276e-08,96,23,1,70,normal_corr_dominates,5.73227559e+00,1.00000000e+00,2.49999973e+07,-2.69173067e+00,-3.99824789e-01,-2.29190588e+00,1.00007117e-09
20,5.22361202e-01,1.65526276e-08,96,23,2,71,normal_corr_dominates,3.19506044e+01,1.00000000e+00,2.50000124e+07,1.23748189e+01,-3.99824789e-01,1.27746437e+01,1.00009147e-09
20,5.22361202e-01,1.65526276e-08,96,24,1,73,corr_ratio_high,5.80952472e-01,5.00000000e-01,2.49999971e+07,-2.91593107e+00,-7.68116858e+00,4.76523751e+00,1.00005139e-09
20,5.22361202e-01,1.65526276e-08,96,24,2,74,normal_corr_dominates,1.08185272e+00,1.00000000e+00,2.49999840e+07,-1.59910617e+01,-7.68116858e+00,-8.30989311e+00,1.00007722e-09
20,5.22361202e-01,1.65526276e-08,96,26,0,78,normal_corr_dominates,5.30410203e+00,1.00000000e+00,2.50000111e+07,1.10889895e+01,-2.57637700e+00,1.36653665e+01,1.00013480e-09
20,5.22361202e-01,1.65526276e-08,96,26,1,79,normal_corr_dominates,1.85594617e+00,1.00000000e+00,2.49999926e+07,-7.35799403e+00,-2.57637700e+00,-4.78161703e+00,1.00007387e-09
20,5.22361202e-01,1.65526276e-08,96,26,2,80,normal_corr_dominates,4.32920623e+00,1.00000000e+00,2.49999863e+07,-1.37300444e+01,-2.57637700e+00,-1.11536674e+01,1.00004252e-09
20,5.22361202e-01,1.65526276e-08,96,26,2,80,corr_ratio_high,1.22588620e+00,5.00000000e-01,2.49999863e+07,-1.37300444e+01,-2.57637700e+00,-1.11536674e+01,1.00004252e-09
20,5.22361202e-01,1.65526276e-08,96,27,0,81,normal_corr_dominates,4.36374975e+00,1.00000000e+00,2.49999876e+07,-1.23717845e+01,-2.30655513e+00,-1.00652294e+01,1.00006605e-09
20,5.22361202e-01,1.65526276e-08,96,27,1,82,normal_corr_dominates,2.72515958e+00,1.00000000e+00,2.50000040e+07,3.97917566e+00,-2.30655513e+00,6.28573079e+00,1.00006398e-09
20,5.22361202e-01,1.65526276e-08,96,29,0,87,normal_corr_dominates,1.03571523e+01,1.00000000e+00,2.49999663e+07,-3.36546485e+01,-2.96329991e+00,-3.06913486e+01,1.00006066e-09
20,5.22361202e-01,1.65526276e-08,96,29,0,87,corr_ratio_high,8.84147018e-01,5.00000000e-01,2.49999663e+07,-3.36546485e+01,-2.96329991e+00,-3.06913486e+01,1.00006066e-09
20,5.22361202e-01,1.65526276e-08,96,29,1,88,normal_corr_dominates,5.69186715e+00,1.00000000e+00,2.49999802e+07,-1.98300093e+01,-2.96329991e+00,-1.68667094e+01,1.00007758e-09
20,5.22361202e-01,1.65526276e-08,96,29,2,89,normal_corr_dominates,3.25978681e+00,1.00000000e+00,2.50000067e+07,6.69642604e+00,-2.96329991e+00,9.65972595e+00,1.00006919e-09
20,5.22361202e-01,1.65526276e-08,96,30,2,92,normal_corr_dominates,1.40233457e+00,1.00000000e+00,2.49999802e+07,-1.97812716e+01,-8.23418682e+00,-1.15470848e+01,1.00008223e-09
20,5.22361202e-01,1.65526276e-08,96,31,0,93,normal_corr_dominates,1.51805816e+00,1.00000000e+00,2.49999910e+07,-8.96793773e+00,-3.56144979e+00,-5.40648794e+00,1.00006794e-09
20,5.22361202e-01,1.65526276e-08,96,31,1,94,normal_corr_dominates,1.37448370e+00,1.00000000e+00,2.50000013e+07,1.33370491e+00,-3.56144979e+00,4.89515470e+00,1.00008312e-09
20,5.22361202e-01,1.65526276e-08,96,31,2,95,normal_corr_dominates,1.97314648e+00,1.00000000e+00,2.50000035e+07,3.46581234e+00,-3.56144979e+00,7.02726214e+00,1.00006252e-09
20,5.22361202e-01,1.65526276e-08,96,32,1,97,normal_corr_dominates,2.35359428e+00,1.00000000e+00,2.49999887e+07,-1.12947848e+01,-3.36796401e+00,-7.92682081e+00,1.00005911e-09
20,5.22361202e-01,1.65526276e-08,96,33,0,99,normal_corr_dominates,5.43085038e+00,1.00000000e+00,2.49999831e+07,-1.69423855e+01,-2.63454823e+00,-1.43078372e+01,1.00006805e-09
20,5.22361202e-01,1.65526276e-08,96,33,1,100,normal_corr_dominates,1.33359606e+00,1.00000000e+00,2.49999939e+07,-6.14797136e+00,-2.63454823e+00,-3.51342313e+00,1.00006949e-09
20,5.22361202e-01,1.65526276e-08,96,33,2,101,normal_corr_dominates,3.23789436e+00,1.00000000e+00,2.50000059e+07,5.89584063e+00,-2.63454823e+00,8.53038886e+00,1.00006894e-09
20,5.22361202e-01,1.65526276e-08,96,34,0,102,normal_corr_dominates,2.23294945e+00,1.00000000e+00,2.49999801e+07,-1.99124234e+01,-6.15921272e+00,-1.37532106e+01,1.00005734e-09
20,5.22361202e-01,1.65526276e-08,96,34,1,103,normal_corr_dominates,2.05782042e+00,1.00000000e+00,2.50000065e+07,6.51534098e+00,-6.15921272e+00,1.26745537e+01,1.00005376e-09
20,5.22361202e-01,1.65526276e-08,96,35,0,105,normal_corr_dominates,3.82362562e+01,1.00000000e+00,2.50000240e+07,2.40105913e+01,-6.44817546e-01,2.46554089e+01,1.00010278e-09
20,5.22361202e-01,1.65526276e-08,96,35,1,106,normal_corr_dominates,1.96370800e+01,1.00000000e+00,2.49999867e+07,-1.33071513e+01,-6.44817546e-01,-1.26623338e+01,1.00014258e-09
20,5.22361202e-01,1.65526276e-08,96,35,2,107,normal_corr_dominates,3.96863890e+01,1.00000000e+00,2.49999738e+07,-2.62352975e+01,-6.44817546e-01,-2.55904799e+01,1.00002362e-09
20,5.22361202e-01,1.65526276e-08,96,35,2,107,corr_ratio_high,4.24877435e+00,5.00000000e-01,2.49999738e+07,-2.62352975e+01,-6.44817546e-01,-2.55904799e+01,1.00002362e-09
20,5.22361202e-01,1.65526276e-08,96,36,1,109,corr_ratio_high,7.25693823e-01,5.00000000e-01,2.49999865e+07,-1.34910654e+01,-1.12546308e+01,-2.23643457e+00,1.00004400e-09
20,5.22361202e-01,1.65526276e-08,96,37,0,111,normal_corr_dominates,1.88992470e+00,1.00000000e+00,2.50000021e+07,2.06131033e+00,-2.31627500e+00,4.37758533e+00,1.00007246e-09
20,5.22361202e-01,1.65526276e-08,96,37,2,113,normal_corr_dominates,2.71828869e+00,1.00000000e+00,2.50000040e+07,3.98002913e+00,-2.31627500e+00,6.29630413e+00,1.00005159e-09
21,5.46671479e-01,1.73229738e-08,96,0,0,0,corr_ratio_high,9.35981081e-01,5.00000000e-01,2.49999866e+07,-1.33647061e+01,-9.75055483e+00,-3.61415128e+00,1.00004463e-09
21,5.46671479e-01,1.73229738e-08,96,0,2,2,normal_corr_dominates,1.13686795e+00,1.00000000e+00,2.50000013e+07,1.33453841e+00,-9.75055483e+00,1.10850932e+01,1.00007492e-09
21,5.46671479e-01,1.73229738e-08,96,1,0,3,normal_corr_dominates,8.30241053e+00,1.00000000e+00,2.50000114e+07,1.13795740e+01,-1.55833118e+00,1.29379052e+01,1.00009449e-09
21,5.46671479e-01,1.73229738e-08,96,1,1,4,normal_corr_dominates,8.93871056e+00,1.00000000e+00,2.49999845e+07,-1.54878025e+01,-1.55833118e+00,-1.39294713e+01,1.00006014e-09
21,5.46671479e-01,1.73229738e-08,96,1,1,4,corr_ratio_high,8.74008855e-01,5.00000000e-01,2.49999845e+07,-1.54878025e+01,-1.55833118e+00,-1.39294713e+01,1.00006014e-09
21,5.46671479e-01,1.73229738e-08,96,1,2,5,normal_corr_dominates,6.60662776e+00,1.00000000e+00,2.49999881e+07,-1.18536452e+01,-1.55833118e+00,-1.02953140e+01,1.00008747e-09
21,5.46671479e-01,1.73229738e-08,96,2,0,6,normal_corr_dominates,1.15656179e+00,1.00000000e+00,2.50000007e+07,7.33352361e-01,-4.68410807e+00,5.41746043e+00,1.00006673e-09
21,5.46671479e-01,1.73229738e-08,96,2,0,6,corr_ratio_high,5.85646048e-01,5.00000000e-01,2.50000007e+07,7.33352361e-01,-4.68410807e+00,5.41746043e+00,1.00006673e-09
21,5.46671479e-01,1.73229738e-08,96,2,1,7,normal_corr_dominates,3.61214849e+00,1.00000000e+00,2.49999784e+07,-2.16038020e+01,-4.68410807e+00,-1.69196939e+01,1.00007912e-09
21,5.46671479e-01,1.73229738e-08,96,2,2,8,normal_corr_dominates,3.75785799e+00,1.00000000e+00,2.50000129e+07,1.29181049e+01,-4.68410807e+00,1.76022129e+01,1.00012105e-09
21,5.46671479e-01,1.73229738e-08,96,3,0,9,normal_corr_dominates,1.74473666e+01,1.00000000e+00,2.49999747e+07,-2.52775074e+01,-1.37025018e+00,-2.39072572e+01,1.00018314e-09
21,5.46671479e-01,1.73229738e-08,96,3,0,9,corr_ratio_high,5.86277901e-01,5.00000000e-01,2.49999747e+07,-2.52775074e+01,-1.37025018e+00,-2.39072572e+01,1.00018314e-09
21,5.46671479e-01,1.73229738e-08,96,3,1,10,normal_corr_dominates,8.59557899e+00,1.00000000e+00,2.49999869e+07,-1.31483439e+01,-1.37025018e+00,-1.17780937e+01,1.00004864e-09
21,5.46671479e-01,1.73229738e-08,96,3,1,10,corr_ratio_high,8.55667191e-01,5.00000000e-01,2.49999869e+07,-1.31483439e+01,-1.37025018e+00,-1.17780937e+01,1.00004864e-09
21,5.46671479e-01,1.73229738e-08,96,3,2,11,normal_corr_dominates,1.09451309e+01,1.00000000e+00,2.50000136e+07,1.36273174e+01,-1.37025018e+00,1.49975676e+01,1.00002031e-09
21,5.46671479e-01,1.73229738e-08,96,3,2,11,corr_ratio_high,1.78956173e+00,5.00000000e-01,2.50000136e+07,1.36273174e+01,-1.37025018e+00,1.49975676e+01,1.00002031e-09
21,5.46671479e-01,1.73229738e-08,96,4,0,12,normal_corr_dominates,1.57497532e+00,1.00000000e+00,2.49999972e+07,-2.82024840e+00,-1.09525260e+00,-1.72499581e+00,1.00008450e-09
21,5.46671479e-01,1.73229738e-08,96,4,1,13,normal_corr_dominates,2.80792601e+00,1.00000000e+00,2.50000020e+07,1.98013565e+00,-1.09525260e+00,3.07538825e+00,1.00007196e-09
21,5.46671479e-01,1.73229738e-08,96,4,2,14,normal_corr_dominates,6.82090558e+00,1.00000000e+00,2.50000064e+07,6.37536195e+00,-1.09525260e+00,7.47061455e+00,1.00005861e-09
21,5.46671479e-01,1.73229738e-08,96,5,0,15,normal_corr_dominates,2.13717577e+00,1.00000000e+00,2.50000094e+07,9.44216452e+00,-8.30317070e+00,1.77453352e+01,1.00005267e-09
21,5.46671479e-01,1.73229738e-08,96,5,1,16,normal_corr_dominates,1.42096654e+00,1.00000000e+00,2.49999799e+07,-2.01016985e+01,-8.30317070e+00,-1.17985278e+01,1.00008543e-09
21,5.46671479e-01,1.73229738e-08,96,5,2,17,normal_corr_dominates,1.70892803e+00,1.00000000e+00,2.49999775e+07,-2.24926919e+01,-8.30317070e+00,-1.41895212e+01,1.00009060e-09
21,5.46671479e-01,1.73229738e-08,96,6,1,19,normal_corr_dominates,2.04960420e+00,1.00000000e+00,2.50000058e+07,5.75988044e+00,-5.48766900e+00,1.12475494e+01,1.00005432e-09
21,5.46671479e-01,1.73229738e-08,96,6,2,20,normal_corr_dominates,3.88078257e+00,1.00000000e+00,2.49999732e+07,-2.67841192e+01,-5.48766900e+00,-2.12964502e+01,1.00011052e-09
21,5.46671479e-01,1.73229738e-08,96,7,0,21,normal_corr_dominates,6.89386081e+01,1.00000000e+00,2.49999893e+07,-1.06949913e+01,-1.52919705e-01,-1.05420716e+01,1.00006989e-09
21,5.46671479e-01,1.73229738e-08,96,7,1,22,normal_corr_dominates,4.29046035e+01,1.00000000e+00,2.49999933e+07,-6.71387901e+00,-1.52919705e-01,-6.56095931e+00,1.00009399e-09
21,5.46671479e-01,1.73229738e-08,96,7,2,23,normal_corr_dominates,1.11178674e+02,1.00000000e+00,2.50000168e+07,1.68484904e+01,-1.52919705e-01,1.70014101e+01,1.00008883e-09
21,5.46671479e-01,1.73229738e-08,96,8,0,24,normal_corr_dominates,4.42829502e+00,1.00000000e+00,2.49999880e+07,-1.19565356e+01,-2.20263186e+00,-9.75390371e+00,1.00006665e-09
21,5.46671479e-01,1.73229738e-08,96,8,1,25,normal_corr_dominates,4.64123916e+00,1.00000000e+00,2.50000080e+07,8.02030940e+00,-2.20263186e+00,1.02229413e+01,1.00005062e-09
21,5.46671479e-01,1.73229738e-08,96,8,1,25,corr_ratio_high,5.23767275e-01,5.00000000e-01,2.50000080e+07,8.02030940e+00,-2.20263186e+00,1.02229413e+01,1.00005062e-09
21,5.46671479e-01,1.73229738e-08,96,8,2,26,normal_corr_dominates,2.96579731e+00,1.00000000e+00,2.50000043e+07,4.32992778e+00,-2.20263186e+00,6.53255964e+00,1.00007589e-09
21,5.46671479e-01,1.73229738e-08,96,9,0,27,normal_corr_dominates,1.31202010e+00,1.00000000e+00,2.50000017e+07,1.74291872e+00,-5.58591804e+00,7.32883675e+00,1.00009826e-09
21,5.46671479e-01,1.73229738e-08,96,9,1,28,normal_corr_dominates,2.14713998e+00,1.00000000e+00,2.49999824e+07,-1.75796660e+01,-5.58591804e+00,-1.19937479e+01,1.00007615e-09
21,5.46671479e-01,1.73229738e-08,96,9,2,29,normal_corr_dominates,2.46332584e+00,1.00000000e+00,2.49999807e+07,-1.93458543e+01,-5.58591804e+00,-1.37599362e+01,1.00007747e-09
21,5.46671479e-01,1.73229738e-08,96,10,0,30,normal_corr_dominates,5.24161666e+00,1.00000000e+00,2.50000075e+07,7.48477899e+00,-1.76460524e+00,9.24938423e+00,1.00007652e-09
21,5.46671479e-01,1.73229738e-08,96,10,1,31,normal_corr_dominates,1.06112736e+01,1.00000000e+00,2.50000170e+07,1.69601037e+01,-1.76460524e+00,1.87247090e+01,1.00013047e-09
21,5.46671479e-01,1.73229738e-08,96,10,2,32,normal_corr_dominates,9.42429036e+00,1.00000000e+00,2.49999816e+07,-1.83947574e+01,-1.76460524e+00,-1.66301522e+01,1.00007604e-09
21,5.46671479e-01,1.73229738e-08,96,11,0,33,normal_corr_dominates,2.89742355e+00,1.00000000e+00,2.49999970e+07,-3.02154414e+00,-7.75267071e-01,-2.24627707e+00,1.00010886e-09
21,5.46671479e-01,1.73229738e-08,96,11,1,34,normal_corr_dominates,6.58279909e+00,1.00000000e+00,2.50000043e+07,4.32816029e+00,-7.75267071e-01,5.10342736e+00,1.00009677e-09
21,5.46671479e-01,1.73229738e-08,96,11,2,35,normal_corr_dominates,1.20393704e+01,1.00000000e+00,2.49999899e+07,-1.01089945e+01,-7.75267071e-01,-9.33372738e+00,1.00005344e-09
21,5.46671479e-01,1.73229738e-08,96,11,2,35,corr_ratio_high,1.01920269e+00,5.00000000e-01,2.49999899e+07,-1.01089945e+01,-7.75267071e-01,-9.33372738e+00,1.00005344e-09
21,5.46671479e-01,1.73229738e-08,96,12,1,37,normal_corr_dominates,1.16290505e+00,1.00000000e+00,2.50000015e+07,1.50153252e+00,-9.21722515e+00,1.07187577e+01,1.00006536e-09
21,5.46671479e-01,1.73229738e-08,96,13,0,39,normal_corr_dominates,1.77297527e+00,1.00000000e+00,2.50000037e+07,3.70049323e+00,-4.78733712e+00,8.48783035e+00,1.00005296e-09
21,5.46671479e-01,1.73229738e-08,96,14,0,42,normal_corr_dominates,3.08759520e+00,1.00000000e+00,2.49999964e+07,-3.63668293e+00,-8.89687642e-01,-2.74699529e+00,1.00007838e-09
21,5.46671479e-01,1.73229738e-08,96,14,1,43,normal_corr_dominates,3.13336628e+00,1.00000000e+00,2.49999963e+07,-3.67740490e+00,-8.89687642e-01,-2.78771725e+00,1.00006635e-09
21,5.46671479e-01,1.73229738e-08,96,14,2,44,normal_corr_dominates,1.79798973e+01,1.00000000e+00,2.50000151e+07,1.51068048e+01,-8.89687642e-01,1.59964925e+01,1.00010920e-09
21,5.46671479e-01,1.73229738e-08,96,15,0,45,normal_corr_dominates,1.39639060e+00,1.00000000e+00,2.49999899e+07,-1.00623135e+01,-4.19894550e+00,-5.86336804e+00,1.00006417e-09
21,5.46671479e-01,1.73229738e-08,96,15,1,46,normal_corr_dominates,2.78437893e+00,1.00000000e+00,2.50000075e+07,7.49250987e+00,-4.19894550e+00,1.16914554e+01,1.00006633e-09
21,5.46671479e-01,1.73229738e-08,96,15,2,47,normal_corr_dominates,3.90640098e+00,1.00000000e+00,2.49999794e+07,-2.06017103e+01,-4.19894550e+00,-1.64027648e+01,1.00009582e-09
21,5.46671479e-01,1.73229738e-08,96,16,2,50,normal_corr_dominates,1.01847335e+00,1.00000000e+00,2.50000001e+07,1.34335947e-01,-7.27187668e+00,7.40621262e+00,1.00006849e-09
21,5.46671479e-01,1.73229738e-08,96,17,0,51,corr_ratio_high,5.13667181e-01,5.00000000e-01,2.49999977e+07,-2.30826307e+00,-6.86644133e+00,4.55817826e+00,1.00016156e-09
21,5.46671479e-01,1.73229738e-08,96,17,1,52,normal_corr_dominates,1.23451681e+00,1.00000000e+00,2.50000016e+07,1.61029594e+00,-6.86644133e+00,8.47673728e+00,1.00010051e-09
21,5.46671479e-01,1.73229738e-08,96,17,2,53,corr_ratio_high,2.57728507e+00,5.00000000e-01,2.50000000e+07,-1.64657304e-02,-6.86644133e+00,6.84997560e+00,1.00001590e-09
21,5.46671479e-01,1.73229738e-08,96,18,2,56,normal_corr_dominates,1.00747366e+00,1.00000000e+00,2.50000001e+07,9.33814058e-02,-1.24947423e+01,1.25881237e+01,1.00008092e-09
21,5.46671479e-01,1.73229738e-08,96,19,0,57,normal_corr_dominates,1.48820428e+01,1.00000000e+00,2.49999622e+07,-3.78042031e+01,-2.38031113e+00,-3.54238920e+01,1.00006049e-09
21,5.46671479e-01,1.73229738e-08,96,19,0,57,corr_ratio_high,1.16335481e+00,5.00000000e-01,2.49999622e+07,-3.78042031e+01,-2.38031113e+00,-3.54238920e+01,1.00006049e-09
21,5.46671479e-01,1.73229738e-08,96,19,2,59,normal_corr_dominates,2.33737612e+00,1.00000000e+00,2.50000032e+07,3.18337126e+00,-2.38031113e+00,5.56368238e+00,1.00006934e-09
21,5.46671479e-01,1.73229738e-08,96,20,1,61,normal_corr_dominates,1.04759151e+00,1.00000000e+00,2.50000003e+07,2.85552380e-01,-6.00006953e+00,6.28562191e+00,1.00009242e-09
21,5.46671479e-01,1.73229738e-08,96,20,2,62,normal_corr_dominates,2.48343041e+00,1.00000000e+00,2.49999791e+07,-2.09008247e+01,-6.00006953e+00,-1.49007552e+01,1.00007283e-09
21,5.46671479e-01,1.73229738e-08,96,21,0,63,normal_corr_dominates,1.59917429e+00,1.00000000e+00,2.49999881e+07,-1.18811394e+01,-4.57112072e+00,-7.31001872e+00,1.00006864e-09
21,5.46671479e-01,1.73229738e-08,96,21,1,64,normal_corr_dominates,2.29946064e+00,1.00000000e+00,2.50000059e+07,5.93999144e+00,-4.57112072e+00,1.05111122e+01,1.00007118e-09
21,5.46671479e-01,1.73229738e-08,96,21,2,65,normal_corr_dominates,1.44674438e+00,1.00000000e+00,2.50000020e+07,2.04212251e+00,-4.57112072e+00,6.61324323e+00,1.00008073e-09
21,5.46671479e-01,1.73229738e-08,96,22,0,66,normal_corr_dominates,2.74676044e+00,1.00000000e+00,2.50000084e+07,8.39965170e+00,-4.80870272e+00,1.32083544e+01,1.00010150e-09
21,5.46671479e-01,1.73229738e-08,96,22,1,67,normal_corr_dominates,1.29479340e+00,1.00000000e+00,2.49999890e+07,-1.10349793e+01,-4.80870272e+00,-6.22627654e+00,1.00008797e-09
21,5.46671479e-01,1.73229738e-08,96,22,2,68,corr_ratio_high,1.57246915e+00,5.00000000e-01,2.49999971e+07,-2.91172754e+00,-4.80870272e+00,1.89697518e+00,1.00003694e-09
21,5.46671479e-01,1.73229738e-08,96,23,0,69,normal_corr_dominates,8.24430455e+00,1.00000000e+00,2.49999961e+07,-3.86213016e+00,-4.17784825e-01,-3.44434533e+00,1.00009230e-09
21,5.46671479e-01,1.73229738e-08,96,23,1,70,normal_corr_dominates,5.72541173e+00,1.00000000e+00,2.49999972e+07,-2.80977496e+00,-4.17784825e-01,-2.39199014e+00,1.00007429e-09
21,5.46671479e-01,1.73229738e-08,96,23,2,71,normal_corr_dominates,3.19178591e+01,1.00000000e+00,2.50000129e+07,1.29170124e+01,-4.17784825e-01,1.33347972e+01,1.00009547e-09
21,5.46671479e-01,1.73229738e-08,96,24,1,73,corr_ratio_high,5.80978994e-01,5.00000000e-01,2.49999970e+07,-3.04494940e+00,-8.01899221e+00,4.97404281e+00,1.00005365e-09
21,5.46671479e-01,1.73229738e-08,96,24,2,74,normal_corr_dominates,1.08174324e+00,1.00000000e+00,2.49999833e+07,-1.66934829e+01,-8.01899221e+00,-8.67449064e+00,1.00008061e-09
21,5.46671479e-01,1.73229738e-08,96,26,0,78,normal_corr_dominates,5.30282093e+00,1.00000000e+00,2.50000116e+07,1.15737790e+01,-2.68981191e+00,1.42635909e+01,1.00014071e-09
21,5.46671479e-01,1.73229738e-08,96,26,1,79,normal_corr_dominates,1.85529529e+00,1.00000000e+00,2.49999923e+07,-7.68020726e+00,-2.68981191e+00,-4.99039536e+00,1.00007710e-09
21,5.46671479e-01,1.73229738e-08,96,26,2,80,normal_corr_dominates,4.32792160e+00,1.00000000e+00,2.49999857e+07,-1.43311070e+01,-2.68981191e+00,-1.16412951e+01,1.00004439e-09
21,5.46671479e-01,1.73229738e-08,96,26,2,80,corr_ratio_high,1.22563475e+00,5.00000000e-01,2.49999857e+07,-1.43311070e+01,-2.68981191e+00,-1.16412951e+01,1.00004439e-09
21,5.46671479e-01,1.73229738e-08,96,27,0,81,normal_corr_dominates,4.36212070e+00,1.00000000e+00,2.49999871e+07,-1.29131264e+01,-2.40821255e+00,-1.05049138e+01,1.00006895e-09
21,5.46671479e-01,1.73229738e-08,96,27,1,82,normal_corr_dominates,2.72538118e+00,1.00000000e+00,2.50000042e+07,4.15508461e+00,-2.40821255e+00,6.56329716e+00,1.00006678e-09
21,5.46671479e-01,1.73229738e-08,96,29,0,87,normal_corr_dominates,1.03541447e+01,1.00000000e+00,2.49999649e+07,-3.51291506e+01,-3.09394951e+00,-3.20352011e+01,1.00006331e-09
21,5.46671479e-01,1.73229738e-08,96,29,0,87,corr_ratio_high,8.84169672e-01,5.00000000e-01,2.49999649e+07,-3.51291506e+01,-3.09394951e+00,-3.20352011e+01,1.00006331e-09
21,5.46671479e-01,1.73229738e-08,96,29,1,88,normal_corr_dominates,5.69016459e+00,1.00000000e+00,2.49999793e+07,-2.06990315e+01,-3.09394951e+00,-1.76050820e+01,1.00008098e-09
21,5.46671479e-01,1.73229738e-08,96,29,2,89,normal_corr_dominates,3.25896999e+00,1.00000000e+00,2.50000070e+07,6.98913909e+00,-3.09394951e+00,1.00830886e+01,1.00007222e-09
21,5.46671479e-01,1.73229738e-08,96,30,2,92,normal_corr_dominates,1.40212254e+00,1.00000000e+00,2.49999794e+07,-2.06487426e+01,-8.59604049e+00,-1.20527021e+01,1.00008584e-09
21,5.46671479e-01,1.73229738e-08,96,31,0,93,normal_corr_dominates,1.51750011e+00,1.00000000e+00,2.49999906e+07,-9.36114556e+00,-3.71842905e+00,-5.64271651e+00,1.00007091e-09
21,5.46671479e-01,1.73229738e-08,96,31,1,94,normal_corr_dominates,1.37380532e+00,1.00000000e+00,2.50000014e+07,1.38996855e+00,-3.71842905e+00,5.10839760e+00,1.00008676e-09
21,5.46671479e-01,1.73229738e-08,96,31,2,95,normal_corr_dominates,1.97273289e+00,1.00000000e+00,2.50000036e+07,3.61703823e+00,-3.71842905e+00,7.33546728e+00,1.00006526e-09
21,5.46671479e-01,1.73229738e-08,96,32,1,97,normal_corr_dominates,2.35293982e+00,1.00000000e+00,2.49999882e+07,-1.17892029e+01,-3.51607948e+00,-8.27312341e+00,1.00006170e-09
21,5.46671479e-01,1.73229738e-08,96,33,0,99,normal_corr_dominates,5.42915475e+00,1.00000000e+00,2.49999823e+07,-1.76849088e+01,-2.75073622e+00,-1.49341726e+01,1.00007104e-09
21,5.46671479e-01,1.73229738e-08,96,33,1,100,normal_corr_dominates,1.33295558e+00,1.00000000e+00,2.49999936e+07,-6.41734542e+00,-2.75073622e+00,-3.66660920e+00,1.00007254e-09
21,5.46671479e-01,1.73229738e-08,96,33,2,101,normal_corr_dominates,3.23707461e+00,1.00000000e+00,2.50000062e+07,6.15360214e+00,-2.75073622e+00,8.90433836e+00,1.00007196e-09
21,5.46671479e-01,1.73229738e-08,96,34,0,102,normal_corr_dominates,2.23254931e+00,1.00000000e+00,2.49999792e+07,-2.07864067e+01,-6.43034482e+00,-1.43560619e+01,1.00005985e-09
21,5.46671479e-01,1.73229738e-08,96,34,1,103,normal_corr_dominates,2.05736744e+00,1.00000000e+00,2.50000068e+07,6.79923727e+00,-6.43034482e+00,1.32295821e+01,1.00005612e-09
21,5.46671479e-01,1.73229738e-08,96,35,0,105,normal_corr_dominates,3.81951603e+01,1.00000000e+00,2.50000251e+07,2.50614564e+01,-6.73782723e-01,2.57352391e+01,1.00010728e-09
21,5.46671479e-01,1.73229738e-08,96,35,1,106,normal_corr_dominates,1.96168895e+01,1.00000000e+00,2.49999861e+07,-1.38913040e+01,-6.73782723e-01,-1.32175212e+01,1.00014883e-09
21,5.46671479e-01,1.73229738e-08,96,35,2,107,normal_corr_dominates,3.96411875e+01,1.00000000e+00,2.49999726e+07,-2.73833300e+01,-6.73782723e-01,-2.67095473e+01,1.00002466e-09
21,5.46671479e-01,1.73229738e-08,96,35,2,107,corr_ratio_high,4.24759690e+00,5.00000000e-01,2.49999726e+07,-2.73833300e+01,-6.73782723e-01,-2.67095473e+01,1.00002466e-09
21,5.46671479e-01,1.73229738e-08,96,36,1,109,corr_ratio_high,7.25658449e-01,5.00000000e-01,2.49999859e+07,-1.40842108e+01,-1.17489698e+01,-2.33524091e+00,1.00004593e-09
21,5.46671479e-01,1.73229738e-08,96,37,0,111,normal_corr_dominates,1.89033037e+00,1.00000000e+00,2.50000022e+07,2.15324333e+00,-2.41847679e+00,4.57172011e+00,1.00007563e-09
21,5.46671479e-01,1.73229738e-08,96,37,2,113,normal_corr_dominates,2.71773876e+00,1.00000000e+00,2.50000042e+07,4.15431131e+00,-2.41847679e+00,6.57278810e+00,1.00005385e-09
22,5.69703656e-01,1.80528195e-08,96,0,0,0,corr_ratio_high,9.35896435e-01,5.00000000e-01,2.49999861e+07,-1.38959698e+01,-1.01381298e+01,-3.75784004e+00,1.00004640e-09
22,5.69703656e-01,1.80528195e-08,96,0,2,2,normal_corr_dominates,1.13664547e+00,1.00000000e+00,2.50000014e+07,1.38532950e+00,-1.01381298e+01,1.15234593e+01,1.00007789e-09
22,5.69703656e-01,1.80528195e-08,96,1,0,3,normal_corr_dominates,8.30260648e+00,1.00000000e+00,2.50000118e+07,1.18301126e+01,-1.61998495e+00,1.34500976e+01,1.00009824e-09
22,5.69703656e-01,1.80528195e-08,96,1,1,4,normal_corr_dominates,8.94135236e+00,1.00000000e+00,2.49999839e+07,-1.61048412e+01,-1.61998495e+00,-1.44848563e+01,1.00006252e-09
22,5.69703656e-01,1.80528195e-08,96,1,1,4,corr_ratio_high,8.74087579e-01,5.00000000e-01,2.49999839e+07,-1.61048412e+01,-1.61998495e+00,-1.44848563e+01,1.00006252e-09
22,5.69703656e-01,1.80528195e-08,96,1,2,5,normal_corr_dominates,6.60611479e+00,1.00000000e+00,2.49999877e+07,-1.23217915e+01,-1.61998495e+00,-1.07018066e+01,1.00009094e-09
22,5.69703656e-01,1.80528195e-08,96,2,0,6,normal_corr_dominates,1.15589330e+00,1.00000000e+00,2.50000008e+07,7.59207252e-01,-4.87004421e+00,5.62925147e+00,1.00006937e-09
22,5.69703656e-01,1.80528195e-08,96,2,0,6,corr_ratio_high,5.85714646e-01,5.00000000e-01,2.50000008e+07,7.59207252e-01,-4.87004421e+00,5.62925147e+00,1.00006937e-09
22,5.69703656e-01,1.80528195e-08,96,2,1,7,normal_corr_dominates,3.61164156e+00,1.00000000e+00,2.49999775e+07,-2.24588983e+01,-4.87004421e+00,-1.75888541e+01,1.00008226e-09
22,5.69703656e-01,1.80528195e-08,96,2,2,8,normal_corr_dominates,3.75783351e+00,1.00000000e+00,2.50000134e+07,1.34307711e+01,-4.87004421e+00,1.83008153e+01,1.00012585e-09
22,5.69703656e-01,1.80528195e-08,96,3,0,9,normal_corr_dominates,1.74375478e+01,1.00000000e+00,2.49999737e+07,-2.62800010e+01,-1.42535229e+00,-2.48546487e+01,1.00019040e-09
22,5.69703656e-01,1.80528195e-08,96,3,0,9,corr_ratio_high,5.86273909e-01,5.00000000e-01,2.49999737e+07,-2.62800010e+01,-1.42535229e+00,-2.48546487e+01,1.00019040e-09
22,5.69703656e-01,1.80528195e-08,96,3,1,10,normal_corr_dominates,8.58938510e+00,1.00000000e+00,2.49999863e+07,-1.36682520e+01,-1.42535229e+00,-1.22428997e+01,1.00005057e-09
22,5.69703656e-01,1.80528195e-08,96,3,1,10,corr_ratio_high,8.55672620e-01,5.00000000e-01,2.49999863e+07,-1.36682520e+01,-1.42535229e+00,-1.22428997e+01,1.00005057e-09
22,5.69703656e-01,1.80528195e-08,96,3,2,11,normal_corr_dominates,1.09382314e+01,1.00000000e+00,2.50000142e+07,1.41654808e+01,-1.42535229e+00,1.55908331e+01,1.00002113e-09
22,5.69703656e-01,1.80528195e-08,96,3,2,11,corr_ratio_high,1.78915141e+00,5.00000000e-01,2.50000142e+07,1.41654808e+01,-1.42535229e+00,1.55908331e+01,1.00002113e-09
22,5.69703656e-01,1.80528195e-08,96,4,0,12,normal_corr_dominates,1.57342584e+00,1.00000000e+00,2.49999971e+07,-2.93174603e+00,-1.13923859e+00,-1.79250744e+00,1.00008785e-09
22,5.69703656e-01,1.80528195e-08,96,4,1,13,normal_corr_dominates,2.80590050e+00,1.00000000e+00,2.50000021e+07,2.05735154e+00,-1.13923859e+00,3.19659012e+00,1.00007481e-09
22,5.69703656e-01,1.80528195e-08,96,4,2,14,normal_corr_dominates,6.81805522e+00,1.00000000e+00,2.50000066e+07,6.62815301e+00,-1.13923859e+00,7.76739160e+00,1.00006094e-09
22,5.69703656e-01,1.80528195e-08,96,5,0,15,normal_corr_dominates,2.13675422e+00,1.00000000e+00,2.50000098e+07,9.81399578e+00,-8.63334890e+00,1.84473447e+01,1.00005476e-09
22,5.69703656e-01,1.80528195e-08,96,5,1,16,normal_corr_dominates,1.42065498e+00,1.00000000e+00,2.49999791e+07,-2.08983590e+01,-8.63334890e+00,-1.22650101e+01,1.00008882e-09
22,5.69703656e-01,1.80528195e-08,96,5,2,17,normal_corr_dominates,1.70882923e+00,1.00000000e+00,2.49999766e+07,-2.33862678e+01,-8.63334890e+00,-1.47529189e+01,1.00009419e-09
22,5.69703656e-01,1.80528195e-08,96,6,1,19,normal_corr_dominates,2.04896330e+00,1.00000000e+00,2.50000060e+07,5.98541788e+00,-5.70603175e+00,1.16914496e+01,1.00005648e-09
22,5.69703656e-01,1.80528195e-08,96,6,2,20,normal_corr_dominates,3.88028340e+00,1.00000000e+00,2.49999722e+07,-2.78470520e+01,-5.70603175e+00,-2.21410203e+01,1.00011490e-09
22,5.69703656e-01,1.80528195e-08,96,7,0,21,normal_corr_dominates,6.89160679e+01,1.00000000e+00,2.49999889e+07,-1.11222139e+01,-1.59079511e-01,-1.09631344e+01,1.00007266e-09
22,5.69703656e-01,1.80528195e-08,96,7,1,22,normal_corr_dominates,4.28599084e+01,1.00000000e+00,2.49999930e+07,-6.97721279e+00,-1.59079511e-01,-6.81813328e+00,1.00009771e-09
22,5.69703656e-01,1.80528195e-08,96,7,2,23,normal_corr_dominates,1.11108952e+02,1.00000000e+00,2.50000175e+07,1.75160783e+01,-1.59079511e-01,1.76751578e+01,1.00009235e-09
22,5.69703656e-01,1.80528195e-08,96,8,0,24,normal_corr_dominates,4.42591859e+00,1.00000000e+00,2.49999876e+07,-1.24296373e+01,-2.29078950e+00,-1.01388478e+01,1.00006929e-09
22,5.69703656e-01,1.80528195e-08,96,8,1,25,normal_corr_dominates,4.63888079e+00,1.00000000e+00,2.50000083e+07,8.33590989e+00,-2.29078950e+00,1.06266994e+01,1.00005263e-09
22,5.69703656e-01,1.80528195e-08,96,8,1,25,corr_ratio_high,5.23689086e-01,5.00000000e-01,2.50000083e+07,8.33590989e+00,-2.29078950e+00,1.06266994e+01,1.00005263e-09
22,5.69703656e-01,1.80528195e-08,96,8,2,26,normal_corr_dominates,2.96408458e+00,1.00000000e+00,2.50000045e+07,4.49930433e+00,-2.29078950e+00,6.79009383e+00,1.00007889e-09
22,5.69703656e-01,1.80528195e-08,96,9,0,27,normal_corr_dominates,1.31173383e+00,1.00000000e+00,2.50000018e+07,1.81070008e+00,-5.80848122e+00,7.61918131e+00,1.00010215e-09
22,5.69703656e-01,1.80528195e-08,96,9,1,28,normal_corr_dominates,2.14660589e+00,1.00000000e+00,2.49999817e+07,-1.82770012e+01,-5.80848122e+00,-1.24685200e+01,1.00007918e-09
22,5.69703656e-01,1.80528195e-08,96,9,2,29,normal_corr_dominates,2.46290485e+00,1.00000000e+00,2.49999799e+07,-2.01142178e+01,-5.80848122e+00,-1.43057366e+01,1.00008054e-09
22,5.69703656e-01,1.80528195e-08,96,10,0,30,normal_corr_dominates,5.23996747e+00,1.00000000e+00,2.50000078e+07,7.77977467e+00,-1.83486659e+00,9.61464127e+00,1.00007955e-09
22,5.69703656e-01,1.80528195e-08,96,10,1,31,normal_corr_dominates,1.06094776e+01,1.00000000e+00,2.50000176e+07,1.76321094e+01,-1.83486659e+00,1.94669760e+01,1.00013564e-09
22,5.69703656e-01,1.80528195e-08,96,10,2,32,normal_corr_dominates,9.42190778e+00,1.00000000e+00,2.49999809e+07,-1.91228104e+01,-1.83486659e+00,-1.72879438e+01,1.00007906e-09
22,5.69703656e-01,1.80528195e-08,96,11,0,33,normal_corr_dominates,2.89982129e+00,1.00000000e+00,2.49999969e+07,-3.14140898e+00,-8.05526395e-01,-2.33588259e+00,1.00011317e-09
22,5.69703656e-01,1.80528195e-08,96,11,1,34,normal_corr_dominates,6.58584732e+00,1.00000000e+00,2.50000045e+07,4.49954745e+00,-8.05526395e-01,5.30507385e+00,1.00010061e-09
22,5.69703656e-01,1.80528195e-08,96,11,2,35,normal_corr_dominates,1.20486767e+01,1.00000000e+00,2.49999895e+07,-1.05110535e+01,-8.05526395e-01,-9.70552709e+00,1.00005556e-09
22,5.69703656e-01,1.80528195e-08,96,11,2,35,corr_ratio_high,1.01913623e+00,5.00000000e-01,2.49999895e+07,-1.05110535e+01,-8.05526395e-01,-9.70552709e+00,1.00005556e-09
22,5.69703656e-01,1.80528195e-08,96,12,1,37,normal_corr_dominates,1.16264399e+00,1.00000000e+00,2.50000016e+07,1.55874115e+00,-9.58376132e+00,1.11425025e+01,1.00006795e-09
22,5.69703656e-01,1.80528195e-08,96,13,0,39,normal_corr_dominates,1.77255779e+00,1.00000000e+00,2.50000038e+07,3.84586292e+00,-4.97809093e+00,8.82395386e+00,1.00005506e-09
22,5.69703656e-01,1.80528195e-08,96,14,0,42,normal_corr_dominates,3.08552775e+00,1.00000000e+00,2.49999962e+07,-3.78112669e+00,-9.25492843e-01,-2.85563384e+00,1.00008149e-09
22,5.69703656e-01,1.80528195e-08,96,14,1,43,normal_corr_dominates,3.13163117e+00,1.00000000e+00,2.49999962e+07,-3.82379508e+00,-9.25492843e-01,-2.89830224e+00,1.00006898e-09
22,5.69703656e-01,1.80528195e-08,96,14,2,44,normal_corr_dominates,1.79697712e+01,1.00000000e+00,2.50000157e+07,1.57054018e+01,-9.25492843e-01,1.66308946e+01,1.00011352e-09
22,5.69703656e-01,1.80528195e-08,96,15,0,45,normal_corr_dominates,1.39581079e+00,1.00000000e+00,2.49999895e+07,-1.04608195e+01,-4.36629618e+00,-6.09452334e+00,1.00006671e-09
22,5.69703656e-01,1.80528195e-08,96,15,1,46,normal_corr_dominates,2.78362943e+00,1.00000000e+00,2.50000078e+07,7.78785435e+00,-4.36629618e+00,1.21541505e+01,1.00006896e-09
22,5.69703656e-01,1.80528195e-08,96,15,2,47,normal_corr_dominates,3.90571322e+00,1.00000000e+00,2.49999786e+07,-2.14197969e+01,-4.36629618e+00,-1.70535007e+01,1.00009962e-09
22,5.69703656e-01,1.80528195e-08,96,16,2,50,normal_corr_dominates,1.01810995e+00,1.00000000e+00,2.50000001e+07,1.36930281e-01,-7.56105348e+00,7.69798376e+00,1.00007121e-09
22,5.69703656e-01,1.80528195e-08,96,17,0,51,corr_ratio_high,5.13648482e-01,5.00000000e-01,2.49999976e+07,-2.40021291e+00,-7.14027288e+00,4.74005997e+00,1.00016795e-09
22,5.69703656e-01,1.80528195e-08,96,17,1,52,normal_corr_dominates,1.23385514e+00,1.00000000e+00,2.50000017e+07,1.66978950e+00,-7.14027288e+00,8.81006238e+00,1.00010450e-09
22,5.69703656e-01,1.80528195e-08,96,17,2,53,corr_ratio_high,2.57691474e+00,5.00000000e-01,2.50000000e+07,-1.81945310e-02,-7.14027288e+00,7.12207835e+00,1.00001653e-09
22,5.69703656e-01,1.80528195e-08,96,18,2,56,normal_corr_dominates,1.00729843e+00,1.00000000e+00,2.50000001e+07,9.48148838e-02,-1.29911377e+01,1.30859526e+01,1.00008413e-09
22,5.69703656e-01,1.80528195e-08,96,19,0,57,normal_corr_dominates,1.48792349e+01,1.00000000e+00,2.49999607e+07,-3.93030080e+01,-2.47511975e+00,-3.68278882e+01,1.00006289e-09
22,5.69703656e-01,1.80528195e-08,96,19,0,57,corr_ratio_high,1.16320644e+00,5.00000000e-01,2.49999607e+07,-3.93030080e+01,-2.47511975e+00,-3.68278882e+01,1.00006289e-09
22,5.69703656e-01,1.80528195e-08,96,19,2,59,normal_corr_dominates,2.33728785e+00,1.00000000e+00,2.50000033e+07,3.30994756e+00,-2.47511975e+00,5.78506731e+00,1.00007210e-09
22,5.69703656e-01,1.80528195e-08,96,20,1,61,normal_corr_dominates,1.04734870e+00,1.00000000e+00,2.50000003e+07,2.95415090e-01,-6.23913835e+00,6.53455344e+00,1.00009608e-09
22,5.69703656e-01,1.80528195e-08,96,20,2,62,normal_corr_dominates,2.48287655e+00,1.00000000e+00,2.49999783e+07,-2.17301487e+01,-6.23913835e+00,-1.54910103e+01,1.00007572e-09
22,5.69703656e-01,1.80528195e-08,96,21,0,63,normal_corr_dominates,1.59863145e+00,1.00000000e+00,2.49999876e+07,-1.23520892e+01,-4.75330551e+00,-7.59878369e+00,1.00007136e-09
22,5.69703656e-01,1.80528195e-08,96,21,1,64,normal_corr_dominates,2.29879105e+00,1.00000000e+00,2.50000062e+07,6.17355063e+00,-4.75330551e+00,1.09268561e+01,1.00007401e-09
22,5.69703656e-01,1.80528195e-08,96,21,2,65,normal_corr_dominates,1.44620723e+00,1.00000000e+00,2.50000021e+07,2.12095926e+00,-4.75330551e+00,6.87426477e+00,1.00008393e-09
22,5.69703656e-01,1.80528195e-08,96,22,0,66,normal_corr_dominates,2.74548066e+00,1.00000000e+00,2.50000087e+07,8.72878206e+00,-5.00078991e+00,1.37295720e+01,1.00010553e-09
22,5.69703656e-01,1.80528195e-08,96,22,1,67,normal_corr_dominates,1.29437909e+00,1.00000000e+00,2.49999885e+07,-1.14737078e+01,-5.00078991e+00,-6.47291790e+00,1.00009146e-09
22,5.69703656e-01,1.80528195e-08,96,22,2,68,corr_ratio_high,1.57238610e+00,5.00000000e-01,2.49999970e+07,-3.02760819e+00,-5.00078991e+00,1.97318173e+00,1.00003840e-09
22,5.69703656e-01,1.80528195e-08,96,23,0,69,normal_corr_dominates,8.23364760e+00,1.00000000e+00,2.49999960e+07,-4.01463664e+00,-4.34783394e-01,-3.57985325e+00,1.00009596e-09
22,5.69703656e-01,1.80528195e-08,96,23,1,70,normal_corr_dominates,5.71884979e+00,1.00000000e+00,2.49999971e+07,-2.92124431e+00,-4.34783394e-01,-2.48646092e+00,1.00007723e-09
22,5.69703656e-01,1.80528195e-08,96,23,2,71,normal_corr_dominates,3.18863959e+01,1.00000000e+00,2.50000134e+07,1.34288920e+01,-4.34783394e-01,1.38636754e+01,1.00009925e-09
22,5.69703656e-01,1.80528195e-08,96,24,1,73,corr_ratio_high,5.81003511e-01,5.00000000e-01,2.49999968e+07,-3.16686853e+00,-8.33801777e+00,5.17114924e+00,1.00005577e-09
22,5.69703656e-01,1.80528195e-08,96,24,2,74,normal_corr_dominates,1.08164032e+00,1.00000000e+00,2.49999826e+07,-1.73567540e+01,-8.33801777e+00,-9.01873621e+00,1.00008381e-09
22,5.69703656e-01,1.80528195e-08,96,26,0,78,normal_corr_dominates,5.30162459e+00,1.00000000e+00,2.50000120e+07,1.20314494e+01,-2.79695476e+00,1.48284041e+01,1.00014628e-09
22,5.69703656e-01,1.80528195e-08,96,26,1,79,normal_corr_dominates,1.85468093e+00,1.00000000e+00,2.49999920e+07,-7.98441343e+00,-2.79695476e+00,-5.18745867e+00,1.00008016e-09
22,5.69703656e-01,1.80528195e-08,96,26,2,80,normal_corr_dominates,4.32671652e+00,1.00000000e+00,2.49999851e+07,-1.48985851e+01,-2.79695476e+00,-1.21016304e+01,1.00004615e-09
22,5.69703656e-01,1.80528195e-08,96,26,2,80,corr_ratio_high,1.22539864e+00,5.00000000e-01,2.49999851e+07,-1.48985851e+01,-2.79695476e+00,-1.21016304e+01,1.00004615e-09
22,5.69703656e-01,1.80528195e-08,96,27,0,81,normal_corr_dominates,4.36058908e+00,1.00000000e+00,2.49999866e+07,-1.34241956e+01,-2.50423888e+00,-1.09199567e+01,1.00007168e-09
22,5.69703656e-01,1.80528195e-08,96,27,1,82,normal_corr_dominates,2.72556978e+00,1.00000000e+00,2.50000043e+07,4.32123894e+00,-2.50423888e+00,6.82547782e+00,1.00006943e-09
22,5.69703656e-01,1.80528195e-08,96,29,0,87,normal_corr_dominates,1.03513407e+01,1.00000000e+00,2.49999635e+07,-3.65213057e+01,-3.21735615e+00,-3.33039496e+01,1.00006582e-09
22,5.69703656e-01,1.80528195e-08,96,29,0,87,corr_ratio_high,8.84190358e-01,5.00000000e-01,2.49999635e+07,-3.65213057e+01,-3.21735615e+00,-3.33039496e+01,1.00006582e-09
22,5.69703656e-01,1.80528195e-08,96,29,1,88,normal_corr_dominates,5.68857531e+00,1.00000000e+00,2.49999785e+07,-2.15195289e+01,-3.21735615e+00,-1.83021728e+01,1.00008419e-09
22,5.69703656e-01,1.80528195e-08,96,29,2,89,normal_corr_dominates,3.25820779e+00,1.00000000e+00,2.50000073e+07,7.26545873e+00,-3.21735615e+00,1.04828149e+01,1.00007509e-09
22,5.69703656e-01,1.80528195e-08,96,30,2,92,normal_corr_dominates,1.40192511e+00,1.00000000e+00,2.49999785e+07,-2.14677865e+01,-8.93774184e+00,-1.25300447e+01,1.00008924e-09
22,5.69703656e-01,1.80528195e-08,96,31,0,93,normal_corr_dominates,1.51697822e+00,1.00000000e+00,2.49999903e+07,-9.73240504e+00,-3.86670213e+00,-5.86570291e+00,1.00007373e-09
22,5.69703656e-01,1.80528195e-08,96,31,1,94,normal_corr_dominates,1.37317473e+00,1.00000000e+00,2.50000014e+07,1.44295553e+00,-3.86670213e+00,5.30965766e+00,1.00009020e-09
22,5.69703656e-01,1.80528195e-08,96,31,2,95,normal_corr_dominates,1.97234354e+00,1.00000000e+00,2.50000038e+07,3.75976284e+00,-3.86670213e+00,7.62646497e+00,1.00006785e-09
22,5.69703656e-01,1.80528195e-08,96,32,1,97,normal_corr_dominates,2.35232636e+00,1.00000000e+00,2.49999877e+07,-1.22559874e+01,-3.65596488e+00,-8.60002255e+00,1.00006415e-09
22,5.69703656e-01,1.80528195e-08,96,33,0,99,normal_corr_dominates,5.42757683e+00,1.00000000e+00,2.49999816e+07,-1.83859783e+01,-2.86048362e+00,-1.55254946e+01,1.00007386e-09
22,5.69703656e-01,1.80528195e-08,96,33,1,100,normal_corr_dominates,1.33235585e+00,1.00000000e+00,2.49999933e+07,-6.67166571e+00,-2.86048362e+00,-3.81118209e+00,1.00007542e-09
22,5.69703656e-01,1.80528195e-08,96,33,2,101,normal_corr_dominates,3.23630902e+00,1.00000000e+00,2.50000064e+07,6.39692532e+00,-2.86048362e+00,9.25740894e+00,1.00007482e-09
22,5.69703656e-01,1.80528195e-08,96,34,0,102,normal_corr_dominates,2.23218350e+00,1.00000000e+00,2.49999784e+07,-2.16116778e+01,-6.68640187e+00,-1.49252760e+01,1.00006223e-09
22,5.69703656e-01,1.80528195e-08,96,34,1,103,normal_corr_dominates,2.05694894e+00,1.00000000e+00,2.50000071e+07,7.06718537e+00,-6.68640187e+00,1.37535872e+01,1.00005835e-09
22,5.69703656e-01,1.80528195e-08,96,35,0,105,normal_corr_dominates,3.81570062e+01,1.00000000e+00,2.50000261e+07,2.60535552e+01,-7.01174766e-01,2.67547299e+01,1.00011153e-09
22,5.69703656e-01,1.80528195e-08,96,35,1,106,normal_corr_dominates,1.95980393e+01,1.00000000e+00,2.49999856e+07,-1.44428254e+01,-7.01174766e-01,-1.37416506e+01,1.00015473e-09
22,5.69703656e-01,1.80528195e-08,96,35,2,107,normal_corr_dominates,3.95992599e+01,1.00000000e+00,2.49999715e+07,-2.84671766e+01,-7.01174766e-01,-2.77660018e+01,1.00002564e-09
22,5.69703656e-01,1.80528195e-08,96,35,2,107,corr_ratio_high,4.24649197e+00,5.00000000e-01,2.49999715e+07,-2.84671766e+01,-7.01174766e-01,-2.77660018e+01,1.00002564e-09
22,5.69703656e-01,1.80528195e-08,96,36,1,109,corr_ratio_high,7.25625316e-01,5.00000000e-01,2.49999854e+07,-1.46443413e+01,-1.22157730e+01,-2.42856838e+00,1.00004775e-09
22,5.69703656e-01,1.80528195e-08,96,37,0,111,normal_corr_dominates,1.89069727e+00,1.00000000e+00,2.50000022e+07,2.24012195e+00,-2.51502056e+00,4.75514251e+00,1.00007862e-09
22,5.69703656e-01,1.80528195e-08,96,37,2,113,normal_corr_dominates,2.71721144e+00,1.00000000e+00,2.50000043e+07,4.31882208e+00,-2.51502056e+00,6.83384264e+00,1.00005599e-09
23,5.93502186e-01,1.88069494e-08,96,0,0,0,corr_ratio_high,9.35809875e-01,5.00000000e-01,2.49999856e+07,-1.44431828e+01,-1.05373448e+01,-3.90583799e+00,1.00004822e-09
23,5.93502186e-01,1.88069494e-08,96,0,2,2,normal_corr_dominates,1.13641821e+00,1.00000000e+00,2.50000014e+07,1.43748567e+00,-1.05373448e+01,1.19748305e+01,1.00008095e-09
23,5.93502186e-01,1.88069494e-08,96,1,0,3,normal_corr_dominates,8.30271406e+00,1.00000000e+00,2.50000123e+07,1.22940132e+01,-1.68348550e+00,1.39774987e+01,1.00010209e-09
23,5.93502186e-01,1.88069494e-08,96,1,1,4,normal_corr_dominates,8.94395319e+00,1.00000000e+00,2.49999833e+07,-1.67405010e+01,-1.68348550e+00,-1.50570155e+01,1.00006497e-09
23,5.93502186e-01,1.88069494e-08,96,1,1,4,corr_ratio_high,8.74166222e-01,5.00000000e-01,2.49999833e+07,-1.67405010e+01,-1.68348550e+00,-1.50570155e+01,1.00006497e-09
23,5.93502186e-01,1.88069494e-08,96,1,2,5,normal_corr_dominates,6.60551880e+00,1.00000000e+00,2.49999872e+07,-1.28037806e+01,-1.68348550e+00,-1.11202951e+01,1.00009451e-09
23,5.93502186e-01,1.88069494e-08,96,2,0,6,normal_corr_dominates,1.15520592e+00,1.00000000e+00,2.50000008e+07,7.85583435e-01,-5.06155591e+00,5.84713935e+00,1.00007209e-09
23,5.93502186e-01,1.88069494e-08,96,2,0,6,corr_ratio_high,5.85783867e-01,5.00000000e-01,2.50000008e+07,7.85583435e-01,-5.06155591e+00,5.84713935e+00,1.00007209e-09
23,5.93502186e-01,1.88069494e-08,96,2,1,7,normal_corr_dominates,3.61112134e+00,1.00000000e+00,2.49999767e+07,-2.33394485e+01,-5.06155591e+00,-1.82778926e+01,1.00008549e-09
23,5.93502186e-01,1.88069494e-08,96,2,2,8,normal_corr_dominates,3.75780901e+00,1.00000000e+00,2.50000140e+07,1.39588045e+01,-5.06155591e+00,1.90203604e+01,1.00013079e-09
23,5.93502186e-01,1.88069494e-08,96,3,0,9,normal_corr_dominates,1.74274448e+01,1.00000000e+00,2.49999727e+07,-2.73123857e+01,-1.48215805e+00,-2.58302276e+01,1.00019787e-09
23,5.93502186e-01,1.88069494e-08,96,3,0,9,corr_ratio_high,5.86269591e-01,5.00000000e-01,2.49999727e+07,-2.73123857e+01,-1.48215805e+00,-2.58302276e+01,1.00019787e-09
23,5.93502186e-01,1.88069494e-08,96,3,1,10,normal_corr_dominates,8.58307394e+00,1.00000000e+00,2.49999858e+07,-1.42036302e+01,-1.48215805e+00,-1.27214721e+01,1.00005256e-09
23,5.93502186e-01,1.88069494e-08,96,3,1,10,corr_ratio_high,8.55676350e-01,5.00000000e-01,2.49999858e+07,-1.42036302e+01,-1.48215805e+00,-1.27214721e+01,1.00005256e-09
23,5.93502186e-01,1.88069494e-08,96,3,2,11,normal_corr_dominates,1.09311435e+01,1.00000000e+00,2.50000147e+07,1.47195243e+01,-1.48215805e+00,1.62016824e+01,1.00002196e-09
23,5.93502186e-01,1.88069494e-08,96,3,2,11,corr_ratio_high,1.78873490e+00,5.00000000e-01,2.50000147e+07,1.47195243e+01,-1.48215805e+00,1.62016824e+01,1.00002196e-09
23,5.93502186e-01,1.88069494e-08,96,4,0,12,normal_corr_dominates,1.57183939e+00,1.00000000e+00,2.49999970e+07,-3.04656065e+00,-1.18458433e+00,-1.86197631e+00,1.00009130e-09
23,5.93502186e-01,1.88069494e-08,96,4,1,13,normal_corr_dominates,2.80381619e+00,1.00000000e+00,2.50000021e+07,2.13677240e+00,-1.18458433e+00,3.32135673e+00,1.00007774e-09
23,5.93502186e-01,1.88069494e-08,96,4,2,14,normal_corr_dominates,6.81509478e+00,1.00000000e+00,2.50000069e+07,6.88847018e+00,-1.18458433e+00,8.07305451e+00,1.00006335e-09
23,5.93502186e-01,1.88069494e-08,96,5,0,15,normal_corr_dominates,2.13632445e+00,1.00000000e+00,2.50000102e+07,1.01967514e+01,-8.97345072e+00,1.91702022e+01,1.00005692e-09
23,5.93502186e-01,1.88069494e-08,96,5,1,16,normal_corr_dominates,1.42033784e+00,1.00000000e+00,2.49999783e+07,-2.17187824e+01,-8.97345072e+00,-1.27453316e+01,1.00009231e-09
23,5.93502186e-01,1.88069494e-08,96,5,2,17,normal_corr_dominates,1.70872727e+00,1.00000000e+00,2.49999757e+07,-2.43066306e+01,-8.97345072e+00,-1.53331799e+01,1.00009789e-09
23,5.93502186e-01,1.88069494e-08,96,6,1,19,normal_corr_dominates,2.04830681e+00,1.00000000e+00,2.50000062e+07,6.21748111e+00,-5.93097464e+00,1.21484557e+01,1.00005870e-09
23,5.93502186e-01,1.88069494e-08,96,6,2,20,normal_corr_dominates,3.87976525e+00,1.00000000e+00,2.49999711e+07,-2.89417639e+01,-5.93097464e+00,-2.30107893e+01,1.00011942e-09
23,5.93502186e-01,1.88069494e-08,96,7,0,21,normal_corr_dominates,6.88873333e+01,1.00000000e+00,2.49999884e+07,-1.15624029e+01,-1.65443470e-01,-1.13969595e+01,1.00007551e-09
23,5.93502186e-01,1.88069494e-08,96,7,1,22,normal_corr_dominates,4.28108746e+01,1.00000000e+00,2.49999928e+07,-7.24822312e+00,-1.65443470e-01,-7.08277965e+00,1.00010155e-09
23,5.93502186e-01,1.88069494e-08,96,7,2,23,normal_corr_dominates,1.11028890e+02,1.00000000e+00,2.50000182e+07,1.82035613e+01,-1.65443470e-01,1.83690048e+01,1.00009598e-09
23,5.93502186e-01,1.88069494e-08,96,8,0,24,normal_corr_dominates,4.42350463e+00,1.00000000e+00,2.49999871e+07,-1.29168188e+01,-2.38163690e+00,-1.05351819e+01,1.00007201e-09
23,5.93502186e-01,1.88069494e-08,96,8,1,25,normal_corr_dominates,4.63647133e+00,1.00000000e+00,2.50000087e+07,8.66075433e+00,-2.38163690e+00,1.10423912e+01,1.00005470e-09
23,5.93502186e-01,1.88069494e-08,96,8,1,25,corr_ratio_high,5.23609385e-01,5.00000000e-01,2.50000087e+07,8.66075433e+00,-2.38163690e+00,1.10423912e+01,1.00005470e-09
23,5.93502186e-01,1.88069494e-08,96,8,2,26,normal_corr_dominates,2.96234367e+00,1.00000000e+00,2.50000047e+07,4.67359011e+00,-2.38163690e+00,7.05522701e+00,1.00008199e-09
23,5.93502186e-01,1.88069494e-08,96,9,0,27,normal_corr_dominates,1.31144623e+00,1.00000000e+00,2.50000019e+07,1.88043648e+00,-6.03775653e+00,7.91819301e+00,1.00010617e-09
23,5.93502186e-01,1.88069494e-08,96,9,1,28,normal_corr_dominates,2.14606475e+00,1.00000000e+00,2.49999810e+07,-1.89951730e+01,-6.03775653e+00,-1.29574165e+01,1.00008229e-09
23,5.93502186e-01,1.88069494e-08,96,9,2,29,normal_corr_dominates,2.46247947e+00,1.00000000e+00,2.49999791e+07,-2.09056080e+01,-6.03775653e+00,-1.48678515e+01,1.00008370e-09
23,5.93502186e-01,1.88069494e-08,96,10,0,30,normal_corr_dominates,5.23824558e+00,1.00000000e+00,2.50000081e+07,8.08341406e+00,-1.90725476e+00,9.99066883e+00,1.00008267e-09
23,5.93502186e-01,1.88069494e-08,96,10,1,31,normal_corr_dominates,1.06076296e+01,1.00000000e+00,2.50000183e+07,1.83241973e+01,-1.90725476e+00,2.02314520e+01,1.00014096e-09
23,5.93502186e-01,1.88069494e-08,96,10,2,32,normal_corr_dominates,9.41943149e+00,1.00000000e+00,2.49999801e+07,-1.98725103e+01,-1.90725476e+00,-1.79652556e+01,1.00008216e-09
23,5.93502186e-01,1.88069494e-08,96,11,0,33,normal_corr_dominates,2.90217964e+00,1.00000000e+00,2.49999967e+07,-3.26484647e+00,-8.36672518e-01,-2.42817395e+00,1.00011761e-09
23,5.93502186e-01,1.88069494e-08,96,11,1,34,normal_corr_dominates,6.58881202e+00,1.00000000e+00,2.50000047e+07,4.67600542e+00,-8.36672518e-01,5.51267794e+00,1.00010456e-09
23,5.93502186e-01,1.88069494e-08,96,11,2,35,normal_corr_dominates,1.20579303e+01,1.00000000e+00,2.49999891e+07,-1.09252115e+01,-8.36672518e-01,-1.00885389e+01,1.00005774e-09
23,5.93502186e-01,1.88069494e-08,96,11,2,35,corr_ratio_high,1.01906717e+00,5.00000000e-01,2.49999891e+07,-1.09252115e+01,-8.36672518e-01,-1.00885389e+01,1.00005774e-09
23,5.93502186e-01,1.88069494e-08,96,12,1,37,normal_corr_dominates,1.16237781e+00,1.00000000e+00,2.50000016e+07,1.61749636e+00,-9.96131403e+00,1.15788104e+01,1.00007062e-09
23,5.93502186e-01,1.88069494e-08,96,13,0,39,normal_corr_dominates,1.77213472e+00,1.00000000e+00,2.50000040e+07,3.99548840e+00,-5.17460011e+00,9.17008851e+00,1.00005723e-09
23,5.93502186e-01,1.88069494e-08,96,14,0,42,normal_corr_dominates,3.08339545e+00,1.00000000e+00,2.49999961e+07,-3.92990244e+00,-9.62410447e-01,-2.96749199e+00,1.00008469e-09
23,5.93502186e-01,1.88069494e-08,96,14,1,43,normal_corr_dominates,3.12984795e+00,1.00000000e+00,2.49999960e+07,-3.97460881e+00,-9.62410447e-01,-3.01219837e+00,1.00007169e-09
23,5.93502186e-01,1.88069494e-08,96,14,2,44,normal_corr_dominates,1.79593213e+01,1.00000000e+00,2.50000163e+07,1.63218279e+01,-9.62410447e-01,1.72842384e+01,1.00011798e-09
23,5.93502186e-01,1.88069494e-08,96,15,0,45,normal_corr_dominates,1.39522146e+00,1.00000000e+00,2.49999891e+07,-1.08712078e+01,-4.53870674e+00,-6.33250106e+00,1.00006933e-09
23,5.93502186e-01,1.88069494e-08,96,15,1,46,normal_corr_dominates,2.78286209e+00,1.00000000e+00,2.50000081e+07,8.09188817e+00,-4.53870674e+00,1.26305949e+01,1.00007167e-09
23,5.93502186e-01,1.88069494e-08,96,15,2,47,normal_corr_dominates,3.90500314e+00,1.00000000e+00,2.49999777e+07,-2.22623708e+01,-4.53870674e+00,-1.77236641e+01,1.00010353e-09
23,5.93502186e-01,1.88069494e-08,96,16,2,50,normal_corr_dominates,1.01773885e+00,1.00000000e+00,2.50000001e+07,1.39408352e-01,-7.85892698e+00,7.99833533e+00,1.00007401e-09
23,5.93502186e-01,1.88069494e-08,96,17,0,51,corr_ratio_high,5.13629182e-01,5.00000000e-01,2.49999975e+07,-2.49488970e+00,-7.42236645e+00,4.92747675e+00,1.00017454e-09
23,5.93502186e-01,1.88069494e-08,96,17,1,52,normal_corr_dominates,1.23319181e+00,1.00000000e+00,2.50000017e+07,1.73083508e+00,-7.42236645e+00,9.15320154e+00,1.00010861e-09
23,5.93502186e-01,1.88069494e-08,96,17,2,53,corr_ratio_high,2.57653714e+00,5.00000000e-01,2.50000000e+07,-2.00989965e-02,-7.42236645e+00,7.40226746e+00,1.00001719e-09
23,5.93502186e-01,1.88069494e-08,96,18,2,56,normal_corr_dominates,1.00711966e+00,1.00000000e+00,2.50000001e+07,9.61326732e-02,-1.35024240e+01,1.35985567e+01,1.00008744e-09
23,5.93502186e-01,1.88069494e-08,96,19,0,57,normal_corr_dominates,1.48763200e+01,1.00000000e+00,2.49999592e+07,-4.08465822e+01,-2.57279913e+00,-3.82737831e+01,1.00006536e-09
23,5.93502186e-01,1.88069494e-08,96,19,0,57,corr_ratio_high,1.16305542e+00,5.00000000e-01,2.49999592e+07,-4.08465822e+01,-2.57279913e+00,-3.82737831e+01,1.00006536e-09
23,5.93502186e-01,1.88069494e-08,96,19,2,59,normal_corr_dominates,2.33718668e+00,1.00000000e+00,2.50000034e+07,3.44031272e+00,-2.57279913e+00,6.01311185e+00,1.00007493e-09
23,5.93502186e-01,1.88069494e-08,96,20,1,61,normal_corr_dominates,1.04710427e+00,1.00000000e+00,2.50000003e+07,3.05490848e-01,-6.48541734e+00,6.79090818e+00,1.00009985e-09
23,5.93502186e-01,1.88069494e-08,96,20,2,62,normal_corr_dominates,2.48231593e+00,1.00000000e+00,2.49999774e+07,-2.25842721e+01,-6.48541734e+00,-1.60988548e+01,1.00007870e-09
23,5.93502186e-01,1.88069494e-08,96,21,0,63,normal_corr_dominates,1.59807941e+00,1.00000000e+00,2.49999872e+07,-1.28371016e+01,-4.94099665e+00,-7.89610500e+00,1.00007416e-09
23,5.93502186e-01,1.88069494e-08,96,21,1,64,normal_corr_dominates,2.29810771e+00,1.00000000e+00,2.50000064e+07,6.41394587e+00,-4.94099665e+00,1.13549425e+01,1.00007691e-09
23,5.93502186e-01,1.88069494e-08,96,21,2,65,normal_corr_dominates,1.44566095e+00,1.00000000e+00,2.50000022e+07,2.20200926e+00,-4.94099665e+00,7.14300591e+00,1.00008723e-09
23,5.93502186e-01,1.88069494e-08,96,22,0,66,normal_corr_dominates,2.74419732e+00,1.00000000e+00,2.50000091e+07,9.06754320e+00,-5.19869115e+00,1.42662344e+01,1.00010968e-09
23,5.93502186e-01,1.88069494e-08,96,22,1,67,normal_corr_dominates,1.29396273e+00,1.00000000e+00,2.49999881e+07,-1.19256038e+01,-5.19869115e+00,-6.72691261e+00,1.00009505e-09
23,5.93502186e-01,1.88069494e-08,96,22,2,68,corr_ratio_high,1.57229979e+00,5.00000000e-01,2.49999969e+07,-3.14702221e+00,-5.19869115e+00,2.05166895e+00,1.00003991e-09
23,5.93502186e-01,1.88069494e-08,96,23,0,69,normal_corr_dominates,8.22256144e+00,1.00000000e+00,2.49999958e+07,-4.17166056e+00,-4.52332098e-01,-3.71932846e+00,1.00009973e-09
23,5.93502186e-01,1.88069494e-08,96,23,1,70,normal_corr_dominates,5.71201507e+00,1.00000000e+00,2.49999970e+07,-3.03605985e+00,-4.52332098e-01,-2.58372776e+00,1.00008027e-09
23,5.93502186e-01,1.88069494e-08,96,23,2,71,normal_corr_dominates,3.18534750e+01,1.00000000e+00,2.50000140e+07,1.39560170e+01,-4.52332098e-01,1.44083491e+01,1.00010315e-09
23,5.93502186e-01,1.88069494e-08,96,24,1,73,corr_ratio_high,5.81028229e-01,5.00000000e-01,2.49999967e+07,-3.29253483e+00,-8.66663537e+00,5.37410055e+00,1.00005796e-09
23,5.93502186e-01,1.88069494e-08,96,24,2,74,normal_corr_dominates,1.08153473e+00,1.00000000e+00,2.49999820e+07,-1.80399025e+01,-8.66663537e+00,-9.37326713e+00,1.00008710e-09
23,5.93502186e-01,1.88069494e-08,96,26,0,78,normal_corr_dominates,5.30040469e+00,1.00000000e+00,2.50000125e+07,1.25027383e+01,-2.90733993e+00,1.54100782e+01,1.00015202e-09
23,5.93502186e-01,1.88069494e-08,96,26,1,79,normal_corr_dominates,1.85404864e+00,1.00000000e+00,2.49999917e+07,-8.29768957e+00,-2.90733993e+00,-5.39034964e+00,1.00008331e-09
23,5.93502186e-01,1.88069494e-08,96,26,2,80,normal_corr_dominates,4.32548296e+00,1.00000000e+00,2.49999845e+07,-1.54829892e+01,-2.90733993e+00,-1.25756493e+01,1.00004797e-09
23,5.93502186e-01,1.88069494e-08,96,26,2,80,corr_ratio_high,1.22515687e+00,5.00000000e-01,2.49999845e+07,-1.54829892e+01,-2.90733993e+00,-1.25756493e+01,1.00004797e-09
23,5.93502186e-01,1.88069494e-08,96,27,0,81,normal_corr_dominates,4.35901811e+00,1.00000000e+00,2.49999860e+07,-1.39504828e+01,-2.60317889e+00,-1.13473039e+01,1.00007450e-09
23,5.93502186e-01,1.88069494e-08,96,27,1,82,normal_corr_dominates,2.72574410e+00,1.00000000e+00,2.50000045e+07,4.49242060e+00,-2.60317889e+00,7.09559949e+00,1.00007215e-09
23,5.93502186e-01,1.88069494e-08,96,29,0,87,normal_corr_dominates,1.03484868e+01,1.00000000e+00,2.49999620e+07,-3.79550224e+01,-3.34450074e+00,-3.46105216e+01,1.00006841e-09
23,5.93502186e-01,1.88069494e-08,96,29,0,87,corr_ratio_high,8.84210958e-01,5.00000000e-01,2.49999620e+07,-3.79550224e+01,-3.34450074e+00,-3.46105216e+01,1.00006841e-09
23,5.93502186e-01,1.88069494e-08,96,29,1,88,normal_corr_dominates,5.68695593e+00,1.00000000e+00,2.49999776e+07,-2.23645290e+01,-3.34450074e+00,-1.90200283e+01,1.00008750e-09
23,5.93502186e-01,1.88069494e-08,96,29,2,89,normal_corr_dominates,3.25743134e+00,1.00000000e+00,2.50000075e+07,7.54998077e+00,-3.34450074e+00,1.08944815e+01,1.00007804e-09
23,5.93502186e-01,1.88069494e-08,96,30,2,92,normal_corr_dominates,1.40172439e+00,1.00000000e+00,2.49999777e+07,-2.23112996e+01,-9.28970025e+00,-1.30215994e+01,1.00009275e-09
23,5.93502186e-01,1.88069494e-08,96,31,0,93,normal_corr_dominates,1.51644563e+00,1.00000000e+00,2.49999899e+07,-1.01147592e+01,-4.01946264e+00,-6.09529656e+00,1.00007662e-09
23,5.93502186e-01,1.88069494e-08,96,31,1,94,normal_corr_dominates,1.37253491e+00,1.00000000e+00,2.50000015e+07,1.49739015e+00,-4.01946264e+00,5.51685279e+00,1.00009374e-09
23,5.93502186e-01,1.88069494e-08,96,31,2,95,normal_corr_dominates,1.97194372e+00,1.00000000e+00,2.50000039e+07,3.90669147e+00,-4.01946264e+00,7.92615411e+00,1.00007052e-09
23,5.93502186e-01,1.88069494e-08,96,32,1,97,normal_corr_dominates,2.35169893e+00,1.00000000e+00,2.49999873e+07,-1.27366866e+01,-3.80006880e+00,-8.93661775e+00,1.00006667e-09
23,5.93502186e-01,1.88069494e-08,96,33,0,99,normal_corr_dominates,5.42597352e+00,1.00000000e+00,2.49999809e+07,-1.91079914e+01,-2.97355589e+00,-1.61344355e+01,1.00007676e-09
23,5.93502186e-01,1.88069494e-08,96,33,1,100,normal_corr_dominates,1.33174310e+00,1.00000000e+00,2.49999931e+07,-6.93356843e+00,-2.97355589e+00,-3.96001254e+00,1.00007838e-09
23,5.93502186e-01,1.88069494e-08,96,33,2,101,normal_corr_dominates,3.23552843e+00,1.00000000e+00,2.50000066e+07,6.64746872e+00,-2.97355589e+00,9.62102461e+00,1.00007776e-09
23,5.93502186e-01,1.88069494e-08,96,34,0,102,normal_corr_dominates,2.23181799e+00,1.00000000e+00,2.49999775e+07,-2.24616834e+01,-6.95016970e+00,-1.55115137e+01,1.00006467e-09
23,5.93502186e-01,1.88069494e-08,96,34,1,103,normal_corr_dominates,2.05652663e+00,1.00000000e+00,2.50000073e+07,7.34303934e+00,-6.95016970e+00,1.42932090e+01,1.00006065e-09
23,5.93502186e-01,1.88069494e-08,96,35,0,105,normal_corr_dominates,3.81183151e+01,1.00000000e+00,2.50000271e+07,2.70751921e+01,-7.29429450e-01,2.78046216e+01,1.00011590e-09
23,5.93502186e-01,1.88069494e-08,96,35,1,106,normal_corr_dominates,1.95788236e+01,1.00000000e+00,2.49999850e+07,-1.50108000e+01,-7.29429450e-01,-1.42813706e+01,1.00016080e-09
23,5.93502186e-01,1.88069494e-08,96,35,2,107,normal_corr_dominates,3.95567808e+01,1.00000000e+00,2.49999704e+07,-2.95833103e+01,-7.29429450e-01,-2.88538809e+01,1.00002665e-09
23,5.93502186e-01,1.88069494e-08,96,35,2,107,corr_ratio_high,4.24536140e+00,5.00000000e-01,2.49999704e+07,-2.95833103e+01,-7.29429450e-01,-2.88538809e+01,1.00002665e-09
23,5.93502186e-01,1.88069494e-08,96,36,1,109,corr_ratio_high,7.25591458e-01,5.00000000e-01,2.49999848e+07,-1.52213033e+01,-1.26965833e+01,-2.52471999e+00,1.00004963e-09
23,5.93502186e-01,1.88069494e-08,96,37,0,111,normal_corr_dominates,1.89105947e+00,1.00000000e+00,2.50000023e+07,2.32967202e+00,-2.61449668e+00,4.94416870e+00,1.00008170e-09
23,5.93502186e-01,1.88069494e-08,96,37,2,113,normal_corr_dominates,2.71666068e+00,1.00000000e+00,2.50000045e+07,4.48820365e+00,-2.61449668e+00,7.10270033e+00,1.00005820e-09
24,6.19249013e-01,1.96228171e-08,96,0,0,0,corr_ratio_high,9.35717249e-01,5.00000000e-01,2.49999850e+07,-1.50332847e+01,-1.09678549e+01,-4.06542974e+00,1.00005019e-09
24,6.19249013e-01,1.96228171e-08,96,0,2,2,normal_corr_dominates,1.13617526e+00,1.00000000e+00,2.50000015e+07,1.49355045e+00,-1.09678549e+01,1.24614054e+01,1.00008425e-09
24,6.19249013e-01,1.96228171e-08,96,1,0,3,normal_corr_dominates,8.30272910e+00,1.00000000e+00,2.50000128e+07,1.27940874e+01,-1.75195974e+00,1.45460471e+01,1.00010624e-09
24,6.19249013e-01,1.96228171e-08,96,1,1,4,normal_corr_dominates,8.94662642e+00,1.00000000e+00,2.49999826e+07,-1.74260890e+01,-1.75195974e+00,-1.56741293e+01,1.00006762e-09
24,6.19249013e-01,1.96228171e-08,96,1,1,4,corr_ratio_high,8.74248371e-01,5.00000000e-01,2.49999826e+07,-1.74260890e+01,-1.75195974e+00,-1.56741293e+01,1.00006762e-09
24,6.19249013e-01,1.96228171e-08,96,1,2,5,normal_corr_dominates,6.60480425e+00,1.00000000e+00,2.49999867e+07,-1.33233109e+01,-1.75195974e+00,-1.15713511e+01,1.00009837e-09
24,6.19249013e-01,1.96228171e-08,96,2,0,6,normal_corr_dominates,1.15446673e+00,1.00000000e+00,2.50000008e+07,8.13741780e-01,-5.26807141e+00,6.08181319e+00,1.00007502e-09
24,6.19249013e-01,1.96228171e-08,96,2,0,6,corr_ratio_high,5.85856931e-01,5.00000000e-01,2.50000008e+07,8.13741780e-01,-5.26807141e+00,6.08181319e+00,1.00007502e-09
24,6.19249013e-01,1.96228171e-08,96,2,1,7,normal_corr_dominates,3.61056251e+00,1.00000000e+00,2.49999757e+07,-2.42887725e+01,-5.26807141e+00,-1.90207011e+01,1.00008897e-09
24,6.19249013e-01,1.96228171e-08,96,2,2,8,normal_corr_dominates,3.75778283e+00,1.00000000e+00,2.50000145e+07,1.45281969e+01,-5.26807141e+00,1.97962683e+01,1.00013612e-09
24,6.19249013e-01,1.96228171e-08,96,3,0,9,normal_corr_dominates,1.74165631e+01,1.00000000e+00,2.49999716e+07,-2.84254532e+01,-1.54347221e+00,-2.68819810e+01,1.00020592e-09
24,6.19249013e-01,1.96228171e-08,96,3,0,9,corr_ratio_high,5.86264720e-01,5.00000000e-01,2.49999716e+07,-2.84254532e+01,-1.54347221e+00,-2.68819810e+01,1.00020592e-09
24,6.19249013e-01,1.96228171e-08,96,3,1,10,normal_corr_dominates,8.57634228e+00,1.00000000e+00,2.49999852e+07,-1.47808181e+01,-1.54347221e+00,-1.32373459e+01,1.00005470e-09
24,6.19249013e-01,1.96228171e-08,96,3,1,10,corr_ratio_high,8.55678403e-01,5.00000000e-01,2.49999852e+07,-1.47808181e+01,-1.54347221e+00,-1.32373459e+01,1.00005470e-09
24,6.19249013e-01,1.96228171e-08,96,3,2,11,normal_corr_dominates,1.09235219e+01,1.00000000e+00,2.50000153e+07,1.53166803e+01,-1.54347221e+00,1.68601525e+01,1.00002287e-09
24,6.19249013e-01,1.96228171e-08,96,3,2,11,corr_ratio_high,1.78829249e+00,5.00000000e-01,2.50000153e+07,1.53166803e+01,-1.54347221e+00,1.68601525e+01,1.00002287e-09
24,6.19249013e-01,1.96228171e-08,96,4,0,12,normal_corr_dominates,1.57013936e+00,1.00000000e+00,2.49999968e+07,-3.17034121e+00,-1.23352891e+00,-1.93681230e+00,1.00009501e-09
24,6.19249013e-01,1.96228171e-08,96,4,1,13,normal_corr_dominates,2.80157154e+00,1.00000000e+00,2.50000022e+07,2.22229059e+00,-1.23352891e+00,3.45581951e+00,1.00008091e-09
24,6.19249013e-01,1.96228171e-08,96,4,2,14,normal_corr_dominates,6.81187658e+00,1.00000000e+00,2.50000072e+07,7.16911781e+00,-1.23352891e+00,8.40264672e+00,1.00006593e-09
24,6.19249013e-01,1.96228171e-08,96,5,0,15,normal_corr_dominates,2.13586585e+00,1.00000000e+00,2.50000106e+07,1.06092391e+01,-9.34022194e+00,1.99494611e+01,1.00005924e-09
24,6.19249013e-01,1.96228171e-08,96,5,1,16,normal_corr_dominates,1.42000000e+00,1.00000000e+00,2.49999774e+07,-2.26033371e+01,-9.34022194e+00,-1.32631151e+01,1.00009607e-09
24,6.19249013e-01,1.96228171e-08,96,5,2,17,normal_corr_dominates,1.70861701e+00,1.00000000e+00,2.49999747e+07,-2.52990840e+01,-9.34022194e+00,-1.59588621e+01,1.00010187e-09
24,6.19249013e-01,1.96228171e-08,96,6,1,19,normal_corr_dominates,2.04760307e+00,1.00000000e+00,2.50000065e+07,6.46745746e+00,-6.17357628e+00,1.26410337e+01,1.00006110e-09
24,6.19249013e-01,1.96228171e-08,96,6,2,20,normal_corr_dominates,3.87920237e+00,1.00000000e+00,2.49999699e+07,-3.01221280e+01,-6.17357628e+00,-2.39485517e+01,1.00012428e-09
24,6.19249013e-01,1.96228171e-08,96,7,0,21,normal_corr_dominates,6.88504137e+01,1.00000000e+00,2.49999880e+07,-1.20372488e+01,-1.72328955e-01,-1.18649198e+01,1.00007858e-09
24,6.19249013e-01,1.96228171e-08,96,7,1,22,normal_corr_dominates,4.27548106e+01,1.00000000e+00,2.49999925e+07,-7.54022077e+00,-1.72328955e-01,-7.36789182e+00,1.00010569e-09
24,6.19249013e-01,1.96228171e-08,96,7,2,23,normal_corr_dominates,1.10933715e+02,1.00000000e+00,2.50000189e+07,1.89447621e+01,-1.72328955e-01,1.91170911e+01,1.00009989e-09
24,6.19249013e-01,1.96228171e-08,96,8,0,24,normal_corr_dominates,4.42093775e+00,1.00000000e+00,2.49999866e+07,-1.34420478e+01,-2.47965360e+00,-1.09623942e+01,1.00007494e-09
24,6.19249013e-01,1.96228171e-08,96,8,1,25,normal_corr_dominates,4.63389451e+00,1.00000000e+00,2.50000090e+07,9.01079962e+00,-2.47965360e+00,1.14904532e+01,1.00005694e-09
24,6.19249013e-01,1.96228171e-08,96,8,1,25,corr_ratio_high,5.23524363e-01,5.00000000e-01,2.50000090e+07,9.01079962e+00,-2.47965360e+00,1.14904532e+01,1.00005694e-09
24,6.19249013e-01,1.96228171e-08,96,8,2,26,normal_corr_dominates,2.96049134e+00,1.00000000e+00,2.50000049e+07,4.86133942e+00,-2.47965360e+00,7.34099302e+00,1.00008534e-09
24,6.19249013e-01,1.96228171e-08,96,9,0,27,normal_corr_dominates,1.31114376e+00,1.00000000e+00,2.50000020e+07,1.95554980e+00,-6.28503611e+00,8.24058590e+00,1.00011049e-09
24,6.19249013e-01,1.96228171e-08,96,9,1,28,normal_corr_dominates,2.14549086e+00,1.00000000e+00,2.49999802e+07,-1.97695236e+01,-6.28503611e+00,-1.34844875e+01,1.00008564e-09
24,6.19249013e-01,1.96228171e-08,96,9,2,29,normal_corr_dominates,2.46202936e+00,1.00000000e+00,2.49999782e+07,-2.17589795e+01,-6.28503611e+00,-1.54739434e+01,1.00008710e-09
24,6.19249013e-01,1.96228171e-08,96,10,0,30,normal_corr_dominates,5.23636547e+00,1.00000000e+00,2.50000084e+07,8.41061259e+00,-1.98533687e+00,1.03959495e+01,1.00008603e-09
24,6.19249013e-01,1.96228171e-08,96,10,1,31,normal_corr_dominates,1.06056379e+01,1.00000000e+00,2.50000191e+07,1.90704271e+01,-1.98533687e+00,2.10557639e+01,1.00014670e-09
24,6.19249013e-01,1.96228171e-08,96,10,2,32,normal_corr_dominates,9.41673863e+00,1.00000000e+00,2.49999793e+07,-2.06807353e+01,-1.98533687e+00,-1.86953984e+01,1.00008551e-09
24,6.19249013e-01,1.96228171e-08,96,11,0,33,normal_corr_dominates,2.90460270e+00,1.00000000e+00,2.49999966e+07,-3.39792972e+00,-8.70236995e-01,-2.52769273e+00,1.00012239e-09
24,6.19249013e-01,1.96228171e-08,96,11,1,34,normal_corr_dominates,6.59182010e+00,1.00000000e+00,2.50000049e+07,4.86620872e+00,-8.70236995e-01,5.73644572e+00,1.00010882e-09
24,6.19249013e-01,1.96228171e-08,96,11,2,35,normal_corr_dominates,1.20675464e+01,1.00000000e+00,2.49999886e+07,-1.13718623e+01,-8.70236995e-01,-1.05016253e+01,1.00006009e-09
24,6.19249013e-01,1.96228171e-08,96,11,2,35,corr_ratio_high,1.01899210e+00,5.00000000e-01,2.49999886e+07,-1.13718623e+01,-8.70236995e-01,-1.05016253e+01,1.00006009e-09
24,6.19249013e-01,1.96228171e-08,96,12,1,37,normal_corr_dominates,1.16209380e+00,1.00000000e+00,2.50000017e+07,1.68066514e+00,-1.03684729e+01,1.20491380e+01,1.00007350e-09
24,6.19249013e-01,1.96228171e-08,96,13,0,39,normal_corr_dominates,1.77168589e+00,1.00000000e+00,2.50000042e+07,4.15671965e+00,-5.38654354e+00,9.54326319e+00,1.00005956e-09
24,6.19249013e-01,1.96228171e-08,96,14,0,42,normal_corr_dominates,3.08109333e+00,1.00000000e+00,2.49999959e+07,-4.09033442e+00,-1.00226437e+00,-3.08807005e+00,1.00008814e-09
24,6.19249013e-01,1.96228171e-08,96,14,1,43,normal_corr_dominates,3.12792902e+00,1.00000000e+00,2.49999959e+07,-4.13727617e+00,-1.00226437e+00,-3.13501180e+00,1.00007461e-09
24,6.19249013e-01,1.96228171e-08,96,14,2,44,normal_corr_dominates,1.79480315e+01,1.00000000e+00,2.50000170e+07,1.69864080e+01,-1.00226437e+00,1.79886724e+01,1.00012278e-09
24,6.19249013e-01,1.96228171e-08,96,15,0,45,normal_corr_dominates,1.39459453e+00,1.00000000e+00,2.49999887e+07,-1.13136714e+01,-4.72467101e+00,-6.58900036e+00,1.00007215e-09
24,6.19249013e-01,1.96228171e-08,96,15,1,46,normal_corr_dominates,2.78203984e+00,1.00000000e+00,2.50000084e+07,8.41955197e+00,-4.72467101e+00,1.31442230e+01,1.00007459e-09
24,6.19249013e-01,1.96228171e-08,96,15,2,47,normal_corr_dominates,3.90423584e+00,1.00000000e+00,2.49999768e+07,-2.31709009e+01,-4.72467101e+00,-1.84462299e+01,1.00010775e-09
24,6.19249013e-01,1.96228171e-08,96,16,2,50,normal_corr_dominates,1.01734228e+00,1.00000000e+00,2.50000001e+07,1.41862713e-01,-8.18016471e+00,8.32202742e+00,1.00007703e-09
24,6.19249013e-01,1.96228171e-08,96,17,0,51,corr_ratio_high,5.13608339e-01,5.00000000e-01,2.49999974e+07,-2.59694714e+00,-7.72661515e+00,5.12966801e+00,1.00018163e-09
24,6.19249013e-01,1.96228171e-08,96,17,1,52,normal_corr_dominates,1.23249598e+00,1.00000000e+00,2.50000018e+07,1.79640698e+00,-7.72661515e+00,9.52302214e+00,1.00011304e-09
24,6.19249013e-01,1.96228171e-08,96,17,2,53,corr_ratio_high,2.57613432e+00,5.00000000e-01,2.50000000e+07,-2.22945145e-02,-7.72661515e+00,7.70432064e+00,1.00001789e-09
24,6.19249013e-01,1.96228171e-08,96,18,2,56,normal_corr_dominates,1.00692879e+00,1.00000000e+00,2.50000001e+07,9.73756161e-02,-1.40537712e+01,1.41511468e+01,1.00009100e-09
24,6.19249013e-01,1.96228171e-08,96,19,0,57,normal_corr_dominates,1.48731521e+01,1.00000000e+00,2.49999575e+07,-4.25108855e+01,-2.67816280e+00,-3.98327227e+01,1.00006803e-09
24,6.19249013e-01,1.96228171e-08,96,19,0,57,corr_ratio_high,1.16289456e+00,5.00000000e-01,2.49999575e+07,-4.25108855e+01,-2.67816280e+00,-3.98327227e+01,1.00006803e-09
24,6.19249013e-01,1.96228171e-08,96,19,2,59,normal_corr_dominates,2.33706638e+00,1.00000000e+00,2.50000036e+07,3.58088145e+00,-2.67816280e+00,6.25904425e+00,1.00007799e-09
24,6.19249013e-01,1.96228171e-08,96,20,1,61,normal_corr_dominates,1.04684672e+00,1.00000000e+00,2.50000003e+07,3.16263916e-01,-6.75103606e+00,7.06729998e+00,1.00010392e-09
24,6.19249013e-01,1.96228171e-08,96,20,2,62,normal_corr_dominates,2.48172190e+00,1.00000000e+00,2.49999765e+07,-2.35052301e+01,-6.75103606e+00,-1.67541940e+01,1.00008191e-09
24,6.19249013e-01,1.96228171e-08,96,21,0,63,normal_corr_dominates,1.59749181e+00,1.00000000e+00,2.49999866e+07,-1.33600441e+01,-5.14344033e+00,-8.21660378e+00,1.00007719e-09
24,6.19249013e-01,1.96228171e-08,96,21,1,64,normal_corr_dominates,2.29737781e+00,1.00000000e+00,2.50000067e+07,6.67298535e+00,-5.14344033e+00,1.18164257e+01,1.00008005e-09
24,6.19249013e-01,1.96228171e-08,96,21,2,65,normal_corr_dominates,1.44507952e+00,1.00000000e+00,2.50000023e+07,2.28923993e+00,-5.14344033e+00,7.43268026e+00,1.00009078e-09
24,6.19249013e-01,1.96228171e-08,96,22,0,66,normal_corr_dominates,2.74285063e+00,1.00000000e+00,2.50000094e+07,9.43257911e+00,-5.41215577e+00,1.48447349e+01,1.00011415e-09
24,6.19249013e-01,1.96228171e-08,96,22,1,67,normal_corr_dominates,1.29352479e+00,1.00000000e+00,2.49999876e+07,-1.24129134e+01,-5.41215577e+00,-7.00075766e+00,1.00009893e-09
24,6.19249013e-01,1.96228171e-08,96,22,2,68,corr_ratio_high,1.57220598e+00,5.00000000e-01,2.49999967e+07,-3.27585946e+00,-5.41215577e+00,2.13629631e+00,1.00004154e-09
24,6.19249013e-01,1.96228171e-08,96,23,0,69,normal_corr_dominates,8.21049466e+00,1.00000000e+00,2.49999957e+07,-4.34092488e+00,-4.71302036e-01,-3.86962285e+00,1.00010379e-09
24,6.19249013e-01,1.96228171e-08,96,23,1,70,normal_corr_dominates,5.70456516e+00,1.00000000e+00,2.49999968e+07,-3.15987521e+00,-4.71302036e-01,-2.68857318e+00,1.00008354e-09
24,6.19249013e-01,1.96228171e-08,96,23,2,71,normal_corr_dominates,3.18174318e+01,1.00000000e+00,2.50000145e+07,1.45243183e+01,-4.71302036e-01,1.49956204e+01,1.00010735e-09
24,6.19249013e-01,1.96228171e-08,96,24,1,73,corr_ratio_high,5.81054283e-01,5.00000000e-01,2.49999966e+07,-3.42814953e+00,-9.02102535e+00,5.59287582e+00,1.00006032e-09
24,6.19249013e-01,1.96228171e-08,96,24,2,74,normal_corr_dominates,1.08142130e+00,1.00000000e+00,2.49999812e+07,-1.87765543e+01,-9.02102535e+00,-9.75552893e+00,1.00009065e-09
24,6.19249013e-01,1.96228171e-08,96,26,0,78,normal_corr_dominates,5.29910202e+00,1.00000000e+00,2.50000130e+07,1.30108305e+01,-3.02640654e+00,1.60372370e+01,1.00015820e-09
24,6.19249013e-01,1.96228171e-08,96,26,1,79,normal_corr_dominates,1.85336762e+00,1.00000000e+00,2.49999914e+07,-8.63545044e+00,-3.02640654e+00,-5.60904390e+00,1.00008670e-09
24,6.19249013e-01,1.96228171e-08,96,26,2,80,normal_corr_dominates,4.32416110e+00,1.00000000e+00,2.49999839e+07,-1.61130760e+01,-3.02640654e+00,-1.30866694e+01,1.00004993e-09
24,6.19249013e-01,1.96228171e-08,96,26,2,80,corr_ratio_high,1.22489784e+00,5.00000000e-01,2.49999839e+07,-1.61130760e+01,-3.02640654e+00,-1.30866694e+01,1.00004993e-09
24,6.19249013e-01,1.96228171e-08,96,27,0,81,normal_corr_dominates,4.35733143e+00,1.00000000e+00,2.49999855e+07,-1.45178807e+01,-2.70990901e+00,-1.18079717e+01,1.00007753e-09
24,6.19249013e-01,1.96228171e-08,96,27,1,82,normal_corr_dominates,2.72591054e+00,1.00000000e+00,2.50000047e+07,4.67706052e+00,-2.70990901e+00,7.38696953e+00,1.00007508e-09
24,6.19249013e-01,1.96228171e-08,96,29,0,87,normal_corr_dominates,1.03454461e+01,1.00000000e+00,2.49999605e+07,-3.95008521e+01,-3.48164821e+00,-3.60192039e+01,1.00007119e-09
24,6.19249013e-01,1.96228171e-08,96,29,0,87,corr_ratio_high,8.84232383e-01,5.00000000e-01,2.49999605e+07,-3.95008521e+01,-3.48164821e+00,-3.60192039e+01,1.00007119e-09
24,6.19249013e-01,1.96228171e-08,96,29,1,88,normal_corr_dominates,5.68522858e+00,1.00000000e+00,2.49999767e+07,-2.32756141e+01,-3.48164821e+00,-1.97939659e+01,1.00009107e-09
24,6.19249013e-01,1.96228171e-08,96,29,2,89,normal_corr_dominates,3.25660320e+00,1.00000000e+00,2.50000079e+07,7.85669850e+00,-3.48164821e+00,1.13383467e+01,1.00008122e-09
24,6.19249013e-01,1.96228171e-08,96,30,2,92,normal_corr_dominates,1.40151074e+00,1.00000000e+00,2.49999768e+07,-2.32207913e+01,-9.66924317e+00,-1.35515481e+01,1.00009653e-09
24,6.19249013e-01,1.96228171e-08,96,31,0,93,normal_corr_dominates,1.51587679e+00,1.00000000e+00,2.49999895e+07,-1.05270248e+01,-4.18423700e+00,-6.34278776e+00,1.00007975e-09
24,6.19249013e-01,1.96228171e-08,96,31,1,94,normal_corr_dominates,1.37185546e+00,1.00000000e+00,2.50000016e+07,1.55593140e+00,-4.18423700e+00,5.74016840e+00,1.00009756e-09
24,6.19249013e-01,1.96228171e-08,96,31,2,95,normal_corr_dominates,1.97151393e+00,1.00000000e+00,2.50000041e+07,4.06504455e+00,-4.18423700e+00,8.24928156e+00,1.00007339e-09
24,6.19249013e-01,1.96228171e-08,96,32,1,97,normal_corr_dominates,2.35102723e+00,1.00000000e+00,2.49999867e+07,-1.32549527e+01,-3.95548940e+00,-9.29946330e+00,1.00006939e-09
24,6.19249013e-01,1.96228171e-08,96,33,0,99,normal_corr_dominates,5.42426789e+00,1.00000000e+00,2.49999801e+07,-1.98864797e+01,-3.09552466e+00,-1.67909550e+01,1.00007989e-09
24,6.19249013e-01,1.96228171e-08,96,33,1,100,normal_corr_dominates,1.33108785e+00,1.00000000e+00,2.49999928e+07,-7.21593993e+00,-3.09552466e+00,-4.12041527e+00,1.00008157e-09
24,6.19249013e-01,1.96228171e-08,96,33,2,101,normal_corr_dominates,3.23469509e+00,1.00000000e+00,2.50000069e+07,6.91755376e+00,-3.09552466e+00,1.00130784e+01,1.00008092e-09
24,6.19249013e-01,1.96228171e-08,96,34,0,102,normal_corr_dominates,2.23143567e+00,1.00000000e+00,2.49999766e+07,-2.33782653e+01,-7.23463738e+00,-1.61436279e+01,1.00006731e-09
24,6.19249013e-01,1.96228171e-08,96,34,1,103,normal_corr_dominates,2.05608051e+00,1.00000000e+00,2.50000076e+07,7.64035953e+00,-7.23463738e+00,1.48749969e+01,1.00006312e-09
24,6.19249013e-01,1.96228171e-08,96,35,0,105,normal_corr_dominates,3.80772286e+01,1.00000000e+00,2.50000282e+07,2.81766272e+01,-7.59944264e-01,2.89365715e+01,1.00012062e-09
24,6.19249013e-01,1.96228171e-08,96,35,1,106,normal_corr_dominates,1.95583117e+01,1.00000000e+00,2.49999844e+07,-1.56231710e+01,-7.59944264e-01,-1.48632267e+01,1.00016735e-09
24,6.19249013e-01,1.96228171e-08,96,35,2,107,normal_corr_dominates,3.95117153e+01,1.00000000e+00,2.49999692e+07,-3.07866457e+01,-7.59944264e-01,-3.00267014e+01,1.00002774e-09
24,6.19249013e-01,1.96228171e-08,96,35,2,107,corr_ratio_high,4.24415121e+00,5.00000000e-01,2.49999692e+07,-3.07866457e+01,-7.59944264e-01,-3.00267014e+01,1.00002774e-09
24,6.19249013e-01,1.96228171e-08,96,36,1,109,corr_ratio_high,7.25555247e-01,5.00000000e-01,2.49999842e+07,-1.58435028e+01,-1.32150712e+01,-2.62843152e+00,1.00005165e-09
24,6.19249013e-01,1.96228171e-08,96,37,0,111,normal_corr_dominates,1.89143296e+00,1.00000000e+00,2.50000024e+07,2.42630954e+00,-2.72180819e+00,5.14811773e+00,1.00008503e-09
24,6.19249013e-01,1.96228171e-08,96,37,2,113,normal_corr_dominates,2.71605868e+00,1.00000000e+00,2.50000047e+07,4.67078258e+00,-2.72180819e+00,7.39259077e+00,1.00006057e-09
25,6.45768674e-01,2.04631745e-08,96,0,0,0,corr_ratio_high,9.35622936e-01,5.00000000e-01,2.49999844e+07,-1.56390968e+01,-1.14098335e+01,-4.22926331e+00,1.00005221e-09
25,6.45768674e-01,2.04631745e-08,96,0,2,2,normal_corr_dominates,1.13592811e+00,1.00000000e+00,2.50000016e+07,1.55091706e+00,-1.14098335e+01,1.29607506e+01,1.00008764e-09
25,6.45768674e-01,2.04631745e-08,96,1,0,3,normal_corr_dominates,8.30264214e+00,1.00000000e+00,2.50000133e+07,1.33072758e+01,-1.82225495e+00,1.51295307e+01,1.00011051e-09
25,6.45768674e-01,2.04631745e-08,96,1,1,4,normal_corr_dominates,8.94923480e+00,1.00000000e+00,2.49999819e+07,-1.81300424e+01,-1.82225495e+00,-1.63077874e+01,1.00007033e-09
25,6.45768674e-01,2.04631745e-08,96,1,1,4,corr_ratio_high,8.74329967e-01,5.00000000e-01,2.49999819e+07,-1.81300424e+01,-1.82225495e+00,-1.63077874e+01,1.00007033e-09
25,6.45768674e-01,2.04631745e-08,96,1,2,5,normal_corr_dominates,6.60399850e+00,1.00000000e+00,2.49999861e+07,-1.38564239e+01,-1.82225495e+00,-1.20341690e+01,1.00010232e-09
25,6.45768674e-01,2.04631745e-08,96,2,0,6,normal_corr_dominates,1.15371080e+00,1.00000000e+00,2.50000008e+07,8.42347391e-01,-5.48007932e+00,6.32242671e+00,1.00007803e-09
25,6.45768674e-01,2.04631745e-08,96,2,0,6,corr_ratio_high,5.85930287e-01,5.00000000e-01,2.50000008e+07,8.42347391e-01,-5.48007932e+00,6.32242671e+00,1.00007803e-09
25,6.45768674e-01,2.04631745e-08,96,2,1,7,normal_corr_dominates,3.60999113e+00,1.00000000e+00,2.49999747e+07,-2.52631171e+01,-5.48007932e+00,-1.97830378e+01,1.00009254e-09
25,6.45768674e-01,2.04631745e-08,96,2,2,8,normal_corr_dominates,3.75775565e+00,1.00000000e+00,2.50000151e+07,1.51127197e+01,-5.48007932e+00,2.05927991e+01,1.00014159e-09
25,6.45768674e-01,2.04631745e-08,96,3,0,9,normal_corr_dominates,1.74054073e+01,1.00000000e+00,2.49999704e+07,-2.95679045e+01,-1.60647923e+00,-2.79614253e+01,1.00021419e-09
25,6.45768674e-01,2.04631745e-08,96,3,0,9,corr_ratio_high,5.86259503e-01,5.00000000e-01,2.49999704e+07,-2.95679045e+01,-1.60647923e+00,-2.79614253e+01,1.00021419e-09
25,6.45768674e-01,2.04631745e-08,96,3,1,10,normal_corr_dominates,8.56950761e+00,1.00000000e+00,2.49999846e+07,-1.53732152e+01,-1.60647923e+00,-1.37667359e+01,1.00005690e-09
25,6.45768674e-01,2.04631745e-08,96,3,1,10,corr_ratio_high,8.55678531e-01,5.00000000e-01,2.49999846e+07,-1.53732152e+01,-1.60647923e+00,-1.37667359e+01,1.00005690e-09
25,6.45768674e-01,2.04631745e-08,96,3,2,11,normal_corr_dominates,1.09157215e+01,1.00000000e+00,2.50000159e+07,1.59294007e+01,-1.60647923e+00,1.75358799e+01,1.00002379e-09
25,6.45768674e-01,2.04631745e-08,96,3,2,11,corr_ratio_high,1.78784539e+00,5.00000000e-01,2.50000159e+07,1.59294007e+01,-1.60647923e+00,1.75358799e+01,1.00002379e-09
25,6.45768674e-01,2.04631745e-08,96,4,0,12,normal_corr_dominates,1.56840564e+00,1.00000000e+00,2.49999967e+07,-3.29738340e+00,-1.28382501e+00,-2.01355838e+00,1.00009883e-09
25,6.45768674e-01,2.04631745e-08,96,4,1,13,normal_corr_dominates,2.79927125e+00,1.00000000e+00,2.50000023e+07,2.30994944e+00,-1.28382501e+00,3.59377445e+00,1.00008415e-09
25,6.45768674e-01,2.04631745e-08,96,4,2,14,normal_corr_dominates,6.80854730e+00,1.00000000e+00,2.50000075e+07,7.45715830e+00,-1.28382501e+00,8.74098331e+00,1.00006859e-09
25,6.45768674e-01,2.04631745e-08,96,5,0,15,normal_corr_dominates,2.13540011e+00,1.00000000e+00,2.50000110e+07,1.10324246e+01,-9.71677258e+00,2.07491972e+01,1.00006162e-09
25,6.45768674e-01,2.04631745e-08,96,5,1,16,normal_corr_dominates,1.41965750e+00,1.00000000e+00,2.49999765e+07,-2.35112617e+01,-9.71677258e+00,-1.37944891e+01,1.00009994e-09
25,6.45768674e-01,2.04631745e-08,96,5,2,17,normal_corr_dominates,1.70850340e+00,1.00000000e+00,2.49999737e+07,-2.63179116e+01,-9.71677258e+00,-1.66011390e+01,1.00010597e-09
25,6.45768674e-01,2.04631745e-08,96,6,1,19,normal_corr_dominates,2.04688516e+00,1.00000000e+00,2.50000067e+07,6.72379572e+00,-6.42266789e+00,1.31464636e+01,1.00006356e-09
25,6.45768674e-01,2.04631745e-08,96,6,2,20,normal_corr_dominates,3.87862050e+00,1.00000000e+00,2.49999687e+07,-3.13337593e+01,-6.42266789e+00,-2.49110914e+01,1.00012928e-09
25,6.45768674e-01,2.04631745e-08,96,7,0,21,normal_corr_dominates,6.88064787e+01,1.00000000e+00,2.49999875e+07,-1.25249010e+01,-1.79423188e-01,-1.23454778e+01,1.00008173e-09
25,6.45768674e-01,2.04631745e-08,96,7,1,22,normal_corr_dominates,4.26940516e+01,1.00000000e+00,2.49999922e+07,-7.83972605e+00,-1.79423188e-01,-7.66030287e+00,1.00010994e-09
25,6.45768674e-01,2.04631745e-08,96,7,2,23,normal_corr_dominates,1.10827054e+02,1.00000000e+00,2.50000197e+07,1.97055201e+01,-1.79423188e-01,1.98849433e+01,1.00010391e-09
25,6.45768674e-01,2.04631745e-08,96,8,0,24,normal_corr_dominates,4.41833956e+00,1.00000000e+00,2.49999860e+07,-1.39811176e+01,-2.58033248e+00,-1.14007851e+01,1.00007795e-09
25,6.45768674e-01,2.04631745e-08,96,8,1,25,normal_corr_dominates,4.63127139e+00,1.00000000e+00,2.50000094e+07,9.36988753e+00,-2.58033248e+00,1.19502200e+01,1.00005923e-09
25,6.45768674e-01,2.04631745e-08,96,8,1,25,corr_ratio_high,5.23438051e-01,5.00000000e-01,2.50000094e+07,9.36988753e+00,-2.58033248e+00,1.19502200e+01,1.00005923e-09
25,6.45768674e-01,2.04631745e-08,96,8,2,26,normal_corr_dominates,2.95861534e+00,1.00000000e+00,2.50000051e+07,5.05387878e+00,-2.58033248e+00,7.63421126e+00,1.00008877e-09
25,6.45768674e-01,2.04631745e-08,96,9,0,27,normal_corr_dominates,1.31084097e+00,1.00000000e+00,2.50000020e+07,2.03256916e+00,-6.53893584e+00,8.57150500e+00,1.00011493e-09
25,6.45768674e-01,2.04631745e-08,96,9,1,28,normal_corr_dominates,2.14491153e+00,1.00000000e+00,2.49999794e+07,-2.05643747e+01,-6.53893584e+00,-1.40254389e+01,1.00008909e-09
25,6.45768674e-01,2.04631745e-08,96,9,2,29,normal_corr_dominates,2.46157581e+00,1.00000000e+00,2.49999774e+07,-2.26350221e+01,-6.53893584e+00,-1.60960863e+01,1.00009060e-09
25,6.45768674e-01,2.04631745e-08,96,10,0,30,normal_corr_dominates,5.23441348e+00,1.00000000e+00,2.50000087e+07,8.74626685e+00,-2.06552027e+00,1.08117871e+01,1.00008948e-09
25,6.45768674e-01,2.04631745e-08,96,10,1,31,normal_corr_dominates,1.06035936e+01,1.00000000e+00,2.50000198e+07,1.98364172e+01,-2.06552027e+00,2.19019375e+01,1.00015259e-09
25,6.45768674e-01,2.04631745e-08,96,10,2,32,normal_corr_dominates,9.41395271e+00,1.00000000e+00,2.49999785e+07,-2.15102304e+01,-2.06552027e+00,-1.94447101e+01,1.00008895e-09
25,6.45768674e-01,2.04631745e-08,96,11,0,33,normal_corr_dominates,2.90696745e+00,1.00000000e+00,2.49999965e+07,-3.53452548e+00,-9.04672363e-01,-2.62985311e+00,1.00012731e-09
25,6.45768674e-01,2.04631745e-08,96,11,1,34,normal_corr_dominates,6.59471504e+00,1.00000000e+00,2.50000051e+07,5.06138407e+00,-9.04672363e-01,5.96605643e+00,1.00011319e-09
25,6.45768674e-01,2.04631745e-08,96,11,2,35,normal_corr_dominates,1.20770427e+01,1.00000000e+00,2.49999882e+07,-1.18304391e+01,-9.04672363e-01,-1.09257668e+01,1.00006251e-09
25,6.45768674e-01,2.04631745e-08,96,11,2,35,corr_ratio_high,1.01891447e+00,5.00000000e-01,2.49999882e+07,-1.18304391e+01,-9.04672363e-01,-1.09257668e+01,1.00006251e-09
25,6.45768674e-01,2.04631745e-08,96,12,1,37,normal_corr_dominates,1.16180541e+00,1.00000000e+00,2.50000017e+07,1.74531210e+00,-1.07864879e+01,1.25318000e+01,1.00007645e-09
25,6.45768674e-01,2.04631745e-08,96,13,0,39,normal_corr_dominates,1.77123260e+00,1.00000000e+00,2.50000043e+07,4.32211434e+00,-5.60416449e+00,9.92627884e+00,1.00006196e-09
25,6.45768674e-01,2.04631745e-08,96,14,0,42,normal_corr_dominates,3.07872760e+00,1.00000000e+00,2.49999957e+07,-4.25503360e+00,-1.04322574e+00,-3.21180787e+00,1.00009168e-09
25,6.45768674e-01,2.04631745e-08,96,14,1,43,normal_corr_dominates,3.12596302e+00,1.00000000e+00,2.49999957e+07,-4.30431081e+00,-1.04322574e+00,-3.26108507e+00,1.00007761e-09
25,6.45768674e-01,2.04631745e-08,96,14,2,44,normal_corr_dominates,1.79364209e+01,1.00000000e+00,2.50000177e+07,1.76685102e+01,-1.04322574e+00,1.87117359e+01,1.00012771e-09
25,6.45768674e-01,2.04631745e-08,96,15,0,45,normal_corr_dominates,1.39395981e+00,1.00000000e+00,2.49999882e+07,-1.17678210e+01,-4.91563014e+00,-6.85219087e+00,1.00007505e-09
25,6.45768674e-01,2.04631745e-08,96,15,1,46,normal_corr_dominates,2.78120129e+00,1.00000000e+00,2.50000088e+07,8.75572674e+00,-4.91563014e+00,1.36713569e+01,1.00007759e-09
25,6.45768674e-01,2.04631745e-08,96,15,2,47,normal_corr_dominates,3.90344679e+00,1.00000000e+00,2.49999759e+07,-2.41035308e+01,-4.91563014e+00,-1.91879007e+01,1.00011209e-09
25,6.45768674e-01,2.04631745e-08,96,16,2,50,normal_corr_dominates,1.01693898e+00,1.00000000e+00,2.50000001e+07,1.44150327e-01,-8.50997459e+00,8.65412492e+00,1.00008013e-09
25,6.45768674e-01,2.04631745e-08,96,17,0,51,corr_ratio_high,5.13586923e-01,5.00000000e-01,2.49999973e+07,-2.70167696e+00,-8.03901160e+00,5.33733464e+00,1.00018892e-09
25,6.45768674e-01,2.04631745e-08,96,17,1,52,normal_corr_dominates,1.23180141e+00,1.00000000e+00,2.50000019e+07,1.86345420e+00,-8.03901160e+00,9.90246579e+00,1.00011759e-09
25,6.45768674e-01,2.04631745e-08,96,17,2,53,corr_ratio_high,2.57572549e+00,5.00000000e-01,2.50000000e+07,-2.47024880e-02,-8.03901160e+00,8.01430911e+00,1.00001861e-09
25,6.45768674e-01,2.04631745e-08,96,18,2,56,normal_corr_dominates,1.00673484e+00,1.00000000e+00,2.50000001e+07,9.84619828e-02,-1.46197850e+01,1.47182470e+01,1.00009466e-09
25,6.45768674e-01,2.04631745e-08,96,19,0,57,normal_corr_dominates,1.48698752e+01,1.00000000e+00,2.49999558e+07,-4.42192331e+01,-2.78636301e+00,-4.14328701e+01,1.00007077e-09
25,6.45768674e-01,2.04631745e-08,96,19,0,57,corr_ratio_high,1.16273150e+00,5.00000000e-01,2.49999558e+07,-4.42192331e+01,-2.78636301e+00,-4.14328701e+01,1.00007077e-09
25,6.45768674e-01,2.04631745e-08,96,19,2,59,normal_corr_dominates,2.33693129e+00,1.00000000e+00,2.50000037e+07,3.72517589e+00,-2.78636301e+00,6.51153890e+00,1.00008113e-09
25,6.45768674e-01,2.04631745e-08,96,20,1,61,normal_corr_dominates,1.04658843e+00,1.00000000e+00,2.50000003e+07,3.27226249e-01,-7.02376608e+00,7.35099233e+00,1.00010810e-09
25,6.45768674e-01,2.04631745e-08,96,20,2,62,normal_corr_dominates,2.48112274e+00,1.00000000e+00,2.49999755e+07,-2.44505919e+01,-7.02376608e+00,-1.74268258e+01,1.00008520e-09
25,6.45768674e-01,2.04631745e-08,96,21,0,63,normal_corr_dominates,1.59689654e+00,1.00000000e+00,2.49999861e+07,-1.38968212e+01,-5.35131879e+00,-8.54550245e+00,1.00008029e-09
25,6.45768674e-01,2.04631745e-08,96,21,1,64,normal_corr_dominates,2.29663577e+00,1.00000000e+00,2.50000069e+07,6.93871134e+00,-5.35131879e+00,1.22900301e+01,1.00008327e-09
25,6.45768674e-01,2.04631745e-08,96,21,2,65,normal_corr_dominates,1.44449055e+00,1.00000000e+00,2.50000024e+07,2.37861065e+00,-5.35131879e+00,7.72992944e+00,1.00009443e-09
25,6.45768674e-01,2.04631745e-08,96,22,0,66,normal_corr_dominates,2.74150580e+00,1.00000000e+00,2.50000098e+07,9.80704383e+00,-5.63135871e+00,1.54384025e+01,1.00011874e-09
25,6.45768674e-01,2.04631745e-08,96,22,1,67,normal_corr_dominates,1.29308636e+00,1.00000000e+00,2.49999871e+07,-1.29131918e+01,-5.63135871e+00,-7.28183312e+00,1.00010291e-09
25,6.45768674e-01,2.04631745e-08,96,22,2,68,corr_ratio_high,1.57210896e+00,5.00000000e-01,2.49999966e+07,-3.40819775e+00,-5.63135871e+00,2.22316096e+00,1.00004321e-09
25,6.45768674e-01,2.04631745e-08,96,23,0,69,normal_corr_dominates,8.19799946e+00,1.00000000e+00,2.49999955e+07,-4.51462655e+00,-4.90827008e-01,-4.02379954e+00,1.00010796e-09
25,6.45768674e-01,2.04631745e-08,96,23,1,70,normal_corr_dominates,5.69683849e+00,1.00000000e+00,2.49999967e+07,-3.28698920e+00,-4.90827008e-01,-2.79616219e+00,1.00008690e-09
25,6.45768674e-01,2.04631745e-08,96,23,2,71,normal_corr_dominates,3.17798898e+01,1.00000000e+00,2.50000151e+07,1.51076012e+01,-4.90827008e-01,1.55984282e+01,1.00011166e-09
25,6.45768674e-01,2.04631745e-08,96,24,1,73,corr_ratio_high,5.81080386e-01,5.00000000e-01,2.49999964e+07,-3.56748169e+00,-9.38486781e+00,5.81738612e+00,1.00006275e-09
25,6.45768674e-01,2.04631745e-08,96,24,2,74,normal_corr_dominates,1.08130529e+00,1.00000000e+00,2.49999805e+07,-1.95327750e+01,-9.38486781e+00,-1.01479072e+01,1.00009429e-09
25,6.45768674e-01,2.04631745e-08,96,26,0,78,normal_corr_dominates,5.29777738e+00,1.00000000e+00,2.50000135e+07,1.35323076e+01,-3.14867579e+00,1.66809833e+01,1.00016455e-09
25,6.45768674e-01,2.04631745e-08,96,26,1,79,normal_corr_dominates,1.85266965e+00,1.00000000e+00,2.49999910e+07,-8.98213185e+00,-3.14867579e+00,-5.83345606e+00,1.00009018e-09
25,6.45768674e-01,2.04631745e-08,96,26,2,80,normal_corr_dominates,4.32281272e+00,1.00000000e+00,2.49999832e+07,-1.67598115e+01,-3.14867579e+00,-1.36111357e+01,1.00005194e-09
25,6.45768674e-01,2.04631745e-08,96,26,2,80,corr_ratio_high,1.22463378e+00,5.00000000e-01,2.49999832e+07,-1.67598115e+01,-3.14867579e+00,-1.36111357e+01,1.00005194e-09
25,6.45768674e-01,2.04631745e-08,96,27,0,81,normal_corr_dominates,4.35560779e+00,1.00000000e+00,2.49999849e+07,-1.51002400e+01,-2.81951939e+00,-1.22807206e+01,1.00008065e-09
25,6.45768674e-01,2.04631745e-08,96,27,1,82,normal_corr_dominates,2.72605938e+00,1.00000000e+00,2.50000049e+07,4.86665788e+00,-2.81951939e+00,7.68617727e+00,1.00007809e-09
25,6.45768674e-01,2.04631745e-08,96,29,0,87,normal_corr_dominates,1.03423621e+01,1.00000000e+00,2.49999589e+07,-4.10875671e+01,-3.62248767e+00,-3.74650794e+01,1.00007405e-09
25,6.45768674e-01,2.04631745e-08,96,29,0,87,corr_ratio_high,8.84253543e-01,5.00000000e-01,2.49999589e+07,-4.10875671e+01,-3.62248767e+00,-3.74650794e+01,1.00007405e-09
25,6.45768674e-01,2.04631745e-08,96,29,1,88,normal_corr_dominates,5.68347461e+00,1.00000000e+00,2.49999758e+07,-2.42108044e+01,-3.62248767e+00,-2.05883167e+01,1.00009473e-09
25,6.45768674e-01,2.04631745e-08,96,29,2,89,normal_corr_dominates,3.25576232e+00,1.00000000e+00,2.50000082e+07,8.17147119e+00,-3.62248767e+00,1.17939589e+01,1.00008449e-09
25,6.45768674e-01,2.04631745e-08,96,30,2,92,normal_corr_dominates,1.40129424e+00,1.00000000e+00,2.49999758e+07,-2.41543554e+01,-1.00588903e+01,-1.40954650e+01,1.00010040e-09
25,6.45768674e-01,2.04631745e-08,96,31,0,93,normal_corr_dominates,1.51529856e+00,1.00000000e+00,2.49999890e+07,-1.09502071e+01,-4.35344229e+00,-6.59676483e+00,1.00008295e-09
25,6.45768674e-01,2.04631745e-08,96,31,1,94,normal_corr_dominates,1.37116878e+00,1.00000000e+00,2.50000016e+07,1.61586188e+00,-4.35344229e+00,5.96930418e+00,1.00010148e-09
25,6.45768674e-01,2.04631745e-08,96,31,2,95,normal_corr_dominates,1.97107419e+00,1.00000000e+00,2.50000042e+07,4.22751547e+00,-4.35344229e+00,8.58095776e+00,1.00007634e-09
25,6.45768674e-01,2.04631745e-08,96,32,1,97,normal_corr_dominates,2.35034277e+00,1.00000000e+00,2.49999862e+07,-1.37869034e+01,-4.11507250e+00,-9.67183089e+00,1.00007218e-09
25,6.45768674e-01,2.04631745e-08,96,33,0,99,normal_corr_dominates,5.42254040e+00,1.00000000e+00,2.49999793e+07,-2.06855744e+01,-3.22077762e+00,-1.74647968e+01,1.00008310e-09
25,6.45768674e-01,2.04631745e-08,96,33,1,100,normal_corr_dominates,1.33042096e+00,1.00000000e+00,2.49999925e+07,-7.50576768e+00,-3.22077762e+00,-4.28499006e+00,1.00008485e-09
25,6.45768674e-01,2.04631745e-08,96,33,2,101,normal_corr_dominates,3.23384804e+00,1.00000000e+00,2.50000072e+07,7.19472776e+00,-3.22077762e+00,1.04155054e+01,1.00008418e-09
25,6.45768674e-01,2.04631745e-08,96,34,0,102,normal_corr_dominates,2.23105500e+00,1.00000000e+00,2.49999757e+07,-2.43192037e+01,-7.52670683e+00,-1.67924969e+01,1.00007001e-09
25,6.45768674e-01,2.04631745e-08,96,34,1,103,normal_corr_dominates,2.05563190e+00,1.00000000e+00,2.50000079e+07,7.94543187e+00,-7.52670683e+00,1.54721387e+01,1.00006566e-09
25,6.45768674e-01,2.04631745e-08,96,35,0,105,normal_corr_dominates,3.80356831e+01,1.00000000e+00,2.50000293e+07,2.93070947e+01,-7.91320483e-01,3.00984151e+01,1.00012546e-09
25,6.45768674e-01,2.04631745e-08,96,35,1,106,normal_corr_dominates,1.95374628e+01,1.00000000e+00,2.49999837e+07,-1.62517150e+01,-7.91320483e-01,-1.54603945e+01,1.00017407e-09
25,6.45768674e-01,2.04631745e-08,96,35,2,107,normal_corr_dominates,3.94661926e+01,1.00000000e+00,2.49999680e+07,-3.20217271e+01,-7.91320483e-01,-3.12304066e+01,1.00002886e-09
25,6.45768674e-01,2.04631745e-08,96,35,2,107,corr_ratio_high,4.24291892e+00,5.00000000e-01,2.49999680e+07,-3.20217271e+01,-7.91320483e-01,-3.12304066e+01,1.00002886e-09
25,6.45768674e-01,2.04631745e-08,96,36,1,109,corr_ratio_high,7.25518389e-01,5.00000000e-01,2.49999835e+07,-1.64822849e+01,-1.37473567e+01,-2.73492829e+00,1.00005373e-09
25,6.45768674e-01,2.04631745e-08,96,37,0,111,normal_corr_dominates,1.89179879e+00,1.00000000e+00,2.50000025e+07,2.52559077e+00,-2.83201861e+00,5.35760938e+00,1.00008844e-09
25,6.45768674e-01,2.04631745e-08,96,37,2,113,normal_corr_dominates,2.71543259e+00,1.00000000e+00,2.50000049e+07,4.85813702e+00,-2.83201861e+00,7.69015563e+00,1.00006301e-09
26,6.70721878e-01,2.12538938e-08,96,0,0,0,corr_ratio_high,9.35535190e-01,5.00000000e-01,2.49999838e+07,-1.62073328e+01,-1.18244050e+01,-4.38292785e+00,1.00005410e-09
26,6.70721878e-01,2.12538938e-08,96,0,2,2,normal_corr_dominates,1.13569835e+00,1.00000000e+00,2.50000016e+07,1.60455221e+00,-1.18244050e+01,1.34289572e+01,1.00009081e-09
26,6.70721878e-01,2.12538938e-08,96,1,0,3,normal_corr_dominates,8.30247210e+00,1.00000000e+00,2.50000138e+07,1.37884508e+01,-1.88818945e+00,1.56766402e+01,1.00011451e-09
26,6.70721878e-01,2.12538938e-08,96,1,1,4,normal_corr_dominates,8.95156146e+00,1.00000000e+00,2.49999812e+07,-1.87904333e+01,-1.88818945e+00,-1.69022439e+01,1.00007288e-09
26,6.70721878e-01,2.12538938e-08,96,1,1,4,corr_ratio_high,8.74404088e-01,5.00000000e-01,2.49999812e+07,-1.87904333e+01,-1.88818945e+00,-1.69022439e+01,1.00007288e-09
26,6.70721878e-01,2.12538938e-08,96,1,2,5,normal_corr_dominates,6.60318099e+00,1.00000000e+00,2.49999856e+07,-1.43562461e+01,-1.88818945e+00,-1.24680567e+01,1.00010603e-09
26,6.70721878e-01,2.12538938e-08,96,2,0,6,normal_corr_dominates,1.15300503e+00,1.00000000e+00,2.50000009e+07,8.68905325e-01,-5.67893296e+00,6.54783828e+00,1.00008085e-09
26,6.70721878e-01,2.12538938e-08,96,2,0,6,corr_ratio_high,5.85997619e-01,5.00000000e-01,2.50000009e+07,8.68905325e-01,-5.67893296e+00,6.54783828e+00,1.00008085e-09
26,6.70721878e-01,2.12538938e-08,96,2,1,7,normal_corr_dominates,3.60945735e+00,1.00000000e+00,2.49999738e+07,-2.61767993e+01,-5.67893296e+00,-2.04978663e+01,1.00009589e-09
26,6.70721878e-01,2.12538938e-08,96,2,2,8,normal_corr_dominates,3.75772948e+00,1.00000000e+00,2.50000157e+07,1.56609608e+01,-5.67893296e+00,2.13398938e+01,1.00014672e-09
26,6.70721878e-01,2.12538938e-08,96,3,0,9,normal_corr_dominates,1.73949599e+01,1.00000000e+00,2.49999694e+07,-3.06392655e+01,-1.66563372e+00,-2.89736317e+01,1.00022194e-09
26,6.70721878e-01,2.12538938e-08,96,3,0,9,corr_ratio_high,5.86254426e-01,5.00000000e-01,2.49999694e+07,-3.06392655e+01,-1.66563372e+00,-2.89736317e+01,1.00022194e-09
26,6.70721878e-01,2.12538938e-08,96,3,1,10,normal_corr_dominates,8.56316402e+00,1.00000000e+00,2.49999841e+07,-1.59287285e+01,-1.66563372e+00,-1.42630948e+01,1.00005896e-09
26,6.70721878e-01,2.12538938e-08,96,3,1,10,corr_ratio_high,8.55676954e-01,5.00000000e-01,2.49999841e+07,-1.59287285e+01,-1.66563372e+00,-1.42630948e+01,1.00005896e-09
26,6.70721878e-01,2.12538938e-08,96,3,2,11,normal_corr_dominates,1.09084280e+01,1.00000000e+00,2.50000165e+07,1.65038118e+01,-1.66563372e+00,1.81694456e+01,1.00002466e-09
26,6.70721878e-01,2.12538938e-08,96,3,2,11,corr_ratio_high,1.78743233e+00,5.00000000e-01,2.50000165e+07,1.65038118e+01,-1.66563372e+00,1.81694456e+01,1.00002466e-09
26,6.70721878e-01,2.12538938e-08,96,4,0,12,normal_corr_dominates,1.56679009e+00,1.00000000e+00,2.49999966e+07,-3.41651599e+00,-1.33104612e+00,-2.08546987e+00,1.00010241e-09
26,6.70721878e-01,2.12538938e-08,96,4,1,13,normal_corr_dominates,2.79711819e+00,1.00000000e+00,2.50000024e+07,2.39204720e+00,-1.33104612e+00,3.72309333e+00,1.00008720e-09
26,6.70721878e-01,2.12538938e-08,96,4,2,14,normal_corr_dominates,6.80540332e+00,1.00000000e+00,2.50000077e+07,7.72725957e+00,-1.33104612e+00,9.05830569e+00,1.00007109e-09
26,6.70721878e-01,2.12538938e-08,96,5,0,15,normal_corr_dominates,2.13496776e+00,1.00000000e+00,2.50000114e+07,1.14291042e+01,-1.00699814e+01,2.14990855e+01,1.00006386e-09
26,6.70721878e-01,2.12538938e-08,96,5,1,16,normal_corr_dominates,1.41934013e+00,1.00000000e+00,2.49999756e+07,-2.43627100e+01,-1.00699814e+01,-1.42927287e+01,1.00010356e-09
26,6.70721878e-01,2.12538938e-08,96,5,2,17,normal_corr_dominates,1.70839640e+00,1.00000000e+00,2.49999727e+07,-2.72735013e+01,-1.00699814e+01,-1.72035200e+01,1.00010980e-09
26,6.70721878e-01,2.12538938e-08,96,6,1,19,normal_corr_dominates,2.04621603e+00,1.00000000e+00,2.50000070e+07,6.96396791e+00,-6.65633839e+00,1.36203063e+01,1.00006587e-09
26,6.70721878e-01,2.12538938e-08,96,6,2,20,normal_corr_dominates,3.87807145e+00,1.00000000e+00,2.49999675e+07,-3.24700942e+01,-6.65633839e+00,-2.58137558e+01,1.00013396e-09
26,6.70721878e-01,2.12538938e-08,96,7,0,21,normal_corr_dominates,6.87600495e+01,1.00000000e+00,2.49999870e+07,-1.29824536e+01,-1.86101554e-01,-1.27963521e+01,1.00008469e-09
26,6.70721878e-01,2.12538938e-08,96,7,1,22,normal_corr_dominates,4.26343255e+01,1.00000000e+00,2.49999919e+07,-8.12041580e+00,-1.86101554e-01,-7.93431425e+00,1.00011393e-09
26,6.70721878e-01,2.12538938e-08,96,7,2,23,normal_corr_dominates,1.10719294e+02,1.00000000e+00,2.50000204e+07,2.04189312e+01,-1.86101554e-01,2.06050328e+01,1.00010767e-09
26,6.70721878e-01,2.12538938e-08,96,8,0,24,normal_corr_dominates,4.41593484e+00,1.00000000e+00,2.49999855e+07,-1.44866236e+01,-2.67481497e+00,-1.18118086e+01,1.00008078e-09
26,6.70721878e-01,2.12538938e-08,96,8,1,25,normal_corr_dominates,4.62883082e+00,1.00000000e+00,2.50000097e+07,9.70645100e+00,-2.67481497e+00,1.23812660e+01,1.00006138e-09
26,6.70721878e-01,2.12538938e-08,96,8,1,25,corr_ratio_high,5.23357966e-01,5.00000000e-01,2.50000097e+07,9.70645100e+00,-2.67481497e+00,1.23812660e+01,1.00006138e-09
26,6.70721878e-01,2.12538938e-08,96,8,2,26,normal_corr_dominates,2.95687818e+00,1.00000000e+00,2.50000052e+07,5.23428705e+00,-2.67481497e+00,7.90910201e+00,1.00009198e-09
26,6.70721878e-01,2.12538938e-08,96,9,0,27,normal_corr_dominates,1.31056359e+00,1.00000000e+00,2.50000021e+07,2.10472693e+00,-6.77712079e+00,8.88184772e+00,1.00011909e-09
26,6.70721878e-01,2.12538938e-08,96,9,1,28,normal_corr_dominates,2.14437672e+00,1.00000000e+00,2.49999787e+07,-2.13098208e+01,-6.77712079e+00,-1.45327001e+01,1.00009232e-09
26,6.70721878e-01,2.12538938e-08,96,9,2,29,normal_corr_dominates,2.46115765e+00,1.00000000e+00,2.49999765e+07,-2.34566835e+01,-6.77712079e+00,-1.66795627e+01,1.00009388e-09
26,6.70721878e-01,2.12538938e-08,96,10,0,30,normal_corr_dominates,5.23256524e+00,1.00000000e+00,2.50000091e+07,9.06086952e+00,-2.14075130e+00,1.12016208e+01,1.00009272e-09
26,6.70721878e-01,2.12538938e-08,96,10,1,31,normal_corr_dominates,1.06016761e+01,1.00000000e+00,2.50000206e+07,2.05548006e+01,-2.14075130e+00,2.26955519e+01,1.00015812e-09
26,6.70721878e-01,2.12538938e-08,96,10,2,32,normal_corr_dominates,9.41132251e+00,1.00000000e+00,2.49999777e+07,-2.22880522e+01,-2.14075130e+00,-2.01473009e+01,1.00009217e-09
26,6.70721878e-01,2.12538938e-08,96,11,0,33,normal_corr_dominates,2.90907846e+00,1.00000000e+00,2.49999963e+07,-3.66262111e+00,-9.36952569e-01,-2.72566854e+00,1.00013191e-09
26,6.70721878e-01,2.12538938e-08,96,11,1,34,normal_corr_dominates,6.59726202e+00,1.00000000e+00,2.50000052e+07,5.24436903e+00,-9.36952569e-01,6.18132159e+00,1.00011729e-09
26,6.70721878e-01,2.12538938e-08,96,11,2,35,normal_corr_dominates,1.20856187e+01,1.00000000e+00,2.49999877e+07,-1.22606041e+01,-9.36952569e-01,-1.13236515e+01,1.00006478e-09
26,6.70721878e-01,2.12538938e-08,96,11,2,35,corr_ratio_high,1.01884122e+00,5.00000000e-01,2.49999877e+07,-1.22606041e+01,-9.36952569e-01,-1.13236515e+01,1.00006478e-09
26,6.70721878e-01,2.12538938e-08,96,12,1,37,normal_corr_dominates,1.16153778e+00,1.00000000e+00,2.50000018e+07,1.80576471e+00,-1.11785903e+01,1.29843551e+01,1.00007922e-09
26,6.70721878e-01,2.12538938e-08,96,13,0,39,normal_corr_dominates,1.77081390e+00,1.00000000e+00,2.50000045e+07,4.47713326e+00,-5.80831931e+00,1.02854526e+01,1.00006421e-09
26,6.70721878e-01,2.12538938e-08,96,14,0,42,normal_corr_dominates,3.07650708e+00,1.00000000e+00,2.49999956e+07,-4.40951406e+00,-1.08168929e+00,-3.32782477e+00,1.00009500e-09
26,6.70721878e-01,2.12538938e-08,96,14,1,43,normal_corr_dominates,3.12412248e+00,1.00000000e+00,2.49999955e+07,-4.46101913e+00,-1.08168929e+00,-3.37932984e+00,1.00008042e-09
26,6.70721878e-01,2.12538938e-08,96,14,2,44,normal_corr_dominates,1.79255145e+01,1.00000000e+00,2.50000183e+07,1.83081478e+01,-1.08168929e+00,1.93898371e+01,1.00013233e-09
26,6.70721878e-01,2.12538938e-08,96,15,0,45,normal_corr_dominates,1.39337234e+00,1.00000000e+00,2.49999878e+07,-1.21937180e+01,-5.09478519e+00,-7.09893277e+00,1.00007777e-09
26,6.70721878e-01,2.12538938e-08,96,15,1,46,normal_corr_dominates,2.78041986e+00,1.00000000e+00,2.50000091e+07,9.07085672e+00,-5.09478519e+00,1.41656419e+01,1.00008040e-09
26,6.70721878e-01,2.12538938e-08,96,15,2,47,normal_corr_dominates,3.90270581e+00,1.00000000e+00,2.49999750e+07,-2.49782329e+01,-5.09478519e+00,-1.98834477e+01,1.00011615e-09
26,6.70721878e-01,2.12538938e-08,96,16,2,50,normal_corr_dominates,1.01656418e+00,1.00000000e+00,2.50000001e+07,1.46085253e-01,-8.81934636e+00,8.96543161e+00,1.00008304e-09
26,6.70721878e-01,2.12538938e-08,96,17,0,51,corr_ratio_high,5.13566832e-01,5.00000000e-01,2.49999972e+07,-2.79986817e+00,-8.33207398e+00,5.53220581e+00,1.00019575e-09
26,6.70721878e-01,2.12538938e-08,96,17,1,52,normal_corr_dominates,1.23116707e+00,1.00000000e+00,2.50000019e+07,1.92610110e+00,-8.33207398e+00,1.02581751e+01,1.00012186e-09
26,6.70721878e-01,2.12538938e-08,96,17,2,53,corr_ratio_high,2.57534634e+00,5.00000000e-01,2.50000000e+07,-2.71036013e-02,-8.33207398e+00,8.30497038e+00,1.00001929e-09
26,6.70721878e-01,2.12538938e-08,96,18,2,56,normal_corr_dominates,1.00655474e+00,1.00000000e+00,2.50000001e+07,9.93087330e-02,-1.51506810e+01,1.52499897e+01,1.00009809e-09
26,6.70721878e-01,2.12538938e-08,96,19,0,57,normal_corr_dominates,1.48667804e+01,1.00000000e+00,2.49999542e+07,-4.58213812e+01,-2.88788148e+00,-4.29334997e+01,1.00007333e-09
26,6.70721878e-01,2.12538938e-08,96,19,0,57,corr_ratio_high,1.16258039e+00,5.00000000e-01,2.49999542e+07,-4.58213812e+01,-2.88788148e+00,-4.29334997e+01,1.00007333e-09
26,6.70721878e-01,2.12538938e-08,96,19,2,59,normal_corr_dominates,2.33679435e+00,1.00000000e+00,2.50000039e+07,3.86050364e+00,-2.88788148e+00,6.74838512e+00,1.00008408e-09
26,6.70721878e-01,2.12538938e-08,96,20,1,61,normal_corr_dominates,1.04635145e+00,1.00000000e+00,2.50000003e+07,3.37420766e-01,-7.27961592e+00,7.61703668e+00,1.00011201e-09
26,6.70721878e-01,2.12538938e-08,96,20,2,62,normal_corr_dominates,2.48057004e+00,1.00000000e+00,2.49999747e+07,-2.53372131e+01,-7.27961592e+00,-1.80575971e+01,1.00008829e-09
26,6.70721878e-01,2.12538938e-08,96,21,0,63,normal_corr_dominates,1.59634525e+00,1.00000000e+00,2.49999856e+07,-1.44002258e+01,-5.54634473e+00,-8.85388109e+00,1.00008320e-09
26,6.70721878e-01,2.12538938e-08,96,21,1,64,normal_corr_dominates,2.29594627e+00,1.00000000e+00,2.50000072e+07,7.18776475e+00,-5.54634473e+00,1.27341095e+01,1.00008629e-09
26,6.70721878e-01,2.12538938e-08,96,21,2,65,normal_corr_dominates,1.44394518e+00,1.00000000e+00,2.50000025e+07,2.46227301e+00,-5.54634473e+00,8.00861774e+00,1.00009785e-09
26,6.70721878e-01,2.12538938e-08,96,22,0,66,normal_corr_dominates,2.74027702e+00,1.00000000e+00,2.50000102e+07,1.01580230e+01,-5.83701494e+00,1.59950379e+01,1.00012305e-09
26,6.70721878e-01,2.12538938e-08,96,22,1,67,normal_corr_dominates,1.29268476e+00,1.00000000e+00,2.49999866e+07,-1.33824352e+01,-5.83701494e+00,-7.54542027e+00,1.00010664e-09
26,6.70721878e-01,2.12538938e-08,96,22,2,68,corr_ratio_high,1.57201739e+00,5.00000000e-01,2.49999965e+07,-3.53239463e+00,-5.83701494e+00,2.30462031e+00,1.00004477e-09
26,6.70721878e-01,2.12538938e-08,96,23,0,69,normal_corr_dominates,8.18619261e+00,1.00000000e+00,2.49999953e+07,-4.67749330e+00,-5.09187375e-01,-4.16830592e+00,1.00011187e-09
26,6.70721878e-01,2.12538938e-08,96,23,1,70,normal_corr_dominates,5.68952560e+00,1.00000000e+00,2.49999966e+07,-3.40622198e+00,-5.09187375e-01,-2.89703461e+00,1.00009004e-09
26,6.70721878e-01,2.12538938e-08,96,23,2,71,normal_corr_dominates,3.17442214e+01,1.00000000e+00,2.50000157e+07,1.56545694e+01,-5.09187375e-01,1.61637568e+01,1.00011570e-09
26,6.70721878e-01,2.12538938e-08,96,24,1,73,corr_ratio_high,5.81104285e-01,5.00000000e-01,2.49999963e+07,-3.69827009e+00,-9.72615858e+00,6.02788850e+00,1.00006502e-09
26,6.70721878e-01,2.12538938e-08,96,24,2,74,normal_corr_dominates,1.08119685e+00,1.00000000e+00,2.49999798e+07,-2.02420506e+01,-9.72615858e+00,-1.05158920e+01,1.00009771e-09
26,6.70721878e-01,2.12538938e-08,96,26,0,78,normal_corr_dominates,5.29654572e+00,1.00000000e+00,2.50000140e+07,1.40213116e+01,-3.26339169e+00,1.72847033e+01,1.00017051e-09
26,6.70721878e-01,2.12538938e-08,96,26,1,79,normal_corr_dominates,1.85201630e+00,1.00000000e+00,2.49999907e+07,-9.30724631e+00,-3.26339169e+00,-6.04385461e+00,1.00009345e-09
26,6.70721878e-01,2.12538938e-08,96,26,2,80,normal_corr_dominates,4.32155573e+00,1.00000000e+00,2.49999826e+07,-1.73663208e+01,-3.26339169e+00,-1.41029291e+01,1.00005382e-09
26,6.70721878e-01,2.12538938e-08,96,26,2,80,corr_ratio_high,1.22438786e+00,5.00000000e-01,2.49999826e+07,-1.73663208e+01,-3.26339169e+00,-1.41029291e+01,1.00005382e-09
26,6.70721878e-01,2.12538938e-08,96,27,0,81,normal_corr_dominates,4.35399835e+00,1.00000000e+00,2.49999844e+07,-1.56463486e+01,-2.92236710e+00,-1.27239815e+01,1.00008357e-09
26,6.70721878e-01,2.12538938e-08,96,27,1,82,normal_corr_dominates,2.72617978e+00,1.00000000e+00,2.50000050e+07,5.04453099e+00,-2.92236710e+00,7.96689810e+00,1.00008092e-09
26,6.70721878e-01,2.12538938e-08,96,29,0,87,normal_corr_dominates,1.03395025e+01,1.00000000e+00,2.49999574e+07,-4.25756234e+01,-3.75462886e+00,-3.88209945e+01,1.00007674e-09
26,6.70721878e-01,2.12538938e-08,96,29,0,87,corr_ratio_high,8.84272637e-01,5.00000000e-01,2.49999574e+07,-4.25756234e+01,-3.75462886e+00,-3.88209945e+01,1.00007674e-09
26,6.70721878e-01,2.12538938e-08,96,29,1,88,normal_corr_dominates,5.68184642e+00,1.00000000e+00,2.49999749e+07,-2.50878534e+01,-3.75462886e+00,-2.13332246e+01,1.00009817e-09
26,6.70721878e-01,2.12538938e-08,96,29,2,89,normal_corr_dominates,3.25498166e+00,1.00000000e+00,2.50000085e+07,8.46661925e+00,-3.75462886e+00,1.22212481e+01,1.00008755e-09
26,6.70721878e-01,2.12538938e-08,96,30,2,92,normal_corr_dominates,1.40109362e+00,1.00000000e+00,2.49999750e+07,-2.50298869e+01,-1.04243694e+01,-1.46055175e+01,1.00010404e-09
26,6.70721878e-01,2.12538938e-08,96,31,0,93,normal_corr_dominates,1.51476135e+00,1.00000000e+00,2.49999887e+07,-1.13470884e+01,-4.51219295e+00,-6.83489548e+00,1.00008596e-09
26,6.70721878e-01,2.12538938e-08,96,31,1,94,normal_corr_dominates,1.37053426e+00,1.00000000e+00,2.50000017e+07,1.67192210e+00,-4.51219295e+00,6.18411505e+00,1.00010516e-09
26,6.70721878e-01,2.12538938e-08,96,31,2,95,normal_corr_dominates,1.97066312e+00,1.00000000e+00,2.50000044e+07,4.37981927e+00,-4.51219295e+00,8.89201222e+00,1.00007911e-09
26,6.70721878e-01,2.12538938e-08,96,32,1,97,normal_corr_dominates,2.34970535e+00,1.00000000e+00,2.49999857e+07,-1.42857585e+01,-4.26478063e+00,-1.00209778e+01,1.00007479e-09
26,6.70721878e-01,2.12538938e-08,96,33,0,99,normal_corr_dominates,5.42094044e+00,1.00000000e+00,2.49999786e+07,-2.14349977e+01,-3.33829567e+00,-1.80967020e+01,1.00008611e-09
26,6.70721878e-01,2.12538938e-08,96,33,1,100,normal_corr_dominates,1.32980068e+00,1.00000000e+00,2.49999922e+07,-7.77756353e+00,-3.33829567e+00,-4.43926785e+00,1.00008793e-09
26,6.70721878e-01,2.12538938e-08,96,33,2,101,normal_corr_dominates,3.23306084e+00,1.00000000e+00,2.50000075e+07,7.45461734e+00,-3.33829567e+00,1.07929130e+01,1.00008723e-09
26,6.70721878e-01,2.12538938e-08,96,34,0,102,normal_corr_dominates,2.23070802e+00,1.00000000e+00,2.49999748e+07,-2.52017395e+01,-7.80068622e+00,-1.74010533e+01,1.00007255e-09
26,6.70721878e-01,2.12538938e-08,96,34,1,103,normal_corr_dominates,2.05521923e+00,1.00000000e+00,2.50000082e+07,8.23143407e+00,-7.80068622e+00,1.60321203e+01,1.00006804e-09
26,6.70721878e-01,2.12538938e-08,96,35,0,105,normal_corr_dominates,3.79972570e+01,1.00000000e+00,2.50000304e+07,3.03671803e+01,-8.20795453e-01,3.11879758e+01,1.00013000e-09
26,6.70721878e-01,2.12538938e-08,96,35,1,106,normal_corr_dominates,1.95180866e+01,1.00000000e+00,2.49999832e+07,-1.68411521e+01,-8.20795453e-01,-1.60203567e+01,1.00018037e-09
26,6.70721878e-01,2.12538938e-08,96,35,2,107,normal_corr_dominates,3.94241296e+01,1.00000000e+00,2.49999668e+07,-3.31799417e+01,-8.20795453e-01,-3.23591463e+01,1.00002991e-09
26,6.70721878e-01,2.12538938e-08,96,35,2,107,corr_ratio_high,4.24177269e+00,5.00000000e-01,2.49999668e+07,-3.31799417e+01,-8.20795453e-01,-3.23591463e+01,1.00002991e-09
26,6.70721878e-01,2.12538938e-08,96,36,1,109,corr_ratio_high,7.25484102e-01,5.00000000e-01,2.49999829e+07,-1.70814618e+01,-1.42466216e+01,-2.83484024e+00,1.00005568e-09
26,6.70721878e-01,2.12538938e-08,96,37,0,111,normal_corr_dominates,1.89212646e+00,1.00000000e+00,2.50000026e+07,2.61877636e+00,-2.93543177e+00,5.55420814e+00,1.00009163e-09
26,6.70721878e-01,2.12538938e-08,96,37,2,113,normal_corr_dominates,2.71483848e+00,1.00000000e+00,2.50000050e+07,5.03379135e+00,-2.93543177e+00,7.96922312e+00,1.00006530e-09
27,6.93628176e-01,2.19797506e-08,96,0,0,0,corr_ratio_high,9.35455478e-01,5.00000000e-01,2.49999833e+07,-1.67274758e+01,-1.22038954e+01,-4.52358041e+00,1.00005584e-09
27,6.93628176e-01,2.19797506e-08,96,0,2,2,normal_corr_dominates,1.13548976e+00,1.00000000e+00,2.50000017e+07,1.65350291e+00,-1.22038954e+01,1.38573983e+01,1.00009372e-09
27,6.93628176e-01,2.19797506e-08,96,1,0,3,normal_corr_dominates,8.30224588e+00,1.00000000e+00,2.50000142e+07,1.42287474e+01,-1.94854400e+00,1.61772914e+01,1.00011817e-09
27,6.93628176e-01,2.19797506e-08,96,1,1,4,normal_corr_dominates,8.95359364e+00,1.00000000e+00,2.49999806e+07,-1.93950152e+01,-1.94854400e+00,-1.74464712e+01,1.00007521e-09
27,6.93628176e-01,2.19797506e-08,96,1,1,4,corr_ratio_high,8.74469970e-01,5.00000000e-01,2.49999806e+07,-1.93950152e+01,-1.94854400e+00,-1.74464712e+01,1.00007521e-09
27,6.93628176e-01,2.19797506e-08,96,1,2,5,normal_corr_dominates,6.60238389e+00,1.00000000e+00,2.49999852e+07,-1.48135795e+01,-1.94854400e+00,-1.28650355e+01,1.00010943e-09
27,6.93628176e-01,2.19797506e-08,96,2,0,6,normal_corr_dominates,1.15236217e+00,1.00000000e+00,2.50000009e+07,8.92987626e-01,-5.86095359e+00,6.75394121e+00,1.00008343e-09
27,6.93628176e-01,2.19797506e-08,96,2,0,6,corr_ratio_high,5.86058038e-01,5.00000000e-01,2.50000009e+07,8.92987626e-01,-5.86095359e+00,6.75394121e+00,1.00008343e-09
27,6.93628176e-01,2.19797506e-08,96,2,1,7,normal_corr_dominates,3.60897061e+00,1.00000000e+00,2.49999730e+07,-2.70129628e+01,-5.86095359e+00,-2.11520092e+01,1.00009896e-09
27,6.93628176e-01,2.19797506e-08,96,2,2,8,normal_corr_dominates,3.75770468e+00,1.00000000e+00,2.50000162e+07,1.61627792e+01,-5.86095359e+00,2.20237327e+01,1.00015141e-09
27,6.93628176e-01,2.19797506e-08,96,3,0,9,normal_corr_dominates,1.73854121e+01,1.00000000e+00,2.49999684e+07,-3.16197582e+01,-1.71982864e+00,-2.98999296e+01,1.00022904e-09
27,6.93628176e-01,2.19797506e-08,96,3,0,9,corr_ratio_high,5.86249634e-01,5.00000000e-01,2.49999684e+07,-3.16197582e+01,-1.71982864e+00,-2.98999296e+01,1.00022904e-09
27,6.93628176e-01,2.19797506e-08,96,3,1,10,normal_corr_dominates,8.55741217e+00,1.00000000e+00,2.49999836e+07,-1.64371111e+01,-1.71982864e+00,-1.47172825e+01,1.00006084e-09
27,6.93628176e-01,2.19797506e-08,96,3,1,10,corr_ratio_high,8.55674163e-01,5.00000000e-01,2.49999836e+07,-1.64371111e+01,-1.71982864e+00,-1.47172825e+01,1.00006084e-09
27,6.93628176e-01,2.19797506e-08,96,3,2,11,normal_corr_dominates,1.09017720e+01,1.00000000e+00,2.50000170e+07,1.70293511e+01,-1.71982864e+00,1.87491797e+01,1.00002546e-09
27,6.93628176e-01,2.19797506e-08,96,3,2,11,corr_ratio_high,1.78705943e+00,5.00000000e-01,2.50000170e+07,1.70293511e+01,-1.71982864e+00,1.87491797e+01,1.00002546e-09
27,6.93628176e-01,2.19797506e-08,96,4,0,12,normal_corr_dominates,1.56532029e+00,1.00000000e+00,2.49999965e+07,-3.52554167e+00,-1.37430858e+00,-2.15123310e+00,1.00010568e-09
27,6.93628176e-01,2.19797506e-08,96,4,1,13,normal_corr_dominates,2.79515183e+00,1.00000000e+00,2.50000025e+07,2.46709255e+00,-1.37430858e+00,3.84140113e+00,1.00008998e-09
27,6.93628176e-01,2.19797506e-08,96,4,2,14,normal_corr_dominates,6.80250918e+00,1.00000000e+00,2.50000080e+07,7.97443814e+00,-1.37430858e+00,9.34874672e+00,1.00007337e-09
27,6.93628176e-01,2.19797506e-08,96,5,0,15,normal_corr_dominates,2.13457571e+00,1.00000000e+00,2.50000118e+07,1.17919953e+01,-1.03933085e+01,2.21853037e+01,1.00006590e-09
27,6.93628176e-01,2.19797506e-08,96,5,1,16,normal_corr_dominates,1.41905281e+00,1.00000000e+00,2.49999749e+07,-2.51419621e+01,-1.03933085e+01,-1.47486536e+01,1.00010688e-09
27,6.93628176e-01,2.19797506e-08,96,5,2,17,normal_corr_dominates,1.70829805e+00,1.00000000e+00,2.49999719e+07,-2.81481770e+01,-1.03933085e+01,-1.77548685e+01,1.00011331e-09
27,6.93628176e-01,2.19797506e-08,96,6,1,19,normal_corr_dominates,2.04560715e+00,1.00000000e+00,2.50000072e+07,7.18358983e+00,-6.87025698e+00,1.40538468e+01,1.00006798e-09
27,6.93628176e-01,2.19797506e-08,96,6,2,20,normal_corr_dominates,3.87756638e+00,1.00000000e+00,2.49999665e+07,-3.35101345e+01,-6.87025698e+00,-2.66398775e+01,1.00013825e-09
27,6.93628176e-01,2.19797506e-08,96,7,0,21,normal_corr_dominates,6.87133835e+01,1.00000000e+00,2.49999866e+07,-1.34014033e+01,-1.92235732e-01,-1.32091675e+01,1.00008740e-09
27,6.93628176e-01,2.19797506e-08,96,7,1,22,normal_corr_dominates,4.25774981e+01,1.00000000e+00,2.49999916e+07,-8.37715223e+00,-1.92235732e-01,-8.18491650e+00,1.00011757e-09
27,6.93628176e-01,2.19797506e-08,96,7,2,23,normal_corr_dominates,1.10614523e+02,1.00000000e+00,2.50000211e+07,2.10718280e+01,-1.92235732e-01,2.12640638e+01,1.00011112e-09
27,6.93628176e-01,2.19797506e-08,96,8,0,24,normal_corr_dominates,4.41375982e+00,1.00000000e+00,2.49999851e+07,-1.49492408e+01,-2.76134171e+00,-1.21878991e+01,1.00008336e-09
27,6.93628176e-01,2.19797506e-08,96,8,1,25,normal_corr_dominates,4.62661317e+00,1.00000000e+00,2.50000100e+07,1.00143182e+01,-2.76134171e+00,1.27756599e+01,1.00006335e-09
27,6.93628176e-01,2.19797506e-08,96,8,1,25,corr_ratio_high,5.23285382e-01,5.00000000e-01,2.50000100e+07,1.00143182e+01,-2.76134171e+00,1.27756599e+01,1.00006335e-09
27,6.93628176e-01,2.19797506e-08,96,8,2,26,normal_corr_dominates,2.95530632e+00,1.00000000e+00,2.50000054e+07,5.39926889e+00,-2.76134171e+00,8.16061060e+00,1.00009493e-09
27,6.93628176e-01,2.19797506e-08,96,9,0,27,normal_corr_dominates,1.31031496e+00,1.00000000e+00,2.50000022e+07,2.17070749e+00,-6.99517512e+00,9.16588262e+00,1.00012290e-09
27,6.93628176e-01,2.19797506e-08,96,9,1,28,normal_corr_dominates,2.14389412e+00,1.00000000e+00,2.49999780e+07,-2.19920900e+01,-6.99517512e+00,-1.49969148e+01,1.00009528e-09
27,6.93628176e-01,2.19797506e-08,96,9,2,29,normal_corr_dominates,2.46078062e+00,1.00000000e+00,2.49999758e+07,-2.42087665e+01,-6.99517512e+00,-1.72135914e+01,1.00009688e-09
27,6.93628176e-01,2.19797506e-08,96,10,0,30,normal_corr_dominates,5.23086081e+00,1.00000000e+00,2.50000093e+07,9.34865085e+00,-2.20963328e+00,1.15582841e+01,1.00009568e-09
27,6.93628176e-01,2.19797506e-08,96,10,1,31,normal_corr_dominates,1.05999208e+01,1.00000000e+00,2.50000212e+07,2.12123044e+01,-2.20963328e+00,2.34219377e+01,1.00016318e-09
27,6.93628176e-01,2.19797506e-08,96,10,2,32,normal_corr_dominates,9.40890244e+00,1.00000000e+00,2.49999770e+07,-2.29998572e+01,-2.20963328e+00,-2.07902239e+01,1.00009513e-09
27,6.93628176e-01,2.19797506e-08,96,11,0,33,normal_corr_dominates,2.91092457e+00,1.00000000e+00,2.49999962e+07,-3.77985227e+00,-9.66485598e-01,-2.81336667e+00,1.00013613e-09
27,6.93628176e-01,2.19797506e-08,96,11,1,34,normal_corr_dominates,6.59945791e+00,1.00000000e+00,2.50000054e+07,5.41179543e+00,-9.66485598e-01,6.37828103e+00,1.00012104e-09
27,6.93628176e-01,2.19797506e-08,96,11,2,35,normal_corr_dominates,1.20931992e+01,1.00000000e+00,2.49999873e+07,-1.26543885e+01,-9.66485598e-01,-1.16879029e+01,1.00006685e-09
27,6.93628176e-01,2.19797506e-08,96,11,2,35,corr_ratio_high,1.01877384e+00,5.00000000e-01,2.49999873e+07,-1.26543885e+01,-9.66485598e-01,-1.16879029e+01,1.00006685e-09
27,6.93628176e-01,2.19797506e-08,96,12,1,37,normal_corr_dominates,1.16129519e+00,1.00000000e+00,2.50000019e+07,1.86094654e+00,-1.15375203e+01,1.33984668e+01,1.00008176e-09
27,6.93628176e-01,2.19797506e-08,96,13,0,39,normal_corr_dominates,1.77043584e+00,1.00000000e+00,2.50000046e+07,4.61893423e+00,-5.99522244e+00,1.06141567e+01,1.00006626e-09
27,6.93628176e-01,2.19797506e-08,96,14,0,42,normal_corr_dominates,3.07447370e+00,1.00000000e+00,2.49999954e+07,-4.55091780e+00,-1.11693390e+00,-3.43398390e+00,1.00009804e-09
27,6.93628176e-01,2.19797506e-08,96,14,1,43,normal_corr_dominates,3.12244063e+00,1.00000000e+00,2.49999954e+07,-4.60449370e+00,-1.11693390e+00,-3.48755980e+00,1.00008299e-09
27,6.93628176e-01,2.19797506e-08,96,14,2,44,normal_corr_dominates,1.79155200e+01,1.00000000e+00,2.50000189e+07,1.88935177e+01,-1.11693390e+00,2.00104516e+01,1.00013656e-09
27,6.93628176e-01,2.19797506e-08,96,15,0,45,normal_corr_dominates,1.39284105e+00,1.00000000e+00,2.49999874e+07,-1.25835001e+01,-5.25881153e+00,-7.32468856e+00,1.00008026e-09
27,6.93628176e-01,2.19797506e-08,96,15,1,46,normal_corr_dominates,2.77970886e+00,1.00000000e+00,2.50000094e+07,9.35915349e+00,-5.25881153e+00,1.46179650e+01,1.00008297e-09
27,6.93628176e-01,2.19797506e-08,96,15,2,47,normal_corr_dominates,3.90202706e+00,1.00000000e+00,2.49999742e+07,-2.57788364e+01,-5.25881153e+00,-2.05200249e+01,1.00011987e-09
27,6.93628176e-01,2.19797506e-08,96,16,2,50,normal_corr_dominates,1.01622401e+00,1.00000000e+00,2.50000001e+07,1.47679876e-01,-9.10255047e+00,9.25023035e+00,1.00008570e-09
27,6.93628176e-01,2.19797506e-08,96,17,0,51,corr_ratio_high,5.13548448e-01,5.00000000e-01,2.49999971e+07,-2.88971168e+00,-8.60036809e+00,5.71065641e+00,1.00020200e-09
27,6.93628176e-01,2.19797506e-08,96,17,1,52,normal_corr_dominates,1.23060018e+00,1.00000000e+00,2.50000020e+07,1.98324646e+00,-8.60036809e+00,1.05836146e+01,1.00012576e-09
27,6.93628176e-01,2.19797506e-08,96,17,2,53,corr_ratio_high,2.57500292e+00,5.00000000e-01,2.50000000e+07,-2.94228356e-02,-8.60036809e+00,8.57094526e+00,1.00001991e-09
27,6.93628176e-01,2.19797506e-08,96,18,2,56,normal_corr_dominates,1.00639137e+00,1.00000000e+00,2.50000001e+07,9.99395971e-02,-1.56366364e+01,1.57365760e+01,1.00010123e-09
27,6.93628176e-01,2.19797506e-08,96,19,0,57,normal_corr_dominates,1.48639310e+01,1.00000000e+00,2.49999527e+07,-4.72877338e+01,-2.98083330e+00,-4.43069005e+01,1.00007568e-09
27,6.93628176e-01,2.19797506e-08,96,19,0,57,corr_ratio_high,1.16244359e+00,5.00000000e-01,2.49999527e+07,-4.72877338e+01,-2.98083330e+00,-4.43069005e+01,1.00007568e-09
27,6.93628176e-01,2.19797506e-08,96,19,2,59,normal_corr_dominates,2.33666069e+00,1.00000000e+00,2.50000040e+07,3.98436269e+00,-2.98083330e+00,6.96519599e+00,1.00008677e-09
27,6.93628176e-01,2.19797506e-08,96,20,1,61,normal_corr_dominates,1.04613877e+00,1.00000000e+00,2.50000003e+07,3.46679432e-01,-7.51384218e+00,7.86052161e+00,1.00011560e-09
27,6.93628176e-01,2.19797506e-08,96,20,2,62,normal_corr_dominates,2.48007158e+00,1.00000000e+00,2.49999739e+07,-2.61487086e+01,-7.51384218e+00,-1.86348665e+01,1.00009112e-09
27,6.93628176e-01,2.19797506e-08,96,21,0,63,normal_corr_dominates,1.59584641e+00,1.00000000e+00,2.49999851e+07,-1.48609598e+01,-5.72489950e+00,-9.13606030e+00,1.00008586e-09
27,6.93628176e-01,2.19797506e-08,96,21,1,64,normal_corr_dominates,2.29532051e+00,1.00000000e+00,2.50000074e+07,7.41557973e+00,-5.72489950e+00,1.31404792e+01,1.00008905e-09
27,6.93628176e-01,2.19797506e-08,96,21,2,65,normal_corr_dominates,1.44345176e+00,1.00000000e+00,2.50000025e+07,2.53871674e+00,-5.72489950e+00,8.26361625e+00,1.00010098e-09
27,6.93628176e-01,2.19797506e-08,96,22,0,66,normal_corr_dominates,2.73917842e+00,1.00000000e+00,2.50000105e+07,1.04790829e+01,-6.02530644e+00,1.65043894e+01,1.00012699e-09
27,6.93628176e-01,2.19797506e-08,96,22,1,67,normal_corr_dominates,1.29232487e+00,1.00000000e+00,2.49999862e+07,-1.38119598e+01,-6.02530644e+00,-7.78665337e+00,1.00011005e-09
27,6.93628176e-01,2.19797506e-08,96,22,2,68,corr_ratio_high,1.57193317e+00,5.00000000e-01,2.49999964e+07,-3.64613809e+00,-6.02530644e+00,2.37916835e+00,1.00004621e-09
27,6.93628176e-01,2.19797506e-08,96,23,0,69,normal_corr_dominates,8.17532071e+00,1.00000000e+00,2.49999952e+07,-4.82652611e+00,-5.26033505e-01,-4.30049261e+00,1.00011545e-09
27,6.93628176e-01,2.19797506e-08,96,23,1,70,normal_corr_dominates,5.68278143e+00,1.00000000e+00,2.49999965e+07,-3.51536694e+00,-5.26033505e-01,-2.98933343e+00,1.00009293e-09
27,6.93628176e-01,2.19797506e-08,96,23,2,71,normal_corr_dominates,3.17112184e+01,1.00000000e+00,2.50000162e+07,1.61551298e+01,-5.26033505e-01,1.66811633e+01,1.00011940e-09
27,6.93628176e-01,2.19797506e-08,96,24,1,73,corr_ratio_high,5.81125672e-01,5.00000000e-01,2.49999962e+07,-3.81807257e+00,-1.00385775e+01,6.22050496e+00,1.00006710e-09
27,6.93628176e-01,2.19797506e-08,96,24,2,74,normal_corr_dominates,1.08109790e+00,1.00000000e+00,2.49999791e+07,-2.08912626e+01,-1.00385775e+01,-1.08526851e+01,1.00010084e-09
27,6.93628176e-01,2.19797506e-08,96,26,0,78,normal_corr_dominates,5.29542689e+00,1.00000000e+00,2.50000145e+07,1.44688223e+01,-3.36842476e+00,1.78372471e+01,1.00017596e-09
27,6.93628176e-01,2.19797506e-08,96,26,1,79,normal_corr_dominates,1.85141958e+00,1.00000000e+00,2.49999904e+07,-9.60479232e+00,-3.36842476e+00,-6.23636755e+00,1.00009644e-09
27,6.93628176e-01,2.19797506e-08,96,26,2,80,normal_corr_dominates,4.32041155e+00,1.00000000e+00,2.49999821e+07,-1.79214060e+01,-3.36842476e+00,-1.45529812e+01,1.00005555e-09
27,6.93628176e-01,2.19797506e-08,96,26,2,80,corr_ratio_high,1.22416427e+00,5.00000000e-01,2.49999821e+07,-1.79214060e+01,-3.36842476e+00,-1.45529812e+01,1.00005555e-09
27,6.93628176e-01,2.19797506e-08,96,27,0,81,normal_corr_dominates,4.35253132e+00,1.00000000e+00,2.49999839e+07,-1.61461304e+01,-3.01654105e+00,-1.31295894e+01,1.00008624e-09
27,6.93628176e-01,2.19797506e-08,96,27,1,82,normal_corr_dominates,2.72627453e+00,1.00000000e+00,2.50000052e+07,5.20737796e+00,-3.01654105e+00,8.22391901e+00,1.00008350e-09
27,6.93628176e-01,2.19797506e-08,96,29,0,87,normal_corr_dominates,1.03369117e+01,1.00000000e+00,2.49999561e+07,-4.39375383e+01,-3.87561795e+00,-4.00619204e+01,1.00007919e-09
27,6.93628176e-01,2.19797506e-08,96,29,0,87,corr_ratio_high,8.84289487e-01,5.00000000e-01,2.49999561e+07,-4.39375383e+01,-3.87561795e+00,-4.00619204e+01,1.00007919e-09
27,6.93628176e-01,2.19797506e-08,96,29,1,88,normal_corr_dominates,5.68036985e+00,1.00000000e+00,2.49999741e+07,-2.58905613e+01,-3.87561795e+00,-2.20149433e+01,1.00010131e-09
27,6.93628176e-01,2.19797506e-08,96,29,2,89,normal_corr_dominates,3.25427359e+00,1.00000000e+00,2.50000087e+07,8.73670320e+00,-3.87561795e+00,1.26123212e+01,1.00009035e-09
27,6.93628176e-01,2.19797506e-08,96,30,2,92,normal_corr_dominates,1.40091197e+00,1.00000000e+00,2.49999742e+07,-2.58312114e+01,-1.07589165e+01,-1.50722949e+01,1.00010737e-09
27,6.93628176e-01,2.19797506e-08,96,31,0,93,normal_corr_dominates,1.51427388e+00,1.00000000e+00,2.49999883e+07,-1.17103360e+01,-4.65754191e+00,-7.05279405e+00,1.00008871e-09
27,6.93628176e-01,2.19797506e-08,96,31,1,94,normal_corr_dominates,1.36996125e+00,1.00000000e+00,2.50000017e+07,1.72311005e+00,-4.65754191e+00,6.38065196e+00,1.00010853e-09
27,6.93628176e-01,2.19797506e-08,96,31,2,95,normal_corr_dominates,1.97028802e+00,1.00000000e+00,2.50000045e+07,4.51915713e+00,-4.65754191e+00,9.17669904e+00,1.00008164e-09
27,6.93628176e-01,2.19797506e-08,96,32,1,97,normal_corr_dominates,2.34912569e+00,1.00000000e+00,2.49999853e+07,-1.47423099e+01,-4.40183834e+00,-1.03404715e+01,1.00007719e-09
27,6.93628176e-01,2.19797506e-08,96,33,0,99,normal_corr_dominates,5.41949225e+00,1.00000000e+00,2.49999779e+07,-2.21209052e+01,-3.44589639e+00,-1.86750088e+01,1.00008887e-09
27,6.93628176e-01,2.19797506e-08,96,33,1,100,normal_corr_dominates,1.32923725e+00,1.00000000e+00,2.49999920e+07,-8.02631023e+00,-3.44589639e+00,-4.58041384e+00,1.00009074e-09
27,6.93628176e-01,2.19797506e-08,96,33,2,101,normal_corr_dominates,3.23234613e+00,1.00000000e+00,2.50000077e+07,7.69243348e+00,-3.44589639e+00,1.11383299e+01,1.00009002e-09
27,6.93628176e-01,2.19797506e-08,96,34,0,102,normal_corr_dominates,2.23039837e+00,1.00000000e+00,2.49999740e+07,-2.60095490e+01,-8.05149894e+00,-1.79580501e+01,1.00007488e-09
27,6.93628176e-01,2.19797506e-08,96,34,1,103,normal_corr_dominates,2.05484796e+00,1.00000000e+00,2.50000085e+07,8.49310719e+00,-8.05149894e+00,1.65446061e+01,1.00007022e-09
27,6.93628176e-01,2.19797506e-08,96,35,0,105,normal_corr_dominates,3.79625138e+01,1.00000000e+00,2.50000313e+07,3.13373252e+01,-8.47813690e-01,3.21851389e+01,1.00013416e-09
27,6.93628176e-01,2.19797506e-08,96,35,1,106,normal_corr_dominates,1.95004935e+01,1.00000000e+00,2.49999826e+07,-1.73805990e+01,-8.47813690e-01,-1.65327853e+01,1.00018614e-09
27,6.93628176e-01,2.19797506e-08,96,35,2,107,normal_corr_dominates,3.93861326e+01,1.00000000e+00,2.49999658e+07,-3.42399161e+01,-8.47813690e-01,-3.33921024e+01,1.00003087e-09
27,6.93628176e-01,2.19797506e-08,96,35,2,107,corr_ratio_high,4.24073184e+00,5.00000000e-01,2.49999658e+07,-3.42399161e+01,-8.47813690e-01,-3.33921024e+01,1.00003087e-09
27,6.93628176e-01,2.19797506e-08,96,36,1,109,corr_ratio_high,7.25452954e-01,5.00000000e-01,2.49999824e+07,-1.76299400e+01,-1.47036275e+01,-2.92631257e+00,1.00005746e-09
27,6.93628176e-01,2.19797506e-08,96,37,0,111,normal_corr_dominates,1.89241386e+00,1.00000000e+00,2.50000027e+07,2.70412584e+00,-3.03012533e+00,5.73425117e+00,1.00009456e-09
27,6.93628176e-01,2.19797506e-08,96,37,2,113,normal_corr_dominates,2.71428927e+00,1.00000000e+00,2.50000052e+07,5.19451134e+00,-3.03012533e+00,8.22463667e+00,1.00006740e-09
28,7.16278948e-01,2.26975102e-08,96,0,0,0,corr_ratio_high,9.35377430e-01,5.00000000e-01,2.49999828e+07,-1.72404636e+01,-1.25781719e+01,-4.66229170e+00,1.00005755e-09
28,7.16278948e-01,2.26975102e-08,96,0,2,2,normal_corr_dominates,1.13528565e+00,1.00000000e+00,2.50000017e+07,1.70164618e+00,-1.25781719e+01,1.42798181e+01,1.00009659e-09
28,7.16278948e-01,2.26975102e-08,96,1,0,3,normal_corr_dominates,8.30196041e+00,1.00000000e+00,2.50000147e+07,1.46628444e+01,-2.00806955e+00,1.66709139e+01,1.00012178e-09
28,7.16278948e-01,2.26975102e-08,96,1,1,4,normal_corr_dominates,8.95551011e+00,1.00000000e+00,2.49999800e+07,-1.99913567e+01,-2.00806955e+00,-1.79832872e+01,1.00007751e-09
28,7.16278948e-01,2.26975102e-08,96,1,1,4,corr_ratio_high,8.74533173e-01,5.00000000e-01,2.49999800e+07,-1.99913567e+01,-2.00806955e+00,-1.79832872e+01,1.00007751e-09
28,7.16278948e-01,2.26975102e-08,96,1,2,5,normal_corr_dominates,6.60155504e+00,1.00000000e+00,2.49999847e+07,-1.52644512e+01,-2.00806955e+00,-1.32563817e+01,1.00011278e-09
28,7.16278948e-01,2.26975102e-08,96,2,0,6,normal_corr_dominates,1.15173142e+00,1.00000000e+00,2.50000009e+07,9.16528809e-01,-6.04046821e+00,6.95699702e+00,1.00008598e-09
28,7.16278948e-01,2.26975102e-08,96,2,0,6,corr_ratio_high,5.86116520e-01,5.00000000e-01,2.50000009e+07,9.16528809e-01,-6.04046821e+00,6.95699702e+00,1.00008598e-09
28,7.16278948e-01,2.26975102e-08,96,2,1,7,normal_corr_dominates,3.60849232e+00,1.00000000e+00,2.49999722e+07,-2.78374514e+01,-6.04046821e+00,-2.17969831e+01,1.00010198e-09
28,7.16278948e-01,2.26975102e-08,96,2,2,8,normal_corr_dominates,3.75767925e+00,1.00000000e+00,2.50000167e+07,1.66576739e+01,-6.04046821e+00,2.26981421e+01,1.00015604e-09
28,7.16278948e-01,2.26975102e-08,96,3,0,9,normal_corr_dominates,1.73760116e+01,1.00000000e+00,2.49999674e+07,-3.25865837e+01,-1.77332189e+00,-3.08132618e+01,1.00023604e-09
28,7.16278948e-01,2.26975102e-08,96,3,0,9,corr_ratio_high,5.86244780e-01,5.00000000e-01,2.49999674e+07,-3.25865837e+01,-1.77332189e+00,-3.08132618e+01,1.00023604e-09
28,7.16278948e-01,2.26975102e-08,96,3,1,10,normal_corr_dominates,8.55178912e+00,1.00000000e+00,2.49999831e+07,-1.69383968e+01,-1.77332189e+00,-1.51650749e+01,1.00006270e-09
28,7.16278948e-01,2.26975102e-08,96,3,1,10,corr_ratio_high,8.55670224e-01,5.00000000e-01,2.49999831e+07,-1.69383968e+01,-1.77332189e+00,-1.51650749e+01,1.00006270e-09
28,7.16278948e-01,2.26975102e-08,96,3,2,11,normal_corr_dominates,1.08952273e+01,1.00000000e+00,2.50000175e+07,1.75474232e+01,-1.77332189e+00,1.93207451e+01,1.00002625e-09
28,7.16278948e-01,2.26975102e-08,96,3,2,11,corr_ratio_high,1.78669640e+00,5.00000000e-01,2.50000175e+07,1.75474232e+01,-1.77332189e+00,1.93207451e+01,1.00002625e-09
28,7.16278948e-01,2.26975102e-08,96,4,0,12,normal_corr_dominates,1.56387914e+00,1.00000000e+00,2.49999964e+07,-3.63304602e+00,-1.41701142e+00,-2.21603460e+00,1.00010891e-09
28,7.16278948e-01,2.26975102e-08,96,4,1,13,normal_corr_dominates,2.79321717e+00,1.00000000e+00,2.50000025e+07,2.54100921e+00,-1.41701142e+00,3.95802063e+00,1.00009273e-09
28,7.16278948e-01,2.26975102e-08,96,4,2,14,normal_corr_dominates,6.79964112e+00,1.00000000e+00,2.50000082e+07,8.21815769e+00,-1.41701142e+00,9.63516911e+00,1.00007562e-09
28,7.16278948e-01,2.26975102e-08,96,5,0,15,normal_corr_dominates,2.13419243e+00,1.00000000e+00,2.50000121e+07,1.21496958e+01,-1.07121997e+01,2.28618955e+01,1.00006792e-09
28,7.16278948e-01,2.26975102e-08,96,5,1,16,normal_corr_dominates,1.41877237e+00,1.00000000e+00,2.49999741e+07,-2.59103726e+01,-1.07121997e+01,-1.51981729e+01,1.00011015e-09
28,7.16278948e-01,2.26975102e-08,96,5,2,17,normal_corr_dominates,1.70820064e+00,1.00000000e+00,2.49999710e+07,-2.90107861e+01,-1.07121997e+01,-1.82985864e+01,1.00011677e-09
28,7.16278948e-01,2.26975102e-08,96,6,1,19,normal_corr_dominates,2.04501006e+00,1.00000000e+00,2.50000074e+07,7.39998423e+00,-7.08125648e+00,1.44812407e+01,1.00007007e-09
28,7.16278948e-01,2.26975102e-08,96,6,2,20,normal_corr_dominates,3.87706621e+00,1.00000000e+00,2.49999655e+07,-3.45357567e+01,-7.08125648e+00,-2.74545002e+01,1.00014247e-09
28,7.16278948e-01,2.26975102e-08,96,7,0,21,normal_corr_dominates,6.86636795e+01,1.00000000e+00,2.49999862e+07,-1.38147017e+01,-1.98305657e-01,-1.36163960e+01,1.00009006e-09
28,7.16278948e-01,2.26975102e-08,96,7,1,22,normal_corr_dominates,4.25195709e+01,1.00000000e+00,2.49999914e+07,-8.63017708e+00,-1.98305657e-01,-8.43187142e+00,1.00012117e-09
28,7.16278948e-01,2.26975102e-08,96,7,2,23,normal_corr_dominates,1.10505798e+02,1.00000000e+00,2.50000217e+07,2.17156193e+01,-1.98305657e-01,2.19139249e+01,1.00011452e-09
28,7.16278948e-01,2.26975102e-08,96,8,0,24,normal_corr_dominates,4.41163819e+00,1.00000000e+00,2.49999846e+07,-1.54053985e+01,-2.84671627e+00,-1.25586822e+01,1.00008591e-09
28,7.16278948e-01,2.26975102e-08,96,8,1,25,normal_corr_dominates,4.62444095e+00,1.00000000e+00,2.50000103e+07,1.03177550e+01,-2.84671627e+00,1.31644713e+01,1.00006530e-09
28,7.16278948e-01,2.26975102e-08,96,8,1,25,corr_ratio_high,5.23214456e-01,5.00000000e-01,2.50000103e+07,1.03177550e+01,-2.84671627e+00,1.31644713e+01,1.00006530e-09
28,7.16278948e-01,2.26975102e-08,96,8,2,26,normal_corr_dominates,2.95377252e+00,1.00000000e+00,2.50000056e+07,5.56183603e+00,-2.84671627e+00,8.40855230e+00,1.00009783e-09
28,7.16278948e-01,2.26975102e-08,96,9,0,27,normal_corr_dominates,1.31007442e+00,1.00000000e+00,2.50000022e+07,2.23571604e+00,-7.21025623e+00,9.44597227e+00,1.00012666e-09
28,7.16278948e-01,2.26975102e-08,96,9,1,28,normal_corr_dominates,2.14342438e+00,1.00000000e+00,2.49999773e+07,-2.26648952e+01,-7.21025623e+00,-1.54546390e+01,1.00009819e-09
28,7.16278948e-01,2.26975102e-08,96,9,2,29,normal_corr_dominates,2.46041380e+00,1.00000000e+00,2.49999750e+07,-2.49504701e+01,-7.21025623e+00,-1.77402139e+01,1.00009984e-09
28,7.16278948e-01,2.26975102e-08,96,10,0,30,normal_corr_dominates,5.22916967e+00,1.00000000e+00,2.50000096e+07,9.63229318e+00,-2.27758495e+00,1.19098781e+01,1.00009860e-09
28,7.16278948e-01,2.26975102e-08,96,10,1,31,normal_corr_dominates,1.05981893e+01,1.00000000e+00,2.50000219e+07,2.18606915e+01,-2.27758495e+00,2.41382765e+01,1.00016816e-09
28,7.16278948e-01,2.26975102e-08,96,10,2,32,normal_corr_dominates,9.40650555e+00,1.00000000e+00,2.49999763e+07,-2.37017004e+01,-2.27758495e+00,-2.14241155e+01,1.00009804e-09
28,7.16278948e-01,2.26975102e-08,96,11,0,33,normal_corr_dominates,2.91266836e+00,1.00000000e+00,2.49999961e+07,-3.89544963e+00,-9.95599236e-01,-2.89985040e+00,1.00014029e-09
28,7.16278948e-01,2.26975102e-08,96,11,1,34,normal_corr_dominates,6.60150280e+00,1.00000000e+00,2.50000056e+07,5.57685191e+00,-9.95599236e-01,6.57245114e+00,1.00012474e-09
28,7.16278948e-01,2.26975102e-08,96,11,2,35,normal_corr_dominates,1.21004327e+01,1.00000000e+00,2.49999870e+07,-1.30427807e+01,-9.95599236e-01,-1.20471815e+01,1.00006890e-09
28,7.16278948e-01,2.26975102e-08,96,11,2,35,corr_ratio_high,1.01870713e+00,5.00000000e-01,2.49999870e+07,-1.30427807e+01,-9.95599236e-01,-1.20471815e+01,1.00006890e-09
28,7.16278948e-01,2.26975102e-08,96,12,1,37,normal_corr_dominates,1.16105813e+00,1.00000000e+00,2.50000019e+07,1.91522679e+00,-1.18915254e+01,1.38067522e+01,1.00008426e-09
28,7.16278948e-01,2.26975102e-08,96,13,0,39,normal_corr_dominates,1.77006760e+00,1.00000000e+00,2.50000048e+07,4.75869422e+00,-6.17957982e+00,1.09382740e+01,1.00006829e-09
28,7.16278948e-01,2.26975102e-08,96,14,0,42,normal_corr_dominates,3.07246798e+00,1.00000000e+00,2.49999953e+07,-4.69037476e+00,-1.15172784e+00,-3.53864692e+00,1.00010104e-09
28,7.16278948e-01,2.26975102e-08,96,14,1,43,normal_corr_dominates,3.12078461e+00,1.00000000e+00,2.49999953e+07,-4.74602236e+00,-1.15172784e+00,-3.59429452e+00,1.00008553e-09
28,7.16278948e-01,2.26975102e-08,96,14,2,44,normal_corr_dominates,1.79056544e+01,1.00000000e+00,2.50000195e+07,1.94707128e+01,-1.15172784e+00,2.06224407e+01,1.00014073e-09
28,7.16278948e-01,2.26975102e-08,96,15,0,45,normal_corr_dominates,1.39232291e+00,1.00000000e+00,2.49999870e+07,-1.29678577e+01,-5.42061345e+00,-7.54724428e+00,1.00008271e-09
28,7.16278948e-01,2.26975102e-08,96,15,1,46,normal_corr_dominates,2.77901166e+00,1.00000000e+00,2.50000096e+07,9.64333453e+00,-5.42061345e+00,1.50639480e+01,1.00008551e-09
28,7.16278948e-01,2.26975102e-08,96,15,2,47,normal_corr_dominates,3.90135741e+00,1.00000000e+00,2.49999734e+07,-2.65683639e+01,-5.42061345e+00,-2.11477505e+01,1.00012354e-09
28,7.16278948e-01,2.26975102e-08,96,16,2,50,normal_corr_dominates,1.01589121e+00,1.00000000e+00,2.50000001e+07,1.49089298e-01,-9.38187429e+00,9.53096359e+00,1.00008832e-09
28,7.16278948e-01,2.26975102e-08,96,17,0,51,corr_ratio_high,5.13530328e-01,5.00000000e-01,2.49999970e+07,-2.97828364e+00,-8.86500377e+00,5.88672013e+00,1.00020816e-09
28,7.16278948e-01,2.26975102e-08,96,17,1,52,normal_corr_dominates,1.23005335e+00,1.00000000e+00,2.50000020e+07,2.03942378e+00,-8.86500377e+00,1.09044276e+01,1.00012961e-09
28,7.16278948e-01,2.26975102e-08,96,17,2,53,corr_ratio_high,2.57466760e+00,5.00000000e-01,2.50000000e+07,-3.18240265e-02,-8.86500377e+00,8.83317975e+00,1.00002053e-09
28,7.16278948e-01,2.26975102e-08,96,18,2,56,normal_corr_dominates,1.00623164e+00,1.00000000e+00,2.50000001e+07,1.00428426e-01,-1.61159002e+01,1.62163287e+01,1.00010433e-09
28,7.16278948e-01,2.26975102e-08,96,19,0,57,normal_corr_dominates,1.48611064e+01,1.00000000e+00,2.49999513e+07,-4.87337351e+01,-3.07253063e+00,-4.56612045e+01,1.00007800e-09
28,7.16278948e-01,2.26975102e-08,96,19,0,57,corr_ratio_high,1.16231004e+00,5.00000000e-01,2.49999513e+07,-4.87337351e+01,-3.07253063e+00,-4.56612045e+01,1.00007800e-09
28,7.16278948e-01,2.26975102e-08,96,19,2,59,normal_corr_dominates,2.33652139e+00,1.00000000e+00,2.50000041e+07,4.10650290e+00,-3.07253063e+00,7.17903353e+00,1.00008943e-09
28,7.16278948e-01,2.26975102e-08,96,20,1,61,normal_corr_dominates,1.04593278e+00,1.00000000e+00,2.50000004e+07,3.55743643e-01,-7.74487468e+00,8.10061832e+00,1.00011913e-09
28,7.16278948e-01,2.26975102e-08,96,20,2,62,normal_corr_dominates,2.47958665e+00,1.00000000e+00,2.49999731e+07,-2.69489625e+01,-7.74487468e+00,-1.92040878e+01,1.00009391e-09
28,7.16278948e-01,2.26975102e-08,96,21,0,63,normal_corr_dominates,1.59535965e+00,1.00000000e+00,2.49999847e+07,-1.53152970e+01,-5.90103069e+00,-9.41426628e+00,1.00008849e-09
28,7.16278948e-01,2.26975102e-08,96,21,1,64,normal_corr_dominates,2.29470828e+00,1.00000000e+00,2.50000076e+07,7.64011328e+00,-5.90103069e+00,1.35411440e+01,1.00009178e-09
28,7.16278948e-01,2.26975102e-08,96,21,2,65,normal_corr_dominates,1.44297038e+00,1.00000000e+00,2.50000026e+07,2.61398181e+00,-5.90103069e+00,8.51501250e+00,1.00010407e-09
28,7.16278948e-01,2.26975102e-08,96,22,0,66,normal_corr_dominates,2.73811819e+00,1.00000000e+00,2.50000108e+07,1.07955311e+01,-6.21104548e+00,1.70065766e+01,1.00013087e-09
28,7.16278948e-01,2.26975102e-08,96,22,1,67,normal_corr_dominates,1.29197678e+00,1.00000000e+00,2.49999858e+07,-1.42355720e+01,-6.21104548e+00,-8.02452652e+00,1.00011342e-09
28,7.16278948e-01,2.26975102e-08,96,22,2,68,corr_ratio_high,1.57184977e+00,5.00000000e-01,2.49999962e+07,-3.75837217e+00,-6.21104548e+00,2.45267331e+00,1.00004762e-09
28,7.16278948e-01,2.26975102e-08,96,23,0,69,normal_corr_dominates,8.16454577e+00,1.00000000e+00,2.49999950e+07,-4.97346411e+00,-5.42685282e-01,-4.43077882e+00,1.00011898e-09
28,7.16278948e-01,2.26975102e-08,96,23,1,70,normal_corr_dominates,5.67608755e+00,1.00000000e+00,2.49999964e+07,-3.62301446e+00,-5.42685282e-01,-3.08032917e+00,1.00009577e-09
28,7.16278948e-01,2.26975102e-08,96,23,2,71,normal_corr_dominates,3.16783661e+01,1.00000000e+00,2.50000166e+07,1.66486977e+01,-5.42685282e-01,1.71913830e+01,1.00012305e-09
28,7.16278948e-01,2.26975102e-08,96,24,1,73,corr_ratio_high,5.81146312e-01,5.00000000e-01,2.49999961e+07,-3.93630501e+00,-1.03467114e+01,6.41040641e+00,1.00006916e-09
28,7.16278948e-01,2.26975102e-08,96,24,2,74,normal_corr_dominates,1.08100060e+00,1.00000000e+00,2.49999785e+07,-2.15315126e+01,-1.03467114e+01,-1.11848012e+01,1.00010392e-09
28,7.16278948e-01,2.26975102e-08,96,26,0,78,normal_corr_dominates,5.29433103e+00,1.00000000e+00,2.50000149e+07,1.49100795e+01,-3.47203777e+00,1.83821173e+01,1.00018133e-09
28,7.16278948e-01,2.26975102e-08,96,26,1,79,normal_corr_dominates,1.85083245e+00,1.00000000e+00,2.49999901e+07,-9.89819794e+00,-3.47203777e+00,-6.42616018e+00,1.00009939e-09
28,7.16278948e-01,2.26975102e-08,96,26,2,80,normal_corr_dominates,4.31928899e+00,1.00000000e+00,2.49999815e+07,-1.84687723e+01,-3.47203777e+00,-1.49967345e+01,1.00005725e-09
28,7.16278948e-01,2.26975102e-08,96,26,2,80,corr_ratio_high,1.22394518e+00,5.00000000e-01,2.49999815e+07,-1.84687723e+01,-3.47203777e+00,-1.49967345e+01,1.00005725e-09
28,7.16278948e-01,2.26975102e-08,96,27,0,81,normal_corr_dominates,4.35109029e+00,1.00000000e+00,2.49999834e+07,-1.66389400e+01,-3.10944856e+00,-1.35294914e+01,1.00008888e-09
28,7.16278948e-01,2.26975102e-08,96,27,1,82,normal_corr_dominates,2.72635419e+00,1.00000000e+00,2.50000054e+07,5.36800956e+00,-3.10944856e+00,8.47745811e+00,1.00008605e-09
28,7.16278948e-01,2.26975102e-08,96,29,0,87,normal_corr_dominates,1.03343806e+01,1.00000000e+00,2.49999547e+07,-4.52805373e+01,-3.99497238e+00,-4.12855650e+01,1.00008161e-09
28,7.16278948e-01,2.26975102e-08,96,29,0,87,corr_ratio_high,8.84305532e-01,5.00000000e-01,2.49999547e+07,-4.52805373e+01,-3.99497238e+00,-4.12855650e+01,1.00008161e-09
28,7.16278948e-01,2.26975102e-08,96,29,1,88,normal_corr_dominates,5.67892603e+00,1.00000000e+00,2.49999733e+07,-2.66821250e+01,-3.99497238e+00,-2.26871526e+01,1.00010441e-09
28,7.16278948e-01,2.26975102e-08,96,29,2,89,normal_corr_dominates,3.25358109e+00,1.00000000e+00,2.50000090e+07,9.00299422e+00,-3.99497238e+00,1.29979666e+01,1.00009312e-09
28,7.16278948e-01,2.26975102e-08,96,30,2,92,normal_corr_dominates,1.40073457e+00,1.00000000e+00,2.49999734e+07,-2.66214156e+01,-1.10888625e+01,-1.55325531e+01,1.00011066e-09
28,7.16278948e-01,2.26975102e-08,96,31,0,93,normal_corr_dominates,1.51379703e+00,1.00000000e+00,2.49999879e+07,-1.20685470e+01,-4.80092342e+00,-7.26762361e+00,1.00009143e-09
28,7.16278948e-01,2.26975102e-08,96,31,1,94,normal_corr_dominates,1.36940317e+00,1.00000000e+00,2.50000018e+07,1.77347635e+00,-4.80092342e+00,6.57439977e+00,1.00011184e-09
28,7.16278948e-01,2.26975102e-08,96,31,2,95,normal_corr_dominates,1.96991922e+00,1.00000000e+00,2.50000047e+07,4.65650791e+00,-4.80092342e+00,9.45743133e+00,1.00008414e-09
28,7.16278948e-01,2.26975102e-08,96,32,1,97,normal_corr_dominates,2.34855749e+00,1.00000000e+00,2.49999848e+07,-1.51925057e+01,-4.53702997e+00,-1.06554757e+01,1.00007955e-09
28,7.16278948e-01,2.26975102e-08,96,33,0,99,normal_corr_dominates,5.41807854e+00,1.00000000e+00,2.49999772e+07,-2.27972971e+01,-3.55204395e+00,-1.92452531e+01,1.00009159e-09
28,7.16278948e-01,2.26975102e-08,96,33,1,100,normal_corr_dominates,1.32868558e+00,1.00000000e+00,2.49999917e+07,-8.27159353e+00,-3.55204395e+00,-4.71954957e+00,1.00009352e-09
28,7.16278948e-01,2.26975102e-08,96,33,2,101,normal_corr_dominates,3.23164648e+00,1.00000000e+00,2.50000079e+07,7.92690639e+00,-3.55204395e+00,1.14789503e+01,1.00009277e-09
28,7.16278948e-01,2.26975102e-08,96,34,0,102,normal_corr_dominates,2.23009998e+00,1.00000000e+00,2.49999732e+07,-2.68062176e+01,-8.29888169e+00,-1.85073359e+01,1.00007717e-09
28,7.16278948e-01,2.26975102e-08,96,34,1,103,normal_corr_dominates,2.05448754e+00,1.00000000e+00,2.50000088e+07,8.75106735e+00,-8.29888169e+00,1.70499490e+01,1.00007237e-09
28,7.16278948e-01,2.26975102e-08,96,35,0,105,normal_corr_dominates,3.79286289e+01,1.00000000e+00,2.50000323e+07,3.22939223e+01,-8.74495568e-01,3.31684179e+01,1.00013825e-09
28,7.16278948e-01,2.26975102e-08,96,35,1,106,normal_corr_dominates,1.94832698e+01,1.00000000e+00,2.49999821e+07,-1.79125286e+01,-8.74495568e-01,-1.70380331e+01,1.00019183e-09
28,7.16278948e-01,2.26975102e-08,96,35,2,107,normal_corr_dominates,3.93491059e+01,1.00000000e+00,2.49999647e+07,-3.52851143e+01,-8.74495568e-01,-3.44106187e+01,1.00003181e-09
28,7.16278948e-01,2.26975102e-08,96,35,2,107,corr_ratio_high,4.23971324e+00,5.00000000e-01,2.49999647e+07,-3.52851143e+01,-8.74495568e-01,-3.44106187e+01,1.00003181e-09
28,7.16278948e-01,2.26975102e-08,96,36,1,109,corr_ratio_high,7.25422452e-01,5.00000000e-01,2.49999818e+07,-1.81708853e+01,-1.51543441e+01,-3.01654112e+00,1.00005922e-09
28,7.16278948e-01,2.26975102e-08,96,37,0,111,normal_corr_dominates,1.89268604e+00,1.00000000e+00,2.50000028e+07,2.78834683e+00,-3.12354703e+00,5.91189386e+00,1.00009745e-09
28,7.16278948e-01,2.26975102e-08,96,37,2,113,normal_corr_dominates,2.71374295e+00,1.00000000e+00,2.50000054e+07,5.35295670e+00,-3.12354703e+00,8.47650372e+00,1.00006947e-09
29,7.40695267e-01,2.34712167e-08,96,0,0,0,corr_ratio_high,9.35294146e-01,5.00000000e-01,2.49999822e+07,-1.77919732e+01,-1.29805616e+01,-4.81141168e+00,1.00005939e-09
29,7.40695267e-01,2.34712167e-08,96,0,2,2,normal_corr_dominates,1.13506796e+00,1.00000000e+00,2.50000018e+07,1.75325801e+00,-1.29805616e+01,1.47338196e+01,1.00009967e-09
29,7.40695267e-01,2.34712167e-08,96,1,0,3,normal_corr_dominates,8.30158830e+00,1.00000000e+00,2.50000151e+07,1.51293817e+01,-2.07206721e+00,1.72014489e+01,1.00012566e-09
29,7.40695267e-01,2.34712167e-08,96,1,1,4,normal_corr_dominates,8.95747710e+00,1.00000000e+00,2.49999794e+07,-2.06325618e+01,-2.07206721e+00,-1.85604946e+01,1.00007998e-09
29,7.40695267e-01,2.34712167e-08,96,1,1,4,corr_ratio_high,8.74599229e-01,5.00000000e-01,2.49999794e+07,-2.06325618e+01,-2.07206721e+00,-1.85604946e+01,1.00007998e-09
29,7.40695267e-01,2.34712167e-08,96,1,2,5,normal_corr_dominates,6.60061970e+00,1.00000000e+00,2.49999843e+07,-1.57489948e+01,-2.07206721e+00,-1.36769276e+01,1.00011638e-09
29,7.40695267e-01,2.34712167e-08,96,2,0,6,normal_corr_dominates,1.15105719e+00,1.00000000e+00,2.50000009e+07,9.41609172e-01,-6.23346136e+00,7.17507053e+00,1.00008872e-09
29,7.40695267e-01,2.34712167e-08,96,2,0,6,corr_ratio_high,5.86178201e-01,5.00000000e-01,2.50000009e+07,9.41609172e-01,-6.23346136e+00,7.17507053e+00,1.00008872e-09
29,7.40695267e-01,2.34712167e-08,96,2,1,7,normal_corr_dominates,3.60798011e+00,1.00000000e+00,2.49999713e+07,-2.87236660e+01,-6.23346136e+00,-2.24902046e+01,1.00010524e-09
29,7.40695267e-01,2.34712167e-08,96,2,2,8,normal_corr_dominates,3.75765068e+00,1.00000000e+00,2.50000172e+07,1.71897090e+01,-6.23346136e+00,2.34231703e+01,1.00016101e-09
29,7.40695267e-01,2.34712167e-08,96,3,0,9,normal_corr_dominates,1.73659247e+01,1.00000000e+00,2.49999664e+07,-3.36258134e+01,-1.83088050e+00,-3.17949329e+01,1.00024356e-09
29,7.40695267e-01,2.34712167e-08,96,3,0,9,corr_ratio_high,5.86239430e-01,5.00000000e-01,2.49999664e+07,-3.36258134e+01,-1.83088050e+00,-3.17949329e+01,1.00024356e-09
29,7.40695267e-01,2.34712167e-08,96,3,1,10,normal_corr_dominates,8.54579727e+00,1.00000000e+00,2.49999825e+07,-1.74772141e+01,-1.83088050e+00,-1.56463336e+01,1.00006470e-09
29,7.40695267e-01,2.34712167e-08,96,3,1,10,corr_ratio_high,8.55664749e-01,5.00000000e-01,2.49999825e+07,-1.74772141e+01,-1.83088050e+00,-1.56463336e+01,1.00006470e-09
29,7.40695267e-01,2.34712167e-08,96,3,2,11,normal_corr_dominates,1.08882137e+01,1.00000000e+00,2.50000181e+07,1.81041376e+01,-1.83088050e+00,1.99350181e+01,1.00002709e-09
29,7.40695267e-01,2.34712167e-08,96,3,2,11,corr_ratio_high,1.78631122e+00,5.00000000e-01,2.50000181e+07,1.81041376e+01,-1.83088050e+00,1.99350181e+01,1.00002709e-09
29,7.40695267e-01,2.34712167e-08,96,4,0,12,normal_corr_dominates,1.56233912e+00,1.00000000e+00,2.49999963e+07,-3.74860025e+00,-1.46296024e+00,-2.28564001e+00,1.00011238e-09
29,7.40695267e-01,2.34712167e-08,96,4,1,13,normal_corr_dominates,2.79114294e+00,1.00000000e+00,2.50000026e+07,2.62037090e+00,-1.46296024e+00,4.08333113e+00,1.00009569e-09
29,7.40695267e-01,2.34712167e-08,96,4,2,14,normal_corr_dominates,6.79654405e+00,1.00000000e+00,2.50000085e+07,8.48011345e+00,-1.46296024e+00,9.94307369e+00,1.00007804e-09
29,7.40695267e-01,2.34712167e-08,96,5,0,15,normal_corr_dominates,2.13378403e+00,1.00000000e+00,2.50000125e+07,1.25340401e+01,-1.10550509e+01,2.35890910e+01,1.00007009e-09
29,7.40695267e-01,2.34712167e-08,96,5,1,16,normal_corr_dominates,1.41847401e+00,1.00000000e+00,2.49999733e+07,-2.67363533e+01,-1.10550509e+01,-1.56813024e+01,1.00011366e-09
29,7.40695267e-01,2.34712167e-08,96,5,2,17,normal_corr_dominates,1.70809547e+00,1.00000000e+00,2.49999701e+07,-2.99381332e+01,-1.10550509e+01,-1.88830823e+01,1.00012050e-09
29,7.40695267e-01,2.34712167e-08,96,6,1,19,normal_corr_dominates,2.04437191e+00,1.00000000e+00,2.50000076e+07,7.63240246e+00,-7.30812688e+00,1.49405293e+01,1.00007231e-09
29,7.40695267e-01,2.34712167e-08,96,6,2,20,normal_corr_dominates,3.87652646e+00,1.00000000e+00,2.49999644e+07,-3.56382741e+01,-7.30812688e+00,-2.83301473e+01,1.00014702e-09
29,7.40695267e-01,2.34712167e-08,96,7,0,21,normal_corr_dominates,6.86064009e+01,1.00000000e+00,2.49999857e+07,-1.42591571e+01,-2.04854107e-01,-1.40543030e+01,1.00009293e-09
29,7.40695267e-01,2.34712167e-08,96,7,1,22,normal_corr_dominates,4.24553545e+01,1.00000000e+00,2.49999911e+07,-8.90200784e+00,-2.04854107e-01,-8.69715373e+00,1.00012504e-09
29,7.40695267e-01,2.34712167e-08,96,7,2,23,normal_corr_dominates,1.10383301e+02,1.00000000e+00,2.50000224e+07,2.24076185e+01,-2.04854107e-01,2.26124726e+01,1.00011817e-09
29,7.40695267e-01,2.34712167e-08,96,8,0,24,normal_corr_dominates,4.40938227e+00,1.00000000e+00,2.49999841e+07,-1.58957071e+01,-2.93854387e+00,-1.29571632e+01,1.00008865e-09
29,7.40695267e-01,2.34712167e-08,96,8,1,25,normal_corr_dominates,4.62212183e+00,1.00000000e+00,2.50000106e+07,1.06437639e+01,-2.93854387e+00,1.35823078e+01,1.00006738e-09
29,7.40695267e-01,2.34712167e-08,96,8,1,25,corr_ratio_high,5.23138920e-01,5.00000000e-01,2.50000106e+07,1.06437639e+01,-2.93854387e+00,1.35823078e+01,1.00006738e-09
29,7.40695267e-01,2.34712167e-08,96,8,2,26,normal_corr_dominates,2.95214113e+00,1.00000000e+00,2.50000057e+07,5.73645237e+00,-2.93854387e+00,8.67499624e+00,1.00010095e-09
29,7.40695267e-01,2.34712167e-08,96,9,0,27,normal_corr_dominates,1.30982072e+00,1.00000000e+00,2.50000023e+07,2.30553629e+00,-7.44151742e+00,9.74705371e+00,1.00013070e-09
29,7.40695267e-01,2.34712167e-08,96,9,1,28,normal_corr_dominates,2.14292598e+00,1.00000000e+00,2.49999766e+07,-2.33881384e+01,-7.44151742e+00,-1.59466210e+01,1.00010133e-09
29,7.40695267e-01,2.34712167e-08,96,9,2,29,normal_corr_dominates,2.46002467e+00,1.00000000e+00,2.49999743e+07,-2.57478338e+01,-7.44151742e+00,-1.83063164e+01,1.00010302e-09
29,7.40695267e-01,2.34712167e-08,96,10,0,30,normal_corr_dominates,5.22734195e+00,1.00000000e+00,2.50000099e+07,9.93703773e+00,-2.35065861e+00,1.22876963e+01,1.00010174e-09
29,7.40695267e-01,2.34712167e-08,96,10,1,31,normal_corr_dominates,1.05963276e+01,1.00000000e+00,2.50000226e+07,2.25576901e+01,-2.35065861e+00,2.49083488e+01,1.00017352e-09
29,7.40695267e-01,2.34712167e-08,96,10,2,32,normal_corr_dominates,9.40391918e+00,1.00000000e+00,2.49999755e+07,-2.44560622e+01,-2.35065861e+00,-2.21054035e+01,1.00010117e-09
29,7.40695267e-01,2.34712167e-08,96,11,0,33,normal_corr_dominates,2.91446188e+00,1.00000000e+00,2.49999960e+07,-4.01970451e+00,-1.02688559e+00,-2.99281891e+00,1.00014476e-09
29,7.40695267e-01,2.34712167e-08,96,11,1,34,normal_corr_dominates,6.60357385e+00,1.00000000e+00,2.50000058e+07,5.75422925e+00,-1.02688559e+00,6.78111484e+00,1.00012872e-09
29,7.40695267e-01,2.34712167e-08,96,11,2,35,normal_corr_dominates,1.21079507e+01,1.00000000e+00,2.49999865e+07,-1.34603657e+01,-1.02688559e+00,-1.24334801e+01,1.00007110e-09
29,7.40695267e-01,2.34712167e-08,96,11,2,35,corr_ratio_high,1.01863516e+00,5.00000000e-01,2.49999865e+07,-1.34603657e+01,-1.02688559e+00,-1.24334801e+01,1.00007110e-09
29,7.40695267e-01,2.34712167e-08,96,12,1,37,normal_corr_dominates,1.16080564e+00,1.00000000e+00,2.50000020e+07,1.97342738e+00,-1.22721282e+01,1.42455555e+01,1.00008695e-09
29,7.40695267e-01,2.34712167e-08,96,13,0,39,normal_corr_dominates,1.76967661e+00,1.00000000e+00,2.50000049e+07,4.90885044e+00,-6.37780907e+00,1.12866595e+01,1.00007048e-09
29,7.40695267e-01,2.34712167e-08,96,14,0,42,normal_corr_dominates,3.07031182e+00,1.00000000e+00,2.49999952e+07,-4.84030254e+00,-1.18917242e+00,-3.65113012e+00,1.00010426e-09
29,7.40695267e-01,2.34712167e-08,96,14,1,43,normal_corr_dominates,3.11900723e+00,1.00000000e+00,2.49999951e+07,-4.89820978e+00,-1.18917242e+00,-3.70903737e+00,1.00008826e-09
29,7.40695267e-01,2.34712167e-08,96,14,2,44,normal_corr_dominates,1.78950410e+01,1.00000000e+00,2.50000201e+07,2.00911168e+01,-1.18917242e+00,2.12802892e+01,1.00014522e-09
29,7.40695267e-01,2.34712167e-08,96,15,0,45,normal_corr_dominates,1.39177214e+00,1.00000000e+00,2.49999866e+07,-1.33810105e+01,-5.59460085e+00,-7.78640963e+00,1.00008535e-09
29,7.40695267e-01,2.34712167e-08,96,15,1,46,normal_corr_dominates,2.77826652e+00,1.00000000e+00,2.50000099e+07,9.94869137e+00,-5.59460085e+00,1.55432922e+01,1.00008824e-09
29,7.40695267e-01,2.34712167e-08,96,15,2,47,normal_corr_dominates,3.90063745e+00,1.00000000e+00,2.49999726e+07,-2.74171105e+01,-5.59460085e+00,-2.18225096e+01,1.00012748e-09
29,7.40695267e-01,2.34712167e-08,96,16,2,50,normal_corr_dominates,1.01553635e+00,1.00000000e+00,2.50000002e+07,1.50425883e-01,-9.68219082e+00,9.83261671e+00,1.00009114e-09
29,7.40695267e-01,2.34712167e-08,96,17,0,51,corr_ratio_high,5.13510867e-01,5.00000000e-01,2.49999969e+07,-3.07346642e+00,-9.14954664e+00,6.07608022e+00,1.00021479e-09
29,7.40695267e-01,2.34712167e-08,96,17,1,52,normal_corr_dominates,1.22947837e+00,1.00000000e+00,2.50000021e+07,2.09962302e+00,-9.14954664e+00,1.12491697e+01,1.00013375e-09
29,7.40695267e-01,2.34712167e-08,96,17,2,53,corr_ratio_high,2.57431081e+00,5.00000000e-01,2.50000000e+07,-3.45318442e-02,-9.14954664e+00,9.11501480e+00,1.00002119e-09
29,7.40695267e-01,2.34712167e-08,96,18,2,56,normal_corr_dominates,1.00606140e+00,1.00000000e+00,2.50000001e+07,1.00808043e-01,-1.66311466e+01,1.67319546e+01,1.00010765e-09
29,7.40695267e-01,2.34712167e-08,96,19,0,57,normal_corr_dominates,1.48580550e+01,1.00000000e+00,2.49999497e+07,-5.02881261e+01,-3.17114085e+00,-4.71169852e+01,1.00008049e-09
29,7.40695267e-01,2.34712167e-08,96,19,0,57,corr_ratio_high,1.16216795e+00,5.00000000e-01,2.49999497e+07,-5.02881261e+01,-3.17114085e+00,-4.71169852e+01,1.00008049e-09
29,7.40695267e-01,2.34712167e-08,96,19,2,59,normal_corr_dominates,2.33636369e+00,1.00000000e+00,2.50000042e+07,4.23779748e+00,-3.17114085e+00,7.40893834e+00,1.00009229e-09
29,7.40695267e-01,2.34712167e-08,96,20,1,61,normal_corr_dominates,1.04571530e+00,1.00000000e+00,2.50000004e+07,3.65415559e-01,-7.99328717e+00,8.35870273e+00,1.00012293e-09
29,7.40695267e-01,2.34712167e-08,96,20,2,62,normal_corr_dominates,2.47907235e+00,1.00000000e+00,2.49999722e+07,-2.78092244e+01,-7.99328717e+00,-1.98159372e+01,1.00009691e-09
29,7.40695267e-01,2.34712167e-08,96,21,0,63,normal_corr_dominates,1.59484197e+00,1.00000000e+00,2.49999842e+07,-1.58036881e+01,-6.09042409e+00,-9.71326398e+00,1.00009131e-09
29,7.40695267e-01,2.34712167e-08,96,21,1,64,normal_corr_dominates,2.29405541e+00,1.00000000e+00,2.50000079e+07,7.88134623e+00,-6.09042409e+00,1.39717703e+01,1.00009471e-09
29,7.40695267e-01,2.34712167e-08,96,21,2,65,normal_corr_dominates,1.44245852e+00,1.00000000e+00,2.50000027e+07,2.69476001e+00,-6.09042409e+00,8.78518410e+00,1.00010739e-09
29,7.40695267e-01,2.34712167e-08,96,22,0,66,normal_corr_dominates,2.73700285e+00,1.00000000e+00,2.50000111e+07,1.11355312e+01,-6.41077314e+00,1.75463043e+01,1.00013505e-09
29,7.40695267e-01,2.34712167e-08,96,22,1,67,normal_corr_dominates,1.29160975e+00,1.00000000e+00,2.49999853e+07,-1.46909902e+01,-6.41077314e+00,-8.28021708e+00,1.00011704e-09
29,7.40695267e-01,2.34712167e-08,96,22,2,68,corr_ratio_high,1.57175979e+00,5.00000000e-01,2.49999961e+07,-3.87909642e+00,-6.41077314e+00,2.53167671e+00,1.00004914e-09
29,7.40695267e-01,2.34712167e-08,96,23,0,69,normal_corr_dominates,8.15291146e+00,1.00000000e+00,2.49999949e+07,-5.13138841e+00,-5.60629089e-01,-4.57075932e+00,1.00012277e-09
29,7.40695267e-01,2.34712167e-08,96,23,1,70,normal_corr_dominates,5.66884877e+00,1.00000000e+00,2.49999963e+07,-3.73875061e+00,-5.60629089e-01,-3.17812152e+00,1.00009883e-09
29,7.40695267e-01,2.34712167e-08,96,23,2,71,normal_corr_dominates,3.16427402e+01,1.00000000e+00,2.50000172e+07,1.71792115e+01,-5.60629089e-01,1.77398406e+01,1.00012698e-09
29,7.40695267e-01,2.34712167e-08,96,24,1,73,corr_ratio_high,5.81168010e-01,5.00000000e-01,2.49999959e+07,-4.06350208e+00,-1.06779980e+01,6.61449588e+00,1.00007136e-09
29,7.40695267e-01,2.34712167e-08,96,24,2,74,normal_corr_dominates,1.08089629e+00,1.00000000e+00,2.49999778e+07,-2.22198063e+01,-1.06779980e+01,-1.15418084e+01,1.00010724e-09
29,7.40695267e-01,2.34712167e-08,96,26,0,78,normal_corr_dominates,5.29316090e+00,1.00000000e+00,2.50000154e+07,1.53843662e+01,-3.58345903e+00,1.89678252e+01,1.00018711e-09
29,7.40695267e-01,2.34712167e-08,96,26,1,79,normal_corr_dominates,1.85020294e+00,1.00000000e+00,2.49999898e+07,-1.02135855e+01,-3.58345903e+00,-6.63012645e+00,1.00010256e-09
29,7.40695267e-01,2.34712167e-08,96,26,2,80,normal_corr_dominates,4.31808858e+00,1.00000000e+00,2.49999809e+07,-1.90571526e+01,-3.58345903e+00,-1.54736935e+01,1.00005908e-09
29,7.40695267e-01,2.34712167e-08,96,26,2,80,corr_ratio_high,1.22371123e+00,5.00000000e-01,2.49999809e+07,-1.90571526e+01,-3.58345903e+00,-1.54736935e+01,1.00005908e-09
29,7.40695267e-01,2.34712167e-08,96,27,0,81,normal_corr_dominates,4.34954751e+00,1.00000000e+00,2.49999828e+07,-1.71686510e+01,-3.20936509e+00,-1.39592859e+01,1.00009171e-09
29,7.40695267e-01,2.34712167e-08,96,27,1,82,normal_corr_dominates,2.72642531e+00,1.00000000e+00,2.50000055e+07,5.54072913e+00,-3.20936509e+00,8.75009422e+00,1.00008879e-09
29,7.40695267e-01,2.34712167e-08,96,29,0,87,normal_corr_dominates,1.03316852e+01,1.00000000e+00,2.49999533e+07,-4.67241904e+01,-4.12332232e+00,-4.26008681e+01,1.00008421e-09
29,7.40695267e-01,2.34712167e-08,96,29,0,87,corr_ratio_high,8.84322160e-01,5.00000000e-01,2.49999533e+07,-4.67241904e+01,-4.12332232e+00,-4.26008681e+01,1.00008421e-09
29,7.40695267e-01,2.34712167e-08,96,29,1,88,normal_corr_dominates,5.67738711e+00,1.00000000e+00,2.49999725e+07,-2.75330193e+01,-4.12332232e+00,-2.34096970e+01,1.00010774e-09
29,7.40695267e-01,2.34712167e-08,96,29,2,89,normal_corr_dominates,3.25284279e+00,1.00000000e+00,2.50000093e+07,9.28919695e+00,-4.12332232e+00,1.34125193e+01,1.00009609e-09
29,7.40695267e-01,2.34712167e-08,96,30,2,92,normal_corr_dominates,1.40054572e+00,1.00000000e+00,2.49999725e+07,-2.74708528e+01,-1.14435866e+01,-1.60272662e+01,1.00011419e-09
29,7.40695267e-01,2.34712167e-08,96,31,0,93,normal_corr_dominates,1.51328862e+00,1.00000000e+00,2.49999875e+07,-1.24536145e+01,-4.95510718e+00,-7.49850731e+00,1.00009434e-09
29,7.40695267e-01,2.34712167e-08,96,31,1,94,normal_corr_dominates,1.36881073e+00,1.00000000e+00,2.50000018e+07,1.82749669e+00,-4.95510718e+00,6.78260387e+00,1.00011541e-09
29,7.40695267e-01,2.34712167e-08,96,31,2,95,normal_corr_dominates,1.96952401e+00,1.00000000e+00,2.50000048e+07,4.80409536e+00,-4.95510718e+00,9.75920254e+00,1.00008683e-09
29,7.40695267e-01,2.34712167e-08,96,32,1,97,normal_corr_dominates,2.34795042e+00,1.00000000e+00,2.49999843e+07,-1.56764271e+01,-4.68239523e+00,-1.09940319e+01,1.00008209e-09
29,7.40695267e-01,2.34712167e-08,96,33,0,99,normal_corr_dominates,5.41657409e+00,1.00000000e+00,2.49999765e+07,-2.35243948e+01,-3.66619234e+00,-1.98582024e+01,1.00009451e-09
29,7.40695267e-01,2.34712167e-08,96,33,1,100,normal_corr_dominates,1.32809685e+00,1.00000000e+00,2.49999915e+07,-8.53525083e+00,-3.66619234e+00,-4.86905849e+00,1.00009650e-09
29,7.40695267e-01,2.34712167e-08,96,33,2,101,normal_corr_dominates,3.23089983e+00,1.00000000e+00,2.50000082e+07,8.17890786e+00,-3.66619234e+00,1.18451002e+01,1.00009573e-09
29,7.40695267e-01,2.34712167e-08,96,34,0,102,normal_corr_dominates,2.22978647e+00,1.00000000e+00,2.49999723e+07,-2.76626799e+01,-8.56486340e+00,-1.90978165e+01,1.00007963e-09
29,7.40695267e-01,2.34712167e-08,96,34,1,103,normal_corr_dominates,2.05410612e+00,1.00000000e+00,2.50000090e+07,9.02827492e+00,-8.56486340e+00,1.75931383e+01,1.00007469e-09
29,7.40695267e-01,2.34712167e-08,96,35,0,105,normal_corr_dominates,3.78925990e+01,1.00000000e+00,2.50000333e+07,3.33221322e+01,-9.03219973e-01,3.42253522e+01,1.00014266e-09
29,7.40695267e-01,2.34712167e-08,96,35,1,106,normal_corr_dominates,1.94648876e+01,1.00000000e+00,2.49999815e+07,-1.84842952e+01,-9.03219973e-01,-1.75810752e+01,1.00019795e-09
29,7.40695267e-01,2.34712167e-08,96,35,2,107,normal_corr_dominates,3.93097693e+01,1.00000000e+00,2.49999636e+07,-3.64085887e+01,-9.03219973e-01,-3.55053688e+01,1.00003283e-09
29,7.40695267e-01,2.34712167e-08,96,35,2,107,corr_ratio_high,4.23862706e+00,5.00000000e-01,2.49999636e+07,-3.64085887e+01,-9.03219973e-01,-3.55053688e+01,1.00003283e-09
29,7.40695267e-01,2.34712167e-08,96,36,1,109,corr_ratio_high,7.25389896e-01,5.00000000e-01,2.49999812e+07,-1.87524645e+01,-1.56389042e+01,-3.11356030e+00,1.00006111e-09
29,7.40695267e-01,2.34712167e-08,96,37,0,111,normal_corr_dominates,1.89296670e+00,1.00000000e+00,2.50000029e+07,2.87894080e+00,-3.22401808e+00,6.10295888e+00,1.00010055e-09
29,7.40695267e-01,2.34712167e-08,96,37,2,113,normal_corr_dominates,2.71315083e+00,1.00000000e+00,2.50000055e+07,5.52322924e+00,-3.22401808e+00,8.74724732e+00,1.00007169e-09
30,7.66913959e-01,2.43020369e-08,96,0,0,0,corr_ratio_high,9.35205677e-01,5.00000000e-01,2.49999816e+07,-1.83825524e+01,-1.34114660e+01,-4.97108635e+00,1.00006136e-09
30,7.66913959e-01,2.43020369e-08,96,0,2,2,normal_corr_dominates,1.13483684e+00,1.00000000e+00,2.50000018e+07,1.80835977e+00,-1.34114660e+01,1.52198258e+01,1.00010297e-09
30,7.66913959e-01,2.43020369e-08,96,1,0,3,normal_corr_dominates,8.30111937e+00,1.00000000e+00,2.50000156e+07,1.56287898e+01,-2.14060187e+00,1.77693916e+01,1.00012981e-09
30,7.66913959e-01,2.43020369e-08,96,1,1,4,normal_corr_dominates,8.95948058e+00,1.00000000e+00,2.49999787e+07,-2.13192827e+01,-2.14060187e+00,-1.91786809e+01,1.00008262e-09
30,7.66913959e-01,2.43020369e-08,96,1,1,4,corr_ratio_high,8.74667867e-01,5.00000000e-01,2.49999787e+07,-2.13192827e+01,-2.14060187e+00,-1.91786809e+01,1.00008262e-09
30,7.66913959e-01,2.43020369e-08,96,1,2,5,normal_corr_dominates,6.59957078e+00,1.00000000e+00,2.49999837e+07,-1.62676554e+01,-2.14060187e+00,-1.41270535e+01,1.00012023e-09
30,7.66913959e-01,2.43020369e-08,96,2,0,6,normal_corr_dominates,1.15033998e+00,1.00000000e+00,2.50000010e+07,9.68208225e-01,-6.44012494e+00,7.40833316e+00,1.00009165e-09
30,7.66913959e-01,2.43020369e-08,96,2,0,6,corr_ratio_high,5.86242921e-01,5.00000000e-01,2.50000010e+07,9.68208225e-01,-6.44012494e+00,7.40833316e+00,1.00009165e-09
30,7.66913959e-01,2.43020369e-08,96,2,1,7,normal_corr_dominates,3.60743397e+00,1.00000000e+00,2.49999703e+07,-2.96724504e+01,-6.44012494e+00,-2.32323255e+01,1.00010872e-09
30,7.66913959e-01,2.43020369e-08,96,2,2,8,normal_corr_dominates,3.75761853e+00,1.00000000e+00,2.50000178e+07,1.77594078e+01,-6.44012494e+00,2.41995328e+01,1.00016634e-09
30,7.66913959e-01,2.43020369e-08,96,3,0,9,normal_corr_dominates,1.73551476e+01,1.00000000e+00,2.49999653e+07,-3.47384375e+01,-1.89257195e+00,-3.28458655e+01,1.00025161e-09
30,7.66913959e-01,2.43020369e-08,96,3,0,9,corr_ratio_high,5.86233559e-01,5.00000000e-01,2.49999653e+07,-3.47384375e+01,-1.89257195e+00,-3.28458655e+01,1.00025161e-09
30,7.66913959e-01,2.43020369e-08,96,3,1,10,normal_corr_dominates,8.53944071e+00,1.00000000e+00,2.49999819e+07,-1.80540779e+01,-1.89257195e+00,-1.61615060e+01,1.00006685e-09
30,7.66913959e-01,2.43020369e-08,96,3,1,10,corr_ratio_high,8.55657544e-01,5.00000000e-01,2.49999819e+07,-1.80540779e+01,-1.89257195e+00,-1.61615060e+01,1.00006685e-09
30,7.66913959e-01,2.43020369e-08,96,3,2,11,normal_corr_dominates,1.08807301e+01,1.00000000e+00,2.50000187e+07,1.86999927e+01,-1.89257195e+00,2.05925647e+01,1.00002800e-09
30,7.66913959e-01,2.43020369e-08,96,3,2,11,corr_ratio_high,1.78590447e+00,5.00000000e-01,2.50000187e+07,1.86999927e+01,-1.89257195e+00,2.05925647e+01,1.00002800e-09
30,7.66913959e-01,2.43020369e-08,96,4,0,12,normal_corr_dominates,1.56070076e+00,1.00000000e+00,2.49999961e+07,-3.87231517e+00,-1.51220917e+00,-2.36010600e+00,1.00011610e-09
30,7.66913959e-01,2.43020369e-08,96,4,1,13,normal_corr_dominates,2.78892892e+00,1.00000000e+00,2.50000027e+07,2.70523472e+00,-1.51220917e+00,4.21744388e+00,1.00009885e-09
30,7.66913959e-01,2.43020369e-08,96,4,2,14,normal_corr_dominates,6.79321378e+00,1.00000000e+00,2.50000088e+07,8.76055099e+00,-1.51220917e+00,1.02727602e+01,1.00008063e-09
30,7.66913959e-01,2.43020369e-08,96,5,0,15,normal_corr_dominates,2.13335078e+00,1.00000000e+00,2.50000129e+07,1.29453659e+01,-1.14222058e+01,2.43675717e+01,1.00007241e-09
30,7.66913959e-01,2.43020369e-08,96,5,1,16,normal_corr_dominates,1.41815805e+00,1.00000000e+00,2.49999724e+07,-2.76206989e+01,-1.14222058e+01,-1.61984931e+01,1.00011743e-09
30,7.66913959e-01,2.43020369e-08,96,5,2,17,normal_corr_dominates,1.70798231e+00,1.00000000e+00,2.49999691e+07,-3.09311313e+01,-1.14222058e+01,-1.95089254e+01,1.00012448e-09
30,7.66913959e-01,2.43020369e-08,96,6,1,19,normal_corr_dominates,2.04369294e+00,1.00000000e+00,2.50000079e+07,7.88102920e+00,-7.55109948e+00,1.54321287e+01,1.00007471e-09
30,7.66913959e-01,2.43020369e-08,96,6,2,20,normal_corr_dominates,3.87594648e+00,1.00000000e+00,2.49999632e+07,-3.68187569e+01,-7.55109948e+00,-2.92676574e+01,1.00015188e-09
30,7.66913959e-01,2.43020369e-08,96,7,0,21,normal_corr_dominates,6.85409223e+01,1.00000000e+00,2.49999853e+07,-1.47352340e+01,-2.11892991e-01,-1.45233411e+01,1.00009600e-09
30,7.66913959e-01,2.43020369e-08,96,7,1,22,normal_corr_dominates,4.23845282e+01,1.00000000e+00,2.49999908e+07,-9.19287746e+00,-2.11892991e-01,-8.98098447e+00,1.00012918e-09
30,7.66913959e-01,2.43020369e-08,96,7,2,23,normal_corr_dominates,1.10246109e+02,1.00000000e+00,2.50000231e+07,2.31484849e+01,-2.11892991e-01,2.33603779e+01,1.00012208e-09
30,7.66913959e-01,2.43020369e-08,96,8,0,24,normal_corr_dominates,4.40699422e+00,1.00000000e+00,2.49999836e+07,-1.64206340e+01,-3.03692465e+00,-1.33837094e+01,1.00009158e-09
30,7.66913959e-01,2.43020369e-08,96,8,1,25,normal_corr_dominates,4.61965667e+00,1.00000000e+00,2.50000110e+07,1.09926245e+01,-3.03692465e+00,1.40295492e+01,1.00006962e-09
30,7.66913959e-01,2.43020369e-08,96,8,1,25,corr_ratio_high,5.23058836e-01,5.00000000e-01,2.50000110e+07,1.09926245e+01,-3.03692465e+00,1.40295492e+01,1.00006962e-09
30,7.66913959e-01,2.43020369e-08,96,8,2,26,normal_corr_dominates,2.95041370e+00,1.00000000e+00,2.50000059e+07,5.92325944e+00,-3.03692465e+00,8.96018408e+00,1.00010429e-09
30,7.66913959e-01,2.43020369e-08,96,9,0,27,normal_corr_dominates,1.30955438e+00,1.00000000e+00,2.50000024e+07,2.38022383e+00,-7.68919444e+00,1.00694183e+01,1.00013503e-09
30,7.66913959e-01,2.43020369e-08,96,9,1,28,normal_corr_dominates,2.14239957e+00,1.00000000e+00,2.49999758e+07,-2.41625213e+01,-7.68919444e+00,-1.64733269e+01,1.00010469e-09
30,7.66913959e-01,2.43020369e-08,96,9,2,29,normal_corr_dominates,2.45961364e+00,1.00000000e+00,2.49999734e+07,-2.66016420e+01,-7.68919444e+00,-1.89124476e+01,1.00010643e-09
30,7.66913959e-01,2.43020369e-08,96,10,0,30,normal_corr_dominates,5.22537565e+00,1.00000000e+00,2.50000103e+07,1.02631468e+01,-2.42893121e+00,1.26920780e+01,1.00010510e-09
30,7.66913959e-01,2.43020369e-08,96,10,1,31,normal_corr_dominates,1.05943341e+01,1.00000000e+00,2.50000233e+07,2.33039774e+01,-2.42893121e+00,2.57329086e+01,1.00017926e-09
30,7.66913959e-01,2.43020369e-08,96,10,2,32,normal_corr_dominates,9.40114065e+00,1.00000000e+00,2.49999747e+07,-2.52636552e+01,-2.42893121e+00,-2.28347239e+01,1.00010452e-09
30,7.66913959e-01,2.43020369e-08,96,11,0,33,normal_corr_dominates,2.91629366e+00,1.00000000e+00,2.49999958e+07,-4.15273569e+00,-1.06037393e+00,-3.09236176e+00,1.00014954e-09
30,7.66913959e-01,2.43020369e-08,96,11,1,34,normal_corr_dominates,6.60565259e+00,1.00000000e+00,2.50000059e+07,5.94408786e+00,-1.06037393e+00,7.00446179e+00,1.00013298e-09
30,7.66913959e-01,2.43020369e-08,96,11,2,35,normal_corr_dominates,1.21157162e+01,1.00000000e+00,2.49999861e+07,-1.39075635e+01,-1.06037393e+00,-1.28471896e+01,1.00007345e-09
30,7.66913959e-01,2.43020369e-08,96,11,2,35,corr_ratio_high,1.01855784e+00,5.00000000e-01,2.49999861e+07,-1.39075635e+01,-1.06037393e+00,-1.28471896e+01,1.00007345e-09
30,7.66913959e-01,2.43020369e-08,96,12,1,37,normal_corr_dominates,1.16053794e+00,1.00000000e+00,2.50000020e+07,2.03557455e+00,-1.26797098e+01,1.47152844e+01,1.00008983e-09
30,7.66913959e-01,2.43020369e-08,96,13,0,39,normal_corr_dominates,1.76926328e+00,1.00000000e+00,2.50000051e+07,5.06953195e+00,-6.59011304e+00,1.16596450e+01,1.00007281e-09
30,7.66913959e-01,2.43020369e-08,96,14,0,42,normal_corr_dominates,3.06800372e+00,1.00000000e+00,2.49999950e+07,-5.00085016e+00,-1.22931308e+00,-3.77153708e+00,1.00010772e-09
30,7.66913959e-01,2.43020369e-08,96,14,1,43,normal_corr_dominates,3.11710751e+00,1.00000000e+00,2.49999949e+07,-5.06121410e+00,-1.22931308e+00,-3.83190102e+00,1.00009118e-09
30,7.66913959e-01,2.43020369e-08,96,14,2,44,normal_corr_dominates,1.78836709e+01,1.00000000e+00,2.50000208e+07,2.07553174e+01,-1.22931308e+00,2.19846305e+01,1.00015002e-09
30,7.66913959e-01,2.43020369e-08,96,15,0,45,normal_corr_dominates,1.39118937e+00,1.00000000e+00,2.49999862e+07,-1.38233560e+01,-5.78095408e+00,-8.04240189e+00,1.00008818e-09
30,7.66913959e-01,2.43020369e-08,96,15,1,46,normal_corr_dominates,2.77747365e+00,1.00000000e+00,2.50000103e+07,1.02754936e+01,-5.78095408e+00,1.60564477e+01,1.00009116e-09
30,7.66913959e-01,2.43020369e-08,96,15,2,47,normal_corr_dominates,3.89986673e+00,1.00000000e+00,2.49999717e+07,-2.83259046e+01,-5.78095408e+00,-2.25449505e+01,1.00013170e-09
30,7.66913959e-01,2.43020369e-08,96,16,2,50,normal_corr_dominates,1.01515968e+00,1.00000000e+00,2.50000002e+07,1.51654463e-01,-1.00038024e+01,1.01554569e+01,1.00009417e-09
30,7.66913959e-01,2.43020369e-08,96,17,0,51,corr_ratio_high,5.13490058e-01,5.00000000e-01,2.49999968e+07,-3.17534481e+00,-9.45428597e+00,6.27894116e+00,1.00022188e-09
30,7.66913959e-01,2.43020369e-08,96,17,1,52,normal_corr_dominates,1.22887679e+00,1.00000000e+00,2.50000022e+07,2.16386660e+00,-9.45428597e+00,1.16181526e+01,1.00013819e-09
30,7.66913959e-01,2.43020369e-08,96,17,2,53,corr_ratio_high,2.57393295e+00,5.00000000e-01,2.50000000e+07,-3.75767246e-02,-9.45428597e+00,9.41670924e+00,1.00002190e-09
30,7.66913959e-01,2.43020369e-08,96,18,2,56,normal_corr_dominates,1.00588080e+00,1.00000000e+00,2.50000001e+07,1.01049044e-01,-1.71828864e+01,1.72839354e+01,1.00011122e-09
30,7.66913959e-01,2.43020369e-08,96,19,0,57,normal_corr_dominates,1.48547721e+01,1.00000000e+00,2.49999480e+07,-5.19524126e+01,-3.27676817e+00,-4.86756445e+01,1.00008316e-09
30,7.66913959e-01,2.43020369e-08,96,19,0,57,corr_ratio_high,1.16201746e+00,5.00000000e-01,2.49999480e+07,-5.19524126e+01,-3.27676817e+00,-4.86756445e+01,1.00008316e-09
30,7.66913959e-01,2.43020369e-08,96,19,2,59,normal_corr_dominates,2.33618608e+00,1.00000000e+00,2.50000044e+07,4.37837201e+00,-3.27676817e+00,7.65514018e+00,1.00009535e-09
30,7.66913959e-01,2.43020369e-08,96,20,1,61,normal_corr_dominates,1.04548678e+00,1.00000000e+00,2.50000004e+07,3.75690423e-01,-8.25933286e+00,8.63502329e+00,1.00012699e-09
30,7.66913959e-01,2.43020369e-08,96,20,2,62,normal_corr_dominates,2.47852937e+00,1.00000000e+00,2.49999713e+07,-2.87303319e+01,-8.25933286e+00,-2.04709991e+01,1.00010011e-09
30,7.66913959e-01,2.43020369e-08,96,21,0,63,normal_corr_dominates,1.59429389e+00,1.00000000e+00,2.49999837e+07,-1.63266061e+01,-6.29327546e+00,-1.00333306e+01,1.00009434e-09
30,7.66913959e-01,2.43020369e-08,96,21,1,64,normal_corr_dominates,2.29336229e+00,1.00000000e+00,2.50000081e+07,8.13948518e+00,-6.29327546e+00,1.44327606e+01,1.00009784e-09
30,7.66913959e-01,2.43020369e-08,96,21,2,65,normal_corr_dominates,1.44191672e+00,1.00000000e+00,2.50000028e+07,2.78110364e+00,-6.29327546e+00,9.07437910e+00,1.00011094e-09
30,7.66913959e-01,2.43020369e-08,96,22,0,66,normal_corr_dominates,2.73583530e+00,1.00000000e+00,2.50000115e+07,1.14993807e+01,-6.62469572e+00,1.81240764e+01,1.00013952e-09
30,7.66913959e-01,2.43020369e-08,96,22,1,67,normal_corr_dominates,1.29122459e+00,1.00000000e+00,2.49999848e+07,-1.51786657e+01,-6.62469572e+00,-8.55397001e+00,1.00012092e-09
30,7.66913959e-01,2.43020369e-08,96,22,2,68,corr_ratio_high,1.57166312e+00,5.00000000e-01,2.49999960e+07,-4.00844531e+00,-6.62469572e+00,2.61625041e+00,1.00005077e-09
30,7.66913959e-01,2.43020369e-08,96,23,0,69,normal_corr_dominates,8.14040442e+00,1.00000000e+00,2.49999947e+07,-5.30044751e+00,-5.79892012e-01,-4.72055550e+00,1.00012683e-09
30,7.66913959e-01,2.43020369e-08,96,23,1,70,normal_corr_dominates,5.66105431e+00,1.00000000e+00,2.49999961e+07,-3.86269218e+00,-5.79892012e-01,-3.28280017e+00,1.00010210e-09
30,7.66913959e-01,2.43020369e-08,96,23,2,71,normal_corr_dominates,3.16042723e+01,1.00000000e+00,2.50000177e+07,1.77471730e+01,-5.79892012e-01,1.83270651e+01,1.00013118e-09
30,7.66913959e-01,2.43020369e-08,96,24,1,73,corr_ratio_high,5.81190689e-01,5.00000000e-01,2.49999958e+07,-4.19980863e+00,-1.10327691e+01,6.83296044e+00,1.00007372e-09
30,7.66913959e-01,2.43020369e-08,96,24,2,74,normal_corr_dominates,1.08078494e+00,1.00000000e+00,2.49999770e+07,-2.29568198e+01,-1.10327691e+01,-1.19240507e+01,1.00011079e-09
30,7.66913959e-01,2.43020369e-08,96,26,0,78,normal_corr_dominates,5.29191666e+00,1.00000000e+00,2.50000159e+07,1.58921325e+01,-3.70280547e+00,1.95949380e+01,1.00019330e-09
30,7.66913959e-01,2.43020369e-08,96,26,1,79,normal_corr_dominates,1.84953098e+00,1.00000000e+00,2.49999894e+07,-1.05512589e+01,-3.70280547e+00,-6.84845343e+00,1.00010595e-09
30,7.66913959e-01,2.43020369e-08,96,26,2,80,normal_corr_dominates,4.31681045e+00,1.00000000e+00,2.49999803e+07,-1.96871148e+01,-3.70280547e+00,-1.59843093e+01,1.00006104e-09
30,7.66913959e-01,2.43020369e-08,96,26,2,80,corr_ratio_high,1.22346254e+00,5.00000000e-01,2.49999803e+07,-1.96871148e+01,-3.70280547e+00,-1.59843093e+01,1.00006104e-09
30,7.66913959e-01,2.43020369e-08,96,27,0,81,normal_corr_dominates,4.34790295e+00,1.00000000e+00,2.49999823e+07,-1.77357697e+01,-3.31639707e+00,-1.44193726e+01,1.00009475e-09
30,7.66913959e-01,2.43020369e-08,96,27,1,82,normal_corr_dominates,2.72648562e+00,1.00000000e+00,2.50000057e+07,5.72571185e+00,-3.31639707e+00,9.04210892e+00,1.00009172e-09
30,7.66913959e-01,2.43020369e-08,96,29,0,87,normal_corr_dominates,1.03288275e+01,1.00000000e+00,2.49999517e+07,-4.82698941e+01,-4.26080230e+00,-4.40090918e+01,1.00008700e-09
30,7.66913959e-01,2.43020369e-08,96,29,0,87,corr_ratio_high,8.84339266e-01,5.00000000e-01,2.49999517e+07,-4.82698941e+01,-4.26080230e+00,-4.40090918e+01,1.00008700e-09
30,7.66913959e-01,2.43020369e-08,96,29,1,88,normal_corr_dominates,5.67575402e+00,1.00000000e+00,2.49999716e+07,-2.84440681e+01,-4.26080230e+00,-2.41832658e+01,1.00011131e-09
30,7.66913959e-01,2.43020369e-08,96,29,2,89,normal_corr_dominates,3.25205905e+00,1.00000000e+00,2.50000096e+07,9.59557836e+00,-4.26080230e+00,1.38563807e+01,1.00009927e-09
30,7.66913959e-01,2.43020369e-08,96,30,2,92,normal_corr_dominates,1.40034555e+00,1.00000000e+00,2.49999716e+07,-2.83803457e+01,-1.18234417e+01,-1.65569040e+01,1.00011797e-09
30,7.66913959e-01,2.43020369e-08,96,31,0,93,normal_corr_dominates,1.51274900e+00,1.00000000e+00,2.49999871e+07,-1.28659127e+01,-5.12025384e+00,-7.74565885e+00,1.00009747e-09
30,7.66913959e-01,2.43020369e-08,96,31,1,94,normal_corr_dominates,1.36818470e+00,1.00000000e+00,2.50000019e+07,1.88519913e+00,-5.12025384e+00,7.00545297e+00,1.00011923e-09
30,7.66913959e-01,2.43020369e-08,96,31,2,95,normal_corr_dominates,1.96910230e+00,1.00000000e+00,2.50000050e+07,4.96204975e+00,-5.12025384e+00,1.00823036e+01,1.00008970e-09
30,7.66913959e-01,2.43020369e-08,96,32,1,97,normal_corr_dominates,2.34730465e+00,1.00000000e+00,2.49999838e+07,-1.61945398e+01,-4.83808360e+00,-1.13564562e+01,1.00008481e-09
30,7.66913959e-01,2.43020369e-08,96,33,0,99,normal_corr_dominates,5.41498000e+00,1.00000000e+00,2.49999757e+07,-2.43029039e+01,-3.78846137e+00,-2.05144425e+01,1.00009764e-09
30,7.66913959e-01,2.43020369e-08,96,33,1,100,normal_corr_dominates,1.32747136e+00,1.00000000e+00,2.49999912e+07,-8.81753534e+00,-3.78846137e+00,-5.02907397e+00,1.00009970e-09
30,7.66913959e-01,2.43020369e-08,96,33,2,101,normal_corr_dominates,3.23010640e+00,1.00000000e+00,2.50000084e+07,8.44867192e+00,-3.78846137e+00,1.22371333e+01,1.00009890e-09
30,7.66913959e-01,2.43020369e-08,96,34,0,102,normal_corr_dominates,2.22945862e+00,1.00000000e+00,2.49999714e+07,-2.85797816e+01,-8.84971290e+00,-1.97300687e+01,1.00008227e-09
30,7.66913959e-01,2.43020369e-08,96,34,1,103,normal_corr_dominates,2.05370429e+00,1.00000000e+00,2.50000093e+07,9.32498048e+00,-8.84971290e+00,1.81746934e+01,1.00007716e-09
30,7.66913959e-01,2.43020369e-08,96,35,0,105,normal_corr_dominates,3.78544532e+01,1.00000000e+00,2.50000344e+07,3.44229318e+01,-9.34023673e-01,3.53569555e+01,1.00014737e-09
30,7.66913959e-01,2.43020369e-08,96,35,1,106,normal_corr_dominates,1.94453521e+01,1.00000000e+00,2.49999809e+07,-1.90964429e+01,-9.34023673e-01,-1.81624192e+01,1.00020450e-09
30,7.66913959e-01,2.43020369e-08,96,35,2,107,normal_corr_dominates,3.92681607e+01,1.00000000e+00,2.49999624e+07,-3.76114154e+01,-9.34023673e-01,-3.66773917e+01,1.00003392e-09
30,7.66913959e-01,2.43020369e-08,96,35,2,107,corr_ratio_high,4.23747424e+00,5.00000000e-01,2.49999624e+07,-3.76114154e+01,-9.34023673e-01,-3.66773917e+01,1.00003392e-09
30,7.66913959e-01,2.43020369e-08,96,36,1,109,corr_ratio_high,7.25355300e-01,5.00000000e-01,2.49999806e+07,-1.93752577e+01,-1.61577891e+01,-3.21746863e+00,1.00006314e-09
30,7.66913959e-01,2.43020369e-08,96,37,0,111,normal_corr_dominates,1.89325410e+00,1.00000000e+00,2.50000030e+07,2.97600613e+00,-3.33164566e+00,6.30765179e+00,1.00010387e-09
30,7.66913959e-01,2.43020369e-08,96,37,2,113,normal_corr_dominates,2.71251172e+00,1.00000000e+00,2.50000057e+07,5.70548223e+00,-3.33164566e+00,9.03712789e+00,1.00007407e-09
31,7.92603670e-01,2.51160947e-08,96,0,0,0,corr_ratio_high,9.35119941e-01,5.00000000e-01,2.49999810e+07,-1.89596151e+01,-1.38325180e+01,-5.12709702e+00,1.00006328e-09
31,7.92603670e-01,2.51160947e-08,96,0,2,2,normal_corr_dominates,1.13461298e+00,1.00000000e+00,2.50000019e+07,1.86203651e+00,-1.38325180e+01,1.56945546e+01,1.00010619e-09
31,7.92603670e-01,2.51160947e-08,96,1,0,3,normal_corr_dominates,8.30059518e+00,1.00000000e+00,2.50000161e+07,1.61165905e+01,-2.20757214e+00,1.83241627e+01,1.00013387e-09
31,7.92603670e-01,2.51160947e-08,96,1,1,4,normal_corr_dominates,8.96133990e+00,1.00000000e+00,2.49999780e+07,-2.19903764e+01,-2.20757214e+00,-1.97828043e+01,1.00008521e-09
31,7.92603670e-01,2.51160947e-08,96,1,1,4,corr_ratio_high,8.74732917e-01,5.00000000e-01,2.49999780e+07,-2.19903764e+01,-2.20757214e+00,-1.97828043e+01,1.00008521e-09
31,7.92603670e-01,2.51160947e-08,96,1,2,5,normal_corr_dominates,6.59850206e+00,1.00000000e+00,2.49999832e+07,-1.67742414e+01,-2.20757214e+00,-1.45666693e+01,1.00012400e-09
31,7.92603670e-01,2.51160947e-08,96,2,0,6,normal_corr_dominates,1.14964421e+00,1.00000000e+00,2.50000010e+07,9.93945488e-01,-6.64205783e+00,7.63600332e+00,1.00009451e-09
31,7.92603670e-01,2.51160947e-08,96,2,0,6,corr_ratio_high,5.86304865e-01,5.00000000e-01,2.50000010e+07,9.93945488e-01,-6.64205783e+00,7.63600332e+00,1.00009451e-09
31,7.92603670e-01,2.51160947e-08,96,2,1,7,normal_corr_dominates,3.60690275e+00,1.00000000e+00,2.49999694e+07,-3.05993144e+01,-6.64205783e+00,-2.39572566e+01,1.00011212e-09
31,7.92603670e-01,2.51160947e-08,96,2,2,8,normal_corr_dominates,3.75758545e+00,1.00000000e+00,2.50000183e+07,1.83160420e+01,-6.64205783e+00,2.49580998e+01,1.00017155e-09
31,7.92603670e-01,2.51160947e-08,96,3,0,9,normal_corr_dominates,1.73446438e+01,1.00000000e+00,2.49999642e+07,-3.58253734e+01,-1.95290646e+00,-3.38724669e+01,1.00025948e-09
31,7.92603670e-01,2.51160947e-08,96,3,0,9,corr_ratio_high,5.86227690e-01,5.00000000e-01,2.49999642e+07,-3.58253734e+01,-1.95290646e+00,-3.38724669e+01,1.00025948e-09
31,7.92603670e-01,2.51160947e-08,96,3,1,10,normal_corr_dominates,8.53328787e+00,1.00000000e+00,2.49999814e+07,-1.86176195e+01,-1.95290646e+00,-1.66647130e+01,1.00006894e-09
31,7.92603670e-01,2.51160947e-08,96,3,1,10,corr_ratio_high,8.55649245e-01,5.00000000e-01,2.49999814e+07,-1.86176195e+01,-1.95290646e+00,-1.66647130e+01,1.00006894e-09
31,7.92603670e-01,2.51160947e-08,96,3,2,11,normal_corr_dominates,1.08734459e+01,1.00000000e+00,2.50000193e+07,1.92819163e+01,-1.95290646e+00,2.12348228e+01,1.00002888e-09
31,7.92603670e-01,2.51160947e-08,96,3,2,11,corr_ratio_high,1.78551257e+00,5.00000000e-01,2.50000193e+07,1.92819163e+01,-1.95290646e+00,2.12348228e+01,1.00002888e-09
31,7.92603670e-01,2.51160947e-08,96,4,0,12,normal_corr_dominates,1.55911067e+00,1.00000000e+00,2.49999960e+07,-3.99317442e+00,-1.56037582e+00,-2.43279860e+00,1.00011973e-09
31,7.92603670e-01,2.51160947e-08,96,4,1,13,normal_corr_dominates,2.78677334e+00,1.00000000e+00,2.50000028e+07,2.78803792e+00,-1.56037582e+00,4.34841375e+00,1.00010194e-09
31,7.92603670e-01,2.51160947e-08,96,4,2,14,normal_corr_dominates,6.78994783e+00,1.00000000e+00,2.50000090e+07,9.03449461e+00,-1.56037582e+00,1.05948704e+01,1.00008316e-09
31,7.92603670e-01,2.51160947e-08,96,5,0,15,normal_corr_dominates,2.13293145e+00,1.00000000e+00,2.50000133e+07,1.33470358e+01,-1.17809738e+01,2.51280096e+01,1.00007468e-09
31,7.92603670e-01,2.51160947e-08,96,5,1,16,normal_corr_dominates,1.41785277e+00,1.00000000e+00,2.49999715e+07,-2.84846601e+01,-1.17809738e+01,-1.67036863e+01,1.00012111e-09
31,7.92603670e-01,2.51160947e-08,96,5,2,17,normal_corr_dominates,1.70787121e+00,1.00000000e+00,2.49999681e+07,-3.19013598e+01,-1.17809738e+01,-2.01203860e+01,1.00012837e-09
31,7.92603670e-01,2.51160947e-08,96,6,1,19,normal_corr_dominates,2.04303388e+00,1.00000000e+00,2.50000081e+07,8.12371301e+00,-7.78854180e+00,1.59122548e+01,1.00007705e-09
31,7.92603670e-01,2.51160947e-08,96,6,2,20,normal_corr_dominates,3.87537807e+00,1.00000000e+00,2.49999620e+07,-3.79720859e+01,-7.78854180e+00,-3.01835441e+01,1.00015664e-09
31,7.92603670e-01,2.51160947e-08,96,7,0,21,normal_corr_dominates,6.84730750e+01,1.00000000e+00,2.49999848e+07,-1.52005475e+01,-2.18797678e-01,-1.49817498e+01,1.00009900e-09
31,7.92603670e-01,2.51160947e-08,96,7,1,22,normal_corr_dominates,4.23134300e+01,1.00000000e+00,2.49999905e+07,-9.47687790e+00,-2.18797678e-01,-9.25808023e+00,1.00013322e-09
31,7.92603670e-01,2.51160947e-08,96,7,2,23,normal_corr_dominates,1.10106470e+02,1.00000000e+00,2.50000239e+07,2.38722424e+01,-2.18797678e-01,2.40910400e+01,1.00012591e-09
31,7.92603670e-01,2.51160947e-08,96,8,0,24,normal_corr_dominates,4.40468751e+00,1.00000000e+00,2.49999831e+07,-1.69334345e+01,-3.13310149e+00,-1.38003330e+01,1.00009445e-09
31,7.92603670e-01,2.51160947e-08,96,8,1,25,normal_corr_dominates,4.61726586e+00,1.00000000e+00,2.50000113e+07,1.13332610e+01,-3.13310149e+00,1.44663625e+01,1.00007181e-09
31,7.92603670e-01,2.51160947e-08,96,8,1,25,corr_ratio_high,5.22981368e-01,5.00000000e-01,2.50000113e+07,1.13332610e+01,-3.13310149e+00,1.44663625e+01,1.00007181e-09
31,7.92603670e-01,2.51160947e-08,96,8,2,26,normal_corr_dominates,2.94874467e+00,1.00000000e+00,2.50000061e+07,6.10561483e+00,-3.13310149e+00,9.23871632e+00,1.00010756e-09
31,7.92603670e-01,2.51160947e-08,96,9,0,27,normal_corr_dominates,1.30929919e+00,1.00000000e+00,2.50000025e+07,2.45312481e+00,-7.93123571e+00,1.03843605e+01,1.00013925e-09
31,7.92603670e-01,2.51160947e-08,96,9,1,28,normal_corr_dominates,2.14189222e+00,1.00000000e+00,2.49999751e+07,-2.49190878e+01,-7.93123571e+00,-1.69878521e+01,1.00010797e-09
31,7.92603670e-01,2.51160947e-08,96,9,2,29,normal_corr_dominates,2.45921737e+00,1.00000000e+00,2.49999726e+07,-2.74358683e+01,-7.93123571e+00,-1.95046326e+01,1.00010976e-09
31,7.92603670e-01,2.51160947e-08,96,10,0,30,normal_corr_dominates,5.22344709e+00,1.00000000e+00,2.50000106e+07,1.05815716e+01,-2.50543486e+00,1.30870064e+01,1.00010838e-09
31,7.92603670e-01,2.51160947e-08,96,10,1,31,normal_corr_dominates,1.05923864e+01,1.00000000e+00,2.50000240e+07,2.40330993e+01,-2.50543486e+00,2.65385342e+01,1.00018486e-09
31,7.92603670e-01,2.51160947e-08,96,10,2,32,normal_corr_dominates,9.39841874e+00,1.00000000e+00,2.49999739e+07,-2.60525608e+01,-2.50543486e+00,-2.35471259e+01,1.00010779e-09
31,7.92603670e-01,2.51160947e-08,96,11,0,33,normal_corr_dominates,2.91799926e+00,1.00000000e+00,2.49999957e+07,-4.28269665e+00,-1.09308256e+00,-3.18961410e+00,1.00015422e-09
31,7.92603670e-01,2.51160947e-08,96,11,1,34,normal_corr_dominates,6.60755217e+00,1.00000000e+00,2.50000061e+07,6.12951747e+00,-1.09308256e+00,7.22260003e+00,1.00013714e-09
31,7.92603670e-01,2.51160947e-08,96,11,2,35,normal_corr_dominates,1.21230314e+01,1.00000000e+00,2.49999857e+07,-1.43445567e+01,-1.09308256e+00,-1.32514741e+01,1.00007575e-09
31,7.92603670e-01,2.51160947e-08,96,11,2,35,corr_ratio_high,1.01848210e+00,5.00000000e-01,2.49999857e+07,-1.43445567e+01,-1.09308256e+00,-1.32514741e+01,1.00007575e-09
31,7.92603670e-01,2.51160947e-08,96,12,1,37,normal_corr_dominates,1.16027901e+00,1.00000000e+00,2.50000021e+07,2.09612570e+00,-1.30779801e+01,1.51741058e+01,1.00009264e-09
31,7.92603670e-01,2.51160947e-08,96,13,0,39,normal_corr_dominates,1.76886453e+00,1.00000000e+00,2.50000052e+07,5.22642572e+00,-6.79758985e+00,1.20240156e+01,1.00007509e-09
31,7.92603670e-01,2.51160947e-08,96,14,0,42,normal_corr_dominates,3.06574989e+00,1.00000000e+00,2.49999948e+07,-5.15772256e+00,-1.26857842e+00,-3.88914414e+00,1.00011109e-09
31,7.92603670e-01,2.51160947e-08,96,14,1,43,normal_corr_dominates,3.11525500e+00,1.00000000e+00,2.49999948e+07,-5.22052367e+00,-1.26857842e+00,-3.95194526e+00,1.00009403e-09
31,7.92603670e-01,2.51160947e-08,96,14,2,44,normal_corr_dominates,1.78725595e+01,1.00000000e+00,2.50000214e+07,2.14041647e+01,-1.26857842e+00,2.26727431e+01,1.00015471e-09
31,7.92603670e-01,2.51160947e-08,96,15,0,45,normal_corr_dominates,1.39062674e+00,1.00000000e+00,2.49999857e+07,-1.42555043e+01,-5.96308245e+00,-8.29242190e+00,1.00009094e-09
31,7.92603670e-01,2.51160947e-08,96,15,1,46,normal_corr_dominates,2.77670399e+00,1.00000000e+00,2.50000106e+07,1.05946324e+01,-5.96308245e+00,1.65577148e+01,1.00009401e-09
31,7.92603670e-01,2.51160947e-08,96,15,2,47,normal_corr_dominates,3.89911416e+00,1.00000000e+00,2.49999708e+07,-2.92138217e+01,-5.96308245e+00,-2.32507392e+01,1.00013582e-09
31,7.92603670e-01,2.51160947e-08,96,16,2,50,normal_corr_dominates,1.01479492e+00,1.00000000e+00,2.50000002e+07,1.52655087e-01,-1.03180740e+01,1.04707291e+01,1.00009712e-09
31,7.92603670e-01,2.51160947e-08,96,17,0,51,corr_ratio_high,5.13469761e-01,5.00000000e-01,2.49999967e+07,-3.27484345e+00,-9.75208897e+00,6.47724552e+00,1.00022881e-09
31,7.92603670e-01,2.51160947e-08,96,17,1,52,normal_corr_dominates,1.22830241e+00,1.00000000e+00,2.50000022e+07,2.22642545e+00,-9.75208897e+00,1.19785144e+01,1.00014252e-09
31,7.92603670e-01,2.51160947e-08,96,17,2,53,corr_ratio_high,2.57356791e+00,5.00000000e-01,2.50000000e+07,-4.06970224e-02,-9.75208897e+00,9.71139195e+00,1.00002259e-09
31,7.92603670e-01,2.51160947e-08,96,18,2,56,normal_corr_dominates,1.00570598e+00,1.00000000e+00,2.50000001e+07,1.01121382e-01,-1.77219922e+01,1.78231135e+01,1.00011470e-09
31,7.92603670e-01,2.51160947e-08,96,19,0,57,normal_corr_dominates,1.48515506e+01,1.00000000e+00,2.49999464e+07,-5.35783952e+01,-3.38000972e+00,-5.01983855e+01,1.00008577e-09
31,7.92603670e-01,2.51160947e-08,96,19,0,57,corr_ratio_high,1.16187201e+00,5.00000000e-01,2.49999464e+07,-5.35783952e+01,-3.38000972e+00,-5.01983855e+01,1.00008577e-09
31,7.92603670e-01,2.51160947e-08,96,19,2,59,normal_corr_dominates,2.33600420e+00,1.00000000e+00,2.50000045e+07,4.51570719e+00,-3.38000972e+00,7.89571691e+00,1.00009834e-09
31,7.92603670e-01,2.51160947e-08,96,20,1,61,normal_corr_dominates,1.04526763e+00,1.00000000e+00,2.50000004e+07,3.85649601e-01,-8.51932467e+00,8.90497427e+00,1.00013097e-09
31,7.92603670e-01,2.51160947e-08,96,20,2,62,normal_corr_dominates,2.47800623e+00,1.00000000e+00,2.49999704e+07,-2.96302642e+01,-8.51932467e+00,-2.11109396e+01,1.00010325e-09
31,7.92603670e-01,2.51160947e-08,96,21,0,63,normal_corr_dominates,1.59376445e+00,1.00000000e+00,2.49999832e+07,-1.68374869e+01,-6.49152507e+00,-1.03459618e+01,1.00009729e-09
31,7.92603670e-01,2.51160947e-08,96,21,1,64,normal_corr_dominates,2.29269093e+00,1.00000000e+00,2.50000084e+07,8.39153555e+00,-6.49152507e+00,1.48830606e+01,1.00010091e-09
31,7.92603670e-01,2.51160947e-08,96,21,2,65,normal_corr_dominates,1.44139347e+00,1.00000000e+00,2.50000029e+07,2.86531678e+00,-6.49152507e+00,9.35684185e+00,1.00011441e-09
31,7.92603670e-01,2.51160947e-08,96,22,0,66,normal_corr_dominates,2.73471995e+00,1.00000000e+00,2.50000119e+07,1.18546724e+01,-6.83376726e+00,1.86884396e+01,1.00014389e-09
31,7.92603670e-01,2.51160947e-08,96,22,1,67,normal_corr_dominates,1.29085572e+00,1.00000000e+00,2.49999843e+07,-1.56551748e+01,-6.83376726e+00,-8.82140755e+00,1.00012471e-09
31,7.92603670e-01,2.51160947e-08,96,22,2,68,corr_ratio_high,1.57156841e+00,5.00000000e-01,2.49999959e+07,-4.13490703e+00,-6.83376726e+00,2.69886023e+00,1.00005236e-09
31,7.92603670e-01,2.51160947e-08,96,23,0,69,normal_corr_dominates,8.12814422e+00,1.00000000e+00,2.49999945e+07,-5.46558679e+00,-5.98762099e-01,-4.86682469e+00,1.00013080e-09
31,7.92603670e-01,2.51160947e-08,96,23,1,70,normal_corr_dominates,5.65340102e+00,1.00000000e+00,2.49999960e+07,-3.98380436e+00,-5.98762099e-01,-3.38504226e+00,1.00010529e-09
31,7.92603670e-01,2.51160947e-08,96,23,2,71,normal_corr_dominates,3.15664010e+01,1.00000000e+00,2.50000183e+07,1.83020024e+01,-5.98762099e-01,1.89007645e+01,1.00013528e-09
31,7.92603670e-01,2.51160947e-08,96,24,1,73,corr_ratio_high,5.81212303e-01,5.00000000e-01,2.49999957e+07,-4.33309381e+00,-1.13794364e+01,7.04634258e+00,1.00007603e-09
31,7.92603670e-01,2.51160947e-08,96,24,2,74,normal_corr_dominates,1.08067650e+00,1.00000000e+00,2.49999763e+07,-2.36769258e+01,-1.13794364e+01,-1.22974894e+01,1.00011426e-09
31,7.92603670e-01,2.51160947e-08,96,26,0,78,normal_corr_dominates,5.29070937e+00,1.00000000e+00,2.50000164e+07,1.63881608e+01,-3.81945253e+00,2.02076133e+01,1.00019934e-09
31,7.92603670e-01,2.51160947e-08,96,26,1,79,normal_corr_dominates,1.84887673e+00,1.00000000e+00,2.49999891e+07,-1.08811494e+01,-3.81945253e+00,-7.06169692e+00,1.00010927e-09
31,7.92603670e-01,2.51160947e-08,96,26,2,80,normal_corr_dominates,4.31556885e+00,1.00000000e+00,2.49999797e+07,-2.03025629e+01,-3.81945253e+00,-1.64831104e+01,1.00006296e-09
31,7.92603670e-01,2.51160947e-08,96,26,2,80,corr_ratio_high,1.22322138e+00,5.00000000e-01,2.49999797e+07,-2.03025629e+01,-3.81945253e+00,-1.64831104e+01,1.00006296e-09
31,7.92603670e-01,2.51160947e-08,96,27,0,81,normal_corr_dominates,4.34630363e+00,1.00000000e+00,2.49999817e+07,-1.82897943e+01,-3.42101676e+00,-1.48687776e+01,1.00009771e-09
31,7.92603670e-01,2.51160947e-08,96,27,1,82,normal_corr_dominates,2.72652954e+00,1.00000000e+00,2.50000059e+07,5.90648649e+00,-3.42101676e+00,9.32750325e+00,1.00009459e-09
31,7.92603670e-01,2.51160947e-08,96,29,0,87,normal_corr_dominates,1.03260629e+01,1.00000000e+00,2.49999502e+07,-4.97800084e+01,-4.39517322e+00,-4.53848351e+01,1.00008972e-09
31,7.92603670e-01,2.51160947e-08,96,29,0,87,corr_ratio_high,8.84355298e-01,5.00000000e-01,2.49999502e+07,-4.97800084e+01,-4.39517322e+00,-4.53848351e+01,1.00008972e-09
31,7.92603670e-01,2.51160947e-08,96,29,1,88,normal_corr_dominates,5.67417269e+00,1.00000000e+00,2.49999707e+07,-2.93341451e+01,-4.39517322e+00,-2.49389719e+01,1.00011480e-09
31,7.92603670e-01,2.51160947e-08,96,29,2,89,normal_corr_dominates,3.25129987e+00,1.00000000e+00,2.50000099e+07,9.89485292e+00,-4.39517322e+00,1.42900261e+01,1.00010238e-09
31,7.92603670e-01,2.51160947e-08,96,30,2,92,normal_corr_dominates,1.40015192e+00,1.00000000e+00,2.49999707e+07,-2.92689064e+01,-1.21946057e+01,-1.70743007e+01,1.00012166e-09
31,7.92603670e-01,2.51160947e-08,96,31,0,93,normal_corr_dominates,1.51222643e+00,1.00000000e+00,2.49999867e+07,-1.32687282e+01,-5.28166092e+00,-7.98706725e+00,1.00010052e-09
31,7.92603670e-01,2.51160947e-08,96,31,1,94,normal_corr_dominates,1.36758111e+00,1.00000000e+00,2.50000019e+07,1.94143879e+00,-5.28166092e+00,7.22309971e+00,1.00012296e-09
31,7.92603670e-01,2.51160947e-08,96,31,2,95,normal_corr_dominates,1.96869178e+00,1.00000000e+00,2.50000051e+07,5.11630151e+00,-5.28166092e+00,1.03979624e+01,1.00009251e-09
31,7.92603670e-01,2.51160947e-08,96,32,1,97,normal_corr_dominates,2.34667791e+00,1.00000000e+00,2.49999833e+07,-1.67007070e+01,-4.99023433e+00,-1.17104727e+01,1.00008747e-09
31,7.92603670e-01,2.51160947e-08,96,33,0,99,normal_corr_dominates,5.41343866e+00,1.00000000e+00,2.49999749e+07,-2.50635012e+01,-3.90796616e+00,-2.11555351e+01,1.00010070e-09
31,7.92603670e-01,2.51160947e-08,96,33,1,100,normal_corr_dominates,1.32686507e+00,1.00000000e+00,2.49999909e+07,-9.09330995e+00,-3.90796616e+00,-5.18534380e+00,1.00010282e-09
31,7.92603670e-01,2.51160947e-08,96,33,2,101,normal_corr_dominates,3.22933701e+00,1.00000000e+00,2.50000087e+07,8.71217358e+00,-3.90796616e+00,1.26201397e+01,1.00010200e-09
31,7.92603670e-01,2.51160947e-08,96,34,0,102,normal_corr_dominates,2.22914568e+00,1.00000000e+00,2.49999705e+07,-2.94758621e+01,-9.12806825e+00,-2.03477939e+01,1.00008484e-09
31,7.92603670e-01,2.51160947e-08,96,34,1,103,normal_corr_dominates,2.05331796e+00,1.00000000e+00,2.50000096e+07,9.61475820e+00,-9.12806825e+00,1.87428264e+01,1.00007958e-09
31,7.92603670e-01,2.51160947e-08,96,35,0,105,normal_corr_dominates,3.78175966e+01,1.00000000e+00,2.50000355e+07,3.54982920e+01,-9.64166465e-01,3.64624585e+01,1.00015198e-09
31,7.92603670e-01,2.51160947e-08,96,35,1,106,normal_corr_dominates,1.94264075e+01,1.00000000e+00,2.49999803e+07,-1.96944571e+01,-9.64166465e-01,-1.87302906e+01,1.00021089e-09
31,7.92603670e-01,2.51160947e-08,96,35,2,107,normal_corr_dominates,3.92279949e+01,1.00000000e+00,2.49999612e+07,-3.87864836e+01,-9.64166465e-01,-3.78223171e+01,1.00003499e-09
31,7.92603670e-01,2.51160947e-08,96,35,2,107,corr_ratio_high,4.23635817e+00,5.00000000e-01,2.49999612e+07,-3.87864836e+01,-9.64166465e-01,-3.78223171e+01,1.00003499e-09
31,7.92603670e-01,2.51160947e-08,96,36,1,109,corr_ratio_high,7.25321756e-01,5.00000000e-01,2.49999800e+07,-1.99838110e+01,-1.66647971e+01,-3.31901395e+00,1.00006512e-09
31,7.92603670e-01,2.51160947e-08,96,37,0,111,normal_corr_dominates,1.89352236e+00,1.00000000e+00,2.50000031e+07,3.07090133e+00,-3.43684890e+00,6.50775023e+00,1.00010711e-09
31,7.92603670e-01,2.51160947e-08,96,37,2,113,normal_corr_dominates,2.71188265e+00,1.00000000e+00,2.50000059e+07,5.88348200e+00,-3.43684890e+00,9.32033091e+00,1.00007639e-09
32,8.15958654e-01,2.58561695e-08,96,0,0,0,corr_ratio_high,9.35042797e-01,5.00000000e-01,2.49999805e+07,-1.94828967e+01,-1.42143374e+01,-5.26855930e+00,1.00006503e-09
32,8.15958654e-01,2.58561695e-08,96,0,2,2,normal_corr_dominates,1.13441165e+00,1.00000000e+00,2.50000019e+07,1.91057248e+00,-1.42143374e+01,1.61249098e+01,1.00010911e-09
32,8.15958654e-01,2.58561695e-08,96,1,0,3,normal_corr_dominates,8.30006697e+00,1.00000000e+00,2.50000166e+07,1.65587790e+01,-2.26830508e+00,1.88270840e+01,1.00013755e-09
32,8.15958654e-01,2.58561695e-08,96,1,1,4,normal_corr_dominates,8.96294555e+00,1.00000000e+00,2.49999774e+07,-2.25990000e+01,-2.26830508e+00,-2.03306949e+01,1.00008755e-09
32,8.15958654e-01,2.58561695e-08,96,1,1,4,corr_ratio_high,8.74790239e-01,5.00000000e-01,2.49999774e+07,-2.25990000e+01,-2.26830508e+00,-2.03306949e+01,1.00008755e-09
32,8.15958654e-01,2.58561695e-08,96,1,2,5,normal_corr_dominates,6.59749825e+00,1.00000000e+00,2.49999828e+07,-1.72334439e+01,-2.26830508e+00,-1.49651388e+01,1.00012742e-09
32,8.15958654e-01,2.58561695e-08,96,2,0,6,normal_corr_dominates,1.14901779e+00,1.00000000e+00,2.50000010e+07,1.01707186e+00,-6.82517070e+00,7.84224255e+00,1.00009711e-09
32,8.15958654e-01,2.58561695e-08,96,2,0,6,corr_ratio_high,5.86359961e-01,5.00000000e-01,2.50000010e+07,1.01707186e+00,-6.82517070e+00,7.84224255e+00,1.00009711e-09
32,8.15958654e-01,2.58561695e-08,96,2,1,7,normal_corr_dominates,3.60642317e+00,1.00000000e+00,2.49999686e+07,-3.14396245e+01,-6.82517070e+00,-2.46144538e+01,1.00011520e-09
32,8.15958654e-01,2.58561695e-08,96,2,2,8,normal_corr_dominates,3.75755398e+00,1.00000000e+00,2.50000188e+07,1.88207767e+01,-6.82517070e+00,2.56459474e+01,1.00017626e-09
32,8.15958654e-01,2.58561695e-08,96,3,0,9,normal_corr_dominates,1.73351436e+01,1.00000000e+00,2.49999632e+07,-3.68108189e+01,-2.00766461e+00,-3.48031543e+01,1.00026661e-09
32,8.15958654e-01,2.58561695e-08,96,3,0,9,corr_ratio_high,5.86222261e-01,5.00000000e-01,2.49999632e+07,-3.68108189e+01,-2.00766461e+00,-3.48031543e+01,1.00026661e-09
32,8.15958654e-01,2.58561695e-08,96,3,1,10,normal_corr_dominates,8.52775715e+00,1.00000000e+00,2.49999809e+07,-1.91285408e+01,-2.00766461e+00,-1.71208762e+01,1.00007083e-09
32,8.15958654e-01,2.58561695e-08,96,3,1,10,corr_ratio_high,8.55640704e-01,5.00000000e-01,2.49999809e+07,-1.91285408e+01,-2.00766461e+00,-1.71208762e+01,1.00007083e-09
32,8.15958654e-01,2.58561695e-08,96,3,2,11,normal_corr_dominates,1.08668655e+01,1.00000000e+00,2.50000198e+07,1.98093567e+01,-2.00766461e+00,2.18170213e+01,1.00002969e-09
32,8.15958654e-01,2.58561695e-08,96,3,2,11,corr_ratio_high,1.78516181e+00,5.00000000e-01,2.50000198e+07,1.98093567e+01,-2.00766461e+00,2.18170213e+01,1.00002969e-09
32,8.15958654e-01,2.58561695e-08,96,4,0,12,normal_corr_dominates,1.55767802e+00,1.00000000e+00,2.49999959e+07,-4.10274994e+00,-1.60409164e+00,-2.49865829e+00,1.00012302e-09
32,8.15958654e-01,2.58561695e-08,96,4,1,13,normal_corr_dominates,2.78482580e+00,1.00000000e+00,2.50000029e+07,2.86302415e+00,-1.60409164e+00,4.46711580e+00,1.00010474e-09
32,8.15958654e-01,2.58561695e-08,96,4,2,14,normal_corr_dominates,6.78697763e+00,1.00000000e+00,2.50000093e+07,9.28284247e+00,-1.60409164e+00,1.08869341e+01,1.00008546e-09
32,8.15958654e-01,2.58561695e-08,96,5,0,15,normal_corr_dominates,2.13255455e+00,1.00000000e+00,2.50000137e+07,1.37110670e+01,-1.21063194e+01,2.58173864e+01,1.00007674e-09
32,8.15958654e-01,2.58561695e-08,96,5,1,16,normal_corr_dominates,1.41757881e+00,1.00000000e+00,2.49999707e+07,-2.92679812e+01,-1.21063194e+01,-1.71616618e+01,1.00012444e-09
32,8.15958654e-01,2.58561695e-08,96,5,2,17,normal_corr_dominates,1.70777000e+00,1.00000000e+00,2.49999672e+07,-3.27811284e+01,-1.21063194e+01,-2.06748091e+01,1.00013190e-09
32,8.15958654e-01,2.58561695e-08,96,6,1,19,normal_corr_dominates,2.04244001e+00,1.00000000e+00,2.50000083e+07,8.34356604e+00,-8.00388122e+00,1.63474473e+01,1.00007918e-09
32,8.15958654e-01,2.58561695e-08,96,6,2,20,normal_corr_dominates,3.87486144e+00,1.00000000e+00,2.49999610e+07,-3.90178119e+01,-8.00388122e+00,-3.10139307e+01,1.00016095e-09
32,8.15958654e-01,2.58561695e-08,96,7,0,21,normal_corr_dominates,6.84084658e+01,1.00000000e+00,2.49999844e+07,-1.56226050e+01,-2.25082125e-01,-1.53975229e+01,1.00010172e-09
32,8.15958654e-01,2.58561695e-08,96,7,1,22,normal_corr_dominates,4.22474740e+01,1.00000000e+00,2.49999903e+07,-9.73423336e+00,-2.25082125e-01,-9.50915123e+00,1.00013689e-09
32,8.15958654e-01,2.58561695e-08,96,7,2,23,normal_corr_dominates,1.09975415e+02,1.00000000e+00,2.50000245e+07,2.45284179e+01,-2.25082125e-01,2.47535001e+01,1.00012937e-09
32,8.15958654e-01,2.58561695e-08,96,8,0,24,normal_corr_dominates,4.40261784e+00,1.00000000e+00,2.49999826e+07,-1.73983492e+01,-3.22035534e+00,-1.41779939e+01,1.00009704e-09
32,8.15958654e-01,2.58561695e-08,96,8,1,25,normal_corr_dominates,4.61511298e+00,1.00000000e+00,2.50000116e+07,1.16419484e+01,-3.22035534e+00,1.48623037e+01,1.00007379e-09
32,8.15958654e-01,2.58561695e-08,96,8,1,25,corr_ratio_high,5.22911773e-01,5.00000000e-01,2.50000116e+07,1.16419484e+01,-3.22035534e+00,1.48623037e+01,1.00007379e-09
32,8.15958654e-01,2.58561695e-08,96,8,2,26,normal_corr_dominates,2.94724685e+00,1.00000000e+00,2.50000063e+07,6.27082677e+00,-3.22035534e+00,9.49118211e+00,1.00011052e-09
32,8.15958654e-01,2.58561695e-08,96,9,0,27,normal_corr_dominates,1.30907190e+00,1.00000000e+00,2.50000025e+07,2.51916687e+00,-8.15074700e+00,1.06699139e+01,1.00014309e-09
32,8.15958654e-01,2.58561695e-08,96,9,1,28,normal_corr_dominates,2.14143793e+00,1.00000000e+00,2.49999744e+07,-2.56050658e+01,-8.15074700e+00,-1.74543188e+01,1.00011094e-09
32,8.15958654e-01,2.58561695e-08,96,9,2,29,normal_corr_dominates,2.45886235e+00,1.00000000e+00,2.49999718e+07,-2.81923119e+01,-8.15074700e+00,-2.00415649e+01,1.00011278e-09
32,8.15958654e-01,2.58561695e-08,96,10,0,30,normal_corr_dominates,5.22169353e+00,1.00000000e+00,2.50000109e+07,1.08701338e+01,-2.57482779e+00,1.34449616e+01,1.00011136e-09
32,8.15958654e-01,2.58561695e-08,96,10,1,31,normal_corr_dominates,1.05906209e+01,1.00000000e+00,2.50000247e+07,2.46941972e+01,-2.57482779e+00,2.72690250e+01,1.00018995e-09
32,8.15958654e-01,2.58561695e-08,96,10,2,32,normal_corr_dominates,9.39594614e+00,1.00000000e+00,2.49999732e+07,-2.67677710e+01,-2.57482779e+00,-2.41929432e+01,1.00011076e-09
32,8.15958654e-01,2.58561695e-08,96,11,0,33,normal_corr_dominates,2.91947746e+00,1.00000000e+00,2.49999956e+07,-4.40052400e+00,-1.12273232e+00,-3.27779169e+00,1.00015846e-09
32,8.15958654e-01,2.58561695e-08,96,11,1,34,normal_corr_dominates,6.60916814e+00,1.00000000e+00,2.50000063e+07,6.29759434e+00,-1.12273232e+00,7.42032665e+00,1.00014091e-09
32,8.15958654e-01,2.58561695e-08,96,11,2,35,normal_corr_dominates,1.21294415e+01,1.00000000e+00,2.49999853e+07,-1.47408483e+01,-1.12273232e+00,-1.36181160e+01,1.00007784e-09
32,8.15958654e-01,2.58561695e-08,96,11,2,35,corr_ratio_high,1.01841327e+00,5.00000000e-01,2.49999853e+07,-1.47408483e+01,-1.12273232e+00,-1.36181160e+01,1.00007784e-09
32,8.15958654e-01,2.58561695e-08,96,12,1,37,normal_corr_dominates,1.16004642e+00,1.00000000e+00,2.50000022e+07,2.15088732e+00,-1.34391469e+01,1.55900342e+01,1.00009519e-09
32,8.15958654e-01,2.58561695e-08,96,13,0,39,normal_corr_dominates,1.76850715e+00,1.00000000e+00,2.50000054e+07,5.36860440e+00,-6.98575727e+00,1.23543617e+01,1.00007716e-09
32,8.15958654e-01,2.58561695e-08,96,14,0,42,normal_corr_dominates,3.06370792e+00,1.00000000e+00,2.49999947e+07,-5.29997436e+00,-1.30422129e+00,-3.99575308e+00,1.00011414e-09
32,8.15958654e-01,2.58561695e-08,96,14,1,43,normal_corr_dominates,3.11357853e+00,1.00000000e+00,2.49999946e+07,-5.36501668e+00,-1.30422129e+00,-4.06079540e+00,1.00009662e-09
32,8.15958654e-01,2.58561695e-08,96,14,2,44,normal_corr_dominates,1.78624851e+01,1.00000000e+00,2.50000220e+07,2.19924120e+01,-1.30422129e+00,2.32966333e+01,1.00015896e-09
32,8.15958654e-01,2.58561695e-08,96,15,0,45,normal_corr_dominates,1.39012220e+00,1.00000000e+00,2.49999854e+07,-1.46473164e+01,-6.12827095e+00,-8.51904548e+00,1.00009344e-09
32,8.15958654e-01,2.58561695e-08,96,15,1,46,normal_corr_dominates,2.77601037e+00,1.00000000e+00,2.50000109e+07,1.08838727e+01,-6.12827095e+00,1.70121437e+01,1.00009660e-09
32,8.15958654e-01,2.58561695e-08,96,15,2,47,normal_corr_dominates,3.89843238e+00,1.00000000e+00,2.49999700e+07,-3.00189209e+01,-6.12827095e+00,-2.38906499e+01,1.00013956e-09
32,8.15958654e-01,2.58561695e-08,96,16,2,50,normal_corr_dominates,1.01446693e+00,1.00000000e+00,2.50000002e+07,1.53393892e-01,-1.06030739e+01,1.07564678e+01,1.00009979e-09
32,8.15958654e-01,2.58561695e-08,96,17,0,51,corr_ratio_high,5.13451392e-01,5.00000000e-01,2.49999966e+07,-3.36502724e+00,-1.00221692e+01,6.65714196e+00,1.00023509e-09
32,8.15958654e-01,2.58561695e-08,96,17,1,52,normal_corr_dominates,1.22779253e+00,1.00000000e+00,2.50000023e+07,2.28297525e+00,-1.00221692e+01,1.23051444e+01,1.00014644e-09
32,8.15958654e-01,2.58561695e-08,96,17,2,53,corr_ratio_high,2.57324040e+00,5.00000000e-01,2.50000000e+07,-4.36504475e-02,-1.00221692e+01,9.97851875e+00,1.00002321e-09
32,8.15958654e-01,2.58561695e-08,96,18,2,56,normal_corr_dominates,1.00554886e+00,1.00000000e+00,2.50000001e+07,1.01049387e-01,-1.82108494e+01,1.83118988e+01,1.00011786e-09
32,8.15958654e-01,2.58561695e-08,96,19,0,57,normal_corr_dominates,1.48486189e+01,1.00000000e+00,2.49999449e+07,-5.50526608e+01,-3.47365667e+00,-5.15790041e+01,1.00008813e-09
32,8.15958654e-01,2.58561695e-08,96,19,0,57,corr_ratio_high,1.16174146e+00,5.00000000e-01,2.49999449e+07,-5.50526608e+01,-3.47365667e+00,-5.15790041e+01,1.00008813e-09
32,8.15958654e-01,2.58561695e-08,96,19,2,59,normal_corr_dominates,2.33583248e+00,1.00000000e+00,2.50000046e+07,4.64022341e+00,-3.47365667e+00,8.11388008e+00,1.00010105e-09
32,8.15958654e-01,2.58561695e-08,96,20,1,61,normal_corr_dominates,1.04507229e+00,1.00000000e+00,2.50000004e+07,3.94613119e-01,-8.75511545e+00,9.14972857e+00,1.00013457e-09
32,8.15958654e-01,2.58561695e-08,96,20,2,62,normal_corr_dominates,2.47753793e+00,1.00000000e+00,2.49999696e+07,-3.04462460e+01,-8.75511545e+00,-2.16911306e+01,1.00010609e-09
32,8.15958654e-01,2.58561695e-08,96,21,0,63,normal_corr_dominates,1.59328941e+00,1.00000000e+00,2.49999827e+07,-1.73006970e+01,-6.67133291e+00,-1.06293641e+01,1.00009997e-09
32,8.15958654e-01,2.58561695e-08,96,21,1,64,normal_corr_dominates,2.29208707e+00,1.00000000e+00,2.50000086e+07,8.61994298e+00,-6.67133291e+00,1.52912759e+01,1.00010369e-09
32,8.15958654e-01,2.58561695e-08,96,21,2,65,normal_corr_dominates,1.44092412e+00,1.00000000e+00,2.50000029e+07,2.94155157e+00,-6.67133291e+00,9.61288447e+00,1.00011756e-09
32,8.15958654e-01,2.58561695e-08,96,22,0,66,normal_corr_dominates,2.73372931e+00,1.00000000e+00,2.50000122e+07,1.21766595e+01,-7.02339137e+00,1.92000508e+01,1.00014785e-09
32,8.15958654e-01,2.58561695e-08,96,22,1,67,normal_corr_dominates,1.29052731e+00,1.00000000e+00,2.49999839e+07,-1.60872698e+01,-7.02339137e+00,-9.06387841e+00,1.00012814e-09
32,8.15958654e-01,2.58561695e-08,96,22,2,68,corr_ratio_high,1.57148233e+00,5.00000000e-01,2.49999958e+07,-4.24964600e+00,-7.02339137e+00,2.77374537e+00,1.00005380e-09
32,8.15958654e-01,2.58561695e-08,96,23,0,69,normal_corr_dominates,8.11700024e+00,1.00000000e+00,2.49999944e+07,-5.61529386e+00,-6.15914633e-01,-4.99937923e+00,1.00013440e-09
32,8.15958654e-01,2.58561695e-08,96,23,1,70,normal_corr_dominates,5.64643377e+00,1.00000000e+00,2.49999959e+07,-4.09363582e+00,-6.15914633e-01,-3.47772119e+00,1.00010819e-09
32,8.15958654e-01,2.58561695e-08,96,23,2,71,normal_corr_dominates,3.15318442e+01,1.00000000e+00,2.50000188e+07,1.88050097e+01,-6.15914633e-01,1.94209243e+01,1.00013900e-09
32,8.15958654e-01,2.58561695e-08,96,24,1,73,corr_ratio_high,5.81231444e-01,5.00000000e-01,2.49999955e+07,-4.45404070e+00,-1.16938084e+01,7.23976772e+00,1.00007813e-09
32,8.15958654e-01,2.58561695e-08,96,24,2,74,normal_corr_dominates,1.08057845e+00,1.00000000e+00,2.49999757e+07,-2.43298858e+01,-1.16938084e+01,-1.26360774e+01,1.00011740e-09
32,8.15958654e-01,2.58561695e-08,96,26,0,78,normal_corr_dominates,5.28962160e+00,1.00000000e+00,2.50000168e+07,1.68378622e+01,-3.92525583e+00,2.07631181e+01,1.00020482e-09
32,8.15958654e-01,2.58561695e-08,96,26,1,79,normal_corr_dominates,1.84828560e+00,1.00000000e+00,2.49999888e+07,-1.11802497e+01,-3.92525583e+00,-7.25499385e+00,1.00011227e-09
32,8.15958654e-01,2.58561695e-08,96,26,2,80,normal_corr_dominates,4.31444917e+00,1.00000000e+00,2.49999791e+07,-2.08605726e+01,-3.92525583e+00,-1.69353168e+01,1.00006469e-09
32,8.15958654e-01,2.58561695e-08,96,26,2,80,corr_ratio_high,1.22300427e+00,5.00000000e-01,2.49999791e+07,-2.08605726e+01,-3.92525583e+00,-1.69353168e+01,1.00006469e-09
32,8.15958654e-01,2.58561695e-08,96,27,0,81,normal_corr_dominates,4.34485993e+00,1.00000000e+00,2.49999812e+07,-1.87920895e+01,-3.51591804e+00,-1.52761714e+01,1.00010040e-09
32,8.15958654e-01,2.58561695e-08,96,27,1,82,normal_corr_dominates,2.72655721e+00,1.00000000e+00,2.50000061e+07,6.07043363e+00,-3.51591804e+00,9.58635167e+00,1.00009719e-09
32,8.15958654e-01,2.58561695e-08,96,29,0,87,normal_corr_dominates,1.03235790e+01,1.00000000e+00,2.49999489e+07,-5.11492054e+01,-4.51705289e+00,-4.66321525e+01,1.00009219e-09
32,8.15958654e-01,2.58561695e-08,96,29,0,87,corr_ratio_high,8.84369266e-01,5.00000000e-01,2.49999489e+07,-5.11492054e+01,-4.51705289e+00,-4.66321525e+01,1.00009219e-09
32,8.15958654e-01,2.58561695e-08,96,29,1,88,normal_corr_dominates,5.67275073e+00,1.00000000e+00,2.49999699e+07,-3.01411680e+01,-4.51705289e+00,-2.56241151e+01,1.00011796e-09
32,8.15958654e-01,2.58561695e-08,96,29,2,89,normal_corr_dominates,3.25061695e+00,1.00000000e+00,2.50000102e+07,1.01661558e+01,-4.51705289e+00,1.46832087e+01,1.00010520e-09
32,8.15958654e-01,2.58561695e-08,96,30,2,92,normal_corr_dominates,1.39997797e+00,1.00000000e+00,2.49999699e+07,-3.00745570e+01,-1.25311804e+01,-1.75433765e+01,1.00012501e-09
32,8.15958654e-01,2.58561695e-08,96,31,0,93,normal_corr_dominates,1.51175653e+00,1.00000000e+00,2.49999864e+07,-1.36339633e+01,-5.42805926e+00,-8.20590405e+00,1.00010329e-09
32,8.15958654e-01,2.58561695e-08,96,31,1,94,normal_corr_dominates,1.36704049e+00,1.00000000e+00,2.50000020e+07,1.99231755e+00,-5.42805926e+00,7.42037681e+00,1.00012634e-09
32,8.15958654e-01,2.58561695e-08,96,31,2,95,normal_corr_dominates,1.96832087e+00,1.00000000e+00,2.50000053e+07,5.25610306e+00,-5.42805926e+00,1.06841623e+01,1.00009506e-09
32,8.15958654e-01,2.58561695e-08,96,32,1,97,normal_corr_dominates,2.34611316e+00,1.00000000e+00,2.49999828e+07,-1.71596278e+01,-5.12822698e+00,-1.20314008e+01,1.00008988e-09
32,8.15958654e-01,2.58561695e-08,96,33,0,99,normal_corr_dominates,5.41205435e+00,1.00000000e+00,2.49999742e+07,-2.57531339e+01,-4.01636238e+00,-2.17367715e+01,1.00010348e-09
32,8.15958654e-01,2.58561695e-08,96,33,1,100,normal_corr_dominates,1.32631941e+00,1.00000000e+00,2.49999907e+07,-9.34334177e+00,-4.01636238e+00,-5.32697939e+00,1.00010565e-09
32,8.15958654e-01,2.58561695e-08,96,33,2,101,normal_corr_dominates,3.22864421e+00,1.00000000e+00,2.50000090e+07,8.95104275e+00,-4.01636238e+00,1.29674051e+01,1.00010481e-09
32,8.15958654e-01,2.58561695e-08,96,34,0,102,normal_corr_dominates,2.22886788e+00,1.00000000e+00,2.49999697e+07,-3.02884040e+01,-9.38050275e+00,-2.09079012e+01,1.00008718e-09
32,8.15958654e-01,2.58561695e-08,96,34,1,103,normal_corr_dominates,2.05297276e+00,1.00000000e+00,2.50000099e+07,9.87741388e+00,-9.38050275e+00,1.92579166e+01,1.00008178e-09
32,8.15958654e-01,2.58561695e-08,96,35,0,105,normal_corr_dominates,3.77845161e+01,1.00000000e+00,2.50000365e+07,3.64732242e+01,-9.91537421e-01,3.74647616e+01,1.00015615e-09
32,8.15958654e-01,2.58561695e-08,96,35,1,106,normal_corr_dominates,1.94093478e+01,1.00000000e+00,2.49999798e+07,-2.02366321e+01,-9.91537421e-01,-1.92450947e+01,1.00021669e-09
32,8.15958654e-01,2.58561695e-08,96,35,2,107,normal_corr_dominates,3.91919744e+01,1.00000000e+00,2.49999601e+07,-3.98518466e+01,-9.91537421e-01,-3.88603092e+01,1.00003596e-09
32,8.15958654e-01,2.58561695e-08,96,35,2,107,corr_ratio_high,4.23535501e+00,5.00000000e-01,2.49999601e+07,-3.98518466e+01,-9.91537421e-01,-3.88603092e+01,1.00003596e-09
32,8.15958654e-01,2.58561695e-08,96,36,1,109,corr_ratio_high,7.25291558e-01,5.00000000e-01,2.49999795e+07,-2.05356598e+01,-1.71245524e+01,-3.41110746e+00,1.00006691e-09
32,8.15958654e-01,2.58561695e-08,96,37,0,111,normal_corr_dominates,1.89375536e+00,1.00000000e+00,2.50000032e+07,3.15699469e+00,-3.53228057e+00,6.68927525e+00,1.00011005e-09
32,8.15958654e-01,2.58561695e-08,96,37,2,113,normal_corr_dominates,2.71130865e+00,1.00000000e+00,2.50000060e+07,6.04482229e+00,-3.53228057e+00,9.57710285e+00,1.00007850e-09
33,8.37925768e-01,2.65522653e-08,96,0,0,0,corr_ratio_high,9.34970920e-01,5.00000000e-01,2.49999800e+07,-1.99739505e+01,-1.45726489e+01,-5.40130162e+00,1.00006666e-09
33,8.37925768e-01,2.65522653e-08,96,0,2,2,normal_corr_dominates,1.13422413e+00,1.00000000e+00,2.50000020e+07,1.95600114e+00,-1.45726489e+01,1.65286501e+01,1.00011185e-09
33,8.37925768e-01,2.65522653e-08,96,1,0,3,normal_corr_dominates,8.29952822e+00,1.00000000e+00,2.50000170e+07,1.69736052e+01,-2.32530168e+00,1.92989069e+01,1.00014100e-09
33,8.37925768e-01,2.65522653e-08,96,1,1,4,normal_corr_dominates,8.96438559e+00,1.00000000e+00,2.49999768e+07,-2.31702025e+01,-2.32530168e+00,-2.08449008e+01,1.00008975e-09
33,8.37925768e-01,2.65522653e-08,96,1,1,4,corr_ratio_high,8.74842638e-01,5.00000000e-01,2.49999768e+07,-2.31702025e+01,-2.32530168e+00,-2.08449008e+01,1.00008975e-09
33,8.37925768e-01,2.65522653e-08,96,1,2,5,normal_corr_dominates,6.59652834e+00,1.00000000e+00,2.49999823e+07,-1.76642201e+01,-2.32530168e+00,-1.53389184e+01,1.00013062e-09
33,8.37925768e-01,2.65522653e-08,96,2,0,6,normal_corr_dominates,1.14843397e+00,1.00000000e+00,2.50000010e+07,1.03859342e+00,-6.99700615e+00,8.03559957e+00,1.00009954e-09
33,8.37925768e-01,2.65522653e-08,96,2,0,6,corr_ratio_high,5.86410756e-01,5.00000000e-01,2.50000010e+07,1.03859342e+00,-6.99700615e+00,8.03559957e+00,1.00009954e-09
33,8.37925768e-01,2.65522653e-08,96,2,1,7,normal_corr_dominates,3.60597503e+00,1.00000000e+00,2.49999678e+07,-3.22280356e+01,-6.99700615e+00,-2.52310295e+01,1.00011809e-09
33,8.37925768e-01,2.65522653e-08,96,2,2,8,normal_corr_dominates,3.75752316e+00,1.00000000e+00,2.50000193e+07,1.92944065e+01,-6.99700615e+00,2.62914126e+01,1.00018069e-09
33,8.37925768e-01,2.65522653e-08,96,3,0,9,normal_corr_dominates,1.73262514e+01,1.00000000e+00,2.49999623e+07,-3.77354099e+01,-2.05909049e+00,-3.56763194e+01,1.00027330e-09
33,8.37925768e-01,2.65522653e-08,96,3,0,9,corr_ratio_high,5.86217081e-01,5.00000000e-01,2.49999623e+07,-3.77354099e+01,-2.05909049e+00,-3.56763194e+01,1.00027330e-09
33,8.37925768e-01,2.65522653e-08,96,3,1,10,normal_corr_dominates,8.52260839e+00,1.00000000e+00,2.49999804e+07,-1.96079124e+01,-2.05909049e+00,-1.75488219e+01,1.00007261e-09
33,8.37925768e-01,2.65522653e-08,96,3,1,10,corr_ratio_high,8.55631857e-01,5.00000000e-01,2.49999804e+07,-1.96079124e+01,-2.05909049e+00,-1.75488219e+01,1.00007261e-09
33,8.37925768e-01,2.65522653e-08,96,3,2,11,normal_corr_dominates,1.08607126e+01,1.00000000e+00,2.50000203e+07,2.03040995e+01,-2.05909049e+00,2.23631900e+01,1.00003044e-09
33,8.37925768e-01,2.65522653e-08,96,3,2,11,corr_ratio_high,1.78483655e+00,5.00000000e-01,2.50000203e+07,2.03040995e+01,-2.05909049e+00,2.23631900e+01,1.00003044e-09
33,8.37925768e-01,2.65522653e-08,96,4,0,12,normal_corr_dominates,1.55634160e+00,1.00000000e+00,2.49999958e+07,-4.20556034e+00,-1.64514803e+00,-2.56041232e+00,1.00012611e-09
33,8.37925768e-01,2.65522653e-08,96,4,1,13,normal_corr_dominates,2.78300474e+00,1.00000000e+00,2.50000029e+07,2.93330674e+00,-1.64514803e+00,4.57845476e+00,1.00010737e-09
33,8.37925768e-01,2.65522653e-08,96,4,2,14,normal_corr_dominates,6.78418408e+00,1.00000000e+00,2.50000095e+07,9.51583904e+00,-1.64514803e+00,1.11609871e+01,1.00008761e-09
33,8.37925768e-01,2.65522653e-08,96,5,0,15,normal_corr_dominates,2.13220368e+00,1.00000000e+00,2.50000141e+07,1.40525044e+01,-1.24116399e+01,2.64641443e+01,1.00007867e-09
33,8.37925768e-01,2.65522653e-08,96,5,1,16,normal_corr_dominates,1.41732417e+00,1.00000000e+00,2.49999700e+07,-3.00029572e+01,-1.24116399e+01,-1.75913173e+01,1.00012757e-09
33,8.37925768e-01,2.65522653e-08,96,5,2,17,normal_corr_dominates,1.70767465e+00,1.00000000e+00,2.49999664e+07,-3.36066827e+01,-1.24116399e+01,-2.11950428e+01,1.00013521e-09
33,8.37925768e-01,2.65522653e-08,96,6,1,19,normal_corr_dominates,2.04188597e+00,1.00000000e+00,2.50000085e+07,8.54969665e+00,-8.20598118e+00,1.67556778e+01,1.00008118e-09
33,8.37925768e-01,2.65522653e-08,96,6,2,20,normal_corr_dominates,3.87437576e+00,1.00000000e+00,2.49999600e+07,-3.99990357e+01,-8.20598118e+00,-3.17930545e+01,1.00016499e-09
33,8.37925768e-01,2.65522653e-08,96,7,0,21,normal_corr_dominates,6.83453355e+01,1.00000000e+00,2.49999840e+07,-1.60187622e+01,-2.30999851e-01,-1.57877623e+01,1.00010428e-09
33,8.37925768e-01,2.65522653e-08,96,7,1,22,normal_corr_dominates,4.21843980e+01,1.00000000e+00,2.49999900e+07,-9.97558951e+00,-2.30999851e-01,-9.74458966e+00,1.00014033e-09
33,8.37925768e-01,2.65522653e-08,96,7,2,23,normal_corr_dominates,1.09848861e+02,1.00000000e+00,2.50000251e+07,2.51440706e+01,-2.30999851e-01,2.53750705e+01,1.00013262e-09
33,8.37925768e-01,2.65522653e-08,96,8,0,24,normal_corr_dominates,4.40069418e+00,1.00000000e+00,2.49999822e+07,-1.78345517e+01,-3.30227024e+00,-1.45322814e+01,1.00009948e-09
33,8.37925768e-01,2.65522653e-08,96,8,1,25,normal_corr_dominates,4.61310559e+00,1.00000000e+00,2.50000119e+07,1.19314511e+01,-3.30227024e+00,1.52337213e+01,1.00007565e-09
33,8.37925768e-01,2.65522653e-08,96,8,1,25,corr_ratio_high,5.22847017e-01,5.00000000e-01,2.50000119e+07,1.19314511e+01,-3.30227024e+00,1.52337213e+01,1.00007565e-09
33,8.37925768e-01,2.65522653e-08,96,8,2,26,normal_corr_dominates,2.94585445e+00,1.00000000e+00,2.50000064e+07,6.42573724e+00,-3.30227024e+00,9.72800748e+00,1.00011330e-09
33,8.37925768e-01,2.65522653e-08,96,9,0,27,normal_corr_dominates,1.30886201e+00,1.00000000e+00,2.50000026e+07,2.58108661e+00,-8.35676294e+00,1.09378495e+01,1.00014668e-09
33,8.37925768e-01,2.65522653e-08,96,9,1,28,normal_corr_dominates,2.14101646e+00,1.00000000e+00,2.49999738e+07,-2.62487299e+01,-8.35676294e+00,-1.78919670e+01,1.00011373e-09
33,8.37925768e-01,2.65522653e-08,96,9,2,29,normal_corr_dominates,2.45853276e+00,1.00000000e+00,2.49999711e+07,-2.89021384e+01,-8.35676294e+00,-2.05453754e+01,1.00011561e-09
33,8.37925768e-01,2.65522653e-08,96,10,0,30,normal_corr_dominates,5.22004489e+00,1.00000000e+00,2.50000111e+07,1.11407652e+01,-2.63996367e+00,1.37807289e+01,1.00011416e-09
33,8.37925768e-01,2.65522653e-08,96,10,1,31,normal_corr_dominates,1.05889650e+01,1.00000000e+00,2.50000253e+07,2.53145192e+01,-2.63996367e+00,2.79544828e+01,1.00019472e-09
33,8.37925768e-01,2.65522653e-08,96,10,2,32,normal_corr_dominates,9.39362319e+00,1.00000000e+00,2.49999726e+07,-2.74387876e+01,-2.63996367e+00,-2.47988240e+01,1.00011354e-09
33,8.37925768e-01,2.65522653e-08,96,11,0,33,normal_corr_dominates,2.92080812e+00,1.00000000e+00,2.49999955e+07,-4.51107630e+00,-1.15054758e+00,-3.36052872e+00,1.00016243e-09
33,8.37925768e-01,2.65522653e-08,96,11,1,34,normal_corr_dominates,6.61059685e+00,1.00000000e+00,2.50000065e+07,6.45525863e+00,-1.15054758e+00,7.60580621e+00,1.00014445e-09
33,8.37925768e-01,2.65522653e-08,96,11,2,35,normal_corr_dominates,1.21352715e+01,1.00000000e+00,2.49999849e+07,-1.51127548e+01,-1.15054758e+00,-1.39622072e+01,1.00007980e-09
33,8.37925768e-01,2.65522653e-08,96,11,2,35,corr_ratio_high,1.01834858e+00,5.00000000e-01,2.49999849e+07,-1.51127548e+01,-1.15054758e+00,-1.39622072e+01,1.00007980e-09
33,8.37925768e-01,2.65522653e-08,96,12,1,37,normal_corr_dominates,1.15983003e+00,1.00000000e+00,2.50000022e+07,2.20215141e+00,-1.37780830e+01,1.59802344e+01,1.00009758e-09
33,8.37925768e-01,2.65522653e-08,96,13,0,39,normal_corr_dominates,1.76817528e+00,1.00000000e+00,2.50000055e+07,5.50194725e+00,-7.16235919e+00,1.26643064e+01,1.00007911e-09
33,8.37925768e-01,2.65522653e-08,96,14,0,42,normal_corr_dominates,3.06179367e+00,1.00000000e+00,2.49999946e+07,-5.43346510e+00,-1.33770091e+00,-4.09576419e+00,1.00011701e-09
33,8.37925768e-01,2.65522653e-08,96,14,1,43,normal_corr_dominates,3.11200838e+00,1.00000000e+00,2.49999945e+07,-5.50063737e+00,-1.33770091e+00,-4.16293645e+00,1.00009905e-09
33,8.37925768e-01,2.65522653e-08,96,14,2,44,normal_corr_dominates,1.78530348e+01,1.00000000e+00,2.50000225e+07,2.25443201e+01,-1.33770091e+00,2.38820210e+01,1.00016295e-09
33,8.37925768e-01,2.65522653e-08,96,15,0,45,normal_corr_dominates,1.38965350e+00,1.00000000e+00,2.49999850e+07,-1.50149463e+01,-6.28331527e+00,-8.73163105e+00,1.00009579e-09
33,8.37925768e-01,2.65522653e-08,96,15,1,46,normal_corr_dominates,2.77536319e+00,1.00000000e+00,2.50000112e+07,1.11551666e+01,-6.28331527e+00,1.74384819e+01,1.00009903e-09
33,8.37925768e-01,2.65522653e-08,96,15,2,47,normal_corr_dominates,3.89779331e+00,1.00000000e+00,2.49999692e+07,-3.07743795e+01,-6.28331527e+00,-2.44910642e+01,1.00014307e-09
33,8.37925768e-01,2.65522653e-08,96,16,2,50,normal_corr_dominates,1.01416150e+00,1.00000000e+00,2.50000002e+07,1.53943117e-01,-1.08705369e+01,1.10244800e+01,1.00010231e-09
33,8.37925768e-01,2.65522653e-08,96,17,0,51,corr_ratio_high,5.13434188e-01,5.00000000e-01,2.49999966e+07,-3.44962017e+00,-1.02756428e+01,6.82602261e+00,1.00024098e-09
33,8.37925768e-01,2.65522653e-08,96,17,1,52,normal_corr_dominates,1.22732312e+00,1.00000000e+00,2.50000023e+07,2.33589119e+00,-1.02756428e+01,1.26115340e+01,1.00015013e-09
33,8.37925768e-01,2.65522653e-08,96,17,2,53,corr_ratio_high,2.57293605e+00,5.00000000e-01,2.50000000e+07,-4.65290740e-02,-1.02756428e+01,1.02291137e+01,1.00002380e-09
33,8.37925768e-01,2.65522653e-08,96,18,2,56,normal_corr_dominates,1.00540259e+00,1.00000000e+00,2.50000001e+07,1.00864244e-01,-1.86695952e+01,1.87704594e+01,1.00012082e-09
33,8.37925768e-01,2.65522653e-08,96,19,0,57,normal_corr_dominates,1.48458597e+01,1.00000000e+00,2.49999436e+07,-5.64359784e+01,-3.56155988e+00,-5.28744185e+01,1.00009035e-09
33,8.37925768e-01,2.65522653e-08,96,19,0,57,corr_ratio_high,1.16162007e+00,5.00000000e-01,2.49999436e+07,-5.64359784e+01,-3.56155988e+00,-5.28744185e+01,1.00009035e-09
33,8.37925768e-01,2.65522653e-08,96,19,2,59,normal_corr_dominates,2.33566572e+00,1.00000000e+00,2.50000048e+07,4.75705343e+00,-3.56155988e+00,8.31861331e+00,1.00010360e-09
33,8.37925768e-01,2.65522653e-08,96,20,1,61,normal_corr_dominates,1.04489181e+00,1.00000000e+00,2.50000004e+07,4.02967244e-01,-8.97640989e+00,9.37937713e+00,1.00013795e-09
33,8.37925768e-01,2.65522653e-08,96,20,2,62,normal_corr_dominates,2.47710354e+00,1.00000000e+00,2.49999688e+07,-3.12119066e+01,-8.97640989e+00,-2.22354967e+01,1.00010876e-09
33,8.37925768e-01,2.65522653e-08,96,21,0,63,normal_corr_dominates,1.59284790e+00,1.00000000e+00,2.49999823e+07,-1.77353302e+01,-6.84009662e+00,-1.08952336e+01,1.00010248e-09
33,8.37925768e-01,2.65522653e-08,96,21,1,64,normal_corr_dominates,2.29152461e+00,1.00000000e+00,2.50000088e+07,8.83415312e+00,-6.84009662e+00,1.56742497e+01,1.00010629e-09
33,8.37925768e-01,2.65522653e-08,96,21,2,65,normal_corr_dominates,1.44048800e+00,1.00000000e+00,2.50000030e+07,3.01298048e+00,-6.84009662e+00,9.85307711e+00,1.00012051e-09
33,8.37925768e-01,2.65522653e-08,96,22,0,66,normal_corr_dominates,2.73281689e+00,1.00000000e+00,2.50000125e+07,1.24786536e+01,-7.20136888e+00,1.96800225e+01,1.00015157e-09
33,8.37925768e-01,2.65522653e-08,96,22,1,67,normal_corr_dominates,1.29022418e+00,1.00000000e+00,2.49999835e+07,-1.64927491e+01,-7.20136888e+00,-9.29138026e+00,1.00013137e-09
33,8.37925768e-01,2.65522653e-08,96,22,2,68,corr_ratio_high,1.57140143e+00,5.00000000e-01,2.49999956e+07,-4.35737363e+00,-7.20136888e+00,2.84399525e+00,1.00005516e-09
33,8.37925768e-01,2.65522653e-08,96,23,0,69,normal_corr_dominates,8.10652523e+00,1.00000000e+00,2.49999942e+07,-5.75574614e+00,-6.32046362e-01,-5.12369978e+00,1.00013777e-09
33,8.37925768e-01,2.65522653e-08,96,23,1,70,normal_corr_dominates,5.63987557e+00,1.00000000e+00,2.49999958e+07,-4.19670920e+00,-6.32046362e-01,-3.56466283e+00,1.00011091e-09
33,8.37925768e-01,2.65522653e-08,96,23,2,71,normal_corr_dominates,3.14992509e+01,1.00000000e+00,2.50000193e+07,1.92769405e+01,-6.32046362e-01,1.99089869e+01,1.00014249e-09
33,8.37925768e-01,2.65522653e-08,96,24,1,73,corr_ratio_high,5.81249019e-01,5.00000000e-01,2.49999954e+07,-4.56761077e+00,-1.19888305e+01,7.42121972e+00,1.00008009e-09
33,8.37925768e-01,2.65522653e-08,96,24,2,74,normal_corr_dominates,1.08048671e+00,1.00000000e+00,2.49999751e+07,-2.49426026e+01,-1.19888305e+01,-1.29537721e+01,1.00012035e-09
33,8.37925768e-01,2.65522653e-08,96,26,0,78,normal_corr_dominates,5.28860674e+00,1.00000000e+00,2.50000173e+07,1.72597843e+01,-4.02456681e+00,2.12843512e+01,1.00020996e-09
33,8.37925768e-01,2.65522653e-08,96,26,1,79,normal_corr_dominates,1.84773284e+00,1.00000000e+00,2.49999885e+07,-1.14608911e+01,-4.02456681e+00,-7.43632427e+00,1.00011509e-09
33,8.37925768e-01,2.65522653e-08,96,26,2,80,normal_corr_dominates,4.31340380e+00,1.00000000e+00,2.49999786e+07,-2.13841486e+01,-4.02456681e+00,-1.73595818e+01,1.00006632e-09
33,8.37925768e-01,2.65522653e-08,96,26,2,80,corr_ratio_high,1.22280189e+00,5.00000000e-01,2.49999786e+07,-2.13841486e+01,-4.02456681e+00,-1.73595818e+01,1.00006632e-09
33,8.37925768e-01,2.65522653e-08,96,27,0,81,normal_corr_dominates,4.34351091e+00,1.00000000e+00,2.49999807e+07,-1.92633687e+01,-3.60500222e+00,-1.56583664e+01,1.00010293e-09
33,8.37925768e-01,2.65522653e-08,96,27,1,82,normal_corr_dominates,2.72657317e+00,1.00000000e+00,2.50000062e+07,6.22430009e+00,-3.60500222e+00,9.82930230e+00,1.00009962e-09
33,8.37925768e-01,2.65522653e-08,96,29,0,87,normal_corr_dominates,1.03212676e+01,1.00000000e+00,2.49999476e+07,-5.24339267e+01,-4.63145369e+00,-4.78024730e+01,1.00009451e-09
33,8.37925768e-01,2.65522653e-08,96,29,0,87,corr_ratio_high,8.84381894e-01,5.00000000e-01,2.49999476e+07,-5.24339267e+01,-4.63145369e+00,-4.78024730e+01,1.00009451e-09
33,8.37925768e-01,2.65522653e-08,96,29,1,88,normal_corr_dominates,5.67142649e+00,1.00000000e+00,2.49999691e+07,-3.08984028e+01,-4.63145369e+00,-2.62669491e+01,1.00012093e-09
33,8.37925768e-01,2.65522653e-08,96,29,2,89,normal_corr_dominates,3.24998073e+00,1.00000000e+00,2.50000104e+07,1.04206815e+01,-4.63145369e+00,1.50521352e+01,1.00010785e-09
33,8.37925768e-01,2.65522653e-08,96,30,2,92,normal_corr_dominates,1.39981608e+00,1.00000000e+00,2.49999692e+07,-3.08305060e+01,-1.28470287e+01,-1.79834773e+01,1.00012815e-09
33,8.37925768e-01,2.65522653e-08,96,31,0,93,normal_corr_dominates,1.51131895e+00,1.00000000e+00,2.49999860e+07,-1.39766717e+01,-5.56547057e+00,-8.41120115e+00,1.00010588e-09
33,8.37925768e-01,2.65522653e-08,96,31,1,94,normal_corr_dominates,1.36653882e+00,1.00000000e+00,2.50000020e+07,2.03996103e+00,-5.56547057e+00,7.60543160e+00,1.00012952e-09
33,8.37925768e-01,2.65522653e-08,96,31,2,95,normal_corr_dominates,1.96797400e+00,1.00000000e+00,2.50000054e+07,5.38723080e+00,-5.56547057e+00,1.09527014e+01,1.00009745e-09
33,8.37925768e-01,2.65522653e-08,96,32,1,97,normal_corr_dominates,2.34558627e+00,1.00000000e+00,2.49999824e+07,-1.75902235e+01,-5.25774022e+00,-1.23324833e+01,1.00009214e-09
33,8.37925768e-01,2.65522653e-08,96,33,0,99,normal_corr_dominates,5.41076650e+00,1.00000000e+00,2.49999736e+07,-2.64002273e+01,-4.11810776e+00,-2.22821195e+01,1.00010608e-09
33,8.37925768e-01,2.65522653e-08,96,33,1,100,normal_corr_dominates,1.32581089e+00,1.00000000e+00,2.49999904e+07,-9.57793987e+00,-4.11810776e+00,-5.45983211e+00,1.00010830e-09
33,8.37925768e-01,2.65522653e-08,96,33,2,101,normal_corr_dominates,3.22799818e+00,1.00000000e+00,2.50000092e+07,9.17513660e+00,-4.11810776e+00,1.32932444e+01,1.00010744e-09
33,8.37925768e-01,2.65522653e-08,96,34,0,102,normal_corr_dominates,2.22861209e+00,1.00000000e+00,2.49999689e+07,-3.10508819e+01,-9.61740869e+00,-2.14334732e+01,1.00008937e-09
33,8.37925768e-01,2.65522653e-08,96,34,1,103,normal_corr_dominates,2.05265308e+00,1.00000000e+00,2.50000101e+07,1.01237949e+01,-9.61740869e+00,1.97412036e+01,1.00008383e-09
33,8.37925768e-01,2.65522653e-08,96,35,0,105,normal_corr_dominates,3.77537574e+01,1.00000000e+00,2.50000374e+07,3.73879364e+01,-1.01725481e+00,3.84051912e+01,1.00016007e-09
33,8.37925768e-01,2.65522653e-08,96,35,1,106,normal_corr_dominates,1.93934397e+01,1.00000000e+00,2.49999793e+07,-2.07453246e+01,-1.01725481e+00,-1.97280698e+01,1.00022214e-09
33,8.37925768e-01,2.65522653e-08,96,35,2,107,normal_corr_dominates,3.91585075e+01,1.00000000e+00,2.49999591e+07,-4.08514348e+01,-1.01725481e+00,-3.98341800e+01,1.00003686e-09
33,8.37925768e-01,2.65522653e-08,96,35,2,107,corr_ratio_high,4.23442132e+00,5.00000000e-01,2.49999591e+07,-4.08514348e+01,-1.01725481e+00,-3.98341800e+01,1.00003686e-09
33,8.37925768e-01,2.65522653e-08,96,36,1,109,corr_ratio_high,7.25263405e-01,5.00000000e-01,2.49999789e+07,-2.10535312e+01,-1.75559924e+01,-3.49753886e+00,1.00006859e-09
33,8.37925768e-01,2.65522653e-08,96,37,0,111,normal_corr_dominates,1.89396550e+00,1.00000000e+00,2.50000032e+07,3.23782094e+00,-3.62186340e+00,6.85968434e+00,1.00011281e-09
33,8.37925768e-01,2.65522653e-08,96,37,2,113,normal_corr_dominates,2.71076720e+00,1.00000000e+00,2.50000062e+07,6.19616510e+00,-3.62186340e+00,9.81802850e+00,1.00008048e-09
34,8.60895810e-01,2.72801420e-08,96,0,0,0,corr_ratio_high,9.34896457e-01,5.00000000e-01,2.49999795e+07,-2.04862790e+01,-1.49464922e+01,-5.53978680e+00,1.00006837e-09
34,8.60895810e-01,2.72801420e-08,96,0,2,2,normal_corr_dominates,1.13402995e+00,1.00000000e+00,2.50000020e+07,2.00327753e+00,-1.49464922e+01,1.69497697e+01,1.00011471e-09
34,8.60895810e-01,2.72801420e-08,96,1,0,3,normal_corr_dominates,8.29892418e+00,1.00000000e+00,2.50000174e+07,1.74062717e+01,-2.38477223e+00,1.97910440e+01,1.00014460e-09
34,8.60895810e-01,2.72801420e-08,96,1,1,4,normal_corr_dominates,8.96582184e+00,1.00000000e+00,2.49999762e+07,-2.37662152e+01,-2.38477223e+00,-2.13814430e+01,1.00009204e-09
34,8.60895810e-01,2.72801420e-08,96,1,1,4,corr_ratio_high,8.74895913e-01,5.00000000e-01,2.49999762e+07,-2.37662152e+01,-2.38477223e+00,-2.13814430e+01,1.00009204e-09
34,8.60895810e-01,2.72801420e-08,96,1,2,5,normal_corr_dominates,6.59548950e+00,1.00000000e+00,2.49999819e+07,-1.81135125e+01,-2.38477223e+00,-1.57287402e+01,1.00013396e-09
34,8.60895810e-01,2.72801420e-08,96,2,0,6,normal_corr_dominates,1.14782911e+00,1.00000000e+00,2.50000011e+07,1.06086410e+00,-7.17628666e+00,8.23715076e+00,1.00010209e-09
34,8.60895810e-01,2.72801420e-08,96,2,0,6,corr_ratio_high,5.86462839e-01,5.00000000e-01,2.50000011e+07,1.06086410e+00,-7.17628666e+00,8.23715076e+00,1.00010209e-09
34,8.60895810e-01,2.72801420e-08,96,2,1,7,normal_corr_dominates,3.60550948e+00,1.00000000e+00,2.49999669e+07,-3.30504562e+01,-7.17628666e+00,-2.58741696e+01,1.00012111e-09
34,8.60895810e-01,2.72801420e-08,96,2,2,8,normal_corr_dominates,3.75748964e+00,1.00000000e+00,2.50000198e+07,1.97885361e+01,-7.17628666e+00,2.69648228e+01,1.00018531e-09
34,8.60895810e-01,2.72801420e-08,96,3,0,9,normal_corr_dominates,1.73169988e+01,1.00000000e+00,2.49999613e+07,-3.86998908e+01,-2.11278557e+00,-3.65871052e+01,1.00028028e-09
34,8.60895810e-01,2.72801420e-08,96,3,0,9,corr_ratio_high,5.86211592e-01,5.00000000e-01,2.49999613e+07,-3.86998908e+01,-2.11278557e+00,-3.65871052e+01,1.00028028e-09
34,8.60895810e-01,2.72801420e-08,96,3,1,10,normal_corr_dominates,8.51727850e+00,1.00000000e+00,2.49999799e+07,-2.01079687e+01,-2.11278557e+00,-1.79951831e+01,1.00007447e-09
34,8.60895810e-01,2.72801420e-08,96,3,1,10,corr_ratio_high,8.55621811e-01,5.00000000e-01,2.49999799e+07,-2.01079687e+01,-2.11278557e+00,-1.79951831e+01,1.00007447e-09
34,8.60895810e-01,2.72801420e-08,96,3,2,11,normal_corr_dominates,1.08543168e+01,1.00000000e+00,2.50000208e+07,2.08200582e+01,-2.11278557e+00,2.29328438e+01,1.00003123e-09
34,8.60895810e-01,2.72801420e-08,96,3,2,11,corr_ratio_high,1.78450112e+00,5.00000000e-01,2.50000208e+07,2.08200582e+01,-2.11278557e+00,2.29328438e+01,1.00003123e-09
34,8.60895810e-01,2.72801420e-08,96,4,0,12,normal_corr_dominates,1.55495556e+00,1.00000000e+00,2.49999957e+07,-4.31280840e+00,-1.68801699e+00,-2.62479141e+00,1.00012933e-09
34,8.60895810e-01,2.72801420e-08,96,4,1,13,normal_corr_dominates,2.78111188e+00,1.00000000e+00,2.50000030e+07,3.00654712e+00,-1.68801699e+00,4.69456411e+00,1.00011011e-09
34,8.60895810e-01,2.72801420e-08,96,4,2,14,normal_corr_dominates,6.78126414e+00,1.00000000e+00,2.50000098e+07,9.75887211e+00,-1.68801699e+00,1.14468891e+01,1.00008986e-09
34,8.60895810e-01,2.72801420e-08,96,5,0,15,normal_corr_dominates,2.13184049e+00,1.00000000e+00,2.50000144e+07,1.44085571e+01,-1.27302011e+01,2.71387583e+01,1.00008068e-09
34,8.60895810e-01,2.72801420e-08,96,5,1,16,normal_corr_dominates,1.41706097e+00,1.00000000e+00,2.49999692e+07,-3.07696723e+01,-1.27302011e+01,-1.80394712e+01,1.00013084e-09
34,8.60895810e-01,2.72801420e-08,96,5,2,17,normal_corr_dominates,1.70757478e+00,1.00000000e+00,2.49999655e+07,-3.44679716e+01,-1.27302011e+01,-2.17377705e+01,1.00013867e-09
34,8.60895810e-01,2.72801420e-08,96,6,1,19,normal_corr_dominates,2.04131128e+00,1.00000000e+00,2.50000088e+07,8.76457190e+00,-8.41686057e+00,1.71814325e+01,1.00008326e-09
34,8.60895810e-01,2.72801420e-08,96,6,2,20,normal_corr_dominates,3.87386833e+00,1.00000000e+00,2.49999590e+07,-4.10226702e+01,-8.41686057e+00,-3.26058096e+01,1.00016921e-09
34,8.60895810e-01,2.72801420e-08,96,7,0,21,normal_corr_dominates,6.82770489e+01,1.00000000e+00,2.49999836e+07,-1.64321768e+01,-2.37195103e-01,-1.61949817e+01,1.00010694e-09
34,8.60895810e-01,2.72801420e-08,96,7,1,22,normal_corr_dominates,4.21174645e+01,1.00000000e+00,2.49999898e+07,-1.02272515e+01,-2.37195103e-01,-9.99005636e+00,1.00014392e-09
34,8.60895810e-01,2.72801420e-08,96,7,2,23,normal_corr_dominates,1.09713387e+02,1.00000000e+00,2.50000258e+07,2.57862832e+01,-2.37195103e-01,2.60234783e+01,1.00013602e-09
34,8.60895810e-01,2.72801420e-08,96,8,0,24,normal_corr_dominates,4.39870581e+00,1.00000000e+00,2.49999817e+07,-1.82895724e+01,-3.38776979e+00,-1.49018026e+01,1.00010202e-09
34,8.60895810e-01,2.72801420e-08,96,8,1,25,normal_corr_dominates,4.61102441e+00,1.00000000e+00,2.50000122e+07,1.22333194e+01,-3.38776979e+00,1.56210892e+01,1.00007759e-09
34,8.60895810e-01,2.72801420e-08,96,8,1,25,corr_ratio_high,5.22780016e-01,5.00000000e-01,2.50000122e+07,1.22333194e+01,-3.38776979e+00,1.56210892e+01,1.00007759e-09
34,8.60895810e-01,2.72801420e-08,96,8,2,26,normal_corr_dominates,2.94441500e+00,1.00000000e+00,2.50000066e+07,6.58723037e+00,-3.38776979e+00,9.97500016e+00,1.00011620e-09
34,8.60895810e-01,2.72801420e-08,96,9,0,27,normal_corr_dominates,1.30864640e+00,1.00000000e+00,2.50000026e+07,2.64563322e+00,-8.57172886e+00,1.12173621e+01,1.00015043e-09
34,8.60895810e-01,2.72801420e-08,96,9,1,28,normal_corr_dominates,2.14058156e+00,1.00000000e+00,2.49999731e+07,-2.69202136e+01,-8.57172886e+00,-1.83484847e+01,1.00011664e-09
34,8.60895810e-01,2.72801420e-08,96,9,2,29,normal_corr_dominates,2.45819242e+00,1.00000000e+00,2.49999704e+07,-2.96426877e+01,-8.57172886e+00,-2.10709589e+01,1.00011856e-09
34,8.60895810e-01,2.72801420e-08,96,10,0,30,normal_corr_dominates,5.21832262e+00,1.00000000e+00,2.50000114e+07,1.14229595e+01,-2.70793881e+00,1.41308983e+01,1.00011707e-09
34,8.60895810e-01,2.72801420e-08,96,10,1,31,normal_corr_dominates,1.05872385e+01,1.00000000e+00,2.50000260e+07,2.59616551e+01,-2.70793881e+00,2.86695939e+01,1.00019969e-09
34,8.60895810e-01,2.72801420e-08,96,10,2,32,normal_corr_dominates,9.39119796e+00,1.00000000e+00,2.49999719e+07,-2.81387282e+01,-2.70793881e+00,-2.54307894e+01,1.00011645e-09
34,8.60895810e-01,2.72801420e-08,96,11,0,33,normal_corr_dominates,2.92214068e+00,1.00000000e+00,2.49999954e+07,-4.62639955e+00,-1.17955982e+00,-3.44683973e+00,1.00016658e-09
34,8.60895810e-01,2.72801420e-08,96,11,1,34,normal_corr_dominates,6.61200108e+00,1.00000000e+00,2.50000066e+07,6.61969098e+00,-1.17955982e+00,7.79925080e+00,1.00014814e-09
34,8.60895810e-01,2.72801420e-08,96,11,2,35,normal_corr_dominates,1.21411698e+01,1.00000000e+00,2.49999845e+07,-1.55007958e+01,-1.17955982e+00,-1.43212360e+01,1.00008184e-09
34,8.60895810e-01,2.72801420e-08,96,11,2,35,corr_ratio_high,1.01828101e+00,5.00000000e-01,2.49999845e+07,-1.55007958e+01,-1.17955982e+00,-1.43212360e+01,1.00008184e-09
34,8.60895810e-01,2.72801420e-08,96,12,1,37,normal_corr_dominates,1.15960618e+00,1.00000000e+00,2.50000023e+07,2.25550924e+00,-1.41317165e+01,1.63872258e+01,1.00010008e-09
34,8.60895810e-01,2.72801420e-08,96,13,0,39,normal_corr_dominates,1.76783252e+00,1.00000000e+00,2.50000056e+07,5.64098617e+00,-7.34663623e+00,1.29876224e+01,1.00008113e-09
34,8.60895810e-01,2.72801420e-08,96,14,0,42,normal_corr_dominates,3.05979893e+00,1.00000000e+00,2.49999944e+07,-5.57273935e+00,-1.37266388e+00,-4.20007547e+00,1.00012000e-09
34,8.60895810e-01,2.72801420e-08,96,14,1,43,normal_corr_dominates,3.11037352e+00,1.00000000e+00,2.49999944e+07,-5.64216127e+00,-1.37266388e+00,-4.26949739e+00,1.00010158e-09
34,8.60895810e-01,2.72801420e-08,96,14,2,44,normal_corr_dominates,1.78431809e+01,1.00000000e+00,2.50000231e+07,2.31200260e+01,-1.37266388e+00,2.44926899e+01,1.00016712e-09
34,8.60895810e-01,2.72801420e-08,96,15,0,45,normal_corr_dominates,1.38916931e+00,1.00000000e+00,2.49999846e+07,-1.53984517e+01,-6.44510696e+00,-8.95334477e+00,1.00009824e-09
34,8.60895810e-01,2.72801420e-08,96,15,1,46,normal_corr_dominates,2.77469181e+00,1.00000000e+00,2.50000114e+07,1.14380785e+01,-6.44510696e+00,1.78831855e+01,1.00010156e-09
34,8.60895810e-01,2.72801420e-08,96,15,2,47,normal_corr_dominates,3.89712746e+00,1.00000000e+00,2.49999684e+07,-3.15625103e+01,-6.44510696e+00,-2.51174033e+01,1.00014673e-09
34,8.60895810e-01,2.72801420e-08,96,16,2,50,normal_corr_dominates,1.01384526e+00,1.00000000e+00,2.50000002e+07,1.54369133e-01,-1.11496037e+01,1.13039728e+01,1.00010493e-09
34,8.60895810e-01,2.72801420e-08,96,17,0,51,corr_ratio_high,5.13416277e-01,5.00000000e-01,2.49999965e+07,-3.53783978e+00,-1.05401253e+01,7.00228547e+00,1.00024713e-09
34,8.60895810e-01,2.72801420e-08,96,17,1,52,normal_corr_dominates,1.22684238e+00,1.00000000e+00,2.50000024e+07,2.39094705e+00,-1.05401253e+01,1.29310723e+01,1.00015397e-09
34,8.60895810e-01,2.72801420e-08,96,17,2,53,corr_ratio_high,2.57262158e+00,5.00000000e-01,2.50000000e+07,-4.96427777e-02,-1.05401253e+01,1.04904825e+01,1.00002442e-09
34,8.60895810e-01,2.72801420e-08,96,18,2,56,normal_corr_dominates,1.00525120e+00,1.00000000e+00,2.50000001e+07,1.00551129e-01,-1.91482123e+01,1.92487634e+01,1.00012391e-09
34,8.60895810e-01,2.72801420e-08,96,19,0,57,normal_corr_dominates,1.48429737e+01,1.00000000e+00,2.49999421e+07,-5.78790742e+01,-3.65329612e+00,-5.42257781e+01,1.00009266e-09
34,8.60895810e-01,2.72801420e-08,96,19,0,57,corr_ratio_high,1.16149457e+00,5.00000000e-01,2.49999421e+07,-5.78790742e+01,-3.65329612e+00,-5.42257781e+01,1.00009266e-09
34,8.60895810e-01,2.72801420e-08,96,19,2,59,normal_corr_dominates,2.33548617e+00,1.00000000e+00,2.50000049e+07,4.87892643e+00,-3.65329612e+00,8.53222255e+00,1.00010625e-09
34,8.60895810e-01,2.72801420e-08,96,20,1,61,normal_corr_dominates,1.04470630e+00,1.00000000e+00,2.50000004e+07,4.11625107e-01,-9.20731786e+00,9.61894297e+00,1.00014148e-09
34,8.60895810e-01,2.72801420e-08,96,20,2,62,normal_corr_dominates,2.47665539e+00,1.00000000e+00,2.49999680e+07,-3.20106713e+01,-9.20731786e+00,-2.28033534e+01,1.00011155e-09
34,8.60895810e-01,2.72801420e-08,96,21,0,63,normal_corr_dominates,1.59239158e+00,1.00000000e+00,2.49999818e+07,-1.81887444e+01,-7.01620254e+00,-1.11725419e+01,1.00010510e-09
34,8.60895810e-01,2.72801420e-08,96,21,1,64,normal_corr_dominates,2.29094206e+00,1.00000000e+00,2.50000091e+07,9.05751096e+00,-7.01620254e+00,1.60737135e+01,1.00010902e-09
34,8.60895810e-01,2.72801420e-08,96,21,2,65,normal_corr_dominates,1.44003736e+00,1.00000000e+00,2.50000031e+07,3.08739126e+00,-7.01620254e+00,1.01035938e+01,1.00012360e-09
34,8.60895810e-01,2.72801420e-08,96,22,0,66,normal_corr_dominates,2.73188200e+00,1.00000000e+00,2.50000128e+07,1.27935673e+01,-7.38708949e+00,2.01806568e+01,1.00015545e-09
34,8.60895810e-01,2.72801420e-08,96,22,1,67,normal_corr_dominates,1.28991291e+00,1.00000000e+00,2.49999831e+07,-1.69157916e+01,-7.38708949e+00,-9.52870212e+00,1.00013473e-09
34,8.60895810e-01,2.72801420e-08,96,22,2,68,corr_ratio_high,1.57131691e+00,5.00000000e-01,2.49999955e+07,-4.46982582e+00,-7.38708949e+00,2.91726367e+00,1.00005657e-09
34,8.60895810e-01,2.72801420e-08,96,23,0,69,normal_corr_dominates,8.09558359e+00,1.00000000e+00,2.49999941e+07,-5.90224885e+00,-6.48913706e-01,-5.25333515e+00,1.00014130e-09
34,8.60895810e-01,2.72801420e-08,96,23,1,70,normal_corr_dominates,5.63301587e+00,1.00000000e+00,2.49999957e+07,-4.30425491e+00,-6.48913706e-01,-3.65534120e+00,1.00011375e-09
34,8.60895810e-01,2.72801420e-08,96,23,2,71,normal_corr_dominates,3.14650952e+01,1.00000000e+00,2.50000198e+07,1.97692178e+01,-6.48913706e-01,2.04181315e+01,1.00014613e-09
34,8.60895810e-01,2.72801420e-08,96,24,1,73,corr_ratio_high,5.81266961e-01,5.00000000e-01,2.49999953e+07,-4.68617524e+00,-1.22966461e+01,7.61047082e+00,1.00008214e-09
34,8.60895810e-01,2.72801420e-08,96,24,2,74,normal_corr_dominates,1.08039127e+00,1.00000000e+00,2.49999744e+07,-2.55818351e+01,-1.22966461e+01,-1.32851891e+01,1.00012343e-09
34,8.60895810e-01,2.72801420e-08,96,26,0,78,normal_corr_dominates,5.28755390e+00,1.00000000e+00,2.50000177e+07,1.76999015e+01,-4.12820501e+00,2.18281065e+01,1.00021532e-09
34,8.60895810e-01,2.72801420e-08,96,26,1,79,normal_corr_dominates,1.84715826e+00,1.00000000e+00,2.49999882e+07,-1.17536530e+01,-4.12820501e+00,-7.62544798e+00,1.00011804e-09
34,8.60895810e-01,2.72801420e-08,96,26,2,80,normal_corr_dominates,4.31231867e+00,1.00000000e+00,2.49999781e+07,-2.19303406e+01,-4.12820501e+00,-1.78021356e+01,1.00006802e-09
34,8.60895810e-01,2.72801420e-08,96,26,2,80,corr_ratio_high,1.22259213e+00,5.00000000e-01,2.49999781e+07,-2.19303406e+01,-4.12820501e+00,-1.78021356e+01,1.00006802e-09
34,8.60895810e-01,2.72801420e-08,96,27,0,81,normal_corr_dominates,4.34210944e+00,1.00000000e+00,2.49999802e+07,-1.97549842e+01,-3.69797445e+00,-1.60570098e+01,1.00010556e-09
34,8.60895810e-01,2.72801420e-08,96,27,1,82,normal_corr_dominates,2.72657998e+00,1.00000000e+00,2.50000064e+07,6.38484864e+00,-3.69797445e+00,1.00828231e+01,1.00010217e-09
34,8.60895810e-01,2.72801420e-08,96,29,0,87,normal_corr_dominates,1.03188757e+01,1.00000000e+00,2.49999462e+07,-5.37741564e+01,-4.75083903e+00,-4.90233173e+01,1.00009692e-09
34,8.60895810e-01,2.72801420e-08,96,29,0,87,corr_ratio_high,8.84394583e-01,5.00000000e-01,2.49999462e+07,-5.37741564e+01,-4.75083903e+00,-4.90233173e+01,1.00009692e-09
34,8.60895810e-01,2.72801420e-08,96,29,1,88,normal_corr_dominates,5.67005512e+00,1.00000000e+00,2.49999683e+07,-3.16883582e+01,-4.75083903e+00,-2.69375192e+01,1.00012402e-09
34,8.60895810e-01,2.72801420e-08,96,29,2,89,normal_corr_dominates,3.24932161e+00,1.00000000e+00,2.50000107e+07,1.06861649e+01,-4.75083903e+00,1.54370039e+01,1.00011061e-09
34,8.60895810e-01,2.72801420e-08,96,30,2,92,normal_corr_dominates,1.39964854e+00,1.00000000e+00,2.49999684e+07,-3.16191216e+01,-1.31765636e+01,-1.84425580e+01,1.00013143e-09
34,8.60895810e-01,2.72801420e-08,96,31,0,93,normal_corr_dominates,1.51086586e+00,1.00000000e+00,2.49999857e+07,-1.43341947e+01,-5.70886522e+00,-8.62532953e+00,1.00010859e-09
34,8.60895810e-01,2.72801420e-08,96,31,1,94,normal_corr_dominates,1.36602110e+00,1.00000000e+00,2.50000021e+07,2.08956513e+00,-5.70886522e+00,7.79843035e+00,1.00013283e-09
34,8.60895810e-01,2.72801420e-08,96,31,2,95,normal_corr_dominates,1.96761336e+00,1.00000000e+00,2.50000055e+07,5.52397423e+00,-5.70886522e+00,1.12328394e+01,1.00009995e-09
34,8.60895810e-01,2.72801420e-08,96,32,1,97,normal_corr_dominates,2.34503970e+00,1.00000000e+00,2.49999820e+07,-1.80394129e+01,-5.39288455e+00,-1.26465284e+01,1.00009450e-09
34,8.60895810e-01,2.72801420e-08,96,33,0,99,normal_corr_dominates,5.40943407e+00,1.00000000e+00,2.49999729e+07,-2.70752887e+01,-4.22428694e+00,-2.28510017e+01,1.00010879e-09
34,8.60895810e-01,2.72801420e-08,96,33,1,100,normal_corr_dominates,1.32528393e+00,1.00000000e+00,2.49999902e+07,-9.82266656e+00,-4.22428694e+00,-5.59837961e+00,1.00011107e-09
34,8.60895810e-01,2.72801420e-08,96,33,2,101,normal_corr_dominates,3.22732831e+00,1.00000000e+00,2.50000094e+07,9.40887388e+00,-4.22428694e+00,1.36331608e+01,1.00011019e-09
34,8.60895810e-01,2.72801420e-08,96,34,0,102,normal_corr_dominates,2.22835003e+00,1.00000000e+00,2.49999682e+07,-3.18463728e+01,-9.86459722e+00,-2.19817755e+01,1.00009166e-09
34,8.60895810e-01,2.72801420e-08,96,34,1,103,normal_corr_dominates,2.05232378e+00,1.00000000e+00,2.50000104e+07,1.03807503e+01,-9.86459722e+00,2.02453475e+01,1.00008598e-09
34,8.60895810e-01,2.72801420e-08,96,35,0,105,normal_corr_dominates,3.77219506e+01,1.00000000e+00,2.50000383e+07,3.83420987e+01,-1.04411934e+00,3.93862180e+01,1.00016416e-09
34,8.60895810e-01,2.72801420e-08,96,35,1,106,normal_corr_dominates,1.93769445e+01,1.00000000e+00,2.49999787e+07,-2.12759618e+01,-1.04411934e+00,-2.02318425e+01,1.00022781e-09
34,8.60895810e-01,2.72801420e-08,96,35,2,107,normal_corr_dominates,3.91239255e+01,1.00000000e+00,2.49999581e+07,-4.18941665e+01,-1.04411934e+00,-4.08500471e+01,1.00003781e-09
34,8.60895810e-01,2.72801420e-08,96,35,2,107,corr_ratio_high,4.23345509e+00,5.00000000e-01,2.49999581e+07,-4.18941665e+01,-1.04411934e+00,-4.08500471e+01,1.00003781e-09
34,8.60895810e-01,2.72801420e-08,96,36,1,109,corr_ratio_high,7.25234222e-01,5.00000000e-01,2.49999784e+07,-2.15938488e+01,-1.80061245e+01,-3.58772421e+00,1.00007035e-09
34,8.60895810e-01,2.72801420e-08,96,37,0,111,normal_corr_dominates,1.89417631e+00,1.00000000e+00,2.50000033e+07,3.32218401e+00,-3.71535676e+00,7.03754078e+00,1.00011569e-09
34,8.60895810e-01,2.72801420e-08,96,37,2,113,normal_corr_dominates,2.71019965e+00,1.00000000e+00,2.50000064e+07,6.35400185e+00,-3.71535676e+00,1.00693586e+01,1.00008254e-09
35,8.86183726e-01,2.80814677e-08,96,0,0,0,corr_ratio_high,9.34815288e-01,5.00000000e-01,2.49999790e+07,-2.10489852e+01,-1.53571057e+01,-5.69187952e+00,1.00007025e-09
35,8.86183726e-01,2.80814677e-08,96,0,2,2,normal_corr_dominates,1.13381836e+00,1.00000000e+00,2.50000021e+07,2.05506263e+00,-1.53571057e+01,1.74121683e+01,1.00011785e-09
35,8.86183726e-01,2.80814677e-08,96,1,0,3,normal_corr_dominates,8.29821429e+00,1.00000000e+00,2.50000179e+07,1.78813291e+01,-2.45009647e+00,2.03314255e+01,1.00014856e-09
35,8.86183726e-01,2.80814677e-08,96,1,1,4,normal_corr_dominates,8.96732457e+00,1.00000000e+00,2.49999756e+07,-2.44209067e+01,-2.45009647e+00,-2.19708103e+01,1.00009456e-09
35,8.86183726e-01,2.80814677e-08,96,1,1,4,corr_ratio_high,8.74952837e-01,5.00000000e-01,2.49999756e+07,-2.44209067e+01,-2.45009647e+00,-2.19708103e+01,1.00009456e-09
35,8.86183726e-01,2.80814677e-08,96,1,2,5,normal_corr_dominates,6.59431910e+00,1.00000000e+00,2.49999814e+07,-1.86068144e+01,-2.45009647e+00,-1.61567179e+01,1.00013763e-09
35,8.86183726e-01,2.80814677e-08,96,2,0,6,normal_corr_dominates,1.14716990e+00,1.00000000e+00,2.50000011e+07,1.08511261e+00,-7.37319674e+00,8.45830935e+00,1.00010488e-09
35,8.86183726e-01,2.80814677e-08,96,2,0,6,corr_ratio_high,5.86518993e-01,5.00000000e-01,2.50000011e+07,1.08511261e+00,-7.37319674e+00,8.45830935e+00,1.00010488e-09
35,8.86183726e-01,2.80814677e-08,96,2,1,7,normal_corr_dominates,3.60500057e+00,1.00000000e+00,2.49999660e+07,-3.39535752e+01,-7.37319674e+00,-2.65803785e+01,1.00012443e-09
35,8.86183726e-01,2.80814677e-08,96,2,2,8,normal_corr_dominates,3.75745123e+00,1.00000000e+00,2.50000203e+07,2.03312305e+01,-7.37319674e+00,2.77044272e+01,1.00019038e-09
35,8.86183726e-01,2.80814677e-08,96,3,0,9,normal_corr_dominates,1.73068676e+01,1.00000000e+00,2.49999602e+07,-3.97590143e+01,-2.17180870e+00,-3.75872056e+01,1.00028795e-09
35,8.86183726e-01,2.80814677e-08,96,3,0,9,corr_ratio_high,5.86205471e-01,5.00000000e-01,2.49999602e+07,-3.97590143e+01,-2.17180870e+00,-3.75872056e+01,1.00028795e-09
35,8.86183726e-01,2.80814677e-08,96,3,1,10,normal_corr_dominates,8.51147313e+00,1.00000000e+00,2.49999793e+07,-2.06571001e+01,-2.17180870e+00,-1.84852914e+01,1.00007651e-09
35,8.86183726e-01,2.80814677e-08,96,3,1,10,corr_ratio_high,8.55609866e-01,5.00000000e-01,2.49999793e+07,-2.06571001e+01,-2.17180870e+00,-1.84852914e+01,1.00007651e-09
35,8.86183726e-01,2.80814677e-08,96,3,2,11,normal_corr_dominates,1.08473207e+01,1.00000000e+00,2.50000214e+07,2.13864968e+01,-2.17180870e+00,2.35583055e+01,1.00003209e-09
35,8.86183726e-01,2.80814677e-08,96,3,2,11,corr_ratio_high,1.78413721e+00,5.00000000e-01,2.50000214e+07,2.13864968e+01,-2.17180870e+00,2.35583055e+01,1.00003209e-09
35,8.86183726e-01,2.80814677e-08,96,4,0,12,normal_corr_dominates,1.55344299e+00,1.00000000e+00,2.49999956e+07,-4.43058343e+00,-1.73514093e+00,-2.69544251e+00,1.00013287e-09
35,8.86183726e-01,2.80814677e-08,96,4,1,13,normal_corr_dominates,2.77904163e+00,1.00000000e+00,2.50000031e+07,3.08688794e+00,-1.73514093e+00,4.82202886e+00,1.00011312e-09
35,8.86183726e-01,2.80814677e-08,96,4,2,14,normal_corr_dominates,6.77805207e+00,1.00000000e+00,2.50000100e+07,1.00257346e+01,-1.73514093e+00,1.17608755e+01,1.00009233e-09
35,8.86183726e-01,2.80814677e-08,96,5,0,15,normal_corr_dominates,2.13144491e+00,1.00000000e+00,2.50000148e+07,1.47994149e+01,-1.30801021e+01,2.78795171e+01,1.00008290e-09
35,8.86183726e-01,2.80814677e-08,96,5,1,16,normal_corr_dominates,1.41677473e+00,1.00000000e+00,2.49999684e+07,-3.16116603e+01,-1.30801021e+01,-1.85315582e+01,1.00013442e-09
35,8.86183726e-01,2.80814677e-08,96,5,2,17,normal_corr_dominates,1.70746466e+00,1.00000000e+00,2.49999646e+07,-3.54139143e+01,-1.30801021e+01,-2.23338121e+01,1.00014246e-09
35,8.86183726e-01,2.80814677e-08,96,6,1,19,normal_corr_dominates,2.04068405e+00,1.00000000e+00,2.50000090e+07,9.00035989e+00,-8.64850374e+00,1.76488636e+01,1.00008554e-09
35,8.86183726e-01,2.80814677e-08,96,6,2,20,normal_corr_dominates,3.87331037e+00,1.00000000e+00,2.49999579e+07,-4.21468429e+01,-8.64850374e+00,-3.34983392e+01,1.00017384e-09
35,8.86183726e-01,2.80814677e-08,96,7,0,21,normal_corr_dominates,6.81993847e+01,1.00000000e+00,2.49999831e+07,-1.68863511e+01,-2.44024585e-01,-1.66423265e+01,1.00010986e-09
35,8.86183726e-01,2.80814677e-08,96,7,1,22,normal_corr_dominates,4.20427370e+01,1.00000000e+00,2.49999895e+07,-1.05034860e+01,-2.44024585e-01,-1.02594615e+01,1.00014787e-09
35,8.86183726e-01,2.80814677e-08,96,7,2,23,normal_corr_dominates,1.09560839e+02,1.00000000e+00,2.50000265e+07,2.64915136e+01,-2.44024585e-01,2.67355382e+01,1.00013974e-09
35,8.86183726e-01,2.80814677e-08,96,8,0,24,normal_corr_dominates,4.39654329e+00,1.00000000e+00,2.49999812e+07,-1.87892437e+01,-3.48171833e+00,-1.53075253e+01,1.00010482e-09
35,8.86183726e-01,2.80814677e-08,96,8,1,25,normal_corr_dominates,4.60875394e+00,1.00000000e+00,2.50000126e+07,1.25646647e+01,-3.48171833e+00,1.60463831e+01,1.00007972e-09
35,8.86183726e-01,2.80814677e-08,96,8,1,25,corr_ratio_high,5.22707072e-01,5.00000000e-01,2.50000126e+07,1.25646647e+01,-3.48171833e+00,1.60463831e+01,1.00007972e-09
35,8.86183726e-01,2.80814677e-08,96,8,2,26,normal_corr_dominates,2.94284926e+00,1.00000000e+00,2.50000068e+07,6.76445390e+00,-3.48171833e+00,1.02461722e+01,1.00011938e-09
35,8.86183726e-01,2.80814677e-08,96,9,0,27,normal_corr_dominates,1.30841339e+00,1.00000000e+00,2.50000027e+07,2.71646230e+00,-8.80786112e+00,1.15243234e+01,1.00015455e-09
35,8.86183726e-01,2.80814677e-08,96,9,1,28,normal_corr_dominates,2.14010942e+00,1.00000000e+00,2.49999723e+07,-2.76576477e+01,-8.80786112e+00,-1.88497866e+01,1.00011984e-09
35,8.86183726e-01,2.80814677e-08,96,9,2,29,normal_corr_dominates,2.45782259e+00,1.00000000e+00,2.49999695e+07,-3.04560212e+01,-8.80786112e+00,-2.16481601e+01,1.00012181e-09
35,8.86183726e-01,2.80814677e-08,96,10,0,30,normal_corr_dominates,5.21642950e+00,1.00000000e+00,2.50000117e+07,1.17327140e+01,-2.78261834e+00,1.45153324e+01,1.00012027e-09
35,8.86183726e-01,2.80814677e-08,96,10,1,31,normal_corr_dominates,1.05853440e+01,1.00000000e+00,2.50000267e+07,2.66723540e+01,-2.78261834e+00,2.94549723e+01,1.00020515e-09
35,8.86183726e-01,2.80814677e-08,96,10,2,32,normal_corr_dominates,9.38853358e+00,1.00000000e+00,2.49999711e+07,-2.89073240e+01,-2.78261834e+00,-2.61247057e+01,1.00011964e-09
35,8.86183726e-01,2.80814677e-08,96,11,0,33,normal_corr_dominates,2.92354159e+00,1.00000000e+00,2.49999952e+07,-4.75304097e+00,-1.21141598e+00,-3.54162499e+00,1.00017114e-09
35,8.86183726e-01,2.80814677e-08,96,11,1,34,normal_corr_dominates,6.61344664e+00,1.00000000e+00,2.50000068e+07,6.80021894e+00,-1.21141598e+00,8.01163492e+00,1.00015220e-09
35,8.86183726e-01,2.80814677e-08,96,11,2,35,normal_corr_dominates,1.21474398e+01,1.00000000e+00,2.49999841e+07,-1.59270186e+01,-1.21141598e+00,-1.47156026e+01,1.00008409e-09
35,8.86183726e-01,2.80814677e-08,96,11,2,35,corr_ratio_high,1.01820671e+00,5.00000000e-01,2.49999841e+07,-1.59270186e+01,-1.21141598e+00,-1.47156026e+01,1.00008409e-09
35,8.86183726e-01,2.80814677e-08,96,12,1,37,normal_corr_dominates,1.15936252e+00,1.00000000e+00,2.50000023e+07,2.31396599e+00,-1.45201389e+01,1.68341049e+01,1.00010282e-09
35,8.86183726e-01,2.80814677e-08,96,13,0,39,normal_corr_dominates,1.76746003e+00,1.00000000e+00,2.50000058e+07,5.79360288e+00,-7.54906144e+00,1.33426643e+01,1.00008336e-09
35,8.86183726e-01,2.80814677e-08,96,14,0,42,normal_corr_dominates,3.05761139e+00,1.00000000e+00,2.49999943e+07,-5.72570892e+00,-1.41110332e+00,-4.31460560e+00,1.00012329e-09
35,8.86183726e-01,2.80814677e-08,96,14,1,43,normal_corr_dominates,3.10858203e+00,1.00000000e+00,2.49999942e+07,-5.79763375e+00,-1.41110332e+00,-4.38653043e+00,1.00010436e-09
35,8.86183726e-01,2.80814677e-08,96,14,2,44,normal_corr_dominates,1.78323674e+01,1.00000000e+00,2.50000238e+07,2.37522096e+01,-1.41110332e+00,2.51633129e+01,1.00017169e-09
35,8.86183726e-01,2.80814677e-08,96,15,0,45,normal_corr_dominates,1.38864303e+00,1.00000000e+00,2.49999842e+07,-1.58196080e+01,-6.62284310e+00,-9.19676494e+00,1.00010093e-09
35,8.86183726e-01,2.80814677e-08,96,15,1,46,normal_corr_dominates,2.77395893e+00,1.00000000e+00,2.50000117e+07,1.17486516e+01,-6.62284310e+00,1.83714947e+01,1.00010435e-09
35,8.86183726e-01,2.80814677e-08,96,15,2,47,normal_corr_dominates,3.89639737e+00,1.00000000e+00,2.49999676e+07,-3.24280715e+01,-6.62284310e+00,-2.58052284e+01,1.00015075e-09
35,8.86183726e-01,2.80814677e-08,96,16,2,50,normal_corr_dominates,1.01350073e+00,1.00000000e+00,2.50000002e+07,1.54666085e-01,-1.14561307e+01,1.16107968e+01,1.00010781e-09
35,8.86183726e-01,2.80814677e-08,96,17,0,51,corr_ratio_high,5.13396654e-01,5.00000000e-01,2.49999964e+07,-3.63468857e+00,-1.08306460e+01,7.19595744e+00,1.00025388e-09
35,8.86183726e-01,2.80814677e-08,96,17,1,52,normal_corr_dominates,1.22632453e+00,1.00000000e+00,2.50000025e+07,2.45124085e+00,-1.08306460e+01,1.32818869e+01,1.00015820e-09
35,8.86183726e-01,2.80814677e-08,96,17,2,53,corr_ratio_high,2.57227973e+00,5.00000000e-01,2.49999999e+07,-5.31922714e-02,-1.08306460e+01,1.07774537e+01,1.00002509e-09
35,8.86183726e-01,2.80814677e-08,96,18,2,56,normal_corr_dominates,1.00508632e+00,1.00000000e+00,2.50000001e+07,1.00067760e-01,-1.96738885e+01,1.97739562e+01,1.00012731e-09
35,8.86183726e-01,2.80814677e-08,96,19,0,57,normal_corr_dominates,1.48397963e+01,1.00000000e+00,2.49999405e+07,-5.94638943e+01,-3.75408200e+00,-5.57098123e+01,1.00009521e-09
35,8.86183726e-01,2.80814677e-08,96,19,0,57,corr_ratio_high,1.16135803e+00,5.00000000e-01,2.49999405e+07,-5.94638943e+01,-3.75408200e+00,-5.57098123e+01,1.00009521e-09
35,8.86183726e-01,2.80814677e-08,96,19,2,59,normal_corr_dominates,2.33528271e+00,1.00000000e+00,2.50000050e+07,5.01276080e+00,-3.75408200e+00,8.76684280e+00,1.00010917e-09
35,8.86183726e-01,2.80814677e-08,96,20,1,61,normal_corr_dominates,1.04450573e+00,1.00000000e+00,2.50000004e+07,4.21067000e-01,-9.46096169e+00,9.88202869e+00,1.00014535e-09
35,8.86183726e-01,2.80814677e-08,96,20,2,62,normal_corr_dominates,2.47616894e+00,1.00000000e+00,2.49999671e+07,-3.28879012e+01,-9.46096169e+00,-2.34269395e+01,1.00011460e-09
35,8.86183726e-01,2.80814677e-08,96,21,0,63,normal_corr_dominates,1.59189536e+00,1.00000000e+00,2.49999813e+07,-1.86866866e+01,-7.20966089e+00,-1.14770257e+01,1.00010798e-09
35,8.86183726e-01,2.80814677e-08,96,21,1,64,normal_corr_dominates,2.29030720e+00,1.00000000e+00,2.50000093e+07,9.30267733e+00,-7.20966089e+00,1.65123382e+01,1.00011200e-09
35,8.86183726e-01,2.80814677e-08,96,21,2,65,normal_corr_dominates,1.43954745e+00,1.00000000e+00,2.50000032e+07,3.16898809e+00,-7.20966089e+00,1.03786490e+01,1.00012698e-09
35,8.86183726e-01,2.80814677e-08,96,22,0,66,normal_corr_dominates,2.73087447e+00,1.00000000e+00,2.50000131e+07,1.31392577e+01,-7.59110952e+00,2.07303672e+01,1.00015971e-09
35,8.86183726e-01,2.80814677e-08,96,22,1,67,normal_corr_dominates,1.28957669e+00,1.00000000e+00,2.49999826e+07,-1.73804274e+01,-7.59110952e+00,-9.78931792e+00,1.00013842e-09
35,8.86183726e-01,2.80814677e-08,96,22,2,68,corr_ratio_high,1.57122398e+00,5.00000000e-01,2.49999954e+07,-4.59340343e+00,-7.59110952e+00,2.99770609e+00,1.00005812e-09
35,8.86183726e-01,2.80814677e-08,96,23,0,69,normal_corr_dominates,8.08355691e+00,1.00000000e+00,2.49999939e+07,-6.06311803e+00,-6.67482803e-01,-5.39563522e+00,1.00014516e-09
35,8.86183726e-01,2.80814677e-08,96,23,1,70,normal_corr_dominates,5.62546510e+00,1.00000000e+00,2.49999956e+07,-4.42238401e+00,-6.67482803e-01,-3.75490121e+00,1.00011687e-09
35,8.86183726e-01,2.80814677e-08,96,23,2,71,normal_corr_dominates,3.14274276e+01,1.00000000e+00,2.50000203e+07,2.03097846e+01,-6.67482803e-01,2.09772674e+01,1.00015013e-09
35,8.86183726e-01,2.80814677e-08,96,24,1,73,corr_ratio_high,5.81286214e-01,5.00000000e-01,2.49999952e+07,-4.81648495e+00,-1.26347432e+01,7.81825828e+00,1.00008439e-09
35,8.86183726e-01,2.80814677e-08,96,24,2,74,normal_corr_dominates,1.08028678e+00,1.00000000e+00,2.49999737e+07,-2.62838893e+01,-1.26347432e+01,-1.36491460e+01,1.00012681e-09
35,8.86183726e-01,2.80814677e-08,96,26,0,78,normal_corr_dominates,5.28640446e+00,1.00000000e+00,2.50000182e+07,1.81831980e+01,-4.24206307e+00,2.24252611e+01,1.00022121e-09
35,8.86183726e-01,2.80814677e-08,96,26,1,79,normal_corr_dominates,1.84652979e+00,1.00000000e+00,2.49999879e+07,-1.20751589e+01,-4.24206307e+00,-7.83309583e+00,1.00012127e-09
35,8.86183726e-01,2.80814677e-08,96,26,2,80,normal_corr_dominates,4.31113337e+00,1.00000000e+00,2.49999775e+07,-2.25301627e+01,-4.24206307e+00,-1.82880996e+01,1.00006989e-09
35,8.86183726e-01,2.80814677e-08,96,26,2,80,corr_ratio_high,1.22236338e+00,5.00000000e-01,2.49999775e+07,-2.25301627e+01,-4.24206307e+00,-1.82880996e+01,1.00006989e-09
35,8.86183726e-01,2.80814677e-08,96,27,0,81,normal_corr_dominates,4.34057731e+00,1.00000000e+00,2.49999797e+07,-2.02948468e+01,-3.80012228e+00,-1.64947245e+01,1.00010845e-09
35,8.86183726e-01,2.80814677e-08,96,27,1,82,normal_corr_dominates,2.72657644e+00,1.00000000e+00,2.50000066e+07,6.56120158e+00,-3.80012228e+00,1.03613239e+01,1.00010496e-09
35,8.86183726e-01,2.80814677e-08,96,29,0,87,normal_corr_dominates,1.03162712e+01,1.00000000e+00,2.49999448e+07,-5.52459980e+01,-4.88199664e+00,-5.03640014e+01,1.00009958e-09
35,8.86183726e-01,2.80814677e-08,96,29,0,87,corr_ratio_high,8.84407963e-01,5.00000000e-01,2.49999448e+07,-5.52459980e+01,-4.88199664e+00,-5.03640014e+01,1.00009958e-09
35,8.86183726e-01,2.80814677e-08,96,29,1,88,normal_corr_dominates,5.66856075e+00,1.00000000e+00,2.49999674e+07,-3.25558911e+01,-4.88199664e+00,-2.76738945e+01,1.00012742e-09
35,8.86183726e-01,2.80814677e-08,96,29,2,89,normal_corr_dominates,3.24860307e+00,1.00000000e+00,2.50000110e+07,1.09776726e+01,-4.88199664e+00,1.58596692e+01,1.00011364e-09
35,8.86183726e-01,2.80814677e-08,96,30,2,92,normal_corr_dominates,1.39946607e+00,1.00000000e+00,2.49999675e+07,-3.24851845e+01,-1.35385055e+01,-1.89466791e+01,1.00013503e-09
35,8.86183726e-01,2.80814677e-08,96,31,0,93,normal_corr_dominates,1.51037220e+00,1.00000000e+00,2.49999853e+07,-1.47268353e+01,-5.86639516e+00,-8.86044018e+00,1.00011157e-09
35,8.86183726e-01,2.80814677e-08,96,31,1,94,normal_corr_dominates,1.36545899e+00,1.00000000e+00,2.50000021e+07,2.14392686e+00,-5.86639516e+00,8.01032202e+00,1.00013647e-09
35,8.86183726e-01,2.80814677e-08,96,31,2,95,normal_corr_dominates,1.96721876e+00,1.00000000e+00,2.50000057e+07,5.67408747e+00,-5.86639516e+00,1.15404826e+01,1.00010269e-09
35,8.86183726e-01,2.80814677e-08,96,32,1,97,normal_corr_dominates,2.34444306e+00,1.00000000e+00,2.49999815e+07,-1.85327008e+01,-5.54134141e+00,-1.29913594e+01,1.00009709e-09
35,8.86183726e-01,2.80814677e-08,96,33,0,99,normal_corr_dominates,5.40798347e+00,1.00000000e+00,2.49999722e+07,-2.78166524e+01,-4.34093698e+00,-2.34757154e+01,1.00011177e-09
35,8.86183726e-01,2.80814677e-08,96,33,1,100,normal_corr_dominates,1.32470936e+00,1.00000000e+00,2.49999899e+07,-1.00914168e+01,-4.34093698e+00,-5.75047986e+00,1.00011411e-09
35,8.86183726e-01,2.80814677e-08,96,33,2,101,normal_corr_dominates,3.22659734e+00,1.00000000e+00,2.50000097e+07,9.66551871e+00,-4.34093698e+00,1.40064557e+01,1.00011321e-09
35,8.86183726e-01,2.80814677e-08,96,34,0,102,normal_corr_dominates,2.22806762e+00,1.00000000e+00,2.49999673e+07,-3.27200613e+01,-1.01361140e+01,-2.25839473e+01,1.00009417e-09
35,8.86183726e-01,2.80814677e-08,96,34,1,103,normal_corr_dominates,2.05196690e+00,1.00000000e+00,2.50000107e+07,1.06628564e+01,-1.01361140e+01,2.07989703e+01,1.00008834e-09
35,8.86183726e-01,2.80814677e-08,96,35,0,105,normal_corr_dominates,3.76873415e+01,1.00000000e+00,2.50000394e+07,3.93898766e+01,-1.07366397e+00,4.04635406e+01,1.00016865e-09
35,8.86183726e-01,2.80814677e-08,96,35,1,106,normal_corr_dominates,1.93589458e+01,1.00000000e+00,2.49999781e+07,-2.18586665e+01,-1.07366397e+00,-2.07850026e+01,1.00023405e-09
35,8.86183726e-01,2.80814677e-08,96,35,2,107,normal_corr_dominates,3.90863254e+01,1.00000000e+00,2.49999570e+07,-4.30392432e+01,-1.07366397e+00,-4.19655793e+01,1.00003885e-09
35,8.86183726e-01,2.80814677e-08,96,35,2,107,corr_ratio_high,4.23240314e+00,5.00000000e-01,2.49999570e+07,-4.30392432e+01,-1.07366397e+00,-4.19655793e+01,1.00003885e-09
35,8.86183726e-01,2.80814677e-08,96,36,1,109,corr_ratio_high,7.25202389e-01,5.00000000e-01,2.49999778e+07,-2.21873073e+01,-1.85005195e+01,-3.68678786e+00,1.00007228e-09
35,8.86183726e-01,2.80814677e-08,96,37,0,111,normal_corr_dominates,1.89439832e+00,1.00000000e+00,2.50000034e+07,3.41488244e+00,-3.81807788e+00,7.23296032e+00,1.00011885e-09
35,8.86183726e-01,2.80814677e-08,96,37,2,113,normal_corr_dominates,2.70957351e+00,1.00000000e+00,2.50000065e+07,6.52728480e+00,-3.81807788e+00,1.03453627e+01,1.00008481e-09
36,9.12327811e-01,2.89099238e-08,96,0,0,0,corr_ratio_high,9.34732246e-01,5.00000000e-01,2.49999784e+07,-2.16293243e+01,-1.57805971e+01,-5.84872715e+00,1.00007218e-09
36,9.12327811e-01,2.89099238e-08,96,0,2,2,normal_corr_dominates,1.13360197e+00,1.00000000e+00,2.50000021e+07,2.10831888e+00,-1.57805971e+01,1.78889160e+01,1.00012109e-09
36,9.12327811e-01,2.89099238e-08,96,1,0,3,normal_corr_dominates,8.29743440e+00,1.00000000e+00,2.50000184e+07,1.83711059e+01,-2.51747463e+00,2.08885806e+01,1.00015264e-09
36,9.12327811e-01,2.89099238e-08,96,1,1,4,normal_corr_dominates,8.96879592e+00,1.00000000e+00,2.49999749e+07,-2.50961908e+01,-2.51747463e+00,-2.25787162e+01,1.00009716e-09
36,9.12327811e-01,2.89099238e-08,96,1,1,4,corr_ratio_high,8.75009856e-01,5.00000000e-01,2.49999749e+07,-2.50961908e+01,-2.51747463e+00,-2.25787162e+01,1.00009716e-09
36,9.12327811e-01,2.89099238e-08,96,1,2,5,normal_corr_dominates,6.59308222e+00,1.00000000e+00,2.49999809e+07,-1.91153918e+01,-2.51747463e+00,-1.65979172e+01,1.00014142e-09
36,9.12327811e-01,2.89099238e-08,96,2,0,6,normal_corr_dominates,1.14649575e+00,1.00000000e+00,2.50000011e+07,1.10989255e+00,-7.57627834e+00,8.68617089e+00,1.00010775e-09
36,9.12327811e-01,2.89099238e-08,96,2,0,6,corr_ratio_high,5.86575786e-01,5.00000000e-01,2.50000011e+07,1.10989255e+00,-7.57627834e+00,8.68617089e+00,1.00010775e-09
36,9.12327811e-01,2.89099238e-08,96,2,1,7,normal_corr_dominates,3.60447844e+00,1.00000000e+00,2.49999651e+07,-3.48848103e+01,-7.57627834e+00,-2.73085319e+01,1.00012784e-09
36,9.12327811e-01,2.89099238e-08,96,2,2,8,normal_corr_dominates,3.75740990e+00,1.00000000e+00,2.50000209e+07,2.08909049e+01,-7.57627834e+00,2.84671832e+01,1.00019561e-09
36,9.12327811e-01,2.89099238e-08,96,3,0,9,normal_corr_dominates,1.72964551e+01,1.00000000e+00,2.49999591e+07,-4.08511135e+01,-2.23273379e+00,-3.86183797e+01,1.00029586e-09
36,9.12327811e-01,2.89099238e-08,96,3,0,9,corr_ratio_high,5.86199061e-01,5.00000000e-01,2.49999591e+07,-4.08511135e+01,-2.23273379e+00,-3.86183797e+01,1.00029586e-09
36,9.12327811e-01,2.89099238e-08,96,3,1,10,normal_corr_dominates,8.50553839e+00,1.00000000e+00,2.49999788e+07,-2.12233368e+01,-2.23273379e+00,-1.89906030e+01,1.00007861e-09
36,9.12327811e-01,2.89099238e-08,96,3,1,10,corr_ratio_high,8.55596601e-01,5.00000000e-01,2.49999788e+07,-2.12233368e+01,-2.23273379e+00,-1.89906030e+01,1.00007861e-09
36,9.12327811e-01,2.89099238e-08,96,3,2,11,normal_corr_dominates,1.08401379e+01,1.00000000e+00,2.50000220e+07,2.19704084e+01,-2.23273379e+00,2.42031422e+01,1.00003299e-09
36,9.12327811e-01,2.89099238e-08,96,3,2,11,corr_ratio_high,1.78376672e+00,5.00000000e-01,2.50000220e+07,2.19704084e+01,-2.23273379e+00,2.42031422e+01,1.00003299e-09
36,9.12327811e-01,2.89099238e-08,96,4,0,12,normal_corr_dominates,1.55189375e+00,1.00000000e+00,2.49999954e+07,-4.55202911e+00,-1.78378473e+00,-2.76824438e+00,1.00013652e-09
36,9.12327811e-01,2.89099238e-08,96,4,1,13,normal_corr_dominates,2.77691653e+00,1.00000000e+00,2.50000032e+07,3.16963658e+00,-1.78378473e+00,4.95342131e+00,1.00011623e-09
36,9.12327811e-01,2.89099238e-08,96,4,2,14,normal_corr_dominates,6.77473534e+00,1.00000000e+00,2.50000103e+07,1.03008847e+01,-1.78378473e+00,1.20846694e+01,1.00009488e-09
36,9.12327811e-01,2.89099238e-08,96,5,0,15,normal_corr_dominates,2.13104050e+00,1.00000000e+00,2.50000152e+07,1.52022980e+01,-1.34409846e+01,2.86432826e+01,1.00008518e-09
36,9.12327811e-01,2.89099238e-08,96,5,1,16,normal_corr_dominates,1.41648259e+00,1.00000000e+00,2.49999675e+07,-3.24799052e+01,-1.34409846e+01,-1.90389207e+01,1.00013812e-09
36,9.12327811e-01,2.89099238e-08,96,5,2,17,normal_corr_dominates,1.70735063e+00,1.00000000e+00,2.49999636e+07,-3.63894580e+01,-1.34409846e+01,-2.29484735e+01,1.00014637e-09
36,9.12327811e-01,2.89099238e-08,96,6,1,19,normal_corr_dominates,2.04004150e+00,1.00000000e+00,2.50000092e+07,9.24330247e+00,-8.88743616e+00,1.81307386e+01,1.00008790e-09
36,9.12327811e-01,2.89099238e-08,96,6,2,20,normal_corr_dominates,3.87273445e+00,1.00000000e+00,2.49999567e+07,-4.33061163e+01,-8.88743616e+00,-3.44186802e+01,1.00017862e-09
36,9.12327811e-01,2.89099238e-08,96,7,0,21,normal_corr_dominates,6.81165732e+01,1.00000000e+00,2.49999826e+07,-1.73548734e+01,-2.51095686e-01,-1.71037777e+01,1.00011288e-09
36,9.12327811e-01,2.89099238e-08,96,7,1,22,normal_corr_dominates,4.19644610e+01,1.00000000e+00,2.49999892e+07,-1.07881908e+01,-2.51095686e-01,-1.05370951e+01,1.00015193e-09
36,9.12327811e-01,2.89099238e-08,96,7,2,23,normal_corr_dominates,1.09399714e+02,1.00000000e+00,2.50000272e+07,2.72187005e+01,-2.51095686e-01,2.74697962e+01,1.00014358e-09
36,9.12327811e-01,2.89099238e-08,96,8,0,24,normal_corr_dominates,4.39433586e+00,1.00000000e+00,2.49999807e+07,-1.93044740e+01,-3.57865629e+00,-1.57258177e+01,1.00010770e-09
36,9.12327811e-01,2.89099238e-08,96,8,1,25,normal_corr_dominates,4.60642902e+00,1.00000000e+00,2.50000129e+07,1.29061699e+01,-3.57865629e+00,1.64848262e+01,1.00008192e-09
36,9.12327811e-01,2.89099238e-08,96,8,1,25,corr_ratio_high,5.22632534e-01,5.00000000e-01,2.50000129e+07,1.29061699e+01,-3.57865629e+00,1.64848262e+01,1.00008192e-09
36,9.12327811e-01,2.89099238e-08,96,8,2,26,normal_corr_dominates,2.94125083e+00,1.00000000e+00,2.50000069e+07,6.94706948e+00,-3.57865629e+00,1.05257258e+01,1.00012266e-09
36,9.12327811e-01,2.89099238e-08,96,9,0,27,normal_corr_dominates,1.30817709e+00,1.00000000e+00,2.50000028e+07,2.78944150e+00,-9.05142386e+00,1.18408654e+01,1.00015880e-09
36,9.12327811e-01,2.89099238e-08,96,9,1,28,normal_corr_dominates,2.13962838e+00,1.00000000e+00,2.49999716e+07,-2.84181073e+01,-9.05142386e+00,-1.93666834e+01,1.00012314e-09
36,9.12327811e-01,2.89099238e-08,96,9,2,29,normal_corr_dominates,2.45744537e+00,1.00000000e+00,2.49999687e+07,-3.12948035e+01,-9.05142386e+00,-2.22433796e+01,1.00012515e-09
36,9.12327811e-01,2.89099238e-08,96,10,0,30,normal_corr_dominates,5.21447661e+00,1.00000000e+00,2.50000121e+07,1.20519714e+01,-2.85966029e+00,1.49116317e+01,1.00012357e-09
36,9.12327811e-01,2.89099238e-08,96,10,1,31,normal_corr_dominates,1.05833927e+01,1.00000000e+00,2.50000274e+07,2.74052476e+01,-2.85966029e+00,3.02649079e+01,1.00021079e-09
36,9.12327811e-01,2.89099238e-08,96,10,2,32,normal_corr_dominates,9.38578638e+00,1.00000000e+00,2.49999703e+07,-2.96998209e+01,-2.85966029e+00,-2.68401606e+01,1.00012293e-09
36,9.12327811e-01,2.89099238e-08,96,11,0,33,normal_corr_dominates,2.92492092e+00,1.00000000e+00,2.49999951e+07,-4.88362735e+00,-1.24426134e+00,-3.63936601e+00,1.00017583e-09
36,9.12327811e-01,2.89099238e-08,96,11,1,34,normal_corr_dominates,6.61483681e+00,1.00000000e+00,2.50000070e+07,6.98632435e+00,-1.24426134e+00,8.23058569e+00,1.00015638e-09
36,9.12327811e-01,2.89099238e-08,96,11,2,35,normal_corr_dominates,1.21536873e+01,1.00000000e+00,2.49999836e+07,-1.63666246e+01,-1.24426134e+00,-1.51223633e+01,1.00008640e-09
36,9.12327811e-01,2.89099238e-08,96,11,2,35,corr_ratio_high,1.01813004e+00,5.00000000e-01,2.49999836e+07,-1.63666246e+01,-1.24426134e+00,-1.51223633e+01,1.00008640e-09
36,9.12327811e-01,2.89099238e-08,96,12,1,37,normal_corr_dominates,1.15911363e+00,1.00000000e+00,2.50000024e+07,2.37409466e+00,-1.49207502e+01,1.72948448e+01,1.00010565e-09
36,9.12327811e-01,2.89099238e-08,96,13,0,39,normal_corr_dominates,1.76708008e+00,1.00000000e+00,2.50000060e+07,5.95090020e+00,-7.75786043e+00,1.37087606e+01,1.00008566e-09
36,9.12327811e-01,2.89099238e-08,96,14,0,42,normal_corr_dominates,3.05535955e+00,1.00000000e+00,2.49999941e+07,-5.88347255e+00,-1.45078937e+00,-4.43268317e+00,1.00012668e-09
36,9.12327811e-01,2.89099238e-08,96,14,1,43,normal_corr_dominates,3.10673919e+00,1.00000000e+00,2.49999940e+07,-5.95801358e+00,-1.45078937e+00,-4.50722421e+00,1.00010723e-09
36,9.12327811e-01,2.89099238e-08,96,14,2,44,normal_corr_dominates,1.78212286e+01,1.00000000e+00,2.50000244e+07,2.44040597e+01,-1.45078937e+00,2.58548491e+01,1.00017640e-09
36,9.12327811e-01,2.89099238e-08,96,15,0,45,normal_corr_dominates,1.38810621e+00,1.00000000e+00,2.49999837e+07,-1.62538979e+01,-6.80618723e+00,-9.44771072e+00,1.00010370e-09
36,9.12327811e-01,2.89099238e-08,96,15,1,46,normal_corr_dominates,2.77320804e+00,1.00000000e+00,2.50000121e+07,1.20687859e+01,-6.80618723e+00,1.88749731e+01,1.00010722e-09
36,9.12327811e-01,2.89099238e-08,96,15,2,47,normal_corr_dominates,3.89564596e+00,1.00000000e+00,2.49999667e+07,-3.33206830e+01,-6.80618723e+00,-2.65144957e+01,1.00015490e-09
36,9.12327811e-01,2.89099238e-08,96,16,2,50,normal_corr_dominates,1.01314844e+00,1.00000000e+00,2.50000002e+07,1.54787204e-01,-1.17722841e+01,1.19270713e+01,1.00011078e-09
36,9.12327811e-01,2.89099238e-08,96,17,0,51,corr_ratio_high,5.13376473e-01,5.00000000e-01,2.49999963e+07,-3.73452169e+00,-1.11303043e+01,7.39578259e+00,1.00026084e-09
36,9.12327811e-01,2.89099238e-08,96,17,1,52,normal_corr_dominates,1.22580116e+00,1.00000000e+00,2.50000025e+07,2.51323563e+00,-1.11303043e+01,1.36435399e+01,1.00016255e-09
36,9.12327811e-01,2.89099238e-08,96,17,2,53,corr_ratio_high,2.57193100e+00,5.00000000e-01,2.49999999e+07,-5.69947732e-02,-1.11303043e+01,1.10733095e+01,1.00002579e-09
36,9.12327811e-01,2.89099238e-08,96,18,2,56,normal_corr_dominates,1.00491779e+00,1.00000000e+00,2.50000001e+07,9.94182411e-02,-2.02160336e+01,2.03154518e+01,1.00013081e-09
36,9.12327811e-01,2.89099238e-08,96,19,0,57,normal_corr_dominates,1.48365125e+01,1.00000000e+00,2.49999389e+07,-6.10981866e+01,-3.85805818e+00,-5.72401284e+01,1.00009783e-09
36,9.12327811e-01,2.89099238e-08,96,19,0,57,corr_ratio_high,1.16121862e+00,5.00000000e-01,2.49999389e+07,-6.10981866e+01,-3.85805818e+00,-5.72401284e+01,1.00009783e-09
36,9.12327811e-01,2.89099238e-08,96,19,2,59,normal_corr_dominates,2.33506635e+00,1.00000000e+00,2.50000052e+07,5.15076365e+00,-3.85805818e+00,9.00882183e+00,1.00011218e-09
36,9.12327811e-01,2.89099238e-08,96,20,1,61,normal_corr_dominates,1.04430223e+00,1.00000000e+00,2.50000004e+07,4.30732301e-01,-9.72258677e+00,1.01533191e+01,1.00014934e-09
36,9.12327811e-01,2.89099238e-08,96,20,2,62,normal_corr_dominates,2.47567337e+00,1.00000000e+00,2.49999662e+07,-3.37925359e+01,-9.72258677e+00,-2.40699492e+01,1.00011776e-09
36,9.12327811e-01,2.89099238e-08,96,21,0,63,normal_corr_dominates,1.59138892e+00,1.00000000e+00,2.49999808e+07,-1.92001716e+01,-7.40922039e+00,-1.17909513e+01,1.00011095e-09
36,9.12327811e-01,2.89099238e-08,96,21,1,64,normal_corr_dominates,2.28965781e+00,1.00000000e+00,2.50000096e+07,9.55535894e+00,-7.40922039e+00,1.69645793e+01,1.00011508e-09
36,9.12327811e-01,2.89099238e-08,96,21,2,65,normal_corr_dominates,1.43904761e+00,1.00000000e+00,2.50000033e+07,3.25300048e+00,-7.40922039e+00,1.06622209e+01,1.00013047e-09
36,9.12327811e-01,2.89099238e-08,96,22,0,66,normal_corr_dominates,2.72985568e+00,1.00000000e+00,2.50000135e+07,1.34955778e+01,-7.80156284e+00,2.12971407e+01,1.00016410e-09
36,9.12327811e-01,2.89099238e-08,96,22,1,67,normal_corr_dominates,1.28923590e+00,1.00000000e+00,2.49999821e+07,-1.78596177e+01,-7.80156284e+00,-1.00580549e+01,1.00014223e-09
36,9.12327811e-01,2.89099238e-08,96,22,2,68,corr_ratio_high,1.57112807e+00,5.00000000e-01,2.49999953e+07,-4.72092833e+00,-7.80156284e+00,3.08063451e+00,1.00005972e-09
36,9.12327811e-01,2.89099238e-08,96,23,0,69,normal_corr_dominates,8.07114987e+00,1.00000000e+00,2.49999938e+07,-6.22898667e+00,-6.86681044e-01,-5.54230562e+00,1.00014915e-09
36,9.12327811e-01,2.89099238e-08,96,23,1,70,normal_corr_dominates,5.61766386e+00,1.00000000e+00,2.49999955e+07,-4.54422433e+00,-6.86681044e-01,-3.85754328e+00,1.00012008e-09
36,9.12327811e-01,2.89099238e-08,96,23,2,71,normal_corr_dominates,3.13884371e+01,1.00000000e+00,2.50000209e+07,2.08671637e+01,-6.86681044e-01,2.15538448e+01,1.00015425e-09
36,9.12327811e-01,2.89099238e-08,96,24,1,73,corr_ratio_high,5.81305583e-01,5.00000000e-01,2.49999950e+07,-4.95097259e+00,-1.29834500e+01,8.03247743e+00,1.00008671e-09
36,9.12327811e-01,2.89099238e-08,96,24,2,74,normal_corr_dominates,1.08017938e+00,1.00000000e+00,2.49999730e+07,-2.70079050e+01,-1.29834500e+01,-1.40244549e+01,1.00013030e-09
36,9.12327811e-01,2.89099238e-08,96,26,0,78,normal_corr_dominates,5.28522650e+00,1.00000000e+00,2.50000187e+07,1.86815339e+01,-4.35952075e+00,2.30410546e+01,1.00022728e-09
36,9.12327811e-01,2.89099238e-08,96,26,1,79,normal_corr_dominates,1.84588463e+00,1.00000000e+00,2.49999876e+07,-1.24066931e+01,-4.35952075e+00,-8.04717234e+00,1.00012460e-09
36,9.12327811e-01,2.89099238e-08,96,26,2,80,normal_corr_dominates,4.30991809e+00,1.00000000e+00,2.49999769e+07,-2.31486981e+01,-4.35952075e+00,-1.87891774e+01,1.00007182e-09
36,9.12327811e-01,2.89099238e-08,96,26,2,80,corr_ratio_high,1.22212923e+00,5.00000000e-01,2.49999769e+07,-2.31486981e+01,-4.35952075e+00,-1.87891774e+01,1.00007182e-09
36,9.12327811e-01,2.89099238e-08,96,27,0,81,normal_corr_dominates,4.33900512e+00,1.00000000e+00,2.49999791e+07,-2.08515258e+01,-3.90550773e+00,-1.69460181e+01,1.00011143e-09
36,9.12327811e-01,2.89099238e-08,96,27,1,82,normal_corr_dominates,2.72656132e+00,1.00000000e+00,2.50000067e+07,6.74309860e+00,-3.90550773e+00,1.06486063e+01,1.00010784e-09
36,9.12327811e-01,2.89099238e-08,96,29,0,87,normal_corr_dominates,1.03136095e+01,1.00000000e+00,2.49999432e+07,-5.67637748e+01,-5.01730017e+00,-5.17464746e+01,1.00010231e-09
36,9.12327811e-01,2.89099238e-08,96,29,0,87,corr_ratio_high,8.84421165e-01,5.00000000e-01,2.49999432e+07,-5.67637748e+01,-5.01730017e+00,-5.17464746e+01,1.00010231e-09
36,9.12327811e-01,2.89099238e-08,96,29,1,88,normal_corr_dominates,5.66703231e+00,1.00000000e+00,2.49999665e+07,-3.34505024e+01,-5.01730017e+00,-2.84332022e+01,1.00013093e-09
36,9.12327811e-01,2.89099238e-08,96,29,2,89,normal_corr_dominates,3.24786781e+00,1.00000000e+00,2.50000113e+07,1.12782275e+01,-5.01730017e+00,1.62955277e+01,1.00011677e-09
36,9.12327811e-01,2.89099238e-08,96,30,2,92,normal_corr_dominates,1.39927955e+00,1.00000000e+00,2.49999666e+07,-3.33782809e+01,-1.39117932e+01,-1.94664877e+01,1.00013874e-09
36,9.12327811e-01,2.89099238e-08,96,31,0,93,normal_corr_dominates,1.50986741e+00,1.00000000e+00,2.49999849e+07,-1.51317390e+01,-6.02889975e+00,-9.10283924e+00,1.00011464e-09
36,9.12327811e-01,2.89099238e-08,96,31,1,94,normal_corr_dominates,1.36488624e+00,1.00000000e+00,2.50000022e+07,2.19986254e+00,-6.02889975e+00,8.22876229e+00,1.00014022e-09
36,9.12327811e-01,2.89099238e-08,96,31,2,95,normal_corr_dominates,1.96681350e+00,1.00000000e+00,2.50000058e+07,5.82882167e+00,-6.02889975e+00,1.18577214e+01,1.00010551e-09
36,9.12327811e-01,2.89099238e-08,96,32,1,97,normal_corr_dominates,2.34383174e+00,1.00000000e+00,2.49999810e+07,-1.90413709e+01,-5.69447639e+00,-1.33468945e+01,1.00009976e-09
36,9.12327811e-01,2.89099238e-08,96,33,0,99,normal_corr_dominates,5.40650114e+00,1.00000000e+00,2.49999714e+07,-2.85811650e+01,-4.46127525e+00,-2.41198897e+01,1.00011485e-09
36,9.12327811e-01,2.89099238e-08,96,33,1,100,normal_corr_dominates,1.32412136e+00,1.00000000e+00,2.49999896e+07,-1.03685451e+01,-4.46127525e+00,-5.90726982e+00,1.00011725e-09
36,9.12327811e-01,2.89099238e-08,96,33,2,101,normal_corr_dominates,3.22584860e+00,1.00000000e+00,2.50000099e+07,9.93012327e+00,-4.46127525e+00,1.43913985e+01,1.00011632e-09
36,9.12327811e-01,2.89099238e-08,96,34,0,102,normal_corr_dominates,2.22778201e+00,1.00000000e+00,2.49999664e+07,-3.36211030e+01,-1.04161628e+01,-2.32049402e+01,1.00009676e-09
36,9.12327811e-01,2.89099238e-08,96,34,1,103,normal_corr_dominates,2.05160389e+00,1.00000000e+00,2.50000110e+07,1.09536773e+01,-1.04161628e+01,2.13698401e+01,1.00009077e-09
36,9.12327811e-01,2.89099238e-08,96,35,0,105,normal_corr_dominates,3.76519948e+01,1.00000000e+00,2.50000405e+07,4.04702629e+01,-1.10417627e+00,4.15744392e+01,1.00017327e-09
36,9.12327811e-01,2.89099238e-08,96,35,1,106,normal_corr_dominates,1.93405112e+01,1.00000000e+00,2.49999775e+07,-2.24595098e+01,-1.10417627e+00,-2.13553335e+01,1.00024048e-09
36,9.12327811e-01,2.89099238e-08,96,35,2,107,normal_corr_dominates,3.90479545e+01,1.00000000e+00,2.49999558e+07,-4.42200010e+01,-1.10417627e+00,-4.31158247e+01,1.00003992e-09
36,9.12327811e-01,2.89099238e-08,96,35,2,107,corr_ratio_high,4.23132837e+00,5.00000000e-01,2.49999558e+07,-4.42200010e+01,-1.10417627e+00,-4.31158247e+01,1.00003992e-09
36,9.12327811e-01,2.89099238e-08,96,36,1,109,corr_ratio_high,7.25169794e-01,5.00000000e-01,2.49999772e+07,-2.27993743e+01,-1.90104081e+01,-3.78896621e+00,1.00007427e-09
36,9.12327811e-01,2.89099238e-08,96,37,0,111,normal_corr_dominates,1.89461728e+00,1.00000000e+00,2.50000035e+07,3.51052782e+00,-3.92405546e+00,7.43458328e+00,1.00012211e-09
36,9.12327811e-01,2.89099238e-08,96,37,2,113,normal_corr_dominates,2.70892501e+00,1.00000000e+00,2.50000067e+07,6.70591653e+00,-3.92405546e+00,1.06299720e+01,1.00008715e-09
37,9.36573006e-01,2.96782077e-08,96,0,0,0,corr_ratio_high,9.34656014e-01,5.00000000e-01,2.49999778e+07,-2.21662556e+01,-1.61724229e+01,-5.99383276e+00,1.00007397e-09
37,9.36573006e-01,2.96782077e-08,96,0,2,2,normal_corr_dominates,1.13340341e+00,1.00000000e+00,2.50000022e+07,2.15745643e+00,-1.61724229e+01,1.83298793e+01,1.00012409e-09
37,9.36573006e-01,2.96782077e-08,96,1,0,3,normal_corr_dominates,8.29667248e+00,1.00000000e+00,2.50000188e+07,1.88240997e+01,-2.57981974e+00,2.14039194e+01,1.00015641e-09
37,9.36573006e-01,2.96782077e-08,96,1,1,4,normal_corr_dominates,8.97008935e+00,1.00000000e+00,2.49999743e+07,-2.57210333e+01,-2.57981974e+00,-2.31412135e+01,1.00009956e-09
37,9.36573006e-01,2.96782077e-08,96,1,1,4,corr_ratio_high,8.75061131e-01,5.00000000e-01,2.49999743e+07,-2.57210333e+01,-2.57981974e+00,-2.31412135e+01,1.00009956e-09
37,9.36573006e-01,2.96782077e-08,96,1,2,5,normal_corr_dominates,6.59191307e+00,1.00000000e+00,2.49999804e+07,-1.95857672e+01,-2.57981974e+00,-1.70059474e+01,1.00014492e-09
37,9.36573006e-01,2.96782077e-08,96,2,0,6,normal_corr_dominates,1.14587729e+00,1.00000000e+00,2.50000011e+07,1.13261628e+00,-7.76417128e+00,8.89678756e+00,1.00011042e-09
37,9.36573006e-01,2.96782077e-08,96,2,0,6,corr_ratio_high,5.86627342e-01,5.00000000e-01,2.50000011e+07,1.13261628e+00,-7.76417128e+00,8.89678756e+00,1.00011042e-09
37,9.36573006e-01,2.96782077e-08,96,2,1,7,normal_corr_dominates,3.60399791e+00,1.00000000e+00,2.49999643e+07,-3.57462283e+01,-7.76417128e+00,-2.79820570e+01,1.00013101e-09
37,9.36573006e-01,2.96782077e-08,96,2,2,8,normal_corr_dominates,3.75737013e+00,1.00000000e+00,2.50000214e+07,2.14086940e+01,-7.76417128e+00,2.91728652e+01,1.00020045e-09
37,9.36573006e-01,2.96782077e-08,96,3,0,9,normal_corr_dominates,1.72868557e+01,1.00000000e+00,2.49999581e+07,-4.18613355e+01,-2.28914890e+00,-3.95721866e+01,1.00030317e-09
37,9.36573006e-01,2.96782077e-08,96,3,0,9,corr_ratio_high,5.86193049e-01,5.00000000e-01,2.49999581e+07,-4.18613355e+01,-2.28914890e+00,-3.95721866e+01,1.00030317e-09
37,9.36573006e-01,2.96782077e-08,96,3,1,10,normal_corr_dominates,8.50009444e+00,1.00000000e+00,2.49999783e+07,-2.17471308e+01,-2.28914890e+00,-1.94579819e+01,1.00008056e-09
37,9.36573006e-01,2.96782077e-08,96,3,1,10,corr_ratio_high,8.55583516e-01,5.00000000e-01,2.49999783e+07,-2.17471308e+01,-2.28914890e+00,-1.94579819e+01,1.00008056e-09
37,9.36573006e-01,2.96782077e-08,96,3,2,11,normal_corr_dominates,1.08335225e+01,1.00000000e+00,2.50000225e+07,2.25103972e+01,-2.28914890e+00,2.47995462e+01,1.00003381e-09
37,9.36573006e-01,2.96782077e-08,96,3,2,11,corr_ratio_high,1.78342819e+00,5.00000000e-01,2.50000225e+07,2.25103972e+01,-2.28914890e+00,2.47995462e+01,1.00003381e-09
37,9.36573006e-01,2.96782077e-08,96,4,0,12,normal_corr_dominates,1.55047012e+00,1.00000000e+00,2.49999953e+07,-4.66437354e+00,-1.82882893e+00,-2.83554461e+00,1.00013989e-09
37,9.36573006e-01,2.96782077e-08,96,4,1,13,normal_corr_dominates,2.77495985e+00,1.00000000e+00,2.50000032e+07,3.24609791e+00,-1.82882893e+00,5.07492684e+00,1.00011910e-09
37,9.36573006e-01,2.96782077e-08,96,4,2,14,normal_corr_dominates,6.77166437e+00,1.00000000e+00,2.50000106e+07,1.05553867e+01,-1.82882893e+00,1.23842157e+01,1.00009724e-09
37,9.36573006e-01,2.96782077e-08,96,5,0,15,normal_corr_dominates,2.13066953e+00,1.00000000e+00,2.50000156e+07,1.55748480e+01,-1.37748896e+01,2.93497376e+01,1.00008729e-09
37,9.36573006e-01,2.96782077e-08,96,5,1,16,normal_corr_dominates,1.41621502e+00,1.00000000e+00,2.49999667e+07,-3.32830951e+01,-1.37748896e+01,-1.95082055e+01,1.00014154e-09
37,9.36573006e-01,2.96782077e-08,96,5,2,17,normal_corr_dominates,1.70724473e+00,1.00000000e+00,2.49999627e+07,-3.72919972e+01,-1.37748896e+01,-2.35171076e+01,1.00014999e-09
37,9.36573006e-01,2.96782077e-08,96,6,1,19,normal_corr_dominates,2.03945095e+00,1.00000000e+00,2.50000095e+07,9.46786466e+00,-9.10852472e+00,1.85763894e+01,1.00009008e-09
37,9.36573006e-01,2.96782077e-08,96,6,2,20,normal_corr_dominates,3.87220137e+00,1.00000000e+00,2.49999556e+07,-4.43785666e+01,-9.10852472e+00,-3.52700419e+01,1.00018304e-09
37,9.36573006e-01,2.96782077e-08,96,7,0,21,normal_corr_dominates,6.80376838e+01,1.00000000e+00,2.49999822e+07,-1.77884537e+01,-2.57662956e-01,-1.75307907e+01,1.00011567e-09
37,9.36573006e-01,2.96782077e-08,96,7,1,22,normal_corr_dominates,4.18910562e+01,1.00000000e+00,2.49999889e+07,-1.10514363e+01,-2.57662956e-01,-1.07937734e+01,1.00015570e-09
37,9.36573006e-01,2.96782077e-08,96,7,2,23,normal_corr_dominates,1.09247491e+02,1.00000000e+00,2.50000279e+07,2.78913684e+01,-2.57662956e-01,2.81490313e+01,1.00014714e-09
37,9.36573006e-01,2.96782077e-08,96,8,0,24,normal_corr_dominates,4.39231375e+00,1.00000000e+00,2.49999802e+07,-1.97810793e+01,-3.66838434e+00,-1.61126950e+01,1.00011036e-09
37,9.36573006e-01,2.96782077e-08,96,8,1,25,normal_corr_dominates,4.60429299e+00,1.00000000e+00,2.50000132e+07,1.32219319e+01,-3.66838434e+00,1.68903163e+01,1.00008395e-09
37,9.36573006e-01,2.96782077e-08,96,8,1,25,corr_ratio_high,5.22564185e-01,5.00000000e-01,2.50000132e+07,1.32219319e+01,-3.66838434e+00,1.68903163e+01,1.00008395e-09
37,9.36573006e-01,2.96782077e-08,96,8,2,26,normal_corr_dominates,2.93978643e+00,1.00000000e+00,2.50000071e+07,7.11588216e+00,-3.66838434e+00,1.07842665e+01,1.00012570e-09
37,9.36573006e-01,2.96782077e-08,96,9,0,27,normal_corr_dominates,1.30796196e+00,1.00000000e+00,2.50000029e+07,2.85690050e+00,-9.27679663e+00,1.21336971e+01,1.00016273e-09
37,9.36573006e-01,2.96782077e-08,96,9,1,28,normal_corr_dominates,2.13918850e+00,1.00000000e+00,2.49999709e+07,-2.91216133e+01,-9.27679663e+00,-1.98448167e+01,1.00012619e-09
37,9.36573006e-01,2.96782077e-08,96,9,2,29,normal_corr_dominates,2.45710000e+00,1.00000000e+00,2.49999679e+07,-3.20708136e+01,-9.27679663e+00,-2.27940170e+01,1.00012824e-09
37,9.36573006e-01,2.96782077e-08,96,10,0,30,normal_corr_dominates,5.21267044e+00,1.00000000e+00,2.50000123e+07,1.23471677e+01,-2.93095980e+00,1.52781275e+01,1.00012662e-09
37,9.36573006e-01,2.96782077e-08,96,10,1,31,normal_corr_dominates,1.05815902e+01,1.00000000e+00,2.50000281e+07,2.80832557e+01,-2.93095980e+00,3.10142155e+01,1.00021600e-09
37,9.36573006e-01,2.96782077e-08,96,10,2,32,normal_corr_dominates,9.38324652e+00,1.00000000e+00,2.49999696e+07,-3.04328782e+01,-2.93095980e+00,-2.75019184e+01,1.00012597e-09
37,9.36573006e-01,2.96782077e-08,96,11,0,33,normal_corr_dominates,2.92614070e+00,1.00000000e+00,2.49999950e+07,-5.00442528e+00,-1.27464237e+00,-3.72978291e+00,1.00018018e-09
37,9.36573006e-01,2.96782077e-08,96,11,1,34,normal_corr_dominates,6.61603671e+00,1.00000000e+00,2.50000072e+07,7.15843834e+00,-1.27464237e+00,8.43308071e+00,1.00016025e-09
37,9.36573006e-01,2.96782077e-08,96,11,2,35,normal_corr_dominates,1.21592780e+01,1.00000000e+00,2.49999832e+07,-1.67733733e+01,-1.27464237e+00,-1.54987309e+01,1.00008854e-09
37,9.36573006e-01,2.96782077e-08,96,11,2,35,corr_ratio_high,1.01805907e+00,5.00000000e-01,2.49999832e+07,-1.67733733e+01,-1.27464237e+00,-1.54987309e+01,1.00008854e-09
37,9.36573006e-01,2.96782077e-08,96,12,1,37,normal_corr_dominates,1.15888547e+00,1.00000000e+00,2.50000024e+07,2.42958331e+00,-1.52914126e+01,1.77209960e+01,1.00010826e-09
37,9.36573006e-01,2.96782077e-08,96,13,0,39,normal_corr_dominates,1.76673225e+00,1.00000000e+00,2.50000061e+07,6.09634129e+00,-7.95106936e+00,1.40474107e+01,1.00008778e-09
37,9.36573006e-01,2.96782077e-08,96,14,0,42,normal_corr_dominates,3.05328048e+00,1.00000000e+00,2.49999940e+07,-6.02943664e+00,-1.48754488e+00,-4.54189176e+00,1.00012982e-09
37,9.36573006e-01,2.96782077e-08,96,14,1,43,normal_corr_dominates,3.10503880e+00,1.00000000e+00,2.49999939e+07,-6.10642947e+00,-1.48754488e+00,-4.61888459e+00,1.00010989e-09
37,9.36573006e-01,2.96782077e-08,96,14,2,44,normal_corr_dominates,1.78109379e+01,1.00000000e+00,2.50000250e+07,2.50070246e+01,-1.48754488e+00,2.64945695e+01,1.00018076e-09
37,9.36573006e-01,2.96782077e-08,96,15,0,45,normal_corr_dominates,1.38761478e+00,1.00000000e+00,2.49999833e+07,-1.66556480e+01,-6.97585227e+00,-9.67979571e+00,1.00010627e-09
37,9.36573006e-01,2.96782077e-08,96,15,1,46,normal_corr_dominates,2.77251779e+00,1.00000000e+00,2.50000124e+07,1.23648222e+01,-6.97585227e+00,1.93406745e+01,1.00010987e-09
37,9.36573006e-01,2.96782077e-08,96,15,2,47,normal_corr_dominates,3.89495233e+00,1.00000000e+00,2.49999659e+07,-3.41464643e+01,-6.97585227e+00,-2.71706120e+01,1.00015873e-09
37,9.36573006e-01,2.96782077e-08,96,16,2,50,normal_corr_dominates,1.01282523e+00,1.00000000e+00,2.50000002e+07,1.54733957e-01,-1.20648095e+01,1.22195435e+01,1.00011352e-09
37,9.36573006e-01,2.96782077e-08,96,17,0,51,corr_ratio_high,5.13357855e-01,5.00000000e-01,2.49999962e+07,-3.82684140e+00,-1.14075789e+01,7.58073746e+00,1.00026728e-09
37,9.36573006e-01,2.96782077e-08,96,17,1,52,normal_corr_dominates,1.22532624e+00,1.00000000e+00,2.50000026e+07,2.57042684e+00,-1.14075789e+01,1.39780057e+01,1.00016658e-09
37,9.36573006e-01,2.96782077e-08,96,17,2,53,corr_ratio_high,2.57161176e+00,5.00000000e-01,2.49999999e+07,-6.06407022e-02,-1.14075789e+01,1.13469382e+01,1.00002643e-09
37,9.36573006e-01,2.96782077e-08,96,18,2,56,normal_corr_dominates,1.00476322e+00,1.00000000e+00,2.50000001e+07,9.86825072e-02,-2.07176250e+01,2.08163075e+01,1.00013404e-09
37,9.36573006e-01,2.96782077e-08,96,19,0,57,normal_corr_dominates,1.48334693e+01,1.00000000e+00,2.49999374e+07,-6.26100705e+01,-3.95428630e+00,-5.86557842e+01,1.00010025e-09
37,9.36573006e-01,2.96782077e-08,96,19,0,57,corr_ratio_high,1.16109087e+00,5.00000000e-01,2.49999374e+07,-6.26100705e+01,-3.95428630e+00,-5.86557842e+01,1.00010025e-09
37,9.36573006e-01,2.96782077e-08,96,19,2,59,normal_corr_dominates,2.33486055e+00,1.00000000e+00,2.50000053e+07,5.27842080e+00,-3.95428630e+00,9.23270709e+00,1.00011496e-09
37,9.36573006e-01,2.96782077e-08,96,20,1,61,normal_corr_dominates,1.04411689e+00,1.00000000e+00,2.50000004e+07,4.39610352e-01,-9.96467270e+00,1.04042831e+01,1.00015304e-09
37,9.36573006e-01,2.96782077e-08,96,20,2,62,normal_corr_dominates,2.47522023e+00,1.00000000e+00,2.49999654e+07,-3.46294321e+01,-9.96467270e+00,-2.46647594e+01,1.00012067e-09
37,9.36573006e-01,2.96782077e-08,96,21,0,63,normal_corr_dominates,1.59092509e+00,1.00000000e+00,2.49999803e+07,-1.96751958e+01,-7.59388834e+00,-1.20813075e+01,1.00011370e-09
37,9.36573006e-01,2.96782077e-08,96,21,1,64,normal_corr_dominates,2.28906180e+00,1.00000000e+00,2.50000098e+07,9.78899135e+00,-7.59388834e+00,1.73828797e+01,1.00011794e-09
37,9.36573006e-01,2.96782077e-08,96,21,2,65,normal_corr_dominates,1.43858994e+00,1.00000000e+00,2.50000033e+07,3.33060306e+00,-7.59388834e+00,1.09244914e+01,1.00013370e-09
37,9.36573006e-01,2.96782077e-08,96,22,0,66,normal_corr_dominates,2.72893076e+00,1.00000000e+00,2.50000138e+07,1.38250671e+01,-7.99631041e+00,2.18213775e+01,1.00016817e-09
37,9.36573006e-01,2.96782077e-08,96,22,1,67,normal_corr_dominates,1.28892578e+00,1.00000000e+00,2.49999817e+07,-1.83029610e+01,-7.99631041e+00,-1.03066506e+01,1.00014575e-09
37,9.36573006e-01,2.96782077e-08,96,22,2,68,corr_ratio_high,1.57103928e+00,5.00000000e-01,2.49999952e+07,-4.83898274e+00,-7.99631041e+00,3.15732767e+00,1.00006120e-09
37,9.36573006e-01,2.96782077e-08,96,23,0,69,normal_corr_dominates,8.05967339e+00,1.00000000e+00,2.49999936e+07,-6.38241264e+00,-7.04485953e-01,-5.67792669e+00,1.00015284e-09
37,9.36573006e-01,2.96782077e-08,96,23,1,70,normal_corr_dominates,5.61043737e+00,1.00000000e+00,2.49999953e+07,-4.65696027e+00,-7.04485953e-01,-3.95247432e+00,1.00012305e-09
37,9.36573006e-01,2.96782077e-08,96,23,2,71,normal_corr_dominates,3.13522569e+01,1.00000000e+00,2.50000214e+07,2.13827386e+01,-7.04485953e-01,2.20872246e+01,1.00015807e-09
37,9.36573006e-01,2.96782077e-08,96,24,1,73,corr_ratio_high,5.81323071e-01,5.00000000e-01,2.49999949e+07,-5.07548596e+00,-1.33060880e+01,8.23060205e+00,1.00008885e-09
37,9.36573006e-01,2.96782077e-08,96,24,2,74,normal_corr_dominates,1.08008035e+00,1.00000000e+00,2.49999723e+07,-2.76777322e+01,-1.33060880e+01,-1.43716442e+01,1.00013353e-09
37,9.36573006e-01,2.96782077e-08,96,26,0,78,normal_corr_dominates,5.28414338e+00,1.00000000e+00,2.50000191e+07,1.91425021e+01,-4.46822163e+00,2.36107237e+01,1.00023290e-09
37,9.36573006e-01,2.96782077e-08,96,26,1,79,normal_corr_dominates,1.84529055e+00,1.00000000e+00,2.49999873e+07,-1.27133888e+01,-4.46822163e+00,-8.24516715e+00,1.00012768e-09
37,9.36573006e-01,2.96782077e-08,96,26,2,80,normal_corr_dominates,4.30880025e+00,1.00000000e+00,2.49999763e+07,-2.37208961e+01,-4.46822163e+00,-1.92526744e+01,1.00007360e-09
37,9.36573006e-01,2.96782077e-08,96,26,2,80,corr_ratio_high,1.22191421e+00,5.00000000e-01,2.49999763e+07,-2.37208961e+01,-4.46822163e+00,-1.92526744e+01,1.00007360e-09
37,9.36573006e-01,2.96782077e-08,96,27,0,81,normal_corr_dominates,4.33755782e+00,1.00000000e+00,2.49999786e+07,-2.13664777e+01,-4.00304378e+00,-1.73634339e+01,1.00011419e-09
37,9.36573006e-01,2.96782077e-08,96,27,1,82,normal_corr_dominates,2.72653752e+00,1.00000000e+00,2.50000069e+07,6.91140528e+00,-4.00304378e+00,1.09144491e+01,1.00011050e-09
37,9.36573006e-01,2.96782077e-08,96,29,0,87,normal_corr_dominates,1.03111685e+01,1.00000000e+00,2.49999418e+07,-5.81678617e+01,-5.14251571e+00,-5.30253460e+01,1.00010484e-09
37,9.36573006e-01,2.96782077e-08,96,29,0,87,corr_ratio_high,8.84432854e-01,5.00000000e-01,2.49999418e+07,-5.81678617e+01,-5.14251571e+00,-5.30253460e+01,1.00010484e-09
37,9.36573006e-01,2.96782077e-08,96,29,1,88,normal_corr_dominates,5.66562956e+00,1.00000000e+00,2.49999657e+07,-3.42781047e+01,-5.14251571e+00,-2.91355890e+01,1.00013417e-09
37,9.36573006e-01,2.96782077e-08,96,29,2,89,normal_corr_dominates,3.24719270e+00,1.00000000e+00,2.50000116e+07,1.15562237e+01,-5.14251571e+00,1.66987395e+01,1.00011966e-09
37,9.36573006e-01,2.96782077e-08,96,30,2,92,normal_corr_dominates,1.39910843e+00,1.00000000e+00,2.49999658e+07,-3.42044826e+01,-1.42571641e+01,-1.99473185e+01,1.00014217e-09
37,9.36573006e-01,2.96782077e-08,96,31,0,93,normal_corr_dominates,1.50940424e+00,1.00000000e+00,2.49999845e+07,-1.55063210e+01,-6.17928382e+00,-9.32703722e+00,1.00011748e-09
37,9.36573006e-01,2.96782077e-08,96,31,1,94,normal_corr_dominates,1.36436247e+00,1.00000000e+00,2.50000023e+07,2.25149913e+00,-6.17928382e+00,8.43078296e+00,1.00014369e-09
37,9.36573006e-01,2.96782077e-08,96,31,2,95,normal_corr_dominates,1.96644012e+00,1.00000000e+00,2.50000060e+07,5.97190779e+00,-6.17928382e+00,1.21511916e+01,1.00010813e-09
37,9.36573006e-01,2.96782077e-08,96,32,1,97,normal_corr_dominates,2.34326975e+00,1.00000000e+00,2.49999805e+07,-1.95119272e+01,-5.83618096e+00,-1.36757463e+01,1.00010224e-09
37,9.36573006e-01,2.96782077e-08,96,33,0,99,normal_corr_dominates,5.40514180e+00,1.00000000e+00,2.49999707e+07,-2.92884212e+01,-4.57264213e+00,-2.47157791e+01,1.00011769e-09
37,9.36573006e-01,2.96782077e-08,96,33,1,100,normal_corr_dominates,1.32358143e+00,1.00000000e+00,2.49999894e+07,-1.06249063e+01,-4.57264213e+00,-6.05226419e+00,1.00012016e-09
37,9.36573006e-01,2.96782077e-08,96,33,2,101,normal_corr_dominates,3.22516045e+00,1.00000000e+00,2.50000102e+07,1.01748624e+01,-4.57264213e+00,1.47475046e+01,1.00011920e-09
37,9.36573006e-01,2.96782077e-08,96,34,0,102,normal_corr_dominates,2.22752264e+00,1.00000000e+00,2.49999655e+07,-3.44547280e+01,-1.06752862e+01,-2.37794418e+01,1.00009916e-09
37,9.36573006e-01,2.96782077e-08,96,34,1,103,normal_corr_dominates,2.05127244e+00,1.00000000e+00,2.50000112e+07,1.12226342e+01,-1.06752862e+01,2.18979204e+01,1.00009302e-09
37,9.36573006e-01,2.96782077e-08,96,35,0,105,normal_corr_dominates,3.76195982e+01,1.00000000e+00,2.50000415e+07,4.14696391e+01,-1.13244386e+00,4.26020830e+01,1.00017756e-09
37,9.36573006e-01,2.96782077e-08,96,35,1,106,normal_corr_dominates,1.93235703e+01,1.00000000e+00,2.49999770e+07,-2.30153025e+01,-1.13244386e+00,-2.18828586e+01,1.00024642e-09
37,9.36573006e-01,2.96782077e-08,96,35,2,107,normal_corr_dominates,3.90128124e+01,1.00000000e+00,2.49999547e+07,-4.53122637e+01,-1.13244386e+00,-4.41798199e+01,1.00004091e-09
37,9.36573006e-01,2.96782077e-08,96,35,2,107,corr_ratio_high,4.23034311e+00,5.00000000e-01,2.49999547e+07,-4.53122637e+01,-1.13244386e+00,-4.41798199e+01,1.00004091e-09
37,9.36573006e-01,2.96782077e-08,96,36,1,109,corr_ratio_high,7.25139848e-01,5.00000000e-01,2.49999766e+07,-2.33656707e+01,-1.94821601e+01,-3.88351062e+00,1.00007611e-09
37,9.36573006e-01,2.96782077e-08,96,37,0,111,normal_corr_dominates,1.89481121e+00,1.00000000e+00,2.50000036e+07,3.59905596e+00,-4.02214002e+00,7.62119598e+00,1.00012513e-09
37,9.36573006e-01,2.96782077e-08,96,37,2,113,normal_corr_dominates,2.70832285e+00,1.00000000e+00,2.50000069e+07,6.87111372e+00,-4.02214002e+00,1.08932537e+01,1.00008931e-09
38,9.58490893e-01,3.03727436e-08,96,0,0,0,corr_ratio_high,9.34587734e-01,5.00000000e-01,2.49999773e+07,-2.26506300e+01,-1.65259038e+01,-6.12472623e+00,1.00007559e-09
38,9.58490893e-01,3.03727436e-08,96,0,2,2,normal_corr_dominates,1.13322563e+00,1.00000000e+00,2.50000022e+07,2.20167402e+00,-1.65259038e+01,1.87275778e+01,1.00012679e-09
38,9.58490893e-01,3.03727436e-08,96,1,0,3,normal_corr_dominates,8.29595396e+00,1.00000000e+00,2.50000192e+07,1.92326309e+01,-2.63606803e+00,2.18686990e+01,1.00015981e-09
38,9.58490893e-01,3.03727436e-08,96,1,1,4,normal_corr_dominates,8.97120254e+00,1.00000000e+00,2.49999737e+07,-2.62847682e+01,-2.63606803e+00,-2.36487002e+01,1.00010173e-09
38,9.58490893e-01,3.03727436e-08,96,1,1,4,corr_ratio_high,8.75106204e-01,5.00000000e-01,2.49999737e+07,-2.62847682e+01,-2.63606803e+00,-2.36487002e+01,1.00010173e-09
38,9.58490893e-01,3.03727436e-08,96,1,2,5,normal_corr_dominates,6.59083951e+00,1.00000000e+00,2.49999800e+07,-2.00099693e+01,-2.63606803e+00,-1.73739013e+01,1.00014808e-09
38,9.58490893e-01,3.03727436e-08,96,2,0,6,normal_corr_dominates,1.14532378e+00,1.00000000e+00,2.50000012e+07,1.15295145e+00,-7.93367378e+00,9.08662523e+00,1.00011282e-09
38,9.58490893e-01,3.03727436e-08,96,2,0,6,corr_ratio_high,5.86673056e-01,5.00000000e-01,2.50000012e+07,1.15295145e+00,-7.93367378e+00,9.08662523e+00,1.00011282e-09
38,9.58490893e-01,3.03727436e-08,96,2,1,7,normal_corr_dominates,3.60356656e+00,1.00000000e+00,2.49999635e+07,-3.65231953e+01,-7.93367378e+00,-2.85895215e+01,1.00013386e-09
38,9.58490893e-01,3.03727436e-08,96,2,2,8,normal_corr_dominates,3.75733302e+00,1.00000000e+00,2.50000219e+07,2.18757807e+01,-7.93367378e+00,2.98094545e+01,1.00020482e-09
38,9.58490893e-01,3.03727436e-08,96,3,0,9,normal_corr_dominates,1.72782255e+01,1.00000000e+00,2.49999572e+07,-4.27725167e+01,-2.34008037e+00,-4.04324363e+01,1.00030977e-09
38,9.58490893e-01,3.03727436e-08,96,3,0,9,corr_ratio_high,5.86187563e-01,5.00000000e-01,2.49999572e+07,-4.27725167e+01,-2.34008037e+00,-4.04324363e+01,1.00030977e-09
38,9.58490893e-01,3.03727436e-08,96,3,1,10,normal_corr_dominates,8.49522160e+00,1.00000000e+00,2.49999778e+07,-2.22195817e+01,-2.34008037e+00,-1.98795013e+01,1.00008231e-09
38,9.58490893e-01,3.03727436e-08,96,3,1,10,corr_ratio_high,8.55571076e-01,5.00000000e-01,2.49999778e+07,-2.22195817e+01,-2.34008037e+00,-1.98795013e+01,1.00008231e-09
38,9.58490893e-01,3.03727436e-08,96,3,2,11,normal_corr_dominates,1.08275802e+01,1.00000000e+00,2.50000230e+07,2.29973275e+01,-2.34008037e+00,2.53374078e+01,1.00003456e-09
38,9.58490893e-01,3.03727436e-08,96,3,2,11,corr_ratio_high,1.78312622e+00,5.00000000e-01,2.50000230e+07,2.29973275e+01,-2.34008037e+00,2.53374078e+01,1.00003456e-09
38,9.58490893e-01,3.03727436e-08,96,4,0,12,normal_corr_dominates,1.54919389e+00,1.00000000e+00,2.49999952e+07,-4.76570732e+00,-1.86949582e+00,-2.89621150e+00,1.00014294e-09
38,9.58490893e-01,3.03727436e-08,96,4,1,13,normal_corr_dominates,2.77320278e+00,1.00000000e+00,2.50000033e+07,3.31499518e+00,-1.86949582e+00,5.18449099e+00,1.00012169e-09
38,9.58490893e-01,3.03727436e-08,96,4,2,14,normal_corr_dominates,6.76889306e+00,1.00000000e+00,2.50000108e+07,1.07849214e+01,-1.86949582e+00,1.26544173e+01,1.00009936e-09
38,9.58490893e-01,3.03727436e-08,96,5,0,15,normal_corr_dominates,2.13033746e+00,1.00000000e+00,2.50000159e+07,1.59107698e+01,-1.40761236e+01,2.99868934e+01,1.00008919e-09
38,9.58490893e-01,3.03727436e-08,96,5,1,16,normal_corr_dominates,1.41597584e+00,1.00000000e+00,2.49999660e+07,-3.40075746e+01,-1.40761236e+01,-1.99314510e+01,1.00014463e-09
38,9.58490893e-01,3.03727436e-08,96,5,2,17,normal_corr_dominates,1.70714888e+00,1.00000000e+00,2.49999619e+07,-3.81061624e+01,-1.40761236e+01,-2.40300387e+01,1.00015326e-09
38,9.58490893e-01,3.03727436e-08,96,6,1,19,normal_corr_dominates,2.03892144e+00,1.00000000e+00,2.50000097e+07,9.67027559e+00,-9.30799504e+00,1.89782706e+01,1.00009205e-09
38,9.58490893e-01,3.03727436e-08,96,6,2,20,normal_corr_dominates,3.87172041e+00,1.00000000e+00,2.49999547e+07,-4.53459494e+01,-9.30799504e+00,-3.60379544e+01,1.00018703e-09
38,9.58490893e-01,3.03727436e-08,96,7,0,21,normal_corr_dominates,6.79647790e+01,1.00000000e+00,2.49999818e+07,-1.81796758e+01,-2.63608121e-01,-1.79160677e+01,1.00011818e-09
38,9.58490893e-01,3.03727436e-08,96,7,1,22,normal_corr_dominates,4.18241057e+01,1.00000000e+00,2.49999887e+07,-1.12887820e+01,-2.63608121e-01,-1.10251739e+01,1.00015909e-09
38,9.58490893e-01,3.03727436e-08,96,7,2,23,normal_corr_dominates,1.09107781e+02,1.00000000e+00,2.50000285e+07,2.84980890e+01,-2.63608121e-01,2.87616972e+01,1.00015035e-09
38,9.58490893e-01,3.03727436e-08,96,8,0,24,normal_corr_dominates,4.39050588e+00,1.00000000e+00,2.49999798e+07,-2.02109623e+01,-3.74936282e+00,-1.64615995e+01,1.00011276e-09
38,9.58490893e-01,3.03727436e-08,96,8,1,25,normal_corr_dominates,4.60237832e+00,1.00000000e+00,2.50000135e+07,1.35066233e+01,-3.74936282e+00,1.72559862e+01,1.00008579e-09
38,9.58490893e-01,3.03727436e-08,96,8,1,25,corr_ratio_high,5.22503023e-01,5.00000000e-01,2.50000135e+07,1.35066233e+01,-3.74936282e+00,1.72559862e+01,1.00008579e-09
38,9.58490893e-01,3.03727436e-08,96,8,2,26,normal_corr_dominates,2.93847709e+00,1.00000000e+00,2.50000073e+07,7.26805392e+00,-3.74936282e+00,1.10174167e+01,1.00012844e-09
38,9.58490893e-01,3.03727436e-08,96,9,0,27,normal_corr_dominates,1.30777067e+00,1.00000000e+00,2.50000029e+07,2.91770652e+00,-9.48013183e+00,1.23978383e+01,1.00016627e-09
38,9.58490893e-01,3.03727436e-08,96,9,1,28,normal_corr_dominates,2.13879584e+00,1.00000000e+00,2.49999702e+07,-2.97561983e+01,-9.48013183e+00,-2.02760665e+01,1.00012894e-09
38,9.58490893e-01,3.03727436e-08,96,9,2,29,normal_corr_dominates,2.45679134e+00,1.00000000e+00,2.49999672e+07,-3.27708376e+01,-9.48013183e+00,-2.32907058e+01,1.00013104e-09
38,9.58490893e-01,3.03727436e-08,96,10,0,30,normal_corr_dominates,5.21104235e+00,1.00000000e+00,2.50000126e+07,1.26133215e+01,-2.99529675e+00,1.56086182e+01,1.00012938e-09
38,9.58490893e-01,3.03727436e-08,96,10,1,31,normal_corr_dominates,1.05799668e+01,1.00000000e+00,2.50000287e+07,2.86948436e+01,-2.99529675e+00,3.16901403e+01,1.00022070e-09
38,9.58490893e-01,3.03727436e-08,96,10,2,32,normal_corr_dominates,9.38095773e+00,1.00000000e+00,2.49999689e+07,-3.10940490e+01,-2.99529675e+00,-2.80987522e+01,1.00012872e-09
38,9.58490893e-01,3.03727436e-08,96,11,0,33,normal_corr_dominates,2.92719670e+00,1.00000000e+00,2.49999949e+07,-5.11338197e+00,-1.30204376e+00,-3.81133821e+00,1.00018410e-09
38,9.58490893e-01,3.03727436e-08,96,11,1,34,normal_corr_dominates,6.61705156e+00,1.00000000e+00,2.50000073e+07,7.31364695e+00,-1.30204376e+00,8.61569071e+00,1.00016374e-09
38,9.58490893e-01,3.03727436e-08,96,11,2,35,normal_corr_dominates,1.21641714e+01,1.00000000e+00,2.49999829e+07,-1.71403273e+01,-1.30204376e+00,-1.58382835e+01,1.00009047e-09
38,9.58490893e-01,3.03727436e-08,96,11,2,35,corr_ratio_high,1.01799503e+00,5.00000000e-01,2.49999829e+07,-1.71403273e+01,-1.30204376e+00,-1.58382835e+01,1.00009047e-09
38,9.58490893e-01,3.03727436e-08,96,12,1,37,normal_corr_dominates,1.15868138e+00,1.00000000e+00,2.50000025e+07,2.47952451e+00,-1.56258063e+01,1.81053308e+01,1.00011062e-09
38,9.58490893e-01,3.03727436e-08,96,13,0,39,normal_corr_dominates,1.76642143e+00,1.00000000e+00,2.50000062e+07,6.22747211e+00,-8.12538883e+00,1.43528609e+01,1.00008970e-09
38,9.58490893e-01,3.03727436e-08,96,14,0,42,normal_corr_dominates,3.05140887e+00,1.00000000e+00,2.49999938e+07,-6.16111396e+00,-1.52073369e+00,-4.64038027e+00,1.00013264e-09
38,9.58490893e-01,3.03727436e-08,96,14,1,43,normal_corr_dominates,3.10350886e+00,1.00000000e+00,2.49999938e+07,-6.24034417e+00,-1.52073369e+00,-4.71961048e+00,1.00011228e-09
38,9.58490893e-01,3.03727436e-08,96,14,2,44,normal_corr_dominates,1.78016689e+01,1.00000000e+00,2.50000256e+07,2.55508639e+01,-1.52073369e+00,2.70715976e+01,1.00018470e-09
38,9.58490893e-01,3.03727436e-08,96,15,0,45,normal_corr_dominates,1.38717570e+00,1.00000000e+00,2.49999830e+07,-1.70180279e+01,-7.12893813e+00,-9.88908975e+00,1.00010858e-09
38,9.58490893e-01,3.03727436e-08,96,15,1,46,normal_corr_dominates,2.77189880e+00,1.00000000e+00,2.50000126e+07,1.26317569e+01,-7.12893813e+00,1.97606950e+01,1.00011226e-09
38,9.58490893e-01,3.03727436e-08,96,15,2,47,normal_corr_dominates,3.89432803e+00,1.00000000e+00,2.49999651e+07,-3.48913617e+01,-7.12893813e+00,-2.77624236e+01,1.00016219e-09
38,9.58490893e-01,3.03727436e-08,96,16,2,50,normal_corr_dominates,1.01253587e+00,1.00000000e+00,2.50000002e+07,1.54551243e-01,-1.23287174e+01,1.24832686e+01,1.00011600e-09
38,9.58490893e-01,3.03727436e-08,96,17,0,51,corr_ratio_high,5.13341107e-01,5.00000000e-01,2.49999961e+07,-3.91008606e+00,-1.16577369e+01,7.74765083e+00,1.00027308e-09
38,9.58490893e-01,3.03727436e-08,96,17,1,52,normal_corr_dominates,1.22490519e+00,1.00000000e+00,2.50000026e+07,2.62188554e+00,-1.16577369e+01,1.42796224e+01,1.00017021e-09
38,9.58490893e-01,3.03727436e-08,96,17,2,53,corr_ratio_high,2.57132655e+00,5.00000000e-01,2.49999999e+07,-6.40348482e-02,-1.16577369e+01,1.15937020e+01,1.00002701e-09
38,9.58490893e-01,3.03727436e-08,96,18,2,56,normal_corr_dominates,1.00462487e+00,1.00000000e+00,2.50000001e+07,9.79089938e-02,-2.11701167e+01,2.12680257e+01,1.00013697e-09
38,9.58490893e-01,3.03727436e-08,96,19,0,57,normal_corr_dominates,1.48307206e+01,1.00000000e+00,2.49999360e+07,-6.39738298e+01,-4.04111925e+00,-5.99327105e+01,1.00010244e-09
38,9.58490893e-01,3.03727436e-08,96,19,0,57,corr_ratio_high,1.16097663e+00,5.00000000e-01,2.49999360e+07,-6.39738298e+01,-4.04111925e+00,-5.99327105e+01,1.00010244e-09
38,9.58490893e-01,3.03727436e-08,96,19,2,59,normal_corr_dominates,2.33467049e+00,1.00000000e+00,2.50000054e+07,5.39356261e+00,-4.04111925e+00,9.43468186e+00,1.00011747e-09
38,9.58490893e-01,3.03727436e-08,96,20,1,61,normal_corr_dominates,1.04395203e+00,1.00000000e+00,2.50000004e+07,4.47567285e-01,-1.01830866e+01,1.06306539e+01,1.00015637e-09
38,9.58490893e-01,3.03727436e-08,96,20,2,62,normal_corr_dominates,2.47481574e+00,1.00000000e+00,2.49999646e+07,-3.53843495e+01,-1.01830866e+01,-2.52012629e+01,1.00012330e-09
38,9.58490893e-01,3.03727436e-08,96,21,0,63,normal_corr_dominates,1.59051047e+00,1.00000000e+00,2.49999799e+07,-2.01036795e+01,-7.76050887e+00,-1.23431707e+01,1.00011618e-09
38,9.58490893e-01,3.03727436e-08,96,21,1,64,normal_corr_dominates,2.28852804e+00,1.00000000e+00,2.50000100e+07,9.99963328e+00,-7.76050887e+00,1.77601422e+01,1.00012051e-09
38,9.58490893e-01,3.03727436e-08,96,21,2,65,normal_corr_dominates,1.43818096e+00,1.00000000e+00,2.50000034e+07,3.40050725e+00,-7.76050887e+00,1.11610161e+01,1.00013661e-09
38,9.58490893e-01,3.03727436e-08,96,22,0,66,normal_corr_dominates,2.72811042e+00,1.00000000e+00,2.50000141e+07,1.41221600e+01,-8.17202412e+00,2.22941841e+01,1.00017183e-09
38,9.58490893e-01,3.03727436e-08,96,22,1,67,normal_corr_dominates,1.28865013e+00,1.00000000e+00,2.49999813e+07,-1.87029041e+01,-8.17202412e+00,-1.05308800e+01,1.00014893e-09
38,9.58490893e-01,3.03727436e-08,96,22,2,68,corr_ratio_high,1.57095917e+00,5.00000000e-01,2.49999951e+07,-4.94553784e+00,-8.17202412e+00,3.22648627e+00,1.00006254e-09
38,9.58490893e-01,3.03727436e-08,96,23,0,69,normal_corr_dominates,8.04932658e+00,1.00000000e+00,2.49999935e+07,-6.52079191e+00,-7.20583113e-01,-5.80020880e+00,1.00015617e-09
38,9.58490893e-01,3.03727436e-08,96,23,1,70,normal_corr_dominates,5.60391385e+00,1.00000000e+00,2.49999952e+07,-4.75866880e+00,-7.20583113e-01,-4.03808569e+00,1.00012573e-09
38,9.58490893e-01,3.03727436e-08,96,23,2,71,normal_corr_dominates,3.13195476e+01,1.00000000e+00,2.50000218e+07,2.18477540e+01,-7.20583113e-01,2.25683371e+01,1.00016151e-09
38,9.58490893e-01,3.03727436e-08,96,24,1,73,corr_ratio_high,5.81338499e-01,5.00000000e-01,2.49999948e+07,-5.18788120e+00,-1.35971560e+01,8.40927480e+00,1.00009079e-09
38,9.58490893e-01,3.03727436e-08,96,24,2,74,normal_corr_dominates,1.07999130e+00,1.00000000e+00,2.49999717e+07,-2.82819662e+01,-1.35971560e+01,-1.46848102e+01,1.00013644e-09
38,9.58490893e-01,3.03727436e-08,96,26,0,78,normal_corr_dominates,5.28317179e+00,1.00000000e+00,2.50000196e+07,1.95582733e+01,-4.56630605e+00,2.41245793e+01,1.00023796e-09
38,9.58490893e-01,3.03727436e-08,96,26,1,79,normal_corr_dominates,1.84475704e+00,1.00000000e+00,2.49999870e+07,-1.29900313e+01,-4.56630605e+00,-8.42372524e+00,1.00013046e-09
38,9.58490893e-01,3.03727436e-08,96,26,2,80,normal_corr_dominates,4.30779723e+00,1.00000000e+00,2.49999758e+07,-2.42370266e+01,-4.56630605e+00,-1.96707206e+01,1.00007521e-09
38,9.58490893e-01,3.03727436e-08,96,26,2,80,corr_ratio_high,1.22172154e+00,5.00000000e-01,2.49999758e+07,-2.42370266e+01,-4.56630605e+00,-1.96707206e+01,1.00007521e-09
38,9.58490893e-01,3.03727436e-08,96,27,0,81,normal_corr_dominates,4.33625828e+00,1.00000000e+00,2.49999782e+07,-2.18309521e+01,-4.09105988e+00,-1.77398923e+01,1.00011667e-09
38,9.58490893e-01,3.03727436e-08,96,27,1,82,normal_corr_dominates,2.72650835e+00,1.00000000e+00,2.50000071e+07,7.06324902e+00,-4.09105988e+00,1.11543089e+01,1.00011291e-09
38,9.58490893e-01,3.03727436e-08,96,29,0,87,normal_corr_dominates,1.03089840e+01,1.00000000e+00,2.49999406e+07,-5.94343786e+01,-5.25550115e+00,-5.41788775e+01,1.00010713e-09
38,9.58490893e-01,3.03727436e-08,96,29,0,87,corr_ratio_high,8.84442976e-01,5.00000000e-01,2.49999406e+07,-5.94343786e+01,-5.25550115e+00,-5.41788775e+01,1.00010713e-09
38,9.58490893e-01,3.03727436e-08,96,29,1,88,normal_corr_dominates,5.66437337e+00,1.00000000e+00,2.49999650e+07,-3.50246219e+01,-5.25550115e+00,-2.97691208e+01,1.00013710e-09
38,9.58490893e-01,3.03727436e-08,96,29,2,89,normal_corr_dominates,3.24658786e+00,1.00000000e+00,2.50000118e+07,1.18069451e+01,-5.25550115e+00,1.70624463e+01,1.00012227e-09
38,9.58490893e-01,3.03727436e-08,96,30,2,92,normal_corr_dominates,1.39895524e+00,1.00000000e+00,2.49999651e+07,-3.49497366e+01,-1.45687323e+01,-2.03810043e+01,1.00014527e-09
38,9.58490893e-01,3.03727436e-08,96,31,0,93,normal_corr_dominates,1.50898957e+00,1.00000000e+00,2.49999842e+07,-1.58442086e+01,-6.31497585e+00,-9.52923272e+00,1.00012004e-09
38,9.58490893e-01,3.03727436e-08,96,31,1,94,normal_corr_dominates,1.36389494e+00,1.00000000e+00,2.50000023e+07,2.29798774e+00,-6.31497585e+00,8.61296359e+00,1.00014682e-09
38,9.58490893e-01,3.03727436e-08,96,31,2,95,normal_corr_dominates,1.96610461e+00,1.00000000e+00,2.50000061e+07,6.10092725e+00,-6.31497585e+00,1.24159031e+01,1.00011048e-09
38,9.58490893e-01,3.03727436e-08,96,32,1,97,normal_corr_dominates,2.34276574e+00,1.00000000e+00,2.49999801e+07,-1.99363702e+01,-5.96403451e+00,-1.39723357e+01,1.00010447e-09
38,9.58490893e-01,3.03727436e-08,96,33,0,99,normal_corr_dominates,5.40392529e+00,1.00000000e+00,2.49999701e+07,-2.99263897e+01,-4.67313223e+00,-2.52532575e+01,1.00012026e-09
38,9.58490893e-01,3.03727436e-08,96,33,1,100,normal_corr_dominates,1.32309770e+00,1.00000000e+00,2.49999891e+07,-1.08561428e+01,-4.67313223e+00,-6.18301053e+00,1.00012277e-09
38,9.58490893e-01,3.03727436e-08,96,33,2,101,normal_corr_dominates,3.22454340e+00,1.00000000e+00,2.50000104e+07,1.03955855e+01,-4.67313223e+00,1.50687177e+01,1.00012180e-09
38,9.58490893e-01,3.03727436e-08,96,34,0,102,normal_corr_dominates,2.22729251e+00,1.00000000e+00,2.49999648e+07,-3.52067379e+01,-1.09090632e+01,-2.42976748e+01,1.00010132e-09
38,9.58490893e-01,3.03727436e-08,96,34,1,103,normal_corr_dominates,2.05097695e+00,1.00000000e+00,2.50000115e+07,1.14651739e+01,-1.09090632e+01,2.23742371e+01,1.00009505e-09
38,9.58490893e-01,3.03727436e-08,96,35,0,105,normal_corr_dominates,3.75906199e+01,1.00000000e+00,2.50000424e+07,4.23710299e+01,-1.15797519e+00,4.35290051e+01,1.00018142e-09
38,9.58490893e-01,3.03727436e-08,96,35,1,106,normal_corr_dominates,1.93083817e+01,1.00000000e+00,2.49999765e+07,-2.35166021e+01,-1.15797519e+00,-2.23586269e+01,1.00025179e-09
38,9.58490893e-01,3.03727436e-08,96,35,2,107,normal_corr_dominates,3.89813993e+01,1.00000000e+00,2.49999537e+07,-4.62974684e+01,-1.15797519e+00,-4.51394932e+01,1.00004181e-09
38,9.58490893e-01,3.03727436e-08,96,35,2,107,corr_ratio_high,4.22946178e+00,5.00000000e-01,2.49999537e+07,-4.62974684e+01,-1.15797519e+00,-4.51394932e+01,1.00004181e-09
38,9.58490893e-01,3.03727436e-08,96,36,1,109,corr_ratio_high,7.25113004e-01,5.00000000e-01,2.49999761e+07,-2.38765443e+01,-1.99077370e+01,-3.96880731e+00,1.00007777e-09
38,9.58490893e-01,3.03727436e-08,96,37,0,111,normal_corr_dominates,1.89497931e+00,1.00000000e+00,2.50000037e+07,3.67894795e+00,-4.11065142e+00,7.78959936e+00,1.00012785e-09
38,9.58490893e-01,3.03727436e-08,96,37,2,113,normal_corr_dominates,2.70777807e+00,1.00000000e+00,2.50000070e+07,7.02008034e+00,-4.11065142e+00,1.11307318e+01,1.00009127e-09
39,9.80231909e-01,3.10616748e-08,96,0,0,0,corr_ratio_high,9.34520590e-01,5.00000000e-01,2.49999769e+07,-2.31301624e+01,-1.68758594e+01,-6.25430301e+00,1.00007718e-09
39,9.80231909e-01,3.10616748e-08,96,0,2,2,normal_corr_dominates,1.13305087e+00,1.00000000e+00,2.50000022e+07,2.24534780e+00,-1.68758594e+01,1.91212072e+01,1.00012947e-09
39,9.80231909e-01,3.10616748e-08,96,1,0,3,normal_corr_dominates,8.29521515e+00,1.00000000e+00,2.50000196e+07,1.96369656e+01,-2.69175963e+00,2.23287253e+01,1.00016318e-09
39,9.80231909e-01,3.10616748e-08,96,1,1,4,normal_corr_dominates,8.97225642e+00,1.00000000e+00,2.49999732e+07,-2.68429173e+01,-2.69175963e+00,-2.41511576e+01,1.00010388e-09
39,9.80231909e-01,3.10616748e-08,96,1,1,4,corr_ratio_high,8.75149751e-01,5.00000000e-01,2.49999732e+07,-2.68429173e+01,-2.69175963e+00,-2.41511576e+01,1.00010388e-09
39,9.80231909e-01,3.10616748e-08,96,1,2,5,normal_corr_dominates,6.58976035e+00,1.00000000e+00,2.49999796e+07,-2.04298105e+01,-2.69175963e+00,-1.77380509e+01,1.00015121e-09
39,9.80231909e-01,3.10616748e-08,96,2,0,6,normal_corr_dominates,1.14477994e+00,1.00000000e+00,2.50000012e+07,1.17293223e+00,-8.10148316e+00,9.27441538e+00,1.00011519e-09
39,9.80231909e-01,3.10616748e-08,96,2,0,6,corr_ratio_high,5.86717585e-01,5.00000000e-01,2.50000012e+07,1.17293223e+00,-8.10148316e+00,9.27441538e+00,1.00011519e-09
39,9.80231909e-01,3.10616748e-08,96,2,1,7,normal_corr_dominates,3.60314156e+00,1.00000000e+00,2.49999627e+07,-3.72922738e+01,-8.10148316e+00,-2.91907907e+01,1.00013668e-09
39,9.80231909e-01,3.10616748e-08,96,2,2,8,normal_corr_dominates,3.75729517e+00,1.00000000e+00,2.50000223e+07,2.23381803e+01,-8.10148316e+00,3.04396635e+01,1.00020914e-09
39,9.80231909e-01,3.10616748e-08,96,3,0,9,normal_corr_dominates,1.72697104e+01,1.00000000e+00,2.49999563e+07,-4.36744440e+01,-2.39053839e+00,-4.12839056e+01,1.00031630e-09
39,9.80231909e-01,3.10616748e-08,96,3,0,9,corr_ratio_high,5.86182074e-01,5.00000000e-01,2.49999563e+07,-4.36744440e+01,-2.39053839e+00,-4.12839056e+01,1.00031630e-09
39,9.80231909e-01,3.10616748e-08,96,3,1,10,normal_corr_dominates,8.49043279e+00,1.00000000e+00,2.49999773e+07,-2.26872439e+01,-2.39053839e+00,-2.02967055e+01,1.00008405e-09
39,9.80231909e-01,3.10616748e-08,96,3,1,10,corr_ratio_high,8.55558193e-01,5.00000000e-01,2.49999773e+07,-2.26872439e+01,-2.39053839e+00,-2.02967055e+01,1.00008405e-09
39,9.80231909e-01,3.10616748e-08,96,3,2,11,normal_corr_dominates,1.08217216e+01,1.00000000e+00,2.50000235e+07,2.34792026e+01,-2.39053839e+00,2.58697410e+01,1.00003529e-09
39,9.80231909e-01,3.10616748e-08,96,3,2,11,corr_ratio_high,1.78283040e+00,5.00000000e-01,2.50000235e+07,2.34792026e+01,-2.39053839e+00,2.58697410e+01,1.00003529e-09
39,9.80231909e-01,3.10616748e-08,96,4,0,12,normal_corr_dominates,1.54793793e+00,1.00000000e+00,2.49999951e+07,-4.86601545e+00,-1.90978571e+00,-2.95622975e+00,1.00014595e-09
39,9.80231909e-01,3.10616748e-08,96,4,1,13,normal_corr_dominates,2.77147104e+00,1.00000000e+00,2.50000034e+07,3.38313007e+00,-1.90978571e+00,5.29291578e+00,1.00012425e-09
39,9.80231909e-01,3.10616748e-08,96,4,2,14,normal_corr_dominates,6.76614937e+00,1.00000000e+00,2.50000110e+07,1.10121097e+01,-1.90978571e+00,1.29218954e+01,1.00010147e-09
39,9.80231909e-01,3.10616748e-08,96,5,0,15,normal_corr_dominates,2.13001108e+00,1.00000000e+00,2.50000162e+07,1.62431844e+01,-1.43743586e+01,3.06175430e+01,1.00009108e-09
39,9.80231909e-01,3.10616748e-08,96,5,1,16,normal_corr_dominates,1.41574108e+00,1.00000000e+00,2.49999653e+07,-3.47247285e+01,-1.43743586e+01,-2.03503699e+01,1.00014768e-09
39,9.80231909e-01,3.10616748e-08,96,5,2,17,normal_corr_dominates,1.70705372e+00,1.00000000e+00,2.49999611e+07,-3.89121609e+01,-1.43743586e+01,-2.45378023e+01,1.00015649e-09
39,9.80231909e-01,3.10616748e-08,96,6,1,19,normal_corr_dominates,2.03840024e+00,1.00000000e+00,2.50000099e+07,9.87050584e+00,-9.50549260e+00,1.93759984e+01,1.00009400e-09
39,9.80231909e-01,3.10616748e-08,96,6,2,20,normal_corr_dominates,3.87124434e+00,1.00000000e+00,2.49999537e+07,-4.63035770e+01,-9.50549260e+00,-3.67980844e+01,1.00019098e-09
39,9.80231909e-01,3.10616748e-08,96,7,0,21,normal_corr_dominates,6.78910906e+01,1.00000000e+00,2.49999814e+07,-1.85670625e+01,-2.69513261e-01,-1.82975492e+01,1.00012067e-09
39,9.80231909e-01,3.10616748e-08,96,7,1,22,normal_corr_dominates,4.17572057e+01,1.00000000e+00,2.49999885e+07,-1.15236339e+01,-2.69513261e-01,-1.12541207e+01,1.00016245e-09
39,9.80231909e-01,3.10616748e-08,96,7,2,23,normal_corr_dominates,1.08967409e+02,1.00000000e+00,2.50000291e+07,2.90986485e+01,-2.69513261e-01,2.93681617e+01,1.00015352e-09
39,9.80231909e-01,3.10616748e-08,96,8,0,24,normal_corr_dominates,4.38873102e+00,1.00000000e+00,2.49999794e+07,-2.06364836e+01,-3.82956275e+00,-1.68069208e+01,1.00011514e-09
39,9.80231909e-01,3.10616748e-08,96,8,1,25,normal_corr_dominates,4.60049419e+00,1.00000000e+00,2.50000138e+07,1.37883184e+01,-3.82956275e+00,1.76178812e+01,1.00008761e-09
39,9.80231909e-01,3.10616748e-08,96,8,1,25,corr_ratio_high,5.22442927e-01,5.00000000e-01,2.50000138e+07,1.37883184e+01,-3.82956275e+00,1.76178812e+01,1.00008761e-09
39,9.80231909e-01,3.10616748e-08,96,8,2,26,normal_corr_dominates,2.93719158e+00,1.00000000e+00,2.50000074e+07,7.41859671e+00,-3.82956275e+00,1.12481595e+01,1.00013115e-09
39,9.80231909e-01,3.10616748e-08,96,9,0,27,normal_corr_dominates,1.30758380e+00,1.00000000e+00,2.50000030e+07,2.97785886e+00,-9.68145549e+00,1.26593144e+01,1.00016978e-09
39,9.80231909e-01,3.10616748e-08,96,9,1,28,normal_corr_dominates,2.13841090e+00,1.00000000e+00,2.49999696e+07,-3.03843854e+01,-9.68145549e+00,-2.07029299e+01,1.00013167e-09
39,9.80231909e-01,3.10616748e-08,96,9,2,29,normal_corr_dominates,2.45648839e+00,1.00000000e+00,2.49999665e+07,-3.34638385e+01,-9.68145549e+00,-2.37823830e+01,1.00013380e-09
39,9.80231909e-01,3.10616748e-08,96,10,0,30,normal_corr_dominates,5.20943230e+00,1.00000000e+00,2.50000129e+07,1.28766784e+01,-3.05900593e+00,1.59356843e+01,1.00013210e-09
39,9.80231909e-01,3.10616748e-08,96,10,1,31,normal_corr_dominates,1.05783626e+01,1.00000000e+00,2.50000293e+07,2.93002679e+01,-3.05900593e+00,3.23592739e+01,1.00022535e-09
39,9.80231909e-01,3.10616748e-08,96,10,2,32,normal_corr_dominates,9.37869478e+00,1.00000000e+00,2.49999683e+07,-3.17484889e+01,-3.05900593e+00,-2.86894830e+01,1.00013144e-09
39,9.80231909e-01,3.10616748e-08,96,11,0,33,normal_corr_dominates,2.92820242e+00,1.00000000e+00,2.49999948e+07,-5.22123368e+00,-1.32916615e+00,-3.89206753e+00,1.00018798e-09
39,9.80231909e-01,3.10616748e-08,96,11,1,34,normal_corr_dominates,6.61799598e+00,1.00000000e+00,2.50000075e+07,7.46725007e+00,-1.32916615e+00,8.79641621e+00,1.00016719e-09
39,9.80231909e-01,3.10616748e-08,96,11,2,35,normal_corr_dominates,1.21688810e+01,1.00000000e+00,2.49999825e+07,-1.75036308e+01,-1.32916615e+00,-1.61744646e+01,1.00009238e-09
39,9.80231909e-01,3.10616748e-08,96,11,2,35,corr_ratio_high,1.01793163e+00,5.00000000e-01,2.49999825e+07,-1.75036308e+01,-1.32916615e+00,-1.61744646e+01,1.00009238e-09
39,9.80231909e-01,3.10616748e-08,96,12,1,37,normal_corr_dominates,1.15848092e+00,1.00000000e+00,2.50000025e+07,2.52885937e+00,-1.59568696e+01,1.84857289e+01,1.00011296e-09
39,9.80231909e-01,3.10616748e-08,96,13,0,39,normal_corr_dominates,1.76611641e+00,1.00000000e+00,2.50000064e+07,6.35722378e+00,-8.29798670e+00,1.46552105e+01,1.00009159e-09
39,9.80231909e-01,3.10616748e-08,96,14,0,42,normal_corr_dominates,3.04955998e+00,1.00000000e+00,2.49999937e+07,-6.29147579e+00,-1.55361961e+00,-4.73785618e+00,1.00013544e-09
39,9.80231909e-01,3.10616748e-08,96,14,1,43,normal_corr_dominates,3.10199812e+00,1.00000000e+00,2.49999936e+07,-6.37294472e+00,-1.55361961e+00,-4.81932511e+00,1.00011465e-09
39,9.80231909e-01,3.10616748e-08,96,14,2,44,normal_corr_dominates,1.77925077e+01,1.00000000e+00,2.50000261e+07,2.60891692e+01,-1.55361961e+00,2.76427889e+01,1.00018859e-09
39,9.80231909e-01,3.10616748e-08,96,15,0,45,normal_corr_dominates,1.38674490e+00,1.00000000e+00,2.49999826e+07,-1.73767438e+01,-7.28051993e+00,-1.00962239e+01,1.00011087e-09
39,9.80231909e-01,3.10616748e-08,96,15,1,46,normal_corr_dominates,2.77128944e+00,1.00000000e+00,2.50000129e+07,1.28959081e+01,-7.28051993e+00,2.01764280e+01,1.00011463e-09
39,9.80231909e-01,3.10616748e-08,96,15,2,47,normal_corr_dominates,3.89371141e+00,1.00000000e+00,2.49999644e+07,-3.56287635e+01,-7.28051993e+00,-2.83482435e+01,1.00016562e-09
39,9.80231909e-01,3.10616748e-08,96,16,2,50,normal_corr_dominates,1.01225146e+00,1.00000000e+00,2.50000002e+07,1.54245901e-01,-1.25900020e+01,1.27442479e+01,1.00011845e-09
39,9.80231909e-01,3.10616748e-08,96,17,0,51,corr_ratio_high,5.13324571e-01,5.00000000e-01,2.49999960e+07,-3.99246238e+00,-1.19054164e+01,7.91295401e+00,1.00027883e-09
39,9.80231909e-01,3.10616748e-08,96,17,1,52,normal_corr_dominates,1.22449502e+00,1.00000000e+00,2.50000027e+07,2.67270665e+00,-1.19054164e+01,1.45781230e+01,1.00017381e-09
39,9.80231909e-01,3.10616748e-08,96,17,2,53,corr_ratio_high,2.57104675e+00,5.00000000e-01,2.49999999e+07,-6.74929371e-02,-1.19054164e+01,1.18379234e+01,1.00002759e-09
39,9.80231909e-01,3.10616748e-08,96,18,2,56,normal_corr_dominates,1.00448892e+00,1.00000000e+00,2.50000001e+07,9.70417734e-02,-2.16180834e+01,2.17151252e+01,1.00013986e-09
39,9.80231909e-01,3.10616748e-08,96,19,0,57,normal_corr_dominates,1.48279970e+01,1.00000000e+00,2.49999347e+07,-6.53238318e+01,-4.12710665e+00,-6.11967252e+01,1.00010461e-09
39,9.80231909e-01,3.10616748e-08,96,19,0,57,corr_ratio_high,1.16086444e+00,5.00000000e-01,2.49999347e+07,-6.53238318e+01,-4.12710665e+00,-6.11967252e+01,1.00010461e-09
39,9.80231909e-01,3.10616748e-08,96,19,2,59,normal_corr_dominates,2.33447838e+00,1.00000000e+00,2.50000055e+07,5.50753461e+00,-4.12710665e+00,9.63464125e+00,1.00011995e-09
39,9.80231909e-01,3.10616748e-08,96,20,1,61,normal_corr_dominates,1.04379093e+00,1.00000000e+00,2.50000005e+07,4.55396767e-01,-1.03993396e+01,1.08547364e+01,1.00015967e-09
39,9.80231909e-01,3.10616748e-08,96,20,2,62,normal_corr_dominates,2.47441920e+00,1.00000000e+00,2.49999639e+07,-3.61316651e+01,-1.03993396e+01,-2.57323255e+01,1.00012591e-09
39,9.80231909e-01,3.10616748e-08,96,21,0,63,normal_corr_dominates,1.59010351e+00,1.00000000e+00,2.49999795e+07,-2.05278403e+01,-7.92549031e+00,-1.26023500e+01,1.00011863e-09
39,9.80231909e-01,3.10616748e-08,96,21,1,64,normal_corr_dominates,2.28800323e+00,1.00000000e+00,2.50000102e+07,1.02080571e+01,-7.92549031e+00,1.81335474e+01,1.00012305e-09
39,9.80231909e-01,3.10616748e-08,96,21,2,65,normal_corr_dominates,1.43777963e+00,1.00000000e+00,2.50000035e+07,3.46961825e+00,-7.92549031e+00,1.13951086e+01,1.00013949e-09
39,9.80231909e-01,3.10616748e-08,96,22,0,66,normal_corr_dominates,2.72731095e+00,1.00000000e+00,2.50000144e+07,1.44161505e+01,-8.34600772e+00,2.27621582e+01,1.00017546e-09
39,9.80231909e-01,3.10616748e-08,96,22,1,67,normal_corr_dominates,1.28838097e+00,1.00000000e+00,2.49999809e+07,-1.90988453e+01,-8.34600772e+00,-1.07528376e+01,1.00015208e-09
39,9.80231909e-01,3.10616748e-08,96,22,2,68,corr_ratio_high,1.57087987e+00,5.00000000e-01,2.49999949e+07,-5.05108052e+00,-8.34600772e+00,3.29492720e+00,1.00006386e-09
39,9.80231909e-01,3.10616748e-08,96,23,0,69,normal_corr_dominates,8.03909243e+00,1.00000000e+00,2.49999933e+07,-6.65776183e+00,-7.36552024e-01,-5.92120980e+00,1.00015946e-09
39,9.80231909e-01,3.10616748e-08,96,23,1,70,normal_corr_dominates,5.59745373e+00,1.00000000e+00,2.49999951e+07,-4.85936790e+00,-7.36552024e-01,-4.12281588e+00,1.00012839e-09
39,9.80231909e-01,3.10616748e-08,96,23,2,71,normal_corr_dominates,3.12871130e+01,1.00000000e+00,2.50000223e+07,2.23080344e+01,-7.36552024e-01,2.30445864e+01,1.00016491e-09
39,9.80231909e-01,3.10616748e-08,96,24,1,73,corr_ratio_high,5.81353453e-01,5.00000000e-01,2.49999947e+07,-5.29921767e+00,-1.38853246e+01,8.58610692e+00,1.00009271e-09
39,9.80231909e-01,3.10616748e-08,96,24,2,74,normal_corr_dominates,1.07990341e+00,1.00000000e+00,2.49999711e+07,-2.88801340e+01,-1.38853246e+01,-1.49948094e+01,1.00013932e-09
39,9.80231909e-01,3.10616748e-08,96,26,0,78,normal_corr_dominates,5.28221503e+00,1.00000000e+00,2.50000200e+07,1.99698185e+01,-4.66343198e+00,2.46332505e+01,1.00024298e-09
39,9.80231909e-01,3.10616748e-08,96,26,1,79,normal_corr_dominates,1.84423118e+00,1.00000000e+00,2.49999867e+07,-1.32638786e+01,-4.66343198e+00,-8.60044664e+00,1.00013322e-09
39,9.80231909e-01,3.10616748e-08,96,26,2,80,normal_corr_dominates,4.30680932e+00,1.00000000e+00,2.49999753e+07,-2.47479443e+01,-4.66343198e+00,-2.00845123e+01,1.00007680e-09
39,9.80231909e-01,3.10616748e-08,96,26,2,80,corr_ratio_high,1.22153201e+00,5.00000000e-01,2.49999753e+07,-2.47479443e+01,-4.66343198e+00,-2.00845123e+01,1.00007680e-09
39,9.80231909e-01,3.10616748e-08,96,27,0,81,normal_corr_dominates,4.33497748e+00,1.00000000e+00,2.49999777e+07,-2.22907176e+01,-4.17822150e+00,-1.81124961e+01,1.00011914e-09
39,9.80231909e-01,3.10616748e-08,96,27,1,82,normal_corr_dominates,2.72647262e+00,1.00000000e+00,2.50000072e+07,7.21358499e+00,-4.17822150e+00,1.13918065e+01,1.00011528e-09
39,9.80231909e-01,3.10616748e-08,96,29,0,87,normal_corr_dominates,1.03068376e+01,1.00000000e+00,2.49999393e+07,-6.06881136e+01,-5.36738175e+00,-5.53207318e+01,1.00010939e-09
39,9.80231909e-01,3.10616748e-08,96,29,0,87,corr_ratio_high,8.84452611e-01,5.00000000e-01,2.49999393e+07,-6.06881136e+01,-5.36738175e+00,-5.53207318e+01,1.00010939e-09
39,9.80231909e-01,3.10616748e-08,96,29,1,88,normal_corr_dominates,5.66313825e+00,1.00000000e+00,2.49999642e+07,-3.57636066e+01,-5.36738175e+00,-3.03962249e+01,1.00013999e-09
39,9.80231909e-01,3.10616748e-08,96,29,2,89,normal_corr_dominates,3.24599294e+00,1.00000000e+00,2.50000121e+07,1.20551015e+01,-5.36738175e+00,1.74224832e+01,1.00012485e-09
39,9.80231909e-01,3.10616748e-08,96,30,2,92,normal_corr_dominates,1.39880465e+00,1.00000000e+00,2.49999643e+07,-3.56874708e+01,-1.48771893e+01,-2.08102816e+01,1.00014834e-09
39,9.80231909e-01,3.10616748e-08,96,31,0,93,normal_corr_dominates,1.50858197e+00,1.00000000e+00,2.49999838e+07,-1.61786919e+01,-6.44933754e+00,-9.72935432e+00,1.00012257e-09
39,9.80231909e-01,3.10616748e-08,96,31,1,94,normal_corr_dominates,1.36343661e+00,1.00000000e+00,2.50000023e+07,2.34392535e+00,-6.44933754e+00,8.79326289e+00,1.00014992e-09
39,9.80231909e-01,3.10616748e-08,96,31,2,95,normal_corr_dominates,1.96577370e+00,1.00000000e+00,2.50000062e+07,6.22860058e+00,-6.44933754e+00,1.26779381e+01,1.00011282e-09
39,9.80231909e-01,3.10616748e-08,96,32,1,97,normal_corr_dominates,2.34226953e+00,1.00000000e+00,2.49999796e+07,-2.03565213e+01,-6.09062828e+00,-1.42658930e+01,1.00010667e-09
39,9.80231909e-01,3.10616748e-08,96,33,0,99,normal_corr_dominates,5.40272990e+00,1.00000000e+00,2.49999694e+07,-3.05579269e+01,-4.77264033e+00,-2.57852866e+01,1.00012280e-09
39,9.80231909e-01,3.10616748e-08,96,33,1,100,normal_corr_dominates,1.32262192e+00,1.00000000e+00,2.49999889e+07,-1.10850391e+01,-4.77264033e+00,-6.31239874e+00,1.00012537e-09
39,9.80231909e-01,3.10616748e-08,96,33,2,101,normal_corr_dominates,3.22393595e+00,1.00000000e+00,2.50000106e+07,1.06140464e+01,-4.77264033e+00,1.53866867e+01,1.00012437e-09
39,9.80231909e-01,3.10616748e-08,96,34,0,102,normal_corr_dominates,2.22706814e+00,1.00000000e+00,2.49999640e+07,-3.59512155e+01,-1.11405195e+01,-2.48106960e+01,1.00010346e-09
39,9.80231909e-01,3.10616748e-08,96,34,1,103,normal_corr_dominates,2.05068760e+00,1.00000000e+00,2.50000117e+07,1.17052057e+01,-1.11405195e+01,2.28457251e+01,1.00009706e-09
39,9.80231909e-01,3.10616748e-08,96,35,0,105,normal_corr_dominates,3.75621578e+01,1.00000000e+00,2.50000433e+07,4.32632599e+01,-1.18327972e+00,4.44465396e+01,1.00018524e-09
39,9.80231909e-01,3.10616748e-08,96,35,1,106,normal_corr_dominates,1.92934321e+01,1.00000000e+00,2.49999760e+07,-2.40128068e+01,-1.18327972e+00,-2.28295271e+01,1.00025710e-09
39,9.80231909e-01,3.10616748e-08,96,35,2,107,normal_corr_dominates,3.89505648e+01,1.00000000e+00,2.49999527e+07,-4.72726933e+01,-1.18327972e+00,-4.60894136e+01,1.00004270e-09
39,9.80231909e-01,3.10616748e-08,96,35,2,107,corr_ratio_high,4.22859619e+00,5.00000000e-01,2.49999527e+07,-4.72726933e+01,-1.18327972e+00,-4.60894136e+01,1.00004270e-09
39,9.80231909e-01,3.10616748e-08,96,36,1,109,corr_ratio_high,7.25086586e-01,5.00000000e-01,2.49999756e+07,-2.43823185e+01,-2.03290614e+01,-4.05325709e+00,1.00007942e-09
39,9.80231909e-01,3.10616748e-08,96,37,0,111,normal_corr_dominates,1.89513957e+00,1.00000000e+00,2.50000038e+07,3.75806784e+00,-4.19830377e+00,7.95637162e+00,1.00013054e-09
39,9.80231909e-01,3.10616748e-08,96,37,2,113,normal_corr_dominates,2.70723744e+00,1.00000000e+00,2.50000072e+07,7.16750141e+00,-4.19830377e+00,1.13658052e+01,1.00009320e-09
40,1.00410252e+00,3.18180888e-08,96,0,0,0,corr_ratio_high,9.34447529e-01,5.00000000e-01,2.49999763e+07,-2.36556180e+01,-1.72593386e+01,-6.39627937e+00,1.00007894e-09
40,1.00410252e+00,3.18180888e-08,96,0,2,2,normal_corr_dominates,1.13286078e+00,1.00000000e+00,2.50000023e+07,2.29308911e+00,-1.72593386e+01,1.95524278e+01,1.00013240e-09
40,1.00410252e+00,3.18180888e-08,96,1,0,3,normal_corr_dominates,8.29437606e+00,1.00000000e+00,2.50000201e+07,2.00798947e+01,-2.75279126e+00,2.28326859e+01,1.00016687e-09
40,1.00410252e+00,3.18180888e-08,96,1,1,4,normal_corr_dominates,8.97335832e+00,1.00000000e+00,2.49999725e+07,-2.74545736e+01,-2.75279126e+00,-2.47017824e+01,1.00010623e-09
40,1.00410252e+00,3.18180888e-08,96,1,1,4,corr_ratio_high,8.75196273e-01,5.00000000e-01,2.49999725e+07,-2.74545736e+01,-2.75279126e+00,-2.47017824e+01,1.00010623e-09
40,1.00410252e+00,3.18180888e-08,96,1,2,5,normal_corr_dominates,6.58856056e+00,1.00000000e+00,2.49999791e+07,-2.08897232e+01,-2.75279126e+00,-1.81369319e+01,1.00015464e-09
40,1.00410252e+00,3.18180888e-08,96,2,0,6,normal_corr_dominates,1.14418878e+00,1.00000000e+00,2.50000012e+07,1.19465660e+00,-8.28536469e+00,9.48002130e+00,1.00011780e-09
40,1.00410252e+00,3.18180888e-08,96,2,0,6,corr_ratio_high,5.86765566e-01,5.00000000e-01,2.50000012e+07,1.19465660e+00,-8.28536469e+00,9.48002130e+00,1.00011780e-09
40,1.00410252e+00,3.18180888e-08,96,2,1,7,normal_corr_dominates,3.60267824e+00,1.00000000e+00,2.49999619e+07,-3.81348678e+01,-8.28536469e+00,-2.98495031e+01,1.00013977e-09
40,1.00410252e+00,3.18180888e-08,96,2,2,8,normal_corr_dominates,3.75725245e+00,1.00000000e+00,2.50000228e+07,2.28448421e+01,-8.28536469e+00,3.11302068e+01,1.00021387e-09
40,1.00410252e+00,3.18180888e-08,96,3,0,9,normal_corr_dominates,1.72604138e+01,1.00000000e+00,2.49999553e+07,-4.46625812e+01,-2.44586907e+00,-4.22167121e+01,1.00032345e-09
40,1.00410252e+00,3.18180888e-08,96,3,0,9,corr_ratio_high,5.86176000e-01,5.00000000e-01,2.49999553e+07,-4.46625812e+01,-2.44586907e+00,-4.22167121e+01,1.00032345e-09
40,1.00410252e+00,3.18180888e-08,96,3,1,10,normal_corr_dominates,8.48522534e+00,1.00000000e+00,2.49999768e+07,-2.31996193e+01,-2.44586907e+00,-2.07537502e+01,1.00008595e-09
40,1.00410252e+00,3.18180888e-08,96,3,1,10,corr_ratio_high,8.55543459e-01,5.00000000e-01,2.49999768e+07,-2.31996193e+01,-2.44586907e+00,-2.07537502e+01,1.00008595e-09
40,1.00410252e+00,3.18180888e-08,96,3,2,11,normal_corr_dominates,1.08153304e+01,1.00000000e+00,2.50000240e+07,2.40070131e+01,-2.44586907e+00,2.64528822e+01,1.00003610e-09
40,1.00410252e+00,3.18180888e-08,96,3,2,11,corr_ratio_high,1.78250975e+00,5.00000000e-01,2.50000240e+07,2.40070131e+01,-2.44586907e+00,2.64528822e+01,1.00003610e-09
40,1.00410252e+00,3.18180888e-08,96,4,0,12,normal_corr_dominates,1.54657030e+00,1.00000000e+00,2.49999950e+07,-4.97591569e+00,-1.95396754e+00,-3.02194816e+00,1.00014926e-09
40,1.00410252e+00,3.18180888e-08,96,4,1,13,normal_corr_dominates,2.76958256e+00,1.00000000e+00,2.50000035e+07,3.45770688e+00,-1.95396754e+00,5.41167442e+00,1.00012707e-09
40,1.00410252e+00,3.18180888e-08,96,4,2,14,normal_corr_dominates,6.76314368e+00,1.00000000e+00,2.50000113e+07,1.12609957e+01,-1.95396754e+00,1.32149632e+01,1.00010377e-09
40,1.00410252e+00,3.18180888e-08,96,5,0,15,normal_corr_dominates,2.12965613e+00,1.00000000e+00,2.50000166e+07,1.66072651e+01,-1.47011685e+01,3.13084336e+01,1.00009315e-09
40,1.00410252e+00,3.18180888e-08,96,5,1,16,normal_corr_dominates,1.41548611e+00,1.00000000e+00,2.49999645e+07,-3.55104683e+01,-1.47011685e+01,-2.08092998e+01,1.00015103e-09
40,1.00410252e+00,3.18180888e-08,96,5,2,17,normal_corr_dominates,1.70694916e+00,1.00000000e+00,2.49999602e+07,-3.97953157e+01,-1.47011685e+01,-2.50941472e+01,1.00016003e-09
40,1.00410252e+00,3.18180888e-08,96,6,1,19,normal_corr_dominates,2.03783258e+00,1.00000000e+00,2.50000101e+07,1.00897338e+01,-9.72192809e+00,1.98116619e+01,1.00009614e-09
40,1.00410252e+00,3.18180888e-08,96,6,2,20,normal_corr_dominates,3.87072287e+00,1.00000000e+00,2.49999526e+07,-4.73528175e+01,-9.72192809e+00,-3.76308894e+01,1.00019530e-09
40,1.00410252e+00,3.18180888e-08,96,7,0,21,normal_corr_dominates,6.78087390e+01,1.00000000e+00,2.49999810e+07,-1.89916320e+01,-2.76006104e-01,-1.87156259e+01,1.00012340e-09
40,1.00410252e+00,3.18180888e-08,96,7,1,22,normal_corr_dominates,4.16832630e+01,1.00000000e+00,2.49999882e+07,-1.17808411e+01,-2.76006104e-01,-1.15048350e+01,1.00016613e-09
40,1.00410252e+00,3.18180888e-08,96,7,2,23,normal_corr_dominates,1.08811430e+02,1.00000000e+00,2.50000298e+07,2.97566127e+01,-2.76006104e-01,3.00326188e+01,1.00015700e-09
40,1.00410252e+00,3.18180888e-08,96,8,0,24,normal_corr_dominates,4.38680296e+00,1.00000000e+00,2.49999789e+07,-2.11026833e+01,-3.91747823e+00,-1.71852051e+01,1.00011775e-09
40,1.00410252e+00,3.18180888e-08,96,8,1,25,normal_corr_dominates,4.59844259e+00,1.00000000e+00,2.50000141e+07,1.40968205e+01,-3.91747823e+00,1.80142987e+01,1.00008960e-09
40,1.00410252e+00,3.18180888e-08,96,8,1,25,corr_ratio_high,5.22377587e-01,5.00000000e-01,2.50000141e+07,1.40968205e+01,-3.91747823e+00,1.80142987e+01,1.00008960e-09
40,1.00410252e+00,3.18180888e-08,96,8,2,26,normal_corr_dominates,2.93579503e+00,1.00000000e+00,2.50000076e+07,7.58343490e+00,-3.91747823e+00,1.15009131e+01,1.00013412e-09
40,1.00410252e+00,3.18180888e-08,96,9,0,27,normal_corr_dominates,1.30738182e+00,1.00000000e+00,2.50000030e+07,3.04372030e+00,-9.90208317e+00,1.29458035e+01,1.00017363e-09
40,1.00410252e+00,3.18180888e-08,96,9,1,28,normal_corr_dominates,2.13799333e+00,1.00000000e+00,2.49999689e+07,-3.10726709e+01,-9.90208317e+00,-2.11705878e+01,1.00013465e-09
40,1.00410252e+00,3.18180888e-08,96,9,2,29,normal_corr_dominates,2.45615935e+00,1.00000000e+00,2.49999658e+07,-3.42231773e+01,-9.90208317e+00,-2.43210942e+01,1.00013682e-09
40,1.00410252e+00,3.18180888e-08,96,10,0,30,normal_corr_dominates,5.20767070e+00,1.00000000e+00,2.50000132e+07,1.31651024e+01,-3.12883382e+00,1.62939362e+01,1.00013509e-09
40,1.00410252e+00,3.18180888e-08,96,10,1,31,normal_corr_dominates,1.05766083e+01,1.00000000e+00,2.50000300e+07,2.99636159e+01,-3.12883382e+00,3.30924497e+01,1.00023045e-09
40,1.00410252e+00,3.18180888e-08,96,10,2,32,normal_corr_dominates,9.37621928e+00,1.00000000e+00,2.49999675e+07,-3.24654658e+01,-3.12883382e+00,-2.93366320e+01,1.00013442e-09
40,1.00410252e+00,3.18180888e-08,96,11,0,33,normal_corr_dominates,2.92926096e+00,1.00000000e+00,2.49999947e+07,-5.33939612e+00,-1.35888051e+00,-3.98051561e+00,1.00019223e-09
40,1.00410252e+00,3.18180888e-08,96,11,1,34,normal_corr_dominates,6.61896511e+00,1.00000000e+00,2.50000076e+07,7.63550216e+00,-1.35888051e+00,8.99438266e+00,1.00017098e-09
40,1.00410252e+00,3.18180888e-08,96,11,2,35,normal_corr_dominates,1.21738930e+01,1.00000000e+00,2.49999821e+07,-1.79017464e+01,-1.35888051e+00,-1.65428659e+01,1.00009448e-09
40,1.00410252e+00,3.18180888e-08,96,11,2,35,corr_ratio_high,1.01786218e+00,5.00000000e-01,2.49999821e+07,-1.79017464e+01,-1.35888051e+00,-1.65428659e+01,1.00009448e-09
40,1.00410252e+00,3.18180888e-08,96,12,1,37,normal_corr_dominates,1.15826306e+00,1.00000000e+00,2.50000026e+07,2.58279801e+00,-1.63196517e+01,1.89024497e+01,1.00011552e-09
40,1.00410252e+00,3.18180888e-08,96,13,0,39,normal_corr_dominates,1.76578519e+00,1.00000000e+00,2.50000065e+07,6.49932421e+00,-8.48713754e+00,1.49864617e+01,1.00009367e-09
40,1.00410252e+00,3.18180888e-08,96,14,0,42,normal_corr_dominates,3.04753892e+00,1.00000000e+00,2.49999936e+07,-6.43432298e+00,-1.58968773e+00,-4.84463524e+00,1.00013851e-09
40,1.00410252e+00,3.18180888e-08,96,14,1,43,normal_corr_dominates,3.10034734e+00,1.00000000e+00,2.49999935e+07,-6.51827188e+00,-1.58968773e+00,-4.92858414e+00,1.00011725e-09
40,1.00410252e+00,3.18180888e-08,96,14,2,44,normal_corr_dominates,1.77824884e+01,1.00000000e+00,2.50000267e+07,2.66789159e+01,-1.58968773e+00,2.82686037e+01,1.00019286e-09
40,1.00410252e+00,3.18180888e-08,96,15,0,45,normal_corr_dominates,1.38627721e+00,1.00000000e+00,2.49999822e+07,-1.77697664e+01,-7.44664800e+00,-1.03231184e+01,1.00011338e-09
40,1.00410252e+00,3.18180888e-08,96,15,1,46,normal_corr_dominates,2.77062566e+00,1.00000000e+00,2.50000132e+07,1.31852261e+01,-7.44664800e+00,2.06318741e+01,1.00011723e-09
40,1.00410252e+00,3.18180888e-08,96,15,2,47,normal_corr_dominates,3.89303750e+00,1.00000000e+00,2.49999636e+07,-3.64367279e+01,-7.44664800e+00,-2.89900799e+01,1.00016937e-09
40,1.00410252e+00,3.18180888e-08,96,16,2,50,normal_corr_dominates,1.01194213e+00,1.00000000e+00,2.50000002e+07,1.53770703e-01,-1.28763263e+01,1.30300970e+01,1.00012114e-09
40,1.00410252e+00,3.18180888e-08,96,17,0,51,corr_ratio_high,5.13306504e-01,5.00000000e-01,2.49999959e+07,-4.08268598e+00,-1.21768402e+01,8.09415419e+00,1.00028513e-09
40,1.00410252e+00,3.18180888e-08,96,17,1,52,normal_corr_dominates,1.22405293e+00,1.00000000e+00,2.50000027e+07,2.72825667e+00,-1.21768402e+01,1.49050968e+01,1.00017775e-09
40,1.00410252e+00,3.18180888e-08,96,17,2,53,corr_ratio_high,2.57074303e+00,5.00000000e-01,2.49999999e+07,-7.13936161e-02,-1.21768402e+01,1.21054466e+01,1.00002822e-09
40,1.00410252e+00,3.18180888e-08,96,18,2,56,normal_corr_dominates,1.00434109e+00,1.00000000e+00,2.50000001e+07,9.59769167e-02,-2.21089490e+01,2.22049259e+01,1.00014303e-09
40,1.00410252e+00,3.18180888e-08,96,19,0,57,normal_corr_dominates,1.48250108e+01,1.00000000e+00,2.49999332e+07,-6.68029794e+01,-4.22135444e+00,-6.25816250e+01,1.00010698e-09
40,1.00410252e+00,3.18180888e-08,96,19,0,57,corr_ratio_high,1.16074254e+00,5.00000000e-01,2.49999332e+07,-6.68029794e+01,-4.22135444e+00,-6.25816250e+01,1.00010698e-09
40,1.00410252e+00,3.18180888e-08,96,19,2,59,normal_corr_dominates,2.33426358e+00,1.00000000e+00,2.50000056e+07,5.63239950e+00,-4.22135444e+00,9.85375394e+00,1.00012267e-09
40,1.00410252e+00,3.18180888e-08,96,20,1,61,normal_corr_dominates,1.04361676e+00,1.00000000e+00,2.50000005e+07,4.63922195e-01,-1.06363279e+01,1.11002501e+01,1.00016329e-09
40,1.00410252e+00,3.18180888e-08,96,20,2,62,normal_corr_dominates,2.47398904e+00,1.00000000e+00,2.49999630e+07,-3.69504865e+01,-1.06363279e+01,-2.63141586e+01,1.00012876e-09
40,1.00410252e+00,3.18180888e-08,96,21,0,63,normal_corr_dominates,1.58966151e+00,1.00000000e+00,2.49999790e+07,-2.09925771e+01,-8.10630155e+00,-1.28862756e+01,1.00012132e-09
40,1.00410252e+00,3.18180888e-08,96,21,1,64,normal_corr_dominates,2.28743225e+00,1.00000000e+00,2.50000104e+07,1.04363141e+01,-8.10630155e+00,1.85426156e+01,1.00012584e-09
40,1.00410252e+00,3.18180888e-08,96,21,2,65,normal_corr_dominates,1.43734387e+00,1.00000000e+00,2.50000035e+07,3.54524131e+00,-8.10630155e+00,1.16515429e+01,1.00014265e-09
40,1.00410252e+00,3.18180888e-08,96,22,0,66,normal_corr_dominates,2.72644893e+00,1.00000000e+00,2.50000147e+07,1.47381470e+01,-8.53668283e+00,2.32748298e+01,1.00017944e-09
40,1.00410252e+00,3.18180888e-08,96,22,1,67,normal_corr_dominates,1.28809016e+00,1.00000000e+00,2.49999805e+07,-1.95327000e+01,-8.53668283e+00,-1.09960172e+01,1.00015553e-09
40,1.00410252e+00,3.18180888e-08,96,22,2,68,corr_ratio_high,1.57079298e+00,5.00000000e-01,2.49999948e+07,-5.16679106e+00,-8.53668283e+00,3.36989176e+00,1.00006531e-09
40,1.00410252e+00,3.18180888e-08,96,23,0,69,normal_corr_dominates,8.02789240e+00,1.00000000e+00,2.49999932e+07,-6.80782006e+00,-7.54087417e-01,-6.05373264e+00,1.00016307e-09
40,1.00410252e+00,3.18180888e-08,96,23,1,70,normal_corr_dominates,5.59037538e+00,1.00000000e+00,2.49999950e+07,-4.96971915e+00,-7.54087417e-01,-4.21563173e+00,1.00013130e-09
40,1.00410252e+00,3.18180888e-08,96,23,2,71,normal_corr_dominates,3.12515277e+01,1.00000000e+00,2.50000228e+07,2.28122964e+01,-7.54087417e-01,2.35663838e+01,1.00016864e-09
40,1.00410252e+00,3.18180888e-08,96,24,1,73,corr_ratio_high,5.81369482e-01,5.00000000e-01,2.49999946e+07,-5.42129005e+00,-1.42011017e+01,8.77981167e+00,1.00009481e-09
40,1.00410252e+00,3.18180888e-08,96,24,2,74,normal_corr_dominates,1.07980743e+00,1.00000000e+00,2.49999705e+07,-2.95355569e+01,-1.42011017e+01,-1.53344552e+01,1.00014247e-09
40,1.00410252e+00,3.18180888e-08,96,26,0,78,normal_corr_dominates,5.28117247e+00,1.00000000e+00,2.50000204e+07,2.04206977e+01,-4.76988438e+00,2.51905821e+01,1.00024847e-09
40,1.00410252e+00,3.18180888e-08,96,26,1,79,normal_corr_dominates,1.84365766e+00,1.00000000e+00,2.49999864e+07,-1.35639183e+01,-4.76988438e+00,-8.79403389e+00,1.00013623e-09
40,1.00410252e+00,3.18180888e-08,96,26,2,80,normal_corr_dominates,4.30573262e+00,1.00000000e+00,2.49999747e+07,-2.53077311e+01,-4.76988438e+00,-2.05378468e+01,1.00007854e-09
40,1.00410252e+00,3.18180888e-08,96,26,2,80,corr_ratio_high,1.22132571e+00,5.00000000e-01,2.49999747e+07,-2.53077311e+01,-4.76988438e+00,-2.05378468e+01,1.00007854e-09
40,1.00410252e+00,3.18180888e-08,96,27,0,81,normal_corr_dominates,4.33358064e+00,1.00000000e+00,2.49999772e+07,-2.27944392e+01,-4.27375918e+00,-1.85206801e+01,1.00012183e-09
40,1.00410252e+00,3.18180888e-08,96,27,1,82,normal_corr_dominates,2.72642600e+00,1.00000000e+00,2.50000074e+07,7.37832897e+00,-4.27375918e+00,1.16520882e+01,1.00011789e-09
40,1.00410252e+00,3.18180888e-08,96,29,0,87,normal_corr_dominates,1.03045038e+01,1.00000000e+00,2.49999379e+07,-6.20617788e+01,-5.49000470e+00,-5.65717741e+01,1.00011186e-09
40,1.00410252e+00,3.18180888e-08,96,29,0,87,corr_ratio_high,8.84462737e-01,5.00000000e-01,2.49999379e+07,-6.20617788e+01,-5.49000470e+00,-5.65717741e+01,1.00011186e-09
40,1.00410252e+00,3.18180888e-08,96,29,1,88,normal_corr_dominates,5.66179447e+00,1.00000000e+00,2.49999634e+07,-3.65732829e+01,-5.49000470e+00,-3.10832782e+01,1.00014317e-09
40,1.00410252e+00,3.18180888e-08,96,29,2,89,normal_corr_dominates,3.24534539e+00,1.00000000e+00,2.50000123e+07,1.23269567e+01,-5.49000470e+00,1.78169614e+01,1.00012769e-09
40,1.00410252e+00,3.18180888e-08,96,30,2,92,normal_corr_dominates,1.39864085e+00,1.00000000e+00,2.49999635e+07,-3.64957769e+01,-1.52151903e+01,-2.12805866e+01,1.00015170e-09
40,1.00410252e+00,3.18180888e-08,96,31,0,93,normal_corr_dominates,1.50813863e+00,1.00000000e+00,2.49999835e+07,-1.65451777e+01,-6.59659619e+00,-9.94858155e+00,1.00012535e-09
40,1.00410252e+00,3.18180888e-08,96,31,1,94,normal_corr_dominates,1.36293946e+00,1.00000000e+00,2.50000024e+07,2.39416507e+00,-6.59659619e+00,8.99076126e+00,1.00015331e-09
40,1.00410252e+00,3.18180888e-08,96,31,2,95,normal_corr_dominates,1.96541256e+00,1.00000000e+00,2.50000064e+07,6.36843682e+00,-6.59659619e+00,1.29650330e+01,1.00011537e-09
40,1.00410252e+00,3.18180888e-08,96,32,1,97,normal_corr_dominates,2.34172894e+00,1.00000000e+00,2.49999792e+07,-2.08168542e+01,-6.22936646e+00,-1.45874877e+01,1.00010909e-09
40,1.00410252e+00,3.18180888e-08,96,33,0,99,normal_corr_dominates,5.40143007e+00,1.00000000e+00,2.49999688e+07,-3.12498841e+01,-4.88170358e+00,-2.63681805e+01,1.00012558e-09
40,1.00410252e+00,3.18180888e-08,96,33,1,100,normal_corr_dominates,1.32210410e+00,1.00000000e+00,2.49999887e+07,-1.13358239e+01,-4.88170358e+00,-6.45412033e+00,1.00012821e-09
40,1.00410252e+00,3.18180888e-08,96,33,2,101,normal_corr_dominates,3.22327422e+00,1.00000000e+00,2.50000109e+07,1.08533657e+01,-4.88170358e+00,1.57350693e+01,1.00012719e-09
40,1.00410252e+00,3.18180888e-08,96,34,0,102,normal_corr_dominates,2.22682609e+00,1.00000000e+00,2.49999632e+07,-3.67669729e+01,-1.13941600e+01,-2.53728129e+01,1.00010581e-09
40,1.00410252e+00,3.18180888e-08,96,34,1,103,normal_corr_dominates,2.05037408e+00,1.00000000e+00,2.50000120e+07,1.19681303e+01,-1.13941600e+01,2.33622903e+01,1.00009926e-09
40,1.00410252e+00,3.18180888e-08,96,35,0,105,normal_corr_dominates,3.75312245e+01,1.00000000e+00,2.50000442e+07,4.42407666e+01,-1.21103980e+00,4.54518064e+01,1.00018943e-09
40,1.00410252e+00,3.18180888e-08,96,35,1,106,normal_corr_dominates,1.92771502e+01,1.00000000e+00,2.49999754e+07,-2.45564358e+01,-1.21103980e+00,-2.33453960e+01,1.00026292e-09
40,1.00410252e+00,3.18180888e-08,96,35,2,107,normal_corr_dominates,3.89170741e+01,1.00000000e+00,2.49999517e+07,-4.83411653e+01,-1.21103980e+00,-4.71301255e+01,1.00004367e-09
40,1.00410252e+00,3.18180888e-08,96,35,2,107,corr_ratio_high,4.22765557e+00,5.00000000e-01,2.49999517e+07,-4.83411653e+01,-1.21103980e+00,-4.71301255e+01,1.00004367e-09
40,1.00410252e+00,3.18180888e-08,96,36,1,109,corr_ratio_high,7.25057816e-01,5.00000000e-01,2.49999751e+07,-2.49365374e+01,-2.07907370e+01,-4.14580041e+00,1.00008122e-09
40,1.00410252e+00,3.18180888e-08,96,37,0,111,normal_corr_dominates,1.89530842e+00,1.00000000e+00,2.50000038e+07,3.84479421e+00,-4.29437957e+00,8.13917378e+00,1.00013349e-09
40,1.00410252e+00,3.18180888e-08,96,37,2,113,normal_corr_dominates,2.70664378e+00,1.00000000e+00,2.50000073e+07,7.32897618e+00,-4.29437957e+00,1.16233558e+01,1.00009532e-09
41,1.03006898e+00,3.26409163e-08,96,0,0,0,corr_ratio_high,9.34368824e-01,5.00000000e-01,2.49999758e+07,-2.42259897e+01,-1.76756093e+01,-6.55038043e+00,1.00008084e-09
41,1.03006898e+00,3.26409163e-08,96,0,2,2,normal_corr_dominates,1.13265607e+00,1.00000000e+00,2.50000023e+07,2.34477694e+00,-1.76756093e+01,2.00203862e+01,1.00013559e-09
41,1.03006898e+00,3.26409163e-08,96,1,0,3,normal_corr_dominates,8.29343251e+00,1.00000000e+00,2.50000206e+07,2.05605362e+01,-2.81904799e+00,2.33795842e+01,1.00017088e-09
41,1.03006898e+00,3.26409163e-08,96,1,1,4,normal_corr_dominates,8.97449433e+00,1.00000000e+00,2.49999719e+07,-2.81185781e+01,-2.81904799e+00,-2.52995302e+01,1.00010878e-09
41,1.03006898e+00,3.26409163e-08,96,1,1,4,corr_ratio_high,8.75245395e-01,5.00000000e-01,2.49999719e+07,-2.81185781e+01,-2.81904799e+00,-2.52995302e+01,1.00010878e-09
41,1.03006898e+00,3.26409163e-08,96,1,2,5,normal_corr_dominates,6.58723943e+00,1.00000000e+00,2.49999786e+07,-2.13887920e+01,-2.81904799e+00,-1.85697440e+01,1.00015836e-09
41,1.03006898e+00,3.26409163e-08,96,2,0,6,normal_corr_dominates,1.14355275e+00,1.00000000e+00,2.50000012e+07,1.21804030e+00,-8.48496657e+00,9.70300687e+00,1.00012062e-09
41,1.03006898e+00,3.26409163e-08,96,2,0,6,corr_ratio_high,5.86816709e-01,5.00000000e-01,2.50000012e+07,1.21804030e+00,-8.48496657e+00,9.70300687e+00,1.00012062e-09
41,1.03006898e+00,3.26409163e-08,96,2,1,7,normal_corr_dominates,3.60217817e+00,1.00000000e+00,2.49999610e+07,-3.90493280e+01,-8.48496657e+00,-3.05643614e+01,1.00014313e-09
41,1.03006898e+00,3.26409163e-08,96,2,2,8,normal_corr_dominates,3.75720467e+00,1.00000000e+00,2.50000234e+07,2.33947894e+01,-8.48496657e+00,3.18797560e+01,1.00021901e-09
41,1.03006898e+00,3.26409163e-08,96,3,0,9,normal_corr_dominates,1.72503641e+01,1.00000000e+00,2.49999543e+07,-4.57349912e+01,-2.50597691e+00,-4.32290143e+01,1.00033121e-09
41,1.03006898e+00,3.26409163e-08,96,3,0,9,corr_ratio_high,5.86169339e-01,5.00000000e-01,2.49999543e+07,-4.57349912e+01,-2.50597691e+00,-4.32290143e+01,1.00033121e-09
41,1.03006898e+00,3.26409163e-08,96,3,1,10,normal_corr_dominates,8.47961963e+00,1.00000000e+00,2.49999762e+07,-2.37557080e+01,-2.50597691e+00,-2.12497310e+01,1.00008802e-09
41,1.03006898e+00,3.26409163e-08,96,3,1,10,corr_ratio_high,8.55526767e-01,5.00000000e-01,2.49999762e+07,-2.37557080e+01,-2.50597691e+00,-2.12497310e+01,1.00008802e-09
41,1.03006898e+00,3.26409163e-08,96,3,2,11,normal_corr_dominates,1.08084272e+01,1.00000000e+00,2.50000246e+07,2.45796921e+01,-2.50597691e+00,2.70856691e+01,1.00003698e-09
41,1.03006898e+00,3.26409163e-08,96,3,2,11,corr_ratio_high,1.78216575e+00,5.00000000e-01,2.50000246e+07,2.45796921e+01,-2.50597691e+00,2.70856691e+01,1.00003698e-09
41,1.03006898e+00,3.26409163e-08,96,4,0,12,normal_corr_dominates,1.54509594e+00,1.00000000e+00,2.49999949e+07,-5.09519405e+00,-2.00196541e+00,-3.09322863e+00,1.00015284e-09
41,1.03006898e+00,3.26409163e-08,96,4,1,13,normal_corr_dominates,2.76754371e+00,1.00000000e+00,2.50000035e+07,3.53856138e+00,-2.00196541e+00,5.54052679e+00,1.00013012e-09
41,1.03006898e+00,3.26409163e-08,96,4,2,14,normal_corr_dominates,6.75988301e+00,1.00000000e+00,2.50000115e+07,1.15310866e+01,-2.00196541e+00,1.35330520e+01,1.00010628e-09
41,1.03006898e+00,3.26409163e-08,96,5,0,15,normal_corr_dominates,2.12927397e+00,1.00000000e+00,2.50000170e+07,1.70022708e+01,-1.50559309e+01,3.20582018e+01,1.00009539e-09
41,1.03006898e+00,3.26409163e-08,96,5,1,16,normal_corr_dominates,1.41521200e+00,1.00000000e+00,2.49999636e+07,-3.63632651e+01,-1.50559309e+01,-2.13073342e+01,1.00015466e-09
41,1.03006898e+00,3.26409163e-08,96,5,2,17,normal_corr_dominates,1.70683534e+00,1.00000000e+00,2.49999592e+07,-4.07539259e+01,-1.50559309e+01,-2.56979950e+01,1.00016387e-09
41,1.03006898e+00,3.26409163e-08,96,6,1,19,normal_corr_dominates,2.03722048e+00,1.00000000e+00,2.50000103e+07,1.03274935e+01,-9.95689322e+00,2.02843867e+01,1.00009846e-09
41,1.03006898e+00,3.26409163e-08,96,6,2,20,normal_corr_dominates,3.87015722e+00,1.00000000e+00,2.49999515e+07,-4.84916354e+01,-9.95689322e+00,-3.85347422e+01,1.00019999e-09
41,1.03006898e+00,3.26409163e-08,96,7,0,21,normal_corr_dominates,6.77175929e+01,1.00000000e+00,2.49999805e+07,-1.94525913e+01,-2.83080219e-01,-1.91695110e+01,1.00012636e-09
41,1.03006898e+00,3.26409163e-08,96,7,1,22,normal_corr_dominates,4.16023312e+01,1.00000000e+00,2.49999879e+07,-1.20598772e+01,-2.83080219e-01,-1.17767970e+01,1.00017013e-09
41,1.03006898e+00,3.26409163e-08,96,7,2,23,normal_corr_dominates,1.08639781e+02,1.00000000e+00,2.50000305e+07,3.04706927e+01,-2.83080219e-01,3.07537730e+01,1.00016077e-09
41,1.03006898e+00,3.26409163e-08,96,8,0,24,normal_corr_dominates,4.38472958e+00,1.00000000e+00,2.49999784e+07,-2.16086502e+01,-4.01294994e+00,-1.75957003e+01,1.00012058e-09
41,1.03006898e+00,3.26409163e-08,96,8,1,25,normal_corr_dominates,4.59623086e+00,1.00000000e+00,2.50000144e+07,1.44314944e+01,-4.01294994e+00,1.84444443e+01,1.00009176e-09
41,1.03006898e+00,3.26409163e-08,96,8,1,25,corr_ratio_high,5.22307255e-01,5.00000000e-01,2.50000144e+07,1.44314944e+01,-4.01294994e+00,1.84444443e+01,1.00009176e-09
41,1.03006898e+00,3.26409163e-08,96,8,2,26,normal_corr_dominates,2.93429316e+00,1.00000000e+00,2.50000078e+07,7.76222162e+00,-4.01294994e+00,1.17751716e+01,1.00013735e-09
41,1.03006898e+00,3.26409163e-08,96,9,0,27,normal_corr_dominates,1.30716576e+00,1.00000000e+00,2.50000031e+07,3.11515172e+00,-1.01415983e+01,1.32567500e+01,1.00017780e-09
41,1.03006898e+00,3.26409163e-08,96,9,1,28,normal_corr_dominates,2.13754497e+00,1.00000000e+00,2.49999682e+07,-3.18197207e+01,-1.01415983e+01,-2.16781224e+01,1.00013789e-09
41,1.03006898e+00,3.26409163e-08,96,9,2,29,normal_corr_dominates,2.45580554e+00,1.00000000e+00,2.49999650e+07,-3.50473915e+01,-1.01415983e+01,-2.49057932e+01,1.00014011e-09
41,1.03006898e+00,3.26409163e-08,96,10,0,30,normal_corr_dominates,5.20576240e+00,1.00000000e+00,2.50000135e+07,1.34780015e+01,-3.20465120e+00,1.66826527e+01,1.00013833e-09
41,1.03006898e+00,3.26409163e-08,96,10,1,31,normal_corr_dominates,1.05747089e+01,1.00000000e+00,2.50000307e+07,3.06836023e+01,-3.20465120e+00,3.38882535e+01,1.00023599e-09
41,1.03006898e+00,3.26409163e-08,96,10,2,32,normal_corr_dominates,9.37353803e+00,1.00000000e+00,2.49999668e+07,-3.32435711e+01,-3.20465120e+00,-3.00389199e+01,1.00013765e-09
41,1.03006898e+00,3.26409163e-08,96,11,0,33,normal_corr_dominates,2.93036076e+00,1.00000000e+00,2.49999945e+07,-5.46763820e+00,-1.39112884e+00,-4.07650936e+00,1.00019684e-09
41,1.03006898e+00,3.26409163e-08,96,11,1,34,normal_corr_dominates,6.61994310e+00,1.00000000e+00,2.50000078e+07,7.81806492e+00,-1.39112884e+00,9.20919376e+00,1.00017509e-09
41,1.03006898e+00,3.26409163e-08,96,11,2,35,normal_corr_dominates,1.21791648e+01,1.00000000e+00,2.49999817e+07,-1.83339162e+01,-1.39112884e+00,-1.69427873e+01,1.00009675e-09
41,1.03006898e+00,3.26409163e-08,96,11,2,35,corr_ratio_high,1.01778683e+00,5.00000000e-01,2.49999817e+07,-1.83339162e+01,-1.39112884e+00,-1.69427873e+01,1.00009675e-09
41,1.03006898e+00,3.26409163e-08,96,12,1,37,normal_corr_dominates,1.15802867e+00,1.00000000e+00,2.50000026e+07,2.64120611e+00,-1.67134613e+01,1.93546674e+01,1.00011830e-09
41,1.03006898e+00,3.26409163e-08,96,13,0,39,normal_corr_dominates,1.76542912e+00,1.00000000e+00,2.50000067e+07,6.65348127e+00,-8.69248512e+00,1.53459664e+01,1.00009593e-09
41,1.03006898e+00,3.26409163e-08,96,14,0,42,normal_corr_dominates,3.04535132e+00,1.00000000e+00,2.49999934e+07,-6.58938216e+00,-1.62887760e+00,-4.96050456e+00,1.00014184e-09
41,1.03006898e+00,3.26409163e-08,96,14,1,43,normal_corr_dominates,3.09856120e+00,1.00000000e+00,2.49999933e+07,-6.67605454e+00,-1.62887760e+00,-5.04717694e+00,1.00012006e-09
41,1.03006898e+00,3.26409163e-08,96,14,2,44,normal_corr_dominates,1.77716376e+01,1.00000000e+00,2.50000273e+07,2.73189449e+01,-1.62887760e+00,2.89478225e+01,1.00019749e-09
41,1.03006898e+00,3.26409163e-08,96,15,0,45,normal_corr_dominates,1.38577460e+00,1.00000000e+00,2.49999818e+07,-1.81963309e+01,-7.62701175e+00,-1.05693192e+01,1.00011611e-09
41,1.03006898e+00,3.26409163e-08,96,15,1,46,normal_corr_dominates,2.76990980e+00,1.00000000e+00,2.50000135e+07,1.34991229e+01,-7.62701175e+00,2.11261346e+01,1.00012005e-09
41,1.03006898e+00,3.26409163e-08,96,15,2,47,normal_corr_dominates,3.89230819e+00,1.00000000e+00,2.49999627e+07,-3.73136920e+01,-7.62701175e+00,-2.96866803e+01,1.00017344e-09
41,1.03006898e+00,3.26409163e-08,96,16,2,50,normal_corr_dominates,1.01160906e+00,1.00000000e+00,2.50000002e+07,1.53090403e-01,-1.31871460e+01,1.33402364e+01,1.00012406e-09
41,1.03006898e+00,3.26409163e-08,96,17,0,51,corr_ratio_high,5.13286959e-01,5.00000000e-01,2.49999958e+07,-4.18057231e+00,-1.24714942e+01,8.29092192e+00,1.00029196e-09
41,1.03006898e+00,3.26409163e-08,96,17,1,52,normal_corr_dominates,1.22358147e+00,1.00000000e+00,2.50000028e+07,2.78839499e+00,-1.24714942e+01,1.52598892e+01,1.00018203e-09
41,1.03006898e+00,3.26409163e-08,96,17,2,53,corr_ratio_high,2.57041670e+00,5.00000000e-01,2.49999999e+07,-7.57590765e-02,-1.24714942e+01,1.23957352e+01,1.00002891e-09
41,1.03006898e+00,3.26409163e-08,96,18,2,56,normal_corr_dominates,1.00418196e+00,1.00000000e+00,2.50000001e+07,9.46870347e-02,-2.26417725e+01,2.27364595e+01,1.00014647e-09
41,1.03006898e+00,3.26409163e-08,96,19,0,57,normal_corr_dominates,1.48217679e+01,1.00000000e+00,2.49999316e+07,-6.84084031e+01,-4.32368895e+00,-6.40847142e+01,1.00010955e-09
41,1.03006898e+00,3.26409163e-08,96,19,0,57,corr_ratio_high,1.16061141e+00,5.00000000e-01,2.49999316e+07,-6.84084031e+01,-4.32368895e+00,-6.40847142e+01,1.00010955e-09
41,1.03006898e+00,3.26409163e-08,96,19,2,59,normal_corr_dominates,2.33402558e+00,1.00000000e+00,2.50000058e+07,5.76791166e+00,-4.32368895e+00,1.00916006e+01,1.00012563e-09
41,1.03006898e+00,3.26409163e-08,96,20,1,61,normal_corr_dominates,1.04343041e+00,1.00000000e+00,2.50000005e+07,4.73113717e-01,-1.08936040e+01,1.13667177e+01,1.00016721e-09
41,1.03006898e+00,3.26409163e-08,96,20,2,62,normal_corr_dominates,2.47352714e+00,1.00000000e+00,2.49999622e+07,-3.78392290e+01,-1.08936040e+01,-2.69456250e+01,1.00013186e-09
41,1.03006898e+00,3.26409163e-08,96,21,0,63,normal_corr_dominates,1.58918631e+00,1.00000000e+00,2.49999785e+07,-2.14969884e+01,-8.30260391e+00,-1.31943845e+01,1.00012423e-09
41,1.03006898e+00,3.26409163e-08,96,21,1,64,normal_corr_dominates,2.28681726e+00,1.00000000e+00,2.50000107e+07,1.06839340e+01,-8.30260391e+00,1.89865379e+01,1.00012887e-09
41,1.03006898e+00,3.26409163e-08,96,21,2,65,normal_corr_dominates,1.43687552e+00,1.00000000e+00,2.50000036e+07,3.62720441e+00,-8.30260391e+00,1.19298083e+01,1.00014608e-09
41,1.03006898e+00,3.26409163e-08,96,22,0,66,normal_corr_dominates,2.72552928e+00,1.00000000e+00,2.50000151e+07,1.50874955e+01,-8.74369138e+00,2.38311869e+01,1.00018376e-09
41,1.03006898e+00,3.26409163e-08,96,22,1,67,normal_corr_dominates,1.28777922e+00,1.00000000e+00,2.49999800e+07,-2.00036355e+01,-8.74369138e+00,-1.12599441e+01,1.00015927e-09
41,1.03006898e+00,3.26409163e-08,96,22,2,68,corr_ratio_high,1.57069871e+00,5.00000000e-01,2.49999947e+07,-5.29246419e+00,-8.74369138e+00,3.45122719e+00,1.00006688e-09
41,1.03006898e+00,3.26409163e-08,96,23,0,69,normal_corr_dominates,8.01575617e+00,1.00000000e+00,2.49999930e+07,-6.97067233e+00,-7.73165578e-01,-6.19750676e+00,1.00016699e-09
41,1.03006898e+00,3.26409163e-08,96,23,1,70,normal_corr_dominates,5.58269550e+00,1.00000000e+00,2.49999949e+07,-5.08951357e+00,-7.73165578e-01,-4.31634799e+00,1.00013446e-09
41,1.03006898e+00,3.26409163e-08,96,23,2,71,normal_corr_dominates,3.12128659e+01,1.00000000e+00,2.50000234e+07,2.33595479e+01,-7.73165578e-01,2.41327135e+01,1.00017269e-09
41,1.03006898e+00,3.26409163e-08,96,24,1,73,corr_ratio_high,5.81386466e-01,5.00000000e-01,2.49999944e+07,-5.55388378e+00,-1.45438852e+01,8.99000146e+00,1.00009709e-09
41,1.03006898e+00,3.26409163e-08,96,24,2,74,normal_corr_dominates,1.07970363e+00,1.00000000e+00,2.49999698e+07,-3.02469710e+01,-1.45438852e+01,-1.57030857e+01,1.00014590e-09
41,1.03006898e+00,3.26409163e-08,96,26,0,78,normal_corr_dominates,5.28004770e+00,1.00000000e+00,2.50000209e+07,2.09100271e+01,-4.88546590e+00,2.57954930e+01,1.00025443e-09
41,1.03006898e+00,3.26409163e-08,96,26,1,79,normal_corr_dominates,1.84303842e+00,1.00000000e+00,2.49999861e+07,-1.38895672e+01,-4.88546590e+00,-9.00410134e+00,1.00013951e-09
41,1.03006898e+00,3.26409163e-08,96,26,2,80,normal_corr_dominates,4.30457082e+00,1.00000000e+00,2.49999741e+07,-2.59152998e+01,-4.88546590e+00,-2.10298339e+01,1.00008044e-09
41,1.03006898e+00,3.26409163e-08,96,26,2,80,corr_ratio_high,1.22110339e+00,5.00000000e-01,2.49999741e+07,-2.59152998e+01,-4.88546590e+00,-2.10298339e+01,1.00008044e-09
41,1.03006898e+00,3.26409163e-08,96,27,0,81,normal_corr_dominates,4.33207233e+00,1.00000000e+00,2.49999767e+07,-2.33411334e+01,-4.37749752e+00,-1.89636359e+01,1.00012476e-09
41,1.03006898e+00,3.26409163e-08,96,27,1,82,normal_corr_dominates,2.72636701e+00,1.00000000e+00,2.50000076e+07,7.55716729e+00,-4.37749752e+00,1.19346648e+01,1.00012072e-09
41,1.03006898e+00,3.26409163e-08,96,29,0,87,normal_corr_dominates,1.03019918e+01,1.00000000e+00,2.49999364e+07,-6.35527084e+01,-5.62314233e+00,-5.79295661e+01,1.00011455e-09
41,1.03006898e+00,3.26409163e-08,96,29,0,87,corr_ratio_high,8.84473232e-01,5.00000000e-01,2.49999364e+07,-6.35527084e+01,-5.62314233e+00,-5.79295661e+01,1.00011455e-09
41,1.03006898e+00,3.26409163e-08,96,29,1,88,normal_corr_dominates,5.66034708e+00,1.00000000e+00,2.49999625e+07,-3.74520796e+01,-5.62314233e+00,-3.18289373e+01,1.00014661e-09
41,1.03006898e+00,3.26409163e-08,96,29,2,89,normal_corr_dominates,3.24464760e+00,1.00000000e+00,2.50000126e+07,1.26219729e+01,-5.62314233e+00,1.82451152e+01,1.00013076e-09
41,1.03006898e+00,3.26409163e-08,96,30,2,92,normal_corr_dominates,1.39846444e+00,1.00000000e+00,2.49999626e+07,-3.73730857e+01,-1.55820888e+01,-2.17909970e+01,1.00015534e-09
41,1.03006898e+00,3.26409163e-08,96,31,0,93,normal_corr_dominates,1.50766127e+00,1.00000000e+00,2.49999831e+07,-1.69429565e+01,-6.75647732e+00,-1.01864792e+01,1.00012836e-09
41,1.03006898e+00,3.26409163e-08,96,31,1,94,normal_corr_dominates,1.36240571e+00,1.00000000e+00,2.50000024e+07,2.44858593e+00,-6.75647732e+00,9.20506325e+00,1.00015700e-09
41,1.03006898e+00,3.26409163e-08,96,31,2,95,normal_corr_dominates,1.96502230e+00,1.00000000e+00,2.50000065e+07,6.52015130e+00,-6.75647732e+00,1.32766286e+01,1.00011815e-09
41,1.03006898e+00,3.26409163e-08,96,32,1,97,normal_corr_dominates,2.34114585e+00,1.00000000e+00,2.49999787e+07,-2.13164732e+01,-6.37998882e+00,-1.49364843e+01,1.00011172e-09
41,1.03006898e+00,3.26409163e-08,96,33,0,99,normal_corr_dominates,5.40003081e+00,1.00000000e+00,2.49999680e+07,-3.20009201e+01,-5.00011969e+00,-2.70008004e+01,1.00012860e-09
41,1.03006898e+00,3.26409163e-08,96,33,1,100,normal_corr_dominates,1.32154616e+00,1.00000000e+00,2.49999884e+07,-1.16080087e+01,-5.00011969e+00,-6.60788899e+00,1.00013129e-09
41,1.03006898e+00,3.26409163e-08,96,33,2,101,normal_corr_dominates,3.22256050e+00,1.00000000e+00,2.50000111e+07,1.11130685e+01,-5.00011969e+00,1.61131882e+01,1.00013025e-09
41,1.03006898e+00,3.26409163e-08,96,34,0,102,normal_corr_dominates,2.22656769e+00,1.00000000e+00,2.49999623e+07,-3.76524432e+01,-1.16695036e+01,-2.59829396e+01,1.00010836e-09
41,1.03006898e+00,3.26409163e-08,96,34,1,103,normal_corr_dominates,2.05003781e+00,1.00000000e+00,2.50000123e+07,1.22534200e+01,-1.16695036e+01,2.39229236e+01,1.00010165e-09
41,1.03006898e+00,3.26409163e-08,96,35,0,105,normal_corr_dominates,3.74979435e+01,1.00000000e+00,2.50000453e+07,4.53016336e+01,-1.24121058e+00,4.65428442e+01,1.00019397e-09
41,1.03006898e+00,3.26409163e-08,96,35,1,106,normal_corr_dominates,1.92595936e+01,1.00000000e+00,2.49999749e+07,-2.51464219e+01,-1.24121058e+00,-2.39052113e+01,1.00026923e-09
41,1.03006898e+00,3.26409163e-08,96,35,2,107,normal_corr_dominates,3.88810655e+01,1.00000000e+00,2.49999505e+07,-4.95008004e+01,-1.24121058e+00,-4.82595898e+01,1.00004472e-09
41,1.03006898e+00,3.26409163e-08,96,35,2,107,corr_ratio_high,4.22664377e+00,5.00000000e-01,2.49999505e+07,-4.95008004e+01,-1.24121058e+00,-4.82595898e+01,1.00004472e-09
41,1.03006898e+00,3.26409163e-08,96,36,1,109,corr_ratio_high,7.25026795e-01,5.00000000e-01,2.49999745e+07,-2.55381410e+01,-2.12918800e+01,-4.24626097e+00,1.00008317e-09
41,1.03006898e+00,3.26409163e-08,96,37,0,111,normal_corr_dominates,1.89548402e+00,1.00000000e+00,2.50000039e+07,3.93896772e+00,-4.39870239e+00,8.33767010e+00,1.00013669e-09
41,1.03006898e+00,3.26409163e-08,96,37,2,113,normal_corr_dominates,2.70599810e+00,1.00000000e+00,2.50000075e+07,7.50417791e+00,-4.39870239e+00,1.19028803e+01,1.00009762e-09
42,1.05260482e+00,3.33550339e-08,96,0,0,0,corr_ratio_high,9.34301157e-01,5.00000000e-01,2.49999753e+07,-2.47199975e+01,-1.80361575e+01,-6.68383994e+00,1.00008248e-09
42,1.05260482e+00,3.33550339e-08,96,0,2,2,normal_corr_dominates,1.13248015e+00,1.00000000e+00,2.50000024e+07,2.38943287e+00,-1.80361575e+01,2.04255904e+01,1.00013834e-09
42,1.05260482e+00,3.33550339e-08,96,1,0,3,normal_corr_dominates,8.29258958e+00,1.00000000e+00,2.50000210e+07,2.09767032e+01,-2.87644094e+00,2.38531441e+01,1.00017435e-09
42,1.05260482e+00,3.33550339e-08,96,1,1,4,normal_corr_dominates,8.97542981e+00,1.00000000e+00,2.49999713e+07,-2.86937347e+01,-2.87644094e+00,-2.58172937e+01,1.00011099e-09
42,1.05260482e+00,3.33550339e-08,96,1,1,4,corr_ratio_high,8.75286816e-01,5.00000000e-01,2.49999713e+07,-2.86937347e+01,-2.87644094e+00,-2.58172937e+01,1.00011099e-09
42,1.05260482e+00,3.33550339e-08,96,1,2,5,normal_corr_dominates,6.58608077e+00,1.00000000e+00,2.49999782e+07,-2.18209133e+01,-2.87644094e+00,-1.89444723e+01,1.00016158e-09
42,1.05260482e+00,3.33550339e-08,96,2,0,6,normal_corr_dominates,1.14300668e+00,1.00000000e+00,2.50000012e+07,1.23812992e+00,-8.65784667e+00,9.89597659e+00,1.00012307e-09
42,1.05260482e+00,3.33550339e-08,96,2,0,6,corr_ratio_high,5.86860231e-01,5.00000000e-01,2.50000012e+07,1.23812992e+00,-8.65784667e+00,9.89597659e+00,1.00012307e-09
42,1.05260482e+00,3.33550339e-08,96,2,1,7,normal_corr_dominates,3.60174753e+00,1.00000000e+00,2.49999602e+07,-3.98412245e+01,-8.65784667e+00,-3.11833779e+01,1.00014604e-09
42,1.05260482e+00,3.33550339e-08,96,2,2,8,normal_corr_dominates,3.75716215e+00,1.00000000e+00,2.50000239e+07,2.38710871e+01,-8.65784667e+00,3.25289338e+01,1.00022346e-09
42,1.05260482e+00,3.33550339e-08,96,3,0,9,normal_corr_dominates,1.72416962e+01,1.00000000e+00,2.49999533e+07,-4.66636605e+01,-2.55807684e+00,-4.41055836e+01,1.00033794e-09
42,1.05260482e+00,3.33550339e-08,96,3,0,9,corr_ratio_high,5.86163515e-01,5.00000000e-01,2.49999533e+07,-4.66636605e+01,-2.55807684e+00,-4.41055836e+01,1.00033794e-09
42,1.05260482e+00,3.33550339e-08,96,3,1,10,normal_corr_dominates,8.47480354e+00,1.00000000e+00,2.49999758e+07,-2.42372755e+01,-2.55807684e+00,-2.16791986e+01,1.00008981e-09
42,1.05260482e+00,3.33550339e-08,96,3,1,10,corr_ratio_high,8.55511751e-01,5.00000000e-01,2.49999758e+07,-2.42372755e+01,-2.55807684e+00,-2.16791986e+01,1.00008981e-09
42,1.05260482e+00,3.33550339e-08,96,3,2,11,normal_corr_dominates,1.08024777e+01,1.00000000e+00,2.50000251e+07,2.50754910e+01,-2.55807684e+00,2.76335678e+01,1.00003774e-09
42,1.05260482e+00,3.33550339e-08,96,3,2,11,corr_ratio_high,1.78187114e+00,5.00000000e-01,2.50000251e+07,2.50754910e+01,-2.55807684e+00,2.76335678e+01,1.00003774e-09
42,1.05260482e+00,3.33550339e-08,96,4,0,12,normal_corr_dominates,1.54382756e+00,1.00000000e+00,2.49999948e+07,-5.19848960e+00,-2.04356996e+00,-3.15491963e+00,1.00015594e-09
42,1.05260482e+00,3.33550339e-08,96,4,1,13,normal_corr_dominates,2.76578738e+00,1.00000000e+00,2.50000036e+07,3.60851005e+00,-2.04356996e+00,5.65208001e+00,1.00013276e-09
42,1.05260482e+00,3.33550339e-08,96,4,2,14,normal_corr_dominates,6.75706140e+00,1.00000000e+00,2.50000118e+07,1.17649577e+01,-2.04356996e+00,1.38085277e+01,1.00010845e-09
42,1.05260482e+00,3.33550339e-08,96,5,0,15,normal_corr_dominates,2.12894557e+00,1.00000000e+00,2.50000173e+07,1.73442282e+01,-1.53632103e+01,3.27074385e+01,1.00009733e-09
42,1.05260482e+00,3.33550339e-08,96,5,1,16,normal_corr_dominates,1.41497679e+00,1.00000000e+00,2.49999629e+07,-3.71017962e+01,-1.53632103e+01,-2.17385859e+01,1.00015781e-09
42,1.05260482e+00,3.33550339e-08,96,5,2,17,normal_corr_dominates,1.70673651e+00,1.00000000e+00,2.49999584e+07,-4.15841621e+01,-1.53632103e+01,-2.62209518e+01,1.00016720e-09
42,1.05260482e+00,3.33550339e-08,96,6,1,19,normal_corr_dominates,2.03669374e+00,1.00000000e+00,2.50000105e+07,1.05332482e+01,-1.01604242e+01,2.06936724e+01,1.00010046e-09
42,1.05260482e+00,3.33550339e-08,96,6,2,20,normal_corr_dominates,3.86966776e+00,1.00000000e+00,2.49999505e+07,-4.94778901e+01,-1.01604242e+01,-3.93174659e+01,1.00020406e-09
42,1.05260482e+00,3.33550339e-08,96,7,0,21,normal_corr_dominates,6.76372934e+01,1.00000000e+00,2.49999801e+07,-1.98519152e+01,-2.89229283e-01,-1.95626859e+01,1.00012893e-09
42,1.05260482e+00,3.33550339e-08,96,7,1,22,normal_corr_dominates,4.15317422e+01,1.00000000e+00,2.49999877e+07,-1.23014253e+01,-2.89229283e-01,-1.20121960e+01,1.00017359e-09
42,1.05260482e+00,3.33550339e-08,96,7,2,23,normal_corr_dominates,1.08489333e+02,1.00000000e+00,2.50000311e+07,3.10890626e+01,-2.89229283e-01,3.13782919e+01,1.00016404e-09
42,1.05260482e+00,3.33550339e-08,96,8,0,24,normal_corr_dominates,4.38294993e+00,1.00000000e+00,2.49999780e+07,-2.20468069e+01,-4.09567378e+00,-1.79511331e+01,1.00012303e-09
42,1.05260482e+00,3.33550339e-08,96,8,1,25,normal_corr_dominates,4.59432804e+00,1.00000000e+00,2.50000147e+07,1.47211951e+01,-4.09567378e+00,1.88168689e+01,1.00009363e-09
42,1.05260482e+00,3.33550339e-08,96,8,1,25,corr_ratio_high,5.22246831e-01,5.00000000e-01,2.50000147e+07,1.47211951e+01,-4.09567378e+00,1.88168689e+01,1.00009363e-09
42,1.05260482e+00,3.33550339e-08,96,8,2,26,normal_corr_dominates,2.93300401e+00,1.00000000e+00,2.50000079e+07,7.91695386e+00,-4.09567378e+00,1.20126276e+01,1.00014014e-09
42,1.05260482e+00,3.33550339e-08,96,9,0,27,normal_corr_dominates,1.30698123e+00,1.00000000e+00,2.50000032e+07,3.17697010e+00,-1.03490694e+01,1.35260395e+01,1.00018141e-09
42,1.05260482e+00,3.33550339e-08,96,9,1,28,normal_corr_dominates,2.13716068e+00,1.00000000e+00,2.49999675e+07,-3.24666936e+01,-1.03490694e+01,-2.21176242e+01,1.00014070e-09
42,1.05260482e+00,3.33550339e-08,96,9,2,29,normal_corr_dominates,2.45550184e+00,1.00000000e+00,2.49999642e+07,-3.57612284e+01,-1.03490694e+01,-2.54121590e+01,1.00014296e-09
42,1.05260482e+00,3.33550339e-08,96,10,0,30,normal_corr_dominates,5.20411348e+00,1.00000000e+00,2.50000137e+07,1.37488595e+01,-3.27033500e+00,1.70191945e+01,1.00014114e-09
42,1.05260482e+00,3.33550339e-08,96,10,1,31,normal_corr_dominates,1.05730682e+01,1.00000000e+00,2.50000313e+07,3.13071401e+01,-3.27033500e+00,3.45774751e+01,1.00024078e-09
42,1.05260482e+00,3.33550339e-08,96,10,2,32,normal_corr_dominates,9.37122149e+00,1.00000000e+00,2.49999661e+07,-3.39173687e+01,-3.27033500e+00,-3.06470337e+01,1.00014045e-09
42,1.05260482e+00,3.33550339e-08,96,11,0,33,normal_corr_dominates,2.93127376e+00,1.00000000e+00,2.49999944e+07,-5.57869318e+00,-1.41905487e+00,-4.15963830e+00,1.00020084e-09
42,1.05260482e+00,3.33550339e-08,96,11,1,34,normal_corr_dominates,6.62073107e+00,1.00000000e+00,2.50000080e+07,7.97612580e+00,-1.41905487e+00,9.39518067e+00,1.00017865e-09
42,1.05260482e+00,3.33550339e-08,96,11,2,35,normal_corr_dominates,1.21835944e+01,1.00000000e+00,2.49999813e+07,-1.87082439e+01,-1.41905487e+00,-1.72891890e+01,1.00009872e-09
42,1.05260482e+00,3.33550339e-08,96,11,2,35,corr_ratio_high,1.01772160e+00,5.00000000e-01,2.49999813e+07,-1.87082439e+01,-1.41905487e+00,-1.72891890e+01,1.00009872e-09
42,1.05260482e+00,3.33550339e-08,96,12,1,37,normal_corr_dominates,1.15782741e+00,1.00000000e+00,2.50000027e+07,2.69167701e+00,-1.70545600e+01,1.97462370e+01,1.00012070e-09
42,1.05260482e+00,3.33550339e-08,96,13,0,39,normal_corr_dominates,1.76512359e+00,1.00000000e+00,2.50000068e+07,6.78692417e+00,-8.87036329e+00,1.56572875e+01,1.00009788e-09
42,1.05260482e+00,3.33550339e-08,96,14,0,42,normal_corr_dominates,3.04346220e+00,1.00000000e+00,2.49999933e+07,-6.72368254e+00,-1.66285282e+00,-5.06082972e+00,1.00014472e-09
42,1.05260482e+00,3.33550339e-08,96,14,1,43,normal_corr_dominates,3.09701926e+00,1.00000000e+00,2.49999932e+07,-6.81274005e+00,-1.66285282e+00,-5.14988723e+00,1.00012250e-09
42,1.05260482e+00,3.33550339e-08,96,14,2,44,normal_corr_dominates,1.77622628e+01,1.00000000e+00,2.50000279e+07,2.78731760e+01,-1.66285282e+00,2.95360288e+01,1.00020150e-09
42,1.05260482e+00,3.33550339e-08,96,15,0,45,normal_corr_dominates,1.38534349e+00,1.00000000e+00,2.49999814e+07,-1.85657409e+01,-7.78325677e+00,-1.07824841e+01,1.00011847e-09
42,1.05260482e+00,3.33550339e-08,96,15,1,46,normal_corr_dominates,2.76929371e+00,1.00000000e+00,2.50000138e+07,1.37708672e+01,-7.78325677e+00,2.15541240e+01,1.00012249e-09
42,1.05260482e+00,3.33550339e-08,96,15,2,47,normal_corr_dominates,3.89167849e+00,1.00000000e+00,2.49999619e+07,-3.80731897e+01,-7.78325677e+00,-3.02899330e+01,1.00017697e-09
42,1.05260482e+00,3.33550339e-08,96,16,2,50,normal_corr_dominates,1.01132285e+00,1.00000000e+00,2.50000002e+07,1.52364473e-01,-1.34563689e+01,1.36087334e+01,1.00012659e-09
42,1.05260482e+00,3.33550339e-08,96,17,0,51,corr_ratio_high,5.13270086e-01,5.00000000e-01,2.49999957e+07,-4.26531111e+00,-1.27267225e+01,8.46141134e+00,1.00029788e-09
42,1.05260482e+00,3.33550339e-08,96,17,1,52,normal_corr_dominates,1.22317999e+00,1.00000000e+00,2.50000028e+07,2.84034973e+00,-1.27267225e+01,1.55670722e+01,1.00018574e-09
42,1.05260482e+00,3.33550339e-08,96,17,2,53,corr_ratio_high,2.57013684e+00,5.00000000e-01,2.49999999e+07,-7.96500976e-02,-1.27267225e+01,1.26470724e+01,1.00002950e-09
42,1.05260482e+00,3.33550339e-08,96,18,2,56,normal_corr_dominates,1.00404525e+00,1.00000000e+00,2.50000001e+07,9.34584996e-02,-2.31032582e+01,2.31967167e+01,1.00014944e-09
42,1.05260482e+00,3.33550339e-08,96,19,0,57,normal_corr_dominates,1.48189590e+01,1.00000000e+00,2.49999302e+07,-6.97987517e+01,-4.41234797e+00,-6.53864037e+01,1.00011178e-09
42,1.05260482e+00,3.33550339e-08,96,19,0,57,corr_ratio_high,1.16049881e+00,5.00000000e-01,2.49999302e+07,-6.97987517e+01,-4.41234797e+00,-6.53864037e+01,1.00011178e-09
42,1.05260482e+00,3.33550339e-08,96,19,2,59,normal_corr_dominates,2.33381557e+00,1.00000000e+00,2.50000059e+07,5.88525844e+00,-4.41234797e+00,1.02976064e+01,1.00012819e-09
42,1.05260482e+00,3.33550339e-08,96,20,1,61,normal_corr_dominates,1.04327123e+00,1.00000000e+00,2.50000005e+07,4.81022845e-01,-1.11164596e+01,1.15974825e+01,1.00017061e-09
42,1.05260482e+00,3.33550339e-08,96,20,2,62,normal_corr_dominates,2.47313122e+00,1.00000000e+00,2.49999614e+07,-3.86089230e+01,-1.11164596e+01,-2.74924633e+01,1.00013454e-09
42,1.05260482e+00,3.33550339e-08,96,21,0,63,normal_corr_dominates,1.58877853e+00,1.00000000e+00,2.49999781e+07,-2.19338244e+01,-8.47265384e+00,-1.34611705e+01,1.00012676e-09
42,1.05260482e+00,3.33550339e-08,96,21,1,64,normal_corr_dominates,2.28628860e+00,1.00000000e+00,2.50000109e+07,1.08982780e+01,-8.47265384e+00,1.93709319e+01,1.00013149e-09
42,1.05260482e+00,3.33550339e-08,96,21,2,65,normal_corr_dominates,1.43647373e+00,1.00000000e+00,2.50000037e+07,3.69809086e+00,-8.47265384e+00,1.21707447e+01,1.00014905e-09
42,1.05260482e+00,3.33550339e-08,96,22,0,66,normal_corr_dominates,2.72474584e+00,1.00000000e+00,2.50000154e+07,1.53899298e+01,-8.92301314e+00,2.43129429e+01,1.00018749e-09
42,1.05260482e+00,3.33550339e-08,96,22,1,67,normal_corr_dominates,1.28751377e+00,1.00000000e+00,2.49999796e+07,-2.04115154e+01,-8.92301314e+00,-1.14885023e+01,1.00016251e-09
42,1.05260482e+00,3.33550339e-08,96,22,2,68,corr_ratio_high,1.57061710e+00,5.00000000e-01,2.49999946e+07,-5.40137193e+00,-8.92301314e+00,3.52164121e+00,1.00006824e-09
42,1.05260482e+00,3.33550339e-08,96,23,0,69,normal_corr_dominates,8.00526619e+00,1.00000000e+00,2.49999929e+07,-7.11169439e+00,-7.89726171e-01,-6.32196821e+00,1.00017038e-09
42,1.05260482e+00,3.33550339e-08,96,23,1,70,normal_corr_dominates,5.57604926e+00,1.00000000e+00,2.49999948e+07,-5.19327820e+00,-7.89726171e-01,-4.40355203e+00,1.00013719e-09
42,1.05260482e+00,3.33550339e-08,96,23,2,71,normal_corr_dominates,3.11793658e+01,1.00000000e+00,2.50000238e+07,2.38334350e+01,-7.89726171e-01,2.46231611e+01,1.00017620e-09
42,1.05260482e+00,3.33550339e-08,96,24,1,73,corr_ratio_high,5.81400836e-01,5.00000000e-01,2.49999943e+07,-5.66879759e+00,-1.48407867e+01,9.17198911e+00,1.00009906e-09
42,1.05260482e+00,3.33550339e-08,96,24,2,74,normal_corr_dominates,1.07961406e+00,1.00000000e+00,2.49999691e+07,-3.08631087e+01,-1.48407867e+01,-1.60223220e+01,1.00014887e-09
42,1.05260482e+00,3.33550339e-08,96,26,0,78,normal_corr_dominates,5.27907931e+00,1.00000000e+00,2.50000213e+07,2.13337674e+01,-4.98559755e+00,2.63193649e+01,1.00025960e-09
42,1.05260482e+00,3.33550339e-08,96,26,1,79,normal_corr_dominates,1.84250492e+00,1.00000000e+00,2.49999858e+07,-1.41715856e+01,-4.98559755e+00,-9.18598803e+00,1.00014234e-09
42,1.05260482e+00,3.33550339e-08,96,26,2,80,normal_corr_dominates,4.30357044e+00,1.00000000e+00,2.49999736e+07,-2.64414678e+01,-4.98559755e+00,-2.14558703e+01,1.00008208e-09
42,1.05260482e+00,3.33550339e-08,96,26,2,80,corr_ratio_high,1.22091219e+00,5.00000000e-01,2.49999736e+07,-2.64414678e+01,-4.98559755e+00,-2.14558703e+01,1.00008208e-09
42,1.05260482e+00,3.33550339e-08,96,27,0,81,normal_corr_dominates,4.33077271e+00,1.00000000e+00,2.49999762e+07,-2.38145629e+01,-4.46737540e+00,-1.93471875e+01,1.00012730e-09
42,1.05260482e+00,3.33550339e-08,96,27,1,82,normal_corr_dominates,2.72630921e+00,1.00000000e+00,2.50000077e+07,7.71207129e+00,-4.46737540e+00,1.21794467e+01,1.00012317e-09
42,1.05260482e+00,3.33550339e-08,96,29,0,87,normal_corr_dominates,1.02998339e+01,1.00000000e+00,2.49999352e+07,-6.48438963e+01,-5.73848227e+00,-5.91054140e+01,1.00011688e-09
42,1.05260482e+00,3.33550339e-08,96,29,0,87,corr_ratio_high,8.84481914e-01,5.00000000e-01,2.49999352e+07,-6.48438963e+01,-5.73848227e+00,-5.91054140e+01,1.00011688e-09
42,1.05260482e+00,3.33550339e-08,96,29,1,88,normal_corr_dominates,5.65910287e+00,1.00000000e+00,2.49999618e+07,-3.82131438e+01,-5.73848227e+00,-3.24746615e+01,1.00014960e-09
42,1.05260482e+00,3.33550339e-08,96,29,2,89,normal_corr_dominates,3.24404749e+00,1.00000000e+00,2.50000129e+07,1.28774267e+01,-5.73848227e+00,1.86159090e+01,1.00013342e-09
42,1.05260482e+00,3.33550339e-08,96,30,2,92,normal_corr_dominates,1.39831280e+00,1.00000000e+00,2.49999619e+07,-3.81328608e+01,-1.58998696e+01,-2.22329912e+01,1.00015850e-09
42,1.05260482e+00,3.33550339e-08,96,31,0,93,normal_corr_dominates,1.50725105e+00,1.00000000e+00,2.49999827e+07,-1.72874504e+01,-6.89498181e+00,-1.03924686e+01,1.00013097e-09
42,1.05260482e+00,3.33550339e-08,96,31,1,94,normal_corr_dominates,1.36194827e+00,1.00000000e+00,2.50000025e+07,2.49562674e+00,-6.89498181e+00,9.39060856e+00,1.00016019e-09
42,1.05260482e+00,3.33550339e-08,96,31,2,95,normal_corr_dominates,1.96468580e+00,1.00000000e+00,2.50000067e+07,6.65149101e+00,-6.89498181e+00,1.35464728e+01,1.00012055e-09
42,1.05260482e+00,3.33550339e-08,96,32,1,97,normal_corr_dominates,2.34064395e+00,1.00000000e+00,2.49999783e+07,-2.17491488e+01,-6.51046600e+00,-1.52386828e+01,1.00011399e-09
42,1.05260482e+00,3.33550339e-08,96,33,0,99,normal_corr_dominates,5.39882858e+00,1.00000000e+00,2.49999673e+07,-3.26513464e+01,-5.10270685e+00,-2.75486396e+01,1.00013122e-09
42,1.05260482e+00,3.33550339e-08,96,33,1,100,normal_corr_dominates,1.32106639e+00,1.00000000e+00,2.49999882e+07,-1.18437214e+01,-5.10270685e+00,-6.74101451e+00,1.00013396e-09
42,1.05260482e+00,3.33550339e-08,96,33,2,101,normal_corr_dominates,3.22194616e+00,1.00000000e+00,2.50000113e+07,1.13379399e+01,-5.10270685e+00,1.64406467e+01,1.00013290e-09
42,1.05260482e+00,3.33550339e-08,96,34,0,102,normal_corr_dominates,2.22634739e+00,1.00000000e+00,2.49999616e+07,-3.84193479e+01,-1.19080010e+01,-2.65113469e+01,1.00011056e-09
42,1.05260482e+00,3.33550339e-08,96,34,1,103,normal_corr_dominates,2.04974990e+00,1.00000000e+00,2.50000125e+07,1.25004228e+01,-1.19080010e+01,2.44084238e+01,1.00010373e-09
42,1.05260482e+00,3.33550339e-08,96,35,0,105,normal_corr_dominates,3.74693643e+01,1.00000000e+00,2.50000462e+07,4.62203031e+01,-1.26737342e+00,4.74876765e+01,1.00019791e-09
42,1.05260482e+00,3.33550339e-08,96,35,1,106,normal_corr_dominates,1.92444860e+01,1.00000000e+00,2.49999743e+07,-2.56573235e+01,-1.26737342e+00,-2.43899501e+01,1.00027470e-09
42,1.05260482e+00,3.33550339e-08,96,35,2,107,normal_corr_dominates,3.88501634e+01,1.00000000e+00,2.49999495e+07,-5.05050379e+01,-1.26737342e+00,-4.92376645e+01,1.00004564e-09
42,1.05260482e+00,3.33550339e-08,96,35,2,107,corr_ratio_high,4.22577513e+00,5.00000000e-01,2.49999495e+07,-5.05050379e+01,-1.26737342e+00,-4.92376645e+01,1.00004564e-09
42,1.05260482e+00,3.33550339e-08,96,36,1,109,corr_ratio_high,7.25000100e-01,5.00000000e-01,2.49999739e+07,-2.60592071e+01,-2.17259306e+01,-4.33327648e+00,1.00008486e-09
42,1.05260482e+00,3.33550339e-08,96,37,0,111,normal_corr_dominates,1.89562991e+00,1.00000000e+00,2.50000040e+07,4.02056036e+00,-4.48908673e+00,8.50964709e+00,1.00013946e-09
42,1.05260482e+00,3.33550339e-08,96,37,2,113,normal_corr_dominates,2.70543800e+00,1.00000000e+00,2.50000077e+07,7.65585910e+00,-4.48908673e+00,1.21449458e+01,1.00009961e-09
43,1.07556316e+00,3.40825400e-08,96,0,0,0,corr_ratio_high,9.34232823e-01,5.00000000e-01,2.49999748e+07,-2.52223238e+01,-1.84027865e+01,-6.81953729e+00,1.00008416e-09
43,1.07556316e+00,3.40825400e-08,96,0,2,2,normal_corr_dominates,1.13230256e+00,1.00000000e+00,2.50000024e+07,2.43473569e+00,-1.84027865e+01,2.08375222e+01,1.00014115e-09
43,1.07556316e+00,3.40825400e-08,96,1,0,3,normal_corr_dominates,8.29170953e+00,1.00000000e+00,2.50000214e+07,2.13997611e+01,-2.93480712e+00,2.43345682e+01,1.00017788e-09
43,1.07556316e+00,3.40825400e-08,96,1,1,4,normal_corr_dominates,8.97633681e+00,1.00000000e+00,2.49999707e+07,-2.92786243e+01,-2.93480712e+00,-2.63438172e+01,1.00011324e-09
43,1.07556316e+00,3.40825400e-08,96,1,1,4,corr_ratio_high,8.75327892e-01,5.00000000e-01,2.49999707e+07,-2.92786243e+01,-2.93480712e+00,-2.63438172e+01,1.00011324e-09
43,1.07556316e+00,3.40825400e-08,96,1,2,5,normal_corr_dominates,6.58489002e+00,1.00000000e+00,2.49999777e+07,-2.22601893e+01,-2.93480712e+00,-1.93253821e+01,1.00016486e-09
43,1.07556316e+00,3.40825400e-08,96,2,0,6,normal_corr_dominates,1.14245599e+00,1.00000000e+00,2.50000013e+07,1.25840486e+00,-8.83363971e+00,1.00920446e+01,1.00012556e-09
43,1.07556316e+00,3.40825400e-08,96,2,0,6,corr_ratio_high,5.86903767e-01,5.00000000e-01,2.50000013e+07,1.25840486e+00,-8.83363971e+00,1.00920446e+01,1.00012556e-09
43,1.07556316e+00,3.40825400e-08,96,2,1,7,normal_corr_dominates,3.60131201e+00,1.00000000e+00,2.49999594e+07,-4.06463325e+01,-8.83363971e+00,-3.18126928e+01,1.00014900e-09
43,1.07556316e+00,3.40825400e-08,96,2,2,8,normal_corr_dominates,3.75711789e+00,1.00000000e+00,2.50000244e+07,2.43553861e+01,-8.83363971e+00,3.31890258e+01,1.00022798e-09
43,1.07556316e+00,3.40825400e-08,96,3,0,9,normal_corr_dominates,1.72329177e+01,1.00000000e+00,2.49999524e+07,-4.76078149e+01,-2.61109141e+00,-4.49967235e+01,1.00034477e-09
43,1.07556316e+00,3.40825400e-08,96,3,0,9,corr_ratio_high,5.86157546e-01,5.00000000e-01,2.49999524e+07,-4.76078149e+01,-2.61109141e+00,-4.49967235e+01,1.00034477e-09
43,1.07556316e+00,3.40825400e-08,96,3,1,10,normal_corr_dominates,8.46994322e+00,1.00000000e+00,2.49999753e+07,-2.47268874e+01,-2.61109141e+00,-2.21157960e+01,1.00009163e-09
43,1.07556316e+00,3.40825400e-08,96,3,1,10,corr_ratio_high,8.55495975e-01,5.00000000e-01,2.49999753e+07,-2.47268874e+01,-2.61109141e+00,-2.21157960e+01,1.00009163e-09
43,1.07556316e+00,3.40825400e-08,96,3,2,11,normal_corr_dominates,1.07964564e+01,1.00000000e+00,2.50000256e+07,2.55794431e+01,-2.61109141e+00,2.81905345e+01,1.00003852e-09
43,1.07556316e+00,3.40825400e-08,96,3,2,11,corr_ratio_high,1.78157468e+00,5.00000000e-01,2.50000256e+07,2.55794431e+01,-2.61109141e+00,2.81905345e+01,1.00003852e-09
43,1.07556316e+00,3.40825400e-08,96,4,0,12,normal_corr_dominates,1.54254600e+00,1.00000000e+00,2.49999947e+07,-5.30351222e+00,-2.08590611e+00,-3.21760611e+00,1.00015910e-09
43,1.07556316e+00,3.40825400e-08,96,4,1,13,normal_corr_dominates,2.76401073e+00,1.00000000e+00,2.50000037e+07,3.67956076e+00,-2.08590611e+00,5.76546686e+00,1.00013544e-09
43,1.07556316e+00,3.40825400e-08,96,4,2,14,normal_corr_dominates,6.75419540e+00,1.00000000e+00,2.50000120e+07,1.20027113e+01,-2.08590611e+00,1.40886174e+01,1.00011065e-09
43,1.07556316e+00,3.40825400e-08,96,5,0,15,normal_corr_dominates,2.12861409e+00,1.00000000e+00,2.50000177e+07,1.76917903e+01,-1.56756774e+01,3.33674677e+01,1.00009930e-09
43,1.07556316e+00,3.40825400e-08,96,5,1,16,normal_corr_dominates,1.41473967e+00,1.00000000e+00,2.49999621e+07,-3.78526800e+01,-1.56756774e+01,-2.21770026e+01,1.00016101e-09
43,1.07556316e+00,3.40825400e-08,96,5,2,17,normal_corr_dominates,1.70663579e+00,1.00000000e+00,2.49999576e+07,-4.24283494e+01,-1.56756774e+01,-2.67526720e+01,1.00017058e-09
43,1.07556316e+00,3.40825400e-08,96,6,1,19,normal_corr_dominates,2.03616139e+00,1.00000000e+00,2.50000107e+07,1.07423050e+01,-1.03674052e+01,2.11097102e+01,1.00010251e-09
43,1.07556316e+00,3.40825400e-08,96,6,2,20,normal_corr_dominates,3.86917059e+00,1.00000000e+00,2.49999495e+07,-5.04806646e+01,-1.03674052e+01,-4.01132594e+01,1.00020819e-09
43,1.07556316e+00,3.40825400e-08,96,7,0,21,normal_corr_dominates,6.75544541e+01,1.00000000e+00,2.49999797e+07,-2.02580377e+01,-2.95502867e-01,-1.99625348e+01,1.00013154e-09
43,1.07556316e+00,3.40825400e-08,96,7,1,22,normal_corr_dominates,4.14595543e+01,1.00000000e+00,2.49999875e+07,-1.25469200e+01,-2.95502867e-01,-1.22514171e+01,1.00017710e-09
43,1.07556316e+00,3.40825400e-08,96,7,2,23,normal_corr_dominates,1.08334815e+02,1.00000000e+00,2.50000317e+07,3.17177454e+01,-2.95502867e-01,3.20132483e+01,1.00016737e-09
43,1.07556316e+00,3.40825400e-08,96,8,0,24,normal_corr_dominates,4.38115541e+00,1.00000000e+00,2.49999775e+07,-2.24922771e+01,-4.17982299e+00,-1.83124541e+01,1.00012552e-09
43,1.07556316e+00,3.40825400e-08,96,8,1,25,normal_corr_dominates,4.59240528e+00,1.00000000e+00,2.50000150e+07,1.50156182e+01,-4.17982299e+00,1.91954412e+01,1.00009553e-09
43,1.07556316e+00,3.40825400e-08,96,8,1,25,corr_ratio_high,5.22185849e-01,5.00000000e-01,2.50000150e+07,1.50156182e+01,-4.17982299e+00,1.91954412e+01,1.00009553e-09
43,1.07556316e+00,3.40825400e-08,96,8,2,26,normal_corr_dominates,2.93170407e+00,1.00000000e+00,2.50000081e+07,8.07418107e+00,-4.17982299e+00,1.22540041e+01,1.00014298e-09
43,1.07556316e+00,3.40825400e-08,96,9,0,27,normal_corr_dominates,1.30679601e+00,1.00000000e+00,2.50000032e+07,3.23978312e+00,-1.05600562e+01,1.37998393e+01,1.00018509e-09
43,1.07556316e+00,3.40825400e-08,96,9,1,28,normal_corr_dominates,2.13677369e+00,1.00000000e+00,2.49999669e+07,-3.31245064e+01,-1.05600562e+01,-2.25644502e+01,1.00014355e-09
43,1.07556316e+00,3.40825400e-08,96,9,2,29,normal_corr_dominates,2.45519558e+00,1.00000000e+00,2.49999635e+07,-3.64870595e+01,-1.05600562e+01,-2.59270033e+01,1.00014585e-09
43,1.07556316e+00,3.40825400e-08,96,10,0,30,normal_corr_dominates,5.20244097e+00,1.00000000e+00,2.50000140e+07,1.40241385e+01,-3.33714111e+00,1.73612797e+01,1.00014399e-09
43,1.07556316e+00,3.40825400e-08,96,10,1,31,normal_corr_dominates,1.05714046e+01,1.00000000e+00,2.50000319e+07,3.19411276e+01,-3.33714111e+00,3.52782687e+01,1.00024565e-09
43,1.07556316e+00,3.40825400e-08,96,10,2,32,normal_corr_dominates,9.36887200e+00,1.00000000e+00,2.49999654e+07,-3.46023890e+01,-3.33714111e+00,-3.12652479e+01,1.00014330e-09
43,1.07556316e+00,3.40825400e-08,96,11,0,33,normal_corr_dominates,2.93216610e+00,1.00000000e+00,2.49999943e+07,-5.69160173e+00,-1.44744692e+00,-4.24415480e+00,1.00020490e-09
43,1.07556316e+00,3.40825400e-08,96,11,1,34,normal_corr_dominates,6.62147874e+00,1.00000000e+00,2.50000081e+07,8.13679212e+00,-1.44744692e+00,9.58423904e+00,1.00018226e-09
43,1.07556316e+00,3.40825400e-08,96,11,2,35,normal_corr_dominates,1.21879739e+01,1.00000000e+00,2.49999809e+07,-1.90888923e+01,-1.44744692e+00,-1.76414454e+01,1.00010072e-09
43,1.07556316e+00,3.40825400e-08,96,11,2,35,corr_ratio_high,1.01765532e+00,5.00000000e-01,2.49999809e+07,-1.90888923e+01,-1.44744692e+00,-1.76414454e+01,1.00010072e-09
43,1.07556316e+00,3.40825400e-08,96,12,1,37,normal_corr_dominates,1.15762439e+00,1.00000000e+00,2.50000027e+07,2.74288758e+00,-1.74014158e+01,2.01443034e+01,1.00012315e-09
43,1.07556316e+00,3.40825400e-08,96,13,0,39,normal_corr_dominates,1.76481556e+00,1.00000000e+00,2.50000069e+07,6.92254366e+00,-9.05125891e+00,1.59738026e+01,1.00009987e-09
43,1.07556316e+00,3.40825400e-08,96,14,0,42,normal_corr_dominates,3.04154687e+00,1.00000000e+00,2.49999931e+07,-6.86024564e+00,-1.69743068e+00,-5.16281496e+00,1.00014766e-09
43,1.07556316e+00,3.40825400e-08,96,14,1,43,normal_corr_dominates,3.09545635e+00,1.00000000e+00,2.49999930e+07,-6.95175324e+00,-1.69743068e+00,-5.25432257e+00,1.00012499e-09
43,1.07556316e+00,3.40825400e-08,96,14,2,44,normal_corr_dominates,1.77527536e+01,1.00000000e+00,2.50000284e+07,2.84366380e+01,-1.69743068e+00,3.01340686e+01,1.00020557e-09
43,1.07556316e+00,3.40825400e-08,96,15,0,45,normal_corr_dominates,1.38490904e+00,1.00000000e+00,2.49999811e+07,-1.89413300e+01,-7.94216035e+00,-1.09991696e+01,1.00012087e-09
43,1.07556316e+00,3.40825400e-08,96,15,1,46,normal_corr_dominates,2.76867096e+00,1.00000000e+00,2.50000140e+07,1.40470684e+01,-7.94216035e+00,2.19892287e+01,1.00012497e-09
43,1.07556316e+00,3.40825400e-08,96,15,2,47,normal_corr_dominates,3.89104016e+00,1.00000000e+00,2.49999612e+07,-3.88454252e+01,-7.94216035e+00,-3.09032649e+01,1.00018056e-09
43,1.07556316e+00,3.40825400e-08,96,16,2,50,normal_corr_dominates,1.01103395e+00,1.00000000e+00,2.50000002e+07,1.51497683e-01,-1.37301416e+01,1.38816393e+01,1.00012915e-09
43,1.07556316e+00,3.40825400e-08,96,17,0,51,corr_ratio_high,5.13252983e-01,5.00000000e-01,2.49999956e+07,-4.35143658e+00,-1.29862707e+01,8.63483408e+00,1.00030390e-09
43,1.07556316e+00,3.40825400e-08,96,17,1,52,normal_corr_dominates,1.22277805e+00,1.00000000e+00,2.50000029e+07,2.89305609e+00,-1.29862707e+01,1.58793268e+01,1.00018950e-09
43,1.07556316e+00,3.40825400e-08,96,17,2,53,corr_ratio_high,2.56985488e+00,5.00000000e-01,2.49999999e+07,-8.37108954e-02,-1.29862707e+01,1.29025598e+01,1.00003010e-09
43,1.07556316e+00,3.40825400e-08,96,18,2,56,normal_corr_dominates,1.00390729e+00,1.00000000e+00,2.50000001e+07,9.21045320e-02,-2.35725141e+01,2.36646187e+01,1.00015247e-09
43,1.07556316e+00,3.40825400e-08,96,19,0,57,normal_corr_dominates,1.48161033e+01,1.00000000e+00,2.49999288e+07,-7.12123873e+01,-4.50252418e+00,-6.67098631e+01,1.00011405e-09
43,1.07556316e+00,3.40825400e-08,96,19,0,57,corr_ratio_high,1.16038525e+00,5.00000000e-01,2.49999288e+07,-7.12123873e+01,-4.50252418e+00,-6.67098631e+01,1.00011405e-09
43,1.07556316e+00,3.40825400e-08,96,19,2,59,normal_corr_dominates,2.33359853e+00,1.00000000e+00,2.50000060e+07,6.00455961e+00,-4.50252418e+00,1.05070838e+01,1.00013079e-09
43,1.07556316e+00,3.40825400e-08,96,20,1,61,normal_corr_dominates,1.04311141e+00,1.00000000e+00,2.50000005e+07,4.89016667e-01,-1.13430915e+01,1.18321081e+01,1.00017406e-09
43,1.07556316e+00,3.40825400e-08,96,20,2,62,normal_corr_dominates,2.47273247e+00,1.00000000e+00,2.49999606e+07,-3.93915220e+01,-1.13430915e+01,-2.80484306e+01,1.00013727e-09
43,1.07556316e+00,3.40825400e-08,96,21,0,63,normal_corr_dominates,1.58836743e+00,1.00000000e+00,2.49999776e+07,-2.23779766e+01,-8.64559501e+00,-1.37323816e+01,1.00012933e-09
43,1.07556316e+00,3.40825400e-08,96,21,1,64,normal_corr_dominates,2.28575480e+00,1.00000000e+00,2.50000111e+07,1.11161153e+01,-8.64559501e+00,1.97617103e+01,1.00013416e-09
43,1.07556316e+00,3.40825400e-08,96,21,2,65,normal_corr_dominates,1.43606879e+00,1.00000000e+00,2.50000038e+07,3.77007417e+00,-8.64559501e+00,1.24156692e+01,1.00015207e-09
43,1.07556316e+00,3.40825400e-08,96,22,0,66,normal_corr_dominates,2.72396125e+00,1.00000000e+00,2.50000157e+07,1.56973241e+01,-9.10538107e+00,2.48027052e+01,1.00019129e-09
43,1.07556316e+00,3.40825400e-08,96,22,1,67,normal_corr_dominates,1.28724741e+00,1.00000000e+00,2.49999792e+07,-2.08262593e+01,-9.10538107e+00,-1.17208782e+01,1.00016580e-09
43,1.07556316e+00,3.40825400e-08,96,22,2,68,corr_ratio_high,1.57053419e+00,5.00000000e-01,2.49999945e+07,-5.51217099e+00,-9.10538107e+00,3.59321008e+00,1.00006962e-09
43,1.07556316e+00,3.40825400e-08,96,23,0,69,normal_corr_dominates,7.99462291e+00,1.00000000e+00,2.49999927e+07,-7.25506637e+00,-8.06600392e-01,-6.44846597e+00,1.00017383e-09
43,1.07556316e+00,3.40825400e-08,96,23,1,70,normal_corr_dominates,5.56929837e+00,1.00000000e+00,2.49999947e+07,-5.29879864e+00,-8.06600392e-01,-4.49219825e+00,1.00013997e-09
43,1.07556316e+00,3.40825400e-08,96,23,2,71,normal_corr_dominates,3.11453005e+01,1.00000000e+00,2.50000243e+07,2.43152112e+01,-8.06600392e-01,2.51218116e+01,1.00017977e-09
43,1.07556316e+00,3.40825400e-08,96,24,1,73,corr_ratio_high,5.81415129e-01,5.00000000e-01,2.49999942e+07,-5.78571484e+00,-1.51426984e+01,9.35698353e+00,1.00010107e-09
43,1.07556316e+00,3.40825400e-08,96,24,2,74,normal_corr_dominates,1.07952330e+00,1.00000000e+00,2.49999685e+07,-3.14895941e+01,-1.51426984e+01,-1.63468957e+01,1.00015188e-09
43,1.07556316e+00,3.40825400e-08,96,26,0,78,normal_corr_dominates,5.27810014e+00,1.00000000e+00,2.50000218e+07,2.17645724e+01,-5.08743873e+00,2.68520111e+01,1.00026485e-09
43,1.07556316e+00,3.40825400e-08,96,26,1,79,normal_corr_dominates,1.84196519e+00,1.00000000e+00,2.49999855e+07,-1.44583238e+01,-5.08743873e+00,-9.37088505e+00,1.00014523e-09
43,1.07556316e+00,3.40825400e-08,96,26,2,80,normal_corr_dominates,4.30255882e+00,1.00000000e+00,2.49999730e+07,-2.69764431e+01,-5.08743873e+00,-2.18890044e+01,1.00008375e-09
43,1.07556316e+00,3.40825400e-08,96,26,2,80,corr_ratio_high,1.22071904e+00,5.00000000e-01,2.49999730e+07,-2.69764431e+01,-5.08743873e+00,-2.18890044e+01,1.00008375e-09
43,1.07556316e+00,3.40825400e-08,96,27,0,81,normal_corr_dominates,4.32945768e+00,1.00000000e+00,2.49999757e+07,-2.42958982e+01,-4.55879371e+00,-1.97371045e+01,1.00012988e-09
43,1.07556316e+00,3.40825400e-08,96,27,1,82,normal_corr_dominates,2.72624437e+00,1.00000000e+00,2.50000079e+07,7.86959200e+00,-4.55879371e+00,1.24283857e+01,1.00012566e-09
43,1.07556316e+00,3.40825400e-08,96,29,0,87,normal_corr_dominates,1.02976562e+01,1.00000000e+00,2.49999338e+07,-6.61567058e+01,-5.85579030e+00,-6.03009155e+01,1.00011924e-09
43,1.07556316e+00,3.40825400e-08,96,29,0,87,corr_ratio_high,8.84490363e-01,5.00000000e-01,2.49999338e+07,-6.61567058e+01,-5.85579030e+00,-6.03009155e+01,1.00011924e-09
43,1.07556316e+00,3.40825400e-08,96,29,1,88,normal_corr_dominates,5.65784655e+00,1.00000000e+00,2.49999610e+07,-3.89869532e+01,-5.85579030e+00,-3.31311629e+01,1.00015263e-09
43,1.07556316e+00,3.40825400e-08,96,29,2,89,normal_corr_dominates,3.24344128e+00,1.00000000e+00,2.50000131e+07,1.31371217e+01,-5.85579030e+00,1.89929120e+01,1.00013612e-09
43,1.07556316e+00,3.40825400e-08,96,30,2,92,normal_corr_dominates,1.39815969e+00,1.00000000e+00,2.49999611e+07,-3.89053588e+01,-1.62230059e+01,-2.26823529e+01,1.00016171e-09
43,1.07556316e+00,3.40825400e-08,96,31,0,93,normal_corr_dominates,1.50683696e+00,1.00000000e+00,2.49999824e+07,-1.76377186e+01,-7.03584593e+00,-1.06018727e+01,1.00013363e-09
43,1.07556316e+00,3.40825400e-08,96,31,1,94,normal_corr_dominates,1.36148766e+00,1.00000000e+00,2.50000025e+07,2.54337151e+00,-7.03584593e+00,9.57921744e+00,1.00016343e-09
43,1.07556316e+00,3.40825400e-08,96,31,2,95,normal_corr_dominates,1.96434507e+00,1.00000000e+00,2.50000068e+07,6.78498332e+00,-7.03584593e+00,1.38208292e+01,1.00012300e-09
43,1.07556316e+00,3.40825400e-08,96,32,1,97,normal_corr_dominates,2.34013655e+00,1.00000000e+00,2.49999778e+07,-2.21890618e+01,-6.64316008e+00,-1.55459017e+01,1.00011631e-09
43,1.07556316e+00,3.40825400e-08,96,33,0,99,normal_corr_dominates,5.39761516e+00,1.00000000e+00,2.49999667e+07,-3.33126715e+01,-5.20704522e+00,-2.81056262e+01,1.00013388e-09
43,1.07556316e+00,3.40825400e-08,96,33,1,100,normal_corr_dominates,1.32058181e+00,1.00000000e+00,2.49999879e+07,-1.20833744e+01,-5.20704522e+00,-6.87632919e+00,1.00013667e-09
43,1.07556316e+00,3.40825400e-08,96,33,2,101,normal_corr_dominates,3.22132508e+00,1.00000000e+00,2.50000116e+07,1.15665401e+01,-5.20704522e+00,1.67735853e+01,1.00013559e-09
43,1.07556316e+00,3.40825400e-08,96,34,0,102,normal_corr_dominates,2.22612662e+00,1.00000000e+00,2.49999608e+07,-3.91991531e+01,-1.21505315e+01,-2.70486216e+01,1.00011280e-09
43,1.07556316e+00,3.40825400e-08,96,34,1,103,normal_corr_dominates,2.04946021e+00,1.00000000e+00,2.50000128e+07,1.27514993e+01,-1.21505315e+01,2.49020309e+01,1.00010583e-09
43,1.07556316e+00,3.40825400e-08,96,35,0,105,normal_corr_dominates,3.74405348e+01,1.00000000e+00,2.50000472e+07,4.71542882e+01,-1.29400648e+00,4.84482946e+01,1.00020191e-09
43,1.07556316e+00,3.40825400e-08,96,35,1,106,normal_corr_dominates,1.92292174e+01,1.00000000e+00,2.49999738e+07,-2.61767385e+01,-1.29400648e+00,-2.48827320e+01,1.00028026e-09
43,1.07556316e+00,3.40825400e-08,96,35,2,107,normal_corr_dominates,3.88190083e+01,1.00000000e+00,2.49999485e+07,-5.15260548e+01,-1.29400648e+00,-5.02320483e+01,1.00004657e-09
43,1.07556316e+00,3.40825400e-08,96,35,2,107,corr_ratio_high,4.22489912e+00,5.00000000e-01,2.49999485e+07,-5.15260548e+01,-1.29400648e+00,-5.02320483e+01,1.00004657e-09
43,1.07556316e+00,3.40825400e-08,96,36,1,109,corr_ratio_high,7.24973117e-01,5.00000000e-01,2.49999734e+07,-2.65890548e+01,-2.21672932e+01,-4.42176163e+00,1.00008659e-09
43,1.07556316e+00,3.40825400e-08,96,37,0,111,normal_corr_dominates,1.89577259e+00,1.00000000e+00,2.50000041e+07,4.10355233e+00,-4.58102021e+00,8.68457253e+00,1.00014228e-09
43,1.07556316e+00,3.40825400e-08,96,37,2,113,normal_corr_dominates,2.70486782e+00,1.00000000e+00,2.50000078e+07,7.81003393e+00,-4.58102021e+00,1.23910541e+01,1.00010163e-09
44,1.09963619e+00,3.48453681e-08,96,0,0,0,corr_ratio_high,9.34161812e-01,5.00000000e-01,2.49999743e+07,-2.57480367e+01,-1.87864947e+01,-6.96154194e+00,1.00008591e-09
44,1.09963619e+00,3.48453681e-08,96,0,2,2,normal_corr_dominates,1.13211808e+00,1.00000000e+00,2.50000025e+07,2.48203552e+00,-1.87864947e+01,2.12685303e+01,1.00014408e-09
44,1.09963619e+00,3.48453681e-08,96,1,0,3,normal_corr_dominates,8.29076534e+00,1.00000000e+00,2.50000218e+07,2.18423903e+01,-2.99589814e+00,2.48382885e+01,1.00018157e-09
44,1.09963619e+00,3.48453681e-08,96,1,1,4,normal_corr_dominates,8.97724013e+00,1.00000000e+00,2.49999701e+07,-2.98907952e+01,-2.99589814e+00,-2.68948970e+01,1.00011559e-09
44,1.09963619e+00,3.48453681e-08,96,1,1,4,corr_ratio_high,8.75369784e-01,5.00000000e-01,2.49999701e+07,-2.98907952e+01,-2.99589814e+00,-2.68948970e+01,1.00011559e-09
44,1.09963619e+00,3.48453681e-08,96,1,2,5,normal_corr_dominates,6.58363142e+00,1.00000000e+00,2.49999773e+07,-2.27197873e+01,-2.99589814e+00,-1.97238891e+01,1.00016829e-09
44,1.09963619e+00,3.48453681e-08,96,2,0,6,normal_corr_dominates,1.14188459e+00,1.00000000e+00,2.50000013e+07,1.27946121e+00,-9.01761916e+00,1.02970804e+01,1.00012816e-09
44,1.09963619e+00,3.48453681e-08,96,2,0,6,corr_ratio_high,5.86948569e-01,5.00000000e-01,2.50000013e+07,1.27946121e+00,-9.01761916e+00,1.02970804e+01,1.00012816e-09
44,1.09963619e+00,3.48453681e-08,96,2,1,7,normal_corr_dominates,3.60085883e+00,1.00000000e+00,2.49999585e+07,-4.14887927e+01,-9.01761916e+00,-3.24711735e+01,1.00015209e-09
44,1.09963619e+00,3.48453681e-08,96,2,2,8,normal_corr_dominates,3.75707050e+00,1.00000000e+00,2.50000249e+07,2.48622118e+01,-9.01761916e+00,3.38798309e+01,1.00023272e-09
44,1.09963619e+00,3.48453681e-08,96,3,0,9,normal_corr_dominates,1.72237698e+01,1.00000000e+00,2.49999514e+07,-4.85957624e+01,-2.66661415e+00,-4.59291483e+01,1.00035193e-09
44,1.09963619e+00,3.48453681e-08,96,3,0,9,corr_ratio_high,5.86151249e-01,5.00000000e-01,2.49999514e+07,-4.85957624e+01,-2.66661415e+00,-4.59291483e+01,1.00035193e-09
44,1.09963619e+00,3.48453681e-08,96,3,1,10,normal_corr_dominates,8.46489613e+00,1.00000000e+00,2.49999748e+07,-2.52392259e+01,-2.66661415e+00,-2.25726118e+01,1.00009353e-09
44,1.09963619e+00,3.48453681e-08,96,3,1,10,corr_ratio_high,8.55478941e-01,5.00000000e-01,2.49999748e+07,-2.52392259e+01,-2.66661415e+00,-2.25726118e+01,1.00009353e-09
44,1.09963619e+00,3.48453681e-08,96,3,2,11,normal_corr_dominates,1.07901860e+01,1.00000000e+00,2.50000261e+07,2.61066485e+01,-2.66661415e+00,2.87732627e+01,1.00003933e-09
44,1.09963619e+00,3.48453681e-08,96,3,2,11,corr_ratio_high,1.78126771e+00,5.00000000e-01,2.50000261e+07,2.61066485e+01,-2.66661415e+00,2.87732627e+01,1.00003933e-09
44,1.09963619e+00,3.48453681e-08,96,4,0,12,normal_corr_dominates,1.54121358e+00,1.00000000e+00,2.49999946e+07,-5.41341138e+00,-2.13024652e+00,-3.28316486e+00,1.00016240e-09
44,1.09963619e+00,3.48453681e-08,96,4,1,13,normal_corr_dominates,2.76216155e+00,1.00000000e+00,2.50000038e+07,3.75383850e+00,-2.13024652e+00,5.88408502e+00,1.00013825e-09
44,1.09963619e+00,3.48453681e-08,96,4,2,14,normal_corr_dominates,6.75120007e+00,1.00000000e+00,2.50000123e+07,1.22514739e+01,-2.13024652e+00,1.43817204e+01,1.00011296e-09
44,1.09963619e+00,3.48453681e-08,96,5,0,15,normal_corr_dominates,2.12826978e+00,1.00000000e+00,2.50000181e+07,1.80553702e+01,-1.60027065e+01,3.40580767e+01,1.00010137e-09
44,1.09963619e+00,3.48453681e-08,96,5,1,16,normal_corr_dominates,1.41449370e+00,1.00000000e+00,2.49999614e+07,-3.86384341e+01,-1.60027065e+01,-2.26357276e+01,1.00016436e-09
44,1.09963619e+00,3.48453681e-08,96,5,2,17,normal_corr_dominates,1.70653017e+00,1.00000000e+00,2.49999567e+07,-4.33118080e+01,-1.60027065e+01,-2.73091014e+01,1.00017412e-09
44,1.09963619e+00,3.48453681e-08,96,6,1,19,normal_corr_dominates,2.03560776e+00,1.00000000e+00,2.50000110e+07,1.09609214e+01,-1.05840472e+01,2.15449685e+01,1.00010464e-09
44,1.09963619e+00,3.48453681e-08,96,6,2,20,normal_corr_dominates,3.86865097e+00,1.00000000e+00,2.49999485e+07,-5.15300315e+01,-1.05840472e+01,-4.09459843e+01,1.00021252e-09
44,1.09963619e+00,3.48453681e-08,96,7,0,21,normal_corr_dominates,6.74665798e+01,1.00000000e+00,2.49999793e+07,-2.06831466e+01,-3.02091132e-01,-2.03810554e+01,1.00013426e-09
44,1.09963619e+00,3.48453681e-08,96,7,1,22,normal_corr_dominates,4.13836220e+01,1.00000000e+00,2.49999872e+07,-1.28037163e+01,-3.02091132e-01,-1.25016252e+01,1.00018079e-09
44,1.09963619e+00,3.48453681e-08,96,7,2,23,normal_corr_dominates,1.08171604e+02,1.00000000e+00,2.50000324e+07,3.23755911e+01,-3.02091132e-01,3.26776822e+01,1.00017085e-09
44,1.09963619e+00,3.48453681e-08,96,8,0,24,normal_corr_dominates,4.37929341e+00,1.00000000e+00,2.49999770e+07,-2.29584185e+01,-4.26792457e+00,-1.86904939e+01,1.00012813e-09
44,1.09963619e+00,3.48453681e-08,96,8,1,25,normal_corr_dominates,4.59040602e+00,1.00000000e+00,2.50000153e+07,1.53235821e+01,-4.26792457e+00,1.95915067e+01,1.00009753e-09
44,1.09963619e+00,3.48453681e-08,96,8,1,25,corr_ratio_high,5.22122515e-01,5.00000000e-01,2.50000153e+07,1.53235821e+01,-4.26792457e+00,1.95915067e+01,1.00009753e-09
44,1.09963619e+00,3.48453681e-08,96,8,2,26,normal_corr_dominates,2.93035521e+00,1.00000000e+00,2.50000082e+07,8.23861046e+00,-4.26792457e+00,1.25065350e+01,1.00014595e-09
44,1.09963619e+00,3.48453681e-08,96,9,0,27,normal_corr_dominates,1.30660470e+00,1.00000000e+00,2.50000033e+07,3.30547135e+00,-1.07808895e+01,1.40863608e+01,1.00018893e-09
44,1.09963619e+00,3.48453681e-08,96,9,1,28,normal_corr_dominates,2.13637266e+00,1.00000000e+00,2.49999662e+07,-3.38128870e+01,-1.07808895e+01,-2.30319975e+01,1.00014654e-09
44,1.09963619e+00,3.48453681e-08,96,9,2,29,normal_corr_dominates,2.45487775e+00,1.00000000e+00,2.49999628e+07,-3.72466552e+01,-1.07808895e+01,-2.64657657e+01,1.00014888e-09
44,1.09963619e+00,3.48453681e-08,96,10,0,30,normal_corr_dominates,5.20069561e+00,1.00000000e+00,2.50000143e+07,1.43120847e+01,-3.40707493e+00,1.77191596e+01,1.00014698e-09
44,1.09963619e+00,3.48453681e-08,96,10,1,31,normal_corr_dominates,1.05696687e+01,1.00000000e+00,2.50000326e+07,3.26045785e+01,-3.40707493e+00,3.60116534e+01,1.00025075e-09
44,1.09963619e+00,3.48453681e-08,96,10,2,32,normal_corr_dominates,9.36642031e+00,1.00000000e+00,2.49999647e+07,-3.53191708e+01,-3.40707493e+00,-3.19120958e+01,1.00014628e-09
44,1.09963619e+00,3.48453681e-08,96,11,0,33,normal_corr_dominates,2.93306270e+00,1.00000000e+00,2.49999942e+07,-5.80974929e+00,-1.47715654e+00,-4.33259275e+00,1.00020915e-09
44,1.09963619e+00,3.48453681e-08,96,11,1,34,normal_corr_dominates,6.62220612e+00,1.00000000e+00,2.50000083e+07,8.30487853e+00,-1.47715654e+00,9.78203507e+00,1.00018605e-09
44,1.09963619e+00,3.48453681e-08,96,11,2,35,normal_corr_dominates,1.21924278e+01,1.00000000e+00,2.49999805e+07,-1.94872810e+01,-1.47715654e+00,-1.80101244e+01,1.00010282e-09
44,1.09963619e+00,3.48453681e-08,96,11,2,35,corr_ratio_high,1.01758602e+00,5.00000000e-01,2.49999805e+07,-1.94872810e+01,-1.47715654e+00,-1.80101244e+01,1.00010282e-09
44,1.09963619e+00,3.48453681e-08,96,12,1,37,normal_corr_dominates,1.15741367e+00,1.00000000e+00,2.50000028e+07,2.79636478e+00,-1.77644347e+01,2.05607995e+01,1.00012571e-09
44,1.09963619e+00,3.48453681e-08,96,13,0,39,normal_corr_dominates,1.76449601e+00,1.00000000e+00,2.50000071e+07,7.06440198e+00,-9.24060025e+00,1.63050022e+01,1.00010195e-09
44,1.09963619e+00,3.48453681e-08,96,14,0,42,normal_corr_dominates,3.03954871e+00,1.00000000e+00,2.49999930e+07,-7.00316808e+00,-1.73365110e+00,-5.26951698e+00,1.00015072e-09
44,1.09963619e+00,3.48453681e-08,96,14,1,43,normal_corr_dominates,3.09382625e+00,1.00000000e+00,2.49999929e+07,-7.09726639e+00,-1.73365110e+00,-5.36361529e+00,1.00012758e-09
44,1.09963619e+00,3.48453681e-08,96,14,2,44,normal_corr_dominates,1.77428290e+01,1.00000000e+00,2.50000290e+07,2.90262239e+01,-1.73365110e+00,3.07598750e+01,1.00020984e-09
44,1.09963619e+00,3.48453681e-08,96,15,0,45,normal_corr_dominates,1.38445853e+00,1.00000000e+00,2.49999807e+07,-1.93343617e+01,-8.10849149e+00,-1.12258702e+01,1.00012338e-09
44,1.09963619e+00,3.48453681e-08,96,15,1,46,normal_corr_dominates,2.76802323e+00,1.00000000e+00,2.50000143e+07,1.43360013e+01,-8.10849149e+00,2.24444928e+01,1.00012757e-09
44,1.09963619e+00,3.48453681e-08,96,15,2,47,normal_corr_dominates,3.89037433e+00,1.00000000e+00,2.49999603e+07,-3.96535586e+01,-8.10849149e+00,-3.15450671e+01,1.00018431e-09
44,1.09963619e+00,3.48453681e-08,96,16,2,50,normal_corr_dominates,1.01073387e+00,1.00000000e+00,2.50000002e+07,1.50453192e-01,-1.40166779e+01,1.41671311e+01,1.00013184e-09
44,1.09963619e+00,3.48453681e-08,96,17,0,51,corr_ratio_high,5.13235145e-01,5.00000000e-01,2.49999956e+07,-4.44152808e+00,-1.32579261e+01,8.81639807e+00,1.00031020e-09
44,1.09963619e+00,3.48453681e-08,96,17,1,52,normal_corr_dominates,1.22236402e+00,1.00000000e+00,2.50000029e+07,2.94808571e+00,-1.32579261e+01,1.62060119e+01,1.00019345e-09
44,1.09963619e+00,3.48453681e-08,96,17,2,53,corr_ratio_high,2.56956257e+00,5.00000000e-01,2.49999999e+07,-8.80728153e-02,-1.32579261e+01,1.31698533e+01,1.00003074e-09
44,1.09963619e+00,3.48453681e-08,96,18,2,56,normal_corr_dominates,1.00376401e+00,1.00000000e+00,2.50000001e+07,9.05757192e-02,-2.40636167e+01,2.41541924e+01,1.00015564e-09
44,1.09963619e+00,3.48453681e-08,96,19,0,57,normal_corr_dominates,1.48131157e+01,1.00000000e+00,2.49999273e+07,-7.26917048e+01,-4.59692486e+00,-6.80947799e+01,1.00011643e-09
44,1.09963619e+00,3.48453681e-08,96,19,0,57,corr_ratio_high,1.16026736e+00,5.00000000e-01,2.49999273e+07,-7.26917048e+01,-4.59692486e+00,-6.80947799e+01,1.00011643e-09
44,1.09963619e+00,3.48453681e-08,96,19,2,59,normal_corr_dominates,2.33336778e+00,1.00000000e+00,2.50000061e+07,6.12939148e+00,-4.59692486e+00,1.07263163e+01,1.00013352e-09
44,1.09963619e+00,3.48453681e-08,96,20,1,61,normal_corr_dominates,1.04294631e+00,1.00000000e+00,2.50000005e+07,4.97331145e-01,-1.15802997e+01,1.20776309e+01,1.00017768e-09
44,1.09963619e+00,3.48453681e-08,96,20,2,62,normal_corr_dominates,2.47231921e+00,1.00000000e+00,2.49999598e+07,-4.02104972e+01,-1.15802997e+01,-2.86301975e+01,1.00014013e-09
44,1.09963619e+00,3.48453681e-08,96,21,0,63,normal_corr_dominates,1.58794097e+00,1.00000000e+00,2.49999772e+07,-2.28427651e+01,-8.82661751e+00,-1.40161476e+01,1.00013202e-09
44,1.09963619e+00,3.48453681e-08,96,21,1,64,normal_corr_dominates,2.28520018e+00,1.00000000e+00,2.50000113e+07,1.13439704e+01,-8.82661751e+00,2.01705879e+01,1.00013695e-09
44,1.09963619e+00,3.48453681e-08,96,21,2,65,normal_corr_dominates,1.43564884e+00,1.00000000e+00,2.50000038e+07,3.84530566e+00,-8.82661751e+00,1.26719232e+01,1.00015523e-09
44,1.09963619e+00,3.48453681e-08,96,22,0,66,normal_corr_dominates,2.72315277e+00,1.00000000e+00,2.50000160e+07,1.60188894e+01,-9.29626767e+00,2.53151570e+01,1.00019527e-09
44,1.09963619e+00,3.48453681e-08,96,22,1,67,normal_corr_dominates,1.28697239e+00,1.00000000e+00,2.49999787e+07,-2.12603075e+01,-9.29626767e+00,-1.19640398e+01,1.00016925e-09
44,1.09963619e+00,3.48453681e-08,96,22,2,68,corr_ratio_high,1.57044749e+00,5.00000000e-01,2.49999944e+07,-5.62819050e+00,-9.29626767e+00,3.66807717e+00,1.00007107e-09
44,1.09963619e+00,3.48453681e-08,96,23,0,69,normal_corr_dominates,7.98351232e+00,1.00000000e+00,2.49999926e+07,-7.40508740e+00,-8.24297573e-01,-6.58078983e+00,1.00017744e-09
44,1.09963619e+00,3.48453681e-08,96,23,1,70,normal_corr_dominates,5.56224315e+00,1.00000000e+00,2.49999946e+07,-5.40924110e+00,-8.24297573e-01,-4.58494353e+00,1.00014288e-09
44,1.09963619e+00,3.48453681e-08,96,23,2,71,normal_corr_dominates,3.11096608e+01,1.00000000e+00,2.50000248e+07,2.48193203e+01,-8.24297573e-01,2.56436179e+01,1.00018350e-09
44,1.09963619e+00,3.48453681e-08,96,24,1,73,corr_ratio_high,5.81429752e-01,5.00000000e-01,2.49999941e+07,-5.90814875e+00,-1.54586775e+01,9.55052878e+00,1.00010317e-09
44,1.09963619e+00,3.48453681e-08,96,24,2,74,normal_corr_dominates,1.07942867e+00,1.00000000e+00,2.49999679e+07,-3.21452173e+01,-1.54586775e+01,-1.66865397e+01,1.00015504e-09
44,1.09963619e+00,3.48453681e-08,96,26,0,78,normal_corr_dominates,5.27708135e+00,1.00000000e+00,2.50000222e+07,2.22153592e+01,-5.19404644e+00,2.74094056e+01,1.00027034e-09
44,1.09963619e+00,3.48453681e-08,96,26,1,79,normal_corr_dominates,1.84140335e+00,1.00000000e+00,2.49999852e+07,-1.47583810e+01,-5.19404644e+00,-9.56433453e+00,1.00014824e-09
44,1.09963619e+00,3.48453681e-08,96,26,2,80,normal_corr_dominates,4.30150620e+00,1.00000000e+00,2.49999725e+07,-2.75362694e+01,-5.19404644e+00,-2.23422230e+01,1.00008549e-09
44,1.09963619e+00,3.48453681e-08,96,26,2,80,corr_ratio_high,1.22051827e+00,5.00000000e-01,2.49999725e+07,-2.75362694e+01,-5.19404644e+00,-2.23422230e+01,1.00008549e-09
44,1.09963619e+00,3.48453681e-08,96,27,0,81,normal_corr_dominates,4.32808849e+00,1.00000000e+00,2.49999752e+07,-2.47995727e+01,-4.65449716e+00,-2.01450755e+01,1.00013257e-09
44,1.09963619e+00,3.48453681e-08,96,27,1,82,normal_corr_dominates,2.72617029e+00,1.00000000e+00,2.50000080e+07,8.03445471e+00,-4.65449716e+00,1.26889519e+01,1.00012826e-09
44,1.09963619e+00,3.48453681e-08,96,29,0,87,normal_corr_dominates,1.02953950e+01,1.00000000e+00,2.49999325e+07,-6.75305080e+01,-5.97858755e+00,-6.15519205e+01,1.00012172e-09
44,1.09963619e+00,3.48453681e-08,96,29,0,87,corr_ratio_high,8.84498806e-01,5.00000000e-01,2.49999325e+07,-6.75305080e+01,-5.97858755e+00,-6.15519205e+01,1.00012172e-09
44,1.09963619e+00,3.48453681e-08,96,29,1,88,normal_corr_dominates,5.65654119e+00,1.00000000e+00,2.49999602e+07,-3.97967142e+01,-5.97858755e+00,-3.38181267e+01,1.00015580e-09
44,1.09963619e+00,3.48453681e-08,96,29,2,89,normal_corr_dominates,3.24281113e+00,1.00000000e+00,2.50000134e+07,1.34088427e+01,-5.97858755e+00,1.93874303e+01,1.00013895e-09
44,1.09963619e+00,3.48453681e-08,96,30,2,92,normal_corr_dominates,1.39800060e+00,1.00000000e+00,2.49999603e+07,-3.97137462e+01,-1.65611911e+01,-2.31525551e+01,1.00016507e-09
44,1.09963619e+00,3.48453681e-08,96,31,0,93,normal_corr_dominates,1.50640685e+00,1.00000000e+00,2.49999820e+07,-1.80042661e+01,-7.18329750e+00,-1.08209686e+01,1.00013641e-09
44,1.09963619e+00,3.48453681e-08,96,31,1,94,normal_corr_dominates,1.36101042e+00,1.00000000e+00,2.50000026e+07,2.59324526e+00,-7.18329750e+00,9.77654276e+00,1.00016683e-09
44,1.09963619e+00,3.48453681e-08,96,31,2,95,normal_corr_dominates,1.96399006e+00,1.00000000e+00,2.50000069e+07,6.92462740e+00,-7.18329750e+00,1.41079249e+01,1.00012556e-09
44,1.09963619e+00,3.48453681e-08,96,32,1,97,normal_corr_dominates,2.33960871e+00,1.00000000e+00,2.49999774e+07,-2.26494043e+01,-6.78205331e+00,-1.58673510e+01,1.00011873e-09
44,1.09963619e+00,3.48453681e-08,96,33,0,99,normal_corr_dominates,5.39635491e+00,1.00000000e+00,2.49999660e+07,-3.40047288e+01,-5.31626672e+00,-2.86884620e+01,1.00013667e-09
44,1.09963619e+00,3.48453681e-08,96,33,1,100,normal_corr_dominates,1.32007818e+00,1.00000000e+00,2.49999877e+07,-1.23341544e+01,-5.31626672e+00,-7.01788769e+00,1.00013951e-09
44,1.09963619e+00,3.48453681e-08,96,33,2,101,normal_corr_dominates,3.22067896e+00,1.00000000e+00,2.50000118e+07,1.18057216e+01,-5.31626672e+00,1.71219883e+01,1.00013841e-09
44,1.09963619e+00,3.48453681e-08,96,34,0,102,normal_corr_dominates,2.22589893e+00,1.00000000e+00,2.49999600e+07,-4.00152498e+01,-1.24043718e+01,-2.76108780e+01,1.00011515e-09
44,1.09963619e+00,3.48453681e-08,96,34,1,103,normal_corr_dominates,2.04916027e+00,1.00000000e+00,2.50000130e+07,1.30141741e+01,-1.24043718e+01,2.54185459e+01,1.00010803e-09
44,1.09963619e+00,3.48453681e-08,96,35,0,105,normal_corr_dominates,3.74106093e+01,1.00000000e+00,2.50000481e+07,4.81315927e+01,-1.32191121e+00,4.94535039e+01,1.00020610e-09
44,1.09963619e+00,3.48453681e-08,96,35,1,106,normal_corr_dominates,1.92133389e+01,1.00000000e+00,2.49999733e+07,-2.67202393e+01,-1.32191121e+00,-2.53983281e+01,1.00028608e-09
44,1.09963619e+00,3.48453681e-08,96,35,2,107,normal_corr_dominates,3.87866874e+01,1.00000000e+00,2.49999474e+07,-5.25944682e+01,-1.32191121e+00,-5.12725570e+01,1.00004754e-09
44,1.09963619e+00,3.48453681e-08,96,35,2,107,corr_ratio_high,4.22399009e+00,5.00000000e-01,2.49999474e+07,-5.25944682e+01,-1.32191121e+00,-5.12725570e+01,1.00004754e-09
44,1.09963619e+00,3.48453681e-08,96,36,1,109,corr_ratio_high,7.24945051e-01,5.00000000e-01,2.49999729e+07,-2.71435782e+01,-2.26292076e+01,-4.51437065e+00,1.00008839e-09
44,1.09963619e+00,3.48453681e-08,96,37,0,111,normal_corr_dominates,1.89591601e+00,1.00000000e+00,2.50000042e+07,4.19043476e+00,-4.67726294e+00,8.86769771e+00,1.00014523e-09
44,1.09963619e+00,3.48453681e-08,96,37,2,113,normal_corr_dominates,2.70427055e+00,1.00000000e+00,2.50000080e+07,7.97132150e+00,-4.67726294e+00,1.26485844e+01,1.00010375e-09
45,1.12415436e+00,3.56223022e-08,96,0,0,0,corr_ratio_high,9.34090151e-01,5.00000000e-01,2.49999737e+07,-2.62824368e+01,-1.91765546e+01,-7.10588221e+00,1.00008769e-09
45,1.12415436e+00,3.56223022e-08,96,0,2,2,normal_corr_dominates,1.13193198e+00,1.00000000e+00,2.50000025e+07,2.53000082e+00,-1.91765546e+01,2.17065554e+01,1.00014706e-09
45,1.12415436e+00,3.56223022e-08,96,1,0,3,normal_corr_dominates,8.28978287e+00,1.00000000e+00,2.50000223e+07,2.22922044e+01,-3.05800664e+00,2.53502111e+01,1.00018532e-09
45,1.12415436e+00,3.56223022e-08,96,1,1,4,normal_corr_dominates,8.97811222e+00,1.00000000e+00,2.49999695e+07,-3.05131334e+01,-3.05800664e+00,-2.74551268e+01,1.00011798e-09
45,1.12415436e+00,3.56223022e-08,96,1,1,4,corr_ratio_high,8.75411250e-01,5.00000000e-01,2.49999695e+07,-3.05131334e+01,-3.05800664e+00,-2.74551268e+01,1.00011798e-09
45,1.12415436e+00,3.56223022e-08,96,1,2,5,normal_corr_dominates,6.58234023e+00,1.00000000e+00,2.49999768e+07,-2.31868468e+01,-3.05800664e+00,-2.01288401e+01,1.00017177e-09
45,1.12415436e+00,3.56223022e-08,96,2,0,6,normal_corr_dominates,1.14130893e+00,1.00000000e+00,2.50000013e+07,1.30069800e+00,-9.20464102e+00,1.05053390e+01,1.00013081e-09
45,1.12415436e+00,3.56223022e-08,96,2,0,6,corr_ratio_high,5.86993331e-01,5.00000000e-01,2.50000013e+07,1.30069800e+00,-9.20464102e+00,1.05053390e+01,1.00013081e-09
45,1.12415436e+00,3.56223022e-08,96,2,1,7,normal_corr_dominates,3.60040092e+00,1.00000000e+00,2.49999577e+07,-4.23450390e+01,-9.20464102e+00,-3.31403980e+01,1.00015523e-09
45,1.12415436e+00,3.56223022e-08,96,2,2,8,normal_corr_dominates,3.75702127e+00,1.00000000e+00,2.50000254e+07,2.53773911e+01,-9.20464102e+00,3.45820321e+01,1.00023753e-09
45,1.12415436e+00,3.56223022e-08,96,3,0,9,normal_corr_dominates,1.72145129e+01,1.00000000e+00,2.49999504e+07,-4.95998652e+01,-2.72309589e+00,-4.68767693e+01,1.00035920e-09
45,1.12415436e+00,3.56223022e-08,96,3,0,9,corr_ratio_high,5.86144800e-01,5.00000000e-01,2.49999504e+07,-4.95998652e+01,-2.72309589e+00,-4.68767693e+01,1.00035920e-09
45,1.12415436e+00,3.56223022e-08,96,3,1,10,normal_corr_dominates,8.45980673e+00,1.00000000e+00,2.49999742e+07,-2.57599608e+01,-2.72309589e+00,-2.30368649e+01,1.00009547e-09
45,1.12415436e+00,3.56223022e-08,96,3,1,10,corr_ratio_high,8.55461102e-01,5.00000000e-01,2.49999742e+07,-2.57599608e+01,-2.72309589e+00,-2.30368649e+01,1.00009547e-09
45,1.12415436e+00,3.56223022e-08,96,3,2,11,normal_corr_dominates,1.07838452e+01,1.00000000e+00,2.50000266e+07,2.66423487e+01,-2.72309589e+00,2.93654446e+01,1.00004015e-09
45,1.12415436e+00,3.56223022e-08,96,3,2,11,corr_ratio_high,1.78095904e+00,5.00000000e-01,2.50000266e+07,2.66423487e+01,-2.72309589e+00,2.93654446e+01,1.00004015e-09
45,1.12415436e+00,3.56223022e-08,96,4,0,12,normal_corr_dominates,1.53986839e+00,1.00000000e+00,2.49999945e+07,-5.52511331e+00,-2.17535417e+00,-3.34975914e+00,1.00016576e-09
45,1.12415436e+00,3.56223022e-08,96,4,1,13,normal_corr_dominates,2.76029267e+00,1.00000000e+00,2.50000038e+07,3.82926000e+00,-2.17535417e+00,6.00461418e+00,1.00014111e-09
45,1.12415436e+00,3.56223022e-08,96,4,2,14,normal_corr_dominates,6.74816031e+00,1.00000000e+00,2.50000125e+07,1.25042845e+01,-2.17535417e+00,1.46796387e+01,1.00011531e-09
45,1.12415436e+00,3.56223022e-08,96,5,0,15,normal_corr_dominates,2.12792249e+00,1.00000000e+00,2.50000184e+07,1.84247887e+01,-1.63351551e+01,3.47599438e+01,1.00010347e-09
45,1.12415436e+00,3.56223022e-08,96,5,1,16,normal_corr_dominates,1.41424593e+00,1.00000000e+00,2.49999606e+07,-3.94370817e+01,-1.63351551e+01,-2.31019267e+01,1.00016776e-09
45,1.12415436e+00,3.56223022e-08,96,5,2,17,normal_corr_dominates,1.70642260e+00,1.00000000e+00,2.49999558e+07,-4.42098329e+01,-1.63351551e+01,-2.78746778e+01,1.00017772e-09
45,1.12415436e+00,3.56223022e-08,96,6,1,19,normal_corr_dominates,2.03504864e+00,1.00000000e+00,2.50000112e+07,1.11829705e+01,-1.08042947e+01,2.19872652e+01,1.00010682e-09
45,1.12415436e+00,3.56223022e-08,96,6,2,20,normal_corr_dominates,3.86812359e+00,1.00000000e+00,2.49999474e+07,-5.25966419e+01,-1.08042947e+01,-4.17923472e+01,1.00021691e-09
45,1.12415436e+00,3.56223022e-08,96,7,0,21,normal_corr_dominates,6.73761255e+01,1.00000000e+00,2.49999789e+07,-2.11153607e+01,-3.08811893e-01,-2.08065488e+01,1.00013704e-09
45,1.12415436e+00,3.56223022e-08,96,7,1,22,normal_corr_dominates,4.13060936e+01,1.00000000e+00,2.49999869e+07,-1.30646248e+01,-3.08811893e-01,-1.27558129e+01,1.00018453e-09
45,1.12415436e+00,3.56223022e-08,96,7,2,23,normal_corr_dominates,1.08004289e+02,1.00000000e+00,2.50000330e+07,3.30441969e+01,-3.08811893e-01,3.33530088e+01,1.00017438e-09
45,1.12415436e+00,3.56223022e-08,96,8,0,24,normal_corr_dominates,4.37741723e+00,1.00000000e+00,2.49999766e+07,-2.34321924e+01,-4.35751801e+00,-1.90746744e+01,1.00013078e-09
45,1.12415436e+00,3.56223022e-08,96,8,1,25,normal_corr_dominates,4.58838732e+00,1.00000000e+00,2.50000156e+07,1.56364624e+01,-4.35751801e+00,1.99939804e+01,1.00009955e-09
45,1.12415436e+00,3.56223022e-08,96,8,1,25,corr_ratio_high,5.22058638e-01,5.00000000e-01,2.50000156e+07,1.56364624e+01,-4.35751801e+00,1.99939804e+01,1.00009955e-09
45,1.12415436e+00,3.56223022e-08,96,8,2,26,normal_corr_dominates,2.92899608e+00,1.00000000e+00,2.50000084e+07,8.40563515e+00,-4.35751801e+00,1.27631532e+01,1.00014898e-09
45,1.12415436e+00,3.56223022e-08,96,9,0,27,normal_corr_dominates,1.30641280e+00,1.00000000e+00,2.50000034e+07,3.37219440e+00,-1.10053965e+01,1.43775909e+01,1.00019284e-09
45,1.12415436e+00,3.56223022e-08,96,9,1,28,normal_corr_dominates,2.13596910e+00,1.00000000e+00,2.49999655e+07,-3.45125833e+01,-1.10053965e+01,-2.35071868e+01,1.00014957e-09
45,1.12415436e+00,3.56223022e-08,96,9,2,29,normal_corr_dominates,2.45455743e+00,1.00000000e+00,2.49999620e+07,-3.80187742e+01,-1.10053965e+01,-2.70133777e+01,1.00015195e-09
45,1.12415436e+00,3.56223022e-08,96,10,0,30,normal_corr_dominates,5.19892714e+00,1.00000000e+00,2.50000146e+07,1.46046350e+01,-3.47818252e+00,1.80828175e+01,1.00015002e-09
45,1.12415436e+00,3.56223022e-08,96,10,1,31,normal_corr_dominates,1.05679102e+01,1.00000000e+00,2.50000333e+07,3.32789380e+01,-3.47818252e+00,3.67571205e+01,1.00025593e-09
45,1.12415436e+00,3.56223022e-08,96,10,2,32,normal_corr_dominates,9.36393628e+00,1.00000000e+00,2.49999640e+07,-3.60476620e+01,-3.47818252e+00,-3.25694795e+01,1.00014931e-09
45,1.12415436e+00,3.56223022e-08,96,11,0,33,normal_corr_dominates,2.93393672e+00,1.00000000e+00,2.49999941e+07,-5.92983085e+00,-1.50735288e+00,-4.42247796e+00,1.00021347e-09
45,1.12415436e+00,3.56223022e-08,96,11,1,34,normal_corr_dominates,6.62289056e+00,1.00000000e+00,2.50000085e+07,8.47568029e+00,-1.50735288e+00,9.98303318e+00,1.00018990e-09
45,1.12415436e+00,3.56223022e-08,96,11,2,35,normal_corr_dominates,1.21968247e+01,1.00000000e+00,2.49999801e+07,-1.98922717e+01,-1.50735288e+00,-1.83849188e+01,1.00010495e-09
45,1.12415436e+00,3.56223022e-08,96,11,2,35,corr_ratio_high,1.01751564e+00,5.00000000e-01,2.49999801e+07,-1.98922717e+01,-1.50735288e+00,-1.83849188e+01,1.00010495e-09
45,1.12415436e+00,3.56223022e-08,96,12,1,37,normal_corr_dominates,1.15720126e+00,1.00000000e+00,2.50000029e+07,2.85060398e+00,-1.81334675e+01,2.09840715e+01,1.00012831e-09
45,1.12415436e+00,3.56223022e-08,96,13,0,39,normal_corr_dominates,1.76417405e+00,1.00000000e+00,2.50000072e+07,7.20852660e+00,-9.43309518e+00,1.66416218e+01,1.00010406e-09
45,1.12415436e+00,3.56223022e-08,96,14,0,42,normal_corr_dominates,3.03752450e+00,1.00000000e+00,2.49999929e+07,-7.14845382e+00,-1.77050413e+00,-5.37794968e+00,1.00015384e-09
45,1.12415436e+00,3.56223022e-08,96,14,1,43,normal_corr_dominates,3.09217525e+00,1.00000000e+00,2.49999928e+07,-7.24521320e+00,-1.77050413e+00,-5.47470907e+00,1.00013022e-09
45,1.12415436e+00,3.56223022e-08,96,14,2,44,normal_corr_dominates,1.77327705e+01,1.00000000e+00,2.50000296e+07,2.96254394e+01,-1.77050413e+00,3.13959435e+01,1.00021418e-09
45,1.12415436e+00,3.56223022e-08,96,15,0,45,normal_corr_dominates,1.38400487e+00,1.00000000e+00,2.49999803e+07,-1.97338432e+01,-8.27760187e+00,-1.14562413e+01,1.00012593e-09
45,1.12415436e+00,3.56223022e-08,96,15,1,46,normal_corr_dominates,2.76736901e+00,1.00000000e+00,2.50000146e+07,1.46295770e+01,-8.27760187e+00,2.29071789e+01,1.00013021e-09
45,1.12415436e+00,3.56223022e-08,96,15,2,47,normal_corr_dominates,3.88969991e+00,1.00000000e+00,2.49999595e+07,-4.04749891e+01,-8.27760187e+00,-3.21973873e+01,1.00018813e-09
45,1.12415436e+00,3.56223022e-08,96,16,2,50,normal_corr_dominates,1.01043119e+00,1.00000000e+00,2.50000001e+07,1.49249136e-01,-1.43079677e+01,1.44572168e+01,1.00013458e-09
45,1.12415436e+00,3.56223022e-08,96,17,0,51,corr_ratio_high,5.13217076e-01,5.00000000e-01,2.49999955e+07,-4.53306229e+00,-1.35340949e+01,9.00103258e+00,1.00031660e-09
45,1.12415436e+00,3.56223022e-08,96,17,1,52,normal_corr_dominates,1.22194985e+00,1.00000000e+00,2.50000030e+07,3.00389037e+00,-1.35340949e+01,1.65379852e+01,1.00019746e-09
45,1.12415436e+00,3.56223022e-08,96,17,2,53,corr_ratio_high,2.56926830e+00,5.00000000e-01,2.49999999e+07,-9.26237052e-02,-1.35340949e+01,1.34414712e+01,1.00003138e-09
45,1.12415436e+00,3.56223022e-08,96,18,2,56,normal_corr_dominates,1.00361953e+00,1.00000000e+00,2.50000001e+07,8.89058287e-02,-2.45628344e+01,2.46517402e+01,1.00015886e-09
45,1.12415436e+00,3.56223022e-08,96,19,0,57,normal_corr_dominates,1.48100808e+01,1.00000000e+00,2.49999258e+07,-7.41953311e+01,-4.69291282e+00,-6.95024183e+01,1.00011884e-09
45,1.12415436e+00,3.56223022e-08,96,19,0,57,corr_ratio_high,1.16014854e+00,5.00000000e-01,2.49999258e+07,-7.41953311e+01,-4.69291282e+00,-6.95024183e+01,1.00011884e-09
45,1.12415436e+00,3.56223022e-08,96,19,2,59,normal_corr_dominates,2.33312963e+00,1.00000000e+00,2.50000063e+07,6.25626116e+00,-4.69291282e+00,1.09491740e+01,1.00013628e-09
45,1.12415436e+00,3.56223022e-08,96,20,1,61,normal_corr_dominates,1.04278069e+00,1.00000000e+00,2.50000005e+07,5.05729922e-01,-1.18214539e+01,1.23271838e+01,1.00018135e-09
45,1.12415436e+00,3.56223022e-08,96,20,2,62,normal_corr_dominates,2.47190330e+00,1.00000000e+00,2.49999590e+07,-4.10429446e+01,-1.18214539e+01,-2.92214907e+01,1.00014303e-09
45,1.12415436e+00,3.56223022e-08,96,21,0,63,normal_corr_dominates,1.58751137e+00,1.00000000e+00,2.49999767e+07,-2.33151909e+01,-9.01066223e+00,-1.43045287e+01,1.00013475e-09
45,1.12415436e+00,3.56223022e-08,96,21,1,64,normal_corr_dominates,2.28464058e+00,1.00000000e+00,2.50000116e+07,1.15754623e+01,-9.01066223e+00,2.05861246e+01,1.00013978e-09
45,1.12415436e+00,3.56223022e-08,96,21,2,65,normal_corr_dominates,1.43522591e+00,1.00000000e+00,2.50000039e+07,3.92167366e+00,-9.01066223e+00,1.29323359e+01,1.00015844e-09
45,1.12415436e+00,3.56223022e-08,96,22,0,66,normal_corr_dominates,2.72234378e+00,1.00000000e+00,2.50000163e+07,1.63456240e+01,-9.49033764e+00,2.58359617e+01,1.00019931e-09
45,1.12415436e+00,3.56223022e-08,96,22,1,67,normal_corr_dominates,1.28669664e+00,1.00000000e+00,2.49999783e+07,-2.17015232e+01,-9.49033764e+00,-1.22111855e+01,1.00017276e-09
45,1.12415436e+00,3.56223022e-08,96,22,2,68,corr_ratio_high,1.57035945e+00,5.00000000e-01,2.49999943e+07,-5.74619217e+00,-9.49033764e+00,3.74414547e+00,1.00007254e-09
45,1.12415436e+00,3.56223022e-08,96,23,0,69,normal_corr_dominates,7.97225074e+00,1.00000000e+00,2.49999924e+07,-7.55756122e+00,-8.42326127e-01,-6.71523509e+00,1.00018111e-09
45,1.12415436e+00,3.56223022e-08,96,23,1,70,normal_corr_dominates,5.55508396e+00,1.00000000e+00,2.49999945e+07,-5.52151848e+00,-8.42326127e-01,-4.67919236e+00,1.00014584e-09
45,1.12415436e+00,3.56223022e-08,96,23,2,71,normal_corr_dominates,3.10734573e+01,1.00000000e+00,2.50000253e+07,2.53316589e+01,-8.42326127e-01,2.61739850e+01,1.00018729e-09
45,1.12415436e+00,3.56223022e-08,96,24,1,73,corr_ratio_high,5.81444271e-01,5.00000000e-01,2.49999940e+07,-6.03268224e+00,-1.57798900e+01,9.74720780e+00,1.00010531e-09
45,1.12415436e+00,3.56223022e-08,96,24,2,74,normal_corr_dominates,1.07933285e+00,1.00000000e+00,2.49999672e+07,-3.28116438e+01,-1.57798900e+01,-1.70317538e+01,1.00015825e-09
45,1.12415436e+00,3.56223022e-08,96,26,0,78,normal_corr_dominates,5.27605199e+00,1.00000000e+00,2.50000227e+07,2.26735177e+01,-5.30244200e+00,2.79759597e+01,1.00027593e-09
45,1.12415436e+00,3.56223022e-08,96,26,1,79,normal_corr_dominates,1.84083545e+00,1.00000000e+00,2.49999849e+07,-1.50633652e+01,-5.30244200e+00,-9.76092322e+00,1.00015131e-09
45,1.12415436e+00,3.56223022e-08,96,26,2,80,normal_corr_dominates,4.30044259e+00,1.00000000e+00,2.49999719e+07,-2.81052894e+01,-5.30244200e+00,-2.28028474e+01,1.00008727e-09
45,1.12415436e+00,3.56223022e-08,96,26,2,80,corr_ratio_high,1.22031560e+00,5.00000000e-01,2.49999719e+07,-2.81052894e+01,-5.30244200e+00,-2.28028474e+01,1.00008727e-09
45,1.12415436e+00,3.56223022e-08,96,27,0,81,normal_corr_dominates,4.32670411e+00,1.00000000e+00,2.49999747e+07,-2.53114980e+01,-4.75181228e+00,-2.05596857e+01,1.00013532e-09
45,1.12415436e+00,3.56223022e-08,96,27,1,82,normal_corr_dominates,2.72608878e+00,1.00000000e+00,2.50000082e+07,8.20204985e+00,-4.75181228e+00,1.29538621e+01,1.00013091e-09
45,1.12415436e+00,3.56223022e-08,96,29,0,87,normal_corr_dominates,1.02931149e+01,1.00000000e+00,2.49999311e+07,-6.89268809e+01,-6.10344281e+00,-6.28234381e+01,1.00012424e-09
45,1.12415436e+00,3.56223022e-08,96,29,0,87,corr_ratio_high,8.84506980e-01,5.00000000e-01,2.49999311e+07,-6.89268809e+01,-6.10344281e+00,-6.28234381e+01,1.00012424e-09
45,1.12415436e+00,3.56223022e-08,96,29,1,88,normal_corr_dominates,5.65522409e+00,1.00000000e+00,2.49999594e+07,-4.06197796e+01,-6.10344281e+00,-3.45163368e+01,1.00015903e-09
45,1.12415436e+00,3.56223022e-08,96,29,2,89,normal_corr_dominates,3.24217504e+00,1.00000000e+00,2.50000137e+07,1.36849871e+01,-6.10344281e+00,1.97884299e+01,1.00014183e-09
45,1.12415436e+00,3.56223022e-08,96,30,2,92,normal_corr_dominates,1.39784007e+00,1.00000000e+00,2.49999595e+07,-4.05354142e+01,-1.69049699e+01,-2.36304443e+01,1.00016849e-09
45,1.12415436e+00,3.56223022e-08,96,31,0,93,normal_corr_dominates,1.50597302e+00,1.00000000e+00,2.49999816e+07,-1.83768417e+01,-7.33321609e+00,-1.10436256e+01,1.00013923e-09
45,1.12415436e+00,3.56223022e-08,96,31,1,94,normal_corr_dominates,1.36053024e+00,1.00000000e+00,2.50000026e+07,2.64384615e+00,-7.33321609e+00,9.97706225e+00,1.00017028e-09
45,1.12415436e+00,3.56223022e-08,96,31,2,95,normal_corr_dominates,1.96363087e+00,1.00000000e+00,2.50000071e+07,7.06651340e+00,-7.33321609e+00,1.43997295e+01,1.00012816e-09
45,1.12415436e+00,3.56223022e-08,96,32,1,97,normal_corr_dominates,2.33907549e+00,1.00000000e+00,2.49999769e+07,-2.31173012e+01,-6.92326403e+00,-1.61940372e+01,1.00012119e-09
45,1.12415436e+00,3.56223022e-08,96,33,0,99,normal_corr_dominates,5.39508382e+00,1.00000000e+00,2.49999653e+07,-3.47081636e+01,-5.42731956e+00,-2.92808440e+01,1.00013950e-09
45,1.12415436e+00,3.56223022e-08,96,33,1,100,normal_corr_dominates,1.31956989e+00,1.00000000e+00,2.49999874e+07,-1.25890470e+01,-5.42731956e+00,-7.16172747e+00,1.00014240e-09
45,1.12415436e+00,3.56223022e-08,96,33,2,101,normal_corr_dominates,3.22002620e+00,1.00000000e+00,2.50000120e+07,1.20487916e+01,-5.42731956e+00,1.74761112e+01,1.00014128e-09
45,1.12415436e+00,3.56223022e-08,96,34,0,102,normal_corr_dominates,2.22567091e+00,1.00000000e+00,2.49999592e+07,-4.08448184e+01,-1.26624258e+01,-2.81823927e+01,1.00011753e-09
45,1.12415436e+00,3.56223022e-08,96,34,1,103,normal_corr_dominates,2.04885869e+00,1.00000000e+00,2.50000133e+07,1.32810953e+01,-1.26624258e+01,2.59435211e+01,1.00011027e-09
45,1.12415436e+00,3.56223022e-08,96,35,0,105,normal_corr_dominates,3.73804445e+01,1.00000000e+00,2.50000491e+07,4.91248774e+01,-1.35030998e+00,5.04751874e+01,1.00021036e-09
45,1.12415436e+00,3.56223022e-08,96,35,1,106,normal_corr_dominates,1.91973035e+01,1.00000000e+00,2.49999727e+07,-2.72726206e+01,-1.35030998e+00,-2.59223106e+01,1.00029199e-09
45,1.12415436e+00,3.56223022e-08,96,35,2,107,normal_corr_dominates,3.87541268e+01,1.00000000e+00,2.49999463e+07,-5.36803942e+01,-1.35030998e+00,-5.23300843e+01,1.00004853e-09
45,1.12415436e+00,3.56223022e-08,96,35,2,107,corr_ratio_high,4.22307409e+00,5.00000000e-01,2.49999463e+07,-5.36803942e+01,-1.35030998e+00,-5.23300843e+01,1.00004853e-09
45,1.12415436e+00,3.56223022e-08,96,36,1,109,corr_ratio_high,7.24916700e-01,5.00000000e-01,2.49999723e+07,-2.77072729e+01,-2.30987588e+01,-4.60851406e+00,1.00009022e-09
45,1.12415436e+00,3.56223022e-08,96,37,0,111,normal_corr_dominates,1.89605587e+00,1.00000000e+00,2.50000043e+07,4.27878001e+00,-4.77512636e+00,9.05390637e+00,1.00014823e-09
45,1.12415436e+00,3.56223022e-08,96,37,2,113,normal_corr_dominates,2.70366303e+00,1.00000000e+00,2.50000081e+07,8.13520624e+00,-4.77512636e+00,1.29103326e+01,1.00010590e-09
46,1.14779430e+00,3.63714066e-08,96,0,0,0,corr_ratio_high,9.34021680e-01,5.00000000e-01,2.49999732e+07,-2.67967258e+01,-1.95519458e+01,-7.24478000e+00,1.00008941e-09
46,1.14779430e+00,3.63714066e-08,96,0,2,2,normal_corr_dominates,1.13175424e+00,1.00000000e+00,2.50000026e+07,2.57605180e+00,-1.95519458e+01,2.21279976e+01,1.00014993e-09
46,1.14779430e+00,3.63714066e-08,96,1,0,3,normal_corr_dominates,8.28881725e+00,1.00000000e+00,2.50000227e+07,2.27249689e+01,-3.11778553e+00,2.58427544e+01,1.00018893e-09
46,1.14779430e+00,3.63714066e-08,96,1,1,4,normal_corr_dominates,8.97890932e+00,1.00000000e+00,2.49999689e+07,-3.11120990e+01,-3.11778553e+00,-2.79943135e+01,1.00012028e-09
46,1.14779430e+00,3.63714066e-08,96,1,1,4,corr_ratio_high,8.75450118e-01,5.00000000e-01,2.49999689e+07,-3.11120990e+01,-3.11778553e+00,-2.79943135e+01,1.00012028e-09
46,1.14779430e+00,3.63714066e-08,96,1,2,5,normal_corr_dominates,6.58108747e+00,1.00000000e+00,2.49999764e+07,-2.36362048e+01,-3.11778553e+00,-2.05184193e+01,1.00017513e-09
46,1.14779430e+00,3.63714066e-08,96,2,0,6,normal_corr_dominates,1.14075987e+00,1.00000000e+00,2.50000013e+07,1.32097881e+00,-9.38462686e+00,1.07056057e+01,1.00013336e-09
46,1.14779430e+00,3.63714066e-08,96,2,0,6,corr_ratio_high,5.87035682e-01,5.00000000e-01,2.50000013e+07,1.32097881e+00,-9.38462686e+00,1.07056057e+01,1.00013336e-09
46,1.14779430e+00,3.63714066e-08,96,2,1,7,normal_corr_dominates,3.59996292e+00,1.00000000e+00,2.49999568e+07,-4.31689356e+01,-9.38462686e+00,-3.37843087e+01,1.00015826e-09
46,1.14779430e+00,3.63714066e-08,96,2,2,8,normal_corr_dominates,3.75697294e+00,1.00000000e+00,2.50000259e+07,2.58731623e+01,-9.38462686e+00,3.52577892e+01,1.00024216e-09
46,1.14779430e+00,3.63714066e-08,96,3,0,9,normal_corr_dominates,1.72056454e+01,1.00000000e+00,2.49999494e+07,-5.05660199e+01,-2.77749120e+00,-4.77885287e+01,1.00036620e-09
46,1.14779430e+00,3.63714066e-08,96,3,0,9,corr_ratio_high,5.86138550e-01,5.00000000e-01,2.49999494e+07,-5.05660199e+01,-2.77749120e+00,-4.77885287e+01,1.00036620e-09
46,1.14779430e+00,3.63714066e-08,96,3,1,10,normal_corr_dominates,8.45494768e+00,1.00000000e+00,2.49999737e+07,-2.62610340e+01,-2.77749120e+00,-2.34835428e+01,1.00009733e-09
46,1.14779430e+00,3.63714066e-08,96,3,1,10,corr_ratio_high,8.55443458e-01,5.00000000e-01,2.49999737e+07,-2.62610340e+01,-2.77749120e+00,-2.34835428e+01,1.00009733e-09
46,1.14779430e+00,3.63714066e-08,96,3,2,11,normal_corr_dominates,1.07777751e+01,1.00000000e+00,2.50000272e+07,2.71576843e+01,-2.77749120e+00,2.99351755e+01,1.00004095e-09
46,1.14779430e+00,3.63714066e-08,96,3,2,11,corr_ratio_high,1.78066514e+00,5.00000000e-01,2.50000272e+07,2.71576843e+01,-2.77749120e+00,2.99351755e+01,1.00004095e-09
46,1.14779430e+00,3.63714066e-08,96,4,0,12,normal_corr_dominates,1.53858262e+00,1.00000000e+00,2.49999944e+07,-5.63259922e+00,-2.21879689e+00,-3.41380234e+00,1.00016899e-09
46,1.14779430e+00,3.63714066e-08,96,4,1,13,normal_corr_dominates,2.75850461e+00,1.00000000e+00,2.50000039e+07,3.90176456e+00,-2.21879689e+00,6.12056145e+00,1.00014386e-09
46,1.14779430e+00,3.63714066e-08,96,4,2,14,normal_corr_dominates,6.74524047e+00,1.00000000e+00,2.50000127e+07,1.27475217e+01,-2.21879689e+00,1.49663186e+01,1.00011757e-09
46,1.14779430e+00,3.63714066e-08,96,5,0,15,normal_corr_dominates,2.12759080e+00,1.00000000e+00,2.50000188e+07,1.87801458e+01,-1.66551073e+01,3.54352531e+01,1.00010549e-09
46,1.14779430e+00,3.63714066e-08,96,5,1,16,normal_corr_dominates,1.41400961e+00,1.00000000e+00,2.49999598e+07,-4.02055892e+01,-1.66551073e+01,-2.35504818e+01,1.00017103e-09
46,1.14779430e+00,3.63714066e-08,96,5,2,17,normal_corr_dominates,1.70631890e+00,1.00000000e+00,2.49999549e+07,-4.50740318e+01,-1.66551073e+01,-2.84189245e+01,1.00018118e-09
46,1.14779430e+00,3.63714066e-08,96,6,1,19,normal_corr_dominates,2.03451403e+00,1.00000000e+00,2.50000114e+07,1.13964942e+01,-1.10162780e+01,2.24127722e+01,1.00010891e-09
46,1.14779430e+00,3.63714066e-08,96,6,2,20,normal_corr_dominates,3.86761694e+00,1.00000000e+00,2.49999464e+07,-5.36230215e+01,-1.10162780e+01,-4.26067435e+01,1.00022114e-09
46,1.14779430e+00,3.63714066e-08,96,7,0,21,normal_corr_dominates,6.72880994e+01,1.00000000e+00,2.49999785e+07,-2.15313843e+01,-3.15302146e-01,-2.12160821e+01,1.00013971e-09
46,1.14779430e+00,3.63714066e-08,96,7,1,22,normal_corr_dominates,4.12312130e+01,1.00000000e+00,2.49999867e+07,-1.33155921e+01,-3.15302146e-01,-1.30002900e+01,1.00018813e-09
46,1.14779430e+00,3.63714066e-08,96,7,2,23,normal_corr_dominates,1.07842080e+02,1.00000000e+00,2.50000337e+07,3.36875372e+01,-3.15302146e-01,3.40028393e+01,1.00017778e-09
46,1.14779430e+00,3.63714066e-08,96,8,0,24,normal_corr_dominates,4.37562722e+00,1.00000000e+00,2.49999761e+07,-2.38880710e+01,-4.44377374e+00,-1.94442973e+01,1.00013333e-09
46,1.14779430e+00,3.63714066e-08,96,8,1,25,normal_corr_dominates,4.58645748e+00,1.00000000e+00,2.50000159e+07,1.59374056e+01,-4.44377374e+00,2.03811793e+01,1.00010150e-09
46,1.14779430e+00,3.63714066e-08,96,8,1,25,corr_ratio_high,5.21997636e-01,5.00000000e-01,2.50000159e+07,1.59374056e+01,-4.44377374e+00,2.03811793e+01,1.00010150e-09
46,1.14779430e+00,3.63714066e-08,96,8,2,26,normal_corr_dominates,2.92769937e+00,1.00000000e+00,2.50000086e+07,8.56625982e+00,-4.44377374e+00,1.30100336e+01,1.00015188e-09
46,1.14779430e+00,3.63714066e-08,96,9,0,27,normal_corr_dominates,1.30623053e+00,1.00000000e+00,2.50000034e+07,3.43635908e+00,-1.12214778e+01,1.46578369e+01,1.00019660e-09
46,1.14779430e+00,3.63714066e-08,96,9,1,28,normal_corr_dominates,2.13558455e+00,1.00000000e+00,2.49999648e+07,-3.51858924e+01,-1.12214778e+01,-2.39644146e+01,1.00015249e-09
46,1.14779430e+00,3.63714066e-08,96,9,2,29,normal_corr_dominates,2.45425173e+00,1.00000000e+00,2.49999612e+07,-3.87618091e+01,-1.12214778e+01,-2.75403313e+01,1.00015491e-09
46,1.14779430e+00,3.63714066e-08,96,10,0,30,normal_corr_dominates,5.19723114e+00,1.00000000e+00,2.50000149e+07,1.48860311e+01,-3.54663123e+00,1.84326623e+01,1.00015294e-09
46,1.14779430e+00,3.63714066e-08,96,10,1,31,normal_corr_dominates,1.05662239e+01,1.00000000e+00,2.50000339e+07,3.39278683e+01,-3.54663123e+00,3.74744995e+01,1.00026092e-09
46,1.14779430e+00,3.63714066e-08,96,10,2,32,normal_corr_dominates,9.36155410e+00,1.00000000e+00,2.49999633e+07,-3.67486114e+01,-3.54663123e+00,-3.32019801e+01,1.00015222e-09
46,1.14779430e+00,3.63714066e-08,96,11,0,33,normal_corr_dominates,2.93474376e+00,1.00000000e+00,2.49999940e+07,-6.04537604e+00,-1.53640908e+00,-4.50896696e+00,1.00021763e-09
46,1.14779430e+00,3.63714066e-08,96,11,1,34,normal_corr_dominates,6.62349951e+00,1.00000000e+00,2.50000086e+07,8.63999572e+00,-1.53640908e+00,1.01764048e+01,1.00019360e-09
46,1.14779430e+00,3.63714066e-08,96,11,2,35,normal_corr_dominates,1.22009366e+01,1.00000000e+00,2.49999797e+07,-2.02820389e+01,-1.53640908e+00,-1.87456299e+01,1.00010700e-09
46,1.14779430e+00,3.63714066e-08,96,11,2,35,corr_ratio_high,1.01744799e+00,5.00000000e-01,2.49999797e+07,-2.02820389e+01,-1.53640908e+00,-1.87456299e+01,1.00010700e-09
46,1.14779430e+00,3.63714066e-08,96,12,1,37,normal_corr_dominates,1.15699855e+00,1.00000000e+00,2.50000029e+07,2.90268764e+00,-1.84886271e+01,2.13913148e+01,1.00013082e-09
46,1.14779430e+00,3.63714066e-08,96,13,0,39,normal_corr_dominates,1.76386692e+00,1.00000000e+00,2.50000073e+07,7.34715418e+00,-9.61836941e+00,1.69655236e+01,1.00010609e-09
46,1.14779430e+00,3.63714066e-08,96,14,0,42,normal_corr_dominates,3.03558338e+00,1.00000000e+00,2.49999927e+07,-7.28827355e+00,-1.80600247e+00,-5.48227108e+00,1.00015684e-09
46,1.14779430e+00,3.63714066e-08,96,14,1,43,normal_corr_dominates,3.09059234e+00,1.00000000e+00,2.49999926e+07,-7.38761987e+00,-1.80600247e+00,-5.58161740e+00,1.00013276e-09
46,1.14779430e+00,3.63714066e-08,96,14,2,44,normal_corr_dominates,1.77231211e+01,1.00000000e+00,2.50000302e+07,3.02019980e+01,-1.80600247e+00,3.20080004e+01,1.00021835e-09
46,1.14779430e+00,3.63714066e-08,96,15,0,45,normal_corr_dominates,1.38357232e+00,1.00000000e+00,2.49999799e+07,-2.01182492e+01,-8.44037709e+00,-1.16778721e+01,1.00012839e-09
46,1.14779430e+00,3.63714066e-08,96,15,1,46,normal_corr_dominates,2.76674341e+00,1.00000000e+00,2.50000149e+07,1.49119806e+01,-8.44037709e+00,2.33523577e+01,1.00013275e-09
46,1.14779430e+00,3.63714066e-08,96,15,2,47,normal_corr_dominates,3.88905327e+00,1.00000000e+00,2.49999587e+07,-4.12654532e+01,-8.44037709e+00,-3.28250761e+01,1.00019180e-09
46,1.14779430e+00,3.63714066e-08,96,16,2,50,normal_corr_dominates,1.01014213e+00,1.00000000e+00,2.50000001e+07,1.47956506e-01,-1.45883130e+01,1.47362695e+01,1.00013721e-09
46,1.14779430e+00,3.63714066e-08,96,17,0,51,corr_ratio_high,5.13199749e-01,5.00000000e-01,2.49999954e+07,-4.62110777e+00,-1.37998932e+01,9.17878541e+00,1.00032276e-09
46,1.14779430e+00,3.63714066e-08,96,17,1,52,normal_corr_dominates,1.22155748e+00,1.00000000e+00,2.50000031e+07,3.05746953e+00,-1.37998932e+01,1.68573627e+01,1.00020131e-09
46,1.14779430e+00,3.63714066e-08,96,17,2,53,corr_ratio_high,2.56898779e+00,5.00000000e-01,2.49999999e+07,-9.71140354e-02,-1.37998932e+01,1.37027792e+01,1.00003200e-09
46,1.14779430e+00,3.63714066e-08,96,18,2,56,normal_corr_dominates,1.00348157e+00,1.00000000e+00,2.50000001e+07,8.71898458e-02,-2.50432650e+01,2.51304549e+01,1.00016196e-09
46,1.14779430e+00,3.63714066e-08,96,19,0,57,normal_corr_dominates,1.48071627e+01,1.00000000e+00,2.49999244e+07,-7.56422442e+01,-4.78531445e+00,-7.08569297e+01,1.00012116e-09
46,1.14779430e+00,3.63714066e-08,96,19,0,57,corr_ratio_high,1.16003513e+00,5.00000000e-01,2.49999244e+07,-7.56422442e+01,-4.78531445e+00,-7.08569297e+01,1.00012116e-09
46,1.14779430e+00,3.63714066e-08,96,19,2,59,normal_corr_dominates,2.33289722e+00,1.00000000e+00,2.50000064e+07,6.37833233e+00,-4.78531445e+00,1.11636468e+01,1.00013895e-09
46,1.14779430e+00,3.63714066e-08,96,20,1,61,normal_corr_dominates,1.04262335e+00,1.00000000e+00,2.50000005e+07,5.13762934e-01,-1.20535573e+01,1.25673202e+01,1.00018489e-09
46,1.14779430e+00,3.63714066e-08,96,20,2,62,normal_corr_dominates,2.47150692e+00,1.00000000e+00,2.49999582e+07,-4.18440076e+01,-1.20535573e+01,-2.97904503e+01,1.00014582e-09
46,1.14779430e+00,3.63714066e-08,96,21,0,63,normal_corr_dominates,1.58710159e+00,1.00000000e+00,2.49999762e+07,-2.37697977e+01,-9.18780994e+00,-1.45819878e+01,1.00013738e-09
46,1.14779430e+00,3.63714066e-08,96,21,1,64,normal_corr_dominates,2.28410599e+00,1.00000000e+00,2.50000118e+07,1.17981218e+01,-9.18780994e+00,2.09859317e+01,1.00014251e-09
46,1.14779430e+00,3.63714066e-08,96,21,2,65,normal_corr_dominates,1.43482262e+00,1.00000000e+00,2.50000040e+07,3.99506757e+00,-9.18780994e+00,1.31828775e+01,1.00016153e-09
46,1.14779430e+00,3.63714066e-08,96,22,0,66,normal_corr_dominates,2.72157712e+00,1.00000000e+00,2.50000167e+07,1.66599279e+01,-9.67713133e+00,2.63370592e+01,1.00020320e-09
46,1.14779430e+00,3.63714066e-08,96,22,1,67,normal_corr_dominates,1.28643479e+00,1.00000000e+00,2.49999779e+07,-2.21261297e+01,-9.67713133e+00,-1.24489984e+01,1.00017613e-09
46,1.14779430e+00,3.63714066e-08,96,22,2,68,corr_ratio_high,1.57027483e+00,5.00000000e-01,2.49999941e+07,-5.85981489e+00,-9.67713133e+00,3.81731644e+00,1.00007396e-09
46,1.14779430e+00,3.63714066e-08,96,23,0,69,normal_corr_dominates,7.96144676e+00,1.00000000e+00,2.49999923e+07,-7.70427279e+00,-8.59713057e-01,-6.84455973e+00,1.00018464e-09
46,1.14779430e+00,3.63714066e-08,96,23,1,70,normal_corr_dominates,5.54820816e+00,1.00000000e+00,2.49999944e+07,-5.62958006e+00,-8.59713057e-01,-4.76986700e+00,1.00014868e-09
46,1.14779430e+00,3.63714066e-08,96,23,2,71,normal_corr_dominates,3.10386521e+01,1.00000000e+00,2.50000258e+07,2.58246214e+01,-8.59713057e-01,2.66843345e+01,1.00019094e-09
46,1.14779430e+00,3.63714066e-08,96,24,1,73,corr_ratio_high,5.81457923e-01,5.00000000e-01,2.49999938e+07,-6.15260137e+00,-1.60890256e+01,9.93642422e+00,1.00010736e-09
46,1.14779430e+00,3.63714066e-08,96,24,2,74,normal_corr_dominates,1.07924101e+00,1.00000000e+00,2.49999665e+07,-3.34529618e+01,-1.60890256e+01,-1.73639362e+01,1.00016134e-09
46,1.14779430e+00,3.63714066e-08,96,26,0,78,normal_corr_dominates,5.27506735e+00,1.00000000e+00,2.50000231e+07,2.31143619e+01,-5.40678310e+00,2.85211450e+01,1.00028130e-09
46,1.14779430e+00,3.63714066e-08,96,26,1,79,normal_corr_dominates,1.84029204e+00,1.00000000e+00,2.49999846e+07,-1.53568430e+01,-5.40678310e+00,-9.95005988e+00,1.00015426e-09
46,1.14779430e+00,3.63714066e-08,96,26,2,80,normal_corr_dominates,4.29942514e+00,1.00000000e+00,2.49999713e+07,-2.86528423e+01,-5.40678310e+00,-2.32460592e+01,1.00008897e-09
46,1.14779430e+00,3.63714066e-08,96,26,2,80,corr_ratio_high,1.22012189e+00,5.00000000e-01,2.49999713e+07,-2.86528423e+01,-5.40678310e+00,-2.32460592e+01,1.00008897e-09
46,1.14779430e+00,3.63714066e-08,96,27,0,81,normal_corr_dominates,4.32537899e+00,1.00000000e+00,2.49999742e+07,-2.58040905e+01,-4.84549374e+00,-2.09585968e+01,1.00013796e-09
46,1.14779430e+00,3.63714066e-08,96,27,1,82,normal_corr_dominates,2.72600472e+00,1.00000000e+00,2.50000084e+07,8.36334508e+00,-4.84549374e+00,1.32088388e+01,1.00013346e-09
46,1.14779430e+00,3.63714066e-08,96,29,0,87,normal_corr_dominates,1.02909380e+01,1.00000000e+00,2.49999297e+07,-7.02705823e+01,-6.22362663e+00,-6.40469556e+01,1.00012666e-09
46,1.14779430e+00,3.63714066e-08,96,29,0,87,corr_ratio_high,8.84514467e-01,5.00000000e-01,2.49999297e+07,-7.02705823e+01,-6.22362663e+00,-6.40469556e+01,1.00012666e-09
46,1.14779430e+00,3.63714066e-08,96,29,1,88,normal_corr_dominates,5.65396583e+00,1.00000000e+00,2.49999586e+07,-4.14117989e+01,-6.22362663e+00,-3.51881723e+01,1.00016214e-09
46,1.14779430e+00,3.63714066e-08,96,29,2,89,normal_corr_dominates,3.24156710e+00,1.00000000e+00,2.50000140e+07,1.39506767e+01,-6.22362663e+00,2.01743033e+01,1.00014460e-09
46,1.14779430e+00,3.63714066e-08,96,30,2,92,normal_corr_dominates,1.39768668e+00,1.00000000e+00,2.49999587e+07,-4.13260874e+01,-1.72358164e+01,-2.40902711e+01,1.00017178e-09
46,1.14779430e+00,3.63714066e-08,96,31,0,93,normal_corr_dominates,1.50555871e+00,1.00000000e+00,2.49999813e+07,-1.87353692e+01,-7.47752151e+00,-1.12578477e+01,1.00014195e-09
46,1.14779430e+00,3.63714066e-08,96,31,1,94,normal_corr_dominates,1.36007276e+00,1.00000000e+00,2.50000027e+07,2.69245178e+00,-7.47752151e+00,1.01699733e+01,1.00017360e-09
46,1.14779430e+00,3.63714066e-08,96,31,2,95,normal_corr_dominates,1.96328682e+00,1.00000000e+00,2.50000072e+07,7.20299789e+00,-7.47752151e+00,1.46805194e+01,1.00013066e-09
46,1.14779430e+00,3.63714066e-08,96,32,1,97,normal_corr_dominates,2.33856550e+00,1.00000000e+00,2.49999764e+07,-2.35675407e+01,-7.05918178e+00,-1.65083589e+01,1.00012355e-09
46,1.14779430e+00,3.63714066e-08,96,33,0,99,normal_corr_dominates,5.39386996e+00,1.00000000e+00,2.49999646e+07,-3.53850714e+01,-5.53421819e+00,-2.98508533e+01,1.00014222e-09
46,1.14779430e+00,3.63714066e-08,96,33,1,100,normal_corr_dominates,1.31908419e+00,1.00000000e+00,2.49999872e+07,-1.28343179e+01,-5.53421819e+00,-7.30009970e+00,1.00014518e-09
46,1.14779430e+00,3.63714066e-08,96,33,2,101,normal_corr_dominates,3.21940184e+00,1.00000000e+00,2.50000123e+07,1.22826540e+01,-5.53421819e+00,1.78168722e+01,1.00014403e-09
46,1.14779430e+00,3.63714066e-08,96,34,0,102,normal_corr_dominates,2.22545461e+00,1.00000000e+00,2.49999584e+07,-4.16431555e+01,-1.29107864e+01,-2.87323691e+01,1.00011983e-09
46,1.14779430e+00,3.63714066e-08,96,34,1,103,normal_corr_dominates,2.04857153e+00,1.00000000e+00,2.50000135e+07,1.35378831e+01,-1.29107864e+01,2.64486695e+01,1.00011243e-09
46,1.14779430e+00,3.63714066e-08,96,35,0,105,normal_corr_dominates,3.73516553e+01,1.00000000e+00,2.50000501e+07,5.00806229e+01,-1.37767104e+00,5.14582939e+01,1.00021446e-09
46,1.14779430e+00,3.63714066e-08,96,35,1,106,normal_corr_dominates,1.91819722e+01,1.00000000e+00,2.49999722e+07,-2.78041187e+01,-1.37767104e+00,-2.64264477e+01,1.00029769e-09
46,1.14779430e+00,3.63714066e-08,96,35,2,107,normal_corr_dominates,3.87230681e+01,1.00000000e+00,2.49999453e+07,-5.47253206e+01,-1.37767104e+00,-5.33476496e+01,1.00004948e-09
46,1.14779430e+00,3.63714066e-08,96,35,2,107,corr_ratio_high,4.22220016e+00,5.00000000e-01,2.49999453e+07,-5.47253206e+01,-1.37767104e+00,-5.33476496e+01,1.00004948e-09
46,1.14779430e+00,3.63714066e-08,96,36,1,109,corr_ratio_high,7.24889585e-01,5.00000000e-01,2.49999718e+07,-2.82497615e+01,-2.35506434e+01,-4.69911802e+00,1.00009198e-09
46,1.14779430e+00,3.63714066e-08,96,37,0,111,normal_corr_dominates,1.89618504e+00,1.00000000e+00,2.50000044e+07,4.36382562e+00,-4.86933550e+00,9.23316113e+00,1.00015112e-09
46,1.14779430e+00,3.63714066e-08,96,37,2,113,normal_corr_dominates,2.70307817e+00,1.00000000e+00,2.50000083e+07,8.29285899e+00,-4.86933550e+00,1.31621945e+01,1.00010798e-09
47,1.17023357e+00,3.70824640e-08,96,0,0,0,corr_ratio_high,9.33957245e-01,5.00000000e-01,2.49999727e+07,-2.72840306e+01,-1.99076502e+01,-7.37638035e+00,1.00009103e-09
47,1.17023357e+00,3.70824640e-08,96,0,2,2,normal_corr_dominates,1.13158704e+00,1.00000000e+00,2.50000026e+07,2.61958881e+00,-1.99076502e+01,2.25272390e+01,1.00015265e-09
47,1.17023357e+00,3.70824640e-08,96,1,0,3,normal_corr_dominates,8.28788532e+00,1.00000000e+00,2.50000231e+07,2.31349177e+01,-3.17443492e+00,2.63093526e+01,1.00019235e-09
47,1.17023357e+00,3.70824640e-08,96,1,1,4,normal_corr_dominates,8.97962794e+00,1.00000000e+00,2.49999683e+07,-3.16796795e+01,-3.17443492e+00,-2.85052445e+01,1.00012246e-09
47,1.17023357e+00,3.70824640e-08,96,1,1,4,corr_ratio_high,8.75486032e-01,5.00000000e-01,2.49999683e+07,-3.16796795e+01,-3.17443492e+00,-2.85052445e+01,1.00012246e-09
47,1.17023357e+00,3.70824640e-08,96,1,2,5,normal_corr_dominates,6.57989217e+00,1.00000000e+00,2.49999759e+07,-2.40618744e+01,-3.17443492e+00,-2.08874395e+01,1.00017830e-09
47,1.17023357e+00,3.70824640e-08,96,2,0,6,normal_corr_dominates,1.14024406e+00,1.00000000e+00,2.50000013e+07,1.34005596e+00,-9.55517099e+00,1.08952270e+01,1.00013577e-09
47,1.17023357e+00,3.70824640e-08,96,2,0,6,corr_ratio_high,5.87075168e-01,5.00000000e-01,2.50000013e+07,1.34005596e+00,-9.55517099e+00,1.08952270e+01,1.00013577e-09
47,1.17023357e+00,3.70824640e-08,96,2,1,7,normal_corr_dominates,3.59955035e+00,1.00000000e+00,2.49999561e+07,-4.39494901e+01,-9.55517099e+00,-3.43943191e+01,1.00016113e-09
47,1.17023357e+00,3.70824640e-08,96,2,2,8,normal_corr_dominates,3.75692633e+00,1.00000000e+00,2.50000263e+07,2.63429025e+01,-9.55517099e+00,3.58980735e+01,1.00024655e-09
47,1.17023357e+00,3.70824640e-08,96,3,0,9,normal_corr_dominates,1.71972810e+01,1.00000000e+00,2.49999485e+07,-5.14813369e+01,-2.82906753e+00,-4.86522693e+01,1.00037283e-09
47,1.17023357e+00,3.70824640e-08,96,3,0,9,corr_ratio_high,5.86132590e-01,5.00000000e-01,2.49999485e+07,-5.14813369e+01,-2.82906753e+00,-4.86522693e+01,1.00037283e-09
47,1.17023357e+00,3.70824640e-08,96,3,1,10,normal_corr_dominates,8.45037846e+00,1.00000000e+00,2.49999733e+07,-2.67357589e+01,-2.82906753e+00,-2.39066913e+01,1.00009910e-09
47,1.17023357e+00,3.70824640e-08,96,3,1,10,corr_ratio_high,8.55426329e-01,5.00000000e-01,2.49999733e+07,-2.67357589e+01,-2.82906753e+00,-2.39066913e+01,1.00009910e-09
47,1.17023357e+00,3.70824640e-08,96,3,2,11,normal_corr_dominates,1.07720528e+01,1.00000000e+00,2.50000276e+07,2.76457974e+01,-2.82906753e+00,3.04748649e+01,1.00004170e-09
47,1.17023357e+00,3.70824640e-08,96,3,2,11,corr_ratio_high,1.78038946e+00,5.00000000e-01,2.50000276e+07,2.76457974e+01,-2.82906753e+00,3.04748649e+01,1.00004170e-09
47,1.17023357e+00,3.70824640e-08,96,4,0,12,normal_corr_dominates,1.53737227e+00,1.00000000e+00,2.49999943e+07,-5.73443452e+00,-2.25998944e+00,-3.47444509e+00,1.00017205e-09
47,1.17023357e+00,3.70824640e-08,96,4,1,13,normal_corr_dominates,2.75682000e+00,1.00000000e+00,2.50000040e+07,3.97039465e+00,-2.25998944e+00,6.23038408e+00,1.00014646e-09
47,1.17023357e+00,3.70824640e-08,96,4,2,14,normal_corr_dominates,6.74247940e+00,1.00000000e+00,2.50000130e+07,1.29779428e+01,-2.25998944e+00,1.52379322e+01,1.00011971e-09
47,1.17023357e+00,3.70824640e-08,96,5,0,15,normal_corr_dominates,2.12727879e+00,1.00000000e+00,2.50000191e+07,1.91167154e+01,-1.69582853e+01,3.60750006e+01,1.00010741e-09
47,1.17023357e+00,3.70824640e-08,96,5,1,16,normal_corr_dominates,1.41378758e+00,1.00000000e+00,2.49999591e+07,-4.09336984e+01,-1.69582853e+01,-2.39754132e+01,1.00017414e-09
47,1.17023357e+00,3.70824640e-08,96,5,2,17,normal_corr_dominates,1.70622051e+00,1.00000000e+00,2.49999541e+07,-4.58928594e+01,-1.69582853e+01,-2.89345741e+01,1.00018446e-09
47,1.17023357e+00,3.70824640e-08,96,6,1,19,normal_corr_dominates,2.03401061e+00,1.00000000e+00,2.50000116e+07,1.15986632e+01,-1.12171607e+01,2.28158239e+01,1.00011089e-09
47,1.17023357e+00,3.70824640e-08,96,6,2,20,normal_corr_dominates,3.86713777e+00,1.00000000e+00,2.49999454e+07,-5.45954665e+01,-1.12171607e+01,-4.33783058e+01,1.00022515e-09
47,1.17023357e+00,3.70824640e-08,96,7,0,21,normal_corr_dominates,6.72038903e+01,1.00000000e+00,2.49999781e+07,-2.19256457e+01,-3.21472068e-01,-2.16041736e+01,1.00014224e-09
47,1.17023357e+00,3.70824640e-08,96,7,1,22,normal_corr_dominates,4.11600630e+01,1.00000000e+00,2.49999864e+07,-1.35532827e+01,-3.21472068e-01,-1.32318106e+01,1.00019154e-09
47,1.17023357e+00,3.70824640e-08,96,7,2,23,normal_corr_dominates,1.07687430e+02,1.00000000e+00,2.50000343e+07,3.42970288e+01,-3.21472068e-01,3.46185009e+01,1.00018101e-09
47,1.17023357e+00,3.70824640e-08,96,8,0,24,normal_corr_dominates,4.37394503e+00,1.00000000e+00,2.49999757e+07,-2.43199717e+01,-4.52553414e+00,-1.97944376e+01,1.00013574e-09
47,1.17023357e+00,3.70824640e-08,96,8,1,25,normal_corr_dominates,4.58464052e+00,1.00000000e+00,2.50000162e+07,1.62224130e+01,-4.52553414e+00,2.07479472e+01,1.00010335e-09
47,1.17023357e+00,3.70824640e-08,96,8,1,25,corr_ratio_high,5.21940256e-01,5.00000000e-01,2.50000162e+07,1.62224130e+01,-4.52553414e+00,2.07479472e+01,1.00010335e-09
47,1.17023357e+00,3.70824640e-08,96,8,2,26,normal_corr_dominates,2.92648077e+00,1.00000000e+00,2.50000087e+07,8.71835449e+00,-4.52553414e+00,1.32438886e+01,1.00015464e-09
47,1.17023357e+00,3.70824640e-08,96,9,0,27,normal_corr_dominates,1.30605993e+00,1.00000000e+00,2.50000035e+07,3.49711492e+00,-1.14262422e+01,1.49233572e+01,1.00020016e-09
47,1.17023357e+00,3.70824640e-08,96,9,1,28,normal_corr_dominates,2.13522359e+00,1.00000000e+00,2.49999642e+07,-3.58238242e+01,-1.14262422e+01,-2.43975819e+01,1.00015526e-09
47,1.17023357e+00,3.70824640e-08,96,9,2,29,normal_corr_dominates,2.45396435e+00,1.00000000e+00,2.49999605e+07,-3.94658334e+01,-1.14262422e+01,-2.80395911e+01,1.00015772e-09
47,1.17023357e+00,3.70824640e-08,96,10,0,30,normal_corr_dominates,5.19562985e+00,1.00000000e+00,2.50000152e+07,1.51525334e+01,-3.61150386e+00,1.87640373e+01,1.00015570e-09
47,1.17023357e+00,3.70824640e-08,96,10,1,31,normal_corr_dominates,1.05646318e+01,1.00000000e+00,2.50000345e+07,3.45427045e+01,-3.61150386e+00,3.81542084e+01,1.00026564e-09
47,1.17023357e+00,3.70824640e-08,96,10,2,32,normal_corr_dominates,9.35930497e+00,1.00000000e+00,2.49999626e+07,-3.74126699e+01,-3.61150386e+00,-3.38011660e+01,1.00015499e-09
47,1.17023357e+00,3.70824640e-08,96,11,0,33,normal_corr_dominates,2.93547890e+00,1.00000000e+00,2.49999938e+07,-6.15484310e+00,-1.56393752e+00,-4.59090558e+00,1.00022157e-09
47,1.17023357e+00,3.70824640e-08,96,11,1,34,normal_corr_dominates,6.62403366e+00,1.00000000e+00,2.50000088e+07,8.79563726e+00,-1.56393752e+00,1.03595748e+01,1.00019711e-09
47,1.17023357e+00,3.70824640e-08,96,11,2,35,normal_corr_dominates,1.22047288e+01,1.00000000e+00,2.49999793e+07,-2.06513708e+01,-1.56393752e+00,-1.90874333e+01,1.00010894e-09
47,1.17023357e+00,3.70824640e-08,96,11,2,35,corr_ratio_high,1.01738398e+00,5.00000000e-01,2.49999793e+07,-2.06513708e+01,-1.56393752e+00,-1.90874333e+01,1.00010894e-09
47,1.17023357e+00,3.70824640e-08,96,12,1,37,normal_corr_dominates,1.15680799e+00,1.00000000e+00,2.50000030e+07,2.95193629e+00,-1.88251649e+01,2.17771012e+01,1.00013319e-09
47,1.17023357e+00,3.70824640e-08,96,13,0,39,normal_corr_dominates,1.76357829e+00,1.00000000e+00,2.50000075e+07,7.47844263e+00,-9.79394353e+00,1.72723862e+01,1.00010802e-09
47,1.17023357e+00,3.70824640e-08,96,14,0,42,normal_corr_dominates,3.03375058e+00,1.00000000e+00,2.49999926e+07,-7.42075849e+00,-1.83966716e+00,-5.58109132e+00,1.00015969e-09
47,1.17023357e+00,3.70824640e-08,96,14,1,43,normal_corr_dominates,3.08909801e+00,1.00000000e+00,2.49999925e+07,-7.52257933e+00,-1.83966716e+00,-5.68291217e+00,1.00013517e-09
47,1.17023357e+00,3.70824640e-08,96,14,2,44,normal_corr_dominates,1.77140068e+01,1.00000000e+00,2.50000307e+07,3.07482094e+01,-1.83966716e+00,3.25878765e+01,1.00022230e-09
47,1.17023357e+00,3.70824640e-08,96,15,0,45,normal_corr_dominates,1.38316605e+00,1.00000000e+00,2.49999795e+07,-2.04824486e+01,-8.59463762e+00,-1.18878109e+01,1.00013072e-09
47,1.17023357e+00,3.70824640e-08,96,15,1,46,normal_corr_dominates,2.76615425e+00,1.00000000e+00,2.50000152e+07,1.51794557e+01,-8.59463762e+00,2.37740933e+01,1.00013516e-09
47,1.17023357e+00,3.70824640e-08,96,15,2,47,normal_corr_dominates,3.88844278e+00,1.00000000e+00,2.49999580e+07,-4.20143942e+01,-8.59463762e+00,-3.34197566e+01,1.00019528e-09
47,1.17023357e+00,3.70824640e-08,96,16,2,50,normal_corr_dominates,1.00987022e+00,1.00000000e+00,2.50000001e+07,1.46611913e-01,-1.48539647e+01,1.50005766e+01,1.00013970e-09
47,1.17023357e+00,3.70824640e-08,96,17,0,51,corr_ratio_high,5.13183388e-01,5.00000000e-01,2.49999953e+07,-4.70449359e+00,-1.40517654e+01,9.34727182e+00,1.00032859e-09
47,1.17023357e+00,3.70824640e-08,96,17,1,52,normal_corr_dominates,1.22119114e+00,1.00000000e+00,2.50000031e+07,3.10812602e+00,-1.40517654e+01,1.71598914e+01,1.00020497e-09
47,1.17023357e+00,3.70824640e-08,96,17,2,53,corr_ratio_high,2.56872440e+00,5.00000000e-01,2.49999999e+07,-1.01468421e-01,-1.40517654e+01,1.39502970e+01,1.00003258e-09
47,1.17023357e+00,3.70824640e-08,96,18,2,56,normal_corr_dominates,1.00335182e+00,1.00000000e+00,2.50000001e+07,8.54664632e-02,-2.54984882e+01,2.55839546e+01,1.00016490e-09
47,1.17023357e+00,3.70824640e-08,96,19,0,57,normal_corr_dominates,1.48044006e+01,1.00000000e+00,2.49999230e+07,-7.70131259e+01,-4.87289127e+00,-7.21402347e+01,1.00012336e-09
47,1.17023357e+00,3.70824640e-08,96,19,0,57,corr_ratio_high,1.15992850e+00,5.00000000e-01,2.49999230e+07,-7.70131259e+01,-4.87289127e+00,-7.21402347e+01,1.00012336e-09
47,1.17023357e+00,3.70824640e-08,96,19,2,59,normal_corr_dominates,2.33267423e+00,1.00000000e+00,2.50000065e+07,6.49397662e+00,-4.87289127e+00,1.13668679e+01,1.00014147e-09
47,1.17023357e+00,3.70824640e-08,96,20,1,61,normal_corr_dominates,1.04247607e+00,1.00000000e+00,2.50000005e+07,5.21330224e-01,-1.22735046e+01,1.27948348e+01,1.00018824e-09
47,1.17023357e+00,3.70824640e-08,96,20,2,62,normal_corr_dominates,2.47113479e+00,1.00000000e+00,2.49999574e+07,-4.26029888e+01,-1.22735046e+01,-3.03294842e+01,1.00014847e-09
47,1.17023357e+00,3.70824640e-08,96,21,0,63,normal_corr_dominates,1.58671658e+00,1.00000000e+00,2.49999758e+07,-2.42005159e+01,-9.35568901e+00,-1.48448269e+01,1.00013987e-09
47,1.17023357e+00,3.70824640e-08,96,21,1,64,normal_corr_dominates,2.28360300e+00,1.00000000e+00,2.50000120e+07,1.20089904e+01,-9.35568901e+00,2.13646795e+01,1.00014510e-09
47,1.17023357e+00,3.70824640e-08,96,21,2,65,normal_corr_dominates,1.43444381e+00,1.00000000e+00,2.50000041e+07,4.06452114e+00,-9.35568901e+00,1.34202102e+01,1.00016446e-09
47,1.17023357e+00,3.70824640e-08,96,22,0,66,normal_corr_dominates,2.72086115e+00,1.00000000e+00,2.50000170e+07,1.69576209e+01,-9.85414826e+00,2.68117691e+01,1.00020689e-09
47,1.17023357e+00,3.70824640e-08,96,22,1,67,normal_corr_dominates,1.28618979e+00,1.00000000e+00,2.49999775e+07,-2.25284532e+01,-9.85414826e+00,-1.26743049e+01,1.00017933e-09
47,1.17023357e+00,3.70824640e-08,96,22,2,68,corr_ratio_high,1.57019475e+00,5.00000000e-01,2.49999940e+07,-5.96753181e+00,-9.85414826e+00,3.88661645e+00,1.00007531e-09
47,1.17023357e+00,3.70824640e-08,96,23,0,69,normal_corr_dominates,7.95124251e+00,1.00000000e+00,2.49999922e+07,-7.84326531e+00,-8.76220848e-01,-6.96704446e+00,1.00018799e-09
47,1.17023357e+00,3.70824640e-08,96,23,1,70,normal_corr_dominates,5.54170741e+00,1.00000000e+00,2.49999943e+07,-5.73198042e+00,-8.76220848e-01,-4.85575957e+00,1.00015138e-09
47,1.17023357e+00,3.70824640e-08,96,23,2,71,normal_corr_dominates,3.10057153e+01,1.00000000e+00,2.50000263e+07,2.62916333e+01,-8.76220848e-01,2.71678542e+01,1.00019440e-09
47,1.17023357e+00,3.70824640e-08,96,24,1,73,corr_ratio_high,5.81470573e-01,5.00000000e-01,2.49999937e+07,-6.26629334e+00,-1.63819511e+01,1.01156578e+01,1.00010931e-09
47,1.17023357e+00,3.70824640e-08,96,24,2,74,normal_corr_dominates,1.07915432e+00,1.00000000e+00,2.49999659e+07,-3.40606045e+01,-1.63819511e+01,-1.76786534e+01,1.00016426e-09
47,1.17023357e+00,3.70824640e-08,96,26,0,78,normal_corr_dominates,5.27413978e+00,1.00000000e+00,2.50000235e+07,2.35320109e+01,-5.50567180e+00,2.90376826e+01,1.00028639e-09
47,1.17023357e+00,3.70824640e-08,96,26,1,79,normal_corr_dominates,1.83977999e+00,1.00000000e+00,2.49999844e+07,-1.56348966e+01,-5.50567180e+00,-1.01292248e+01,1.00015706e-09
47,1.17023357e+00,3.70824640e-08,96,26,2,80,normal_corr_dominates,4.29846664e+00,1.00000000e+00,2.49999708e+07,-2.91716183e+01,-5.50567180e+00,-2.36659465e+01,1.00009059e-09
47,1.17023357e+00,3.70824640e-08,96,26,2,80,corr_ratio_high,1.21993955e+00,5.00000000e-01,2.49999708e+07,-2.91716183e+01,-5.50567180e+00,-2.36659465e+01,1.00009059e-09
47,1.17023357e+00,3.70824640e-08,96,27,0,81,normal_corr_dominates,4.32412990e+00,1.00000000e+00,2.49999737e+07,-2.62707771e+01,-4.93428553e+00,-2.13364916e+01,1.00014046e-09
47,1.17023357e+00,3.70824640e-08,96,27,1,82,normal_corr_dominates,2.72592025e+00,1.00000000e+00,2.50000085e+07,8.51618333e+00,-4.93428553e+00,1.34504689e+01,1.00013588e-09
47,1.17023357e+00,3.70824640e-08,96,29,0,87,normal_corr_dominates,1.02888909e+01,1.00000000e+00,2.49999285e+07,-7.15436727e+01,-6.33752894e+00,-6.52061437e+01,1.00012896e-09
47,1.17023357e+00,3.70824640e-08,96,29,0,87,corr_ratio_high,8.84521226e-01,5.00000000e-01,2.49999285e+07,-7.15436727e+01,-6.33752894e+00,-6.52061437e+01,1.00012896e-09
47,1.17023357e+00,3.70824640e-08,96,29,1,88,normal_corr_dominates,5.65278193e+00,1.00000000e+00,2.49999578e+07,-4.21621980e+01,-6.33752894e+00,-3.58246691e+01,1.00016508e-09
47,1.17023357e+00,3.70824640e-08,96,29,2,89,normal_corr_dominates,3.24099485e+00,1.00000000e+00,2.50000142e+07,1.42023697e+01,-6.33752894e+00,2.05398987e+01,1.00014723e-09
47,1.17023357e+00,3.70824640e-08,96,30,2,92,normal_corr_dominates,1.39754234e+00,1.00000000e+00,2.49999579e+07,-4.20752098e+01,-1.75493083e+01,-2.45259015e+01,1.00017489e-09
47,1.17023357e+00,3.70824640e-08,96,31,0,93,normal_corr_dominates,1.50516901e+00,1.00000000e+00,2.49999809e+07,-1.90750610e+01,-7.61428109e+00,-1.14607800e+01,1.00014452e-09
47,1.17023357e+00,3.70824640e-08,96,31,1,94,normal_corr_dominates,1.35964340e+00,1.00000000e+00,2.50000027e+07,2.73842591e+00,-7.61428109e+00,1.03527070e+01,1.00017674e-09
47,1.17023357e+00,3.70824640e-08,96,31,2,95,normal_corr_dominates,1.96296230e+00,1.00000000e+00,2.50000073e+07,7.33226561e+00,-7.61428109e+00,1.49465467e+01,1.00013303e-09
47,1.17023357e+00,3.70824640e-08,96,32,1,97,normal_corr_dominates,2.33808513e+00,1.00000000e+00,2.49999760e+07,-2.39941130e+01,-7.18798716e+00,-1.68061259e+01,1.00012580e-09
47,1.17023357e+00,3.70824640e-08,96,33,0,99,normal_corr_dominates,5.39272818e+00,1.00000000e+00,2.49999640e+07,-3.60264141e+01,-5.63553042e+00,-3.03908837e+01,1.00014480e-09
47,1.17023357e+00,3.70824640e-08,96,33,1,100,normal_corr_dominates,1.31862708e+00,1.00000000e+00,2.49999869e+07,-1.30666935e+01,-5.63553042e+00,-7.43116304e+00,1.00014781e-09
47,1.17023357e+00,3.70824640e-08,96,33,2,101,normal_corr_dominates,3.21881368e+00,1.00000000e+00,2.50000125e+07,1.25041920e+01,-5.63553042e+00,1.81397224e+01,1.00014664e-09
47,1.17023357e+00,3.70824640e-08,96,34,0,102,normal_corr_dominates,2.22525243e+00,1.00000000e+00,2.49999576e+07,-4.23995940e+01,-1.31461319e+01,-2.92534620e+01,1.00012200e-09
47,1.17023357e+00,3.70824640e-08,96,34,1,103,normal_corr_dominates,2.04830217e+00,1.00000000e+00,2.50000138e+07,1.37811186e+01,-1.31461319e+01,2.69272505e+01,1.00011447e-09
47,1.17023357e+00,3.70824640e-08,96,35,0,105,normal_corr_dominates,3.73245921e+01,1.00000000e+00,2.50000510e+07,5.09860792e+01,-1.40362427e+00,5.23897035e+01,1.00021834e-09
47,1.17023357e+00,3.70824640e-08,96,35,1,106,normal_corr_dominates,1.91675363e+01,1.00000000e+00,2.49999717e+07,-2.83076436e+01,-1.40362427e+00,-2.69040193e+01,1.00030308e-09
47,1.17023357e+00,3.70824640e-08,96,35,2,107,normal_corr_dominates,3.86938864e+01,1.00000000e+00,2.49999443e+07,-5.57153026e+01,-1.40362427e+00,-5.43116783e+01,1.00005038e-09
47,1.17023357e+00,3.70824640e-08,96,35,2,107,corr_ratio_high,4.22137888e+00,5.00000000e-01,2.49999443e+07,-5.57153026e+01,-1.40362427e+00,-5.43116783e+01,1.00005038e-09
47,1.17023357e+00,3.70824640e-08,96,36,1,109,corr_ratio_high,7.24864043e-01,5.00000000e-01,2.49999712e+07,-2.87637926e+01,-2.39788218e+01,-4.78497085e+00,1.00009365e-09
47,1.17023357e+00,3.70824640e-08,96,37,0,111,normal_corr_dominates,1.89630270e+00,1.00000000e+00,2.50000044e+07,4.44443102e+00,-4.95862727e+00,9.40305829e+00,1.00015385e-09
47,1.17023357e+00,3.70824640e-08,96,37,2,113,normal_corr_dominates,2.70252394e+00,1.00000000e+00,2.50000084e+07,8.44218166e+00,-4.95862727e+00,1.34008089e+01,1.00010994e-09
48,1.19249982e+00,3.77880392e-08,96,0,0,0,corr_ratio_high,9.33893833e-01,5.00000000e-01,2.49999722e+07,-2.77667615e+01,-2.02600253e+01,-7.50673622e+00,1.00009264e-09
48,1.19249982e+00,3.77880392e-08,96,0,2,2,normal_corr_dominates,1.13142257e+00,1.00000000e+00,2.50000027e+07,2.66262450e+00,-2.02600253e+01,2.29226498e+01,1.00015534e-09
48,1.19249982e+00,3.77880392e-08,96,1,0,3,normal_corr_dominates,8.28694692e+00,1.00000000e+00,2.50000235e+07,2.35409153e+01,-3.23055946e+00,2.67714748e+01,1.00019574e-09
48,1.19249982e+00,3.77880392e-08,96,1,1,4,normal_corr_dominates,8.98030599e+00,1.00000000e+00,2.49999678e+07,-3.22419719e+01,-3.23055946e+00,-2.90114125e+01,1.00012462e-09
48,1.19249982e+00,3.77880392e-08,96,1,1,4,corr_ratio_high,8.75520752e-01,5.00000000e-01,2.49999678e+07,-3.22419719e+01,-3.23055946e+00,-2.90114125e+01,1.00012462e-09
48,1.19249982e+00,3.77880392e-08,96,1,2,5,normal_corr_dominates,6.57870093e+00,1.00000000e+00,2.49999755e+07,-2.44834440e+01,-3.23055946e+00,-2.12528845e+01,1.00018145e-09
48,1.19249982e+00,3.77880392e-08,96,2,0,6,normal_corr_dominates,1.13973735e+00,1.00000000e+00,2.50000014e+07,1.35882224e+00,-9.72411635e+00,1.10829386e+01,1.00013816e-09
48,1.19249982e+00,3.77880392e-08,96,2,0,6,corr_ratio_high,5.87113677e-01,5.00000000e-01,2.50000014e+07,1.35882224e+00,-9.72411635e+00,1.10829386e+01,1.00013816e-09
48,1.19249982e+00,3.77880392e-08,96,2,1,7,normal_corr_dominates,3.59914403e+00,1.00000000e+00,2.49999553e+07,-4.47226116e+01,-9.72411635e+00,-3.49984953e+01,1.00016397e-09
48,1.19249982e+00,3.77880392e-08,96,2,2,8,normal_corr_dominates,3.75687943e+00,1.00000000e+00,2.50000268e+07,2.68082163e+01,-9.72411635e+00,3.65323327e+01,1.00025090e-09
48,1.19249982e+00,3.77880392e-08,96,3,0,9,normal_corr_dominates,1.71890321e+01,1.00000000e+00,2.49999476e+07,-5.23879254e+01,-2.88019313e+00,-4.95077322e+01,1.00037939e-09
48,1.19249982e+00,3.77880392e-08,96,3,0,9,corr_ratio_high,5.86126653e-01,5.00000000e-01,2.49999476e+07,-5.23879254e+01,-2.88019313e+00,-4.95077322e+01,1.00037939e-09
48,1.19249982e+00,3.77880392e-08,96,3,1,10,normal_corr_dominates,8.44588534e+00,1.00000000e+00,2.49999728e+07,-2.72059741e+01,-2.88019313e+00,-2.43257809e+01,1.00010085e-09
48,1.19249982e+00,3.77880392e-08,96,3,1,10,corr_ratio_high,8.55408982e-01,5.00000000e-01,2.49999728e+07,-2.72059741e+01,-2.88019313e+00,-2.43257809e+01,1.00010085e-09
48,1.19249982e+00,3.77880392e-08,96,3,2,11,normal_corr_dominates,1.07664127e+01,1.00000000e+00,2.50000281e+07,2.81291547e+01,-2.88019313e+00,3.10093478e+01,1.00004244e-09
48,1.19249982e+00,3.77880392e-08,96,3,2,11,corr_ratio_high,1.78011900e+00,5.00000000e-01,2.50000281e+07,2.81291547e+01,-2.88019313e+00,3.10093478e+01,1.00004244e-09
48,1.19249982e+00,3.77880392e-08,96,4,0,12,normal_corr_dominates,1.53618089e+00,1.00000000e+00,2.49999942e+07,-5.83530375e+00,-2.30082316e+00,-3.53448059e+00,1.00017508e-09
48,1.19249982e+00,3.77880392e-08,96,4,1,13,normal_corr_dominates,2.75516054e+00,1.00000000e+00,2.50000040e+07,4.03831404e+00,-2.30082316e+00,6.33913720e+00,1.00014904e-09
48,1.19249982e+00,3.77880392e-08,96,4,2,14,normal_corr_dominates,6.73975009e+00,1.00000000e+00,2.50000132e+07,1.32061500e+01,-2.30082316e+00,1.55069731e+01,1.00012183e-09
48,1.19249982e+00,3.77880392e-08,96,5,0,15,normal_corr_dominates,2.12697187e+00,1.00000000e+00,2.50000194e+07,1.94499910e+01,-1.72586305e+01,3.67086215e+01,1.00010931e-09
48,1.19249982e+00,3.77880392e-08,96,5,1,16,normal_corr_dominates,1.41356943e+00,1.00000000e+00,2.49999583e+07,-4.16549029e+01,-1.72586305e+01,-2.43962724e+01,1.00017721e-09
48,1.19249982e+00,3.77880392e-08,96,5,2,17,normal_corr_dominates,1.70612292e+00,1.00000000e+00,2.49999533e+07,-4.67039754e+01,-1.72586305e+01,-2.94453450e+01,1.00018771e-09
48,1.19249982e+00,3.77880392e-08,96,6,1,19,normal_corr_dominates,2.03351492e+00,1.00000000e+00,2.50000118e+07,1.17987912e+01,-1.14161789e+01,2.32149701e+01,1.00011285e-09
48,1.19249982e+00,3.77880392e-08,96,6,2,20,normal_corr_dominates,3.86666402e+00,1.00000000e+00,2.49999444e+07,-5.55587069e+01,-1.14161789e+01,-4.41425281e+01,1.00022912e-09
48,1.19249982e+00,3.77880392e-08,96,7,0,21,normal_corr_dominates,6.71197736e+01,1.00000000e+00,2.49999777e+07,-2.23162688e+01,-3.27603392e-01,-2.19886655e+01,1.00014474e-09
48,1.19249982e+00,3.77880392e-08,96,7,1,22,normal_corr_dominates,4.10894298e+01,1.00000000e+00,2.49999862e+07,-1.37886399e+01,-3.27603392e-01,-1.34610365e+01,1.00019492e-09
48,1.19249982e+00,3.77880392e-08,96,7,2,23,normal_corr_dominates,1.07533425e+02,1.00000000e+00,2.50000349e+07,3.49007114e+01,-3.27603392e-01,3.52283148e+01,1.00018420e-09
48,1.19249982e+00,3.77880392e-08,96,8,0,24,normal_corr_dominates,4.37229180e+00,1.00000000e+00,2.49999753e+07,-2.47477635e+01,-4.60655608e+00,-2.01412074e+01,1.00013814e-09
48,1.19249982e+00,3.77880392e-08,96,8,1,25,normal_corr_dominates,4.58285171e+00,1.00000000e+00,2.50000165e+07,1.65046073e+01,-4.60655608e+00,2.11111634e+01,1.00010518e-09
48,1.19249982e+00,3.77880392e-08,96,8,1,25,corr_ratio_high,5.21883811e-01,5.00000000e-01,2.50000165e+07,1.65046073e+01,-4.60655608e+00,2.11111634e+01,1.00010518e-09
48,1.19249982e+00,3.77880392e-08,96,8,2,26,normal_corr_dominates,2.92528316e+00,1.00000000e+00,2.50000089e+07,8.86892484e+00,-4.60655608e+00,1.34754809e+01,1.00015737e-09
48,1.19249982e+00,3.77880392e-08,96,9,0,27,normal_corr_dominates,1.30589292e+00,1.00000000e+00,2.50000036e+07,3.55726072e+00,-1.16291045e+01,1.51863653e+01,1.00020369e-09
48,1.19249982e+00,3.77880392e-08,96,9,1,28,normal_corr_dominates,2.13486921e+00,1.00000000e+00,2.49999635e+07,-3.64557218e+01,-1.16291045e+01,-2.48266173e+01,1.00015800e-09
48,1.19249982e+00,3.77880392e-08,96,9,2,29,normal_corr_dominates,2.45368181e+00,1.00000000e+00,2.49999598e+07,-4.01632269e+01,-1.16291045e+01,-2.85341223e+01,1.00016050e-09
48,1.19249982e+00,3.77880392e-08,96,10,0,30,normal_corr_dominates,5.19404937e+00,1.00000000e+00,2.50000154e+07,1.54164121e+01,-3.67578221e+00,1.90921943e+01,1.00015845e-09
48,1.19249982e+00,3.77880392e-08,96,10,1,31,normal_corr_dominates,1.05630604e+01,1.00000000e+00,2.50000352e+07,3.51517272e+01,-3.67578221e+00,3.88275094e+01,1.00027032e-09
48,1.19249982e+00,3.77880392e-08,96,10,2,32,normal_corr_dominates,9.35708506e+00,1.00000000e+00,2.49999619e+07,-3.80703890e+01,-3.67578221e+00,-3.43946068e+01,1.00015772e-09
48,1.19249982e+00,3.77880392e-08,96,11,0,33,normal_corr_dominates,2.93617991e+00,1.00000000e+00,2.49999937e+07,-6.26326787e+00,-1.59120468e+00,-4.67206320e+00,1.00022547e-09
48,1.19249982e+00,3.77880392e-08,96,11,1,34,normal_corr_dominates,6.62452356e+00,1.00000000e+00,2.50000089e+07,8.94976819e+00,-1.59120468e+00,1.05409729e+01,1.00020058e-09
48,1.19249982e+00,3.77880392e-08,96,11,2,35,normal_corr_dominates,1.22083892e+01,1.00000000e+00,2.49999790e+07,-2.10172506e+01,-1.59120468e+00,-1.94260459e+01,1.00011087e-09
48,1.19249982e+00,3.77880392e-08,96,11,2,35,corr_ratio_high,1.01732064e+00,5.00000000e-01,2.49999790e+07,-2.10172506e+01,-1.59120468e+00,-1.94260459e+01,1.00011087e-09
48,1.19249982e+00,3.77880392e-08,96,12,1,37,normal_corr_dominates,1.15662066e+00,1.00000000e+00,2.50000030e+07,3.00062577e+00,-1.91585567e+01,2.21591824e+01,1.00013554e-09
48,1.19249982e+00,3.77880392e-08,96,13,0,39,normal_corr_dominates,1.76329463e+00,1.00000000e+00,2.50000076e+07,7.60843674e+00,-9.96788983e+00,1.75763266e+01,1.00010993e-09
48,1.19249982e+00,3.77880392e-08,96,14,0,42,normal_corr_dominates,3.03194141e+00,1.00000000e+00,2.49999924e+07,-7.55200134e+00,-1.87304342e+00,-5.67895792e+00,1.00016250e-09
48,1.19249982e+00,3.77880392e-08,96,14,1,43,normal_corr_dominates,3.08762315e+00,1.00000000e+00,2.49999923e+07,-7.65629564e+00,-1.87304342e+00,-5.78325222e+00,1.00013755e-09
48,1.19249982e+00,3.77880392e-08,96,14,2,44,normal_corr_dominates,1.77050068e+01,1.00000000e+00,2.50000313e+07,3.12892031e+01,-1.87304342e+00,3.31622466e+01,1.00022622e-09
48,1.19249982e+00,3.77880392e-08,96,15,0,45,normal_corr_dominates,1.38276699e+00,1.00000000e+00,2.49999792e+07,-2.08431946e+01,-8.74747499e+00,-1.20957197e+01,1.00013302e-09
48,1.19249982e+00,3.77880392e-08,96,15,1,46,normal_corr_dominates,2.76557407e+00,1.00000000e+00,2.50000154e+07,1.54443151e+01,-8.74747499e+00,2.41917900e+01,1.00013755e-09
48,1.19249982e+00,3.77880392e-08,96,15,2,47,normal_corr_dominates,3.88784022e+00,1.00000000e+00,2.49999572e+07,-4.27562601e+01,-8.74747499e+00,-3.40087851e+01,1.00019872e-09
48,1.19249982e+00,3.77880392e-08,96,16,2,50,normal_corr_dominates,1.00960276e+00,1.00000000e+00,2.50000001e+07,1.45166270e-01,-1.51171384e+01,1.52623047e+01,1.00014217e-09
48,1.19249982e+00,3.77880392e-08,96,17,0,51,corr_ratio_high,5.13167236e-01,5.00000000e-01,2.49999952e+07,-4.78705828e+00,-1.43012926e+01,9.51423428e+00,1.00033437e-09
48,1.19249982e+00,3.77880392e-08,96,17,1,52,normal_corr_dominates,1.22083333e+00,1.00000000e+00,2.50000032e+07,3.15820202e+00,-1.43012926e+01,1.74594946e+01,1.00020859e-09
48,1.19249982e+00,3.77880392e-08,96,17,2,53,corr_ratio_high,2.56846575e+00,5.00000000e-01,2.49999999e+07,-1.05877044e-01,-1.43012926e+01,1.41954155e+01,1.00003317e-09
48,1.19249982e+00,3.77880392e-08,96,18,2,56,normal_corr_dominates,1.00322422e+00,1.00000000e+00,2.50000001e+07,8.36668177e-02,-2.59494390e+01,2.60331059e+01,1.00016781e-09
48,1.19249982e+00,3.77880392e-08,96,19,0,57,normal_corr_dominates,1.48016677e+01,1.00000000e+00,2.49999216e+07,-7.83710341e+01,-4.95966852e+00,-7.34113655e+01,1.00012554e-09
48,1.19249982e+00,3.77880392e-08,96,19,0,57,corr_ratio_high,1.15982366e+00,5.00000000e-01,2.49999216e+07,-7.83710341e+01,-4.95966852e+00,-7.34113655e+01,1.00012554e-09
48,1.19249982e+00,3.77880392e-08,96,19,2,59,normal_corr_dominates,2.33245080e+00,1.00000000e+00,2.50000066e+07,6.60851428e+00,-4.95966852e+00,1.15681828e+01,1.00014397e-09
48,1.19249982e+00,3.77880392e-08,96,20,1,61,normal_corr_dominates,1.04233187e+00,1.00000000e+00,2.50000005e+07,5.28784705e-01,-1.24914085e+01,1.30201932e+01,1.00019156e-09
48,1.19249982e+00,3.77880392e-08,96,20,2,62,normal_corr_dominates,2.47076940e+00,1.00000000e+00,2.49999566e+07,-4.33547985e+01,-1.24914085e+01,-3.08633899e+01,1.00015109e-09
48,1.19249982e+00,3.77880392e-08,96,21,0,63,normal_corr_dominates,1.58633828e+00,1.00000000e+00,2.49999754e+07,-2.46271576e+01,-9.52201724e+00,-1.51051404e+01,1.00014234e-09
48,1.19249982e+00,3.77880392e-08,96,21,1,64,normal_corr_dominates,2.28310810e+00,1.00000000e+00,2.50000122e+07,1.22177774e+01,-9.52201724e+00,2.17397947e+01,1.00014766e-09
48,1.19249982e+00,3.77880392e-08,96,21,2,65,normal_corr_dominates,1.43407169e+00,1.00000000e+00,2.50000041e+07,4.13323813e+00,-9.52201724e+00,1.36552554e+01,1.00016736e-09
48,1.19249982e+00,3.77880392e-08,96,22,0,66,normal_corr_dominates,2.72016166e+00,1.00000000e+00,2.50000173e+07,1.72524069e+01,-1.00295265e+01,2.72819334e+01,1.00021054e-09
48,1.19249982e+00,3.77880392e-08,96,22,1,67,normal_corr_dominates,1.28595001e+00,1.00000000e+00,2.49999771e+07,-2.29269962e+01,-1.00295265e+01,-1.28974697e+01,1.00018249e-09
48,1.19249982e+00,3.77880392e-08,96,22,2,68,corr_ratio_high,1.57011553e+00,5.00000000e-01,2.49999939e+07,-6.07429122e+00,-1.00295265e+01,3.95523528e+00,1.00007664e-09
48,1.19249982e+00,3.77880392e-08,96,23,0,69,normal_corr_dominates,7.94116748e+00,1.00000000e+00,2.49999920e+07,-7.98093348e+00,-8.92605301e-01,-7.08832818e+00,1.00019130e-09
48,1.19249982e+00,3.77880392e-08,96,23,1,70,normal_corr_dominates,5.53528278e+00,1.00000000e+00,2.49999942e+07,-5.83342806e+00,-8.92605301e-01,-4.94082276e+00,1.00015405e-09
48,1.19249982e+00,3.77880392e-08,96,23,2,71,normal_corr_dominates,3.09731367e+01,1.00000000e+00,2.50000268e+07,2.67541807e+01,-8.92605301e-01,2.76467860e+01,1.00019783e-09
48,1.19249982e+00,3.77880392e-08,96,24,1,73,corr_ratio_high,5.81482838e-01,5.00000000e-01,2.49999936e+07,-6.37898004e+00,-1.66721369e+01,1.02931569e+01,1.00011124e-09
48,1.19249982e+00,3.77880392e-08,96,24,2,74,normal_corr_dominates,1.07906878e+00,1.00000000e+00,2.49999653e+07,-3.46625193e+01,-1.66721369e+01,-1.79903824e+01,1.00016716e-09
48,1.19249982e+00,3.77880392e-08,96,26,0,78,normal_corr_dominates,5.27322613e+00,1.00000000e+00,2.50000239e+07,2.39456788e+01,-5.60365357e+00,2.95493324e+01,1.00029144e-09
48,1.19249982e+00,3.77880392e-08,96,26,1,79,normal_corr_dominates,1.83927551e+00,1.00000000e+00,2.49999841e+07,-1.59103163e+01,-5.60365357e+00,-1.03066628e+01,1.00015983e-09
48,1.19249982e+00,3.77880392e-08,96,26,2,80,normal_corr_dominates,4.29752249e+00,1.00000000e+00,2.49999703e+07,-2.96854808e+01,-5.60365357e+00,-2.40818272e+01,1.00009219e-09
48,1.19249982e+00,3.77880392e-08,96,26,2,80,corr_ratio_high,1.21976007e+00,5.00000000e-01,2.49999703e+07,-2.96854808e+01,-5.60365357e+00,-2.40818272e+01,1.00009219e-09
48,1.19249982e+00,3.77880392e-08,96,27,0,81,normal_corr_dominates,4.32289883e+00,1.00000000e+00,2.49999733e+07,-2.67330268e+01,-5.02226844e+00,-2.17107583e+01,1.00014293e-09
48,1.19249982e+00,3.77880392e-08,96,27,1,82,normal_corr_dominates,2.72583217e+00,1.00000000e+00,2.50000087e+07,8.66759244e+00,-5.02226844e+00,1.36898609e+01,1.00013827e-09
48,1.19249982e+00,3.77880392e-08,96,29,0,87,normal_corr_dominates,1.02868778e+01,1.00000000e+00,2.49999272e+07,-7.28047123e+01,-6.45038544e+00,-6.63543268e+01,1.00013123e-09
48,1.19249982e+00,3.77880392e-08,96,29,0,87,corr_ratio_high,8.84527608e-01,5.00000000e-01,2.49999272e+07,-7.28047123e+01,-6.45038544e+00,-6.63543268e+01,1.00013123e-09
48,1.19249982e+00,3.77880392e-08,96,29,1,88,normal_corr_dominates,5.65161707e+00,1.00000000e+00,2.49999571e+07,-4.29054939e+01,-6.45038544e+00,-3.64551084e+01,1.00016799e-09
48,1.19249982e+00,3.77880392e-08,96,29,2,89,normal_corr_dominates,3.24043158e+00,1.00000000e+00,2.50000145e+07,1.44516473e+01,-6.45038544e+00,2.09020327e+01,1.00014982e-09
48,1.19249982e+00,3.77880392e-08,96,30,2,92,normal_corr_dominates,1.39740030e+00,1.00000000e+00,2.49999572e+07,-4.28172395e+01,-1.78598624e+01,-2.49573771e+01,1.00017798e-09
48,1.19249982e+00,3.77880392e-08,96,31,0,93,normal_corr_dominates,1.50478570e+00,1.00000000e+00,2.49999806e+07,-1.94115420e+01,-7.74978156e+00,-1.16617604e+01,1.00014707e-09
48,1.19249982e+00,3.77880392e-08,96,31,1,94,normal_corr_dominates,1.35922195e+00,1.00000000e+00,2.50000028e+07,2.78389166e+00,-7.74978156e+00,1.05336732e+01,1.00017986e-09
48,1.19249982e+00,3.77880392e-08,96,31,2,95,normal_corr_dominates,1.96264226e+00,1.00000000e+00,2.50000075e+07,7.46026723e+00,-7.74978156e+00,1.52100488e+01,1.00013538e-09
48,1.19249982e+00,3.77880392e-08,96,32,1,97,normal_corr_dominates,2.33761200e+00,1.00000000e+00,2.49999756e+07,-2.44166406e+01,-7.31560188e+00,-1.71010387e+01,1.00012802e-09
48,1.19249982e+00,3.77880392e-08,96,33,0,99,normal_corr_dominates,5.39160507e+00,1.00000000e+00,2.49999633e+07,-3.66616916e+01,-5.73591315e+00,-3.09257784e+01,1.00014736e-09
48,1.19249982e+00,3.77880392e-08,96,33,1,100,normal_corr_dominates,1.31817724e+00,1.00000000e+00,2.49999867e+07,-1.32968633e+01,-5.73591315e+00,-7.56095014e+00,1.00015042e-09
48,1.19249982e+00,3.77880392e-08,96,33,2,101,normal_corr_dominates,3.21823435e+00,1.00000000e+00,2.50000127e+07,1.27235996e+01,-5.73591315e+00,1.84595127e+01,1.00014923e-09
48,1.19249982e+00,3.77880392e-08,96,34,0,102,normal_corr_dominates,2.22505473e+00,1.00000000e+00,2.49999569e+07,-4.31489228e+01,-1.33792839e+01,-2.97696389e+01,1.00012416e-09
48,1.19249982e+00,3.77880392e-08,96,34,1,103,normal_corr_dominates,2.04803788e+00,1.00000000e+00,2.50000140e+07,1.40219963e+01,-1.33792839e+01,2.74012802e+01,1.00011649e-09
48,1.19249982e+00,3.77880392e-08,96,35,0,105,normal_corr_dominates,3.72979875e+01,1.00000000e+00,2.50000519e+07,5.18829025e+01,-1.42936031e+00,5.33122628e+01,1.00022218e-09
48,1.19249982e+00,3.77880392e-08,96,35,1,106,normal_corr_dominates,1.91533232e+01,1.00000000e+00,2.49999712e+07,-2.88063602e+01,-1.42936031e+00,-2.73769999e+01,1.00030842e-09
48,1.19249982e+00,3.77880392e-08,96,35,2,107,normal_corr_dominates,3.86652132e+01,1.00000000e+00,2.49999433e+07,-5.66958813e+01,-1.42936031e+00,-5.52665210e+01,1.00005128e-09
48,1.19249982e+00,3.77880392e-08,96,35,2,107,corr_ratio_high,4.22057176e+00,5.00000000e-01,2.49999433e+07,-5.66958813e+01,-1.42936031e+00,-5.52665210e+01,1.00005128e-09
48,1.19249982e+00,3.77880392e-08,96,36,1,109,corr_ratio_high,7.24838884e-01,5.00000000e-01,2.49999707e+07,-2.92730052e+01,-2.44029850e+01,-4.87002023e+00,1.00009531e-09
48,1.19249982e+00,3.77880392e-08,96,37,0,111,normal_corr_dominates,1.89641489e+00,1.00000000e+00,2.50000045e+07,4.52430045e+00,-5.04710543e+00,9.57140588e+00,1.00015656e-09
48,1.19249982e+00,3.77880392e-08,96,37,2,113,normal_corr_dominates,2.70197499e+00,1.00000000e+00,2.50000086e+07,8.59004721e+00,-5.04710543e+00,1.36371526e+01,1.00011189e-09
49,1.21579289e+00,3.85261518e-08,96,0,0,0,corr_ratio_high,9.33828053e-01,5.00000000e-01,2.49999717e+07,-2.82708978e+01,-2.06280354e+01,-7.64286245e+00,1.00009432e-09
49,1.21579289e+00,3.85261518e-08,96,0,2,2,normal_corr_dominates,1.13125201e+00,1.00000000e+00,2.50000027e+07,2.70747110e+00,-2.06280354e+01,2.33355065e+01,1.00015815e-09
49,1.21579289e+00,3.85261518e-08,96,1,0,3,normal_corr_dominates,8.28595180e+00,1.00000000e+00,2.50000240e+07,2.39648071e+01,-3.28918002e+00,2.72539871e+01,1.00019928e-09
49,1.21579289e+00,3.85261518e-08,96,1,1,4,normal_corr_dominates,8.98097950e+00,1.00000000e+00,2.49999672e+07,-3.28292384e+01,-3.28918002e+00,-2.95400583e+01,1.00012687e-09
49,1.21579289e+00,3.85261518e-08,96,1,1,4,corr_ratio_high,8.75556124e-01,5.00000000e-01,2.49999672e+07,-3.28292384e+01,-3.28918002e+00,-2.95400583e+01,1.00012687e-09
49,1.21579289e+00,3.85261518e-08,96,1,2,5,normal_corr_dominates,6.57745003e+00,1.00000000e+00,2.49999751e+07,-2.49235972e+01,-3.28918002e+00,-2.16344172e+01,1.00018474e-09
49,1.21579289e+00,3.85261518e-08,96,2,0,6,normal_corr_dominates,1.13921267e+00,1.00000000e+00,2.50000014e+07,1.37828277e+00,-9.90055523e+00,1.12788380e+01,1.00014066e-09
49,1.21579289e+00,3.85261518e-08,96,2,0,6,corr_ratio_high,5.87153263e-01,5.00000000e-01,2.50000014e+07,1.37828277e+00,-9.90055523e+00,1.12788380e+01,1.00014066e-09
49,1.21579289e+00,3.85261518e-08,96,2,1,7,normal_corr_dominates,3.59872222e+00,1.00000000e+00,2.49999545e+07,-4.55299033e+01,-9.90055523e+00,-3.56293481e+01,1.00016693e-09
49,1.21579289e+00,3.85261518e-08,96,2,2,8,normal_corr_dominates,3.75682970e+00,1.00000000e+00,2.50000273e+07,2.72941447e+01,-9.90055523e+00,3.71946999e+01,1.00025543e-09
49,1.21579289e+00,3.85261518e-08,96,3,0,9,normal_corr_dominates,1.71804574e+01,1.00000000e+00,2.49999467e+07,-5.33345692e+01,-2.93362086e+00,-5.04009483e+01,1.00038625e-09
49,1.21579289e+00,3.85261518e-08,96,3,0,9,corr_ratio_high,5.86120419e-01,5.00000000e-01,2.49999467e+07,-5.33345692e+01,-2.93362086e+00,-5.04009483e+01,1.00038625e-09
49,1.21579289e+00,3.85261518e-08,96,3,1,10,normal_corr_dominates,8.44122804e+00,1.00000000e+00,2.49999723e+07,-2.76969835e+01,-2.93362086e+00,-2.47633627e+01,1.00010267e-09
49,1.21579289e+00,3.85261518e-08,96,3,1,10,corr_ratio_high,8.55390482e-01,5.00000000e-01,2.49999723e+07,-2.76969835e+01,-2.93362086e+00,-2.47633627e+01,1.00010267e-09
49,1.21579289e+00,3.85261518e-08,96,3,2,11,normal_corr_dominates,1.07605530e+01,1.00000000e+00,2.50000286e+07,2.86337618e+01,-2.93362086e+00,3.15673826e+01,1.00004322e-09
49,1.21579289e+00,3.85261518e-08,96,3,2,11,corr_ratio_high,1.77983930e+00,5.00000000e-01,2.50000286e+07,2.86337618e+01,-2.93362086e+00,3.15673826e+01,1.00004322e-09
49,1.21579289e+00,3.85261518e-08,96,4,0,12,normal_corr_dominates,1.53494477e+00,1.00000000e+00,2.49999941e+07,-5.94063508e+00,-2.34349685e+00,-3.59713823e+00,1.00017825e-09
49,1.21579289e+00,3.85261518e-08,96,4,1,13,normal_corr_dominates,2.75343752e+00,1.00000000e+00,2.50000041e+07,4.10917530e+00,-2.34349685e+00,6.45267215e+00,1.00015174e-09
49,1.21579289e+00,3.85261518e-08,96,4,2,14,normal_corr_dominates,6.73690646e+00,1.00000000e+00,2.50000134e+07,1.34444222e+01,-2.34349685e+00,1.57879191e+01,1.00012404e-09
49,1.21579289e+00,3.85261518e-08,96,5,0,15,normal_corr_dominates,2.12665361e+00,1.00000000e+00,2.50000198e+07,1.97979034e+01,-1.75723072e+01,3.73702106e+01,1.00011129e-09
49,1.21579289e+00,3.85261518e-08,96,5,1,16,normal_corr_dominates,1.41334349e+00,1.00000000e+00,2.49999576e+07,-4.24080132e+01,-1.75723072e+01,-2.48357060e+01,1.00018042e-09
49,1.21579289e+00,3.85261518e-08,96,5,2,17,normal_corr_dominates,1.70602090e+00,1.00000000e+00,2.49999524e+07,-4.75510306e+01,-1.75723072e+01,-2.99787234e+01,1.00019111e-09
49,1.21579289e+00,3.85261518e-08,96,6,1,19,normal_corr_dominates,2.03300042e+00,1.00000000e+00,2.50000120e+07,1.20076425e+01,-1.16240442e+01,2.36316867e+01,1.00011490e-09
49,1.21579289e+00,3.85261518e-08,96,6,2,20,normal_corr_dominates,3.86617031e+00,1.00000000e+00,2.49999434e+07,-5.65645786e+01,-1.16240442e+01,-4.49405344e+01,1.00023327e-09
49,1.21579289e+00,3.85261518e-08,96,7,0,21,normal_corr_dominates,6.70312562e+01,1.00000000e+00,2.49999773e+07,-2.27242778e+01,-3.34027021e-01,-2.23902508e+01,1.00014736e-09
49,1.21579289e+00,3.85261518e-08,96,7,1,22,normal_corr_dominates,4.10155432e+01,1.00000000e+00,2.49999860e+07,-1.40343267e+01,-3.34027021e-01,-1.37002997e+01,1.00019845e-09
49,1.21579289e+00,3.85261518e-08,96,7,2,23,normal_corr_dominates,1.07371843e+02,1.00000000e+00,2.50000355e+07,3.55310698e+01,-3.34027021e-01,3.58650968e+01,1.00018754e-09
49,1.21579289e+00,3.85261518e-08,96,8,0,24,normal_corr_dominates,4.37057907e+00,1.00000000e+00,2.49999748e+07,-2.51944670e+01,-4.69120119e+00,-2.05032658e+01,1.00014064e-09
49,1.21579289e+00,3.85261518e-08,96,8,1,25,normal_corr_dominates,4.58099534e+00,1.00000000e+00,2.50000168e+07,1.67991696e+01,-4.69120119e+00,2.14903708e+01,1.00010709e-09
49,1.21579289e+00,3.85261518e-08,96,8,1,25,corr_ratio_high,5.21825279e-01,5.00000000e-01,2.50000168e+07,1.67991696e+01,-4.69120119e+00,2.14903708e+01,1.00010709e-09
49,1.21579289e+00,3.85261518e-08,96,8,2,26,normal_corr_dominates,2.92404246e+00,1.00000000e+00,2.50000090e+07,9.02607029e+00,-4.69120119e+00,1.37172715e+01,1.00016022e-09
49,1.21579289e+00,3.85261518e-08,96,9,0,27,normal_corr_dominates,1.30572055e+00,1.00000000e+00,2.50000036e+07,3.62003189e+00,-1.18409830e+01,1.54610149e+01,1.00020738e-09
49,1.21579289e+00,3.85261518e-08,96,9,1,28,normal_corr_dominates,2.13450248e+00,1.00000000e+00,2.49999629e+07,-3.71155906e+01,-1.18409830e+01,-2.52746076e+01,1.00016087e-09
49,1.21579289e+00,3.85261518e-08,96,9,2,29,normal_corr_dominates,2.45338899e+00,1.00000000e+00,2.49999591e+07,-4.08915203e+01,-1.18409830e+01,-2.90505373e+01,1.00016340e-09
49,1.21579289e+00,3.85261518e-08,96,10,0,30,normal_corr_dominates,5.19240524e+00,1.00000000e+00,2.50000157e+07,1.56918634e+01,-3.74292621e+00,1.94347896e+01,1.00016131e-09
49,1.21579289e+00,3.85261518e-08,96,10,1,31,normal_corr_dominates,1.05614257e+01,1.00000000e+00,2.50000358e+07,3.57877107e+01,-3.74292621e+00,3.95306369e+01,1.00027521e-09
49,1.21579289e+00,3.85261518e-08,96,10,2,32,normal_corr_dominates,9.35477573e+00,1.00000000e+00,2.49999612e+07,-3.87571614e+01,-3.74292621e+00,-3.50142352e+01,1.00016058e-09
49,1.21579289e+00,3.85261518e-08,96,11,0,33,normal_corr_dominates,2.93688421e+00,1.00000000e+00,2.49999936e+07,-6.37648478e+00,-1.61967801e+00,-4.75680677e+00,1.00022955e-09
49,1.21579289e+00,3.85261518e-08,96,11,1,34,normal_corr_dominates,6.62499538e+00,1.00000000e+00,2.50000091e+07,9.11068133e+00,-1.61967801e+00,1.07303593e+01,1.00020421e-09
49,1.21579289e+00,3.85261518e-08,96,11,2,35,normal_corr_dominates,1.22121132e+01,1.00000000e+00,2.49999786e+07,-2.13993693e+01,-1.61967801e+00,-1.97796913e+01,1.00011288e-09
49,1.21579289e+00,3.85261518e-08,96,11,2,35,corr_ratio_high,1.01725459e+00,5.00000000e-01,2.49999786e+07,-2.13993693e+01,-1.61967801e+00,-1.97796913e+01,1.00011288e-09
49,1.21579289e+00,3.85261518e-08,96,12,1,37,normal_corr_dominates,1.15642653e+00,1.00000000e+00,2.50000031e+07,3.05137250e+00,-1.95067451e+01,2.25581176e+01,1.00013799e-09
49,1.21579289e+00,3.85261518e-08,96,13,0,39,normal_corr_dominates,1.76300075e+00,1.00000000e+00,2.50000077e+07,7.74412986e+00,-1.01495705e+01,1.78937004e+01,1.00011193e-09
49,1.21579289e+00,3.85261518e-08,96,14,0,42,normal_corr_dominates,3.03005904e+00,1.00000000e+00,2.49999923e+07,-7.68906534e+00,-1.90792871e+00,-5.78113663e+00,1.00016545e-09
49,1.21579289e+00,3.85261518e-08,96,14,1,43,normal_corr_dominates,3.08608879e+00,1.00000000e+00,2.49999922e+07,-7.79596611e+00,-1.90792871e+00,-5.88803740e+00,1.00014004e-09
49,1.21579289e+00,3.85261518e-08,96,14,2,44,normal_corr_dominates,1.76956396e+01,1.00000000e+00,2.50000319e+07,3.18540901e+01,-1.90792871e+00,3.37620188e+01,1.00023031e-09
49,1.21579289e+00,3.85261518e-08,96,15,0,45,normal_corr_dominates,1.38235379e+00,1.00000000e+00,2.49999788e+07,-2.12199005e+01,-8.90711556e+00,-1.23127850e+01,1.00013543e-09
49,1.21579289e+00,3.85261518e-08,96,15,1,46,normal_corr_dominates,2.76497184e+00,1.00000000e+00,2.50000157e+07,1.57208082e+01,-8.90711556e+00,2.46279237e+01,1.00014004e-09
49,1.21579289e+00,3.85261518e-08,96,15,2,47,normal_corr_dominates,3.88721334e+00,1.00000000e+00,2.49999565e+07,-4.35309740e+01,-8.90711556e+00,-3.46238585e+01,1.00020232e-09
49,1.21579289e+00,3.85261518e-08,96,16,2,50,normal_corr_dominates,1.00932543e+00,1.00000000e+00,2.50000001e+07,1.43537065e-01,-1.53919980e+01,1.55355351e+01,1.00014475e-09
49,1.21579289e+00,3.85261518e-08,96,17,0,51,corr_ratio_high,5.13150427e-01,5.00000000e-01,2.49999951e+07,-4.87324306e+00,-1.45619041e+01,9.68866106e+00,1.00034040e-09
49,1.21579289e+00,3.85261518e-08,96,17,1,52,normal_corr_dominates,1.22046491e+00,1.00000000e+00,2.50000032e+07,3.21038884e+00,-1.45619041e+01,1.77722930e+01,1.00021237e-09
49,1.21579289e+00,3.85261518e-08,96,17,2,53,corr_ratio_high,2.56819801e+00,5.00000000e-01,2.49999999e+07,-1.10581657e-01,-1.45619041e+01,1.44513225e+01,1.00003377e-09
49,1.21579289e+00,3.85261518e-08,96,18,2,56,normal_corr_dominates,1.00309194e+00,1.00000000e+00,2.50000001e+07,8.16902496e-02,-2.64203867e+01,2.65020770e+01,1.00017085e-09
49,1.21579289e+00,3.85261518e-08,96,19,0,57,normal_corr_dominates,1.47988176e+01,1.00000000e+00,2.49999202e+07,-7.97890435e+01,-5.05031739e+00,-7.47387262e+01,1.00012782e-09
49,1.21579289e+00,3.85261518e-08,96,19,0,57,corr_ratio_high,1.15971501e+00,5.00000000e-01,2.49999202e+07,-7.97890435e+01,-5.05031739e+00,-7.47387262e+01,1.00012782e-09
49,1.21579289e+00,3.85261518e-08,96,19,2,59,normal_corr_dominates,2.33221491e+00,1.00000000e+00,2.50000067e+07,6.72810814e+00,-5.05031739e+00,1.17784255e+01,1.00014659e-09
49,1.21579289e+00,3.85261518e-08,96,20,1,61,normal_corr_dominates,1.04218305e+00,1.00000000e+00,2.50000005e+07,5.36526025e-01,-1.27189970e+01,1.32555230e+01,1.00019502e-09
49,1.21579289e+00,3.85261518e-08,96,20,2,62,normal_corr_dominates,2.47039119e+00,1.00000000e+00,2.49999559e+07,-4.41398951e+01,-1.27189970e+01,-3.14208981e+01,1.00015382e-09
49,1.21579289e+00,3.85261518e-08,96,21,0,63,normal_corr_dominates,1.58594644e+00,1.00000000e+00,2.49999749e+07,-2.50726825e+01,-9.69574702e+00,-1.53769355e+01,1.00014492e-09
49,1.21579289e+00,3.85261518e-08,96,21,1,64,normal_corr_dominates,2.28259481e+00,1.00000000e+00,2.50000124e+07,1.24357148e+01,-9.69574702e+00,2.21314618e+01,1.00015034e-09
49,1.21579289e+00,3.85261518e-08,96,21,2,65,normal_corr_dominates,1.43368637e+00,1.00000000e+00,2.50000042e+07,4.20491331e+00,-9.69574702e+00,1.39006603e+01,1.00017039e-09
49,1.21579289e+00,3.85261518e-08,96,22,0,66,normal_corr_dominates,2.71944127e+00,1.00000000e+00,2.50000176e+07,1.75601467e+01,-1.02127052e+01,2.77728519e+01,1.00021435e-09
49,1.21579289e+00,3.85261518e-08,96,22,1,67,normal_corr_dominates,1.28570262e+00,1.00000000e+00,2.49999767e+07,-2.33432070e+01,-1.02127052e+01,-1.31305018e+01,1.00018580e-09
49,1.21579289e+00,3.85261518e-08,96,22,2,68,corr_ratio_high,1.57003292e+00,5.00000000e-01,2.49999938e+07,-6.18584134e+00,-1.02127052e+01,4.02686385e+00,1.00007803e-09
49,1.21579289e+00,3.85261518e-08,96,23,0,69,normal_corr_dominates,7.93068311e+00,1.00000000e+00,2.49999919e+07,-8.12468578e+00,-9.09749644e-01,-7.21493614e+00,1.00019476e-09
49,1.21579289e+00,3.85261518e-08,96,23,1,70,normal_corr_dominates,5.52859073e+00,1.00000000e+00,2.49999941e+07,-5.93938309e+00,-9.09749644e-01,-5.02963344e+00,1.00015684e-09
49,1.21579289e+00,3.85261518e-08,96,23,2,71,normal_corr_dominates,3.09391741e+01,1.00000000e+00,2.50000272e+07,2.72371530e+01,-9.09749644e-01,2.81469026e+01,1.00020140e-09
49,1.21579289e+00,3.85261518e-08,96,24,1,73,corr_ratio_high,5.81495367e-01,5.00000000e-01,2.49999935e+07,-6.49672875e+00,-1.69752002e+01,1.04784715e+01,1.00011325e-09
49,1.21579289e+00,3.85261518e-08,96,24,2,74,normal_corr_dominates,1.07897979e+00,1.00000000e+00,2.49999647e+07,-3.52910982e+01,-1.69752002e+01,-1.83158980e+01,1.00017019e-09
49,1.21579289e+00,3.85261518e-08,96,26,0,78,normal_corr_dominates,5.27227750e+00,1.00000000e+00,2.50000244e+07,2.43776260e+01,-5.70600249e+00,3.00836285e+01,1.00029670e-09
49,1.21579289e+00,3.85261518e-08,96,26,1,79,normal_corr_dominates,1.83875163e+00,1.00000000e+00,2.49999838e+07,-1.61979239e+01,-5.70600249e+00,-1.04919214e+01,1.00016272e-09
49,1.21579289e+00,3.85261518e-08,96,26,2,80,normal_corr_dominates,4.29654219e+00,1.00000000e+00,2.49999698e+07,-3.02220829e+01,-5.70600249e+00,-2.45160804e+01,1.00009387e-09
49,1.21579289e+00,3.85261518e-08,96,26,2,80,corr_ratio_high,1.21957383e+00,5.00000000e-01,2.49999698e+07,-3.02220829e+01,-5.70600249e+00,-2.45160804e+01,1.00009387e-09
49,1.21579289e+00,3.85261518e-08,96,27,0,81,normal_corr_dominates,4.32161987e+00,1.00000000e+00,2.49999728e+07,-2.72157144e+01,-5.11417859e+00,-2.21015358e+01,1.00014552e-09
49,1.21579289e+00,3.85261518e-08,96,27,1,82,normal_corr_dominates,2.72573572e+00,1.00000000e+00,2.50000088e+07,8.82572068e+00,-5.11417859e+00,1.39398993e+01,1.00014076e-09
49,1.21579289e+00,3.85261518e-08,96,29,0,87,normal_corr_dominates,1.02847911e+01,1.00000000e+00,2.49999259e+07,-7.41215633e+01,-6.56827077e+00,-6.75532925e+01,1.00013360e-09
49,1.21579289e+00,3.85261518e-08,96,29,0,87,corr_ratio_high,8.84533947e-01,5.00000000e-01,2.49999259e+07,-7.41215633e+01,-6.56827077e+00,-6.75532925e+01,1.00013360e-09
49,1.21579289e+00,3.85261518e-08,96,29,1,88,normal_corr_dominates,5.65040891e+00,1.00000000e+00,2.49999563e+07,-4.36816865e+01,-6.56827077e+00,-3.71134157e+01,1.00017104e-09
49,1.21579289e+00,3.85261518e-08,96,29,2,89,normal_corr_dominates,3.23984714e+00,1.00000000e+00,2.50000147e+07,1.47119225e+01,-6.56827077e+00,2.12801933e+01,1.00015254e-09
49,1.21579289e+00,3.85261518e-08,96,30,2,92,normal_corr_dominates,1.39725294e+00,1.00000000e+00,2.49999564e+07,-4.35921082e+01,-1.81841922e+01,-2.54079160e+01,1.00018120e-09
49,1.21579289e+00,3.85261518e-08,96,31,0,93,normal_corr_dominates,1.50438826e+00,1.00000000e+00,2.49999802e+07,-1.97629196e+01,-7.89131621e+00,-1.18716034e+01,1.00014974e-09
49,1.21579289e+00,3.85261518e-08,96,31,1,94,normal_corr_dominates,1.35878588e+00,1.00000000e+00,2.50000028e+07,2.83129287e+00,-7.89131621e+00,1.07226091e+01,1.00018312e-09
49,1.21579289e+00,3.85261518e-08,96,31,2,95,normal_corr_dominates,1.96230957e+00,1.00000000e+00,2.50000076e+07,7.59388910e+00,-7.89131621e+00,1.54852053e+01,1.00013783e-09
49,1.21579289e+00,3.85261518e-08,96,32,1,97,normal_corr_dominates,2.33712080e+00,1.00000000e+00,2.49999751e+07,-2.48578614e+01,-7.44889468e+00,-1.74089667e+01,1.00013034e-09
49,1.21579289e+00,3.85261518e-08,96,33,0,99,normal_corr_dominates,5.39044053e+00,1.00000000e+00,2.49999627e+07,-3.73250911e+01,-5.84076965e+00,-3.14843215e+01,1.00015002e-09
49,1.21579289e+00,3.85261518e-08,96,33,1,100,normal_corr_dominates,1.31771058e+00,1.00000000e+00,2.49999865e+07,-1.35372136e+01,-5.84076965e+00,-7.69644394e+00,1.00015314e-09
49,1.21579289e+00,3.85261518e-08,96,33,2,101,normal_corr_dominates,3.21763281e+00,1.00000000e+00,2.50000130e+07,1.29526824e+01,-5.84076965e+00,1.87934521e+01,1.00015193e-09
49,1.21579289e+00,3.85261518e-08,96,34,0,102,normal_corr_dominates,2.22485092e+00,1.00000000e+00,2.49999561e+07,-4.39314687e+01,-1.36227906e+01,-3.03086781e+01,1.00012641e-09
49,1.21579289e+00,3.85261518e-08,96,34,1,103,normal_corr_dominates,2.04776453e+00,1.00000000e+00,2.50000143e+07,1.42734767e+01,-1.36227906e+01,2.78962673e+01,1.00011861e-09
49,1.21579289e+00,3.85261518e-08,96,35,0,105,normal_corr_dominates,3.72704186e+01,1.00000000e+00,2.50000528e+07,5.28193519e+01,-1.45626530e+00,5.42756172e+01,1.00022619e-09
49,1.21579289e+00,3.85261518e-08,96,35,1,106,normal_corr_dominates,1.91385724e+01,1.00000000e+00,2.49999707e+07,-2.93271042e+01,-1.45626530e+00,-2.78708389e+01,1.00031399e-09
49,1.21579289e+00,3.85261518e-08,96,35,2,107,normal_corr_dominates,3.86355151e+01,1.00000000e+00,2.49999423e+07,-5.77198251e+01,-1.45626530e+00,-5.62635598e+01,1.00005221e-09
49,1.21579289e+00,3.85261518e-08,96,35,2,107,corr_ratio_high,4.21973564e+00,5.00000000e-01,2.49999423e+07,-5.77198251e+01,-1.45626530e+00,-5.62635598e+01,1.00005221e-09
49,1.21579289e+00,3.85261518e-08,96,36,1,109,corr_ratio_high,7.24812760e-01,5.00000000e-01,2.49999702e+07,-2.98048038e+01,-2.48459608e+01,-4.95884308e+00,1.00009704e-09
49,1.21579289e+00,3.85261518e-08,96,37,0,111,normal_corr_dominates,1.89652757e+00,1.00000000e+00,2.50000046e+07,4.60773279e+00,-5.13953270e+00,9.74726549e+00,1.00015938e-09
49,1.21579289e+00,3.85261518e-08,96,37,2,113,normal_corr_dominates,2.70140189e+00,1.00000000e+00,2.50000087e+07,8.74441065e+00,-5.13953270e+00,1.38839434e+01,1.00011392e-09
50,1.24012356e+00,3.92971443e-08,96,0,0,0,corr_ratio_high,9.33759937e-01,5.00000000e-01,2.49999712e+07,-2.87965733e+01,-2.10117796e+01,-7.78479377e+00,1.00009607e-09
50,1.24012356e+00,3.92971443e-08,96,0,2,2,normal_corr_dominates,1.13107548e+00,1.00000000e+00,2.50000028e+07,2.75412902e+00,-2.10117796e+01,2.37659086e+01,1.00016108e-09
50,1.24012356e+00,3.92971443e-08,96,1,0,3,normal_corr_dominates,8.28489887e+00,1.00000000e+00,2.50000244e+07,2.44066927e+01,-3.35031317e+00,2.77570058e+01,1.00020297e-09
50,1.24012356e+00,3.92971443e-08,96,1,1,4,normal_corr_dominates,8.98164558e+00,1.00000000e+00,2.49999666e+07,-3.34416387e+01,-3.35031317e+00,-3.00913255e+01,1.00012922e-09
50,1.24012356e+00,3.92971443e-08,96,1,1,4,corr_ratio_high,8.75592063e-01,5.00000000e-01,2.49999666e+07,-3.34416387e+01,-3.35031317e+00,-3.00913255e+01,1.00012922e-09
50,1.24012356e+00,3.92971443e-08,96,1,2,5,normal_corr_dominates,6.57613907e+00,1.00000000e+00,2.49999746e+07,-2.53824385e+01,-3.35031317e+00,-2.20321254e+01,1.00018817e-09
50,1.24012356e+00,3.92971443e-08,96,2,0,6,normal_corr_dominates,1.13867046e+00,1.00000000e+00,2.50000014e+07,1.39842710e+00,-1.00845347e+01,1.14829618e+01,1.00014326e-09
50,1.24012356e+00,3.92971443e-08,96,2,0,6,corr_ratio_high,5.87193868e-01,5.00000000e-01,2.50000014e+07,1.39842710e+00,-1.00845347e+01,1.14829618e+01,1.00014326e-09
50,1.24012356e+00,3.92971443e-08,96,2,1,7,normal_corr_dominates,3.59828518e+00,1.00000000e+00,2.49999536e+07,-4.63715665e+01,-1.00845347e+01,-3.62870318e+01,1.00017003e-09
50,1.24012356e+00,3.92971443e-08,96,2,2,8,normal_corr_dominates,3.75677709e+00,1.00000000e+00,2.50000278e+07,2.78008143e+01,-1.00845347e+01,3.78853490e+01,1.00026017e-09
50,1.24012356e+00,3.92971443e-08,96,3,0,9,normal_corr_dominates,1.71715605e+01,1.00000000e+00,2.49999457e+07,-5.43215017e+01,-2.98936912e+00,-5.13321326e+01,1.00039340e-09
50,1.24012356e+00,3.92971443e-08,96,3,0,9,corr_ratio_high,5.86113885e-01,5.00000000e-01,2.49999457e+07,-5.43215017e+01,-2.98936912e+00,-5.13321326e+01,1.00039340e-09
50,1.24012356e+00,3.92971443e-08,96,3,1,10,normal_corr_dominates,8.43640961e+00,1.00000000e+00,2.49999718e+07,-2.82089115e+01,-2.98936912e+00,-2.52195424e+01,1.00010458e-09
50,1.24012356e+00,3.92971443e-08,96,3,1,10,corr_ratio_high,8.55370790e-01,5.00000000e-01,2.49999718e+07,-2.82089115e+01,-2.98936912e+00,-2.52195424e+01,1.00010458e-09
50,1.24012356e+00,3.92971443e-08,96,3,2,11,normal_corr_dominates,1.07544763e+01,1.00000000e+00,2.50000292e+07,2.91597304e+01,-2.98936912e+00,3.21490995e+01,1.00004404e-09
50,1.24012356e+00,3.92971443e-08,96,3,2,11,corr_ratio_high,1.77955059e+00,5.00000000e-01,2.50000292e+07,2.91597304e+01,-2.98936912e+00,3.21490995e+01,1.00004404e-09
50,1.24012356e+00,3.92971443e-08,96,4,0,12,normal_corr_dominates,1.53366461e+00,1.00000000e+00,2.49999939e+07,-6.05045530e+00,-2.38802534e+00,-3.66242995e+00,1.00018155e-09
50,1.24012356e+00,3.92971443e-08,96,4,1,13,normal_corr_dominates,2.75165188e+00,1.00000000e+00,2.50000042e+07,4.18298908e+00,-2.38802534e+00,6.57101442e+00,1.00015454e-09
50,1.24012356e+00,3.92971443e-08,96,4,2,14,normal_corr_dominates,6.73394915e+00,1.00000000e+00,2.50000137e+07,1.36928159e+01,-2.38802534e+00,1.60808412e+01,1.00012635e-09
50,1.24012356e+00,3.92971443e-08,96,5,0,15,normal_corr_dominates,2.12632419e+00,1.00000000e+00,2.50000202e+07,2.01605280e+01,-1.78994006e+01,3.80599287e+01,1.00011336e-09
50,1.24012356e+00,3.92971443e-08,96,5,1,16,normal_corr_dominates,1.41310991e+00,1.00000000e+00,2.49999568e+07,-4.31932210e+01,-1.78994006e+01,-2.52938204e+01,1.00018377e-09
50,1.24012356e+00,3.92971443e-08,96,5,2,17,normal_corr_dominates,1.70591442e+00,1.00000000e+00,2.49999516e+07,-4.84342464e+01,-1.78994006e+01,-3.05348457e+01,1.00019464e-09
50,1.24012356e+00,3.92971443e-08,96,6,1,19,normal_corr_dominates,2.03246738e+00,1.00000000e+00,2.50000122e+07,1.22252547e+01,-1.18408145e+01,2.40660692e+01,1.00011704e-09
50,1.24012356e+00,3.92971443e-08,96,6,2,20,normal_corr_dominates,3.86565673e+00,1.00000000e+00,2.49999424e+07,-5.76133386e+01,-1.18408145e+01,-4.57725241e+01,1.00023759e-09
50,1.24012356e+00,3.92971443e-08,96,7,0,21,normal_corr_dominates,6.69383030e+01,1.00000000e+00,2.49999769e+07,-2.31497878e+01,-3.40747218e-01,-2.28090406e+01,1.00015008e-09
50,1.24012356e+00,3.92971443e-08,96,7,1,22,normal_corr_dominates,4.09384097e+01,1.00000000e+00,2.49999857e+07,-1.42903965e+01,-3.40747218e-01,-1.39496492e+01,1.00020213e-09
50,1.24012356e+00,3.92971443e-08,96,7,2,23,normal_corr_dominates,1.07202657e+02,1.00000000e+00,2.50000362e+07,3.61882601e+01,-3.40747218e-01,3.65290073e+01,1.00019101e-09
50,1.24012356e+00,3.92971443e-08,96,8,0,24,normal_corr_dominates,4.36880802e+00,1.00000000e+00,2.49999743e+07,-2.56601942e+01,-4.77949557e+00,-2.08806986e+01,1.00014324e-09
50,1.24012356e+00,3.92971443e-08,96,8,1,25,normal_corr_dominates,4.57907239e+00,1.00000000e+00,2.50000171e+07,1.71061607e+01,-4.77949557e+00,2.18856562e+01,1.00010908e-09
50,1.24012356e+00,3.92971443e-08,96,8,1,25,corr_ratio_high,5.21764693e-01,5.00000000e-01,2.50000171e+07,1.71061607e+01,-4.77949557e+00,2.18856562e+01,1.00010908e-09
50,1.24012356e+00,3.92971443e-08,96,8,2,26,normal_corr_dominates,2.92275954e+00,1.00000000e+00,2.50000092e+07,9.18982070e+00,-4.77949557e+00,1.39693163e+01,1.00016319e-09
50,1.24012356e+00,3.92971443e-08,96,9,0,27,normal_corr_dominates,1.30554302e+00,1.00000000e+00,2.50000037e+07,3.68544040e+00,-1.20619363e+01,1.57473767e+01,1.00021122e-09
50,1.24012356e+00,3.92971443e-08,96,9,1,28,normal_corr_dominates,2.13412366e+00,1.00000000e+00,2.49999622e+07,-3.78036001e+01,-1.20619363e+01,-2.57416638e+01,1.00016385e-09
50,1.24012356e+00,3.92971443e-08,96,9,2,29,normal_corr_dominates,2.45308606e+00,1.00000000e+00,2.49999583e+07,-4.16509042e+01,-1.20619363e+01,-2.95889678e+01,1.00016642e-09
50,1.24012356e+00,3.92971443e-08,96,10,0,30,normal_corr_dominates,5.19069817e+00,1.00000000e+00,2.50000160e+07,1.59789457e+01,-3.81295551e+00,1.97919012e+01,1.00016429e-09
50,1.24012356e+00,3.92971443e-08,96,10,1,31,normal_corr_dominates,1.05597283e+01,1.00000000e+00,2.50000365e+07,3.64508187e+01,-3.81295551e+00,4.02637742e+01,1.00028030e-09
50,1.24012356e+00,3.92971443e-08,96,10,2,32,normal_corr_dominates,9.35237794e+00,1.00000000e+00,2.49999605e+07,-3.94731565e+01,-3.81295551e+00,-3.56602010e+01,1.00016356e-09
50,1.24012356e+00,3.92971443e-08,96,11,0,33,normal_corr_dominates,2.93758958e+00,1.00000000e+00,2.49999935e+07,-6.49452193e+00,-1.64936487e+00,-4.84515706e+00,1.00023380e-09
50,1.24012356e+00,3.92971443e-08,96,11,1,34,normal_corr_dominates,6.62544608e+00,1.00000000e+00,2.50000093e+07,9.27841316e+00,-1.64936487e+00,1.09277780e+01,1.00020800e-09
50,1.24012356e+00,3.92971443e-08,96,11,2,35,normal_corr_dominates,1.22158930e+01,1.00000000e+00,2.49999782e+07,-2.17978297e+01,-1.64936487e+00,-2.01484649e+01,1.00011497e-09
50,1.24012356e+00,3.92971443e-08,96,11,2,35,corr_ratio_high,1.01718583e+00,5.00000000e-01,2.49999782e+07,-2.17978297e+01,-1.64936487e+00,-2.01484649e+01,1.00011497e-09
50,1.24012356e+00,3.92971443e-08,96,12,1,37,normal_corr_dominates,1.15622574e+00,1.00000000e+00,2.50000031e+07,3.10417797e+00,-1.98698244e+01,2.29740024e+01,1.00014055e-09
50,1.24012356e+00,3.92971443e-08,96,13,0,39,normal_corr_dominates,1.76269684e+00,1.00000000e+00,2.50000079e+07,7.88555032e+00,-1.03390364e+01,1.82245867e+01,1.00011400e-09
50,1.24012356e+00,3.92971443e-08,96,14,0,42,normal_corr_dominates,3.02810408e+00,1.00000000e+00,2.49999922e+07,-7.83198706e+00,-1.94433582e+00,-5.88765124e+00,1.00016851e-09
50,1.24012356e+00,3.92971443e-08,96,14,1,43,normal_corr_dominates,3.08449545e+00,1.00000000e+00,2.49999921e+07,-7.94163082e+00,-1.94433582e+00,-5.99729500e+00,1.00014264e-09
50,1.24012356e+00,3.92971443e-08,96,14,2,44,normal_corr_dominates,1.76859079e+01,1.00000000e+00,2.50000324e+07,3.24430085e+01,-1.94433582e+00,3.43873444e+01,1.00023457e-09
50,1.24012356e+00,3.92971443e-08,96,15,0,45,normal_corr_dominates,1.38192676e+00,1.00000000e+00,2.49999784e+07,-2.16126621e+01,-9.07360483e+00,-1.25390573e+01,1.00013794e-09
50,1.24012356e+00,3.92971443e-08,96,15,1,46,normal_corr_dominates,2.76434787e+00,1.00000000e+00,2.50000160e+07,1.60089953e+01,-9.07360483e+00,2.50826002e+01,1.00014263e-09
50,1.24012356e+00,3.92971443e-08,96,15,2,47,normal_corr_dominates,3.88656235e+00,1.00000000e+00,2.49999557e+07,-4.43387358e+01,-9.07360483e+00,-3.52651310e+01,1.00020607e-09
50,1.24012356e+00,3.92971443e-08,96,16,2,50,normal_corr_dominates,1.00903841e+00,1.00000000e+00,2.50000001e+07,1.41709723e-01,-1.56786185e+01,1.58203283e+01,1.00014744e-09
50,1.24012356e+00,3.92971443e-08,96,17,0,51,corr_ratio_high,5.13132966e-01,5.00000000e-01,2.49999950e+07,-4.96306536e+00,-1.48336714e+01,9.87060608e+00,1.00034669e-09
50,1.24012356e+00,3.92971443e-08,96,17,1,52,normal_corr_dominates,1.22008632e+00,1.00000000e+00,2.50000033e+07,3.26468809e+00,-1.48336714e+01,1.80983595e+01,1.00021631e-09
50,1.24012356e+00,3.92971443e-08,96,17,2,53,corr_ratio_high,2.56792139e+00,5.00000000e-01,2.49999999e+07,-1.15596002e-01,-1.48336714e+01,1.47180754e+01,1.00003441e-09
50,1.24012356e+00,3.92971443e-08,96,18,2,56,normal_corr_dominates,1.00295505e+00,1.00000000e+00,2.50000001e+07,7.95247636e-02,-2.69114565e+01,2.69909812e+01,1.00017402e-09
50,1.24012356e+00,3.92971443e-08,96,19,0,57,normal_corr_dominates,1.47958506e+01,1.00000000e+00,2.49999187e+07,-8.12675181e+01,-5.14486494e+00,-7.61226532e+01,1.00013019e-09
50,1.24012356e+00,3.92971443e-08,96,19,0,57,corr_ratio_high,1.15960259e+00,5.00000000e-01,2.49999187e+07,-8.12675181e+01,-5.14486494e+00,-7.61226532e+01,1.00013019e-09
50,1.24012356e+00,3.92971443e-08,96,19,2,59,normal_corr_dominates,2.33196632e+00,1.00000000e+00,2.50000069e+07,6.85278681e+00,-5.14486494e+00,1.19976517e+01,1.00014931e-09
50,1.24012356e+00,3.92971443e-08,96,20,1,61,normal_corr_dominates,1.04202974e+00,1.00000000e+00,2.50000005e+07,5.44551283e-01,-1.29563330e+01,1.35008842e+01,1.00019863e-09
50,1.24012356e+00,3.92971443e-08,96,20,2,62,normal_corr_dominates,2.47000045e+00,1.00000000e+00,2.49999550e+07,-4.49584813e+01,-1.29563330e+01,-3.20021483e+01,1.00015668e-09
50,1.24012356e+00,3.92971443e-08,96,21,0,63,normal_corr_dominates,1.58554134e+00,1.00000000e+00,2.49999745e+07,-2.55372046e+01,-9.87692760e+00,-1.56602770e+01,1.00014761e-09
50,1.24012356e+00,3.92971443e-08,96,21,1,64,normal_corr_dominates,2.28206343e+00,1.00000000e+00,2.50000127e+07,1.26628477e+01,-9.87692760e+00,2.25397753e+01,1.00015313e-09
50,1.24012356e+00,3.92971443e-08,96,21,2,65,normal_corr_dominates,1.43328812e+00,1.00000000e+00,2.50000043e+07,4.27955536e+00,-9.87692760e+00,1.41564830e+01,1.00017354e-09
50,1.24012356e+00,3.92971443e-08,96,22,0,66,normal_corr_dominates,2.71870082e+00,1.00000000e+00,2.50000179e+07,1.78809089e+01,-1.04037356e+01,2.82846445e+01,1.00021833e-09
50,1.24012356e+00,3.92971443e-08,96,22,1,67,normal_corr_dominates,1.28544786e+00,1.00000000e+00,2.49999762e+07,-2.37771953e+01,-1.04037356e+01,-1.33734597e+01,1.00018925e-09
50,1.24012356e+00,3.92971443e-08,96,22,2,68,corr_ratio_high,1.56994692e+00,5.00000000e-01,2.49999937e+07,-6.30221903e+00,-1.04037356e+01,4.10151658e+00,1.00007947e-09
50,1.24012356e+00,3.92971443e-08,96,23,0,69,normal_corr_dominates,7.91979353e+00,1.00000000e+00,2.49999917e+07,-8.27455832e+00,-9.27662540e-01,-7.34689578e+00,1.00019837e-09
50,1.24012356e+00,3.92971443e-08,96,23,1,70,normal_corr_dominates,5.52163322e+00,1.00000000e+00,2.49999940e+07,-6.04987484e+00,-9.27662540e-01,-5.12221230e+00,1.00015975e-09
50,1.24012356e+00,3.92971443e-08,96,23,2,71,normal_corr_dominates,3.09038354e+01,1.00000000e+00,2.50000277e+07,2.77406679e+01,-9.27662540e-01,2.86683304e+01,1.00020513e-09
50,1.24012356e+00,3.92971443e-08,96,24,1,73,corr_ratio_high,5.81508135e-01,5.00000000e-01,2.49999934e+07,-6.61957872e+00,-1.72912228e+01,1.06716440e+01,1.00011535e-09
50,1.24012356e+00,3.92971443e-08,96,24,2,74,normal_corr_dominates,1.07888739e+00,1.00000000e+00,2.49999641e+07,-3.59465050e+01,-1.72912228e+01,-1.86552822e+01,1.00017334e-09
50,1.24012356e+00,3.92971443e-08,96,26,0,78,normal_corr_dominates,5.27129438e+00,1.00000000e+00,2.50000248e+07,2.48279598e+01,-5.81274846e+00,3.06407082e+01,1.00030219e-09
50,1.24012356e+00,3.92971443e-08,96,26,1,79,normal_corr_dominates,1.83820862e+00,1.00000000e+00,2.49999835e+07,-1.64977928e+01,-5.81274846e+00,-1.06850443e+01,1.00016573e-09
50,1.24012356e+00,3.92971443e-08,96,26,2,80,normal_corr_dominates,4.29552622e+00,1.00000000e+00,2.49999692e+07,-3.07815619e+01,-5.81274846e+00,-2.49688134e+01,1.00009561e-09
50,1.24012356e+00,3.92971443e-08,96,26,2,80,corr_ratio_high,1.21938093e+00,5.00000000e-01,2.49999692e+07,-3.07815619e+01,-5.81274846e+00,-2.49688134e+01,1.00009561e-09
50,1.24012356e+00,3.92971443e-08,96,27,0,81,normal_corr_dominates,4.32029360e+00,1.00000000e+00,2.49999723e+07,-2.77189614e+01,-5.21004356e+00,-2.25089179e+01,1.00014822e-09
50,1.24012356e+00,3.92971443e-08,96,27,1,82,normal_corr_dominates,2.72563054e+00,1.00000000e+00,2.50000090e+07,8.99061026e+00,-5.21004356e+00,1.42006538e+01,1.00014337e-09
50,1.24012356e+00,3.92971443e-08,96,29,0,87,normal_corr_dominates,1.02826320e+01,1.00000000e+00,2.49999245e+07,-7.54945635e+01,-6.69121918e+00,-6.88033443e+01,1.00013608e-09
50,1.24012356e+00,3.92971443e-08,96,29,0,87,corr_ratio_high,8.84540211e-01,5.00000000e-01,2.49999245e+07,-7.54945635e+01,-6.69121918e+00,-6.88033443e+01,1.00013608e-09
50,1.24012356e+00,3.92971443e-08,96,29,1,88,normal_corr_dominates,5.64915816e+00,1.00000000e+00,2.49999555e+07,-4.44909746e+01,-6.69121918e+00,-3.77997554e+01,1.00017421e-09
50,1.24012356e+00,3.92971443e-08,96,29,2,89,normal_corr_dominates,3.23924185e+00,1.00000000e+00,2.50000150e+07,1.49832580e+01,-6.69121918e+00,2.16744772e+01,1.00015537e-09
50,1.24012356e+00,3.92971443e-08,96,30,2,92,normal_corr_dominates,1.39710035e+00,1.00000000e+00,2.49999556e+07,-4.44000140e+01,-1.85223844e+01,-2.58776296e+01,1.00018456e-09
50,1.24012356e+00,3.92971443e-08,96,31,0,93,normal_corr_dominates,1.50397694e+00,1.00000000e+00,2.49999799e+07,-2.01292846e+01,-8.03892571e+00,-1.20903589e+01,1.00015252e-09
50,1.24012356e+00,3.92971443e-08,96,31,1,94,normal_corr_dominates,1.35833554e+00,1.00000000e+00,2.50000029e+07,2.88063278e+00,-8.03892571e+00,1.09195585e+01,1.00018651e-09
50,1.24012356e+00,3.92971443e-08,96,31,2,95,normal_corr_dominates,1.96196435e+00,1.00000000e+00,2.50000077e+07,7.73315996e+00,-8.03892571e+00,1.57720857e+01,1.00014039e-09
50,1.24012356e+00,3.92971443e-08,96,32,1,97,normal_corr_dominates,2.33661175e+00,1.00000000e+00,2.49999747e+07,-2.53178876e+01,-7.58790337e+00,-1.77299842e+01,1.00013276e-09
50,1.24012356e+00,3.92971443e-08,96,33,0,99,normal_corr_dominates,5.38923525e+00,1.00000000e+00,2.49999620e+07,-3.80167834e+01,-5.95013048e+00,-3.20666529e+01,1.00015281e-09
50,1.24012356e+00,3.92971443e-08,96,33,1,100,normal_corr_dominates,1.31722737e+00,1.00000000e+00,2.49999862e+07,-1.37878052e+01,-5.95013048e+00,-7.83767470e+00,1.00015598e-09
50,1.24012356e+00,3.92971443e-08,96,33,2,101,normal_corr_dominates,3.21700936e+00,1.00000000e+00,2.50000132e+07,1.31914950e+01,-5.95013048e+00,1.91416254e+01,1.00015475e-09
50,1.24012356e+00,3.92971443e-08,96,34,0,102,normal_corr_dominates,2.22464122e+00,1.00000000e+00,2.49999553e+07,-4.47474387e+01,-1.38767186e+01,-3.08707201e+01,1.00012875e-09
50,1.24012356e+00,3.92971443e-08,96,34,1,103,normal_corr_dominates,2.04748233e+00,1.00000000e+00,2.50000145e+07,1.45356175e+01,-1.38767186e+01,2.84123360e+01,1.00012081e-09
50,1.24012356e+00,3.92971443e-08,96,35,0,105,normal_corr_dominates,3.72419042e+01,1.00000000e+00,2.50000538e+07,5.37956595e+01,-1.48434970e+00,5.52800092e+01,1.00023038e-09
50,1.24012356e+00,3.92971443e-08,96,35,1,106,normal_corr_dominates,1.91232922e+01,1.00000000e+00,2.49999701e+07,-2.98700027e+01,-1.48434970e+00,-2.83856530e+01,1.00031981e-09
50,1.24012356e+00,3.92971443e-08,96,35,2,107,normal_corr_dominates,3.86048133e+01,1.00000000e+00,2.49999412e+07,-5.87873927e+01,-1.48434970e+00,-5.73030430e+01,1.00005318e-09
50,1.24012356e+00,3.92971443e-08,96,35,2,107,corr_ratio_high,4.21887111e+00,5.00000000e-01,2.49999412e+07,-5.87873927e+01,-1.48434970e+00,-5.73030430e+01,1.00005318e-09
50,1.24012356e+00,3.92971443e-08,96,36,1,109,corr_ratio_high,7.24785681e-01,5.00000000e-01,2.49999696e+07,-3.03593302e+01,-2.53078673e+01,-5.05146291e+00,1.00009884e-09
50,1.24012356e+00,3.92971443e-08,96,37,0,111,normal_corr_dominates,1.89664038e+00,1.00000000e+00,2.50000047e+07,4.69475232e+00,-5.23593676e+00,9.93068907e+00,1.00016233e-09
50,1.24012356e+00,3.92971443e-08,96,37,2,113,normal_corr_dominates,2.70080464e+00,1.00000000e+00,2.50000089e+07,8.90530554e+00,-5.23593676e+00,1.41412423e+01,1.00011604e-09
