step,time_s,time_yr,rank,fi,dof,owned_dof_idx,event,value,threshold,sigma_n_eff,normal_traction,normal_stress,normal_corr,V_mag
1,1.00000000e-02,3.16880878e-10,89,0,0,0,normal_corr_dominates,4.23024321e+00,1.00000000e+00,2.49999988e+07,-1.22103517e+00,-2.33456671e-01,-9.87578499e-01,1.00000369e-09
1,1.00000000e-02,3.16880878e-10,89,0,1,1,normal_corr_dominates,2.30135840e+00,1.00000000e+00,2.50000003e+07,3.03810801e-01,-2.33456671e-01,5.37267472e-01,1.00000165e-09
1,1.00000000e-02,3.16880878e-10,89,0,1,1,corr_ratio_high,5.19799713e-01,5.00000000e-01,2.50000003e+07,3.03810801e-01,-2.33456671e-01,5.37267472e-01,1.00000165e-09
1,1.00000000e-02,3.16880878e-10,89,0,2,2,normal_corr_dominates,3.51841963e+00,1.00000000e+00,2.50000006e+07,5.87941864e-01,-2.33456671e-01,8.21398535e-01,1.00000170e-09
1,1.00000000e-02,3.16880878e-10,89,1,0,3,normal_corr_dominates,2.82834010e+00,1.00000000e+00,2.49999995e+07,-5.03325373e-01,-1.31473527e-01,-3.71851847e-01,1.00000294e-09
1,1.00000000e-02,3.16880878e-10,89,1,1,4,normal_corr_dominates,1.88504720e+00,1.00000000e+00,2.50000001e+07,1.16360277e-01,-1.31473527e-01,2.47833803e-01,1.00000154e-09
1,1.00000000e-02,3.16880878e-10,89,1,1,4,corr_ratio_high,6.35673710e-01,5.00000000e-01,2.50000001e+07,1.16360277e-01,-1.31473527e-01,2.47833803e-01,1.00000154e-09
1,1.00000000e-02,3.16880878e-10,89,1,2,5,normal_corr_dominates,4.42440264e+00,1.00000000e+00,2.50000005e+07,4.50218291e-01,-1.31473527e-01,5.81691817e-01,1.00000241e-09
1,1.00000000e-02,3.16880878e-10,89,2,0,6,normal_corr_dominates,2.70252157e+00,1.00000000e+00,2.49999998e+07,-2.34953654e-01,-6.34577408e-02,-1.71495914e-01,1.00000203e-09
1,1.00000000e-02,3.16880878e-10,89,2,1,7,normal_corr_dominates,5.10844057e+00,1.00000000e+00,2.50000003e+07,2.60712357e-01,-6.34577408e-02,3.24170097e-01,1.00000137e-09
1,1.00000000e-02,3.16880878e-10,89,3,0,9,normal_corr_dominates,7.48482357e+00,1.00000000e+00,2.50000003e+07,3.39322973e-01,-5.23257063e-02,3.91648680e-01,1.00000250e-09
1,1.00000000e-02,3.16880878e-10,89,3,2,11,normal_corr_dominates,3.21525989e+00,1.00000000e+00,2.50000001e+07,1.15915038e-01,-5.23257063e-02,1.68240744e-01,1.00000256e-09
1,1.00000000e-02,3.16880878e-10,89,4,0,12,normal_corr_dominates,2.60428279e+00,1.00000000e+00,2.50000002e+07,1.61165764e-01,-1.00459698e-01,2.61625462e-01,1.00000075e-09
1,1.00000000e-02,3.16880878e-10,89,4,0,12,corr_ratio_high,1.49110298e+00,5.00000000e-01,2.50000002e+07,1.61165764e-01,-1.00459698e-01,2.61625462e-01,1.00000075e-09
1,1.00000000e-02,3.16880878e-10,89,4,2,14,normal_corr_dominates,2.10979659e+00,1.00000000e+00,2.49999997e+07,-3.12409225e-01,-1.00459698e-01,-2.11949527e-01,1.00000400e-09
1,1.00000000e-02,3.16880878e-10,89,4,2,14,corr_ratio_high,5.77423910e-01,5.00000000e-01,2.49999997e+07,-3.12409225e-01,-1.00459698e-01,-2.11949527e-01,1.00000400e-09
1,1.00000000e-02,3.16880878e-10,89,5,0,15,normal_corr_dominates,6.17715518e+00,1.00000000e+00,2.49999997e+07,-3.24353033e-01,-4.51924231e-02,-2.79160610e-01,1.00000141e-09
1,1.00000000e-02,3.16880878e-10,89,5,0,15,corr_ratio_high,8.40280789e-01,5.00000000e-01,2.49999997e+07,-3.24353033e-01,-4.51924231e-02,-2.79160610e-01,1.00000141e-09
1,1.00000000e-02,3.16880878e-10,89,5,1,16,normal_corr_dominates,5.84783579e+00,1.00000000e+00,2.49999997e+07,-3.09470292e-01,-4.51924231e-02,-2.64277869e-01,1.00000249e-09
1,1.00000000e-02,3.16880878e-10,89,5,2,17,normal_corr_dominates,9.06230870e+00,1.00000000e+00,2.50000004e+07,3.64355266e-01,-4.51924231e-02,4.09547689e-01,1.00000151e-09
1,1.00000000e-02,3.16880878e-10,89,6,0,18,normal_corr_dominates,1.35419356e+01,1.00000000e+00,2.50000000e+07,-4.54625110e-02,3.62484010e-03,-4.90873511e-02,1.00000179e-09
1,1.00000000e-02,3.16880878e-10,89,6,1,19,normal_corr_dominates,1.42693602e+01,1.00000000e+00,2.50000001e+07,5.53489893e-02,3.62484010e-03,5.17241492e-02,1.00000168e-09
1,1.00000000e-02,3.16880878e-10,89,6,2,20,normal_corr_dominates,2.71606993e+00,1.00000000e+00,2.50000000e+07,1.34701593e-02,3.62484010e-03,9.84531922e-03,1.00000253e-09
1,1.00000000e-02,3.16880878e-10,89,12,1,37,corr_ratio_high,1.45823238e+00,5.00000000e-01,2.50000000e+07,-2.21249659e-02,-1.01329512e-01,7.92045462e-02,1.00000089e-09
1,1.00000000e-02,3.16880878e-10,89,12,2,38,normal_corr_dominates,4.14872428e+00,1.00000000e+00,2.50000003e+07,3.19058695e-01,-1.01329512e-01,4.20388207e-01,1.00000268e-09
1,1.00000000e-02,3.16880878e-10,89,13,0,39,normal_corr_dominates,1.57777319e+01,1.00000000e+00,2.49999997e+07,-2.81593603e-01,-1.67837706e-02,-2.64809833e-01,1.00000115e-09
1,1.00000000e-02,3.16880878e-10,89,13,0,39,corr_ratio_high,1.26250246e+00,5.00000000e-01,2.49999997e+07,-2.81593603e-01,-1.67837706e-02,-2.64809833e-01,1.00000115e-09
1,1.00000000e-02,3.16880878e-10,89,13,1,40,normal_corr_dominates,3.10429537e+01,1.00000000e+00,2.49999995e+07,-5.37801584e-01,-1.67837706e-02,-5.21017813e-01,1.00000091e-09
1,1.00000000e-02,3.16880878e-10,89,13,1,40,corr_ratio_high,2.13736863e+00,5.00000000e-01,2.49999995e+07,-5.37801584e-01,-1.67837706e-02,-5.21017813e-01,1.00000091e-09
1,1.00000000e-02,3.16880878e-10,89,13,2,41,normal_corr_dominates,3.06774355e+01,1.00000000e+00,2.50000005e+07,4.98099269e-01,-1.67837706e-02,5.14883040e-01,1.00000401e-09
1,1.00000000e-02,3.16880878e-10,89,13,2,41,corr_ratio_high,5.78964544e-01,5.00000000e-01,2.50000005e+07,4.98099269e-01,-1.67837706e-02,5.14883040e-01,1.00000401e-09
1,1.00000000e-02,3.16880878e-10,89,14,0,42,normal_corr_dominates,4.57479428e+00,1.00000000e+00,2.50000007e+07,6.83342953e-01,-1.91155882e-01,8.74498834e-01,1.00000298e-09
1,1.00000000e-02,3.16880878e-10,89,14,1,43,normal_corr_dominates,4.54010404e+00,1.00000000e+00,2.49999989e+07,-1.05902347e+00,-1.91155882e-01,-8.67867590e-01,1.00000215e-09
1,1.00000000e-02,3.16880878e-10,89,14,1,43,corr_ratio_high,7.83032307e-01,5.00000000e-01,2.49999989e+07,-1.05902347e+00,-1.91155882e-01,-8.67867590e-01,1.00000215e-09
1,1.00000000e-02,3.16880878e-10,89,14,2,44,normal_corr_dominates,3.43332224e+00,1.00000000e+00,2.49999992e+07,-8.47455621e-01,-1.91155882e-01,-6.56299739e-01,1.00000212e-09
1,1.00000000e-02,3.16880878e-10,89,15,0,45,normal_corr_dominates,4.21489343e+00,1.00000000e+00,2.49999995e+07,-4.67977356e-01,-8.97386231e-02,-3.78238733e-01,1.00000144e-09
1,1.00000000e-02,3.16880878e-10,89,15,0,45,corr_ratio_high,8.65330261e-01,5.00000000e-01,2.49999995e+07,-4.67977356e-01,-8.97386231e-02,-3.78238733e-01,1.00000144e-09
1,1.00000000e-02,3.16880878e-10,89,15,1,46,normal_corr_dominates,4.38221047e+00,1.00000000e+00,2.50000003e+07,3.03514911e-01,-8.97386231e-02,3.93253534e-01,1.00000168e-09
1,1.00000000e-02,3.16880878e-10,89,15,2,47,normal_corr_dominates,2.34320867e+00,1.00000000e+00,2.50000001e+07,1.20537696e-01,-8.97386231e-02,2.10276319e-01,1.00000250e-09
1,1.00000000e-02,3.16880878e-10,89,16,0,48,normal_corr_dominates,2.20234853e+00,1.00000000e+00,2.50000001e+07,1.43198648e-01,-1.19099116e-01,2.62297764e-01,1.00000198e-09
1,1.00000000e-02,3.16880878e-10,89,16,1,49,normal_corr_dominates,4.88932728e+00,1.00000000e+00,2.49999993e+07,-7.01413674e-01,-1.19099116e-01,-5.82314558e-01,1.00000095e-09
1,1.00000000e-02,3.16880878e-10,89,16,1,49,corr_ratio_high,1.79163596e+00,5.00000000e-01,2.49999993e+07,-7.01413674e-01,-1.19099116e-01,-5.82314558e-01,1.00000095e-09
1,1.00000000e-02,3.16880878e-10,89,16,2,50,normal_corr_dominates,2.19482288e+00,1.00000000e+00,2.50000001e+07,1.42302349e-01,-1.19099116e-01,2.61401465e-01,1.00000369e-09
1,1.00000000e-02,3.16880878e-10,89,16,2,50,corr_ratio_high,5.58331939e-01,5.00000000e-01,2.50000001e+07,1.42302349e-01,-1.19099116e-01,2.61401465e-01,1.00000369e-09
1,1.00000000e-02,3.16880878e-10,89,17,1,52,normal_corr_dominates,1.66784839e+00,1.00000000e+00,2.49999998e+07,-2.47231312e-01,-9.26706753e-02,-1.54560637e-01,1.00000109e-09
1,1.00000000e-02,3.16880878e-10,89,17,1,52,corr_ratio_high,1.51027323e+00,5.00000000e-01,2.49999998e+07,-2.47231312e-01,-9.26706753e-02,-1.54560637e-01,1.00000109e-09
1,1.00000000e-02,3.16880878e-10,89,18,0,54,normal_corr_dominates,5.62339652e+00,1.00000000e+00,2.50000002e+07,2.08766682e-01,-4.51543970e-02,2.53921079e-01,1.00000121e-09
1,1.00000000e-02,3.16880878e-10,89,18,0,54,corr_ratio_high,6.17827865e-01,5.00000000e-01,2.50000002e+07,2.08766682e-01,-4.51543970e-02,2.53921079e-01,1.00000121e-09
1,1.00000000e-02,3.16880878e-10,89,18,1,55,normal_corr_dominates,7.13885833e+00,1.00000000e+00,2.49999996e+07,-3.67505240e-01,-4.51543970e-02,-3.22350843e-01,1.00000154e-09
1,1.00000000e-02,3.16880878e-10,89,19,0,57,normal_corr_dominates,3.42063049e+01,1.00000000e+00,2.49999998e+07,-1.79631362e-01,-5.10224980e-03,-1.74529112e-01,1.00000368e-09
1,1.00000000e-02,3.16880878e-10,89,19,0,57,corr_ratio_high,5.00128325e-01,5.00000000e-01,2.49999998e+07,-1.79631362e-01,-5.10224980e-03,-1.74529112e-01,1.00000368e-09
1,1.00000000e-02,3.16880878e-10,89,19,1,58,normal_corr_dominates,6.65211754e+01,1.00000000e+00,2.49999997e+07,-3.44509903e-01,-5.10224980e-03,-3.39407654e-01,1.00000100e-09
1,1.00000000e-02,3.16880878e-10,89,19,1,58,corr_ratio_high,1.58909322e+00,5.00000000e-01,2.49999997e+07,-3.44509903e-01,-5.10224980e-03,-3.39407654e-01,1.00000100e-09
1,1.00000000e-02,3.16880878e-10,89,19,2,59,normal_corr_dominates,9.72626033e+00,1.00000000e+00,2.50000000e+07,4.45235600e-02,-5.10224980e-03,4.96258098e-02,1.00000148e-09
1,1.00000000e-02,3.16880878e-10,89,20,0,60,corr_ratio_high,3.26331622e+00,5.00000000e-01,2.49999999e+07,-8.27249536e-02,-4.16748563e-02,-4.10500973e-02,1.00000030e-09
1,1.00000000e-02,3.16880878e-10,89,20,1,61,normal_corr_dominates,7.61921255e+00,1.00000000e+00,2.50000003e+07,2.75854732e-01,-4.16748563e-02,3.17529588e-01,1.00000317e-09
1,1.00000000e-02,3.16880878e-10,89,20,2,62,normal_corr_dominates,2.61383004e+00,1.00000000e+00,2.50000001e+07,6.72561352e-02,-4.16748563e-02,1.08930991e-01,1.00000294e-09
1,1.00000000e-02,3.16880878e-10,89,22,0,66,normal_corr_dominates,2.67396112e+00,1.00000000e+00,2.50000001e+07,1.22092295e-01,-7.29361597e-02,1.95028455e-01,1.00000264e-09
1,1.00000000e-02,3.16880878e-10,89,22,2,68,normal_corr_dominates,8.02581848e+00,1.00000000e+00,2.49999993e+07,-6.58308538e-01,-7.29361597e-02,-5.85372379e-01,1.00000210e-09
1,1.00000000e-02,3.16880878e-10,89,23,0,69,normal_corr_dominates,1.22889991e+00,1.00000000e+00,2.49999996e+07,-3.50139155e-01,-1.57090569e-01,-1.93048586e-01,1.00000256e-09
1,1.00000000e-02,3.16880878e-10,89,23,1,70,normal_corr_dominates,2.05325581e+00,1.00000000e+00,2.50000002e+07,1.65456554e-01,-1.57090569e-01,3.22547123e-01,1.00000151e-09
1,1.00000000e-02,3.16880878e-10,89,24,0,72,normal_corr_dominates,1.65449235e+01,1.00000000e+00,2.50000003e+07,3.14272572e-01,-2.02170549e-02,3.34489626e-01,1.00000190e-09
1,1.00000000e-02,3.16880878e-10,89,24,1,73,normal_corr_dominates,1.18131676e+01,1.00000000e+00,2.50000002e+07,2.18610404e-01,-2.02170549e-02,2.38827459e-01,1.00000234e-09
1,1.00000000e-02,3.16880878e-10,89,24,2,74,normal_corr_dominates,2.22254567e+01,1.00000000e+00,2.49999995e+07,-4.69550335e-01,-2.02170549e-02,-4.49333280e-01,1.00000222e-09
1,1.00000000e-02,3.16880878e-10,89,27,1,82,normal_corr_dominates,2.31645652e+00,1.00000000e+00,2.50000002e+07,2.47116569e-01,-1.87713431e-01,4.34830000e-01,1.00000238e-09
1,1.00000000e-02,3.16880878e-10,89,28,0,84,normal_corr_dominates,9.84612419e+00,1.00000000e+00,2.49999994e+07,-6.11453201e-01,-5.63752719e-02,-5.55077929e-01,1.00000237e-09
1,1.00000000e-02,3.16880878e-10,89,28,1,85,normal_corr_dominates,6.38367523e+00,1.00000000e+00,2.50000003e+07,3.03506155e-01,-5.63752719e-02,3.59881427e-01,1.00000214e-09
1,1.00000000e-02,3.16880878e-10,89,28,2,86,normal_corr_dominates,8.42354598e+00,1.00000000e+00,2.49999995e+07,-5.31254967e-01,-5.63752719e-02,-4.74879695e-01,1.00000247e-09
1,1.00000000e-02,3.16880878e-10,89,30,0,90,normal_corr_dominates,1.72796869e+01,1.00000000e+00,2.49999998e+07,-2.12119610e-01,1.30297107e-02,-2.25149321e-01,1.00000258e-09
1,1.00000000e-02,3.16880878e-10,89,30,1,91,normal_corr_dominates,1.57777918e+01,1.00000000e+00,2.50000002e+07,2.18609773e-01,1.30297107e-02,2.05580062e-01,1.00000202e-09
1,1.00000000e-02,3.16880878e-10,89,30,2,92,normal_corr_dominates,3.22541143e+01,1.00000000e+00,2.49999996e+07,-4.07232068e-01,1.30297107e-02,-4.20261779e-01,1.00000212e-09
1,1.00000000e-02,3.16880878e-10,89,9,0,27,normal_corr_dominates,2.61203726e+00,1.00000000e+00,2.50000002e+07,1.79638879e-01,-1.11435935e-01,2.91074813e-01,1.00000202e-09
1,1.00000000e-02,3.16880878e-10,89,9,1,28,normal_corr_dominates,2.68955303e+00,1.00000000e+00,2.49999996e+07,-4.11148790e-01,-1.11435935e-01,-2.99712856e-01,1.00000260e-09
1,1.00000000e-02,3.16880878e-10,89,9,2,29,normal_corr_dominates,4.26179735e+00,1.00000000e+00,2.50000004e+07,3.63481437e-01,-1.11435935e-01,4.74917372e-01,1.00000227e-09
1,1.00000000e-02,3.16880878e-10,89,8,0,24,normal_corr_dominates,1.46653446e+00,1.00000000e+00,2.49999998e+07,-2.46270821e-01,-9.98448736e-02,-1.46425947e-01,1.00000283e-09
1,1.00000000e-02,3.16880878e-10,89,8,2,26,normal_corr_dominates,2.14764034e+00,1.00000000e+00,2.50000001e+07,1.14586004e-01,-9.98448736e-02,2.14430878e-01,1.00000165e-09
1,1.00000000e-02,3.16880878e-10,89,8,2,26,corr_ratio_high,5.88803627e-01,5.00000000e-01,2.50000001e+07,1.14586004e-01,-9.98448736e-02,2.14430878e-01,1.00000165e-09
2,2.87484385e-02,9.10983044e-10,89,0,0,0,normal_corr_dominates,4.22895610e+00,1.00000000e+00,2.49999965e+07,-3.48537681e+00,-6.66553083e-01,-2.81882373e+00,1.00001052e-09
2,2.87484385e-02,9.10983044e-10,89,0,1,1,normal_corr_dominates,2.30284961e+00,1.00000000e+00,2.50000009e+07,8.68418424e-01,-6.66553083e-01,1.53497151e+00,1.00000469e-09
2,2.87484385e-02,9.10983044e-10,89,0,1,1,corr_ratio_high,5.20050402e-01,5.00000000e-01,2.50000009e+07,8.68418424e-01,-6.66553083e-01,1.53497151e+00,1.00000469e-09
2,2.87484385e-02,9.10983044e-10,89,0,2,2,normal_corr_dominates,3.51686829e+00,1.00000000e+00,2.50000017e+07,1.67762632e+00,-6.66553083e-01,2.34417940e+00,1.00000487e-09
2,2.87484385e-02,9.10983044e-10,89,1,0,3,normal_corr_dominates,2.82868240e+00,1.00000000e+00,2.49999986e+07,-1.43604629e+00,-3.75075846e-01,-1.06097044e+00,1.00000839e-09
2,2.87484385e-02,9.10983044e-10,89,1,1,4,normal_corr_dominates,1.88650257e+00,1.00000000e+00,2.50000003e+07,3.32505702e-01,-3.75075846e-01,7.07581548e-01,1.00000439e-09
2,2.87484385e-02,9.10983044e-10,89,1,1,4,corr_ratio_high,6.36050836e-01,5.00000000e-01,2.50000003e+07,3.32505702e-01,-3.75075846e-01,7.07581548e-01,1.00000439e-09
2,2.87484385e-02,9.10983044e-10,89,1,2,5,normal_corr_dominates,4.42624635e+00,1.00000000e+00,2.50000013e+07,1.28510225e+00,-3.75075846e-01,1.66017809e+00,1.00000687e-09
2,2.87484385e-02,9.10983044e-10,89,2,0,6,normal_corr_dominates,2.70752785e+00,1.00000000e+00,2.49999993e+07,-6.70779718e-01,-1.80923716e-01,-4.89856001e-01,1.00000578e-09
2,2.87484385e-02,9.10983044e-10,89,2,1,7,normal_corr_dominates,5.11611365e+00,1.00000000e+00,2.50000007e+07,7.44702579e-01,-1.80923716e-01,9.25626295e-01,1.00000391e-09
2,2.87484385e-02,9.10983044e-10,89,3,0,9,normal_corr_dominates,7.48368016e+00,1.00000000e+00,2.50000010e+07,9.67930503e-01,-1.49287207e-01,1.11721771e+00,1.00000713e-09
2,2.87484385e-02,9.10983044e-10,89,3,2,11,normal_corr_dominates,3.21618384e+00,1.00000000e+00,2.50000003e+07,3.30847896e-01,-1.49287207e-01,4.80135103e-01,1.00000730e-09
2,2.87484385e-02,9.10983044e-10,89,4,0,12,normal_corr_dominates,2.60700508e+00,1.00000000e+00,2.50000005e+07,4.60696914e-01,-2.86680434e-01,7.47377348e-01,1.00000215e-09
2,2.87484385e-02,9.10983044e-10,89,4,0,12,corr_ratio_high,1.49196554e+00,5.00000000e-01,2.50000005e+07,4.60696914e-01,-2.86680434e-01,7.47377348e-01,1.00000215e-09
2,2.87484385e-02,9.10983044e-10,89,4,2,14,normal_corr_dominates,2.11241637e+00,1.00000000e+00,2.49999991e+07,-8.92268875e-01,-2.86680434e-01,-6.05588441e-01,1.00001142e-09
2,2.87484385e-02,9.10983044e-10,89,4,2,14,corr_ratio_high,5.77502675e-01,5.00000000e-01,2.49999991e+07,-8.92268875e-01,-2.86680434e-01,-6.05588441e-01,1.00001142e-09
2,2.87484385e-02,9.10983044e-10,89,5,0,15,normal_corr_dominates,6.17564234e+00,1.00000000e+00,2.49999991e+07,-9.25084325e-01,-1.28920072e-01,-7.96164253e-01,1.00000402e-09
2,2.87484385e-02,9.10983044e-10,89,5,0,15,corr_ratio_high,8.40719662e-01,5.00000000e-01,2.49999991e+07,-9.25084325e-01,-1.28920072e-01,-7.96164253e-01,1.00000402e-09
2,2.87484385e-02,9.10983044e-10,89,5,1,16,normal_corr_dominates,5.85988031e+00,1.00000000e+00,2.49999991e+07,-8.84376262e-01,-1.28920072e-01,-7.55456190e-01,1.00000711e-09
2,2.87484385e-02,9.10983044e-10,89,5,2,17,normal_corr_dominates,9.06734967e+00,1.00000000e+00,2.50000010e+07,1.04004330e+00,-1.28920072e-01,1.16896337e+00,1.00000432e-09
2,2.87484385e-02,9.10983044e-10,89,6,0,18,normal_corr_dominates,1.33208270e+01,1.00000000e+00,2.49999999e+07,-1.29754667e-01,1.05313277e-02,-1.40285995e-01,1.00000512e-09
2,2.87484385e-02,9.10983044e-10,89,6,1,19,normal_corr_dominates,1.40397895e+01,1.00000000e+00,2.50000002e+07,1.58388953e-01,1.05313277e-02,1.47857625e-01,1.00000480e-09
2,2.87484385e-02,9.10983044e-10,89,6,2,20,normal_corr_dominates,2.64683495e+00,1.00000000e+00,2.50000000e+07,3.84060141e-02,1.05313277e-02,2.78746863e-02,1.00000723e-09
2,2.87484385e-02,9.10983044e-10,89,12,1,37,corr_ratio_high,1.45864446e+00,5.00000000e-01,2.49999999e+07,-6.26868242e-02,-2.89020647e-01,2.26333823e-01,1.00000255e-09
2,2.87484385e-02,9.10983044e-10,89,12,2,38,normal_corr_dominates,4.15031932e+00,1.00000000e+00,2.50000009e+07,9.10507329e-01,-2.89020647e-01,1.19952798e+00,1.00000766e-09
2,2.87484385e-02,9.10983044e-10,89,13,0,39,normal_corr_dominates,1.56514455e+01,1.00000000e+00,2.49999992e+07,-8.03843021e-01,-4.82746691e-02,-7.55568352e-01,1.00000328e-09
2,2.87484385e-02,9.10983044e-10,89,13,0,39,corr_ratio_high,1.26201024e+00,5.00000000e-01,2.49999992e+07,-8.03843021e-01,-4.82746691e-02,-7.55568352e-01,1.00000328e-09
2,2.87484385e-02,9.10983044e-10,89,13,1,40,normal_corr_dominates,3.07926132e+01,1.00000000e+00,2.49999985e+07,-1.53477788e+00,-4.82746691e-02,-1.48650321e+00,1.00000259e-09
2,2.87484385e-02,9.10983044e-10,89,13,1,40,corr_ratio_high,2.13795741e+00,5.00000000e-01,2.49999985e+07,-1.53477788e+00,-4.82746691e-02,-1.48650321e+00,1.00000259e-09
2,2.87484385e-02,9.10983044e-10,89,13,2,41,normal_corr_dominates,3.04229285e+01,1.00000000e+00,2.50000014e+07,1.42038214e+00,-4.82746691e-02,1.46865681e+00,1.00001144e-09
2,2.87484385e-02,9.10983044e-10,89,13,2,41,corr_ratio_high,5.78980758e-01,5.00000000e-01,2.50000014e+07,1.42038214e+00,-4.82746691e-02,1.46865681e+00,1.00001144e-09
2,2.87484385e-02,9.10983044e-10,89,14,0,42,normal_corr_dominates,4.58173068e+00,1.00000000e+00,2.50000020e+07,1.95320961e+00,-5.45325649e-01,2.49853526e+00,1.00000850e-09
2,2.87484385e-02,9.10983044e-10,89,14,1,43,normal_corr_dominates,4.54342193e+00,1.00000000e+00,2.49999970e+07,-3.02297016e+00,-5.45325649e-01,-2.47764451e+00,1.00000615e-09
2,2.87484385e-02,9.10983044e-10,89,14,1,43,corr_ratio_high,7.83663246e-01,5.00000000e-01,2.49999970e+07,-3.02297016e+00,-5.45325649e-01,-2.47764451e+00,1.00000615e-09
2,2.87484385e-02,9.10983044e-10,89,14,2,44,normal_corr_dominates,3.44045350e+00,1.00000000e+00,2.49999976e+07,-2.42149319e+00,-5.45325649e-01,-1.87616754e+00,1.00000606e-09
2,2.87484385e-02,9.10983044e-10,89,15,0,45,normal_corr_dominates,4.22252544e+00,1.00000000e+00,2.49999987e+07,-1.33539263e+00,-2.55698635e-01,-1.07969399e+00,1.00000412e-09
2,2.87484385e-02,9.10983044e-10,89,15,0,45,corr_ratio_high,8.65302686e-01,5.00000000e-01,2.49999987e+07,-1.33539263e+00,-2.55698635e-01,-1.07969399e+00,1.00000412e-09
2,2.87484385e-02,9.10983044e-10,89,15,1,46,normal_corr_dominates,4.38889375e+00,1.00000000e+00,2.50000009e+07,8.66535505e-01,-2.55698635e-01,1.12223414e+00,1.00000478e-09
2,2.87484385e-02,9.10983044e-10,89,15,2,47,normal_corr_dominates,2.35056425e+00,1.00000000e+00,2.50000003e+07,3.45337435e-01,-2.55698635e-01,6.01036070e-01,1.00000712e-09
2,2.87484385e-02,9.10983044e-10,89,16,0,48,normal_corr_dominates,2.20507933e+00,1.00000000e+00,2.50000004e+07,4.09927844e-01,-3.40166687e-01,7.50094532e-01,1.00000564e-09
2,2.87484385e-02,9.10983044e-10,89,16,1,49,normal_corr_dominates,4.88394686e+00,1.00000000e+00,2.49999980e+07,-2.00152271e+00,-3.40166687e-01,-1.66135603e+00,1.00000271e-09
2,2.87484385e-02,9.10983044e-10,89,16,1,49,corr_ratio_high,1.79157901e+00,5.00000000e-01,2.49999980e+07,-2.00152271e+00,-3.40166687e-01,-1.66135603e+00,1.00000271e-09
2,2.87484385e-02,9.10983044e-10,89,16,2,50,normal_corr_dominates,2.18872400e+00,1.00000000e+00,2.50000004e+07,4.04364306e-01,-3.40166687e-01,7.44530993e-01,1.00001054e-09
2,2.87484385e-02,9.10983044e-10,89,16,2,50,corr_ratio_high,5.58347814e-01,5.00000000e-01,2.50000004e+07,4.04364306e-01,-3.40166687e-01,7.44530993e-01,1.00001054e-09
2,2.87484385e-02,9.10983044e-10,89,17,1,52,normal_corr_dominates,1.66761839e+00,1.00000000e+00,2.49999993e+07,-7.05822984e-01,-2.64589188e-01,-4.41233796e-01,1.00000310e-09
2,2.87484385e-02,9.10983044e-10,89,17,1,52,corr_ratio_high,1.50997445e+00,5.00000000e-01,2.49999993e+07,-7.05822984e-01,-2.64589188e-01,-4.41233796e-01,1.00000310e-09
2,2.87484385e-02,9.10983044e-10,89,18,0,54,normal_corr_dominates,5.62713564e+00,1.00000000e+00,2.50000006e+07,5.96232264e-01,-1.28855584e-01,7.25087847e-01,1.00000344e-09
2,2.87484385e-02,9.10983044e-10,89,18,0,54,corr_ratio_high,6.17908133e-01,5.00000000e-01,2.50000006e+07,5.96232264e-01,-1.28855584e-01,7.25087847e-01,1.00000344e-09
2,2.87484385e-02,9.10983044e-10,89,18,1,55,normal_corr_dominates,7.14001390e+00,1.00000000e+00,2.49999990e+07,-1.04888624e+00,-1.28855584e-01,-9.20030657e-01,1.00000439e-09
2,2.87484385e-02,9.10983044e-10,89,19,0,57,normal_corr_dominates,3.41581343e+01,1.00000000e+00,2.49999995e+07,-5.12684442e-01,-1.45822425e-02,-4.98102199e-01,1.00001049e-09
2,2.87484385e-02,9.10983044e-10,89,19,0,57,corr_ratio_high,5.00215349e-01,5.00000000e-01,2.49999995e+07,-5.12684442e-01,-1.45822425e-02,-4.98102199e-01,1.00001049e-09
2,2.87484385e-02,9.10983044e-10,89,19,1,58,normal_corr_dominates,6.64261260e+01,1.00000000e+00,2.49999990e+07,-9.83224121e-01,-1.45822425e-02,-9.68641878e-01,1.00000286e-09
2,2.87484385e-02,9.10983044e-10,89,19,1,58,corr_ratio_high,1.58874153e+00,5.00000000e-01,2.49999990e+07,-9.83224121e-01,-1.45822425e-02,-9.68641878e-01,1.00000286e-09
2,2.87484385e-02,9.10983044e-10,89,19,2,59,normal_corr_dominates,9.71040935e+00,1.00000000e+00,2.50000001e+07,1.27017302e-01,-1.45822425e-02,1.41599544e-01,1.00000423e-09
2,2.87484385e-02,9.10983044e-10,89,20,0,60,corr_ratio_high,3.26218626e+00,5.00000000e-01,2.49999998e+07,-2.36088714e-01,-1.19246485e-01,-1.16842229e-01,1.00000087e-09
2,2.87484385e-02,9.10983044e-10,89,20,1,61,normal_corr_dominates,7.59675384e+00,1.00000000e+00,2.50000008e+07,7.86639705e-01,-1.19246485e-01,9.05886190e-01,1.00000905e-09
2,2.87484385e-02,9.10983044e-10,89,20,2,62,normal_corr_dominates,2.60634358e+00,1.00000000e+00,2.50000002e+07,1.91550824e-01,-1.19246485e-01,3.10797309e-01,1.00000839e-09
2,2.87484385e-02,9.10983044e-10,89,22,0,66,normal_corr_dominates,2.67411084e+00,1.00000000e+00,2.50000003e+07,3.48624887e-01,-2.08244807e-01,5.56869694e-01,1.00000753e-09
2,2.87484385e-02,9.10983044e-10,89,22,2,68,normal_corr_dominates,8.02862245e+00,1.00000000e+00,2.49999981e+07,-1.88016374e+00,-2.08244807e-01,-1.67191893e+00,1.00000598e-09
2,2.87484385e-02,9.10983044e-10,89,23,0,69,normal_corr_dominates,1.23059173e+00,1.00000000e+00,2.49999990e+07,-9.99468870e-01,-4.48073423e-01,-5.51395447e-01,1.00000731e-09
2,2.87484385e-02,9.10983044e-10,89,23,1,70,normal_corr_dominates,2.05392127e+00,1.00000000e+00,2.50000005e+07,4.72234111e-01,-4.48073423e-01,9.20307534e-01,1.00000430e-09
2,2.87484385e-02,9.10983044e-10,89,24,0,72,normal_corr_dominates,1.66397022e+01,1.00000000e+00,2.50000009e+07,8.97912373e-01,-5.74123703e-02,9.55324743e-01,1.00000543e-09
2,2.87484385e-02,9.10983044e-10,89,24,1,73,normal_corr_dominates,1.18855455e+01,1.00000000e+00,2.50000006e+07,6.24964971e-01,-5.74123703e-02,6.82377341e-01,1.00000668e-09
2,2.87484385e-02,9.10983044e-10,89,24,2,74,normal_corr_dominates,2.23635902e+01,1.00000000e+00,2.49999987e+07,-1.34135909e+00,-5.74123703e-02,-1.28394672e+00,1.00000635e-09
2,2.87484385e-02,9.10983044e-10,89,27,1,82,normal_corr_dominates,2.31533994e+00,1.00000000e+00,2.50000007e+07,7.04975532e-01,-5.35964513e-01,1.24094005e+00,1.00000679e-09
2,2.87484385e-02,9.10983044e-10,89,28,0,84,normal_corr_dominates,9.87596806e+00,1.00000000e+00,2.49999983e+07,-1.74493693e+00,-1.60439688e-01,-1.58449724e+00,1.00000675e-09
2,2.87484385e-02,9.10983044e-10,89,28,1,85,normal_corr_dominates,6.40526922e+00,1.00000000e+00,2.50000009e+07,8.67219710e-01,-1.60439688e-01,1.02765940e+00,1.00000611e-09
2,2.87484385e-02,9.10983044e-10,89,28,2,86,normal_corr_dominates,8.46112243e+00,1.00000000e+00,2.49999985e+07,-1.51793953e+00,-1.60439688e-01,-1.35749985e+00,1.00000704e-09
2,2.87484385e-02,9.10983044e-10,89,30,0,90,normal_corr_dominates,1.71892167e+01,1.00000000e+00,2.49999994e+07,-6.05518252e-01,3.74025664e-02,-6.42920818e-01,1.00000736e-09
2,2.87484385e-02,9.10983044e-10,89,30,1,91,normal_corr_dominates,1.57075403e+01,1.00000000e+00,2.50000006e+07,6.24904884e-01,3.74025664e-02,5.87502318e-01,1.00000576e-09
2,2.87484385e-02,9.10983044e-10,89,30,2,92,normal_corr_dominates,3.21016435e+01,1.00000000e+00,2.49999988e+07,-1.16328129e+00,3.74025664e-02,-1.20068385e+00,1.00000605e-09
2,2.87484385e-02,9.10983044e-10,89,9,0,27,normal_corr_dominates,2.60934525e+00,1.00000000e+00,2.50000005e+07,5.11743750e-01,-3.17982577e-01,8.29726327e-01,1.00000577e-09
2,2.87484385e-02,9.10983044e-10,89,9,1,28,normal_corr_dominates,2.68786420e+00,1.00000000e+00,2.49999988e+07,-1.17267656e+00,-3.17982577e-01,-8.54693985e-01,1.00000742e-09
2,2.87484385e-02,9.10983044e-10,89,9,2,29,normal_corr_dominates,4.26306500e+00,1.00000000e+00,2.50000010e+07,1.03759782e+00,-3.17982577e-01,1.35558040e+00,1.00000647e-09
2,2.87484385e-02,9.10983044e-10,89,8,0,24,normal_corr_dominates,1.46715790e+00,1.00000000e+00,2.49999993e+07,-7.02582223e-01,-2.84773919e-01,-4.17808304e-01,1.00000808e-09
2,2.87484385e-02,9.10983044e-10,89,8,2,26,normal_corr_dominates,2.14970517e+00,1.00000000e+00,2.50000003e+07,3.27406047e-01,-2.84773919e-01,6.12179966e-01,1.00000471e-09
2,2.87484385e-02,9.10983044e-10,89,8,2,26,corr_ratio_high,5.88908977e-01,5.00000000e-01,2.50000003e+07,3.27406047e-01,-2.84773919e-01,6.12179966e-01,1.00000471e-09
3,5.05458994e-02,1.60170290e-09,89,0,0,0,normal_corr_dominates,4.22756930e+00,1.00000000e+00,2.49999939e+07,-6.08427663e+00,-1.16388254e+00,-4.92039409e+00,1.00001836e-09
3,5.05458994e-02,1.60170290e-09,89,0,1,1,normal_corr_dominates,2.30423027e+00,1.00000000e+00,2.50000015e+07,1.51797084e+00,-1.16388254e+00,2.68185338e+00,1.00000818e-09
3,5.05458994e-02,1.60170290e-09,89,0,1,1,corr_ratio_high,5.20282542e-01,5.00000000e-01,2.50000015e+07,1.51797084e+00,-1.16388254e+00,2.68185338e+00,1.00000818e-09
3,5.05458994e-02,1.60170290e-09,89,0,2,2,normal_corr_dominates,3.51524052e+00,1.00000000e+00,2.50000029e+07,2.92744452e+00,-1.16388254e+00,4.09132706e+00,1.00000849e-09
3,5.05458994e-02,1.60170290e-09,89,1,0,3,normal_corr_dominates,2.82888128e+00,1.00000000e+00,2.49999975e+07,-2.50572842e+00,-6.54428340e-01,-1.85130008e+00,1.00001464e-09
3,5.05458994e-02,1.60170290e-09,89,1,1,4,normal_corr_dominates,1.88783633e+00,1.00000000e+00,2.50000006e+07,5.81025252e-01,-6.54428340e-01,1.23545359e+00,1.00000766e-09
3,5.05458994e-02,1.60170290e-09,89,1,1,4,corr_ratio_high,6.36405786e-01,5.00000000e-01,2.50000006e+07,5.81025252e-01,-6.54428340e-01,1.23545359e+00,1.00000766e-09
3,5.05458994e-02,1.60170290e-09,89,1,2,5,normal_corr_dominates,4.42782886e+00,1.00000000e+00,2.50000022e+07,2.24326835e+00,-6.54428340e-01,2.89769669e+00,1.00001200e-09
3,5.05458994e-02,1.60170290e-09,89,2,0,6,normal_corr_dominates,2.71224648e+00,1.00000000e+00,2.49999988e+07,-1.17117694e+00,-3.15490081e-01,-8.55686862e-01,1.00001009e-09
3,5.05458994e-02,1.60170290e-09,89,2,1,7,normal_corr_dominates,5.12329956e+00,1.00000000e+00,2.50000013e+07,1.30086011e+00,-3.15490081e-01,1.61635019e+00,1.00000682e-09
3,5.05458994e-02,1.60170290e-09,89,3,0,9,normal_corr_dominates,7.48167172e+00,1.00000000e+00,2.50000017e+07,1.68851947e+00,-2.60506787e-01,1.94902626e+00,1.00001244e-09
3,5.05458994e-02,1.60170290e-09,89,3,2,11,normal_corr_dominates,3.21671027e+00,1.00000000e+00,2.50000006e+07,5.77468069e-01,-2.60506787e-01,8.37974855e-01,1.00001273e-09
3,5.05458994e-02,1.60170290e-09,89,4,0,12,normal_corr_dominates,2.60961226e+00,1.00000000e+00,2.50000008e+07,8.05349395e-01,-5.00337514e-01,1.30568691e+00,1.00000374e-09
3,5.05458994e-02,1.60170290e-09,89,4,0,12,corr_ratio_high,1.49278612e+00,5.00000000e-01,2.50000008e+07,8.05349395e-01,-5.00337514e-01,1.30568691e+00,1.00000374e-09
3,5.05458994e-02,1.60170290e-09,89,4,2,14,normal_corr_dominates,2.11496281e+00,1.00000000e+00,2.49999984e+07,-1.55853275e+00,-5.00337514e-01,-1.05819524e+00,1.00001993e-09
3,5.05458994e-02,1.60170290e-09,89,4,2,14,corr_ratio_high,5.77576900e-01,5.00000000e-01,2.49999984e+07,-1.55853275e+00,-5.00337514e-01,-1.05819524e+00,1.00001993e-09
3,5.05458994e-02,1.60170290e-09,89,5,0,15,normal_corr_dominates,6.17338237e+00,1.00000000e+00,2.49999984e+07,-1.61356462e+00,-2.24937767e-01,-1.38862685e+00,1.00000702e-09
3,5.05458994e-02,1.60170290e-09,89,5,0,15,corr_ratio_high,8.41136154e-01,5.00000000e-01,2.49999984e+07,-1.61356462e+00,-2.24937767e-01,-1.38862685e+00,1.00000702e-09
3,5.05458994e-02,1.60170290e-09,89,5,1,16,normal_corr_dominates,5.87121137e+00,1.00000000e+00,2.49999985e+07,-1.54559494e+00,-2.24937767e-01,-1.32065718e+00,1.00001241e-09
3,5.05458994e-02,1.60170290e-09,89,5,2,17,normal_corr_dominates,9.07135804e+00,1.00000000e+00,2.50000018e+07,1.81555326e+00,-2.24937767e-01,2.04049103e+00,1.00000754e-09
3,5.05458994e-02,1.60170290e-09,89,6,0,18,normal_corr_dominates,1.31295789e+01,1.00000000e+00,2.49999998e+07,-2.26492106e-01,1.86727098e-02,-2.45164816e-01,1.00000893e-09
3,5.05458994e-02,1.60170290e-09,89,6,1,19,normal_corr_dominates,1.38401991e+01,1.00000000e+00,2.50000003e+07,2.77106730e-01,1.86727098e-02,2.58434021e-01,1.00000837e-09
3,5.05458994e-02,1.60170290e-09,89,6,2,20,normal_corr_dominates,2.58375651e+00,1.00000000e+00,2.50000001e+07,6.69184453e-02,1.86727098e-02,4.82457355e-02,1.00001261e-09
3,5.05458994e-02,1.60170290e-09,89,12,1,37,corr_ratio_high,1.45902860e+00,5.00000000e-01,2.49999999e+07,-1.08599036e-01,-5.04171952e-01,3.95572916e-01,1.00000444e-09
3,5.05458994e-02,1.60170290e-09,89,12,2,38,normal_corr_dominates,4.15167764e+00,1.00000000e+00,2.50000016e+07,1.58898747e+00,-5.04171952e-01,2.09315942e+00,1.00001337e-09
3,5.05458994e-02,1.60170290e-09,89,13,0,39,normal_corr_dominates,1.55230672e+01,1.00000000e+00,2.49999986e+07,-1.40335298e+00,-8.49329582e-02,-1.31842002e+00,1.00000573e-09
3,5.05458994e-02,1.60170290e-09,89,13,0,39,corr_ratio_high,1.26149792e+00,5.00000000e-01,2.49999986e+07,-1.40335298e+00,-8.49329582e-02,-1.31842002e+00,1.00000573e-09
3,5.05458994e-02,1.60170290e-09,89,13,1,40,normal_corr_dominates,3.05383228e+01,1.00000000e+00,2.49999973e+07,-2.67864305e+00,-8.49329582e-02,-2.59371010e+00,1.00000451e-09
3,5.05458994e-02,1.60170290e-09,89,13,1,40,corr_ratio_high,2.13848776e+00,5.00000000e-01,2.49999973e+07,-2.67864305e+00,-8.49329582e-02,-2.59371010e+00,1.00000451e-09
3,5.05458994e-02,1.60170290e-09,89,13,2,41,normal_corr_dominates,3.01647103e+01,1.00000000e+00,2.50000025e+07,2.47704512e+00,-8.49329582e-02,2.56197808e+00,1.00001996e-09
3,5.05458994e-02,1.60170290e-09,89,13,2,41,corr_ratio_high,5.78993718e-01,5.00000000e-01,2.50000025e+07,2.47704512e+00,-8.49329582e-02,2.56197808e+00,1.00001996e-09
3,5.05458994e-02,1.60170290e-09,89,14,0,42,normal_corr_dominates,4.58846760e+00,1.00000000e+00,2.50000034e+07,3.41412648e+00,-9.51416276e-01,4.36554275e+00,1.00001482e-09
3,5.05458994e-02,1.60170290e-09,89,14,1,43,normal_corr_dominates,4.54658435e+00,1.00000000e+00,2.49999947e+07,-5.27711062e+00,-9.51416276e-01,-4.32569435e+00,1.00001073e-09
3,5.05458994e-02,1.60170290e-09,89,14,1,43,corr_ratio_high,7.84266343e-01,5.00000000e-01,2.49999947e+07,-5.27711062e+00,-9.51416276e-01,-4.32569435e+00,1.00001073e-09
3,5.05458994e-02,1.60170290e-09,89,14,2,44,normal_corr_dominates,3.44742628e+00,1.00000000e+00,2.49999958e+07,-4.23135375e+00,-9.51416276e-01,-3.27993747e+00,1.00001058e-09
3,5.05458994e-02,1.60170290e-09,89,15,0,45,normal_corr_dominates,4.22981529e+00,1.00000000e+00,2.49999977e+07,-2.33041135e+00,-4.45601083e-01,-1.88481027e+00,1.00000719e-09
3,5.05458994e-02,1.60170290e-09,89,15,0,45,corr_ratio_high,8.65266488e-01,5.00000000e-01,2.49999977e+07,-2.33041135e+00,-4.45601083e-01,-1.88481027e+00,1.00000719e-09
3,5.05458994e-02,1.60170290e-09,89,15,1,46,normal_corr_dominates,4.39529505e+00,1.00000000e+00,2.50000015e+07,1.51294715e+00,-4.45601083e-01,1.95854823e+00,1.00000835e-09
3,5.05458994e-02,1.60170290e-09,89,15,2,47,normal_corr_dominates,2.35767214e+00,1.00000000e+00,2.50000006e+07,6.04980176e-01,-4.45601083e-01,1.05058126e+00,1.00001243e-09
3,5.05458994e-02,1.60170290e-09,89,16,0,48,normal_corr_dominates,2.20764473e+00,1.00000000e+00,2.50000007e+07,7.17573711e-01,-5.94192725e-01,1.31176644e+00,1.00000984e-09
3,5.05458994e-02,1.60170290e-09,89,16,1,49,normal_corr_dominates,4.87844323e+00,1.00000000e+00,2.49999965e+07,-3.49292820e+00,-5.94192725e-01,-2.89873547e+00,1.00000473e-09
3,5.05458994e-02,1.60170290e-09,89,16,1,49,corr_ratio_high,1.79150027e+00,5.00000000e-01,2.49999965e+07,-3.49292820e+00,-5.94192725e-01,-2.89873547e+00,1.00000473e-09
3,5.05458994e-02,1.60170290e-09,89,16,2,50,normal_corr_dominates,2.18260436e+00,1.00000000e+00,2.50000007e+07,7.02694910e-01,-5.94192725e-01,1.29688763e+00,1.00001840e-09
3,5.05458994e-02,1.60170290e-09,89,16,2,50,corr_ratio_high,5.58360632e-01,5.00000000e-01,2.50000007e+07,7.02694910e-01,-5.94192725e-01,1.29688763e+00,1.00001840e-09
3,5.05458994e-02,1.60170290e-09,89,17,1,52,normal_corr_dominates,1.66729605e+00,1.00000000e+00,2.49999988e+07,-1.23234150e+00,-4.62019019e-01,-7.70322486e-01,1.00000541e-09
3,5.05458994e-02,1.60170290e-09,89,17,1,52,corr_ratio_high,1.50965075e+00,5.00000000e-01,2.49999988e+07,-1.23234150e+00,-4.62019019e-01,-7.70322486e-01,1.00000541e-09
3,5.05458994e-02,1.60170290e-09,89,18,0,54,normal_corr_dominates,5.62981399e+00,1.00000000e+00,2.50000010e+07,1.04129039e+00,-2.24909768e-01,1.26620016e+00,1.00000600e-09
3,5.05458994e-02,1.60170290e-09,89,18,0,54,corr_ratio_high,6.17973889e-01,5.00000000e-01,2.50000010e+07,1.04129039e+00,-2.24909768e-01,1.26620016e+00,1.00000600e-09
3,5.05458994e-02,1.60170290e-09,89,18,1,55,normal_corr_dominates,7.14009589e+00,1.00000000e+00,2.49999982e+07,-1.83078707e+00,-2.24909768e-01,-1.60587731e+00,1.00000766e-09
3,5.05458994e-02,1.60170290e-09,89,19,0,57,normal_corr_dominates,3.40788081e+01,1.00000000e+00,2.49999991e+07,-8.94870800e-01,-2.55102967e-02,-8.69360504e-01,1.00001831e-09
3,5.05458994e-02,1.60170290e-09,89,19,0,57,corr_ratio_high,5.00298326e-01,5.00000000e-01,2.49999991e+07,-8.94870800e-01,-2.55102967e-02,-8.69360504e-01,1.00001831e-09
3,5.05458994e-02,1.60170290e-09,89,19,1,58,normal_corr_dominates,6.62714699e+01,1.00000000e+00,2.49999983e+07,-1.71611515e+00,-2.55102967e-02,-1.69060486e+00,1.00000500e-09
3,5.05458994e-02,1.60170290e-09,89,19,1,58,corr_ratio_high,1.58834258e+00,5.00000000e-01,2.49999983e+07,-1.71611515e+00,-2.55102967e-02,-1.69060486e+00,1.00000500e-09
3,5.05458994e-02,1.60170290e-09,89,19,2,59,normal_corr_dominates,9.68563691e+00,1.00000000e+00,2.50000002e+07,2.21573174e-01,-2.55102967e-02,2.47083471e-01,1.00000739e-09
3,5.05458994e-02,1.60170290e-09,89,20,0,60,corr_ratio_high,3.26102283e+00,5.00000000e-01,2.49999996e+07,-4.12087626e-01,-2.08690962e-01,-2.03396664e-01,1.00000151e-09
3,5.05458994e-02,1.60170290e-09,89,20,1,61,normal_corr_dominates,7.57358329e+00,1.00000000e+00,2.50000014e+07,1.37184742e+00,-2.08690962e-01,1.58053838e+00,1.00001579e-09
3,5.05458994e-02,1.60170290e-09,89,20,2,62,normal_corr_dominates,2.59848391e+00,1.00000000e+00,2.50000003e+07,3.33589146e-01,-2.08690962e-01,5.42280108e-01,1.00001465e-09
3,5.05458994e-02,1.60170290e-09,89,22,0,66,normal_corr_dominates,2.67399088e+00,1.00000000e+00,2.50000006e+07,6.08716190e-01,-3.63631723e-01,9.72347913e-01,1.00001315e-09
3,5.05458994e-02,1.60170290e-09,89,22,2,68,normal_corr_dominates,8.03087905e+00,1.00000000e+00,2.49999967e+07,-3.28391411e+00,-3.63631723e-01,-2.92028239e+00,1.00001044e-09
3,5.05458994e-02,1.60170290e-09,89,23,0,69,normal_corr_dominates,1.23221360e+00,1.00000000e+00,2.49999983e+07,-1.74475945e+00,-7.81627460e-01,-9.63131990e-01,1.00001276e-09
3,5.05458994e-02,1.60170290e-09,89,23,1,70,normal_corr_dominates,2.05456543e+00,1.00000000e+00,2.50000008e+07,8.24277299e-01,-7.81627460e-01,1.60590476e+00,1.00000751e-09
3,5.05458994e-02,1.60170290e-09,89,24,0,72,normal_corr_dominates,1.67321412e+01,1.00000000e+00,2.50000016e+07,1.56884427e+00,-9.97222343e-02,1.66856650e+00,1.00000947e-09
3,5.05458994e-02,1.60170290e-09,89,24,1,73,normal_corr_dominates,1.19563733e+01,1.00000000e+00,2.50000011e+07,1.09259403e+00,-9.97222343e-02,1.19231626e+00,1.00001166e-09
3,5.05458994e-02,1.60170290e-09,89,24,2,74,normal_corr_dominates,2.24987907e+01,1.00000000e+00,2.49999977e+07,-2.34335191e+00,-9.97222343e-02,-2.24362967e+00,1.00001108e-09
3,5.05458994e-02,1.60170290e-09,89,27,1,82,normal_corr_dominates,2.31416773e+00,1.00000000e+00,2.50000012e+07,1.22991925e+00,-9.35892139e-01,2.16581139e+00,1.00001185e-09
3,5.05458994e-02,1.60170290e-09,89,28,0,84,normal_corr_dominates,9.90508389e+00,1.00000000e+00,2.49999970e+07,-3.04532632e+00,-2.79257486e-01,-2.76606883e+00,1.00001178e-09
3,5.05458994e-02,1.60170290e-09,89,28,1,85,normal_corr_dominates,6.42635378e+00,1.00000000e+00,2.50000015e+07,1.51534992e+00,-2.79257486e-01,1.79460740e+00,1.00001066e-09
3,5.05458994e-02,1.60170290e-09,89,28,2,86,normal_corr_dominates,8.49799019e+00,1.00000000e+00,2.49999973e+07,-2.65238487e+00,-2.79257486e-01,-2.37312738e+00,1.00001229e-09
3,5.05458994e-02,1.60170290e-09,89,30,0,90,normal_corr_dominates,1.71043781e+01,1.00000000e+00,2.49999989e+07,-1.05709096e+00,6.56399739e-02,-1.12273093e+00,1.00001285e-09
3,5.05458994e-02,1.60170290e-09,89,30,1,91,normal_corr_dominates,1.56420114e+01,1.00000000e+00,2.50000011e+07,1.09238120e+00,6.56399739e-02,1.02674122e+00,1.00001005e-09
3,5.05458994e-02,1.60170290e-09,89,30,2,92,normal_corr_dominates,3.19591135e+01,1.00000000e+00,2.49999980e+07,-2.03215540e+00,6.56399739e-02,-2.09779537e+00,1.00001055e-09
3,5.05458994e-02,1.60170290e-09,89,9,0,27,normal_corr_dominates,2.60652959e+00,1.00000000e+00,2.50000009e+07,8.91533494e-01,-5.54943711e-01,1.44647721e+00,1.00001007e-09
3,5.05458994e-02,1.60170290e-09,89,9,1,28,normal_corr_dominates,2.68604826e+00,1.00000000e+00,2.49999980e+07,-2.04554930e+00,-5.54943711e-01,-1.49060559e+00,1.00001295e-09
3,5.05458994e-02,1.60170290e-09,89,9,2,29,normal_corr_dominates,4.26403993e+00,1.00000000e+00,2.50000018e+07,1.81135843e+00,-5.54943711e-01,2.36630214e+00,1.00001130e-09
3,5.05458994e-02,1.60170290e-09,89,8,0,24,normal_corr_dominates,1.46767053e+00,1.00000000e+00,2.49999988e+07,-1.22583684e+00,-4.96758714e-01,-7.29078123e-01,1.00001409e-09
3,5.05458994e-02,1.60170290e-09,89,8,2,26,normal_corr_dominates,2.15160369e+00,1.00000000e+00,2.50000006e+07,5.72069168e-01,-4.96758714e-01,1.06882788e+00,1.00000821e-09
3,5.05458994e-02,1.60170290e-09,89,8,2,26,corr_ratio_high,5.89001240e-01,5.00000000e-01,2.50000006e+07,5.72069168e-01,-4.96758714e-01,1.06882788e+00,1.00000821e-09
4,7.92731444e-02,2.51201436e-09,89,0,0,0,normal_corr_dominates,4.22597398e+00,1.00000000e+00,2.49999905e+07,-9.46384780e+00,-1.81092517e+00,-7.65292263e+00,1.00002855e-09
4,7.92731444e-02,2.51201436e-09,89,0,1,1,normal_corr_dominates,2.30573164e+00,1.00000000e+00,2.50000024e+07,2.36458230e+00,-1.81092517e+00,4.17550746e+00,1.00001271e-09
4,7.92731444e-02,2.51201436e-09,89,0,1,1,corr_ratio_high,5.20543452e-01,5.00000000e-01,2.50000024e+07,2.36458230e+00,-1.81092517e+00,4.17550746e+00,1.00001271e-09
4,7.92731444e-02,2.51201436e-09,89,0,2,2,normal_corr_dominates,3.51339166e+00,1.00000000e+00,2.50000046e+07,4.55156421e+00,-1.81092517e+00,6.36248938e+00,1.00001321e-09
4,7.92731444e-02,2.51201436e-09,89,1,0,3,normal_corr_dominates,2.82905575e+00,1.00000000e+00,2.49999961e+07,-3.89565614e+00,-1.01739342e+00,-2.87826272e+00,1.00002276e-09
4,7.92731444e-02,2.51201436e-09,89,1,1,4,normal_corr_dominates,1.88930117e+00,1.00000000e+00,2.50000009e+07,9.04769164e-01,-1.01739342e+00,1.92216259e+00,1.00001190e-09
4,7.92731444e-02,2.51201436e-09,89,1,1,4,corr_ratio_high,6.36783776e-01,5.00000000e-01,2.50000009e+07,9.04769164e-01,-1.01739342e+00,1.92216259e+00,1.00001190e-09
4,7.92731444e-02,2.51201436e-09,89,1,2,5,normal_corr_dominates,4.42952621e+00,1.00000000e+00,2.50000035e+07,3.48917741e+00,-1.01739342e+00,4.50657083e+00,1.00001866e-09
4,7.92731444e-02,2.51201436e-09,89,2,0,6,normal_corr_dominates,2.71743921e+00,1.00000000e+00,2.49999982e+07,-1.82216734e+00,-4.90167353e-01,-1.33199998e+00,1.00001569e-09
4,7.92731444e-02,2.51201436e-09,89,2,1,7,normal_corr_dominates,5.13110572e+00,1.00000000e+00,2.50000020e+07,2.02493315e+00,-4.90167353e-01,2.51510051e+00,1.00001060e-09
4,7.92731444e-02,2.51201436e-09,89,3,0,9,normal_corr_dominates,7.47909363e+00,1.00000000e+00,2.50000026e+07,2.62436242e+00,-4.05050855e-01,3.02941327e+00,1.00001934e-09
4,7.92731444e-02,2.51201436e-09,89,3,2,11,normal_corr_dominates,3.21716947e+00,1.00000000e+00,2.50000009e+07,8.98066388e-01,-4.05050855e-01,1.30311724e+00,1.00001979e-09
4,7.92731444e-02,2.51201436e-09,89,4,0,12,normal_corr_dominates,2.61251008e+00,1.00000000e+00,2.50000013e+07,1.25464691e+00,-7.78070741e-01,2.03271765e+00,1.00000581e-09
4,7.92731444e-02,2.51201436e-09,89,4,0,12,corr_ratio_high,1.49366507e+00,5.00000000e-01,2.50000013e+07,1.25464691e+00,-7.78070741e-01,2.03271765e+00,1.00000581e-09
4,7.92731444e-02,2.51201436e-09,89,4,2,14,normal_corr_dominates,2.11787874e+00,1.00000000e+00,2.49999976e+07,-2.42593022e+00,-7.78070741e-01,-1.64785948e+00,1.00003099e-09
4,7.92731444e-02,2.51201436e-09,89,4,2,14,corr_ratio_high,5.77655208e-01,5.00000000e-01,2.49999976e+07,-2.42593022e+00,-7.78070741e-01,-1.64785948e+00,1.00003099e-09
4,7.92731444e-02,2.51201436e-09,89,5,0,15,normal_corr_dominates,6.17025389e+00,1.00000000e+00,2.49999975e+07,-2.50752191e+00,-3.49711732e-01,-2.15781017e+00,1.00001091e-09
4,7.92731444e-02,2.51201436e-09,89,5,0,15,corr_ratio_high,8.41576072e-01,5.00000000e-01,2.49999975e+07,-2.50752191e+00,-3.49711732e-01,-2.15781017e+00,1.00001091e-09
4,7.92731444e-02,2.51201436e-09,89,5,1,16,normal_corr_dominates,5.88365824e+00,1.00000000e+00,2.49999976e+07,-2.40729605e+00,-3.49711732e-01,-2.05758431e+00,1.00001931e-09
4,7.92731444e-02,2.51201436e-09,89,5,2,17,normal_corr_dominates,9.07526459e+00,1.00000000e+00,2.50000028e+07,2.82401477e+00,-3.49711732e-01,3.17372650e+00,1.00001172e-09
4,7.92731444e-02,2.51201436e-09,89,6,0,18,normal_corr_dominates,1.29320364e+01,1.00000000e+00,2.49999996e+07,-3.52280430e-01,2.95239152e-02,-3.81804346e-01,1.00001388e-09
4,7.92731444e-02,2.51201436e-09,89,6,1,19,normal_corr_dominates,1.36317349e+01,1.00000000e+00,2.50000004e+07,4.31986101e-01,2.95239152e-02,4.02462185e-01,1.00001302e-09
4,7.92731444e-02,2.51201436e-09,89,6,2,20,normal_corr_dominates,2.51739262e+00,1.00000000e+00,2.50000001e+07,1.03847202e-01,2.95239152e-02,7.43232865e-02,1.00001961e-09
4,7.92731444e-02,2.51201436e-09,89,12,1,37,corr_ratio_high,1.45941964e+00,5.00000000e-01,2.49999998e+07,-1.67449654e-01,-7.83588813e-01,6.16139160e-01,1.00000691e-09
4,7.92731444e-02,2.51201436e-09,89,12,2,38,normal_corr_dominates,4.15318711e+00,1.00000000e+00,2.50000025e+07,2.47080214e+00,-7.83588813e-01,3.25439096e+00,1.00002079e-09
4,7.92731444e-02,2.51201436e-09,89,13,0,39,normal_corr_dominates,1.53814261e+01,1.00000000e+00,2.49999978e+07,-2.18314163e+00,-1.33269327e-01,-2.04987231e+00,1.00000892e-09
4,7.92731444e-02,2.51201436e-09,89,13,0,39,corr_ratio_high,1.26088446e+00,5.00000000e-01,2.49999978e+07,-2.18314163e+00,-1.33269327e-01,-2.04987231e+00,1.00000892e-09
4,7.92731444e-02,2.51201436e-09,89,13,1,40,normal_corr_dominates,3.02573317e+01,1.00000000e+00,2.49999958e+07,-4.16564356e+00,-1.33269327e-01,-4.03237423e+00,1.00000701e-09
4,7.92731444e-02,2.51201436e-09,89,13,1,40,corr_ratio_high,2.13902203e+00,5.00000000e-01,2.49999958e+07,-4.16564356e+00,-1.33269327e-01,-4.03237423e+00,1.00000701e-09
4,7.92731444e-02,2.51201436e-09,89,13,2,41,normal_corr_dominates,2.98796441e+01,1.00000000e+00,2.50000038e+07,3.84877074e+00,-1.33269327e-01,3.98204006e+00,1.00003103e-09
4,7.92731444e-02,2.51201436e-09,89,13,2,41,corr_ratio_high,5.79005153e-01,5.00000000e-01,2.50000038e+07,3.84877074e+00,-1.33269327e-01,3.98204006e+00,1.00003103e-09
4,7.92731444e-02,2.51201436e-09,89,14,0,42,normal_corr_dominates,4.59595685e+00,1.00000000e+00,2.50000053e+07,5.31829400e+00,-1.47896491e+00,6.79725890e+00,1.00002303e-09
4,7.92731444e-02,2.51201436e-09,89,14,1,43,normal_corr_dominates,4.55006854e+00,1.00000000e+00,2.49999918e+07,-8.20835660e+00,-1.47896491e+00,-6.72939169e+00,1.00001668e-09
4,7.92731444e-02,2.51201436e-09,89,14,1,43,corr_ratio_high,7.84910022e-01,5.00000000e-01,2.49999918e+07,-8.20835660e+00,-1.47896491e+00,-6.72939169e+00,1.00001668e-09
4,7.92731444e-02,2.51201436e-09,89,14,2,44,normal_corr_dominates,3.45520691e+00,1.00000000e+00,2.49999934e+07,-6.58909467e+00,-1.47896491e+00,-5.11012977e+00,1.00001647e-09
4,7.92731444e-02,2.51201436e-09,89,15,0,45,normal_corr_dominates,4.23780112e+00,1.00000000e+00,2.49999964e+07,-3.62360055e+00,-6.91817132e-01,-2.93178342e+00,1.00001118e-09
4,7.92731444e-02,2.51201436e-09,89,15,0,45,corr_ratio_high,8.65202319e-01,5.00000000e-01,2.49999964e+07,-3.62360055e+00,-6.91817132e-01,-2.93178342e+00,1.00001118e-09
4,7.92731444e-02,2.51201436e-09,89,15,1,46,normal_corr_dominates,4.40236632e+00,1.00000000e+00,2.50000024e+07,2.35381531e+00,-6.91817132e-01,3.04563244e+00,1.00001298e-09
4,7.92731444e-02,2.51201436e-09,89,15,2,47,normal_corr_dominates,2.36550193e+00,1.00000000e+00,2.50000009e+07,9.44677627e-01,-6.91817132e-01,1.63649476e+00,1.00001932e-09
4,7.92731444e-02,2.51201436e-09,89,16,0,48,normal_corr_dominates,2.21049732e+00,1.00000000e+00,2.50000011e+07,1.11959519e+00,-9.24905140e-01,2.04450033e+00,1.00001529e-09
4,7.92731444e-02,2.51201436e-09,89,16,1,49,normal_corr_dominates,4.87234940e+00,1.00000000e+00,2.49999946e+07,-5.43136615e+00,-9.24905140e-01,-4.50646101e+00,1.00000735e-09
4,7.92731444e-02,2.51201436e-09,89,16,1,49,corr_ratio_high,1.79138043e+00,5.00000000e-01,2.49999946e+07,-5.43136615e+00,-9.24905140e-01,-4.50646101e+00,1.00000735e-09
4,7.92731444e-02,2.51201436e-09,89,16,2,50,normal_corr_dominates,2.17576586e+00,1.00000000e+00,2.50000011e+07,1.08747189e+00,-9.24905140e-01,2.01237703e+00,1.00002862e-09
4,7.92731444e-02,2.51201436e-09,89,16,2,50,corr_ratio_high,5.58374303e-01,5.00000000e-01,2.50000011e+07,1.08747189e+00,-9.24905140e-01,2.01237703e+00,1.00002862e-09
4,7.92731444e-02,2.51201436e-09,89,17,1,52,normal_corr_dominates,1.66690703e+00,1.00000000e+00,2.49999981e+07,-1.91723219e+00,-7.18897270e-01,-1.19833492e+00,1.00000842e-09
4,7.92731444e-02,2.51201436e-09,89,17,1,52,corr_ratio_high,1.50922992e+00,5.00000000e-01,2.49999981e+07,-1.91723219e+00,-7.18897270e-01,-1.19833492e+00,1.00000842e-09
4,7.92731444e-02,2.51201436e-09,89,18,0,54,normal_corr_dominates,5.63216596e+00,1.00000000e+00,2.50000016e+07,1.62038974e+00,-3.49812540e-01,1.97020228e+00,1.00000933e-09
4,7.92731444e-02,2.51201436e-09,89,18,0,54,corr_ratio_high,6.18029765e-01,5.00000000e-01,2.50000016e+07,1.62038974e+00,-3.49812540e-01,1.97020228e+00,1.00000933e-09
4,7.92731444e-02,2.51201436e-09,89,18,1,55,normal_corr_dominates,7.13976268e+00,1.00000000e+00,2.49999972e+07,-2.84739106e+00,-3.49812540e-01,-2.49757852e+00,1.00001191e-09
4,7.92731444e-02,2.51201436e-09,89,19,0,57,normal_corr_dominates,3.39911214e+01,1.00000000e+00,2.49999986e+07,-1.39173506e+00,-3.97739485e-02,-1.35196111e+00,1.00002847e-09
4,7.92731444e-02,2.51201436e-09,89,19,0,57,corr_ratio_high,5.00385098e-01,5.00000000e-01,2.49999986e+07,-1.39173506e+00,-3.97739485e-02,-1.35196111e+00,1.00002847e-09
4,7.92731444e-02,2.51201436e-09,89,19,1,58,normal_corr_dominates,6.61020781e+01,1.00000000e+00,2.49999973e+07,-2.66891460e+00,-3.97739485e-02,-2.62914065e+00,1.00000777e-09
4,7.92731444e-02,2.51201436e-09,89,19,1,58,corr_ratio_high,1.58781570e+00,5.00000000e-01,2.49999973e+07,-2.66891460e+00,-3.97739485e-02,-2.62914065e+00,1.00000777e-09
4,7.92731444e-02,2.51201436e-09,89,19,2,59,normal_corr_dominates,9.65845042e+00,1.00000000e+00,2.50000003e+07,3.44380761e-01,-3.97739485e-02,3.84154710e-01,1.00001149e-09
4,7.92731444e-02,2.51201436e-09,89,20,0,60,corr_ratio_high,3.25964863e+00,5.00000000e-01,2.49999994e+07,-6.40981052e-01,-3.25535407e-01,-3.15445645e-01,1.00000236e-09
4,7.92731444e-02,2.51201436e-09,89,20,1,61,normal_corr_dominates,7.54780235e+00,1.00000000e+00,2.50000021e+07,2.13154151e+00,-3.25535407e-01,2.45707691e+00,1.00002456e-09
4,7.92731444e-02,2.51201436e-09,89,20,2,62,normal_corr_dominates,2.58966183e+00,1.00000000e+00,2.50000005e+07,5.17491213e-01,-3.25535407e-01,8.43026620e-01,1.00002277e-09
4,7.92731444e-02,2.51201436e-09,89,22,0,66,normal_corr_dominates,2.67371990e+00,1.00000000e+00,2.50000009e+07,9.46988670e-01,-5.65798776e-01,1.51278745e+00,1.00002044e-09
4,7.92731444e-02,2.51201436e-09,89,22,2,68,normal_corr_dominates,8.03336190e+00,1.00000000e+00,2.49999949e+07,-5.11106510e+00,-5.65798776e-01,-4.54526633e+00,1.00001624e-09
4,7.92731444e-02,2.51201436e-09,89,23,0,69,normal_corr_dominates,1.23397854e+00,1.00000000e+00,2.49999973e+07,-2.71391049e+00,-1.21483284e+00,-1.49907765e+00,1.00001983e-09
4,7.92731444e-02,2.51201436e-09,89,23,1,70,normal_corr_dominates,2.05531070e+00,1.00000000e+00,2.50000013e+07,1.28202609e+00,-1.21483284e+00,2.49685893e+00,1.00001167e-09
4,7.92731444e-02,2.51201436e-09,89,24,0,72,normal_corr_dominates,1.68376901e+01,1.00000000e+00,2.50000024e+07,2.44265184e+00,-1.54230309e-01,2.59688215e+00,1.00001471e-09
4,7.92731444e-02,2.51201436e-09,89,24,1,73,normal_corr_dominates,1.20374494e+01,1.00000000e+00,2.50000017e+07,1.70230924e+00,-1.54230309e-01,1.85653955e+00,1.00001812e-09
4,7.92731444e-02,2.51201436e-09,89,24,2,74,normal_corr_dominates,2.26535009e+01,1.00000000e+00,2.49999964e+07,-3.64808676e+00,-1.54230309e-01,-3.49385645e+00,1.00001724e-09
4,7.92731444e-02,2.51201436e-09,89,27,1,82,normal_corr_dominates,2.31285593e+00,1.00000000e+00,2.50000019e+07,1.91184131e+00,-1.45624609e+00,3.36808740e+00,1.00001842e-09
4,7.92731444e-02,2.51201436e-09,89,28,0,84,normal_corr_dominates,9.93796367e+00,1.00000000e+00,2.49999953e+07,-4.73556516e+00,-4.32947604e-01,-4.30261756e+00,1.00001831e-09
4,7.92731444e-02,2.51201436e-09,89,28,1,85,normal_corr_dominates,6.45014449e+00,1.00000000e+00,2.50000024e+07,2.35962700e+00,-4.32947604e-01,2.79257460e+00,1.00001657e-09
4,7.92731444e-02,2.51201436e-09,89,28,2,86,normal_corr_dominates,8.53965262e+00,1.00000000e+00,2.49999959e+07,-4.13016975e+00,-4.32947604e-01,-3.69722214e+00,1.00001911e-09
4,7.92731444e-02,2.51201436e-09,89,30,0,90,normal_corr_dominates,1.70092495e+01,1.00000000e+00,2.49999984e+07,-1.64433237e+00,1.02711396e-01,-1.74704377e+00,1.00001998e-09
4,7.92731444e-02,2.51201436e-09,89,30,1,91,normal_corr_dominates,1.55684233e+01,1.00000000e+00,2.50000017e+07,1.70176589e+00,1.02711396e-01,1.59905450e+00,1.00001562e-09
4,7.92731444e-02,2.51201436e-09,89,30,2,92,normal_corr_dominates,3.17994537e+01,1.00000000e+00,2.49999968e+07,-3.16345490e+00,1.02711396e-01,-3.26616630e+00,1.00001641e-09
4,7.92731444e-02,2.51201436e-09,89,9,0,27,normal_corr_dominates,2.60324526e+00,1.00000000e+00,2.50000014e+07,1.38355725e+00,-8.62972921e-01,2.24653017e+00,1.00001565e-09
4,7.92731444e-02,2.51201436e-09,89,9,1,28,normal_corr_dominates,2.68391715e+00,1.00000000e+00,2.49999968e+07,-3.17912074e+00,-8.62972921e-01,-2.31614782e+00,1.00002013e-09
4,7.92731444e-02,2.51201436e-09,89,9,2,29,normal_corr_dominates,4.26499704e+00,1.00000000e+00,2.50000028e+07,2.81760403e+00,-8.62972921e-01,3.68057695e+00,1.00001756e-09
4,7.92731444e-02,2.51201436e-09,89,8,0,24,normal_corr_dominates,1.46819568e+00,1.00000000e+00,2.49999981e+07,-1.90566766e+00,-7.72089376e-01,-1.13357829e+00,1.00002191e-09
4,7.92731444e-02,2.51201436e-09,89,8,2,26,normal_corr_dominates,2.15369532e+00,1.00000000e+00,2.50000009e+07,8.90755899e-01,-7.72089376e-01,1.66284527e+00,1.00001277e-09
4,7.92731444e-02,2.51201436e-09,89,8,2,26,corr_ratio_high,5.89086657e-01,5.00000000e-01,2.50000009e+07,8.90755899e-01,-7.72089376e-01,1.66284527e+00,1.00001277e-09
5,1.17411612e-01,3.72054946e-09,89,0,0,0,normal_corr_dominates,4.22421033e+00,1.00000000e+00,2.49999861e+07,-1.38840917e+01,-2.65764408e+00,-1.12264476e+01,1.00004187e-09
5,1.17411612e-01,3.72054946e-09,89,0,1,1,normal_corr_dominates,2.30739156e+00,1.00000000e+00,2.50000035e+07,3.47458143e+00,-2.65764408e+00,6.13222552e+00,1.00001863e-09
5,1.17411612e-01,3.72054946e-09,89,0,1,1,corr_ratio_high,5.20853821e-01,5.00000000e-01,2.50000035e+07,3.47458143e+00,-2.65764408e+00,6.13222552e+00,1.00001863e-09
5,1.17411612e-01,3.72054946e-09,89,0,2,2,normal_corr_dominates,3.51136769e+00,1.00000000e+00,2.50000067e+07,6.67432149e+00,-2.65764408e+00,9.33196558e+00,1.00001939e-09
5,1.17411612e-01,3.72054946e-09,89,1,0,3,normal_corr_dominates,2.82925318e+00,1.00000000e+00,2.49999943e+07,-5.71216309e+00,-1.49171727e+00,-4.22044582e+00,1.00003337e-09
5,1.17411612e-01,3.72054946e-09,89,1,1,4,normal_corr_dominates,1.89094678e+00,1.00000000e+00,2.50000013e+07,1.32904070e+00,-1.49171727e+00,2.82075797e+00,1.00001745e-09
5,1.17411612e-01,3.72054946e-09,89,1,1,4,corr_ratio_high,6.37183303e-01,5.00000000e-01,2.50000013e+07,1.32904070e+00,-1.49171727e+00,2.82075797e+00,1.00001745e-09
5,1.17411612e-01,3.72054946e-09,89,1,2,5,normal_corr_dominates,4.43144628e+00,1.00000000e+00,2.50000051e+07,5.11874767e+00,-1.49171727e+00,6.61046493e+00,1.00002738e-09
5,1.17411612e-01,3.72054946e-09,89,2,0,6,normal_corr_dominates,2.72324252e+00,1.00000000e+00,2.49999973e+07,-2.67410135e+00,-7.18218417e-01,-1.95588294e+00,1.00002302e-09
5,1.17411612e-01,3.72054946e-09,89,2,1,7,normal_corr_dominates,5.13964023e+00,1.00000000e+00,2.50000030e+07,2.97316585e+00,-7.18218417e-01,3.69138427e+00,1.00001554e-09
5,1.17411612e-01,3.72054946e-09,89,3,0,9,normal_corr_dominates,7.47624130e+00,1.00000000e+00,2.50000038e+07,3.84666909e+00,-5.93966300e-01,4.44063539e+00,1.00002836e-09
5,1.17411612e-01,3.72054946e-09,89,3,2,11,normal_corr_dominates,3.21771514e+00,1.00000000e+00,2.50000013e+07,1.31724806e+00,-5.93966300e-01,1.91121436e+00,1.00002903e-09
5,1.17411612e-01,3.72054946e-09,89,4,0,12,normal_corr_dominates,2.61574953e+00,1.00000000e+00,2.50000018e+07,1.84380987e+00,-1.14114832e+00,2.98495819e+00,1.00000852e-09
5,1.17411612e-01,3.72054946e-09,89,4,0,12,corr_ratio_high,1.49459316e+00,5.00000000e-01,2.50000018e+07,1.84380987e+00,-1.14114832e+00,2.98495819e+00,1.00000852e-09
5,1.17411612e-01,3.72054946e-09,89,4,2,14,normal_corr_dominates,2.12131334e+00,1.00000000e+00,2.49999964e+07,-3.56188148e+00,-1.14114832e+00,-2.42073315e+00,1.00004545e-09
5,1.17411612e-01,3.72054946e-09,89,4,2,14,corr_ratio_high,5.77736732e-01,5.00000000e-01,2.49999964e+07,-3.56188148e+00,-1.14114832e+00,-2.42073315e+00,1.00004545e-09
5,1.17411612e-01,3.72054946e-09,89,5,0,15,normal_corr_dominates,6.16616172e+00,1.00000000e+00,2.49999963e+07,-3.67485565e+00,-5.12806687e-01,-3.16204896e+00,1.00001600e-09
5,1.17411612e-01,3.72054946e-09,89,5,0,15,corr_ratio_high,8.42029854e-01,5.00000000e-01,2.49999963e+07,-3.67485565e+00,-5.12806687e-01,-3.16204896e+00,1.00001600e-09
5,1.17411612e-01,3.72054946e-09,89,5,1,16,normal_corr_dominates,5.89750523e+00,1.00000000e+00,2.49999965e+07,-3.53708680e+00,-5.12806687e-01,-3.02428011e+00,1.00002833e-09
5,1.17411612e-01,3.72054946e-09,89,5,2,17,normal_corr_dominates,9.07921403e+00,1.00000000e+00,2.50000041e+07,4.14307498e+00,-5.12806687e-01,4.65588167e+00,1.00001719e-09
5,1.17411612e-01,3.72054946e-09,89,6,0,18,normal_corr_dominates,1.27231845e+01,1.00000000e+00,2.49999995e+07,-5.16794058e-01,4.40830780e-02,-5.60877136e-01,1.00002036e-09
5,1.17411612e-01,3.72054946e-09,89,6,1,19,normal_corr_dominates,1.34075330e+01,1.00000000e+00,2.50000006e+07,6.35128401e-01,4.40830780e-02,5.91045323e-01,1.00001909e-09
5,1.17411612e-01,3.72054946e-09,89,6,2,20,normal_corr_dominates,2.44801912e+00,1.00000000e+00,2.50000002e+07,1.51999296e-01,4.40830780e-02,1.07916218e-01,1.00002877e-09
5,1.17411612e-01,3.72054946e-09,89,12,1,37,corr_ratio_high,1.45979470e+00,5.00000000e-01,2.49999998e+07,-2.43264181e-01,-1.14851268e+00,9.05248503e-01,1.00001012e-09
5,1.17411612e-01,3.72054946e-09,89,12,2,38,normal_corr_dominates,4.15500128e+00,1.00000000e+00,2.50000036e+07,3.62355898e+00,-1.14851268e+00,4.77207167e+00,1.00003050e-09
5,1.17411612e-01,3.72054946e-09,89,13,0,39,normal_corr_dominates,1.52306343e+01,1.00000000e+00,2.49999968e+07,-3.20344095e+00,-1.97370040e-01,-3.00607091e+00,1.00001308e-09
5,1.17411612e-01,3.72054946e-09,89,13,0,39,corr_ratio_high,1.26014103e+00,5.00000000e-01,2.49999968e+07,-3.20344095e+00,-1.97370040e-01,-3.00607091e+00,1.00001308e-09
5,1.17411612e-01,3.72054946e-09,89,13,1,40,normal_corr_dominates,2.99571185e+01,1.00000000e+00,2.49999939e+07,-6.11000773e+00,-1.97370040e-01,-5.91263769e+00,1.00001028e-09
5,1.17411612e-01,3.72054946e-09,89,13,1,40,corr_ratio_high,2.13954030e+00,5.00000000e-01,2.49999939e+07,-6.11000773e+00,-1.97370040e-01,-5.91263769e+00,1.00001028e-09
5,1.17411612e-01,3.72054946e-09,89,13,2,41,normal_corr_dominates,2.95753333e+01,1.00000000e+00,2.50000056e+07,5.63991470e+00,-1.97370040e-01,5.83728474e+00,1.00004552e-09
5,1.17411612e-01,3.72054946e-09,89,13,2,41,corr_ratio_high,5.79014835e-01,5.00000000e-01,2.50000056e+07,5.63991470e+00,-1.97370040e-01,5.83728474e+00,1.00004552e-09
5,1.17411612e-01,3.72054946e-09,89,14,0,42,normal_corr_dominates,4.60423284e+00,1.00000000e+00,2.50000078e+07,7.81488632e+00,-2.16825235e+00,9.98313867e+00,1.00003375e-09
5,1.17411612e-01,3.72054946e-09,89,14,1,43,normal_corr_dominates,4.55388563e+00,1.00000000e+00,2.49999880e+07,-1.20422256e+01,-2.16825235e+00,-9.87397322e+00,1.00002445e-09
5,1.17411612e-01,3.72054946e-09,89,14,1,43,corr_ratio_high,7.85580456e-01,5.00000000e-01,2.49999880e+07,-1.20422256e+01,-2.16825235e+00,-9.87397322e+00,1.00002445e-09
5,1.17411612e-01,3.72054946e-09,89,14,2,44,normal_corr_dominates,3.46382688e+00,1.00000000e+00,2.49999903e+07,-9.67870313e+00,-2.16825235e+00,-7.51045078e+00,1.00002418e-09
5,1.17411612e-01,3.72054946e-09,89,15,0,45,normal_corr_dominates,4.24649771e+00,1.00000000e+00,2.49999947e+07,-5.31401114e+00,-1.01286829e+00,-4.30114285e+00,1.00001641e-09
5,1.17411612e-01,3.72054946e-09,89,15,0,45,corr_ratio_high,8.65089001e-01,5.00000000e-01,2.49999947e+07,-5.31401114e+00,-1.01286829e+00,-4.30114285e+00,1.00001641e-09
5,1.17411612e-01,3.72054946e-09,89,15,1,46,normal_corr_dominates,4.41017686e+00,1.00000000e+00,2.50000035e+07,3.45405999e+00,-1.01286829e+00,4.46692827e+00,1.00001903e-09
5,1.17411612e-01,3.72054946e-09,89,15,2,47,normal_corr_dominates,2.37406069e+00,1.00000000e+00,2.50000014e+07,1.39174249e+00,-1.01286829e+00,2.40461078e+00,1.00002832e-09
5,1.17411612e-01,3.72054946e-09,89,16,0,48,normal_corr_dominates,2.21374906e+00,1.00000000e+00,2.50000016e+07,1.64819762e+00,-1.35793936e+00,3.00613698e+00,1.00002242e-09
5,1.17411612e-01,3.72054946e-09,89,16,1,49,normal_corr_dominates,4.86586378e+00,1.00000000e+00,2.49999920e+07,-7.96548729e+00,-1.35793936e+00,-6.60754793e+00,1.00001078e-09
5,1.17411612e-01,3.72054946e-09,89,16,1,49,corr_ratio_high,1.79119939e+00,5.00000000e-01,2.49999920e+07,-7.96548729e+00,-1.35793936e+00,-6.60754793e+00,1.00001078e-09
5,1.17411612e-01,3.72054946e-09,89,16,2,50,normal_corr_dominates,2.16826355e+00,1.00000000e+00,2.50000016e+07,1.58643105e+00,-1.35793936e+00,2.94437041e+00,1.00004199e-09
5,1.17411612e-01,3.72054946e-09,89,16,2,50,corr_ratio_high,5.58391804e-01,5.00000000e-01,2.50000016e+07,1.58643105e+00,-1.35793936e+00,2.94437041e+00,1.00004199e-09
5,1.17411612e-01,3.72054946e-09,89,17,1,52,normal_corr_dominates,1.66647162e+00,1.00000000e+00,2.49999972e+07,-2.81326013e+00,-1.05504972e+00,-1.75821041e+00,1.00001236e-09
5,1.17411612e-01,3.72054946e-09,89,17,1,52,corr_ratio_high,1.50866258e+00,5.00000000e-01,2.49999972e+07,-2.81326013e+00,-1.05504972e+00,-1.75821041e+00,1.00001236e-09
5,1.17411612e-01,3.72054946e-09,89,18,0,54,normal_corr_dominates,5.63432716e+00,1.00000000e+00,2.50000024e+07,2.37816527e+00,-5.13163010e-01,2.89132828e+00,1.00001369e-09
5,1.17411612e-01,3.72054946e-09,89,18,0,54,corr_ratio_high,6.18068820e-01,5.00000000e-01,2.50000024e+07,2.37816527e+00,-5.13163010e-01,2.89132828e+00,1.00001369e-09
5,1.17411612e-01,3.72054946e-09,89,18,1,55,normal_corr_dominates,7.13941562e+00,1.00000000e+00,2.49999958e+07,-4.17684702e+00,-5.13163010e-01,-3.66368401e+00,1.00001747e-09
5,1.17411612e-01,3.72054946e-09,89,19,0,57,normal_corr_dominates,3.39212955e+01,1.00000000e+00,2.49999980e+07,-2.04139437e+00,-5.84570055e-02,-1.98293736e+00,1.00004176e-09
5,1.17411612e-01,3.72054946e-09,89,19,0,57,corr_ratio_high,5.00471890e-01,5.00000000e-01,2.49999980e+07,-2.04139437e+00,-5.84570055e-02,-1.98293736e+00,1.00004176e-09
5,1.17411612e-01,3.72054946e-09,89,19,1,58,normal_corr_dominates,6.59683000e+01,1.00000000e+00,2.49999961e+07,-3.91476628e+00,-5.84570055e-02,-3.85630928e+00,1.00001141e-09
5,1.17411612e-01,3.72054946e-09,89,19,1,58,corr_ratio_high,1.58710981e+00,5.00000000e-01,2.49999961e+07,-3.91476628e+00,-5.84570055e-02,-3.85630928e+00,1.00001141e-09
5,1.17411612e-01,3.72054946e-09,89,19,2,59,normal_corr_dominates,9.63677143e+00,1.00000000e+00,2.50000005e+07,5.04879795e-01,-5.84570055e-02,5.63336801e-01,1.00001685e-09
5,1.17411612e-01,3.72054946e-09,89,20,0,60,corr_ratio_high,3.25799817e+00,5.00000000e-01,2.49999991e+07,-9.40488419e-01,-4.79049573e-01,-4.61438846e-01,1.00000346e-09
5,1.17411612e-01,3.72054946e-09,89,20,1,61,normal_corr_dominates,7.52027377e+00,1.00000000e+00,2.50000031e+07,3.12353436e+00,-4.79049573e-01,3.60258394e+00,1.00003602e-09
5,1.17411612e-01,3.72054946e-09,89,20,2,62,normal_corr_dominates,2.58020437e+00,1.00000000e+00,2.50000008e+07,7.56996229e-01,-4.79049573e-01,1.23604580e+00,1.00003340e-09
5,1.17411612e-01,3.72054946e-09,89,22,0,66,normal_corr_dominates,2.67333037e+00,1.00000000e+00,2.50000014e+07,1.38943563e+00,-8.30341489e-01,2.21977712e+00,1.00002998e-09
5,1.17411612e-01,3.72054946e-09,89,22,2,68,normal_corr_dominates,8.03629700e+00,1.00000000e+00,2.49999925e+07,-7.50321231e+00,-8.30341489e-01,-6.67287082e+00,1.00002382e-09
5,1.17411612e-01,3.72054946e-09,89,23,0,69,normal_corr_dominates,1.23588040e+00,1.00000000e+00,2.49999960e+07,-3.98139718e+00,-1.78068433e+00,-2.20071286e+00,1.00002909e-09
5,1.17411612e-01,3.72054946e-09,89,23,1,70,normal_corr_dominates,2.05617833e+00,1.00000000e+00,2.50000019e+07,1.88072019e+00,-1.78068433e+00,3.66140451e+00,1.00001712e-09
5,1.17411612e-01,3.72054946e-09,89,24,0,72,normal_corr_dominates,1.69593153e+01,1.00000000e+00,2.50000036e+07,3.58732805e+00,-2.24779572e-01,3.81210762e+00,1.00002156e-09
5,1.17411612e-01,3.72054946e-09,89,24,1,73,normal_corr_dominates,1.21311494e+01,1.00000000e+00,2.50000025e+07,2.50205499e+00,-2.24779572e-01,2.72683456e+00,1.00002657e-09
5,1.17411612e-01,3.72054946e-09,89,24,2,74,normal_corr_dominates,2.28322071e+01,1.00000000e+00,2.49999946e+07,-5.35699330e+00,-2.24779572e-01,-5.13221372e+00,1.00002528e-09
5,1.17411612e-01,3.72054946e-09,89,27,1,82,normal_corr_dominates,2.31145493e+00,1.00000000e+00,2.50000028e+07,2.80286820e+00,-2.13722037e+00,4.94008856e+00,1.00002702e-09
5,1.17411612e-01,3.72054946e-09,89,28,0,84,normal_corr_dominates,9.97521220e+00,1.00000000e+00,2.49999931e+07,-6.94516680e+00,-6.32804785e-01,-6.31236201e+00,1.00002685e-09
5,1.17411612e-01,3.72054946e-09,89,28,1,85,normal_corr_dominates,6.47704361e+00,1.00000000e+00,2.50000035e+07,3.46589941e+00,-6.32804785e-01,4.09870419e+00,1.00002429e-09
5,1.17411612e-01,3.72054946e-09,89,28,2,86,normal_corr_dominates,8.58681204e+00,1.00000000e+00,2.49999939e+07,-6.06658053e+00,-6.32804785e-01,-5.43377575e+00,1.00002805e-09
5,1.17411612e-01,3.72054946e-09,89,30,0,90,normal_corr_dominates,1.69012011e+01,1.00000000e+00,2.49999976e+07,-2.41235710e+00,1.51709112e-01,-2.56406621e+00,1.00002930e-09
5,1.17411612e-01,3.72054946e-09,89,30,1,91,normal_corr_dominates,1.54845509e+01,1.00000000e+00,2.50000025e+07,2.50085658e+00,1.51709112e-01,2.34914747e+00,1.00002291e-09
5,1.17411612e-01,3.72054946e-09,89,30,2,92,normal_corr_dominates,3.16182863e+01,1.00000000e+00,2.49999954e+07,-4.64507304e+00,1.51709112e-01,-4.79678215e+00,1.00002407e-09
5,1.17411612e-01,3.72054946e-09,89,9,0,27,normal_corr_dominates,2.59943984e+00,1.00000000e+00,2.50000020e+07,2.02443307e+00,-1.26571379e+00,3.29014686e+00,1.00002296e-09
5,1.17411612e-01,3.72054946e-09,89,9,1,28,normal_corr_dominates,2.68146231e+00,1.00000000e+00,2.49999953e+07,-4.65967762e+00,-1.26571379e+00,-3.39396383e+00,1.00002951e-09
5,1.17411612e-01,3.72054946e-09,89,9,2,29,normal_corr_dominates,4.26601414e+00,1.00000000e+00,2.50000041e+07,4.13383913e+00,-1.26571379e+00,5.39955292e+00,1.00002576e-09
5,1.17411612e-01,3.72054946e-09,89,8,0,24,normal_corr_dominates,1.46876320e+00,1.00000000e+00,2.49999972e+07,-2.79403271e+00,-1.13175403e+00,-1.66227868e+00,1.00003214e-09
5,1.17411612e-01,3.72054946e-09,89,8,2,26,normal_corr_dominates,2.15606025e+00,1.00000000e+00,2.50000013e+07,1.30837585e+00,-1.13175403e+00,2.44012988e+00,1.00001873e-09
5,1.17411612e-01,3.72054946e-09,89,8,2,26,corr_ratio_high,5.89156698e-01,5.00000000e-01,2.50000013e+07,1.30837585e+00,-1.13175403e+00,2.44012988e+00,1.00001873e-09
6,1.50778653e-01,4.77788721e-09,89,0,0,0,normal_corr_dominates,4.22292121e+00,1.00000000e+00,2.49999823e+07,-1.76986851e+01,-3.38865635e+00,-1.43100288e+01,1.00005336e-09
6,1.50778653e-01,4.77788721e-09,89,0,1,1,normal_corr_dominates,2.30863862e+00,1.00000000e+00,2.50000044e+07,4.43452656e+00,-3.38865635e+00,7.82318291e+00,1.00002373e-09
6,1.50778653e-01,4.77788721e-09,89,0,1,1,corr_ratio_high,5.21109031e-01,5.00000000e-01,2.50000044e+07,4.43452656e+00,-3.38865635e+00,7.82318291e+00,1.00002373e-09
6,1.50778653e-01,4.77788721e-09,89,0,2,2,normal_corr_dominates,3.50990333e+00,1.00000000e+00,2.50000085e+07,8.50519986e+00,-3.38865635e+00,1.18938562e+01,1.00002473e-09
6,1.50778653e-01,4.77788721e-09,89,1,0,3,normal_corr_dominates,2.82941361e+00,1.00000000e+00,2.49999927e+07,-7.27877874e+00,-1.90075543e+00,-5.37802330e+00,1.00004252e-09
6,1.50778653e-01,4.77788721e-09,89,1,1,4,normal_corr_dominates,1.89219482e+00,1.00000000e+00,2.50000017e+07,1.69584415e+00,-1.90075543e+00,3.59659958e+00,1.00002223e-09
6,1.50778653e-01,4.77788721e-09,89,1,1,4,corr_ratio_high,6.37469040e-01,5.00000000e-01,2.50000017e+07,1.69584415e+00,-1.90075543e+00,3.59659958e+00,1.00002223e-09
6,1.50778653e-01,4.77788721e-09,89,1,2,5,normal_corr_dominates,4.43292988e+00,1.00000000e+00,2.50000065e+07,6.52516013e+00,-1.90075543e+00,8.42591556e+00,1.00003490e-09
6,1.50778653e-01,4.77788721e-09,89,2,0,6,normal_corr_dominates,2.72764542e+00,1.00000000e+00,2.49999966e+07,-3.40974888e+00,-9.14719212e-01,-2.49502967e+00,1.00002934e-09
6,1.50778653e-01,4.77788721e-09,89,2,1,7,normal_corr_dominates,5.14594569e+00,1.00000000e+00,2.50000038e+07,3.79237618e+00,-9.14719212e-01,4.70709539e+00,1.00001980e-09
6,1.50778653e-01,4.77788721e-09,89,3,0,9,normal_corr_dominates,7.47422271e+00,1.00000000e+00,2.50000049e+07,4.90017177e+00,-7.56874143e-01,5.65704591e+00,1.00003614e-09
6,1.50778653e-01,4.77788721e-09,89,3,2,11,normal_corr_dominates,3.21819084e+00,1.00000000e+00,2.50000017e+07,1.67889130e+00,-7.56874143e-01,2.43576544e+00,1.00003700e-09
6,1.50778653e-01,4.77788721e-09,89,4,0,12,normal_corr_dominates,2.61818285e+00,1.00000000e+00,2.50000024e+07,2.35333798e+00,-1.45430906e+00,3.80764704e+00,1.00001084e-09
6,1.50778653e-01,4.77788721e-09,89,4,0,12,corr_ratio_high,1.49525157e+00,5.00000000e-01,2.50000024e+07,2.35333798e+00,-1.45430906e+00,3.80764704e+00,1.00001084e-09
6,1.50778653e-01,4.77788721e-09,89,4,2,14,normal_corr_dominates,2.12405962e+00,1.00000000e+00,2.49999955e+07,-4.54334821e+00,-1.45430906e+00,-3.08903915e+00,1.00005793e-09
6,1.50778653e-01,4.77788721e-09,89,4,2,14,corr_ratio_high,5.77794171e-01,5.00000000e-01,2.49999955e+07,-4.54334821e+00,-1.45430906e+00,-3.08903915e+00,1.00005793e-09
6,1.50778653e-01,4.77788721e-09,89,5,0,15,normal_corr_dominates,6.16268190e+00,1.00000000e+00,2.49999953e+07,-4.68076676e+00,-6.53493597e-01,-4.02727316e+00,1.00002039e-09
6,1.50778653e-01,4.77788721e-09,89,5,0,15,corr_ratio_high,8.42343530e-01,5.00000000e-01,2.49999953e+07,-4.68076676e+00,-6.53493597e-01,-4.02727316e+00,1.00002039e-09
6,1.50778653e-01,4.77788721e-09,89,5,1,16,normal_corr_dominates,5.90792870e+00,1.00000000e+00,2.49999955e+07,-4.51428718e+00,-6.53493597e-01,-3.86079358e+00,1.00003611e-09
6,1.50778653e-01,4.77788721e-09,89,5,2,17,normal_corr_dominates,9.08195303e+00,1.00000000e+00,2.50000053e+07,5.28150455e+00,-6.53493597e-01,5.93499815e+00,1.00002191e-09
6,1.50778653e-01,4.77788721e-09,89,6,0,18,normal_corr_dominates,1.25722274e+01,1.00000000e+00,2.49999993e+07,-6.58766487e-01,5.69265073e-02,-7.15692995e-01,1.00002595e-09
6,1.50778653e-01,4.77788721e-09,89,6,1,19,normal_corr_dominates,1.32424511e+01,1.00000000e+00,2.50000008e+07,8.10772995e-01,5.69265073e-02,7.53846487e-01,1.00002434e-09
6,1.50778653e-01,4.77788721e-09,89,6,2,20,normal_corr_dominates,2.39942368e+00,1.00000000e+00,2.50000002e+07,1.93517317e-01,5.69265073e-02,1.36590810e-01,1.00003667e-09
6,1.50778653e-01,4.77788721e-09,89,12,1,37,corr_ratio_high,1.46002702e+00,5.00000000e-01,2.49999997e+07,-3.07878351e-01,-1.46301656e+00,1.15513820e+00,1.00001290e-09
6,1.50778653e-01,4.77788721e-09,89,12,2,38,normal_corr_dominates,4.15648520e+00,1.00000000e+00,2.50000046e+07,4.61799010e+00,-1.46301656e+00,6.08100666e+00,1.00003888e-09
6,1.50778653e-01,4.77788721e-09,89,13,0,39,normal_corr_dominates,1.51240416e+01,1.00000000e+00,2.49999959e+07,-4.08433456e+00,-2.53307122e-01,-3.83102744e+00,1.00001668e-09
6,1.50778653e-01,4.77788721e-09,89,13,0,39,corr_ratio_high,1.25953626e+00,5.00000000e-01,2.49999959e+07,-4.08433456e+00,-2.53307122e-01,-3.83102744e+00,1.00001668e-09
6,1.50778653e-01,4.77788721e-09,89,13,1,40,normal_corr_dominates,2.97438912e+01,1.00000000e+00,2.49999922e+07,-7.78764661e+00,-2.53307122e-01,-7.53433948e+00,1.00001310e-09
6,1.50778653e-01,4.77788721e-09,89,13,1,40,corr_ratio_high,2.13987078e+00,5.00000000e-01,2.49999922e+07,-7.78764661e+00,-2.53307122e-01,-7.53433948e+00,1.00001310e-09
6,1.50778653e-01,4.77788721e-09,89,13,2,41,normal_corr_dominates,2.93593448e+01,1.00000000e+00,2.50000072e+07,7.18362401e+00,-2.53307122e-01,7.43693113e+00,1.00005801e-09
6,1.50778653e-01,4.77788721e-09,89,13,2,41,corr_ratio_high,5.79020431e-01,5.00000000e-01,2.50000072e+07,7.18362401e+00,-2.53307122e-01,7.43693113e+00,1.00005801e-09
6,1.50778653e-01,4.77788721e-09,89,14,0,42,normal_corr_dominates,4.61034554e+00,1.00000000e+00,2.50000100e+07,9.97392566e+00,-2.76259586e+00,1.27365215e+01,1.00004300e-09
6,1.50778653e-01,4.77788721e-09,89,14,1,43,normal_corr_dominates,4.55667180e+00,1.00000000e+00,2.49999846e+07,-1.53508385e+01,-2.76259586e+00,-1.25882427e+01,1.00003116e-09
6,1.50778653e-01,4.77788721e-09,89,14,1,43,corr_ratio_high,7.86046281e-01,5.00000000e-01,2.49999846e+07,-1.53508385e+01,-2.76259586e+00,-1.25882427e+01,1.00003116e-09
6,1.50778653e-01,4.77788721e-09,89,14,2,44,normal_corr_dominates,3.47020401e+00,1.00000000e+00,2.49999877e+07,-1.23493671e+01,-2.76259586e+00,-9.58677123e+00,1.00003084e-09
6,1.50778653e-01,4.77788721e-09,89,15,0,45,normal_corr_dominates,4.25283562e+00,1.00000000e+00,2.49999932e+07,-6.77205920e+00,-1.28921971e+00,-5.48283949e+00,1.00002092e-09
6,1.50778653e-01,4.77788721e-09,89,15,0,45,corr_ratio_high,8.64968887e-01,5.00000000e-01,2.49999932e+07,-6.77205920e+00,-1.28921971e+00,-5.48283949e+00,1.00002092e-09
6,1.50778653e-01,4.77788721e-09,89,15,1,46,normal_corr_dominates,4.41596378e+00,1.00000000e+00,2.50000044e+07,4.40392782e+00,-1.28921971e+00,5.69314753e+00,1.00002426e-09
6,1.50778653e-01,4.77788721e-09,89,15,2,47,normal_corr_dominates,2.38032392e+00,1.00000000e+00,2.50000018e+07,1.77954080e+00,-1.28921971e+00,3.06876051e+00,1.00003608e-09
6,1.50778653e-01,4.77788721e-09,89,16,0,48,normal_corr_dominates,2.21626926e+00,1.00000000e+00,2.50000021e+07,2.10653242e+00,-1.73196224e+00,3.83849466e+00,1.00002856e-09
6,1.50778653e-01,4.77788721e-09,89,16,1,49,normal_corr_dominates,4.86130106e+00,1.00000000e+00,2.49999898e+07,-1.01515521e+01,-1.73196224e+00,-8.41958986e+00,1.00001374e-09
6,1.50778653e-01,4.77788721e-09,89,16,1,49,corr_ratio_high,1.79102549e+00,5.00000000e-01,2.49999898e+07,-1.01515521e+01,-1.73196224e+00,-8.41958986e+00,1.00001374e-09
6,1.50778653e-01,4.77788721e-09,89,16,2,50,normal_corr_dominates,2.16276917e+00,1.00000000e+00,2.50000020e+07,2.01387230e+00,-1.73196224e+00,3.74583453e+00,1.00005354e-09
6,1.50778653e-01,4.77788721e-09,89,16,2,50,corr_ratio_high,5.58408225e-01,5.00000000e-01,2.50000020e+07,2.01387230e+00,-1.73196224e+00,3.74583453e+00,1.00005354e-09
6,1.50778653e-01,4.77788721e-09,89,17,1,52,normal_corr_dominates,1.66613917e+00,1.00000000e+00,2.49999964e+07,-3.58662593e+00,-1.34525083e+00,-2.24137510e+00,1.00001575e-09
6,1.50778653e-01,4.77788721e-09,89,17,1,52,corr_ratio_high,1.50815543e+00,5.00000000e-01,2.49999964e+07,-3.58662593e+00,-1.34525083e+00,-2.24137510e+00,1.00001575e-09
6,1.50778653e-01,4.77788721e-09,89,18,0,54,normal_corr_dominates,5.63573201e+00,1.00000000e+00,2.50000030e+07,3.03227594e+00,-6.54109413e-01,3.68638535e+00,1.00001744e-09
6,1.50778653e-01,4.77788721e-09,89,18,0,54,corr_ratio_high,6.18081392e-01,5.00000000e-01,2.50000030e+07,3.03227594e+00,-6.54109413e-01,3.68638535e+00,1.00001744e-09
6,1.50778653e-01,4.77788721e-09,89,18,1,55,normal_corr_dominates,7.13935679e+00,1.00000000e+00,2.49999947e+07,-5.32402989e+00,-6.54109413e-01,-4.66992048e+00,1.00002227e-09
6,1.50778653e-01,4.77788721e-09,89,19,0,57,normal_corr_dominates,3.38967897e+01,1.00000000e+00,2.49999974e+07,-2.60189482e+00,-7.45597187e-02,-2.52733510e+00,1.00005322e-09
6,1.50778653e-01,4.77788721e-09,89,19,0,57,corr_ratio_high,5.00528870e-01,5.00000000e-01,2.49999974e+07,-2.60189482e+00,-7.45597187e-02,-2.52733510e+00,1.00005322e-09
6,1.50778653e-01,4.77788721e-09,89,19,1,58,normal_corr_dominates,6.59213386e+01,1.00000000e+00,2.49999950e+07,-4.98963618e+00,-7.45597187e-02,-4.91507646e+00,1.00001454e-09
6,1.50778653e-01,4.77788721e-09,89,19,1,58,corr_ratio_high,1.58648908e+00,5.00000000e-01,2.49999950e+07,-4.98963618e+00,-7.45597187e-02,-4.91507646e+00,1.00001454e-09
6,1.50778653e-01,4.77788721e-09,89,19,2,59,normal_corr_dominates,9.62916998e+00,1.00000000e+00,2.50000006e+07,6.43388486e-01,-7.45597187e-02,7.17948205e-01,1.00002148e-09
6,1.50778653e-01,4.77788721e-09,89,20,0,60,corr_ratio_high,3.25665717e+00,5.00000000e-01,2.49999988e+07,-1.19913018e+00,-6.11999567e-01,-5.87130613e-01,1.00000441e-09
6,1.50778653e-01,4.77788721e-09,89,20,1,61,normal_corr_dominates,7.50086655e+00,1.00000000e+00,2.50000040e+07,3.97852752e+00,-6.11999567e-01,4.59052708e+00,1.00004591e-09
6,1.50778653e-01,4.77788721e-09,89,20,2,62,normal_corr_dominates,2.57354124e+00,1.00000000e+00,2.50000010e+07,9.63006560e-01,-6.11999567e-01,1.57500613e+00,1.00004257e-09
6,1.50778653e-01,4.77788721e-09,89,22,0,66,normal_corr_dominates,2.67298369e+00,1.00000000e+00,2.50000018e+07,1.77122458e+00,-1.05872197e+00,2.82994655e+00,1.00003822e-09
6,1.50778653e-01,4.77788721e-09,89,22,2,68,normal_corr_dominates,8.03858360e+00,1.00000000e+00,2.49999904e+07,-9.56934702e+00,-1.05872197e+00,-8.51062505e+00,1.00003036e-09
6,1.50778653e-01,4.77788721e-09,89,23,0,69,normal_corr_dominates,1.23725534e+00,1.00000000e+00,2.49999949e+07,-5.07510165e+00,-2.26844990e+00,-2.80665175e+00,1.00003707e-09
6,1.50778653e-01,4.77788721e-09,89,23,1,70,normal_corr_dominates,2.05684230e+00,1.00000000e+00,2.50000024e+07,2.39739381e+00,-2.26844990e+00,4.66584371e+00,1.00002182e-09
6,1.50778653e-01,4.77788721e-09,89,24,0,72,normal_corr_dominates,1.70529286e+01,1.00000000e+00,2.50000046e+07,4.57645478e+00,-2.85085352e-01,4.86154013e+00,1.00002747e-09
6,1.50778653e-01,4.77788721e-09,89,24,1,73,normal_corr_dominates,1.22035098e+01,1.00000000e+00,2.50000032e+07,3.19395652e+00,-2.85085352e-01,3.47904187e+00,1.00003386e-09
6,1.50778653e-01,4.77788721e-09,89,24,2,74,normal_corr_dominates,2.29701632e+01,1.00000000e+00,2.49999932e+07,-6.83354239e+00,-2.85085352e-01,-6.54845704e+00,1.00003223e-09
6,1.50778653e-01,4.77788721e-09,89,27,1,82,normal_corr_dominates,2.31046803e+00,1.00000000e+00,2.50000036e+07,3.57123771e+00,-2.72516201e+00,6.29639972e+00,1.00003444e-09
6,1.50778653e-01,4.77788721e-09,89,28,0,84,normal_corr_dominates,1.00034539e+01,1.00000000e+00,2.49999911e+07,-8.85115262e+00,-8.04397668e-01,-8.04675495e+00,1.00003421e-09
6,1.50778653e-01,4.77788721e-09,89,28,1,85,normal_corr_dominates,6.49739321e+00,1.00000000e+00,2.50000044e+07,4.42209028e+00,-8.04397668e-01,5.22648795e+00,1.00003096e-09
6,1.50778653e-01,4.77788721e-09,89,28,2,86,normal_corr_dominates,8.62256421e+00,1.00000000e+00,2.49999923e+07,-7.74036821e+00,-8.04397668e-01,-6.93597054e+00,1.00003576e-09
6,1.50778653e-01,4.77788721e-09,89,30,0,90,normal_corr_dominates,1.68194062e+01,1.00000000e+00,2.49999969e+07,-3.07506745e+00,1.94385769e-01,-3.26945322e+00,1.00003735e-09
6,1.50778653e-01,4.77788721e-09,89,30,1,91,normal_corr_dominates,1.54209383e+01,1.00000000e+00,2.50000032e+07,3.19199672e+00,1.94385769e-01,2.99761095e+00,1.00002919e-09
6,1.50778653e-01,4.77788721e-09,89,30,2,92,normal_corr_dominates,3.14814002e+01,1.00000000e+00,2.49999941e+07,-5.92515042e+00,1.94385769e-01,-6.11953619e+00,1.00003068e-09
6,1.50778653e-01,4.77788721e-09,89,9,0,27,normal_corr_dominates,2.59648743e+00,1.00000000e+00,2.50000026e+07,2.57541815e+00,-1.61317785e+00,4.18859600e+00,1.00002927e-09
6,1.50778653e-01,4.77788721e-09,89,9,1,28,normal_corr_dominates,2.67957607e+00,1.00000000e+00,2.49999941e+07,-5.93581061e+00,-1.61317785e+00,-4.32263276e+00,1.00003760e-09
6,1.50778653e-01,4.77788721e-09,89,9,2,29,normal_corr_dominates,4.26677134e+00,1.00000000e+00,2.50000053e+07,5.26988316e+00,-1.61317785e+00,6.88306101e+00,1.00003283e-09
6,1.50778653e-01,4.77788721e-09,89,8,0,24,normal_corr_dominates,1.46918712e+00,1.00000000e+00,2.49999964e+07,-3.56010590e+00,-1.44181292e+00,-2.11829298e+00,1.00004095e-09
6,1.50778653e-01,4.77788721e-09,89,8,2,26,normal_corr_dominates,2.15787159e+00,1.00000000e+00,2.50000017e+07,1.66943421e+00,-1.44181292e+00,3.11124713e+00,1.00002386e-09
6,1.50778653e-01,4.77788721e-09,89,8,2,26,corr_ratio_high,5.89190502e-01,5.00000000e-01,2.50000017e+07,1.66943421e+00,-1.44181292e+00,3.11124713e+00,1.00002386e-09
7,1.79553469e-01,5.68970609e-09,89,0,0,0,normal_corr_dominates,4.22195203e+00,1.00000000e+00,2.49999790e+07,-2.09539488e+01,-4.01266590e+00,-1.69412829e+01,1.00006316e-09
7,1.79553469e-01,5.68970609e-09,89,0,1,1,normal_corr_dominates,2.30960192e+00,1.00000000e+00,2.50000053e+07,5.25499498e+00,-4.01266590e+00,9.26766087e+00,1.00002807e-09
7,1.79553469e-01,5.68970609e-09,89,0,1,1,corr_ratio_high,5.21322000e-01,5.00000000e-01,2.50000053e+07,5.25499498e+00,-4.01266590e+00,9.26766087e+00,1.00002807e-09
7,1.79553469e-01,5.68970609e-09,89,0,2,2,normal_corr_dominates,3.50881343e+00,1.00000000e+00,2.50000101e+07,1.00670301e+01,-4.01266590e+00,1.40796960e+01,1.00002928e-09
7,1.79553469e-01,5.68970609e-09,89,1,0,3,normal_corr_dominates,2.82954097e+00,1.00000000e+00,2.49999914e+07,-8.61511218e+00,-2.24964617e+00,-6.36546601e+00,1.00005033e-09
7,1.79553469e-01,5.68970609e-09,89,1,1,4,normal_corr_dominates,1.89315997e+00,1.00000000e+00,2.50000020e+07,2.00929390e+00,-2.24964617e+00,4.25894007e+00,1.00002631e-09
7,1.79553469e-01,5.68970609e-09,89,1,1,4,corr_ratio_high,6.37681437e-01,5.00000000e-01,2.50000020e+07,2.00929390e+00,-2.24964617e+00,4.25894007e+00,1.00002631e-09
7,1.79553469e-01,5.68970609e-09,89,1,2,5,normal_corr_dominates,4.43409441e+00,1.00000000e+00,2.50000077e+07,7.72549734e+00,-2.24964617e+00,9.97514351e+00,1.00004133e-09
7,1.79553469e-01,5.68970609e-09,89,2,0,6,normal_corr_dominates,2.73107292e+00,1.00000000e+00,2.49999960e+07,-4.03785387e+00,-1.08222325e+00,-2.95563062e+00,1.00003474e-09
7,1.79553469e-01,5.68970609e-09,89,2,1,7,normal_corr_dominates,5.15073847e+00,1.00000000e+00,2.50000045e+07,4.49202569e+00,-1.08222325e+00,5.57424894e+00,1.00002343e-09
7,1.79553469e-01,5.68970609e-09,89,3,0,9,normal_corr_dominates,7.47273749e+00,1.00000000e+00,2.50000058e+07,5.79834606e+00,-8.95810477e-01,6.69415653e+00,1.00004278e-09
7,1.79553469e-01,5.68970609e-09,89,3,2,11,normal_corr_dominates,3.21859161e+00,1.00000000e+00,2.50000020e+07,1.98743760e+00,-8.95810477e-01,2.88324808e+00,1.00004379e-09
7,1.79553469e-01,5.68970609e-09,89,4,0,12,normal_corr_dominates,2.62005111e+00,1.00000000e+00,2.50000028e+07,2.78879875e+00,-1.72142640e+00,4.51022515e+00,1.00001283e-09
7,1.79553469e-01,5.68970609e-09,89,4,0,12,corr_ratio_high,1.49573581e+00,5.00000000e-01,2.50000028e+07,2.78879875e+00,-1.72142640e+00,4.51022515e+00,1.00001283e-09
7,1.79553469e-01,5.68970609e-09,89,4,2,14,normal_corr_dominates,2.12628609e+00,1.00000000e+00,2.49999946e+07,-5.38167141e+00,-1.72142640e+00,-3.66024501e+00,1.00006857e-09
7,1.79553469e-01,5.68970609e-09,89,4,2,14,corr_ratio_high,5.77836389e-01,5.00000000e-01,2.49999946e+07,-5.38167141e+00,-1.72142640e+00,-3.66024501e+00,1.00006857e-09
7,1.79553469e-01,5.68970609e-09,89,5,0,15,normal_corr_dominates,6.15974047e+00,1.00000000e+00,2.49999945e+07,-5.53823191e+00,-7.73524115e-01,-4.76470780e+00,1.00002413e-09
7,1.79553469e-01,5.68970609e-09,89,5,0,15,corr_ratio_high,8.42569208e-01,5.00000000e-01,2.49999945e+07,-5.53823191e+00,-7.73524115e-01,-4.76470780e+00,1.00002413e-09
7,1.79553469e-01,5.68970609e-09,89,5,1,16,normal_corr_dominates,5.91597130e+00,1.00000000e+00,2.49999947e+07,-5.34967058e+00,-7.73524115e-01,-4.57614646e+00,1.00004276e-09
7,1.79553469e-01,5.68970609e-09,89,5,2,17,normal_corr_dominates,9.08391475e+00,1.00000000e+00,2.50000063e+07,6.25310300e+00,-7.73524115e-01,7.02662712e+00,1.00002593e-09
7,1.79553469e-01,5.68970609e-09,89,6,0,18,normal_corr_dominates,1.24592531e+01,1.00000000e+00,2.49999992e+07,-7.79930152e-01,6.80611682e-02,-8.47991320e-01,1.00003072e-09
7,1.79553469e-01,5.68970609e-09,89,6,1,19,normal_corr_dominates,1.31169929e+01,1.00000000e+00,2.50000010e+07,9.60819029e-01,6.80611682e-02,8.92757861e-01,1.00002881e-09
7,1.79553469e-01,5.68970609e-09,89,6,2,20,normal_corr_dominates,2.36428227e+00,1.00000000e+00,2.50000002e+07,2.28976982e-01,6.80611682e-02,1.60915814e-01,1.00004341e-09
7,1.79553469e-01,5.68970609e-09,89,12,1,37,corr_ratio_high,1.46017459e+00,5.00000000e-01,2.49999996e+07,-3.62561950e-01,-1.73113977e+00,1.36857782e+00,1.00001527e-09
7,1.79553469e-01,5.68970609e-09,89,12,2,38,normal_corr_dominates,4.15769851e+00,1.00000000e+00,2.50000055e+07,5.46641749e+00,-1.73113977e+00,7.19755727e+00,1.00004603e-09
7,1.79553469e-01,5.68970609e-09,89,13,0,39,normal_corr_dominates,1.50460713e+01,1.00000000e+00,2.49999952e+07,-4.83636946e+00,-3.01405209e-01,-4.53496425e+00,1.00001975e-09
7,1.79553469e-01,5.68970609e-09,89,13,0,39,corr_ratio_high,1.25904021e+00,5.00000000e-01,2.49999952e+07,-4.83636946e+00,-3.01405209e-01,-4.53496425e+00,1.00001975e-09
7,1.79553469e-01,5.68970609e-09,89,13,1,40,normal_corr_dominates,2.95872091e+01,1.00000000e+00,2.49999908e+07,-9.21914416e+00,-3.01405209e-01,-8.91773895e+00,1.00001551e-09
7,1.79553469e-01,5.68970609e-09,89,13,1,40,corr_ratio_high,2.14008848e+00,5.00000000e-01,2.49999908e+07,-9.21914416e+00,-3.01405209e-01,-8.91773895e+00,1.00001551e-09
7,1.79553469e-01,5.68970609e-09,89,13,2,41,normal_corr_dominates,2.92007172e+01,1.00000000e+00,2.50000085e+07,8.49984306e+00,-3.01405209e-01,8.80124827e+00,1.00006868e-09
7,1.79553469e-01,5.68970609e-09,89,13,2,41,corr_ratio_high,5.79023955e-01,5.00000000e-01,2.50000085e+07,8.49984306e+00,-3.01405209e-01,8.80124827e+00,1.00006868e-09
7,1.79553469e-01,5.68970609e-09,89,14,0,42,normal_corr_dominates,4.61496977e+00,1.00000000e+00,2.50000118e+07,1.18191775e+01,-3.26950937e+00,1.50886869e+01,1.00005088e-09
7,1.79553469e-01,5.68970609e-09,89,14,1,43,normal_corr_dominates,4.55875173e+00,1.00000000e+00,2.49999818e+07,-1.81743909e+01,-3.26950937e+00,-1.49048815e+01,1.00003688e-09
7,1.79553469e-01,5.68970609e-09,89,14,1,43,corr_ratio_high,7.86381801e-01,5.00000000e-01,2.49999818e+07,-1.81743909e+01,-3.26950937e+00,-1.49048815e+01,1.00003688e-09
7,1.79553469e-01,5.68970609e-09,89,14,2,44,normal_corr_dominates,3.47503277e+00,1.00000000e+00,2.49999854e+07,-1.46311616e+01,-3.26950937e+00,-1.13616522e+01,1.00003653e-09
7,1.79553469e-01,5.68970609e-09,89,15,0,45,normal_corr_dominates,4.25757814e+00,1.00000000e+00,2.49999920e+07,-8.01584648e+00,-1.52462717e+00,-6.49121931e+00,1.00002476e-09
7,1.79553469e-01,5.68970609e-09,89,15,0,45,corr_ratio_high,8.64853483e-01,5.00000000e-01,2.49999920e+07,-8.01584648e+00,-1.52462717e+00,-6.49121931e+00,1.00002476e-09
7,1.79553469e-01,5.68970609e-09,89,15,1,46,normal_corr_dominates,4.42035693e+00,1.00000000e+00,2.50000052e+07,5.21476911e+00,-1.52462717e+00,6.73939628e+00,1.00002871e-09
7,1.79553469e-01,5.68970609e-09,89,15,2,47,normal_corr_dominates,2.38503255e+00,1.00000000e+00,2.50000021e+07,2.11165826e+00,-1.52462717e+00,3.63628543e+00,1.00004270e-09
7,1.79553469e-01,5.68970609e-09,89,16,0,48,normal_corr_dominates,2.21826469e+00,1.00000000e+00,2.50000025e+07,2.49904835e+00,-2.05131804e+00,4.55036639e+00,1.00003379e-09
7,1.79553469e-01,5.68970609e-09,89,16,1,49,normal_corr_dominates,4.85798657e+00,1.00000000e+00,2.49999880e+07,-1.20165935e+01,-2.05131804e+00,-9.96527550e+00,1.00001627e-09
7,1.79553469e-01,5.68970609e-09,89,16,1,49,corr_ratio_high,1.79086697e+00,5.00000000e-01,2.49999880e+07,-1.20165935e+01,-2.05131804e+00,-9.96527550e+00,1.00001627e-09
7,1.79553469e-01,5.68970609e-09,89,16,2,50,normal_corr_dominates,2.15862994e+00,1.00000000e+00,2.50000024e+07,2.37671850e+00,-2.05131804e+00,4.42803654e+00,1.00006339e-09
7,1.79553469e-01,5.68970609e-09,89,16,2,50,corr_ratio_high,5.58423474e-01,5.00000000e-01,2.50000024e+07,2.37671850e+00,-2.05131804e+00,4.42803654e+00,1.00006339e-09
7,1.79553469e-01,5.68970609e-09,89,17,1,52,normal_corr_dominates,1.66587058e+00,1.00000000e+00,2.49999958e+07,-4.24661341e+00,-1.59295558e+00,-2.65365783e+00,1.00001865e-09
7,1.79553469e-01,5.68970609e-09,89,17,1,52,corr_ratio_high,1.50771161e+00,5.00000000e-01,2.49999958e+07,-4.24661341e+00,-1.59295558e+00,-2.65365783e+00,1.00001865e-09
7,1.79553469e-01,5.68970609e-09,89,18,0,54,normal_corr_dominates,5.63670661e+00,1.00000000e+00,2.50000036e+07,3.59051846e+00,-7.74368267e-01,4.36488673e+00,1.00002065e-09
7,1.79553469e-01,5.68970609e-09,89,18,0,54,corr_ratio_high,6.18081009e-01,5.00000000e-01,2.50000036e+07,3.59051846e+00,-7.74368267e-01,4.36488673e+00,1.00002065e-09
7,1.79553469e-01,5.68970609e-09,89,18,1,55,normal_corr_dominates,7.13947023e+00,1.00000000e+00,2.49999937e+07,-6.30294746e+00,-7.74368267e-01,-5.52857919e+00,1.00002636e-09
7,1.79553469e-01,5.68970609e-09,89,19,0,57,normal_corr_dominates,3.38956955e+01,1.00000000e+00,2.49999969e+07,-3.08014404e+00,-8.82671630e-02,-2.99187688e+00,1.00006299e-09
7,1.79553469e-01,5.68970609e-09,89,19,0,57,corr_ratio_high,5.00567507e-01,5.00000000e-01,2.49999969e+07,-3.08014404e+00,-8.82671630e-02,-2.99187688e+00,1.00006299e-09
7,1.79553469e-01,5.68970609e-09,89,19,1,58,normal_corr_dominates,6.59185479e+01,1.00000000e+00,2.49999941e+07,-5.90671037e+00,-8.82671630e-02,-5.81844321e+00,1.00001722e-09
7,1.79553469e-01,5.68970609e-09,89,19,1,58,corr_ratio_high,1.58595414e+00,5.00000000e-01,2.49999941e+07,-5.90671037e+00,-8.82671630e-02,-5.81844321e+00,1.00001722e-09
7,1.79553469e-01,5.68970609e-09,89,19,2,59,normal_corr_dominates,9.62892118e+00,1.00000000e+00,2.50000008e+07,7.61650393e-01,-8.82671630e-02,8.49917556e-01,1.00002542e-09
7,1.79553469e-01,5.68970609e-09,89,20,0,60,corr_ratio_high,3.25555395e+00,5.00000000e-01,2.49999986e+07,-1.41999913e+00,-7.25719986e-01,-6.94279147e-01,1.00000523e-09
7,1.79553469e-01,5.68970609e-09,89,20,1,61,normal_corr_dominates,7.48675129e+00,1.00000000e+00,2.50000047e+07,4.70756506e+00,-7.25719986e-01,5.43328504e+00,1.00005435e-09
7,1.79553469e-01,5.68970609e-09,89,20,2,62,normal_corr_dominates,2.56871213e+00,1.00000000e+00,2.50000011e+07,1.13844575e+00,-7.25719986e-01,1.86416573e+00,1.00005040e-09
7,1.79553469e-01,5.68970609e-09,89,22,0,66,normal_corr_dominates,2.67267592e+00,1.00000000e+00,2.50000021e+07,2.09698678e+00,-1.25367189e+00,3.35065867e+00,1.00004524e-09
7,1.79553469e-01,5.68970609e-09,89,22,2,68,normal_corr_dominates,8.04033501e+00,1.00000000e+00,2.49999887e+07,-1.13336139e+01,-1.25367189e+00,-1.00799420e+01,1.00003595e-09
7,1.79553469e-01,5.68970609e-09,89,23,0,69,normal_corr_dominates,1.23828031e+00,1.00000000e+00,2.49999940e+07,-6.00835327e+00,-2.68436140e+00,-3.32399186e+00,1.00004388e-09
7,1.79553469e-01,5.68970609e-09,89,23,1,70,normal_corr_dominates,2.05735129e+00,1.00000000e+00,2.50000028e+07,2.83831298e+00,-2.68436140e+00,5.52267439e+00,1.00002583e-09
7,1.79553469e-01,5.68970609e-09,89,24,0,72,normal_corr_dominates,1.71258969e+01,1.00000000e+00,2.50000054e+07,5.42130897e+00,-3.36186508e-01,5.75749548e+00,1.00003251e-09
7,1.79553469e-01,5.68970609e-09,89,24,1,73,normal_corr_dominates,1.22600864e+01,1.00000000e+00,2.50000038e+07,3.78548914e+00,-3.36186508e-01,4.12167565e+00,1.00004008e-09
7,1.79553469e-01,5.68970609e-09,89,24,2,74,normal_corr_dominates,2.30780118e+01,1.00000000e+00,2.49999919e+07,-8.09470271e+00,-3.36186508e-01,-7.75851620e+00,1.00003816e-09
7,1.79553469e-01,5.68970609e-09,89,27,1,82,normal_corr_dominates,2.30974946e+00,1.00000000e+00,2.50000042e+07,4.22663544e+00,-3.22705644e+00,7.45369188e+00,1.00004077e-09
7,1.79553469e-01,5.68970609e-09,89,28,0,84,normal_corr_dominates,1.00252650e+01,1.00000000e+00,2.49999895e+07,-1.04771222e+01,-9.50283027e-01,-9.52683920e+00,1.00004049e-09
7,1.79553469e-01,5.68970609e-09,89,28,1,85,normal_corr_dominates,6.51308212e+00,1.00000000e+00,2.50000052e+07,5.23898837e+00,-9.50283027e-01,6.18927140e+00,1.00003664e-09
7,1.79553469e-01,5.68970609e-09,89,28,2,86,normal_corr_dominates,8.65020327e+00,1.00000000e+00,2.49999908e+07,-9.17042438e+00,-9.50283027e-01,-8.22014135e+00,1.00004234e-09
7,1.79553469e-01,5.68970609e-09,89,30,0,90,normal_corr_dominates,1.67566910e+01,1.00000000e+00,2.49999964e+07,-3.64053797e+00,2.31047113e-01,-3.87158509e+00,1.00004421e-09
7,1.79553469e-01,5.68970609e-09,89,30,1,91,normal_corr_dominates,1.53721746e+01,1.00000000e+00,2.50000038e+07,3.78274369e+00,2.31047113e-01,3.55169657e+00,1.00003455e-09
7,1.79553469e-01,5.68970609e-09,89,30,2,92,normal_corr_dominates,3.13767044e+01,1.00000000e+00,2.49999930e+07,-7.01844986e+00,2.31047113e-01,-7.24949697e+00,1.00003631e-09
7,1.79553469e-01,5.68970609e-09,89,9,0,27,normal_corr_dominates,2.59415370e+00,1.00000000e+00,2.50000030e+07,3.04426541e+00,-1.90964359e+00,4.95390900e+00,1.00003466e-09
7,1.79553469e-01,5.68970609e-09,89,9,1,28,normal_corr_dominates,2.67809588e+00,1.00000000e+00,2.49999930e+07,-7.02385223e+00,-1.90964359e+00,-5.11420863e+00,1.00004449e-09
7,1.79553469e-01,5.68970609e-09,89,9,2,29,normal_corr_dominates,4.26735149e+00,1.00000000e+00,2.50000062e+07,6.23947684e+00,-1.90964359e+00,8.14912043e+00,1.00003887e-09
7,1.79553469e-01,5.68970609e-09,89,8,0,24,normal_corr_dominates,1.46951328e+00,1.00000000e+00,2.49999958e+07,-4.21352403e+00,-1.70621639e+00,-2.50730764e+00,1.00004848e-09
7,1.79553469e-01,5.68970609e-09,89,8,2,26,normal_corr_dominates,2.15928665e+00,1.00000000e+00,2.50000020e+07,1.97799389e+00,-1.70621639e+00,3.68421028e+00,1.00002825e-09
7,1.79553469e-01,5.68970609e-09,89,8,2,26,corr_ratio_high,5.89205114e-01,5.00000000e-01,2.50000020e+07,1.97799389e+00,-1.70621639e+00,3.68421028e+00,1.00002825e-09
8,2.09311790e-01,6.63269037e-09,89,0,0,0,normal_corr_dominates,4.22105696e+00,1.00000000e+00,2.49999757e+07,-2.42904822e+01,-4.65240704e+00,-1.96380751e+01,1.00007321e-09
8,2.09311790e-01,6.63269037e-09,89,0,1,1,normal_corr_dominates,2.31051125e+00,1.00000000e+00,2.50000061e+07,6.09703177e+00,-4.65240704e+00,1.07494388e+01,1.00003253e-09
8,2.09311790e-01,6.63269037e-09,89,0,1,1,corr_ratio_high,5.21537186e-01,5.00000000e-01,2.50000061e+07,6.09703177e+00,-4.65240704e+00,1.07494388e+01,1.00003253e-09
8,2.09311790e-01,6.63269037e-09,89,0,2,2,normal_corr_dominates,3.50781742e+00,1.00000000e+00,2.50000117e+07,1.16673874e+01,-4.65240704e+00,1.63197945e+01,1.00003395e-09
8,2.09311790e-01,6.63269037e-09,89,1,0,3,normal_corr_dominates,2.82965891e+00,1.00000000e+00,2.49999900e+07,-9.98436795e+00,-2.60711677e+00,-7.37725118e+00,1.00005833e-09
8,2.09311790e-01,6.63269037e-09,89,1,1,4,normal_corr_dominates,1.89406781e+00,1.00000000e+00,2.50000023e+07,2.33093919e+00,-2.60711677e+00,4.93805595e+00,1.00003048e-09
8,2.09311790e-01,6.63269037e-09,89,1,1,4,corr_ratio_high,6.37875644e-01,5.00000000e-01,2.50000023e+07,2.33093919e+00,-2.60711677e+00,4.93805595e+00,1.00003048e-09
8,2.09311790e-01,6.63269037e-09,89,1,2,5,normal_corr_dominates,4.43520121e+00,1.00000000e+00,2.50000090e+07,8.95597067e+00,-2.60711677e+00,1.15630874e+01,1.00004791e-09
8,2.09311790e-01,6.63269037e-09,89,2,0,6,normal_corr_dominates,2.73433000e+00,1.00000000e+00,2.49999953e+07,-4.68194861e+00,-1.25375867e+00,-3.42818994e+00,1.00004027e-09
8,2.09311790e-01,6.63269037e-09,89,2,1,7,normal_corr_dominates,5.15519190e+00,1.00000000e+00,2.50000052e+07,5.20960786e+00,-1.25375867e+00,6.46336653e+00,1.00002715e-09
8,2.09311790e-01,6.63269037e-09,89,3,0,9,normal_corr_dominates,7.47137267e+00,1.00000000e+00,2.50000067e+07,6.71820211e+00,-1.03814174e+00,7.75634385e+00,1.00004959e-09
8,2.09311790e-01,6.63269037e-09,89,3,2,11,normal_corr_dominates,3.21898428e+00,1.00000000e+00,2.50000023e+07,2.30362021e+00,-1.03814174e+00,3.34176196e+00,1.00005076e-09
8,2.09311790e-01,6.63269037e-09,89,4,0,12,normal_corr_dominates,2.62179941e+00,1.00000000e+00,2.50000032e+07,3.23564431e+00,-1.99509526e+00,5.23073958e+00,1.00001486e-09
8,2.09311790e-01,6.63269037e-09,89,4,0,12,corr_ratio_high,1.49617342e+00,5.00000000e-01,2.50000032e+07,3.23564431e+00,-1.99509526e+00,5.23073958e+00,1.00001486e-09
8,2.09311790e-01,6.63269037e-09,89,4,2,14,normal_corr_dominates,2.12847479e+00,1.00000000e+00,2.49999938e+07,-6.24160524e+00,-1.99509526e+00,-4.24650998e+00,1.00007948e-09
8,2.09311790e-01,6.63269037e-09,89,4,2,14,corr_ratio_high,5.77874625e-01,5.00000000e-01,2.49999938e+07,-6.24160524e+00,-1.99509526e+00,-4.24650998e+00,1.00007948e-09
8,2.09311790e-01,6.63269037e-09,89,5,0,15,normal_corr_dominates,6.15673925e+00,1.00000000e+00,2.49999936e+07,-6.41628401e+00,-8.96537346e-01,-5.51974666e+00,1.00002797e-09
8,2.09311790e-01,6.63269037e-09,89,5,0,15,corr_ratio_high,8.42769074e-01,5.00000000e-01,2.49999936e+07,-6.41628401e+00,-8.96537346e-01,-5.51974666e+00,1.00002797e-09
8,2.09311790e-01,6.63269037e-09,89,5,1,16,normal_corr_dominates,5.92354098e+00,1.00000000e+00,2.49999938e+07,-6.20721305e+00,-8.96537346e-01,-5.31067571e+00,1.00004957e-09
8,2.09311790e-01,6.63269037e-09,89,5,2,17,normal_corr_dominates,9.08561731e+00,1.00000000e+00,2.50000072e+07,7.24905788e+00,-8.96537346e-01,8.14559522e+00,1.00003005e-09
8,2.09311790e-01,6.63269037e-09,89,6,0,18,normal_corr_dominates,1.23557595e+01,1.00000000e+00,2.49999991e+07,-9.04135032e-01,7.96190722e-02,-9.83754104e-01,1.00003561e-09
8,2.09311790e-01,6.63269037e-09,89,6,1,19,normal_corr_dominates,1.30004678e+01,1.00000000e+00,2.50000011e+07,1.11470426e+00,7.96190722e-02,1.03508518e+00,1.00003340e-09
8,2.09311790e-01,6.63269037e-09,89,6,2,20,normal_corr_dominates,2.33319277e+00,1.00000000e+00,2.50000003e+07,2.65385716e-01,7.96190722e-02,1.85766644e-01,1.00005032e-09
8,2.09311790e-01,6.63269037e-09,89,12,1,37,corr_ratio_high,1.46028743e+00,5.00000000e-01,2.49999996e+07,-4.18269340e-01,-2.00573460e+00,1.58746526e+00,1.00001769e-09
8,2.09311790e-01,6.63269037e-09,89,12,2,38,normal_corr_dominates,4.15889025e+00,1.00000000e+00,2.50000063e+07,6.33589547e+00,-2.00573460e+00,8.34163008e+00,1.00005336e-09
8,2.09311790e-01,6.63269037e-09,89,13,0,39,normal_corr_dominates,1.49759081e+01,1.00000000e+00,2.49999944e+07,-5.60748148e+00,-3.50996103e-01,-5.25648538e+00,1.00002290e-09
8,2.09311790e-01,6.63269037e-09,89,13,0,39,corr_ratio_high,1.25854736e+00,5.00000000e-01,2.49999944e+07,-5.60748148e+00,-3.50996103e-01,-5.25648538e+00,1.00002290e-09
8,2.09311790e-01,6.63269037e-09,89,13,1,40,normal_corr_dominates,2.94455853e+01,1.00000000e+00,2.49999893e+07,-1.06862818e+01,-3.50996103e-01,-1.03352857e+01,1.00001797e-09
8,2.09311790e-01,6.63269037e-09,89,13,1,40,corr_ratio_high,2.14026260e+00,5.00000000e-01,2.49999893e+07,-1.06862818e+01,-3.50996103e-01,-1.03352857e+01,1.00001797e-09
8,2.09311790e-01,6.63269037e-09,89,13,2,41,normal_corr_dominates,2.90574037e+01,1.00000000e+00,2.50000098e+07,9.84803937e+00,-3.50996103e-01,1.01990355e+01,1.00007961e-09
8,2.09311790e-01,6.63269037e-09,89,13,2,41,corr_ratio_high,5.79026742e-01,5.00000000e-01,2.50000098e+07,9.84803937e+00,-3.50996103e-01,1.01990355e+01,1.00007961e-09
8,2.09311790e-01,6.63269037e-09,89,14,0,42,normal_corr_dominates,4.61924167e+00,1.00000000e+00,2.50000137e+07,1.37128232e+01,-3.78886643e+00,1.75016897e+01,1.00005895e-09
8,2.09311790e-01,6.63269037e-09,89,14,1,43,normal_corr_dominates,4.56064502e+00,1.00000000e+00,2.49999789e+07,-2.10685412e+01,-3.78886643e+00,-1.72796748e+01,1.00004274e-09
8,2.09311790e-01,6.63269037e-09,89,14,1,43,corr_ratio_high,7.86678743e-01,5.00000000e-01,2.49999789e+07,-2.10685412e+01,-3.78886643e+00,-1.72796748e+01,1.00004274e-09
8,2.09311790e-01,6.63269037e-09,89,14,2,44,normal_corr_dominates,3.47949664e+00,1.00000000e+00,2.49999830e+07,-1.69722144e+01,-3.78886643e+00,-1.31833480e+01,1.00004237e-09
8,2.09311790e-01,6.63269037e-09,89,15,0,45,normal_corr_dominates,4.26191475e+00,1.00000000e+00,2.49999907e+07,-9.29028817e+00,-1.76557178e+00,-7.52471640e+00,1.00002871e-09
8,2.09311790e-01,6.63269037e-09,89,15,0,45,corr_ratio_high,8.64725455e-01,5.00000000e-01,2.49999907e+07,-9.29028817e+00,-1.76557178e+00,-7.52471640e+00,1.00002871e-09
8,2.09311790e-01,6.63269037e-09,89,15,1,46,normal_corr_dominates,4.42442804e+00,1.00000000e+00,2.50000060e+07,6.04607351e+00,-1.76557178e+00,7.81164529e+00,1.00003328e-09
8,2.09311790e-01,6.63269037e-09,89,15,2,47,normal_corr_dominates,2.38936191e+00,1.00000000e+00,2.50000025e+07,2.45301818e+00,-1.76557178e+00,4.21858995e+00,1.00004948e-09
8,2.09311790e-01,6.63269037e-09,89,16,0,48,normal_corr_dominates,2.22018872e+00,1.00000000e+00,2.50000029e+07,2.90255850e+00,-2.37877833e+00,5.28133683e+00,1.00003916e-09
8,2.09311790e-01,6.63269037e-09,89,16,1,49,normal_corr_dominates,4.85502793e+00,1.00000000e+00,2.49999861e+07,-1.39278136e+01,-2.37877833e+00,-1.15490353e+01,1.00001886e-09
8,2.09311790e-01,6.63269037e-09,89,16,1,49,corr_ratio_high,1.79069693e+00,5.00000000e-01,2.49999861e+07,-1.39278136e+01,-2.37877833e+00,-1.15490353e+01,1.00001886e-09
8,2.09311790e-01,6.63269037e-09,89,16,2,50,normal_corr_dominates,2.15480857e+00,1.00000000e+00,2.50000027e+07,2.74703361e+00,-2.37877833e+00,5.12581194e+00,1.00007349e-09
8,2.09311790e-01,6.63269037e-09,89,16,2,50,corr_ratio_high,5.58440219e-01,5.00000000e-01,2.50000027e+07,2.74703361e+00,-2.37877833e+00,5.12581194e+00,1.00007349e-09
8,2.09311790e-01,6.63269037e-09,89,17,1,52,normal_corr_dominates,1.66559998e+00,1.00000000e+00,2.49999951e+07,-4.92305759e+00,-1.84688536e+00,-3.07617223e+00,1.00002162e-09
8,2.09311790e-01,6.63269037e-09,89,17,1,52,corr_ratio_high,1.50724854e+00,5.00000000e-01,2.49999951e+07,-4.92305759e+00,-1.84688536e+00,-3.07617223e+00,1.00002162e-09
8,2.09311790e-01,6.63269037e-09,89,18,0,54,normal_corr_dominates,5.63754002e+00,1.00000000e+00,2.50000042e+07,4.16269354e+00,-8.97608112e-01,5.06030165e+00,1.00002394e-09
8,2.09311790e-01,6.63269037e-09,89,18,0,54,corr_ratio_high,6.18072481e-01,5.00000000e-01,2.50000042e+07,4.16269354e+00,-8.97608112e-01,5.06030165e+00,1.00002394e-09
8,2.09311790e-01,6.63269037e-09,89,18,1,55,normal_corr_dominates,7.13970965e+00,1.00000000e+00,2.49999927e+07,-7.30626941e+00,-8.97608112e-01,-6.40866130e+00,1.00003056e-09
8,2.09311790e-01,6.63269037e-09,89,19,0,57,normal_corr_dominates,3.39086354e+01,1.00000000e+00,2.49999964e+07,-3.57030435e+00,-1.02275678e-01,-3.46802867e+00,1.00007301e-09
8,2.09311790e-01,6.63269037e-09,89,19,0,57,corr_ratio_high,5.00599481e-01,5.00000000e-01,2.49999964e+07,-3.57030435e+00,-1.02275678e-01,-3.46802867e+00,1.00007301e-09
8,2.09311790e-01,6.63269037e-09,89,19,1,58,normal_corr_dominates,6.59417200e+01,1.00000000e+00,2.49999932e+07,-6.84650980e+00,-1.02275678e-01,-6.74423413e+00,1.00001996e-09
8,2.09311790e-01,6.63269037e-09,89,19,1,58,corr_ratio_high,1.58540340e+00,5.00000000e-01,2.49999932e+07,-6.84650980e+00,-1.02275678e-01,-6.74423413e+00,1.00001996e-09
8,2.09311790e-01,6.63269037e-09,89,19,2,59,normal_corr_dominates,9.63316282e+00,1.00000000e+00,2.50000009e+07,8.82962581e-01,-1.02275678e-01,9.85238259e-01,1.00002947e-09
8,2.09311790e-01,6.63269037e-09,89,20,0,60,corr_ratio_high,3.25445320e+00,5.00000000e-01,2.49999984e+07,-1.64654249e+00,-8.42484350e-01,-8.04058135e-01,1.00000606e-09
8,2.09311790e-01,6.63269037e-09,89,20,1,61,normal_corr_dominates,7.47414070e+00,1.00000000e+00,2.50000055e+07,5.45436222e+00,-8.42484350e-01,6.29684657e+00,1.00006300e-09
8,2.09311790e-01,6.63269037e-09,89,20,2,62,normal_corr_dominates,2.56442074e+00,1.00000000e+00,2.50000013e+07,1.31799999e+00,-8.42484350e-01,2.16048434e+00,1.00005842e-09
8,2.09311790e-01,6.63269037e-09,89,22,0,66,normal_corr_dominates,2.67234464e+00,1.00000000e+00,2.50000024e+07,2.43082674e+00,-1.45354414e+00,3.88437088e+00,1.00005245e-09
8,2.09311790e-01,6.63269037e-09,89,22,2,68,normal_corr_dominates,8.04192852e+00,1.00000000e+00,2.49999869e+07,-1.31428422e+01,-1.45354414e+00,-1.16892981e+01,1.00004167e-09
8,2.09311790e-01,6.63269037e-09,89,23,0,69,normal_corr_dominates,1.23921630e+00,1.00000000e+00,2.49999930e+07,-6.96483118e+00,-3.11038785e+00,-3.85444333e+00,1.00005086e-09
8,2.09311790e-01,6.63269037e-09,89,23,1,70,normal_corr_dominates,2.05782164e+00,1.00000000e+00,2.50000033e+07,3.29023557e+00,-3.11038785e+00,6.40062341e+00,1.00002994e-09
8,2.09311790e-01,6.63269037e-09,89,24,0,72,normal_corr_dominates,1.71948871e+01,1.00000000e+00,2.50000063e+07,6.28786282e+00,-3.88262221e-01,6.67612504e+00,1.00003766e-09
8,2.09311790e-01,6.63269037e-09,89,24,1,73,normal_corr_dominates,1.23137407e+01,1.00000000e+00,2.50000044e+07,4.39269809e+00,-3.88262221e-01,4.78096031e+00,1.00004645e-09
8,2.09311790e-01,6.63269037e-09,89,24,2,74,normal_corr_dominates,2.31802878e+01,1.00000000e+00,2.49999906e+07,-9.38829224e+00,-3.88262221e-01,-9.00003002e+00,1.00004424e-09
8,2.09311790e-01,6.63269037e-09,89,27,1,82,normal_corr_dominates,2.30910536e+00,1.00000000e+00,2.50000049e+07,4.89816789e+00,-3.74161474e+00,8.63978263e+00,1.00004726e-09
8,2.09311790e-01,6.63269037e-09,89,28,0,84,normal_corr_dominates,1.00457702e+01,1.00000000e+00,2.49999879e+07,-1.21432275e+01,-1.09935544e+00,-1.10438721e+01,1.00004693e-09
8,2.09311790e-01,6.63269037e-09,89,28,1,85,normal_corr_dominates,6.52781112e+00,1.00000000e+00,2.50000061e+07,6.07702922e+00,-1.09935544e+00,7.17638466e+00,1.00004246e-09
8,2.09311790e-01,6.63269037e-09,89,28,2,86,normal_corr_dominates,8.67623354e+00,1.00000000e+00,2.49999894e+07,-1.06376200e+01,-1.09935544e+00,-9.53826453e+00,1.00004909e-09
8,2.09311790e-01,6.63269037e-09,89,30,0,90,normal_corr_dominates,1.66983745e+01,1.00000000e+00,2.49999958e+07,-4.22006391e+00,2.68821712e-01,-4.48888562e+00,1.00005124e-09
8,2.09311790e-01,6.63269037e-09,89,30,1,91,normal_corr_dominates,1.53269001e+01,1.00000000e+00,2.50000044e+07,4.38902524e+00,2.68821712e-01,4.12020352e+00,1.00004004e-09
8,2.09311790e-01,6.63269037e-09,89,30,2,92,normal_corr_dominates,3.12796382e+01,1.00000000e+00,2.49999919e+07,-8.13982419e+00,2.68821712e-01,-8.40864590e+00,1.00004210e-09
8,2.09311790e-01,6.63269037e-09,89,9,0,27,normal_corr_dominates,2.59190496e+00,1.00000000e+00,2.50000035e+07,3.52364505e+00,-2.21347702e+00,5.73712207e+00,1.00004017e-09
8,2.09311790e-01,6.63269037e-09,89,9,1,28,normal_corr_dominates,2.67667646e+00,1.00000000e+00,2.49999919e+07,-8.13823886e+00,-2.21347702e+00,-5.92476184e+00,1.00005156e-09
8,2.09311790e-01,6.63269037e-09,89,9,2,29,normal_corr_dominates,4.26789044e+00,1.00000000e+00,2.50000072e+07,7.23340039e+00,-2.21347702e+00,9.44687741e+00,1.00004505e-09
8,2.09311790e-01,6.63269037e-09,89,8,0,24,normal_corr_dominates,1.46981898e+00,1.00000000e+00,2.49999951e+07,-4.88300486e+00,-1.97706994e+00,-2.90593492e+00,1.00005619e-09
8,2.09311790e-01,6.63269037e-09,89,8,2,26,normal_corr_dominates,2.16063134e+00,1.00000000e+00,2.50000023e+07,2.29464933e+00,-1.97706994e+00,4.27171927e+00,1.00003274e-09
8,2.09311790e-01,6.63269037e-09,89,8,2,26,corr_ratio_high,5.89209570e-01,5.00000000e-01,2.50000023e+07,2.29464933e+00,-1.97706994e+00,4.27171927e+00,1.00003274e-09
9,2.39001425e-01,7.57349813e-09,89,0,0,0,normal_corr_dominates,4.22024981e+00,1.00000000e+00,2.49999724e+07,-2.75916173e+01,-5.28549750e+00,-2.23061198e+01,1.00008315e-09
9,2.39001425e-01,7.57349813e-09,89,0,1,1,normal_corr_dominates,2.31134531e+00,1.00000000e+00,2.50000069e+07,6.93111234e+00,-5.28549750e+00,1.22166098e+01,1.00003693e-09
9,2.39001425e-01,7.57349813e-09,89,0,1,1,corr_ratio_high,5.21747559e-01,5.00000000e-01,2.50000069e+07,6.93111234e+00,-5.28549750e+00,1.22166098e+01,1.00003693e-09
9,2.39001425e-01,7.57349813e-09,89,0,2,2,normal_corr_dominates,3.50692950e+00,1.00000000e+00,2.50000133e+07,1.32503696e+01,-5.28549750e+00,1.85358671e+01,1.00003858e-09
9,2.39001425e-01,7.57349813e-09,89,1,0,3,normal_corr_dominates,2.82976060e+00,1.00000000e+00,2.49999887e+07,-1.13387372e+01,-2.96069087e+00,-8.37804638e+00,1.00006625e-09
9,2.39001425e-01,7.57349813e-09,89,1,1,4,normal_corr_dominates,1.89489485e+00,1.00000000e+00,2.50000026e+07,2.64950703e+00,-2.96069087e+00,5.61019790e+00,1.00003462e-09
9,2.39001425e-01,7.57349813e-09,89,1,1,4,corr_ratio_high,6.38048727e-01,5.00000000e-01,2.50000026e+07,2.64950703e+00,-2.96069087e+00,5.61019790e+00,1.00003462e-09
9,2.39001425e-01,7.57349813e-09,89,1,2,5,normal_corr_dominates,4.43621637e+00,1.00000000e+00,2.50000102e+07,1.01735744e+01,-2.96069087e+00,1.31342653e+01,1.00005443e-09
9,2.39001425e-01,7.57349813e-09,89,2,0,6,normal_corr_dominates,2.73733585e+00,1.00000000e+00,2.49999947e+07,-5.31951495e+00,-1.42334410e+00,-3.89617085e+00,1.00004574e-09
9,2.39001425e-01,7.57349813e-09,89,2,1,7,normal_corr_dominates,5.15921030e+00,1.00000000e+00,2.50000059e+07,5.91998747e+00,-1.42334410e+00,7.34333157e+00,1.00003083e-09
9,2.39001425e-01,7.57349813e-09,89,3,0,9,normal_corr_dominates,7.47012838e+00,1.00000000e+00,2.50000076e+07,7.62761582e+00,-1.17889714e+00,8.80651296e+00,1.00005632e-09
9,2.39001425e-01,7.57349813e-09,89,3,2,11,normal_corr_dominates,3.21934483e+00,1.00000000e+00,2.50000026e+07,2.61637927e+00,-1.17889714e+00,3.79527640e+00,1.00005765e-09
9,2.39001425e-01,7.57349813e-09,89,4,0,12,normal_corr_dominates,2.62338584e+00,1.00000000e+00,2.50000037e+07,3.67818326e+00,-2.26574803e+00,5.94393129e+00,1.00001687e-09
9,2.39001425e-01,7.57349813e-09,89,4,0,12,corr_ratio_high,1.49655845e+00,5.00000000e-01,2.50000037e+07,3.67818326e+00,-2.26574803e+00,5.94393129e+00,1.00001687e-09
9,2.39001425e-01,7.57349813e-09,89,4,2,14,normal_corr_dominates,2.13055765e+00,1.00000000e+00,2.49999929e+07,-7.09305481e+00,-2.26574803e+00,-4.82730678e+00,1.00009027e-09
9,2.39001425e-01,7.57349813e-09,89,4,2,14,corr_ratio_high,5.77908392e-01,5.00000000e-01,2.49999929e+07,-7.09305481e+00,-2.26574803e+00,-4.82730678e+00,1.00009027e-09
9,2.39001425e-01,7.57349813e-09,89,5,0,15,normal_corr_dominates,6.15377404e+00,1.00000000e+00,2.49999927e+07,-7.28427158e+00,-1.01824178e+00,-6.26602981e+00,1.00003177e-09
9,2.39001425e-01,7.57349813e-09,89,5,0,15,corr_ratio_high,8.42941387e-01,5.00000000e-01,2.49999927e+07,-7.28427158e+00,-1.01824178e+00,-6.26602981e+00,1.00003177e-09
9,2.39001425e-01,7.57349813e-09,89,5,1,16,normal_corr_dominates,5.93045339e+00,1.00000000e+00,2.49999929e+07,-7.05687717e+00,-1.01824178e+00,-6.03863539e+00,1.00005632e-09
9,2.39001425e-01,7.57349813e-09,89,5,2,17,normal_corr_dominates,9.08702747e+00,1.00000000e+00,2.50000082e+07,8.23454922e+00,-1.01824178e+00,9.25279099e+00,1.00003413e-09
9,2.39001425e-01,7.57349813e-09,89,6,0,18,normal_corr_dominates,1.22637466e+01,1.00000000e+00,2.49999990e+07,-1.02704596e+00,9.11815571e-02,-1.11822751e+00,1.00004044e-09
9,2.39001425e-01,7.57349813e-09,89,6,1,19,normal_corr_dominates,1.28954603e+01,1.00000000e+00,2.50000013e+07,1.26700971e+00,9.11815571e-02,1.17582815e+00,1.00003794e-09
9,2.39001425e-01,7.57349813e-09,89,6,2,20,normal_corr_dominates,2.30655157e+00,1.00000000e+00,2.50000003e+07,3.01496521e-01,9.11815571e-02,2.10314964e-01,1.00005715e-09
9,2.39001425e-01,7.57349813e-09,89,12,1,37,corr_ratio_high,1.46036792e+00,5.00000000e-01,2.49999995e+07,-4.73117541e-01,-2.27722057e+00,1.80410303e+00,1.00002009e-09
9,2.39001425e-01,7.57349813e-09,89,12,2,38,normal_corr_dominates,4.16001622e+00,1.00000000e+00,2.50000072e+07,7.19605392e+00,-2.27722057e+00,9.47327449e+00,1.00006062e-09
9,2.39001425e-01,7.57349813e-09,89,13,0,39,normal_corr_dominates,1.49143283e+01,1.00000000e+00,2.49999936e+07,-6.37071934e+00,-4.00313429e-01,-5.97040592e+00,1.00002602e-09
9,2.39001425e-01,7.57349813e-09,89,13,0,39,corr_ratio_high,1.25807303e+00,5.00000000e-01,2.49999936e+07,-6.37071934e+00,-4.00313429e-01,-5.97040592e+00,1.00002602e-09
9,2.39001425e-01,7.57349813e-09,89,13,1,40,normal_corr_dominates,2.93207112e+01,1.00000000e+00,2.49999879e+07,-1.21377879e+01,-4.00313429e-01,-1.17374744e+01,1.00002041e-09
9,2.39001425e-01,7.57349813e-09,89,13,1,40,corr_ratio_high,2.14039477e+00,5.00000000e-01,2.49999879e+07,-1.21377879e+01,-4.00313429e-01,-1.17374744e+01,1.00002041e-09
9,2.39001425e-01,7.57349813e-09,89,13,2,41,normal_corr_dominates,2.89311022e+01,1.00000000e+00,2.50000112e+07,1.11811953e+01,-4.00313429e-01,1.15815087e+01,1.00009042e-09
9,2.39001425e-01,7.57349813e-09,89,13,2,41,corr_ratio_high,5.79028888e-01,5.00000000e-01,2.50000112e+07,1.11811953e+01,-4.00313429e-01,1.15815087e+01,1.00009042e-09
9,2.39001425e-01,7.57349813e-09,89,14,0,42,normal_corr_dominates,4.62307300e+00,1.00000000e+00,2.50000156e+07,1.55884402e+01,-4.30254655e+00,1.98909868e+01,1.00006693e-09
9,2.39001425e-01,7.57349813e-09,89,14,1,43,normal_corr_dominates,4.56231462e+00,1.00000000e+00,2.49999761e+07,-2.39321176e+01,-4.30254655e+00,-1.96295710e+01,1.00004854e-09
9,2.39001425e-01,7.57349813e-09,89,14,1,43,corr_ratio_high,7.86934316e-01,5.00000000e-01,2.49999761e+07,-2.39321176e+01,-4.30254655e+00,-1.96295710e+01,1.00004854e-09
9,2.39001425e-01,7.57349813e-09,89,14,2,44,normal_corr_dominates,3.48350251e+00,1.00000000e+00,2.49999807e+07,-1.92904783e+01,-4.30254655e+00,-1.49879317e+01,1.00004815e-09
9,2.39001425e-01,7.57349813e-09,89,15,0,45,normal_corr_dominates,4.26576286e+00,1.00000000e+00,2.49999894e+07,-1.05508511e+01,-2.00367000e+00,-8.54718108e+00,1.00003261e-09
9,2.39001425e-01,7.57349813e-09,89,15,0,45,corr_ratio_high,8.64591108e-01,5.00000000e-01,2.49999894e+07,-1.05508511e+01,-2.00367000e+00,-8.54718108e+00,1.00003261e-09
9,2.39001425e-01,7.57349813e-09,89,15,1,46,normal_corr_dominates,4.42808898e+00,1.00000000e+00,2.50000069e+07,6.86875905e+00,-2.00367000e+00,8.87242905e+00,1.00003780e-09
9,2.39001425e-01,7.57349813e-09,89,15,2,47,normal_corr_dominates,2.39322913e+00,1.00000000e+00,2.50000028e+07,2.79157141e+00,-2.00367000e+00,4.79524142e+00,1.00005619e-09
9,2.39001425e-01,7.57349813e-09,89,16,0,48,normal_corr_dominates,2.22198879e+00,1.00000000e+00,2.50000033e+07,3.30287797e+00,-2.70287093e+00,6.00574890e+00,1.00004446e-09
9,2.39001425e-01,7.57349813e-09,89,16,1,49,normal_corr_dominates,4.85245496e+00,1.00000000e+00,2.49999842e+07,-1.58184304e+01,-2.70287093e+00,-1.31155594e+01,1.00002142e-09
9,2.39001425e-01,7.57349813e-09,89,16,1,49,corr_ratio_high,1.79052289e+00,5.00000000e-01,2.49999842e+07,-1.58184304e+01,-2.70287093e+00,-1.31155594e+01,1.00002142e-09
9,2.39001425e-01,7.57349813e-09,89,16,2,50,normal_corr_dominates,2.15137373e+00,1.00000000e+00,2.50000031e+07,3.11201457e+00,-2.70287093e+00,5.81488550e+00,1.00008349e-09
9,2.39001425e-01,7.57349813e-09,89,16,2,50,corr_ratio_high,5.58457744e-01,5.00000000e-01,2.50000031e+07,3.11201457e+00,-2.70287093e+00,5.81488550e+00,1.00008349e-09
9,2.39001425e-01,7.57349813e-09,89,17,1,52,normal_corr_dominates,1.66533120e+00,1.00000000e+00,2.49999944e+07,-5.59227765e+00,-2.09815488e+00,-3.49412277e+00,1.00002457e-09
9,2.39001425e-01,7.57349813e-09,89,17,1,52,corr_ratio_high,1.50678448e+00,5.00000000e-01,2.49999944e+07,-5.59227765e+00,-2.09815488e+00,-3.49412277e+00,1.00002457e-09
9,2.39001425e-01,7.57349813e-09,89,18,0,54,normal_corr_dominates,5.63822804e+00,1.00000000e+00,2.50000047e+07,4.72876235e+00,-1.01951916e+00,5.74828151e+00,1.00002719e-09
9,2.39001425e-01,7.57349813e-09,89,18,0,54,corr_ratio_high,6.18057608e-01,5.00000000e-01,2.50000047e+07,4.72876235e+00,-1.01951916e+00,5.74828151e+00,1.00002719e-09
9,2.39001425e-01,7.57349813e-09,89,18,1,55,normal_corr_dominates,7.14003830e+00,1.00000000e+00,2.49999917e+07,-8.29892501e+00,-1.01951916e+00,-7.27940585e+00,1.00003472e-09
9,2.39001425e-01,7.57349813e-09,89,19,0,57,normal_corr_dominates,3.39317832e+01,1.00000000e+00,2.49999959e+07,-4.05526444e+00,-1.16090965e-01,-3.93917347e+00,1.00008292e-09
9,2.39001425e-01,7.57349813e-09,89,19,0,57,corr_ratio_high,5.00624872e-01,5.00000000e-01,2.49999959e+07,-4.05526444e+00,-1.16090965e-01,-3.93917347e+00,1.00008292e-09
9,2.39001425e-01,7.57349813e-09,89,19,1,58,normal_corr_dominates,6.59834888e+01,1.00000000e+00,2.49999922e+07,-7.77617788e+00,-1.16090965e-01,-7.66008692e+00,1.00002267e-09
9,2.39001425e-01,7.57349813e-09,89,19,1,58,corr_ratio_high,1.58485808e+00,5.00000000e-01,2.49999922e+07,-7.77617788e+00,-1.16090965e-01,-7.66008692e+00,1.00002267e-09
9,2.39001425e-01,7.57349813e-09,89,19,2,59,normal_corr_dominates,9.64072901e+00,1.00000000e+00,2.50000010e+07,1.00311057e+00,-1.16090965e-01,1.11920154e+00,1.00003347e-09
9,2.39001425e-01,7.57349813e-09,89,20,0,60,corr_ratio_high,3.25338901e+00,5.00000000e-01,2.49999981e+07,-1.87085279e+00,-9.58180614e-01,-9.12672172e-01,1.00000689e-09
9,2.39001425e-01,7.57349813e-09,89,20,1,61,normal_corr_dominates,7.46316666e+00,1.00000000e+00,2.50000062e+07,6.19288099e+00,-9.58180614e-01,7.15106161e+00,1.00007156e-09
9,2.39001425e-01,7.57349813e-09,89,20,2,62,normal_corr_dominates,2.56071263e+00,1.00000000e+00,2.50000015e+07,1.49544458e+00,-9.58180614e-01,2.45362520e+00,1.00006635e-09
9,2.39001425e-01,7.57349813e-09,89,22,0,66,normal_corr_dominates,2.67199865e+00,1.00000000e+00,2.50000028e+07,2.76106183e+00,-1.65135410e+00,4.41241593e+00,1.00005957e-09
9,2.39001425e-01,7.57349813e-09,89,22,2,68,normal_corr_dominates,8.04330399e+00,1.00000000e+00,2.49999851e+07,-1.49336971e+01,-1.65135410e+00,-1.32823430e+01,1.00004733e-09
9,2.39001425e-01,7.57349813e-09,89,23,0,69,normal_corr_dominates,1.24004713e+00,1.00000000e+00,2.49999921e+07,-7.91109842e+00,-3.53166606e+00,-4.37943236e+00,1.00005776e-09
9,2.39001425e-01,7.57349813e-09,89,23,1,70,normal_corr_dominates,2.05823964e+00,1.00000000e+00,2.50000037e+07,3.73734900e+00,-3.53166606e+00,7.26901506e+00,1.00003401e-09
9,2.39001425e-01,7.57349813e-09,89,24,0,72,normal_corr_dominates,1.72579743e+01,1.00000000e+00,2.50000071e+07,7.14573742e+00,-4.39522002e-01,7.58525942e+00,1.00004277e-09
9,2.39001425e-01,7.57349813e-09,89,24,1,73,normal_corr_dominates,1.23629598e+01,1.00000000e+00,2.50000050e+07,4.99427084e+00,-4.39522002e-01,5.43379284e+00,1.00005276e-09
9,2.39001425e-01,7.57349813e-09,89,24,2,74,normal_corr_dominates,2.32741158e+01,1.00000000e+00,2.49999893e+07,-1.06690080e+01,-4.39522002e-01,-1.02294860e+01,1.00005025e-09
9,2.39001425e-01,7.57349813e-09,89,27,1,82,normal_corr_dominates,2.30854161e+00,1.00000000e+00,2.50000056e+07,5.56239270e+00,-4.25083364e+00,9.81322634e+00,1.00005368e-09
9,2.39001425e-01,7.57349813e-09,89,28,0,84,normal_corr_dominates,1.00644582e+01,1.00000000e+00,2.49999862e+07,-1.37912493e+01,-1.24644597e+00,-1.25448033e+01,1.00005330e-09
9,2.39001425e-01,7.57349813e-09,89,28,1,85,normal_corr_dominates,6.54121903e+00,1.00000000e+00,2.50000069e+07,6.90683011e+00,-1.24644597e+00,8.15327608e+00,1.00004822e-09
9,2.39001425e-01,7.57349813e-09,89,28,2,86,normal_corr_dominates,8.70001580e+00,1.00000000e+00,2.49999879e+07,-1.20905456e+01,-1.24644597e+00,-1.08440996e+01,1.00005578e-09
9,2.39001425e-01,7.57349813e-09,89,30,0,90,normal_corr_dominates,1.66459762e+01,1.00000000e+00,2.49999952e+07,-4.79338548e+00,3.06365381e-01,-5.09975086e+00,1.00005820e-09
9,2.39001425e-01,7.57349813e-09,89,30,1,91,normal_corr_dominates,1.52863252e+01,1.00000000e+00,2.50000050e+07,4.98956624e+00,3.06365381e-01,4.68320086e+00,1.00004547e-09
9,2.39001425e-01,7.57349813e-09,89,30,2,92,normal_corr_dominates,3.11927285e+01,1.00000000e+00,2.49999907e+07,-9.25000678e+00,3.06365381e-01,-9.55637216e+00,1.00004781e-09
9,2.39001425e-01,7.57349813e-09,89,9,0,27,normal_corr_dominates,2.58979908e+00,1.00000000e+00,2.50000040e+07,3.99685801e+00,-2.51406487e+00,6.51092288e+00,1.00004564e-09
9,2.39001425e-01,7.57349813e-09,89,9,1,28,normal_corr_dominates,2.67535113e+00,1.00000000e+00,2.49999908e+07,-9.24007114e+00,-2.51406487e+00,-6.72600628e+00,1.00005855e-09
9,2.39001425e-01,7.57349813e-09,89,9,2,29,normal_corr_dominates,4.26837216e+00,1.00000000e+00,2.50000082e+07,8.21689961e+00,-2.51406487e+00,1.07309645e+01,1.00005117e-09
9,2.39001425e-01,7.57349813e-09,89,8,0,24,normal_corr_dominates,1.47009620e+00,1.00000000e+00,2.49999945e+07,-5.54518058e+00,-2.24492494e+00,-3.30025564e+00,1.00006382e-09
9,2.39001425e-01,7.57349813e-09,89,8,2,26,normal_corr_dominates,2.16186937e+00,1.00000000e+00,2.50000026e+07,2.60830952e+00,-2.24492494e+00,4.85323447e+00,1.00003719e-09
9,2.39001425e-01,7.57349813e-09,89,8,2,26,corr_ratio_high,5.89205608e-01,5.00000000e-01,2.50000026e+07,2.60830952e+00,-2.24492494e+00,4.85323447e+00,1.00003719e-09
10,2.68058914e-01,8.49427441e-09,89,0,0,0,normal_corr_dominates,4.21952626e+00,1.00000000e+00,2.49999692e+07,-3.07978467e+01,-5.90050614e+00,-2.48973406e+01,1.00009281e-09
10,2.68058914e-01,8.49427441e-09,89,0,1,1,normal_corr_dominates,2.31210149e+00,1.00000000e+00,2.50000077e+07,7.74206292e+00,-5.90050614e+00,1.36425691e+01,1.00004120e-09
10,2.68058914e-01,8.49427441e-09,89,0,1,1,corr_ratio_high,5.21949647e-01,5.00000000e-01,2.50000077e+07,7.74206292e+00,-5.90050614e+00,1.36425691e+01,1.00004120e-09
10,2.68058914e-01,8.49427441e-09,89,0,2,2,normal_corr_dominates,3.50614288e+00,1.00000000e+00,2.50000148e+07,1.47875115e+01,-5.90050614e+00,2.06880176e+01,1.00004307e-09
10,2.68058914e-01,8.49427441e-09,89,1,0,3,normal_corr_dominates,2.82984370e+00,1.00000000e+00,2.49999873e+07,-1.26538868e+01,-3.30402173e+00,-9.34986506e+00,1.00007394e-09
10,2.68058914e-01,8.49427441e-09,89,1,1,4,normal_corr_dominates,1.89563793e+00,1.00000000e+00,2.50000030e+07,2.95920719e+00,-3.30402173e+00,6.26322892e+00,1.00003863e-09
10,2.68058914e-01,8.49427441e-09,89,1,1,4,corr_ratio_high,6.38201722e-01,5.00000000e-01,2.50000030e+07,2.95920719e+00,-3.30402173e+00,6.26322892e+00,1.00003863e-09
10,2.68058914e-01,8.49427441e-09,89,1,2,5,normal_corr_dominates,4.43713146e+00,1.00000000e+00,2.50000114e+07,1.13563570e+01,-3.30402173e+00,1.46603788e+01,1.00006076e-09
10,2.68058914e-01,8.49427441e-09,89,2,0,6,normal_corr_dominates,2.74007581e+00,1.00000000e+00,2.49999941e+07,-5.93903878e+00,-1.58794610e+00,-4.35109268e+00,1.00005106e-09
10,2.68058914e-01,8.49427441e-09,89,2,1,7,normal_corr_dominates,5.16279401e+00,1.00000000e+00,2.50000066e+07,6.61029250e+00,-1.58794610e+00,8.19823859e+00,1.00003440e-09
10,2.68058914e-01,8.49427441e-09,89,3,0,9,normal_corr_dominates,7.46898480e+00,1.00000000e+00,2.50000085e+07,8.51027673e+00,-1.31555058e+00,9.82582731e+00,1.00006286e-09
10,2.68058914e-01,8.49427441e-09,89,3,2,11,normal_corr_dominates,3.21966192e+00,1.00000000e+00,2.50000029e+07,2.92007753e+00,-1.31555058e+00,4.23562812e+00,1.00006435e-09
10,2.68058914e-01,8.49427441e-09,89,4,0,12,normal_corr_dominates,2.62480703e+00,1.00000000e+00,2.50000041e+07,4.10835289e+00,-2.52851743e+00,6.63687032e+00,1.00001882e-09
10,2.68058914e-01,8.49427441e-09,89,4,0,12,corr_ratio_high,1.49689435e+00,5.00000000e-01,2.50000041e+07,4.10835289e+00,-2.52851743e+00,6.63687032e+00,1.00001882e-09
10,2.68058914e-01,8.49427441e-09,89,4,2,14,normal_corr_dominates,2.13250850e+00,1.00000000e+00,2.49999921e+07,-7.92060234e+00,-2.52851743e+00,-5.39208491e+00,1.00010076e-09
10,2.68058914e-01,8.49427441e-09,89,4,2,14,corr_ratio_high,5.77937979e-01,5.00000000e-01,2.49999921e+07,-7.92060234e+00,-2.52851743e+00,-5.39208491e+00,1.00010076e-09
10,2.68058914e-01,8.49427441e-09,89,5,0,15,normal_corr_dominates,6.15089239e+00,1.00000000e+00,2.49999919e+07,-8.12664641e+00,-1.13645206e+00,-6.99019435e+00,1.00003545e-09
10,2.68058914e-01,8.49427441e-09,89,5,0,15,corr_ratio_high,8.43088717e-01,5.00000000e-01,2.49999919e+07,-8.12664641e+00,-1.13645206e+00,-6.99019435e+00,1.00003545e-09
10,2.68058914e-01,8.49427441e-09,89,5,1,16,normal_corr_dominates,5.93668576e+00,1.00000000e+00,2.49999921e+07,-7.88321084e+00,-1.13645206e+00,-6.74675878e+00,1.00006287e-09
10,2.68058914e-01,8.49427441e-09,89,5,2,17,normal_corr_dominates,9.08816035e+00,1.00000000e+00,2.50000092e+07,9.19180651e+00,-1.13645206e+00,1.03282586e+01,1.00003809e-09
10,2.68058914e-01,8.49427441e-09,89,6,0,18,normal_corr_dominates,1.21829197e+01,1.00000000e+00,2.49999989e+07,-1.14645250e+00,1.02518174e-01,-1.24897068e+00,1.00004514e-09
10,2.68058914e-01,8.49427441e-09,89,6,1,19,normal_corr_dominates,1.28020132e+01,1.00000000e+00,2.50000014e+07,1.41495719e+00,1.02518174e-01,1.31243901e+00,1.00004235e-09
10,2.68058914e-01,8.49427441e-09,89,6,2,20,normal_corr_dominates,2.28400685e+00,1.00000000e+00,2.50000003e+07,3.36670385e-01,1.02518174e-01,2.34152211e-01,1.00006379e-09
10,2.68058914e-01,8.49427441e-09,89,12,1,37,corr_ratio_high,1.46042168e+00,5.00000000e-01,2.49999995e+07,-5.26189199e-01,-2.54073668e+00,2.01454748e+00,1.00002242e-09
10,2.68058914e-01,8.49427441e-09,89,12,2,38,normal_corr_dominates,4.16105858e+00,1.00000000e+00,2.50000080e+07,8.03141747e+00,-2.54073668e+00,1.05721542e+01,1.00006767e-09
10,2.68058914e-01,8.49427441e-09,89,13,0,39,normal_corr_dominates,1.48606242e+01,1.00000000e+00,2.49999929e+07,-7.11230968e+00,-4.48425586e-01,-6.66388409e+00,1.00002905e-09
10,2.68058914e-01,8.49427441e-09,89,13,0,39,corr_ratio_high,1.25762355e+00,5.00000000e-01,2.49999929e+07,-7.11230968e+00,-4.48425586e-01,-6.66388409e+00,1.00002905e-09
10,2.68058914e-01,8.49427441e-09,89,13,1,40,normal_corr_dominates,2.92113078e+01,1.00000000e+00,2.49999865e+07,-1.35475234e+01,-4.48425586e-01,-1.30990978e+01,1.00002278e-09
10,2.68058914e-01,8.49427441e-09,89,13,1,40,corr_ratio_high,2.14049135e+00,5.00000000e-01,2.49999865e+07,-1.35475234e+01,-4.48425586e-01,-1.30990978e+01,1.00002278e-09
10,2.68058914e-01,8.49427441e-09,89,13,2,41,normal_corr_dominates,2.88205030e+01,1.00000000e+00,2.50000125e+07,1.24754254e+01,-4.48425586e-01,1.29238509e+01,1.00010092e-09
10,2.68058914e-01,8.49427441e-09,89,13,2,41,corr_ratio_high,5.79030520e-01,5.00000000e-01,2.50000125e+07,1.24754254e+01,-4.48425586e-01,1.29238509e+01,1.00010092e-09
10,2.68058914e-01,8.49427441e-09,89,14,0,42,normal_corr_dominates,4.62647098e+00,1.00000000e+00,2.50000174e+07,1.74118982e+01,-4.80133395e+00,2.22132322e+01,1.00007468e-09
10,2.68058914e-01,8.49427441e-09,89,14,1,43,normal_corr_dominates,4.56376857e+00,1.00000000e+00,2.49999733e+07,-2.67135109e+01,-4.80133395e+00,-2.19121770e+01,1.00005417e-09
10,2.68058914e-01,8.49427441e-09,89,14,1,43,corr_ratio_high,7.87152350e-01,5.00000000e-01,2.49999733e+07,-2.67135109e+01,-4.80133395e+00,-2.19121770e+01,1.00005417e-09
10,2.68058914e-01,8.49427441e-09,89,14,2,44,normal_corr_dominates,3.48705725e+00,1.00000000e+00,2.49999785e+07,-2.15438603e+01,-4.80133395e+00,-1.67425264e+01,1.00005377e-09
10,2.68058914e-01,8.49427441e-09,89,15,0,45,normal_corr_dominates,4.26913851e+00,1.00000000e+00,2.49999882e+07,-1.17748628e+01,-2.23468462e+00,-9.54017816e+00,1.00003640e-09
10,2.68058914e-01,8.49427441e-09,89,15,0,45,corr_ratio_high,8.64454892e-01,5.00000000e-01,2.49999882e+07,-1.17748628e+01,-2.23468462e+00,-9.54017816e+00,1.00003640e-09
10,2.68058914e-01,8.49427441e-09,89,15,1,46,normal_corr_dominates,4.43134215e+00,1.00000000e+00,2.50000077e+07,7.66796753e+00,-2.23468462e+00,9.90265215e+00,1.00004219e-09
10,2.68058914e-01,8.49427441e-09,89,15,2,47,normal_corr_dominates,2.39664708e+00,1.00000000e+00,2.50000031e+07,3.12106574e+00,-2.23468462e+00,5.35575036e+00,1.00006270e-09
10,2.68058914e-01,8.49427441e-09,89,16,0,48,normal_corr_dominates,2.22365042e+00,1.00000000e+00,2.50000037e+07,3.69264674e+00,-3.01773012e+00,6.71037686e+00,1.00004961e-09
10,2.68058914e-01,8.49427441e-09,89,16,1,49,normal_corr_dominates,4.85023250e+00,1.00000000e+00,2.49999823e+07,-1.76544229e+01,-3.01773012e+00,-1.46366927e+01,1.00002390e-09
10,2.68058914e-01,8.49427441e-09,89,16,1,49,corr_ratio_high,1.79034971e+00,5.00000000e-01,2.49999823e+07,-1.76544229e+01,-3.01773012e+00,-1.46366927e+01,1.00002390e-09
10,2.68058914e-01,8.49427441e-09,89,16,2,50,normal_corr_dominates,2.14831319e+00,1.00000000e+00,2.50000035e+07,3.46529929e+00,-3.01773012e+00,6.48302942e+00,1.00009320e-09
10,2.68058914e-01,8.49427441e-09,89,16,2,50,corr_ratio_high,5.58475513e-01,5.00000000e-01,2.50000035e+07,3.46529929e+00,-3.01773012e+00,6.48302942e+00,1.00009320e-09
10,2.68058914e-01,8.49427441e-09,89,17,1,52,normal_corr_dominates,1.66506584e+00,1.00000000e+00,2.49999938e+07,-6.24219347e+00,-2.34222861e+00,-3.89996486e+00,1.00002743e-09
10,2.68058914e-01,8.49427441e-09,89,17,1,52,corr_ratio_high,1.50633009e+00,5.00000000e-01,2.49999938e+07,-6.24219347e+00,-2.34222861e+00,-3.89996486e+00,1.00002743e-09
10,2.68058914e-01,8.49427441e-09,89,18,0,54,normal_corr_dominates,5.63878479e+00,1.00000000e+00,2.50000053e+07,5.27850033e+00,-1.13790584e+00,6.41640617e+00,1.00003035e-09
10,2.68058914e-01,8.49427441e-09,89,18,0,54,corr_ratio_high,6.18038213e-01,5.00000000e-01,2.50000053e+07,5.27850033e+00,-1.13790584e+00,6.41640617e+00,1.00003035e-09
10,2.68058914e-01,8.49427441e-09,89,18,1,55,normal_corr_dominates,7.14041986e+00,1.00000000e+00,2.49999907e+07,-9.26303133e+00,-1.13790584e+00,-8.12512549e+00,1.00003875e-09
10,2.68058914e-01,8.49427441e-09,89,19,0,57,normal_corr_dominates,3.39614167e+01,1.00000000e+00,2.49999955e+07,-4.52630550e+00,-1.29465735e-01,-4.39683976e+00,1.00009254e-09
10,2.68058914e-01,8.49427441e-09,89,19,0,57,corr_ratio_high,5.00644582e-01,5.00000000e-01,2.49999955e+07,-4.52630550e+00,-1.29465735e-01,-4.39683976e+00,1.00009254e-09
10,2.68058914e-01,8.49427441e-09,89,19,1,58,normal_corr_dominates,6.60368362e+01,1.00000000e+00,2.49999913e+07,-8.67897325e+00,-1.29465735e-01,-8.54950752e+00,1.00002531e-09
10,2.68058914e-01,8.49427441e-09,89,19,1,58,corr_ratio_high,1.58432957e+00,5.00000000e-01,2.49999913e+07,-8.67897325e+00,-1.29465735e-01,-8.54950752e+00,1.00002531e-09
10,2.68058914e-01,8.49427441e-09,89,19,2,59,normal_corr_dominates,9.65046039e+00,1.00000000e+00,2.50000011e+07,1.11993821e+00,-1.29465735e-01,1.24940394e+00,1.00003736e-09
10,2.68058914e-01,8.49427441e-09,89,20,0,60,corr_ratio_high,3.25237624e+00,5.00000000e-01,2.49999979e+07,-2.08888414e+00,-1.07068933e+00,-1.01819481e+00,1.00000770e-09
10,2.68058914e-01,8.49427441e-09,89,20,1,61,normal_corr_dominates,7.45368313e+00,1.00000000e+00,2.50000069e+07,6.90988964e+00,-1.07068933e+00,7.98057897e+00,1.00007987e-09
10,2.68058914e-01,8.49427441e-09,89,20,2,62,normal_corr_dominates,2.55753510e+00,1.00000000e+00,2.50000017e+07,1.66763621e+00,-1.07068933e+00,2.73832553e+00,1.00007406e-09
10,2.68058914e-01,8.49427441e-09,89,22,0,66,normal_corr_dominates,2.67164433e+00,1.00000000e+00,2.50000031e+07,3.08173673e+00,-1.84353613e+00,4.92527286e+00,1.00006649e-09
10,2.68058914e-01,8.49427441e-09,89,22,2,68,normal_corr_dominates,8.04445432e+00,1.00000000e+00,2.49999833e+07,-1.66737783e+01,-1.84353613e+00,-1.48302422e+01,1.00005284e-09
10,2.68058914e-01,8.49427441e-09,89,23,0,69,normal_corr_dominates,1.24077716e+00,1.00000000e+00,2.49999912e+07,-8.83011040e+00,-3.94064638e+00,-4.88946402e+00,1.00006446e-09
10,2.68058914e-01,8.49427441e-09,89,23,1,70,normal_corr_dominates,2.05860415e+00,1.00000000e+00,2.50000042e+07,4.17158460e+00,-3.94064638e+00,8.11223098e+00,1.00003796e-09
10,2.68058914e-01,8.49427441e-09,89,24,0,72,normal_corr_dominates,1.73148079e+01,1.00000000e+00,2.50000080e+07,7.97936820e+00,-4.89087473e-01,8.46845567e+00,1.00004772e-09
10,2.68058914e-01,8.49427441e-09,89,24,1,73,normal_corr_dominates,1.24074419e+01,1.00000000e+00,2.50000056e+07,5.57923696e+00,-4.89087473e-01,6.06832443e+00,1.00005888e-09
10,2.68058914e-01,8.49427441e-09,89,24,2,74,normal_corr_dominates,2.33589251e+01,1.00000000e+00,2.49999881e+07,-1.19136451e+01,-4.89087473e-01,-1.14245577e+01,1.00005610e-09
10,2.68058914e-01,8.49427441e-09,89,27,1,82,normal_corr_dominates,2.30805055e+00,1.00000000e+00,2.50000062e+07,6.20737707e+00,-4.74551774e+00,1.09528948e+01,1.00005992e-09
10,2.68058914e-01,8.49427441e-09,89,28,0,84,normal_corr_dominates,1.00812717e+01,1.00000000e+00,2.49999846e+07,-1.53915423e+01,-1.38896896e+00,-1.40025734e+01,1.00005949e-09
10,2.68058914e-01,8.49427441e-09,89,28,1,85,normal_corr_dominates,6.55327052e+00,1.00000000e+00,2.50000077e+07,7.71332036e+00,-1.38896896e+00,9.10228931e+00,1.00005381e-09
10,2.68058914e-01,8.49427441e-09,89,28,2,86,normal_corr_dominates,8.72147625e+00,1.00000000e+00,2.49999865e+07,-1.35028287e+01,-1.38896896e+00,-1.21138598e+01,1.00006227e-09
10,2.68058914e-01,8.49427441e-09,89,30,0,90,normal_corr_dominates,1.65995995e+01,1.00000000e+00,2.49999946e+07,-5.35017761e+00,3.42968908e-01,-5.69314652e+00,1.00006496e-09
10,2.68058914e-01,8.49427441e-09,89,30,1,91,normal_corr_dominates,1.52505357e+01,1.00000000e+00,2.50000056e+07,5.57342846e+00,3.42968908e-01,5.23045955e+00,1.00005075e-09
10,2.68058914e-01,8.49427441e-09,89,30,2,92,normal_corr_dominates,3.11161077e+01,1.00000000e+00,2.49999897e+07,-1.03288886e+01,3.42968908e-01,-1.06718575e+01,1.00005337e-09
10,2.68058914e-01,8.49427441e-09,89,9,0,27,normal_corr_dominates,2.58785002e+00,1.00000000e+00,2.50000045e+07,4.45550629e+00,-2.80599945e+00,7.26150574e+00,1.00005094e-09
10,2.68058914e-01,8.49427441e-09,89,9,1,28,normal_corr_dominates,2.67412591e+00,1.00000000e+00,2.49999897e+07,-1.03095953e+01,-2.80599945e+00,-7.50359582e+00,1.00006533e-09
10,2.68058914e-01,8.49427441e-09,89,9,2,29,normal_corr_dominates,4.26879375e+00,1.00000000e+00,2.50000092e+07,9.17223346e+00,-2.80599945e+00,1.19782329e+01,1.00005711e-09
10,2.68058914e-01,8.49427441e-09,89,8,0,24,normal_corr_dominates,1.47034367e+00,1.00000000e+00,2.49999938e+07,-6.18816273e+00,-2.50498050e+00,-3.68318223e+00,1.00007122e-09
10,2.68058914e-01,8.49427441e-09,89,8,2,26,normal_corr_dominates,2.16299336e+00,1.00000000e+00,2.50000029e+07,2.91327570e+00,-2.50498050e+00,5.41825620e+00,1.00004150e-09
10,2.68058914e-01,8.49427441e-09,89,8,2,26,corr_ratio_high,5.89195300e-01,5.00000000e-01,2.50000029e+07,2.91327570e+00,-2.50498050e+00,5.41825620e+00,1.00004150e-09
11,2.92309924e-01,9.26274254e-09,89,0,0,0,normal_corr_dominates,4.21896369e+00,1.00000000e+00,2.49999665e+07,-3.34563906e+01,-6.41054289e+00,-2.70458477e+01,1.00010081e-09
11,2.92309924e-01,9.26274254e-09,89,0,1,1,normal_corr_dominates,2.31269295e+00,1.00000000e+00,2.50000084e+07,8.41507444e+00,-6.41054289e+00,1.48256173e+01,1.00004474e-09
11,2.92309924e-01,9.26274254e-09,89,0,1,1,corr_ratio_high,5.22115542e-01,5.00000000e-01,2.50000084e+07,8.41507444e+00,-6.41054289e+00,1.48256173e+01,1.00004474e-09
11,2.92309924e-01,9.26274254e-09,89,0,2,2,normal_corr_dominates,3.50553791e+00,1.00000000e+00,2.50000161e+07,1.60618582e+01,-6.41054289e+00,2.24724011e+01,1.00004680e-09
11,2.92309924e-01,9.26274254e-09,89,1,0,3,normal_corr_dominates,2.82990047e+00,1.00000000e+00,2.49999863e+07,-1.37442066e+01,-3.58865896e+00,-1.01555477e+01,1.00008031e-09
11,2.92309924e-01,9.26274254e-09,89,1,1,4,normal_corr_dominates,1.89621356e+00,1.00000000e+00,2.50000032e+07,3.21620483e+00,-3.58865896e+00,6.80486379e+00,1.00004196e-09
11,2.92309924e-01,9.26274254e-09,89,1,1,4,corr_ratio_high,6.38318912e-01,5.00000000e-01,2.50000032e+07,3.21620483e+00,-3.58865896e+00,6.80486379e+00,1.00004196e-09
11,2.92309924e-01,9.26274254e-09,89,1,2,5,normal_corr_dominates,4.43784064e+00,1.00000000e+00,2.50000123e+07,1.23372376e+01,-3.58865896e+00,1.59258966e+01,1.00006601e-09
11,2.92309924e-01,9.26274254e-09,89,2,0,6,normal_corr_dominates,2.74222816e+00,1.00000000e+00,2.49999935e+07,-6.45294785e+00,-1.72435982e+00,-4.72858804e+00,1.00005547e-09
11,2.92309924e-01,9.26274254e-09,89,2,1,7,normal_corr_dominates,5.16555482e+00,1.00000000e+00,2.50000072e+07,7.18291534e+00,-1.72435982e+00,8.90727516e+00,1.00003736e-09
11,2.92309924e-01,9.26274254e-09,89,3,0,9,normal_corr_dominates,7.46806690e+00,1.00000000e+00,2.50000092e+07,9.24173338e+00,-1.42882464e+00,1.06705580e+01,1.00006829e-09
11,2.92309924e-01,9.26274254e-09,89,3,2,11,normal_corr_dominates,3.21989750e+00,1.00000000e+00,2.50000032e+07,3.17184426e+00,-1.42882464e+00,4.60066890e+00,1.00006990e-09
11,2.92309924e-01,9.26274254e-09,89,4,0,12,normal_corr_dominates,2.62590561e+00,1.00000000e+00,2.50000045e+07,4.46527058e+00,-2.74632829e+00,7.21159887e+00,1.00002043e-09
11,2.92309924e-01,9.26274254e-09,89,4,0,12,corr_ratio_high,1.49714855e+00,5.00000000e-01,2.50000045e+07,4.46527058e+00,-2.74632829e+00,7.21159887e+00,1.00002043e-09
11,2.92309924e-01,9.26274254e-09,89,4,2,14,normal_corr_dominates,2.13407554e+00,1.00000000e+00,2.49999914e+07,-8.60720031e+00,-2.74632829e+00,-5.86087202e+00,1.00010945e-09
11,2.92309924e-01,9.26274254e-09,89,4,2,14,corr_ratio_high,5.77960460e-01,5.00000000e-01,2.49999914e+07,-8.60720031e+00,-2.74632829e+00,-5.86087202e+00,1.00010945e-09
11,2.92309924e-01,9.26274254e-09,89,5,0,15,normal_corr_dominates,6.14849992e+00,1.00000000e+00,2.49999912e+07,-8.82466832e+00,-1.23447834e+00,-7.59018998e+00,1.00003851e-09
11,2.92309924e-01,9.26274254e-09,89,5,0,15,corr_ratio_high,8.43198172e-01,5.00000000e-01,2.49999912e+07,-8.82466832e+00,-1.23447834e+00,-7.59018998e+00,1.00003851e-09
11,2.92309924e-01,9.26274254e-09,89,5,1,16,normal_corr_dominates,5.94153195e+00,1.00000000e+00,2.49999914e+07,-8.56917083e+00,-1.23447834e+00,-7.33469249e+00,1.00006830e-09
11,2.92309924e-01,9.26274254e-09,89,5,2,17,normal_corr_dominates,9.08893777e+00,1.00000000e+00,2.50000100e+07,9.98561846e+00,-1.23447834e+00,1.12200968e+01,1.00004138e-09
11,2.92309924e-01,9.26274254e-09,89,6,0,18,normal_corr_dominates,1.21215272e+01,1.00000000e+00,2.49999988e+07,-1.24548805e+00,1.11988941e-01,-1.35747699e+00,1.00004904e-09
11,2.92309924e-01,9.26274254e-09,89,6,1,19,normal_corr_dominates,1.27302087e+01,1.00000000e+00,2.50000015e+07,1.53763153e+00,1.11988941e-01,1.42564259e+00,1.00004600e-09
11,2.92309924e-01,9.26274254e-09,89,6,2,20,normal_corr_dominates,2.26746707e+00,1.00000000e+00,2.50000004e+07,3.65920177e-01,1.11988941e-01,2.53931236e-01,1.00006930e-09
11,2.92309924e-01,9.26274254e-09,89,12,1,37,corr_ratio_high,1.46045093e+00,5.00000000e-01,2.49999994e+07,-5.70078045e-01,-2.75912918e+00,2.18905114e+00,1.00002435e-09
11,2.92309924e-01,9.26274254e-09,89,12,2,38,normal_corr_dominates,4.16188479e+00,1.00000000e+00,2.50000087e+07,8.72404859e+00,-2.75912918e+00,1.14831778e+01,1.00007351e-09
11,2.92309924e-01,9.26274254e-09,89,13,0,39,normal_corr_dominates,1.48199197e+01,1.00000000e+00,2.49999923e+07,-7.72744342e+00,-4.88462874e-01,-7.23898054e+00,1.00003156e-09
11,2.92309924e-01,9.26274254e-09,89,13,0,39,corr_ratio_high,1.25725847e+00,5.00000000e-01,2.49999923e+07,-7.72744342e+00,-4.88462874e-01,-7.23898054e+00,1.00003156e-09
11,2.92309924e-01,9.26274254e-09,89,13,1,40,normal_corr_dominates,2.91280439e+01,1.00000000e+00,2.49999853e+07,-1.47164309e+01,-4.88462874e-01,-1.42279680e+01,1.00002474e-09
11,2.92309924e-01,9.26274254e-09,89,13,1,40,corr_ratio_high,2.14055123e+00,5.00000000e-01,2.49999853e+07,-1.47164309e+01,-4.88462874e-01,-1.42279680e+01,1.00002474e-09
11,2.92309924e-01,9.26274254e-09,89,13,2,41,normal_corr_dominates,2.87363674e+01,1.00000000e+00,2.50000135e+07,1.35481857e+01,-4.88462874e-01,1.40366486e+01,1.00010963e-09
11,2.92309924e-01,9.26274254e-09,89,13,2,41,corr_ratio_high,5.79031595e-01,5.00000000e-01,2.50000135e+07,1.35481857e+01,-4.88462874e-01,1.40366486e+01,1.00010963e-09
11,2.92309924e-01,9.26274254e-09,89,14,0,42,normal_corr_dominates,4.62907719e+00,1.00000000e+00,2.50000189e+07,1.89250763e+01,-5.21484536e+00,2.41399217e+01,1.00008110e-09
11,2.92309924e-01,9.26274254e-09,89,14,1,43,normal_corr_dominates,4.56486415e+00,1.00000000e+00,2.49999710e+07,-2.90199060e+01,-5.21484536e+00,-2.38050606e+01,1.00005884e-09
11,2.92309924e-01,9.26274254e-09,89,14,1,43,corr_ratio_high,7.87313971e-01,5.00000000e-01,2.49999710e+07,-2.90199060e+01,-5.21484536e+00,-2.38050606e+01,1.00005884e-09
11,2.92309924e-01,9.26274254e-09,89,14,2,44,normal_corr_dominates,3.48978505e+00,1.00000000e+00,2.49999766e+07,-2.34135347e+01,-5.21484536e+00,-1.81986894e+01,1.00005843e-09
11,2.92309924e-01,9.26274254e-09,89,15,0,45,normal_corr_dominates,4.27170081e+00,1.00000000e+00,2.49999872e+07,-1.27895755e+01,-2.42608143e+00,-1.03634940e+01,1.00003955e-09
11,2.92309924e-01,9.26274254e-09,89,15,0,45,corr_ratio_high,8.64338570e-01,5.00000000e-01,2.49999872e+07,-1.27895755e+01,-2.42608143e+00,-1.03634940e+01,1.00003955e-09
11,2.92309924e-01,9.26274254e-09,89,15,1,46,normal_corr_dominates,4.43384016e+00,1.00000000e+00,2.50000083e+07,8.33077585e+00,-2.42608143e+00,1.07568573e+01,1.00004583e-09
11,2.92309924e-01,9.26274254e-09,89,15,2,47,normal_corr_dominates,2.39926116e+00,1.00000000e+00,2.50000034e+07,3.39472151e+00,-2.42608143e+00,5.82080295e+00,1.00006810e-09
11,2.92309924e-01,9.26274254e-09,89,16,0,48,normal_corr_dominates,2.22496987e+00,1.00000000e+00,2.50000040e+07,4.01650355e+00,-3.27885906e+00,7.29536261e+00,1.00005388e-09
11,2.92309924e-01,9.26274254e-09,89,16,1,49,normal_corr_dominates,4.84856301e+00,1.00000000e+00,2.49999808e+07,-1.91766138e+01,-3.27885906e+00,-1.58977548e+01,1.00002596e-09
11,2.92309924e-01,9.26274254e-09,89,16,1,49,corr_ratio_high,1.79020382e+00,5.00000000e-01,2.49999808e+07,-1.91766138e+01,-3.27885906e+00,-1.58977548e+01,1.00002596e-09
11,2.92309924e-01,9.26274254e-09,89,16,2,50,normal_corr_dominates,2.14595178e+00,1.00000000e+00,2.50000038e+07,3.75741438e+00,-3.27885906e+00,7.03627344e+00,1.00010126e-09
11,2.92309924e-01,9.26274254e-09,89,16,2,50,corr_ratio_high,5.58490693e-01,5.00000000e-01,2.50000038e+07,3.75741438e+00,-3.27885906e+00,7.03627344e+00,1.00010126e-09
11,2.92309924e-01,9.26274254e-09,89,17,1,52,normal_corr_dominates,1.66484134e+00,1.00000000e+00,2.49999932e+07,-6.78103302e+00,-2.54462917e+00,-4.23640385e+00,1.00002980e-09
11,2.92309924e-01,9.26274254e-09,89,17,1,52,corr_ratio_high,1.50595173e+00,5.00000000e-01,2.49999932e+07,-6.78103302e+00,-2.54462917e+00,-4.23640385e+00,1.00002980e-09
11,2.92309924e-01,9.26274254e-09,89,18,0,54,normal_corr_dominates,5.63917312e+00,1.00000000e+00,2.50000057e+07,5.73427827e+00,-1.23605611e+00,6.97033437e+00,1.00003297e-09
11,2.92309924e-01,9.26274254e-09,89,18,0,54,corr_ratio_high,6.18019068e-01,5.00000000e-01,2.50000057e+07,5.73427827e+00,-1.23605611e+00,6.97033437e+00,1.00003297e-09
11,2.92309924e-01,9.26274254e-09,89,18,1,55,normal_corr_dominates,7.14076893e+00,1.00000000e+00,2.49999899e+07,-1.00624472e+01,-1.23605611e+00,-8.82639105e+00,1.00004210e-09
11,2.92309924e-01,9.26274254e-09,89,19,0,57,normal_corr_dominates,3.39898788e+01,1.00000000e+00,2.49999951e+07,-4.91691474e+00,-1.40523915e-01,-4.77639083e+00,1.00010052e-09
11,2.92309924e-01,9.26274254e-09,89,19,0,57,corr_ratio_high,5.00657777e-01,5.00000000e-01,2.49999951e+07,-4.91691474e+00,-1.40523915e-01,-4.77639083e+00,1.00010052e-09
11,2.92309924e-01,9.26274254e-09,89,19,1,58,normal_corr_dominates,6.60878729e+01,1.00000000e+00,2.49999906e+07,-9.42745053e+00,-1.40523915e-01,-9.28692661e+00,1.00002750e-09
11,2.92309924e-01,9.26274254e-09,89,19,1,58,corr_ratio_high,1.58389309e+00,5.00000000e-01,2.49999906e+07,-9.42745053e+00,-1.40523915e-01,-9.28692661e+00,1.00002750e-09
11,2.92309924e-01,9.26274254e-09,89,19,2,59,normal_corr_dominates,9.65986091e+00,1.00000000e+00,2.50000012e+07,1.21691756e+00,-1.40523915e-01,1.35744147e+00,1.00004059e-09
11,2.92309924e-01,9.26274254e-09,89,20,0,60,corr_ratio_high,3.25155083e+00,5.00000000e-01,2.49999977e+07,-2.26980239e+00,-1.16407008e+00,-1.10573231e+00,1.00000837e-09
11,2.92309924e-01,9.26274254e-09,89,20,1,61,normal_corr_dominates,7.44655708e+00,1.00000000e+00,2.50000075e+07,7.50424424e+00,-1.16407008e+00,8.66831433e+00,1.00008677e-09
11,2.92309924e-01,9.26274254e-09,89,20,2,62,normal_corr_dominates,2.55516833e+00,1.00000000e+00,2.50000018e+07,1.81032493e+00,-1.16407008e+00,2.97439501e+00,1.00008045e-09
11,2.92309924e-01,9.26274254e-09,89,22,0,66,normal_corr_dominates,2.67133703e+00,1.00000000e+00,2.50000033e+07,3.34758153e+00,-2.00293625e+00,5.35051778e+00,1.00007223e-09
11,2.92309924e-01,9.26274254e-09,89,22,2,68,normal_corr_dominates,8.04527651e+00,1.00000000e+00,2.49999819e+07,-1.81171122e+01,-2.00293625e+00,-1.61141759e+01,1.00005740e-09
11,2.92309924e-01,9.26274254e-09,89,23,0,69,normal_corr_dominates,1.24133264e+00,1.00000000e+00,2.49999904e+07,-9.59210608e+00,-4.27964413e+00,-5.31246195e+00,1.00007002e-09
11,2.92309924e-01,9.26274254e-09,89,23,1,70,normal_corr_dominates,2.05887788e+00,1.00000000e+00,2.50000045e+07,4.53162049e+00,-4.27964413e+00,8.81126462e+00,1.00004124e-09
11,2.92309924e-01,9.26274254e-09,89,24,0,72,normal_corr_dominates,1.73589092e+01,1.00000000e+00,2.50000087e+07,8.67087194e+00,-5.30039737e-01,9.20091168e+00,1.00005182e-09
11,2.92309924e-01,9.26274254e-09,89,24,1,73,normal_corr_dominates,1.24420607e+01,1.00000000e+00,2.50000061e+07,6.06474687e+00,-5.30039737e-01,6.59478661e+00,1.00006396e-09
11,2.92309924e-01,9.26274254e-09,89,24,2,74,normal_corr_dominates,2.34249399e+01,1.00000000e+00,2.49999871e+07,-1.29461887e+01,-5.30039737e-01,-1.24161490e+01,1.00006094e-09
11,2.92309924e-01,9.26274254e-09,89,27,1,82,normal_corr_dominates,2.30767822e+00,1.00000000e+00,2.50000067e+07,6.74209349e+00,-5.15577410e+00,1.18978676e+01,1.00006509e-09
11,2.92309924e-01,9.26274254e-09,89,28,0,84,normal_corr_dominates,1.00943212e+01,1.00000000e+00,2.49999833e+07,-1.67182368e+01,-1.50691840e+00,-1.52113184e+01,1.00006461e-09
11,2.92309924e-01,9.26274254e-09,89,28,1,85,normal_corr_dominates,6.56261756e+00,1.00000000e+00,2.50000084e+07,8.38241075e+00,-1.50691840e+00,9.88932916e+00,1.00005845e-09
11,2.92309924e-01,9.26274254e-09,89,28,2,86,normal_corr_dominates,8.73818357e+00,1.00000000e+00,2.49999853e+07,-1.46746480e+01,-1.50691840e+00,-1.31677296e+01,1.00006765e-09
11,2.92309924e-01,9.26274254e-09,89,30,0,90,normal_corr_dominates,1.65641897e+01,1.00000000e+00,2.49999942e+07,-5.81182877e+00,3.73410303e-01,-6.18523907e+00,1.00007056e-09
11,2.92309924e-01,9.26274254e-09,89,30,1,91,normal_corr_dominates,1.52233111e+01,1.00000000e+00,2.50000061e+07,6.05795149e+00,3.73410303e-01,5.68454119e+00,1.00005512e-09
11,2.92309924e-01,9.26274254e-09,89,30,2,92,normal_corr_dominates,3.10578343e+01,1.00000000e+00,2.49999888e+07,-1.12239050e+01,3.73410303e-01,-1.15973153e+01,1.00005798e-09
11,2.92309924e-01,9.26274254e-09,89,9,0,27,normal_corr_dominates,2.58629668e+00,1.00000000e+00,2.50000048e+07,4.83513241e+00,-3.04806312e+00,7.88319553e+00,1.00005534e-09
11,2.92309924e-01,9.26274254e-09,89,9,1,28,normal_corr_dominates,2.67314926e+00,1.00000000e+00,2.49999888e+07,-1.11959908e+01,-3.04806312e+00,-8.14792769e+00,1.00007096e-09
11,2.92309924e-01,9.26274254e-09,89,9,2,29,normal_corr_dominates,4.26911059e+00,1.00000000e+00,2.50000100e+07,9.96445542e+00,-3.04806312e+00,1.30125185e+01,1.00006204e-09
11,2.92309924e-01,9.26274254e-09,89,8,0,24,normal_corr_dominates,1.47053387e+00,1.00000000e+00,2.49999933e+07,-6.72121515e+00,-2.72055171e+00,-4.00066344e+00,1.00007737e-09
11,2.92309924e-01,9.26274254e-09,89,8,2,26,normal_corr_dominates,2.16387225e+00,1.00000000e+00,2.50000032e+07,3.16637463e+00,-2.72055171e+00,5.88692634e+00,1.00004508e-09
11,2.92309924e-01,9.26274254e-09,89,8,2,26,corr_ratio_high,5.89182745e-01,5.00000000e-01,2.50000032e+07,3.16637463e+00,-2.72055171e+00,5.88692634e+00,1.00004508e-09
12,3.17118632e-01,1.00488830e-08,89,0,0,0,normal_corr_dominates,4.21842075e+00,1.00000000e+00,2.49999638e+07,-3.61607610e+01,-6.92944527e+00,-2.92313157e+01,1.00010896e-09
12,3.17118632e-01,1.00488830e-08,89,0,1,1,normal_corr_dominates,2.31326485e+00,1.00000000e+00,2.50000091e+07,9.10019687e+00,-6.92944527e+00,1.60296421e+01,1.00004834e-09
12,3.17118632e-01,1.00488830e-08,89,0,1,1,corr_ratio_high,5.22282712e-01,5.00000000e-01,2.50000091e+07,9.10019687e+00,-6.92944527e+00,1.60296421e+01,1.00004834e-09
12,3.17118632e-01,1.00488830e-08,89,0,2,2,normal_corr_dominates,3.50495982e+00,1.00000000e+00,2.50000174e+07,1.73579820e+01,-6.92944527e+00,2.42874273e+01,1.00005059e-09
12,3.17118632e-01,1.00488830e-08,89,1,0,3,normal_corr_dominates,2.82994677e+00,1.00000000e+00,2.49999851e+07,-1.48531811e+01,-3.87816906e+00,-1.09750120e+01,1.00008679e-09
12,3.17118632e-01,1.00488830e-08,89,1,1,4,normal_corr_dominates,1.89676474e+00,1.00000000e+00,2.50000035e+07,3.47780527e+00,-3.87816906e+00,7.35597433e+00,1.00004534e-09
12,3.17118632e-01,1.00488830e-08,89,1,1,4,corr_ratio_high,6.38430251e-01,5.00000000e-01,2.50000035e+07,3.47780527e+00,-3.87816906e+00,7.35597433e+00,1.00004534e-09
12,3.17118632e-01,1.00488830e-08,89,1,2,5,normal_corr_dominates,4.43851848e+00,1.00000000e+00,2.50000133e+07,1.33351560e+01,-3.87816906e+00,1.72133250e+01,1.00007135e-09
12,3.17118632e-01,1.00488830e-08,89,2,0,6,normal_corr_dominates,2.74431655e+00,1.00000000e+00,2.49999930e+07,-6.97590990e+00,-1.86306628e+00,-5.11284362e+00,1.00005995e-09
12,3.17118632e-01,1.00488830e-08,89,2,1,7,normal_corr_dominates,5.16818678e+00,1.00000000e+00,2.50000078e+07,7.76560824e+00,-1.86306628e+00,9.62867452e+00,1.00004037e-09
12,3.17118632e-01,1.00488830e-08,89,3,0,9,normal_corr_dominates,7.46714899e+00,1.00000000e+00,2.50000100e+07,9.98541829e+00,-1.54402169e+00,1.15294400e+01,1.00007380e-09
12,3.17118632e-01,1.00488830e-08,89,3,2,11,normal_corr_dominates,3.22011018e+00,1.00000000e+00,2.50000034e+07,3.42789827e+00,-1.54402169e+00,4.97191996e+00,1.00007554e-09
12,3.17118632e-01,1.00488830e-08,89,4,0,12,normal_corr_dominates,2.62695580e+00,1.00000000e+00,2.50000048e+07,4.82852804e+00,-2.96782989e+00,7.79635793e+00,1.00002207e-09
12,3.17118632e-01,1.00488830e-08,89,4,0,12,corr_ratio_high,1.49738738e+00,5.00000000e-01,2.50000048e+07,4.82852804e+00,-2.96782989e+00,7.79635793e+00,1.00002207e-09
12,3.17118632e-01,1.00488830e-08,89,4,2,14,normal_corr_dominates,2.13562491e+00,1.00000000e+00,2.49999907e+07,-9.30600133e+00,-2.96782989e+00,-6.33817144e+00,1.00011829e-09
12,3.17118632e-01,1.00488830e-08,89,4,2,14,corr_ratio_high,5.77981661e-01,5.00000000e-01,2.49999907e+07,-9.30600133e+00,-2.96782989e+00,-6.33817144e+00,1.00011829e-09
12,3.17118632e-01,1.00488830e-08,89,5,0,15,normal_corr_dominates,6.14606232e+00,1.00000000e+00,2.49999905e+07,-9.53432046e+00,-1.33420617e+00,-8.20011429e+00,1.00004162e-09
12,3.17118632e-01,1.00488830e-08,89,5,0,15,corr_ratio_high,8.43299265e-01,5.00000000e-01,2.49999905e+07,-9.53432046e+00,-1.33420617e+00,-8.20011429e+00,1.00004162e-09
12,3.17118632e-01,1.00488830e-08,89,5,1,16,normal_corr_dominates,5.94618997e+00,1.00000000e+00,2.49999907e+07,-9.26764955e+00,-1.33420617e+00,-7.93344337e+00,1.00007383e-09
12,3.17118632e-01,1.00488830e-08,89,5,2,17,normal_corr_dominates,9.08958907e+00,1.00000000e+00,2.50000108e+07,1.07931797e+01,-1.33420617e+00,1.21273859e+01,1.00004472e-09
12,3.17118632e-01,1.00488830e-08,89,6,0,18,normal_corr_dominates,1.20637746e+01,1.00000000e+00,2.49999987e+07,-1.34625811e+00,1.21681628e-01,-1.46793974e+00,1.00005300e-09
12,3.17118632e-01,1.00488830e-08,89,6,1,19,normal_corr_dominates,1.26619467e+01,1.00000000e+00,2.50000017e+07,1.66240792e+00,1.21681628e-01,1.54072629e+00,1.00004972e-09
12,3.17118632e-01,1.00488830e-08,89,6,2,20,normal_corr_dominates,2.25240461e+00,1.00000000e+00,2.50000004e+07,3.95757889e-01,1.21681628e-01,2.74076261e-01,1.00007490e-09
12,3.17118632e-01,1.00488830e-08,89,12,1,37,corr_ratio_high,1.46046847e+00,5.00000000e-01,2.49999994e+07,-6.14637952e-01,-2.98119418e+00,2.36655622e+00,1.00002631e-09
12,3.17118632e-01,1.00488830e-08,89,12,2,38,normal_corr_dominates,4.16269013e+00,1.00000000e+00,2.50000094e+07,9.42859339e+00,-2.98119418e+00,1.24097876e+01,1.00007946e-09
12,3.17118632e-01,1.00488830e-08,89,13,0,39,normal_corr_dominates,1.47815555e+01,1.00000000e+00,2.49999916e+07,-8.35338612e+00,-5.29313229e-01,-7.82407289e+00,1.00003412e-09
12,3.17118632e-01,1.00488830e-08,89,13,0,39,corr_ratio_high,1.25689367e+00,5.00000000e-01,2.49999916e+07,-8.35338612e+00,-5.29313229e-01,-7.82407289e+00,1.00003412e-09
12,3.17118632e-01,1.00488830e-08,89,13,1,40,normal_corr_dominates,2.90492752e+01,1.00000000e+00,2.49999841e+07,-1.59054789e+01,-5.29313229e-01,-1.53761657e+01,1.00002674e-09
12,3.17118632e-01,1.00488830e-08,89,13,1,40,corr_ratio_high,2.14059586e+00,5.00000000e-01,2.49999841e+07,-1.59054789e+01,-5.29313229e-01,-1.53761657e+01,1.00002674e-09
12,3.17118632e-01,1.00488830e-08,89,13,2,41,normal_corr_dominates,2.86568076e+01,1.00000000e+00,2.50000146e+07,1.46391141e+01,-5.29313229e-01,1.51684273e+01,1.00011849e-09
12,3.17118632e-01,1.00488830e-08,89,13,2,41,corr_ratio_high,5.79032466e-01,5.00000000e-01,2.50000146e+07,1.46391141e+01,-5.29313229e-01,1.51684273e+01,1.00011849e-09
12,3.17118632e-01,1.00488830e-08,89,14,0,42,normal_corr_dominates,4.63155353e+00,1.00000000e+00,2.50000205e+07,2.04653681e+01,-5.63543067e+00,2.61007988e+01,1.00008763e-09
12,3.17118632e-01,1.00488830e-08,89,14,1,43,normal_corr_dominates,4.56588741e+00,1.00000000e+00,2.49999686e+07,-3.13661726e+01,-5.63543067e+00,-2.57307419e+01,1.00006360e-09
12,3.17118632e-01,1.00488830e-08,89,14,1,43,corr_ratio_high,7.87462918e-01,5.00000000e-01,2.49999686e+07,-3.13661726e+01,-5.63543067e+00,-2.57307419e+01,1.00006360e-09
12,3.17118632e-01,1.00488830e-08,89,14,2,44,normal_corr_dominates,3.49237817e+00,1.00000000e+00,2.49999747e+07,-2.53164857e+01,-5.63543067e+00,-1.96810551e+01,1.00006317e-09
12,3.17118632e-01,1.00488830e-08,89,15,0,45,normal_corr_dominates,4.27411121e+00,1.00000000e+00,2.49999862e+07,-1.38215932e+01,-2.62064880e+00,-1.12009444e+01,1.00004275e-09
12,3.17118632e-01,1.00488830e-08,89,15,0,45,corr_ratio_high,8.64217752e-01,5.00000000e-01,2.49999862e+07,-1.38215932e+01,-2.62064880e+00,-1.12009444e+01,1.00004275e-09
12,3.17118632e-01,1.00488830e-08,89,15,1,46,normal_corr_dominates,4.43621482e+00,1.00000000e+00,2.50000090e+07,9.00511224e+00,-2.62064880e+00,1.16257610e+01,1.00004953e-09
12,3.17118632e-01,1.00488830e-08,89,15,2,47,normal_corr_dominates,2.40173891e+00,1.00000000e+00,2.50000037e+07,3.67346539e+00,-2.62064880e+00,6.29411419e+00,1.00007360e-09
12,3.17118632e-01,1.00488830e-08,89,16,0,48,normal_corr_dominates,2.22626232e+00,1.00000000e+00,2.50000043e+07,4.34652749e+00,-3.54453318e+00,7.89106067e+00,1.00005822e-09
12,3.17118632e-01,1.00488830e-08,89,16,1,49,normal_corr_dominates,4.84700233e+00,1.00000000e+00,2.49999793e+07,-2.07248937e+01,-3.54453318e+00,-1.71803606e+01,1.00002806e-09
12,3.17118632e-01,1.00488830e-08,89,16,1,49,corr_ratio_high,1.79005387e+00,5.00000000e-01,2.49999793e+07,-2.07248937e+01,-3.54453318e+00,-1.71803606e+01,1.00002806e-09
12,3.17118632e-01,1.00488830e-08,89,16,2,50,normal_corr_dominates,2.14369263e+00,1.00000000e+00,2.50000041e+07,4.05385648e+00,-3.54453318e+00,7.59838966e+00,1.00010946e-09
12,3.17118632e-01,1.00488830e-08,89,16,2,50,corr_ratio_high,5.58506466e-01,5.00000000e-01,2.50000041e+07,4.05385648e+00,-3.54453318e+00,7.59838966e+00,1.00010946e-09
12,3.17118632e-01,1.00488830e-08,89,17,1,52,normal_corr_dominates,1.66460814e+00,1.00000000e+00,2.49999927e+07,-7.32910020e+00,-2.75053584e+00,-4.57856435e+00,1.00003221e-09
12,3.17118632e-01,1.00488830e-08,89,17,1,52,corr_ratio_high,1.50556625e+00,5.00000000e-01,2.49999927e+07,-7.32910020e+00,-2.75053584e+00,-4.57856435e+00,1.00003221e-09
12,3.17118632e-01,1.00488830e-08,89,18,0,54,normal_corr_dominates,5.63950625e+00,1.00000000e+00,2.50000062e+07,6.19785395e+00,-1.33588654e+00,7.53374049e+00,1.00003563e-09
12,3.17118632e-01,1.00488830e-08,89,18,0,54,corr_ratio_high,6.17997176e-01,5.00000000e-01,2.50000062e+07,6.19785395e+00,-1.33588654e+00,7.53374049e+00,1.00003563e-09
12,3.17118632e-01,1.00488830e-08,89,18,1,55,normal_corr_dominates,7.14114387e+00,1.00000000e+00,2.49999891e+07,-1.08756445e+01,-1.33588654e+00,-9.53975796e+00,1.00004550e-09
12,3.17118632e-01,1.00488830e-08,89,19,0,57,normal_corr_dominates,3.40214428e+01,1.00000000e+00,2.49999947e+07,-5.31429614e+00,-1.51744066e-01,-5.16255207e+00,1.00010864e-09
12,3.17118632e-01,1.00488830e-08,89,19,0,57,corr_ratio_high,5.00668662e-01,5.00000000e-01,2.49999947e+07,-5.31429614e+00,-1.51744066e-01,-5.16255207e+00,1.00010864e-09
12,3.17118632e-01,1.00488830e-08,89,19,1,58,normal_corr_dominates,6.61442258e+01,1.00000000e+00,2.49999898e+07,-1.01887378e+01,-1.51744066e-01,-1.00369938e+01,1.00002973e-09
12,3.17118632e-01,1.00488830e-08,89,19,1,58,corr_ratio_high,1.58345132e+00,5.00000000e-01,2.49999898e+07,-1.01887378e+01,-1.51744066e-01,-1.00369938e+01,1.00002973e-09
12,3.17118632e-01,1.00488830e-08,89,19,2,59,normal_corr_dominates,9.67034841e+00,1.00000000e+00,2.50000013e+07,1.31567392e+00,-1.51744066e-01,1.46741799e+00,1.00004387e-09
12,3.17118632e-01,1.00488830e-08,89,20,0,60,corr_ratio_high,3.25072381e+00,5.00000000e-01,2.49999975e+07,-2.45396347e+00,-1.25913608e+00,-1.19482738e+00,1.00000905e-09
12,3.17118632e-01,1.00488830e-08,89,20,1,61,normal_corr_dominates,7.43989427e+00,1.00000000e+00,2.50000081e+07,8.10870325e+00,-1.25913608e+00,9.36783934e+00,1.00009378e-09
12,3.17118632e-01,1.00488830e-08,89,20,2,62,normal_corr_dominates,2.55297494e+00,1.00000000e+00,2.50000020e+07,1.95540678e+00,-1.25913608e+00,3.21454287e+00,1.00008695e-09
12,3.17118632e-01,1.00488830e-08,89,22,0,66,normal_corr_dominates,2.67101211e+00,1.00000000e+00,2.50000036e+07,3.61795718e+00,-2.16512924e+00,5.78308641e+00,1.00007807e-09
12,3.17118632e-01,1.00488830e-08,89,22,2,68,normal_corr_dominates,8.04599706e+00,1.00000000e+00,2.49999804e+07,-1.95857527e+01,-2.16512924e+00,-1.74206235e+01,1.00006204e-09
12,3.17118632e-01,1.00488830e-08,89,23,0,69,normal_corr_dominates,1.24185675e+00,1.00000000e+00,2.49999896e+07,-1.03672126e+01,-4.62438672e+00,-5.74282587e+00,1.00007568e-09
12,3.17118632e-01,1.00488830e-08,89,23,1,70,normal_corr_dominates,2.05913181e+00,1.00000000e+00,2.50000049e+07,4.89783509e+00,-4.62438672e+00,9.52222180e+00,1.00004457e-09
12,3.17118632e-01,1.00488830e-08,89,24,0,72,normal_corr_dominates,1.74011810e+01,1.00000000e+00,2.50000094e+07,9.37451950e+00,-5.71575882e-01,9.94609538e+00,1.00005600e-09
12,3.17118632e-01,1.00488830e-08,89,24,1,73,normal_corr_dominates,1.24753345e+01,1.00000000e+00,2.50000066e+07,6.55902445e+00,-5.71575882e-01,7.13060033e+00,1.00006912e-09
12,3.17118632e-01,1.00488830e-08,89,24,2,74,normal_corr_dominates,2.34884017e+01,1.00000000e+00,2.49999860e+07,-1.39969798e+01,-5.71575882e-01,-1.34254039e+01,1.00006587e-09
12,3.17118632e-01,1.00488830e-08,89,27,1,82,normal_corr_dominates,2.30732672e+00,1.00000000e+00,2.50000073e+07,7.28595142e+00,-5.57316798e+00,1.28591194e+01,1.00007035e-09
12,3.17118632e-01,1.00488830e-08,89,28,0,84,normal_corr_dominates,1.01068449e+01,1.00000000e+00,2.49999819e+07,-1.80675960e+01,-1.62670824e+00,-1.64408878e+01,1.00006983e-09
12,3.17118632e-01,1.00488830e-08,89,28,1,85,normal_corr_dominates,6.57158329e+00,1.00000000e+00,2.50000091e+07,9.06334043e+00,-1.62670824e+00,1.06900487e+01,1.00006317e-09
12,3.17118632e-01,1.00488830e-08,89,28,2,86,normal_corr_dominates,8.75426712e+00,1.00000000e+00,2.49999841e+07,-1.58673467e+01,-1.62670824e+00,-1.42406384e+01,1.00007313e-09
12,3.17118632e-01,1.00488830e-08,89,30,0,90,normal_corr_dominates,1.65307509e+01,1.00000000e+00,2.49999937e+07,-6.28141362e+00,4.04450091e-01,-6.68586371e+00,1.00007627e-09
12,3.17118632e-01,1.00488830e-08,89,30,1,91,normal_corr_dominates,1.51977028e+01,1.00000000e+00,2.50000066e+07,6.55116237e+00,4.04450091e-01,6.14671228e+00,1.00005957e-09
12,3.17118632e-01,1.00488830e-08,89,30,2,92,normal_corr_dominates,3.10030185e+01,1.00000000e+00,2.49999879e+07,-1.21347235e+01,4.04450091e-01,-1.25391736e+01,1.00006266e-09
12,3.17118632e-01,1.00488830e-08,89,9,0,27,normal_corr_dominates,2.58476837e+00,1.00000000e+00,2.50000052e+07,5.22070438e+00,-3.29430122e+00,8.51500560e+00,1.00005982e-09
12,3.17118632e-01,1.00488830e-08,89,9,1,28,normal_corr_dominates,2.67218730e+00,1.00000000e+00,2.49999879e+07,-1.20972911e+01,-3.29430122e+00,-8.80298987e+00,1.00007668e-09
12,3.17118632e-01,1.00488830e-08,89,9,2,29,normal_corr_dominates,4.26940372e+00,1.00000000e+00,2.50000108e+07,1.07704007e+01,-3.29430122e+00,1.40647019e+01,1.00006706e-09
12,3.17118632e-01,1.00488830e-08,89,8,0,24,normal_corr_dominates,1.47071427e+00,1.00000000e+00,2.49999927e+07,-7.26338208e+00,-2.93979040e+00,-4.32359168e+00,1.00008362e-09
12,3.17118632e-01,1.00488830e-08,89,8,2,26,normal_corr_dominates,2.16472087e+00,1.00000000e+00,2.50000034e+07,3.42403524e+00,-2.93979040e+00,6.36382564e+00,1.00004872e-09
12,3.17118632e-01,1.00488830e-08,89,8,2,26,corr_ratio_high,5.89166815e-01,5.00000000e-01,2.50000034e+07,3.42403524e+00,-2.93979040e+00,6.36382564e+00,1.00004872e-09
13,3.43545307e-01,1.08862939e-08,89,0,0,0,normal_corr_dominates,4.21787326e+00,1.00000000e+00,2.49999610e+07,-3.90254254e+01,-7.47918230e+00,-3.15462431e+01,1.00011758e-09
13,3.43545307e-01,1.08862939e-08,89,0,1,1,normal_corr_dominates,2.31384088e+00,1.00000000e+00,2.50000098e+07,9.82645544e+00,-7.47918230e+00,1.73056377e+01,1.00005216e-09
13,3.43545307e-01,1.08862939e-08,89,0,1,1,corr_ratio_high,5.22457997e-01,5.00000000e-01,2.50000098e+07,9.82645544e+00,-7.47918230e+00,1.73056377e+01,1.00005216e-09
13,3.43545307e-01,1.08862939e-08,89,0,2,2,normal_corr_dominates,3.50438287e+00,1.00000000e+00,2.50000187e+07,1.87307360e+01,-7.47918230e+00,2.62099183e+01,1.00005461e-09
13,3.43545307e-01,1.08862939e-08,89,1,0,3,normal_corr_dominates,2.82998336e+00,1.00000000e+00,2.49999840e+07,-1.60277553e+01,-4.18481068e+00,-1.18429446e+01,1.00009366e-09
13,3.43545307e-01,1.08862939e-08,89,1,1,4,normal_corr_dominates,1.89731388e+00,1.00000000e+00,2.50000038e+07,3.75508870e+00,-4.18481068e+00,7.93989939e+00,1.00004892e-09
13,3.43545307e-01,1.08862939e-08,89,1,1,4,corr_ratio_high,6.38540496e-01,5.00000000e-01,2.50000038e+07,3.75508870e+00,-4.18481068e+00,7.93989939e+00,1.00004892e-09
13,3.43545307e-01,1.08862939e-08,89,1,2,5,normal_corr_dominates,4.43919130e+00,1.00000000e+00,2.50000144e+07,1.43923645e+01,-4.18481068e+00,1.85771752e+01,1.00007701e-09
13,3.43545307e-01,1.08862939e-08,89,2,0,6,normal_corr_dominates,2.74642661e+00,1.00000000e+00,2.49999925e+07,-7.53008006e+00,-2.00993662e+00,-5.52014343e+00,1.00006470e-09
13,3.43545307e-01,1.08862939e-08,89,2,1,7,normal_corr_dominates,5.17079826e+00,1.00000000e+00,2.50000084e+07,8.38304017e+00,-2.00993662e+00,1.03929768e+01,1.00004356e-09
13,3.43545307e-01,1.08862939e-08,89,3,0,9,normal_corr_dominates,7.46618468e+00,1.00000000e+00,2.50000108e+07,1.07727824e+01,-1.66601836e+00,1.24388008e+01,1.00007965e-09
13,3.43545307e-01,1.08862939e-08,89,3,2,11,normal_corr_dominates,3.22030526e+00,1.00000000e+00,2.50000037e+07,3.69906932e+00,-1.66601836e+00,5.36508768e+00,1.00008152e-09
13,3.43545307e-01,1.08862939e-08,89,4,0,12,normal_corr_dominates,2.62800047e+00,1.00000000e+00,2.50000052e+07,5.21349913e+00,-3.20239411e+00,8.41589324e+00,1.00002381e-09
13,3.43545307e-01,1.08862939e-08,89,4,0,12,corr_ratio_high,1.49762116e+00,5.00000000e-01,2.50000052e+07,5.21349913e+00,-3.20239411e+00,8.41589324e+00,1.00002381e-09
13,3.43545307e-01,1.08862939e-08,89,4,2,14,normal_corr_dominates,2.13721909e+00,1.00000000e+00,2.49999900e+07,-1.00466120e+01,-3.20239411e+00,-6.84421784e+00,1.00012765e-09
13,3.43545307e-01,1.08862939e-08,89,4,2,14,corr_ratio_high,5.78002489e-01,5.00000000e-01,2.49999900e+07,-1.00466120e+01,-3.20239411e+00,-6.84421784e+00,1.00012765e-09
13,3.43545307e-01,1.08862939e-08,89,5,0,15,normal_corr_dominates,6.14347601e+00,1.00000000e+00,2.49999897e+07,-1.02856172e+01,-1.43986165e+00,-8.84575551e+00,1.00004491e-09
13,3.43545307e-01,1.08862939e-08,89,5,0,15,corr_ratio_high,8.43396435e-01,5.00000000e-01,2.49999897e+07,-1.02856172e+01,-1.43986165e+00,-8.84575551e+00,1.00004491e-09
13,3.43545307e-01,1.08862939e-08,89,5,1,16,normal_corr_dominates,5.95085013e+00,1.00000000e+00,2.49999900e+07,-1.00082625e+01,-1.43986165e+00,-8.56840088e+00,1.00007969e-09
13,3.43545307e-01,1.08862939e-08,89,5,2,17,normal_corr_dominates,9.09013664e+00,1.00000000e+00,2.50000116e+07,1.16486775e+01,-1.43986165e+00,1.30885391e+01,1.00004826e-09
13,3.43545307e-01,1.08862939e-08,89,6,0,18,normal_corr_dominates,1.20072787e+01,1.00000000e+00,2.49999985e+07,-1.45303415e+00,1.32006665e-01,-1.58504082e+00,1.00005720e-09
13,3.43545307e-01,1.08862939e-08,89,6,1,19,normal_corr_dominates,1.25944353e+01,1.00000000e+00,2.50000018e+07,1.79455606e+00,1.32006665e-01,1.66254940e+00,1.00005366e-09
13,3.43545307e-01,1.08862939e-08,89,6,2,20,normal_corr_dominates,2.23817187e+00,1.00000000e+00,2.50000004e+07,4.27460268e-01,1.32006665e-01,2.95453603e-01,1.00008083e-09
13,3.43545307e-01,1.08862939e-08,89,12,1,37,corr_ratio_high,1.46047542e+00,5.00000000e-01,2.49999993e+07,-6.61766184e-01,-3.21632990e+00,2.55456372e+00,1.00002840e-09
13,3.43545307e-01,1.08862939e-08,89,12,2,38,normal_corr_dominates,4.16350537e+00,1.00000000e+00,2.50000102e+07,1.01748769e+01,-3.21632990e+00,1.33912068e+01,1.00008576e-09
13,3.43545307e-01,1.08862939e-08,89,13,0,39,normal_corr_dominates,1.47438222e+01,1.00000000e+00,2.49999910e+07,-9.01665510e+00,-5.72710680e-01,-8.44394442e+00,1.00003683e-09
13,3.43545307e-01,1.08862939e-08,89,13,0,39,corr_ratio_high,1.25651403e+00,5.00000000e-01,2.49999910e+07,-9.01665510e+00,-5.72710680e-01,-8.44394442e+00,1.00003683e-09
13,3.43545307e-01,1.08862939e-08,89,13,1,40,normal_corr_dominates,2.89715073e+01,1.00000000e+00,2.49999828e+07,-1.71650023e+01,-5.72710680e-01,-1.65922916e+01,1.00002885e-09
13,3.43545307e-01,1.08862939e-08,89,13,1,40,corr_ratio_high,2.14062744e+00,5.00000000e-01,2.49999828e+07,-1.71650023e+01,-5.72710680e-01,-1.65922916e+01,1.00002885e-09
13,3.43545307e-01,1.08862939e-08,89,13,2,41,normal_corr_dominates,2.85782929e+01,1.00000000e+00,2.50000158e+07,1.57943829e+01,-5.72710680e-01,1.63670936e+01,1.00012788e-09
13,3.43545307e-01,1.08862939e-08,89,13,2,41,corr_ratio_high,5.79033172e-01,5.00000000e-01,2.50000158e+07,1.57943829e+01,-5.72710680e-01,1.63670936e+01,1.00012788e-09
13,3.43545307e-01,1.08862939e-08,89,14,0,42,normal_corr_dominates,4.63400393e+00,1.00000000e+00,2.50000221e+07,2.20980091e+01,-6.08089849e+00,2.81789075e+01,1.00009455e-09
13,3.43545307e-01,1.08862939e-08,89,14,1,43,normal_corr_dominates,4.56688116e+00,1.00000000e+00,2.49999661e+07,-3.38516393e+01,-6.08089849e+00,-2.77707408e+01,1.00006863e-09
13,3.43545307e-01,1.08862939e-08,89,14,1,43,corr_ratio_high,7.87605754e-01,5.00000000e-01,2.49999661e+07,-3.38516393e+01,-6.08089849e+00,-2.77707408e+01,1.00006863e-09
13,3.43545307e-01,1.08862939e-08,89,14,2,44,normal_corr_dominates,3.49494550e+00,1.00000000e+00,2.49999727e+07,-2.73333073e+01,-6.08089849e+00,-2.12524088e+01,1.00006820e-09
13,3.43545307e-01,1.08862939e-08,89,15,0,45,normal_corr_dominates,4.27647050e+00,1.00000000e+00,2.49999851e+07,-1.49145891e+01,-2.82662228e+00,-1.20879668e+01,1.00004614e-09
13,3.43545307e-01,1.08862939e-08,89,15,0,45,corr_ratio_high,8.64087611e-01,5.00000000e-01,2.49999851e+07,-1.49145891e+01,-2.82662228e+00,-1.20879668e+01,1.00004614e-09
13,3.43545307e-01,1.08862939e-08,89,15,1,46,normal_corr_dominates,4.43856445e+00,1.00000000e+00,2.50000097e+07,9.71952290e+00,-2.82662228e+00,1.25461452e+01,1.00005345e-09
13,3.43545307e-01,1.08862939e-08,89,15,2,47,normal_corr_dominates,2.40418471e+00,1.00000000e+00,2.50000040e+07,3.96909978e+00,-2.82662228e+00,6.79572206e+00,1.00007941e-09
13,3.43545307e-01,1.08862939e-08,89,16,0,48,normal_corr_dominates,2.22758071e+00,1.00000000e+00,2.50000047e+07,4.69672106e+00,-3.82599777e+00,8.52271883e+00,1.00006281e-09
13,3.43545307e-01,1.08862939e-08,89,16,1,49,normal_corr_dominates,4.84548014e+00,1.00000000e+00,2.49999776e+07,-2.23647940e+01,-3.82599777e+00,-1.85387962e+01,1.00003028e-09
13,3.43545307e-01,1.08862939e-08,89,16,1,49,corr_ratio_high,1.78989386e+00,5.00000000e-01,2.49999776e+07,-2.23647940e+01,-3.82599777e+00,-1.85387962e+01,1.00003028e-09
13,3.43545307e-01,1.08862939e-08,89,16,2,50,normal_corr_dominates,2.14143858e+00,1.00000000e+00,2.50000044e+07,4.36714147e+00,-3.82599777e+00,8.19313924e+00,1.00011814e-09
13,3.43545307e-01,1.08862939e-08,89,16,2,50,corr_ratio_high,5.58523456e-01,5.00000000e-01,2.50000044e+07,4.36714147e+00,-3.82599777e+00,8.19313924e+00,1.00011814e-09
13,3.43545307e-01,1.08862939e-08,89,17,1,52,normal_corr_dominates,1.66435551e+00,1.00000000e+00,2.49999921e+07,-7.90958081e+00,-2.96866570e+00,-4.94091511e+00,1.00003477e-09
13,3.43545307e-01,1.08862939e-08,89,17,1,52,corr_ratio_high,1.50515805e+00,5.00000000e-01,2.49999921e+07,-7.90958081e+00,-2.96866570e+00,-4.94091511e+00,1.00003477e-09
13,3.43545307e-01,1.08862939e-08,89,18,0,54,normal_corr_dominates,5.63979695e+00,1.00000000e+00,2.50000067e+07,6.68883541e+00,-1.44162244e+00,8.13045785e+00,1.00003845e-09
13,3.43545307e-01,1.08862939e-08,89,18,0,54,corr_ratio_high,6.17971704e-01,5.00000000e-01,2.50000067e+07,6.68883541e+00,-1.44162244e+00,8.13045785e+00,1.00003845e-09
13,3.43545307e-01,1.08862939e-08,89,18,1,55,normal_corr_dominates,7.14155428e+00,1.00000000e+00,2.49999883e+07,-1.17370474e+01,-1.44162244e+00,-1.02954249e+01,1.00004911e-09
13,3.43545307e-01,1.08862939e-08,89,19,0,57,normal_corr_dominates,3.40569163e+01,1.00000000e+00,2.49999943e+07,-5.73528319e+00,-1.63599192e-01,-5.57168400e+00,1.00011724e-09
13,3.43545307e-01,1.08862939e-08,89,19,0,57,corr_ratio_high,5.00677743e-01,5.00000000e-01,2.49999943e+07,-5.73528319e+00,-1.63599192e-01,-5.57168400e+00,1.00011724e-09
13,3.43545307e-01,1.08862939e-08,89,19,1,58,normal_corr_dominates,6.62072500e+01,1.00000000e+00,2.49999890e+07,-1.09950518e+01,-1.63599192e-01,-1.08314526e+01,1.00003209e-09
13,3.43545307e-01,1.08862939e-08,89,19,1,58,corr_ratio_high,1.58298634e+00,5.00000000e-01,2.49999890e+07,-1.09950518e+01,-1.63599192e-01,-1.08314526e+01,1.00003209e-09
13,3.43545307e-01,1.08862939e-08,89,19,2,59,normal_corr_dominates,9.68221270e+00,1.00000000e+00,2.50000014e+07,1.42040298e+00,-1.63599192e-01,1.58400218e+00,1.00004735e-09
13,3.43545307e-01,1.08862939e-08,89,20,0,60,corr_ratio_high,3.24986113e+00,5.00000000e-01,2.49999974e+07,-2.64917880e+00,-1.35991246e+00,-1.28926634e+00,1.00000977e-09
13,3.43545307e-01,1.08862939e-08,89,20,1,61,normal_corr_dominates,7.43339519e+00,1.00000000e+00,2.50000087e+07,8.74885425e+00,-1.35991246e+00,1.01087667e+01,1.00010120e-09
13,3.43545307e-01,1.08862939e-08,89,20,2,62,normal_corr_dominates,2.55085673e+00,1.00000000e+00,2.50000021e+07,2.10902938e+00,-1.35991246e+00,3.46894183e+00,1.00009384e-09
13,3.43545307e-01,1.08862939e-08,89,22,0,66,normal_corr_dominates,2.67065502e+00,1.00000000e+00,2.50000039e+07,3.90429958e+00,-2.33698730e+00,6.24128688e+00,1.00008426e-09
13,3.43545307e-01,1.08862939e-08,89,22,2,68,normal_corr_dominates,8.04664089e+00,1.00000000e+00,2.49999789e+07,-2.11418849e+01,-2.33698730e+00,-1.88048976e+01,1.00006696e-09
13,3.43545307e-01,1.08862939e-08,89,23,0,69,normal_corr_dominates,1.24237168e+00,1.00000000e+00,2.49999888e+07,-1.11882400e+01,-4.98946721e+00,-6.19877278e+00,1.00008167e-09
13,3.43545307e-01,1.08862939e-08,89,23,1,70,normal_corr_dominates,2.05937584e+00,1.00000000e+00,2.50000053e+07,5.28572103e+00,-4.98946721e+00,1.02751882e+01,1.00004811e-09
13,3.43545307e-01,1.08862939e-08,89,24,0,72,normal_corr_dominates,1.74433223e+01,1.00000000e+00,2.50000101e+07,1.01200931e+01,-6.15453064e-01,1.07355461e+01,1.00006042e-09
13,3.43545307e-01,1.08862939e-08,89,24,1,73,normal_corr_dominates,1.25086016e+01,1.00000000e+00,2.50000071e+07,7.08300412e+00,-6.15453064e-01,7.69845719e+00,1.00007459e-09
13,3.43545307e-01,1.08862939e-08,89,24,2,74,normal_corr_dominates,2.35518649e+01,1.00000000e+00,2.49999849e+07,-1.51105205e+01,-6.15453064e-01,-1.44950674e+01,1.00007109e-09
13,3.43545307e-01,1.08862939e-08,89,27,1,82,normal_corr_dominates,2.30697997e+00,1.00000000e+00,2.50000079e+07,7.86197024e+00,-6.01537163e+00,1.38773419e+01,1.00007593e-09
13,3.43545307e-01,1.08862939e-08,89,28,0,84,normal_corr_dominates,1.01193571e+01,1.00000000e+00,2.49999805e+07,-1.94967263e+01,-1.75340410e+00,-1.77433222e+01,1.00007535e-09
13,3.43545307e-01,1.08862939e-08,89,28,1,85,normal_corr_dominates,6.58053702e+00,1.00000000e+00,2.50000098e+07,9.78493650e+00,-1.75340410e+00,1.15383406e+01,1.00006817e-09
13,3.43545307e-01,1.08862939e-08,89,28,2,86,normal_corr_dominates,8.77039126e+00,1.00000000e+00,2.49999829e+07,-1.71314441e+01,-1.75340410e+00,-1.53780400e+01,1.00007894e-09
13,3.43545307e-01,1.08862939e-08,89,30,0,90,normal_corr_dominates,1.64979303e+01,1.00000000e+00,2.49999932e+07,-6.77880951e+00,4.37400956e-01,-7.21621046e+00,1.00008230e-09
13,3.43545307e-01,1.08862939e-08,89,30,1,91,normal_corr_dominates,1.51726824e+01,1.00000000e+00,2.50000071e+07,7.07394673e+00,4.37400956e-01,6.63654577e+00,1.00006428e-09
13,3.43545307e-01,1.08862939e-08,89,30,2,92,normal_corr_dominates,3.09494492e+01,1.00000000e+00,2.49999869e+07,-1.30999177e+01,4.37400956e-01,-1.35373187e+01,1.00006763e-09
13,3.43545307e-01,1.08862939e-08,89,9,0,27,normal_corr_dominates,2.58320086e+00,1.00000000e+00,2.50000056e+07,5.62850170e+00,-3.55514062e+00,9.18364233e+00,1.00006456e-09
13,3.43545307e-01,1.08862939e-08,89,9,1,28,normal_corr_dominates,2.67119879e+00,1.00000000e+00,2.49999869e+07,-1.30516280e+01,-3.55514062e+00,-9.49648734e+00,1.00008273e-09
13,3.43545307e-01,1.08862939e-08,89,9,2,29,normal_corr_dominates,4.26968364e+00,1.00000000e+00,2.50000116e+07,1.16241851e+01,-3.55514062e+00,1.51793258e+01,1.00007237e-09
13,3.43545307e-01,1.08862939e-08,89,8,0,24,normal_corr_dominates,1.47089183e+00,1.00000000e+00,2.49999922e+07,-7.83761684e+00,-3.17197894e+00,-4.66563791e+00,1.00009023e-09
13,3.43545307e-01,1.08862939e-08,89,8,2,26,normal_corr_dominates,2.16557360e+00,1.00000000e+00,2.50000037e+07,3.69717491e+00,-3.17197894e+00,6.86915385e+00,1.00005258e-09
13,3.43545307e-01,1.08862939e-08,89,8,2,26,corr_ratio_high,5.89146960e-01,5.00000000e-01,2.50000037e+07,3.69717491e+00,-3.17197894e+00,6.86915385e+00,1.00005258e-09
14,3.70658749e-01,1.17454670e-08,89,0,0,0,normal_corr_dominates,4.21733985e+00,1.00000000e+00,2.49999581e+07,-4.19482431e+01,-8.04015922e+00,-3.39080839e+01,1.00012638e-09
14,3.70658749e-01,1.17454670e-08,89,0,1,1,normal_corr_dominates,2.31439983e+00,1.00000000e+00,2.50000106e+07,1.05679839e+01,-8.04015922e+00,1.86081431e+01,1.00005604e-09
14,3.70658749e-01,1.17454670e-08,89,0,1,1,corr_ratio_high,5.22634878e-01,5.00000000e-01,2.50000106e+07,1.05679839e+01,-8.04015922e+00,1.86081431e+01,1.00005604e-09
14,3.70658749e-01,1.17454670e-08,89,0,2,2,normal_corr_dominates,3.50382659e+00,1.00000000e+00,2.50000201e+07,2.01311645e+01,-8.04015922e+00,2.81713237e+01,1.00005871e-09
14,3.70658749e-01,1.17454670e-08,89,1,0,3,normal_corr_dominates,2.83000780e+00,1.00000000e+00,2.49999828e+07,-1.72260547e+01,-4.49765526e+00,-1.27283995e+01,1.00010067e-09
14,3.70658749e-01,1.17454670e-08,89,1,1,4,normal_corr_dominates,1.89784039e+00,1.00000000e+00,2.50000040e+07,4.03817654e+00,-4.49765526e+00,8.53583180e+00,1.00005258e-09
14,3.70658749e-01,1.17454670e-08,89,1,1,4,corr_ratio_high,6.38645701e-01,5.00000000e-01,2.50000040e+07,4.03817654e+00,-4.49765526e+00,8.53583180e+00,1.00005258e-09
14,3.70658749e-01,1.17454670e-08,89,1,2,5,normal_corr_dominates,4.43983269e+00,1.00000000e+00,2.50000155e+07,1.54711816e+01,-4.49765526e+00,1.99688369e+01,1.00008279e-09
14,3.70658749e-01,1.17454670e-08,89,2,0,6,normal_corr_dominates,2.74847973e+00,1.00000000e+00,2.49999919e+07,-8.09572035e+00,-2.15973433e+00,-5.93598602e+00,1.00006955e-09
14,3.70658749e-01,1.17454670e-08,89,2,1,7,normal_corr_dominates,5.17329215e+00,1.00000000e+00,2.50000090e+07,9.01320232e+00,-2.15973433e+00,1.11729367e+01,1.00004682e-09
14,3.70658749e-01,1.17454670e-08,89,3,0,9,normal_corr_dominates,7.46520174e+00,1.00000000e+00,2.50000116e+07,1.15757225e+01,-1.79046579e+00,1.33661883e+01,1.00008561e-09
14,3.70658749e-01,1.17454670e-08,89,3,2,11,normal_corr_dominates,3.22047231e+00,1.00000000e+00,2.50000040e+07,3.97567971e+00,-1.79046579e+00,5.76614550e+00,1.00008763e-09
14,3.70658749e-01,1.17454670e-08,89,4,0,12,normal_corr_dominates,2.62900052e+00,1.00000000e+00,2.50000056e+07,5.60645617e+00,-3.44165401e+00,9.04811018e+00,1.00002559e-09
14,3.70658749e-01,1.17454670e-08,89,4,0,12,corr_ratio_high,1.49784161e+00,5.00000000e-01,2.50000056e+07,5.60645617e+00,-3.44165401e+00,9.04811018e+00,1.00002559e-09
14,3.70658749e-01,1.17454670e-08,89,4,2,14,normal_corr_dominates,2.13879784e+00,1.00000000e+00,2.49999892e+07,-1.08026562e+01,-3.44165401e+00,-7.36100215e+00,1.00013721e-09
14,3.70658749e-01,1.17454670e-08,89,4,2,14,corr_ratio_high,5.78022195e-01,5.00000000e-01,2.49999892e+07,-1.08026562e+01,-3.44165401e+00,-7.36100215e+00,1.00013721e-09
14,3.70658749e-01,1.17454670e-08,89,5,0,15,normal_corr_dominates,6.14083344e+00,1.00000000e+00,2.49999889e+07,-1.10517458e+01,-1.54768289e+00,-9.50406287e+00,1.00004827e-09
14,3.70658749e-01,1.17454670e-08,89,5,0,15,corr_ratio_high,8.43486301e-01,5.00000000e-01,2.49999889e+07,-1.10517458e+01,-1.54768289e+00,-9.50406287e+00,1.00004827e-09
14,3.70658749e-01,1.17454670e-08,89,5,1,16,normal_corr_dominates,5.95533815e+00,1.00000000e+00,2.49999892e+07,-1.07646579e+01,-1.54768289e+00,-9.21697499e+00,1.00008566e-09
14,3.70658749e-01,1.17454670e-08,89,5,2,17,normal_corr_dominates,9.09055572e+00,1.00000000e+00,2.50000125e+07,1.25216147e+01,-1.54768289e+00,1.40692976e+01,1.00005187e-09
14,3.70658749e-01,1.17454670e-08,89,6,0,18,normal_corr_dominates,1.19541348e+01,1.00000000e+00,2.49999984e+07,-1.56201580e+00,1.42595999e-01,-1.70461180e+00,1.00006148e-09
14,3.70658749e-01,1.17454670e-08,89,6,1,19,normal_corr_dominates,1.25301977e+01,1.00000000e+00,2.50000019e+07,1.92935206e+00,1.42595999e-01,1.78675606e+00,1.00005768e-09
14,3.70658749e-01,1.17454670e-08,89,6,2,20,normal_corr_dominates,2.22527388e+00,1.00000000e+00,2.50000005e+07,4.59911152e-01,1.42595999e-01,3.17315153e-01,1.00008689e-09
14,3.70658749e-01,1.17454670e-08,89,12,1,37,corr_ratio_high,1.46047182e+00,5.00000000e-01,2.49999993e+07,-7.09793839e-01,-3.45615142e+00,2.74635758e+00,1.00003052e-09
14,3.70658749e-01,1.17454670e-08,89,12,2,38,normal_corr_dominates,4.16429814e+00,1.00000000e+00,2.50000109e+07,1.09362935e+01,-3.45615142e+00,1.43924449e+01,1.00009219e-09
14,3.70658749e-01,1.17454670e-08,89,13,0,39,normal_corr_dominates,1.47080035e+01,1.00000000e+00,2.49999903e+07,-9.69362586e+00,-6.17113806e-01,-9.07651205e+00,1.00003959e-09
14,3.70658749e-01,1.17454670e-08,89,13,0,39,corr_ratio_high,1.25613347e+00,5.00000000e-01,2.49999903e+07,-9.69362586e+00,-6.17113806e-01,-9.07651205e+00,1.00003959e-09
14,3.70658749e-01,1.17454670e-08,89,13,1,40,normal_corr_dominates,2.88974008e+01,1.00000000e+00,2.49999815e+07,-1.84500988e+01,-6.17113806e-01,-1.78329850e+01,1.00003101e-09
14,3.70658749e-01,1.17454670e-08,89,13,1,40,corr_ratio_high,2.14064508e+00,5.00000000e-01,2.49999815e+07,-1.84500988e+01,-6.17113806e-01,-1.78329850e+01,1.00003101e-09
14,3.70658749e-01,1.17454670e-08,89,13,2,41,normal_corr_dominates,2.85035089e+01,1.00000000e+00,2.50000170e+07,1.69727951e+01,-6.17113806e-01,1.75899089e+01,1.00013745e-09
14,3.70658749e-01,1.17454670e-08,89,13,2,41,corr_ratio_high,5.79033686e-01,5.00000000e-01,2.50000170e+07,1.69727951e+01,-6.17113806e-01,1.75899089e+01,1.00013745e-09
14,3.70658749e-01,1.17454670e-08,89,14,0,42,normal_corr_dominates,4.63633937e+00,1.00000000e+00,2.50000238e+07,2.37648308e+01,-6.53537210e+00,3.03002029e+01,1.00010160e-09
14,3.70658749e-01,1.17454670e-08,89,14,1,43,normal_corr_dominates,4.56780920e+00,1.00000000e+00,2.49999636e+07,-3.63877049e+01,-6.53537210e+00,-2.98523328e+01,1.00007376e-09
14,3.70658749e-01,1.17454670e-08,89,14,1,43,corr_ratio_high,7.87737535e-01,5.00000000e-01,2.49999636e+07,-3.63877049e+01,-6.53537210e+00,-2.98523328e+01,1.00007376e-09
14,3.70658749e-01,1.17454670e-08,89,14,2,44,normal_corr_dominates,3.49739382e+00,1.00000000e+00,2.49999706e+07,-2.93921421e+01,-6.53537210e+00,-2.28567700e+01,1.00007333e-09
14,3.70658749e-01,1.17454670e-08,89,15,0,45,normal_corr_dominates,4.27869238e+00,1.00000000e+00,2.49999840e+07,-1.60295819e+01,-3.03665770e+00,-1.29929242e+01,1.00004960e-09
14,3.70658749e-01,1.17454670e-08,89,15,0,45,corr_ratio_high,8.63953065e-01,5.00000000e-01,2.49999840e+07,-1.60295819e+01,-3.03665770e+00,-1.29929242e+01,1.00004960e-09
14,3.70658749e-01,1.17454670e-08,89,15,1,46,normal_corr_dominates,4.44080234e+00,1.00000000e+00,2.50000104e+07,1.04485389e+01,-3.03665770e+00,1.34851966e+01,1.00005745e-09
14,3.70658749e-01,1.17454670e-08,89,15,2,47,normal_corr_dominates,2.40650989e+00,1.00000000e+00,2.50000043e+07,4.27108909e+00,-3.03665770e+00,7.30774679e+00,1.00008535e-09
14,3.70658749e-01,1.17454670e-08,89,16,0,48,normal_corr_dominates,2.22887595e+00,1.00000000e+00,2.50000051e+07,5.05463442e+00,-4.11321781e+00,9.16785223e+00,1.00006750e-09
14,3.70658749e-01,1.17454670e-08,89,16,1,49,normal_corr_dominates,4.84404750e+00,1.00000000e+00,2.49999760e+07,-2.40378402e+01,-4.11321781e+00,-1.99246224e+01,1.00003255e-09
14,3.70658749e-01,1.17454670e-08,89,16,1,49,corr_ratio_high,1.78972983e+00,5.00000000e-01,2.49999760e+07,-2.40378402e+01,-4.11321781e+00,-1.99246224e+01,1.00003255e-09
14,3.70658749e-01,1.17454670e-08,89,16,2,50,normal_corr_dominates,2.13926943e+00,1.00000000e+00,2.50000047e+07,4.68606330e+00,-4.11321781e+00,8.79928111e+00,1.00012700e-09
14,3.70658749e-01,1.17454670e-08,89,16,2,50,corr_ratio_high,5.58541011e-01,5.00000000e-01,2.50000047e+07,4.68606330e+00,-4.11321781e+00,8.79928111e+00,1.00012700e-09
14,3.70658749e-01,1.17454670e-08,89,17,1,52,normal_corr_dominates,1.66409178e+00,1.00000000e+00,2.49999915e+07,-8.50176521e+00,-3.19124336e+00,-5.31052185e+00,1.00003738e-09
14,3.70658749e-01,1.17454670e-08,89,17,1,52,corr_ratio_high,1.50474241e+00,5.00000000e-01,2.49999915e+07,-8.50176521e+00,-3.19124336e+00,-5.31052185e+00,1.00003738e-09
14,3.70658749e-01,1.17454670e-08,89,18,0,54,normal_corr_dominates,5.64003318e+00,1.00000000e+00,2.50000072e+07,7.18970233e+00,-1.54949373e+00,8.73919606e+00,1.00004133e-09
14,3.70658749e-01,1.17454670e-08,89,18,0,54,corr_ratio_high,6.17943632e-01,5.00000000e-01,2.50000072e+07,7.18970233e+00,-1.54949373e+00,8.73919606e+00,1.00004133e-09
14,3.70658749e-01,1.17454670e-08,89,18,1,55,normal_corr_dominates,7.14197955e+00,1.00000000e+00,2.49999874e+07,-1.26159463e+01,-1.54949373e+00,-1.10664525e+01,1.00005279e-09
14,3.70658749e-01,1.17454670e-08,89,19,0,57,normal_corr_dominates,3.40945458e+01,1.00000000e+00,2.49999938e+07,-6.16487986e+00,-1.75664900e-01,-5.98921496e+00,1.00012601e-09
14,3.70658749e-01,1.17454670e-08,89,19,0,57,corr_ratio_high,5.00684728e-01,5.00000000e-01,2.49999938e+07,-6.16487986e+00,-1.75664900e-01,-5.98921496e+00,1.00012601e-09
14,3.70658749e-01,1.17454670e-08,89,19,1,58,normal_corr_dominates,6.62737498e+01,1.00000000e+00,2.49999882e+07,-1.18176365e+01,-1.75664900e-01,-1.16419716e+01,1.00003450e-09
14,3.70658749e-01,1.17454670e-08,89,19,1,58,corr_ratio_high,1.58251554e+00,5.00000000e-01,2.49999882e+07,-1.18176365e+01,-1.75664900e-01,-1.16419716e+01,1.00003450e-09
14,3.70658749e-01,1.17454670e-08,89,19,2,59,normal_corr_dominates,9.69488802e+00,1.00000000e+00,2.50000015e+07,1.52738663e+00,-1.75664900e-01,1.70305153e+00,1.00005089e-09
14,3.70658749e-01,1.17454670e-08,89,20,0,60,corr_ratio_high,3.24899469e+00,5.00000000e-01,2.49999972e+07,-2.84850554e+00,-1.46280797e+00,-1.38569757e+00,1.00001051e-09
14,3.70658749e-01,1.17454670e-08,89,20,1,61,normal_corr_dominates,7.42727829e+00,1.00000000e+00,2.50000094e+07,9.40187391e+00,-1.46280797e+00,1.08646819e+01,1.00010878e-09
14,3.70658749e-01,1.17454670e-08,89,20,2,62,normal_corr_dominates,2.54888524e+00,1.00000000e+00,2.50000023e+07,2.26572168e+00,-1.46280797e+00,3.72852965e+00,1.00010087e-09
14,3.70658749e-01,1.17454670e-08,89,22,0,66,normal_corr_dominates,2.67027789e+00,1.00000000e+00,2.50000042e+07,4.19639019e+00,-2.51239043e+00,6.70878062e+00,1.00009057e-09
14,3.70658749e-01,1.17454670e-08,89,22,2,68,normal_corr_dominates,8.04718003e+00,1.00000000e+00,2.49999773e+07,-2.27300485e+01,-2.51239043e+00,-2.02176581e+01,1.00007198e-09
14,3.70658749e-01,1.17454670e-08,89,23,0,69,normal_corr_dominates,1.24285886e+00,1.00000000e+00,2.49999880e+07,-1.20259168e+01,-5.36186965e+00,-6.66404718e+00,1.00008778e-09
14,3.70658749e-01,1.17454670e-08,89,23,1,70,normal_corr_dominates,2.05960042e+00,1.00000000e+00,2.50000057e+07,5.68143930e+00,-5.36186965e+00,1.10433089e+01,1.00005171e-09
14,3.70658749e-01,1.17454670e-08,89,24,0,72,normal_corr_dominates,1.74837341e+01,1.00000000e+00,2.50000109e+07,1.08810087e+01,-6.60105814e-01,1.15411145e+01,1.00006493e-09
14,3.70658749e-01,1.17454670e-08,89,24,1,73,normal_corr_dominates,1.25406009e+01,1.00000000e+00,2.50000076e+07,7.61801773e+00,-6.60105814e-01,8.27812355e+00,1.00008017e-09
14,3.70658749e-01,1.17454670e-08,89,24,2,74,normal_corr_dominates,2.36129253e+01,1.00000000e+00,2.49999838e+07,-1.62471351e+01,-6.60105814e-01,-1.55870293e+01,1.00007642e-09
14,3.70658749e-01,1.17454670e-08,89,27,1,82,normal_corr_dominates,2.30664937e+00,1.00000000e+00,2.50000084e+07,8.44961036e+00,-6.46662416e+00,1.49162345e+01,1.00008162e-09
14,3.70658749e-01,1.17454670e-08,89,28,0,84,normal_corr_dominates,1.01313931e+01,1.00000000e+00,2.49999790e+07,-2.09546625e+01,-1.88248339e+00,-1.90721791e+01,1.00008099e-09
14,3.70658749e-01,1.17454670e-08,89,28,1,85,normal_corr_dominates,6.58914713e+00,1.00000000e+00,2.50000105e+07,1.05214766e+01,-1.88248339e+00,1.24039600e+01,1.00007326e-09
14,3.70658749e-01,1.17454670e-08,89,28,2,86,normal_corr_dominates,8.78596066e+00,1.00000000e+00,2.49999816e+07,-1.84219084e+01,-1.88248339e+00,-1.65394250e+01,1.00008486e-09
14,3.70658749e-01,1.17454670e-08,89,30,0,90,normal_corr_dominates,1.64669641e+01,1.00000000e+00,2.49999927e+07,-7.28628318e+00,4.71086838e-01,-7.75737002e+00,1.00008847e-09
14,3.70658749e-01,1.17454670e-08,89,30,1,91,normal_corr_dominates,1.51491992e+01,1.00000000e+00,2.50000076e+07,7.60767519e+00,4.71086838e-01,7.13658835e+00,1.00006909e-09
14,3.70658749e-01,1.17454670e-08,89,30,2,92,normal_corr_dominates,3.08991512e+01,1.00000000e+00,2.49999859e+07,-1.40850966e+01,4.71086838e-01,-1.45561834e+01,1.00007269e-09
14,3.70658749e-01,1.17454670e-08,89,9,0,27,normal_corr_dominates,2.58165090e+00,1.00000000e+00,2.50000060e+07,6.04394011e+00,-3.82128579e+00,9.86522590e+00,1.00006940e-09
14,3.70658749e-01,1.17454670e-08,89,9,1,28,normal_corr_dominates,2.67021880e+00,1.00000000e+00,2.49999860e+07,-1.40249549e+01,-3.82128579e+00,-1.02036691e+01,1.00008891e-09
14,3.70658749e-01,1.17454670e-08,89,9,2,29,normal_corr_dominates,4.26993846e+00,1.00000000e+00,2.50000125e+07,1.24953694e+01,-3.82128579e+00,1.63166552e+01,1.00007779e-09
14,3.70658749e-01,1.17454670e-08,89,8,0,24,normal_corr_dominates,1.47105953e+00,1.00000000e+00,2.49999916e+07,-8.42344997e+00,-3.40884138e+00,-5.01460859e+00,1.00009699e-09
14,3.70658749e-01,1.17454670e-08,89,8,2,26,normal_corr_dominates,2.16639830e+00,1.00000000e+00,2.50000040e+07,3.97606678e+00,-3.40884138e+00,7.38490816e+00,1.00005652e-09
14,3.70658749e-01,1.17454670e-08,89,8,2,26,corr_ratio_high,5.89123990e-01,5.00000000e-01,2.50000040e+07,3.97606678e+00,-3.40884138e+00,7.38490816e+00,1.00005652e-09
15,3.96484186e-01,1.25638257e-08,89,0,0,0,normal_corr_dominates,4.21685473e+00,1.00000000e+00,2.49999553e+07,-4.47176795e+01,-8.57177013e+00,-3.61459094e+01,1.00013472e-09
15,3.96484186e-01,1.25638257e-08,89,0,1,1,normal_corr_dominates,2.31490489e+00,1.00000000e+00,2.50000113e+07,1.12710624e+01,-8.57177013e+00,1.98428326e+01,1.00005973e-09
15,3.96484186e-01,1.25638257e-08,89,0,1,1,corr_ratio_high,5.22800600e-01,5.00000000e-01,2.50000113e+07,1.12710624e+01,-8.57177013e+00,1.98428326e+01,1.00005973e-09
15,3.96484186e-01,1.25638257e-08,89,0,2,2,normal_corr_dominates,3.50332572e+00,1.00000000e+00,2.50000215e+07,2.14579327e+01,-8.57177013e+00,3.00297028e+01,1.00006260e-09
15,3.96484186e-01,1.25638257e-08,89,1,0,3,normal_corr_dominates,2.83001937e+00,1.00000000e+00,2.49999816e+07,-1.83613765e+01,-4.79406884e+00,-1.35673077e+01,1.00010730e-09
15,3.96484186e-01,1.25638257e-08,89,1,1,4,normal_corr_dominates,1.89831033e+00,1.00000000e+00,2.50000043e+07,4.30656158e+00,-4.79406884e+00,9.10063043e+00,1.00005604e-09
15,3.96484186e-01,1.25638257e-08,89,1,1,4,corr_ratio_high,6.38739295e-01,5.00000000e-01,2.50000043e+07,4.30656158e+00,-4.79406884e+00,9.10063043e+00,1.00005604e-09
15,3.96484186e-01,1.25638257e-08,89,1,2,5,normal_corr_dominates,4.44040096e+00,1.00000000e+00,2.50000165e+07,1.64935191e+01,-4.79406884e+00,2.12875879e+01,1.00008826e-09
15,3.96484186e-01,1.25638257e-08,89,2,0,6,normal_corr_dominates,2.75033902e+00,1.00000000e+00,2.49999914e+07,-8.63187952e+00,-2.30162646e+00,-6.33025306e+00,1.00007415e-09
15,3.96484186e-01,1.25638257e-08,89,2,1,7,normal_corr_dominates,5.17550964e+00,1.00000000e+00,2.50000096e+07,9.61046346e+00,-2.30162646e+00,1.19120899e+01,1.00004990e-09
15,3.96484186e-01,1.25638257e-08,89,3,0,9,normal_corr_dominates,7.46426614e+00,1.00000000e+00,2.50000123e+07,1.23361612e+01,-1.90836221e+00,1.42445235e+01,1.00009126e-09
15,3.96484186e-01,1.25638257e-08,89,3,2,11,normal_corr_dominates,3.22060132e+00,1.00000000e+00,2.50000042e+07,4.23771165e+00,-1.90836221e+00,6.14607386e+00,1.00009341e-09
15,3.96484186e-01,1.25638257e-08,89,4,0,12,normal_corr_dominates,2.62989169e+00,1.00000000e+00,2.50000060e+07,5.97893258e+00,-3.66830054e+00,9.64723312e+00,1.00002727e-09
15,3.96484186e-01,1.25638257e-08,89,4,0,12,corr_ratio_high,1.49803546e+00,5.00000000e-01,2.50000060e+07,5.97893258e+00,-3.66830054e+00,9.64723312e+00,1.00002727e-09
15,3.96484186e-01,1.25638257e-08,89,4,2,14,normal_corr_dominates,2.14025096e+00,1.00000000e+00,2.49999885e+07,-1.15193843e+01,-3.66830054e+00,-7.85108377e+00,1.00014626e-09
15,3.96484186e-01,1.25638257e-08,89,4,2,14,corr_ratio_high,5.78039574e-01,5.00000000e-01,2.49999885e+07,-1.15193843e+01,-3.66830054e+00,-7.85108377e+00,1.00014626e-09
15,3.96484186e-01,1.25638257e-08,89,5,0,15,normal_corr_dominates,6.13832708e+00,1.00000000e+00,2.49999882e+07,-1.17772993e+01,-1.64986826e+00,-1.01274310e+01,1.00005145e-09
15,3.96484186e-01,1.25638257e-08,89,5,0,15,corr_ratio_high,8.43563781e-01,5.00000000e-01,2.49999882e+07,-1.17772993e+01,-1.64986826e+00,-1.01274310e+01,1.00005145e-09
15,3.96484186e-01,1.25638257e-08,89,5,1,16,normal_corr_dominates,5.95936173e+00,1.00000000e+00,2.49999885e+07,-1.14820300e+01,-1.64986826e+00,-9.83216178e+00,1.00009133e-09
15,3.96484186e-01,1.25638257e-08,89,5,2,17,normal_corr_dominates,9.09083261e+00,1.00000000e+00,2.50000133e+07,1.33488079e+01,-1.64986826e+00,1.49986762e+01,1.00005529e-09
15,3.96484186e-01,1.25638257e-08,89,6,0,18,normal_corr_dominates,1.19075920e+01,1.00000000e+00,2.49999983e+07,-1.66531623e+00,1.52674965e-01,-1.81799120e+00,1.00006554e-09
15,3.96484186e-01,1.25638257e-08,89,6,1,19,normal_corr_dominates,1.24732933e+01,1.00000000e+00,2.50000021e+07,2.05703459e+00,1.52674965e-01,1.90435963e+00,1.00006150e-09
15,3.96484186e-01,1.25638257e-08,89,6,2,20,normal_corr_dominates,2.21440201e+00,1.00000000e+00,2.50000005e+07,4.90758715e-01,1.52674965e-01,3.38083750e-01,1.00009262e-09
15,3.96484186e-01,1.25638257e-08,89,12,1,37,corr_ratio_high,1.46045974e+00,5.00000000e-01,2.49999992e+07,-7.55263899e-01,-3.68331430e+00,2.92805040e+00,1.00003253e-09
15,3.96484186e-01,1.25638257e-08,89,12,2,38,normal_corr_dominates,4.16501414e+00,1.00000000e+00,2.50000117e+07,1.16577418e+01,-3.68331430e+00,1.53410561e+01,1.00009828e-09
15,3.96484186e-01,1.25638257e-08,89,13,0,39,normal_corr_dominates,1.46762516e+01,1.00000000e+00,2.49999897e+07,-1.03352903e+01,-6.59296019e-01,-9.67599425e+00,1.00004221e-09
15,3.96484186e-01,1.25638257e-08,89,13,0,39,corr_ratio_high,1.25577889e+00,5.00000000e-01,2.49999897e+07,-1.03352903e+01,-6.59296019e-01,-9.67599425e+00,1.00004221e-09
15,3.96484186e-01,1.25638257e-08,89,13,1,40,normal_corr_dominates,2.88314653e+01,1.00000000e+00,2.49999803e+07,-1.96677663e+01,-6.59296019e-01,-1.90084703e+01,1.00003306e-09
15,3.96484186e-01,1.25638257e-08,89,13,1,40,corr_ratio_high,2.14064983e+00,5.00000000e-01,2.49999803e+07,-1.96677663e+01,-6.59296019e-01,-1.90084703e+01,1.00003306e-09
15,3.96484186e-01,1.25638257e-08,89,13,2,41,normal_corr_dominates,2.84370000e+01,1.00000000e+00,2.50000181e+07,1.80891049e+01,-6.59296019e-01,1.87484009e+01,1.00014653e-09
15,3.96484186e-01,1.25638257e-08,89,13,2,41,corr_ratio_high,5.79033997e-01,5.00000000e-01,2.50000181e+07,1.80891049e+01,-6.59296019e-01,1.87484009e+01,1.00014653e-09
15,3.96484186e-01,1.25638257e-08,89,14,0,42,normal_corr_dominates,4.63841369e+00,1.00000000e+00,2.50000253e+07,2.53450842e+01,-6.96597099e+00,3.23110552e+01,1.00010828e-09
15,3.96484186e-01,1.25638257e-08,89,14,1,43,normal_corr_dominates,4.56861645e+00,1.00000000e+00,2.49999612e+07,-3.87908207e+01,-6.96597099e+00,-3.18248497e+01,1.00007863e-09
15,3.96484186e-01,1.25638257e-08,89,14,1,43,corr_ratio_high,7.87850883e-01,5.00000000e-01,2.49999612e+07,-3.87908207e+01,-6.96597099e+00,-3.18248497e+01,1.00007863e-09
15,3.96484186e-01,1.25638257e-08,89,14,2,44,normal_corr_dominates,3.49956975e+00,1.00000000e+00,2.49999687e+07,-3.13438724e+01,-6.96597099e+00,-2.43779014e+01,1.00007819e-09
15,3.96484186e-01,1.25638257e-08,89,15,0,45,normal_corr_dominates,4.28064156e+00,1.00000000e+00,2.49999829e+07,-1.70858954e+01,-3.23557189e+00,-1.38503235e+01,1.00005288e-09
15,3.96484186e-01,1.25638257e-08,89,15,0,45,corr_ratio_high,8.63824356e-01,5.00000000e-01,2.49999829e+07,-1.70858954e+01,-3.23557189e+00,-1.38503235e+01,1.00005288e-09
15,3.96484186e-01,1.25638257e-08,89,15,1,46,normal_corr_dominates,4.44278753e+00,1.00000000e+00,2.50000111e+07,1.11393866e+01,-3.23557189e+00,1.43749585e+01,1.00006125e-09
15,3.96484186e-01,1.25638257e-08,89,15,2,47,normal_corr_dominates,2.40856996e+00,1.00000000e+00,2.50000046e+07,4.55752938e+00,-3.23557189e+00,7.79310127e+00,1.00009097e-09
15,3.96484186e-01,1.25638257e-08,89,16,0,48,normal_corr_dominates,2.23005983e+00,1.00000000e+00,2.50000054e+07,5.39430549e+00,-4.38540090e+00,9.77970639e+00,1.00007194e-09
15,3.96484186e-01,1.25638257e-08,89,16,1,49,normal_corr_dominates,4.84278780e+00,1.00000000e+00,2.49999744e+07,-2.56229669e+01,-4.38540090e+00,-2.12375660e+01,1.00003470e-09
15,3.96484186e-01,1.25638257e-08,89,16,1,49,corr_ratio_high,1.78957408e+00,5.00000000e-01,2.49999744e+07,-2.56229669e+01,-4.38540090e+00,-2.12375660e+01,1.00003470e-09
15,3.96484186e-01,1.25638257e-08,89,16,2,50,normal_corr_dominates,2.13732261e+00,1.00000000e+00,2.50000050e+07,4.98761560e+00,-4.38540090e+00,9.37301650e+00,1.00013540e-09
15,3.96484186e-01,1.25638257e-08,89,16,2,50,corr_ratio_high,5.58557788e-01,5.00000000e-01,2.50000050e+07,4.98761560e+00,-4.38540090e+00,9.37301650e+00,1.00013540e-09
15,3.96484186e-01,1.25638257e-08,89,17,1,52,normal_corr_dominates,1.66383647e+00,1.00000000e+00,2.49999909e+07,-9.06279606e+00,-3.40215931e+00,-5.66063675e+00,1.00003985e-09
15,3.96484186e-01,1.25638257e-08,89,17,1,52,corr_ratio_high,1.50434994e+00,5.00000000e-01,2.49999909e+07,-9.06279606e+00,-3.40215931e+00,-5.66063675e+00,1.00003985e-09
15,3.96484186e-01,1.25638257e-08,89,18,0,54,normal_corr_dominates,5.64020537e+00,1.00000000e+00,2.50000077e+07,7.66420473e+00,-1.65169516e+00,9.31589989e+00,1.00004407e-09
15,3.96484186e-01,1.25638257e-08,89,18,0,54,corr_ratio_high,6.17915354e-01,5.00000000e-01,2.50000077e+07,7.66420473e+00,-1.65169516e+00,9.31589989e+00,1.00004407e-09
15,3.96484186e-01,1.25638257e-08,89,18,1,55,normal_corr_dominates,7.14238300e+00,1.00000000e+00,2.49999866e+07,-1.34487346e+01,-1.65169516e+00,-1.17970394e+01,1.00005628e-09
15,3.96484186e-01,1.25638257e-08,89,19,0,57,normal_corr_dominates,3.41309994e+01,1.00000000e+00,2.49999934e+07,-6.57199821e+00,-1.87071200e-01,-6.38492701e+00,1.00013432e-09
15,3.96484186e-01,1.25638257e-08,89,19,0,57,corr_ratio_high,5.00689471e-01,5.00000000e-01,2.49999934e+07,-6.57199821e+00,-1.87071200e-01,-6.38492701e+00,1.00013432e-09
15,3.96484186e-01,1.25638257e-08,89,19,1,58,normal_corr_dominates,6.63378235e+01,1.00000000e+00,2.49999874e+07,-1.25969674e+01,-1.87071200e-01,-1.24098962e+01,1.00003678e-09
15,3.96484186e-01,1.25638257e-08,89,19,1,58,corr_ratio_high,1.58207316e+00,5.00000000e-01,2.49999874e+07,-1.25969674e+01,-1.87071200e-01,-1.24098962e+01,1.00003678e-09
15,3.96484186e-01,1.25638257e-08,89,19,2,59,normal_corr_dominates,9.70725633e+00,1.00000000e+00,2.50000016e+07,1.62887689e+00,-1.87071200e-01,1.81594809e+00,1.00005426e-09
15,3.96484186e-01,1.25638257e-08,89,20,0,60,corr_ratio_high,3.24818622e+00,5.00000000e-01,2.49999970e+07,-3.03751148e+00,-1.56036690e+00,-1.47714458e+00,1.00001121e-09
15,3.96484186e-01,1.25638257e-08,89,20,1,61,normal_corr_dominates,7.42190013e+00,1.00000000e+00,2.50000100e+07,1.00205204e+01,-1.56036690e+00,1.15808873e+01,1.00011596e-09
15,3.96484186e-01,1.25638257e-08,89,20,2,62,normal_corr_dominates,2.54717206e+00,1.00000000e+00,2.50000024e+07,2.41415606e+00,-1.56036690e+00,3.97452296e+00,1.00010753e-09
15,3.96484186e-01,1.25638257e-08,89,22,0,66,normal_corr_dominates,2.66990955e+00,1.00000000e+00,2.50000045e+07,4.47309086e+00,-2.67864260e+00,7.15173346e+00,1.00009655e-09
15,3.96484186e-01,1.25638257e-08,89,22,2,68,normal_corr_dominates,8.04758940e+00,1.00000000e+00,2.49999758e+07,-2.42352584e+01,-2.67864260e+00,-2.15566158e+01,1.00007673e-09
15,3.96484186e-01,1.25638257e-08,89,23,0,69,normal_corr_dominates,1.24328844e+00,1.00000000e+00,2.49999872e+07,-1.28196225e+01,-5.71465633e+00,-7.10496617e+00,1.00009357e-09
15,3.96484186e-01,1.25638257e-08,89,23,1,70,normal_corr_dominates,2.05979224e+00,1.00000000e+00,2.50000061e+07,6.05634843e+00,-5.71465633e+00,1.17710048e+01,1.00005512e-09
15,3.96484186e-01,1.25638257e-08,89,24,0,72,normal_corr_dominates,1.75197950e+01,1.00000000e+00,2.50000116e+07,1.16021651e+01,-7.02318953e-01,1.23044841e+01,1.00006920e-09
15,3.96484186e-01,1.25638257e-08,89,24,1,73,normal_corr_dominates,1.25692420e+01,1.00000000e+00,2.50000081e+07,8.12529793e+00,-7.02318953e-01,8.82761688e+00,1.00008546e-09
15,3.96484186e-01,1.25638257e-08,89,24,2,74,normal_corr_dominates,2.36675931e+01,1.00000000e+00,2.49999827e+07,-1.73245182e+01,-7.02318953e-01,-1.66221992e+01,1.00008147e-09
15,3.96484186e-01,1.25638257e-08,89,27,1,82,normal_corr_dominates,2.30635466e+00,1.00000000e+00,2.50000090e+07,9.00635101e+00,-6.89426177e+00,1.59006128e+01,1.00008700e-09
15,3.96484186e-01,1.25638257e-08,89,28,0,84,normal_corr_dominates,1.01421740e+01,1.00000000e+00,2.49999777e+07,-2.23359113e+01,-2.00462775e+00,-2.03312835e+01,1.00008633e-09
15,3.96484186e-01,1.25638257e-08,89,28,1,85,normal_corr_dominates,6.59685768e+00,1.00000000e+00,2.50000112e+07,1.12196162e+01,-2.00462775e+00,1.32242439e+01,1.00007809e-09
15,3.96484186e-01,1.25638257e-08,89,28,2,86,normal_corr_dominates,8.79996131e+00,1.00000000e+00,2.49999804e+07,-1.96452744e+01,-2.00462775e+00,-1.76406466e+01,1.00009048e-09
15,3.96484186e-01,1.25638257e-08,89,30,0,90,normal_corr_dominates,1.64397721e+01,1.00000000e+00,2.49999922e+07,-7.76711149e+00,5.03058686e-01,-8.27017017e+00,1.00009430e-09
15,3.96484186e-01,1.25638257e-08,89,30,1,91,normal_corr_dominates,1.51286946e+01,1.00000000e+00,2.50000081e+07,8.11367990e+00,5.03058686e-01,7.61062122e+00,1.00007365e-09
15,3.96484186e-01,1.25638257e-08,89,30,2,92,normal_corr_dominates,3.08552084e+01,1.00000000e+00,2.49999850e+07,-1.50189219e+01,5.03058686e-01,-1.55219806e+01,1.00007749e-09
15,3.96484186e-01,1.25638257e-08,89,9,0,27,normal_corr_dominates,2.58022425e+00,1.00000000e+00,2.50000064e+07,6.43700821e+00,-4.07347768e+00,1.05104859e+01,1.00007399e-09
15,3.96484186e-01,1.25638257e-08,89,9,1,28,normal_corr_dominates,2.66931398e+00,1.00000000e+00,2.49999851e+07,-1.49468686e+01,-4.07347768e+00,-1.08733909e+01,1.00009477e-09
15,3.96484186e-01,1.25638257e-08,89,9,2,29,normal_corr_dominates,4.27015274e+00,1.00000000e+00,2.50000133e+07,1.33208942e+01,-4.07347768e+00,1.73943719e+01,1.00008292e-09
15,3.96484186e-01,1.25638257e-08,89,8,0,24,normal_corr_dominates,1.47120662e+00,1.00000000e+00,2.49999910e+07,-8.97849586e+00,-3.63324369e+00,-5.34525217e+00,1.00010339e-09
15,3.96484186e-01,1.25638257e-08,89,8,2,26,normal_corr_dominates,2.16714053e+00,1.00000000e+00,2.50000042e+07,4.24050596e+00,-3.63324369e+00,7.87374966e+00,1.00006025e-09
15,3.96484186e-01,1.25638257e-08,89,8,2,26,corr_ratio_high,5.89100048e-01,5.00000000e-01,2.50000042e+07,4.24050596e+00,-3.63324369e+00,7.87374966e+00,1.00006025e-09
16,4.20515876e-01,1.33253440e-08,89,0,0,0,normal_corr_dominates,4.21642085e+00,1.00000000e+00,2.49999527e+07,-4.72826427e+01,-9.06419250e+00,-3.82184502e+01,1.00014245e-09
16,4.20515876e-01,1.33253440e-08,89,0,1,1,normal_corr_dominates,2.31535301e+00,1.00000000e+00,2.50000119e+07,1.19226129e+01,-9.06419250e+00,2.09868054e+01,1.00006314e-09
16,4.20515876e-01,1.33253440e-08,89,0,1,1,corr_ratio_high,5.22952424e-01,5.00000000e-01,2.50000119e+07,1.19226129e+01,-9.06419250e+00,2.09868054e+01,1.00006314e-09
16,4.20515876e-01,1.33253440e-08,89,0,2,2,normal_corr_dominates,3.50288179e+00,1.00000000e+00,2.50000227e+07,2.26866023e+01,-9.06419250e+00,3.17507948e+01,1.00006620e-09
16,4.20515876e-01,1.33253440e-08,89,1,0,3,normal_corr_dominates,2.83002044e+00,1.00000000e+00,2.49999806e+07,-1.94128052e+01,-5.06859051e+00,-1.43442147e+01,1.00011345e-09
16,4.20515876e-01,1.33253440e-08,89,1,1,4,normal_corr_dominates,1.89872240e+00,1.00000000e+00,2.50000046e+07,4.55525581e+00,-5.06859051e+00,9.62384632e+00,1.00005925e-09
16,4.20515876e-01,1.33253440e-08,89,1,1,4,corr_ratio_high,6.38821185e-01,5.00000000e-01,2.50000046e+07,4.55525581e+00,-5.06859051e+00,9.62384632e+00,1.00005925e-09
16,4.20515876e-01,1.33253440e-08,89,1,2,5,normal_corr_dominates,4.44089505e+00,1.00000000e+00,2.50000174e+07,1.74404880e+01,-5.06859051e+00,2.25090785e+01,1.00009333e-09
16,4.20515876e-01,1.33253440e-08,89,2,0,6,normal_corr_dominates,2.75199141e+00,1.00000000e+00,2.49999909e+07,-9.12862560e+00,-2.43300813e+00,-6.69561747e+00,1.00007840e-09
16,4.20515876e-01,1.33253440e-08,89,2,1,7,normal_corr_dominates,5.17744696e+00,1.00000000e+00,2.50000102e+07,1.01637624e+01,-2.43300813e+00,1.25967705e+01,1.00005275e-09
16,4.20515876e-01,1.33253440e-08,89,3,0,9,normal_corr_dominates,7.46339285e+00,1.00000000e+00,2.50000130e+07,1.30401491e+01,-2.01753930e+00,1.50576884e+01,1.00009649e-09
16,4.20515876e-01,1.33253440e-08,89,3,2,11,normal_corr_dominates,3.22069605e+00,1.00000000e+00,2.50000045e+07,4.48034155e+00,-2.01753930e+00,6.49788085e+00,1.00009876e-09
16,4.20515876e-01,1.33253440e-08,89,4,0,12,normal_corr_dominates,2.63067179e+00,1.00000000e+00,2.50000063e+07,6.32401651e+00,-3.87816637e+00,1.02021829e+01,1.00002882e-09
16,4.20515876e-01,1.33253440e-08,89,4,0,12,corr_ratio_high,1.49820324e+00,5.00000000e-01,2.50000063e+07,6.32401651e+00,-3.87816637e+00,1.02021829e+01,1.00002882e-09
16,4.20515876e-01,1.33253440e-08,89,4,2,14,normal_corr_dominates,2.14156108e+00,1.00000000e+00,2.49999878e+07,-1.21834965e+01,-3.87816637e+00,-8.30533015e+00,1.00015465e-09
16,4.20515876e-01,1.33253440e-08,89,4,2,14,corr_ratio_high,5.78054651e-01,5.00000000e-01,2.49999878e+07,-1.21834965e+01,-3.87816637e+00,-8.30533015e+00,1.00015465e-09
16,4.20515876e-01,1.33253440e-08,89,5,0,15,normal_corr_dominates,6.13600468e+00,1.00000000e+00,2.49999876e+07,-1.24489774e+01,-1.74453044e+00,-1.07044469e+01,1.00005440e-09
16,4.20515876e-01,1.33253440e-08,89,5,0,15,corr_ratio_high,8.43629576e-01,5.00000000e-01,2.49999876e+07,-1.24489774e+01,-1.74453044e+00,-1.07044469e+01,1.00005440e-09
16,4.20515876e-01,1.33253440e-08,89,5,1,16,normal_corr_dominates,5.96290414e+00,1.00000000e+00,2.49999879e+07,-1.21469982e+01,-1.74453044e+00,-1.04024678e+01,1.00009658e-09
16,4.20515876e-01,1.33253440e-08,89,5,2,17,normal_corr_dominates,9.09099240e+00,1.00000000e+00,2.50000141e+07,1.41149825e+01,-1.74453044e+00,1.58595130e+01,1.00005846e-09
16,4.20515876e-01,1.33253440e-08,89,6,0,18,normal_corr_dominates,1.18675142e+01,1.00000000e+00,2.49999982e+07,-1.76102438e+00,1.62044820e-01,-1.92306920e+00,1.00006930e-09
16,4.20515876e-01,1.33253440e-08,89,6,1,19,normal_corr_dominates,1.24237575e+01,1.00000000e+00,2.50000022e+07,2.17525038e+00,1.62044820e-01,2.01320556e+00,1.00006503e-09
16,4.20515876e-01,1.33253440e-08,89,6,2,20,normal_corr_dominates,2.20538510e+00,1.00000000e+00,2.50000005e+07,5.19416051e-01,1.62044820e-01,3.57371231e-01,1.00009794e-09
16,4.20515876e-01,1.33253440e-08,89,12,1,37,corr_ratio_high,1.46044197e+00,5.00000000e-01,2.49999992e+07,-7.97356243e-01,-3.89364759e+00,3.09629135e+00,1.00003439e-09
16,4.20515876e-01,1.33253440e-08,89,12,2,38,normal_corr_dominates,4.16564784e+00,1.00000000e+00,2.50000123e+07,1.23259171e+01,-3.89364759e+00,1.62195647e+01,1.00010392e-09
16,4.20515876e-01,1.33253440e-08,89,13,0,39,normal_corr_dominates,1.46485234e+01,1.00000000e+00,2.49999891e+07,-1.09297676e+01,-6.98453608e-01,-1.02313140e+01,1.00004464e-09
16,4.20515876e-01,1.33253440e-08,89,13,0,39,corr_ratio_high,1.25545544e+00,5.00000000e-01,2.49999891e+07,-1.09297676e+01,-6.98453608e-01,-1.02313140e+01,1.00004464e-09
16,4.20515876e-01,1.33253440e-08,89,13,1,40,normal_corr_dominates,2.87736920e+01,1.00000000e+00,2.49999792e+07,-2.07955426e+01,-6.98453608e-01,-2.00970890e+01,1.00003495e-09
16,4.20515876e-01,1.33253440e-08,89,13,1,40,corr_ratio_high,2.14064501e+00,5.00000000e-01,2.49999792e+07,-2.07955426e+01,-6.98453608e-01,-2.00970890e+01,1.00003495e-09
16,4.20515876e-01,1.33253440e-08,89,13,2,41,normal_corr_dominates,2.83787482e+01,1.00000000e+00,2.50000191e+07,1.91227855e+01,-6.98453608e-01,1.98212391e+01,1.00015493e-09
16,4.20515876e-01,1.33253440e-08,89,13,2,41,corr_ratio_high,5.79034143e-01,5.00000000e-01,2.50000191e+07,1.91227855e+01,-6.98453608e-01,1.98212391e+01,1.00015493e-09
16,4.20515876e-01,1.33253440e-08,89,14,0,42,normal_corr_dominates,4.64022551e+00,1.00000000e+00,2.50000268e+07,2.68093976e+01,-7.36476285e+00,3.41741605e+01,1.00011447e-09
16,4.20515876e-01,1.33253440e-08,89,14,1,43,normal_corr_dominates,4.56930738e+00,1.00000000e+00,2.49999590e+07,-4.10166281e+01,-7.36476285e+00,-3.36518653e+01,1.00008313e-09
16,4.20515876e-01,1.33253440e-08,89,14,1,43,corr_ratio_high,7.87946925e-01,5.00000000e-01,2.49999590e+07,-4.10166281e+01,-7.36476285e+00,-3.36518653e+01,1.00008313e-09
16,4.20515876e-01,1.33253440e-08,89,14,2,44,normal_corr_dominates,3.50147149e+00,1.00000000e+00,2.49999668e+07,-3.31522700e+01,-7.36476285e+00,-2.57875072e+01,1.00008270e-09
16,4.20515876e-01,1.33253440e-08,89,15,0,45,normal_corr_dominates,4.28232340e+00,1.00000000e+00,2.49999819e+07,-1.80640816e+01,-3.41972276e+00,-1.46443588e+01,1.00005592e-09
16,4.20515876e-01,1.33253440e-08,89,15,0,45,corr_ratio_high,8.63704382e-01,5.00000000e-01,2.49999819e+07,-1.80640816e+01,-3.41972276e+00,-1.46443588e+01,1.00005592e-09
16,4.20515876e-01,1.33253440e-08,89,15,1,46,normal_corr_dominates,4.44451853e+00,1.00000000e+00,2.50000118e+07,1.17792984e+01,-3.41972276e+00,1.51990212e+01,1.00006476e-09
16,4.20515876e-01,1.33253440e-08,89,15,2,47,normal_corr_dominates,2.41036504e+00,1.00000000e+00,2.50000048e+07,4.82305742e+00,-3.41972276e+00,8.24278018e+00,1.00009618e-09
16,4.20515876e-01,1.33253440e-08,89,16,0,48,normal_corr_dominates,2.23112100e+00,1.00000000e+00,2.50000057e+07,5.70934434e+00,-4.63751682e+00,1.03468612e+01,1.00007605e-09
16,4.20515876e-01,1.33253440e-08,89,16,1,49,normal_corr_dominates,4.84169578e+00,1.00000000e+00,2.49999729e+07,-2.70909624e+01,-4.63751682e+00,-2.24534456e+01,1.00003669e-09
16,4.20515876e-01,1.33253440e-08,89,16,1,49,corr_ratio_high,1.78942981e+00,5.00000000e-01,2.49999729e+07,-2.70909624e+01,-4.63751682e+00,-2.24534456e+01,1.00003669e-09
16,4.20515876e-01,1.33253440e-08,89,16,2,50,normal_corr_dominates,2.13560426e+00,1.00000000e+00,2.50000053e+07,5.26638383e+00,-4.63751682e+00,9.90390064e+00,1.00014319e-09
16,4.20515876e-01,1.33253440e-08,89,16,2,50,corr_ratio_high,5.58573403e-01,5.00000000e-01,2.50000053e+07,5.26638383e+00,-4.63751682e+00,9.90390064e+00,1.00014319e-09
16,4.20515876e-01,1.33253440e-08,89,17,1,52,normal_corr_dominates,1.66359552e+00,1.00000000e+00,2.49999904e+07,-9.58233613e+00,-3.59751925e+00,-5.98481688e+00,1.00004214e-09
16,4.20515876e-01,1.33253440e-08,89,17,1,52,corr_ratio_high,1.50398802e+00,5.00000000e-01,2.49999904e+07,-9.58233613e+00,-3.59751925e+00,-5.98481688e+00,1.00004214e-09
16,4.20515876e-01,1.33253440e-08,89,18,0,54,normal_corr_dominates,5.64032342e+00,1.00000000e+00,2.50000081e+07,8.10360095e+00,-1.74634400e+00,9.84994495e+00,1.00004659e-09
16,4.20515876e-01,1.33253440e-08,89,18,0,54,corr_ratio_high,6.17887893e-01,5.00000000e-01,2.50000081e+07,8.10360095e+00,-1.74634400e+00,9.84994495e+00,1.00004659e-09
16,4.20515876e-01,1.33253440e-08,89,18,1,55,normal_corr_dominates,7.14275338e+00,1.00000000e+00,2.49999858e+07,-1.42200485e+01,-1.74634400e+00,-1.24737045e+01,1.00005951e-09
16,4.20515876e-01,1.33253440e-08,89,19,0,57,normal_corr_dominates,3.41650964e+01,1.00000000e+00,2.49999931e+07,-6.94911981e+00,-1.97614126e-01,-6.75150568e+00,1.00014202e-09
16,4.20515876e-01,1.33253440e-08,89,19,0,57,corr_ratio_high,5.00692415e-01,5.00000000e-01,2.49999931e+07,-6.94911981e+00,-1.97614126e-01,-6.75150568e+00,1.00014202e-09
16,4.20515876e-01,1.33253440e-08,89,19,1,58,normal_corr_dominates,6.63974425e+01,1.00000000e+00,2.49999867e+07,-1.33186867e+01,-1.97614126e-01,-1.31210726e+01,1.00003889e-09
16,4.20515876e-01,1.33253440e-08,89,19,1,58,corr_ratio_high,1.58166689e+00,5.00000000e-01,2.49999867e+07,-1.33186867e+01,-1.97614126e-01,-1.31210726e+01,1.00003889e-09
16,4.20515876e-01,1.33253440e-08,89,19,2,59,normal_corr_dominates,9.71890581e+00,1.00000000e+00,2.50000017e+07,1.72297895e+00,-1.97614126e-01,1.92059308e+00,1.00005737e-09
16,4.20515876e-01,1.33253440e-08,89,20,0,60,corr_ratio_high,3.24744807e+00,5.00000000e-01,2.49999968e+07,-3.21268406e+00,-1.65077389e+00,-1.56191017e+00,1.00001186e-09
16,4.20515876e-01,1.33253440e-08,89,20,1,61,normal_corr_dominates,7.41723832e+00,1.00000000e+00,2.50000106e+07,1.05934095e+01,-1.65077389e+00,1.22441834e+01,1.00012261e-09
16,4.20515876e-01,1.33253440e-08,89,20,2,62,normal_corr_dominates,2.54570417e+00,1.00000000e+00,2.50000026e+07,2.55160809e+00,-1.65077389e+00,4.20238198e+00,1.00011369e-09
16,4.20515876e-01,1.33253440e-08,89,22,0,66,normal_corr_dominates,2.66955965e+00,1.00000000e+00,2.50000047e+07,4.72930730e+00,-2.83266746e+00,7.56197476e+00,1.00010209e-09
16,4.20515876e-01,1.33253440e-08,89,22,2,68,normal_corr_dominates,8.04788713e+00,1.00000000e+00,2.49999744e+07,-2.56296554e+01,-2.83266746e+00,-2.27969880e+01,1.00008114e-09
16,4.20515876e-01,1.33253440e-08,89,23,0,69,normal_corr_dominates,1.24366111e+00,1.00000000e+00,2.49999864e+07,-1.35547197e+01,-6.04134006e+00,-7.51337968e+00,1.00009894e-09
16,4.20515876e-01,1.33253440e-08,89,23,1,70,normal_corr_dominates,2.05995308e+00,1.00000000e+00,2.50000064e+07,6.40353702e+00,-6.04134006e+00,1.24448771e+01,1.00005829e-09
16,4.20515876e-01,1.33253440e-08,89,24,0,72,normal_corr_dominates,1.75513935e+01,1.00000000e+00,2.50000123e+07,1.22702103e+01,-7.41340014e-01,1.30115503e+01,1.00007316e-09
16,4.20515876e-01,1.33253440e-08,89,24,1,73,normal_corr_dominates,1.25944116e+01,1.00000000e+00,2.50000086e+07,8.59540126e+00,-7.41340014e-01,9.33674128e+00,1.00009035e-09
16,4.20515876e-01,1.33253440e-08,89,24,2,74,normal_corr_dominates,2.37156484e+01,1.00000000e+00,2.49999817e+07,-1.83226991e+01,-7.41340014e-01,-1.75813591e+01,1.00008615e-09
16,4.20515876e-01,1.33253440e-08,89,27,1,82,normal_corr_dominates,2.30609570e+00,1.00000000e+00,2.50000095e+07,9.52193633e+00,-7.29038182e+00,1.68123181e+01,1.00009200e-09
16,4.20515876e-01,1.33253440e-08,89,28,0,84,normal_corr_dominates,1.01516602e+01,1.00000000e+00,2.49999764e+07,-2.36150335e+01,-2.11762491e+00,-2.14974086e+01,1.00009128e-09
16,4.20515876e-01,1.33253440e-08,89,28,1,85,normal_corr_dominates,6.60364128e+00,1.00000000e+00,2.50000119e+07,1.18664104e+01,-2.11762491e+00,1.39840353e+01,1.00008257e-09
16,4.20515876e-01,1.33253440e-08,89,28,2,86,normal_corr_dominates,8.81232760e+00,1.00000000e+00,2.49999792e+07,-2.07788294e+01,-2.11762491e+00,-1.86612044e+01,1.00009568e-09
16,4.20515876e-01,1.33253440e-08,89,30,0,90,normal_corr_dominates,1.64163027e+01,1.00000000e+00,2.49999918e+07,-8.21242931e+00,5.32710695e-01,-8.74514001e+00,1.00009971e-09
16,4.20515876e-01,1.33253440e-08,89,30,1,91,normal_corr_dominates,1.51110983e+01,1.00000000e+00,2.50000086e+07,8.58255437e+00,5.32710695e-01,8.04984367e+00,1.00007787e-09
16,4.20515876e-01,1.33253440e-08,89,30,2,92,normal_corr_dominates,3.08174738e+01,1.00000000e+00,2.49999841e+07,-1.58840872e+01,5.32710695e-01,-1.64167979e+01,1.00008194e-09
16,4.20515876e-01,1.33253440e-08,89,9,0,27,normal_corr_dominates,2.57893648e+00,1.00000000e+00,2.50000068e+07,6.80058001e+00,-4.30706372e+00,1.11076437e+01,1.00007824e-09
16,4.20515876e-01,1.33253440e-08,89,9,1,28,normal_corr_dominates,2.66849457e+00,1.00000000e+00,2.49999842e+07,-1.58004399e+01,-4.30706372e+00,-1.14933761e+01,1.00010019e-09
16,4.20515876e-01,1.33253440e-08,89,9,2,29,normal_corr_dominates,4.27032885e+00,1.00000000e+00,2.50000141e+07,1.40855148e+01,-4.30706372e+00,1.83925785e+01,1.00008768e-09
16,4.20515876e-01,1.33253440e-08,89,8,0,24,normal_corr_dominates,1.47133320e+00,1.00000000e+00,2.49999905e+07,-9.49253061e+00,-3.84105657e+00,-5.65147404e+00,1.00010931e-09
16,4.20515876e-01,1.33253440e-08,89,8,2,26,normal_corr_dominates,2.16779628e+00,1.00000000e+00,2.50000045e+07,4.48557155e+00,-3.84105657e+00,8.32662812e+00,1.00006370e-09
16,4.20515876e-01,1.33253440e-08,89,8,2,26,corr_ratio_high,5.89076232e-01,5.00000000e-01,2.50000045e+07,4.48557155e+00,-3.84105657e+00,8.32662812e+00,1.00006370e-09
17,4.44227857e-01,1.40767314e-08,89,0,0,0,normal_corr_dominates,4.21600737e+00,1.00000000e+00,2.49999502e+07,-4.98025423e+01,-9.54801993e+00,-4.02545224e+01,1.00015003e-09
17,4.44227857e-01,1.40767314e-08,89,0,1,1,normal_corr_dominates,2.31577616e+00,1.00000000e+00,2.50000126e+07,1.25630570e+01,-9.54801993e+00,2.21110770e+01,1.00006649e-09
17,4.44227857e-01,1.40767314e-08,89,0,1,1,corr_ratio_high,5.23100004e-01,5.00000000e-01,2.50000126e+07,1.25630570e+01,-9.54801993e+00,2.21110770e+01,1.00006649e-09
17,4.44227857e-01,1.40767314e-08,89,0,2,2,normal_corr_dominates,3.50246224e+00,1.00000000e+00,2.50000239e+07,2.38935594e+01,-9.54801993e+00,3.34415793e+01,1.00006975e-09
17,4.44227857e-01,1.40767314e-08,89,1,0,3,normal_corr_dominates,2.83001286e+00,1.00000000e+00,2.49999796e+07,-2.04457054e+01,-5.33828637e+00,-1.51074191e+01,1.00011949e-09
17,4.44227857e-01,1.40767314e-08,89,1,1,4,normal_corr_dominates,1.89910705e+00,1.00000000e+00,2.50000048e+07,4.79969089e+00,-5.33828637e+00,1.01379773e+01,1.00006240e-09
17,4.44227857e-01,1.40767314e-08,89,1,1,4,corr_ratio_high,6.38897525e-01,5.00000000e-01,2.50000048e+07,4.79969089e+00,-5.33828637e+00,1.01379773e+01,1.00006240e-09
17,4.44227857e-01,1.40767314e-08,89,1,2,5,normal_corr_dominates,4.44135196e+00,1.00000000e+00,2.50000184e+07,1.83709222e+01,-5.33828637e+00,2.37092086e+01,1.00009832e-09
17,4.44227857e-01,1.40767314e-08,89,2,0,6,normal_corr_dominates,2.75355361e+00,1.00000000e+00,2.49999904e+07,-9.61680370e+00,-2.56205311e+00,-7.05475059e+00,1.00008258e-09
17,4.44227857e-01,1.40767314e-08,89,2,1,7,normal_corr_dominates,5.17924894e+00,1.00000000e+00,2.50000107e+07,1.07074578e+01,-2.56205311e+00,1.32695109e+01,1.00005556e-09
17,4.44227857e-01,1.40767314e-08,89,3,0,9,normal_corr_dominates,7.46252659e+00,1.00000000e+00,2.50000137e+07,1.37314910e+01,-2.12478677e+00,1.58562778e+01,1.00010163e-09
17,4.44227857e-01,1.40767314e-08,89,3,2,11,normal_corr_dominates,3.22076667e+00,1.00000000e+00,2.50000047e+07,4.71865563e+00,-2.12478677e+00,6.84344241e+00,1.00010402e-09
17,4.44227857e-01,1.40767314e-08,89,4,0,12,normal_corr_dominates,2.63139872e+00,1.00000000e+00,2.50000067e+07,6.66312808e+00,-4.08430384e+00,1.07474319e+01,1.00003035e-09
17,4.44227857e-01,1.40767314e-08,89,4,0,12,corr_ratio_high,1.49835807e+00,5.00000000e-01,2.50000067e+07,6.66312808e+00,-4.08430384e+00,1.07474319e+01,1.00003035e-09
17,4.44227857e-01,1.40767314e-08,89,4,2,14,normal_corr_dominates,2.14281592e+00,1.00000000e+00,2.49999872e+07,-1.28362151e+01,-4.08430384e+00,-8.75191130e+00,1.00016289e-09
17,4.44227857e-01,1.40767314e-08,89,4,2,14,corr_ratio_high,5.78068587e-01,5.00000000e-01,2.49999872e+07,-1.28362151e+01,-4.08430384e+00,-8.75191130e+00,1.00016289e-09
17,4.44227857e-01,1.40767314e-08,89,5,0,15,normal_corr_dominates,6.13372297e+00,1.00000000e+00,2.49999869e+07,-1.31085806e+01,-1.83755112e+00,-1.12710295e+01,1.00005729e-09
17,4.44227857e-01,1.40767314e-08,89,5,0,15,corr_ratio_high,8.43689157e-01,5.00000000e-01,2.49999869e+07,-1.31085806e+01,-1.83755112e+00,-1.12710295e+01,1.00005729e-09
17,4.44227857e-01,1.40767314e-08,89,5,1,16,normal_corr_dominates,5.96622356e+00,1.00000000e+00,2.49999872e+07,-1.28007919e+01,-1.83755112e+00,-1.09632408e+01,1.00010173e-09
17,4.44227857e-01,1.40767314e-08,89,5,2,17,normal_corr_dominates,9.09106515e+00,1.00000000e+00,2.50000149e+07,1.48677458e+01,-1.83755112e+00,1.67052970e+01,1.00006158e-09
17,4.44227857e-01,1.40767314e-08,89,6,0,18,normal_corr_dominates,1.18307560e+01,1.00000000e+00,2.49999981e+07,-1.85508485e+00,1.71279351e-01,-2.02636420e+00,1.00007299e-09
17,4.44227857e-01,1.40767314e-08,89,6,1,19,normal_corr_dominates,1.23778421e+01,1.00000000e+00,2.50000023e+07,2.29134811e+00,1.71279351e-01,2.12006876e+00,1.00006849e-09
17,4.44227857e-01,1.40767314e-08,89,6,2,20,normal_corr_dominates,2.19741987e+00,1.00000000e+00,2.50000005e+07,5.47652000e-01,1.71279351e-01,3.76372649e-01,1.00010316e-09
17,4.44227857e-01,1.40767314e-08,89,12,1,37,corr_ratio_high,1.46041904e+00,5.00000000e-01,2.49999992e+07,-8.38699011e-01,-4.10023652e+00,3.26153751e+00,1.00003622e-09
17,4.44227857e-01,1.40767314e-08,89,12,2,38,normal_corr_dominates,4.16624382e+00,1.00000000e+00,2.50000130e+07,1.29823486e+01,-4.10023652e+00,1.70825851e+01,1.00010947e-09
17,4.44227857e-01,1.40767314e-08,89,13,0,39,normal_corr_dominates,1.46226893e+01,1.00000000e+00,2.49999885e+07,-1.15139753e+01,-7.37003407e-01,-1.07769719e+01,1.00004703e-09
17,4.44227857e-01,1.40767314e-08,89,13,0,39,corr_ratio_high,1.25514214e+00,5.00000000e-01,2.49999885e+07,-1.15139753e+01,-7.37003407e-01,-1.07769719e+01,1.00004703e-09
17,4.44227857e-01,1.40767314e-08,89,13,1,40,normal_corr_dominates,2.87196982e+01,1.00000000e+00,2.49999781e+07,-2.19035188e+01,-7.37003407e-01,-2.11665154e+01,1.00003681e-09
17,4.44227857e-01,1.40767314e-08,89,13,1,40,corr_ratio_high,2.14063254e+00,5.00000000e-01,2.49999781e+07,-2.19035188e+01,-7.37003407e-01,-2.11665154e+01,1.00003681e-09
17,4.44227857e-01,1.40767314e-08,89,13,2,41,normal_corr_dominates,2.83243282e+01,1.00000000e+00,2.50000201e+07,2.01381230e+01,-7.37003407e-01,2.08751264e+01,1.00016319e-09
17,4.44227857e-01,1.40767314e-08,89,13,2,41,corr_ratio_high,5.79034162e-01,5.00000000e-01,2.50000201e+07,2.01381230e+01,-7.37003407e-01,2.08751264e+01,1.00016319e-09
17,4.44227857e-01,1.40767314e-08,89,14,0,42,normal_corr_dominates,4.64191162e+00,1.00000000e+00,2.50000282e+07,2.82486318e+01,-7.75653964e+00,3.60051715e+01,1.00012055e-09
17,4.44227857e-01,1.40767314e-08,89,14,1,43,normal_corr_dominates,4.56993764e+00,1.00000000e+00,2.49999568e+07,-4.32034421e+01,-7.75653964e+00,-3.54469025e+01,1.00008756e-09
17,4.44227857e-01,1.40767314e-08,89,14,1,43,corr_ratio_high,7.88033715e-01,5.00000000e-01,2.49999568e+07,-4.32034421e+01,-7.75653964e+00,-3.54469025e+01,1.00008756e-09
17,4.44227857e-01,1.40767314e-08,89,14,2,44,normal_corr_dominates,3.50324237e+00,1.00000000e+00,2.49999651e+07,-3.49295779e+01,-7.75653964e+00,-2.71730383e+01,1.00008713e-09
17,4.44227857e-01,1.40767314e-08,89,15,0,45,normal_corr_dominates,4.28386956e+00,1.00000000e+00,2.49999810e+07,-1.90249598e+01,-3.60057332e+00,-1.54243864e+01,1.00005891e-09
17,4.44227857e-01,1.40767314e-08,89,15,0,45,corr_ratio_high,8.63586018e-01,5.00000000e-01,2.49999810e+07,-1.90249598e+01,-3.60057332e+00,-1.54243864e+01,1.00005891e-09
17,4.44227857e-01,1.40767314e-08,89,15,1,46,normal_corr_dominates,4.44612604e+00,1.00000000e+00,2.50000124e+07,1.24080295e+01,-3.60057332e+00,1.60086028e+01,1.00006821e-09
17,4.44227857e-01,1.40767314e-08,89,15,2,47,normal_corr_dominates,2.41203163e+00,1.00000000e+00,2.50000051e+07,5.08412343e+00,-3.60057332e+00,8.68469675e+00,1.00010129e-09
17,4.44227857e-01,1.40767314e-08,89,16,0,48,normal_corr_dominates,2.23213233e+00,1.00000000e+00,2.50000060e+07,6.01924813e+00,-4.88522863e+00,1.09044768e+01,1.00008009e-09
17,4.44227857e-01,1.40767314e-08,89,16,1,49,normal_corr_dominates,4.84068513e+00,1.00000000e+00,2.49999715e+07,-2.85330822e+01,-4.88522863e+00,-2.36478536e+01,1.00003865e-09
17,4.44227857e-01,1.40767314e-08,89,16,1,49,corr_ratio_high,1.78928825e+00,5.00000000e-01,2.49999715e+07,-2.85330822e+01,-4.88522863e+00,-2.36478536e+01,1.00003865e-09
17,4.44227857e-01,1.40767314e-08,89,16,2,50,normal_corr_dominates,2.13398816e+00,1.00000000e+00,2.50000055e+07,5.53979144e+00,-4.88522863e+00,1.04250201e+01,1.00015083e-09
17,4.44227857e-01,1.40767314e-08,89,16,2,50,corr_ratio_high,5.58588784e-01,5.00000000e-01,2.50000055e+07,5.53979144e+00,-4.88522863e+00,1.04250201e+01,1.00015083e-09
17,4.44227857e-01,1.40767314e-08,89,17,1,52,normal_corr_dominates,1.66335479e+00,1.00000000e+00,2.49999899e+07,-1.00926832e+01,-3.78946255e+00,-6.30322068e+00,1.00004440e-09
17,4.44227857e-01,1.40767314e-08,89,17,1,52,corr_ratio_high,1.50363424e+00,5.00000000e-01,2.49999899e+07,-1.00926832e+01,-3.78946255e+00,-6.30322068e+00,1.00004440e-09
17,4.44227857e-01,1.40767314e-08,89,18,0,54,normal_corr_dominates,5.64040324e+00,1.00000000e+00,2.50000085e+07,8.53520733e+00,-1.83932449e+00,1.03745318e+01,1.00004908e-09
17,4.44227857e-01,1.40767314e-08,89,18,0,54,corr_ratio_high,6.17859862e-01,5.00000000e-01,2.50000085e+07,8.53520733e+00,-1.83932449e+00,1.03745318e+01,1.00004908e-09
17,4.44227857e-01,1.40767314e-08,89,18,1,55,normal_corr_dominates,7.14311147e+00,1.00000000e+00,2.49999850e+07,-1.49778244e+01,-1.83932449e+00,-1.31384999e+01,1.00006269e-09
17,4.44227857e-01,1.40767314e-08,89,19,0,57,normal_corr_dominates,3.41986520e+01,1.00000000e+00,2.49999927e+07,-7.31967704e+00,-2.07953334e-01,-7.11172371e+00,1.00014958e-09
17,4.44227857e-01,1.40767314e-08,89,19,0,57,corr_ratio_high,5.00694090e-01,5.00000000e-01,2.49999927e+07,-7.31967704e+00,-2.07953334e-01,-7.11172371e+00,1.00014958e-09
17,4.44227857e-01,1.40767314e-08,89,19,1,58,normal_corr_dominates,6.64558151e+01,1.00000000e+00,2.49999860e+07,-1.40276617e+01,-2.07953334e-01,-1.38197083e+01,1.00004097e-09
17,4.44227857e-01,1.40767314e-08,89,19,1,58,corr_ratio_high,1.58127114e+00,5.00000000e-01,2.49999860e+07,-1.40276617e+01,-2.07953334e-01,-1.38197083e+01,1.00004097e-09
17,4.44227857e-01,1.40767314e-08,89,19,2,59,normal_corr_dominates,9.73044855e+00,1.00000000e+00,2.50000018e+07,1.81552589e+00,-2.07953334e-01,2.02347922e+00,1.00006043e-09
17,4.44227857e-01,1.40767314e-08,89,20,0,60,corr_ratio_high,3.24673266e+00,5.00000000e-01,2.49999966e+07,-3.38489288e+00,-1.73963757e+00,-1.64525531e+00,1.00001250e-09
17,4.44227857e-01,1.40767314e-08,89,20,1,61,normal_corr_dominates,7.41292452e+00,1.00000000e+00,2.50000112e+07,1.11561644e+01,-1.73963757e+00,1.28958020e+01,1.00012915e-09
17,4.44227857e-01,1.40767314e-08,89,20,2,62,normal_corr_dominates,2.54436142e+00,1.00000000e+00,2.50000027e+07,2.68662914e+00,-1.73963757e+00,4.42626671e+00,1.00011975e-09
17,4.44227857e-01,1.40767314e-08,89,22,0,66,normal_corr_dominates,2.66920838e+00,1.00000000e+00,2.50000050e+07,4.98097002e+00,-2.98403128e+00,7.96500129e+00,1.00010754e-09
17,4.44227857e-01,1.40767314e-08,89,22,2,68,normal_corr_dominates,8.04810893e+00,1.00000000e+00,2.49999730e+07,-2.69998400e+01,-2.98403128e+00,-2.40158088e+01,1.00008547e-09
17,4.44227857e-01,1.40767314e-08,89,23,0,69,normal_corr_dominates,1.24400564e+00,1.00000000e+00,2.49999857e+07,-1.42768977e+01,-6.36223787e+00,-7.91465981e+00,1.00010421e-09
17,4.44227857e-01,1.40767314e-08,89,23,1,70,normal_corr_dominates,2.06009647e+00,1.00000000e+00,2.50000067e+07,6.74458593e+00,-6.36223787e+00,1.31068238e+01,1.00006140e-09
17,4.44227857e-01,1.40767314e-08,89,24,0,72,normal_corr_dominates,1.75808613e+01,1.00000000e+00,2.50000129e+07,1.29266312e+01,-7.79611566e-01,1.37062428e+01,1.00007704e-09
17,4.44227857e-01,1.40767314e-08,89,24,1,73,normal_corr_dominates,1.26179495e+01,1.00000000e+00,2.50000091e+07,9.05748781e+00,-7.79611566e-01,9.83709938e+00,1.00009516e-09
17,4.44227857e-01,1.40767314e-08,89,24,2,74,normal_corr_dominates,2.37606013e+01,1.00000000e+00,2.49999807e+07,-1.93036511e+01,-7.79611566e-01,-1.85240396e+01,1.00009075e-09
17,4.44227857e-01,1.40767314e-08,89,27,1,82,normal_corr_dominates,2.30585278e+00,1.00000000e+00,2.50000100e+07,1.00284191e+01,-7.67959396e+00,1.77080131e+01,1.00009690e-09
17,4.44227857e-01,1.40767314e-08,89,28,0,84,normal_corr_dominates,1.01605462e+01,1.00000000e+00,2.49999751e+07,-2.48715538e+01,-2.22852479e+00,-2.26430290e+01,1.00009613e-09
17,4.44227857e-01,1.40767314e-08,89,28,1,85,normal_corr_dominates,6.60999525e+00,1.00000000e+00,2.50000125e+07,1.25020135e+01,-2.22852479e+00,1.47305383e+01,1.00008696e-09
17,4.44227857e-01,1.40767314e-08,89,28,2,86,normal_corr_dominates,8.82395500e+00,1.00000000e+00,2.49999781e+07,-2.18929273e+01,-2.22852479e+00,-1.96644025e+01,1.00010079e-09
17,4.44227857e-01,1.40767314e-08,89,30,0,90,normal_corr_dominates,1.63947308e+01,1.00000000e+00,2.49999914e+07,-8.64991635e+00,5.61875129e-01,-9.21179148e+00,1.00010503e-09
17,4.44227857e-01,1.40767314e-08,89,30,1,91,normal_corr_dominates,1.50950197e+01,1.00000000e+00,2.50000090e+07,9.04339125e+00,5.61875129e-01,8.48151612e+00,1.00008201e-09
17,4.44227857e-01,1.40767314e-08,89,30,2,92,normal_corr_dominates,3.07829682e+01,1.00000000e+00,2.49999833e+07,-1.67343091e+01,5.61875129e-01,-1.72961842e+01,1.00008631e-09
17,4.44227857e-01,1.40767314e-08,89,9,0,27,normal_corr_dominates,2.57770050e+00,1.00000000e+00,2.50000072e+07,7.15733464e+00,-4.53656104e+00,1.16938957e+01,1.00008241e-09
17,4.44227857e-01,1.40767314e-08,89,9,1,28,normal_corr_dominates,2.66770546e+00,1.00000000e+00,2.49999834e+07,-1.66387697e+01,-4.53656104e+00,-1.21022086e+01,1.00010552e-09
17,4.44227857e-01,1.40767314e-08,89,9,2,29,normal_corr_dominates,4.27048199e+00,1.00000000e+00,2.50000148e+07,1.48367412e+01,-4.53656104e+00,1.93733022e+01,1.00009236e-09
17,4.44227857e-01,1.40767314e-08,89,8,0,24,normal_corr_dominates,1.47144900e+00,1.00000000e+00,2.49999900e+07,-9.99751128e+00,-4.04520235e+00,-5.95230893e+00,1.00011513e-09
17,4.44227857e-01,1.40767314e-08,89,8,2,26,normal_corr_dominates,2.16841270e+00,1.00000000e+00,2.50000047e+07,4.72646581e+00,-4.04520235e+00,8.77166815e+00,1.00006710e-09
17,4.44227857e-01,1.40767314e-08,89,8,2,26,corr_ratio_high,5.89051486e-01,5.00000000e-01,2.50000047e+07,4.72646581e+00,-4.04520235e+00,8.77166815e+00,1.00006710e-09
18,4.69378806e-01,1.48737168e-08,89,0,0,0,normal_corr_dominates,4.21558296e+00,1.00000000e+00,2.49999475e+07,-5.24639880e+01,-1.00590842e+01,-4.24049038e+01,1.00015805e-09
18,4.69378806e-01,1.48737168e-08,89,0,1,1,normal_corr_dominates,2.31620594e+00,1.00000000e+00,2.50000132e+07,1.32398263e+01,-1.00590842e+01,2.32989105e+01,1.00007003e-09
18,4.69378806e-01,1.48737168e-08,89,0,1,1,corr_ratio_high,5.23254162e-01,5.00000000e-01,2.50000132e+07,1.32398263e+01,-1.00590842e+01,2.32989105e+01,1.00007003e-09
18,4.69378806e-01,1.48737168e-08,89,0,2,2,normal_corr_dominates,3.50203508e+00,1.00000000e+00,2.50000252e+07,2.51681814e+01,-1.00590842e+01,3.52272656e+01,1.00007349e-09
18,4.69378806e-01,1.48737168e-08,89,1,0,3,normal_corr_dominates,2.82999600e+00,1.00000000e+00,2.49999785e+07,-2.15365731e+01,-5.62313202e+00,-1.59134411e+01,1.00012587e-09
18,4.69378806e-01,1.48737168e-08,89,1,1,4,normal_corr_dominates,1.89949309e+00,1.00000000e+00,2.50000051e+07,5.05796838e+00,-5.62313202e+00,1.06811004e+01,1.00006573e-09
18,4.69378806e-01,1.48737168e-08,89,1,1,4,corr_ratio_high,6.38974077e-01,5.00000000e-01,2.50000051e+07,5.05796838e+00,-5.62313202e+00,1.06811004e+01,1.00006573e-09
18,4.69378806e-01,1.48737168e-08,89,1,2,5,normal_corr_dominates,4.44180557e+00,1.00000000e+00,2.50000194e+07,1.93537271e+01,-5.62313202e+00,2.49768591e+01,1.00010358e-09
18,4.69378806e-01,1.48737168e-08,89,2,0,6,normal_corr_dominates,2.75514159e+00,1.00000000e+00,2.49999899e+07,-1.01325723e+01,-2.69831963e+00,-7.43425263e+00,1.00008700e-09
18,4.69378806e-01,1.48737168e-08,89,2,1,7,normal_corr_dominates,5.18105053e+00,1.00000000e+00,2.50000113e+07,1.12818107e+01,-2.69831963e+00,1.39801303e+01,1.00005852e-09
18,4.69378806e-01,1.48737168e-08,89,3,0,9,normal_corr_dominates,7.46160135e+00,1.00000000e+00,2.50000145e+07,1.44613766e+01,-2.23804841e+00,1.66994250e+01,1.00010706e-09
18,4.69378806e-01,1.48737168e-08,89,3,2,11,normal_corr_dominates,3.22081797e+00,1.00000000e+00,2.50000050e+07,4.97029813e+00,-2.23804841e+00,7.20834654e+00,1.00010958e-09
18,4.69378806e-01,1.48737168e-08,89,4,0,12,normal_corr_dominates,2.63212682e+00,1.00000000e+00,2.50000070e+07,7.02137472e+00,-4.30197864e+00,1.13233534e+01,1.00003196e-09
18,4.69378806e-01,1.48737168e-08,89,4,0,12,corr_ratio_high,1.49851172e+00,5.00000000e-01,2.50000070e+07,7.02137472e+00,-4.30197864e+00,1.13233534e+01,1.00003196e-09
18,4.69378806e-01,1.48737168e-08,89,4,2,14,normal_corr_dominates,2.14410775e+00,1.00000000e+00,2.49999865e+07,-1.35258844e+01,-4.30197864e+00,-9.22390576e+00,1.00017159e-09
18,4.69378806e-01,1.48737168e-08,89,4,2,14,corr_ratio_high,5.78082438e-01,5.00000000e-01,2.49999865e+07,-1.35258844e+01,-4.30197864e+00,-9.22390576e+00,1.00017159e-09
18,4.69378806e-01,1.48737168e-08,89,5,0,15,normal_corr_dominates,6.13131405e+00,1.00000000e+00,2.49999862e+07,-1.38049520e+01,-1.93582163e+00,-1.18691304e+01,1.00006035e-09
18,4.69378806e-01,1.48737168e-08,89,5,0,15,corr_ratio_high,8.43747132e-01,5.00000000e-01,2.49999862e+07,-1.38049520e+01,-1.93582163e+00,-1.18691304e+01,1.00006035e-09
18,4.69378806e-01,1.48737168e-08,89,5,1,16,normal_corr_dominates,5.96956764e+00,1.00000000e+00,2.49999865e+07,-1.34918398e+01,-1.93582163e+00,-1.15560182e+01,1.00010718e-09
18,4.69378806e-01,1.48737168e-08,89,5,2,17,normal_corr_dominates,9.09105759e+00,1.00000000e+00,2.50000157e+07,1.56628443e+01,-1.93582163e+00,1.75986660e+01,1.00006487e-09
18,4.69378806e-01,1.48737168e-08,89,6,0,18,normal_corr_dominates,1.17945370e+01,1.00000000e+00,2.49999980e+07,-1.95446652e+00,1.81060709e-01,-2.13552723e+00,1.00007690e-09
18,4.69378806e-01,1.48737168e-08,89,6,1,19,normal_corr_dominates,1.23320993e+01,1.00000000e+00,2.50000024e+07,2.41391935e+00,1.81060709e-01,2.23285864e+00,1.00007216e-09
18,4.69378806e-01,1.48737168e-08,89,6,2,20,normal_corr_dominates,2.18988225e+00,1.00000000e+00,2.50000006e+07,5.77562344e-01,1.81060709e-01,3.96501634e-01,1.00010867e-09
18,4.69378806e-01,1.48737168e-08,89,12,1,37,corr_ratio_high,1.46038958e+00,5.00000000e-01,2.49999991e+07,-8.82361822e-01,-4.31838182e+00,3.43601999e+00,1.00003816e-09
18,4.69378806e-01,1.48737168e-08,89,12,2,38,normal_corr_dominates,4.16684578e+00,1.00000000e+00,2.50000137e+07,1.36756492e+01,-4.31838182e+00,1.79940310e+01,1.00011533e-09
18,4.69378806e-01,1.48737168e-08,89,13,0,39,normal_corr_dominates,1.45967679e+01,1.00000000e+00,2.49999879e+07,-1.21311844e+01,-7.77801174e-01,-1.13533832e+01,1.00004955e-09
18,4.69378806e-01,1.48737168e-08,89,13,0,39,corr_ratio_high,1.25481586e+00,5.00000000e-01,2.49999879e+07,-1.21311844e+01,-7.77801174e-01,-1.13533832e+01,1.00004955e-09
18,4.69378806e-01,1.48737168e-08,89,13,1,40,normal_corr_dominates,2.86653561e+01,1.00000000e+00,2.49999769e+07,-2.30737488e+01,-7.77801174e-01,-2.22959476e+01,1.00003877e-09
18,4.69378806e-01,1.48737168e-08,89,13,1,40,corr_ratio_high,2.14061189e+00,5.00000000e-01,2.49999769e+07,-2.30737488e+01,-7.77801174e-01,-2.22959476e+01,1.00003877e-09
18,4.69378806e-01,1.48737168e-08,89,13,2,41,normal_corr_dominates,2.82695782e+01,1.00000000e+00,2.50000212e+07,2.12103099e+01,-7.77801174e-01,2.19881111e+01,1.00017191e-09
18,4.69378806e-01,1.48737168e-08,89,13,2,41,corr_ratio_high,5.79034056e-01,5.00000000e-01,2.50000212e+07,2.12103099e+01,-7.77801174e-01,2.19881111e+01,1.00017191e-09
18,4.69378806e-01,1.48737168e-08,89,14,0,42,normal_corr_dominates,4.64359943e+00,1.00000000e+00,2.50000298e+07,2.97693677e+01,-8.17031847e+00,3.79396862e+01,1.00012697e-09
18,4.69378806e-01,1.48737168e-08,89,14,1,43,normal_corr_dominates,4.57055543e+00,1.00000000e+00,2.49999545e+07,-4.55132119e+01,-8.17031847e+00,-3.73428935e+01,1.00009223e-09
18,4.69378806e-01,1.48737168e-08,89,14,1,43,corr_ratio_high,7.88117983e-01,5.00000000e-01,2.49999545e+07,-4.55132119e+01,-8.17031847e+00,-3.73428935e+01,1.00009223e-09
18,4.69378806e-01,1.48737168e-08,89,14,2,44,normal_corr_dominates,3.50501619e+00,1.00000000e+00,2.49999632e+07,-3.68074169e+01,-8.17031847e+00,-2.86370985e+01,1.00009181e-09
18,4.69378806e-01,1.48737168e-08,89,15,0,45,normal_corr_dominates,4.28539725e+00,1.00000000e+00,2.49999800e+07,-2.00396864e+01,-3.79151943e+00,-1.62481669e+01,1.00006206e-09
18,4.69378806e-01,1.48737168e-08,89,15,0,45,corr_ratio_high,8.63460668e-01,5.00000000e-01,2.49999800e+07,-2.00396864e+01,-3.79151943e+00,-1.62481669e+01,1.00006206e-09
18,4.69378806e-01,1.48737168e-08,89,15,1,46,normal_corr_dominates,4.44773097e+00,1.00000000e+00,2.50000131e+07,1.30721390e+01,-3.79151943e+00,1.68636584e+01,1.00007185e-09
18,4.69378806e-01,1.48737168e-08,89,15,2,47,normal_corr_dominates,2.41369576e+00,1.00000000e+00,2.50000054e+07,5.36005493e+00,-3.79151943e+00,9.15157436e+00,1.00010669e-09
18,4.69378806e-01,1.48737168e-08,89,16,0,48,normal_corr_dominates,2.23316871e+00,1.00000000e+00,2.50000063e+07,6.34697204e+00,-5.14688055e+00,1.14938526e+01,1.00008435e-09
18,4.69378806e-01,1.48737168e-08,89,16,1,49,normal_corr_dominates,4.83967762e+00,1.00000000e+00,2.49999699e+07,-3.00561232e+01,-5.14688055e+00,-2.49092426e+01,1.00004071e-09
18,4.69378806e-01,1.48737168e-08,89,16,1,49,corr_ratio_high,1.78913911e+00,5.00000000e-01,2.49999699e+07,-3.00561232e+01,-5.14688055e+00,-2.49092426e+01,1.00004071e-09
18,4.69378806e-01,1.48737168e-08,89,16,2,50,normal_corr_dominates,2.13235218e+00,1.00000000e+00,2.50000058e+07,5.82808140e+00,-5.14688055e+00,1.09749620e+01,1.00015891e-09
18,4.69378806e-01,1.48737168e-08,89,16,2,50,corr_ratio_high,5.58605039e-01,5.00000000e-01,2.50000058e+07,5.82808140e+00,-5.14688055e+00,1.09749620e+01,1.00015891e-09
18,4.69378806e-01,1.48737168e-08,89,17,1,52,normal_corr_dominates,1.66309651e+00,1.00000000e+00,2.49999894e+07,-1.06316264e+01,-3.99220470e+00,-6.63942170e+00,1.00004678e-09
18,4.69378806e-01,1.48737168e-08,89,17,1,52,corr_ratio_high,1.50326273e+00,5.00000000e-01,2.49999894e+07,-1.06316264e+01,-3.99220470e+00,-6.63942170e+00,1.00004678e-09
18,4.69378806e-01,1.48737168e-08,89,18,0,54,normal_corr_dominates,5.64045128e+00,1.00000000e+00,2.50000090e+07,8.99098039e+00,-1.93752285e+00,1.09285032e+01,1.00005170e-09
18,4.69378806e-01,1.48737168e-08,89,18,0,54,corr_ratio_high,6.17829253e-01,5.00000000e-01,2.50000090e+07,8.99098039e+00,-1.93752285e+00,1.09285032e+01,1.00005170e-09
18,4.69378806e-01,1.48737168e-08,89,18,1,55,normal_corr_dominates,7.14348125e+00,1.00000000e+00,2.49999842e+07,-1.57781810e+01,-1.93752285e+00,-1.38406581e+01,1.00006604e-09
18,4.69378806e-01,1.48737168e-08,89,19,0,57,normal_corr_dominates,3.42339395e+01,1.00000000e+00,2.49999923e+07,-7.71111793e+00,-2.18854832e-01,-7.49226310e+00,1.00015756e-09
18,4.69378806e-01,1.48737168e-08,89,19,0,57,corr_ratio_high,5.00694673e-01,5.00000000e-01,2.49999923e+07,-7.71111793e+00,-2.18854832e-01,-7.49226310e+00,1.00015756e-09
18,4.69378806e-01,1.48737168e-08,89,19,1,58,normal_corr_dominates,6.65168735e+01,1.00000000e+00,2.49999852e+07,-1.47763940e+01,-2.18854832e-01,-1.45575392e+01,1.00004317e-09
18,4.69378806e-01,1.48737168e-08,89,19,1,58,corr_ratio_high,1.58085692e+00,5.00000000e-01,2.49999852e+07,-1.47763940e+01,-2.18854832e-01,-1.45575392e+01,1.00004317e-09
18,4.69378806e-01,1.48737168e-08,89,19,2,59,normal_corr_dominates,9.74267335e+00,1.00000000e+00,2.50000019e+07,1.91337631e+00,-2.18854832e-01,2.13223114e+00,1.00006366e-09
18,4.69378806e-01,1.48737168e-08,89,20,0,60,corr_ratio_high,3.24598737e+00,5.00000000e-01,2.49999964e+07,-3.56689736e+00,-1.83353874e+00,-1.73335862e+00,1.00001317e-09
18,4.69378806e-01,1.48737168e-08,89,20,1,61,normal_corr_dominates,7.40862489e+00,1.00000000e+00,2.50000118e+07,1.17504620e+01,-1.83353874e+00,1.35840007e+01,1.00013605e-09
18,4.69378806e-01,1.48737168e-08,89,20,2,62,normal_corr_dominates,2.54303928e+00,1.00000000e+00,2.50000028e+07,2.82922229e+00,-1.83353874e+00,4.66276103e+00,1.00012615e-09
18,4.69378806e-01,1.48737168e-08,89,22,0,66,normal_corr_dominates,2.66883002e+00,1.00000000e+00,2.50000052e+07,5.24671187e+00,-3.14394624e+00,8.39065811e+00,1.00011329e-09
18,4.69378806e-01,1.48737168e-08,89,22,2,68,normal_corr_dominates,8.04827276e+00,1.00000000e+00,2.49999716e+07,-2.84472832e+01,-3.14394624e+00,-2.53033369e+01,1.00009004e-09
18,4.69378806e-01,1.48737168e-08,89,23,0,69,normal_corr_dominates,1.24434818e+00,1.00000000e+00,2.49999850e+07,-1.50396388e+01,-6.70111658e+00,-8.33852222e+00,1.00010977e-09
18,4.69378806e-01,1.48737168e-08,89,23,1,70,normal_corr_dominates,2.06023328e+00,1.00000000e+00,2.50000071e+07,7.10474683e+00,-6.70111658e+00,1.38058634e+01,1.00006468e-09
18,4.69378806e-01,1.48737168e-08,89,24,0,72,normal_corr_dominates,1.76103959e+01,1.00000000e+00,2.50000136e+07,1.36200336e+01,-8.19970437e-01,1.44400040e+01,1.00008115e-09
18,4.69378806e-01,1.48737168e-08,89,24,1,73,normal_corr_dominates,1.26416088e+01,1.00000000e+00,2.50000095e+07,9.54577503e+00,-8.19970437e-01,1.03657455e+01,1.00010025e-09
18,4.69378806e-01,1.48737168e-08,89,24,2,74,normal_corr_dominates,2.38058000e+01,1.00000000e+00,2.49999797e+07,-2.03400227e+01,-8.19970437e-01,-1.95200522e+01,1.00009560e-09
18,4.69378806e-01,1.48737168e-08,89,27,1,82,normal_corr_dominates,2.30560716e+00,1.00000000e+00,2.50000106e+07,1.05633063e+01,-8.09072330e+00,1.86540296e+01,1.00010208e-09
18,4.69378806e-01,1.48737168e-08,89,28,0,84,normal_corr_dominates,1.01694967e+01,1.00000000e+00,2.49999738e+07,-2.61985226e+01,-2.34554191e+00,-2.38529807e+01,1.00010127e-09
18,4.69378806e-01,1.48737168e-08,89,28,1,85,normal_corr_dominates,6.61639538e+00,1.00000000e+00,2.50000132e+07,1.31734908e+01,-2.34554191e+00,1.55190327e+01,1.00009160e-09
18,4.69378806e-01,1.48737168e-08,89,28,2,86,normal_corr_dominates,8.83571305e+00,1.00000000e+00,2.49999769e+07,-2.30700772e+01,-2.34554191e+00,-2.07245353e+01,1.00010619e-09
18,4.69378806e-01,1.48737168e-08,89,30,0,90,normal_corr_dominates,1.63734287e+01,1.00000000e+00,2.49999909e+07,-9.11197211e+00,5.92709167e-01,-9.70468128e+00,1.00011064e-09
18,4.69378806e-01,1.48737168e-08,89,30,1,91,normal_corr_dominates,1.50792437e+01,1.00000000e+00,2.50000095e+07,9.53031515e+00,5.92709167e-01,8.93760598e+00,1.00008639e-09
18,4.69378806e-01,1.48737168e-08,89,30,2,92,normal_corr_dominates,3.07490825e+01,1.00000000e+00,2.49999824e+07,-1.76325539e+01,5.92709167e-01,-1.82252631e+01,1.00009092e-09
18,4.69378806e-01,1.48737168e-08,89,9,0,27,normal_corr_dominates,2.57642446e+00,1.00000000e+00,2.50000075e+07,7.53368147e+00,-4.77896764e+00,1.23126491e+01,1.00008682e-09
18,4.69378806e-01,1.48737168e-08,89,9,1,28,normal_corr_dominates,2.66688778e+00,1.00000000e+00,2.49999825e+07,-1.75239380e+01,-4.77896764e+00,-1.27449704e+01,1.00011114e-09
18,4.69378806e-01,1.48737168e-08,89,9,2,29,normal_corr_dominates,4.27062343e+00,1.00000000e+00,2.50000156e+07,1.56302036e+01,-4.77896764e+00,2.04091712e+01,1.00009729e-09
18,4.69378806e-01,1.48737168e-08,89,8,0,24,normal_corr_dominates,1.47156258e+00,1.00000000e+00,2.49999895e+07,-1.05308380e+01,-4.26080168e+00,-6.27003632e+00,1.00012128e-09
18,4.69378806e-01,1.48737168e-08,89,8,2,26,normal_corr_dominates,2.16903567e+00,1.00000000e+00,2.50000050e+07,4.98102915e+00,-4.26080168e+00,9.24183082e+00,1.00007068e-09
18,4.69378806e-01,1.48737168e-08,89,8,2,26,corr_ratio_high,5.89024070e-01,5.00000000e-01,2.50000050e+07,4.98102915e+00,-4.26080168e+00,9.24183082e+00,1.00007068e-09
19,4.96064928e-01,1.57193490e-08,89,0,0,0,normal_corr_dominates,4.21514689e+00,1.00000000e+00,2.49999447e+07,-5.52756178e+01,-1.05990529e+01,-4.46765649e+01,1.00016652e-09
19,4.96064928e-01,1.57193490e-08,89,0,1,1,normal_corr_dominates,2.31664213e+00,1.00000000e+00,2.50000140e+07,1.39551596e+01,-1.05990529e+01,2.45542125e+01,1.00007376e-09
19,4.96064928e-01,1.57193490e-08,89,0,1,1,corr_ratio_high,5.23415098e-01,5.00000000e-01,2.50000140e+07,1.39551596e+01,-1.05990529e+01,2.45542125e+01,1.00007376e-09
19,4.96064928e-01,1.57193490e-08,89,0,2,2,normal_corr_dominates,3.50159975e+00,1.00000000e+00,2.50000265e+07,2.65145881e+01,-1.05990529e+01,3.71136410e+01,1.00007744e-09
19,4.96064928e-01,1.57193490e-08,89,1,0,3,normal_corr_dominates,2.82996886e+00,1.00000000e+00,2.49999773e+07,-2.26889489e+01,-5.92405571e+00,-1.67648932e+01,1.00013261e-09
19,4.96064928e-01,1.57193490e-08,89,1,1,4,normal_corr_dominates,1.89987994e+00,1.00000000e+00,2.50000053e+07,5.33093891e+00,-5.92405571e+00,1.12549946e+01,1.00006925e-09
19,4.96064928e-01,1.57193490e-08,89,1,1,4,corr_ratio_high,6.39050755e-01,5.00000000e-01,2.50000053e+07,5.33093891e+00,-5.92405571e+00,1.12549946e+01,1.00006925e-09
19,4.96064928e-01,1.57193490e-08,89,1,2,5,normal_corr_dominates,4.44225436e+00,1.00000000e+00,2.50000204e+07,2.03921066e+01,-5.92405571e+00,2.63161623e+01,1.00010914e-09
19,4.96064928e-01,1.57193490e-08,89,2,0,6,normal_corr_dominates,2.75675409e+00,1.00000000e+00,2.49999893e+07,-1.06776309e+01,-2.84224911e+00,-7.83538184e+00,1.00009167e-09
19,4.96064928e-01,1.57193490e-08,89,2,1,7,normal_corr_dominates,5.18284805e+00,1.00000000e+00,2.50000119e+07,1.18886961e+01,-2.84224911e+00,1.47309452e+01,1.00006165e-09
19,4.96064928e-01,1.57193490e-08,89,3,0,9,normal_corr_dominates,7.46061145e+00,1.00000000e+00,2.50000152e+07,1.52321354e+01,-2.35769254e+00,1.75898280e+01,1.00011279e-09
19,4.96064928e-01,1.57193490e-08,89,3,2,11,normal_corr_dominates,3.22084733e+00,1.00000000e+00,2.50000052e+07,5.23607519e+00,-2.35769254e+00,7.59376773e+00,1.00011545e-09
19,4.96064928e-01,1.57193490e-08,89,4,0,12,normal_corr_dominates,2.63285467e+00,1.00000000e+00,2.50000074e+07,7.39992300e+00,-4.53189321e+00,1.19318162e+01,1.00003367e-09
19,4.96064928e-01,1.57193490e-08,89,4,0,12,corr_ratio_high,1.49866398e+00,5.00000000e-01,2.50000074e+07,7.39992300e+00,-4.53189321e+00,1.19318162e+01,1.00003367e-09
19,4.96064928e-01,1.57193490e-08,89,4,2,14,normal_corr_dominates,2.14543643e+00,1.00000000e+00,2.49999857e+07,-1.42547820e+01,-4.53189321e+00,-9.72288878e+00,1.00018078e-09
19,4.96064928e-01,1.57193490e-08,89,4,2,14,corr_ratio_high,5.78096175e-01,5.00000000e-01,2.49999857e+07,-1.42547820e+01,-4.53189321e+00,-9.72288878e+00,1.00018078e-09
19,4.96064928e-01,1.57193490e-08,89,5,0,15,normal_corr_dominates,6.12877158e+00,1.00000000e+00,2.49999855e+07,-1.45403172e+01,-2.03966659e+00,-1.25006506e+01,1.00006358e-09
19,4.96064928e-01,1.57193490e-08,89,5,0,15,corr_ratio_high,8.43803339e-01,5.00000000e-01,2.49999855e+07,-1.45403172e+01,-2.03966659e+00,-1.25006506e+01,1.00006358e-09
19,4.96064928e-01,1.57193490e-08,89,5,1,16,normal_corr_dominates,5.97293163e+00,1.00000000e+00,2.49999858e+07,-1.42224557e+01,-2.03966659e+00,-1.21827891e+01,1.00011294e-09
19,4.96064928e-01,1.57193490e-08,89,5,2,17,normal_corr_dominates,9.09096224e+00,1.00000000e+00,2.50000165e+07,1.65028654e+01,-2.03966659e+00,1.85425320e+01,1.00006834e-09
19,4.96064928e-01,1.57193490e-08,89,6,0,18,normal_corr_dominates,1.17589606e+01,1.00000000e+00,2.49999979e+07,-2.05949964e+00,1.91421803e-01,-2.25092145e+00,1.00008102e-09
19,4.96064928e-01,1.57193490e-08,89,6,1,19,normal_corr_dominates,1.22866282e+01,1.00000000e+00,2.50000025e+07,2.54335033e+00,1.91421803e-01,2.35192852e+00,1.00007603e-09
19,4.96064928e-01,1.57193490e-08,89,6,2,20,normal_corr_dominates,2.18280770e+00,1.00000000e+00,2.50000006e+07,6.09258788e-01,1.91421803e-01,4.17836985e-01,1.00011450e-09
19,4.96064928e-01,1.57193490e-08,89,12,1,37,corr_ratio_high,1.46035326e+00,5.00000000e-01,2.49999991e+07,-9.28494739e-01,-4.54878837e+00,3.62029363e+00,1.00004020e-09
19,4.96064928e-01,1.57193490e-08,89,12,2,38,normal_corr_dominates,4.16745231e+00,1.00000000e+00,2.50000144e+07,1.44080702e+01,-4.54878837e+00,1.89568586e+01,1.00012152e-09
19,4.96064928e-01,1.57193490e-08,89,13,0,39,normal_corr_dominates,1.45707567e+01,1.00000000e+00,2.49999872e+07,-1.27834273e+01,-8.20989468e-01,-1.19624378e+01,1.00005221e-09
19,4.96064928e-01,1.57193490e-08,89,13,0,39,corr_ratio_high,1.25447611e+00,5.00000000e-01,2.49999872e+07,-1.27834273e+01,-8.20989468e-01,-1.19624378e+01,1.00005221e-09
19,4.96064928e-01,1.57193490e-08,89,13,1,40,normal_corr_dominates,2.86106553e+01,1.00000000e+00,2.49999757e+07,-2.43100362e+01,-8.20989468e-01,-2.34890467e+01,1.00004085e-09
19,4.96064928e-01,1.57193490e-08,89,13,1,40,corr_ratio_high,2.14058254e+00,5.00000000e-01,2.49999757e+07,-2.43100362e+01,-8.20989468e-01,-2.34890467e+01,1.00004085e-09
19,4.96064928e-01,1.57193490e-08,89,13,2,41,normal_corr_dominates,2.82144887e+01,1.00000000e+00,2.50000223e+07,2.23428086e+01,-8.20989468e-01,2.31637981e+01,1.00018112e-09
19,4.96064928e-01,1.57193490e-08,89,13,2,41,corr_ratio_high,5.79033808e-01,5.00000000e-01,2.50000223e+07,2.23428086e+01,-8.20989468e-01,2.31637981e+01,1.00018112e-09
19,4.96064928e-01,1.57193490e-08,89,14,0,42,normal_corr_dominates,4.64528695e+00,1.00000000e+00,2.50000314e+07,3.13766119e+01,-8.60744635e+00,3.99840582e+01,1.00013374e-09
19,4.96064928e-01,1.57193490e-08,89,14,1,43,normal_corr_dominates,4.57115917e+00,1.00000000e+00,2.49999520e+07,-4.79534537e+01,-8.60744635e+00,-3.93460073e+01,1.00009717e-09
19,4.96064928e-01,1.57193490e-08,89,14,1,43,corr_ratio_high,7.88199497e-01,5.00000000e-01,2.49999520e+07,-4.79534537e+01,-8.60744635e+00,-3.93460073e+01,1.00009717e-09
19,4.96064928e-01,1.57193490e-08,89,14,2,44,normal_corr_dominates,3.50679097e+00,1.00000000e+00,2.49999612e+07,-3.87919615e+01,-8.60744635e+00,-3.01845151e+01,1.00009676e-09
19,4.96064928e-01,1.57193490e-08,89,15,0,45,normal_corr_dominates,4.28690282e+00,1.00000000e+00,2.49999789e+07,-2.11115403e+01,-3.99317730e+00,-1.71183630e+01,1.00006539e-09
19,4.96064928e-01,1.57193490e-08,89,15,0,45,corr_ratio_high,8.63328066e-01,5.00000000e-01,2.49999789e+07,-2.11115403e+01,-3.99317730e+00,-1.71183630e+01,1.00006539e-09
19,4.96064928e-01,1.57193490e-08,89,15,1,46,normal_corr_dominates,4.44933042e+00,1.00000000e+00,2.50000138e+07,1.37737879e+01,-3.99317730e+00,1.77669652e+01,1.00007570e-09
19,4.96064928e-01,1.57193490e-08,89,15,2,47,normal_corr_dominates,2.41535501e+00,1.00000000e+00,2.50000057e+07,5.65176348e+00,-3.99317730e+00,9.64494078e+00,1.00011240e-09
19,4.96064928e-01,1.57193490e-08,89,16,0,48,normal_corr_dominates,2.23423005e+00,1.00000000e+00,2.50000067e+07,6.69363051e+00,-5.42332487e+00,1.21169554e+01,1.00008886e-09
19,4.96064928e-01,1.57193490e-08,89,16,1,49,normal_corr_dominates,4.83867316e+00,1.00000000e+00,2.49999683e+07,-3.16650213e+01,-5.42332487e+00,-2.62416965e+01,1.00004289e-09
19,4.96064928e-01,1.57193490e-08,89,16,1,49,corr_ratio_high,1.78898214e+00,5.00000000e-01,2.49999683e+07,-3.16650213e+01,-5.42332487e+00,-2.62416965e+01,1.00004289e-09
19,4.96064928e-01,1.57193490e-08,89,16,2,50,normal_corr_dominates,2.13069624e+00,1.00000000e+00,2.50000061e+07,6.13213304e+00,-5.42332487e+00,1.15554579e+01,1.00016745e-09
19,4.96064928e-01,1.57193490e-08,89,16,2,50,corr_ratio_high,5.58622193e-01,5.00000000e-01,2.50000061e+07,6.13213304e+00,-5.42332487e+00,1.15554579e+01,1.00016745e-09
19,4.96064928e-01,1.57193490e-08,89,17,1,52,normal_corr_dominates,1.66281951e+00,1.00000000e+00,2.49999888e+07,-1.12009027e+01,-4.20640702e+00,-6.99449565e+00,1.00004929e-09
19,4.96064928e-01,1.57193490e-08,89,17,1,52,corr_ratio_high,1.50287291e+00,5.00000000e-01,2.49999888e+07,-1.12009027e+01,-4.20640702e+00,-6.99449565e+00,1.00004929e-09
19,4.96064928e-01,1.57193490e-08,89,18,0,54,normal_corr_dominates,5.64046437e+00,1.00000000e+00,2.50000095e+07,9.47238488e+00,-2.04125797e+00,1.15136428e+01,1.00005448e-09
19,4.96064928e-01,1.57193490e-08,89,18,0,54,corr_ratio_high,6.17795922e-01,5.00000000e-01,2.50000095e+07,9.47238488e+00,-2.04125797e+00,1.15136428e+01,1.00005448e-09
19,4.96064928e-01,1.57193490e-08,89,18,1,55,normal_corr_dominates,7.14386060e+00,1.00000000e+00,2.49999834e+07,-1.66237204e+01,-2.04125797e+00,-1.45824624e+01,1.00006958e-09
19,4.96064928e-01,1.57193490e-08,89,19,0,57,normal_corr_dominates,3.42708538e+01,1.00000000e+00,2.49999919e+07,-8.12472754e+00,-2.30352449e-01,-7.89437509e+00,1.00016600e-09
19,4.96064928e-01,1.57193490e-08,89,19,0,57,corr_ratio_high,5.00694096e-01,5.00000000e-01,2.49999919e+07,-8.12472754e+00,-2.30352449e-01,-7.89437509e+00,1.00016600e-09
19,4.96064928e-01,1.57193490e-08,89,19,1,58,normal_corr_dominates,6.65803792e+01,1.00000000e+00,2.49999844e+07,-1.55673058e+01,-2.30352449e-01,-1.53369534e+01,1.00004549e-09
19,4.96064928e-01,1.57193490e-08,89,19,1,58,corr_ratio_high,1.58042362e+00,5.00000000e-01,2.49999844e+07,-1.55673058e+01,-2.30352449e-01,-1.53369534e+01,1.00004549e-09
19,4.96064928e-01,1.57193490e-08,89,19,2,59,normal_corr_dominates,9.75555958e+00,1.00000000e+00,2.50000020e+07,2.01686459e+00,-2.30352449e-01,2.24721704e+00,1.00006708e-09
19,4.96064928e-01,1.57193490e-08,89,20,0,60,corr_ratio_high,3.24521134e+00,5.00000000e-01,2.49999962e+07,-3.75930872e+00,-1.93278737e+00,-1.82652135e+00,1.00001389e-09
19,4.96064928e-01,1.57193490e-08,89,20,1,61,normal_corr_dominates,7.40433924e+00,1.00000000e+00,2.50000124e+07,1.23782260e+01,-1.93278737e+00,1.43110134e+01,1.00014334e-09
19,4.96064928e-01,1.57193490e-08,89,20,2,62,normal_corr_dominates,2.54173889e+00,1.00000000e+00,2.50000030e+07,2.97985346e+00,-1.93278737e+00,4.91264083e+00,1.00013291e-09
19,4.96064928e-01,1.57193490e-08,89,22,0,66,normal_corr_dominates,2.66842294e+00,1.00000000e+00,2.50000055e+07,5.52738497e+00,-3.31293994e+00,8.84032491e+00,1.00011936e-09
19,4.96064928e-01,1.57193490e-08,89,22,2,68,normal_corr_dominates,8.04837343e+00,1.00000000e+00,2.49999700e+07,-2.99767177e+01,-3.31293994e+00,-2.66637778e+01,1.00009487e-09
19,4.96064928e-01,1.57193490e-08,89,23,0,69,normal_corr_dominates,1.24468815e+00,1.00000000e+00,2.49999842e+07,-1.58454207e+01,-7.05907440e+00,-8.78634625e+00,1.00011565e-09
19,4.96064928e-01,1.57193490e-08,89,23,1,70,normal_corr_dominates,2.06036266e+00,1.00000000e+00,2.50000075e+07,7.48517890e+00,-7.05907440e+00,1.45442533e+01,1.00006815e-09
19,4.96064928e-01,1.57193490e-08,89,24,0,72,normal_corr_dominates,1.76399387e+01,1.00000000e+00,2.50000144e+07,1.43526745e+01,-8.62543715e-01,1.52152182e+01,1.00008548e-09
19,4.96064928e-01,1.57193490e-08,89,24,1,73,normal_corr_dominates,1.26653474e+01,1.00000000e+00,2.50000101e+07,1.00618721e+01,-8.62543715e-01,1.09244158e+01,1.00010561e-09
19,4.96064928e-01,1.57193490e-08,89,24,2,74,normal_corr_dominates,2.38511662e+01,1.00000000e+00,2.49999786e+07,-2.14352172e+01,-8.62543715e-01,-2.05726735e+01,1.00010074e-09
19,4.96064928e-01,1.57193490e-08,89,27,1,82,normal_corr_dominates,2.30535850e+00,1.00000000e+00,2.50000111e+07,1.11283283e+01,-8.52511268e+00,1.96534410e+01,1.00010756e-09
19,4.96064928e-01,1.57193490e-08,89,28,0,84,normal_corr_dominates,1.01785008e+01,1.00000000e+00,2.49999724e+07,-2.76002318e+01,-2.46904593e+00,-2.51311859e+01,1.00010669e-09
19,4.96064928e-01,1.57193490e-08,89,28,1,85,normal_corr_dominates,6.62283422e+00,1.00000000e+00,2.50000139e+07,1.38830360e+01,-2.46904593e+00,1.63520819e+01,1.00009651e-09
19,4.96064928e-01,1.57193490e-08,89,28,2,86,normal_corr_dominates,8.84759193e+00,1.00000000e+00,2.49999757e+07,-2.43141568e+01,-2.46904593e+00,-2.18451109e+01,1.00011190e-09
19,4.96064928e-01,1.57193490e-08,89,30,0,90,normal_corr_dominates,1.63524545e+01,1.00000000e+00,2.49999904e+07,-9.60009752e+00,6.25313531e-01,-1.02254111e+01,1.00011657e-09
19,4.96064928e-01,1.57193490e-08,89,30,1,91,normal_corr_dominates,1.50638228e+01,1.00000000e+00,2.50000100e+07,1.00449258e+01,6.25313531e-01,9.41961224e+00,1.00009101e-09
19,4.96064928e-01,1.57193490e-08,89,30,2,92,normal_corr_dominates,3.07159249e+01,1.00000000e+00,2.49999814e+07,-1.85817699e+01,6.25313531e-01,-1.92070835e+01,1.00009580e-09
19,4.96064928e-01,1.57193490e-08,89,9,0,27,normal_corr_dominates,2.57510709e+00,1.00000000e+00,2.50000079e+07,7.93078272e+00,-5.03507524e+00,1.29658580e+01,1.00009148e-09
19,4.96064928e-01,1.57193490e-08,89,9,1,28,normal_corr_dominates,2.66604022e+00,1.00000000e+00,2.49999815e+07,-1.84587883e+01,-5.03507524e+00,-1.34237131e+01,1.00011708e-09
19,4.96064928e-01,1.57193490e-08,89,9,2,29,normal_corr_dominates,4.27075145e+00,1.00000000e+00,2.50000165e+07,1.64684797e+01,-5.03507524e+00,2.15035549e+01,1.00010251e-09
19,4.96064928e-01,1.57193490e-08,89,8,0,24,normal_corr_dominates,1.47167340e+00,1.00000000e+00,2.49999889e+07,-1.10942440e+01,-4.48855582e+00,-6.60568819e+00,1.00012778e-09
19,4.96064928e-01,1.57193490e-08,89,8,2,26,normal_corr_dominates,2.16966440e+00,1.00000000e+00,2.50000053e+07,5.25010396e+00,-4.48855582e+00,9.73865978e+00,1.00007447e-09
19,4.96064928e-01,1.57193490e-08,89,8,2,26,corr_ratio_high,5.88993850e-01,5.00000000e-01,2.50000053e+07,5.25010396e+00,-4.48855582e+00,9.73865978e+00,1.00007447e-09
20,5.22361202e-01,1.65526276e-08,89,0,0,0,normal_corr_dominates,4.21473006e+00,1.00000000e+00,2.49999420e+07,-5.80343342e+01,-1.11289240e+01,-4.69054103e+01,1.00017482e-09
20,5.22361202e-01,1.65526276e-08,89,0,1,1,normal_corr_dominates,2.31705351e+00,1.00000000e+00,2.50000147e+07,1.46573884e+01,-1.11289240e+01,2.57863123e+01,1.00007743e-09
20,5.22361202e-01,1.65526276e-08,89,0,1,1,corr_ratio_high,5.23571083e-01,5.00000000e-01,2.50000147e+07,1.46573884e+01,-1.11289240e+01,2.57863123e+01,1.00007743e-09
20,5.22361202e-01,1.65526276e-08,89,0,2,2,normal_corr_dominates,3.50118689e+00,1.00000000e+00,2.50000278e+07,2.78355187e+01,-1.11289240e+01,3.89644426e+01,1.00008132e-09
20,5.22361202e-01,1.65526276e-08,89,1,0,3,normal_corr_dominates,2.82993347e+00,1.00000000e+00,2.49999762e+07,-2.38195962e+01,-6.21932377e+00,-1.76002725e+01,1.00013922e-09
20,5.22361202e-01,1.65526276e-08,89,1,1,4,normal_corr_dominates,1.90024007e+00,1.00000000e+00,2.50000056e+07,5.59888448e+00,-6.21932377e+00,1.18182082e+01,1.00007270e-09
20,5.22361202e-01,1.65526276e-08,89,1,1,4,corr_ratio_high,6.39122119e-01,5.00000000e-01,2.50000056e+07,5.59888448e+00,-6.21932377e+00,1.18182082e+01,1.00007270e-09
20,5.22361202e-01,1.65526276e-08,89,1,2,5,normal_corr_dominates,4.44266616e+00,1.00000000e+00,2.50000214e+07,2.14110555e+01,-6.21932377e+00,2.76303792e+01,1.00011460e-09
20,5.22361202e-01,1.65526276e-08,89,2,0,6,normal_corr_dominates,2.75827502e+00,1.00000000e+00,2.49999888e+07,-1.12126142e+01,-2.98344697e+00,-8.22916726e+00,1.00009625e-09
20,5.22361202e-01,1.65526276e-08,89,2,1,7,normal_corr_dominates,5.18451331e+00,1.00000000e+00,2.50000125e+07,1.24842735e+01,-2.98344697e+00,1.54677205e+01,1.00006471e-09
20,5.22361202e-01,1.65526276e-08,89,3,0,9,normal_corr_dominates,7.45962734e+00,1.00000000e+00,2.50000160e+07,1.59880847e+01,-2.47507849e+00,1.84631632e+01,1.00011842e-09
20,5.22361202e-01,1.65526276e-08,89,3,2,11,normal_corr_dominates,3.22085257e+00,1.00000000e+00,2.50000055e+07,5.49678443e+00,-2.47507849e+00,7.97186292e+00,1.00012121e-09
20,5.22361202e-01,1.65526276e-08,89,4,0,12,normal_corr_dominates,2.63353031e+00,1.00000000e+00,2.50000078e+07,7.77142294e+00,-4.75744032e+00,1.25288633e+01,1.00003534e-09
20,5.22361202e-01,1.65526276e-08,89,4,0,12,corr_ratio_high,1.49880413e+00,5.00000000e-01,2.50000078e+07,7.77142294e+00,-4.75744032e+00,1.25288633e+01,1.00003534e-09
20,5.22361202e-01,1.65526276e-08,89,4,2,14,normal_corr_dominates,2.14670542e+00,1.00000000e+00,2.49999850e+07,-1.49702633e+01,-4.75744032e+00,-1.02128229e+01,1.00018980e-09
20,5.22361202e-01,1.65526276e-08,89,4,2,14,corr_ratio_high,5.78108825e-01,5.00000000e-01,2.49999850e+07,-1.49702633e+01,-4.75744032e+00,-1.02128229e+01,1.00018980e-09
20,5.22361202e-01,1.65526276e-08,89,5,0,15,normal_corr_dominates,6.12628068e+00,1.00000000e+00,2.49999847e+07,-1.52615543e+01,-2.14158759e+00,-1.31199667e+01,1.00006675e-09
20,5.22361202e-01,1.65526276e-08,89,5,0,15,corr_ratio_high,8.43853897e-01,5.00000000e-01,2.49999847e+07,-1.52615543e+01,-2.14158759e+00,-1.31199667e+01,1.00006675e-09
20,5.22361202e-01,1.65526276e-08,89,5,1,16,normal_corr_dominates,5.97607482e+00,1.00000000e+00,2.49999851e+07,-1.49398753e+01,-2.14158759e+00,-1.27982877e+01,1.00011859e-09
20,5.22361202e-01,1.65526276e-08,89,5,2,17,normal_corr_dominates,9.09078800e+00,1.00000000e+00,2.50000173e+07,1.73271312e+01,-2.14158759e+00,1.94687188e+01,1.00007175e-09
20,5.22361202e-01,1.65526276e-08,89,6,0,18,normal_corr_dominates,1.17265327e+01,1.00000000e+00,2.49999978e+07,-2.16260060e+00,2.01612269e-01,-2.36421287e+00,1.00008506e-09
20,5.22361202e-01,1.65526276e-08,89,6,1,19,normal_corr_dominates,1.22446583e+01,1.00000000e+00,2.50000027e+07,2.67028560e+00,2.01612269e-01,2.46867333e+00,1.00007983e-09
20,5.22361202e-01,1.65526276e-08,89,6,2,20,normal_corr_dominates,2.17667322e+00,1.00000000e+00,2.50000006e+07,6.40456295e-01,2.01612269e-01,4.38844026e-01,1.00012021e-09
20,5.22361202e-01,1.65526276e-08,89,12,1,37,corr_ratio_high,1.46031301e+00,5.00000000e-01,2.49999990e+07,-9.73773597e-01,-4.77481492e+00,3.80104132e+00,1.00004221e-09
20,5.22361202e-01,1.65526276e-08,89,12,2,38,normal_corr_dominates,4.16801940e+00,1.00000000e+00,2.50000151e+07,1.51267063e+01,-4.77481492e+00,1.99015212e+01,1.00012759e-09
20,5.22361202e-01,1.65526276e-08,89,13,0,39,normal_corr_dominates,1.45464739e+01,1.00000000e+00,2.49999866e+07,-1.34235972e+01,-8.63449633e-01,-1.25601475e+01,1.00005483e-09
20,5.22361202e-01,1.65526276e-08,89,13,0,39,corr_ratio_high,1.25414751e+00,5.00000000e-01,2.49999866e+07,-1.34235972e+01,-8.63449633e-01,-1.25601475e+01,1.00005483e-09
20,5.22361202e-01,1.65526276e-08,89,13,1,40,normal_corr_dominates,2.85594326e+01,1.00000000e+00,2.49999745e+07,-2.55230813e+01,-8.63449633e-01,-2.46596316e+01,1.00004288e-09
20,5.22361202e-01,1.65526276e-08,89,13,1,40,corr_ratio_high,2.14054698e+00,5.00000000e-01,2.49999745e+07,-2.55230813e+01,-8.63449633e-01,-2.46596316e+01,1.00004288e-09
20,5.22361202e-01,1.65526276e-08,89,13,2,41,normal_corr_dominates,2.81629224e+01,1.00000000e+00,2.50000235e+07,2.34538154e+01,-8.63449633e-01,2.43172650e+01,1.00019017e-09
20,5.22361202e-01,1.65526276e-08,89,13,2,41,corr_ratio_high,5.79033437e-01,5.00000000e-01,2.50000235e+07,2.34538154e+01,-8.63449633e-01,2.43172650e+01,1.00019017e-09
20,5.22361202e-01,1.65526276e-08,89,14,0,42,normal_corr_dominates,4.64685492e+00,1.00000000e+00,2.50000330e+07,3.29542635e+01,-9.03635167e+00,4.19906152e+01,1.00014039e-09
20,5.22361202e-01,1.65526276e-08,89,14,1,43,normal_corr_dominates,4.57170686e+00,1.00000000e+00,2.49999497e+07,-5.03479026e+01,-9.03635167e+00,-4.13115509e+01,1.00010202e-09
20,5.22361202e-01,1.65526276e-08,89,14,1,43,corr_ratio_high,7.88272648e-01,5.00000000e-01,2.49999497e+07,-5.03479026e+01,-9.03635167e+00,-4.13115509e+01,1.00010202e-09
20,5.22361202e-01,1.65526276e-08,89,14,2,44,normal_corr_dominates,3.50844123e+00,1.00000000e+00,2.49999593e+07,-4.07398604e+01,-9.03635167e+00,-3.17035087e+01,1.00010162e-09
20,5.22361202e-01,1.65526276e-08,89,15,0,45,normal_corr_dominates,4.28828034e+00,1.00000000e+00,2.49999778e+07,-2.21630959e+01,-4.19098356e+00,-1.79721124e+01,1.00006866e-09
20,5.22361202e-01,1.65526276e-08,89,15,0,45,corr_ratio_high,8.63197953e-01,5.00000000e-01,2.49999778e+07,-2.21630959e+01,-4.19098356e+00,-1.79721124e+01,1.00006866e-09
20,5.22361202e-01,1.65526276e-08,89,15,1,46,normal_corr_dominates,4.45081087e+00,1.00000000e+00,2.50000145e+07,1.44622916e+01,-4.19098356e+00,1.86532752e+01,1.00007948e-09
20,5.22361202e-01,1.65526276e-08,89,15,2,47,normal_corr_dominates,2.41689212e+00,1.00000000e+00,2.50000059e+07,5.93817156e+00,-4.19098356e+00,1.01291551e+01,1.00011800e-09
20,5.22361202e-01,1.65526276e-08,89,16,0,48,normal_corr_dominates,2.23523976e+00,1.00000000e+00,2.50000070e+07,7.03418760e+00,-5.69459293e+00,1.27287805e+01,1.00009328e-09
20,5.22361202e-01,1.65526276e-08,89,16,1,49,normal_corr_dominates,4.83774129e+00,1.00000000e+00,2.49999668e+07,-3.32435603e+01,-5.69459293e+00,-2.75489673e+01,1.00004504e-09
20,5.22361202e-01,1.65526276e-08,89,16,1,49,corr_ratio_high,1.78882886e+00,5.00000000e-01,2.49999668e+07,-3.32435603e+01,-5.69459293e+00,-2.75489673e+01,1.00004504e-09
20,5.22361202e-01,1.65526276e-08,89,16,2,50,normal_corr_dominates,2.12913768e+00,1.00000000e+00,2.50000064e+07,6.42997948e+00,-5.69459293e+00,1.21245724e+01,1.00017582e-09
20,5.22361202e-01,1.65526276e-08,89,16,2,50,corr_ratio_high,5.58638978e-01,5.00000000e-01,2.50000064e+07,6.42997948e+00,-5.69459293e+00,1.21245724e+01,1.00017582e-09
20,5.22361202e-01,1.65526276e-08,89,17,1,52,normal_corr_dominates,1.66254395e+00,1.00000000e+00,2.49999882e+07,-1.17593864e+01,-4.41659806e+00,-7.34278836e+00,1.00005176e-09
20,5.22361202e-01,1.65526276e-08,89,17,1,52,corr_ratio_high,1.50249327e+00,5.00000000e-01,2.49999882e+07,-1.17593864e+01,-4.41659806e+00,-7.34278836e+00,1.00005176e-09
20,5.22361202e-01,1.65526276e-08,89,18,0,54,normal_corr_dominates,5.64044232e+00,1.00000000e+00,2.50000099e+07,9.94464096e+00,-2.14303730e+00,1.20876783e+01,1.00005720e-09
20,5.22361202e-01,1.65526276e-08,89,18,0,54,corr_ratio_high,6.17762338e-01,5.00000000e-01,2.50000099e+07,9.94464096e+00,-2.14303730e+00,1.20876783e+01,1.00005720e-09
20,5.22361202e-01,1.65526276e-08,89,18,1,55,normal_corr_dominates,7.14422014e+00,1.00000000e+00,2.49999825e+07,-1.74533675e+01,-2.14303730e+00,-1.53103302e+01,1.00007306e-09
20,5.22361202e-01,1.65526276e-08,89,19,0,57,normal_corr_dominates,3.43065549e+01,1.00000000e+00,2.49999915e+07,-8.53063542e+00,-2.41616194e-01,-8.28901923e+00,1.00017428e-09
20,5.22361202e-01,1.65526276e-08,89,19,0,57,corr_ratio_high,5.00692452e-01,5.00000000e-01,2.49999915e+07,-8.53063542e+00,-2.41616194e-01,-8.28901923e+00,1.00017428e-09
20,5.22361202e-01,1.65526276e-08,89,19,1,58,normal_corr_dominates,6.66414310e+01,1.00000000e+00,2.49999837e+07,-1.63432651e+01,-2.41616194e-01,-1.61016489e+01,1.00004777e-09
20,5.22361202e-01,1.65526276e-08,89,19,1,58,corr_ratio_high,1.58000285e+00,5.00000000e-01,2.49999837e+07,-1.63432651e+01,-2.41616194e-01,-1.61016489e+01,1.00004777e-09
20,5.22361202e-01,1.65526276e-08,89,19,2,59,normal_corr_dominates,9.76812117e+00,1.00000000e+00,2.50000021e+07,2.11852007e+00,-2.41616194e-01,2.36013626e+00,1.00007043e-09
20,5.22361202e-01,1.65526276e-08,89,20,0,60,corr_ratio_high,3.24446100e+00,5.00000000e-01,2.49999961e+07,-3.94823487e+00,-2.03021449e+00,-1.91802038e+00,1.00001459e-09
20,5.22361202e-01,1.65526276e-08,89,20,1,61,normal_corr_dominates,7.40036424e+00,1.00000000e+00,2.50000130e+07,1.29941122e+01,-2.03021449e+00,1.50243267e+01,1.00015050e-09
20,5.22361202e-01,1.65526276e-08,89,20,2,62,normal_corr_dominates,2.54054956e+00,1.00000000e+00,2.50000031e+07,3.12764603e+00,-2.03021449e+00,5.15786051e+00,1.00013955e-09
20,5.22361202e-01,1.65526276e-08,89,22,0,66,normal_corr_dominates,2.66801700e+00,1.00000000e+00,2.50000058e+07,5.80271101e+00,-3.47880808e+00,9.28151909e+00,1.00012532e-09
20,5.22361202e-01,1.65526276e-08,89,22,2,68,normal_corr_dominates,8.04840591e+00,1.00000000e+00,2.49999685e+07,-3.14776675e+01,-3.47880808e+00,-2.79988595e+01,1.00009961e-09
20,5.22361202e-01,1.65526276e-08,89,23,0,69,normal_corr_dominates,1.24500162e+00,1.00000000e+00,2.49999834e+07,-1.66360398e+01,-7.41025738e+00,-9.22578243e+00,1.00012142e-09
20,5.22361202e-01,1.65526276e-08,89,23,1,70,normal_corr_dominates,2.06047559e+00,1.00000000e+00,2.50000079e+07,7.85839709e+00,-7.41025738e+00,1.52686545e+01,1.00007155e-09
20,5.22361202e-01,1.65526276e-08,89,24,0,72,normal_corr_dominates,1.76673772e+01,1.00000000e+00,2.50000151e+07,1.50716265e+01,-9.04259042e-01,1.59758856e+01,1.00008974e-09
20,5.22361202e-01,1.65526276e-08,89,24,1,73,normal_corr_dominates,1.26874653e+01,1.00000000e+00,2.50000106e+07,1.05684962e+01,-9.04259042e-01,1.14727552e+01,1.00011088e-09
20,5.22361202e-01,1.65526276e-08,89,24,2,74,normal_corr_dominates,2.38934506e+01,1.00000000e+00,2.49999775e+07,-2.25101278e+01,-9.04259042e-01,-2.16058687e+01,1.00010577e-09
20,5.22361202e-01,1.65526276e-08,89,27,1,82,normal_corr_dominates,2.30512411e+00,1.00000000e+00,2.50000117e+07,1.16826703e+01,-8.95138648e+00,2.06340568e+01,1.00011293e-09
20,5.22361202e-01,1.65526276e-08,89,28,0,84,normal_corr_dominates,1.01869157e+01,1.00000000e+00,2.49999710e+07,-2.89754291e+01,-2.59011775e+00,-2.63853113e+01,1.00011201e-09
20,5.22361202e-01,1.65526276e-08,89,28,1,85,normal_corr_dominates,6.62885248e+00,1.00000000e+00,2.50000146e+07,1.45793908e+01,-2.59011775e+00,1.71695085e+01,1.00010132e-09
20,5.22361202e-01,1.65526276e-08,89,28,2,86,normal_corr_dominates,8.85874278e+00,1.00000000e+00,2.49999745e+07,-2.55353047e+01,-2.59011775e+00,-2.29451870e+01,1.00011750e-09
20,5.22361202e-01,1.65526276e-08,89,30,0,90,normal_corr_dominates,1.63332871e+01,1.00000000e+00,2.49999899e+07,-1.00790347e+01,6.57330330e-01,-1.07363650e+01,1.00012238e-09
20,5.22361202e-01,1.65526276e-08,89,30,1,91,normal_corr_dominates,1.50498413e+01,1.00000000e+00,2.50000106e+07,1.05500474e+01,6.57330330e-01,9.89271711e+00,1.00009555e-09
20,5.22361202e-01,1.65526276e-08,89,30,2,92,normal_corr_dominates,3.06858261e+01,1.00000000e+00,2.49999805e+07,-1.95133939e+01,6.57330330e-01,-2.01707242e+01,1.00010058e-09
20,5.22361202e-01,1.65526276e-08,89,9,0,27,normal_corr_dominates,2.57384331e+00,1.00000000e+00,2.50000083e+07,8.31994446e+00,-5.28638678e+00,1.36063312e+01,1.00009606e-09
20,5.22361202e-01,1.65526276e-08,89,9,1,28,normal_corr_dominates,2.66522369e+00,1.00000000e+00,2.49999806e+07,-1.93757901e+01,-5.28638678e+00,-1.40894033e+01,1.00012291e-09
20,5.22361202e-01,1.65526276e-08,89,9,2,29,normal_corr_dominates,4.27085692e+00,1.00000000e+00,2.50000173e+07,1.72910148e+01,-5.28638678e+00,2.25774016e+01,1.00010763e-09
20,5.22361202e-01,1.65526276e-08,89,8,0,24,normal_corr_dominates,1.47177349e+00,1.00000000e+00,2.49999884e+07,-1.16470359e+01,-4.71201585e+00,-6.93502004e+00,1.00013415e-09
20,5.22361202e-01,1.65526276e-08,89,8,2,26,normal_corr_dominates,2.17025381e+00,1.00000000e+00,2.50000055e+07,5.51425452e+00,-4.71201585e+00,1.02262704e+01,1.00007819e-09
20,5.22361202e-01,1.65526276e-08,89,8,2,26,corr_ratio_high,5.88963096e-01,5.00000000e-01,2.50000055e+07,5.51425452e+00,-4.71201585e+00,1.02262704e+01,1.00007819e-09
21,5.46671479e-01,1.73229738e-08,89,0,0,0,normal_corr_dominates,4.21435498e+00,1.00000000e+00,2.49999394e+07,-6.05746626e+01,-1.16169043e+01,-4.89577583e+01,1.00018247e-09
21,5.46671479e-01,1.73229738e-08,89,0,1,1,normal_corr_dominates,2.31741873e+00,1.00000000e+00,2.50000153e+07,1.53043273e+01,-1.16169043e+01,2.69212315e+01,1.00008080e-09
21,5.46671479e-01,1.73229738e-08,89,0,1,1,corr_ratio_high,5.23713039e-01,5.00000000e-01,2.50000153e+07,1.53043273e+01,-1.16169043e+01,2.69212315e+01,1.00008080e-09
21,5.46671479e-01,1.73229738e-08,89,0,2,2,normal_corr_dominates,3.50081801e+00,1.00000000e+00,2.50000291e+07,2.90517634e+01,-1.16169043e+01,4.06686676e+01,1.00008490e-09
21,5.46671479e-01,1.73229738e-08,89,1,0,3,normal_corr_dominates,2.82989369e+00,1.00000000e+00,2.49999751e+07,-2.48607079e+01,-6.49122661e+00,-1.83694813e+01,1.00014530e-09
21,5.46671479e-01,1.73229738e-08,89,1,1,4,normal_corr_dominates,1.90055585e+00,1.00000000e+00,2.50000058e+07,5.84571212e+00,-6.49122661e+00,1.23369387e+01,1.00007587e-09
21,5.46671479e-01,1.73229738e-08,89,1,1,4,corr_ratio_high,6.39184688e-01,5.00000000e-01,2.50000058e+07,5.84571212e+00,-6.49122661e+00,1.23369387e+01,1.00007587e-09
21,5.46671479e-01,1.73229738e-08,89,1,2,5,normal_corr_dominates,4.44302188e+00,1.00000000e+00,2.50000223e+07,2.23494352e+01,-6.49122661e+00,2.88406619e+01,1.00011963e-09
21,5.46671479e-01,1.73229738e-08,89,2,0,6,normal_corr_dominates,2.75962495e+00,1.00000000e+00,2.49999883e+07,-1.17054039e+01,-3.11344988e+00,-8.59195397e+00,1.00010047e-09
21,5.46671479e-01,1.73229738e-08,89,2,1,7,normal_corr_dominates,5.18596613e+00,1.00000000e+00,2.50000130e+07,1.30327957e+01,-3.11344988e+00,1.61462456e+01,1.00006754e-09
21,5.46671479e-01,1.73229738e-08,89,3,0,9,normal_corr_dominates,7.45870989e+00,1.00000000e+00,2.50000167e+07,1.66839318e+01,-2.58316786e+00,1.92670996e+01,1.00012361e-09
21,5.46671479e-01,1.73229738e-08,89,3,2,11,normal_corr_dominates,3.22083784e+00,1.00000000e+00,2.50000057e+07,5.73679692e+00,-2.58316786e+00,8.31996478e+00,1.00012651e-09
21,5.46671479e-01,1.73229738e-08,89,4,0,12,normal_corr_dominates,2.63412088e+00,1.00000000e+00,2.50000081e+07,8.11357236e+00,-4.96509926e+00,1.30786716e+01,1.00003687e-09
21,5.46671479e-01,1.73229738e-08,89,4,0,12,corr_ratio_high,1.49892575e+00,5.00000000e-01,2.50000081e+07,8.11357236e+00,-4.96509926e+00,1.30786716e+01,1.00003687e-09
21,5.46671479e-01,1.73229738e-08,89,4,2,14,normal_corr_dominates,2.14784468e+00,1.00000000e+00,2.49999844e+07,-1.56293613e+01,-4.96509926e+00,-1.06642620e+01,1.00019811e-09
21,5.46671479e-01,1.73229738e-08,89,4,2,14,corr_ratio_high,5.78119800e-01,5.00000000e-01,2.49999844e+07,-1.56293613e+01,-4.96509926e+00,-1.06642620e+01,1.00019811e-09
21,5.46671479e-01,1.73229738e-08,89,5,0,15,normal_corr_dominates,6.12399140e+00,1.00000000e+00,2.49999841e+07,-1.59254532e+01,-2.23546777e+00,-1.36899854e+01,1.00006967e-09
21,5.46671479e-01,1.73229738e-08,89,5,0,15,corr_ratio_high,8.43896766e-01,5.00000000e-01,2.49999841e+07,-1.59254532e+01,-2.23546777e+00,-1.36899854e+01,1.00006967e-09
21,5.46671479e-01,1.73229738e-08,89,5,1,16,normal_corr_dominates,5.97883994e+00,1.00000000e+00,2.49999844e+07,-1.56009718e+01,-2.23546777e+00,-1.33655040e+01,1.00012379e-09
21,5.46671479e-01,1.73229738e-08,89,5,2,17,normal_corr_dominates,9.09056219e+00,1.00000000e+00,2.50000181e+07,1.80861910e+01,-2.23546777e+00,2.03216588e+01,1.00007489e-09
21,5.46671479e-01,1.73229738e-08,89,6,0,18,normal_corr_dominates,1.16986837e+01,1.00000000e+00,2.49999977e+07,-2.25757963e+00,2.11014710e-01,-2.46859434e+00,1.00008879e-09
21,5.46671479e-01,1.73229738e-08,89,6,1,19,normal_corr_dominates,1.22081675e+01,1.00000000e+00,2.50000028e+07,2.78711764e+00,2.11014710e-01,2.57610293e+00,1.00008333e-09
21,5.46671479e-01,1.73229738e-08,89,6,2,20,normal_corr_dominates,2.17166959e+00,1.00000000e+00,2.50000007e+07,6.69268937e-01,2.11014710e-01,4.58254228e-01,1.00012548e-09
21,5.46671479e-01,1.73229738e-08,89,12,1,37,corr_ratio_high,1.46027235e+00,5.00000000e-01,2.49999990e+07,-1.01548645e+00,-4.98291375e+00,3.96742729e+00,1.00004405e-09
21,5.46671479e-01,1.73229738e-08,89,12,2,38,normal_corr_dominates,4.16851820e+00,1.00000000e+00,2.50000158e+07,1.57884529e+01,-4.98291375e+00,2.07713666e+01,1.00013319e-09
21,5.46671479e-01,1.73229738e-08,89,13,0,39,normal_corr_dominates,1.45250999e+01,1.00000000e+00,2.49999860e+07,-1.40132639e+01,-9.02619885e-01,-1.31106440e+01,1.00005724e-09
21,5.46671479e-01,1.73229738e-08,89,13,0,39,corr_ratio_high,1.25384895e+00,5.00000000e-01,2.49999860e+07,-1.40132639e+01,-9.02619885e-01,-1.31106440e+01,1.00005724e-09
21,5.46671479e-01,1.73229738e-08,89,13,1,40,normal_corr_dominates,2.85142189e+01,1.00000000e+00,2.49999734e+07,-2.66401209e+01,-9.02619885e-01,-2.57375010e+01,1.00004476e-09
21,5.46671479e-01,1.73229738e-08,89,13,1,40,corr_ratio_high,2.14050889e+00,5.00000000e-01,2.49999734e+07,-2.66401209e+01,-9.02619885e-01,-2.57375010e+01,1.00004476e-09
21,5.46671479e-01,1.73229738e-08,89,13,2,41,normal_corr_dominates,2.81174221e+01,1.00000000e+00,2.50000245e+07,2.44767244e+01,-9.02619885e-01,2.53793443e+01,1.00019849e-09
21,5.46671479e-01,1.73229738e-08,89,13,2,41,corr_ratio_high,5.79032987e-01,5.00000000e-01,2.50000245e+07,2.44767244e+01,-9.02619885e-01,2.53793443e+01,1.00019849e-09
21,5.46671479e-01,1.73229738e-08,89,14,0,42,normal_corr_dominates,4.64822773e+00,1.00000000e+00,2.50000344e+07,3.44075672e+01,-9.43131015e+00,4.38388774e+01,1.00014651e-09
21,5.46671479e-01,1.73229738e-08,89,14,1,43,normal_corr_dominates,4.57217529e+00,1.00000000e+00,2.49999474e+07,-5.25529133e+01,-9.43131015e+00,-4.31216032e+01,1.00010648e-09
21,5.46671479e-01,1.73229738e-08,89,14,1,43,corr_ratio_high,7.88334535e-01,5.00000000e-01,2.49999474e+07,-5.25529133e+01,-9.43131015e+00,-4.31216032e+01,1.00010648e-09
21,5.46671479e-01,1.73229738e-08,89,14,2,44,normal_corr_dominates,3.50988712e+00,1.00000000e+00,2.49999575e+07,-4.25341442e+01,-9.43131015e+00,-3.31028340e+01,1.00010609e-09
21,5.46671479e-01,1.73229738e-08,89,15,0,45,normal_corr_dominates,4.28946803e+00,1.00000000e+00,2.49999769e+07,-2.31313015e+01,-4.37308655e+00,-1.87582149e+01,1.00007168e-09
21,5.46671479e-01,1.73229738e-08,89,15,0,45,corr_ratio_high,8.63078261e-01,5.00000000e-01,2.49999769e+07,-2.31313015e+01,-4.37308655e+00,-1.87582149e+01,1.00007168e-09
21,5.46671479e-01,1.73229738e-08,89,15,1,46,normal_corr_dominates,4.45210173e+00,1.00000000e+00,2.50000151e+07,1.50963397e+01,-4.37308655e+00,1.94694262e+01,1.00008296e-09
21,5.46671479e-01,1.73229738e-08,89,15,2,47,normal_corr_dominates,2.41823388e+00,1.00000000e+00,2.50000062e+07,6.20205950e+00,-4.37308655e+00,1.05751461e+01,1.00012315e-09
21,5.46671479e-01,1.73229738e-08,89,16,0,48,normal_corr_dominates,2.23614326e+00,1.00000000e+00,2.50000073e+07,7.34814087e+00,-5.94440879e+00,1.32925497e+01,1.00009735e-09
21,5.46671479e-01,1.73229738e-08,89,16,1,49,normal_corr_dominates,4.83692562e+00,1.00000000e+00,2.49999653e+07,-3.46970720e+01,-5.94440879e+00,-2.87526632e+01,1.00004701e-09
21,5.46671479e-01,1.73229738e-08,89,16,1,49,corr_ratio_high,1.78868847e+00,5.00000000e-01,2.49999653e+07,-3.46970720e+01,-5.94440879e+00,-2.87526632e+01,1.00004701e-09
21,5.46671479e-01,1.73229738e-08,89,16,2,50,normal_corr_dominates,2.12775592e+00,1.00000000e+00,2.50000067e+07,6.70384221e+00,-5.94440879e+00,1.26482510e+01,1.00018354e-09
21,5.46671479e-01,1.73229738e-08,89,16,2,50,corr_ratio_high,5.58654375e-01,5.00000000e-01,2.50000067e+07,6.70384221e+00,-5.94440879e+00,1.26482510e+01,1.00018354e-09
21,5.46671479e-01,1.73229738e-08,89,17,1,52,normal_corr_dominates,1.66228722e+00,1.00000000e+00,2.49999877e+07,-1.22735899e+01,-4.61016747e+00,-7.66342247e+00,1.00005404e-09
21,5.46671479e-01,1.73229738e-08,89,17,1,52,corr_ratio_high,1.50214633e+00,5.00000000e-01,2.49999877e+07,-1.22735899e+01,-4.61016747e+00,-7.66342247e+00,1.00005404e-09
21,5.46671479e-01,1.73229738e-08,89,18,0,54,normal_corr_dominates,5.64039365e+00,1.00000000e+00,2.50000104e+07,1.03794336e+01,-2.23675713e+00,1.26161907e+01,1.00005971e-09
21,5.46671479e-01,1.73229738e-08,89,18,0,54,corr_ratio_high,6.17730727e-01,5.00000000e-01,2.50000104e+07,1.03794336e+01,-2.23675713e+00,1.26161907e+01,1.00005971e-09
21,5.46671479e-01,1.73229738e-08,89,18,1,55,normal_corr_dominates,7.14453928e+00,1.00000000e+00,2.49999818e+07,-1.82173563e+01,-2.23675713e+00,-1.59805992e+01,1.00007627e-09
21,5.46671479e-01,1.73229738e-08,89,19,0,57,normal_corr_dominates,3.43388746e+01,1.00000000e+00,2.49999911e+07,-8.90448405e+00,-2.51974183e-01,-8.65250987e+00,1.00018190e-09
21,5.46671479e-01,1.73229738e-08,89,19,0,57,corr_ratio_high,5.00690083e-01,5.00000000e-01,2.49999911e+07,-8.90448405e+00,-2.51974183e-01,-8.65250987e+00,1.00018190e-09
21,5.46671479e-01,1.73229738e-08,89,19,1,58,normal_corr_dominates,6.66963807e+01,1.00000000e+00,2.49999829e+07,-1.70577402e+01,-2.51974183e-01,-1.68057660e+01,1.00004986e-09
21,5.46671479e-01,1.73229738e-08,89,19,1,58,corr_ratio_high,1.57961926e+00,5.00000000e-01,2.49999829e+07,-1.70577402e+01,-2.51974183e-01,-1.68057660e+01,1.00004986e-09
21,5.46671479e-01,1.73229738e-08,89,19,2,59,normal_corr_dominates,9.77958020e+00,1.00000000e+00,2.50000022e+07,2.21222754e+00,-2.51974183e-01,2.46420173e+00,1.00007351e-09
21,5.46671479e-01,1.73229738e-08,89,20,0,60,corr_ratio_high,3.24377959e+00,5.00000000e-01,2.49999959e+07,-4.12232362e+00,-2.11996775e+00,-2.00235587e+00,1.00001524e-09
21,5.46671479e-01,1.73229738e-08,89,20,1,61,normal_corr_dominates,7.39688578e+00,1.00000000e+00,2.50000136e+07,1.35611916e+01,-2.11996775e+00,1.56811593e+01,1.00015709e-09
21,5.46671479e-01,1.73229738e-08,89,20,2,62,normal_corr_dominates,2.53952300e+00,1.00000000e+00,2.50000033e+07,3.26373911e+00,-2.11996775e+00,5.38370687e+00,1.00014566e-09
21,5.46671479e-01,1.73229738e-08,89,22,0,66,normal_corr_dominates,2.66763821e+00,1.00000000e+00,2.50000061e+07,6.05618415e+00,-3.63159355e+00,9.68777770e+00,1.00013081e-09
21,5.46671479e-01,1.73229738e-08,89,22,2,68,normal_corr_dominates,8.04838262e+00,1.00000000e+00,2.49999671e+07,-3.28600480e+01,-3.63159355e+00,-2.92284544e+01,1.00010398e-09
21,5.46671479e-01,1.73229738e-08,89,23,0,69,normal_corr_dominates,1.24527402e+00,1.00000000e+00,2.49999826e+07,-1.73640743e+01,-7.73361028e+00,-9.63046397e+00,1.00012673e-09
21,5.46671479e-01,1.73229738e-08,89,23,1,70,normal_corr_dominates,2.06056821e+00,1.00000000e+00,2.50000082e+07,8.20202125e+00,-7.73361028e+00,1.59356315e+01,1.00007469e-09
21,5.46671479e-01,1.73229738e-08,89,24,0,72,normal_corr_dominates,1.76913736e+01,1.00000000e+00,2.50000157e+07,1.57337425e+01,-9.42627185e-01,1.66763697e+01,1.00009365e-09
21,5.46671479e-01,1.73229738e-08,89,24,1,73,normal_corr_dominates,1.27068676e+01,1.00000000e+00,2.50000110e+07,1.10352116e+01,-9.42627185e-01,1.19778388e+01,1.00011573e-09
21,5.46671479e-01,1.73229738e-08,89,24,2,74,normal_corr_dominates,2.39305572e+01,1.00000000e+00,2.49999765e+07,-2.35002209e+01,-9.42627185e-01,-2.25575938e+01,1.00011041e-09
21,5.46671479e-01,1.73229738e-08,89,27,1,82,normal_corr_dominates,2.30491577e+00,1.00000000e+00,2.50000122e+07,1.21930894e+01,-9.34396662e+00,2.15370560e+01,1.00011787e-09
21,5.46671479e-01,1.73229738e-08,89,28,0,84,normal_corr_dominates,1.01943214e+01,1.00000000e+00,2.49999698e+07,-3.02416508e+01,-2.70151711e+00,-2.75401337e+01,1.00011691e-09
21,5.46671479e-01,1.73229738e-08,89,28,1,85,normal_corr_dominates,6.63414978e+00,1.00000000e+00,2.50000152e+07,1.52207520e+01,-2.70151711e+00,1.79222691e+01,1.00010575e-09
21,5.46671479e-01,1.73229738e-08,89,28,2,86,normal_corr_dominates,8.86859829e+00,1.00000000e+00,2.49999733e+07,-2.66601871e+01,-2.70151711e+00,-2.39586700e+01,1.00012266e-09
21,5.46671479e-01,1.73229738e-08,89,30,0,90,normal_corr_dominates,1.63167826e+01,1.00000000e+00,2.49999895e+07,-1.05200575e+01,6.86832068e-01,-1.12068896e+01,1.00012774e-09
21,5.46671479e-01,1.73229738e-08,89,30,1,91,normal_corr_dominates,1.50378982e+01,1.00000000e+00,2.50000110e+07,1.10153428e+01,6.86832068e-01,1.03285107e+01,1.00009973e-09
21,5.46671479e-01,1.73229738e-08,89,30,2,92,normal_corr_dominates,3.06600834e+01,1.00000000e+00,2.49999796e+07,-2.03714964e+01,6.86832068e-01,-2.10583285e+01,1.00010499e-09
21,5.46671479e-01,1.73229738e-08,89,9,0,27,normal_corr_dominates,2.57270338e+00,1.00000000e+00,2.50000087e+07,8.67790326e+00,-5.51782580e+00,1.41957291e+01,1.00010027e-09
21,5.46671479e-01,1.73229738e-08,89,9,1,28,normal_corr_dominates,2.66448417e+00,1.00000000e+00,2.49999798e+07,-2.02199853e+01,-5.51782580e+00,-1.47021595e+01,1.00012828e-09
21,5.46671479e-01,1.73229738e-08,89,9,2,29,normal_corr_dominates,4.27093743e+00,1.00000000e+00,2.50000180e+07,1.80484629e+01,-5.51782580e+00,2.35662887e+01,1.00011234e-09
21,5.46671479e-01,1.73229738e-08,89,8,0,24,normal_corr_dominates,1.47185855e+00,1.00000000e+00,2.49999878e+07,-1.21560611e+01,-4.91778185e+00,-7.23827925e+00,1.00014002e-09
21,5.46671479e-01,1.73229738e-08,89,8,2,26,normal_corr_dominates,2.17077397e+00,1.00000000e+00,2.50000058e+07,5.75761098e+00,-4.91778185e+00,1.06753928e+01,1.00008161e-09
21,5.46671479e-01,1.73229738e-08,89,8,2,26,corr_ratio_high,5.88933925e-01,5.00000000e-01,2.50000058e+07,5.75761098e+00,-4.91778185e+00,1.06753928e+01,1.00008161e-09
22,5.69703656e-01,1.80528195e-08,89,0,0,0,normal_corr_dominates,4.21400794e+00,1.00000000e+00,2.49999370e+07,-6.29728614e+01,-1.20776305e+01,-5.08952309e+01,1.00018970e-09
22,5.69703656e-01,1.80528195e-08,89,0,1,1,normal_corr_dominates,2.31775228e+00,1.00000000e+00,2.50000159e+07,1.59153252e+01,-1.20776305e+01,2.79929557e+01,1.00008398e-09
22,5.69703656e-01,1.80528195e-08,89,0,1,1,corr_ratio_high,5.23845582e-01,5.00000000e-01,2.50000159e+07,1.59153252e+01,-1.20776305e+01,2.79929557e+01,1.00008398e-09
22,5.69703656e-01,1.80528195e-08,89,0,2,2,normal_corr_dominates,3.50047882e+00,1.00000000e+00,2.50000302e+07,3.01998593e+01,-1.20776305e+01,4.22774899e+01,1.00008828e-09
22,5.69703656e-01,1.80528195e-08,89,1,0,3,normal_corr_dominates,2.82985022e+00,1.00000000e+00,2.49999742e+07,-2.58435478e+01,-6.74792651e+00,-1.90956213e+01,1.00015105e-09
22,5.69703656e-01,1.80528195e-08,89,1,1,4,normal_corr_dominates,1.90084094e+00,1.00000000e+00,2.50000061e+07,6.07880843e+00,-6.74792651e+00,1.28267349e+01,1.00007887e-09
22,5.69703656e-01,1.80528195e-08,89,1,1,4,corr_ratio_high,6.39241170e-01,5.00000000e-01,2.50000061e+07,6.07880843e+00,-6.74792651e+00,1.28267349e+01,1.00007887e-09
22,5.69703656e-01,1.80528195e-08,89,1,2,5,normal_corr_dominates,4.44333820e+00,1.00000000e+00,2.50000232e+07,2.32353931e+01,-6.74792651e+00,2.99833196e+01,1.00012438e-09
22,5.69703656e-01,1.80528195e-08,89,2,0,6,normal_corr_dominates,2.76085712e+00,1.00000000e+00,2.49999878e+07,-1.21707585e+01,-3.23616615e+00,-8.93459237e+00,1.00010445e-09
22,5.69703656e-01,1.80528195e-08,89,2,1,7,normal_corr_dominates,5.18727099e+00,1.00000000e+00,2.50000136e+07,1.35507047e+01,-3.23616615e+00,1.67868708e+01,1.00007021e-09
22,5.69703656e-01,1.80528195e-08,89,3,0,9,normal_corr_dominates,7.45783403e+00,1.00000000e+00,2.50000173e+07,1.73406247e+01,-2.68520756e+00,2.00258323e+01,1.00012850e-09
22,5.69703656e-01,1.80528195e-08,89,3,2,11,normal_corr_dominates,3.22080762e+00,1.00000000e+00,2.50000060e+07,5.96332939e+00,-2.68520756e+00,8.64853695e+00,1.00013152e-09
22,5.69703656e-01,1.80528195e-08,89,4,0,12,normal_corr_dominates,2.63465229e+00,1.00000000e+00,2.50000084e+07,8.43662429e+00,-5.16111245e+00,1.35977367e+01,1.00003833e-09
22,5.69703656e-01,1.80528195e-08,89,4,0,12,corr_ratio_high,1.49903448e+00,5.00000000e-01,2.50000084e+07,8.43662429e+00,-5.16111245e+00,1.35977367e+01,1.00003833e-09
22,5.69703656e-01,1.80528195e-08,89,4,2,14,normal_corr_dominates,2.14889532e+00,1.00000000e+00,2.49999837e+07,-1.62518029e+01,-5.16111245e+00,-1.10906904e+01,1.00020595e-09
22,5.69703656e-01,1.80528195e-08,89,4,2,14,corr_ratio_high,5.78129607e-01,5.00000000e-01,2.49999837e+07,-1.62518029e+01,-5.16111245e+00,-1.10906904e+01,1.00020595e-09
22,5.69703656e-01,1.80528195e-08,89,5,0,15,normal_corr_dominates,6.12183498e+00,1.00000000e+00,2.49999834e+07,-1.65520017e+01,-2.32412036e+00,-1.42278813e+01,1.00007243e-09
22,5.69703656e-01,1.80528195e-08,89,5,0,15,corr_ratio_high,8.43934240e-01,5.00000000e-01,2.49999834e+07,-1.65520017e+01,-2.32412036e+00,-1.42278813e+01,1.00007243e-09
22,5.69703656e-01,1.80528195e-08,89,5,1,16,normal_corr_dominates,5.98134334e+00,1.00000000e+00,2.49999838e+07,-1.62254822e+01,-2.32412036e+00,-1.39013619e+01,1.00012870e-09
22,5.69703656e-01,1.80528195e-08,89,5,2,17,normal_corr_dominates,9.09029559e+00,1.00000000e+00,2.50000188e+07,1.88028207e+01,-2.32412036e+00,2.11269411e+01,1.00007786e-09
22,5.69703656e-01,1.80528195e-08,89,6,0,18,normal_corr_dominates,1.16740422e+01,1.00000000e+00,2.49999977e+07,-2.34728037e+00,2.19905480e-01,-2.56718585e+00,1.00009231e-09
22,5.69703656e-01,1.80528195e-08,89,6,1,19,normal_corr_dominates,1.21754938e+01,1.00000000e+00,2.50000029e+07,2.89736330e+00,2.19905480e-01,2.67745782e+00,1.00008663e-09
22,5.69703656e-01,1.80528195e-08,89,6,2,20,normal_corr_dominates,2.16746782e+00,1.00000000e+00,2.50000007e+07,6.96543532e-01,2.19905480e-01,4.76638052e-01,1.00013045e-09
22,5.69703656e-01,1.80528195e-08,89,12,1,37,corr_ratio_high,1.46023110e+00,5.00000000e-01,2.49999989e+07,-1.05488619e+00,-5.17934175e+00,4.12445556e+00,1.00004580e-09
22,5.69703656e-01,1.80528195e-08,89,12,2,38,normal_corr_dominates,4.16896944e+00,1.00000000e+00,2.50000164e+07,1.64131757e+01,-5.17934175e+00,2.15925174e+01,1.00013847e-09
22,5.69703656e-01,1.80528195e-08,89,13,0,39,normal_corr_dominates,1.45057177e+01,1.00000000e+00,2.49999854e+07,-1.45700909e+01,-9.39659240e-01,-1.36304316e+01,1.00005951e-09
22,5.69703656e-01,1.80528195e-08,89,13,0,39,corr_ratio_high,1.25357052e+00,5.00000000e-01,2.49999854e+07,-1.45700909e+01,-9.39659240e-01,-1.36304316e+01,1.00005951e-09
22,5.69703656e-01,1.80528195e-08,89,13,1,40,normal_corr_dominates,2.84731143e+01,1.00000000e+00,2.49999723e+07,-2.76946842e+01,-9.39659240e-01,-2.67550249e+01,1.00004653e-09
22,5.69703656e-01,1.80528195e-08,89,13,1,40,corr_ratio_high,2.14046866e+00,5.00000000e-01,2.49999723e+07,-2.76946842e+01,-9.39659240e-01,-2.67550249e+01,1.00004653e-09
22,5.69703656e-01,1.80528195e-08,89,13,2,41,normal_corr_dominates,2.80760707e+01,1.00000000e+00,2.50000254e+07,2.54422800e+01,-9.39659240e-01,2.63819393e+01,1.00020635e-09
22,5.69703656e-01,1.80528195e-08,89,13,2,41,corr_ratio_high,5.79032472e-01,5.00000000e-01,2.50000254e+07,2.54422800e+01,-9.39659240e-01,2.63819393e+01,1.00020635e-09
22,5.69703656e-01,1.80528195e-08,89,14,0,42,normal_corr_dominates,4.64946566e+00,1.00000000e+00,2.50000358e+07,3.57800147e+01,-9.80417905e+00,4.55841938e+01,1.00015229e-09
22,5.69703656e-01,1.80528195e-08,89,14,1,43,normal_corr_dominates,4.57258835e+00,1.00000000e+00,2.49999454e+07,-5.46346539e+01,-9.80417905e+00,-4.48304749e+01,1.00011070e-09
22,5.69703656e-01,1.80528195e-08,89,14,1,43,corr_ratio_high,7.88388518e-01,5.00000000e-01,2.49999454e+07,-5.46346539e+01,-9.80417905e+00,-4.48304749e+01,1.00011070e-09
22,5.69703656e-01,1.80528195e-08,89,14,2,44,normal_corr_dominates,3.51119181e+00,1.00000000e+00,2.49999558e+07,-4.42285323e+01,-9.80417905e+00,-3.44243532e+01,1.00011032e-09
22,5.69703656e-01,1.80528195e-08,89,15,0,45,normal_corr_dominates,4.29052312e+00,1.00000000e+00,2.49999760e+07,-2.40452474e+01,-4.54496595e+00,-1.95002815e+01,1.00007452e-09
22,5.69703656e-01,1.80528195e-08,89,15,0,45,corr_ratio_high,8.62965460e-01,5.00000000e-01,2.49999760e+07,-2.40452474e+01,-4.54496595e+00,-1.95002815e+01,1.00007452e-09
22,5.69703656e-01,1.80528195e-08,89,15,1,46,normal_corr_dominates,4.45326083e+00,1.00000000e+00,2.50000157e+07,1.56949529e+01,-4.54496595e+00,2.02399188e+01,1.00008625e-09
22,5.69703656e-01,1.80528195e-08,89,15,2,47,normal_corr_dominates,2.41944023e+00,1.00000000e+00,2.50000065e+07,6.45130753e+00,-4.54496595e+00,1.09962735e+01,1.00012802e-09
22,5.69703656e-01,1.80528195e-08,89,16,0,48,normal_corr_dominates,2.23697422e+00,1.00000000e+00,2.50000076e+07,7.64483036e+00,-6.18026654e+00,1.38250969e+01,1.00010119e-09
22,5.69703656e-01,1.80528195e-08,89,16,1,49,normal_corr_dominates,4.83618959e+00,1.00000000e+00,2.49999639e+07,-3.60692072e+01,-6.18026654e+00,-2.98889407e+01,1.00004887e-09
22,5.69703656e-01,1.80528195e-08,89,16,1,49,corr_ratio_high,1.78855666e+00,5.00000000e-01,2.49999639e+07,-3.60692072e+01,-6.18026654e+00,-2.98889407e+01,1.00004887e-09
22,5.69703656e-01,1.80528195e-08,89,16,2,50,normal_corr_dominates,2.12649505e+00,1.00000000e+00,2.50000070e+07,6.96203967e+00,-6.18026654e+00,1.31423062e+01,1.00019082e-09
22,5.69703656e-01,1.80528195e-08,89,16,2,50,corr_ratio_high,5.58668844e-01,5.00000000e-01,2.50000070e+07,6.96203967e+00,-6.18026654e+00,1.31423062e+01,1.00019082e-09
22,5.69703656e-01,1.80528195e-08,89,17,1,52,normal_corr_dominates,1.66204250e+00,1.00000000e+00,2.49999872e+07,-1.27589638e+01,-4.79292266e+00,-7.96604116e+00,1.00005618e-09
22,5.69703656e-01,1.80528195e-08,89,17,1,52,corr_ratio_high,1.50182121e+00,5.00000000e-01,2.49999872e+07,-1.27589638e+01,-4.79292266e+00,-7.96604116e+00,1.00005618e-09
22,5.69703656e-01,1.80528195e-08,89,18,0,54,normal_corr_dominates,5.64032442e+00,1.00000000e+00,2.50000108e+07,1.07898307e+01,-2.32523196e+00,1.31150626e+01,1.00006207e-09
22,5.69703656e-01,1.80528195e-08,89,18,0,54,corr_ratio_high,6.17700342e-01,5.00000000e-01,2.50000108e+07,1.07898307e+01,-2.32523196e+00,1.31150626e+01,1.00006207e-09
22,5.69703656e-01,1.80528195e-08,89,18,1,55,normal_corr_dominates,7.14482956e+00,1.00000000e+00,2.49999811e+07,-1.89386180e+01,-2.32523196e+00,-1.66133861e+01,1.00007929e-09
22,5.69703656e-01,1.80528195e-08,89,19,0,57,normal_corr_dominates,3.43688338e+01,1.00000000e+00,2.49999907e+07,-9.25748199e+00,-2.61741228e-01,-8.99574076e+00,1.00018909e-09
22,5.69703656e-01,1.80528195e-08,89,19,0,57,corr_ratio_high,5.00687158e-01,5.00000000e-01,2.49999907e+07,-9.25748199e+00,-2.61741228e-01,-8.99574076e+00,1.00018909e-09
22,5.69703656e-01,1.80528195e-08,89,19,1,58,normal_corr_dominates,6.67470372e+01,1.00000000e+00,2.49999823e+07,-1.77321927e+01,-2.61741228e-01,-1.74704515e+01,1.00005185e-09
22,5.69703656e-01,1.80528195e-08,89,19,1,58,corr_ratio_high,1.57926055e+00,5.00000000e-01,2.49999823e+07,-1.77321927e+01,-2.61741228e-01,-1.74704515e+01,1.00005185e-09
22,5.69703656e-01,1.80528195e-08,89,19,2,59,normal_corr_dominates,9.79027924e+00,1.00000000e+00,2.50000023e+07,2.30077848e+00,-2.61741228e-01,2.56251971e+00,1.00007643e-09
22,5.69703656e-01,1.80528195e-08,89,20,0,60,corr_ratio_high,3.24314454e+00,5.00000000e-01,2.49999957e+07,-4.28677608e+00,-2.20473218e+00,-2.08204390e+00,1.00001585e-09
22,5.69703656e-01,1.80528195e-08,89,20,1,61,normal_corr_dominates,7.39374766e+00,1.00000000e+00,2.50000141e+07,1.40965012e+01,-2.20473218e+00,1.63012334e+01,1.00016331e-09
22,5.69703656e-01,1.80528195e-08,89,20,2,62,normal_corr_dominates,2.53860896e+00,1.00000000e+00,2.50000034e+07,3.39222069e+00,-2.20473218e+00,5.59695287e+00,1.00015143e-09
22,5.69703656e-01,1.80528195e-08,89,22,0,66,normal_corr_dominates,2.66727676e+00,1.00000000e+00,2.50000063e+07,6.29542501e+00,-3.77587284e+00,1.00712979e+01,1.00013600e-09
22,5.69703656e-01,1.80528195e-08,89,22,2,68,normal_corr_dominates,8.04831758e+00,1.00000000e+00,2.49999658e+07,-3.41652966e+01,-3.77587284e+00,-3.03894237e+01,1.00010810e-09
22,5.69703656e-01,1.80528195e-08,89,23,0,69,normal_corr_dominates,1.24551790e+00,1.00000000e+00,2.49999819e+07,-1.80513795e+01,-8.03884909e+00,-1.00125304e+01,1.00013175e-09
22,5.69703656e-01,1.80528195e-08,89,23,1,70,normal_corr_dominates,2.06064633e+00,1.00000000e+00,2.50000085e+07,8.52637581e+00,-8.03884909e+00,1.65652249e+01,1.00007765e-09
22,5.69703656e-01,1.80528195e-08,89,24,0,72,normal_corr_dominates,1.77129761e+01,1.00000000e+00,2.50000164e+07,1.63588760e+01,-9.78812866e-01,1.73376889e+01,1.00009735e-09
22,5.69703656e-01,1.80528195e-08,89,24,1,73,normal_corr_dominates,1.27243846e+01,1.00000000e+00,2.50000115e+07,1.14759785e+01,-9.78812866e-01,1.24547914e+01,1.00012031e-09
22,5.69703656e-01,1.80528195e-08,89,24,2,74,normal_corr_dominates,2.39640703e+01,1.00000000e+00,2.49999756e+07,-2.44351532e+01,-9.78812866e-01,-2.34563403e+01,1.00011478e-09
22,5.69703656e-01,1.80528195e-08,89,27,1,82,normal_corr_dominates,2.30472505e+00,1.00000000e+00,2.50000127e+07,1.26749171e+01,-9.71462697e+00,2.23895441e+01,1.00012254e-09
22,5.69703656e-01,1.80528195e-08,89,28,0,84,normal_corr_dominates,1.02010295e+01,1.00000000e+00,2.49999686e+07,-3.14369351e+01,-2.80661123e+00,-2.86303238e+01,1.00012153e-09
22,5.69703656e-01,1.80528195e-08,89,28,1,85,normal_corr_dominates,6.63894895e+00,1.00000000e+00,2.50000158e+07,1.58263374e+01,-2.80661123e+00,1.86329487e+01,1.00010993e-09
22,5.69703656e-01,1.80528195e-08,89,28,2,86,normal_corr_dominates,8.87756154e+00,1.00000000e+00,2.49999723e+07,-2.77224751e+01,-2.80661123e+00,-2.49158639e+01,1.00012753e-09
22,5.69703656e-01,1.80528195e-08,89,30,0,90,normal_corr_dominates,1.63021399e+01,1.00000000e+00,2.49999891e+07,-1.09364062e+01,7.14697832e-01,-1.16511041e+01,1.00013280e-09
22,5.69703656e-01,1.80528195e-08,89,30,1,91,normal_corr_dominates,1.50273862e+01,1.00000000e+00,2.50000115e+07,1.14547382e+01,7.14697832e-01,1.07400404e+01,1.00010367e-09
22,5.69703656e-01,1.80528195e-08,89,30,2,92,normal_corr_dominates,3.06373961e+01,1.00000000e+00,2.49999788e+07,-2.11817828e+01,7.14697832e-01,-2.18964806e+01,1.00010915e-09
22,5.69703656e-01,1.80528195e-08,89,9,0,27,normal_corr_dominates,2.57164711e+00,1.00000000e+00,2.50000090e+07,9.01549635e+00,-5.73633628e+00,1.47518326e+01,1.00010425e-09
22,5.69703656e-01,1.80528195e-08,89,9,1,28,normal_corr_dominates,2.66379627e+00,1.00000000e+00,2.49999790e+07,-2.10167675e+01,-5.73633628e+00,-1.52804312e+01,1.00013334e-09
22,5.69703656e-01,1.80528195e-08,89,9,2,29,normal_corr_dominates,4.27099964e+00,1.00000000e+00,2.50000188e+07,1.87635539e+01,-5.73633628e+00,2.44998902e+01,1.00011679e-09
22,5.69703656e-01,1.80528195e-08,89,8,0,24,normal_corr_dominates,1.47193293e+00,1.00000000e+00,2.49999874e+07,-1.26366042e+01,-5.11203360e+00,-7.52457059e+00,1.00014557e-09
22,5.69703656e-01,1.80528195e-08,89,8,2,26,normal_corr_dominates,2.17124629e+00,1.00000000e+00,2.50000060e+07,5.98745040e+00,-5.11203360e+00,1.10994840e+01,1.00008484e-09
22,5.69703656e-01,1.80528195e-08,89,8,2,26,corr_ratio_high,5.88905720e-01,5.00000000e-01,2.50000060e+07,5.98745040e+00,-5.11203360e+00,1.10994840e+01,1.00008484e-09
23,5.93502186e-01,1.88069494e-08,89,0,0,0,normal_corr_dominates,4.21365718e+00,1.00000000e+00,2.49999346e+07,-6.54423920e+01,-1.25521088e+01,-5.28902832e+01,1.00019714e-09
23,5.93502186e-01,1.88069494e-08,89,0,1,1,normal_corr_dominates,2.31808499e+00,1.00000000e+00,2.50000165e+07,1.65447462e+01,-1.25521088e+01,2.90968550e+01,1.00008726e-09
23,5.93502186e-01,1.88069494e-08,89,0,1,1,corr_ratio_high,5.23980583e-01,5.00000000e-01,2.50000165e+07,1.65447462e+01,-1.25521088e+01,2.90968550e+01,1.00008726e-09
23,5.93502186e-01,1.88069494e-08,89,0,2,2,normal_corr_dominates,3.50013800e+00,1.00000000e+00,2.50000314e+07,3.13820041e+01,-1.25521088e+01,4.39341128e+01,1.00009175e-09
23,5.93502186e-01,1.88069494e-08,89,1,0,3,normal_corr_dominates,2.82979980e+00,1.00000000e+00,2.49999731e+07,-2.68556024e+01,-7.01227317e+00,-1.98433292e+01,1.00015697e-09
23,5.93502186e-01,1.88069494e-08,89,1,1,4,normal_corr_dominates,1.90112209e+00,1.00000000e+00,2.50000063e+07,6.31891429e+00,-7.01227317e+00,1.33311875e+01,1.00008196e-09
23,5.93502186e-01,1.88069494e-08,89,1,1,4,corr_ratio_high,6.39296866e-01,5.00000000e-01,2.50000063e+07,6.31891429e+00,-7.01227317e+00,1.33311875e+01,1.00008196e-09
23,5.93502186e-01,1.88069494e-08,89,1,2,5,normal_corr_dominates,4.44364524e+00,1.00000000e+00,2.50000241e+07,2.41477811e+01,-7.01227317e+00,3.11600543e+01,1.00012927e-09
23,5.93502186e-01,1.88069494e-08,89,2,0,6,normal_corr_dominates,2.76208518e+00,1.00000000e+00,2.49999873e+07,-1.26500910e+01,-3.36252116e+00,-9.28756988e+00,1.00010855e-09
23,5.93502186e-01,1.88069494e-08,89,2,1,7,normal_corr_dominates,5.18855081e+00,1.00000000e+00,2.50000141e+07,1.40840908e+01,-3.36252116e+00,1.74466119e+01,1.00007295e-09
23,5.93502186e-01,1.88069494e-08,89,3,0,9,normal_corr_dominates,7.45692252e+00,1.00000000e+00,2.50000180e+07,1.80166304e+01,-2.79028134e+00,2.08069118e+01,1.00013354e-09
23,5.93502186e-01,1.88069494e-08,89,3,2,11,normal_corr_dominates,3.22076079e+00,1.00000000e+00,2.50000062e+07,6.19654740e+00,-2.79028134e+00,8.98682874e+00,1.00013668e-09
23,5.93502186e-01,1.88069494e-08,89,4,0,12,normal_corr_dominates,2.63517449e+00,1.00000000e+00,2.50000088e+07,8.76932591e+00,-5.36292975e+00,1.41322557e+01,1.00003982e-09
23,5.93502186e-01,1.88069494e-08,89,4,0,12,corr_ratio_high,1.49914068e+00,5.00000000e-01,2.50000088e+07,8.76932591e+00,-5.36292975e+00,1.41322557e+01,1.00003982e-09
23,5.93502186e-01,1.88069494e-08,89,4,2,14,normal_corr_dominates,2.14995282e+00,1.00000000e+00,2.49999831e+07,-1.68929757e+01,-5.36292975e+00,-1.15300460e+01,1.00021403e-09
23,5.93502186e-01,1.88069494e-08,89,4,2,14,corr_ratio_high,5.78139176e-01,5.00000000e-01,2.49999831e+07,-1.68929757e+01,-5.36292975e+00,-1.15300460e+01,1.00021403e-09
23,5.93502186e-01,1.88069494e-08,89,5,0,15,normal_corr_dominates,6.11962006e+00,1.00000000e+00,2.49999828e+07,-1.71969846e+01,-2.41543572e+00,-1.47815489e+01,1.00007527e-09
23,5.93502186e-01,1.88069494e-08,89,5,0,15,corr_ratio_high,8.43970005e-01,5.00000000e-01,2.49999828e+07,-1.71969846e+01,-2.41543572e+00,-1.47815489e+01,1.00007527e-09
23,5.93502186e-01,1.88069494e-08,89,5,1,16,normal_corr_dominates,5.98381863e+00,1.00000000e+00,2.49999831e+07,-1.68689650e+01,-2.41543572e+00,-1.44535293e+01,1.00013376e-09
23,5.93502186e-01,1.88069494e-08,89,5,2,17,normal_corr_dominates,9.08997058e+00,1.00000000e+00,2.50000195e+07,1.95408039e+01,-2.41543572e+00,2.19562396e+01,1.00008091e-09
23,5.93502186e-01,1.88069494e-08,89,6,0,18,normal_corr_dominates,1.16502342e+01,1.00000000e+00,2.49999976e+07,-2.43968597e+00,2.29073457e-01,-2.66875942e+00,1.00009593e-09
23,5.93502186e-01,1.88069494e-08,89,6,1,19,normal_corr_dominates,1.21435407e+01,1.00000000e+00,2.50000030e+07,3.01083629e+00,2.29073457e-01,2.78176283e+00,1.00009003e-09
23,5.93502186e-01,1.88069494e-08,89,6,2,20,normal_corr_dominates,2.16363065e+00,1.00000000e+00,2.50000007e+07,7.24703808e-01,2.29073457e-01,4.95630352e-01,1.00013557e-09
23,5.93502186e-01,1.88069494e-08,89,12,1,37,corr_ratio_high,1.46018601e+00,5.00000000e-01,2.49999989e+07,-1.09548276e+00,-5.38158649e+00,4.28610373e+00,1.00004759e-09
23,5.93502186e-01,1.88069494e-08,89,12,2,38,normal_corr_dominates,4.16941503e+00,1.00000000e+00,2.50000171e+07,1.70564811e+01,-5.38158649e+00,2.24380676e+01,1.00014391e-09
23,5.93502186e-01,1.88069494e-08,89,13,0,39,normal_corr_dominates,1.44865045e+01,1.00000000e+00,2.49999849e+07,-1.51436321e+01,-9.77859920e-01,-1.41657721e+01,1.00006186e-09
23,5.93502186e-01,1.88069494e-08,89,13,0,39,corr_ratio_high,1.25328717e+00,5.00000000e-01,2.49999849e+07,-1.51436321e+01,-9.77859920e-01,-1.41657721e+01,1.00006186e-09
23,5.93502186e-01,1.88069494e-08,89,13,1,40,normal_corr_dominates,2.84322696e+01,1.00000000e+00,2.49999712e+07,-2.87806368e+01,-9.77859920e-01,-2.78027769e+01,1.00004835e-09
23,5.93502186e-01,1.88069494e-08,89,13,1,40,corr_ratio_high,2.14042324e+00,5.00000000e-01,2.49999712e+07,-2.87806368e+01,-9.77859920e-01,-2.78027769e+01,1.00004835e-09
23,5.93502186e-01,1.88069494e-08,89,13,2,41,normal_corr_dominates,2.80349941e+01,1.00000000e+00,2.50000264e+07,2.64364372e+01,-9.77859920e-01,2.74142971e+01,1.00021445e-09
23,5.93502186e-01,1.88069494e-08,89,13,2,41,corr_ratio_high,5.79031853e-01,5.00000000e-01,2.50000264e+07,2.64364372e+01,-9.77859920e-01,2.74142971e+01,1.00021445e-09
23,5.93502186e-01,1.88069494e-08,89,14,0,42,normal_corr_dominates,4.65068536e+00,1.00000000e+00,2.50000372e+07,3.71937251e+01,-1.01881486e+01,4.73818737e+01,1.00015824e-09
23,5.93502186e-01,1.88069494e-08,89,14,1,43,normal_corr_dominates,4.57298625e+00,1.00000000e+00,2.49999432e+07,-5.67784122e+01,-1.01881486e+01,-4.65902636e+01,1.00011503e-09
23,5.93502186e-01,1.88069494e-08,89,14,1,43,corr_ratio_high,7.88439924e-01,5.00000000e-01,2.49999432e+07,-5.67784122e+01,-1.01881486e+01,-4.65902636e+01,1.00011503e-09
23,5.93502186e-01,1.88069494e-08,89,14,2,44,normal_corr_dominates,3.51247815e+00,1.00000000e+00,2.49999540e+07,-4.59737980e+01,-1.01881486e+01,-3.57856494e+01,1.00011467e-09
23,5.93502186e-01,1.88069494e-08,89,15,0,45,normal_corr_dominates,4.29154686e+00,1.00000000e+00,2.49999750e+07,-2.49862908e+01,-4.72192564e+00,-2.02643652e+01,1.00007745e-09
23,5.93502186e-01,1.88069494e-08,89,15,0,45,corr_ratio_high,8.62849576e-01,5.00000000e-01,2.49999750e+07,-2.49862908e+01,-4.72192564e+00,-2.02643652e+01,1.00007745e-09
23,5.93502186e-01,1.88069494e-08,89,15,1,46,normal_corr_dominates,4.45439768e+00,1.00000000e+00,2.50000163e+07,1.63114090e+01,-4.72192564e+00,2.10333346e+01,1.00008963e-09
23,5.93502186e-01,1.88069494e-08,89,15,2,47,normal_corr_dominates,2.42062518e+00,1.00000000e+00,2.50000067e+07,6.70808647e+00,-4.72192564e+00,1.14300121e+01,1.00013303e-09
23,5.93502186e-01,1.88069494e-08,89,16,0,48,normal_corr_dominates,2.23780859e+00,1.00000000e+00,2.50000080e+07,7.95064048e+00,-6.42315826e+00,1.43737987e+01,1.00010514e-09
23,5.93502186e-01,1.88069494e-08,89,16,1,49,normal_corr_dominates,4.83546331e+00,1.00000000e+00,2.49999625e+07,-3.74821044e+01,-6.42315826e+00,-3.10589461e+01,1.00005079e-09
23,5.93502186e-01,1.88069494e-08,89,16,1,49,corr_ratio_high,1.78842173e+00,5.00000000e-01,2.49999625e+07,-3.74821044e+01,-6.42315826e+00,-3.10589461e+01,1.00005079e-09
23,5.93502186e-01,1.88069494e-08,89,16,2,50,normal_corr_dominates,2.12523795e+00,1.00000000e+00,2.50000072e+07,7.22758142e+00,-6.42315826e+00,1.36507397e+01,1.00019833e-09
23,5.93502186e-01,1.88069494e-08,89,16,2,50,corr_ratio_high,5.58683665e-01,5.00000000e-01,2.50000072e+07,7.22758142e+00,-6.42315826e+00,1.36507397e+01,1.00019833e-09
23,5.93502186e-01,1.88069494e-08,89,17,1,52,normal_corr_dominates,1.66178835e+00,1.00000000e+00,2.49999867e+07,-1.32587138e+01,-4.98112997e+00,-8.27758378e+00,1.00005840e-09
23,5.93502186e-01,1.88069494e-08,89,17,1,52,corr_ratio_high,1.50148893e+00,5.00000000e-01,2.49999867e+07,-1.32587138e+01,-4.98112997e+00,-8.27758378e+00,1.00005840e-09
23,5.93502186e-01,1.88069494e-08,89,18,0,54,normal_corr_dominates,5.64023101e+00,1.00000000e+00,2.50000112e+07,1.12123641e+01,-2.41633747e+00,1.36287016e+01,1.00006451e-09
23,5.93502186e-01,1.88069494e-08,89,18,0,54,corr_ratio_high,6.17668558e-01,5.00000000e-01,2.50000112e+07,1.12123641e+01,-2.41633747e+00,1.36287016e+01,1.00006451e-09
23,5.93502186e-01,1.88069494e-08,89,18,1,55,normal_corr_dominates,7.14511698e+00,1.00000000e+00,2.49999803e+07,-1.96813514e+01,-2.41633747e+00,-1.72650139e+01,1.00008240e-09
23,5.93502186e-01,1.88069494e-08,89,19,0,57,normal_corr_dominates,3.43990772e+01,1.00000000e+00,2.49999904e+07,-9.62104716e+00,-2.71788078e-01,-9.34925908e+00,1.00019650e-09
23,5.93502186e-01,1.88069494e-08,89,19,0,57,corr_ratio_high,5.00683505e-01,5.00000000e-01,2.49999904e+07,-9.62104716e+00,-2.71788078e-01,-9.34925908e+00,1.00019650e-09
23,5.93502186e-01,1.88069494e-08,89,19,1,58,normal_corr_dominates,6.67978929e+01,1.00000000e+00,2.49999816e+07,-1.84266590e+01,-2.71788078e-01,-1.81548710e+01,1.00005389e-09
23,5.93502186e-01,1.88069494e-08,89,19,1,58,corr_ratio_high,1.57889465e+00,5.00000000e-01,2.49999816e+07,-1.84266590e+01,-2.71788078e-01,-1.81548710e+01,1.00005389e-09
23,5.93502186e-01,1.88069494e-08,89,19,2,59,normal_corr_dominates,9.80115795e+00,1.00000000e+00,2.50000024e+07,2.39204981e+00,-2.71788078e-01,2.66383789e+00,1.00007943e-09
23,5.93502186e-01,1.88069494e-08,89,20,0,60,corr_ratio_high,3.24249879e+00,5.00000000e-01,2.49999955e+07,-4.45622489e+00,-2.29204995e+00,-2.16417494e+00,1.00001648e-09
23,5.93502186e-01,1.88069494e-08,89,20,1,61,normal_corr_dominates,7.39065182e+00,1.00000000e+00,2.50000146e+07,1.46476932e+01,-2.29204995e+00,1.69397432e+01,1.00016972e-09
23,5.93502186e-01,1.88069494e-08,89,20,2,62,normal_corr_dominates,2.53771907e+00,1.00000000e+00,2.50000035e+07,3.52452893e+00,-2.29204995e+00,5.81657889e+00,1.00015737e-09
23,5.93502186e-01,1.88069494e-08,89,22,0,66,normal_corr_dominates,2.66690115e+00,1.00000000e+00,2.50000065e+07,6.54173027e+00,-3.92448602e+00,1.04662163e+01,1.00014133e-09
23,5.93502186e-01,1.88069494e-08,89,22,2,68,normal_corr_dominates,8.04821029e+00,1.00000000e+00,2.49999645e+07,-3.55095748e+01,-3.92448602e+00,-3.15850888e+01,1.00011235e-09
23,5.93502186e-01,1.88069494e-08,89,23,0,69,normal_corr_dominates,1.24575644e+00,1.00000000e+00,2.49999812e+07,-1.87591327e+01,-8.35314656e+00,-1.04059861e+01,1.00013691e-09
23,5.93502186e-01,1.88069494e-08,89,23,1,70,normal_corr_dominates,2.06071794e+00,1.00000000e+00,2.50000089e+07,8.86033238e+00,-8.35314656e+00,1.72134789e+01,1.00008070e-09
23,5.93502186e-01,1.88069494e-08,89,24,0,72,normal_corr_dominates,1.77342140e+01,1.00000000e+00,2.50000170e+07,1.70026612e+01,-1.01604182e+00,1.80187030e+01,1.00010115e-09
23,5.93502186e-01,1.88069494e-08,89,24,1,73,normal_corr_dominates,1.27416555e+01,1.00000000e+00,2.50000119e+07,1.19300130e+01,-1.01604182e+00,1.29460548e+01,1.00012503e-09
23,5.93502186e-01,1.88069494e-08,89,24,2,74,normal_corr_dominates,2.39971245e+01,1.00000000e+00,2.49999746e+07,-2.53981238e+01,-1.01604182e+00,-2.43820820e+01,1.00011929e-09
23,5.93502186e-01,1.88069494e-08,89,27,1,82,normal_corr_dominates,2.30453415e+00,1.00000000e+00,2.50000132e+07,1.31710428e+01,-1.00963572e+01,2.32674000e+01,1.00012735e-09
23,5.93502186e-01,1.88069494e-08,89,28,0,84,normal_corr_dominates,1.02076661e+01,1.00000000e+00,2.49999673e+07,-3.26676807e+01,-2.91476213e+00,-2.97529185e+01,1.00012629e-09
23,5.93502186e-01,1.88069494e-08,89,28,1,85,normal_corr_dominates,6.64369810e+00,1.00000000e+00,2.50000165e+07,1.64500375e+01,-2.91476213e+00,1.93647996e+01,1.00011424e-09
23,5.93502186e-01,1.88069494e-08,89,28,2,86,normal_corr_dominates,8.88646525e+00,1.00000000e+00,2.49999712e+07,-2.88166945e+01,-2.91476213e+00,-2.59019323e+01,1.00013254e-09
23,5.93502186e-01,1.88069494e-08,89,30,0,90,normal_corr_dominates,1.62879519e+01,1.00000000e+00,2.49999886e+07,-1.13651406e+01,7.43405047e-01,-1.21085457e+01,1.00013801e-09
23,5.93502186e-01,1.88069494e-08,89,30,1,91,normal_corr_dominates,1.50172847e+01,1.00000000e+00,2.50000119e+07,1.19073303e+01,7.43405047e-01,1.11639252e+01,1.00010774e-09
23,5.93502186e-01,1.88069494e-08,89,30,2,92,normal_corr_dominates,3.06155648e+01,1.00000000e+00,2.49999780e+07,-2.20163603e+01,7.43405047e-01,-2.27597654e+01,1.00011343e-09
23,5.93502186e-01,1.88069494e-08,89,9,0,27,normal_corr_dominates,2.57057868e+00,1.00000000e+00,2.50000094e+07,9.36279672e+00,-5.96136753e+00,1.53241642e+01,1.00010834e-09
23,5.93502186e-01,1.88069494e-08,89,9,1,28,normal_corr_dominates,2.66309780e+00,1.00000000e+00,2.49999782e+07,-2.18370723e+01,-5.96136753e+00,-1.58757047e+01,1.00013856e-09
23,5.93502186e-01,1.88069494e-08,89,9,2,29,normal_corr_dominates,4.27105046e+00,1.00000000e+00,2.50000195e+07,1.94999340e+01,-5.96136753e+00,2.54613015e+01,1.00012138e-09
23,5.93502186e-01,1.88069494e-08,89,8,0,24,normal_corr_dominates,1.47200384e+00,1.00000000e+00,2.49999869e+07,-1.31314403e+01,-5.31206309e+00,-7.81937726e+00,1.00015127e-09
23,5.93502186e-01,1.88069494e-08,89,8,2,26,normal_corr_dominates,2.17171469e+00,1.00000000e+00,2.50000062e+07,6.22422236e+00,-5.31206309e+00,1.15362854e+01,1.00008817e-09
23,5.93502186e-01,1.88069494e-08,89,8,2,26,corr_ratio_high,5.88876073e-01,5.00000000e-01,2.50000062e+07,6.22422236e+00,-5.31206309e+00,1.15362854e+01,1.00008817e-09
24,6.19249013e-01,1.96228171e-08,89,0,0,0,normal_corr_dominates,4.21328600e+00,1.00000000e+00,2.49999319e+07,-6.81047324e+01,-1.30636862e+01,-5.50410462e+01,1.00020515e-09
24,6.19249013e-01,1.96228171e-08,89,0,1,1,normal_corr_dominates,2.31843215e+00,1.00000000e+00,2.50000172e+07,1.72235839e+01,-1.30636862e+01,3.02872701e+01,1.00009080e-09
24,6.19249013e-01,1.96228171e-08,89,0,1,1,corr_ratio_high,5.24124454e-01,5.00000000e-01,2.50000172e+07,1.72235839e+01,-1.30636862e+01,3.02872701e+01,1.00009080e-09
24,6.19249013e-01,1.96228171e-08,89,0,2,2,normal_corr_dominates,3.49977941e+00,1.00000000e+00,2.50000327e+07,3.26563338e+01,-1.30636862e+01,4.57200200e+01,1.00009550e-09
24,6.19249013e-01,1.96228171e-08,89,1,0,3,normal_corr_dominates,2.82973946e+00,1.00000000e+00,2.49999721e+07,-2.79466561e+01,-7.29727346e+00,-2.06493827e+01,1.00016335e-09
24,6.19249013e-01,1.96228171e-08,89,1,1,4,normal_corr_dominates,1.90141200e+00,1.00000000e+00,2.50000066e+07,6.57784983e+00,-7.29727346e+00,1.38751233e+01,1.00008529e-09
24,6.19249013e-01,1.96228171e-08,89,1,1,4,corr_ratio_high,6.39354276e-01,5.00000000e-01,2.50000066e+07,6.57784983e+00,-7.29727346e+00,1.38751233e+01,1.00008529e-09
24,6.19249013e-01,1.96228171e-08,89,1,2,5,normal_corr_dominates,4.44395621e+00,1.00000000e+00,2.50000251e+07,2.51314903e+01,-7.29727346e+00,3.24287637e+01,1.00013454e-09
24,6.19249013e-01,1.96228171e-08,89,2,0,6,normal_corr_dominates,2.76336505e+00,1.00000000e+00,2.49999868e+07,-1.31670005e+01,-3.49873061e+00,-9.66826988e+00,1.00011297e-09
24,6.19249013e-01,1.96228171e-08,89,2,1,7,normal_corr_dominates,5.18986208e+00,1.00000000e+00,2.50000147e+07,1.46591987e+01,-3.49873061e+00,1.81579293e+01,1.00007591e-09
24,6.19249013e-01,1.96228171e-08,89,3,0,9,normal_corr_dominates,7.45592948e+00,1.00000000e+00,2.50000187e+07,1.87451718e+01,-2.90355895e+00,2.16487307e+01,1.00013897e-09
24,6.19249013e-01,1.96228171e-08,89,3,2,11,normal_corr_dominates,3.22069346e+00,1.00000000e+00,2.50000064e+07,6.44791435e+00,-2.90355895e+00,9.35147329e+00,1.00014224e-09
24,6.19249013e-01,1.96228171e-08,89,4,0,12,normal_corr_dominates,2.63571063e+00,1.00000000e+00,2.50000091e+07,9.12804423e+00,-5.58047620e+00,1.47085204e+01,1.00004143e-09
24,6.19249013e-01,1.96228171e-08,89,4,0,12,corr_ratio_high,1.49924906e+00,5.00000000e-01,2.50000091e+07,9.12804423e+00,-5.58047620e+00,1.47085204e+01,1.00004143e-09
24,6.19249013e-01,1.96228171e-08,89,4,2,14,normal_corr_dominates,2.15106610e+00,1.00000000e+00,2.49999824e+07,-1.75844494e+01,-5.58047620e+00,-1.20039732e+01,1.00022273e-09
24,6.19249013e-01,1.96228171e-08,89,4,2,14,corr_ratio_high,5.78148926e-01,5.00000000e-01,2.49999824e+07,-1.75844494e+01,-5.58047620e+00,-1.20039732e+01,1.00022273e-09
24,6.19249013e-01,1.96228171e-08,89,5,0,15,normal_corr_dominates,6.11723956e+00,1.00000000e+00,2.49999821e+07,-1.78921037e+01,-2.51391055e+00,-1.53781931e+01,1.00007833e-09
24,6.19249013e-01,1.96228171e-08,89,5,0,15,corr_ratio_high,8.44005577e-01,5.00000000e-01,2.49999821e+07,-1.78921037e+01,-2.51391055e+00,-1.53781931e+01,1.00007833e-09
24,6.19249013e-01,1.96228171e-08,89,5,1,16,normal_corr_dominates,5.98637709e+00,1.00000000e+00,2.49999824e+07,-1.75631271e+01,-2.51391055e+00,-1.50492165e+01,1.00013922e-09
24,6.19249013e-01,1.96228171e-08,89,5,2,17,normal_corr_dominates,9.08956691e+00,1.00000000e+00,2.50000203e+07,2.03364476e+01,-2.51391055e+00,2.28503582e+01,1.00008420e-09
24,6.19249013e-01,1.96228171e-08,89,6,0,18,normal_corr_dominates,1.16262328e+01,1.00000000e+00,2.49999975e+07,-2.53934854e+00,2.38969782e-01,-2.77831832e+00,1.00009983e-09
24,6.19249013e-01,1.96228171e-08,89,6,1,19,normal_corr_dominates,1.21108986e+01,1.00000000e+00,2.50000031e+07,3.13310857e+00,2.38969782e-01,2.89413879e+00,1.00009370e-09
24,6.19249013e-01,1.96228171e-08,89,6,2,20,normal_corr_dominates,2.16000821e+00,1.00000000e+00,2.50000008e+07,7.55146472e-01,2.38969782e-01,5.16176691e-01,1.00014109e-09
24,6.19249013e-01,1.96228171e-08,89,12,1,37,corr_ratio_high,1.46013470e+00,5.00000000e-01,2.49999989e+07,-1.13928129e+00,-5.59959485e+00,4.46031356e+00,1.00004953e-09
24,6.19249013e-01,1.96228171e-08,89,12,2,38,normal_corr_dominates,4.16987476e+00,1.00000000e+00,2.50000178e+07,1.77500144e+01,-5.59959485e+00,2.33496092e+01,1.00014978e-09
24,6.19249013e-01,1.96228171e-08,89,13,0,39,normal_corr_dominates,1.44665754e+01,1.00000000e+00,2.49999842e+07,-1.57621233e+01,-1.01910881e+00,-1.47430145e+01,1.00006439e-09
24,6.19249013e-01,1.96228171e-08,89,13,0,39,corr_ratio_high,1.25298542e+00,5.00000000e-01,2.49999842e+07,-1.57621233e+01,-1.01910881e+00,-1.47430145e+01,1.00006439e-09
24,6.19249013e-01,1.96228171e-08,89,13,1,40,normal_corr_dominates,2.83897983e+01,1.00000000e+00,2.49999700e+07,-2.99514025e+01,-1.01910881e+00,-2.89322937e+01,1.00005032e-09
24,6.19249013e-01,1.96228171e-08,89,13,1,40,corr_ratio_high,2.14037014e+00,5.00000000e-01,2.49999700e+07,-2.99514025e+01,-1.01910881e+00,-2.89322937e+01,1.00005032e-09
24,6.19249013e-01,1.96228171e-08,89,13,2,41,normal_corr_dominates,2.79922956e+01,1.00000000e+00,2.50000275e+07,2.75080864e+01,-1.01910881e+00,2.85271952e+01,1.00022317e-09
24,6.19249013e-01,1.96228171e-08,89,13,2,41,corr_ratio_high,5.79031088e-01,5.00000000e-01,2.50000275e+07,2.75080864e+01,-1.01910881e+00,2.85271952e+01,1.00022317e-09
24,6.19249013e-01,1.96228171e-08,89,14,0,42,normal_corr_dominates,4.65194187e+00,1.00000000e+00,2.50000387e+07,3.87182900e+01,-1.06021102e+01,4.93204002e+01,1.00016465e-09
24,6.19249013e-01,1.96228171e-08,89,14,1,43,normal_corr_dominates,4.57338632e+00,1.00000000e+00,2.49999409e+07,-5.90896557e+01,-1.06021102e+01,-4.84875455e+01,1.00011971e-09
24,6.19249013e-01,1.96228171e-08,89,14,1,43,corr_ratio_high,7.88490928e-01,5.00000000e-01,2.49999409e+07,-5.90896557e+01,-1.06021102e+01,-4.84875455e+01,1.00011971e-09
24,6.19249013e-01,1.96228171e-08,89,14,2,44,normal_corr_dominates,3.51380419e+00,1.00000000e+00,2.49999521e+07,-4.78558492e+01,-1.06021102e+01,-3.72537391e+01,1.00011937e-09
24,6.19249013e-01,1.96228171e-08,89,15,0,45,normal_corr_dominates,4.29258385e+00,1.00000000e+00,2.49999740e+07,-2.60007117e+01,-4.91266883e+00,-2.10880428e+01,1.00008061e-09
24,6.19249013e-01,1.96228171e-08,89,15,0,45,corr_ratio_high,8.62725028e-01,5.00000000e-01,2.49999740e+07,-2.60007117e+01,-4.91266883e+00,-2.10880428e+01,1.00008061e-09
24,6.19249013e-01,1.96228171e-08,89,15,1,46,normal_corr_dominates,4.45556275e+00,1.00000000e+00,2.50000170e+07,1.69760354e+01,-4.91266883e+00,2.18887042e+01,1.00009328e-09
24,6.19249013e-01,1.96228171e-08,89,15,2,47,normal_corr_dominates,2.42184170e+00,1.00000000e+00,2.50000070e+07,6.98503738e+00,-4.91266883e+00,1.18977062e+01,1.00013843e-09
24,6.19249013e-01,1.96228171e-08,89,16,0,48,normal_corr_dominates,2.23868502e+00,1.00000000e+00,2.50000083e+07,8.28065212e+00,-6.68503450e+00,1.49656866e+01,1.00010940e-09
24,6.19249013e-01,1.96228171e-08,89,16,1,49,normal_corr_dominates,4.83471340e+00,1.00000000e+00,2.49999610e+07,-3.90052604e+01,-6.68503450e+00,-3.23202259e+01,1.00005286e-09
24,6.19249013e-01,1.96228171e-08,89,16,1,49,corr_ratio_high,1.78827724e+00,5.00000000e-01,2.49999610e+07,-3.90052604e+01,-6.68503450e+00,-3.23202259e+01,1.00005286e-09
24,6.19249013e-01,1.96228171e-08,89,16,2,50,normal_corr_dominates,2.12392653e+00,1.00000000e+00,2.50000075e+07,7.51348761e+00,-6.68503450e+00,1.41985221e+01,1.00020642e-09
24,6.19249013e-01,1.96228171e-08,89,16,2,50,corr_ratio_high,5.58699544e-01,5.00000000e-01,2.50000075e+07,7.51348761e+00,-6.68503450e+00,1.41985221e+01,1.00020642e-09
24,6.19249013e-01,1.96228171e-08,89,17,1,52,normal_corr_dominates,1.66151221e+00,1.00000000e+00,2.49999862e+07,-1.37974133e+01,-5.18405036e+00,-8.61336297e+00,1.00006078e-09
24,6.19249013e-01,1.96228171e-08,89,17,1,52,corr_ratio_high,1.50113365e+00,5.00000000e-01,2.49999862e+07,-1.37974133e+01,-5.18405036e+00,-8.61336297e+00,1.00006078e-09
24,6.19249013e-01,1.96228171e-08,89,18,0,54,normal_corr_dominates,5.64010686e+00,1.00000000e+00,2.50000117e+07,1.16678069e+01,-2.51455563e+00,1.41823625e+01,1.00006714e-09
24,6.19249013e-01,1.96228171e-08,89,18,0,54,corr_ratio_high,6.17633784e-01,5.00000000e-01,2.50000117e+07,1.16678069e+01,-2.51455563e+00,1.41823625e+01,1.00006714e-09
24,6.19249013e-01,1.96228171e-08,89,18,1,55,normal_corr_dominates,7.14541364e+00,1.00000000e+00,2.49999795e+07,-2.04820958e+01,-2.51455563e+00,-1.79675401e+01,1.00008576e-09
24,6.19249013e-01,1.96228171e-08,89,19,0,57,normal_corr_dominates,3.44309557e+01,1.00000000e+00,2.49999900e+07,-1.00130755e+01,-2.82608111e-01,-9.73046736e+00,1.00020449e-09
24,6.19249013e-01,1.96228171e-08,89,19,0,57,corr_ratio_high,5.00678895e-01,5.00000000e-01,2.49999900e+07,-1.00130755e+01,-2.82608111e-01,-9.73046736e+00,1.00020449e-09
24,6.19249013e-01,1.96228171e-08,89,19,1,58,normal_corr_dominates,6.68511832e+01,1.00000000e+00,2.49999808e+07,-1.91752947e+01,-2.82608111e-01,-1.88926866e+01,1.00005609e-09
24,6.19249013e-01,1.96228171e-08,89,19,1,58,corr_ratio_high,1.57850412e+00,5.00000000e-01,2.49999808e+07,-1.91752947e+01,-2.82608111e-01,-1.88926866e+01,1.00005609e-09
24,6.19249013e-01,1.96228171e-08,89,19,2,59,normal_corr_dominates,9.81271321e+00,1.00000000e+00,2.50000025e+07,2.49054423e+00,-2.82608111e-01,2.77315235e+00,1.00008267e-09
24,6.19249013e-01,1.96228171e-08,89,20,0,60,corr_ratio_high,3.24181177e+00,5.00000000e-01,2.49999954e+07,-4.63902205e+00,-2.38622035e+00,-2.25280170e+00,1.00001716e-09
24,6.19249013e-01,1.96228171e-08,89,20,1,61,normal_corr_dominates,7.38745596e+00,1.00000000e+00,2.50000152e+07,1.52418774e+01,-2.38622035e+00,1.76280978e+01,1.00017662e-09
24,6.19249013e-01,1.96228171e-08,89,20,2,62,normal_corr_dominates,2.53681341e+00,1.00000000e+00,2.50000037e+07,3.66717544e+00,-2.38622035e+00,6.05339579e+00,1.00016377e-09
24,6.19249013e-01,1.96228171e-08,89,22,0,66,normal_corr_dominates,2.66649292e+00,1.00000000e+00,2.50000068e+07,6.80720723e+00,-4.08475016e+00,1.08919574e+01,1.00014709e-09
24,6.19249013e-01,1.96228171e-08,89,22,2,68,normal_corr_dominates,8.04805254e+00,1.00000000e+00,2.49999630e+07,-3.69590341e+01,-4.08475016e+00,-3.28742839e+01,1.00011692e-09
24,6.19249013e-01,1.96228171e-08,89,23,0,69,normal_corr_dominates,1.24600024e+00,1.00000000e+00,2.49999805e+07,-1.95221503e+01,-8.69196272e+00,-1.08301876e+01,1.00014248e-09
24,6.19249013e-01,1.96228171e-08,89,23,1,70,normal_corr_dominates,2.06078575e+00,1.00000000e+00,2.50000092e+07,9.22031023e+00,-8.69196272e+00,1.79122730e+01,1.00008399e-09
24,6.19249013e-01,1.96228171e-08,89,24,0,72,normal_corr_dominates,1.77560301e+01,1.00000000e+00,2.50000177e+07,1.76967698e+01,-1.05614335e+00,1.87529132e+01,1.00010526e-09
24,6.19249013e-01,1.96228171e-08,89,24,1,73,normal_corr_dominates,1.27594508e+01,1.00000000e+00,2.50000124e+07,1.24196658e+01,-1.05614335e+00,1.34758092e+01,1.00013011e-09
24,6.19249013e-01,1.96228171e-08,89,24,2,74,normal_corr_dominates,2.40311962e+01,1.00000000e+00,2.49999736e+07,-2.64365314e+01,-1.05614335e+00,-2.53803881e+01,1.00012416e-09
24,6.19249013e-01,1.96228171e-08,89,27,1,82,normal_corr_dominates,2.30433406e+00,1.00000000e+00,2.50000137e+07,1.37058665e+01,-1.05079419e+01,2.42138083e+01,1.00013254e-09
24,6.19249013e-01,1.96228171e-08,89,28,0,84,normal_corr_dominates,1.02145308e+01,1.00000000e+00,2.49999660e+07,-3.39944177e+01,-3.03128311e+00,-3.09631346e+01,1.00013143e-09
24,6.19249013e-01,1.96228171e-08,89,28,1,85,normal_corr_dominates,6.64861175e+00,1.00000000e+00,2.50000171e+07,1.71225414e+01,-3.03128311e+00,2.01538245e+01,1.00011888e-09
24,6.19249013e-01,1.96228171e-08,89,28,2,86,normal_corr_dominates,8.89571455e+00,1.00000000e+00,2.49999700e+07,-2.99967123e+01,-3.03128311e+00,-2.69654292e+01,1.00013795e-09
24,6.19249013e-01,1.96228171e-08,89,30,0,90,normal_corr_dominates,1.62736010e+01,1.00000000e+00,2.49999882e+07,-1.18273516e+01,7.74365626e-01,-1.26017172e+01,1.00014362e-09
24,6.19249013e-01,1.96228171e-08,89,30,1,91,normal_corr_dominates,1.50071613e+01,1.00000000e+00,2.50000124e+07,1.23953955e+01,7.74365626e-01,1.16210299e+01,1.00011212e-09
24,6.19249013e-01,1.96228171e-08,89,30,2,92,normal_corr_dominates,3.05936519e+01,1.00000000e+00,2.49999771e+07,-2.29163068e+01,7.74365626e-01,-2.36906724e+01,1.00011805e-09
24,6.19249013e-01,1.96228171e-08,89,9,0,27,normal_corr_dominates,2.56944774e+00,1.00000000e+00,2.50000097e+07,9.73684321e+00,-6.20399326e+00,1.59408365e+01,1.00011276e-09
24,6.19249013e-01,1.96228171e-08,89,9,1,28,normal_corr_dominates,2.66235549e+00,1.00000000e+00,2.49999773e+07,-2.27212288e+01,-6.20399326e+00,-1.65172355e+01,1.00014418e-09
24,6.19249013e-01,1.96228171e-08,89,9,2,29,normal_corr_dominates,4.27109105e+00,1.00000000e+00,2.50000203e+07,2.02938268e+01,-6.20399326e+00,2.64978201e+01,1.00012632e-09
24,6.19249013e-01,1.96228171e-08,89,8,0,24,normal_corr_dominates,1.47207419e+00,1.00000000e+00,2.49999863e+07,-1.36649133e+01,-5.52771165e+00,-8.13720165e+00,1.00015743e-09
24,6.19249013e-01,1.96228171e-08,89,8,2,26,normal_corr_dominates,2.17220037e+00,1.00000000e+00,2.50000065e+07,6.47958562e+00,-5.52771165e+00,1.20072973e+01,1.00009176e-09
24,6.19249013e-01,1.96228171e-08,89,8,2,26,corr_ratio_high,5.88843500e-01,5.00000000e-01,2.50000065e+07,6.47958562e+00,-5.52771165e+00,1.20072973e+01,1.00009176e-09
25,6.45768674e-01,2.04631745e-08,89,0,0,0,normal_corr_dominates,4.21291203e+00,1.00000000e+00,2.49999292e+07,-7.08371624e+01,-1.35887892e+01,-5.72483733e+01,1.00021338e-09
25,6.45768674e-01,2.04631745e-08,89,0,1,1,normal_corr_dominates,2.31877672e+00,1.00000000e+00,2.50000179e+07,1.79205788e+01,-1.35887892e+01,3.15093680e+01,1.00009442e-09
25,6.45768674e-01,2.04631745e-08,89,0,1,1,corr_ratio_high,5.24270328e-01,5.00000000e-01,2.50000179e+07,1.79205788e+01,-1.35887892e+01,3.15093680e+01,1.00009442e-09
25,6.45768674e-01,2.04631745e-08,89,0,2,2,normal_corr_dominates,3.49942018e+00,1.00000000e+00,2.50000340e+07,3.39640938e+01,-1.35887892e+01,4.75528830e+01,1.00009936e-09
25,6.45768674e-01,2.04631745e-08,89,1,0,3,normal_corr_dominates,2.82967153e+00,1.00000000e+00,2.49999709e+07,-2.90664182e+01,-7.58979404e+00,-2.14766241e+01,1.00016990e-09
25,6.45768674e-01,2.04631745e-08,89,1,1,4,normal_corr_dominates,1.90169621e+00,1.00000000e+00,2.50000068e+07,6.84368851e+00,-7.58979404e+00,1.44334825e+01,1.00008871e-09
25,6.45768674e-01,2.04631745e-08,89,1,1,4,corr_ratio_high,6.39410526e-01,5.00000000e-01,2.50000068e+07,6.84368851e+00,-7.58979404e+00,1.44334825e+01,1.00008871e-09
25,6.45768674e-01,2.04631745e-08,89,1,2,5,normal_corr_dominates,4.44425503e+00,1.00000000e+00,2.50000261e+07,2.61411863e+01,-7.58979404e+00,3.37309804e+01,1.00013995e-09
25,6.45768674e-01,2.04631745e-08,89,2,0,6,normal_corr_dominates,2.76463343e+00,1.00000000e+00,2.49999863e+07,-1.36976807e+01,-3.63851646e+00,-1.00591642e+01,1.00011751e-09
25,6.45768674e-01,2.04631745e-08,89,2,1,7,normal_corr_dominates,5.19113825e+00,1.00000000e+00,2.50000152e+07,1.52495255e+01,-3.63851646e+00,1.88880420e+01,1.00007895e-09
25,6.45768674e-01,2.04631745e-08,89,3,0,9,normal_corr_dominates,7.45489985e+00,1.00000000e+00,2.50000195e+07,1.94926365e+01,-3.01982013e+00,2.25124566e+01,1.00014455e-09
25,6.45768674e-01,2.04631745e-08,89,3,2,11,normal_corr_dominates,3.22060727e+00,1.00000000e+00,2.50000067e+07,6.70583453e+00,-3.01982013e+00,9.72565466e+00,1.00014795e-09
25,6.45768674e-01,2.04631745e-08,89,4,0,12,normal_corr_dominates,2.63623361e+00,1.00000000e+00,2.50000095e+07,9.49624459e+00,-5.80372175e+00,1.52999663e+01,1.00004309e-09
25,6.45768674e-01,2.04631745e-08,89,4,0,12,corr_ratio_high,1.49935413e+00,5.00000000e-01,2.50000095e+07,9.49624459e+00,-5.80372175e+00,1.52999663e+01,1.00004309e-09
25,6.45768674e-01,2.04631745e-08,89,4,2,14,normal_corr_dominates,2.15218080e+00,1.00000000e+00,2.49999817e+07,-1.82943803e+01,-5.80372175e+00,-1.24906585e+01,1.00023167e-09
25,6.45768674e-01,2.04631745e-08,89,4,2,14,corr_ratio_high,5.78158358e-01,5.00000000e-01,2.49999817e+07,-1.82943803e+01,-5.80372175e+00,-1.24906585e+01,1.00023167e-09
25,6.45768674e-01,2.04631745e-08,89,5,0,15,normal_corr_dominates,6.11480536e+00,1.00000000e+00,2.49999814e+07,-1.86052924e+01,-2.61501074e+00,-1.59902817e+01,1.00008147e-09
25,6.45768674e-01,2.04631745e-08,89,5,0,15,corr_ratio_high,8.44039092e-01,5.00000000e-01,2.49999814e+07,-1.86052924e+01,-2.61501074e+00,-1.59902817e+01,1.00008147e-09
25,6.45768674e-01,2.04631745e-08,89,5,1,16,normal_corr_dominates,5.98889094e+00,1.00000000e+00,2.49999817e+07,-1.82760248e+01,-2.61501074e+00,-1.56610141e+01,1.00014482e-09
25,6.45768674e-01,2.04631745e-08,89,5,2,17,normal_corr_dominates,9.08909949e+00,1.00000000e+00,2.50000212e+07,2.11530820e+01,-2.61501074e+00,2.37680927e+01,1.00008758e-09
25,6.45768674e-01,2.04631745e-08,89,6,0,18,normal_corr_dominates,1.16032770e+01,1.00000000e+00,2.49999974e+07,-2.64168108e+00,2.49138176e-01,-2.89081926e+00,1.00010384e-09
25,6.45768674e-01,2.04631745e-08,89,6,1,19,normal_corr_dominates,1.20792228e+01,1.00000000e+00,2.50000033e+07,3.25853371e+00,2.49138176e-01,3.00939554e+00,1.00009747e-09
25,6.45768674e-01,2.04631745e-08,89,6,2,20,normal_corr_dominates,2.15680234e+00,1.00000000e+00,2.50000008e+07,7.86479977e-01,2.49138176e-01,5.37341801e-01,1.00014675e-09
25,6.45768674e-01,2.04631745e-08,89,12,1,37,corr_ratio_high,1.46007942e+00,5.00000000e-01,2.49999988e+07,-1.18427184e+00,-5.82331636e+00,4.63904452e+00,1.00005152e-09
25,6.45768674e-01,2.04631745e-08,89,12,2,38,normal_corr_dominates,4.17032542e+00,1.00000000e+00,2.50000185e+07,1.84618079e+01,-5.82331636e+00,2.42851242e+01,1.00015580e-09
25,6.45768674e-01,2.04631745e-08,89,13,0,39,normal_corr_dominates,1.44469045e+01,1.00000000e+00,2.49999836e+07,-1.63970787e+01,-1.06151228e+00,-1.53355665e+01,1.00006698e-09
25,6.45768674e-01,2.04631745e-08,89,13,0,39,corr_ratio_high,1.25267962e+00,5.00000000e-01,2.49999836e+07,-1.63970787e+01,-1.06151228e+00,-1.53355665e+01,1.00006698e-09
25,6.45768674e-01,2.04631745e-08,89,13,1,40,normal_corr_dominates,2.83477717e+01,1.00000000e+00,2.49999688e+07,-3.11530200e+01,-1.06151228e+00,-3.00915077e+01,1.00005233e-09
25,6.45768674e-01,2.04631745e-08,89,13,1,40,corr_ratio_high,2.14031156e+00,5.00000000e-01,2.49999688e+07,-3.11530200e+01,-1.06151228e+00,-3.00915077e+01,1.00005233e-09
25,6.45768674e-01,2.04631745e-08,89,13,2,41,normal_corr_dominates,2.79500586e+01,1.00000000e+00,2.50000286e+07,2.86078181e+01,-1.06151228e+00,2.96693304e+01,1.00023213e-09
25,6.45768674e-01,2.04631745e-08,89,13,2,41,corr_ratio_high,5.79030202e-01,5.00000000e-01,2.50000286e+07,2.86078181e+01,-1.06151228e+00,2.96693304e+01,1.00023213e-09
25,6.45768674e-01,2.04631745e-08,89,14,0,42,normal_corr_dominates,4.65317267e+00,1.00000000e+00,2.50000403e+07,4.02834838e+01,-1.10269860e+01,5.13104698e+01,1.00017123e-09
25,6.45768674e-01,2.04631745e-08,89,14,1,43,normal_corr_dominates,4.57376808e+00,1.00000000e+00,2.49999385e+07,-6.14618625e+01,-1.10269860e+01,-5.04348765e+01,1.00012451e-09
25,6.45768674e-01,2.04631745e-08,89,14,1,43,corr_ratio_high,7.88538853e-01,5.00000000e-01,2.49999385e+07,-6.14618625e+01,-1.10269860e+01,-5.04348765e+01,1.00012451e-09
25,6.45768674e-01,2.04631745e-08,89,14,2,44,normal_corr_dominates,3.51510401e+00,1.00000000e+00,2.49999502e+07,-4.97879886e+01,-1.10269860e+01,-3.87610026e+01,1.00012418e-09
25,6.45768674e-01,2.04631745e-08,89,15,0,45,normal_corr_dominates,4.29358099e+00,1.00000000e+00,2.49999730e+07,-2.70417403e+01,-5.10840210e+00,-2.19333382e+01,1.00008385e-09
25,6.45768674e-01,2.04631745e-08,89,15,0,45,corr_ratio_high,8.62597686e-01,5.00000000e-01,2.49999730e+07,-2.70417403e+01,-5.10840210e+00,-2.19333382e+01,1.00008385e-09
25,6.45768674e-01,2.04631745e-08,89,15,1,46,normal_corr_dominates,4.45669727e+00,1.00000000e+00,2.50000177e+07,1.76581996e+01,-5.10840210e+00,2.27666017e+01,1.00009703e-09
25,6.45768674e-01,2.04631745e-08,89,15,2,47,normal_corr_dominates,2.42302877e+00,1.00000000e+00,2.50000073e+07,7.26940317e+00,-5.10840210e+00,1.23778053e+01,1.00014397e-09
25,6.45768674e-01,2.04631745e-08,89,16,0,48,normal_corr_dominates,2.23956080e+00,1.00000000e+00,2.50000086e+07,8.61969093e+00,-6.95382666e+00,1.55735176e+01,1.00011378e-09
25,6.45768674e-01,2.04631745e-08,89,16,1,49,normal_corr_dominates,4.83397655e+00,1.00000000e+00,2.49999594e+07,-4.05684617e+01,-6.95382666e+00,-3.36146350e+01,1.00005498e-09
25,6.45768674e-01,2.04631745e-08,89,16,1,49,corr_ratio_high,1.78813004e+00,5.00000000e-01,2.49999594e+07,-4.05684617e+01,-6.95382666e+00,-3.36146350e+01,1.00005498e-09
25,6.45768674e-01,2.04631745e-08,89,16,2,50,normal_corr_dominates,2.12262476e+00,1.00000000e+00,2.50000078e+07,7.80653800e+00,-6.95382666e+00,1.47603647e+01,1.00021472e-09
25,6.45768674e-01,2.04631745e-08,89,16,2,50,corr_ratio_high,5.58715722e-01,5.00000000e-01,2.50000078e+07,7.80653800e+00,-6.95382666e+00,1.47603647e+01,1.00021472e-09
25,6.45768674e-01,2.04631745e-08,89,17,1,52,normal_corr_dominates,1.66122678e+00,1.00000000e+00,2.49999856e+07,-1.43502217e+01,-5.39233325e+00,-8.95788842e+00,1.00006323e-09
25,6.45768674e-01,2.04631745e-08,89,17,1,52,corr_ratio_high,1.50077222e+00,5.00000000e-01,2.49999856e+07,-1.43502217e+01,-5.39233325e+00,-8.95788842e+00,1.00006323e-09
25,6.45768674e-01,2.04631745e-08,89,18,0,54,normal_corr_dominates,5.63995596e+00,1.00000000e+00,2.50000121e+07,1.21351534e+01,-2.61535961e+00,1.47505130e+01,1.00006984e-09
25,6.45768674e-01,2.04631745e-08,89,18,0,54,corr_ratio_high,6.17597601e-01,5.00000000e-01,2.50000121e+07,1.21351534e+01,-2.61535961e+00,1.47505130e+01,1.00006984e-09
25,6.45768674e-01,2.04631745e-08,89,18,1,55,normal_corr_dominates,7.14570392e+00,1.00000000e+00,2.49999787e+07,-2.13039450e+01,-2.61535961e+00,-1.86885854e+01,1.00008921e-09
25,6.45768674e-01,2.04631745e-08,89,19,0,57,normal_corr_dominates,3.44628643e+01,1.00000000e+00,2.49999896e+07,-1.04155086e+01,-2.93701844e-01,-1.01218068e+01,1.00021269e-09
25,6.45768674e-01,2.04631745e-08,89,19,0,57,corr_ratio_high,5.00673498e-01,5.00000000e-01,2.49999896e+07,-1.04155086e+01,-2.93701844e-01,-1.01218068e+01,1.00021269e-09
25,6.45768674e-01,2.04631745e-08,89,19,1,58,normal_corr_dominates,6.69041901e+01,1.00000000e+00,2.49999801e+07,-1.99435859e+01,-2.93701844e-01,-1.96498840e+01,1.00005835e-09
25,6.45768674e-01,2.04631745e-08,89,19,1,58,corr_ratio_high,1.57810755e+00,5.00000000e-01,2.49999801e+07,-1.99435859e+01,-2.93701844e-01,-1.96498840e+01,1.00005835e-09
25,6.45768674e-01,2.04631745e-08,89,19,2,59,normal_corr_dominates,9.82437387e+00,1.00000000e+00,2.50000026e+07,2.59173488e+00,-2.93701844e-01,2.88543672e+00,1.00008599e-09
25,6.45768674e-01,2.04631745e-08,89,20,0,60,corr_ratio_high,3.24111632e+00,5.00000000e-01,2.49999952e+07,-4.82675868e+00,-2.48290663e+00,-2.34385205e+00,1.00001786e-09
25,6.45768674e-01,2.04631745e-08,89,20,1,61,normal_corr_dominates,7.38431644e+00,1.00000000e+00,2.50000159e+07,1.58516616e+01,-2.48290663e+00,1.83345682e+01,1.00018371e-09
25,6.45768674e-01,2.04631745e-08,89,20,2,62,normal_corr_dominates,2.53593720e+00,1.00000000e+00,2.50000038e+07,3.81358867e+00,-2.48290663e+00,6.29649530e+00,1.00017034e-09
25,6.45768674e-01,2.04631745e-08,89,22,0,66,normal_corr_dominates,2.66607100e+00,1.00000000e+00,2.50000071e+07,7.07960992e+00,-4.24928465e+00,1.13288946e+01,1.00015300e-09
25,6.45768674e-01,2.04631745e-08,89,22,2,68,normal_corr_dominates,8.04784918e+00,1.00000000e+00,2.49999616e+07,-3.84468867e+01,-4.24928465e+00,-3.41976020e+01,1.00012162e-09
25,6.45768674e-01,2.04631745e-08,89,23,0,69,normal_corr_dominates,1.24623701e+00,1.00000000e+00,2.49999797e+07,-2.03052631e+01,-9.03967972e+00,-1.12655834e+01,1.00014820e-09
25,6.45768674e-01,2.04631745e-08,89,23,1,70,normal_corr_dominates,2.06084595e+00,1.00000000e+00,2.50000096e+07,9.58970763e+00,-9.03967972e+00,1.86293874e+01,1.00008736e-09
25,6.45768674e-01,2.04631745e-08,89,24,0,72,normal_corr_dominates,1.77773237e+01,1.00000000e+00,2.50000184e+07,1.84092102e+01,-1.09726739e+00,1.95064776e+01,1.00010947e-09
25,6.45768674e-01,2.04631745e-08,89,24,1,73,normal_corr_dominates,1.27768764e+01,1.00000000e+00,2.50000129e+07,1.29223824e+01,-1.09726739e+00,1.40196498e+01,1.00013533e-09
25,6.45768674e-01,2.04631745e-08,89,24,2,74,normal_corr_dominates,2.40645743e+01,1.00000000e+00,2.49999725e+07,-2.75025401e+01,-1.09726739e+00,-2.64052727e+01,1.00012915e-09
25,6.45768674e-01,2.04631745e-08,89,27,1,82,normal_corr_dominates,2.30413433e+00,1.00000000e+00,2.50000143e+07,1.42547308e+01,-1.09304161e+01,2.51851469e+01,1.00013786e-09
25,6.45768674e-01,2.04631745e-08,89,28,0,84,normal_corr_dominates,1.02212817e+01,1.00000000e+00,2.49999646e+07,-3.53559795e+01,-3.15079689e+00,-3.22051827e+01,1.00013670e-09
25,6.45768674e-01,2.04631745e-08,89,28,1,85,normal_corr_dominates,6.65344550e+00,1.00000000e+00,2.50000178e+07,1.78128585e+01,-3.15079689e+00,2.09636554e+01,1.00012365e-09
25,6.45768674e-01,2.04631745e-08,89,28,2,86,normal_corr_dominates,8.90485210e+00,1.00000000e+00,2.49999688e+07,-3.12081772e+01,-3.15079689e+00,-2.80573803e+01,1.00014351e-09
25,6.45768674e-01,2.04631745e-08,89,30,0,90,normal_corr_dominates,1.62598219e+01,1.00000000e+00,2.49999877e+07,-1.23017350e+01,8.06151937e-01,-1.31078869e+01,1.00014939e-09
25,6.45768674e-01,2.04631745e-08,89,30,1,91,normal_corr_dominates,1.49975412e+01,1.00000000e+00,2.50000129e+07,1.28964488e+01,8.06151937e-01,1.20902969e+01,1.00011661e-09
25,6.45768674e-01,2.04631745e-08,89,30,2,92,normal_corr_dominates,3.05727913e+01,1.00000000e+00,2.49999762e+07,-2.38401630e+01,8.06151937e-01,-2.46463149e+01,1.00012279e-09
25,6.45768674e-01,2.04631745e-08,89,9,0,27,normal_corr_dominates,2.56830862e+00,1.00000000e+00,2.50000101e+07,1.01203492e+01,-6.45303420e+00,1.65733834e+01,1.00011729e-09
25,6.45768674e-01,2.04631745e-08,89,9,1,28,normal_corr_dominates,2.66160467e+00,1.00000000e+00,2.49999764e+07,-2.36284602e+01,-6.45303420e+00,-1.71754260e+01,1.00014995e-09
25,6.45768674e-01,2.04631745e-08,89,9,2,29,normal_corr_dominates,4.27111832e+00,1.00000000e+00,2.50000211e+07,2.11086384e+01,-6.45303420e+00,2.75616726e+01,1.00013139e-09
25,6.45768674e-01,2.04631745e-08,89,8,0,24,normal_corr_dominates,1.47214020e+00,1.00000000e+00,2.49999858e+07,-1.42124354e+01,-5.74904102e+00,-8.46339442e+00,1.00016374e-09
25,6.45768674e-01,2.04631745e-08,89,8,2,26,normal_corr_dominates,2.17267921e+00,1.00000000e+00,2.50000067e+07,6.74178088e+00,-5.74904102e+00,1.24908219e+01,1.00009544e-09
25,6.45768674e-01,2.04631745e-08,89,8,2,26,corr_ratio_high,5.88809484e-01,5.00000000e-01,2.50000067e+07,6.74178088e+00,-5.74904102e+00,1.24908219e+01,1.00009544e-09
26,6.70721878e-01,2.12538938e-08,89,0,0,0,normal_corr_dominates,4.21256735e+00,1.00000000e+00,2.49999266e+07,-7.33993950e+01,-1.40812368e+01,-5.93181583e+01,1.00022110e-09
26,6.70721878e-01,2.12538938e-08,89,0,1,1,normal_corr_dominates,2.31908967e+00,1.00000000e+00,2.50000186e+07,1.85744140e+01,-1.40812368e+01,3.26556508e+01,1.00009782e-09
26,6.70721878e-01,2.12538938e-08,89,0,1,1,corr_ratio_high,5.24405493e-01,5.00000000e-01,2.50000186e+07,1.85744140e+01,-1.40812368e+01,3.26556508e+01,1.00009782e-09
26,6.70721878e-01,2.12538938e-08,89,0,2,2,normal_corr_dominates,3.49909083e+00,1.00000000e+00,2.50000352e+07,3.51902896e+01,-1.40812368e+01,4.92715264e+01,1.00010297e-09
26,6.70721878e-01,2.12538938e-08,89,1,0,3,normal_corr_dominates,2.82960275e+00,1.00000000e+00,2.49999699e+07,-3.01164218e+01,-7.86411120e+00,-2.22523106e+01,1.00017604e-09
26,6.70721878e-01,2.12538938e-08,89,1,1,4,normal_corr_dominates,1.90195127e+00,1.00000000e+00,2.50000071e+07,7.09304506e+00,-7.86411120e+00,1.49571563e+01,1.00009191e-09
26,6.70721878e-01,2.12538938e-08,89,1,1,4,corr_ratio_high,6.39460956e-01,5.00000000e-01,2.50000071e+07,7.09304506e+00,-7.86411120e+00,1.49571563e+01,1.00009191e-09
26,6.70721878e-01,2.12538938e-08,89,1,2,5,normal_corr_dominates,4.44451767e+00,1.00000000e+00,2.50000271e+07,2.70880700e+01,-7.86411120e+00,3.49521812e+01,1.00014503e-09
26,6.70721878e-01,2.12538938e-08,89,2,0,6,normal_corr_dominates,2.76578329e+00,1.00000000e+00,2.49999858e+07,-1.41954532e+01,-3.76958846e+00,-1.04258648e+01,1.00012177e-09
26,6.70721878e-01,2.12538938e-08,89,2,1,7,normal_corr_dominates,5.19227456e+00,1.00000000e+00,2.50000158e+07,1.58031498e+01,-3.76958846e+00,1.95727382e+01,1.00008180e-09
26,6.70721878e-01,2.12538938e-08,89,3,0,9,normal_corr_dominates,7.45392553e+00,1.00000000e+00,2.50000202e+07,2.01933129e+01,-3.12884195e+00,2.33221549e+01,1.00014978e-09
26,6.70721878e-01,2.12538938e-08,89,3,2,11,normal_corr_dominates,3.22051176e+00,1.00000000e+00,2.50000069e+07,6.94763034e+00,-3.12884195e+00,1.00764723e+01,1.00015330e-09
26,6.70721878e-01,2.12538938e-08,89,4,0,12,normal_corr_dominates,2.63670038e+00,1.00000000e+00,2.50000098e+07,9.84154090e+00,-6.01303759e+00,1.58545785e+01,1.00004464e-09
26,6.70721878e-01,2.12538938e-08,89,4,0,12,corr_ratio_high,1.49944736e+00,5.00000000e-01,2.50000098e+07,9.84154090e+00,-6.01303759e+00,1.58545785e+01,1.00004464e-09
26,6.70721878e-01,2.12538938e-08,89,4,2,14,normal_corr_dominates,2.15320131e+00,1.00000000e+00,2.49999810e+07,-1.89603180e+01,-6.01303759e+00,-1.29472804e+01,1.00024005e-09
26,6.70721878e-01,2.12538938e-08,89,4,2,14,corr_ratio_high,5.78166704e-01,5.00000000e-01,2.49999810e+07,-1.89603180e+01,-6.01303759e+00,-1.29472804e+01,1.00024005e-09
26,6.70721878e-01,2.12538938e-08,89,5,0,15,normal_corr_dominates,6.11253195e+00,1.00000000e+00,2.49999807e+07,-1.92738536e+01,-2.70984422e+00,-1.65640094e+01,1.00008441e-09
26,6.70721878e-01,2.12538938e-08,89,5,0,15,corr_ratio_high,8.44067955e-01,5.00000000e-01,2.49999807e+07,-1.92738536e+01,-2.70984422e+00,-1.65640094e+01,1.00008441e-09
26,6.70721878e-01,2.12538938e-08,89,5,1,16,normal_corr_dominates,5.99115108e+00,1.00000000e+00,2.49999811e+07,-1.89449303e+01,-2.70984422e+00,-1.62350861e+01,1.00015007e-09
26,6.70721878e-01,2.12538938e-08,89,5,2,17,normal_corr_dominates,9.08861614e+00,1.00000000e+00,2.50000219e+07,2.19188897e+01,-2.70984422e+00,2.46287339e+01,1.00009075e-09
26,6.70721878e-01,2.12538938e-08,89,6,0,18,normal_corr_dominates,1.15831919e+01,1.00000000e+00,2.49999973e+07,-2.73768245e+00,2.58682114e-01,-2.99636457e+00,1.00010760e-09
26,6.70721878e-01,2.12538938e-08,89,6,1,19,normal_corr_dominates,1.20510942e+01,1.00000000e+00,2.50000034e+07,3.37608463e+00,2.58682114e-01,3.11740251e+00,1.00010100e-09
26,6.70721878e-01,2.12538938e-08,89,6,2,20,normal_corr_dominates,2.15423096e+00,1.00000000e+00,2.50000008e+07,8.15943133e-01,2.58682114e-01,5.57261019e-01,1.00015207e-09
26,6.70721878e-01,2.12538938e-08,89,12,1,37,corr_ratio_high,1.46002540e+00,5.00000000e-01,2.49999988e+07,-1.22649922e+00,-6.03308082e+00,4.80658160e+00,1.00005338e-09
26,6.70721878e-01,2.12538938e-08,89,12,2,38,normal_corr_dominates,4.17072952e+00,1.00000000e+00,2.50000191e+07,1.91292674e+01,-6.03308082e+00,2.51623483e+01,1.00016145e-09
26,6.70721878e-01,2.12538938e-08,89,13,0,39,normal_corr_dominates,1.44291272e+01,1.00000000e+00,2.49999830e+07,-1.69926490e+01,-1.10133572e+00,-1.58913132e+01,1.00006941e-09
26,6.70721878e-01,2.12538938e-08,89,13,0,39,corr_ratio_high,1.25239634e+00,5.00000000e-01,2.49999830e+07,-1.69926490e+01,-1.10133572e+00,-1.58913132e+01,1.00006941e-09
26,6.70721878e-01,2.12538938e-08,89,13,1,40,normal_corr_dominates,2.83096999e+01,1.00000000e+00,2.49999677e+07,-3.22798196e+01,-1.10133572e+00,-3.11784839e+01,1.00005423e-09
26,6.70721878e-01,2.12538938e-08,89,13,1,40,corr_ratio_high,2.14025320e+00,5.00000000e-01,2.49999677e+07,-3.22798196e+01,-1.10133572e+00,-3.11784839e+01,1.00005423e-09
26,6.70721878e-01,2.12538938e-08,89,13,2,41,normal_corr_dominates,2.79118086e+01,1.00000000e+00,2.50000296e+07,2.96389362e+01,-1.10133572e+00,3.07402720e+01,1.00024053e-09
26,6.70721878e-01,2.12538938e-08,89,13,2,41,corr_ratio_high,5.79029281e-01,5.00000000e-01,2.50000296e+07,2.96389362e+01,-1.10133572e+00,3.07402720e+01,1.00024053e-09
26,6.70721878e-01,2.12538938e-08,89,14,0,42,normal_corr_dominates,4.65427634e+00,1.00000000e+00,2.50000418e+07,4.17516180e+01,-1.14254134e+01,5.31770315e+01,1.00017740e-09
26,6.70721878e-01,2.12538938e-08,89,14,1,43,normal_corr_dominates,4.57410156e+00,1.00000000e+00,2.49999363e+07,-6.36864149e+01,-1.14254134e+01,-5.22610015e+01,1.00012902e-09
26,6.70721878e-01,2.12538938e-08,89,14,1,43,corr_ratio_high,7.88580010e-01,5.00000000e-01,2.49999363e+07,-6.36864149e+01,-1.14254134e+01,-5.22610015e+01,1.00012902e-09
26,6.70721878e-01,2.12538938e-08,89,14,2,44,normal_corr_dominates,3.51627033e+00,1.00000000e+00,2.49999484e+07,-5.16002558e+01,-1.14254134e+01,-4.01748423e+01,1.00012871e-09
26,6.70721878e-01,2.12538938e-08,89,15,0,45,normal_corr_dominates,4.29445835e+00,1.00000000e+00,2.49999720e+07,-2.80178385e+01,-5.29191783e+00,-2.27259207e+01,1.00008690e-09
26,6.70721878e-01,2.12538938e-08,89,15,0,45,corr_ratio_high,8.62478779e-01,5.00000000e-01,2.49999720e+07,-2.80178385e+01,-5.29191783e+00,-2.27259207e+01,1.00008690e-09
26,6.70721878e-01,2.12538938e-08,89,15,1,46,normal_corr_dominates,4.45770831e+00,1.00000000e+00,2.50000183e+07,1.82979083e+01,-5.29191783e+00,2.35898261e+01,1.00010054e-09
26,6.70721878e-01,2.12538938e-08,89,15,2,47,normal_corr_dominates,2.42408899e+00,1.00000000e+00,2.50000075e+07,7.53616194e+00,-5.29191783e+00,1.28280798e+01,1.00014917e-09
26,6.70721878e-01,2.12538938e-08,89,16,0,48,normal_corr_dominates,2.24036122e+00,1.00000000e+00,2.50000089e+07,8.93791364e+00,-7.20589577e+00,1.61438094e+01,1.00011788e-09
26,6.70721878e-01,2.12538938e-08,89,16,1,49,normal_corr_dominates,4.83331341e+00,1.00000000e+00,2.49999580e+07,-4.20342484e+01,-7.20589577e+00,-3.48283526e+01,1.00005697e-09
26,6.70721878e-01,2.12538938e-08,89,16,1,49,corr_ratio_high,1.78799307e+00,5.00000000e-01,2.49999580e+07,-4.20342484e+01,-7.20589577e+00,-3.48283526e+01,1.00005697e-09
26,6.70721878e-01,2.12538938e-08,89,16,2,50,normal_corr_dominates,2.12144213e+00,1.00000000e+00,2.50000081e+07,8.08099513e+00,-7.20589577e+00,1.52868909e+01,1.00022251e-09
26,6.70721878e-01,2.12538938e-08,89,16,2,50,corr_ratio_high,5.58730775e-01,5.00000000e-01,2.50000081e+07,8.08099513e+00,-7.20589577e+00,1.52868909e+01,1.00022251e-09
26,6.70721878e-01,2.12538938e-08,89,17,1,52,normal_corr_dominates,1.66095758e+00,1.00000000e+00,2.49999851e+07,-1.48685301e+01,-5.58766145e+00,-9.28086862e+00,1.00006553e-09
26,6.70721878e-01,2.12538938e-08,89,17,1,52,corr_ratio_high,1.50043631e+00,5.00000000e-01,2.49999851e+07,-1.48685301e+01,-5.58766145e+00,-9.28086862e+00,1.00006553e-09
26,6.70721878e-01,2.12538938e-08,89,18,0,54,normal_corr_dominates,5.63979449e+00,1.00000000e+00,2.50000126e+07,1.25733108e+01,-2.70988528e+00,1.52831961e+01,1.00007237e-09
26,6.70721878e-01,2.12538938e-08,89,18,0,54,corr_ratio_high,6.17563264e-01,5.00000000e-01,2.50000126e+07,1.25733108e+01,-2.70988528e+00,1.52831961e+01,1.00007237e-09
26,6.70721878e-01,2.12538938e-08,89,18,1,55,normal_corr_dominates,7.14596325e+00,1.00000000e+00,2.49999779e+07,-2.20746259e+01,-2.70988528e+00,-1.93647406e+01,1.00009245e-09
26,6.70721878e-01,2.12538938e-08,89,19,0,57,normal_corr_dominates,3.44920288e+01,1.00000000e+00,2.49999892e+07,-1.07929527e+01,-3.04095119e-01,-1.04888576e+01,1.00022038e-09
26,6.70721878e-01,2.12538938e-08,89,19,0,57,corr_ratio_high,5.00667876e-01,5.00000000e-01,2.49999892e+07,-1.07929527e+01,-3.04095119e-01,-1.04888576e+01,1.00022038e-09
26,6.70721878e-01,2.12538938e-08,89,19,1,58,normal_corr_dominates,6.69523388e+01,1.00000000e+00,2.49999793e+07,-2.06639746e+01,-3.04095119e-01,-2.03598795e+01,1.00006047e-09
26,6.70721878e-01,2.12538938e-08,89,19,1,58,corr_ratio_high,1.57773957e+00,5.00000000e-01,2.49999793e+07,-2.06639746e+01,-3.04095119e-01,-2.03598795e+01,1.00006047e-09
26,6.70721878e-01,2.12538938e-08,89,19,2,59,normal_corr_dominates,9.83511769e+00,1.00000000e+00,2.50000027e+07,2.68671617e+00,-3.04095119e-01,2.99081129e+00,1.00008910e-09
26,6.70721878e-01,2.12538938e-08,89,20,0,60,corr_ratio_high,3.24047292e+00,5.00000000e-01,2.49999950e+07,-5.00291775e+00,-2.57360317e+00,-2.42931458e+00,1.00001851e-09
26,6.70721878e-01,2.12538938e-08,89,20,1,61,normal_corr_dominates,7.38149158e+00,1.00000000e+00,2.50000164e+07,1.64234270e+01,-2.57360317e+00,1.89970301e+01,1.00019036e-09
26,6.70721878e-01,2.12538938e-08,89,20,2,62,normal_corr_dominates,2.53516080e+00,1.00000000e+00,2.50000040e+07,3.95089471e+00,-2.57360317e+00,6.52449788e+00,1.00017651e-09
26,6.70721878e-01,2.12538938e-08,89,22,0,66,normal_corr_dominates,2.66567320e+00,1.00000000e+00,2.50000073e+07,7.33498708e+00,-4.40361716e+00,1.17386042e+01,1.00015854e-09
26,6.70721878e-01,2.12538938e-08,89,22,2,68,normal_corr_dominates,8.04762381e+00,1.00000000e+00,2.49999602e+07,-3.98422715e+01,-4.40361716e+00,-3.54386543e+01,1.00012603e-09
26,6.70721878e-01,2.12538938e-08,89,23,0,69,normal_corr_dominates,1.24644747e+00,1.00000000e+00,2.49999790e+07,-2.10396050e+01,-9.36572315e+00,-1.16738819e+01,1.00015356e-09
26,6.70721878e-01,2.12538938e-08,89,23,1,70,normal_corr_dominates,2.06089435e+00,1.00000000e+00,2.50000099e+07,9.93604282e+00,-9.36572315e+00,1.93017660e+01,1.00009053e-09
26,6.70721878e-01,2.12538938e-08,89,24,0,72,normal_corr_dominates,1.77963408e+01,1.00000000e+00,2.50000191e+07,1.90773229e+01,-1.13580232e+00,2.02131252e+01,1.00011341e-09
26,6.70721878e-01,2.12538938e-08,89,24,1,73,normal_corr_dominates,1.27924891e+01,1.00000000e+00,2.50000134e+07,1.33939365e+01,-1.13580232e+00,1.45297388e+01,1.00014022e-09
26,6.70721878e-01,2.12538938e-08,89,24,2,74,normal_corr_dominates,2.40944934e+01,1.00000000e+00,2.49999715e+07,-2.85023839e+01,-1.13580232e+00,-2.73665815e+01,1.00013383e-09
26,6.70721878e-01,2.12538938e-08,89,27,1,82,normal_corr_dominates,2.30395179e+00,1.00000000e+00,2.50000148e+07,1.47693722e+01,-1.13266244e+01,2.60959966e+01,1.00014285e-09
26,6.70721878e-01,2.12538938e-08,89,28,0,84,normal_corr_dominates,1.02273571e+01,1.00000000e+00,2.49999634e+07,-3.66326408e+01,-3.26280178e+00,-3.33698391e+01,1.00014164e-09
26,6.70721878e-01,2.12538938e-08,89,28,1,85,normal_corr_dominates,6.65779704e+00,1.00000000e+00,2.50000185e+07,1.84602703e+01,-3.26280178e+00,2.17230720e+01,1.00012812e-09
26,6.70721878e-01,2.12538938e-08,89,28,2,86,normal_corr_dominates,8.91311239e+00,1.00000000e+00,2.49999677e+07,-3.23445207e+01,-3.26280178e+00,-2.90817189e+01,1.00014871e-09
26,6.70721878e-01,2.12538938e-08,89,30,0,90,normal_corr_dominates,1.62477145e+01,1.00000000e+00,2.49999873e+07,-1.27465743e+01,8.35966226e-01,-1.35825405e+01,1.00015479e-09
26,6.70721878e-01,2.12538938e-08,89,30,1,91,normal_corr_dominates,1.49891788e+01,1.00000000e+00,2.50000134e+07,1.33664134e+01,8.35966226e-01,1.25304472e+01,1.00012083e-09
26,6.70721878e-01,2.12538938e-08,89,30,2,92,normal_corr_dominates,3.05546237e+01,1.00000000e+00,2.49999753e+07,-2.47066673e+01,8.35966226e-01,-2.55426335e+01,1.00012724e-09
26,6.70721878e-01,2.12538938e-08,89,9,0,27,normal_corr_dominates,2.56725951e+00,1.00000000e+00,2.50000105e+07,1.04796201e+01,-6.68658896e+00,1.71662091e+01,1.00012155e-09
26,6.70721878e-01,2.12538938e-08,89,9,1,28,normal_corr_dominates,2.66091035e+00,1.00000000e+00,2.49999755e+07,-2.44790027e+01,-6.68658896e+00,-1.77924137e+01,1.00015536e-09
26,6.70721878e-01,2.12538938e-08,89,9,2,29,normal_corr_dominates,4.27113149e+00,1.00000000e+00,2.50000219e+07,2.18727117e+01,-6.68658896e+00,2.85593007e+01,1.00013615e-09
26,6.70721878e-01,2.12538938e-08,89,8,0,24,normal_corr_dominates,1.47219676e+00,1.00000000e+00,2.49999853e+07,-1.47258599e+01,-5.95658894e+00,-8.76927096e+00,1.00016966e-09
26,6.70721878e-01,2.12538938e-08,89,8,2,26,normal_corr_dominates,2.17311122e+00,1.00000000e+00,2.50000070e+07,6.98774134e+00,-5.95658894e+00,1.29443303e+01,1.00009890e-09
26,6.70721878e-01,2.12538938e-08,89,8,2,26,corr_ratio_high,5.88777109e-01,5.00000000e-01,2.50000070e+07,6.98774134e+00,-5.95658894e+00,1.29443303e+01,1.00009890e-09
27,6.93628176e-01,2.19797506e-08,89,0,0,0,normal_corr_dominates,4.21225672e+00,1.00000000e+00,2.49999243e+07,-7.57441740e+01,-1.45319346e+01,-6.12122393e+01,1.00022816e-09
27,6.93628176e-01,2.19797506e-08,89,0,1,1,normal_corr_dominates,2.31936792e+00,1.00000000e+00,2.50000192e+07,1.91729684e+01,-1.45319346e+01,3.37049031e+01,1.00010093e-09
27,6.93628176e-01,2.19797506e-08,89,0,1,1,corr_ratio_high,5.24527827e-01,5.00000000e-01,2.50000192e+07,1.91729684e+01,-1.45319346e+01,3.37049031e+01,1.00010093e-09
27,6.93628176e-01,2.19797506e-08,89,0,2,2,normal_corr_dominates,3.49879536e+00,1.00000000e+00,2.50000363e+07,3.63123308e+01,-1.45319346e+01,5.08442654e+01,1.00010627e-09
27,6.93628176e-01,2.19797506e-08,89,1,0,3,normal_corr_dominates,2.82953581e+00,1.00000000e+00,2.49999689e+07,-3.10773061e+01,-8.11516268e+00,-2.29621434e+01,1.00018166e-09
27,6.93628176e-01,2.19797506e-08,89,1,1,4,normal_corr_dominates,1.90217558e+00,1.00000000e+00,2.50000073e+07,7.32130159e+00,-8.11516268e+00,1.54364643e+01,1.00009484e-09
27,6.93628176e-01,2.19797506e-08,89,1,1,4,corr_ratio_high,6.39505251e-01,5.00000000e-01,2.50000073e+07,7.32130159e+00,-8.11516268e+00,1.54364643e+01,1.00009484e-09
27,6.93628176e-01,2.19797506e-08,89,1,2,5,normal_corr_dominates,4.44474400e+00,1.00000000e+00,2.50000280e+07,2.79546579e+01,-8.11516268e+00,3.60698206e+01,1.00014967e-09
27,6.93628176e-01,2.19797506e-08,89,2,0,6,normal_corr_dominates,2.76680363e+00,1.00000000e+00,2.49999853e+07,-1.46511035e+01,-3.88953208e+00,-1.07615715e+01,1.00012567e-09
27,6.93628176e-01,2.19797506e-08,89,2,1,7,normal_corr_dominates,5.19326602e+00,1.00000000e+00,2.50000163e+07,1.63098427e+01,-3.88953208e+00,2.01993748e+01,1.00008441e-09
27,6.93628176e-01,2.19797506e-08,89,3,0,9,normal_corr_dominates,7.45302711e+00,1.00000000e+00,2.50000208e+07,2.08343332e+01,-3.22861393e+00,2.40629471e+01,1.00015456e-09
27,6.93628176e-01,2.19797506e-08,89,3,2,11,normal_corr_dominates,3.22041268e+00,1.00000000e+00,2.50000072e+07,7.16885531e+00,-3.22861393e+00,1.03974692e+01,1.00015819e-09
27,6.93628176e-01,2.19797506e-08,89,4,0,12,normal_corr_dominates,2.63710858e+00,1.00000000e+00,2.50000102e+07,1.01575544e+01,-6.20456979e+00,1.63621242e+01,1.00004606e-09
27,6.93628176e-01,2.19797506e-08,89,4,0,12,corr_ratio_high,1.49952845e+00,5.00000000e-01,2.50000102e+07,1.01575544e+01,-6.20456979e+00,1.63621242e+01,1.00004606e-09
27,6.93628176e-01,2.19797506e-08,89,4,2,14,normal_corr_dominates,2.15411494e+00,1.00000000e+00,2.49999804e+07,-1.95699263e+01,-6.20456979e+00,-1.33653565e+01,1.00024772e-09
27,6.93628176e-01,2.19797506e-08,89,4,2,14,corr_ratio_high,5.78173942e-01,5.00000000e-01,2.49999804e+07,-1.95699263e+01,-6.20456979e+00,-1.33653565e+01,1.00024772e-09
27,6.93628176e-01,2.19797506e-08,89,5,0,15,normal_corr_dominates,6.11045997e+00,1.00000000e+00,2.49999801e+07,-1.98855070e+01,-2.79665550e+00,-1.70888515e+01,1.00008711e-09
27,6.93628176e-01,2.19797506e-08,89,5,0,15,corr_ratio_high,8.44092335e-01,5.00000000e-01,2.49999801e+07,-1.98855070e+01,-2.79665550e+00,-1.70888515e+01,1.00008711e-09
27,6.93628176e-01,2.19797506e-08,89,5,1,16,normal_corr_dominates,5.99314151e+00,1.00000000e+00,2.49999804e+07,-1.95574076e+01,-2.79665550e+00,-1.67607521e+01,1.00015488e-09
27,6.93628176e-01,2.19797506e-08,89,5,2,17,normal_corr_dominates,9.08813854e+00,1.00000000e+00,2.50000226e+07,2.26197371e+01,-2.79665550e+00,2.54163926e+01,1.00009365e-09
27,6.93628176e-01,2.19797506e-08,89,6,0,18,normal_corr_dominates,1.15659563e+01,1.00000000e+00,2.49999972e+07,-2.82557295e+00,2.67422358e-01,-3.09299530e+00,1.00011104e-09
27,6.93628176e-01,2.19797506e-08,89,6,1,19,normal_corr_dominates,1.20266078e+01,1.00000000e+00,2.50000035e+07,3.48360617e+00,2.67422358e-01,3.21618381e+00,1.00010423e-09
27,6.93628176e-01,2.19797506e-08,89,6,2,20,normal_corr_dominates,2.15221971e+00,1.00000000e+00,2.50000008e+07,8.42974028e-01,2.67422358e-01,5.75551670e-01,1.00015693e-09
27,6.93628176e-01,2.19797506e-08,89,12,1,37,corr_ratio_high,1.45997429e+00,5.00000000e-01,2.49999987e+07,-1.26517847e+00,-6.22502587e+00,4.95984741e+00,1.00005508e-09
27,6.93628176e-01,2.19797506e-08,89,12,2,38,normal_corr_dominates,4.17108445e+00,1.00000000e+00,2.50000197e+07,1.97400827e+01,-6.22502587e+00,2.59651086e+01,1.00016661e-09
27,6.93628176e-01,2.19797506e-08,89,13,0,39,normal_corr_dominates,1.44133878e+01,1.00000000e+00,2.49999825e+07,-1.75378118e+01,-1.13782979e+00,-1.63999820e+01,1.00007164e-09
27,6.93628176e-01,2.19797506e-08,89,13,0,39,corr_ratio_high,1.25213996e+00,5.00000000e-01,2.49999825e+07,-1.75378118e+01,-1.13782979e+00,-1.63999820e+01,1.00007164e-09
27,6.93628176e-01,2.19797506e-08,89,13,1,40,normal_corr_dominates,2.82759198e+01,1.00000000e+00,2.49999667e+07,-3.33110137e+01,-1.13782979e+00,-3.21731839e+01,1.00005596e-09
27,6.93628176e-01,2.19797506e-08,89,13,1,40,corr_ratio_high,2.14019712e+00,5.00000000e-01,2.49999667e+07,-3.33110137e+01,-1.13782979e+00,-3.21731839e+01,1.00005596e-09
27,6.93628176e-01,2.19797506e-08,89,13,2,41,normal_corr_dominates,2.78778803e+01,1.00000000e+00,2.50000306e+07,3.05824530e+01,-1.13782979e+00,3.17202827e+01,1.00024822e-09
27,6.93628176e-01,2.19797506e-08,89,13,2,41,corr_ratio_high,5.79028366e-01,5.00000000e-01,2.50000306e+07,3.05824530e+01,-1.13782979e+00,3.17202827e+01,1.00024822e-09
27,6.93628176e-01,2.19797506e-08,89,14,0,42,normal_corr_dominates,4.65524624e+00,1.00000000e+00,2.50000431e+07,4.30955053e+01,-1.17900416e+01,5.48855469e+01,1.00018305e-09
27,6.93628176e-01,2.19797506e-08,89,14,1,43,normal_corr_dominates,4.57438745e+00,1.00000000e+00,2.49999343e+07,-6.57222600e+01,-1.17900416e+01,-5.39322184e+01,1.00013314e-09
27,6.93628176e-01,2.19797506e-08,89,14,1,43,corr_ratio_high,7.88614676e-01,5.00000000e-01,2.49999343e+07,-6.57222600e+01,-1.17900416e+01,-5.39322184e+01,1.00013314e-09
27,6.93628176e-01,2.19797506e-08,89,14,2,44,normal_corr_dominates,3.51729589e+00,1.00000000e+00,2.49999467e+07,-5.32591065e+01,-1.17900416e+01,-4.14690649e+01,1.00013284e-09
27,6.93628176e-01,2.19797506e-08,89,15,0,45,normal_corr_dominates,4.29521538e+00,1.00000000e+00,2.49999711e+07,-2.89110256e+01,-5.45983941e+00,-2.34511862e+01,1.00008968e-09
27,6.93628176e-01,2.19797506e-08,89,15,0,45,corr_ratio_high,8.62370430e-01,5.00000000e-01,2.49999711e+07,-2.89110256e+01,-5.45983941e+00,-2.34511862e+01,1.00008968e-09
27,6.93628176e-01,2.19797506e-08,89,15,1,46,normal_corr_dominates,4.45859139e+00,1.00000000e+00,2.50000189e+07,1.88833536e+01,-5.45983941e+00,2.43431930e+01,1.00010375e-09
27,6.93628176e-01,2.19797506e-08,89,15,2,47,normal_corr_dominates,2.42501708e+00,1.00000000e+00,2.50000078e+07,7.78036441e+00,-5.45983941e+00,1.32402038e+01,1.00015393e-09
27,6.93628176e-01,2.19797506e-08,89,16,0,48,normal_corr_dominates,2.24107685e+00,1.00000000e+00,2.50000092e+07,9.22937743e+00,-7.43658816e+00,1.66659656e+01,1.00012163e-09
27,6.93628176e-01,2.19797506e-08,89,16,1,49,normal_corr_dominates,4.83272845e+00,1.00000000e+00,2.49999566e+07,-4.33755993e+01,-7.43658816e+00,-3.59390112e+01,1.00005879e-09
27,6.93628176e-01,2.19797506e-08,89,16,1,49,corr_ratio_high,1.78786863e+00,5.00000000e-01,2.49999566e+07,-4.33755993e+01,-7.43658816e+00,-3.59390112e+01,1.00005879e-09
27,6.93628176e-01,2.19797506e-08,89,16,2,50,normal_corr_dominates,2.12039024e+00,1.00000000e+00,2.50000083e+07,8.33188076e+00,-7.43658816e+00,1.57684689e+01,1.00022964e-09
27,6.93628176e-01,2.19797506e-08,89,16,2,50,corr_ratio_high,5.58744445e-01,5.00000000e-01,2.50000083e+07,8.33188076e+00,-7.43658816e+00,1.57684689e+01,1.00022964e-09
27,6.93628176e-01,2.19797506e-08,89,17,1,52,normal_corr_dominates,1.66071012e+00,1.00000000e+00,2.49999847e+07,-1.53427944e+01,-5.76642840e+00,-9.57636598e+00,1.00006763e-09
27,6.93628176e-01,2.19797506e-08,89,17,1,52,corr_ratio_high,1.50013146e+00,5.00000000e-01,2.49999847e+07,-1.53427944e+01,-5.76642840e+00,-9.57636598e+00,1.00006763e-09
27,6.93628176e-01,2.19797506e-08,89,18,0,54,normal_corr_dominates,5.63963102e+00,1.00000000e+00,2.50000130e+07,1.29742155e+01,-2.79638950e+00,1.57706050e+01,1.00007468e-09
27,6.93628176e-01,2.19797506e-08,89,18,0,54,corr_ratio_high,6.17531530e-01,5.00000000e-01,2.50000130e+07,1.29742155e+01,-2.79638950e+00,1.57706050e+01,1.00007468e-09
27,6.93628176e-01,2.19797506e-08,89,18,1,55,normal_corr_dominates,7.14618992e+00,1.00000000e+00,2.49999772e+07,-2.27799199e+01,-2.79638950e+00,-1.99835304e+01,1.00009541e-09
27,6.93628176e-01,2.19797506e-08,89,19,0,57,normal_corr_dominates,3.45180747e+01,1.00000000e+00,2.49999889e+07,-1.11384295e+01,-3.13598909e-01,-1.08248306e+01,1.00022741e-09
27,6.93628176e-01,2.19797506e-08,89,19,0,57,corr_ratio_high,5.00662291e-01,5.00000000e-01,2.49999889e+07,-1.11384295e+01,-3.13598909e-01,-1.08248306e+01,1.00022741e-09
27,6.93628176e-01,2.19797506e-08,89,19,1,58,normal_corr_dominates,6.69950906e+01,1.00000000e+00,2.49999787e+07,-2.13231862e+01,-3.13598909e-01,-2.10095873e+01,1.00006241e-09
27,6.93628176e-01,2.19797506e-08,89,19,1,58,corr_ratio_high,1.57740608e+00,5.00000000e-01,2.49999787e+07,-2.13231862e+01,-3.13598909e-01,-2.10095873e+01,1.00006241e-09
27,6.93628176e-01,2.19797506e-08,89,19,2,59,normal_corr_dominates,9.84478452e+00,1.00000000e+00,2.50000028e+07,2.77371478e+00,-3.13598909e-01,3.08731368e+00,1.00009196e-09
27,6.93628176e-01,2.19797506e-08,89,20,0,60,corr_ratio_high,3.23989137e+00,5.00000000e-01,2.49999948e+07,-5.16422423e+00,-2.65662921e+00,-2.50759501e+00,1.00001911e-09
27,6.93628176e-01,2.19797506e-08,89,20,1,61,normal_corr_dominates,7.37900014e+00,1.00000000e+00,2.50000169e+07,1.69466381e+01,-2.65662921e+00,1.96032673e+01,1.00019644e-09
27,6.93628176e-01,2.19797506e-08,89,20,2,62,normal_corr_dominates,2.53448588e+00,1.00000000e+00,2.50000041e+07,4.07656001e+00,-2.65662921e+00,6.73318923e+00,1.00018215e-09
27,6.93628176e-01,2.19797506e-08,89,22,0,66,normal_corr_dominates,2.66530776e+00,1.00000000e+00,2.50000076e+07,7.56864156e+00,-4.54489059e+00,1.21135322e+01,1.00016361e-09
27,6.93628176e-01,2.19797506e-08,89,22,2,68,normal_corr_dominates,8.04739078e+00,1.00000000e+00,2.49999589e+07,-4.11194012e+01,-4.54489059e+00,-3.65745106e+01,1.00013006e-09
27,6.93628176e-01,2.19797506e-08,89,23,0,69,normal_corr_dominates,1.24663088e+00,1.00000000e+00,2.49999783e+07,-2.17116311e+01,-9.66408470e+00,-1.20475464e+01,1.00015846e-09
27,6.93628176e-01,2.19797506e-08,89,23,1,70,normal_corr_dominates,2.06093229e+00,1.00000000e+00,2.50000103e+07,1.02529395e+01,-9.66408470e+00,1.99170242e+01,1.00009343e-09
27,6.93628176e-01,2.19797506e-08,89,24,0,72,normal_corr_dominates,1.78129832e+01,1.00000000e+00,2.50000197e+07,1.96887711e+01,-1.17104567e+00,2.08598168e+01,1.00011703e-09
27,6.93628176e-01,2.19797506e-08,89,24,1,73,normal_corr_dominates,1.28061935e+01,1.00000000e+00,2.50000138e+07,1.38255918e+01,-1.17104567e+00,1.49966374e+01,1.00014470e-09
27,6.93628176e-01,2.19797506e-08,89,24,2,74,normal_corr_dominates,2.41207665e+01,1.00000000e+00,2.49999706e+07,-2.94175648e+01,-1.17104567e+00,-2.82465191e+01,1.00013811e-09
27,6.93628176e-01,2.19797506e-08,89,27,1,82,normal_corr_dominates,2.30378847e+00,1.00000000e+00,2.50000152e+07,1.52403071e+01,-1.16892483e+01,2.69295554e+01,1.00014742e-09
27,6.93628176e-01,2.19797506e-08,89,28,0,84,normal_corr_dominates,1.02327127e+01,1.00000000e+00,2.49999622e+07,-3.78008783e+01,-3.36524928e+00,-3.44356290e+01,1.00014616e-09
27,6.93628176e-01,2.19797506e-08,89,28,1,85,normal_corr_dominates,6.66163428e+00,1.00000000e+00,2.50000191e+07,1.90528107e+01,-3.36524928e+00,2.24180600e+01,1.00013221e-09
27,6.93628176e-01,2.19797506e-08,89,28,2,86,normal_corr_dominates,8.92042449e+00,1.00000000e+00,2.49999666e+07,-3.33847014e+01,-3.36524928e+00,-3.00194521e+01,1.00015348e-09
27,6.93628176e-01,2.19797506e-08,89,30,0,90,normal_corr_dominates,1.62372791e+01,1.00000000e+00,2.49999868e+07,-1.31536648e+01,8.63255487e-01,-1.40169203e+01,1.00015974e-09
27,6.93628176e-01,2.19797506e-08,89,30,1,91,normal_corr_dominates,1.49820470e+01,1.00000000e+00,2.50000138e+07,1.37965898e+01,8.63255487e-01,1.29333343e+01,1.00012468e-09
27,6.93628176e-01,2.19797506e-08,89,30,2,92,normal_corr_dominates,3.05391008e+01,1.00000000e+00,2.49999745e+07,-2.54997908e+01,8.63255487e-01,-2.63630463e+01,1.00013131e-09
27,6.93628176e-01,2.19797506e-08,89,9,0,27,normal_corr_dominates,2.56631498e+00,1.00000000e+00,2.50000108e+07,1.08081132e+01,-6.90034464e+00,1.77084578e+01,1.00012544e-09
27,6.93628176e-01,2.19797506e-08,89,9,1,28,normal_corr_dominates,2.66028290e+00,1.00000000e+00,2.49999747e+07,-2.52572135e+01,-6.90034464e+00,-1.83568689e+01,1.00016031e-09
27,6.93628176e-01,2.19797506e-08,89,9,2,29,normal_corr_dominates,4.27113368e+00,1.00000000e+00,2.50000226e+07,2.25719498e+01,-6.90034464e+00,2.94722944e+01,1.00014050e-09
27,6.93628176e-01,2.19797506e-08,89,8,0,24,normal_corr_dominates,1.47224426e+00,1.00000000e+00,2.49999848e+07,-1.51957174e+01,-6.14652752e+00,-9.04918988e+00,1.00017508e-09
27,6.93628176e-01,2.19797506e-08,89,8,2,26,normal_corr_dominates,2.17349295e+00,1.00000000e+00,2.50000072e+07,7.21290670e+00,-6.14652752e+00,1.33594342e+01,1.00010206e-09
27,6.93628176e-01,2.19797506e-08,89,8,2,26,corr_ratio_high,5.88747122e-01,5.00000000e-01,2.50000072e+07,7.21290670e+00,-6.14652752e+00,1.33594342e+01,1.00010206e-09
28,7.16278948e-01,2.26975102e-08,89,0,0,0,normal_corr_dominates,4.21195468e+00,1.00000000e+00,2.49999219e+07,-7.80561469e+01,-1.49763672e+01,-6.30797797e+01,1.00023513e-09
28,7.16278948e-01,2.26975102e-08,89,0,1,1,normal_corr_dominates,2.31963505e+00,1.00000000e+00,2.50000198e+07,1.97633390e+01,-1.49763672e+01,3.47397061e+01,1.00010400e-09
28,7.16278948e-01,2.26975102e-08,89,0,1,1,corr_ratio_high,5.24647196e-01,5.00000000e-01,2.50000198e+07,1.97633390e+01,-1.49763672e+01,3.47397061e+01,1.00010400e-09
28,7.16278948e-01,2.26975102e-08,89,0,2,2,normal_corr_dominates,3.49850923e+00,1.00000000e+00,2.50000374e+07,3.74185915e+01,-1.49763672e+01,5.23949587e+01,1.00010954e-09
28,7.16278948e-01,2.26975102e-08,89,1,0,3,normal_corr_dominates,2.82946636e+00,1.00000000e+00,2.49999680e+07,-3.20247420e+01,-8.36271664e+00,-2.36620254e+01,1.00018720e-09
28,7.16278948e-01,2.26975102e-08,89,1,1,4,normal_corr_dominates,1.90238874e+00,1.00000000e+00,2.50000075e+07,7.54642130e+00,-8.36271664e+00,1.59091379e+01,1.00009773e-09
28,7.16278948e-01,2.26975102e-08,89,1,1,4,corr_ratio_high,6.39547276e-01,5.00000000e-01,2.50000075e+07,7.54642130e+00,-8.36271664e+00,1.59091379e+01,1.00009773e-09
28,7.16278948e-01,2.26975102e-08,89,1,2,5,normal_corr_dominates,4.44495476e+00,1.00000000e+00,2.50000288e+07,2.88091804e+01,-8.36271664e+00,3.71718971e+01,1.00015426e-09
28,7.16278948e-01,2.26975102e-08,89,2,0,6,normal_corr_dominates,2.76778111e+00,1.00000000e+00,2.49999849e+07,-1.51004926e+01,-4.00779454e+00,-1.10926980e+01,1.00012951e-09
28,7.16278948e-01,2.26975102e-08,89,2,1,7,normal_corr_dominates,5.19420060e+00,1.00000000e+00,2.50000168e+07,1.68094943e+01,-4.00779454e+00,2.08172888e+01,1.00008698e-09
28,7.16278948e-01,2.26975102e-08,89,3,0,9,normal_corr_dominates,7.45213550e+00,1.00000000e+00,2.50000215e+07,2.14662104e+01,-3.32699312e+00,2.47932036e+01,1.00015928e-09
28,7.16278948e-01,2.26975102e-08,89,3,2,11,normal_corr_dominates,3.22030473e+00,1.00000000e+00,2.50000074e+07,7.38693857e+00,-3.32699312e+00,1.07139317e+01,1.00016302e-09
28,7.16278948e-01,2.26975102e-08,89,4,0,12,normal_corr_dominates,2.63749424e+00,1.00000000e+00,2.50000105e+07,1.04691643e+01,-6.39340527e+00,1.68625696e+01,1.00004745e-09
28,7.16278948e-01,2.26975102e-08,89,4,0,12,corr_ratio_high,1.49960466e+00,5.00000000e-01,2.50000105e+07,1.04691643e+01,-6.39340527e+00,1.68625696e+01,1.00004745e-09
28,7.16278948e-01,2.26975102e-08,89,4,2,14,normal_corr_dominates,2.15499743e+00,1.00000000e+00,2.49999798e+07,-2.01711772e+01,-6.39340527e+00,-1.37777719e+01,1.00025528e-09
28,7.16278948e-01,2.26975102e-08,89,4,2,14,corr_ratio_high,5.78180722e-01,5.00000000e-01,2.49999798e+07,-2.01711772e+01,-6.39340527e+00,-1.37777719e+01,1.00025528e-09
28,7.16278948e-01,2.26975102e-08,89,5,0,15,normal_corr_dominates,6.10842545e+00,1.00000000e+00,2.49999795e+07,-2.04884503e+01,-2.88227688e+00,-1.76061734e+01,1.00008977e-09
28,7.16278948e-01,2.26975102e-08,89,5,0,15,corr_ratio_high,8.44114585e-01,5.00000000e-01,2.49999795e+07,-2.04884503e+01,-2.88227688e+00,-1.76061734e+01,1.00008977e-09
28,7.16278948e-01,2.26975102e-08,89,5,1,16,normal_corr_dominates,5.99503488e+00,1.00000000e+00,2.49999798e+07,-2.01616273e+01,-2.88227688e+00,-1.72793504e+01,1.00015962e-09
28,7.16278948e-01,2.26975102e-08,89,5,2,17,normal_corr_dominates,9.08763699e+00,1.00000000e+00,2.50000233e+07,2.33108091e+01,-2.88227688e+00,2.61930860e+01,1.00009650e-09
28,7.16278948e-01,2.26975102e-08,89,6,0,18,normal_corr_dominates,1.15499707e+01,1.00000000e+00,2.49999971e+07,-2.91226825e+00,2.76045151e-01,-3.18831340e+00,1.00011444e-09
28,7.16278948e-01,2.26975102e-08,89,6,1,19,normal_corr_dominates,1.20035733e+01,1.00000000e+00,2.50000036e+07,3.58957334e+00,2.76045151e-01,3.31352819e+00,1.00010742e-09
28,7.16278948e-01,2.26975102e-08,89,6,2,20,normal_corr_dominates,2.15053508e+00,1.00000000e+00,2.50000009e+07,8.69689931e-01,2.76045151e-01,5.93644781e-01,1.00016172e-09
28,7.16278948e-01,2.26975102e-08,89,12,1,37,corr_ratio_high,1.45992246e+00,5.00000000e-01,2.49999987e+07,-1.30335187e+00,-6.41427089e+00,5.11091902e+00,1.00005677e-09
28,7.16278948e-01,2.26975102e-08,89,12,2,38,normal_corr_dominates,4.17142114e+00,1.00000000e+00,2.50000203e+07,2.03423543e+01,-6.41427089e+00,2.67566252e+01,1.00017171e-09
28,7.16278948e-01,2.26975102e-08,89,13,0,39,normal_corr_dominates,1.43983335e+01,1.00000000e+00,2.49999819e+07,-1.80754747e+01,-1.17385915e+00,-1.69016155e+01,1.00007384e-09
28,7.16278948e-01,2.26975102e-08,89,13,0,39,corr_ratio_high,1.25188978e+00,5.00000000e-01,2.49999819e+07,-1.80754747e+01,-1.17385915e+00,-1.69016155e+01,1.00007384e-09
28,7.16278948e-01,2.26975102e-08,89,13,1,40,normal_corr_dominates,2.82435458e+01,1.00000000e+00,2.49999657e+07,-3.43278039e+01,-1.17385915e+00,-3.31539448e+01,1.00005766e-09
28,7.16278948e-01,2.26975102e-08,89,13,1,40,corr_ratio_high,2.14013950e+00,5.00000000e-01,2.49999657e+07,-3.43278039e+01,-1.17385915e+00,-3.31539448e+01,1.00005766e-09
28,7.16278948e-01,2.26975102e-08,89,13,2,41,normal_corr_dominates,2.78453732e+01,1.00000000e+00,2.50000315e+07,3.15126870e+01,-1.17385915e+00,3.26865462e+01,1.00025580e-09
28,7.16278948e-01,2.26975102e-08,89,13,2,41,corr_ratio_high,5.79027396e-01,5.00000000e-01,2.50000315e+07,3.15126870e+01,-1.17385915e+00,3.26865462e+01,1.00025580e-09
28,7.16278948e-01,2.26975102e-08,89,14,0,42,normal_corr_dominates,4.65616723e+00,1.00000000e+00,2.50000444e+07,4.44209064e+01,-1.21495828e+01,5.65704891e+01,1.00018861e-09
28,7.16278948e-01,2.26975102e-08,89,14,1,43,normal_corr_dominates,4.57465250e+00,1.00000000e+00,2.49999323e+07,-6.77297019e+01,-1.21495828e+01,-5.55801192e+01,1.00013720e-09
28,7.16278948e-01,2.26975102e-08,89,14,1,43,corr_ratio_high,7.88646220e-01,5.00000000e-01,2.49999323e+07,-6.77297019e+01,-1.21495828e+01,-5.55801192e+01,1.00013720e-09
28,7.16278948e-01,2.26975102e-08,89,14,2,44,normal_corr_dominates,3.51827025e+00,1.00000000e+00,2.49999451e+07,-5.48950983e+01,-1.21495828e+01,-4.27455155e+01,1.00013693e-09
28,7.16278948e-01,2.26975102e-08,89,15,0,45,normal_corr_dominates,4.29592139e+00,1.00000000e+00,2.49999702e+07,-2.97916521e+01,-5.62539544e+00,-2.41662566e+01,1.00009243e-09
28,7.16278948e-01,2.26975102e-08,89,15,0,45,corr_ratio_high,8.62264064e-01,5.00000000e-01,2.49999702e+07,-2.97916521e+01,-5.62539544e+00,-2.41662566e+01,1.00009243e-09
28,7.16278948e-01,2.26975102e-08,89,15,1,46,normal_corr_dominates,4.45942482e+00,1.00000000e+00,2.50000195e+07,1.94606326e+01,-5.62539544e+00,2.50860280e+01,1.00010692e-09
28,7.16278948e-01,2.26975102e-08,89,15,2,47,normal_corr_dominates,2.42589493e+00,1.00000000e+00,2.50000080e+07,8.02122284e+00,-5.62539544e+00,1.36466183e+01,1.00015862e-09
28,7.16278948e-01,2.26975102e-08,89,16,0,48,normal_corr_dominates,2.24176737e+00,1.00000000e+00,2.50000095e+07,9.51698912e+00,-7.66406766e+00,1.71810568e+01,1.00012533e-09
28,7.16278948e-01,2.26975102e-08,89,16,1,49,normal_corr_dominates,4.83217081e+00,1.00000000e+00,2.49999553e+07,-4.46981517e+01,-7.66406766e+00,-3.70340840e+01,1.00006059e-09
28,7.16278948e-01,2.26975102e-08,89,16,1,49,corr_ratio_high,1.78774682e+00,5.00000000e-01,2.49999553e+07,-4.46981517e+01,-7.66406766e+00,-3.70340840e+01,1.00006059e-09
28,7.16278948e-01,2.26975102e-08,89,16,2,50,normal_corr_dominates,2.11937992e+00,1.00000000e+00,2.50000086e+07,8.57900342e+00,-7.66406766e+00,1.62430711e+01,1.00023667e-09
28,7.16278948e-01,2.26975102e-08,89,16,2,50,corr_ratio_high,5.58757822e-01,5.00000000e-01,2.50000086e+07,8.57900342e+00,-7.66406766e+00,1.62430711e+01,1.00023667e-09
28,7.16278948e-01,2.26975102e-08,89,17,1,52,normal_corr_dominates,1.66046527e+00,1.00000000e+00,2.49999842e+07,-1.58103715e+01,-5.94270924e+00,-9.86766227e+00,1.00006971e-09
28,7.16278948e-01,2.26975102e-08,89,17,1,52,corr_ratio_high,1.49983329e+00,5.00000000e-01,2.49999842e+07,-1.58103715e+01,-5.94270924e+00,-9.86766227e+00,1.00006971e-09
28,7.16278948e-01,2.26975102e-08,89,18,0,54,normal_corr_dominates,5.63945614e+00,1.00000000e+00,2.50000134e+07,1.33694488e+01,-2.88168449e+00,1.62511333e+01,1.00007697e-09
28,7.16278948e-01,2.26975102e-08,89,18,0,54,corr_ratio_high,6.17499974e-01,5.00000000e-01,2.50000134e+07,1.33694488e+01,-2.88168449e+00,1.62511333e+01,1.00007697e-09
28,7.16278948e-01,2.26975102e-08,89,18,1,55,normal_corr_dominates,7.14640364e+00,1.00000000e+00,2.49999765e+07,-2.34753651e+01,-2.88168449e+00,-2.05936806e+01,1.00009832e-09
28,7.16278948e-01,2.26975102e-08,89,19,0,57,normal_corr_dominates,3.45431566e+01,1.00000000e+00,2.49999885e+07,-1.14791342e+01,-3.22963273e-01,-1.11561709e+01,1.00023435e-09
28,7.16278948e-01,2.26975102e-08,89,19,0,57,corr_ratio_high,5.00656400e-01,5.00000000e-01,2.49999885e+07,-1.14791342e+01,-3.22963273e-01,-1.11561709e+01,1.00023435e-09
28,7.16278948e-01,2.26975102e-08,89,19,1,58,normal_corr_dominates,6.70360334e+01,1.00000000e+00,2.49999780e+07,-2.19731400e+01,-3.22963273e-01,-2.16501767e+01,1.00006432e-09
28,7.16278948e-01,2.26975102e-08,89,19,1,58,corr_ratio_high,1.57708028e+00,5.00000000e-01,2.49999780e+07,-2.19731400e+01,-3.22963273e-01,-2.16501767e+01,1.00006432e-09
28,7.16278948e-01,2.26975102e-08,89,19,2,59,normal_corr_dominates,9.85415993e+00,1.00000000e+00,2.50000029e+07,2.85956847e+00,-3.22963273e-01,3.18253174e+00,1.00009477e-09
28,7.16278948e-01,2.26975102e-08,89,20,0,60,corr_ratio_high,3.23932460e+00,5.00000000e-01,2.49999947e+07,-5.32336477e+00,-2.73851799e+00,-2.58484678e+00,1.00001970e-09
28,7.16278948e-01,2.26975102e-08,89,20,1,61,normal_corr_dominates,7.37662538e+00,1.00000000e+00,2.50000175e+07,1.74625033e+01,-2.73851799e+00,2.02010213e+01,1.00020244e-09
28,7.16278948e-01,2.26975102e-08,89,20,2,62,normal_corr_dominates,2.53385149e+00,1.00000000e+00,2.50000042e+07,4.20047989e+00,-2.73851799e+00,6.93899788e+00,1.00018771e-09
28,7.16278948e-01,2.26975102e-08,89,22,0,66,normal_corr_dominates,2.66494644e+00,1.00000000e+00,2.50000078e+07,7.79898114e+00,-4.68422343e+00,1.24832046e+01,1.00016861e-09
28,7.16278948e-01,2.26975102e-08,89,22,2,68,normal_corr_dominates,8.04713804e+00,1.00000000e+00,2.49999576e+07,-4.23788160e+01,-4.68422343e+00,-3.76945925e+01,1.00013404e-09
28,7.16278948e-01,2.26975102e-08,89,23,0,69,normal_corr_dominates,1.24680362e+00,1.00000000e+00,2.49999776e+07,-2.23742615e+01,-9.95826307e+00,-1.24159984e+01,1.00016330e-09
28,7.16278948e-01,2.26975102e-08,89,23,1,70,normal_corr_dominates,2.06096413e+00,1.00000000e+00,2.50000106e+07,1.05653599e+01,-9.95826307e+00,2.05236230e+01,1.00009628e-09
28,7.16278948e-01,2.26975102e-08,89,24,0,72,normal_corr_dominates,1.78287178e+01,1.00000000e+00,2.50000203e+07,2.02916967e+01,-1.20577794e+00,2.14974746e+01,1.00012059e-09
28,7.16278948e-01,2.26975102e-08,89,24,1,73,normal_corr_dominates,1.28191878e+01,1.00000000e+00,2.50000143e+07,1.42513159e+01,-1.20577794e+00,1.54570939e+01,1.00014911e-09
28,7.16278948e-01,2.26975102e-08,89,24,2,74,normal_corr_dominates,2.41456885e+01,1.00000000e+00,2.49999697e+07,-3.03201165e+01,-1.20577794e+00,-2.91143386e+01,1.00014233e-09
28,7.16278948e-01,2.26975102e-08,89,27,1,82,normal_corr_dominates,2.30363068e+00,1.00000000e+00,2.50000157e+07,1.57046262e+01,-1.20468369e+01,2.77514630e+01,1.00015193e-09
28,7.16278948e-01,2.26975102e-08,89,28,0,84,normal_corr_dominates,1.02378120e+01,1.00000000e+00,2.49999610e+07,-3.89527027e+01,-3.46621769e+00,-3.54864850e+01,1.00015062e-09
28,7.16278948e-01,2.26975102e-08,89,28,1,85,normal_corr_dominates,6.66528916e+00,1.00000000e+00,2.50000196e+07,1.96371255e+01,-3.46621769e+00,2.31033432e+01,1.00013624e-09
28,7.16278948e-01,2.26975102e-08,89,28,2,86,normal_corr_dominates,8.92741458e+00,1.00000000e+00,2.49999656e+07,-3.44105800e+01,-3.46621769e+00,-3.09443623e+01,1.00015818e-09
28,7.16278948e-01,2.26975102e-08,89,30,0,90,normal_corr_dominates,1.62275561e+01,1.00000000e+00,2.49999864e+07,-1.35550638e+01,8.90166731e-01,-1.44452306e+01,1.00016462e-09
28,7.16278948e-01,2.26975102e-08,89,30,1,91,normal_corr_dominates,1.49754722e+01,1.00000000e+00,2.50000142e+07,1.42208339e+01,8.90166731e-01,1.33306671e+01,1.00012849e-09
28,7.16278948e-01,2.26975102e-08,89,30,2,92,normal_corr_dominates,3.05247628e+01,1.00000000e+00,2.49999737e+07,-2.62819616e+01,8.90166731e-01,-2.71721283e+01,1.00013532e-09
28,7.16278948e-01,2.26975102e-08,89,9,0,27,normal_corr_dominates,2.56539772e+00,1.00000000e+00,2.50000111e+07,1.11317481e+01,-7.11113091e+00,1.82428790e+01,1.00012928e-09
28,7.16278948e-01,2.26975102e-08,89,9,1,28,normal_corr_dominates,2.65967144e+00,1.00000000e+00,2.49999740e+07,-2.60244027e+01,-7.11113091e+00,-1.89132717e+01,1.00016519e-09
28,7.16278948e-01,2.26975102e-08,89,9,2,29,normal_corr_dominates,4.27112714e+00,1.00000000e+00,2.50000233e+07,2.32614133e+01,-7.11113091e+00,3.03725442e+01,1.00014479e-09
28,7.16278948e-01,2.26975102e-08,89,8,0,24,normal_corr_dominates,1.47228733e+00,1.00000000e+00,2.49999843e+07,-1.56590085e+01,-6.33381416e+00,-9.32519436e+00,1.00018043e-09
28,7.16278948e-01,2.26975102e-08,89,8,2,26,normal_corr_dominates,2.17385724e+00,1.00000000e+00,2.50000074e+07,7.43499361e+00,-6.33381416e+00,1.37688078e+01,1.00010518e-09
28,7.16278948e-01,2.26975102e-08,89,8,2,26,corr_ratio_high,5.88717252e-01,5.00000000e-01,2.50000074e+07,7.43499361e+00,-6.33381416e+00,1.37688078e+01,1.00010518e-09
29,7.40695267e-01,2.34712167e-08,89,0,0,0,normal_corr_dominates,4.21163451e+00,1.00000000e+00,2.49999195e+07,-8.05411313e+01,-1.54541020e+01,-6.50870293e+01,1.00024262e-09
29,7.40695267e-01,2.34712167e-08,89,0,1,1,normal_corr_dominates,2.31991455e+00,1.00000000e+00,2.50000204e+07,2.03980940e+01,-1.54541020e+01,3.58521960e+01,1.00010730e-09
29,7.40695267e-01,2.34712167e-08,89,0,1,1,corr_ratio_high,5.24774128e-01,5.00000000e-01,2.50000204e+07,2.03980940e+01,-1.54541020e+01,3.58521960e+01,1.00010730e-09
29,7.40695267e-01,2.34712167e-08,89,0,2,2,normal_corr_dominates,3.49820712e+00,1.00000000e+00,2.50000386e+07,3.86075477e+01,-1.54541020e+01,5.40616497e+01,1.00011304e-09
29,7.40695267e-01,2.34712167e-08,89,1,0,3,normal_corr_dominates,2.82938817e+00,1.00000000e+00,2.49999670e+07,-3.30430740e+01,-8.62881289e+00,-2.44142611e+01,1.00019315e-09
29,7.40695267e-01,2.34712167e-08,89,1,1,4,normal_corr_dominates,1.90260948e+00,1.00000000e+00,2.50000078e+07,7.78844834e+00,-8.62881289e+00,1.64172612e+01,1.00010084e-09
29,7.40695267e-01,2.34712167e-08,89,1,1,4,corr_ratio_high,6.39590709e-01,5.00000000e-01,2.50000078e+07,7.78844834e+00,-8.62881289e+00,1.64172612e+01,1.00010084e-09
29,7.40695267e-01,2.34712167e-08,89,1,2,5,normal_corr_dominates,4.44516831e+00,1.00000000e+00,2.50000297e+07,2.97277127e+01,-8.62881289e+00,3.83565256e+01,1.00015918e-09
29,7.40695267e-01,2.34712167e-08,89,2,0,6,normal_corr_dominates,2.76880145e+00,1.00000000e+00,2.49999844e+07,-1.55836350e+01,-4.13490474e+00,-1.14487302e+01,1.00013364e-09
29,7.40695267e-01,2.34712167e-08,89,2,1,7,normal_corr_dominates,5.19515984e+00,1.00000000e+00,2.50000173e+07,1.73465863e+01,-4.13490474e+00,2.14814910e+01,1.00008974e-09
29,7.40695267e-01,2.34712167e-08,89,3,0,9,normal_corr_dominates,7.45117146e+00,1.00000000e+00,2.50000221e+07,2.21451838e+01,-3.43273837e+00,2.55779222e+01,1.00016435e-09
29,7.40695267e-01,2.34712167e-08,89,3,2,11,normal_corr_dominates,3.22017805e+00,1.00000000e+00,2.50000076e+07,7.62129036e+00,-3.43273837e+00,1.10540287e+01,1.00016821e-09
29,7.40695267e-01,2.34712167e-08,89,4,0,12,normal_corr_dominates,2.63789107e+00,1.00000000e+00,2.50000108e+07,1.08041095e+01,-6.59635410e+00,1.74004636e+01,1.00004896e-09
29,7.40695267e-01,2.34712167e-08,89,4,0,12,corr_ratio_high,1.49968267e+00,5.00000000e-01,2.50000108e+07,1.08041095e+01,-6.59635410e+00,1.74004636e+01,1.00004896e-09
29,7.40695267e-01,2.34712167e-08,89,4,2,14,normal_corr_dominates,2.15592628e+00,1.00000000e+00,2.49999792e+07,-2.08176073e+01,-6.59635410e+00,-1.42212532e+01,1.00026341e-09
29,7.40695267e-01,2.34712167e-08,89,4,2,14,corr_ratio_high,5.78187635e-01,5.00000000e-01,2.49999792e+07,-2.08176073e+01,-6.59635410e+00,-1.42212532e+01,1.00026341e-09
29,7.40695267e-01,2.34712167e-08,89,5,0,15,normal_corr_dominates,6.10624863e+00,1.00000000e+00,2.49999789e+07,-2.11363499e+01,-2.97433302e+00,-1.81620169e+01,1.00009262e-09
29,7.40695267e-01,2.34712167e-08,89,5,0,15,corr_ratio_high,8.44136632e-01,5.00000000e-01,2.49999789e+07,-2.11363499e+01,-2.97433302e+00,-1.81620169e+01,1.00009262e-09
29,7.40695267e-01,2.34712167e-08,89,5,1,16,normal_corr_dominates,5.99699713e+00,1.00000000e+00,2.49999792e+07,-2.08113996e+01,-2.97433302e+00,-1.78370666e+01,1.00016472e-09
29,7.40695267e-01,2.34712167e-08,89,5,2,17,normal_corr_dominates,9.08706650e+00,1.00000000e+00,2.50000241e+07,2.40536289e+01,-2.97433302e+00,2.70279619e+01,1.00009958e-09
29,7.40695267e-01,2.34712167e-08,89,6,0,18,normal_corr_dominates,1.15338416e+01,1.00000000e+00,2.49999970e+07,-3.00548954e+00,2.85317518e-01,-3.29080706e+00,1.00011808e-09
29,7.40695267e-01,2.34712167e-08,89,6,1,19,normal_corr_dominates,1.19799761e+01,1.00000000e+00,2.50000037e+07,3.70341456e+00,2.85317518e-01,3.41809704e+00,1.00011085e-09
29,7.40695267e-01,2.34712167e-08,89,6,2,20,normal_corr_dominates,2.14903315e+00,1.00000000e+00,2.50000009e+07,8.98474323e-01,2.85317518e-01,6.13156804e-01,1.00016688e-09
29,7.40695267e-01,2.34712167e-08,89,12,1,37,corr_ratio_high,1.45986530e+00,5.00000000e-01,2.49999987e+07,-1.34442290e+00,-6.61766288e+00,5.27323998e+00,1.00005857e-09
29,7.40695267e-01,2.34712167e-08,89,12,2,38,normal_corr_dominates,4.17176905e+00,1.00000000e+00,2.50000210e+07,2.09896983e+01,-6.61766288e+00,2.76073612e+01,1.00017719e-09
29,7.40695267e-01,2.34712167e-08,89,13,0,39,normal_corr_dominates,1.43826376e+01,1.00000000e+00,2.49999813e+07,-1.86535119e+01,-1.21263416e+00,-1.74408778e+01,1.00007620e-09
29,7.40695267e-01,2.34712167e-08,89,13,0,39,corr_ratio_high,1.25162371e+00,5.00000000e-01,2.49999813e+07,-1.86535119e+01,-1.21263416e+00,-1.74408778e+01,1.00007620e-09
29,7.40695267e-01,2.34712167e-08,89,13,1,40,normal_corr_dominates,2.82097247e+01,1.00000000e+00,2.49999646e+07,-3.54207100e+01,-1.21263416e+00,-3.42080759e+01,1.00005950e-09
29,7.40695267e-01,2.34712167e-08,89,13,1,40,corr_ratio_high,2.14007521e+00,5.00000000e-01,2.49999646e+07,-3.54207100e+01,-1.21263416e+00,-3.42080759e+01,1.00005950e-09
29,7.40695267e-01,2.34712167e-08,89,13,2,41,normal_corr_dominates,2.78114222e+01,1.00000000e+00,2.50000325e+07,3.25124465e+01,-1.21263416e+00,3.37250807e+01,1.00026395e-09
29,7.40695267e-01,2.34712167e-08,89,13,2,41,corr_ratio_high,5.79026283e-01,5.00000000e-01,2.50000325e+07,3.25124465e+01,-1.21263416e+00,3.37250807e+01,1.00026395e-09
29,7.40695267e-01,2.34712167e-08,89,14,0,42,normal_corr_dominates,4.65712024e+00,1.00000000e+00,2.50000458e+07,4.58458280e+01,-1.25360461e+01,5.83818742e+01,1.00019460e-09
29,7.40695267e-01,2.34712167e-08,89,14,1,43,normal_corr_dominates,4.57491998e+00,1.00000000e+00,2.49999301e+07,-6.98874540e+01,-1.25360461e+01,-5.73514079e+01,1.00014157e-09
29,7.40695267e-01,2.34712167e-08,89,14,1,43,corr_ratio_high,7.88677375e-01,5.00000000e-01,2.49999301e+07,-6.98874540e+01,-1.25360461e+01,-5.73514079e+01,1.00014157e-09
29,7.40695267e-01,2.34712167e-08,89,14,2,44,normal_corr_dominates,3.51927899e+00,1.00000000e+00,2.49999433e+07,-5.66538898e+01,-1.25360461e+01,-4.41178437e+01,1.00014131e-09
29,7.40695267e-01,2.34712167e-08,89,15,0,45,normal_corr_dominates,4.29663801e+00,1.00000000e+00,2.49999693e+07,-3.07381097e+01,-5.80332461e+00,-2.49347851e+01,1.00009538e-09
29,7.40695267e-01,2.34712167e-08,89,15,0,45,corr_ratio_high,8.62150280e-01,5.00000000e-01,2.49999693e+07,-3.07381097e+01,-5.80332461e+00,-2.49347851e+01,1.00009538e-09
29,7.40695267e-01,2.34712167e-08,89,15,1,46,normal_corr_dominates,4.46028154e+00,1.00000000e+00,2.50000201e+07,2.00811370e+01,-5.80332461e+00,2.58844616e+01,1.00011033e-09
29,7.40695267e-01,2.34712167e-08,89,15,2,47,normal_corr_dominates,2.42679948e+00,1.00000000e+00,2.50000083e+07,8.28018051e+00,-5.80332461e+00,1.40835051e+01,1.00016366e-09
29,7.40695267e-01,2.34712167e-08,89,16,0,48,normal_corr_dominates,2.24249351e+00,1.00000000e+00,2.50000098e+07,9.82636686e+00,-7.90858606e+00,1.77349529e+01,1.00012931e-09
29,7.40695267e-01,2.34712167e-08,89,16,1,49,normal_corr_dominates,4.83159131e+00,1.00000000e+00,2.49999539e+07,-4.61196418e+01,-7.90858606e+00,-3.82110557e+01,1.00006252e-09
29,7.40695267e-01,2.34712167e-08,89,16,1,49,corr_ratio_high,1.78761687e+00,5.00000000e-01,2.49999539e+07,-4.61196418e+01,-7.90858606e+00,-3.82110557e+01,1.00006252e-09
29,7.40695267e-01,2.34712167e-08,89,16,2,50,normal_corr_dominates,2.11832219e+00,1.00000000e+00,2.50000088e+07,8.84434728e+00,-7.90858606e+00,1.67529333e+01,1.00024423e-09
29,7.40695267e-01,2.34712167e-08,89,16,2,50,corr_ratio_high,5.58772083e-01,5.00000000e-01,2.50000088e+07,8.84434728e+00,-7.90858606e+00,1.67529333e+01,1.00024423e-09
29,7.40695267e-01,2.34712167e-08,89,17,1,52,normal_corr_dominates,1.66020134e+00,1.00000000e+00,2.49999837e+07,-1.63128821e+01,-6.13219830e+00,-1.01806838e+01,1.00007194e-09
29,7.40695267e-01,2.34712167e-08,89,17,1,52,corr_ratio_high,1.49951547e+00,5.00000000e-01,2.49999837e+07,-1.63128821e+01,-6.13219830e+00,-1.01806838e+01,1.00007194e-09
29,7.40695267e-01,2.34712167e-08,89,18,0,54,normal_corr_dominates,5.63925407e+00,1.00000000e+00,2.50000138e+07,1.37941902e+01,-2.97336381e+00,1.67675540e+01,1.00007942e-09
29,7.40695267e-01,2.34712167e-08,89,18,0,54,corr_ratio_high,6.17465791e-01,5.00000000e-01,2.50000138e+07,1.37941902e+01,-2.97336381e+00,1.67675540e+01,1.00007942e-09
29,7.40695267e-01,2.34712167e-08,89,18,1,55,normal_corr_dominates,7.14662287e+00,1.00000000e+00,2.49999758e+07,-2.42228736e+01,-2.97336381e+00,-2.12495098e+01,1.00010146e-09
29,7.40695267e-01,2.34712167e-08,89,19,0,57,normal_corr_dominates,3.45694600e+01,1.00000000e+00,2.49999882e+07,-1.18454028e+01,-3.33021720e-01,-1.15123810e+01,1.00024181e-09
29,7.40695267e-01,2.34712167e-08,89,19,0,57,corr_ratio_high,5.00649675e-01,5.00000000e-01,2.49999882e+07,-1.18454028e+01,-3.33021720e-01,-1.15123810e+01,1.00024181e-09
29,7.40695267e-01,2.34712167e-08,89,19,1,58,normal_corr_dominates,6.70787258e+01,1.00000000e+00,2.49999773e+07,-2.26716944e+01,-3.33021720e-01,-2.23386727e+01,1.00006638e-09
29,7.40695267e-01,2.34712167e-08,89,19,1,58,corr_ratio_high,1.57673342e+00,5.00000000e-01,2.49999773e+07,-2.26716944e+01,-3.33021720e-01,-2.23386727e+01,1.00006638e-09
29,7.40695267e-01,2.34712167e-08,89,19,2,59,normal_corr_dominates,9.86406398e+00,1.00000000e+00,2.50000030e+07,2.95192584e+00,-3.33021720e-01,3.28494756e+00,1.00009779e-09
29,7.40695267e-01,2.34712167e-08,89,20,0,60,corr_ratio_high,3.23872264e+00,5.00000000e-01,2.49999945e+07,-5.49451420e+00,-2.82656094e+00,-2.66795326e+00,1.00002034e-09
29,7.40695267e-01,2.34712167e-08,89,20,1,61,normal_corr_dominates,7.37415780e+00,1.00000000e+00,2.50000180e+07,1.80169455e+01,-2.82656094e+00,2.08435064e+01,1.00020889e-09
29,7.40695267e-01,2.34712167e-08,89,20,2,62,normal_corr_dominates,2.53320187e+00,1.00000000e+00,2.50000043e+07,4.33368851e+00,-2.82656094e+00,7.16024944e+00,1.00019369e-09
29,7.40695267e-01,2.34712167e-08,89,22,0,66,normal_corr_dominates,2.66455736e+00,1.00000000e+00,2.50000080e+07,8.04650720e+00,-4.83402219e+00,1.28805294e+01,1.00017398e-09
29,7.40695267e-01,2.34712167e-08,89,22,2,68,normal_corr_dominates,8.04684315e+00,1.00000000e+00,2.49999563e+07,-4.37326405e+01,-4.83402219e+00,-3.88986184e+01,1.00013831e-09
29,7.40695267e-01,2.34712167e-08,89,23,0,69,normal_corr_dominates,1.24698081e+00,1.00000000e+00,2.49999769e+07,-2.30864860e+01,-1.02744473e+01,-1.28120386e+01,1.00016850e-09
29,7.40695267e-01,2.34712167e-08,89,23,1,70,normal_corr_dominates,2.06099257e+00,1.00000000e+00,2.50000109e+07,1.09011122e+01,-1.02744473e+01,2.11755596e+01,1.00009935e-09
29,7.40695267e-01,2.34712167e-08,89,24,0,72,normal_corr_dominates,1.78449207e+01,1.00000000e+00,2.50000209e+07,2.09397733e+01,-1.24309123e+00,2.21828645e+01,1.00012442e-09
29,7.40695267e-01,2.34712167e-08,89,24,1,73,normal_corr_dominates,1.28326090e+01,1.00000000e+00,2.50000147e+07,1.47090126e+01,-1.24309123e+00,1.59521038e+01,1.00015386e-09
29,7.40695267e-01,2.34712167e-08,89,24,2,74,normal_corr_dominates,2.41714406e+01,1.00000000e+00,2.49999687e+07,-3.12903971e+01,-1.24309123e+00,-3.00473059e+01,1.00014687e-09
29,7.40695267e-01,2.34712167e-08,89,27,1,82,normal_corr_dominates,2.30346445e+00,1.00000000e+00,2.50000162e+07,1.62036621e+01,-1.24312267e+01,2.86348888e+01,1.00015677e-09
29,7.40695267e-01,2.34712167e-08,89,28,0,84,normal_corr_dominates,1.02431022e+01,1.00000000e+00,2.49999598e+07,-4.01906482e+01,-3.57469384e+00,-3.66159544e+01,1.00015541e-09
29,7.40695267e-01,2.34712167e-08,89,28,1,85,normal_corr_dominates,6.66908228e+00,1.00000000e+00,2.50000203e+07,2.02652335e+01,-3.57469384e+00,2.38399273e+01,1.00014058e-09
29,7.40695267e-01,2.34712167e-08,89,28,2,86,normal_corr_dominates,8.93469632e+00,1.00000000e+00,2.49999645e+07,-3.55134977e+01,-3.57469384e+00,-3.19388039e+01,1.00016324e-09
29,7.40695267e-01,2.34712167e-08,89,30,0,90,normal_corr_dominates,1.62176947e+01,1.00000000e+00,2.49999860e+07,-1.39865056e+01,9.19094900e-01,-1.49056005e+01,1.00016986e-09
29,7.40695267e-01,2.34712167e-08,89,30,1,91,normal_corr_dominates,1.49688802e+01,1.00000000e+00,2.50000147e+07,1.46769163e+01,9.19094900e-01,1.37578214e+01,1.00013258e-09
29,7.40695267e-01,2.34712167e-08,89,30,2,92,normal_corr_dominates,3.05103572e+01,1.00000000e+00,2.49999729e+07,-2.71228188e+01,9.19094900e-01,-2.80419137e+01,1.00013964e-09
29,7.40695267e-01,2.34712167e-08,89,9,0,27,normal_corr_dominates,2.56442687e+00,1.00000000e+00,2.50000115e+07,1.14793180e+01,-7.33771464e+00,1.88170326e+01,1.00013340e-09
29,7.40695267e-01,2.34712167e-08,89,9,1,28,normal_corr_dominates,2.65902195e+00,1.00000000e+00,2.49999732e+07,-2.68488589e+01,-7.33771464e+00,-1.95111443e+01,1.00017044e-09
29,7.40695267e-01,2.34712167e-08,89,9,2,29,normal_corr_dominates,4.27111104e+00,1.00000000e+00,2.50000240e+07,2.40024794e+01,-7.33771464e+00,3.13401941e+01,1.00014941e-09
29,7.40695267e-01,2.34712167e-08,89,8,0,24,normal_corr_dominates,1.47232970e+00,1.00000000e+00,2.49999838e+07,-1.61569783e+01,-6.53512286e+00,-9.62185547e+00,1.00018617e-09
29,7.40695267e-01,2.34712167e-08,89,8,2,26,normal_corr_dominates,2.17423609e+00,1.00000000e+00,2.50000077e+07,7.67377710e+00,-6.53512286e+00,1.42089000e+01,1.00010853e-09
29,7.40695267e-01,2.34712167e-08,89,8,2,26,corr_ratio_high,5.88684848e-01,5.00000000e-01,2.50000077e+07,7.67377710e+00,-6.53512286e+00,1.42089000e+01,1.00010853e-09
30,7.66913959e-01,2.43020369e-08,89,0,0,0,normal_corr_dominates,4.21129666e+00,1.00000000e+00,2.49999168e+07,-8.32014737e+01,-1.59655992e+01,-6.72358745e+01,1.00025063e-09
30,7.66913959e-01,2.43020369e-08,89,0,1,1,normal_corr_dominates,2.32020548e+00,1.00000000e+00,2.50000211e+07,2.10778715e+01,-1.59655992e+01,3.70434707e+01,1.00011083e-09
30,7.66913959e-01,2.43020369e-08,89,0,1,1,corr_ratio_high,5.24908468e-01,5.00000000e-01,2.50000211e+07,2.10778715e+01,-1.59655992e+01,3.70434707e+01,1.00011083e-09
30,7.66913959e-01,2.43020369e-08,89,0,2,2,normal_corr_dominates,3.49788959e+00,1.00000000e+00,2.50000399e+07,3.98803040e+01,-1.59655992e+01,5.58459032e+01,1.00011680e-09
30,7.66913959e-01,2.43020369e-08,89,1,0,3,normal_corr_dominates,2.82930075e+00,1.00000000e+00,2.49999659e+07,-3.41332648e+01,-8.91370698e+00,-2.52195578e+01,1.00019953e-09
30,7.66913959e-01,2.43020369e-08,89,1,1,4,normal_corr_dominates,1.90283679e+00,1.00000000e+00,2.50000080e+07,8.04762258e+00,-8.91370698e+00,1.69613296e+01,1.00010417e-09
30,7.66913959e-01,2.43020369e-08,89,1,1,4,corr_ratio_high,6.39635308e-01,5.00000000e-01,2.50000080e+07,8.04762258e+00,-8.91370698e+00,1.69613296e+01,1.00010417e-09
30,7.66913959e-01,2.43020369e-08,89,1,2,5,normal_corr_dominates,4.44538291e+00,1.00000000e+00,2.50000307e+07,3.07111337e+01,-8.91370698e+00,3.96248407e+01,1.00016446e-09
30,7.66913959e-01,2.43020369e-08,89,2,0,6,normal_corr_dominates,2.76986054e+00,1.00000000e+00,2.49999839e+07,-1.61010122e+01,-4.27098351e+00,-1.18300287e+01,1.00013806e-09
30,7.66913959e-01,2.43020369e-08,89,2,1,7,normal_corr_dominates,5.19613743e+00,1.00000000e+00,2.50000179e+07,1.79216338e+01,-4.27098351e+00,2.21926173e+01,1.00009270e-09
30,7.66913959e-01,2.43020369e-08,89,3,0,9,normal_corr_dominates,7.45013371e+00,1.00000000e+00,2.50000229e+07,2.28718580e+01,-3.54595099e+00,2.64178090e+01,1.00016978e-09
30,7.66913959e-01,2.43020369e-08,89,3,2,11,normal_corr_dominates,3.22003102e+00,1.00000000e+00,2.50000079e+07,7.87212118e+00,-3.54595099e+00,1.14180722e+01,1.00017377e-09
30,7.66913959e-01,2.43020369e-08,89,4,0,12,normal_corr_dominates,2.63829663e+00,1.00000000e+00,2.50000112e+07,1.11627065e+01,-6.81360524e+00,1.79763117e+01,1.00005057e-09
30,7.66913959e-01,2.43020369e-08,89,4,0,12,corr_ratio_high,1.49976192e+00,5.00000000e-01,2.50000112e+07,1.11627065e+01,-6.81360524e+00,1.79763117e+01,1.00005057e-09
30,7.66913959e-01,2.43020369e-08,89,4,2,14,normal_corr_dominates,2.15689884e+00,1.00000000e+00,2.49999785e+07,-2.15098625e+01,-6.81360524e+00,-1.46962572e+01,1.00027211e-09
30,7.66913959e-01,2.43020369e-08,89,4,2,14,corr_ratio_high,5.78194627e-01,5.00000000e-01,2.49999785e+07,-2.15098625e+01,-6.81360524e+00,-1.46962572e+01,1.00027211e-09
30,7.66913959e-01,2.43020369e-08,89,5,0,15,normal_corr_dominates,6.10393032e+00,1.00000000e+00,2.49999782e+07,-2.18297875e+01,-3.07291689e+00,-1.87568706e+01,1.00009568e-09
30,7.66913959e-01,2.43020369e-08,89,5,0,15,corr_ratio_high,8.44158216e-01,5.00000000e-01,2.49999782e+07,-2.18297875e+01,-3.07291689e+00,-1.87568706e+01,1.00009568e-09
30,7.66913959e-01,2.43020369e-08,89,5,1,16,normal_corr_dominates,5.99901853e+00,1.00000000e+00,2.49999785e+07,-2.15074023e+01,-3.07291689e+00,-1.84344854e+01,1.00017017e-09
30,7.66913959e-01,2.43020369e-08,89,5,2,17,normal_corr_dominates,9.08642252e+00,1.00000000e+00,2.50000248e+07,2.48489044e+01,-3.07291689e+00,2.79218212e+01,1.00010287e-09
30,7.66913959e-01,2.43020369e-08,89,6,0,18,normal_corr_dominates,1.15177113e+01,1.00000000e+00,2.49999969e+07,-3.10533335e+00,2.95248012e-01,-3.40058136e+00,1.00012199e-09
30,7.66913959e-01,2.43020369e-08,89,6,1,19,normal_corr_dominates,1.19559716e+01,1.00000000e+00,2.50000038e+07,3.82522484e+00,2.95248012e-01,3.52997683e+00,1.00011452e-09
30,7.66913959e-01,2.43020369e-08,89,6,2,20,normal_corr_dominates,2.14775578e+00,1.00000000e+00,2.50000009e+07,9.29368636e-01,2.95248012e-01,6.34120625e-01,1.00017240e-09
30,7.66913959e-01,2.43020369e-08,89,12,1,37,corr_ratio_high,1.45980258e+00,5.00000000e-01,2.49999986e+07,-1.38844127e+00,-6.83539210e+00,5.44695083e+00,1.00006051e-09
30,7.66913959e-01,2.43020369e-08,89,12,2,38,normal_corr_dominates,4.17212629e+00,1.00000000e+00,2.50000217e+07,2.16827270e+01,-6.83539210e+00,2.85181191e+01,1.00018306e-09
30,7.66913959e-01,2.43020369e-08,89,13,0,39,normal_corr_dominates,1.43663591e+01,1.00000000e+00,2.49999807e+07,-1.92724976e+01,-1.25420066e+00,-1.80182970e+01,1.00007873e-09
30,7.66913959e-01,2.43020369e-08,89,13,0,39,corr_ratio_high,1.25134201e+00,5.00000000e-01,2.49999807e+07,-1.92724976e+01,-1.25420066e+00,-1.80182970e+01,1.00007873e-09
30,7.66913959e-01,2.43020369e-08,89,13,1,40,normal_corr_dominates,2.81745744e+01,1.00000000e+00,2.49999634e+07,-3.65907703e+01,-1.25420066e+00,-3.53365697e+01,1.00006146e-09
30,7.66913959e-01,2.43020369e-08,89,13,1,40,corr_ratio_high,2.14000385e+00,5.00000000e-01,2.49999634e+07,-3.65907703e+01,-1.25420066e+00,-3.53365697e+01,1.00006146e-09
30,7.66913959e-01,2.43020369e-08,89,13,2,41,normal_corr_dominates,2.77761471e+01,1.00000000e+00,2.50000336e+07,3.35826613e+01,-1.25420066e+00,3.48368619e+01,1.00027267e-09
30,7.66913959e-01,2.43020369e-08,89,13,2,41,corr_ratio_high,5.79025013e-01,5.00000000e-01,2.50000336e+07,3.35826613e+01,-1.25420066e+00,3.48368619e+01,1.00027267e-09
30,7.66913959e-01,2.43020369e-08,89,14,0,42,normal_corr_dominates,4.65810060e+00,1.00000000e+00,2.50000474e+07,4.73716744e+01,-1.29498009e+01,6.03214753e+01,1.00020100e-09
30,7.66913959e-01,2.43020369e-08,89,14,1,43,normal_corr_dominates,4.57518772e+00,1.00000000e+00,2.49999278e+07,-7.21975708e+01,-1.29498009e+01,-5.92477699e+01,1.00014624e-09
30,7.66913959e-01,2.43020369e-08,89,14,1,43,corr_ratio_high,7.88707756e-01,5.00000000e-01,2.49999278e+07,-7.21975708e+01,-1.29498009e+01,-5.92477699e+01,1.00014624e-09
30,7.66913959e-01,2.43020369e-08,89,14,2,44,normal_corr_dominates,3.52031720e+00,1.00000000e+00,2.49999415e+07,-5.85372076e+01,-1.29498009e+01,-4.55874067e+01,1.00014601e-09
30,7.66913959e-01,2.43020369e-08,89,15,0,45,normal_corr_dominates,4.29735953e+00,1.00000000e+00,2.49999682e+07,-3.17512802e+01,-5.99379370e+00,-2.57574865e+01,1.00009854e-09
30,7.66913959e-01,2.43020369e-08,89,15,0,45,corr_ratio_high,8.62029120e-01,5.00000000e-01,2.49999682e+07,-3.17512802e+01,-5.99379370e+00,-2.57574865e+01,1.00009854e-09
30,7.66913959e-01,2.43020369e-08,89,15,1,46,normal_corr_dominates,4.46115630e+00,1.00000000e+00,2.50000207e+07,2.07454568e+01,-5.99379370e+00,2.67392505e+01,1.00011398e-09
30,7.66913959e-01,2.43020369e-08,89,15,2,47,normal_corr_dominates,2.42772555e+00,1.00000000e+00,2.50000086e+07,8.55749243e+00,-5.99379370e+00,1.45512861e+01,1.00016906e-09
30,7.66913959e-01,2.43020369e-08,89,16,0,48,normal_corr_dominates,2.24325325e+00,1.00000000e+00,2.50000102e+07,1.01578482e+01,-8.17037732e+00,1.83282255e+01,1.00013356e-09
30,7.66913959e-01,2.43020369e-08,89,16,1,49,normal_corr_dominates,4.83099233e+00,1.00000000e+00,2.49999524e+07,-4.76414075e+01,-8.17037732e+00,-3.94710302e+01,1.00006459e-09
30,7.66913959e-01,2.43020369e-08,89,16,1,49,corr_ratio_high,1.78747889e+00,5.00000000e-01,2.49999524e+07,-4.76414075e+01,-8.17037732e+00,-3.94710302e+01,1.00006459e-09
30,7.66913959e-01,2.43020369e-08,89,16,2,50,normal_corr_dominates,2.11722051e+00,1.00000000e+00,2.50000091e+07,9.12811312e+00,-8.17037732e+00,1.72984904e+01,1.00025232e-09
30,7.66913959e-01,2.43020369e-08,89,16,2,50,corr_ratio_high,5.58787214e-01,5.00000000e-01,2.50000091e+07,9.12811312e+00,-8.17037732e+00,1.72984904e+01,1.00025232e-09
30,7.66913959e-01,2.43020369e-08,89,17,1,52,normal_corr_dominates,1.65991815e+00,1.00000000e+00,2.49999831e+07,-1.68507892e+01,-6.33507810e+00,-1.05157111e+01,1.00007432e-09
30,7.66913959e-01,2.43020369e-08,89,17,1,52,corr_ratio_high,1.49917828e+00,5.00000000e-01,2.49999831e+07,-1.68507892e+01,-6.33507810e+00,-1.05157111e+01,1.00007432e-09
30,7.66913959e-01,2.43020369e-08,89,18,0,54,normal_corr_dominates,5.63902277e+00,1.00000000e+00,2.50000142e+07,1.42488263e+01,-3.07151462e+00,1.73203409e+01,1.00008205e-09
30,7.66913959e-01,2.43020369e-08,89,18,0,54,corr_ratio_high,6.17428920e-01,5.00000000e-01,2.50000142e+07,1.42488263e+01,-3.07151462e+00,1.73203409e+01,1.00008205e-09
30,7.66913959e-01,2.43020369e-08,89,18,1,55,normal_corr_dominates,7.14684597e+00,1.00000000e+00,2.49999750e+07,-2.50231565e+01,-3.07151462e+00,-2.19516419e+01,1.00010482e-09
30,7.66913959e-01,2.43020369e-08,89,19,0,57,normal_corr_dominates,3.45968817e+01,1.00000000e+00,2.49999878e+07,-1.22375954e+01,-3.43782794e-01,-1.18938126e+01,1.00024979e-09
30,7.66913959e-01,2.43020369e-08,89,19,0,57,corr_ratio_high,5.00642054e-01,5.00000000e-01,2.49999878e+07,-1.22375954e+01,-3.43782794e-01,-1.18938126e+01,1.00024979e-09
30,7.66913959e-01,2.43020369e-08,89,19,1,58,normal_corr_dominates,6.71229626e+01,1.00000000e+00,2.49999766e+07,-2.34195024e+01,-3.43782794e-01,-2.30757196e+01,1.00006858e-09
30,7.66913959e-01,2.43020369e-08,89,19,1,58,corr_ratio_high,1.57636586e+00,5.00000000e-01,2.49999766e+07,-2.34195024e+01,-3.43782794e-01,-2.30757196e+01,1.00006858e-09
30,7.66913959e-01,2.43020369e-08,89,19,2,59,normal_corr_dominates,9.87447002e+00,1.00000000e+00,2.50000031e+07,3.05089010e+00,-3.43782794e-01,3.39467289e+00,1.00010103e-09
30,7.66913959e-01,2.43020369e-08,89,20,0,60,corr_ratio_high,3.23808632e+00,5.00000000e-01,2.49999943e+07,-5.67785502e+00,-2.92084600e+00,-2.75700902e+00,1.00002102e-09
30,7.66913959e-01,2.43020369e-08,89,20,1,61,normal_corr_dominates,7.37160744e+00,1.00000000e+00,2.50000186e+07,1.86104841e+01,-2.92084600e+00,2.15313301e+01,1.00021580e-09
30,7.66913959e-01,2.43020369e-08,89,20,2,62,normal_corr_dominates,2.53254109e+00,1.00000000e+00,2.50000045e+07,4.47631652e+00,-2.92084600e+00,7.39716252e+00,1.00020010e-09
30,7.66913959e-01,2.43020369e-08,89,22,0,66,normal_corr_dominates,2.66414038e+00,1.00000000e+00,2.50000083e+07,8.31144285e+00,-4.99443613e+00,1.33058790e+01,1.00017974e-09
30,7.66913959e-01,2.43020369e-08,89,22,2,68,normal_corr_dominates,8.04650327e+00,1.00000000e+00,2.49999548e+07,-4.51821828e+01,-4.99443613e+00,-4.01877466e+01,1.00014289e-09
30,7.66913959e-01,2.43020369e-08,89,23,0,69,normal_corr_dominates,1.24716134e+00,1.00000000e+00,2.49999762e+07,-2.38489788e+01,-1.06129357e+01,-1.32360431e+01,1.00017407e-09
30,7.66913959e-01,2.43020369e-08,89,23,1,70,normal_corr_dominates,2.06101682e+00,1.00000000e+00,2.50000113e+07,1.12605033e+01,-1.06129357e+01,2.18734390e+01,1.00010264e-09
30,7.66913959e-01,2.43020369e-08,89,24,0,72,normal_corr_dominates,1.78614961e+01,1.00000000e+00,2.50000216e+07,2.16336168e+01,-1.28301882e+00,2.29166356e+01,1.00012852e-09
30,7.66913959e-01,2.43020369e-08,89,24,1,73,normal_corr_dominates,1.28463833e+01,1.00000000e+00,2.50000152e+07,1.51991327e+01,-1.28301882e+00,1.64821515e+01,1.00015894e-09
30,7.66913959e-01,2.43020369e-08,89,24,2,74,normal_corr_dominates,2.41978827e+01,1.00000000e+00,2.49999677e+07,-3.23293577e+01,-1.28301882e+00,-3.10463389e+01,1.00015174e-09
30,7.66913959e-01,2.43020369e-08,89,27,1,82,normal_corr_dominates,2.30329012e+00,1.00000000e+00,2.50000167e+07,1.67378803e+01,-1.28427892e+01,2.95806696e+01,1.00016196e-09
30,7.66913959e-01,2.43020369e-08,89,28,0,84,normal_corr_dominates,1.02485581e+01,1.00000000e+00,2.49999585e+07,-4.15158702e+01,-3.69077261e+00,-3.78250976e+01,1.00016054e-09
30,7.66913959e-01,2.43020369e-08,89,28,1,85,normal_corr_dominates,6.67299582e+00,1.00000000e+00,2.50000209e+07,2.09377376e+01,-3.69077261e+00,2.46285102e+01,1.00014522e-09
30,7.66913959e-01,2.43020369e-08,89,28,2,86,normal_corr_dominates,8.94223940e+00,1.00000000e+00,2.49999633e+07,-3.66945448e+01,-3.69077261e+00,-3.30037722e+01,1.00016865e-09
30,7.66913959e-01,2.43020369e-08,89,30,0,90,normal_corr_dominates,1.62077714e+01,1.00000000e+00,2.49999856e+07,-1.44483987e+01,9.50066800e-01,-1.53984655e+01,1.00017548e-09
30,7.66913959e-01,2.43020369e-08,89,30,1,91,normal_corr_dominates,1.49623329e+01,1.00000000e+00,2.50000152e+07,1.51652825e+01,9.50066800e-01,1.42152157e+01,1.00013695e-09
30,7.66913959e-01,2.43020369e-08,89,30,2,92,normal_corr_dominates,3.04960151e+01,1.00000000e+00,2.49999720e+07,-2.80231847e+01,9.50066800e-01,-2.89732515e+01,1.00014425e-09
30,7.66913959e-01,2.43020369e-08,89,9,0,27,normal_corr_dominates,2.56340424e+00,1.00000000e+00,2.50000119e+07,1.18510968e+01,-7.58031513e+00,1.94314120e+01,1.00013782e-09
30,7.66913959e-01,2.43020369e-08,89,9,1,28,normal_corr_dominates,2.65833526e+00,1.00000000e+00,2.49999723e+07,-2.77313341e+01,-7.58031513e+00,-2.01510190e+01,1.00017606e-09
30,7.66913959e-01,2.43020369e-08,89,9,2,29,normal_corr_dominates,4.27108406e+00,1.00000000e+00,2.50000248e+07,2.47958480e+01,-7.58031513e+00,3.23761631e+01,1.00015435e-09
30,7.66913959e-01,2.43020369e-08,89,8,0,24,normal_corr_dominates,1.47237081e+00,1.00000000e+00,2.49999833e+07,-1.66901002e+01,-6.75064601e+00,-9.93945415e+00,1.00019232e-09
30,7.66913959e-01,2.43020369e-08,89,8,2,26,normal_corr_dominates,2.17462785e+00,1.00000000e+00,2.50000079e+07,7.92949682e+00,-6.75064601e+00,1.46801428e+01,1.00011212e-09
30,7.66913959e-01,2.43020369e-08,89,8,2,26,corr_ratio_high,5.88649853e-01,5.00000000e-01,2.50000079e+07,7.92949682e+00,-6.75064601e+00,1.46801428e+01,1.00011212e-09
31,7.92603670e-01,2.51160947e-08,89,0,0,0,normal_corr_dominates,4.21097131e+00,1.00000000e+00,2.49999142e+07,-8.58002596e+01,-1.64653103e+01,-6.93349493e+01,1.00025846e-09
31,7.92603670e-01,2.51160947e-08,89,0,1,1,normal_corr_dominates,2.32048184e+00,1.00000000e+00,2.50000217e+07,2.17421432e+01,-1.64653103e+01,3.82074535e+01,1.00011427e-09
31,7.92603670e-01,2.51160947e-08,89,0,1,1,corr_ratio_high,5.25038176e-01,5.00000000e-01,2.50000217e+07,2.17421432e+01,-1.64653103e+01,3.82074535e+01,1.00011427e-09
31,7.92603670e-01,2.51160947e-08,89,0,2,2,normal_corr_dominates,3.49758496e+00,1.00000000e+00,2.50000411e+07,4.11235114e+01,-1.64653103e+01,5.75888217e+01,1.00012047e-09
31,7.92603670e-01,2.51160947e-08,89,1,0,3,normal_corr_dominates,2.82921198e+00,1.00000000e+00,2.49999648e+07,-3.51982300e+01,-9.19202965e+00,-2.60062004e+01,1.00020576e-09
31,7.92603670e-01,2.51160947e-08,89,1,1,4,normal_corr_dominates,1.90305039e+00,1.00000000e+00,2.50000083e+07,8.30086600e+00,-9.19202965e+00,1.74928956e+01,1.00010742e-09
31,7.92603670e-01,2.51160947e-08,89,1,1,4,corr_ratio_high,6.39677073e-01,5.00000000e-01,2.50000083e+07,8.30086600e+00,-9.19202965e+00,1.74928956e+01,1.00010742e-09
31,7.92603670e-01,2.51160947e-08,89,1,2,5,normal_corr_dominates,4.44557940e+00,1.00000000e+00,2.50000317e+07,3.16718680e+01,-9.19202965e+00,4.08638977e+01,1.00016961e-09
31,7.92603670e-01,2.51160947e-08,89,2,0,6,normal_corr_dominates,2.77086343e+00,1.00000000e+00,2.49999834e+07,-1.66065568e+01,-4.40391362e+00,-1.22026432e+01,1.00014238e-09
31,7.92603670e-01,2.51160947e-08,89,2,1,7,normal_corr_dominates,5.19704574e+00,1.00000000e+00,2.50000185e+07,1.84834269e+01,-4.40391362e+00,2.28873405e+01,1.00009559e-09
31,7.92603670e-01,2.51160947e-08,89,3,0,9,normal_corr_dominates,7.44911521e+00,1.00000000e+00,2.50000236e+07,2.35815110e+01,-3.65654982e+00,2.72380609e+01,1.00017509e-09
31,7.92603670e-01,2.51160947e-08,89,3,2,11,normal_corr_dominates,3.21987683e+00,1.00000000e+00,2.50000081e+07,8.11709022e+00,-3.65654982e+00,1.17736400e+01,1.00017920e-09
31,7.92603670e-01,2.51160947e-08,89,4,0,12,normal_corr_dominates,2.63867458e+00,1.00000000e+00,2.50000115e+07,1.15130187e+01,-7.02581147e+00,1.85388302e+01,1.00005214e-09
31,7.92603670e-01,2.51160947e-08,89,4,0,12,corr_ratio_high,1.49983533e+00,5.00000000e-01,2.50000115e+07,1.15130187e+01,-7.02581147e+00,1.85388302e+01,1.00005214e-09
31,7.92603670e-01,2.51160947e-08,89,4,2,14,normal_corr_dominates,2.15782784e+00,1.00000000e+00,2.49999778e+07,-2.21863030e+01,-7.02581147e+00,-1.51604916e+01,1.00028061e-09
31,7.92603670e-01,2.51160947e-08,89,4,2,14,corr_ratio_high,5.78201067e-01,5.00000000e-01,2.49999778e+07,-2.21863030e+01,-7.02581147e+00,-1.51604916e+01,1.00028061e-09
31,7.92603670e-01,2.51160947e-08,89,5,0,15,normal_corr_dominates,6.10167840e+00,1.00000000e+00,2.49999775e+07,-2.25070032e+01,-3.16925126e+00,-1.93377520e+01,1.00009867e-09
31,7.92603670e-01,2.51160947e-08,89,5,0,15,corr_ratio_high,8.44177404e-01,5.00000000e-01,2.49999775e+07,-2.25070032e+01,-3.16925126e+00,-1.93377520e+01,1.00009867e-09
31,7.92603670e-01,2.51160947e-08,89,5,1,16,normal_corr_dominates,6.00091814e+00,1.00000000e+00,2.49999778e+07,-2.21876686e+01,-3.16925126e+00,-1.90184174e+01,1.00017550e-09
31,7.92603670e-01,2.51160947e-08,89,5,2,17,normal_corr_dominates,9.08576305e+00,1.00000000e+00,2.50000256e+07,2.56258147e+01,-3.16925126e+00,2.87950660e+01,1.00010608e-09
31,7.92603670e-01,2.51160947e-08,89,6,0,18,normal_corr_dominates,1.15030198e+01,1.00000000e+00,2.49999968e+07,-3.20291108e+00,3.04951445e-01,-3.50786252e+00,1.00012580e-09
31,7.92603670e-01,2.51160947e-08,89,6,1,19,normal_corr_dominates,1.19337053e+01,1.00000000e+00,2.50000039e+07,3.94415212e+00,3.04951445e-01,3.63920068e+00,1.00011810e-09
31,7.92603670e-01,2.51160947e-08,89,6,2,20,normal_corr_dominates,2.14681512e+00,1.00000000e+00,2.50000010e+07,9.59625820e-01,3.04951445e-01,6.54674374e-01,1.00017779e-09
31,7.92603670e-01,2.51160947e-08,89,12,1,37,corr_ratio_high,1.45973993e+00,5.00000000e-01,2.49999986e+07,-1.43149198e+00,-7.04806919e+00,5.61657721e+00,1.00006240e-09
31,7.92603670e-01,2.51160947e-08,89,12,2,38,normal_corr_dominates,4.17246086e+00,1.00000000e+00,2.50000224e+07,2.23597236e+01,-7.04806919e+00,2.94077928e+01,1.00018879e-09
31,7.92603670e-01,2.51160947e-08,89,13,0,39,normal_corr_dominates,1.43509511e+01,1.00000000e+00,2.49999801e+07,-1.98773167e+01,-1.29485897e+00,-1.85824577e+01,1.00008121e-09
31,7.92603670e-01,2.51160947e-08,89,13,0,39,corr_ratio_high,1.25106991e+00,5.00000000e-01,2.49999801e+07,-1.98773167e+01,-1.29485897e+00,-1.85824577e+01,1.00008121e-09
31,7.92603670e-01,2.51160947e-08,89,13,1,40,normal_corr_dominates,2.81412343e+01,1.00000000e+00,2.49999623e+07,-3.77337886e+01,-1.29485897e+00,-3.64389296e+01,1.00006338e-09
31,7.92603670e-01,2.51160947e-08,89,13,1,40,corr_ratio_high,2.13993183e+00,5.00000000e-01,2.49999623e+07,-3.77337886e+01,-1.29485897e+00,-3.64389296e+01,1.00006338e-09
31,7.92603670e-01,2.51160947e-08,89,13,2,41,normal_corr_dominates,2.77426984e+01,1.00000000e+00,2.50000346e+07,3.46280227e+01,-1.29485897e+00,3.59228817e+01,1.00028120e-09
31,7.92603670e-01,2.51160947e-08,89,13,2,41,corr_ratio_high,5.79023696e-01,5.00000000e-01,2.50000346e+07,3.46280227e+01,-1.29485897e+00,3.59228817e+01,1.00028120e-09
31,7.92603670e-01,2.51160947e-08,89,14,0,42,normal_corr_dominates,4.65902082e+00,1.00000000e+00,2.50000489e+07,4.88625721e+01,-1.33540022e+01,6.22165743e+01,1.00020725e-09
31,7.92603670e-01,2.51160947e-08,89,14,1,43,normal_corr_dominates,4.57543199e+00,1.00000000e+00,2.49999255e+07,-7.44543311e+01,-1.33540022e+01,-6.11003289e+01,1.00015081e-09
31,7.92603670e-01,2.51160947e-08,89,14,1,43,corr_ratio_high,7.88734644e-01,5.00000000e-01,2.49999255e+07,-7.44543311e+01,-1.33540022e+01,-6.11003289e+01,1.00015081e-09
31,7.92603670e-01,2.51160947e-08,89,14,2,44,normal_corr_dominates,3.52129216e+00,1.00000000e+00,2.49999396e+07,-6.03773455e+01,-1.33540022e+01,-4.70233433e+01,1.00015061e-09
31,7.92603670e-01,2.51160947e-08,89,15,0,45,normal_corr_dominates,4.29802150e+00,1.00000000e+00,2.49999673e+07,-3.27409342e+01,-6.17984170e+00,-2.65610925e+01,1.00010163e-09
31,7.92603670e-01,2.51160947e-08,89,15,0,45,corr_ratio_high,8.61911439e-01,5.00000000e-01,2.49999673e+07,-3.27409342e+01,-6.17984170e+00,-2.65610925e+01,1.00010163e-09
31,7.92603670e-01,2.51160947e-08,89,15,1,46,normal_corr_dominates,4.46197088e+00,1.00000000e+00,2.50000214e+07,2.13944320e+01,-6.17984170e+00,2.75742737e+01,1.00011754e-09
31,7.92603670e-01,2.51160947e-08,89,15,2,47,normal_corr_dominates,2.42859037e+00,1.00000000e+00,2.50000088e+07,8.82846235e+00,-6.17984170e+00,1.50083040e+01,1.00017433e-09
31,7.92603670e-01,2.51160947e-08,89,16,0,48,normal_corr_dominates,2.24397856e+00,1.00000000e+00,2.50000105e+07,1.04819233e+01,-8.42612856e+00,1.89080518e+01,1.00013772e-09
31,7.92603670e-01,2.51160947e-08,89,16,1,49,normal_corr_dominates,4.83042726e+00,1.00000000e+00,2.49999509e+07,-4.91279297e+01,-8.42612856e+00,-4.07018011e+01,1.00006661e-09
31,7.92603670e-01,2.51160947e-08,89,16,1,49,corr_ratio_high,1.78734526e+00,5.00000000e-01,2.49999509e+07,-4.91279297e+01,-8.42612856e+00,-4.07018011e+01,1.00006661e-09
31,7.92603670e-01,2.51160947e-08,89,16,2,50,normal_corr_dominates,2.11617336e+00,1.00000000e+00,2.50000094e+07,9.40502021e+00,-8.42612856e+00,1.78311488e+01,1.00026023e-09
31,7.92603670e-01,2.51160947e-08,89,16,2,50,corr_ratio_high,5.58801855e-01,5.00000000e-01,2.50000094e+07,9.40502021e+00,-8.42612856e+00,1.78311488e+01,1.00026023e-09
31,7.92603670e-01,2.51160947e-08,89,17,1,52,normal_corr_dominates,1.65964109e+00,1.00000000e+00,2.49999826e+07,-1.73761866e+01,-6.53328248e+00,-1.08429041e+01,1.00007666e-09
31,7.92603670e-01,2.51160947e-08,89,17,1,52,corr_ratio_high,1.49885195e+00,5.00000000e-01,2.49999826e+07,-1.73761866e+01,-6.53328248e+00,-1.08429041e+01,1.00007666e-09
31,7.92603670e-01,2.51160947e-08,89,18,0,54,normal_corr_dominates,5.63878310e+00,1.00000000e+00,2.50000147e+07,1.46928656e+01,-3.16739654e+00,1.78602621e+01,1.00008462e-09
31,7.92603670e-01,2.51160947e-08,89,18,0,54,corr_ratio_high,6.17392653e-01,5.00000000e-01,2.50000147e+07,1.46928656e+01,-3.16739654e+00,1.78602621e+01,1.00008462e-09
31,7.92603670e-01,2.51160947e-08,89,18,1,55,normal_corr_dominates,7.14705287e+00,1.00000000e+00,2.49999742e+07,-2.58049471e+01,-3.16739654e+00,-2.26375506e+01,1.00010810e-09
31,7.92603670e-01,2.51160947e-08,89,19,0,57,normal_corr_dominates,3.46229519e+01,1.00000000e+00,2.49999874e+07,-1.26207903e+01,-3.54288165e-01,-1.22665021e+01,1.00025759e-09
31,7.92603670e-01,2.51160947e-08,89,19,0,57,corr_ratio_high,5.00634220e-01,5.00000000e-01,2.49999874e+07,-1.26207903e+01,-3.54288165e-01,-1.22665021e+01,1.00025759e-09
31,7.92603670e-01,2.51160947e-08,89,19,1,58,normal_corr_dominates,6.71647590e+01,1.00000000e+00,2.49999759e+07,-2.41499674e+01,-3.54288165e-01,-2.37956792e+01,1.00007073e-09
31,7.92603670e-01,2.51160947e-08,89,19,1,58,corr_ratio_high,1.57601052e+00,5.00000000e-01,2.49999759e+07,-2.41499674e+01,-3.54288165e-01,-2.37956792e+01,1.00007073e-09
31,7.92603670e-01,2.51160947e-08,89,19,2,59,normal_corr_dominates,9.88444184e+00,1.00000000e+00,2.50000031e+07,3.14765259e+00,-3.54288165e-01,3.50194076e+00,1.00010419e-09
31,7.92603670e-01,2.51160947e-08,89,20,0,60,corr_ratio_high,3.23747267e+00,5.00000000e-01,2.49999941e+07,-5.85706638e+00,-3.01297769e+00,-2.84408869e+00,1.00002169e-09
31,7.92603670e-01,2.51160947e-08,89,20,1,61,normal_corr_dominates,7.36920159e+00,1.00000000e+00,2.50000192e+07,1.91902623e+01,-3.01297769e+00,2.22032400e+01,1.00022254e-09
31,7.92603670e-01,2.51160947e-08,89,20,2,62,normal_corr_dominates,2.53192805e+00,1.00000000e+00,2.50000046e+07,4.61566504e+00,-3.01297769e+00,7.62864272e+00,1.00020635e-09
31,7.92603670e-01,2.51160947e-08,89,22,0,66,normal_corr_dominates,2.66373302e+00,1.00000000e+00,2.50000086e+07,8.57019120e+00,-5.15118175e+00,1.37213730e+01,1.00018536e-09
31,7.92603670e-01,2.51160947e-08,89,22,2,68,normal_corr_dominates,8.04614952e+00,1.00000000e+00,2.49999534e+07,-4.65983604e+01,-5.15118175e+00,-4.14471786e+01,1.00014736e-09
31,7.92603670e-01,2.51160947e-08,89,23,0,69,normal_corr_dominates,1.24732906e+00,1.00000000e+00,2.49999754e+07,-2.45938376e+01,-1.09435854e+01,-1.36502522e+01,1.00017950e-09
31,7.92603670e-01,2.51160947e-08,89,23,1,70,normal_corr_dominates,2.06103475e+00,1.00000000e+00,2.50000116e+07,1.16115245e+01,-1.09435854e+01,2.25551099e+01,1.00010586e-09
31,7.92603670e-01,2.51160947e-08,89,24,0,72,normal_corr_dominates,1.78769604e+01,1.00000000e+00,2.50000223e+07,2.23114366e+01,-1.32200563e+00,2.36334423e+01,1.00013252e-09
31,7.92603670e-01,2.51160947e-08,89,24,1,73,normal_corr_dominates,1.28592772e+01,1.00000000e+00,2.50000157e+07,1.56780313e+01,-1.32200563e+00,1.70000369e+01,1.00016390e-09
31,7.92603670e-01,2.51160947e-08,89,24,2,74,normal_corr_dominates,2.42226474e+01,1.00000000e+00,2.49999667e+07,-3.33444817e+01,-1.32200563e+00,-3.20224761e+01,1.00015649e-09
31,7.92603670e-01,2.51160947e-08,89,27,1,82,normal_corr_dominates,2.30312323e+00,1.00000000e+00,2.50000173e+07,1.72597051e+01,-1.32448757e+01,3.05045808e+01,1.00016702e-09
31,7.92603670e-01,2.51160947e-08,89,28,0,84,normal_corr_dominates,1.02536915e+01,1.00000000e+00,2.49999572e+07,-4.28103495e+01,-3.80411614e+00,-3.90062333e+01,1.00016555e-09
31,7.92603670e-01,2.51160947e-08,89,28,1,85,normal_corr_dominates,6.67667962e+00,1.00000000e+00,2.50000216e+07,2.15947485e+01,-3.80411614e+00,2.53988647e+01,1.00014975e-09
31,7.92603670e-01,2.51160947e-08,89,28,2,86,normal_corr_dominates,8.94936868e+00,1.00000000e+00,2.49999622e+07,-3.78485540e+01,-3.80411614e+00,-3.40444378e+01,1.00017394e-09
31,7.92603670e-01,2.51160947e-08,89,30,0,90,normal_corr_dominates,1.61986696e+01,1.00000000e+00,2.49999851e+07,-1.48996103e+01,9.80323326e-01,-1.58799336e+01,1.00018096e-09
31,7.92603670e-01,2.51160947e-08,89,30,1,91,normal_corr_dominates,1.49564120e+01,1.00000000e+00,2.50000156e+07,1.56424429e+01,9.80323326e-01,1.46621196e+01,1.00014123e-09
31,7.92603670e-01,2.51160947e-08,89,30,2,92,normal_corr_dominates,3.04830111e+01,1.00000000e+00,2.49999711e+07,-2.89028836e+01,9.80323326e-01,-2.98832069e+01,1.00014877e-09
31,7.92603670e-01,2.51160947e-08,89,9,0,27,normal_corr_dominates,2.56242146e+00,1.00000000e+00,2.50000122e+07,1.22139636e+01,-7.81732963e+00,2.00312932e+01,1.00014214e-09
31,7.92603670e-01,2.51160947e-08,89,9,1,28,normal_corr_dominates,2.65767286e+00,1.00000000e+00,2.49999714e+07,-2.85932344e+01,-7.81732963e+00,-2.07759048e+01,1.00018155e-09
31,7.92603670e-01,2.51160947e-08,89,9,2,29,normal_corr_dominates,4.27104861e+00,1.00000000e+00,2.50000256e+07,2.55708652e+01,-7.81732963e+00,3.33881948e+01,1.00015918e-09
31,7.92603670e-01,2.51160947e-08,89,8,0,24,normal_corr_dominates,1.47240702e+00,1.00000000e+00,2.49999828e+07,-1.72108990e+01,-6.96119161e+00,-1.02497074e+01,1.00019833e-09
31,7.92603670e-01,2.51160947e-08,89,8,2,26,normal_corr_dominates,2.17499752e+00,1.00000000e+00,2.50000082e+07,8.17938287e+00,-6.96119161e+00,1.51405745e+01,1.00011562e-09
31,7.92603670e-01,2.51160947e-08,89,8,2,26,corr_ratio_high,5.88615399e-01,5.00000000e-01,2.50000082e+07,8.17938287e+00,-6.96119161e+00,1.51405745e+01,1.00011562e-09
32,8.15958654e-01,2.58561695e-08,89,0,0,0,normal_corr_dominates,4.21068020e+00,1.00000000e+00,2.49999118e+07,-8.81562799e+01,-1.69183824e+01,-7.12378976e+01,1.00026556e-09
32,8.15958654e-01,2.58561695e-08,89,0,1,1,normal_corr_dominates,2.32072602e+00,1.00000000e+00,2.50000223e+07,2.23445478e+01,-1.69183824e+01,3.92629301e+01,1.00011740e-09
32,8.15958654e-01,2.58561695e-08,89,0,1,1,corr_ratio_high,5.25154488e-01,5.00000000e-01,2.50000223e+07,2.23445478e+01,-1.69183824e+01,3.92629301e+01,1.00011740e-09
32,8.15958654e-01,2.58561695e-08,89,0,2,2,normal_corr_dominates,3.49731329e+00,1.00000000e+00,2.50000423e+07,4.22505011e+01,-1.69183824e+01,5.91688835e+01,1.00012379e-09
32,8.15958654e-01,2.58561695e-08,89,1,0,3,normal_corr_dominates,2.82912889e+00,1.00000000e+00,2.49999638e+07,-3.61637126e+01,-9.44437069e+00,-2.67193419e+01,1.00021140e-09
32,8.15958654e-01,2.58561695e-08,89,1,1,4,normal_corr_dominates,1.90323728e+00,1.00000000e+00,2.50000085e+07,8.53050773e+00,-9.44437069e+00,1.79748784e+01,1.00011036e-09
32,8.15958654e-01,2.58561695e-08,89,1,1,4,corr_ratio_high,6.39713471e-01,5.00000000e-01,2.50000085e+07,8.53050773e+00,-9.44437069e+00,1.79748784e+01,1.00011036e-09
32,8.15958654e-01,2.58561695e-08,89,1,2,5,normal_corr_dominates,4.44574699e+00,1.00000000e+00,2.50000325e+07,3.25429119e+01,-9.44437069e+00,4.19872826e+01,1.00017428e-09
32,8.15958654e-01,2.58561695e-08,89,2,0,6,normal_corr_dominates,2.77174674e+00,1.00000000e+00,2.49999829e+07,-1.70649928e+01,-4.52442700e+00,-1.25405658e+01,1.00014630e-09
32,8.15958654e-01,2.58561695e-08,89,2,1,7,normal_corr_dominates,5.19783139e+00,1.00000000e+00,2.50000190e+07,1.89927817e+01,-4.52442700e+00,2.35172087e+01,1.00009821e-09
32,8.15958654e-01,2.58561695e-08,89,3,0,9,normal_corr_dominates,7.44818857e+00,1.00000000e+00,2.50000242e+07,2.42246990e+01,-3.75682236e+00,2.79815213e+01,1.00017990e-09
32,8.15958654e-01,2.58561695e-08,89,3,2,11,normal_corr_dominates,3.21972872e+00,1.00000000e+00,2.50000083e+07,8.33912647e+00,-3.75682236e+00,1.20959488e+01,1.00018412e-09
32,8.15958654e-01,2.58561695e-08,89,4,0,12,normal_corr_dominates,2.63900249e+00,1.00000000e+00,2.50000118e+07,1.18306149e+01,-7.21817994e+00,1.90487948e+01,1.00005356e-09
32,8.15958654e-01,2.58561695e-08,89,4,0,12,corr_ratio_high,1.49989863e+00,5.00000000e-01,2.50000118e+07,1.18306149e+01,-7.21817994e+00,1.90487948e+01,1.00005356e-09
32,8.15958654e-01,2.58561695e-08,89,4,2,14,normal_corr_dominates,2.15865266e+00,1.00000000e+00,2.49999772e+07,-2.27997233e+01,-7.21817994e+00,-1.55815433e+01,1.00028832e-09
32,8.15958654e-01,2.58561695e-08,89,4,2,14,corr_ratio_high,5.78206590e-01,5.00000000e-01,2.49999772e+07,-2.27997233e+01,-7.21817994e+00,-1.55815433e+01,1.00028832e-09
32,8.15958654e-01,2.58561695e-08,89,5,0,15,normal_corr_dominates,6.09964829e+00,1.00000000e+00,2.49999769e+07,-2.31208104e+01,-3.25661349e+00,-1.98641969e+01,1.00010138e-09
32,8.15958654e-01,2.58561695e-08,89,5,0,15,corr_ratio_high,8.44193272e-01,5.00000000e-01,2.49999769e+07,-2.31208104e+01,-3.25661349e+00,-1.98641969e+01,1.00010138e-09
32,8.15958654e-01,2.58561695e-08,89,5,1,16,normal_corr_dominates,6.00257953e+00,1.00000000e+00,2.49999772e+07,-2.28046950e+01,-3.25661349e+00,-1.95480815e+01,1.00018034e-09
32,8.15958654e-01,2.58561695e-08,89,5,2,17,normal_corr_dominates,9.08514147e+00,1.00000000e+00,2.50000263e+07,2.63301808e+01,-3.25661349e+00,2.95867943e+01,1.00010900e-09
32,8.15958654e-01,2.58561695e-08,89,6,0,18,normal_corr_dominates,1.14905560e+01,1.00000000e+00,2.49999967e+07,-3.29141131e+00,3.13749940e-01,-3.60516125e+00,1.00012926e-09
32,8.15958654e-01,2.58561695e-08,89,6,1,19,normal_corr_dominates,1.19144715e+01,1.00000000e+00,2.50000041e+07,4.05191466e+00,3.13749940e-01,3.73816472e+00,1.00012135e-09
32,8.15958654e-01,2.58561695e-08,89,6,2,20,normal_corr_dominates,2.14620686e+00,1.00000000e+00,2.50000010e+07,9.87122212e-01,3.13749940e-01,6.73372273e-01,1.00018267e-09
32,8.15958654e-01,2.58561695e-08,89,12,1,37,corr_ratio_high,1.45968206e+00,5.00000000e-01,2.49999985e+07,-1.47056587e+00,-7.24086790e+00,5.77030203e+00,1.00006412e-09
32,8.15958654e-01,2.58561695e-08,89,12,2,38,normal_corr_dominates,4.17275256e+00,1.00000000e+00,2.50000230e+07,2.29734822e+01,-7.24086790e+00,3.02143501e+01,1.00019399e-09
32,8.15958654e-01,2.58561695e-08,89,13,0,39,normal_corr_dominates,1.43373816e+01,1.00000000e+00,2.49999796e+07,-2.04257679e+01,-1.33176369e+00,-1.90940042e+01,1.00008345e-09
32,8.15958654e-01,2.58561695e-08,89,13,0,39,corr_ratio_high,1.25082578e+00,5.00000000e-01,2.49999796e+07,-2.04257679e+01,-1.33176369e+00,-1.90940042e+01,1.00008345e-09
32,8.15958654e-01,2.58561695e-08,89,13,1,40,normal_corr_dominates,2.81118157e+01,1.00000000e+00,2.49999612e+07,-3.87700590e+01,-1.33176369e+00,-3.74382953e+01,1.00006512e-09
32,8.15958654e-01,2.58561695e-08,89,13,1,40,corr_ratio_high,2.13986471e+00,5.00000000e-01,2.49999612e+07,-3.87700590e+01,-1.33176369e+00,-3.74382953e+01,1.00006512e-09
32,8.15958654e-01,2.58561695e-08,89,13,2,41,normal_corr_dominates,2.77131916e+01,1.00000000e+00,2.50000356e+07,3.55756585e+01,-1.33176369e+00,3.69074222e+01,1.00028892e-09
32,8.15958654e-01,2.58561695e-08,89,13,2,41,corr_ratio_high,5.79022440e-01,5.00000000e-01,2.50000356e+07,3.55756585e+01,-1.33176369e+00,3.69074222e+01,1.00028892e-09
32,8.15958654e-01,2.58561695e-08,89,14,0,42,normal_corr_dominates,4.65982494e+00,1.00000000e+00,2.50000502e+07,5.02144913e+01,-1.37204626e+01,6.39349539e+01,1.00021292e-09
32,8.15958654e-01,2.58561695e-08,89,14,1,43,normal_corr_dominates,4.57563975e+00,1.00000000e+00,2.49999235e+07,-7.65003567e+01,-1.37204626e+01,-6.27798941e+01,1.00015495e-09
32,8.15958654e-01,2.58561695e-08,89,14,1,43,corr_ratio_high,7.88756774e-01,5.00000000e-01,2.49999235e+07,-7.65003567e+01,-1.37204626e+01,-6.27798941e+01,1.00015495e-09
32,8.15958654e-01,2.58561695e-08,89,14,2,44,normal_corr_dominates,3.52214445e+00,1.00000000e+00,2.49999380e+07,-6.20459139e+01,-1.37204626e+01,-4.83254512e+01,1.00015477e-09
32,8.15958654e-01,2.58561695e-08,89,15,0,45,normal_corr_dominates,4.29858716e+00,1.00000000e+00,2.49999664e+07,-3.36380793e+01,-6.34849976e+00,-2.72895796e+01,1.00010443e-09
32,8.15958654e-01,2.58561695e-08,89,15,0,45,corr_ratio_high,8.61805348e-01,5.00000000e-01,2.49999664e+07,-3.36380793e+01,-6.34849976e+00,-2.72895796e+01,1.00010443e-09
32,8.15958654e-01,2.58561695e-08,89,15,1,46,normal_corr_dominates,4.46267714e+00,1.00000000e+00,2.50000220e+07,2.19828050e+01,-6.34849976e+00,2.83313047e+01,1.00012078e-09
32,8.15958654e-01,2.58561695e-08,89,15,2,47,normal_corr_dominates,2.42934225e+00,1.00000000e+00,2.50000091e+07,9.07417895e+00,-6.34849976e+00,1.54226787e+01,1.00017911e-09
32,8.15958654e-01,2.58561695e-08,89,16,0,48,normal_corr_dominates,2.24462233e+00,1.00000000e+00,2.50000108e+07,1.07759443e+01,-8.65800335e+00,1.94339476e+01,1.00014149e-09
32,8.15958654e-01,2.58561695e-08,89,16,1,49,normal_corr_dominates,4.82993112e+00,1.00000000e+00,2.49999495e+07,-5.04755632e+01,-8.65800335e+00,-4.18175598e+01,1.00006844e-09
32,8.15958654e-01,2.58561695e-08,89,16,1,49,corr_ratio_high,1.78722511e+00,5.00000000e-01,2.49999495e+07,-5.04755632e+01,-8.65800335e+00,-4.18175598e+01,1.00006844e-09
32,8.15958654e-01,2.58561695e-08,89,16,2,50,normal_corr_dominates,2.11524759e+00,1.00000000e+00,2.50000097e+07,9.65581737e+00,-8.65800335e+00,1.83138207e+01,1.00026740e-09
32,8.15958654e-01,2.58561695e-08,89,16,2,50,corr_ratio_high,5.58815007e-01,5.00000000e-01,2.50000097e+07,9.65581737e+00,-8.65800335e+00,1.83138207e+01,1.00026740e-09
32,8.15958654e-01,2.58561695e-08,89,17,1,52,normal_corr_dominates,1.65938975e+00,1.00000000e+00,2.49999821e+07,-1.78524506e+01,-6.71298766e+00,-1.11394629e+01,1.00007877e-09
32,8.15958654e-01,2.58561695e-08,89,17,1,52,corr_ratio_high,1.49855870e+00,5.00000000e-01,2.49999821e+07,-1.78524506e+01,-6.71298766e+00,-1.11394629e+01,1.00007877e-09
32,8.15958654e-01,2.58561695e-08,89,18,0,54,normal_corr_dominates,5.63855510e+00,1.00000000e+00,2.50000151e+07,1.50953597e+01,-3.25432368e+00,1.83496834e+01,1.00008695e-09
32,8.15958654e-01,2.58561695e-08,89,18,0,54,corr_ratio_high,6.17359584e-01,5.00000000e-01,2.50000151e+07,1.50953597e+01,-3.25432368e+00,1.83496834e+01,1.00008695e-09
32,8.15958654e-01,2.58561695e-08,89,18,1,55,normal_corr_dominates,7.14723151e+00,1.00000000e+00,2.49999735e+07,-2.65137284e+01,-3.25432368e+00,-2.32594047e+01,1.00011108e-09
32,8.15958654e-01,2.58561695e-08,89,19,0,57,normal_corr_dominates,3.46459941e+01,1.00000000e+00,2.49999870e+07,-1.29682541e+01,-3.63806772e-01,-1.26044473e+01,1.00026466e-09
32,8.15958654e-01,2.58561695e-08,89,19,0,57,corr_ratio_high,5.00626808e-01,5.00000000e-01,2.49999870e+07,-1.29682541e+01,-3.63806772e-01,-1.26044473e+01,1.00026466e-09
32,8.15958654e-01,2.58561695e-08,89,19,1,58,normal_corr_dominates,6.72014878e+01,1.00000000e+00,2.49999752e+07,-2.48121631e+01,-3.63806772e-01,-2.44483564e+01,1.00007268e-09
32,8.15958654e-01,2.58561695e-08,89,19,1,58,corr_ratio_high,1.57569151e+00,5.00000000e-01,2.49999752e+07,-2.48121631e+01,-3.63806772e-01,-2.44483564e+01,1.00007268e-09
32,8.15958654e-01,2.58561695e-08,89,19,2,59,normal_corr_dominates,9.89332064e+00,1.00000000e+00,2.50000032e+07,3.23545028e+00,-3.63806772e-01,3.59925705e+00,1.00010706e-09
32,8.15958654e-01,2.58561695e-08,89,20,0,60,corr_ratio_high,3.23692300e+00,5.00000000e-01,2.49999940e+07,-6.01963222e+00,-3.09652627e+00,-2.92310596e+00,1.00002230e-09
32,8.15958654e-01,2.58561695e-08,89,20,1,61,normal_corr_dominates,7.36708921e+00,1.00000000e+00,2.50000197e+07,1.97158590e+01,-3.09652627e+00,2.28123852e+01,1.00022866e-09
32,8.15958654e-01,2.58561695e-08,89,20,2,62,normal_corr_dominates,2.53139834e+00,1.00000000e+00,2.50000047e+07,4.74201519e+00,-3.09652627e+00,7.83854146e+00,1.00021202e-09
32,8.15958654e-01,2.58561695e-08,89,22,0,66,normal_corr_dominates,2.66336403e+00,1.00000000e+00,2.50000088e+07,8.80472029e+00,-5.29332133e+00,1.40980416e+01,1.00019045e-09
32,8.15958654e-01,2.58561695e-08,89,22,2,68,normal_corr_dominates,8.04581222e+00,1.00000000e+00,2.49999521e+07,-4.78823907e+01,-5.29332133e+00,-4.25890694e+01,1.00015142e-09
32,8.15958654e-01,2.58561695e-08,89,23,0,69,normal_corr_dominates,1.24747417e+00,1.00000000e+00,2.49999747e+07,-2.52691229e+01,-1.12433429e+01,-1.40257800e+01,1.00018443e-09
32,8.15958654e-01,2.58561695e-08,89,23,1,70,normal_corr_dominates,2.06104643e+00,1.00000000e+00,2.50000119e+07,1.19297089e+01,-1.12433429e+01,2.31730519e+01,1.00010877e-09
32,8.15958654e-01,2.58561695e-08,89,24,0,72,normal_corr_dominates,1.78903922e+01,1.00000000e+00,2.50000229e+07,2.29259620e+01,-1.35733746e+00,2.42832994e+01,1.00013615e-09
32,8.15958654e-01,2.58561695e-08,89,24,1,73,normal_corr_dominates,1.28705120e+01,1.00000000e+00,2.50000161e+07,1.61122906e+01,-1.35733746e+00,1.74696281e+01,1.00016841e-09
32,8.15958654e-01,2.58561695e-08,89,24,2,74,normal_corr_dominates,2.42442358e+01,1.00000000e+00,2.49999657e+07,-3.42649468e+01,-1.35733746e+00,-3.29076093e+01,1.00016079e-09
32,8.15958654e-01,2.58561695e-08,89,27,1,82,normal_corr_dominates,2.30297467e+00,1.00000000e+00,2.50000177e+07,1.77327565e+01,-1.36094407e+01,3.13421972e+01,1.00017161e-09
32,8.15958654e-01,2.58561695e-08,89,28,0,84,normal_corr_dominates,1.02581863e+01,1.00000000e+00,2.49999560e+07,-4.39838392e+01,-3.90683170e+00,-4.00770075e+01,1.00017010e-09
32,8.15958654e-01,2.58561695e-08,89,28,1,85,normal_corr_dominates,6.67990657e+00,1.00000000e+00,2.50000222e+07,2.21904390e+01,-3.90683170e+00,2.60972707e+01,1.00015387e-09
32,8.15958654e-01,2.58561695e-08,89,28,2,86,normal_corr_dominates,8.95563773e+00,1.00000000e+00,2.49999611e+07,-3.88950010e+01,-3.90683170e+00,-3.49881693e+01,1.00017873e-09
32,8.15958654e-01,2.58561695e-08,89,30,0,90,normal_corr_dominates,1.61908908e+01,1.00000000e+00,2.49999847e+07,-1.53086770e+01,1.00775374e+00,-1.63164308e+01,1.00018593e-09
32,8.15958654e-01,2.58561695e-08,89,30,1,91,normal_corr_dominates,1.49514228e+01,1.00000000e+00,2.50000161e+07,1.60751060e+01,1.00775374e+00,1.50673523e+01,1.00014511e-09
32,8.15958654e-01,2.58561695e-08,89,30,2,92,normal_corr_dominates,3.04720244e+01,1.00000000e+00,2.49999703e+07,-2.97005429e+01,1.00775374e+00,-3.07082967e+01,1.00015286e-09
32,8.15958654e-01,2.58561695e-08,89,9,0,27,normal_corr_dominates,2.56154391e+00,1.00000000e+00,2.50000125e+07,1.25426749e+01,-8.03222684e+00,2.05749017e+01,1.00014605e-09
32,8.15958654e-01,2.58561695e-08,89,9,1,28,normal_corr_dominates,2.65707934e+00,1.00000000e+00,2.49999706e+07,-2.93744908e+01,-8.03222684e+00,-2.13422640e+01,1.00018652e-09
32,8.15958654e-01,2.58561695e-08,89,9,2,29,normal_corr_dominates,4.27100925e+00,1.00000000e+00,2.50000263e+07,2.62734883e+01,-8.03222684e+00,3.43057151e+01,1.00016355e-09
32,8.15958654e-01,2.58561695e-08,89,8,0,24,normal_corr_dominates,1.47243668e+00,1.00000000e+00,2.49999823e+07,-1.76830589e+01,-7.15207757e+00,-1.05309813e+01,1.00020377e-09
32,8.15958654e-01,2.58561695e-08,89,8,2,26,normal_corr_dominates,2.17532212e+00,1.00000000e+00,2.50000084e+07,8.40599498e+00,-7.15207757e+00,1.55580725e+01,1.00011880e-09
32,8.15958654e-01,2.58561695e-08,89,8,2,26,corr_ratio_high,5.88583961e-01,5.00000000e-01,2.50000084e+07,8.40599498e+00,-7.15207757e+00,1.55580725e+01,1.00011880e-09
33,8.37925768e-01,2.65522653e-08,89,0,0,0,normal_corr_dominates,4.21041029e+00,1.00000000e+00,2.49999096e+07,-9.03667172e+01,-1.73434935e+01,-7.30232236e+01,1.00027222e-09
33,8.37925768e-01,2.65522653e-08,89,0,1,1,normal_corr_dominates,2.32094988e+00,1.00000000e+00,2.50000229e+07,2.29098857e+01,-1.73434935e+01,4.02533792e+01,1.00012033e-09
33,8.37925768e-01,2.65522653e-08,89,0,1,1,corr_ratio_high,5.25262523e-01,5.00000000e-01,2.50000229e+07,2.29098857e+01,-1.73434935e+01,4.02533792e+01,1.00012033e-09
33,8.37925768e-01,2.65522653e-08,89,0,2,2,normal_corr_dominates,3.49706213e+00,1.00000000e+00,2.50000433e+07,4.33077809e+01,-1.73434935e+01,6.06512745e+01,1.00012692e-09
33,8.37925768e-01,2.65522653e-08,89,1,0,3,normal_corr_dominates,2.82904888e+00,1.00000000e+00,2.49999629e+07,-3.70695380e+01,-9.68113472e+00,-2.73884033e+01,1.00021670e-09
33,8.37925768e-01,2.65522653e-08,89,1,1,4,normal_corr_dominates,1.90340711e+00,1.00000000e+00,2.50000087e+07,8.74600599e+00,-9.68113472e+00,1.84271407e+01,1.00011313e-09
33,8.37925768e-01,2.65522653e-08,89,1,1,4,corr_ratio_high,6.39746407e-01,5.00000000e-01,2.50000087e+07,8.74600599e+00,-9.68113472e+00,1.84271407e+01,1.00011313e-09
33,8.37925768e-01,2.65522653e-08,89,1,2,5,normal_corr_dominates,4.44589563e+00,1.00000000e+00,2.50000334e+07,3.33601798e+01,-9.68113472e+00,4.30413145e+01,1.00017867e-09
33,8.37925768e-01,2.65522653e-08,89,2,0,6,normal_corr_dominates,2.77255401e+00,1.00000000e+00,2.49999825e+07,-1.74952010e+01,-4.63749517e+00,-1.28577058e+01,1.00014998e-09
33,8.37925768e-01,2.65522653e-08,89,2,1,7,normal_corr_dominates,5.19853734e+00,1.00000000e+00,2.50000195e+07,1.94706966e+01,-4.63749517e+00,2.41081918e+01,1.00010066e-09
33,8.37925768e-01,2.65522653e-08,89,3,0,9,normal_corr_dominates,7.44731692e+00,1.00000000e+00,2.50000248e+07,2.48279967e+01,-3.85090373e+00,2.86789005e+01,1.00018441e-09
33,8.37925768e-01,2.65522653e-08,89,3,2,11,normal_corr_dominates,3.21958305e+00,1.00000000e+00,2.50000085e+07,8.54740065e+00,-3.85090373e+00,1.23983044e+01,1.00018874e-09
33,8.37925768e-01,2.65522653e-08,89,4,0,12,normal_corr_dominates,2.63929799e+00,1.00000000e+00,2.50000121e+07,1.21285916e+01,-7.39864971e+00,1.95272413e+01,1.00005490e-09
33,8.37925768e-01,2.65522653e-08,89,4,0,12,corr_ratio_high,1.49995535e+00,5.00000000e-01,2.50000121e+07,1.21285916e+01,-7.39864971e+00,1.95272413e+01,1.00005490e-09
33,8.37925768e-01,2.65522653e-08,89,4,2,14,normal_corr_dominates,2.15941196e+00,1.00000000e+00,2.49999766e+07,-2.33753823e+01,-7.39864971e+00,-1.59767326e+01,1.00029555e-09
33,8.37925768e-01,2.65522653e-08,89,4,2,14,corr_ratio_high,5.78211509e-01,5.00000000e-01,2.49999766e+07,-2.33753823e+01,-7.39864971e+00,-1.59767326e+01,1.00029555e-09
33,8.37925768e-01,2.65522653e-08,89,5,0,15,normal_corr_dominates,6.09775390e+00,1.00000000e+00,2.49999763e+07,-2.36965660e+01,-3.33860068e+00,-2.03579654e+01,1.00010392e-09
33,8.37925768e-01,2.65522653e-08,89,5,0,15,corr_ratio_high,8.44206907e-01,5.00000000e-01,2.49999763e+07,-2.36965660e+01,-3.33860068e+00,-2.03579654e+01,1.00010392e-09
33,8.37925768e-01,2.65522653e-08,89,5,1,16,normal_corr_dominates,6.00408825e+00,1.00000000e+00,2.49999766e+07,-2.33838538e+01,-3.33860068e+00,-2.00452531e+01,1.00018488e-09
33,8.37925768e-01,2.65522653e-08,89,5,2,17,normal_corr_dominates,9.08453945e+00,1.00000000e+00,2.50000270e+07,2.69910489e+01,-3.33860068e+00,3.03296496e+01,1.00011173e-09
33,8.37925768e-01,2.65522653e-08,89,6,0,18,normal_corr_dominates,1.14795608e+01,1.00000000e+00,2.49999966e+07,-3.37447557e+00,3.22005438e-01,-3.69648101e+00,1.00013251e-09
33,8.37925768e-01,2.65522653e-08,89,6,1,19,normal_corr_dominates,1.18972064e+01,1.00000000e+00,2.50000042e+07,4.15297060e+00,3.22005438e-01,3.83096516e+00,1.00012440e-09
33,8.37925768e-01,2.65522653e-08,89,6,2,20,normal_corr_dominates,2.14583445e+00,1.00000000e+00,2.50000010e+07,1.01297580e+00,3.22005438e-01,6.90970361e-01,1.00018726e-09
33,8.37925768e-01,2.65522653e-08,89,12,1,37,corr_ratio_high,1.45962691e+00,5.00000000e-01,2.49999985e+07,-1.50726503e+00,-7.42174431e+00,5.91447928e+00,1.00006573e-09
33,8.37925768e-01,2.65522653e-08,89,12,2,38,normal_corr_dominates,4.17301669e+00,1.00000000e+00,2.50000235e+07,2.35493186e+01,-7.42174431e+00,3.09710629e+01,1.00019887e-09
33,8.37925768e-01,2.65522653e-08,89,13,0,39,normal_corr_dominates,1.43249787e+01,1.00000000e+00,2.49999791e+07,-2.09404414e+01,-1.36642548e+00,-1.95740159e+01,1.00008555e-09
33,8.37925768e-01,2.65522653e-08,89,13,0,39,corr_ratio_high,1.25059891e+00,5.00000000e-01,2.49999791e+07,-2.09404414e+01,-1.36642548e+00,-1.95740159e+01,1.00008555e-09
33,8.37925768e-01,2.65522653e-08,89,13,1,40,normal_corr_dominates,2.80848791e+01,1.00000000e+00,2.49999603e+07,-3.97423200e+01,-1.36642548e+00,-3.83758945e+01,1.00006675e-09
33,8.37925768e-01,2.65522653e-08,89,13,1,40,corr_ratio_high,2.13980027e+00,5.00000000e-01,2.49999603e+07,-3.97423200e+01,-1.36642548e+00,-3.83758945e+01,1.00006675e-09
33,8.37925768e-01,2.65522653e-08,89,13,2,41,normal_corr_dominates,2.76861808e+01,1.00000000e+00,2.50000365e+07,3.64646776e+01,-1.36642548e+00,3.78311030e+01,1.00029617e-09
33,8.37925768e-01,2.65522653e-08,89,13,2,41,corr_ratio_high,5.79021209e-01,5.00000000e-01,2.50000365e+07,3.64646776e+01,-1.36642548e+00,3.78311030e+01,1.00029617e-09
33,8.37925768e-01,2.65522653e-08,89,14,0,42,normal_corr_dominates,4.66055472e+00,1.00000000e+00,2.50000515e+07,5.14831181e+01,-1.40642941e+01,6.55474122e+01,1.00021824e-09
33,8.37925768e-01,2.65522653e-08,89,14,1,43,normal_corr_dominates,4.57582358e+00,1.00000000e+00,2.49999216e+07,-7.84200226e+01,-1.40642941e+01,-6.43557285e+01,1.00015884e-09
33,8.37925768e-01,2.65522653e-08,89,14,1,43,corr_ratio_high,7.88775695e-01,5.00000000e-01,2.49999216e+07,-7.84200226e+01,-1.40642941e+01,-6.43557285e+01,1.00015884e-09
33,8.37925768e-01,2.65522653e-08,89,14,2,44,normal_corr_dominates,3.52291817e+00,1.00000000e+00,2.49999364e+07,-6.36116512e+01,-1.40642941e+01,-4.95473571e+01,1.00015868e-09
33,8.37925768e-01,2.65522653e-08,89,15,0,45,normal_corr_dominates,4.29908967e+00,1.00000000e+00,2.49999655e+07,-3.44797375e+01,-6.50672845e+00,-2.79730091e+01,1.00010706e-09
33,8.37925768e-01,2.65522653e-08,89,15,0,45,corr_ratio_high,8.61706340e-01,5.00000000e-01,2.49999655e+07,-3.44797375e+01,-6.50672845e+00,-2.79730091e+01,1.00010706e-09
33,8.37925768e-01,2.65522653e-08,89,15,1,46,normal_corr_dominates,4.46331330e+00,1.00000000e+00,2.50000225e+07,2.25348392e+01,-6.50672845e+00,2.90415676e+01,1.00012381e-09
33,8.37925768e-01,2.65522653e-08,89,15,2,47,normal_corr_dominates,2.43002128e+00,1.00000000e+00,2.50000093e+07,9.30476018e+00,-6.50672845e+00,1.58114886e+01,1.00018359e-09
33,8.37925768e-01,2.65522653e-08,89,16,0,48,normal_corr_dominates,2.24521487e+00,1.00000000e+00,2.50000111e+07,1.10519823e+01,-8.87556243e+00,1.99275447e+01,1.00014503e-09
33,8.37925768e-01,2.65522653e-08,89,16,1,49,normal_corr_dominates,4.82947887e+00,1.00000000e+00,2.49999483e+07,-5.17399036e+01,-8.87556243e+00,-4.28643412e+01,1.00007016e-09
33,8.37925768e-01,2.65522653e-08,89,16,1,49,corr_ratio_high,1.78711324e+00,5.00000000e-01,2.49999483e+07,-5.17399036e+01,-8.87556243e+00,-4.28643412e+01,1.00007016e-09
33,8.37925768e-01,2.65522653e-08,89,16,2,50,normal_corr_dominates,2.11439848e+00,1.00000000e+00,2.50000099e+07,9.89091324e+00,-8.87556243e+00,1.87664757e+01,1.00027412e-09
33,8.37925768e-01,2.65522653e-08,89,16,2,50,corr_ratio_high,5.58827240e-01,5.00000000e-01,2.50000099e+07,9.89091324e+00,-8.87556243e+00,1.87664757e+01,1.00027412e-09
33,8.37925768e-01,2.65522653e-08,89,17,1,52,normal_corr_dominates,1.65915392e+00,1.00000000e+00,2.49999817e+07,-1.82992397e+01,-6.88160230e+00,-1.14176374e+01,1.00008076e-09
33,8.37925768e-01,2.65522653e-08,89,17,1,52,corr_ratio_high,1.49828581e+00,5.00000000e-01,2.49999817e+07,-1.82992397e+01,-6.88160230e+00,-1.14176374e+01,1.00008076e-09
33,8.37925768e-01,2.65522653e-08,89,18,0,54,normal_corr_dominates,5.63833264e+00,1.00000000e+00,2.50000155e+07,1.54729270e+01,-3.33588128e+00,1.88088083e+01,1.00008913e-09
33,8.37925768e-01,2.65522653e-08,89,18,0,54,corr_ratio_high,6.17328410e-01,5.00000000e-01,2.50000155e+07,1.54729270e+01,-3.33588128e+00,1.88088083e+01,1.00008913e-09
33,8.37925768e-01,2.65522653e-08,89,18,1,55,normal_corr_dominates,7.14739175e+00,1.00000000e+00,2.49999728e+07,-2.71787316e+01,-3.33588128e+00,-2.38428504e+01,1.00011387e-09
33,8.37925768e-01,2.65522653e-08,89,19,0,57,normal_corr_dominates,3.46671168e+01,1.00000000e+00,2.49999867e+07,-1.32943032e+01,-3.72732770e-01,-1.29215705e+01,1.00027129e-09
33,8.37925768e-01,2.65522653e-08,89,19,0,57,corr_ratio_high,5.00619604e-01,5.00000000e-01,2.49999867e+07,-1.32943032e+01,-3.72732770e-01,-1.29215705e+01,1.00027129e-09
33,8.37925768e-01,2.65522653e-08,89,19,1,58,normal_corr_dominates,6.72349798e+01,1.00000000e+00,2.49999746e+07,-2.54334131e+01,-3.72732770e-01,-2.50606803e+01,1.00007451e-09
33,8.37925768e-01,2.65522653e-08,89,19,1,58,corr_ratio_high,1.57539489e+00,5.00000000e-01,2.49999746e+07,-2.54334131e+01,-3.72732770e-01,-2.50606803e+01,1.00007451e-09
33,8.37925768e-01,2.65522653e-08,89,19,2,59,normal_corr_dominates,9.90151461e+00,1.00000000e+00,2.50000033e+07,3.31788620e+00,-3.72732770e-01,3.69061897e+00,1.00010975e-09
33,8.37925768e-01,2.65522653e-08,89,20,0,60,corr_ratio_high,3.23641292e+00,5.00000000e-01,2.49999938e+07,-6.17223474e+00,-3.17493185e+00,-2.99730288e+00,1.00002287e-09
33,8.37925768e-01,2.65522653e-08,89,20,1,61,normal_corr_dominates,7.36516360e+00,1.00000000e+00,2.50000202e+07,2.02089607e+01,-3.17493185e+00,2.33838925e+01,1.00023440e-09
33,8.37925768e-01,2.65522653e-08,89,20,2,62,normal_corr_dominates,2.53092267e+00,1.00000000e+00,2.50000049e+07,4.86057514e+00,-3.17493185e+00,8.03550699e+00,1.00021734e-09
33,8.37925768e-01,2.65522653e-08,89,22,0,66,normal_corr_dominates,2.66301833e+00,1.00000000e+00,2.50000090e+07,9.02471597e+00,-5.42670865e+00,1.44514246e+01,1.00019524e-09
33,8.37925768e-01,2.65522653e-08,89,22,2,68,normal_corr_dominates,8.04548281e+00,1.00000000e+00,2.49999509e+07,-4.90871998e+01,-5.42670865e+00,-4.36604911e+01,1.00015522e-09
33,8.37925768e-01,2.65522653e-08,89,23,0,69,normal_corr_dominates,1.24760463e+00,1.00000000e+00,2.49999741e+07,-2.59026874e+01,-1.15245747e+01,-1.43781127e+01,1.00018906e-09
33,8.37925768e-01,2.65522653e-08,89,23,1,70,normal_corr_dominates,2.06105369e+00,1.00000000e+00,2.50000122e+07,1.22281925e+01,-1.15245747e+01,2.37527672e+01,1.00011150e-09
33,8.37925768e-01,2.65522653e-08,89,24,0,72,normal_corr_dominates,1.79025109e+01,1.00000000e+00,2.50000235e+07,2.35025336e+01,-1.39047587e+00,2.48930095e+01,1.00013955e-09
33,8.37925768e-01,2.65522653e-08,89,24,1,73,normal_corr_dominates,1.28806784e+01,1.00000000e+00,2.50000165e+07,1.65197966e+01,-1.39047587e+00,1.79102725e+01,1.00017263e-09
33,8.37925768e-01,2.65522653e-08,89,24,2,74,normal_corr_dominates,2.42637800e+01,1.00000000e+00,2.49999649e+07,-3.51286765e+01,-1.39047587e+00,-3.37382006e+01,1.00016483e-09
33,8.37925768e-01,2.65522653e-08,89,27,1,82,normal_corr_dominates,2.30283755e+00,1.00000000e+00,2.50000182e+07,1.81765540e+01,-1.39515123e+01,3.21280663e+01,1.00017592e-09
33,8.37925768e-01,2.65522653e-08,89,28,0,84,normal_corr_dominates,1.02622725e+01,1.00000000e+00,2.49999549e+07,-4.50847615e+01,-4.00316734e+00,-4.10815941e+01,1.00017436e-09
33,8.37925768e-01,2.65522653e-08,89,28,1,85,normal_corr_dominates,6.68284130e+00,1.00000000e+00,2.50000227e+07,2.27493647e+01,-4.00316734e+00,2.67525320e+01,1.00015772e-09
33,8.37925768e-01,2.65522653e-08,89,28,2,86,normal_corr_dominates,8.96135907e+00,1.00000000e+00,2.49999601e+07,-3.98769873e+01,-4.00316734e+00,-3.58738200e+01,1.00018323e-09
33,8.37925768e-01,2.65522653e-08,89,30,0,90,normal_corr_dominates,1.61839772e+01,1.00000000e+00,2.49999843e+07,-1.56924712e+01,1.03348885e+00,-1.67259600e+01,1.00019060e-09
33,8.37925768e-01,2.65522653e-08,89,30,1,91,normal_corr_dominates,1.49470490e+01,1.00000000e+00,2.50000165e+07,1.64810973e+01,1.03348885e+00,1.54476084e+01,1.00014874e-09
33,8.37925768e-01,2.65522653e-08,89,30,2,92,normal_corr_dominates,3.04623681e+01,1.00000000e+00,2.49999696e+07,-3.04490289e+01,1.03348885e+00,-3.14825178e+01,1.00015669e-09
33,8.37925768e-01,2.65522653e-08,89,9,0,27,normal_corr_dominates,2.56073187e+00,1.00000000e+00,2.50000129e+07,1.28508561e+01,-8.23386536e+00,2.10847214e+01,1.00014972e-09
33,8.37925768e-01,2.65522653e-08,89,9,1,28,normal_corr_dominates,2.65652842e+00,1.00000000e+00,2.49999699e+07,-3.01073627e+01,-8.23386536e+00,-2.18734973e+01,1.00019119e-09
33,8.37925768e-01,2.65522653e-08,89,9,2,29,normal_corr_dominates,4.27096646e+00,1.00000000e+00,2.50000269e+07,2.69326975e+01,-8.23386536e+00,3.51665628e+01,1.00016766e-09
33,8.37925768e-01,2.65522653e-08,89,8,0,24,normal_corr_dominates,1.47246193e+00,1.00000000e+00,2.49999819e+07,-1.81260535e+01,-7.33117598e+00,-1.07948776e+01,1.00020889e-09
33,8.37925768e-01,2.65522653e-08,89,8,2,26,normal_corr_dominates,2.17561802e+00,1.00000000e+00,2.50000086e+07,8.61866258e+00,-7.33117598e+00,1.59498386e+01,1.00012178e-09
33,8.37925768e-01,2.65522653e-08,89,8,2,26,corr_ratio_high,5.88554312e-01,5.00000000e-01,2.50000086e+07,8.61866258e+00,-7.33117598e+00,1.59498386e+01,1.00012178e-09
34,8.60895810e-01,2.72801420e-08,89,0,0,0,normal_corr_dominates,4.21013195e+00,1.00000000e+00,2.49999073e+07,-9.26724302e+01,-1.77869641e+01,-7.48854661e+01,1.00027916e-09
34,8.60895810e-01,2.72801420e-08,89,0,1,1,normal_corr_dominates,2.32117822e+00,1.00000000e+00,2.50000235e+07,2.34997497e+01,-1.77869641e+01,4.12867138e+01,1.00012338e-09
34,8.60895810e-01,2.72801420e-08,89,0,1,1,corr_ratio_high,5.25374108e-01,5.00000000e-01,2.50000235e+07,2.34997497e+01,-1.77869641e+01,4.12867138e+01,1.00012338e-09
34,8.60895810e-01,2.72801420e-08,89,0,2,2,normal_corr_dominates,3.49680382e+00,1.00000000e+00,2.50000444e+07,4.44105600e+01,-1.77869641e+01,6.21975241e+01,1.00013017e-09
34,8.60895810e-01,2.72801420e-08,89,1,0,3,normal_corr_dominates,2.82896350e+00,1.00000000e+00,2.49999620e+07,-3.80144098e+01,-9.92812019e+00,-2.80862896e+01,1.00022223e-09
34,8.60895810e-01,2.72801420e-08,89,1,1,4,normal_corr_dominates,1.90357889e+00,1.00000000e+00,2.50000090e+07,8.97083983e+00,-9.92812019e+00,1.88989600e+01,1.00011601e-09
34,8.60895810e-01,2.72801420e-08,89,1,1,4,corr_ratio_high,6.39779564e-01,5.00000000e-01,2.50000090e+07,8.97083983e+00,-9.92812019e+00,1.88989600e+01,1.00011601e-09
34,8.60895810e-01,2.72801420e-08,89,1,2,5,normal_corr_dominates,4.44604228e+00,1.00000000e+00,2.50000342e+07,3.42127219e+01,-9.92812019e+00,4.41408421e+01,1.00018324e-09
34,8.60895810e-01,2.72801420e-08,89,2,0,6,normal_corr_dominates,2.77337479e+00,1.00000000e+00,2.49999821e+07,-1.79440541e+01,-4.75543913e+00,-1.31886150e+01,1.00015381e-09
34,8.60895810e-01,2.72801420e-08,89,2,1,7,normal_corr_dominates,5.19924303e+00,1.00000000e+00,2.50000200e+07,1.99692446e+01,-4.75543913e+00,2.47246838e+01,1.00010323e-09
34,8.60895810e-01,2.72801420e-08,89,3,0,9,normal_corr_dominates,7.44640591e+00,1.00000000e+00,2.50000255e+07,2.54571503e+01,-3.94904551e+00,2.94061958e+01,1.00018912e-09
34,8.60895810e-01,2.72801420e-08,89,3,2,11,normal_corr_dominates,3.21942467e+00,1.00000000e+00,2.50000088e+07,8.76460904e+00,-3.94904551e+00,1.27136546e+01,1.00019356e-09
34,8.60895810e-01,2.72801420e-08,89,4,0,12,normal_corr_dominates,2.63959428e+00,1.00000000e+00,2.50000124e+07,1.24394158e+01,-7.58688656e+00,2.00263023e+01,1.00005629e-09
34,8.60895810e-01,2.72801420e-08,89,4,0,12,corr_ratio_high,1.50001188e+00,5.00000000e-01,2.50000124e+07,1.24394158e+01,-7.58688656e+00,2.00263023e+01,1.00005629e-09
34,8.60895810e-01,2.72801420e-08,89,4,2,14,normal_corr_dominates,2.16018941e+00,1.00000000e+00,2.49999760e+07,-2.39759986e+01,-7.58688656e+00,-1.63891120e+01,1.00030309e-09
34,8.60895810e-01,2.72801420e-08,89,4,2,14,corr_ratio_high,5.78216382e-01,5.00000000e-01,2.49999760e+07,-2.39759986e+01,-7.58688656e+00,-1.63891120e+01,1.00030309e-09
34,8.60895810e-01,2.72801420e-08,89,5,0,15,normal_corr_dominates,6.09578877e+00,1.00000000e+00,2.49999757e+07,-2.42970143e+01,-3.42414566e+00,-2.08728687e+01,1.00010657e-09
34,8.60895810e-01,2.72801420e-08,89,5,0,15,corr_ratio_high,8.44219902e-01,5.00000000e-01,2.49999757e+07,-2.42970143e+01,-3.42414566e+00,-2.08728687e+01,1.00010657e-09
34,8.60895810e-01,2.72801420e-08,89,5,1,16,normal_corr_dominates,6.00561275e+00,1.00000000e+00,2.49999760e+07,-2.39882385e+01,-3.42414566e+00,-2.05640928e+01,1.00018961e-09
34,8.60895810e-01,2.72801420e-08,89,5,2,17,normal_corr_dominates,9.08389357e+00,1.00000000e+00,2.50000277e+07,2.76804291e+01,-3.42414566e+00,3.11045748e+01,1.00011458e-09
34,8.60895810e-01,2.72801420e-08,89,6,0,18,normal_corr_dominates,1.14687744e+01,1.00000000e+00,2.49999965e+07,-3.46115377e+00,3.30616903e-01,-3.79177067e+00,1.00013589e-09
34,8.60895810e-01,2.72801420e-08,89,6,1,19,normal_corr_dominates,1.18799617e+01,1.00000000e+00,2.50000043e+07,4.25833305e+00,3.30616903e-01,3.92771615e+00,1.00012758e-09
34,8.60895810e-01,2.72801420e-08,89,6,2,20,normal_corr_dominates,2.14563847e+00,1.00000000e+00,2.50000010e+07,1.04000125e+00,3.30616903e-01,7.09384347e-01,1.00019204e-09
34,8.60895810e-01,2.72801420e-08,89,12,1,37,corr_ratio_high,1.45956858e+00,5.00000000e-01,2.49999985e+07,-1.54558789e+00,-7.61040848e+00,6.06482059e+00,1.00006741e-09
34,8.60895810e-01,2.72801420e-08,89,12,2,38,normal_corr_dominates,4.17328284e+00,1.00000000e+00,2.50000241e+07,2.41499786e+01,-7.61040848e+00,3.17603871e+01,1.00020395e-09
34,8.60895810e-01,2.72801420e-08,89,13,0,39,normal_corr_dominates,1.43123641e+01,1.00000000e+00,2.49999785e+07,-2.14774132e+01,-1.40261903e+00,-2.00747941e+01,1.00008775e-09
34,8.60895810e-01,2.72801420e-08,89,13,0,39,corr_ratio_high,1.25036445e+00,5.00000000e-01,2.49999785e+07,-2.14774132e+01,-1.40261903e+00,-2.00747941e+01,1.00008775e-09
34,8.60895810e-01,2.72801420e-08,89,13,1,40,normal_corr_dominates,2.80574362e+01,1.00000000e+00,2.49999592e+07,-4.07565129e+01,-1.40261903e+00,-3.93538939e+01,1.00006846e-09
34,8.60895810e-01,2.72801420e-08,89,13,1,40,corr_ratio_high,2.13973164e+00,5.00000000e-01,2.49999592e+07,-4.07565129e+01,-1.40261903e+00,-3.93538939e+01,1.00006846e-09
34,8.60895810e-01,2.72801420e-08,89,13,2,41,normal_corr_dominates,2.76586688e+01,1.00000000e+00,2.50000374e+07,3.73919560e+01,-1.40261903e+00,3.87945750e+01,1.00030374e-09
34,8.60895810e-01,2.72801420e-08,89,13,2,41,corr_ratio_high,5.79019873e-01,5.00000000e-01,2.50000374e+07,3.73919560e+01,-1.40261903e+00,3.87945750e+01,1.00030374e-09
34,8.60895810e-01,2.72801420e-08,89,14,0,42,normal_corr_dominates,4.66129180e+00,1.00000000e+00,2.50000528e+07,5.28066710e+01,-1.44229616e+01,6.72296326e+01,1.00022379e-09
34,8.60895810e-01,2.72801420e-08,89,14,1,43,normal_corr_dominates,4.57600461e+00,1.00000000e+00,2.49999196e+07,-8.04225004e+01,-1.44229616e+01,-6.59995387e+01,1.00016289e-09
34,8.60895810e-01,2.72801420e-08,89,14,1,43,corr_ratio_high,7.88793626e-01,5.00000000e-01,2.49999196e+07,-8.04225004e+01,-1.44229616e+01,-6.59995387e+01,1.00016289e-09
34,8.60895810e-01,2.72801420e-08,89,14,2,44,normal_corr_dominates,3.52369981e+00,1.00000000e+00,2.49999348e+07,-6.52451487e+01,-1.44229616e+01,-5.08221871e+01,1.00016276e-09
34,8.60895810e-01,2.72801420e-08,89,15,0,45,normal_corr_dominates,4.29958623e+00,1.00000000e+00,2.49999646e+07,-3.53576229e+01,-6.67177046e+00,-2.86858524e+01,1.00010980e-09
34,8.60895810e-01,2.72801420e-08,89,15,0,45,corr_ratio_high,8.61603618e-01,5.00000000e-01,2.49999646e+07,-3.53576229e+01,-6.67177046e+00,-2.86858524e+01,1.00010980e-09
34,8.60895810e-01,2.72801420e-08,89,15,1,46,normal_corr_dominates,4.46395091e+00,1.00000000e+00,2.50000231e+07,2.31106854e+01,-6.67177046e+00,2.97824558e+01,1.00012697e-09
34,8.60895810e-01,2.72801420e-08,89,15,2,47,normal_corr_dominates,2.43070365e+00,1.00000000e+00,2.50000095e+07,9.54532635e+00,-6.67177046e+00,1.62170968e+01,1.00018827e-09
34,8.60895810e-01,2.72801420e-08,89,16,0,48,normal_corr_dominates,2.24582157e+00,1.00000000e+00,2.50000113e+07,1.13401049e+01,-9.10251128e+00,2.04426162e+01,1.00014871e-09
34,8.60895810e-01,2.72801420e-08,89,16,1,49,normal_corr_dominates,4.82902010e+00,1.00000000e+00,2.49999469e+07,-5.30587212e+01,-9.10251128e+00,-4.39562099e+01,1.00007196e-09
34,8.60895810e-01,2.72801420e-08,89,16,1,49,corr_ratio_high,1.78699744e+00,5.00000000e-01,2.49999469e+07,-5.30587212e+01,-9.10251128e+00,-4.39562099e+01,1.00007196e-09
34,8.60895810e-01,2.72801420e-08,89,16,2,50,normal_corr_dominates,2.11353197e+00,1.00000000e+00,2.50000101e+07,1.01359373e+01,-9.10251128e+00,1.92384486e+01,1.00028114e-09
34,8.60895810e-01,2.72801420e-08,89,16,2,50,corr_ratio_high,5.58839891e-01,5.00000000e-01,2.50000101e+07,1.01359373e+01,-9.10251128e+00,1.92384486e+01,1.00028114e-09
34,8.60895810e-01,2.72801420e-08,89,17,1,52,normal_corr_dominates,1.65890802e+00,1.00000000e+00,2.49999812e+07,-1.87652401e+01,-7.05749879e+00,-1.17077413e+01,1.00008283e-09
34,8.60895810e-01,2.72801420e-08,89,17,1,52,corr_ratio_high,1.49800344e+00,5.00000000e-01,2.49999812e+07,-1.87652401e+01,-7.05749879e+00,-1.17077413e+01,1.00008283e-09
34,8.60895810e-01,2.72801420e-08,89,18,0,54,normal_corr_dominates,5.63809244e+00,1.00000000e+00,2.50000159e+07,1.58667115e+01,-3.42095628e+00,1.92876677e+01,1.00009141e-09
34,8.60895810e-01,2.72801420e-08,89,18,0,54,corr_ratio_high,6.17295753e-01,5.00000000e-01,2.50000159e+07,1.58667115e+01,-3.42095628e+00,1.92876677e+01,1.00009141e-09
34,8.60895810e-01,2.72801420e-08,89,18,1,55,normal_corr_dominates,7.14755164e+00,1.00000000e+00,2.49999721e+07,-2.78724179e+01,-3.42095628e+00,-2.44514617e+01,1.00011679e-09
34,8.60895810e-01,2.72801420e-08,89,19,0,57,normal_corr_dominates,3.46886557e+01,1.00000000e+00,2.49999864e+07,-1.36344631e+01,-3.82039132e-01,-1.32524239e+01,1.00027821e-09
34,8.60895810e-01,2.72801420e-08,89,19,0,57,corr_ratio_high,5.00611847e-01,5.00000000e-01,2.49999864e+07,-1.36344631e+01,-3.82039132e-01,-1.32524239e+01,1.00027821e-09
34,8.60895810e-01,2.72801420e-08,89,19,1,58,normal_corr_dominates,6.72689567e+01,1.00000000e+00,2.49999739e+07,-2.60814130e+01,-3.82039132e-01,-2.56993739e+01,1.00007643e-09
34,8.60895810e-01,2.72801420e-08,89,19,1,58,corr_ratio_high,1.57508821e+00,5.00000000e-01,2.49999739e+07,-2.60814130e+01,-3.82039132e-01,-2.56993739e+01,1.00007643e-09
34,8.60895810e-01,2.72801420e-08,89,19,2,59,normal_corr_dominates,9.90992501e+00,1.00000000e+00,2.50000034e+07,3.40394002e+00,-3.82039132e-01,3.78597915e+00,1.00011255e-09
34,8.60895810e-01,2.72801420e-08,89,20,0,60,corr_ratio_high,3.23588656e+00,5.00000000e-01,2.49999937e+07,-6.33149869e+00,-3.25673663e+00,-3.07476206e+00,1.00002346e-09
34,8.60895810e-01,2.72801420e-08,89,20,1,61,normal_corr_dominates,7.36321013e+00,1.00000000e+00,2.50000207e+07,2.07232995e+01,-3.25673663e+00,2.39800362e+01,1.00024038e-09
34,8.60895810e-01,2.72801420e-08,89,20,2,62,normal_corr_dominates,2.53044735e+00,1.00000000e+00,2.50000050e+07,4.98426394e+00,-3.25673663e+00,8.24100057e+00,1.00022289e-09
34,8.60895810e-01,2.72801420e-08,89,22,0,66,normal_corr_dominates,2.66265846e+00,1.00000000e+00,2.50000093e+07,9.25415171e+00,-5.56587653e+00,1.48200282e+01,1.00020023e-09
34,8.60895810e-01,2.72801420e-08,89,22,2,68,normal_corr_dominates,8.04512713e+00,1.00000000e+00,2.49999497e+07,-5.03440608e+01,-5.56587653e+00,-4.47781843e+01,1.00015919e-09
34,8.60895810e-01,2.72801420e-08,89,23,0,69,normal_corr_dominates,1.24773512e+00,1.00000000e+00,2.49999734e+07,-2.65635668e+01,-1.18179258e+01,-1.47456410e+01,1.00019388e-09
34,8.60895810e-01,2.72801420e-08,89,23,1,70,normal_corr_dominates,2.06105768e+00,1.00000000e+00,2.50000125e+07,1.25395009e+01,-1.18179258e+01,2.43574267e+01,1.00011435e-09
34,8.60895810e-01,2.72801420e-08,89,24,0,72,normal_corr_dominates,1.79146773e+01,1.00000000e+00,2.50000241e+07,2.41039749e+01,-1.42503310e+00,2.55290080e+01,1.00014310e-09
34,8.60895810e-01,2.72801420e-08,89,24,1,73,normal_corr_dominates,1.28909146e+01,1.00000000e+00,2.50000169e+07,1.69449468e+01,-1.42503310e+00,1.83699799e+01,1.00017703e-09
34,8.60895810e-01,2.72801420e-08,89,24,2,74,normal_corr_dominates,2.42834675e+01,1.00000000e+00,2.49999640e+07,-3.60297781e+01,-1.42503310e+00,-3.46047450e+01,1.00016905e-09
34,8.60895810e-01,2.72801420e-08,89,27,1,82,normal_corr_dominates,2.30269674e+00,1.00000000e+00,2.50000186e+07,1.86394571e+01,-1.43083624e+01,3.29478195e+01,1.00018042e-09
34,8.60895810e-01,2.72801420e-08,89,28,0,84,normal_corr_dominates,1.02664058e+01,1.00000000e+00,2.49999538e+07,-4.62330807e+01,-4.10362290e+00,-4.21294578e+01,1.00017881e-09
34,8.60895810e-01,2.72801420e-08,89,28,1,85,normal_corr_dominates,6.68581106e+00,1.00000000e+00,2.50000233e+07,2.33324245e+01,-4.10362290e+00,2.74360474e+01,1.00016175e-09
34,8.60895810e-01,2.72801420e-08,89,28,2,86,normal_corr_dominates,8.96716870e+00,1.00000000e+00,2.49999591e+07,-4.09015017e+01,-4.10362290e+00,-3.67978788e+01,1.00018792e-09
34,8.60895810e-01,2.72801420e-08,89,30,0,90,normal_corr_dominates,1.61771401e+01,1.00000000e+00,2.49999839e+07,-1.60928124e+01,1.06033234e+00,-1.71531447e+01,1.00019547e-09
34,8.60895810e-01,2.72801420e-08,89,30,1,91,normal_corr_dominates,1.49427850e+01,1.00000000e+00,2.50000169e+07,1.69046504e+01,1.06033234e+00,1.58443181e+01,1.00015254e-09
34,8.60895810e-01,2.72801420e-08,89,30,2,92,normal_corr_dominates,3.04529286e+01,1.00000000e+00,2.49999688e+07,-3.12298925e+01,1.06033234e+00,-3.22902249e+01,1.00016070e-09
34,8.60895810e-01,2.72801420e-08,89,9,0,27,normal_corr_dominates,2.55989618e+00,1.00000000e+00,2.50000132e+07,1.31721001e+01,-8.44421586e+00,2.16163160e+01,1.00015356e-09
34,8.60895810e-01,2.72801420e-08,89,9,1,28,normal_corr_dominates,2.65595975e+00,1.00000000e+00,2.49999691e+07,-3.08717133e+01,-8.44421586e+00,-2.24274974e+01,1.00019605e-09
34,8.60895810e-01,2.72801420e-08,89,9,2,29,normal_corr_dominates,4.27091617e+00,1.00000000e+00,2.50000276e+07,2.76203222e+01,-8.44421586e+00,3.60645381e+01,1.00017194e-09
34,8.60895810e-01,2.72801420e-08,89,8,0,24,normal_corr_dominates,1.47248579e+00,1.00000000e+00,2.49999814e+07,-1.85881537e+01,-7.51800224e+00,-1.10701515e+01,1.00021422e-09
34,8.60895810e-01,2.72801420e-08,89,8,2,26,normal_corr_dominates,2.17591817e+00,1.00000000e+00,2.50000088e+07,8.84055547e+00,-7.51800224e+00,1.63585577e+01,1.00012489e-09
34,8.60895810e-01,2.72801420e-08,89,8,2,26,corr_ratio_high,5.88523243e-01,5.00000000e-01,2.50000088e+07,8.84055547e+00,-7.51800224e+00,1.63585577e+01,1.00012489e-09
35,8.86183726e-01,2.80814677e-08,89,0,0,0,normal_corr_dominates,4.20982999e+00,1.00000000e+00,2.49999048e+07,-9.52042971e+01,-1.82739739e+01,-7.69303232e+01,1.00028679e-09
35,8.86183726e-01,2.80814677e-08,89,0,1,1,normal_corr_dominates,2.32142317e+00,1.00000000e+00,2.50000241e+07,2.41476525e+01,-1.82739739e+01,4.24216264e+01,1.00012674e-09
35,8.86183726e-01,2.80814677e-08,89,0,1,1,corr_ratio_high,5.25495357e-01,5.00000000e-01,2.50000241e+07,2.41476525e+01,-1.82739739e+01,4.24216264e+01,1.00012674e-09
35,8.86183726e-01,2.80814677e-08,89,0,2,2,normal_corr_dominates,3.49652433e+00,1.00000000e+00,2.50000456e+07,4.56214203e+01,-1.82739739e+01,6.38953942e+01,1.00013375e-09
35,8.86183726e-01,2.80814677e-08,89,1,0,3,normal_corr_dominates,2.82886771e+00,1.00000000e+00,2.49999609e+07,-3.90519627e+01,-1.01993502e+01,-2.88526125e+01,1.00022829e-09
35,8.86183726e-01,2.80814677e-08,89,1,1,4,normal_corr_dominates,1.90376155e+00,1.00000000e+00,2.50000092e+07,9.21778057e+00,-1.01993502e+01,1.94171308e+01,1.00011918e-09
35,8.86183726e-01,2.80814677e-08,89,1,1,4,corr_ratio_high,6.39814620e-01,5.00000000e-01,2.50000092e+07,9.21778057e+00,-1.01993502e+01,1.94171308e+01,1.00011918e-09
35,8.86183726e-01,2.80814677e-08,89,1,2,5,normal_corr_dominates,4.44619401e+00,1.00000000e+00,2.50000351e+07,3.51489397e+01,-1.01993502e+01,4.53482899e+01,1.00018827e-09
35,8.86183726e-01,2.80814677e-08,89,2,0,6,normal_corr_dominates,2.77425201e+00,1.00000000e+00,2.49999816e+07,-1.84370508e+01,-4.88495489e+00,-1.35520959e+01,1.00015802e-09
35,8.86183726e-01,2.80814677e-08,89,2,1,7,normal_corr_dominates,5.19998351e+00,1.00000000e+00,2.50000205e+07,2.05167300e+01,-4.88495489e+00,2.54016849e+01,1.00010604e-09
35,8.86183726e-01,2.80814677e-08,89,3,0,9,normal_corr_dominates,7.44540412e+00,1.00000000e+00,2.50000261e+07,2.61478434e+01,-4.05681985e+00,3.02046632e+01,1.00019429e-09
35,8.86183726e-01,2.80814677e-08,89,3,2,11,normal_corr_dominates,3.21924375e+00,1.00000000e+00,2.50000090e+07,9.00307208e+00,-4.05681985e+00,1.30598919e+01,1.00019885e-09
35,8.86183726e-01,2.80814677e-08,89,4,0,12,normal_corr_dominates,2.63990624e+00,1.00000000e+00,2.50000128e+07,1.27807297e+01,-7.79357342e+00,2.05743031e+01,1.00005782e-09
35,8.86183726e-01,2.80814677e-08,89,4,0,12,corr_ratio_high,1.50007099e+00,5.00000000e-01,2.50000128e+07,1.27807297e+01,-7.79357342e+00,2.05743031e+01,1.00005782e-09
35,8.86183726e-01,2.80814677e-08,89,4,2,14,normal_corr_dominates,2.16102652e+00,1.00000000e+00,2.49999754e+07,-2.46356923e+01,-7.79357342e+00,-1.68421188e+01,1.00031137e-09
35,8.86183726e-01,2.80814677e-08,89,4,2,14,corr_ratio_high,5.78221440e-01,5.00000000e-01,2.49999754e+07,-2.46356923e+01,-7.79357342e+00,-1.68421188e+01,1.00031137e-09
35,8.86183726e-01,2.80814677e-08,89,5,0,15,normal_corr_dominates,6.09364414e+00,1.00000000e+00,2.49999750e+07,-2.49562150e+01,-3.51810924e+00,-2.14381058e+01,1.00010948e-09
35,8.86183726e-01,2.80814677e-08,89,5,0,15,corr_ratio_high,8.44232799e-01,5.00000000e-01,2.49999750e+07,-2.49562150e+01,-3.51810924e+00,-2.14381058e+01,1.00010948e-09
35,8.86183726e-01,2.80814677e-08,89,5,1,16,normal_corr_dominates,6.00723153e+00,1.00000000e+00,2.49999753e+07,-2.46522060e+01,-3.51810924e+00,-2.11340967e+01,1.00019481e-09
35,8.86183726e-01,2.80814677e-08,89,5,2,17,normal_corr_dominates,9.08316509e+00,1.00000000e+00,2.50000284e+07,2.84374578e+01,-3.51810924e+00,3.19555670e+01,1.00011772e-09
35,8.86183726e-01,2.80814677e-08,89,6,0,18,normal_corr_dominates,1.14576895e+01,1.00000000e+00,2.49999964e+07,-3.55637322e+00,3.40072558e-01,-3.89644578e+00,1.00013961e-09
35,8.86183726e-01,2.80814677e-08,89,6,1,19,normal_corr_dominates,1.18618788e+01,1.00000000e+00,2.50000044e+07,4.37397201e+00,3.40072558e-01,4.03389946e+00,1.00013108e-09
35,8.86183726e-01,2.80814677e-08,89,6,2,20,normal_corr_dominates,2.14563602e+00,1.00000000e+00,2.50000011e+07,1.06974449e+00,3.40072558e-01,7.29671930e-01,1.00019730e-09
35,8.86183726e-01,2.80814677e-08,89,12,1,37,corr_ratio_high,1.45950365e+00,5.00000000e-01,2.49999984e+07,-1.58771977e+00,-7.81756830e+00,6.22984853e+00,1.00006925e-09
35,8.86183726e-01,2.80814677e-08,89,12,2,38,normal_corr_dominates,4.17356463e+00,1.00000000e+00,2.50000248e+07,2.48095583e+01,-7.81756830e+00,3.26271266e+01,1.00020954e-09
35,8.86183726e-01,2.80814677e-08,89,13,0,39,normal_corr_dominates,1.42988749e+01,1.00000000e+00,2.49999779e+07,-2.20671863e+01,-1.44240583e+00,-2.06247805e+01,1.00009016e-09
35,8.86183726e-01,2.80814677e-08,89,13,0,39,corr_ratio_high,1.25010951e+00,5.00000000e-01,2.49999779e+07,-2.20671863e+01,-1.44240583e+00,-2.06247805e+01,1.00009016e-09
35,8.86183726e-01,2.80814677e-08,89,13,1,40,normal_corr_dominates,2.80280381e+01,1.00000000e+00,2.49999581e+07,-4.18702113e+01,-1.44240583e+00,-4.04278055e+01,1.00007033e-09
35,8.86183726e-01,2.80814677e-08,89,13,1,40,corr_ratio_high,2.13965473e+00,5.00000000e-01,2.49999581e+07,-4.18702113e+01,-1.44240583e+00,-4.04278055e+01,1.00007033e-09
35,8.86183726e-01,2.80814677e-08,89,13,2,41,normal_corr_dominates,2.76292038e+01,1.00000000e+00,2.50000384e+07,3.84101187e+01,-1.44240583e+00,3.98525245e+01,1.00031204e-09
35,8.86183726e-01,2.80814677e-08,89,13,2,41,corr_ratio_high,5.79018347e-01,5.00000000e-01,2.50000384e+07,3.84101187e+01,-1.44240583e+00,3.98525245e+01,1.00031204e-09
35,8.86183726e-01,2.80814677e-08,89,14,0,42,normal_corr_dominates,4.66207420e+00,1.00000000e+00,2.50000543e+07,5.42603220e+01,-1.48168276e+01,6.90771495e+01,1.00022988e-09
35,8.86183726e-01,2.80814677e-08,89,14,1,43,normal_corr_dominates,4.57619157e+00,1.00000000e+00,2.49999174e+07,-8.26214689e+01,-1.48168276e+01,-6.78046413e+01,1.00016735e-09
35,8.86183726e-01,2.80814677e-08,89,14,1,43,corr_ratio_high,7.88811296e-01,5.00000000e-01,2.49999174e+07,-8.26214689e+01,-1.48168276e+01,-6.78046413e+01,1.00016735e-09
35,8.86183726e-01,2.80814677e-08,89,14,2,44,normal_corr_dominates,3.52452971e+00,1.00000000e+00,2.49999330e+07,-6.70391764e+01,-1.48168276e+01,-5.22223489e+01,1.00016724e-09
35,8.86183726e-01,2.80814677e-08,89,15,0,45,normal_corr_dominates,4.30010071e+00,1.00000000e+00,2.49999637e+07,-3.63215570e+01,-6.85299376e+00,-2.94685633e+01,1.00011281e-09
35,8.86183726e-01,2.80814677e-08,89,15,0,45,corr_ratio_high,8.61491481e-01,5.00000000e-01,2.49999637e+07,-3.63215570e+01,-6.85299376e+00,-2.94685633e+01,1.00011281e-09
35,8.86183726e-01,2.80814677e-08,89,15,1,46,normal_corr_dominates,4.46462202e+00,1.00000000e+00,2.50000237e+07,2.37430331e+01,-6.85299376e+00,3.05960268e+01,1.00013045e-09
35,8.86183726e-01,2.80814677e-08,89,15,2,47,normal_corr_dominates,2.43142391e+00,1.00000000e+00,2.50000098e+07,9.80953914e+00,-6.85299376e+00,1.66625329e+01,1.00019341e-09
35,8.86183726e-01,2.80814677e-08,89,16,0,48,normal_corr_dominates,2.24647492e+00,1.00000000e+00,2.50000117e+07,1.16567024e+01,-9.35173443e+00,2.10084368e+01,1.00015276e-09
35,8.86183726e-01,2.80814677e-08,89,16,1,49,normal_corr_dominates,4.82853089e+00,1.00000000e+00,2.49999455e+07,-5.45068730e+01,-9.35173443e+00,-4.51551385e+01,1.00007393e-09
35,8.86183726e-01,2.80814677e-08,89,16,1,49,corr_ratio_high,1.78687131e+00,5.00000000e-01,2.49999455e+07,-5.45068730e+01,-9.35173443e+00,-4.51551385e+01,1.00007393e-09
35,8.86183726e-01,2.80814677e-08,89,16,2,50,normal_corr_dominates,2.11260212e+00,1.00000000e+00,2.50000104e+07,1.04047595e+01,-9.35173443e+00,1.97564940e+01,1.00028885e-09
35,8.86183726e-01,2.80814677e-08,89,16,2,50,corr_ratio_high,5.58853652e-01,5.00000000e-01,2.50000104e+07,1.04047595e+01,-9.35173443e+00,1.97564940e+01,1.00028885e-09
35,8.86183726e-01,2.80814677e-08,89,17,1,52,normal_corr_dominates,1.65863827e+00,1.00000000e+00,2.49999807e+07,-1.92768937e+01,-7.25066435e+00,-1.20262294e+01,1.00008511e-09
35,8.86183726e-01,2.80814677e-08,89,17,1,52,corr_ratio_high,1.49769605e+00,5.00000000e-01,2.49999807e+07,-1.92768937e+01,-7.25066435e+00,-1.20262294e+01,1.00008511e-09
35,8.86183726e-01,2.80814677e-08,89,18,0,54,normal_corr_dominates,5.63781990e+00,1.00000000e+00,2.50000163e+07,1.62990534e+01,-3.51437825e+00,1.98134316e+01,1.00009392e-09
35,8.86183726e-01,2.80814677e-08,89,18,0,54,corr_ratio_high,6.17259746e-01,5.00000000e-01,2.50000163e+07,1.62990534e+01,-3.51437825e+00,1.98134316e+01,1.00009392e-09
35,8.86183726e-01,2.80814677e-08,89,18,1,55,normal_corr_dominates,7.14771917e+00,1.00000000e+00,2.49999714e+07,-2.86341671e+01,-3.51437825e+00,-2.51197888e+01,1.00011999e-09
35,8.86183726e-01,2.80814677e-08,89,19,0,57,normal_corr_dominates,3.47117489e+01,1.00000000e+00,2.49999860e+07,-1.40080536e+01,-3.92253362e-01,-1.36158002e+01,1.00028580e-09
35,8.86183726e-01,2.80814677e-08,89,19,0,57,corr_ratio_high,5.00603064e-01,5.00000000e-01,2.49999860e+07,-1.40080536e+01,-3.92253362e-01,-1.36158002e+01,1.00028580e-09
35,8.86183726e-01,2.80814677e-08,89,19,1,58,normal_corr_dominates,6.73051888e+01,1.00000000e+00,2.49999732e+07,-2.67929400e+01,-3.92253362e-01,-2.64006866e+01,1.00007852e-09
35,8.86183726e-01,2.80814677e-08,89,19,1,58,corr_ratio_high,1.57475462e+00,5.00000000e-01,2.49999732e+07,-2.67929400e+01,-3.92253362e-01,-2.64006866e+01,1.00007852e-09
35,8.86183726e-01,2.80814677e-08,89,19,2,59,normal_corr_dominates,9.91900465e+00,1.00000000e+00,2.50000035e+07,3.49850956e+00,-3.92253362e-01,3.89076292e+00,1.00011564e-09
35,8.86183726e-01,2.80814677e-08,89,20,0,60,corr_ratio_high,3.23531515e+00,5.00000000e-01,2.49999935e+07,-6.50648175e+00,-3.34658766e+00,-3.15989409e+00,1.00002411e-09
35,8.86183726e-01,2.80814677e-08,89,20,1,61,normal_corr_dominates,7.36112677e+00,1.00000000e+00,2.50000213e+07,2.12880684e+01,-3.34658766e+00,2.46346560e+01,1.00024695e-09
35,8.86183726e-01,2.80814677e-08,89,20,2,62,normal_corr_dominates,2.52994871e+00,1.00000000e+00,2.50000051e+07,5.12010749e+00,-3.34658766e+00,8.46669515e+00,1.00022899e-09
35,8.86183726e-01,2.80814677e-08,89,22,0,66,normal_corr_dominates,2.66226440e+00,1.00000000e+00,2.50000095e+07,9.50604215e+00,-5.71873053e+00,1.52247727e+01,1.00020571e-09
35,8.86183726e-01,2.80814677e-08,89,22,2,68,normal_corr_dominates,8.04472388e+00,1.00000000e+00,2.49999483e+07,-5.17243386e+01,-5.71873053e+00,-4.60056080e+01,1.00016355e-09
35,8.86183726e-01,2.80814677e-08,89,23,0,69,normal_corr_dominates,1.24787217e+00,1.00000000e+00,2.49999727e+07,-2.72892755e+01,-1.21400478e+01,-1.51492277e+01,1.00019918e-09
35,8.86183726e-01,2.80814677e-08,89,23,1,70,normal_corr_dominates,2.06105810e+00,1.00000000e+00,2.50000129e+07,1.28812961e+01,-1.21400478e+01,2.50213439e+01,1.00011749e-09
35,8.86183726e-01,2.80814677e-08,89,24,0,72,normal_corr_dominates,1.79275056e+01,1.00000000e+00,2.50000248e+07,2.47644275e+01,-1.46296968e+00,2.62273972e+01,1.00014700e-09
35,8.86183726e-01,2.80814677e-08,89,24,1,73,normal_corr_dominates,1.29017417e+01,1.00000000e+00,2.50000174e+07,1.74118873e+01,-1.46296968e+00,1.88748570e+01,1.00018187e-09
35,8.86183726e-01,2.80814677e-08,89,24,2,74,normal_corr_dominates,2.43043022e+01,1.00000000e+00,2.49999630e+07,-3.70194270e+01,-1.46296968e+00,-3.55564573e+01,1.00017368e-09
35,8.86183726e-01,2.80814677e-08,89,27,1,82,normal_corr_dominates,2.30254462e+00,1.00000000e+00,2.50000191e+07,1.91477366e+01,-1.47002539e+01,3.38479905e+01,1.00018536e-09
35,8.86183726e-01,2.80814677e-08,89,28,0,84,normal_corr_dominates,1.02707996e+01,1.00000000e+00,2.49999525e+07,-4.74939677e+01,-4.21389514e+00,-4.32800726e+01,1.00018369e-09
35,8.86183726e-01,2.80814677e-08,89,28,1,85,normal_corr_dominates,6.68896947e+00,1.00000000e+00,2.50000240e+07,2.39727208e+01,-4.21389514e+00,2.81866159e+01,1.00016616e-09
35,8.86183726e-01,2.80814677e-08,89,28,2,86,normal_corr_dominates,8.97337003e+00,1.00000000e+00,2.49999580e+07,-4.20267355e+01,-4.21389514e+00,-3.78128403e+01,1.00019308e-09
35,8.86183726e-01,2.80814677e-08,89,30,0,90,normal_corr_dominates,1.61700469e+01,1.00000000e+00,2.49999835e+07,-1.65324259e+01,1.08980718e+00,-1.76222331e+01,1.00020081e-09
35,8.86183726e-01,2.80814677e-08,89,30,1,91,normal_corr_dominates,1.49384322e+01,1.00000000e+00,2.50000174e+07,1.73698178e+01,1.08980718e+00,1.62800106e+01,1.00015670e-09
35,8.86183726e-01,2.80814677e-08,89,30,2,92,normal_corr_dominates,3.04432628e+01,1.00000000e+00,2.49999679e+07,-3.20874790e+01,1.08980718e+00,-3.31772862e+01,1.00016510e-09
35,8.86183726e-01,2.80814677e-08,89,9,0,27,normal_corr_dominates,2.55899156e+00,1.00000000e+00,2.50000135e+07,1.35245991e+01,-8.67522278e+00,2.21998218e+01,1.00015776e-09
35,8.86183726e-01,2.80814677e-08,89,9,1,28,normal_corr_dominates,2.65534222e+00,1.00000000e+00,2.49999683e+07,-3.17109081e+01,-8.67522278e+00,-2.30356853e+01,1.00020140e-09
35,8.86183726e-01,2.80814677e-08,89,9,2,29,normal_corr_dominates,4.27085471e+00,1.00000000e+00,2.50000284e+07,2.83753933e+01,-8.67522278e+00,3.70506161e+01,1.00017665e-09
35,8.86183726e-01,2.80814677e-08,89,8,0,24,normal_corr_dominates,1.47250923e+00,1.00000000e+00,2.49999809e+07,-1.90955921e+01,-7.72316313e+00,-1.13724290e+01,1.00022007e-09
35,8.86183726e-01,2.80814677e-08,89,8,2,26,normal_corr_dominates,2.17623827e+00,1.00000000e+00,2.50000091e+07,9.08428002e+00,-7.72316313e+00,1.68074431e+01,1.00012831e-09
35,8.86183726e-01,2.80814677e-08,89,8,2,26,corr_ratio_high,5.88488981e-01,5.00000000e-01,2.50000091e+07,9.08428002e+00,-7.72316313e+00,1.68074431e+01,1.00012831e-09
36,9.12327811e-01,2.89099238e-08,89,0,0,0,normal_corr_dominates,4.20952254e+00,1.00000000e+00,2.49999022e+07,-9.78148869e+01,-1.87761712e+01,-7.90387157e+01,1.00029466e-09
36,9.12327811e-01,2.89099238e-08,89,0,1,1,normal_corr_dominates,2.32166969e+00,1.00000000e+00,2.50000248e+07,2.48158963e+01,-1.87761712e+01,4.35920674e+01,1.00013020e-09
36,9.12327811e-01,2.89099238e-08,89,0,1,1,corr_ratio_high,5.25618996e-01,5.00000000e-01,2.50000248e+07,2.48158963e+01,-1.87761712e+01,4.35920674e+01,1.00013020e-09
36,9.12327811e-01,2.89099238e-08,89,0,2,2,normal_corr_dominates,3.49624051e+00,1.00000000e+00,2.50000469e+07,4.68698391e+01,-1.87761712e+01,6.56460102e+01,1.00013744e-09
36,9.12327811e-01,2.89099238e-08,89,1,0,3,normal_corr_dominates,2.82876695e+00,1.00000000e+00,2.49999599e+07,-4.01217815e+01,-1.04790346e+01,-2.96427469e+01,1.00023455e-09
36,9.12327811e-01,2.89099238e-08,89,1,1,4,normal_corr_dominates,1.90394374e+00,1.00000000e+00,2.50000095e+07,9.47245777e+00,-1.04790346e+01,1.99514924e+01,1.00012244e-09
36,9.12327811e-01,2.89099238e-08,89,1,1,4,corr_ratio_high,6.39849346e-01,5.00000000e-01,2.50000095e+07,9.47245777e+00,-1.04790346e+01,1.99514924e+01,1.00012244e-09
36,9.12327811e-01,2.89099238e-08,89,1,2,5,normal_corr_dominates,4.44634088e+00,1.00000000e+00,2.50000361e+07,3.61143255e+01,-1.04790346e+01,4.65933601e+01,1.00019345e-09
36,9.12327811e-01,2.89099238e-08,89,2,0,6,normal_corr_dominates,2.77513124e+00,1.00000000e+00,2.49999811e+07,-1.89455042e+01,-5.01850214e+00,-1.39270021e+01,1.00016237e-09
36,9.12327811e-01,2.89099238e-08,89,2,1,7,normal_corr_dominates,5.20071108e+00,1.00000000e+00,2.50000211e+07,2.10812776e+01,-5.01850214e+00,2.60997797e+01,1.00010894e-09
36,9.12327811e-01,2.89099238e-08,89,3,0,9,normal_corr_dominates,7.44437040e+00,1.00000000e+00,2.50000269e+07,2.68598293e+01,-4.16795243e+00,3.10277817e+01,1.00019962e-09
36,9.12327811e-01,2.89099238e-08,89,3,2,11,normal_corr_dominates,3.21905014e+00,1.00000000e+00,2.50000092e+07,9.24889541e+00,-4.16795243e+00,1.34168478e+01,1.00020431e-09
36,9.12327811e-01,2.89099238e-08,89,4,0,12,normal_corr_dominates,2.64021393e+00,1.00000000e+00,2.50000131e+07,1.31326570e+01,-8.00667322e+00,2.11393302e+01,1.00005940e-09
36,9.12327811e-01,2.89099238e-08,89,4,0,12,corr_ratio_high,1.50012884e+00,5.00000000e-01,2.50000131e+07,1.31326570e+01,-8.00667322e+00,2.11393302e+01,1.00005940e-09
36,9.12327811e-01,2.89099238e-08,89,4,2,14,normal_corr_dominates,2.16187204e+00,1.00000000e+00,2.49999747e+07,-2.53160762e+01,-8.00667322e+00,-1.73094030e+01,1.00031992e-09
36,9.12327811e-01,2.89099238e-08,89,4,2,14,corr_ratio_high,5.78226349e-01,5.00000000e-01,2.49999747e+07,-2.53160762e+01,-8.00667322e+00,-1.73094030e+01,1.00031992e-09
36,9.12327811e-01,2.89099238e-08,89,5,0,15,normal_corr_dominates,6.09144779e+00,1.00000000e+00,2.49999744e+07,-2.56357605e+01,-3.61502492e+00,-2.20207356e+01,1.00011249e-09
36,9.12327811e-01,2.89099238e-08,89,5,0,15,corr_ratio_high,8.44244669e-01,5.00000000e-01,2.49999744e+07,-2.56357605e+01,-3.61502492e+00,-2.20207356e+01,1.00011249e-09
36,9.12327811e-01,2.89099238e-08,89,5,1,16,normal_corr_dominates,6.00884304e+00,1.00000000e+00,2.49999747e+07,-2.53371423e+01,-3.61502492e+00,-2.17221173e+01,1.00020017e-09
36,9.12327811e-01,2.89099238e-08,89,5,2,17,normal_corr_dominates,9.08239479e+00,1.00000000e+00,2.50000292e+07,2.92180586e+01,-3.61502492e+00,3.28330835e+01,1.00012095e-09
36,9.12327811e-01,2.89099238e-08,89,6,0,18,normal_corr_dominates,1.14470452e+01,1.00000000e+00,2.49999963e+07,-3.65459650e+00,3.49821068e-01,-4.00441757e+00,1.00014345e-09
36,9.12327811e-01,2.89099238e-08,89,6,1,19,normal_corr_dominates,1.18441185e+01,1.00000000e+00,2.50000045e+07,4.49314323e+00,3.49821068e-01,4.14332216e+00,1.00013468e-09
36,9.12327811e-01,2.89099238e-08,89,6,2,20,normal_corr_dominates,2.14585197e+00,1.00000000e+00,2.50000011e+07,1.10048530e+00,3.49821068e-01,7.50664228e-01,1.00020272e-09
36,9.12327811e-01,2.89099238e-08,89,12,1,37,corr_ratio_high,1.45943583e+00,5.00000000e-01,2.49999984e+07,-1.63121756e+00,-8.03115985e+00,6.39994228e+00,1.00007115e-09
36,9.12327811e-01,2.89099238e-08,89,12,2,38,normal_corr_dominates,4.17384435e+00,1.00000000e+00,2.50000255e+07,2.54896513e+01,-8.03115985e+00,3.35208111e+01,1.00021530e-09
36,9.12327811e-01,2.89099238e-08,89,13,0,39,normal_corr_dominates,1.42853458e+01,1.00000000e+00,2.49999773e+07,-2.26754411e+01,-1.48347583e+00,-2.11919652e+01,1.00009265e-09
36,9.12327811e-01,2.89099238e-08,89,13,0,39,corr_ratio_high,1.24984934e+00,5.00000000e-01,2.49999773e+07,-2.26754411e+01,-1.48347583e+00,-2.11919652e+01,1.00009265e-09
36,9.12327811e-01,2.89099238e-08,89,13,1,40,normal_corr_dominates,2.79984974e+01,1.00000000e+00,2.49999570e+07,-4.30185701e+01,-1.48347583e+00,-4.15350943e+01,1.00007226e-09
36,9.12327811e-01,2.89099238e-08,89,13,1,40,corr_ratio_high,2.13957385e+00,5.00000000e-01,2.49999570e+07,-4.30185701e+01,-1.48347583e+00,-4.15350943e+01,1.00007226e-09
36,9.12327811e-01,2.89099238e-08,89,13,2,41,normal_corr_dominates,2.75996035e+01,1.00000000e+00,2.50000395e+07,3.94598690e+01,-1.48347583e+00,4.09433448e+01,1.00032061e-09
36,9.12327811e-01,2.89099238e-08,89,13,2,41,corr_ratio_high,5.79016710e-01,5.00000000e-01,2.50000395e+07,3.94598690e+01,-1.48347583e+00,4.09433448e+01,1.00032061e-09
36,9.12327811e-01,2.89099238e-08,89,14,0,42,normal_corr_dominates,4.66285297e+00,1.00000000e+00,2.50000558e+07,5.57594663e+01,-1.52229606e+01,7.09824269e+01,1.00023616e-09
36,9.12327811e-01,2.89099238e-08,89,14,1,43,normal_corr_dominates,4.57637227e+00,1.00000000e+00,2.49999151e+07,-8.48888950e+01,-1.52229606e+01,-6.96659345e+01,1.00017194e-09
36,9.12327811e-01,2.89099238e-08,89,14,1,43,corr_ratio_high,7.88827416e-01,5.00000000e-01,2.49999151e+07,-8.48888950e+01,-1.52229606e+01,-6.96659345e+01,1.00017194e-09
36,9.12327811e-01,2.89099238e-08,89,14,2,44,normal_corr_dominates,3.52535587e+00,1.00000000e+00,2.49999311e+07,-6.88893138e+01,-1.52229606e+01,-5.36663533e+01,1.00017185e-09
36,9.12327811e-01,2.89099238e-08,89,15,0,45,normal_corr_dominates,4.30059927e+00,1.00000000e+00,2.49999627e+07,-3.73154013e+01,-7.03984577e+00,-3.02755556e+01,1.00011592e-09
36,9.12327811e-01,2.89099238e-08,89,15,0,45,corr_ratio_high,8.61376592e-01,5.00000000e-01,2.49999627e+07,-3.73154013e+01,-7.03984577e+00,-3.02755556e+01,1.00011592e-09
36,9.12327811e-01,2.89099238e-08,89,15,1,46,normal_corr_dominates,4.46528380e+00,1.00000000e+00,2.50000244e+07,2.43950635e+01,-7.03984577e+00,3.14349093e+01,1.00013403e-09
36,9.12327811e-01,2.89099238e-08,89,15,2,47,normal_corr_dominates,2.43213635e+00,1.00000000e+00,2.50000101e+07,1.00820190e+01,-7.03984577e+00,1.71218648e+01,1.00019870e-09
36,9.12327811e-01,2.89099238e-08,89,16,0,48,normal_corr_dominates,2.24713502e+00,1.00000000e+00,2.50000120e+07,1.19833735e+01,-9.60872182e+00,2.15920953e+01,1.00015694e-09
36,9.12327811e-01,2.89099238e-08,89,16,1,49,normal_corr_dominates,4.82804165e+00,1.00000000e+00,2.49999440e+07,-5.60000310e+01,-9.60872182e+00,-4.63913092e+01,1.00007596e-09
36,9.12327811e-01,2.89099238e-08,89,16,1,49,corr_ratio_high,1.78674241e+00,5.00000000e-01,2.49999440e+07,-5.60000310e+01,-9.60872182e+00,-4.63913092e+01,1.00007596e-09
36,9.12327811e-01,2.89099238e-08,89,16,2,50,normal_corr_dominates,2.11166605e+00,1.00000000e+00,2.50000107e+07,1.06816898e+01,-9.60872182e+00,2.02904117e+01,1.00029680e-09
36,9.12327811e-01,2.89099238e-08,89,16,2,50,corr_ratio_high,5.58867699e-01,5.00000000e-01,2.50000107e+07,1.06816898e+01,-9.60872182e+00,2.02904117e+01,1.00029680e-09
36,9.12327811e-01,2.89099238e-08,89,17,1,52,normal_corr_dominates,1.65836058e+00,1.00000000e+00,2.49999802e+07,-1.98043976e+01,-7.44985377e+00,-1.23545438e+01,1.00008745e-09
36,9.12327811e-01,2.89099238e-08,89,17,1,52,corr_ratio_high,1.49738201e+00,5.00000000e-01,2.49999802e+07,-1.98043976e+01,-7.44985377e+00,-1.23545438e+01,1.00008745e-09
36,9.12327811e-01,2.89099238e-08,89,18,0,54,normal_corr_dominates,5.63753013e+00,1.00000000e+00,2.50000167e+07,1.67447660e+01,-3.61070777e+00,2.03554738e+01,1.00009650e-09
36,9.12327811e-01,2.89099238e-08,89,18,0,54,corr_ratio_high,6.17222476e-01,5.00000000e-01,2.50000167e+07,1.67447660e+01,-3.61070777e+00,2.03554738e+01,1.00009650e-09
36,9.12327811e-01,2.89099238e-08,89,18,1,55,normal_corr_dominates,7.14788364e+00,1.00000000e+00,2.49999706e+07,-2.94196267e+01,-3.61070777e+00,-2.58089190e+01,1.00012329e-09
36,9.12327811e-01,2.89099238e-08,89,19,0,57,normal_corr_dominates,3.47349753e+01,1.00000000e+00,2.49999856e+07,-1.43933320e+01,-4.02779962e-01,-1.39905520e+01,1.00029364e-09
36,9.12327811e-01,2.89099238e-08,89,19,0,57,corr_ratio_high,5.00593734e-01,5.00000000e-01,2.49999856e+07,-1.43933320e+01,-4.02779962e-01,-1.39905520e+01,1.00029364e-09
36,9.12327811e-01,2.89099238e-08,89,19,1,58,normal_corr_dominates,6.73414260e+01,1.00000000e+00,2.49999725e+07,-2.75265570e+01,-4.02779962e-01,-2.71237770e+01,1.00008069e-09
36,9.12327811e-01,2.89099238e-08,89,19,1,58,corr_ratio_high,1.57441408e+00,5.00000000e-01,2.49999725e+07,-2.75265570e+01,-4.02779962e-01,-2.71237770e+01,1.00008069e-09
36,9.12327811e-01,2.89099238e-08,89,19,2,59,normal_corr_dominates,9.92820226e+00,1.00000000e+00,2.50000036e+07,3.59610097e+00,-4.02779962e-01,3.99888093e+00,1.00011882e-09
36,9.12327811e-01,2.89099238e-08,89,20,0,60,corr_ratio_high,3.23473304e+00,5.00000000e-01,2.49999933e+07,-6.68701182e+00,-3.43925633e+00,-3.24775550e+00,1.00002479e-09
36,9.12327811e-01,2.89099238e-08,89,20,1,61,normal_corr_dominates,7.35904295e+00,1.00000000e+00,2.50000219e+07,2.18703787e+01,-3.43925633e+00,2.53096350e+01,1.00025373e-09
36,9.12327811e-01,2.89099238e-08,89,20,2,62,normal_corr_dominates,2.52945882e+00,1.00000000e+00,2.50000053e+07,5.26020094e+00,-3.43925633e+00,8.69945726e+00,1.00023527e-09
36,9.12327811e-01,2.89099238e-08,89,22,0,66,normal_corr_dominates,2.66185957e+00,1.00000000e+00,2.50000098e+07,9.76571115e+00,-5.87637569e+00,1.56420868e+01,1.00021136e-09
36,9.12327811e-01,2.89099238e-08,89,22,2,68,normal_corr_dominates,8.04429583e+00,1.00000000e+00,2.49999469e+07,-5.31476801e+01,-5.87637569e+00,-4.72713044e+01,1.00016804e-09
36,9.12327811e-01,2.89099238e-08,89,23,0,69,normal_corr_dominates,1.24800699e+00,1.00000000e+00,2.49999720e+07,-2.80375565e+01,-1.24721838e+01,-1.55653726e+01,1.00020465e-09
36,9.12327811e-01,2.89099238e-08,89,23,1,70,normal_corr_dominates,2.06105451e+00,1.00000000e+00,2.50000132e+07,1.32336670e+01,-1.24721838e+01,2.57058508e+01,1.00012072e-09
36,9.12327811e-01,2.89099238e-08,89,24,0,72,normal_corr_dominates,1.79401802e+01,1.00000000e+00,2.50000254e+07,2.54454347e+01,-1.50207580e+00,2.69475105e+01,1.00015102e-09
36,9.12327811e-01,2.89099238e-08,89,24,1,73,normal_corr_dominates,1.29124752e+01,1.00000000e+00,2.50000179e+07,1.78934407e+01,-1.50207580e+00,1.93955165e+01,1.00018686e-09
36,9.12327811e-01,2.89099238e-08,89,24,2,74,normal_corr_dominates,2.43249677e+01,1.00000000e+00,2.49999620e+07,-3.80400212e+01,-1.50207580e+00,-3.65379454e+01,1.00017845e-09
36,9.12327811e-01,2.89099238e-08,89,27,1,82,normal_corr_dominates,2.30239040e+00,1.00000000e+00,2.50000197e+07,1.96717911e+01,-1.51043735e+01,3.47761646e+01,1.00019045e-09
36,9.12327811e-01,2.89099238e-08,89,28,0,84,normal_corr_dominates,1.02751790e+01,1.00000000e+00,2.49999512e+07,-4.87939908e+01,-4.32755799e+00,-4.44664328e+01,1.00018873e-09
36,9.12327811e-01,2.89099238e-08,89,28,1,85,normal_corr_dominates,6.69211895e+00,1.00000000e+00,2.50000246e+07,2.46329749e+01,-4.32755799e+00,2.89605328e+01,1.00017072e-09
36,9.12327811e-01,2.89099238e-08,89,28,2,86,normal_corr_dominates,8.97957777e+00,1.00000000e+00,2.49999568e+07,-4.31872015e+01,-4.32755799e+00,-3.88596435e+01,1.00019839e-09
36,9.12327811e-01,2.89099238e-08,89,30,0,90,normal_corr_dominates,1.61631595e+01,1.00000000e+00,2.49999830e+07,-1.69857139e+01,1.12019621e+00,-1.81059101e+01,1.00020632e-09
36,9.12327811e-01,2.89099238e-08,89,30,1,91,normal_corr_dominates,1.49342819e+01,1.00000000e+00,2.50000178e+07,1.78495223e+01,1.12019621e+00,1.67293261e+01,1.00016100e-09
36,9.12327811e-01,2.89099238e-08,89,30,2,92,normal_corr_dominates,3.04340142e+01,1.00000000e+00,2.49999670e+07,-3.29718713e+01,1.12019621e+00,-3.40920675e+01,1.00016963e-09
36,9.12327811e-01,2.89099238e-08,89,9,0,27,normal_corr_dominates,2.55807272e+00,1.00000000e+00,2.50000139e+07,1.38877860e+01,-8.91343888e+00,2.28012249e+01,1.00016210e-09
36,9.12327811e-01,2.89099238e-08,89,9,1,28,normal_corr_dominates,2.65471294e+00,1.00000000e+00,2.49999674e+07,-3.25760604e+01,-8.91343888e+00,-2.36626216e+01,1.00020691e-09
36,9.12327811e-01,2.89099238e-08,89,9,2,29,normal_corr_dominates,4.27078500e+00,1.00000000e+00,2.50000292e+07,2.91539422e+01,-8.91343888e+00,3.80673811e+01,1.00018150e-09
36,9.12327811e-01,2.89099238e-08,89,8,0,24,normal_corr_dominates,1.47253059e+00,1.00000000e+00,2.49999804e+07,-1.96188236e+01,-7.93471421e+00,-1.16841094e+01,1.00022611e-09
36,9.12327811e-01,2.89099238e-08,89,8,2,26,normal_corr_dominates,2.17655844e+00,1.00000000e+00,2.50000093e+07,9.33565494e+00,-7.93471421e+00,1.72703691e+01,1.00013183e-09
36,9.12327811e-01,2.89099238e-08,89,8,2,26,corr_ratio_high,5.88453516e-01,5.00000000e-01,2.50000093e+07,9.33565494e+00,-7.93471421e+00,1.72703691e+01,1.00013183e-09
37,9.36573006e-01,2.96782077e-08,89,0,0,0,normal_corr_dominates,4.20924160e+00,1.00000000e+00,2.49998998e+07,-1.00229663e+02,-1.92407400e+01,-8.09889232e+01,1.00030194e-09
37,9.36573006e-01,2.96782077e-08,89,0,1,1,normal_corr_dominates,2.32189251e+00,1.00000000e+00,2.50000254e+07,2.54341900e+01,-1.92407400e+01,4.46749300e+01,1.00013340e-09
37,9.36573006e-01,2.96782077e-08,89,0,1,1,corr_ratio_high,5.25732134e-01,5.00000000e-01,2.50000254e+07,2.54341900e+01,-1.92407400e+01,4.46749300e+01,1.00013340e-09
37,9.36573006e-01,2.96782077e-08,89,0,2,2,normal_corr_dominates,3.49598179e+00,1.00000000e+00,2.50000480e+07,4.80245366e+01,-1.92407400e+01,6.72652766e+01,1.00014086e-09
37,9.36573006e-01,2.96782077e-08,89,1,0,3,normal_corr_dominates,2.82867218e+00,1.00000000e+00,2.49999589e+07,-4.11113616e+01,-1.07377596e+01,-3.03736019e+01,1.00024034e-09
37,9.36573006e-01,2.96782077e-08,89,1,1,4,normal_corr_dominates,1.90410705e+00,1.00000000e+00,2.50000097e+07,9.70808416e+00,-1.07377596e+01,2.04458438e+01,1.00012546e-09
37,9.36573006e-01,2.96782077e-08,89,1,1,4,corr_ratio_high,6.39880238e-01,5.00000000e-01,2.50000097e+07,9.70808416e+00,-1.07377596e+01,2.04458438e+01,1.00012546e-09
37,9.36573006e-01,2.96782077e-08,89,1,2,5,normal_corr_dominates,4.44646862e+00,1.00000000e+00,2.50000370e+07,3.70073516e+01,-1.07377596e+01,4.77451113e+01,1.00019824e-09
37,9.36573006e-01,2.96782077e-08,89,2,0,6,normal_corr_dominates,2.77592261e+00,1.00000000e+00,2.49999806e+07,-1.94159340e+01,-5.14203706e+00,-1.42738969e+01,1.00016639e-09
37,9.36573006e-01,2.96782077e-08,89,2,1,7,normal_corr_dominates,5.20135319e+00,1.00000000e+00,2.50000216e+07,2.16035138e+01,-5.14203706e+00,2.67455509e+01,1.00011163e-09
37,9.36573006e-01,2.96782077e-08,89,3,0,9,normal_corr_dominates,7.44341421e+00,1.00000000e+00,2.50000275e+07,2.75182493e+01,-4.27075591e+00,3.17890052e+01,1.00020455e-09
37,9.36573006e-01,2.96782077e-08,89,3,2,11,normal_corr_dominates,3.21886523e+00,1.00000000e+00,2.50000095e+07,9.47623179e+00,-4.27075591e+00,1.37469877e+01,1.00020935e-09
37,9.36573006e-01,2.96782077e-08,89,4,0,12,normal_corr_dominates,2.64048655e+00,1.00000000e+00,2.50000135e+07,1.34581864e+01,-8.20377733e+00,2.16619637e+01,1.00006086e-09
37,9.36573006e-01,2.96782077e-08,89,4,0,12,corr_ratio_high,1.50017969e+00,5.00000000e-01,2.50000135e+07,1.34581864e+01,-8.20377733e+00,2.16619637e+01,1.00006086e-09
37,9.36573006e-01,2.96782077e-08,89,4,2,14,normal_corr_dominates,2.16263872e+00,1.00000000e+00,2.49999741e+07,-2.59455839e+01,-8.20377733e+00,-1.77418065e+01,1.00032782e-09
37,9.36573006e-01,2.96782077e-08,89,4,2,14,corr_ratio_high,5.78230625e-01,5.00000000e-01,2.49999741e+07,-2.59455839e+01,-8.20377733e+00,-1.77418065e+01,1.00032782e-09
37,9.36573006e-01,2.96782077e-08,89,5,0,15,normal_corr_dominates,6.08943009e+00,1.00000000e+00,2.49999737e+07,-2.62642016e+01,-3.70469859e+00,-2.25595031e+01,1.00011526e-09
37,9.36573006e-01,2.96782077e-08,89,5,0,15,corr_ratio_high,8.44254424e-01,5.00000000e-01,2.49999737e+07,-2.62642016e+01,-3.70469859e+00,-2.25595031e+01,1.00011526e-09
37,9.36573006e-01,2.96782077e-08,89,5,1,16,normal_corr_dominates,6.01028417e+00,1.00000000e+00,2.49999740e+07,-2.59709899e+01,-3.70469859e+00,-2.22662913e+01,1.00020513e-09
37,9.36573006e-01,2.96782077e-08,89,5,2,17,normal_corr_dominates,9.08166670e+00,1.00000000e+00,2.50000299e+07,2.99401392e+01,-3.70469859e+00,3.36448378e+01,1.00012393e-09
37,9.36573006e-01,2.96782077e-08,89,6,0,18,normal_corr_dominates,1.14378680e+01,1.00000000e+00,2.49999963e+07,-3.74549120e+00,3.58836803e-01,-4.10432801e+00,1.00014699e-09
37,9.36573006e-01,2.96782077e-08,89,6,1,19,normal_corr_dominates,1.18284465e+01,1.00000000e+00,2.50000046e+07,4.60331873e+00,3.58836803e-01,4.24448193e+00,1.00013802e-09
37,9.36573006e-01,2.96782077e-08,89,6,2,20,normal_corr_dominates,2.14623657e+00,1.00000000e+00,2.50000011e+07,1.12898547e+00,3.58836803e-01,7.70148669e-01,1.00020773e-09
37,9.36573006e-01,2.96782077e-08,89,12,1,37,corr_ratio_high,1.45937238e+00,5.00000000e-01,2.49999983e+07,-1.67150393e+00,-8.22872247e+00,6.55721854e+00,1.00007291e-09
37,9.36573006e-01,2.96782077e-08,89,12,2,38,normal_corr_dominates,4.17409383e+00,1.00000000e+00,2.50000261e+07,2.61187372e+01,-8.22872247e+00,3.43474597e+01,1.00022063e-09
37,9.36573006e-01,2.96782077e-08,89,13,0,39,normal_corr_dominates,1.42731592e+01,1.00000000e+00,2.49999768e+07,-2.32382007e+01,-1.52150582e+00,-2.17166949e+01,1.00009495e-09
37,9.36573006e-01,2.96782077e-08,89,13,0,39,corr_ratio_high,1.24961108e+00,5.00000000e-01,2.49999768e+07,-2.32382007e+01,-1.52150582e+00,-2.17166949e+01,1.00009495e-09
37,9.36573006e-01,2.96782077e-08,89,13,1,40,normal_corr_dominates,2.79718398e+01,1.00000000e+00,2.49999559e+07,-4.40808230e+01,-1.52150582e+00,-4.25593172e+01,1.00007404e-09
37,9.36573006e-01,2.96782077e-08,89,13,1,40,corr_ratio_high,2.13949772e+00,5.00000000e-01,2.49999559e+07,-4.40808230e+01,-1.52150582e+00,-4.25593172e+01,1.00007404e-09
37,9.36573006e-01,2.96782077e-08,89,13,2,41,normal_corr_dominates,2.75728987e+01,1.00000000e+00,2.50000404e+07,4.04308202e+01,-1.52150582e+00,4.19523260e+01,1.00032853e-09
37,9.36573006e-01,2.96782077e-08,89,13,2,41,corr_ratio_high,5.79015141e-01,5.00000000e-01,2.50000404e+07,4.04308202e+01,-1.52150582e+00,4.19523260e+01,1.00032853e-09
37,9.36573006e-01,2.96782077e-08,89,14,0,42,normal_corr_dominates,4.66354941e+00,1.00000000e+00,2.50000571e+07,5.71464218e+01,-1.55986491e+01,7.27450709e+01,1.00024197e-09
37,9.36573006e-01,2.96782077e-08,89,14,1,43,normal_corr_dominates,4.57652924e+00,1.00000000e+00,2.49999130e+07,-8.69863229e+01,-1.55986491e+01,-7.13876738e+01,1.00017618e-09
37,9.36573006e-01,2.96782077e-08,89,14,1,43,corr_ratio_high,7.88840525e-01,5.00000000e-01,2.49999130e+07,-8.69863229e+01,-1.55986491e+01,-7.13876738e+01,1.00017618e-09
37,9.36573006e-01,2.96782077e-08,89,14,2,44,normal_corr_dominates,3.52609474e+00,1.00000000e+00,2.49999294e+07,-7.06009637e+01,-1.55986491e+01,-5.50023146e+01,1.00017613e-09
37,9.36573006e-01,2.96782077e-08,89,15,0,45,normal_corr_dominates,4.30103319e+00,1.00000000e+00,2.49999618e+07,-3.82346462e+01,-7.21267815e+00,-3.10219681e+01,1.00011879e-09
37,9.36573006e-01,2.96782077e-08,89,15,0,45,corr_ratio_high,8.61270992e-01,5.00000000e-01,2.49999618e+07,-3.82346462e+01,-7.21267815e+00,-3.10219681e+01,1.00011879e-09
37,9.36573006e-01,2.96782077e-08,89,15,1,46,normal_corr_dominates,4.46587007e+00,1.00000000e+00,2.50000250e+07,2.49982053e+01,-7.21267815e+00,3.22108835e+01,1.00013734e-09
37,9.36573006e-01,2.96782077e-08,89,15,2,47,normal_corr_dominates,2.43276942e+00,1.00000000e+00,2.50000103e+07,1.03341047e+01,-7.21267815e+00,1.75467828e+01,1.00020360e-09
37,9.36573006e-01,2.96782077e-08,89,16,0,48,normal_corr_dominates,2.24773385e+00,1.00000000e+00,2.50000123e+07,1.22857448e+01,-9.84644659e+00,2.21321913e+01,1.00016080e-09
37,9.36573006e-01,2.96782077e-08,89,16,1,49,normal_corr_dominates,4.82760221e+00,1.00000000e+00,2.49999426e+07,-5.73811739e+01,-9.84644659e+00,-4.75347273e+01,1.00007784e-09
37,9.36573006e-01,2.96782077e-08,89,16,1,49,corr_ratio_high,1.78662420e+00,5.00000000e-01,2.49999426e+07,-5.73811739e+01,-9.84644659e+00,-4.75347273e+01,1.00007784e-09
37,9.36573006e-01,2.96782077e-08,89,16,2,50,normal_corr_dominates,2.11081984e+00,1.00000000e+00,2.50000109e+07,1.09376283e+01,-9.84644659e+00,2.07840749e+01,1.00030415e-09
37,9.36573006e-01,2.96782077e-08,89,16,2,50,corr_ratio_high,5.58880563e-01,5.00000000e-01,2.50000109e+07,1.09376283e+01,-9.84644659e+00,2.07840749e+01,1.00030415e-09
37,9.36573006e-01,2.96782077e-08,89,17,1,52,normal_corr_dominates,1.65810426e+00,1.00000000e+00,2.49999797e+07,-2.02922825e+01,-7.63411835e+00,-1.26581642e+01,1.00008963e-09
37,9.36573006e-01,2.96782077e-08,89,17,1,52,corr_ratio_high,1.49709413e+00,5.00000000e-01,2.49999797e+07,-2.02922825e+01,-7.63411835e+00,-1.26581642e+01,1.00008963e-09
37,9.36573006e-01,2.96782077e-08,89,18,0,54,normal_corr_dominates,5.63725498e+00,1.00000000e+00,2.50000172e+07,1.71569827e+01,-3.69981440e+00,2.08567971e+01,1.00009889e-09
37,9.36573006e-01,2.96782077e-08,89,18,0,54,corr_ratio_high,6.17187886e-01,5.00000000e-01,2.50000172e+07,1.71569827e+01,-3.69981440e+00,2.08567971e+01,1.00009889e-09
37,9.36573006e-01,2.96782077e-08,89,18,1,55,normal_corr_dominates,7.14802882e+00,1.00000000e+00,2.49999699e+07,-3.01461943e+01,-3.69981440e+00,-2.64463799e+01,1.00012634e-09
37,9.36573006e-01,2.96782077e-08,89,19,0,57,normal_corr_dominates,3.47559565e+01,1.00000000e+00,2.49999853e+07,-1.47497757e+01,-4.12512407e-01,-1.43372633e+01,1.00030089e-09
37,9.36573006e-01,2.96782077e-08,89,19,0,57,corr_ratio_high,5.00584875e-01,5.00000000e-01,2.49999853e+07,-1.47497757e+01,-4.12512407e-01,-1.43372633e+01,1.00030089e-09
37,9.36573006e-01,2.96782077e-08,89,19,1,58,normal_corr_dominates,6.73739873e+01,1.00000000e+00,2.49999718e+07,-2.82051181e+01,-4.12512407e-01,-2.77926057e+01,1.00008269e-09
37,9.36573006e-01,2.96782077e-08,89,19,1,58,corr_ratio_high,1.57410214e+00,5.00000000e-01,2.49999718e+07,-2.82051181e+01,-4.12512407e-01,-2.77926057e+01,1.00008269e-09
37,9.36573006e-01,2.96782077e-08,89,19,2,59,normal_corr_dominates,9.93656758e+00,1.00000000e+00,2.50000037e+07,3.68644501e+00,-4.12512407e-01,4.09895741e+00,1.00012176e-09
37,9.36573006e-01,2.96782077e-08,89,20,0,60,corr_ratio_high,3.23420086e+00,5.00000000e-01,2.49999931e+07,-6.85409600e+00,-3.52499507e+00,-3.32910093e+00,1.00002541e-09
37,9.36573006e-01,2.96782077e-08,89,20,1,61,normal_corr_dominates,7.35717080e+00,1.00000000e+00,2.50000224e+07,2.24089957e+01,-3.52499507e+00,2.59339908e+01,1.00026000e-09
37,9.36573006e-01,2.96782077e-08,89,20,2,62,normal_corr_dominates,2.52902652e+00,1.00000000e+00,2.50000054e+07,5.38981094e+00,-3.52499507e+00,8.91480601e+00,1.00024109e-09
37,9.36573006e-01,2.96782077e-08,89,22,0,66,normal_corr_dominates,2.66148670e+00,1.00000000e+00,2.50000100e+07,1.00058554e+01,-6.02223022e+00,1.60280856e+01,1.00021658e-09
37,9.36573006e-01,2.96782077e-08,89,22,2,68,normal_corr_dominates,8.04389025e+00,1.00000000e+00,2.49999455e+07,-5.44643891e+01,-6.02223022e+00,-4.84421589e+01,1.00017220e-09
37,9.36573006e-01,2.96782077e-08,89,23,0,69,normal_corr_dominates,1.24812615e+00,1.00000000e+00,2.49999713e+07,-2.87297177e+01,-1.27794064e+01,-1.59503113e+01,1.00020970e-09
37,9.36573006e-01,2.96782077e-08,89,23,1,70,normal_corr_dominates,2.06104781e+00,1.00000000e+00,2.50000136e+07,1.35595612e+01,-1.27794064e+01,2.63389676e+01,1.00012370e-09
37,9.36573006e-01,2.96782077e-08,89,24,0,72,normal_corr_dominates,1.79514305e+01,1.00000000e+00,2.50000261e+07,2.60753774e+01,-1.53824053e+00,2.76136179e+01,1.00015474e-09
37,9.36573006e-01,2.96782077e-08,89,24,1,73,normal_corr_dominates,1.29220340e+01,1.00000000e+00,2.50000183e+07,1.83389558e+01,-1.53824053e+00,1.98771964e+01,1.00019147e-09
37,9.36573006e-01,2.96782077e-08,89,24,2,74,normal_corr_dominates,2.43433816e+01,1.00000000e+00,2.49999610e+07,-3.89842167e+01,-1.53824053e+00,-3.74459761e+01,1.00018287e-09
37,9.36573006e-01,2.96782077e-08,89,27,1,82,normal_corr_dominates,2.30225003e+00,1.00000000e+00,2.50000202e+07,2.01565120e+01,-1.54782197e+01,3.56347317e+01,1.00019516e-09
37,9.36573006e-01,2.96782077e-08,89,28,0,84,normal_corr_dominates,1.02790998e+01,1.00000000e+00,2.49999500e+07,-4.99964421e+01,-4.43266243e+00,-4.55637796e+01,1.00019339e-09
37,9.36573006e-01,2.96782077e-08,89,28,1,85,normal_corr_dominates,6.69494004e+00,1.00000000e+00,2.50000252e+07,2.52437468e+01,-4.43266243e+00,2.96764092e+01,1.00017494e-09
37,9.36573006e-01,2.96782077e-08,89,28,2,86,normal_corr_dominates,8.98515906e+00,1.00000000e+00,2.49999557e+07,-4.42608395e+01,-4.43266243e+00,-3.98281770e+01,1.00020331e-09
37,9.36573006e-01,2.96782077e-08,89,30,0,90,normal_corr_dominates,1.61571498e+01,1.00000000e+00,2.49999826e+07,-1.74050066e+01,1.14830340e+00,-1.85533100e+01,1.00021142e-09
37,9.36573006e-01,2.96782077e-08,89,30,1,91,normal_corr_dominates,1.49307280e+01,1.00000000e+00,2.50000183e+07,1.82933092e+01,1.14830340e+00,1.71450058e+01,1.00016498e-09
37,9.36573006e-01,2.96782077e-08,89,30,2,92,normal_corr_dominates,3.04260656e+01,1.00000000e+00,2.49999662e+07,-3.37900512e+01,1.14830340e+00,-3.49383546e+01,1.00017382e-09
37,9.36573006e-01,2.96782077e-08,89,9,0,27,normal_corr_dominates,2.55723510e+00,1.00000000e+00,2.50000142e+07,1.42234907e+01,-9.13381075e+00,2.33573014e+01,1.00016612e-09
37,9.36573006e-01,2.96782077e-08,89,9,1,28,normal_corr_dominates,2.65413749e+00,1.00000000e+00,2.49999666e+07,-3.33762003e+01,-9.13381075e+00,-2.42423896e+01,1.00021201e-09
37,9.36573006e-01,2.96782077e-08,89,9,2,29,normal_corr_dominates,4.27071522e+00,1.00000000e+00,2.50000299e+07,2.98740938e+01,-9.13381075e+00,3.90079046e+01,1.00018599e-09
37,9.36573006e-01,2.96782077e-08,89,8,0,24,normal_corr_dominates,1.47254797e+00,1.00000000e+00,2.49999799e+07,-2.01028229e+01,-8.13040761e+00,-1.19724152e+01,1.00023169e-09
37,9.36573006e-01,2.96782077e-08,89,8,2,26,normal_corr_dominates,2.17684613e+00,1.00000000e+00,2.50000096e+07,9.56823876e+00,-8.13040761e+00,1.76986464e+01,1.00013509e-09
37,9.36573006e-01,2.96782077e-08,89,8,2,26,corr_ratio_high,5.88420604e-01,5.00000000e-01,2.50000096e+07,9.56823876e+00,-8.13040761e+00,1.76986464e+01,1.00013509e-09
38,9.58490893e-01,3.03727436e-08,89,0,0,0,normal_corr_dominates,4.20899099e+00,1.00000000e+00,2.49998976e+07,-1.02407625e+02,-1.96597816e+01,-8.27478438e+01,1.00030850e-09
38,9.58490893e-01,3.03727436e-08,89,0,1,1,normal_corr_dominates,2.32208938e+00,1.00000000e+00,2.50000260e+07,2.59919885e+01,-1.96597816e+01,4.56517701e+01,1.00013629e-09
38,9.58490893e-01,3.03727436e-08,89,0,1,1,corr_ratio_high,5.25833181e-01,5.00000000e-01,2.50000260e+07,2.59919885e+01,-1.96597816e+01,4.56517701e+01,1.00013629e-09
38,9.58490893e-01,3.03727436e-08,89,0,2,2,normal_corr_dominates,3.49575147e+00,1.00000000e+00,2.50000491e+07,4.90659288e+01,-1.96597816e+01,6.87257105e+01,1.00014394e-09
38,9.58490893e-01,3.03727436e-08,89,1,0,3,normal_corr_dominates,2.82858557e+00,1.00000000e+00,2.49999580e+07,-4.20038999e+01,-1.09711274e+01,-3.10327725e+01,1.00024556e-09
38,9.58490893e-01,3.03727436e-08,89,1,1,4,normal_corr_dominates,1.90425029e+00,1.00000000e+00,2.50000099e+07,9.92064505e+00,-1.09711274e+01,2.08917724e+01,1.00012819e-09
38,9.58490893e-01,3.03727436e-08,89,1,1,4,corr_ratio_high,6.39907126e-01,5.00000000e-01,2.50000099e+07,9.92064505e+00,-1.09711274e+01,2.08917724e+01,1.00012819e-09
38,9.58490893e-01,3.03727436e-08,89,1,2,5,normal_corr_dominates,4.44657754e+00,1.00000000e+00,2.50000378e+07,3.78128412e+01,-1.09711274e+01,4.87839686e+01,1.00020256e-09
38,9.58490893e-01,3.03727436e-08,89,2,0,6,normal_corr_dominates,2.77661902e+00,1.00000000e+00,2.49999802e+07,-1.98403223e+01,-5.25346141e+00,-1.45868609e+01,1.00017001e-09
38,9.58490893e-01,3.03727436e-08,89,2,1,7,normal_corr_dominates,5.20190804e+00,1.00000000e+00,2.50000221e+07,2.20745617e+01,-5.25346141e+00,2.73280231e+01,1.00011405e-09
38,9.58490893e-01,3.03727436e-08,89,3,0,9,normal_corr_dominates,7.44255231e+00,1.00000000e+00,2.50000281e+07,2.81119685e+01,-4.36348316e+00,3.24754517e+01,1.00020900e-09
38,9.58490893e-01,3.03727436e-08,89,3,2,11,normal_corr_dominates,3.21869407e+00,1.00000000e+00,2.50000097e+07,9.68123421e+00,-4.36348316e+00,1.40447174e+01,1.00021390e-09
38,9.58490893e-01,3.03727436e-08,89,4,0,12,normal_corr_dominates,2.64072302e+00,1.00000000e+00,2.50000138e+07,1.37517898e+01,-8.38154255e+00,2.21333323e+01,1.00006218e-09
38,9.58490893e-01,3.03727436e-08,89,4,0,12,corr_ratio_high,1.50022346e+00,5.00000000e-01,2.50000138e+07,1.37517898e+01,-8.38154255e+00,2.21333323e+01,1.00006218e-09
38,9.58490893e-01,3.03727436e-08,89,4,2,14,normal_corr_dominates,2.16331790e+00,1.00000000e+00,2.49999735e+07,-2.65134836e+01,-8.38154255e+00,-1.81319410e+01,1.00033494e-09
38,9.58490893e-01,3.03727436e-08,89,4,2,14,corr_ratio_high,5.78234272e-01,5.00000000e-01,2.49999735e+07,-2.65134836e+01,-8.38154255e+00,-1.81319410e+01,1.00033494e-09
38,9.58490893e-01,3.03727436e-08,89,5,0,15,normal_corr_dominates,6.08762202e+00,1.00000000e+00,2.49999732e+07,-2.68309051e+01,-3.78560045e+00,-2.30453047e+01,1.00011777e-09
38,9.58490893e-01,3.03727436e-08,89,5,0,15,corr_ratio_high,8.44262261e-01,5.00000000e-01,2.49999732e+07,-2.68309051e+01,-3.78560045e+00,-2.30453047e+01,1.00011777e-09
38,9.58490893e-01,3.03727436e-08,89,5,1,16,normal_corr_dominates,6.01154507e+00,1.00000000e+00,2.49999735e+07,-2.65429082e+01,-3.78560045e+00,-2.27573077e+01,1.00020960e-09
38,9.58490893e-01,3.03727436e-08,89,5,2,17,normal_corr_dominates,9.08099843e+00,1.00000000e+00,2.50000306e+07,3.05914313e+01,-3.78560045e+00,3.43770317e+01,1.00012663e-09
38,9.58490893e-01,3.03727436e-08,89,6,0,18,normal_corr_dominates,1.14301120e+01,1.00000000e+00,2.49999962e+07,-3.82750390e+00,3.66966713e-01,-4.19447061e+00,1.00015019e-09
38,9.58490893e-01,3.03727436e-08,89,6,1,19,normal_corr_dominates,1.18149026e+01,1.00000000e+00,2.50000047e+07,4.70264268e+00,3.66966713e-01,4.33567597e+00,1.00014102e-09
38,9.58490893e-01,3.03727436e-08,89,6,2,20,normal_corr_dominates,2.14672659e+00,1.00000000e+00,2.50000012e+07,1.15474391e+00,3.66966713e-01,7.87777200e-01,1.00021225e-09
38,9.58490893e-01,3.03727436e-08,89,12,1,37,corr_ratio_high,1.45931460e+00,5.00000000e-01,2.49999983e+07,-1.70788218e+00,-8.40690421e+00,6.69902203e+00,1.00007450e-09
38,9.58490893e-01,3.03727436e-08,89,12,2,38,normal_corr_dominates,4.17431164e+00,1.00000000e+00,2.50000267e+07,2.66861339e+01,-8.40690421e+00,3.50930381e+01,1.00022544e-09
38,9.58490893e-01,3.03727436e-08,89,13,0,39,normal_corr_dominates,1.42624269e+01,1.00000000e+00,2.49999763e+07,-2.37458758e+01,-1.55583879e+00,-2.21900370e+01,1.00009702e-09
38,9.58490893e-01,3.03727436e-08,89,13,0,39,corr_ratio_high,1.24939811e+00,5.00000000e-01,2.49999763e+07,-2.37458758e+01,-1.55583879e+00,-2.21900370e+01,1.00009702e-09
38,9.58490893e-01,3.03727436e-08,89,13,1,40,normal_corr_dominates,2.79483247e+01,1.00000000e+00,2.49999550e+07,-4.50389266e+01,-1.55583879e+00,-4.34830878e+01,1.00007565e-09
38,9.58490893e-01,3.03727436e-08,89,13,1,40,corr_ratio_high,2.13942805e+00,5.00000000e-01,2.49999550e+07,-4.50389266e+01,-1.55583879e+00,-4.34830878e+01,1.00007565e-09
38,9.58490893e-01,3.03727436e-08,89,13,2,41,normal_corr_dominates,2.75493472e+01,1.00000000e+00,2.50000413e+07,4.13065043e+01,-1.55583879e+00,4.28623431e+01,1.00033567e-09
38,9.58490893e-01,3.03727436e-08,89,13,2,41,corr_ratio_high,5.79013683e-01,5.00000000e-01,2.50000413e+07,4.13065043e+01,-1.55583879e+00,4.28623431e+01,1.00033567e-09
38,9.58490893e-01,3.03727436e-08,89,14,0,42,normal_corr_dominates,4.66415884e+00,1.00000000e+00,2.50000584e+07,5.83975664e+01,-1.59375095e+01,7.43350760e+01,1.00024721e-09
38,9.58490893e-01,3.03727436e-08,89,14,1,43,normal_corr_dominates,4.57666300e+00,1.00000000e+00,2.49999111e+07,-8.88781197e+01,-1.59375095e+01,-7.29406102e+01,1.00018001e-09
38,9.58490893e-01,3.03727436e-08,89,14,1,43,corr_ratio_high,7.88850935e-01,5.00000000e-01,2.49999111e+07,-8.88781197e+01,-1.59375095e+01,-7.29406102e+01,1.00018001e-09
38,9.58490893e-01,3.03727436e-08,89,14,2,44,normal_corr_dominates,3.52674130e+00,1.00000000e+00,2.49999279e+07,-7.21449826e+01,-1.59375095e+01,-5.62074731e+01,1.00017998e-09
38,9.58490893e-01,3.03727436e-08,89,15,0,45,normal_corr_dominates,4.30140325e+00,1.00000000e+00,2.49999609e+07,-3.90636990e+01,-7.36855831e+00,-3.16951407e+01,1.00012138e-09
38,9.58490893e-01,3.03727436e-08,89,15,0,45,corr_ratio_high,8.61176306e-01,5.00000000e-01,2.49999609e+07,-3.90636990e+01,-7.36855831e+00,-3.16951407e+01,1.00012138e-09
38,9.58490893e-01,3.03727436e-08,89,15,1,46,normal_corr_dominates,4.46637857e+00,1.00000000e+00,2.50000255e+07,2.55422126e+01,-7.36855831e+00,3.29107709e+01,1.00014033e-09
38,9.58490893e-01,3.03727436e-08,89,15,2,47,normal_corr_dominates,2.43332004e+00,1.00000000e+00,2.50000106e+07,1.05615023e+01,-7.36855831e+00,1.79300606e+01,1.00020802e-09
38,9.58490893e-01,3.03727436e-08,89,16,0,48,normal_corr_dominates,2.24826463e+00,1.00000000e+00,2.50000126e+07,1.25586265e+01,-1.00608687e+01,2.26194952e+01,1.00016428e-09
38,9.58490893e-01,3.03727436e-08,89,16,1,49,normal_corr_dominates,4.82721620e+00,1.00000000e+00,2.49999414e+07,-5.86268571e+01,-1.00608687e+01,-4.85659884e+01,1.00007953e-09
38,9.58490893e-01,3.03727436e-08,89,16,1,49,corr_ratio_high,1.78651843e+00,5.00000000e-01,2.49999414e+07,-5.86268571e+01,-1.00608687e+01,-4.85659884e+01,1.00007953e-09
38,9.58490893e-01,3.03727436e-08,89,16,2,50,normal_corr_dominates,2.11007218e+00,1.00000000e+00,2.50000112e+07,1.11682905e+01,-1.00608687e+01,2.12291592e+01,1.00031079e-09
38,9.58490893e-01,3.03727436e-08,89,16,2,50,corr_ratio_high,5.58892059e-01,5.00000000e-01,2.50000112e+07,1.11682905e+01,-1.00608687e+01,2.12291592e+01,1.00031079e-09
38,9.58490893e-01,3.03727436e-08,89,17,1,52,normal_corr_dominates,1.65787364e+00,1.00000000e+00,2.49999793e+07,-2.07322787e+01,-7.80032519e+00,-1.29319535e+01,1.00009158e-09
38,9.58490893e-01,3.03727436e-08,89,17,1,52,corr_ratio_high,1.49683662e+00,5.00000000e-01,2.49999793e+07,-2.07322787e+01,-7.80032519e+00,-1.29319535e+01,1.00009158e-09
38,9.58490893e-01,3.03727436e-08,89,18,0,54,normal_corr_dominates,5.63700154e+00,1.00000000e+00,2.50000175e+07,1.75287216e+01,-3.78018455e+00,2.13089061e+01,1.00010105e-09
38,9.58490893e-01,3.03727436e-08,89,18,0,54,corr_ratio_high,6.17156605e-01,5.00000000e-01,2.50000175e+07,1.75287216e+01,-3.78018455e+00,2.13089061e+01,1.00010105e-09
38,9.58490893e-01,3.03727436e-08,89,18,1,55,normal_corr_dominates,7.14815444e+00,1.00000000e+00,2.49999692e+07,-3.08015275e+01,-3.78018455e+00,-2.70213430e+01,1.00012909e-09
38,9.58490893e-01,3.03727436e-08,89,19,0,57,normal_corr_dominates,3.47744860e+01,1.00000000e+00,2.49999849e+07,-1.50713155e+01,-4.21286710e-01,-1.46500288e+01,1.00030742e-09
38,9.58490893e-01,3.03727436e-08,89,19,0,57,corr_ratio_high,5.00576706e-01,5.00000000e-01,2.49999849e+07,-1.50713155e+01,-4.21286710e-01,-1.46500288e+01,1.00030742e-09
38,9.58490893e-01,3.03727436e-08,89,19,1,58,normal_corr_dominates,6.74026092e+01,1.00000000e+00,2.49999712e+07,-2.88171102e+01,-4.21286710e-01,-2.83958235e+01,1.00008450e-09
38,9.58490893e-01,3.03727436e-08,89,19,1,58,corr_ratio_high,1.57382327e+00,5.00000000e-01,2.49999712e+07,-2.88171102e+01,-4.21286710e-01,-2.83958235e+01,1.00008450e-09
38,9.58490893e-01,3.03727436e-08,89,19,2,59,normal_corr_dominates,9.94400009e+00,1.00000000e+00,2.50000038e+07,3.76798837e+00,-4.21286710e-01,4.18927508e+00,1.00012441e-09
38,9.58490893e-01,3.03727436e-08,89,20,0,60,corr_ratio_high,3.23372593e+00,5.00000000e-01,2.49999930e+07,-7.00487222e+00,-3.60234223e+00,-3.40252999e+00,1.00002597e-09
38,9.58490893e-01,3.03727436e-08,89,20,1,61,normal_corr_dominates,7.35552589e+00,1.00000000e+00,2.50000229e+07,2.28947793e+01,-3.60234223e+00,2.64971216e+01,1.00026566e-09
38,9.58490893e-01,3.03727436e-08,89,20,2,62,normal_corr_dominates,2.52865300e+00,1.00000000e+00,2.50000055e+07,5.50673125e+00,-3.60234223e+00,9.10907348e+00,1.00024633e-09
38,9.58490893e-01,3.03727436e-08,89,22,0,66,normal_corr_dominates,2.66115188e+00,1.00000000e+00,2.50000102e+07,1.02224102e+01,-6.15380826e+00,1.63762184e+01,1.00022130e-09
38,9.58490893e-01,3.03727436e-08,89,22,2,68,normal_corr_dominates,8.04351755e+00,1.00000000e+00,2.49999443e+07,-5.56520730e+01,-6.15380826e+00,-4.94982647e+01,1.00017595e-09
38,9.58490893e-01,3.03727436e-08,89,23,0,69,normal_corr_dominates,1.24822926e+00,1.00000000e+00,2.49999706e+07,-2.93540050e+01,-1.30564999e+01,-1.62975052e+01,1.00021426e-09
38,9.58490893e-01,3.03727436e-08,89,23,1,70,normal_corr_dominates,2.06103915e+00,1.00000000e+00,2.50000139e+07,1.38534576e+01,-1.30564999e+01,2.69099574e+01,1.00012640e-09
38,9.58490893e-01,3.03727436e-08,89,24,0,72,normal_corr_dominates,1.79612063e+01,1.00000000e+00,2.50000266e+07,2.66435544e+01,-1.57085256e+00,2.82144070e+01,1.00015810e-09
38,9.58490893e-01,3.03727436e-08,89,24,1,73,normal_corr_dominates,1.29303651e+01,1.00000000e+00,2.50000187e+07,1.87408446e+01,-1.57085256e+00,2.03116972e+01,1.00019563e-09
38,9.58490893e-01,3.03727436e-08,89,24,2,74,normal_corr_dominates,2.43594386e+01,1.00000000e+00,2.49999602e+07,-3.98359391e+01,-1.57085256e+00,-3.82650865e+01,1.00018685e-09
38,9.58490893e-01,3.03727436e-08,89,27,1,82,normal_corr_dominates,2.30212524e+00,1.00000000e+00,2.50000206e+07,2.05936764e+01,-1.58154344e+01,3.64091108e+01,1.00019940e-09
38,9.58490893e-01,3.03727436e-08,89,28,0,84,normal_corr_dominates,1.02825339e+01,1.00000000e+00,2.49999489e+07,-5.10809217e+01,-4.52743349e+00,-4.65534882e+01,1.00019759e-09
38,9.58490893e-01,3.03727436e-08,89,28,1,85,normal_corr_dominates,6.69741194e+00,1.00000000e+00,2.50000258e+07,2.57946536e+01,-4.52743349e+00,3.03220871e+01,1.00017874e-09
38,9.58490893e-01,3.03727436e-08,89,28,2,86,normal_corr_dominates,8.99006609e+00,1.00000000e+00,2.49999548e+07,-4.52293597e+01,-4.52743349e+00,-4.07019262e+01,1.00020775e-09
38,9.58490893e-01,3.03727436e-08,89,30,0,90,normal_corr_dominates,1.61520091e+01,1.00000000e+00,2.49999822e+07,-1.77831837e+01,1.17365186e+00,-1.89568355e+01,1.00021602e-09
38,9.58490893e-01,3.03727436e-08,89,30,1,91,normal_corr_dominates,1.49277428e+01,1.00000000e+00,2.50000187e+07,1.86936249e+01,1.17365186e+00,1.75199731e+01,1.00016856e-09
38,9.58490893e-01,3.03727436e-08,89,30,2,92,normal_corr_dominates,3.04193649e+01,1.00000000e+00,2.49999655e+07,-3.45280924e+01,1.17365186e+00,-3.57017443e+01,1.00017761e-09
38,9.58490893e-01,3.03727436e-08,89,9,0,27,normal_corr_dominates,2.55648952e+00,1.00000000e+00,2.50000145e+07,1.45260792e+01,-9.33259042e+00,2.38586696e+01,1.00016974e-09
38,9.58490893e-01,3.03727436e-08,89,9,1,28,normal_corr_dominates,2.65362386e+00,1.00000000e+00,2.49999659e+07,-3.40977750e+01,-9.33259042e+00,-2.47651846e+01,1.00021660e-09
38,9.58490893e-01,3.03727436e-08,89,9,2,29,normal_corr_dominates,4.27064823e+00,1.00000000e+00,2.50000305e+07,3.05236203e+01,-9.33259042e+00,3.98562107e+01,1.00019004e-09
38,9.58490893e-01,3.03727436e-08,89,8,0,24,normal_corr_dominates,1.47256184e+00,1.00000000e+00,2.49999795e+07,-2.05393687e+01,-8.30691811e+00,-1.22324506e+01,1.00023673e-09
38,9.58490893e-01,3.03727436e-08,89,8,2,26,normal_corr_dominates,2.17709899e+00,1.00000000e+00,2.50000098e+07,9.77806495e+00,-8.30691811e+00,1.80849831e+01,1.00013803e-09
38,9.58490893e-01,3.03727436e-08,89,8,2,26,corr_ratio_high,5.88390846e-01,5.00000000e-01,2.50000098e+07,9.77806495e+00,-8.30691811e+00,1.80849831e+01,1.00013803e-09
39,9.80231909e-01,3.10616748e-08,89,0,0,0,normal_corr_dominates,4.20874547e+00,1.00000000e+00,2.49998954e+07,-1.04563404e+02,-2.00745850e+01,-8.44888186e+01,1.00031500e-09
39,9.80231909e-01,3.10616748e-08,89,0,1,1,normal_corr_dominates,2.32228057e+00,1.00000000e+00,2.50000265e+07,2.65442337e+01,-2.00745850e+01,4.66188187e+01,1.00013914e-09
39,9.80231909e-01,3.10616748e-08,89,0,1,1,corr_ratio_high,5.25932284e-01,5.00000000e-01,2.50000265e+07,2.65442337e+01,-2.00745850e+01,4.66188187e+01,1.00013914e-09
39,9.80231909e-01,3.10616748e-08,89,0,2,2,normal_corr_dominates,3.49552623e+00,1.00000000e+00,2.50000501e+07,5.00966534e+01,-2.00745850e+01,7.01712384e+01,1.00014699e-09
39,9.80231909e-01,3.10616748e-08,89,1,0,3,normal_corr_dominates,2.82849890e+00,1.00000000e+00,2.49999571e+07,-4.28873522e+01,-1.12021326e+01,-3.16852196e+01,1.00025073e-09
39,9.80231909e-01,3.10616748e-08,89,1,1,4,normal_corr_dominates,1.90438848e+00,1.00000000e+00,2.50000101e+07,1.01310796e+01,-1.12021326e+01,2.13332122e+01,1.00013088e-09
39,9.80231909e-01,3.10616748e-08,89,1,1,4,corr_ratio_high,6.39932864e-01,5.00000000e-01,2.50000101e+07,1.01310796e+01,-1.12021326e+01,2.13332122e+01,1.00013088e-09
39,9.80231909e-01,3.10616748e-08,89,1,2,5,normal_corr_dominates,4.44667980e+00,1.00000000e+00,2.50000386e+07,3.86101641e+01,-1.12021326e+01,4.98122967e+01,1.00020684e-09
39,9.80231909e-01,3.10616748e-08,89,2,0,6,normal_corr_dominates,2.77729273e+00,1.00000000e+00,2.49999797e+07,-2.02604738e+01,-5.36375527e+00,-1.48967185e+01,1.00017360e-09
39,9.80231909e-01,3.10616748e-08,89,2,1,7,normal_corr_dominates,5.20243551e+00,1.00000000e+00,2.50000225e+07,2.25408356e+01,-5.36375527e+00,2.79045909e+01,1.00011645e-09
39,9.80231909e-01,3.10616748e-08,89,3,0,9,normal_corr_dominates,7.44170008e+00,1.00000000e+00,2.50000287e+07,2.86995208e+01,-4.45527119e+00,3.31547920e+01,1.00021340e-09
39,9.80231909e-01,3.10616748e-08,89,3,2,11,normal_corr_dominates,3.21852088e+00,1.00000000e+00,2.50000099e+07,9.88411216e+00,-4.45527119e+00,1.43393833e+01,1.00021841e-09
39,9.80231909e-01,3.10616748e-08,89,4,0,12,normal_corr_dominates,2.64094865e+00,1.00000000e+00,2.50000140e+07,1.40423999e+01,-8.55748892e+00,2.25998888e+01,1.00006348e-09
39,9.80231909e-01,3.10616748e-08,89,4,0,12,corr_ratio_high,1.50026489e+00,5.00000000e-01,2.50000140e+07,1.40423999e+01,-8.55748892e+00,2.25998888e+01,1.00006348e-09
39,9.80231909e-01,3.10616748e-08,89,4,2,14,normal_corr_dominates,2.16397899e+00,1.00000000e+00,2.49999729e+07,-2.70757152e+01,-8.55748892e+00,-1.85182262e+01,1.00034200e-09
39,9.80231909e-01,3.10616748e-08,89,4,2,14,corr_ratio_high,5.78237692e-01,5.00000000e-01,2.49999729e+07,-2.70757152e+01,-8.55748892e+00,-1.85182262e+01,1.00034200e-09
39,9.80231909e-01,3.10616748e-08,89,5,0,15,normal_corr_dominates,6.08584351e+00,1.00000000e+00,2.49999726e+07,-2.73917384e+01,-3.86569903e+00,-2.35260393e+01,1.00012025e-09
39,9.80231909e-01,3.10616748e-08,89,5,0,15,corr_ratio_high,8.44269159e-01,5.00000000e-01,2.49999726e+07,-2.73917384e+01,-3.86569903e+00,-2.35260393e+01,1.00012025e-09
39,9.80231909e-01,3.10616748e-08,89,5,1,16,normal_corr_dominates,6.01275833e+00,1.00000000e+00,2.49999729e+07,-2.71092131e+01,-3.86569903e+00,-2.32435141e+01,1.00021403e-09
39,9.80231909e-01,3.10616748e-08,89,5,2,17,normal_corr_dominates,9.08032714e+00,1.00000000e+00,2.50000312e+07,3.12361128e+01,-3.86569903e+00,3.51018118e+01,1.00012930e-09
39,9.80231909e-01,3.10616748e-08,89,6,0,18,normal_corr_dominates,1.14228975e+01,1.00000000e+00,2.49999961e+07,-3.90871096e+00,3.75011937e-01,-4.28372290e+00,1.00015336e-09
39,9.80231909e-01,3.10616748e-08,89,6,1,19,normal_corr_dominates,1.18020228e+01,1.00000000e+00,2.50000048e+07,4.80091137e+00,3.75011937e-01,4.42589944e+00,1.00014400e-09
39,9.80231909e-01,3.10616748e-08,89,6,2,20,normal_corr_dominates,2.14733800e+00,1.00000000e+00,2.50000012e+07,1.18028932e+00,3.75011937e-01,8.05277381e-01,1.00021672e-09
39,9.80231909e-01,3.10616748e-08,89,12,1,37,corr_ratio_high,1.45925695e+00,5.00000000e-01,2.49999983e+07,-1.74393020e+00,-8.58326563e+00,6.83933543e+00,1.00007607e-09
39,9.80231909e-01,3.10616748e-08,89,12,2,38,normal_corr_dominates,4.17452082e+00,1.00000000e+00,2.50000272e+07,2.72477554e+01,-8.58326563e+00,3.58310210e+01,1.00023020e-09
39,9.80231909e-01,3.10616748e-08,89,13,0,39,normal_corr_dominates,1.42520367e+01,1.00000000e+00,2.49999758e+07,-2.42484765e+01,-1.58985171e+00,-2.26586248e+01,1.00009908e-09
39,9.80231909e-01,3.10616748e-08,89,13,0,39,corr_ratio_high,1.24918908e+00,5.00000000e-01,2.49999758e+07,-2.42484765e+01,-1.58985171e+00,-2.26586248e+01,1.00009908e-09
39,9.80231909e-01,3.10616748e-08,89,13,1,40,normal_corr_dominates,2.79255242e+01,1.00000000e+00,2.49999540e+07,-4.59872940e+01,-1.58985171e+00,-4.43974423e+01,1.00007724e-09
39,9.80231909e-01,3.10616748e-08,89,13,1,40,corr_ratio_high,2.13935820e+00,5.00000000e-01,2.49999540e+07,-4.59872940e+01,-1.58985171e+00,-4.43974423e+01,1.00007724e-09
39,9.80231909e-01,3.10616748e-08,89,13,2,41,normal_corr_dominates,2.75265162e+01,1.00000000e+00,2.50000422e+07,4.21732270e+01,-1.58985171e+00,4.37630787e+01,1.00034275e-09
39,9.80231909e-01,3.10616748e-08,89,13,2,41,corr_ratio_high,5.79012200e-01,5.00000000e-01,2.50000422e+07,4.21732270e+01,-1.58985171e+00,4.37630787e+01,1.00034275e-09
39,9.80231909e-01,3.10616748e-08,89,14,0,42,normal_corr_dominates,4.66474538e+00,1.00000000e+00,2.50000596e+07,5.96361542e+01,-1.62729325e+01,7.59090867e+01,1.00025239e-09
39,9.80231909e-01,3.10616748e-08,89,14,1,43,normal_corr_dominates,4.57678851e+00,1.00000000e+00,2.49999092e+07,-9.07507030e+01,-1.62729325e+01,-7.44777705e+01,1.00018380e-09
39,9.80231909e-01,3.10616748e-08,89,14,1,43,corr_ratio_high,7.88859975e-01,5.00000000e-01,2.49999092e+07,-9.07507030e+01,-1.62729325e+01,-7.44777705e+01,1.00018380e-09
39,9.80231909e-01,3.10616748e-08,89,14,2,44,normal_corr_dominates,3.52736354e+00,1.00000000e+00,2.49999263e+07,-7.36734813e+01,-1.62729325e+01,-5.74005488e+01,1.00018380e-09
39,9.80231909e-01,3.10616748e-08,89,15,0,45,normal_corr_dominates,4.30175060e+00,1.00000000e+00,2.49999601e+07,-3.98842682e+01,-7.52284880e+00,-3.23614194e+01,1.00012395e-09
39,9.80231909e-01,3.10616748e-08,89,15,0,45,corr_ratio_high,8.61083107e-01,5.00000000e-01,2.49999601e+07,-3.98842682e+01,-7.52284880e+00,-3.23614194e+01,1.00012395e-09
39,9.80231909e-01,3.10616748e-08,89,15,1,46,normal_corr_dominates,4.46686379e+00,1.00000000e+00,2.50000261e+07,2.60806921e+01,-7.52284880e+00,3.36035410e+01,1.00014329e-09
39,9.80231909e-01,3.10616748e-08,89,15,2,47,normal_corr_dominates,2.43384685e+00,1.00000000e+00,2.50000108e+07,1.07866131e+01,-7.52284880e+00,1.83094619e+01,1.00021239e-09
39,9.80231909e-01,3.10616748e-08,89,16,0,48,normal_corr_dominates,2.24878158e+00,1.00000000e+00,2.50000128e+07,1.28288786e+01,-1.02731165e+01,2.31019951e+01,1.00016773e-09
39,9.80231909e-01,3.10616748e-08,89,16,1,49,normal_corr_dominates,4.82684340e+00,1.00000000e+00,2.49999401e+07,-5.98598411e+01,-1.02731165e+01,-4.95867246e+01,1.00008121e-09
39,9.80231909e-01,3.10616748e-08,89,16,1,49,corr_ratio_high,1.78641452e+00,5.00000000e-01,2.49999401e+07,-5.98598411e+01,-1.02731165e+01,-4.95867246e+01,1.00008121e-09
39,9.80231909e-01,3.10616748e-08,89,16,2,50,normal_corr_dominates,2.10934614e+00,1.00000000e+00,2.50000114e+07,1.13964422e+01,-1.02731165e+01,2.16695587e+01,1.00031735e-09
39,9.80231909e-01,3.10616748e-08,89,16,2,50,corr_ratio_high,5.58903340e-01,5.00000000e-01,2.50000114e+07,1.13964422e+01,-1.02731165e+01,2.16695587e+01,1.00031735e-09
39,9.80231909e-01,3.10616748e-08,89,17,1,52,normal_corr_dominates,1.65764596e+00,1.00000000e+00,2.49999788e+07,-2.11677539e+01,-7.96485095e+00,-1.32029030e+01,1.00009352e-09
39,9.80231909e-01,3.10616748e-08,89,17,1,52,corr_ratio_high,1.49658370e+00,5.00000000e-01,2.49999788e+07,-2.11677539e+01,-7.96485095e+00,-1.32029030e+01,1.00009352e-09
39,9.80231909e-01,3.10616748e-08,89,18,0,54,normal_corr_dominates,5.63674618e+00,1.00000000e+00,2.50000179e+07,1.78966257e+01,-3.85973806e+00,2.17563638e+01,1.00010318e-09
39,9.80231909e-01,3.10616748e-08,89,18,0,54,corr_ratio_high,6.17125573e-01,5.00000000e-01,2.50000179e+07,1.78966257e+01,-3.85973806e+00,2.17563638e+01,1.00010318e-09
39,9.80231909e-01,3.10616748e-08,89,18,1,55,normal_corr_dominates,7.14827410e+00,1.00000000e+00,2.49999685e+07,-3.14502037e+01,-3.85973806e+00,-2.75904656e+01,1.00013182e-09
39,9.80231909e-01,3.10616748e-08,89,19,0,57,normal_corr_dominates,3.47924752e+01,1.00000000e+00,2.49999846e+07,-1.53896282e+01,-4.29968258e-01,-1.49596600e+01,1.00031389e-09
39,9.80231909e-01,3.10616748e-08,89,19,0,57,corr_ratio_high,5.00568464e-01,5.00000000e-01,2.49999846e+07,-1.53896282e+01,-4.29968258e-01,-1.49596600e+01,1.00031389e-09
39,9.80231909e-01,3.10616748e-08,89,19,1,58,normal_corr_dominates,6.74302780e+01,1.00000000e+00,2.49999706e+07,-2.94228474e+01,-4.29968258e-01,-2.89928792e+01,1.00008629e-09
39,9.80231909e-01,3.10616748e-08,89,19,1,58,corr_ratio_high,1.57354953e+00,5.00000000e-01,2.49999706e+07,-2.94228474e+01,-4.29968258e-01,-2.89928792e+01,1.00008629e-09
39,9.80231909e-01,3.10616748e-08,89,19,2,59,normal_corr_dominates,9.95125600e+00,1.00000000e+00,2.50000038e+07,3.84875595e+00,-4.29968258e-01,4.27872421e+00,1.00012703e-09
39,9.80231909e-01,3.10616748e-08,89,20,0,60,corr_ratio_high,3.23326048e+00,5.00000000e-01,2.49999928e+07,-7.15418473e+00,-3.67891672e+00,-3.47526801e+00,1.00002653e-09
39,9.80231909e-01,3.10616748e-08,89,20,1,61,normal_corr_dominates,7.35393686e+00,1.00000000e+00,2.50000234e+07,2.33756046e+01,-3.67891672e+00,2.70545213e+01,1.00027126e-09
39,9.80231909e-01,3.10616748e-08,89,20,2,62,normal_corr_dominates,2.52829794e+00,1.00000000e+00,2.50000056e+07,5.62248083e+00,-3.67891672e+00,9.30139755e+00,1.00025152e-09
39,9.80231909e-01,3.10616748e-08,89,22,0,66,normal_corr_dominates,2.66082200e+00,1.00000000e+00,2.50000104e+07,1.04367234e+01,-6.28407100e+00,1.67207944e+01,1.00022596e-09
39,9.80231909e-01,3.10616748e-08,89,22,2,68,normal_corr_dominates,8.04314299e+00,1.00000000e+00,2.49999432e+07,-5.68277527e+01,-6.28407100e+00,-5.05436817e+01,1.00017967e-09
39,9.80231909e-01,3.10616748e-08,89,23,0,69,normal_corr_dominates,1.24832744e+00,1.00000000e+00,2.49999700e+07,-2.99719383e+01,-1.33307711e+01,-1.66411673e+01,1.00021877e-09
39,9.80231909e-01,3.10616748e-08,89,23,1,70,normal_corr_dominates,2.06102831e+00,1.00000000e+00,2.50000141e+07,1.41443255e+01,-1.33307711e+01,2.74750965e+01,1.00012907e-09
39,9.80231909e-01,3.10616748e-08,89,24,0,72,normal_corr_dominates,1.79705514e+01,1.00000000e+00,2.50000272e+07,2.72059545e+01,-1.60312731e+00,2.88090818e+01,1.00016142e-09
39,9.80231909e-01,3.10616748e-08,89,24,1,73,normal_corr_dominates,1.29383520e+01,1.00000000e+00,2.50000191e+07,1.91386982e+01,-1.60312731e+00,2.07418255e+01,1.00019975e-09
39,9.80231909e-01,3.10616748e-08,89,24,2,74,normal_corr_dominates,2.43748395e+01,1.00000000e+00,2.49999593e+07,-4.06790983e+01,-1.60312731e+00,-3.90759710e+01,1.00019080e-09
39,9.80231909e-01,3.10616748e-08,89,27,1,82,normal_corr_dominates,2.30200336e+00,1.00000000e+00,2.50000210e+07,2.10263690e+01,-1.61492432e+01,3.71756122e+01,1.00020361e-09
39,9.80231909e-01,3.10616748e-08,89,28,0,84,normal_corr_dominates,1.02858414e+01,1.00000000e+00,2.49999478e+07,-5.21543105e+01,-4.62121598e+00,-4.75330945e+01,1.00020175e-09
39,9.80231909e-01,3.10616748e-08,89,28,1,85,normal_corr_dominates,6.69979370e+00,1.00000000e+00,2.50000263e+07,2.63399777e+01,-4.62121598e+00,3.09611937e+01,1.00018250e-09
39,9.80231909e-01,3.10616748e-08,89,28,2,86,normal_corr_dominates,8.99480920e+00,1.00000000e+00,2.49999538e+07,-4.61881720e+01,-4.62121598e+00,-4.15669560e+01,1.00021214e-09
39,9.80231909e-01,3.10616748e-08,89,30,0,90,normal_corr_dominates,1.61471679e+01,1.00000000e+00,2.49999818e+07,-1.81575121e+01,1.19873974e+00,-1.93562518e+01,1.00022057e-09
39,9.80231909e-01,3.10616748e-08,89,30,1,91,normal_corr_dominates,1.49249817e+01,1.00000000e+00,2.50000191e+07,1.90899084e+01,1.19873974e+00,1.78911686e+01,1.00017211e-09
39,9.80231909e-01,3.10616748e-08,89,30,2,92,normal_corr_dominates,3.04131454e+01,1.00000000e+00,2.49999647e+07,-3.52587062e+01,1.19873974e+00,-3.64574459e+01,1.00018135e-09
39,9.80231909e-01,3.10616748e-08,89,9,0,27,normal_corr_dominates,2.55576059e+00,1.00000000e+00,2.50000148e+07,1.48254079e+01,-9.52936331e+00,2.43547712e+01,1.00017332e-09
39,9.80231909e-01,3.10616748e-08,89,9,1,28,normal_corr_dominates,2.65312041e+00,1.00000000e+00,2.49999652e+07,-3.48119116e+01,-9.52936331e+00,-2.52825483e+01,1.00022115e-09
39,9.80231909e-01,3.10616748e-08,89,9,2,29,normal_corr_dominates,4.27057838e+00,1.00000000e+00,2.50000312e+07,3.11665296e+01,-9.52936331e+00,4.06958929e+01,1.00019405e-09
39,9.80231909e-01,3.10616748e-08,89,8,0,24,normal_corr_dominates,1.47257397e+00,1.00000000e+00,2.49999790e+07,-2.09714792e+01,-8.48163876e+00,-1.24898404e+01,1.00024172e-09
39,9.80231909e-01,3.10616748e-08,89,8,2,26,normal_corr_dominates,2.17734338e+00,1.00000000e+00,2.50000100e+07,9.98580120e+00,-8.48163876e+00,1.84674400e+01,1.00014094e-09
39,9.80231909e-01,3.10616748e-08,89,8,2,26,corr_ratio_high,5.88361331e-01,5.00000000e-01,2.50000100e+07,9.98580120e+00,-8.48163876e+00,1.84674400e+01,1.00014094e-09
40,1.00410252e+00,3.18180888e-08,89,0,0,0,normal_corr_dominates,4.20847933e+00,1.00000000e+00,2.49998931e+07,-1.06925168e+02,-2.05290568e+01,-8.63961113e+01,1.00032212e-09
40,1.00410252e+00,3.18180888e-08,89,0,1,1,normal_corr_dominates,2.32248601e+00,1.00000000e+00,2.50000271e+07,2.71493905e+01,-2.05290568e+01,4.76784473e+01,1.00014227e-09
40,1.00410252e+00,3.18180888e-08,89,0,1,1,corr_ratio_high,5.26039828e-01,5.00000000e-01,2.50000271e+07,2.71493905e+01,-2.05290568e+01,4.76784473e+01,1.00014227e-09
40,1.00410252e+00,3.18180888e-08,89,0,2,2,normal_corr_dominates,3.49528251e+00,1.00000000e+00,2.50000512e+07,5.12257965e+01,-2.05290568e+01,7.17548534e+01,1.00015033e-09
40,1.00410252e+00,3.18180888e-08,89,1,0,3,normal_corr_dominates,2.82840303e+00,1.00000000e+00,2.49999561e+07,-4.38552255e+01,-1.14552269e+01,-3.23999986e+01,1.00025639e-09
40,1.00410252e+00,3.18180888e-08,89,1,1,4,normal_corr_dominates,1.90453599e+00,1.00000000e+00,2.50000104e+07,1.03616651e+01,-1.14552269e+01,2.18168920e+01,1.00013384e-09
40,1.00410252e+00,3.18180888e-08,89,1,1,4,corr_ratio_high,6.39960096e-01,5.00000000e-01,2.50000104e+07,1.03616651e+01,-1.14552269e+01,2.18168920e+01,1.00013384e-09
40,1.00410252e+00,3.18180888e-08,89,1,2,5,normal_corr_dominates,4.44678585e+00,1.00000000e+00,2.50000395e+07,3.94837141e+01,-1.14552269e+01,5.09389410e+01,1.00021153e-09
40,1.00410252e+00,3.18180888e-08,89,2,0,6,normal_corr_dominates,2.77801360e+00,1.00000000e+00,2.49999793e+07,-2.07208681e+01,-5.48459330e+00,-1.52362748e+01,1.00017753e-09
40,1.00410252e+00,3.18180888e-08,89,2,1,7,normal_corr_dominates,5.20298960e+00,1.00000000e+00,2.50000231e+07,2.30516886e+01,-5.48459330e+00,2.85362819e+01,1.00011907e-09
40,1.00410252e+00,3.18180888e-08,89,3,0,9,normal_corr_dominates,7.44076788e+00,1.00000000e+00,2.50000293e+07,2.93430803e+01,-4.55583571e+00,3.38989160e+01,1.00021823e-09
40,1.00410252e+00,3.18180888e-08,89,3,2,11,normal_corr_dominates,3.21832719e+00,1.00000000e+00,2.50000101e+07,1.01063342e+01,-4.55583571e+00,1.46621699e+01,1.00022335e-09
40,1.00410252e+00,3.18180888e-08,89,4,0,12,normal_corr_dominates,2.64118664e+00,1.00000000e+00,2.50000144e+07,1.43607740e+01,-8.75023817e+00,2.31110121e+01,1.00006491e-09
40,1.00410252e+00,3.18180888e-08,89,4,0,12,corr_ratio_high,1.50030821e+00,5.00000000e-01,2.50000144e+07,1.43607740e+01,-8.75023817e+00,2.31110121e+01,1.00006491e-09
40,1.00410252e+00,3.18180888e-08,89,4,2,14,normal_corr_dominates,2.16469085e+00,1.00000000e+00,2.49999723e+07,-2.76917987e+01,-8.75023817e+00,-1.89415605e+01,1.00034973e-09
40,1.00410252e+00,3.18180888e-08,89,4,2,14,corr_ratio_high,5.78241232e-01,5.00000000e-01,2.49999723e+07,-2.76917987e+01,-8.75023817e+00,-1.89415605e+01,1.00034973e-09
40,1.00410252e+00,3.18180888e-08,89,5,0,15,normal_corr_dominates,6.08390800e+00,1.00000000e+00,2.49999720e+07,-2.80060504e+01,-3.95347461e+00,-2.40525758e+01,1.00012297e-09
40,1.00410252e+00,3.18180888e-08,89,5,0,15,corr_ratio_high,8.44275778e-01,5.00000000e-01,2.49999720e+07,-2.80060504e+01,-3.95347461e+00,-2.40525758e+01,1.00012297e-09
40,1.00410252e+00,3.18180888e-08,89,5,1,16,normal_corr_dominates,6.01404949e+00,1.00000000e+00,2.49999723e+07,-2.77298665e+01,-3.95347461e+00,-2.37763919e+01,1.00021888e-09
40,1.00410252e+00,3.18180888e-08,89,5,2,17,normal_corr_dominates,9.07958160e+00,1.00000000e+00,2.50000319e+07,3.19424207e+01,-3.95347461e+00,3.58958953e+01,1.00013222e-09
40,1.00410252e+00,3.18180888e-08,89,6,0,18,normal_corr_dominates,1.14154957e+01,1.00000000e+00,2.49999960e+07,-3.99771123e+00,3.83823427e-01,-4.38153466e+00,1.00015683e-09
40,1.00410252e+00,3.18180888e-08,89,6,1,19,normal_corr_dominates,1.17884851e+01,1.00000000e+00,2.50000049e+07,4.90852019e+00,3.83823427e-01,4.52469676e+00,1.00014726e-09
40,1.00410252e+00,3.18180888e-08,89,6,2,20,normal_corr_dominates,2.14814424e+00,1.00000000e+00,2.50000012e+07,1.20833151e+00,3.83823427e-01,8.24508084e-01,1.00022163e-09
40,1.00410252e+00,3.18180888e-08,89,12,1,37,corr_ratio_high,1.45919329e+00,5.00000000e-01,2.49999982e+07,-1.78346903e+00,-8.77647267e+00,6.99300364e+00,1.00007779e-09
40,1.00410252e+00,3.18180888e-08,89,12,2,38,normal_corr_dominates,4.17474304e+00,1.00000000e+00,2.50000279e+07,2.78630455e+01,-8.77647267e+00,3.66395182e+01,1.00023542e-09
40,1.00410252e+00,3.18180888e-08,89,13,0,39,normal_corr_dominates,1.42409100e+01,1.00000000e+00,2.49999752e+07,-2.47992103e+01,-1.62714761e+00,-2.31720627e+01,1.00010133e-09
40,1.00410252e+00,3.18180888e-08,89,13,0,39,corr_ratio_high,1.24896206e+00,5.00000000e-01,2.49999752e+07,-2.47992103e+01,-1.62714761e+00,-2.31720627e+01,1.00010133e-09
40,1.00410252e+00,3.18180888e-08,89,13,1,40,normal_corr_dominates,2.79010687e+01,1.00000000e+00,2.49999530e+07,-4.70263050e+01,-1.62714761e+00,-4.53991574e+01,1.00007899e-09
40,1.00410252e+00,3.18180888e-08,89,13,1,40,corr_ratio_high,2.13928074e+00,5.00000000e-01,2.49999530e+07,-4.70263050e+01,-1.62714761e+00,-4.53991574e+01,1.00007899e-09
40,1.00410252e+00,3.18180888e-08,89,13,2,41,normal_corr_dominates,2.75020331e+01,1.00000000e+00,2.50000431e+07,4.31227199e+01,-1.62714761e+00,4.47498675e+01,1.00035050e-09
40,1.00410252e+00,3.18180888e-08,89,13,2,41,corr_ratio_high,5.79010532e-01,5.00000000e-01,2.50000431e+07,4.31227199e+01,-1.62714761e+00,4.47498675e+01,1.00035050e-09
40,1.00410252e+00,3.18180888e-08,89,14,0,42,normal_corr_dominates,4.66536979e+00,1.00000000e+00,2.50000610e+07,6.09932977e+01,-1.66404213e+01,7.76337191e+01,1.00025807e-09
40,1.00410252e+00,3.18180888e-08,89,14,1,43,normal_corr_dominates,4.57691863e+00,1.00000000e+00,2.49999072e+07,-9.28022757e+01,-1.66404213e+01,-7.61618544e+01,1.00018796e-09
40,1.00410252e+00,3.18180888e-08,89,14,1,43,corr_ratio_high,7.88868497e-01,5.00000000e-01,2.49999072e+07,-9.28022757e+01,-1.66404213e+01,-7.61618544e+01,1.00018796e-09
40,1.00410252e+00,3.18180888e-08,89,14,2,44,normal_corr_dominates,3.52802588e+00,1.00000000e+00,2.49999247e+07,-7.53482586e+01,-1.66404213e+01,-5.87078372e+01,1.00018798e-09
40,1.00410252e+00,3.18180888e-08,89,15,0,45,normal_corr_dominates,4.30211052e+00,1.00000000e+00,2.49999592e+07,-4.07832000e+01,-7.69188040e+00,-3.30913196e+01,1.00012676e-09
40,1.00410252e+00,3.18180888e-08,89,15,0,45,corr_ratio_high,8.60981604e-01,5.00000000e-01,2.49999592e+07,-4.07832000e+01,-7.69188040e+00,-3.30913196e+01,1.00012676e-09
40,1.00410252e+00,3.18180888e-08,89,15,1,46,normal_corr_dominates,4.46737565e+00,1.00000000e+00,2.50000267e+07,2.66706388e+01,-7.69188040e+00,3.43625192e+01,1.00014653e-09
40,1.00410252e+00,3.18180888e-08,89,15,2,47,normal_corr_dominates,2.43440410e+00,1.00000000e+00,2.50000110e+07,1.10332648e+01,-7.69188040e+00,1.87251452e+01,1.00021718e-09
40,1.00410252e+00,3.18180888e-08,89,16,0,48,normal_corr_dominates,2.24933864e+00,1.00000000e+00,2.50000131e+07,1.31251214e+01,-1.05056556e+01,2.36307770e+01,1.00017151e-09
40,1.00410252e+00,3.18180888e-08,89,16,1,49,normal_corr_dominates,4.82644520e+00,1.00000000e+00,2.49999388e+07,-6.12106265e+01,-1.05056556e+01,-5.07049709e+01,1.00008305e-09
40,1.00410252e+00,3.18180888e-08,89,16,1,49,corr_ratio_high,1.78630156e+00,5.00000000e-01,2.49999388e+07,-6.12106265e+01,-1.05056556e+01,-5.07049709e+01,1.00008305e-09
40,1.00410252e+00,3.18180888e-08,89,16,2,50,normal_corr_dominates,2.10856617e+00,1.00000000e+00,2.50000116e+07,1.16462143e+01,-1.05056556e+01,2.21518699e+01,1.00032455e-09
40,1.00410252e+00,3.18180888e-08,89,16,2,50,corr_ratio_high,5.58915585e-01,5.00000000e-01,2.50000116e+07,1.16462143e+01,-1.05056556e+01,2.21518699e+01,1.00032455e-09
40,1.00410252e+00,3.18180888e-08,89,17,1,52,normal_corr_dominates,1.65739728e+00,1.00000000e+00,2.49999784e+07,-2.16447948e+01,-8.14511062e+00,-1.34996842e+01,1.00009565e-09
40,1.00410252e+00,3.18180888e-08,89,17,1,52,corr_ratio_high,1.49630884e+00,5.00000000e-01,2.49999784e+07,-2.16447948e+01,-8.14511062e+00,-1.34996842e+01,1.00009565e-09
40,1.00410252e+00,3.18180888e-08,89,18,0,54,normal_corr_dominates,5.63646177e+00,1.00000000e+00,2.50000183e+07,1.82996288e+01,-3.94689523e+00,2.22465241e+01,1.00010552e-09
40,1.00410252e+00,3.18180888e-08,89,18,0,54,corr_ratio_high,6.17091506e-01,5.00000000e-01,2.50000183e+07,1.82996288e+01,-3.94689523e+00,2.22465241e+01,1.00010552e-09
40,1.00410252e+00,3.18180888e-08,89,18,1,55,normal_corr_dominates,7.14840020e+00,1.00000000e+00,2.49999678e+07,-3.21608819e+01,-3.94689523e+00,-2.82139867e+01,1.00013481e-09
40,1.00410252e+00,3.18180888e-08,89,19,0,57,normal_corr_dominates,3.48118012e+01,1.00000000e+00,2.49999843e+07,-1.57384101e+01,-4.39475524e-01,-1.52989346e+01,1.00032098e-09
40,1.00410252e+00,3.18180888e-08,89,19,0,57,corr_ratio_high,5.00559267e-01,5.00000000e-01,2.49999843e+07,-1.57384101e+01,-4.39475524e-01,-1.52989346e+01,1.00032098e-09
40,1.00410252e+00,3.18180888e-08,89,19,1,58,normal_corr_dominates,6.74598756e+01,1.00000000e+00,2.49999699e+07,-3.00864397e+01,-4.39475524e-01,-2.96469642e+01,1.00008825e-09
40,1.00410252e+00,3.18180888e-08,89,19,1,58,corr_ratio_high,1.57325220e+00,5.00000000e-01,2.49999699e+07,-3.00864397e+01,-4.39475524e-01,-2.96469642e+01,1.00008825e-09
40,1.00410252e+00,3.18180888e-08,89,19,2,59,normal_corr_dominates,9.95909483e+00,1.00000000e+00,2.50000039e+07,3.93730290e+00,-4.39475524e-01,4.37677842e+00,1.00012991e-09
40,1.00410252e+00,3.18180888e-08,89,20,0,60,corr_ratio_high,3.23275576e+00,5.00000000e-01,2.49999927e+07,-7.31784577e+00,-3.76282478e+00,-3.55502099e+00,1.00002714e-09
40,1.00410252e+00,3.18180888e-08,89,20,1,61,normal_corr_dominates,7.35223897e+00,1.00000000e+00,2.50000239e+07,2.39023622e+01,-3.76282478e+00,2.76651870e+01,1.00027739e-09
40,1.00410252e+00,3.18180888e-08,89,20,2,62,normal_corr_dominates,2.52792501e+00,1.00000000e+00,2.50000057e+07,5.74931410e+00,-3.76282478e+00,9.51213888e+00,1.00025721e-09
40,1.00410252e+00,3.18180888e-08,89,22,0,66,normal_corr_dominates,2.66046247e+00,1.00000000e+00,2.50000107e+07,1.06714739e+01,-6.42680827e+00,1.70982822e+01,1.00023108e-09
40,1.00410252e+00,3.18180888e-08,89,22,2,68,normal_corr_dominates,8.04272708e+00,1.00000000e+00,2.49999419e+07,-5.81158731e+01,-6.42680827e+00,-5.16890649e+01,1.00018374e-09
40,1.00410252e+00,3.18180888e-08,89,23,0,69,normal_corr_dominates,1.24843075e+00,1.00000000e+00,2.49999694e+07,-3.06489210e+01,-1.36312497e+01,-1.70176713e+01,1.00022372e-09
40,1.00410252e+00,3.18180888e-08,89,23,1,70,normal_corr_dominates,2.06101399e+00,1.00000000e+00,2.50000145e+07,1.44629465e+01,-1.36312497e+01,2.80941962e+01,1.00013199e-09
40,1.00410252e+00,3.18180888e-08,89,24,0,72,normal_corr_dominates,1.79804281e+01,1.00000000e+00,2.50000278e+07,2.78221031e+01,-1.63848066e+00,2.94605838e+01,1.00016506e-09
40,1.00410252e+00,3.18180888e-08,89,24,1,73,normal_corr_dominates,1.29468186e+01,1.00000000e+00,2.50000196e+07,1.95746313e+01,-1.63848066e+00,2.12131120e+01,1.00020427e-09
40,1.00410252e+00,3.18180888e-08,89,24,2,74,normal_corr_dominates,2.43911737e+01,1.00000000e+00,2.49999584e+07,-4.16029471e+01,-1.63848066e+00,-3.99644664e+01,1.00019512e-09
40,1.00410252e+00,3.18180888e-08,89,27,1,82,normal_corr_dominates,2.30187165e+00,1.00000000e+00,2.50000215e+07,2.15003846e+01,-1.65149802e+01,3.80153648e+01,1.00020822e-09
40,1.00410252e+00,3.18180888e-08,89,28,0,84,normal_corr_dominates,1.02893646e+01,1.00000000e+00,2.49999467e+07,-5.33302125e+01,-4.72393394e+00,-4.86062785e+01,1.00020631e-09
40,1.00410252e+00,3.18180888e-08,89,28,1,85,normal_corr_dominates,6.70233190e+00,1.00000000e+00,2.50000269e+07,2.69374392e+01,-4.72393394e+00,3.16613732e+01,1.00018662e-09
40,1.00410252e+00,3.18180888e-08,89,28,2,86,normal_corr_dominates,8.99988040e+00,1.00000000e+00,2.49999528e+07,-4.72387744e+01,-4.72393394e+00,-4.25148405e+01,1.00021695e-09
40,1.00410252e+00,3.18180888e-08,89,30,0,90,normal_corr_dominates,1.61421308e+01,1.00000000e+00,2.49999814e+07,-1.85676115e+01,1.22622184e+00,-1.97938333e+01,1.00022556e-09
40,1.00410252e+00,3.18180888e-08,89,30,1,91,normal_corr_dominates,1.49221653e+01,1.00000000e+00,2.50000195e+07,1.95241068e+01,1.22622184e+00,1.82978850e+01,1.00017600e-09
40,1.00410252e+00,3.18180888e-08,89,30,2,92,normal_corr_dominates,3.04067759e+01,1.00000000e+00,2.49999639e+07,-3.60592310e+01,1.22622184e+00,-3.72854528e+01,1.00018546e-09
40,1.00410252e+00,3.18180888e-08,89,9,0,27,normal_corr_dominates,2.55497214e+00,1.00000000e+00,2.50000152e+07,1.51531387e+01,-9.74495830e+00,2.48980969e+01,1.00017725e-09
40,1.00410252e+00,3.18180888e-08,89,9,1,28,normal_corr_dominates,2.65257444e+00,1.00000000e+00,2.49999644e+07,-3.55941856e+01,-9.74495830e+00,-2.58492273e+01,1.00022614e-09
40,1.00410252e+00,3.18180888e-08,89,9,2,29,normal_corr_dominates,4.27049810e+00,1.00000000e+00,2.50000319e+07,3.18708676e+01,-9.74495830e+00,4.16158259e+01,1.00019844e-09
40,1.00410252e+00,3.18180888e-08,89,8,0,24,normal_corr_dominates,1.47258555e+00,1.00000000e+00,2.49999786e+07,-2.14448911e+01,-8.67306332e+00,-1.27718278e+01,1.00024718e-09
40,1.00410252e+00,3.18180888e-08,89,8,2,26,normal_corr_dominates,2.17760467e+00,1.00000000e+00,2.50000102e+07,1.02134399e+01,-8.67306332e+00,1.88865032e+01,1.00014413e-09
40,1.00410252e+00,3.18180888e-08,89,8,2,26,corr_ratio_high,5.88328939e-01,5.00000000e-01,2.50000102e+07,1.02134399e+01,-8.67306332e+00,1.88865032e+01,1.00014413e-09
41,1.03006898e+00,3.26409163e-08,89,0,0,0,normal_corr_dominates,4.20819380e+00,1.00000000e+00,2.49998905e+07,-1.09488274e+02,-2.10223117e+01,-8.84659620e+01,1.00032984e-09
41,1.03006898e+00,3.26409163e-08,89,0,1,1,normal_corr_dominates,2.32270441e+00,1.00000000e+00,2.50000278e+07,2.78063045e+01,-2.10223117e+01,4.88286162e+01,1.00014567e-09
41,1.03006898e+00,3.26409163e-08,89,0,1,1,corr_ratio_high,5.26155343e-01,5.00000000e-01,2.50000278e+07,2.78063045e+01,-2.10223117e+01,4.88286162e+01,1.00014567e-09
41,1.03006898e+00,3.26409163e-08,89,0,2,2,normal_corr_dominates,3.49502151e+00,1.00000000e+00,2.50000525e+07,5.24511200e+01,-2.10223117e+01,7.34734318e+01,1.00015396e-09
41,1.03006898e+00,3.26409163e-08,89,1,0,3,normal_corr_dominates,2.82829805e+00,1.00000000e+00,2.49999551e+07,-4.49056180e+01,-1.17299169e+01,-3.31757011e+01,1.00026253e-09
41,1.03006898e+00,3.26409163e-08,89,1,1,4,normal_corr_dominates,1.90469175e+00,1.00000000e+00,2.50000106e+07,1.06119591e+01,-1.17299169e+01,2.23418760e+01,1.00013705e-09
41,1.03006898e+00,3.26409163e-08,89,1,1,4,corr_ratio_high,6.39988548e-01,5.00000000e-01,2.50000106e+07,1.06119591e+01,-1.17299169e+01,2.23418760e+01,1.00013705e-09
41,1.03006898e+00,3.26409163e-08,89,1,2,5,normal_corr_dominates,4.44689426e+00,1.00000000e+00,2.50000404e+07,4.04317833e+01,-1.17299169e+01,5.21617002e+01,1.00021663e-09
41,1.03006898e+00,3.26409163e-08,89,2,0,6,normal_corr_dominates,2.77877633e+00,1.00000000e+00,2.49999788e+07,-2.12206245e+01,-5.61573976e+00,-1.56048847e+01,1.00018180e-09
41,1.03006898e+00,3.26409163e-08,89,2,1,7,normal_corr_dominates,5.20356403e+00,1.00000000e+00,2.50000236e+07,2.36061217e+01,-5.61573976e+00,2.92218614e+01,1.00012192e-09
41,1.03006898e+00,3.26409163e-08,89,3,0,9,normal_corr_dominates,7.43975850e+00,1.00000000e+00,2.50000300e+07,3.00413483e+01,-4.66498057e+00,3.47063288e+01,1.00022346e-09
41,1.03006898e+00,3.26409163e-08,89,3,2,11,normal_corr_dominates,3.21811275e+00,1.00000000e+00,2.50000103e+07,1.03474529e+01,-4.66498057e+00,1.50124334e+01,1.00022870e-09
41,1.03006898e+00,3.26409163e-08,89,4,0,12,normal_corr_dominates,2.64143451e+00,1.00000000e+00,2.50000147e+07,1.47062835e+01,-8.95940918e+00,2.36656926e+01,1.00006646e-09
41,1.03006898e+00,3.26409163e-08,89,4,0,12,corr_ratio_high,1.50035287e+00,5.00000000e-01,2.50000147e+07,1.47062835e+01,-8.95940918e+00,2.36656926e+01,1.00006646e-09
41,1.03006898e+00,3.26409163e-08,89,4,2,14,normal_corr_dominates,2.16544916e+00,1.00000000e+00,2.49999716e+07,-2.83605543e+01,-8.95940918e+00,-1.94011451e+01,1.00035811e-09
41,1.03006898e+00,3.26409163e-08,89,4,2,14,corr_ratio_high,5.78244836e-01,5.00000000e-01,2.49999716e+07,-2.83605543e+01,-8.95940918e+00,-1.94011451e+01,1.00035811e-09
41,1.03006898e+00,3.26409163e-08,89,5,0,15,normal_corr_dominates,6.08182305e+00,1.00000000e+00,2.49999713e+07,-2.86726063e+01,-4.04876062e+00,-2.46238457e+01,1.00012592e-09
41,1.03006898e+00,3.26409163e-08,89,5,0,15,corr_ratio_high,8.44281901e-01,5.00000000e-01,2.49999713e+07,-2.86726063e+01,-4.04876062e+00,-2.46238457e+01,1.00012592e-09
41,1.03006898e+00,3.26409163e-08,89,5,1,16,normal_corr_dominates,6.01540771e+00,1.00000000e+00,2.49999716e+07,-2.84037065e+01,-4.04876062e+00,-2.43549459e+01,1.00022414e-09
41,1.03006898e+00,3.26409163e-08,89,5,2,17,normal_corr_dominates,9.07876182e+00,1.00000000e+00,2.50000327e+07,3.27089727e+01,-4.04876062e+00,3.67577334e+01,1.00013539e-09
41,1.03006898e+00,3.26409163e-08,89,6,0,18,normal_corr_dominates,1.14080256e+01,1.00000000e+00,2.49999959e+07,-4.09433858e+00,3.93382831e-01,-4.48772141e+00,1.00016060e-09
41,1.03006898e+00,3.26409163e-08,89,6,1,19,normal_corr_dominates,1.17744375e+01,1.00000000e+00,2.50000050e+07,5.02524438e+00,3.93382831e-01,4.63186155e+00,1.00015080e-09
41,1.03006898e+00,3.26409163e-08,89,6,2,20,normal_corr_dominates,2.14917128e+00,1.00000000e+00,2.50000012e+07,1.23882991e+00,3.93382831e-01,8.45447081e-01,1.00022695e-09
41,1.03006898e+00,3.26409163e-08,89,12,1,37,corr_ratio_high,1.45912368e+00,5.00000000e-01,2.49999982e+07,-1.82643380e+00,-8.98614409e+00,7.15971029e+00,1.00007966e-09
41,1.03006898e+00,3.26409163e-08,89,12,2,38,normal_corr_dominates,4.17497641e+00,1.00000000e+00,2.50000285e+07,2.85307955e+01,-8.98614409e+00,3.75169396e+01,1.00024108e-09
41,1.03006898e+00,3.26409163e-08,89,13,0,39,normal_corr_dominates,1.42291268e+01,1.00000000e+00,2.49999746e+07,-2.53970219e+01,-1.66766107e+00,-2.37293608e+01,1.00010377e-09
41,1.03006898e+00,3.26409163e-08,89,13,0,39,corr_ratio_high,1.24871800e+00,5.00000000e-01,2.49999746e+07,-2.53970219e+01,-1.66766107e+00,-2.37293608e+01,1.00010377e-09
41,1.03006898e+00,3.26409163e-08,89,13,1,40,normal_corr_dominates,2.78751257e+01,1.00000000e+00,2.49999518e+07,-4.81539230e+01,-1.66766107e+00,-4.64862620e+01,1.00008088e-09
41,1.03006898e+00,3.26409163e-08,89,13,1,40,corr_ratio_high,2.13919563e+00,5.00000000e-01,2.49999518e+07,-4.81539230e+01,-1.66766107e+00,-4.64862620e+01,1.00008088e-09
41,1.03006898e+00,3.26409163e-08,89,13,2,41,normal_corr_dominates,2.74760668e+01,1.00000000e+00,2.50000442e+07,4.41531059e+01,-1.66766107e+00,4.58207670e+01,1.00035891e-09
41,1.03006898e+00,3.26409163e-08,89,13,2,41,corr_ratio_high,5.79008672e-01,5.00000000e-01,2.50000442e+07,4.41531059e+01,-1.66766107e+00,4.58207670e+01,1.00035891e-09
41,1.03006898e+00,3.26409163e-08,89,14,0,42,normal_corr_dominates,4.66602696e+00,1.00000000e+00,2.50000625e+07,6.24663765e+01,-1.70392573e+01,7.95056338e+01,1.00026424e-09
41,1.03006898e+00,3.26409163e-08,89,14,1,43,normal_corr_dominates,4.57705165e+00,1.00000000e+00,2.49999050e+07,-9.50288180e+01,-1.70392573e+01,-7.79895607e+01,1.00019247e-09
41,1.03006898e+00,3.26409163e-08,89,14,1,43,corr_ratio_high,7.88876184e-01,5.00000000e-01,2.49999050e+07,-9.50288180e+01,-1.70392573e+01,-7.79895607e+01,1.00019247e-09
41,1.03006898e+00,3.26409163e-08,89,14,2,44,normal_corr_dominates,3.52872282e+00,1.00000000e+00,2.49999228e+07,-7.71660734e+01,-1.70392573e+01,-6.01268161e+01,1.00019253e-09
41,1.03006898e+00,3.26409163e-08,89,15,0,45,normal_corr_dominates,4.30247792e+00,1.00000000e+00,2.49999582e+07,-4.17587159e+01,-7.87532104e+00,-3.38833949e+01,1.00012981e-09
41,1.03006898e+00,3.26409163e-08,89,15,0,45,corr_ratio_high,8.60872160e-01,5.00000000e-01,2.49999582e+07,-4.17587159e+01,-7.87532104e+00,-3.38833949e+01,1.00012981e-09
41,1.03006898e+00,3.26409163e-08,89,15,1,46,normal_corr_dominates,4.46790888e+00,1.00000000e+00,2.50000273e+07,2.73108957e+01,-7.87532104e+00,3.51862168e+01,1.00015005e-09
41,1.03006898e+00,3.26409163e-08,89,15,2,47,normal_corr_dominates,2.43498636e+00,1.00000000e+00,2.50000113e+07,1.13009783e+01,-7.87532104e+00,1.91762993e+01,1.00022238e-09
41,1.03006898e+00,3.26409163e-08,89,16,0,48,normal_corr_dominates,2.24993259e+00,1.00000000e+00,2.50000134e+07,1.34468137e+01,-1.07580311e+01,2.42048448e+01,1.00017560e-09
41,1.03006898e+00,3.26409163e-08,89,16,1,49,normal_corr_dominates,4.82602468e+00,1.00000000e+00,2.49999373e+07,-6.26765547e+01,-1.07580311e+01,-5.19185236e+01,1.00008505e-09
41,1.03006898e+00,3.26409163e-08,89,16,1,49,corr_ratio_high,1.78618002e+00,5.00000000e-01,2.49999373e+07,-6.26765547e+01,-1.07580311e+01,-5.19185236e+01,1.00008505e-09
41,1.03006898e+00,3.26409163e-08,89,16,2,50,normal_corr_dominates,2.10773731e+00,1.00000000e+00,2.50000119e+07,1.19170724e+01,-1.07580311e+01,2.26751035e+01,1.00033236e-09
41,1.03006898e+00,3.26409163e-08,89,16,2,50,corr_ratio_high,5.58928742e-01,5.00000000e-01,2.50000119e+07,1.19170724e+01,-1.07580311e+01,2.26751035e+01,1.00033236e-09
41,1.03006898e+00,3.26409163e-08,89,17,1,52,normal_corr_dominates,1.65712841e+00,1.00000000e+00,2.49999778e+07,-2.21624516e+01,-8.34075296e+00,-1.38216987e+01,1.00009796e-09
41,1.03006898e+00,3.26409163e-08,89,17,1,52,corr_ratio_high,1.49601316e+00,5.00000000e-01,2.49999778e+07,-2.21624516e+01,-8.34075296e+00,-1.38216987e+01,1.00009796e-09
41,1.03006898e+00,3.26409163e-08,89,18,0,54,normal_corr_dominates,5.63614822e+00,1.00000000e+00,2.50000187e+07,1.87369244e+01,-4.04148521e+00,2.27784096e+01,1.00010805e-09
41,1.03006898e+00,3.26409163e-08,89,18,0,54,corr_ratio_high,6.17054463e-01,5.00000000e-01,2.50000187e+07,1.87369244e+01,-4.04148521e+00,2.27784096e+01,1.00010805e-09
41,1.03006898e+00,3.26409163e-08,89,18,1,55,normal_corr_dominates,7.14853159e+00,1.00000000e+00,2.49999671e+07,-3.29321699e+01,-4.04148521e+00,-2.88906847e+01,1.00013805e-09
41,1.03006898e+00,3.26409163e-08,89,19,0,57,normal_corr_dominates,3.48323468e+01,1.00000000e+00,2.49999839e+07,-1.61169888e+01,-4.49788814e-01,-1.56672000e+01,1.00032867e-09
41,1.03006898e+00,3.26409163e-08,89,19,0,57,corr_ratio_high,5.00549099e-01,5.00000000e-01,2.49999839e+07,-1.61169888e+01,-4.49788814e-01,-1.56672000e+01,1.00032867e-09
41,1.03006898e+00,3.26409163e-08,89,19,1,58,normal_corr_dominates,6.74912014e+01,1.00000000e+00,2.49999692e+07,-3.08065762e+01,-4.49788814e-01,-3.03567874e+01,1.00009038e-09
41,1.03006898e+00,3.26409163e-08,89,19,1,58,corr_ratio_high,1.57293253e+00,5.00000000e-01,2.49999692e+07,-3.08065762e+01,-4.49788814e-01,-3.03567874e+01,1.00009038e-09
41,1.03006898e+00,3.26409163e-08,89,19,2,59,normal_corr_dominates,9.96747740e+00,1.00000000e+00,2.50000040e+07,4.03347102e+00,-4.49788814e-01,4.48325984e+00,1.00013304e-09
41,1.03006898e+00,3.26409163e-08,89,20,0,60,corr_ratio_high,3.23221405e+00,5.00000000e-01,2.49999925e+07,-7.49555463e+00,-3.85390528e+00,-3.64164935e+00,1.00002781e-09
41,1.03006898e+00,3.26409163e-08,89,20,1,61,normal_corr_dominates,7.35044520e+00,1.00000000e+00,2.50000245e+07,2.44740143e+01,-3.85390528e+00,2.83279196e+01,1.00028405e-09
41,1.03006898e+00,3.26409163e-08,89,20,2,62,normal_corr_dominates,2.52753852e+00,1.00000000e+00,2.50000059e+07,5.88698877e+00,-3.85390528e+00,9.74089405e+00,1.00026338e-09
41,1.03006898e+00,3.26409163e-08,89,22,0,66,normal_corr_dominates,2.66007469e+00,1.00000000e+00,2.50000109e+07,1.09261899e+01,-6.58174596e+00,1.75079358e+01,1.00023663e-09
41,1.03006898e+00,3.26409163e-08,89,22,2,68,normal_corr_dominates,8.04227016e+00,1.00000000e+00,2.49999405e+07,-5.95139250e+01,-6.58174596e+00,-5.29321791e+01,1.00018815e-09
41,1.03006898e+00,3.26409163e-08,89,23,0,69,normal_corr_dominates,1.24853809e+00,1.00000000e+00,2.49999686e+07,-3.13836223e+01,-1.39573452e+01,-1.74262771e+01,1.00022908e-09
41,1.03006898e+00,3.26409163e-08,89,23,1,70,normal_corr_dominates,2.06099575e+00,1.00000000e+00,2.50000148e+07,1.48086839e+01,-1.39573452e+01,2.87660291e+01,1.00013517e-09
41,1.03006898e+00,3.26409163e-08,89,24,0,72,normal_corr_dominates,1.79907396e+01,1.00000000e+00,2.50000285e+07,2.84907904e+01,-1.67684227e+00,3.01676326e+01,1.00016900e-09
41,1.03006898e+00,3.26409163e-08,89,24,1,73,normal_corr_dominates,1.29556868e+01,1.00000000e+00,2.50000200e+07,2.00478010e+01,-1.67684227e+00,2.17246432e+01,1.00020916e-09
41,1.03006898e+00,3.26409163e-08,89,24,2,74,normal_corr_dominates,2.44082922e+01,1.00000000e+00,2.49999574e+07,-4.26056984e+01,-1.67684227e+00,-4.09288562e+01,1.00019981e-09
41,1.03006898e+00,3.26409163e-08,89,27,1,82,normal_corr_dominates,2.30173080e+00,1.00000000e+00,2.50000220e+07,2.20147857e+01,-1.69119342e+01,3.89267200e+01,1.00021322e-09
41,1.03006898e+00,3.26409163e-08,89,28,0,84,normal_corr_dominates,1.02930746e+01,1.00000000e+00,2.49999454e+07,-5.46063024e+01,-4.83537960e+00,-4.97709228e+01,1.00021125e-09
41,1.03006898e+00,3.26409163e-08,89,28,1,85,normal_corr_dominates,6.70500591e+00,1.00000000e+00,2.50000276e+07,2.75858692e+01,-4.83537960e+00,3.24212488e+01,1.00019110e-09
41,1.03006898e+00,3.26409163e-08,89,28,2,86,normal_corr_dominates,9.00524182e+00,1.00000000e+00,2.49999516e+07,-4.83791422e+01,-4.83537960e+00,-4.35437626e+01,1.00022217e-09
41,1.03006898e+00,3.26409163e-08,89,30,0,90,normal_corr_dominates,1.61369614e+01,1.00000000e+00,2.49999810e+07,-1.90126759e+01,1.25604310e+00,-2.02687191e+01,1.00023097e-09
41,1.03006898e+00,3.26409163e-08,89,30,1,91,normal_corr_dominates,1.49193401e+01,1.00000000e+00,2.50000200e+07,1.99953774e+01,1.25604310e+00,1.87393343e+01,1.00018022e-09
41,1.03006898e+00,3.26409163e-08,89,30,2,92,normal_corr_dominates,3.04003573e+01,1.00000000e+00,2.49999631e+07,-3.69281160e+01,1.25604310e+00,-3.81841591e+01,1.00018991e-09
41,1.03006898e+00,3.26409163e-08,89,9,0,27,normal_corr_dominates,2.55412822e+00,1.00000000e+00,2.50000155e+07,1.55085779e+01,-9.97895649e+00,2.54875344e+01,1.00018152e-09
41,1.03006898e+00,3.26409163e-08,89,9,1,28,normal_corr_dominates,2.65198844e+00,1.00000000e+00,2.49999636e+07,-3.64430337e+01,-9.97895649e+00,-2.64640772e+01,1.00023155e-09
41,1.03006898e+00,3.26409163e-08,89,9,2,29,normal_corr_dominates,4.27040686e+00,1.00000000e+00,2.50000326e+07,3.26352478e+01,-9.97895649e+00,4.26142043e+01,1.00020320e-09
41,1.03006898e+00,3.26409163e-08,89,8,0,24,normal_corr_dominates,1.47259625e+00,1.00000000e+00,2.49999780e+07,-2.19586767e+01,-8.88081775e+00,-1.30778589e+01,1.00025311e-09
41,1.03006898e+00,3.26409163e-08,89,8,2,26,normal_corr_dominates,2.17788099e+00,1.00000000e+00,2.50000105e+07,1.04605464e+01,-8.88081775e+00,1.93413642e+01,1.00014759e-09
41,1.03006898e+00,3.26409163e-08,89,8,2,26,corr_ratio_high,5.88293732e-01,5.00000000e-01,2.50000105e+07,1.04605464e+01,-8.88081775e+00,1.93413642e+01,1.00014759e-09
42,1.05260482e+00,3.33550339e-08,89,0,0,0,normal_corr_dominates,4.20794929e+00,1.00000000e+00,2.49998883e+07,-1.11707768e+02,-2.14494730e+01,-9.02582946e+01,1.00033653e-09
42,1.05260482e+00,3.33550339e-08,89,0,1,1,normal_corr_dominates,2.32288987e+00,1.00000000e+00,2.50000284e+07,2.83752904e+01,-2.14494730e+01,4.98247634e+01,1.00014861e-09
42,1.05260482e+00,3.33550339e-08,89,0,1,1,corr_ratio_high,5.26254379e-01,5.00000000e-01,2.50000284e+07,2.83752904e+01,-2.14494730e+01,4.98247634e+01,1.00014861e-09
42,1.05260482e+00,3.33550339e-08,89,0,2,2,normal_corr_dominates,3.49479836e+00,1.00000000e+00,2.50000535e+07,5.35121100e+01,-2.14494730e+01,7.49615830e+01,1.00015710e-09
42,1.05260482e+00,3.33550339e-08,89,1,0,3,normal_corr_dominates,2.82820651e+00,1.00000000e+00,2.49999542e+07,-4.58152011e+01,-1.19677977e+01,-3.38474034e+01,1.00026786e-09
42,1.05260482e+00,3.33550339e-08,89,1,1,4,normal_corr_dominates,1.90482319e+00,1.00000000e+00,2.50000108e+07,1.08287409e+01,-1.19677977e+01,2.27965386e+01,1.00013982e-09
42,1.05260482e+00,3.33550339e-08,89,1,1,4,corr_ratio_high,6.40012294e-01,5.00000000e-01,2.50000108e+07,1.08287409e+01,-1.19677977e+01,2.27965386e+01,1.00013982e-09
42,1.05260482e+00,3.33550339e-08,89,1,2,5,normal_corr_dominates,4.44698289e+00,1.00000000e+00,2.50000413e+07,4.12527939e+01,-1.19677977e+01,5.32205916e+01,1.00022103e-09
42,1.05260482e+00,3.33550339e-08,89,2,0,6,normal_corr_dominates,2.77942094e+00,1.00000000e+00,2.49999783e+07,-2.16534773e+01,-5.72931083e+00,-1.59241665e+01,1.00018549e-09
42,1.05260482e+00,3.33550339e-08,89,2,1,7,normal_corr_dominates,5.20403987e+00,1.00000000e+00,2.50000241e+07,2.40862512e+01,-5.72931083e+00,2.98155620e+01,1.00012439e-09
42,1.05260482e+00,3.33550339e-08,89,3,0,9,normal_corr_dominates,7.43888685e+00,1.00000000e+00,2.50000306e+07,3.06458782e+01,-4.75949941e+00,3.54053776e+01,1.00022800e-09
42,1.05260482e+00,3.33550339e-08,89,3,2,11,normal_corr_dominates,3.21792386e+00,1.00000000e+00,2.50000106e+07,1.05562073e+01,-4.75949941e+00,1.53157067e+01,1.00023334e-09
42,1.05260482e+00,3.33550339e-08,89,4,0,12,normal_corr_dominates,2.64164081e+00,1.00000000e+00,2.50000150e+07,1.50054677e+01,-9.14053038e+00,2.41459981e+01,1.00006780e-09
42,1.05260482e+00,3.33550339e-08,89,4,0,12,corr_ratio_high,1.50038965e+00,5.00000000e-01,2.50000150e+07,1.50054677e+01,-9.14053038e+00,2.41459981e+01,1.00006780e-09
42,1.05260482e+00,3.33550339e-08,89,4,2,14,normal_corr_dominates,2.16609419e+00,1.00000000e+00,2.49999711e+07,-2.89397801e+01,-9.14053038e+00,-1.97992498e+01,1.00036538e-09
42,1.05260482e+00,3.33550339e-08,89,4,2,14,corr_ratio_high,5.78247766e-01,5.00000000e-01,2.49999711e+07,-2.89397801e+01,-9.14053038e+00,-1.97992498e+01,1.00036538e-09
42,1.05260482e+00,3.33550339e-08,89,5,0,15,normal_corr_dominates,6.08003093e+00,1.00000000e+00,2.49999708e+07,-2.92496994e+01,-4.13129543e+00,-2.51184040e+01,1.00012847e-09
42,1.05260482e+00,3.33550339e-08,89,5,0,15,corr_ratio_high,8.44286351e-01,5.00000000e-01,2.49999708e+07,-2.92496994e+01,-4.13129543e+00,-2.51184040e+01,1.00012847e-09
42,1.05260482e+00,3.33550339e-08,89,5,1,16,normal_corr_dominates,6.01654931e+00,1.00000000e+00,2.49999710e+07,-2.89874381e+01,-4.13129543e+00,-2.48561427e+01,1.00022871e-09
42,1.05260482e+00,3.33550339e-08,89,5,2,17,normal_corr_dominates,9.07804407e+00,1.00000000e+00,2.50000334e+07,3.33727866e+01,-4.13129543e+00,3.75040820e+01,1.00013814e-09
42,1.05260482e+00,3.33550339e-08,89,6,0,18,normal_corr_dominates,1.14020048e+01,1.00000000e+00,2.49999958e+07,-4.17804523e+00,4.01657692e-01,-4.57970292e+00,1.00016386e-09
42,1.05260482e+00,3.33550339e-08,89,6,1,19,normal_corr_dominates,1.17627875e+01,1.00000000e+00,2.50000051e+07,5.12627176e+00,4.01657692e-01,4.72461407e+00,1.00015387e-09
42,1.05260482e+00,3.33550339e-08,89,6,2,20,normal_corr_dominates,2.15018091e+00,1.00000000e+00,2.50000013e+07,1.26529440e+00,4.01657692e-01,8.63636704e-01,1.00023156e-09
42,1.05260482e+00,3.33550339e-08,89,12,1,37,corr_ratio_high,1.45906300e+00,5.00000000e-01,2.49999981e+07,-1.86368535e+00,-9.16770152e+00,7.30401617e+00,1.00008128e-09
42,1.05260482e+00,3.33550339e-08,89,12,2,38,normal_corr_dominates,4.17517232e+00,1.00000000e+00,2.50000291e+07,2.91090321e+01,-9.16770152e+00,3.82767336e+01,1.00024598e-09
42,1.05260482e+00,3.33550339e-08,89,13,0,39,normal_corr_dominates,1.42191602e+01,1.00000000e+00,2.49999741e+07,-2.59147965e+01,-1.70277441e+00,-2.42120221e+01,1.00010589e-09
42,1.05260482e+00,3.33550339e-08,89,13,0,39,corr_ratio_high,1.24850856e+00,5.00000000e-01,2.49999741e+07,-2.59147965e+01,-1.70277441e+00,-2.42120221e+01,1.00010589e-09
42,1.05260482e+00,3.33550339e-08,89,13,1,40,normal_corr_dominates,2.78531457e+01,1.00000000e+00,2.49999509e+07,-4.91303981e+01,-1.70277441e+00,-4.74276236e+01,1.00008252e-09
42,1.05260482e+00,3.33550339e-08,89,13,1,40,corr_ratio_high,2.13912113e+00,5.00000000e-01,2.49999509e+07,-4.91303981e+01,-1.70277441e+00,-4.74276236e+01,1.00008252e-09
42,1.05260482e+00,3.33550339e-08,89,13,2,41,normal_corr_dominates,2.74540719e+01,1.00000000e+00,2.50000450e+07,4.50453166e+01,-1.70277441e+00,4.67480910e+01,1.00036619e-09
42,1.05260482e+00,3.33550339e-08,89,13,2,41,corr_ratio_high,5.79007021e-01,5.00000000e-01,2.50000450e+07,4.50453166e+01,-1.70277441e+00,4.67480910e+01,1.00036619e-09
42,1.05260482e+00,3.33550339e-08,89,14,0,42,normal_corr_dominates,4.66657964e+00,1.00000000e+00,2.50000637e+07,6.37421683e+01,-1.73846404e+01,8.11268087e+01,1.00026958e-09
42,1.05260482e+00,3.33550339e-08,89,14,1,43,normal_corr_dominates,4.57716042e+00,1.00000000e+00,2.49999030e+07,-9.69569281e+01,-1.73846404e+01,-7.95722878e+01,1.00019637e-09
42,1.05260482e+00,3.33550339e-08,89,14,1,43,corr_ratio_high,7.88881586e-01,5.00000000e-01,2.49999030e+07,-9.69569281e+01,-1.73846404e+01,-7.95722878e+01,1.00019637e-09
42,1.05260482e+00,3.33550339e-08,89,14,2,44,normal_corr_dominates,3.52930879e+00,1.00000000e+00,2.49999213e+07,-7.87404044e+01,-1.73846404e+01,-6.13557640e+01,1.00019646e-09
42,1.05260482e+00,3.33550339e-08,89,15,0,45,normal_corr_dominates,4.30277756e+00,1.00000000e+00,2.49999574e+07,-4.26034126e+01,-8.03416929e+00,-3.45692433e+01,1.00013245e-09
42,1.05260482e+00,3.33550339e-08,89,15,0,45,corr_ratio_high,8.60777989e-01,5.00000000e-01,2.49999574e+07,-4.26034126e+01,-8.03416929e+00,-3.45692433e+01,1.00013245e-09
42,1.05260482e+00,3.33550339e-08,89,15,1,46,normal_corr_dominates,4.46835280e+00,1.00000000e+00,2.50000279e+07,2.78653335e+01,-8.03416929e+00,3.58995028e+01,1.00015310e-09
42,1.05260482e+00,3.33550339e-08,89,15,2,47,normal_corr_dominates,2.43547251e+00,1.00000000e+00,2.50000115e+07,1.15328291e+01,-8.03416929e+00,1.95669984e+01,1.00022689e-09
42,1.05260482e+00,3.33550339e-08,89,16,0,48,normal_corr_dominates,2.25043832e+00,1.00000000e+00,2.50000137e+07,1.37255402e+01,-1.09765831e+01,2.47021233e+01,1.00017915e-09
42,1.05260482e+00,3.33550339e-08,89,16,1,49,normal_corr_dominates,4.82566997e+00,1.00000000e+00,2.49999361e+07,-6.39459507e+01,-1.09765831e+01,-5.29693676e+01,1.00008678e-09
42,1.05260482e+00,3.33550339e-08,89,16,1,49,corr_ratio_high,1.78607565e+00,5.00000000e-01,2.49999361e+07,-6.39459507e+01,-1.09765831e+01,-5.29693676e+01,1.00008678e-09
42,1.05260482e+00,3.33550339e-08,89,16,2,50,normal_corr_dominates,2.10703386e+00,1.00000000e+00,2.50000122e+07,1.21514492e+01,-1.09765831e+01,2.31280323e+01,1.00033912e-09
42,1.05260482e+00,3.33550339e-08,89,16,2,50,corr_ratio_high,5.58940024e-01,5.00000000e-01,2.50000122e+07,1.21514492e+01,-1.09765831e+01,2.31280323e+01,1.00033912e-09
42,1.05260482e+00,3.33550339e-08,89,17,1,52,normal_corr_dominates,1.65689652e+00,1.00000000e+00,2.49999774e+07,-2.26106679e+01,-8.51018011e+00,-1.41004878e+01,1.00009996e-09
42,1.05260482e+00,3.33550339e-08,89,17,1,52,corr_ratio_high,1.49575930e+00,5.00000000e-01,2.49999774e+07,-2.26106679e+01,-8.51018011e+00,-1.41004878e+01,1.00009996e-09
42,1.05260482e+00,3.33550339e-08,89,18,0,54,normal_corr_dominates,5.63587310e+00,1.00000000e+00,2.50000191e+07,1.91155431e+01,-4.12339654e+00,2.32389397e+01,1.00011025e-09
42,1.05260482e+00,3.33550339e-08,89,18,0,54,corr_ratio_high,6.17022335e-01,5.00000000e-01,2.50000191e+07,1.91155431e+01,-4.12339654e+00,2.32389397e+01,1.00011025e-09
42,1.05260482e+00,3.33550339e-08,89,18,1,55,normal_corr_dominates,7.14864118e+00,1.00000000e+00,2.49999664e+07,-3.36000789e+01,-4.12339654e+00,-2.94766823e+01,1.00014086e-09
42,1.05260482e+00,3.33550339e-08,89,19,0,57,normal_corr_dominates,3.48497990e+01,1.00000000e+00,2.49999836e+07,-1.64448670e+01,-4.58715738e-01,-1.59861513e+01,1.00033533e-09
42,1.05260482e+00,3.33550339e-08,89,19,0,57,corr_ratio_high,5.00540146e-01,5.00000000e-01,2.49999836e+07,-1.64448670e+01,-4.58715738e-01,-1.59861513e+01,1.00033533e-09
42,1.05260482e+00,3.33550339e-08,89,19,1,58,normal_corr_dominates,6.75177024e+01,1.00000000e+00,2.49999686e+07,-3.14301484e+01,-4.58715738e-01,-3.09714327e+01,1.00009222e-09
42,1.05260482e+00,3.33550339e-08,89,19,1,58,corr_ratio_high,1.57265821e+00,5.00000000e-01,2.49999686e+07,-3.14301484e+01,-4.58715738e-01,-3.09714327e+01,1.00009222e-09
42,1.05260482e+00,3.33550339e-08,89,19,2,59,normal_corr_dominates,9.97463674e+00,1.00000000e+00,2.50000041e+07,4.11680711e+00,-4.58715738e-01,4.57552285e+00,1.00013574e-09
42,1.05260482e+00,3.33550339e-08,89,20,0,60,corr_ratio_high,3.23174997e+00,5.00000000e-01,2.49999924e+07,-7.64951941e+00,-3.93279113e+00,-3.71672829e+00,1.00002838e-09
42,1.05260482e+00,3.33550339e-08,89,20,1,61,normal_corr_dominates,7.34893148e+00,1.00000000e+00,2.50000250e+07,2.49690214e+01,-3.93279113e+00,2.89018125e+01,1.00028981e-09
42,1.05260482e+00,3.33550339e-08,89,20,2,62,normal_corr_dominates,2.52721856e+00,1.00000000e+00,2.50000060e+07,6.00623159e+00,-3.93279113e+00,9.93902272e+00,1.00026873e-09
42,1.05260482e+00,3.33550339e-08,89,22,0,66,normal_corr_dominates,2.65974105e+00,1.00000000e+00,2.50000111e+07,1.11467193e+01,-6.71593877e+00,1.78626581e+01,1.00024143e-09
42,1.05260482e+00,3.33550339e-08,89,22,2,68,normal_corr_dominates,8.04187071e+00,1.00000000e+00,2.49999393e+07,-6.07246501e+01,-6.71593877e+00,-5.40087113e+01,1.00019198e-09
42,1.05260482e+00,3.33550339e-08,89,23,0,69,normal_corr_dominates,1.24862720e+00,1.00000000e+00,2.49999680e+07,-3.20198336e+01,-1.42397253e+01,-1.77801083e+01,1.00023373e-09
42,1.05260482e+00,3.33550339e-08,89,23,1,70,normal_corr_dominates,2.06097785e+00,1.00000000e+00,2.50000151e+07,1.51080332e+01,-1.42397253e+01,2.93477585e+01,1.00013791e-09
42,1.05260482e+00,3.33550339e-08,89,24,0,72,normal_corr_dominates,1.79993427e+01,1.00000000e+00,2.50000291e+07,2.90698420e+01,-1.71005682e+00,3.07798988e+01,1.00017242e-09
42,1.05260482e+00,3.33550339e-08,89,24,1,73,normal_corr_dominates,1.29631092e+01,1.00000000e+00,2.50000205e+07,2.04575966e+01,-1.71005682e+00,2.21676534e+01,1.00021341e-09
42,1.05260482e+00,3.33550339e-08,89,24,2,74,normal_corr_dominates,2.44226280e+01,1.00000000e+00,2.49999565e+07,-4.34741384e+01,-1.71005682e+00,-4.17640816e+01,1.00020387e-09
42,1.05260482e+00,3.33550339e-08,89,27,1,82,normal_corr_dominates,2.30161054e+00,1.00000000e+00,2.50000225e+07,2.24602058e+01,-1.72557037e+01,3.97159095e+01,1.00021755e-09
42,1.05260482e+00,3.33550339e-08,89,28,0,84,normal_corr_dominates,1.02961958e+01,1.00000000e+00,2.49999443e+07,-5.57112709e+01,-4.93186128e+00,-5.07794096e+01,1.00021554e-09
42,1.05260482e+00,3.33550339e-08,89,28,1,85,normal_corr_dominates,6.70725664e+00,1.00000000e+00,2.50000281e+07,2.81473980e+01,-4.93186128e+00,3.30792593e+01,1.00019497e-09
42,1.05260482e+00,3.33550339e-08,89,28,2,86,normal_corr_dominates,9.00976983e+00,1.00000000e+00,2.49999506e+07,-4.93667963e+01,-4.93186128e+00,-4.44349350e+01,1.00022670e-09
42,1.05260482e+00,3.33550339e-08,89,30,0,90,normal_corr_dominates,1.61327197e+01,1.00000000e+00,2.49999806e+07,-1.93980778e+01,1.28186329e+00,-2.06799411e+01,1.00023566e-09
42,1.05260482e+00,3.33550339e-08,89,30,1,91,normal_corr_dominates,1.49170757e+01,1.00000000e+00,2.50000204e+07,2.04035150e+01,1.28186329e+00,1.91216517e+01,1.00018387e-09
42,1.05260482e+00,3.33550339e-08,89,30,2,92,normal_corr_dominates,3.03951878e+01,1.00000000e+00,2.49999623e+07,-3.76806120e+01,1.28186329e+00,-3.89624753e+01,1.00019377e-09
42,1.05260482e+00,3.33550339e-08,89,9,0,27,normal_corr_dominates,2.55340712e+00,1.00000000e+00,2.50000158e+07,1.58161767e+01,-1.01816043e+01,2.59977810e+01,1.00018521e-09
42,1.05260482e+00,3.33550339e-08,89,9,1,28,normal_corr_dominates,2.65148641e+00,1.00000000e+00,2.49999628e+07,-3.71779899e+01,-1.01816043e+01,-2.69963856e+01,1.00023624e-09
42,1.05260482e+00,3.33550339e-08,89,9,2,29,normal_corr_dominates,4.27032468e+00,1.00000000e+00,2.50000333e+07,3.32971520e+01,-1.01816043e+01,4.34787563e+01,1.00020733e-09
42,1.05260482e+00,3.33550339e-08,89,8,0,24,normal_corr_dominates,1.47260405e+00,1.00000000e+00,2.49999776e+07,-2.24035967e+01,-9.06072957e+00,-1.33428671e+01,1.00025824e-09
42,1.05260482e+00,3.33550339e-08,89,8,2,26,normal_corr_dominates,2.17811447e+00,1.00000000e+00,2.50000107e+07,1.06745767e+01,-9.06072957e+00,1.97353062e+01,1.00015059e-09
42,1.05260482e+00,3.33550339e-08,89,8,2,26,corr_ratio_high,5.88263210e-01,5.00000000e-01,2.50000107e+07,1.06745767e+01,-9.06072957e+00,1.97353062e+01,1.00015059e-09
43,1.07556316e+00,3.40825400e-08,89,0,0,0,normal_corr_dominates,4.20770326e+00,1.00000000e+00,2.49998860e+07,-1.13964211e+02,-2.18837759e+01,-9.20804349e+01,1.00034333e-09
43,1.07556316e+00,3.40825400e-08,89,0,1,1,normal_corr_dominates,2.32307506e+00,1.00000000e+00,2.50000290e+07,2.89538781e+01,-2.18837759e+01,5.08376539e+01,1.00015160e-09
43,1.07556316e+00,3.40825400e-08,89,0,1,1,corr_ratio_high,5.26354137e-01,5.00000000e-01,2.50000290e+07,2.89538781e+01,-2.18837759e+01,5.08376539e+01,1.00015160e-09
43,1.07556316e+00,3.40825400e-08,89,0,2,2,normal_corr_dominates,3.49457414e+00,1.00000000e+00,2.50000546e+07,5.45907013e+01,-2.18837759e+01,7.64744772e+01,1.00016030e-09
43,1.07556316e+00,3.40825400e-08,89,1,0,3,normal_corr_dominates,2.82811296e+00,1.00000000e+00,2.49999533e+07,-4.67399333e+01,-1.22096536e+01,-3.45302796e+01,1.00027327e-09
43,1.07556316e+00,3.40825400e-08,89,1,1,4,normal_corr_dominates,1.90495374e+00,1.00000000e+00,2.50000110e+07,1.10491717e+01,-1.22096536e+01,2.32588253e+01,1.00014265e-09
43,1.07556316e+00,3.40825400e-08,89,1,1,4,corr_ratio_high,6.40035617e-01,5.00000000e-01,2.50000110e+07,1.10491717e+01,-1.22096536e+01,2.32588253e+01,1.00014265e-09
43,1.07556316e+00,3.40825400e-08,89,1,2,5,normal_corr_dominates,4.44706829e+00,1.00000000e+00,2.50000421e+07,4.20875099e+01,-1.22096536e+01,5.42971635e+01,1.00022552e-09
43,1.07556316e+00,3.40825400e-08,89,2,0,6,normal_corr_dominates,2.78006174e+00,1.00000000e+00,2.49999779e+07,-2.20936248e+01,-5.84477883e+00,-1.62488460e+01,1.00018925e-09
43,1.07556316e+00,3.40825400e-08,89,2,1,7,normal_corr_dominates,5.20450395e+00,1.00000000e+00,2.50000246e+07,2.45743956e+01,-5.84477883e+00,3.04191745e+01,1.00012690e-09
43,1.07556316e+00,3.40825400e-08,89,3,0,9,normal_corr_dominates,7.43800336e+00,1.00000000e+00,2.50000313e+07,3.12603529e+01,-4.85559749e+00,3.61159504e+01,1.00023261e-09
43,1.07556316e+00,3.40825400e-08,89,3,2,11,normal_corr_dominates,3.21772907e+00,1.00000000e+00,2.50000108e+07,1.07683997e+01,-4.85559749e+00,1.56239972e+01,1.00023806e-09
43,1.07556316e+00,3.40825400e-08,89,4,0,12,normal_corr_dominates,2.64184295e+00,1.00000000e+00,2.50000153e+07,1.53096261e+01,-9.32465932e+00,2.46342855e+01,1.00006917e-09
43,1.07556316e+00,3.40825400e-08,89,4,0,12,corr_ratio_high,1.50042531e+00,5.00000000e-01,2.50000153e+07,1.53096261e+01,-9.32465932e+00,2.46342855e+01,1.00006917e-09
43,1.07556316e+00,3.40825400e-08,89,4,2,14,normal_corr_dominates,2.16673922e+00,1.00000000e+00,2.49999705e+07,-2.95287644e+01,-9.32465932e+00,-2.02041051e+01,1.00037276e-09
43,1.07556316e+00,3.40825400e-08,89,4,2,14,corr_ratio_high,5.78250568e-01,5.00000000e-01,2.49999705e+07,-2.95287644e+01,-9.32465932e+00,-2.02041051e+01,1.00037276e-09
43,1.07556316e+00,3.40825400e-08,89,5,0,15,normal_corr_dominates,6.07822178e+00,1.00000000e+00,2.49999702e+07,-2.98363032e+01,-4.21522583e+00,-2.56210774e+01,1.00013107e-09
43,1.07556316e+00,3.40825400e-08,89,5,0,15,corr_ratio_high,8.44290100e-01,5.00000000e-01,2.49999702e+07,-2.98363032e+01,-4.21522583e+00,-2.56210774e+01,1.00013107e-09
43,1.07556316e+00,3.40825400e-08,89,5,1,16,normal_corr_dominates,6.01767848e+00,1.00000000e+00,2.49999704e+07,-2.95810996e+01,-4.21522583e+00,-2.53658737e+01,1.00023334e-09
43,1.07556316e+00,3.40825400e-08,89,5,2,17,normal_corr_dominates,9.07730775e+00,1.00000000e+00,2.50000340e+07,3.40476762e+01,-4.21522583e+00,3.82629021e+01,1.00014094e-09
43,1.07556316e+00,3.40825400e-08,89,6,0,18,normal_corr_dominates,1.13962881e+01,1.00000000e+00,2.49999957e+07,-4.26317685e+00,4.10067208e-01,-4.67324406e+00,1.00016717e-09
43,1.07556316e+00,3.40825400e-08,89,6,1,19,normal_corr_dominates,1.17514096e+01,1.00000000e+00,2.50000052e+07,5.22893493e+00,4.10067208e-01,4.81886773e+00,1.00015699e-09
43,1.07556316e+00,3.40825400e-08,89,6,2,20,normal_corr_dominates,2.15131542e+00,1.00000000e+00,2.50000013e+07,1.29225112e+00,4.10067208e-01,8.82183909e-01,1.00023624e-09
43,1.07556316e+00,3.40825400e-08,89,12,1,37,corr_ratio_high,1.45900095e+00,5.00000000e-01,2.49999981e+07,-1.90160167e+00,-9.35227667e+00,7.45067500e+00,1.00008292e-09
43,1.07556316e+00,3.40825400e-08,89,12,2,38,normal_corr_dominates,4.17536591e+00,1.00000000e+00,2.50000297e+07,2.96969005e+01,-9.35227667e+00,3.90491772e+01,1.00025097e-09
43,1.07556316e+00,3.40825400e-08,89,13,0,39,normal_corr_dominates,1.42092452e+01,1.00000000e+00,2.49999736e+07,-2.64412906e+01,-1.73850117e+00,-2.47027894e+01,1.00010805e-09
43,1.07556316e+00,3.40825400e-08,89,13,0,39,corr_ratio_high,1.24829741e+00,5.00000000e-01,2.49999736e+07,-2.64412906e+01,-1.73850117e+00,-2.47027894e+01,1.00010805e-09
43,1.07556316e+00,3.40825400e-08,89,13,1,40,normal_corr_dominates,2.78312456e+01,1.00000000e+00,2.49999499e+07,-5.01231541e+01,-1.73850117e+00,-4.83846529e+01,1.00008419e-09
43,1.07556316e+00,3.40825400e-08,89,13,1,40,corr_ratio_high,2.13904466e+00,5.00000000e-01,2.49999499e+07,-5.01231541e+01,-1.73850117e+00,-4.83846529e+01,1.00008419e-09
43,1.07556316e+00,3.40825400e-08,89,13,2,41,normal_corr_dominates,2.74321614e+01,1.00000000e+00,2.50000460e+07,4.59523435e+01,-1.73850117e+00,4.76908447e+01,1.00037360e-09
43,1.07556316e+00,3.40825400e-08,89,13,2,41,corr_ratio_high,5.79005306e-01,5.00000000e-01,2.50000460e+07,4.59523435e+01,-1.73850117e+00,4.76908447e+01,1.00037360e-09
43,1.07556316e+00,3.40825400e-08,89,14,0,42,normal_corr_dominates,4.66712664e+00,1.00000000e+00,2.50000650e+07,6.50393793e+01,-1.77357876e+01,8.27751669e+01,1.00027500e-09
43,1.07556316e+00,3.40825400e-08,89,14,1,43,normal_corr_dominates,4.57726527e+00,1.00000000e+00,2.49999011e+07,-9.89171924e+01,-1.77357876e+01,-8.11814048e+01,1.00020034e-09
43,1.07556316e+00,3.40825400e-08,89,14,1,43,corr_ratio_high,7.88885935e-01,5.00000000e-01,2.49999011e+07,-9.89171924e+01,-1.77357876e+01,-8.11814048e+01,1.00020034e-09
43,1.07556316e+00,3.40825400e-08,89,14,2,44,normal_corr_dominates,3.52988855e+00,1.00000000e+00,2.49999197e+07,-8.03411414e+01,-1.77357876e+01,-6.26053537e+01,1.00020046e-09
43,1.07556316e+00,3.40825400e-08,89,15,0,45,normal_corr_dominates,4.30306541e+00,1.00000000e+00,2.49999565e+07,-4.34621337e+01,-8.19566239e+00,-3.52664713e+01,1.00013514e-09
43,1.07556316e+00,3.40825400e-08,89,15,0,45,corr_ratio_high,8.60682822e-01,5.00000000e-01,2.49999565e+07,-4.34621337e+01,-8.19566239e+00,-3.52664713e+01,1.00013514e-09
43,1.07556316e+00,3.40825400e-08,89,15,1,46,normal_corr_dominates,4.46878791e+00,1.00000000e+00,2.50000284e+07,2.84290146e+01,-8.19566239e+00,3.66246770e+01,1.00015620e-09
43,1.07556316e+00,3.40825400e-08,89,15,2,47,normal_corr_dominates,2.43595029e+00,1.00000000e+00,2.50000118e+07,1.17685638e+01,-8.19566239e+00,1.99642262e+01,1.00023147e-09
43,1.07556316e+00,3.40825400e-08,89,16,0,48,normal_corr_dominates,2.25094458e+00,1.00000000e+00,2.50000140e+07,1.40090567e+01,-1.11987829e+01,2.52078396e+01,1.00018276e-09
43,1.07556316e+00,3.40825400e-08,89,16,1,49,normal_corr_dominates,4.82531801e+00,1.00000000e+00,2.49999348e+07,-6.52364717e+01,-1.11987829e+01,-5.40376888e+01,1.00008853e-09
43,1.07556316e+00,3.40825400e-08,89,16,1,49,corr_ratio_high,1.78597036e+00,5.00000000e-01,2.49999348e+07,-6.52364717e+01,-1.11987829e+01,-5.40376888e+01,1.00008853e-09
43,1.07556316e+00,3.40825400e-08,89,16,2,50,normal_corr_dominates,2.10633183e+00,1.00000000e+00,2.50000124e+07,1.23895700e+01,-1.11987829e+01,2.35883529e+01,1.00034600e-09
43,1.07556316e+00,3.40825400e-08,89,16,2,50,corr_ratio_high,5.58951390e-01,5.00000000e-01,2.50000124e+07,1.23895700e+01,-1.11987829e+01,2.35883529e+01,1.00034600e-09
43,1.07556316e+00,3.40825400e-08,89,17,1,52,normal_corr_dominates,1.65666173e+00,1.00000000e+00,2.49999769e+07,-2.30663054e+01,-8.68243976e+00,-1.43838657e+01,1.00010199e-09
43,1.07556316e+00,3.40825400e-08,89,17,1,52,corr_ratio_high,1.49550326e+00,5.00000000e-01,2.49999769e+07,-2.30663054e+01,-8.68243976e+00,-1.43838657e+01,1.00010199e-09
43,1.07556316e+00,3.40825400e-08,89,18,0,54,normal_corr_dominates,5.63559037e+00,1.00000000e+00,2.50000195e+07,1.95004153e+01,-4.20667353e+00,2.37070889e+01,1.00011249e-09
43,1.07556316e+00,3.40825400e-08,89,18,0,54,corr_ratio_high,6.16989630e-01,5.00000000e-01,2.50000195e+07,1.95004153e+01,-4.20667353e+00,2.37070889e+01,1.00011249e-09
43,1.07556316e+00,3.40825400e-08,89,18,1,55,normal_corr_dominates,7.14874891e+00,1.00000000e+00,2.49999657e+07,-3.42791264e+01,-4.20667353e+00,-3.00724529e+01,1.00014371e-09
43,1.07556316e+00,3.40825400e-08,89,19,0,57,normal_corr_dominates,3.48672368e+01,1.00000000e+00,2.49999832e+07,-1.67782525e+01,-4.67787706e-01,-1.63104647e+01,1.00034210e-09
43,1.07556316e+00,3.40825400e-08,89,19,0,57,corr_ratio_high,5.00530914e-01,5.00000000e-01,2.49999832e+07,-1.67782525e+01,-4.67787706e-01,-1.63104647e+01,1.00034210e-09
43,1.07556316e+00,3.40825400e-08,89,19,1,58,normal_corr_dominates,6.75440865e+01,1.00000000e+00,2.49999679e+07,-3.20640810e+01,-4.67787706e-01,-3.15962933e+01,1.00009409e-09
43,1.07556316e+00,3.40825400e-08,89,19,1,58,corr_ratio_high,1.57238167e+00,5.00000000e-01,2.49999679e+07,-3.20640810e+01,-4.67787706e-01,-3.15962933e+01,1.00009409e-09
43,1.07556316e+00,3.40825400e-08,89,19,2,59,normal_corr_dominates,9.98182520e+00,1.00000000e+00,2.50000042e+07,4.20158741e+00,-4.67787706e-01,4.66937512e+00,1.00013849e-09
43,1.07556316e+00,3.40825400e-08,89,20,0,60,corr_ratio_high,3.23128281e+00,5.00000000e-01,2.49999922e+07,-7.80612252e+00,-4.01300467e+00,-3.79311785e+00,1.00002897e-09
43,1.07556316e+00,3.40825400e-08,89,20,1,61,normal_corr_dominates,7.34742884e+00,1.00000000e+00,2.50000255e+07,2.54722616e+01,-4.01300467e+00,2.94852662e+01,1.00029567e-09
43,1.07556316e+00,3.40825400e-08,89,20,2,62,normal_corr_dominates,2.52690672e+00,1.00000000e+00,2.50000061e+07,6.12748379e+00,-4.01300467e+00,1.01404885e+01,1.00027416e-09
43,1.07556316e+00,3.40825400e-08,89,22,0,66,normal_corr_dominates,2.65940403e+00,1.00000000e+00,2.50000114e+07,1.13708833e+01,-6.85238985e+00,1.82232732e+01,1.00024632e-09
43,1.07556316e+00,3.40825400e-08,89,22,2,68,normal_corr_dominates,8.04146171e+00,1.00000000e+00,2.49999380e+07,-6.19556204e+01,-6.85238985e+00,-5.51032306e+01,1.00019586e-09
43,1.07556316e+00,3.40825400e-08,89,23,0,69,normal_corr_dominates,1.24871430e+00,1.00000000e+00,2.49999673e+07,-3.26666403e+01,-1.45268078e+01,-1.81398325e+01,1.00023845e-09
43,1.07556316e+00,3.40825400e-08,89,23,1,70,normal_corr_dominates,2.06095779e+00,1.00000000e+00,2.50000154e+07,1.54123299e+01,-1.45268078e+01,2.99391377e+01,1.00014071e-09
43,1.07556316e+00,3.40825400e-08,89,24,0,72,normal_corr_dominates,1.80077932e+01,1.00000000e+00,2.50000297e+07,2.96585414e+01,-1.74382068e+00,3.14023621e+01,1.00017590e-09
43,1.07556316e+00,3.40825400e-08,89,24,1,73,normal_corr_dominates,1.29704216e+01,1.00000000e+00,2.50000209e+07,2.08742688e+01,-1.74382068e+00,2.26180894e+01,1.00021772e-09
43,1.07556316e+00,3.40825400e-08,89,24,2,74,normal_corr_dominates,2.44367586e+01,1.00000000e+00,2.49999556e+07,-4.43571455e+01,-1.74382068e+00,-4.26133249e+01,1.00020800e-09
43,1.07556316e+00,3.40825400e-08,89,27,1,82,normal_corr_dominates,2.30148987e+00,1.00000000e+00,2.50000229e+07,2.29130224e+01,-1.76052254e+01,4.05182479e+01,1.00022195e-09
43,1.07556316e+00,3.40825400e-08,89,28,0,84,normal_corr_dominates,1.02992858e+01,1.00000000e+00,2.49999432e+07,-5.68345899e+01,-5.02992765e+00,-5.18046623e+01,1.00021989e-09
43,1.07556316e+00,3.40825400e-08,89,28,1,85,normal_corr_dominates,6.70948569e+00,1.00000000e+00,2.50000287e+07,2.87182999e+01,-5.02992765e+00,3.37482276e+01,1.00019891e-09
43,1.07556316e+00,3.40825400e-08,89,28,2,86,normal_corr_dominates,9.01426833e+00,1.00000000e+00,2.49999496e+07,-5.03710451e+01,-5.02992765e+00,-4.53411175e+01,1.00023130e-09
43,1.07556316e+00,3.40825400e-08,89,30,0,90,normal_corr_dominates,1.61286181e+01,1.00000000e+00,2.49999802e+07,-1.97898984e+01,1.30811011e+00,-2.10980085e+01,1.00024043e-09
43,1.07556316e+00,3.40825400e-08,89,30,1,91,normal_corr_dominates,1.49149361e+01,1.00000000e+00,2.50000208e+07,2.08184889e+01,1.30811011e+00,1.95103788e+01,1.00018759e-09
43,1.07556316e+00,3.40825400e-08,89,30,2,92,normal_corr_dominates,3.03902801e+01,1.00000000e+00,2.49999616e+07,-3.84457227e+01,1.30811011e+00,-3.97538328e+01,1.00019769e-09
43,1.07556316e+00,3.40825400e-08,89,9,0,27,normal_corr_dominates,2.55268305e+00,1.00000000e+00,2.50000161e+07,1.61287191e+01,-1.03876442e+01,2.65163634e+01,1.00018896e-09
43,1.07556316e+00,3.40825400e-08,89,9,1,28,normal_corr_dominates,2.65098112e+00,1.00000000e+00,2.49999621e+07,-3.79250929e+01,-1.03876442e+01,-2.75374487e+01,1.00024100e-09
43,1.07556316e+00,3.40825400e-08,89,9,2,29,normal_corr_dominates,4.27023834e+00,1.00000000e+00,2.50000340e+07,3.39700724e+01,-1.03876442e+01,4.43577166e+01,1.00021153e-09
43,1.07556316e+00,3.40825400e-08,89,8,0,24,normal_corr_dominates,1.47261069e+00,1.00000000e+00,2.49999771e+07,-2.28559358e+01,-9.24364513e+00,-1.36122907e+01,1.00026346e-09
43,1.07556316e+00,3.40825400e-08,89,8,2,26,normal_corr_dominates,2.17834658e+00,1.00000000e+00,2.50000109e+07,1.08922177e+01,-9.24364513e+00,2.01358628e+01,1.00015364e-09
43,1.07556316e+00,3.40825400e-08,89,8,2,26,corr_ratio_high,5.88232155e-01,5.00000000e-01,2.50000109e+07,1.08922177e+01,-9.24364513e+00,2.01358628e+01,1.00015364e-09
44,1.09963619e+00,3.48453681e-08,89,0,0,0,normal_corr_dominates,4.20744854e+00,1.00000000e+00,2.49998837e+07,-1.16325254e+02,-2.23382435e+01,-9.39870102e+01,1.00035045e-09
44,1.09963619e+00,3.48453681e-08,89,0,1,1,normal_corr_dominates,2.32326537e+00,1.00000000e+00,2.50000296e+07,2.95594242e+01,-2.23382435e+01,5.18976677e+01,1.00015473e-09
44,1.09963619e+00,3.48453681e-08,89,0,1,1,corr_ratio_high,5.26457532e-01,5.00000000e-01,2.50000296e+07,2.95594242e+01,-2.23382435e+01,5.18976677e+01,1.00015473e-09
44,1.09963619e+00,3.48453681e-08,89,0,2,2,normal_corr_dominates,3.49434232e+00,1.00000000e+00,2.50000557e+07,5.57192262e+01,-2.23382435e+01,7.80574697e+01,1.00016364e-09
44,1.09963619e+00,3.48453681e-08,89,1,0,3,normal_corr_dominates,2.82801464e+00,1.00000000e+00,2.49999523e+07,-4.77075400e+01,-1.24627371e+01,-3.52448029e+01,1.00027893e-09
44,1.09963619e+00,3.48453681e-08,89,1,1,4,normal_corr_dominates,1.90508717e+00,1.00000000e+00,2.50000113e+07,1.12798634e+01,-1.24627371e+01,2.37426005e+01,1.00014560e-09
44,1.09963619e+00,3.48453681e-08,89,1,1,4,corr_ratio_high,6.40059166e-01,5.00000000e-01,2.50000113e+07,1.12798634e+01,-1.24627371e+01,2.37426005e+01,1.00014560e-09
44,1.09963619e+00,3.48453681e-08,89,1,2,5,normal_corr_dominates,4.44715286e+00,1.00000000e+00,2.50000430e+07,4.29609597e+01,-1.24627371e+01,5.54236968e+01,1.00023021e-09
44,1.09963619e+00,3.48453681e-08,89,2,0,6,normal_corr_dominates,2.78071708e+00,1.00000000e+00,2.49999774e+07,-2.25542703e+01,-5.96560648e+00,-1.65886638e+01,1.00019318e-09
44,1.09963619e+00,3.48453681e-08,89,2,1,7,normal_corr_dominates,5.20496919e+00,1.00000000e+00,2.50000251e+07,2.50851914e+01,-5.96560648e+00,3.10507979e+01,1.00012952e-09
44,1.09963619e+00,3.48453681e-08,89,3,0,9,normal_corr_dominates,7.43708217e+00,1.00000000e+00,2.50000319e+07,3.19031862e+01,-4.95615642e+00,3.68593426e+01,1.00023743e-09
44,1.09963619e+00,3.48453681e-08,89,3,2,11,normal_corr_dominates,3.21752260e+00,1.00000000e+00,2.50000110e+07,1.09903889e+01,-4.95615642e+00,1.59465453e+01,1.00024300e-09
44,1.09963619e+00,3.48453681e-08,89,4,0,12,normal_corr_dominates,2.64204660e+00,1.00000000e+00,2.50000156e+07,1.56278763e+01,-9.51731594e+00,2.51451922e+01,1.00007059e-09
44,1.09963619e+00,3.48453681e-08,89,4,0,12,corr_ratio_high,1.50046081e+00,5.00000000e-01,2.50000156e+07,1.56278763e+01,-9.51731594e+00,2.51451922e+01,1.00007059e-09
44,1.09963619e+00,3.48453681e-08,89,4,2,14,normal_corr_dominates,2.16740289e+00,1.00000000e+00,2.49999699e+07,-3.01451740e+01,-9.51731594e+00,-2.06278580e+01,1.00038049e-09
44,1.09963619e+00,3.48453681e-08,89,4,2,14,corr_ratio_high,5.78253317e-01,5.00000000e-01,2.49999699e+07,-3.01451740e+01,-9.51731594e+00,-2.06278580e+01,1.00038049e-09
44,1.09963619e+00,3.48453681e-08,89,5,0,15,normal_corr_dominates,6.07634272e+00,1.00000000e+00,2.49999696e+07,-3.04499976e+01,-4.30306994e+00,-2.61469277e+01,1.00013378e-09
44,1.09963619e+00,3.48453681e-08,89,5,0,15,corr_ratio_high,8.44293219e-01,5.00000000e-01,2.49999696e+07,-3.04499976e+01,-4.30306994e+00,-2.61469277e+01,1.00013378e-09
44,1.09963619e+00,3.48453681e-08,89,5,1,16,normal_corr_dominates,6.01882747e+00,1.00000000e+00,2.49999698e+07,-3.02025055e+01,-4.30306994e+00,-2.58994356e+01,1.00023820e-09
44,1.09963619e+00,3.48453681e-08,89,5,2,17,normal_corr_dominates,9.07653106e+00,1.00000000e+00,2.50000348e+07,3.47538780e+01,-4.30306994e+00,3.90569480e+01,1.00014386e-09
44,1.09963619e+00,3.48453681e-08,89,6,0,18,normal_corr_dominates,1.13907214e+01,1.00000000e+00,2.49999956e+07,-4.35228860e+00,4.18862986e-01,-4.77115158e+00,1.00017064e-09
44,1.09963619e+00,3.48453681e-08,89,6,1,19,normal_corr_dominates,1.17399840e+01,1.00000000e+00,2.50000053e+07,5.33630773e+00,4.18862986e-01,4.91744474e+00,1.00016025e-09
44,1.09963619e+00,3.48453681e-08,89,6,2,20,normal_corr_dominates,2.15261277e+00,1.00000000e+00,2.50000013e+07,1.32051280e+00,4.18862986e-01,9.01649814e-01,1.00024115e-09
44,1.09963619e+00,3.48453681e-08,89,12,1,37,corr_ratio_high,1.45893568e+00,5.00000000e-01,2.49999981e+07,-1.94132397e+00,-9.54540302e+00,7.60407906e+00,1.00008465e-09
44,1.09963619e+00,3.48453681e-08,89,12,2,38,normal_corr_dominates,4.17556277e+00,1.00000000e+00,2.50000303e+07,3.03120264e+01,-9.54540302e+00,3.98574294e+01,1.00025618e-09
44,1.09963619e+00,3.48453681e-08,89,13,0,39,normal_corr_dominates,1.41990977e+01,1.00000000e+00,2.49999730e+07,-2.69922973e+01,-1.77591445e+00,-2.52163828e+01,1.00011030e-09
44,1.09963619e+00,3.48453681e-08,89,13,0,39,corr_ratio_high,1.24807835e+00,5.00000000e-01,2.49999730e+07,-2.69922973e+01,-1.77591445e+00,-2.52163828e+01,1.00011030e-09
44,1.09963619e+00,3.48453681e-08,89,13,1,40,normal_corr_dominates,2.78087961e+01,1.00000000e+00,2.49999488e+07,-5.11619574e+01,-1.77591445e+00,-4.93860429e+01,1.00008593e-09
44,1.09963619e+00,3.48453681e-08,89,13,1,40,corr_ratio_high,2.13896392e+00,5.00000000e-01,2.49999488e+07,-5.11619574e+01,-1.77591445e+00,-4.93860429e+01,1.00008593e-09
44,1.09963619e+00,3.48453681e-08,89,13,2,41,normal_corr_dominates,2.74097060e+01,1.00000000e+00,2.50000469e+07,4.69013786e+01,-1.77591445e+00,4.86772931e+01,1.00038135e-09
44,1.09963619e+00,3.48453681e-08,89,13,2,41,corr_ratio_high,5.79003472e-01,5.00000000e-01,2.50000469e+07,4.69013786e+01,-1.77591445e+00,4.86772931e+01,1.00038135e-09
44,1.09963619e+00,3.48453681e-08,89,14,0,42,normal_corr_dominates,4.66768365e+00,1.00000000e+00,2.50000664e+07,6.63969133e+01,-1.81032280e+01,8.45001413e+01,1.00028068e-09
44,1.09963619e+00,3.48453681e-08,89,14,1,43,normal_corr_dominates,4.57736916e+00,1.00000000e+00,2.49998990e+07,-1.00968386e+02,-1.81032280e+01,-8.28651576e+01,1.00020449e-09
44,1.09963619e+00,3.48453681e-08,89,14,1,43,corr_ratio_high,7.88889301e-01,5.00000000e-01,2.49998990e+07,-1.00968386e+02,-1.81032280e+01,-8.28651576e+01,1.00020449e-09
44,1.09963619e+00,3.48453681e-08,89,14,2,44,normal_corr_dominates,3.53047868e+00,1.00000000e+00,2.49999180e+07,-8.20162885e+01,-1.81032280e+01,-6.39130605e+01,1.00020464e-09
44,1.09963619e+00,3.48453681e-08,89,15,0,45,normal_corr_dominates,4.30334933e+00,1.00000000e+00,2.49999556e+07,-4.43606218e+01,-8.36464260e+00,-3.59959792e+01,1.00013795e-09
44,1.09963619e+00,3.48453681e-08,89,15,0,45,corr_ratio_high,8.60583860e-01,5.00000000e-01,2.49999556e+07,-4.43606218e+01,-8.36464260e+00,-3.59959792e+01,1.00013795e-09
44,1.09963619e+00,3.48453681e-08,89,15,1,46,normal_corr_dominates,4.46922648e+00,1.00000000e+00,2.50000290e+07,2.90188396e+01,-8.36464260e+00,3.73834822e+01,1.00015944e-09
44,1.09963619e+00,3.48453681e-08,89,15,2,47,normal_corr_dominates,2.43643320e+00,1.00000000e+00,2.50000120e+07,1.20152503e+01,-8.36464260e+00,2.03798929e+01,1.00023626e-09
44,1.09963619e+00,3.48453681e-08,89,16,0,48,normal_corr_dominates,2.25146605e+00,1.00000000e+00,2.50000143e+07,1.43058748e+01,-1.14312927e+01,2.57371676e+01,1.00018654e-09
44,1.09963619e+00,3.48453681e-08,89,16,1,49,normal_corr_dominates,4.82495879e+00,1.00000000e+00,2.49999334e+07,-6.65868092e+01,-1.14312927e+01,-5.51555164e+01,1.00009037e-09
44,1.09963619e+00,3.48453681e-08,89,16,1,49,corr_ratio_high,1.78586107e+00,5.00000000e-01,2.49999334e+07,-6.65868092e+01,-1.14312927e+01,-5.51555164e+01,1.00009037e-09
44,1.09963619e+00,3.48453681e-08,89,16,2,50,normal_corr_dominates,2.10561099e+00,1.00000000e+00,2.50000126e+07,1.26385628e+01,-1.14312927e+01,2.40698556e+01,1.00035320e-09
44,1.09963619e+00,3.48453681e-08,89,16,2,50,corr_ratio_high,5.58963170e-01,5.00000000e-01,2.50000126e+07,1.26385628e+01,-1.14312927e+01,2.40698556e+01,1.00035320e-09
44,1.09963619e+00,3.48453681e-08,89,17,1,52,normal_corr_dominates,1.65641716e+00,1.00000000e+00,2.49999765e+07,-2.35430211e+01,-8.86269730e+00,-1.46803238e+01,1.00010411e-09
44,1.09963619e+00,3.48453681e-08,89,17,1,52,corr_ratio_high,1.49523753e+00,5.00000000e-01,2.49999765e+07,-2.35430211e+01,-8.86269730e+00,-1.46803238e+01,1.00010411e-09
44,1.09963619e+00,3.48453681e-08,89,18,0,54,normal_corr_dominates,5.63529167e+00,1.00000000e+00,2.50000199e+07,1.99030759e+01,-4.29381305e+00,2.41968889e+01,1.00011483e-09
44,1.09963619e+00,3.48453681e-08,89,18,0,54,corr_ratio_high,6.16955373e-01,5.00000000e-01,2.50000199e+07,1.99030759e+01,-4.29381305e+00,2.41968889e+01,1.00011483e-09
44,1.09963619e+00,3.48453681e-08,89,18,1,55,normal_corr_dominates,7.14885799e+00,1.00000000e+00,2.49999650e+07,-3.49896728e+01,-4.29381305e+00,-3.06958597e+01,1.00014670e-09
44,1.09963619e+00,3.48453681e-08,89,19,0,57,normal_corr_dominates,3.48851724e+01,1.00000000e+00,2.49999829e+07,-1.71271442e+01,-4.77276353e-01,-1.66498678e+01,1.00034919e-09
44,1.09963619e+00,3.48453681e-08,89,19,0,57,corr_ratio_high,5.00521119e-01,5.00000000e-01,2.49999829e+07,-1.71271442e+01,-4.77276353e-01,-1.66498678e+01,1.00034919e-09
44,1.09963619e+00,3.48453681e-08,89,19,1,58,normal_corr_dominates,6.75711292e+01,1.00000000e+00,2.49999673e+07,-3.27273785e+01,-4.77276353e-01,-3.22501021e+01,1.00009606e-09
44,1.09963619e+00,3.48453681e-08,89,19,1,58,corr_ratio_high,1.57209479e+00,5.00000000e-01,2.49999673e+07,-3.27273785e+01,-4.77276353e-01,-3.22501021e+01,1.00009606e-09
44,1.09963619e+00,3.48453681e-08,89,19,2,59,normal_corr_dominates,9.98925442e+00,1.00000000e+00,2.50000043e+07,4.29035856e+00,-4.77276353e-01,4.76763492e+00,1.00014137e-09
44,1.09963619e+00,3.48453681e-08,89,20,0,60,corr_ratio_high,3.23079895e+00,5.00000000e-01,2.49999920e+07,-7.97006554e+00,-4.09695168e+00,-3.87311386e+00,1.00002958e-09
44,1.09963619e+00,3.48453681e-08,89,20,1,61,normal_corr_dominates,7.34589436e+00,1.00000000e+00,2.50000260e+07,2.59988226e+01,-4.09695168e+00,3.00957743e+01,1.00030181e-09
44,1.09963619e+00,3.48453681e-08,89,20,2,62,normal_corr_dominates,2.52659441e+00,1.00000000e+00,2.50000063e+07,6.25438352e+00,-4.09695168e+00,1.03513352e+01,1.00027985e-09
44,1.09963619e+00,3.48453681e-08,89,22,0,66,normal_corr_dominates,2.65905383e+00,1.00000000e+00,2.50000116e+07,1.16053997e+01,-6.99519176e+00,1.86005914e+01,1.00025143e-09
44,1.09963619e+00,3.48453681e-08,89,22,2,68,normal_corr_dominates,8.04103130e+00,1.00000000e+00,2.49999368e+07,-6.32437477e+01,-6.99519176e+00,-5.62485559e+01,1.00019993e-09
44,1.09963619e+00,3.48453681e-08,89,23,0,69,normal_corr_dominates,1.24880183e+00,1.00000000e+00,2.49999667e+07,-3.33434344e+01,-1.48271999e+01,-1.85162344e+01,1.00024340e-09
44,1.09963619e+00,3.48453681e-08,89,23,1,70,normal_corr_dominates,2.06093492e+00,1.00000000e+00,2.50000157e+07,1.57306942e+01,-1.48271999e+01,3.05578942e+01,1.00014363e-09
44,1.09963619e+00,3.48453681e-08,89,24,0,72,normal_corr_dominates,1.80163302e+01,1.00000000e+00,2.50000303e+07,3.02745383e+01,-1.77914615e+00,3.20536845e+01,1.00017954e-09
44,1.09963619e+00,3.48453681e-08,89,24,1,73,normal_corr_dominates,1.29778316e+01,1.00000000e+00,2.50000213e+07,2.13103131e+01,-1.77914615e+00,2.30894592e+01,1.00022223e-09
44,1.09963619e+00,3.48453681e-08,89,24,2,74,normal_corr_dominates,2.44510855e+01,1.00000000e+00,2.49999547e+07,-4.52812009e+01,-1.77914615e+00,-4.35020547e+01,1.00021232e-09
44,1.09963619e+00,3.48453681e-08,89,27,1,82,normal_corr_dominates,2.30136526e+00,1.00000000e+00,2.50000234e+07,2.33868102e+01,-1.79709808e+01,4.13577910e+01,1.00022656e-09
44,1.09963619e+00,3.48453681e-08,89,28,0,84,normal_corr_dominates,1.03024326e+01,1.00000000e+00,2.49999420e+07,-5.80099342e+01,-5.13251759e+00,-5.28774166e+01,1.00022445e-09
44,1.09963619e+00,3.48453681e-08,89,28,1,85,normal_corr_dominates,6.71175678e+00,1.00000000e+00,2.50000293e+07,2.93156921e+01,-5.13251759e+00,3.44482097e+01,1.00020303e-09
44,1.09963619e+00,3.48453681e-08,89,28,2,86,normal_corr_dominates,9.01886632e+00,1.00000000e+00,2.49999486e+07,-5.14220076e+01,-5.13251759e+00,-4.62894900e+01,1.00023611e-09
44,1.09963619e+00,3.48453681e-08,89,30,0,90,normal_corr_dominates,1.61245411e+01,1.00000000e+00,2.49999798e+07,-2.01998847e+01,1.33557009e+00,-2.15354548e+01,1.00024541e-09
44,1.09963619e+00,3.48453681e-08,89,30,1,91,normal_corr_dominates,1.49128624e+01,1.00000000e+00,2.50000213e+07,2.12527431e+01,1.33557009e+00,1.99171730e+01,1.00019148e-09
44,1.09963619e+00,3.48453681e-08,89,30,2,92,normal_corr_dominates,3.03854983e+01,1.00000000e+00,2.49999608e+07,-3.92463926e+01,1.33557009e+00,-4.05819627e+01,1.00020179e-09
44,1.09963619e+00,3.48453681e-08,89,9,0,27,normal_corr_dominates,2.55193499e+00,1.00000000e+00,2.50000165e+07,1.64555623e+01,-1.06032549e+01,2.70588171e+01,1.00019289e-09
44,1.09963619e+00,3.48453681e-08,89,9,1,28,normal_corr_dominates,2.65045782e+00,1.00000000e+00,2.49999613e+07,-3.87067348e+01,-1.06032549e+01,-2.81034799e+01,1.00024598e-09
44,1.09963619e+00,3.48453681e-08,89,9,2,29,normal_corr_dominates,4.27014521e+00,1.00000000e+00,2.50000347e+07,3.46741832e+01,-1.06032549e+01,4.52774381e+01,1.00021592e-09
44,1.09963619e+00,3.48453681e-08,89,8,0,24,normal_corr_dominates,1.47261634e+00,1.00000000e+00,2.49999767e+07,-2.33292568e+01,-9.43504918e+00,-1.38942076e+01,1.00026892e-09
44,1.09963619e+00,3.48453681e-08,89,8,2,26,normal_corr_dominates,2.17858404e+00,1.00000000e+00,2.50000111e+07,1.11199983e+01,-9.43504918e+00,2.05550475e+01,1.00015683e-09
44,1.09963619e+00,3.48453681e-08,89,8,2,26,corr_ratio_high,5.88199643e-01,5.00000000e-01,2.50000111e+07,1.11199983e+01,-9.43504918e+00,2.05550475e+01,1.00015683e-09
45,1.12415436e+00,3.56223022e-08,89,0,0,0,normal_corr_dominates,4.20719247e+00,1.00000000e+00,2.49998813e+07,-1.18724843e+02,-2.28001641e+01,-9.59246789e+01,1.00035768e-09
45,1.12415436e+00,3.56223022e-08,89,0,1,1,normal_corr_dominates,2.32345530e+00,1.00000000e+00,2.50000302e+07,3.01749981e+01,-2.28001641e+01,5.29751622e+01,1.00015791e-09
45,1.12415436e+00,3.56223022e-08,89,0,1,1,corr_ratio_high,5.26561597e-01,5.00000000e-01,2.50000302e+07,3.01749981e+01,-2.28001641e+01,5.29751622e+01,1.00015791e-09
45,1.12415436e+00,3.56223022e-08,89,0,2,2,normal_corr_dominates,3.49410957e+00,1.00000000e+00,2.50000569e+07,5.68661075e+01,-2.28001641e+01,7.96662717e+01,1.00016704e-09
45,1.12415436e+00,3.56223022e-08,89,1,0,3,normal_corr_dominates,2.82791440e+00,1.00000000e+00,2.49999513e+07,-4.86909519e+01,-1.27199688e+01,-3.59709830e+01,1.00028468e-09
45,1.12415436e+00,3.56223022e-08,89,1,1,4,normal_corr_dominates,1.90521966e+00,1.00000000e+00,2.50000115e+07,1.15143658e+01,-1.27199688e+01,2.42343346e+01,1.00014860e-09
45,1.12415436e+00,3.56223022e-08,89,1,1,4,corr_ratio_high,6.40082236e-01,5.00000000e-01,2.50000115e+07,1.15143658e+01,-1.27199688e+01,2.42343346e+01,1.00014860e-09
45,1.12415436e+00,3.56223022e-08,89,1,2,5,normal_corr_dominates,4.44723410e+00,1.00000000e+00,2.50000438e+07,4.38487102e+01,-1.27199688e+01,5.65686791e+01,1.00023498e-09
45,1.12415436e+00,3.56223022e-08,89,2,0,6,normal_corr_dominates,2.78136781e+00,1.00000000e+00,2.49999770e+07,-2.30225343e+01,-6.08841442e+00,-1.69341199e+01,1.00019718e-09
45,1.12415436e+00,3.56223022e-08,89,2,1,7,normal_corr_dominates,5.20542161e+00,1.00000000e+00,2.50000256e+07,2.56043496e+01,-6.08841442e+00,3.16927640e+01,1.00013219e-09
45,1.12415436e+00,3.56223022e-08,89,3,0,9,normal_corr_dominates,7.43614978e+00,1.00000000e+00,2.50000326e+07,3.25563848e+01,-5.05836346e+00,3.76147483e+01,1.00024233e-09
45,1.12415436e+00,3.56223022e-08,89,3,2,11,normal_corr_dominates,3.21731027e+00,1.00000000e+00,2.50000112e+07,1.12159613e+01,-5.05836346e+00,1.62743247e+01,1.00024801e-09
45,1.12415436e+00,3.56223022e-08,89,4,0,12,normal_corr_dominates,2.64224571e+00,1.00000000e+00,2.50000160e+07,1.59513132e+01,-9.71310998e+00,2.56644232e+01,1.00007204e-09
45,1.12415436e+00,3.56223022e-08,89,4,0,12,corr_ratio_high,1.50049507e+00,5.00000000e-01,2.50000160e+07,1.59513132e+01,-9.71310998e+00,2.56644232e+01,1.00007204e-09
45,1.12415436e+00,3.56223022e-08,89,4,2,14,normal_corr_dominates,2.16806591e+00,1.00000000e+00,2.49999692e+07,-3.07717726e+01,-9.71310998e+00,-2.10586626e+01,1.00038834e-09
45,1.12415436e+00,3.56223022e-08,89,4,2,14,corr_ratio_high,5.78255926e-01,5.00000000e-01,2.49999692e+07,-3.07717726e+01,-9.71310998e+00,-2.10586626e+01,1.00038834e-09
45,1.12415436e+00,3.56223022e-08,89,5,0,15,normal_corr_dominates,6.07444776e+00,1.00000000e+00,2.49999689e+07,-3.10736066e+01,-4.39237205e+00,-2.66812346e+01,1.00013655e-09
45,1.12415436e+00,3.56223022e-08,89,5,0,15,corr_ratio_high,8.44295584e-01,5.00000000e-01,2.49999689e+07,-3.10736066e+01,-4.39237205e+00,-2.66812346e+01,1.00013655e-09
45,1.12415436e+00,3.56223022e-08,89,5,1,16,normal_corr_dominates,6.01996261e+00,1.00000000e+00,2.49999692e+07,-3.08342876e+01,-4.39237205e+00,-2.64419155e+01,1.00024313e-09
45,1.12415436e+00,3.56223022e-08,89,5,2,17,normal_corr_dominates,9.07573608e+00,1.00000000e+00,2.50000355e+07,3.54716374e+01,-4.39237205e+00,3.98640095e+01,1.00014683e-09
45,1.12415436e+00,3.56223022e-08,89,6,0,18,normal_corr_dominates,1.13854763e+01,1.00000000e+00,2.49999956e+07,-4.44289031e+00,4.27798414e-01,-4.87068872e+00,1.00017417e-09
45,1.12415436e+00,3.56223022e-08,89,6,1,19,normal_corr_dominates,1.17288505e+01,1.00000000e+00,2.50000054e+07,5.44538205e+00,4.27798414e-01,5.01758364e+00,1.00016357e-09
45,1.12415436e+00,3.56223022e-08,89,6,2,20,normal_corr_dominates,2.15404032e+00,1.00000000e+00,2.50000013e+07,1.34929345e+00,4.27798414e-01,9.21495035e-01,1.00024613e-09
45,1.12415436e+00,3.56223022e-08,89,12,1,37,corr_ratio_high,1.45886901e+00,5.00000000e-01,2.49999980e+07,-1.98174549e+00,-9.74167733e+00,7.75993184e+00,1.00008640e-09
45,1.12415436e+00,3.56223022e-08,89,12,2,38,normal_corr_dominates,4.17575718e+00,1.00000000e+00,2.50000309e+07,3.09372017e+01,-9.74167733e+00,4.06788791e+01,1.00026149e-09
45,1.12415436e+00,3.56223022e-08,89,13,0,39,normal_corr_dominates,1.41890148e+01,1.00000000e+00,2.49999724e+07,-2.75524101e+01,-1.81396953e+00,-2.57384405e+01,1.00011259e-09
45,1.12415436e+00,3.56223022e-08,89,13,0,39,corr_ratio_high,1.24785767e+00,5.00000000e-01,2.49999724e+07,-2.75524101e+01,-1.81396953e+00,-2.57384405e+01,1.00011259e-09
45,1.12415436e+00,3.56223022e-08,89,13,1,40,normal_corr_dominates,2.77864530e+01,1.00000000e+00,2.49999478e+07,-5.22177485e+01,-1.81396953e+00,-5.04037790e+01,1.00008771e-09
45,1.12415436e+00,3.56223022e-08,89,13,1,40,corr_ratio_high,2.13888115e+00,5.00000000e-01,2.49999478e+07,-5.22177485e+01,-1.81396953e+00,-5.04037790e+01,1.00008771e-09
45,1.12415436e+00,3.56223022e-08,89,13,2,41,normal_corr_dominates,2.73873617e+01,1.00000000e+00,2.50000479e+07,4.78658701e+01,-1.81396953e+00,4.96798396e+01,1.00038922e-09
45,1.12415436e+00,3.56223022e-08,89,13,2,41,corr_ratio_high,5.79001570e-01,5.00000000e-01,2.50000479e+07,4.78658701e+01,-1.81396953e+00,4.96798396e+01,1.00038922e-09
45,1.12415436e+00,3.56223022e-08,89,14,0,42,normal_corr_dominates,4.66823440e+00,1.00000000e+00,2.50000678e+07,6.77768038e+01,-1.84766829e+01,8.62534866e+01,1.00028645e-09
45,1.12415436e+00,3.56223022e-08,89,14,1,43,normal_corr_dominates,4.57746906e+00,1.00000000e+00,2.49998969e+07,-1.03053127e+02,-1.84766829e+01,-8.45764441e+01,1.00020872e-09
45,1.12415436e+00,3.56223022e-08,89,14,1,43,corr_ratio_high,7.88891534e-01,5.00000000e-01,2.49998969e+07,-1.03053127e+02,-1.84766829e+01,-8.45764441e+01,1.00020872e-09
45,1.12415436e+00,3.56223022e-08,89,14,2,44,normal_corr_dominates,3.53106189e+00,1.00000000e+00,2.49999163e+07,-8.37189936e+01,-1.84766829e+01,-6.52423107e+01,1.00020890e-09
45,1.12415436e+00,3.56223022e-08,89,15,0,45,normal_corr_dominates,4.30362067e+00,1.00000000e+00,2.49999547e+07,-4.52737379e+01,-8.53638311e+00,-3.67373548e+01,1.00014081e-09
45,1.12415436e+00,3.56223022e-08,89,15,0,45,corr_ratio_high,8.60483930e-01,5.00000000e-01,2.49999547e+07,-4.52737379e+01,-8.53638311e+00,-3.67373548e+01,1.00014081e-09
45,1.12415436e+00,3.56223022e-08,89,15,1,46,normal_corr_dominates,4.46965549e+00,1.00000000e+00,2.50000296e+07,2.96183085e+01,-8.53638311e+00,3.81546916e+01,1.00016274e-09
45,1.12415436e+00,3.56223022e-08,89,15,2,47,normal_corr_dominates,2.43690690e+00,1.00000000e+00,2.50000123e+07,1.22659878e+01,-8.53638311e+00,2.08023709e+01,1.00024112e-09
45,1.12415436e+00,3.56223022e-08,89,16,0,48,normal_corr_dominates,2.25198769e+00,1.00000000e+00,2.50000146e+07,1.46077022e+01,-1.16676085e+01,2.62753107e+01,1.00019037e-09
45,1.12415436e+00,3.56223022e-08,89,16,1,49,normal_corr_dominates,4.82460289e+00,1.00000000e+00,2.49999320e+07,-6.79591860e+01,-1.16676085e+01,-5.62915775e+01,1.00009224e-09
45,1.12415436e+00,3.56223022e-08,89,16,1,49,corr_ratio_high,1.78575091e+00,5.00000000e-01,2.49999320e+07,-6.79591860e+01,-1.16676085e+01,-5.62915775e+01,1.00009224e-09
45,1.12415436e+00,3.56223022e-08,89,16,2,50,normal_corr_dominates,2.10489229e+00,1.00000000e+00,2.50000129e+07,1.28914506e+01,-1.16676085e+01,2.45590591e+01,1.00036052e-09
45,1.12415436e+00,3.56223022e-08,89,16,2,50,corr_ratio_high,5.58975025e-01,5.00000000e-01,2.50000129e+07,1.28914506e+01,-1.16676085e+01,2.45590591e+01,1.00036052e-09
45,1.12415436e+00,3.56223022e-08,89,17,1,52,normal_corr_dominates,1.65616981e+00,1.00000000e+00,2.49999760e+07,-2.40274749e+01,-9.04591068e+00,-1.49815642e+01,1.00010628e-09
45,1.12415436e+00,3.56223022e-08,89,17,1,52,corr_ratio_high,1.49496973e+00,5.00000000e-01,2.49999760e+07,-2.40274749e+01,-9.04591068e+00,-1.49815642e+01,1.00010628e-09
45,1.12415436e+00,3.56223022e-08,89,18,0,54,normal_corr_dominates,5.63498551e+00,1.00000000e+00,2.50000203e+07,2.03122557e+01,-4.38237738e+00,2.46946330e+01,1.00011720e-09
45,1.12415436e+00,3.56223022e-08,89,18,0,54,corr_ratio_high,6.16920526e-01,5.00000000e-01,2.50000203e+07,2.03122557e+01,-4.38237738e+00,2.46946330e+01,1.00011720e-09
45,1.12415436e+00,3.56223022e-08,89,18,1,55,normal_corr_dominates,7.14896536e+00,1.00000000e+00,2.49999643e+07,-3.57118415e+01,-4.38237738e+00,-3.13294641e+01,1.00014974e-09
45,1.12415436e+00,3.56223022e-08,89,19,0,57,normal_corr_dominates,3.49030947e+01,1.00000000e+00,2.49999825e+07,-1.74817853e+01,-4.86915835e-01,-1.69948695e+01,1.00035639e-09
45,1.12415436e+00,3.56223022e-08,89,19,0,57,corr_ratio_high,5.00511033e-01,5.00000000e-01,2.49999825e+07,-1.74817853e+01,-4.86915835e-01,-1.69948695e+01,1.00035639e-09
45,1.12415436e+00,3.56223022e-08,89,19,1,58,normal_corr_dominates,6.75980621e+01,1.00000000e+00,2.49999666e+07,-3.34014827e+01,-4.86915835e-01,-3.29145669e+01,1.00009805e-09
45,1.12415436e+00,3.56223022e-08,89,19,1,58,corr_ratio_high,1.57180580e+00,5.00000000e-01,2.49999666e+07,-3.34014827e+01,-4.86915835e-01,-3.29145669e+01,1.00009805e-09
45,1.12415436e+00,3.56223022e-08,89,19,2,59,normal_corr_dominates,9.99671308e+00,1.00000000e+00,2.50000044e+07,4.38064206e+00,-4.86915835e-01,4.86755790e+00,1.00014429e-09
45,1.12415436e+00,3.56223022e-08,89,20,0,60,corr_ratio_high,3.23031228e+00,5.00000000e-01,2.49999919e+07,-8.13676858e+00,-4.18228449e+00,-3.95448409e+00,1.00003020e-09
45,1.12415436e+00,3.56223022e-08,89,20,1,61,normal_corr_dominates,7.34437314e+00,1.00000000e+00,2.50000265e+07,2.65339734e+01,-4.18228449e+00,3.07162579e+01,1.00030804e-09
45,1.12415436e+00,3.56223022e-08,89,20,2,62,normal_corr_dominates,2.52629111e+00,1.00000000e+00,2.50000064e+07,6.38338365e+00,-4.18228449e+00,1.05656681e+01,1.00028563e-09
45,1.12415436e+00,3.56223022e-08,89,22,0,66,normal_corr_dominates,2.65870058e+00,1.00000000e+00,2.50000118e+07,1.18437044e+01,-7.14035102e+00,1.89840554e+01,1.00025663e-09
45,1.12415436e+00,3.56223022e-08,89,22,2,68,normal_corr_dominates,8.04059201e+00,1.00000000e+00,2.49999354e+07,-6.45530004e+01,-7.14035102e+00,-5.74126494e+01,1.00020407e-09
45,1.12415436e+00,3.56223022e-08,89,23,0,69,normal_corr_dominates,1.24888718e+00,1.00000000e+00,2.49999660e+07,-3.40312815e+01,-1.51324984e+01,-1.88987832e+01,1.00024842e-09
45,1.12415436e+00,3.56223022e-08,89,23,1,70,normal_corr_dominates,2.06090984e+00,1.00000000e+00,2.50000161e+07,1.60542165e+01,-1.51324984e+01,3.11867148e+01,1.00014661e-09
45,1.12415436e+00,3.56223022e-08,89,24,0,72,normal_corr_dominates,1.80247014e+01,1.00000000e+00,2.50000309e+07,3.09005995e+01,-1.81504502e+00,3.27156445e+01,1.00018323e-09
45,1.12415436e+00,3.56223022e-08,89,24,1,73,normal_corr_dominates,1.29851207e+01,1.00000000e+00,2.50000218e+07,2.17535337e+01,-1.81504502e+00,2.35685787e+01,1.00022682e-09
45,1.12415436e+00,3.56223022e-08,89,24,2,74,normal_corr_dominates,2.44651868e+01,1.00000000e+00,2.49999538e+07,-4.62204605e+01,-1.81504502e+00,-4.44054155e+01,1.00021672e-09
45,1.12415436e+00,3.56223022e-08,89,27,1,82,normal_corr_dominates,2.30124033e+00,1.00000000e+00,2.50000239e+07,2.38683128e+01,-1.83427398e+01,4.22110527e+01,1.00023124e-09
45,1.12415436e+00,3.56223022e-08,89,28,0,84,normal_corr_dominates,1.03055441e+01,1.00000000e+00,2.49999408e+07,-5.92044183e+01,-5.23675976e+00,-5.39676586e+01,1.00022908e-09
45,1.12415436e+00,3.56223022e-08,89,28,1,85,normal_corr_dominates,6.71400334e+00,1.00000000e+00,2.50000299e+07,2.99228627e+01,-5.23675976e+00,3.51596225e+01,1.00020722e-09
45,1.12415436e+00,3.56223022e-08,89,28,2,86,normal_corr_dominates,9.02342945e+00,1.00000000e+00,2.49999475e+07,-5.24902920e+01,-5.23675976e+00,-4.72535322e+01,1.00024100e-09
45,1.12415436e+00,3.56223022e-08,89,30,0,90,normal_corr_dominates,1.61206095e+01,1.00000000e+00,2.49999794e+07,-2.06165669e+01,1.36347459e+00,-2.19800415e+01,1.00025048e-09
45,1.12415436e+00,3.56223022e-08,89,30,1,91,normal_corr_dominates,1.49109169e+01,1.00000000e+00,2.50000217e+07,2.16941310e+01,1.36347459e+00,2.03306564e+01,1.00019543e-09
45,1.12415436e+00,3.56223022e-08,89,30,2,92,normal_corr_dominates,3.03809860e+01,1.00000000e+00,2.49999599e+07,-4.00602278e+01,1.36347459e+00,-4.14237024e+01,1.00020597e-09
45,1.12415436e+00,3.56223022e-08,89,9,0,27,normal_corr_dominates,2.55118456e+00,1.00000000e+00,2.50000168e+07,1.67875488e+01,-1.08224058e+01,2.76099546e+01,1.00019688e-09
45,1.12415436e+00,3.56223022e-08,89,9,1,28,normal_corr_dominates,2.64993161e+00,1.00000000e+00,2.49999605e+07,-3.95010411e+01,-1.08224058e+01,-2.86786353e+01,1.00025105e-09
45,1.12415436e+00,3.56223022e-08,89,9,2,29,normal_corr_dominates,4.27004790e+00,1.00000000e+00,2.50000354e+07,3.53897854e+01,-1.08224058e+01,4.62121912e+01,1.00022038e-09
45,1.12415436e+00,3.56223022e-08,89,8,0,24,normal_corr_dominates,1.47262082e+00,1.00000000e+00,2.49999762e+07,-2.38103189e+01,-9.62958767e+00,-1.41807313e+01,1.00027447e-09
45,1.12415436e+00,3.56223022e-08,89,8,2,26,normal_corr_dominates,2.17881995e+00,1.00000000e+00,2.50000114e+07,1.13515501e+01,-9.62958767e+00,2.09811377e+01,1.00016007e-09
45,1.12415436e+00,3.56223022e-08,89,8,2,26,corr_ratio_high,5.88166590e-01,5.00000000e-01,2.50000114e+07,1.13515501e+01,-9.62958767e+00,2.09811377e+01,1.00016007e-09
46,1.14779430e+00,3.63714066e-08,89,0,0,0,normal_corr_dominates,4.20694872e+00,1.00000000e+00,2.49998790e+07,-1.21033688e+02,-2.32446476e+01,-9.77890402e+01,1.00036464e-09
46,1.14779430e+00,3.63714066e-08,89,0,1,1,normal_corr_dominates,2.32363486e+00,1.00000000e+00,2.50000308e+07,3.07674258e+01,-2.32446476e+01,5.40120733e+01,1.00016097e-09
46,1.14779430e+00,3.63714066e-08,89,0,1,1,corr_ratio_high,5.26660772e-01,5.00000000e-01,2.50000308e+07,3.07674258e+01,-2.32446476e+01,5.40120733e+01,1.00016097e-09
46,1.14779430e+00,3.63714066e-08,89,0,2,2,normal_corr_dominates,3.49388827e+00,1.00000000e+00,2.50000580e+07,5.79695540e+01,-2.32446476e+01,8.12142015e+01,1.00017031e-09
46,1.14779430e+00,3.63714066e-08,89,1,0,3,normal_corr_dominates,2.82781776e+00,1.00000000e+00,2.49999504e+07,-4.96371822e+01,-1.29674883e+01,-3.66696939e+01,1.00029021e-09
46,1.14779430e+00,3.63714066e-08,89,1,1,4,normal_corr_dominates,1.90534432e+00,1.00000000e+00,2.50000117e+07,1.17400419e+01,-1.29674883e+01,2.47075303e+01,1.00015149e-09
46,1.14779430e+00,3.63714066e-08,89,1,1,4,corr_ratio_high,6.40103638e-01,5.00000000e-01,2.50000117e+07,1.17400419e+01,-1.29674883e+01,2.47075303e+01,1.00015149e-09
46,1.14779430e+00,3.63714066e-08,89,1,2,5,normal_corr_dominates,4.44730806e+00,1.00000000e+00,2.50000447e+07,4.47029271e+01,-1.29674883e+01,5.76704154e+01,1.00023957e-09
46,1.14779430e+00,3.63714066e-08,89,2,0,6,normal_corr_dominates,2.78197986e+00,1.00000000e+00,2.49999765e+07,-2.34731822e+01,-6.20658571e+00,-1.72665965e+01,1.00020102e-09
46,1.14779430e+00,3.63714066e-08,89,2,1,7,normal_corr_dominates,5.20583832e+00,1.00000000e+00,2.50000261e+07,2.61038961e+01,-6.20658571e+00,3.23104818e+01,1.00013476e-09
46,1.14779430e+00,3.63714066e-08,89,3,0,9,normal_corr_dominates,7.43525665e+00,1.00000000e+00,2.50000332e+07,3.31847609e+01,-5.15671134e+00,3.83414723e+01,1.00024705e-09
46,1.14779430e+00,3.63714066e-08,89,3,2,11,normal_corr_dominates,3.21710392e+00,1.00000000e+00,2.50000114e+07,1.14329649e+01,-5.15671134e+00,1.65896762e+01,1.00025284e-09
46,1.14779430e+00,3.63714066e-08,89,4,0,12,normal_corr_dominates,2.64243013e+00,1.00000000e+00,2.50000163e+07,1.62625096e+01,-9.90149247e+00,2.61640021e+01,1.00007344e-09
46,1.14779430e+00,3.63714066e-08,89,4,0,12,corr_ratio_high,1.50052637e+00,5.00000000e-01,2.50000163e+07,1.62625096e+01,-9.90149247e+00,2.61640021e+01,1.00007344e-09
46,1.14779430e+00,3.63714066e-08,89,4,2,14,normal_corr_dominates,2.16869324e+00,1.00000000e+00,2.49999686e+07,-3.13747923e+01,-9.90149247e+00,-2.14732998e+01,1.00039590e-09
46,1.14779430e+00,3.63714066e-08,89,4,2,14,corr_ratio_high,5.78258266e-01,5.00000000e-01,2.49999686e+07,-3.13747923e+01,-9.90149247e+00,-2.14732998e+01,1.00039590e-09
46,1.14779430e+00,3.63714066e-08,89,5,0,15,normal_corr_dominates,6.07263866e+00,1.00000000e+00,2.49999683e+07,-3.16735354e+01,-4.47831947e+00,-2.71952159e+01,1.00013920e-09
46,1.14779430e+00,3.63714066e-08,89,5,0,15,corr_ratio_high,8.44297124e-01,5.00000000e-01,2.49999683e+07,-3.16735354e+01,-4.47831947e+00,-2.71952159e+01,1.00013920e-09
46,1.14779430e+00,3.63714066e-08,89,5,1,16,normal_corr_dominates,6.02102511e+00,1.00000000e+00,2.49999686e+07,-3.14423934e+01,-4.47831947e+00,-2.69640740e+01,1.00024788e-09
46,1.14779430e+00,3.63714066e-08,89,5,2,17,normal_corr_dominates,9.07496665e+00,1.00000000e+00,2.50000362e+07,3.61622803e+01,-4.47831947e+00,4.06405998e+01,1.00014969e-09
46,1.14779430e+00,3.63714066e-08,89,6,0,18,normal_corr_dominates,1.13808020e+01,1.00000000e+00,2.49999955e+07,-4.53009895e+00,4.36391999e-01,-4.96649095e+00,1.00017757e-09
46,1.14779430e+00,3.63714066e-08,89,6,1,19,normal_corr_dominates,1.17185718e+01,1.00000000e+00,2.50000056e+07,5.55028296e+00,4.36391999e-01,5.11389096e+00,1.00016676e-09
46,1.14779430e+00,3.63714066e-08,89,6,2,20,normal_corr_dominates,2.15551174e+00,1.00000000e+00,2.50000014e+07,1.37704008e+00,4.36391999e-01,9.40648077e-01,1.00025093e-09
46,1.14779430e+00,3.63714066e-08,89,12,1,37,corr_ratio_high,1.45880459e+00,5.00000000e-01,2.49999980e+07,-2.02068673e+00,-9.93052455e+00,7.90983782e+00,1.00008808e-09
46,1.14779430e+00,3.63714066e-08,89,12,2,38,normal_corr_dominates,4.17593916e+00,1.00000000e+00,2.50000315e+07,3.15387417e+01,-9.93052455e+00,4.14692663e+01,1.00026659e-09
46,1.14779430e+00,3.63714066e-08,89,13,0,39,normal_corr_dominates,1.41795253e+01,1.00000000e+00,2.49999719e+07,-2.80914450e+01,-1.85061419e+00,-2.62408308e+01,1.00011479e-09
46,1.14779430e+00,3.63714066e-08,89,13,0,39,corr_ratio_high,1.24764715e+00,5.00000000e-01,2.49999719e+07,-2.80914450e+01,-1.85061419e+00,-2.62408308e+01,1.00011479e-09
46,1.14779430e+00,3.63714066e-08,89,13,1,40,normal_corr_dominates,2.77653907e+01,1.00000000e+00,2.49999468e+07,-5.32336401e+01,-1.85061419e+00,-5.13830259e+01,1.00008941e-09
46,1.14779430e+00,3.63714066e-08,89,13,1,40,corr_ratio_high,2.13880090e+00,5.00000000e-01,2.49999468e+07,-5.32336401e+01,-1.85061419e+00,-5.13830259e+01,1.00008941e-09
46,1.14779430e+00,3.63714066e-08,89,13,2,41,normal_corr_dominates,2.73663028e+01,1.00000000e+00,2.50000488e+07,4.87938540e+01,-1.85061419e+00,5.06444681e+01,1.00039680e-09
46,1.14779430e+00,3.63714066e-08,89,13,2,41,corr_ratio_high,5.78999703e-01,5.00000000e-01,2.50000488e+07,4.87938540e+01,-1.85061419e+00,5.06444681e+01,1.00039680e-09
46,1.14779430e+00,3.63714066e-08,89,14,0,42,normal_corr_dominates,4.66875038e+00,1.00000000e+00,2.50000691e+07,6.91046904e+01,-1.88360295e+01,8.79407199e+01,1.00029200e-09
46,1.14779430e+00,3.63714066e-08,89,14,1,43,normal_corr_dominates,4.57756010e+00,1.00000000e+00,2.49998949e+07,-1.05059087e+02,-1.88360295e+01,-8.62230571e+01,1.00021278e-09
46,1.14779430e+00,3.63714066e-08,89,14,1,43,corr_ratio_high,7.88892597e-01,5.00000000e-01,2.49998949e+07,-1.05059087e+02,-1.88360295e+01,-8.62230571e+01,1.00021278e-09
46,1.14779430e+00,3.63714066e-08,89,14,2,44,normal_corr_dominates,3.53160796e+00,1.00000000e+00,2.49999146e+07,-8.53575013e+01,-1.88360295e+01,-6.65214718e+01,1.00021299e-09
46,1.14779430e+00,3.63714066e-08,89,15,0,45,normal_corr_dominates,4.30386614e+00,1.00000000e+00,2.49999538e+07,-4.61522853e+01,-8.70163087e+00,-3.74506544e+01,1.00014356e-09
46,1.14779430e+00,3.63714066e-08,89,15,0,45,corr_ratio_high,8.60388393e-01,5.00000000e-01,2.49999538e+07,-4.61522853e+01,-8.70163087e+00,-3.74506544e+01,1.00014356e-09
46,1.14779430e+00,3.63714066e-08,89,15,1,46,normal_corr_dominates,4.47005307e+00,1.00000000e+00,2.50000302e+07,3.01951209e+01,-8.70163087e+00,3.88967518e+01,1.00016591e-09
46,1.14779430e+00,3.63714066e-08,89,15,2,47,normal_corr_dominates,2.43734711e+00,1.00000000e+00,2.50000125e+07,1.25072640e+01,-8.70163087e+00,2.12088949e+01,1.00024581e-09
46,1.14779430e+00,3.63714066e-08,89,16,0,48,normal_corr_dominates,2.25248192e+00,1.00000000e+00,2.50000149e+07,1.48982682e+01,-1.18949967e+01,2.67932649e+01,1.00019406e-09
46,1.14779430e+00,3.63714066e-08,89,16,1,49,normal_corr_dominates,4.82426890e+00,1.00000000e+00,2.49999307e+07,-6.92796592e+01,-1.18949967e+01,-5.73846625e+01,1.00009404e-09
46,1.14779430e+00,3.63714066e-08,89,16,1,49,corr_ratio_high,1.78564578e+00,5.00000000e-01,2.49999307e+07,-6.92796592e+01,-1.18949967e+01,-5.73846625e+01,1.00009404e-09
46,1.14779430e+00,3.63714066e-08,89,16,2,50,normal_corr_dominates,2.10421359e+00,1.00000000e+00,2.50000131e+07,1.31346170e+01,-1.18949967e+01,2.50296136e+01,1.00036756e-09
46,1.14779430e+00,3.63714066e-08,89,16,2,50,corr_ratio_high,5.58986323e-01,5.00000000e-01,2.50000131e+07,1.31346170e+01,-1.18949967e+01,2.50296136e+01,1.00036756e-09
46,1.14779430e+00,3.63714066e-08,89,17,1,52,normal_corr_dominates,1.65593305e+00,1.00000000e+00,2.49999755e+07,-2.44935659e+01,-9.22220759e+00,-1.52713583e+01,1.00010836e-09
46,1.14779430e+00,3.63714066e-08,89,17,1,52,corr_ratio_high,1.49471420e+00,5.00000000e-01,2.49999755e+07,-2.44935659e+01,-9.22220759e+00,-1.52713583e+01,1.00010836e-09
46,1.14779430e+00,3.63714066e-08,89,18,0,54,normal_corr_dominates,5.63468888e+00,1.00000000e+00,2.50000207e+07,2.07059104e+01,-4.46759448e+00,2.51735049e+01,1.00011949e-09
46,1.14779430e+00,3.63714066e-08,89,18,0,54,corr_ratio_high,6.16886974e-01,5.00000000e-01,2.50000207e+07,2.07059104e+01,-4.46759448e+00,2.51735049e+01,1.00011949e-09
46,1.14779430e+00,3.63714066e-08,89,18,1,55,normal_corr_dominates,7.14906568e+00,1.00000000e+00,2.49999636e+07,-3.64067209e+01,-4.46759448e+00,-3.19391264e+01,1.00015266e-09
46,1.14779430e+00,3.63714066e-08,89,19,0,57,normal_corr_dominates,3.49200661e+01,1.00000000e+00,2.49999822e+07,-1.78230650e+01,-4.96186867e-01,-1.73268782e+01,1.00036332e-09
46,1.14779430e+00,3.63714066e-08,89,19,0,57,corr_ratio_high,5.00501211e-01,5.00000000e-01,2.49999822e+07,-1.78230650e+01,-4.96186867e-01,-1.73268782e+01,1.00036332e-09
46,1.14779430e+00,3.63714066e-08,89,19,1,58,normal_corr_dominates,6.76234890e+01,1.00000000e+00,2.49999659e+07,-3.40500740e+01,-4.96186867e-01,-3.35538871e+01,1.00009997e-09
46,1.14779430e+00,3.63714066e-08,89,19,1,58,corr_ratio_high,1.57153016e+00,5.00000000e-01,2.49999659e+07,-3.40500740e+01,-4.96186867e-01,-3.35538871e+01,1.00009997e-09
46,1.14779430e+00,3.63714066e-08,89,19,2,59,normal_corr_dominates,1.00038070e+01,1.00000000e+00,2.50000045e+07,4.46757076e+00,-4.96186867e-01,4.96375763e+00,1.00014711e-09
46,1.14779430e+00,3.63714066e-08,89,20,0,60,corr_ratio_high,3.22984878e+00,5.00000000e-01,2.49999917e+07,-8.29724617e+00,-4.26440435e+00,-4.03284182e+00,1.00003080e-09
46,1.14779430e+00,3.63714066e-08,89,20,1,61,normal_corr_dominates,7.34294470e+00,1.00000000e+00,2.50000270e+07,2.70488810e+01,-4.26440435e+00,3.13132853e+01,1.00031404e-09
46,1.14779430e+00,3.63714066e-08,89,20,2,62,normal_corr_dominates,2.52601224e+00,1.00000000e+00,2.50000065e+07,6.50753323e+00,-4.26440435e+00,1.07719376e+01,1.00029119e-09
46,1.14779430e+00,3.63714066e-08,89,22,0,66,normal_corr_dominates,2.65836334e+00,1.00000000e+00,2.50000121e+07,1.20729594e+01,-7.28004483e+00,1.93530043e+01,1.00026163e-09
46,1.14779430e+00,3.63714066e-08,89,22,2,68,normal_corr_dominates,8.04016823e+00,1.00000000e+00,2.49999342e+07,-6.58128300e+01,-7.28004483e+00,-5.85327851e+01,1.00020805e-09
46,1.14779430e+00,3.63714066e-08,89,23,0,69,normal_corr_dominates,1.24896601e+00,1.00000000e+00,2.49999653e+07,-3.46931197e+01,-1.54262535e+01,-1.92668663e+01,1.00025326e-09
46,1.14779430e+00,3.63714066e-08,89,23,1,70,normal_corr_dominates,2.06088410e+00,1.00000000e+00,2.50000164e+07,1.63654670e+01,-1.54262535e+01,3.17917205e+01,1.00014947e-09
46,1.14779430e+00,3.63714066e-08,89,24,0,72,normal_corr_dominates,1.80324792e+01,1.00000000e+00,2.50000315e+07,3.15029917e+01,-1.84958346e+00,3.33525752e+01,1.00018679e-09
46,1.14779430e+00,3.63714066e-08,89,24,1,73,normal_corr_dominates,1.29919142e+01,1.00000000e+00,2.50000222e+07,2.21800461e+01,-1.84958346e+00,2.40296296e+01,1.00023123e-09
46,1.14779430e+00,3.63714066e-08,89,24,2,74,normal_corr_dominates,2.44783367e+01,1.00000000e+00,2.49999529e+07,-4.71243100e+01,-1.84958346e+00,-4.52747266e+01,1.00022094e-09
46,1.14779430e+00,3.63714066e-08,89,27,1,82,normal_corr_dominates,2.30112171e+00,1.00000000e+00,2.50000243e+07,2.43315880e+01,-1.87004704e+01,4.30320583e+01,1.00023575e-09
46,1.14779430e+00,3.63714066e-08,89,28,0,84,normal_corr_dominates,1.03084587e+01,1.00000000e+00,2.49999396e+07,-6.03536854e+01,-5.33703902e+00,-5.50166464e+01,1.00023353e-09
46,1.14779430e+00,3.63714066e-08,89,28,1,85,normal_corr_dominates,6.71610868e+00,1.00000000e+00,2.50000305e+07,3.05070951e+01,-5.33703902e+00,3.58441341e+01,1.00021126e-09
46,1.14779430e+00,3.63714066e-08,89,28,2,86,normal_corr_dominates,9.02771934e+00,1.00000000e+00,2.49999465e+07,-5.35183294e+01,-5.33703902e+00,-4.81812904e+01,1.00024571e-09
46,1.14779430e+00,3.63714066e-08,89,30,0,90,normal_corr_dominates,1.61170165e+01,1.00000000e+00,2.49999790e+07,-2.10174935e+01,1.39032020e+00,-2.24078137e+01,1.00025536e-09
46,1.14779430e+00,3.63714066e-08,89,30,1,91,normal_corr_dominates,1.49091894e+01,1.00000000e+00,2.50000221e+07,2.21188675e+01,1.39032020e+00,2.07285473e+01,1.00019923e-09
46,1.14779430e+00,3.63714066e-08,89,30,2,92,normal_corr_dominates,3.03769543e+01,1.00000000e+00,2.49999592e+07,-4.08433732e+01,1.39032020e+00,-4.22336934e+01,1.00020998e-09
46,1.14779430e+00,3.63714066e-08,89,9,0,27,normal_corr_dominates,2.55047170e+00,1.00000000e+00,2.50000171e+07,1.71068010e+01,-1.10332881e+01,2.81400891e+01,1.00020073e-09
46,1.14779430e+00,3.63714066e-08,89,9,1,28,normal_corr_dominates,2.64943058e+00,1.00000000e+00,2.49999597e+07,-4.02652191e+01,-1.10332881e+01,-2.92319309e+01,1.00025592e-09
46,1.14779430e+00,3.63714066e-08,89,9,2,29,normal_corr_dominates,4.26995194e+00,1.00000000e+00,2.50000361e+07,3.60783219e+01,-1.10332881e+01,4.71116100e+01,1.00022468e-09
46,1.14779430e+00,3.63714066e-08,89,8,0,24,normal_corr_dominates,1.47262402e+00,1.00000000e+00,2.49999757e+07,-2.42732020e+01,-9.81677837e+00,-1.44564236e+01,1.00027982e-09
46,1.14779430e+00,3.63714066e-08,89,8,2,26,normal_corr_dominates,2.17904203e+00,1.00000000e+00,2.50000116e+07,1.15743943e+01,-9.81677837e+00,2.13911727e+01,1.00016319e-09
46,1.14779430e+00,3.63714066e-08,89,8,2,26,corr_ratio_high,5.88134785e-01,5.00000000e-01,2.50000116e+07,1.15743943e+01,-9.81677837e+00,2.13911727e+01,1.00016319e-09
47,1.17023357e+00,3.70824640e-08,89,0,0,0,normal_corr_dominates,4.20672015e+00,1.00000000e+00,2.49998768e+07,-1.23220995e+02,-2.36657611e+01,-9.95552341e+01,1.00037124e-09
47,1.17023357e+00,3.70824640e-08,89,0,1,1,normal_corr_dominates,2.32380219e+00,1.00000000e+00,2.50000313e+07,3.13287864e+01,-2.36657611e+01,5.49945475e+01,1.00016386e-09
47,1.17023357e+00,3.70824640e-08,89,0,1,1,corr_ratio_high,5.26753877e-01,5.00000000e-01,2.50000313e+07,3.13287864e+01,-2.36657611e+01,5.49945475e+01,1.00016386e-09
47,1.17023357e+00,3.70824640e-08,89,0,2,2,normal_corr_dominates,3.49368098e+00,1.00000000e+00,2.50000590e+07,5.90148584e+01,-2.36657611e+01,8.26806195e+01,1.00017342e-09
47,1.17023357e+00,3.70824640e-08,89,1,0,3,normal_corr_dominates,2.82772612e+00,1.00000000e+00,2.49999495e+07,-5.05336102e+01,-1.32019922e+01,-3.73316181e+01,1.00029546e-09
47,1.17023357e+00,3.70824640e-08,89,1,1,4,normal_corr_dominates,1.90546002e+00,1.00000000e+00,2.50000120e+07,1.19538760e+01,-1.32019922e+01,2.51558682e+01,1.00015423e-09
47,1.17023357e+00,3.70824640e-08,89,1,1,4,corr_ratio_high,6.40123218e-01,5.00000000e-01,2.50000120e+07,1.19538760e+01,-1.32019922e+01,2.51558682e+01,1.00015423e-09
47,1.17023357e+00,3.70824640e-08,89,1,2,5,normal_corr_dominates,4.44737456e+00,1.00000000e+00,2.50000455e+07,4.55122118e+01,-1.32019922e+01,5.87142040e+01,1.00024391e-09
47,1.17023357e+00,3.70824640e-08,89,2,0,6,normal_corr_dominates,2.78254741e+00,1.00000000e+00,2.49999761e+07,-2.39001904e+01,-6.31854352e+00,-1.75816469e+01,1.00020466e-09
47,1.17023357e+00,3.70824640e-08,89,2,1,7,normal_corr_dominates,5.20621697e+00,1.00000000e+00,2.50000266e+07,2.65771650e+01,-6.31854352e+00,3.28957085e+01,1.00013719e-09
47,1.17023357e+00,3.70824640e-08,89,3,0,9,normal_corr_dominates,7.43441446e+00,1.00000000e+00,2.50000338e+07,3.37799523e+01,-5.24988754e+00,3.90298398e+01,1.00025152e-09
47,1.17023357e+00,3.70824640e-08,89,3,2,11,normal_corr_dominates,3.21690679e+00,1.00000000e+00,2.50000116e+07,1.16385113e+01,-5.24988754e+00,1.68883988e+01,1.00025741e-09
47,1.17023357e+00,3.70824640e-08,89,4,0,12,normal_corr_dominates,2.64259864e+00,1.00000000e+00,2.50000166e+07,1.65573157e+01,-1.00799522e+01,2.66372679e+01,1.00007476e-09
47,1.17023357e+00,3.70824640e-08,89,4,0,12,corr_ratio_high,1.50055456e+00,5.00000000e-01,2.50000166e+07,1.65573157e+01,-1.00799522e+01,2.66372679e+01,1.00007476e-09
47,1.17023357e+00,3.70824640e-08,89,4,2,14,normal_corr_dominates,2.16927821e+00,1.00000000e+00,2.49999681e+07,-3.19461728e+01,-1.00799522e+01,-2.18662206e+01,1.00040306e-09
47,1.17023357e+00,3.70824640e-08,89,4,2,14,corr_ratio_high,5.78260335e-01,5.00000000e-01,2.49999681e+07,-3.19461728e+01,-1.00799522e+01,-2.18662206e+01,1.00040306e-09
47,1.17023357e+00,3.70824640e-08,89,5,0,15,normal_corr_dominates,6.07093772e+00,1.00000000e+00,2.49999678e+07,-3.22417977e+01,-4.55976265e+00,-2.76820351e+01,1.00014172e-09
47,1.17023357e+00,3.70824640e-08,89,5,0,15,corr_ratio_high,8.44297945e-01,5.00000000e-01,2.49999678e+07,-3.22417977e+01,-4.55976265e+00,-2.76820351e+01,1.00014172e-09
47,1.17023357e+00,3.70824640e-08,89,5,1,16,normal_corr_dominates,6.02200591e+00,1.00000000e+00,2.49999680e+07,-3.20186803e+01,-4.55976265e+00,-2.74589176e+01,1.00025237e-09
47,1.17023357e+00,3.70824640e-08,89,5,2,17,normal_corr_dominates,9.07423433e+00,1.00000000e+00,2.50000368e+07,3.68165921e+01,-4.55976265e+00,4.13763548e+01,1.00015240e-09
47,1.17023357e+00,3.70824640e-08,89,6,0,18,normal_corr_dominates,1.13766940e+01,1.00000000e+00,2.49999954e+07,-4.61274675e+00,4.44529516e-01,-5.05727626e+00,1.00018078e-09
47,1.17023357e+00,3.70824640e-08,89,6,1,19,normal_corr_dominates,1.17092084e+01,1.00000000e+00,2.50000056e+07,5.64961827e+00,4.44529516e-01,5.20508875e+00,1.00016978e-09
47,1.17023357e+00,3.70824640e-08,89,6,2,20,normal_corr_dominates,2.15698934e+00,1.00000000e+00,2.50000014e+07,1.40337495e+00,4.44529516e-01,9.58845430e-01,1.00025547e-09
47,1.17023357e+00,3.70824640e-08,89,12,1,37,corr_ratio_high,1.45874332e+00,5.00000000e-01,2.49999979e+07,-2.05762182e+00,-1.01094268e+01,8.05180496e+00,1.00008968e-09
47,1.17023357e+00,3.70824640e-08,89,12,2,38,normal_corr_dominates,4.17610719e+00,1.00000000e+00,2.50000321e+07,3.21086231e+01,-1.01094268e+01,4.22180499e+01,1.00027142e-09
47,1.17023357e+00,3.70824640e-08,89,13,0,39,normal_corr_dominates,1.41707215e+01,1.00000000e+00,2.49999714e+07,-2.86021979e+01,-1.88535516e+00,-2.67168428e+01,1.00011688e-09
47,1.17023357e+00,3.70824640e-08,89,13,0,39,corr_ratio_high,1.24744934e+00,5.00000000e-01,2.49999714e+07,-2.86021979e+01,-1.88535516e+00,-2.67168428e+01,1.00011688e-09
47,1.17023357e+00,3.70824640e-08,89,13,1,40,normal_corr_dominates,2.77458198e+01,1.00000000e+00,2.49999458e+07,-5.41960797e+01,-1.88535516e+00,-5.23107245e+01,1.00009103e-09
47,1.17023357e+00,3.70824640e-08,89,13,1,40,corr_ratio_high,2.13872434e+00,5.00000000e-01,2.49999458e+07,-5.41960797e+01,-1.88535516e+00,-5.23107245e+01,1.00009103e-09
47,1.17023357e+00,3.70824640e-08,89,13,2,41,normal_corr_dominates,2.73467389e+01,1.00000000e+00,2.50000497e+07,4.96729600e+01,-1.88535516e+00,5.15583152e+01,1.00040398e-09
47,1.17023357e+00,3.70824640e-08,89,13,2,41,corr_ratio_high,5.78997903e-01,5.00000000e-01,2.50000497e+07,4.96729600e+01,-1.88535516e+00,5.15583152e+01,1.00040398e-09
47,1.17023357e+00,3.70824640e-08,89,14,0,42,normal_corr_dominates,4.66922712e+00,1.00000000e+00,2.50000704e+07,7.03628352e+01,-1.91764731e+01,8.95393083e+01,1.00029726e-09
47,1.17023357e+00,3.70824640e-08,89,14,1,43,normal_corr_dominates,4.57764205e+00,1.00000000e+00,2.49998930e+07,-1.06959503e+02,-1.91764731e+01,-8.77830296e+01,1.00021663e-09
47,1.17023357e+00,3.70824640e-08,89,14,1,43,corr_ratio_high,7.88892663e-01,5.00000000e-01,2.49998930e+07,-1.06959503e+02,-1.91764731e+01,-8.77830296e+01,1.00021663e-09
47,1.17023357e+00,3.70824640e-08,89,14,2,44,normal_corr_dominates,3.53211221e+00,1.00000000e+00,2.49999131e+07,-8.69099279e+01,-1.91764731e+01,-6.77334547e+01,1.00021687e-09
47,1.17023357e+00,3.70824640e-08,89,15,0,45,normal_corr_dominates,4.30408522e+00,1.00000000e+00,2.49999530e+07,-4.69845528e+01,-8.85818212e+00,-3.81263707e+01,1.00014617e-09
47,1.17023357e+00,3.70824640e-08,89,15,0,45,corr_ratio_high,8.60298439e-01,5.00000000e-01,2.49999530e+07,-4.69845528e+01,-8.85818212e+00,-3.81263707e+01,1.00014617e-09
47,1.17023357e+00,3.70824640e-08,89,15,1,46,normal_corr_dominates,4.47041657e+00,1.00000000e+00,2.50000307e+07,3.07415820e+01,-8.85818212e+00,3.95997641e+01,1.00016891e-09
47,1.17023357e+00,3.70824640e-08,89,15,2,47,normal_corr_dominates,2.43775063e+00,1.00000000e+00,2.50000127e+07,1.27358569e+01,-8.85818212e+00,2.15940390e+01,1.00025025e-09
47,1.17023357e+00,3.70824640e-08,89,16,0,48,normal_corr_dominates,2.25294340e+00,1.00000000e+00,2.50000152e+07,1.51736747e+01,-1.21104232e+01,2.72840979e+01,1.00019756e-09
47,1.17023357e+00,3.70824640e-08,89,16,1,49,normal_corr_dominates,4.82395992e+00,1.00000000e+00,2.49999295e+07,-7.05306191e+01,-1.21104232e+01,-5.84201960e+01,1.00009575e-09
47,1.17023357e+00,3.70824640e-08,89,16,1,49,corr_ratio_high,1.78554695e+00,5.00000000e-01,2.49999295e+07,-7.05306191e+01,-1.21104232e+01,-5.84201960e+01,1.00009575e-09
47,1.17023357e+00,3.70824640e-08,89,16,2,50,normal_corr_dominates,2.10358187e+00,1.00000000e+00,2.50000134e+07,1.33648434e+01,-1.21104232e+01,2.54752666e+01,1.00037423e-09
47,1.17023357e+00,3.70824640e-08,89,16,2,50,corr_ratio_high,5.58996926e-01,5.00000000e-01,2.50000134e+07,1.33648434e+01,-1.21104232e+01,2.54752666e+01,1.00037423e-09
47,1.17023357e+00,3.70824640e-08,89,17,1,52,normal_corr_dominates,1.65570992e+00,1.00000000e+00,2.49999751e+07,-2.49350842e+01,-9.38923491e+00,-1.55458493e+01,1.00011033e-09
47,1.17023357e+00,3.70824640e-08,89,17,1,52,corr_ratio_high,1.49447402e+00,5.00000000e-01,2.49999751e+07,-2.49350842e+01,-9.38923491e+00,-1.55458493e+01,1.00011033e-09
47,1.17023357e+00,3.70824640e-08,89,18,0,54,normal_corr_dominates,5.63440631e+00,1.00000000e+00,2.50000211e+07,2.10787976e+01,-4.54832749e+00,2.56271251e+01,1.00012166e-09
47,1.17023357e+00,3.70824640e-08,89,18,0,54,corr_ratio_high,6.16855174e-01,5.00000000e-01,2.50000211e+07,2.10787976e+01,-4.54832749e+00,2.56271251e+01,1.00012166e-09
47,1.17023357e+00,3.70824640e-08,89,18,1,55,normal_corr_dominates,7.14915829e+00,1.00000000e+00,2.49999629e+07,-3.70650407e+01,-4.54832749e+00,-3.25167132e+01,1.00015543e-09
47,1.17023357e+00,3.70824640e-08,89,19,0,57,normal_corr_dominates,3.49359121e+01,1.00000000e+00,2.49999819e+07,-1.81464242e+01,-5.04966288e-01,-1.76414579e+01,1.00036989e-09
47,1.17023357e+00,3.70824640e-08,89,19,0,57,corr_ratio_high,5.00491807e-01,5.00000000e-01,2.49999819e+07,-1.81464242e+01,-5.04966288e-01,-1.76414579e+01,1.00036989e-09
47,1.17023357e+00,3.70824640e-08,89,19,1,58,normal_corr_dominates,6.76471675e+01,1.00000000e+00,2.49999653e+07,-3.46645054e+01,-5.04966288e-01,-3.41595391e+01,1.00010179e-09
47,1.17023357e+00,3.70824640e-08,89,19,1,58,corr_ratio_high,1.57127118e+00,5.00000000e-01,2.49999653e+07,-3.46645054e+01,-5.04966288e-01,-3.41595391e+01,1.00010179e-09
47,1.17023357e+00,3.70824640e-08,89,19,2,59,normal_corr_dominates,1.00104566e+01,1.00000000e+00,2.50000045e+07,4.54997680e+00,-5.04966288e-01,5.05494309e+00,1.00014978e-09
47,1.17023357e+00,3.70824640e-08,89,20,0,60,corr_ratio_high,3.22941390e+00,5.00000000e-01,2.49999916e+07,-8.44934679e+00,-4.34221370e+00,-4.10713309e+00,1.00003137e-09
47,1.17023357e+00,3.70824640e-08,89,20,1,61,normal_corr_dominates,7.34162236e+00,1.00000000e+00,2.50000275e+07,2.75366795e+01,-4.34221370e+00,3.18788932e+01,1.00031972e-09
47,1.17023357e+00,3.70824640e-08,89,20,2,62,normal_corr_dominates,2.52575936e+00,1.00000000e+00,2.50000066e+07,6.62517321e+00,-4.34221370e+00,1.09673869e+01,1.00029646e-09
47,1.17023357e+00,3.70824640e-08,89,22,0,66,normal_corr_dominates,2.65804633e+00,1.00000000e+00,2.50000123e+07,1.22901129e+01,-7.41240622e+00,1.97025191e+01,1.00026637e-09
47,1.17023357e+00,3.70824640e-08,89,22,2,68,normal_corr_dominates,8.03976628e+00,1.00000000e+00,2.49999330e+07,-6.70064198e+01,-7.41240622e+00,-5.95940136e+01,1.00021182e-09
47,1.17023357e+00,3.70824640e-08,89,23,0,69,normal_corr_dominates,1.24903785e+00,1.00000000e+00,2.49999647e+07,-3.53201214e+01,-1.57045474e+01,-1.96155740e+01,1.00025784e-09
47,1.17023357e+00,3.70824640e-08,89,23,1,70,normal_corr_dominates,2.06085835e+00,1.00000000e+00,2.50000167e+07,1.66603002e+01,-1.57045474e+01,3.23648475e+01,1.00015218e-09
47,1.17023357e+00,3.70824640e-08,89,24,0,72,normal_corr_dominates,1.80396082e+01,1.00000000e+00,2.50000321e+07,3.20736795e+01,-1.88230147e+00,3.39559810e+01,1.00019016e-09
47,1.17023357e+00,3.70824640e-08,89,24,1,73,normal_corr_dominates,1.29981595e+01,1.00000000e+00,2.50000226e+07,2.25841532e+01,-1.88230147e+00,2.44664547e+01,1.00023542e-09
47,1.17023357e+00,3.70824640e-08,89,24,2,74,normal_corr_dominates,2.44904321e+01,1.00000000e+00,2.49999520e+07,-4.79806778e+01,-1.88230147e+00,-4.60983763e+01,1.00022495e-09
47,1.17023357e+00,3.70824640e-08,89,27,1,82,normal_corr_dominates,2.30101074e+00,1.00000000e+00,2.50000248e+07,2.47704599e+01,-1.90393969e+01,4.38098568e+01,1.00024002e-09
47,1.17023357e+00,3.70824640e-08,89,28,0,84,normal_corr_dominates,1.03111511e+01,1.00000000e+00,2.49999386e+07,-6.14424147e+01,-5.43202138e+00,-5.60103933e+01,1.00023776e-09
47,1.17023357e+00,3.70824640e-08,89,28,1,85,normal_corr_dominates,6.71805431e+00,1.00000000e+00,2.50000311e+07,3.10605932e+01,-5.43202138e+00,3.64926146e+01,1.00021508e-09
47,1.17023357e+00,3.70824640e-08,89,28,2,86,normal_corr_dominates,9.03169562e+00,1.00000000e+00,2.49999455e+07,-5.44923851e+01,-5.43202138e+00,-4.90603637e+01,1.00025017e-09
47,1.17023357e+00,3.70824640e-08,89,30,0,90,normal_corr_dominates,1.61137746e+01,1.00000000e+00,2.49999786e+07,-2.13973168e+01,1.41574937e+00,-2.28130661e+01,1.00025998e-09
47,1.17023357e+00,3.70824640e-08,89,30,1,91,normal_corr_dominates,1.49076754e+01,1.00000000e+00,2.50000225e+07,2.25212813e+01,1.41574937e+00,2.11055319e+01,1.00020283e-09
47,1.17023357e+00,3.70824640e-08,89,30,2,92,normal_corr_dominates,3.03733984e+01,1.00000000e+00,2.49999584e+07,-4.15853702e+01,1.41574937e+00,-4.30011195e+01,1.00021378e-09
47,1.17023357e+00,3.70824640e-08,89,9,0,27,normal_corr_dominates,2.54980455e+00,1.00000000e+00,2.50000174e+07,1.74090884e+01,-1.12330864e+01,2.86421748e+01,1.00020437e-09
47,1.17023357e+00,3.70824640e-08,89,9,1,28,normal_corr_dominates,2.64896066e+00,1.00000000e+00,2.49999590e+07,-4.09890904e+01,-1.12330864e+01,-2.97560040e+01,1.00026054e-09
47,1.17023357e+00,3.70824640e-08,89,9,2,29,normal_corr_dominates,4.26985912e+00,1.00000000e+00,2.50000367e+07,3.67306100e+01,-1.12330864e+01,4.79636964e+01,1.00022875e-09
47,1.17023357e+00,3.70824640e-08,89,8,0,24,normal_corr_dominates,1.47262613e+00,1.00000000e+00,2.49999753e+07,-2.47117306e+01,-9.99412339e+00,-1.47176072e+01,1.00028488e-09
47,1.17023357e+00,3.70824640e-08,89,8,2,26,normal_corr_dominates,2.17924819e+00,1.00000000e+00,2.50000118e+07,1.17855519e+01,-9.99412339e+00,2.17796753e+01,1.00016614e-09
47,1.17023357e+00,3.70824640e-08,89,8,2,26,corr_ratio_high,5.88104660e-01,5.00000000e-01,2.50000118e+07,1.17855519e+01,-9.99412339e+00,2.17796753e+01,1.00016614e-09
48,1.19249982e+00,3.77880392e-08,89,0,0,0,normal_corr_dominates,4.20649599e+00,1.00000000e+00,2.49998746e+07,-1.25387399e+02,-2.40828763e+01,-1.01304523e+02,1.00037777e-09
48,1.19249982e+00,3.77880392e-08,89,0,1,1,normal_corr_dominates,2.32396536e+00,1.00000000e+00,2.50000319e+07,3.18848939e+01,-2.40828763e+01,5.59677702e+01,1.00016673e-09
48,1.19249982e+00,3.77880392e-08,89,0,1,1,corr_ratio_high,5.26845288e-01,5.00000000e-01,2.50000319e+07,3.18848939e+01,-2.40828763e+01,5.59677702e+01,1.00016673e-09
48,1.19249982e+00,3.77880392e-08,89,0,2,2,normal_corr_dominates,3.49347788e+00,1.00000000e+00,2.50000601e+07,6.00501194e+01,-2.40828763e+01,8.41329957e+01,1.00017649e-09
48,1.19249982e+00,3.77880392e-08,89,1,0,3,normal_corr_dominates,2.82763534e+00,1.00000000e+00,2.49999486e+07,-5.14214782e+01,-1.34342678e+01,-3.79872104e+01,1.00030065e-09
48,1.19249982e+00,3.77880392e-08,89,1,1,4,normal_corr_dominates,1.90557241e+00,1.00000000e+00,2.50000122e+07,1.21657023e+01,-1.34342678e+01,2.55999701e+01,1.00015694e-09
48,1.19249982e+00,3.77880392e-08,89,1,1,4,corr_ratio_high,6.40141964e-01,5.00000000e-01,2.50000122e+07,1.21657023e+01,-1.34342678e+01,2.55999701e+01,1.00015694e-09
48,1.19249982e+00,3.77880392e-08,89,1,2,5,normal_corr_dominates,4.44743718e+00,1.00000000e+00,2.50000463e+07,4.63137943e+01,-1.34342678e+01,5.97480621e+01,1.00024822e-09
48,1.19249982e+00,3.77880392e-08,89,2,0,6,normal_corr_dominates,2.78309812e+00,1.00000000e+00,2.49999757e+07,-2.43231959e+01,-6.42943830e+00,-1.78937576e+01,1.00020827e-09
48,1.19249982e+00,3.77880392e-08,89,2,1,7,normal_corr_dominates,5.20657713e+00,1.00000000e+00,2.50000270e+07,2.70459281e+01,-6.42943830e+00,3.34753664e+01,1.00013960e-09
48,1.19249982e+00,3.77880392e-08,89,3,0,9,normal_corr_dominates,7.43358434e+00,1.00000000e+00,2.50000344e+07,3.43693547e+01,-5.34217831e+00,3.97115330e+01,1.00025595e-09
48,1.19249982e+00,3.77880392e-08,89,3,2,11,normal_corr_dominates,3.21671017e+00,1.00000000e+00,2.50000118e+07,1.18420610e+01,-5.34217831e+00,1.71842393e+01,1.00026194e-09
48,1.19249982e+00,3.77880392e-08,89,4,0,12,normal_corr_dominates,2.64275982e+00,1.00000000e+00,2.50000168e+07,1.68492954e+01,-1.02567005e+01,2.71059958e+01,1.00007607e-09
48,1.19249982e+00,3.77880392e-08,89,4,0,12,corr_ratio_high,1.50058114e+00,5.00000000e-01,2.50000168e+07,1.68492954e+01,-1.02567005e+01,2.71059958e+01,1.00007607e-09
48,1.19249982e+00,3.77880392e-08,89,4,2,14,normal_corr_dominates,2.16984886e+00,1.00000000e+00,2.49999675e+07,-3.25121903e+01,-1.02567005e+01,-2.22554898e+01,1.00041015e-09
48,1.19249982e+00,3.77880392e-08,89,4,2,14,corr_ratio_high,5.78262245e-01,5.00000000e-01,2.49999675e+07,-3.25121903e+01,-1.02567005e+01,-2.22554898e+01,1.00041015e-09
48,1.19249982e+00,3.77880392e-08,89,5,0,15,normal_corr_dominates,6.06926549e+00,1.00000000e+00,2.49999672e+07,-3.28045481e+01,-4.64044648e+00,-2.81641017e+01,1.00014421e-09
48,1.19249982e+00,3.77880392e-08,89,5,0,15,corr_ratio_high,8.44298170e-01,5.00000000e-01,2.49999672e+07,-3.28045481e+01,-4.64044648e+00,-2.81641017e+01,1.00014421e-09
48,1.19249982e+00,3.77880392e-08,89,5,1,16,normal_corr_dominates,6.02295359e+00,1.00000000e+00,2.49999674e+07,-3.25896403e+01,-4.64044648e+00,-2.79491938e+01,1.00025683e-09
48,1.19249982e+00,3.77880392e-08,89,5,2,17,normal_corr_dominates,9.07350634e+00,1.00000000e+00,2.50000375e+07,3.74646741e+01,-4.64044648e+00,4.21051205e+01,1.00015508e-09
48,1.19249982e+00,3.77880392e-08,89,6,0,18,normal_corr_dominates,1.13729177e+01,1.00000000e+00,2.49999953e+07,-4.69463308e+00,4.52585589e-01,-5.14721867e+00,1.00018397e-09
48,1.19249982e+00,3.77880392e-08,89,6,1,19,normal_corr_dominates,1.17002778e+01,1.00000000e+00,2.50000057e+07,5.74796269e+00,4.52585589e-01,5.29537711e+00,1.00017278e-09
48,1.19249982e+00,3.77880392e-08,89,6,2,20,normal_corr_dominates,2.15852884e+00,1.00000000e+00,2.50000014e+07,1.42950464e+00,4.52585589e-01,9.76919048e-01,1.00025997e-09
48,1.19249982e+00,3.77880392e-08,89,12,1,37,corr_ratio_high,1.45868244e+00,5.00000000e-01,2.49999979e+07,-2.09424585e+00,-1.02866155e+01,8.19236960e+00,1.00009126e-09
48,1.19249982e+00,3.77880392e-08,89,12,2,38,normal_corr_dominates,4.17626966e+00,1.00000000e+00,2.50000327e+07,3.26730645e+01,-1.02866155e+01,4.29596800e+01,1.00027621e-09
48,1.19249982e+00,3.77880392e-08,89,13,0,39,normal_corr_dominates,1.41621749e+01,1.00000000e+00,2.49999709e+07,-2.91081578e+01,-1.91978775e+00,-2.71883700e+01,1.00011895e-09
48,1.19249982e+00,3.77880392e-08,89,13,0,39,corr_ratio_high,1.24725495e+00,5.00000000e-01,2.49999709e+07,-2.91081578e+01,-1.91978775e+00,-2.71883700e+01,1.00011895e-09
48,1.19249982e+00,3.77880392e-08,89,13,1,40,normal_corr_dominates,2.77267927e+01,1.00000000e+00,2.49999449e+07,-5.51493448e+01,-1.91978775e+00,-5.32295571e+01,1.00009263e-09
48,1.19249982e+00,3.77880392e-08,89,13,1,40,corr_ratio_high,2.13864804e+00,5.00000000e-01,2.49999449e+07,-5.51493448e+01,-1.91978775e+00,-5.32295571e+01,1.00009263e-09
48,1.19249982e+00,3.77880392e-08,89,13,2,41,normal_corr_dominates,2.73277221e+01,1.00000000e+00,2.50000505e+07,5.05436385e+01,-1.91978775e+00,5.24634262e+01,1.00041109e-09
48,1.19249982e+00,3.77880392e-08,89,13,2,41,corr_ratio_high,5.78996091e-01,5.00000000e-01,2.50000505e+07,5.05436385e+01,-1.91978775e+00,5.24634262e+01,1.00041109e-09
48,1.19249982e+00,3.77880392e-08,89,14,0,42,normal_corr_dominates,4.66968820e+00,1.00000000e+00,2.50000716e+07,7.16091039e+01,-1.95136753e+01,9.11227792e+01,1.00030247e-09
48,1.19249982e+00,3.77880392e-08,89,14,1,43,normal_corr_dominates,4.57771933e+00,1.00000000e+00,2.49998912e+07,-1.08841804e+02,-1.95136753e+01,-8.93281286e+01,1.00022044e-09
48,1.19249982e+00,3.77880392e-08,89,14,1,43,corr_ratio_high,7.88891860e-01,5.00000000e-01,2.49998912e+07,-1.08841804e+02,-1.95136753e+01,-8.93281286e+01,1.00022044e-09
48,1.19249982e+00,3.77880392e-08,89,14,2,44,normal_corr_dominates,3.53259957e+00,1.00000000e+00,2.49999116e+07,-8.84476761e+01,-1.95136753e+01,-6.89340008e+01,1.00022072e-09
48,1.19249982e+00,3.77880392e-08,89,15,0,45,normal_corr_dominates,4.30428986e+00,1.00000000e+00,2.49999522e+07,-4.78088353e+01,-9.01323959e+00,-3.87955957e+01,1.00014875e-09
48,1.19249982e+00,3.77880392e-08,89,15,0,45,corr_ratio_high,8.60209877e-01,5.00000000e-01,2.49999522e+07,-4.78088353e+01,-9.01323959e+00,-3.87955957e+01,1.00014875e-09
48,1.19249982e+00,3.77880392e-08,89,15,1,46,normal_corr_dominates,4.47076450e+00,1.00000000e+00,2.50000313e+07,3.12828320e+01,-9.01323959e+00,4.02960716e+01,1.00017189e-09
48,1.19249982e+00,3.77880392e-08,89,15,2,47,normal_corr_dominates,2.43813782e+00,1.00000000e+00,2.50000130e+07,1.29622807e+01,-9.01323959e+00,2.19755203e+01,1.00025464e-09
48,1.19249982e+00,3.77880392e-08,89,16,0,48,normal_corr_dominates,2.25339421e+00,1.00000000e+00,2.50000154e+07,1.54465774e+01,-1.23237983e+01,2.77703757e+01,1.00020102e-09
48,1.19249982e+00,3.77880392e-08,89,16,1,49,normal_corr_dominates,4.82366081e+00,1.00000000e+00,2.49999282e+07,-7.17696212e+01,-1.23237983e+01,-5.94458229e+01,1.00009744e-09
48,1.19249982e+00,3.77880392e-08,89,16,1,49,corr_ratio_high,1.78544981e+00,5.00000000e-01,2.49999282e+07,-7.17696212e+01,-1.23237983e+01,-5.94458229e+01,1.00009744e-09
48,1.19249982e+00,3.77880392e-08,89,16,2,50,normal_corr_dominates,2.10296666e+00,1.00000000e+00,2.50000136e+07,1.35927387e+01,-1.23237983e+01,2.59165370e+01,1.00038083e-09
48,1.19249982e+00,3.77880392e-08,89,16,2,50,corr_ratio_high,5.59007334e-01,5.00000000e-01,2.50000136e+07,1.35927387e+01,-1.23237983e+01,2.59165370e+01,1.00038083e-09
48,1.19249982e+00,3.77880392e-08,89,17,1,52,normal_corr_dominates,1.65549007e+00,1.00000000e+00,2.49999746e+07,-2.53723472e+01,-9.55467598e+00,-1.58176712e+01,1.00011228e-09
48,1.19249982e+00,3.77880392e-08,89,17,1,52,corr_ratio_high,1.49423796e+00,5.00000000e-01,2.49999746e+07,-2.53723472e+01,-9.55467598e+00,-1.58176712e+01,1.00011228e-09
48,1.19249982e+00,3.77880392e-08,89,18,0,54,normal_corr_dominates,5.63412522e+00,1.00000000e+00,2.50000214e+07,2.14480779e+01,-4.62829054e+00,2.60763685e+01,1.00012380e-09
48,1.19249982e+00,3.77880392e-08,89,18,0,54,corr_ratio_high,6.16823669e-01,5.00000000e-01,2.50000214e+07,2.14480779e+01,-4.62829054e+00,2.60763685e+01,1.00012380e-09
48,1.19249982e+00,3.77880392e-08,89,18,1,55,normal_corr_dominates,7.14924788e+00,1.00000000e+00,2.49999623e+07,-3.77170869e+01,-4.62829054e+00,-3.30887964e+01,1.00015818e-09
48,1.19249982e+00,3.77880392e-08,89,19,0,57,normal_corr_dominates,3.49513976e+01,1.00000000e+00,2.49999815e+07,-1.84667348e+01,-5.13658329e-01,-1.79530765e+01,1.00037639e-09
48,1.19249982e+00,3.77880392e-08,89,19,0,57,corr_ratio_high,5.00482401e-01,5.00000000e-01,2.49999815e+07,-1.84667348e+01,-5.13658329e-01,-1.79530765e+01,1.00037639e-09
48,1.19249982e+00,3.77880392e-08,89,19,1,58,normal_corr_dominates,6.76702535e+01,1.00000000e+00,2.49999647e+07,-3.52730477e+01,-5.13658329e-01,-3.47593893e+01,1.00010359e-09
48,1.19249982e+00,3.77880392e-08,89,19,1,58,corr_ratio_high,1.57101672e+00,5.00000000e-01,2.49999647e+07,-3.52730477e+01,-5.13658329e-01,-3.47593893e+01,1.00010359e-09
48,1.19249982e+00,3.77880392e-08,89,19,2,59,normal_corr_dominates,1.00169781e+01,1.00000000e+00,2.50000046e+07,4.63164593e+00,-5.13658329e-01,5.14530425e+00,1.00015242e-09
48,1.19249982e+00,3.77880392e-08,89,20,0,60,corr_ratio_high,3.22898718e+00,5.00000000e-01,2.49999914e+07,-8.60006087e+00,-4.41929084e+00,-4.18077003e+00,1.00003193e-09
48,1.19249982e+00,3.77880392e-08,89,20,1,61,normal_corr_dominates,7.34034140e+00,1.00000000e+00,2.50000280e+07,2.80198127e+01,-4.41929084e+00,3.24391035e+01,1.00032535e-09
48,1.19249982e+00,3.77880392e-08,89,20,2,62,normal_corr_dominates,2.52551940e+00,1.00000000e+00,2.50000067e+07,6.74171388e+00,-4.41929084e+00,1.11610047e+01,1.00030168e-09
48,1.19249982e+00,3.77880392e-08,89,22,0,66,normal_corr_dominates,2.65773477e+00,1.00000000e+00,2.50000125e+07,1.25051592e+01,-7.54352230e+00,2.00486815e+01,1.00027106e-09
48,1.19249982e+00,3.77880392e-08,89,22,2,68,normal_corr_dominates,8.03936814e+00,1.00000000e+00,2.49999318e+07,-6.81886752e+01,-7.54352230e+00,-6.06451529e+01,1.00021555e-09
48,1.19249982e+00,3.77880392e-08,89,23,0,69,normal_corr_dominates,1.24910637e+00,1.00000000e+00,2.49999641e+07,-3.59411330e+01,-1.59801837e+01,-1.99609493e+01,1.00026237e-09
48,1.19249982e+00,3.77880392e-08,89,23,1,70,normal_corr_dominates,2.06083163e+00,1.00000000e+00,2.50000170e+07,1.69522843e+01,-1.59801837e+01,3.29324680e+01,1.00015486e-09
48,1.19249982e+00,3.77880392e-08,89,24,0,72,normal_corr_dominates,1.80464492e+01,1.00000000e+00,2.50000326e+07,3.26389182e+01,-1.91470480e+00,3.45536230e+01,1.00019349e-09
48,1.19249982e+00,3.77880392e-08,89,24,1,73,normal_corr_dominates,1.30041697e+01,1.00000000e+00,2.50000230e+07,2.29844414e+01,-1.91470480e+00,2.48991462e+01,1.00023956e-09
48,1.19249982e+00,3.77880392e-08,89,24,2,74,normal_corr_dominates,2.45020785e+01,1.00000000e+00,2.49999512e+07,-4.88289521e+01,-1.91470480e+00,-4.69142473e+01,1.00022891e-09
48,1.19249982e+00,3.77880392e-08,89,27,1,82,normal_corr_dominates,2.30090216e+00,1.00000000e+00,2.50000252e+07,2.52051222e+01,-1.93751098e+01,4.45802319e+01,1.00024425e-09
48,1.19249982e+00,3.77880392e-08,89,28,0,84,normal_corr_dominates,1.03137543e+01,1.00000000e+00,2.49999375e+07,-6.25207008e+01,-5.52607908e+00,-5.69946217e+01,1.00024194e-09
48,1.19249982e+00,3.77880392e-08,89,28,1,85,normal_corr_dominates,6.71993617e+00,1.00000000e+00,2.50000316e+07,3.16088196e+01,-5.52607908e+00,3.71348987e+01,1.00021886e-09
48,1.19249982e+00,3.77880392e-08,89,28,2,86,normal_corr_dominates,9.03555260e+00,1.00000000e+00,2.49999445e+07,-5.54572573e+01,-5.52607908e+00,-4.99311782e+01,1.00025459e-09
48,1.19249982e+00,3.77880392e-08,89,30,0,90,normal_corr_dominates,1.61107106e+01,1.00000000e+00,2.49999782e+07,-2.17735113e+01,1.44093232e+00,-2.32144436e+01,1.00026456e-09
48,1.19249982e+00,3.77880392e-08,89,30,1,91,normal_corr_dominates,1.49062863e+01,1.00000000e+00,2.50000229e+07,2.29198820e+01,1.44093232e+00,2.14789497e+01,1.00020640e-09
48,1.19249982e+00,3.77880392e-08,89,30,2,92,normal_corr_dominates,3.03701145e+01,1.00000000e+00,2.49999577e+07,-4.23203474e+01,1.44093232e+00,-4.37612797e+01,1.00021755e-09
48,1.19249982e+00,3.77880392e-08,89,9,0,27,normal_corr_dominates,2.54915149e+00,1.00000000e+00,2.50000177e+07,1.77083369e+01,-1.14309911e+01,2.91393280e+01,1.00020798e-09
48,1.19249982e+00,3.77880392e-08,89,9,1,28,normal_corr_dominates,2.64849973e+00,1.00000000e+00,2.49999583e+07,-4.17059679e+01,-1.14309911e+01,-3.02749768e+01,1.00026511e-09
48,1.19249982e+00,3.77880392e-08,89,9,2,29,normal_corr_dominates,4.26976552e+00,1.00000000e+00,2.50000374e+07,3.73766605e+01,-1.14309911e+01,4.88076516e+01,1.00023278e-09
48,1.19249982e+00,3.77880392e-08,89,8,0,24,normal_corr_dominates,1.47262739e+00,1.00000000e+00,2.49999749e+07,-2.51460795e+01,-1.01697812e+01,-1.49762983e+01,1.00028989e-09
48,1.19249982e+00,3.77880392e-08,89,8,2,26,normal_corr_dominates,2.17944847e+00,1.00000000e+00,2.50000120e+07,1.19947328e+01,-1.01697812e+01,2.21645140e+01,1.00016907e-09
48,1.19249982e+00,3.77880392e-08,89,8,2,26,corr_ratio_high,5.88074833e-01,5.00000000e-01,2.50000120e+07,1.19947328e+01,-1.01697812e+01,2.21645140e+01,1.00016907e-09
49,1.21579289e+00,3.85261518e-08,89,0,0,0,normal_corr_dominates,4.20626427e+00,1.00000000e+00,2.49998724e+07,-1.27649473e+02,-2.45184390e+01,-1.03131034e+02,1.00038459e-09
49,1.21579289e+00,3.85261518e-08,89,0,1,1,normal_corr_dominates,2.32413310e+00,1.00000000e+00,2.50000325e+07,3.24656767e+01,-2.45184390e+01,5.69841157e+01,1.00016973e-09
49,1.21579289e+00,3.85261518e-08,89,0,1,1,corr_ratio_high,5.26939893e-01,5.00000000e-01,2.50000325e+07,3.24656767e+01,-2.45184390e+01,5.69841157e+01,1.00016973e-09
49,1.21579289e+00,3.85261518e-08,89,0,2,2,normal_corr_dominates,3.49326812e+00,1.00000000e+00,2.50000611e+07,6.11310423e+01,-2.45184390e+01,8.56494813e+01,1.00017970e-09
49,1.21579289e+00,3.85261518e-08,89,1,0,3,normal_corr_dominates,2.82754062e+00,1.00000000e+00,2.49999477e+07,-5.23485628e+01,-1.36768144e+01,-3.86717484e+01,1.00030608e-09
49,1.21579289e+00,3.85261518e-08,89,1,1,4,normal_corr_dominates,1.90568757e+00,1.00000000e+00,2.50000124e+07,1.23869208e+01,-1.36768144e+01,2.60637352e+01,1.00015977e-09
49,1.21579289e+00,3.85261518e-08,89,1,1,4,corr_ratio_high,6.40160872e-01,5.00000000e-01,2.50000124e+07,1.23869208e+01,-1.36768144e+01,2.60637352e+01,1.00015977e-09
49,1.21579289e+00,3.85261518e-08,89,1,2,5,normal_corr_dominates,4.44749934e+00,1.00000000e+00,2.50000472e+07,4.71508088e+01,-1.36768144e+01,6.08276232e+01,1.00025272e-09
49,1.21579289e+00,3.85261518e-08,89,2,0,6,normal_corr_dominates,2.78366143e+00,1.00000000e+00,2.49999752e+07,-2.47649640e+01,-6.54523784e+00,-1.82197261e+01,1.00021204e-09
49,1.21579289e+00,3.85261518e-08,89,2,1,7,normal_corr_dominates,5.20693802e+00,1.00000000e+00,2.50000275e+07,2.75354099e+01,-6.54523784e+00,3.40806478e+01,1.00014212e-09
49,1.21579289e+00,3.85261518e-08,89,3,0,9,normal_corr_dominates,7.43272206e+00,1.00000000e+00,2.50000350e+07,3.49846807e+01,-5.43855003e+00,4.04232308e+01,1.00026057e-09
49,1.21579289e+00,3.85261518e-08,89,3,2,11,normal_corr_dominates,3.21650362e+00,1.00000000e+00,2.50000121e+07,1.20545658e+01,-5.43855003e+00,1.74931159e+01,1.00026668e-09
49,1.21579289e+00,3.85261518e-08,89,4,0,12,normal_corr_dominates,2.64292229e+00,1.00000000e+00,2.50000172e+07,1.71541591e+01,-1.04412480e+01,2.75954071e+01,1.00007744e-09
49,1.21579289e+00,3.85261518e-08,89,4,0,12,corr_ratio_high,1.50060751e+00,5.00000000e-01,2.50000172e+07,1.71541591e+01,-1.04412480e+01,2.75954071e+01,1.00007744e-09
49,1.21579289e+00,3.85261518e-08,89,4,2,14,normal_corr_dominates,2.17043568e+00,1.00000000e+00,2.49999669e+07,-3.31033053e+01,-1.04412480e+01,-2.26620573e+01,1.00041756e-09
49,1.21579289e+00,3.85261518e-08,89,4,2,14,corr_ratio_high,5.78264098e-01,5.00000000e-01,2.49999669e+07,-3.31033053e+01,-1.04412480e+01,-2.26620573e+01,1.00041756e-09
49,1.21579289e+00,3.85261518e-08,89,5,0,15,normal_corr_dominates,6.06753271e+00,1.00000000e+00,2.49999666e+07,-3.33920657e+01,-4.72471329e+00,-2.86673524e+01,1.00014682e-09
49,1.21579289e+00,3.85261518e-08,89,5,0,15,corr_ratio_high,8.44297804e-01,5.00000000e-01,2.49999666e+07,-3.33920657e+01,-4.72471329e+00,-2.86673524e+01,1.00014682e-09
49,1.21579289e+00,3.85261518e-08,89,5,1,16,normal_corr_dominates,6.02391889e+00,1.00000000e+00,2.49999668e+07,-3.31860029e+01,-4.72471329e+00,-2.84612896e+01,1.00026148e-09
49,1.21579289e+00,3.85261518e-08,89,5,2,17,normal_corr_dominates,9.07274395e+00,1.00000000e+00,2.50000381e+07,3.81414006e+01,-4.72471329e+00,4.28661139e+01,1.00015788e-09
49,1.21579289e+00,3.85261518e-08,89,6,0,18,normal_corr_dominates,1.13692710e+01,1.00000000e+00,2.49999952e+07,-4.78016554e+00,4.60993403e-01,-5.24115895e+00,1.00018729e-09
49,1.21579289e+00,3.85261518e-08,89,6,1,19,normal_corr_dominates,1.16913015e+01,1.00000000e+00,2.50000059e+07,5.85060628e+00,4.60993403e-01,5.38961288e+00,1.00017591e-09
49,1.21579289e+00,3.85261518e-08,89,6,2,20,normal_corr_dominates,2.16021287e+00,1.00000000e+00,2.50000015e+07,1.45683728e+00,4.60993403e-01,9.95843881e-01,1.00026467e-09
49,1.21579289e+00,3.85261518e-08,89,12,1,37,corr_ratio_high,1.45861868e+00,5.00000000e-01,2.49999979e+07,-2.13253174e+00,-1.04716250e+01,8.33909323e+00,1.00009291e-09
49,1.21579289e+00,3.85261518e-08,89,12,2,38,normal_corr_dominates,4.17643530e+00,1.00000000e+00,2.50000333e+07,3.32624392e+01,-1.04716250e+01,4.37340641e+01,1.00028121e-09
49,1.21579289e+00,3.85261518e-08,89,13,0,39,normal_corr_dominates,1.41534298e+01,1.00000000e+00,2.49999704e+07,-2.96365539e+01,-1.95576541e+00,-2.76807884e+01,1.00012112e-09
49,1.21579289e+00,3.85261518e-08,89,13,0,39,corr_ratio_high,1.24705357e+00,5.00000000e-01,2.49999704e+07,-2.96365539e+01,-1.95576541e+00,-2.76807884e+01,1.00012112e-09
49,1.21579289e+00,3.85261518e-08,89,13,1,40,normal_corr_dominates,2.77072937e+01,1.00000000e+00,2.49999439e+07,-5.61447319e+01,-1.95576541e+00,-5.41889665e+01,1.00009430e-09
49,1.21579289e+00,3.85261518e-08,89,13,1,40,corr_ratio_high,2.13856791e+00,5.00000000e-01,2.49999439e+07,-5.61447319e+01,-1.95576541e+00,-5.41889665e+01,1.00009430e-09
49,1.21579289e+00,3.85261518e-08,89,13,2,41,normal_corr_dominates,2.73082375e+01,1.00000000e+00,2.50000515e+07,5.14527408e+01,-1.95576541e+00,5.34085062e+01,1.00041852e-09
49,1.21579289e+00,3.85261518e-08,89,13,2,41,corr_ratio_high,5.78994169e-01,5.00000000e-01,2.50000515e+07,5.14527408e+01,-1.95576541e+00,5.34085062e+01,1.00041852e-09
49,1.21579289e+00,3.85261518e-08,89,14,0,42,normal_corr_dominates,4.67015833e+00,1.00000000e+00,2.50000729e+07,7.29105624e+01,-1.98657812e+01,9.27763436e+01,1.00030791e-09
49,1.21579289e+00,3.85261518e-08,89,14,1,43,normal_corr_dominates,4.57779616e+00,1.00000000e+00,2.49998892e+07,-1.10807278e+02,-1.98657812e+01,-9.09414969e+01,1.00022442e-09
49,1.21579289e+00,3.85261518e-08,89,14,1,43,corr_ratio_high,7.88890131e-01,5.00000000e-01,2.49998892e+07,-1.10807278e+02,-1.98657812e+01,-9.09414969e+01,1.00022442e-09
49,1.21579289e+00,3.85261518e-08,89,14,2,44,normal_corr_dominates,3.53309612e+00,1.00000000e+00,2.49999099e+07,-9.00534958e+01,-1.98657812e+01,-7.01877146e+01,1.00022473e-09
49,1.21579289e+00,3.85261518e-08,89,15,0,45,normal_corr_dominates,4.30449099e+00,1.00000000e+00,2.49999513e+07,-4.86694867e+01,-9.17514739e+00,-3.94943393e+01,1.00015145e-09
49,1.21579289e+00,3.85261518e-08,89,15,0,45,corr_ratio_high,8.60117965e-01,5.00000000e-01,2.49999513e+07,-4.86694867e+01,-9.17514739e+00,-3.94943393e+01,1.00015145e-09
49,1.21579289e+00,3.85261518e-08,89,15,1,46,normal_corr_dominates,4.47111548e+00,1.00000000e+00,2.50000318e+07,3.18479962e+01,-9.17514739e+00,4.10231436e+01,1.00017500e-09
49,1.21579289e+00,3.85261518e-08,89,15,2,47,normal_corr_dominates,2.43852936e+00,1.00000000e+00,2.50000132e+07,1.31987189e+01,-9.17514739e+00,2.23738662e+01,1.00025923e-09
49,1.21579289e+00,3.85261518e-08,89,16,0,48,normal_corr_dominates,2.25385847e+00,1.00000000e+00,2.50000157e+07,1.57316655e+01,-1.25466039e+01,2.82782694e+01,1.00020464e-09
49,1.21579289e+00,3.85261518e-08,89,16,1,49,normal_corr_dominates,4.82335565e+00,1.00000000e+00,2.49999269e+07,-7.30633366e+01,-1.25466039e+01,-6.05167327e+01,1.00009920e-09
49,1.21579289e+00,3.85261518e-08,89,16,1,49,corr_ratio_high,1.78534914e+00,5.00000000e-01,2.49999269e+07,-7.30633366e+01,-1.25466039e+01,-6.05167327e+01,1.00009920e-09
49,1.21579289e+00,3.85261518e-08,89,16,2,50,normal_corr_dominates,2.10233510e+00,1.00000000e+00,2.50000138e+07,1.38305619e+01,-1.25466039e+01,2.63771658e+01,1.00038773e-09
49,1.21579289e+00,3.85261518e-08,89,16,2,50,corr_ratio_high,5.59018104e-01,5.00000000e-01,2.50000138e+07,1.38305619e+01,-1.25466039e+01,2.63771658e+01,1.00038773e-09
49,1.21579289e+00,3.85261518e-08,89,17,1,52,normal_corr_dominates,1.65526179e+00,1.00000000e+00,2.49999742e+07,-2.58288825e+01,-9.72743349e+00,-1.61014490e+01,1.00011432e-09
49,1.21579289e+00,3.85261518e-08,89,17,1,52,corr_ratio_high,1.49399337e+00,5.00000000e-01,2.49999742e+07,-2.58288825e+01,-9.72743349e+00,-1.61014490e+01,1.00011432e-09
49,1.21579289e+00,3.85261518e-08,89,18,0,54,normal_corr_dominates,5.63383067e+00,1.00000000e+00,2.50000218e+07,2.18336207e+01,-4.71178648e+00,2.65454072e+01,1.00012605e-09
49,1.21579289e+00,3.85261518e-08,89,18,0,54,corr_ratio_high,6.16790769e-01,5.00000000e-01,2.50000218e+07,2.18336207e+01,-4.71178648e+00,2.65454072e+01,1.00012605e-09
49,1.21579289e+00,3.85261518e-08,89,18,1,55,normal_corr_dominates,7.14933940e+00,1.00000000e+00,2.49999616e+07,-3.83979472e+01,-4.71178648e+00,-3.36861607e+01,1.00016104e-09
49,1.21579289e+00,3.85261518e-08,89,19,0,57,normal_corr_dominates,3.49673580e+01,1.00000000e+00,2.49999812e+07,-1.88012344e+01,-5.22730480e-01,-1.82785039e+01,1.00038318e-09
49,1.21579289e+00,3.85261518e-08,89,19,0,57,corr_ratio_high,5.00472491e-01,5.00000000e-01,2.49999812e+07,-1.88012344e+01,-5.22730480e-01,-1.82785039e+01,1.00038318e-09
49,1.21579289e+00,3.85261518e-08,89,19,1,58,normal_corr_dominates,6.76939972e+01,1.00000000e+00,2.49999641e+07,-3.59084462e+01,-5.22730480e-01,-3.53857157e+01,1.00010547e-09
49,1.21579289e+00,3.85261518e-08,89,19,1,58,corr_ratio_high,1.57075317e+00,5.00000000e-01,2.49999641e+07,-3.59084462e+01,-5.22730480e-01,-3.53857157e+01,1.00010547e-09
49,1.21579289e+00,3.85261518e-08,89,19,2,59,normal_corr_dominates,1.00237228e+01,1.00000000e+00,2.50000047e+07,4.71697494e+00,-5.22730480e-01,5.23970542e+00,1.00015518e-09
49,1.21579289e+00,3.85261518e-08,89,20,0,60,corr_ratio_high,3.22854578e+00,5.00000000e-01,2.49999912e+07,-8.75750124e+00,-4.49978348e+00,-4.25771776e+00,1.00003252e-09
49,1.21579289e+00,3.85261518e-08,89,20,1,61,normal_corr_dominates,7.33903354e+00,1.00000000e+00,2.50000285e+07,2.85242784e+01,-4.49978348e+00,3.30240619e+01,1.00033123e-09
49,1.21579289e+00,3.85261518e-08,89,20,2,62,normal_corr_dominates,2.52527962e+00,1.00000000e+00,2.50000069e+07,6.86342802e+00,-4.49978348e+00,1.13632115e+01,1.00030713e-09
49,1.21579289e+00,3.85261518e-08,89,22,0,66,normal_corr_dominates,2.65741211e+00,1.00000000e+00,2.50000127e+07,1.27296690e+01,-7.68044887e+00,2.04101178e+01,1.00027597e-09
49,1.21579289e+00,3.85261518e-08,89,22,2,68,normal_corr_dominates,8.03895281e+00,1.00000000e+00,2.49999306e+07,-6.94232149e+01,-7.68044887e+00,-6.17427660e+01,1.00021945e-09
49,1.21579289e+00,3.85261518e-08,89,23,0,69,normal_corr_dominates,1.24917524e+00,1.00000000e+00,2.49999634e+07,-3.65895710e+01,-1.62679947e+01,-2.03215763e+01,1.00026711e-09
49,1.21579289e+00,3.85261518e-08,89,23,1,70,normal_corr_dominates,2.06080253e+00,1.00000000e+00,2.50000173e+07,1.72571299e+01,-1.62679947e+01,3.35251247e+01,1.00015767e-09
49,1.21579289e+00,3.85261518e-08,89,24,0,72,normal_corr_dominates,1.80533687e+01,1.00000000e+00,2.50000332e+07,3.32291230e+01,-1.94853718e+00,3.51776602e+01,1.00019698e-09
49,1.21579289e+00,3.85261518e-08,89,24,1,73,normal_corr_dominates,1.30102665e+01,1.00000000e+00,2.50000234e+07,2.34024509e+01,-1.94853718e+00,2.53509881e+01,1.00024388e-09
49,1.21579289e+00,3.85261518e-08,89,24,2,74,normal_corr_dominates,2.45138991e+01,1.00000000e+00,2.49999503e+07,-4.97147811e+01,-1.94853718e+00,-4.77662440e+01,1.00023306e-09
49,1.21579289e+00,3.85261518e-08,89,27,1,82,normal_corr_dominates,2.30079016e+00,1.00000000e+00,2.50000257e+07,2.56589635e+01,-1.97256746e+01,4.53846382e+01,1.00024866e-09
49,1.21579289e+00,3.85261518e-08,89,28,0,84,normal_corr_dominates,1.03164074e+01,1.00000000e+00,2.49999364e+07,-6.36465651e+01,-5.62427305e+00,-5.80222920e+01,1.00024630e-09
49,1.21579289e+00,3.85261518e-08,89,28,1,85,normal_corr_dominates,6.72185491e+00,1.00000000e+00,2.50000322e+07,3.21812744e+01,-5.62427305e+00,3.78055474e+01,1.00022281e-09
49,1.21579289e+00,3.85261518e-08,89,28,2,86,normal_corr_dominates,9.03949646e+00,1.00000000e+00,2.49999435e+07,-5.64648693e+01,-5.62427305e+00,-5.08405963e+01,1.00025921e-09
49,1.21579289e+00,3.85261518e-08,89,30,0,90,normal_corr_dominates,1.61076589e+01,1.00000000e+00,2.49999778e+07,-2.21663199e+01,1.46722401e+00,-2.36335439e+01,1.00026934e-09
49,1.21579289e+00,3.85261518e-08,89,30,1,91,normal_corr_dominates,1.49049463e+01,1.00000000e+00,2.50000233e+07,2.33361191e+01,1.46722401e+00,2.18688951e+01,1.00021013e-09
49,1.21579289e+00,3.85261518e-08,89,30,2,92,normal_corr_dominates,3.03669239e+01,1.00000000e+00,2.49999569e+07,-4.30878558e+01,1.46722401e+00,-4.45550798e+01,1.00022148e-09
49,1.21579289e+00,3.85261518e-08,89,9,0,27,normal_corr_dominates,2.54847764e+00,1.00000000e+00,2.50000180e+07,1.80206440e+01,-1.16376520e+01,2.96582960e+01,1.00021174e-09
49,1.21579289e+00,3.85261518e-08,89,9,1,28,normal_corr_dominates,2.64802316e+00,1.00000000e+00,2.49999575e+07,-4.24544242e+01,-1.16376520e+01,-3.08167721e+01,1.00026989e-09
49,1.21579289e+00,3.85261518e-08,89,9,2,29,normal_corr_dominates,4.26966615e+00,1.00000000e+00,2.50000381e+07,3.80512369e+01,-1.16376520e+01,4.96888890e+01,1.00023699e-09
49,1.21579289e+00,3.85261518e-08,89,8,0,24,normal_corr_dominates,1.47262791e+00,1.00000000e+00,2.49999744e+07,-2.55996213e+01,-1.03532041e+01,-1.52464173e+01,1.00029513e-09
49,1.21579289e+00,3.85261518e-08,89,8,2,26,normal_corr_dominates,2.17965364e+00,1.00000000e+00,2.50000122e+07,1.22131949e+01,-1.03532041e+01,2.25663990e+01,1.00017213e-09
49,1.21579289e+00,3.85261518e-08,89,8,2,26,corr_ratio_high,5.88043705e-01,5.00000000e-01,2.50000122e+07,1.22131949e+01,-1.03532041e+01,2.25663990e+01,1.00017213e-09
50,1.24012356e+00,3.92971443e-08,89,0,0,0,normal_corr_dominates,4.20602520e+00,1.00000000e+00,2.49998700e+07,-1.30007771e+02,-2.49725589e+01,-1.05035212e+02,1.00039170e-09
50,1.24012356e+00,3.92971443e-08,89,0,1,1,normal_corr_dominates,2.32430523e+00,1.00000000e+00,2.50000331e+07,3.30712904e+01,-2.49725589e+01,5.80438493e+01,1.00017285e-09
50,1.24012356e+00,3.92971443e-08,89,0,1,1,corr_ratio_high,5.27037621e-01,5.00000000e-01,2.50000331e+07,3.30712904e+01,-2.49725589e+01,5.80438493e+01,1.00017285e-09
50,1.24012356e+00,3.92971443e-08,89,0,2,2,normal_corr_dominates,3.49305189e+00,1.00000000e+00,2.50000623e+07,6.22578852e+01,-2.49725589e+01,8.72304442e+01,1.00018304e-09
50,1.24012356e+00,3.92971443e-08,89,1,0,3,normal_corr_dominates,2.82744202e+00,1.00000000e+00,2.49999467e+07,-5.33150920e+01,-1.39296929e+01,-3.93853991e+01,1.00031173e-09
50,1.24012356e+00,3.92971443e-08,89,1,1,4,normal_corr_dominates,1.90580533e+00,1.00000000e+00,2.50000126e+07,1.26175902e+01,-1.39296929e+01,2.65472831e+01,1.00016272e-09
50,1.24012356e+00,3.92971443e-08,89,1,1,4,corr_ratio_high,6.40179881e-01,5.00000000e-01,2.50000126e+07,1.26175902e+01,-1.39296929e+01,2.65472831e+01,1.00016272e-09
50,1.24012356e+00,3.92971443e-08,89,1,2,5,normal_corr_dominates,4.44756084e+00,1.00000000e+00,2.50000480e+07,4.80234639e+01,-1.39296929e+01,6.19531568e+01,1.00025741e-09
50,1.24012356e+00,3.92971443e-08,89,2,0,6,normal_corr_dominates,2.78423636e+00,1.00000000e+00,2.49999748e+07,-2.52256123e+01,-6.66597166e+00,-1.85596407e+01,1.00021597e-09
50,1.24012356e+00,3.92971443e-08,89,2,1,7,normal_corr_dominates,5.20729840e+00,1.00000000e+00,2.50000280e+07,2.80457319e+01,-6.66597166e+00,3.47117036e+01,1.00014474e-09
50,1.24012356e+00,3.92971443e-08,89,3,0,9,normal_corr_dominates,7.43182827e+00,1.00000000e+00,2.50000356e+07,3.56260695e+01,-5.53902685e+00,4.11650963e+01,1.00026539e-09
50,1.24012356e+00,3.92971443e-08,89,3,2,11,normal_corr_dominates,3.21628714e+00,1.00000000e+00,2.50000123e+07,1.22760740e+01,-5.53902685e+00,1.78151008e+01,1.00027161e-09
50,1.24012356e+00,3.92971443e-08,89,4,0,12,normal_corr_dominates,2.64308559e+00,1.00000000e+00,2.50000175e+07,1.74719797e+01,-1.06336394e+01,2.81056191e+01,1.00007887e-09
50,1.24012356e+00,3.92971443e-08,89,4,0,12,corr_ratio_high,1.50063354e+00,5.00000000e-01,2.50000175e+07,1.74719797e+01,-1.06336394e+01,2.81056191e+01,1.00007887e-09
50,1.24012356e+00,3.92971443e-08,89,4,2,14,normal_corr_dominates,2.17103790e+00,1.00000000e+00,2.49999663e+07,-3.37196736e+01,-1.06336394e+01,-2.30860342e+01,1.00042528e-09
50,1.24012356e+00,3.92971443e-08,89,4,2,14,corr_ratio_high,5.78265881e-01,5.00000000e-01,2.49999663e+07,-3.37196736e+01,-1.06336394e+01,-2.30860342e+01,1.00042528e-09
50,1.24012356e+00,3.92971443e-08,89,5,0,15,normal_corr_dominates,6.06574072e+00,1.00000000e+00,2.49999660e+07,-3.40044851e+01,-4.81258604e+00,-2.91918991e+01,1.00014953e-09
50,1.24012356e+00,3.92971443e-08,89,5,0,15,corr_ratio_high,8.44296793e-01,5.00000000e-01,2.49999660e+07,-3.40044851e+01,-4.81258604e+00,-2.91918991e+01,1.00014953e-09
50,1.24012356e+00,3.92971443e-08,89,5,1,16,normal_corr_dominates,6.02489991e+00,1.00000000e+00,2.49999662e+07,-3.38079352e+01,-4.81258604e+00,-2.89953492e+01,1.00026633e-09
50,1.24012356e+00,3.92971443e-08,89,5,2,17,normal_corr_dominates,9.07194728e+00,1.00000000e+00,2.50000388e+07,3.88469407e+01,-4.81258604e+00,4.36595268e+01,1.00016080e-09
50,1.24012356e+00,3.92971443e-08,89,6,0,18,normal_corr_dominates,1.13657760e+01,1.00000000e+00,2.49999951e+07,-4.86936871e+00,4.69754381e-01,-5.33912309e+00,1.00019076e-09
50,1.24012356e+00,3.92971443e-08,89,6,1,19,normal_corr_dominates,1.16823061e+01,1.00000000e+00,2.50000060e+07,5.95756884e+00,4.69754381e-01,5.48781446e+00,1.00017917e-09
50,1.24012356e+00,3.92971443e-08,89,6,2,20,normal_corr_dominates,2.16204730e+00,1.00000000e+00,2.50000015e+07,1.48538557e+00,4.69754381e-01,1.01563119e+00,1.00026957e-09
50,1.24012356e+00,3.92971443e-08,89,12,1,37,corr_ratio_high,1.45855202e+00,5.00000000e-01,2.49999978e+07,-2.17249454e+00,-1.06645002e+01,8.49200564e+00,1.00009463e-09
50,1.24012356e+00,3.92971443e-08,89,12,2,38,normal_corr_dominates,4.17660385e+00,1.00000000e+00,2.50000339e+07,3.38768924e+01,-1.06645002e+01,4.45413925e+01,1.00028643e-09
50,1.24012356e+00,3.92971443e-08,89,13,0,39,normal_corr_dominates,1.41445017e+01,1.00000000e+00,2.49999698e+07,-3.01875264e+01,-1.99329942e+00,-2.81942270e+01,1.00012337e-09
50,1.24012356e+00,3.92971443e-08,89,13,0,39,corr_ratio_high,1.24684534e+00,5.00000000e-01,2.49999698e+07,-3.01875264e+01,-1.99329942e+00,-2.81942270e+01,1.00012337e-09
50,1.24012356e+00,3.92971443e-08,89,13,1,40,normal_corr_dominates,2.76873549e+01,1.00000000e+00,2.49999428e+07,-5.71824879e+01,-1.99329942e+00,-5.51891884e+01,1.00009605e-09
50,1.24012356e+00,3.92971443e-08,89,13,1,40,corr_ratio_high,2.13848391e+00,5.00000000e-01,2.49999428e+07,-5.71824879e+01,-1.99329942e+00,-5.51891884e+01,1.00009605e-09
50,1.24012356e+00,3.92971443e-08,89,13,2,41,normal_corr_dominates,2.72883174e+01,1.00000000e+00,2.50000524e+07,5.24004879e+01,-1.99329942e+00,5.43937873e+01,1.00042626e-09
50,1.24012356e+00,3.92971443e-08,89,13,2,41,corr_ratio_high,5.78992135e-01,5.00000000e-01,2.50000524e+07,5.24004879e+01,-1.99329942e+00,5.43937873e+01,1.00042626e-09
50,1.24012356e+00,3.92971443e-08,89,14,0,42,normal_corr_dominates,4.67063665e+00,1.00000000e+00,2.50000743e+07,7.42675452e+01,-2.02328784e+01,9.45004236e+01,1.00031358e-09
50,1.24012356e+00,3.92971443e-08,89,14,1,43,normal_corr_dominates,4.57787230e+00,1.00000000e+00,2.49998871e+07,-1.12856412e+02,-2.02328784e+01,-9.26235337e+01,1.00022857e-09
50,1.24012356e+00,3.92971443e-08,89,14,1,43,corr_ratio_high,7.88887400e-01,5.00000000e-01,2.49998871e+07,-1.12856412e+02,-2.02328784e+01,-9.26235337e+01,1.00022857e-09
50,1.24012356e+00,3.92971443e-08,89,14,2,44,normal_corr_dominates,3.53360092e+00,1.00000000e+00,2.49999083e+07,-9.17277962e+01,-2.02328784e+01,-7.14949178e+01,1.00022892e-09
50,1.24012356e+00,3.92971443e-08,89,15,0,45,normal_corr_dominates,4.30468765e+00,1.00000000e+00,2.49999504e+07,-4.95667141e+01,-9.34394585e+00,-4.02227683e+01,1.00015426e-09
50,1.24012356e+00,3.92971443e-08,89,15,0,45,corr_ratio_high,8.60022753e-01,5.00000000e-01,2.49999504e+07,-4.95667141e+01,-9.34394585e+00,-4.02227683e+01,1.00015426e-09
50,1.24012356e+00,3.92971443e-08,89,15,1,46,normal_corr_dominates,4.47146855e+00,1.00000000e+00,2.50000324e+07,3.24372142e+01,-9.34394585e+00,4.17811600e+01,1.00017824e-09
50,1.24012356e+00,3.92971443e-08,89,15,2,47,normal_corr_dominates,2.43892422e+00,1.00000000e+00,2.50000134e+07,1.34452300e+01,-9.34394585e+00,2.27891758e+01,1.00026402e-09
50,1.24012356e+00,3.92971443e-08,89,16,0,48,normal_corr_dominates,2.25433567e+00,1.00000000e+00,2.50000160e+07,1.60290241e+01,-1.27788952e+01,2.88079193e+01,1.00020841e-09
50,1.24012356e+00,3.92971443e-08,89,16,1,49,normal_corr_dominates,4.82304507e+00,1.00000000e+00,2.49999256e+07,-7.44120828e+01,-1.27788952e+01,-6.16331875e+01,1.00010104e-09
50,1.24012356e+00,3.92971443e-08,89,16,1,49,corr_ratio_high,1.78524503e+00,5.00000000e-01,2.49999256e+07,-7.44120828e+01,-1.27788952e+01,-6.16331875e+01,1.00010104e-09
50,1.24012356e+00,3.92971443e-08,89,16,2,50,normal_corr_dominates,2.10168812e+00,1.00000000e+00,2.50000141e+07,1.40783570e+01,-1.27788952e+01,2.68572522e+01,1.00039493e-09
50,1.24012356e+00,3.92971443e-08,89,16,2,50,corr_ratio_high,5.59029224e-01,5.00000000e-01,2.50000141e+07,1.40783570e+01,-1.27788952e+01,2.68572522e+01,1.00039493e-09
50,1.24012356e+00,3.92971443e-08,89,17,1,52,normal_corr_dominates,1.65502522e+00,1.00000000e+00,2.49999737e+07,-2.63047973e+01,-9.90755081e+00,-1.63972465e+01,1.00011645e-09
50,1.24012356e+00,3.92971443e-08,89,17,1,52,corr_ratio_high,1.49374042e+00,5.00000000e-01,2.49999737e+07,-2.63047973e+01,-9.90755081e+00,-1.63972465e+01,1.00011645e-09
50,1.24012356e+00,3.92971443e-08,89,18,0,54,normal_corr_dominates,5.63352275e+00,1.00000000e+00,2.50000222e+07,2.22355151e+01,-4.79883585e+00,2.70343510e+01,1.00012838e-09
50,1.24012356e+00,3.92971443e-08,89,18,0,54,corr_ratio_high,6.16756471e-01,5.00000000e-01,2.50000222e+07,2.22355151e+01,-4.79883585e+00,2.70343510e+01,1.00012838e-09
50,1.24012356e+00,3.92971443e-08,89,18,1,55,normal_corr_dominates,7.14943283e+00,1.00000000e+00,2.49999609e+07,-3.91077905e+01,-4.79883585e+00,-3.43089546e+01,1.00016403e-09
50,1.24012356e+00,3.92971443e-08,89,19,0,57,normal_corr_dominates,3.49837847e+01,1.00000000e+00,2.49999808e+07,-1.91500095e+01,-5.32184417e-01,-1.86178251e+01,1.00039026e-09
50,1.24012356e+00,3.92971443e-08,89,19,0,57,corr_ratio_high,5.00462067e-01,5.00000000e-01,2.49999808e+07,-1.91500095e+01,-5.32184417e-01,-1.86178251e+01,1.00039026e-09
50,1.24012356e+00,3.92971443e-08,89,19,1,58,normal_corr_dominates,6.77183866e+01,1.00000000e+00,2.49999634e+07,-3.65708545e+01,-5.32184417e-01,-3.60386701e+01,1.00010743e-09
50,1.24012356e+00,3.92971443e-08,89,19,1,58,corr_ratio_high,1.57048070e+00,5.00000000e-01,2.49999634e+07,-3.65708545e+01,-5.32184417e-01,-3.60386701e+01,1.00010743e-09
50,1.24012356e+00,3.92971443e-08,89,19,2,59,normal_corr_dominates,1.00306874e+01,1.00000000e+00,2.50000048e+07,4.80599113e+00,-5.32184417e-01,5.33817555e+00,1.00015806e-09
50,1.24012356e+00,3.92971443e-08,89,20,0,60,corr_ratio_high,3.22809007e+00,5.00000000e-01,2.49999911e+07,-8.92171490e+00,-4.58371242e+00,-4.33800248e+00,1.00003314e-09
50,1.24012356e+00,3.92971443e-08,89,20,1,61,normal_corr_dominates,7.33770137e+00,1.00000000e+00,2.50000291e+07,2.90502005e+01,-4.58371242e+00,3.36339129e+01,1.00033736e-09
50,1.24012356e+00,3.92971443e-08,89,20,2,62,normal_corr_dominates,2.52504099e+00,1.00000000e+00,2.50000070e+07,6.99034933e+00,-4.58371242e+00,1.15740618e+01,1.00031281e-09
50,1.24012356e+00,3.92971443e-08,89,22,0,66,normal_corr_dominates,2.65707866e+00,1.00000000e+00,2.50000130e+07,1.29636932e+01,-7.82322142e+00,2.07869146e+01,1.00028108e-09
50,1.24012356e+00,3.92971443e-08,89,22,2,68,normal_corr_dominates,8.03852070e+00,1.00000000e+00,2.49999293e+07,-7.07103487e+01,-7.82322142e+00,-6.28871273e+01,1.00022352e-09
50,1.24012356e+00,3.92971443e-08,89,23,0,69,normal_corr_dominates,1.24924425e+00,1.00000000e+00,2.49999627e+07,-3.72655940e+01,-1.65680513e+01,-2.06975428e+01,1.00027205e-09
50,1.24012356e+00,3.92971443e-08,89,23,1,70,normal_corr_dominates,2.06077098e+00,1.00000000e+00,2.50000176e+07,1.75749080e+01,-1.65680513e+01,3.41429592e+01,1.00016059e-09
50,1.24012356e+00,3.92971443e-08,89,24,0,72,normal_corr_dominates,1.80603496e+01,1.00000000e+00,2.50000338e+07,3.38444386e+01,-1.98380686e+00,3.58282455e+01,1.00020061e-09
50,1.24012356e+00,3.92971443e-08,89,24,1,73,normal_corr_dominates,1.30164361e+01,1.00000000e+00,2.50000238e+07,2.38382884e+01,-1.98380686e+00,2.58220953e+01,1.00024839e-09
50,1.24012356e+00,3.92971443e-08,89,24,2,74,normal_corr_dominates,2.45258678e+01,1.00000000e+00,2.49999494e+07,-5.06383916e+01,-1.98380686e+00,-4.86545848e+01,1.00023738e-09
50,1.24012356e+00,3.92971443e-08,89,27,1,82,normal_corr_dominates,2.30067488e+00,1.00000000e+00,2.50000261e+07,2.61320935e+01,-2.00911803e+01,4.62232739e+01,1.00025327e-09
50,1.24012356e+00,3.92971443e-08,89,28,0,84,normal_corr_dominates,1.03191053e+01,1.00000000e+00,2.49999352e+07,-6.48202786e+01,-5.72662561e+00,-5.90936529e+01,1.00025086e-09
50,1.24012356e+00,3.92971443e-08,89,28,1,85,normal_corr_dominates,6.72380686e+00,1.00000000e+00,2.50000328e+07,3.27780990e+01,-5.72662561e+00,3.85047246e+01,1.00022693e-09
50,1.24012356e+00,3.92971443e-08,89,28,2,86,normal_corr_dominates,9.04352041e+00,1.00000000e+00,2.49999425e+07,-5.75154812e+01,-5.72662561e+00,-5.17888556e+01,1.00026402e-09
50,1.24012356e+00,3.92971443e-08,89,30,0,90,normal_corr_dominates,1.61046291e+01,1.00000000e+00,2.49999774e+07,-2.25758384e+01,1.49463044e+00,-2.40704689e+01,1.00027432e-09
50,1.24012356e+00,3.92971443e-08,89,30,1,91,normal_corr_dominates,1.49036621e+01,1.00000000e+00,2.50000238e+07,2.37700974e+01,1.49463044e+00,2.22754670e+01,1.00021401e-09
50,1.24012356e+00,3.92971443e-08,89,30,2,92,normal_corr_dominates,3.03638412e+01,1.00000000e+00,2.49999561e+07,-4.38880907e+01,1.49463044e+00,-4.53827212e+01,1.00022558e-09
50,1.24012356e+00,3.92971443e-08,89,9,0,27,normal_corr_dominates,2.54778374e+00,1.00000000e+00,2.50000183e+07,1.83460690e+01,-1.18531217e+01,3.01991906e+01,1.00021567e-09
50,1.24012356e+00,3.92971443e-08,89,9,1,28,normal_corr_dominates,2.64753140e+00,1.00000000e+00,2.49999568e+07,-4.32346334e+01,-1.18531217e+01,-3.13815117e+01,1.00027486e-09
50,1.24012356e+00,3.92971443e-08,89,9,2,29,normal_corr_dominates,4.26956095e+00,1.00000000e+00,2.50000388e+07,3.87545037e+01,-1.18531217e+01,5.06076253e+01,1.00024138e-09
50,1.24012356e+00,3.92971443e-08,89,8,0,24,normal_corr_dominates,1.47262763e+00,1.00000000e+00,2.49999739e+07,-2.60724687e+01,-1.05444380e+01,-1.55280307e+01,1.00030058e-09
50,1.24012356e+00,3.92971443e-08,89,8,2,26,normal_corr_dominates,2.17986341e+00,1.00000000e+00,2.50000124e+07,1.24409966e+01,-1.05444380e+01,2.29854346e+01,1.00017531e-09
50,1.24012356e+00,3.92971443e-08,89,8,2,26,corr_ratio_high,5.88011277e-01,5.00000000e-01,2.50000124e+07,1.24409966e+01,-1.05444380e+01,2.29854346e+01,1.00017531e-09
