step,time_s,time_yr,rank,fi,dof,owned_dof_idx,event,value,threshold,sigma_n_eff,normal_traction,normal_stress,normal_corr,V_mag
1,1.00000000e-02,3.16880878e-10,99,0,0,0,normal_corr_dominates,7.31079683e+01,1.00000000e+00,2.49999996e+07,-3.72447101e-01,5.16513099e-03,-3.77612232e-01,1.00000056e-09
1,1.00000000e-02,3.16880878e-10,99,0,0,0,corr_ratio_high,1.32878152e+00,5.00000000e-01,2.49999996e+07,-3.72447101e-01,5.16513099e-03,-3.77612232e-01,1.00000056e-09
1,1.00000000e-02,3.16880878e-10,99,0,1,1,normal_corr_dominates,5.33459975e+01,1.00000000e+00,2.50000003e+07,2.80704196e-01,5.16513099e-03,2.75539065e-01,1.00000198e-09
1,1.00000000e-02,3.16880878e-10,99,0,2,2,normal_corr_dominates,1.86710645e+01,1.00000000e+00,2.49999999e+07,-9.12733626e-02,5.16513099e-03,-9.64384936e-02,1.00000189e-09
1,1.00000000e-02,3.16880878e-10,99,1,0,3,normal_corr_dominates,7.20498714e+00,1.00000000e+00,2.49999999e+07,-1.45581035e-01,2.34619399e-02,-1.69042975e-01,1.00000104e-09
1,1.00000000e-02,3.16880878e-10,99,1,0,3,corr_ratio_high,1.03511683e+00,5.00000000e-01,2.49999999e+07,-1.45581035e-01,2.34619399e-02,-1.69042975e-01,1.00000104e-09
1,1.00000000e-02,3.16880878e-10,99,1,2,5,normal_corr_dominates,3.52913430e+00,1.00000000e+00,2.49999999e+07,-5.93383969e-02,2.34619399e-02,-8.28003367e-02,1.00000194e-09
1,1.00000000e-02,3.16880878e-10,99,2,0,6,normal_corr_dominates,1.39751012e+00,1.00000000e+00,2.49999999e+07,-1.25021442e-01,-5.21463668e-02,-7.28750756e-02,1.00000161e-09
1,1.00000000e-02,3.16880878e-10,99,2,1,7,normal_corr_dominates,2.54149376e+00,1.00000000e+00,2.50000001e+07,8.03832991e-02,-5.21463668e-02,1.32529666e-01,1.00000179e-09
1,1.00000000e-02,3.16880878e-10,99,3,0,9,normal_corr_dominates,8.60102597e+00,1.00000000e+00,2.50000002e+07,1.57346752e-01,1.63885352e-02,1.40958217e-01,1.00000177e-09
1,1.00000000e-02,3.16880878e-10,99,3,1,10,normal_corr_dominates,1.66804293e+01,1.00000000e+00,2.50000003e+07,2.89756339e-01,1.63885352e-02,2.73367804e-01,1.00000173e-09
1,1.00000000e-02,3.16880878e-10,99,3,2,11,normal_corr_dominates,1.10093271e+01,1.00000000e+00,2.49999998e+07,-1.64038210e-01,1.63885352e-02,-1.80426745e-01,1.00000162e-09
1,1.00000000e-02,3.16880878e-10,99,4,0,12,normal_corr_dominates,1.07424161e+01,1.00000000e+00,2.50000001e+07,7.58238544e-02,6.45726174e-03,6.93665927e-02,1.00000147e-09
1,1.00000000e-02,3.16880878e-10,99,4,1,13,normal_corr_dominates,7.38060726e+00,1.00000000e+00,2.50000000e+07,-4.12012512e-02,6.45726174e-03,-4.76585129e-02,1.00000105e-09
1,1.00000000e-02,3.16880878e-10,99,4,1,13,corr_ratio_high,5.43462055e-01,5.00000000e-01,2.50000000e+07,-4.12012512e-02,6.45726174e-03,-4.76585129e-02,1.00000105e-09
1,1.00000000e-02,3.16880878e-10,99,4,2,14,normal_corr_dominates,3.70704164e+01,1.00000000e+00,2.50000002e+07,2.45830643e-01,6.45726174e-03,2.39373382e-01,1.00000182e-09
1,1.00000000e-02,3.16880878e-10,99,5,0,15,normal_corr_dominates,1.40375253e+00,1.00000000e+00,2.50000000e+07,2.17949974e-02,-5.39810801e-02,7.57760776e-02,1.00000004e-09
1,1.00000000e-02,3.16880878e-10,99,5,0,15,corr_ratio_high,1.96498953e+00,5.00000000e-01,2.50000000e+07,2.17949974e-02,-5.39810801e-02,7.57760776e-02,1.00000004e-09
1,1.00000000e-02,3.16880878e-10,99,5,1,16,normal_corr_dominates,2.42995605e+00,1.00000000e+00,2.50000001e+07,7.71905719e-02,-5.39810801e-02,1.31171652e-01,1.00000200e-09
1,1.00000000e-02,3.16880878e-10,99,5,2,17,normal_corr_dominates,1.29952291e+00,1.00000000e+00,2.49999999e+07,-1.24130730e-01,-5.39810801e-02,-7.01496503e-02,1.00000223e-09
1,1.00000000e-02,3.16880878e-10,99,6,0,18,normal_corr_dominates,2.41959228e+00,1.00000000e+00,2.50000001e+07,6.30139240e-02,-4.43887479e-02,1.07402672e-01,1.00000167e-09
1,1.00000000e-02,3.16880878e-10,99,6,1,19,normal_corr_dominates,1.64857193e+00,1.00000000e+00,2.49999999e+07,-1.17566792e-01,-4.43887479e-02,-7.31780438e-02,1.00000191e-09
1,1.00000000e-02,3.16880878e-10,99,6,2,20,normal_corr_dominates,1.07915244e+00,1.00000000e+00,2.49999999e+07,-9.22909736e-02,-4.43887479e-02,-4.79022257e-02,1.00000195e-09
1,1.00000000e-02,3.16880878e-10,99,7,0,21,normal_corr_dominates,2.62070802e+00,1.00000000e+00,2.50000000e+07,1.50133625e-02,4.14652672e-03,1.08668358e-02,1.00000125e-09
1,1.00000000e-02,3.16880878e-10,99,7,1,22,normal_corr_dominates,1.58691129e+01,1.00000000e+00,2.50000001e+07,6.99482274e-02,4.14652672e-03,6.58017007e-02,1.00000139e-09
1,1.00000000e-02,3.16880878e-10,99,7,2,23,normal_corr_dominates,3.52824012e+01,1.00000000e+00,2.49999999e+07,-1.42152893e-01,4.14652672e-03,-1.46299419e-01,1.00000195e-09
1,1.00000000e-02,3.16880878e-10,99,8,1,25,normal_corr_dominates,3.53640746e+00,1.00000000e+00,2.49999999e+07,-1.41357747e-01,-3.11607253e-02,-1.10197021e-01,1.00000159e-09
1,1.00000000e-02,3.16880878e-10,99,8,2,26,normal_corr_dominates,8.73184947e+00,1.00000000e+00,2.50000002e+07,2.40930037e-01,-3.11607253e-02,2.72090763e-01,1.00000150e-09
1,1.00000000e-02,3.16880878e-10,99,9,0,27,normal_corr_dominates,1.31597152e+00,1.00000000e+00,2.49999999e+07,-1.38634455e-01,-5.98601729e-02,-7.87742825e-02,1.00000143e-09
1,1.00000000e-02,3.16880878e-10,99,9,2,29,normal_corr_dominates,1.00780215e+00,1.00000000e+00,2.49999999e+07,-1.20187384e-01,-5.98601729e-02,-6.03272112e-02,1.00000107e-09
1,1.00000000e-02,3.16880878e-10,99,10,0,30,normal_corr_dominates,1.83432794e+01,1.00000000e+00,2.50000001e+07,1.08844828e-01,-6.27590815e-03,1.15120736e-01,1.00000142e-09
1,1.00000000e-02,3.16880878e-10,99,10,1,31,normal_corr_dominates,3.18006378e+01,1.00000000e+00,2.49999998e+07,-2.05853790e-01,-6.27590815e-03,-1.99577882e-01,1.00000079e-09
1,1.00000000e-02,3.16880878e-10,99,10,1,31,corr_ratio_high,1.20550641e+00,5.00000000e-01,2.49999998e+07,-2.05853790e-01,-6.27590815e-03,-1.99577882e-01,1.00000079e-09
1,1.00000000e-02,3.16880878e-10,99,10,2,32,normal_corr_dominates,2.69530582e+01,1.00000000e+00,2.49999998e+07,-1.75430825e-01,-6.27590815e-03,-1.69154917e-01,1.00000217e-09
1,1.00000000e-02,3.16880878e-10,99,11,0,33,normal_corr_dominates,9.29961475e+00,1.00000000e+00,2.50000002e+07,2.20568396e-01,-2.65757391e-02,2.47144136e-01,1.00000177e-09
1,1.00000000e-02,3.16880878e-10,99,11,1,34,normal_corr_dominates,9.80403930e+00,1.00000000e+00,2.49999997e+07,-2.87125330e-01,-2.65757391e-02,-2.60549591e-01,1.00000148e-09
1,1.00000000e-02,3.16880878e-10,99,11,2,35,normal_corr_dominates,7.31136470e+00,1.00000000e+00,2.49999998e+07,-2.20880660e-01,-2.65757391e-02,-1.94304921e-01,1.00000169e-09
1,1.00000000e-02,3.16880878e-10,99,12,0,36,normal_corr_dominates,1.05100542e+00,1.00000000e+00,2.50000000e+07,-2.57196006e-03,5.04252314e-02,-5.29971915e-02,1.00000054e-09
1,1.00000000e-02,3.16880878e-10,99,12,0,36,corr_ratio_high,1.48726917e+00,5.00000000e-01,2.50000000e+07,-2.57196006e-03,5.04252314e-02,-5.29971915e-02,1.00000054e-09
1,1.00000000e-02,3.16880878e-10,99,12,1,37,normal_corr_dominates,5.75816824e+00,1.00000000e+00,2.49999998e+07,-2.39931735e-01,5.04252314e-02,-2.90356966e-01,1.00000142e-09
1,1.00000000e-02,3.16880878e-10,99,12,2,38,normal_corr_dominates,5.53210256e+00,1.00000000e+00,2.50000003e+07,3.29382783e-01,5.04252314e-02,2.78957552e-01,1.00000218e-09
1,1.00000000e-02,3.16880878e-10,99,13,0,39,normal_corr_dominates,7.95350202e+00,1.00000000e+00,2.49999998e+07,-2.32763997e-01,-2.59969782e-02,-2.06767019e-01,1.00000177e-09
1,1.00000000e-02,3.16880878e-10,99,13,1,40,normal_corr_dominates,6.11636701e+00,1.00000000e+00,2.50000001e+07,1.33010082e-01,-2.59969782e-02,1.59007060e-01,1.00000149e-09
1,1.00000000e-02,3.16880878e-10,99,13,2,41,normal_corr_dominates,4.33940957e+00,1.00000000e+00,2.49999999e+07,-1.38808514e-01,-2.59969782e-02,-1.12811536e-01,1.00000176e-09
1,1.00000000e-02,3.16880878e-10,99,14,0,42,normal_corr_dominates,2.90827784e+00,1.00000000e+00,2.49999999e+07,-8.93734277e-02,4.68345992e-02,-1.36208027e-01,1.00000112e-09
1,1.00000000e-02,3.16880878e-10,99,14,1,43,normal_corr_dominates,1.47200226e+00,1.00000000e+00,2.50000001e+07,1.15775235e-01,4.68345992e-02,6.89406360e-02,1.00000055e-09
1,1.00000000e-02,3.16880878e-10,99,14,1,43,corr_ratio_high,1.30794173e+00,5.00000000e-01,2.50000001e+07,1.15775235e-01,4.68345992e-02,6.89406360e-02,1.00000055e-09
1,1.00000000e-02,3.16880878e-10,99,14,2,44,normal_corr_dominates,4.24544928e+00,1.00000000e+00,2.49999998e+07,-1.51999316e-01,4.68345992e-02,-1.98833916e-01,1.00000249e-09
1,1.00000000e-02,3.16880878e-10,99,14,2,44,corr_ratio_high,5.16609542e-01,5.00000000e-01,2.49999998e+07,-1.51999316e-01,4.68345992e-02,-1.98833916e-01,1.00000249e-09
2,2.87484385e-02,9.10983044e-10,99,0,0,0,normal_corr_dominates,7.21467281e+01,1.00000000e+00,2.49999989e+07,-1.06283593e+00,1.49386480e-02,-1.07777458e+00,1.00000160e-09
2,2.87484385e-02,9.10983044e-10,99,0,0,0,corr_ratio_high,1.32875290e+00,5.00000000e-01,2.49999989e+07,-1.06283593e+00,1.49386480e-02,-1.07777458e+00,1.00000160e-09
2,2.87484385e-02,9.10983044e-10,99,0,1,1,normal_corr_dominates,5.26347389e+01,1.00000000e+00,2.50000008e+07,8.01230487e-01,1.49386480e-02,7.86291839e-01,1.00000565e-09
2,2.87484385e-02,9.10983044e-10,99,0,2,2,normal_corr_dominates,1.84269775e+01,1.00000000e+00,2.49999997e+07,-2.60335483e-01,1.49386480e-02,-2.75274131e-01,1.00000540e-09
2,2.87484385e-02,9.10983044e-10,99,1,0,3,normal_corr_dominates,7.18052030e+00,1.00000000e+00,2.49999996e+07,-4.15389166e-01,6.72094170e-02,-4.82598583e-01,1.00000298e-09
2,2.87484385e-02,9.10983044e-10,99,1,0,3,corr_ratio_high,1.03577898e+00,5.00000000e-01,2.49999996e+07,-4.15389166e-01,6.72094170e-02,-4.82598583e-01,1.00000298e-09
2,2.87484385e-02,9.10983044e-10,99,1,2,5,normal_corr_dominates,3.50964217e+00,1.00000000e+00,2.49999998e+07,-1.68671587e-01,6.72094170e-02,-2.35881004e-01,1.00000553e-09
2,2.87484385e-02,9.10983044e-10,99,2,0,6,normal_corr_dominates,1.39928842e+00,1.00000000e+00,2.49999996e+07,-3.56910685e-01,-1.48756891e-01,-2.08153794e-01,1.00000458e-09
2,2.87484385e-02,9.10983044e-10,99,2,1,7,normal_corr_dominates,2.54200457e+00,1.00000000e+00,2.50000002e+07,2.29383806e-01,-1.48756891e-01,3.78140697e-01,1.00000511e-09
2,2.87484385e-02,9.10983044e-10,99,3,0,9,normal_corr_dominates,8.55679981e+00,1.00000000e+00,2.50000004e+07,4.49182965e-01,4.70013994e-02,4.02181566e-01,1.00000505e-09
2,2.87484385e-02,9.10983044e-10,99,3,1,10,normal_corr_dominates,1.66173615e+01,1.00000000e+00,2.50000008e+07,8.28040644e-01,4.70013994e-02,7.81039244e-01,1.00000493e-09
2,2.87484385e-02,9.10983044e-10,99,3,2,11,normal_corr_dominates,1.09633323e+01,1.00000000e+00,2.49999995e+07,-4.68290562e-01,4.70013994e-02,-5.15291962e-01,1.00000462e-09
2,2.87484385e-02,9.10983044e-10,99,4,0,12,normal_corr_dominates,1.06645614e+01,1.00000000e+00,2.50000002e+07,2.16402801e-01,1.85521593e-02,1.97850641e-01,1.00000419e-09
2,2.87484385e-02,9.10983044e-10,99,4,1,13,normal_corr_dominates,7.34835528e+00,1.00000000e+00,2.49999999e+07,-1.17775698e-01,1.85521593e-02,-1.36327858e-01,1.00000299e-09
2,2.87484385e-02,9.10983044e-10,99,4,1,13,corr_ratio_high,5.42910287e-01,5.00000000e-01,2.49999999e+07,-1.17775698e-01,1.85521593e-02,-1.36327858e-01,1.00000299e-09
2,2.87484385e-02,9.10983044e-10,99,4,2,14,normal_corr_dominates,3.68498640e+01,1.00000000e+00,2.50000007e+07,7.02196707e-01,1.85521593e-02,6.83644548e-01,1.00000519e-09
2,2.87484385e-02,9.10983044e-10,99,5,0,15,normal_corr_dominates,1.40510932e+00,1.00000000e+00,2.50000001e+07,6.23415419e-02,-1.53888194e-01,2.16229736e-01,1.00000012e-09
2,2.87484385e-02,9.10983044e-10,99,5,0,15,corr_ratio_high,1.96410585e+00,5.00000000e-01,2.50000001e+07,6.23415419e-02,-1.53888194e-01,2.16229736e-01,1.00000012e-09
2,2.87484385e-02,9.10983044e-10,99,5,1,16,normal_corr_dominates,2.43378244e+00,1.00000000e+00,2.50000002e+07,2.20642189e-01,-1.53888194e-01,3.74530383e-01,1.00000571e-09
2,2.87484385e-02,9.10983044e-10,99,5,2,17,normal_corr_dominates,1.29919826e+00,1.00000000e+00,2.49999996e+07,-3.53819468e-01,-1.53888194e-01,-1.99931274e-01,1.00000635e-09
2,2.87484385e-02,9.10983044e-10,99,6,0,18,normal_corr_dominates,2.42104398e+00,1.00000000e+00,2.50000002e+07,1.79949529e-01,-1.26631921e-01,3.06581449e-01,1.00000475e-09
2,2.87484385e-02,9.10983044e-10,99,6,1,19,normal_corr_dominates,1.64911687e+00,1.00000000e+00,2.49999997e+07,-3.35462758e-01,-1.26631921e-01,-2.08830837e-01,1.00000546e-09
2,2.87484385e-02,9.10983044e-10,99,6,2,20,normal_corr_dominates,1.07677466e+00,1.00000000e+00,2.49999997e+07,-2.62985965e-01,-1.26631921e-01,-1.36354044e-01,1.00000557e-09
2,2.87484385e-02,9.10983044e-10,99,7,0,21,normal_corr_dominates,2.58460895e+00,1.00000000e+00,2.50000000e+07,4.32380759e-02,1.20621458e-02,3.11759301e-02,1.00000356e-09
2,2.87484385e-02,9.10983044e-10,99,7,1,22,normal_corr_dominates,1.55512942e+01,1.00000000e+00,2.50000002e+07,1.99644124e-01,1.20621458e-02,1.87581978e-01,1.00000397e-09
2,2.87484385e-02,9.10983044e-10,99,7,2,23,normal_corr_dominates,3.45966076e+01,1.00000000e+00,2.49999996e+07,-4.05247181e-01,1.20621458e-02,-4.17309327e-01,1.00000556e-09
2,2.87484385e-02,9.10983044e-10,99,8,1,25,normal_corr_dominates,3.54048175e+00,1.00000000e+00,2.49999996e+07,-4.03466130e-01,-8.88597626e-02,-3.14606367e-01,1.00000453e-09
2,2.87484385e-02,9.10983044e-10,99,8,2,26,normal_corr_dominates,8.74321216e+00,1.00000000e+00,2.50000007e+07,6.88059994e-01,-8.88597626e-02,7.76919757e-01,1.00000428e-09
2,2.87484385e-02,9.10983044e-10,99,9,0,27,normal_corr_dominates,1.31704220e+00,1.00000000e+00,2.49999996e+07,-3.95438323e-01,-1.70665136e-01,-2.24773187e-01,1.00000407e-09
2,2.87484385e-02,9.10983044e-10,99,9,2,29,normal_corr_dominates,1.00946363e+00,1.00000000e+00,2.49999997e+07,-3.42945385e-01,-1.70665136e-01,-1.72280249e-01,1.00000306e-09
2,2.87484385e-02,9.10983044e-10,99,10,0,30,normal_corr_dominates,1.86502324e+01,1.00000000e+00,2.50000003e+07,3.10721402e-01,-1.76043802e-02,3.28325782e-01,1.00000405e-09
2,2.87484385e-02,9.10983044e-10,99,10,1,31,normal_corr_dominates,3.23695747e+01,1.00000000e+00,2.49999994e+07,-5.87450679e-01,-1.76043802e-02,-5.69846299e-01,1.00000227e-09
2,2.87484385e-02,9.10983044e-10,99,10,1,31,corr_ratio_high,1.20430350e+00,5.00000000e-01,2.49999994e+07,-5.87450679e-01,-1.76043802e-02,-5.69846299e-01,1.00000227e-09
2,2.87484385e-02,9.10983044e-10,99,10,2,32,normal_corr_dominates,2.74096171e+01,1.00000000e+00,2.49999995e+07,-5.00133701e-01,-1.76043802e-02,-4.82529320e-01,1.00000618e-09
2,2.87484385e-02,9.10983044e-10,99,11,0,33,normal_corr_dominates,9.33150071e+00,1.00000000e+00,2.50000006e+07,6.30549813e-01,-7.56826213e-02,7.06232435e-01,1.00000504e-09
2,2.87484385e-02,9.10983044e-10,99,11,1,34,normal_corr_dominates,9.83027652e+00,1.00000000e+00,2.49999992e+07,-8.19663717e-01,-7.56826213e-02,-7.43981095e-01,1.00000423e-09
2,2.87484385e-02,9.10983044e-10,99,11,2,35,normal_corr_dominates,7.33280905e+00,1.00000000e+00,2.49999994e+07,-6.30648832e-01,-7.56826213e-02,-5.54966211e-01,1.00000482e-09
2,2.87484385e-02,9.10983044e-10,99,12,0,36,normal_corr_dominates,1.05061704e+00,1.00000000e+00,2.50000000e+07,-7.29179679e-03,1.44058130e-01,-1.51349927e-01,1.00000155e-09
2,2.87484385e-02,9.10983044e-10,99,12,0,36,corr_ratio_high,1.48726162e+00,5.00000000e-01,2.50000000e+07,-7.29179679e-03,1.44058130e-01,-1.51349927e-01,1.00000155e-09
2,2.87484385e-02,9.10983044e-10,99,12,1,37,normal_corr_dominates,5.75538353e+00,1.00000000e+00,2.49999993e+07,-6.85051661e-01,1.44058130e-01,-8.29109791e-01,1.00000404e-09
2,2.87484385e-02,9.10983044e-10,99,12,2,38,normal_corr_dominates,5.52927473e+00,1.00000000e+00,2.50000009e+07,9.40595110e-01,1.44058130e-01,7.96536979e-01,1.00000623e-09
2,2.87484385e-02,9.10983044e-10,99,13,0,39,normal_corr_dominates,7.97385429e+00,1.00000000e+00,2.49999993e+07,-6.64373183e-01,-7.40343181e-02,-5.90338864e-01,1.00000506e-09
2,2.87484385e-02,9.10983044e-10,99,13,1,40,normal_corr_dominates,6.13185865e+00,1.00000000e+00,2.50000004e+07,3.79933656e-01,-7.40343181e-02,4.53967974e-01,1.00000424e-09
2,2.87484385e-02,9.10983044e-10,99,13,2,41,normal_corr_dominates,4.35064014e+00,1.00000000e+00,2.49999996e+07,-3.96130994e-01,-7.40343181e-02,-3.22096676e-01,1.00000503e-09
2,2.87484385e-02,9.10983044e-10,99,14,0,42,normal_corr_dominates,2.90876165e+00,1.00000000e+00,2.49999997e+07,-2.55206409e-01,1.33702607e-01,-3.88909016e-01,1.00000320e-09
2,2.87484385e-02,9.10983044e-10,99,14,1,43,normal_corr_dominates,1.47139441e+00,1.00000000e+00,2.50000003e+07,3.30431876e-01,1.33702607e-01,1.96729269e-01,1.00000156e-09
2,2.87484385e-02,9.10983044e-10,99,14,1,43,corr_ratio_high,1.30765405e+00,5.00000000e-01,2.50000003e+07,3.30431876e-01,1.33702607e-01,1.96729269e-01,1.00000156e-09
2,2.87484385e-02,9.10983044e-10,99,14,2,44,normal_corr_dominates,4.24262317e+00,1.00000000e+00,2.49999996e+07,-4.33547171e-01,1.33702607e-01,-5.67249778e-01,1.00000711e-09
2,2.87484385e-02,9.10983044e-10,99,14,2,44,corr_ratio_high,5.16601833e-01,5.00000000e-01,2.49999996e+07,-4.33547171e-01,1.33702607e-01,-5.67249778e-01,1.00000711e-09
3,5.05458994e-02,1.60170290e-09,99,0,0,0,normal_corr_dominates,7.12576937e+01,1.00000000e+00,2.49999981e+07,-1.85487261e+00,2.64009892e-02,-1.88127360e+00,1.00000278e-09
3,5.05458994e-02,1.60170290e-09,99,0,0,0,corr_ratio_high,1.32871840e+00,5.00000000e-01,2.49999981e+07,-1.85487261e+00,2.64009892e-02,-1.88127360e+00,1.00000278e-09
3,5.05458994e-02,1.60170290e-09,99,0,1,1,normal_corr_dominates,5.19765202e+01,1.00000000e+00,2.50000014e+07,1.39863254e+00,2.64009892e-02,1.37223155e+00,1.00000986e-09
3,5.05458994e-02,1.60170290e-09,99,0,2,2,normal_corr_dominates,1.82006647e+01,1.00000000e+00,2.49999995e+07,-4.54114562e-01,2.64009892e-02,-4.80515552e-01,1.00000943e-09
3,5.05458994e-02,1.60170290e-09,99,1,0,3,normal_corr_dominates,7.15731538e+00,1.00000000e+00,2.49999993e+07,-7.24873914e-01,1.17725643e-01,-8.42599558e-01,1.00000520e-09
3,5.05458994e-02,1.60170290e-09,99,1,0,3,corr_ratio_high,1.03640127e+00,5.00000000e-01,2.49999993e+07,-7.24873914e-01,1.17725643e-01,-8.42599558e-01,1.00000520e-09
3,5.05458994e-02,1.60170290e-09,99,1,2,5,normal_corr_dominates,3.49102368e+00,1.00000000e+00,2.49999997e+07,-2.93257365e-01,1.17725643e-01,-4.10983008e-01,1.00000964e-09
3,5.05458994e-02,1.60170290e-09,99,2,0,6,normal_corr_dominates,1.40102557e+00,1.00000000e+00,2.49999994e+07,-6.23164472e-01,-2.59540956e-01,-3.63623516e-01,1.00000800e-09
3,5.05458994e-02,1.60170290e-09,99,2,1,7,normal_corr_dominates,2.54224090e+00,1.00000000e+00,2.50000004e+07,4.00274679e-01,-2.59540956e-01,6.59815635e-01,1.00000891e-09
3,5.05458994e-02,1.60170290e-09,99,3,0,9,normal_corr_dominates,8.51526914e+00,1.00000000e+00,2.50000008e+07,7.84186186e-01,8.24134530e-02,7.01772733e-01,1.00000882e-09
3,5.05458994e-02,1.60170290e-09,99,3,1,10,normal_corr_dominates,1.65586842e+01,1.00000000e+00,2.50000014e+07,1.44707179e+00,8.24134530e-02,1.36465834e+00,1.00000860e-09
3,5.05458994e-02,1.60170290e-09,99,3,2,11,normal_corr_dominates,1.09203254e+01,1.00000000e+00,2.49999992e+07,-8.17568274e-01,8.24134530e-02,-8.99981727e-01,1.00000806e-09
3,5.05458994e-02,1.60170290e-09,99,4,0,12,normal_corr_dominates,1.05957503e+01,1.00000000e+00,2.50000004e+07,3.77671799e-01,3.25698459e-02,3.45101953e-01,1.00000732e-09
3,5.05458994e-02,1.60170290e-09,99,4,1,13,normal_corr_dominates,7.32001237e+00,1.00000000e+00,2.49999998e+07,-2.05841829e-01,3.25698459e-02,-2.38411675e-01,1.00000521e-09
3,5.05458994e-02,1.60170290e-09,99,4,1,13,corr_ratio_high,5.42381399e-01,5.00000000e-01,2.49999998e+07,-2.05841829e-01,3.25698459e-02,-2.38411675e-01,1.00000521e-09
3,5.05458994e-02,1.60170290e-09,99,4,2,14,normal_corr_dominates,3.66601354e+01,1.00000000e+00,2.50000012e+07,1.22658481e+00,3.25698459e-02,1.19401496e+00,1.00000905e-09
3,5.05458994e-02,1.60170290e-09,99,5,0,15,normal_corr_dominates,1.40647814e+00,1.00000000e+00,2.50000001e+07,1.09066519e-01,-2.68320752e-01,3.77387271e-01,1.00000021e-09
3,5.05458994e-02,1.60170290e-09,99,5,0,15,corr_ratio_high,1.96323652e+00,5.00000000e-01,2.50000001e+07,1.09066519e-01,-2.68320752e-01,3.77387271e-01,1.00000021e-09
3,5.05458994e-02,1.60170290e-09,99,5,1,16,normal_corr_dominates,2.43722968e+00,1.00000000e+00,2.50000004e+07,3.85638548e-01,-2.68320752e-01,6.53959299e-01,1.00000997e-09
3,5.05458994e-02,1.60170290e-09,99,5,2,17,normal_corr_dominates,1.29870821e+00,1.00000000e+00,2.49999994e+07,-6.16791116e-01,-2.68320752e-01,-3.48470364e-01,1.00001108e-09
3,5.05458994e-02,1.60170290e-09,99,6,0,18,normal_corr_dominates,2.42225735e+00,1.00000000e+00,2.50000003e+07,3.14237990e-01,-2.20943129e-01,5.35181119e-01,1.00000829e-09
3,5.05458994e-02,1.60170290e-09,99,6,1,19,normal_corr_dominates,1.64949015e+00,1.00000000e+00,2.49999994e+07,-5.85386644e-01,-2.20943129e-01,-3.64443515e-01,1.00000953e-09
3,5.05458994e-02,1.60170290e-09,99,6,2,20,normal_corr_dominates,1.07432742e+00,1.00000000e+00,2.49999995e+07,-4.58308390e-01,-2.20943129e-01,-2.37365262e-01,1.00000972e-09
3,5.05458994e-02,1.60170290e-09,99,7,0,21,normal_corr_dominates,2.55100818e+00,1.00000000e+00,2.50000001e+07,7.61176091e-02,2.14354925e-02,5.46821167e-02,1.00000621e-09
3,5.05458994e-02,1.60170290e-09,99,7,1,22,normal_corr_dominates,1.52577796e+01,1.00000000e+00,2.50000003e+07,3.48493513e-01,2.14354925e-02,3.27058021e-01,1.00000693e-09
3,5.05458994e-02,1.60170290e-09,99,7,2,23,normal_corr_dominates,3.39618504e+01,1.00000000e+00,2.49999993e+07,-7.06553496e-01,2.14354925e-02,-7.27988989e-01,1.00000970e-09
3,5.05458994e-02,1.60170290e-09,99,8,1,25,normal_corr_dominates,3.54415413e+00,1.00000000e+00,2.49999993e+07,-7.04270162e-01,-1.54983775e-01,-5.49286387e-01,1.00000791e-09
3,5.05458994e-02,1.60170290e-09,99,8,2,26,normal_corr_dominates,8.75355681e+00,1.00000000e+00,2.50000012e+07,1.20167550e+00,-1.54983775e-01,1.35665928e+00,1.00000748e-09
3,5.05458994e-02,1.60170290e-09,99,9,0,27,normal_corr_dominates,1.31813872e+00,1.00000000e+00,2.49999993e+07,-6.89832463e-01,-2.97580321e-01,-3.92252142e-01,1.00000709e-09
3,5.05458994e-02,1.60170290e-09,99,9,2,29,normal_corr_dominates,1.01105100e+00,1.00000000e+00,2.49999994e+07,-5.98449201e-01,-2.97580321e-01,-3.00868881e-01,1.00000534e-09
3,5.05458994e-02,1.60170290e-09,99,10,0,30,normal_corr_dominates,1.89598559e+01,1.00000000e+00,2.50000005e+07,5.42490379e-01,-3.02057201e-02,5.72696099e-01,1.00000707e-09
3,5.05458994e-02,1.60170290e-09,99,10,1,31,normal_corr_dominates,3.29418475e+01,1.00000000e+00,2.49999990e+07,-1.02523794e+00,-3.02057201e-02,-9.95032223e-01,1.00000396e-09
3,5.05458994e-02,1.60170290e-09,99,10,1,31,corr_ratio_high,1.20312782e+00,5.00000000e-01,2.49999990e+07,-1.02523794e+00,-3.02057201e-02,-9.95032223e-01,1.00000396e-09
3,5.05458994e-02,1.60170290e-09,99,10,2,32,normal_corr_dominates,2.78688857e+01,1.00000000e+00,2.49999991e+07,-8.72005481e-01,-3.02057201e-02,-8.41799761e-01,1.00001079e-09
3,5.05458994e-02,1.60170290e-09,99,11,0,33,normal_corr_dominates,9.36187835e+00,1.00000000e+00,2.50000011e+07,1.10233204e+00,-1.31828280e-01,1.23416032e+00,1.00000879e-09
3,5.05458994e-02,1.60170290e-09,99,11,1,34,normal_corr_dominates,9.85495350e+00,1.00000000e+00,2.49999986e+07,-1.43098985e+00,-1.31828280e-01,-1.29916157e+00,1.00000738e-09
3,5.05458994e-02,1.60170290e-09,99,11,2,35,normal_corr_dominates,7.35307120e+00,1.00000000e+00,2.49999989e+07,-1.10117101e+00,-1.31828280e-01,-9.69342729e-01,1.00000841e-09
3,5.05458994e-02,1.60170290e-09,99,12,0,36,normal_corr_dominates,1.05017830e+00,1.00000000e+00,2.50000000e+07,-1.26284019e-02,2.51670574e-01,-2.64298976e-01,1.00000270e-09
3,5.05458994e-02,1.60170290e-09,99,12,0,36,corr_ratio_high,1.48723597e+00,5.00000000e-01,2.50000000e+07,-1.26284019e-02,2.51670574e-01,-2.64298976e-01,1.00000270e-09
3,5.05458994e-02,1.60170290e-09,99,12,1,37,normal_corr_dominates,5.75285412e+00,1.00000000e+00,2.49999988e+07,-1.19615353e+00,2.51670574e-01,-1.44782410e+00,1.00000706e-09
3,5.05458994e-02,1.60170290e-09,99,12,2,38,normal_corr_dominates,5.52671887e+00,1.00000000e+00,2.50000016e+07,1.64258308e+00,2.51670574e-01,1.39091251e+00,1.00001087e-09
3,5.05458994e-02,1.60170290e-09,99,13,0,39,normal_corr_dominates,7.99285401e+00,1.00000000e+00,2.49999988e+07,-1.15970508e+00,-1.28958513e-01,-1.03074657e+00,1.00000883e-09
3,5.05458994e-02,1.60170290e-09,99,13,1,40,normal_corr_dominates,6.14632195e+00,1.00000000e+00,2.50000007e+07,6.63662028e-01,-1.28958513e-01,7.92620541e-01,1.00000741e-09
3,5.05458994e-02,1.60170290e-09,99,13,2,41,normal_corr_dominates,4.36108332e+00,1.00000000e+00,2.49999993e+07,-6.91357335e-01,-1.28958513e-01,-5.62398821e-01,1.00000878e-09
3,5.05458994e-02,1.60170290e-09,99,14,0,42,normal_corr_dominates,2.90919611e+00,1.00000000e+00,2.49999996e+07,-4.45659873e-01,2.33428023e-01,-6.79087896e-01,1.00000558e-09
3,5.05458994e-02,1.60170290e-09,99,14,1,43,normal_corr_dominates,1.47088570e+00,1.00000000e+00,2.50000006e+07,5.76773964e-01,2.33428023e-01,3.43345941e-01,1.00000273e-09
3,5.05458994e-02,1.60170290e-09,99,14,1,43,corr_ratio_high,1.30734400e+00,5.00000000e-01,2.50000006e+07,5.76773964e-01,2.33428023e-01,3.43345941e-01,1.00000273e-09
3,5.05458994e-02,1.60170290e-09,99,14,2,44,normal_corr_dominates,4.23980971e+00,1.00000000e+00,2.49999992e+07,-7.56262375e-01,2.33428023e-01,-9.89690398e-01,1.00001240e-09
3,5.05458994e-02,1.60170290e-09,99,14,2,44,corr_ratio_high,5.16593732e-01,5.00000000e-01,2.49999992e+07,-7.56262375e-01,2.33428023e-01,-9.89690398e-01,1.00001240e-09
4,7.92731444e-02,2.51201436e-09,99,0,0,0,normal_corr_dominates,7.03119204e+01,1.00000000e+00,2.49999971e+07,-2.88455795e+00,4.16170541e-02,-2.92617500e+00,1.00000432e-09
4,7.92731444e-02,2.51201436e-09,99,0,0,0,corr_ratio_high,1.32866548e+00,5.00000000e-01,2.49999971e+07,-2.88455795e+00,4.16170541e-02,-2.92617500e+00,1.00000432e-09
4,7.92731444e-02,2.51201436e-09,99,0,1,1,normal_corr_dominates,5.12739779e+01,1.00000000e+00,2.50000022e+07,2.17548897e+00,4.16170541e-02,2.13387191e+00,1.00001532e-09
4,7.92731444e-02,2.51201436e-09,99,0,2,2,normal_corr_dominates,1.79570510e+01,1.00000000e+00,2.49999993e+07,-7.05702510e-01,4.16170541e-02,-7.47319564e-01,1.00001467e-09
4,7.92731444e-02,2.51201436e-09,99,1,0,3,normal_corr_dominates,7.13268239e+00,1.00000000e+00,2.49999989e+07,-1.12722763e+00,1.83806621e-01,-1.31103425e+00,1.00000808e-09
4,7.92731444e-02,2.51201436e-09,99,1,0,3,corr_ratio_high,1.03706680e+00,5.00000000e-01,2.49999989e+07,-1.12722763e+00,1.83806621e-01,-1.31103425e+00,1.00000808e-09
4,7.92731444e-02,2.51201436e-09,99,1,2,5,normal_corr_dominates,3.47060961e+00,1.00000000e+00,2.49999995e+07,-4.54114403e-01,1.83806621e-01,-6.37921024e-01,1.00001499e-09
4,7.92731444e-02,2.51201436e-09,99,2,0,6,normal_corr_dominates,1.40293924e+00,1.00000000e+00,2.49999990e+07,-9.69605061e-01,-4.03507939e-01,-5.66097121e-01,1.00001244e-09
4,7.92731444e-02,2.51201436e-09,99,2,1,7,normal_corr_dominates,2.54221260e+00,1.00000000e+00,2.50000006e+07,6.22295027e-01,-4.03507939e-01,1.02580297e+00,1.00001386e-09
4,7.92731444e-02,2.51201436e-09,99,3,0,9,normal_corr_dominates,8.47016522e+00,1.00000000e+00,2.50000012e+07,1.21988602e+00,1.28813594e-01,1.09107243e+00,1.00001370e-09
4,7.92731444e-02,2.51201436e-09,99,3,1,10,normal_corr_dominates,1.64951630e+01,1.00000000e+00,2.50000023e+07,2.25361483e+00,1.28813594e-01,2.12480124e+00,1.00001338e-09
4,7.92731444e-02,2.51201436e-09,99,3,2,11,normal_corr_dominates,1.08734583e+01,1.00000000e+00,2.49999987e+07,-1.27183565e+00,1.28813594e-01,-1.40064925e+00,1.00001253e-09
4,7.92731444e-02,2.51201436e-09,99,4,0,12,normal_corr_dominates,1.05268424e+01,1.00000000e+00,2.50000006e+07,5.87225705e-01,5.09441949e-02,5.36281510e-01,1.00001138e-09
4,7.92731444e-02,2.51201436e-09,99,4,1,13,normal_corr_dominates,7.29243923e+00,1.00000000e+00,2.49999997e+07,-3.20563250e-01,5.09441949e-02,-3.71507445e-01,1.00000811e-09
4,7.92731444e-02,2.51201436e-09,99,4,1,13,corr_ratio_high,5.41787138e-01,5.00000000e-01,2.49999997e+07,-3.20563250e-01,5.09441949e-02,-3.71507445e-01,1.00000811e-09
4,7.92731444e-02,2.51201436e-09,99,4,2,14,normal_corr_dominates,3.64770140e+01,1.00000000e+00,2.50000019e+07,1.90923631e+00,5.09441949e-02,1.85829211e+00,1.00001408e-09
4,7.92731444e-02,2.51201436e-09,99,5,0,15,normal_corr_dominates,1.40798258e+00,1.00000000e+00,2.50000002e+07,1.70071052e-01,-4.16858613e-01,5.86929665e-01,1.00000033e-09
4,7.92731444e-02,2.51201436e-09,99,5,0,15,corr_ratio_high,1.96225446e+00,5.00000000e-01,2.50000002e+07,1.70071052e-01,-4.16858613e-01,5.86929665e-01,1.00000033e-09
4,7.92731444e-02,2.51201436e-09,99,5,1,16,normal_corr_dominates,2.44075658e+00,1.00000000e+00,2.50000006e+07,6.00591788e-01,-4.16858613e-01,1.01745040e+00,1.00001550e-09
4,7.92731444e-02,2.51201436e-09,99,5,2,17,normal_corr_dominates,1.29795547e+00,1.00000000e+00,2.49999990e+07,-9.57922530e-01,-4.16858613e-01,-5.41063917e-01,1.00001723e-09
4,7.92731444e-02,2.51201436e-09,99,6,0,18,normal_corr_dominates,2.42337378e+00,1.00000000e+00,2.50000005e+07,4.88922678e-01,-3.43495633e-01,8.32418311e-01,1.00001290e-09
4,7.92731444e-02,2.51201436e-09,99,6,1,19,normal_corr_dominates,1.64959260e+00,1.00000000e+00,2.49999991e+07,-9.10123487e-01,-3.43495633e-01,-5.66627855e-01,1.00001482e-09
4,7.92731444e-02,2.51201436e-09,99,6,2,20,normal_corr_dominates,1.07144758e+00,1.00000000e+00,2.49999993e+07,-7.11533199e-01,-3.43495633e-01,-3.68037566e-01,1.00001511e-09
4,7.92731444e-02,2.51201436e-09,99,7,0,21,normal_corr_dominates,2.51407921e+00,1.00000000e+00,2.50000001e+07,1.19415097e-01,3.39819024e-02,8.54331945e-02,1.00000966e-09
4,7.92731444e-02,2.51201436e-09,99,7,1,22,normal_corr_dominates,1.49522649e+01,1.00000000e+00,2.50000005e+07,5.42088309e-01,3.39819024e-02,5.08106406e-01,1.00001078e-09
4,7.92731444e-02,2.51201436e-09,99,7,2,23,normal_corr_dominates,3.32980060e+01,1.00000000e+00,2.49999989e+07,-1.09754769e+00,3.39819024e-02,-1.13152959e+00,1.00001508e-09
4,7.92731444e-02,2.51201436e-09,99,8,1,25,normal_corr_dominates,3.54783355e+00,1.00000000e+00,2.49999989e+07,-1.09538777e+00,-2.40859249e-01,-8.54528524e-01,1.00001230e-09
4,7.92731444e-02,2.51201436e-09,99,8,2,26,normal_corr_dominates,8.76438270e+00,1.00000000e+00,2.50000019e+07,1.87012338e+00,-2.40859249e-01,2.11098263e+00,1.00001162e-09
4,7.92731444e-02,2.51201436e-09,99,9,0,27,normal_corr_dominates,1.31943001e+00,1.00000000e+00,2.49999989e+07,-1.07226318e+00,-4.62295983e-01,-6.09967195e-01,1.00001103e-09
4,7.92731444e-02,2.51201436e-09,99,9,2,29,normal_corr_dominates,1.01272242e+00,1.00000000e+00,2.49999991e+07,-9.30473488e-01,-4.62295983e-01,-4.68177505e-01,1.00000830e-09
4,7.92731444e-02,2.51201436e-09,99,10,0,30,normal_corr_dominates,1.93171515e+01,1.00000000e+00,2.50000008e+07,8.44031546e-01,-4.60787556e-02,8.90110302e-01,1.00001099e-09
4,7.92731444e-02,2.51201436e-09,99,10,1,31,normal_corr_dominates,3.35992286e+01,1.00000000e+00,2.49999984e+07,-1.59428940e+00,-4.60787556e-02,-1.54821064e+00,1.00000615e-09
4,7.92731444e-02,2.51201436e-09,99,10,1,31,corr_ratio_high,1.20180244e+00,5.00000000e-01,2.49999984e+07,-1.59428940e+00,-4.60787556e-02,-1.54821064e+00,1.00000615e-09
4,7.92731444e-02,2.51201436e-09,99,10,2,32,normal_corr_dominates,2.83964709e+01,1.00000000e+00,2.49999986e+07,-1.35455280e+00,-4.60787556e-02,-1.30847404e+00,1.00001677e-09
4,7.92731444e-02,2.51201436e-09,99,11,0,33,normal_corr_dominates,9.39497879e+00,1.00000000e+00,2.50000017e+07,1.71739810e+00,-2.04574442e-01,1.92197254e+00,1.00001367e-09
4,7.92731444e-02,2.51201436e-09,99,11,1,34,normal_corr_dominates,9.88148161e+00,1.00000000e+00,2.49999978e+07,-2.22607302e+00,-2.04574442e-01,-2.02149858e+00,1.00001148e-09
4,7.92731444e-02,2.51201436e-09,99,11,2,35,normal_corr_dominates,7.37492384e+00,1.00000000e+00,2.49999983e+07,-1.71329537e+00,-2.04574442e-01,-1.50872093e+00,1.00001308e-09
4,7.92731444e-02,2.51201436e-09,99,12,0,36,normal_corr_dominates,1.04968018e+00,1.00000000e+00,2.50000000e+07,-1.94634827e-02,3.91775602e-01,-4.11239084e-01,1.00000419e-09
4,7.92731444e-02,2.51201436e-09,99,12,0,36,corr_ratio_high,1.48717115e+00,5.00000000e-01,2.50000000e+07,-1.94634827e-02,3.91775602e-01,-4.11239084e-01,1.00000419e-09
4,7.92731444e-02,2.51201436e-09,99,12,1,37,normal_corr_dominates,5.75033799e+00,1.00000000e+00,2.49999981e+07,-1.86106652e+00,3.91775602e-01,-2.25284213e+00,1.00001098e-09
4,7.92731444e-02,2.51201436e-09,99,12,2,38,normal_corr_dominates,5.52420406e+00,1.00000000e+00,2.50000026e+07,2.55602397e+00,3.91775602e-01,2.16424837e+00,1.00001691e-09
4,7.92731444e-02,2.51201436e-09,99,13,0,39,normal_corr_dominates,8.01286461e+00,1.00000000e+00,2.49999982e+07,-1.80376520e+00,-2.00132286e-01,-1.60363291e+00,1.00001373e-09
4,7.92731444e-02,2.51201436e-09,99,13,1,40,normal_corr_dominates,6.16161619e+00,1.00000000e+00,2.50000010e+07,1.03300605e+00,-2.00132286e-01,1.23313833e+00,1.00001151e-09
4,7.92731444e-02,2.51201436e-09,99,13,2,41,normal_corr_dominates,4.37190996e+00,1.00000000e+00,2.49999989e+07,-1.07509262e+00,-2.00132286e-01,-8.74960335e-01,1.00001365e-09
4,7.92731444e-02,2.51201436e-09,99,14,0,42,normal_corr_dominates,2.90967167e+00,1.00000000e+00,2.49999993e+07,-6.93474709e-01,3.63138188e-01,-1.05661290e+00,1.00000868e-09
4,7.92731444e-02,2.51201436e-09,99,14,1,43,normal_corr_dominates,1.47042354e+00,1.00000000e+00,2.50000009e+07,8.97105126e-01,3.63138188e-01,5.33966938e-01,1.00000424e-09
4,7.92731444e-02,2.51201436e-09,99,14,1,43,corr_ratio_high,1.30694456e+00,5.00000000e-01,2.50000009e+07,8.97105126e-01,3.63138188e-01,5.33966938e-01,1.00000424e-09
4,7.92731444e-02,2.51201436e-09,99,14,2,44,normal_corr_dominates,4.23667861e+00,1.00000000e+00,2.49999988e+07,-1.17536160e+00,3.63138188e-01,-1.53849979e+00,1.00001928e-09
4,7.92731444e-02,2.51201436e-09,99,14,2,44,corr_ratio_high,5.16581714e-01,5.00000000e-01,2.49999988e+07,-1.17536160e+00,3.63138188e-01,-1.53849979e+00,1.00001928e-09
5,1.17411612e-01,3.72054946e-09,99,0,0,0,normal_corr_dominates,6.93144692e+01,1.00000000e+00,2.49999958e+07,-4.23138893e+00,6.19398639e-02,-4.29332879e+00,1.00000633e-09
5,1.17411612e-01,3.72054946e-09,99,0,0,0,corr_ratio_high,1.32858210e+00,5.00000000e-01,2.49999958e+07,-4.23138893e+00,6.19398639e-02,-4.29332879e+00,1.00000633e-09
5,1.17411612e-01,3.72054946e-09,99,0,1,1,normal_corr_dominates,5.05281505e+01,1.00000000e+00,2.50000032e+07,3.19164663e+00,6.19398639e-02,3.12970677e+00,1.00002247e-09
5,1.17411612e-01,3.72054946e-09,99,0,2,2,normal_corr_dominates,1.76944894e+01,1.00000000e+00,2.49999990e+07,-1.03405440e+00,6.19398639e-02,-1.09599427e+00,1.00002152e-09
5,1.17411612e-01,3.72054946e-09,99,1,0,3,normal_corr_dominates,7.10745680e+00,1.00000000e+00,2.49999983e+07,-1.65368599e+00,2.70765074e-01,-1.92445107e+00,1.00001184e-09
5,1.17411612e-01,3.72054946e-09,99,1,0,3,corr_ratio_high,1.03777613e+00,5.00000000e-01,2.49999983e+07,-1.65368599e+00,2.70765074e-01,-1.92445107e+00,1.00001184e-09
5,1.17411612e-01,3.72054946e-09,99,1,2,5,normal_corr_dominates,3.44829765e+00,1.00000000e+00,2.49999993e+07,-6.62913494e-01,2.70765074e-01,-9.33678568e-01,1.00002199e-09
5,1.17411612e-01,3.72054946e-09,99,2,0,6,normal_corr_dominates,1.40501433e+00,1.00000000e+00,2.49999986e+07,-1.42313919e+00,-5.91738341e-01,-8.31400848e-01,1.00001824e-09
5,1.17411612e-01,3.72054946e-09,99,2,1,7,normal_corr_dominates,2.54180924e+00,1.00000000e+00,2.50000009e+07,9.12347642e-01,-5.91738341e-01,1.50408598e+00,1.00002033e-09
5,1.17411612e-01,3.72054946e-09,99,3,0,9,normal_corr_dominates,8.42109813e+00,1.00000000e+00,2.50000018e+07,1.78984133e+00,1.89982241e-01,1.59985909e+00,1.00002010e-09
5,1.17411612e-01,3.72054946e-09,99,3,1,10,normal_corr_dominates,1.64262874e+01,1.00000000e+00,2.50000033e+07,3.31068512e+00,1.89982241e-01,3.12070288e+00,1.00001962e-09
5,1.17411612e-01,3.72054946e-09,99,3,2,11,normal_corr_dominates,1.08220979e+01,1.00000000e+00,2.49999981e+07,-1.86602417e+00,1.89982241e-01,-2.05600641e+00,1.00001838e-09
5,1.17411612e-01,3.72054946e-09,99,4,0,12,normal_corr_dominates,1.04601657e+01,1.00000000e+00,2.50000009e+07,8.61003686e-01,7.51301253e-02,7.85873561e-01,1.00001670e-09
5,1.17411612e-01,3.72054946e-09,99,4,1,13,normal_corr_dominates,7.26763969e+00,1.00000000e+00,2.49999995e+07,-4.70888555e-01,7.51301253e-02,-5.46018681e-01,1.00001190e-09
5,1.17411612e-01,3.72054946e-09,99,4,1,13,corr_ratio_high,5.41104436e-01,5.00000000e-01,2.49999995e+07,-4.70888555e-01,7.51301253e-02,-5.46018681e-01,1.00001190e-09
5,1.17411612e-01,3.72054946e-09,99,4,2,14,normal_corr_dominates,3.63102967e+01,1.00000000e+00,2.50000028e+07,2.80312727e+00,7.51301253e-02,2.72799714e+00,1.00002064e-09
5,1.17411612e-01,3.72054946e-09,99,5,0,15,normal_corr_dominates,1.40958572e+00,1.00000000e+00,2.50000003e+07,2.50185392e-01,-6.10825475e-01,8.61010867e-01,1.00000049e-09
5,1.17411612e-01,3.72054946e-09,99,5,0,15,corr_ratio_high,1.96113514e+00,5.00000000e-01,2.50000003e+07,2.50185392e-01,-6.10825475e-01,8.61010867e-01,1.00000049e-09
5,1.17411612e-01,3.72054946e-09,99,5,1,16,normal_corr_dominates,2.44428065e+00,1.00000000e+00,2.50000009e+07,8.82203413e-01,-6.10825475e-01,1.49302889e+00,1.00002274e-09
5,1.17411612e-01,3.72054946e-09,99,5,2,17,normal_corr_dominates,1.29686032e+00,1.00000000e+00,2.49999986e+07,-1.40298080e+00,-6.10825475e-01,-7.92155321e-01,1.00002527e-09
5,1.17411612e-01,3.72054946e-09,99,6,0,18,normal_corr_dominates,2.42428729e+00,1.00000000e+00,2.50000007e+07,7.17412379e-01,-5.03699209e-01,1.22111159e+00,1.00001892e-09
5,1.17411612e-01,3.72054946e-09,99,6,1,19,normal_corr_dominates,1.64917214e+00,1.00000000e+00,2.49999987e+07,-1.33438591e+00,-5.03699209e-01,-8.30686700e-01,1.00002174e-09
5,1.17411612e-01,3.72054946e-09,99,6,2,20,normal_corr_dominates,1.06804003e+00,1.00000000e+00,2.49999990e+07,-1.04167013e+00,-5.03699209e-01,-5.37970916e-01,1.00002216e-09
5,1.17411612e-01,3.72054946e-09,99,7,0,21,normal_corr_dominates,2.47291372e+00,1.00000000e+00,2.50000002e+07,1.76596244e-01,5.08495914e-02,1.25746652e-01,1.00001416e-09
5,1.17411612e-01,3.72054946e-09,99,7,1,22,normal_corr_dominates,1.46424983e+01,1.00000000e+00,2.50000008e+07,7.95414649e-01,5.08495914e-02,7.44565058e-01,1.00001581e-09
5,1.17411612e-01,3.72054946e-09,99,7,2,23,normal_corr_dominates,3.26200540e+01,1.00000000e+00,2.49999984e+07,-1.60786683e+00,5.08495914e-02,-1.65871642e+00,1.00002212e-09
5,1.17411612e-01,3.72054946e-09,99,8,1,25,normal_corr_dominates,3.55131199e+00,1.00000000e+00,2.49999984e+07,-1.60686273e+00,-3.53054841e-01,-1.25380789e+00,1.00001805e-09
5,1.17411612e-01,3.72054946e-09,99,8,2,26,normal_corr_dominates,8.77556910e+00,1.00000000e+00,2.50000027e+07,2.74520231e+00,-3.53054841e-01,3.09825715e+00,1.00001705e-09
5,1.17411612e-01,3.72054946e-09,99,9,0,27,normal_corr_dominates,1.32094864e+00,1.00000000e+00,2.49999984e+07,-1.57203688e+00,-6.77325145e-01,-8.94711731e-01,1.00001618e-09
5,1.17411612e-01,3.72054946e-09,99,9,2,29,normal_corr_dominates,1.01439046e+00,1.00000000e+00,2.49999986e+07,-1.36439731e+00,-6.77325145e-01,-6.87072166e-01,1.00001218e-09
5,1.17411612e-01,3.72054946e-09,99,10,0,30,normal_corr_dominates,1.97280079e+01,1.00000000e+00,2.50000012e+07,1.23874777e+00,-6.61441292e-02,1.30489190e+00,1.00001612e-09
5,1.17411612e-01,3.72054946e-09,99,10,1,31,normal_corr_dominates,3.43506940e+01,1.00000000e+00,2.49999977e+07,-2.33824088e+00,-6.61441292e-02,-2.27209675e+00,1.00000903e-09
5,1.17411612e-01,3.72054946e-09,99,10,1,31,corr_ratio_high,1.20028800e+00,5.00000000e-01,2.49999977e+07,-2.33824088e+00,-6.61441292e-02,-2.27209675e+00,1.00000903e-09
5,1.17411612e-01,3.72054946e-09,99,10,2,32,normal_corr_dominates,2.89995433e+01,1.00000000e+00,2.49999980e+07,-1.98429367e+00,-6.61441292e-02,-1.91814954e+00,1.00002459e-09
5,1.17411612e-01,3.72054946e-09,99,11,0,33,normal_corr_dominates,9.43064909e+00,1.00000000e+00,2.50000025e+07,2.52399150e+00,-2.99382821e-01,2.82337432e+00,1.00002004e-09
5,1.17411612e-01,3.72054946e-09,99,11,1,34,normal_corr_dominates,9.90951837e+00,1.00000000e+00,2.49999967e+07,-3.26612238e+00,-2.99382821e-01,-2.96673956e+00,1.00001684e-09
5,1.17411612e-01,3.72054946e-09,99,11,2,35,normal_corr_dominates,7.39812056e+00,1.00000000e+00,2.49999975e+07,-2.51425302e+00,-2.99382821e-01,-2.21487020e+00,1.00001918e-09
5,1.17411612e-01,3.72054946e-09,99,12,0,36,normal_corr_dominates,1.04916207e+00,1.00000000e+00,2.50000000e+07,-2.82789887e-02,5.75219649e-01,-6.03498638e-01,1.00000615e-09
5,1.17411612e-01,3.72054946e-09,99,12,0,36,corr_ratio_high,1.48703989e+00,5.00000000e-01,2.50000000e+07,-2.82789887e-02,5.75219649e-01,-6.03498638e-01,1.00000615e-09
5,1.17411612e-01,3.72054946e-09,99,12,1,37,normal_corr_dominates,5.74803076e+00,1.00000000e+00,2.49999973e+07,-2.73116059e+00,5.75219649e-01,-3.30638024e+00,1.00001610e-09
5,1.17411612e-01,3.72054946e-09,99,12,2,38,normal_corr_dominates,5.52194573e+00,1.00000000e+00,2.50000038e+07,3.75155134e+00,5.75219649e-01,3.17633169e+00,1.00002479e-09
5,1.17411612e-01,3.72054946e-09,99,13,0,39,normal_corr_dominates,8.03338935e+00,1.00000000e+00,2.49999974e+07,-2.64606078e+00,-2.92920041e-01,-2.35314074e+00,1.00002014e-09
5,1.17411612e-01,3.72054946e-09,99,13,1,40,normal_corr_dominates,6.17743727e+00,1.00000000e+00,2.50000015e+07,1.51657514e+00,-2.92920041e-01,1.80949518e+00,1.00001689e-09
5,1.17411612e-01,3.72054946e-09,99,13,2,41,normal_corr_dominates,4.38266814e+00,1.00000000e+00,2.49999984e+07,-1.57669137e+00,-2.92920041e-01,-1.28377133e+00,1.00002002e-09
5,1.17411612e-01,3.72054946e-09,99,14,0,42,normal_corr_dominates,2.91024854e+00,1.00000000e+00,2.49999990e+07,-1.01781547e+00,5.32818345e-01,-1.55063381e+00,1.00001274e-09
5,1.17411612e-01,3.72054946e-09,99,14,1,43,normal_corr_dominates,1.47008385e+00,1.00000000e+00,2.50000013e+07,1.31610599e+00,5.32818345e-01,7.83287643e-01,1.00000622e-09
5,1.17411612e-01,3.72054946e-09,99,14,1,43,corr_ratio_high,1.30641487e+00,5.00000000e-01,2.50000013e+07,1.31610599e+00,5.32818345e-01,7.83287643e-01,1.00000622e-09
5,1.17411612e-01,3.72054946e-09,99,14,2,44,normal_corr_dominates,4.23334009e+00,1.00000000e+00,2.49999983e+07,-1.72278291e+00,5.32818345e-01,-2.25560126e+00,1.00002826e-09
5,1.17411612e-01,3.72054946e-09,99,14,2,44,corr_ratio_high,5.16562511e-01,5.00000000e-01,2.49999983e+07,-1.72278291e+00,5.32818345e-01,-2.25560126e+00,1.00002826e-09
6,1.50778653e-01,4.77788721e-09,99,0,0,0,normal_corr_dominates,6.86105679e+01,1.00000000e+00,2.49999946e+07,-5.39412045e+00,7.97822089e-02,-5.47390266e+00,1.00000806e-09
6,1.50778653e-01,4.77788721e-09,99,0,0,0,corr_ratio_high,1.32849957e+00,5.00000000e-01,2.49999946e+07,-5.39412045e+00,7.97822089e-02,-5.47390266e+00,1.00000806e-09
6,1.50778653e-01,4.77788721e-09,99,0,1,1,normal_corr_dominates,4.99972872e+01,1.00000000e+00,2.50000041e+07,4.06867622e+00,7.97822089e-02,3.98889401e+00,1.00002864e-09
6,1.50778653e-01,4.77788721e-09,99,0,2,2,normal_corr_dominates,1.75042620e+01,1.00000000e+00,2.49999987e+07,-1.31674648e+00,7.97822089e-02,-1.39652869e+00,1.00002743e-09
6,1.50778653e-01,4.77788721e-09,99,1,0,3,normal_corr_dominates,7.09050031e+00,1.00000000e+00,2.49999979e+07,-2.10846826e+00,3.46189666e-01,-2.45465793e+00,1.00001509e-09
6,1.50778653e-01,4.77788721e-09,99,1,0,3,corr_ratio_high,1.03828819e+00,5.00000000e-01,2.49999979e+07,-2.10846826e+00,3.46189666e-01,-2.45465793e+00,1.00001509e-09
6,1.50778653e-01,4.77788721e-09,99,1,2,5,normal_corr_dominates,3.43191956e+00,1.00000000e+00,2.49999992e+07,-8.41905418e-01,3.46189666e-01,-1.18809508e+00,1.00002802e-09
6,1.50778653e-01,4.77788721e-09,99,2,0,6,normal_corr_dominates,1.40651157e+00,1.00000000e+00,2.49999982e+07,-1.81494650e+00,-7.54181497e-01,-1.06076501e+00,1.00002325e-09
6,1.50778653e-01,4.77788721e-09,99,2,1,7,normal_corr_dominates,2.54123203e+00,1.00000000e+00,2.50000012e+07,1.16236868e+00,-7.54181497e-01,1.91655017e+00,1.00002591e-09
6,1.50778653e-01,4.77788721e-09,99,3,0,9,normal_corr_dominates,8.38515159e+00,1.00000000e+00,2.50000023e+07,2.28174854e+00,2.43123248e-01,2.03862529e+00,1.00002561e-09
6,1.50778653e-01,4.77788721e-09,99,3,1,10,normal_corr_dominates,1.63761649e+01,1.00000000e+00,2.50000042e+07,4.22454964e+00,2.43123248e-01,3.98142639e+00,1.00002500e-09
6,1.50778653e-01,4.77788721e-09,99,3,2,11,normal_corr_dominates,1.07842218e+01,1.00000000e+00,2.49999976e+07,-2.37877179e+00,2.43123248e-01,-2.62189504e+00,1.00002343e-09
6,1.50778653e-01,4.77788721e-09,99,4,0,12,normal_corr_dominates,1.04178187e+01,1.00000000e+00,2.50000011e+07,1.09697012e+00,9.60752792e-02,1.00089484e+00,1.00002128e-09
6,1.50778653e-01,4.77788721e-09,99,4,1,13,normal_corr_dominates,7.25394742e+00,1.00000000e+00,2.49999994e+07,-6.00849744e-01,9.60752792e-02,-6.96925023e-01,1.00001518e-09
6,1.50778653e-01,4.77788721e-09,99,4,1,13,corr_ratio_high,5.40571102e-01,5.00000000e-01,2.49999994e+07,-6.00849744e-01,9.60752792e-02,-6.96925023e-01,1.00001518e-09
6,1.50778653e-01,4.77788721e-09,99,4,2,14,normal_corr_dominates,3.62137735e+01,1.00000000e+00,2.50000036e+07,3.57532368e+00,9.60752792e-02,3.47924840e+00,1.00002630e-09
6,1.50778653e-01,4.77788721e-09,99,5,0,15,normal_corr_dominates,1.41072496e+00,1.00000000e+00,2.50000003e+07,3.19557779e-01,-7.78033499e-01,1.09759128e+00,1.00000062e-09
6,1.50778653e-01,4.77788721e-09,99,5,0,15,corr_ratio_high,1.96027256e+00,5.00000000e-01,2.50000003e+07,3.19557779e-01,-7.78033499e-01,1.09759128e+00,1.00000062e-09
6,1.50778653e-01,4.77788721e-09,99,5,1,16,normal_corr_dominates,2.44662257e+00,1.00000000e+00,2.50000011e+07,1.12552082e+00,-7.78033499e-01,1.90355432e+00,1.00002898e-09
6,1.50778653e-01,4.77788721e-09,99,5,2,17,normal_corr_dominates,1.29586163e+00,1.00000000e+00,2.49999982e+07,-1.78625725e+00,-7.78033499e-01,-1.00822376e+00,1.00003219e-09
6,1.50778653e-01,4.77788721e-09,99,6,0,18,normal_corr_dominates,2.42470430e+00,1.00000000e+00,2.50000009e+07,9.14547616e-01,-6.41921004e-01,1.55646862e+00,1.00002411e-09
6,1.50778653e-01,4.77788721e-09,99,6,1,19,normal_corr_dominates,1.64840790e+00,1.00000000e+00,2.49999983e+07,-1.70006866e+00,-6.41921004e-01,-1.05814765e+00,1.00002771e-09
6,1.50778653e-01,4.77788721e-09,99,6,2,20,normal_corr_dominates,1.06533474e+00,1.00000000e+00,2.49999987e+07,-1.32578175e+00,-6.41921004e-01,-6.83860747e-01,1.00002824e-09
6,1.50778653e-01,4.77788721e-09,99,7,0,21,normal_corr_dominates,2.44196129e+00,1.00000000e+00,2.50000002e+07,2.26179084e-01,6.57122683e-02,1.60466816e-01,1.00001805e-09
6,1.50778653e-01,4.77788721e-09,99,7,1,22,normal_corr_dominates,1.44334068e+01,1.00000000e+00,2.50000010e+07,1.01416417e+00,6.57122683e-02,9.48451898e-01,1.00002015e-09
6,1.50778653e-01,4.77788721e-09,99,7,2,23,normal_corr_dominates,3.21586795e+01,1.00000000e+00,2.49999980e+07,-2.04750750e+00,6.57122683e-02,-2.11321977e+00,1.00002819e-09
6,1.50778653e-01,4.77788721e-09,99,8,1,25,normal_corr_dominates,3.55340191e+00,1.00000000e+00,2.49999980e+07,-2.04817993e+00,-4.49813123e-01,-1.59836681e+00,1.00002300e-09
6,1.50778653e-01,4.77788721e-09,99,8,2,26,normal_corr_dominates,8.78325565e+00,1.00000000e+00,2.50000035e+07,3.50101053e+00,-4.49813123e-01,3.95082366e+00,1.00002172e-09
6,1.50778653e-01,4.77788721e-09,99,9,0,27,normal_corr_dominates,1.32213182e+00,1.00000000e+00,2.49999980e+07,-2.00312864e+00,-8.62624861e-01,-1.14050378e+00,1.00002062e-09
6,1.50778653e-01,4.77788721e-09,99,9,2,29,normal_corr_dominates,1.01546776e+00,1.00000000e+00,2.49999983e+07,-1.73859260e+00,-8.62624861e-01,-8.75967738e-01,1.00001552e-09
6,1.50778653e-01,4.77788721e-09,99,10,0,30,normal_corr_dominates,2.00424666e+01,1.00000000e+00,2.50000016e+07,1.57969607e+00,-8.29564838e-02,1.66265256e+00,1.00002054e-09
6,1.50778653e-01,4.77788721e-09,99,10,1,31,normal_corr_dominates,3.49225727e+01,1.00000000e+00,2.49999970e+07,-2.98001032e+00,-8.29564838e-02,-2.89705384e+00,1.00001152e-09
6,1.50778653e-01,4.77788721e-09,99,10,1,31,corr_ratio_high,1.19911248e+00,5.00000000e-01,2.49999970e+07,-2.98001032e+00,-8.29564838e-02,-2.89705384e+00,1.00001152e-09
6,1.50778653e-01,4.77788721e-09,99,10,2,32,normal_corr_dominates,2.94584391e+01,1.00000000e+00,2.49999975e+07,-2.52672501e+00,-8.29564838e-02,-2.44376853e+00,1.00003133e-09
6,1.50778653e-01,4.77788721e-09,99,11,0,33,normal_corr_dominates,9.45624030e+00,1.00000000e+00,2.50000032e+07,3.22162358e+00,-3.80975879e-01,3.60259946e+00,1.00002553e-09
6,1.50778653e-01,4.77788721e-09,99,11,1,34,normal_corr_dominates,9.92912999e+00,1.00000000e+00,2.49999958e+07,-4.16373491e+00,-3.80975879e-01,-3.78275903e+00,1.00002147e-09
6,1.50778653e-01,4.77788721e-09,99,11,2,35,normal_corr_dominates,7.41445639e+00,1.00000000e+00,2.49999968e+07,-3.20570492e+00,-3.80975879e-01,-2.82472904e+00,1.00002445e-09
6,1.50778653e-01,4.77788721e-09,99,12,0,36,normal_corr_dominates,1.04881850e+00,1.00000000e+00,2.50000000e+07,-3.58154060e-02,7.33644119e-01,-7.69459525e-01,1.00000783e-09
6,1.50778653e-01,4.77788721e-09,99,12,0,36,corr_ratio_high,1.48689369e+00,5.00000000e-01,2.50000000e+07,-3.58154060e-02,7.33644119e-01,-7.69459525e-01,1.00000783e-09
6,1.50778653e-01,4.77788721e-09,99,12,1,37,normal_corr_dominates,5.74673034e+00,1.00000000e+00,2.49999965e+07,-3.48241080e+00,7.33644119e-01,-4.21605491e+00,1.00002053e-09
6,1.50778653e-01,4.77788721e-09,99,12,2,38,normal_corr_dominates,5.52071385e+00,1.00000000e+00,2.50000048e+07,4.78388336e+00,7.33644119e-01,4.05023924e+00,1.00003160e-09
6,1.50778653e-01,4.77788721e-09,99,13,0,39,normal_corr_dominates,8.04730971e+00,1.00000000e+00,2.49999966e+07,-3.37287675e+00,-3.72804387e-01,-3.00007236e+00,1.00002567e-09
6,1.50778653e-01,4.77788721e-09,99,13,1,40,normal_corr_dominates,6.18829495e+00,1.00000000e+00,2.50000019e+07,1.93421912e+00,-3.72804387e-01,2.30702351e+00,1.00002152e-09
6,1.50778653e-01,4.77788721e-09,99,13,2,41,normal_corr_dominates,4.38964538e+00,1.00000000e+00,2.49999980e+07,-2.00928344e+00,-3.72804387e-01,-1.63647905e+00,1.00002551e-09
6,1.50778653e-01,4.77788721e-09,99,14,0,42,normal_corr_dominates,2.91075604e+00,1.00000000e+00,2.49999987e+07,-1.29788764e+00,6.79253456e-01,-1.97714110e+00,1.00001624e-09
6,1.50778653e-01,4.77788721e-09,99,14,1,43,normal_corr_dominates,1.46998916e+00,1.00000000e+00,2.50000017e+07,1.67774867e+00,6.79253456e-01,9.98495219e-01,1.00000794e-09
6,1.50778653e-01,4.77788721e-09,99,14,1,43,corr_ratio_high,1.30595068e+00,5.00000000e-01,2.50000017e+07,1.67774867e+00,6.79253456e-01,9.98495219e-01,1.00000794e-09
6,1.50778653e-01,4.77788721e-09,99,14,2,44,normal_corr_dominates,4.23104614e+00,1.00000000e+00,2.49999978e+07,-2.19469925e+00,6.79253456e-01,-2.87395271e+00,1.00003602e-09
6,1.50778653e-01,4.77788721e-09,99,14,2,44,corr_ratio_high,5.16542998e-01,5.00000000e-01,2.49999978e+07,-2.19469925e+00,6.79253456e-01,-2.87395271e+00,1.00003602e-09
7,1.79553469e-01,5.68970609e-09,99,0,0,0,normal_corr_dominates,6.80984268e+01,1.00000000e+00,2.49999936e+07,-6.38685978e+00,9.51864311e-02,-6.48204621e+00,1.00000954e-09
7,1.79553469e-01,5.68970609e-09,99,0,0,0,corr_ratio_high,1.32842320e+00,5.00000000e-01,2.49999936e+07,-6.38685978e+00,9.51864311e-02,-6.48204621e+00,1.00000954e-09
7,1.79553469e-01,5.68970609e-09,99,0,1,1,normal_corr_dominates,4.96078584e+01,1.00000000e+00,2.50000048e+07,4.81718143e+00,9.51864311e-02,4.72199499e+00,1.00003390e-09
7,1.79553469e-01,5.68970609e-09,99,0,2,2,normal_corr_dominates,1.73625289e+01,1.00000000e+00,2.49999984e+07,-1.55749073e+00,9.51864311e-02,-1.65267716e+00,1.00003247e-09
7,1.79553469e-01,5.68970609e-09,99,1,0,3,normal_corr_dominates,7.07877994e+00,1.00000000e+00,2.49999975e+07,-2.49703101e+00,4.10778319e-01,-2.90780933e+00,1.00001786e-09
7,1.79553469e-01,5.68970609e-09,99,1,0,3,corr_ratio_high,1.03867177e+00,5.00000000e-01,2.49999975e+07,-2.49703101e+00,4.10778319e-01,-2.90780933e+00,1.00001786e-09
7,1.79553469e-01,5.68970609e-09,99,1,2,5,normal_corr_dominates,3.41955682e+00,1.00000000e+00,2.49999990e+07,-9.93901484e-01,4.10778319e-01,-1.40467980e+00,1.00003317e-09
7,1.79553469e-01,5.68970609e-09,99,2,0,6,normal_corr_dominates,1.40761888e+00,1.00000000e+00,2.49999979e+07,-2.14962513e+00,-8.92842780e-01,-1.25678235e+00,1.00002753e-09
7,1.79553469e-01,5.68970609e-09,99,2,1,7,normal_corr_dominates,2.54061471e+00,1.00000000e+00,2.50000014e+07,1.37552672e+00,-8.92842780e-01,2.26836950e+00,1.00003067e-09
7,1.79553469e-01,5.68970609e-09,99,3,0,9,normal_corr_dominates,8.35806274e+00,1.00000000e+00,2.50000027e+07,2.70153233e+00,2.88684998e-01,2.41284733e+00,1.00003031e-09
7,1.79553469e-01,5.68970609e-09,99,3,1,10,normal_corr_dominates,1.63387298e+01,1.00000000e+00,2.50000050e+07,5.00543119e+00,2.88684998e-01,4.71674619e+00,1.00002959e-09
7,1.79553469e-01,5.68970609e-09,99,3,2,11,normal_corr_dominates,1.07555739e+01,1.00000000e+00,2.49999972e+07,-2.81628782e+00,2.88684998e-01,-3.10497282e+00,1.00002774e-09
7,1.79553469e-01,5.68970609e-09,99,4,0,12,normal_corr_dominates,1.03901342e+01,1.00000000e+00,2.50000013e+07,1.29810733e+00,1.13967694e-01,1.18413963e+00,1.00002519e-09
7,1.79553469e-01,5.68970609e-09,99,4,1,13,normal_corr_dominates,7.24673808e+00,1.00000000e+00,2.49999993e+07,-7.11926332e-01,1.13967694e-01,-8.25894026e-01,1.00001798e-09
7,1.79553469e-01,5.68970609e-09,99,4,1,13,corr_ratio_high,5.40145529e-01,5.00000000e-01,2.49999993e+07,-7.11926332e-01,1.13967694e-01,-8.25894026e-01,1.00001798e-09
7,1.79553469e-01,5.68970609e-09,99,4,2,14,normal_corr_dominates,3.61578113e+01,1.00000000e+00,2.50000042e+07,4.23479005e+00,1.13967694e-01,4.12082236e+00,1.00003113e-09
7,1.79553469e-01,5.68970609e-09,99,5,0,15,normal_corr_dominates,1.41156234e+00,1.00000000e+00,2.50000004e+07,3.78901489e-01,-9.20641783e-01,1.29954327e+00,1.00000074e-09
7,1.79553469e-01,5.68970609e-09,99,5,0,15,corr_ratio_high,1.95959274e+00,5.00000000e-01,2.50000004e+07,3.78901489e-01,-9.20641783e-01,1.29954327e+00,1.00000074e-09
7,1.79553469e-01,5.68970609e-09,99,5,1,16,normal_corr_dominates,2.44823645e+00,1.00000000e+00,2.50000013e+07,1.33330699e+00,-9.20641783e-01,2.25394877e+00,1.00003431e-09
7,1.79553469e-01,5.68970609e-09,99,5,2,17,normal_corr_dominates,1.29498787e+00,1.00000000e+00,2.49999979e+07,-2.11286172e+00,-9.20641783e-01,-1.19221994e+00,1.00003810e-09
7,1.79553469e-01,5.68970609e-09,99,6,0,18,normal_corr_dominates,2.42484442e+00,1.00000000e+00,2.50000011e+07,1.08270999e+00,-7.59879445e-01,1.84258944e+00,1.00002854e-09
7,1.79553469e-01,5.68970609e-09,99,6,1,19,normal_corr_dominates,1.64752532e+00,1.00000000e+00,2.49999980e+07,-2.01180007e+00,-7.59879445e-01,-1.25192063e+00,1.00003280e-09
7,1.79553469e-01,5.68970609e-09,99,6,2,20,normal_corr_dominates,1.06315590e+00,1.00000000e+00,2.49999984e+07,-1.56774976e+00,-7.59879445e-01,-8.07870318e-01,1.00003342e-09
7,1.79553469e-01,5.68970609e-09,99,7,0,21,normal_corr_dominates,2.41815358e+00,1.00000000e+00,2.50000003e+07,2.68532443e-01,7.85606721e-02,1.89971771e-01,1.00002136e-09
7,1.79553469e-01,5.68970609e-09,99,7,1,22,normal_corr_dominates,1.42867810e+01,1.00000000e+00,2.50000012e+07,1.20093979e+00,7.85606721e-02,1.12237912e+00,1.00002386e-09
7,1.79553469e-01,5.68970609e-09,99,7,2,23,normal_corr_dominates,3.18327705e+01,1.00000000e+00,2.49999976e+07,-2.42224317e+00,7.85606721e-02,-2.50080384e+00,1.00003336e-09
7,1.79553469e-01,5.68970609e-09,99,8,1,25,normal_corr_dominates,3.55465512e+00,1.00000000e+00,2.49999976e+07,-2.42473097e+00,-5.32363243e-01,-1.89236773e+00,1.00002723e-09
7,1.79553469e-01,5.68970609e-09,99,8,2,26,normal_corr_dominates,8.78867824e+00,1.00000000e+00,2.50000041e+07,4.14640601e+00,-5.32363243e-01,4.67876925e+00,1.00002571e-09
7,1.79553469e-01,5.68970609e-09,99,9,0,27,normal_corr_dominates,1.32306032e+00,1.00000000e+00,2.49999976e+07,-2.37094767e+00,-1.02061390e+00,-1.35033376e+00,1.00002440e-09
7,1.79553469e-01,5.68970609e-09,99,9,2,29,normal_corr_dominates,1.01618049e+00,1.00000000e+00,2.49999979e+07,-2.05774184e+00,-1.02061390e+00,-1.03712793e+00,1.00001838e-09
7,1.79553469e-01,5.68970609e-09,99,10,0,30,normal_corr_dominates,2.02866922e+01,1.00000000e+00,2.50000019e+07,1.87088132e+00,-9.70037423e-02,1.96788507e+00,1.00002431e-09
7,1.79553469e-01,5.68970609e-09,99,10,1,31,normal_corr_dominates,3.53647978e+01,1.00000000e+00,2.49999965e+07,-3.52752147e+00,-9.70037423e-02,-3.43051773e+00,1.00001364e-09
7,1.79553469e-01,5.68970609e-09,99,10,1,31,corr_ratio_high,1.19817790e+00,5.00000000e-01,2.49999965e+07,-3.52752147e+00,-9.70037423e-02,-3.43051773e+00,1.00001364e-09
7,1.79553469e-01,5.68970609e-09,99,10,2,32,normal_corr_dominates,2.98132285e+01,1.00000000e+00,2.49999970e+07,-2.98899848e+00,-9.70037423e-02,-2.89199473e+00,1.00003709e-09
7,1.79553469e-01,5.68970609e-09,99,11,0,33,normal_corr_dominates,9.47505866e+00,1.00000000e+00,2.50000038e+07,3.81790046e+00,-4.50486611e-01,4.26838707e+00,1.00003022e-09
7,1.79553469e-01,5.68970609e-09,99,11,1,34,normal_corr_dominates,9.94317517e+00,1.00000000e+00,2.49999951e+07,-4.92975390e+00,-4.50486611e-01,-4.47926729e+00,1.00002542e-09
7,1.79553469e-01,5.68970609e-09,99,11,2,35,normal_corr_dominates,7.42625151e+00,1.00000000e+00,2.49999962e+07,-3.79591349e+00,-4.50486611e-01,-3.34542688e+00,1.00002894e-09
7,1.79553469e-01,5.68970609e-09,99,12,0,36,normal_corr_dominates,1.04858715e+00,1.00000000e+00,2.50000000e+07,-4.22168646e-02,8.68889545e-01,-9.11106409e-01,1.00000927e-09
7,1.79553469e-01,5.68970609e-09,99,12,0,36,corr_ratio_high,1.48675070e+00,5.00000000e-01,2.50000000e+07,-4.22168646e-02,8.68889545e-01,-9.11106409e-01,1.00000927e-09
7,1.79553469e-01,5.68970609e-09,99,12,1,37,normal_corr_dominates,5.74602771e+00,1.00000000e+00,2.49999959e+07,-4.12377385e+00,8.68889545e-01,-4.99266340e+00,1.00002431e-09
7,1.79553469e-01,5.68970609e-09,99,12,2,38,normal_corr_dominates,5.52007904e+00,1.00000000e+00,2.50000057e+07,5.66522851e+00,8.68889545e-01,4.79633896e+00,1.00003741e-09
7,1.79553469e-01,5.68970609e-09,99,13,0,39,normal_corr_dominates,8.05702996e+00,1.00000000e+00,2.49999960e+07,-3.99307663e+00,-4.40881464e-01,-3.55219516e+00,1.00003039e-09
7,1.79553469e-01,5.68970609e-09,99,13,1,40,normal_corr_dominates,6.19597045e+00,1.00000000e+00,2.50000023e+07,2.29080706e+00,-4.40881464e-01,2.73168852e+00,1.00002548e-09
7,1.79553469e-01,5.68970609e-09,99,13,2,41,normal_corr_dominates,4.39428911e+00,1.00000000e+00,2.49999976e+07,-2.37824208e+00,-4.40881464e-01,-1.93736061e+00,1.00003020e-09
7,1.79553469e-01,5.68970609e-09,99,14,0,42,normal_corr_dominates,2.91121358e+00,1.00000000e+00,2.49999985e+07,-1.53700838e+00,8.04205451e-01,-2.34121383e+00,1.00001922e-09
7,1.79553469e-01,5.68970609e-09,99,14,1,43,normal_corr_dominates,1.47002980e+00,1.00000000e+00,2.50000020e+07,1.98641143e+00,8.04205451e-01,1.18220598e+00,1.00000940e-09
7,1.79553469e-01,5.68970609e-09,99,14,1,43,corr_ratio_high,1.30555130e+00,5.00000000e-01,2.50000020e+07,1.98641143e+00,8.04205451e-01,1.18220598e+00,1.00000940e-09
7,1.79553469e-01,5.68970609e-09,99,14,2,44,normal_corr_dominates,4.22945585e+00,1.00000000e+00,2.49999974e+07,-2.59714600e+00,8.04205451e-01,-3.40135145e+00,1.00004263e-09
7,1.79553469e-01,5.68970609e-09,99,14,2,44,corr_ratio_high,5.16524546e-01,5.00000000e-01,2.49999974e+07,-2.59714600e+00,8.04205451e-01,-3.40135145e+00,1.00004263e-09
8,2.09311790e-01,6.63269037e-09,99,0,0,0,normal_corr_dominates,6.76427712e+01,1.00000000e+00,2.49999926e+07,-7.40495656e+00,1.11114175e-01,-7.51607074e+00,1.00001105e-09
8,2.09311790e-01,6.63269037e-09,99,0,0,0,corr_ratio_high,1.32834061e+00,5.00000000e-01,2.49999926e+07,-7.40495656e+00,1.11114175e-01,-7.51607074e+00,1.00001105e-09
8,2.09311790e-01,6.63269037e-09,99,0,1,1,normal_corr_dominates,4.92585154e+01,1.00000000e+00,2.50000056e+07,5.58443350e+00,1.11114175e-01,5.47331932e+00,1.00003929e-09
8,2.09311790e-01,6.63269037e-09,99,0,2,2,normal_corr_dominates,1.72335217e+01,1.00000000e+00,2.49999982e+07,-1.80377438e+00,1.11114175e-01,-1.91488855e+00,1.00003765e-09
8,2.09311790e-01,6.63269037e-09,99,1,0,3,normal_corr_dominates,7.06890580e+00,1.00000000e+00,2.49999971e+07,-2.89581069e+00,4.77155321e-01,-3.37296602e+00,1.00002070e-09
8,2.09311790e-01,6.63269037e-09,99,1,0,3,corr_ratio_high,1.03902491e+00,5.00000000e-01,2.49999971e+07,-2.89581069e+00,4.77155321e-01,-3.37296602e+00,1.00002070e-09
8,2.09311790e-01,6.63269037e-09,99,1,2,5,normal_corr_dominates,3.40813986e+00,1.00000000e+00,2.49999989e+07,-1.14905675e+00,4.77155321e-01,-1.62621207e+00,1.00003844e-09
8,2.09311790e-01,6.63269037e-09,99,2,0,6,normal_corr_dominates,1.40861793e+00,1.00000000e+00,2.49999975e+07,-2.49297558e+00,-1.03502326e+00,-1.45795232e+00,1.00003191e-09
8,2.09311790e-01,6.63269037e-09,99,2,1,7,normal_corr_dominates,2.53988699e+00,1.00000000e+00,2.50000016e+07,1.59381885e+00,-1.03502326e+00,2.62884211e+00,1.00003556e-09
8,2.09311790e-01,6.63269037e-09,99,3,0,9,normal_corr_dominates,8.33310629e+00,1.00000000e+00,2.50000031e+07,3.13177702e+00,3.35555701e-01,2.79622132e+00,1.00003513e-09
8,2.09311790e-01,6.63269037e-09,99,3,1,10,normal_corr_dominates,1.63046126e+01,1.00000000e+00,2.50000058e+07,5.80666140e+00,3.35555701e-01,5.47110570e+00,1.00003429e-09
8,2.09311790e-01,6.63269037e-09,99,3,2,11,normal_corr_dominates,1.07291348e+01,1.00000000e+00,2.49999967e+07,-3.26466665e+00,3.35555701e-01,-3.60022235e+00,1.00003216e-09
8,2.09311790e-01,6.63269037e-09,99,4,0,12,normal_corr_dominates,1.03682817e+01,1.00000000e+00,2.50000015e+07,1.50404081e+00,1.32301508e-01,1.37173930e+00,1.00002920e-09
8,2.09311790e-01,6.63269037e-09,99,4,1,13,normal_corr_dominates,7.24290388e+00,1.00000000e+00,2.49999992e+07,-8.25945596e-01,1.32301508e-01,-9.58247104e-01,1.00002085e-09
8,2.09311790e-01,6.63269037e-09,99,4,1,13,corr_ratio_high,5.39731865e-01,5.00000000e-01,2.49999992e+07,-8.25945596e-01,1.32301508e-01,-9.58247104e-01,1.00002085e-09
8,2.09311790e-01,6.63269037e-09,99,4,2,14,normal_corr_dominates,3.61208433e+01,1.00000000e+00,2.50000049e+07,4.91114354e+00,1.32301508e-01,4.77884203e+00,1.00003609e-09
8,2.09311790e-01,6.63269037e-09,99,5,0,15,normal_corr_dominates,1.41231773e+00,1.00000000e+00,2.50000004e+07,4.39845788e-01,-1.06676419e+00,1.50660998e+00,1.00000086e-09
8,2.09311790e-01,6.63269037e-09,99,5,0,15,corr_ratio_high,1.95893925e+00,5.00000000e-01,2.50000004e+07,4.39845788e-01,-1.06676419e+00,1.50660998e+00,1.00000086e-09
8,2.09311790e-01,6.63269037e-09,99,5,1,16,normal_corr_dominates,2.44959665e+00,1.00000000e+00,2.50000015e+07,1.54637780e+00,-1.06676419e+00,2.61314199e+00,1.00003977e-09
8,2.09311790e-01,6.63269037e-09,99,5,2,17,normal_corr_dominates,1.29408012e+00,1.00000000e+00,2.49999976e+07,-2.44724253e+00,-1.06676419e+00,-1.38047833e+00,1.00004416e-09
8,2.09311790e-01,6.63269037e-09,99,6,0,18,normal_corr_dominates,2.42481603e+00,1.00000000e+00,2.50000013e+07,1.25498511e+00,-8.80805023e-01,2.13579014e+00,1.00003309e-09
8,2.09311790e-01,6.63269037e-09,99,6,1,19,normal_corr_dominates,1.64644465e+00,1.00000000e+00,2.49999977e+07,-2.33100175e+00,-8.80805023e-01,-1.45019672e+00,1.00003802e-09
8,2.09311790e-01,6.63269037e-09,99,6,2,20,normal_corr_dominates,1.06102158e+00,1.00000000e+00,2.49999982e+07,-1.81535816e+00,-8.80805023e-01,-9.34553138e-01,1.00003874e-09
8,2.09311790e-01,6.63269037e-09,99,7,0,21,normal_corr_dominates,2.39582853e+00,1.00000000e+00,2.50000003e+07,3.11902393e-01,9.18486873e-02,2.20053705e-01,1.00002475e-09
8,2.09311790e-01,6.63269037e-09,99,7,1,22,normal_corr_dominates,1.41604942e+01,1.00000000e+00,2.50000014e+07,1.39247149e+00,9.18486873e-02,1.30062280e+00,1.00002766e-09
8,2.09311790e-01,6.63269037e-09,99,7,2,23,normal_corr_dominates,3.15500734e+01,1.00000000e+00,2.49999972e+07,-2.80598414e+00,9.18486873e-02,-2.89783283e+00,1.00003867e-09
8,2.09311790e-01,6.63269037e-09,99,8,1,25,normal_corr_dominates,3.55551635e+00,1.00000000e+00,2.49999972e+07,-2.81063090e+00,-6.16973070e-01,-2.19365783e+00,1.00003156e-09
8,2.09311790e-01,6.63269037e-09,99,8,2,26,normal_corr_dominates,8.79332302e+00,1.00000000e+00,2.50000048e+07,4.80827043e+00,-6.16973070e-01,5.42524350e+00,1.00002980e-09
8,2.09311790e-01,6.63269037e-09,99,9,0,27,normal_corr_dominates,1.32394223e+00,1.00000000e+00,2.49999973e+07,-2.74794218e+00,-1.18244858e+00,-1.56549361e+00,1.00002829e-09
8,2.09311790e-01,6.63269037e-09,99,9,2,29,normal_corr_dominates,1.01675173e+00,1.00000000e+00,2.49999976e+07,-2.38470521e+00,-1.18244858e+00,-1.20225663e+00,1.00002131e-09
8,2.09311790e-01,6.63269037e-09,99,10,0,30,normal_corr_dominates,2.05172265e+01,1.00000000e+00,2.50000022e+07,2.16954784e+00,-1.11160663e-01,2.28070851e+00,1.00002818e-09
8,2.09311790e-01,6.63269037e-09,99,10,1,31,normal_corr_dominates,3.57807141e+01,1.00000000e+00,2.49999959e+07,-4.08856857e+00,-1.11160663e-01,-3.97740790e+00,1.00001582e-09
8,2.09311790e-01,6.63269037e-09,99,10,1,31,corr_ratio_high,1.19727107e+00,5.00000000e-01,2.49999959e+07,-4.08856857e+00,-1.11160663e-01,-3.97740790e+00,1.00001582e-09
8,2.09311790e-01,6.63269037e-09,99,10,2,32,normal_corr_dominates,3.01468227e+01,1.00000000e+00,2.49999965e+07,-3.46230146e+00,-1.11160663e-01,-3.35114080e+00,1.00004298e-09
8,2.09311790e-01,6.63269037e-09,99,11,0,33,normal_corr_dominates,9.49193352e+00,1.00000000e+00,2.50000044e+07,4.42982767e+00,-5.21651243e-01,4.95147892e+00,1.00003503e-09
8,2.09311790e-01,6.63269037e-09,99,11,1,34,normal_corr_dominates,9.95540931e+00,1.00000000e+00,2.49999943e+07,-5.71490288e+00,-5.21651243e-01,-5.19325164e+00,1.00002947e-09
8,2.09311790e-01,6.63269037e-09,99,11,2,35,normal_corr_dominates,7.43662780e+00,1.00000000e+00,2.49999956e+07,-4.40097737e+00,-5.21651243e-01,-3.87932613e+00,1.00003355e-09
8,2.09311790e-01,6.63269037e-09,99,12,0,36,normal_corr_dominates,1.04839920e+00,1.00000000e+00,2.50000000e+07,-4.87639976e-02,1.00753716e+00,-1.05630116e+00,1.00001075e-09
8,2.09311790e-01,6.63269037e-09,99,12,0,36,corr_ratio_high,1.48659076e+00,5.00000000e-01,2.50000000e+07,-4.87639976e-02,1.00753716e+00,-1.05630116e+00,1.00001075e-09
8,2.09311790e-01,6.63269037e-09,99,12,1,37,normal_corr_dominates,5.74563418e+00,1.00000000e+00,2.49999952e+07,-4.78140279e+00,1.00753716e+00,-5.78893995e+00,1.00002819e-09
8,2.09311790e-01,6.63269037e-09,99,12,2,38,normal_corr_dominates,5.51975773e+00,1.00000000e+00,2.50000066e+07,6.56889819e+00,1.00753716e+00,5.56136103e+00,1.00004336e-09
8,2.09311790e-01,6.63269037e-09,99,13,0,39,normal_corr_dominates,8.06530071e+00,1.00000000e+00,2.49999954e+07,-4.62872471e+00,-5.10598033e-01,-4.11812668e+00,1.00003523e-09
8,2.09311790e-01,6.63269037e-09,99,13,1,40,normal_corr_dominates,6.20259022e+00,1.00000000e+00,2.50000027e+07,2.65643233e+00,-5.10598033e-01,3.16703037e+00,1.00002954e-09
8,2.09311790e-01,6.63269037e-09,99,13,2,41,normal_corr_dominates,4.39802947e+00,1.00000000e+00,2.49999972e+07,-2.75622323e+00,-5.10598033e-01,-2.24562520e+00,1.00003501e-09
8,2.09311790e-01,6.63269037e-09,99,14,0,42,normal_corr_dominates,2.91171263e+00,1.00000000e+00,2.49999982e+07,-1.78220367e+00,9.32255005e-01,-2.71445868e+00,1.00002228e-09
8,2.09311790e-01,6.63269037e-09,99,14,1,43,normal_corr_dominates,1.47016994e+00,1.00000000e+00,2.50000023e+07,2.30282829e+00,9.32255005e-01,1.37057328e+00,1.00001089e-09
8,2.09311790e-01,6.63269037e-09,99,14,1,43,corr_ratio_high,1.30514070e+00,5.00000000e-01,2.50000023e+07,2.30282829e+00,9.32255005e-01,1.37057328e+00,1.00001089e-09
8,2.09311790e-01,6.63269037e-09,99,14,2,44,normal_corr_dominates,4.22812979e+00,1.00000000e+00,2.49999970e+07,-3.00944016e+00,9.32255005e-01,-3.94169516e+00,1.00004940e-09
8,2.09311790e-01,6.63269037e-09,99,14,2,44,corr_ratio_high,5.16504220e-01,5.00000000e-01,2.49999970e+07,-3.00944016e+00,9.32255005e-01,-3.94169516e+00,1.00004940e-09
9,2.39001425e-01,7.57349813e-09,99,0,0,0,normal_corr_dominates,6.72501371e+01,1.00000000e+00,2.49999916e+07,-8.41288317e+00,1.26986653e-01,-8.53986982e+00,1.00001255e-09
9,2.39001425e-01,7.57349813e-09,99,0,0,0,corr_ratio_high,1.32825562e+00,5.00000000e-01,2.49999916e+07,-8.41288317e+00,1.26986653e-01,-8.53986982e+00,1.00001255e-09
9,2.39001425e-01,7.57349813e-09,99,0,1,1,normal_corr_dominates,4.89548005e+01,1.00000000e+00,2.50000063e+07,6.34359291e+00,1.26986653e-01,6.21660626e+00,1.00004463e-09
9,2.39001425e-01,7.57349813e-09,99,0,2,2,normal_corr_dominates,1.71196901e+01,1.00000000e+00,2.49999980e+07,-2.04698549e+00,1.26986653e-01,-2.17397214e+00,1.00004277e-09
9,2.39001425e-01,7.57349813e-09,99,1,0,3,normal_corr_dominates,7.06091075e+00,1.00000000e+00,2.49999967e+07,-3.29091830e+00,5.42974223e-01,-3.83389253e+00,1.00002350e-09
9,2.39001425e-01,7.57349813e-09,99,1,0,3,corr_ratio_high,1.03934175e+00,5.00000000e-01,2.49999967e+07,-3.29091830e+00,5.42974223e-01,-3.83389253e+00,1.00002350e-09
9,2.39001425e-01,7.57349813e-09,99,1,2,5,normal_corr_dominates,3.39789289e+00,1.00000000e+00,2.49999987e+07,-1.30199403e+00,5.42974223e-01,-1.84496825e+00,1.00004366e-09
9,2.39001425e-01,7.57349813e-09,99,2,0,6,normal_corr_dominates,1.40949039e+00,1.00000000e+00,2.49999972e+07,-2.83300332e+00,-1.17576868e+00,-1.65723465e+00,1.00003625e-09
9,2.39001425e-01,7.57349813e-09,99,2,1,7,normal_corr_dominates,2.53908911e+00,1.00000000e+00,2.50000018e+07,1.80961277e+00,-1.17576868e+00,2.98538145e+00,1.00004039e-09
9,2.39001425e-01,7.57349813e-09,99,3,0,9,normal_corr_dominates,8.31078674e+00,1.00000000e+00,2.50000036e+07,3.55741852e+00,3.82074966e-01,3.17534356e+00,1.00003990e-09
9,2.39001425e-01,7.57349813e-09,99,3,1,10,normal_corr_dominates,1.62744953e+01,1.00000000e+00,2.50000066e+07,6.60015219e+00,3.82074966e-01,6.21807722e+00,1.00003895e-09
9,2.39001425e-01,7.57349813e-09,99,3,2,11,normal_corr_dominates,1.07054809e+01,1.00000000e+00,2.49999963e+07,-3.70822129e+00,3.82074966e-01,-4.09029626e+00,1.00003653e-09
9,2.39001425e-01,7.57349813e-09,99,4,0,12,normal_corr_dominates,1.03520731e+01,1.00000000e+00,2.50000017e+07,1.70756192e+00,1.50418509e-01,1.55714341e+00,1.00003317e-09
9,2.39001425e-01,7.57349813e-09,99,4,1,13,normal_corr_dominates,7.24212350e+00,1.00000000e+00,2.49999991e+07,-9.38930912e-01,1.50418509e-01,-1.08934942e+00,1.00002369e-09
9,2.39001425e-01,7.57349813e-09,99,4,1,13,corr_ratio_high,5.39341449e-01,5.00000000e-01,2.49999991e+07,-9.38930912e-01,1.50418509e-01,-1.08934942e+00,1.00002369e-09
9,2.39001425e-01,7.57349813e-09,99,4,2,14,normal_corr_dominates,3.61011765e+01,1.00000000e+00,2.50000056e+07,5.58070367e+00,1.50418509e-01,5.43028516e+00,1.00004098e-09
9,2.39001425e-01,7.57349813e-09,99,5,0,15,normal_corr_dominates,1.41298017e+00,1.00000000e+00,2.50000005e+07,5.00248668e-01,-1.21131403e+00,1.71156270e+00,1.00000097e-09
9,2.39001425e-01,7.57349813e-09,99,5,0,15,corr_ratio_high,1.95832897e+00,5.00000000e-01,2.50000005e+07,5.00248668e-01,-1.21131403e+00,1.71156270e+00,1.00000097e-09
9,2.39001425e-01,7.57349813e-09,99,5,1,16,normal_corr_dominates,2.45070037e+00,1.00000000e+00,2.50000018e+07,1.75725371e+00,-1.21131403e+00,2.96856774e+00,1.00004517e-09
9,2.39001425e-01,7.57349813e-09,99,5,2,17,normal_corr_dominates,1.29317469e+00,1.00000000e+00,2.49999972e+07,-2.77775468e+00,-1.21131403e+00,-1.56644065e+00,1.00005015e-09
9,2.39001425e-01,7.57349813e-09,99,6,0,18,normal_corr_dominates,2.42464167e+00,1.00000000e+00,2.50000014e+07,1.42533141e+00,-1.00048415e+00,2.42581557e+00,1.00003759e-09
9,2.39001425e-01,7.57349813e-09,99,6,1,19,normal_corr_dominates,1.64523372e+00,1.00000000e+00,2.49999974e+07,-2.64651441e+00,-1.00048415e+00,-1.64603026e+00,1.00004319e-09
9,2.39001425e-01,7.57349813e-09,99,6,2,20,normal_corr_dominates,1.05899134e+00,1.00000000e+00,2.49999979e+07,-2.05998820e+00,-1.00048415e+00,-1.05950405e+00,1.00004399e-09
9,2.39001425e-01,7.57349813e-09,99,7,0,21,normal_corr_dominates,2.37552003e+00,1.00000000e+00,2.50000004e+07,3.54716906e-01,1.05085114e-01,2.49631793e-01,1.00002811e-09
9,2.39001425e-01,7.57349813e-09,99,7,1,22,normal_corr_dominates,1.40550160e+01,1.00000000e+00,2.50000016e+07,1.58205807e+00,1.05085114e-01,1.47697296e+00,1.00003141e-09
9,2.39001425e-01,7.57349813e-09,99,7,2,23,normal_corr_dominates,3.13121627e+01,1.00000000e+00,2.49999968e+07,-3.18535706e+00,1.05085114e-01,-3.29044217e+00,1.00004392e-09
9,2.39001425e-01,7.57349813e-09,99,8,1,25,normal_corr_dominates,3.55600749e+00,1.00000000e+00,2.49999968e+07,-3.19238767e+00,-7.00698512e-01,-2.49168916e+00,1.00003585e-09
9,2.39001425e-01,7.57349813e-09,99,8,2,26,normal_corr_dominates,8.79713139e+00,1.00000000e+00,2.50000055e+07,5.46343837e+00,-7.00698512e-01,6.16413688e+00,1.00003385e-09
9,2.39001425e-01,7.57349813e-09,99,9,0,27,normal_corr_dominates,1.32475151e+00,1.00000000e+00,2.49999969e+07,-3.12096524e+00,-1.34249413e+00,-1.77847111e+00,1.00003213e-09
9,2.39001425e-01,7.57349813e-09,99,9,2,29,normal_corr_dominates,1.01718636e+00,1.00000000e+00,2.49999973e+07,-2.70806084e+00,-1.34249413e+00,-1.36556671e+00,1.00002421e-09
9,2.39001425e-01,7.57349813e-09,99,10,0,30,normal_corr_dominates,2.07280127e+01,1.00000000e+00,2.50000025e+07,2.46524631e+00,-1.24961715e-01,2.59020803e+00,1.00003201e-09
9,2.39001425e-01,7.57349813e-09,99,10,1,31,normal_corr_dominates,3.61597299e+01,1.00000000e+00,2.49999954e+07,-4.64354359e+00,-1.24961715e-01,-4.51858188e+00,1.00001797e-09
9,2.39001425e-01,7.57349813e-09,99,10,1,31,corr_ratio_high,1.19641570e+00,5.00000000e-01,2.49999954e+07,-4.64354359e+00,-1.24961715e-01,-4.51858188e+00,1.00001797e-09
9,2.39001425e-01,7.57349813e-09,99,10,2,32,normal_corr_dominates,3.04507142e+01,1.00000000e+00,2.49999961e+07,-3.93013519e+00,-1.24961715e-01,-3.80517348e+00,1.00004882e-09
9,2.39001425e-01,7.57349813e-09,99,11,0,33,normal_corr_dominates,9.50656886e+00,1.00000000e+00,2.50000050e+07,5.03592427e+00,-5.92004174e-01,5.62792844e+00,1.00003978e-09
9,2.39001425e-01,7.57349813e-09,99,11,1,34,normal_corr_dominates,9.96566261e+00,1.00000000e+00,2.49999935e+07,-6.49171804e+00,-5.92004174e-01,-5.89971386e+00,1.00003348e-09
9,2.39001425e-01,7.57349813e-09,99,11,2,35,normal_corr_dominates,7.44543343e+00,1.00000000e+00,2.49999950e+07,-4.99973184e+00,-5.92004174e-01,-4.40772767e+00,1.00003810e-09
9,2.39001425e-01,7.57349813e-09,99,12,0,36,normal_corr_dominates,1.04825479e+00,1.00000000e+00,2.49999999e+07,-5.52383342e-02,1.14472229e+00,-1.19996062e+00,1.00001221e-09
9,2.39001425e-01,7.57349813e-09,99,12,0,36,corr_ratio_high,1.48642226e+00,5.00000000e-01,2.49999999e+07,-5.52383342e-02,1.14472229e+00,-1.19996062e+00,1.00001221e-09
9,2.39001425e-01,7.57349813e-09,99,12,1,37,normal_corr_dominates,5.74552367e+00,1.00000000e+00,2.49999946e+07,-5.43230672e+00,1.14472229e+00,-6.57702901e+00,1.00003203e-09
9,2.39001425e-01,7.57349813e-09,99,12,2,38,normal_corr_dominates,5.51971723e+00,1.00000000e+00,2.50000075e+07,7.46326564e+00,1.14472229e+00,6.31854335e+00,1.00004924e-09
9,2.39001425e-01,7.57349813e-09,99,13,0,39,normal_corr_dominates,8.07206218e+00,1.00000000e+00,2.49999947e+07,-5.25759948e+00,-5.79537417e-01,-4.67806206e+00,1.00004001e-09
9,2.39001425e-01,7.57349813e-09,99,13,1,40,normal_corr_dominates,6.20809025e+00,1.00000000e+00,2.50000030e+07,3.01828317e+00,-5.79537417e-01,3.59782059e+00,1.00003355e-09
9,2.39001425e-01,7.57349813e-09,99,13,2,41,normal_corr_dominates,4.40088224e+00,1.00000000e+00,2.49999969e+07,-3.13001334e+00,-5.79537417e-01,-2.55047593e+00,1.00003976e-09
9,2.39001425e-01,7.57349813e-09,99,14,0,42,normal_corr_dominates,2.91223872e+00,1.00000000e+00,2.49999980e+07,-2.02489874e+00,1.05891525e+00,-3.08381399e+00,1.00002531e-09
9,2.39001425e-01,7.57349813e-09,99,14,1,43,normal_corr_dominates,1.47039235e+00,1.00000000e+00,2.50000026e+07,2.61593613e+00,1.05891525e+00,1.55702088e+00,1.00001238e-09
9,2.39001425e-01,7.57349813e-09,99,14,1,43,corr_ratio_high,1.30473478e+00,5.00000000e-01,2.50000026e+07,2.61593613e+00,1.05891525e+00,1.55702088e+00,1.00001238e-09
9,2.39001425e-01,7.57349813e-09,99,14,2,44,normal_corr_dominates,4.22708200e+00,1.00000000e+00,2.49999966e+07,-3.41720635e+00,1.05891525e+00,-4.47612160e+00,1.00005610e-09
9,2.39001425e-01,7.57349813e-09,99,14,2,44,corr_ratio_high,5.16482962e-01,5.00000000e-01,2.49999966e+07,-3.41720635e+00,1.05891525e+00,-4.47612160e+00,1.00005610e-09
10,2.68058914e-01,8.49427441e-09,99,0,0,0,normal_corr_dominates,6.69161604e+01,1.00000000e+00,2.49999906e+07,-9.39247016e+00,1.42491160e-01,-9.53496132e+00,1.00001400e-09
10,2.68058914e-01,8.49427441e-09,99,0,0,0,corr_ratio_high,1.32817078e+00,5.00000000e-01,2.49999906e+07,-9.39247016e+00,1.42491160e-01,-9.53496132e+00,1.00001400e-09
10,2.68058914e-01,8.49427441e-09,99,0,1,1,normal_corr_dominates,4.86940278e+01,1.00000000e+00,2.50000071e+07,7.08095967e+00,1.42491160e-01,6.93846851e+00,1.00004981e-09
10,2.68058914e-01,8.49427441e-09,99,0,2,2,normal_corr_dominates,1.70204964e+01,1.00000000e+00,2.49999977e+07,-2.28277912e+00,1.42491160e-01,-2.42527028e+00,1.00004774e-09
10,2.68058914e-01,8.49427441e-09,99,1,0,3,normal_corr_dominates,7.05456733e+00,1.00000000e+00,2.49999963e+07,-3.67522552e+00,6.07017036e-01,-4.28224255e+00,1.00002623e-09
10,2.68058914e-01,8.49427441e-09,99,1,0,3,corr_ratio_high,1.03962360e+00,5.00000000e-01,2.49999963e+07,-3.67522552e+00,6.07017036e-01,-4.28224255e+00,1.00002623e-09
10,2.68058914e-01,8.49427441e-09,99,1,2,5,normal_corr_dominates,3.38879231e+00,1.00000000e+00,2.49999985e+07,-1.45003763e+00,6.07017036e-01,-2.05705466e+00,1.00004873e-09
10,2.68058914e-01,8.49427441e-09,99,2,0,6,normal_corr_dominates,1.41024194e+00,1.00000000e+00,2.49999968e+07,-3.16356229e+00,-1.31254968e+00,-1.85101261e+00,1.00004047e-09
10,2.68058914e-01,8.49427441e-09,99,2,1,7,normal_corr_dominates,2.53825240e+00,1.00000000e+00,2.50000020e+07,2.01903269e+00,-1.31254968e+00,3.33158237e+00,1.00004508e-09
10,2.68058914e-01,8.49427441e-09,99,3,0,9,normal_corr_dominates,8.29105653e+00,1.00000000e+00,2.50000040e+07,3.97077055e+00,4.27375567e-01,3.54339499e+00,1.00004453e-09
10,2.68058914e-01,8.49427441e-09,99,3,1,10,normal_corr_dominates,1.62482604e+01,1.00000000e+00,2.50000074e+07,7.37148508e+00,4.27375567e-01,6.94410952e+00,1.00004347e-09
10,2.68058914e-01,8.49427441e-09,99,3,2,11,normal_corr_dominates,1.06845891e+01,1.00000000e+00,2.49999959e+07,-4.13895677e+00,4.27375567e-01,-4.56633234e+00,1.00004078e-09
10,2.68058914e-01,8.49427441e-09,99,4,0,12,normal_corr_dominates,1.03406866e+01,1.00000000e+00,2.50000019e+07,1.90501375e+00,1.67980459e-01,1.73703329e+00,1.00003702e-09
10,2.68058914e-01,8.49427441e-09,99,4,1,13,normal_corr_dominates,7.24383130e+00,1.00000000e+00,2.49999990e+07,-1.04884165e+00,1.67980459e-01,-1.21682211e+00,1.00002645e-09
10,2.68058914e-01,8.49427441e-09,99,4,1,13,corr_ratio_high,5.38977770e-01,5.00000000e-01,2.49999990e+07,-1.04884165e+00,1.67980459e-01,-1.21682211e+00,1.00002645e-09
10,2.68058914e-01,8.49427441e-09,99,4,2,14,normal_corr_dominates,3.60956653e+01,1.00000000e+00,2.50000062e+07,6.23134689e+00,1.67980459e-01,6.06336643e+00,1.00004574e-09
10,2.68058914e-01,8.49427441e-09,99,5,0,15,normal_corr_dominates,1.41355517e+00,1.00000000e+00,2.50000006e+07,5.59004485e-01,-1.35170475e+00,1.91070924e+00,1.00000109e-09
10,2.68058914e-01,8.49427441e-09,99,5,0,15,corr_ratio_high,1.95776602e+00,5.00000000e-01,2.50000006e+07,5.59004485e-01,-1.35170475e+00,1.91070924e+00,1.00000109e-09
10,2.68058914e-01,8.49427441e-09,99,5,1,16,normal_corr_dominates,2.45157879e+00,1.00000000e+00,2.50000020e+07,1.96210595e+00,-1.35170475e+00,3.31381070e+00,1.00005042e-09
10,2.68058914e-01,8.49427441e-09,99,5,2,17,normal_corr_dominates,1.29229139e+00,1.00000000e+00,2.49999969e+07,-3.09850116e+00,-1.35170475e+00,-1.74679641e+00,1.00005597e-09
10,2.68058914e-01,8.49427441e-09,99,6,0,18,normal_corr_dominates,2.42435240e+00,1.00000000e+00,2.50000016e+07,1.59067205e+00,-1.11676862e+00,2.70744067e+00,1.00004195e-09
10,2.68058914e-01,8.49427441e-09,99,6,1,19,normal_corr_dominates,1.64394851e+00,1.00000000e+00,2.49999970e+07,-2.95267872e+00,-1.11676862e+00,-1.83591010e+00,1.00004820e-09
10,2.68058914e-01,8.49427441e-09,99,6,2,20,normal_corr_dominates,1.05708497e+00,1.00000000e+00,2.49999977e+07,-2.29728794e+00,-1.11676862e+00,-1.18051932e+00,1.00004910e-09
10,2.68058914e-01,8.49427441e-09,99,7,0,21,normal_corr_dominates,2.35727363e+00,1.00000000e+00,2.50000004e+07,3.96171452e-01,1.18003921e-01,2.78167531e-01,1.00003138e-09
10,2.68058914e-01,8.49427441e-09,99,7,1,22,normal_corr_dominates,1.39678958e+01,1.00000000e+00,2.50000018e+07,1.76627039e+00,1.18003921e-01,1.64826647e+00,1.00003506e-09
10,2.68058914e-01,8.49427441e-09,99,7,2,23,normal_corr_dominates,3.11140841e+01,1.00000000e+00,2.49999964e+07,-3.55358000e+00,1.18003921e-01,-3.67158392e+00,1.00004902e-09
10,2.68058914e-01,8.49427441e-09,99,8,1,25,normal_corr_dominates,3.55618724e+00,1.00000000e+00,2.49999964e+07,-3.56312541e+00,-7.82041041e-01,-2.78108437e+00,1.00004001e-09
10,2.68058914e-01,8.49427441e-09,99,8,2,26,normal_corr_dominates,8.80017341e+00,1.00000000e+00,2.50000061e+07,6.10005574e+00,-7.82041041e-01,6.88209678e+00,1.00003778e-09
10,2.68058914e-01,8.49427441e-09,99,9,0,27,normal_corr_dominates,1.32548248e+00,1.00000000e+00,2.49999965e+07,-3.48331575e+00,-1.49788949e+00,-1.98542626e+00,1.00003586e-09
10,2.68058914e-01,8.49427441e-09,99,9,2,29,normal_corr_dominates,1.01750533e+00,1.00000000e+00,2.49999970e+07,-3.02200002e+00,-1.49788949e+00,-1.52411054e+00,1.00002703e-09
10,2.68058914e-01,8.49427441e-09,99,10,0,30,normal_corr_dominates,2.09181191e+01,1.00000000e+00,2.50000028e+07,2.75262396e+00,-1.38196983e-01,2.89082094e+00,1.00003573e-09
10,2.68058914e-01,8.49427441e-09,99,10,1,31,normal_corr_dominates,3.65005272e+01,1.00000000e+00,2.49999948e+07,-5.18245970e+00,-1.38196983e-01,-5.04426272e+00,1.00002006e-09
10,2.68058914e-01,8.49427441e-09,99,10,1,31,corr_ratio_high,1.19561871e+00,5.00000000e-01,2.49999948e+07,-5.18245970e+00,-1.38196983e-01,-5.04426272e+00,1.00002006e-09
10,2.68058914e-01,8.49427441e-09,99,10,2,32,normal_corr_dominates,3.07238483e+01,1.00000000e+00,2.49999956e+07,-4.38414012e+00,-1.38196983e-01,-4.24594313e+00,1.00005448e-09
10,2.68058914e-01,8.49427441e-09,99,11,0,33,normal_corr_dominates,9.51908290e+00,1.00000000e+00,2.50000056e+07,5.62514849e+00,-6.60299771e-01,6.28544826e+00,1.00004439e-09
10,2.68058914e-01,8.49427441e-09,99,11,1,34,normal_corr_dominates,9.97409170e+00,1.00000000e+00,2.49999928e+07,-7.24619024e+00,-6.60299771e-01,-6.58589047e+00,1.00003738e-09
10,2.68058914e-01,8.49427441e-09,99,11,2,35,normal_corr_dominates,7.45278318e+00,1.00000000e+00,2.49999944e+07,-5.58137080e+00,-6.60299771e-01,-4.92107103e+00,1.00004253e-09
10,2.68058914e-01,8.49427441e-09,99,12,0,36,normal_corr_dominates,1.04814836e+00,1.00000000e+00,2.49999999e+07,-6.15315896e-02,1.27795819e+00,-1.33948978e+00,1.00001362e-09
10,2.68058914e-01,8.49427441e-09,99,12,0,36,corr_ratio_high,1.48625113e+00,5.00000000e-01,2.49999999e+07,-6.15315896e-02,1.27795819e+00,-1.33948978e+00,1.00001362e-09
10,2.68058914e-01,8.49427441e-09,99,12,1,37,normal_corr_dominates,5.74564568e+00,1.00000000e+00,2.49999939e+07,-6.06473677e+00,1.27795819e+00,-7.34269496e+00,1.00003576e-09
10,2.68058914e-01,8.49427441e-09,99,12,2,38,normal_corr_dominates,5.51990320e+00,1.00000000e+00,2.50000083e+07,8.33216369e+00,1.27795819e+00,7.05420550e+00,1.00005496e-09
10,2.68058914e-01,8.49427441e-09,99,13,0,39,normal_corr_dominates,8.07747259e+00,1.00000000e+00,2.49999941e+07,-5.86837149e+00,-6.46476366e-01,-5.22189513e+00,1.00004466e-09
10,2.68058914e-01,8.49427441e-09,99,13,1,40,normal_corr_dominates,6.21257646e+00,1.00000000e+00,2.50000034e+07,3.36980748e+00,-6.46476366e-01,4.01628385e+00,1.00003745e-09
10,2.68058914e-01,8.49427441e-09,99,13,2,41,normal_corr_dominates,4.40297070e+00,1.00000000e+00,2.49999965e+07,-3.49289286e+00,-6.46476366e-01,-2.84641650e+00,1.00004438e-09
10,2.68058914e-01,8.49427441e-09,99,14,0,42,normal_corr_dominates,2.91278060e+00,1.00000000e+00,2.49999977e+07,-2.26071064e+00,1.18189752e+00,-3.44260816e+00,1.00002825e-09
10,2.68058914e-01,8.49427441e-09,99,14,1,43,normal_corr_dominates,1.47067645e+00,1.00000000e+00,2.50000029e+07,2.92008636e+00,1.18189752e+00,1.73818884e+00,1.00001382e-09
10,2.68058914e-01,8.49427441e-09,99,14,1,43,corr_ratio_high,1.30434206e+00,5.00000000e-01,2.50000029e+07,2.92008636e+00,1.18189752e+00,1.73818884e+00,1.00001382e-09
10,2.68058914e-01,8.49427441e-09,99,14,2,44,normal_corr_dominates,4.22628431e+00,1.00000000e+00,2.49999962e+07,-3.81313741e+00,1.18189752e+00,-4.99503493e+00,1.00006261e-09
10,2.68058914e-01,8.49427441e-09,99,14,2,44,corr_ratio_high,5.16461432e-01,5.00000000e-01,2.49999962e+07,-3.81313741e+00,1.18189752e+00,-4.99503493e+00,1.00006261e-09
11,2.92309924e-01,9.26274254e-09,99,0,0,0,normal_corr_dominates,6.66700891e+01,1.00000000e+00,2.49999898e+07,-1.02052174e+01,1.55401302e-01,-1.03606187e+01,1.00001520e-09
11,2.92309924e-01,9.26274254e-09,99,0,0,0,corr_ratio_high,1.32809916e+00,5.00000000e-01,2.49999898e+07,-1.02052174e+01,1.55401302e-01,-1.03606187e+01,1.00001520e-09
11,2.92309924e-01,9.26274254e-09,99,0,1,1,normal_corr_dominates,4.85001403e+01,1.00000000e+00,2.50000077e+07,7.69238626e+00,1.55401302e-01,7.53698495e+00,1.00005410e-09
11,2.92309924e-01,9.26274254e-09,99,0,2,2,normal_corr_dominates,1.69457277e+01,1.00000000e+00,2.49999975e+07,-2.47798684e+00,1.55401302e-01,-2.63338815e+00,1.00005186e-09
11,2.92309924e-01,9.26274254e-09,99,1,0,3,normal_corr_dominates,7.05021855e+00,1.00000000e+00,2.49999960e+07,-3.99431436e+00,6.60193402e-01,-4.65450776e+00,1.00002849e-09
11,2.92309924e-01,9.26274254e-09,99,1,0,3,corr_ratio_high,1.03984070e+00,5.00000000e-01,2.49999960e+07,-3.99431436e+00,6.60193402e-01,-4.65450776e+00,1.00002849e-09
11,2.92309924e-01,9.26274254e-09,99,1,2,5,normal_corr_dominates,3.38180110e+00,1.00000000e+00,2.49999984e+07,-1.57244937e+00,6.60193402e-01,-2.23264277e+00,1.00005293e-09
11,2.92309924e-01,9.26274254e-09,99,2,0,6,normal_corr_dominates,1.41080188e+00,1.00000000e+00,2.49999966e+07,-3.43788492e+00,-1.42603378e+00,-2.01185114e+00,1.00004397e-09
11,2.92309924e-01,9.26274254e-09,99,2,1,7,normal_corr_dominates,2.53751950e+00,1.00000000e+00,2.50000022e+07,2.19255474e+00,-1.42603378e+00,3.61858851e+00,1.00004897e-09
11,2.92309924e-01,9.26274254e-09,99,3,0,9,normal_corr_dominates,8.27597822e+00,1.00000000e+00,2.50000043e+07,4.31346563e+00,4.65014636e-01,3.84845100e+00,1.00004837e-09
11,2.92309924e-01,9.26274254e-09,99,3,1,10,normal_corr_dominates,1.62285054e+01,1.00000000e+00,2.50000080e+07,8.01150718e+00,4.65014636e-01,7.54649254e+00,1.00004722e-09
11,2.92309924e-01,9.26274254e-09,99,3,2,11,normal_corr_dominates,1.06686497e+01,1.00000000e+00,2.49999955e+07,-4.49606360e+00,4.65014636e-01,-4.96107824e+00,1.00004430e-09
11,2.92309924e-01,9.26274254e-09,99,4,0,12,normal_corr_dominates,1.03340548e+01,1.00000000e+00,2.50000021e+07,2.06857381e+00,1.82509601e-01,1.88606421e+00,1.00004022e-09
11,2.92309924e-01,9.26274254e-09,99,4,1,13,normal_corr_dominates,7.24685695e+00,1.00000000e+00,2.49999989e+07,-1.14011137e+00,1.82509601e-01,-1.32262097e+00,1.00002874e-09
11,2.92309924e-01,9.26274254e-09,99,4,1,13,corr_ratio_high,5.38686525e-01,5.00000000e-01,2.49999989e+07,-1.14011137e+00,1.82509601e-01,-1.32262097e+00,1.00002874e-09
11,2.92309924e-01,9.26274254e-09,99,4,2,14,normal_corr_dominates,3.60998421e+01,1.00000000e+00,2.50000068e+07,6.77107738e+00,1.82509601e-01,6.58856778e+00,1.00004969e-09
11,2.92309924e-01,9.26274254e-09,99,5,0,15,normal_corr_dominates,1.41398758e+00,1.00000000e+00,2.50000006e+07,6.07784109e-01,-1.46812161e+00,2.07590572e+00,1.00000119e-09
11,2.92309924e-01,9.26274254e-09,99,5,0,15,corr_ratio_high,1.95731894e+00,5.00000000e-01,2.50000006e+07,6.07784109e-01,-1.46812161e+00,2.07590572e+00,1.00000119e-09
11,2.92309924e-01,9.26274254e-09,99,5,1,16,normal_corr_dominates,2.45218295e+00,1.00000000e+00,2.50000021e+07,2.13198117e+00,-1.46812161e+00,3.60010278e+00,1.00005477e-09
11,2.92309924e-01,9.26274254e-09,99,5,2,17,normal_corr_dominates,1.29155759e+00,1.00000000e+00,2.49999966e+07,-3.36428522e+00,-1.46812161e+00,-1.89616361e+00,1.00006079e-09
11,2.92309924e-01,9.26274254e-09,99,6,0,18,normal_corr_dominates,2.42403425e+00,1.00000000e+00,2.50000017e+07,1.72768172e+00,-1.21323046e+00,2.94091219e+00,1.00004558e-09
11,2.92309924e-01,9.26274254e-09,99,6,1,19,normal_corr_dominates,1.64281616e+00,1.00000000e+00,2.49999968e+07,-3.20634506e+00,-1.21323046e+00,-1.99311460e+00,1.00005236e-09
11,2.92309924e-01,9.26274254e-09,99,6,2,20,normal_corr_dominates,1.05554687e+00,1.00000000e+00,2.49999975e+07,-2.49385208e+00,-1.21323046e+00,-1.28062162e+00,1.00005333e-09
11,2.92309924e-01,9.26274254e-09,99,7,0,21,normal_corr_dominates,2.34312508e+00,1.00000000e+00,2.50000004e+07,4.30428339e-01,1.28750294e-01,3.01678044e-01,1.00003408e-09
11,2.92309924e-01,9.26274254e-09,99,7,1,22,normal_corr_dominates,1.39053488e+01,1.00000000e+00,2.50000019e+07,1.91906804e+00,1.28750294e-01,1.79031775e+00,1.00003809e-09
11,2.92309924e-01,9.26274254e-09,99,7,2,23,normal_corr_dominates,3.09707597e+01,1.00000000e+00,2.49999961e+07,-3.85874414e+00,1.28750294e-01,-3.98749443e+00,1.00005325e-09
11,2.92309924e-01,9.26274254e-09,99,8,1,25,normal_corr_dominates,3.55614112e+00,1.00000000e+00,2.49999961e+07,-3.87050354e+00,-8.49513533e-01,-3.02099001e+00,1.00004346e-09
11,2.92309924e-01,9.26274254e-09,99,8,2,26,normal_corr_dominates,8.80225862e+00,1.00000000e+00,2.50000066e+07,6.62812428e+00,-8.49513533e-01,7.47763782e+00,1.00004104e-09
11,2.92309924e-01,9.26274254e-09,99,9,0,27,normal_corr_dominates,1.32605071e+00,1.00000000e+00,2.49999962e+07,-3.78382139e+00,-1.62671492e+00,-2.15710647e+00,1.00003895e-09
11,2.92309924e-01,9.26274254e-09,99,9,2,29,normal_corr_dominates,1.01770465e+00,1.00000000e+00,2.49999967e+07,-3.28223025e+00,-1.62671492e+00,-1.65551533e+00,1.00002936e-09
11,2.92309924e-01,9.26274254e-09,99,10,0,30,normal_corr_dominates,2.10659041e+01,1.00000000e+00,2.50000030e+07,2.99103922e+00,-1.49060775e-01,3.14010000e+00,1.00003881e-09
11,2.92309924e-01,9.26274254e-09,99,10,1,31,normal_corr_dominates,3.67647803e+01,1.00000000e+00,2.49999944e+07,-5.62924743e+00,-1.49060775e-01,-5.48018666e+00,1.00002180e-09
11,2.92309924e-01,9.26274254e-09,99,10,1,31,corr_ratio_high,1.19498001e+00,5.00000000e-01,2.49999944e+07,-5.62924743e+00,-1.49060775e-01,-5.48018666e+00,1.00002180e-09
11,2.92309924e-01,9.26274254e-09,99,10,2,32,normal_corr_dominates,3.09355435e+01,1.00000000e+00,2.49999952e+07,-4.76033687e+00,-1.49060775e-01,-4.61127610e+00,1.00005918e-09
11,2.92309924e-01,9.26274254e-09,99,11,0,33,normal_corr_dominates,9.52833925e+00,1.00000000e+00,2.50000061e+07,6.11408979e+00,-7.16914467e-01,6.83100426e+00,1.00004822e-09
11,2.92309924e-01,9.26274254e-09,99,11,1,34,normal_corr_dominates,9.98007396e+00,1.00000000e+00,2.49999921e+07,-7.87177388e+00,-7.16914467e-01,-7.15485941e+00,1.00004061e-09
11,2.92309924e-01,9.26274254e-09,99,11,2,35,normal_corr_dominates,7.45808739e+00,1.00000000e+00,2.49999939e+07,-6.06372522e+00,-7.16914467e-01,-5.34681075e+00,1.00004620e-09
11,2.92309924e-01,9.26274254e-09,99,12,0,36,normal_corr_dominates,1.04808212e+00,1.00000000e+00,2.49999999e+07,-6.67583407e-02,1.38842326e+00,-1.45518160e+00,1.00001480e-09
11,2.92309924e-01,9.26274254e-09,99,12,0,36,corr_ratio_high,1.48610497e+00,5.00000000e-01,2.49999999e+07,-6.67583407e-02,1.38842326e+00,-1.45518160e+00,1.00001480e-09
11,2.92309924e-01,9.26274254e-09,99,12,1,37,normal_corr_dominates,5.74589701e+00,1.00000000e+00,2.49999934e+07,-6.58931381e+00,1.38842326e+00,-7.97773707e+00,1.00003885e-09
11,2.92309924e-01,9.26274254e-09,99,12,2,38,normal_corr_dominates,5.52020328e+00,1.00000000e+00,2.50000091e+07,9.05280190e+00,1.38842326e+00,7.66437864e+00,1.00005970e-09
11,2.92309924e-01,9.26274254e-09,99,13,0,39,normal_corr_dominates,8.08120590e+00,1.00000000e+00,2.49999936e+07,-6.37479811e+00,-7.01977048e-01,-5.67282106e+00,1.00004852e-09
11,2.92309924e-01,9.26274254e-09,99,13,1,40,normal_corr_dominates,6.21573811e+00,1.00000000e+00,2.50000037e+07,3.66132844e+00,-7.01977048e-01,4.36330549e+00,1.00004068e-09
11,2.92309924e-01,9.26274254e-09,99,13,2,41,normal_corr_dominates,4.40426321e+00,1.00000000e+00,2.49999962e+07,-3.79366873e+00,-7.01977048e-01,-3.09169169e+00,1.00004821e-09
11,2.92309924e-01,9.26274254e-09,99,14,0,42,normal_corr_dominates,2.91325225e+00,1.00000000e+00,2.49999975e+07,-2.45631060e+00,1.28384043e+00,-3.74015103e+00,1.00003069e-09
11,2.92309924e-01,9.26274254e-09,99,14,1,43,normal_corr_dominates,1.47095587e+00,1.00000000e+00,2.50000032e+07,3.17231305e+00,1.28384043e+00,1.88847262e+00,1.00001501e-09
11,2.92309924e-01,9.26274254e-09,99,14,1,43,corr_ratio_high,1.30401826e+00,5.00000000e-01,2.50000032e+07,3.17231305e+00,1.28384043e+00,1.88847262e+00,1.00001501e-09
11,2.92309924e-01,9.26274254e-09,99,14,2,44,normal_corr_dominates,4.22576815e+00,1.00000000e+00,2.49999959e+07,-4.14137159e+00,1.28384043e+00,-5.42521202e+00,1.00006801e-09
11,2.92309924e-01,9.26274254e-09,99,14,2,44,corr_ratio_high,5.16443044e-01,5.00000000e-01,2.49999959e+07,-4.14137159e+00,1.28384043e+00,-5.42521202e+00,1.00006801e-09
12,3.17118632e-01,1.00488830e-08,99,0,0,0,normal_corr_dominates,6.64452174e+01,1.00000000e+00,2.49999890e+07,-1.10324403e+01,1.68575195e-01,-1.12010155e+01,1.00001643e-09
12,3.17118632e-01,1.00488830e-08,99,0,0,0,corr_ratio_high,1.32802546e+00,5.00000000e-01,2.49999890e+07,-1.10324403e+01,1.68575195e-01,-1.12010155e+01,1.00001643e-09
12,3.17118632e-01,1.00488830e-08,99,0,1,1,normal_corr_dominates,4.83213746e+01,1.00000000e+00,2.50000083e+07,8.31436036e+00,1.68575195e-01,8.14578517e+00,1.00005847e-09
12,3.17118632e-01,1.00488830e-08,99,0,2,2,normal_corr_dominates,1.68758969e+01,1.00000000e+00,2.49999973e+07,-2.67628241e+00,1.68575195e-01,-2.84485761e+00,1.00005606e-09
12,3.17118632e-01,1.00488830e-08,99,1,0,3,normal_corr_dominates,7.04653389e+00,1.00000000e+00,2.49999957e+07,-4.31930752e+00,7.14344384e-01,-5.03365191e+00,1.00003079e-09
12,3.17118632e-01,1.00488830e-08,99,1,0,3,corr_ratio_high,1.04004798e+00,5.00000000e-01,2.49999957e+07,-4.31930752e+00,7.14344384e-01,-5.03365191e+00,1.00003079e-09
12,3.17118632e-01,1.00488830e-08,99,1,2,5,normal_corr_dominates,3.37514735e+00,1.00000000e+00,2.49999983e+07,-1.69667317e+00,7.14344384e-01,-2.41101755e+00,1.00005720e-09
12,3.17118632e-01,1.00488830e-08,99,2,0,6,normal_corr_dominates,1.41131879e+00,1.00000000e+00,2.49999963e+07,-3.71714916e+00,-1.54154198e+00,-2.17560718e+00,1.00004752e-09
12,3.17118632e-01,1.00488830e-08,99,2,1,7,normal_corr_dominates,2.53674256e+00,1.00000000e+00,2.50000024e+07,2.36895317e+00,-1.54154198e+00,3.91049516e+00,1.00005293e-09
12,3.17118632e-01,1.00488830e-08,99,3,0,9,normal_corr_dominates,8.26170776e+00,1.00000000e+00,2.50000047e+07,4.66201580e+00,5.03364597e-01,4.15865120e+00,1.00005227e-09
12,3.17118632e-01,1.00488830e-08,99,3,1,10,normal_corr_dominates,1.62100832e+01,1.00000000e+00,2.50000087e+07,8.66294659e+00,5.03364597e-01,8.15958200e+00,1.00005103e-09
12,3.17118632e-01,1.00488830e-08,99,3,2,11,normal_corr_dominates,1.06535976e+01,1.00000000e+00,2.49999951e+07,-4.85927927e+00,5.03364597e-01,-5.36264387e+00,1.00004789e-09
12,3.17118632e-01,1.00488830e-08,99,4,0,12,normal_corr_dominates,1.03296068e+01,1.00000000e+00,2.50000022e+07,2.23480165e+00,1.97253240e-01,2.03754841e+00,1.00004347e-09
12,3.17118632e-01,1.00488830e-08,99,4,1,13,normal_corr_dominates,7.25126327e+00,1.00000000e+00,2.49999988e+07,-1.23308194e+00,1.97253240e-01,-1.43033518e+00,1.00003107e-09
12,3.17118632e-01,1.00488830e-08,99,4,1,13,corr_ratio_high,5.38398955e-01,5.00000000e-01,2.49999988e+07,-1.23308194e+00,1.97253240e-01,-1.43033518e+00,1.00003107e-09
12,3.17118632e-01,1.00488830e-08,99,4,2,14,normal_corr_dominates,3.61112301e+01,1.00000000e+00,2.50000073e+07,7.32031039e+00,1.97253240e-01,7.12305715e+00,1.00005370e-09
12,3.17118632e-01,1.00488830e-08,99,5,0,15,normal_corr_dominates,1.41439092e+00,1.00000000e+00,2.50000007e+07,6.57455892e-01,-1.58655962e+00,2.24401551e+00,1.00000128e-09
12,3.17118632e-01,1.00488830e-08,99,5,0,15,corr_ratio_high,1.95688072e+00,5.00000000e-01,2.50000007e+07,6.57455892e-01,-1.58655962e+00,2.24401551e+00,1.00000128e-09
12,3.17118632e-01,1.00488830e-08,99,5,1,16,normal_corr_dominates,2.45269629e+00,1.00000000e+00,2.50000023e+07,2.30478927e+00,-1.58655962e+00,3.89134889e+00,1.00005920e-09
12,3.17118632e-01,1.00488830e-08,99,5,2,17,normal_corr_dominates,1.29081078e+00,1.00000000e+00,2.49999964e+07,-3.63450787e+00,-1.58655962e+00,-2.04794825e+00,1.00006570e-09
12,3.17118632e-01,1.00488830e-08,99,6,0,18,normal_corr_dominates,2.42364606e+00,1.00000000e+00,2.50000019e+07,1.86696676e+00,-1.31139811e+00,3.17836487e+00,1.00004926e-09
12,3.17118632e-01,1.00488830e-08,99,6,1,19,normal_corr_dominates,1.64161286e+00,1.00000000e+00,2.49999965e+07,-3.46420612e+00,-1.31139811e+00,-2.15280801e+00,1.00005659e-09
12,3.17118632e-01,1.00488830e-08,99,6,2,20,normal_corr_dominates,1.05401751e+00,1.00000000e+00,2.49999973e+07,-2.69363468e+00,-1.31139811e+00,-1.38223657e+00,1.00005763e-09
12,3.17118632e-01,1.00488830e-08,99,7,0,21,normal_corr_dominates,2.32955487e+00,1.00000000e+00,2.50000005e+07,4.65154158e-01,1.39704608e-01,3.25449550e-01,1.00003683e-09
12,3.17118632e-01,1.00488830e-08,99,7,1,22,normal_corr_dominates,1.38495046e+01,1.00000000e+00,2.50000021e+07,2.07454422e+00,1.39704608e-01,1.93483961e+00,1.00004117e-09
12,3.17118632e-01,1.00488830e-08,99,7,2,23,normal_corr_dominates,3.08417992e+01,1.00000000e+00,2.49999958e+07,-4.16903686e+00,1.39704608e-01,-4.30874146e+00,1.00005755e-09
12,3.17118632e-01,1.00488830e-08,99,8,1,25,normal_corr_dominates,3.55593239e+00,1.00000000e+00,2.49999958e+07,-4.18315359e+00,-9.18177275e-01,-3.26497631e+00,1.00004698e-09
12,3.17118632e-01,1.00488830e-08,99,8,2,26,normal_corr_dominates,8.80401254e+00,1.00000000e+00,2.50000072e+07,7.16546696e+00,-9.18177275e-01,8.08364424e+00,1.00004436e-09
12,3.17118632e-01,1.00488830e-08,99,9,0,27,normal_corr_dominates,1.32659609e+00,1.00000000e+00,2.49999959e+07,-4.08956358e+00,-1.75774540e+00,-2.33181818e+00,1.00004210e-09
12,3.17118632e-01,1.00488830e-08,99,9,2,29,normal_corr_dominates,1.01785529e+00,1.00000000e+00,2.49999965e+07,-3.54687586e+00,-1.75774540e+00,-1.78913046e+00,1.00003174e-09
12,3.17118632e-01,1.00488830e-08,99,10,0,30,normal_corr_dominates,2.12078755e+01,1.00000000e+00,2.50000032e+07,3.23367613e+00,-1.60020589e-01,3.39369672e+00,1.00004195e-09
12,3.17118632e-01,1.00488830e-08,99,10,1,31,normal_corr_dominates,3.70180785e+01,1.00000000e+00,2.49999939e+07,-6.08367530e+00,-1.60020589e-01,-5.92365471e+00,1.00002357e-09
12,3.17118632e-01,1.00488830e-08,99,10,1,31,corr_ratio_high,1.19434882e+00,5.00000000e-01,2.49999939e+07,-6.08367530e+00,-1.60020589e-01,-5.92365471e+00,1.00002357e-09
12,3.17118632e-01,1.00488830e-08,99,10,2,32,normal_corr_dominates,3.11383728e+01,1.00000000e+00,2.49999949e+07,-5.14280133e+00,-1.60020589e-01,-4.98278074e+00,1.00006396e-09
12,3.17118632e-01,1.00488830e-08,99,11,0,33,normal_corr_dominates,9.53682339e+00,1.00000000e+00,2.50000066e+07,6.61176779e+00,-7.74499774e-01,7.38626756e+00,1.00005211e-09
12,3.17118632e-01,1.00488830e-08,99,11,1,34,normal_corr_dominates,9.98532252e+00,1.00000000e+00,2.49999915e+07,-8.50812981e+00,-7.74499774e-01,-7.73363004e+00,1.00004390e-09
12,3.17118632e-01,1.00488830e-08,99,11,2,35,normal_corr_dominates,7.46282751e+00,1.00000000e+00,2.49999934e+07,-6.55445799e+00,-7.74499774e-01,-5.77995822e+00,1.00004993e-09
12,3.17118632e-01,1.00488830e-08,99,12,0,36,normal_corr_dominates,1.04803281e+00,1.00000000e+00,2.49999999e+07,-7.20864908e-02,1.50077603e+00,-1.57286252e+00,1.00001599e-09
12,3.17118632e-01,1.00488830e-08,99,12,0,36,corr_ratio_high,1.48595322e+00,5.00000000e-01,2.49999999e+07,-7.20864908e-02,1.50077603e+00,-1.57286252e+00,1.00001599e-09
12,3.17118632e-01,1.00488830e-08,99,12,1,37,normal_corr_dominates,5.74627670e+00,1.00000000e+00,2.49999929e+07,-7.12309828e+00,1.50077603e+00,-8.62387430e+00,1.00004200e-09
12,3.17118632e-01,1.00488830e-08,99,12,2,38,normal_corr_dominates,5.52062783e+00,1.00000000e+00,2.50000098e+07,9.78600191e+00,1.50077603e+00,8.28522589e+00,1.00006453e-09
12,3.17118632e-01,1.00488830e-08,99,13,0,39,normal_corr_dominates,8.08438312e+00,1.00000000e+00,2.49999931e+07,-6.88994406e+00,-7.58438297e-01,-6.13150576e+00,1.00005245e-09
12,3.17118632e-01,1.00488830e-08,99,13,1,40,normal_corr_dominates,6.21849326e+00,1.00000000e+00,2.50000040e+07,3.95790514e+00,-7.58438297e-01,4.71634344e+00,1.00004397e-09
12,3.17118632e-01,1.00488830e-08,99,13,2,41,normal_corr_dominates,4.40521991e+00,1.00000000e+00,2.49999959e+07,-4.09952578e+00,-7.58438297e-01,-3.34108749e+00,1.00005210e-09
12,3.17118632e-01,1.00488830e-08,99,14,0,42,normal_corr_dominates,2.91375178e+00,1.00000000e+00,2.49999973e+07,-2.65534580e+00,1.38750795e+00,-4.04285374e+00,1.00003317e-09
12,3.17118632e-01,1.00488830e-08,99,14,1,43,normal_corr_dominates,1.47127569e+00,1.00000000e+00,2.50000034e+07,3.42891465e+00,1.38750795e+00,2.04140671e+00,1.00001623e-09
12,3.17118632e-01,1.00488830e-08,99,14,1,43,corr_ratio_high,1.30369105e+00,5.00000000e-01,2.50000034e+07,3.42891465e+00,1.38750795e+00,2.04140671e+00,1.00001623e-09
12,3.17118632e-01,1.00488830e-08,99,14,2,44,normal_corr_dominates,4.22536388e+00,1.00000000e+00,2.49999955e+07,-4.47521801e+00,1.38750795e+00,-5.86272596e+00,1.00007350e-09
12,3.17118632e-01,1.00488830e-08,99,14,2,44,corr_ratio_high,5.16423931e-01,5.00000000e-01,2.49999955e+07,-4.47521801e+00,1.38750795e+00,-5.86272596e+00,1.00007350e-09
13,3.43545307e-01,1.08862939e-08,99,0,0,0,normal_corr_dominates,6.62320717e+01,1.00000000e+00,2.49999881e+07,-1.19092112e+01,1.82566810e-01,-1.20917781e+01,1.00001772e-09
13,3.43545307e-01,1.08862939e-08,99,0,0,0,corr_ratio_high,1.32794674e+00,5.00000000e-01,2.49999881e+07,-1.19092112e+01,1.82566810e-01,-1.20917781e+01,1.00001772e-09
13,3.43545307e-01,1.08862939e-08,99,0,1,1,normal_corr_dominates,4.81502392e+01,1.00000000e+00,2.50000090e+07,8.97320237e+00,1.82566810e-01,8.79063556e+00,1.00006310e-09
13,3.43545307e-01,1.08862939e-08,99,0,2,2,normal_corr_dominates,1.68081133e+01,1.00000000e+00,2.49999971e+07,-2.88603681e+00,1.82566810e-01,-3.06860362e+00,1.00006050e-09
13,3.43545307e-01,1.08862939e-08,99,1,0,3,normal_corr_dominates,7.04334732e+00,1.00000000e+00,2.49999953e+07,-4.66401033e+00,7.71759437e-01,-5.43576976e+00,1.00003322e-09
13,3.43545307e-01,1.08862939e-08,99,1,0,3,corr_ratio_high,1.04025427e+00,5.00000000e-01,2.49999953e+07,-4.66401033e+00,7.71759437e-01,-5.43576976e+00,1.00003322e-09
13,3.43545307e-01,1.08862939e-08,99,1,2,5,normal_corr_dominates,3.36855148e+00,1.00000000e+00,2.49999982e+07,-1.82795196e+00,7.71759437e-01,-2.59971140e+00,1.00006173e-09
13,3.43545307e-01,1.08862939e-08,99,2,0,6,normal_corr_dominates,1.41181395e+00,1.00000000e+00,2.49999960e+07,-4.01319917e+00,-1.66397543e+00,-2.34922373e+00,1.00005129e-09
13,3.43545307e-01,1.08862939e-08,99,2,1,7,normal_corr_dominates,2.53588957e+00,1.00000000e+00,2.50000026e+07,2.55568252e+00,-1.66397543e+00,4.21965795e+00,1.00005712e-09
13,3.43545307e-01,1.08862939e-08,99,3,0,9,normal_corr_dominates,8.24765452e+00,1.00000000e+00,2.50000050e+07,5.03116176e+00,5.44047331e-01,4.48711443e+00,1.00005641e-09
13,3.43545307e-01,1.08862939e-08,99,3,1,10,normal_corr_dominates,1.61922403e+01,1.00000000e+00,2.50000094e+07,9.35339248e+00,5.44047331e-01,8.80934515e+00,1.00005507e-09
13,3.43545307e-01,1.08862939e-08,99,3,2,11,normal_corr_dominates,1.06388181e+01,1.00000000e+00,2.49999948e+07,-5.24397324e+00,5.44047331e-01,-5.78802058e+00,1.00005168e-09
13,3.43545307e-01,1.08862939e-08,99,4,0,12,normal_corr_dominates,1.03271428e+01,1.00000000e+00,2.50000024e+07,2.41071614e+00,2.12826497e-01,2.19788964e+00,1.00004692e-09
13,3.43545307e-01,1.08862939e-08,99,4,1,13,normal_corr_dominates,7.25723871e+00,1.00000000e+00,2.49999987e+07,-1.33170620e+00,2.12826497e-01,-1.54453270e+00,1.00003354e-09
13,3.43545307e-01,1.08862939e-08,99,4,1,13,corr_ratio_high,5.38103135e-01,5.00000000e-01,2.49999987e+07,-1.33170620e+00,2.12826497e-01,-1.54453270e+00,1.00003354e-09
13,3.43545307e-01,1.08862939e-08,99,4,2,14,normal_corr_dominates,3.61302574e+01,1.00000000e+00,2.50000079e+07,7.90230263e+00,2.12826497e-01,7.68947613e+00,1.00005795e-09
13,3.43545307e-01,1.08862939e-08,99,5,0,15,normal_corr_dominates,1.41478212e+00,1.00000000e+00,2.50000007e+07,7.10123621e-01,-1.71204011e+00,2.42216374e+00,1.00000139e-09
13,3.43545307e-01,1.08862939e-08,99,5,0,15,corr_ratio_high,1.95643318e+00,5.00000000e-01,2.50000007e+07,7.10123621e-01,-1.71204011e+00,2.42216374e+00,1.00000139e-09
13,3.43545307e-01,1.08862939e-08,99,5,1,16,normal_corr_dominates,2.45314139e+00,1.00000000e+00,2.50000025e+07,2.48783635e+00,-1.71204011e+00,4.19987646e+00,1.00006389e-09
13,3.43545307e-01,1.08862939e-08,99,5,2,17,normal_corr_dominates,1.29002013e+00,1.00000000e+00,2.49999961e+07,-3.92060633e+00,-1.71204011e+00,-2.20856621e+00,1.00007089e-09
13,3.43545307e-01,1.08862939e-08,99,6,0,18,normal_corr_dominates,2.42317151e+00,1.00000000e+00,2.50000020e+07,2.01440841e+00,-1.41543616e+00,3.42984457e+00,1.00005317e-09
13,3.43545307e-01,1.08862939e-08,99,6,1,19,normal_corr_dominates,1.64029116e+00,1.00000000e+00,2.49999963e+07,-3.73716358e+00,-1.41543616e+00,-2.32172742e+00,1.00006107e-09
13,3.43545307e-01,1.08862939e-08,99,6,2,20,normal_corr_dominates,1.05243260e+00,1.00000000e+00,2.49999971e+07,-2.90508732e+00,-1.41543616e+00,-1.48965116e+00,1.00006219e-09
13,3.43545307e-01,1.08862939e-08,99,7,0,21,normal_corr_dominates,2.31600273e+00,1.00000000e+00,2.50000005e+07,5.01793806e-01,1.51324907e-01,3.50468899e-01,1.00003975e-09
13,3.43545307e-01,1.08862939e-08,99,7,1,22,normal_corr_dominates,1.37978346e+01,1.00000000e+00,2.50000022e+07,2.23928096e+00,1.51324907e-01,2.08795605e+00,1.00004443e-09
13,3.43545307e-01,1.08862939e-08,99,7,2,23,normal_corr_dominates,3.07214216e+01,1.00000000e+00,2.49999955e+07,-4.49759137e+00,1.51324907e-01,-4.64891628e+00,1.00006210e-09
13,3.43545307e-01,1.08862939e-08,99,8,1,25,normal_corr_dominates,3.55555143e+00,1.00000000e+00,2.49999955e+07,-4.51430790e+00,-9.90946534e-01,-3.52336136e+00,1.00005070e-09
13,3.43545307e-01,1.08862939e-08,99,8,2,26,normal_corr_dominates,8.80550288e+00,1.00000000e+00,2.50000077e+07,7.73483602e+00,-9.90946534e-01,8.72578256e+00,1.00004787e-09
13,3.43545307e-01,1.08862939e-08,99,9,0,27,normal_corr_dominates,1.32714037e+00,1.00000000e+00,2.49999956e+07,-4.41349713e+00,-1.89653241e+00,-2.51696472e+00,1.00004543e-09
13,3.43545307e-01,1.08862939e-08,99,9,2,29,normal_corr_dominates,1.01796507e+00,1.00000000e+00,2.49999962e+07,-3.82713615e+00,-1.89653241e+00,-1.93060374e+00,1.00003426e-09
13,3.43545307e-01,1.08862939e-08,99,10,0,30,normal_corr_dominates,2.13497959e+01,1.00000000e+00,2.50000035e+07,3.49081133e+00,-1.71540361e-01,3.66235169e+00,1.00004527e-09
13,3.43545307e-01,1.08862939e-08,99,10,1,31,normal_corr_dominates,3.72707327e+01,1.00000000e+00,2.49999934e+07,-6.56497529e+00,-1.71540361e-01,-6.39343493e+00,1.00002544e-09
13,3.43545307e-01,1.08862939e-08,99,10,1,31,corr_ratio_high,1.19369881e+00,5.00000000e-01,2.49999934e+07,-6.56497529e+00,-1.71540361e-01,-6.39343493e+00,1.00002544e-09
13,3.43545307e-01,1.08862939e-08,99,10,2,32,normal_corr_dominates,3.13405851e+01,1.00000000e+00,2.49999945e+07,-5.54771564e+00,-1.71540361e-01,-5.37617528e+00,1.00006902e-09
13,3.43545307e-01,1.08862939e-08,99,11,0,33,normal_corr_dominates,9.54488573e+00,1.00000000e+00,2.50000071e+07,7.13925289e+00,-8.35500102e-01,7.97475299e+00,1.00005623e-09
13,3.43545307e-01,1.08862939e-08,99,11,1,34,normal_corr_dominates,9.99005329e+00,1.00000000e+00,2.49999908e+07,-9.18219064e+00,-8.35500102e-01,-8.34669054e+00,1.00004738e-09
13,3.43545307e-01,1.08862939e-08,99,11,2,35,normal_corr_dominates,7.46719989e+00,1.00000000e+00,2.49999929e+07,-7.07434637e+00,-8.35500102e-01,-6.23884627e+00,1.00005389e-09
13,3.43545307e-01,1.08862939e-08,99,12,0,36,normal_corr_dominates,1.04799828e+00,1.00000000e+00,2.49999999e+07,-7.77459291e-02,1.61976500e+00,-1.69751093e+00,1.00001726e-09
13,3.43545307e-01,1.08862939e-08,99,12,0,36,corr_ratio_high,1.48578992e+00,5.00000000e-01,2.49999999e+07,-7.77459291e-02,1.61976500e+00,-1.69751093e+00,1.00001726e-09
13,3.43545307e-01,1.08862939e-08,99,12,1,37,normal_corr_dominates,5.74680091e+00,1.00000000e+00,2.49999923e+07,-7.68870197e+00,1.61976500e+00,-9.30846697e+00,1.00004533e-09
13,3.43545307e-01,1.08862939e-08,99,12,2,38,normal_corr_dominates,5.52119388e+00,1.00000000e+00,2.50000106e+07,1.05628016e+01,1.61976500e+00,8.94303659e+00,1.00006964e-09
13,3.43545307e-01,1.08862939e-08,99,13,0,39,normal_corr_dominates,8.08713802e+00,1.00000000e+00,2.49999926e+07,-7.43561533e+00,-8.18257114e-01,-6.61735821e+00,1.00005660e-09
13,3.43545307e-01,1.08862939e-08,99,13,1,40,normal_corr_dominates,6.22095700e+00,1.00000000e+00,2.50000043e+07,4.27208521e+00,-8.18257114e-01,5.09034232e+00,1.00004745e-09
13,3.43545307e-01,1.08862939e-08,99,13,2,41,normal_corr_dominates,4.40588454e+00,1.00000000e+00,2.49999956e+07,-4.42340348e+00,-8.18257114e-01,-3.60514636e+00,1.00005623e-09
13,3.43545307e-01,1.08862939e-08,99,14,0,42,normal_corr_dominates,2.91430131e+00,1.00000000e+00,2.49999971e+07,-2.86624742e+00,1.49728123e+00,-4.36352865e+00,1.00003580e-09
13,3.43545307e-01,1.08862939e-08,99,14,1,43,normal_corr_dominates,1.47164882e+00,1.00000000e+00,2.50000037e+07,3.70075338e+00,1.49728123e+00,2.20347215e+00,1.00001751e-09
13,3.43545307e-01,1.08862939e-08,99,14,1,43,corr_ratio_high,1.30334723e+00,5.00000000e-01,2.50000037e+07,3.70075338e+00,1.49728123e+00,2.20347215e+00,1.00001751e-09
13,3.43545307e-01,1.08862939e-08,99,14,2,44,normal_corr_dominates,4.22505519e+00,1.00000000e+00,2.49999952e+07,-4.82881460e+00,1.49728123e+00,-6.32609582e+00,1.00007931e-09
13,3.43545307e-01,1.08862939e-08,99,14,2,44,corr_ratio_high,5.16403317e-01,5.00000000e-01,2.49999952e+07,-4.82881460e+00,1.49728123e+00,-6.32609582e+00,1.00007931e-09
14,3.70658749e-01,1.17454670e-08,99,0,0,0,normal_corr_dominates,6.60384105e+01,1.00000000e+00,2.49999872e+07,-1.28043295e+01,1.96873347e-01,-1.30012029e+01,1.00001904e-09
14,3.70658749e-01,1.17454670e-08,99,0,0,0,corr_ratio_high,1.32786598e+00,5.00000000e-01,2.49999872e+07,-1.28043295e+01,1.96873347e-01,-1.30012029e+01,1.00001904e-09
14,3.70658749e-01,1.17454670e-08,99,0,1,1,normal_corr_dominates,4.79929930e+01,1.00000000e+00,2.50000096e+07,9.64541449e+00,1.96873347e-01,9.44854114e+00,1.00006783e-09
14,3.70658749e-01,1.17454670e-08,99,0,2,2,normal_corr_dominates,1.67448846e+01,1.00000000e+00,2.49999969e+07,-3.09974812e+00,1.96873347e-01,-3.29662147e+00,1.00006504e-09
14,3.70658749e-01,1.17454670e-08,99,1,0,3,normal_corr_dominates,7.04076586e+00,1.00000000e+00,2.49999950e+07,-5.01618378e+00,8.30388713e-01,-5.84657249e+00,1.00003570e-09
14,3.70658749e-01,1.17454670e-08,99,1,0,3,corr_ratio_high,1.04045214e+00,5.00000000e-01,2.49999950e+07,-5.01618378e+00,8.30388713e-01,-5.84657249e+00,1.00003570e-09
14,3.70658749e-01,1.17454670e-08,99,1,2,5,normal_corr_dominates,3.36225329e+00,1.00000000e+00,2.49999980e+07,-1.96158847e+00,8.30388713e-01,-2.79197718e+00,1.00006635e-09
14,3.70658749e-01,1.17454670e-08,99,2,0,6,normal_corr_dominates,1.41226890e+00,1.00000000e+00,2.49999957e+07,-4.31550458e+00,-1.78898156e+00,-2.52652302e+00,1.00005514e-09
14,3.70658749e-01,1.17454670e-08,99,2,1,7,normal_corr_dominates,2.53499177e+00,1.00000000e+00,2.50000027e+07,2.74607196e+00,-1.78898156e+00,4.53505352e+00,1.00006140e-09
14,3.70658749e-01,1.17454670e-08,99,3,0,9,normal_corr_dominates,8.23433825e+00,1.00000000e+00,2.50000054e+07,5.40772831e+00,5.85610812e-01,4.82211750e+00,1.00006063e-09
14,3.70658749e-01,1.17454670e-08,99,3,1,10,normal_corr_dominates,1.61756461e+01,1.00000000e+00,2.50000101e+07,1.00582440e+01,5.85610812e-01,9.47263324e+00,1.00005919e-09
14,3.70658749e-01,1.17454670e-08,99,3,2,11,normal_corr_dominates,1.06248651e+01,1.00000000e+00,2.49999944e+07,-5.63642504e+00,5.85610812e-01,-6.22203585e+00,1.00005556e-09
14,3.70658749e-01,1.17454670e-08,99,4,0,12,normal_corr_dominates,1.03267512e+01,1.00000000e+00,2.50000026e+07,2.59002678e+00,2.28664577e-01,2.36136220e+00,1.00005043e-09
14,3.70658749e-01,1.17454670e-08,99,4,1,13,normal_corr_dominates,7.26457716e+00,1.00000000e+00,2.49999986e+07,-1.43248688e+00,2.28664577e-01,-1.66115146e+00,1.00003607e-09
14,3.70658749e-01,1.17454670e-08,99,4,1,13,corr_ratio_high,5.37809924e-01,5.00000000e-01,2.49999986e+07,-1.43248688e+00,2.28664577e-01,-1.66115146e+00,1.00003607e-09
14,3.70658749e-01,1.17454670e-08,99,4,2,14,normal_corr_dominates,3.61562277e+01,1.00000000e+00,2.50000085e+07,8.49631309e+00,2.28664577e-01,8.26764851e+00,1.00006229e-09
14,3.70658749e-01,1.17454670e-08,99,5,0,15,normal_corr_dominates,1.41514685e+00,1.00000000e+00,2.50000008e+07,7.63910799e-01,-1.84009780e+00,2.60400860e+00,1.00000149e-09
14,3.70658749e-01,1.17454670e-08,99,5,0,15,corr_ratio_high,1.95599282e+00,5.00000000e-01,2.50000008e+07,7.63910799e-01,-1.84009780e+00,2.60400860e+00,1.00000149e-09
14,3.70658749e-01,1.17454670e-08,99,5,1,16,normal_corr_dominates,2.45350263e+00,1.00000000e+00,2.50000027e+07,2.67458698e+00,-1.84009780e+00,4.51468478e+00,1.00006868e-09
14,3.70658749e-01,1.17454670e-08,99,5,2,17,normal_corr_dominates,1.28921460e+00,1.00000000e+00,2.49999958e+07,-4.21237875e+00,-1.84009780e+00,-2.37228095e+00,1.00007620e-09
14,3.70658749e-01,1.17454670e-08,99,6,0,18,normal_corr_dominates,2.42262746e+00,1.00000000e+00,2.50000022e+07,2.16473437e+00,-1.52164529e+00,3.68637966e+00,1.00005715e-09
14,3.70658749e-01,1.17454670e-08,99,6,1,19,normal_corr_dominates,1.63890148e+00,1.00000000e+00,2.49999960e+07,-4.01547200e+00,-1.52164529e+00,-2.49382671e+00,1.00006565e-09
14,3.70658749e-01,1.17454670e-08,99,6,2,20,normal_corr_dominates,1.05084949e+00,1.00000000e+00,2.49999969e+07,-3.12066547e+00,-1.52164529e+00,-1.59902018e+00,1.00006684e-09
14,3.70658749e-01,1.17454670e-08,99,7,0,21,normal_corr_dominates,2.30296930e+00,1.00000000e+00,2.50000005e+07,5.39015101e-01,1.63191072e-01,3.75824029e-01,1.00004272e-09
14,3.70658749e-01,1.17454670e-08,99,7,1,22,normal_corr_dominates,1.37520668e+01,1.00000000e+00,2.50000024e+07,2.40740560e+00,1.63191072e-01,2.24421453e+00,1.00004776e-09
14,3.70658749e-01,1.17454670e-08,99,7,2,23,normal_corr_dominates,3.06137033e+01,1.00000000e+00,2.49999952e+07,-4.83269200e+00,1.63191072e-01,-4.99588307e+00,1.00006675e-09
14,3.70658749e-01,1.17454670e-08,99,8,1,25,normal_corr_dominates,3.55501057e+00,1.00000000e+00,2.49999951e+07,-4.85215795e+00,-1.06523528e+00,-3.78692267e+00,1.00005450e-09
14,3.70658749e-01,1.17454670e-08,99,8,2,26,normal_corr_dominates,8.80666886e+00,1.00000000e+00,2.50000083e+07,8.31593906e+00,-1.06523528e+00,9.38117433e+00,1.00005145e-09
14,3.70658749e-01,1.17454670e-08,99,9,0,27,normal_corr_dominates,1.32766273e+00,1.00000000e+00,2.49999953e+07,-4.74408616e+00,-2.03813297e+00,-2.70595319e+00,1.00004883e-09
14,3.70658749e-01,1.17454670e-08,99,9,2,29,normal_corr_dominates,1.01803123e+00,1.00000000e+00,2.49999959e+07,-4.11301598e+00,-2.03813297e+00,-2.07488301e+00,1.00003683e-09
14,3.70658749e-01,1.17454670e-08,99,10,0,30,normal_corr_dominates,2.14863241e+01,1.00000000e+00,2.50000038e+07,3.75328337e+00,-1.83209216e-01,3.93649259e+00,1.00004866e-09
14,3.70658749e-01,1.17454670e-08,99,10,1,31,normal_corr_dominates,3.75132582e+01,1.00000000e+00,2.49999929e+07,-7.05598384e+00,-1.83209216e-01,-6.87277463e+00,1.00002736e-09
14,3.70658749e-01,1.17454670e-08,99,10,1,31,corr_ratio_high,1.19305376e+00,5.00000000e-01,2.49999929e+07,-7.05598384e+00,-1.83209216e-01,-6.87277463e+00,1.00002736e-09
14,3.70658749e-01,1.17454670e-08,99,10,2,32,normal_corr_dominates,3.15345819e+01,1.00000000e+00,2.49999940e+07,-5.96063524e+00,-1.83209216e-01,-5.77742602e+00,1.00007419e-09
14,3.70658749e-01,1.17454670e-08,99,11,0,33,normal_corr_dominates,9.55222672e+00,1.00000000e+00,2.50000077e+07,7.67774370e+00,-8.97747914e-01,8.57549161e+00,1.00006044e-09
14,3.70658749e-01,1.17454670e-08,99,11,1,34,normal_corr_dominates,9.99408883e+00,1.00000000e+00,2.49999901e+07,-9.86992031e+00,-8.97747914e-01,-8.97217240e+00,1.00005094e-09
14,3.70658749e-01,1.17454670e-08,99,11,2,35,normal_corr_dominates,7.47104214e+00,1.00000000e+00,2.49999924e+07,-7.60486040e+00,-8.97747914e-01,-6.70711249e+00,1.00005792e-09
14,3.70658749e-01,1.17454670e-08,99,12,0,36,normal_corr_dominates,1.04797977e+00,1.00000000e+00,2.49999999e+07,-8.35394985e-02,1.74114010e+00,-1.82467960e+00,1.00001855e-09
14,3.70658749e-01,1.17454670e-08,99,12,0,36,corr_ratio_high,1.48562132e+00,5.00000000e-01,2.49999999e+07,-8.35394985e-02,1.74114010e+00,-1.82467960e+00,1.00001855e-09
14,3.70658749e-01,1.17454670e-08,99,12,1,37,normal_corr_dominates,5.74745136e+00,1.00000000e+00,2.49999917e+07,-8.26597792e+00,1.74114010e+00,-1.00071180e+01,1.00004874e-09
14,3.70658749e-01,1.17454670e-08,99,12,2,38,normal_corr_dominates,5.52188065e+00,1.00000000e+00,2.50000114e+07,1.13555079e+01,1.74114010e+00,9.61436782e+00,1.00007485e-09
14,3.70658749e-01,1.17454670e-08,99,13,0,39,normal_corr_dominates,8.08936892e+00,1.00000000e+00,2.49999920e+07,-7.99235751e+00,-8.79308297e-01,-7.11304921e+00,1.00006085e-09
14,3.70658749e-01,1.17454670e-08,99,13,1,40,normal_corr_dominates,6.22303792e+00,1.00000000e+00,2.50000046e+07,4.59266058e+00,-8.79308297e-01,5.47196887e+00,1.00005101e-09
14,3.70658749e-01,1.17454670e-08,99,13,2,41,normal_corr_dominates,4.40623500e+00,1.00000000e+00,2.49999952e+07,-4.75374729e+00,-8.79308297e-01,-3.87443900e+00,1.00006043e-09
14,3.70658749e-01,1.17454670e-08,99,14,0,42,normal_corr_dominates,2.91488207e+00,1.00000000e+00,2.49999969e+07,-3.08150293e+00,1.60923902e+00,-4.69074195e+00,1.00003849e-09
14,3.70658749e-01,1.17454670e-08,99,14,1,43,normal_corr_dominates,1.47206135e+00,1.00000000e+00,2.50000040e+07,3.97813757e+00,1.60923902e+00,2.36889856e+00,1.00001883e-09
14,3.70658749e-01,1.17454670e-08,99,14,1,43,corr_ratio_high,1.30299974e+00,5.00000000e-01,2.50000040e+07,3.97813757e+00,1.60923902e+00,2.36889856e+00,1.00001883e-09
14,3.70658749e-01,1.17454670e-08,99,14,2,44,normal_corr_dominates,4.22485411e+00,1.00000000e+00,2.49999948e+07,-5.18956105e+00,1.60923902e+00,-6.79880007e+00,1.00008524e-09
14,3.70658749e-01,1.17454670e-08,99,14,2,44,corr_ratio_high,5.16381973e-01,5.00000000e-01,2.49999948e+07,-5.18956105e+00,1.60923902e+00,-6.79880007e+00,1.00008524e-09
15,3.96484186e-01,1.25638257e-08,99,0,0,0,normal_corr_dominates,6.58748668e+01,1.00000000e+00,2.49999863e+07,-1.36529840e+01,2.10451053e-01,-1.38634351e+01,1.00002030e-09
15,3.96484186e-01,1.25638257e-08,99,0,0,0,corr_ratio_high,1.32778926e+00,5.00000000e-01,2.49999863e+07,-1.36529840e+01,2.10451053e-01,-1.38634351e+01,1.00002030e-09
15,3.96484186e-01,1.25638257e-08,99,0,1,1,normal_corr_dominates,4.78585852e+01,1.00000000e+00,2.50000103e+07,1.02823407e+01,2.10451053e-01,1.00718897e+01,1.00007230e-09
15,3.96484186e-01,1.25638257e-08,99,0,2,2,normal_corr_dominates,1.66899870e+01,1.00000000e+00,2.49999967e+07,-3.30197428e+00,2.10451053e-01,-3.51242534e+00,1.00006934e-09
15,3.96484186e-01,1.25638257e-08,99,1,0,3,normal_corr_dominates,7.03887175e+00,1.00000000e+00,2.49999946e+07,-5.35031465e+00,8.85979181e-01,-6.23629383e+00,1.00003806e-09
15,3.96484186e-01,1.25638257e-08,99,1,0,3,corr_ratio_high,1.04062906e+00,5.00000000e-01,2.49999946e+07,-5.35031465e+00,8.85979181e-01,-6.23629383e+00,1.00003806e-09
15,3.96484186e-01,1.25638257e-08,99,1,2,5,normal_corr_dominates,3.35664912e+00,1.00000000e+00,2.49999979e+07,-2.08794206e+00,8.85979181e-01,-2.97392124e+00,1.00007073e-09
15,3.96484186e-01,1.25638257e-08,99,2,0,6,normal_corr_dominates,1.41265748e+00,1.00000000e+00,2.49999954e+07,-4.60217270e+00,-1.90751184e+00,-2.69466087e+00,1.00005878e-09
15,3.96484186e-01,1.25638257e-08,99,2,1,7,normal_corr_dominates,2.53411894e+00,1.00000000e+00,2.50000029e+07,2.92635004e+00,-1.90751184e+00,4.83386188e+00,1.00006546e-09
15,3.96484186e-01,1.25638257e-08,99,3,0,9,normal_corr_dominates,8.22258794e+00,1.00000000e+00,2.50000058e+07,5.76446091e+00,6.25037239e-01,5.13942367e+00,1.00006463e-09
15,3.96484186e-01,1.25638257e-08,99,3,1,10,normal_corr_dominates,1.61612909e+01,1.00000000e+00,2.50000107e+07,1.07264459e+01,6.25037239e-01,1.01014086e+01,1.00006310e-09
15,3.96484186e-01,1.25638257e-08,99,3,2,11,normal_corr_dominates,1.06126048e+01,1.00000000e+00,2.49999940e+07,-6.00823596e+00,6.25037239e-01,-6.63327320e+00,1.00005923e-09
15,3.96484186e-01,1.25638257e-08,99,4,0,12,normal_corr_dominates,1.03281484e+01,1.00000000e+00,2.50000028e+07,2.75976593e+00,2.43620214e-01,2.51614572e+00,1.00005376e-09
15,3.96484186e-01,1.25638257e-08,99,4,1,13,normal_corr_dominates,7.27256932e+00,1.00000000e+00,2.49999985e+07,-1.52812468e+00,2.43620214e-01,-1.77174490e+00,1.00003846e-09
15,3.96484186e-01,1.25638257e-08,99,4,1,13,corr_ratio_high,5.37539557e-01,5.00000000e-01,2.49999985e+07,-1.52812468e+00,2.43620214e-01,-1.77174490e+00,1.00003846e-09
15,3.96484186e-01,1.25638257e-08,99,4,2,14,normal_corr_dominates,3.61862803e+01,1.00000000e+00,2.50000091e+07,9.05932957e+00,2.43620214e-01,8.81570936e+00,1.00006640e-09
15,3.96484186e-01,1.25638257e-08,99,5,0,15,normal_corr_dominates,1.41546341e+00,1.00000000e+00,2.50000008e+07,8.14918259e-01,-1.96146817e+00,2.77638643e+00,1.00000160e-09
15,3.96484186e-01,1.25638257e-08,99,5,0,15,corr_ratio_high,1.95558957e+00,5.00000000e-01,2.50000008e+07,8.14918259e-01,-1.96146817e+00,2.77638643e+00,1.00000160e-09
15,3.96484186e-01,1.25638257e-08,99,5,1,16,normal_corr_dominates,2.45376774e+00,1.00000000e+00,2.50000029e+07,2.85151916e+00,-1.96146817e+00,4.81298733e+00,1.00007322e-09
15,3.96484186e-01,1.25638257e-08,99,5,2,17,normal_corr_dominates,1.28845299e+00,1.00000000e+00,2.49999955e+07,-4.48872770e+00,-1.96146817e+00,-2.52725953e+00,1.00008122e-09
15,3.96484186e-01,1.25638257e-08,99,6,0,18,normal_corr_dominates,2.42206224e+00,1.00000000e+00,2.50000023e+07,2.30706742e+00,-1.62233928e+00,3.92940670e+00,1.00006093e-09
15,3.96484186e-01,1.25638257e-08,99,6,1,19,normal_corr_dominates,1.63755338e+00,1.00000000e+00,2.49999957e+07,-4.27900645e+00,-1.62233928e+00,-2.65666717e+00,1.00006998e-09
15,3.96484186e-01,1.25638257e-08,99,6,2,20,normal_corr_dominates,1.04937859e+00,1.00000000e+00,2.49999967e+07,-3.32478738e+00,-1.62233928e+00,-1.70244810e+00,1.00007125e-09
15,3.96484186e-01,1.25638257e-08,99,7,0,21,normal_corr_dominates,2.29129523e+00,1.00000000e+00,2.50000006e+07,5.74125668e-01,1.74437608e-01,3.99688060e-01,1.00004554e-09
15,3.96484186e-01,1.25638257e-08,99,7,1,22,normal_corr_dominates,1.37143995e+01,1.00000000e+00,2.50000026e+07,2.56674465e+00,1.74437608e-01,2.39230704e+00,1.00005091e-09
15,3.96484186e-01,1.25638257e-08,99,7,2,23,normal_corr_dominates,3.05240453e+01,1.00000000e+00,2.49999948e+07,-5.15010385e+00,1.74437608e-01,-5.32454146e+00,1.00007116e-09
15,3.96484186e-01,1.25638257e-08,99,8,1,25,normal_corr_dominates,3.55437061e+00,1.00000000e+00,2.49999948e+07,-5.17225544e+00,-1.13566854e+00,-4.03658690e+00,1.00005809e-09
15,3.96484186e-01,1.25638257e-08,99,8,2,26,normal_corr_dominates,8.80747238e+00,1.00000000e+00,2.50000089e+07,8.86670078e+00,-1.13566854e+00,1.00023693e+01,1.00005485e-09
15,3.96484186e-01,1.25638257e-08,99,9,0,27,normal_corr_dominates,1.32812911e+00,1.00000000e+00,2.49999949e+07,-5.05740529e+00,-2.17230448e+00,-2.88510082e+00,1.00005206e-09
15,3.96484186e-01,1.25638257e-08,99,9,2,29,normal_corr_dominates,1.01805675e+00,1.00000000e+00,2.49999956e+07,-4.38383371e+00,-2.17230448e+00,-2.21152923e+00,1.00003927e-09
15,3.96484186e-01,1.25638257e-08,99,10,0,30,normal_corr_dominates,2.16085623e+01,1.00000000e+00,2.50000040e+07,4.00208460e+00,-1.94195235e-01,4.19627983e+00,1.00005187e-09
15,3.96484186e-01,1.25638257e-08,99,10,1,31,normal_corr_dominates,3.77299507e+01,1.00000000e+00,2.49999925e+07,-7.52117188e+00,-1.94195235e-01,-7.32697664e+00,1.00002917e-09
15,3.96484186e-01,1.25638257e-08,99,10,1,31,corr_ratio_high,1.19245825e+00,5.00000000e-01,2.49999925e+07,-7.52117188e+00,-1.94195235e-01,-7.32697664e+00,1.00002917e-09
15,3.96484186e-01,1.25638257e-08,99,10,2,32,normal_corr_dominates,3.17078123e+01,1.00000000e+00,2.49999936e+07,-6.35170129e+00,-1.94195235e-01,-6.15750606e+00,1.00007908e-09
15,3.96484186e-01,1.25638257e-08,99,11,0,33,normal_corr_dominates,9.55843615e+00,1.00000000e+00,2.50000082e+07,8.18822881e+00,-9.56743577e-01,9.14497239e+00,1.00006442e-09
15,3.96484186e-01,1.25638257e-08,99,11,1,34,normal_corr_dominates,9.99724745e+00,1.00000000e+00,2.49999895e+07,-1.05215459e+01,-9.56743577e-01,-9.56480228e+00,1.00005431e-09
15,3.96484186e-01,1.25638257e-08,99,11,2,35,normal_corr_dominates,7.47416259e+00,1.00000000e+00,2.49999919e+07,-8.10760062e+00,-9.56743577e-01,-7.15085704e+00,1.00006175e-09
15,3.96484186e-01,1.25638257e-08,99,12,0,36,normal_corr_dominates,1.04797615e+00,1.00000000e+00,2.49999999e+07,-8.90492348e-02,1.85611452e+00,-1.94516375e+00,1.00001978e-09
15,3.96484186e-01,1.25638257e-08,99,12,0,36,corr_ratio_high,1.48546028e+00,5.00000000e-01,2.49999999e+07,-8.90492348e-02,1.85611452e+00,-1.94516375e+00,1.00001978e-09
15,3.96484186e-01,1.25638257e-08,99,12,1,37,normal_corr_dominates,5.74816402e+00,1.00000000e+00,2.49999912e+07,-8.81313616e+00,1.85611452e+00,-1.06692507e+01,1.00005196e-09
15,3.96484186e-01,1.25638257e-08,99,12,2,38,normal_corr_dominates,5.52262166e+00,1.00000000e+00,2.50000121e+07,1.21067327e+01,1.85611452e+00,1.02506182e+01,1.00007979e-09
15,3.96484186e-01,1.25638257e-08,99,13,0,39,normal_corr_dominates,8.09099719e+00,1.00000000e+00,2.49999915e+07,-8.51987985e+00,-9.37177702e-01,-7.58270215e+00,1.00006487e-09
15,3.96484186e-01,1.25638257e-08,99,13,1,40,normal_corr_dominates,6.22464633e+00,1.00000000e+00,2.50000049e+07,4.89642204e+00,-9.37177702e-01,5.83359975e+00,1.00005438e-09
15,3.96484186e-01,1.25638257e-08,99,13,2,41,normal_corr_dominates,4.40629574e+00,1.00000000e+00,2.49999949e+07,-5.06665982e+00,-9.37177702e-01,-4.12948212e+00,1.00006442e-09
15,3.96484186e-01,1.25638257e-08,99,14,0,42,normal_corr_dominates,2.91544955e+00,1.00000000e+00,2.49999967e+07,-3.28552928e+00,1.71527842e+00,-5.00080770e+00,1.00004103e-09
15,3.96484186e-01,1.25638257e-08,99,14,1,43,normal_corr_dominates,1.47247814e+00,1.00000000e+00,2.50000042e+07,4.24098840e+00,1.71527842e+00,2.52570997e+00,1.00002008e-09
15,3.96484186e-01,1.25638257e-08,99,14,1,43,corr_ratio_high,1.30267381e+00,5.00000000e-01,2.50000042e+07,4.24098840e+00,1.71527842e+00,2.52570997e+00,1.00002008e-09
15,3.96484186e-01,1.25638257e-08,99,14,2,44,normal_corr_dominates,4.22475906e+00,1.00000000e+00,2.49999945e+07,-5.53135963e+00,1.71527842e+00,-7.24663805e+00,1.00009086e-09
15,3.96484186e-01,1.25638257e-08,99,14,2,44,corr_ratio_high,5.16361518e-01,5.00000000e-01,2.49999945e+07,-5.53135963e+00,1.71527842e+00,-7.24663805e+00,1.00009086e-09
16,4.20515876e-01,1.33253440e-08,99,0,0,0,normal_corr_dominates,6.57390885e+01,1.00000000e+00,2.49999856e+07,-1.44394197e+01,2.23040208e-01,-1.46624599e+01,1.00002146e-09
16,4.20515876e-01,1.33253440e-08,99,0,0,0,corr_ratio_high,1.32771817e+00,5.00000000e-01,2.49999856e+07,-1.44394197e+01,2.23040208e-01,-1.46624599e+01,1.00002146e-09
16,4.20515876e-01,1.33253440e-08,99,0,1,1,normal_corr_dominates,4.77455974e+01,1.00000000e+00,2.50000109e+07,1.08722282e+01,2.23040208e-01,1.06491880e+01,1.00007645e-09
16,4.20515876e-01,1.33253440e-08,99,0,2,2,normal_corr_dominates,1.66431158e+01,1.00000000e+00,2.49999965e+07,-3.48904379e+00,2.23040208e-01,-3.71208399e+00,1.00007332e-09
16,4.20515876e-01,1.33253440e-08,99,1,0,3,normal_corr_dominates,7.03754437e+00,1.00000000e+00,2.49999943e+07,-5.66015327e+00,9.37492616e-01,-6.59764589e+00,1.00004024e-09
16,4.20515876e-01,1.33253440e-08,99,1,0,3,corr_ratio_high,1.04078457e+00,5.00000000e-01,2.49999943e+07,-5.66015327e+00,9.37492616e-01,-6.59764589e+00,1.00004024e-09
16,4.20515876e-01,1.33253440e-08,99,1,2,5,normal_corr_dominates,3.35174620e+00,1.00000000e+00,2.49999978e+07,-2.20474470e+00,9.37492616e-01,-3.14223732e+00,1.00007478e-09
16,4.20515876e-01,1.33253440e-08,99,2,0,6,normal_corr_dominates,1.41298368e+00,1.00000000e+00,2.49999951e+07,-4.86787059e+00,-2.01736573e+00,-2.85050486e+00,1.00006216e-09
16,4.20515876e-01,1.33253440e-08,99,2,1,7,normal_corr_dominates,2.53329390e+00,1.00000000e+00,2.50000031e+07,3.09321457e+00,-2.01736573e+00,5.11058030e+00,1.00006921e-09
16,4.20515876e-01,1.33253440e-08,99,3,0,9,normal_corr_dominates,8.21239520e+00,1.00000000e+00,2.50000061e+07,6.09478874e+00,6.61585679e-01,5.43320306e+00,1.00006834e-09
16,4.20515876e-01,1.33253440e-08,99,3,1,10,normal_corr_dominates,1.61490848e+01,1.00000000e+00,2.50000113e+07,1.13455890e+01,6.61585679e-01,1.06840033e+01,1.00006671e-09
16,4.20515876e-01,1.33253440e-08,99,3,2,11,normal_corr_dominates,1.06020172e+01,1.00000000e+00,2.49999936e+07,-6.35255710e+00,6.61585679e-01,-7.01414278e+00,1.00006263e-09
16,4.20515876e-01,1.33253440e-08,99,4,0,12,normal_corr_dominates,1.03308258e+01,1.00000000e+00,2.50000029e+07,2.91683372e+00,2.57424637e-01,2.65940909e+00,1.00005685e-09
16,4.20515876e-01,1.33253440e-08,99,4,1,13,normal_corr_dominates,7.28078668e+00,1.00000000e+00,2.49999984e+07,-1.61682923e+00,2.57424637e-01,-1.87425387e+00,1.00004067e-09
16,4.20515876e-01,1.33253440e-08,99,4,1,13,corr_ratio_high,5.37295208e-01,5.00000000e-01,2.49999984e+07,-1.61682923e+00,2.57424637e-01,-1.87425387e+00,1.00004067e-09
16,4.20515876e-01,1.33253440e-08,99,4,2,14,normal_corr_dominates,3.62183604e+01,1.00000000e+00,2.50000096e+07,9.58092291e+00,2.57424637e-01,9.32349827e+00,1.00007020e-09
16,4.20515876e-01,1.33253440e-08,99,5,0,15,normal_corr_dominates,1.41573361e+00,1.00000000e+00,2.50000009e+07,8.62193909e-01,-2.07390957e+00,2.93610348e+00,1.00000169e-09
16,4.20515876e-01,1.33253440e-08,99,5,0,15,corr_ratio_high,1.95522743e+00,5.00000000e-01,2.50000009e+07,8.62193909e-01,-2.07390957e+00,2.93610348e+00,1.00000169e-09
16,4.20515876e-01,1.33253440e-08,99,5,1,16,normal_corr_dominates,2.45395306e+00,1.00000000e+00,2.50000030e+07,3.01536718e+00,-2.07390957e+00,5.08927675e+00,1.00007742e-09
16,4.20515876e-01,1.33253440e-08,99,5,2,17,normal_corr_dominates,1.28774940e+00,1.00000000e+00,2.49999953e+07,-4.74458538e+00,-2.07390957e+00,-2.67067581e+00,1.00008587e-09
16,4.20515876e-01,1.33253440e-08,99,6,0,18,normal_corr_dominates,2.42150004e+00,1.00000000e+00,2.50000024e+07,2.43879933e+00,-1.71565196e+00,4.15445129e+00,1.00006443e-09
16,4.20515876e-01,1.33253440e-08,99,6,1,19,normal_corr_dominates,1.63628261e+00,1.00000000e+00,2.49999955e+07,-4.52294342e+00,-1.71565196e+00,-2.80729146e+00,1.00007400e-09
16,4.20515876e-01,1.33253440e-08,99,6,2,20,normal_corr_dominates,1.04803980e+00,1.00000000e+00,2.49999965e+07,-3.51372349e+00,-1.71565196e+00,-1.79807153e+00,1.00007533e-09
16,4.20515876e-01,1.33253440e-08,99,7,0,21,normal_corr_dominates,2.28102176e+00,1.00000000e+00,2.50000006e+07,6.06503334e-01,1.84851969e-01,4.21651364e-01,1.00004815e-09
16,4.20515876e-01,1.33253440e-08,99,7,1,22,normal_corr_dominates,1.36839051e+01,1.00000000e+00,2.50000027e+07,2.71434877e+00,1.84851969e-01,2.52949680e+00,1.00005384e-09
16,4.20515876e-01,1.33253440e-08,99,7,2,23,normal_corr_dominates,3.04505876e+01,1.00000000e+00,2.49999946e+07,-5.44399910e+00,1.84851969e-01,-5.62885107e+00,1.00007524e-09
16,4.20515876e-01,1.33253440e-08,99,8,1,25,normal_corr_dominates,3.55367783e+00,1.00000000e+00,2.49999945e+07,-5.46870083e+00,-1.20094153e+00,-4.26775930e+00,1.00006143e-09
16,4.20515876e-01,1.33253440e-08,99,8,2,26,normal_corr_dominates,8.80797687e+00,1.00000000e+00,2.50000094e+07,9.37692371e+00,-1.20094153e+00,1.05778652e+01,1.00005799e-09
16,4.20515876e-01,1.33253440e-08,99,9,0,27,normal_corr_dominates,1.32853791e+00,1.00000000e+00,2.49999947e+07,-5.34766236e+00,-2.29657518e+00,-3.05108718e+00,1.00005504e-09
16,4.20515876e-01,1.33253440e-08,99,9,2,29,normal_corr_dominates,1.01805211e+00,1.00000000e+00,2.49999954e+07,-4.63460837e+00,-2.29657518e+00,-2.33803319e+00,1.00004153e-09
16,4.20515876e-01,1.33253440e-08,99,10,0,30,normal_corr_dominates,2.17160275e+01,1.00000000e+00,2.50000042e+07,4.23260099e+00,-2.04315281e-01,4.43691627e+00,1.00005485e-09
16,4.20515876e-01,1.33253440e-08,99,10,1,31,normal_corr_dominates,3.79200967e+01,1.00000000e+00,2.49999920e+07,-7.95197051e+00,-2.04315281e-01,-7.74765523e+00,1.00003085e-09
16,4.20515876e-01,1.33253440e-08,99,10,1,31,corr_ratio_high,1.19191944e+00,5.00000000e-01,2.49999920e+07,-7.95197051e+00,-2.04315281e-01,-7.74765523e+00,1.00003085e-09
16,4.20515876e-01,1.33253440e-08,99,10,2,32,normal_corr_dominates,3.18597315e+01,1.00000000e+00,2.49999933e+07,-6.71374529e+00,-2.04315281e-01,-6.50943001e+00,1.00008362e-09
16,4.20515876e-01,1.33253440e-08,99,11,0,33,normal_corr_dominates,9.56359709e+00,1.00000000e+00,2.50000087e+07,8.66122483e+00,-1.01140032e+00,9.67262515e+00,1.00006811e-09
16,4.20515876e-01,1.33253440e-08,99,11,1,34,normal_corr_dominates,9.99964891e+00,1.00000000e+00,2.49999889e+07,-1.11250484e+01,-1.01140032e+00,-1.01136481e+01,1.00005743e-09
16,4.20515876e-01,1.33253440e-08,99,11,2,35,normal_corr_dominates,7.47664283e+00,1.00000000e+00,2.49999914e+07,-8.57327927e+00,-1.01140032e+00,-7.56187895e+00,1.00006529e-09
16,4.20515876e-01,1.33253440e-08,99,12,0,36,normal_corr_dominates,1.04798367e+00,1.00000000e+00,2.49999999e+07,-9.41713193e-02,1.96257020e+00,-2.05674152e+00,1.00002091e-09
16,4.20515876e-01,1.33253440e-08,99,12,0,36,corr_ratio_high,1.48531041e+00,5.00000000e-01,2.49999999e+07,-9.41713193e-02,1.96257020e+00,-2.05674152e+00,1.00002091e-09
16,4.20515876e-01,1.33253440e-08,99,12,1,37,normal_corr_dominates,5.74889930e+00,1.00000000e+00,2.49999907e+07,-9.32004824e+00,1.96257020e+00,-1.12826184e+01,1.00005495e-09
16,4.20515876e-01,1.33253440e-08,99,12,2,38,normal_corr_dominates,5.52337787e+00,1.00000000e+00,2.50000128e+07,1.28025870e+01,1.96257020e+00,1.08400168e+01,1.00008436e-09
16,4.20515876e-01,1.33253440e-08,99,13,0,39,normal_corr_dominates,8.09212378e+00,1.00000000e+00,2.49999910e+07,-9.00845285e+00,-9.90797427e-01,-8.01765542e+00,1.00006859e-09
16,4.20515876e-01,1.33253440e-08,99,13,1,40,normal_corr_dominates,6.22584993e+00,1.00000000e+00,2.50000052e+07,5.17775867e+00,-9.90797427e-01,6.16855609e+00,1.00005750e-09
16,4.20515876e-01,1.33253440e-08,99,13,2,41,normal_corr_dominates,4.40614111e+00,1.00000000e+00,2.49999946e+07,-5.35639070e+00,-9.90797427e-01,-4.36559327e+00,1.00006812e-09
16,4.20515876e-01,1.33253440e-08,99,14,0,42,normal_corr_dominates,2.91598882e+00,1.00000000e+00,2.49999965e+07,-3.47454932e+00,1.81344968e+00,-5.28799900e+00,1.00004338e-09
16,4.20515876e-01,1.33253440e-08,99,14,1,43,normal_corr_dominates,1.47288388e+00,1.00000000e+00,2.50000045e+07,4.48445048e+00,1.81344968e+00,2.67100080e+00,1.00002123e-09
16,4.20515876e-01,1.33253440e-08,99,14,1,43,corr_ratio_high,1.30237500e+00,5.00000000e-01,2.50000045e+07,4.48445048e+00,1.81344968e+00,2.67100080e+00,1.00002123e-09
16,4.20515876e-01,1.33253440e-08,99,14,2,44,normal_corr_dominates,4.22474600e+00,1.00000000e+00,2.49999942e+07,-5.84791460e+00,1.81344968e+00,-7.66136427e+00,1.00009606e-09
16,4.20515876e-01,1.33253440e-08,99,14,2,44,corr_ratio_high,5.16342417e-01,5.00000000e-01,2.49999942e+07,-5.84791460e+00,1.81344968e+00,-7.66136427e+00,1.00009606e-09
17,4.44227857e-01,1.40767314e-08,99,0,0,0,normal_corr_dominates,6.56191183e+01,1.00000000e+00,2.49999848e+07,-1.52124461e+01,2.35417110e-01,-1.54478632e+01,1.00002260e-09
17,4.44227857e-01,1.40767314e-08,99,0,0,0,corr_ratio_high,1.32764841e+00,5.00000000e-01,2.49999848e+07,-1.52124461e+01,2.35417110e-01,-1.54478632e+01,1.00002260e-09
17,4.44227857e-01,1.40767314e-08,99,0,1,1,normal_corr_dominates,4.76444505e+01,1.00000000e+00,2.50000115e+07,1.14517360e+01,2.35417110e-01,1.12163188e+01,1.00008052e-09
17,4.44227857e-01,1.40767314e-08,99,0,2,2,normal_corr_dominates,1.66004915e+01,1.00000000e+00,2.49999963e+07,-3.67262262e+00,2.35417110e-01,-3.90803973e+00,1.00007723e-09
17,4.44227857e-01,1.40767314e-08,99,1,0,3,normal_corr_dominates,7.03659986e+00,1.00000000e+00,2.49999940e+07,-5.96489813e+00,9.88122165e-01,-6.95302029e+00,1.00004238e-09
17,4.44227857e-01,1.40767314e-08,99,1,0,3,corr_ratio_high,1.04093017e+00,5.00000000e-01,2.49999940e+07,-5.96489813e+00,9.88122165e-01,-6.95302029e+00,1.00004238e-09
17,4.44227857e-01,1.40767314e-08,99,1,2,5,normal_corr_dominates,3.34717682e+00,1.00000000e+00,2.49999977e+07,-2.31929744e+00,9.88122165e-01,-3.30741961e+00,1.00007877e-09
17,4.44227857e-01,1.40767314e-08,99,2,0,6,normal_corr_dominates,1.41327513e+00,1.00000000e+00,2.49999949e+07,-5.12908142e+00,-2.12536124e+00,-3.00372018e+00,1.00006547e-09
17,4.44227857e-01,1.40767314e-08,99,2,1,7,normal_corr_dominates,2.53246973e+00,1.00000000e+00,2.50000033e+07,3.25705175e+00,-2.12536124e+00,5.38241299e+00,1.00007290e-09
17,4.44227857e-01,1.40767314e-08,99,3,0,9,normal_corr_dominates,8.20297846e+00,1.00000000e+00,2.50000064e+07,6.41924835e+00,6.97518568e-01,5.72172978e+00,1.00007197e-09
17,4.44227857e-01,1.40767314e-08,99,3,1,10,normal_corr_dominates,1.61380356e+01,1.00000000e+00,2.50000120e+07,1.19540981e+01,6.97518568e-01,1.12565795e+01,1.00007027e-09
17,4.44227857e-01,1.40767314e-08,99,3,2,11,normal_corr_dominates,1.05922820e+01,1.00000000e+00,2.49999933e+07,-6.69079478e+00,6.97518568e-01,-7.38831335e+00,1.00006597e-09
17,4.44227857e-01,1.40767314e-08,99,4,0,12,normal_corr_dominates,1.03346351e+01,1.00000000e+00,2.50000031e+07,3.07101284e+00,2.70940599e-01,2.80007224e+00,1.00005988e-09
17,4.44227857e-01,1.40767314e-08,99,4,1,13,normal_corr_dominates,7.28955588e+00,1.00000000e+00,2.49999983e+07,-1.70409604e+00,2.70940599e-01,-1.97503664e+00,1.00004285e-09
17,4.44227857e-01,1.40767314e-08,99,4,1,13,corr_ratio_high,5.37060494e-01,5.00000000e-01,2.49999983e+07,-1.70409604e+00,2.70940599e-01,-1.97503664e+00,1.00004285e-09
17,4.44227857e-01,1.40767314e-08,99,4,2,14,normal_corr_dominates,3.62534841e+01,1.00000000e+00,2.50000101e+07,1.00934813e+01,2.70940599e-01,9.82254073e+00,1.00007394e-09
17,4.44227857e-01,1.40767314e-08,99,5,0,15,normal_corr_dominates,1.41597924e+00,1.00000000e+00,2.50000009e+07,9.08668515e-01,-2.18440831e+00,3.09307682e+00,1.00000178e-09
17,4.44227857e-01,1.40767314e-08,99,5,0,15,corr_ratio_high,1.95488162e+00,5.00000000e-01,2.50000009e+07,9.08668515e-01,-2.18440831e+00,3.09307682e+00,1.00000178e-09
17,4.44227857e-01,1.40767314e-08,99,5,1,16,normal_corr_dominates,2.45408395e+00,1.00000000e+00,2.50000032e+07,3.17631306e+00,-2.18440831e+00,5.36072137e+00,1.00008155e-09
17,4.44227857e-01,1.40767314e-08,99,5,2,17,normal_corr_dominates,1.28706013e+00,1.00000000e+00,2.49999950e+07,-4.99587316e+00,-2.18440831e+00,-2.81146485e+00,1.00009044e-09
17,4.44227857e-01,1.40767314e-08,99,6,0,18,normal_corr_dominates,2.42091499e+00,1.00000000e+00,2.50000026e+07,2.56812893e+00,-1.80737690e+00,4.37550583e+00,1.00006786e-09
17,4.44227857e-01,1.40767314e-08,99,6,1,19,normal_corr_dominates,1.63501715e+00,1.00000000e+00,2.49999952e+07,-4.76246912e+00,-1.80737690e+00,-2.95509222e+00,1.00007794e-09
17,4.44227857e-01,1.40767314e-08,99,6,2,20,normal_corr_dominates,1.04674520e+00,1.00000000e+00,2.49999963e+07,-3.69923998e+00,-1.80737690e+00,-1.89186308e+00,1.00007934e-09
17,4.44227857e-01,1.40767314e-08,99,7,0,21,normal_corr_dominates,2.27139561e+00,1.00000000e+00,2.50000006e+07,6.38177871e-01,1.95078171e-01,4.43099701e-01,1.00005072e-09
17,4.44227857e-01,1.40767314e-08,99,7,1,22,normal_corr_dominates,1.36576362e+01,1.00000000e+00,2.50000029e+07,2.85938486e+00,1.95078171e-01,2.66430669e+00,1.00005671e-09
17,4.44227857e-01,1.40767314e-08,99,7,2,23,normal_corr_dominates,3.03864837e+01,1.00000000e+00,2.49999943e+07,-5.73266149e+00,1.95078171e-01,-5.92773966e+00,1.00007924e-09
17,4.44227857e-01,1.40767314e-08,99,8,1,25,normal_corr_dominates,3.55291184e+00,1.00000000e+00,2.49999942e+07,-5.75992177e+00,-1.26510725e+00,-4.49481452e+00,1.00006470e-09
17,4.44227857e-01,1.40767314e-08,99,8,2,26,normal_corr_dominates,8.80826540e+00,1.00000000e+00,2.50000099e+07,9.87829315e+00,-1.26510725e+00,1.11434004e+01,1.00006108e-09
17,4.44227857e-01,1.40767314e-08,99,9,0,27,normal_corr_dominates,1.32891920e+00,1.00000000e+00,2.49999944e+07,-5.63288832e+00,-2.41867057e+00,-3.21421775e+00,1.00005797e-09
17,4.44227857e-01,1.40767314e-08,99,9,2,29,normal_corr_dominates,1.01802410e+00,1.00000000e+00,2.49999951e+07,-4.88093551e+00,-2.41867057e+00,-2.46226494e+00,1.00004375e-09
17,4.44227857e-01,1.40767314e-08,99,10,0,30,normal_corr_dominates,2.18165703e+01,1.00000000e+00,2.50000045e+07,4.45914283e+00,-2.14211216e-01,4.67335404e+00,1.00005777e-09
17,4.44227857e-01,1.40767314e-08,99,10,1,31,normal_corr_dominates,3.80976829e+01,1.00000000e+00,2.49999916e+07,-8.37516219e+00,-2.14211216e-01,-8.16095097e+00,1.00003250e-09
17,4.44227857e-01,1.40767314e-08,99,10,1,31,corr_ratio_high,1.19140134e+00,5.00000000e-01,2.49999916e+07,-8.37516219e+00,-2.14211216e-01,-8.16095097e+00,1.00003250e-09
17,4.44227857e-01,1.40767314e-08,99,10,2,32,normal_corr_dominates,3.20015327e+01,1.00000000e+00,2.49999929e+07,-7.06929844e+00,-2.14211216e-01,-6.85508722e+00,1.00008807e-09
17,4.44227857e-01,1.40767314e-08,99,11,0,33,normal_corr_dominates,9.56816032e+00,1.00000000e+00,2.50000091e+07,9.12608451e+00,-1.06511598e+00,1.01912005e+01,1.00007174e-09
17,4.44227857e-01,1.40767314e-08,99,11,1,34,normal_corr_dominates,1.00015596e+01,1.00000000e+00,2.49999883e+07,-1.17179369e+01,-1.06511598e+00,-1.06528210e+01,1.00006050e-09
17,4.44227857e-01,1.40767314e-08,99,11,2,35,normal_corr_dominates,7.47872848e+00,1.00000000e+00,2.49999910e+07,-9.03082923e+00,-1.06511598e+00,-7.96571324e+00,1.00006877e-09
17,4.44227857e-01,1.40767314e-08,99,12,0,36,normal_corr_dominates,1.04800027e+00,1.00000000e+00,2.49999999e+07,-9.92225665e-02,2.06712535e+00,-2.16634792e+00,1.00002203e-09
17,4.44227857e-01,1.40767314e-08,99,12,0,36,corr_ratio_high,1.48516279e+00,5.00000000e-01,2.49999999e+07,-9.92225665e-02,2.06712535e+00,-2.16634792e+00,1.00002203e-09
17,4.44227857e-01,1.40767314e-08,99,12,1,37,normal_corr_dominates,5.74968552e+00,1.00000000e+00,2.49999902e+07,-9.81819536e+00,2.06712535e+00,-1.18853207e+01,1.00005789e-09
17,4.44227857e-01,1.40767314e-08,99,12,2,38,normal_corr_dominates,5.52417970e+00,1.00000000e+00,2.50000135e+07,1.34862973e+01,2.06712535e+00,1.14191719e+01,1.00008886e-09
17,4.44227857e-01,1.40767314e-08,99,13,0,39,normal_corr_dominates,8.09290460e+00,1.00000000e+00,2.49999905e+07,-9.48844249e+00,-1.04349962e+00,-8.44494287e+00,1.00007225e-09
17,4.44227857e-01,1.40767314e-08,99,13,1,40,normal_corr_dominates,6.22678738e+00,1.00000000e+00,2.50000055e+07,5.45415063e+00,-1.04349962e+00,6.49765025e+00,1.00006056e-09
17,4.44227857e-01,1.40767314e-08,99,13,2,41,normal_corr_dominates,4.40581079e+00,1.00000000e+00,2.49999944e+07,-5.64096149e+00,-1.04349962e+00,-4.59746187e+00,1.00007175e-09
17,4.44227857e-01,1.40767314e-08,99,14,0,42,normal_corr_dominates,2.91653039e+00,1.00000000e+00,2.49999963e+07,-3.66030166e+00,1.90985840e+00,-5.57016006e+00,1.00004570e-09
17,4.44227857e-01,1.40767314e-08,99,14,1,43,normal_corr_dominates,1.47329883e+00,1.00000000e+00,2.50000047e+07,4.72365054e+00,1.90985840e+00,2.81379215e+00,1.00002237e-09
17,4.44227857e-01,1.40767314e-08,99,14,1,43,corr_ratio_high,1.30208438e+00,5.00000000e-01,2.50000047e+07,4.72365054e+00,1.90985840e+00,2.81379215e+00,1.00002237e-09
17,4.44227857e-01,1.40767314e-08,99,14,2,44,normal_corr_dominates,4.22479715e+00,1.00000000e+00,2.49999938e+07,-6.15890591e+00,1.90985840e+00,-8.06876430e+00,1.00010118e-09
17,4.44227857e-01,1.40767314e-08,99,14,2,44,corr_ratio_high,5.16323537e-01,5.00000000e-01,2.49999938e+07,-6.15890591e+00,1.90985840e+00,-8.06876430e+00,1.00010118e-09
18,4.69378806e-01,1.48737168e-08,99,0,0,0,normal_corr_dominates,6.55056564e+01,1.00000000e+00,2.49999840e+07,-1.60293281e+01,2.48494923e-01,-1.62778230e+01,1.00002380e-09
18,4.69378806e-01,1.48737168e-08,99,0,0,0,corr_ratio_high,1.32757489e+00,5.00000000e-01,2.49999840e+07,-1.60293281e+01,2.48494923e-01,-1.62778230e+01,1.00002380e-09
18,4.69378806e-01,1.48737168e-08,99,0,1,1,normal_corr_dominates,4.75473693e+01,1.00000000e+00,2.50000121e+07,1.20637748e+01,2.48494923e-01,1.18152798e+01,1.00008482e-09
18,4.69378806e-01,1.48737168e-08,99,0,2,2,normal_corr_dominates,1.65588748e+01,1.00000000e+00,2.49999961e+07,-3.86630138e+00,2.48494923e-01,-4.11479631e+00,1.00008136e-09
18,4.69378806e-01,1.48737168e-08,99,1,0,3,normal_corr_dominates,7.03595171e+00,1.00000000e+00,2.49999937e+07,-6.28713280e+00,1.04161417e+00,-7.32874697e+00,1.00004464e-09
18,4.69378806e-01,1.48737168e-08,99,1,0,3,corr_ratio_high,1.04107682e+00,5.00000000e-01,2.49999937e+07,-6.28713280e+00,1.04161417e+00,-7.32874697e+00,1.00004464e-09
18,4.69378806e-01,1.48737168e-08,99,1,2,5,normal_corr_dominates,3.34259650e+00,1.00000000e+00,2.49999976e+07,-2.44008169e+00,1.04161417e+00,-3.48169586e+00,1.00008297e-09
18,4.69378806e-01,1.48737168e-08,99,2,0,6,normal_corr_dominates,1.41355413e+00,1.00000000e+00,2.49999946e+07,-5.40515758e+00,-2.23950128e+00,-3.16565630e+00,1.00006898e-09
18,4.69378806e-01,1.48737168e-08,99,2,1,7,normal_corr_dominates,2.53158647e+00,1.00000000e+00,2.50000034e+07,3.42998987e+00,-2.23950128e+00,5.66949115e+00,1.00007680e-09
18,4.69378806e-01,1.48737168e-08,99,3,0,9,normal_corr_dominates,8.19362841e+00,1.00000000e+00,2.50000068e+07,6.76186140e+00,7.35494312e-01,6.02636709e+00,1.00007582e-09
18,4.69378806e-01,1.48737168e-08,99,3,1,10,normal_corr_dominates,1.61273056e+01,1.00000000e+00,2.50000126e+07,1.25970358e+01,7.35494312e-01,1.18615415e+01,1.00007402e-09
18,4.69378806e-01,1.48737168e-08,99,3,2,11,normal_corr_dominates,1.05826666e+01,1.00000000e+00,2.49999930e+07,-7.04799681e+00,7.35494312e-01,-7.78349112e+00,1.00006950e-09
18,4.69378806e-01,1.48737168e-08,99,4,0,12,normal_corr_dominates,1.03398178e+01,1.00000000e+00,2.50000032e+07,3.23371471e+00,2.85164607e-01,2.94855010e+00,1.00006308e-09
18,4.69378806e-01,1.48737168e-08,99,4,1,13,normal_corr_dominates,7.29950339e+00,1.00000000e+00,2.49999982e+07,-1.79639541e+00,2.85164607e-01,-2.08156002e+00,1.00004515e-09
18,4.69378806e-01,1.48737168e-08,99,4,1,13,corr_ratio_high,5.36818035e-01,5.00000000e-01,2.49999982e+07,-1.79639541e+00,2.85164607e-01,-2.08156002e+00,1.00004515e-09
18,4.69378806e-01,1.48737168e-08,99,4,2,14,normal_corr_dominates,3.62941171e+01,1.00000000e+00,2.50000106e+07,1.06349623e+01,2.85164607e-01,1.03497977e+01,1.00007789e-09
18,4.69378806e-01,1.48737168e-08,99,5,0,15,normal_corr_dominates,1.41621896e+00,1.00000000e+00,2.50000010e+07,9.57783008e-01,-2.30115180e+00,3.25893481e+00,1.00000188e-09
18,4.69378806e-01,1.48737168e-08,99,5,0,15,corr_ratio_high,1.95452649e+00,5.00000000e-01,2.50000010e+07,9.57783008e-01,-2.30115180e+00,3.25893481e+00,1.00000188e-09
18,4.69378806e-01,1.48737168e-08,99,5,1,16,normal_corr_dominates,2.45417198e+00,1.00000000e+00,2.50000033e+07,3.34627047e+00,-2.30115180e+00,5.64742228e+00,1.00008591e-09
18,4.69378806e-01,1.48737168e-08,99,5,2,17,normal_corr_dominates,1.28633450e+00,1.00000000e+00,2.49999947e+07,-5.26120276e+00,-2.30115180e+00,-2.96005096e+00,1.00009527e-09
18,4.69378806e-01,1.48737168e-08,99,6,0,18,normal_corr_dominates,2.42026520e+00,1.00000000e+00,2.50000027e+07,2.70462730e+00,-1.90431146e+00,4.60893876e+00,1.00007150e-09
18,4.69378806e-01,1.48737168e-08,99,6,1,19,normal_corr_dominates,1.63366578e+00,1.00000000e+00,2.49999950e+07,-5.01531993e+00,-1.90431146e+00,-3.11100847e+00,1.00008211e-09
18,4.69378806e-01,1.48737168e-08,99,6,2,20,normal_corr_dominates,1.04539889e+00,1.00000000e+00,2.49999961e+07,-3.89507655e+00,-1.90431146e+00,-1.99076509e+00,1.00008357e-09
18,4.69378806e-01,1.48737168e-08,99,7,0,21,normal_corr_dominates,2.26169524e+00,1.00000000e+00,2.50000007e+07,6.71485137e-01,2.05869981e-01,4.65615156e-01,1.00005343e-09
18,4.69378806e-01,1.48737168e-08,99,7,1,22,normal_corr_dominates,1.36334724e+01,1.00000000e+00,2.50000030e+07,3.01259268e+00,2.05869981e-01,2.80672270e+00,1.00005974e-09
18,4.69378806e-01,1.48737168e-08,99,7,2,23,normal_corr_dominates,3.03266171e+01,1.00000000e+00,2.49999940e+07,-6.03747010e+00,2.05869981e-01,-6.24334008e+00,1.00008348e-09
18,4.69378806e-01,1.48737168e-08,99,8,1,25,normal_corr_dominates,3.55201890e+00,1.00000000e+00,2.49999939e+07,-6.06748467e+00,-1.33292168e+00,-4.73456299e+00,1.00006816e-09
18,4.69378806e-01,1.48737168e-08,99,8,2,26,normal_corr_dominates,8.80836397e+00,1.00000000e+00,2.50000104e+07,1.04079376e+01,-1.33292168e+00,1.17408593e+01,1.00006435e-09
18,4.69378806e-01,1.48737168e-08,99,9,0,27,normal_corr_dominates,1.32930134e+00,1.00000000e+00,2.49999941e+07,-5.93421094e+00,-2.54763556e+00,-3.38657538e+00,1.00006107e-09
18,4.69378806e-01,1.48737168e-08,99,9,2,29,normal_corr_dominates,1.01797211e+00,1.00000000e+00,2.49999949e+07,-5.14105751e+00,-2.54763556e+00,-2.59342195e+00,1.00004609e-09
18,4.69378806e-01,1.48737168e-08,99,10,0,30,normal_corr_dominates,2.19176785e+01,1.00000000e+00,2.50000047e+07,4.69848700e+00,-2.24617995e-01,4.92310500e+00,1.00006086e-09
18,4.69378806e-01,1.48737168e-08,99,10,1,31,normal_corr_dominates,3.82759553e+01,1.00000000e+00,2.49999912e+07,-8.82208632e+00,-2.24617995e-01,-8.59746832e+00,1.00003424e-09
18,4.69378806e-01,1.48737168e-08,99,10,1,31,corr_ratio_high,1.19086560e+00,5.00000000e-01,2.49999912e+07,-8.82208632e+00,-2.24617995e-01,-8.59746832e+00,1.00003424e-09
18,4.69378806e-01,1.48737168e-08,99,10,2,32,normal_corr_dominates,3.21437928e+01,1.00000000e+00,2.49999926e+07,-7.44469229e+00,-2.24617995e-01,-7.22007429e+00,1.00009277e-09
18,4.69378806e-01,1.48737168e-08,99,11,0,33,normal_corr_dominates,9.57247750e+00,1.00000000e+00,2.50000096e+07,9.61722879e+00,-1.12187274e+00,1.07391015e+01,1.00007557e-09
18,4.69378806e-01,1.48737168e-08,99,11,1,34,normal_corr_dominates,1.00031348e+01,1.00000000e+00,2.49999877e+07,-1.23441170e+01,-1.12187274e+00,-1.12222443e+01,1.00006374e-09
18,4.69378806e-01,1.48737168e-08,99,11,2,35,normal_corr_dominates,7.48058467e+00,1.00000000e+00,2.49999905e+07,-9.51413673e+00,-1.12187274e+00,-8.39226400e+00,1.00007245e-09
18,4.69378806e-01,1.48737168e-08,99,12,0,36,normal_corr_dominates,1.04802681e+00,1.00000000e+00,2.49999999e+07,-1.04579281e-01,2.17751896e+00,-2.28209824e+00,1.00002321e-09
18,4.69378806e-01,1.48737168e-08,99,12,0,36,corr_ratio_high,1.48500673e+00,5.00000000e-01,2.49999999e+07,-1.04579281e-01,2.17751896e+00,-2.28209824e+00,1.00002321e-09
18,4.69378806e-01,1.48737168e-08,99,12,1,37,normal_corr_dominates,5.75057834e+00,1.00000000e+00,2.49999897e+07,-1.03444744e+01,2.17751896e+00,-1.25219934e+01,1.00006099e-09
18,4.69378806e-01,1.48737168e-08,99,12,2,38,normal_corr_dominates,5.52508376e+00,1.00000000e+00,2.50000142e+07,1.42084936e+01,2.17751896e+00,1.20309746e+01,1.00009361e-09
18,4.69378806e-01,1.48737168e-08,99,13,0,39,normal_corr_dominates,8.09340796e+00,1.00000000e+00,2.49999900e+07,-9.99539558e+00,-1.09919137e+00,-8.89620421e+00,1.00007611e-09
18,4.69378806e-01,1.48737168e-08,99,13,1,40,normal_corr_dominates,6.22753543e+00,1.00000000e+00,2.50000057e+07,5.74606185e+00,-1.09919137e+00,6.84525322e+00,1.00006380e-09
18,4.69378806e-01,1.48737168e-08,99,13,2,41,normal_corr_dominates,4.40528778e+00,1.00000000e+00,2.49999941e+07,-5.94144570e+00,-1.09919137e+00,-4.84225433e+00,1.00007558e-09
18,4.69378806e-01,1.48737168e-08,99,14,0,42,normal_corr_dominates,2.91711397e+00,1.00000000e+00,2.49999961e+07,-3.85654456e+00,2.01164074e+00,-5.86818530e+00,1.00004814e-09
18,4.69378806e-01,1.48737168e-08,99,14,1,43,normal_corr_dominates,1.47375267e+00,1.00000000e+00,2.50000050e+07,4.97630165e+00,2.01164074e+00,2.96466091e+00,1.00002357e-09
18,4.69378806e-01,1.48737168e-08,99,14,1,43,corr_ratio_high,1.30178070e+00,5.00000000e-01,2.50000050e+07,4.97630165e+00,2.01164074e+00,2.96466091e+00,1.00002357e-09
18,4.69378806e-01,1.48737168e-08,99,14,2,44,normal_corr_dominates,4.22491409e+00,1.00000000e+00,2.49999935e+07,-6.48736857e+00,2.01164074e+00,-8.49900931e+00,1.00010658e-09
18,4.69378806e-01,1.48737168e-08,99,14,2,44,corr_ratio_high,5.16303504e-01,5.00000000e-01,2.49999935e+07,-6.48736857e+00,2.01164074e+00,-8.49900931e+00,1.00010658e-09
19,4.96064928e-01,1.57193490e-08,99,0,0,0,normal_corr_dominates,6.53993436e+01,1.00000000e+00,2.49999831e+07,-1.68927841e+01,2.62312986e-01,-1.71550971e+01,1.00002508e-09
19,4.96064928e-01,1.57193490e-08,99,0,0,0,corr_ratio_high,1.32749751e+00,5.00000000e-01,2.49999831e+07,-1.68927841e+01,2.62312986e-01,-1.71550971e+01,1.00002508e-09
19,4.96064928e-01,1.57193490e-08,99,0,1,1,normal_corr_dominates,4.74548026e+01,1.00000000e+00,2.50000127e+07,1.27103240e+01,2.62312986e-01,1.24480110e+01,1.00008937e-09
19,4.96064928e-01,1.57193490e-08,99,0,2,2,normal_corr_dominates,1.65184138e+01,1.00000000e+00,2.49999959e+07,-4.07068146e+00,2.62312986e-01,-4.33299445e+00,1.00008573e-09
19,4.96064928e-01,1.57193490e-08,99,1,0,3,normal_corr_dominates,7.03561872e+00,1.00000000e+00,2.49999934e+07,-6.62796032e+00,1.09814099e+00,-7.72610131e+00,1.00004703e-09
19,4.96064928e-01,1.57193490e-08,99,1,0,3,corr_ratio_high,1.04122438e+00,5.00000000e-01,2.49999934e+07,-6.62796032e+00,1.09814099e+00,-7.72610131e+00,1.00004703e-09
19,4.96064928e-01,1.57193490e-08,99,1,2,5,normal_corr_dominates,3.33801088e+00,1.00000000e+00,2.49999974e+07,-2.56746559e+00,1.09814099e+00,-3.66560658e+00,1.00008742e-09
19,4.96064928e-01,1.57193490e-08,99,2,0,6,normal_corr_dominates,1.41381921e+00,1.00000000e+00,2.49999943e+07,-5.69702540e+00,-2.36017071e+00,-3.33685469e+00,1.00007268e-09
19,4.96064928e-01,1.57193490e-08,99,2,1,7,normal_corr_dominates,2.53064103e+00,1.00000000e+00,2.50000036e+07,3.61257414e+00,-2.36017071e+00,5.97274485e+00,1.00008092e-09
19,4.96064928e-01,1.57193490e-08,99,3,0,9,normal_corr_dominates,8.18436700e+00,1.00000000e+00,2.50000071e+07,7.12372562e+00,7.75635993e-01,6.34808962e+00,1.00007988e-09
19,4.96064928e-01,1.57193490e-08,99,3,1,10,normal_corr_dominates,1.61169414e+01,1.00000000e+00,2.50000133e+07,1.32765158e+01,7.75635993e-01,1.25008798e+01,1.00007798e-09
19,4.96064928e-01,1.57193490e-08,99,3,2,11,normal_corr_dominates,1.05732003e+01,1.00000000e+00,2.49999926e+07,-7.42531874e+00,7.75635993e-01,-8.20095473e+00,1.00007323e-09
19,4.96064928e-01,1.57193490e-08,99,4,0,12,normal_corr_dominates,1.03464753e+01,1.00000000e+00,2.50000034e+07,3.40544574e+00,3.00132477e-01,3.10531326e+00,1.00006647e-09
19,4.96064928e-01,1.57193490e-08,99,4,1,13,normal_corr_dominates,7.31071217e+00,1.00000000e+00,2.49999981e+07,-1.89404967e+00,3.00132477e-01,-2.19418215e+00,1.00004759e-09
19,4.96064928e-01,1.57193490e-08,99,4,1,13,corr_ratio_high,5.36567640e-01,5.00000000e-01,2.49999981e+07,-1.89404967e+00,3.00132477e-01,-2.19418215e+00,1.00004759e-09
19,4.96064928e-01,1.57193490e-08,99,4,2,14,normal_corr_dominates,3.63406365e+01,1.00000000e+00,2.50000112e+07,1.12071377e+01,3.00132477e-01,1.09070052e+01,1.00008206e-09
19,4.96064928e-01,1.57193490e-08,99,5,0,15,normal_corr_dominates,1.41645184e+00,1.00000000e+00,2.50000010e+07,1.00969915e+00,-2.42452799e+00,3.43422714e+00,1.00000199e-09
19,4.96064928e-01,1.57193490e-08,99,5,0,15,corr_ratio_high,1.95416198e+00,5.00000000e-01,2.50000010e+07,1.00969915e+00,-2.42452799e+00,3.43422714e+00,1.00000199e-09
19,4.96064928e-01,1.57193490e-08,99,5,1,16,normal_corr_dominates,2.45421392e+00,1.00000000e+00,2.50000035e+07,3.52578235e+00,-2.42452799e+00,5.95031035e+00,1.00009052e-09
19,4.96064928e-01,1.57193490e-08,99,5,2,17,normal_corr_dominates,1.28557079e+00,1.00000000e+00,2.49999945e+07,-5.54143036e+00,-2.42452799e+00,-3.11690237e+00,1.00010037e-09
19,4.96064928e-01,1.57193490e-08,99,6,0,18,normal_corr_dominates,2.41954664e+00,1.00000000e+00,2.50000028e+07,2.84872020e+00,-2.00678168e+00,4.85550188e+00,1.00007533e-09
19,4.96064928e-01,1.57193490e-08,99,6,1,19,normal_corr_dominates,1.63222510e+00,1.00000000e+00,2.49999947e+07,-5.28230112e+00,-2.00678168e+00,-3.27551944e+00,1.00008651e-09
19,4.96064928e-01,1.57193490e-08,99,6,2,20,normal_corr_dominates,1.04399884e+00,1.00000000e+00,2.49999959e+07,-4.10185944e+00,-2.00678168e+00,-2.09507775e+00,1.00008805e-09
19,4.96064928e-01,1.57193490e-08,99,7,0,21,normal_corr_dominates,2.25193072e+00,1.00000000e+00,2.50000007e+07,7.06507007e-01,2.17257706e-01,4.89249301e-01,1.00005629e-09
19,4.96064928e-01,1.57193490e-08,99,7,1,22,normal_corr_dominates,1.36115476e+01,1.00000000e+00,2.50000032e+07,3.17447130e+00,2.17257706e-01,2.95721360e+00,1.00006294e-09
19,4.96064928e-01,1.57193490e-08,99,7,2,23,normal_corr_dominates,3.02712718e+01,1.00000000e+00,2.49999936e+07,-6.35940935e+00,2.17257706e-01,-6.57666706e+00,1.00008795e-09
19,4.96064928e-01,1.57193490e-08,99,8,1,25,normal_corr_dominates,3.55099021e+00,1.00000000e+00,2.49999936e+07,-6.39238631e+00,-1.40461438e+00,-4.98777193e+00,1.00007181e-09
19,4.96064928e-01,1.57193490e-08,99,8,2,26,normal_corr_dominates,8.80825560e+00,1.00000000e+00,2.50000110e+07,1.09675881e+01,-1.40461438e+00,1.23722025e+01,1.00006780e-09
19,4.96064928e-01,1.57193490e-08,99,9,0,27,normal_corr_dominates,1.32968353e+00,1.00000000e+00,2.49999937e+07,-6.25262224e+00,-2.68389339e+00,-3.56872885e+00,1.00006435e-09
19,4.96064928e-01,1.57193490e-08,99,9,2,29,normal_corr_dominates,1.01789501e+00,1.00000000e+00,2.49999946e+07,-5.41581509e+00,-2.68389339e+00,-2.73192170e+00,1.00004857e-09
19,4.96064928e-01,1.57193490e-08,99,10,0,30,normal_corr_dominates,2.20191739e+01,1.00000000e+00,2.50000050e+07,4.95141920e+00,-2.35566784e-01,5.18698599e+00,1.00006412e-09
19,4.96064928e-01,1.57193490e-08,99,10,1,31,normal_corr_dominates,3.84545845e+01,1.00000000e+00,2.49999907e+07,-9.29418957e+00,-2.35566784e-01,-9.05862278e+00,1.00003609e-09
19,4.96064928e-01,1.57193490e-08,99,10,1,31,corr_ratio_high,1.19031176e+00,5.00000000e-01,2.49999907e+07,-9.29418957e+00,-2.35566784e-01,-9.05862278e+00,1.00003609e-09
19,4.96064928e-01,1.57193490e-08,99,10,2,32,normal_corr_dominates,3.22862396e+01,1.00000000e+00,2.49999922e+07,-7.84113241e+00,-2.35566784e-01,-7.60556563e+00,1.00009774e-09
19,4.96064928e-01,1.57193490e-08,99,11,0,33,normal_corr_dominates,9.57652255e+00,1.00000000e+00,2.50000101e+07,1.01362664e+01,-1.18186203e+00,1.13181284e+01,1.00007961e-09
19,4.96064928e-01,1.57193490e-08,99,11,1,34,normal_corr_dominates,1.00043466e+01,1.00000000e+00,2.49999870e+07,-1.30056194e+01,-1.18186203e+00,-1.18237574e+01,1.00006716e-09
19,4.96064928e-01,1.57193490e-08,99,11,2,35,normal_corr_dominates,7.48219107e+00,1.00000000e+00,2.49999900e+07,-1.00247796e+01,-1.18186203e+00,-8.84291754e+00,1.00007633e-09
19,4.96064928e-01,1.57193490e-08,99,12,0,36,normal_corr_dominates,1.04806398e+00,1.00000000e+00,2.49999999e+07,-1.10263635e-01,2.29410144e+00,-2.40436507e+00,1.00002445e-09
19,4.96064928e-01,1.57193490e-08,99,12,0,36,corr_ratio_high,1.48484196e+00,5.00000000e-01,2.49999999e+07,-1.10263635e-01,2.29410144e+00,-2.40436507e+00,1.00002445e-09
19,4.96064928e-01,1.57193490e-08,99,12,1,37,normal_corr_dominates,5.75158474e+00,1.00000000e+00,2.49999891e+07,-1.09006174e+01,2.29410144e+00,-1.31947188e+01,1.00006427e-09
19,4.96064928e-01,1.57193490e-08,99,12,2,38,normal_corr_dominates,5.52609626e+00,1.00000000e+00,2.50000150e+07,1.49715268e+01,2.29410144e+00,1.26774254e+01,1.00009863e-09
19,4.96064928e-01,1.57193490e-08,99,13,0,39,normal_corr_dominates,8.09361151e+00,1.00000000e+00,2.49999895e+07,-1.05309594e+01,-1.15806129e+00,-9.37289815e+00,1.00008020e-09
19,4.96064928e-01,1.57193490e-08,99,13,1,40,normal_corr_dominates,6.22807789e+00,1.00000000e+00,2.50000061e+07,6.05443461e+00,-1.15806129e+00,7.21249590e+00,1.00006722e-09
19,4.96064928e-01,1.57193490e-08,99,13,2,41,normal_corr_dominates,4.40455924e+00,1.00000000e+00,2.49999937e+07,-6.25881083e+00,-1.15806129e+00,-5.10074954e+00,1.00007963e-09
19,4.96064928e-01,1.57193490e-08,99,14,0,42,normal_corr_dominates,2.91774222e+00,1.00000000e+00,2.49999959e+07,-4.06392382e+00,2.11911891e+00,-6.18304273e+00,1.00005073e-09
19,4.96064928e-01,1.57193490e-08,99,14,1,43,normal_corr_dominates,1.47424742e+00,1.00000000e+00,2.50000052e+07,5.24322451e+00,2.11911891e+00,3.12410560e+00,1.00002483e-09
19,4.96064928e-01,1.57193490e-08,99,14,1,43,corr_ratio_high,1.30146357e+00,5.00000000e-01,2.50000052e+07,5.24322451e+00,2.11911891e+00,3.12410560e+00,1.00002483e-09
19,4.96064928e-01,1.57193490e-08,99,14,2,44,normal_corr_dominates,4.22510170e+00,1.00000000e+00,2.49999932e+07,-6.83437401e+00,2.11911891e+00,-8.95349293e+00,1.00011228e-09
19,4.96064928e-01,1.57193490e-08,99,14,2,44,corr_ratio_high,5.16282268e-01,5.00000000e-01,2.49999932e+07,-6.83437401e+00,2.11911891e+00,-8.95349293e+00,1.00011228e-09
20,5.22361202e-01,1.65526276e-08,99,0,0,0,normal_corr_dominates,6.53074341e+01,1.00000000e+00,2.49999823e+07,-1.77404605e+01,2.75869513e-01,-1.80163300e+01,1.00002632e-09
20,5.22361202e-01,1.65526276e-08,99,0,0,0,corr_ratio_high,1.32742195e+00,5.00000000e-01,2.49999823e+07,-1.77404605e+01,2.75869513e-01,-1.80163300e+01,1.00002632e-09
20,5.22361202e-01,1.65526276e-08,99,0,1,1,normal_corr_dominates,4.73731436e+01,1.00000000e+00,2.50000133e+07,1.33446755e+01,2.75869513e-01,1.30688060e+01,1.00009383e-09
20,5.22361202e-01,1.65526276e-08,99,0,2,2,normal_corr_dominates,1.64819433e+01,1.00000000e+00,2.49999957e+07,-4.27099616e+00,2.75869513e-01,-4.54686567e+00,1.00009002e-09
20,5.22361202e-01,1.65526276e-08,99,1,0,3,normal_corr_dominates,7.03560855e+00,1.00000000e+00,2.49999930e+07,-6.96277604e+00,1.15361624e+00,-8.11639228e+00,1.00004938e-09
20,5.22361202e-01,1.65526276e-08,99,1,0,3,corr_ratio_high,1.04136236e+00,5.00000000e-01,2.49999930e+07,-6.96277604e+00,1.15361624e+00,-8.11639228e+00,1.00004938e-09
20,5.22361202e-01,1.65526276e-08,99,1,2,5,normal_corr_dominates,3.33374508e+00,1.00000000e+00,2.49999973e+07,-2.69224622e+00,1.15361624e+00,-3.84586246e+00,1.00009178e-09
20,5.22361202e-01,1.65526276e-08,99,2,0,6,normal_corr_dominates,1.41405197e+00,1.00000000e+00,2.49999940e+07,-5.98361044e+00,-2.47865850e+00,-3.50495194e+00,1.00007632e-09
20,5.22361202e-01,1.65526276e-08,99,2,1,7,normal_corr_dominates,2.52970284e+00,1.00000000e+00,2.50000038e+07,3.79161095e+00,-2.47865850e+00,6.27026945e+00,1.00008496e-09
20,5.22361202e-01,1.65526276e-08,99,3,0,9,normal_corr_dominates,8.17585044e+00,1.00000000e+00,2.50000075e+07,7.47869577e+00,8.15041158e-01,6.66365461e+00,1.00008386e-09
20,5.22361202e-01,1.65526276e-08,99,3,1,10,normal_corr_dominates,1.61076701e+01,1.00000000e+00,2.50000139e+07,1.39434552e+01,8.15041158e-01,1.31284141e+01,1.00008188e-09
20,5.22361202e-01,1.65526276e-08,99,3,2,11,normal_corr_dominates,1.05645538e+01,1.00000000e+00,2.49999922e+07,-7.79550502e+00,8.15041158e-01,-8.61054618e+00,1.00007689e-09
20,5.22361202e-01,1.65526276e-08,99,4,0,12,normal_corr_dominates,1.03540863e+01,1.00000000e+00,2.50000036e+07,3.57379479e+00,3.14758467e-01,3.25903632e+00,1.00006979e-09
20,5.22361202e-01,1.65526276e-08,99,4,1,13,normal_corr_dominates,7.32234899e+00,1.00000000e+00,2.49999980e+07,-1.99001288e+00,3.14758467e-01,-2.30477134e+00,1.00004997e-09
20,5.22361202e-01,1.65526276e-08,99,4,1,13,corr_ratio_high,5.36327397e-01,5.00000000e-01,2.49999980e+07,-1.99001288e+00,3.14758467e-01,-2.30477134e+00,1.00004997e-09
20,5.22361202e-01,1.65526276e-08,99,4,2,14,normal_corr_dominates,3.63895473e+01,1.00000000e+00,2.50000118e+07,1.17686766e+01,3.14758467e-01,1.14539181e+01,1.00008616e-09
20,5.22361202e-01,1.65526276e-08,99,5,0,15,normal_corr_dominates,1.41666152e+00,1.00000000e+00,2.50000011e+07,1.06066586e+00,-2.54562951e+00,3.60629537e+00,1.00000209e-09
20,5.22361202e-01,1.65526276e-08,99,5,0,15,corr_ratio_high,1.95381438e+00,5.00000000e-01,2.50000011e+07,1.06066586e+00,-2.54562951e+00,3.60629537e+00,1.00000209e-09
20,5.22361202e-01,1.65526276e-08,99,5,1,16,normal_corr_dominates,2.45420862e+00,1.00000000e+00,2.50000037e+07,3.70187638e+00,-2.54562951e+00,6.24750589e+00,1.00009504e-09
20,5.22361202e-01,1.65526276e-08,99,5,2,17,normal_corr_dominates,1.28482453e+00,1.00000000e+00,2.49999942e+07,-5.81631674e+00,-2.54562951e+00,-3.27068723e+00,1.00010537e-09
20,5.22361202e-01,1.65526276e-08,99,6,0,18,normal_corr_dominates,2.41881277e+00,1.00000000e+00,2.50000030e+07,2.98999266e+00,-2.10739058e+00,5.09738324e+00,1.00007910e-09
20,5.22361202e-01,1.65526276e-08,99,6,1,19,normal_corr_dominates,1.63080161e+00,1.00000000e+00,2.49999945e+07,-5.54412654e+00,-2.10739058e+00,-3.43673596e+00,1.00009083e-09
20,5.22361202e-01,1.65526276e-08,99,6,2,20,normal_corr_dominates,1.04264624e+00,1.00000000e+00,2.49999957e+07,-4.30465344e+00,-2.10739058e+00,-2.19726286e+00,1.00009244e-09
20,5.22361202e-01,1.65526276e-08,99,7,0,21,normal_corr_dominates,2.24279782e+00,1.00000000e+00,2.50000007e+07,7.40704268e-01,2.28415186e-01,5.12289082e-01,1.00005910e-09
20,5.22361202e-01,1.65526276e-08,99,7,1,22,normal_corr_dominates,1.35932789e+01,1.00000000e+00,2.50000033e+07,3.33332652e+00,2.28415186e-01,3.10491134e+00,1.00006609e-09
20,5.22361202e-01,1.65526276e-08,99,7,2,23,normal_corr_dominates,3.02240926e+01,1.00000000e+00,2.49999933e+07,-6.67522655e+00,2.28415186e-01,-6.90364174e+00,1.00009234e-09
20,5.22361202e-01,1.65526276e-08,99,8,1,25,normal_corr_dominates,3.54990330e+00,1.00000000e+00,2.49999933e+07,-6.71115782e+00,-1.47501109e+00,-5.23614673e+00,1.00007540e-09
20,5.22361202e-01,1.65526276e-08,99,8,2,26,normal_corr_dominates,8.80795349e+00,1.00000000e+00,2.50000115e+07,1.15168180e+01,-1.47501109e+00,1.29918291e+01,1.00007118e-09
20,5.22361202e-01,1.65526276e-08,99,9,0,27,normal_corr_dominates,1.33003838e+00,1.00000000e+00,2.49999934e+07,-6.56512721e+00,-2.81760475e+00,-3.74752245e+00,1.00006756e-09
20,5.22361202e-01,1.65526276e-08,99,9,2,29,normal_corr_dominates,1.01779978e+00,1.00000000e+00,2.49999943e+07,-5.68536225e+00,-2.81760475e+00,-2.86775750e+00,1.00005100e-09
20,5.22361202e-01,1.65526276e-08,99,10,0,30,normal_corr_dominates,2.21137803e+01,1.00000000e+00,2.50000052e+07,5.19966916e+00,-2.46268982e-01,5.44593814e+00,1.00006732e-09
20,5.22361202e-01,1.65526276e-08,99,10,1,31,normal_corr_dominates,3.86207838e+01,1.00000000e+00,2.49999902e+07,-9.75737008e+00,-2.46268982e-01,-9.51110109e+00,1.00003790e-09
20,5.22361202e-01,1.65526276e-08,99,10,1,31,corr_ratio_high,1.18977988e+00,5.00000000e-01,2.49999902e+07,-9.75737008e+00,-2.46268982e-01,-9.51110109e+00,1.00003790e-09
20,5.22361202e-01,1.65526276e-08,99,10,2,32,normal_corr_dominates,3.24186775e+01,1.00000000e+00,2.49999918e+07,-8.22998368e+00,-2.46268982e-01,-7.98371470e+00,1.00010262e-09
20,5.22361202e-01,1.65526276e-08,99,11,0,33,normal_corr_dominates,9.58001798e+00,1.00000000e+00,2.50000106e+07,1.06457003e+01,-1.24075500e+00,1.18864553e+01,1.00008358e-09
20,5.22361202e-01,1.65526276e-08,99,11,1,34,normal_corr_dominates,1.00051223e+01,1.00000000e+00,2.49999863e+07,-1.36546605e+01,-1.24075500e+00,-1.24139055e+01,1.00007052e-09
20,5.22361202e-01,1.65526276e-08,99,11,2,35,normal_corr_dominates,7.48344303e+00,1.00000000e+00,2.49999895e+07,-1.05258744e+01,-1.24075500e+00,-9.28511938e+00,1.00008014e-09
20,5.22361202e-01,1.65526276e-08,99,12,0,36,normal_corr_dominates,1.04810871e+00,1.00000000e+00,2.49999999e+07,-1.15867317e-01,2.40844756e+00,-2.52431488e+00,1.00002567e-09
20,5.22361202e-01,1.65526276e-08,99,12,0,36,corr_ratio_high,1.48468060e+00,5.00000000e-01,2.49999999e+07,-1.15867317e-01,2.40844756e+00,-2.52431488e+00,1.00002567e-09
20,5.22361202e-01,1.65526276e-08,99,12,1,37,normal_corr_dominates,5.75262929e+00,1.00000000e+00,2.49999886e+07,-1.14464584e+01,2.40844756e+00,-1.38549060e+01,1.00006749e-09
20,5.22361202e-01,1.65526276e-08,99,12,2,38,normal_corr_dominates,5.52714123e+00,1.00000000e+00,2.50000157e+07,1.57202774e+01,2.40844756e+00,1.33118298e+01,1.00010355e-09
20,5.22361202e-01,1.65526276e-08,99,13,0,39,normal_corr_dominates,8.09351141e+00,1.00000000e+00,2.49999889e+07,-1.10564494e+01,-1.21586139e+00,-9.84058803e+00,1.00008421e-09
20,5.22361202e-01,1.65526276e-08,99,13,1,40,normal_corr_dominates,6.22838325e+00,1.00000000e+00,2.50000064e+07,6.35698932e+00,-1.21586139e+00,7.57285071e+00,1.00007058e-09
20,5.22361202e-01,1.65526276e-08,99,13,2,41,normal_corr_dominates,4.40368532e+00,1.00000000e+00,2.49999934e+07,-6.57013234e+00,-1.21586139e+00,-5.35427095e+00,1.00008361e-09
20,5.22361202e-01,1.65526276e-08,99,14,0,42,normal_corr_dominates,2.91836923e+00,1.00000000e+00,2.49999957e+07,-4.26746193e+00,2.22452584e+00,-6.49198776e+00,1.00005326e-09
20,5.22361202e-01,1.65526276e-08,99,14,1,43,normal_corr_dominates,1.47474626e+00,1.00000000e+00,2.50000055e+07,5.50513699e+00,2.22452584e+00,3.28061116e+00,1.00002608e-09
20,5.22361202e-01,1.65526276e-08,99,14,1,43,corr_ratio_high,1.30115614e+00,5.00000000e-01,2.50000055e+07,5.50513699e+00,2.22452584e+00,3.28061116e+00,1.00002608e-09
20,5.22361202e-01,1.65526276e-08,99,14,2,44,normal_corr_dominates,4.22534404e+00,1.00000000e+00,2.49999928e+07,-7.17486116e+00,2.22452584e+00,-9.39938699e+00,1.00011788e-09
20,5.22361202e-01,1.65526276e-08,99,14,2,44,corr_ratio_high,5.16261385e-01,5.00000000e-01,2.49999928e+07,-7.17486116e+00,2.22452584e+00,-9.39938699e+00,1.00011788e-09
21,5.46671479e-01,1.73229738e-08,99,0,0,0,normal_corr_dominates,6.52327899e+01,1.00000000e+00,2.49999815e+07,-1.85214378e+01,2.88348643e-01,-1.88097864e+01,1.00002747e-09
21,5.46671479e-01,1.73229738e-08,99,0,0,0,corr_ratio_high,1.32735273e+00,5.00000000e-01,2.49999815e+07,-1.85214378e+01,2.88348643e-01,-1.88097864e+01,1.00002747e-09
21,5.46671479e-01,1.73229738e-08,99,0,1,1,normal_corr_dominates,4.73053470e+01,1.00000000e+00,2.50000139e+07,1.39287813e+01,2.88348643e-01,1.36404326e+01,1.00009794e-09
21,5.46671479e-01,1.73229738e-08,99,0,2,2,normal_corr_dominates,1.64509780e+01,1.00000000e+00,2.49999955e+07,-4.45526855e+00,2.88348643e-01,-4.74361720e+00,1.00009397e-09
21,5.46671479e-01,1.73229738e-08,99,1,0,3,normal_corr_dominates,7.03584986e+00,1.00000000e+00,2.49999927e+07,-7.27143351e+00,1.20470749e+00,-8.47614100e+00,1.00005153e-09
21,5.46671479e-01,1.73229738e-08,99,1,0,3,corr_ratio_high,1.04148386e+00,5.00000000e-01,2.49999927e+07,-7.27143351e+00,1.20470749e+00,-8.47614100e+00,1.00005153e-09
21,5.46671479e-01,1.73229738e-08,99,1,2,5,normal_corr_dominates,3.33000656e+00,1.00000000e+00,2.49999972e+07,-2.80697635e+00,1.20470749e+00,-4.01168383e+00,1.00009580e-09
21,5.46671479e-01,1.73229738e-08,99,2,0,6,normal_corr_dominates,1.41424418e+00,1.00000000e+00,2.49999938e+07,-6.24769035e+00,-2.58784526e+00,-3.65984509e+00,1.00007966e-09
21,5.46671479e-01,1.73229738e-08,99,2,1,7,normal_corr_dominates,2.52883106e+00,1.00000000e+00,2.50000040e+07,3.95637820e+00,-2.58784526e+00,6.54422346e+00,1.00008868e-09
21,5.46671479e-01,1.73229738e-08,99,3,0,9,normal_corr_dominates,8.16847280e+00,1.00000000e+00,2.50000078e+07,7.80549067e+00,8.51340331e-01,6.95415034e+00,1.00008753e-09
21,5.46671479e-01,1.73229738e-08,99,3,1,10,normal_corr_dominates,1.60998626e+01,1.00000000e+00,2.50000146e+07,1.45578027e+01,8.51340331e-01,1.37064623e+01,1.00008546e-09
21,5.46671479e-01,1.73229738e-08,99,3,2,11,normal_corr_dominates,1.05571154e+01,1.00000000e+00,2.49999919e+07,-8.13635775e+00,8.51340331e-01,-8.98769808e+00,1.00008026e-09
21,5.46671479e-01,1.73229738e-08,99,4,0,12,normal_corr_dominates,1.03619613e+01,1.00000000e+00,2.50000037e+07,3.72868691e+00,3.28172822e-01,3.40051408e+00,1.00007284e-09
21,5.46671479e-01,1.73229738e-08,99,4,1,13,normal_corr_dominates,7.33357791e+00,1.00000000e+00,2.49999979e+07,-2.07850813e+00,3.28172822e-01,-2.40668095e+00,1.00005217e-09
21,5.46671479e-01,1.73229738e-08,99,4,1,13,corr_ratio_high,5.36110700e-01,5.00000000e-01,2.49999979e+07,-2.07850813e+00,3.28172822e-01,-2.40668095e+00,1.00005217e-09
21,5.46671479e-01,1.73229738e-08,99,4,2,14,normal_corr_dominates,3.64372002e+01,1.00000000e+00,2.50000123e+07,1.22858716e+01,3.28172822e-01,1.19576988e+01,1.00008993e-09
21,5.46671479e-01,1.73229738e-08,99,5,0,15,normal_corr_dominates,1.41683927e+00,1.00000000e+00,2.50000011e+07,1.10762005e+00,-2.65718739e+00,3.76480744e+00,1.00000218e-09
21,5.46671479e-01,1.73229738e-08,99,5,0,15,corr_ratio_high,1.95350264e+00,5.00000000e-01,2.50000011e+07,1.10762005e+00,-2.65718739e+00,3.76480744e+00,1.00000218e-09
21,5.46671479e-01,1.73229738e-08,99,5,1,16,normal_corr_dominates,2.45416655e+00,1.00000000e+00,2.50000039e+07,3.86399302e+00,-2.65718739e+00,6.52118042e+00,1.00009920e-09
21,5.46671479e-01,1.73229738e-08,99,5,2,17,normal_corr_dominates,1.28414020e+00,1.00000000e+00,2.49999939e+07,-6.06938854e+00,-2.65718739e+00,-3.41220115e+00,1.00010998e-09
21,5.46671479e-01,1.73229738e-08,99,6,0,18,normal_corr_dominates,2.41811424e+00,1.00000000e+00,2.50000031e+07,3.11998587e+00,-2.20009488e+00,5.32008075e+00,1.00008256e-09
21,5.46671479e-01,1.73229738e-08,99,6,1,19,normal_corr_dominates,1.62948446e+00,1.00000000e+00,2.49999942e+07,-5.78511528e+00,-2.20009488e+00,-3.58502040e+00,1.00009480e-09
21,5.46671479e-01,1.73229738e-08,99,6,2,20,normal_corr_dominates,1.04141835e+00,1.00000000e+00,2.49999955e+07,-4.49131405e+00,-2.20009488e+00,-2.29121917e+00,1.00009648e-09
21,5.46671479e-01,1.73229738e-08,99,7,0,21,normal_corr_dominates,2.23475304e+00,1.00000000e+00,2.50000008e+07,7.72049150e-01,2.38673290e-01,5.33375860e-01,1.00006169e-09
21,5.46671479e-01,1.73229738e-08,99,7,1,22,normal_corr_dominates,1.35790287e+01,1.00000000e+00,2.50000035e+07,3.47962474e+00,2.38673290e-01,3.24095145e+00,1.00006898e-09
21,5.46671479e-01,1.73229738e-08,99,7,2,23,normal_corr_dominates,3.01863076e+01,1.00000000e+00,2.49999930e+07,-6.96599205e+00,2.38673290e-01,-7.20466534e+00,1.00009638e-09
21,5.46671479e-01,1.73229738e-08,99,8,1,25,normal_corr_dominates,3.54884046e+00,1.00000000e+00,2.49999930e+07,-7.00468170e+00,-1.53988291e+00,-5.46479878e+00,1.00007870e-09
21,5.46671479e-01,1.73229738e-08,99,8,2,26,normal_corr_dominates,8.80751675e+00,1.00000000e+00,2.50000120e+07,1.20226616e+01,-1.53988291e+00,1.35625445e+01,1.00007430e-09
21,5.46671479e-01,1.73229738e-08,99,9,0,27,normal_corr_dominates,1.33034856e+00,1.00000000e+00,2.49999931e+07,-6.85296920e+00,-2.94074857e+00,-3.91222062e+00,1.00007052e-09
21,5.46671479e-01,1.73229738e-08,99,9,2,29,normal_corr_dominates,1.01769688e+00,1.00000000e+00,2.49999941e+07,-5.93353922e+00,-2.94074857e+00,-2.99279064e+00,1.00005324e-09
21,5.46671479e-01,1.73229738e-08,99,10,0,30,normal_corr_dominates,2.21967989e+01,1.00000000e+00,2.50000054e+07,5.42833185e+00,-2.56092058e-01,5.68442391e+00,1.00007027e-09
21,5.46671479e-01,1.73229738e-08,99,10,1,31,normal_corr_dominates,3.87663741e+01,1.00000000e+00,2.49999898e+07,-1.01838526e+01,-2.56092058e-01,-9.92776053e+00,1.00003956e-09
21,5.46671479e-01,1.73229738e-08,99,10,1,31,corr_ratio_high,1.18929974e+00,5.00000000e-01,2.49999898e+07,-1.01838526e+01,-2.56092058e-01,-9.92776053e+00,1.00003956e-09
21,5.46671479e-01,1.73229738e-08,99,10,2,32,normal_corr_dominates,3.25346091e+01,1.00000000e+00,2.49999914e+07,-8.58794707e+00,-2.56092058e-01,-8.33185501e+00,1.00010711e-09
21,5.46671479e-01,1.73229738e-08,99,11,0,33,normal_corr_dominates,9.58285438e+00,1.00000000e+00,2.50000111e+07,1.11149391e+01,-1.29501662e+00,1.24099557e+01,1.00008724e-09
21,5.46671479e-01,1.73229738e-08,99,11,1,34,normal_corr_dominates,1.00055047e+01,1.00000000e+00,2.49999857e+07,-1.42523115e+01,-1.29501662e+00,-1.29572949e+01,1.00007362e-09
21,5.46671479e-01,1.73229738e-08,99,11,2,35,normal_corr_dominates,7.48433514e+00,1.00000000e+00,2.49999890e+07,-1.09873550e+01,-1.29501662e+00,-9.69233842e+00,1.00008365e-09
21,5.46671479e-01,1.73229738e-08,99,12,0,36,normal_corr_dominates,1.04815650e+00,1.00000000e+00,2.49999999e+07,-1.21051159e-01,2.51370328e+00,-2.63475444e+00,1.00002680e-09
21,5.46671479e-01,1.73229738e-08,99,12,0,36,corr_ratio_high,1.48453244e+00,5.00000000e-01,2.49999999e+07,-1.21051159e-01,2.51370328e+00,-2.63475444e+00,1.00002680e-09
21,5.46671479e-01,1.73229738e-08,99,12,1,37,normal_corr_dominates,5.75363650e+00,1.00000000e+00,2.49999881e+07,-1.19492317e+01,2.51370328e+00,-1.44629350e+01,1.00007046e-09
21,5.46671479e-01,1.73229738e-08,99,12,2,38,normal_corr_dominates,5.52814408e+00,1.00000000e+00,2.50000164e+07,1.64098172e+01,2.51370328e+00,1.38961139e+01,1.00010808e-09
21,5.46671479e-01,1.73229738e-08,99,13,0,39,normal_corr_dominates,8.09317829e+00,1.00000000e+00,2.49999885e+07,-1.15403458e+01,-1.26912125e+00,-1.02712245e+01,1.00008790e-09
21,5.46671479e-01,1.73229738e-08,99,13,1,40,normal_corr_dominates,6.22848166e+00,1.00000000e+00,2.50000066e+07,6.63557716e+00,-1.26912125e+00,7.90469840e+00,1.00007367e-09
21,5.46671479e-01,1.73229738e-08,99,13,2,41,normal_corr_dominates,4.40275409e+00,1.00000000e+00,2.49999931e+07,-6.85675001e+00,-1.26912125e+00,-5.58762876e+00,1.00008727e-09
21,5.46671479e-01,1.73229738e-08,99,14,0,42,normal_corr_dominates,2.91895494e+00,1.00000000e+00,2.49999955e+07,-4.45494068e+00,2.32154522e+00,-6.77648590e+00,1.00005560e-09
21,5.46671479e-01,1.73229738e-08,99,14,1,43,normal_corr_dominates,1.47521588e+00,1.00000000e+00,2.50000057e+07,5.74632560e+00,2.32154522e+00,3.42478037e+00,1.00002722e-09
21,5.46671479e-01,1.73229738e-08,99,14,1,43,corr_ratio_high,1.30087633e+00,5.00000000e-01,2.50000057e+07,5.74632560e+00,2.32154522e+00,3.42478037e+00,1.00002722e-09
21,5.46671479e-01,1.73229738e-08,99,14,2,44,normal_corr_dominates,4.22561379e+00,1.00000000e+00,2.49999925e+07,-7.48840829e+00,2.32154522e+00,-9.80995351e+00,1.00012303e-09
21,5.46671479e-01,1.73229738e-08,99,14,2,44,corr_ratio_high,5.16242134e-01,5.00000000e-01,2.49999925e+07,-7.48840829e+00,2.32154522e+00,-9.80995351e+00,1.00012303e-09
22,5.69703656e-01,1.80528195e-08,99,0,0,0,normal_corr_dominates,6.51704551e+01,1.00000000e+00,2.49999807e+07,-1.92590713e+01,3.00123652e-01,-1.95591950e+01,1.00002856e-09
22,5.69703656e-01,1.80528195e-08,99,0,0,0,corr_ratio_high,1.32728775e+00,5.00000000e-01,2.49999807e+07,-1.92590713e+01,3.00123652e-01,-1.95591950e+01,1.00002856e-09
22,5.69703656e-01,1.80528195e-08,99,0,1,1,normal_corr_dominates,4.72473788e+01,1.00000000e+00,2.50000145e+07,1.44801795e+01,3.00123652e-01,1.41800559e+01,1.00010182e-09
22,5.69703656e-01,1.80528195e-08,99,0,2,2,normal_corr_dominates,1.64238897e+01,1.00000000e+00,2.49999954e+07,-4.62907409e+00,3.00123652e-01,-4.92919774e+00,1.00009769e-09
22,5.69703656e-01,1.80528195e-08,99,1,0,3,normal_corr_dominates,7.03627855e+00,1.00000000e+00,2.49999924e+07,-7.56312206e+00,1.25294451e+00,-8.81606657e+00,1.00005357e-09
22,5.69703656e-01,1.80528195e-08,99,1,0,3,corr_ratio_high,1.04159399e+00,5.00000000e-01,2.49999924e+07,-7.56312206e+00,1.25294451e+00,-8.81606657e+00,1.00005357e-09
22,5.69703656e-01,1.80528195e-08,99,1,2,5,normal_corr_dominates,3.32663279e+00,1.00000000e+00,2.49999971e+07,-2.91514177e+00,1.25294451e+00,-4.16808628e+00,1.00009959e-09
22,5.69703656e-01,1.80528195e-08,99,2,0,6,normal_corr_dominates,1.41440752e+00,1.00000000e+00,2.49999935e+07,-6.49715331e+00,-2.69099283e+00,-3.80616049e+00,1.00008282e-09
22,5.69703656e-01,1.80528195e-08,99,2,1,7,normal_corr_dominates,2.52800215e+00,1.00000000e+00,2.50000041e+07,4.11184282e+00,-2.69099283e+00,6.80283564e+00,1.00009220e-09
22,5.69703656e-01,1.80528195e-08,99,3,0,9,normal_corr_dominates,8.16189028e+00,1.00000000e+00,2.50000081e+07,8.11393503e+00,8.85618009e-01,7.22831702e+00,1.00009100e-09
22,5.69703656e-01,1.80528195e-08,99,3,1,10,normal_corr_dominates,1.60930911e+01,1.00000000e+00,2.50000151e+07,1.51379493e+01,8.85618009e-01,1.42523313e+01,1.00008884e-09
22,5.69703656e-01,1.80528195e-08,99,3,2,11,normal_corr_dominates,1.05505244e+01,1.00000000e+00,2.49999915e+07,-8.45811639e+00,8.85618009e-01,-9.34373440e+00,1.00008345e-09
22,5.69703656e-01,1.80528195e-08,99,4,0,12,normal_corr_dominates,1.03700999e+01,1.00000000e+00,2.50000039e+07,3.87479989e+00,3.40788552e-01,3.53401134e+00,1.00007573e-09
22,5.69703656e-01,1.80528195e-08,99,4,1,13,normal_corr_dominates,7.34459555e+00,1.00000000e+00,2.49999978e+07,-2.16216553e+00,3.40788552e-01,-2.50295409e+00,1.00005425e-09
22,5.69703656e-01,1.80528195e-08,99,4,1,13,corr_ratio_high,5.35909930e-01,5.00000000e-01,2.49999978e+07,-2.16216553e+00,3.40788552e-01,-2.50295409e+00,1.00005425e-09
22,5.69703656e-01,1.80528195e-08,99,4,2,14,normal_corr_dominates,3.64843036e+01,1.00000000e+00,2.50000128e+07,1.27742216e+01,3.40788552e-01,1.24334330e+01,1.00009348e-09
22,5.69703656e-01,1.80528195e-08,99,5,0,15,normal_corr_dominates,1.41699447e+00,1.00000000e+00,2.50000012e+07,1.15196514e+00,-2.76254295e+00,3.91450809e+00,1.00000227e-09
22,5.69703656e-01,1.80528195e-08,99,5,0,15,corr_ratio_high,1.95321535e+00,5.00000000e-01,2.50000012e+07,1.15196514e+00,-2.76254295e+00,3.91450809e+00,1.00000227e-09
22,5.69703656e-01,1.80528195e-08,99,5,1,16,normal_corr_dominates,2.45409671e+00,1.00000000e+00,2.50000040e+07,4.01700461e+00,-2.76254295e+00,6.77954756e+00,1.00010314e-09
22,5.69703656e-01,1.80528195e-08,99,5,2,17,normal_corr_dominates,1.28349678e+00,1.00000000e+00,2.49999937e+07,-6.30825793e+00,-2.76254295e+00,-3.54571498e+00,1.00011432e-09
22,5.69703656e-01,1.80528195e-08,99,6,0,18,normal_corr_dominates,2.41743667e+00,1.00000000e+00,2.50000032e+07,3.24262157e+00,-2.28766593e+00,5.53028749e+00,1.00008584e-09
22,5.69703656e-01,1.80528195e-08,99,6,1,19,normal_corr_dominates,1.62823709e+00,1.00000000e+00,2.49999940e+07,-6.01252844e+00,-2.28766593e+00,-3.72486251e+00,1.00009856e-09
22,5.69703656e-01,1.80528195e-08,99,6,2,20,normal_corr_dominates,1.04027406e+00,1.00000000e+00,2.49999953e+07,-4.66746545e+00,-2.28766593e+00,-2.37979952e+00,1.00010029e-09
22,5.69703656e-01,1.80528195e-08,99,7,0,21,normal_corr_dominates,2.22745899e+00,1.00000000e+00,2.50000008e+07,8.01512618e-01,2.48341690e-01,5.53170928e-01,1.00006413e-09
22,5.69703656e-01,1.80528195e-08,99,7,1,22,normal_corr_dominates,1.35676409e+01,1.00000000e+00,2.50000036e+07,3.61775255e+00,2.48341690e-01,3.36941086e+00,1.00007172e-09
22,5.69703656e-01,1.80528195e-08,99,7,2,23,normal_corr_dominates,3.01551873e+01,1.00000000e+00,2.49999928e+07,-7.24044848e+00,2.48341690e-01,-7.48879017e+00,1.00010020e-09
22,5.69703656e-01,1.80528195e-08,99,8,1,25,normal_corr_dominates,3.54778708e+00,1.00000000e+00,2.49999927e+07,-7.28177265e+00,-1.60116833e+00,-5.68060432e+00,1.00008182e-09
22,5.69703656e-01,1.80528195e-08,99,8,2,26,normal_corr_dominates,8.80697484e+00,1.00000000e+00,2.50000125e+07,1.25002809e+01,-1.60116833e+00,1.41014492e+01,1.00007724e-09
22,5.69703656e-01,1.80528195e-08,99,9,0,27,normal_corr_dominates,1.33062763e+00,1.00000000e+00,2.49999929e+07,-7.12477361e+00,-3.05701929e+00,-4.06775433e+00,1.00007331e-09
22,5.69703656e-01,1.80528195e-08,99,9,2,29,normal_corr_dominates,1.01758777e+00,1.00000000e+00,2.49999938e+07,-6.16780474e+00,-3.05701929e+00,-3.11078545e+00,1.00005536e-09
22,5.69703656e-01,1.80528195e-08,99,10,0,30,normal_corr_dominates,2.22717683e+01,1.00000000e+00,2.50000056e+07,5.64425566e+00,-2.65340218e-01,5.90959587e+00,1.00007305e-09
22,5.69703656e-01,1.80528195e-08,99,10,1,31,normal_corr_dominates,3.88976374e+01,1.00000000e+00,2.49999894e+07,-1.05864478e+01,-2.65340218e-01,-1.03211076e+01,1.00004114e-09
22,5.69703656e-01,1.80528195e-08,99,10,1,31,corr_ratio_high,1.18885459e+00,5.00000000e-01,2.49999894e+07,-1.05864478e+01,-2.65340218e-01,-1.03211076e+01,1.00004114e-09
22,5.69703656e-01,1.80528195e-08,99,10,2,32,normal_corr_dominates,3.26390595e+01,1.00000000e+00,2.49999911e+07,-8.92579540e+00,-2.65340218e-01,-8.66045518e+00,1.00011135e-09
22,5.69703656e-01,1.80528195e-08,99,11,0,33,normal_corr_dominates,9.58522016e+00,1.00000000e+00,2.50000116e+07,1.15580334e+01,-1.34627106e+00,1.29043045e+01,1.00009069e-09
22,5.69703656e-01,1.80528195e-08,99,11,1,34,normal_corr_dominates,1.00055963e+01,1.00000000e+00,2.49999852e+07,-1.48165158e+01,-1.34627106e+00,-1.34702447e+01,1.00007654e-09
22,5.69703656e-01,1.80528195e-08,99,11,2,35,normal_corr_dominates,7.48496544e+00,1.00000000e+00,2.49999886e+07,-1.14230634e+01,-1.34627106e+00,-1.00767923e+01,1.00008697e-09
22,5.69703656e-01,1.80528195e-08,99,12,0,36,normal_corr_dominates,1.04820692e+00,1.00000000e+00,2.49999999e+07,-1.25966381e-01,2.61303523e+00,-2.73900161e+00,1.00002786e-09
22,5.69703656e-01,1.80528195e-08,99,12,0,36,corr_ratio_high,1.48439305e+00,5.00000000e-01,2.49999999e+07,-1.25966381e-01,2.61303523e+00,-2.73900161e+00,1.00002786e-09
22,5.69703656e-01,1.80528195e-08,99,12,1,37,normal_corr_dominates,5.75462376e+00,1.00000000e+00,2.49999876e+07,-1.24239994e+01,2.61303523e+00,-1.50370346e+01,1.00007326e-09
22,5.69703656e-01,1.80528195e-08,99,12,2,38,normal_corr_dominates,5.52912316e+00,1.00000000e+00,2.50000171e+07,1.70608288e+01,2.61303523e+00,1.44477936e+01,1.00011236e-09
22,5.69703656e-01,1.80528195e-08,99,13,0,39,normal_corr_dominates,8.09266811e+00,1.00000000e+00,2.49999880e+07,-1.19971744e+01,-1.31943389e+00,-1.06777406e+01,1.00009138e-09
22,5.69703656e-01,1.80528195e-08,99,13,1,40,normal_corr_dominates,6.22842576e+00,1.00000000e+00,2.50000069e+07,6.89856214e+00,-1.31943389e+00,8.21799603e+00,1.00007659e-09
22,5.69703656e-01,1.80528195e-08,99,13,2,41,normal_corr_dominates,4.40177325e+00,1.00000000e+00,2.49999929e+07,-7.12728269e+00,-1.31943389e+00,-5.80784880e+00,1.00009072e-09
22,5.69703656e-01,1.80528195e-08,99,14,0,42,normal_corr_dominates,2.91951448e+00,1.00000000e+00,2.49999954e+07,-4.63197648e+00,2.41309796e+00,-7.04507444e+00,1.00005780e-09
22,5.69703656e-01,1.80528195e-08,99,14,1,43,normal_corr_dominates,1.47566718e+00,1.00000000e+00,2.50000060e+07,5.97402743e+00,2.41309796e+00,3.56092947e+00,1.00002831e-09
22,5.69703656e-01,1.80528195e-08,99,14,1,43,corr_ratio_high,1.30061506e+00,5.00000000e-01,2.50000060e+07,5.97402743e+00,2.41309796e+00,3.56092947e+00,1.00002831e-09
22,5.69703656e-01,1.80528195e-08,99,14,2,44,normal_corr_dominates,4.22590610e+00,1.00000000e+00,2.49999922e+07,-7.78442743e+00,2.41309796e+00,-1.01975254e+01,1.00012789e-09
22,5.69703656e-01,1.80528195e-08,99,14,2,44,corr_ratio_high,5.16223955e-01,5.00000000e-01,2.49999922e+07,-7.78442743e+00,2.41309796e+00,-1.01975254e+01,1.00012789e-09
23,5.93502186e-01,1.88069494e-08,99,0,0,0,normal_corr_dominates,6.51139410e+01,1.00000000e+00,2.49999800e+07,-2.00189961e+01,3.12240923e-01,-2.03312370e+01,1.00002968e-09
23,5.93502186e-01,1.88069494e-08,99,0,0,0,corr_ratio_high,1.32722123e+00,5.00000000e-01,2.49999800e+07,-2.00189961e+01,3.12240923e-01,-2.03312370e+01,1.00002968e-09
23,5.93502186e-01,1.88069494e-08,99,0,1,1,normal_corr_dominates,4.71933923e+01,1.00000000e+00,2.50000150e+07,1.50479493e+01,3.12240923e-01,1.47357084e+01,1.00010581e-09
23,5.93502186e-01,1.88069494e-08,99,0,2,2,normal_corr_dominates,1.63980306e+01,1.00000000e+00,2.49999952e+07,-4.80789527e+00,3.12240923e-01,-5.12013620e+00,1.00010153e-09
23,5.93502186e-01,1.88069494e-08,99,1,0,3,normal_corr_dominates,7.03690664e+00,1.00000000e+00,2.49999921e+07,-7.86378650e+00,1.30261854e+00,-9.16640503e+00,1.00005567e-09
23,5.93502186e-01,1.88069494e-08,99,1,0,3,corr_ratio_high,1.04170303e+00,5.00000000e-01,2.49999921e+07,-7.86378650e+00,1.30261854e+00,-9.16640503e+00,1.00005567e-09
23,5.93502186e-01,1.88069494e-08,99,1,2,5,normal_corr_dominates,3.32330661e+00,1.00000000e+00,2.49999970e+07,-3.02638226e+00,1.30261854e+00,-4.32900080e+00,1.00010350e-09
23,5.93502186e-01,1.88069494e-08,99,2,0,6,normal_corr_dominates,1.41455855e+00,1.00000000e+00,2.49999932e+07,-6.75419499e+00,-2.79727944e+00,-3.95691556e+00,1.00008608e-09
23,5.93502186e-01,1.88069494e-08,99,2,1,7,normal_corr_dominates,2.52714349e+00,1.00000000e+00,2.50000043e+07,4.27184709e+00,-2.79727944e+00,7.06912653e+00,1.00009582e-09
23,5.93502186e-01,1.88069494e-08,99,3,0,9,normal_corr_dominates,8.15547632e+00,1.00000000e+00,2.50000084e+07,8.43148551e+00,9.20922649e-01,7.51056286e+00,1.00009457e-09
23,5.93502186e-01,1.88069494e-08,99,3,1,10,normal_corr_dominates,1.60866878e+01,1.00000000e+00,2.50000157e+07,1.57355178e+01,9.20922649e-01,1.48145951e+01,1.00009233e-09
23,5.93502186e-01,1.88069494e-08,99,3,2,11,normal_corr_dominates,1.05441488e+01,1.00000000e+00,2.49999912e+07,-8.78942280e+00,9.20922649e-01,-9.71034545e+00,1.00008673e-09
23,5.93502186e-01,1.88069494e-08,99,4,0,12,normal_corr_dominates,1.03791440e+01,1.00000000e+00,2.50000040e+07,4.02514538e+00,3.53730067e-01,3.67141531e+00,1.00007871e-09
23,5.93502186e-01,1.88069494e-08,99,4,1,13,normal_corr_dominates,7.35633355e+00,1.00000000e+00,2.49999978e+07,-2.24842629e+00,3.53730067e-01,-2.60215636e+00,1.00005639e-09
23,5.93502186e-01,1.88069494e-08,99,4,1,13,corr_ratio_high,5.35706885e-01,5.00000000e-01,2.49999978e+07,-2.24842629e+00,3.53730067e-01,-2.60215636e+00,1.00005639e-09
23,5.93502186e-01,1.88069494e-08,99,4,2,14,normal_corr_dominates,3.65347954e+01,1.00000000e+00,2.50000133e+07,1.32771857e+01,3.53730067e-01,1.29234556e+01,1.00009715e-09
23,5.93502186e-01,1.88069494e-08,99,5,0,15,normal_corr_dominates,1.41714229e+00,1.00000000e+00,2.50000012e+07,1.19764604e+00,-2.87107317e+00,4.06871921e+00,1.00000237e-09
23,5.93502186e-01,1.88069494e-08,99,5,0,15,corr_ratio_high,1.95292629e+00,5.00000000e-01,2.50000012e+07,1.19764604e+00,-2.87107317e+00,4.06871921e+00,1.00000237e-09
23,5.93502186e-01,1.88069494e-08,99,5,1,16,normal_corr_dominates,2.45399650e+00,1.00000000e+00,2.50000042e+07,4.17453034e+00,-2.87107317e+00,7.04560351e+00,1.00010718e-09
23,5.93502186e-01,1.88069494e-08,99,5,2,17,normal_corr_dominates,1.28283698e+00,1.00000000e+00,2.49999934e+07,-6.55419199e+00,-2.87107317e+00,-3.68311882e+00,1.00011880e-09
23,5.93502186e-01,1.88069494e-08,99,6,0,18,normal_corr_dominates,2.41672221e+00,1.00000000e+00,2.50000034e+07,3.36881899e+00,-2.37789664e+00,5.74671564e+00,1.00008921e-09
23,5.93502186e-01,1.88069494e-08,99,6,1,19,normal_corr_dominates,1.62695009e+00,1.00000000e+00,2.49999938e+07,-6.24661580e+00,-2.37789664e+00,-3.86871916e+00,1.00010243e-09
23,5.93502186e-01,1.88069494e-08,99,6,2,20,normal_corr_dominates,1.03911030e+00,1.00000000e+00,2.49999952e+07,-4.84879354e+00,-2.37789664e+00,-2.47089690e+00,1.00010422e-09
23,5.93502186e-01,1.88069494e-08,99,7,0,21,normal_corr_dominates,2.22023465e+00,1.00000000e+00,2.50000008e+07,8.31723149e-01,2.58280293e-01,5.73442856e-01,1.00006664e-09
23,5.93502186e-01,1.88069494e-08,99,7,1,22,normal_corr_dominates,1.35578382e+01,1.00000000e+00,2.50000038e+07,3.76000272e+00,2.58280293e-01,3.50172243e+00,1.00007453e-09
23,5.93502186e-01,1.88069494e-08,99,7,2,23,normal_corr_dominates,3.01273869e+01,1.00000000e+00,2.49999925e+07,-7.52303003e+00,2.58280293e-01,-7.78131032e+00,1.00010413e-09
23,5.93502186e-01,1.88069494e-08,99,8,1,25,normal_corr_dominates,3.54665566e+00,1.00000000e+00,2.49999924e+07,-7.56709541e+00,-1.66432120e+00,-5.90277421e+00,1.00008503e-09
23,5.93502186e-01,1.88069494e-08,99,8,2,26,normal_corr_dominates,8.80629417e+00,1.00000000e+00,2.50000130e+07,1.29921809e+01,-1.66432120e+00,1.46565021e+01,1.00008027e-09
23,5.93502186e-01,1.88069494e-08,99,9,0,27,normal_corr_dominates,1.33090180e+00,1.00000000e+00,2.49999926e+07,-7.40473064e+00,-3.17676645e+00,-4.22796419e+00,1.00007619e-09
23,5.93502186e-01,1.88069494e-08,99,9,2,29,normal_corr_dominates,1.01746452e+00,1.00000000e+00,2.49999936e+07,-6.40901360e+00,-3.17676645e+00,-3.23224715e+00,1.00005754e-09
23,5.93502186e-01,1.88069494e-08,99,10,0,30,normal_corr_dominates,2.23456946e+01,1.00000000e+00,2.50000059e+07,5.86665504e+00,-2.74840203e-01,6.14149524e+00,1.00007592e-09
23,5.93502186e-01,1.88069494e-08,99,10,1,31,normal_corr_dominates,3.90268695e+01,1.00000000e+00,2.49999890e+07,-1.10009929e+01,-2.74840203e-01,-1.07261527e+01,1.00004276e-09
23,5.93502186e-01,1.88069494e-08,99,10,1,31,corr_ratio_high,1.18840411e+00,5.00000000e-01,2.49999890e+07,-1.10009929e+01,-2.74840203e-01,-1.07261527e+01,1.00004276e-09
23,5.93502186e-01,1.88069494e-08,99,10,2,32,normal_corr_dominates,3.27418210e+01,1.00000000e+00,2.49999907e+07,-9.27360891e+00,-2.74840203e-01,-8.99876871e+00,1.00011571e-09
23,5.93502186e-01,1.88069494e-08,99,11,0,33,normal_corr_dominates,9.58736150e+00,1.00000000e+00,2.50000120e+07,1.20144104e+01,-1.39908055e+00,1.34134910e+01,1.00009424e-09
23,5.93502186e-01,1.88069494e-08,99,11,1,34,normal_corr_dominates,1.00054374e+01,1.00000000e+00,2.49999846e+07,-1.53974934e+01,-1.39908055e+00,-1.39984129e+01,1.00007955e-09
23,5.93502186e-01,1.88069494e-08,99,11,2,35,normal_corr_dominates,7.48541498e+00,1.00000000e+00,2.49999881e+07,-1.18717790e+01,-1.39908055e+00,-1.04726985e+01,1.00009038e-09
23,5.93502186e-01,1.88069494e-08,99,12,0,36,normal_corr_dominates,1.04826378e+00,1.00000000e+00,2.49999999e+07,-1.31049952e-01,2.71528553e+00,-2.84633549e+00,1.00002896e-09
23,5.93502186e-01,1.88069494e-08,99,12,0,36,corr_ratio_high,1.48425011e+00,5.00000000e-01,2.49999999e+07,-1.31049952e-01,2.71528553e+00,-2.84633549e+00,1.00002896e-09
23,5.93502186e-01,1.88069494e-08,99,12,1,37,normal_corr_dominates,5.75567421e+00,1.00000000e+00,2.49999871e+07,-1.29130134e+01,2.71528553e+00,-1.56282989e+01,1.00007614e-09
23,5.93502186e-01,1.88069494e-08,99,12,2,38,normal_corr_dominates,5.53016124e+00,1.00000000e+00,2.50000177e+07,1.77312524e+01,2.71528553e+00,1.50159668e+01,1.00011677e-09
23,5.93502186e-01,1.88069494e-08,99,13,0,39,normal_corr_dominates,8.09195854e+00,1.00000000e+00,2.49999875e+07,-1.24675979e+01,-1.37127747e+00,-1.10963204e+01,1.00009497e-09
23,5.93502186e-01,1.88069494e-08,99,13,1,40,normal_corr_dominates,6.22822785e+00,1.00000000e+00,2.50000072e+07,7.16935106e+00,-1.37127747e+00,8.54062853e+00,1.00007960e-09
23,5.93502186e-01,1.88069494e-08,99,13,2,41,normal_corr_dominates,4.40066841e+00,1.00000000e+00,2.49999926e+07,-7.40581491e+00,-1.37127747e+00,-6.03453744e+00,1.00009428e-09
23,5.93502186e-01,1.88069494e-08,99,14,0,42,normal_corr_dominates,2.92009670e+00,1.00000000e+00,2.49999952e+07,-4.81432451e+00,2.50733440e+00,-7.32165891e+00,1.00006007e-09
23,5.93502186e-01,1.88069494e-08,99,14,1,43,normal_corr_dominates,1.47613905e+00,1.00000000e+00,2.50000062e+07,6.20850861e+00,2.50733440e+00,3.70117421e+00,1.00002942e-09
23,5.93502186e-01,1.88069494e-08,99,14,1,43,corr_ratio_high,1.30034893e+00,5.00000000e-01,2.50000062e+07,6.20850861e+00,2.50733440e+00,3.70117421e+00,1.00002942e-09
23,5.93502186e-01,1.88069494e-08,99,14,2,44,normal_corr_dominates,4.22624235e+00,1.00000000e+00,2.49999919e+07,-8.08926843e+00,2.50733440e+00,-1.05966028e+01,1.00013290e-09
23,5.93502186e-01,1.88069494e-08,99,14,2,44,corr_ratio_high,5.16205244e-01,5.00000000e-01,2.49999919e+07,-8.08926843e+00,2.50733440e+00,-1.05966028e+01,1.00013290e-09
24,6.19249013e-01,1.96228171e-08,99,0,0,0,normal_corr_dominates,6.50611244e+01,1.00000000e+00,2.49999792e+07,-2.08386453e+01,3.25293155e-01,-2.11639384e+01,1.00003088e-09
24,6.19249013e-01,1.96228171e-08,99,0,0,0,corr_ratio_high,1.32715000e+00,5.00000000e-01,2.49999792e+07,-2.08386453e+01,3.25293155e-01,-2.11639384e+01,1.00003088e-09
24,6.19249013e-01,1.96228171e-08,99,0,1,1,normal_corr_dominates,4.71412316e+01,1.00000000e+00,2.50000157e+07,1.56600131e+01,3.25293155e-01,1.53347199e+01,1.00011011e-09
24,6.19249013e-01,1.96228171e-08,99,0,2,2,normal_corr_dominates,1.63723150e+01,1.00000000e+00,2.49999950e+07,-5.00050884e+00,3.25293155e-01,-5.32580199e+00,1.00010567e-09
24,6.19249013e-01,1.96228171e-08,99,1,0,3,normal_corr_dominates,7.03777783e+00,1.00000000e+00,2.49999918e+07,-8.18826071e+00,1.35617125e+00,-9.54443196e+00,1.00005794e-09
24,6.19249013e-01,1.96228171e-08,99,1,0,3,corr_ratio_high,1.04181589e+00,5.00000000e-01,2.49999918e+07,-8.18826071e+00,1.35617125e+00,-9.54443196e+00,1.00005794e-09
24,6.19249013e-01,1.96228171e-08,99,1,2,5,normal_corr_dominates,3.31987837e+00,1.00000000e+00,2.49999969e+07,-3.14615235e+00,1.35617125e+00,-4.50232360e+00,1.00010771e-09
24,6.19249013e-01,1.96228171e-08,99,2,0,6,normal_corr_dominates,1.41470316e+00,1.00000000e+00,2.49999930e+07,-7.03148364e+00,-2.91194535e+00,-4.11953829e+00,1.00008959e-09
24,6.19249013e-01,1.96228171e-08,99,2,1,7,normal_corr_dominates,2.52621297e+00,1.00000000e+00,2.50000044e+07,4.44424875e+00,-2.91194535e+00,7.35619410e+00,1.00009972e-09
24,6.19249013e-01,1.96228171e-08,99,3,0,9,normal_corr_dominates,8.14895043e+00,1.00000000e+00,2.50000088e+07,8.77375084e+00,9.58989876e-01,7.81476097e+00,1.00009841e-09
24,6.19249013e-01,1.96228171e-08,99,3,1,10,normal_corr_dominates,1.60803908e+01,1.00000000e+00,2.50000164e+07,1.63799219e+01,9.58989876e-01,1.54209320e+01,1.00009608e-09
24,6.19249013e-01,1.96228171e-08,99,3,2,11,normal_corr_dominates,1.05377149e+01,1.00000000e+00,2.49999909e+07,-9.14657200e+00,9.58989876e-01,-1.01055619e+01,1.00009026e-09
24,6.19249013e-01,1.96228171e-08,99,4,0,12,normal_corr_dominates,1.03895942e+01,1.00000000e+00,2.50000042e+07,4.18710170e+00,3.67625186e-01,3.81947651e+00,1.00008191e-09
24,6.19249013e-01,1.96228171e-08,99,4,1,13,normal_corr_dominates,7.36940186e+00,1.00000000e+00,2.49999977e+07,-2.34155254e+00,3.67625186e-01,-2.70917773e+00,1.00005870e-09
24,6.19249013e-01,1.96228171e-08,99,4,1,13,corr_ratio_high,5.35492015e-01,5.00000000e-01,2.49999977e+07,-2.34155254e+00,3.67625186e-01,-2.70917773e+00,1.00005870e-09
24,6.19249013e-01,1.96228171e-08,99,4,2,14,normal_corr_dominates,3.65913183e+01,1.00000000e+00,2.50000138e+07,1.38195154e+01,3.67625186e-01,1.34518902e+01,1.00010110e-09
24,6.19249013e-01,1.96228171e-08,99,5,0,15,normal_corr_dominates,1.41728884e+00,1.00000000e+00,2.50000012e+07,1.24691108e+00,-2.98812466e+00,4.23503573e+00,1.00000247e-09
24,6.19249013e-01,1.96228171e-08,99,5,0,15,corr_ratio_high,1.95262205e+00,5.00000000e-01,2.50000012e+07,1.24691108e+00,-2.98812466e+00,4.23503573e+00,1.00000247e-09
24,6.19249013e-01,1.96228171e-08,99,5,1,16,normal_corr_dominates,2.45385873e+00,1.00000000e+00,2.50000043e+07,4.34431113e+00,-2.98812466e+00,7.33243579e+00,1.00011155e-09
24,6.19249013e-01,1.96228171e-08,99,5,2,17,normal_corr_dominates,1.28212888e+00,1.00000000e+00,2.49999932e+07,-6.81928558e+00,-2.98812466e+00,-3.83116092e+00,1.00012363e-09
24,6.19249013e-01,1.96228171e-08,99,6,0,18,normal_corr_dominates,2.41593475e+00,1.00000000e+00,2.50000035e+07,3.50477162e+00,-2.47523527e+00,5.98000688e+00,1.00009284e-09
24,6.19249013e-01,1.96228171e-08,99,6,1,19,normal_corr_dominates,1.62556121e+00,1.00000000e+00,2.49999935e+07,-6.49888169e+00,-2.47523527e+00,-4.02364643e+00,1.00010660e-09
24,6.19249013e-01,1.96228171e-08,99,6,2,20,normal_corr_dominates,1.03787167e+00,1.00000000e+00,2.49999950e+07,-5.04421182e+00,-2.47523527e+00,-2.56897656e+00,1.00010846e-09
24,6.19249013e-01,1.96228171e-08,99,7,0,21,normal_corr_dominates,2.21275240e+00,1.00000000e+00,2.50000009e+07,8.64146049e-01,2.68973746e-01,5.95172303e-01,1.00006936e-09
24,6.19249013e-01,1.96228171e-08,99,7,1,22,normal_corr_dominates,1.35492775e+01,1.00000000e+00,2.50000039e+07,3.91337367e+00,2.68973746e-01,3.64439992e+00,1.00007757e-09
24,6.19249013e-01,1.96228171e-08,99,7,2,23,normal_corr_dominates,3.01018520e+01,1.00000000e+00,2.49999922e+07,-7.82763416e+00,2.68973746e-01,-8.09660791e+00,1.00010837e-09
24,6.19249013e-01,1.96228171e-08,99,8,1,25,normal_corr_dominates,3.54538710e+00,1.00000000e+00,2.49999921e+07,-7.87468427e+00,-1.73245624e+00,-6.14222802e+00,1.00008849e-09
24,6.19249013e-01,1.96228171e-08,99,8,2,26,normal_corr_dominates,8.80543051e+00,1.00000000e+00,2.50000135e+07,1.35225668e+01,-1.73245624e+00,1.52550231e+01,1.00008353e-09
24,6.19249013e-01,1.96228171e-08,99,9,0,27,normal_corr_dominates,1.33118320e+00,1.00000000e+00,2.49999923e+07,-7.70662278e+00,-3.30588465e+00,-4.40073812e+00,1.00007929e-09
24,6.19249013e-01,1.96228171e-08,99,9,2,29,normal_corr_dominates,1.01732053e+00,1.00000000e+00,2.49999933e+07,-6.66902899e+00,-3.30588465e+00,-3.36314434e+00,1.00005989e-09
24,6.19249013e-01,1.96228171e-08,99,10,0,30,normal_corr_dominates,2.24218694e+01,1.00000000e+00,2.50000061e+07,6.10647632e+00,-2.85058051e-01,6.39153438e+00,1.00007901e-09
24,6.19249013e-01,1.96228171e-08,99,10,1,31,normal_corr_dominates,3.91598100e+01,1.00000000e+00,2.49999886e+07,-1.14478772e+01,-2.85058051e-01,-1.11628191e+01,1.00004451e-09
24,6.19249013e-01,1.96228171e-08,99,10,1,31,corr_ratio_high,1.18792712e+00,5.00000000e-01,2.49999886e+07,-1.14478772e+01,-2.85058051e-01,-1.11628191e+01,1.00004451e-09
24,6.19249013e-01,1.96228171e-08,99,10,2,32,normal_corr_dominates,3.28474499e+01,1.00000000e+00,2.49999904e+07,-9.64848810e+00,-2.85058051e-01,-9.36343005e+00,1.00012042e-09
24,6.19249013e-01,1.96228171e-08,99,11,0,33,normal_corr_dominates,9.58935813e+00,1.00000000e+00,2.50000125e+07,1.25065289e+01,-1.45604930e+00,1.39625782e+01,1.00009807e-09
24,6.19249013e-01,1.96228171e-08,99,11,1,34,normal_corr_dominates,1.00049998e+01,1.00000000e+00,2.49999840e+07,-1.60238224e+01,-1.45604930e+00,-1.45677731e+01,1.00008280e-09
24,6.19249013e-01,1.96228171e-08,99,11,2,35,normal_corr_dominates,7.48568941e+00,1.00000000e+00,2.49999876e+07,-1.23555822e+01,-1.45604930e+00,-1.08995329e+01,1.00009406e-09
24,6.19249013e-01,1.96228171e-08,99,12,0,36,normal_corr_dominates,1.04833025e+00,1.00000000e+00,2.49999999e+07,-1.36556009e-01,2.82547716e+00,-2.96203317e+00,1.00003014e-09
24,6.19249013e-01,1.96228171e-08,99,12,0,36,corr_ratio_high,1.48409676e+00,5.00000000e-01,2.49999999e+07,-1.36556009e-01,2.82547716e+00,-2.96203317e+00,1.00003014e-09
24,6.19249013e-01,1.96228171e-08,99,12,1,37,normal_corr_dominates,5.75684182e+00,1.00000000e+00,2.49999866e+07,-1.34403479e+01,2.82547716e+00,-1.62658251e+01,1.00007925e-09
24,6.19249013e-01,1.96228171e-08,99,12,2,38,normal_corr_dominates,5.53131117e+00,1.00000000e+00,2.50000185e+07,1.84540705e+01,2.82547716e+00,1.56285934e+01,1.00012152e-09
24,6.19249013e-01,1.96228171e-08,99,13,0,39,normal_corr_dominates,8.09099950e+00,1.00000000e+00,2.49999870e+07,-1.29747586e+01,-1.42720926e+00,-1.15475494e+01,1.00009884e-09
24,6.19249013e-01,1.96228171e-08,99,13,1,40,normal_corr_dominates,6.22786631e+00,1.00000000e+00,2.50000075e+07,7.46125918e+00,-1.42720926e+00,8.88846843e+00,1.00008284e-09
24,6.19249013e-01,1.96228171e-08,99,13,2,41,normal_corr_dominates,4.39937842e+00,1.00000000e+00,2.49999923e+07,-7.70604286e+00,-1.42720926e+00,-6.27883361e+00,1.00009812e-09
24,6.19249013e-01,1.96228171e-08,99,14,0,42,normal_corr_dominates,2.92073051e+00,1.00000000e+00,2.49999950e+07,-5.01096163e+00,2.60888324e+00,-7.61984488e+00,1.00006252e-09
24,6.19249013e-01,1.96228171e-08,99,14,1,43,normal_corr_dominates,1.47665487e+00,1.00000000e+00,2.50000065e+07,6.46130339e+00,2.60888324e+00,3.85242015e+00,1.00003062e-09
24,6.19249013e-01,1.96228171e-08,99,14,1,43,corr_ratio_high,1.30006533e+00,5.00000000e-01,2.50000065e+07,6.46130339e+00,2.60888324e+00,3.85242015e+00,1.00003062e-09
24,6.19249013e-01,1.96228171e-08,99,14,2,44,normal_corr_dominates,4.22664176e+00,1.00000000e+00,2.49999916e+07,-8.41793161e+00,2.60888324e+00,-1.10268149e+01,1.00013830e-09
24,6.19249013e-01,1.96228171e-08,99,14,2,44,corr_ratio_high,5.16185093e-01,5.00000000e-01,2.49999916e+07,-8.41793161e+00,2.60888324e+00,-1.10268149e+01,1.00013830e-09
25,6.45768674e-01,2.04631745e-08,99,0,0,0,normal_corr_dominates,6.50150366e+01,1.00000000e+00,2.49999783e+07,-2.16802894e+01,3.38674952e-01,-2.20189644e+01,1.00003212e-09
25,6.45768674e-01,2.04631745e-08,99,0,0,0,corr_ratio_high,1.32707743e+00,5.00000000e-01,2.49999783e+07,-2.16802894e+01,3.38674952e-01,-2.20189644e+01,1.00003212e-09
25,6.45768674e-01,2.04631745e-08,99,0,1,1,normal_corr_dominates,4.70937577e+01,1.00000000e+00,2.50000163e+07,1.62881511e+01,3.38674952e-01,1.59494761e+01,1.00011453e-09
25,6.45768674e-01,2.04631745e-08,99,0,2,2,normal_corr_dominates,1.63481000e+01,1.00000000e+00,2.49999948e+07,-5.19801704e+00,3.38674952e-01,-5.53669199e+00,1.00010992e-09
25,6.45768674e-01,2.04631745e-08,99,1,0,3,normal_corr_dominates,7.03886291e+00,1.00000000e+00,2.49999915e+07,-8.52163247e+00,1.41113196e+00,-9.93276443e+00,1.00006026e-09
25,6.45768674e-01,2.04631745e-08,99,1,0,3,corr_ratio_high,1.04192696e+00,5.00000000e-01,2.49999915e+07,-8.52163247e+00,1.41113196e+00,-9.93276443e+00,1.00006026e-09
25,6.45768674e-01,2.04631745e-08,99,1,2,5,normal_corr_dominates,3.31651908e+00,1.00000000e+00,2.49999967e+07,-3.26891411e+00,1.41113196e+00,-4.68004607e+00,1.00011203e-09
25,6.45768674e-01,2.04631745e-08,99,2,0,6,normal_corr_dominates,1.41483326e+00,1.00000000e+00,2.49999927e+07,-7.31626233e+00,-3.02971739e+00,-4.28654494e+00,1.00009319e-09
25,6.45768674e-01,2.04631745e-08,99,2,1,7,normal_corr_dominates,2.52525371e+00,1.00000000e+00,2.50000046e+07,4.62108769e+00,-3.02971739e+00,7.65080508e+00,1.00010372e-09
25,6.45768674e-01,2.04631745e-08,99,3,0,9,normal_corr_dominates,8.14264604e+00,1.00000000e+00,2.50000091e+07,9.12494219e+00,9.98063596e-01,8.12687860e+00,1.00010236e-09
25,6.45768674e-01,2.04631745e-08,99,3,1,10,normal_corr_dominates,1.60745394e+01,1.00000000e+00,2.50000170e+07,1.70414762e+01,9.98063596e-01,1.60434126e+01,1.00009994e-09
25,6.45768674e-01,2.04631745e-08,99,3,2,11,normal_corr_dominates,1.05315562e+01,1.00000000e+00,2.49999905e+07,-9.51309928e+00,9.98063596e-01,-1.05111629e+01,1.00009389e-09
25,6.45768674e-01,2.04631745e-08,99,4,0,12,normal_corr_dominates,1.04010192e+01,1.00000000e+00,2.50000044e+07,4.35318589e+00,3.81824276e-01,3.97136162e+00,1.00008520e-09
25,6.45768674e-01,2.04631745e-08,99,4,1,13,normal_corr_dominates,7.38322739e+00,1.00000000e+00,2.49999976e+07,-2.43727118e+00,3.81824276e-01,-2.81909545e+00,1.00006107e-09
25,6.45768674e-01,2.04631745e-08,99,4,1,13,corr_ratio_high,5.35275649e-01,5.00000000e-01,2.49999976e+07,-2.43727118e+00,3.81824276e-01,-2.81909545e+00,1.00006107e-09
25,6.45768674e-01,2.04631745e-08,99,4,2,14,normal_corr_dominates,3.66514086e+01,1.00000000e+00,2.50000144e+07,1.43762218e+01,3.81824276e-01,1.39943975e+01,1.00010516e-09
25,6.45768674e-01,2.04631745e-08,99,5,0,15,normal_corr_dominates,1.41742628e+00,1.00000000e+00,2.50000013e+07,1.29749041e+00,-3.10831030e+00,4.40580071e+00,1.00000257e-09
25,6.45768674e-01,2.04631745e-08,99,5,0,15,corr_ratio_high,1.95231740e+00,5.00000000e-01,2.50000013e+07,1.29749041e+00,-3.10831030e+00,4.40580071e+00,1.00000257e-09
25,6.45768674e-01,2.04631745e-08,99,5,1,16,normal_corr_dominates,2.45368773e+00,1.00000000e+00,2.50000045e+07,4.51851255e+00,-3.10831030e+00,7.62682285e+00,1.00011603e-09
25,6.45768674e-01,2.04631745e-08,99,5,2,17,normal_corr_dominates,1.28140572e+00,1.00000000e+00,2.49999929e+07,-7.09131689e+00,-3.10831030e+00,-3.98300659e+00,1.00012859e-09
25,6.45768674e-01,2.04631745e-08,99,6,0,18,normal_corr_dominates,2.41510980e+00,1.00000000e+00,2.50000036e+07,3.64419801e+00,-2.57520512e+00,6.21940313e+00,1.00009658e-09
25,6.45768674e-01,2.04631745e-08,99,6,1,19,normal_corr_dominates,1.62413572e+00,1.00000000e+00,2.49999932e+07,-6.75768774e+00,-2.57520512e+00,-4.18248262e+00,1.00011088e-09
25,6.45768674e-01,2.04631745e-08,99,6,2,20,normal_corr_dominates,1.03661709e+00,1.00000000e+00,2.49999948e+07,-5.24470676e+00,-2.57520512e+00,-2.66950164e+00,1.00011281e-09
25,6.45768674e-01,2.04631745e-08,99,7,0,21,normal_corr_dominates,2.20538301e+00,1.00000000e+00,2.50000009e+07,8.97265584e-01,2.79924608e-01,6.17340976e-01,1.00007214e-09
25,6.45768674e-01,2.04631745e-08,99,7,1,22,normal_corr_dominates,1.35424753e+01,1.00000000e+00,2.50000041e+07,4.07079671e+00,2.79924608e-01,3.79087210e+00,1.00008069e-09
25,6.45768674e-01,2.04631745e-08,99,7,2,23,normal_corr_dominates,3.00800360e+01,1.00000000e+00,2.49999919e+07,-8.14021767e+00,2.79924608e-01,-8.42014228e+00,1.00011271e-09
25,6.45768674e-01,2.04631745e-08,99,8,1,25,normal_corr_dominates,3.54403694e+00,1.00000000e+00,2.49999918e+07,-8.19036008e+00,-1.80244135e+00,-6.38791873e+00,1.00009205e-09
25,6.45768674e-01,2.04631745e-08,99,8,2,26,normal_corr_dominates,8.80441398e+00,1.00000000e+00,2.50000141e+07,1.40669985e+01,-1.80244135e+00,1.58694398e+01,1.00008689e-09
25,6.45768674e-01,2.04631745e-08,99,9,0,27,normal_corr_dominates,1.33145758e+00,1.00000000e+00,2.49999920e+07,-8.01654584e+00,-3.43842664e+00,-4.57811920e+00,1.00008247e-09
25,6.45768674e-01,2.04631745e-08,99,9,2,29,normal_corr_dominates,1.01716207e+00,1.00000000e+00,2.49999931e+07,-6.93586378e+00,-3.43842664e+00,-3.49743714e+00,1.00006230e-09
25,6.45768674e-01,2.04631745e-08,99,10,0,30,normal_corr_dominates,2.24964548e+01,1.00000000e+00,2.50000064e+07,6.35267121e+00,-2.95521809e-01,6.64819302e+00,1.00008218e-09
25,6.45768674e-01,2.04631745e-08,99,10,1,31,normal_corr_dominates,3.92897477e+01,1.00000000e+00,2.49999881e+07,-1.19064991e+01,-2.95521809e-01,-1.16109773e+01,1.00004631e-09
25,6.45768674e-01,2.04631745e-08,99,10,1,31,corr_ratio_high,1.18744657e+00,5.00000000e-01,2.49999881e+07,-1.19064991e+01,-2.95521809e-01,-1.16109773e+01,1.00004631e-09
25,6.45768674e-01,2.04631745e-08,99,10,2,32,normal_corr_dominates,3.29506068e+01,1.00000000e+00,2.49999900e+07,-1.00331447e+01,-2.95521809e-01,-9.73762292e+00,1.00012525e-09
25,6.45768674e-01,2.04631745e-08,99,11,0,33,normal_corr_dominates,9.59109478e+00,1.00000000e+00,2.50000130e+07,1.30117132e+01,-1.51455822e+00,1.45262715e+01,1.00010201e-09
25,6.45768674e-01,2.04631745e-08,99,11,1,34,normal_corr_dominates,1.00042856e+01,1.00000000e+00,2.49999833e+07,-1.66666312e+01,-1.51455822e+00,-1.51520730e+01,1.00008613e-09
25,6.45768674e-01,2.04631745e-08,99,11,2,35,normal_corr_dominates,7.48576137e+00,1.00000000e+00,2.49999871e+07,-1.28521797e+01,-1.51455822e+00,-1.13376214e+01,1.00009784e-09
25,6.45768674e-01,2.04631745e-08,99,12,0,36,normal_corr_dominates,1.04840356e+00,1.00000000e+00,2.49999999e+07,-1.42235007e-01,2.93852369e+00,-3.08075870e+00,1.00003135e-09
25,6.45768674e-01,2.04631745e-08,99,12,0,36,corr_ratio_high,1.48394026e+00,5.00000000e-01,2.49999999e+07,-1.42235007e-01,2.93852369e+00,-3.08075870e+00,1.00003135e-09
25,6.45768674e-01,2.04631745e-08,99,12,1,37,normal_corr_dominates,5.75807470e+00,1.00000000e+00,2.49999860e+07,-1.39817152e+01,2.93852369e+00,-1.69202389e+01,1.00008245e-09
25,6.45768674e-01,2.04631745e-08,99,12,2,38,normal_corr_dominates,5.53252140e+00,1.00000000e+00,2.50000192e+07,1.91959689e+01,2.93852369e+00,1.62574452e+01,1.00012640e-09
25,6.45768674e-01,2.04631745e-08,99,13,0,39,normal_corr_dominates,8.08982163e+00,1.00000000e+00,2.49999865e+07,-1.34952814e+01,-1.48465855e+00,-1.20106229e+01,1.00010282e-09
25,6.45768674e-01,2.04631745e-08,99,13,1,40,normal_corr_dominates,6.22734707e+00,1.00000000e+00,2.50000078e+07,7.76082554e+00,-1.48465855e+00,9.24548410e+00,1.00008617e-09
25,6.45768674e-01,2.04631745e-08,99,13,2,41,normal_corr_dominates,4.39795687e+00,1.00000000e+00,2.49999920e+07,-8.01412285e+00,-1.48465855e+00,-6.52946429e+00,1.00010206e-09
25,6.45768674e-01,2.04631745e-08,99,14,0,42,normal_corr_dominates,2.92138685e+00,1.00000000e+00,2.49999948e+07,-5.21283106e+00,2.71305649e+00,-7.92588756e+00,1.00006503e-09
25,6.45768674e-01,2.04631745e-08,99,14,1,43,normal_corr_dominates,1.47719094e+00,1.00000000e+00,2.50000067e+07,6.72075897e+00,2.71305649e+00,4.00770248e+00,1.00003186e-09
25,6.45768674e-01,2.04631745e-08,99,14,1,43,corr_ratio_high,1.29977778e+00,5.00000000e-01,2.50000067e+07,6.72075897e+00,2.71305649e+00,4.00770248e+00,1.00003186e-09
25,6.45768674e-01,2.04631745e-08,99,14,2,44,normal_corr_dominates,4.22708824e+00,1.00000000e+00,2.49999912e+07,-8.75527269e+00,2.71305649e+00,-1.14683292e+01,1.00014385e-09
25,6.45768674e-01,2.04631745e-08,99,14,2,44,corr_ratio_high,5.16164445e-01,5.00000000e-01,2.49999912e+07,-8.75527269e+00,2.71305649e+00,-1.14683292e+01,1.00014385e-09
26,6.70721878e-01,2.12538938e-08,99,0,0,0,normal_corr_dominates,6.49787541e+01,1.00000000e+00,2.49999775e+07,-2.24698862e+01,3.51208561e-01,-2.28210947e+01,1.00003328e-09
26,6.70721878e-01,2.12538938e-08,99,0,0,0,corr_ratio_high,1.32700991e+00,5.00000000e-01,2.49999775e+07,-2.24698862e+01,3.51208561e-01,-2.28210947e+01,1.00003328e-09
26,6.70721878e-01,2.12538938e-08,99,0,1,1,normal_corr_dominates,4.70544272e+01,1.00000000e+00,2.50000169e+07,1.68771262e+01,3.51208561e-01,1.65259177e+01,1.00011868e-09
26,6.70721878e-01,2.12538938e-08,99,0,2,2,normal_corr_dominates,1.63272642e+01,1.00000000e+00,2.49999946e+07,-5.38306642e+00,3.51208561e-01,-5.73427498e+00,1.00011390e-09
26,6.70721878e-01,2.12538938e-08,99,1,0,3,normal_corr_dominates,7.04004059e+00,1.00000000e+00,2.49999912e+07,-8.83456025e+00,1.46266571e+00,-1.02972260e+01,1.00006244e-09
26,6.70721878e-01,2.12538938e-08,99,1,0,3,corr_ratio_high,1.04202698e+00,5.00000000e-01,2.49999912e+07,-8.83456025e+00,1.46266571e+00,-1.02972260e+01,1.00006244e-09
26,6.70721878e-01,2.12538938e-08,99,1,2,5,normal_corr_dominates,3.31350627e+00,1.00000000e+00,2.49999966e+07,-3.38388629e+00,1.46266571e+00,-4.84655200e+00,1.00011608e-09
26,6.70721878e-01,2.12538938e-08,99,2,0,6,normal_corr_dominates,1.41493955e+00,1.00000000e+00,2.49999924e+07,-7.58347545e+00,-3.14023407e+00,-4.44324138e+00,1.00009657e-09
26,6.70721878e-01,2.12538938e-08,99,2,1,7,normal_corr_dominates,2.52435115e+00,1.00000000e+00,2.50000048e+07,4.78681942e+00,-3.14023407e+00,7.92705349e+00,1.00010748e-09
26,6.70721878e-01,2.12538938e-08,99,3,0,9,normal_corr_dominates,8.13707375e+00,1.00000000e+00,2.50000095e+07,9.45418059e+00,1.03470551e+00,8.41947508e+00,1.00010606e-09
26,6.70721878e-01,2.12538938e-08,99,3,1,10,normal_corr_dominates,1.60695780e+01,1.00000000e+00,2.50000177e+07,1.76619865e+01,1.03470551e+00,1.66272809e+01,1.00010355e-09
26,6.70721878e-01,2.12538938e-08,99,3,2,11,normal_corr_dominates,1.05261650e+01,1.00000000e+00,2.49999901e+07,-9.85677546e+00,1.03470551e+00,-1.08914810e+01,1.00009729e-09
26,6.70721878e-01,2.12538938e-08,99,4,0,12,normal_corr_dominates,1.04123290e+01,1.00000000e+00,2.50000045e+07,4.50880165e+00,3.95081638e-01,4.11372001e+00,1.00008829e-09
26,6.70721878e-01,2.12538938e-08,99,4,1,13,normal_corr_dominates,7.39654348e+00,1.00000000e+00,2.49999975e+07,-2.52715688e+00,3.95081638e-01,-2.92223851e+00,1.00006329e-09
26,6.70721878e-01,2.12538938e-08,99,4,1,13,corr_ratio_high,5.35076433e-01,5.00000000e-01,2.49999975e+07,-2.52715688e+00,3.95081638e-01,-2.92223851e+00,1.00006329e-09
26,6.70721878e-01,2.12538938e-08,99,4,2,14,normal_corr_dominates,3.67095213e+01,1.00000000e+00,2.50000149e+07,1.48983394e+01,3.95081638e-01,1.45032578e+01,1.00010896e-09
26,6.70721878e-01,2.12538938e-08,99,5,0,15,normal_corr_dominates,1.41754396e+00,1.00000000e+00,2.50000013e+07,1.34493379e+00,-3.22105916e+00,4.56599295e+00,1.00000267e-09
26,6.70721878e-01,2.12538938e-08,99,5,0,15,corr_ratio_high,1.95203843e+00,5.00000000e-01,2.50000013e+07,1.34493379e+00,-3.22105916e+00,4.56599295e+00,1.00000267e-09
26,6.70721878e-01,2.12538938e-08,99,5,1,16,normal_corr_dominates,2.45350224e+00,1.00000000e+00,2.50000047e+07,4.68181672e+00,-3.22105916e+00,7.90287587e+00,1.00012024e-09
26,6.70721878e-01,2.12538938e-08,99,5,2,17,normal_corr_dominates,1.28073096e+00,1.00000000e+00,2.49999927e+07,-7.34636936e+00,-3.22105916e+00,-4.12531020e+00,1.00013323e-09
26,6.70721878e-01,2.12538938e-08,99,6,0,18,normal_corr_dominates,2.41432241e+00,1.00000000e+00,2.50000038e+07,3.77484303e+00,-2.66901167e+00,6.44385471e+00,1.00010008e-09
26,6.70721878e-01,2.12538938e-08,99,6,1,19,normal_corr_dominates,1.62280020e+00,1.00000000e+00,2.49999930e+07,-7.00028436e+00,-2.66901167e+00,-4.33127268e+00,1.00011489e-09
26,6.70721878e-01,2.12538938e-08,99,6,2,20,normal_corr_dominates,1.03545550e+00,1.00000000e+00,2.49999946e+07,-5.43265449e+00,-2.66901167e+00,-2.76364281e+00,1.00011689e-09
26,6.70721878e-01,2.12538938e-08,99,7,0,21,normal_corr_dominates,2.19874020e+00,1.00000000e+00,2.50000009e+07,9.28178812e-01,2.90170116e-01,6.38008697e-01,1.00007475e-09
26,6.70721878e-01,2.12538938e-08,99,7,1,22,normal_corr_dominates,1.35377699e+01,1.00000000e+00,2.50000042e+07,4.21842637e+00,2.90170116e-01,3.92825625e+00,1.00008361e-09
26,6.70721878e-01,2.12538938e-08,99,7,2,23,normal_corr_dominates,3.00632874e+01,1.00000000e+00,2.49999916e+07,-8.43329745e+00,2.90170116e-01,-8.72346757e+00,1.00011679e-09
26,6.70721878e-01,2.12538938e-08,99,8,1,25,normal_corr_dominates,3.54273032e+00,1.00000000e+00,2.49999915e+07,-8.48636385e+00,-1.86811966e+00,-6.61824419e+00,1.00009538e-09
26,6.70721878e-01,2.12538938e-08,99,8,2,26,normal_corr_dominates,8.80334965e+00,1.00000000e+00,2.50000146e+07,1.45775909e+01,-1.86811966e+00,1.64457106e+01,1.00009003e-09
26,6.70721878e-01,2.12538938e-08,99,9,0,27,normal_corr_dominates,1.33170233e+00,1.00000000e+00,2.49999917e+07,-8.30724071e+00,-3.56273638e+00,-4.74450433e+00,1.00008546e-09
26,6.70721878e-01,2.12538938e-08,99,9,2,29,normal_corr_dominates,1.01700471e+00,1.00000000e+00,2.49999928e+07,-7.18605607e+00,-3.56273638e+00,-3.62331968e+00,1.00006456e-09
26,6.70721878e-01,2.12538938e-08,99,10,0,30,normal_corr_dominates,2.25632663e+01,1.00000000e+00,2.50000066e+07,6.58358412e+00,-3.05314790e-01,6.88889891e+00,1.00008516e-09
26,6.70721878e-01,2.12538938e-08,99,10,1,31,normal_corr_dominates,3.94059396e+01,1.00000000e+00,2.49999877e+07,-1.23365310e+01,-3.05314790e-01,-1.20312162e+01,1.00004799e-09
26,6.70721878e-01,2.12538938e-08,99,10,1,31,corr_ratio_high,1.18700391e+00,5.00000000e-01,2.49999877e+07,-1.23365310e+01,-3.05314790e-01,-1.20312162e+01,1.00004799e-09
26,6.70721878e-01,2.12538938e-08,99,10,2,32,normal_corr_dominates,3.30427732e+01,1.00000000e+00,2.49999896e+07,-1.03937621e+01,-3.05314790e-01,-1.00884473e+01,1.00012978e-09
26,6.70721878e-01,2.12538938e-08,99,11,0,33,normal_corr_dominates,9.59245619e+00,1.00000000e+00,2.50000135e+07,1.34855252e+01,-1.56946103e+00,1.50549862e+01,1.00010569e-09
26,6.70721878e-01,2.12538938e-08,99,11,1,34,normal_corr_dominates,1.00033908e+01,1.00000000e+00,2.49999827e+07,-1.72693931e+01,-1.56946103e+00,-1.56999321e+01,1.00008926e-09
26,6.70721878e-01,2.12538938e-08,99,11,2,35,normal_corr_dominates,7.48565051e+00,1.00000000e+00,2.49999867e+07,-1.33178978e+01,-1.56946103e+00,-1.17484368e+01,1.00010138e-09
26,6.70721878e-01,2.12538938e-08,99,12,0,36,normal_corr_dominates,1.04847660e+00,1.00000000e+00,2.49999999e+07,-1.47586319e-01,3.04448582e+00,-3.19207214e+00,1.00003248e-09
26,6.70721878e-01,2.12538938e-08,99,12,0,36,corr_ratio_high,1.48379441e+00,5.00000000e-01,2.49999999e+07,-1.47586319e-01,3.04448582e+00,-3.19207214e+00,1.00003248e-09
26,6.70721878e-01,2.12538938e-08,99,12,1,37,normal_corr_dominates,5.75925965e+00,1.00000000e+00,2.49999855e+07,-1.44894985e+01,3.04448582e+00,-1.75339844e+01,1.00008544e-09
26,6.70721878e-01,2.12538938e-08,99,12,2,38,normal_corr_dominates,5.53368114e+00,1.00000000e+00,2.50000199e+07,1.98916996e+01,3.04448582e+00,1.68472138e+01,1.00013097e-09
26,6.70721878e-01,2.12538938e-08,99,13,0,39,normal_corr_dominates,8.08855247e+00,1.00000000e+00,2.49999860e+07,-1.39833923e+01,-1.53857200e+00,-1.24448203e+01,1.00010654e-09
26,6.70721878e-01,2.12538938e-08,99,13,1,40,normal_corr_dominates,6.22673384e+00,1.00000000e+00,2.50000080e+07,8.04170634e+00,-1.53857200e+00,9.58027834e+00,1.00008929e-09
26,6.70721878e-01,2.12538938e-08,99,13,2,41,normal_corr_dominates,4.39654178e+00,1.00000000e+00,2.49999917e+07,-8.30296807e+00,-1.53857200e+00,-6.76439607e+00,1.00010575e-09
26,6.70721878e-01,2.12538938e-08,99,14,0,42,normal_corr_dominates,2.92200701e+00,1.00000000e+00,2.49999946e+07,-5.40217691e+00,2.81069574e+00,-8.21287265e+00,1.00006739e-09
26,6.70721878e-01,2.12538938e-08,99,14,1,43,normal_corr_dominates,1.47769889e+00,1.00000000e+00,2.50000070e+07,6.96405771e+00,2.81069574e+00,4.15336197e+00,1.00003302e-09
26,6.70721878e-01,2.12538938e-08,99,14,1,43,corr_ratio_high,1.29951135e+00,5.00000000e-01,2.50000070e+07,6.96405771e+00,2.81069574e+00,4.15336197e+00,1.00003302e-09
26,6.70721878e-01,2.12538938e-08,99,14,2,44,normal_corr_dominates,4.22753775e+00,1.00000000e+00,2.49999909e+07,-9.07162659e+00,2.81069574e+00,-1.18823223e+01,1.00014905e-09
26,6.70721878e-01,2.12538938e-08,99,14,2,44,corr_ratio_high,5.16145125e-01,5.00000000e-01,2.49999909e+07,-9.07162659e+00,2.81069574e+00,-1.18823223e+01,1.00014905e-09
27,6.93628176e-01,2.19797506e-08,99,0,0,0,normal_corr_dominates,6.49510315e+01,1.00000000e+00,2.49999768e+07,-2.31927850e+01,3.62664752e-01,-2.35554497e+01,1.00003434e-09
27,6.93628176e-01,2.19797506e-08,99,0,0,0,corr_ratio_high,1.32694858e+00,5.00000000e-01,2.49999768e+07,-2.31927850e+01,3.62664752e-01,-2.35554497e+01,1.00003434e-09
27,6.93628176e-01,2.19797506e-08,99,0,1,1,normal_corr_dominates,4.70225417e+01,1.00000000e+00,2.50000174e+07,1.74160832e+01,3.62664752e-01,1.70534184e+01,1.00012247e-09
27,6.93628176e-01,2.19797506e-08,99,0,2,2,normal_corr_dominates,1.63096836e+01,1.00000000e+00,2.49999944e+07,-5.55228261e+00,3.62664752e-01,-5.91494736e+00,1.00011755e-09
27,6.93628176e-01,2.19797506e-08,99,1,0,3,normal_corr_dominates,7.04124267e+00,1.00000000e+00,2.49999909e+07,-9.12119771e+00,1.50982144e+00,-1.06310192e+01,1.00006443e-09
27,6.93628176e-01,2.19797506e-08,99,1,0,3,corr_ratio_high,1.04211519e+00,5.00000000e-01,2.49999909e+07,-9.12119771e+00,1.50982144e+00,-1.06310192e+01,1.00006443e-09
27,6.93628176e-01,2.19797506e-08,99,1,2,5,normal_corr_dominates,3.31085863e+00,1.00000000e+00,2.49999965e+07,-3.48898390e+00,1.50982144e+00,-4.99880534e+00,1.00011979e-09
27,6.93628176e-01,2.19797506e-08,99,2,0,6,normal_corr_dominates,1.41502435e+00,1.00000000e+00,2.49999922e+07,-7.82815522e+00,-3.24143946e+00,-4.58671576e+00,1.00009966e-09
27,6.93628176e-01,2.19797506e-08,99,2,1,7,normal_corr_dominates,2.52352322e+00,1.00000000e+00,2.50000049e+07,4.93840827e+00,-3.24143946e+00,8.17984773e+00,1.00011092e-09
27,6.93628176e-01,2.19797506e-08,99,3,0,9,normal_corr_dominates,8.13224527e+00,1.00000000e+00,2.50000098e+07,9.75541079e+00,1.06823793e+00,8.68717286e+00,1.00010945e-09
27,6.93628176e-01,2.19797506e-08,99,3,1,10,normal_corr_dominates,1.60654555e+01,1.00000000e+00,2.50000182e+07,1.82299669e+01,1.06823793e+00,1.71617290e+01,1.00010686e-09
27,6.93628176e-01,2.19797506e-08,99,3,2,11,normal_corr_dominates,1.05215377e+01,1.00000000e+00,2.49999898e+07,-1.01712677e+01,1.06823793e+00,-1.12395056e+01,1.00010041e-09
27,6.93628176e-01,2.19797506e-08,99,4,0,12,normal_corr_dominates,1.04231498e+01,1.00000000e+00,2.50000047e+07,4.65110712e+00,4.07165029e-01,4.24394209e+00,1.00009112e-09
27,6.93628176e-01,2.19797506e-08,99,4,1,13,normal_corr_dominates,7.40900652e+00,1.00000000e+00,2.49999974e+07,-2.60952333e+00,4.07165029e-01,-3.01668836e+00,1.00006532e-09
27,6.93628176e-01,2.19797506e-08,99,4,1,13,corr_ratio_high,5.34897119e-01,5.00000000e-01,2.49999974e+07,-2.60952333e+00,4.07165029e-01,-3.01668836e+00,1.00006532e-09
27,6.93628176e-01,2.19797506e-08,99,4,2,14,normal_corr_dominates,3.67640891e+01,1.00000000e+00,2.50000154e+07,1.53762165e+01,4.07165029e-01,1.49690514e+01,1.00011244e-09
27,6.93628176e-01,2.19797506e-08,99,5,0,15,normal_corr_dominates,1.41764269e+00,1.00000000e+00,2.50000014e+07,1.38836193e+00,-3.32428163e+00,4.71264356e+00,1.00000276e-09
27,6.93628176e-01,2.19797506e-08,99,5,0,15,corr_ratio_high,1.95178859e+00,5.00000000e-01,2.50000014e+07,1.38836193e+00,-3.32428163e+00,4.71264356e+00,1.00000276e-09
27,6.93628176e-01,2.19797506e-08,99,5,1,16,normal_corr_dominates,2.45331275e+00,1.00000000e+00,2.50000048e+07,4.83122088e+00,-3.32428163e+00,8.15550251e+00,1.00012408e-09
27,6.93628176e-01,2.19797506e-08,99,5,2,17,normal_corr_dominates,1.28011639e+00,1.00000000e+00,2.49999924e+07,-7.57974904e+00,-3.32428163e+00,-4.25546741e+00,1.00013749e-09
27,6.93628176e-01,2.19797506e-08,99,6,0,18,normal_corr_dominates,2.41359130e+00,1.00000000e+00,2.50000039e+07,3.89431851e+00,-2.75491120e+00,6.64922971e+00,1.00010328e-09
27,6.93628176e-01,2.19797506e-08,99,6,1,19,normal_corr_dominates,1.62157989e+00,1.00000000e+00,2.49999928e+07,-7.22221982e+00,-2.75491120e+00,-4.46730862e+00,1.00011856e-09
27,6.93628176e-01,2.19797506e-08,99,6,2,20,normal_corr_dominates,1.03440471e+00,1.00000000e+00,2.49999944e+07,-5.60460432e+00,-2.75491120e+00,-2.84969312e+00,1.00012062e-09
27,6.93628176e-01,2.19797506e-08,99,7,0,21,normal_corr_dominates,2.19287481e+00,1.00000000e+00,2.50000010e+07,9.56347872e-01,2.99525640e-01,6.56822232e-01,1.00007714e-09
27,6.93628176e-01,2.19797506e-08,99,7,1,22,normal_corr_dominates,1.35347705e+01,1.00000000e+00,2.50000044e+07,4.35353643e+00,2.99525640e-01,4.05401079e+00,1.00008628e-09
27,6.93628176e-01,2.19797506e-08,99,7,2,23,normal_corr_dominates,3.00508608e+01,1.00000000e+00,2.49999913e+07,-8.70147769e+00,2.99525640e-01,-9.00100333e+00,1.00012052e-09
27,6.93628176e-01,2.19797506e-08,99,8,1,25,normal_corr_dominates,3.54150307e+00,1.00000000e+00,2.49999912e+07,-8.75723873e+00,-1.92826881e+00,-6.82896992e+00,1.00009843e-09
27,6.93628176e-01,2.19797506e-08,99,8,2,26,normal_corr_dominates,8.80228793e+00,1.00000000e+00,2.50000150e+07,1.50449085e+01,-1.92826881e+00,1.69731773e+01,1.00009291e-09
27,6.93628176e-01,2.19797506e-08,99,9,0,27,normal_corr_dominates,1.33191625e+00,1.00000000e+00,2.49999914e+07,-8.57332898e+00,-3.67651668e+00,-4.89681230e+00,1.00008819e-09
27,6.93628176e-01,2.19797506e-08,99,9,2,29,normal_corr_dominates,1.01685408e+00,1.00000000e+00,2.49999926e+07,-7.41499766e+00,-3.67651668e+00,-3.73848098e+00,1.00006663e-09
27,6.93628176e-01,2.19797506e-08,99,10,0,30,normal_corr_dominates,2.26218915e+01,1.00000000e+00,2.50000068e+07,6.79494301e+00,-3.14262191e-01,7.10920520e+00,1.00008788e-09
27,6.93628176e-01,2.19797506e-08,99,10,1,31,normal_corr_dominates,3.95077290e+01,1.00000000e+00,2.49999873e+07,-1.27300477e+01,-3.14262191e-01,-1.24157855e+01,1.00004953e-09
27,6.93628176e-01,2.19797506e-08,99,10,1,31,corr_ratio_high,1.18660535e+00,5.00000000e-01,2.49999873e+07,-1.27300477e+01,-3.14262191e-01,-1.24157855e+01,1.00004953e-09
27,6.93628176e-01,2.19797506e-08,99,10,2,32,normal_corr_dominates,3.31234502e+01,1.00000000e+00,2.49999893e+07,-1.07237102e+01,-3.14262191e-01,-1.04094480e+01,1.00013393e-09
27,6.93628176e-01,2.19797506e-08,99,11,0,33,normal_corr_dominates,9.59349096e+00,1.00000000e+00,2.50000139e+07,1.39192001e+01,-1.61973757e+00,1.55389377e+01,1.00010907e-09
27,6.93628176e-01,2.19797506e-08,99,11,1,34,normal_corr_dominates,1.00023955e+01,1.00000000e+00,2.49999822e+07,-1.78209932e+01,-1.61973757e+00,-1.62012557e+01,1.00009212e-09
27,6.93628176e-01,2.19797506e-08,99,11,2,35,normal_corr_dominates,7.48540876e+00,1.00000000e+00,2.49999863e+07,-1.37441353e+01,-1.61973757e+00,-1.21243978e+01,1.00010462e-09
27,6.93628176e-01,2.19797506e-08,99,12,0,36,normal_corr_dominates,1.04854678e+00,1.00000000e+00,2.49999998e+07,-1.52505754e-01,3.14141820e+00,-3.29392396e+00,1.00003352e-09
27,6.93628176e-01,2.19797506e-08,99,12,0,36,corr_ratio_high,1.48366173e+00,5.00000000e-01,2.49999998e+07,-1.52505754e-01,3.14141820e+00,-3.29392396e+00,1.00003352e-09
27,6.93628176e-01,2.19797506e-08,99,12,1,37,normal_corr_dominates,5.76036635e+00,1.00000000e+00,2.49999850e+07,-1.49543015e+01,3.14141820e+00,-1.80957197e+01,1.00008818e-09
27,6.93628176e-01,2.19797506e-08,99,12,2,38,normal_corr_dominates,5.53476153e+00,1.00000000e+00,2.50000205e+07,2.05284188e+01,3.14141820e+00,1.73870006e+01,1.00013516e-09
27,6.93628176e-01,2.19797506e-08,99,13,0,39,normal_corr_dominates,8.08726146e+00,1.00000000e+00,2.49999856e+07,-1.44300873e+01,-1.58794675e+00,-1.28421405e+01,1.00010995e-09
27,6.93628176e-01,2.19797506e-08,99,13,1,40,normal_corr_dominates,6.22607303e+00,1.00000000e+00,2.50000083e+07,8.29872566e+00,-1.58794675e+00,9.88667240e+00,1.00009215e-09
27,6.93628176e-01,2.19797506e-08,99,13,2,41,normal_corr_dominates,4.39518289e+00,1.00000000e+00,2.49999914e+07,-8.56726311e+00,-1.58794675e+00,-6.97931637e+00,1.00010913e-09
27,6.93628176e-01,2.19797506e-08,99,14,0,42,normal_corr_dominates,2.92257801e+00,1.00000000e+00,2.49999944e+07,-5.57549541e+00,2.90000997e+00,-8.47550539e+00,1.00006955e-09
27,6.93628176e-01,2.19797506e-08,99,14,1,43,normal_corr_dominates,1.47816756e+00,1.00000000e+00,2.50000072e+07,7.18671065e+00,2.90000997e+00,4.28670067e+00,1.00003408e-09
27,6.93628176e-01,2.19797506e-08,99,14,1,43,corr_ratio_high,1.29927023e+00,5.00000000e-01,2.50000072e+07,7.18671065e+00,2.90000997e+00,4.28670067e+00,1.00003408e-09
27,6.93628176e-01,2.19797506e-08,99,14,2,44,normal_corr_dominates,4.22797318e+00,1.00000000e+00,2.49999906e+07,-9.36115443e+00,2.90000997e+00,-1.22611644e+01,1.00015380e-09
27,6.93628176e-01,2.19797506e-08,99,14,2,44,corr_ratio_high,5.16127487e-01,5.00000000e-01,2.49999906e+07,-9.36115443e+00,2.90000997e+00,-1.22611644e+01,1.00015380e-09
28,7.16278948e-01,2.26975102e-08,99,0,0,0,normal_corr_dominates,6.49285015e+01,1.00000000e+00,2.49999761e+07,-2.39058590e+01,3.73946807e-01,-2.42798058e+01,1.00003539e-09
28,7.16278948e-01,2.26975102e-08,99,0,0,0,corr_ratio_high,1.32688854e+00,5.00000000e-01,2.49999761e+07,-2.39058590e+01,3.73946807e-01,-2.42798058e+01,1.00003539e-09
28,7.16278948e-01,2.26975102e-08,99,0,1,1,normal_corr_dominates,4.69947094e+01,1.00000000e+00,2.50000179e+07,1.79474683e+01,3.73946807e-01,1.75735215e+01,1.00012621e-09
28,7.16278948e-01,2.26975102e-08,99,0,2,2,normal_corr_dominates,1.62936590e+01,1.00000000e+00,2.49999943e+07,-5.71901495e+00,3.73946807e-01,-6.09296176e+00,1.00012115e-09
28,7.16278948e-01,2.26975102e-08,99,1,0,3,normal_corr_dominates,7.04253515e+00,1.00000000e+00,2.49999906e+07,-9.40407098e+00,1.55631217e+00,-1.09603832e+01,1.00006640e-09
28,7.16278948e-01,2.26975102e-08,99,1,0,3,corr_ratio_high,1.04219920e+00,5.00000000e-01,2.49999906e+07,-9.40407098e+00,1.55631217e+00,-1.09603832e+01,1.00006640e-09
28,7.16278948e-01,2.26975102e-08,99,1,2,5,normal_corr_dominates,3.30834483e+00,1.00000000e+00,2.49999964e+07,-3.59250515e+00,1.55631217e+00,-5.14881732e+00,1.00012345e-09
28,7.16278948e-01,2.26975102e-08,99,2,0,6,normal_corr_dominates,1.41509700e+00,1.00000000e+00,2.49999919e+07,-8.06954554e+00,-3.34129252e+00,-4.72825302e+00,1.00010271e-09
28,7.16278948e-01,2.26975102e-08,99,2,1,7,normal_corr_dominates,2.52270551e+00,1.00000000e+00,2.50000051e+07,5.08780455e+00,-3.34129252e+00,8.42909707e+00,1.00011431e-09
28,7.16278948e-01,2.26975102e-08,99,3,0,9,normal_corr_dominates,8.12772396e+00,1.00000000e+00,2.50000101e+07,1.00523646e+01,1.10130024e+00,8.95106438e+00,1.00011279e-09
28,7.16278948e-01,2.26975102e-08,99,3,1,10,normal_corr_dominates,1.60617591e+01,1.00000000e+00,2.50000188e+07,1.87901195e+01,1.10130024e+00,1.76888192e+01,1.00011012e-09
28,7.16278948e-01,2.26975102e-08,99,3,2,11,normal_corr_dominates,1.05172460e+01,1.00000000e+00,2.49999895e+07,-1.04813454e+01,1.10130024e+00,-1.15826456e+01,1.00010348e-09
28,7.16278948e-01,2.26975102e-08,99,4,0,12,normal_corr_dominates,1.04342315e+01,1.00000000e+00,2.50000048e+07,4.79132599e+00,4.19033494e-01,4.37229250e+00,1.00009390e-09
28,7.16278948e-01,2.26975102e-08,99,4,1,13,normal_corr_dominates,7.42153743e+00,1.00000000e+00,2.49999973e+07,-2.69083927e+00,4.19033494e-01,-3.10987277e+00,1.00006733e-09
28,7.16278948e-01,2.26975102e-08,99,4,1,13,corr_ratio_high,5.34723017e-01,5.00000000e-01,2.49999973e+07,-2.69083927e+00,4.19033494e-01,-3.10987277e+00,1.00006733e-09
28,7.16278948e-01,2.26975102e-08,99,4,2,14,normal_corr_dominates,3.68191037e+01,1.00000000e+00,2.50000158e+07,1.58474712e+01,4.19033494e-01,1.54284377e+01,1.00011587e-09
28,7.16278948e-01,2.26975102e-08,99,5,0,15,normal_corr_dominates,1.41773212e+00,1.00000000e+00,2.50000014e+07,1.43119210e+00,-3.42610017e+00,4.85729226e+00,1.00000285e-09
28,7.16278948e-01,2.26975102e-08,99,5,0,15,corr_ratio_high,1.95154716e+00,5.00000000e-01,2.50000014e+07,1.43119210e+00,-3.42610017e+00,4.85729226e+00,1.00000285e-09
28,7.16278948e-01,2.26975102e-08,99,5,1,16,normal_corr_dominates,2.45310869e+00,1.00000000e+00,2.50000050e+07,4.97849591e+00,-3.42610017e+00,8.40459608e+00,1.00012788e-09
28,7.16278948e-01,2.26975102e-08,99,5,2,17,normal_corr_dominates,1.27951318e+00,1.00000000e+00,2.49999922e+07,-7.80984050e+00,-3.42610017e+00,-4.38374033e+00,1.00014168e-09
28,7.16278948e-01,2.26975102e-08,99,6,0,18,normal_corr_dominates,2.41286149e+00,1.00000000e+00,2.50000040e+07,4.01204603e+00,-2.83965983e+00,6.85170586e+00,1.00010644e-09
28,7.16278948e-01,2.26975102e-08,99,6,1,19,normal_corr_dominates,1.62037906e+00,1.00000000e+00,2.49999926e+07,-7.44098518e+00,-2.83965983e+00,-4.60132534e+00,1.00012219e-09
28,7.16278948e-01,2.26975102e-08,99,6,2,20,normal_corr_dominates,1.03337975e+00,1.00000000e+00,2.49999942e+07,-5.77410679e+00,-2.83965983e+00,-2.93444696e+00,1.00012430e-09
28,7.16278948e-01,2.26975102e-08,99,7,0,21,normal_corr_dominates,2.18728061e+00,1.00000000e+00,2.50000010e+07,9.84010876e-01,3.08730544e-01,6.75280332e-01,1.00007949e-09
28,7.16278948e-01,2.26975102e-08,99,7,1,22,normal_corr_dominates,1.35329464e+01,1.00000000e+00,2.50000045e+07,4.48676445e+00,3.08730544e-01,4.17803391e+00,1.00008892e-09
28,7.16278948e-01,2.26975102e-08,99,7,2,23,normal_corr_dominates,3.00411276e+01,1.00000000e+00,2.49999910e+07,-8.96588311e+00,3.08730544e-01,-9.27461366e+00,1.00012421e-09
28,7.16278948e-01,2.26975102e-08,99,8,1,25,normal_corr_dominates,3.54026579e+00,1.00000000e+00,2.49999910e+07,-9.02431722e+00,-1.98761871e+00,-7.03669851e+00,1.00010144e-09
28,7.16278948e-01,2.26975102e-08,99,8,2,26,normal_corr_dominates,8.80116430e+00,1.00000000e+00,2.50000155e+07,1.55057401e+01,-1.98761871e+00,1.74933588e+01,1.00009575e-09
28,7.16278948e-01,2.26975102e-08,99,9,0,27,normal_corr_dominates,1.33211824e+00,1.00000000e+00,2.49999912e+07,-8.83575427e+00,-3.78872482e+00,-5.04702945e+00,1.00009088e-09
28,7.16278948e-01,2.26975102e-08,99,9,2,29,normal_corr_dominates,1.01669997e+00,1.00000000e+00,2.49999924e+07,-7.64072122e+00,-3.78872482e+00,-3.85199640e+00,1.00006867e-09
28,7.16278948e-01,2.26975102e-08,99,10,0,30,normal_corr_dominates,2.26774548e+01,1.00000000e+00,2.50000070e+07,7.00338389e+00,-3.23072240e-01,7.32645613e+00,1.00009057e-09
28,7.16278948e-01,2.26975102e-08,99,10,1,31,normal_corr_dominates,3.96040520e+01,1.00000000e+00,2.49999869e+07,-1.31180420e+01,-3.23072240e-01,-1.27949698e+01,1.00005105e-09
28,7.16278948e-01,2.26975102e-08,99,10,1,31,corr_ratio_high,1.18621826e+00,5.00000000e-01,2.49999869e+07,-1.31180420e+01,-3.23072240e-01,-1.27949698e+01,1.00005105e-09
28,7.16278948e-01,2.26975102e-08,99,10,2,32,normal_corr_dominates,3.31997347e+01,1.00000000e+00,2.49999890e+07,-1.10489849e+01,-3.23072240e-01,-1.07259127e+01,1.00013802e-09
28,7.16278948e-01,2.26975102e-08,99,11,0,33,normal_corr_dominates,9.59432621e+00,1.00000000e+00,2.50000143e+07,1.43468733e+01,-1.66934242e+00,1.60162157e+01,1.00011240e-09
28,7.16278948e-01,2.26975102e-08,99,11,1,34,normal_corr_dominates,1.00012603e+01,1.00000000e+00,2.49999816e+07,-1.83648704e+01,-1.66934242e+00,-1.66955280e+01,1.00009494e-09
28,7.16278948e-01,2.26975102e-08,99,11,2,35,normal_corr_dominates,7.48504797e+00,1.00000000e+00,2.49999858e+07,-1.41644505e+01,-1.66934242e+00,-1.24951081e+01,1.00010782e-09
28,7.16278948e-01,2.26975102e-08,99,12,0,36,normal_corr_dominates,1.04861887e+00,1.00000000e+00,2.49999998e+07,-1.57377331e-01,3.23695959e+00,-3.39433692e+00,1.00003455e-09
28,7.16278948e-01,2.26975102e-08,99,12,0,36,corr_ratio_high,1.48353168e+00,5.00000000e-01,2.49999998e+07,-1.57377331e-01,3.23695959e+00,-3.39433692e+00,1.00003455e-09
28,7.16278948e-01,2.26975102e-08,99,12,1,37,normal_corr_dominates,5.76147669e+00,1.00000000e+00,2.49999846e+07,-1.54127076e+01,3.23695959e+00,-1.86496672e+01,1.00009089e-09
28,7.16278948e-01,2.26975102e-08,99,12,2,38,normal_corr_dominates,5.53584303e+00,1.00000000e+00,2.50000212e+07,2.11562598e+01,3.23695959e+00,1.79193002e+01,1.00013929e-09
28,7.16278948e-01,2.26975102e-08,99,13,0,39,normal_corr_dominates,8.08587545e+00,1.00000000e+00,2.49999851e+07,-1.48705418e+01,-1.63666582e+00,-1.32338759e+01,1.00011331e-09
28,7.16278948e-01,2.26975102e-08,99,13,1,40,normal_corr_dominates,6.22533431e+00,1.00000000e+00,2.50000086e+07,8.55212604e+00,-1.63666582e+00,1.01887919e+01,1.00009497e-09
28,7.16278948e-01,2.26975102e-08,99,13,2,41,normal_corr_dominates,4.39378783e+00,1.00000000e+00,2.49999912e+07,-8.82782816e+00,-1.63666582e+00,-7.19116234e+00,1.00011246e-09
28,7.16278948e-01,2.26975102e-08,99,14,0,42,normal_corr_dominates,2.92314385e+00,1.00000000e+00,2.49999943e+07,-5.74642799e+00,2.98803856e+00,-8.73446655e+00,1.00007168e-09
28,7.16278948e-01,2.26975102e-08,99,14,1,43,normal_corr_dominates,1.47863276e+00,1.00000000e+00,2.50000074e+07,7.40625028e+00,2.98803856e+00,4.41821172e+00,1.00003512e-09
28,7.16278948e-01,2.26975102e-08,99,14,1,43,corr_ratio_high,1.29903497e+00,5.00000000e-01,2.50000074e+07,7.40625028e+00,2.98803856e+00,4.41821172e+00,1.00003512e-09
28,7.16278948e-01,2.26975102e-08,99,14,2,44,normal_corr_dominates,4.22842337e+00,1.00000000e+00,2.49999904e+07,-9.64665352e+00,2.98803856e+00,-1.26346921e+01,1.00015849e-09
28,7.16278948e-01,2.26975102e-08,99,14,2,44,corr_ratio_high,5.16110139e-01,5.00000000e-01,2.49999904e+07,-9.64665352e+00,2.98803856e+00,-1.26346921e+01,1.00015849e-09
29,7.40695267e-01,2.34712167e-08,99,0,0,0,normal_corr_dominates,6.49092759e+01,1.00000000e+00,2.49999753e+07,-2.46726097e+01,3.86056787e-01,-2.50586665e+01,1.00003651e-09
29,7.40695267e-01,2.34712167e-08,99,0,0,0,corr_ratio_high,1.32682449e+00,5.00000000e-01,2.49999753e+07,-2.46726097e+01,3.86056787e-01,-2.50586665e+01,1.00003651e-09
29,7.40695267e-01,2.34712167e-08,99,0,1,1,normal_corr_dominates,4.69685477e+01,1.00000000e+00,2.50000185e+07,1.85185834e+01,3.86056787e-01,1.81325266e+01,1.00013023e-09
29,7.40695267e-01,2.34712167e-08,99,0,2,2,normal_corr_dominates,1.62778028e+01,1.00000000e+00,2.49999941e+07,-5.89809946e+00,3.86056787e-01,-6.28415625e+00,1.00012501e-09
29,7.40695267e-01,2.34712167e-08,99,1,0,3,normal_corr_dominates,7.04403381e+00,1.00000000e+00,2.49999903e+07,-9.70838051e+00,1.60627502e+00,-1.13146555e+01,1.00006851e-09
29,7.40695267e-01,2.34712167e-08,99,1,0,3,corr_ratio_high,1.04228637e+00,5.00000000e-01,2.49999903e+07,-9.70838051e+00,1.60627502e+00,-1.13146555e+01,1.00006851e-09
29,7.40695267e-01,2.34712167e-08,99,1,2,5,normal_corr_dominates,3.30574437e+00,1.00000000e+00,2.49999963e+07,-3.70365958e+00,1.60627502e+00,-5.30993460e+00,1.00012738e-09
29,7.40695267e-01,2.34712167e-08,99,2,0,6,normal_corr_dominates,1.41516367e+00,1.00000000e+00,2.49999917e+07,-8.32914636e+00,-3.44868816e+00,-4.88045819e+00,1.00010599e-09
29,7.40695267e-01,2.34712167e-08,99,2,1,7,normal_corr_dominates,2.52182563e+00,1.00000000e+00,2.50000052e+07,5.24830202e+00,-3.44868816e+00,8.69699019e+00,1.00011795e-09
29,7.40695267e-01,2.34712167e-08,99,3,0,9,normal_corr_dominates,8.12311543e+00,1.00000000e+00,2.50000104e+07,1.03714721e+01,1.13683447e+00,9.23463761e+00,1.00011638e-09
29,7.40695267e-01,2.34712167e-08,99,3,1,10,normal_corr_dominates,1.60581705e+01,1.00000000e+00,2.50000194e+07,1.93923162e+01,1.13683447e+00,1.82554817e+01,1.00011363e-09
29,7.40695267e-01,2.34712167e-08,99,3,2,11,normal_corr_dominates,1.05129171e+01,1.00000000e+00,2.49999892e+07,-1.08146120e+01,1.13683447e+00,-1.19514465e+01,1.00010678e-09
29,7.40695267e-01,2.34712167e-08,99,4,0,12,normal_corr_dominates,1.04465704e+01,1.00000000e+00,2.50000049e+07,4.94193324e+00,4.31739209e-01,4.51019403e+00,1.00009690e-09
29,7.40695267e-01,2.34712167e-08,99,4,1,13,normal_corr_dominates,7.43525686e+00,1.00000000e+00,2.49999972e+07,-2.77835271e+00,4.31739209e-01,-3.21009192e+00,1.00006949e-09
29,7.40695267e-01,2.34712167e-08,99,4,1,13,corr_ratio_high,5.34538775e-01,5.00000000e-01,2.49999972e+07,-2.77835271e+00,4.31739209e-01,-3.21009192e+00,1.00006949e-09
29,7.40695267e-01,2.34712167e-08,99,4,2,14,normal_corr_dominates,3.68794855e+01,1.00000000e+00,2.50000164e+07,1.63540591e+01,4.31739209e-01,1.59223199e+01,1.00011956e-09
29,7.40695267e-01,2.34712167e-08,99,5,0,15,normal_corr_dominates,1.41781994e+00,1.00000000e+00,2.50000015e+07,1.47723711e+00,-3.53558311e+00,5.01282022e+00,1.00000294e-09
29,7.40695267e-01,2.34712167e-08,99,5,0,15,corr_ratio_high,1.95129290e+00,5.00000000e-01,2.50000015e+07,1.47723711e+00,-3.53558311e+00,5.01282022e+00,1.00000294e-09
29,7.40695267e-01,2.34712167e-08,99,5,1,16,normal_corr_dominates,2.45287156e+00,1.00000000e+00,2.50000051e+07,5.13674816e+00,-3.53558311e+00,8.67233127e+00,1.00013195e-09
29,7.40695267e-01,2.34712167e-08,99,5,2,17,normal_corr_dominates,1.27886794e+00,1.00000000e+00,2.49999919e+07,-8.05712700e+00,-3.53558311e+00,-4.52154389e+00,1.00014618e-09
29,7.40695267e-01,2.34712167e-08,99,6,0,18,normal_corr_dominates,2.41206816e+00,1.00000000e+00,2.50000041e+07,4.13849921e+00,-2.93080697e+00,7.06930617e+00,1.00010983e-09
29,7.40695267e-01,2.34712167e-08,99,6,1,19,normal_corr_dominates,1.61909169e+00,1.00000000e+00,2.49999923e+07,-7.67605218e+00,-2.93080697e+00,-4.74524521e+00,1.00012608e-09
29,7.40695267e-01,2.34712167e-08,99,6,2,20,normal_corr_dominates,1.03229009e+00,1.00000000e+00,2.49999940e+07,-5.95624997e+00,-2.93080697e+00,-3.02544300e+00,1.00012825e-09
29,7.40695267e-01,2.34712167e-08,99,7,0,21,normal_corr_dominates,2.18146608e+00,1.00000000e+00,2.50000010e+07,1.01362113e+00,3.18601899e-01,6.95019235e-01,1.00008203e-09
29,7.40695267e-01,2.34712167e-08,99,7,1,22,normal_corr_dominates,1.35321509e+01,1.00000000e+00,2.50000046e+07,4.62997088e+00,3.18601899e-01,4.31136898e+00,1.00009176e-09
29,7.40695267e-01,2.34712167e-08,99,7,2,23,normal_corr_dominates,3.00332592e+01,1.00000000e+00,2.49999907e+07,-9.25005151e+00,3.18601899e-01,-9.56865341e+00,1.00012816e-09
29,7.40695267e-01,2.34712167e-08,99,8,1,25,normal_corr_dominates,3.53890819e+00,1.00000000e+00,2.49999907e+07,-9.31137505e+00,-2.05145701e+00,-7.25991803e+00,1.00010467e-09
29,7.40695267e-01,2.34712167e-08,99,8,2,26,normal_corr_dominates,8.79987710e+00,1.00000000e+00,2.50000160e+07,1.60011126e+01,-2.05145701e+00,1.80525696e+01,1.00009880e-09
29,7.40695267e-01,2.34712167e-08,99,9,0,27,normal_corr_dominates,1.33232596e+00,1.00000000e+00,2.49999909e+07,-9.11788345e+00,-3.90935213e+00,-5.20853132e+00,1.00009378e-09
29,7.40695267e-01,2.34712167e-08,99,9,2,29,normal_corr_dominates,1.01652876e+00,1.00000000e+00,2.49999921e+07,-7.88332103e+00,-3.90935213e+00,-3.97396890e+00,1.00007087e-09
29,7.40695267e-01,2.34712167e-08,99,10,0,30,normal_corr_dominates,2.27348109e+01,1.00000000e+00,2.50000072e+07,7.22746491e+00,-3.32529459e-01,7.55999437e+00,1.00009345e-09
29,7.40695267e-01,2.34712167e-08,99,10,1,31,normal_corr_dominates,3.97033218e+01,1.00000000e+00,2.49999865e+07,-1.35350536e+01,-3.32529459e-01,-1.32025241e+01,1.00005269e-09
29,7.40695267e-01,2.34712167e-08,99,10,1,31,corr_ratio_high,1.18580856e+00,5.00000000e-01,2.49999865e+07,-1.35350536e+01,-3.32529459e-01,-1.32025241e+01,1.00005269e-09
29,7.40695267e-01,2.34712167e-08,99,10,2,32,normal_corr_dominates,3.32782880e+01,1.00000000e+00,2.49999886e+07,-1.13985406e+01,-3.32529459e-01,-1.10660111e+01,1.00014241e-09
29,7.40695267e-01,2.34712167e-08,99,11,0,33,normal_corr_dominates,9.59503185e+00,1.00000000e+00,2.50000148e+07,1.48066190e+01,-1.72269507e+00,1.65293141e+01,1.00011597e-09
29,7.40695267e-01,2.34712167e-08,99,11,1,34,normal_corr_dominates,9.99988169e+00,1.00000000e+00,2.49999811e+07,-1.89494420e+01,-1.72269507e+00,-1.72267469e+01,1.00009797e-09
29,7.40695267e-01,2.34712167e-08,99,11,2,35,normal_corr_dominates,7.48453367e+00,1.00000000e+00,2.49999854e+07,-1.46162643e+01,-1.72269507e+00,-1.28935693e+01,1.00011125e-09
29,7.40695267e-01,2.34712167e-08,99,12,0,36,normal_corr_dominates,1.04869931e+00,1.00000000e+00,2.49999998e+07,-1.62636784e-01,3.33961178e+00,-3.50224856e+00,1.00003565e-09
29,7.40695267e-01,2.34712167e-08,99,12,0,36,corr_ratio_high,1.48339279e+00,5.00000000e-01,2.49999998e+07,-1.62636784e-01,3.33961178e+00,-3.50224856e+00,1.00003565e-09
29,7.40695267e-01,2.34712167e-08,99,12,1,37,normal_corr_dominates,5.76268951e+00,1.00000000e+00,2.49999841e+07,-1.59055340e+01,3.33961178e+00,-1.92451458e+01,1.00009379e-09
29,7.40695267e-01,2.34712167e-08,99,12,2,38,normal_corr_dominates,5.53702178e+00,1.00000000e+00,2.50000218e+07,2.18311149e+01,3.33961178e+00,1.84915031e+01,1.00014372e-09
29,7.40695267e-01,2.34712167e-08,99,13,0,39,normal_corr_dominates,8.08426886e+00,1.00000000e+00,2.49999847e+07,-1.53439675e+01,-1.68907017e+00,-1.36548973e+01,1.00011693e-09
29,7.40695267e-01,2.34712167e-08,99,13,1,40,normal_corr_dominates,6.22445003e+00,1.00000000e+00,2.50000088e+07,8.82446269e+00,-1.68907017e+00,1.05135329e+01,1.00009800e-09
29,7.40695267e-01,2.34712167e-08,99,13,2,41,normal_corr_dominates,4.39223193e+00,1.00000000e+00,2.49999909e+07,-9.10785809e+00,-1.68907017e+00,-7.41878792e+00,1.00011605e-09
29,7.40695267e-01,2.34712167e-08,99,14,0,42,normal_corr_dominates,2.92375473e+00,1.00000000e+00,2.49999941e+07,-5.93019454e+00,3.08261467e+00,-9.01280921e+00,1.00007396e-09
29,7.40695267e-01,2.34712167e-08,99,14,1,43,normal_corr_dominates,1.47913569e+00,1.00000000e+00,2.50000076e+07,7.64222004e+00,3.08261467e+00,4.55960538e+00,1.00003625e-09
29,7.40695267e-01,2.34712167e-08,99,14,1,43,corr_ratio_high,1.29878482e+00,5.00000000e-01,2.50000076e+07,7.64222004e+00,3.08261467e+00,4.55960538e+00,1.00003625e-09
29,7.40695267e-01,2.34712167e-08,99,14,2,44,normal_corr_dominates,4.22892861e+00,1.00000000e+00,2.49999900e+07,-9.95354269e+00,3.08261467e+00,-1.30361574e+01,1.00016353e-09
29,7.40695267e-01,2.34712167e-08,99,14,2,44,corr_ratio_high,5.16091548e-01,5.00000000e-01,2.49999900e+07,-9.95354269e+00,3.08261467e+00,-1.30361574e+01,1.00016353e-09
30,7.66913959e-01,2.43020369e-08,99,0,0,0,normal_corr_dominates,6.48940574e+01,1.00000000e+00,2.49999745e+07,-2.54938239e+01,3.99001486e-01,-2.58928254e+01,1.00003772e-09
30,7.66913959e-01,2.43020369e-08,99,0,0,0,corr_ratio_high,1.32675649e+00,5.00000000e-01,2.49999745e+07,-2.54938239e+01,3.99001486e-01,-2.58928254e+01,1.00003772e-09
30,7.66913959e-01,2.43020369e-08,99,0,1,1,normal_corr_dominates,4.69445817e+01,1.00000000e+00,2.50000191e+07,1.91299594e+01,3.99001486e-01,1.87309579e+01,1.00013454e-09
30,7.66913959e-01,2.43020369e-08,99,0,2,2,normal_corr_dominates,1.62623053e+01,1.00000000e+00,2.49999939e+07,-6.08968251e+00,3.99001486e-01,-6.48868400e+00,1.00012915e-09
30,7.66913959e-01,2.43020369e-08,99,1,0,3,normal_corr_dominates,7.04575368e+00,1.00000000e+00,2.49999900e+07,-1.00344667e+01,1.65975447e+00,-1.16942212e+01,1.00007077e-09
30,7.66913959e-01,2.43020369e-08,99,1,0,3,corr_ratio_high,1.04237628e+00,5.00000000e-01,2.49999900e+07,-1.00344667e+01,1.65975447e+00,-1.16942212e+01,1.00007077e-09
30,7.66913959e-01,2.43020369e-08,99,1,2,5,normal_corr_dominates,3.30307051e+00,1.00000000e+00,2.49999962e+07,-3.82253157e+00,1.65975447e+00,-5.48228604e+00,1.00013159e-09
30,7.66913959e-01,2.43020369e-08,99,2,0,6,normal_corr_dominates,1.41522273e+00,1.00000000e+00,2.49999914e+07,-8.60723274e+00,-3.56374285e+00,-5.04348989e+00,1.00010950e-09
30,7.66913959e-01,2.43020369e-08,99,2,1,7,normal_corr_dominates,2.52088306e+00,1.00000000e+00,2.50000054e+07,5.42003614e+00,-3.56374285e+00,8.98377899e+00,1.00012186e-09
30,7.66913959e-01,2.43020369e-08,99,3,0,9,normal_corr_dominates,8.11845412e+00,1.00000000e+00,2.50000107e+07,1.07130199e+01,1.17487238e+00,9.53814752e+00,1.00012023e-09
30,7.66913959e-01,2.43020369e-08,99,3,1,10,normal_corr_dominates,1.60547439e+01,1.00000000e+00,2.50000200e+07,2.00371476e+01,1.17487238e+00,1.88622752e+01,1.00011739e-09
30,7.66913959e-01,2.43020369e-08,99,3,2,11,normal_corr_dominates,1.05085904e+01,1.00000000e+00,2.49999888e+07,-1.11713802e+01,1.17487238e+00,-1.23462526e+01,1.00011032e-09
30,7.66913959e-01,2.43020369e-08,99,4,0,12,normal_corr_dominates,1.04602392e+01,1.00000000e+00,2.50000051e+07,5.10304977e+00,4.45283008e-01,4.65776676e+00,1.00010010e-09
30,7.66913959e-01,2.43020369e-08,99,4,1,13,normal_corr_dominates,7.45021293e+00,1.00000000e+00,2.49999971e+07,-2.87217022e+00,4.45283008e-01,-3.31745323e+00,1.00007180e-09
30,7.66913959e-01,2.43020369e-08,99,4,1,13,corr_ratio_high,5.34344735e-01,5.00000000e-01,2.49999971e+07,-2.87217022e+00,4.45283008e-01,-3.31745323e+00,1.00007180e-09
30,7.66913959e-01,2.43020369e-08,99,4,2,14,normal_corr_dominates,3.69454641e+01,1.00000000e+00,2.50000169e+07,1.68964704e+01,4.45283008e-01,1.64511874e+01,1.00012351e-09
30,7.66913959e-01,2.43020369e-08,99,5,0,15,normal_corr_dominates,1.41790492e+00,1.00000000e+00,2.50000015e+07,1.52654153e+00,-3.65284413e+00,5.17938566e+00,1.00000304e-09
30,7.66913959e-01,2.43020369e-08,99,5,0,15,corr_ratio_high,1.95102651e+00,5.00000000e-01,2.50000015e+07,1.52654153e+00,-3.65284413e+00,5.17938566e+00,1.00000304e-09
30,7.66913959e-01,2.43020369e-08,99,5,1,16,normal_corr_dominates,2.45259871e+00,1.00000000e+00,2.50000053e+07,5.30611669e+00,-3.65284413e+00,8.95896082e+00,1.00013632e-09
30,7.66913959e-01,2.43020369e-08,99,5,2,17,normal_corr_dominates,1.27818077e+00,1.00000000e+00,2.49999917e+07,-8.32183927e+00,-3.65284413e+00,-4.66899514e+00,1.00015101e-09
30,7.66913959e-01,2.43020369e-08,99,6,0,18,normal_corr_dominates,2.41120970e+00,1.00000000e+00,2.50000043e+07,4.27377955e+00,-3.02845108e+00,7.30223063e+00,1.00011347e-09
30,7.66913959e-01,2.43020369e-08,99,6,1,19,normal_corr_dominates,1.61771798e+00,1.00000000e+00,2.49999921e+07,-7.92763087e+00,-3.02845108e+00,-4.89917978e+00,1.00013025e-09
30,7.66913959e-01,2.43020369e-08,99,6,2,20,normal_corr_dominates,1.03113700e+00,1.00000000e+00,2.49999938e+07,-6.15119905e+00,-3.02845108e+00,-3.12274797e+00,1.00013248e-09
30,7.66913959e-01,2.43020369e-08,99,7,0,21,normal_corr_dominates,2.17545652e+00,1.00000000e+00,2.50000010e+07,1.04518124e+00,3.29143617e-01,7.16037627e-01,1.00008474e-09
30,7.66913959e-01,2.43020369e-08,99,7,1,22,normal_corr_dominates,1.35325381e+01,1.00000000e+00,2.50000048e+07,4.78329215e+00,3.29143617e-01,4.45414854e+00,1.00009479e-09
30,7.66913959e-01,2.43020369e-08,99,7,2,23,normal_corr_dominates,3.00275969e+01,1.00000000e+00,2.49999904e+07,-9.55424821e+00,3.29143617e-01,-9.88339183e+00,1.00013240e-09
30,7.66913959e-01,2.43020369e-08,99,8,1,25,normal_corr_dominates,3.53742560e+00,1.00000000e+00,2.49999904e+07,-9.61868216e+00,-2.11985452e+00,-7.49882764e+00,1.00010813e-09
30,7.66913959e-01,2.43020369e-08,99,8,2,26,normal_corr_dominates,8.79841397e+00,1.00000000e+00,2.50000165e+07,1.65315031e+01,-2.11985452e+00,1.86513576e+01,1.00010206e-09
30,7.66913959e-01,2.43020369e-08,99,9,0,27,normal_corr_dominates,1.33253809e+00,1.00000000e+00,2.49999906e+07,-9.41999673e+00,-4.03851786e+00,-5.38147887e+00,1.00009688e-09
30,7.66913959e-01,2.43020369e-08,99,9,2,29,normal_corr_dominates,1.01633978e+00,1.00000000e+00,2.49999919e+07,-8.14302421e+00,-4.03851786e+00,-4.10450635e+00,1.00007322e-09
30,7.66913959e-01,2.43020369e-08,99,10,0,30,normal_corr_dominates,2.27936309e+01,1.00000000e+00,2.50000075e+07,7.46740526e+00,-3.42641632e-01,7.81004690e+00,1.00009654e-09
30,7.66913959e-01,2.43020369e-08,99,10,1,31,normal_corr_dominates,3.98049462e+01,1.00000000e+00,2.49999860e+07,-1.39814734e+01,-3.42641632e-01,-1.36388317e+01,1.00005444e-09
30,7.66913959e-01,2.43020369e-08,99,10,1,31,corr_ratio_high,1.18537699e+00,5.00000000e-01,2.49999860e+07,-1.39814734e+01,-3.42641632e-01,-1.36388317e+01,1.00005444e-09
30,7.66913959e-01,2.43020369e-08,99,10,2,32,normal_corr_dominates,3.33586316e+01,1.00000000e+00,2.49999882e+07,-1.17726976e+01,-3.42641632e-01,-1.14300560e+01,1.00014712e-09
30,7.66913959e-01,2.43020369e-08,99,11,0,33,normal_corr_dominates,9.59558094e+00,1.00000000e+00,2.50000153e+07,1.52988813e+01,-1.77985426e+00,1.70787356e+01,1.00011980e-09
30,7.66913959e-01,2.43020369e-08,99,11,1,34,normal_corr_dominates,9.99823702e+00,1.00000000e+00,2.49999804e+07,-1.95752590e+01,-1.77985426e+00,-1.77954047e+01,1.00010122e-09
30,7.66913959e-01,2.43020369e-08,99,11,2,35,normal_corr_dominates,7.48384793e+00,1.00000000e+00,2.49999849e+07,-1.51000129e+01,-1.77985426e+00,-1.33201586e+01,1.00011493e-09
30,7.66913959e-01,2.43020369e-08,99,12,0,36,normal_corr_dominates,1.04878853e+00,1.00000000e+00,2.49999998e+07,-1.68294245e-01,3.44946299e+00,-3.61775724e+00,1.00003683e-09
30,7.66913959e-01,2.43020369e-08,99,12,0,36,corr_ratio_high,1.48324515e+00,5.00000000e-01,2.49999998e+07,-1.68294245e-01,3.44946299e+00,-3.61775724e+00,1.00003683e-09
30,7.66913959e-01,2.43020369e-08,99,12,1,37,normal_corr_dominates,5.76400820e+00,1.00000000e+00,2.49999836e+07,-1.64332700e+01,3.44946299e+00,-1.98827330e+01,1.00009691e-09
30,7.66913959e-01,2.43020369e-08,99,12,2,38,normal_corr_dominates,5.53830060e+00,1.00000000e+00,2.50000226e+07,2.25536260e+01,3.44946299e+00,1.91041630e+01,1.00014847e-09
30,7.66913959e-01,2.43020369e-08,99,13,0,39,normal_corr_dominates,8.08242401e+00,1.00000000e+00,2.49999841e+07,-1.58508145e+01,-1.74521851e+00,-1.41055960e+01,1.00012080e-09
30,7.66913959e-01,2.43020369e-08,99,13,1,40,normal_corr_dominates,6.22340666e+00,1.00000000e+00,2.50000091e+07,9.11598598e+00,-1.74521851e+00,1.08612045e+01,1.00010124e-09
30,7.66913959e-01,2.43020369e-08,99,13,2,41,normal_corr_dominates,4.39050662e+00,1.00000000e+00,2.49999906e+07,-9.40761193e+00,-1.74521851e+00,-7.66239342e+00,1.00011988e-09
30,7.66913959e-01,2.43020369e-08,99,14,0,42,normal_corr_dominates,2.92441131e+00,1.00000000e+00,2.49999939e+07,-6.12697720e+00,3.18381896e+00,-9.31079616e+00,1.00007641e-09
30,7.66913959e-01,2.43020369e-08,99,14,1,43,normal_corr_dominates,1.47967689e+00,1.00000000e+00,2.50000079e+07,7.89484229e+00,3.18381896e+00,4.71102333e+00,1.00003745e-09
30,7.66913959e-01,2.43020369e-08,99,14,1,43,corr_ratio_high,1.29852009e+00,5.00000000e-01,2.50000079e+07,7.89484229e+00,3.18381896e+00,4.71102333e+00,1.00003745e-09
30,7.66913959e-01,2.43020369e-08,99,14,2,44,normal_corr_dominates,4.22949211e+00,1.00000000e+00,2.49999897e+07,-1.02821182e+01,3.18381896e+00,-1.34659372e+01,1.00016893e-09
30,7.66913959e-01,2.43020369e-08,99,14,2,44,corr_ratio_high,5.16071713e-01,5.00000000e-01,2.49999897e+07,-1.02821182e+01,3.18381896e+00,-1.34659372e+01,1.00016893e-09
31,7.92603670e-01,2.51160947e-08,99,0,0,0,normal_corr_dominates,6.48841940e+01,1.00000000e+00,2.49999737e+07,-2.62963857e+01,4.11625851e-01,-2.67080116e+01,1.00003890e-09
31,7.92603670e-01,2.51160947e-08,99,0,0,0,corr_ratio_high,1.32669064e+00,5.00000000e-01,2.49999737e+07,-2.62963857e+01,4.11625851e-01,-2.67080116e+01,1.00003890e-09
31,7.92603670e-01,2.51160947e-08,99,0,1,1,normal_corr_dominates,4.69249482e+01,1.00000000e+00,2.50000197e+07,1.97271476e+01,4.11625851e-01,1.93155217e+01,1.00013874e-09
31,7.92603670e-01,2.51160947e-08,99,0,2,2,normal_corr_dominates,1.62485524e+01,1.00000000e+00,2.49999937e+07,-6.27669838e+00,4.11625851e-01,-6.68832423e+00,1.00013320e-09
31,7.92603670e-01,2.51160947e-08,99,1,0,3,normal_corr_dominates,7.04753927e+00,1.00000000e+00,2.49999896e+07,-1.03533042e+01,1.71198627e+00,-1.20652905e+01,1.00007298e-09
31,7.92603670e-01,2.51160947e-08,99,1,0,3,corr_ratio_high,1.04246084e+00,5.00000000e-01,2.49999896e+07,-1.03533042e+01,1.71198627e+00,-1.20652905e+01,1.00007298e-09
31,7.92603670e-01,2.51160947e-08,99,1,2,5,normal_corr_dominates,3.30056227e+00,1.00000000e+00,2.49999961e+07,-3.93853102e+00,1.71198627e+00,-5.65051729e+00,1.00013570e-09
31,7.92603670e-01,2.51160947e-08,99,2,0,6,normal_corr_dominates,1.41526890e+00,1.00000000e+00,2.49999911e+07,-8.87904858e+00,-3.67621534e+00,-5.20283324e+00,1.00011293e-09
31,7.92603670e-01,2.51160947e-08,99,2,1,7,normal_corr_dominates,2.51996226e+00,1.00000000e+00,2.50000056e+07,5.58770858e+00,-3.67621534e+00,9.26392392e+00,1.00012567e-09
31,7.92603670e-01,2.51160947e-08,99,3,0,9,normal_corr_dominates,8.11415727e+00,1.00000000e+00,2.50000110e+07,1.10465873e+01,1.21202509e+00,9.83456217e+00,1.00012399e-09
31,7.92603670e-01,2.51160947e-08,99,3,1,10,normal_corr_dominates,1.60517859e+01,1.00000000e+00,2.50000207e+07,2.06671923e+01,1.21202509e+00,1.94551672e+01,1.00012105e-09
31,7.92603670e-01,2.51160947e-08,99,3,2,11,normal_corr_dominates,1.05046534e+01,1.00000000e+00,2.49999885e+07,-1.15198784e+01,1.21202509e+00,-1.27319034e+01,1.00011377e-09
31,7.92603670e-01,2.51160947e-08,99,4,0,12,normal_corr_dominates,1.04740193e+01,1.00000000e+00,2.50000053e+07,5.26032142e+00,4.58454990e-01,4.80186643e+00,1.00010324e-09
31,7.92603670e-01,2.51160947e-08,99,4,1,13,normal_corr_dominates,7.46507223e+00,1.00000000e+00,2.49999970e+07,-2.96394463e+00,4.58454990e-01,-3.42239962e+00,1.00007406e-09
31,7.92603670e-01,2.51160947e-08,99,4,1,13,corr_ratio_high,5.34158270e-01,5.00000000e-01,2.49999970e+07,-2.96394463e+00,4.58454990e-01,-3.42239962e+00,1.00007406e-09
31,7.92603670e-01,2.51160947e-08,99,4,2,14,normal_corr_dominates,3.70111536e+01,1.00000000e+00,2.50000174e+07,1.74264030e+01,4.58454990e-01,1.69679481e+01,1.00012737e-09
31,7.92603670e-01,2.51160947e-08,99,5,0,15,normal_corr_dominates,1.41797942e+00,1.00000000e+00,2.50000016e+07,1.57471423e+00,-3.76744442e+00,5.34215865e+00,1.00000314e-09
31,7.92603670e-01,2.51160947e-08,99,5,0,15,corr_ratio_high,1.95077185e+00,5.00000000e-01,2.50000016e+07,1.57471423e+00,-3.76744442e+00,5.34215865e+00,1.00000314e-09
31,7.92603670e-01,2.51160947e-08,99,5,1,16,normal_corr_dominates,2.45231458e+00,1.00000000e+00,2.50000055e+07,5.47151448e+00,-3.76744442e+00,9.23895890e+00,1.00014058e-09
31,7.92603670e-01,2.51160947e-08,99,5,2,17,normal_corr_dominates,1.27751315e+00,1.00000000e+00,2.49999914e+07,-8.58040423e+00,-3.76744442e+00,-4.81295981e+00,1.00015572e-09
31,7.92603670e-01,2.51160947e-08,99,6,0,18,normal_corr_dominates,2.41036302e+00,1.00000000e+00,2.50000044e+07,4.40583413e+00,-3.12390078e+00,7.52973491e+00,1.00011702e-09
31,7.92603670e-01,2.51160947e-08,99,6,1,19,normal_corr_dominates,1.61638122e+00,1.00000000e+00,2.49999918e+07,-8.17331534e+00,-3.12390078e+00,-5.04941456e+00,1.00013432e-09
31,7.92603670e-01,2.51160947e-08,99,6,2,20,normal_corr_dominates,1.03002369e+00,1.00000000e+00,2.49999937e+07,-6.34159259e+00,-3.12390078e+00,-3.21769181e+00,1.00013662e-09
31,7.92603670e-01,2.51160947e-08,99,7,0,21,normal_corr_dominates,2.16978894e+00,1.00000000e+00,2.50000011e+07,1.07587319e+00,3.39414773e-01,7.36458421e-01,1.00008739e-09
31,7.92603670e-01,2.51160947e-08,99,7,1,22,normal_corr_dominates,1.35340591e+01,1.00000000e+00,2.50000049e+07,4.93307437e+00,3.39414773e-01,4.59365960e+00,1.00009776e-09
31,7.92603670e-01,2.51160947e-08,99,7,2,23,normal_corr_dominates,3.00246165e+01,1.00000000e+00,2.49999901e+07,-9.85138361e+00,3.39414773e-01,-1.01907984e+01,1.00013654e-09
31,7.92603670e-01,2.51160947e-08,99,8,1,25,normal_corr_dominates,3.53595073e+00,1.00000000e+00,2.49999901e+07,-9.91887146e+00,-2.18672381e+00,-7.73214765e+00,1.00011152e-09
31,7.92603670e-01,2.51160947e-08,99,8,2,26,normal_corr_dominates,8.79690575e+00,1.00000000e+00,2.50000170e+07,1.70496794e+01,-2.18672381e+00,1.92364032e+01,1.00010525e-09
31,7.92603670e-01,2.51160947e-08,99,9,0,27,normal_corr_dominates,1.33273563e+00,1.00000000e+00,2.49999903e+07,-9.71519383e+00,-4.16472133e+00,-5.55047250e+00,1.00009991e-09
31,7.92603670e-01,2.51160947e-08,99,9,2,29,normal_corr_dominates,1.01615012e+00,1.00000000e+00,2.49999916e+07,-8.39670340e+00,-4.16472133e+00,-4.23198208e+00,1.00007552e-09
31,7.92603670e-01,2.51160947e-08,99,10,0,30,normal_corr_dominates,2.28486400e+01,1.00000000e+00,2.50000077e+07,7.70183877e+00,-3.52508841e-01,8.05434761e+00,1.00009956e-09
31,7.92603670e-01,2.51160947e-08,99,10,1,31,normal_corr_dominates,3.98998131e+01,1.00000000e+00,2.49999856e+07,-1.44175457e+01,-3.52508841e-01,-1.40650369e+01,1.00005615e-09
31,7.92603670e-01,2.51160947e-08,99,10,1,31,corr_ratio_high,1.18496222e+00,5.00000000e-01,2.49999856e+07,-1.44175457e+01,-3.52508841e-01,-1.40650369e+01,1.00005615e-09
31,7.92603670e-01,2.51160947e-08,99,10,2,32,normal_corr_dominates,3.34335612e+01,1.00000000e+00,2.49999879e+07,-1.21381347e+01,-3.52508841e-01,-1.17856259e+01,1.00015171e-09
31,7.92603670e-01,2.51160947e-08,99,11,0,33,normal_corr_dominates,9.59592509e+00,1.00000000e+00,2.50000158e+07,1.57798225e+01,-1.83573290e+00,1.76155554e+01,1.00012354e-09
31,7.92603670e-01,2.51160947e-08,99,11,1,34,normal_corr_dominates,9.99647453e+00,1.00000000e+00,2.49999798e+07,-2.01865901e+01,-1.83573290e+00,-1.83508572e+01,1.00010439e-09
31,7.92603670e-01,2.51160947e-08,99,11,2,35,normal_corr_dominates,7.48305284e+00,1.00000000e+00,2.49999844e+07,-1.55726192e+01,-1.83573290e+00,-1.37368863e+01,1.00011853e-09
31,7.92603670e-01,2.51160947e-08,99,12,0,36,normal_corr_dominates,1.04887855e+00,1.00000000e+00,2.49999998e+07,-1.73847674e-01,3.55672745e+00,-3.73057513e+00,1.00003798e-09
31,7.92603670e-01,2.51160947e-08,99,12,0,36,corr_ratio_high,1.48310199e+00,5.00000000e-01,2.49999998e+07,-1.73847674e-01,3.55672745e+00,-3.73057513e+00,1.00003798e-09
31,7.92603670e-01,2.51160947e-08,99,12,1,37,normal_corr_dominates,5.76531470e+00,1.00000000e+00,2.49999831e+07,-1.69489256e+01,3.55672745e+00,-2.05056531e+01,1.00009995e-09
31,7.92603670e-01,2.51160947e-08,99,12,2,38,normal_corr_dominates,5.53956494e+00,1.00000000e+00,2.50000233e+07,2.32594502e+01,3.55672745e+00,1.97027227e+01,1.00015311e-09
31,7.92603670e-01,2.51160947e-08,99,13,0,39,normal_corr_dominates,8.08050613e+00,1.00000000e+00,2.49999837e+07,-1.63459472e+01,-1.80011411e+00,-1.45458331e+01,1.00012458e-09
31,7.92603670e-01,2.51160947e-08,99,13,1,40,normal_corr_dominates,6.22229758e+00,1.00000000e+00,2.50000094e+07,9.40073158e+00,-1.80011411e+00,1.12008457e+01,1.00010441e-09
31,7.92603670e-01,2.51160947e-08,99,13,2,41,normal_corr_dominates,4.38876668e+00,1.00000000e+00,2.49999903e+07,-9.70039494e+00,-1.80011411e+00,-7.90028083e+00,1.00012363e-09
31,7.92603670e-01,2.51160947e-08,99,14,0,42,normal_corr_dominates,2.92505480e+00,1.00000000e+00,2.49999937e+07,-6.31925407e+00,3.28263594e+00,-9.60189001e+00,1.00007880e-09
31,7.92603670e-01,2.51160947e-08,99,14,1,43,normal_corr_dominates,1.48020780e+00,1.00000000e+00,2.50000081e+07,8.14161929e+00,3.28263594e+00,4.85898334e+00,1.00003863e-09
31,7.92603670e-01,2.51160947e-08,99,14,1,43,corr_ratio_high,1.29826451e+00,5.00000000e-01,2.50000081e+07,8.14161929e+00,3.28263594e+00,4.85898334e+00,1.00003863e-09
31,7.92603670e-01,2.51160947e-08,99,14,2,44,normal_corr_dominates,4.23006328e+00,1.00000000e+00,2.49999894e+07,-1.06031218e+01,3.28263594e+00,-1.38857578e+01,1.00017420e-09
31,7.92603670e-01,2.51160947e-08,99,14,2,44,corr_ratio_high,5.16052409e-01,5.00000000e-01,2.49999894e+07,-1.06031218e+01,3.28263594e+00,-1.38857578e+01,1.00017420e-09
32,8.15958654e-01,2.58561695e-08,99,0,0,0,normal_corr_dominates,6.48792493e+01,1.00000000e+00,2.49999730e+07,-2.70242696e+01,4.23052399e-01,-2.74473220e+01,1.00003996e-09
32,8.15958654e-01,2.58561695e-08,99,0,0,0,corr_ratio_high,1.32663143e+00,5.00000000e-01,2.49999730e+07,-2.70242696e+01,4.23052399e-01,-2.74473220e+01,1.00003996e-09
32,8.15958654e-01,2.58561695e-08,99,0,1,1,normal_corr_dominates,4.69101736e+01,1.00000000e+00,2.50000203e+07,2.02685139e+01,4.23052399e-01,1.98454615e+01,1.00014255e-09
32,8.15958654e-01,2.58561695e-08,99,0,2,2,normal_corr_dominates,1.62371979e+01,1.00000000e+00,2.49999936e+07,-6.44613314e+00,4.23052399e-01,-6.86918554e+00,1.00013687e-09
32,8.15958654e-01,2.58561695e-08,99,1,0,3,normal_corr_dominates,7.04924060e+00,1.00000000e+00,2.49999894e+07,-1.06426061e+01,1.75932929e+00,-1.24019354e+01,1.00007499e-09
32,8.15958654e-01,2.58561695e-08,99,1,0,3,corr_ratio_high,1.04253485e+00,5.00000000e-01,2.49999894e+07,-1.06426061e+01,1.75932929e+00,-1.24019354e+01,1.00007499e-09
32,8.15958654e-01,2.58561695e-08,99,1,2,5,normal_corr_dominates,3.29837214e+00,1.00000000e+00,2.49999960e+07,-4.04359342e+00,1.75932929e+00,-5.80292270e+00,1.00013942e-09
32,8.15958654e-01,2.58561695e-08,99,2,0,6,normal_corr_dominates,1.41530153e+00,1.00000000e+00,2.49999909e+07,-9.12561107e+00,-3.77824920e+00,-5.34736186e+00,1.00011604e-09
32,8.15958654e-01,2.58561695e-08,99,2,1,7,normal_corr_dominates,2.51912787e+00,1.00000000e+00,2.50000057e+07,5.73964365e+00,-3.77824920e+00,9.51789285e+00,1.00012912e-09
32,8.15958654e-01,2.58561695e-08,99,3,0,9,normal_corr_dominates,8.11046883e+00,1.00000000e+00,2.50000113e+07,1.13489287e+01,1.24570194e+00,1.01032267e+01,1.00012739e-09
32,8.15958654e-01,2.58561695e-08,99,3,1,10,normal_corr_dominates,1.60494165e+01,1.00000000e+00,2.50000212e+07,2.12384911e+01,1.24570194e+00,1.99927892e+01,1.00012438e-09
32,8.15958654e-01,2.58561695e-08,99,3,2,11,normal_corr_dominates,1.05013176e+01,1.00000000e+00,2.49999882e+07,-1.18358098e+01,1.24570194e+00,-1.30815117e+01,1.00011691e-09
32,8.15958654e-01,2.58561695e-08,99,4,0,12,normal_corr_dominates,1.04868532e+01,1.00000000e+00,2.50000054e+07,5.40280303e+00,4.70346660e-01,4.93245637e+00,1.00010608e-09
32,8.15958654e-01,2.58561695e-08,99,4,1,13,normal_corr_dominates,7.47874155e+00,1.00000000e+00,2.49999970e+07,-3.04725445e+00,4.70346660e-01,-3.51760111e+00,1.00007610e-09
32,8.15958654e-01,2.58561695e-08,99,4,1,13,corr_ratio_high,5.33991769e-01,5.00000000e-01,2.49999970e+07,-3.04725445e+00,4.70346660e-01,-3.51760111e+00,1.00007610e-09
32,8.15958654e-01,2.58561695e-08,99,4,2,14,normal_corr_dominates,3.70716878e+01,1.00000000e+00,2.50000179e+07,1.79068912e+01,4.70346660e-01,1.74365445e+01,1.00013087e-09
32,8.15958654e-01,2.58561695e-08,99,5,0,15,normal_corr_dominates,1.41804007e+00,1.00000000e+00,2.50000016e+07,1.61839383e+00,-3.87138445e+00,5.48977828e+00,1.00000324e-09
32,8.15958654e-01,2.58561695e-08,99,5,0,15,corr_ratio_high,1.95054558e+00,5.00000000e-01,2.50000016e+07,1.61839383e+00,-3.87138445e+00,5.48977828e+00,1.00000324e-09
32,8.15958654e-01,2.58561695e-08,99,5,1,16,normal_corr_dominates,2.45204305e+00,1.00000000e+00,2.50000056e+07,5.62141689e+00,-3.87138445e+00,9.49280134e+00,1.00014445e-09
32,8.15958654e-01,2.58561695e-08,99,5,2,17,normal_corr_dominates,1.27691105e+00,1.00000000e+00,2.49999912e+07,-8.81479805e+00,-3.87138445e+00,-4.94341360e+00,1.00016000e-09
32,8.15958654e-01,2.58561695e-08,99,6,0,18,normal_corr_dominates,2.40958935e+00,1.00000000e+00,2.50000045e+07,4.52547174e+00,-3.21048946e+00,7.73596120e+00,1.00012024e-09
32,8.15958654e-01,2.58561695e-08,99,6,1,19,normal_corr_dominates,1.61517424e+00,1.00000000e+00,2.49999916e+07,-8.39598934e+00,-3.21048946e+00,-5.18549988e+00,1.00013801e-09
32,8.15958654e-01,2.58561695e-08,99,6,2,20,normal_corr_dominates,1.02902532e+00,1.00000000e+00,2.49999935e+07,-6.51416439e+00,-3.21048946e+00,-3.30367493e+00,1.00014037e-09
32,8.15958654e-01,2.58561695e-08,99,7,0,21,normal_corr_dominates,2.16481466e+00,1.00000000e+00,2.50000011e+07,1.10358164e+00,3.48703402e-01,7.54878236e-01,1.00008979e-09
32,8.15958654e-01,2.58561695e-08,99,7,1,22,normal_corr_dominates,1.35363411e+01,1.00000000e+00,2.50000051e+07,5.06887158e+00,3.48703402e-01,4.72016818e+00,1.00010045e-09
32,8.15958654e-01,2.58561695e-08,99,7,2,23,normal_corr_dominates,3.00239334e+01,1.00000000e+00,2.49999899e+07,-1.01207443e+01,3.48703402e-01,-1.04694477e+01,1.00014029e-09
32,8.15958654e-01,2.58561695e-08,99,8,1,25,normal_corr_dominates,3.53459294e+00,1.00000000e+00,2.49999898e+07,-1.01910127e+01,-2.24739306e+00,-7.94361966e+00,1.00011458e-09
32,8.15958654e-01,2.58561695e-08,99,8,2,26,normal_corr_dominates,8.79547574e+00,1.00000000e+00,2.50000175e+07,1.75194981e+01,-2.24739306e+00,1.97668911e+01,1.00010815e-09
32,8.15958654e-01,2.58561695e-08,99,9,0,27,normal_corr_dominates,1.33290688e+00,1.00000000e+00,2.49999900e+07,-9.98287795e+00,-4.27915834e+00,-5.70371961e+00,1.00010266e-09
32,8.15958654e-01,2.58561695e-08,99,9,2,29,normal_corr_dominates,1.01597437e+00,1.00000000e+00,2.49999914e+07,-8.62667353e+00,-4.27915834e+00,-4.34751518e+00,1.00007760e-09
32,8.15958654e-01,2.58561695e-08,99,10,0,30,normal_corr_dominates,2.28965212e+01,1.00000000e+00,2.50000079e+07,7.91440999e+00,-3.61445999e-01,8.27585599e+00,1.00010230e-09
32,8.15958654e-01,2.58561695e-08,99,10,1,31,normal_corr_dominates,3.99822433e+01,1.00000000e+00,2.49999852e+07,-1.48128679e+01,-3.61445999e-01,-1.44514219e+01,1.00005771e-09
32,8.15958654e-01,2.58561695e-08,99,10,1,31,corr_ratio_high,1.18459185e+00,5.00000000e-01,2.49999852e+07,-1.48128679e+01,-3.61445999e-01,-1.44514219e+01,1.00005771e-09
32,8.15958654e-01,2.58561695e-08,99,10,2,32,normal_corr_dominates,3.34986079e+01,1.00000000e+00,2.49999875e+07,-1.24693838e+01,-3.61445999e-01,-1.21079378e+01,1.00015588e-09
32,8.15958654e-01,2.58561695e-08,99,11,0,33,normal_corr_dominates,9.59608370e+00,1.00000000e+00,2.50000162e+07,1.62158918e+01,-1.88642786e+00,1.81023197e+01,1.00012694e-09
32,8.15958654e-01,2.58561695e-08,99,11,1,34,normal_corr_dominates,9.99475349e+00,1.00000000e+00,2.49999793e+07,-2.07408093e+01,-1.88642786e+00,-1.88543815e+01,1.00010727e-09
32,8.15958654e-01,2.58561695e-08,99,11,2,35,normal_corr_dominates,7.48223274e+00,1.00000000e+00,2.49999840e+07,-1.60011202e+01,-1.88642786e+00,-1.41146923e+01,1.00012179e-09
32,8.15958654e-01,2.58561695e-08,99,12,0,36,normal_corr_dominates,1.04896239e+00,1.00000000e+00,2.49999998e+07,-1.78905297e-01,3.65393331e+00,-3.83283861e+00,1.00003903e-09
32,8.15958654e-01,2.58561695e-08,99,12,0,36,corr_ratio_high,1.48297313e+00,5.00000000e-01,2.49999998e+07,-1.78905297e-01,3.65393331e+00,-3.83283861e+00,1.00003903e-09
32,8.15958654e-01,2.58561695e-08,99,12,1,37,normal_corr_dominates,5.76651331e+00,1.00000000e+00,2.49999826e+07,-1.74165218e+01,3.65393331e+00,-2.10704551e+01,1.00010270e-09
32,8.15958654e-01,2.58561695e-08,99,12,2,38,normal_corr_dominates,5.54072269e+00,1.00000000e+00,2.50000239e+07,2.38993645e+01,3.65393331e+00,2.02454312e+01,1.00015732e-09
32,8.15958654e-01,2.58561695e-08,99,13,0,39,normal_corr_dominates,8.07867563e+00,1.00000000e+00,2.49999832e+07,-1.67948391e+01,-1.84992170e+00,-1.49449174e+01,1.00012801e-09
32,8.15958654e-01,2.58561695e-08,99,13,1,40,normal_corr_dominates,6.22122066e+00,1.00000000e+00,2.50000097e+07,9.65884941e+00,-1.84992170e+00,1.15087711e+01,1.00010728e-09
32,8.15958654e-01,2.58561695e-08,99,13,2,41,normal_corr_dominates,4.38714657e+00,1.00000000e+00,2.49999900e+07,-9.96579934e+00,-1.84992170e+00,-8.11587764e+00,1.00012703e-09
32,8.15958654e-01,2.58561695e-08,99,14,0,42,normal_corr_dominates,2.92563958e+00,1.00000000e+00,2.49999935e+07,-6.49360934e+00,3.37218315e+00,-9.86579248e+00,1.00008097e-09
32,8.15958654e-01,2.58561695e-08,99,14,1,43,normal_corr_dominates,1.48069061e+00,1.00000000e+00,2.50000084e+07,8.36534308e+00,3.37218315e+00,4.99315993e+00,1.00003970e-09
32,8.15958654e-01,2.58561695e-08,99,14,1,43,corr_ratio_high,1.29803535e+00,5.00000000e-01,2.50000084e+07,8.36534308e+00,3.37218315e+00,4.99315993e+00,1.00003970e-09
32,8.15958654e-01,2.58561695e-08,99,14,2,44,normal_corr_dominates,4.23059734e+00,1.00000000e+00,2.49999891e+07,-1.08941659e+01,3.37218315e+00,-1.42663491e+01,1.00017898e-09
32,8.15958654e-01,2.58561695e-08,99,14,2,44,corr_ratio_high,5.16034974e-01,5.00000000e-01,2.49999891e+07,-1.08941659e+01,3.37218315e+00,-1.42663491e+01,1.00017898e-09
33,8.37925768e-01,2.65522653e-08,99,0,0,0,normal_corr_dominates,6.48778602e+01,1.00000000e+00,2.49999723e+07,-2.77074258e+01,4.33756324e-01,-2.81411822e+01,1.00004097e-09
33,8.37925768e-01,2.65522653e-08,99,0,0,0,corr_ratio_high,1.32657631e+00,5.00000000e-01,2.49999723e+07,-2.77074258e+01,4.33756324e-01,-2.81411822e+01,1.00004097e-09
33,8.37925768e-01,2.65522653e-08,99,0,1,1,normal_corr_dominates,4.68987761e+01,1.00000000e+00,2.50000208e+07,2.07763971e+01,4.33756324e-01,2.03426407e+01,1.00014613e-09
33,8.37925768e-01,2.65522653e-08,99,0,2,2,normal_corr_dominates,1.62274552e+01,1.00000000e+00,2.49999934e+07,-6.60500497e+00,4.33756324e-01,-7.03876130e+00,1.00014031e-09
33,8.37925768e-01,2.65522653e-08,99,1,0,3,normal_corr_dominates,7.05090257e+00,1.00000000e+00,2.49999891e+07,-1.09142430e+01,1.80373801e+00,-1.27179810e+01,1.00007687e-09
33,8.37925768e-01,2.65522653e-08,99,1,0,3,corr_ratio_high,1.04260209e+00,5.00000000e-01,2.49999891e+07,-1.09142430e+01,1.80373801e+00,-1.27179810e+01,1.00007687e-09
33,8.37925768e-01,2.65522653e-08,99,1,2,5,normal_corr_dominates,3.29638616e+00,1.00000000e+00,2.49999959e+07,-4.14207901e+00,1.80373801e+00,-5.94581702e+00,1.00014292e-09
33,8.37925768e-01,2.65522653e-08,99,2,0,6,normal_corr_dominates,1.41532461e+00,1.00000000e+00,2.49999906e+07,-9.35705622e+00,-3.87403672e+00,-5.48301950e+00,1.00011896e-09
33,8.37925768e-01,2.65522653e-08,99,2,1,7,normal_corr_dominates,2.51834567e+00,1.00000000e+00,2.50000059e+07,5.88212686e+00,-3.87403672e+00,9.75616358e+00,1.00013237e-09
33,8.37925768e-01,2.65522653e-08,99,3,0,9,normal_corr_dominates,8.10717815e+00,1.00000000e+00,2.50000116e+07,1.16325314e+01,1.27729261e+00,1.03552387e+01,1.00013059e-09
33,8.37925768e-01,2.65522653e-08,99,3,1,10,normal_corr_dominates,1.60474484e+01,1.00000000e+00,2.50000218e+07,2.17745799e+01,1.27729261e+00,2.04972873e+01,1.00012750e-09
33,8.37925768e-01,2.65522653e-08,99,3,2,11,normal_corr_dominates,1.04983793e+01,1.00000000e+00,2.49999879e+07,-1.21322097e+01,1.27729261e+00,-1.34095023e+01,1.00011985e-09
33,8.37925768e-01,2.65522653e-08,99,4,0,12,normal_corr_dominates,1.04991709e+01,1.00000000e+00,2.50000055e+07,5.53639628e+00,4.81460475e-01,5.05493581e+00,1.00010874e-09
33,8.37925768e-01,2.65522653e-08,99,4,1,13,normal_corr_dominates,7.49172655e+00,1.00000000e+00,2.49999969e+07,-3.12550975e+00,4.81460475e-01,-3.60697022e+00,1.00007803e-09
33,8.37925768e-01,2.65522653e-08,99,4,1,13,corr_ratio_high,5.33837691e-01,5.00000000e-01,2.49999969e+07,-3.12550975e+00,4.81460475e-01,-3.60697022e+00,1.00007803e-09
33,8.37925768e-01,2.65522653e-08,99,4,2,14,normal_corr_dominates,3.71292741e+01,1.00000000e+00,2.50000184e+07,1.83577384e+01,4.81460475e-01,1.78762780e+01,1.00013415e-09
33,8.37925768e-01,2.65522653e-08,99,5,0,15,normal_corr_dominates,1.41809132e+00,1.00000000e+00,2.50000017e+07,1.65937980e+00,-3.96894103e+00,5.62832083e+00,1.00000332e-09
33,8.37925768e-01,2.65522653e-08,99,5,0,15,corr_ratio_high,1.95033713e+00,5.00000000e-01,2.50000017e+07,1.65937980e+00,-3.96894103e+00,5.62832083e+00,1.00000332e-09
33,8.37925768e-01,2.65522653e-08,99,5,1,16,normal_corr_dominates,2.45177703e+00,1.00000000e+00,2.50000058e+07,5.76201744e+00,-3.96894103e+00,9.73095848e+00,1.00014808e-09
33,8.37925768e-01,2.65522653e-08,99,5,2,17,normal_corr_dominates,1.27634890e+00,1.00000000e+00,2.49999910e+07,-9.03469457e+00,-3.96894103e+00,-5.06575354e+00,1.00016401e-09
33,8.37925768e-01,2.65522653e-08,99,6,0,18,normal_corr_dominates,2.40885883e+00,1.00000000e+00,2.50000046e+07,4.63764701e+00,-3.29177551e+00,7.92942252e+00,1.00012326e-09
33,8.37925768e-01,2.65522653e-08,99,6,1,19,normal_corr_dominates,1.61404643e+00,1.00000000e+00,2.49999914e+07,-8.60485402e+00,-3.29177551e+00,-5.31307851e+00,1.00014148e-09
33,8.37925768e-01,2.65522653e-08,99,6,2,20,normal_corr_dominates,1.02809789e+00,1.00000000e+00,2.49999933e+07,-6.67604297e+00,-3.29177551e+00,-3.38426745e+00,1.00014389e-09
33,8.37925768e-01,2.65522653e-08,99,7,0,21,normal_corr_dominates,2.16028227e+00,1.00000000e+00,2.50000011e+07,1.12947835e+00,3.57397933e-01,7.72080418e-01,1.00009204e-09
33,8.37925768e-01,2.65522653e-08,99,7,1,22,normal_corr_dominates,1.35392090e+01,1.00000000e+00,2.50000052e+07,5.19628325e+00,3.57397933e-01,4.83888532e+00,1.00010297e-09
33,8.37925768e-01,2.65522653e-08,99,7,2,23,normal_corr_dominates,3.00249201e+01,1.00000000e+00,2.49999896e+07,-1.03734465e+01,3.57397933e-01,-1.07308444e+01,1.00014381e-09
33,8.37925768e-01,2.65522653e-08,99,8,1,25,normal_corr_dominates,3.53330267e+00,1.00000000e+00,2.49999896e+07,-1.04463330e+01,-2.30435374e+00,-8.14197923e+00,1.00011746e-09
33,8.37925768e-01,2.65522653e-08,99,8,2,26,normal_corr_dominates,8.79408347e+00,1.00000000e+00,2.50000180e+07,1.79603254e+01,-2.30435374e+00,2.02646792e+01,1.00011086e-09
33,8.37925768e-01,2.65522653e-08,99,9,0,27,normal_corr_dominates,1.33306110e+00,1.00000000e+00,2.49999898e+07,-1.02340752e+01,-4.38654401e+00,-5.84753121e+00,1.00010523e-09
33,8.37925768e-01,2.65522653e-08,99,9,2,29,normal_corr_dominates,1.01580654e+00,1.00000000e+00,2.49999912e+07,-8.84242409e+00,-4.38654401e+00,-4.45588008e+00,1.00007955e-09
33,8.37925768e-01,2.65522653e-08,99,10,0,30,normal_corr_dominates,2.29398021e+01,1.00000000e+00,2.50000081e+07,8.11387740e+00,-3.69824548e-01,8.48370195e+00,1.00010487e-09
33,8.37925768e-01,2.65522653e-08,99,10,1,31,normal_corr_dominates,4.00566323e+01,1.00000000e+00,2.49999848e+07,-1.51837505e+01,-3.69824548e-01,-1.48139259e+01,1.00005916e-09
33,8.37925768e-01,2.65522653e-08,99,10,1,31,corr_ratio_high,1.18424912e+00,5.00000000e-01,2.49999848e+07,-1.51837505e+01,-3.69824548e-01,-1.48139259e+01,1.00005916e-09
33,8.37925768e-01,2.65522653e-08,99,10,2,32,normal_corr_dominates,3.35572582e+01,1.00000000e+00,2.49999872e+07,-1.27801224e+01,-3.69824548e-01,-1.24102979e+01,1.00015979e-09
33,8.37925768e-01,2.65522653e-08,99,11,0,33,normal_corr_dominates,9.59610800e+00,1.00000000e+00,2.50000166e+07,1.66250606e+01,-1.93402184e+00,1.85590825e+01,1.00013012e-09
33,8.37925768e-01,2.65522653e-08,99,11,1,34,normal_corr_dominates,9.99303970e+00,1.00000000e+00,2.49999787e+07,-2.12607789e+01,-1.93402184e+00,-1.93267570e+01,1.00010997e-09
33,8.37925768e-01,2.65522653e-08,99,11,2,35,normal_corr_dominates,7.48138316e+00,1.00000000e+00,2.49999836e+07,-1.64031803e+01,-1.93402184e+00,-1.44691584e+01,1.00012485e-09
33,8.37925768e-01,2.65522653e-08,99,12,0,36,normal_corr_dominates,1.04904282e+00,1.00000000e+00,2.49999998e+07,-1.83670245e-01,3.74509928e+00,-3.92876953e+00,1.00004001e-09
33,8.37925768e-01,2.65522653e-08,99,12,0,36,corr_ratio_high,1.48285305e+00,5.00000000e-01,2.49999998e+07,-1.83670245e-01,3.74509928e+00,-3.92876953e+00,1.00004001e-09
33,8.37925768e-01,2.65522653e-08,99,12,1,37,normal_corr_dominates,5.76764897e+00,1.00000000e+00,2.49999821e+07,-1.78553187e+01,3.74509928e+00,-2.16004180e+01,1.00010529e-09
33,8.37925768e-01,2.65522653e-08,99,12,2,38,normal_corr_dominates,5.54181785e+00,1.00000000e+00,2.50000245e+07,2.44997573e+01,3.74509928e+00,2.07546581e+01,1.00016127e-09
33,8.37925768e-01,2.65522653e-08,99,13,0,39,normal_corr_dominates,8.07688415e+00,1.00000000e+00,2.49999828e+07,-1.72160036e+01,-1.89668650e+00,-1.53193171e+01,1.00013123e-09
33,8.37925768e-01,2.65522653e-08,99,13,1,40,normal_corr_dominates,6.22015246e+00,1.00000000e+00,2.50000099e+07,9.90099269e+00,-1.89668650e+00,1.17976792e+01,1.00010998e-09
33,8.37925768e-01,2.65522653e-08,99,13,2,41,normal_corr_dominates,4.38559252e+00,1.00000000e+00,2.49999898e+07,-1.02147806e+01,-1.89668650e+00,-8.31809412e+00,1.00013022e-09
33,8.37925768e-01,2.65522653e-08,99,14,0,42,normal_corr_dominates,2.92618915e+00,1.00000000e+00,2.49999933e+07,-6.65722491e+00,3.45616364e+00,-1.01133885e+01,1.00008301e-09
33,8.37925768e-01,2.65522653e-08,99,14,1,43,normal_corr_dominates,1.48114457e+00,1.00000000e+00,2.50000086e+07,8.57524165e+00,3.45616364e+00,5.11907802e+00,1.00004070e-09
33,8.37925768e-01,2.65522653e-08,99,14,1,43,corr_ratio_high,1.29782251e+00,5.00000000e-01,2.50000086e+07,8.57524165e+00,3.45616364e+00,5.11907802e+00,1.00004070e-09
33,8.37925768e-01,2.65522653e-08,99,14,2,44,normal_corr_dominates,4.23111136e+00,1.00000000e+00,2.49999888e+07,-1.11672496e+01,3.45616364e+00,-1.46234132e+01,1.00018347e-09
33,8.37925768e-01,2.65522653e-08,99,14,2,44,corr_ratio_high,5.16018676e-01,5.00000000e-01,2.49999888e+07,-1.11672496e+01,3.45616364e+00,-1.46234132e+01,1.00018347e-09
34,8.60895810e-01,2.72801420e-08,99,0,0,0,normal_corr_dominates,6.48795740e+01,1.00000000e+00,2.49999716e+07,-2.84202816e+01,4.44904056e-01,-2.88651857e+01,1.00004201e-09
34,8.60895810e-01,2.72801420e-08,99,0,0,0,corr_ratio_high,1.32651925e+00,5.00000000e-01,2.49999716e+07,-2.84202816e+01,4.44904056e-01,-2.88651857e+01,1.00004201e-09
34,8.60895810e-01,2.72801420e-08,99,0,1,1,normal_corr_dominates,4.68892898e+01,1.00000000e+00,2.50000213e+07,2.13061393e+01,4.44904056e-01,2.08612352e+01,1.00014986e-09
34,8.60895810e-01,2.72801420e-08,99,0,2,2,normal_corr_dominates,1.62181824e+01,1.00000000e+00,2.49999932e+07,-6.77063107e+00,4.44904056e-01,-7.21553513e+00,1.00014390e-09
34,8.60895810e-01,2.72801420e-08,99,1,0,3,normal_corr_dominates,7.05269894e+00,1.00000000e+00,2.49999888e+07,-1.11978027e+01,1.85005116e+00,-1.30478539e+01,1.00007883e-09
34,8.60895810e-01,2.72801420e-08,99,1,0,3,corr_ratio_high,1.04267005e+00,5.00000000e-01,2.49999888e+07,-1.11978027e+01,1.85005116e+00,-1.30478539e+01,1.00007883e-09
34,8.60895810e-01,2.72801420e-08,99,1,2,5,normal_corr_dominates,3.29438221e+00,1.00000000e+00,2.49999958e+07,-4.24472448e+00,1.85005116e+00,-6.09477564e+00,1.00014657e-09
34,8.60895810e-01,2.72801420e-08,99,2,0,6,normal_corr_dominates,1.41534135e+00,1.00000000e+00,2.49999904e+07,-9.59859793e+00,-3.97401301e+00,-5.62458492e+00,1.00012200e-09
34,8.60895810e-01,2.72801420e-08,99,2,1,7,normal_corr_dominates,2.51753069e+00,1.00000000e+00,2.50000060e+07,6.03068670e+00,-3.97401301e+00,1.00046997e+01,1.00013575e-09
34,8.60895810e-01,2.72801420e-08,99,3,0,9,normal_corr_dominates,8.10391230e+00,1.00000000e+00,2.50000119e+07,1.19283002e+01,1.31023892e+00,1.06180613e+01,1.00013392e-09
34,8.60895810e-01,2.72801420e-08,99,3,1,10,normal_corr_dominates,1.60456445e+01,1.00000000e+00,2.50000223e+07,2.23338668e+01,1.31023892e+00,2.10236279e+01,1.00013076e-09
34,8.60895810e-01,2.72801420e-08,99,3,2,11,normal_corr_dominates,1.04955018e+01,1.00000000e+00,2.49999876e+07,-1.24413760e+01,1.31023892e+00,-1.37516150e+01,1.00012291e-09
34,8.60895810e-01,2.72801420e-08,99,4,0,12,normal_corr_dominates,1.05122887e+01,1.00000000e+00,2.50000057e+07,5.67566198e+00,4.93009003e-01,5.18265298e+00,1.00011152e-09
34,8.60895810e-01,2.72801420e-08,99,4,1,13,normal_corr_dominates,7.50542655e+00,1.00000000e+00,2.49999968e+07,-3.20723386e+00,4.93009003e-01,-3.70024286e+00,1.00008003e-09
34,8.60895810e-01,2.72801420e-08,99,4,1,13,corr_ratio_high,5.33679107e-01,5.00000000e-01,2.49999968e+07,-3.20723386e+00,4.93009003e-01,-3.70024286e+00,1.00008003e-09
34,8.60895810e-01,2.72801420e-08,99,4,2,14,normal_corr_dominates,3.71901093e+01,1.00000000e+00,2.50000188e+07,1.88280677e+01,4.93009003e-01,1.83350587e+01,1.00013758e-09
34,8.60895810e-01,2.72801420e-08,99,5,0,15,normal_corr_dominates,1.41813923e+00,1.00000000e+00,2.50000017e+07,1.70213740e+00,-4.07074317e+00,5.77288057e+00,1.00000341e-09
34,8.60895810e-01,2.72801420e-08,99,5,0,15,corr_ratio_high,1.95012354e+00,5.00000000e-01,2.50000017e+07,1.70213740e+00,-4.07074317e+00,5.77288057e+00,1.00000341e-09
34,8.60895810e-01,2.72801420e-08,99,5,1,16,normal_corr_dominates,2.45148867e+00,1.00000000e+00,2.50000059e+07,5.90863759e+00,-4.07074317e+00,9.97938076e+00,1.00015187e-09
34,8.60895810e-01,2.72801420e-08,99,5,2,17,normal_corr_dominates,1.27576537e+00,1.00000000e+00,2.49999907e+07,-9.26405636e+00,-4.07074317e+00,-5.19331319e+00,1.00016819e-09
34,8.60895810e-01,2.72801420e-08,99,6,0,18,normal_corr_dominates,2.40809259e+00,1.00000000e+00,2.50000048e+07,4.75458587e+00,-3.37661451e+00,8.13120038e+00,1.00012642e-09
34,8.60895810e-01,2.72801420e-08,99,6,1,19,normal_corr_dominates,1.61287502e+00,1.00000000e+00,2.49999912e+07,-8.82267172e+00,-3.37661451e+00,-5.44605721e+00,1.00014509e-09
34,8.60895810e-01,2.72801420e-08,99,6,2,20,normal_corr_dominates,1.02713985e+00,1.00000000e+00,2.49999932e+07,-6.84486982e+00,-3.37661451e+00,-3.46825531e+00,1.00014756e-09
34,8.60895810e-01,2.72801420e-08,99,7,0,21,normal_corr_dominates,2.15568666e+00,1.00000000e+00,2.50000012e+07,1.15638965e+00,3.66446283e-01,7.89943363e-01,1.00009439e-09
34,8.60895810e-01,2.72801420e-08,99,7,1,22,normal_corr_dominates,1.35429016e+01,1.00000000e+00,2.50000053e+07,5.32919225e+00,3.66446283e-01,4.96274597e+00,1.00010561e-09
34,8.60895810e-01,2.72801420e-08,99,7,2,23,normal_corr_dominates,3.00275210e+01,1.00000000e+00,2.49999894e+07,-1.06370272e+01,3.66446283e-01,-1.10034734e+01,1.00014748e-09
34,8.60895810e-01,2.72801420e-08,99,8,1,25,normal_corr_dominates,3.53194126e+00,1.00000000e+00,2.49999893e+07,-1.07126534e+01,-2.36381117e+00,-8.34884220e+00,1.00012046e-09
34,8.60895810e-01,2.72801420e-08,99,8,2,26,normal_corr_dominates,8.79258231e+00,1.00000000e+00,2.50000184e+07,1.84201931e+01,-2.36381117e+00,2.07840043e+01,1.00011369e-09
34,8.60895810e-01,2.72801420e-08,99,9,0,27,normal_corr_dominates,1.33321563e+00,1.00000000e+00,2.49999895e+07,-1.04961549e+01,-4.49857901e+00,-5.99757585e+00,1.00010792e-09
34,8.60895810e-01,2.72801420e-08,99,9,2,29,normal_corr_dominates,1.01562877e+00,1.00000000e+00,2.49999909e+07,-9.06746527e+00,-4.49857901e+00,-4.56888626e+00,1.00008159e-09
34,8.60895810e-01,2.72801420e-08,99,10,0,30,normal_corr_dominates,2.29833283e+01,1.00000000e+00,2.50000083e+07,8.32197396e+00,-3.78558417e-01,8.70053238e+00,1.00010755e-09
34,8.60895810e-01,2.72801420e-08,99,10,1,31,normal_corr_dominates,4.01313202e+01,1.00000000e+00,2.49999844e+07,-1.55706075e+01,-3.78558417e-01,-1.51920490e+01,1.00006068e-09
34,8.60895810e-01,2.72801420e-08,99,10,1,31,corr_ratio_high,1.18389638e+00,5.00000000e-01,2.49999844e+07,-1.55706075e+01,-3.78558417e-01,-1.51920490e+01,1.00006068e-09
34,8.60895810e-01,2.72801420e-08,99,10,2,32,normal_corr_dominates,3.36160927e+01,1.00000000e+00,2.49999869e+07,-1.31042133e+01,-3.78558417e-01,-1.27256549e+01,1.00016387e-09
34,8.60895810e-01,2.72801420e-08,99,11,0,33,normal_corr_dominates,9.59601237e+00,1.00000000e+00,2.50000171e+07,1.70519096e+01,-1.98369998e+00,1.90356096e+01,1.00013344e-09
34,8.60895810e-01,2.72801420e-08,99,11,1,34,normal_corr_dominates,9.99115663e+00,1.00000000e+00,2.49999782e+07,-2.18031572e+01,-1.98369998e+00,-1.98194572e+01,1.00011279e-09
34,8.60895810e-01,2.72801420e-08,99,11,2,35,normal_corr_dominates,7.48041953e+00,1.00000000e+00,2.49999832e+07,-1.68226081e+01,-1.98369998e+00,-1.48389081e+01,1.00012804e-09
34,8.60895810e-01,2.72801420e-08,99,12,0,36,normal_corr_dominates,1.04912842e+00,1.00000000e+00,2.49999998e+07,-1.88661011e-01,3.84016033e+00,-4.02882134e+00,1.00004104e-09
34,8.60895810e-01,2.72801420e-08,99,12,0,36,corr_ratio_high,1.48272864e+00,5.00000000e-01,2.49999998e+07,-1.88661011e-01,3.84016033e+00,-4.02882134e+00,1.00004104e-09
34,8.60895810e-01,2.72801420e-08,99,12,1,37,normal_corr_dominates,5.76884403e+00,1.00000000e+00,2.49999817e+07,-1.83131256e+01,3.84016033e+00,-2.21532860e+01,1.00010799e-09
34,8.60895810e-01,2.72801420e-08,99,12,2,38,normal_corr_dominates,5.54296851e+00,1.00000000e+00,2.50000251e+07,2.51260481e+01,3.84016033e+00,2.12858878e+01,1.00016539e-09
34,8.60895810e-01,2.72801420e-08,99,13,0,39,normal_corr_dominates,8.07494387e+00,1.00000000e+00,2.49999823e+07,-1.76553327e+01,-1.94550324e+00,-1.57098294e+01,1.00013458e-09
34,8.60895810e-01,2.72801420e-08,99,13,1,40,normal_corr_dominates,6.21898221e+00,1.00000000e+00,2.50000102e+07,1.01535468e+01,-1.94550324e+00,1.20990500e+01,1.00011279e-09
34,8.60895810e-01,2.72801420e-08,99,13,2,41,normal_corr_dominates,4.38393900e+00,1.00000000e+00,2.49999895e+07,-1.04744708e+01,-1.94550324e+00,-8.52896752e+00,1.00013354e-09
34,8.60895810e-01,2.72801420e-08,99,14,0,42,normal_corr_dominates,2.92676310e+00,1.00000000e+00,2.49999932e+07,-6.82792741e+00,3.54372958e+00,-1.03716570e+01,1.00008513e-09
34,8.60895810e-01,2.72801420e-08,99,14,1,43,normal_corr_dominates,1.48161885e+00,1.00000000e+00,2.50000088e+07,8.79418613e+00,3.54372958e+00,5.25045654e+00,1.00004174e-09
34,8.60895810e-01,2.72801420e-08,99,14,1,43,corr_ratio_high,1.29760270e+00,5.00000000e-01,2.50000088e+07,8.79418613e+00,3.54372958e+00,5.25045654e+00,1.00004174e-09
34,8.60895810e-01,2.72801420e-08,99,14,2,44,normal_corr_dominates,4.23165991e+00,1.00000000e+00,2.49999885e+07,-1.14521288e+01,3.54372958e+00,-1.49958584e+01,1.00018815e-09
34,8.60895810e-01,2.72801420e-08,99,14,2,44,corr_ratio_high,5.16001738e-01,5.00000000e-01,2.49999885e+07,-1.14521288e+01,3.54372958e+00,-1.49958584e+01,1.00018815e-09
35,8.86183726e-01,2.80814677e-08,99,0,0,0,normal_corr_dominates,6.48849598e+01,1.00000000e+00,2.49999708e+07,-2.92033509e+01,4.57124040e-01,-2.96604750e+01,1.00004316e-09
35,8.86183726e-01,2.80814677e-08,99,0,0,0,corr_ratio_high,1.32645711e+00,5.00000000e-01,2.49999708e+07,-2.92033509e+01,4.57124040e-01,-2.96604750e+01,1.00004316e-09
35,8.86183726e-01,2.80814677e-08,99,0,1,1,normal_corr_dominates,4.68815400e+01,1.00000000e+00,2.50000219e+07,2.18878030e+01,4.57124040e-01,2.14306790e+01,1.00015396e-09
35,8.86183726e-01,2.80814677e-08,99,0,2,2,normal_corr_dominates,1.62089912e+01,1.00000000e+00,2.49999930e+07,-6.95239551e+00,4.57124040e-01,-7.40951955e+00,1.00014784e-09
35,8.86183726e-01,2.80814677e-08,99,1,0,3,normal_corr_dominates,7.05473955e+00,1.00000000e+00,2.49999885e+07,-1.15094234e+01,1.90089488e+00,-1.34103183e+01,1.00008098e-09
35,8.86183726e-01,2.80814677e-08,99,1,0,3,corr_ratio_high,1.04274220e+00,5.00000000e-01,2.49999885e+07,-1.15094234e+01,1.90089488e+00,-1.34103183e+01,1.00008098e-09
35,8.86183726e-01,2.80814677e-08,99,1,2,5,normal_corr_dominates,3.29225744e+00,1.00000000e+00,2.49999956e+07,-4.35734044e+00,1.90089488e+00,-6.25823532e+00,1.00015058e-09
35,8.86183726e-01,2.80814677e-08,99,2,0,6,normal_corr_dominates,1.41535157e+00,1.00000000e+00,2.49999901e+07,-9.86397134e+00,-4.08386566e+00,-5.78010569e+00,1.00012535e-09
35,8.86183726e-01,2.80814677e-08,99,2,1,7,normal_corr_dominates,2.51663720e+00,1.00000000e+00,2.50000062e+07,6.19374256e+00,-4.08386566e+00,1.02776082e+01,1.00013947e-09
35,8.86183726e-01,2.80814677e-08,99,3,0,9,normal_corr_dominates,8.10051245e+00,1.00000000e+00,2.50000123e+07,1.22530118e+01,1.34640900e+00,1.09066028e+01,1.00013758e-09
35,8.86183726e-01,2.80814677e-08,99,3,1,10,normal_corr_dominates,1.60439404e+01,1.00000000e+00,2.50000229e+07,2.29481148e+01,1.34640900e+00,2.16017058e+01,1.00013433e-09
35,8.86183726e-01,2.80814677e-08,99,3,2,11,normal_corr_dominates,1.04925515e+01,1.00000000e+00,2.49999872e+07,-1.27808567e+01,1.34640900e+00,-1.41272657e+01,1.00012628e-09
35,8.86183726e-01,2.80814677e-08,99,4,0,12,normal_corr_dominates,1.05269908e+01,1.00000000e+00,2.50000058e+07,5.82848775e+00,5.05638277e-01,5.32284947e+00,1.00011458e-09
35,8.86183726e-01,2.80814677e-08,99,4,1,13,normal_corr_dominates,7.52064135e+00,1.00000000e+00,2.49999967e+07,-3.29708586e+00,5.05638277e-01,-3.80272413e+00,1.00008223e-09
35,8.86183726e-01,2.80814677e-08,99,4,1,13,corr_ratio_high,5.33507407e-01,5.00000000e-01,2.49999967e+07,-3.29708586e+00,5.05638277e-01,-3.80272413e+00,1.00008223e-09
35,8.86183726e-01,2.80814677e-08,99,4,2,14,normal_corr_dominates,3.72577542e+01,1.00000000e+00,2.50000193e+07,1.93445849e+01,5.05638277e-01,1.88389467e+01,1.00014134e-09
35,8.86183726e-01,2.80814677e-08,99,5,0,15,normal_corr_dominates,1.41818562e+00,1.00000000e+00,2.50000017e+07,1.74909411e+00,-4.18257837e+00,5.93167248e+00,1.00000351e-09
35,8.86183726e-01,2.80814677e-08,99,5,0,15,corr_ratio_high,1.94989336e+00,5.00000000e-01,2.50000017e+07,1.74909411e+00,-4.18257837e+00,5.93167248e+00,1.00000351e-09
35,8.86183726e-01,2.80814677e-08,99,5,1,16,normal_corr_dominates,2.45116006e+00,1.00000000e+00,2.50000061e+07,6.06959067e+00,-4.18257837e+00,1.02521690e+01,1.00015602e-09
35,8.86183726e-01,2.80814677e-08,99,5,2,17,normal_corr_dominates,1.27512799e+00,1.00000000e+00,2.49999905e+07,-9.51590110e+00,-4.18257837e+00,-5.33332273e+00,1.00017278e-09
35,8.86183726e-01,2.80814677e-08,99,6,0,18,normal_corr_dominates,2.40724684e+00,1.00000000e+00,2.50000049e+07,4.88291111e+00,-3.46983269e+00,8.35274380e+00,1.00012988e-09
35,8.86183726e-01,2.80814677e-08,99,6,1,19,normal_corr_dominates,1.61159497e+00,1.00000000e+00,2.49999909e+07,-9.06179760e+00,-3.46983269e+00,-5.59196490e+00,1.00014906e-09
35,8.86183726e-01,2.80814677e-08,99,6,2,20,normal_corr_dominates,1.02609864e+00,1.00000000e+00,2.49999930e+07,-7.03022329e+00,-3.46983269e+00,-3.56039060e+00,1.00015159e-09
35,8.86183726e-01,2.80814677e-08,99,7,0,21,normal_corr_dominates,2.15078815e+00,1.00000000e+00,2.50000012e+07,1.18582234e+00,3.76357369e-01,8.09464968e-01,1.00009697e-09
35,8.86183726e-01,2.80814677e-08,99,7,1,22,normal_corr_dominates,1.35477256e+01,1.00000000e+00,2.50000055e+07,5.47514373e+00,3.76357369e-01,5.09878636e+00,1.00010850e-09
35,8.86183726e-01,2.80814677e-08,99,7,2,23,normal_corr_dominates,3.00321036e+01,1.00000000e+00,2.49999891e+07,-1.09264461e+01,3.76357369e-01,-1.13028035e+01,1.00015151e-09
35,8.86183726e-01,2.80814677e-08,99,8,1,25,normal_corr_dominates,3.53042966e+00,1.00000000e+00,2.49999890e+07,-1.10050900e+01,-2.42914930e+00,-8.57594073e+00,1.00012376e-09
35,8.86183726e-01,2.80814677e-08,99,8,2,26,normal_corr_dominates,8.79088023e+00,1.00000000e+00,2.50000189e+07,1.89252112e+01,-2.42914930e+00,2.13543605e+01,1.00011680e-09
35,8.86183726e-01,2.80814677e-08,99,9,0,27,normal_corr_dominates,1.33337820e+00,1.00000000e+00,2.49999892e+07,-1.07840045e+01,-4.62162734e+00,-6.16237717e+00,1.00011088e-09
35,8.86183726e-01,2.80814677e-08,99,9,2,29,normal_corr_dominates,1.01543075e+00,1.00000000e+00,2.49999907e+07,-9.31456987e+00,-4.62162734e+00,-4.69294252e+00,1.00008383e-09
35,8.86183726e-01,2.80814677e-08,99,10,0,30,normal_corr_dominates,2.30293028e+01,1.00000000e+00,2.50000086e+07,8.55051772e+00,-3.88142912e-01,8.93866064e+00,1.00011049e-09
35,8.86183726e-01,2.80814677e-08,99,10,1,31,normal_corr_dominates,4.02100684e+01,1.00000000e+00,2.49999840e+07,-1.59953960e+01,-3.88142912e-01,-1.56072530e+01,1.00006235e-09
35,8.86183726e-01,2.80814677e-08,99,10,1,31,corr_ratio_high,1.18351450e+00,5.00000000e-01,2.49999840e+07,-1.59953960e+01,-3.88142912e-01,-1.56072530e+01,1.00006235e-09
35,8.86183726e-01,2.80814677e-08,99,10,2,32,normal_corr_dominates,3.36780664e+01,1.00000000e+00,2.49999865e+07,-1.34600457e+01,-3.88142912e-01,-1.30719027e+01,1.00016835e-09
35,8.86183726e-01,2.80814677e-08,99,11,0,33,normal_corr_dominates,9.59577361e+00,1.00000000e+00,2.50000175e+07,1.75206744e+01,-2.03828942e+00,1.95589638e+01,1.00013708e-09
35,8.86183726e-01,2.80814677e-08,99,11,1,34,normal_corr_dominates,9.98898443e+00,1.00000000e+00,2.49999776e+07,-2.23987307e+01,-2.03828942e+00,-2.03604413e+01,1.00011588e-09
35,8.86183726e-01,2.80814677e-08,99,11,2,35,normal_corr_dominates,7.47927631e+00,1.00000000e+00,2.49999827e+07,-1.72832192e+01,-2.03828942e+00,-1.52449298e+01,1.00013154e-09
35,8.86183726e-01,2.80814677e-08,99,12,0,36,normal_corr_dominates,1.04922424e+00,1.00000000e+00,2.49999998e+07,-1.94165271e-01,3.94450487e+00,-4.13867014e+00,1.00004216e-09
35,8.86183726e-01,2.80814677e-08,99,12,0,36,corr_ratio_high,1.48259302e+00,5.00000000e-01,2.49999998e+07,-1.94165271e-01,3.94450487e+00,-4.13867014e+00,1.00004216e-09
35,8.86183726e-01,2.80814677e-08,99,12,1,37,normal_corr_dominates,5.77016741e+00,1.00000000e+00,2.49999812e+07,-1.88159486e+01,3.94450487e+00,-2.27604534e+01,1.00011096e-09
35,8.86183726e-01,2.80814677e-08,99,12,2,38,normal_corr_dominates,5.54424073e+00,1.00000000e+00,2.50000258e+07,2.58137894e+01,3.94450487e+00,2.18692846e+01,1.00016991e-09
35,8.86183726e-01,2.80814677e-08,99,13,0,39,normal_corr_dominates,8.07273465e+00,1.00000000e+00,2.49999819e+07,-1.81377664e+01,-1.99915098e+00,-1.61386154e+01,1.00013827e-09
35,8.86183726e-01,2.80814677e-08,99,13,1,40,normal_corr_dominates,6.21763549e+00,1.00000000e+00,2.50000104e+07,1.04308411e+01,-1.99915098e+00,1.24299921e+01,1.00011588e-09
35,8.86183726e-01,2.80814677e-08,99,13,2,41,normal_corr_dominates,4.38208810e+00,1.00000000e+00,2.49999892e+07,-1.07596067e+01,-1.99915098e+00,-8.76045573e+00,1.00013719e-09
35,8.86183726e-01,2.80814677e-08,99,14,0,42,normal_corr_dominates,2.92739385e+00,1.00000000e+00,2.49999930e+07,-7.01541330e+00,3.63984419e+00,-1.06552575e+01,1.00008746e-09
35,8.86183726e-01,2.80814677e-08,99,14,1,43,normal_corr_dominates,1.48214021e+00,1.00000000e+00,2.50000090e+07,9.03460361e+00,3.63984419e+00,5.39475942e+00,1.00004289e-09
35,8.86183726e-01,2.80814677e-08,99,14,1,43,corr_ratio_high,1.29736387e+00,5.00000000e-01,2.50000090e+07,9.03460361e+00,3.63984419e+00,5.39475942e+00,1.00004289e-09
35,8.86183726e-01,2.80814677e-08,99,14,2,44,normal_corr_dominates,4.23227568e+00,1.00000000e+00,2.49999882e+07,-1.17649799e+01,3.63984419e+00,-1.54048240e+01,1.00019328e-09
35,8.86183726e-01,2.80814677e-08,99,14,2,44,corr_ratio_high,5.15983216e-01,5.00000000e-01,2.49999882e+07,-1.17649799e+01,3.63984419e+00,-1.54048240e+01,1.00019328e-09
36,9.12327811e-01,2.89099238e-08,99,0,0,0,normal_corr_dominates,6.48941192e+01,1.00000000e+00,2.49999700e+07,-3.00110848e+01,4.69700267e-01,-3.04807851e+01,1.00004434e-09
36,9.12327811e-01,2.89099238e-08,99,0,0,0,corr_ratio_high,1.32639361e+00,5.00000000e-01,2.49999700e+07,-3.00110848e+01,4.69700267e-01,-3.04807851e+01,1.00004434e-09
36,9.12327811e-01,2.89099238e-08,99,0,1,1,normal_corr_dominates,4.68763000e+01,1.00000000e+00,2.50000225e+07,2.24875109e+01,4.69700267e-01,2.20178106e+01,1.00015819e-09
36,9.12327811e-01,2.89099238e-08,99,0,2,2,normal_corr_dominates,1.62005400e+01,1.00000000e+00,2.49999929e+07,-7.13969772e+00,4.69700267e-01,-7.60939799e+00,1.00015191e-09
36,9.12327811e-01,2.89099238e-08,99,1,0,3,normal_corr_dominates,7.05691196e+00,1.00000000e+00,2.49999882e+07,-1.18310007e+01,1.95330571e+00,-1.37843064e+01,1.00008321e-09
36,9.12327811e-01,2.89099238e-08,99,1,0,3,corr_ratio_high,1.04281400e+00,5.00000000e-01,2.49999882e+07,-1.18310007e+01,1.95330571e+00,-1.37843064e+01,1.00008321e-09
36,9.12327811e-01,2.89099238e-08,99,1,2,5,normal_corr_dominates,3.29014545e+00,1.00000000e+00,2.49999955e+07,-4.47335419e+00,1.95330571e+00,-6.42665990e+00,1.00015471e-09
36,9.12327811e-01,2.89099238e-08,99,2,0,6,normal_corr_dominates,1.41535371e+00,1.00000000e+00,2.49999899e+07,-1.01377479e+01,-4.19721047e+00,-5.94053742e+00,1.00012880e-09
36,9.12327811e-01,2.89099238e-08,99,2,1,7,normal_corr_dominates,2.51571783e+00,1.00000000e+00,2.50000064e+07,6.36178673e+00,-4.19721047e+00,1.05589972e+01,1.00014330e-09
36,9.12327811e-01,2.89099238e-08,99,3,0,9,normal_corr_dominates,8.09720050e+00,1.00000000e+00,2.50000126e+07,1.25877465e+01,1.38369452e+00,1.12040519e+01,1.00014136e-09
36,9.12327811e-01,2.89099238e-08,99,3,1,10,normal_corr_dominates,1.60424693e+01,1.00000000e+00,2.50000236e+07,2.35815713e+01,1.38369452e+00,2.21978767e+01,1.00013802e-09
36,9.12327811e-01,2.89099238e-08,99,3,2,11,normal_corr_dominates,1.04897266e+01,1.00000000e+00,2.49999869e+07,-1.31308827e+01,1.38369452e+00,-1.45145772e+01,1.00012975e-09
36,9.12327811e-01,2.89099238e-08,99,4,0,12,normal_corr_dominates,1.05424556e+01,1.00000000e+00,2.50000060e+07,5.98595748e+00,5.18603468e-01,5.46735402e+00,1.00011773e-09
36,9.12327811e-01,2.89099238e-08,99,4,1,13,normal_corr_dominates,7.53650404e+00,1.00000000e+00,2.49999966e+07,-3.38985366e+00,5.18603468e-01,-3.90845713e+00,1.00008451e-09
36,9.12327811e-01,2.89099238e-08,99,4,1,13,corr_ratio_high,5.33332962e-01,5.00000000e-01,2.49999966e+07,-3.38985366e+00,5.18603468e-01,-3.90845713e+00,1.00008451e-09
36,9.12327811e-01,2.89099238e-08,99,4,2,14,normal_corr_dominates,3.73283624e+01,1.00000000e+00,2.50000199e+07,1.98772216e+01,5.18603468e-01,1.93586182e+01,1.00014522e-09
36,9.12327811e-01,2.89099238e-08,99,5,0,15,normal_corr_dominates,1.41822698e+00,1.00000000e+00,2.50000018e+07,1.79751590e+00,-4.29794342e+00,6.09545932e+00,1.00000361e-09
36,9.12327811e-01,2.89099238e-08,99,5,0,15,corr_ratio_high,1.94966067e+00,5.00000000e-01,2.50000018e+07,1.79751590e+00,-4.29794342e+00,6.09545932e+00,1.00000361e-09
36,9.12327811e-01,2.89099238e-08,99,5,1,16,normal_corr_dominates,2.45080903e+00,1.00000000e+00,2.50000062e+07,6.23549514e+00,-4.29794342e+00,1.05334386e+01,1.00016031e-09
36,9.12327811e-01,2.89099238e-08,99,5,2,17,normal_corr_dominates,1.27447451e+00,1.00000000e+00,2.49999902e+07,-9.77556274e+00,-4.29794342e+00,-5.47761932e+00,1.00017752e-09
36,9.12327811e-01,2.89099238e-08,99,6,0,18,normal_corr_dominates,2.40637073e+00,1.00000000e+00,2.50000050e+07,5.01513556e+00,-3.56601247e+00,8.58114804e+00,1.00013345e-09
36,9.12327811e-01,2.89099238e-08,99,6,1,19,normal_corr_dominates,1.61028230e+00,1.00000000e+00,2.49999907e+07,-9.30829923e+00,-3.56601247e+00,-5.74228676e+00,1.00015316e-09
36,9.12327811e-01,2.89099238e-08,99,6,2,20,normal_corr_dominates,1.02503666e+00,1.00000000e+00,2.49999928e+07,-7.22130600e+00,-3.56601247e+00,-3.65529352e+00,1.00015574e-09
36,9.12327811e-01,2.89099238e-08,99,7,0,21,normal_corr_dominates,2.14589113e+00,1.00000000e+00,2.50000012e+07,1.21604226e+00,3.86549378e-01,8.29492882e-01,1.00009964e-09
36,9.12327811e-01,2.89099238e-08,99,7,1,22,normal_corr_dominates,1.35534830e+01,1.00000000e+00,2.50000056e+07,5.62563979e+00,3.86549378e-01,5.23909042e+00,1.00011148e-09
36,9.12327811e-01,2.89099238e-08,99,7,2,23,normal_corr_dominates,3.00385902e+01,1.00000000e+00,2.49999888e+07,-1.12248490e+01,3.86549378e-01,-1.16113984e+01,1.00015567e-09
36,9.12327811e-01,2.89099238e-08,99,8,1,25,normal_corr_dominates,3.52885453e+00,1.00000000e+00,2.49999887e+07,-1.13066135e+01,-2.49657246e+00,-8.81004104e+00,1.00012716e-09
36,9.12327811e-01,2.89099238e-08,99,8,2,26,normal_corr_dominates,8.78907055e+00,1.00000000e+00,2.50000194e+07,1.94459790e+01,-2.49657246e+00,2.19425515e+01,1.00012001e-09
36,9.12327811e-01,2.89099238e-08,99,9,0,27,normal_corr_dominates,1.33353843e+00,1.00000000e+00,2.49999889e+07,-1.10808738e+01,-4.74852854e+00,-6.33234528e+00,1.00011392e-09
36,9.12327811e-01,2.89099238e-08,99,9,2,29,normal_corr_dominates,1.01522388e+00,1.00000000e+00,2.49999904e+07,-9.56934811e+00,-4.74852854e+00,-4.82081957e+00,1.00008615e-09
36,9.12327811e-01,2.89099238e-08,99,10,0,30,normal_corr_dominates,2.30748039e+01,1.00000000e+00,2.50000088e+07,8.78620631e+00,-3.98019676e-01,9.18422599e+00,1.00011353e-09
36,9.12327811e-01,2.89099238e-08,99,10,1,31,normal_corr_dominates,4.02878554e+01,1.00000000e+00,2.49999836e+07,-1.64333788e+01,-3.98019676e-01,-1.60353592e+01,1.00006407e-09
36,9.12327811e-01,2.89099238e-08,99,10,1,31,corr_ratio_high,1.18312657e+00,5.00000000e-01,2.49999836e+07,-1.64333788e+01,-3.98019676e-01,-1.60353592e+01,1.00006407e-09
36,9.12327811e-01,2.89099238e-08,99,10,2,32,normal_corr_dominates,3.37392198e+01,1.00000000e+00,2.49999862e+07,-1.38268930e+01,-3.98019676e-01,-1.34288734e+01,1.00017297e-09
36,9.12327811e-01,2.89099238e-08,99,11,0,33,normal_corr_dominates,9.59539009e+00,1.00000000e+00,2.50000180e+07,1.80040647e+01,-2.09461869e+00,2.00986834e+01,1.00014084e-09
36,9.12327811e-01,2.89099238e-08,99,11,1,34,normal_corr_dominates,9.98663869e+00,1.00000000e+00,2.49999770e+07,-2.30128187e+01,-2.09461869e+00,-2.09182000e+01,1.00011907e-09
36,9.12327811e-01,2.89099238e-08,99,11,2,35,normal_corr_dominates,7.47801082e+00,1.00000000e+00,2.49999822e+07,-1.77581999e+01,-2.09461869e+00,-1.56635812e+01,1.00013515e-09
36,9.12327811e-01,2.89099238e-08,99,12,0,36,normal_corr_dominates,1.04932488e+00,1.00000000e+00,2.49999998e+07,-1.99866867e-01,4.05204948e+00,-4.25191635e+00,1.00004332e-09
36,9.12327811e-01,2.89099238e-08,99,12,0,36,corr_ratio_high,1.48245428e+00,5.00000000e-01,2.49999998e+07,-1.99866867e-01,4.05204948e+00,-4.25191635e+00,1.00004332e-09
36,9.12327811e-01,2.89099238e-08,99,12,1,37,normal_corr_dominates,5.77154283e+00,1.00000000e+00,2.49999807e+07,-1.93345276e+01,4.05204948e+00,-2.33865771e+01,1.00011402e-09
36,9.12327811e-01,2.89099238e-08,99,12,2,38,normal_corr_dominates,5.54556089e+00,1.00000000e+00,2.50000265e+07,2.65229366e+01,4.05204948e+00,2.24708871e+01,1.00017458e-09
36,9.12327811e-01,2.89099238e-08,99,13,0,39,normal_corr_dominates,8.07037659e+00,1.00000000e+00,2.49999814e+07,-1.86352155e+01,-2.05451398e+00,-1.65807015e+01,1.00014207e-09
36,9.12327811e-01,2.89099238e-08,99,13,1,40,normal_corr_dominates,6.21618383e+00,1.00000000e+00,2.50000107e+07,1.07167226e+01,-2.05451398e+00,1.27712366e+01,1.00011906e-09
36,9.12327811e-01,2.89099238e-08,99,13,2,41,normal_corr_dominates,4.38014431e+00,1.00000000e+00,2.49999889e+07,-1.10535817e+01,-2.05451398e+00,-8.99906770e+00,1.00014096e-09
36,9.12327811e-01,2.89099238e-08,99,14,0,42,normal_corr_dominates,2.92804440e+00,1.00000000e+00,2.49999928e+07,-7.20877202e+00,3.73890353e+00,-1.09476756e+01,1.00008987e-09
36,9.12327811e-01,2.89099238e-08,99,14,1,43,normal_corr_dominates,1.48267805e+00,1.00000000e+00,2.50000093e+07,9.28249374e+00,3.73890353e+00,5.54359021e+00,1.00004407e-09
36,9.12327811e-01,2.89099238e-08,99,14,1,43,corr_ratio_high,1.29712035e+00,5.00000000e-01,2.50000093e+07,9.28249374e+00,3.73890353e+00,5.54359021e+00,1.00004407e-09
36,9.12327811e-01,2.89099238e-08,99,14,2,44,normal_corr_dominates,4.23292407e+00,1.00000000e+00,2.49999879e+07,-1.20875912e+01,3.73890353e+00,-1.58264947e+01,1.00019858e-09
36,9.12327811e-01,2.89099238e-08,99,14,2,44,corr_ratio_high,5.15964204e-01,5.00000000e-01,2.49999879e+07,-1.20875912e+01,3.73890353e+00,-1.58264947e+01,1.00019858e-09
37,9.36573006e-01,2.96782077e-08,99,0,0,0,normal_corr_dominates,6.49056491e+01,1.00000000e+00,2.49999692e+07,-3.07585142e+01,4.81311350e-01,-3.12398256e+01,1.00004544e-09
37,9.36573006e-01,2.96782077e-08,99,0,0,0,corr_ratio_high,1.32633537e+00,5.00000000e-01,2.49999692e+07,-3.07585142e+01,4.81311350e-01,-3.12398256e+01,1.00004544e-09
37,9.36573006e-01,2.96782077e-08,99,0,1,1,normal_corr_dominates,4.68737909e+01,1.00000000e+00,2.50000230e+07,2.30421989e+01,4.81311350e-01,2.25608876e+01,1.00016210e-09
37,9.36573006e-01,2.96782077e-08,99,0,2,2,normal_corr_dominates,1.61935978e+01,1.00000000e+00,2.49999927e+07,-7.31285105e+00,4.81311350e-01,-7.79416240e+00,1.00015567e-09
37,9.36573006e-01,2.96782077e-08,99,1,0,3,normal_corr_dominates,7.05897786e+00,1.00000000e+00,2.49999879e+07,-1.21286948e+01,2.00177242e+00,-1.41304672e+01,1.00008526e-09
37,9.36573006e-01,2.96782077e-08,99,1,0,3,corr_ratio_high,1.04287817e+00,5.00000000e-01,2.49999879e+07,-1.21286948e+01,2.00177242e+00,-1.41304672e+01,1.00008526e-09
37,9.36573006e-01,2.96782077e-08,99,1,2,5,normal_corr_dominates,3.28825955e+00,1.00000000e+00,2.49999954e+07,-4.58057485e+00,2.00177242e+00,-6.58234727e+00,1.00015853e-09
37,9.36573006e-01,2.96782077e-08,99,2,0,6,normal_corr_dominates,1.41534854e+00,1.00000000e+00,2.49999896e+07,-1.03911248e+01,-4.30212229e+00,-6.08900251e+00,1.00013199e-09
37,9.36573006e-01,2.96782077e-08,99,2,1,7,normal_corr_dominates,2.51486943e+00,1.00000000e+00,2.50000065e+07,6.51715355e+00,-4.30212229e+00,1.08192758e+01,1.00014684e-09
37,9.36573006e-01,2.96782077e-08,99,3,0,9,normal_corr_dominates,8.09430279e+00,1.00000000e+00,2.50000129e+07,1.28973080e+01,1.41817447e+00,1.14791336e+01,1.00014485e-09
37,9.36573006e-01,2.96782077e-08,99,3,1,10,normal_corr_dominates,1.60413516e+01,1.00000000e+00,2.50000242e+07,2.41676098e+01,1.41817447e+00,2.27494353e+01,1.00014143e-09
37,9.36573006e-01,2.96782077e-08,99,3,2,11,normal_corr_dominates,1.04872993e+01,1.00000000e+00,2.49999865e+07,-1.34546456e+01,1.41817447e+00,-1.48728201e+01,1.00013297e-09
37,9.36573006e-01,2.96782077e-08,99,4,0,12,normal_corr_dominates,1.05570187e+01,1.00000000e+00,2.50000061e+07,6.13151968e+00,5.30545103e-01,5.60097458e+00,1.00012064e-09
37,9.36573006e-01,2.96782077e-08,99,4,1,13,normal_corr_dominates,7.55132389e+00,1.00000000e+00,2.49999965e+07,-3.47577281e+00,5.30545103e-01,-4.00631792e+00,1.00008661e-09
37,9.36573006e-01,2.96782077e-08,99,4,1,13,corr_ratio_high,5.33173875e-01,5.00000000e-01,2.49999965e+07,-3.47577281e+00,5.30545103e-01,-4.00631792e+00,1.00008661e-09
37,9.36573006e-01,2.96782077e-08,99,4,2,14,normal_corr_dominates,3.73943958e+01,1.00000000e+00,2.50000204e+07,2.03699587e+01,5.30545103e-01,1.98394136e+01,1.00014881e-09
37,9.36573006e-01,2.96782077e-08,99,5,0,15,normal_corr_dominates,1.41825969e+00,1.00000000e+00,2.50000018e+07,1.84230965e+00,-4.40470281e+00,6.24701246e+00,1.00000371e-09
37,9.36573006e-01,2.96782077e-08,99,5,0,15,corr_ratio_high,1.94944950e+00,5.00000000e-01,2.50000018e+07,1.84230965e+00,-4.40470281e+00,6.24701246e+00,1.00000371e-09
37,9.36573006e-01,2.96782077e-08,99,5,1,16,normal_corr_dominates,2.45047410e+00,1.00000000e+00,2.50000064e+07,6.38890735e+00,-4.40470281e+00,1.07936102e+01,1.00016428e-09
37,9.36573006e-01,2.96782077e-08,99,5,2,17,normal_corr_dominates,1.27387343e+00,1.00000000e+00,2.49999900e+07,-1.00157367e+01,-4.40470281e+00,-5.61103388e+00,1.00018190e-09
37,9.36573006e-01,2.96782077e-08,99,6,0,18,normal_corr_dominates,2.40555725e+00,1.00000000e+00,2.50000051e+07,5.13736085e+00,-3.65503493e+00,8.79239578e+00,1.00013675e-09
37,9.36573006e-01,2.96782077e-08,99,6,1,19,normal_corr_dominates,1.60907488e+00,1.00000000e+00,2.49999905e+07,-9.53625981e+00,-3.65503493e+00,-5.88122489e+00,1.00015694e-09
37,9.36573006e-01,2.96782077e-08,99,6,2,20,normal_corr_dominates,1.02406464e+00,1.00000000e+00,2.49999926e+07,-7.39802695e+00,-3.65503493e+00,-3.74299202e+00,1.00015959e-09
37,9.36573006e-01,2.96782077e-08,99,7,0,21,normal_corr_dominates,2.14149331e+00,1.00000000e+00,2.50000012e+07,1.24388137e+00,3.95952258e-01,8.47929111e-01,1.00010210e-09
37,9.36573006e-01,2.96782077e-08,99,7,1,22,normal_corr_dominates,1.35594655e+01,1.00000000e+00,2.50000058e+07,5.76485324e+00,3.95952258e-01,5.36890098e+00,1.00011424e-09
37,9.36573006e-01,2.96782077e-08,99,7,2,23,normal_corr_dominates,3.00460701e+01,1.00000000e+00,2.49999885e+07,-1.15008570e+01,3.95952258e-01,-1.18968093e+01,1.00015952e-09
37,9.36573006e-01,2.96782077e-08,99,8,1,25,normal_corr_dominates,3.52738409e+00,1.00000000e+00,2.49999884e+07,-1.15855153e+01,-2.55898662e+00,-9.02652869e+00,1.00013030e-09
37,9.36573006e-01,2.96782077e-08,99,8,2,26,normal_corr_dominates,8.78735082e+00,1.00000000e+00,2.50000199e+07,1.99277265e+01,-2.55898662e+00,2.24867132e+01,1.00012297e-09
37,9.36573006e-01,2.96782077e-08,99,9,0,27,normal_corr_dominates,1.33368028e+00,1.00000000e+00,2.49999886e+07,-1.13555379e+01,-4.86593559e+00,-6.48960232e+00,1.00011674e-09
37,9.36573006e-01,2.96782077e-08,99,9,2,29,normal_corr_dominates,1.01503043e+00,1.00000000e+00,2.49999902e+07,-9.80500826e+00,-4.86593559e+00,-4.93907267e+00,1.00008828e-09
37,9.36573006e-01,2.96782077e-08,99,10,0,30,normal_corr_dominates,2.31152537e+01,1.00000000e+00,2.50000090e+07,9.00425072e+00,-4.07151139e-01,9.41140185e+00,1.00011633e-09
37,9.36573006e-01,2.96782077e-08,99,10,1,31,normal_corr_dominates,4.03568737e+01,1.00000000e+00,2.49999832e+07,-1.68384982e+01,-4.07151139e-01,-1.64313471e+01,1.00006567e-09
37,9.36573006e-01,2.96782077e-08,99,10,1,31,corr_ratio_high,1.18277286e+00,5.00000000e-01,2.49999832e+07,-1.68384982e+01,-4.07151139e-01,-1.64313471e+01,1.00006567e-09
37,9.36573006e-01,2.96782077e-08,99,10,2,32,normal_corr_dominates,3.37934234e+01,1.00000000e+00,2.49999858e+07,-1.41661820e+01,-4.07151139e-01,-1.37590308e+01,1.00017724e-09
37,9.36573006e-01,2.96782077e-08,99,11,0,33,normal_corr_dominates,9.59491922e+00,1.00000000e+00,2.50000185e+07,1.84512400e+01,-2.14676130e+00,2.05980013e+01,1.00014432e-09
37,9.36573006e-01,2.96782077e-08,99,11,1,34,normal_corr_dominates,9.98438039e+00,1.00000000e+00,2.49999764e+07,-2.35808427e+01,-2.14676130e+00,-2.14340814e+01,1.00012202e-09
37,9.36573006e-01,2.96782077e-08,99,11,2,35,normal_corr_dominates,7.47676747e+00,1.00000000e+00,2.49999818e+07,-1.81975964e+01,-2.14676130e+00,-1.60508351e+01,1.00013850e-09
37,9.36573006e-01,2.96782077e-08,99,12,0,36,normal_corr_dominates,1.04941949e+00,1.00000000e+00,2.49999998e+07,-2.05164381e-01,4.15148750e+00,-4.35665188e+00,1.00004439e-09
37,9.36573006e-01,2.96782077e-08,99,12,0,36,corr_ratio_high,1.48232695e+00,5.00000000e-01,2.49999998e+07,-2.05164381e-01,4.15148750e+00,-4.35665188e+00,1.00004439e-09
37,9.36573006e-01,2.96782077e-08,99,12,1,37,normal_corr_dominates,5.77282384e+00,1.00000000e+00,2.49999802e+07,-1.98143185e+01,4.15148750e+00,-2.39658060e+01,1.00011685e-09
37,9.36573006e-01,2.96782077e-08,99,12,2,38,normal_corr_dominates,5.54678861e+00,1.00000000e+00,2.50000272e+07,2.71789110e+01,4.15148750e+00,2.30274235e+01,1.00017889e-09
37,9.36573006e-01,2.96782077e-08,99,13,0,39,normal_corr_dominates,8.06812818e+00,1.00000000e+00,2.49999809e+07,-1.90953661e+01,-2.10576711e+00,-1.69895990e+01,1.00014559e-09
37,9.36573006e-01,2.96782077e-08,99,13,1,40,normal_corr_dominates,6.21478798e+00,1.00000000e+00,2.50000110e+07,1.09811290e+01,-2.10576711e+00,1.30868961e+01,1.00012201e-09
37,9.36573006e-01,2.96782077e-08,99,13,2,41,normal_corr_dominates,4.37831719e+00,1.00000000e+00,2.49999887e+07,-1.13254834e+01,-2.10576711e+00,-9.21971633e+00,1.00014444e-09
37,9.36573006e-01,2.96782077e-08,99,14,0,42,normal_corr_dominates,2.92864605e+00,1.00000000e+00,2.49999926e+07,-7.38766600e+00,3.83049342e+00,-1.12181594e+01,1.00009209e-09
37,9.36573006e-01,2.96782077e-08,99,14,1,43,normal_corr_dominates,1.48317552e+00,1.00000000e+00,2.50000095e+07,9.51178750e+00,3.83049342e+00,5.68129408e+00,1.00004517e-09
37,9.36573006e-01,2.96782077e-08,99,14,1,43,corr_ratio_high,1.29689754e+00,5.00000000e-01,2.50000095e+07,9.51178750e+00,3.83049342e+00,5.68129408e+00,1.00004517e-09
37,9.36573006e-01,2.96782077e-08,99,14,2,44,normal_corr_dominates,4.23353493e+00,1.00000000e+00,2.49999876e+07,-1.23860343e+01,3.83049342e+00,-1.62165277e+01,1.00020348e-09
37,9.36573006e-01,2.96782077e-08,99,14,2,44,corr_ratio_high,5.15946699e-01,5.00000000e-01,2.49999876e+07,-1.23860343e+01,3.83049342e+00,-1.62165277e+01,1.00020348e-09
38,9.58490893e-01,3.03727436e-08,99,0,0,0,normal_corr_dominates,6.49184201e+01,1.00000000e+00,2.49999686e+07,-3.14328726e+01,4.91765481e-01,-3.19246381e+01,1.00004643e-09
38,9.58490893e-01,3.03727436e-08,99,0,0,0,corr_ratio_high,1.32628327e+00,5.00000000e-01,2.49999686e+07,-3.14328726e+01,4.91765481e-01,-3.19246381e+01,1.00004643e-09
38,9.58490893e-01,3.03727436e-08,99,0,1,1,normal_corr_dominates,4.68733456e+01,1.00000000e+00,2.50000235e+07,2.35424588e+01,4.91765481e-01,2.30506933e+01,1.00016562e-09
38,9.58490893e-01,3.03727436e-08,99,0,2,2,normal_corr_dominates,1.61880190e+01,1.00000000e+00,2.49999925e+07,-7.46894346e+00,4.91765481e-01,-7.96070894e+00,1.00015906e-09
38,9.58490893e-01,3.03727436e-08,99,1,0,3,normal_corr_dominates,7.06088380e+00,1.00000000e+00,2.49999876e+07,-1.23973867e+01,2.04547506e+00,-1.44428617e+01,1.00008711e-09
38,9.58490893e-01,3.03727436e-08,99,1,0,3,corr_ratio_high,1.04293426e+00,5.00000000e-01,2.49999876e+07,-1.23973867e+01,2.04547506e+00,-1.44428617e+01,1.00008711e-09
38,9.58490893e-01,3.03727436e-08,99,1,2,5,normal_corr_dominates,3.28661174e+00,1.00000000e+00,2.49999953e+07,-4.67720730e+00,2.04547506e+00,-6.72268236e+00,1.00016198e-09
38,9.58490893e-01,3.03727436e-08,99,2,0,6,normal_corr_dominates,1.41533832e+00,1.00000000e+00,2.49999894e+07,-1.06197638e+01,-4.39680178e+00,-6.22296205e+00,1.00013486e-09
38,9.58490893e-01,3.03727436e-08,99,2,1,7,normal_corr_dominates,2.51410612e+00,1.00000000e+00,2.50000067e+07,6.65722449e+00,-4.39680178e+00,1.10540263e+01,1.00015004e-09
38,9.58490893e-01,3.03727436e-08,99,3,0,9,normal_corr_dominates,8.09181914e+00,1.00000000e+00,2.50000132e+07,1.31764579e+01,1.44926529e+00,1.17271927e+01,1.00014800e-09
38,9.58490893e-01,3.03727436e-08,99,3,1,10,normal_corr_dominates,1.60405327e+01,1.00000000e+00,2.50000247e+07,2.46962527e+01,1.44926529e+00,2.32469874e+01,1.00014451e-09
38,9.58490893e-01,3.03727436e-08,99,3,2,11,normal_corr_dominates,1.04852552e+01,1.00000000e+00,2.49999863e+07,-1.37466512e+01,1.44926529e+00,-1.51959165e+01,1.00013586e-09
38,9.58490893e-01,3.03727436e-08,99,4,0,12,normal_corr_dominates,1.05703534e+01,1.00000000e+00,2.50000063e+07,6.26272856e+00,5.41273747e-01,5.72145482e+00,1.00012327e-09
38,9.58490893e-01,3.03727436e-08,99,4,1,13,normal_corr_dominates,7.56480344e+00,1.00000000e+00,2.49999964e+07,-3.55335576e+00,5.41273747e-01,-4.09462950e+00,1.00008850e-09
38,9.58490893e-01,3.03727436e-08,99,4,1,13,corr_ratio_high,5.33032211e-01,5.00000000e-01,2.49999964e+07,-3.55335576e+00,5.41273747e-01,-4.09462950e+00,1.00008850e-09
38,9.58490893e-01,3.03727436e-08,99,4,2,14,normal_corr_dominates,3.74545072e+01,1.00000000e+00,2.50000208e+07,2.08144152e+01,5.41273747e-01,2.02731415e+01,1.00015204e-09
38,9.58490893e-01,3.03727436e-08,99,5,0,15,normal_corr_dominates,1.41828484e+00,1.00000000e+00,2.50000019e+07,1.88271331e+00,-4.50103165e+00,6.38374496e+00,1.00000379e-09
38,9.58490893e-01,3.03727436e-08,99,5,0,15,corr_ratio_high,1.94926228e+00,5.00000000e-01,2.50000019e+07,1.88271331e+00,-4.50103165e+00,6.38374496e+00,1.00000379e-09
38,9.58490893e-01,3.03727436e-08,99,5,1,16,normal_corr_dominates,2.45016416e+00,1.00000000e+00,2.50000065e+07,6.52723477e+00,-4.50103165e+00,1.10282664e+01,1.00016785e-09
38,9.58490893e-01,3.03727436e-08,99,5,2,17,normal_corr_dominates,1.27333411e+00,1.00000000e+00,2.49999898e+07,-1.02323488e+01,-4.50103165e+00,-5.73131713e+00,1.00018585e-09
38,9.58490893e-01,3.03727436e-08,99,6,0,18,normal_corr_dominates,2.40482146e+00,1.00000000e+00,2.50000052e+07,5.24753317e+00,-3.73537374e+00,8.98290690e+00,1.00013973e-09
38,9.58490893e-01,3.03727436e-08,99,6,1,19,normal_corr_dominates,1.60799167e+00,1.00000000e+00,2.49999903e+07,-9.74182359e+00,-3.73537374e+00,-6.00644985e+00,1.00016036e-09
38,9.58490893e-01,3.03727436e-08,99,6,2,20,normal_corr_dominates,1.02319628e+00,1.00000000e+00,2.49999924e+07,-7.55739423e+00,-3.73537374e+00,-3.82202050e+00,1.00016306e-09
38,9.58490893e-01,3.03727436e-08,99,7,0,21,normal_corr_dominates,2.13763022e+00,1.00000000e+00,2.50000013e+07,1.26889748e+00,4.04412692e-01,8.64484792e-01,1.00010432e-09
38,9.58490893e-01,3.03727436e-08,99,7,1,22,normal_corr_dominates,1.35653657e+01,1.00000000e+00,2.50000059e+07,5.89041876e+00,4.04412692e-01,5.48600607e+00,1.00011673e-09
38,9.58490893e-01,3.03727436e-08,99,7,2,23,normal_corr_dominates,3.00539542e+01,1.00000000e+00,2.49999883e+07,-1.17497878e+01,4.04412692e-01,-1.21542005e+01,1.00016299e-09
38,9.58490893e-01,3.03727436e-08,99,8,1,25,normal_corr_dominates,3.52604787e+00,1.00000000e+00,2.49999882e+07,-1.18370614e+01,-2.61531954e+00,-9.22174187e+00,1.00013314e-09
38,9.58490893e-01,3.03727436e-08,99,8,2,26,normal_corr_dominates,8.78576467e+00,1.00000000e+00,2.50000204e+07,2.03622624e+01,-2.61531954e+00,2.29775820e+01,1.00012565e-09
38,9.58490893e-01,3.03727436e-08,99,9,0,27,normal_corr_dominates,1.33380322e+00,1.00000000e+00,2.49999884e+07,-1.16033167e+01,-4.97184879e+00,-6.63146794e+00,1.00011928e-09
38,9.58490893e-01,3.03727436e-08,99,9,2,29,normal_corr_dominates,1.01485445e+00,1.00000000e+00,2.49999900e+07,-1.00175516e+01,-4.97184879e+00,-5.04570285e+00,1.00009021e-09
38,9.58490893e-01,3.03727436e-08,99,10,0,30,normal_corr_dominates,2.31504467e+01,1.00000000e+00,2.50000092e+07,9.20093938e+00,-4.15383921e-01,9.61632330e+00,1.00011886e-09
38,9.58490893e-01,3.03727436e-08,99,10,1,31,normal_corr_dominates,4.04168151e+01,1.00000000e+00,2.49999828e+07,-1.72038790e+01,-4.15383921e-01,-1.67884951e+01,1.00006711e-09
38,9.58490893e-01,3.03727436e-08,99,10,1,31,corr_ratio_high,1.18245796e+00,5.00000000e-01,2.49999828e+07,-1.72038790e+01,-4.15383921e-01,-1.67884951e+01,1.00006711e-09
38,9.58490893e-01,3.03727436e-08,99,10,2,32,normal_corr_dominates,3.38404529e+01,1.00000000e+00,2.49999855e+07,-1.44721639e+01,-4.15383921e-01,-1.40567800e+01,1.00018109e-09
38,9.58490893e-01,3.03727436e-08,99,11,0,33,normal_corr_dominates,9.59440472e+00,1.00000000e+00,2.50000189e+07,1.88545946e+01,-2.19382205e+00,2.10484167e+01,1.00014746e-09
38,9.58490893e-01,3.03727436e-08,99,11,1,34,normal_corr_dominates,9.98227597e+00,1.00000000e+00,2.49999759e+07,-2.40931592e+01,-2.19382205e+00,-2.18993372e+01,1.00012469e-09
38,9.58490893e-01,3.03727436e-08,99,11,2,35,normal_corr_dominates,7.47559021e+00,1.00000000e+00,2.49999814e+07,-1.85939367e+01,-2.19382205e+00,-1.64001147e+01,1.00014151e-09
38,9.58490893e-01,3.03727436e-08,99,12,0,36,normal_corr_dominates,1.04950595e+00,1.00000000e+00,2.49999998e+07,-2.09961719e-01,4.24114093e+00,-4.45110264e+00,1.00004536e-09
38,9.58490893e-01,3.03727436e-08,99,12,0,36,corr_ratio_high,1.48221293e+00,5.00000000e-01,2.49999998e+07,-2.09961719e-01,4.24114093e+00,-4.45110264e+00,1.00004536e-09
38,9.58490893e-01,3.03727436e-08,99,12,1,37,normal_corr_dominates,5.77398563e+00,1.00000000e+00,2.49999798e+07,-2.02471458e+01,4.24114093e+00,-2.44882868e+01,1.00011940e-09
38,9.58490893e-01,3.03727436e-08,99,12,2,38,normal_corr_dominates,5.54790063e+00,1.00000000e+00,2.50000278e+07,2.77705693e+01,4.24114093e+00,2.35294284e+01,1.00018278e-09
38,9.58490893e-01,3.03727436e-08,99,13,0,39,normal_corr_dominates,8.06604870e+00,1.00000000e+00,2.49999805e+07,-1.95104019e+01,-2.15202924e+00,-1.73583727e+01,1.00014876e-09
38,9.58490893e-01,3.03727436e-08,99,13,1,40,normal_corr_dominates,6.21348817e+00,1.00000000e+00,2.50000112e+07,1.12195790e+01,-2.15202924e+00,1.33716082e+01,1.00012467e-09
38,9.58490893e-01,3.03727436e-08,99,13,2,41,normal_corr_dominates,4.37664729e+00,1.00000000e+00,2.49999884e+07,-1.15707022e+01,-2.15202924e+00,-9.41867294e+00,1.00014759e-09
38,9.58490893e-01,3.03727436e-08,99,14,0,42,normal_corr_dominates,2.92918838e+00,1.00000000e+00,2.49999925e+07,-7.54904739e+00,3.91306909e+00,-1.14621165e+01,1.00009410e-09
38,9.58490893e-01,3.03727436e-08,99,14,1,43,normal_corr_dominates,1.48362396e+00,1.00000000e+00,2.50000097e+07,9.71859214e+00,3.91306909e+00,5.80552305e+00,1.00004616e-09
38,9.58490893e-01,3.03727436e-08,99,14,1,43,corr_ratio_high,1.29669855e+00,5.00000000e-01,2.50000097e+07,9.71859214e+00,3.91306909e+00,5.80552305e+00,1.00004616e-09
38,9.58490893e-01,3.03727436e-08,99,14,2,44,normal_corr_dominates,4.23409425e+00,1.00000000e+00,2.49999873e+07,-1.26552342e+01,3.91306909e+00,-1.65683033e+01,1.00020790e-09
38,9.58490893e-01,3.03727436e-08,99,14,2,44,corr_ratio_high,5.15930978e-01,5.00000000e-01,2.49999873e+07,-1.26552342e+01,3.91306909e+00,-1.65683033e+01,1.00020790e-09
39,9.80231909e-01,3.10616748e-08,99,0,0,0,normal_corr_dominates,6.49331570e+01,1.00000000e+00,2.49999679e+07,-3.21005724e+01,5.02095843e-01,-3.26026682e+01,1.00004740e-09
39,9.80231909e-01,3.10616748e-08,99,0,0,0,corr_ratio_high,1.32623208e+00,5.00000000e-01,2.49999679e+07,-3.21005724e+01,5.02095843e-01,-3.26026682e+01,1.00004740e-09
39,9.80231909e-01,3.10616748e-08,99,0,1,1,normal_corr_dominates,4.68745143e+01,1.00000000e+00,2.50000240e+07,2.40375946e+01,5.02095843e-01,2.35354988e+01,1.00016911e-09
39,9.80231909e-01,3.10616748e-08,99,0,2,2,normal_corr_dominates,1.61831034e+01,1.00000000e+00,2.49999924e+07,-7.62337310e+00,5.02095843e-01,-8.12546894e+00,1.00016242e-09
39,9.80231909e-01,3.10616748e-08,99,1,0,3,normal_corr_dominates,7.06280709e+00,1.00000000e+00,2.49999873e+07,-1.26635187e+01,2.08872202e+00,-1.47522407e+01,1.00008895e-09
39,9.80231909e-01,3.10616748e-08,99,1,0,3,corr_ratio_high,1.04298817e+00,5.00000000e-01,2.49999873e+07,-1.26635187e+01,2.08872202e+00,-1.47522407e+01,1.00008895e-09
39,9.80231909e-01,3.10616748e-08,99,1,2,5,normal_corr_dominates,3.28502820e+00,1.00000000e+00,2.49999952e+07,-4.77278873e+00,2.08872202e+00,-6.86151076e+00,1.00016539e-09
39,9.80231909e-01,3.10616748e-08,99,2,0,6,normal_corr_dominates,1.41532329e+00,1.00000000e+00,2.49999892e+07,-1.08461761e+01,-4.49056909e+00,-6.35560701e+00,1.00013771e-09
39,9.80231909e-01,3.10616748e-08,99,2,1,7,normal_corr_dominates,2.51335250e+00,1.00000000e+00,2.50000068e+07,6.79581396e+00,-4.49056909e+00,1.12863831e+01,1.00015320e-09
39,9.80231909e-01,3.10616748e-08,99,3,0,9,normal_corr_dominates,8.08947657e+00,1.00000000e+00,2.50000135e+07,1.34527152e+01,1.48003189e+00,1.19726833e+01,1.00015112e-09
39,9.80231909e-01,3.10616748e-08,99,3,1,10,normal_corr_dominates,1.60398899e+01,1.00000000e+00,2.50000252e+07,2.52195804e+01,1.48003189e+00,2.37395485e+01,1.00014755e-09
39,9.80231909e-01,3.10616748e-08,99,3,2,11,normal_corr_dominates,1.04833611e+01,1.00000000e+00,2.49999860e+07,-1.40356769e+01,1.48003189e+00,-1.55157088e+01,1.00013873e-09
39,9.80231909e-01,3.10616748e-08,99,4,0,12,normal_corr_dominates,1.05837286e+01,1.00000000e+00,2.50000064e+07,6.39252877e+00,5.51854157e-01,5.84067462e+00,1.00012587e-09
39,9.80231909e-01,3.10616748e-08,99,4,1,13,normal_corr_dominates,7.57824487e+00,1.00000000e+00,2.49999964e+07,-3.63023178e+00,5.51854157e-01,-4.18208593e+00,1.00009038e-09
39,9.80231909e-01,3.10616748e-08,99,4,1,13,corr_ratio_high,5.32893649e-01,5.00000000e-01,2.49999964e+07,-3.63023178e+00,5.51854157e-01,-4.18208593e+00,1.00009038e-09
39,9.80231909e-01,3.10616748e-08,99,4,2,14,normal_corr_dominates,3.75144917e+01,1.00000000e+00,2.50000213e+07,2.12543824e+01,5.51854157e-01,2.07025282e+01,1.00015524e-09
39,9.80231909e-01,3.10616748e-08,99,5,0,15,normal_corr_dominates,1.41830585e+00,1.00000000e+00,2.50000019e+07,1.92270770e+00,-4.59641594e+00,6.51912364e+00,1.00000388e-09
39,9.80231909e-01,3.10616748e-08,99,5,0,15,corr_ratio_high,1.94907991e+00,5.00000000e-01,2.50000019e+07,1.92270770e+00,-4.59641594e+00,6.51912364e+00,1.00000388e-09
39,9.80231909e-01,3.10616748e-08,99,5,1,16,normal_corr_dominates,2.44985049e+00,1.00000000e+00,2.50000067e+07,6.66411589e+00,-4.59641594e+00,1.12605318e+01,1.00017140e-09
39,9.80231909e-01,3.10616748e-08,99,5,2,17,normal_corr_dominates,1.27280291e+00,1.00000000e+00,2.49999896e+07,-1.04467475e+01,-4.59641594e+00,-5.85033158e+00,1.00018976e-09
39,9.80231909e-01,3.10616748e-08,99,6,0,18,normal_corr_dominates,2.40409154e+00,1.00000000e+00,2.50000054e+07,5.35652166e+00,-3.81493764e+00,9.17145930e+00,1.00014268e-09
39,9.80231909e-01,3.10616748e-08,99,6,1,19,normal_corr_dominates,1.60692505e+00,1.00000000e+00,2.49999901e+07,-9.94525649e+00,-3.81493764e+00,-6.13031885e+00,1.00016374e-09
39,9.80231909e-01,3.10616748e-08,99,6,2,20,normal_corr_dominates,1.02234442e+00,1.00000000e+00,2.49999923e+07,-7.71511785e+00,-3.81493764e+00,-3.90018021e+00,1.00016649e-09
39,9.80231909e-01,3.10616748e-08,99,7,0,21,normal_corr_dominates,2.13389880e+00,1.00000000e+00,2.50000013e+07,1.29357306e+00,4.12767975e-01,8.80805085e-01,1.00010652e-09
39,9.80231909e-01,3.10616748e-08,99,7,1,22,normal_corr_dominates,1.35716475e+01,1.00000000e+00,2.50000060e+07,6.01470945e+00,4.12767975e-01,5.60194147e+00,1.00011919e-09
39,9.80231909e-01,3.10616748e-08,99,7,2,23,normal_corr_dominates,3.00627560e+01,1.00000000e+00,2.49999880e+07,-1.19961749e+01,4.12767975e-01,-1.24089429e+01,1.00016642e-09
39,9.80231909e-01,3.10616748e-08,99,8,1,25,normal_corr_dominates,3.52471679e+00,1.00000000e+00,2.49999879e+07,-1.20860415e+01,-2.67111558e+00,-9.41492593e+00,1.00013594e-09
39,9.80231909e-01,3.10616748e-08,99,8,2,26,normal_corr_dominates,8.78416408e+00,1.00000000e+00,2.50000208e+07,2.07924019e+01,-2.67111558e+00,2.34635175e+01,1.00012830e-09
39,9.80231909e-01,3.10616748e-08,99,9,0,27,normal_corr_dominates,1.33392047e+00,1.00000000e+00,2.49999882e+07,-1.18486186e+01,-5.07670196e+00,-6.77191665e+00,1.00012179e-09
39,9.80231909e-01,3.10616748e-08,99,9,2,29,normal_corr_dominates,1.01467905e+00,1.00000000e+00,2.49999898e+07,-1.02279251e+01,-5.07670196e+00,-5.15122312e+00,1.00009212e-09
39,9.80231909e-01,3.10616748e-08,99,10,0,30,normal_corr_dominates,2.31841259e+01,1.00000000e+00,2.50000094e+07,9.39564991e+00,-4.23530319e-01,9.81918023e+00,1.00012137e-09
39,9.80231909e-01,3.10616748e-08,99,10,1,31,normal_corr_dominates,4.04740795e+01,1.00000000e+00,2.49999824e+07,-1.75655301e+01,-4.23530319e-01,-1.71419998e+01,1.00006853e-09
39,9.80231909e-01,3.10616748e-08,99,10,1,31,corr_ratio_high,1.18215001e+00,5.00000000e-01,2.49999824e+07,-1.75655301e+01,-4.23530319e-01,-1.71419998e+01,1.00006853e-09
39,9.80231909e-01,3.10616748e-08,99,10,2,32,normal_corr_dominates,3.38853403e+01,1.00000000e+00,2.49999852e+07,-1.47749993e+01,-4.23530319e-01,-1.43514690e+01,1.00018491e-09
39,9.80231909e-01,3.10616748e-08,99,11,0,33,normal_corr_dominates,9.59381632e+00,1.00000000e+00,2.50000193e+07,1.92538702e+01,-2.24043306e+00,2.14943033e+01,1.00015056e-09
39,9.80231909e-01,3.10616748e-08,99,11,1,34,normal_corr_dominates,9.98013412e+00,1.00000000e+00,2.49999754e+07,-2.46002555e+01,-2.24043306e+00,-2.23598225e+01,1.00012732e-09
39,9.80231909e-01,3.10616748e-08,99,11,2,35,normal_corr_dominates,7.47437607e+00,1.00000000e+00,2.49999810e+07,-1.89862723e+01,-2.24043306e+00,-1.67458393e+01,1.00014450e-09
39,9.80231909e-01,3.10616748e-08,99,12,0,36,normal_corr_dominates,1.04959251e+00,1.00000000e+00,2.49999998e+07,-2.14728163e-01,4.32985059e+00,-4.54457875e+00,1.00004632e-09
39,9.80231909e-01,3.10616748e-08,99,12,0,36,corr_ratio_high,1.48210083e+00,5.00000000e-01,2.49999998e+07,-2.14728163e-01,4.32985059e+00,-4.54457875e+00,1.00004632e-09
39,9.80231909e-01,3.10616748e-08,99,12,1,37,normal_corr_dominates,5.77514093e+00,1.00000000e+00,2.49999793e+07,-2.06756468e+01,4.32985059e+00,-2.50054974e+01,1.00012193e-09
39,9.80231909e-01,3.10616748e-08,99,12,2,38,normal_corr_dominates,5.54900515e+00,1.00000000e+00,2.50000284e+07,2.83562138e+01,4.32985059e+00,2.40263633e+01,1.00018663e-09
39,9.80231909e-01,3.10616748e-08,99,13,0,39,normal_corr_dominates,8.06394530e+00,1.00000000e+00,2.49999801e+07,-1.99212213e+01,-2.19785321e+00,-1.77233681e+01,1.00015190e-09
39,9.80231909e-01,3.10616748e-08,99,13,1,40,normal_corr_dominates,6.21216577e+00,1.00000000e+00,2.50000115e+07,1.14555753e+01,-2.19785321e+00,1.36534285e+01,1.00012730e-09
39,9.80231909e-01,3.10616748e-08,99,13,2,41,normal_corr_dominates,4.37497551e+00,1.00000000e+00,2.49999882e+07,-1.18134072e+01,-2.19785321e+00,-9.61555397e+00,1.00015070e-09
39,9.80231909e-01,3.10616748e-08,99,14,0,42,normal_corr_dominates,2.92972471e+00,1.00000000e+00,2.49999923e+07,-7.70881384e+00,3.99477386e+00,-1.17035877e+01,1.00009609e-09
39,9.80231909e-01,3.10616748e-08,99,14,1,43,normal_corr_dominates,1.48406745e+00,1.00000000e+00,2.50000099e+07,9.92328770e+00,3.99477386e+00,5.92851384e+00,1.00004714e-09
39,9.80231909e-01,3.10616748e-08,99,14,1,43,corr_ratio_high,1.29650340e+00,5.00000000e-01,2.50000099e+07,9.92328770e+00,3.99477386e+00,5.92851384e+00,1.00004714e-09
39,9.80231909e-01,3.10616748e-08,99,14,2,44,normal_corr_dominates,4.23465507e+00,1.00000000e+00,2.49999871e+07,-1.29217155e+01,3.99477386e+00,-1.69164894e+01,1.00021227e-09
39,9.80231909e-01,3.10616748e-08,99,14,2,44,corr_ratio_high,5.15915481e-01,5.00000000e-01,2.49999871e+07,-1.29217155e+01,3.99477386e+00,-1.69164894e+01,1.00021227e-09
40,1.00410252e+00,3.18180888e-08,99,0,0,0,normal_corr_dominates,6.49515666e+01,1.00000000e+00,2.49999672e+07,-3.28323081e+01,5.13393336e-01,-3.33457014e+01,1.00004847e-09
40,1.00410252e+00,3.18180888e-08,99,0,0,0,corr_ratio_high,1.32617644e+00,5.00000000e-01,2.49999672e+07,-3.28323081e+01,5.13393336e-01,-3.33457014e+01,1.00004847e-09
40,1.00410252e+00,3.18180888e-08,99,0,1,1,normal_corr_dominates,4.68775375e+01,1.00000000e+00,2.50000246e+07,2.45800087e+01,5.13393336e-01,2.40666154e+01,1.00017294e-09
40,1.00410252e+00,3.18180888e-08,99,0,2,2,normal_corr_dominates,1.61783768e+01,1.00000000e+00,2.49999922e+07,-7.79247751e+00,5.13393336e-01,-8.30587085e+00,1.00016610e-09
40,1.00410252e+00,3.18180888e-08,99,1,0,3,normal_corr_dominates,7.06495283e+00,1.00000000e+00,2.49999870e+07,-1.29552788e+01,2.13608896e+00,-1.50913678e+01,1.00009096e-09
40,1.00410252e+00,3.18180888e-08,99,1,0,3,corr_ratio_high,1.04304545e+00,5.00000000e-01,2.49999870e+07,-1.29552788e+01,2.13608896e+00,-1.50913678e+01,1.00009096e-09
40,1.00410252e+00,3.18180888e-08,99,1,2,5,normal_corr_dominates,3.28334527e+00,1.00000000e+00,2.49999951e+07,-4.87742862e+00,2.13608896e+00,-7.01351759e+00,1.00016913e-09
40,1.00410252e+00,3.18180888e-08,99,2,0,6,normal_corr_dominates,1.41530149e+00,1.00000000e+00,2.49999889e+07,-1.10943376e+01,-4.59335516e+00,-6.50098242e+00,1.00014083e-09
40,1.00410252e+00,3.18180888e-08,99,2,1,7,normal_corr_dominates,2.51252924e+00,1.00000000e+00,2.50000069e+07,6.94758400e+00,-4.59335516e+00,1.15409392e+01,1.00015667e-09
40,1.00410252e+00,3.18180888e-08,99,3,0,9,normal_corr_dominates,8.08703640e+00,1.00000000e+00,2.50000138e+07,1.37553132e+01,1.51372930e+00,1.22415839e+01,1.00015453e-09
40,1.00410252e+00,3.18180888e-08,99,3,1,10,normal_corr_dominates,1.60393672e+01,1.00000000e+00,2.50000258e+07,2.57929893e+01,1.51372930e+00,2.42792600e+01,1.00015089e-09
40,1.00410252e+00,3.18180888e-08,99,3,2,11,normal_corr_dominates,1.04814267e+01,1.00000000e+00,2.49999856e+07,-1.43523133e+01,1.51372930e+00,-1.58660426e+01,1.00014188e-09
40,1.00410252e+00,3.18180888e-08,99,4,0,12,normal_corr_dominates,1.05985716e+01,1.00000000e+00,2.50000065e+07,6.53465002e+00,5.63401273e-01,5.97124874e+00,1.00012872e-09
40,1.00410252e+00,3.18180888e-08,99,4,1,13,normal_corr_dominates,7.59307688e+00,1.00000000e+00,2.49999963e+07,-3.71454791e+00,5.63401273e-01,-4.27794918e+00,1.00009244e-09
40,1.00410252e+00,3.18180888e-08,99,4,1,13,corr_ratio_high,5.32743692e-01,5.00000000e-01,2.49999963e+07,-3.71454791e+00,5.63401273e-01,-4.27794918e+00,1.00009244e-09
40,1.00410252e+00,3.18180888e-08,99,4,2,14,normal_corr_dominates,3.75807269e+01,1.00000000e+00,2.50000217e+07,2.17364307e+01,5.63401273e-01,2.11730294e+01,1.00015875e-09
40,1.00410252e+00,3.18180888e-08,99,5,0,15,normal_corr_dominates,1.41832464e+00,1.00000000e+00,2.50000020e+07,1.96652576e+00,-4.70095607e+00,6.66748183e+00,1.00000397e-09
40,1.00410252e+00,3.18180888e-08,99,5,0,15,corr_ratio_high,1.94888340e+00,5.00000000e-01,2.50000020e+07,1.96652576e+00,-4.70095607e+00,6.66748183e+00,1.00000397e-09
40,1.00410252e+00,3.18180888e-08,99,5,1,16,normal_corr_dominates,2.44949948e+00,1.00000000e+00,2.50000068e+07,6.81403339e+00,-4.70095607e+00,1.15149895e+01,1.00017528e-09
40,1.00410252e+00,3.18180888e-08,99,5,2,17,normal_corr_dominates,1.27222397e+00,1.00000000e+00,2.49999893e+07,-1.06816251e+01,-4.70095607e+00,-5.98066898e+00,1.00019404e-09
40,1.00410252e+00,3.18180888e-08,99,6,0,18,normal_corr_dominates,2.40329040e+00,1.00000000e+00,2.50000055e+07,5.47585427e+00,-3.90215329e+00,9.37800756e+00,1.00014592e-09
40,1.00410252e+00,3.18180888e-08,99,6,1,19,normal_corr_dominates,1.60576299e+00,1.00000000e+00,2.49999898e+07,-1.01680866e+01,-3.90215329e+00,-6.26593335e+00,1.00016744e-09
40,1.00410252e+00,3.18180888e-08,99,6,2,20,normal_corr_dominates,1.02141977e+00,1.00000000e+00,2.49999921e+07,-7.88788982e+00,-3.90215329e+00,-3.98573653e+00,1.00017025e-09
40,1.00410252e+00,3.18180888e-08,99,7,0,21,normal_corr_dominates,2.12991162e+00,1.00000000e+00,2.50000013e+07,1.32050966e+00,4.21899983e-01,8.98609679e-01,1.00010893e-09
40,1.00410252e+00,3.18180888e-08,99,7,1,22,normal_corr_dominates,1.35790024e+01,1.00000000e+00,2.50000062e+07,6.15088085e+00,4.21899983e-01,5.72898087e+00,1.00012189e-09
40,1.00410252e+00,3.18180888e-08,99,7,2,23,normal_corr_dominates,3.00734687e+01,1.00000000e+00,2.49999877e+07,-1.22660959e+01,4.21899983e-01,-1.26879959e+01,1.00017019e-09
40,1.00410252e+00,3.18180888e-08,99,8,1,25,normal_corr_dominates,3.52324983e+00,1.00000000e+00,2.49999876e+07,-1.23588076e+01,-2.73228498e+00,-9.62652260e+00,1.00013902e-09
40,1.00410252e+00,3.18180888e-08,99,8,2,26,normal_corr_dominates,8.78237795e+00,1.00000000e+00,2.50000213e+07,2.12636744e+01,-2.73228498e+00,2.39959594e+01,1.00013120e-09
40,1.00410252e+00,3.18180888e-08,99,9,0,27,normal_corr_dominates,1.33404405e+00,1.00000000e+00,2.49999879e+07,-1.21174123e+01,-5.19159537e+00,-6.92581690e+00,1.00012455e-09
40,1.00410252e+00,3.18180888e-08,99,9,2,29,normal_corr_dominates,1.01448571e+00,1.00000000e+00,2.49999895e+07,-1.04583947e+01,-5.19159537e+00,-5.26679929e+00,1.00009421e-09
40,1.00410252e+00,3.18180888e-08,99,10,0,30,normal_corr_dominates,2.32197577e+01,1.00000000e+00,2.50000096e+07,9.60899355e+00,-4.32452670e-01,1.00414462e+01,1.00012412e-09
40,1.00410252e+00,3.18180888e-08,99,10,1,31,normal_corr_dominates,4.05345536e+01,1.00000000e+00,2.49999820e+07,-1.79617286e+01,-4.32452670e-01,-1.75292759e+01,1.00007009e-09
40,1.00410252e+00,3.18180888e-08,99,10,1,31,corr_ratio_high,1.18181683e+00,5.00000000e-01,2.49999820e+07,-1.79617286e+01,-4.32452670e-01,-1.75292759e+01,1.00007009e-09
40,1.00410252e+00,3.18180888e-08,99,10,2,32,normal_corr_dominates,3.39326969e+01,1.00000000e+00,2.49999849e+07,-1.51067380e+01,-4.32452670e-01,-1.46742854e+01,1.00018909e-09
40,1.00410252e+00,3.18180888e-08,99,11,0,33,normal_corr_dominates,9.59308643e+00,1.00000000e+00,2.50000197e+07,1.96913288e+01,-2.29153157e+00,2.19828604e+01,1.00015396e-09
40,1.00410252e+00,3.18180888e-08,99,11,1,34,normal_corr_dominates,9.97772503e+00,1.00000000e+00,2.49999748e+07,-2.51558035e+01,-2.29153157e+00,-2.28642719e+01,1.00013021e-09
40,1.00410252e+00,3.18180888e-08,99,11,2,35,normal_corr_dominates,7.47299369e+00,1.00000000e+00,2.49999806e+07,-1.94161325e+01,-2.29153157e+00,-1.71246009e+01,1.00014777e-09
40,1.00410252e+00,3.18180888e-08,99,12,0,36,normal_corr_dominates,1.04968836e+00,1.00000000e+00,2.49999998e+07,-2.19970448e-01,4.42700175e+00,-4.64697220e+00,1.00004737e-09
40,1.00410252e+00,3.18180888e-08,99,12,0,36,corr_ratio_high,1.48197889e+00,5.00000000e-01,2.49999998e+07,-2.19970448e-01,4.42700175e+00,-4.64697220e+00,1.00004737e-09
40,1.00410252e+00,3.18180888e-08,99,12,1,37,normal_corr_dominates,5.77641203e+00,1.00000000e+00,2.49999789e+07,-2.11451844e+01,4.42700175e+00,-2.55721862e+01,1.00012470e-09
40,1.00410252e+00,3.18180888e-08,99,12,2,38,normal_corr_dominates,5.55021897e+00,1.00000000e+00,2.50000290e+07,2.89978308e+01,4.42700175e+00,2.45708291e+01,1.00019085e-09
40,1.00410252e+00,3.18180888e-08,99,13,0,39,normal_corr_dominates,8.06159278e+00,1.00000000e+00,2.49999796e+07,-2.03713075e+01,-2.24809347e+00,-1.81232141e+01,1.00015534e-09
40,1.00410252e+00,3.18180888e-08,99,13,1,40,normal_corr_dominates,6.21067863e+00,1.00000000e+00,2.50000117e+07,1.17140926e+01,-2.24809347e+00,1.39621860e+01,1.00013018e-09
40,1.00410252e+00,3.18180888e-08,99,13,2,41,normal_corr_dominates,4.37312417e+00,1.00000000e+00,2.49999879e+07,-1.20792854e+01,-2.24809347e+00,-9.83119188e+00,1.00015411e-09
40,1.00410252e+00,3.18180888e-08,99,14,0,42,normal_corr_dominates,2.93031158e+00,1.00000000e+00,2.49999921e+07,-7.88387856e+00,4.08425181e+00,-1.19681304e+01,1.00009827e-09
40,1.00410252e+00,3.18180888e-08,99,14,1,43,normal_corr_dominates,1.48455270e+00,1.00000000e+00,2.50000101e+07,1.01475389e+01,4.08425181e+00,6.06328707e+00,1.00004821e-09
40,1.00410252e+00,3.18180888e-08,99,14,1,43,corr_ratio_high,1.29629165e+00,5.00000000e-01,2.50000101e+07,1.01475389e+01,4.08425181e+00,6.06328707e+00,1.00004821e-09
40,1.00410252e+00,3.18180888e-08,99,14,2,44,normal_corr_dominates,4.23527703e+00,1.00000000e+00,2.49999868e+07,-1.32136861e+01,4.08425181e+00,-1.72979379e+01,1.00021707e-09
40,1.00410252e+00,3.18180888e-08,99,14,2,44,corr_ratio_high,5.15898577e-01,5.00000000e-01,2.49999868e+07,-1.32136861e+01,4.08425181e+00,-1.72979379e+01,1.00021707e-09
41,1.03006898e+00,3.26409163e-08,99,0,0,0,normal_corr_dominates,6.49740721e+01,1.00000000e+00,2.49999664e+07,-3.36267002e+01,5.25630136e-01,-3.41523303e+01,1.00004964e-09
41,1.03006898e+00,3.26409163e-08,99,0,0,0,corr_ratio_high,1.32611658e+00,5.00000000e-01,2.49999664e+07,-3.36267002e+01,5.25630136e-01,-3.41523303e+01,1.00004964e-09
41,1.03006898e+00,3.26409163e-08,99,0,1,1,normal_corr_dominates,4.68827676e+01,1.00000000e+00,2.50000252e+07,2.51686256e+01,5.25630136e-01,2.46429955e+01,1.00017709e-09
41,1.03006898e+00,3.26409163e-08,99,0,2,2,normal_corr_dominates,1.61739866e+01,1.00000000e+00,2.49999920e+07,-7.97590465e+00,5.25630136e-01,-8.50153479e+00,1.00017010e-09
41,1.03006898e+00,3.26409163e-08,99,1,0,3,normal_corr_dominates,7.06732337e+00,1.00000000e+00,2.49999867e+07,-1.32721430e+01,2.18747909e+00,-1.54596221e+01,1.00009314e-09
41,1.03006898e+00,3.26409163e-08,99,1,0,3,corr_ratio_high,1.04310559e+00,5.00000000e-01,2.49999867e+07,-1.32721430e+01,2.18747909e+00,-1.54596221e+01,1.00009314e-09
41,1.03006898e+00,3.26409163e-08,99,1,2,5,normal_corr_dominates,3.28157754e+00,1.00000000e+00,2.49999950e+07,-4.99090316e+00,2.18747909e+00,-7.17838226e+00,1.00017319e-09
41,1.03006898e+00,3.26409163e-08,99,2,0,6,normal_corr_dominates,1.41527189e+00,1.00000000e+00,2.49999886e+07,-1.13637897e+01,-4.70497329e+00,-6.65881646e+00,1.00014422e-09
41,1.03006898e+00,3.26409163e-08,99,2,1,7,normal_corr_dominates,2.51163881e+00,1.00000000e+00,2.50000071e+07,7.11222025e+00,-4.70497329e+00,1.18171935e+01,1.00016044e-09
41,1.03006898e+00,3.26409163e-08,99,3,0,9,normal_corr_dominates,8.08453044e+00,1.00000000e+00,2.50000141e+07,1.40836427e+01,1.55028846e+00,1.25333542e+01,1.00015824e-09
41,1.03006898e+00,3.26409163e-08,99,3,1,10,normal_corr_dominates,1.60390030e+01,1.00000000e+00,2.50000264e+07,2.64153697e+01,1.55028846e+00,2.48650813e+01,1.00015451e-09
41,1.03006898e+00,3.26409163e-08,99,3,2,11,normal_corr_dominates,1.04794853e+01,1.00000000e+00,2.49999853e+07,-1.46959367e+01,1.55028846e+00,-1.62462252e+01,1.00014529e-09
41,1.03006898e+00,3.26409163e-08,99,4,0,12,normal_corr_dominates,1.06148911e+01,1.00000000e+00,2.50000067e+07,6.68879194e+00,5.75880727e-01,6.11291121e+00,1.00013182e-09
41,1.03006898e+00,3.26409163e-08,99,4,1,13,normal_corr_dominates,7.60929060e+00,1.00000000e+00,2.49999962e+07,-3.80616308e+00,5.75880727e-01,-4.38204380e+00,1.00009467e-09
41,1.03006898e+00,3.26409163e-08,99,4,1,13,corr_ratio_high,5.32583080e-01,5.00000000e-01,2.49999962e+07,-3.80616308e+00,5.75880727e-01,-4.38204380e+00,1.00009467e-09
41,1.03006898e+00,3.26409163e-08,99,4,2,14,normal_corr_dominates,3.76531809e+01,1.00000000e+00,2.50000223e+07,2.22596219e+01,5.75880727e-01,2.16837412e+01,1.00016256e-09
41,1.03006898e+00,3.26409163e-08,99,5,0,15,normal_corr_dominates,1.41834026e+00,1.00000000e+00,2.50000020e+07,2.01408144e+00,-4.81445763e+00,6.82853907e+00,1.00000408e-09
41,1.03006898e+00,3.26409163e-08,99,5,0,15,corr_ratio_high,1.94867389e+00,5.00000000e-01,2.50000020e+07,2.01408144e+00,-4.81445763e+00,6.82853907e+00,1.00000408e-09
41,1.03006898e+00,3.26409163e-08,99,5,1,16,normal_corr_dominates,2.44911044e+00,1.00000000e+00,2.50000070e+07,6.97668082e+00,-4.81445763e+00,1.17911385e+01,1.00017949e-09
41,1.03006898e+00,3.26409163e-08,99,5,2,17,normal_corr_dominates,1.27159925e+00,1.00000000e+00,2.49999891e+07,-1.09365183e+01,-4.81445763e+00,-6.12206069e+00,1.00019869e-09
41,1.03006898e+00,3.26409163e-08,99,6,0,18,normal_corr_dominates,2.40241968e+00,1.00000000e+00,2.50000056e+07,5.60527814e+00,-3.99686214e+00,9.60214027e+00,1.00014943e-09
41,1.03006898e+00,3.26409163e-08,99,6,1,19,normal_corr_dominates,1.60450972e+00,1.00000000e+00,2.49999896e+07,-1.04098663e+01,-3.99686214e+00,-6.41300417e+00,1.00017146e-09
41,1.03006898e+00,3.26409163e-08,99,6,2,20,normal_corr_dominates,1.02042633e+00,1.00000000e+00,2.49999919e+07,-8.07536549e+00,-3.99686214e+00,-4.07850335e+00,1.00017433e-09
41,1.03006898e+00,3.26409163e-08,99,7,0,21,normal_corr_dominates,2.12569830e+00,1.00000000e+00,2.50000013e+07,1.34962963e+00,4.31784996e-01,9.17844631e-01,1.00011154e-09
41,1.03006898e+00,3.26409163e-08,99,7,1,22,normal_corr_dominates,1.35875062e+01,1.00000000e+00,2.50000063e+07,6.29866629e+00,4.31784996e-01,5.86688130e+00,1.00012482e-09
41,1.03006898e+00,3.26409163e-08,99,7,2,23,normal_corr_dominates,3.00862779e+01,1.00000000e+00,2.49999874e+07,-1.25590184e+01,4.31784996e-01,-1.29908034e+01,1.00017427e-09
41,1.03006898e+00,3.26409163e-08,99,8,1,25,normal_corr_dominates,3.52164865e+00,1.00000000e+00,2.49999873e+07,-1.26548220e+01,-2.79871856e+00,-9.85610345e+00,1.00014236e-09
41,1.03006898e+00,3.26409163e-08,99,8,2,26,normal_corr_dominates,8.78040380e+00,1.00000000e+00,2.50000218e+07,2.17751605e+01,-2.79871856e+00,2.45738791e+01,1.00013435e-09
41,1.03006898e+00,3.26409163e-08,99,9,0,27,normal_corr_dominates,1.33417268e+00,1.00000000e+00,2.49999876e+07,-1.24091826e+01,-5.31630875e+00,-7.09287387e+00,1.00012754e-09
41,1.03006898e+00,3.26409163e-08,99,9,2,29,normal_corr_dominates,1.01427470e+00,1.00000000e+00,2.49999893e+07,-1.07085062e+01,-5.31630875e+00,-5.39219748e+00,1.00009648e-09
41,1.03006898e+00,3.26409163e-08,99,10,0,30,normal_corr_dominates,2.32569949e+01,1.00000000e+00,2.50000098e+07,9.84055774e+00,-4.42133262e-01,1.02826910e+01,1.00012710e-09
41,1.03006898e+00,3.26409163e-08,99,10,1,31,normal_corr_dominates,4.05976241e+01,1.00000000e+00,2.49999816e+07,-1.83916932e+01,-4.42133262e-01,-1.79495600e+01,1.00007178e-09
41,1.03006898e+00,3.26409163e-08,99,10,1,31,corr_ratio_high,1.18146008e+00,5.00000000e-01,2.49999816e+07,-1.83916932e+01,-4.42133262e-01,-1.79495600e+01,1.00007178e-09
41,1.03006898e+00,3.26409163e-08,99,10,2,32,normal_corr_dominates,3.39820328e+01,1.00000000e+00,2.49999845e+07,-1.54667203e+01,-4.42133262e-01,-1.50245870e+01,1.00019362e-09
41,1.03006898e+00,3.26409163e-08,99,11,0,33,normal_corr_dominates,9.59219953e+00,1.00000000e+00,2.50000202e+07,2.01661165e+01,-2.34702609e+00,2.25131426e+01,1.00015766e-09
41,1.03006898e+00,3.26409163e-08,99,11,1,34,normal_corr_dominates,9.97504201e+00,1.00000000e+00,2.49999742e+07,-2.57587100e+01,-2.34702609e+00,-2.34116839e+01,1.00013335e-09
41,1.03006898e+00,3.26409163e-08,99,11,2,35,normal_corr_dominates,7.47143590e+00,1.00000000e+00,2.49999801e+07,-1.98826811e+01,-2.34702609e+00,-1.75356550e+01,1.00015132e-09
41,1.03006898e+00,3.26409163e-08,99,12,0,36,normal_corr_dominates,1.04979347e+00,1.00000000e+00,2.49999998e+07,-2.25683625e-01,4.53239410e+00,-4.75807772e+00,1.00004851e-09
41,1.03006898e+00,3.26409163e-08,99,12,0,36,corr_ratio_high,1.48184759e+00,5.00000000e-01,2.49999998e+07,-2.25683625e-01,4.53239410e+00,-4.75807772e+00,1.00004851e-09
41,1.03006898e+00,3.26409163e-08,99,12,1,37,normal_corr_dominates,5.77779705e+00,1.00000000e+00,2.49999783e+07,-2.16548592e+01,4.53239410e+00,-2.61872533e+01,1.00012770e-09
41,1.03006898e+00,3.26409163e-08,99,12,2,38,normal_corr_dominates,5.55153996e+00,1.00000000e+00,2.50000297e+07,2.96941611e+01,4.53239410e+00,2.51617670e+01,1.00019544e-09
41,1.03006898e+00,3.26409163e-08,99,13,0,39,normal_corr_dominates,8.05898670e+00,1.00000000e+00,2.49999791e+07,-2.08597789e+01,-2.30266139e+00,-1.85571175e+01,1.00015908e-09
41,1.03006898e+00,3.26409163e-08,99,13,1,40,normal_corr_dominates,6.20902229e+00,1.00000000e+00,2.50000120e+07,1.19946145e+01,-2.30266139e+00,1.42972759e+01,1.00013331e-09
41,1.03006898e+00,3.26409163e-08,99,13,2,41,normal_corr_dominates,4.37109365e+00,1.00000000e+00,2.49999876e+07,-1.23678100e+01,-2.30266139e+00,-1.00651486e+01,1.00015780e-09
41,1.03006898e+00,3.26409163e-08,99,14,0,42,normal_corr_dominates,2.93094739e+00,1.00000000e+00,2.49999919e+07,-8.07390539e+00,4.18131815e+00,-1.22552235e+01,1.00010063e-09
41,1.03006898e+00,3.26409163e-08,99,14,1,43,normal_corr_dominates,1.48507840e+00,1.00000000e+00,2.50000104e+07,1.03909034e+01,4.18131815e+00,6.20958528e+00,1.00004937e-09
41,1.03006898e+00,3.26409163e-08,99,14,1,43,corr_ratio_high,1.29606422e+00,5.00000000e-01,2.50000104e+07,1.03909034e+01,4.18131815e+00,6.20958528e+00,1.00004937e-09
41,1.03006898e+00,3.26409163e-08,99,14,2,44,normal_corr_dominates,4.23596013e+00,1.00000000e+00,2.49999865e+07,-1.35305788e+01,4.18131815e+00,-1.77118970e+01,1.00022227e-09
41,1.03006898e+00,3.26409163e-08,99,14,2,44,corr_ratio_high,5.15880320e-01,5.00000000e-01,2.49999865e+07,-1.35305788e+01,4.18131815e+00,-1.77118970e+01,1.00022227e-09
42,1.05260482e+00,3.33550339e-08,99,0,0,0,normal_corr_dominates,6.49955612e+01,1.00000000e+00,2.49999657e+07,-3.43148238e+01,5.36206312e-01,-3.48510301e+01,1.00005064e-09
42,1.05260482e+00,3.33550339e-08,99,0,0,0,corr_ratio_high,1.32606517e+00,5.00000000e-01,2.49999657e+07,-3.43148238e+01,5.36206312e-01,-3.48510301e+01,1.00005064e-09
42,1.05260482e+00,3.33550339e-08,99,0,1,1,normal_corr_dominates,4.68888442e+01,1.00000000e+00,2.50000257e+07,2.56783005e+01,5.36206312e-01,2.51420942e+01,1.00018069e-09
42,1.05260482e+00,3.33550339e-08,99,0,2,2,normal_corr_dominates,1.61707743e+01,1.00000000e+00,2.49999919e+07,-8.13466494e+00,5.36206312e-01,-8.67087125e+00,1.00017356e-09
42,1.05260482e+00,3.33550339e-08,99,1,0,3,normal_corr_dominates,7.06940814e+00,1.00000000e+00,2.49999865e+07,-1.35467196e+01,2.23196715e+00,-1.57786867e+01,1.00009503e-09
42,1.05260482e+00,3.33550339e-08,99,1,0,3,corr_ratio_high,1.04315601e+00,5.00000000e-01,2.49999865e+07,-1.35467196e+01,2.23196715e+00,-1.57786867e+01,1.00009503e-09
42,1.05260482e+00,3.33550339e-08,99,1,2,5,normal_corr_dominates,3.28009390e+00,1.00000000e+00,2.49999949e+07,-5.08909469e+00,2.23196715e+00,-7.32106184e+00,1.00017671e-09
42,1.05260482e+00,3.33550339e-08,99,2,0,6,normal_corr_dominates,1.41524154e+00,1.00000000e+00,2.49999884e+07,-1.15972310e+01,-4.80168581e+00,-6.79554522e+00,1.00014716e-09
42,1.05260482e+00,3.33550339e-08,99,2,1,7,normal_corr_dominates,2.51087047e+00,1.00000000e+00,2.50000073e+07,7.25472531e+00,-4.80168581e+00,1.20564111e+01,1.00016370e-09
42,1.05260482e+00,3.33550339e-08,99,3,0,9,normal_corr_dominates,8.08247427e+00,1.00000000e+00,2.50000144e+07,1.43679020e+01,1.58193699e+00,1.27859650e+01,1.00016145e-09
42,1.05260482e+00,3.33550339e-08,99,3,1,10,normal_corr_dominates,1.60388490e+01,1.00000000e+00,2.50000270e+07,2.69543854e+01,1.58193699e+00,2.53724484e+01,1.00015764e-09
42,1.05260482e+00,3.33550339e-08,99,3,2,11,normal_corr_dominates,1.04779305e+01,1.00000000e+00,2.49999850e+07,-1.49934888e+01,1.58193699e+00,-1.65754258e+01,1.00014824e-09
42,1.05260482e+00,3.33550339e-08,99,4,0,12,normal_corr_dominates,1.06291891e+01,1.00000000e+00,2.50000068e+07,6.82219052e+00,5.86643700e-01,6.23554682e+00,1.00013450e-09
42,1.05260482e+00,3.33550339e-08,99,4,1,13,normal_corr_dominates,7.62342235e+00,1.00000000e+00,2.49999961e+07,-3.88558899e+00,5.86643700e-01,-4.47223269e+00,1.00009661e-09
42,1.05260482e+00,3.33550339e-08,99,4,1,13,corr_ratio_high,5.32445744e-01,5.00000000e-01,2.49999961e+07,-3.88558899e+00,5.86643700e-01,-4.47223269e+00,1.00009661e-09
42,1.05260482e+00,3.33550339e-08,99,4,2,14,normal_corr_dominates,3.77163677e+01,1.00000000e+00,2.50000227e+07,2.27127132e+01,5.86643700e-01,2.21260695e+01,1.00016586e-09
42,1.05260482e+00,3.33550339e-08,99,5,0,15,normal_corr_dominates,1.41834995e+00,1.00000000e+00,2.50000021e+07,2.05526314e+00,-4.91278450e+00,6.96804764e+00,1.00000416e-09
42,1.05260482e+00,3.33550339e-08,99,5,0,15,corr_ratio_high,1.94849555e+00,5.00000000e-01,2.50000021e+07,2.05526314e+00,-4.91278450e+00,6.96804764e+00,1.00000416e-09
42,1.05260482e+00,3.33550339e-08,99,5,1,16,normal_corr_dominates,2.44876722e+00,1.00000000e+00,2.50000071e+07,7.11748112e+00,-4.91278450e+00,1.20302656e+01,1.00018314e-09
42,1.05260482e+00,3.33550339e-08,99,5,2,17,normal_corr_dominates,1.27106129e+00,1.00000000e+00,2.49999888e+07,-1.11572347e+01,-4.91278450e+00,-6.24445021e+00,1.00020272e-09
42,1.05260482e+00,3.33550339e-08,99,6,0,18,normal_corr_dominates,2.40166497e+00,1.00000000e+00,2.50000057e+07,5.71728316e+00,-4.07892277e+00,9.79620593e+00,1.00015246e-09
42,1.05260482e+00,3.33550339e-08,99,6,1,19,normal_corr_dominates,1.60343121e+00,1.00000000e+00,2.49999894e+07,-1.06191949e+01,-4.07892277e+00,-6.54027208e+00,1.00017494e-09
42,1.05260482e+00,3.33550339e-08,99,6,2,20,normal_corr_dominates,1.01957436e+00,1.00000000e+00,2.49999918e+07,-8.23768784e+00,-4.07892277e+00,-4.15876507e+00,1.00017786e-09
42,1.05260482e+00,3.33550339e-08,99,7,0,21,normal_corr_dominates,2.12214101e+00,1.00000000e+00,2.50000014e+07,1.37475204e+00,4.40323494e-01,9.34428544e-01,1.00011381e-09
42,1.05260482e+00,3.33550339e-08,99,7,1,22,normal_corr_dominates,1.35952785e+01,1.00000000e+00,2.50000064e+07,6.42664400e+00,4.40323494e-01,5.98632051e+00,1.00012736e-09
42,1.05260482e+00,3.33550339e-08,99,7,2,23,normal_corr_dominates,3.00982979e+01,1.00000000e+00,2.49999872e+07,-1.28126642e+01,4.40323494e-01,-1.32529877e+01,1.00017781e-09
42,1.05260482e+00,3.33550339e-08,99,8,1,25,normal_corr_dominates,3.52025533e+00,1.00000000e+00,2.49999871e+07,-1.29111484e+01,-2.85628741e+00,-1.00548610e+01,1.00014525e-09
42,1.05260482e+00,3.33550339e-08,99,8,2,26,normal_corr_dominates,8.77866650e+00,1.00000000e+00,2.50000222e+07,2.22181072e+01,-2.85628741e+00,2.50743946e+01,1.00013708e-09
42,1.05260482e+00,3.33550339e-08,99,9,0,27,normal_corr_dominates,1.33427966e+00,1.00000000e+00,2.49999873e+07,-1.26618895e+01,-5.42432413e+00,-7.23756536e+00,1.00013013e-09
42,1.05260482e+00,3.33550339e-08,99,9,2,29,normal_corr_dominates,1.01409119e+00,1.00000000e+00,2.49999891e+07,-1.09250834e+01,-5.42432413e+00,-5.50075932e+00,1.00009845e-09
42,1.05260482e+00,3.33550339e-08,99,10,0,30,normal_corr_dominates,2.32880885e+01,1.00000000e+00,2.50000100e+07,1.00411055e+01,-4.50514431e-01,1.04916199e+01,1.00012968e-09
42,1.05260482e+00,3.33550339e-08,99,10,1,31,normal_corr_dominates,4.06501834e+01,1.00000000e+00,2.49999812e+07,-1.87640087e+01,-4.50514431e-01,-1.83134942e+01,1.00007325e-09
42,1.05260482e+00,3.33550339e-08,99,10,1,31,corr_ratio_high,1.18115514e+00,5.00000000e-01,2.49999812e+07,-1.87640087e+01,-4.50514431e-01,-1.83134942e+01,1.00007325e-09
42,1.05260482e+00,3.33550339e-08,99,10,2,32,normal_corr_dominates,3.40231019e+01,1.00000000e+00,2.49999842e+07,-1.57784128e+01,-4.50514431e-01,-1.53278984e+01,1.00019755e-09
42,1.05260482e+00,3.33550339e-08,99,11,0,33,normal_corr_dominates,9.59135678e+00,1.00000000e+00,2.50000206e+07,2.05772822e+01,-2.39511438e+00,2.29723966e+01,1.00016085e-09
42,1.05260482e+00,3.33550339e-08,99,11,1,34,normal_corr_dominates,9.97266549e+00,1.00000000e+00,2.49999737e+07,-2.62807890e+01,-2.39511438e+00,-2.38856746e+01,1.00013606e-09
42,1.05260482e+00,3.33550339e-08,99,11,2,35,normal_corr_dominates,7.47004199e+00,1.00000000e+00,2.49999797e+07,-2.02867194e+01,-2.39511438e+00,-1.78916050e+01,1.00015439e-09
42,1.05260482e+00,3.33550339e-08,99,12,0,36,normal_corr_dominates,1.04988532e+00,1.00000000e+00,2.49999998e+07,-2.30650923e-01,4.62362321e+00,-4.85427414e+00,1.00004950e-09
42,1.05260482e+00,3.33550339e-08,99,12,0,36,corr_ratio_high,1.48173475e+00,5.00000000e-01,2.49999998e+07,-2.30650923e-01,4.62362321e+00,-4.85427414e+00,1.00004950e-09
42,1.05260482e+00,3.33550339e-08,99,12,1,37,normal_corr_dominates,5.77900041e+00,1.00000000e+00,2.49999779e+07,-2.20962972e+01,4.62362321e+00,-2.67199204e+01,1.00013031e-09
42,1.05260482e+00,3.33550339e-08,99,12,2,38,normal_corr_dominates,5.55268638e+00,1.00000000e+00,2.50000303e+07,3.02971529e+01,4.62362321e+00,2.56735296e+01,1.00019940e-09
42,1.05260482e+00,3.33550339e-08,99,13,0,39,normal_corr_dominates,8.05668865e+00,1.00000000e+00,2.49999787e+07,-2.12827784e+01,-2.34995142e+00,-1.89328269e+01,1.00016231e-09
42,1.05260482e+00,3.33550339e-08,99,13,1,40,normal_corr_dominates,6.20755479e+00,1.00000000e+00,2.50000122e+07,1.22375008e+01,-2.34995142e+00,1.45874522e+01,1.00013602e-09
42,1.05260482e+00,3.33550339e-08,99,13,2,41,normal_corr_dominates,4.36931909e+00,1.00000000e+00,2.49999874e+07,-1.26176390e+01,-2.34995142e+00,-1.02676876e+01,1.00016101e-09
42,1.05260482e+00,3.33550339e-08,99,14,0,42,normal_corr_dominates,2.93149688e+00,1.00000000e+00,2.49999918e+07,-8.23848839e+00,4.26533870e+00,-1.25038271e+01,1.00010268e-09
42,1.05260482e+00,3.33550339e-08,99,14,1,43,normal_corr_dominates,1.48553267e+00,1.00000000e+00,2.50000106e+07,1.06016387e+01,4.26533870e+00,6.33630001e+00,1.00005038e-09
42,1.05260482e+00,3.33550339e-08,99,14,1,43,corr_ratio_high,1.29586925e+00,5.00000000e-01,2.50000106e+07,1.06016387e+01,4.26533870e+00,6.33630001e+00,1.00005038e-09
42,1.05260482e+00,3.33550339e-08,99,14,2,44,normal_corr_dominates,4.23655782e+00,1.00000000e+00,2.49999862e+07,-1.38050153e+01,4.26533870e+00,-1.80703540e+01,1.00022677e-09
42,1.05260482e+00,3.33550339e-08,99,14,2,44,corr_ratio_high,5.15864587e-01,5.00000000e-01,2.49999862e+07,-1.38050153e+01,4.26533870e+00,-1.80703540e+01,1.00022677e-09
43,1.07556316e+00,3.40825400e-08,99,0,0,0,normal_corr_dominates,6.50192055e+01,1.00000000e+00,2.49999650e+07,-3.50146171e+01,5.46939263e-01,-3.55615563e+01,1.00005167e-09
43,1.07556316e+00,3.40825400e-08,99,0,0,0,corr_ratio_high,1.32601331e+00,5.00000000e-01,2.49999650e+07,-3.50146171e+01,5.46939263e-01,-3.55615563e+01,1.00005167e-09
43,1.07556316e+00,3.40825400e-08,99,0,1,1,normal_corr_dominates,4.68964159e+01,1.00000000e+00,2.50000262e+07,2.61964304e+01,5.46939263e-01,2.56494911e+01,1.00018434e-09
43,1.07556316e+00,3.40825400e-08,99,0,2,2,normal_corr_dominates,1.61680412e+01,1.00000000e+00,2.49999917e+07,-8.29599726e+00,5.46939263e-01,-8.84293652e+00,1.00017708e-09
43,1.07556316e+00,3.40825400e-08,99,1,0,3,normal_corr_dominates,7.07155546e+00,1.00000000e+00,2.49999862e+07,-1.38260464e+01,2.27718358e+00,-1.61032300e+01,1.00009695e-09
43,1.07556316e+00,3.40825400e-08,99,1,0,3,corr_ratio_high,1.04320576e+00,5.00000000e-01,2.49999862e+07,-1.38260464e+01,2.27718358e+00,-1.61032300e+01,1.00009695e-09
43,1.07556316e+00,3.40825400e-08,99,1,2,5,normal_corr_dominates,3.27862847e+00,1.00000000e+00,2.49999948e+07,-5.18885534e+00,2.27718358e+00,-7.46603892e+00,1.00018028e-09
43,1.07556316e+00,3.40825400e-08,99,2,0,6,normal_corr_dominates,1.41520643e+00,1.00000000e+00,2.49999882e+07,-1.18346640e+01,-4.90006314e+00,-6.93460087e+00,1.00015014e-09
43,1.07556316e+00,3.40825400e-08,99,2,1,7,normal_corr_dominates,2.51009205e+00,1.00000000e+00,2.50000074e+07,7.39954640e+00,-4.90006314e+00,1.22996095e+01,1.00016701e-09
43,1.07556316e+00,3.40825400e-08,99,3,0,9,normal_corr_dominates,8.08048718e+00,1.00000000e+00,2.50000147e+07,1.46568427e+01,1.61410313e+00,1.30427396e+01,1.00016472e-09
43,1.07556316e+00,3.40825400e-08,99,3,1,10,normal_corr_dominates,1.60388375e+01,1.00000000e+00,2.50000275e+07,2.75024410e+01,1.61410313e+00,2.58883378e+01,1.00016083e-09
43,1.07556316e+00,3.40825400e-08,99,3,2,11,normal_corr_dominates,1.04764639e+01,1.00000000e+00,2.49999847e+07,-1.52959901e+01,1.61410313e+00,-1.69100932e+01,1.00015125e-09
43,1.07556316e+00,3.40825400e-08,99,4,0,12,normal_corr_dominates,1.06438740e+01,1.00000000e+00,2.50000070e+07,6.95773565e+00,5.97544738e-01,6.36019091e+00,1.00013722e-09
43,1.07556316e+00,3.40825400e-08,99,4,1,13,normal_corr_dominates,7.63787077e+00,1.00000000e+00,2.49999960e+07,-3.96642475e+00,5.97544738e-01,-4.56396949e+00,1.00009858e-09
43,1.07556316e+00,3.40825400e-08,99,4,1,13,corr_ratio_high,5.32307739e-01,5.00000000e-01,2.49999960e+07,-3.96642475e+00,5.97544738e-01,-4.56396949e+00,1.00009858e-09
43,1.07556316e+00,3.40825400e-08,99,4,2,14,normal_corr_dominates,3.77810024e+01,1.00000000e+00,2.50000232e+07,2.31733839e+01,5.97544738e-01,2.25758392e+01,1.00016921e-09
43,1.07556316e+00,3.40825400e-08,99,5,0,15,normal_corr_dominates,1.41835633e+00,1.00000000e+00,2.50000021e+07,2.09713142e+00,-5.01278758e+00,7.10991900e+00,1.00000425e-09
43,1.07556316e+00,3.40825400e-08,99,5,0,15,corr_ratio_high,1.94831708e+00,5.00000000e-01,2.50000021e+07,2.09713142e+00,-5.01278758e+00,7.10991900e+00,1.00000425e-09
43,1.07556316e+00,3.40825400e-08,99,5,1,16,normal_corr_dominates,2.44841265e+00,1.00000000e+00,2.50000073e+07,7.26058496e+00,-5.01278758e+00,1.22733725e+01,1.00018684e-09
43,1.07556316e+00,3.40825400e-08,99,5,2,17,normal_corr_dominates,1.27051726e+00,1.00000000e+00,2.49999886e+07,-1.13816207e+01,-5.01278758e+00,-6.36883314e+00,1.00020681e-09
43,1.07556316e+00,3.40825400e-08,99,6,0,18,normal_corr_dominates,2.40089731e+00,1.00000000e+00,2.50000058e+07,5.83108851e+00,-4.16239540e+00,9.99348390e+00,1.00015555e-09
43,1.07556316e+00,3.40825400e-08,99,6,1,19,normal_corr_dominates,1.60234126e+00,1.00000000e+00,2.49999892e+07,-1.08319733e+01,-4.16239540e+00,-6.66957787e+00,1.00017848e-09
43,1.07556316e+00,3.40825400e-08,99,6,2,20,normal_corr_dominates,1.01871599e+00,1.00000000e+00,2.49999916e+07,-8.40269412e+00,-4.16239540e+00,-4.24029873e+00,1.00018146e-09
43,1.07556316e+00,3.40825400e-08,99,7,0,21,normal_corr_dominates,2.11860741e+00,1.00000000e+00,2.50000014e+07,1.40020464e+00,4.48983937e-01,9.51220698e-01,1.00011611e-09
43,1.07556316e+00,3.40825400e-08,99,7,1,22,normal_corr_dominates,1.36035435e+01,1.00000000e+00,2.50000066e+07,6.55675646e+00,4.48983937e-01,6.10777253e+00,1.00012994e-09
43,1.07556316e+00,3.40825400e-08,99,7,2,23,normal_corr_dominates,3.01113449e+01,1.00000000e+00,2.49999869e+07,-1.30705262e+01,4.48983937e-01,-1.35195102e+01,1.00018141e-09
43,1.07556316e+00,3.40825400e-08,99,8,1,25,normal_corr_dominates,3.51883314e+00,1.00000000e+00,2.49999868e+07,-1.31717381e+01,-2.91485382e+00,-1.02568842e+01,1.00014819e-09
43,1.07556316e+00,3.40825400e-08,99,8,2,26,normal_corr_dominates,8.77687578e+00,1.00000000e+00,2.50000227e+07,2.26684561e+01,-2.91485382e+00,2.55833099e+01,1.00013985e-09
43,1.07556316e+00,3.40825400e-08,99,9,0,27,normal_corr_dominates,1.33438443e+00,1.00000000e+00,2.49999871e+07,-1.29188518e+01,-5.53415778e+00,-7.38469398e+00,1.00013276e-09
43,1.07556316e+00,3.40825400e-08,99,9,2,29,normal_corr_dominates,1.01390401e+00,1.00000000e+00,2.49999889e+07,-1.11452626e+01,-5.53415778e+00,-5.61110479e+00,1.00010045e-09
43,1.07556316e+00,3.40825400e-08,99,10,0,30,normal_corr_dominates,2.33186502e+01,1.00000000e+00,2.50000102e+07,1.02450174e+01,-4.59033917e-01,1.07040513e+01,1.00013230e-09
43,1.07556316e+00,3.40825400e-08,99,10,1,31,normal_corr_dominates,4.07017447e+01,1.00000000e+00,2.49999809e+07,-1.91425152e+01,-4.59033917e-01,-1.86834813e+01,1.00007474e-09
43,1.07556316e+00,3.40825400e-08,99,10,1,31,corr_ratio_high,1.18084881e+00,5.00000000e-01,2.49999809e+07,-1.91425152e+01,-4.59033917e-01,-1.86834813e+01,1.00007474e-09
43,1.07556316e+00,3.40825400e-08,99,10,2,32,normal_corr_dominates,3.40633497e+01,1.00000000e+00,2.49999839e+07,-1.60952668e+01,-4.59033917e-01,-1.56362329e+01,1.00020155e-09
43,1.07556316e+00,3.40825400e-08,99,11,0,33,normal_corr_dominates,9.59043309e+00,1.00000000e+00,2.50000210e+07,2.09953183e+01,-2.44403491e+00,2.34393533e+01,1.00016410e-09
43,1.07556316e+00,3.40825400e-08,99,11,1,34,normal_corr_dominates,9.97020259e+00,1.00000000e+00,2.49999732e+07,-2.68115581e+01,-2.44403491e+00,-2.43675232e+01,1.00013882e-09
43,1.07556316e+00,3.40825400e-08,99,11,2,35,normal_corr_dominates,7.46858503e+00,1.00000000e+00,2.49999793e+07,-2.06975174e+01,-2.44403491e+00,-1.82534825e+01,1.00015751e-09
43,1.07556316e+00,3.40825400e-08,99,12,0,36,normal_corr_dominates,1.04997941e+00,1.00000000e+00,2.49999998e+07,-2.35719829e-01,4.71633864e+00,-4.95205847e+00,1.00005050e-09
43,1.07556316e+00,3.40825400e-08,99,12,0,36,corr_ratio_high,1.48162084e+00,5.00000000e-01,2.49999998e+07,-2.35719829e-01,4.71633864e+00,-4.95205847e+00,1.00005050e-09
43,1.07556316e+00,3.40825400e-08,99,12,1,37,normal_corr_dominates,5.78022705e+00,1.00000000e+00,2.49999775e+07,-2.25451696e+01,4.71633864e+00,-2.72615082e+01,1.00013296e-09
43,1.07556316e+00,3.40825400e-08,99,12,2,38,normal_corr_dominates,5.55385378e+00,1.00000000e+00,2.50000309e+07,3.09101939e+01,4.71633864e+00,2.61938552e+01,1.00020344e-09
43,1.07556316e+00,3.40825400e-08,99,13,0,39,normal_corr_dominates,8.05431578e+00,1.00000000e+00,2.49999783e+07,-2.17128321e+01,-2.39806438e+00,-1.93147677e+01,1.00016560e-09
43,1.07556316e+00,3.40825400e-08,99,13,1,40,normal_corr_dominates,6.20603334e+00,1.00000000e+00,2.50000125e+07,1.24844031e+01,-2.39806438e+00,1.48824675e+01,1.00013877e-09
43,1.07556316e+00,3.40825400e-08,99,13,2,41,normal_corr_dominates,4.36750094e+00,1.00000000e+00,2.49999871e+07,-1.28716128e+01,-2.39806438e+00,-1.04735484e+01,1.00016427e-09
43,1.07556316e+00,3.40825400e-08,99,14,0,42,normal_corr_dominates,2.93205431e+00,1.00000000e+00,2.49999916e+07,-8.40584061e+00,4.35072686e+00,-1.27565675e+01,1.00010476e-09
43,1.07556316e+00,3.40825400e-08,99,14,1,43,normal_corr_dominates,1.48599347e+00,1.00000000e+00,2.50000108e+07,1.08158786e+01,4.35072686e+00,6.46515173e+00,1.00005141e-09
43,1.07556316e+00,3.40825400e-08,99,14,1,43,corr_ratio_high,1.29567287e+00,5.00000000e-01,2.50000108e+07,1.08158786e+01,4.35072686e+00,6.46515173e+00,1.00005141e-09
43,1.07556316e+00,3.40825400e-08,99,14,2,44,normal_corr_dominates,4.23717079e+00,1.00000000e+00,2.49999859e+07,-1.40840459e+01,4.35072686e+00,-1.84347728e+01,1.00023135e-09
43,1.07556316e+00,3.40825400e-08,99,14,2,44,corr_ratio_high,5.15848664e-01,5.00000000e-01,2.49999859e+07,-1.40840459e+01,4.35072686e+00,-1.84347728e+01,1.00023135e-09
44,1.09963619e+00,3.48453681e-08,99,0,0,0,normal_corr_dominates,6.50457801e+01,1.00000000e+00,2.49999643e+07,-3.57470776e+01,5.58148835e-01,-3.63052264e+01,1.00005274e-09
44,1.09963619e+00,3.48453681e-08,99,0,0,0,corr_ratio_high,1.32595948e+00,5.00000000e-01,2.49999643e+07,-3.57470776e+01,5.58148835e-01,-3.63052264e+01,1.00005274e-09
44,1.09963619e+00,3.48453681e-08,99,0,1,1,normal_corr_dominates,4.69057645e+01,1.00000000e+00,2.50000267e+07,2.67385467e+01,5.58148835e-01,2.61803978e+01,1.00018816e-09
44,1.09963619e+00,3.48453681e-08,99,0,2,2,normal_corr_dominates,1.61657283e+01,1.00000000e+00,2.49999915e+07,-8.46473358e+00,5.58148835e-01,-9.02288242e+00,1.00018076e-09
44,1.09963619e+00,3.48453681e-08,99,1,0,3,normal_corr_dominates,7.07382974e+00,1.00000000e+00,2.49999859e+07,-1.41185122e+01,2.32448271e+00,-1.64429949e+01,1.00009896e-09
44,1.09963619e+00,3.48453681e-08,99,1,0,3,corr_ratio_high,1.04325623e+00,5.00000000e-01,2.49999859e+07,-1.41185122e+01,2.32448271e+00,-1.64429949e+01,1.00009896e-09
44,1.09963619e+00,3.48453681e-08,99,1,2,5,normal_corr_dominates,3.27713948e+00,1.00000000e+00,2.49999947e+07,-5.29317133e+00,2.32448271e+00,-7.61765404e+00,1.00018402e-09
44,1.09963619e+00,3.48453681e-08,99,2,0,6,normal_corr_dominates,1.41516536e+00,1.00000000e+00,2.49999879e+07,-1.20832160e+01,-5.00305949e+00,-7.08015647e+00,1.00015326e-09
44,1.09963619e+00,3.48453681e-08,99,2,1,7,normal_corr_dominates,2.50928062e+00,1.00000000e+00,2.50000076e+07,7.55102074e+00,-5.00305949e+00,1.25540802e+01,1.00017048e-09
44,1.09963619e+00,3.48453681e-08,99,3,0,9,normal_corr_dominates,8.07851446e+00,1.00000000e+00,2.50000150e+07,1.49591235e+01,1.64775014e+00,1.33113733e+01,1.00016813e-09
44,1.09963619e+00,3.48453681e-08,99,3,1,10,normal_corr_dominates,1.60389741e+01,1.00000000e+00,2.50000281e+07,2.80759720e+01,1.64775014e+00,2.64282219e+01,1.00016417e-09
44,1.09963619e+00,3.48453681e-08,99,3,2,11,normal_corr_dominates,1.04750469e+01,1.00000000e+00,2.49999844e+07,-1.56125099e+01,1.64775014e+00,-1.72602600e+01,1.00015439e-09
44,1.09963619e+00,3.48453681e-08,99,4,0,12,normal_corr_dominates,1.06593909e+01,1.00000000e+00,2.50000071e+07,7.09948499e+00,6.08907020e-01,6.49057797e+00,1.00014007e-09
44,1.09963619e+00,3.48453681e-08,99,4,1,13,normal_corr_dominates,7.65307093e+00,1.00000000e+00,2.49999959e+07,-4.05110159e+00,6.08907020e-01,-4.66000861e+00,1.00010064e-09
44,1.09963619e+00,3.48453681e-08,99,4,1,13,corr_ratio_high,5.32165044e-01,5.00000000e-01,2.49999959e+07,-4.05110159e+00,6.08907020e-01,-4.66000861e+00,1.00010064e-09
44,1.09963619e+00,3.48453681e-08,99,4,2,14,normal_corr_dominates,3.78490314e+01,1.00000000e+00,2.50000237e+07,2.36554479e+01,6.08907020e-01,2.30465409e+01,1.00017272e-09
44,1.09963619e+00,3.48453681e-08,99,5,0,15,normal_corr_dominates,1.41835943e+00,1.00000000e+00,2.50000021e+07,2.14094130e+00,-5.11746872e+00,7.25841002e+00,1.00000435e-09
44,1.09963619e+00,3.48453681e-08,99,5,0,15,corr_ratio_high,1.94813334e+00,5.00000000e-01,2.50000021e+07,2.14094130e+00,-5.11746872e+00,7.25841002e+00,1.00000435e-09
44,1.09963619e+00,3.48453681e-08,99,5,1,16,normal_corr_dominates,2.44803600e+00,1.00000000e+00,2.50000074e+07,7.41027891e+00,-5.11746872e+00,1.25277476e+01,1.00019073e-09
44,1.09963619e+00,3.48453681e-08,99,5,2,17,normal_corr_dominates,1.26995112e+00,1.00000000e+00,2.49999884e+07,-1.16164038e+01,-5.11746872e+00,-6.49893512e+00,1.00021110e-09
44,1.09963619e+00,3.48453681e-08,99,6,0,18,normal_corr_dominates,2.40009395e+00,1.00000000e+00,2.50000060e+07,5.95010065e+00,-4.24978670e+00,1.01998874e+01,1.00015879e-09
44,1.09963619e+00,3.48453681e-08,99,6,1,19,normal_corr_dominates,1.60120789e+00,1.00000000e+00,2.49999889e+07,-1.10545787e+01,-4.24978670e+00,-6.80479201e+00,1.00018219e-09
44,1.09963619e+00,3.48453681e-08,99,6,2,20,normal_corr_dominates,1.01782609e+00,1.00000000e+00,2.49999914e+07,-8.57533049e+00,-4.24978670e+00,-4.32554379e+00,1.00018522e-09
44,1.09963619e+00,3.48453681e-08,99,7,0,21,normal_corr_dominates,2.11499564e+00,1.00000000e+00,2.50000014e+07,1.42674329e+00,4.58024169e-01,9.68719121e-01,1.00011852e-09
44,1.09963619e+00,3.48453681e-08,99,7,1,22,normal_corr_dominates,1.36125585e+01,1.00000000e+00,2.50000067e+07,6.69290496e+00,4.58024169e-01,6.23488079e+00,1.00013263e-09
44,1.09963619e+00,3.48453681e-08,99,7,2,23,normal_corr_dominates,3.01258331e+01,1.00000000e+00,2.49999867e+07,-1.33403355e+01,4.58024169e-01,-1.37983596e+01,1.00018517e-09
44,1.09963619e+00,3.48453681e-08,99,8,1,25,normal_corr_dominates,3.51733968e+00,1.00000000e+00,2.49999866e+07,-1.34444034e+01,-2.97617722e+00,-1.04682262e+01,1.00015127e-09
44,1.09963619e+00,3.48453681e-08,99,8,2,26,normal_corr_dominates,8.77497756e+00,1.00000000e+00,2.50000231e+07,2.31397111e+01,-2.97617722e+00,2.61158883e+01,1.00014275e-09
44,1.09963619e+00,3.48453681e-08,99,9,0,27,normal_corr_dominates,1.33448993e+00,1.00000000e+00,2.49999868e+07,-1.31877774e+01,-5.64910444e+00,-7.53867300e+00,1.00013552e-09
44,1.09963619e+00,3.48453681e-08,99,9,2,29,normal_corr_dominates,1.01370765e+00,1.00000000e+00,2.49999886e+07,-1.13756448e+01,-5.64910444e+00,-5.72654041e+00,1.00010254e-09
44,1.09963619e+00,3.48453681e-08,99,10,0,30,normal_corr_dominates,2.33495420e+01,1.00000000e+00,2.50000105e+07,1.04584090e+01,-4.67947350e-01,1.09263563e+01,1.00013505e-09
44,1.09963619e+00,3.48453681e-08,99,10,1,31,normal_corr_dominates,4.07537583e+01,1.00000000e+00,2.49999805e+07,-1.95385605e+01,-4.67947350e-01,-1.90706132e+01,1.00007630e-09
44,1.09963619e+00,3.48453681e-08,99,10,1,31,corr_ratio_high,1.18053218e+00,5.00000000e-01,2.49999805e+07,-1.95385605e+01,-4.67947350e-01,-1.90706132e+01,1.00007630e-09
44,1.09963619e+00,3.48453681e-08,99,10,2,32,normal_corr_dominates,3.41039068e+01,1.00000000e+00,2.49999836e+07,-1.64267802e+01,-4.67947350e-01,-1.59588328e+01,1.00020572e-09
44,1.09963619e+00,3.48453681e-08,99,11,0,33,normal_corr_dominates,9.58939858e+00,1.00000000e+00,2.50000214e+07,2.14327591e+01,-2.49525725e+00,2.39280163e+01,1.00016751e-09
44,1.09963619e+00,3.48453681e-08,99,11,1,34,normal_corr_dominates,9.96757875e+00,1.00000000e+00,2.49999726e+07,-2.73669304e+01,-2.49525725e+00,-2.48716731e+01,1.00014171e-09
44,1.09963619e+00,3.48453681e-08,99,11,2,35,normal_corr_dominates,7.46702044e+00,1.00000000e+00,2.49999789e+07,-2.11273941e+01,-2.49525725e+00,-1.86321369e+01,1.00016078e-09
44,1.09963619e+00,3.48453681e-08,99,12,0,36,normal_corr_dominates,1.05007855e+00,1.00000000e+00,2.49999998e+07,-2.41043969e-01,4.81331718e+00,-5.05436115e+00,1.00005155e-09
44,1.09963619e+00,3.48453681e-08,99,12,0,36,corr_ratio_high,1.48150254e+00,5.00000000e-01,2.49999998e+07,-2.41043969e-01,4.81331718e+00,-5.05436115e+00,1.00005155e-09
44,1.09963619e+00,3.48453681e-08,99,12,1,37,normal_corr_dominates,5.78151350e+00,1.00000000e+00,2.49999770e+07,-2.30149411e+01,4.81331718e+00,-2.78282583e+01,1.00013573e-09
44,1.09963619e+00,3.48453681e-08,99,12,2,38,normal_corr_dominates,5.55507686e+00,1.00000000e+00,2.50000316e+07,3.15516641e+01,4.81331718e+00,2.67383469e+01,1.00020766e-09
44,1.09963619e+00,3.48453681e-08,99,13,0,39,normal_corr_dominates,8.05179618e+00,1.00000000e+00,2.49999778e+07,-2.21628349e+01,-2.44844608e+00,-1.97143888e+01,1.00016904e-09
44,1.09963619e+00,3.48453681e-08,99,13,1,40,normal_corr_dominates,6.20441160e+00,1.00000000e+00,2.50000127e+07,1.27427212e+01,-2.44844608e+00,1.51911672e+01,1.00014166e-09
44,1.09963619e+00,3.48453681e-08,99,13,2,41,normal_corr_dominates,4.36558478e+00,1.00000000e+00,2.49999869e+07,-1.31373450e+01,-2.44844608e+00,-1.06888989e+01,1.00016767e-09
44,1.09963619e+00,3.48453681e-08,99,14,0,42,normal_corr_dominates,2.93263614e+00,1.00000000e+00,2.49999914e+07,-8.58098175e+00,4.44003998e+00,-1.30210217e+01,1.00010693e-09
44,1.09963619e+00,3.48453681e-08,99,14,1,43,normal_corr_dominates,1.48647438e+00,1.00000000e+00,2.50000110e+07,1.10400457e+01,4.44003998e+00,6.60000570e+00,1.00005248e-09
44,1.09963619e+00,3.48453681e-08,99,14,1,43,corr_ratio_high,1.29546933e+00,5.00000000e-01,2.50000110e+07,1.10400457e+01,4.44003998e+00,6.60000570e+00,1.00005248e-09
44,1.09963619e+00,3.48453681e-08,99,14,2,44,normal_corr_dominates,4.23781737e+00,1.00000000e+00,2.49999856e+07,-1.43760386e+01,4.44003998e+00,-1.88160786e+01,1.00023614e-09
44,1.09963619e+00,3.48453681e-08,99,14,2,44,corr_ratio_high,5.15832081e-01,5.00000000e-01,2.49999856e+07,-1.43760386e+01,4.44003998e+00,-1.88160786e+01,1.00023614e-09
45,1.12415436e+00,3.56223022e-08,99,0,0,0,normal_corr_dominates,6.50746023e+01,1.00000000e+00,2.49999635e+07,-3.64917312e+01,5.69519434e-01,-3.70612507e+01,1.00005383e-09
45,1.12415436e+00,3.56223022e-08,99,0,0,0,corr_ratio_high,1.32590523e+00,5.00000000e-01,2.49999635e+07,-3.64917312e+01,5.69519434e-01,-3.70612507e+01,1.00005383e-09
45,1.12415436e+00,3.56223022e-08,99,0,1,1,normal_corr_dominates,4.69166800e+01,1.00000000e+00,2.50000273e+07,2.72894805e+01,5.69519434e-01,2.67199610e+01,1.00019205e-09
45,1.12415436e+00,3.56223022e-08,99,0,2,2,normal_corr_dominates,1.61639222e+01,1.00000000e+00,2.49999914e+07,-8.63614836e+00,5.69519434e-01,-9.20566780e+00,1.00018450e-09
45,1.12415436e+00,3.56223022e-08,99,1,0,3,normal_corr_dominates,7.07616720e+00,1.00000000e+00,2.49999856e+07,-1.44159491e+01,2.37253989e+00,-1.67884889e+01,1.00010101e-09
45,1.12415436e+00,3.56223022e-08,99,1,0,3,corr_ratio_high,1.04330592e+00,5.00000000e-01,2.49999856e+07,-1.44159491e+01,2.37253989e+00,-1.67884889e+01,1.00010101e-09
45,1.12415436e+00,3.56223022e-08,99,1,2,5,normal_corr_dominates,3.27567071e+00,1.00000000e+00,2.49999946e+07,-5.39911954e+00,2.37253989e+00,-7.77165943e+00,1.00018782e-09
45,1.12415436e+00,3.56223022e-08,99,2,0,6,normal_corr_dominates,1.41511931e+00,1.00000000e+00,2.49999877e+07,-1.23359424e+01,-5.10779833e+00,-7.22814405e+00,1.00015643e-09
45,1.12415436e+00,3.56223022e-08,99,2,1,7,normal_corr_dominates,2.50845930e+00,1.00000000e+00,2.50000077e+07,7.70490589e+00,-5.10779833e+00,1.28127042e+01,1.00017400e-09
45,1.12415436e+00,3.56223022e-08,99,3,0,9,normal_corr_dominates,8.07661599e+00,1.00000000e+00,2.50000153e+07,1.52662832e+01,1.68193556e+00,1.35843477e+01,1.00017161e-09
45,1.12415436e+00,3.56223022e-08,99,3,1,10,normal_corr_dominates,1.60392602e+01,1.00000000e+00,2.50000287e+07,2.86589376e+01,1.68193556e+00,2.69770021e+01,1.00016756e-09
45,1.12415436e+00,3.56223022e-08,99,3,2,11,normal_corr_dominates,1.04737239e+01,1.00000000e+00,2.49999841e+07,-1.59341931e+01,1.68193556e+00,-1.76161287e+01,1.00015759e-09
45,1.12415436e+00,3.56223022e-08,99,4,0,12,normal_corr_dominates,1.06753100e+01,1.00000000e+00,2.50000072e+07,7.24346669e+00,6.20408940e-01,6.62305775e+00,1.00014297e-09
45,1.12415436e+00,3.56223022e-08,99,4,1,13,normal_corr_dominates,7.66859906e+00,1.00000000e+00,2.49999959e+07,-4.13725848e+00,6.20408940e-01,-4.75766742e+00,1.00010273e-09
45,1.12415436e+00,3.56223022e-08,99,4,1,13,corr_ratio_high,5.32021765e-01,5.00000000e-01,2.49999959e+07,-4.13725848e+00,6.20408940e-01,-4.75766742e+00,1.00010273e-09
45,1.12415436e+00,3.56223022e-08,99,4,2,14,normal_corr_dominates,3.79185580e+01,1.00000000e+00,2.50000241e+07,2.41454213e+01,6.20408940e-01,2.35250124e+01,1.00017629e-09
45,1.12415436e+00,3.56223022e-08,99,5,0,15,normal_corr_dominates,1.41835900e+00,1.00000000e+00,2.50000022e+07,2.18546687e+00,-5.22390307e+00,7.40936993e+00,1.00000445e-09
45,1.12415436e+00,3.56223022e-08,99,5,0,15,corr_ratio_high,1.94794966e+00,5.00000000e-01,2.50000022e+07,2.18546687e+00,-5.22390307e+00,7.40936993e+00,1.00000445e-09
45,1.12415436e+00,3.56223022e-08,99,5,1,16,normal_corr_dominates,2.44764768e+00,1.00000000e+00,2.50000076e+07,7.56237114e+00,-5.22390307e+00,1.27862742e+01,1.00019467e-09
45,1.12415436e+00,3.56223022e-08,99,5,2,17,normal_corr_dominates,1.26937900e+00,1.00000000e+00,2.49999881e+07,-1.18550159e+01,-5.22390307e+00,-6.63111282e+00,1.00021545e-09
45,1.12415436e+00,3.56223022e-08,99,6,0,18,normal_corr_dominates,2.39927767e+00,1.00000000e+00,2.50000061e+07,6.07098442e+00,-4.33865598e+00,1.04096404e+01,1.00016207e-09
45,1.12415436e+00,3.56223022e-08,99,6,1,19,normal_corr_dominates,1.60006358e+00,1.00000000e+00,2.49999887e+07,-1.12807814e+01,-4.33865598e+00,-6.94212540e+00,1.00018595e-09
45,1.12415436e+00,3.56223022e-08,99,6,2,20,normal_corr_dominates,1.01693021e+00,1.00000000e+00,2.49999912e+07,-8.75076632e+00,-4.33865598e+00,-4.41211034e+00,1.00018904e-09
45,1.12415436e+00,3.56223022e-08,99,7,0,21,normal_corr_dominates,2.11141069e+00,1.00000000e+00,2.50000015e+07,1.45361821e+00,4.67189437e-01,9.86428771e-01,1.00012097e-09
45,1.12415436e+00,3.56223022e-08,99,7,1,22,normal_corr_dominates,1.36220792e+01,1.00000000e+00,2.50000068e+07,6.83128096e+00,4.67189437e-01,6.36409152e+00,1.00013538e-09
45,1.12415436e+00,3.56223022e-08,99,7,2,23,normal_corr_dominates,3.01413772e+01,1.00000000e+00,2.49999864e+07,-1.36145436e+01,4.67189437e-01,-1.40817330e+01,1.00018900e-09
45,1.12415436e+00,3.56223022e-08,99,8,1,25,normal_corr_dominates,3.51581702e+00,1.00000000e+00,2.49999863e+07,-1.37215160e+01,-3.03854561e+00,-1.06829704e+01,1.00015439e-09
45,1.12415436e+00,3.56223022e-08,99,8,2,26,normal_corr_dominates,8.77302470e+00,1.00000000e+00,2.50000236e+07,2.36186901e+01,-3.03854561e+00,2.66572357e+01,1.00014570e-09
45,1.12415436e+00,3.56223022e-08,99,9,0,27,normal_corr_dominates,1.33459303e+00,1.00000000e+00,2.49999865e+07,-1.34611471e+01,-5.76595018e+00,-7.69519693e+00,1.00013832e-09
45,1.12415436e+00,3.56223022e-08,99,9,2,29,normal_corr_dominates,1.01350771e+00,1.00000000e+00,2.49999884e+07,-1.16097851e+01,-5.76595018e+00,-5.84383496e+00,1.00010467e-09
45,1.12415436e+00,3.56223022e-08,99,10,0,30,normal_corr_dominates,2.33798476e+01,1.00000000e+00,2.50000107e+07,1.06753124e+01,-4.77005588e-01,1.11523180e+01,1.00013784e-09
45,1.12415436e+00,3.56223022e-08,99,10,1,31,normal_corr_dominates,4.08046768e+01,1.00000000e+00,2.49999801e+07,-1.99410644e+01,-4.77005588e-01,-1.94640588e+01,1.00007789e-09
45,1.12415436e+00,3.56223022e-08,99,10,1,31,corr_ratio_high,1.18021438e+00,5.00000000e-01,2.49999801e+07,-1.99410644e+01,-4.77005588e-01,-1.94640588e+01,1.00007789e-09
45,1.12415436e+00,3.56223022e-08,99,10,2,32,normal_corr_dominates,3.41435651e+01,1.00000000e+00,2.49999832e+07,-1.67636769e+01,-4.77005588e-01,-1.62866713e+01,1.00020997e-09
45,1.12415436e+00,3.56223022e-08,99,11,0,33,normal_corr_dominates,9.58828026e+00,1.00000000e+00,2.50000219e+07,2.18773674e+01,-2.54735136e+00,2.44247188e+01,1.00017096e-09
45,1.12415436e+00,3.56223022e-08,99,11,1,34,normal_corr_dominates,9.96486693e+00,1.00000000e+00,2.49999721e+07,-2.79313687e+01,-2.54735136e+00,-2.53840173e+01,1.00014465e-09
45,1.12415436e+00,3.56223022e-08,99,11,2,35,normal_corr_dominates,7.46539129e+00,1.00000000e+00,2.49999784e+07,-2.15643260e+01,-2.54735136e+00,-1.90169746e+01,1.00016411e-09
45,1.12415436e+00,3.56223022e-08,99,12,0,36,normal_corr_dominates,1.05017996e+00,1.00000000e+00,2.49999998e+07,-2.46476086e-01,4.91184275e+00,-5.15831884e+00,1.00005262e-09
45,1.12415436e+00,3.56223022e-08,99,12,0,36,corr_ratio_high,1.48138321e+00,5.00000000e-01,2.49999998e+07,-2.46476086e-01,4.91184275e+00,-5.15831884e+00,1.00005262e-09
45,1.12415436e+00,3.56223022e-08,99,12,1,37,normal_corr_dominates,5.78282345e+00,1.00000000e+00,2.49999765e+07,-2.34924767e+01,4.91184275e+00,-2.84043195e+01,1.00013854e-09
45,1.12415436e+00,3.56223022e-08,99,12,2,38,normal_corr_dominates,5.55632101e+00,1.00000000e+00,2.50000322e+07,3.22036179e+01,4.91184275e+00,2.72917751e+01,1.00021195e-09
45,1.12415436e+00,3.56223022e-08,99,13,0,39,normal_corr_dominates,8.04919979e+00,1.00000000e+00,2.49999774e+07,-2.26201985e+01,-2.49969047e+00,-2.01205080e+01,1.00017254e-09
45,1.12415436e+00,3.56223022e-08,99,13,1,40,normal_corr_dominates,6.20273434e+00,1.00000000e+00,2.50000130e+07,1.30052254e+01,-2.49969047e+00,1.55049159e+01,1.00014459e-09
45,1.12415436e+00,3.56223022e-08,99,13,2,41,normal_corr_dominates,4.36362440e+00,1.00000000e+00,2.49999866e+07,-1.34074008e+01,-2.49969047e+00,-1.09077103e+01,1.00017114e-09
45,1.12415436e+00,3.56223022e-08,99,14,0,42,normal_corr_dominates,2.93322580e+00,1.00000000e+00,2.49999912e+07,-8.75901437e+00,4.53077668e+00,-1.32897911e+01,1.00010915e-09
45,1.12415436e+00,3.56223022e-08,99,14,1,43,normal_corr_dominates,1.48696170e+00,1.00000000e+00,2.50000113e+07,1.12678681e+01,4.53077668e+00,6.73709140e+00,1.00005357e-09
45,1.12415436e+00,3.56223022e-08,99,14,1,43,corr_ratio_high,1.29526449e+00,5.00000000e-01,2.50000113e+07,1.12678681e+01,4.53077668e+00,6.73709140e+00,1.00005357e-09
45,1.12415436e+00,3.56223022e-08,99,14,2,44,normal_corr_dominates,4.23847937e+00,1.00000000e+00,2.49999853e+07,-1.46728268e+01,4.53077668e+00,-1.92036035e+01,1.00024101e-09
45,1.12415436e+00,3.56223022e-08,99,14,2,44,corr_ratio_high,5.15815311e-01,5.00000000e-01,2.49999853e+07,-1.46728268e+01,4.53077668e+00,-1.92036035e+01,1.00024101e-09
46,1.14779430e+00,3.63714066e-08,99,0,0,0,normal_corr_dominates,6.51039624e+01,1.00000000e+00,2.49999628e+07,-3.72084448e+01,5.80439078e-01,-3.77888839e+01,1.00005488e-09
46,1.14779430e+00,3.63714066e-08,99,0,0,0,corr_ratio_high,1.32585345e+00,5.00000000e-01,2.49999628e+07,-3.72084448e+01,5.80439078e-01,-3.77888839e+01,1.00005488e-09
46,1.14779430e+00,3.63714066e-08,99,0,1,1,normal_corr_dominates,4.69284556e+01,1.00000000e+00,2.50000278e+07,2.78195486e+01,5.80439078e-01,2.72391095e+01,1.00019579e-09
46,1.14779430e+00,3.63714066e-08,99,0,2,2,normal_corr_dominates,1.61626765e+01,1.00000000e+00,2.49999912e+07,-8.80100998e+00,5.80439078e-01,-9.38144905e+00,1.00018810e-09
46,1.14779430e+00,3.63714066e-08,99,1,0,3,normal_corr_dominates,7.07843862e+00,1.00000000e+00,2.49999853e+07,-1.47023217e+01,2.41876616e+00,-1.71210878e+01,1.00010298e-09
46,1.14779430e+00,3.63714066e-08,99,1,0,3,corr_ratio_high,1.04335225e+00,5.00000000e-01,2.49999853e+07,-1.47023217e+01,2.41876616e+00,-1.71210878e+01,1.00010298e-09
46,1.14779430e+00,3.63714066e-08,99,1,2,5,normal_corr_dominates,3.27429808e+00,1.00000000e+00,2.49999945e+07,-5.50099523e+00,2.41876616e+00,-7.91976139e+00,1.00019148e-09
46,1.14779430e+00,3.63714066e-08,99,2,0,6,normal_corr_dominates,1.41507114e+00,1.00000000e+00,2.49999874e+07,-1.25792212e+01,-5.20863379e+00,-7.37058738e+00,1.00015949e-09
46,1.14779430e+00,3.63714066e-08,99,2,1,7,normal_corr_dominates,2.50767236e+00,1.00000000e+00,2.50000079e+07,7.85291321e+00,-5.20863379e+00,1.30615470e+01,1.00017740e-09
46,1.14779430e+00,3.63714066e-08,99,3,0,9,normal_corr_dominates,8.07488595e+00,1.00000000e+00,2.50000156e+07,1.55617747e+01,1.71481766e+00,1.38469570e+01,1.00017495e-09
46,1.14779430e+00,3.63714066e-08,99,3,1,10,normal_corr_dominates,1.60396678e+01,1.00000000e+00,2.50000292e+07,2.92199233e+01,1.71481766e+00,2.75051056e+01,1.00017082e-09
46,1.14779430e+00,3.63714066e-08,99,3,2,11,normal_corr_dominates,1.04725569e+01,1.00000000e+00,2.49999838e+07,-1.62437079e+01,1.71481766e+00,-1.79585256e+01,1.00016067e-09
46,1.14779430e+00,3.63714066e-08,99,4,0,12,normal_corr_dominates,1.06907597e+01,1.00000000e+00,2.50000074e+07,7.38192661e+00,6.31432584e-01,6.75049402e+00,1.00014576e-09
46,1.14779430e+00,3.63714066e-08,99,4,1,13,normal_corr_dominates,7.68361036e+00,1.00000000e+00,2.49999958e+07,-4.22024936e+00,6.31432584e-01,-4.85168194e+00,1.00010474e-09
46,1.14779430e+00,3.63714066e-08,99,4,1,13,corr_ratio_high,5.31885527e-01,5.00000000e-01,2.49999958e+07,-4.22024936e+00,6.31432584e-01,-4.85168194e+00,1.00010474e-09
46,1.14779430e+00,3.63714066e-08,99,4,2,14,normal_corr_dominates,3.79857961e+01,1.00000000e+00,2.50000246e+07,2.46169020e+01,6.31432584e-01,2.39854694e+01,1.00017972e-09
46,1.14779430e+00,3.63714066e-08,99,5,0,15,normal_corr_dominates,1.41835534e+00,1.00000000e+00,2.50000022e+07,2.22830875e+00,-5.32635429e+00,7.55466304e+00,1.00000454e-09
46,1.14779430e+00,3.63714066e-08,99,5,0,15,corr_ratio_high,1.94777576e+00,5.00000000e-01,2.50000022e+07,2.22830875e+00,-5.32635429e+00,7.55466304e+00,1.00000454e-09
46,1.14779430e+00,3.63714066e-08,99,5,1,16,normal_corr_dominates,2.44726918e+00,1.00000000e+00,2.50000077e+07,7.70866843e+00,-5.32635429e+00,1.30350227e+01,1.00019847e-09
46,1.14779430e+00,3.63714066e-08,99,5,2,17,normal_corr_dominates,1.26883162e+00,1.00000000e+00,2.49999879e+07,-1.20846010e+01,-5.32635429e+00,-6.75824673e+00,1.00021964e-09
46,1.14779430e+00,3.63714066e-08,99,6,0,18,normal_corr_dominates,2.39849272e+00,1.00000000e+00,2.50000062e+07,6.18722954e+00,-4.42421291e+00,1.06114425e+01,1.00016523e-09
46,1.14779430e+00,3.63714066e-08,99,6,1,19,normal_corr_dominates,1.59896980e+00,1.00000000e+00,2.49999885e+07,-1.14983957e+01,-4.42421291e+00,-7.07418283e+00,1.00018958e-09
46,1.14779430e+00,3.63714066e-08,99,6,2,20,normal_corr_dominates,1.01607622e+00,1.00000000e+00,2.49999911e+07,-8.91955045e+00,-4.42421291e+00,-4.49533753e+00,1.00019271e-09
46,1.14779430e+00,3.63714066e-08,99,7,0,21,normal_corr_dominates,2.10803936e+00,1.00000000e+00,2.50000015e+07,1.47938575e+00,4.75986814e-01,1.00339894e+00,1.00012333e-09
46,1.14779430e+00,3.63714066e-08,99,7,1,22,normal_corr_dominates,1.36315578e+01,1.00000000e+00,2.50000070e+07,6.96442856e+00,4.75986814e-01,6.48844175e+00,1.00013802e-09
46,1.14779430e+00,3.63714066e-08,99,7,2,23,normal_corr_dominates,3.01570615e+01,1.00000000e+00,2.49999861e+07,-1.38783768e+01,4.75986814e-01,-1.43543636e+01,1.00019268e-09
46,1.14779430e+00,3.63714066e-08,99,8,1,25,normal_corr_dominates,3.51434810e+00,1.00000000e+00,2.49999860e+07,-1.39881449e+01,-3.09859687e+00,-1.08895480e+01,1.00015740e-09
46,1.14779430e+00,3.63714066e-08,99,8,2,26,normal_corr_dominates,8.77112501e+00,1.00000000e+00,2.50000241e+07,2.40795836e+01,-3.09859687e+00,2.71781805e+01,1.00014854e-09
46,1.14779430e+00,3.63714066e-08,99,9,0,27,normal_corr_dominates,1.33468848e+00,1.00000000e+00,2.49999863e+07,-1.37242291e+01,-5.87839843e+00,-7.84583069e+00,1.00014102e-09
46,1.14779430e+00,3.63714066e-08,99,9,2,29,normal_corr_dominates,1.01331510e+00,1.00000000e+00,2.49999882e+07,-1.18350683e+01,-5.87839843e+00,-5.95666990e+00,1.00010672e-09
46,1.14779430e+00,3.63714066e-08,99,10,0,30,normal_corr_dominates,2.34080131e+01,1.00000000e+00,2.50000109e+07,1.08840395e+01,-4.85720863e-01,1.13697603e+01,1.00014053e-09
46,1.14779430e+00,3.63714066e-08,99,10,1,31,normal_corr_dominates,4.08518988e+01,1.00000000e+00,2.49999797e+07,-2.03283404e+01,-4.85720863e-01,-1.98426196e+01,1.00007941e-09
46,1.14779430e+00,3.63714066e-08,99,10,1,31,corr_ratio_high,1.17991233e+00,5.00000000e-01,2.49999797e+07,-2.03283404e+01,-4.85720863e-01,-1.98426196e+01,1.00007941e-09
46,1.14779430e+00,3.63714066e-08,99,10,2,32,normal_corr_dominates,3.41803024e+01,1.00000000e+00,2.49999829e+07,-1.70878069e+01,-4.85720863e-01,-1.66020860e+01,1.00021406e-09
46,1.14779430e+00,3.63714066e-08,99,11,0,33,normal_corr_dominates,9.58714447e+00,1.00000000e+00,2.50000223e+07,2.23051854e+01,-2.59750904e+00,2.49026945e+01,1.00017429e-09
46,1.14779430e+00,3.63714066e-08,99,11,1,34,normal_corr_dominates,9.96221820e+00,1.00000000e+00,2.49999715e+07,-2.84744609e+01,-2.59750904e+00,-2.58769519e+01,1.00014748e-09
46,1.14779430e+00,3.63714066e-08,99,11,2,35,normal_corr_dominates,7.46378933e+00,1.00000000e+00,2.49999780e+07,-2.19847693e+01,-2.59750904e+00,-1.93872603e+01,1.00016731e-09
46,1.14779430e+00,3.63714066e-08,99,12,0,36,normal_corr_dominates,1.05027808e+00,1.00000000e+00,2.49999997e+07,-2.51722640e-01,5.00660816e+00,-5.25833080e+00,1.00005365e-09
46,1.14779430e+00,3.63714066e-08,99,12,0,36,corr_ratio_high,1.48126926e+00,5.00000000e-01,2.49999997e+07,-2.51722640e-01,5.00660816e+00,-5.25833080e+00,1.00005365e-09
46,1.14779430e+00,3.63714066e-08,99,12,1,37,normal_corr_dominates,5.78408572e+00,1.00000000e+00,2.49999760e+07,-2.39520426e+01,5.00660816e+00,-2.89586507e+01,1.00014125e-09
46,1.14779430e+00,3.63714066e-08,99,12,2,38,normal_corr_dominates,5.55751872e+00,1.00000000e+00,2.50000328e+07,3.28309267e+01,5.00660816e+00,2.78243186e+01,1.00021608e-09
46,1.14779430e+00,3.63714066e-08,99,13,0,39,normal_corr_dominates,8.04667023e+00,1.00000000e+00,2.49999769e+07,-2.30602796e+01,-2.54903507e+00,-2.05112446e+01,1.00017590e-09
46,1.14779430e+00,3.63714066e-08,99,13,1,40,normal_corr_dominates,6.20109482e+00,1.00000000e+00,2.50000133e+07,1.32577731e+01,-2.54903507e+00,1.58068081e+01,1.00014741e-09
46,1.14779430e+00,3.63714066e-08,99,13,2,41,normal_corr_dominates,4.36172718e+00,1.00000000e+00,2.49999863e+07,-1.36672306e+01,-2.54903507e+00,-1.11181955e+01,1.00017447e-09
46,1.14779430e+00,3.63714066e-08,99,14,0,42,normal_corr_dominates,2.93379142e+00,1.00000000e+00,2.49999911e+07,-8.93034446e+00,4.61804948e+00,-1.35483939e+01,1.00011128e-09
46,1.14779430e+00,3.63714066e-08,99,14,1,43,normal_corr_dominates,1.48742909e+00,1.00000000e+00,2.50000115e+07,1.14870706e+01,4.61804948e+00,6.86902112e+00,1.00005462e-09
46,1.14779430e+00,3.63714066e-08,99,14,1,43,corr_ratio_high,1.29506929e+00,5.00000000e-01,2.50000115e+07,1.14870706e+01,4.61804948e+00,6.86902112e+00,1.00005462e-09
46,1.14779430e+00,3.63714066e-08,99,14,2,44,normal_corr_dominates,4.23912048e+00,1.00000000e+00,2.49999850e+07,-1.49584186e+01,4.61804948e+00,-1.95764681e+01,1.00024570e-09
46,1.14779430e+00,3.63714066e-08,99,14,2,44,corr_ratio_high,5.15799254e-01,5.00000000e-01,2.49999850e+07,-1.49584186e+01,4.61804948e+00,-1.95764681e+01,1.00024570e-09
47,1.17023357e+00,3.70824640e-08,99,0,0,0,normal_corr_dominates,6.51331678e+01,1.00000000e+00,2.49999621e+07,-3.78876271e+01,5.90764941e-01,-3.84783920e+01,1.00005587e-09
47,1.17023357e+00,3.70824640e-08,99,0,0,0,corr_ratio_high,1.32580479e+00,5.00000000e-01,2.49999621e+07,-3.78876271e+01,5.90764941e-01,-3.84783920e+01,1.00005587e-09
47,1.17023357e+00,3.70824640e-08,99,0,1,1,normal_corr_dominates,4.69407023e+01,1.00000000e+00,2.50000283e+07,2.83216861e+01,5.90764941e-01,2.77309212e+01,1.00019934e-09
47,1.17023357e+00,3.70824640e-08,99,0,2,2,normal_corr_dominates,1.61619200e+01,1.00000000e+00,2.49999910e+07,-8.95713077e+00,5.90764941e-01,-9.54789571e+00,1.00019151e-09
47,1.17023357e+00,3.70824640e-08,99,1,0,3,normal_corr_dominates,7.08060873e+00,1.00000000e+00,2.49999850e+07,-1.49737833e+01,2.46254675e+00,-1.74363300e+01,1.00010484e-09
47,1.17023357e+00,3.70824640e-08,99,1,0,3,corr_ratio_high,1.04339485e+00,5.00000000e-01,2.49999850e+07,-1.49737833e+01,2.46254675e+00,-1.74363300e+01,1.00010484e-09
47,1.17023357e+00,3.70824640e-08,99,1,2,5,normal_corr_dominates,3.27303292e+00,1.00000000e+00,2.49999944e+07,-5.59744984e+00,2.46254675e+00,-8.05999660e+00,1.00019494e-09
47,1.17023357e+00,3.70824640e-08,99,2,0,6,normal_corr_dominates,1.41502220e+00,1.00000000e+00,2.49999872e+07,-1.28097919e+01,-5.30421288e+00,-7.50557900e+00,1.00016238e-09
47,1.17023357e+00,3.70824640e-08,99,2,1,7,normal_corr_dominates,2.50692995e+00,1.00000000e+00,2.50000080e+07,7.99307727e+00,-5.30421288e+00,1.32972901e+01,1.00018061e-09
47,1.17023357e+00,3.70824640e-08,99,3,0,9,normal_corr_dominates,8.07333049e+00,1.00000000e+00,2.50000158e+07,1.58416646e+01,1.74595918e+00,1.40957055e+01,1.00017811e-09
47,1.17023357e+00,3.70824640e-08,99,3,1,10,normal_corr_dominates,1.60401674e+01,1.00000000e+00,2.50000298e+07,2.97514366e+01,1.74595918e+00,2.80054775e+01,1.00017392e-09
47,1.17023357e+00,3.70824640e-08,99,3,2,11,normal_corr_dominates,1.04715427e+01,1.00000000e+00,2.49999835e+07,-1.65369270e+01,1.74595918e+00,-1.82828862e+01,1.00016358e-09
47,1.17023357e+00,3.70824640e-08,99,4,0,12,normal_corr_dominates,1.07055088e+01,1.00000000e+00,2.50000075e+07,7.51302934e+00,6.41837059e-01,6.87119228e+00,1.00014840e-09
47,1.17023357e+00,3.70824640e-08,99,4,1,13,normal_corr_dominates,7.69789050e+00,1.00000000e+00,2.49999957e+07,-4.29895434e+00,6.41837059e-01,-4.94079139e+00,1.00010665e-09
47,1.17023357e+00,3.70824640e-08,99,4,1,13,corr_ratio_high,5.31757896e-01,5.00000000e-01,2.49999957e+07,-4.29895434e+00,6.41837059e-01,-4.94079139e+00,1.00010665e-09
47,1.17023357e+00,3.70824640e-08,99,4,2,14,normal_corr_dominates,3.80497803e+01,1.00000000e+00,2.50000251e+07,2.50635961e+01,6.41837059e-01,2.44217590e+01,1.00018297e-09
47,1.17023357e+00,3.70824640e-08,99,5,0,15,normal_corr_dominates,1.41834906e+00,1.00000000e+00,2.50000023e+07,2.26889531e+00,-5.42345022e+00,7.69234553e+00,1.00000463e-09
47,1.17023357e+00,3.70824640e-08,99,5,0,15,corr_ratio_high,1.94761350e+00,5.00000000e-01,2.50000023e+07,2.26889531e+00,-5.42345022e+00,7.69234553e+00,1.00000463e-09
47,1.17023357e+00,3.70824640e-08,99,5,1,16,normal_corr_dominates,2.44690653e+00,1.00000000e+00,2.50000078e+07,7.84722555e+00,-5.42345022e+00,1.32706758e+01,1.00020206e-09
47,1.17023357e+00,3.70824640e-08,99,5,2,17,normal_corr_dominates,1.26831587e+00,1.00000000e+00,2.49999877e+07,-1.23020982e+01,-5.42345022e+00,-6.87864799e+00,1.00022361e-09
47,1.17023357e+00,3.70824640e-08,99,6,0,18,normal_corr_dominates,2.39774974e+00,1.00000000e+00,2.50000063e+07,6.29729531e+00,-4.50530960e+00,1.08026049e+01,1.00016823e-09
47,1.17023357e+00,3.70824640e-08,99,6,1,19,normal_corr_dominates,1.59794023e+00,1.00000000e+00,2.49999883e+07,-1.17045250e+01,-4.50530960e+00,-7.19921544e+00,1.00019301e-09
47,1.17023357e+00,3.70824640e-08,99,6,2,20,normal_corr_dominates,1.01527434e+00,1.00000000e+00,2.49999909e+07,-9.07943481e+00,-4.50530960e+00,-4.57412521e+00,1.00019620e-09
47,1.17023357e+00,3.70824640e-08,99,7,0,21,normal_corr_dominates,2.10491311e+00,1.00000000e+00,2.50000015e+07,1.50371562e+00,4.84301997e-01,1.01941362e+00,1.00012556e-09
47,1.17023357e+00,3.70824640e-08,99,7,1,22,normal_corr_dominates,1.36408056e+01,1.00000000e+00,2.50000071e+07,7.09057140e+00,4.84301997e-01,6.60626940e+00,1.00014052e-09
47,1.17023357e+00,3.70824640e-08,99,7,2,23,normal_corr_dominates,3.01725363e+01,1.00000000e+00,2.49999859e+07,-1.41283176e+01,4.84301997e-01,-1.46126196e+01,1.00019616e-09
47,1.17023357e+00,3.70824640e-08,99,8,1,25,normal_corr_dominates,3.51295362e+00,1.00000000e+00,2.49999858e+07,-1.42407347e+01,-3.15552428e+00,-1.10852104e+01,1.00016025e-09
47,1.17023357e+00,3.70824640e-08,99,8,2,26,normal_corr_dominates,8.76930812e+00,1.00000000e+00,2.50000245e+07,2.45162404e+01,-3.15552428e+00,2.76717647e+01,1.00015123e-09
47,1.17023357e+00,3.70824640e-08,99,9,0,27,normal_corr_dominates,1.33477567e+00,1.00000000e+00,2.49999860e+07,-1.39735075e+01,-5.98494651e+00,-7.98856096e+00,1.00014357e-09
47,1.17023357e+00,3.70824640e-08,99,9,2,29,normal_corr_dominates,1.01313254e+00,1.00000000e+00,2.49999880e+07,-1.20484905e+01,-5.98494651e+00,-6.06354404e+00,1.00010866e-09
47,1.17023357e+00,3.70824640e-08,99,10,0,30,normal_corr_dominates,2.34338335e+01,1.00000000e+00,2.50000111e+07,1.10818027e+01,-4.93977218e-01,1.15757799e+01,1.00014307e-09
47,1.17023357e+00,3.70824640e-08,99,10,1,31,normal_corr_dominates,4.08950993e+01,1.00000000e+00,2.49999793e+07,-2.06952246e+01,-4.93977218e-01,-2.02012474e+01,1.00008086e-09
47,1.17023357e+00,3.70824640e-08,99,10,1,31,corr_ratio_high,1.17962947e+00,5.00000000e-01,2.49999793e+07,-2.06952246e+01,-4.93977218e-01,-2.02012474e+01,1.00008086e-09
47,1.17023357e+00,3.70824640e-08,99,10,2,32,normal_corr_dominates,3.42138741e+01,1.00000000e+00,2.49999826e+07,-1.73948516e+01,-4.93977218e-01,-1.69008744e+01,1.00021793e-09
47,1.17023357e+00,3.70824640e-08,99,11,0,33,normal_corr_dominates,9.58601764e+00,1.00000000e+00,2.50000227e+07,2.27105032e+01,-2.64505666e+00,2.53555598e+01,1.00017744e-09
47,1.17023357e+00,3.70824640e-08,99,11,1,34,normal_corr_dominates,9.95967610e+00,1.00000000e+00,2.49999710e+07,-2.89889643e+01,-2.64505666e+00,-2.63439076e+01,1.00015015e-09
47,1.17023357e+00,3.70824640e-08,99,11,2,35,normal_corr_dominates,7.46224280e+00,1.00000000e+00,2.49999776e+07,-2.23831117e+01,-2.64505666e+00,-1.97380550e+01,1.00017034e-09
47,1.17023357e+00,3.70824640e-08,99,12,0,36,normal_corr_dominates,1.05037146e+00,1.00000000e+00,2.49999997e+07,-2.56710827e-01,5.09635435e+00,-5.35306518e+00,1.00005462e-09
47,1.17023357e+00,3.70824640e-08,99,12,0,36,corr_ratio_high,1.48116208e+00,5.00000000e-01,2.49999997e+07,-2.56710827e-01,5.09635435e+00,-5.35306518e+00,1.00005462e-09
47,1.17023357e+00,3.70824640e-08,99,12,1,37,normal_corr_dominates,5.78528278e+00,1.00000000e+00,2.49999756e+07,-2.43874967e+01,5.09635435e+00,-2.94838511e+01,1.00014382e-09
47,1.17023357e+00,3.70824640e-08,99,12,2,38,normal_corr_dominates,5.55865355e+00,1.00000000e+00,2.50000334e+07,3.34252226e+01,5.09635435e+00,2.83288682e+01,1.00021999e-09
47,1.17023357e+00,3.70824640e-08,99,13,0,39,normal_corr_dominates,8.04424759e+00,1.00000000e+00,2.49999765e+07,-2.34772073e+01,-2.59581652e+00,-2.08813907e+01,1.00017909e-09
47,1.17023357e+00,3.70824640e-08,99,13,1,40,normal_corr_dominates,6.19951998e+00,1.00000000e+00,2.50000135e+07,1.34969998e+01,-2.59581652e+00,1.60928164e+01,1.00015008e-09
47,1.17023357e+00,3.70824640e-08,99,13,2,41,normal_corr_dominates,4.35992099e+00,1.00000000e+00,2.49999861e+07,-1.39133714e+01,-2.59581652e+00,-1.13175549e+01,1.00017763e-09
47,1.17023357e+00,3.70824640e-08,99,14,0,42,normal_corr_dominates,2.93432557e+00,1.00000000e+00,2.49999909e+07,-9.09268252e+00,4.70069912e+00,-1.37933816e+01,1.00011330e-09
47,1.17023357e+00,3.70824640e-08,99,14,1,43,normal_corr_dominates,1.48787041e+00,1.00000000e+00,2.50000117e+07,1.16947303e+01,4.70069912e+00,6.99403114e+00,1.00005561e-09
47,1.17023357e+00,3.70824640e-08,99,14,1,43,corr_ratio_high,1.29488603e+00,5.00000000e-01,2.50000117e+07,1.16947303e+01,4.70069912e+00,6.99403114e+00,1.00005561e-09
47,1.17023357e+00,3.70824640e-08,99,14,2,44,normal_corr_dominates,4.23973114e+00,1.00000000e+00,2.49999848e+07,-1.52290013e+01,4.70069912e+00,-1.99297004e+01,1.00025014e-09
47,1.17023357e+00,3.70824640e-08,99,14,2,44,corr_ratio_high,5.15784115e-01,5.00000000e-01,2.49999848e+07,-1.52290013e+01,4.70069912e+00,-1.99297004e+01,1.00025014e-09
48,1.19249982e+00,3.77880392e-08,99,0,0,0,normal_corr_dominates,6.51633573e+01,1.00000000e+00,2.49999614e+07,-3.85605043e+01,6.00973919e-01,-3.91614782e+01,1.00005686e-09
48,1.19249982e+00,3.77880392e-08,99,0,0,0,corr_ratio_high,1.32575695e+00,5.00000000e-01,2.49999614e+07,-3.85605043e+01,6.00973919e-01,-3.91614782e+01,1.00005686e-09
48,1.19249982e+00,3.77880392e-08,99,0,1,1,normal_corr_dominates,4.69538256e+01,1.00000000e+00,2.50000288e+07,2.88189985e+01,6.00973919e-01,2.82180245e+01,1.00020285e-09
48,1.19249982e+00,3.77880392e-08,99,0,2,2,normal_corr_dominates,1.61615580e+01,1.00000000e+00,2.49999909e+07,-9.11170093e+00,6.00973919e-01,-9.71267485e+00,1.00019489e-09
48,1.19249982e+00,3.77880392e-08,99,1,0,3,normal_corr_dominates,7.08277389e+00,1.00000000e+00,2.49999848e+07,-1.52428052e+01,2.50589706e+00,-1.77487022e+01,1.00010668e-09
48,1.19249982e+00,3.77880392e-08,99,1,0,3,corr_ratio_high,1.04343583e+00,5.00000000e-01,2.49999848e+07,-1.52428052e+01,2.50589706e+00,-1.77487022e+01,1.00010668e-09
48,1.19249982e+00,3.77880392e-08,99,1,2,5,normal_corr_dominates,3.27181234e+00,1.00000000e+00,2.49999943e+07,-5.69292785e+00,2.50589706e+00,-8.19882491e+00,1.00019837e-09
48,1.19249982e+00,3.77880392e-08,99,2,0,6,normal_corr_dominates,1.41497072e+00,1.00000000e+00,2.49999870e+07,-1.30382521e+01,-5.39892761e+00,-7.63932451e+00,1.00016525e-09
48,1.19249982e+00,3.77880392e-08,99,2,1,7,normal_corr_dominates,2.50619770e+00,1.00000000e+00,2.50000081e+07,8.13185237e+00,-5.39892761e+00,1.35307800e+01,1.00018379e-09
48,1.19249982e+00,3.77880392e-08,99,3,0,9,normal_corr_dominates,8.07186658e+00,1.00000000e+00,2.50000161e+07,1.61188354e+01,1.77679370e+00,1.43420417e+01,1.00018125e-09
48,1.19249982e+00,3.77880392e-08,99,3,1,10,normal_corr_dominates,1.60407654e+01,1.00000000e+00,2.50000303e+07,3.02779246e+01,1.77679370e+00,2.85011309e+01,1.00017698e-09
48,1.19249982e+00,3.77880392e-08,99,3,2,11,normal_corr_dominates,1.04706219e+01,1.00000000e+00,2.49999832e+07,-1.68273413e+01,1.77679370e+00,-1.86041350e+01,1.00016647e-09
48,1.19249982e+00,3.77880392e-08,99,4,0,12,normal_corr_dominates,1.07202187e+01,1.00000000e+00,2.50000076e+07,7.64281409e+00,6.52105077e-01,6.99070901e+00,1.00015102e-09
48,1.19249982e+00,3.77880392e-08,99,4,1,13,normal_corr_dominates,7.71208680e+00,1.00000000e+00,2.49999956e+07,-4.37698588e+00,6.52105077e-01,-5.02909096e+00,1.00010855e-09
48,1.19249982e+00,3.77880392e-08,99,4,1,13,corr_ratio_high,5.31632833e-01,5.00000000e-01,2.49999956e+07,-4.37698588e+00,6.52105077e-01,-5.02909096e+00,1.00010855e-09
48,1.19249982e+00,3.77880392e-08,99,4,2,14,normal_corr_dominates,3.81134071e+01,1.00000000e+00,2.50000255e+07,2.55060514e+01,6.52105077e-01,2.48539463e+01,1.00018619e-09
48,1.19249982e+00,3.77880392e-08,99,5,0,15,normal_corr_dominates,1.41834027e+00,1.00000000e+00,2.50000023e+07,2.30909364e+00,-5.51965426e+00,7.82874790e+00,1.00000471e-09
48,1.19249982e+00,3.77880392e-08,99,5,0,15,corr_ratio_high,1.94745514e+00,5.00000000e-01,2.50000023e+07,2.30909364e+00,-5.51965426e+00,7.82874790e+00,1.00000471e-09
48,1.19249982e+00,3.77880392e-08,99,5,1,16,normal_corr_dominates,2.44654371e+00,1.00000000e+00,2.50000080e+07,7.98442112e+00,-5.51965426e+00,1.35040754e+01,1.00020563e-09
48,1.19249982e+00,3.77880392e-08,99,5,2,17,normal_corr_dominates,1.26780775e+00,1.00000000e+00,2.49999875e+07,-1.25175147e+01,-5.51965426e+00,-6.99786047e+00,1.00022754e-09
48,1.19249982e+00,3.77880392e-08,99,6,0,18,normal_corr_dominates,2.39701468e+00,1.00000000e+00,2.50000064e+07,6.40625199e+00,-4.58567265e+00,1.09919246e+01,1.00017120e-09
48,1.19249982e+00,3.77880392e-08,99,6,1,19,normal_corr_dominates,1.59692689e+00,1.00000000e+00,2.49999881e+07,-1.19086566e+01,-4.58567265e+00,-7.32298398e+00,1.00019641e-09
48,1.19249982e+00,3.77880392e-08,99,6,2,20,normal_corr_dominates,1.01448688e+00,1.00000000e+00,2.49999908e+07,-9.23777740e+00,-4.58567265e+00,-4.65210475e+00,1.00019965e-09
48,1.19249982e+00,3.77880392e-08,99,7,0,21,normal_corr_dominates,2.10187898e+00,1.00000000e+00,2.50000015e+07,1.52773601e+00,4.92519539e-01,1.03521647e+00,1.00012777e-09
48,1.19249982e+00,3.77880392e-08,99,7,1,22,normal_corr_dominates,1.36502059e+01,1.00000000e+00,2.50000072e+07,7.21551267e+00,4.92519539e-01,6.72299313e+00,1.00014300e-09
48,1.19249982e+00,3.77880392e-08,99,7,2,23,normal_corr_dominates,3.01884174e+01,1.00000000e+00,2.49999856e+07,-1.43758659e+01,4.92519539e-01,-1.48683854e+01,1.00019962e-09
48,1.19249982e+00,3.77880392e-08,99,8,1,25,normal_corr_dominates,3.51157023e+00,1.00000000e+00,2.49999855e+07,-1.44909070e+01,-3.21194313e+00,-1.12789639e+01,1.00016308e-09
48,1.19249982e+00,3.77880392e-08,99,8,2,26,normal_corr_dominates,8.76749342e+00,1.00000000e+00,2.50000249e+07,2.49487472e+01,-3.21194313e+00,2.81606903e+01,1.00015390e-09
48,1.19249982e+00,3.77880392e-08,99,9,0,27,normal_corr_dominates,1.33485904e+00,1.00000000e+00,2.49999858e+07,-1.42204461e+01,-6.09049449e+00,-8.12995162e+00,1.00014610e-09
48,1.19249982e+00,3.77880392e-08,99,9,2,29,normal_corr_dominates,1.01295172e+00,1.00000000e+00,2.49999877e+07,-1.22598714e+01,-6.09049449e+00,-6.16937688e+00,1.00011058e-09
48,1.19249982e+00,3.77880392e-08,99,10,0,30,normal_corr_dominates,2.34586123e+01,1.00000000e+00,2.50000113e+07,1.12776981e+01,-5.02154718e-01,1.17798528e+01,1.00014559e-09
48,1.19249982e+00,3.77880392e-08,99,10,1,31,normal_corr_dominates,4.09364722e+01,1.00000000e+00,2.49999789e+07,-2.10585974e+01,-5.02154718e-01,-2.05564427e+01,1.00008229e-09
48,1.19249982e+00,3.77880392e-08,99,10,1,31,corr_ratio_high,1.17935242e+00,5.00000000e-01,2.49999789e+07,-2.10585974e+01,-5.02154718e-01,-2.05564427e+01,1.00008229e-09
48,1.19249982e+00,3.77880392e-08,99,10,2,32,normal_corr_dominates,3.42459907e+01,1.00000000e+00,2.49999823e+07,-1.76989405e+01,-5.02154718e-01,-1.71967858e+01,1.00022177e-09
48,1.19249982e+00,3.77880392e-08,99,11,0,33,normal_corr_dominates,9.58485568e+00,1.00000000e+00,2.50000231e+07,2.31119655e+01,-2.69217869e+00,2.58041442e+01,1.00018056e-09
48,1.19249982e+00,3.77880392e-08,99,11,1,34,normal_corr_dominates,9.95712931e+00,1.00000000e+00,2.49999705e+07,-2.94985501e+01,-2.69217869e+00,-2.68063714e+01,1.00015281e-09
48,1.19249982e+00,3.77880392e-08,99,11,2,35,normal_corr_dominates,7.46068527e+00,1.00000000e+00,2.49999772e+07,-2.27776766e+01,-2.69217869e+00,-2.00854979e+01,1.00017334e-09
48,1.19249982e+00,3.77880392e-08,99,12,0,36,normal_corr_dominates,1.05046432e+00,1.00000000e+00,2.49999997e+07,-2.61668269e-01,5.18521354e+00,-5.44688181e+00,1.00005559e-09
48,1.19249982e+00,3.77880392e-08,99,12,0,36,corr_ratio_high,1.48105666e+00,5.00000000e-01,2.49999997e+07,-2.61668269e-01,5.18521354e+00,-5.44688181e+00,1.00005559e-09
48,1.19249982e+00,3.77880392e-08,99,12,1,37,normal_corr_dominates,5.78646923e+00,1.00000000e+00,2.49999752e+07,-2.48188650e+01,5.18521354e+00,-3.00040786e+01,1.00014637e-09
48,1.19249982e+00,3.77880392e-08,99,12,2,38,normal_corr_dominates,5.55977738e+00,1.00000000e+00,2.50000340e+07,3.40138465e+01,5.18521354e+00,2.88286329e+01,1.00022386e-09
48,1.19249982e+00,3.77880392e-08,99,13,0,39,normal_corr_dominates,8.04182478e+00,1.00000000e+00,2.49999761e+07,-2.38901622e+01,-2.64218371e+00,-2.12479784e+01,1.00018225e-09
48,1.19249982e+00,3.77880392e-08,99,13,1,40,normal_corr_dominates,6.19794088e+00,1.00000000e+00,2.50000137e+07,1.37339147e+01,-2.64218371e+00,1.63760984e+01,1.00015273e-09
48,1.19249982e+00,3.77880392e-08,99,13,2,41,normal_corr_dominates,4.35812451e+00,1.00000000e+00,2.49999858e+07,-1.41571493e+01,-2.64218371e+00,-1.15149656e+01,1.00018076e-09
48,1.19249982e+00,3.77880392e-08,99,14,0,42,normal_corr_dominates,2.93485290e+00,1.00000000e+00,2.49999907e+07,-9.25349442e+00,4.78253122e+00,-1.40360256e+01,1.00011530e-09
48,1.19249982e+00,3.77880392e-08,99,14,1,43,normal_corr_dominates,1.48830604e+00,1.00000000e+00,2.50000119e+07,1.19004013e+01,4.78253122e+00,7.11787013e+00,1.00005660e-09
48,1.19249982e+00,3.77880392e-08,99,14,1,43,corr_ratio_high,1.29470612e+00,5.00000000e-01,2.50000119e+07,1.19004013e+01,4.78253122e+00,7.11787013e+00,1.00005660e-09
48,1.19249982e+00,3.77880392e-08,99,14,2,44,normal_corr_dominates,4.24033878e+00,1.00000000e+00,2.49999845e+07,-1.54970214e+01,4.78253122e+00,-2.02795526e+01,1.00025454e-09
48,1.19249982e+00,3.77880392e-08,99,14,2,44,corr_ratio_high,5.15769190e-01,5.00000000e-01,2.49999845e+07,-1.54970214e+01,4.78253122e+00,-2.02795526e+01,1.00025454e-09
49,1.21579289e+00,3.85261518e-08,99,0,0,0,normal_corr_dominates,6.51961506e+01,1.00000000e+00,2.49999607e+07,-3.92632909e+01,6.11614412e-01,-3.98749053e+01,1.00005788e-09
49,1.21579289e+00,3.85261518e-08,99,0,0,0,corr_ratio_high,1.32570738e+00,5.00000000e-01,2.49999607e+07,-3.92632909e+01,6.11614412e-01,-3.98749053e+01,1.00005788e-09
49,1.21579289e+00,3.85261518e-08,99,0,1,1,normal_corr_dominates,4.69685310e+01,1.00000000e+00,2.50000293e+07,2.93382449e+01,6.11614412e-01,2.87266305e+01,1.00020651e-09
49,1.21579289e+00,3.85261518e-08,99,0,2,2,normal_corr_dominates,1.61615725e+01,1.00000000e+00,2.49999907e+07,-9.27303624e+00,6.11614412e-01,-9.88465065e+00,1.00019842e-09
49,1.21579289e+00,3.85261518e-08,99,1,0,3,normal_corr_dominates,7.08504975e+00,1.00000000e+00,2.49999845e+07,-1.55238691e+01,2.55114909e+00,-1.80750182e+01,1.00010861e-09
49,1.21579289e+00,3.85261518e-08,99,1,0,3,corr_ratio_high,1.04347738e+00,5.00000000e-01,2.49999845e+07,-1.55238691e+01,2.55114909e+00,-1.80750182e+01,1.00010861e-09
49,1.21579289e+00,3.85261518e-08,99,1,2,5,normal_corr_dominates,3.27057104e+00,1.00000000e+00,2.49999942e+07,-5.79256523e+00,2.55114909e+00,-8.34371432e+00,1.00020196e-09
49,1.21579289e+00,3.85261518e-08,99,2,0,6,normal_corr_dominates,1.41491394e+00,1.00000000e+00,2.49999867e+07,-1.32768992e+01,-5.49787673e+00,-7.77902245e+00,1.00016824e-09
49,1.21579289e+00,3.85261518e-08,99,2,1,7,normal_corr_dominates,2.50543645e+00,1.00000000e+00,2.50000083e+07,8.27670404e+00,-5.49787673e+00,1.37745808e+01,1.00018712e-09
49,1.21579289e+00,3.85261518e-08,99,3,0,9,normal_corr_dominates,8.07041603e+00,1.00000000e+00,2.50000164e+07,1.64081998e+01,1.80897985e+00,1.45992200e+01,1.00018452e-09
49,1.21579289e+00,3.85261518e-08,99,3,1,10,normal_corr_dominates,1.60414939e+01,1.00000000e+00,2.50000308e+07,3.08277190e+01,1.80897985e+00,2.90187391e+01,1.00018018e-09
49,1.21579289e+00,3.85261518e-08,99,3,2,11,normal_corr_dominates,1.04697453e+01,1.00000000e+00,2.49999829e+07,-1.71305783e+01,1.80897985e+00,-1.89395582e+01,1.00016948e-09
49,1.21579289e+00,3.85261518e-08,99,4,0,12,normal_corr_dominates,1.07356797e+01,1.00000000e+00,2.50000078e+07,7.77826199e+00,6.62787515e-01,7.11547447e+00,1.00015375e-09
49,1.21579289e+00,3.85261518e-08,99,4,1,13,normal_corr_dominates,7.72696188e+00,1.00000000e+00,2.49999955e+07,-4.45854635e+00,6.62787515e-01,-5.12133386e+00,1.00011052e-09
49,1.21579289e+00,3.85261518e-08,99,4,1,13,corr_ratio_high,5.31503650e-01,5.00000000e-01,2.49999955e+07,-4.45854635e+00,6.62787515e-01,-5.12133386e+00,1.00011052e-09
49,1.21579289e+00,3.85261518e-08,99,4,2,14,normal_corr_dominates,3.81800941e+01,1.00000000e+00,2.50000260e+07,2.59680772e+01,6.62787515e-01,2.53052897e+01,1.00018956e-09
49,1.21579289e+00,3.85261518e-08,99,5,0,15,normal_corr_dominates,1.41832847e+00,1.00000000e+00,2.50000024e+07,2.35106661e+00,-5.62014487e+00,7.97121148e+00,1.00000481e-09
49,1.21579289e+00,3.85261518e-08,99,5,0,15,corr_ratio_high,1.94729222e+00,5.00000000e-01,2.50000024e+07,2.35106661e+00,-5.62014487e+00,7.97121148e+00,1.00000481e-09
49,1.21579289e+00,3.85261518e-08,99,5,1,16,normal_corr_dominates,2.44616126e+00,1.00000000e+00,2.50000081e+07,8.12763579e+00,-5.62014487e+00,1.37477807e+01,1.00020935e-09
49,1.21579289e+00,3.85261518e-08,99,5,2,17,normal_corr_dominates,1.26728007e+00,1.00000000e+00,2.49999873e+07,-1.27424424e+01,-5.62014487e+00,-7.12229756e+00,1.00023165e-09
49,1.21579289e+00,3.85261518e-08,99,6,0,18,normal_corr_dominates,2.39624822e+00,1.00000000e+00,2.50000065e+07,6.51996012e+00,-4.66962825e+00,1.11895884e+01,1.00017430e-09
49,1.21579289e+00,3.85261518e-08,99,6,1,19,normal_corr_dominates,1.59587564e+00,1.00000000e+00,2.49999879e+07,-1.21217742e+01,-4.66962825e+00,-7.45214598e+00,1.00019996e-09
49,1.21579289e+00,3.85261518e-08,99,6,2,20,normal_corr_dominates,1.01367175e+00,1.00000000e+00,2.49999906e+07,-9.40309850e+00,-4.66962825e+00,-4.73347025e+00,1.00020325e-09
49,1.21579289e+00,3.85261518e-08,99,7,0,21,normal_corr_dominates,2.09877436e+00,1.00000000e+00,2.50000016e+07,1.55273646e+00,5.01080840e-01,1.05165562e+00,1.00013008e-09
49,1.21579289e+00,3.85261518e-08,99,7,1,22,normal_corr_dominates,1.36602606e+01,1.00000000e+00,2.50000073e+07,7.34597571e+00,5.01080840e-01,6.84489487e+00,1.00014559e-09
49,1.21579289e+00,3.85261518e-08,99,7,2,23,normal_corr_dominates,3.02055521e+01,1.00000000e+00,2.49999854e+07,-1.46343425e+01,5.01080840e-01,-1.51354234e+01,1.00020323e-09
49,1.21579289e+00,3.85261518e-08,99,8,1,25,normal_corr_dominates,3.51012387e+00,1.00000000e+00,2.49999852e+07,-1.47521233e+01,-3.27089095e+00,-1.14812324e+01,1.00016603e-09
49,1.21579289e+00,3.85261518e-08,99,8,2,26,normal_corr_dominates,8.76558379e+00,1.00000000e+00,2.50000254e+07,2.54003777e+01,-3.27089095e+00,2.86712687e+01,1.00015668e-09
49,1.21579289e+00,3.85261518e-08,99,9,0,27,normal_corr_dominates,1.33494306e+00,1.00000000e+00,2.49999855e+07,-1.44783346e+01,-6.20072276e+00,-8.27761180e+00,1.00014874e-09
49,1.21579289e+00,3.85261518e-08,99,9,2,29,normal_corr_dominates,1.01276301e+00,1.00000000e+00,2.49999875e+07,-1.24805854e+01,-6.20072276e+00,-6.27986265e+00,1.00011259e-09
49,1.21579289e+00,3.85261518e-08,99,10,0,30,normal_corr_dominates,2.34836736e+01,1.00000000e+00,2.50000115e+07,1.14822679e+01,-5.10693584e-01,1.19929615e+01,1.00014823e-09
49,1.21579289e+00,3.85261518e-08,99,10,1,31,normal_corr_dominates,4.09782283e+01,1.00000000e+00,2.49999786e+07,-2.14380119e+01,-5.10693584e-01,-2.09273183e+01,1.00008379e-09
49,1.21579289e+00,3.85261518e-08,99,10,1,31,corr_ratio_high,1.17906636e+00,5.00000000e-01,2.49999786e+07,-2.14380119e+01,-5.10693584e-01,-2.09273183e+01,1.00008379e-09
49,1.21579289e+00,3.85261518e-08,99,10,2,32,normal_corr_dominates,3.42783685e+01,1.00000000e+00,2.49999820e+07,-1.80164365e+01,-5.10693584e-01,-1.75057429e+01,1.00022578e-09
49,1.21579289e+00,3.85261518e-08,99,11,0,33,normal_corr_dominates,9.58359646e+00,1.00000000e+00,2.50000235e+07,2.35311753e+01,-2.74141211e+00,2.62725874e+01,1.00018382e-09
49,1.21579289e+00,3.85261518e-08,99,11,1,34,normal_corr_dominates,9.95444176e+00,1.00000000e+00,2.49999700e+07,-3.00306393e+01,-2.74141211e+00,-2.72892272e+01,1.00015558e-09
49,1.21579289e+00,3.85261518e-08,99,11,2,35,normal_corr_dominates,7.45903352e+00,1.00000000e+00,2.49999768e+07,-2.31896969e+01,-2.74141211e+00,-2.04482848e+01,1.00017648e-09
49,1.21579289e+00,3.85261518e-08,99,12,0,36,normal_corr_dominates,1.05056161e+00,1.00000000e+00,2.49999997e+07,-2.66862448e-01,5.27796593e+00,-5.54482837e+00,1.00005660e-09
49,1.21579289e+00,3.85261518e-08,99,12,0,36,corr_ratio_high,1.48094736e+00,5.00000000e-01,2.49999997e+07,-2.66862448e-01,5.27796593e+00,-5.54482837e+00,1.00005660e-09
49,1.21579289e+00,3.85261518e-08,99,12,1,37,normal_corr_dominates,5.78770856e+00,1.00000000e+00,2.49999747e+07,-2.52693627e+01,5.27796593e+00,-3.05473286e+01,1.00014902e-09
49,1.21579289e+00,3.85261518e-08,99,12,2,38,normal_corr_dominates,5.56095034e+00,1.00000000e+00,2.50000346e+07,3.46284723e+01,5.27796593e+00,2.93505064e+01,1.00022791e-09
49,1.21579289e+00,3.85261518e-08,99,13,0,39,normal_corr_dominates,8.03927206e+00,1.00000000e+00,2.49999757e+07,-2.43213661e+01,-2.69063327e+00,-2.16307328e+01,1.00018555e-09
49,1.21579289e+00,3.85261518e-08,99,13,1,40,normal_corr_dominates,6.19627292e+00,1.00000000e+00,2.50000140e+07,1.39812648e+01,-2.69063327e+00,1.66718980e+01,1.00015549e-09
49,1.21579289e+00,3.85261518e-08,99,13,2,41,normal_corr_dominates,4.35624162e+00,1.00000000e+00,2.49999856e+07,-1.44116819e+01,-2.69063327e+00,-1.17210486e+01,1.00018403e-09
49,1.21579289e+00,3.85261518e-08,99,14,0,42,normal_corr_dominates,2.93540159e+00,1.00000000e+00,2.49999906e+07,-9.42143437e+00,4.86794803e+00,-1.42893824e+01,1.00011738e-09
49,1.21579289e+00,3.85261518e-08,99,14,1,43,normal_corr_dominates,1.48875927e+00,1.00000000e+00,2.50000121e+07,1.21151508e+01,4.86794803e+00,7.24720274e+00,1.00005763e-09
49,1.21579289e+00,3.85261518e-08,99,14,1,43,corr_ratio_high,1.29451992e+00,5.00000000e-01,2.50000121e+07,1.21151508e+01,4.86794803e+00,7.24720274e+00,1.00005763e-09
49,1.21579289e+00,3.85261518e-08,99,14,2,44,normal_corr_dominates,4.24097588e+00,1.00000000e+00,2.49999842e+07,-1.57769022e+01,4.86794803e+00,-2.06448502e+01,1.00025913e-09
49,1.21579289e+00,3.85261518e-08,99,14,2,44,corr_ratio_high,5.15753680e-01,5.00000000e-01,2.49999842e+07,-1.57769022e+01,4.86794803e+00,-2.06448502e+01,1.00025913e-09
50,1.24012356e+00,3.92971443e-08,99,0,0,0,normal_corr_dominates,6.52316454e+01,1.00000000e+00,2.49999600e+07,-3.99961815e+01,6.22686546e-01,-4.06188680e+01,1.00005896e-09
50,1.24012356e+00,3.92971443e-08,99,0,0,0,corr_ratio_high,1.32565611e+00,5.00000000e-01,2.49999600e+07,-3.99961815e+01,6.22686546e-01,-4.06188680e+01,1.00005896e-09
50,1.24012356e+00,3.92971443e-08,99,0,1,1,normal_corr_dominates,4.69848963e+01,1.00000000e+00,2.50000299e+07,2.98795494e+01,6.22686546e-01,2.92568628e+01,1.00021034e-09
50,1.24012356e+00,3.92971443e-08,99,0,2,2,normal_corr_dominates,1.61619942e+01,1.00000000e+00,2.49999906e+07,-9.44116979e+00,6.22686546e-01,-1.00638563e+01,1.00020210e-09
50,1.24012356e+00,3.92971443e-08,99,1,0,3,normal_corr_dominates,7.08743704e+00,1.00000000e+00,2.49999842e+07,-1.58170622e+01,2.59831225e+00,-1.84153745e+01,1.00011062e-09
50,1.24012356e+00,3.92971443e-08,99,1,0,3,corr_ratio_high,1.04351937e+00,5.00000000e-01,2.49999842e+07,-1.58170622e+01,2.59831225e+00,-1.84153745e+01,1.00011062e-09
50,1.24012356e+00,3.92971443e-08,99,1,2,5,normal_corr_dominates,3.26931164e+00,1.00000000e+00,2.49999941e+07,-5.89638023e+00,2.59831225e+00,-8.49469247e+00,1.00020569e-09
50,1.24012356e+00,3.92971443e-08,99,2,0,6,normal_corr_dominates,1.41485163e+00,1.00000000e+00,2.49999865e+07,-1.35258030e+01,-5.60109069e+00,-7.92471231e+00,1.00017136e-09
50,1.24012356e+00,3.92971443e-08,99,2,1,7,normal_corr_dominates,2.50464653e+00,1.00000000e+00,2.50000084e+07,8.42766170e+00,-5.60109069e+00,1.40287524e+01,1.00019058e-09
50,1.24012356e+00,3.92971443e-08,99,3,0,9,normal_corr_dominates,8.06898498e+00,1.00000000e+00,2.50000167e+07,1.67098234e+01,1.84252410e+00,1.48672993e+01,1.00018794e-09
50,1.24012356e+00,3.92971443e-08,99,3,1,10,normal_corr_dominates,1.60423605e+01,1.00000000e+00,2.50000314e+07,3.14009600e+01,1.84252410e+00,2.95584359e+01,1.00018351e-09
50,1.24012356e+00,3.92971443e-08,99,3,2,11,normal_corr_dominates,1.04689194e+01,1.00000000e+00,2.49999826e+07,-1.74467121e+01,1.84252410e+00,-1.92892362e+01,1.00017262e-09
50,1.24012356e+00,3.92971443e-08,99,4,0,12,normal_corr_dominates,1.07519021e+01,1.00000000e+00,2.50000079e+07,7.91939824e+00,6.73882253e-01,7.24551599e+00,1.00015660e-09
50,1.24012356e+00,3.92971443e-08,99,4,1,13,normal_corr_dominates,7.74252177e+00,1.00000000e+00,2.49999955e+07,-4.54366576e+00,6.73882253e-01,-5.21754802e+00,1.00011258e-09
50,1.24012356e+00,3.92971443e-08,99,4,1,13,corr_ratio_high,5.31370465e-01,5.00000000e-01,2.49999955e+07,-4.54366576e+00,6.73882253e-01,-5.21754802e+00,1.00011258e-09
50,1.24012356e+00,3.92971443e-08,99,4,2,14,normal_corr_dominates,3.82498687e+01,1.00000000e+00,2.50000264e+07,2.64497900e+01,6.73882253e-01,2.57759077e+01,1.00019306e-09
50,1.24012356e+00,3.92971443e-08,99,5,0,15,normal_corr_dominates,1.41831345e+00,1.00000000e+00,2.50000024e+07,2.39482418e+00,-5.72495141e+00,8.11977558e+00,1.00000490e-09
50,1.24012356e+00,3.92971443e-08,99,5,0,15,corr_ratio_high,1.94712493e+00,5.00000000e-01,2.50000024e+07,2.39482418e+00,-5.72495141e+00,8.11977558e+00,1.00000490e-09
50,1.24012356e+00,3.92971443e-08,99,5,1,16,normal_corr_dominates,2.44575893e+00,1.00000000e+00,2.50000083e+07,8.27689961e+00,-5.72495141e+00,1.40018510e+01,1.00021322e-09
50,1.24012356e+00,3.92971443e-08,99,5,2,17,normal_corr_dominates,1.26673305e+00,1.00000000e+00,2.49999870e+07,-1.29769366e+01,-5.72495141e+00,-7.25198515e+00,1.00023593e-09
50,1.24012356e+00,3.92971443e-08,99,6,0,18,normal_corr_dominates,2.39545052e+00,1.00000000e+00,2.50000066e+07,6.63844038e+00,-4.75720227e+00,1.13956426e+01,1.00017753e-09
50,1.24012356e+00,3.92971443e-08,99,6,1,19,normal_corr_dominates,1.59478714e+00,1.00000000e+00,2.49999877e+07,-1.23439273e+01,-4.75720227e+00,-7.58672499e+00,1.00020366e-09
50,1.24012356e+00,3.92971443e-08,99,6,2,20,normal_corr_dominates,1.01282956e+00,1.00000000e+00,2.49999904e+07,-9.57543737e+00,-4.75720227e+00,-4.81823510e+00,1.00020701e-09
50,1.24012356e+00,3.92971443e-08,99,7,0,21,normal_corr_dominates,2.09560395e+00,1.00000000e+00,2.50000016e+07,1.57871376e+00,5.09985704e-01,1.06872806e+00,1.00013249e-09
50,1.24012356e+00,3.92971443e-08,99,7,1,22,normal_corr_dominates,1.36709859e+01,1.00000000e+00,2.50000075e+07,7.48199305e+00,5.09985704e-01,6.97200735e+00,1.00014828e-09
50,1.24012356e+00,3.92971443e-08,99,7,2,23,normal_corr_dominates,3.02239775e+01,1.00000000e+00,2.49999851e+07,-1.49038107e+01,5.09985704e-01,-1.54137964e+01,1.00020699e-09
50,1.24012356e+00,3.92971443e-08,99,8,1,25,normal_corr_dominates,3.50861452e+00,1.00000000e+00,2.49999850e+07,-1.50244472e+01,-3.33238673e+00,-1.16920604e+01,1.00016910e-09
50,1.24012356e+00,3.92971443e-08,99,8,2,26,normal_corr_dominates,8.76357825e+00,1.00000000e+00,2.50000259e+07,2.58712451e+01,-3.33238673e+00,2.92036318e+01,1.00015958e-09
50,1.24012356e+00,3.92971443e-08,99,9,0,27,normal_corr_dominates,1.33502750e+00,1.00000000e+00,2.49999853e+07,-1.47472412e+01,-6.31566060e+00,-8.43158056e+00,1.00015150e-09
50,1.24012356e+00,3.92971443e-08,99,9,2,29,normal_corr_dominates,1.01256647e+00,1.00000000e+00,2.49999873e+07,-1.27106868e+01,-6.31566060e+00,-6.39502617e+00,1.00011468e-09
50,1.24012356e+00,3.92971443e-08,99,10,0,30,normal_corr_dominates,2.35089531e+01,1.00000000e+00,2.50000117e+07,1.16955648e+01,-5.19596123e-01,1.22151609e+01,1.00015097e-09
50,1.24012356e+00,3.92971443e-08,99,10,1,31,normal_corr_dominates,4.10202530e+01,1.00000000e+00,2.49999782e+07,-2.18335605e+01,-5.19596123e-01,-2.13139644e+01,1.00008535e-09
50,1.24012356e+00,3.92971443e-08,99,10,1,31,corr_ratio_high,1.17877158e+00,5.00000000e-01,2.49999782e+07,-2.18335605e+01,-5.19596123e-01,-2.13139644e+01,1.00008535e-09
50,1.24012356e+00,3.92971443e-08,99,10,2,32,normal_corr_dominates,3.43109159e+01,1.00000000e+00,2.49999817e+07,-1.83474150e+01,-5.19596123e-01,-1.78278189e+01,1.00022995e-09
50,1.24012356e+00,3.92971443e-08,99,11,0,33,normal_corr_dominates,9.58223671e+00,1.00000000e+00,2.50000240e+07,2.39682363e+01,-2.79277269e+00,2.67610090e+01,1.00018722e-09
50,1.24012356e+00,3.92971443e-08,99,11,1,34,normal_corr_dominates,9.95161177e+00,1.00000000e+00,2.49999694e+07,-3.05853623e+01,-2.79277269e+00,-2.77925896e+01,1.00015847e-09
50,1.24012356e+00,3.92971443e-08,99,11,2,35,normal_corr_dominates,7.45728589e+00,1.00000000e+00,2.49999764e+07,-2.36192771e+01,-2.79277269e+00,-2.08265044e+01,1.00017974e-09
50,1.24012356e+00,3.92971443e-08,99,12,0,36,normal_corr_dominates,1.05066335e+00,1.00000000e+00,2.49999997e+07,-2.72296764e-01,5.37463045e+00,-5.64692721e+00,1.00005765e-09
50,1.24012356e+00,3.92971443e-08,99,12,0,36,corr_ratio_high,1.48083426e+00,5.00000000e-01,2.49999997e+07,-2.72296764e-01,5.37463045e+00,-5.64692721e+00,1.00005765e-09
50,1.24012356e+00,3.92971443e-08,99,12,1,37,normal_corr_dominates,5.78900076e+00,1.00000000e+00,2.49999743e+07,-2.57391093e+01,5.37463045e+00,-3.11137398e+01,1.00015179e-09
50,1.24012356e+00,3.92971443e-08,99,12,2,38,normal_corr_dominates,5.56217231e+00,1.00000000e+00,2.50000353e+07,3.52692511e+01,5.37463045e+00,2.98946207e+01,1.00023212e-09
50,1.24012356e+00,3.92971443e-08,99,13,0,39,normal_corr_dominates,8.03658781e+00,1.00000000e+00,2.49999752e+07,-2.47709263e+01,-2.74118139e+00,-2.20297449e+01,1.00018899e-09
50,1.24012356e+00,3.92971443e-08,99,13,1,40,normal_corr_dominates,6.19451473e+00,1.00000000e+00,2.50000142e+07,1.42391071e+01,-2.74118139e+00,1.69802885e+01,1.00015837e-09
50,1.24012356e+00,3.92971443e-08,99,13,2,41,normal_corr_dominates,4.35427194e+00,1.00000000e+00,2.49999853e+07,-1.46770306e+01,-2.74118139e+00,-1.19358492e+01,1.00018743e-09
50,1.24012356e+00,3.92971443e-08,99,14,0,42,normal_corr_dominates,2.93597142e+00,1.00000000e+00,2.49999904e+07,-9.59654646e+00,4.95696701e+00,-1.45535135e+01,1.00011956e-09
50,1.24012356e+00,3.92971443e-08,99,14,1,43,normal_corr_dominates,1.48922989e+00,1.00000000e+00,2.50000123e+07,1.23390305e+01,4.95696701e+00,7.38206344e+00,1.00005870e-09
50,1.24012356e+00,3.92971443e-08,99,14,1,43,corr_ratio_high,1.29432759e+00,5.00000000e-01,2.50000123e+07,1.23390305e+01,4.95696701e+00,7.38206344e+00,1.00005870e-09
50,1.24012356e+00,3.92971443e-08,99,14,2,44,normal_corr_dominates,4.24164254e+00,1.00000000e+00,2.49999839e+07,-1.60687152e+01,4.95696701e+00,-2.10256822e+01,1.00026392e-09
50,1.24012356e+00,3.92971443e-08,99,14,2,44,corr_ratio_high,5.15737590e-01,5.00000000e-01,2.49999839e+07,-1.60687152e+01,4.95696701e+00,-2.10256822e+01,1.00026392e-09
