# BP2-QD time series at z = 36 km
# Columns: time(s), slip(m), log10(slip_rate)(m/s), shear_stress(MPa), log10(state)(s)
0.000000000000E+00 0.000000000000E+00 -9.000000000000E+00 2.654612236513E+01 6.602059991328E+00
4.865710127479E+05 4.865555085337E-04 -9.000028732708E+00 2.654604246133E+01 6.602061610131E+00
8.507296744540E+05 8.506801637006E-04 -9.000052626474E+00 2.654597956811E+01 6.602065014172E+00
1.393053917317E+06 1.392915210226E-03 -9.000090714431E+00 2.654588457669E+01 6.602073488436E+00
2.167246073795E+06 2.166893876124E-03 -9.000149701931E+00 2.654574737853E+01 6.602092355062E+00
3.219244416485E+06 3.218424889257E-03 -9.000237661977E+00 2.654555910330E+01 6.602129932615E+00
4.364199828704E+06 4.362617721114E-03 -9.000342544580E+00 2.654535258084E+01 6.602185148203E+00
5.595820221338E+06 5.593095997910E-03 -9.000464842051E+00 2.654512906492E+01 6.602259548349E+00
6.918416484277E+06 6.914065299439E-03 -9.000605867352E+00 2.654488780497E+01 6.602354886699E+00
8.349141323292E+06 8.342530961560E-03 -9.000768376456E+00 2.654462563039E+01 6.602473920578E+00
9.915886882458E+06 9.906170997062E-03 -9.000956693903E+00 2.654433731379E+01 6.602620830583E+00
1.166213956921E+07 1.164814168383E-02 -9.001177595671E+00 2.654401464911E+01 6.602802158215E+00
1.366266460474E+07 1.364264518370E-02 -9.001442771195E+00 2.654364348800E+01 6.603029193131E+00
1.594168946975E+07 1.591329287850E-02 -9.001757974331E+00 2.654321889822E+01 6.603308669038E+00
1.843263733600E+07 1.839316293337E-02 -9.002115512226E+00 2.654275291364E+01 6.603634732839E+00
2.119683837265E+07 2.114264175271E-02 -9.002524998249E+00 2.654223373216E+01 6.604016572696E+00
2.410322920002E+07 2.403071984318E-02 -9.002966916052E+00 2.654168576196E+01 6.604435795151E+00
2.706238442035E+07 2.696817945255E-02 -9.003426189455E+00 2.654112592622E+01 6.604877072756E+00
3.016500939586E+07 3.004469428935E-02 -9.003915571543E+00 2.654053715249E+01 6.605351774709E+00
3.332076939586E+07 3.317031893742E-02 -9.004419702096E+00 2.653993669072E+01 6.605844289373E+00
3.647652939586E+07 3.629229888195E-02 -9.004928786567E+00 2.653933487802E+01 6.606344278306E+00
3.963228939586E+07 3.941060704051E-02 -9.005441693675E+00 2.653873196435E+01 6.606850000783E+00
4.278804939586E+07 4.252522358640E-02 -9.005957547906E+00 2.653812818256E+01 6.607360132450E+00
4.594380939586E+07 4.563613433249E-02 -9.006475663368E+00 2.653752374982E+01 6.607873655908E+00
4.909956939586E+07 4.874332953014E-02 -9.006995495427E+00 2.653691886882E+01 6.608389780800E+00
5.225532939586E+07 5.184680297217E-02 -9.007516605291E+00 2.653631372879E+01 6.608907885388E+00
5.541108939586E+07 5.494655131797E-02 -9.008038634073E+00 2.653570850639E+01 6.609427473818E+00
5.856684939586E+07 5.804257358154E-02 -9.008561283730E+00 2.653510336647E+01 6.609948144817E+00
6.172260939586E+07 6.113487073966E-02 -9.009084303043E+00 2.653449846278E+01 6.610469568707E+00
6.487836939586E+07 6.422344542811E-02 -9.009607477225E+00 2.653389393865E+01 6.610991470524E+00
6.803412939586E+07 6.730830170361E-02 -9.010130620253E+00 2.653328992762E+01 6.611513617541E+00
7.118988939586E+07 7.038944485412E-02 -9.010653569126E+00 2.653268655397E+01 6.612035810063E+00
7.434564939586E+07 7.346688124595E-02 -9.011176179548E+00 2.653208393334E+01 6.612557874556E+00
7.750140939586E+07 7.654061819799E-02 -9.011698322692E+00 2.653148217318E+01 6.613079658536E+00
8.065716939586E+07 7.961066387717E-02 -9.012219882664E+00 2.653088137339E+01 6.613601026688E+00
8.381292939586E+07 8.267702721000E-02 -9.012740754608E+00 2.653028162669E+01 6.614121857949E+00
8.696868939586E+07 8.573971780666E-02 -9.013260843169E+00 2.652968301918E+01 6.614642043243E+00
9.012444939586E+07 8.879874589524E-02 -9.013780061286E+00 2.652908563073E+01 6.615161483728E+00
9.328020939586E+07 9.185412226357E-02 -9.014298329218E+00 2.652848953552E+01 6.615680089451E+00
9.643596939586E+07 9.490585820891E-02 -9.014815573683E+00 2.652789480239E+01 6.616197778137E+00
9.959172939586E+07 9.795396549169E-02 -9.015331727293E+00 2.652730149508E+01 6.616714474386E+00
1.027474893959E+08 1.009984562945E-01 -9.015846727836E+00 2.652670967299E+01 6.617230108904E+00
1.059032493959E+08 1.040393431856E-01 -9.016360517828E+00 2.652611939128E+01 6.617744617825E+00
1.090590093959E+08 1.070766390859E-01 -9.016873044012E+00 2.652553070136E+01 6.618257942165E+00
1.122147693959E+08 1.101103572386E-01 -9.017384257087E+00 2.652494365095E+01 6.618770027380E+00
1.153705293959E+08 1.131405111815E-01 -9.017894111208E+00 2.652435828472E+01 6.619280822939E+00
1.185262893959E+08 1.161671147230E-01 -9.018402563735E+00 2.652377464440E+01 6.619790281926E+00
1.216820493959E+08 1.191901819194E-01 -9.018909574916E+00 2.652319276906E+01 6.620298360718E+00
1.248378093959E+08 1.222097270542E-01 -9.019415107635E+00 2.652261269537E+01 6.620805018687E+00
1.279935693959E+08 1.252257646201E-01 -9.019919127192E+00 2.652203445772E+01 6.621310217920E+00
1.311493293959E+08 1.282383093025E-01 -9.020421600888E+00 2.652145808891E+01 6.621813922909E+00
1.343050893959E+08 1.312473759639E-01 -9.020922498251E+00 2.652088361928E+01 6.622316100429E+00
1.374608493959E+08 1.342529796299E-01 -9.021421790352E+00 2.652031107818E+01 6.622816719268E+00
1.406166093959E+08 1.372551354775E-01 -9.021919450002E+00 2.651974049315E+01 6.623315750060E+00
1.437723693959E+08 1.402538588234E-01 -9.022415451418E+00 2.651917189055E+01 6.623813165085E+00
1.469281293959E+08 1.432491651135E-01 -9.022909770206E+00 2.651860529533E+01 6.624308938148E+00
1.500838893959E+08 1.462410699143E-01 -9.023402383128E+00 2.651804073151E+01 6.624803044419E+00
1.532396493959E+08 1.492295889035E-01 -9.023893268075E+00 2.651747822203E+01 6.625295460342E+00
1.563954093959E+08 1.522147378631E-01 -9.024382403982E+00 2.651691778878E+01 6.625786163471E+00
1.595511693959E+08 1.551965326719E-01 -9.024869770661E+00 2.651635945292E+01 6.626275132427E+00
1.627069293959E+08 1.581749892987E-01 -9.025355348823E+00 2.651580323473E+01 6.626762346790E+00
1.658626893959E+08 1.611501237967E-01 -9.025839119950E+00 2.651524915374E+01 6.627247787016E+00
1.690184493959E+08 1.641219522978E-01 -9.026321066312E+00 2.651469722867E+01 6.627731434393E+00
1.721742093959E+08 1.670904910073E-01 -9.026801170792E+00 2.651414747775E+01 6.628213270948E+00
1.753299693959E+08 1.700557561993E-01 -9.027279417017E+00 2.651359991832E+01 6.628693279430E+00
1.784857293959E+08 1.730177642116E-01 -9.027755789147E+00 2.651305456733E+01 6.629171443257E+00
1.816414893959E+08 1.759765314419E-01 -9.028230272007E+00 2.651251144088E+01 6.629647746461E+00
1.847972493959E+08 1.789320743436E-01 -9.028702850915E+00 2.651197055469E+01 6.630122173678E+00
1.879530093959E+08 1.818844094215E-01 -9.029173511773E+00 2.651143192382E+01 6.630594710121E+00
1.911087693959E+08 1.848335532286E-01 -9.029642240987E+00 2.651089556277E+01 6.631065341537E+00
1.942645293959E+08 1.877795223619E-01 -9.030109025462E+00 2.651036148554E+01 6.631534054208E+00
1.974202893959E+08 1.907223334596E-01 -9.030573852634E+00 2.650982970548E+01 6.632000834919E+00
2.005760493959E+08 1.936620031971E-01 -9.031036710354E+00 2.650930023557E+01 6.632465670941E+00
2.037318093959E+08 1.965985482838E-01 -9.031497586976E+00 2.650877308820E+01 6.632928550044E+00
2.068875693959E+08 1.995319854603E-01 -9.031956471343E+00 2.650824827517E+01 6.633389460451E+00
2.100433293959E+08 2.024623314950E-01 -9.032413352690E+00 2.650772580789E+01 6.633848390848E+00
2.131990893959E+08 2.053896031808E-01 -9.032868220740E+00 2.650720569724E+01 6.634305330385E+00
2.163548493959E+08 2.083138173328E-01 -9.033321065642E+00 2.650668795354E+01 6.634760268633E+00
2.195106093959E+08 2.112349907844E-01 -9.033771877973E+00 2.650617258673E+01 6.635213195637E+00
2.226663693959E+08 2.141531403854E-01 -9.034220648777E+00 2.650565960607E+01 6.635664101835E+00
2.258221293959E+08 2.170682829985E-01 -9.034667369443E+00 2.650514902062E+01 6.636112978125E+00
2.289778893959E+08 2.199804354966E-01 -9.035112031878E+00 2.650464083868E+01 6.636559815812E+00
2.321336493959E+08 2.228896147603E-01 -9.035554628305E+00 2.650413506831E+01 6.637004606616E+00
2.352894093959E+08 2.257958376754E-01 -9.035995151414E+00 2.650363171698E+01 6.637447342669E+00
2.384451693959E+08 2.286991211295E-01 -9.036433594285E+00 2.650313079173E+01 6.637888016516E+00
2.416009293959E+08 2.315994820103E-01 -9.036869950397E+00 2.650263229912E+01 6.638326621092E+00
2.447566893959E+08 2.344969372025E-01 -9.037304213624E+00 2.650213624530E+01 6.638763149742E+00
2.479124493959E+08 2.373915035855E-01 -9.037736378231E+00 2.650164263595E+01 6.639197596200E+00
2.510682093959E+08 2.402831980308E-01 -9.038166438869E+00 2.650115147633E+01 6.639629954595E+00
2.542239693959E+08 2.431720373997E-01 -9.038594390560E+00 2.650066277127E+01 6.640060219429E+00
2.573797293959E+08 2.460580385413E-01 -9.039020228698E+00 2.650017652521E+01 6.640488385588E+00
2.605354893959E+08 2.489412182894E-01 -9.039443949090E+00 2.649969274199E+01 6.640914448321E+00
2.636912493959E+08 2.518215934610E-01 -9.039865547875E+00 2.649921142522E+01 6.641338403271E+00
2.668470093959E+08 2.546991808534E-01 -9.040285021508E+00 2.649873257817E+01 6.641760246431E+00
2.700027693959E+08 2.575739972428E-01 -9.040702366909E+00 2.649825620340E+01 6.642179974143E+00
2.731585293959E+08 2.604460593814E-01 -9.041117581220E+00 2.649778230346E+01 6.642597583120E+00
2.763142893959E+08 2.633153839959E-01 -9.041530662059E+00 2.649731088011E+01 6.643013070422E+00
2.794700493959E+08 2.661819877849E-01 -9.041941607267E+00 2.649684193510E+01 6.643426433450E+00
2.826258093959E+08 2.690458874177E-01 -9.042350415083E+00 2.649637546957E+01 6.643837669941E+00
2.857815693959E+08 2.719070995315E-01 -9.042757084060E+00 2.649591148438E+01 6.644246777968E+00
2.889373293959E+08 2.747656407302E-01 -9.043161613058E+00 2.649544998001E+01 6.644653755921E+00
2.920930893959E+08 2.776215275819E-01 -9.043564001326E+00 2.649499095646E+01 6.645058602544E+00
2.952488493959E+08 2.804747766177E-01 -9.043964248314E+00 2.649453441364E+01 6.645461316860E+00
2.984046093959E+08 2.833254043298E-01 -9.044362353854E+00 2.649408035090E+01 6.645861898225E+00
3.015603693959E+08 2.861734271691E-01 -9.044758318057E+00 2.649362876738E+01 6.646260346318E+00
3.047161293959E+08 2.890188615446E-01 -9.045152141328E+00 2.649317966181E+01 6.646656661077E+00
3.078718893959E+08 2.918617238212E-01 -9.045543824361E+00 2.649273303261E+01 6.647050842752E+00
3.110276493959E+08 2.947020303179E-01 -9.045933368119E+00 2.649228887799E+01 6.647442891901E+00
3.141834093959E+08 2.975397973069E-01 -9.046320773919E+00 2.649184719557E+01 6.647832809348E+00
3.173391693959E+08 3.003750410114E-01 -9.046706043222E+00 2.649140798306E+01 6.648220596202E+00
3.204949293959E+08 3.032077776049E-01 -9.047089177842E+00 2.649097123759E+01 6.648606253816E+00
3.236506893959E+08 3.060380232093E-01 -9.047470179836E+00 2.649053695608E+01 6.648989783842E+00
3.268064493959E+08 3.088657938933E-01 -9.047849051491E+00 2.649010513527E+01 6.649371188206E+00
3.299622093959E+08 3.116911056720E-01 -9.048225795402E+00 2.648967577139E+01 6.649750469040E+00
3.331179693959E+08 3.145139745047E-01 -9.048600414339E+00 2.648924886062E+01 6.650127628758E+00
3.362737293959E+08 3.173344162943E-01 -9.048972911369E+00 2.648882439870E+01 6.650502669998E+00
3.394294893959E+08 3.201524468856E-01 -9.049343289714E+00 2.648840238137E+01 6.650875595670E+00
3.425852493959E+08 3.229680820645E-01 -9.049711552882E+00 2.648798280393E+01 6.651246408885E+00
3.457410093959E+08 3.257813375570E-01 -9.050077704589E+00 2.648756566142E+01 6.651615112981E+00
3.488967693959E+08 3.285922290275E-01 -9.050441748740E+00 2.648715094882E+01 6.651981711551E+00
3.520525293959E+08 3.314007720788E-01 -9.050803689524E+00 2.648673866054E+01 6.652346208343E+00
3.552082893959E+08 3.342069822500E-01 -9.051163531199E+00 2.648632879127E+01 6.652708607373E+00
3.583640493959E+08 3.370108750164E-01 -9.051521278400E+00 2.648592133489E+01 6.653068912823E+00
3.615198093959E+08 3.398124657880E-01 -9.051876935754E+00 2.648551628571E+01 6.653427129110E+00
3.646755693959E+08 3.426117699093E-01 -9.052230508275E+00 2.648511363716E+01 6.653783260793E+00
3.678313293959E+08 3.454088026577E-01 -9.052582000994E+00 2.648471338307E+01 6.654137312677E+00
3.709870893959E+08 3.482035792429E-01 -9.052931419212E+00 2.648431551677E+01 6.654489289734E+00
3.741428493959E+08 3.509961148066E-01 -9.053278768374E+00 2.648392003145E+01 6.654839197098E+00
3.772986093959E+08 3.537864244214E-01 -9.053624054096E+00 2.648352692011E+01 6.655187040075E+00
3.804543693959E+08 3.565745230900E-01 -9.053967282158E+00 2.648313617558E+01 6.655532824147E+00
3.836101293959E+08 3.593604257448E-01 -9.054308458500E+00 2.648274779053E+01 6.655876554970E+00
3.867658893959E+08 3.621441472470E-01 -9.054647589210E+00 2.648236175747E+01 6.656218238347E+00
3.899216493959E+08 3.649257023861E-01 -9.054984680527E+00 2.648197806875E+01 6.656557880251E+00
3.930774093959E+08 3.677051058795E-01 -9.055319738833E+00 2.648159671652E+01 6.656895486780E+00
3.962331693959E+08 3.704823723717E-01 -9.055652770652E+00 2.648121769284E+01 6.657231064197E+00
3.993889293959E+08 3.732575164335E-01 -9.055983782643E+00 2.648084098960E+01 6.657564618912E+00
4.025446893959E+08 3.760305525626E-01 -9.056312781589E+00 2.648046659853E+01 6.657896157437E+00
4.057004493959E+08 3.788014951816E-01 -9.056639774417E+00 2.648009451125E+01 6.658225686464E+00
4.088562093959E+08 3.815703586389E-01 -9.056964768165E+00 2.647972471924E+01 6.658553212789E+00
4.120119693959E+08 3.843371572075E-01 -9.057287769991E+00 2.647935721381E+01 6.658878743319E+00
4.151677293959E+08 3.871019050850E-01 -9.057608787174E+00 2.647899198619E+01 6.659202285095E+00
4.183234893959E+08 3.898646163928E-01 -9.057927827094E+00 2.647862902753E+01 6.659523845299E+00
4.214792493959E+08 3.926253051760E-01 -9.058244897271E+00 2.647826832876E+01 6.659843431208E+00
4.246350093959E+08 3.953839854033E-01 -9.058560005313E+00 2.647790988071E+01 6.660161050197E+00
4.277907693959E+08 3.981406709663E-01 -9.058873158938E+00 2.647755367412E+01 6.660476709759E+00
4.309465293959E+08 4.008953756794E-01 -9.059184365904E+00 2.647719969977E+01 6.660790417498E+00
4.341022893959E+08 4.036481132797E-01 -9.059493634107E+00 2.647684794821E+01 6.661102181089E+00
4.372580493959E+08 4.063988974263E-01 -9.059800971623E+00 2.647649840967E+01 6.661412008337E+00
4.404138093959E+08 4.091477417002E-01 -9.060106386448E+00 2.647615107478E+01 6.661719907152E+00
4.435695693959E+08 4.118946596047E-01 -9.060409886760E+00 2.647580593374E+01 6.662025885476E+00
4.467253293959E+08 4.146396645647E-01 -9.060711480804E+00 2.647546297673E+01 6.662329951369E+00
4.498810893959E+08 4.173827699266E-01 -9.061011176859E+00 2.647512219397E+01 6.662632112972E+00
4.530368493959E+08 4.201239889581E-01 -9.061308983375E+00 2.647478357533E+01 6.662932378496E+00
4.561926093959E+08 4.228633348483E-01 -9.061604908801E+00 2.647444711080E+01 6.663230756229E+00
4.593483693959E+08 4.256008207078E-01 -9.061898961564E+00 2.647411279056E+01 6.663527254526E+00
4.625041293959E+08 4.283364595680E-01 -9.062191150346E+00 2.647378060416E+01 6.663821881808E+00
4.656598893959E+08 4.310702643817E-01 -9.062481483667E+00 2.647345054173E+01 6.664114646562E+00
4.688156493959E+08 4.338022480233E-01 -9.062769970318E+00 2.647312259266E+01 6.664405557294E+00
4.719714093959E+08 4.365324232874E-01 -9.063056618918E+00 2.647279674706E+01 6.664694622635E+00
4.751271693959E+08 4.392608028904E-01 -9.063341438344E+00 2.647247299426E+01 6.664981851216E+00
4.782829293959E+08 4.419873994702E-01 -9.063624437326E+00 2.647215132414E+01 6.665267251711E+00
4.814386893959E+08 4.447122255858E-01 -9.063905624748E+00 2.647183172620E+01 6.665550832858E+00
4.845944493959E+08 4.474352937175E-01 -9.064185009497E+00 2.647151419001E+01 6.665832603421E+00
4.877502093959E+08 4.501566162672E-01 -9.064462600499E+00 2.647119870510E+01 6.666112572220E+00
4.909059693959E+08 4.528762055585E-01 -9.064738406706E+00 2.647088526097E+01 6.666390748095E+00
4.940617293959E+08 4.555940738368E-01 -9.065012437106E+00 2.647057384707E+01 6.666667139910E+00
4.972174893959E+08 4.583102332691E-01 -9.065284700689E+00 2.647026445294E+01 6.666941756598E+00
5.003732493959E+08 4.610246959445E-01 -9.065555206581E+00 2.646995706775E+01 6.667214607092E+00
5.035290093959E+08 4.637374738743E-01 -9.065823963762E+00 2.646965168115E+01 6.667485700366E+00
5.066847693959E+08 4.664485789919E-01 -9.066090981358E+00 2.646934828238E+01 6.667755045406E+00
5.098405293959E+08 4.691580231531E-01 -9.066356268488E+00 2.646904686079E+01 6.668022651243E+00
5.129962893959E+08 4.718658181365E-01 -9.066619834290E+00 2.646874740571E+01 6.668288526917E+00
5.161520493959E+08 4.745719756430E-01 -9.066881687934E+00 2.646844990642E+01 6.668552681515E+00
5.193078093959E+08 4.772765072970E-01 -9.067141838595E+00 2.646815435216E+01 6.668815124091E+00
5.224635693959E+08 4.799794246449E-01 -9.067400295485E+00 2.646786073226E+01 6.669075863822E+00
5.256193293959E+08 4.826807391574E-01 -9.067657067811E+00 2.646756903590E+01 6.669334909791E+00
5.287750893959E+08 4.853804622278E-01 -9.067912164786E+00 2.646727925242E+01 6.669592271175E+00
5.319308493959E+08 4.880786051732E-01 -9.068165595741E+00 2.646699137078E+01 6.669847957134E+00
5.350866093959E+08 4.907751792346E-01 -9.068417369845E+00 2.646670538044E+01 6.670101976852E+00
5.382423693959E+08 4.934701955770E-01 -9.068667496401E+00 2.646642127052E+01 6.670354339524E+00
5.413981293959E+08 4.961636652893E-01 -9.068915984649E+00 2.646613903032E+01 6.670605054358E+00
5.445538893959E+08 4.988555993853E-01 -9.069162843923E+00 2.646585864886E+01 6.670854130560E+00
5.477096493959E+08 5.015460088028E-01 -9.069408083522E+00 2.646558011536E+01 6.671101577373E+00
5.508654093959E+08 5.042349044053E-01 -9.069651712610E+00 2.646530341931E+01 6.671347403994E+00
5.540211693959E+08 5.069222969812E-01 -9.069893740599E+00 2.646502854955E+01 6.671591619640E+00
5.571769293959E+08 5.096081972443E-01 -9.070134176662E+00 2.646475549564E+01 6.671834233561E+00
5.603326893959E+08 5.122926158344E-01 -9.070373030089E+00 2.646448424672E+01 6.672075254948E+00
5.634884493959E+08 5.149755633170E-01 -9.070610310129E+00 2.646421479213E+01 6.672314693048E+00
5.666442093959E+08 5.176570501848E-01 -9.070846025977E+00 2.646394712124E+01 6.672552557022E+00
5.697999693959E+08 5.203370868569E-01 -9.071080186953E+00 2.646368122307E+01 6.672788856051E+00
5.729557293959E+08 5.230156836793E-01 -9.071312802157E+00 2.646341708735E+01 6.673023599350E+00
5.761114893959E+08 5.256928509260E-01 -9.071543880789E+00 2.646315470334E+01 6.673256796040E+00
5.792672493959E+08 5.283685987990E-01 -9.071773432008E+00 2.646289406044E+01 6.673488455241E+00
5.824230093959E+08 5.310429374280E-01 -9.072001464911E+00 2.646263514824E+01 6.673718586090E+00
5.855787693959E+08 5.337158768720E-01 -9.072227988686E+00 2.646237795596E+01 6.673947197662E+00
5.887345293959E+08 5.363874271187E-01 -9.072453012283E+00 2.646212247351E+01 6.674174299024E+00
5.918902893959E+08 5.390575980853E-01 -9.072676544875E+00 2.646186869011E+01 6.674399899227E+00
5.950460493959E+08 5.417263996192E-01 -9.072898595369E+00 2.646161659565E+01 6.674624007255E+00
5.982018093959E+08 5.443938414979E-01 -9.073119172783E+00 2.646136617970E+01 6.674846632105E+00
6.013575693959E+08 5.470599334298E-01 -9.073338286025E+00 2.646111743203E+01 6.675067782700E+00
6.045133293959E+08 5.497246850544E-01 -9.073555944124E+00 2.646087034207E+01 6.675287467963E+00
6.076690893959E+08 5.523881059427E-01 -9.073772155856E+00 2.646062489991E+01 6.675505696787E+00
6.108248493959E+08 5.550502055977E-01 -9.073986930080E+00 2.646038109537E+01 6.675722478034E+00
6.139806093959E+08 5.577109934544E-01 -9.074200275706E+00 2.646013891804E+01 6.675937820534E+00
6.171363693959E+08 5.603704788814E-01 -9.074412201415E+00 2.645989835808E+01 6.676151733055E+00
6.202921293959E+08 5.630286711801E-01 -9.074622715995E+00 2.645965940529E+01 6.676364224340E+00
6.234478893959E+08 5.656855795854E-01 -9.074831828123E+00 2.645942204981E+01 6.676575303131E+00
6.266036493959E+08 5.683412132664E-01 -9.075039546599E+00 2.645918628132E+01 6.676784978131E+00
6.297594093959E+08 5.709955813263E-01 -9.075245879948E+00 2.645895209024E+01 6.676993257995E+00
6.329151693959E+08 5.736486928037E-01 -9.075450836826E+00 2.645871946650E+01 6.677200151320E+00
6.360709293959E+08 5.763005566722E-01 -9.075654425809E+00 2.645848840025E+01 6.677405666694E+00
6.392266893959E+08 5.789511818410E-01 -9.075856655450E+00 2.645825888168E+01 6.677609812692E+00
6.423824493959E+08 5.816005771554E-01 -9.076057534260E+00 2.645803090098E+01 6.677812597818E+00
6.455382093959E+08 5.842487513971E-01 -9.076257070714E+00 2.645780444840E+01 6.678014030555E+00
6.486939693959E+08 5.868957132844E-01 -9.076455273266E+00 2.645757951429E+01 6.678214119398E+00
6.518497293959E+08 5.895414714729E-01 -9.076652150285E+00 2.645735608905E+01 6.678412872741E+00
6.550054893959E+08 5.921860345558E-01 -9.076847710226E+00 2.645713416286E+01 6.678610298988E+00
6.581612493959E+08 5.948294110644E-01 -9.077041961424E+00 2.645691372613E+01 6.678806406482E+00
6.613170093959E+08 5.974716094682E-01 -9.077234912133E+00 2.645669476950E+01 6.679001203551E+00
6.644727693959E+08 6.001126381753E-01 -9.077426570628E+00 2.645647728346E+01 6.679194698484E+00
6.676285293959E+08 6.027525055331E-01 -9.077616945266E+00 2.645626125821E+01 6.679386899538E+00
6.707842893959E+08 6.053912198284E-01 -9.077806044143E+00 2.645604668465E+01 6.679577814931E+00
6.739400493959E+08 6.080287892875E-01 -9.077993875446E+00 2.645583355339E+01 6.679767452872E+00
6.770958093959E+08 6.106652220772E-01 -9.078180447416E+00 2.645562185477E+01 6.679955821509E+00
6.802515693959E+08 6.133005263049E-01 -9.078365768050E+00 2.645541157983E+01 6.680142928973E+00
6.834073293959E+08 6.159347100187E-01 -9.078549845447E+00 2.645520271923E+01 6.680328783354E+00
6.865630893959E+08 6.185677812084E-01 -9.078732687593E+00 2.645499526383E+01 6.680513392675E+00
6.897188493959E+08 6.211997478054E-01 -9.078914302590E+00 2.645478920415E+01 6.680696764954E+00
6.928746093959E+08 6.238306176834E-01 -9.079094698276E+00 2.645458453143E+01 6.680878908166E+00
6.960303693959E+08 6.264603986581E-01 -9.079273882562E+00 2.645438123660E+01 6.681059830261E+00
6.991861293959E+08 6.290890984887E-01 -9.079451863419E+00 2.645417931037E+01 6.681239539128E+00
7.023418893959E+08 6.317167248777E-01 -9.079628648513E+00 2.645397874417E+01 6.681418042599E+00
7.054976493959E+08 6.343432854711E-01 -9.079804245797E+00 2.645377952863E+01 6.681595348485E+00
7.086534093959E+08 6.369687878592E-01 -9.079978662881E+00 2.645358165527E+01 6.681771464576E+00
7.118091693959E+08 6.395932395768E-01 -9.080151907498E+00 2.645338511518E+01 6.681946398588E+00
7.149649293959E+08 6.422166481036E-01 -9.080323987301E+00 2.645318989958E+01 6.682120158197E+00
7.181206893959E+08 6.448390208647E-01 -9.080494909894E+00 2.645299599981E+01 6.682292751061E+00
7.212764493959E+08 6.474603652311E-01 -9.080664682836E+00 2.645280340719E+01 6.682464184757E+00
7.244322093959E+08 6.500806885196E-01 -9.080833313602E+00 2.645261211331E+01 6.682634466862E+00
7.275879693959E+08 6.526999979938E-01 -9.081000809792E+00 2.645242210923E+01 6.682803604875E+00
7.307437293959E+08 6.553183008644E-01 -9.081167178696E+00 2.645223338685E+01 6.682971606257E+00
7.338994893959E+08 6.579356042894E-01 -9.081332427739E+00 2.645204593760E+01 6.683138478415E+00
7.370552493959E+08 6.605519153744E-01 -9.081496564220E+00 2.645185975324E+01 6.683304228743E+00
7.402110093959E+08 6.631672411734E-01 -9.081659595555E+00 2.645167482507E+01 6.683468864560E+00
7.433667693959E+08 6.657815886886E-01 -9.081821528871E+00 2.645149114515E+01 6.683632393158E+00
7.465225293959E+08 6.683949648715E-01 -9.081982371419E+00 2.645130870513E+01 6.683794821778E+00
7.496782893959E+08 6.710073766230E-01 -9.082142130331E+00 2.645112749689E+01 6.683956157609E+00
7.528340493959E+08 6.736188307929E-01 -9.082300812858E+00 2.645094751201E+01 6.684116407851E+00
7.559898093959E+08 6.762293341812E-01 -9.082458425918E+00 2.645076874287E+01 6.684275579632E+00
7.591455693959E+08 6.788388935388E-01 -9.082614976729E+00 2.645059118088E+01 6.684433680008E+00
7.623013293959E+08 6.814475155672E-01 -9.082770472147E+00 2.645041481845E+01 6.684590716001E+00
7.654570893959E+08 6.840552069183E-01 -9.082924919242E+00 2.645023964741E+01 6.684746694677E+00
7.686128493959E+08 6.866619741964E-01 -9.083078324934E+00 2.645006565978E+01 6.684901622932E+00
7.717686093959E+08 6.892678239561E-01 -9.083230696174E+00 2.644989284764E+01 6.685055507776E+00
7.749243693959E+08 6.918727627049E-01 -9.083382039718E+00 2.644972120340E+01 6.685208356076E+00
7.780801293959E+08 6.944767969028E-01 -9.083532362394E+00 2.644955071924E+01 6.685360174676E+00
7.812358893959E+08 6.970799329624E-01 -9.083681671113E+00 2.644938138702E+01 6.685510970386E+00
7.843916493959E+08 6.996821772492E-01 -9.083829972497E+00 2.644921319941E+01 6.685660749992E+00
7.875474093959E+08 7.022835360824E-01 -9.083977273300E+00 2.644904614856E+01 6.685809520216E+00
7.907031693959E+08 7.048840157339E-01 -9.084123580203E+00 2.644888022695E+01 6.685957287825E+00
7.938589293959E+08 7.074836224310E-01 -9.084268899821E+00 2.644871542694E+01 6.686104059430E+00
7.970146893959E+08 7.100823623545E-01 -9.084413238761E+00 2.644855174100E+01 6.686249841679E+00
8.001704493959E+08 7.126802416399E-01 -9.084556603530E+00 2.644838916180E+01 6.686394641174E+00
8.033262093959E+08 7.152772663777E-01 -9.084699000731E+00 2.644822768171E+01 6.686538464494E+00
8.064819693959E+08 7.178734426141E-01 -9.084840436854E+00 2.644806729319E+01 6.686681318104E+00
8.096377293959E+08 7.204687763507E-01 -9.084980918251E+00 2.644790798919E+01 6.686823208495E+00
8.127934893959E+08 7.230632735450E-01 -9.085120451393E+00 2.644774976226E+01 6.686964142142E+00
8.159492493959E+08 7.256569401106E-01 -9.085259042654E+00 2.644759260506E+01 6.687104125425E+00
8.191050093959E+08 7.282497819179E-01 -9.085396698383E+00 2.644743651038E+01 6.687243164738E+00
8.222607693959E+08 7.308418047936E-01 -9.085533424904E+00 2.644728147097E+01 6.687381266439E+00
8.254165293959E+08 7.334330145220E-01 -9.085669228494E+00 2.644712747963E+01 6.687518436805E+00
8.285722893959E+08 7.360234168445E-01 -9.085804115407E+00 2.644697452924E+01 6.687654682141E+00
8.317280493959E+08 7.386130174601E-01 -9.085938091865E+00 2.644682261264E+01 6.687790008676E+00
8.348838093959E+08 7.412018220251E-01 -9.086071164050E+00 2.644667172288E+01 6.687924422685E+00
8.380395693959E+08 7.437898361548E-01 -9.086203338066E+00 2.644652185303E+01 6.688057930326E+00
8.411953293959E+08 7.463770654227E-01 -9.086334620150E+00 2.644637299569E+01 6.688190537718E+00
8.443510893959E+08 7.489635153614E-01 -9.086465016253E+00 2.644622514431E+01 6.688322250972E+00
8.475068493959E+08 7.515491914621E-01 -9.086594532464E+00 2.644607829186E+01 6.688453076180E+00
8.506626093959E+08 7.541340991754E-01 -9.086723174737E+00 2.644593243167E+01 6.688583019396E+00
8.538183693959E+08 7.567182439120E-01 -9.086850949125E+00 2.644578755661E+01 6.688712086579E+00
8.569741293959E+08 7.593016310424E-01 -9.086977861566E+00 2.644564365994E+01 6.688840283726E+00
8.601298893959E+08 7.618842658967E-01 -9.087103917835E+00 2.644550073534E+01 6.688967616796E+00
8.632856493959E+08 7.644661537666E-01 -9.087229123816E+00 2.644535877594E+01 6.689094091631E+00
8.664414093959E+08 7.670472999045E-01 -9.087353485312E+00 2.644521777516E+01 6.689219714077E+00
8.695971693959E+08 7.696277095238E-01 -9.087477008078E+00 2.644507772644E+01 6.689344489938E+00
8.727529293959E+08 7.722073878000E-01 -9.087599697835E+00 2.644493862327E+01 6.689468424968E+00
8.759086893959E+08 7.747863398696E-01 -9.087721560253E+00 2.644480045925E+01 6.689591524924E+00
8.790644493959E+08 7.773645708322E-01 -9.087842600962E+00 2.644466322795E+01 6.689713795462E+00
8.822202093959E+08 7.799420857497E-01 -9.087962825541E+00 2.644452692303E+01 6.689835242204E+00
8.853759693959E+08 7.825188896466E-01 -9.088082239538E+00 2.644439153822E+01 6.689955870768E+00
8.885317293959E+08 7.850949875111E-01 -9.088200848401E+00 2.644425706738E+01 6.690075686680E+00
8.916874893959E+08 7.876703842945E-01 -9.088318657730E+00 2.644412350392E+01 6.690194695455E+00
8.948432493959E+08 7.902450849121E-01 -9.088435672782E+00 2.644399084215E+01 6.690312902570E+00
8.979990093959E+08 7.928190942436E-01 -9.088551898980E+00 2.644385907578E+01 6.690430313409E+00
9.011547693959E+08 7.953924171331E-01 -9.088667341595E+00 2.644372819894E+01 6.690546933358E+00
9.043105293959E+08 7.979650583890E-01 -9.088782006061E+00 2.644359820526E+01 6.690662767790E+00
9.074662893959E+08 8.005370227855E-01 -9.088895897456E+00 2.644346908920E+01 6.690777821961E+00
9.106220493959E+08 8.031083150620E-01 -9.089009020970E+00 2.644334084489E+01 6.690892101122E+00
9.137778093959E+08 8.056789399237E-01 -9.089121381922E+00 2.644321346599E+01 6.691005610462E+00
9.169335693959E+08 8.082489020418E-01 -9.089232985270E+00 2.644308694715E+01 6.691118355152E+00
9.200893293959E+08 8.108182060541E-01 -9.089343836147E+00 2.644296128243E+01 6.691230340306E+00
9.232450893959E+08 8.133868565642E-01 -9.089453939557E+00 2.644283646630E+01 6.691341571057E+00
9.264008493959E+08 8.159548581435E-01 -9.089563300654E+00 2.644271249255E+01 6.691452052406E+00
9.295566093959E+08 8.185222153295E-01 -9.089671924226E+00 2.644258935616E+01 6.691561789421E+00
9.327123693959E+08 8.210889326279E-01 -9.089779815411E+00 2.644246705088E+01 6.691670787047E+00
9.358681293959E+08 8.236550145116E-01 -9.089886978958E+00 2.644234557160E+01 6.691779050243E+00
9.390238893959E+08 8.262204654210E-01 -9.089993419844E+00 2.644222491259E+01 6.691886583979E+00
9.421796493959E+08 8.287852897648E-01 -9.090099142999E+00 2.644210506802E+01 6.691993393106E+00
9.453354093959E+08 8.313494919202E-01 -9.090204153073E+00 2.644198603291E+01 6.692099482485E+00
9.484911693959E+08 8.339130762321E-01 -9.090308455043E+00 2.644186780136E+01 6.692204856996E+00
9.516469293959E+08 8.364760470145E-01 -9.090412053611E+00 2.644175036811E+01 6.692309521427E+00
9.548026893959E+08 8.390384085506E-01 -9.090514953588E+00 2.644163372753E+01 6.692413480534E+00
9.579584493959E+08 8.416001650924E-01 -9.090617159573E+00 2.644151787457E+01 6.692516739065E+00
9.611142093959E+08 8.441613208611E-01 -9.090718676273E+00 2.644140280390E+01 6.692619301776E+00
9.642699693959E+08 8.467218800474E-01 -9.090819508456E+00 2.644128850989E+01 6.692721173351E+00
9.674257293959E+08 8.492818468121E-01 -9.090919660595E+00 2.644117498767E+01 6.692822358427E+00
9.705814893959E+08 8.518412252865E-01 -9.091019137316E+00 2.644106223187E+01 6.692922861602E+00
9.737372493959E+08 8.544000195716E-01 -9.091117943167E+00 2.644095023734E+01 6.693022687482E+00
9.768930093959E+08 8.569582337394E-01 -9.091216082663E+00 2.644083899895E+01 6.693121840613E+00
9.800487693959E+08 8.595158718318E-01 -9.091313560284E+00 2.644072851172E+01 6.693220325580E+00
9.832045293959E+08 8.620729378632E-01 -9.091410380463E+00 2.644061877047E+01 6.693318146771E+00
9.863602893959E+08 8.646294358183E-01 -9.091506547628E+00 2.644050977022E+01 6.693415308685E+00
9.895160493959E+08 8.671853696536E-01 -9.091602066112E+00 2.644040150614E+01 6.693511815742E+00
9.926718093959E+08 8.697407432973E-01 -9.091696940396E+00 2.644029397290E+01 6.693607672328E+00
9.958275693959E+08 8.722955606493E-01 -9.091791174809E+00 2.644018716561E+01 6.693702882830E+00
9.989833293959E+08 8.748498255816E-01 -9.091884773564E+00 2.644008107966E+01 6.693797451594E+00
1.002139089396E+09 8.774035419385E-01 -9.091977741002E+00 2.643997571000E+01 6.693891382934E+00
1.005294849396E+09 8.799567135366E-01 -9.092070081390E+00 2.643987105178E+01 6.693984681146E+00
1.008450609396E+09 8.825093441654E-01 -9.092161798978E+00 2.643976710012E+01 6.694077350501E+00
1.011606369396E+09 8.850614375869E-01 -9.092252897928E+00 2.643966385037E+01 6.694169395230E+00
1.014762129396E+09 8.876129975362E-01 -9.092343382601E+00 2.643956129729E+01 6.694260819575E+00
1.017917889396E+09 8.901640277209E-01 -9.092433257011E+00 2.643945943664E+01 6.694351627768E+00
1.021073649396E+09 8.927145318228E-01 -9.092522525342E+00 2.643935826352E+01 6.694441823951E+00
1.024229409396E+09 8.952645134970E-01 -9.092611191716E+00 2.643925777323E+01 6.694531412259E+00
1.027385169396E+09 8.978139763720E-01 -9.092699260164E+00 2.643915796129E+01 6.694620396826E+00
1.030540929396E+09 9.003629240507E-01 -9.092786734912E+00 2.643905882259E+01 6.694708781736E+00
1.033696689396E+09 9.029113601097E-01 -9.092873619808E+00 2.643896035309E+01 6.694796571061E+00
1.036852449396E+09 9.054592881001E-01 -9.092959918906E+00 2.643886254811E+01 6.694883768845E+00
1.040008209396E+09 9.080067115476E-01 -9.093045636159E+00 2.643876540316E+01 6.694970379083E+00
1.043163969396E+09 9.105536339538E-01 -9.093130775493E+00 2.643866891365E+01 6.695056405656E+00
1.046319729396E+09 9.131000587930E-01 -9.093215340769E+00 2.643857307553E+01 6.695141852652E+00
1.049475489396E+09 9.156459895164E-01 -9.093299335862E+00 2.643847788427E+01 6.695226723915E+00
1.052631249396E+09 9.181914295505E-01 -9.093382764799E+00 2.643838333497E+01 6.695311023307E+00
1.055787009396E+09 9.207363822972E-01 -9.093465631149E+00 2.643828942399E+01 6.695394754678E+00
1.058942769396E+09 9.232808511347E-01 -9.093547938855E+00 2.643819614653E+01 6.695477921819E+00
1.062098529396E+09 9.258248394161E-01 -9.093629691561E+00 2.643810349879E+01 6.695560528594E+00
1.065254289396E+09 9.283683504714E-01 -9.093710893059E+00 2.643801147630E+01 6.695642578748E+00
1.068410049396E+09 9.309113876071E-01 -9.093791547067E+00 2.643792007484E+01 6.695724076024E+00
1.071565809396E+09 9.334539541064E-01 -9.093871657270E+00 2.643782929009E+01 6.695805024067E+00
1.074721569396E+09 9.359960532279E-01 -9.093951227302E+00 2.643773911821E+01 6.695885426709E+00
1.077877329396E+09 9.385376882081E-01 -9.094030260950E+00 2.643764955455E+01 6.695965287569E+00
1.081033089396E+09 9.410788622608E-01 -9.094108761657E+00 2.643756059541E+01 6.696044610241E+00
1.084188849396E+09 9.436195785755E-01 -9.094186733074E+00 2.643747223673E+01 6.696123398464E+00
1.087344609396E+09 9.461598403212E-01 -9.094264178669E+00 2.643738447454E+01 6.696201655714E+00
1.090500369396E+09 9.486996506431E-01 -9.094341102125E+00 2.643729730448E+01 6.696279385603E+00
1.093656129396E+09 9.512390126653E-01 -9.094417506757E+00 2.643721072301E+01 6.696356591617E+00
1.096811889396E+09 9.537779294893E-01 -9.094493395997E+00 2.643712472634E+01 6.696433277266E+00
1.099967649396E+09 9.563164041957E-01 -9.094568773371E+00 2.643703931019E+01 6.696509445961E+00
1.103123409396E+09 9.588544398432E-01 -9.094643642177E+00 2.643695447108E+01 6.696585101176E+00
1.106279169396E+09 9.613920394696E-01 -9.094718005690E+00 2.643687020535E+01 6.696660246259E+00
1.109434929396E+09 9.639292060926E-01 -9.094791867218E+00 2.643678650915E+01 6.696734884484E+00
1.112590689396E+09 9.664659427079E-01 -9.094865230034E+00 2.643670337894E+01 6.696809019260E+00
1.115746449396E+09 9.690022522917E-01 -9.094938097341E+00 2.643662081104E+01 6.696882653791E+00
1.118902209396E+09 9.715381378002E-01 -9.095010472333E+00 2.643653880182E+01 6.696955791306E+00
1.122057969396E+09 9.740736021687E-01 -9.095082358135E+00 2.643645734790E+01 6.697028435052E+00
1.125213729396E+09 9.766086483135E-01 -9.095153758053E+00 2.643637644521E+01 6.697100588177E+00
1.128369489396E+09 9.791432791310E-01 -9.095224675056E+00 2.643629609060E+01 6.697172253819E+00
1.131525249396E+09 9.816774974971E-01 -9.095295112322E+00 2.643621628049E+01 6.697243435189E+00
1.134681009396E+09 9.842113062694E-01 -9.095365072895E+00 2.643613701140E+01 6.697314135346E+00
1.137836769396E+09 9.867447082847E-01 -9.095434560065E+00 2.643605827932E+01 6.697384357461E+00
1.140992529396E+09 9.892777063617E-01 -9.095503576727E+00 2.643598008118E+01 6.697454104569E+00
1.144148289396E+09 9.918103032996E-01 -9.095572126043E+00 2.643590241320E+01 6.697523379760E+00
1.147304049396E+09 9.943425018770E-01 -9.095640211094E+00 2.643582527198E+01 6.697592186196E+00
1.150459809396E+09 9.968743048540E-01 -9.095707834890E+00 2.643574865420E+01 6.697660526973E+00
1.153615569396E+09 9.994057149722E-01 -9.095775000635E+00 2.643567255578E+01 6.697728405071E+00
1.156771329396E+09 1.001936734954E+00 -9.095841711212E+00 2.643559697374E+01 6.697795823563E+00
1.159927089396E+09 1.004467367502E+00 -9.095907969714E+00 2.643552190441E+01 6.697862785487E+00
1.163082849396E+09 1.006997615302E+00 -9.095973779139E+00 2.643544734443E+01 6.697929293885E+00
1.166238609396E+09 1.009527481017E+00 -9.096039142480E+00 2.643537329041E+01 6.697995351786E+00
1.169394369396E+09 1.012056967297E+00 -9.096104062657E+00 2.643529973907E+01 6.698060962158E+00
1.172550129396E+09 1.014586076770E+00 -9.096168542697E+00 2.643522668683E+01 6.698126127973E+00
1.175705889396E+09 1.017114812047E+00 -9.096232585413E+00 2.643515413069E+01 6.698190852184E+00
1.178861649396E+09 1.019643175720E+00 -9.096296193644E+00 2.643508206747E+01 6.698255137683E+00
1.182017409396E+09 1.022171170364E+00 -9.096359370434E+00 2.643501049341E+01 6.698318987357E+00
1.185173169396E+09 1.024698798538E+00 -9.096422118366E+00 2.643493940601E+01 6.698382404072E+00
1.188328929396E+09 1.027226062780E+00 -9.096484440425E+00 2.643486880164E+01 6.698445390696E+00
1.191484689396E+09 1.029752965613E+00 -9.096546339399E+00 2.643479867707E+01 6.698507950009E+00
1.194640449396E+09 1.032279509543E+00 -9.096607817919E+00 2.643472902958E+01 6.698570084816E+00
1.197796209396E+09 1.034805697058E+00 -9.096668878748E+00 2.643465985601E+01 6.698631797897E+00
1.200951969396E+09 1.037331530629E+00 -9.096729524723E+00 2.643459115282E+01 6.698693091931E+00
1.204107729396E+09 1.039857012711E+00 -9.096789758604E+00 2.643452291707E+01 6.698753969809E+00
1.207263489396E+09 1.042382145741E+00 -9.096849582949E+00 2.643445514590E+01 6.698814434150E+00
1.210419249396E+09 1.044906932139E+00 -9.096909000483E+00 2.643438783624E+01 6.698874487704E+00
1.213575009396E+09 1.047431374311E+00 -9.096968014060E+00 2.643432098455E+01 6.698934133187E+00
1.216730769396E+09 1.049955474643E+00 -9.097026626199E+00 2.643425458820E+01 6.698993373276E+00
1.219886529396E+09 1.052479235507E+00 -9.097084839621E+00 2.643418864404E+01 6.699052210669E+00
1.223042289396E+09 1.055002659256E+00 -9.097142656916E+00 2.643412314923E+01 6.699110648054E+00
1.226198049396E+09 1.057525748231E+00 -9.097200080899E+00 2.643405810013E+01 6.699168688010E+00
1.229353809396E+09 1.060048504752E+00 -9.097257114011E+00 2.643399349440E+01 6.699226333240E+00
1.232509569396E+09 1.062570931127E+00 -9.097313758880E+00 2.643392932896E+01 6.699283586352E+00
1.235665329396E+09 1.065093029645E+00 -9.097370018082E+00 2.643386560080E+01 6.699340449897E+00
1.238821089396E+09 1.067614802580E+00 -9.097425894137E+00 2.643380230726E+01 6.699396926526E+00
1.241976849396E+09 1.070136252194E+00 -9.097481389523E+00 2.643373944548E+01 6.699453018725E+00
1.245132609396E+09 1.072657380728E+00 -9.097536506714E+00 2.643367701270E+01 6.699508729002E+00
1.248288369396E+09 1.075178190413E+00 -9.097591248058E+00 2.643361500639E+01 6.699564059825E+00
1.251444129396E+09 1.077698683463E+00 -9.097645616135E+00 2.643355342338E+01 6.699619013645E+00
1.254599889396E+09 1.080218862077E+00 -9.097699613121E+00 2.643349226149E+01 6.699673592828E+00
1.257755649396E+09 1.082738728441E+00 -9.097753241273E+00 2.643343151842E+01 6.699727799808E+00
1.260911409396E+09 1.085258284727E+00 -9.097806503310E+00 2.643337119023E+01 6.699781636832E+00
1.264067169396E+09 1.087777533089E+00 -9.097859401113E+00 2.643331127583E+01 6.699835106405E+00
1.267222929396E+09 1.090296475672E+00 -9.097911937049E+00 2.643325177213E+01 6.699888210682E+00
1.270378689396E+09 1.092815114604E+00 -9.097964113364E+00 2.643319267664E+01 6.699940951968E+00
1.273534449396E+09 1.095333452002E+00 -9.098015932236E+00 2.643313398695E+01 6.699993332493E+00
1.276690209396E+09 1.097851489966E+00 -9.098067396065E+00 2.643307570005E+01 6.700045354511E+00
1.279845969396E+09 1.100369230585E+00 -9.098118506879E+00 2.643301781392E+01 6.700097020242E+00
1.283001729396E+09 1.102886675935E+00 -9.098169266940E+00 2.643296032590E+01 6.700148331909E+00
1.286157489396E+09 1.105403828075E+00 -9.098219678445E+00 2.643290323341E+01 6.700199291687E+00
1.289313249396E+09 1.107920689054E+00 -9.098269743514E+00 2.643284653426E+01 6.700249901831E+00
1.292469009396E+09 1.110437260906E+00 -9.098319464469E+00 2.643279022547E+01 6.700300164491E+00
1.295624769396E+09 1.112953545652E+00 -9.098368843454E+00 2.643273430462E+01 6.700350081835E+00
1.298780529396E+09 1.115469545301E+00 -9.098417882455E+00 2.643267876980E+01 6.700399656074E+00
1.301936289396E+09 1.117985261848E+00 -9.098466583826E+00 2.643262361788E+01 6.700448889312E+00
1.305092049396E+09 1.120500697272E+00 -9.098514949451E+00 2.643256884729E+01 6.700497783787E+00
1.308247809396E+09 1.123015853545E+00 -9.098562981596E+00 2.643251445505E+01 6.700546341538E+00
1.311403569396E+09 1.125530732623E+00 -9.098610682305E+00 2.643246043884E+01 6.700594564644E+00
1.314559329396E+09 1.128045336449E+00 -9.098658053503E+00 2.643240679668E+01 6.700642455158E+00
1.317715089396E+09 1.130559666956E+00 -9.098705097202E+00 2.643235352646E+01 6.700690015212E+00
1.320870849396E+09 1.133073726062E+00 -9.098751815550E+00 2.643230062529E+01 6.700737246710E+00
1.324026609396E+09 1.135587515677E+00 -9.098798210308E+00 2.643224809170E+01 6.700784151739E+00
1.327182369396E+09 1.138101037693E+00 -9.098844283438E+00 2.643219592344E+01 6.700830732268E+00
1.330338129396E+09 1.140614293998E+00 -9.098890036753E+00 2.643214411843E+01 6.700876990114E+00
1.333493889396E+09 1.143127286463E+00 -9.098935472332E+00 2.643209267418E+01 6.700922927298E+00
1.336649649396E+09 1.145640016949E+00 -9.098980591752E+00 2.643204158920E+01 6.700968545586E+00
1.339805409396E+09 1.148152487308E+00 -9.099025397073E+00 2.643199086092E+01 6.701013846922E+00
1.342961169396E+09 1.150664699377E+00 -9.099069890134E+00 2.643194048723E+01 6.701058833149E+00
1.346116929396E+09 1.153176654984E+00 -9.099114072650E+00 2.643189046637E+01 6.701103506108E+00
1.349272689396E+09 1.155688355947E+00 -9.099157946556E+00 2.643184079590E+01 6.701147867609E+00
1.352428449396E+09 1.158199804069E+00 -9.099201513755E+00 2.643179147371E+01 6.701191919609E+00
1.355584209396E+09 1.160711001145E+00 -9.099244776136E+00 2.643174249746E+01 6.701235663893E+00
1.358739969396E+09 1.163221948956E+00 -9.099287735587E+00 2.643169386506E+01 6.701279102398E+00
1.361895729396E+09 1.165732649273E+00 -9.099330394297E+00 2.643164557354E+01 6.701322237054E+00
1.365051489396E+09 1.168243103852E+00 -9.099372754059E+00 2.643159762120E+01 6.701365069868E+00
1.368207249396E+09 1.170753314440E+00 -9.099414816975E+00 2.643155000536E+01 6.701407602792E+00
1.371363009396E+09 1.173263282770E+00 -9.099456585044E+00 2.643150272372E+01 6.701449837821E+00
1.374518769396E+09 1.175773010563E+00 -9.099498060565E+00 2.643145577318E+01 6.701491776995E+00
1.377674529396E+09 1.178282499527E+00 -9.099539245455E+00 2.643140915189E+01 6.701533422432E+00
1.380830289396E+09 1.180791751358E+00 -9.099580141902E+00 2.643136285712E+01 6.701574776204E+00
1.383986049396E+09 1.183300767737E+00 -9.099620752034E+00 2.643131688635E+01 6.701615840403E+00
1.387141809396E+09 1.185809550336E+00 -9.099661077981E+00 2.643127123714E+01 6.701656617155E+00
1.390297569396E+09 1.188318100812E+00 -9.099701121848E+00 2.643122590705E+01 6.701697108555E+00
1.393453329396E+09 1.190826420807E+00 -9.099740885740E+00 2.643118089383E+01 6.701737316820E+00
1.396609089396E+09 1.193334511956E+00 -9.099780371717E+00 2.643113619506E+01 6.701777243976E+00
1.399764849396E+09 1.195842375877E+00 -9.099819581817E+00 2.643109180839E+01 6.701816892057E+00
1.402920609396E+09 1.198350014178E+00 -9.099858518073E+00 2.643104773155E+01 6.701856263138E+00
1.406076369396E+09 1.200857428456E+00 -9.099897182403E+00 2.643100396249E+01 6.701895359232E+00
1.409232129396E+09 1.203364620293E+00 -9.099935576953E+00 2.643096049864E+01 6.701934182418E+00
1.412387889396E+09 1.205871591263E+00 -9.099973703437E+00 2.643091733825E+01 6.701972734552E+00
1.415543649396E+09 1.208378342924E+00 -9.100011563763E+00 2.643087447943E+01 6.702011017717E+00
1.418699409396E+09 1.210884876829E+00 -9.100049159883E+00 2.643083191965E+01 6.702049033690E+00
1.421855169396E+09 1.213391194514E+00 -9.100086493580E+00 2.643078965702E+01 6.702086784359E+00
1.425010929396E+09 1.215897297509E+00 -9.100123566725E+00 2.643074768940E+01 6.702124271603E+00
1.428166689396E+09 1.218403187329E+00 -9.100160380967E+00 2.643070601519E+01 6.702161497236E+00
1.431322449396E+09 1.220908865481E+00 -9.100196938059E+00 2.643066463241E+01 6.702198463044E+00
1.434478209396E+09 1.223414333462E+00 -9.100233239938E+00 2.643062353856E+01 6.702235170797E+00
1.437633969396E+09 1.225919592758E+00 -9.100269288127E+00 2.643058273222E+01 6.702271622218E+00
1.440789729396E+09 1.228424644842E+00 -9.100305084395E+00 2.643054221141E+01 6.702307819106E+00
1.443945489396E+09 1.230929491182E+00 -9.100340630407E+00 2.643050197407E+01 6.702343763047E+00
1.447101249396E+09 1.233434133231E+00 -9.100375927785E+00 2.643046201869E+01 6.702379455867E+00
1.450257009396E+09 1.235938572435E+00 -9.100410978324E+00 2.643042234301E+01 6.702414899245E+00
1.453412769396E+09 1.238442810231E+00 -9.100445783596E+00 2.643038294524E+01 6.702450094773E+00
1.456568529396E+09 1.240946848042E+00 -9.100480345113E+00 2.643034382388E+01 6.702485044099E+00
1.459724289396E+09 1.243450687287E+00 -9.100514664542E+00 2.643030497693E+01 6.702519748838E+00
1.462880049396E+09 1.245954329373E+00 -9.100548743391E+00 2.643026640272E+01 6.702554210541E+00
1.466035809396E+09 1.248457775695E+00 -9.100582583444E+00 2.643022809907E+01 6.702588430920E+00
1.469191569396E+09 1.250961027643E+00 -9.100616186045E+00 2.643019006466E+01 6.702622411445E+00
1.472347329396E+09 1.253464086596E+00 -9.100649552818E+00 2.643015229760E+01 6.702656153739E+00
1.475503089396E+09 1.255966953922E+00 -9.100682685205E+00 2.643011479652E+01 6.702689659403E+00
1.478658849396E+09 1.258469630981E+00 -9.100715584922E+00 2.643007755905E+01 6.702722929921E+00
1.481814609396E+09 1.260972119127E+00 -9.100748253273E+00 2.643004058401E+01 6.702755966799E+00
1.484970369396E+09 1.263474419702E+00 -9.100780691823E+00 2.643000386939E+01 6.702788771466E+00
1.488126129396E+09 1.265976534038E+00 -9.100812902099E+00 2.642996741368E+01 6.702821345600E+00
1.491281889396E+09 1.268478463461E+00 -9.100844885553E+00 2.642993121518E+01 6.702853690635E+00
1.494437649396E+09 1.270980209287E+00 -9.100876643669E+00 2.642989527206E+01 6.702885807984E+00
1.497593409396E+09 1.273481772823E+00 -9.100908177939E+00 2.642985958264E+01 6.702917699163E+00
1.500749169396E+09 1.275983155368E+00 -9.100939489828E+00 2.642982414527E+01 6.702949365653E+00
1.503904929396E+09 1.278484358210E+00 -9.100970580805E+00 2.642978895844E+01 6.702980809031E+00
1.507060689396E+09 1.280985382632E+00 -9.101001452288E+00 2.642975402040E+01 6.703012030650E+00
1.510216449396E+09 1.283486229904E+00 -9.101032105722E+00 2.642971932958E+01 6.703043032007E+00
1.513372209396E+09 1.285986901293E+00 -9.101062542518E+00 2.642968488428E+01 6.703073814471E+00
1.516527969396E+09 1.288487398052E+00 -9.101092764074E+00 2.642965068310E+01 6.703104379557E+00
1.519683729396E+09 1.290987721430E+00 -9.101122771743E+00 2.642961672442E+01 6.703134728583E+00
1.522839489396E+09 1.293487872665E+00 -9.101152566790E+00 2.642958300705E+01 6.703164862970E+00
1.525995249396E+09 1.295987852991E+00 -9.101182150746E+00 2.642954952883E+01 6.703194784021E+00
1.529151009396E+09 1.298487663630E+00 -9.101211524641E+00 2.642951628916E+01 6.703224493103E+00
1.532306769396E+09 1.300987305799E+00 -9.101240689762E+00 2.642948328654E+01 6.703253991487E+00
1.535462529396E+09 1.303486780707E+00 -9.101269647290E+00 2.642945051961E+01 6.703283280360E+00
1.538618289396E+09 1.305986089558E+00 -9.101298398354E+00 2.642941798723E+01 6.703312360947E+00
1.541774049396E+09 1.308485233548E+00 -9.101326944045E+00 2.642938568820E+01 6.703341234364E+00
1.544929809396E+09 1.310984213865E+00 -9.101355285342E+00 2.642935362183E+01 6.703369901849E+00
1.548085569396E+09 1.313483031694E+00 -9.101383423421E+00 2.642932178644E+01 6.703398364387E+00
1.551241329396E+09 1.315981688211E+00 -9.101411359035E+00 2.642929018161E+01 6.703426622982E+00
1.554397089396E+09 1.318480184589E+00 -9.101439093177E+00 2.642925880614E+01 6.703454678609E+00
1.557552849396E+09 1.320978521996E+00 -9.101466626739E+00 2.642922765914E+01 6.703482532226E+00
1.560708609396E+09 1.323476701593E+00 -9.101493960582E+00 2.642919673956E+01 6.703510184668E+00
1.563864369396E+09 1.325974724534E+00 -9.101521095484E+00 2.642916604704E+01 6.703537637023E+00
1.567020129396E+09 1.328472591972E+00 -9.101548032447E+00 2.642913557995E+01 6.703564890013E+00
1.570175889396E+09 1.330970305054E+00 -9.101574771880E+00 2.642910533853E+01 6.703591944462E+00
1.573331649396E+09 1.333467864921E+00 -9.101601315172E+00 2.642907532018E+01 6.703618801172E+00
1.576487409396E+09 1.335965272710E+00 -9.101627662782E+00 2.642904552506E+01 6.703645461016E+00
1.579643169396E+09 1.338462529553E+00 -9.101653815449E+00 2.642901595240E+01 6.703671924763E+00
1.582798929396E+09 1.340959636577E+00 -9.101679774276E+00 2.642898660051E+01 6.703698193283E+00
1.585954689396E+09 1.343456594902E+00 -9.101705539964E+00 2.642895746883E+01 6.703724267417E+00
1.589110449396E+09 1.345953405646E+00 -9.101731113477E+00 2.642892855600E+01 6.703750147985E+00
1.592266209396E+09 1.348450069920E+00 -9.101756495783E+00 2.642889986079E+01 6.703775835889E+00
1.595421969396E+09 1.350946588828E+00 -9.101781687807E+00 2.642887138241E+01 6.703801332208E+00
1.598577729396E+09 1.353442963468E+00 -9.101806690635E+00 2.642884311920E+01 6.703826637795E+00
1.601733489396E+09 1.355939194933E+00 -9.101831505497E+00 2.642881506940E+01 6.703851753686E+00
1.604889249396E+09 1.358435284310E+00 -9.101856133655E+00 2.642878723125E+01 6.703876680952E+00
1.608045009396E+09 1.360931232677E+00 -9.101880575750E+00 2.642875960481E+01 6.703901420709E+00
1.611200769396E+09 1.363427041106E+00 -9.101904833690E+00 2.642873218656E+01 6.703925974092E+00
1.614356529396E+09 1.365922710661E+00 -9.101928908473E+00 2.642870497590E+01 6.703950342418E+00
1.617512289396E+09 1.368418242397E+00 -9.101952801363E+00 2.642867797141E+01 6.703974526972E+00
1.620668049396E+09 1.370913637363E+00 -9.101976513703E+00 2.642865117133E+01 6.703998528972E+00
1.623823809396E+09 1.373408896600E+00 -9.102000047092E+00 2.642862457342E+01 6.704022349788E+00
1.626979569396E+09 1.375904021140E+00 -9.102023402621E+00 2.642859817683E+01 6.704045990747E+00
1.630135329396E+09 1.378399012007E+00 -9.102046582008E+00 2.642857197913E+01 6.704069453297E+00
1.633291089396E+09 1.380893870217E+00 -9.102069586388E+00 2.642854597928E+01 6.704092738735E+00
1.636446849396E+09 1.383388596777E+00 -9.102092417258E+00 2.642852017542E+01 6.704115848485E+00
1.639602609396E+09 1.385883192689E+00 -9.102115076007E+00 2.642849456583E+01 6.704138783850E+00
1.642758369396E+09 1.388377658942E+00 -9.102137564046E+00 2.642846914901E+01 6.704161546326E+00
1.645914129396E+09 1.390871996521E+00 -9.102159882687E+00 2.642844392362E+01 6.704184137321E+00
1.649069889396E+09 1.393366206400E+00 -9.102182033440E+00 2.642841888757E+01 6.704206558136E+00
1.652225649396E+09 1.395860289547E+00 -9.102204017705E+00 2.642839403921E+01 6.704228810157E+00
1.655381409396E+09 1.398354246920E+00 -9.102225836673E+00 2.642836937767E+01 6.704250894859E+00
1.658537169396E+09 1.400848079471E+00 -9.102247491765E+00 2.642834490117E+01 6.704272813583E+00
1.661692929396E+09 1.403341788143E+00 -9.102268984217E+00 2.642832060838E+01 6.704294567616E+00
1.664848689396E+09 1.405835373873E+00 -9.102290315608E+00 2.642829649707E+01 6.704316158300E+00
1.668004449396E+09 1.408328837587E+00 -9.102311486981E+00 2.642827256660E+01 6.704337587004E+00
1.671160209396E+09 1.410822180206E+00 -9.102332499690E+00 2.642824881530E+01 6.704358855012E+00
1.674315969396E+09 1.413315402644E+00 -9.102353354769E+00 2.642822524233E+01 6.704379963566E+00
1.677471729396E+09 1.415808505808E+00 -9.102374053938E+00 2.642820184486E+01 6.704400913899E+00
1.680627489396E+09 1.418301490594E+00 -9.102394597987E+00 2.642817862304E+01 6.704421707404E+00
1.683783249396E+09 1.420794357898E+00 -9.102414987888E+00 2.642815557570E+01 6.704442345027E+00
1.686939009396E+09 1.423287108605E+00 -9.102435225019E+00 2.642813270087E+01 6.704462827930E+00
1.690094769396E+09 1.425779743594E+00 -9.102455310116E+00 2.642810999862E+01 6.704483157372E+00
1.693250529396E+09 1.428272263742E+00 -9.102475244050E+00 2.642808746787E+01 6.704503334187E+00
1.696406289396E+09 1.430764669917E+00 -9.102495027899E+00 2.642806510718E+01 6.704523359331E+00
1.699562049396E+09 1.433256962986E+00 -9.102514662162E+00 2.642804291664E+01 6.704543233689E+00
1.702717809396E+09 1.435749143809E+00 -9.102534147579E+00 2.642802089544E+01 6.704562958028E+00
1.705873569396E+09 1.438241213244E+00 -9.102553484733E+00 2.642799904315E+01 6.704582533065E+00
1.709029329396E+09 1.440733172146E+00 -9.102572674126E+00 2.642797735924E+01 6.704601959338E+00
1.712185089396E+09 1.443225021365E+00 -9.102591716198E+00 2.642795584369E+01 6.704621237568E+00
1.715340849396E+09 1.445716761751E+00 -9.102610611181E+00 2.642793449652E+01 6.704640368144E+00
1.718496609396E+09 1.448208394150E+00 -9.102629359402E+00 2.642791331763E+01 6.704659351562E+00
1.721652369396E+09 1.450699919409E+00 -9.102647961417E+00 2.642789230558E+01 6.704678187911E+00
1.724808129396E+09 1.453191338372E+00 -9.102666416844E+00 2.642787146213E+01 6.704696877577E+00
1.727963889396E+09 1.455682651886E+00 -9.102684725801E+00 2.642785078698E+01 6.704715420573E+00
1.731119649396E+09 1.458173860790E+00 -9.102702888727E+00 2.642783027974E+01 6.704733817419E+00
1.734275409396E+09 1.460664965929E+00 -9.102720905629E+00 2.642780994008E+01 6.704752067929E+00
1.737431169396E+09 1.463155968147E+00 -9.102738776052E+00 2.642778976939E+01 6.704770172148E+00
1.740586929396E+09 1.465646868285E+00 -9.102756500090E+00 2.642776976751E+01 6.704788130141E+00
1.743742689396E+09 1.468137667189E+00 -9.102774077899E+00 2.642774993384E+01 6.704805941822E+00
1.746898449396E+09 1.470628365703E+00 -9.102791509135E+00 2.642773026916E+01 6.704823607065E+00
1.750054209396E+09 1.473118964669E+00 -9.102808794096E+00 2.642771077284E+01 6.704841126009E+00
1.753209969396E+09 1.475609464930E+00 -9.102825932524E+00 2.642769144568E+01 6.704858498685E+00
1.756365729396E+09 1.478099867331E+00 -9.102842924533E+00 2.642767228697E+01 6.704875724870E+00
1.759521489396E+09 1.480590172716E+00 -9.102859770269E+00 2.642765329660E+01 6.704892804741E+00
1.762677249396E+09 1.483080381925E+00 -9.102876469861E+00 2.642763447416E+01 6.704909738280E+00
1.765833009396E+09 1.485570495800E+00 -9.102893023871E+00 2.642761581844E+01 6.704926525721E+00
1.768988769396E+09 1.488060515179E+00 -9.102909432452E+00 2.642759732966E+01 6.704943167443E+00
1.772144529396E+09 1.490550440895E+00 -9.102925696433E+00 2.642757900596E+01 6.704959663760E+00
1.775300289396E+09 1.493040273781E+00 -9.102941816081E+00 2.642756084734E+01 6.704976015110E+00
1.778456049396E+09 1.495530014664E+00 -9.102957792942E+00 2.642754285044E+01 6.704992222123E+00
1.781611809396E+09 1.498019664365E+00 -9.102973627329E+00 2.642752501594E+01 6.705008285719E+00
1.784767569396E+09 1.500509223700E+00 -9.102989320476E+00 2.642750734146E+01 6.705024206578E+00
1.787923329396E+09 1.502998693479E+00 -9.103004873528E+00 2.642748982551E+01 6.705039985741E+00
1.791079089396E+09 1.505488074505E+00 -9.103020287681E+00 2.642747246627E+01 6.705055624147E+00
1.794234849396E+09 1.507977367573E+00 -9.103035564191E+00 2.642745526258E+01 6.705071123217E+00
1.797390609396E+09 1.510466573472E+00 -9.103050704220E+00 2.642743821270E+01 6.705086483886E+00
1.800546369396E+09 1.512955692984E+00 -9.103065709172E+00 2.642742131477E+01 6.705101707410E+00
1.803702129396E+09 1.515444726884E+00 -9.103080580033E+00 2.642740456802E+01 6.705116794989E+00
1.806857889396E+09 1.517933675936E+00 -9.103095318271E+00 2.642738797053E+01 6.705131747962E+00
1.810013649396E+09 1.520422540904E+00 -9.103109924740E+00 2.642737152173E+01 6.705146567421E+00
1.813169409396E+09 1.522911322540E+00 -9.103124400353E+00 2.642735522099E+01 6.705161254518E+00
1.816325169396E+09 1.525400021594E+00 -9.103138746722E+00 2.642733906529E+01 6.705175810189E+00
1.819480929396E+09 1.527888638809E+00 -9.103152964189E+00 2.642732305579E+01 6.705190235686E+00
1.822636689396E+09 1.530377174923E+00 -9.103167053616E+00 2.642730719123E+01 6.705204531713E+00
1.825792449396E+09 1.532865630667E+00 -9.103181016507E+00 2.642729146942E+01 6.705218699502E+00
1.828948209396E+09 1.535354006770E+00 -9.103194852936E+00 2.642727589126E+01 6.705232739702E+00
1.832103969396E+09 1.537842303954E+00 -9.103208564186E+00 2.642726045466E+01 6.705246653239E+00
1.835259729396E+09 1.540330522939E+00 -9.103222150825E+00 2.642724515940E+01 6.705260440936E+00
1.838415489396E+09 1.542818664436E+00 -9.103235613555E+00 2.642723000490E+01 6.705274103625E+00
1.841571249396E+09 1.545306729157E+00 -9.103248953855E+00 2.642721498831E+01 6.705287642119E+00
1.844727009396E+09 1.547794717803E+00 -9.103262171772E+00 2.642720011099E+01 6.705301057282E+00
1.847882769396E+09 1.550282631073E+00 -9.103275268882E+00 2.642718536992E+01 6.705314350002E+00
1.851038529396E+09 1.552770469660E+00 -9.103288245960E+00 2.642717076440E+01 6.705327521156E+00
1.854194289396E+09 1.555258234251E+00 -9.103301104101E+00 2.642715629304E+01 6.705340571764E+00
1.857350049396E+09 1.557745925527E+00 -9.103313844188E+00 2.642714195498E+01 6.705353502811E+00
1.860505809396E+09 1.560233544163E+00 -9.103326467038E+00 2.642712774946E+01 6.705366315205E+00
1.863661569396E+09 1.562721090829E+00 -9.103338974299E+00 2.642711367367E+01 6.705379010068E+00
1.866817329396E+09 1.565208566185E+00 -9.103351367028E+00 2.642709972653E+01 6.705391588544E+00
1.869973089396E+09 1.567695970889E+00 -9.103363645721E+00 2.642708590828E+01 6.705404051591E+00
1.873128849396E+09 1.570183305590E+00 -9.103375812287E+00 2.642707221538E+01 6.705416400346E+00
1.876284609396E+09 1.572670570931E+00 -9.103387866978E+00 2.642705864920E+01 6.705428636017E+00
1.879440369396E+09 1.575157767550E+00 -9.103399811461E+00 2.642704520645E+01 6.705440759480E+00
1.882596129396E+09 1.577644896078E+00 -9.103411646789E+00 2.642703188606E+01 6.705452771871E+00
1.885751889396E+09 1.580131957139E+00 -9.103423373466E+00 2.642701868846E+01 6.705464674280E+00
1.888907649396E+09 1.582618951355E+00 -9.103434992581E+00 2.642700561229E+01 6.705476467730E+00
1.892063409396E+09 1.585105879340E+00 -9.103446505237E+00 2.642699265574E+01 6.705488153018E+00
1.895219169396E+09 1.587592741703E+00 -9.103457912078E+00 2.642697981865E+01 6.705499731121E+00
1.898374929396E+09 1.590079539050E+00 -9.103469214011E+00 2.642696710008E+01 6.705511203002E+00
1.901530689396E+09 1.592566271982E+00 -9.103480411814E+00 2.642695449886E+01 6.705522569283E+00
1.904686449396E+09 1.595052941093E+00 -9.103491506274E+00 2.642694201451E+01 6.705533831005E+00
1.907842209396E+09 1.597539546973E+00 -9.103502498112E+00 2.642692964635E+01 6.705544988966E+00
1.910997969396E+09 1.600026090212E+00 -9.103513387956E+00 2.642691739370E+01 6.705556043827E+00
1.914153729396E+09 1.602512571391E+00 -9.103524176516E+00 2.642690525578E+01 6.705566996313E+00
1.917309489396E+09 1.604998991091E+00 -9.103534864856E+00 2.642689323071E+01 6.705577847110E+00
1.920465249396E+09 1.607485349886E+00 -9.103545453206E+00 2.642688131897E+01 6.705588596885E+00
1.923621009396E+09 1.609971648346E+00 -9.103555942487E+00 2.642686951948E+01 6.705599246536E+00
1.926776769396E+09 1.612457887039E+00 -9.103566333119E+00 2.642685783186E+01 6.705609796559E+00
1.929932529396E+09 1.614944066530E+00 -9.103576626003E+00 2.642684625485E+01 6.705620247710E+00
1.933088289396E+09 1.617430187376E+00 -9.103586821793E+00 2.642683478757E+01 6.705630600580E+00
1.936244049396E+09 1.619916250135E+00 -9.103596920999E+00 2.642682342990E+01 6.705640855948E+00
1.939399809396E+09 1.622402255356E+00 -9.103606924340E+00 2.642681218079E+01 6.705651014400E+00
1.942555569396E+09 1.624888203590E+00 -9.103616832370E+00 2.642680103985E+01 6.705661076636E+00
1.945711329396E+09 1.627374095380E+00 -9.103626645451E+00 2.642679000699E+01 6.705671043209E+00
1.948867089396E+09 1.629859931268E+00 -9.103636365293E+00 2.642677907842E+01 6.705680914772E+00
1.952022849396E+09 1.632345711792E+00 -9.103645991633E+00 2.642676825594E+01 6.705690691927E+00
1.955178609396E+09 1.634831437483E+00 -9.103655524954E+00 2.642675753963E+01 6.705700375528E+00
1.958334369396E+09 1.637317108874E+00 -9.103664966228E+00 2.642674692723E+01 6.705709965893E+00
1.961490129396E+09 1.639802726493E+00 -9.103674316020E+00 2.642673641810E+01 6.705719463581E+00
1.964645889396E+09 1.642288290860E+00 -9.103683574724E+00 2.642672601278E+01 6.705728869567E+00
1.967801649396E+09 1.644773802497E+00 -9.103692742812E+00 2.642671571049E+01 6.705738184186E+00
1.970957409396E+09 1.647259261922E+00 -9.103701820771E+00 2.642670551063E+01 6.705747407899E+00
1.974113169396E+09 1.649744669651E+00 -9.103710809347E+00 2.642669541190E+01 6.705756541205E+00
1.977268929396E+09 1.652230026195E+00 -9.103719708781E+00 2.642668541464E+01 6.705765584693E+00
1.980424689396E+09 1.654715332063E+00 -9.103728520016E+00 2.642667551702E+01 6.705774538886E+00
1.983580449396E+09 1.657200587761E+00 -9.103737243176E+00 2.642666571948E+01 6.705783404231E+00
1.986736209396E+09 1.659685793793E+00 -9.103745878673E+00 2.642665602184E+01 6.705792181319E+00
1.989891969396E+09 1.662170950658E+00 -9.103754427280E+00 2.642664642264E+01 6.705800870593E+00
1.993047729396E+09 1.664656058853E+00 -9.103762889022E+00 2.642663692270E+01 6.705809472572E+00
1.996203489396E+09 1.667141118876E+00 -9.103771265136E+00 2.642662751906E+01 6.705817987594E+00
1.999359249396E+09 1.669626131218E+00 -9.103779555464E+00 2.642661821326E+01 6.705826416300E+00
2.002515009396E+09 1.672111096365E+00 -9.103787760642E+00 2.642660900440E+01 6.705834759220E+00
2.005670769396E+09 1.674596014806E+00 -9.103795881396E+00 2.642659989105E+01 6.705843016736E+00
2.008826529396E+09 1.677080887024E+00 -9.103803917790E+00 2.642659087409E+01 6.705851189466E+00
2.011982289396E+09 1.679565713499E+00 -9.103811871083E+00 2.642658195044E+01 6.705859277729E+00
2.015138049396E+09 1.682050494708E+00 -9.103819740898E+00 2.642657312226E+01 6.705867282142E+00
2.018293809396E+09 1.684535231126E+00 -9.103827528419E+00 2.642656438716E+01 6.705875203297E+00
2.021449569396E+09 1.687019923225E+00 -9.103835234054E+00 2.642655574461E+01 6.705883041563E+00
2.024605329396E+09 1.689504571473E+00 -9.103842857848E+00 2.642654719539E+01 6.705890797473E+00
2.027761089396E+09 1.691989176336E+00 -9.103850400956E+00 2.642653873716E+01 6.705898471592E+00
2.030916849396E+09 1.694473738277E+00 -9.103857863161E+00 2.642653037119E+01 6.705906064296E+00
2.034072609396E+09 1.696958257758E+00 -9.103865245123E+00 2.642652209642E+01 6.705913576077E+00
2.037228369396E+09 1.699442735237E+00 -9.103872547145E+00 2.642651391273E+01 6.705921007357E+00
2.040384129396E+09 1.701927171171E+00 -9.103879769729E+00 2.642650581926E+01 6.705928358486E+00
2.043539889396E+09 1.704411566014E+00 -9.103886912922E+00 2.642649781659E+01 6.705935629873E+00
2.046695649396E+09 1.706895920220E+00 -9.103893977099E+00 2.642648990404E+01 6.705942821749E+00
2.049851409396E+09 1.709380234240E+00 -9.103900962888E+00 2.642648208051E+01 6.705949934531E+00
2.053007169396E+09 1.711864508522E+00 -9.103907870665E+00 2.642647434563E+01 6.705956968622E+00
2.056162929396E+09 1.714348743518E+00 -9.103914699566E+00 2.642646670173E+01 6.705963923935E+00
2.059318689396E+09 1.716832939674E+00 -9.103921450520E+00 2.642645914680E+01 6.705970800850E+00
2.062474449396E+09 1.719317097437E+00 -9.103928123525E+00 2.642645168132E+01 6.705977599650E+00
2.065630209396E+09 1.721801217254E+00 -9.103934718668E+00 2.642644430490E+01 6.705984320251E+00
2.068785969396E+09 1.724285299571E+00 -9.103941236043E+00 2.642643701771E+01 6.705990962906E+00
2.071941729396E+09 1.726769344830E+00 -9.103947675795E+00 2.642642981982E+01 6.705997527898E+00
2.075097489396E+09 1.729253353478E+00 -9.103954038121E+00 2.642642271041E+01 6.706004015082E+00
2.078253249396E+09 1.731737325960E+00 -9.103960322678E+00 2.642641569058E+01 6.706010424524E+00
2.081409009396E+09 1.734221262718E+00 -9.103966530156E+00 2.642640875875E+01 6.706016756453E+00
2.084564769396E+09 1.736705164192E+00 -9.103972660248E+00 2.642640191628E+01 6.706023011155E+00
2.087720529396E+09 1.739189030829E+00 -9.103978713184E+00 2.642639516206E+01 6.706029188362E+00
2.090876289396E+09 1.741672863066E+00 -9.103984689141E+00 2.642638849633E+01 6.706035288510E+00
2.094032049396E+09 1.744156661346E+00 -9.103990588182E+00 2.642638191874E+01 6.706041311502E+00
2.097187809396E+09 1.746640426107E+00 -9.103996410809E+00 2.642637542833E+01 6.706047257616E+00
2.100343569396E+09 1.749124157788E+00 -9.104002157263E+00 2.642636902472E+01 6.706053127039E+00
2.103499329396E+09 1.751607856822E+00 -9.104007827373E+00 2.642636270915E+01 6.706058920205E+00
2.106655089396E+09 1.754091523646E+00 -9.104013421853E+00 2.642635647953E+01 6.706064637087E+00
2.109810849396E+09 1.756575158690E+00 -9.104018940890E+00 2.642635033617E+01 6.706070278180E+00
2.112966609396E+09 1.759058762389E+00 -9.104024384930E+00 2.642634427789E+01 6.706075843546E+00
2.116122369396E+09 1.761542335170E+00 -9.104029754089E+00 2.642633830495E+01 6.706081333520E+00
2.119278129396E+09 1.764025877459E+00 -9.104035048584E+00 2.642633241771E+01 6.706086748686E+00
2.122433889396E+09 1.766509389684E+00 -9.104040269046E+00 2.642632661439E+01 6.706092089052E+00
2.125589649396E+09 1.768992872269E+00 -9.104045415522E+00 2.642632089534E+01 6.706097354904E+00
2.128745409396E+09 1.771476325634E+00 -9.104050488316E+00 2.642631526081E+01 6.706102546901E+00
2.131901169396E+09 1.773959750201E+00 -9.104055487805E+00 2.642630970961E+01 6.706107664967E+00
2.135056929396E+09 1.776443146389E+00 -9.104060413966E+00 2.642630424239E+01 6.706112709454E+00
2.138212689396E+09 1.778926514616E+00 -9.104065267569E+00 2.642629885757E+01 6.706117680724E+00
2.141368449396E+09 1.781409855299E+00 -9.104070048021E+00 2.642629355691E+01 6.706122578805E+00
2.144524209396E+09 1.783893168853E+00 -9.104074755911E+00 2.642628833931E+01 6.706127404049E+00
2.147679969396E+09 1.786376455697E+00 -9.104079391044E+00 2.642628320519E+01 6.706132156365E+00
2.150835729396E+09 1.788859716246E+00 -9.104083953270E+00 2.642627815525E+01 6.706136835919E+00
2.153991489396E+09 1.791342950911E+00 -9.104088443838E+00 2.642627318646E+01 6.706141443029E+00
2.157147249396E+09 1.793826160109E+00 -9.104092861926E+00 2.642626830109E+01 6.706145977647E+00
2.160303009396E+09 1.796309344254E+00 -9.104097206837E+00 2.642626350107E+01 6.706150439725E+00
2.163458769396E+09 1.798792503759E+00 -9.104101480529E+00 2.642625878111E+01 6.706154829458E+00
2.166614529396E+09 1.801275639037E+00 -9.104105681568E+00 2.642625414554E+01 6.706159146974E+00
2.169770289396E+09 1.803758750501E+00 -9.104109810344E+00 2.642624959301E+01 6.706163392138E+00
2.172926049396E+09 1.806241838563E+00 -9.104113867709E+00 2.642624512166E+01 6.706167565286E+00
2.176081809396E+09 1.808724903634E+00 -9.104117853177E+00 2.642624073290E+01 6.706171666428E+00
2.179237569396E+09 1.811207946123E+00 -9.104121766771E+00 2.642623642719E+01 6.706175695879E+00
2.182393329396E+09 1.813690966438E+00 -9.104125610316E+00 2.642623219932E+01 6.706179653648E+00
2.185549089396E+09 1.816173964980E+00 -9.104129383130E+00 2.642622805281E+01 6.706183540645E+00
2.188704849396E+09 1.818656942150E+00 -9.104133085949E+00 2.642622398592E+01 6.706187357088E+00
2.191860609396E+09 1.821139898351E+00 -9.104136719355E+00 2.642621999731E+01 6.706191103164E+00
2.195016369396E+09 1.823622833976E+00 -9.104140284324E+00 2.642621608506E+01 6.706194779404E+00
2.198172129396E+09 1.826105749415E+00 -9.104143781042E+00 2.642621225046E+01 6.706198386850E+00
2.201327889396E+09 1.828588645057E+00 -9.104147210195E+00 2.642620849198E+01 6.706201925767E+00
2.204483649396E+09 1.831071521282E+00 -9.104150573244E+00 2.642620480718E+01 6.706205397178E+00
2.207639409396E+09 1.833554378469E+00 -9.104153870453E+00 2.642620119636E+01 6.706208801687E+00
2.210795169396E+09 1.836037216993E+00 -9.104157102436E+00 2.642619765876E+01 6.706212139887E+00
2.213950929396E+09 1.838520037223E+00 -9.104160270240E+00 2.642619419268E+01 6.706215412537E+00
2.217106689396E+09 1.841002839525E+00 -9.104163374626E+00 2.642619079753E+01 6.706218620559E+00
2.220262449396E+09 1.843485624261E+00 -9.104166416076E+00 2.642618747277E+01 6.706221764450E+00
2.223418209396E+09 1.845968391788E+00 -9.104169395099E+00 2.642618421843E+01 6.706224845070E+00
2.226573969396E+09 1.848451142459E+00 -9.104172313128E+00 2.642618103166E+01 6.706227863166E+00
2.229729729396E+09 1.850933876625E+00 -9.104175169905E+00 2.642617791421E+01 6.706230819307E+00
2.232885489396E+09 1.853416594631E+00 -9.104177965985E+00 2.642617486557E+01 6.706233714133E+00
2.236041249396E+09 1.855899296825E+00 -9.104180702440E+00 2.642617188323E+01 6.706236547977E+00
2.239197009396E+09 1.858381983545E+00 -9.104183379128E+00 2.642616896897E+01 6.706239321633E+00
2.242352769396E+09 1.860864655130E+00 -9.104185997812E+00 2.642616611871E+01 6.706242035667E+00
2.245508529396E+09 1.863347311915E+00 -9.104188556786E+00 2.642616333791E+01 6.706244690411E+00
2.248664289396E+09 1.865829954236E+00 -9.104191058204E+00 2.642616062104E+01 6.706247286246E+00
2.251820049396E+09 1.868312582421E+00 -9.104193502499E+00 2.642615796785E+01 6.706249823754E+00
2.254975809396E+09 1.870795196801E+00 -9.104195888982E+00 2.642615538104E+01 6.706252303337E+00
2.258131569396E+09 1.873277797699E+00 -9.104198219150E+00 2.642615285721E+01 6.706254725539E+00
2.261287329396E+09 1.875760385440E+00 -9.104200492751E+00 2.642615039757E+01 6.706257090624E+00
2.264443089396E+09 1.878242960345E+00 -9.104202710572E+00 2.642614800071E+01 6.706259399100E+00
2.267598849396E+09 1.880725522728E+00 -9.104204873442E+00 2.642614566552E+01 6.706261651699E+00
2.270754609396E+09 1.883208072903E+00 -9.104206981414E+00 2.642614339281E+01 6.706263848981E+00
2.273910369396E+09 1.885690611183E+00 -9.104209036278E+00 2.642614117785E+01 6.706265991191E+00
2.277066129396E+09 1.888173137871E+00 -9.104211037154E+00 2.642613902467E+01 6.706268079190E+00
2.280221889396E+09 1.890655653275E+00 -9.104212985292E+00 2.642613693025E+01 6.706270113320E+00
2.283377649396E+09 1.893138157688E+00 -9.104214881892E+00 2.642613489302E+01 6.706272094673E+00
2.286533409396E+09 1.895620651409E+00 -9.104216726318E+00 2.642613291547E+01 6.706274023623E+00
2.289689169396E+09 1.898103134729E+00 -9.104218521091E+00 2.642613099136E+01 6.706275900762E+00
2.292844929396E+09 1.900585607934E+00 -9.104220265625E+00 2.642612912393E+01 6.706277726987E+00
2.296000689396E+09 1.903068071308E+00 -9.104221960966E+00 2.642612731114E+01 6.706279502866E+00
2.299156449396E+09 1.905550525129E+00 -9.104223608050E+00 2.642612555163E+01 6.706281229171E+00
2.302312209396E+09 1.908032969673E+00 -9.104225207135E+00 2.642612384590E+01 6.706282906617E+00
2.305467969396E+09 1.910515405213E+00 -9.104226759179E+00 2.642612219194E+01 6.706284535636E+00
2.308623729396E+09 1.912997832015E+00 -9.104228264445E+00 2.642612059078E+01 6.706286117268E+00
2.311779489396E+09 1.915480250341E+00 -9.104229724315E+00 2.642611903941E+01 6.706287652069E+00
2.314935249396E+09 1.917962660454E+00 -9.104231138745E+00 2.642611753876E+01 6.706289140507E+00
2.318091009396E+09 1.920445062612E+00 -9.104232508356E+00 2.642611608811E+01 6.706290583199E+00
2.321246769396E+09 1.922927457065E+00 -9.104233834365E+00 2.642611468535E+01 6.706291980955E+00
2.324402529396E+09 1.925409844066E+00 -9.104235115950E+00 2.642611333383E+01 6.706293334341E+00
2.327558289396E+09 1.927892223860E+00 -9.104236355412E+00 2.642611202779E+01 6.706294643854E+00
2.330714049396E+09 1.930374596693E+00 -9.104237552249E+00 2.642611076947E+01 6.706295909953E+00
2.333869809396E+09 1.932856962808E+00 -9.104238706509E+00 2.642610955953E+01 6.706297133113E+00
2.337025569396E+09 1.935339322443E+00 -9.104239819406E+00 2.642610839550E+01 6.706298313916E+00
2.340181329396E+09 1.937821675835E+00 -9.104240891183E+00 2.642610727751E+01 6.706299452843E+00
2.343337089396E+09 1.940304023216E+00 -9.104241922245E+00 2.642610620515E+01 6.706300550336E+00
2.346492849396E+09 1.942786364820E+00 -9.104242913039E+00 2.642610517784E+01 6.706301606797E+00
2.349648609396E+09 1.945268700874E+00 -9.104243863944E+00 2.642610419551E+01 6.706302622829E+00
2.352804369396E+09 1.947751031607E+00 -9.104244775608E+00 2.642610325654E+01 6.706303598563E+00
2.355960129396E+09 1.950233357242E+00 -9.104245647904E+00 2.642610236242E+01 6.706304534655E+00
2.359115889396E+09 1.952715678000E+00 -9.104246481634E+00 2.642610151149E+01 6.706305431479E+00
2.362271649396E+09 1.955197994101E+00 -9.104247277253E+00 2.642610070320E+01 6.706306289475E+00
2.365427409396E+09 1.957680305766E+00 -9.104248034107E+00 2.642609993951E+01 6.706307108691E+00
2.368583169396E+09 1.960162613209E+00 -9.104248754367E+00 2.642609921534E+01 6.706307889798E+00
2.371738929396E+09 1.962644916647E+00 -9.104249436725E+00 2.642609853451E+01 6.706308632833E+00
2.374894689396E+09 1.965127216290E+00 -9.104250081775E+00 2.642609789641E+01 6.706309338422E+00
2.378050449396E+09 1.967609512351E+00 -9.104250690311E+00 2.642609729885E+01 6.706310006637E+00
2.381206209396E+09 1.970091805038E+00 -9.104251261768E+00 2.642609674423E+01 6.706310637921E+00
2.384361969396E+09 1.972574094565E+00 -9.104251796603E+00 2.642609623103E+01 6.706311232145E+00
2.387517729396E+09 1.975056381135E+00 -9.104252295876E+00 2.642609575720E+01 6.706311789904E+00
2.390673489396E+09 1.977538664958E+00 -9.104252758407E+00 2.642609532625E+01 6.706312311251E+00
2.393829249396E+09 1.980020946241E+00 -9.104253184572E+00 2.642609493695E+01 6.706312796102E+00
2.396985009396E+09 1.982503225192E+00 -9.104253575040E+00 2.642609458752E+01 6.706313244551E+00
2.400140769396E+09 1.984985502015E+00 -9.104253929339E+00 2.642609427989E+01 6.706313656922E+00
2.403296529396E+09 1.987467776913E+00 -9.104254247534E+00 2.642609401437E+01 6.706314033502E+00
2.406452289396E+09 1.989950050098E+00 -9.104254529511E+00 2.642609379036E+01 6.706314373749E+00
2.409608049396E+09 1.992432321772E+00 -9.104254775249E+00 2.642609360840E+01 6.706314677956E+00
2.412763809396E+09 1.994914592147E+00 -9.104254984664E+00 2.642609346817E+01 6.706314945784E+00
2.415919569396E+09 1.997396861425E+00 -9.104255158616E+00 2.642609336780E+01 6.706315177590E+00
2.419075329396E+09 1.999879129816E+00 -9.104255295511E+00 2.642609331157E+01 6.706315373192E+00
2.422231089396E+09 2.002361397528E+00 -9.104255396008E+00 2.642609329734E+01 6.706315532452E+00
2.425386849396E+09 2.004843664769E+00 -9.104255459942E+00 2.642609332537E+01 6.706315655240E+00
2.428542609396E+09 2.007325931752E+00 -9.104255486331E+00 2.642609339794E+01 6.706315741249E+00
2.431698369396E+09 2.009808198688E+00 -9.104255476797E+00 2.642609351025E+01 6.706315790393E+00
2.434854129396E+09 2.012290465786E+00 -9.104255429144E+00 2.642609366898E+01 6.706315802889E+00
2.438009889396E+09 2.014772733260E+00 -9.104255345263E+00 2.642609386783E+01 6.706315778237E+00
2.441165649396E+09 2.017255001324E+00 -9.104255223272E+00 2.642609411223E+01 6.706315716439E+00
2.444321409396E+09 2.019737270191E+00 -9.104255064229E+00 2.642609439880E+01 6.706315617308E+00
2.447477169396E+09 2.022219540075E+00 -9.104254867235E+00 2.642609473029E+01 6.706315480936E+00
2.450632929396E+09 2.024701811192E+00 -9.104254632850E+00 2.642609510440E+01 6.706315306930E+00
2.453788689396E+09 2.027184083754E+00 -9.104254360890E+00 2.642609552216E+01 6.706315095572E+00
2.456944449396E+09 2.029666357980E+00 -9.104254050982E+00 2.642609598396E+01 6.706314846465E+00
2.460100209396E+09 2.032148634084E+00 -9.104253704130E+00 2.642609648714E+01 6.706314559750E+00
2.463255969396E+09 2.034630912278E+00 -9.104253319631E+00 2.642609703399E+01 6.706314235575E+00
2.466411729396E+09 2.037113192778E+00 -9.104252897245E+00 2.642609762511E+01 6.706313873889E+00
2.469567489396E+09 2.039595475798E+00 -9.104252437752E+00 2.642609825815E+01 6.706313474632E+00
2.472723249396E+09 2.042077761554E+00 -9.104251940089E+00 2.642609893617E+01 6.706313037805E+00
2.475879009396E+09 2.044560050258E+00 -9.104251405988E+00 2.642609965457E+01 6.706312563632E+00
2.479034769396E+09 2.047042342122E+00 -9.104250834410E+00 2.642610041641E+01 6.706312052144E+00
2.482190529396E+09 2.049524637361E+00 -9.104250224879E+00 2.642610122287E+01 6.706311503248E+00
2.485346289396E+09 2.052006936190E+00 -9.104249578203E+00 2.642610207147E+01 6.706310916840E+00
2.488502049396E+09 2.054489238823E+00 -9.104248893773E+00 2.642610296401E+01 6.706310292948E+00
2.491657809396E+09 2.056971545472E+00 -9.104248172786E+00 2.642610389737E+01 6.706309631773E+00
2.494813569396E+09 2.059453856353E+00 -9.104247413362E+00 2.642610487650E+01 6.706308933030E+00
2.497969329396E+09 2.061936171683E+00 -9.104246616004E+00 2.642610589982E+01 6.706308196656E+00
2.501125089396E+09 2.064418491679E+00 -9.104245780918E+00 2.642610696609E+01 6.706307422276E+00
2.504280849396E+09 2.066900816557E+00 -9.104244906882E+00 2.642610807935E+01 6.706306610185E+00
2.507436609396E+09 2.069383146540E+00 -9.104243994663E+00 2.642610923606E+01 6.706305759617E+00
2.510592369396E+09 2.071865481848E+00 -9.104243043865E+00 2.642611043760E+01 6.706304870709E+00
2.513748129396E+09 2.074347822705E+00 -9.104242053386E+00 2.642611168636E+01 6.706303943005E+00
2.516903889396E+09 2.076830169334E+00 -9.104241022798E+00 2.642611298322E+01 6.706302976315E+00
2.520059649396E+09 2.079312521967E+00 -9.104239952782E+00 2.642611432510E+01 6.706301969973E+00
2.523215409396E+09 2.081794880836E+00 -9.104238841841E+00 2.642611571558E+01 6.706300923566E+00
2.526371169396E+09 2.084277246170E+00 -9.104237689976E+00 2.642611715457E+01 6.706299837039E+00
2.529526929396E+09 2.086759618205E+00 -9.104236496782E+00 2.642611864228E+01 6.706298709842E+00
2.532682689396E+09 2.089241997180E+00 -9.104235261586E+00 2.642612017971E+01 6.706297541438E+00
2.535838449396E+09 2.091724383332E+00 -9.104233985450E+00 2.642612176362E+01 6.706296331712E+00
2.538994209396E+09 2.094206776902E+00 -9.104232666614E+00 2.642612339829E+01 6.706295080208E+00
2.542149969396E+09 2.096689178132E+00 -9.104231305686E+00 2.642612508167E+01 6.706293786763E+00
2.545305729396E+09 2.099171587260E+00 -9.104229902105E+00 2.642612681545E+01 6.706292451410E+00
2.548461489396E+09 2.101654004534E+00 -9.104228456749E+00 2.642612859618E+01 6.706291073619E+00
2.551617249396E+09 2.104136430189E+00 -9.104226969168E+00 2.642613042586E+01 6.706289653799E+00
2.554773009396E+09 2.106618864467E+00 -9.104225439703E+00 2.642613230359E+01 6.706288191992E+00
2.557928769396E+09 2.109101307608E+00 -9.104223868657E+00 2.642613422853E+01 6.706286688222E+00
2.561084529396E+09 2.111583759846E+00 -9.104222256105E+00 2.642613620108E+01 6.706285142846E+00
2.564240289396E+09 2.114066221417E+00 -9.104220603051E+00 2.642613821867E+01 6.706283556041E+00
2.567396049396E+09 2.116548692553E+00 -9.104218909116E+00 2.642614028330E+01 6.706281928343E+00
2.570551809396E+09 2.119031173485E+00 -9.104217175246E+00 2.642614239255E+01 6.706280259926E+00
2.573707569396E+09 2.121513664443E+00 -9.104215401859E+00 2.642614454540E+01 6.706278550892E+00
2.576863329396E+09 2.123996165652E+00 -9.104213588922E+00 2.642614674319E+01 6.706276801969E+00
2.580019089396E+09 2.126478677332E+00 -9.104211737457E+00 2.642614898403E+01 6.706275013752E+00
2.583174849396E+09 2.128961199708E+00 -9.104209847314E+00 2.642615126844E+01 6.706273186305E+00
2.586330609396E+09 2.131443732997E+00 -9.104207918444E+00 2.642615359751E+01 6.706271320178E+00
2.589486369396E+09 2.133926277418E+00 -9.104205952167E+00 2.642615596769E+01 6.706269415507E+00
2.592642129396E+09 2.136408833188E+00 -9.104203948235E+00 2.642615838020E+01 6.706267472582E+00
2.595797889396E+09 2.138891400521E+00 -9.104201907476E+00 2.642616083349E+01 6.706265491899E+00
2.598953649396E+09 2.141373979628E+00 -9.104199828036E+00 2.642616333323E+01 6.706263473649E+00
2.602109409396E+09 2.143856570724E+00 -9.104197712392E+00 2.642616587266E+01 6.706261418030E+00
2.605265169396E+09 2.146339174023E+00 -9.104195559205E+00 2.642616845540E+01 6.706259324924E+00
2.608420929396E+09 2.148821789736E+00 -9.104193369140E+00 2.642617108000E+01 6.706257194598E+00
2.611576689396E+09 2.151304418076E+00 -9.104191141334E+00 2.642617374897E+01 6.706255027055E+00
2.614732449396E+09 2.153787059254E+00 -9.104188877820E+00 2.642617645674E+01 6.706252822472E+00
2.617888209396E+09 2.156269713480E+00 -9.104186577050E+00 2.642617920790E+01 6.706250580917E+00
2.621043969396E+09 2.158752380961E+00 -9.104184239219E+00 2.642618200252E+01 6.706248302759E+00
2.624199729396E+09 2.161235061910E+00 -9.104181865603E+00 2.642618483660E+01 6.706245987811E+00
2.627355489396E+09 2.163717756530E+00 -9.104179456652E+00 2.642618770979E+01 6.706243636620E+00
2.630511249396E+09 2.166200465027E+00 -9.104177010954E+00 2.642619062626E+01 6.706241249240E+00
2.633667009396E+09 2.168683187601E+00 -9.104174531284E+00 2.642619357914E+01 6.706238826323E+00
2.636822769396E+09 2.171165924453E+00 -9.104172016465E+00 2.642619657198E+01 6.706236367966E+00
2.639978529396E+09 2.173648675779E+00 -9.104169467457E+00 2.642619960318E+01 6.706233874840E+00
2.643134289396E+09 2.176131441771E+00 -9.104166884961E+00 2.642620267174E+01 6.706231347534E+00
2.646290049396E+09 2.178614222619E+00 -9.104164270692E+00 2.642620577324E+01 6.706228786346E+00
2.649445809396E+09 2.181097018505E+00 -9.104161624507E+00 2.642620890992E+01 6.706226192333E+00
2.652601569396E+09 2.183579829610E+00 -9.104158947098E+00 2.642621208097E+01 6.706223566187E+00
2.655757329396E+09 2.186062656103E+00 -9.104156239856E+00 2.642621528407E+01 6.706220908876E+00
2.658913089396E+09 2.188545498157E+00 -9.104153503710E+00 2.642621851765E+01 6.706218221042E+00
2.662068849396E+09 2.191028355937E+00 -9.104150739012E+00 2.642622178207E+01 6.706215503474E+00
2.665224609396E+09 2.193511229599E+00 -9.104147947432E+00 2.642622507430E+01 6.706212757209E+00
2.668380369396E+09 2.195994119298E+00 -9.104145129337E+00 2.642622839478E+01 6.706209983112E+00
2.671536129396E+09 2.198477025181E+00 -9.104142285563E+00 2.642623174265E+01 6.706207182074E+00
2.674691889396E+09 2.200959947394E+00 -9.104139417651E+00 2.642623511488E+01 6.706204354914E+00
2.677847649396E+09 2.203442886073E+00 -9.104136525892E+00 2.642623851243E+01 6.706201502671E+00
2.681003409396E+09 2.205925841347E+00 -9.104133610675E+00 2.642624193642E+01 6.706198626641E+00
2.684159169396E+09 2.208408813349E+00 -9.104130673918E+00 2.642624538142E+01 6.706195726870E+00
2.687314929396E+09 2.210891802204E+00 -9.104127716475E+00 2.642624884683E+01 6.706192804447E+00
2.690470689396E+09 2.213374808029E+00 -9.104124737328E+00 2.642625233734E+01 6.706189860384E+00
2.693626449396E+09 2.215857830941E+00 -9.104121738930E+00 2.642625584670E+01 6.706186895151E+00
2.696782209396E+09 2.218340871053E+00 -9.104118721731E+00 2.642625937499E+01 6.706183909544E+00
2.699937969396E+09 2.220823928468E+00 -9.104115685487E+00 2.642626292470E+01 6.706180904601E+00
2.703093729396E+09 2.223307003293E+00 -9.104112632071E+00 2.642626649106E+01 6.706177880674E+00
2.706249489396E+09 2.225790095625E+00 -9.104109561057E+00 2.642627007684E+01 6.706174838667E+00
2.709405249396E+09 2.228273205568E+00 -9.104106473052E+00 2.642627368045E+01 6.706171778666E+00
2.712561009396E+09 2.230756333210E+00 -9.104103369343E+00 2.642627730001E+01 6.706168701721E+00
2.715716769396E+09 2.233239478642E+00 -9.104100250630E+00 2.642628093459E+01 6.706165608472E+00
2.718872529396E+09 2.235722641952E+00 -9.104097116272E+00 2.642628458670E+01 6.706162499296E+00
2.722028289396E+09 2.238205823227E+00 -9.104093967043E+00 2.642628825495E+01 6.706159374682E+00
2.725184049396E+09 2.240689022547E+00 -9.104090803682E+00 2.642629193801E+01 6.706156235089E+00
2.728339809396E+09 2.243172239995E+00 -9.104087626381E+00 2.642629563591E+01 6.706153080859E+00
2.731495569396E+09 2.245655475649E+00 -9.104084435460E+00 2.642629934871E+01 6.706149912556E+00
2.734651329396E+09 2.248138729589E+00 -9.104081230706E+00 2.642630307692E+01 6.706146730117E+00
2.737807089396E+09 2.250622001889E+00 -9.104078013597E+00 2.642630681725E+01 6.706143534112E+00
2.740962849396E+09 2.253105292623E+00 -9.104074782738E+00 2.642631057442E+01 6.706140324933E+00
2.744118609396E+09 2.255588601863E+00 -9.104071539855E+00 2.642631434385E+01 6.706137102821E+00
2.747274369396E+09 2.258071929687E+00 -9.104068282950E+00 2.642631813061E+01 6.706133867367E+00
2.750430129396E+09 2.260555276167E+00 -9.104065014219E+00 2.642632192927E+01 6.706130619097E+00
2.753585889396E+09 2.263038641377E+00 -9.104061731899E+00 2.642632574464E+01 6.706127357853E+00
2.756741649396E+09 2.265522025391E+00 -9.104058437034E+00 2.642632957387E+01 6.706124083725E+00
2.759897409396E+09 2.268005428283E+00 -9.104055129514E+00 2.642633341706E+01 6.706120796594E+00
2.763053169396E+09 2.270488850129E+00 -9.104051808517E+00 2.642633727636E+01 6.706117496324E+00
2.766208929396E+09 2.272972291004E+00 -9.104048474102E+00 2.642634115187E+01 6.706114183082E+00
2.769364689396E+09 2.275455750987E+00 -9.104045126157E+00 2.642634504314E+01 6.706110856415E+00
2.772520449396E+09 2.277939230155E+00 -9.104041763932E+00 2.642634895222E+01 6.706107516258E+00
2.775676209396E+09 2.280422728592E+00 -9.104038387188E+00 2.642635287890E+01 6.706104162094E+00
2.778831969396E+09 2.282906246377E+00 -9.104034995381E+00 2.642635682500E+01 6.706100794072E+00
2.781987729396E+09 2.285389783605E+00 -9.104031587313E+00 2.642636079164E+01 6.706097410844E+00
2.785143489396E+09 2.287873340367E+00 -9.104028163982E+00 2.642636477543E+01 6.706094012104E+00
2.788299249396E+09 2.290356916753E+00 -9.104024722956E+00 2.642636878310E+01 6.706090597702E+00
2.791455009396E+09 2.292840512868E+00 -9.104021264543E+00 2.642637281165E+01 6.706087166414E+00
2.794610769396E+09 2.295324128813E+00 -9.104017787968E+00 2.642637686269E+01 6.706083717871E+00
2.797766529396E+09 2.297807764697E+00 -9.104014291294E+00 2.642638094033E+01 6.706080251240E+00
2.800922289396E+09 2.300291420631E+00 -9.104010775122E+00 2.642638504165E+01 6.706076765824E+00
2.804078049396E+09 2.302775096736E+00 -9.104007237751E+00 2.642638917000E+01 6.706073260729E+00
2.807233809396E+09 2.305258793134E+00 -9.104003678355E+00 2.642639332597E+01 6.706069734912E+00
2.810389569396E+09 2.307742509952E+00 -9.104000096430E+00 2.642639751007E+01 6.706066187839E+00
2.813545329396E+09 2.310226247322E+00 -9.103996491251E+00 2.642640172300E+01 6.706062618706E+00
2.816701089396E+09 2.312710005375E+00 -9.103992862270E+00 2.642640596547E+01 6.706059027008E+00
2.819856849396E+09 2.315193784250E+00 -9.103989210226E+00 2.642641023409E+01 6.706055412013E+00
2.823012609396E+09 2.317677584081E+00 -9.103985534005E+00 2.642641453195E+01 6.706051773656E+00
2.826168369396E+09 2.320161405005E+00 -9.103981833066E+00 2.642641886021E+01 6.706048111701E+00
2.829324129396E+09 2.322645247162E+00 -9.103978108980E+00 2.642642321349E+01 6.706044425659E+00
2.832479889396E+09 2.325129110686E+00 -9.103974361622E+00 2.642642759309E+01 6.706040716070E+00
2.835635649396E+09 2.327612995706E+00 -9.103970591960E+00 2.642643199668E+01 6.706036983197E+00
2.838791409396E+09 2.330096902353E+00 -9.103966799871E+00 2.642643642511E+01 6.706033227335E+00
2.841947169396E+09 2.332580830746E+00 -9.103962986192E+00 2.642644087773E+01 6.706029449495E+00
2.845102929396E+09 2.335064781009E+00 -9.103959152969E+00 2.642644534911E+01 6.706025649941E+00
2.848258689396E+09 2.337548753256E+00 -9.103955300081E+00 2.642644984104E+01 6.706021829511E+00
2.851414449396E+09 2.340032747593E+00 -9.103951427932E+00 2.642645435417E+01 6.706017989256E+00
2.854570209396E+09 2.342516764127E+00 -9.103947539158E+00 2.642645888193E+01 6.706014129765E+00
2.857725969396E+09 2.345000802953E+00 -9.103943633014E+00 2.642646342866E+01 6.706010252311E+00
2.860881729396E+09 2.347484864163E+00 -9.103939711422E+00 2.642646799035E+01 6.706006357770E+00
2.864037489396E+09 2.349968947849E+00 -9.103935775377E+00 2.642647256508E+01 6.706002446695E+00
2.867193249396E+09 2.352453054090E+00 -9.103931824252E+00 2.642647715674E+01 6.705998520284E+00
2.870349009396E+09 2.354937182971E+00 -9.103927859261E+00 2.642648176236E+01 6.705994578856E+00
2.873504769396E+09 2.357421334568E+00 -9.103923881683E+00 2.642648637968E+01 6.705990623215E+00
2.876660529396E+09 2.359905508951E+00 -9.103919892299E+00 2.642649100805E+01 6.705986654298E+00
2.879816289396E+09 2.362389706191E+00 -9.103915890155E+00 2.642649565105E+01 6.705982672590E+00
2.882972049396E+09 2.364873926355E+00 -9.103911876914E+00 2.642650030482E+01 6.705978678620E+00
2.886127809396E+09 2.367358169509E+00 -9.103907852174E+00 2.642650497100E+01 6.705974672669E+00
2.889283569396E+09 2.369842435715E+00 -9.103903816430E+00 2.642650964922E+01 6.705970655355E+00
2.892439329396E+09 2.372326725037E+00 -9.103899771206E+00 2.642651433519E+01 6.705966626722E+00
2.895595089396E+09 2.374811037531E+00 -9.103895714581E+00 2.642651903564E+01 6.705962587476E+00
2.898750849396E+09 2.377295373256E+00 -9.103891648560E+00 2.642652374520E+01 6.705958537844E+00
2.901906609396E+09 2.379779732271E+00 -9.103887573179E+00 2.642652846400E+01 6.705954477963E+00
2.905062369396E+09 2.382264114626E+00 -9.103883487383E+00 2.642653319599E+01 6.705950408363E+00
2.908218129396E+09 2.384748520385E+00 -9.103879391179E+00 2.642653794032E+01 6.705946328559E+00
2.911373889396E+09 2.387232949598E+00 -9.103875285808E+00 2.642654269449E+01 6.705942239175E+00
2.914529649396E+09 2.389717402327E+00 -9.103871170452E+00 2.642654745973E+01 6.705938139559E+00
2.917685409396E+09 2.392201878627E+00 -9.103867045763E+00 2.642655223484E+01 6.705934030108E+00
2.920841169396E+09 2.394686378556E+00 -9.103862909746E+00 2.642655702529E+01 6.705929910655E+00
2.923996929396E+09 2.397170902172E+00 -9.103858764049E+00 2.642656182642E+01 6.705925781250E+00
2.927152689396E+09 2.399655449536E+00 -9.103854608126E+00 2.642656663899E+01 6.705921641430E+00
2.930308449396E+09 2.402140020705E+00 -9.103850440913E+00 2.642657146660E+01 6.705917491507E+00
2.933464209396E+09 2.404624615748E+00 -9.103846262190E+00 2.642657630825E+01 6.705913330520E+00
2.936619969396E+09 2.407109234730E+00 -9.103842072305E+00 2.642658116282E+01 6.705909158416E+00
2.939775729396E+09 2.409593877716E+00 -9.103837870558E+00 2.642658603213E+01 6.705904975078E+00
2.942931489396E+09 2.412078544776E+00 -9.103833656465E+00 2.642659091665E+01 6.705900779971E+00
2.946087249396E+09 2.414563235982E+00 -9.103829430100E+00 2.642659581565E+01 6.705896572794E+00
2.949243009396E+09 2.417047951409E+00 -9.103825189612E+00 2.642660073363E+01 6.705892353072E+00
2.952398769396E+09 2.419532691133E+00 -9.103820935813E+00 2.642660566772E+01 6.705888120491E+00
2.955554529396E+09 2.422017455236E+00 -9.103816668186E+00 2.642661061831E+01 6.705883874415E+00
2.958710289396E+09 2.424502243798E+00 -9.103812384314E+00 2.642661559174E+01 6.705879614497E+00
2.961866049396E+09 2.426987056913E+00 -9.103808085253E+00 2.642662058295E+01 6.705875339553E+00
2.965021809396E+09 2.429471894673E+00 -9.103803769622E+00 2.642662559522E+01 6.705871049190E+00
2.968177569396E+09 2.431956757173E+00 -9.103799436648E+00 2.642663062969E+01 6.705866742777E+00
2.971333329396E+09 2.434441644519E+00 -9.103795085817E+00 2.642663568588E+01 6.705862419178E+00
2.974489089396E+09 2.436926556815E+00 -9.103790714307E+00 2.642664077122E+01 6.705858077989E+00
2.977644849396E+09 2.439411494181E+00 -9.103786323307E+00 2.642664587945E+01 6.705853717578E+00
2.980800609396E+09 2.441896456739E+00 -9.103781909134E+00 2.642665101946E+01 6.705849336946E+00
2.983956369396E+09 2.444381444615E+00 -9.103777472180E+00 2.642665618882E+01 6.705844935338E+00
2.987112129396E+09 2.446866457951E+00 -9.103773010288E+00 2.642666139052E+01 6.705840510896E+00
2.990233698591E+09 2.449324572816E+00 -9.103768570616E+00 2.642666657046E+01 6.705836110891E+00
2.993314344448E+09 2.451750486852E+00 -9.103764162507E+00 2.642667171623E+01 6.705831743697E+00
2.996361096920E+09 2.454149735184E+00 -9.103759774139E+00 2.642667684420E+01 6.705827399100E+00
2.999381236060E+09 2.456528050123E+00 -9.103755396182E+00 2.642668196253E+01 6.705823066278E+00
3.002382187007E+09 2.458891278478E+00 -9.103751014811E+00 2.642668708992E+01 6.705818733008E+00
3.005371681264E+09 2.461245508553E+00 -9.103746620571E+00 2.642669223327E+01 6.705814387533E+00
3.008357992501E+09 2.463597255866E+00 -9.103742197936E+00 2.642669741564E+01 6.705810017327E+00
3.011350286648E+09 2.465953738882E+00 -9.103737734102E+00 2.642670264729E+01 6.705805606989E+00
3.014353950884E+09 2.468319200488E+00 -9.103733219737E+00 2.642670794013E+01 6.705801147866E+00
3.017355638376E+09 2.470683130015E+00 -9.103728674197E+00 2.642671327077E+01 6.705796658676E+00
3.020376803375E+09 2.473062423809E+00 -9.103724065376E+00 2.642671867468E+01 6.705792106446E+00
3.023441422189E+09 2.475475965197E+00 -9.103719354115E+00 2.642672420018E+01 6.705787453884E+00
3.026581083863E+09 2.477948633862E+00 -9.103714492226E+00 2.642672989934E+01 6.705782650834E+00
3.029736843863E+09 2.480434008905E+00 -9.103709569878E+00 2.642673566713E+01 6.705777786766E+00
3.032892603863E+09 2.482919412217E+00 -9.103704613057E+00 2.642674147215E+01 6.705772886794E+00
3.036048363863E+09 2.485404843990E+00 -9.103699623251E+00 2.642674731208E+01 6.705767952063E+00
3.039204123863E+09 2.487890304412E+00 -9.103694601906E+00 2.642675318452E+01 6.705762983597E+00
3.042359883863E+09 2.490375793657E+00 -9.103689550549E+00 2.642675908769E+01 6.705757982900E+00
3.045515643863E+09 2.492861311893E+00 -9.103684470589E+00 2.642676502005E+01 6.705752951434E+00
3.048671403863E+09 2.495346859281E+00 -9.103679363460E+00 2.642677097955E+01 6.705747890401E+00
3.051677703401E+09 2.497714715510E+00 -9.103674474651E+00 2.642677667936E+01 6.705743042861E+00
3.054566605194E+09 2.499990130749E+00 -9.103669754085E+00 2.642678218253E+01 6.705738361869E+00
3.057382659196E+09 2.502208191990E+00 -9.103665134265E+00 2.642678756317E+01 6.705733777826E+00
3.060152970103E+09 2.504390246815E+00 -9.103660569715E+00 2.642679287977E+01 6.705729248822E+00
3.062894991864E+09 2.506550042124E+00 -9.103656034781E+00 2.642679815845E+01 6.705724747220E+00
3.065620949702E+09 2.508697206836E+00 -9.103651509259E+00 2.642680342510E+01 6.705720254342E+00
3.068340665057E+09 2.510839476847E+00 -9.103646977095E+00 2.642680869887E+01 6.705715754510E+00
3.071062283656E+09 2.512983268428E+00 -9.103642425157E+00 2.642681399451E+01 6.705711234388E+00
3.073793028406E+09 2.515134271217E+00 -9.103637840569E+00 2.642681932757E+01 6.705706681523E+00
3.076539762557E+09 2.517297891779E+00 -9.103633211334E+00 2.642682471298E+01 6.705702084548E+00
3.079309814729E+09 2.519479903502E+00 -9.103628524708E+00 2.642683016559E+01 6.705697430841E+00
3.082110581214E+09 2.521686133335E+00 -9.103623768731E+00 2.642683569728E+01 6.705692707340E+00
3.084950548652E+09 2.523923267404E+00 -9.103618925705E+00 2.642684133304E+01 6.705687899018E+00
3.087839847848E+09 2.526199287345E+00 -9.103613978985E+00 2.642684708869E+01 6.705682987295E+00
3.090790859817E+09 2.528523947795E+00 -9.103608905328E+00 2.642685299263E+01 6.705677949878E+00
3.093820149915E+09 2.530910300169E+00 -9.103603674984E+00 2.642685907896E+01 6.705672756933E+00
3.096950906739E+09 2.533376614206E+00 -9.103598243611E+00 2.642686540162E+01 6.705667365779E+00
3.100106666739E+09 2.535862656259E+00 -9.103592743953E+00 2.642687180362E+01 6.705661906762E+00
3.103262426739E+09 2.538348729866E+00 -9.103587218384E+00 2.642687823638E+01 6.705656422377E+00
3.106418186739E+09 2.540834835183E+00 -9.103581666639E+00 2.642688469935E+01 6.705650911849E+00
3.109573946739E+09 2.543320972356E+00 -9.103576088637E+00 2.642689119322E+01 6.705645375461E+00
3.112729706739E+09 2.545807141537E+00 -9.103570484315E+00 2.642689771767E+01 6.705639812905E+00
3.115885466739E+09 2.548293342875E+00 -9.103564853481E+00 2.642690427352E+01 6.705634224346E+00
3.119041226739E+09 2.550779576520E+00 -9.103559196606E+00 2.642691085933E+01 6.705628609738E+00
3.122196986739E+09 2.553265842633E+00 -9.103553512244E+00 2.642691747757E+01 6.705622968097E+00
3.125350572367E+09 2.555750428248E+00 -9.103547805655E+00 2.642692412088E+01 6.705617303922E+00
3.128382070053E+09 2.558138856440E+00 -9.103542295078E+00 2.642693053563E+01 6.705611834092E+00
3.131320302514E+09 2.560453832675E+00 -9.103536930447E+00 2.642693678107E+01 6.705606509462E+00
3.134187445874E+09 2.562712826819E+00 -9.103531673855E+00 2.642694289892E+01 6.705601291024E+00
3.136998791911E+09 2.564927885405E+00 -9.103526496772E+00 2.642694892634E+01 6.705596152731E+00
3.139765662264E+09 2.567107927447E+00 -9.103521381759E+00 2.642695487989E+01 6.705591075114E+00
3.142496907344E+09 2.569259925254E+00 -9.103516311058E+00 2.642696078299E+01 6.705586042136E+00
3.145199994209E+09 2.571389761477E+00 -9.103511272089E+00 2.642696664995E+01 6.705581041120E+00
3.147881102095E+09 2.573502304322E+00 -9.103506254089E+00 2.642697249210E+01 6.705576060684E+00
3.150546137890E+09 2.575602207615E+00 -9.103501246126E+00 2.642697832292E+01 6.705571090415E+00
3.153200339522E+09 2.577693598296E+00 -9.103496237699E+00 2.642698415530E+01 6.705566120280E+00
3.155849073892E+09 2.579780705116E+00 -9.103491217857E+00 2.642699000320E+01 6.705561140108E+00
3.158497520397E+09 2.581867609278E+00 -9.103486177960E+00 2.642699587430E+01 6.705556139937E+00
3.161151117097E+09 2.583958595996E+00 -9.103481107020E+00 2.642700178135E+01 6.705551108852E+00
3.163815734956E+09 2.586058291814E+00 -9.103475992557E+00 2.642700774047E+01 6.705546035376E+00
3.166497666331E+09 2.588171655556E+00 -9.103470821767E+00 2.642701376683E+01 6.705540906958E+00
3.169197949652E+09 2.590299506123E+00 -9.103465591501E+00 2.642701986423E+01 6.705535720551E+00
3.171883047267E+09 2.592415415664E+00 -9.103460367608E+00 2.642702595395E+01 6.705530540315E+00
3.174566177099E+09 2.594529800035E+00 -9.103455123842E+00 2.642703206703E+01 6.705525340491E+00
3.177262469318E+09 2.596654582528E+00 -9.103449830462E+00 2.642703823805E+01 6.705520091516E+00
3.179989777281E+09 2.598803833032E+00 -9.103444452402E+00 2.642704450674E+01 6.705514757972E+00
3.182770329236E+09 2.600995069840E+00 -9.103438943518E+00 2.642705092917E+01 6.705509295408E+00
3.185635037014E+09 2.603252655471E+00 -9.103433242397E+00 2.642705757397E+01 6.705503641214E+00
3.188631584309E+09 2.605614171444E+00 -9.103427251373E+00 2.642706455502E+01 6.705497698554E+00
3.191760565928E+09 2.608080090975E+00 -9.103420966462E+00 2.642707187613E+01 6.705491462994E+00
3.194916325928E+09 2.610567150514E+00 -9.103414599087E+00 2.642707928973E+01 6.705485143548E+00
3.198072085928E+09 2.613054246599E+00 -9.103408203561E+00 2.642708673320E+01 6.705478794482E+00
3.201227845928E+09 2.615541379387E+00 -9.103401780617E+00 2.642709420652E+01 6.705472417009E+00
3.204383605928E+09 2.618028549027E+00 -9.103395333044E+00 2.642710170361E+01 6.705466012244E+00
3.207334834472E+09 2.620354553437E+00 -9.103389281665E+00 2.642710873584E+01 6.705459998627E+00
3.210156203353E+09 2.622578239584E+00 -9.103383477946E+00 2.642711547759E+01 6.705454229572E+00
3.212898798417E+09 2.624739867995E+00 -9.103377819524E+00 2.642712204804E+01 6.705448603491E+00
3.215590923139E+09 2.626861744676E+00 -9.103372250391E+00 2.642712851136E+01 6.705443064191E+00
3.218250563201E+09 2.628958044383E+00 -9.103366733191E+00 2.642713491342E+01 6.705437575974E+00
3.220890525086E+09 2.631038860334E+00 -9.103361242276E+00 2.642714128418E+01 6.705432113436E+00
3.223520764464E+09 2.633112039202E+00 -9.103355758596E+00 2.642714764456E+01 6.705426656953E+00
3.226149371827E+09 2.635183957887E+00 -9.103350265496E+00 2.642715401376E+01 6.705421189867E+00
3.228783569464E+09 2.637260309258E+00 -9.103344746024E+00 2.642716041459E+01 6.705415697154E+00
3.231374792988E+09 2.639302812956E+00 -9.103339304097E+00 2.642716672409E+01 6.705410280790E+00
3.233926392272E+09 2.641314108317E+00 -9.103333932579E+00 2.642717295208E+01 6.705404934580E+00
3.236449267038E+09 2.643302786097E+00 -9.103328608894E+00 2.642717912405E+01 6.705399635656E+00
3.238953287315E+09 2.645276625796E+00 -9.103323312471E+00 2.642718526521E+01 6.705394364325E+00
3.241447569317E+09 2.647242813081E+00 -9.103318024091E+00 2.642719139693E+01 6.705389100931E+00
3.243941133912E+09 2.649208458812E+00 -9.103312724607E+00 2.642719754193E+01 6.705383826721E+00
3.246443482532E+09 2.651181053021E+00 -9.103307393626E+00 2.642720372346E+01 6.705378521169E+00
3.248965216857E+09 2.653168953452E+00 -9.103302008810E+00 2.642720996683E+01 6.705373161697E+00
3.251518842283E+09 2.655182019006E+00 -9.103296541702E+00 2.642721630746E+01 6.705367721393E+00
3.254119988193E+09 2.657232571835E+00 -9.103290959645E+00 2.642722278019E+01 6.705362165999E+00
3.256789540197E+09 2.659337078454E+00 -9.103285216768E+00 2.642722943904E+01 6.705356450349E+00
3.259557833933E+09 2.661519456263E+00 -9.103279247217E+00 2.642723635894E+01 6.705350508065E+00
3.262474491515E+09 2.663818828852E+00 -9.103272941111E+00 2.642724366982E+01 6.705344231255E+00
3.265571726442E+09 2.666260597775E+00 -9.103266228225E+00 2.642725144891E+01 6.705337547599E+00
3.268718475768E+09 2.668741441094E+00 -9.103259391697E+00 2.642725936819E+01 6.705330739044E+00
3.271874235768E+09 2.671229427544E+00 -9.103252518842E+00 2.642726732836E+01 6.705323893623E+00
3.275029995768E+09 2.673717453405E+00 -9.103245631672E+00 2.642727530180E+01 6.705317032029E+00
3.278047517029E+09 2.676096527704E+00 -9.103239033407E+00 2.642728293733E+01 6.705310456272E+00
3.280880161895E+09 2.678329874661E+00 -9.103232828834E+00 2.642729011526E+01 6.705304271703E+00
3.283604161824E+09 2.680477592626E+00 -9.103226853271E+00 2.642729702560E+01 6.705298313863E+00
3.286260564220E+09 2.682572042289E+00 -9.103221018747E+00 2.642730376980E+01 6.705292494886E+00
3.288872623462E+09 2.684631556895E+00 -9.103215273668E+00 2.642731041028E+01 6.705286764927E+00
3.291455646147E+09 2.686668204028E+00 -9.103209584931E+00 2.642731698584E+01 6.705281091275E+00
3.294020737869E+09 2.688690739471E+00 -9.103203930428E+00 2.642732351842E+01 6.705275449792E+00
3.296576543952E+09 2.690705979539E+00 -9.103198288606E+00 2.642733003771E+01 6.705269821755E+00
3.299130195151E+09 2.692719546652E+00 -9.103192645785E+00 2.642733655647E+01 6.705264191742E+00
3.301687886945E+09 2.694736326035E+00 -9.103186987481E+00 2.642734309309E+01 6.705258546264E+00
3.304255274249E+09 2.696760776918E+00 -9.103181301007E+00 2.642734966230E+01 6.705252872704E+00
3.306816058081E+09 2.698780047214E+00 -9.103175622091E+00 2.642735622369E+01 6.705247207220E+00
3.309346286999E+09 2.700775249809E+00 -9.103170003863E+00 2.642736271559E+01 6.705241602645E+00
3.311853929547E+09 2.702752667491E+00 -9.103164428332E+00 2.642736915870E+01 6.705236040973E+00
3.314348002208E+09 2.704719409748E+00 -9.103158875564E+00 2.642737557613E+01 6.705230502370E+00
3.316837265059E+09 2.706682384241E+00 -9.103153325614E+00 2.642738199165E+01 6.705224967365E+00
3.319330744629E+09 2.708648709109E+00 -9.103147758303E+00 2.642738842768E+01 6.705219415298E+00
3.321838456199E+09 2.710626282583E+00 -9.103142151468E+00 2.642739490951E+01 6.705213823876E+00
3.324371981096E+09 2.712624238316E+00 -9.103136476919E+00 2.642740147237E+01 6.705208166520E+00
3.326945573530E+09 2.714653818340E+00 -9.103130704312E+00 2.642740814808E+01 6.705202411076E+00
3.329577838339E+09 2.716729696353E+00 -9.103124791452E+00 2.642741498521E+01 6.705196515348E+00
3.332295188029E+09 2.718872704372E+00 -9.103118676837E+00 2.642742205673E+01 6.705190419086E+00
3.335138832030E+09 2.721115345349E+00 -9.103112266946E+00 2.642742947051E+01 6.705184028888E+00
3.338173574897E+09 2.723508733061E+00 -9.103105415595E+00 2.642743739287E+01 6.705177197408E+00
3.341243871045E+09 2.725930198766E+00 -9.103098472519E+00 2.642744542041E+01 6.705170273964E+00
3.344399631045E+09 2.728419108046E+00 -9.103091324947E+00 2.642745368271E+01 6.705163145630E+00
3.347555391045E+09 2.730908058322E+00 -9.103084166712E+00 2.642746195503E+01 6.705156005326E+00
3.350626084602E+09 2.733329956039E+00 -9.103077191962E+00 2.642747001322E+01 6.705149046835E+00
3.353472930298E+09 2.735575336673E+00 -9.103070717800E+00 2.642747749199E+01 6.705142587145E+00
3.356190160025E+09 2.737718517088E+00 -9.103064531828E+00 2.642748463613E+01 6.705136414006E+00
3.358828790690E+09 2.739799732721E+00 -9.103058518783E+00 2.642749157961E+01 6.705130412887E+00
3.361415816931E+09 2.741840273440E+00 -9.103052617690E+00 2.642749839299E+01 6.705124523020E+00
3.363968195247E+09 2.743853512471E+00 -9.103046790928E+00 2.642750511941E+01 6.705118706684E+00
3.366497933267E+09 2.745848920188E+00 -9.103041009726E+00 2.642751179405E+01 6.705112936297E+00
3.369014035623E+09 2.747833598723E+00 -9.103035253399E+00 2.642751844117E+01 6.705107191430E+00
3.371523824149E+09 2.749813323184E+00 -9.103029506457E+00 2.642752507649E+01 6.705101455375E+00
3.374033427715E+09 2.751792927957E+00 -9.103023753781E+00 2.642753171951E+01 6.705095714226E+00
3.376548403181E+09 2.753776796469E+00 -9.103017982094E+00 2.642753838559E+01 6.705089954739E+00
3.379066439679E+09 2.755763106022E+00 -9.103012196217E+00 2.642754506936E+01 6.705084181848E+00
3.381549483040E+09 2.757721837772E+00 -9.103006483121E+00 2.642755167096E+01 6.705078482679E+00
3.384005054327E+09 2.759658923725E+00 -9.103000825238E+00 2.642755821030E+01 6.705072839476E+00
3.386442656701E+09 2.761581859815E+00 -9.102995200309E+00 2.642756471350E+01 6.705067230271E+00
3.388871334364E+09 2.763497780312E+00 -9.102989587193E+00 2.642757120483E+01 6.705061633883E+00
3.391300344777E+09 2.765413988097E+00 -9.102983963892E+00 2.642757770944E+01 6.705056028209E+00
3.393739803349E+09 2.767338463262E+00 -9.102978306691E+00 2.642758425470E+01 6.705050389576E+00
3.396201380046E+09 2.769280412724E+00 -9.102972587961E+00 2.642759087264E+01 6.705044690475E+00
3.398699275372E+09 2.771251040290E+00 -9.102966774109E+00 2.642759760182E+01 6.705038897254E+00
3.401251828229E+09 2.773264815290E+00 -9.102960821598E+00 2.642760449253E+01 6.705032966469E+00
3.403885044120E+09 2.775342256397E+00 -9.102954668847E+00 2.642761161600E+01 6.705026836727E+00
3.406639320303E+09 2.777515237958E+00 -9.102948220085E+00 2.642761908215E+01 6.705020412065E+00
3.409567630932E+09 2.779825559129E+00 -9.102941349805E+00 2.642762703540E+01 6.705013566927E+00
3.412570119205E+09 2.782194441518E+00 -9.102934289164E+00 2.642763521038E+01 6.705006532916E+00
3.415715265426E+09 2.784675918529E+00 -9.102926877338E+00 2.642764379047E+01 6.704999148174E+00
3.418871025426E+09 2.787165812279E+00 -9.102919424026E+00 2.642765241754E+01 6.704991721492E+00
3.421836441001E+09 2.789505563314E+00 -9.102912405638E+00 2.642766054027E+01 6.704984727644E+00
3.424585859347E+09 2.791674923573E+00 -9.102905885578E+00 2.642766808588E+01 6.704978230163E+00
3.427216156398E+09 2.793750324640E+00 -9.102899636303E+00 2.642767531878E+01 6.704972002916E+00
3.429774060240E+09 2.795768633475E+00 -9.102893547677E+00 2.642768236573E+01 6.704965935739E+00
3.432283979444E+09 2.797749107660E+00 -9.102887562661E+00 2.642768929226E+01 6.704959971518E+00
3.434761140120E+09 2.799703760224E+00 -9.102881642773E+00 2.642769614749E+01 6.704954074565E+00
3.437216128452E+09 2.801640943573E+00 -9.102875764490E+00 2.642770295528E+01 6.704948219473E+00
3.439656507492E+09 2.803566625031E+00 -9.102869908357E+00 2.642770973921E+01 6.704942387487E+00
3.442076322285E+09 2.805476105093E+00 -9.102864088035E+00 2.642771648430E+01 6.704936592694E+00
3.444449290369E+09 2.807348643218E+00 -9.102858366285E+00 2.642772311809E+01 6.704930897740E+00
3.446783608700E+09 2.809190706453E+00 -9.102852723922E+00 2.642772966142E+01 6.704925282721E+00
3.449088246381E+09 2.811009371530E+00 -9.102847136816E+00 2.642773614626E+01 6.704919725921E+00
3.451371086220E+09 2.812810858308E+00 -9.102841587531E+00 2.642774258963E+01 6.704914208149E+00
3.453639585906E+09 2.814601051493E+00 -9.102836056701E+00 2.642774901459E+01 6.704908710471E+00
3.455901370770E+09 2.816385968389E+00 -9.102830525919E+00 2.642775544103E+01 6.704903213734E+00
3.458164596069E+09 2.818172044816E+00 -9.102824972531E+00 2.642776189891E+01 6.704897697523E+00
3.460438394533E+09 2.819966488334E+00 -9.102819375606E+00 2.642776840823E+01 6.704892138535E+00
3.462733740699E+09 2.821777960432E+00 -9.102813706505E+00 2.642777500392E+01 6.704886509273E+00
3.465064388346E+09 2.823617316464E+00 -9.102807930357E+00 2.642778172549E+01 6.704880774484E+00
3.467448939745E+09 2.825499238907E+00 -9.102801999719E+00 2.642778862826E+01 6.704874887139E+00
3.469914165825E+09 2.827444858041E+00 -9.102795846269E+00 2.642779579105E+01 6.704868779002E+00
3.472503921931E+09 2.829488789184E+00 -9.102789358616E+00 2.642780334192E+01 6.704862338579E+00
3.475204548475E+09 2.831620255961E+00 -9.102782566847E+00 2.642781124652E+01 6.704855596127E+00
3.477967698990E+09 2.833801104285E+00 -9.102775590803E+00 2.642781936507E+01 6.704848670431E+00
3.480805715608E+09 2.836041078071E+00 -9.102768399717E+00 2.642782773073E+01 6.704841529428E+00
3.483729390803E+09 2.838348698839E+00 -9.102760964409E+00 2.642783637645E+01 6.704834143553E+00
3.486411944269E+09 2.840466040012E+00 -9.102754119076E+00 2.642784433336E+01 6.704827342117E+00
3.488929903544E+09 2.842453497297E+00 -9.102747674218E+00 2.642785182200E+01 6.704820936983E+00
3.491361654702E+09 2.844372937452E+00 -9.102741432692E+00 2.642785907231E+01 6.704814732736E+00
3.493723238436E+09 2.846237019197E+00 -9.102735355257E+00 2.642786612989E+01 6.704808690367E+00
3.496020453972E+09 2.848050317904E+00 -9.102729429307E+00 2.642787300892E+01 6.704802797093E+00
3.498272360978E+09 2.849827876534E+00 -9.102723604708E+00 2.642787977170E+01 6.704797005414E+00
3.500492572753E+09 2.851580439675E+00 -9.102717849153E+00 2.642788645229E+01 6.704791281219E+00
3.502690603717E+09 2.853315516907E+00 -9.102712137512E+00 2.642789308209E+01 6.704785600803E+00
3.504873640807E+09 2.855038780920E+00 -9.102706451414E+00 2.642789968170E+01 6.704779945479E+00
3.507047417357E+09 2.856754757218E+00 -9.102700776492E+00 2.642790626746E+01 6.704774300764E+00
3.509216877329E+09 2.858467348401E+00 -9.102695097624E+00 2.642791286075E+01 6.704768653827E+00
3.511386585260E+09 2.860180157748E+00 -9.102689404709E+00 2.642791946984E+01 6.704762992631E+00
3.513560976660E+09 2.861896686869E+00 -9.102683684991E+00 2.642792611120E+01 6.704757305450E+00
3.515744709720E+09 2.863620613357E+00 -9.102677926333E+00 2.642793279757E+01 6.704751579431E+00
3.517942844769E+09 2.865355932471E+00 -9.102672112755E+00 2.642793955154E+01 6.704745801022E+00
3.520161382667E+09 2.867107382211E+00 -9.102666229757E+00 2.642794638597E+01 6.704739953503E+00
3.522407478508E+09 2.868880612083E+00 -9.102660256877E+00 2.642795332604E+01 6.704734017352E+00
3.524690292895E+09 2.870682855245E+00 -9.102654168650E+00 2.642796040106E+01 6.704727967100E+00
3.527021971455E+09 2.872523701964E+00 -9.102647931704E+00 2.642796764966E+01 6.704721769497E+00
3.529419557366E+09 2.874416609764E+00 -9.102641498867E+00 2.642797512647E+01 6.704715377548E+00
3.531908708099E+09 2.876381838226E+00 -9.102634799484E+00 2.642798291356E+01 6.704708721025E+00
3.534532724223E+09 2.878453578174E+00 -9.102627714214E+00 2.642799114851E+01 6.704701680694E+00
3.537379504188E+09 2.880701235193E+00 -9.102620001393E+00 2.642800011196E+01 6.704694016282E+00
3.540310158402E+09 2.883015156362E+00 -9.102612033795E+00 2.642800936977E+01 6.704686097690E+00
3.543376575646E+09 2.885436315830E+00 -9.102603668298E+00 2.642801908739E+01 6.704677782182E+00
3.546035725652E+09 2.887535946007E+00 -9.102596390919E+00 2.642802753827E+01 6.704670546705E+00
3.548693919469E+09 2.889634856403E+00 -9.102589096674E+00 2.642803600449E+01 6.704663291999E+00
3.551203625024E+09 2.891616552832E+00 -9.102582190912E+00 2.642804401957E+01 6.704656423526E+00
3.553617872640E+09 2.893522904189E+00 -9.102575533092E+00 2.642805174317E+01 6.704649799516E+00
3.555970840292E+09 2.895380895478E+00 -9.102569030497E+00 2.642805928382E+01 6.704643328269E+00
3.558282675038E+09 2.897206433808E+00 -9.102562629039E+00 2.642806670465E+01 6.704636956210E+00
3.560566903777E+09 2.899010199530E+00 -9.102556292404E+00 2.642807404780E+01 6.704630647203E+00
3.562833443232E+09 2.900800022757E+00 -9.102549993984E+00 2.642808134422E+01 6.704624374831E+00
3.565090102740E+09 2.902582069872E+00 -9.102543712777E+00 2.642808861873E+01 6.704618118457E+00
3.567343293694E+09 2.904361403661E+00 -9.102537432228E+00 2.642809588950E+01 6.704611861019E+00
3.569598592176E+09 2.906142427544E+00 -9.102531135016E+00 2.642810317974E+01 6.704605587080E+00
3.571861023438E+09 2.907929110194E+00 -9.102524809704E+00 2.642811049937E+01 6.704599283325E+00
3.574135301604E+09 2.909725174801E+00 -9.102518442581E+00 2.642811786607E+01 6.704592937145E+00
3.576426017314E+09 2.911534247258E+00 -9.102512020984E+00 2.642812529379E+01 6.704586535505E+00
3.578737835847E+09 2.913360012620E+00 -9.102505531929E+00 2.642813279844E+01 6.704580065982E+00
3.581053667762E+09 2.915188974932E+00 -9.102499023463E+00 2.642814032389E+01 6.704573576152E+00
3.583364218733E+09 2.917013793873E+00 -9.102492522098E+00 2.642814783991E+01 6.704567092697E+00
3.585675342614E+09 2.918839092629E+00 -9.102486011587E+00 2.642815536533E+01 6.704560599441E+00
3.587993501355E+09 2.920669974938E+00 -9.102479473951E+00 2.642816292108E+01 6.704554078539E+00
3.590325789992E+09 2.922512044872E+00 -9.102472889406E+00 2.642817053008E+01 6.704547510292E+00
3.592680333678E+09 2.924371720459E+00 -9.102466235115E+00 2.642817821832E+01 6.704540871681E+00
3.595066856543E+09 2.926256683067E+00 -9.102459483625E+00 2.642818601777E+01 6.704534135470E+00
3.597497569006E+09 2.928176578366E+00 -9.102452600547E+00 2.642819396787E+01 6.704527267184E+00
3.599988687562E+09 2.930144216927E+00 -9.102445540395E+00 2.642820212081E+01 6.704520221225E+00
3.602563357750E+09 2.932177883339E+00 -9.102438236674E+00 2.642821055318E+01 6.704512931121E+00
3.605258125073E+09 2.934306448068E+00 -9.102430584960E+00 2.642821938714E+01 6.704505293569E+00
3.608140400681E+09 2.936583164887E+00 -9.102422395191E+00 2.642822883861E+01 6.704497116829E+00
3.611090583602E+09 2.938913566342E+00 -9.102414006464E+00 2.642823851740E+01 6.704488740118E+00
3.614047343547E+09 2.941249208284E+00 -9.102405594074E+00 2.642824822041E+01 6.704480337998E+00
3.617029526497E+09 2.943604978536E+00 -9.102397103842E+00 2.642825801203E+01 6.704471857452E+00
3.619935980610E+09 2.945900971250E+00 -9.102388825841E+00 2.642826755581E+01 6.704463587113E+00
3.622609838677E+09 2.948013260232E+00 -9.102381207317E+00 2.642827633776E+01 6.704455974758E+00
3.625141596663E+09 2.950013327438E+00 -9.102373991196E+00 2.642828465493E+01 6.704448763948E+00
3.627581156306E+09 2.951940590184E+00 -9.102367035518E+00 2.642829267165E+01 6.704441813237E+00
3.629954065729E+09 2.953815228585E+00 -9.102360267397E+00 2.642830047215E+01 6.704435049910E+00
3.632275760444E+09 2.955649434787E+00 -9.102353643110E+00 2.642830810663E+01 6.704428430178E+00
3.634556631129E+09 2.957451416072E+00 -9.102347131372E+00 2.642831561394E+01 6.704421924390E+00
3.636804154979E+09 2.959227078426E+00 -9.102340711677E+00 2.642832301585E+01 6.704415510975E+00
3.639023986512E+09 2.960980888162E+00 -9.102334366881E+00 2.642833033332E+01 6.704409173497E+00
3.641220593795E+09 2.962716374477E+00 -9.102328083606E+00 2.642833758208E+01 6.704402898764E+00
3.643397657583E+09 2.964436444735E+00 -9.102321851197E+00 2.642834477374E+01 6.704396675748E+00
3.645558356409E+09 2.966143609669E+00 -9.102315657670E+00 2.642835192607E+01 6.704390494759E+00
3.647705583016E+09 2.967840154352E+00 -9.102309496129E+00 2.642835904327E+01 6.704384346740E+00
3.649842107630E+09 2.969528267190E+00 -9.102303357809E+00 2.642836613623E+01 6.704378223387E+00
3.651970740635E+09 2.971210168452E+00 -9.102297231570E+00 2.642837322091E+01 6.704372115373E+00
3.654091016591E+09 2.972885490144E+00 -9.102291120332E+00 2.642838029028E+01 6.704366023496E+00
3.656183393869E+09 2.974538791014E+00 -9.102285079897E+00 2.642838727986E+01 6.704360003421E+00
3.658256653851E+09 2.976177008975E+00 -9.102279083228E+00 2.642839422269E+01 6.704354029218E+00
3.660319564572E+09 2.977807071782E+00 -9.102273105574E+00 2.642840114582E+01 6.704348075303E+00
3.662381860605E+09 2.979436671323E+00 -9.102267117807E+00 2.642840808405E+01 6.704342113269E+00
3.664454923552E+09 2.981074801404E+00 -9.102261088310E+00 2.642841507022E+01 6.704336109454E+00
3.666552458976E+09 2.982732292756E+00 -9.102254976298E+00 2.642842215249E+01 6.704330023757E+00
3.668692078251E+09 2.984423063199E+00 -9.102248730392E+00 2.642842938985E+01 6.704323804708E+00
3.670898725957E+09 2.986166826360E+00 -9.102242277405E+00 2.642843686622E+01 6.704317378919E+00
3.673187890473E+09 2.987975824330E+00 -9.102235572612E+00 2.642844463112E+01 6.704310700528E+00
3.675533233544E+09 2.989829246045E+00 -9.102228691014E+00 2.642845259998E+01 6.704303845573E+00
3.677947772666E+09 2.991737381062E+00 -9.102221597185E+00 2.642846080959E+01 6.704296776295E+00
3.680444128965E+09 2.993710206434E+00 -9.102214253916E+00 2.642846930342E+01 6.704289455868E+00
3.682871476801E+09 2.995628527669E+00 -9.102207106097E+00 2.642847756606E+01 6.704282327318E+00
3.685142857770E+09 2.997423617650E+00 -9.102200412081E+00 2.642848529985E+01 6.704275648880E+00
3.687288954322E+09 2.999119719816E+00 -9.102194083869E+00 2.642849260636E+01 6.704269332693E+00
3.689338668703E+09 3.000739672347E+00 -9.102188035200E+00 2.642849958981E+01 6.704263295349E+00
3.691328585715E+09 3.002312386760E+00 -9.102182160892E+00 2.642850636859E+01 6.704257430086E+00
3.693280118450E+09 3.003854785144E+00 -9.102176397507E+00 2.642851301774E+01 6.704251674635E+00
3.695205768615E+09 3.005376747244E+00 -9.102170708842E+00 2.642851957880E+01 6.704245992705E+00
3.697114273252E+09 3.006885177836E+00 -9.102165066913E+00 2.642852608767E+01 6.704240358457E+00
3.699012157687E+09 3.008385233942E+00 -9.102159454543E+00 2.642853256098E+01 6.704234752875E+00
3.700904748536E+09 3.009881125395E+00 -9.102153854911E+00 2.642853902007E+01 6.704229160292E+00
3.702796565432E+09 3.011376424402E+00 -9.102148255154E+00 2.642854547861E+01 6.704223567181E+00
3.704692250842E+09 3.012874800443E+00 -9.102142638937E+00 2.642855195985E+01 6.704217959780E+00
3.706595931500E+09 3.014379515545E+00 -9.102136995803E+00 2.642855847190E+01 6.704212325360E+00
3.708512312295E+09 3.015894288898E+00 -9.102131310836E+00 2.642856503311E+01 6.704206649687E+00
3.710446843021E+09 3.017423428699E+00 -9.102125566565E+00 2.642857166585E+01 6.704200916592E+00
3.712405338930E+09 3.018971532268E+00 -9.102119746060E+00 2.642857838729E+01 6.704195107800E+00
3.714395962742E+09 3.020545052783E+00 -9.102113824104E+00 2.642858522764E+01 6.704189198776E+00
3.716428708165E+09 3.022151891152E+00 -9.102107771175E+00 2.642859221963E+01 6.704183159271E+00
3.718517497937E+09 3.023803054634E+00 -9.102101542730E+00 2.642859941830E+01 6.704176946923E+00
3.720682351367E+09 3.025514370535E+00 -9.102095080496E+00 2.642860688715E+01 6.704170501369E+00
3.722955825108E+09 3.027311578186E+00 -9.102088285395E+00 2.642861474181E+01 6.704163724443E+00
3.725398820264E+09 3.029242825867E+00 -9.102080974561E+00 2.642862319214E+01 6.704156432884E+00
3.727945300929E+09 3.031255916020E+00 -9.102073341804E+00 2.642863201746E+01 6.704148821923E+00
3.730616049687E+09 3.033367282878E+00 -9.102065326754E+00 2.642864128175E+01 6.704140827994E+00
3.733086380066E+09 3.035320243222E+00 -9.102057901595E+00 2.642864986607E+01 6.704133423481E+00
3.735553419386E+09 3.037270635104E+00 -9.102050478633E+00 2.642865844456E+01 6.704126019253E+00
3.737858788361E+09 3.039093243799E+00 -9.102043532521E+00 2.642866647384E+01 6.704119091756E+00
3.740068521079E+09 3.040840270510E+00 -9.102036868175E+00 2.642867417490E+01 6.704112443813E+00
3.742221013789E+09 3.042542068748E+00 -9.102030369910E+00 2.642868168338E+01 6.704105961159E+00
3.744337309803E+09 3.044215274086E+00 -9.102023974680E+00 2.642868907211E+01 6.704099580887E+00
3.746431035664E+09 3.045870659060E+00 -9.102017641646E+00 2.642869638874E+01 6.704093262526E+00
3.748511871228E+09 3.047515876368E+00 -9.102011342348E+00 2.642870366480E+01 6.704086976894E+00
3.750586932840E+09 3.049156552267E+00 -9.102005052969E+00 2.642871093201E+01 6.704080702678E+00
3.752662155669E+09 3.050797379406E+00 -9.101998757635E+00 2.642871820521E+01 6.704074422001E+00
3.754742611257E+09 3.052442367844E+00 -9.101992439898E+00 2.642872550489E+01 6.704068119318E+00
3.756832606596E+09 3.054094923342E+00 -9.101986086389E+00 2.642873284679E+01 6.704061781468E+00
3.758936011377E+09 3.055758106084E+00 -9.101979684906E+00 2.642874024490E+01 6.704055396204E+00
3.761056604117E+09 3.057434904348E+00 -9.101973224045E+00 2.642874771122E+01 6.704048951476E+00
3.763173324230E+09 3.059108665336E+00 -9.101966765357E+00 2.642875517899E+01 6.704042511209E+00
3.765283371966E+09 3.060777175043E+00 -9.101960319290E+00 2.642876263225E+01 6.704036083573E+00
3.767391494108E+09 3.062444186844E+00 -9.101953870152E+00 2.642877009060E+01 6.704029653766E+00
3.769502751486E+09 3.064113702681E+00 -9.101947402066E+00 2.642877757269E+01 6.704023206132E+00
3.771622582871E+09 3.065790023609E+00 -9.101940897858E+00 2.642878509808E+01 6.704016723361E+00
3.773757125918E+09 3.067478003617E+00 -9.101934338226E+00 2.642879268902E+01 6.704010186175E+00
3.775913816736E+09 3.069183523824E+00 -9.101927699756E+00 2.642880037266E+01 6.704003571271E+00
3.778101636089E+09 3.070913687267E+00 -9.101920954009E+00 2.642880818202E+01 6.703996850371E+00
3.780332427477E+09 3.072677861397E+00 -9.101914063734E+00 2.642881615969E+01 6.703989986053E+00
3.782622160460E+09 3.074488677375E+00 -9.101906978702E+00 2.642882436362E+01 6.703982928151E+00
3.784994655293E+09 3.076364976053E+00 -9.101899623987E+00 2.642883288040E+01 6.703975601938E+00
3.787488803601E+09 3.078337519246E+00 -9.101891877992E+00 2.642884184977E+01 6.703967885656E+00
3.790131734608E+09 3.080427768418E+00 -9.101883651931E+00 2.642885137694E+01 6.703959692267E+00
3.792775670115E+09 3.082518851682E+00 -9.101875407821E+00 2.642886092185E+01 6.703951479066E+00
3.795449977005E+09 3.084633996038E+00 -9.101867051291E+00 2.642887059815E+01 6.703943154575E+00
3.798158340580E+09 3.086776117787E+00 -9.101858573954E+00 2.642888040997E+01 6.703934707220E+00
3.800752311693E+09 3.088827802527E+00 -9.101850438742E+00 2.642888982669E+01 6.703926601285E+00
3.803166384636E+09 3.090737232518E+00 -9.101842856329E+00 2.642889860072E+01 6.703919044534E+00
3.805471780866E+09 3.092560734948E+00 -9.101835604856E+00 2.642890699045E+01 6.703911816820E+00
3.807707134664E+09 3.094328864915E+00 -9.101828565108E+00 2.642891513177E+01 6.703904798140E+00
3.809893506781E+09 3.096058278884E+00 -9.101821669578E+00 2.642892310750E+01 6.703897923937E+00
3.812044439466E+09 3.097759687173E+00 -9.101814878529E+00 2.642893095994E+01 6.703891152476E+00
3.814169502833E+09 3.099440658727E+00 -9.101808161615E+00 2.642893872540E+01 6.703884454210E+00
3.816275949510E+09 3.101106929745E+00 -9.101801496232E+00 2.642894643043E+01 6.703877806839E+00
3.818369642831E+09 3.102763137778E+00 -9.101794864112E+00 2.642895409656E+01 6.703871192379E+00
3.820455599303E+09 3.104413250773E+00 -9.101788249591E+00 2.642896174154E+01 6.703864595008E+00
3.822538104548E+09 3.106060658727E+00 -9.101781638940E+00 2.642896938227E+01 6.703858001617E+00
3.824621305250E+09 3.107708641940E+00 -9.101775019157E+00 2.642897703277E+01 6.703851398673E+00
3.826709008445E+09 3.109360212208E+00 -9.101768378017E+00 2.642898470800E+01 6.703844774448E+00
3.828805288093E+09 3.111018592687E+00 -9.101761702374E+00 2.642899242317E+01 6.703838115847E+00
3.830914278549E+09 3.112687054509E+00 -9.101754979774E+00 2.642900019090E+01 6.703831409420E+00
3.833040422542E+09 3.114369112974E+00 -9.101748193456E+00 2.642900803523E+01 6.703824641146E+00
3.835158587612E+09 3.116044885211E+00 -9.101741425878E+00 2.642901585719E+01 6.703817891160E+00
3.837260795946E+09 3.117708059218E+00 -9.101734701768E+00 2.642902362871E+01 6.703811184410E+00
3.839356378009E+09 3.119366016457E+00 -9.101727991504E+00 2.642903138428E+01 6.703804491497E+00
3.841455703079E+09 3.121026960742E+00 -9.101721262728E+00 2.642903915977E+01 6.703797779272E+00
3.843570340457E+09 3.122700045856E+00 -9.101714476124E+00 2.642904700431E+01 6.703791010643E+00
3.845713921708E+09 3.124396057836E+00 -9.101707590232E+00 2.642905496203E+01 6.703784142077E+00
3.847904023791E+09 3.126128905114E+00 -9.101700547818E+00 2.642906309964E+01 6.703777116807E+00
3.850165277425E+09 3.127918078250E+00 -9.101693269474E+00 2.642907150862E+01 6.703769855452E+00
3.852536722648E+09 3.129794470570E+00 -9.101685629297E+00 2.642908033455E+01 6.703762232482E+00
3.854917020276E+09 3.131677900517E+00 -9.101677953875E+00 2.642908919845E+01 6.703754572753E+00
3.857301948885E+09 3.133565028165E+00 -9.101670257636E+00 2.642909808381E+01 6.703746890755E+00
3.859695031590E+09 3.135458641547E+00 -9.101662530026E+00 2.642910700272E+01 6.703739175902E+00
3.862101374400E+09 3.137362781450E+00 -9.101654755243E+00 2.642911597391E+01 6.703731412700E+00
3.864529019997E+09 3.139283812806E+00 -9.101646908028E+00 2.642912502558E+01 6.703723575382E+00
3.866838182745E+09 3.141111119175E+00 -9.101639441048E+00 2.642913363592E+01 6.703716116234E+00
3.869039057396E+09 3.142852763329E+00 -9.101632322440E+00 2.642914184215E+01 6.703709003704E+00
3.871169950770E+09 3.144539055577E+00 -9.101625428644E+00 2.642914978770E+01 6.703702114917E+00
3.873253178761E+09 3.146187653481E+00 -9.101618688046E+00 2.642915755530E+01 6.703695378414E+00
3.875302735992E+09 3.147809630430E+00 -9.101612055386E+00 2.642916519718E+01 6.703688749011E+00
3.877328332331E+09 3.149412669567E+00 -9.101605499447E+00 2.642917275005E+01 6.703682195938E+00
3.879337286981E+09 3.151002562520E+00 -9.101598996432E+00 2.642918024158E+01 6.703675695548E+00
3.881335447281E+09 3.152583936410E+00 -9.101592527382E+00 2.642918769352E+01 6.703669228845E+00
3.883327778607E+09 3.154160720618E+00 -9.101586075961E+00 2.642919512534E+01 6.703662779876E+00
3.885318657230E+09 3.155736378518E+00 -9.101579627824E+00 2.642920255389E+01 6.703656334479E+00
3.887312251844E+09 3.157314209402E+00 -9.101573169119E+00 2.642920999556E+01 6.703649879071E+00
3.889312666023E+09 3.158897461222E+00 -9.101566686128E+00 2.642921746645E+01 6.703643400106E+00
3.891324065614E+09 3.160489431414E+00 -9.101560165692E+00 2.642922498004E+01 6.703636883457E+00
3.893349131372E+09 3.162092242174E+00 -9.101553596312E+00 2.642923255445E+01 6.703630320455E+00
3.895340104510E+09 3.163668092750E+00 -9.101547134876E+00 2.642924000473E+01 6.703623865482E+00
3.897305861097E+09 3.165224007493E+00 -9.101540752357E+00 2.642924736421E+01 6.703617489456E+00
3.899258055560E+09 3.166769210326E+00 -9.101534408370E+00 2.642925468372E+01 6.703611154510E+00
3.901208163325E+09 3.168312784035E+00 -9.101528067625E+00 2.642926199945E+01 6.703604822773E+00
3.903167919503E+09 3.169864017491E+00 -9.101521691032E+00 2.642926935761E+01 6.703598455863E+00
3.905150789166E+09 3.171433569478E+00 -9.101515234656E+00 2.642927680872E+01 6.703592009801E+00
3.907173322954E+09 3.173034541881E+00 -9.101508644070E+00 2.642928441582E+01 6.703585430381E+00
3.909257996361E+09 3.174684727435E+00 -9.101501845877E+00 2.642929226298E+01 6.703578643961E+00
3.911431054367E+09 3.176404903968E+00 -9.101494754725E+00 2.642930044723E+01 6.703571564462E+00
3.913609673160E+09 3.178129510590E+00 -9.101487638332E+00 2.642930866324E+01 6.703564461287E+00
3.915807423355E+09 3.179869290374E+00 -9.101480455578E+00 2.642931695310E+01 6.703557290276E+00
3.918027627140E+09 3.181626874067E+00 -9.101473192625E+00 2.642932533753E+01 6.703550040360E+00
3.920277884981E+09 3.183408279502E+00 -9.101465826804E+00 2.642933383909E+01 6.703542686823E+00
3.922568714858E+09 3.185221834635E+00 -9.101458322785E+00 2.642934249977E+01 6.703535195086E+00
3.924756362741E+09 3.186953734119E+00 -9.101451151691E+00 2.642935077554E+01 6.703528035354E+00
3.926839699839E+09 3.188603080274E+00 -9.101444318521E+00 2.642935866002E+01 6.703521212244E+00
3.928857756326E+09 3.190200769521E+00 -9.101437693262E+00 2.642936630774E+01 6.703514598557E+00
3.930832883314E+09 3.191764495220E+00 -9.101431204827E+00 2.642937379696E+01 6.703508121133E+00
3.932778724774E+09 3.193305058160E+00 -9.101424807446E+00 2.642938118227E+01 6.703501735298E+00
3.934704452267E+09 3.194829718808E+00 -9.101418470545E+00 2.642938849943E+01 6.703495410799E+00
3.936616821402E+09 3.196343825238E+00 -9.101412171300E+00 2.642939577560E+01 6.703489125319E+00
3.938520942718E+09 3.197851423341E+00 -9.101405892299E+00 2.642940303044E+01 6.703482861238E+00
3.940421171367E+09 3.199355961148E+00 -9.101399618379E+00 2.642941028239E+01 6.703476603946E+00
3.942321204599E+09 3.200860365976E+00 -9.101393336365E+00 2.642941754729E+01 6.703470340662E+00
3.944224328943E+09 3.202367240111E+00 -9.101387034376E+00 2.642942483871E+01 6.703464059450E+00
3.946133828583E+09 3.203879184134E+00 -9.101380700441E+00 2.642943217130E+01 6.703457748826E+00
3.948029945352E+09 3.205380553425E+00 -9.101374399816E+00 2.642943946815E+01 6.703451473029E+00
3.949892758768E+09 3.206855573933E+00 -9.101368195803E+00 2.642944666038E+01 6.703445297664E+00
3.951731034668E+09 3.208311185721E+00 -9.101362061993E+00 2.642945377258E+01 6.703439192969E+00
3.953554365046E+09 3.209754983449E+00 -9.101355963542E+00 2.642946084953E+01 6.703433126795E+00
3.955372311132E+09 3.211194537851E+00 -9.101349867910E+00 2.642946792845E+01 6.703427066457E+00
3.957194835440E+09 3.212637737860E+00 -9.101343742589E+00 2.642947504370E+01 6.703420977677E+00
3.959033081462E+09 3.214093408046E+00 -9.101337549375E+00 2.642948224024E+01 6.703414822816E+00
3.960900991981E+09 3.215572590248E+00 -9.101331237777E+00 2.642948957975E+01 6.703408553429E+00
3.962817101395E+09 3.217089963105E+00 -9.101324746078E+00 2.642949712980E+01 6.703402105790E+00
3.964774283023E+09 3.218639884621E+00 -9.101318096064E+00 2.642950486673E+01 6.703395502500E+00
3.966759613375E+09 3.220212121820E+00 -9.101311331218E+00 2.642951273713E+01 6.703388785116E+00
3.968786889406E+09 3.221817602256E+00 -9.101304400886E+00 2.642952080465E+01 6.703381906066E+00
3.970870238160E+09 3.223467515643E+00 -9.101297258293E+00 2.642952911732E+01 6.703374815196E+00
3.973030243443E+09 3.225178166062E+00 -9.101289827444E+00 2.642953776947E+01 6.703367440480E+00
3.975275579976E+09 3.226956426995E+00 -9.101282077813E+00 2.642954679214E+01 6.703359749011E+00
3.977329467024E+09 3.228583091661E+00 -9.101274965383E+00 2.642955507327E+01 6.703352690150E+00
3.979270719051E+09 3.230120574677E+00 -9.101268221953E+00 2.642956292577E+01 6.703345998094E+00
3.981148688299E+09 3.231607960112E+00 -9.101261678326E+00 2.642957054715E+01 6.703339505209E+00
3.982987061473E+09 3.233064006485E+00 -9.101255253795E+00 2.642957802993E+01 6.703333130565E+00
3.984799697848E+09 3.234499689670E+00 -9.101248898641E+00 2.642958543551E+01 6.703326826850E+00
3.986595637691E+09 3.235922169261E+00 -9.101242581021E+00 2.642959280121E+01 6.703320562590E+00
3.988381397484E+09 3.237336606262E+00 -9.101236279183E+00 2.642960015005E+01 6.703314314881E+00
3.990161845059E+09 3.238746856110E+00 -9.101229974450E+00 2.642960750568E+01 6.703308066271E+00
3.991940780983E+09 3.240155929100E+00 -9.101223652378E+00 2.642961488525E+01 6.703301802629E+00
3.993698926699E+09 3.241548554615E+00 -9.101217381537E+00 2.642962220807E+01 6.703295591509E+00
3.995426050273E+09 3.242916627141E+00 -9.101211196023E+00 2.642962943802E+01 6.703289468826E+00
3.997128589434E+09 3.244265245204E+00 -9.101205075405E+00 2.642963659510E+01 6.703283412110E+00
3.998813216950E+09 3.245599693811E+00 -9.101198994736E+00 2.642964370941E+01 6.703277397203E+00
4.000485987234E+09 3.246924768441E+00 -9.101192931800E+00 2.642965080762E+01 6.703271402534E+00
4.002152840642E+09 3.248245174496E+00 -9.101186864883E+00 2.642965791378E+01 6.703265405829E+00
4.003819922214E+09 3.249565779779E+00 -9.101180770851E+00 2.642966505601E+01 6.703259384826E+00
4.005494136944E+09 3.250892054399E+00 -9.101174623774E+00 2.642967226345E+01 6.703253313166E+00
4.007183511146E+09 3.252230357077E+00 -9.101168393179E+00 2.642967957177E+01 6.703247160732E+00
4.008898057321E+09 3.253588620377E+00 -9.101162041646E+00 2.642968702305E+01 6.703240889511E+00
4.010650992780E+09 3.254977316251E+00 -9.101155515941E+00 2.642969468336E+01 6.703234449046E+00
4.012461163908E+09 3.256411376835E+00 -9.101148745712E+00 2.642970263098E+01 6.703227767402E+00
4.014320608188E+09 3.257884496118E+00 -9.101141758061E+00 2.642971083235E+01 6.703220870328E+00
4.016251657869E+09 3.259414368954E+00 -9.101134463626E+00 2.642971939615E+01 6.703213671810E+00
4.018289189690E+09 3.261028630126E+00 -9.101126728461E+00 2.642972847450E+01 6.703206036699E+00
4.020445600519E+09 3.262737106143E+00 -9.101118498958E+00 2.642973813056E+01 6.703197912207E+00
4.022667986067E+09 3.264497886421E+00 -9.101109972085E+00 2.642974813231E+01 6.703189492272E+00
4.024706987331E+09 3.266113403118E+00 -9.101102108999E+00 2.642975735218E+01 6.703181725904E+00
4.026607558995E+09 3.267619267356E+00 -9.101094746098E+00 2.642976598257E+01 6.703174451834E+00
4.028438858955E+09 3.269070270322E+00 -9.101087621270E+00 2.642977433075E+01 6.703167411142E+00
4.030232037596E+09 3.270491091545E+00 -9.101080617001E+00 2.642978253435E+01 6.703160487665E+00
4.032003984513E+09 3.271895112417E+00 -9.101073666500E+00 2.642979067539E+01 6.703153617574E+00
4.033764051402E+09 3.273289742305E+00 -9.101066736456E+00 2.642979878991E+01 6.703146766215E+00
4.035491807139E+09 3.274658791391E+00 -9.101059907424E+00 2.642980678430E+01 6.703140013652E+00
4.037194609424E+09 3.276008088819E+00 -9.101053151574E+00 2.642981469211E+01 6.703133332926E+00
4.038879490990E+09 3.277343206602E+00 -9.101046441704E+00 2.642982254554E+01 6.703126697348E+00
4.040551784751E+09 3.278668370111E+00 -9.101039757128E+00 2.642983036935E+01 6.703120086773E+00
4.042215554022E+09 3.279986798896E+00 -9.101033082610E+00 2.642983818039E+01 6.703113485562E+00
4.043874326893E+09 3.281301288574E+00 -9.101026401678E+00 2.642984600161E+01 6.703106879561E+00
4.045531289557E+09 3.282614363981E+00 -9.101019704531E+00 2.642985383988E+01 6.703100256404E+00
4.047189501856E+09 3.283928449986E+00 -9.101012976207E+00 2.642986171614E+01 6.703093603290E+00
4.048852326537E+09 3.285246211656E+00 -9.101006202609E+00 2.642986964751E+01 6.703086906629E+00
4.050523295336E+09 3.286570448148E+00 -9.100999370615E+00 2.642987764630E+01 6.703080151675E+00
4.052206681514E+09 3.287904546472E+00 -9.100992461224E+00 2.642988573650E+01 6.703073320662E+00
4.053907642446E+09 3.289252594543E+00 -9.100985452470E+00 2.642989394317E+01 6.703066391485E+00
4.055632856464E+09 3.290619885972E+00 -9.100978315888E+00 2.642990229954E+01 6.703059335947E+00
4.057391026747E+09 3.292013319538E+00 -9.100971014164E+00 2.642991084877E+01 6.703052116846E+00
4.059194389110E+09 3.293442594362E+00 -9.100963495647E+00 2.642991964986E+01 6.703044682261E+00
4.061061245286E+09 3.294922218037E+00 -9.100955679228E+00 2.642992880079E+01 6.703036953751E+00
4.063021905457E+09 3.296476217144E+00 -9.100947437126E+00 2.642993844684E+01 6.703028802471E+00
4.065064344642E+09 3.298095064891E+00 -9.100938815233E+00 2.642994853370E+01 6.703020273455E+00
4.067144923891E+09 3.299744175759E+00 -9.100929996681E+00 2.642995884553E+01 6.703011546943E+00
4.069289878407E+09 3.301444346951E+00 -9.100920866581E+00 2.642996951881E+01 6.703002510482E+00
4.071519934385E+09 3.303212010717E+00 -9.100911336984E+00 2.642998065153E+01 6.702993074230E+00
4.073549775686E+09 3.304821007214E+00 -9.100902631026E+00 2.642999081554E+01 6.702984449781E+00
4.075433595197E+09 3.306314285362E+00 -9.100894525435E+00 2.643000027332E+01 6.702976416998E+00
4.077235951512E+09 3.307743014866E+00 -9.100886748209E+00 2.643000934257E+01 6.702968706512E+00
4.078986384996E+09 3.309130609620E+00 -9.100879175394E+00 2.643001816789E+01 6.702961195463E+00
4.080700994323E+09 3.310489829515E+00 -9.100871739806E+00 2.643002682844E+01 6.702953817713E+00
4.082390195499E+09 3.311828930422E+00 -9.100864398042E+00 2.643003537529E+01 6.702946530499E+00
4.084061340680E+09 3.313153739883E+00 -9.100857119509E+00 2.643004384405E+01 6.702939303459E+00
4.085719875988E+09 3.314468574771E+00 -9.100849881709E+00 2.643005226115E+01 6.702932114386E+00
4.087370154446E+09 3.315776885658E+00 -9.100842666545E+00 2.643006064763E+01 6.702924945313E+00
4.089015633410E+09 3.317081413253E+00 -9.100835459612E+00 2.643006902101E+01 6.702917782370E+00
4.090659288843E+09 3.318384516790E+00 -9.100828248650E+00 2.643007739541E+01 6.702910613301E+00
4.092303744533E+09 3.319688276450E+00 -9.100821022624E+00 2.643008578374E+01 6.702903427195E+00
4.093951305154E+09 3.320994519537E+00 -9.100813771796E+00 2.643009419761E+01 6.702896214539E+00
4.095604269553E+09 3.322305068859E+00 -9.100806486538E+00 2.643010264821E+01 6.702888965773E+00
4.097264849530E+09 3.323621678328E+00 -9.100799157555E+00 2.643011114659E+01 6.702881671792E+00
4.098917390624E+09 3.324931936149E+00 -9.100791854282E+00 2.643011961261E+01 6.702874401929E+00
4.100559147409E+09 3.326233665199E+00 -9.100784589644E+00 2.643012803074E+01 6.702867168723E+00
4.102194973570E+09 3.327530713599E+00 -9.100777342886E+00 2.643013642516E+01 6.702859951588E+00
4.103830437124E+09 3.328827496133E+00 -9.100770090074E+00 2.643014482390E+01 6.702852726864E+00
4.105471342201E+09 3.330128615106E+00 -9.100762805993E+00 2.643015325523E+01 6.702845468896E+00
4.107125279576E+09 3.331440089841E+00 -9.100755457821E+00 2.643016175703E+01 6.702838144914E+00
4.108801171898E+09 3.332768996197E+00 -9.100748006573E+00 2.643017037389E+01 6.702830715768E+00
4.110510991463E+09 3.334124828818E+00 -9.100740399994E+00 2.643017916558E+01 6.702823128971E+00
4.112271755480E+09 3.335521083596E+00 -9.100732563379E+00 2.643018821784E+01 6.702815309663E+00
4.114110075737E+09 3.336978865992E+00 -9.100724379465E+00 2.643019766420E+01 6.702807139727E+00
4.115973794204E+09 3.338456817133E+00 -9.100716083177E+00 2.643020723164E+01 6.702798852614E+00
4.117876528844E+09 3.339965737694E+00 -9.100707613424E+00 2.643021699332E+01 6.702790388865E+00
4.119831064599E+09 3.341515768585E+00 -9.100698918793E+00 2.643022700264E+01 6.702781693718E+00
4.121856212755E+09 3.343121830871E+00 -9.100689916877E+00 2.643023735542E+01 6.702772685303E+00
4.123847873188E+09 3.344701367861E+00 -9.100681074402E+00 2.643024751291E+01 6.702763829546E+00
4.125686030956E+09 3.346159194176E+00 -9.100672924668E+00 2.643025686478E+01 6.702755661862E+00
4.127436355255E+09 3.347547385969E+00 -9.100665176423E+00 2.643026574689E+01 6.702747891312E+00
4.129135263219E+09 3.348894822849E+00 -9.100657668507E+00 2.643027434572E+01 6.702740357271E+00
4.130801545692E+09 3.350216406429E+00 -9.100650318996E+00 2.643028275386E+01 6.702732976827E+00
4.132446740674E+09 3.351521286748E+00 -9.100643076009E+00 2.643029103438E+01 6.702725700018E+00
4.134078871103E+09 3.352815826446E+00 -9.100635904820E+00 2.643029922784E+01 6.702718492459E+00
4.135704021086E+09 3.354104850749E+00 -9.100628781730E+00 2.643030735765E+01 6.702711328213E+00
4.137326778144E+09 3.355391998125E+00 -9.100621684039E+00 2.643031545544E+01 6.702704187758E+00
4.138950934565E+09 3.356680276490E+00 -9.100614598218E+00 2.643032353347E+01 6.702697055642E+00
4.140579788290E+09 3.357972301834E+00 -9.100607509810E+00 2.643033160949E+01 6.702689918050E+00
4.142216213834E+09 3.359270354438E+00 -9.100600407127E+00 2.643033969745E+01 6.702682763579E+00
4.143849116417E+09 3.360565633677E+00 -9.100593339547E+00 2.643034774014E+01 6.702675641398E+00
4.145464271749E+09 3.361846855844E+00 -9.100586366414E+00 2.643035567486E+01 6.702668614115E+00
4.147065915929E+09 3.363117380574E+00 -9.100579471654E+00 2.643036351548E+01 6.702661662959E+00
4.148659541905E+09 3.364381564752E+00 -9.100572630802E+00 2.643037129194E+01 6.702654764497E+00
4.150250342630E+09 3.365643527557E+00 -9.100565821814E+00 2.643037902964E+01 6.702647896701E+00
4.151843823808E+09 3.366907636542E+00 -9.100559021599E+00 2.643038675415E+01 6.702641035888E+00
4.153446416074E+09 3.368178993287E+00 -9.100552203419E+00 2.643039449631E+01 6.702634155350E+00
4.155065340256E+09 3.369463326583E+00 -9.100545337728E+00 2.643040228897E+01 6.702627224875E+00
4.156710038806E+09 3.370768128088E+00 -9.100538386049E+00 2.643041017594E+01 6.702620205691E+00
4.158392479823E+09 3.372102893693E+00 -9.100531299907E+00 2.643041821116E+01 6.702613048247E+00
4.160130145684E+09 3.373481494779E+00 -9.100524008963E+00 2.643042647394E+01 6.702605681238E+00
4.161937950897E+09 3.374915766399E+00 -9.100516455693E+00 2.643043502673E+01 6.702598044946E+00
4.163776637433E+09 3.376374564096E+00 -9.100508805773E+00 2.643044368527E+01 6.702590308808E+00
4.165664181435E+09 3.377872151538E+00 -9.100500990912E+00 2.643045252151E+01 6.702582400660E+00
4.167615284859E+09 3.379420195615E+00 -9.100492954479E+00 2.643046160027E+01 6.702574263659E+00
4.169652370983E+09 3.381036490546E+00 -9.100484611235E+00 2.643047101657E+01 6.702565810757E+00
4.171669697978E+09 3.382637138410E+00 -9.100476398334E+00 2.643048027550E+01 6.702557483973E+00
4.173538988117E+09 3.384120353386E+00 -9.100468834730E+00 2.643048879257E+01 6.702549809770E+00
4.175327045743E+09 3.385539137370E+00 -9.100461640600E+00 2.643049688872E+01 6.702542507628E+00
4.177070544430E+09 3.386922587390E+00 -9.100454668447E+00 2.643050472504E+01 6.702535424992E+00
4.178788421825E+09 3.388285728814E+00 -9.100447837524E+00 2.643051239936E+01 6.702528483928E+00
4.180492586366E+09 3.389638010162E+00 -9.100441102288E+00 2.643051995919E+01 6.702521636052E+00
4.182191277420E+09 3.390985969020E+00 -9.100434429175E+00 2.643052744394E+01 6.702514848235E+00
4.183890696399E+09 3.392334526169E+00 -9.100427794066E+00 2.643053488153E+01 6.702508096452E+00
4.185595819548E+09 3.393687630449E+00 -9.100421178060E+00 2.643054229350E+01 6.702501361672E+00
4.187310859291E+09 3.395048624792E+00 -9.100414566284E+00 2.643054969596E+01 6.702494628434E+00
4.189039374154E+09 3.396420333409E+00 -9.100407943549E+00 2.643055711059E+01 6.702487883980E+00
4.190771881291E+09 3.397795231122E+00 -9.100401349214E+00 2.643056448908E+01 6.702481165932E+00
4.192489478813E+09 3.399158317278E+00 -9.100394853913E+00 2.643057175463E+01 6.702474547540E+00
4.194196752200E+09 3.400513230333E+00 -9.100388439345E+00 2.643057892832E+01 6.702468010510E+00
4.195898871712E+09 3.401864073067E+00 -9.100382085350E+00 2.643058603293E+01 6.702461534436E+00
4.197601161591E+09 3.403215070712E+00 -9.100375771676E+00 2.643059309128E+01 6.702455098775E+00
4.199309313131E+09 3.404570740058E+00 -9.100369477266E+00 2.643060012701E+01 6.702448682128E+00
4.201029365275E+09 3.405935874070E+00 -9.100363180652E+00 2.643060716415E+01 6.702442262619E+00
4.202767880152E+09 3.407315681235E+00 -9.100356858502E+00 2.643061422903E+01 6.702435816615E+00
4.204533688498E+09 3.408717170900E+00 -9.100350480670E+00 2.643062135455E+01 6.702429312919E+00
4.206337683455E+09 3.410148989754E+00 -9.100344010332E+00 2.643062858225E+01 6.702422714215E+00
4.208194209758E+09 3.411622524584E+00 -9.100337399706E+00 2.643063596439E+01 6.702415971122E+00
4.210124824633E+09 3.413154887606E+00 -9.100330577296E+00 2.643064358105E+01 6.702409010856E+00
4.212151753973E+09 3.414763722917E+00 -9.100323472075E+00 2.643065150979E+01 6.702401759953E+00
4.214221948801E+09 3.416406926411E+00 -9.100316277567E+00 2.643065953276E+01 6.702394414797E+00
4.216359174780E+09 3.418103363875E+00 -9.100308914218E+00 2.643066774264E+01 6.702386896467E+00
4.218582040756E+09 3.419867809025E+00 -9.100301328411E+00 2.643067619444E+01 6.702379147461E+00
4.220920216175E+09 3.421723816488E+00 -9.100293428843E+00 2.643068498948E+01 6.702371074266E+00
4.223143745913E+09 3.423488851143E+00 -9.100285992946E+00 2.643069326291E+01 6.702363471822E+00
4.225232856634E+09 3.425147211585E+00 -9.100279074944E+00 2.643070095489E+01 6.702356395848E+00
4.227253201633E+09 3.426751010000E+00 -9.100272447838E+00 2.643070831991E+01 6.702349615377E+00
4.229237835363E+09 3.428326483670E+00 -9.100265999169E+00 2.643071548165E+01 6.702343014588E+00
4.231204477330E+09 3.429887697808E+00 -9.100259666274E+00 2.643072251444E+01 6.702336532088E+00
4.233164964674E+09 3.431444048661E+00 -9.100253413142E+00 2.643072945389E+01 6.702330128478E+00
4.235128143280E+09 3.433002558351E+00 -9.100247207534E+00 2.643073634185E+01 6.702323774261E+00
4.237100593607E+09 3.434568450909E+00 -9.100241031201E+00 2.643074319433E+01 6.702317448290E+00
4.239087701720E+09 3.436146002430E+00 -9.100234866815E+00 2.643075003328E+01 6.702311134391E+00
4.241094432527E+09 3.437739154891E+00 -9.100228699646E+00 2.643075687538E+01 6.702304817682E+00
4.243122635834E+09 3.439349377347E+00 -9.100222524794E+00 2.643076372604E+01 6.702298493128E+00
4.245135391893E+09 3.440947358518E+00 -9.100216454123E+00 2.643077046208E+01 6.702292275833E+00
4.247137267941E+09 3.442536723809E+00 -9.100210471757E+00 2.643077710184E+01 6.702286149961E+00
4.249134806477E+09 3.444122667110E+00 -9.100204556169E+00 2.643078366902E+01 6.702280093361E+00
4.251134508606E+09 3.445710349734E+00 -9.100198687130E+00 2.643079018661E+01 6.702274085626E+00
4.253142632990E+09 3.447304740783E+00 -9.100192845773E+00 2.643079667549E+01 6.702268107404E+00
4.255165998007E+09 3.448911254033E+00 -9.100187011998E+00 2.643080315863E+01 6.702262138491E+00
4.257212310874E+09 3.450536009293E+00 -9.100181164114E+00 2.643080965947E+01 6.702256156321E+00
4.259291083109E+09 3.452186559319E+00 -9.100175275986E+00 2.643081620761E+01 6.702250134458E+00
4.261413976761E+09 3.453872164843E+00 -9.100169316742E+00 2.643082283738E+01 6.702244041338E+00
4.263596674518E+09 3.455605279621E+00 -9.100163245334E+00 2.643082959383E+01 6.702237834631E+00
4.265861202299E+09 3.457403394904E+00 -9.100157005095E+00 2.643083654006E+01 6.702231456435E+00
4.268241826565E+09 3.459293722632E+00 -9.100150508539E+00 2.643084377348E+01 6.702224817339E+00
4.270723333600E+09 3.461264185973E+00 -9.100143805039E+00 2.643085123920E+01 6.702217967844E+00
4.273269100168E+09 3.463285706626E+00 -9.100136999470E+00 2.643085882010E+01 6.702211014934E+00
4.275907258857E+09 3.465380626469E+00 -9.100130022093E+00 2.643086659425E+01 6.702203887575E+00
4.278663730297E+09 3.467569532344E+00 -9.100122813190E+00 2.643087462598E+01 6.702196523490E+00
4.281422352084E+09 3.469760181976E+00 -9.100115677800E+00 2.643088258092E+01 6.702189237462E+00
4.283983672637E+09 3.471794184740E+00 -9.100109124474E+00 2.643088988715E+01 6.702182545909E+00
4.286441222942E+09 3.473745809906E+00 -9.100102899371E+00 2.643089682959E+01 6.702176190739E+00
4.288845306750E+09 3.475655002428E+00 -9.100096867778E+00 2.643090355860E+01 6.702170034506E+00
4.291221570246E+09 3.477542127508E+00 -9.100090960872E+00 2.643091015149E+01 6.702164007260E+00
4.293585931338E+09 3.479419825576E+00 -9.100085136125E+00 2.643091665598E+01 6.702158065754E+00
4.295949317187E+09 3.481296774198E+00 -9.100079365191E+00 2.643092310286E+01 6.702152180585E+00
4.298320014935E+09 3.483179554719E+00 -9.100073624530E+00 2.643092952213E+01 6.702146329881E+00
4.300704802810E+09 3.485073550459E+00 -9.100067896365E+00 2.643093593426E+01 6.702140495863E+00
4.303109454312E+09 3.486983347061E+00 -9.100062168235E+00 2.643094234816E+01 6.702134662937E+00
4.305538898041E+09 3.488912859365E+00 -9.100056424088E+00 2.643094878940E+01 6.702128819142E+00
4.307956458289E+09 3.490832958810E+00 -9.100050751142E+00 2.643095515581E+01 6.702123050689E+00
4.310355702258E+09 3.492738535618E+00 -9.100045160448E+00 2.643096143751E+01 6.702117370266E+00
4.312744651840E+09 3.494635960502E+00 -9.100039630338E+00 2.643096765796E+01 6.702111755357E+00
4.315131770658E+09 3.496531955358E+00 -9.100034138680E+00 2.643097384243E+01 6.702106183695E+00
4.317525363579E+09 3.498433116337E+00 -9.100028664918E+00 2.643098001361E+01 6.702100634168E+00
4.319934066117E+09 3.500346302575E+00 -9.100023184902E+00 2.643098620140E+01 6.702095083830E+00
4.322368184802E+09 3.502279700828E+00 -9.100017676438E+00 2.643099242763E+01 6.702089508342E+00
4.324839231105E+09 3.504242455373E+00 -9.100012112258E+00 2.643099872315E+01 6.702083880118E+00
4.327362341112E+09 3.506246590058E+00 -9.100006455697E+00 2.643100513316E+01 6.702078164222E+00
4.329957399970E+09 3.508307901700E+00 -9.100000661632E+00 2.643101170820E+01 6.702072314708E+00
4.332653423773E+09 3.510449441055E+00 -9.099994667941E+00 2.643101851527E+01 6.702066266845E+00
4.335496823715E+09 3.512708078035E+00 -9.099988368540E+00 2.643102568175E+01 6.702059917579E+00
4.338448034119E+09 3.515052388166E+00 -9.099981853565E+00 2.643103310183E+01 6.702053355868E+00
4.341504949571E+09 3.517480702697E+00 -9.099975126078E+00 2.643104077457E+01 6.702046586276E+00
4.344660709571E+09 3.519987575544E+00 -9.099968198171E+00 2.643104868806E+01 6.702039622061E+00
4.347816469571E+09 3.522494488338E+00 -9.099961284306E+00 2.643105659680E+01 6.702032678496E+00
4.350915440479E+09 3.524956327103E+00 -9.099954503516E+00 2.643106436538E+01 6.702025875563E+00
4.353823532382E+09 3.527266565532E+00 -9.099948143957E+00 2.643107166308E+01 6.702019502020E+00
4.356623970248E+09 3.529491313709E+00 -9.099942019107E+00 2.643107870257E+01 6.702013370143E+00
4.359362085613E+09 3.531666581450E+00 -9.099936025805E+00 2.643108560228E+01 6.702007376575E+00
4.362062034417E+09 3.533811557570E+00 -9.099930107478E+00 2.643109242745E+01 6.702001464804E+00
4.364738675843E+09 3.535938046010E+00 -9.099924228809E+00 2.643109921737E+01 6.701995598715E+00
4.367402338084E+09 3.538054251604E+00 -9.099918360463E+00 2.643110601126E+01 6.701989752132E+00
4.370060120420E+09 3.540165814325E+00 -9.099912485238E+00 2.643111282418E+01 6.701983905108E+00
4.372701383736E+09 3.542264281324E+00 -9.099906621598E+00 2.643111963726E+01 6.701978077482E+00
4.375298128259E+09 3.544327406110E+00 -9.099900828312E+00 2.643112638197E+01 6.701972327528E+00
4.377859031824E+09 3.546362082127E+00 -9.099895082775E+00 2.643113308490E+01 6.701966632960E+00
4.380393962884E+09 3.548376149193E+00 -9.099889359714E+00 2.643113977531E+01 6.701960968601E+00
4.382911418323E+09 3.550376357791E+00 -9.099883636629E+00 2.643114647908E+01 6.701955311940E+00
4.385419811299E+09 3.552369392254E+00 -9.099877891505E+00 2.643115322022E+01 6.701949640191E+00
4.387927811204E+09 3.554362140875E+00 -9.099872098828E+00 2.643116003220E+01 6.701943930201E+00
4.390444797343E+09 3.556362056410E+00 -9.099866233185E+00 2.643116694344E+01 6.701938156085E+00
4.392981516128E+09 3.558377678327E+00 -9.099860263249E+00 2.643117399282E+01 6.701932288135E+00
4.395551430480E+09 3.560419705121E+00 -9.099854152627E+00 2.643118122049E+01 6.701926288945E+00
4.398172462137E+09 3.562502378948E+00 -9.099847849708E+00 2.643118868991E+01 6.701920109250E+00
4.400869506289E+09 3.564645484110E+00 -9.099841283850E+00 2.643119648604E+01 6.701913680503E+00
4.403654114766E+09 3.566858203207E+00 -9.099834413448E+00 2.643120465978E+01 6.701906962843E+00
4.406557978178E+09 3.569165722800E+00 -9.099827142891E+00 2.643121332680E+01 6.701899863891E+00
4.409564533773E+09 3.571554886512E+00 -9.099819492980E+00 2.643122246505E+01 6.701892405545E+00
4.412639297060E+09 3.573998295479E+00 -9.099811530234E+00 2.643123199803E+01 6.701884654387E+00
4.415792844160E+09 3.576504358220E+00 -9.099803207713E+00 2.643124198255E+01 6.701876565058E+00
4.418848798033E+09 3.578932911790E+00 -9.099794977347E+00 2.643125188344E+01 6.701868580906E+00
4.421662620977E+09 3.581169086037E+00 -9.099787246152E+00 2.643126120368E+01 6.701861092477E+00
4.424341080767E+09 3.583297723128E+00 -9.099779739286E+00 2.643127027450E+01 6.701853833504E+00
4.426899627996E+09 3.585331097492E+00 -9.099772424387E+00 2.643127913378E+01 6.701846771979E+00
4.429363260451E+09 3.587289072179E+00 -9.099765238974E+00 2.643128785531E+01 6.701839846507E+00
4.431757903755E+09 3.589192249028E+00 -9.099758109248E+00 2.643129653237E+01 6.701832988097E+00
4.434099972106E+09 3.591053671716E+00 -9.099750990246E+00 2.643130521644E+01 6.701826151619E+00
4.436399803937E+09 3.592881555788E+00 -9.099743848496E+00 2.643131395036E+01 6.701819306092E+00
4.438664851277E+09 3.594681823184E+00 -9.099736658164E+00 2.643132276684E+01 6.701812427406E+00
4.440900621744E+09 3.596458850784E+00 -9.099729397625E+00 2.643133169302E+01 6.701805495230E+00
4.443111492402E+09 3.598216117159E+00 -9.099722048312E+00 2.643134075174E+01 6.701798491847E+00
4.445301222612E+09 3.599956610140E+00 -9.099714588800E+00 2.643134997511E+01 6.701791400139E+00
4.447473078884E+09 3.601682926037E+00 -9.099707001777E+00 2.643135938323E+01 6.701784202893E+00
4.449630334490E+09 3.603397666730E+00 -9.099699266852E+00 2.643136900345E+01 6.701776881964E+00
4.451776384110E+09 3.605103530821E+00 -9.099691361381E+00 2.643137886485E+01 6.701769416443E+00
4.453914968093E+09 3.606803491911E+00 -9.099683256247E+00 2.643138901174E+01 6.701761783470E+00
4.456050341402E+09 3.608500932955E+00 -9.099674922604E+00 2.643139947790E+01 6.701753954523E+00
4.458188038829E+09 3.610200254605E+00 -9.099666319313E+00 2.643141032115E+01 6.701745894519E+00
4.460334760610E+09 3.611906784420E+00 -9.099657396475E+00 2.643142160838E+01 6.701737559025E+00
4.462499911941E+09 3.613628000870E+00 -9.099648085661E+00 2.643143343289E+01 6.701728888023E+00
4.464696616446E+09 3.615374339341E+00 -9.099638291985E+00 2.643144592272E+01 6.701719797505E+00
4.466945899095E+09 3.617162518042E+00 -9.099627868593E+00 2.643145927606E+01 6.701710157481E+00
4.469284891475E+09 3.619022062429E+00 -9.099616563532E+00 2.643147383107E+01 6.701699743836E+00
4.471660727527E+09 3.620910948948E+00 -9.099604542841E+00 2.643148939322E+01 6.701688720670E+00
4.474025010607E+09 3.622790703561E+00 -9.099591982068E+00 2.643150575196E+01 6.701677258636E+00
4.476376754592E+09 3.624660544140E+00 -9.099578824278E+00 2.643152300021E+01 6.701665316647E+00
4.478377035230E+09 3.626250986546E+00 -9.099567049492E+00 2.643153853728E+01 6.701654688802E+00
4.480381645433E+09 3.627844915777E+00 -9.099554646212E+00 2.643155501256E+01 6.701643556747E+00
4.482218077954E+09 3.629305162552E+00 -9.099542691065E+00 2.643157100297E+01 6.701632890816E+00
4.483921018612E+09 3.630659299542E+00 -9.099531038809E+00 2.643158669724E+01 6.701622558224E+00
4.485517145264E+09 3.631928534428E+00 -9.099519565174E+00 2.643160226131E+01 6.701612447941E+00
4.487021765004E+09 3.633125034761E+00 -9.099508203359E+00 2.643161778665E+01 6.701602501598E+00
4.488444375141E+09 3.634256349102E+00 -9.099496916987E+00 2.643163332523E+01 6.701592688664E+00
4.489791288249E+09 3.635327494017E+00 -9.099485687518E+00 2.643164890581E+01 6.701582994887E+00
4.491066878884E+09 3.636341945258E+00 -9.099474507805E+00 2.643166454251E+01 6.701573416540E+00
4.492269350676E+09 3.637298271082E+00 -9.099463426484E+00 2.643168017047E+01 6.701563997121E+00
4.493399625718E+09 3.638197201636E+00 -9.099452474212E+00 2.643169574725E+01 6.701554763143E+00
4.494461640814E+09 3.639041864854E+00 -9.099441651658E+00 2.643171127605E+01 6.701545717586E+00
4.495458948042E+09 3.639835082951E+00 -9.099430963252E+00 2.643172675207E+01 6.701536865042E+00
4.496394713611E+09 3.640579371482E+00 -9.099420418566E+00 2.643174215869E+01 6.701528211853E+00
4.497271830012E+09 3.641277028501E+00 -9.099410022919E+00 2.643175749415E+01 6.701519765856E+00
4.498093030114E+09 3.641930225297E+00 -9.099399788812E+00 2.643177273704E+01 6.701511535492E+00
4.498860902027E+09 3.642541018199E+00 -9.099389726230E+00 2.643178787383E+01 6.701503529562E+00
4.499578016583E+09 3.643111449977E+00 -9.099379845178E+00 2.643180288903E+01 6.701495755778E+00
4.500246891399E+09 3.643643521240E+00 -9.099370155356E+00 2.643181776709E+01 6.701488221303E+00
4.500869996406E+09 3.644139194843E+00 -9.099360666234E+00 2.643183249166E+01 6.701480932443E+00
4.501449809942E+09 3.644600440495E+00 -9.099351385047E+00 2.643184704975E+01 6.701473893748E+00
4.501988803582E+09 3.645029222698E+00 -9.099342317638E+00 2.643186142944E+01 6.701467108044E+00
4.502489447421E+09 3.645427504944E+00 -9.099333467472E+00 2.643187562194E+01 6.701460576023E+00
4.502953770511E+09 3.645796900009E+00 -9.099324843751E+00 2.643188960869E+01 6.701454302263E+00
4.503380168795E+09 3.646136130381E+00 -9.099316526583E+00 2.643190325331E+01 6.701448341323E+00
4.503771299460E+09 3.646447308686E+00 -9.099308519855E+00 2.643191653916E+01 6.701442690030E+00
4.504129908962E+09 3.646732618751E+00 -9.099300820737E+00 2.643192946111E+01 6.701437340703E+00
4.504458771707E+09 3.646994266816E+00 -9.099293421407E+00 2.643194202144E+01 6.701432281629E+00
4.505037904403E+09 3.647455044601E+00 -9.099279471343E+00 2.643196610153E+01 6.701422975255E+00
4.505528607662E+09 3.647845476991E+00 -9.099266542486E+00 2.643198891719E+01 6.701414638720E+00
4.505947955732E+09 3.648179144600E+00 -9.099254481336E+00 2.643201066928E+01 6.701407132501E+00
4.506309963235E+09 3.648467195133E+00 -9.099243137575E+00 2.643203156334E+01 6.701400325080E+00
4.506625798540E+09 3.648718512702E+00 -9.099232363559E+00 2.643205182372E+01 6.701394100299E+00
4.507031549546E+09 3.649041387959E+00 -9.099216991306E+00 2.643208146794E+01 6.701385645573E+00
4.507374701607E+09 3.649314459757E+00 -9.099202217955E+00 2.643211081224E+01 6.701378015350E+00
4.507762028055E+09 3.649622696468E+00 -9.099182782404E+00 2.643215074167E+01 6.701368744196E+00
4.508076187517E+09 3.649872717498E+00 -9.099163831075E+00 2.643219117297E+01 6.701360570693E+00
4.508396799078E+09 3.650127885913E+00 -9.099139623513E+00 2.643224504355E+01 6.701351418927E+00
4.508734757418E+09 3.650396878563E+00 -9.099102927815E+00 2.643233173596E+01 6.701340459348E+00
4.509048560942E+09 3.650646675389E+00 -9.099014656721E+00 2.643256388811E+01 6.701327770433E+00
4.509082473534E+09 3.650673675566E+00 -9.098962027886E+00 2.643271219451E+01 6.701325933743E+00
4.509083140882E+09 3.650674206929E+00 -9.098959620057E+00 2.643271905492E+01 6.701325893273E+00
4.509083754938E+09 3.650674695863E+00 -9.098957249071E+00 2.643272581437E+01 6.701325855748E+00
4.509084324209E+09 3.650675149139E+00 -9.098954897238E+00 2.643273252297E+01 6.701325820697E+00
4.509084855555E+09 3.650675572220E+00 -9.098952548632E+00 2.643273922590E+01 6.701325787736E+00
4.509085354762E+09 3.650675969713E+00 -9.098950187298E+00 2.643274596850E+01 6.701325756537E+00
4.509085826820E+09 3.650676345590E+00 -9.098947796064E+00 2.643275279971E+01 6.701325726815E+00
4.509086275512E+09 3.650676702865E+00 -9.098945356263E+00 2.643275977287E+01 6.701325698351E+00
4.509086682472E+09 3.650677026911E+00 -9.098942984315E+00 2.643276655499E+01 6.701325672341E+00
4.509087049380E+09 3.650677319067E+00 -9.098940693013E+00 2.643277310911E+01 6.701325648723E+00
4.509087382777E+09 3.650677584541E+00 -9.098938469266E+00 2.643277947226E+01 6.701325627114E+00
4.509087688096E+09 3.650677827660E+00 -9.098936297138E+00 2.643278568976E+01 6.701325607192E+00
4.509087969651E+09 3.650678051855E+00 -9.098934162332E+00 2.643279180230E+01 6.701325588701E+00
4.509088230878E+09 3.650678259866E+00 -9.098932052472E+00 2.643279784516E+01 6.701325571436E+00
4.509088474606E+09 3.650678453943E+00 -9.098929957028E+00 2.643280384835E+01 6.701325555226E+00
4.509088703196E+09 3.650678635967E+00 -9.098927865934E+00 2.643280984059E+01 6.701325539928E+00
4.509088918688E+09 3.650678807562E+00 -9.098925767448E+00 2.643281585547E+01 6.701325525417E+00
4.509089122834E+09 3.650678970123E+00 -9.098923650361E+00 2.643282192507E+01 6.701325511586E+00
4.509089316610E+09 3.650679124426E+00 -9.098921509113E+00 2.643282806527E+01 6.701325498375E+00
4.509089499815E+09 3.650679270314E+00 -9.098919347678E+00 2.643283426469E+01 6.701325485807E+00
4.509089673684E+09 3.650679408767E+00 -9.098917158719E+00 2.643284054430E+01 6.701325473805E+00
4.509089839281E+09 3.650679540634E+00 -9.098914928843E+00 2.643284694255E+01 6.701325462302E+00
4.509089997499E+09 3.650679666626E+00 -9.098912647794E+00 2.643285348885E+01 6.701325451240E+00
4.509090149089E+09 3.650679787341E+00 -9.098910302604E+00 2.643286022043E+01 6.701325440572E+00
4.509090294687E+09 3.650679903284E+00 -9.098907879281E+00 2.643286717752E+01 6.701325430257E+00
4.509090434827E+09 3.650680014882E+00 -9.098905361961E+00 2.643287440570E+01 6.701325420260E+00
4.509090569958E+09 3.650680122492E+00 -9.098902732744E+00 2.643288195644E+01 6.701325410552E+00
4.509090700449E+09 3.650680226406E+00 -9.098899969757E+00 2.643288989266E+01 6.701325401107E+00
4.509090826590E+09 3.650680326858E+00 -9.098897047749E+00 2.643289828700E+01 6.701325391906E+00
4.509090928311E+09 3.650680407864E+00 -9.098894474182E+00 2.643290568143E+01 6.701325384431E+00
4.509091029312E+09 3.650680488296E+00 -9.098891686906E+00 2.643291369096E+01 6.701325376955E+00
4.509091121959E+09 3.650680562077E+00 -9.098888885452E+00 2.643292174227E+01 6.701325370046E+00
4.509091206816E+09 3.650680629654E+00 -9.098886068927E+00 2.643292983789E+01 6.701325363670E+00
4.509091285069E+09 3.650680691973E+00 -9.098883211930E+00 2.643293805077E+01 6.701325357746E+00
4.509091357601E+09 3.650680749736E+00 -9.098880290496E+00 2.643294644980E+01 6.701325352214E+00
4.509091425035E+09 3.650680803439E+00 -9.098877281618E+00 2.643295510111E+01 6.701325347032E+00
4.509091487831E+09 3.650680853449E+00 -9.098874162227E+00 2.643296407105E+01 6.701325342167E+00
4.509091546332E+09 3.650680900038E+00 -9.098870909640E+00 2.643297342488E+01 6.701325337598E+00
4.509091600795E+09 3.650680943413E+00 -9.098867496039E+00 2.643298324262E+01 6.701325333308E+00
4.509091643531E+09 3.650680977448E+00 -9.098864484592E+00 2.643299190442E+01 6.701325329915E+00
4.509091681038E+09 3.650681007319E+00 -9.098861534402E+00 2.643300039058E+01 6.701325326915E+00
4.509091714052E+09 3.650681033611E+00 -9.098858638695E+00 2.643300872052E+01 6.701325324254E+00
4.509091743192E+09 3.650681056819E+00 -9.098855790679E+00 2.643301691370E+01 6.701325321890E+00
4.509091768982E+09 3.650681077359E+00 -9.098852983976E+00 2.643302498842E+01 6.701325319782E+00
4.509091791862E+09 3.650681095581E+00 -9.098850213405E+00 2.643303295953E+01 6.701325317900E+00
4.509091812209E+09 3.650681111786E+00 -9.098847471441E+00 2.643304084864E+01 6.701325316215E+00
4.509091830258E+09 3.650681126162E+00 -9.098844767579E+00 2.643304862839E+01 6.701325314711E+00
4.509091846200E+09 3.650681138858E+00 -9.098842115970E+00 2.643305625804E+01 6.701325313373E+00
4.509091860346E+09 3.650681150125E+00 -9.098839503859E+00 2.643306377425E+01 6.701325312179E+00
4.509091872936E+09 3.650681160152E+00 -9.098836928315E+00 2.643307118543E+01 6.701325311110E+00
4.509091884170E+09 3.650681169100E+00 -9.098834383884E+00 2.643307850725E+01 6.701325310150E+00
4.509091894219E+09 3.650681177103E+00 -9.098831865275E+00 2.643308575491E+01 6.701325309286E+00
4.509091903229E+09 3.650681184280E+00 -9.098829368231E+00 2.643309294065E+01 6.701325308508E+00
4.509091911327E+09 3.650681190730E+00 -9.098826888453E+00 2.643310007682E+01 6.701325307803E+00
4.509091918622E+09 3.650681196540E+00 -9.098824419172E+00 2.643310718289E+01 6.701325307166E+00
4.509091925208E+09 3.650681201785E+00 -9.098821957354E+00 2.643311426759E+01 6.701325306587E+00
4.509091931036E+09 3.650681206427E+00 -9.098819552190E+00 2.643312118933E+01 6.701325306071E+00
4.509091936213E+09 3.650681210551E+00 -9.098817201295E+00 2.643312795497E+01 6.701325305611E+00
4.509091940837E+09 3.650681214234E+00 -9.098814892495E+00 2.643313459953E+01 6.701325305198E+00
4.509091944982E+09 3.650681217536E+00 -9.098812621881E+00 2.643314113425E+01 6.701325304826E+00
4.509091948711E+09 3.650681220506E+00 -9.098810385119E+00 2.643314757160E+01 6.701325304489E+00
4.509091952078E+09 3.650681223187E+00 -9.098808173785E+00 2.643315393581E+01 6.701325304184E+00
4.509091955128E+09 3.650681225617E+00 -9.098805984915E+00 2.643316023542E+01 6.701325303906E+00
4.509091958200E+09 3.650681228063E+00 -9.098803566002E+00 2.643316719714E+01 6.701325303625E+00
4.509091960972E+09 3.650681230271E+00 -9.098801158140E+00 2.643317412709E+01 6.701325303370E+00
4.509091963473E+09 3.650681232264E+00 -9.098798765790E+00 2.643318101244E+01 6.701325303138E+00
4.509091965739E+09 3.650681234069E+00 -9.098796380152E+00 2.643318787851E+01 6.701325302927E+00
4.509091967799E+09 3.650681235710E+00 -9.098793992648E+00 2.643319474998E+01 6.701325302735E+00
4.509091969680E+09 3.650681237208E+00 -9.098791594511E+00 2.643320165208E+01 6.701325302558E+00
4.509091971214E+09 3.650681238430E+00 -9.098789453029E+00 2.643320781552E+01 6.701325302413E+00
4.509091972596E+09 3.650681239530E+00 -9.098787353434E+00 2.643321385842E+01 6.701325302282E+00
4.509091973839E+09 3.650681240520E+00 -9.098785302497E+00 2.643321976130E+01 6.701325302164E+00
4.509091974964E+09 3.650681241417E+00 -9.098783290196E+00 2.643322555300E+01 6.701325302056E+00
4.509091976096E+09 3.650681242318E+00 -9.098781091227E+00 2.643323188196E+01 6.701325301947E+00
4.509091977120E+09 3.650681243134E+00 -9.098778922910E+00 2.643323812272E+01 6.701325301848E+00
4.509091978047E+09 3.650681243873E+00 -9.098776786037E+00 2.643324427299E+01 6.701325301758E+00
4.509091978891E+09 3.650681244545E+00 -9.098774672526E+00 2.643325035604E+01 6.701325301676E+00
4.509091979663E+09 3.650681245160E+00 -9.098772572706E+00 2.643325639968E+01 6.701325301601E+00
4.509091980373E+09 3.650681245726E+00 -9.098770479679E+00 2.643326242379E+01 6.701325301531E+00
4.509091981028E+09 3.650681246248E+00 -9.098768384008E+00 2.643326845552E+01 6.701325301466E+00
4.509091981635E+09 3.650681246731E+00 -9.098766279746E+00 2.643327451197E+01 6.701325301406E+00
4.509091982200E+09 3.650681247180E+00 -9.098764159001E+00 2.643328061588E+01 6.701325301350E+00
4.509091982725E+09 3.650681247599E+00 -9.098762012733E+00 2.643328679326E+01 6.701325301298E+00
4.509091983217E+09 3.650681247991E+00 -9.098759835873E+00 2.643329305869E+01 6.701325301248E+00
4.509091983678E+09 3.650681248358E+00 -9.098757618079E+00 2.643329944195E+01 6.701325301202E+00
4.509091984110E+09 3.650681248703E+00 -9.098755351058E+00 2.643330596690E+01 6.701325301158E+00
4.509091984518E+09 3.650681249027E+00 -9.098753025806E+00 2.643331265945E+01 6.701325301117E+00
4.509091984902E+09 3.650681249333E+00 -9.098750629717E+00 2.643331955589E+01 6.701325301078E+00
4.509091985214E+09 3.650681249582E+00 -9.098748507019E+00 2.643332566546E+01 6.701325301045E+00
4.509091985528E+09 3.650681249832E+00 -9.098746193999E+00 2.643333232283E+01 6.701325301013E+00
4.509091985813E+09 3.650681250059E+00 -9.098743908332E+00 2.643333890147E+01 6.701325300984E+00
4.509091986071E+09 3.650681250265E+00 -9.098741659440E+00 2.643334537427E+01 6.701325300957E+00
4.509091986305E+09 3.650681250451E+00 -9.098739447423E+00 2.643335174093E+01 6.701325300932E+00
4.509091986518E+09 3.650681250620E+00 -9.098737267045E+00 2.643335801654E+01 6.701325300910E+00
4.509091986713E+09 3.650681250776E+00 -9.098735105261E+00 2.643336423863E+01 6.701325300890E+00
4.509091986892E+09 3.650681250919E+00 -9.098732953318E+00 2.643337043240E+01 6.701325300871E+00
4.509091987059E+09 3.650681251051E+00 -9.098730803488E+00 2.643337662009E+01 6.701325300853E+00
4.509091987212E+09 3.650681251174E+00 -9.098728653748E+00 2.643338280752E+01 6.701325300837E+00
4.509091987355E+09 3.650681251287E+00 -9.098726505222E+00 2.643338899146E+01 6.701325300821E+00
4.509091987487E+09 3.650681251393E+00 -9.098724350694E+00 2.643339519267E+01 6.701325300807E+00
4.509091987610E+09 3.650681251491E+00 -9.098722189491E+00 2.643340141310E+01 6.701325300794E+00
4.509091987725E+09 3.650681251582E+00 -9.098720014424E+00 2.643340767344E+01 6.701325300781E+00
4.509091987833E+09 3.650681251668E+00 -9.098717822819E+00 2.643341398138E+01 6.701325300770E+00
4.509091987933E+09 3.650681251748E+00 -9.098715609123E+00 2.643342035290E+01 6.701325300759E+00
4.509091988028E+09 3.650681251823E+00 -9.098713368359E+00 2.643342680233E+01 6.701325300748E+00
4.509091988117E+09 3.650681251894E+00 -9.098711094693E+00 2.643343334646E+01 6.701325300739E+00
4.509091988200E+09 3.650681251961E+00 -9.098708781850E+00 2.643344000336E+01 6.701325300729E+00
4.509091988279E+09 3.650681252024E+00 -9.098706422333E+00 2.643344679459E+01 6.701325300721E+00
4.509091988354E+09 3.650681252083E+00 -9.098704006484E+00 2.643345374796E+01 6.701325300712E+00
4.509091988425E+09 3.650681252140E+00 -9.098701524680E+00 2.643346089117E+01 6.701325300704E+00
4.509091988493E+09 3.650681252194E+00 -9.098698963565E+00 2.643346826265E+01 6.701325300697E+00
4.509091988558E+09 3.650681252246E+00 -9.098696306350E+00 2.643347591073E+01 6.701325300689E+00
4.509091988620E+09 3.650681252295E+00 -9.098693530477E+00 2.643348390034E+01 6.701325300682E+00
4.509091988681E+09 3.650681252344E+00 -9.098690605356E+00 2.643349231952E+01 6.701325300675E+00
4.509091988740E+09 3.650681252390E+00 -9.098687483994E+00 2.643350130352E+01 6.701325300669E+00
4.509091988796E+09 3.650681252435E+00 -9.098684206246E+00 2.643351073765E+01 6.701325300662E+00
4.509091988845E+09 3.650681252474E+00 -9.098681136658E+00 2.643351957264E+01 6.701325300657E+00
4.509091988893E+09 3.650681252513E+00 -9.098677772555E+00 2.643352925531E+01 6.701325300651E+00
4.509091988933E+09 3.650681252544E+00 -9.098674801635E+00 2.643353780631E+01 6.701325300646E+00
4.509091988973E+09 3.650681252576E+00 -9.098671579398E+00 2.643354708066E+01 6.701325300642E+00
4.509091989008E+09 3.650681252605E+00 -9.098668426787E+00 2.643355615462E+01 6.701325300637E+00
4.509091989041E+09 3.650681252631E+00 -9.098665351498E+00 2.643356500602E+01 6.701325300633E+00
4.509091989071E+09 3.650681252654E+00 -9.098662345667E+00 2.643357365751E+01 6.701325300630E+00
4.509091989098E+09 3.650681252676E+00 -9.098659423018E+00 2.643358206958E+01 6.701325300627E+00
4.509091989123E+09 3.650681252696E+00 -9.098656569273E+00 2.643359028333E+01 6.701325300624E+00
4.509091989146E+09 3.650681252714E+00 -9.098653766669E+00 2.643359834988E+01 6.701325300621E+00
4.509091989167E+09 3.650681252731E+00 -9.098651006654E+00 2.643360629385E+01 6.701325300618E+00
4.509091989187E+09 3.650681252747E+00 -9.098648282550E+00 2.643361413446E+01 6.701325300616E+00
4.509091989206E+09 3.650681252762E+00 -9.098645587635E+00 2.643362189106E+01 6.701325300613E+00
4.509091989224E+09 3.650681252777E+00 -9.098642921074E+00 2.643362956605E+01 6.701325300611E+00
4.509091989241E+09 3.650681252790E+00 -9.098640279661E+00 2.643363716866E+01 6.701325300609E+00
4.509091989257E+09 3.650681252803E+00 -9.098637659070E+00 2.643364471134E+01 6.701325300607E+00
4.509091989273E+09 3.650681252815E+00 -9.098635057522E+00 2.643365219921E+01 6.701325300605E+00
4.509091989287E+09 3.650681252827E+00 -9.098632471688E+00 2.643365964184E+01 6.701325300603E+00
4.509091989302E+09 3.650681252838E+00 -9.098629900467E+00 2.643366704242E+01 6.701325300601E+00
4.509091989315E+09 3.650681252849E+00 -9.098627345416E+00 2.643367439646E+01 6.701325300600E+00
4.509091989328E+09 3.650681252859E+00 -9.098624834446E+00 2.643368162362E+01 6.701325300598E+00
4.509091989340E+09 3.650681252869E+00 -9.098622356563E+00 2.643368875555E+01 6.701325300597E+00
4.509091989352E+09 3.650681252879E+00 -9.098619900312E+00 2.643369582522E+01 6.701325300595E+00
4.509091989364E+09 3.650681252888E+00 -9.098617453718E+00 2.643370286710E+01 6.701325300594E+00
4.509091989375E+09 3.650681252897E+00 -9.098615005553E+00 2.643370991349E+01 6.701325300592E+00
4.509091989386E+09 3.650681252906E+00 -9.098612538265E+00 2.643371701493E+01 6.701325300591E+00
4.509091989397E+09 3.650681252914E+00 -9.098610063716E+00 2.643372413727E+01 6.701325300589E+00
4.509091989407E+09 3.650681252922E+00 -9.098607593790E+00 2.643373124629E+01 6.701325300588E+00
4.509091989418E+09 3.650681252931E+00 -9.098605122835E+00 2.643373835828E+01 6.701325300587E+00
4.509091989428E+09 3.650681252939E+00 -9.098602641089E+00 2.643374550134E+01 6.701325300585E+00
4.509091989438E+09 3.650681252947E+00 -9.098600140339E+00 2.643375269908E+01 6.701325300584E+00
4.509091989447E+09 3.650681252954E+00 -9.098597605118E+00 2.643375999605E+01 6.701325300583E+00
4.509091989457E+09 3.650681252962E+00 -9.098595018526E+00 2.643376744087E+01 6.701325300581E+00
4.509091989467E+09 3.650681252970E+00 -9.098592346747E+00 2.643377513088E+01 6.701325300580E+00
4.509091989477E+09 3.650681252978E+00 -9.098589689881E+00 2.643378277797E+01 6.701325300579E+00
4.509091989486E+09 3.650681252986E+00 -9.098587106112E+00 2.643379021466E+01 6.701325300577E+00
4.509091989495E+09 3.650681252993E+00 -9.098584618365E+00 2.643379737498E+01 6.701325300576E+00
4.509091989504E+09 3.650681252999E+00 -9.098582189544E+00 2.643380436570E+01 6.701325300575E+00
4.509091989512E+09 3.650681253006E+00 -9.098579793699E+00 2.643381126151E+01 6.701325300574E+00
4.509091989520E+09 3.650681253013E+00 -9.098577409547E+00 2.643381812366E+01 6.701325300573E+00
4.509091989528E+09 3.650681253019E+00 -9.098575053567E+00 2.643382490473E+01 6.701325300572E+00
4.509091989536E+09 3.650681253025E+00 -9.098572780250E+00 2.643383144787E+01 6.701325300571E+00
4.509091989543E+09 3.650681253031E+00 -9.098570593737E+00 2.643383774117E+01 6.701325300570E+00
4.509091989550E+09 3.650681253036E+00 -9.098568471458E+00 2.643384384959E+01 6.701325300569E+00
4.509091989557E+09 3.650681253042E+00 -9.098566398120E+00 2.643384981714E+01 6.701325300568E+00
4.509091989563E+09 3.650681253047E+00 -9.098564363471E+00 2.643385567335E+01 6.701325300567E+00
4.509091989570E+09 3.650681253052E+00 -9.098562359947E+00 2.643386143996E+01 6.701325300566E+00
4.509091989576E+09 3.650681253057E+00 -9.098560379651E+00 2.643386713972E+01 6.701325300565E+00
4.509091989582E+09 3.650681253062E+00 -9.098558418421E+00 2.643387278460E+01 6.701325300564E+00
4.509091989588E+09 3.650681253067E+00 -9.098556471064E+00 2.643387838956E+01 6.701325300563E+00
4.509091989594E+09 3.650681253072E+00 -9.098554536798E+00 2.643388395683E+01 6.701325300562E+00
4.509091989600E+09 3.650681253076E+00 -9.098552609031E+00 2.643388950540E+01 6.701325300562E+00
4.509091989606E+09 3.650681253081E+00 -9.098550686684E+00 2.643389503837E+01 6.701325300561E+00
4.509091989612E+09 3.650681253086E+00 -9.098548766019E+00 2.643390056649E+01 6.701325300560E+00
4.509091989618E+09 3.650681253090E+00 -9.098546845388E+00 2.643390609452E+01 6.701325300559E+00
4.509091989623E+09 3.650681253095E+00 -9.098544921746E+00 2.643391163122E+01 6.701325300558E+00
4.509091989629E+09 3.650681253099E+00 -9.098542990752E+00 2.643391718907E+01 6.701325300558E+00
4.509091989635E+09 3.650681253104E+00 -9.098541051559E+00 2.643392277053E+01 6.701325300557E+00
4.509091989641E+09 3.650681253108E+00 -9.098539098153E+00 2.643392839289E+01 6.701325300556E+00
4.509091989646E+09 3.650681253113E+00 -9.098537127626E+00 2.643393406453E+01 6.701325300555E+00
4.509091989652E+09 3.650681253117E+00 -9.098535135382E+00 2.643393979868E+01 6.701325300554E+00
4.509091989658E+09 3.650681253122E+00 -9.098533115400E+00 2.643394561267E+01 6.701325300553E+00
4.509091989663E+09 3.650681253127E+00 -9.098531063432E+00 2.643395151871E+01 6.701325300553E+00
4.509091989669E+09 3.650681253131E+00 -9.098528972451E+00 2.643395753705E+01 6.701325300552E+00
4.509091989675E+09 3.650681253136E+00 -9.098526880445E+00 2.643396355834E+01 6.701325300551E+00
4.509091989681E+09 3.650681253140E+00 -9.098524804502E+00 2.643396953339E+01 6.701325300550E+00
4.509091989686E+09 3.650681253145E+00 -9.098522738880E+00 2.643397547874E+01 6.701325300549E+00
4.509091989692E+09 3.650681253149E+00 -9.098520678719E+00 2.643398140837E+01 6.701325300548E+00
4.509091989697E+09 3.650681253154E+00 -9.098518620010E+00 2.643398733382E+01 6.701325300548E+00
4.509091989703E+09 3.650681253158E+00 -9.098516556781E+00 2.643399327228E+01 6.701325300547E+00
4.509091989708E+09 3.650681253162E+00 -9.098514482994E+00 2.643399924113E+01 6.701325300546E+00
4.509091989714E+09 3.650681253167E+00 -9.098512393718E+00 2.643400525456E+01 6.701325300545E+00
4.509091989719E+09 3.650681253171E+00 -9.098510281888E+00 2.643401133290E+01 6.701325300544E+00
4.509091989725E+09 3.650681253175E+00 -9.098508136713E+00 2.643401750722E+01 6.701325300543E+00
4.509091989730E+09 3.650681253180E+00 -9.098505948561E+00 2.643402380524E+01 6.701325300543E+00
4.509091989736E+09 3.650681253184E+00 -9.098503700668E+00 2.643403027521E+01 6.701325300542E+00
4.509091989742E+09 3.650681253189E+00 -9.098501364832E+00 2.643403699829E+01 6.701325300541E+00
4.509091989747E+09 3.650681253193E+00 -9.098499083783E+00 2.643404356369E+01 6.701325300540E+00
4.509091989753E+09 3.650681253198E+00 -9.098496849089E+00 2.643404999567E+01 6.701325300539E+00
4.509091989758E+09 3.650681253202E+00 -9.098494658835E+00 2.643405629974E+01 6.701325300538E+00
4.509091989763E+09 3.650681253206E+00 -9.098492531409E+00 2.643406242297E+01 6.701325300538E+00
4.509091989768E+09 3.650681253210E+00 -9.098490469632E+00 2.643406835725E+01 6.701325300537E+00
4.509091989773E+09 3.650681253214E+00 -9.098488455730E+00 2.643407415374E+01 6.701325300536E+00
4.509091989777E+09 3.650681253217E+00 -9.098486474929E+00 2.643407985495E+01 6.701325300535E+00
4.509091989782E+09 3.650681253221E+00 -9.098484520986E+00 2.643408547886E+01 6.701325300535E+00
4.509091989786E+09 3.650681253225E+00 -9.098482586153E+00 2.643409104776E+01 6.701325300534E+00
4.509091989791E+09 3.650681253228E+00 -9.098480664426E+00 2.643409657895E+01 6.701325300533E+00
4.509091989795E+09 3.650681253232E+00 -9.098478751759E+00 2.643410208405E+01 6.701325300533E+00
4.509091989800E+09 3.650681253235E+00 -9.098476842891E+00 2.643410757823E+01 6.701325300532E+00
4.509091989804E+09 3.650681253239E+00 -9.098474932812E+00 2.643411307589E+01 6.701325300531E+00
4.509091989809E+09 3.650681253242E+00 -9.098473019844E+00 2.643411858186E+01 6.701325300531E+00
4.509091989813E+09 3.650681253246E+00 -9.098471099226E+00 2.643412410985E+01 6.701325300530E+00
4.509091989817E+09 3.650681253249E+00 -9.098469168823E+00 2.643412966601E+01 6.701325300529E+00
4.509091989822E+09 3.650681253253E+00 -9.098467243158E+00 2.643413520852E+01 6.701325300528E+00
4.509091989826E+09 3.650681253256E+00 -9.098465318959E+00 2.643414074682E+01 6.701325300528E+00
4.509091989831E+09 3.650681253260E+00 -9.098463395551E+00 2.643414628284E+01 6.701325300527E+00
4.509091989835E+09 3.650681253263E+00 -9.098461472575E+00 2.643415181762E+01 6.701325300526E+00
4.509091989839E+09 3.650681253267E+00 -9.098459547101E+00 2.643415735959E+01 6.701325300526E+00
4.509091989844E+09 3.650681253270E+00 -9.098457619819E+00 2.643416290676E+01 6.701325300525E+00
4.509091989848E+09 3.650681253274E+00 -9.098455687879E+00 2.643416846734E+01 6.701325300524E+00
4.509091989852E+09 3.650681253277E+00 -9.098453752384E+00 2.643417403816E+01 6.701325300524E+00
4.509091989856E+09 3.650681253280E+00 -9.098451811139E+00 2.643417962552E+01 6.701325300523E+00
4.509091989861E+09 3.650681253284E+00 -9.098449863948E+00 2.643418522999E+01 6.701325300522E+00
4.509091989865E+09 3.650681253287E+00 -9.098447908504E+00 2.643419085822E+01 6.701325300522E+00
4.509091989869E+09 3.650681253291E+00 -9.098445944397E+00 2.643419651138E+01 6.701325300521E+00
4.509091989873E+09 3.650681253294E+00 -9.098443970422E+00 2.643420219295E+01 6.701325300520E+00
4.509091989878E+09 3.650681253297E+00 -9.098441983922E+00 2.643420791057E+01 6.701325300519E+00
4.509091989882E+09 3.650681253301E+00 -9.098439981848E+00 2.643421367301E+01 6.701325300519E+00
4.509091989886E+09 3.650681253304E+00 -9.098437960667E+00 2.643421949045E+01 6.701325300518E+00
4.509091989890E+09 3.650681253308E+00 -9.098435913496E+00 2.643422538269E+01 6.701325300517E+00
4.509091989895E+09 3.650681253311E+00 -9.098433832072E+00 2.643423137352E+01 6.701325300517E+00
4.509091989899E+09 3.650681253315E+00 -9.098431705137E+00 2.643423749534E+01 6.701325300516E+00
4.509091989904E+09 3.650681253318E+00 -9.098429511530E+00 2.643424380905E+01 6.701325300515E+00
4.509091989908E+09 3.650681253322E+00 -9.098427219262E+00 2.643425040674E+01 6.701325300514E+00
4.509091989913E+09 3.650681253325E+00 -9.098424974088E+00 2.643425686888E+01 6.701325300514E+00
4.509091989917E+09 3.650681253329E+00 -9.098422766743E+00 2.643426322214E+01 6.701325300513E+00
4.509091989922E+09 3.650681253333E+00 -9.098420594874E+00 2.643426947330E+01 6.701325300512E+00
4.509091989926E+09 3.650681253336E+00 -9.098418452912E+00 2.643427563837E+01 6.701325300511E+00
4.509091989930E+09 3.650681253339E+00 -9.098416336515E+00 2.643428172986E+01 6.701325300511E+00
4.509091989934E+09 3.650681253343E+00 -9.098414243468E+00 2.643428775414E+01 6.701325300510E+00
4.509091989938E+09 3.650681253346E+00 -9.098412171382E+00 2.643429371809E+01 6.701325300509E+00
4.509091989943E+09 3.650681253349E+00 -9.098410117056E+00 2.643429963093E+01 6.701325300509E+00
4.509091989946E+09 3.650681253352E+00 -9.098408077933E+00 2.643430550001E+01 6.701325300508E+00
4.509091989950E+09 3.650681253355E+00 -9.098406050772E+00 2.643431133465E+01 6.701325300507E+00
4.509091989954E+09 3.650681253359E+00 -9.098404031690E+00 2.643431714605E+01 6.701325300507E+00
4.509091989958E+09 3.650681253362E+00 -9.098402019287E+00 2.643432293822E+01 6.701325300506E+00
4.509091989962E+09 3.650681253365E+00 -9.098400010080E+00 2.643432872119E+01 6.701325300505E+00
4.509091989966E+09 3.650681253368E+00 -9.098398001968E+00 2.643433450101E+01 6.701325300505E+00
4.509091989970E+09 3.650681253371E+00 -9.098395992536E+00 2.643434028463E+01 6.701325300504E+00
4.509091989974E+09 3.650681253374E+00 -9.098393978534E+00 2.643434608141E+01 6.701325300503E+00
4.509091989978E+09 3.650681253377E+00 -9.098391958851E+00 2.643435189453E+01 6.701325300503E+00
4.509091989981E+09 3.650681253380E+00 -9.098389932228E+00 2.643435772763E+01 6.701325300502E+00
4.509091989985E+09 3.650681253383E+00 -9.098387897487E+00 2.643436358409E+01 6.701325300501E+00
4.509091989989E+09 3.650681253386E+00 -9.098385850737E+00 2.643436947512E+01 6.701325300501E+00
4.509091989993E+09 3.650681253389E+00 -9.098383793546E+00 2.643437539620E+01 6.701325300500E+00
4.509091989997E+09 3.650681253392E+00 -9.098381725017E+00 2.643438134992E+01 6.701325300499E+00
4.509091990000E+09 3.650681253395E+00 -9.098379642271E+00 2.643438734456E+01 6.701325300499E+00
4.509091990004E+09 3.650681253398E+00 -9.098377546340E+00 2.643439337714E+01 6.701325300498E+00
4.509091990008E+09 3.650681253401E+00 -9.098375436780E+00 2.643439944895E+01 6.701325300497E+00
4.509091990012E+09 3.650681253404E+00 -9.098373311578E+00 2.643440556578E+01 6.701325300497E+00
4.509091990016E+09 3.650681253407E+00 -9.098371170689E+00 2.643441172777E+01 6.701325300496E+00
4.509091990019E+09 3.650681253410E+00 -9.098369014566E+00 2.643441793360E+01 6.701325300495E+00
4.509091990023E+09 3.650681253413E+00 -9.098366840475E+00 2.643442419115E+01 6.701325300495E+00
4.509091990027E+09 3.650681253416E+00 -9.098364646791E+00 2.643443050509E+01 6.701325300494E+00
4.509091990031E+09 3.650681253419E+00 -9.098362432363E+00 2.643443687873E+01 6.701325300493E+00
4.509091990034E+09 3.650681253422E+00 -9.098360194271E+00 2.643444332049E+01 6.701325300493E+00
4.509091990038E+09 3.650681253425E+00 -9.098357928756E+00 2.643444984118E+01 6.701325300492E+00
4.509091990042E+09 3.650681253428E+00 -9.098355632532E+00 2.643445645025E+01 6.701325300491E+00
4.509091990046E+09 3.650681253431E+00 -9.098353298329E+00 2.643446316864E+01 6.701325300490E+00
4.509091990050E+09 3.650681253434E+00 -9.098350922192E+00 2.643447000772E+01 6.701325300490E+00
4.509091990053E+09 3.650681253438E+00 -9.098348551462E+00 2.643447683124E+01 6.701325300489E+00
4.509091990057E+09 3.650681253440E+00 -9.098346199369E+00 2.643448360112E+01 6.701325300488E+00
4.509091990061E+09 3.650681253443E+00 -9.098343862189E+00 2.643449032808E+01 6.701325300488E+00
4.509091990064E+09 3.650681253446E+00 -9.098341537733E+00 2.643449701841E+01 6.701325300487E+00
4.509091990068E+09 3.650681253449E+00 -9.098339224202E+00 2.643450367730E+01 6.701325300486E+00
4.509091990072E+09 3.650681253452E+00 -9.098336920790E+00 2.643451030706E+01 6.701325300486E+00
4.509091990075E+09 3.650681253455E+00 -9.098334624504E+00 2.643451691632E+01 6.701325300485E+00
4.509091990078E+09 3.650681253457E+00 -9.098332334387E+00 2.643452350781E+01 6.701325300484E+00
4.509091990082E+09 3.650681253460E+00 -9.098330050552E+00 2.643453008123E+01 6.701325300484E+00
4.509091990085E+09 3.650681253463E+00 -9.098327769901E+00 2.643453664548E+01 6.701325300483E+00
4.509091990089E+09 3.650681253466E+00 -9.098325494770E+00 2.643454319385E+01 6.701325300483E+00
4.509091990092E+09 3.650681253468E+00 -9.098323222071E+00 2.643454973521E+01 6.701325300482E+00
4.509091990095E+09 3.650681253471E+00 -9.098320954511E+00 2.643455626179E+01 6.701325300481E+00
4.509091990099E+09 3.650681253473E+00 -9.098318732510E+00 2.643456265723E+01 6.701325300481E+00
4.509091990102E+09 3.650681253476E+00 -9.098316551684E+00 2.643456893416E+01 6.701325300480E+00
4.509091990105E+09 3.650681253478E+00 -9.098314407326E+00 2.643457510613E+01 6.701325300480E+00
4.509091990108E+09 3.650681253481E+00 -9.098312290029E+00 2.643458120021E+01 6.701325300479E+00
4.509091990111E+09 3.650681253483E+00 -9.098310196655E+00 2.643458722544E+01 6.701325300478E+00
4.509091990114E+09 3.650681253486E+00 -9.098308120790E+00 2.643459320026E+01 6.701325300478E+00
4.509091990117E+09 3.650681253488E+00 -9.098306057308E+00 2.643459913945E+01 6.701325300477E+00
4.509091990120E+09 3.650681253490E+00 -9.098303997625E+00 2.643460506771E+01 6.701325300477E+00
4.509091990123E+09 3.650681253493E+00 -9.098301938393E+00 2.643461099466E+01 6.701325300476E+00
4.509091990126E+09 3.650681253495E+00 -9.098299870512E+00 2.643461694651E+01 6.701325300476E+00
4.509091990128E+09 3.650681253497E+00 -9.098297787917E+00 2.643462294071E+01 6.701325300475E+00
4.509091990131E+09 3.650681253500E+00 -9.098295683075E+00 2.643462899895E+01 6.701325300474E+00
4.509091990134E+09 3.650681253502E+00 -9.098293544523E+00 2.643463515420E+01 6.701325300474E+00
4.509091990137E+09 3.650681253505E+00 -9.098291383876E+00 2.643464137306E+01 6.701325300473E+00
4.509091990140E+09 3.650681253507E+00 -9.098289235435E+00 2.643464755678E+01 6.701325300473E+00
4.509091990143E+09 3.650681253509E+00 -9.098287098914E+00 2.643465370619E+01 6.701325300472E+00
4.509091990146E+09 3.650681253512E+00 -9.098284973609E+00 2.643465982332E+01 6.701325300472E+00
4.509091990149E+09 3.650681253514E+00 -9.098282858162E+00 2.643466591207E+01 6.701325300471E+00
4.509091990152E+09 3.650681253516E+00 -9.098280751681E+00 2.643467197502E+01 6.701325300470E+00
4.509091990155E+09 3.650681253519E+00 -9.098278653698E+00 2.643467801352E+01 6.701325300470E+00
4.509091990158E+09 3.650681253521E+00 -9.098276560620E+00 2.643468403789E+01 6.701325300469E+00
4.509091990161E+09 3.650681253523E+00 -9.098274471897E+00 2.643469004973E+01 6.701325300469E+00
4.509091990164E+09 3.650681253525E+00 -9.098272387134E+00 2.643469605016E+01 6.701325300468E+00
4.509091990166E+09 3.650681253528E+00 -9.098270301811E+00 2.643470205222E+01 6.701325300468E+00
4.509091990169E+09 3.650681253530E+00 -9.098268215512E+00 2.643470805708E+01 6.701325300467E+00
4.509091990172E+09 3.650681253532E+00 -9.098266127784E+00 2.643471406605E+01 6.701325300466E+00
4.509091990175E+09 3.650681253534E+00 -9.098264037473E+00 2.643472008246E+01 6.701325300466E+00
4.509091990178E+09 3.650681253537E+00 -9.098261945735E+00 2.643472610298E+01 6.701325300465E+00
4.509091990180E+09 3.650681253539E+00 -9.098259853633E+00 2.643473212454E+01 6.701325300465E+00
4.509091990183E+09 3.650681253541E+00 -9.098257762998E+00 2.643473814188E+01 6.701325300464E+00
4.509091990186E+09 3.650681253543E+00 -9.098255680689E+00 2.643474413526E+01 6.701325300464E+00
4.509091990189E+09 3.650681253545E+00 -9.098253607664E+00 2.643475010191E+01 6.701325300463E+00
4.509091990191E+09 3.650681253547E+00 -9.098251550618E+00 2.643475602258E+01 6.701325300463E+00
4.509091990194E+09 3.650681253550E+00 -9.098249512113E+00 2.643476188988E+01 6.701325300462E+00
4.509091990197E+09 3.650681253552E+00 -9.098247494307E+00 2.643476769760E+01 6.701325300462E+00
4.509091990199E+09 3.650681253554E+00 -9.098245498113E+00 2.643477344312E+01 6.701325300461E+00
4.509091990202E+09 3.650681253556E+00 -9.098243523795E+00 2.643477912567E+01 6.701325300460E+00
4.509091990204E+09 3.650681253558E+00 -9.098241569930E+00 2.643478474936E+01 6.701325300460E+00
4.509091990207E+09 3.650681253560E+00 -9.098239635354E+00 2.643479031752E+01 6.701325300459E+00
4.509091990209E+09 3.650681253562E+00 -9.098237717509E+00 2.643479583753E+01 6.701325300459E+00
4.509091990212E+09 3.650681253564E+00 -9.098235815177E+00 2.643480131290E+01 6.701325300458E+00
4.509091990214E+09 3.650681253566E+00 -9.098233923098E+00 2.643480675874E+01 6.701325300458E+00
4.509091990217E+09 3.650681253568E+00 -9.098232042039E+00 2.643481217288E+01 6.701325300457E+00
4.509091990219E+09 3.650681253570E+00 -9.098230167238E+00 2.643481756900E+01 6.701325300457E+00
4.509091990221E+09 3.650681253571E+00 -9.098228294493E+00 2.643482295920E+01 6.701325300456E+00
4.509091990224E+09 3.650681253573E+00 -9.098226423917E+00 2.643482834316E+01 6.701325300456E+00
4.509091990226E+09 3.650681253575E+00 -9.098224548530E+00 2.643483374097E+01 6.701325300455E+00
4.509091990229E+09 3.650681253577E+00 -9.098222666627E+00 2.643483915753E+01 6.701325300455E+00
4.509091990231E+09 3.650681253579E+00 -9.098220772686E+00 2.643484460874E+01 6.701325300455E+00
4.509091990233E+09 3.650681253581E+00 -9.098218861802E+00 2.643485010871E+01 6.701325300454E+00
4.509091990236E+09 3.650681253583E+00 -9.098216929352E+00 2.643485567076E+01 6.701325300453E+00
4.509091990238E+09 3.650681253585E+00 -9.098214969693E+00 2.643486131112E+01 6.701325300453E+00
4.509091990241E+09 3.650681253587E+00 -9.098212975812E+00 2.643486704998E+01 6.701325300452E+00
4.509091990243E+09 3.650681253589E+00 -9.098210940503E+00 2.643487290808E+01 6.701325300452E+00
4.509091990246E+09 3.650681253591E+00 -9.098208855954E+00 2.643487890790E+01 6.701325300451E+00
4.509091990248E+09 3.650681253593E+00 -9.098206711749E+00 2.643488507943E+01 6.701325300451E+00
4.509091990251E+09 3.650681253595E+00 -9.098204566985E+00 2.643489125257E+01 6.701325300450E+00
4.509091990254E+09 3.650681253597E+00 -9.098202440183E+00 2.643489737401E+01 6.701325300450E+00
4.509091990256E+09 3.650681253599E+00 -9.098200331783E+00 2.643490344248E+01 6.701325300449E+00
4.509091990259E+09 3.650681253601E+00 -9.098198239567E+00 2.643490946437E+01 6.701325300449E+00
4.509091990261E+09 3.650681253603E+00 -9.098196161991E+00 2.643491544413E+01 6.701325300448E+00
4.509091990264E+09 3.650681253605E+00 -9.098194099558E+00 2.643492138030E+01 6.701325300448E+00
4.509091990266E+09 3.650681253607E+00 -9.098192049859E+00 2.643492727982E+01 6.701325300447E+00
4.509091990269E+09 3.650681253609E+00 -9.098190011830E+00 2.643493314575E+01 6.701325300447E+00
4.509091990271E+09 3.650681253611E+00 -9.098187983451E+00 2.643493898390E+01 6.701325300446E+00
4.509091990274E+09 3.650681253613E+00 -9.098185964201E+00 2.643494479578E+01 6.701325300445E+00
4.509091990276E+09 3.650681253615E+00 -9.098183950046E+00 2.643495059299E+01 6.701325300445E+00
4.509091990278E+09 3.650681253617E+00 -9.098181943104E+00 2.643495636944E+01 6.701325300444E+00
4.509091990281E+09 3.650681253619E+00 -9.098179938874E+00 2.643496213809E+01 6.701325300444E+00
4.509091990283E+09 3.650681253621E+00 -9.098177939203E+00 2.643496789361E+01 6.701325300443E+00
4.509091990286E+09 3.650681253623E+00 -9.098175942743E+00 2.643497363990E+01 6.701325300443E+00
4.509091990288E+09 3.650681253625E+00 -9.098173949160E+00 2.643497937790E+01 6.701325300442E+00
4.509091990290E+09 3.650681253626E+00 -9.098171959511E+00 2.643498510458E+01 6.701325300442E+00
4.509091990293E+09 3.650681253628E+00 -9.098169971352E+00 2.643499082697E+01 6.701325300441E+00
4.509091990295E+09 3.650681253630E+00 -9.098167988551E+00 2.643499653394E+01 6.701325300441E+00
4.509091990298E+09 3.650681253632E+00 -9.098166007787E+00 2.643500223505E+01 6.701325300440E+00
4.509091990300E+09 3.650681253634E+00 -9.098164031916E+00 2.643500792207E+01 6.701325300440E+00
4.509091990302E+09 3.650681253636E+00 -9.098162060814E+00 2.643501359537E+01 6.701325300439E+00
4.509091990305E+09 3.650681253638E+00 -9.098160091755E+00 2.643501926278E+01 6.701325300439E+00
4.509091990307E+09 3.650681253640E+00 -9.098158127706E+00 2.643502491578E+01 6.701325300438E+00
4.509091990309E+09 3.650681253642E+00 -9.098156165387E+00 2.643503056380E+01 6.701325300438E+00
4.509091990312E+09 3.650681253643E+00 -9.098154206115E+00 2.643503620305E+01 6.701325300437E+00
4.509091990314E+09 3.650681253645E+00 -9.098152249681E+00 2.643504183413E+01 6.701325300437E+00
4.509091990316E+09 3.650681253647E+00 -9.098150293359E+00 2.643504746488E+01 6.701325300436E+00
4.509091990319E+09 3.650681253649E+00 -9.098148337787E+00 2.643505309348E+01 6.701325300436E+00
4.509091990321E+09 3.650681253651E+00 -9.098146381494E+00 2.643505872415E+01 6.701325300435E+00
4.509091990324E+09 3.650681253653E+00 -9.098144426907E+00 2.643506434992E+01 6.701325300435E+00
4.509091990326E+09 3.650681253655E+00 -9.098142470183E+00 2.643506998183E+01 6.701325300434E+00
4.509091990328E+09 3.650681253657E+00 -9.098140514786E+00 2.643507560993E+01 6.701325300433E+00
4.509091990331E+09 3.650681253659E+00 -9.098138558084E+00 2.643508124178E+01 6.701325300433E+00
4.509091990333E+09 3.650681253661E+00 -9.098136601061E+00 2.643508687455E+01 6.701325300432E+00
4.509091990336E+09 3.650681253663E+00 -9.098134644052E+00 2.643509250728E+01 6.701325300432E+00
4.509091990338E+09 3.650681253664E+00 -9.098132687345E+00 2.643509813915E+01 6.701325300431E+00
4.509091990340E+09 3.650681253666E+00 -9.098130731347E+00 2.643510376897E+01 6.701325300431E+00
4.509091990343E+09 3.650681253668E+00 -9.098128776734E+00 2.643510939481E+01 6.701325300430E+00
4.509091990345E+09 3.650681253670E+00 -9.098126823952E+00 2.643511501538E+01 6.701325300430E+00
4.509091990348E+09 3.650681253672E+00 -9.098124872784E+00 2.643512063130E+01 6.701325300429E+00
4.509091990350E+09 3.650681253674E+00 -9.098122925708E+00 2.643512623544E+01 6.701325300429E+00
4.509091990352E+09 3.650681253676E+00 -9.098120982482E+00 2.643513182851E+01 6.701325300428E+00
4.509091990355E+09 3.650681253678E+00 -9.098119044221E+00 2.643513740728E+01 6.701325300428E+00
4.509091990357E+09 3.650681253680E+00 -9.098117110668E+00 2.643514297250E+01 6.701325300427E+00
4.509091990359E+09 3.650681253682E+00 -9.098115183275E+00 2.643514852000E+01 6.701325300426E+00
4.509091990362E+09 3.650681253683E+00 -9.098113261748E+00 2.643515405060E+01 6.701325300426E+00
4.509091990364E+09 3.650681253685E+00 -9.098111346981E+00 2.643515956176E+01 6.701325300425E+00
4.509091990366E+09 3.650681253687E+00 -9.098109439383E+00 2.643516505227E+01 6.701325300425E+00
4.509091990369E+09 3.650681253689E+00 -9.098107539287E+00 2.643517052120E+01 6.701325300424E+00
4.509091990371E+09 3.650681253691E+00 -9.098105645768E+00 2.643517597119E+01 6.701325300424E+00
4.509091990373E+09 3.650681253693E+00 -9.098103761209E+00 2.643518139540E+01 6.701325300423E+00
4.509091990375E+09 3.650681253694E+00 -9.098101885264E+00 2.643518679481E+01 6.701325300423E+00
4.509091990378E+09 3.650681253696E+00 -9.098100015151E+00 2.643519217744E+01 6.701325300422E+00
4.509091990380E+09 3.650681253698E+00 -9.098098154193E+00 2.643519753372E+01 6.701325300422E+00
4.509091990382E+09 3.650681253700E+00 -9.098096298439E+00 2.643520287501E+01 6.701325300421E+00
4.509091990384E+09 3.650681253701E+00 -9.098094449802E+00 2.643520819583E+01 6.701325300421E+00
4.509091990387E+09 3.650681253703E+00 -9.098092607056E+00 2.643521349969E+01 6.701325300420E+00
4.509091990389E+09 3.650681253705E+00 -9.098090768021E+00 2.643521879286E+01 6.701325300420E+00
4.509091990391E+09 3.650681253707E+00 -9.098088933352E+00 2.643522407347E+01 6.701325300419E+00
4.509091990393E+09 3.650681253708E+00 -9.098087100255E+00 2.643522934956E+01 6.701325300419E+00
4.509091990395E+09 3.650681253710E+00 -9.098085266347E+00 2.643523462798E+01 6.701325300418E+00
4.509091990397E+09 3.650681253712E+00 -9.098083430254E+00 2.643523991269E+01 6.701325300418E+00
4.509091990400E+09 3.650681253714E+00 -9.098081590870E+00 2.643524520687E+01 6.701325300417E+00
4.509091990402E+09 3.650681253715E+00 -9.098079742180E+00 2.643525052783E+01 6.701325300417E+00
4.509091990404E+09 3.650681253717E+00 -9.098077884241E+00 2.643525587542E+01 6.701325300416E+00
4.509091990406E+09 3.650681253719E+00 -9.098076010636E+00 2.643526126810E+01 6.701325300416E+00
4.509091990408E+09 3.650681253720E+00 -9.098074119286E+00 2.643526671185E+01 6.701325300415E+00
4.509091990410E+09 3.650681253722E+00 -9.098072203122E+00 2.643527222703E+01 6.701325300415E+00
4.509091990413E+09 3.650681253724E+00 -9.098070259639E+00 2.643527782083E+01 6.701325300414E+00
4.509091990415E+09 3.650681253726E+00 -9.098068279342E+00 2.643528352059E+01 6.701325300413E+00
4.509091990417E+09 3.650681253728E+00 -9.098066258737E+00 2.643528933637E+01 6.701325300413E+00
4.509091990419E+09 3.650681253729E+00 -9.098064188132E+00 2.643529529606E+01 6.701325300412E+00
4.509091990422E+09 3.650681253731E+00 -9.098062061552E+00 2.643530141686E+01 6.701325300412E+00
4.509091990424E+09 3.650681253733E+00 -9.098059951420E+00 2.643530749032E+01 6.701325300411E+00
4.509091990427E+09 3.650681253735E+00 -9.098057863117E+00 2.643531350095E+01 6.701325300411E+00
4.509091990429E+09 3.650681253737E+00 -9.098055794110E+00 2.643531945604E+01 6.701325300410E+00
4.509091990431E+09 3.650681253739E+00 -9.098053744592E+00 2.643532535503E+01 6.701325300410E+00
4.509091990433E+09 3.650681253741E+00 -9.098051712255E+00 2.643533120458E+01 6.701325300409E+00
4.509091990436E+09 3.650681253742E+00 -9.098049697150E+00 2.643533700453E+01 6.701325300409E+00
4.509091990438E+09 3.650681253744E+00 -9.098047695554E+00 2.643534276559E+01 6.701325300408E+00
4.509091990440E+09 3.650681253746E+00 -9.098045708408E+00 2.643534848507E+01 6.701325300407E+00
4.509091990442E+09 3.650681253747E+00 -9.098043732784E+00 2.643535417138E+01 6.701325300407E+00
4.509091990444E+09 3.650681253749E+00 -9.098041768606E+00 2.643535982475E+01 6.701325300406E+00
4.509091990446E+09 3.650681253751E+00 -9.098039814604E+00 2.643536544883E+01 6.701325300406E+00
4.509091990448E+09 3.650681253752E+00 -9.098037869711E+00 2.643537104669E+01 6.701325300405E+00
4.509091990450E+09 3.650681253754E+00 -9.098035932578E+00 2.643537662222E+01 6.701325300405E+00
4.509091990452E+09 3.650681253756E+00 -9.098034004569E+00 2.643538217148E+01 6.701325300404E+00
4.509091990454E+09 3.650681253757E+00 -9.098032082823E+00 2.643538770272E+01 6.701325300404E+00
4.509091990456E+09 3.650681253759E+00 -9.098030167009E+00 2.643539321689E+01 6.701325300403E+00
4.509091990458E+09 3.650681253761E+00 -9.098028259433E+00 2.643539870734E+01 6.701325300403E+00
4.509091990461E+09 3.650681253762E+00 -9.098026357458E+00 2.643540418167E+01 6.701325300402E+00
4.509091990463E+09 3.650681253764E+00 -9.098024460497E+00 2.643540964157E+01 6.701325300402E+00
4.509091990465E+09 3.650681253765E+00 -9.098022571492E+00 2.643541507858E+01 6.701325300401E+00
4.509091990466E+09 3.650681253767E+00 -9.098020686894E+00 2.643542050290E+01 6.701325300401E+00
4.509091990468E+09 3.650681253769E+00 -9.098018806568E+00 2.643542591492E+01 6.701325300400E+00
4.509091990470E+09 3.650681253770E+00 -9.098016931987E+00 2.643543131041E+01 6.701325300400E+00
4.509091990472E+09 3.650681253772E+00 -9.098015060455E+00 2.643543669712E+01 6.701325300399E+00
4.509091990474E+09 3.650681253773E+00 -9.098013192408E+00 2.643544207380E+01 6.701325300399E+00
4.509091990476E+09 3.650681253775E+00 -9.098011327105E+00 2.643544744258E+01 6.701325300398E+00
4.509091990478E+09 3.650681253776E+00 -9.098009463432E+00 2.643545280667E+01 6.701325300398E+00
4.509091990480E+09 3.650681253778E+00 -9.098007601259E+00 2.643545816644E+01 6.701325300397E+00
4.509091990482E+09 3.650681253780E+00 -9.098005738354E+00 2.643546352832E+01 6.701325300397E+00
4.509091990484E+09 3.650681253781E+00 -9.098003876064E+00 2.643546888843E+01 6.701325300396E+00
4.509091990486E+09 3.650681253783E+00 -9.098002012292E+00 2.643547425281E+01 6.701325300396E+00
4.509091990488E+09 3.650681253784E+00 -9.098000146953E+00 2.643547962170E+01 6.701325300395E+00
4.509091990490E+09 3.650681253786E+00 -9.097998279018E+00 2.643548499806E+01 6.701325300395E+00
4.509091990492E+09 3.650681253788E+00 -9.097996409011E+00 2.643549038037E+01 6.701325300394E+00
4.509091990494E+09 3.650681253789E+00 -9.097994536852E+00 2.643549576889E+01 6.701325300394E+00
4.509091990496E+09 3.650681253791E+00 -9.097992660043E+00 2.643550117079E+01 6.701325300393E+00
4.509091990498E+09 3.650681253792E+00 -9.097990780083E+00 2.643550658176E+01 6.701325300393E+00
4.509091990500E+09 3.650681253794E+00 -9.097988895670E+00 2.643551200555E+01 6.701325300392E+00
4.509091990502E+09 3.650681253796E+00 -9.097987007884E+00 2.643551743904E+01 6.701325300392E+00
4.509091990504E+09 3.650681253797E+00 -9.097985115705E+00 2.643552288518E+01 6.701325300391E+00
4.509091990506E+09 3.650681253799E+00 -9.097983219320E+00 2.643552834342E+01 6.701325300391E+00
4.509091990509E+09 3.650681253801E+00 -9.097981319168E+00 2.643553381251E+01 6.701325300390E+00
4.509091990511E+09 3.650681253802E+00 -9.097979413916E+00 2.643553929627E+01 6.701325300390E+00
4.509091990513E+09 3.650681253804E+00 -9.097977504873E+00 2.643554479095E+01 6.701325300389E+00
4.509091990515E+09 3.650681253805E+00 -9.097975593057E+00 2.643555029361E+01 6.701325300389E+00
4.509091990517E+09 3.650681253807E+00 -9.097973675724E+00 2.643555581214E+01 6.701325300388E+00
4.509091990519E+09 3.650681253809E+00 -9.097971756302E+00 2.643556133670E+01 6.701325300388E+00
4.509091990521E+09 3.650681253811E+00 -9.097969833843E+00 2.643556686999E+01 6.701325300387E+00
4.509091990523E+09 3.650681253812E+00 -9.097967907487E+00 2.643557241449E+01 6.701325300387E+00
4.509091990525E+09 3.650681253814E+00 -9.097965980753E+00 2.643557796009E+01 6.701325300386E+00
4.509091990527E+09 3.650681253816E+00 -9.097964050653E+00 2.643558351537E+01 6.701325300385E+00
4.509091990530E+09 3.650681253817E+00 -9.097962120824E+00 2.643558906988E+01 6.701325300385E+00
4.509091990532E+09 3.650681253819E+00 -9.097960190154E+00 2.643559462680E+01 6.701325300384E+00
4.509091990534E+09 3.650681253821E+00 -9.097958259939E+00 2.643560018241E+01 6.701325300384E+00
4.509091990536E+09 3.650681253822E+00 -9.097956329135E+00 2.643560573972E+01 6.701325300383E+00
4.509091990538E+09 3.650681253824E+00 -9.097954401201E+00 2.643561128877E+01 6.701325300383E+00
4.509091990540E+09 3.650681253826E+00 -9.097952474750E+00 2.643561683355E+01 6.701325300382E+00
4.509091990542E+09 3.650681253827E+00 -9.097950551484E+00 2.643562236917E+01 6.701325300382E+00
4.509091990544E+09 3.650681253829E+00 -9.097948630516E+00 2.643562789817E+01 6.701325300381E+00
4.509091990546E+09 3.650681253831E+00 -9.097946714341E+00 2.643563341337E+01 6.701325300381E+00
4.509091990549E+09 3.650681253832E+00 -9.097944802135E+00 2.643563891715E+01 6.701325300380E+00
4.509091990551E+09 3.650681253834E+00 -9.097942894930E+00 2.643564440654E+01 6.701325300379E+00
4.509091990553E+09 3.650681253836E+00 -9.097940992631E+00 2.643564988180E+01 6.701325300379E+00
4.509091990555E+09 3.650681253837E+00 -9.097939096526E+00 2.643565533924E+01 6.701325300378E+00
4.509091990557E+09 3.650681253839E+00 -9.097937206690E+00 2.643566077864E+01 6.701325300378E+00
4.509091990559E+09 3.650681253841E+00 -9.097935322731E+00 2.643566620112E+01 6.701325300377E+00
4.509091990561E+09 3.650681253842E+00 -9.097933446843E+00 2.643567160036E+01 6.701325300377E+00
4.509091990563E+09 3.650681253844E+00 -9.097931576914E+00 2.643567698246E+01 6.701325300376E+00
4.509091990565E+09 3.650681253846E+00 -9.097929713790E+00 2.643568234497E+01 6.701325300376E+00
4.509091990567E+09 3.650681253847E+00 -9.097927857412E+00 2.643568768807E+01 6.701325300375E+00
4.509091990569E+09 3.650681253849E+00 -9.097926007370E+00 2.643569301292E+01 6.701325300375E+00
4.509091990571E+09 3.650681253850E+00 -9.097924163935E+00 2.643569831877E+01 6.701325300374E+00
4.509091990573E+09 3.650681253852E+00 -9.097922326989E+00 2.643570360593E+01 6.701325300374E+00
4.509091990575E+09 3.650681253853E+00 -9.097920494084E+00 2.643570888146E+01 6.701325300373E+00
4.509091990577E+09 3.650681253855E+00 -9.097918667558E+00 2.643571413864E+01 6.701325300372E+00
4.509091990579E+09 3.650681253857E+00 -9.097916843529E+00 2.643571938862E+01 6.701325300372E+00
4.509091990581E+09 3.650681253858E+00 -9.097915022913E+00 2.643572462878E+01 6.701325300371E+00
4.509091990583E+09 3.650681253860E+00 -9.097913202807E+00 2.643572986748E+01 6.701325300371E+00
4.509091990585E+09 3.650681253861E+00 -9.097911383173E+00 2.643573510481E+01 6.701325300370E+00
4.509091990586E+09 3.650681253863E+00 -9.097909560066E+00 2.643574035215E+01 6.701325300370E+00
4.509091990588E+09 3.650681253864E+00 -9.097907734323E+00 2.643574560707E+01 6.701325300369E+00
4.509091990590E+09 3.650681253866E+00 -9.097905900778E+00 2.643575088444E+01 6.701325300369E+00
4.509091990592E+09 3.650681253867E+00 -9.097904057354E+00 2.643575619025E+01 6.701325300368E+00
4.509091990594E+09 3.650681253869E+00 -9.097902200938E+00 2.643576153346E+01 6.701325300368E+00
4.509091990596E+09 3.650681253870E+00 -9.097900326837E+00 2.643576692756E+01 6.701325300367E+00
4.509091990598E+09 3.650681253872E+00 -9.097898432528E+00 2.643577237983E+01 6.701325300367E+00
4.509091990600E+09 3.650681253874E+00 -9.097896511074E+00 2.643577791023E+01 6.701325300366E+00
4.509091990602E+09 3.650681253875E+00 -9.097894559894E+00 2.643578352619E+01 6.701325300366E+00
4.509091990604E+09 3.650681253877E+00 -9.097892571622E+00 2.643578924890E+01 6.701325300365E+00
4.509091990606E+09 3.650681253878E+00 -9.097890539202E+00 2.643579509869E+01 6.701325300364E+00
4.509091990608E+09 3.650681253880E+00 -9.097888457219E+00 2.643580109112E+01 6.701325300364E+00
4.509091990610E+09 3.650681253882E+00 -9.097886315582E+00 2.643580725526E+01 6.701325300363E+00
4.509091990613E+09 3.650681253884E+00 -9.097884164294E+00 2.643581344717E+01 6.701325300363E+00
4.509091990615E+09 3.650681253885E+00 -9.097882039331E+00 2.643581956332E+01 6.701325300362E+00
4.509091990617E+09 3.650681253887E+00 -9.097879938974E+00 2.643582560864E+01 6.701325300362E+00
4.509091990619E+09 3.650681253889E+00 -9.097877859394E+00 2.643583159417E+01 6.701325300361E+00
4.509091990621E+09 3.650681253890E+00 -9.097875801856E+00 2.643583751625E+01 6.701325300360E+00
4.509091990623E+09 3.650681253892E+00 -9.097873765104E+00 2.643584337850E+01 6.701325300360E+00
4.509091990625E+09 3.650681253894E+00 -9.097871746788E+00 2.643584918769E+01 6.701325300359E+00
4.509091990627E+09 3.650681253895E+00 -9.097869746730E+00 2.643585494433E+01 6.701325300359E+00
4.509091990629E+09 3.650681253897E+00 -9.097867762231E+00 2.643586065619E+01 6.701325300358E+00
4.509091990631E+09 3.650681253898E+00 -9.097865794393E+00 2.643586632009E+01 6.701325300358E+00
4.509091990633E+09 3.650681253900E+00 -9.097863842397E+00 2.643587193840E+01 6.701325300357E+00
4.509091990635E+09 3.650681253901E+00 -9.097861904282E+00 2.643587751675E+01 6.701325300357E+00
4.509091990637E+09 3.650681253903E+00 -9.097859979518E+00 2.643588305667E+01 6.701325300356E+00
4.509091990638E+09 3.650681253904E+00 -9.097858069588E+00 2.643588855390E+01 6.701325300356E+00
4.509091990640E+09 3.650681253906E+00 -9.097856171554E+00 2.643589401689E+01 6.701325300355E+00
4.509091990642E+09 3.650681253907E+00 -9.097854287288E+00 2.643589944026E+01 6.701325300355E+00
4.509091990644E+09 3.650681253909E+00 -9.097852415556E+00 2.643590482754E+01 6.701325300354E+00
4.509091990646E+09 3.650681253910E+00 -9.097850555596E+00 2.643591018094E+01 6.701325300353E+00
4.509091990648E+09 3.650681253912E+00 -9.097848710077E+00 2.643591549279E+01 6.701325300353E+00
4.509091990649E+09 3.650681253913E+00 -9.097846875041E+00 2.643592077445E+01 6.701325300352E+00
4.509091990651E+09 3.650681253914E+00 -9.097845053160E+00 2.643592601826E+01 6.701325300352E+00
4.509091990653E+09 3.650681253916E+00 -9.097843242228E+00 2.643593123055E+01 6.701325300351E+00
4.509091990655E+09 3.650681253917E+00 -9.097841443073E+00 2.643593640894E+01 6.701325300351E+00
4.509091990657E+09 3.650681253919E+00 -9.097839653718E+00 2.643594155912E+01 6.701325300350E+00
4.509091990658E+09 3.650681253920E+00 -9.097837874283E+00 2.643594668076E+01 6.701325300350E+00
4.509091990660E+09 3.650681253921E+00 -9.097836103983E+00 2.643595177610E+01 6.701325300349E+00
4.509091990662E+09 3.650681253923E+00 -9.097834341006E+00 2.643595685036E+01 6.701325300349E+00
4.509091990664E+09 3.650681253924E+00 -9.097832586074E+00 2.643596190147E+01 6.701325300348E+00
4.509091990665E+09 3.650681253926E+00 -9.097830837292E+00 2.643596693488E+01 6.701325300348E+00
4.509091990667E+09 3.650681253927E+00 -9.097829093238E+00 2.643597195468E+01 6.701325300347E+00
4.509091990669E+09 3.650681253928E+00 -9.097827355142E+00 2.643597695733E+01 6.701325300347E+00
4.509091990671E+09 3.650681253930E+00 -9.097825621269E+00 2.643598194783E+01 6.701325300346E+00
4.509091990672E+09 3.650681253931E+00 -9.097823891490E+00 2.643598692654E+01 6.701325300346E+00
4.509091990674E+09 3.650681253933E+00 -9.097822163857E+00 2.643599189907E+01 6.701325300345E+00
4.509091990676E+09 3.650681253934E+00 -9.097820439070E+00 2.643599686342E+01 6.701325300345E+00
4.509091990678E+09 3.650681253935E+00 -9.097818717392E+00 2.643600181882E+01 6.701325300344E+00
4.509091990679E+09 3.650681253937E+00 -9.097816995465E+00 2.643600677493E+01 6.701325300344E+00
4.509091990681E+09 3.650681253938E+00 -9.097815275758E+00 2.643601172465E+01 6.701325300343E+00
4.509091990683E+09 3.650681253940E+00 -9.097813556821E+00 2.643601667216E+01 6.701325300343E+00
4.509091990685E+09 3.650681253941E+00 -9.097811838812E+00 2.643602161699E+01 6.701325300342E+00
4.509091990686E+09 3.650681253942E+00 -9.097810121548E+00 2.643602655968E+01 6.701325300342E+00
4.509091990688E+09 3.650681253944E+00 -9.097808405474E+00 2.643603149895E+01 6.701325300341E+00
4.509091990690E+09 3.650681253945E+00 -9.097806688496E+00 2.643603644082E+01 6.701325300341E+00
4.509091990692E+09 3.650681253947E+00 -9.097804971779E+00 2.643604138193E+01 6.701325300340E+00
4.509091990693E+09 3.650681253948E+00 -9.097803257067E+00 2.643604631728E+01 6.701325300340E+00
4.509091990695E+09 3.650681253949E+00 -9.097801541367E+00 2.643605125547E+01 6.701325300339E+00
4.509091990697E+09 3.650681253951E+00 -9.097799826202E+00 2.643605619212E+01 6.701325300339E+00
4.509091990699E+09 3.650681253952E+00 -9.097798113278E+00 2.643606112232E+01 6.701325300338E+00
4.509091990700E+09 3.650681253954E+00 -9.097796399376E+00 2.643606605533E+01 6.701325300338E+00
4.509091990702E+09 3.650681253955E+00 -9.097794687542E+00 2.643607098239E+01 6.701325300337E+00
4.509091990704E+09 3.650681253956E+00 -9.097792976931E+00 2.643607590594E+01 6.701325300337E+00
4.509091990706E+09 3.650681253958E+00 -9.097791268012E+00 2.643608082461E+01 6.701325300336E+00
4.509091990707E+09 3.650681253959E+00 -9.097789561574E+00 2.643608573614E+01 6.701325300336E+00
4.509091990709E+09 3.650681253961E+00 -9.097787857068E+00 2.643609064211E+01 6.701325300335E+00
4.509091990711E+09 3.650681253962E+00 -9.097786153679E+00 2.643609554487E+01 6.701325300335E+00
4.509091990713E+09 3.650681253963E+00 -9.097784454395E+00 2.643610043581E+01 6.701325300334E+00
4.509091990714E+09 3.650681253965E+00 -9.097782757864E+00 2.643610531883E+01 6.701325300334E+00
4.509091990716E+09 3.650681253966E+00 -9.097781064354E+00 2.643611019315E+01 6.701325300333E+00
4.509091990718E+09 3.650681253968E+00 -9.097779373476E+00 2.643611505989E+01 6.701325300333E+00
4.509091990720E+09 3.650681253969E+00 -9.097777686441E+00 2.643611991558E+01 6.701325300332E+00
4.509091990721E+09 3.650681253970E+00 -9.097776003905E+00 2.643612475831E+01 6.701325300332E+00
4.509091990723E+09 3.650681253972E+00 -9.097774325916E+00 2.643612958796E+01 6.701325300331E+00
4.509091990725E+09 3.650681253973E+00 -9.097772651345E+00 2.643613440777E+01 6.701325300331E+00
4.509091990727E+09 3.650681253974E+00 -9.097770981693E+00 2.643613921343E+01 6.701325300330E+00
4.509091990728E+09 3.650681253976E+00 -9.097769317490E+00 2.643614400340E+01 6.701325300330E+00
4.509091990730E+09 3.650681253977E+00 -9.097767657446E+00 2.643614878139E+01 6.701325300329E+00
4.509091990732E+09 3.650681253979E+00 -9.097766002763E+00 2.643615354396E+01 6.701325300329E+00
4.509091990733E+09 3.650681253980E+00 -9.097764351692E+00 2.643615829613E+01 6.701325300328E+00
4.509091990735E+09 3.650681253981E+00 -9.097762707379E+00 2.643616302886E+01 6.701325300328E+00
4.509091990737E+09 3.650681253983E+00 -9.097761066252E+00 2.643616775241E+01 6.701325300327E+00
4.509091990738E+09 3.650681253984E+00 -9.097759431396E+00 2.643617245791E+01 6.701325300327E+00
4.509091990740E+09 3.650681253985E+00 -9.097757800363E+00 2.643617715241E+01 6.701325300326E+00
4.509091990742E+09 3.650681253986E+00 -9.097756175193E+00 2.643618183003E+01 6.701325300326E+00
4.509091990743E+09 3.650681253988E+00 -9.097754552981E+00 2.643618649914E+01 6.701325300325E+00
4.509091990745E+09 3.650681253989E+00 -9.097752934751E+00 2.643619115679E+01 6.701325300325E+00
4.509091990746E+09 3.650681253990E+00 -9.097751321486E+00 2.643619580014E+01 6.701325300324E+00
4.509091990748E+09 3.650681253992E+00 -9.097749710303E+00 2.643620043751E+01 6.701325300324E+00
4.509091990750E+09 3.650681253993E+00 -9.097748100997E+00 2.643620506947E+01 6.701325300323E+00
4.509091990751E+09 3.650681253994E+00 -9.097746493817E+00 2.643620969531E+01 6.701325300323E+00
4.509091990753E+09 3.650681253995E+00 -9.097744887338E+00 2.643621431914E+01 6.701325300322E+00
4.509091990754E+09 3.650681253997E+00 -9.097743279909E+00 2.643621894570E+01 6.701325300322E+00
4.509091990756E+09 3.650681253998E+00 -9.097741671710E+00 2.643622357448E+01 6.701325300321E+00
4.509091990758E+09 3.650681253999E+00 -9.097740060459E+00 2.643622821204E+01 6.701325300321E+00
4.509091990759E+09 3.650681254001E+00 -9.097738443426E+00 2.643623286624E+01 6.701325300320E+00
4.509091990761E+09 3.650681254002E+00 -9.097736819509E+00 2.643623754026E+01 6.701325300320E+00
4.509091990762E+09 3.650681254003E+00 -9.097735187840E+00 2.643624223658E+01 6.701325300319E+00
4.509091990764E+09 3.650681254004E+00 -9.097733543198E+00 2.643624697025E+01 6.701325300319E+00
4.509091990766E+09 3.650681254006E+00 -9.097731884740E+00 2.643625174369E+01 6.701325300318E+00
4.509091990767E+09 3.650681254007E+00 -9.097730207944E+00 2.643625656990E+01 6.701325300318E+00
4.509091990769E+09 3.650681254008E+00 -9.097728509265E+00 2.643626145910E+01 6.701325300317E+00
4.509091990771E+09 3.650681254010E+00 -9.097726784951E+00 2.643626642208E+01 6.701325300317E+00
4.509091990772E+09 3.650681254011E+00 -9.097725031333E+00 2.643627146941E+01 6.701325300316E+00
4.509091990774E+09 3.650681254012E+00 -9.097723241666E+00 2.643627662049E+01 6.701325300316E+00
4.509091990776E+09 3.650681254014E+00 -9.097721412313E+00 2.643628188580E+01 6.701325300315E+00
4.509091990778E+09 3.650681254015E+00 -9.097719535871E+00 2.643628728665E+01 6.701325300315E+00
4.509091990779E+09 3.650681254017E+00 -9.097717605293E+00 2.643629284331E+01 6.701325300314E+00
4.509091990781E+09 3.650681254018E+00 -9.097715615093E+00 2.643629857157E+01 6.701325300314E+00
4.509091990783E+09 3.650681254020E+00 -9.097713630741E+00 2.643630428301E+01 6.701325300313E+00
4.509091990785E+09 3.650681254021E+00 -9.097711664872E+00 2.643630994124E+01 6.701325300312E+00
4.509091990787E+09 3.650681254023E+00 -9.097709715338E+00 2.643631555246E+01 6.701325300312E+00
4.509091990789E+09 3.650681254024E+00 -9.097707783155E+00 2.643632111374E+01 6.701325300311E+00
4.509091990790E+09 3.650681254026E+00 -9.097705864599E+00 2.643632663580E+01 6.701325300311E+00
4.509091990792E+09 3.650681254027E+00 -9.097703961011E+00 2.643633211477E+01 6.701325300310E+00
4.509091990794E+09 3.650681254028E+00 -9.097702069496E+00 2.643633755900E+01 6.701325300310E+00
4.509091990796E+09 3.650681254030E+00 -9.097700190115E+00 2.643634296830E+01 6.701325300309E+00
4.509091990797E+09 3.650681254031E+00 -9.097698322722E+00 2.643634834310E+01 6.701325300308E+00
4.509091990799E+09 3.650681254032E+00 -9.097696465402E+00 2.643635368890E+01 6.701325300308E+00
4.509091990801E+09 3.650681254034E+00 -9.097694617320E+00 2.643635900812E+01 6.701325300307E+00
4.509091990803E+09 3.650681254035E+00 -9.097692779523E+00 2.643636429773E+01 6.701325300307E+00
4.509091990804E+09 3.650681254037E+00 -9.097690949180E+00 2.643636956589E+01 6.701325300306E+00
4.509091990806E+09 3.650681254038E+00 -9.097689127349E+00 2.643637480955E+01 6.701325300306E+00
4.509091990808E+09 3.650681254039E+00 -9.097687314098E+00 2.643638002852E+01 6.701325300305E+00
4.509091990809E+09 3.650681254041E+00 -9.097685507423E+00 2.643638522855E+01 6.701325300305E+00
4.509091990811E+09 3.650681254042E+00 -9.097683708941E+00 2.643639040501E+01 6.701325300304E+00
4.509091990813E+09 3.650681254043E+00 -9.097681917890E+00 2.643639556008E+01 6.701325300304E+00
4.509091990814E+09 3.650681254044E+00 -9.097680133781E+00 2.643640069517E+01 6.701325300303E+00
4.509091990816E+09 3.650681254046E+00 -9.097678357593E+00 2.643640580745E+01 6.701325300303E+00
4.509091990817E+09 3.650681254047E+00 -9.097676587938E+00 2.643641090094E+01 6.701325300302E+00
4.509091990819E+09 3.650681254048E+00 -9.097674823820E+00 2.643641597849E+01 6.701325300302E+00
4.509091990821E+09 3.650681254050E+00 -9.097673065353E+00 2.643642103977E+01 6.701325300301E+00
4.509091990822E+09 3.650681254051E+00 -9.097671312319E+00 2.643642608542E+01 6.701325300301E+00
4.509091990824E+09 3.650681254052E+00 -9.097669563874E+00 2.643643111785E+01 6.701325300300E+00
4.509091990826E+09 3.650681254054E+00 -9.097667819795E+00 2.643643613772E+01 6.701325300300E+00
4.509091990827E+09 3.650681254055E+00 -9.097666078577E+00 2.643644114936E+01 6.701325300299E+00
4.509091990829E+09 3.650681254056E+00 -9.097664339164E+00 2.643644615580E+01 6.701325300299E+00
4.509091990830E+09 3.650681254057E+00 -9.097662600988E+00 2.643645115868E+01 6.701325300298E+00
4.509091990832E+09 3.650681254059E+00 -9.097660863545E+00 2.643645615945E+01 6.701325300298E+00
4.509091990834E+09 3.650681254060E+00 -9.097659126691E+00 2.643646115853E+01 6.701325300297E+00
4.509091990835E+09 3.650681254061E+00 -9.097657390544E+00 2.643646615557E+01 6.701325300296E+00
4.509091990837E+09 3.650681254063E+00 -9.097655652376E+00 2.643647115843E+01 6.701325300296E+00
4.509091990839E+09 3.650681254064E+00 -9.097653912300E+00 2.643647616678E+01 6.701325300295E+00
4.509091990840E+09 3.650681254065E+00 -9.097652170536E+00 2.643648117999E+01 6.701325300295E+00
4.509091990842E+09 3.650681254067E+00 -9.097650426462E+00 2.643648619984E+01 6.701325300294E+00
4.509091990844E+09 3.650681254068E+00 -9.097648679987E+00 2.643649122661E+01 6.701325300294E+00
4.509091990845E+09 3.650681254069E+00 -9.097646929134E+00 2.643649626598E+01 6.701325300293E+00
4.509091990847E+09 3.650681254071E+00 -9.097645175715E+00 2.643650131273E+01 6.701325300293E+00
4.509091990849E+09 3.650681254072E+00 -9.097643419868E+00 2.643650636648E+01 6.701325300292E+00
4.509091990850E+09 3.650681254073E+00 -9.097641659410E+00 2.643651143349E+01 6.701325300292E+00
4.509091990852E+09 3.650681254075E+00 -9.097639894245E+00 2.643651651405E+01 6.701325300291E+00
4.509091990854E+09 3.650681254076E+00 -9.097638127111E+00 2.643652160028E+01 6.701325300291E+00
4.509091990855E+09 3.650681254077E+00 -9.097636355306E+00 2.643652669995E+01 6.701325300290E+00
4.509091990857E+09 3.650681254079E+00 -9.097634579455E+00 2.643653181127E+01 6.701325300289E+00
4.509091990859E+09 3.650681254080E+00 -9.097632800346E+00 2.643653693196E+01 6.701325300289E+00
4.509091990861E+09 3.650681254082E+00 -9.097631017994E+00 2.643654206199E+01 6.701325300288E+00
4.509091990862E+09 3.650681254083E+00 -9.097629232384E+00 2.643654720140E+01 6.701325300288E+00
4.509091990864E+09 3.650681254084E+00 -9.097627443217E+00 2.643655235105E+01 6.701325300287E+00
4.509091990866E+09 3.650681254086E+00 -9.097625652123E+00 2.643655750624E+01 6.701325300287E+00
4.509091990868E+09 3.650681254087E+00 -9.097623858977E+00 2.643656266734E+01 6.701325300286E+00
4.509091990869E+09 3.650681254089E+00 -9.097622063309E+00 2.643656783569E+01 6.701325300285E+00
4.509091990871E+09 3.650681254090E+00 -9.097620266006E+00 2.643657300875E+01 6.701325300285E+00
4.509091990873E+09 3.650681254091E+00 -9.097618467404E+00 2.643657818556E+01 6.701325300284E+00
4.509091990875E+09 3.650681254093E+00 -9.097616668221E+00 2.643658336403E+01 6.701325300284E+00
4.509091990876E+09 3.650681254094E+00 -9.097614868170E+00 2.643658854500E+01 6.701325300283E+00
4.509091990878E+09 3.650681254096E+00 -9.097613066947E+00 2.643659372934E+01 6.701325300283E+00
4.509091990880E+09 3.650681254097E+00 -9.097611267142E+00 2.643659890961E+01 6.701325300282E+00
4.509091990882E+09 3.650681254098E+00 -9.097609468288E+00 2.643660408713E+01 6.701325300281E+00
4.509091990884E+09 3.650681254100E+00 -9.097607670035E+00 2.643660926293E+01 6.701325300281E+00
4.509091990885E+09 3.650681254101E+00 -9.097605873173E+00 2.643661443473E+01 6.701325300280E+00
4.509091990887E+09 3.650681254103E+00 -9.097604078065E+00 2.643661960147E+01 6.701325300280E+00
4.509091990889E+09 3.650681254104E+00 -9.097602285444E+00 2.643662476106E+01 6.701325300279E+00
4.509091990891E+09 3.650681254105E+00 -9.097600493883E+00 2.643662991759E+01 6.701325300278E+00
4.509091990892E+09 3.650681254107E+00 -9.097598705834E+00 2.643663506402E+01 6.701325300278E+00
4.509091990894E+09 3.650681254108E+00 -9.097596920623E+00 2.643664020228E+01 6.701325300277E+00
4.509091990896E+09 3.650681254110E+00 -9.097595139303E+00 2.643664532934E+01 6.701325300277E+00
4.509091990898E+09 3.650681254111E+00 -9.097593360238E+00 2.643665044990E+01 6.701325300276E+00
4.509091990899E+09 3.650681254112E+00 -9.097591583918E+00 2.643665556257E+01 6.701325300276E+00
4.509091990901E+09 3.650681254114E+00 -9.097589811238E+00 2.643666066477E+01 6.701325300275E+00
4.509091990903E+09 3.650681254115E+00 -9.097588040951E+00 2.643666576007E+01 6.701325300274E+00
4.509091990904E+09 3.650681254117E+00 -9.097586274825E+00 2.643667084340E+01 6.701325300274E+00
4.509091990906E+09 3.650681254118E+00 -9.097584510731E+00 2.643667592088E+01 6.701325300273E+00
4.509091990908E+09 3.650681254119E+00 -9.097582748378E+00 2.643668099334E+01 6.701325300273E+00
4.509091990910E+09 3.650681254121E+00 -9.097580989141E+00 2.643668605684E+01 6.701325300272E+00
4.509091990911E+09 3.650681254122E+00 -9.097579230073E+00 2.643669111986E+01 6.701325300272E+00
4.509091990913E+09 3.650681254123E+00 -9.097577470754E+00 2.643669618359E+01 6.701325300271E+00
4.509091990915E+09 3.650681254125E+00 -9.097575711172E+00 2.643670124808E+01 6.701325300270E+00
4.509091990917E+09 3.650681254126E+00 -9.097573949689E+00 2.643670631805E+01 6.701325300270E+00
4.509091990918E+09 3.650681254128E+00 -9.097572185002E+00 2.643671139723E+01 6.701325300269E+00
4.509091990920E+09 3.650681254129E+00 -9.097570413896E+00 2.643671649489E+01 6.701325300269E+00
4.509091990922E+09 3.650681254130E+00 -9.097568636960E+00 2.643672160934E+01 6.701325300268E+00
4.509091990923E+09 3.650681254132E+00 -9.097566849949E+00 2.643672675278E+01 6.701325300267E+00
4.509091990925E+09 3.650681254133E+00 -9.097565050782E+00 2.643673193120E+01 6.701325300267E+00
4.509091990927E+09 3.650681254134E+00 -9.097563236214E+00 2.643673715395E+01 6.701325300266E+00
4.509091990929E+09 3.650681254136E+00 -9.097561402878E+00 2.643674243073E+01 6.701325300266E+00
4.509091990930E+09 3.650681254137E+00 -9.097559546103E+00 2.643674777497E+01 6.701325300265E+00
4.509091990932E+09 3.650681254139E+00 -9.097557663345E+00 2.643675319399E+01 6.701325300264E+00
4.509091990934E+09 3.650681254140E+00 -9.097555747856E+00 2.643675870722E+01 6.701325300264E+00
4.509091990936E+09 3.650681254142E+00 -9.097553794670E+00 2.643676432895E+01 6.701325300263E+00
4.509091990938E+09 3.650681254143E+00 -9.097551798104E+00 2.643677007554E+01 6.701325300263E+00
4.509091990940E+09 3.650681254145E+00 -9.097549749790E+00 2.643677597107E+01 6.701325300262E+00
4.509091990942E+09 3.650681254146E+00 -9.097547644180E+00 2.643678203151E+01 6.701325300261E+00
4.509091990944E+09 3.650681254148E+00 -9.097545491738E+00 2.643678822675E+01 6.701325300261E+00
4.509091990946E+09 3.650681254150E+00 -9.097543362418E+00 2.643679435543E+01 6.701325300260E+00
4.509091990948E+09 3.650681254151E+00 -9.097541253637E+00 2.643680042500E+01 6.701325300259E+00
4.509091990950E+09 3.650681254153E+00 -9.097539164475E+00 2.643680643810E+01 6.701325300258E+00
4.509091990952E+09 3.650681254154E+00 -9.097537094652E+00 2.643681239554E+01 6.701325300258E+00
4.509091990954E+09 3.650681254156E+00 -9.097535040511E+00 2.643681830784E+01 6.701325300257E+00
4.509091990955E+09 3.650681254157E+00 -9.097533002532E+00 2.643682417363E+01 6.701325300257E+00
4.509091990957E+09 3.650681254159E+00 -9.097530979077E+00 2.643682999761E+01 6.701325300256E+00
4.509091990959E+09 3.650681254160E+00 -9.097528969215E+00 2.643683578247E+01 6.701325300255E+00
4.509091990961E+09 3.650681254162E+00 -9.097526971693E+00 2.643684153181E+01 6.701325300255E+00
4.509091990963E+09 3.650681254163E+00 -9.097524985824E+00 2.643684724761E+01 6.701325300254E+00
4.509091990965E+09 3.650681254165E+00 -9.097523009942E+00 2.643685293466E+01 6.701325300253E+00
4.509091990967E+09 3.650681254166E+00 -9.097521043669E+00 2.643685859406E+01 6.701325300253E+00
4.509091990968E+09 3.650681254168E+00 -9.097519085672E+00 2.643686422964E+01 6.701325300252E+00
4.509091990970E+09 3.650681254169E+00 -9.097517136489E+00 2.643686983985E+01 6.701325300251E+00
4.509091990972E+09 3.650681254170E+00 -9.097515194652E+00 2.643687542891E+01 6.701325300251E+00
4.509091990974E+09 3.650681254172E+00 -9.097513261062E+00 2.643688099424E+01 6.701325300250E+00
4.509091990975E+09 3.650681254173E+00 -9.097511334099E+00 2.643688654049E+01 6.701325300250E+00
4.509091990977E+09 3.650681254175E+00 -9.097509413935E+00 2.643689206718E+01 6.701325300249E+00
4.509091990979E+09 3.650681254176E+00 -9.097507500482E+00 2.643689757455E+01 6.701325300248E+00
4.509091990981E+09 3.650681254178E+00 -9.097505592155E+00 2.643690306716E+01 6.701325300248E+00
4.509091990983E+09 3.650681254179E+00 -9.097503689314E+00 2.643690854399E+01 6.701325300247E+00
4.509091990984E+09 3.650681254180E+00 -9.097501792306E+00 2.643691400403E+01 6.701325300246E+00
4.509091990986E+09 3.650681254182E+00 -9.097499899536E+00 2.643691945187E+01 6.701325300246E+00
4.509091990988E+09 3.650681254183E+00 -9.097498009553E+00 2.643692489168E+01 6.701325300245E+00
4.509091990989E+09 3.650681254185E+00 -9.097496123060E+00 2.643693032145E+01 6.701325300245E+00
4.509091990991E+09 3.650681254186E+00 -9.097494237811E+00 2.643693574765E+01 6.701325300244E+00
4.509091990993E+09 3.650681254187E+00 -9.097492354771E+00 2.643694116748E+01 6.701325300243E+00
4.509091990995E+09 3.650681254189E+00 -9.097490470876E+00 2.643694658977E+01 6.701325300243E+00
4.509091990996E+09 3.650681254190E+00 -9.097488588295E+00 2.643695200828E+01 6.701325300242E+00
4.509091990998E+09 3.650681254192E+00 -9.097486704841E+00 2.643695742931E+01 6.701325300242E+00
4.509091991000E+09 3.650681254193E+00 -9.097484818803E+00 2.643696285777E+01 6.701325300241E+00
4.509091991002E+09 3.650681254194E+00 -9.097482932360E+00 2.643696828740E+01 6.701325300240E+00
4.509091991003E+09 3.650681254196E+00 -9.097481043268E+00 2.643697372465E+01 6.701325300240E+00
4.509091991005E+09 3.650681254197E+00 -9.097479151109E+00 2.643697917073E+01 6.701325300239E+00
4.509091991007E+09 3.650681254199E+00 -9.097477257767E+00 2.643698462022E+01 6.701325300238E+00
4.509091991009E+09 3.650681254200E+00 -9.097475360332E+00 2.643699008148E+01 6.701325300238E+00
4.509091991011E+09 3.650681254201E+00 -9.097473460444E+00 2.643699554981E+01 6.701325300237E+00
4.509091991012E+09 3.650681254203E+00 -9.097471557782E+00 2.643700102612E+01 6.701325300237E+00
4.509091991014E+09 3.650681254204E+00 -9.097469652865E+00 2.643700650892E+01 6.701325300236E+00
4.509091991016E+09 3.650681254206E+00 -9.097467744656E+00 2.643701200120E+01 6.701325300235E+00
4.509091991018E+09 3.650681254207E+00 -9.097465835013E+00 2.643701749760E+01 6.701325300235E+00
4.509091991020E+09 3.650681254209E+00 -9.097463923131E+00 2.643702300045E+01 6.701325300234E+00
4.509091991021E+09 3.650681254210E+00 -9.097462009061E+00 2.643702850960E+01 6.701325300233E+00
4.509091991023E+09 3.650681254211E+00 -9.097460094279E+00 2.643703402079E+01 6.701325300233E+00
4.509091991025E+09 3.650681254213E+00 -9.097458178076E+00 2.643703953607E+01 6.701325300232E+00
4.509091991027E+09 3.650681254214E+00 -9.097456262653E+00 2.643704504911E+01 6.701325300231E+00
4.509091991029E+09 3.650681254216E+00 -9.097454347192E+00 2.643705056226E+01 6.701325300231E+00
4.509091991030E+09 3.650681254217E+00 -9.097452430853E+00 2.643705607794E+01 6.701325300230E+00
4.509091991032E+09 3.650681254219E+00 -9.097450516926E+00 2.643706158667E+01 6.701325300229E+00
4.509091991034E+09 3.650681254220E+00 -9.097448604403E+00 2.643706709137E+01 6.701325300229E+00
4.509091991036E+09 3.650681254222E+00 -9.097446693439E+00 2.643707259157E+01 6.701325300228E+00
4.509091991038E+09 3.650681254223E+00 -9.097444784442E+00 2.643707808611E+01 6.701325300227E+00
4.509091991039E+09 3.650681254224E+00 -9.097442878804E+00 2.643708357099E+01 6.701325300227E+00
4.509091991041E+09 3.650681254226E+00 -9.097440976504E+00 2.643708904626E+01 6.701325300226E+00
4.509091991043E+09 3.650681254227E+00 -9.097439077252E+00 2.643709451275E+01 6.701325300225E+00
4.509091991045E+09 3.650681254229E+00 -9.097437183905E+00 2.643709996225E+01 6.701325300225E+00
4.509091991047E+09 3.650681254230E+00 -9.097435293584E+00 2.643710540304E+01 6.701325300224E+00
4.509091991048E+09 3.650681254232E+00 -9.097433408772E+00 2.643711082798E+01 6.701325300224E+00
4.509091991050E+09 3.650681254233E+00 -9.097431528451E+00 2.643711623998E+01 6.701325300223E+00
4.509091991052E+09 3.650681254234E+00 -9.097429655057E+00 2.643712163206E+01 6.701325300222E+00
4.509091991054E+09 3.650681254236E+00 -9.097427787202E+00 2.643712700818E+01 6.701325300222E+00
4.509091991055E+09 3.650681254237E+00 -9.097425924692E+00 2.643713236892E+01 6.701325300221E+00
4.509091991057E+09 3.650681254239E+00 -9.097424069319E+00 2.643713770913E+01 6.701325300220E+00
4.509091991059E+09 3.650681254240E+00 -9.097422219994E+00 2.643714303192E+01 6.701325300220E+00
4.509091991061E+09 3.650681254241E+00 -9.097420376823E+00 2.643714833700E+01 6.701325300219E+00
4.509091991063E+09 3.650681254243E+00 -9.097418540326E+00 2.643715362287E+01 6.701325300218E+00
4.509091991064E+09 3.650681254244E+00 -9.097416711572E+00 2.643715888646E+01 6.701325300218E+00
4.509091991066E+09 3.650681254246E+00 -9.097414888517E+00 2.643716413364E+01 6.701325300217E+00
4.509091991068E+09 3.650681254247E+00 -9.097413072954E+00 2.643716935926E+01 6.701325300216E+00
4.509091991069E+09 3.650681254248E+00 -9.097411264090E+00 2.643717456560E+01 6.701325300216E+00
4.509091991071E+09 3.650681254250E+00 -9.097409460616E+00 2.643717975642E+01 6.701325300215E+00
4.509091991073E+09 3.650681254251E+00 -9.097407663595E+00 2.643718492867E+01 6.701325300215E+00
4.509091991075E+09 3.650681254252E+00 -9.097405872157E+00 2.643719008485E+01 6.701325300214E+00
4.509091991076E+09 3.650681254254E+00 -9.097404086611E+00 2.643719522407E+01 6.701325300213E+00
4.509091991078E+09 3.650681254255E+00 -9.097402304744E+00 2.643720035271E+01 6.701325300213E+00
4.509091991080E+09 3.650681254257E+00 -9.097400527449E+00 2.643720546818E+01 6.701325300212E+00
4.509091991081E+09 3.650681254258E+00 -9.097398753338E+00 2.643721057449E+01 6.701325300211E+00
4.509091991083E+09 3.650681254259E+00 -9.097396981525E+00 2.643721567419E+01 6.701325300211E+00
4.509091991085E+09 3.650681254261E+00 -9.097395211131E+00 2.643722076980E+01 6.701325300210E+00
4.509091991086E+09 3.650681254262E+00 -9.097393439102E+00 2.643722587012E+01 6.701325300210E+00
4.509091991088E+09 3.650681254263E+00 -9.097391666935E+00 2.643723097083E+01 6.701325300209E+00
4.509091991090E+09 3.650681254264E+00 -9.097389890021E+00 2.643723608521E+01 6.701325300208E+00
4.509091991091E+09 3.650681254266E+00 -9.097388108309E+00 2.643724121340E+01 6.701325300208E+00
4.509091991093E+09 3.650681254267E+00 -9.097386317570E+00 2.643724636757E+01 6.701325300207E+00
4.509091991095E+09 3.650681254268E+00 -9.097384516346E+00 2.643725155192E+01 6.701325300206E+00
4.509091991096E+09 3.650681254270E+00 -9.097382701940E+00 2.643725677420E+01 6.701325300206E+00
4.509091991098E+09 3.650681254271E+00 -9.097380869770E+00 2.643726204762E+01 6.701325300205E+00
4.509091991100E+09 3.650681254273E+00 -9.097379015399E+00 2.643726738494E+01 6.701325300205E+00
4.509091991101E+09 3.650681254274E+00 -9.097377136209E+00 2.643727279369E+01 6.701325300204E+00
4.509091991103E+09 3.650681254275E+00 -9.097375225515E+00 2.643727829312E+01 6.701325300203E+00
4.509091991105E+09 3.650681254277E+00 -9.097373279102E+00 2.643728389536E+01 6.701325300203E+00
4.509091991107E+09 3.650681254278E+00 -9.097371290266E+00 2.643728961969E+01 6.701325300202E+00
4.509091991109E+09 3.650681254280E+00 -9.097369254087E+00 2.643729548030E+01 6.701325300201E+00
4.509091991111E+09 3.650681254281E+00 -9.097367161480E+00 2.643730150332E+01 6.701325300200E+00
4.509091991112E+09 3.650681254283E+00 -9.097365035437E+00 2.643730762257E+01 6.701325300200E+00
4.509091991114E+09 3.650681254284E+00 -9.097362930243E+00 2.643731368181E+01 6.701325300199E+00
4.509091991116E+09 3.650681254286E+00 -9.097360844402E+00 2.643731968536E+01 6.701325300198E+00
4.509091991118E+09 3.650681254287E+00 -9.097358774543E+00 2.643732564290E+01 6.701325300198E+00
4.509091991120E+09 3.650681254289E+00 -9.097356722022E+00 2.643733155054E+01 6.701325300197E+00
4.509091991122E+09 3.650681254290E+00 -9.097354684415E+00 2.643733741525E+01 6.701325300196E+00
4.509091991124E+09 3.650681254292E+00 -9.097352659925E+00 2.643734324221E+01 6.701325300195E+00
4.509091991125E+09 3.650681254293E+00 -9.097350648964E+00 2.643734903023E+01 6.701325300195E+00
4.509091991127E+09 3.650681254295E+00 -9.097348649817E+00 2.643735478425E+01 6.701325300194E+00
4.509091991129E+09 3.650681254296E+00 -9.097346661002E+00 2.643736050853E+01 6.701325300193E+00
4.509091991131E+09 3.650681254297E+00 -9.097344682768E+00 2.643736620235E+01 6.701325300193E+00
4.509091991133E+09 3.650681254299E+00 -9.097342713579E+00 2.643737187015E+01 6.701325300192E+00
4.509091991134E+09 3.650681254300E+00 -9.097340752862E+00 2.643737751355E+01 6.701325300191E+00
4.509091991136E+09 3.650681254302E+00 -9.097338800440E+00 2.643738313308E+01 6.701325300191E+00
4.509091991138E+09 3.650681254303E+00 -9.097336854085E+00 2.643738873515E+01 6.701325300190E+00
4.509091991139E+09 3.650681254304E+00 -9.097334913717E+00 2.643739431999E+01 6.701325300189E+00
4.509091991141E+09 3.650681254306E+00 -9.097332980342E+00 2.643739988470E+01 6.701325300189E+00
4.509091991143E+09 3.650681254307E+00 -9.097331052147E+00 2.643740543450E+01 6.701325300188E+00
4.509091991145E+09 3.650681254308E+00 -9.097329128981E+00 2.643741096982E+01 6.701325300187E+00
4.509091991146E+09 3.650681254310E+00 -9.097327211041E+00 2.643741649011E+01 6.701325300187E+00
4.509091991148E+09 3.650681254311E+00 -9.097325297080E+00 2.643742199894E+01 6.701325300186E+00
4.509091991150E+09 3.650681254313E+00 -9.097323388404E+00 2.643742749256E+01 6.701325300185E+00
4.509091991151E+09 3.650681254314E+00 -9.097321482546E+00 2.643743297807E+01 6.701325300185E+00
4.509091991153E+09 3.650681254315E+00 -9.097319579988E+00 2.643743845408E+01 6.701325300184E+00
4.509091991155E+09 3.650681254317E+00 -9.097317678640E+00 2.643744392661E+01 6.701325300183E+00
4.509091991156E+09 3.650681254318E+00 -9.097315778929E+00 2.643744939442E+01 6.701325300183E+00
4.509091991158E+09 3.650681254319E+00 -9.097313880028E+00 2.643745485991E+01 6.701325300182E+00
4.509091991160E+09 3.650681254321E+00 -9.097311978814E+00 2.643746033205E+01 6.701325300182E+00
4.509091991161E+09 3.650681254322E+00 -9.097310078325E+00 2.643746580211E+01 6.701325300181E+00
4.509091991163E+09 3.650681254323E+00 -9.097308174402E+00 2.643747128205E+01 6.701325300180E+00
4.509091991165E+09 3.650681254325E+00 -9.097306266863E+00 2.643747677240E+01 6.701325300180E+00
4.509091991167E+09 3.650681254326E+00 -9.097304355955E+00 2.643748227244E+01 6.701325300179E+00
4.509091991168E+09 3.650681254327E+00 -9.097302439345E+00 2.643748778889E+01 6.701325300178E+00
4.509091991170E+09 3.650681254329E+00 -9.097300517555E+00 2.643749332026E+01 6.701325300178E+00
4.509091991172E+09 3.650681254330E+00 -9.097298589575E+00 2.643749886944E+01 6.701325300177E+00
4.509091991173E+09 3.650681254331E+00 -9.097296655127E+00 2.643750443724E+01 6.701325300176E+00
4.509091991175E+09 3.650681254333E+00 -9.097294712066E+00 2.643751002983E+01 6.701325300176E+00
4.509091991177E+09 3.650681254334E+00 -9.097292762996E+00 2.643751563971E+01 6.701325300175E+00
4.509091991179E+09 3.650681254336E+00 -9.097290805263E+00 2.643752127453E+01 6.701325300174E+00
4.509091991180E+09 3.650681254337E+00 -9.097288839974E+00 2.643752693109E+01 6.701325300173E+00
4.509091991182E+09 3.650681254338E+00 -9.097286864743E+00 2.643753261627E+01 6.701325300173E+00
4.509091991184E+09 3.650681254340E+00 -9.097284882956E+00 2.643753832033E+01 6.701325300172E+00
4.509091991186E+09 3.650681254341E+00 -9.097282892640E+00 2.643754404892E+01 6.701325300171E+00
4.509091991187E+09 3.650681254343E+00 -9.097280894211E+00 2.643754980088E+01 6.701325300171E+00
4.509091991189E+09 3.650681254344E+00 -9.097278888325E+00 2.643755557429E+01 6.701325300170E+00
4.509091991191E+09 3.650681254346E+00 -9.097276875698E+00 2.643756136710E+01 6.701325300169E+00
4.509091991193E+09 3.650681254347E+00 -9.097274854805E+00 2.643756718371E+01 6.701325300169E+00
4.509091991195E+09 3.650681254348E+00 -9.097272829733E+00 2.643757301235E+01 6.701325300168E+00
4.509091991196E+09 3.650681254350E+00 -9.097270797564E+00 2.643757886141E+01 6.701325300167E+00
4.509091991198E+09 3.650681254351E+00 -9.097268760996E+00 2.643758472313E+01 6.701325300166E+00
4.509091991200E+09 3.650681254353E+00 -9.097266720418E+00 2.643759059640E+01 6.701325300166E+00
4.509091991202E+09 3.650681254354E+00 -9.097264674938E+00 2.643759648377E+01 6.701325300165E+00
4.509091991204E+09 3.650681254356E+00 -9.097262627560E+00 2.643760237661E+01 6.701325300164E+00
4.509091991206E+09 3.650681254357E+00 -9.097260578519E+00 2.643760827423E+01 6.701325300163E+00
4.509091991208E+09 3.650681254359E+00 -9.097258528254E+00 2.643761417538E+01 6.701325300163E+00
4.509091991209E+09 3.650681254360E+00 -9.097256476123E+00 2.643762008189E+01 6.701325300162E+00
4.509091991211E+09 3.650681254362E+00 -9.097254424541E+00 2.643762598683E+01 6.701325300161E+00
4.509091991213E+09 3.650681254363E+00 -9.097252373666E+00 2.643763188973E+01 6.701325300160E+00
4.509091991215E+09 3.650681254365E+00 -9.097250324222E+00 2.643763778852E+01 6.701325300160E+00
4.509091991217E+09 3.650681254366E+00 -9.097248276739E+00 2.643764368166E+01 6.701325300159E+00
4.509091991219E+09 3.650681254368E+00 -9.097246231677E+00 2.643764956783E+01 6.701325300158E+00
4.509091991220E+09 3.650681254369E+00 -9.097244189750E+00 2.643765544497E+01 6.701325300157E+00
4.509091991222E+09 3.650681254371E+00 -9.097242151823E+00 2.643766131061E+01 6.701325300157E+00
4.509091991224E+09 3.650681254372E+00 -9.097240117427E+00 2.643766716608E+01 6.701325300156E+00
4.509091991226E+09 3.650681254374E+00 -9.097238086942E+00 2.643767301030E+01 6.701325300155E+00
4.509091991228E+09 3.650681254375E+00 -9.097236061526E+00 2.643767883992E+01 6.701325300154E+00
4.509091991230E+09 3.650681254376E+00 -9.097234040704E+00 2.643768465633E+01 6.701325300154E+00
4.509091991232E+09 3.650681254378E+00 -9.097232024377E+00 2.643769045979E+01 6.701325300153E+00
4.509091991233E+09 3.650681254379E+00 -9.097230014149E+00 2.643769624570E+01 6.701325300152E+00
4.509091991235E+09 3.650681254381E+00 -9.097228008137E+00 2.643770201948E+01 6.701325300152E+00
4.509091991237E+09 3.650681254382E+00 -9.097226007252E+00 2.643770777849E+01 6.701325300151E+00
4.509091991239E+09 3.650681254384E+00 -9.097224009191E+00 2.643771352939E+01 6.701325300150E+00
4.509091991241E+09 3.650681254385E+00 -9.097222016501E+00 2.643771926482E+01 6.701325300149E+00
4.509091991242E+09 3.650681254387E+00 -9.097220025740E+00 2.643772499470E+01 6.701325300149E+00
4.509091991244E+09 3.650681254388E+00 -9.097218037823E+00 2.643773071639E+01 6.701325300148E+00
4.509091991246E+09 3.650681254390E+00 -9.097216051418E+00 2.643773643374E+01 6.701325300147E+00
4.509091991248E+09 3.650681254391E+00 -9.097214064708E+00 2.643774215195E+01 6.701325300146E+00
4.509091991250E+09 3.650681254392E+00 -9.097212075275E+00 2.643774787801E+01 6.701325300146E+00
4.509091991251E+09 3.650681254394E+00 -9.097210081923E+00 2.643775361535E+01 6.701325300145E+00
4.509091991253E+09 3.650681254395E+00 -9.097208083378E+00 2.643775936763E+01 6.701325300144E+00
4.509091991255E+09 3.650681254397E+00 -9.097206075704E+00 2.643776514619E+01 6.701325300143E+00
4.509091991257E+09 3.650681254398E+00 -9.097204055528E+00 2.643777096074E+01 6.701325300143E+00
4.509091991259E+09 3.650681254400E+00 -9.097202021078E+00 2.643777681636E+01 6.701325300142E+00
4.509091991261E+09 3.650681254401E+00 -9.097199966804E+00 2.643778272905E+01 6.701325300141E+00
4.509091991262E+09 3.650681254403E+00 -9.097197888091E+00 2.643778871207E+01 6.701325300140E+00
4.509091991264E+09 3.650681254404E+00 -9.097195781839E+00 2.643779477437E+01 6.701325300140E+00
4.509091991266E+09 3.650681254406E+00 -9.097193640505E+00 2.643780093763E+01 6.701325300139E+00
4.509091991268E+09 3.650681254407E+00 -9.097191458248E+00 2.643780721868E+01 6.701325300138E+00
4.509091991270E+09 3.650681254409E+00 -9.097189229909E+00 2.643781363236E+01 6.701325300137E+00
4.509091991272E+09 3.650681254411E+00 -9.097186945805E+00 2.643782020656E+01 6.701325300136E+00
4.509091991274E+09 3.650681254412E+00 -9.097184597915E+00 2.643782696434E+01 6.701325300135E+00
4.509091991276E+09 3.650681254414E+00 -9.097182252532E+00 2.643783371490E+01 6.701325300135E+00
4.509091991278E+09 3.650681254416E+00 -9.097179942393E+00 2.643784036403E+01 6.701325300134E+00
4.509091991281E+09 3.650681254417E+00 -9.097177664587E+00 2.643784692009E+01 6.701325300133E+00
4.509091991282E+09 3.650681254419E+00 -9.097175417241E+00 2.643785338848E+01 6.701325300132E+00
4.509091991284E+09 3.650681254420E+00 -9.097173198939E+00 2.643785977328E+01 6.701325300131E+00
4.509091991286E+09 3.650681254422E+00 -9.097171007966E+00 2.643786607942E+01 6.701325300130E+00
4.509091991288E+09 3.650681254423E+00 -9.097168842925E+00 2.643787231091E+01 6.701325300130E+00
4.509091991290E+09 3.650681254425E+00 -9.097166702254E+00 2.643787847227E+01 6.701325300129E+00
4.509091991292E+09 3.650681254426E+00 -9.097164585164E+00 2.643788456576E+01 6.701325300128E+00
4.509091991294E+09 3.650681254428E+00 -9.097162489045E+00 2.643789059888E+01 6.701325300127E+00
4.509091991296E+09 3.650681254429E+00 -9.097160414567E+00 2.643789656972E+01 6.701325300127E+00
4.509091991297E+09 3.650681254431E+00 -9.097158358902E+00 2.643790248641E+01 6.701325300126E+00
4.509091991299E+09 3.650681254432E+00 -9.097156322495E+00 2.643790834767E+01 6.701325300125E+00
4.509091991301E+09 3.650681254433E+00 -9.097154304119E+00 2.643791415703E+01 6.701325300124E+00
4.509091991303E+09 3.650681254435E+00 -9.097152303416E+00 2.643791991552E+01 6.701325300124E+00
4.509091991304E+09 3.650681254436E+00 -9.097150318097E+00 2.643792562974E+01 6.701325300123E+00
4.509091991306E+09 3.650681254438E+00 -9.097148350588E+00 2.643793129270E+01 6.701325300122E+00
4.509091991308E+09 3.650681254439E+00 -9.097146397265E+00 2.643793691482E+01 6.701325300121E+00
4.509091991310E+09 3.650681254440E+00 -9.097144459632E+00 2.643794249179E+01 6.701325300121E+00
4.509091991311E+09 3.650681254442E+00 -9.097142534923E+00 2.643794803155E+01 6.701325300120E+00
4.509091991313E+09 3.650681254443E+00 -9.097140625100E+00 2.643795352847E+01 6.701325300119E+00
4.509091991315E+09 3.650681254444E+00 -9.097138727754E+00 2.643795898948E+01 6.701325300119E+00
4.509091991316E+09 3.650681254446E+00 -9.097136842776E+00 2.643796441489E+01 6.701325300118E+00
4.509091991318E+09 3.650681254447E+00 -9.097134967775E+00 2.643796981159E+01 6.701325300117E+00
4.509091991319E+09 3.650681254448E+00 -9.097133104365E+00 2.643797517492E+01 6.701325300116E+00
4.509091991321E+09 3.650681254450E+00 -9.097131249567E+00 2.643798051347E+01 6.701325300116E+00
4.509091991323E+09 3.650681254451E+00 -9.097129404492E+00 2.643798582403E+01 6.701325300115E+00
4.509091991324E+09 3.650681254452E+00 -9.097127566887E+00 2.643799111309E+01 6.701325300114E+00
4.509091991326E+09 3.650681254453E+00 -9.097125734725E+00 2.643799638649E+01 6.701325300114E+00
4.509091991328E+09 3.650681254455E+00 -9.097123909622E+00 2.643800163956E+01 6.701325300113E+00
4.509091991329E+09 3.650681254456E+00 -9.097122089836E+00 2.643800687734E+01 6.701325300112E+00
4.509091991331E+09 3.650681254457E+00 -9.097120275321E+00 2.643801209994E+01 6.701325300112E+00
4.509091991332E+09 3.650681254459E+00 -9.097118463189E+00 2.643801731568E+01 6.701325300111E+00
4.509091991334E+09 3.650681254460E+00 -9.097116655050E+00 2.643802251993E+01 6.701325300110E+00
4.509091991336E+09 3.650681254461E+00 -9.097114848922E+00 2.643802771839E+01 6.701325300110E+00
4.509091991337E+09 3.650681254462E+00 -9.097113043826E+00 2.643803291389E+01 6.701325300109E+00
4.509091991339E+09 3.650681254464E+00 -9.097111241827E+00 2.643803810047E+01 6.701325300108E+00
4.509091991340E+09 3.650681254465E+00 -9.097109439527E+00 2.643804328791E+01 6.701325300108E+00
4.509091991342E+09 3.650681254466E+00 -9.097107638738E+00 2.643804847101E+01 6.701325300107E+00
4.509091991343E+09 3.650681254467E+00 -9.097105837330E+00 2.643805365589E+01 6.701325300106E+00
4.509091991345E+09 3.650681254469E+00 -9.097104035058E+00 2.643805884325E+01 6.701325300106E+00
4.509091991347E+09 3.650681254470E+00 -9.097102234394E+00 2.643806402598E+01 6.701325300105E+00
4.509091991348E+09 3.650681254471E+00 -9.097100431453E+00 2.643806921527E+01 6.701325300104E+00
4.509091991350E+09 3.650681254473E+00 -9.097098628367E+00 2.643807440498E+01 6.701325300103E+00
4.509091991351E+09 3.650681254474E+00 -9.097096824535E+00 2.643807959683E+01 6.701325300103E+00
4.509091991353E+09 3.650681254475E+00 -9.097095020160E+00 2.643808479025E+01 6.701325300102E+00
4.509091991355E+09 3.650681254476E+00 -9.097093214684E+00 2.643808998684E+01 6.701325300101E+00
4.509091991356E+09 3.650681254478E+00 -9.097091407434E+00 2.643809518853E+01 6.701325300101E+00
4.509091991358E+09 3.650681254479E+00 -9.097089601281E+00 2.643810038706E+01 6.701325300100E+00
4.509091991359E+09 3.650681254480E+00 -9.097087793766E+00 2.643810558952E+01 6.701325300099E+00
4.509091991361E+09 3.650681254481E+00 -9.097085985416E+00 2.643811079438E+01 6.701325300099E+00
4.509091991363E+09 3.650681254483E+00 -9.097084177452E+00 2.643811599812E+01 6.701325300098E+00
4.509091991364E+09 3.650681254484E+00 -9.097082369694E+00 2.643812120128E+01 6.701325300097E+00
4.509091991366E+09 3.650681254485E+00 -9.097080561860E+00 2.643812640465E+01 6.701325300097E+00
4.509091991367E+09 3.650681254487E+00 -9.097078756224E+00 2.643813160170E+01 6.701325300096E+00
