# problem = TPV7
# author = Wenqiang Zhang
# date = 2023/03/19
# code = DRDG3D
# code_version = 0.0
# element_size = 200 m on fault, O3
# time_step = 0.00219787
# num_time_steps = 5460
# location = on fault, 12 km along strike, 7.5 km down-dip
# Column #1 = time (s)
# Column #2 = horizontal displacement (m)
# Column #3 = horizontal velocity (m)
# Column #4 = horizontal shear stress (MPa)
# Column #5 = vertical displacement (m)
# Column #6 = vertical velocity (m)
# Column #7 = vertical shear stress (MPa)
# Column #8 = normal displacement (m)
# Column #9 = normal velocity (m)
# Column #10 = normal stress (MPa)
# The line below lists the names of the data fields:
t h-disp h-vel h-stress v-disp v-vel v-stress n-disp n-vel n-stress
# Here is the time-series data.
  0.0000000000000e+00   0.000000e+00   0.000000e+00   7.000000e+01  -0.000000e+00  -0.000000e+00   1.967350e-15  -0.000000e+00  -0.000000e+00  -1.200000e+02
  2.1978661573895e-03   0.000000e+00   0.000000e+00   7.000000e+01  -0.000000e+00  -0.000000e+00   1.967350e-15  -0.000000e+00  -0.000000e+00  -1.200000e+02
  4.3957323147790e-03   0.000000e+00   0.000000e+00   7.000000e+01  -0.000000e+00  -0.000000e+00   1.967350e-15  -0.000000e+00  -0.000000e+00  -1.200000e+02
  6.5935984721684e-03   0.000000e+00   0.000000e+00   7.000000e+01  -0.000000e+00  -0.000000e+00   1.967350e-15  -0.000000e+00  -0.000000e+00  -1.200000e+02
  8.7914646295579e-03   0.000000e+00   0.000000e+00   7.000000e+01  -0.000000e+00  -0.000000e+00   1.967350e-15  -0.000000e+00  -0.000000e+00  -1.200000e+02
  1.0989330786947e-02   0.000000e+00   0.000000e+00   7.000000e+01  -0.000000e+00  -0.000000e+00   1.967350e-15  -0.000000e+00  -0.000000e+00  -1.200000e+02
  1.3187196944337e-02   0.000000e+00   0.000000e+00   7.000000e+01  -0.000000e+00  -0.000000e+00   1.967350e-15  -0.000000e+00  -0.000000e+00  -1.200000e+02
  1.5385063101726e-02   0.000000e+00   0.000000e+00   7.000000e+01  -0.000000e+00  -0.000000e+00   1.967350e-15  -0.000000e+00  -0.000000e+00  -1.200000e+02
  1.7582929259116e-02   0.000000e+00   0.000000e+00   7.000000e+01  -0.000000e+00  -0.000000e+00   1.967350e-15  -0.000000e+00  -0.000000e+00  -1.200000e+02
  1.9780795416505e-02   0.000000e+00   0.000000e+00   7.000000e+01  -0.000000e+00  -0.000000e+00   1.967350e-15  -0.000000e+00  -0.000000e+00  -1.200000e+02
  2.1978661573895e-02   0.000000e+00   0.000000e+00   7.000000e+01  -0.000000e+00  -0.000000e+00   1.967350e-15  -0.000000e+00  -0.000000e+00  -1.200000e+02
  2.4176527731284e-02   0.000000e+00   0.000000e+00   7.000000e+01  -0.000000e+00  -0.000000e+00   1.967350e-15  -0.000000e+00  -0.000000e+00  -1.200000e+02
  2.6374393888674e-02   0.000000e+00   0.000000e+00   7.000000e+01  -0.000000e+00  -0.000000e+00   1.967350e-15  -0.000000e+00  -0.000000e+00  -1.200000e+02
  2.8572260046063e-02   0.000000e+00   0.000000e+00   7.000000e+01  -0.000000e+00  -0.000000e+00   1.967350e-15  -0.000000e+00  -0.000000e+00  -1.200000e+02
  3.0770126203453e-02   0.000000e+00   0.000000e+00   7.000000e+01  -0.000000e+00  -0.000000e+00   1.967350e-15  -0.000000e+00  -0.000000e+00  -1.200000e+02
  3.2967992360842e-02   0.000000e+00   0.000000e+00   7.000000e+01  -0.000000e+00  -0.000000e+00   1.967350e-15  -0.000000e+00  -0.000000e+00  -1.200000e+02
  3.5165858518232e-02   0.000000e+00   0.000000e+00   7.000000e+01  -0.000000e+00  -0.000000e+00   1.967350e-15  -0.000000e+00  -0.000000e+00  -1.200000e+02
  3.7363724675621e-02   0.000000e+00   0.000000e+00   7.000000e+01  -0.000000e+00  -0.000000e+00   1.967350e-15  -0.000000e+00  -0.000000e+00  -1.200000e+02
  3.9561590833011e-02   0.000000e+00   0.000000e+00   7.000000e+01  -0.000000e+00  -0.000000e+00   1.967350e-15  -0.000000e+00  -0.000000e+00  -1.200000e+02
  4.1759456990400e-02   0.000000e+00   0.000000e+00   7.000000e+01  -0.000000e+00  -0.000000e+00   1.967350e-15  -0.000000e+00  -0.000000e+00  -1.200000e+02
  4.3957323147790e-02   0.000000e+00   0.000000e+00   7.000000e+01  -0.000000e+00  -0.000000e+00   1.967350e-15  -0.000000e+00  -0.000000e+00  -1.200000e+02
  4.6155189305179e-02   0.000000e+00   0.000000e+00   7.000000e+01  -0.000000e+00  -0.000000e+00   1.967350e-15  -0.000000e+00  -0.000000e+00  -1.200000e+02
  4.8353055462569e-02   0.000000e+00   0.000000e+00   7.000000e+01  -0.000000e+00  -0.000000e+00   1.967350e-15  -0.000000e+00  -0.000000e+00  -1.200000e+02
  5.0550921619958e-02   0.000000e+00   0.000000e+00   7.000000e+01  -0.000000e+00  -0.000000e+00   1.967350e-15  -0.000000e+00  -0.000000e+00  -1.200000e+02
  5.2748787777347e-02   0.000000e+00   0.000000e+00   7.000000e+01  -0.000000e+00  -0.000000e+00   1.967350e-15  -0.000000e+00  -0.000000e+00  -1.200000e+02
  5.4946653934737e-02   0.000000e+00  -0.000000e+00   7.000000e+01  -0.000000e+00  -0.000000e+00   1.967350e-15  -0.000000e+00  -0.000000e+00  -1.200000e+02
  5.7144520092126e-02   0.000000e+00  -0.000000e+00   7.000000e+01  -0.000000e+00  -0.000000e+00   1.967350e-15  -0.000000e+00  -0.000000e+00  -1.200000e+02
  5.9342386249516e-02   0.000000e+00  -0.000000e+00   7.000000e+01  -0.000000e+00  -0.000000e+00   1.967350e-15  -0.000000e+00  -0.000000e+00  -1.200000e+02
  6.1540252406905e-02   0.000000e+00  -0.000000e+00   7.000000e+01  -0.000000e+00  -0.000000e+00   1.967350e-15  -0.000000e+00  -0.000000e+00  -1.200000e+02
  6.3738118564295e-02   0.000000e+00  -0.000000e+00   7.000000e+01  -0.000000e+00  -0.000000e+00   1.967350e-15  -0.000000e+00  -0.000000e+00  -1.200000e+02
  6.5935984721684e-02   0.000000e+00  -0.000000e+00   7.000000e+01  -0.000000e+00  -0.000000e+00   1.967350e-15  -0.000000e+00  -0.000000e+00  -1.200000e+02
  6.8133850879074e-02   0.000000e+00  -0.000000e+00   7.000000e+01  -0.000000e+00  -0.000000e+00   1.967350e-15  -0.000000e+00  -0.000000e+00  -1.200000e+02
  7.0331717036463e-02   0.000000e+00  -0.000000e+00   7.000000e+01  -0.000000e+00  -0.000000e+00   1.967350e-15  -0.000000e+00  -0.000000e+00  -1.200000e+02
  7.2529583193853e-02   0.000000e+00  -0.000000e+00   7.000000e+01  -0.000000e+00  -0.000000e+00   1.967350e-15  -0.000000e+00  -0.000000e+00  -1.200000e+02
  7.4727449351242e-02   0.000000e+00  -0.000000e+00   7.000000e+01  -0.000000e+00  -0.000000e+00   1.967350e-15  -0.000000e+00  -0.000000e+00  -1.200000e+02
  7.6925315508632e-02   0.000000e+00  -0.000000e+00   7.000000e+01  -0.000000e+00  -0.000000e+00   1.967350e-15  -0.000000e+00  -0.000000e+00  -1.200000e+02
  7.9123181666021e-02   0.000000e+00  -0.000000e+00   7.000000e+01  -0.000000e+00  -0.000000e+00   1.967350e-15  -0.000000e+00  -0.000000e+00  -1.200000e+02
  8.1321047823411e-02   0.000000e+00  -0.000000e+00   7.000000e+01  -0.000000e+00  -0.000000e+00   1.967350e-15  -0.000000e+00  -0.000000e+00  -1.200000e+02
  8.3518913980800e-02   0.000000e+00  -0.000000e+00   7.000000e+01  -0.000000e+00  -0.000000e+00   1.967350e-15  -0.000000e+00  -0.000000e+00  -1.200000e+02
  8.5716780138190e-02   0.000000e+00  -0.000000e+00   7.000000e+01  -0.000000e+00  -0.000000e+00   1.967350e-15  -0.000000e+00  -0.000000e+00  -1.200000e+02
  8.7914646295579e-02   0.000000e+00  -0.000000e+00   7.000000e+01  -0.000000e+00  -0.000000e+00   1.967350e-15  -0.000000e+00  -0.000000e+00  -1.200000e+02
  9.0112512452969e-02   0.000000e+00  -0.000000e+00   7.000000e+01  -0.000000e+00  -0.000000e+00   1.967350e-15  -0.000000e+00  -0.000000e+00  -1.200000e+02
  9.2310378610358e-02   0.000000e+00  -0.000000e+00   7.000000e+01  -0.000000e+00  -0.000000e+00   1.967350e-15  -0.000000e+00  -0.000000e+00  -1.200000e+02
  9.4508244767748e-02   0.000000e+00  -0.000000e+00   7.000000e+01  -0.000000e+00  -0.000000e+00   1.967350e-15  -0.000000e+00  -0.000000e+00  -1.200000e+02
  9.6706110925137e-02   0.000000e+00  -0.000000e+00   7.000000e+01  -0.000000e+00  -0.000000e+00   1.967350e-15  -0.000000e+00  -0.000000e+00  -1.200000e+02
  9.8903977082527e-02   0.000000e+00  -0.000000e+00   7.000000e+01  -0.000000e+00  -0.000000e+00   1.967350e-15  -0.000000e+00  -0.000000e+00  -1.200000e+02
  1.0110184323992e-01   0.000000e+00  -0.000000e+00   7.000000e+01  -0.000000e+00  -0.000000e+00   1.967350e-15  -0.000000e+00  -0.000000e+00  -1.200000e+02
  1.0329970939731e-01   0.000000e+00  -0.000000e+00   7.000000e+01  -0.000000e+00  -0.000000e+00   1.967350e-15  -0.000000e+00  -0.000000e+00  -1.200000e+02
  1.0549757555469e-01   0.000000e+00  -0.000000e+00   7.000000e+01  -0.000000e+00  -0.000000e+00   1.967350e-15  -0.000000e+00  -0.000000e+00  -1.200000e+02
  1.0769544171208e-01   0.000000e+00  -0.000000e+00   7.000000e+01  -0.000000e+00  -0.000000e+00   1.967350e-15  -0.000000e+00  -0.000000e+00  -1.200000e+02
  1.0989330786947e-01   0.000000e+00  -0.000000e+00   7.000000e+01  -0.000000e+00  -0.000000e+00   1.967350e-15  -0.000000e+00  -0.000000e+00  -1.200000e+02
  1.1209117402686e-01   0.000000e+00  -0.000000e+00   7.000000e+01  -0.000000e+00  -0.000000e+00   1.967350e-15  -0.000000e+00  -0.000000e+00  -1.200000e+02
  1.1428904018425e-01   0.000000e+00  -0.000000e+00   7.000000e+01  -0.000000e+00  -0.000000e+00   1.967350e-15  -0.000000e+00  -0.000000e+00  -1.200000e+02
  1.1648690634164e-01   0.000000e+00  -0.000000e+00   7.000000e+01  -0.000000e+00  -0.000000e+00   1.967350e-15  -0.000000e+00  -0.000000e+00  -1.200000e+02
  1.1868477249903e-01   0.000000e+00  -0.000000e+00   7.000000e+01  -0.000000e+00  -0.000000e+00   1.967350e-15  -0.000000e+00  -0.000000e+00  -1.200000e+02
  1.2088263865642e-01   0.000000e+00  -0.000000e+00   7.000000e+01  -0.000000e+00  -0.000000e+00   1.967350e-15  -0.000000e+00  -0.000000e+00  -1.200000e+02
  1.2308050481381e-01   0.000000e+00  -0.000000e+00   7.000000e+01  -0.000000e+00  -0.000000e+00   1.967350e-15  -0.000000e+00  -0.000000e+00  -1.200000e+02
  1.2527837097120e-01   0.000000e+00  -0.000000e+00   7.000000e+01  -0.000000e+00  -0.000000e+00   1.967350e-15  -0.000000e+00  -0.000000e+00  -1.200000e+02
  1.2747623712859e-01   0.000000e+00  -0.000000e+00   7.000000e+01  -0.000000e+00  -0.000000e+00   1.967350e-15  -0.000000e+00  -0.000000e+00  -1.200000e+02
  1.2967410328598e-01   0.000000e+00  -0.000000e+00   7.000000e+01  -0.000000e+00  -0.000000e+00   1.967350e-15  -0.000000e+00  -0.000000e+00  -1.200000e+02
  1.3187196944337e-01   0.000000e+00  -0.000000e+00   7.000000e+01  -0.000000e+00   0.000000e+00   1.967350e-15  -1.853077e-41  -1.686267e-38  -1.200000e+02
  1.3406983560076e-01  -2.023335e-41  -1.841179e-38   7.000000e+01  -0.000000e+00   0.000000e+00   1.967350e-15  -6.659251e-41  -2.687220e-38  -1.200000e+02
  1.3626770175815e-01  -7.629369e-41  -3.260220e-38   7.000000e+01  -0.000000e+00   0.000000e+00   1.967350e-15  -1.414723e-40  -4.126682e-38  -1.200000e+02
  1.3846556791554e-01  -1.742375e-40  -5.652363e-38   7.000000e+01  -0.000000e+00   0.000000e+00   1.967350e-15  -2.536715e-40  -6.083124e-38  -1.200000e+02
  1.4066343407293e-01  -3.418440e-40  -9.599408e-38   7.000000e+01  -0.000000e+00   0.000000e+00   1.967350e-15  -4.145419e-40  -8.555708e-38  -1.200000e+02
  1.4286130023032e-01  -6.228996e-40  -1.597586e-37   7.000000e+01   1.360521e-41   1.238084e-38   1.967350e-15  -6.334948e-40  -1.136837e-37  -1.200000e+02
  1.4505916638771e-01  -1.084885e-39  -2.606364e-37   7.000000e+01   5.281354e-41   2.329833e-38   1.967350e-15  -9.125214e-40  -1.402225e-37  -1.200000e+02
  1.4725703254510e-01  -1.829493e-39  -4.169370e-37   7.000000e+01   1.242629e-40   4.171868e-38   1.967350e-15  -1.236832e-39  -1.548918e-37  -1.200000e+02
  1.4945489870248e-01  -3.006490e-39  -6.540993e-37   7.000000e+01   2.486870e-40   7.150335e-38   1.967350e-15  -1.560367e-39  -1.395166e-37  -1.200000e+02
  1.5165276485987e-01  -4.831293e-39  -1.006423e-36   7.000000e+01   4.565823e-40   1.176752e-37   1.967350e-15  -1.785323e-39  -6.518766e-38  -1.200000e+02
  1.5385063101726e-01  -7.606139e-39  -1.518613e-36   7.000000e+01   7.905033e-40   1.861835e-37   1.967350e-15  -1.735938e-39   1.101267e-37  -1.200000e+02
  1.5604849717465e-01  -1.174390e-38  -2.246642e-36   7.000000e+01   1.306185e-39   2.830729e-37   1.967350e-15  -1.128917e-39   4.422467e-37  -1.200000e+02
  1.5824636333204e-01  -1.779218e-38  -3.257127e-36   7.000000e+01   2.070711e-39   4.126253e-37   1.967350e-15   4.534952e-40   9.977068e-37  -1.200000e+02
  1.6044422948943e-01  -2.645298e-38  -4.623976e-36   7.000000e+01   3.154808e-39   5.738730e-37   1.967350e-15   3.576409e-39   1.844063e-36  -1.200000e+02
  1.6264209564682e-01  -3.859015e-38  -6.420522e-36   7.000000e+01   4.614833e-39   7.547116e-37   1.967350e-15   8.932559e-39   3.029891e-36  -1.200000e+02
  1.6483996180421e-01  -5.521171e-38  -8.704662e-36   7.000000e+01   6.458192e-39   9.226967e-37   1.967350e-15   1.726266e-38   4.550281e-36  -1.200000e+02
  1.6703782796160e-01  -7.740847e-38  -1.149380e-35   7.000000e+01   8.583829e-39   1.011576e-36   1.967350e-15   2.917961e-38   6.293827e-36  -1.200000e+02
  1.6923569411899e-01  -1.062218e-37  -1.472560e-35   7.000000e+01   1.068755e-38   9.027548e-37   1.967350e-15   4.485302e-38   7.968564e-36  -1.200000e+02
  1.7143356027638e-01  -1.424050e-37  -1.820016e-35   7.000000e+01   1.212071e-38   4.013823e-37   1.967350e-15   6.350860e-38   9.007517e-36  -1.200000e+02
  1.7363142643377e-01  -1.860319e-37  -2.149912e-35   7.000000e+01   1.169110e-38  -7.923181e-37   1.967350e-15   8.270446e-38   8.460206e-36  -1.200000e+02
  1.7582929259116e-01  -2.358986e-37  -2.387822e-35   7.000000e+01   7.398032e-39  -3.114259e-36   1.967350e-15   9.736972e-38   4.884788e-36  -1.200000e+02
  1.7802715874855e-01  -2.886594e-37  -2.413273e-35   7.000000e+01  -3.898932e-39  -7.165680e-36   1.967350e-15   9.863508e-38  -3.733340e-36  -1.200000e+02
  1.8022502490594e-01  -3.376415e-37  -2.043972e-35   7.000000e+01  -2.686474e-38  -1.373260e-35   1.967350e-15   7.255621e-38  -1.999774e-35  -1.200000e+02
  1.8242289106333e-01  -3.713013e-37  -1.018979e-35   7.000000e+01  -6.809284e-38  -2.378387e-35   1.967350e-15  -1.069841e-39  -4.700001e-35  -1.200000e+02
  1.8462075722072e-01  -3.713264e-37   1.016693e-35   7.000000e+01  -1.364637e-37  -3.843181e-35   1.967350e-15  -1.494694e-37  -8.803962e-35  -1.200000e+02
  1.8681862337811e-01  -3.104607e-37   4.521925e-35   7.000000e+01  -2.433536e-37  -5.883515e-35   1.967350e-15  -4.067724e-37  -1.460993e-34  -1.200000e+02
  1.8901648953550e-01  -1.502425e-37   1.005751e-34   7.000000e+01  -4.025407e-37  -8.602093e-35   1.967350e-15  -8.124105e-37  -2.230207e-34  -1.200000e+02
  1.9121435569288e-01   1.609884e-37   1.826368e-34   7.000000e+01  -6.296047e-37  -1.206013e-34   1.967350e-15  -1.407343e-36  -3.183525e-34  -1.200000e+02
  1.9341222185027e-01   6.892425e-37   2.980605e-34   7.000000e+01  -9.405650e-37  -1.623644e-34   1.967350e-15  -2.227423e-36  -4.278979e-34  -1.200000e+02
  1.9561008800766e-01   1.514354e-36   4.527688e-34   7.000000e+01  -1.349471e-36  -2.097297e-34   1.967350e-15  -3.293346e-36  -5.420648e-34  -1.200000e+02
  1.9780795416505e-01   2.726637e-36   6.503773e-34   7.000000e+01  -1.864654e-36  -2.590730e-34   1.967350e-15  -4.597011e-36  -6.442356e-34  -1.200000e+02
  2.0000582032244e-01   4.419310e-36   8.899101e-34   7.000000e+01  -2.483388e-36  -3.039585e-34   1.967350e-15  -6.084671e-36  -7.094953e-34  -1.200000e+02
  2.0220368647983e-01   6.675019e-36   1.162725e-33   7.000000e+01  -3.184846e-36  -3.343492e-34   1.967350e-15  -7.638222e-36  -7.041949e-34  -1.200000e+02
  2.0440155263722e-01   9.544756e-36   1.448660e-33   7.000000e+01  -3.921423e-36  -3.359166e-34   1.967350e-15  -9.057092e-36  -5.869390e-34  -1.200000e+02
  2.0659941879461e-01   1.301763e-35   1.711567e-33   7.000000e+01  -4.608851e-36  -2.896250e-34   1.967350e-15  -1.004457e-35  -3.116437e-34  -1.200000e+02
  2.0879728495200e-01   1.698057e-35   1.894600e-33   7.000000e+01  -5.115945e-36  -1.718168e-34   1.967350e-15  -1.020383e-35   1.667291e-34  -1.200000e+02
  2.1099515110939e-01   2.116807e-35   1.915912e-33   7.000000e+01  -5.255386e-36   4.492880e-35   1.967350e-15  -9.049863e-36   8.833459e-34  -1.200000e+02
  2.1319301726678e-01   2.510406e-35   1.665736e-33   7.000000e+01  -4.777569e-36   3.898720e-34   1.967350e-15  -6.044395e-36   1.851550e-33  -1.200000e+02
  2.1539088342417e-01   2.804030e-35   1.006161e-33   7.000000e+01  -3.370146e-36   8.908465e-34   1.967350e-15  -6.597232e-37   3.048358e-33  -1.200000e+02
  2.1758874958156e-01   2.889902e-35  -2.247474e-34   7.000000e+01  -6.664450e-37   1.569450e-33   1.967350e-15   7.524201e-36   4.398797e-33  -1.200000e+02
  2.1978661573895e-01   2.623145e-35  -2.202673e-33   7.000000e+01   3.733764e-36   2.434624e-33   1.967350e-15   1.868968e-35   5.761496e-33  -1.200000e+02
  2.2198448189634e-01   1.820769e-35  -5.098738e-33   7.000000e+01   1.022782e-35   3.474793e-33   1.967350e-15   3.262473e-35   6.919023e-33  -1.200000e+02
  2.2418234805373e-01   2.657379e-36  -9.051630e-33   7.000000e+01   1.915533e-35   4.649011e-33   1.967350e-15   4.855537e-35   7.577440e-33  -1.200000e+02
  2.2638021421112e-01  -2.281693e-35  -1.412932e-32   7.000000e+01   3.072378e-35   5.877964e-33   1.967350e-15   6.499284e-35   7.380229e-33  -1.200000e+02
  2.2857808036851e-01  -6.063128e-35  -2.028074e-32   7.000000e+01   4.491543e-35   7.036068e-33   1.967350e-15   7.963275e-35   5.941703e-33  -1.200000e+02
  2.3077594652590e-01  -1.128969e-34  -2.727964e-32   7.000000e+01   6.138006e-35   7.946311e-33   1.967350e-15   8.935368e-35   2.904079e-33  -1.200000e+02
  2.3297381268328e-01  -1.809700e-34  -3.466503e-32   7.000000e+01   7.932136e-35   8.379793e-33   1.967350e-15   9.036923e-35  -1.979946e-33  -1.200000e+02
  2.3517167884067e-01  -2.648742e-34  -4.168554e-32   7.000000e+01   9.738983e-35   8.062044e-33   1.967350e-15   7.858749e-35  -8.741124e-33  -1.200000e+02
  2.3736954499806e-01  -3.626167e-34  -4.725757e-32   7.000000e+01   1.135992e-34   6.688070e-33   1.967350e-15   5.022103e-35  -1.707160e-32  -1.200000e+02
  2.3956741115545e-01  -4.694416e-34  -4.995027e-32   7.000000e+01   1.252870e-34   3.947511e-33   1.967350e-15   2.666923e-36  -2.620138e-32  -1.200000e+02
  2.4176527731284e-01  -5.770949e-34  -4.801143e-32   7.000000e+01   1.291419e-34  -4.397104e-34   1.967350e-15  -6.436471e-35  -3.479564e-32  -1.200000e+02
  2.4396314347023e-01  -6.732085e-34  -3.944934e-32   7.000000e+01   1.213196e-34  -6.678374e-33   1.967350e-15  -1.475526e-34  -4.090314e-32  -1.200000e+02
  2.4616100962762e-01  -7.409384e-34  -2.218311e-32   7.000000e+01   9.766489e-35  -1.484674e-32   1.967350e-15  -2.386490e-34  -4.199217e-32  -1.200000e+02
  2.4835887578501e-01  -7.590185e-34   5.730680e-33   7.000000e+01   5.404677e-35  -2.484459e-32   1.967350e-15  -3.233829e-34  -3.511339e-32  -1.200000e+02
  2.5055674194240e-01  -7.023944e-34   4.579578e-32   7.000000e+01  -1.320034e-35  -3.634850e-32   1.967350e-15  -3.809010e-34  -1.722656e-32  -1.200000e+02
  2.5275460809979e-01  -5.435906e-34   9.871150e-32   7.000000e+01  -1.067557e-34  -4.878436e-32   1.967350e-15  -3.841361e-34   1.428269e-32  -1.200000e+02
  2.5495247425718e-01  -2.549173e-34   1.639736e-31   7.000000e+01  -2.277626e-34  -6.132876e-32   1.967350e-15  -3.015271e-34   6.088927e-32  -1.200000e+02
  2.5715034041457e-01   1.884581e-34   2.394863e-31   7.000000e+01  -3.753264e-34  -7.295041e-32   1.967350e-15  -1.004972e-34   1.220426e-31  -1.200000e+02
  2.5934820657196e-01   8.046695e-34   3.212497e-31   7.000000e+01  -5.461573e-34  -8.250119e-32   1.967350e-15   2.470028e-34   1.941733e-31  -1.200000e+02
  2.6154607272935e-01   1.600790e-33   4.031987e-31   7.000000e+01  -7.344729e-34  -8.886104e-32   1.967350e-15   7.567766e-34   2.697074e-31  -1.200000e+02
  2.6374393888674e-01   2.568378e-33   4.772807e-31   7.000000e+01  -9.322751e-34  -9.113367e-32   1.967350e-15   1.422690e-33   3.362558e-31  -1.200000e+02
  2.6594180504413e-01   3.679545e-33   5.338518e-31   7.000000e+01  -1.130097e-33  -8.887867e-32   1.967350e-15   2.205628e-33   3.761970e-31  -1.200000e+02
  2.6813967120152e-01   4.884313e-33   5.624552e-31   7.000000e+01  -1.318268e-33  -8.235197e-32   1.967350e-15   3.022249e-33   3.669064e-31  -1.200000e+02
  2.7033753735891e-01   6.110126e-33   5.530022e-31   7.000000e+01  -1.488672e-33  -7.271122e-32   1.967350e-15   3.735244e-33   2.819006e-31  -1.200000e+02
  2.7253540351630e-01   7.264356e-33   4.973168e-31   7.000000e+01  -1.636850e-33  -6.212726e-32   1.967350e-15   4.147384e-33   9.313599e-32  -1.200000e+02
  2.7473326967368e-01   8.240467e-33   3.909182e-31   7.000000e+01  -1.764170e-33  -5.373000e-32   1.967350e-15   4.002067e-33  -2.253710e-31  -1.200000e+02
  2.7693113583107e-01   8.928107e-33   2.348158e-31   7.000000e+01  -1.879602e-33  -5.131078e-32   1.967350e-15   2.993312e-33  -6.925691e-31  -1.200000e+02
  2.7912900198846e-01   9.226790e-33   3.697840e-32   7.000000e+01  -2.000504e-33  -5.870624e-32   1.967350e-15   7.880015e-34  -1.314205e-30  -1.200000e+02
  2.8132686814585e-01   9.061966e-33  -1.869642e-31   7.000000e+01  -2.151621e-33  -7.880637e-32   1.967350e-15  -2.937473e-33  -2.075878e-30  -1.200000e+02
  2.8352473430324e-01   8.401211e-33  -4.143054e-31   7.000000e+01  -2.361484e-33  -1.121639e-31   1.967350e-15  -8.445211e-33  -2.936018e-30  -1.200000e+02
  2.8572260046063e-01   7.267132e-33  -6.176771e-31   7.000000e+01  -2.655341e-33  -1.552383e-31   1.967350e-15  -1.586942e-32  -3.819812e-30  -1.200000e+02
  2.8792046661802e-01   5.742410e-33  -7.697788e-31   7.000000e+01  -3.043947e-33  -1.983823e-31   1.967350e-15  -2.513909e-32  -4.615344e-30  -1.200000e+02
  2.9011833277541e-01   3.961572e-33  -8.507373e-31   7.000000e+01  -3.507871e-33  -2.237763e-31   1.967350e-15  -3.589631e-32  -5.173445e-30  -1.200000e+02
  2.9231619893280e-01   2.083668e-33  -8.581050e-31   7.000000e+01  -3.977552e-33  -2.036207e-31   1.967350e-15  -4.741997e-32  -5.312771e-30  -1.200000e+02
  2.9451406509019e-01   2.405934e-34  -8.190445e-31   7.000000e+01  -4.310124e-33  -9.901134e-32   1.967350e-15  -5.856779e-32  -4.831454e-30  -1.200000e+02
  2.9671193124758e-01  -1.542625e-33  -8.036372e-31   7.000000e+01  -4.265102e-33   1.399803e-31   1.967350e-15  -6.775237e-32  -3.526270e-30  -1.200000e+02
  2.9890979740497e-01  -3.456040e-33  -9.375195e-31   7.000000e+01  -3.482213e-33   5.724278e-31   1.967350e-15  -7.296765e-32  -1.219502e-30  -1.200000e+02
  3.0110766356236e-01  -6.037163e-33  -1.411234e-30   7.000000e+01  -1.466013e-33   1.262261e-30   1.967350e-15  -7.188204e-32   2.207377e-30  -1.200000e+02
  3.0330552971975e-01  -1.031655e-32  -2.482897e-30   7.000000e+01   2.416815e-33   2.271010e-30   1.967350e-15  -6.201059e-32   6.775378e-30  -1.200000e+02
  3.0550339587714e-01  -1.795746e-32  -4.470129e-30   7.000000e+01   8.920526e-33   3.647194e-30   1.967350e-15  -4.097247e-32   1.236876e-29  -1.200000e+02
  3.0770126203453e-01  -3.136110e-32  -7.726827e-30   7.000000e+01   1.887621e-32   5.412211e-30   1.967350e-15  -6.829854e-33   1.870012e-29  -1.200000e+02
  3.0989912819192e-01  -5.369949e-32  -1.260051e-29   7.000000e+01   3.311314e-32   7.543021e-30   1.967350e-15   4.150860e-32   2.528659e-29  -1.200000e+02
  3.1209699434931e-01  -8.882933e-32  -1.936673e-29   7.000000e+01   5.233946e-32   9.952415e-30   1.967350e-15   1.038523e-31   3.144450e-29  -1.200000e+02
  3.1429486050670e-01  -1.410347e-31  -2.813873e-29   7.000000e+01   7.697833e-32   1.246831e-29   1.967350e-15   1.783106e-31   3.631066e-29  -1.200000e+02
  3.1649272666408e-01  -2.145444e-31  -3.875320e-29   7.000000e+01   1.069600e-31   1.481422e-29   1.967350e-15   2.609588e-31   3.889697e-29  -1.200000e+02
  3.1869059282147e-01  -3.127778e-31  -5.063661e-29   7.000000e+01   1.414753e-31   1.659379e-29   1.967350e-15   3.456650e-31   3.818343e-29  -1.200000e+02
  3.2088845897886e-01  -4.372850e-31  -6.266164e-29   7.000000e+01   1.787035e-31   1.728293e-29   1.967350e-15   4.241662e-31   3.325058e-29  -1.200000e+02
  3.2308632513625e-01  -5.863774e-31  -7.300849e-29   7.000000e+01   2.155360e-31   1.623362e-29   1.967350e-15   4.864738e-31   2.344768e-29  -1.200000e+02
  3.2528419129364e-01  -7.534822e-31  -7.905243e-29   7.000000e+01   2.473251e-31   1.269364e-29   1.967350e-15   5.216764e-31   8.585728e-30  -1.200000e+02
  3.2748205745103e-01  -9.253083e-31  -7.730479e-29   7.000000e+01   2.676995e-31   5.846537e-30   1.967350e-15   5.191742e-31  -1.086257e-29  -1.200000e+02
  3.2967992360842e-01  -1.079977e-30  -6.344001e-29   7.000000e+01   2.684926e-31  -5.124834e-30   1.967350e-15   4.703322e-31  -3.358242e-29  -1.200000e+02
  3.3187778976581e-01  -1.185349e-30  -3.244502e-29   7.000000e+01   2.398396e-31  -2.094869e-29   1.967350e-15   3.704696e-31  -5.728987e-29  -1.200000e+02
  3.3407565592320e-01  -1.197847e-30   2.107220e-29   7.000000e+01   1.705003e-31  -4.214823e-29   1.967350e-15   2.210281e-31  -7.869798e-29  -1.200000e+02
  3.3627352208059e-01  -1.062179e-30   1.023814e-28   7.000000e+01   4.846453e-32  -6.890109e-29   1.967350e-15   3.166350e-32  -9.361876e-29  -1.200000e+02
  3.3847138823798e-01  -7.123973e-31   2.159110e-28   7.000000e+01  -1.381129e-31  -1.008794e-28   1.967350e-15  -1.780799e-31  -9.724217e-29  -1.200000e+02
  3.4066925439537e-01  -7.478208e-32   3.643020e-28   7.000000e+01  -3.996139e-31  -1.370795e-28   1.967350e-15  -3.779407e-31  -8.462587e-29  -1.200000e+02
  3.4286712055276e-01   9.269478e-31   5.472456e-28   7.000000e+01  -7.432861e-31  -1.756532e-28   1.967350e-15  -5.274403e-31  -5.141482e-29  -1.200000e+02
  3.4506498671015e-01   2.363686e-30   7.601477e-28   7.000000e+01  -1.171223e-30  -2.137580e-28   1.967350e-15  -5.782138e-31   5.212269e-30  -1.200000e+02
  3.4726285286754e-01   4.289944e-30   9.926966e-28   7.000000e+01  -1.678056e-30  -2.474465e-28   1.967350e-15  -4.786334e-31   8.540326e-29  -1.200000e+02
  3.4946071902493e-01   6.729742e-30   1.227454e-27   7.000000e+01  -2.248472e-30  -2.716170e-28   1.967350e-15  -1.810710e-31   1.853707e-28  -1.200000e+02
  3.5165858518232e-01   9.659595e-30   1.438635e-27   7.000000e+01  -2.854718e-30  -2.800512e-28   1.967350e-15   3.480574e-31   2.961221e-28  -1.200000e+02
  3.5385645133971e-01   1.298927e-29   1.591283e-27   7.000000e+01  -3.454315e-30  -2.655657e-28   1.967350e-15   1.115623e-30   4.023420e-28  -1.200000e+02
  3.5605431749710e-01   1.654144e-29   1.641098e-27   7.000000e+01  -3.988247e-30  -2.202983e-28   1.967350e-15   2.087050e-30   4.816307e-28  -1.200000e+02
  3.5825218365448e-01   2.003196e-29   1.535183e-27   7.000000e+01  -4.379963e-30  -1.361526e-28   1.967350e-15   3.170566e-30   5.043401e-28  -1.200000e+02
  3.6045004981187e-01   2.305315e-29   1.214015e-27   7.000000e+01  -4.535535e-30  -5.413977e-30   1.967350e-15   4.202039e-30   4.342736e-28  -1.200000e+02
  3.6264791596926e-01   2.506301e-29   6.149060e-28   7.000000e+01  -4.345372e-30   1.784576e-28   1.967350e-15   4.932601e-30   2.305183e-28  -1.200000e+02
  3.6484578212665e-01   2.538401e-29  -3.228040e-28   7.000000e+01  -3.687859e-30   4.198616e-28   1.967350e-15   5.021807e-30  -1.493439e-28  -1.200000e+02
  3.6704364828404e-01   2.321528e-29  -1.650687e-27   7.000000e+01  -2.435295e-30   7.199382e-28   1.967350e-15   4.039577e-30  -7.444591e-28  -1.200000e+02
  3.6924151444143e-01   1.766241e-29  -3.402273e-27   7.000000e+01  -4.624150e-31   1.075330e-27   1.967350e-15   1.480460e-30  -1.584270e-27  -1.200000e+02
  3.7143938059882e-01   7.788892e-30  -5.582368e-27   7.000000e+01   2.342295e-30   1.476881e-27   1.967350e-15  -3.206217e-30  -2.680483e-27  -1.200000e+02
  3.7363724675621e-01  -7.307599e-30  -8.155039e-27   7.000000e+01   6.062423e-30   1.908338e-27   1.967350e-15  -1.056705e-29  -4.017682e-27  -1.200000e+02
  3.7583511291360e-01  -2.839168e-29  -1.103092e-26   7.000000e+01   1.073673e-29   2.345156e-27   1.967350e-15  -2.107367e-29  -5.543062e-27  -1.200000e+02
  3.7803297907099e-01  -5.595920e-29  -1.405479e-26   7.000000e+01   1.633984e-29   2.753528e-27   1.967350e-15  -3.502911e-29  -7.156023e-27  -1.200000e+02
  3.8023084522838e-01  -9.008062e-29  -1.699480e-26   7.000000e+01   2.276123e-29   3.089762e-27   1.967350e-15  -5.245236e-29  -8.698669e-27  -1.200000e+02
  3.8242871138577e-01  -1.302241e-28  -1.953472e-26   7.000000e+01   2.978335e-29   3.300186e-27   1.967350e-15  -7.294439e-29  -9.948537e-27  -1.200000e+02
  3.8462657754316e-01  -1.750673e-28  -2.127143e-26   7.000000e+01   3.706041e-29   3.321747e-27   1.967350e-15  -9.554252e-29  -1.061516e-26  -1.200000e+02
  3.8682444370055e-01  -2.223114e-28  -2.171938e-26   7.000000e+01   4.409937e-29   3.083517e-27   1.967350e-15  -1.185734e-28  -1.034231e-26  -1.200000e+02
  3.8902230985794e-01  -2.685146e-28  -2.032438e-26   7.000000e+01   5.024549e-29   2.509295e-27   1.967350e-15  -1.395192e-28  -8.717844e-27  -1.200000e+02
  3.9122017601533e-01  -3.089698e-28  -1.648872e-26   7.000000e+01   5.467509e-29   1.521517e-27   1.967350e-15  -1.549164e-28  -5.293133e-27  -1.200000e+02
  3.9341804217272e-01  -3.376498e-28  -9.609353e-27   7.000000e+01   5.639841e-29   4.666769e-29   1.967350e-15  -1.603088e-28   3.861149e-28  -1.200000e+02
  3.9561590833011e-01  -3.472541e-28   8.696412e-28   7.000000e+01   5.427637e-29  -1.977673e-27   1.967350e-15  -1.502839e-28   8.736328e-27  -1.200000e+02
  3.9781377448750e-01  -3.293859e-28   1.539001e-26   7.000000e+01   4.705448e-29  -4.594061e-27   1.967350e-15  -1.186177e-28   2.007908e-26  -1.200000e+02
  4.0001164064488e-01  -2.748914e-28   3.419855e-26   7.000000e+01   3.341805e-29  -7.814727e-27   1.967350e-15  -5.856097e-29   3.457092e-26  -1.200000e+02
  4.0220950680227e-01  -1.743901e-28   5.725488e-26   7.000000e+01   1.207203e-29  -1.160959e-26   1.967350e-15   3.670821e-29   5.212151e-26  -1.200000e+02
  4.0440737295966e-01  -1.901543e-29   8.413199e-26   7.000000e+01  -1.815163e-29  -1.589314e-26   1.967350e-15   1.734427e-28   7.230323e-26  -1.200000e+02
  4.0660523911705e-01   1.986256e-28   1.139156e-25   7.000000e+01  -5.815708e-29  -2.051076e-26   1.967350e-15   3.564816e-28   9.425737e-26  -1.200000e+02
  4.0880310527444e-01   4.832777e-28   1.451104e-25   7.000000e+01  -1.084182e-28  -2.522550e-26   1.967350e-15   5.882039e-28   1.166038e-25  -1.200000e+02
  4.1100097143183e-01   8.356777e-28   1.755642e-25   7.000000e+01  -1.687847e-28  -2.970647e-26   1.967350e-15   8.672973e-28   1.373638e-25  -1.200000e+02
  4.1319883758922e-01   1.251058e-27   2.024212e-25   7.000000e+01  -2.382670e-28  -3.352053e-26   1.967350e-15   1.187385e-27   1.539076e-25  -1.200000e+02
  4.1539670374661e-01   1.717599e-27   2.221187e-25   7.000000e+01  -3.148075e-28  -3.612931e-26   1.967350e-15   1.535579e-27   1.629398e-25  -1.200000e+02
  4.1759456990400e-01   2.214933e-27   2.304422e-25   7.000000e+01  -3.950550e-28  -3.689378e-26   1.967350e-15   1.891061e-27   1.605394e-25  -1.200000e+02
  4.1979243606139e-01   2.712854e-27   2.226525e-25   7.000000e+01  -4.741593e-28  -3.508900e-26   1.967350e-15   2.223826e-27   1.422679e-25  -1.200000e+02
  4.2199030221878e-01   3.170395e-27   1.936974e-25   7.000000e+01  -5.456126e-28  -2.993164e-26   1.967350e-15   2.493759e-27   1.033645e-25  -1.200000e+02
  4.2418816837617e-01   3.535479e-27   1.385198e-25   7.000000e+01  -6.011683e-28  -2.062259e-26   1.967350e-15   2.650253e-27   3.904012e-26  -1.200000e+02
  4.2638603453356e-01   3.745360e-27   5.246602e-26   7.000000e+01  -6.308720e-28  -6.406918e-27   1.967350e-15   2.632584e-27  -5.511796e-26  -1.200000e+02
  4.2858390069095e-01   3.728063e-27  -6.820605e-26   7.000000e+01  -6.232441e-28   1.334810e-26   1.967350e-15   2.371320e-27  -1.826251e-25  -1.200000e+02
  4.3078176684834e-01   3.405049e-27  -2.257279e-25   7.000000e+01  -5.656547e-28   3.905667e-26   1.967350e-15   1.790984e-27  -3.454653e-25  -1.200000e+02
  4.3297963300573e-01   2.695273e-27  -4.201497e-25   7.000000e+01  -4.449275e-28   7.080194e-26   1.967350e-15   8.142296e-28  -5.433555e-25  -1.200000e+02
  4.3517749916312e-01   1.520756e-27  -6.486291e-25   7.000000e+01  -2.482037e-28   1.082115e-25   1.967350e-15  -6.322867e-28  -7.729360e-25  -1.200000e+02
  4.3737536532051e-01  -1.862723e-28  -9.047214e-25   7.000000e+01   3.591289e-29   1.503272e-25   1.967350e-15  -2.610212e-27  -1.026924e-24  -1.200000e+02
  4.3957323147790e-01  -2.474745e-27  -1.177728e-24   7.000000e+01   4.159316e-28   1.954798e-25   1.967350e-15  -5.159975e-27  -1.293292e-24  -1.200000e+02
  4.4177109763529e-01  -5.364829e-27  -1.452172e-24   7.000000e+01   8.957915e-28   2.411800e-25   1.967350e-15  -8.289550e-27  -1.554539e-24  -1.200000e+02
  4.4396896379267e-01  -8.837066e-27  -1.707472e-24   7.000000e+01   1.472976e-27   2.840428e-25   1.967350e-15  -1.196185e-26  -1.787158e-24  -1.200000e+02
  4.4616682995006e-01  -1.282112e-26  -1.917912e-24   7.000000e+01   2.136517e-27   3.197613e-25   1.967350e-15  -1.608126e-26  -1.961396e-24  -1.200000e+02
  4.4836469610745e-01  -1.718487e-26  -2.052986e-24   7.000000e+01   2.865014e-27   3.431520e-25   1.967350e-15  -2.048011e-26  -2.041436e-24  -1.200000e+02
  4.5056256226484e-01  -2.172477e-26  -2.078203e-24   7.000000e+01   3.624860e-27   3.482882e-25   1.967350e-15  -2.490613e-26  -1.986128e-24  -1.200000e+02
  4.5276042842223e-01  -2.615857e-26  -1.956433e-24   7.000000e+01   4.368871e-27   3.287420e-25   1.967350e-15  -2.901232e-26  -1.750392e-24  -1.200000e+02
  4.5495829457962e-01  -3.012164e-26  -1.649854e-24   7.000000e+01   5.035582e-27   2.779476e-25   1.967350e-15  -3.235067e-26  -1.287418e-24  -1.200000e+02
  4.5715616073701e-01  -3.316829e-26  -1.122515e-24   7.000000e+01   5.549489e-27   1.896937e-25   1.967350e-15  -3.437178e-26  -5.517427e-25  -1.200000e+02
  4.5935402689440e-01  -3.477937e-26  -3.435329e-25   7.000000e+01   5.822505e-27   5.874415e-26   1.967350e-15  -3.443224e-26   4.967307e-25  -1.200000e+02
  4.6155189305179e-01  -3.437758e-26   7.091578e-25   7.000000e+01   5.756917e-27  -1.184273e-25   1.967350e-15  -3.181181e-26   1.887784e-24  -1.200000e+02
  4.6374975920918e-01  -3.135139e-26   2.044586e-24   7.000000e+01   5.250043e-27  -3.428153e-25   1.967350e-15  -2.574256e-26   3.635077e-24  -1.200000e+02
  4.6594762536657e-01  -2.508876e-26   3.654245e-24   7.000000e+01   4.200745e-27  -6.120181e-25   1.967350e-15  -1.545135e-26   5.729649e-24  -1.200000e+02
  4.6814549152396e-01  -1.502057e-26   5.507542e-24   7.000000e+01   2.517829e-27  -9.193912e-25   1.967350e-15  -2.172218e-28   8.133005e-24  -1.200000e+02
  4.7034335768135e-01  -6.739445e-28   7.547506e-24   7.000000e+01   1.301906e-28  -1.253296e-24   1.967350e-15   2.055611e-26   1.077018e-23  -1.200000e+02
  4.7254122383874e-01   1.826576e-26   9.687124e-24   7.000000e+01  -3.001586e-27  -1.596537e-24   1.967350e-15   4.725301e-26   1.352329e-23  -1.200000e+02
  4.7473908999613e-01   4.188608e-26   1.180674e-23   7.000000e+01  -6.872713e-27  -1.926086e-24   1.967350e-15   7.994574e-26   1.622623e-23  -1.200000e+02
  4.7693695615352e-01   6.997451e-26   1.375299e-23   7.000000e+01  -1.142151e-26  -2.213203e-24   1.967350e-15   1.182848e-25   1.866126e-23  -1.200000e+02
  4.7913482231091e-01   1.019454e-25   1.533971e-23   7.000000e+01  -1.651756e-26  -2.424061e-24   1.967350e-15   1.613844e-25   2.055832e-23  -1.200000e+02
  4.8133268846830e-01   1.367719e-25   1.635145e-23   7.000000e+01  -2.195179e-26  -2.520947e-24   1.967350e-15   2.077115e-25   2.159803e-23  -1.200000e+02
  4.8353055462569e-01   1.729282e-25   1.654983e-23   7.000000e+01  -2.743005e-26  -2.464121e-24   1.967350e-15   2.549845e-25   2.141918e-23  -1.200000e+02
  4.8572842078307e-01   2.083502e-25   1.568328e-23   7.000000e+01  -3.257136e-26  -2.214342e-24   1.967350e-15   3.000967e-25   1.963173e-23  -1.200000e+02
  4.8792628694046e-01   2.404210e-25   1.350033e-23   7.000000e+01  -3.691257e-26  -1.736044e-24   1.967350e-15   3.390732e-25   1.583580e-23  -1.200000e+02
  4.9012415309785e-01   2.659897e-25   9.766445e-24   7.000000e+01  -3.992048e-26  -1.001066e-24   1.967350e-15   3.670774e-25   9.647314e-24  -1.200000e+02
  4.9232201925524e-01   2.814306e-25   4.284426e-24   7.000000e+01  -4.101266e-26   7.208230e-27   1.967350e-15   3.784818e-25   7.303618e-25  -1.200000e+02
  4.9451988541263e-01   2.827517e-25  -3.082290e-24   7.000000e+01  -3.958760e-26   1.289556e-24   1.967350e-15   3.670158e-25  -1.116410e-23  -1.200000e+02
  4.9671775157002e-01   2.657553e-25  -1.238399e-23   7.000000e+01  -3.506407e-26   2.826740e-24   1.967350e-15   3.260057e-25  -2.615400e-23  -1.200000e+02
  4.9891561772741e-01   2.262576e-25  -2.355789e-23   7.000000e+01  -2.692912e-26   4.575851e-24   1.967350e-15   2.487156e-25  -4.417792e-23  -1.200000e+02
  5.0111348388480e-01   1.603661e-25  -3.640162e-23   7.000000e+01  -1.479315e-26   6.467556e-24   1.967350e-15   1.287967e-25  -6.494514e-23  -1.200000e+02
  5.0331135004219e-01   6.481344e-26  -5.054877e-23   7.000000e+01   1.550491e-27   8.404726e-24   1.967350e-15  -3.915549e-26  -8.788691e-23  -1.200000e+02
  5.0550921619958e-01  -6.266001e-26  -6.544870e-23   7.000000e+01   2.206491e-26   1.026285e-23   1.967350e-15  -2.589418e-25  -1.121128e-22  -1.200000e+02
  5.0770708235697e-01  -2.228862e-25  -8.035287e-23   7.000000e+01   4.641232e-26   1.189265e-23   1.967350e-15  -5.320151e-25  -1.363767e-22  -1.200000e+02
  5.0990494851436e-01  -4.148296e-25  -9.431052e-23   7.000000e+01   7.390525e-26   1.312518e-23   1.967350e-15  -8.566768e-25  -1.590569e-22  -1.200000e+02
  5.1210281467175e-01  -6.351510e-25  -1.061761e-22   7.000000e+01   1.034718e-25   1.377958e-23   1.967350e-15  -1.227253e-24  -1.781572e-22  -1.200000e+02
  5.1430068082914e-01  -8.778032e-25  -1.146311e-22   7.000000e+01   1.336409e-25   1.367352e-23   1.967350e-15  -1.633297e-24  -1.913323e-22  -1.200000e+02
  5.1649854698653e-01  -1.133694e-24  -1.182226e-22   7.000000e+01   1.625533e-25   1.263600e-23   1.967350e-15  -2.058889e-24  -1.959450e-22  -1.200000e+02
  5.1869641314392e-01  -1.390452e-24  -1.154204e-22   7.000000e+01   1.880026e-25   1.052212e-23   1.967350e-15  -2.482092e-24  -1.891584e-22  -1.200000e+02
  5.2089427930131e-01  -1.632342e-24  -1.046931e-22   7.000000e+01   2.075100e-25   7.229109e-24   1.967350e-15  -2.874658e-24  -1.680668e-22  -1.200000e+02
  5.2309214545870e-01  -1.840367e-24  -8.460389e-23   7.000000e+01   2.184351e-25   2.712461e-24   1.967350e-15  -3.202068e-24  -1.298672e-22  -1.200000e+02
  5.2529001161609e-01  -1.992600e-24  -5.392447e-23   7.000000e+01   2.181204e-25  -2.998826e-24   1.967350e-15  -3.423983e-24  -7.206999e-23  -1.200000e+02
  5.2748787777347e-01  -2.064787e-24  -1.176414e-23   7.000000e+01   2.040669e-25  -9.789459e-24   1.967351e-15  -3.495212e-24   7.253566e-24  -1.200000e+02
  5.2968574393086e-01  -2.031241e-24   4.229013e-23   7.000000e+01   1.741338e-25  -1.744888e-23   1.967351e-15  -3.367243e-24   1.091952e-22  -1.200000e+02
  5.3188361008825e-01  -1.866051e-24   1.080289e-22   7.000000e+01   1.267517e-25  -2.566762e-23   1.967351e-15  -2.990408e-24   2.337147e-22  -1.200000e+02
  5.3408147624564e-01  -1.544604e-24   1.844788e-22   7.000000e+01   6.113681e-26  -3.404015e-23   1.967352e-15  -2.316701e-24   3.793405e-22  -1.200000e+02
  5.3627934240303e-01  -1.045411e-24   2.697740e-22   7.000000e+01  -2.250915e-26  -4.207546e-23   1.967352e-15  -1.303237e-24   5.428850e-22  -1.200000e+02
  5.3847720856042e-01  -3.521750e-25   3.610522e-22   7.000000e+01  -1.228318e-25  -4.921554e-23   1.967352e-15   8.370504e-26   7.191954e-22  -1.200000e+02
  5.4067507471781e-01   5.439378e-25   4.543867e-22   7.000000e+01  -2.372062e-25  -5.486213e-23   1.967353e-15   1.864153e-24   9.009653e-22  -1.200000e+02
  5.4287294087520e-01   1.641942e-24   5.447680e-22   7.000000e+01  -3.616854e-25  -5.841066e-23   1.967353e-15   4.039601e-24   1.078635e-21  -1.200000e+02
  5.4507080703259e-01   2.928701e-24   6.261484e-22   7.000000e+01  -4.910306e-25  -5.929005e-23   1.967353e-15   6.588074e-24   1.240407e-21  -1.200000e+02
  5.4726867318998e-01   4.376772e-24   6.915586e-22   7.000000e+01  -6.188322e-25  -5.700599e-23   1.967353e-15   9.459377e-24   1.372403e-21  -1.200000e+02
  5.4946653934737e-01   5.942608e-24   7.333100e-22   7.000000e+01  -7.377264e-25  -5.118462e-23   1.967352e-15   1.257088e-23   1.458985e-21  -1.200000e+02
  5.5166440550476e-01   7.565287e-24   7.432846e-22   7.000000e+01  -8.397049e-25  -4.161302e-23   1.967352e-15   1.580423e-23   1.483270e-21  -1.200000e+02
  5.5386227166215e-01   9.165997e-24   7.133193e-22   7.000000e+01  -9.165041e-25  -2.827225e-23   1.967351e-15   1.900333e-23   1.427827e-21  -1.200000e+02
  5.5606013781954e-01   1.064845e-23   6.356783e-22   7.000000e+01  -9.600562e-25  -1.135902e-23   1.967350e-15   2.197419e-23   1.275584e-21  -1.200000e+02
  5.5825800397693e-01   1.190045e-23   5.036052e-22   7.000000e+01  -9.629694e-25   8.708110e-24   1.967349e-15   2.448690e-23   1.010913e-21  -1.200000e+02
  5.6045587013432e-01   1.279668e-23   3.119390e-22   7.000000e+01  -9.190020e-25   3.130098e-23   1.967348e-15   2.628014e-23   6.208901e-22  -1.200000e+02
  5.6265373629171e-01   1.320296e-23   5.776849e-23   7.000000e+01  -8.234877e-25   5.561455e-23   1.967347e-15   2.706869e-23   9.666225e-23  -1.200000e+02
  5.6485160244910e-01   1.298193e-23  -2.589051e-22   7.000000e+01  -6.736650e-25   8.072017e-23   1.967345e-15   2.655390e-23  -5.651026e-22  -1.200000e+02
  5.6704946860649e-01   1.200009e-23  -6.345383e-22   7.000000e+01  -4.688701e-25   1.056377e-22   1.967344e-15   2.443749e-23  -1.360778e-21  -1.200000e+02
  5.6924733476387e-01   1.013627e-23  -1.061492e-21   7.000000e+01  -2.105555e-25   1.294218e-22   1.967342e-15   2.043825e-23  -2.278426e-21  -1.200000e+02
  5.7144520092126e-01   7.291026e-24  -1.527604e-21   7.000000e+01   9.789037e-26   1.512558e-22   1.967341e-15   1.431163e-23  -3.296636e-21  -1.200000e+02
  5.7364306707865e-01   3.396905e-24  -2.015944e-21   7.000000e+01   4.515259e-25   1.705432e-22   1.967340e-15   5.871504e-24  -4.383654e-21  -1.200000e+02
  5.7584093323604e-01  -1.571084e-24  -2.504794e-21   7.000000e+01   8.444260e-25   1.869854e-22   1.967339e-15  -4.986584e-24  -5.496918e-21  -1.200000e+02
  5.7803879939343e-01  -7.585224e-24  -2.967914e-21   7.000000e+01   1.270391e-24   2.006315e-22   1.967338e-15  -1.826172e-23  -6.583101e-21  -1.200000e+02
  5.8023666555082e-01  -1.455579e-23  -3.375119e-21   7.000000e+01   1.723721e-24   2.118870e-22   1.967339e-15  -3.382466e-23  -7.578769e-21  -1.200000e+02
  5.8243453170821e-01  -2.232341e-23  -3.693206e-21   7.000000e+01   2.199948e-24   2.214663e-22   1.967339e-15  -5.139715e-23  -8.411724e-21  -1.200000e+02
  5.8463239786560e-01  -3.065381e-23  -3.887235e-21   7.000000e+01   2.696386e-24   2.302792e-22   1.967341e-15  -7.053486e-23  -9.003091e-21  -1.200000e+02
  5.8683026402299e-01  -3.923581e-23  -3.922163e-21   7.000000e+01   3.212358e-24   2.392416e-22   1.967343e-15  -9.061596e-23  -9.270177e-21  -1.200000e+02
  5.8902813018038e-01  -4.768325e-23  -3.764786e-21   7.000000e+01   3.748914e-24   2.490098e-22   1.967346e-15  -1.108366e-22  -9.130067e-21  -1.200000e+02
  5.9122599633777e-01  -5.554142e-23  -3.385941e-21   7.000000e+01   4.307889e-24   2.596434e-22   1.967349e-15  -1.302152e-22  -8.503913e-21  -1.200000e+02
  5.9342386249516e-01  -6.229857e-23  -2.762879e-21   7.000000e+01   4.890165e-24   2.702115e-22   1.967353e-15  -1.476065e-22  -7.321777e-21  -1.200000e+02
  5.9562172865255e-01  -6.740264e-23  -1.881688e-21   7.000000e+01   5.493017e-24   2.783680e-22   1.967357e-15  -1.617275e-22  -5.527877e-21  -1.200000e+02
  5.9781959480994e-01  -7.028330e-23  -7.396416e-22   7.000000e+01   6.106551e-24   2.799321e-22   1.967362e-15  -1.711935e-22  -3.086003e-21  -1.200000e+02
  6.0001746096733e-01  -7.037884e-23   6.527053e-22   7.000000e+01   6.709267e-24   2.685234e-22   1.967367e-15  -1.745682e-22   1.515494e-23  -1.200000e+02
  6.0221532712472e-01  -6.716717e-23   2.269827e-21   7.000000e+01   7.262944e-24   2.353083e-22   1.967371e-15  -1.704228e-22   3.757077e-21  -1.200000e+02
  6.0441319328211e-01  -6.019997e-23   4.070140e-21   7.000000e+01   7.707169e-24   1.689249e-22   1.967375e-15  -1.574067e-22   8.087211e-21  -1.200000e+02
  6.0661105943950e-01  -4.913830e-23   5.995684e-21   7.000000e+01   7.953969e-24   5.565712e-23   1.967379e-15  -1.343257e-22   1.291585e-20  -1.200000e+02
  6.0880892559689e-01  -3.378795e-23   7.972733e-21   7.000000e+01   7.883181e-24  -1.200727e-22   1.967382e-15  -1.002256e-22   1.811437e-20  -1.200000e+02
  6.1100679175427e-01  -1.413223e-23   9.913452e-21   7.000000e+01   7.339317e-24  -3.748294e-22   1.967384e-15  -5.447738e-23   2.351528e-20  -1.200000e+02
  6.1320465791166e-01   9.640057e-24   1.171870e-20   7.000000e+01   6.130832e-24  -7.248595e-22   1.967386e-15   3.138966e-24   2.891407e-20  -1.200000e+02
  6.1540252406905e-01   3.711411e-23   1.328196e-20   7.000000e+01   4.032762e-24  -1.184329e-21   1.967386e-15   7.235793e-23   3.407335e-20  -1.200000e+02
  6.1760039022644e-01   6.763847e-23   1.449441e-20   7.000000e+01   7.937250e-25  -1.763109e-21   1.967385e-15   1.523629e-22   3.872908e-20  -1.200000e+02
  6.1979825638383e-01   1.003266e-22   1.525091e-20   7.000000e+01  -3.851752e-24  -2.464152e-21   1.967384e-15   2.417371e-22   4.259906e-20  -1.200000e+02
  6.2199612254122e-01   1.340722e-22   1.545675e-20   7.000000e+01  -1.016480e-23  -3.280558e-21   1.967382e-15   3.384349e-22   4.539332e-20  -1.200000e+02
  6.2419398869861e-01   1.675804e-22   1.503482e-20   7.000000e+01  -1.837715e-23  -4.192462e-21   1.967380e-15   4.397780e-22   4.682628e-20  -1.200000e+02
  6.2639185485600e-01   1.994138e-22   1.393271e-20   7.000000e+01  -2.865923e-23  -5.163961e-21   1.967378e-15   5.424802e-22   4.663003e-20  -1.200000e+02
  6.2858972101339e-01   2.280544e-22   1.212944e-20   7.000000e+01  -4.108189e-23  -6.140328e-21   1.967377e-15   6.427012e-22   4.456834e-20  -1.200000e+02
  6.3078758717078e-01   2.519786e-22   9.640994e-21   7.000000e+01  -5.557260e-23  -7.045832e-21   1.967377e-15   7.361311e-22   4.045044e-20  -1.200000e+02
  6.3298545332817e-01   2.697432e-22   6.524305e-21   7.000000e+01  -7.186797e-23  -7.782521e-21   1.967378e-15   8.181055e-22   3.414407e-20  -1.200000e+02
  6.3518331948556e-01   2.800767e-22   2.878931e-21   7.000000e+01  -8.946502e-23  -8.230336e-21   1.967380e-15   8.837454e-22   2.558658e-20  -1.200000e+02
  6.3738118564295e-01   2.819722e-22  -1.154079e-21   7.000000e+01  -1.075747e-22  -8.248982e-21   1.967383e-15   9.281206e-22   1.479362e-20  -1.200000e+02
  6.3957905180034e-01   2.747734e-22  -5.396632e-21   7.000000e+01  -1.250817e-22  -7.681899e-21   1.967387e-15   9.464265e-22   1.864292e-21  -1.200000e+02
  6.4177691795773e-01   2.582473e-22  -9.641717e-21   7.000000e+01  -1.405157e-22  -6.362675e-21   1.967390e-15   9.341696e-22  -1.301775e-20  -1.200000e+02
  6.4397478411512e-01   2.326343e-22  -1.366537e-20   7.000000e+01  -1.520400e-22  -4.124136e-21   1.967391e-15   8.873491e-22  -2.958771e-20  -1.200000e+02
  6.4617265027251e-01   1.986688e-22  -1.724240e-20   7.000000e+01  -1.574625e-22  -8.102273e-22   1.967389e-15   8.026262e-22  -4.750793e-20  -1.200000e+02
  6.4837051642990e-01   1.575599e-22  -2.016556e-20   7.000000e+01  -1.542766e-22   3.709368e-21   1.967382e-15   6.774700e-22  -6.638086e-20  -1.200000e+02
  6.5056838258729e-01   1.109289e-22  -2.226740e-20   7.000000e+01  -1.397361e-22   9.522125e-21   1.967366e-15   5.102705e-22  -8.576625e-20  -1.200000e+02
  6.5276624874467e-01   6.069539e-23  -2.344380e-20   7.000000e+01  -1.109707e-22   1.665359e-20   1.967339e-15   3.004094e-22  -1.052018e-19  -1.200000e+02
  6.5496411490206e-01   8.911904e-24  -2.367780e-20   7.000000e+01  -6.514446e-23   2.504706e-20   1.967299e-15   4.828377e-23  -1.242258e-19  -1.200000e+02
  6.5716198105945e-01  -4.245184e-23  -2.306185e-20   7.000000e+01   3.411413e-25   3.454310e-20   1.967242e-15  -2.447208e-22  -1.424006e-19  -1.200000e+02
  6.5935984721684e-01  -9.177012e-23  -2.181648e-20   7.000000e+01   8.759996e-23   4.486011e-20   1.967165e-15  -5.763063e-22  -1.593334e-19  -1.200000e+02
  6.6155771337423e-01  -1.380566e-22  -2.030296e-20   7.000000e+01   1.979745e-22   5.557775e-20   1.967068e-15  -9.433809e-22  -1.746948e-19  -1.200000e+02
  6.6375557953162e-01  -1.812781e-22  -1.902748e-20   7.000000e+01   3.317174e-22   6.612476e-20   1.966948e-15  -1.342210e-21  -1.882289e-19  -1.200000e+02
  6.6595344568901e-01  -2.226659e-22  -1.863433e-20   7.000000e+01   4.876538e-22   7.577329e-20   1.966807e-15  -1.768579e-21  -1.997559e-19  -1.200000e+02
  6.6815131184640e-01  -2.649968e-22  -1.988563e-20   7.000000e+01   6.628403e-22   8.364179e-20   1.966647e-15  -2.217953e-21  -2.091624e-19  -1.200000e+02
  6.7034917800379e-01  -3.128127e-22  -2.362562e-20   7.000000e+01   8.522417e-22   8.870844e-20   1.966472e-15  -2.685594e-21  -2.163788e-19  -1.200000e+02
  6.7254704416118e-01  -3.725438e-22  -3.072807e-20   7.000000e+01   1.048451e-21   8.983686e-20   1.966291e-15  -3.166620e-21  -2.213416e-19  -1.200000e+02
  6.7474491031857e-01  -4.524956e-22  -4.202597e-20   7.000000e+01   1.241481e-21   8.581569e-20   1.966113e-15  -3.655955e-21  -2.239406e-19  -1.200000e+02
  6.7694277647596e-01  -5.626637e-22  -5.822404e-20   7.000000e+01   1.418661e-21   7.541314e-20   1.965952e-15  -4.148159e-21  -2.239518e-19  -1.200000e+02
  6.7914064263335e-01  -7.143381e-22  -7.979568e-20   7.000000e+01   1.564665e-21   5.744655e-20   1.965825e-15  -4.637084e-21  -2.209574e-19  -1.200000e+02
  6.8133850879074e-01  -9.194683e-22  -1.068673e-19   7.000000e+01   1.661715e-21   3.086679e-20   1.965750e-15  -5.115356e-21  -2.142572e-19  -1.200000e+02
  6.8353637494813e-01  -1.189765e-21  -1.390953e-19   7.000000e+01   1.689983e-21  -5.144203e-21   1.965751e-15  -5.573648e-21  -2.027767e-19  -1.200000e+02
  6.8573424110552e-01  -1.535529e-21  -1.755411e-19   7.000000e+01   1.628212e-21  -5.106539e-20   1.965851e-15  -5.999765e-21  -1.849781e-19  -1.200000e+02
  6.8793210726291e-01  -1.964218e-21  -2.145548e-19   7.000000e+01   1.454595e-21  -1.069218e-19   1.966076e-15  -6.377537e-21  -1.587847e-19  -1.200000e+02
  6.9012997342030e-01  -2.478770e-21  -2.536741e-19   7.000000e+01   1.147893e-21  -1.721685e-19   1.966451e-15  -6.685582e-21  -1.215279e-19  -1.200000e+02
  6.9232783957769e-01  -3.075741e-21  -2.895532e-19   7.000000e+01   6.888173e-22  -2.455787e-19   1.966996e-15  -6.895979e-21  -6.992842e-20  -1.200000e+02
  6.9452570573507e-01  -3.743327e-21  -3.179320e-19   7.000000e+01   6.162995e-23  -3.251453e-19   1.967732e-15  -6.972964e-21  -1.256562e-22  -1.200000e+02
  6.9672357189246e-01  -4.459382e-21  -3.336593e-19   7.000000e+01  -7.440505e-22  -4.080026e-19   1.968670e-15  -6.871742e-21   9.223408e-20  -1.200000e+02
  6.9892143804985e-01  -5.189559e-21  -3.307826e-19   7.000000e+01  -1.731311e-21  -4.903785e-19   1.969814e-15  -6.537588e-21   2.118371e-19  -1.200000e+02
  7.0111930420724e-01  -5.885733e-21  -3.027174e-19   7.000000e+01  -2.893943e-21  -5.675862e-19   1.971156e-15  -5.905376e-21   3.634596e-19  -1.200000e+02
  7.0331717036463e-01  -6.484895e-21  -2.425039e-19   7.000000e+01  -4.214477e-21  -6.340646e-19   1.972676e-15  -4.899747e-21   5.516362e-19  -1.200000e+02
  7.0551503652202e-01  -6.908714e-21  -1.431603e-19   7.000000e+01  -5.662368e-21  -6.834776e-19   1.974337e-15  -3.436111e-21   7.802330e-19  -1.200000e+02
  7.0771290267941e-01  -7.063987e-21   1.866239e-21   7.000000e+01  -7.192472e-21  -7.088764e-19   1.976083e-15  -1.422686e-21   1.051931e-18  -1.200000e+02
  7.0991076883680e-01  -6.844179e-21   1.981529e-19   7.000000e+01  -8.743957e-21  -7.029334e-19   1.977840e-15   1.236243e-21   1.367623e-18  -1.200000e+02
  7.1210863499419e-01  -6.132268e-21   4.496676e-19   7.000000e+01  -1.023980e-20  -6.582486e-19   1.979515e-15   4.635646e-21   1.725744e-18  -1.200000e+02
  7.1430650115158e-01  -4.805049e-21   7.580662e-19   7.000000e+01  -1.158707e-20  -5.677274e-19   1.980993e-15   8.863563e-21   2.121549e-18  -1.200000e+02
  7.1650436730897e-01  -2.739045e-21   1.121943e-18   7.000000e+01  -1.267804e-20  -4.250258e-19   1.982141e-15   1.399332e-20   2.546391e-18  -1.200000e+02
  7.1870223346636e-01   1.819341e-22   1.536070e-18   7.000000e+01  -1.339243e-20  -2.250526e-19   1.982813e-15   2.007416e-20   2.987011e-18  -1.200000e+02
  7.2090009962375e-01   4.057584e-21   1.990668e-18   7.000000e+01  -1.360075e-20   3.548468e-20   1.982849e-15   2.712044e-20   3.424923e-18  -1.200000e+02
  7.2309796578114e-01   8.960390e-21   2.470755e-18   7.000000e+01  -1.316888e-20   3.575111e-19   1.982085e-15   3.509963e-20   3.835926e-18  -1.200000e+02
  7.2529583193853e-01   1.492363e-20   2.955634e-18   7.000000e+01  -1.196387e-20   7.390171e-19   1.980359e-15   4.391939e-20   4.189824e-18  -1.200000e+02
  7.2749369809592e-01   2.192847e-20   3.418585e-18   7.000000e+01  -9.861016e-21   1.174522e-18   1.977518e-15   5.341445e-20   4.450427e-18  -1.200000e+02
  7.2969156425331e-01   2.989069e-20   3.826825e-18   7.000000e+01  -6.751999e-21   1.654602e-18   1.973435e-15   6.333377e-20   4.575887e-18  -1.200000e+02
  7.3188943041070e-01   3.864767e-20   4.141796e-18   7.000000e+01  -2.553940e-21   2.165521e-18   1.968013e-15   7.332894e-20   4.519457e-18  -1.200000e+02
  7.3408729656809e-01   4.794647e-20   4.319867e-18   7.000000e+01   2.780858e-21   2.689003e-18   1.961204e-15   8.294481e-20   4.230726e-18  -1.200000e+02
  7.3628516272548e-01   5.743394e-20   4.313476e-18   7.000000e+01   9.254880e-21   3.202185e-18   1.953016e-15   9.161332e-20   3.657385e-18  -1.200000e+02
  7.3848302888286e-01   6.664986e-20   4.072776e-18   7.000000e+01   1.681550e-20   3.677781e-18   1.943532e-15   9.865192e-20   2.747554e-18  -1.200000e+02
  7.4068089504025e-01   7.502438e-20   3.547807e-18   7.000000e+01   2.534574e-20   4.084513e-18   1.932919e-15   1.032677e-19   1.452683e-18  -1.200000e+02
  7.4287876119764e-01   8.188062e-20   2.691194e-18   7.000000e+01   3.465625e-20   4.387805e-18   1.921437e-15   1.045685e-19  -2.689919e-19  -1.200000e+02
  7.4507662735503e-01   8.644398e-20   1.461340e-18   7.000000e+01   4.447917e-20   4.550788e-18   1.909449e-15   1.015822e-19  -2.448491e-18  -1.200000e+02
  7.4727449351242e-01   8.785876e-20  -1.739317e-19   7.000000e+01   5.446451e-20   4.535605e-18   1.897426e-15   9.328499e-20  -5.101722e-18  -1.200000e+02
  7.4947235966981e-01   8.521327e-20  -2.233391e-18   7.000000e+01   6.417975e-20   4.305016e-18   1.885941e-15   7.864000e-20  -8.224836e-18  -1.200000e+02
  7.5167022582720e-01   7.757394e-20  -4.718195e-18   7.000000e+01   7.311331e-20   3.824285e-18   1.875673e-15   5.664559e-20  -1.178950e-17  -1.200000e+02
  7.5386809198459e-01   6.402866e-20  -7.607649e-18   7.000000e+01   8.068231e-20   3.063303e-18   1.867385e-15   2.639443e-20  -1.573826e-17  -1.200000e+02
  7.5606595814198e-01   4.373930e-20  -1.085514e-17   7.000000e+01   8.624533e-20   1.998899e-18   1.861915e-15  -1.285795e-20  -1.998037e-17  -1.200000e+02
  7.5826382429937e-01   1.600267e-20  -1.438447e-17   7.000000e+01   8.912030e-20   6.172499e-19   1.860142e-15  -6.161610e-20  -2.438825e-17  -1.200000e+02
  7.6046169045676e-01  -1.968125e-20  -1.808695e-17   7.000000e+01   8.860772e-20  -1.083693e-18   1.862962e-15  -1.200610e-19  -2.879506e-17  -1.200000e+02
  7.6265955661415e-01  -6.353572e-20  -2.181946e-17   7.000000e+01   8.401904e-20  -3.091879e-18   1.871239e-15  -1.879626e-19  -3.299359e-17  -1.200000e+02
  7.6485742277154e-01  -1.154309e-19  -2.540380e-17   7.000000e+01   7.471006e-20  -5.379050e-18   1.885766e-15  -2.645918e-19  -3.673697e-17  -1.200000e+02
  7.6705528892893e-01  -1.748080e-19  -2.862778e-17   7.000000e+01   6.011836e-20  -7.899007e-18   1.907207e-15  -3.486365e-19  -3.974147e-17  -1.200000e+02
  7.6925315508632e-01  -2.406077e-19  -3.124817e-17   7.000000e+01   3.980418e-20  -1.058636e-17   1.936045e-15  -4.381261e-19  -4.169174e-17  -1.200000e+02
  7.7145102124371e-01  -3.112075e-19  -3.299583e-17   7.000000e+01   1.349317e-20  -1.335595e-17   1.972519e-15  -5.303710e-19  -4.224870e-17  -1.200000e+02
  7.7364888740110e-01  -3.843735e-19  -3.358328e-17   7.000000e+01  -1.888026e-20  -1.610301e-17   2.016568e-15  -6.219222e-19  -4.106037e-17  -1.200000e+02
  7.7584675355849e-01  -4.572306e-19  -3.271478e-17   7.000000e+01  -5.713112e-20  -1.870426e-17   2.067774e-15  -7.085576e-19  -3.777558e-17  -1.200000e+02
  7.7804461971588e-01  -5.262587e-19  -3.009890e-17   7.000000e+01  -1.007854e-19  -2.102000e-17   2.125311e-15  -7.853030e-19  -3.206069e-17  -1.200000e+02
  7.8024248587326e-01  -5.873182e-19  -2.546359e-17   7.000000e+01  -1.490475e-19  -2.289727e-17   2.187904e-15  -8.464912e-19  -2.361897e-17  -1.200000e+02
  7.8244035203065e-01  -6.357119e-19  -1.857337e-17   7.000000e+01  -2.007758e-19  -2.417412e-17   2.253801e-15  -8.858674e-19  -1.221235e-17  -1.200000e+02
  7.8463821818804e-01  -6.662862e-19  -9.248459e-18   7.000000e+01  -2.544687e-19  -2.468499e-17   2.320760e-15  -8.967439e-19   2.315002e-18  -1.200000e+02
  7.8683608434543e-01  -6.735760e-19   2.615014e-18   7.000000e+01  -3.082638e-19  -2.426714e-17   2.386059e-15  -8.722081e-19   2.001200e-17  -1.200000e+02
  7.8903395050282e-01  -6.519939e-19   1.702412e-17   7.000000e+01  -3.599523e-19  -2.276797e-17   2.446523e-15  -8.053844e-19   4.079585e-17  -1.200000e+02
  7.9123181666021e-01  -5.960661e-19   3.386866e-17   7.000000e+01  -4.070098e-19  -2.005315e-17   2.498584e-15  -6.897501e-19   6.442826e-17  -1.200000e+02
  7.9342968281760e-01  -5.007109e-19   5.290210e-17   7.000000e+01  -4.466466e-19  -1.601526e-17   2.538364e-15  -5.195011e-19   9.049382e-17  -1.200000e+02
  7.9562754897499e-01  -3.615561e-19   7.372507e-17   7.000000e+01  -4.758760e-19  -1.058270e-17   2.561784e-15  -2.899603e-19   1.183822e-16  -1.200000e+02
  7.9782541513238e-01  -1.752895e-19   9.577261e-17   7.000000e+01  -4.916030e-19  -3.728480e-18   2.564712e-15   1.979650e-21   1.472754e-16  -1.200000e+02
  8.0002328128977e-01   5.996941e-20   1.183068e-16   7.000000e+01  -4.907316e-19   4.521420e-18   2.543123e-15   3.573940e-19   1.761422e-16  -1.200000e+02
  8.0222114744716e-01   3.442878e-19   1.404155e-16   7.000000e+01  -4.702892e-19   1.408058e-17   2.493297e-15   7.748595e-19   2.037402e-16  -1.200000e+02
  8.0441901360455e-01   6.755446e-19   1.610194e-16   7.000000e+01  -4.275665e-19   2.479597e-17   2.412028e-15   1.250004e-18   2.286288e-16  -1.200000e+02
  8.0661687976194e-01   1.049080e-18   1.788876e-16   7.000000e+01  -3.602684e-19   3.644354e-17   2.296850e-15   1.775097e-18   2.491920e-16  -1.200000e+02
  8.0881474591933e-01   1.457389e-18   1.926631e-16   7.000000e+01  -2.666728e-19   4.872596e-17   2.146273e-15   2.338704e-18   2.636749e-16  -1.200000e+02
  8.1101261207672e-01   1.889887e-18   2.008990e-16   7.000000e+01  -1.457913e-19   6.127298e-17   1.960011e-15   2.925431e-18   2.702314e-16  -1.200000e+02
  8.1321047823411e-01   2.332762e-18   2.021056e-16   7.000000e+01   2.474071e-21   7.364463e-17   1.739202e-15   3.515798e-18   2.669867e-16  -1.200000e+02
  8.1540834439150e-01   2.768944e-18   1.948083e-16   7.000000e+01   1.771850e-19   8.533768e-17   1.486601e-15   4.086252e-18   2.521113e-16  -1.200000e+02
  8.1760621054889e-01   3.178213e-18   1.776152e-16   7.000000e+01   3.762381e-19   9.579543e-17   1.206740e-15   4.609364e-18   2.239075e-16  -1.200000e+02
  8.1980407670628e-01   3.537464e-18   1.492944e-16   7.000000e+01   5.962626e-19   1.044210e-16   9.060430e-16   5.054228e-18   1.809066e-16  -1.200000e+02
  8.2200194286366e-01   3.821156e-18   1.088577e-16   7.000000e+01   8.325496e-19   1.105940e-16   5.928755e-16   5.387072e-18   1.219734e-16  -1.200000e+02
  8.2419980902105e-01   4.001939e-18   5.564984e-17   7.000000e+01   1.079023e-18   1.136903e-16   2.775278e-16   5.572121e-18   4.641637e-17  -1.200000e+02
  8.2639767517844e-01   4.051489e-18  -1.056098e-17   7.000000e+01   1.328256e-18   1.131051e-16  -2.788384e-17   5.572688e-18  -4.590069e-17  -1.200000e+02
  8.2859554133583e-01   3.941535e-18  -8.949464e-17   7.000000e+01   1.571541e-18   1.082779e-16  -3.096048e-16   5.352515e-18  -1.544509e-16  -1.200000e+02
  8.3079340749322e-01   3.645074e-18  -1.802764e-16   7.000000e+01   1.799017e-18   9.871963e-17  -5.525248e-16   4.877343e-18  -2.779439e-16  -1.200000e+02
  8.3299127365061e-01   3.137762e-18  -2.813648e-16   7.000000e+01   1.999859e-18   8.404090e-17  -7.405567e-16   4.116679e-18  -4.142398e-16  -1.200000e+02
  8.3518913980800e-01   2.399432e-18  -3.904957e-16   7.000000e+01   2.162524e-18   6.398011e-17  -8.571136e-16   3.045744e-18  -5.602825e-16  -1.200000e+02
  8.3738700596539e-01   1.415730e-18  -5.046464e-16   7.000000e+01   2.275067e-18   3.843113e-17  -8.856760e-16   1.647526e-18  -7.120590e-16  -1.200000e+02
  8.3958487212278e-01   1.797909e-19  -6.200258e-16   7.000000e+01   2.325508e-18   7.468851e-18  -8.104422e-16  -8.510592e-20  -8.645901e-16  -1.200000e+02
  8.4178273828017e-01  -1.306099e-18  -7.320950e-16   7.000000e+01   2.302256e-18  -2.862810e-17  -6.170480e-16  -2.147308e-18  -1.011959e-15  -1.200000e+02
  8.4398060443756e-01  -3.028915e-18  -8.356220e-16   7.000000e+01   2.194574e-18  -6.935884e-17  -2.933375e-16  -4.520281e-18  -1.147384e-15  -1.200000e+02
  8.4617847059495e-01  -4.963475e-18  -9.247759e-16   7.000000e+01   1.993090e-18  -1.139870e-16   1.698385e-16  -7.169497e-18  -1.263332e-15  -1.200000e+02
  8.4837633675234e-01  -7.071268e-18  -9.932601e-16   7.000000e+01   1.690310e-18  -1.615339e-16   7.778207e-16  -1.004323e-17  -1.351693e-15  -1.200000e+02
  8.5057420290973e-01  -9.299628e-18  -1.034489e-15   7.000000e+01   1.281164e-18  -2.107789e-16   1.531368e-15  -1.307155e-17  -1.403995e-15  -1.200000e+02
  8.5277206906712e-01  -1.158133e-17  -1.041802e-15   7.000000e+01   7.635141e-19  -2.602684e-16   2.425946e-15  -1.616578e-17  -1.411673e-15  -1.200000e+02
  8.5496993522451e-01  -1.383473e-17  -1.008726e-15   7.000000e+01   1.386589e-19  -3.083333e-16   3.451110e-15  -1.921869e-17  -1.366392e-15  -1.200000e+02
  8.5716780138190e-01  -1.596444e-17  -9.292597e-16   7.000000e+01  -5.882304e-19  -3.531167e-16   4.590016e-15  -2.210537e-17  -1.260409e-15  -1.200000e+02
  8.5936566753929e-01  -1.786280e-17  -7.981985e-16   7.000000e+01  -1.407735e-18  -3.926106e-16   5.819110e-15  -2.468498e-17  -1.086970e-15  -1.200000e+02
  8.6156353369668e-01  -1.941194e-17  -6.114744e-16   7.000000e+01  -2.305908e-18  -4.247031e-16   7.107998e-15  -2.680340e-17  -8.407404e-16  -1.200000e+02
  8.6376139985406e-01  -2.048668e-17  -3.665077e-16   7.000000e+01  -3.264109e-18  -4.472348e-16   8.419565e-15  -2.829684e-17  -5.182470e-16  -1.200000e+02
  8.6595926601145e-01  -2.095819e-17  -6.255753e-17   7.000000e+01  -4.258973e-18  -4.580648e-16   9.710342e-15  -2.899638e-17  -1.183199e-16  -1.200000e+02
  8.6815713216884e-01  -2.069842e-17   2.989436e-16   7.000000e+01  -5.262528e-18  -4.551438e-16   1.093115e-14  -2.873356e-17   3.574785e-16  -1.200000e+02
  8.7035499832623e-01  -1.958517e-17   7.140865e-16   7.000000e+01  -6.242490e-18  -4.365956e-16   1.202802e-14  -2.734678e-17   9.044617e-16  -1.200000e+02
  8.7255286448362e-01  -1.750784e-17   1.176229e-15   7.000000e+01  -7.162734e-18  -4.008024e-16   1.294344e-14  -2.468852e-17   1.514480e-15  -1.200000e+02
  8.7475073064101e-01  -1.437364e-17   1.675803e-15   7.000000e+01  -7.983964e-18  -3.464950e-16   1.361785e-14  -2.063331e-17   2.175657e-15  -1.200000e+02
  8.7694859679840e-01  -1.011417e-17   2.200205e-15   7.000000e+01  -8.664575e-18  -2.728428e-16   1.399144e-14  -1.508602e-17   2.872226e-15  -1.200000e+02
  8.7914646295579e-01  -4.692049e-18   2.733782e-15   7.000000e+01  -9.161717e-18  -1.795433e-16   1.400616e-14  -7.990540e-18   3.584477e-15  -1.200000e+02
  8.8134432911318e-01   1.892443e-18   3.257931e-15   7.000000e+01  -9.432549e-18  -6.690647e-17   1.360796e-14   6.617164e-19   4.288846e-15  -1.200000e+02
  8.8354219527057e-01   9.595145e-18   3.751322e-15   7.000000e+01  -9.435668e-18   6.406815e-17   1.274918e-14   1.082356e-17   4.958158e-15  -1.200000e+02
  8.8574006142796e-01   1.832241e-17   4.190255e-15   7.000000e+01  -9.132699e-18   2.116258e-16   1.139103e-14   2.238454e-17   5.562032e-15  -1.200000e+02
  8.8793792758535e-01   2.792644e-17   4.549158e-15   7.000000e+01  -8.490009e-18   3.732056e-16   9.506098e-15   3.516458e-17   6.067469e-15  -1.200000e+02
  8.9013579374274e-01   3.820189e-17   4.801233e-15   7.000000e+01  -7.480514e-18   5.454089e-16   7.080802e-15   4.890904e-17   6.439623e-15  -1.200000e+02
  8.9233365990013e-01   4.888403e-17   4.919232e-15   7.000000e+01  -6.085530e-18   7.239893e-16   4.117713e-15   6.328570e-17   6.642751e-15  -1.200000e+02
  8.9453152605752e-01   5.964874e-17   4.876368e-15   7.000000e+01  -4.296621e-18   9.038707e-16   6.376392e-16   7.788402e-17   6.641337e-15  -1.200000e+02
  8.9672939221491e-01   7.011467e-17   4.647347e-15   7.000000e+01  -2.117366e-18   1.079193e-15  -3.318615e-15   9.221710e-17   6.401384e-15  -1.200000e+02
  8.9892725837230e-01   7.984774e-17   4.209494e-15   7.000000e+01   4.350050e-19   1.243396e-15  -7.688903e-15   1.057265e-16   5.891835e-15  -1.200000e+02
  9.0112512452969e-01   8.836825e-17   3.543944e-15   7.000000e+01   3.328198e-18   1.389333e-15  -1.238890e-14   1.177905e-16   5.086114e-15  -1.200000e+02
  9.0332299068708e-01   9.516058e-17   2.636889e-15   7.000000e+01   6.513740e-18   1.509426e-15  -1.731185e-14   1.277357e-16   3.963733e-15  -1.200000e+02
  9.0552085684446e-01   9.968565e-17   1.480807e-15   7.000000e+01   9.926247e-18   1.595865e-15  -2.232904e-14   1.348520e-16   2.511930e-15  -1.200000e+02
  9.0771872300185e-01   1.013961e-16   7.567231e-17   7.000000e+01   1.348316e-17   1.640836e-15  -2.729094e-14   1.384117e-16   7.272914e-16  -1.200000e+02
  9.0991658915924e-01   9.975403e-17  -1.569928e-15   7.000000e+01   1.708507e-17   1.636799e-15  -3.202917e-14   1.376915e-16  -1.382716e-15  -1.200000e+02
  9.1211445531663e-01   9.425086e-17  -3.437809e-15   7.000000e+01   2.061659e-17   1.576790e-15  -3.635936e-14   1.319978e-16  -3.798343e-15  -1.200000e+02
  9.1431232147402e-01   8.442950e-17  -5.499372e-15   7.000000e+01   2.394805e-17   1.454760e-15  -4.008475e-14   1.206956e-16  -6.486363e-15  -1.200000e+02
  9.1651018763141e-01   6.990776e-17  -7.715034e-15   7.000000e+01   2.693792e-17   1.265939e-15  -4.300069e-14   1.032385e-16  -9.399154e-15  -1.200000e+02
  9.1870805378880e-01   5.040285e-17  -1.003391e-14   7.000000e+01   2.943595e-17   1.007204e-15  -4.489999e-14   7.920125e-17  -1.247411e-14  -1.200000e+02
  9.2090591994619e-01   2.575623e-17  -1.239386e-14   7.000000e+01   3.128729e-17   6.774612e-16  -4.557897e-14   4.831290e-17  -1.563347e-14  -1.200000e+02
  9.2310378610358e-01  -4.042071e-18  -1.472181e-14   7.000000e+01   3.233729e-17   2.780114e-16  -4.484418e-14   1.048977e-17  -1.878458e-14  -1.200000e+02
  9.2530165226097e-01  -3.883035e-17  -1.693460e-14   7.000000e+01   3.243718e-17  -1.871109e-16  -4.251978e-14  -3.413272e-17  -2.182071e-14  -1.200000e+02
  9.2749951841836e-01  -7.825424e-17  -1.894010e-14   7.000000e+01   3.145039e-17  -7.108404e-16  -3.845518e-14  -8.517062e-17  -2.462241e-14  -1.200000e+02
  9.2969738457575e-01  -1.217489e-16  -2.063889e-14   7.000000e+01   2.925946e-17  -1.282848e-15  -3.253312e-14  -1.419655e-16  -2.705945e-14  -1.200000e+02
  9.3189525073314e-01  -1.685252e-16  -2.192633e-14   7.000000e+01   2.577338e-17  -1.889393e-15  -2.467768e-14  -2.035638e-16  -2.899337e-14  -1.200000e+02
  9.3409311689053e-01  -2.175611e-16  -2.269504e-14   7.000000e+01   2.093514e-17  -2.513277e-15  -1.486213e-14  -2.687021e-16  -3.028070e-14  -1.200000e+02
  9.3629098304792e-01  -2.675987e-16  -2.283783e-14   7.000000e+01   1.472925e-17  -3.133921e-15  -3.116463e-15  -3.358000e-16  -3.077669e-14  -1.200000e+02
  9.3848884920531e-01  -3.171484e-16  -2.225106e-14   7.000000e+01   7.188899e-18  -3.727596e-15   1.046586e-14  -4.029628e-16  -3.033968e-14  -1.200000e+02
  9.4068671536270e-01  -3.645007e-16  -2.083824e-14   7.000000e+01  -1.597510e-18  -4.267803e-15   2.572208e-14  -4.679929e-16  -2.883596e-14  -1.200000e+02
  9.4288458152009e-01  -4.077462e-16  -1.851401e-14   7.000000e+01  -1.148091e-17  -4.725834e-15   4.241559e-14  -5.284134e-16  -2.614505e-14  -1.200000e+02
  9.4508244767748e-01  -4.448047e-16  -1.520826e-14   7.000000e+01  -2.224754e-17  -5.071512e-15   6.023295e-14  -5.815033e-16  -2.216538e-14  -1.200000e+02
  9.4728031383486e-01  -4.734634e-16  -1.087044e-14   7.000000e+01  -3.361671e-17  -5.274125e-15   7.878277e-14  -6.243457e-16  -1.682008e-14  -1.200000e+02
  9.4947817999225e-01  -4.914246e-16  -5.473820e-15   7.000000e+01  -4.524085e-17  -5.303537e-15   9.759676e-14  -6.538884e-16  -1.006303e-14  -1.200000e+02
  9.5167604614964e-01  -4.963627e-16   9.802617e-16   7.000000e+01  -5.670822e-17  -5.131467e-15   1.161332e-13  -6.670181e-16  -1.884636e-15  -1.200000e+02
  9.5387391230703e-01  -4.859903e-16   8.458413e-15   7.000000e+01  -6.754852e-17  -4.732923e-15   1.337832e-13  -6.606467e-16   7.682472e-15  -1.200000e+02
  9.5607177846442e-01  -4.581324e-16   1.689151e-14   7.000000e+01  -7.724185e-17  -4.087746e-15   1.498794e-13  -6.318099e-16   1.855829e-14  -1.200000e+02
  9.5826964462181e-01  -4.108090e-16   2.617152e-14   7.000000e+01  -8.523108e-17  -3.182237e-15   1.637086e-13  -5.777763e-16   3.061088e-14  -1.200000e+02
  9.6046751077920e-01  -3.423231e-16   3.614892e-14   7.000000e+01  -9.093788e-17  -2.010802e-15   1.745263e-13  -4.961655e-16   4.365272e-14  -1.200000e+02
  9.6266537693659e-01  -2.513536e-16   4.663089e-14   7.000000e+01  -9.378232e-17  -5.775571e-16   1.815755e-13  -3.850735e-16   5.743806e-14  -1.200000e+02
  9.6486324309398e-01  -1.370521e-16   5.738047e-14   7.000000e+01  -9.320580e-17   1.102175e-15   1.841075e-13  -2.432016e-16   7.166164e-14  -1.200000e+02
  9.6706110925137e-01   8.609428e-19   6.811672e-14   7.000000e+01  -8.869716e-17   3.000565e-15   1.814062e-13  -6.998721e-17   8.595890e-14  -1.200000e+02
  9.6925897540876e-01   1.620006e-16   7.851611e-14   7.000000e+01  -7.982129e-17   5.076245e-15   1.728149e-13   1.342679e-16   9.990781e-14  -1.200000e+02
  9.7145684156615e-01   3.452273e-16   8.821532e-14   7.000000e+01  -6.624957e-17   7.273656e-15   1.577645e-13   3.682753e-16   1.130328e-13  -1.200000e+02
  9.7365470772354e-01   5.485637e-16   9.681541e-14   7.000000e+01  -4.779134e-17   9.522845e-15   1.358036e-13   6.296490e-16   1.248104e-13  -1.200000e+02
  9.7585257388093e-01   7.691229e-16   1.038876e-13   7.000000e+01  -2.442511e-17   1.173980e-14   1.066299e-13   9.148088e-16   1.346775e-13  -1.200000e+02
  9.7805044003832e-01   1.003051e-15   1.089808e-13   7.000000e+01   3.671573e-18   1.382744e-14   7.012029e-14   1.218904e-15   1.420414e-13  -1.200000e+02
  9.8024830619571e-01   1.245488e-15   1.116305e-13   7.000000e+01   3.609520e-17   1.567721e-14   2.636097e-14   1.535764e-15   1.462926e-13  -1.200000e+02
  9.8244617235310e-01   1.490551e-15   1.113703e-13   7.000000e+01   7.219381e-17   1.717157e-14  -2.432512e-14   1.857875e-15   1.468195e-13  -1.200000e+02
  9.8464403851049e-01   1.731343e-15   1.077437e-13   7.000000e+01   1.110506e-16   1.818706e-14  -8.135411e-14   2.176395e-15   1.430255e-13  -1.200000e+02
  9.8684190466788e-01   1.959990e-15   1.003190e-13   7.000000e+01   1.514753e-16   1.859834e-14  -1.438617e-13   2.481210e-15   1.343484e-13  -1.200000e+02
  9.8903977082527e-01   2.167714e-15   8.870466e-14   7.000000e+01   1.920052e-16   1.828279e-14  -2.106896e-13   2.761031e-15   1.202810e-13  -1.200000e+02
  9.9123763698265e-01   2.344941e-15   7.256698e-14   7.000000e+01   2.309170e-16   1.712596e-14  -2.803792e-13   3.003538e-15   1.003940e-13  -1.200000e+02
  9.9343550314004e-01   2.481444e-15   5.164790e-14   7.000000e+01   2.662515e-16   1.502748e-14  -3.511743e-13   3.195580e-15   7.435940e-14  -1.200000e+02
  9.9563336929743e-01   2.566537e-15   2.578435e-14   7.000000e+01   2.958512e-16   1.190751e-14  -4.210331e-13   3.323424e-15   4.197516e-14  -1.200000e+02
  9.9783123545482e-01   2.589298e-15  -5.072357e-15   7.000000e+01   3.174133e-16   7.713392e-15  -4.876517e-13   3.373057e-15   3.189548e-15  -1.200000e+02
  1.0000291016122e+00   2.538847e-15  -4.083703e-14   7.000000e+01   3.285563e-16   2.426429e-15  -5.484992e-13   3.330545e-15  -4.187486e-14  -1.200000e+02
  1.0022269677696e+00   2.404658e-15  -8.127181e-14   7.000000e+01   3.269022e-16  -3.931612e-15  -6.008653e-13   3.182438e-15  -9.289847e-14  -1.200000e+02
  1.0044248339270e+00   2.176914e-15  -1.259686e-13   7.000000e+01   3.101720e-16  -1.129244e-14  -6.419211e-13   2.916229e-15  -1.493440e-13  -1.200000e+02
  1.0066227000844e+00   1.846902e-15  -1.743333e-13   7.000000e+01   2.762936e-16  -1.953598e-14  -6.687920e-13   2.520852e-15  -2.104391e-13  -1.200000e+02
  1.0088205662418e+00   1.407432e-15  -2.255732e-13   7.000000e+01   2.235203e-16  -2.848631e-14  -6.786438e-13   1.987209e-15  -2.751619e-13  -1.200000e+02
  1.0110184323992e+00   8.532836e-16  -2.786870e-13   7.000000e+01   1.505563e-16  -3.790898e-14  -6.687786e-13   1.308733e-15  -3.422331e-13  -1.200000e+02
  1.0132162985565e+00   1.816734e-16  -3.324605e-13   7.000000e+01   5.668630e-17  -4.751022e-14  -6.367420e-13   4.819558e-16  -4.101121e-13  -1.200000e+02
  1.0154141647139e+00  -6.072799e-16  -3.854661e-13   7.000000e+01  -5.809563e-17  -5.693831e-14  -5.804368e-13  -4.929223e-16  -4.770011e-13  -1.200000e+02
  1.0176120308713e+00  -1.510093e-15  -4.360699e-13   7.000000e+01  -1.929628e-16  -6.578728e-14  -4.982415e-13  -1.611480e-15  -5.408564e-13  -1.200000e+02
  1.0198098970287e+00  -2.519479e-15  -4.824443e-13   7.000000e+01  -3.461439e-16  -7.360342e-14  -3.891310e-13  -2.864554e-15  -5.994086e-13  -1.200000e+02
  1.0220077631861e+00  -3.623944e-15  -5.225896e-13   7.000000e+01  -5.148278e-16  -7.989453e-14  -2.527945e-13  -4.237782e-15  -6.501918e-13  -1.200000e+02
  1.0242056293435e+00  -4.807442e-15  -5.543630e-13   7.000000e+01  -6.950932e-16  -8.414215e-14  -8.974700e-14  -5.711203e-15  -6.905828e-13  -1.200000e+02
  1.0264034955009e+00  -6.049105e-15  -5.755171e-13   7.000000e+01  -8.818668e-16  -8.581684e-14   9.857059e-14  -7.258977e-15  -7.178506e-13  -1.200000e+02
  1.0286013616583e+00  -7.323059e-15  -5.837471e-13   7.000000e+01  -1.068919e-15  -8.439617e-14   3.097076e-13  -8.849207e-15  -7.292162e-13  -1.200000e+02
  1.0307992278157e+00  -8.598365e-15  -5.767476e-13   7.000000e+01  -1.248905e-15  -7.938547e-14   5.401411e-13  -1.044391e-14  -7.219226e-13  -1.200000e+02
  1.0329970939731e+00  -9.839089e-15  -5.522781e-13   7.000000e+01  -1.413444e-15  -7.034068e-14   7.852406e-13  -1.199916e-14  -6.933148e-13  -1.200000e+02
  1.0351949601304e+00  -1.100452e-14  -5.082375e-13   7.000000e+01  -1.553265e-15  -5.689320e-14   1.039264e-12  -1.346541e-14  -6.409286e-13  -1.200000e+02
  1.0373928262878e+00  -1.204959e-14  -4.427461e-13   7.000000e+01  -1.658399e-15  -3.877566e-14   1.295391e-12  -1.478799e-14  -5.625874e-13  -1.200000e+02
  1.0395906924452e+00  -1.292542e-14  -3.542334e-13   7.000000e+01  -1.718427e-15  -1.584818e-14   1.545795e-12  -1.590791e-14  -4.565053e-13  -1.200000e+02
  1.0417885586026e+00  -1.358013e-14  -2.415324e-13   7.000000e+01  -1.722792e-15   1.187595e-14   1.781760e-12  -1.676277e-14  -3.213942e-13  -1.200000e+02
  1.0439864247600e+00  -1.395982e-14  -1.039748e-13   7.000000e+01  -1.661162e-15   4.420608e-14   1.993843e-12  -1.728802e-14  -1.565728e-13  -1.200000e+02
  1.0461842909174e+00  -1.400978e-14   5.851167e-14   7.000000e+01  -1.523840e-15   8.075266e-14   2.172085e-12  -1.741841e-14   3.792501e-14  -1.200000e+02
  1.0483821570748e+00  -1.367590e-14   2.453097e-13   7.000000e+01  -1.302227e-15   1.209095e-13   2.306263e-12  -1.708964e-14   2.612465e-13  -1.200000e+02
  1.0505800232322e+00  -1.290628e-14   4.550234e-13   7.000000e+01  -9.893054e-16   1.638409e-13   2.386192e-12  -1.624030e-14   5.116236e-13  -1.200000e+02
  1.0527778893896e+00  -1.165303e-14   6.853985e-13   7.000000e+01  -5.801549e-16   2.084752e-13   2.402062e-12  -1.481399e-14   7.862883e-13  -1.200000e+02
  1.0549757555469e+00  -9.874239e-15   9.332555e-13   7.000000e+01  -7.246928e-17   2.535053e-13   2.344808e-12  -1.276152e-14   1.081404e-12  -1.200000e+02
  1.0571736217043e+00  -7.536045e-15   1.194439e-12   7.000000e+01   5.329360e-16   2.973975e-13   2.206511e-12  -1.004340e-14   1.392014e-12  -1.200000e+02
  1.0593714878617e+00  -4.614829e-15   1.463789e-12   7.000000e+01   1.231646e-15   3.384100e-13   1.980805e-12  -6.632271e-15   1.712020e-12  -1.200000e+02
  1.0615693540191e+00  -1.099430e-15   1.735132e-12   7.000000e+01   2.015219e-15   3.746209e-13   1.663299e-12  -2.515446e-15   2.034181e-12  -1.200000e+02
  1.0637672201765e+00   3.006665e-15   2.001305e-12   7.000000e+01   2.870834e-15   4.039663e-13   1.251975e-12   2.302637e-15   2.350147e-12  -1.200000e+02
  1.0659650863339e+00   7.683193e-15   2.254212e-12   7.000000e+01   3.781032e-15   4.242897e-13   7.475718e-13   7.798050e-15   2.650532e-12  -1.200000e+02
  1.0681629524913e+00   1.289116e-14   2.484905e-12   7.000000e+01   4.723577e-15   4.334010e-13   1.539213e-13   1.392521e-14   2.925018e-12  -1.200000e+02
  1.0703608186487e+00   1.857113e-14   2.683714e-12   7.000000e+01   5.671458e-15   4.291454e-13  -5.217731e-13   2.061499e-14   3.162505e-12  -1.200000e+02
  1.0725586848061e+00   2.464177e-14   2.840408e-12   7.000000e+01   6.593052e-15   4.094814e-13  -1.268734e-12   2.777322e-14   3.351298e-12  -1.200000e+02
  1.0747565509635e+00   3.099888e-14   2.944392e-12   7.000000e+01   7.452470e-15   3.725658e-13  -2.072499e-12   3.527963e-14   3.479340e-12  -1.200000e+02
  1.0769544171208e+00   3.751483e-14   2.984951e-12   7.000000e+01   8.210086e-15   3.168448e-13  -2.914919e-12   4.298736e-14   3.534484e-12  -1.200000e+02
  1.0791522832782e+00   4.403862e-14   2.951524e-12   7.000000e+01   8.823282e-15   2.411476e-13  -3.774278e-12   5.072307e-14   3.504807e-12  -1.200000e+02
  1.0813501494356e+00   5.039654e-14   2.834012e-12   7.000000e+01   9.247393e-15   1.447820e-13  -4.625550e-12   5.828786e-14   3.378953e-12  -1.200000e+02
  1.0835480155930e+00   5.639356e-14   2.623118e-12   7.000000e+01   9.436858e-15   2.762644e-14  -5.440788e-12   6.545892e-14   3.146515e-12  -1.200000e+02
  1.0857458817504e+00   6.181550e-14   2.310712e-12   7.000000e+01   9.346574e-15  -1.097825e-13  -6.189672e-12   7.199202e-14   2.798438e-12  -1.200000e+02
  1.0879437479078e+00   6.643203e-14   1.890206e-12   7.000000e+01   8.933425e-15  -2.661723e-13  -6.840196e-12   7.762501e-14   2.327437e-12  -1.200000e+02
  1.0901416140652e+00   7.000044e-14   1.356953e-12   7.000000e+01   8.157973e-15  -4.394692e-13  -7.359494e-12   8.208214e-14   1.728430e-12  -1.200000e+02
  1.0923394802226e+00   7.227037e-14   7.086248e-13   7.000000e+01   6.986269e-15  -6.267495e-13  -7.714803e-12   8.507936e-14   9.989592e-13  -1.200000e+02
  1.0945373463800e+00   7.298932e-14  -5.439861e-14   7.000000e+01   5.391761e-15  -8.242107e-13  -7.874539e-12   8.633056e-14   1.396052e-13  -1.200000e+02
  1.0967352125373e+00   7.190898e-14  -9.286802e-13   7.000000e+01   3.357221e-15  -1.027167e-12  -7.809459e-12   8.555468e-14  -8.456283e-13  -1.200000e+02
  1.0989330786947e+00   6.879232e-14  -1.907401e-12   7.000000e+01   8.766660e-16  -1.230072e-12  -7.493896e-12   8.248361e-14  -1.948970e-12  -1.200000e+02
  1.1011309448521e+00   6.342129e-14  -2.980085e-12   7.000000e+01  -2.042804e-15  -1.426568e-12  -6.907022e-12   7.687074e-14  -3.158591e-12  -1.200000e+02
  1.1033288110095e+00   5.560516e-14  -4.132387e-12   7.000000e+01  -5.379318e-15  -1.609572e-12  -6.034093e-12   6.850020e-14  -4.458379e-12  -1.200000e+02
  1.1055266771669e+00   4.518911e-14  -5.345947e-12   7.000000e+01  -9.094769e-15  -1.771390e-12  -4.867663e-12   5.719637e-14  -5.827802e-12  -1.200000e+02
  1.1077245433243e+00   3.206314e-14  -6.598336e-12   7.000000e+01  -1.313363e-14  -1.903869e-12  -3.408680e-12   4.283369e-14  -7.241860e-12  -1.200000e+02
  1.1099224094817e+00   1.617100e-14  -7.863092e-12   7.000000e+01  -1.742216e-14  -1.998581e-12  -1.667453e-12   2.534636e-14  -8.671145e-12  -1.200000e+02
  1.1121202756391e+00  -2.481153e-15  -9.109870e-12   7.000000e+01  -2.186803e-14  -2.047037e-12   3.355849e-13   4.737879e-15  -1.008203e-11  -1.200000e+02
  1.1143181417965e+00  -2.381646e-14  -1.030469e-11   7.000000e+01  -2.636044e-14  -2.040934e-12   2.569351e-12  -1.891005e-14  -1.143696e-11  -1.200000e+02
  1.1165160079539e+00  -4.767984e-14  -1.141035e-11   7.000000e+01  -3.077085e-14  -1.972426e-12   4.991874e-12  -4.542938e-14  -1.269492e-11  -1.200000e+02
  1.1187138741112e+00  -7.383142e-14  -1.238689e-11   7.000000e+01  -3.495432e-14  -1.834416e-12   7.550383e-12  -7.455869e-14  -1.381199e-11  -1.200000e+02
  1.1209117402686e+00  -1.019412e-13  -1.319225e-11   7.000000e+01  -3.875144e-14  -1.620868e-12   1.018176e-11  -1.059377e-13  -1.474207e-11  -1.200000e+02
  1.1231096064260e+00  -1.315852e-13  -1.378305e-11   7.000000e+01  -4.199108e-14  -1.327119e-12   1.281336e-11  -1.391033e-13  -1.543776e-11  -1.200000e+02
  1.1253074725834e+00  -1.622438e-13  -1.411544e-11   7.000000e+01  -4.449370e-14  -9.501962e-13   1.536428e-11  -1.734879e-13  -1.585132e-11  -1.200000e+02
  1.1275053387408e+00  -1.933014e-13  -1.414612e-11   7.000000e+01  -4.607542e-14  -4.891270e-13   1.774696e-11  -2.084198e-13  -1.593580e-11  -1.200000e+02
  1.1297032048982e+00  -2.240490e-13  -1.383343e-11   7.000000e+01  -4.655274e-14   5.477253e-14   1.986923e-11  -2.431264e-13  -1.564625e-11  -1.200000e+02
  1.1319010710556e+00  -2.536894e-13  -1.313856e-11   7.000000e+01  -4.574788e-14   6.776371e-13   2.163671e-11  -2.767397e-13  -1.494103e-11  -1.200000e+02
  1.1340989372130e+00  -2.813444e-13  -1.202679e-11   7.000000e+01  -4.349455e-14   1.372830e-12   2.295556e-11  -3.083058e-13  -1.378322e-11  -1.200000e+02
  1.1362968033704e+00  -3.060657e-13  -1.046885e-11   7.000000e+01  -3.964432e-14   2.130772e-12   2.373543e-11  -3.367958e-13  -1.214200e-11  -1.200000e+02
  1.1384946695277e+00  -3.268477e-13  -8.442217e-12   7.000000e+01  -3.407317e-14   2.938828e-12   2.389271e-11  -3.611220e-13  -9.994134e-12  -1.200000e+02
  1.1406925356851e+00  -3.426445e-13  -5.932477e-12   7.000000e+01  -2.668824e-14   3.781266e-12   2.335383e-11  -3.801550e-13  -7.325392e-12  -1.200000e+02
  1.1428904018425e+00  -3.523889e-13  -2.934661e-12   7.000000e+01  -1.743460e-14   4.639298e-12   2.205862e-11  -3.927458e-13  -4.131929e-12  -1.200000e+02
  1.1450882679999e+00  -3.550144e-13   5.455049e-13   7.000000e+01  -6.301866e-15   5.491200e-12   1.996353e-11  -3.977498e-13  -4.215926e-13  -1.200000e+02
  1.1472861341573e+00  -3.494803e-13   4.490428e-12   7.000000e+01   6.669648e-15   6.312534e-12   1.704475e-11  -3.940538e-13   3.784894e-12  -1.200000e+02
  1.1494840003147e+00  -3.347985e-13   8.869597e-12   7.000000e+01   2.138326e-14   7.076468e-12   1.330090e-11  -3.806053e-13   8.452910e-12  -1.200000e+02
  1.1516818664721e+00  -3.100634e-13   1.363870e-11   7.000000e+01   3.768117e-14   7.754191e-12   8.755369e-12  -3.564441e-13   1.353311e-11  -1.200000e+02
  1.1538797326295e+00  -2.744826e-13   1.873890e-11   7.000000e+01   5.534061e-14   8.315439e-12   3.458024e-12  -3.207355e-13   1.896080e-11  -1.200000e+02
  1.1560775987869e+00  -2.274095e-13   2.409642e-11   7.000000e+01   7.407144e-14   8.729117e-12  -2.513687e-12  -2.728039e-13   2.465568e-11  -1.200000e+02
  1.1582754649443e+00  -1.683762e-13   2.962226e-11   7.000000e+01   9.351501e-14   8.964015e-12  -9.054427e-12  -2.121676e-13   3.052172e-11  -1.200000e+02
  1.1604733311016e+00  -9.712734e-14   3.521233e-11   7.000000e+01   1.132448e-13   8.989619e-12  -1.603149e-11  -1.385729e-13   3.644755e-11  -1.200000e+02
  1.1626711972590e+00  -1.365223e-14   4.074782e-11   7.000000e+01   1.327692e-13   8.776990e-12  -2.328625e-11  -5.202683e-14   4.230707e-11  -1.200000e+02
  1.1648690634164e+00   8.178326e-14   4.609595e-11   7.000000e+01   1.515353e-13   8.299718e-12  -3.063648e-11   4.717120e-14   4.796051e-11  -1.200000e+02
  1.1670669295738e+00   1.886073e-13   5.111110e-11   7.000000e+01   1.689365e-13   7.534915e-12  -3.787972e-11   1.584013e-13   5.325589e-11  -1.200000e+02
  1.1692647957312e+00   3.059156e-13   5.563629e-11   7.000000e+01   1.843207e-13   6.464245e-12  -4.479745e-11   2.806979e-13   5.803081e-11  -1.200000e+02
  1.1714626618886e+00   4.324483e-13   5.950512e-11   7.000000e+01   1.970015e-13   5.074948e-12  -5.116020e-11   4.127298e-13   6.211476e-11  -1.200000e+02
  1.1736605280460e+00   5.665721e-13   6.254404e-11   7.000000e+01   2.062718e-13   3.360857e-12  -5.673337e-11   5.527850e-13   6.533175e-11  -1.200000e+02
  1.1758583942034e+00   7.062676e-13   6.457518e-11   7.000000e+01   2.114195e-13   1.323366e-12  -6.128375e-11   6.987619e-13   6.750336e-11  -1.200000e+02
  1.1780562603608e+00   8.491230e-13   6.541943e-11   7.000000e+01   2.117444e-13  -1.027679e-12  -6.458645e-11   8.481680e-13   6.845220e-11  -1.200000e+02
  1.1802541265181e+00   9.923353e-13   6.490009e-11   7.000000e+01   2.065785e-13  -3.673191e-12  -6.643221e-11   9.981261e-13   6.800568e-11  -1.200000e+02
  1.1824519926755e+00   1.132721e-12   6.284676e-11   7.000000e+01   1.953063e-13  -6.584188e-12  -6.663467e-11   1.145389e-12   6.600012e-11  -1.200000e+02
  1.1846498588329e+00   1.266732e-12   5.909979e-11   7.000000e+01   1.773877e-13  -9.721307e-12  -6.503766e-11   1.286366e-12   6.228512e-11  -1.200000e+02
  1.1868477249903e+00   1.390488e-12   5.351485e-11   7.000000e+01   1.523805e-13  -1.303451e-11  -6.152195e-11   1.417154e-12   5.672820e-11  -1.200000e+02
  1.1890455911477e+00   1.499813e-12   4.596800e-11   7.000000e+01   1.199647e-13  -1.646304e-11  -5.601148e-11   1.533583e-12   4.921954e-11  -1.200000e+02
  1.1912434573051e+00   1.590286e-12   3.636087e-11   7.000000e+01   7.996503e-14  -1.993559e-11  -4.847861e-11   1.631275e-12   3.967686e-11  -1.200000e+02
  1.1934413234625e+00   1.657307e-12   2.462607e-11   7.000000e+01   3.237424e-14  -2.337077e-11  -3.894841e-11   1.705702e-12   2.805030e-11  -1.200000e+02
  1.1956391896199e+00   1.696164e-12   1.073268e-11   7.000000e+01  -2.262593e-14  -2.667792e-11  -2.750150e-11   1.752272e-12   1.432729e-11  -1.200000e+02
  1.1978370557773e+00   1.702125e-12  -5.308199e-12   7.000000e+01  -8.464541e-14  -2.975815e-11  -1.427550e-11   1.766410e-12  -1.462779e-12  -1.200000e+02
  1.2000349219347e+00   1.670535e-12  -2.343807e-11   7.000000e+01  -1.530693e-13  -3.250579e-11   5.351220e-13   1.743654e-12  -1.924417e-11  -1.200000e+02
  1.2022327880920e+00   1.596924e-12  -4.354582e-11   7.000000e+01  -2.270450e-13  -3.481010e-11   1.668093e-11   1.679768e-12  -3.889065e-11  -1.200000e+02
  1.2044306542494e+00   1.477131e-12  -6.546286e-11   7.000000e+01  -3.054731e-13  -3.655739e-11   3.386110e-11   1.570850e-12  -6.022199e-11  -1.200000e+02
  1.2066285204068e+00   1.307432e-12  -8.895874e-11   7.000000e+01  -3.870037e-13  -3.763338e-11   5.172864e-11   1.413457e-12  -8.300083e-11  -1.200000e+02
  1.2088263865642e+00   1.084682e-12  -1.137375e-10   7.000000e+01  -4.700383e-13  -3.792592e-11   6.989726e-11   1.204735e-12  -1.069305e-10  -1.200000e+02
  1.2110242527216e+00   8.064631e-13  -1.394347e-10   7.000000e+01  -5.527373e-13  -3.732794e-11   8.794959e-11   9.425475e-13  -1.316536e-10  -1.200000e+02
  1.2132221188790e+00   4.712332e-13  -1.656156e-10   7.000000e+01  -6.330348e-13  -3.574063e-11   1.054466e-10   6.256098e-13  -1.567513e-10  -1.200000e+02
  1.2154199850364e+00   7.848518e-14  -1.917747e-10   7.000000e+01  -7.086606e-13  -3.307685e-11   1.219381e-10   2.536258e-13  -1.817443e-10  -1.200000e+02
  1.2176178511938e+00  -3.711000e-13  -2.173359e-10   7.000000e+01  -7.771697e-13  -2.926458e-11   1.369734e-10  -1.725831e-13  -2.060946e-10  -1.200000e+02
  1.2198157173512e+00  -8.755011e-13  -2.416558e-10   7.000000e+01  -8.359792e-13  -2.425053e-11   1.501129e-10  -6.509523e-13  -2.292087e-10  -1.200000e+02
  1.2220135835085e+00  -1.431212e-12  -2.640269e-10   7.000000e+01  -8.824137e-13  -1.800365e-11   1.609387e-10  -1.178057e-12  -2.504425e-10  -1.200000e+02
  1.2242114496659e+00  -2.033111e-12  -2.836844e-10   7.000000e+01  -9.137577e-13  -1.051853e-11   1.690654e-10  -1.749008e-12  -2.691078e-10  -1.200000e+02
  1.2264093158233e+00  -2.674337e-12  -2.998147e-10   7.000000e+01  -9.273154e-13  -1.818632e-12   1.741494e-10  -2.357364e-12  -2.844801e-10  -1.200000e+02
  1.2286071819807e+00  -3.346203e-12  -3.115655e-10   7.000000e+01  -9.204777e-13   8.040785e-12   1.758973e-10  -2.995063e-12  -2.958089e-10  -1.200000e+02
  1.2308050481381e+00  -4.038119e-12  -3.180594e-10   7.000000e+01  -8.907944e-13   1.897021e-11   1.740723e-10  -3.652377e-12  -3.023294e-10  -1.200000e+02
  1.2330029142955e+00  -4.737556e-12  -3.184097e-10   7.000000e+01  -8.360520e-13   3.084387e-11   1.684991e-10  -4.317896e-12  -3.032761e-10  -1.200000e+02
  1.2352007804529e+00  -5.430047e-12  -3.117386e-10   7.000000e+01  -7.543548e-13   4.349843e-11   1.590661e-10  -4.978547e-12  -2.978986e-10  -1.200000e+02
  1.2373986466103e+00  -6.099227e-12  -2.971981e-10   7.000000e+01  -6.442079e-13   5.673235e-11   1.457266e-10  -5.619640e-12  -2.854791e-10  -1.200000e+02
  1.2395965127677e+00  -6.726928e-12  -2.739934e-10   7.000000e+01  -5.046011e-13   7.030616e-11   1.284964e-10  -6.224966e-12  -2.653513e-10  -1.200000e+02
  1.2417943789251e+00  -7.293320e-12  -2.414088e-10   7.000000e+01  -3.350909e-13   8.394362e-11   1.074507e-10  -6.776931e-12  -2.369218e-10  -1.200000e+02
  1.2439922450824e+00  -7.777119e-12  -1.988355e-10   7.000000e+01  -1.358790e-13   9.733391e-11   8.271855e-11  -7.256740e-12  -1.996922e-10  -1.200000e+02
  1.2461901112398e+00  -8.155852e-12  -1.458011e-10   7.000000e+01   9.211535e-14   1.101349e-10   5.447598e-11  -7.644636e-12  -1.532824e-10  -1.200000e+02
  1.2483879773972e+00  -8.406191e-12  -8.200040e-11   7.000000e+01   3.471916e-13   1.219777e-10   2.293852e-11  -7.920180e-12  -9.745520e-11  -1.200000e+02
  1.2505858435546e+00  -8.504356e-12  -7.327234e-12   7.000000e+01   6.268147e-13   1.324719e-10  -1.164679e-11  -8.062597e-12  -3.214066e-11  -1.200000e+02
  1.2527837097120e+00  -8.426588e-12   7.809392e-11   7.000000e+01   9.275755e-13   1.412125e-10  -4.900903e-11  -8.051170e-12   4.253898e-11  -1.200000e+02
  1.2549815758694e+00  -8.149689e-12   1.738769e-10   7.000000e+01   1.245168e-12   1.477880e-10  -8.886009e-11  -7.865687e-12   1.262455e-10  -1.200000e+02
  1.2571794420268e+00  -7.651629e-12   2.793442e-10   7.000000e+01   1.574382e-12   1.517887e-10  -1.308995e-10  -7.486942e-12   2.184020e-10  -1.200000e+02
  1.2593773081842e+00  -6.912218e-12   3.935005e-10   7.000000e+01   1.909124e-12   1.528173e-10  -1.748170e-10  -6.897283e-12   3.181723e-10  -1.200000e+02
  1.2615751743416e+00  -5.913828e-12   5.150083e-10   7.000000e+01   2.242448e-12   1.504989e-10  -2.202919e-10  -6.081199e-12   4.244428e-10  -1.200000e+02
  1.2637730404989e+00  -4.642166e-12   6.421703e-10   7.000000e+01   2.566624e-12   1.444931e-10  -2.669892e-10  -5.025947e-12   5.358090e-10  -1.200000e+02
  1.2659709066563e+00  -3.087081e-12   7.729158e-10   7.000000e+01   2.873225e-12   1.345054e-10  -3.145517e-10  -3.722202e-12   6.505645e-10  -1.200000e+02
  1.2681687728137e+00  -1.243388e-12   9.047954e-10   7.000000e+01   3.153238e-12   1.202993e-10  -3.625873e-10  -2.164725e-12   7.666981e-10  -1.200000e+02
  1.2703666389711e+00   8.882983e-13   1.034983e-09   7.000000e+01   3.397210e-12   1.017087e-10  -4.106537e-10  -3.530318e-13   8.818947e-10  -1.200000e+02
  1.2725645051285e+00   3.300756e-12   1.160289e-09   7.000000e+01   3.595412e-12   7.864939e-11  -4.582381e-10   1.707951e-12   9.935452e-10  -1.200000e+02
  1.2747623712859e+00   5.979375e-12   1.277183e-09   7.000000e+01   3.738031e-12   5.113003e-11  -5.047339e-10   4.007258e-12   1.098763e-09  -1.200000e+02
  1.2769602374433e+00   8.901445e-12   1.381824e-09   7.000000e+01   3.815387e-12   1.926240e-11  -5.494160e-10   6.527304e-12   1.194412e-09  -1.200000e+02
  1.2791581036007e+00   1.203553e-11   1.470114e-09   7.000000e+01   3.818170e-12  -1.673004e-11  -5.914140e-10   9.243373e-12   1.277138e-09  -1.200000e+02
  1.2813559697581e+00   1.534098e-11   1.537752e-09   7.000000e+01   3.737689e-12  -5.650517e-11  -6.296862e-10   1.212319e-11   1.343420e-09  -1.200000e+02
  1.2835538359155e+00   1.876752e-11   1.580312e-09   7.000000e+01   3.566143e-12  -9.959737e-11  -6.629964e-10   1.512662e-11   1.389622e-09  -1.200000e+02
  1.2857517020728e+00   2.225513e-11   1.593322e-09   7.000000e+01   3.296891e-12  -1.454150e-10  -6.898938e-10   1.820548e-11   1.412060e-09  -1.200000e+02
  1.2879495682302e+00   2.573402e-11   1.572374e-09   7.000000e+01   2.924731e-12  -1.932410e-10  -7.086999e-10   2.130353e-11   1.407079e-09  -1.200000e+02
  1.2901474343876e+00   2.912489e-11   1.513229e-09   7.000000e+01   2.446171e-12  -2.422359e-10  -7.175044e-10   2.435660e-11   1.371141e-09  -1.200000e+02
  1.2923453005450e+00   3.233946e-11   1.411944e-09   7.000000e+01   1.859692e-12  -2.914444e-10  -7.141714e-10   2.729302e-11   1.300919e-09  -1.200000e+02
  1.2945431667024e+00   3.528125e-11   1.265006e-09   7.000000e+01   1.165990e-12  -3.398060e-10  -6.963587e-10   3.003411e-11   1.193403e-09  -1.200000e+02
  1.2967410328598e+00   3.784669e-11   1.069474e-09   7.000000e+01   3.681928e-13  -3.861679e-10  -6.615529e-10   3.249508e-11   1.046010e-09  -1.200000e+02
  1.2989388990172e+00   3.992653e-11   8.231273e-10   7.000000e+01  -5.279547e-13  -4.293027e-10  -6.071206e-10   3.458603e-11   8.566973e-10  -1.200000e+02
  1.3011367651746e+00   4.140762e-11   5.246174e-10   7.000000e+01  -1.513952e-12  -4.679286e-10  -5.303781e-10   3.621331e-11   6.240853e-10  -1.200000e+02
  1.3033346313320e+00   4.217493e-11   1.736159e-10   7.000000e+01  -2.578447e-12  -5.007338e-10  -4.286793e-10   3.728109e-11   3.475743e-10  -1.200000e+02
  1.3055324974893e+00   4.211402e-11  -2.290386e-10   7.000000e+01  -3.707202e-12  -5.264035e-10  -2.995226e-10   3.769323e-11   2.746061e-11  -1.200000e+02
  1.3077303636467e+00   4.111373e-11  -6.812038e-10   7.000000e+01  -4.883119e-12  -5.436496e-10  -1.406757e-10   3.735532e-11  -3.349520e-10  -1.200000e+02
  1.3099282298041e+00   3.906915e-11  -1.179310e-09   7.000000e+01  -6.086333e-12  -5.512431e-10   4.968423e-11   3.617704e-11  -7.372513e-10  -1.200000e+02
  1.3121260959615e+00   3.588492e-11  -1.718256e-09   7.000000e+01  -7.294380e-12  -5.480473e-10   2.728162e-10   3.407469e-11  -1.175828e-09  -1.200000e+02
  1.3143239621189e+00   3.147866e-11  -2.291323e-09   7.000000e+01  -8.482437e-12  -5.330533e-10   5.292515e-10   3.097391e-11  -1.645804e-09  -1.200000e+02
  1.3165218282763e+00   2.578459e-11  -2.890125e-09   7.000000e+01  -9.623643e-12  -5.054143e-10   8.186253e-10   2.681249e-11  -2.140982e-09  -1.200000e+02
  1.3187196944337e+00   1.875724e-11  -3.504585e-09   7.000000e+01  -1.068949e-11  -4.644808e-10   1.139508e-09   2.154333e-11  -2.653815e-09  -1.200000e+02
  1.3209175605911e+00   1.037509e-11  -4.122950e-09   7.000000e+01  -1.165030e-11  -4.098330e-10   1.489243e-09   1.513739e-11  -3.175413e-09  -1.200000e+02
  1.3231154267485e+00   6.442511e-13  -4.731852e-09   7.000000e+01  -1.247576e-11  -3.413117e-10   1.863800e-09   7.586643e-12  -3.695571e-09  -1.200000e+02
  1.3253132929059e+00  -1.039812e-11  -5.316412e-09   7.000000e+01  -1.313552e-11  -2.590455e-10   2.257649e-09  -1.093182e-12  -4.202840e-09  -1.200000e+02
  1.3275111590632e+00  -2.268068e-11  -5.860391e-09   7.000000e+01  -1.359984e-11  -1.634736e-10   2.663668e-09  -1.085992e-11  -4.684629e-09  -1.200000e+02
  1.3297090252206e+00  -3.609512e-11  -6.346397e-09   7.000000e+01  -1.384032e-11  -5.536360e-11   3.073078e-09  -2.164262e-11  -5.127350e-09  -1.200000e+02
  1.3319068913780e+00  -5.049393e-11  -6.756142e-09   7.000000e+01  -1.383064e-11   6.417723e-11   3.475441e-09  -3.333962e-11  -5.516603e-09  -1.200000e+02
  1.3341047575354e+00  -6.568876e-11  -7.070752e-09   7.000000e+01  -1.354725e-11   1.936972e-10   3.858696e-09  -4.581691e-11  -5.837401e-09  -1.200000e+02
  1.3363026236928e+00  -8.144953e-11  -7.271131e-09   7.000000e+01  -1.297020e-11   3.314033e-10   4.209268e-09  -5.890722e-11  -6.074435e-09  -1.200000e+02
  1.3385004898502e+00  -9.750439e-11  -7.338367e-09   7.000000e+01  -1.208383e-11   4.751728e-10   4.512233e-09  -7.240961e-11  -6.212378e-09  -1.200000e+02
  1.3406983560076e+00  -1.135406e-10  -7.254195e-09   7.000000e+01  -1.087748e-11   6.225729e-10   4.751558e-09  -8.608979e-11  -6.236224e-09  -1.200000e+02
  1.3428962221650e+00  -1.292067e-10  -7.001487e-09   7.000000e+01  -9.346155e-12   7.708896e-10   4.910416e-09  -9.968127e-11  -6.131665e-09  -1.200000e+02
  1.3450940883224e+00  -1.441151e-10  -6.564786e-09   7.000000e+01  -7.491095e-12   9.171655e-10   4.971567e-09  -1.128873e-10  -5.885484e-09  -1.200000e+02
  1.3472919544797e+00  -1.578470e-10  -5.930854e-09   7.000000e+01  -5.320250e-12   1.058246e-09   4.917809e-09  -1.253838e-10  -5.485975e-09  -1.200000e+02
  1.3494898206371e+00  -1.699573e-10  -5.089238e-09   7.000000e+01  -2.848663e-12   1.190833e-09   4.732499e-09  -1.368230e-10  -4.923379e-09  -1.200000e+02
  1.3516876867945e+00  -1.799819e-10  -4.032840e-09   7.000000e+01  -9.871227e-14   1.311549e-09   4.400122e-09  -1.468383e-10  -4.190319e-09  -1.200000e+02
  1.3538855529519e+00  -1.874451e-10  -2.758468e-09   7.000000e+01   2.899786e-12   1.417005e-09   3.906914e-09  -1.550502e-10  -3.282230e-09  -1.200000e+02
  1.3560834191093e+00  -1.918692e-10  -1.267370e-09   7.000000e+01   6.109633e-12   1.503871e-09   3.241504e-09  -1.610723e-10  -2.197778e-09  -1.200000e+02
  1.3582812852667e+00  -1.927847e-10   4.342784e-10   7.000000e+01   9.486470e-12   1.568961e-09   2.395584e-09  -1.645197e-10  -9.392489e-10  -1.200000e+02
  1.3604791514241e+00  -1.897415e-10   2.334943e-09   7.000000e+01   1.297918e-11   1.609309e-09   1.364569e-09  -1.650166e-10   4.871006e-10  -1.200000e+02
  1.3626770175815e+00  -1.823212e-10   4.417370e-09   7.000000e+01   1.653045e-11   1.622252e-09   1.482300e-10  -1.622057e-10   2.070741e-09  -1.200000e+02
  1.3648748837389e+00  -1.701497e-10   6.658314e-09   7.000000e+01   2.007754e-11   1.605510e-09  -1.248714e-09  -1.557578e-10   3.796629e-09  -1.200000e+02
  1.3670727498963e+00  -1.529111e-10   9.028378e-09   7.000000e+01   2.355322e-11   1.557264e-09  -2.816078e-09  -1.453821e-10   5.645044e-09  -1.200000e+02
  1.3692706160536e+00  -1.303606e-10   1.149196e-08   7.000000e+01   2.688682e-11   1.476226e-09  -4.537792e-09  -1.308360e-10   7.591505e-09  -1.200000e+02
  1.3714684822110e+00  -1.023386e-10   1.400734e-08   7.000000e+01   3.000552e-11   1.361706e-09  -6.391584e-09  -1.119362e-10   9.606781e-09  -1.200000e+02
  1.3736663483684e+00  -6.878350e-11   1.652693e-08   7.000000e+01   3.283568e-11   1.213666e-09  -8.348824e-09  -8.856873e-11   1.165701e-08  -1.200000e+02
  1.3758642145258e+00  -2.974439e-11   1.899763e-08   7.000000e+01   3.530435e-11   1.032763e-09  -1.037451e-08  -6.069874e-11   1.370394e-08  -1.200000e+02
  1.3780620806832e+00   1.460749e-11   2.136141e-08   7.000000e+01   3.734084e-11   8.203807e-10  -1.242743e-08  -2.838002e-11   1.570524e-08  -1.200000e+02
  1.3802599468406e+00   6.396873e-11   2.355602e-08   7.000000e+01   3.887827e-11   5.786414e-10  -1.446055e-08   8.236696e-12   1.761500e-08  -1.200000e+02
  1.3824578129980e+00   1.178954e-10   2.551586e-08   7.000000e+01   3.985527e-11   3.104084e-10  -1.642155e-08   4.889647e-11   1.938432e-08  -1.200000e+02
  1.3846556791554e+00   1.757971e-10   2.717308e-08   7.000000e+01   4.021756e-11   1.926561e-11  -1.825360e-08   9.323435e-11   2.096198e-08  -1.200000e+02
  1.3868535453128e+00   2.369327e-10   2.845874e-08   7.000000e+01   3.991947e-11  -2.905197e-10  -1.989631e-08   1.407712e-10   2.229532e-08  -1.200000e+02
  1.3890514114701e+00   3.004103e-10   2.930421e-08   7.000000e+01   3.892541e-11  -6.140519e-10  -2.128694e-08   1.909117e-10   2.333116e-08  -1.200000e+02
  1.3912492776275e+00   3.651890e-10   2.964267e-08   7.000000e+01   3.721115e-11  -9.458812e-10  -2.236170e-08   2.429439e-10   2.401682e-08  -1.200000e+02
  1.3934471437849e+00   4.300847e-10   2.941072e-08   7.000000e+01   3.476495e-11  -1.280095e-09  -2.305729e-08   2.960423e-10   2.430130e-08  -1.200000e+02
  1.3956450099423e+00   4.937798e-10   2.855007e-08   7.000000e+01   3.158845e-11  -1.610429e-09  -2.331254e-08   3.492722e-10   2.413646e-08  -1.200000e+02
  1.3978428760997e+00   5.548359e-10   2.700938e-08   7.000000e+01   2.769734e-11  -1.930386e-09  -2.307016e-08   4.015976e-10   2.347826e-08  -1.200000e+02
  1.4000407422571e+00   6.117116e-10   2.474599e-08   7.000000e+01   2.312164e-11  -2.233377e-09  -2.227853e-08   4.518918e-10   2.228815e-08  -1.200000e+02
  1.4022386084145e+00   6.627831e-10   2.172778e-08   7.000000e+01   1.790584e-11  -2.512866e-09  -2.089363e-08   4.989508e-10   2.053428e-08  -1.200000e+02
  1.4044364745719e+00   7.063697e-10   1.793492e-08   7.000000e+01   1.210853e-11  -2.762527e-09  -1.888076e-08   5.415093e-10   1.819290e-08  -1.200000e+02
  1.4066343407293e+00   7.407625e-10   1.336157e-08   7.000000e+01   5.801838e-12  -2.976399e-09  -1.621636e-08   5.782604e-10   1.524957e-08  -1.200000e+02
  1.4088322068867e+00   7.642566e-10   8.017414e-09   7.000000e+01  -9.296166e-13  -3.149046e-09  -1.288961e-08   6.078766e-10   1.170038e-08  -1.200000e+02
  1.4110300730440e+00   7.751871e-10   1.929083e-09   7.000000e+01  -7.989998e-12  -3.275714e-09  -8.903931e-09   6.290348e-10   7.553057e-09  -1.200000e+02
  1.4132279392014e+00   7.719677e-10  -4.858697e-09   7.000000e+01  -1.527393e-11  -3.352471e-09  -4.278191e-09   6.404429e-10   2.827935e-09  -1.200000e+02
  1.4154258053588e+00   7.531311e-10  -1.228218e-08   7.000000e+01  -2.266845e-11  -3.376347e-09   9.522881e-10   6.408679e-10  -2.441226e-09  -1.200000e+02
  1.4176236715162e+00   7.173716e-10  -2.025800e-08   7.000000e+01  -3.005525e-11  -3.345444e-09   6.735068e-09   6.291666e-10  -8.206612e-09  -1.200000e+02
  1.4198215376736e+00   6.635887e-10  -2.868292e-08   7.000000e+01  -3.731313e-11  -3.259033e-09   1.300027e-08   6.043169e-10  -1.440595e-08  -1.200000e+02
  1.4220194038310e+00   5.909307e-10  -3.743394e-08   7.000000e+01  -4.432065e-11  -3.117625e-09   1.966061e-08   5.654495e-10  -2.096236e-08  -1.200000e+02
  1.4242172699884e+00   4.988371e-10  -4.636887e-08   7.000000e+01  -5.095890e-11  -2.923005e-09   2.661190e-08   5.118800e-10  -2.778444e-08  -1.200000e+02
  1.4264151361458e+00   3.870797e-10  -5.532737e-08   7.000000e+01  -5.711429e-11  -2.678244e-09   3.373385e-08   4.431405e-10  -3.476670e-08  -1.200000e+02
  1.4286130023032e+00   2.558015e-10  -6.413234e-08   7.000000e+01  -6.268139e-11  -2.387668e-09   4.089144e-08   3.590095e-10  -4.179031e-08  -1.200000e+02
  1.4308108684606e+00   1.055506e-10  -7.259200e-08   7.000000e+01  -6.756556e-11  -2.056795e-09   4.793657e-08   2.595402e-10  -4.872411e-08  -1.200000e+02
  1.4330087346179e+00  -6.268977e-11  -8.050228e-08   7.000000e+01  -7.168549e-11  -1.692233e-09   5.471026e-08   1.450861e-10  -5.542606e-08  -1.200000e+02
  1.4352066007753e+00  -2.474776e-10  -8.764978e-08   7.000000e+01  -7.497544e-11  -1.301539e-09   6.104515e-08   1.632303e-11  -6.174497e-08  -1.200000e+02
  1.4374044669327e+00  -4.468956e-10  -9.381529e-08   7.000000e+01  -7.738715e-11  -8.930446e-10   6.676837e-08  -1.257334e-10  -6.752262e-08  -1.200000e+02
  1.4396023330901e+00  -6.585422e-10  -9.877758e-08   7.000000e+01  -7.889125e-11  -4.756477e-10   7.170481e-08  -2.797146e-10  -7.259618e-08  -1.200000e+02
  1.4418001992475e+00  -8.795326e-10  -1.023178e-07   7.000000e+01  -7.947832e-11  -5.857143e-11   7.568055e-08  -4.438921e-10  -7.680098e-08  -1.200000e+02
  1.4439980654049e+00  -1.106508e-09  -1.042241e-07   7.000000e+01  -7.915927e-11   3.489001e-10   7.852665e-08  -6.161768e-10  -7.997355e-08  -1.200000e+02
  1.4461959315623e+00  -1.335659e-09  -1.042966e-07   7.000000e+01  -7.796516e-11   7.377063e-10   8.008297e-08  -7.941254e-10  -8.195502e-08  -1.200000e+02
  1.4483937977197e+00  -1.562752e-09  -1.023527e-07   7.000000e+01  -7.594641e-11   1.099307e-09   8.020223e-08  -9.749545e-10  -8.259457e-08  -1.200000e+02
  1.4505916638771e+00  -1.783182e-09  -9.823246e-08   7.000000e+01  -7.317128e-11   1.425985e-09   7.875400e-08  -1.155562e-09  -8.175326e-08  -1.200000e+02
  1.4527895300344e+00  -1.992019e-09  -9.180383e-08   7.000000e+01  -6.972379e-11   1.711144e-09   7.562865e-08  -1.332557e-09  -7.930782e-08  -1.200000e+02
  1.4549873961918e+00  -2.184082e-09  -8.296825e-08   7.000000e+01  -6.570089e-11   1.949592e-09   7.074126e-08  -1.502301e-09  -7.515461e-08  -1.200000e+02
  1.4571852623492e+00  -2.354014e-09  -7.166569e-08   7.000000e+01  -6.120911e-11   2.137804e-09   6.403528e-08  -1.660952e-09  -6.921346e-08  -1.200000e+02
  1.4593831285066e+00  -2.496376e-09  -5.787962e-08   7.000000e+01  -5.636067e-11   2.274151e-09   5.548589e-08  -1.804522e-09  -6.143145e-08  -1.200000e+02
  1.4615809946640e+00  -2.605743e-09  -4.164145e-08   7.000000e+01  -5.126905e-11   2.359083e-09   4.510305e-08  -1.928941e-09  -5.178655e-08  -1.200000e+02
  1.4637788608214e+00  -2.676817e-09  -2.303442e-08   7.000000e+01  -4.604435e-11   2.395264e-09   3.293411e-08  -2.030128e-09  -4.029087e-08  -1.200000e+02
  1.4659767269788e+00  -2.704545e-09  -2.196795e-09   7.000000e+01  -4.078825e-11   2.387639e-09   1.906584e-08  -2.104069e-09  -2.699360e-08  -1.200000e+02
  1.4681745931362e+00  -2.684238e-09   2.067571e-08   7.000000e+01  -3.558911e-11   2.343441e-09   3.625961e-09  -2.146902e-09  -1.198344e-08  -1.200000e+02
  1.4703724592936e+00  -2.611704e-09   4.532859e-08   7.000000e+01  -3.051693e-11   2.272116e-09  -1.321607e-08  -2.155005e-09   4.609531e-09  -1.200000e+02
  1.4725703254510e+00  -2.483374e-09   7.144816e-08   7.000000e+01  -2.561867e-11   2.185166e-09  -3.124899e-08  -2.125090e-09   2.261270e-08  -1.200000e+02
  1.4747681916083e+00  -2.296433e-09   9.866249e-08   7.000000e+01  -2.091405e-11   2.095916e-09  -5.022049e-08  -2.054293e-09   4.181047e-08  -1.200000e+02
  1.4769660577657e+00  -2.048947e-09   1.265435e-07   7.000000e+01  -1.639182e-11   2.019191e-09  -6.983879e-08  -1.940273e-09   6.194476e-08  -1.200000e+02
  1.4791639239231e+00  -1.739978e-09   1.546104e-07   7.000000e+01  -1.200696e-11   1.970916e-09  -8.977521e-08  -1.781300e-09   8.271631e-08  -1.200000e+02
  1.4813617900805e+00  -1.369697e-09   1.823349e-07   7.000000e+01  -7.678759e-12   1.967631e-09  -1.096677e-07  -1.576345e-09   1.037871e-07  -1.200000e+02
  1.4835596562379e+00  -9.394848e-10   2.091472e-07   7.000000e+01  -3.290085e-12   2.025947e-09  -1.291251e-07  -1.325162e-09   1.247835e-07  -1.200000e+02
  1.4857575223953e+00  -4.520078e-10   2.344440e-07   7.000000e+01   1.312114e-12   2.161932e-09  -1.477332e-07  -1.028357e-09   1.453012e-07  -1.200000e+02
  1.4879553885527e+00   8.871293e-11   2.575976e-07   7.000000e+01   6.314884e-12   2.390456e-09  -1.650606e-07  -6.874554e-10   1.649100e-07  -1.200000e+02
  1.4901532547101e+00   6.772622e-10   2.779667e-07   7.000000e+01   1.193587e-11   2.724495e-09  -1.806665e-07  -3.049490e-10   1.831608e-07  -1.200000e+02
  1.4923511208675e+00   1.306813e-09   2.949078e-07   7.000000e+01   1.841839e-11   3.174427e-09  -1.941092e-07   1.156716e-10   1.995928e-07  -1.200000e+02
  1.4945489870248e+00   1.969136e-09   3.077884e-07   7.000000e+01   2.602494e-11   3.747333e-09  -2.049549e-07   5.698991e-10   2.137422e-07  -1.200000e+02
  1.4967468531822e+00   2.654638e-09   3.160005e-07   7.000000e+01   3.502922e-11   4.446314e-09  -2.127881e-07   1.052213e-09   2.251508e-07  -1.200000e+02
  1.4989447193396e+00   3.352434e-09   3.189753e-07   7.000000e+01   4.570665e-11   5.269871e-09  -2.172218e-07   1.556104e-09   2.333762e-07  -1.200000e+02
  1.5011425854970e+00   4.050447e-09   3.161981e-07   7.000000e+01   5.832373e-11   6.211340e-09  -2.179086e-07   2.074117e-09   2.380023e-07  -1.200000e+02
  1.5033404516544e+00   4.735545e-09   3.072234e-07   7.000000e+01   7.312612e-11   7.258436e-09  -2.145516e-07   2.597925e-09   2.386492e-07  -1.200000e+02
  1.5055383178118e+00   5.393711e-09   2.916899e-07   7.000000e+01   9.032589e-11   8.392907e-09  -2.069153e-07   3.118417e-09   2.349847e-07  -1.200000e+02
  1.5077361839692e+00   6.010239e-09   2.693350e-07   7.000000e+01   1.100883e-10   9.590330e-09  -1.948364e-07   3.625816e-09   2.267344e-07  -1.200000e+02
  1.5099340501266e+00   6.569974e-09   2.400085e-07   7.000000e+01   1.325179e-10   1.082007e-08  -1.782337e-07   4.109815e-09   2.136922e-07  -1.200000e+02
  1.5121319162840e+00   7.057563e-09   2.036852e-07   7.000000e+01   1.576456e-10   1.204543e-08  -1.571169e-07   4.559742e-09   1.957297e-07  -1.200000e+02
  1.5143297824414e+00   7.457752e-09   1.604759e-07   7.000000e+01   1.854149e-10   1.322394e-08  -1.315942e-07   4.964737e-09   1.728049e-07  -1.200000e+02
  1.5165276485987e+00   7.755686e-09   1.106362e-07   7.000000e+01   2.156706e-10   1.430794e-08  -1.018781e-07   5.313950e-09   1.449698e-07  -1.200000e+02
  1.5187255147561e+00   7.937240e-09   5.457358e-08   7.000000e+01   2.481477e-10   1.524530e-08  -6.828940e-08   5.596756e-09   1.123765e-07  -1.200000e+02
  1.5209233809135e+00   7.989358e-09  -7.148460e-09   7.000000e+01   2.824626e-10   1.598036e-08  -3.125829e-08   5.802980e-09   7.528164e-08  -1.200000e+02
  1.5231212470709e+00   7.900391e-09  -7.380925e-08   7.000000e+01   3.181070e-10   1.645512e-08   8.676668e-09   5.923127e-09   3.404890e-08  -1.200000e+02
  1.5253191132283e+00   7.660447e-09  -1.445327e-07   7.000000e+01   3.544440e-10   1.661060e-08   5.087282e-08   5.948621e-09  -1.085046e-08  -1.200000e+02
  1.5275169793857e+00   7.261727e-09  -2.182927e-07   7.000000e+01   3.907076e-10   1.638835e-08   9.459069e-08   5.872036e-09  -5.883933e-08  -1.200000e+02
  1.5297148455431e+00   6.698837e-09  -2.939215e-07   7.000000e+01   4.260059e-10   1.573217e-08   1.390045e-07   5.687329e-09  -1.092389e-07  -1.200000e+02
  1.5319127117005e+00   5.969097e-09  -3.701227e-07   7.000000e+01   4.593279e-10   1.458995e-08   1.832160e-07   5.390052e-09  -1.612751e-07  -1.200000e+02
  1.5341105778579e+00   5.072797e-09  -4.454869e-07   7.000000e+01   4.895546e-10   1.291555e-08   2.262711e-07   4.977553e-09  -2.140878e-07  -1.200000e+02
  1.5363084440152e+00   4.013427e-09  -5.185112e-07   7.000000e+01   5.154744e-10   1.067078e-08   2.671803e-07   4.449154e-09  -2.667419e-07  -1.200000e+02
  1.5385063101726e+00   2.797860e-09  -5.876227e-07   7.000000e+01   5.358026e-10   7.827363e-09   3.049407e-07   3.806297e-09  -3.182412e-07  -1.200000e+02
  1.5407041763300e+00   1.436473e-09  -6.512039e-07   7.000000e+01   5.492055e-10   4.368879e-09   3.385613e-07   3.052664e-09  -3.675443e-07  -1.200000e+02
  1.5429020424874e+00  -5.678702e-11  -7.076228e-07   7.000000e+01   5.543280e-10   2.925406e-10   3.670895e-07   2.194259e-09  -4.135823e-07  -1.200000e+02
  1.5450999086448e+00  -1.664401e-09  -7.552636e-07   7.000001e+01   5.498261e-10  -4.389149e-09   3.896386e-07   1.239439e-09  -4.552785e-07  -1.200000e+02
  1.5472977748022e+00  -3.365356e-09  -7.925606e-07   7.000001e+01   5.344014e-10  -9.646975e-09   4.054165e-07   1.989164e-10  -4.915693e-07  -1.200000e+02
  1.5494956409596e+00  -5.135291e-09  -8.180330e-07   7.000001e+01   5.068392e-10  -1.543387e-08   4.137527e-07  -9.142974e-10  -5.214258e-07  -1.200000e+02
  1.5516935071170e+00  -6.946721e-09  -8.303206e-07   7.000001e+01   4.660490e-10  -2.168415e-08   4.141251e-07  -2.084994e-09  -5.438770e-07  -1.200000e+02
  1.5538913732744e+00  -8.769346e-09  -8.282195e-07   7.000001e+01   4.111053e-10  -2.831310e-08   4.061838e-07  -3.295918e-09  -5.580318e-07  -1.200000e+02
  1.5560892394318e+00  -1.057043e-08  -8.107175e-07   7.000001e+01   3.412900e-10  -3.521702e-08   3.897724e-07  -4.527969e-09  -5.631018e-07  -1.200000e+02
  1.5582871055891e+00  -1.231525e-08  -7.770273e-07   7.000001e+01   2.561327e-10  -4.227383e-08   3.649446e-07  -5.760449e-09  -5.584228e-07  -1.200000e+02
  1.5604849717465e+00  -1.396766e-08  -7.266179e-07   7.000001e+01   1.554508e-10  -4.934407e-08   3.319762e-07  -6.971361e-09  -5.434751e-07  -1.200000e+02
  1.5626828379039e+00  -1.549063e-08  -6.592436e-07   7.000001e+01   3.938511e-11  -5.627262e-08   2.913713e-07  -8.137744e-09  -5.179021e-07  -1.200000e+02
  1.5648807040613e+00  -1.684694e-08  -5.749675e-07   7.000001e+01  -9.156746e-11  -6.289076e-08   2.438623e-07  -9.236049e-09  -4.815268e-07  -1.200000e+02
  1.5670785702187e+00  -1.799989e-08  -4.741821e-07   7.000001e+01  -2.365275e-10  -6.901904e-08   1.904029e-07  -1.024255e-08  -4.343650e-07  -1.200000e+02
  1.5692764363761e+00  -1.891399e-08  -3.576235e-07   7.000001e+01  -3.942128e-10  -7.447041e-08   1.321540e-07  -1.113379e-08  -3.766365e-07  -1.200000e+02
  1.5714743025335e+00  -1.955577e-08  -2.263804e-07   7.000000e+01  -5.629259e-10  -7.905410e-08   7.046240e-08  -1.188701e-08  -3.087716e-07  -1.200000e+02
  1.5736721686909e+00  -1.989454e-08  -8.189575e-08   7.000000e+01  -7.405507e-10  -8.257977e-08   6.832517e-09  -1.248064e-08  -2.314151e-07  -1.200000e+02
  1.5758700348483e+00  -1.990318e-08   7.403781e-08   7.000000e+01  -9.245582e-10  -8.486214e-08  -5.710887e-08  -1.289476e-08  -1.454253e-07  -1.200000e+02
  1.5780679010056e+00  -1.955885e-08   2.392899e-07   7.000000e+01  -1.112023e-09  -8.572580e-08  -1.196537e-07  -1.311157e-08  -5.186951e-08  -1.200000e+02
  1.5802657671630e+00  -1.884377e-08   4.114119e-07   7.000000e+01  -1.299650e-09  -8.501036e-08  -1.790591e-07  -1.311584e-08   4.798490e-08  -1.200000e+02
  1.5824636333204e+00  -1.774586e-08   5.876644e-07   7.000000e+01  -1.483816e-09  -8.257554e-08  -2.335977e-07  -1.289532e-08   1.526838e-07  -1.200000e+02
  1.5846614994778e+00  -1.625931e-08   7.650509e-07   7.000000e+01  -1.660615e-09  -7.830626e-08  -2.816112e-07  -1.244115e-08   2.606037e-07  -1.200000e+02
  1.5868593656352e+00  -1.438518e-08   9.403595e-07   7.000000e+01  -1.825920e-09  -7.211759e-08  -3.215643e-07  -1.174818e-08   3.699727e-07  -1.200000e+02
  1.5890572317926e+00  -1.213174e-08   1.110211e-06   6.999999e+01  -1.975460e-09  -6.395923e-08  -3.520995e-07  -1.081533e-08   4.788961e-07  -1.200000e+02
  1.5912550979500e+00  -9.514823e-09   1.271114e-06   6.999999e+01  -2.104891e-09  -5.381968e-08  -3.720884e-07  -9.645760e-09   5.853848e-07  -1.200000e+02
  1.5934529641074e+00  -6.557992e-09   1.419523e-06   6.999999e+01  -2.209893e-09  -4.172968e-08  -3.806801e-07  -8.247069e-09   6.873868e-07  -1.200000e+02
  1.5956508302648e+00  -3.292594e-09   1.551902e-06   6.999999e+01  -2.286263e-09  -2.776491e-08  -3.773433e-07  -6.631408e-09   7.828215e-07  -1.200000e+02
  1.5978486964222e+00   2.423408e-10   1.664795e-06   6.999999e+01  -2.330014e-09  -1.204782e-08  -3.619010e-07  -4.815490e-09   8.696161e-07  -1.200000e+02
  1.6000465625795e+00   4.000347e-09   1.754891e-06   6.999999e+01  -2.337483e-09   5.251501e-09  -3.345563e-07  -2.820532e-09   9.457431e-07  -1.200000e+02
  1.6022444287369e+00   7.927921e-09   1.819097e-06   6.999999e+01  -2.305430e-09   2.391564e-08  -2.959078e-07  -6.721157e-10   1.009259e-06  -1.200000e+02
  1.6044422948943e+00   1.196508e-08   1.854610e-06   6.999999e+01  -2.231146e-09   4.368127e-08  -2.469531e-07   1.600041e-09   1.058343e-06  -1.200000e+02
  1.6066401610517e+00   1.604607e-08   1.858981e-06   6.999999e+01  -2.112545e-09   6.424176e-08  -1.890804e-07   3.962396e-09   1.091337e-06  -1.200000e+02
  1.6088380272091e+00   2.010021e-08   1.830183e-06   6.999999e+01  -1.948263e-09   8.525104e-08  -1.240467e-07   6.377977e-09   1.106778e-06  -1.200000e+02
  1.6110358933665e+00   2.405292e-08   1.766671e-06   6.999999e+01  -1.737730e-09   1.063287e-07  -5.394379e-08   8.806859e-09   1.103440e-06  -1.200000e+02
  1.6132337595239e+00   2.782677e-08   1.667437e-06   6.999999e+01  -1.481244e-09   1.270660e-07   1.884916e-08   1.120671e-08   1.080361e-06  -1.200000e+02
  1.6154316256813e+00   3.134280e-08   1.532055e-06   6.999999e+01  -1.180027e-09   1.470335e-07   9.172438e-08   1.353341e-08   1.036875e-06  -1.200000e+02
  1.6176294918387e+00   3.452177e-08   1.360724e-06   6.999999e+01  -8.362564e-10   1.657890e-07   1.619151e-07   1.574173e-08   9.726384e-07  -1.200000e+02
  1.6198273579960e+00   3.728560e-08   1.154291e-06   6.999999e+01  -4.530854e-10   1.828865e-07   2.265744e-07   1.778606e-08   8.876482e-07  -1.200000e+02
  1.6220252241534e+00   3.955882e-08   9.142770e-07   6.999999e+01  -3.464209e-11   1.978859e-07   2.828608e-07   1.962118e-08   7.822607e-07  -1.200000e+02
  1.6242230903108e+00   4.127003e-08   6.428754e-07   6.999999e+01   4.139963e-10   2.103632e-07   3.280294e-07   2.120305e-08   6.572008e-07  -1.200000e+02
  1.6264209564682e+00   4.235339e-08   3.429530e-07   6.999999e+01   8.868490e-10   2.199203e-07   3.595248e-07   2.248965e-08   5.135674e-07  -1.200000e+02
  1.6286188226256e+00   4.275008e-08   1.802963e-08   6.999999e+01   1.377100e-09   2.261954e-07   3.750737e-07   2.344176e-08   3.528316e-07  -1.200000e+02
  1.6308166887830e+00   4.240972e-08  -3.277515e-07   7.000000e+01   1.877189e-09   2.288725e-07   3.727750e-07   2.402383e-08   1.768290e-07  -1.200000e+02
  1.6330145549404e+00   4.129165e-08  -6.896668e-07   7.000000e+01   2.378922e-09   2.276909e-07   3.511822e-07   2.420468e-08  -1.225450e-08  -1.200000e+02
  1.6352124210978e+00   3.936617e-08  -1.062468e-06   7.000000e+01   2.873600e-09   2.224530e-07   3.093785e-07   2.395835e-08  -2.119038e-07  -1.200000e+02
  1.6374102872552e+00   3.661563e-08  -1.440448e-06   7.000000e+01   3.352169e-09   2.130320e-07   2.470389e-07   2.326470e-08  -4.193014e-07  -1.200000e+02
  1.6396081534126e+00   3.303534e-08  -1.817521e-06   7.000001e+01   3.805380e-09   1.993775e-07   1.644791e-07   2.211009e-08  -6.313616e-07  -1.200000e+02
  1.6418060195699e+00   2.863430e-08  -2.187306e-06   7.000001e+01   4.223960e-09   1.815198e-07   6.268719e-08   2.048792e-08  -8.447692e-07  -1.200000e+02
  1.6440038857273e+00   2.343576e-08  -2.543230e-06   7.000001e+01   4.598798e-09   1.595728e-07  -5.666174e-08   1.839907e-08  -1.056025e-06  -1.200000e+02
  1.6462017518847e+00   1.747751e-08  -2.878623e-06   7.000002e+01   4.921124e-09   1.337346e-07  -1.912109e-07   1.585227e-08  -1.261497e-06  -1.200000e+02
  1.6483996180421e+00   1.081197e-08  -3.186837e-06   7.000002e+01   5.182692e-09   1.042865e-07  -3.379470e-07   1.286431e-08  -1.457472e-06  -1.200000e+02
  1.6505974841995e+00   3.506060e-09  -3.461352e-06   7.000002e+01   5.375969e-09   7.159009e-08  -4.932448e-07   9.460155e-09  -1.640215e-06  -1.200000e+02
  1.6527953503569e+00  -4.359274e-09  -3.695894e-06   7.000002e+01   5.494294e-09   3.608237e-08  -6.529329e-07   5.672959e-09  -1.806034e-06  -1.200000e+02
  1.6549932165143e+00  -1.268968e-08  -3.884553e-06   7.000002e+01   5.532044e-09  -1.731237e-09  -8.123762e-07   1.543862e-09  -1.951335e-06  -1.200000e+02
  1.6571910826717e+00  -2.137833e-08  -4.021893e-06   7.000002e+01   5.484771e-09  -4.128526e-08  -9.665772e-07  -2.878275e-09  -2.072694e-06  -1.200000e+02
  1.6593889488291e+00  -3.030712e-08  -4.103065e-06   7.000002e+01   5.349328e-09  -8.196427e-08  -1.110291e-06  -7.537323e-09  -2.166916e-06  -1.200000e+02
  1.6615868149864e+00  -3.934802e-08  -4.123910e-06   7.000002e+01   5.123960e-09  -1.231144e-07  -1.238151e-06  -1.237045e-08  -2.231102e-06  -1.200000e+02
  1.6637846811438e+00  -4.836473e-08  -4.081056e-06   7.000002e+01   4.808379e-09  -1.640558e-07  -1.344809e-06  -1.730884e-08  -2.262705e-06  -1.200000e+02
  1.6659825473012e+00  -5.721450e-08  -3.972005e-06   7.000002e+01   4.403805e-09  -2.040963e-07  -1.425074e-06  -2.227855e-08  -2.259595e-06  -1.200000e+02
  1.6681804134586e+00  -6.575016e-08  -3.795215e-06   7.000002e+01   3.912976e-09  -2.425450e-07  -1.474056e-06  -2.720144e-08  -2.220107e-06  -1.200000e+02
  1.6703782796160e+00  -7.382223e-08  -3.550158e-06   7.000002e+01   3.340133e-09  -2.787266e-07  -1.487310e-06  -3.199630e-08  -2.143090e-06  -1.200000e+02
  1.6725761457734e+00  -8.128127e-08  -3.237372e-06   7.000002e+01   2.690969e-09  -3.119955e-07  -1.460967e-06  -3.658000e-08  -2.027956e-06  -1.200000e+02
  1.6747740119308e+00  -8.798023e-08  -2.858504e-06   7.000002e+01   1.972548e-09  -3.417489e-07  -1.391864e-06  -4.086877e-08  -1.874708e-06  -1.200000e+02
  1.6769718780882e+00  -9.377692e-08  -2.416325e-06   7.000002e+01   1.193197e-09  -3.674399e-07  -1.277652e-06  -4.477952e-08  -1.683972e-06  -1.200000e+02
  1.6791697442456e+00  -9.853647e-08  -1.914739e-06   7.000002e+01   3.623718e-10  -3.885887e-07  -1.116897e-06  -4.823126e-08  -1.457018e-06  -1.200000e+02
  1.6813676104030e+00  -1.021338e-07  -1.358773e-06   7.000002e+01  -5.095016e-10  -4.047930e-07  -9.091442e-07  -5.114649e-08  -1.195767e-06  -1.200000e+02
  1.6835654765603e+00  -1.044562e-07  -7.545522e-07   7.000002e+01  -1.411208e-09  -4.157362e-07  -6.549816e-07  -5.345267e-08  -9.027947e-07  -1.200000e+02
  1.6857633427177e+00  -1.054055e-07  -1.092604e-07   7.000001e+01  -2.330939e-09  -4.211944e-07  -3.560604e-07  -5.508361e-08  -5.813240e-07  -1.200000e+02
  1.6879612088751e+00  -1.049004e-07   5.689166e-07   7.000001e+01  -3.256499e-09  -4.210403e-07  -1.509972e-08  -5.598093e-08  -2.352053e-07  -1.200000e+02
  1.6901590750325e+00  -1.028786e-07   1.270859e-06   7.000000e+01  -4.175522e-09  -4.152464e-07   3.641381e-07  -5.609532e-08   1.311098e-07  -1.200000e+02
  1.6923569411899e+00  -9.929887e-08   1.986593e-06   7.000000e+01  -5.075692e-09  -4.038846e-07   7.768982e-07  -5.538792e-08   5.126056e-07  -1.200000e+02
  1.6945548073473e+00  -9.414270e-08   2.705385e-06   6.999999e+01  -5.944958e-09  -3.871245e-07   1.217509e-06  -5.383145e-08   9.037476e-07  -1.200000e+02
  1.6967526735047e+00  -8.741588e-08   3.415841e-06   6.999999e+01  -6.771744e-09  -3.652293e-07   1.679482e-06  -5.141128e-08   1.298537e-06  -1.200000e+02
  1.6989505396621e+00  -7.914986e-08   4.106020e-06   6.999998e+01  -7.545150e-09  -3.385496e-07   2.155636e-06  -4.812646e-08   1.690571e-06  -1.200000e+02
  1.7011484058195e+00  -6.940280e-08   4.763546e-06   6.999998e+01  -8.255133e-09  -3.075158e-07   2.638233e-06  -4.399042e-08   2.073115e-06  -1.200000e+02
  1.7033462719768e+00  -5.826041e-08   5.375732e-06   6.999998e+01  -8.892671e-09  -2.726279e-07   3.119140e-06  -3.903172e-08   2.439169e-06  -1.200000e+02
  1.7055441381342e+00  -4.583650e-08   5.929701e-06   6.999998e+01  -9.449911e-09  -2.344455e-07   3.589994e-06  -3.329449e-08   2.781555e-06  -1.200000e+02
  1.7077420042916e+00  -3.227323e-08   6.412512e-06   6.999997e+01  -9.920277e-09  -1.935750e-07   4.042380e-06  -2.683876e-08   3.092994e-06  -1.200000e+02
  1.7099398704490e+00  -1.774117e-08   6.811278e-06   6.999997e+01  -1.029857e-08  -1.506573e-07   4.468011e-06  -1.974055e-08   3.366191e-06  -1.200000e+02
  1.7121377366064e+00  -2.439002e-09   7.113292e-06   6.999997e+01  -1.058100e-08  -1.063545e-07   4.858905e-06  -1.209185e-08   3.593920e-06  -1.200000e+02
  1.7143356027638e+00   1.340698e-08   7.306136e-06   6.999996e+01  -1.076529e-08  -6.133688e-08   5.207558e-06  -4.000375e-09   3.769109e-06  -1.200000e+02
  1.7165334689212e+00   2.954364e-08   7.377792e-06   6.999996e+01  -1.085057e-08  -1.626951e-08   5.507112e-06   4.410894e-09   3.884923e-06  -1.200000e+02
  1.7187313350786e+00   4.569196e-08   7.316746e-06   6.999996e+01  -1.083746e-08   2.819984e-08   5.751501e-06   1.300429e-08   3.934842e-06  -1.200000e+02
  1.7209292012360e+00   6.154826e-08   7.112073e-06   6.999996e+01  -1.072795e-08   7.145240e-08   5.935580e-06   2.162825e-08   3.912736e-06  -1.200000e+02
  1.7231270673934e+00   7.678563e-08   6.753531e-06   6.999996e+01  -1.052535e-08   1.129088e-07   6.055245e-06   3.011825e-08   3.812939e-06  -1.200000e+02
  1.7253249335507e+00   9.105545e-08   6.231621e-06   6.999996e+01  -1.023419e-08   1.520383e-07   6.107509e-06   3.829788e-08   3.630305e-06  -1.200000e+02
  1.7275227997081e+00   1.039891e-07   5.537658e-06   6.999996e+01  -9.860107e-09   1.883660e-07   6.090575e-06   4.598005e-08   3.360268e-06  -1.200000e+02
  1.7297206658655e+00   1.151998e-07   4.663817e-06   6.999997e+01  -9.409716e-09   2.214789e-07   6.003861e-06   5.296834e-08   2.998891e-06  -1.200000e+02
  1.7319185320229e+00   1.242847e-07   3.603173e-06   6.999997e+01  -8.890460e-09   2.510299e-07   5.848010e-06   5.905839e-08   2.542896e-06  -1.200000e+02
  1.7341163981803e+00   1.308265e-07   2.349726e-06   6.999998e+01  -8.310476e-09   2.767400e-07   5.624873e-06   6.403942e-08   1.989703e-06  -1.200000e+02
  1.7363142643377e+00   1.343960e-07   8.984188e-07   6.999998e+01  -7.678437e-09   2.983988e-07   5.337452e-06   6.769573e-08   1.337443e-06  -1.200000e+02
  1.7385121304951e+00   1.345538e-07  -7.548588e-07   6.999999e+01  -7.003404e-09   3.158630e-07   4.989829e-06   6.980833e-08   5.849652e-07  -1.200000e+02
  1.7407099966525e+00   1.308524e-07  -2.613275e-06   7.000000e+01  -6.294683e-09   3.290539e-07   4.587072e-06   7.015648e-08  -2.681569e-07  -1.200000e+02
  1.7429078628099e+00   1.228386e-07  -4.679069e-06   7.000001e+01  -5.561688e-09   3.379527e-07   4.135110e-06   6.851929e-08  -1.221642e-06  -1.200000e+02
  1.7451057289672e+00   1.100551e-07  -6.953578e-06   7.000002e+01  -4.813812e-09   3.425951e-07   3.640600e-06   6.467724e-08  -2.274518e-06  -1.200000e+02
  1.7473035951246e+00   9.204270e-08  -9.437268e-06   7.000003e+01  -4.060318e-09   3.430644e-07   3.110774e-06   5.841369e-08  -3.425152e-06  -1.200000e+02
  1.7495014612820e+00   6.834197e-08  -1.212977e-05   7.000005e+01  -3.310242e-09   3.394847e-07   2.553284e-06   4.951625e-08  -4.671288e-06  -1.199999e+02
  1.7516993274394e+00   3.849529e-08  -1.502992e-05   7.000006e+01  -2.572311e-09   3.320126e-07   1.976028e-06   3.777813e-08  -6.010087e-06  -1.199999e+02
  1.7538971935968e+00   2.048349e-09  -1.813583e-05   7.000008e+01  -1.854882e-09   3.208291e-07   1.386990e-06   2.299938e-08  -7.438187e-06  -1.199999e+02
  1.7560950597542e+00  -4.144823e-08  -2.144491e-05   7.000009e+01  -1.165894e-09   3.061321e-07   7.940712e-07   4.987932e-09  -8.951752e-06  -1.199999e+02
  1.7582929259116e+00  -9.243749e-08  -2.495396e-05   7.000011e+01  -5.128418e-10   2.881278e-07   2.049349e-07  -1.643938e-08  -1.054653e-05  -1.199999e+02
  1.7604907920690e+00  -1.513548e-07  -2.865919e-05   7.000012e+01   9.723367e-11   2.670247e-07  -3.731394e-07  -4.145602e-08  -1.221795e-05  -1.199998e+02
  1.7626886582264e+00  -2.186265e-07  -3.255634e-05   7.000014e+01   6.577456e-10   2.430263e-07  -9.333879e-07  -7.022507e-08  -1.396113e-05  -1.199998e+02
  1.7648865243838e+00  -2.946694e-07  -3.664067e-05   7.000016e+01   1.162544e-09   2.163264e-07  -1.469675e-06  -1.028987e-07  -1.577100e-05  -1.199998e+02
  1.7670843905411e+00  -3.798892e-07  -4.090709e-05   7.000018e+01   1.605887e-09   1.871042e-07  -1.976588e-06  -1.396178e-07  -1.764238e-05  -1.199998e+02
  1.7692822566985e+00  -4.746801e-07  -4.535017e-05   7.000021e+01   1.982410e-09   1.555218e-07  -2.449505e-06  -1.805116e-07  -1.956998e-05  -1.199998e+02
  1.7714801228559e+00  -5.794244e-07  -4.996426e-05   7.000023e+01   2.287082e-09   1.217218e-07  -2.884644e-06  -2.256982e-07  -2.154855e-05  -1.199997e+02
  1.7736779890133e+00  -6.944912e-07  -5.474349e-05   7.000025e+01   2.515165e-09   8.582738e-08  -3.279086e-06  -2.752836e-07  -2.357290e-05  -1.199997e+02
  1.7758758551707e+00  -8.202370e-07  -5.968188e-05   7.000027e+01   2.662169e-09   4.794237e-08  -3.630772e-06  -3.293631e-07  -2.563797e-05  -1.199997e+02
  1.7780737213281e+00  -9.570050e-07  -6.477338e-05   7.000031e+01   2.723814e-09   8.153475e-09  -3.938480e-06  -3.880207e-07  -2.773892e-05  -1.199997e+02
  1.7802715874855e+00  -1.105125e-06  -7.001191e-05   7.000033e+01   2.695996e-09  -3.346702e-08  -4.201778e-06  -4.513303e-07  -2.987114e-05  -1.199996e+02
  1.7824694536429e+00  -1.264914e-06  -7.539145e-05   7.000035e+01   2.574757e-09  -7.685748e-08  -4.420959e-06  -5.193559e-07  -3.203033e-05  -1.199996e+02
  1.7846673198003e+00  -1.436674e-06  -8.090607e-05   7.000038e+01   2.356267e-09  -1.219625e-07  -4.596955e-06  -5.921524e-07  -3.421254e-05  -1.199996e+02
  1.7868651859576e+00  -1.620697e-06  -8.655001e-05   7.000040e+01   2.036818e-09  -1.687278e-07  -4.731244e-06  -6.697665e-07  -3.641420e-05  -1.199995e+02
  1.7890630521150e+00  -1.817261e-06  -9.231767e-05   7.000043e+01   1.612824e-09  -2.170955e-07  -4.825739e-06  -7.522374e-07  -3.863217e-05  -1.199995e+02
  1.7912609182724e+00  -2.026631e-06  -9.820373e-05   7.000047e+01   1.080837e-09  -2.669983e-07  -4.882673e-06  -8.395981e-07  -4.086376e-05  -1.199995e+02
  1.7934587844298e+00  -2.249063e-06  -1.042031e-04   7.000049e+01   4.375735e-10  -3.183548e-07  -4.904483e-06  -9.318761e-07  -4.310672e-05  -1.199995e+02
  1.7956566505872e+00  -2.484800e-06  -1.103112e-04   7.000052e+01  -3.200523e-10  -3.710646e-07  -4.893694e-06  -1.029094e-06  -4.535932e-05  -1.199994e+02
  1.7978545167446e+00  -2.734076e-06  -1.165236e-04   7.000055e+01  -1.194880e-09  -4.250049e-07  -4.852800e-06  -1.131273e-06  -4.762029e-05  -1.199994e+02
  1.8000523829020e+00  -2.997116e-06  -1.228363e-04   7.000058e+01  -2.189448e-09  -4.800265e-07  -4.784170e-06  -1.238429e-06  -4.988886e-05  -1.199994e+02
  1.8022502490594e+00  -3.274137e-06  -1.292459e-04   7.000060e+01  -3.305941e-09  -5.359520e-07  -4.689947e-06  -1.350579e-06  -5.216472e-05  -1.199993e+02
  1.8044481152168e+00  -3.565350e-06  -1.357493e-04   7.000063e+01  -4.546116e-09  -5.925745e-07  -4.571972e-06  -1.467739e-06  -5.444806e-05  -1.199993e+02
  1.8066459813742e+00  -3.870955e-06  -1.423441e-04   7.000066e+01  -5.911246e-09  -6.496578e-07  -4.431725e-06  -1.589927e-06  -5.673949e-05  -1.199993e+02
  1.8088438475315e+00  -4.191154e-06  -1.490282e-04   7.000069e+01  -7.402053e-09  -7.069373e-07  -4.270278e-06  -1.717161e-06  -5.904007e-05  -1.199992e+02
  1.8110417136889e+00  -4.526140e-06  -1.558002e-04   7.000072e+01  -9.018650e-09  -7.641226e-07  -4.088276e-06  -1.849463e-06  -6.135124e-05  -1.199992e+02
  1.8132395798463e+00  -4.876105e-06  -1.626590e-04   7.000076e+01  -1.076048e-08  -8.209010e-07  -3.885931e-06  -1.986858e-06  -6.367482e-05  -1.199992e+02
  1.8154374460037e+00  -5.241241e-06  -1.696044e-04   7.000079e+01  -1.262630e-08  -8.769423e-07  -3.663042e-06  -2.129376e-06  -6.601293e-05  -1.199991e+02
  1.8176353121611e+00  -5.621736e-06  -1.766365e-04   7.000082e+01  -1.461410e-08  -9.319043e-07  -3.419032e-06  -2.277052e-06  -6.836801e-05  -1.199991e+02
  1.8198331783185e+00  -6.017783e-06  -1.837560e-04   7.000085e+01  -1.672113e-08  -9.854396e-07  -3.153004e-06  -2.429925e-06  -7.074272e-05  -1.199991e+02
  1.8220310444759e+00  -6.429575e-06  -1.909642e-04   7.000088e+01  -1.894388e-08  -1.037202e-06  -2.863811e-06  -2.588042e-06  -7.313989e-05  -1.199990e+02
  1.8242289106333e+00  -6.857310e-06  -1.982628e-04   7.000091e+01  -2.127808e-08  -1.086857e-06  -2.550149e-06  -2.751456e-06  -7.556254e-05  -1.199990e+02
  1.8264267767907e+00  -7.301188e-06  -2.056543e-04   7.000094e+01  -2.371875e-08  -1.134083e-06  -2.210645e-06  -2.920226e-06  -7.801374e-05  -1.199990e+02
  1.8286246429480e+00  -7.761416e-06  -2.131412e-04   7.000097e+01  -2.626022e-08  -1.178588e-06  -1.843973e-06  -3.094419e-06  -8.049661e-05  -1.199989e+02
  1.8308225091054e+00  -8.238208e-06  -2.207269e-04   7.000101e+01  -2.889623e-08  -1.220113e-06  -1.448954e-06  -3.274106e-06  -8.301426e-05  -1.199989e+02
  1.8330203752628e+00  -8.731784e-06  -2.284149e-04   7.000104e+01  -3.161999e-08  -1.258435e-06  -1.024673e-06  -3.459369e-06  -8.556972e-05  -1.199989e+02
  1.8352182414202e+00  -9.242374e-06  -2.362092e-04   7.000107e+01  -3.442426e-08  -1.293384e-06  -5.705839e-07  -3.650292e-06  -8.816592e-05  -1.199988e+02
  1.8374161075776e+00  -9.770218e-06  -2.441140e-04   7.000111e+01  -3.730152e-08  -1.324839e-06  -8.661073e-08  -3.846970e-06  -9.080560e-05  -1.199988e+02
  1.8396139737350e+00  -1.031556e-05  -2.521338e-04   7.000114e+01  -4.024400e-08  -1.352740e-06   4.267636e-07  -4.049500e-06  -9.349130e-05  -1.199987e+02
  1.8418118398924e+00  -1.087866e-05  -2.602732e-04   7.000117e+01  -4.324390e-08  -1.377088e-06   9.684192e-07  -4.257986e-06  -9.622530e-05  -1.199987e+02
  1.8440097060498e+00  -1.145979e-05  -2.685372e-04   7.000121e+01  -4.629348e-08  -1.397948e-06   1.536540e-06  -4.472536e-06  -9.900957e-05  -1.199987e+02
  1.8462075722072e+00  -1.205922e-05  -2.769305e-04   7.000124e+01  -4.938522e-08  -1.415454e-06   2.128572e-06  -4.693263e-06  -1.018458e-04  -1.199986e+02
  1.8484054383646e+00  -1.267725e-05  -2.854580e-04   7.000128e+01  -5.251196e-08  -1.429802e-06   2.741204e-06  -4.920281e-06  -1.047351e-04  -1.199986e+02
  1.8506033045219e+00  -1.331417e-05  -2.941244e-04   7.000132e+01  -5.566707e-08  -1.441258e-06   3.370370e-06  -5.153710e-06  -1.076786e-04  -1.199986e+02
  1.8528011706793e+00  -1.397030e-05  -3.029346e-04   7.000136e+01  -5.884453e-08  -1.450147e-06   4.011272e-06  -5.393668e-06  -1.106766e-04  -1.199985e+02
  1.8549990368367e+00  -1.464595e-05  -3.118928e-04   7.000140e+01  -6.203913e-08  -1.456853e-06   4.658434e-06  -5.640275e-06  -1.137293e-04  -1.199985e+02
  1.8571969029941e+00  -1.534146e-05  -3.210034e-04   7.000143e+01  -6.524655e-08  -1.461815e-06   5.305766e-06  -5.893651e-06  -1.168362e-04  -1.199984e+02
  1.8593947691515e+00  -1.605717e-05  -3.302702e-04   7.000147e+01  -6.846349e-08  -1.465519e-06   5.946662e-06  -6.153915e-06  -1.199967e-04  -1.199984e+02
  1.8615926353089e+00  -1.679342e-05  -3.396969e-04   7.000151e+01  -7.168777e-08  -1.468489e-06   6.574113e-06  -6.421182e-06  -1.232094e-04  -1.199984e+02
  1.8637905014663e+00  -1.755056e-05  -3.492866e-04   7.000156e+01  -7.491839e-08  -1.471285e-06   7.180832e-06  -6.695566e-06  -1.264728e-04  -1.199983e+02
  1.8659883676237e+00  -1.832897e-05  -3.590421e-04   7.000159e+01  -7.815559e-08  -1.474487e-06   7.759400e-06  -6.977176e-06  -1.297849e-04  -1.199983e+02
  1.8681862337811e+00  -1.912900e-05  -3.689658e-04   7.000164e+01  -8.140094e-08  -1.478694e-06   8.302426e-06  -7.266117e-06  -1.331435e-04  -1.199982e+02
  1.8703840999384e+00  -1.995103e-05  -3.790595e-04   7.000169e+01  -8.465730e-08  -1.484507e-06   8.802704e-06  -7.562488e-06  -1.365460e-04  -1.199982e+02
  1.8725819660958e+00  -2.079543e-05  -3.893248e-04   7.000172e+01  -8.792886e-08  -1.492525e-06   9.253379e-06  -7.866382e-06  -1.399896e-04  -1.199981e+02
  1.8747798322532e+00  -2.166259e-05  -3.997627e-04   7.000177e+01  -9.122111e-08  -1.503336e-06   9.648121e-06  -8.177886e-06  -1.434712e-04  -1.199981e+02
  1.8769776984106e+00  -2.255287e-05  -4.103740e-04   7.000182e+01  -9.454081e-08  -1.517501e-06   9.981276e-06  -8.497081e-06  -1.469877e-04  -1.199980e+02
  1.8791755645680e+00  -2.346667e-05  -4.211588e-04   7.000186e+01  -9.789591e-08  -1.535554e-06   1.024803e-05  -8.824039e-06  -1.505359e-04  -1.199980e+02
  1.8813734307254e+00  -2.440437e-05  -4.321171e-04   7.000191e+01  -1.012955e-07  -1.557989e-06   1.044453e-05  -9.158828e-06  -1.541126e-04  -1.199979e+02
  1.8835712968828e+00  -2.536633e-05  -4.432488e-04   7.000195e+01  -1.047497e-07  -1.585252e-06   1.056802e-05  -9.501506e-06  -1.577147e-04  -1.199979e+02
  1.8857691630402e+00  -2.635296e-05  -4.545534e-04   7.000200e+01  -1.082696e-07  -1.617736e-06   1.061698e-05  -9.852125e-06  -1.613393e-04  -1.199978e+02
  1.8879670291976e+00  -2.736462e-05  -4.660302e-04   7.000205e+01  -1.118670e-07  -1.655773e-06   1.059112e-05  -1.021073e-05  -1.649837e-04  -1.199978e+02
  1.8901648953550e+00  -2.840169e-05  -4.776787e-04   7.000210e+01  -1.155543e-07  -1.699632e-06   1.049152e-05  -1.057737e-05  -1.686455e-04  -1.199977e+02
  1.8923627615123e+00  -2.946456e-05  -4.894984e-04   7.000214e+01  -1.193447e-07  -1.749509e-06   1.032065e-05  -1.095207e-05  -1.723226e-04  -1.199977e+02
  1.8945606276697e+00  -3.055358e-05  -5.014889e-04   7.000220e+01  -1.232514e-07  -1.805528e-06   1.008231e-05  -1.133487e-05  -1.760137e-04  -1.199976e+02
  1.8967584938271e+00  -3.166915e-05  -5.136501e-04   7.000224e+01  -1.272881e-07  -1.867739e-06   9.781685e-06  -1.172579e-05  -1.797177e-04  -1.199976e+02
  1.8989563599845e+00  -3.281164e-05  -5.259822e-04   7.000230e+01  -1.314683e-07  -1.936113e-06   9.425255e-06  -1.212487e-05  -1.834343e-04  -1.199975e+02
  1.9011542261419e+00  -3.398142e-05  -5.384861e-04   7.000235e+01  -1.358054e-07  -2.010544e-06   9.020724e-06  -1.253214e-05  -1.871639e-04  -1.199975e+02
  1.9033520922993e+00  -3.517887e-05  -5.511630e-04   7.000240e+01  -1.403126e-07  -2.090850e-06   8.576912e-06  -1.294761e-05  -1.909075e-04  -1.199974e+02
  1.9055499584567e+00  -3.640437e-05  -5.640148e-04   7.000245e+01  -1.450024e-07  -2.176774e-06   8.103638e-06  -1.337133e-05  -1.946670e-04  -1.199974e+02
  1.9077478246141e+00  -3.765832e-05  -5.770443e-04   7.000250e+01  -1.498869e-07  -2.267986e-06   7.611575e-06  -1.380334e-05  -1.984451e-04  -1.199973e+02
  1.9099456907715e+00  -3.894111e-05  -5.902549e-04   7.000256e+01  -1.549772e-07  -2.364091e-06   7.112081e-06  -1.424367e-05  -2.022454e-04  -1.199973e+02
  1.9121435569288e+00  -4.025313e-05  -6.036510e-04   7.000261e+01  -1.602837e-07  -2.464628e-06   6.617030e-06  -1.469238e-05  -2.060720e-04  -1.199972e+02
  1.9143414230862e+00  -4.159481e-05  -6.172380e-04   7.000266e+01  -1.658154e-07  -2.569083e-06   6.138621e-06  -1.514954e-05  -2.099304e-04  -1.199971e+02
  1.9165392892436e+00  -4.296656e-05  -6.310220e-04   7.000272e+01  -1.715804e-07  -2.676890e-06   5.689192e-06  -1.561522e-05  -2.138266e-04  -1.199971e+02
  1.9187371554010e+00  -4.436883e-05  -6.450103e-04   7.000277e+01  -1.775853e-07  -2.787444e-06   5.281020e-06  -1.608951e-05  -2.177674e-04  -1.199970e+02
  1.9209350215584e+00  -4.580208e-05  -6.592111e-04   7.000283e+01  -1.838355e-07  -2.900107e-06   4.926130e-06  -1.657253e-05  -2.217604e-04  -1.199970e+02
  1.9231328877158e+00  -4.726679e-05  -6.736335e-04   7.000288e+01  -1.903350e-07  -3.014220e-06   4.636110e-06  -1.706438e-05  -2.258140e-04  -1.199969e+02
  1.9253307538732e+00  -4.876345e-05  -6.882877e-04   7.000294e+01  -1.970861e-07  -3.129114e-06   4.421926e-06  -1.756522e-05  -2.299372e-04  -1.199968e+02
  1.9275286200306e+00  -5.029259e-05  -7.031845e-04   7.000300e+01  -2.040899e-07  -3.244119e-06   4.293755e-06  -1.807521e-05  -2.341394e-04  -1.199968e+02
  1.9297264861880e+00  -5.185474e-05  -7.183356e-04   7.000306e+01  -2.113458e-07  -3.358582e-06   4.260831e-06  -1.859453e-05  -2.384305e-04  -1.199967e+02
  1.9319243523454e+00  -5.345049e-05  -7.337532e-04   7.000312e+01  -2.188520e-07  -3.471872e-06   4.331300e-06  -1.912340e-05  -2.428208e-04  -1.199967e+02
  1.9341222185027e+00  -5.508043e-05  -7.494504e-04   7.000318e+01  -2.266053e-07  -3.583400e-06   4.512099e-06  -1.966203e-05  -2.473206e-04  -1.199966e+02
  1.9363200846601e+00  -5.674520e-05  -7.654403e-04   7.000325e+01  -2.346011e-07  -3.692628e-06   4.808847e-06  -2.021068e-05  -2.519403e-04  -1.199965e+02
  1.9385179508175e+00  -5.844544e-05  -7.817364e-04   7.000331e+01  -2.428340e-07  -3.799082e-06   5.225759e-06  -2.076963e-05  -2.566902e-04  -1.199964e+02
  1.9407158169749e+00  -6.018185e-05  -7.983524e-04   7.000338e+01  -2.512974e-07  -3.902365e-06   5.765570e-06  -2.133918e-05  -2.615802e-04  -1.199964e+02
  1.9429136831323e+00  -6.195515e-05  -8.153016e-04   7.000345e+01  -2.599839e-07  -4.002170e-06   6.429487e-06  -2.191963e-05  -2.666200e-04  -1.199963e+02
  1.9451115492897e+00  -6.376608e-05  -8.325974e-04   7.000352e+01  -2.688858e-07  -4.098285e-06   7.217148e-06  -2.251134e-05  -2.718182e-04  -1.199962e+02
  1.9473094154471e+00  -6.561542e-05  -8.502523e-04   7.000359e+01  -2.779947e-07  -4.190608e-06   8.126603e-06  -2.311466e-05  -2.771831e-04  -1.199962e+02
  1.9495072816045e+00  -6.750396e-05  -8.682784e-04   7.000366e+01  -2.873024e-07  -4.279152e-06   9.154309e-06  -2.372995e-05  -2.827217e-04  -1.199961e+02
  1.9517051477619e+00  -6.943255e-05  -8.866871e-04   7.000374e+01  -2.968007e-07  -4.364047e-06   1.029513e-05  -2.435762e-05  -2.884400e-04  -1.199960e+02
  1.9539030139192e+00  -7.140203e-05  -9.054884e-04   7.000381e+01  -3.064819e-07  -4.445546e-06   1.154238e-05  -2.499806e-05  -2.943426e-04  -1.199959e+02
  1.9561008800766e+00  -7.341327e-05  -9.246913e-04   7.000389e+01  -3.163388e-07  -4.524026e-06   1.288781e-05  -2.565168e-05  -3.004327e-04  -1.199958e+02
  1.9582987462340e+00  -7.546717e-05  -9.443038e-04   7.000397e+01  -3.263655e-07  -4.599980e-06   1.432171e-05  -2.631889e-05  -3.067121e-04  -1.199958e+02
  1.9604966123914e+00  -7.756463e-05  -9.643319e-04   7.000406e+01  -3.365570e-07  -4.674017e-06   1.583294e-05  -2.700011e-05  -3.131809e-04  -1.199957e+02
  1.9626944785488e+00  -7.970658e-05  -9.847807e-04   7.000414e+01  -3.469099e-07  -4.746850e-06   1.740899e-05  -2.769575e-05  -3.198374e-04  -1.199956e+02
  1.9648923447062e+00  -8.189394e-05  -1.005654e-03   7.000423e+01  -3.574224e-07  -4.819283e-06   1.903606e-05  -2.840623e-05  -3.266783e-04  -1.199955e+02
  1.9670902108636e+00  -8.412763e-05  -1.026952e-03   7.000432e+01  -3.680947e-07  -4.892196e-06   2.069921e-05  -2.913194e-05  -3.336984e-04  -1.199954e+02
  1.9692880770210e+00  -8.640861e-05  -1.048677e-03   7.000441e+01  -3.789288e-07  -4.966528e-06   2.238241e-05  -2.987327e-05  -3.408909e-04  -1.199953e+02
  1.9714859431784e+00  -8.873780e-05  -1.070827e-03   7.000451e+01  -3.899289e-07  -5.043253e-06   2.406871e-05  -3.063059e-05  -3.482474e-04  -1.199952e+02
  1.9736838093358e+00  -9.111615e-05  -1.093400e-03   7.000460e+01  -4.011013e-07  -5.123358e-06   2.574040e-05  -3.140424e-05  -3.557578e-04  -1.199951e+02
  1.9758816754931e+00  -9.354456e-05  -1.116392e-03   7.000470e+01  -4.124546e-07  -5.207814e-06   2.737917e-05  -3.219456e-05  -3.634109e-04  -1.199950e+02
  1.9780795416505e+00  -9.602397e-05  -1.139800e-03   7.000480e+01  -4.239993e-07  -5.297548e-06   2.896634e-05  -3.300184e-05  -3.711940e-04  -1.199949e+02
  1.9802774078079e+00  -9.855528e-05  -1.163619e-03   7.000491e+01  -4.357479e-07  -5.393418e-06   3.048304e-05  -3.382636e-05  -3.790938e-04  -1.199948e+02
  1.9824752739653e+00  -1.011394e-04  -1.187844e-03   7.000500e+01  -4.477149e-07  -5.496176e-06   3.191055e-05  -3.466835e-05  -3.870959e-04  -1.199947e+02
  1.9846731401227e+00  -1.037772e-04  -1.212470e-03   7.000511e+01  -4.599159e-07  -5.606443e-06   3.323051e-05  -3.552803e-05  -3.951860e-04  -1.199946e+02
  1.9868710062801e+00  -1.064695e-04  -1.237494e-03   7.000522e+01  -4.723680e-07  -5.724682e-06   3.442528e-05  -3.640557e-05  -4.033495e-04  -1.199945e+02
  1.9890688724375e+00  -1.092173e-04  -1.262913e-03   7.000533e+01  -4.850891e-07  -5.851164e-06   3.547825e-05  -3.730111e-05  -4.115724e-04  -1.199943e+02
  1.9912667385949e+00  -1.120214e-04  -1.288725e-03   7.000544e+01  -4.980973e-07  -5.985950e-06   3.637423e-05  -3.821478e-05  -4.198412e-04  -1.199942e+02
  1.9934646047523e+00  -1.148826e-04  -1.314932e-03   7.000555e+01  -5.114107e-07  -6.128872e-06   3.709977e-05  -3.914666e-05  -4.281439e-04  -1.199941e+02
  1.9956624709096e+00  -1.178019e-04  -1.341536e-03   7.000566e+01  -5.250467e-07  -6.279509e-06   3.764361e-05  -4.009681e-05  -4.364699e-04  -1.199940e+02
  1.9978603370670e+00  -1.207801e-04  -1.368545e-03   7.000578e+01  -5.390215e-07  -6.437187e-06   3.799700e-05  -4.106528e-05  -4.448110e-04  -1.199939e+02
  2.0000582032244e+00  -1.238181e-04  -1.395970e-03   7.000589e+01  -5.533495e-07  -6.600964e-06   3.815413e-05  -4.205209e-05  -4.531610e-04  -1.199938e+02
  2.0022560693818e+00  -1.269169e-04  -1.423823e-03   7.000600e+01  -5.680429e-07  -6.769643e-06   3.811240e-05  -4.305726e-05  -4.615171e-04  -1.199936e+02
  2.0044539355392e+00  -1.300773e-04  -1.452125e-03   7.000612e+01  -5.831109e-07  -6.941774e-06   3.787281e-05  -4.408080e-05  -4.698796e-04  -1.199935e+02
  2.0066518016966e+00  -1.333005e-04  -1.480900e-03   7.000623e+01  -5.985591e-07  -7.115676e-06   3.744020e-05  -4.512274e-05  -4.782524e-04  -1.199934e+02
  2.0088496678540e+00  -1.365875e-04  -1.510177e-03   7.000636e+01  -6.143894e-07  -7.289461e-06   3.682343e-05  -4.618309e-05  -4.866434e-04  -1.199933e+02
  2.0110475340114e+00  -1.399394e-04  -1.539990e-03   7.000647e+01  -6.305992e-07  -7.461071e-06   3.603553e-05  -4.726192e-05  -4.950648e-04  -1.199931e+02
  2.0132454001688e+00  -1.433575e-04  -1.570382e-03   7.000659e+01  -6.471815e-07  -7.628317e-06   3.509378e-05  -4.835932e-05  -5.035330e-04  -1.199930e+02
  2.0154432663262e+00  -1.468431e-04  -1.601397e-03   7.000671e+01  -6.641240e-07  -7.788933e-06   3.401957e-05  -4.947539e-05  -5.120690e-04  -1.199929e+02
  2.0176411324835e+00  -1.503976e-04  -1.633089e-03   7.000684e+01  -6.814097e-07  -7.940626e-06   3.283832e-05  -5.061034e-05  -5.206984e-04  -1.199928e+02
  2.0198389986409e+00  -1.540225e-04  -1.665515e-03   7.000697e+01  -6.990166e-07  -8.081154e-06   3.157915e-05  -5.176438e-05  -5.294511e-04  -1.199926e+02
  2.0220368647983e+00  -1.577196e-04  -1.698738e-03   7.000709e+01  -7.169177e-07  -8.208380e-06   3.027448e-05  -5.293784e-05  -5.383614e-04  -1.199925e+02
  2.0242347309557e+00  -1.614907e-04  -1.732827e-03   7.000722e+01  -7.350817e-07  -8.320354e-06   2.895952e-05  -5.413109e-05  -5.474678e-04  -1.199923e+02
  2.0264325971131e+00  -1.653377e-04  -1.767853e-03   7.000735e+01  -7.534732e-07  -8.415389e-06   2.767163e-05  -5.534462e-05  -5.568125e-04  -1.199922e+02
  2.0286304632705e+00  -1.692628e-04  -1.803892e-03   7.000748e+01  -7.720534e-07  -8.492135e-06   2.644957e-05  -5.657900e-05  -5.664410e-04  -1.199920e+02
  2.0308283294279e+00  -1.732683e-04  -1.841024e-03   7.000763e+01  -7.907812e-07  -8.549658e-06   2.533263e-05  -5.783491e-05  -5.764018e-04  -1.199919e+02
  2.0330261955853e+00  -1.773567e-04  -1.879329e-03   7.000777e+01  -8.096138e-07  -8.587510e-06   2.435971e-05  -5.911313e-05  -5.867453e-04  -1.199917e+02
  2.0352240617427e+00  -1.815307e-04  -1.918887e-03   7.000792e+01  -8.285081e-07  -8.605802e-06   2.356836e-05  -6.041456e-05  -5.975239e-04  -1.199916e+02
  2.0374219279000e+00  -1.857931e-04  -1.959781e-03   7.000807e+01  -8.474219e-07  -8.605258e-06   2.299367e-05  -6.174023e-05  -6.087905e-04  -1.199914e+02
  2.0396197940574e+00  -1.901469e-04  -2.002090e-03   7.000823e+01  -8.663154e-07  -8.587272e-06   2.266732e-05  -6.309124e-05  -6.205983e-04  -1.199912e+02
  2.0418176602148e+00  -1.945954e-04  -2.045891e-03   7.000840e+01  -8.851524e-07  -8.553942e-06   2.261649e-05  -6.446886e-05  -6.329995e-04  -1.199910e+02
  2.0440155263722e+00  -1.991419e-04  -2.091257e-03   7.000858e+01  -9.039024e-07  -8.508102e-06   2.286294e-05  -6.587445e-05  -6.460447e-04  -1.199909e+02
  2.0462133925296e+00  -2.037898e-04  -2.138255e-03   7.000875e+01  -9.225419e-07  -8.453324e-06   2.342215e-05  -6.730946e-05  -6.597820e-04  -1.199907e+02
  2.0484112586870e+00  -2.085429e-04  -2.186946e-03   7.000894e+01  -9.410559e-07  -8.393914e-06   2.430250e-05  -6.877548e-05  -6.742562e-04  -1.199904e+02
  2.0506091248444e+00  -2.134050e-04  -2.237382e-03   7.000914e+01  -9.594397e-07  -8.334887e-06   2.550479e-05  -7.027417e-05  -6.895074e-04  -1.199902e+02
  2.0528069910018e+00  -2.183798e-04  -2.289608e-03   7.000935e+01  -9.777004e-07  -8.281916e-06   2.702173e-05  -7.180726e-05  -7.055711e-04  -1.199900e+02
  2.0550048571592e+00  -2.234715e-04  -2.343657e-03   7.000956e+01  -9.958583e-07  -8.241268e-06   2.883781e-05  -7.337659e-05  -7.224766e-04  -1.199898e+02
  2.0572027233166e+00  -2.286839e-04  -2.399551e-03   7.000979e+01  -1.013948e-06  -8.219718e-06   3.092936e-05  -7.498403e-05  -7.402467e-04  -1.199895e+02
  2.0594005894739e+00  -2.340213e-04  -2.457300e-03   7.001003e+01  -1.032019e-06  -8.224437e-06   3.326480e-05  -7.663148e-05  -7.588972e-04  -1.199893e+02
  2.0615984556313e+00  -2.394876e-04  -2.516902e-03   7.001027e+01  -1.050137e-06  -8.262869e-06   3.580523e-05  -7.832091e-05  -7.784360e-04  -1.199890e+02
  2.0637963217887e+00  -2.450869e-04  -2.578341e-03   7.001052e+01  -1.068386e-06  -8.342585e-06   3.850528e-05  -8.005425e-05  -7.988630e-04  -1.199887e+02
  2.0659941879461e+00  -2.508233e-04  -2.641588e-03   7.001079e+01  -1.086863e-06  -8.471126e-06   4.131411e-05  -8.183347e-05  -8.201699e-04  -1.199884e+02
  2.0681920541035e+00  -2.567006e-04  -2.706603e-03   7.001106e+01  -1.105684e-06  -8.655829e-06   4.417680e-05  -8.366045e-05  -8.423399e-04  -1.199881e+02
  2.0703899202609e+00  -2.627227e-04  -2.773329e-03   7.001134e+01  -1.124981e-06  -8.903644e-06   4.703584e-05  -8.553709e-05  -8.653479e-04  -1.199878e+02
  2.0725877864183e+00  -2.688932e-04  -2.841701e-03   7.001164e+01  -1.144899e-06  -9.220951e-06   4.983279e-05  -8.746517e-05  -8.891604e-04  -1.199875e+02
  2.0747856525757e+00  -2.752158e-04  -2.911640e-03   7.001195e+01  -1.165596e-06  -9.613367e-06   5.251023e-05  -8.944644e-05  -9.137362e-04  -1.199872e+02
  2.0769835187331e+00  -2.816936e-04  -2.983059e-03   7.001226e+01  -1.187244e-06  -1.008556e-05   5.501353e-05  -9.148250e-05  -9.390270e-04  -1.199868e+02
  2.0791813848904e+00  -2.883300e-04  -3.055860e-03   7.001258e+01  -1.210021e-06  -1.064108e-05   5.729293e-05  -9.357488e-05  -9.649775e-04  -1.199865e+02
  2.0813792510478e+00  -2.951278e-04  -3.129940e-03   7.001291e+01  -1.234113e-06  -1.128219e-05   5.930539e-05  -9.572494e-05  -9.915266e-04  -1.199862e+02
  2.0835771172052e+00  -3.020897e-04  -3.205191e-03   7.001324e+01  -1.259710e-06  -1.200969e-05   6.101639e-05  -9.793395e-05  -1.018609e-03  -1.199858e+02
  2.0857749833626e+00  -3.092181e-04  -3.281500e-03   7.001359e+01  -1.286999e-06  -1.282285e-05   6.240167e-05  -1.002030e-04  -1.046154e-03  -1.199854e+02
  2.0879728495200e+00  -3.165153e-04  -3.358758e-03   7.001394e+01  -1.316167e-06  -1.371927e-05   6.344861e-05  -1.025330e-04  -1.074090e-03  -1.199851e+02
  2.0901707156774e+00  -3.239833e-04  -3.436855e-03   7.001430e+01  -1.347392e-06  -1.469482e-05   6.415739e-05  -1.049247e-04  -1.102344e-03  -1.199847e+02
  2.0923685818348e+00  -3.316236e-04  -3.515686e-03   7.001466e+01  -1.380842e-06  -1.574361e-05   6.454188e-05  -1.073789e-04  -1.130842e-03  -1.199843e+02
  2.0945664479922e+00  -3.394380e-04  -3.595156e-03   7.001501e+01  -1.416669e-06  -1.685801e-05   6.462999e-05  -1.098958e-04  -1.159513e-03  -1.199839e+02
  2.0967643141496e+00  -3.474276e-04  -3.675179e-03   7.001538e+01  -1.455007e-06  -1.802869e-05   6.446375e-05  -1.124759e-04  -1.188289e-03  -1.199835e+02
  2.0989621803070e+00  -3.555936e-04  -3.755684e-03   7.001575e+01  -1.495968e-06  -1.924468e-05   6.409885e-05  -1.151193e-04  -1.217106e-03  -1.199832e+02
  2.1011600464643e+00  -3.639370e-04  -3.836613e-03   7.001612e+01  -1.539638e-06  -2.049357e-05   6.360380e-05  -1.178259e-04  -1.245908e-03  -1.199828e+02
  2.1033579126217e+00  -3.724587e-04  -3.917932e-03   7.001649e+01  -1.586073e-06  -2.176158e-05   6.305853e-05  -1.205959e-04  -1.274644e-03  -1.199824e+02
  2.1055557787791e+00  -3.811596e-04  -3.999623e-03   7.001687e+01  -1.635300e-06  -2.303388e-05   6.255264e-05  -1.234288e-04  -1.303275e-03  -1.199820e+02
  2.1077536449365e+00  -3.900404e-04  -4.081698e-03   7.001724e+01  -1.687311e-06  -2.429474e-05   6.218316e-05  -1.263246e-04  -1.331773e-03  -1.199816e+02
  2.1099515110939e+00  -3.991021e-04  -4.164189e-03   7.001762e+01  -1.742063e-06  -2.552787e-05   6.205198e-05  -1.292828e-04  -1.360119e-03  -1.199812e+02
  2.1121493772513e+00  -4.083456e-04  -4.247159e-03   7.001799e+01  -1.799476e-06  -2.671670e-05   6.226299e-05  -1.323031e-04  -1.388310e-03  -1.199809e+02
  2.1143472434087e+00  -4.177721e-04  -4.330699e-03   7.001836e+01  -1.859436e-06  -2.784471e-05   6.291887e-05  -1.353853e-04  -1.416357e-03  -1.199805e+02
  2.1165451095661e+00  -4.273830e-04  -4.414930e-03   7.001874e+01  -1.921790e-06  -2.889578e-05   6.411784e-05  -1.385289e-04  -1.444285e-03  -1.199801e+02
  2.1187429757235e+00  -4.371799e-04  -4.500003e-03   7.001911e+01  -1.986353e-06  -2.985452e-05   6.595025e-05  -1.417339e-04  -1.472136e-03  -1.199797e+02
  2.1209408418808e+00  -4.471649e-04  -4.586101e-03   7.001949e+01  -2.052905e-06  -3.070661e-05   6.849525e-05  -1.450000e-04  -1.499967e-03  -1.199793e+02
  2.1231387080382e+00  -4.573405e-04  -4.673436e-03   7.001987e+01  -2.121199e-06  -3.143917e-05   7.181748e-05  -1.483274e-04  -1.527854e-03  -1.199790e+02
  2.1253365741956e+00  -4.677097e-04  -4.762251e-03   7.002026e+01  -2.190960e-06  -3.204104e-05   7.596414e-05  -1.517162e-04  -1.555885e-03  -1.199786e+02
  2.1275344403530e+00  -4.782761e-04  -4.852816e-03   7.002064e+01  -2.261889e-06  -3.250312e-05   8.096223e-05  -1.551669e-04  -1.584170e-03  -1.199782e+02
  2.1297323065104e+00  -4.890437e-04  -4.945429e-03   7.002103e+01  -2.333674e-06  -3.281857e-05   8.681629e-05  -1.586802e-04  -1.612829e-03  -1.199778e+02
  2.1319301726678e+00  -5.000174e-04  -5.040409e-03   7.002143e+01  -2.405985e-06  -3.298308e-05   9.350661e-05  -1.622571e-04  -1.642000e-03  -1.199774e+02
  2.1341280388252e+00  -5.112029e-04  -5.138099e-03   7.002184e+01  -2.478491e-06  -3.299502e-05   1.009880e-04  -1.658987e-04  -1.671836e-03  -1.199770e+02
  2.1363259049826e+00  -5.226065e-04  -5.238862e-03   7.002226e+01  -2.550856e-06  -3.285556e-05   1.091891e-04  -1.696069e-04  -1.702499e-03  -1.199766e+02
  2.1385237711400e+00  -5.342353e-04  -5.343073e-03   7.002269e+01  -2.622753e-06  -3.256874e-05   1.180129e-04  -1.733836e-04  -1.734164e-03  -1.199761e+02
  2.1407216372974e+00  -5.460974e-04  -5.451120e-03   7.002313e+01  -2.693865e-06  -3.214148e-05   1.273368e-04  -1.772311e-04  -1.767016e-03  -1.199757e+02
  2.1429195034547e+00  -5.582016e-04  -5.563395e-03   7.002359e+01  -2.763895e-06  -3.158353e-05   1.370148e-04  -1.811524e-04  -1.801246e-03  -1.199752e+02
  2.1451173696121e+00  -5.705577e-04  -5.680298e-03   7.002407e+01  -2.832568e-06  -3.090733e-05   1.468793e-04  -1.851506e-04  -1.837050e-03  -1.199747e+02
  2.1473152357695e+00  -5.831763e-04  -5.802221e-03   7.002457e+01  -2.899642e-06  -3.012787e-05   1.567441e-04  -1.892295e-04  -1.874626e-03  -1.199742e+02
  2.1495131019269e+00  -5.960687e-04  -5.929554e-03   7.002509e+01  -2.964908e-06  -2.926242e-05   1.664079e-04  -1.933932e-04  -1.914174e-03  -1.199737e+02
  2.1517109680843e+00  -6.092474e-04  -6.062675e-03   7.002563e+01  -3.028198e-06  -2.833033e-05   1.756582e-04  -1.976461e-04  -1.955891e-03  -1.199731e+02
  2.1539088342417e+00  -6.227253e-04  -6.201943e-03   7.002620e+01  -3.089390e-06  -2.735261e-05   1.842758e-04  -2.019933e-04  -1.999967e-03  -1.199725e+02
  2.1561067003991e+00  -6.365165e-04  -6.347700e-03   7.002680e+01  -3.148407e-06  -2.635163e-05   1.920397e-04  -2.064402e-04  -2.046585e-03  -1.199719e+02
  2.1583045665565e+00  -6.506356e-04  -6.500261e-03   7.002743e+01  -3.205225e-06  -2.535074e-05   1.987320e-04  -2.109926e-04  -2.095920e-03  -1.199713e+02
  2.1605024327139e+00  -6.650977e-04  -6.659911e-03   7.002809e+01  -3.259869e-06  -2.437381e-05   2.041434e-04  -2.156565e-04  -2.148129e-03  -1.199706e+02
  2.1627002988712e+00  -6.799189e-04  -6.826905e-03   7.002879e+01  -3.312418e-06  -2.344483e-05   2.080780e-04  -2.204385e-04  -2.203357e-03  -1.199698e+02
  2.1648981650286e+00  -6.951153e-04  -7.001455e-03   7.002951e+01  -3.363005e-06  -2.258752e-05   2.103585e-04  -2.253453e-04  -2.261729e-03  -1.199691e+02
  2.1670960311860e+00  -7.107039e-04  -7.183739e-03   7.003028e+01  -3.411811e-06  -2.182484e-05   2.108308e-04  -2.303840e-04  -2.323349e-03  -1.199683e+02
  2.1692938973434e+00  -7.267017e-04  -7.373888e-03   7.003108e+01  -3.459069e-06  -2.117868e-05   2.093688e-04  -2.355618e-04  -2.388299e-03  -1.199674e+02
  2.1714917635008e+00  -7.431263e-04  -7.571986e-03   7.003192e+01  -3.505057e-06  -2.066939e-05   2.058776e-04  -2.408860e-04  -2.456637e-03  -1.199666e+02
  2.1736896296582e+00  -7.599950e-04  -7.778075e-03   7.003281e+01  -3.550097e-06  -2.031553e-05   2.002971e-04  -2.463642e-04  -2.528392e-03  -1.199656e+02
  2.1758874958156e+00  -7.773254e-04  -7.992142e-03   7.003372e+01  -3.594548e-06  -2.013352e-05   1.926048e-04  -2.520039e-04  -2.603569e-03  -1.199647e+02
  2.1780853619730e+00  -7.951350e-04  -8.214126e-03   7.003468e+01  -3.638803e-06  -2.013740e-05   1.828168e-04  -2.578126e-04  -2.682142e-03  -1.199637e+02
  2.1802832281304e+00  -8.134411e-04  -8.443917e-03   7.003568e+01  -3.683283e-06  -2.033864e-05   1.709894e-04  -2.637976e-04  -2.764058e-03  -1.199626e+02
  2.1824810942878e+00  -8.322606e-04  -8.681355e-03   7.003672e+01  -3.728433e-06  -2.074597e-05   1.572188e-04  -2.699662e-04  -2.849233e-03  -1.199615e+02
  2.1846789604451e+00  -8.516102e-04  -8.926229e-03   7.003780e+01  -3.774710e-06  -2.136534e-05   1.416403e-04  -2.763255e-04  -2.937554e-03  -1.199604e+02
  2.1868768266025e+00  -8.715058e-04  -9.178280e-03   7.003892e+01  -3.822585e-06  -2.219987e-05   1.244270e-04  -2.828822e-04  -3.028879e-03  -1.199593e+02
  2.1890746927599e+00  -8.919630e-04  -9.437203e-03   7.004007e+01  -3.872532e-06  -2.324984e-05   1.057865e-04  -2.896428e-04  -3.123041e-03  -1.199581e+02
  2.1912725589173e+00  -9.129964e-04  -9.702652e-03   7.004125e+01  -3.925019e-06  -2.451284e-05   8.595852e-05  -2.966132e-04  -3.219842e-03  -1.199568e+02
  2.1934704250747e+00  -9.346200e-04  -9.974234e-03   7.004247e+01  -3.980512e-06  -2.598386e-05   6.521019e-05  -3.037990e-04  -3.319062e-03  -1.199556e+02
  2.1956682912321e+00  -9.568468e-04  -1.025152e-02   7.004372e+01  -4.039458e-06  -2.765547e-05   4.383180e-05  -3.112053e-04  -3.420457e-03  -1.199543e+02
  2.1978661573895e+00  -9.796887e-04  -1.053405e-02   7.004499e+01  -4.102288e-06  -2.951805e-05   2.213160e-05  -3.188365e-04  -3.523760e-03  -1.199530e+02
  2.2000640235469e+00  -1.003157e-03  -1.082133e-02   7.004630e+01  -4.169408e-06  -3.156002e-05   4.302821e-07  -3.266966e-04  -3.628689e-03  -1.199516e+02
  2.2022618897043e+00  -1.027261e-03  -1.111284e-02   7.004762e+01  -4.241200e-06  -3.376811e-05  -2.094482e-05  -3.347887e-04  -3.734943e-03  -1.199503e+02
  2.2044597558616e+00  -1.052010e-03  -1.140802e-02   7.004896e+01  -4.318011e-06  -3.612767e-05  -4.166561e-05  -3.431155e-04  -3.842210e-03  -1.199489e+02
  2.2066576220190e+00  -1.077411e-03  -1.170633e-02   7.005032e+01  -4.400157e-06  -3.862295e-05  -6.140916e-05  -3.516788e-04  -3.950166e-03  -1.199475e+02
  2.2088554881764e+00  -1.103471e-03  -1.200717e-02   7.005169e+01  -4.487918e-06  -4.123738e-05  -7.986345e-05  -3.604798e-04  -4.058481e-03  -1.199461e+02
  2.2110533543338e+00  -1.130194e-03  -1.230997e-02   7.005307e+01  -4.581538e-06  -4.395390e-05  -9.673295e-05  -3.695188e-04  -4.166822e-03  -1.199447e+02
  2.2132512204912e+00  -1.157584e-03  -1.261413e-02   7.005446e+01  -4.681221e-06  -4.675518e-05  -1.117437e-04  -3.787957e-04  -4.274854e-03  -1.199434e+02
  2.2154490866486e+00  -1.185643e-03  -1.291905e-02   7.005585e+01  -4.787135e-06  -4.962392e-05  -1.246479e-04  -3.883093e-04  -4.382246e-03  -1.199420e+02
  2.2176469528060e+00  -1.214372e-03  -1.322415e-02   7.005724e+01  -4.899410e-06  -5.254306e-05  -1.352281e-04  -3.980578e-04  -4.488673e-03  -1.199406e+02
  2.2198448189634e+00  -1.243772e-03  -1.352883e-02   7.005862e+01  -5.018138e-06  -5.549598e-05  -1.433003e-04  -4.080388e-04  -4.593818e-03  -1.199392e+02
  2.2220426851208e+00  -1.273841e-03  -1.383254e-02   7.006000e+01  -5.143375e-06  -5.846666e-05  -1.487170e-04  -4.182493e-04  -4.697375e-03  -1.199378e+02
  2.2242405512782e+00  -1.304575e-03  -1.413470e-02   7.006136e+01  -5.275145e-06  -6.143982e-05  -1.513686e-04  -4.286852e-04  -4.799055e-03  -1.199365e+02
  2.2264384174355e+00  -1.335971e-03  -1.443479e-02   7.006271e+01  -5.413435e-06  -6.440104e-05  -1.511847e-04  -4.393423e-04  -4.898584e-03  -1.199352e+02
  2.2286362835929e+00  -1.368023e-03  -1.473229e-02   7.006403e+01  -5.558206e-06  -6.733678e-05  -1.481341e-04  -4.502154e-04  -4.995709e-03  -1.199339e+02
  2.2308341497503e+00  -1.400726e-03  -1.502669e-02   7.006535e+01  -5.709388e-06  -7.023440e-05  -1.422245e-04  -4.612991e-04  -5.090196e-03  -1.199326e+02
  2.2330320159077e+00  -1.434073e-03  -1.531755e-02   7.006663e+01  -5.866883e-06  -7.308226e-05  -1.335010e-04  -4.725874e-04  -5.181836e-03  -1.199313e+02
  2.2352298820651e+00  -1.468054e-03  -1.560442e-02   7.006788e+01  -6.030572e-06  -7.586955e-05  -1.220440e-04  -4.840738e-04  -5.270444e-03  -1.199301e+02
  2.2374277482225e+00  -1.502661e-03  -1.588690e-02   7.006911e+01  -6.200308e-06  -7.858636e-05  -1.079664e-04  -4.957514e-04  -5.355859e-03  -1.199289e+02
  2.2396256143799e+00  -1.537883e-03  -1.616461e-02   7.007030e+01  -6.375928e-06  -8.122357e-05  -9.141060e-05  -5.076131e-04  -5.437949e-03  -1.199278e+02
  2.2418234805373e+00  -1.573710e-03  -1.643723e-02   7.007146e+01  -6.557249e-06  -8.377276e-05  -7.254461e-05  -5.196514e-04  -5.516606e-03  -1.199267e+02
  2.2440213466947e+00  -1.610131e-03  -1.670445e-02   7.007259e+01  -6.744066e-06  -8.622617e-05  -5.155787e-05  -5.318588e-04  -5.591750e-03  -1.199256e+02
  2.2462192128520e+00  -1.647133e-03  -1.696600e-02   7.007368e+01  -6.936163e-06  -8.857658e-05  -2.865702e-05  -5.442274e-04  -5.663328e-03  -1.199246e+02
  2.2484170790094e+00  -1.684702e-03  -1.722167e-02   7.007472e+01  -7.133305e-06  -9.081729e-05  -4.061373e-06  -5.567493e-04  -5.731312e-03  -1.199236e+02
  2.2506149451668e+00  -1.722828e-03  -1.747124e-02   7.007574e+01  -7.335244e-06  -9.294198e-05   2.200155e-05  -5.694167e-04  -5.795699e-03  -1.199226e+02
  2.2528128113242e+00  -1.761495e-03  -1.771457e-02   7.007671e+01  -7.541719e-06  -9.494475e-05   4.930041e-05  -5.822217e-04  -5.856512e-03  -1.199217e+02
  2.2550106774816e+00  -1.800689e-03  -1.795153e-02   7.007764e+01  -7.752456e-06  -9.682002e-05   7.760425e-05  -5.951565e-04  -5.913794e-03  -1.199209e+02
  2.2572085436390e+00  -1.840398e-03  -1.818204e-02   7.007853e+01  -7.967168e-06  -9.856254e-05   1.066863e-04  -6.082134e-04  -5.967611e-03  -1.199201e+02
  2.2594064097964e+00  -1.880605e-03  -1.840603e-02   7.007938e+01  -8.185559e-06  -1.001675e-04   1.363275e-04  -6.213848e-04  -6.018046e-03  -1.199193e+02
  2.2616042759538e+00  -1.921298e-03  -1.862347e-02   7.008020e+01  -8.407321e-06  -1.016303e-04   1.663195e-04  -6.346635e-04  -6.065201e-03  -1.199185e+02
  2.2638021421112e+00  -1.962462e-03  -1.883438e-02   7.008098e+01  -8.632138e-06  -1.029470e-04   1.964670e-04  -6.480424e-04  -6.109194e-03  -1.199178e+02
  2.2660000082686e+00  -2.004082e-03  -1.903879e-02   7.008172e+01  -8.859684e-06  -1.041141e-04   2.265897e-04  -6.615146e-04  -6.150151e-03  -1.199172e+02
  2.2681978744259e+00  -2.046145e-03  -1.923673e-02   7.008242e+01  -9.089628e-06  -1.051289e-04   2.565235e-04  -6.750736e-04  -6.188212e-03  -1.199166e+02
  2.2703957405833e+00  -2.088635e-03  -1.942830e-02   7.008309e+01  -9.321633e-06  -1.059891e-04   2.861214e-04  -6.887133e-04  -6.223523e-03  -1.199160e+02
  2.2725936067407e+00  -2.131539e-03  -1.961358e-02   7.008372e+01  -9.555357e-06  -1.066937e-04   3.152529e-04  -7.024277e-04  -6.256235e-03  -1.199155e+02
  2.2747914728981e+00  -2.174844e-03  -1.979270e-02   7.008433e+01  -9.790459e-06  -1.072425e-04   3.438044e-04  -7.162113e-04  -6.286502e-03  -1.199150e+02
  2.2769893390555e+00  -2.218536e-03  -1.996578e-02   7.008490e+01  -1.002660e-05  -1.076366e-04   3.716774e-04  -7.300590e-04  -6.314477e-03  -1.199145e+02
  2.2791872052129e+00  -2.262602e-03  -2.013297e-02   7.008544e+01  -1.026343e-05  -1.078783e-04   3.987874e-04  -7.439657e-04  -6.340311e-03  -1.199141e+02
  2.2813850713703e+00  -2.307029e-03  -2.029440e-02   7.008596e+01  -1.050064e-05  -1.079714e-04   4.250619e-04  -7.579271e-04  -6.364150e-03  -1.199137e+02
  2.2835829375277e+00  -2.351804e-03  -2.045024e-02   7.008645e+01  -1.073789e-05  -1.079212e-04   4.504383e-04  -7.719388e-04  -6.386133e-03  -1.199133e+02
  2.2857808036851e+00  -2.396916e-03  -2.060065e-02   7.008691e+01  -1.097488e-05  -1.077346e-04   4.748617e-04  -7.859969e-04  -6.406390e-03  -1.199130e+02
  2.2879786698424e+00  -2.442353e-03  -2.074579e-02   7.008736e+01  -1.121132e-05  -1.074202e-04   4.982823e-04  -8.000978e-04  -6.425039e-03  -1.199127e+02
  2.2901765359998e+00  -2.488103e-03  -2.088581e-02   7.008778e+01  -1.144694e-05  -1.069882e-04   5.206532e-04  -8.142380e-04  -6.442187e-03  -1.199124e+02
  2.2923744021572e+00  -2.534156e-03  -2.102088e-02   7.008818e+01  -1.168150e-05  -1.064505e-04   5.419280e-04  -8.284143e-04  -6.457927e-03  -1.199122e+02
  2.2945722683146e+00  -2.580500e-03  -2.115113e-02   7.008857e+01  -1.191477e-05  -1.058206e-04   5.620592e-04  -8.426238e-04  -6.472336e-03  -1.199120e+02
  2.2967701344720e+00  -2.627126e-03  -2.127672e-02   7.008894e+01  -1.214657e-05  -1.051135e-04   5.809959e-04  -8.568636e-04  -6.485475e-03  -1.199118e+02
  2.2989680006294e+00  -2.674022e-03  -2.139777e-02   7.008928e+01  -1.237675e-05  -1.043455e-04   5.986832e-04  -8.711308e-04  -6.497390e-03  -1.199116e+02
  2.3011658667868e+00  -2.721180e-03  -2.151440e-02   7.008961e+01  -1.260520e-05  -1.035342e-04   6.150611e-04  -8.854230e-04  -6.508111e-03  -1.199114e+02
  2.3033637329442e+00  -2.768589e-03  -2.162671e-02   7.008993e+01  -1.283183e-05  -1.026979e-04   6.300645e-04  -8.997375e-04  -6.517649e-03  -1.199113e+02
  2.3055615991016e+00  -2.816240e-03  -2.173481e-02   7.009023e+01  -1.305662e-05  -1.018558e-04   6.436231e-04  -9.140716e-04  -6.526001e-03  -1.199112e+02
  2.3077594652590e+00  -2.864125e-03  -2.183875e-02   7.009052e+01  -1.327958e-05  -1.010273e-04   6.556629e-04  -9.284227e-04  -6.533149e-03  -1.199111e+02
  2.3099573314163e+00  -2.912233e-03  -2.193862e-02   7.009078e+01  -1.350075e-05  -1.002320e-04   6.661070e-04  -9.427882e-04  -6.539058e-03  -1.199111e+02
  2.3121551975737e+00  -2.960557e-03  -2.203444e-02   7.009104e+01  -1.372023e-05  -9.948918e-05   6.748783e-04  -9.571653e-04  -6.543684e-03  -1.199110e+02
  2.3143530637311e+00  -3.009086e-03  -2.212625e-02   7.009128e+01  -1.393815e-05  -9.881755e-05   6.819014e-04  -9.715510e-04  -6.546967e-03  -1.199110e+02
  2.3165509298885e+00  -3.057813e-03  -2.221406e-02   7.009151e+01  -1.415470e-05  -9.823478e-05   6.871058e-04  -9.859424e-04  -6.548841e-03  -1.199110e+02
  2.3187487960459e+00  -3.106729e-03  -2.229788e-02   7.009171e+01  -1.437008e-05  -9.775724e-05   6.904287e-04  -1.000336e-03  -6.549228e-03  -1.199110e+02
  2.3209466622033e+00  -3.155824e-03  -2.237767e-02   7.009190e+01  -1.458455e-05  -9.739966e-05   6.918189e-04  -1.014729e-03  -6.548049e-03  -1.199110e+02
  2.3231445283607e+00  -3.205091e-03  -2.245342e-02   7.009208e+01  -1.479837e-05  -9.717479e-05   6.912401e-04  -1.029118e-03  -6.545216e-03  -1.199111e+02
  2.3253423945181e+00  -3.254519e-03  -2.252508e-02   7.009223e+01  -1.501186e-05  -9.709312e-05   6.886740e-04  -1.043498e-03  -6.540643e-03  -1.199112e+02
  2.3275402606755e+00  -3.304100e-03  -2.259261e-02   7.009237e+01  -1.522533e-05  -9.716266e-05   6.841244e-04  -1.057867e-03  -6.534243e-03  -1.199113e+02
  2.3297381268328e+00  -3.353825e-03  -2.265593e-02   7.009249e+01  -1.543913e-05  -9.738869e-05   6.776191e-04  -1.072219e-03  -6.525932e-03  -1.199114e+02
  2.3319359929902e+00  -3.403685e-03  -2.271499e-02   7.009259e+01  -1.565360e-05  -9.777366e-05   6.692135e-04  -1.086551e-03  -6.515635e-03  -1.199115e+02
  2.3341338591476e+00  -3.453669e-03  -2.276971e-02   7.009267e+01  -1.586909e-05  -9.831703e-05   6.589922e-04  -1.100858e-03  -6.503281e-03  -1.199117e+02
  2.3363317253050e+00  -3.503769e-03  -2.282001e-02   7.009272e+01  -1.608595e-05  -9.901529e-05   6.470701e-04  -1.115135e-03  -6.488809e-03  -1.199119e+02
  2.3385295914624e+00  -3.553975e-03  -2.286582e-02   7.009276e+01  -1.630450e-05  -9.986191e-05   6.335941e-04  -1.129378e-03  -6.472172e-03  -1.199121e+02
  2.3407274576198e+00  -3.604277e-03  -2.290705e-02   7.009277e+01  -1.652507e-05  -1.008475e-04   6.187416e-04  -1.143583e-03  -6.453334e-03  -1.199123e+02
  2.3429253237772e+00  -3.654663e-03  -2.294365e-02   7.009276e+01  -1.674794e-05  -1.019598e-04   6.027207e-04  -1.157743e-03  -6.432278e-03  -1.199125e+02
  2.3451231899346e+00  -3.705126e-03  -2.297554e-02   7.009272e+01  -1.697338e-05  -1.031840e-04   5.857678e-04  -1.171855e-03  -6.408999e-03  -1.199128e+02
  2.3473210560920e+00  -3.755653e-03  -2.300266e-02   7.009267e+01  -1.720161e-05  -1.045031e-04   5.681451e-04  -1.185913e-03  -6.383514e-03  -1.199131e+02
  2.3495189222494e+00  -3.806234e-03  -2.302496e-02   7.009258e+01  -1.743283e-05  -1.058978e-04   5.501371e-04  -1.199913e-03  -6.355857e-03  -1.199134e+02
  2.3517167884067e+00  -3.856859e-03  -2.304239e-02   7.009248e+01  -1.766717e-05  -1.073473e-04   5.320461e-04  -1.213849e-03  -6.326079e-03  -1.199137e+02
  2.3539146545641e+00  -3.907517e-03  -2.305494e-02   7.009235e+01  -1.790473e-05  -1.088294e-04   5.141872e-04  -1.227718e-03  -6.294256e-03  -1.199140e+02
  2.3561125207215e+00  -3.958197e-03  -2.306258e-02   7.009221e+01  -1.814557e-05  -1.103208e-04   4.968830e-04  -1.241515e-03  -6.260477e-03  -1.199144e+02
  2.3583103868789e+00  -4.008888e-03  -2.306532e-02   7.009204e+01  -1.838966e-05  -1.117979e-04   4.804573e-04  -1.255236e-03  -6.224853e-03  -1.199148e+02
  2.3605082530363e+00  -4.059580e-03  -2.306316e-02   7.009185e+01  -1.863696e-05  -1.132371e-04   4.652287e-04  -1.268876e-03  -6.187515e-03  -1.199152e+02
  2.3627061191937e+00  -4.110262e-03  -2.305616e-02   7.009164e+01  -1.888735e-05  -1.146148e-04   4.515039e-04  -1.282433e-03  -6.148607e-03  -1.199157e+02
  2.3649039853511e+00  -4.160923e-03  -2.304435e-02   7.009142e+01  -1.914068e-05  -1.159084e-04   4.395716e-04  -1.295902e-03  -6.108293e-03  -1.199161e+02
  2.3671018515085e+00  -4.211554e-03  -2.302780e-02   7.009118e+01  -1.939674e-05  -1.170967e-04   4.296956e-04  -1.309282e-03  -6.066749e-03  -1.199166e+02
  2.3692997176659e+00  -4.262142e-03  -2.300660e-02   7.009092e+01  -1.965527e-05  -1.181597e-04   4.221087e-04  -1.322569e-03  -6.024163e-03  -1.199171e+02
  2.3714975838232e+00  -4.312680e-03  -2.298086e-02   7.009065e+01  -1.991598e-05  -1.190795e-04   4.170075e-04  -1.335761e-03  -5.980736e-03  -1.199176e+02
  2.3736954499806e+00  -4.363155e-03  -2.295069e-02   7.009037e+01  -2.017854e-05  -1.198408e-04   4.145472e-04  -1.348858e-03  -5.936675e-03  -1.199181e+02
  2.3758933161380e+00  -4.413560e-03  -2.291622e-02   7.009008e+01  -2.044258e-05  -1.204304e-04   4.148377e-04  -1.361857e-03  -5.892193e-03  -1.199187e+02
  2.3780911822954e+00  -4.463885e-03  -2.287761e-02   7.008978e+01  -2.070772e-05  -1.208381e-04   4.179398e-04  -1.374758e-03  -5.847507e-03  -1.199193e+02
  2.3802890484528e+00  -4.514120e-03  -2.283502e-02   7.008947e+01  -2.097354e-05  -1.210570e-04   4.238636e-04  -1.387561e-03  -5.802834e-03  -1.199198e+02
  2.3824869146102e+00  -4.564257e-03  -2.278864e-02   7.008916e+01  -2.123964e-05  -1.210828e-04   4.325673e-04  -1.400266e-03  -5.758390e-03  -1.199205e+02
  2.3846847807676e+00  -4.614288e-03  -2.273864e-02   7.008884e+01  -2.150558e-05  -1.209147e-04   4.439568e-04  -1.412874e-03  -5.714383e-03  -1.199211e+02
  2.3868826469250e+00  -4.664206e-03  -2.268522e-02   7.008852e+01  -2.177094e-05  -1.205553e-04   4.578873e-04  -1.425385e-03  -5.671017e-03  -1.199217e+02
  2.3890805130824e+00  -4.714003e-03  -2.262860e-02   7.008820e+01  -2.203530e-05  -1.200102e-04   4.741653e-04  -1.437803e-03  -5.628484e-03  -1.199224e+02
  2.3912783792398e+00  -4.763673e-03  -2.256897e-02   7.008789e+01  -2.229828e-05  -1.192880e-04   4.925524e-04  -1.450128e-03  -5.586962e-03  -1.199230e+02
  2.3934762453971e+00  -4.813208e-03  -2.250655e-02   7.008759e+01  -2.255948e-05  -1.184005e-04   5.127690e-04  -1.462363e-03  -5.546615e-03  -1.199237e+02
  2.3956741115545e+00  -4.862603e-03  -2.244156e-02   7.008728e+01  -2.281857e-05  -1.173621e-04   5.345003e-04  -1.474511e-03  -5.507589e-03  -1.199244e+02
  2.3978719777119e+00  -4.911853e-03  -2.237420e-02   7.008698e+01  -2.307522e-05  -1.161898e-04   5.574021e-04  -1.486574e-03  -5.470012e-03  -1.199251e+02
  2.4000698438693e+00  -4.960952e-03  -2.230469e-02   7.008669e+01  -2.332918e-05  -1.149029e-04   5.811079e-04  -1.498557e-03  -5.433987e-03  -1.199258e+02
  2.4022677100267e+00  -5.009896e-03  -2.223323e-02   7.008641e+01  -2.358020e-05  -1.135226e-04   6.052355e-04  -1.510462e-03  -5.399598e-03  -1.199265e+02
  2.4044655761841e+00  -5.058681e-03  -2.216000e-02   7.008614e+01  -2.382812e-05  -1.120714e-04   6.293954e-04  -1.522294e-03  -5.366902e-03  -1.199272e+02
  2.4066634423415e+00  -5.107304e-03  -2.208520e-02   7.008587e+01  -2.407279e-05  -1.105734e-04   6.531982e-04  -1.534056e-03  -5.335934e-03  -1.199279e+02
  2.4088613084989e+00  -5.155760e-03  -2.200899e-02   7.008562e+01  -2.431414e-05  -1.090531e-04   6.762621e-04  -1.545751e-03  -5.306701e-03  -1.199286e+02
  2.4110591746563e+00  -5.204048e-03  -2.193154e-02   7.008538e+01  -2.455216e-05  -1.075356e-04   6.982207e-04  -1.557385e-03  -5.279185e-03  -1.199293e+02
  2.4132570408136e+00  -5.252164e-03  -2.185298e-02   7.008515e+01  -2.478687e-05  -1.060458e-04   7.187300e-04  -1.568959e-03  -5.253344e-03  -1.199300e+02
  2.4154549069710e+00  -5.300107e-03  -2.177344e-02   7.008493e+01  -2.501836e-05  -1.046079e-04   7.374749e-04  -1.580479e-03  -5.229110e-03  -1.199308e+02
  2.4176527731284e+00  -5.347874e-03  -2.169303e-02   7.008472e+01  -2.524678e-05  -1.032456e-04   7.541751e-04  -1.591947e-03  -5.206393e-03  -1.199315e+02
  2.4198506392858e+00  -5.395463e-03  -2.161182e-02   7.008453e+01  -2.547231e-05  -1.019809e-04   7.685899e-04  -1.603366e-03  -5.185079e-03  -1.199322e+02
  2.4220485054432e+00  -5.442873e-03  -2.152988e-02   7.008434e+01  -2.569519e-05  -1.008342e-04   7.805227e-04  -1.614740e-03  -5.165034e-03  -1.199329e+02
  2.4242463716006e+00  -5.490101e-03  -2.144725e-02   7.008416e+01  -2.591570e-05  -9.982370e-05   7.898238e-04  -1.626072e-03  -5.146107e-03  -1.199336e+02
  2.4264442377580e+00  -5.537148e-03  -2.136396e-02   7.008399e+01  -2.613416e-05  -9.896524e-05   7.963922e-04  -1.637362e-03  -5.128128e-03  -1.199343e+02
  2.4286421039154e+00  -5.584011e-03  -2.127998e-02   7.008382e+01  -2.635091e-05  -9.827188e-05   8.001771e-04  -1.648614e-03  -5.110919e-03  -1.199351e+02
  2.4308399700728e+00  -5.630688e-03  -2.119531e-02   7.008366e+01  -2.656633e-05  -9.775373e-05   8.011774e-04  -1.659829e-03  -5.094286e-03  -1.199358e+02
  2.4330378362302e+00  -5.677179e-03  -2.110987e-02   7.008350e+01  -2.678081e-05  -9.741767e-05   7.994404e-04  -1.671008e-03  -5.078031e-03  -1.199364e+02
  2.4352357023875e+00  -5.723481e-03  -2.102361e-02   7.008334e+01  -2.699475e-05  -9.726724e-05   7.950600e-04  -1.682151e-03  -5.061953e-03  -1.199371e+02
  2.4374335685449e+00  -5.769592e-03  -2.093642e-02   7.008319e+01  -2.720857e-05  -9.730260e-05   7.881733e-04  -1.693259e-03  -5.045848e-03  -1.199378e+02
  2.4396314347023e+00  -5.815511e-03  -2.084818e-02   7.008303e+01  -2.742267e-05  -9.752042e-05   7.789569e-04  -1.704331e-03  -5.029518e-03  -1.199385e+02
  2.4418293008597e+00  -5.861234e-03  -2.075875e-02   7.008287e+01  -2.763744e-05  -9.791394e-05   7.676223e-04  -1.715367e-03  -5.012771e-03  -1.199392e+02
  2.4440271670171e+00  -5.906759e-03  -2.066797e-02   7.008270e+01  -2.785326e-05  -9.847309e-05   7.544106e-04  -1.726365e-03  -4.995424e-03  -1.199399e+02
  2.4462250331745e+00  -5.952084e-03  -2.057566e-02   7.008253e+01  -2.807047e-05  -9.918464e-05   7.395869e-04  -1.737324e-03  -4.977311e-03  -1.199405e+02
  2.4484228993319e+00  -5.997203e-03  -2.048164e-02   7.008234e+01  -2.828939e-05  -1.000324e-04   7.234348e-04  -1.748243e-03  -4.958278e-03  -1.199412e+02
  2.4506207654893e+00  -6.042113e-03  -2.038569e-02   7.008215e+01  -2.851031e-05  -1.009974e-04   7.062498e-04  -1.759118e-03  -4.938199e-03  -1.199419e+02
  2.4528186316467e+00  -6.086810e-03  -2.028758e-02   7.008195e+01  -2.873346e-05  -1.020586e-04   6.883339e-04  -1.769949e-03  -4.916964e-03  -1.199425e+02
  2.4550164978040e+00  -6.131290e-03  -2.018709e-02   7.008174e+01  -2.895902e-05  -1.031927e-04   6.699894e-04  -1.780731e-03  -4.894493e-03  -1.199432e+02
  2.4572143639614e+00  -6.175545e-03  -2.008398e-02   7.008151e+01  -2.918712e-05  -1.043749e-04   6.515131e-04  -1.791462e-03  -4.870731e-03  -1.199439e+02
  2.4594122301188e+00  -6.219570e-03  -1.997800e-02   7.008127e+01  -2.941784e-05  -1.055794e-04   6.331915e-04  -1.802140e-03  -4.845658e-03  -1.199445e+02
  2.4616100962762e+00  -6.263359e-03  -1.986889e-02   7.008102e+01  -2.965121e-05  -1.067797e-04   6.152958e-04  -1.812761e-03  -4.819280e-03  -1.199452e+02
  2.4638079624336e+00  -6.306904e-03  -1.975642e-02   7.008075e+01  -2.988719e-05  -1.079490e-04   5.980777e-04  -1.823322e-03  -4.791638e-03  -1.199459e+02
  2.4660058285910e+00  -6.350199e-03  -1.964032e-02   7.008047e+01  -3.012567e-05  -1.090611e-04   5.817657e-04  -1.833822e-03  -4.762807e-03  -1.199466e+02
  2.4682036947484e+00  -6.393234e-03  -1.952037e-02   7.008017e+01  -3.036650e-05  -1.100903e-04   5.665623e-04  -1.844257e-03  -4.732895e-03  -1.199472e+02
  2.4704015609058e+00  -6.436001e-03  -1.939633e-02   7.007986e+01  -3.060948e-05  -1.110124e-04   5.526418e-04  -1.854626e-03  -4.702042e-03  -1.199479e+02
  2.4725994270632e+00  -6.478490e-03  -1.926797e-02   7.007954e+01  -3.085434e-05  -1.118049e-04   5.401481e-04  -1.864925e-03  -4.670421e-03  -1.199486e+02
  2.4747972932206e+00  -6.520692e-03  -1.913509e-02   7.007920e+01  -3.110078e-05  -1.124471e-04   5.291947e-04  -1.875155e-03  -4.638237e-03  -1.199494e+02
  2.4769951593779e+00  -6.562598e-03  -1.899749e-02   7.007887e+01  -3.134844e-05  -1.129212e-04   5.198636e-04  -1.885314e-03  -4.605725e-03  -1.199501e+02
  2.4791930255353e+00  -6.604195e-03  -1.885502e-02   7.007851e+01  -3.159695e-05  -1.132118e-04   5.122057e-04  -1.895401e-03  -4.573145e-03  -1.199508e+02
  2.4813908916927e+00  -6.645474e-03  -1.870752e-02   7.007816e+01  -3.184588e-05  -1.133067e-04   5.062420e-04  -1.905416e-03  -4.540786e-03  -1.199516e+02
  2.4835887578501e+00  -6.686423e-03  -1.855487e-02   7.007780e+01  -3.209479e-05  -1.131967e-04   5.019648e-04  -1.915361e-03  -4.508956e-03  -1.199523e+02
  2.4857866240075e+00  -6.727030e-03  -1.839699e-02   7.007745e+01  -3.234323e-05  -1.128760e-04   4.993386e-04  -1.925237e-03  -4.477986e-03  -1.199531e+02
  2.4879844901649e+00  -6.767285e-03  -1.823381e-02   7.007709e+01  -3.259072e-05  -1.123421e-04   4.983033e-04  -1.935047e-03  -4.448219e-03  -1.199539e+02
  2.4901823563223e+00  -6.807175e-03  -1.806530e-02   7.007674e+01  -3.283682e-05  -1.115957e-04   4.987756e-04  -1.944792e-03  -4.420014e-03  -1.199548e+02
  2.4923802224797e+00  -6.846690e-03  -1.789148e-02   7.007640e+01  -3.308104e-05  -1.106407e-04   5.006518e-04  -1.954478e-03  -4.393738e-03  -1.199556e+02
  2.4945780886371e+00  -6.885816e-03  -1.771239e-02   7.007608e+01  -3.332294e-05  -1.094840e-04   5.038102e-04  -1.964108e-03  -4.369762e-03  -1.199564e+02
  2.4967759547944e+00  -6.924543e-03  -1.752811e-02   7.007577e+01  -3.356209e-05  -1.081355e-04   5.081135e-04  -1.973689e-03  -4.348459e-03  -1.199573e+02
  2.4989738209518e+00  -6.962859e-03  -1.733876e-02   7.007548e+01  -3.379808e-05  -1.066073e-04   5.134120e-04  -1.983226e-03  -4.330199e-03  -1.199582e+02
  2.5011716871092e+00  -7.000754e-03  -1.714451e-02   7.007522e+01  -3.403053e-05  -1.049138e-04   5.195451e-04  -1.992727e-03  -4.315346e-03  -1.199591e+02
  2.5033695532666e+00  -7.038217e-03  -1.694555e-02   7.007498e+01  -3.425909e-05  -1.030716e-04   5.263445e-04  -2.002199e-03  -4.304253e-03  -1.199600e+02
  2.5055674194240e+00  -7.075237e-03  -1.674213e-02   7.007478e+01  -3.448346e-05  -1.010983e-04   5.336361e-04  -2.011652e-03  -4.297258e-03  -1.199610e+02
  2.5077652855814e+00  -7.111806e-03  -1.653452e-02   7.007461e+01  -3.470337e-05  -9.901285e-05   5.412420e-04  -2.021094e-03  -4.294683e-03  -1.199620e+02
  2.5099631517388e+00  -7.147914e-03  -1.632303e-02   7.007447e+01  -3.491859e-05  -9.683503e-05   5.489827e-04  -2.030535e-03  -4.296828e-03  -1.199629e+02
  2.5121610178962e+00  -7.183554e-03  -1.610803e-02   7.007438e+01  -3.512895e-05  -9.458482e-05   5.566786e-04  -2.039987e-03  -4.303969e-03  -1.199639e+02
  2.5143588840536e+00  -7.218717e-03  -1.588988e-02   7.007434e+01  -3.533430e-05  -9.228228e-05   5.641518e-04  -2.049460e-03  -4.316357e-03  -1.199650e+02
  2.5165567502110e+00  -7.253398e-03  -1.566900e-02   7.007434e+01  -3.553456e-05  -8.994710e-05   5.712273e-04  -2.058967e-03  -4.334211e-03  -1.199660e+02
  2.5187546163683e+00  -7.287591e-03  -1.544584e-02   7.007439e+01  -3.572967e-05  -8.759836e-05   5.777350e-04  -2.068519e-03  -4.357720e-03  -1.199670e+02
  2.5209524825257e+00  -7.321292e-03  -1.522086e-02   7.007450e+01  -3.591962e-05  -8.525427e-05   5.835100e-04  -2.078129e-03  -4.387042e-03  -1.199681e+02
  2.5231503486831e+00  -7.354497e-03  -1.499455e-02   7.007466e+01  -3.610445e-05  -8.293195e-05   5.883947e-04  -2.087809e-03  -4.422297e-03  -1.199691e+02
  2.5253482148405e+00  -7.387203e-03  -1.476741e-02   7.007488e+01  -3.628421e-05  -8.064723e-05   5.922397e-04  -2.097574e-03  -4.463572e-03  -1.199702e+02
  2.5275460809979e+00  -7.419410e-03  -1.453995e-02   7.007516e+01  -3.645901e-05  -7.841461e-05   5.949046e-04  -2.107437e-03  -4.510919e-03  -1.199713e+02
  2.5297439471553e+00  -7.451118e-03  -1.431271e-02   7.007550e+01  -3.662897e-05  -7.624713e-05   5.962600e-04  -2.117410e-03  -4.564351e-03  -1.199724e+02
  2.5319418133127e+00  -7.482326e-03  -1.408621e-02   7.007590e+01  -3.679426e-05  -7.415637e-05   5.961877e-04  -2.127507e-03  -4.623847e-03  -1.199735e+02
  2.5341396794701e+00  -7.513038e-03  -1.386098e-02   7.007636e+01  -3.695504e-05  -7.215249e-05   5.945830e-04  -2.137742e-03  -4.689350e-03  -1.199746e+02
  2.5363375456275e+00  -7.543257e-03  -1.363754e-02   7.007689e+01  -3.711152e-05  -7.024425e-05   5.913553e-04  -2.148126e-03  -4.760768e-03  -1.199757e+02
  2.5385354117848e+00  -7.572988e-03  -1.341641e-02   7.007748e+01  -3.726393e-05  -6.843911e-05   5.864295e-04  -2.158675e-03  -4.837976e-03  -1.199768e+02
  2.5407332779422e+00  -7.602236e-03  -1.319809e-02   7.007812e+01  -3.741248e-05  -6.674339e-05   5.797477e-04  -2.169399e-03  -4.920818e-03  -1.199779e+02
  2.5429311440996e+00  -7.631007e-03  -1.298306e-02   7.007883e+01  -3.755744e-05  -6.516230e-05   5.712702e-04  -2.180311e-03  -5.009106e-03  -1.199790e+02
  2.5451290102570e+00  -7.659310e-03  -1.277177e-02   7.007960e+01  -3.769905e-05  -6.370016e-05   5.609771e-04  -2.191423e-03  -5.102627e-03  -1.199800e+02
  2.5473268764144e+00  -7.687153e-03  -1.256467e-02   7.008043e+01  -3.783758e-05  -6.236050e-05   5.488693e-04  -2.202747e-03  -5.201138e-03  -1.199811e+02
  2.5495247425718e+00  -7.714546e-03  -1.236215e-02   7.008131e+01  -3.797331e-05  -6.114616e-05   5.349698e-04  -2.214292e-03  -5.304377e-03  -1.199822e+02
  2.5517226087292e+00  -7.741500e-03  -1.216460e-02   7.008225e+01  -3.810650e-05  -6.005943e-05   5.193246e-04  -2.226068e-03  -5.412060e-03  -1.199832e+02
  2.5539204748866e+00  -7.768025e-03  -1.197234e-02   7.008324e+01  -3.823745e-05  -5.910213e-05   5.020035e-04  -2.238086e-03  -5.523886e-03  -1.199843e+02
  2.5561183410440e+00  -7.794133e-03  -1.178568e-02   7.008428e+01  -3.836644e-05  -5.827565e-05   4.831005e-04  -2.250354e-03  -5.639540e-03  -1.199853e+02
  2.5583162072014e+00  -7.819838e-03  -1.160487e-02   7.008538e+01  -3.849376e-05  -5.758102e-05   4.627342e-04  -2.262880e-03  -5.758696e-03  -1.199863e+02
  2.5605140733587e+00  -7.845152e-03  -1.143015e-02   7.008651e+01  -3.861970e-05  -5.701888e-05   4.410475e-04  -2.275671e-03  -5.881018e-03  -1.199873e+02
  2.5627119395161e+00  -7.870089e-03  -1.126168e-02   7.008769e+01  -3.874455e-05  -5.658945e-05   4.182073e-04  -2.288734e-03  -6.006166e-03  -1.199883e+02
  2.5649098056735e+00  -7.894663e-03  -1.109961e-02   7.008891e+01  -3.886860e-05  -5.629251e-05   3.944031e-04  -2.302075e-03  -6.133800e-03  -1.199892e+02
  2.5671076718309e+00  -7.918888e-03  -1.094403e-02   7.009017e+01  -3.899214e-05  -5.612727e-05   3.698463e-04  -2.315699e-03  -6.263578e-03  -1.199901e+02
  2.5693055379883e+00  -7.942777e-03  -1.079501e-02   7.009146e+01  -3.911546e-05  -5.609230e-05   3.447676e-04  -2.329610e-03  -6.395165e-03  -1.199911e+02
  2.5715034041457e+00  -7.966347e-03  -1.065256e-02   7.009278e+01  -3.923885e-05  -5.618541e-05   3.194156e-04  -2.343812e-03  -6.528231e-03  -1.199920e+02
  2.5737012703031e+00  -7.989611e-03  -1.051666e-02   7.009413e+01  -3.936257e-05  -5.640350e-05   2.940531e-04  -2.358308e-03  -6.662458e-03  -1.199928e+02
  2.5758991364605e+00  -8.012583e-03  -1.038725e-02   7.009551e+01  -3.948691e-05  -5.674248e-05   2.689552e-04  -2.373099e-03  -6.797539e-03  -1.199937e+02
  2.5780970026179e+00  -8.035277e-03  -1.026425e-02   7.009691e+01  -3.961212e-05  -5.719712e-05   2.444048e-04  -2.388188e-03  -6.933182e-03  -1.199945e+02
  2.5802948687752e+00  -8.057708e-03  -1.014753e-02   7.009833e+01  -3.973846e-05  -5.776096e-05   2.206894e-04  -2.403576e-03  -7.069112e-03  -1.199953e+02
  2.5824927349326e+00  -8.079889e-03  -1.003694e-02   7.009977e+01  -3.986614e-05  -5.842624e-05   1.980968e-04  -2.419262e-03  -7.205074e-03  -1.199961e+02
  2.5846906010900e+00  -8.101834e-03  -9.932300e-03   7.010122e+01  -3.999539e-05  -5.918385e-05   1.769114e-04  -2.435247e-03  -7.340831e-03  -1.199968e+02
  2.5868884672474e+00  -8.123555e-03  -9.833414e-03   7.010268e+01  -4.012639e-05  -6.002332e-05   1.574092e-04  -2.451530e-03  -7.476171e-03  -1.199976e+02
  2.5890863334048e+00  -8.145065e-03  -9.740058e-03   7.010416e+01  -4.025931e-05  -6.093286e-05   1.398542e-04  -2.468110e-03  -7.610905e-03  -1.199983e+02
  2.5912841995622e+00  -8.166376e-03  -9.651994e-03   7.010564e+01  -4.039429e-05  -6.189942e-05   1.244936e-04  -2.484985e-03  -7.744863e-03  -1.199990e+02
  2.5934820657196e+00  -8.187498e-03  -9.568969e-03   7.010713e+01  -4.053145e-05  -6.290884e-05   1.115540e-04  -2.502153e-03  -7.877905e-03  -1.199997e+02
  2.5956799318770e+00  -8.208443e-03  -9.490718e-03   7.010862e+01  -4.067085e-05  -6.394597e-05   1.012378e-04  -2.519613e-03  -8.009913e-03  -1.200003e+02
  2.5978777980344e+00  -8.229222e-03  -9.416969e-03   7.011012e+01  -4.081255e-05  -6.499493e-05   9.371928e-05  -2.537361e-03  -8.140795e-03  -1.200010e+02
  2.6000756641918e+00  -8.249843e-03  -9.347444e-03   7.011162e+01  -4.095655e-05  -6.603932e-05   8.914180e-05  -2.555396e-03  -8.270481e-03  -1.200016e+02
  2.6022735303491e+00  -8.270315e-03  -9.281862e-03   7.011311e+01  -4.110282e-05  -6.706249e-05   8.761520e-05  -2.573715e-03  -8.398925e-03  -1.200022e+02
  2.6044713965065e+00  -8.290648e-03  -9.219940e-03   7.011462e+01  -4.125129e-05  -6.804789e-05   8.921373e-05  -2.592314e-03  -8.526105e-03  -1.200027e+02
  2.6066692626639e+00  -8.310847e-03  -9.161399e-03   7.011611e+01  -4.140188e-05  -6.897933e-05   9.397463e-05  -2.611192e-03  -8.652018e-03  -1.200033e+02
  2.6088671288213e+00  -8.330922e-03  -9.105962e-03   7.011761e+01  -4.155443e-05  -6.984135e-05   1.018974e-04  -2.630345e-03  -8.776686e-03  -1.200038e+02
  2.6110649949787e+00  -8.350877e-03  -9.053360e-03   7.011910e+01  -4.170879e-05  -7.061951e-05   1.129435e-04  -2.649771e-03  -8.900142e-03  -1.200044e+02
  2.6132628611361e+00  -8.370720e-03  -9.003329e-03   7.012059e+01  -4.186475e-05  -7.130073e-05   1.270370e-04  -2.669466e-03  -9.022444e-03  -1.200049e+02
  2.6154607272935e+00  -8.390456e-03  -8.955617e-03   7.012208e+01  -4.202209e-05  -7.187355e-05   1.440658e-04  -2.689430e-03  -9.143657e-03  -1.200054e+02
  2.6176585934509e+00  -8.410089e-03  -8.909975e-03   7.012357e+01  -4.218055e-05  -7.232836e-05   1.638833e-04  -2.709658e-03  -9.263866e-03  -1.200059e+02
  2.6198564596083e+00  -8.429623e-03  -8.866174e-03   7.012505e+01  -4.233988e-05  -7.265769e-05   1.863110e-04  -2.730150e-03  -9.383161e-03  -1.200063e+02
  2.6220543257656e+00  -8.449064e-03  -8.823992e-03   7.012653e+01  -4.249979e-05  -7.285630e-05   2.111413e-04  -2.750903e-03  -9.501645e-03  -1.200068e+02
  2.6242521919230e+00  -8.468413e-03  -8.783218e-03   7.012801e+01  -4.265999e-05  -7.292128e-05   2.381412e-04  -2.771916e-03  -9.619426e-03  -1.200073e+02
  2.6264500580804e+00  -8.487673e-03  -8.743657e-03   7.012948e+01  -4.282019e-05  -7.285216e-05   2.670558e-04  -2.793187e-03  -9.736618e-03  -1.200077e+02
  2.6286479242378e+00  -8.506848e-03  -8.705126e-03   7.013095e+01  -4.298008e-05  -7.265084e-05   2.976129e-04  -2.814715e-03  -9.853335e-03  -1.200081e+02
  2.6308457903952e+00  -8.525940e-03  -8.667456e-03   7.013242e+01  -4.313940e-05  -7.232156e-05   3.295275e-04  -2.836499e-03  -9.969695e-03  -1.200086e+02
  2.6330436565526e+00  -8.544949e-03  -8.630491e-03   7.013390e+01  -4.329786e-05  -7.187071e-05   3.625062e-04  -2.858539e-03  -1.008581e-02  -1.200090e+02
  2.6352415227100e+00  -8.563877e-03  -8.594089e-03   7.013537e+01  -4.345520e-05  -7.130668e-05   3.962518e-04  -2.880833e-03  -1.020180e-02  -1.200094e+02
  2.6374393888674e+00  -8.582726e-03  -8.558121e-03   7.013684e+01  -4.361119e-05  -7.063959e-05   4.304685e-04  -2.903383e-03  -1.031777e-02  -1.200099e+02
  2.6396372550248e+00  -8.601497e-03  -8.522471e-03   7.013831e+01  -4.376561e-05  -6.988105e-05   4.648659e-04  -2.926188e-03  -1.043381e-02  -1.200103e+02
  2.6418351211822e+00  -8.620190e-03  -8.487038e-03   7.013979e+01  -4.391828e-05  -6.904377e-05   4.991636e-04  -2.949247e-03  -1.055004e-02  -1.200107e+02
  2.6440329873395e+00  -8.638804e-03  -8.451734e-03   7.014127e+01  -4.406903e-05  -6.814124e-05   5.330950e-04  -2.972563e-03  -1.066653e-02  -1.200111e+02
  2.6462308534969e+00  -8.657341e-03  -8.416479e-03   7.014274e+01  -4.421775e-05  -6.718737e-05   5.664111e-04  -2.996135e-03  -1.078338e-02  -1.200115e+02
  2.6484287196543e+00  -8.675801e-03  -8.381213e-03   7.014422e+01  -4.436433e-05  -6.619612e-05   5.988836e-04  -3.019964e-03  -1.090063e-02  -1.200119e+02
  2.6506265858117e+00  -8.694182e-03  -8.345881e-03   7.014571e+01  -4.450870e-05  -6.518108e-05   6.303077e-04  -3.044052e-03  -1.101837e-02  -1.200124e+02
  2.6528244519691e+00  -8.712486e-03  -8.310447e-03   7.014719e+01  -4.465083e-05  -6.415523e-05   6.605037e-04  -3.068399e-03  -1.113665e-02  -1.200128e+02
  2.6550223181265e+00  -8.730712e-03  -8.274879e-03   7.014867e+01  -4.479071e-05  -6.313046e-05   6.893191e-04  -3.093006e-03  -1.125550e-02  -1.200132e+02
  2.6572201842839e+00  -8.748860e-03  -8.239164e-03   7.015017e+01  -4.492835e-05  -6.211743e-05   7.166292e-04  -3.117875e-03  -1.137496e-02  -1.200136e+02
  2.6594180504413e+00  -8.766930e-03  -8.203293e-03   7.015166e+01  -4.506379e-05  -6.112520e-05   7.423374e-04  -3.143008e-03  -1.149505e-02  -1.200140e+02
  2.6616159165987e+00  -8.784920e-03  -8.167272e-03   7.015316e+01  -4.519707e-05  -6.016109e-05   7.663750e-04  -3.168405e-03  -1.161580e-02  -1.200145e+02
  2.6638137827560e+00  -8.802831e-03  -8.131118e-03   7.015466e+01  -4.532827e-05  -5.923054e-05   7.887001e-04  -3.194069e-03  -1.173722e-02  -1.200149e+02
  2.6660116489134e+00  -8.820662e-03  -8.094855e-03   7.015617e+01  -4.545747e-05  -5.833702e-05   8.092968e-04  -3.220000e-03  -1.185930e-02  -1.200153e+02
  2.6682095150708e+00  -8.838414e-03  -8.058517e-03   7.015768e+01  -4.558475e-05  -5.748199e-05   8.281724e-04  -3.246200e-03  -1.198205e-02  -1.200158e+02
  2.6704073812282e+00  -8.856086e-03  -8.022151e-03   7.015919e+01  -4.571019e-05  -5.666492e-05   8.453561e-04  -3.272671e-03  -1.210545e-02  -1.200162e+02
  2.6726052473856e+00  -8.873678e-03  -7.985808e-03   7.016071e+01  -4.583388e-05  -5.588347e-05   8.608957e-04  -3.299413e-03  -1.222950e-02  -1.200166e+02
  2.6748031135430e+00  -8.891189e-03  -7.949551e-03   7.016223e+01  -4.595588e-05  -5.513353e-05   8.748551e-04  -3.326429e-03  -1.235419e-02  -1.200171e+02
  2.6770009797004e+00  -8.908622e-03  -7.913449e-03   7.016376e+01  -4.607626e-05  -5.440953e-05   8.873111e-04  -3.353719e-03  -1.247948e-02  -1.200175e+02
  2.6791988458578e+00  -8.925975e-03  -7.877578e-03   7.016528e+01  -4.619507e-05  -5.370463e-05   8.983501e-04  -3.381286e-03  -1.260537e-02  -1.200180e+02
  2.6813967120152e+00  -8.943250e-03  -7.842023e-03   7.016682e+01  -4.631234e-05  -5.301100e-05   9.080656e-04  -3.409130e-03  -1.273184e-02  -1.200184e+02
  2.6835945781726e+00  -8.960447e-03  -7.806874e-03   7.016835e+01  -4.642809e-05  -5.232020e-05   9.165545e-04  -3.437252e-03  -1.285886e-02  -1.200189e+02
  2.6857924443299e+00  -8.977568e-03  -7.772224e-03   7.016989e+01  -4.654232e-05  -5.162342e-05   9.239142e-04  -3.465655e-03  -1.298642e-02  -1.200194e+02
  2.6879903104873e+00  -8.994613e-03  -7.738176e-03   7.017144e+01  -4.665500e-05  -5.091194e-05   9.302406e-04  -3.494338e-03  -1.311450e-02  -1.200198e+02
  2.6901881766447e+00  -9.011583e-03  -7.704831e-03   7.017299e+01  -4.676609e-05  -5.017736e-05   9.356251e-04  -3.523303e-03  -1.324308e-02  -1.200203e+02
  2.6923860428021e+00  -9.028482e-03  -7.672296e-03   7.017454e+01  -4.687553e-05  -4.941202e-05   9.401529e-04  -3.552552e-03  -1.337216e-02  -1.200207e+02
  2.6945839089595e+00  -9.045310e-03  -7.640682e-03   7.017609e+01  -4.698325e-05  -4.860928e-05   9.439016e-04  -3.582084e-03  -1.350172e-02  -1.200212e+02
  2.6967817751169e+00  -9.062069e-03  -7.610098e-03   7.017766e+01  -4.708916e-05  -4.776379e-05   9.469395e-04  -3.611902e-03  -1.363175e-02  -1.200217e+02
  2.6989796412743e+00  -9.078763e-03  -7.580654e-03   7.017923e+01  -4.719316e-05  -4.687175e-05   9.493256e-04  -3.642006e-03  -1.376224e-02  -1.200221e+02
  2.7011775074317e+00  -9.095394e-03  -7.552461e-03   7.018080e+01  -4.729514e-05  -4.593113e-05   9.511085e-04  -3.672398e-03  -1.389319e-02  -1.200226e+02
  2.7033753735891e+00  -9.111964e-03  -7.525628e-03   7.018238e+01  -4.739501e-05  -4.494180e-05   9.523276e-04  -3.703078e-03  -1.402460e-02  -1.200230e+02
  2.7055732397464e+00  -9.128476e-03  -7.500260e-03   7.018398e+01  -4.749264e-05  -4.390562e-05   9.530128e-04  -3.734047e-03  -1.415647e-02  -1.200235e+02
  2.7077711059038e+00  -9.144935e-03  -7.476461e-03   7.018557e+01  -4.758795e-05  -4.282651e-05   9.531859e-04  -3.765306e-03  -1.428879e-02  -1.200239e+02
  2.7099689720612e+00  -9.161343e-03  -7.454328e-03   7.018717e+01  -4.768085e-05  -4.171040e-05   9.528617e-04  -3.796857e-03  -1.442156e-02  -1.200244e+02
  2.7121668382186e+00  -9.177704e-03  -7.433956e-03   7.018878e+01  -4.777127e-05  -4.056519e-05   9.520500e-04  -3.828700e-03  -1.455480e-02  -1.200248e+02
  2.7143647043760e+00  -9.194023e-03  -7.415431e-03   7.019041e+01  -4.785914e-05  -3.940061e-05   9.507568e-04  -3.860836e-03  -1.468849e-02  -1.200252e+02
  2.7165625705334e+00  -9.210302e-03  -7.398834e-03   7.019203e+01  -4.794445e-05  -3.822803e-05   9.489865e-04  -3.893267e-03  -1.482263e-02  -1.200256e+02
  2.7187604366908e+00  -9.226548e-03  -7.384238e-03   7.019367e+01  -4.802719e-05  -3.706027e-05   9.467441e-04  -3.925993e-03  -1.495723e-02  -1.200260e+02
  2.7209583028482e+00  -9.242765e-03  -7.371707e-03   7.019533e+01  -4.810738e-05  -3.591134e-05   9.440369e-04  -3.959015e-03  -1.509228e-02  -1.200264e+02
  2.7231561690056e+00  -9.258956e-03  -7.361297e-03   7.019699e+01  -4.818508e-05  -3.479614e-05   9.408764e-04  -3.992335e-03  -1.522777e-02  -1.200268e+02
  2.7253540351630e+00  -9.275125e-03  -7.353055e-03   7.019866e+01  -4.826039e-05  -3.373015e-05   9.372804e-04  -4.025953e-03  -1.536368e-02  -1.200272e+02
  2.7275519013203e+00  -9.291280e-03  -7.347018e-03   7.020035e+01  -4.833343e-05  -3.272915e-05   9.332743e-04  -4.059870e-03  -1.550001e-02  -1.200275e+02
  2.7297497674777e+00  -9.307424e-03  -7.343211e-03   7.020205e+01  -4.840435e-05  -3.180884e-05   9.288926e-04  -4.094088e-03  -1.563673e-02  -1.200279e+02
  2.7319476336351e+00  -9.323562e-03  -7.341651e-03   7.020376e+01  -4.847335e-05  -3.098461e-05   9.241799e-04  -4.128606e-03  -1.577381e-02  -1.200282e+02
  2.7341454997925e+00  -9.339699e-03  -7.342346e-03   7.020548e+01  -4.854067e-05  -3.027115e-05   9.191917e-04  -4.163425e-03  -1.591124e-02  -1.200285e+02
  2.7363433659499e+00  -9.355839e-03  -7.345289e-03   7.020721e+01  -4.860655e-05  -2.968223e-05   9.139947e-04  -4.198547e-03  -1.604897e-02  -1.200288e+02
  2.7385412321073e+00  -9.371989e-03  -7.350466e-03   7.020896e+01  -4.867130e-05  -2.923043e-05   9.086669e-04  -4.233973e-03  -1.618697e-02  -1.200291e+02
  2.7407390982647e+00  -9.388153e-03  -7.357852e-03   7.021072e+01  -4.873521e-05  -2.892693e-05   9.032970e-04  -4.269701e-03  -1.632519e-02  -1.200294e+02
  2.7429369644221e+00  -9.404334e-03  -7.367411e-03   7.021249e+01  -4.879863e-05  -2.878132e-05   8.979841e-04  -4.305734e-03  -1.646357e-02  -1.200296e+02
  2.7451348305795e+00  -9.420539e-03  -7.379101e-03   7.021426e+01  -4.886190e-05  -2.880147e-05   8.928367e-04  -4.342071e-03  -1.660208e-02  -1.200299e+02
  2.7473326967368e+00  -9.436772e-03  -7.392866e-03   7.021606e+01  -4.892542e-05  -2.899343e-05   8.879708e-04  -4.378713e-03  -1.674065e-02  -1.200301e+02
  2.7495305628942e+00  -9.453038e-03  -7.408644e-03   7.021786e+01  -4.898954e-05  -2.936137e-05   8.835092e-04  -4.415659e-03  -1.687921e-02  -1.200303e+02
  2.7517284290516e+00  -9.469341e-03  -7.426366e-03   7.021967e+01  -4.905468e-05  -2.990760e-05   8.795790e-04  -4.452909e-03  -1.701771e-02  -1.200305e+02
  2.7539262952090e+00  -9.485684e-03  -7.445955e-03   7.022150e+01  -4.912121e-05  -3.063255e-05   8.763101e-04  -4.490464e-03  -1.715608e-02  -1.200307e+02
  2.7561241613664e+00  -9.502073e-03  -7.467326e-03   7.022332e+01  -4.918953e-05  -3.153487e-05   8.738330e-04  -4.528323e-03  -1.729424e-02  -1.200309e+02
  2.7583220275238e+00  -9.518511e-03  -7.490391e-03   7.022516e+01  -4.926002e-05  -3.261152e-05   8.722768e-04  -4.566485e-03  -1.743214e-02  -1.200310e+02
  2.7605198936812e+00  -9.535001e-03  -7.515056e-03   7.022701e+01  -4.933307e-05  -3.385787e-05   8.717669e-04  -4.604949e-03  -1.756970e-02  -1.200312e+02
  2.7627177598386e+00  -9.551547e-03  -7.541224e-03   7.022885e+01  -4.940903e-05  -3.526787e-05   8.724233e-04  -4.643716e-03  -1.770686e-02  -1.200313e+02
  2.7649156259960e+00  -9.568151e-03  -7.568795e-03   7.023071e+01  -4.948827e-05  -3.683420e-05   8.743584e-04  -4.682784e-03  -1.784355e-02  -1.200315e+02
  2.7671134921534e+00  -9.584818e-03  -7.597666e-03   7.023256e+01  -4.957111e-05  -3.854846e-05   8.776753e-04  -4.722151e-03  -1.797971e-02  -1.200316e+02
  2.7693113583107e+00  -9.601550e-03  -7.627736e-03   7.023442e+01  -4.965787e-05  -4.040131e-05   8.824660e-04  -4.761817e-03  -1.811529e-02  -1.200317e+02
  2.7715092244681e+00  -9.618349e-03  -7.658903e-03   7.023629e+01  -4.974884e-05  -4.238269e-05   8.888104e-04  -4.801780e-03  -1.825023e-02  -1.200319e+02
  2.7737070906255e+00  -9.635218e-03  -7.691065e-03   7.023815e+01  -4.984430e-05  -4.448196e-05   8.967747e-04  -4.842039e-03  -1.838449e-02  -1.200320e+02
  2.7759049567829e+00  -9.652158e-03  -7.724125e-03   7.024002e+01  -4.994449e-05  -4.668807e-05   9.064106e-04  -4.882593e-03  -1.851802e-02  -1.200321e+02
  2.7781028229403e+00  -9.669172e-03  -7.757987e-03   7.024189e+01  -5.004964e-05  -4.898972e-05   9.177548e-04  -4.923439e-03  -1.865080e-02  -1.200322e+02
  2.7803006890977e+00  -9.686260e-03  -7.792560e-03   7.024376e+01  -5.015993e-05  -5.137549e-05   9.308280e-04  -4.964576e-03  -1.878280e-02  -1.200323e+02
  2.7824985552551e+00  -9.703427e-03  -7.827758e-03   7.024562e+01  -5.027555e-05  -5.383394e-05   9.456355e-04  -5.006002e-03  -1.891402e-02  -1.200324e+02
  2.7846964214125e+00  -9.720670e-03  -7.863499e-03   7.024749e+01  -5.039664e-05  -5.635373e-05   9.621664e-04  -5.047716e-03  -1.904443e-02  -1.200325e+02
  2.7868942875699e+00  -9.737993e-03  -7.899710e-03   7.024935e+01  -5.052332e-05  -5.892368e-05   9.803944e-04  -5.089715e-03  -1.917405e-02  -1.200326e+02
  2.7890921537272e+00  -9.755395e-03  -7.936322e-03   7.025122e+01  -5.065570e-05  -6.153280e-05   1.000278e-03  -5.131999e-03  -1.930289e-02  -1.200327e+02
  2.7912900198846e+00  -9.772879e-03  -7.973275e-03   7.025307e+01  -5.079383e-05  -6.417039e-05   1.021760e-03  -5.174565e-03  -1.943098e-02  -1.200328e+02
  2.7934878860420e+00  -9.790444e-03  -8.010515e-03   7.025494e+01  -5.093779e-05  -6.682597e-05   1.044772e-03  -5.217411e-03  -1.955833e-02  -1.200329e+02
  2.7956857521994e+00  -9.808091e-03  -8.047998e-03   7.025679e+01  -5.108759e-05  -6.948934e-05   1.069228e-03  -5.260537e-03  -1.968501e-02  -1.200330e+02
  2.7978836183568e+00  -9.825821e-03  -8.085685e-03   7.025865e+01  -5.124325e-05  -7.215056e-05   1.095034e-03  -5.303940e-03  -1.981105e-02  -1.200331e+02
  2.8000814845142e+00  -9.843634e-03  -8.123548e-03   7.026051e+01  -5.140474e-05  -7.479992e-05   1.122082e-03  -5.347620e-03  -1.993651e-02  -1.200333e+02
  2.8022793506716e+00  -9.861530e-03  -8.161565e-03   7.026235e+01  -5.157202e-05  -7.742787e-05   1.150255e-03  -5.391575e-03  -2.006146e-02  -1.200334e+02
  2.8044772168290e+00  -9.879510e-03  -8.199722e-03   7.026421e+01  -5.174505e-05  -8.002506e-05   1.179424e-03  -5.435805e-03  -2.018598e-02  -1.200335e+02
  2.8066750829864e+00  -9.897574e-03  -8.238013e-03   7.026605e+01  -5.192375e-05  -8.258224e-05   1.209455e-03  -5.480307e-03  -2.031013e-02  -1.200336e+02
  2.8088729491438e+00  -9.915723e-03  -8.276439e-03   7.026791e+01  -5.210801e-05  -8.509026e-05   1.240205e-03  -5.525082e-03  -2.043401e-02  -1.200338e+02
  2.8110708153011e+00  -9.933955e-03  -8.315008e-03   7.026975e+01  -5.229772e-05  -8.754004e-05   1.271525e-03  -5.570129e-03  -2.055770e-02  -1.200339e+02
  2.8132686814585e+00  -9.952273e-03  -8.353735e-03   7.027161e+01  -5.249274e-05  -8.992260e-05   1.303261e-03  -5.615449e-03  -2.068129e-02  -1.200340e+02
  2.8154665476159e+00  -9.970676e-03  -8.392640e-03   7.027346e+01  -5.269291e-05  -9.222896e-05   1.335254e-03  -5.661039e-03  -2.080488e-02  -1.200342e+02
  2.8176644137733e+00  -9.989165e-03  -8.431749e-03   7.027531e+01  -5.289806e-05  -9.445028e-05   1.367345e-03  -5.706901e-03  -2.092857e-02  -1.200343e+02
  2.8198622799307e+00  -1.000774e-02  -8.471094e-03   7.027718e+01  -5.310799e-05  -9.657780e-05   1.399371e-03  -5.753036e-03  -2.105244e-02  -1.200345e+02
  2.8220601460881e+00  -1.002640e-02  -8.510708e-03   7.027904e+01  -5.332248e-05  -9.860293e-05   1.431172e-03  -5.799443e-03  -2.117659e-02  -1.200346e+02
  2.8242580122455e+00  -1.004515e-02  -8.550632e-03   7.028091e+01  -5.354130e-05  -1.005174e-04   1.462586e-03  -5.846123e-03  -2.130111e-02  -1.200347e+02
  2.8264558784029e+00  -1.006399e-02  -8.590907e-03   7.028278e+01  -5.376419e-05  -1.023130e-04   1.493456e-03  -5.893077e-03  -2.142610e-02  -1.200349e+02
  2.8286537445603e+00  -1.008292e-02  -8.631579e-03   7.028466e+01  -5.399090e-05  -1.039824e-04   1.523630e-03  -5.940307e-03  -2.155164e-02  -1.200350e+02
  2.8308516107176e+00  -1.010193e-02  -8.672693e-03   7.028654e+01  -5.422112e-05  -1.055184e-04   1.552961e-03  -5.987813e-03  -2.167782e-02  -1.200352e+02
  2.8330494768750e+00  -1.012104e-02  -8.714298e-03   7.028844e+01  -5.445457e-05  -1.069146e-04   1.581308e-03  -6.035598e-03  -2.180472e-02  -1.200353e+02
  2.8352473430324e+00  -1.014024e-02  -8.756441e-03   7.029034e+01  -5.469093e-05  -1.081654e-04   1.608544e-03  -6.083662e-03  -2.193239e-02  -1.200355e+02
  2.8374452091898e+00  -1.015953e-02  -8.799171e-03   7.029225e+01  -5.492987e-05  -1.092662e-04   1.634547e-03  -6.132008e-03  -2.206093e-02  -1.200356e+02
  2.8396430753472e+00  -1.017892e-02  -8.842536e-03   7.029417e+01  -5.517107e-05  -1.102133e-04   1.659212e-03  -6.180637e-03  -2.219037e-02  -1.200357e+02
  2.8418409415046e+00  -1.019840e-02  -8.886581e-03   7.029610e+01  -5.541417e-05  -1.110041e-04   1.682443e-03  -6.229552e-03  -2.232077e-02  -1.200359e+02
  2.8440388076620e+00  -1.021798e-02  -8.931349e-03   7.029804e+01  -5.565884e-05  -1.116373e-04   1.704163e-03  -6.278754e-03  -2.245218e-02  -1.200360e+02
  2.8462366738194e+00  -1.023766e-02  -8.976882e-03   7.030000e+01  -5.590473e-05  -1.121129e-04   1.724306e-03  -6.328247e-03  -2.258464e-02  -1.200361e+02
  2.8484345399768e+00  -1.025744e-02  -9.023217e-03   7.030196e+01  -5.615149e-05  -1.124321e-04   1.742826e-03  -6.378031e-03  -2.271818e-02  -1.200362e+02
  2.8506324061342e+00  -1.027733e-02  -9.070385e-03   7.030394e+01  -5.639878e-05  -1.125975e-04   1.759690e-03  -6.428111e-03  -2.285280e-02  -1.200363e+02
  2.8528302722915e+00  -1.029732e-02  -9.118417e-03   7.030592e+01  -5.664627e-05  -1.126131e-04   1.774882e-03  -6.478488e-03  -2.298853e-02  -1.200365e+02
  2.8550281384489e+00  -1.031741e-02  -9.167334e-03   7.030793e+01  -5.689364e-05  -1.124839e-04   1.788403e-03  -6.529164e-03  -2.312537e-02  -1.200366e+02
  2.8572260046063e+00  -1.033761e-02  -9.217154e-03   7.030994e+01  -5.714057e-05  -1.122161e-04   1.800270e-03  -6.580142e-03  -2.326332e-02  -1.200367e+02
  2.8594238707637e+00  -1.035793e-02  -9.267887e-03   7.031197e+01  -5.738677e-05  -1.118170e-04   1.810512e-03  -6.631424e-03  -2.340235e-02  -1.200368e+02
  2.8616217369211e+00  -1.037835e-02  -9.319537e-03   7.031401e+01  -5.763195e-05  -1.112945e-04   1.819172e-03  -6.683013e-03  -2.354246e-02  -1.200368e+02
  2.8638196030785e+00  -1.039890e-02  -9.372101e-03   7.031607e+01  -5.787587e-05  -1.106575e-04   1.826306e-03  -6.734912e-03  -2.368361e-02  -1.200369e+02
  2.8660174692359e+00  -1.041955e-02  -9.425569e-03   7.031813e+01  -5.811826e-05  -1.099148e-04   1.831979e-03  -6.787121e-03  -2.382578e-02  -1.200370e+02
  2.8682153353933e+00  -1.044033e-02  -9.479923e-03   7.032021e+01  -5.835892e-05  -1.090758e-04   1.836265e-03  -6.839645e-03  -2.396891e-02  -1.200371e+02
  2.8704132015507e+00  -1.046123e-02  -9.535138e-03   7.032230e+01  -5.859763e-05  -1.081496e-04   1.839244e-03  -6.892483e-03  -2.411297e-02  -1.200371e+02
  2.8726110677080e+00  -1.048224e-02  -9.591182e-03   7.032440e+01  -5.883423e-05  -1.071451e-04   1.841003e-03  -6.945639e-03  -2.425791e-02  -1.200372e+02
  2.8748089338654e+00  -1.050339e-02  -9.648016e-03   7.032652e+01  -5.906854e-05  -1.060707e-04   1.841629e-03  -6.999115e-03  -2.440367e-02  -1.200373e+02
  2.8770068000228e+00  -1.052465e-02  -9.705595e-03   7.032864e+01  -5.930042e-05  -1.049337e-04   1.841214e-03  -7.052912e-03  -2.455019e-02  -1.200373e+02
  2.8792046661802e+00  -1.054605e-02  -9.763866e-03   7.033078e+01  -5.952974e-05  -1.037410e-04   1.839849e-03  -7.107032e-03  -2.469742e-02  -1.200374e+02
  2.8814025323376e+00  -1.056757e-02  -9.822772e-03   7.033292e+01  -5.975638e-05  -1.024979e-04   1.837625e-03  -7.161476e-03  -2.484530e-02  -1.200374e+02
  2.8836003984950e+00  -1.058923e-02  -9.882252e-03   7.033508e+01  -5.998024e-05  -1.012088e-04   1.834632e-03  -7.216245e-03  -2.499376e-02  -1.200374e+02
  2.8857982646524e+00  -1.061101e-02  -9.942236e-03   7.033723e+01  -6.020122e-05  -9.987653e-05   1.830959e-03  -7.271342e-03  -2.514274e-02  -1.200375e+02
  2.8879961308098e+00  -1.063293e-02  -1.000266e-02   7.033940e+01  -6.041923e-05  -9.850272e-05   1.826690e-03  -7.326766e-03  -2.529218e-02  -1.200375e+02
  2.8901939969672e+00  -1.065498e-02  -1.006344e-02   7.034158e+01  -6.063417e-05  -9.708759e-05   1.821912e-03  -7.382520e-03  -2.544204e-02  -1.200375e+02
  2.8923918631246e+00  -1.067717e-02  -1.012451e-02   7.034376e+01  -6.084595e-05  -9.563009e-05   1.816706e-03  -7.438603e-03  -2.559224e-02  -1.200375e+02
  2.8945897292819e+00  -1.069949e-02  -1.018579e-02   7.034595e+01  -6.105448e-05  -9.412794e-05   1.811153e-03  -7.495017e-03  -2.574274e-02  -1.200375e+02
  2.8967875954393e+00  -1.072194e-02  -1.024721e-02   7.034814e+01  -6.125966e-05  -9.257785e-05   1.805335e-03  -7.551761e-03  -2.589348e-02  -1.200376e+02
  2.8989854615967e+00  -1.074453e-02  -1.030869e-02   7.035034e+01  -6.146137e-05  -9.097566e-05   1.799331e-03  -7.608837e-03  -2.604443e-02  -1.200376e+02
  2.9011833277541e+00  -1.076726e-02  -1.037015e-02   7.035255e+01  -6.165950e-05  -8.931656e-05   1.793222e-03  -7.666246e-03  -2.619555e-02  -1.200376e+02
  2.9033811939115e+00  -1.079012e-02  -1.043152e-02   7.035475e+01  -6.185391e-05  -8.759534e-05   1.787087e-03  -7.723986e-03  -2.634679e-02  -1.200376e+02
  2.9055790600689e+00  -1.081311e-02  -1.049273e-02   7.035696e+01  -6.204447e-05  -8.580670e-05   1.781008e-03  -7.782059e-03  -2.649813e-02  -1.200376e+02
  2.9077769262263e+00  -1.083624e-02  -1.055372e-02   7.035918e+01  -6.223102e-05  -8.394547e-05   1.775067e-03  -7.840465e-03  -2.664954e-02  -1.200376e+02
  2.9099747923837e+00  -1.085950e-02  -1.061442e-02   7.036140e+01  -6.241339e-05  -8.200693e-05   1.769347e-03  -7.899203e-03  -2.680101e-02  -1.200376e+02
  2.9121726585411e+00  -1.088290e-02  -1.067478e-02   7.036362e+01  -6.259141e-05  -7.998714e-05   1.763929e-03  -7.958275e-03  -2.695251e-02  -1.200376e+02
  2.9143705246984e+00  -1.090642e-02  -1.073475e-02   7.036584e+01  -6.276490e-05  -7.788313e-05   1.758896e-03  -8.017680e-03  -2.710404e-02  -1.200376e+02
  2.9165683908558e+00  -1.093008e-02  -1.079427e-02   7.036806e+01  -6.293367e-05  -7.569326e-05   1.754329e-03  -8.077418e-03  -2.725559e-02  -1.200376e+02
  2.9187662570132e+00  -1.095387e-02  -1.085332e-02   7.037030e+01  -6.309753e-05  -7.341738e-05   1.750307e-03  -8.137488e-03  -2.740717e-02  -1.200376e+02
  2.9209641231706e+00  -1.097779e-02  -1.091185e-02   7.037253e+01  -6.325630e-05  -7.105708e-05   1.746907e-03  -8.197892e-03  -2.755878e-02  -1.200376e+02
  2.9231619893280e+00  -1.100184e-02  -1.096984e-02   7.037476e+01  -6.340980e-05  -6.861584e-05   1.744200e-03  -8.258629e-03  -2.771043e-02  -1.200376e+02
  2.9253598554854e+00  -1.102601e-02  -1.102727e-02   7.037701e+01  -6.355784e-05  -6.609913e-05   1.742255e-03  -8.319699e-03  -2.786214e-02  -1.200375e+02
  2.9275577216428e+00  -1.105031e-02  -1.108413e-02   7.037925e+01  -6.370027e-05  -6.351452e-05   1.741132e-03  -8.381103e-03  -2.801392e-02  -1.200375e+02
  2.9297555878002e+00  -1.107473e-02  -1.114041e-02   7.038150e+01  -6.383697e-05  -6.087166e-05   1.740889e-03  -8.442841e-03  -2.816581e-02  -1.200375e+02
  2.9319534539576e+00  -1.109928e-02  -1.119611e-02   7.038376e+01  -6.396780e-05  -5.818224e-05   1.741573e-03  -8.504912e-03  -2.831782e-02  -1.200375e+02
  2.9341513201150e+00  -1.112395e-02  -1.125125e-02   7.038602e+01  -6.409268e-05  -5.545990e-05   1.743226e-03  -8.567318e-03  -2.847000e-02  -1.200375e+02
  2.9363491862723e+00  -1.114874e-02  -1.130584e-02   7.038828e+01  -6.421156e-05  -5.272006e-05   1.745883e-03  -8.630059e-03  -2.862237e-02  -1.200375e+02
  2.9385470524297e+00  -1.117365e-02  -1.135989e-02   7.039055e+01  -6.432442e-05  -4.997970e-05   1.749570e-03  -8.693134e-03  -2.877497e-02  -1.200375e+02
  2.9407449185871e+00  -1.119867e-02  -1.141344e-02   7.039283e+01  -6.443127e-05  -4.725709e-05   1.754309e-03  -8.756546e-03  -2.892783e-02  -1.200374e+02
  2.9429427847445e+00  -1.122382e-02  -1.146652e-02   7.039512e+01  -6.453219e-05  -4.457150e-05   1.760114e-03  -8.820294e-03  -2.908101e-02  -1.200374e+02
  2.9451406509019e+00  -1.124907e-02  -1.151917e-02   7.039741e+01  -6.462726e-05  -4.194282e-05   1.766994e-03  -8.884380e-03  -2.923453e-02  -1.200374e+02
  2.9473385170593e+00  -1.127445e-02  -1.157143e-02   7.039971e+01  -6.471664e-05  -3.939122e-05   1.774955e-03  -8.948802e-03  -2.938844e-02  -1.200374e+02
  2.9495363832167e+00  -1.129994e-02  -1.162334e-02   7.040202e+01  -6.480052e-05  -3.693671e-05   1.783996e-03  -9.013563e-03  -2.954278e-02  -1.200373e+02
  2.9517342493741e+00  -1.132554e-02  -1.167496e-02   7.040434e+01  -6.487912e-05  -3.459880e-05   1.794117e-03  -9.078665e-03  -2.969759e-02  -1.200373e+02
  2.9539321155315e+00  -1.135126e-02  -1.172633e-02   7.040667e+01  -6.495275e-05  -3.239611e-05   1.805313e-03  -9.144107e-03  -2.985290e-02  -1.200373e+02
  2.9561299816888e+00  -1.137709e-02  -1.177752e-02   7.040901e+01  -6.502170e-05  -3.034598e-05   1.817578e-03  -9.209891e-03  -3.000876e-02  -1.200372e+02
  2.9583278478462e+00  -1.140303e-02  -1.182857e-02   7.041136e+01  -6.508632e-05  -2.846421e-05   1.830904e-03  -9.276018e-03  -3.016520e-02  -1.200372e+02
  2.9605257140036e+00  -1.142908e-02  -1.187954e-02   7.041373e+01  -6.514702e-05  -2.676476e-05   1.845284e-03  -9.342489e-03  -3.032226e-02  -1.200371e+02
  2.9627235801610e+00  -1.145525e-02  -1.193049e-02   7.041610e+01  -6.520419e-05  -2.525957e-05   1.860707e-03  -9.409307e-03  -3.047995e-02  -1.200371e+02
  2.9649214463184e+00  -1.148153e-02  -1.198146e-02   7.041849e+01  -6.525828e-05  -2.395842e-05   1.877160e-03  -9.476472e-03  -3.063832e-02  -1.200370e+02
  2.9671193124758e+00  -1.150792e-02  -1.203253e-02   7.042088e+01  -6.530974e-05  -2.286886e-05   1.894629e-03  -9.543985e-03  -3.079739e-02  -1.200369e+02
  2.9693171786332e+00  -1.153442e-02  -1.208373e-02   7.042329e+01  -6.535905e-05  -2.199622e-05   1.913095e-03  -9.611850e-03  -3.095718e-02  -1.200369e+02
  2.9715150447906e+00  -1.156103e-02  -1.213513e-02   7.042572e+01  -6.540668e-05  -2.134375e-05   1.932535e-03  -9.680066e-03  -3.111771e-02  -1.200368e+02
  2.9737129109480e+00  -1.158776e-02  -1.218677e-02   7.042816e+01  -6.545311e-05  -2.091270e-05   1.952921e-03  -9.748636e-03  -3.127901e-02  -1.200367e+02
  2.9759107771054e+00  -1.161460e-02  -1.223870e-02   7.043061e+01  -6.549884e-05  -2.070257e-05   1.974215e-03  -9.817561e-03  -3.144109e-02  -1.200367e+02
  2.9781086432627e+00  -1.164156e-02  -1.229097e-02   7.043308e+01  -6.554435e-05  -2.071137e-05   1.996374e-03  -9.886843e-03  -3.160399e-02  -1.200366e+02
  2.9803065094201e+00  -1.166863e-02  -1.234363e-02   7.043556e+01  -6.559012e-05  -2.093588e-05   2.019345e-03  -9.956485e-03  -3.176772e-02  -1.200365e+02
  2.9825043755775e+00  -1.169582e-02  -1.239673e-02   7.043806e+01  -6.563661e-05  -2.137197e-05   2.043065e-03  -1.002649e-02  -3.193230e-02  -1.200364e+02
  2.9847022417349e+00  -1.172312e-02  -1.245031e-02   7.044057e+01  -6.568429e-05  -2.201490e-05   2.067460e-03  -1.009685e-02  -3.209777e-02  -1.200363e+02
  2.9869001078923e+00  -1.175055e-02  -1.250441e-02   7.044309e+01  -6.573361e-05  -2.285958e-05   2.092447e-03  -1.016758e-02  -3.226415e-02  -1.200362e+02
  2.9890979740497e+00  -1.177809e-02  -1.255909e-02   7.044563e+01  -6.578500e-05  -2.390082e-05   2.117929e-03  -1.023868e-02  -3.243147e-02  -1.200361e+02
  2.9912958402071e+00  -1.180575e-02  -1.261439e-02   7.044819e+01  -6.583888e-05  -2.513356e-05   2.143803e-03  -1.031014e-02  -3.259977e-02  -1.200360e+02
  2.9934937063645e+00  -1.183354e-02  -1.267035e-02   7.045076e+01  -6.589569e-05  -2.655298e-05   2.169952e-03  -1.038198e-02  -3.276908e-02  -1.200359e+02
  2.9956915725219e+00  -1.186145e-02  -1.272701e-02   7.045335e+01  -6.595581e-05  -2.815457e-05   2.196254e-03  -1.045419e-02  -3.293946e-02  -1.200358e+02
  2.9978894386792e+00  -1.188949e-02  -1.278442e-02   7.045596e+01  -6.601965e-05  -2.993418e-05   2.222579e-03  -1.052677e-02  -3.311093e-02  -1.200356e+02
  3.0000873048366e+00  -1.191765e-02  -1.284262e-02   7.045857e+01  -6.608758e-05  -3.188795e-05   2.248792e-03  -1.059974e-02  -3.328356e-02  -1.200355e+02
  3.0022851709940e+00  -1.194594e-02  -1.290165e-02   7.046120e+01  -6.616000e-05  -3.401221e-05   2.274752e-03  -1.067308e-02  -3.345738e-02  -1.200354e+02
  3.0044830371514e+00  -1.197436e-02  -1.296154e-02   7.046386e+01  -6.623727e-05  -3.630331e-05   2.300321e-03  -1.074681e-02  -3.363245e-02  -1.200352e+02
  3.0066809033088e+00  -1.200292e-02  -1.302233e-02   7.046653e+01  -6.631976e-05  -3.875745e-05   2.325358e-03  -1.082092e-02  -3.380882e-02  -1.200351e+02
  3.0088787694662e+00  -1.203160e-02  -1.308406e-02   7.046922e+01  -6.640781e-05  -4.137044e-05   2.349726e-03  -1.089542e-02  -3.398652e-02  -1.200350e+02
  3.0110766356236e+00  -1.206043e-02  -1.314673e-02   7.047192e+01  -6.650178e-05  -4.413747e-05   2.373291e-03  -1.097032e-02  -3.416562e-02  -1.200348e+02
  3.0132745017810e+00  -1.208940e-02  -1.321037e-02   7.047463e+01  -6.660199e-05  -4.705294e-05   2.395926e-03  -1.104561e-02  -3.434613e-02  -1.200347e+02
  3.0154723679384e+00  -1.211850e-02  -1.327499e-02   7.047737e+01  -6.670877e-05  -5.011021e-05   2.417510e-03  -1.112130e-02  -3.452811e-02  -1.200345e+02
  3.0176702340958e+00  -1.214775e-02  -1.334058e-02   7.048013e+01  -6.682241e-05  -5.330147e-05   2.437932e-03  -1.119739e-02  -3.471155e-02  -1.200344e+02
  3.0198681002531e+00  -1.217714e-02  -1.340713e-02   7.048289e+01  -6.694320e-05  -5.661764e-05   2.457088e-03  -1.127388e-02  -3.489650e-02  -1.200342e+02
  3.0220659664105e+00  -1.220669e-02  -1.347462e-02   7.048569e+01  -6.707141e-05  -6.004829e-05   2.474885e-03  -1.135078e-02  -3.508294e-02  -1.200341e+02
  3.0242638325679e+00  -1.223638e-02  -1.354301e-02   7.048849e+01  -6.720728e-05  -6.358163e-05   2.491238e-03  -1.142810e-02  -3.527087e-02  -1.200339e+02
  3.0264616987253e+00  -1.226622e-02  -1.361226e-02   7.049132e+01  -6.735100e-05  -6.720462e-05   2.506073e-03  -1.150583e-02  -3.546027e-02  -1.200337e+02
  3.0286595648827e+00  -1.229621e-02  -1.368231e-02   7.049416e+01  -6.750277e-05  -7.090299e-05   2.519323e-03  -1.158397e-02  -3.565112e-02  -1.200336e+02
  3.0308574310401e+00  -1.232636e-02  -1.375308e-02   7.049702e+01  -6.766274e-05  -7.466150e-05   2.530932e-03  -1.166254e-02  -3.584336e-02  -1.200334e+02
  3.0330552971975e+00  -1.235667e-02  -1.382449e-02   7.049989e+01  -6.783102e-05  -7.846406e-05   2.540852e-03  -1.174153e-02  -3.603695e-02  -1.200332e+02
  3.0352531633549e+00  -1.238713e-02  -1.389644e-02   7.050278e+01  -6.800768e-05  -8.229397e-05   2.549040e-03  -1.182095e-02  -3.623182e-02  -1.200331e+02
  3.0374510295123e+00  -1.241775e-02  -1.396884e-02   7.050568e+01  -6.819277e-05  -8.613417e-05   2.555464e-03  -1.190080e-02  -3.642790e-02  -1.200329e+02
  3.0396488956696e+00  -1.244854e-02  -1.404156e-02   7.050861e+01  -6.838630e-05  -8.996744e-05   2.560100e-03  -1.198108e-02  -3.662511e-02  -1.200327e+02
  3.0418467618270e+00  -1.247948e-02  -1.411449e-02   7.051154e+01  -6.858822e-05  -9.377665e-05   2.562929e-03  -1.206179e-02  -3.682335e-02  -1.200326e+02
  3.0440446279844e+00  -1.251058e-02  -1.418750e-02   7.051449e+01  -6.879846e-05  -9.754490e-05   2.563946e-03  -1.214295e-02  -3.702254e-02  -1.200324e+02
  3.0462424941418e+00  -1.254184e-02  -1.426047e-02   7.051745e+01  -6.901693e-05  -1.012557e-04   2.563153e-03  -1.222454e-02  -3.722257e-02  -1.200322e+02
  3.0484403602992e+00  -1.257326e-02  -1.433327e-02   7.052042e+01  -6.924348e-05  -1.048932e-04   2.560564e-03  -1.230657e-02  -3.742335e-02  -1.200321e+02
  3.0506382264566e+00  -1.260485e-02  -1.440578e-02   7.052341e+01  -6.947792e-05  -1.084420e-04   2.556211e-03  -1.238904e-02  -3.762479e-02  -1.200319e+02
  3.0528360926140e+00  -1.263659e-02  -1.447788e-02   7.052641e+01  -6.972004e-05  -1.118871e-04   2.550139e-03  -1.247196e-02  -3.782680e-02  -1.200317e+02
  3.0550339587714e+00  -1.266849e-02  -1.454946e-02   7.052941e+01  -6.996962e-05  -1.152145e-04   2.542412e-03  -1.255532e-02  -3.802928e-02  -1.200316e+02
  3.0572318249288e+00  -1.270054e-02  -1.462042e-02   7.053243e+01  -7.022636e-05  -1.184101e-04   2.533118e-03  -1.263912e-02  -3.823217e-02  -1.200314e+02
  3.0594296910862e+00  -1.273275e-02  -1.469067e-02   7.053545e+01  -7.048996e-05  -1.214604e-04   2.522366e-03  -1.272338e-02  -3.843538e-02  -1.200313e+02
  3.0616275572435e+00  -1.276512e-02  -1.476014e-02   7.053849e+01  -7.076009e-05  -1.243518e-04   2.510294e-03  -1.280807e-02  -3.863887e-02  -1.200312e+02
  3.0638254234009e+00  -1.279763e-02  -1.482875e-02   7.054153e+01  -7.103639e-05  -1.270707e-04   2.497063e-03  -1.289322e-02  -3.884258e-02  -1.200310e+02
  3.0660232895583e+00  -1.283030e-02  -1.489648e-02   7.054458e+01  -7.131846e-05  -1.296029e-04   2.482866e-03  -1.297882e-02  -3.904648e-02  -1.200309e+02
  3.0682211557157e+00  -1.286311e-02  -1.496327e-02   7.054764e+01  -7.160587e-05  -1.319339e-04   2.467922e-03  -1.306486e-02  -3.925055e-02  -1.200308e+02
  3.0704190218731e+00  -1.289607e-02  -1.502913e-02   7.055070e+01  -7.189817e-05  -1.340482e-04   2.452476e-03  -1.315135e-02  -3.945475e-02  -1.200306e+02
  3.0726168880305e+00  -1.292918e-02  -1.509404e-02   7.055376e+01  -7.219485e-05  -1.359295e-04   2.436799e-03  -1.323829e-02  -3.965909e-02  -1.200305e+02
  3.0748147541879e+00  -1.296242e-02  -1.515803e-02   7.055684e+01  -7.249540e-05  -1.375602e-04   2.421182e-03  -1.332568e-02  -3.986358e-02  -1.200304e+02
  3.0770126203453e+00  -1.299581e-02  -1.522112e-02   7.055992e+01  -7.279924e-05  -1.389218e-04   2.405934e-03  -1.341352e-02  -4.006824e-02  -1.200303e+02
  3.0792104865027e+00  -1.302933e-02  -1.528336e-02   7.056301e+01  -7.310574e-05  -1.399946e-04   2.391375e-03  -1.350181e-02  -4.027307e-02  -1.200302e+02
  3.0814083526600e+00  -1.306299e-02  -1.534480e-02   7.056611e+01  -7.341427e-05  -1.407577e-04   2.377830e-03  -1.359055e-02  -4.047813e-02  -1.200301e+02
  3.0836062188174e+00  -1.309678e-02  -1.540551e-02   7.056921e+01  -7.372411e-05  -1.411898e-04   2.365620e-03  -1.367974e-02  -4.068344e-02  -1.200300e+02
  3.0858040849748e+00  -1.313070e-02  -1.546556e-02   7.057232e+01  -7.403451e-05  -1.412687e-04   2.355061e-03  -1.376938e-02  -4.088905e-02  -1.200299e+02
  3.0880019511322e+00  -1.316476e-02  -1.552503e-02   7.057543e+01  -7.434468e-05  -1.409727e-04   2.346446e-03  -1.385948e-02  -4.109500e-02  -1.200298e+02
  3.0901998172896e+00  -1.319895e-02  -1.558401e-02   7.057856e+01  -7.465376e-05  -1.402800e-04   2.340048e-03  -1.395003e-02  -4.130135e-02  -1.200298e+02
  3.0923976834470e+00  -1.323326e-02  -1.564257e-02   7.058170e+01  -7.496085e-05  -1.391702e-04   2.336105e-03  -1.404103e-02  -4.150814e-02  -1.200297e+02
  3.0945955496044e+00  -1.326771e-02  -1.570081e-02   7.058484e+01  -7.526503e-05  -1.376248e-04   2.334817e-03  -1.413249e-02  -4.171544e-02  -1.200296e+02
  3.0967934157618e+00  -1.330228e-02  -1.575882e-02   7.058800e+01  -7.556532e-05  -1.356274e-04   2.336340e-03  -1.422440e-02  -4.192329e-02  -1.200295e+02
  3.0989912819192e+00  -1.333698e-02  -1.581667e-02   7.059116e+01  -7.586070e-05  -1.331654e-04   2.340781e-03  -1.431677e-02  -4.213177e-02  -1.200294e+02
  3.1011891480766e+00  -1.337181e-02  -1.587446e-02   7.059435e+01  -7.615015e-05  -1.302298e-04   2.348196e-03  -1.440960e-02  -4.234093e-02  -1.200293e+02
  3.1033870142339e+00  -1.340676e-02  -1.593224e-02   7.059754e+01  -7.643263e-05  -1.268164e-04   2.358590e-03  -1.450289e-02  -4.255082e-02  -1.200292e+02
  3.1055848803913e+00  -1.344184e-02  -1.599010e-02   7.060075e+01  -7.670707e-05  -1.229266e-04   2.371912e-03  -1.459664e-02  -4.276154e-02  -1.200291e+02
  3.1077827465487e+00  -1.347705e-02  -1.604807e-02   7.060397e+01  -7.697246e-05  -1.185674e-04   2.388066e-03  -1.469086e-02  -4.297313e-02  -1.200290e+02
  3.1099806127061e+00  -1.351238e-02  -1.610622e-02   7.060722e+01  -7.722776e-05  -1.137522e-04   2.406906e-03  -1.478554e-02  -4.318567e-02  -1.200289e+02
  3.1121784788635e+00  -1.354785e-02  -1.616458e-02   7.061048e+01  -7.747200e-05  -1.085008e-04   2.428247e-03  -1.488069e-02  -4.339923e-02  -1.200288e+02
  3.1143763450209e+00  -1.358344e-02  -1.622317e-02   7.061375e+01  -7.770425e-05  -1.028394e-04   2.451869e-03  -1.497632e-02  -4.361388e-02  -1.200286e+02
  3.1165742111783e+00  -1.361916e-02  -1.628201e-02   7.061706e+01  -7.792364e-05  -9.680032e-05   2.477525e-03  -1.507241e-02  -4.382972e-02  -1.200285e+02
  3.1187720773357e+00  -1.365501e-02  -1.634110e-02   7.062038e+01  -7.812939e-05  -9.042180e-05   2.504950e-03  -1.516898e-02  -4.404682e-02  -1.200283e+02
  3.1209699434931e+00  -1.369099e-02  -1.640042e-02   7.062371e+01  -7.832079e-05  -8.374709e-05   2.533868e-03  -1.526603e-02  -4.426525e-02  -1.200282e+02
  3.1231678096504e+00  -1.372710e-02  -1.645995e-02   7.062708e+01  -7.849724e-05  -7.682371e-05   2.564001e-03  -1.536356e-02  -4.448510e-02  -1.200280e+02
  3.1253656758078e+00  -1.376334e-02  -1.651966e-02   7.063046e+01  -7.865827e-05  -6.970239e-05   2.595081e-03  -1.546158e-02  -4.470645e-02  -1.200278e+02
  3.1275635419652e+00  -1.379972e-02  -1.657949e-02   7.063386e+01  -7.880348e-05  -6.243600e-05   2.626851e-03  -1.556008e-02  -4.492939e-02  -1.200276e+02
  3.1297614081226e+00  -1.383622e-02  -1.663938e-02   7.063728e+01  -7.893262e-05  -5.507819e-05   2.659079e-03  -1.565908e-02  -4.515398e-02  -1.200274e+02
  3.1319592742800e+00  -1.387286e-02  -1.669927e-02   7.064073e+01  -7.904555e-05  -4.768224e-05   2.691558e-03  -1.575857e-02  -4.538029e-02  -1.200272e+02
  3.1341571404374e+00  -1.390963e-02  -1.675906e-02   7.064421e+01  -7.914224e-05  -4.029972e-05   2.724115e-03  -1.585856e-02  -4.560840e-02  -1.200269e+02
  3.1363550065948e+00  -1.394653e-02  -1.681868e-02   7.064771e+01  -7.922277e-05  -3.297936e-05   2.756610e-03  -1.595905e-02  -4.583834e-02  -1.200267e+02
  3.1385528727522e+00  -1.398356e-02  -1.687801e-02   7.065122e+01  -7.928733e-05  -2.576595e-05   2.788940e-03  -1.606005e-02  -4.607017e-02  -1.200265e+02
  3.1407507389096e+00  -1.402072e-02  -1.693696e-02   7.065476e+01  -7.933619e-05  -1.869947e-05   2.821039e-03  -1.616156e-02  -4.630392e-02  -1.200262e+02
  3.1429486050670e+00  -1.405801e-02  -1.699542e-02   7.065833e+01  -7.936973e-05  -1.181440e-05   2.852876e-03  -1.626359e-02  -4.653961e-02  -1.200259e+02
  3.1451464712243e+00  -1.409543e-02  -1.705326e-02   7.066192e+01  -7.938836e-05  -5.139224e-06   2.884449e-03  -1.636614e-02  -4.677724e-02  -1.200257e+02
  3.1473443373817e+00  -1.413297e-02  -1.711036e-02   7.066553e+01  -7.939257e-05   1.303755e-06   2.915787e-03  -1.646922e-02  -4.701681e-02  -1.200254e+02
  3.1495422035391e+00  -1.417064e-02  -1.716662e-02   7.066916e+01  -7.938290e-05   7.498418e-06   2.946940e-03  -1.657282e-02  -4.725830e-02  -1.200251e+02
  3.1517400696965e+00  -1.420843e-02  -1.722190e-02   7.067281e+01  -7.935990e-05   1.343458e-05   2.977976e-03  -1.667695e-02  -4.750166e-02  -1.200248e+02
  3.1539379358539e+00  -1.424634e-02  -1.727610e-02   7.067648e+01  -7.932413e-05   1.910754e-05   3.008974e-03  -1.678162e-02  -4.774685e-02  -1.200245e+02
  3.1561358020113e+00  -1.428437e-02  -1.732909e-02   7.068018e+01  -7.927619e-05   2.451745e-05   3.040016e-03  -1.688684e-02  -4.799381e-02  -1.200242e+02
  3.1583336681687e+00  -1.432251e-02  -1.738077e-02   7.068389e+01  -7.921665e-05   2.966856e-05   3.071184e-03  -1.699260e-02  -4.824246e-02  -1.200240e+02
  3.1605315343261e+00  -1.436077e-02  -1.743103e-02   7.068763e+01  -7.914606e-05   3.456839e-05   3.102551e-03  -1.709890e-02  -4.849273e-02  -1.200237e+02
  3.1627294004835e+00  -1.439913e-02  -1.747978e-02   7.069138e+01  -7.906496e-05   3.922684e-05   3.134175e-03  -1.720576e-02  -4.874453e-02  -1.200234e+02
  3.1649272666408e+00  -1.443760e-02  -1.752694e-02   7.069514e+01  -7.897388e-05   4.365535e-05   3.166099e-03  -1.731317e-02  -4.899775e-02  -1.200231e+02
  3.1671251327982e+00  -1.447617e-02  -1.757243e-02   7.069894e+01  -7.887330e-05   4.786604e-05   3.198342e-03  -1.742114e-02  -4.925231e-02  -1.200228e+02
  3.1693229989556e+00  -1.451484e-02  -1.761619e-02   7.070274e+01  -7.876370e-05   5.187101e-05   3.230896e-03  -1.752967e-02  -4.950810e-02  -1.200225e+02
  3.1715208651130e+00  -1.455361e-02  -1.765817e-02   7.070656e+01  -7.864551e-05   5.568171e-05   3.263725e-03  -1.763877e-02  -4.976504e-02  -1.200223e+02
  3.1737187312704e+00  -1.459246e-02  -1.769834e-02   7.071040e+01  -7.851914e-05   5.930845e-05   3.296765e-03  -1.774842e-02  -5.002303e-02  -1.200220e+02
  3.1759165974278e+00  -1.463140e-02  -1.773667e-02   7.071425e+01  -7.838499e-05   6.276002e-05   3.329921e-03  -1.785865e-02  -5.028198e-02  -1.200217e+02
  3.1781144635852e+00  -1.467043e-02  -1.777316e-02   7.071812e+01  -7.824344e-05   6.604349e-05   3.363067e-03  -1.796945e-02  -5.054184e-02  -1.200215e+02
  3.1803123297426e+00  -1.470953e-02  -1.780782e-02   7.072200e+01  -7.809486e-05   6.916407e-05   3.396047e-03  -1.808082e-02  -5.080251e-02  -1.200212e+02
  3.1825101959000e+00  -1.474870e-02  -1.784067e-02   7.072591e+01  -7.793959e-05   7.212514e-05   3.428679e-03  -1.819277e-02  -5.106397e-02  -1.200210e+02
  3.1847080620574e+00  -1.478795e-02  -1.787176e-02   7.072982e+01  -7.777799e-05   7.492829e-05   3.460756e-03  -1.830529e-02  -5.132614e-02  -1.200207e+02
  3.1869059282147e+00  -1.482726e-02  -1.790112e-02   7.073375e+01  -7.761041e-05   7.757352e-05   3.492046e-03  -1.841838e-02  -5.158903e-02  -1.200205e+02
  3.1891037943721e+00  -1.486664e-02  -1.792881e-02   7.073770e+01  -7.743718e-05   8.005936e-05   3.522297e-03  -1.853206e-02  -5.185259e-02  -1.200202e+02
  3.1913016605295e+00  -1.490607e-02  -1.795492e-02   7.074166e+01  -7.725866e-05   8.238317e-05   3.551244e-03  -1.864631e-02  -5.211683e-02  -1.200200e+02
  3.1934995266869e+00  -1.494556e-02  -1.797952e-02   7.074564e+01  -7.707522e-05   8.454131e-05   3.578606e-03  -1.876115e-02  -5.238177e-02  -1.200198e+02
  3.1956973928443e+00  -1.498510e-02  -1.800269e-02   7.074964e+01  -7.688723e-05   8.652941e-05   3.604096e-03  -1.887657e-02  -5.264740e-02  -1.200195e+02
  3.1978952590017e+00  -1.502469e-02  -1.802453e-02   7.075365e+01  -7.669505e-05   8.834263e-05   3.627422e-03  -1.899258e-02  -5.291378e-02  -1.200193e+02
  3.2000931251591e+00  -1.506433e-02  -1.804513e-02   7.075768e+01  -7.649909e-05   8.997594e-05   3.648297e-03  -1.910917e-02  -5.318094e-02  -1.200191e+02
  3.2022909913165e+00  -1.510401e-02  -1.806458e-02   7.076173e+01  -7.629974e-05   9.142439e-05   3.666438e-03  -1.922635e-02  -5.344892e-02  -1.200188e+02
  3.2044888574739e+00  -1.514374e-02  -1.808298e-02   7.076579e+01  -7.609742e-05   9.268344e-05   3.681578e-03  -1.934412e-02  -5.371778e-02  -1.200186e+02
  3.2066867236312e+00  -1.518350e-02  -1.810041e-02   7.076988e+01  -7.589255e-05   9.374936e-05   3.693468e-03  -1.946248e-02  -5.398759e-02  -1.200184e+02
  3.2088845897886e+00  -1.522330e-02  -1.811696e-02   7.077398e+01  -7.568554e-05   9.461959e-05   3.701886e-03  -1.958144e-02  -5.425840e-02  -1.200181e+02
  3.2110824559460e+00  -1.526314e-02  -1.813272e-02   7.077811e+01  -7.547683e-05   9.529327e-05   3.706643e-03  -1.970099e-02  -5.453027e-02  -1.200179e+02
  3.2132803221034e+00  -1.530301e-02  -1.814775e-02   7.078224e+01  -7.526686e-05   9.577170e-05   3.707591e-03  -1.982114e-02  -5.480327e-02  -1.200177e+02
  3.2154781882608e+00  -1.534291e-02  -1.816212e-02   7.078640e+01  -7.505606e-05   9.605892e-05   3.704624e-03  -1.994189e-02  -5.507746e-02  -1.200174e+02
  3.2176760544182e+00  -1.538284e-02  -1.817588e-02   7.079058e+01  -7.484482e-05   9.616230e-05   3.697690e-03  -2.006324e-02  -5.535289e-02  -1.200172e+02
  3.2198739205756e+00  -1.542281e-02  -1.818909e-02   7.079478e+01  -7.463354e-05   9.609303e-05   3.686795e-03  -2.018521e-02  -5.562961e-02  -1.200170e+02
  3.2220717867330e+00  -1.546280e-02  -1.820178e-02   7.079900e+01  -7.442259e-05   9.586664e-05   3.672000e-03  -2.030778e-02  -5.590765e-02  -1.200168e+02
  3.2242696528904e+00  -1.550282e-02  -1.821398e-02   7.080325e+01  -7.421229e-05   9.550348e-05   3.653432e-03  -2.043096e-02  -5.618705e-02  -1.200166e+02
  3.2264675190478e+00  -1.554286e-02  -1.822572e-02   7.080750e+01  -7.400291e-05   9.502890e-05   3.631278e-03  -2.055476e-02  -5.646783e-02  -1.200163e+02
  3.2286653852051e+00  -1.558293e-02  -1.823701e-02   7.081179e+01  -7.379465e-05   9.447345e-05   3.605785e-03  -2.067918e-02  -5.675000e-02  -1.200161e+02
  3.2308632513625e+00  -1.562303e-02  -1.824785e-02   7.081609e+01  -7.358767e-05   9.387275e-05   3.577259e-03  -2.080422e-02  -5.703354e-02  -1.200159e+02
  3.2330611175199e+00  -1.566314e-02  -1.825826e-02   7.082042e+01  -7.338202e-05   9.326716e-05   3.546055e-03  -2.092989e-02  -5.731846e-02  -1.200157e+02
  3.2352589836773e+00  -1.570328e-02  -1.826823e-02   7.082477e+01  -7.317765e-05   9.270124e-05   3.512571e-03  -2.105618e-02  -5.760474e-02  -1.200155e+02
  3.2374568498347e+00  -1.574345e-02  -1.827777e-02   7.082914e+01  -7.297444e-05   9.222290e-05   3.477239e-03  -2.118311e-02  -5.789233e-02  -1.200153e+02
  3.2396547159921e+00  -1.578363e-02  -1.828686e-02   7.083353e+01  -7.277211e-05   9.188234e-05   3.440512e-03  -2.131066e-02  -5.818121e-02  -1.200151e+02
  3.2418525821495e+00  -1.582383e-02  -1.829550e-02   7.083795e+01  -7.257034e-05   9.173077e-05   3.402856e-03  -2.143886e-02  -5.847134e-02  -1.200149e+02
  3.2440504483069e+00  -1.586405e-02  -1.830371e-02   7.084240e+01  -7.236862e-05   9.181898e-05   3.364730e-03  -2.156769e-02  -5.876266e-02  -1.200147e+02
  3.2462483144643e+00  -1.590429e-02  -1.831147e-02   7.084686e+01  -7.216640e-05   9.219572e-05   3.326581e-03  -2.169716e-02  -5.905515e-02  -1.200145e+02
  3.2484461806216e+00  -1.594454e-02  -1.831881e-02   7.085136e+01  -7.196299e-05   9.290620e-05   3.288825e-03  -2.182728e-02  -5.934877e-02  -1.200143e+02
  3.2506440467790e+00  -1.598481e-02  -1.832572e-02   7.085588e+01  -7.175760e-05   9.399043e-05   3.251844e-03  -2.195805e-02  -5.964348e-02  -1.200142e+02
  3.2528419129364e+00  -1.602510e-02  -1.833224e-02   7.086042e+01  -7.154939e-05   9.548181e-05   3.215968e-03  -2.208946e-02  -5.993928e-02  -1.200140e+02
  3.2550397790938e+00  -1.606539e-02  -1.833839e-02   7.086500e+01  -7.133742e-05   9.740585e-05   3.181475e-03  -2.222152e-02  -6.023615e-02  -1.200138e+02
  3.2572376452512e+00  -1.610571e-02  -1.834419e-02   7.086959e+01  -7.112072e-05   9.977919e-05   3.148586e-03  -2.235424e-02  -6.053411e-02  -1.200136e+02
  3.2594355114086e+00  -1.614603e-02  -1.834969e-02   7.087422e+01  -7.089831e-05   1.026089e-04   3.117457e-03  -2.248762e-02  -6.083318e-02  -1.200134e+02
  3.2616333775660e+00  -1.618637e-02  -1.835493e-02   7.087888e+01  -7.066919e-05   1.058924e-04   3.088191e-03  -2.262165e-02  -6.113341e-02  -1.200132e+02
  3.2638312437234e+00  -1.622671e-02  -1.835994e-02   7.088356e+01  -7.043235e-05   1.096172e-04   3.060833e-03  -2.275634e-02  -6.143488e-02  -1.200130e+02
  3.2660291098808e+00  -1.626707e-02  -1.836477e-02   7.088828e+01  -7.018688e-05   1.137619e-04   3.035379e-03  -2.289170e-02  -6.173766e-02  -1.200128e+02
  3.2682269760382e+00  -1.630744e-02  -1.836944e-02   7.089301e+01  -6.993186e-05   1.182968e-04   3.011786e-03  -2.302773e-02  -6.204186e-02  -1.200126e+02
  3.2704248421955e+00  -1.634782e-02  -1.837400e-02   7.089779e+01  -6.966649e-05   1.231858e-04   2.989980e-03  -2.316442e-02  -6.234760e-02  -1.200124e+02
  3.2726227083529e+00  -1.638821e-02  -1.837844e-02   7.090260e+01  -6.939002e-05   1.283874e-04   2.969868e-03  -2.330179e-02  -6.265502e-02  -1.200122e+02
  3.2748205745103e+00  -1.642860e-02  -1.838279e-02   7.090743e+01  -6.910184e-05   1.338573e-04   2.951346e-03  -2.343984e-02  -6.296426e-02  -1.200120e+02
  3.2770184406677e+00  -1.646901e-02  -1.838702e-02   7.091229e+01  -6.880138e-05   1.395505e-04   2.934311e-03  -2.357857e-02  -6.327549e-02  -1.200118e+02
  3.2792163068251e+00  -1.650943e-02  -1.839110e-02   7.091719e+01  -6.848822e-05   1.454230e-04   2.918668e-03  -2.371799e-02  -6.358888e-02  -1.200116e+02
  3.2814141729825e+00  -1.654986e-02  -1.839496e-02   7.092213e+01  -6.816199e-05   1.514349e-04   2.904342e-03  -2.385809e-02  -6.390458e-02  -1.200114e+02
  3.2836120391399e+00  -1.659029e-02  -1.839853e-02   7.092709e+01  -6.782244e-05   1.575521e-04   2.891278e-03  -2.399890e-02  -6.422277e-02  -1.200111e+02
  3.2858099052973e+00  -1.663073e-02  -1.840170e-02   7.093208e+01  -6.746935e-05   1.637484e-04   2.879446e-03  -2.414040e-02  -6.454361e-02  -1.200109e+02
  3.2880077714547e+00  -1.667118e-02  -1.840431e-02   7.093710e+01  -6.710258e-05   1.700069e-04   2.868842e-03  -2.428262e-02  -6.486727e-02  -1.200106e+02
  3.2902056376120e+00  -1.671163e-02  -1.840620e-02   7.094216e+01  -6.672199e-05   1.763217e-04   2.859486e-03  -2.442554e-02  -6.519388e-02  -1.200104e+02
  3.2924035037694e+00  -1.675209e-02  -1.840718e-02   7.094726e+01  -6.632745e-05   1.826987e-04   2.851420e-03  -2.456919e-02  -6.552362e-02  -1.200101e+02
  3.2946013699268e+00  -1.679254e-02  -1.840701e-02   7.095238e+01  -6.591881e-05   1.891557e-04   2.844700e-03  -2.471357e-02  -6.585661e-02  -1.200098e+02
  3.2967992360842e+00  -1.683300e-02  -1.840546e-02   7.095754e+01  -6.549585e-05   1.957228e-04   2.839391e-03  -2.485868e-02  -6.619296e-02  -1.200095e+02
  3.2989971022416e+00  -1.687345e-02  -1.840227e-02   7.096274e+01  -6.505830e-05   2.024412e-04   2.835557e-03  -2.500454e-02  -6.653282e-02  -1.200092e+02
  3.3011949683990e+00  -1.691389e-02  -1.839715e-02   7.096796e+01  -6.460575e-05   2.093629e-04   2.833259e-03  -2.515115e-02  -6.687630e-02  -1.200089e+02
  3.3033928345564e+00  -1.695431e-02  -1.838982e-02   7.097323e+01  -6.413770e-05   2.165487e-04   2.832539e-03  -2.529851e-02  -6.722350e-02  -1.200085e+02
  3.3055907007138e+00  -1.699472e-02  -1.838000e-02   7.097853e+01  -6.365350e-05   2.240668e-04   2.833422e-03  -2.544665e-02  -6.757454e-02  -1.200082e+02
  3.3077885668712e+00  -1.703510e-02  -1.836741e-02   7.098387e+01  -6.315232e-05   2.319903e-04   2.835902e-03  -2.559556e-02  -6.792952e-02  -1.200078e+02
  3.3099864330286e+00  -1.707546e-02  -1.835177e-02   7.098925e+01  -6.263320e-05   2.403951e-04   2.839944e-03  -2.574525e-02  -6.828857e-02  -1.200075e+02
  3.3121842991859e+00  -1.711577e-02  -1.833282e-02   7.099467e+01  -6.209500e-05   2.493577e-04   2.845477e-03  -2.589574e-02  -6.865181e-02  -1.200071e+02
  3.3143821653433e+00  -1.715604e-02  -1.831033e-02   7.100013e+01  -6.153640e-05   2.589524e-04   2.852393e-03  -2.604703e-02  -6.901935e-02  -1.200067e+02
  3.3165800315007e+00  -1.719625e-02  -1.828410e-02   7.100563e+01  -6.095595e-05   2.692492e-04   2.860549e-03  -2.619914e-02  -6.939135e-02  -1.200063e+02
  3.3187778976581e+00  -1.723641e-02  -1.825393e-02   7.101118e+01  -6.035202e-05   2.803115e-04   2.869767e-03  -2.635206e-02  -6.976794e-02  -1.200059e+02
  3.3209757638155e+00  -1.727649e-02  -1.821968e-02   7.101677e+01  -5.972287e-05   2.921942e-04   2.879837e-03  -2.650582e-02  -7.014928e-02  -1.200054e+02
  3.3231736299729e+00  -1.731649e-02  -1.818124e-02   7.102241e+01  -5.906666e-05   3.049421e-04   2.890519e-03  -2.666043e-02  -7.053554e-02  -1.200050e+02
  3.3253714961303e+00  -1.735640e-02  -1.813852e-02   7.102810e+01  -5.838144e-05   3.185886e-04   2.901549e-03  -2.681588e-02  -7.092690e-02  -1.200045e+02
  3.3275693622877e+00  -1.739622e-02  -1.809147e-02   7.103384e+01  -5.766522e-05   3.331546e-04   2.912642e-03  -2.697221e-02  -7.132354e-02  -1.200040e+02
  3.3297672284451e+00  -1.743592e-02  -1.804009e-02   7.103963e+01  -5.691596e-05   3.486486e-04   2.923496e-03  -2.712941e-02  -7.172565e-02  -1.200035e+02
  3.3319650946024e+00  -1.747551e-02  -1.798436e-02   7.104547e+01  -5.613164e-05   3.650658e-04   2.933795e-03  -2.728750e-02  -7.213342e-02  -1.200030e+02
  3.3341629607598e+00  -1.751497e-02  -1.792434e-02   7.105138e+01  -5.531024e-05   3.823892e-04   2.943214e-03  -2.744650e-02  -7.254703e-02  -1.200025e+02
  3.3363608269172e+00  -1.755430e-02  -1.786006e-02   7.105733e+01  -5.444980e-05   4.005898e-04   2.951418e-03  -2.760641e-02  -7.296668e-02  -1.200019e+02
  3.3385586930746e+00  -1.759348e-02  -1.779160e-02   7.106335e+01  -5.354843e-05   4.196280e-04   2.958068e-03  -2.776724e-02  -7.339252e-02  -1.200013e+02
  3.3407565592320e+00  -1.763250e-02  -1.771902e-02   7.106942e+01  -5.260436e-05   4.394546e-04   2.962821e-03  -2.792903e-02  -7.382472e-02  -1.200007e+02
  3.3429544253894e+00  -1.767136e-02  -1.764241e-02   7.107555e+01  -5.161591e-05   4.600124e-04   2.965329e-03  -2.809177e-02  -7.426341e-02  -1.200001e+02
  3.3451522915468e+00  -1.771005e-02  -1.756184e-02   7.108175e+01  -5.058153e-05   4.812379e-04   2.965240e-03  -2.825548e-02  -7.470872e-02  -1.199994e+02
  3.3473501577042e+00  -1.774856e-02  -1.747738e-02   7.108801e+01  -4.949985e-05   5.030633e-04   2.962198e-03  -2.842017e-02  -7.516075e-02  -1.199987e+02
  3.3495480238616e+00  -1.778687e-02  -1.738908e-02   7.109432e+01  -4.836962e-05   5.254181e-04   2.955848e-03  -2.858587e-02  -7.561955e-02  -1.199980e+02
  3.3517458900190e+00  -1.782499e-02  -1.729698e-02   7.110070e+01  -4.718975e-05   5.482307e-04   2.945826e-03  -2.875258e-02  -7.608516e-02  -1.199973e+02
  3.3539437561763e+00  -1.786290e-02  -1.720112e-02   7.110715e+01  -4.595932e-05   5.714308e-04   2.931773e-03  -2.892033e-02  -7.655759e-02  -1.199965e+02
  3.3561416223337e+00  -1.790060e-02  -1.710151e-02   7.111365e+01  -4.467754e-05   5.949503e-04   2.913325e-03  -2.908912e-02  -7.703681e-02  -1.199958e+02
  3.3583394884911e+00  -1.793807e-02  -1.699812e-02   7.112021e+01  -4.334379e-05   6.187253e-04   2.890124e-03  -2.925897e-02  -7.752275e-02  -1.199949e+02
  3.3605373546485e+00  -1.797531e-02  -1.689094e-02   7.112683e+01  -4.195757e-05   6.426974e-04   2.861816e-03  -2.942989e-02  -7.801531e-02  -1.199941e+02
  3.3627352208059e+00  -1.801231e-02  -1.677991e-02   7.113351e+01  -4.051851e-05   6.668146e-04   2.828060e-03  -2.960191e-02  -7.851437e-02  -1.199932e+02
  3.3649330869633e+00  -1.804907e-02  -1.666500e-02   7.114025e+01  -3.902633e-05   6.910322e-04   2.788529e-03  -2.977503e-02  -7.901974e-02  -1.199923e+02
  3.3671309531207e+00  -1.808556e-02  -1.654613e-02   7.114705e+01  -3.748085e-05   7.153137e-04   2.742918e-03  -2.994927e-02  -7.953124e-02  -1.199914e+02
  3.3693288192781e+00  -1.812179e-02  -1.642323e-02   7.115390e+01  -3.588196e-05   7.396308e-04   2.690954e-03  -3.012463e-02  -8.004864e-02  -1.199904e+02
  3.3715266854355e+00  -1.815775e-02  -1.629622e-02   7.116081e+01  -3.422961e-05   7.639640e-04   2.632399e-03  -3.030115e-02  -8.057167e-02  -1.199894e+02
  3.3737245515928e+00  -1.819342e-02  -1.616505e-02   7.116779e+01  -3.252377e-05   7.883019e-04   2.567058e-03  -3.047881e-02  -8.110005e-02  -1.199884e+02
  3.3759224177502e+00  -1.822880e-02  -1.602964e-02   7.117480e+01  -3.076444e-05   8.126406e-04   2.494788e-03  -3.065765e-02  -8.163346e-02  -1.199874e+02
  3.3781202839076e+00  -1.826388e-02  -1.588993e-02   7.118188e+01  -2.895161e-05   8.369839e-04   2.415503e-03  -3.083766e-02  -8.217158e-02  -1.199864e+02
  3.3803181500650e+00  -1.829864e-02  -1.574588e-02   7.118901e+01  -2.708527e-05   8.613410e-04   2.329178e-03  -3.101886e-02  -8.271404e-02  -1.199853e+02
  3.3825160162224e+00  -1.833309e-02  -1.559747e-02   7.119619e+01  -2.516536e-05   8.857262e-04   2.235856e-03  -3.120125e-02  -8.326045e-02  -1.199842e+02
  3.3847138823798e+00  -1.836720e-02  -1.544466e-02   7.120342e+01  -2.319180e-05   9.101570e-04   2.135642e-03  -3.138485e-02  -8.381044e-02  -1.199830e+02
  3.3869117485372e+00  -1.840097e-02  -1.528747e-02   7.121071e+01  -2.116448e-05   9.346529e-04   2.028710e-03  -3.156966e-02  -8.436357e-02  -1.199819e+02
  3.3891096146946e+00  -1.843440e-02  -1.512591e-02   7.121804e+01  -1.908323e-05   9.592334e-04   1.915293e-03  -3.175569e-02  -8.491942e-02  -1.199807e+02
  3.3913074808520e+00  -1.846746e-02  -1.495999e-02   7.122542e+01  -1.694783e-05   9.839168e-04   1.795678e-03  -3.194295e-02  -8.547752e-02  -1.199796e+02
  3.3935053470094e+00  -1.850015e-02  -1.478976e-02   7.123284e+01  -1.475806e-05   1.008718e-03   1.670197e-03  -3.213143e-02  -8.603743e-02  -1.199784e+02
  3.3957032131667e+00  -1.853247e-02  -1.461526e-02   7.124030e+01  -1.251364e-05   1.033650e-03   1.539215e-03  -3.232115e-02  -8.659863e-02  -1.199772e+02
  3.3979010793241e+00  -1.856439e-02  -1.443653e-02   7.124781e+01  -1.021427e-05   1.058716e-03   1.403115e-03  -3.251210e-02  -8.716065e-02  -1.199760e+02
  3.4000989454815e+00  -1.859592e-02  -1.425364e-02   7.125536e+01  -7.859655e-06   1.083918e-03   1.262282e-03  -3.270428e-02  -8.772294e-02  -1.199748e+02
  3.4022968116389e+00  -1.862704e-02  -1.406663e-02   7.126293e+01  -5.449513e-06   1.109248e-03   1.117088e-03  -3.289770e-02  -8.828498e-02  -1.199737e+02
  3.4044946777963e+00  -1.865775e-02  -1.387555e-02   7.127055e+01  -2.983570e-06   1.134694e-03   9.678766e-04  -3.309236e-02  -8.884620e-02  -1.199725e+02
  3.4066925439537e+00  -1.868803e-02  -1.368047e-02   7.127819e+01  -4.615949e-07   1.160237e-03   8.149443e-04  -3.328824e-02  -8.940604e-02  -1.199713e+02
  3.4088904101111e+00  -1.871788e-02  -1.348143e-02   7.128586e+01   2.116599e-06   1.185852e-03   6.585302e-04  -3.348536e-02  -8.996389e-02  -1.199702e+02
  3.4110882762685e+00  -1.874729e-02  -1.327849e-02   7.129354e+01   4.751142e-06   1.211512e-03   4.988055e-04  -3.368370e-02  -9.051917e-02  -1.199690e+02
  3.4132861424259e+00  -1.877625e-02  -1.307168e-02   7.130125e+01   7.442095e-06   1.237185e-03   3.358661e-04  -3.388325e-02  -9.107123e-02  -1.199679e+02
  3.4154840085832e+00  -1.880474e-02  -1.286108e-02   7.130897e+01   1.018946e-05   1.262841e-03   1.697310e-04  -3.408402e-02  -9.161946e-02  -1.199669e+02
  3.4176818747406e+00  -1.883277e-02  -1.264675e-02   7.131670e+01   1.299315e-05   1.288450e-03   3.450105e-07  -3.428598e-02  -9.216322e-02  -1.199658e+02
  3.4198797408980e+00  -1.886033e-02  -1.242876e-02   7.132442e+01   1.585305e-05   1.313983e-03  -1.724141e-04  -3.448914e-02  -9.270184e-02  -1.199648e+02
  3.4220776070554e+00  -1.888740e-02  -1.220721e-02   7.133215e+01   1.876897e-05   1.339420e-03  -3.487230e-04  -3.469347e-02  -9.323467e-02  -1.199639e+02
  3.4242754732128e+00  -1.891399e-02  -1.198222e-02   7.133988e+01   2.174066e-05   1.364745e-03  -5.287957e-04  -3.489897e-02  -9.376104e-02  -1.199630e+02
  3.4264733393702e+00  -1.894007e-02  -1.175393e-02   7.134760e+01   2.476789e-05   1.389948e-03  -7.128636e-04  -3.510561e-02  -9.428031e-02  -1.199621e+02
  3.4286712055276e+00  -1.896565e-02  -1.152252e-02   7.135530e+01   2.785037e-05   1.415030e-03  -9.011514e-04  -3.531339e-02  -9.479180e-02  -1.199613e+02
  3.4308690716850e+00  -1.899072e-02  -1.128820e-02   7.136299e+01   3.098786e-05   1.439999e-03  -1.093853e-03  -3.552228e-02  -9.529486e-02  -1.199606e+02
  3.4330669378424e+00  -1.901527e-02  -1.105121e-02   7.137066e+01   3.418012e-05   1.464870e-03  -1.291106e-03  -3.573227e-02  -9.578884e-02  -1.199599e+02
  3.4352648039998e+00  -1.903929e-02  -1.081185e-02   7.137830e+01   3.742695e-05   1.489665e-03  -1.492967e-03  -3.594333e-02  -9.627309e-02  -1.199593e+02
  3.4374626701571e+00  -1.906279e-02  -1.057045e-02   7.138590e+01   4.072823e-05   1.514411e-03  -1.699391e-03  -3.615545e-02  -9.674697e-02  -1.199588e+02
  3.4396605363145e+00  -1.908576e-02  -1.032737e-02   7.139349e+01   4.408387e-05   1.539138e-03  -1.910216e-03  -3.636859e-02  -9.720985e-02  -1.199583e+02
  3.4418584024719e+00  -1.910819e-02  -1.008304e-02   7.140102e+01   4.749388e-05   1.563875e-03  -2.125148e-03  -3.658274e-02  -9.766112e-02  -1.199579e+02
  3.4440562686293e+00  -1.913008e-02  -9.837885e-03   7.140853e+01   5.095829e-05   1.588651e-03  -2.343756e-03  -3.679787e-02  -9.810016e-02  -1.199576e+02
  3.4462541347867e+00  -1.915143e-02  -9.592388e-03   7.141599e+01   5.447723e-05   1.613487e-03  -2.565476e-03  -3.701395e-02  -9.852637e-02  -1.199574e+02
  3.4484520009441e+00  -1.917224e-02  -9.347044e-03   7.142342e+01   5.805083e-05   1.638397e-03  -2.789616e-03  -3.723095e-02  -9.893917e-02  -1.199572e+02
  3.4506498671015e+00  -1.919252e-02  -9.102372e-03   7.143079e+01   6.167927e-05   1.663387e-03  -3.015374e-03  -3.744884e-02  -9.933797e-02  -1.199571e+02
  3.4528477332589e+00  -1.921226e-02  -8.858902e-03   7.143811e+01   6.536271e-05   1.688451e-03  -3.241855e-03  -3.766759e-02  -9.972220e-02  -1.199572e+02
  3.4550455994163e+00  -1.923146e-02  -8.617170e-03   7.144538e+01   6.910130e-05   1.713570e-03  -3.468103e-03  -3.788718e-02  -1.000913e-01  -1.199573e+02
  3.4572434655736e+00  -1.925014e-02  -8.377707e-03   7.145259e+01   7.289513e-05   1.738715e-03  -3.693128e-03  -3.810756e-02  -1.004447e-01  -1.199575e+02
  3.4594413317310e+00  -1.926829e-02  -8.141038e-03   7.145975e+01   7.674422e-05   1.763846e-03  -3.915935e-03  -3.832869e-02  -1.007818e-01  -1.199577e+02
  3.4616391978884e+00  -1.928593e-02  -7.907676e-03   7.146685e+01   8.064847e-05   1.788915e-03  -4.135564e-03  -3.855054e-02  -1.011022e-01  -1.199581e+02
  3.4638370640458e+00  -1.930306e-02  -7.678111e-03   7.147388e+01   8.460768e-05   1.813865e-03  -4.351109e-03  -3.877309e-02  -1.014052e-01  -1.199586e+02
  3.4660349302032e+00  -1.931969e-02  -7.452811e-03   7.148084e+01   8.862153e-05   1.838638e-03  -4.561756e-03  -3.899628e-02  -1.016903e-01  -1.199592e+02
  3.4682327963606e+00  -1.933582e-02  -7.232217e-03   7.148774e+01   9.268958e-05   1.863175e-03  -4.766796e-03  -3.922007e-02  -1.019571e-01  -1.199598e+02
  3.4704306625180e+00  -1.935148e-02  -7.016738e-03   7.149456e+01   9.681124e-05   1.887421e-03  -4.965643e-03  -3.944443e-02  -1.022049e-01  -1.199606e+02
  3.4726285286754e+00  -1.936667e-02  -6.806753e-03   7.150130e+01   1.009858e-04   1.911327e-03  -5.157840e-03  -3.966931e-02  -1.024334e-01  -1.199615e+02
  3.4748263948328e+00  -1.938141e-02  -6.602604e-03   7.150797e+01   1.052125e-04   1.934853e-03  -5.343061e-03  -3.989468e-02  -1.026420e-01  -1.199625e+02
  3.4770242609902e+00  -1.939570e-02  -6.404601e-03   7.151454e+01   1.094905e-04   1.957970e-03  -5.521102e-03  -4.012048e-02  -1.028303e-01  -1.199636e+02
  3.4792221271475e+00  -1.940957e-02  -6.213019e-03   7.152103e+01   1.138188e-04   1.980666e-03  -5.691865e-03  -4.034667e-02  -1.029977e-01  -1.199648e+02
  3.4814199933049e+00  -1.942302e-02  -6.028099e-03   7.152742e+01   1.181965e-04   2.002938e-03  -5.855343e-03  -4.057321e-02  -1.031439e-01  -1.199661e+02
  3.4836178594623e+00  -1.943607e-02  -5.850050e-03   7.153371e+01   1.226227e-04   2.024803e-03  -6.011589e-03  -4.080004e-02  -1.032685e-01  -1.199675e+02
  3.4858157256197e+00  -1.944874e-02  -5.679050e-03   7.153990e+01   1.270965e-04   2.046289e-03  -6.160698e-03  -4.102712e-02  -1.033710e-01  -1.199691e+02
  3.4880135917771e+00  -1.946105e-02  -5.515253e-03   7.154599e+01   1.316172e-04   2.067438e-03  -6.302774e-03  -4.125440e-02  -1.034511e-01  -1.199707e+02
  3.4902114579345e+00  -1.947300e-02  -5.358783e-03   7.155197e+01   1.361841e-04   2.088304e-03  -6.437907e-03  -4.148184e-02  -1.035085e-01  -1.199725e+02
  3.4924093240919e+00  -1.948461e-02  -5.209750e-03   7.155784e+01   1.407966e-04   2.108949e-03  -6.566150e-03  -4.170938e-02  -1.035429e-01  -1.199744e+02
  3.4946071902493e+00  -1.949590e-02  -5.068243e-03   7.156359e+01   1.454543e-04   2.129445e-03  -6.687499e-03  -4.193696e-02  -1.035541e-01  -1.199765e+02
  3.4968050564067e+00  -1.950690e-02  -4.934345e-03   7.156923e+01   1.501570e-04   2.149864e-03  -6.801885e-03  -4.216455e-02  -1.035418e-01  -1.199786e+02
  3.4990029225640e+00  -1.951760e-02  -4.808132e-03   7.157475e+01   1.549046e-04   2.170284e-03  -6.909159e-03  -4.239208e-02  -1.035058e-01  -1.199809e+02
  3.5012007887214e+00  -1.952804e-02  -4.689677e-03   7.158015e+01   1.596971e-04   2.190778e-03  -7.009100e-03  -4.261950e-02  -1.034460e-01  -1.199833e+02
  3.5033986548788e+00  -1.953823e-02  -4.579059e-03   7.158542e+01   1.645348e-04   2.211417e-03  -7.101411e-03  -4.284677e-02  -1.033623e-01  -1.199859e+02
  3.5055965210362e+00  -1.954818e-02  -4.476367e-03   7.159058e+01   1.694181e-04   2.232264e-03  -7.185738e-03  -4.307383e-02  -1.032546e-01  -1.199886e+02
  3.5077943871936e+00  -1.955791e-02  -4.381695e-03   7.159560e+01   1.743475e-04   2.253373e-03  -7.261679e-03  -4.330062e-02  -1.031230e-01  -1.199914e+02
  3.5099922533510e+00  -1.956745e-02  -4.295155e-03   7.160050e+01   1.793236e-04   2.274785e-03  -7.328807e-03  -4.352710e-02  -1.029674e-01  -1.199943e+02
  3.5121901195084e+00  -1.957680e-02  -4.216867e-03   7.160528e+01   1.843472e-04   2.296528e-03  -7.386695e-03  -4.375321e-02  -1.027879e-01  -1.199974e+02
  3.5143879856658e+00  -1.958599e-02  -4.146962e-03   7.160993e+01   1.894189e-04   2.318613e-03  -7.434933e-03  -4.397890e-02  -1.025846e-01  -1.200006e+02
  3.5165858518232e+00  -1.959504e-02  -4.085578e-03   7.161446e+01   1.945396e-04   2.341036e-03  -7.473159e-03  -4.420412e-02  -1.023576e-01  -1.200039e+02
  3.5187837179806e+00  -1.960396e-02  -4.032854e-03   7.161886e+01   1.997099e-04   2.363773e-03  -7.501080e-03  -4.442881e-02  -1.021070e-01  -1.200074e+02
  3.5209815841379e+00  -1.961278e-02  -3.988927e-03   7.162314e+01   2.049304e-04   2.386785e-03  -7.518492e-03  -4.465293e-02  -1.018331e-01  -1.200109e+02
  3.5231794502953e+00  -1.962151e-02  -3.953923e-03   7.162729e+01   2.102018e-04   2.410017e-03  -7.525302e-03  -4.487642e-02  -1.015361e-01  -1.200147e+02
  3.5253773164527e+00  -1.963017e-02  -3.927953e-03   7.163132e+01   2.155244e-04   2.433399e-03  -7.521540e-03  -4.509923e-02  -1.012163e-01  -1.200185e+02
  3.5275751826101e+00  -1.963878e-02  -3.911101e-03   7.163522e+01   2.208984e-04   2.456852e-03  -7.507370e-03  -4.532131e-02  -1.008739e-01  -1.200225e+02
  3.5297730487675e+00  -1.964737e-02  -3.903429e-03   7.163900e+01   2.263240e-04   2.480288e-03  -7.483094e-03  -4.554262e-02  -1.005093e-01  -1.200266e+02
  3.5319709149249e+00  -1.965595e-02  -3.904962e-03   7.164265e+01   2.318010e-04   2.503616e-03  -7.449151e-03  -4.576310e-02  -1.001228e-01  -1.200308e+02
  3.5341687810823e+00  -1.966454e-02  -3.915694e-03   7.164619e+01   2.373290e-04   2.526743e-03  -7.406111e-03  -4.598271e-02  -9.971478e-02  -1.200351e+02
  3.5363666472397e+00  -1.967317e-02  -3.935580e-03   7.164960e+01   2.429076e-04   2.549585e-03  -7.354659e-03  -4.620140e-02  -9.928574e-02  -1.200396e+02
  3.5385645133971e+00  -1.968185e-02  -3.964543e-03   7.165289e+01   2.485359e-04   2.572065e-03  -7.295577e-03  -4.641912e-02  -9.883611e-02  -1.200442e+02
  3.5407623795544e+00  -1.969061e-02  -4.002473e-03   7.165605e+01   2.542132e-04   2.594121e-03  -7.229722e-03  -4.663583e-02  -9.836639e-02  -1.200489e+02
  3.5429602457118e+00  -1.969946e-02  -4.049232e-03   7.165910e+01   2.599384e-04   2.615705e-03  -7.157992e-03  -4.685149e-02  -9.787712e-02  -1.200537e+02
  3.5451581118692e+00  -1.970842e-02  -4.104655e-03   7.166203e+01   2.657106e-04   2.636791e-03  -7.081296e-03  -4.706605e-02  -9.736887e-02  -1.200586e+02
  3.5473559780266e+00  -1.971751e-02  -4.168564e-03   7.166483e+01   2.715285e-04   2.657374e-03  -7.000519e-03  -4.727948e-02  -9.684225e-02  -1.200637e+02
  3.5495538441840e+00  -1.972675e-02  -4.240763e-03   7.166753e+01   2.773912e-04   2.677472e-03  -6.916482e-03  -4.749173e-02  -9.629790e-02  -1.200688e+02
  3.5517517103414e+00  -1.973616e-02  -4.321055e-03   7.167011e+01   2.832975e-04   2.697123e-03  -6.829909e-03  -4.770276e-02  -9.573652e-02  -1.200741e+02
  3.5539495764988e+00  -1.974575e-02  -4.409237e-03   7.167258e+01   2.892466e-04   2.716390e-03  -6.741393e-03  -4.791254e-02  -9.515876e-02  -1.200794e+02
  3.5561474426562e+00  -1.975555e-02  -4.505115e-03   7.167496e+01   2.952377e-04   2.735352e-03  -6.651371e-03  -4.812104e-02  -9.456537e-02  -1.200848e+02
  3.5583453088136e+00  -1.976556e-02  -4.608501e-03   7.167723e+01   3.012703e-04   2.754106e-03  -6.560096e-03  -4.832821e-02  -9.395704e-02  -1.200904e+02
  3.5605431749710e+00  -1.977581e-02  -4.719222e-03   7.167941e+01   3.073439e-04   2.772762e-03  -6.467626e-03  -4.853403e-02  -9.333451e-02  -1.200960e+02
  3.5627410411283e+00  -1.978632e-02  -4.837121e-03   7.168149e+01   3.134586e-04   2.791435e-03  -6.373824e-03  -4.873847e-02  -9.269848e-02  -1.201017e+02
  3.5649389072857e+00  -1.979708e-02  -4.962059e-03   7.168348e+01   3.196145e-04   2.810247e-03  -6.278358e-03  -4.894149e-02  -9.204965e-02  -1.201075e+02
  3.5671367734431e+00  -1.980813e-02  -5.093917e-03   7.168539e+01   3.258120e-04   2.829317e-03  -6.180725e-03  -4.914308e-02  -9.138870e-02  -1.201134e+02
  3.5693346396005e+00  -1.981948e-02  -5.232598e-03   7.168723e+01   3.320518e-04   2.848755e-03  -6.080275e-03  -4.934320e-02  -9.071627e-02  -1.201194e+02
  3.5715325057579e+00  -1.983114e-02  -5.378025e-03   7.168900e+01   3.383349e-04   2.868660e-03  -5.976256e-03  -4.954183e-02  -9.003296e-02  -1.201254e+02
  3.5737303719153e+00  -1.984313e-02  -5.530140e-03   7.169070e+01   3.446623e-04   2.889111e-03  -5.867859e-03  -4.973895e-02  -8.933938e-02  -1.201315e+02
  3.5759282380727e+00  -1.985546e-02  -5.688903e-03   7.169234e+01   3.510353e-04   2.910168e-03  -5.754282e-03  -4.993454e-02  -8.863603e-02  -1.201377e+02
  3.5781261042301e+00  -1.986814e-02  -5.854290e-03   7.169392e+01   3.574553e-04   2.931862e-03  -5.634784e-03  -5.012856e-02  -8.792344e-02  -1.201439e+02
  3.5803239703875e+00  -1.988120e-02  -6.026286e-03   7.169544e+01   3.639237e-04   2.954197e-03  -5.508756e-03  -5.032102e-02  -8.720209e-02  -1.201502e+02
  3.5825218365448e+00  -1.989464e-02  -6.204884e-03   7.169691e+01   3.704418e-04   2.977144e-03  -5.375781e-03  -5.051187e-02  -8.647246e-02  -1.201566e+02
  3.5847197027022e+00  -1.990848e-02  -6.390083e-03   7.169835e+01   3.770110e-04   3.000645e-03  -5.235693e-03  -5.070112e-02  -8.573499e-02  -1.201630e+02
  3.5869175688596e+00  -1.992274e-02  -6.581875e-03   7.169973e+01   3.836324e-04   3.024609e-03  -5.088629e-03  -5.088874e-02  -8.499013e-02  -1.201695e+02
  3.5891154350170e+00  -1.993742e-02  -6.780252e-03   7.170107e+01   3.903068e-04   3.048916e-03  -4.935064e-03  -5.107471e-02  -8.423837e-02  -1.201760e+02
  3.5913133011744e+00  -1.995254e-02  -6.985196e-03   7.170237e+01   3.970348e-04   3.073420e-03  -4.775835e-03  -5.125902e-02  -8.348019e-02  -1.201826e+02
  3.5935111673318e+00  -1.996813e-02  -7.196679e-03   7.170363e+01   4.038168e-04   3.097953e-03  -4.612149e-03  -5.144166e-02  -8.271611e-02  -1.201892e+02
  3.5957090334892e+00  -1.998419e-02  -7.414659e-03   7.170486e+01   4.106524e-04   3.122327e-03  -4.445564e-03  -5.162261e-02  -8.194670e-02  -1.201959e+02
  3.5979068996466e+00  -2.000073e-02  -7.639081e-03   7.170604e+01   4.175413e-04   3.146344e-03  -4.277952e-03  -5.180187e-02  -8.117256e-02  -1.202026e+02
  3.6001047658040e+00  -2.001777e-02  -7.869873e-03   7.170720e+01   4.244823e-04   3.169803e-03  -4.111444e-03  -5.197942e-02  -8.039432e-02  -1.202093e+02
  3.6023026319614e+00  -2.003533e-02  -8.106945e-03   7.170833e+01   4.314741e-04   3.192502e-03  -3.948348e-03  -5.215526e-02  -7.961267e-02  -1.202161e+02
  3.6045004981187e+00  -2.005341e-02  -8.350184e-03   7.170942e+01   4.385147e-04   3.214253e-03  -3.791053e-03  -5.232937e-02  -7.882831e-02  -1.202228e+02
  3.6066983642761e+00  -2.007204e-02  -8.599453e-03   7.171049e+01   4.456018e-04   3.234884e-03  -3.641918e-03  -5.250176e-02  -7.804197e-02  -1.202296e+02
  3.6088962304335e+00  -2.009122e-02  -8.854580e-03   7.171154e+01   4.527330e-04   3.254251e-03  -3.503153e-03  -5.267242e-02  -7.725435e-02  -1.202365e+02
  3.6110940965909e+00  -2.011097e-02  -9.115358e-03   7.171257e+01   4.599051e-04   3.272243e-03  -3.376701e-03  -5.284135e-02  -7.646616e-02  -1.202433e+02
  3.6132919627483e+00  -2.013130e-02  -9.381532e-03   7.171358e+01   4.671153e-04   3.288790e-03  -3.264128e-03  -5.300855e-02  -7.567805e-02  -1.202502e+02
  3.6154898289057e+00  -2.015221e-02  -9.652795e-03   7.171458e+01   4.743601e-04   3.303867e-03  -3.166527e-03  -5.317401e-02  -7.489063e-02  -1.202570e+02
  3.6176876950631e+00  -2.017373e-02  -9.928783e-03   7.171558e+01   4.816366e-04   3.317493e-03  -3.084446e-03  -5.333775e-02  -7.410442e-02  -1.202639e+02
  3.6198855612205e+00  -2.019586e-02  -1.020907e-02   7.171656e+01   4.889414e-04   3.329740e-03  -3.017850e-03  -5.349975e-02  -7.331987e-02  -1.202708e+02
  3.6220834273779e+00  -2.021861e-02  -1.049316e-02   7.171754e+01   4.962718e-04   3.340724e-03  -2.966113e-03  -5.366004e-02  -7.253733e-02  -1.202777e+02
  3.6242812935352e+00  -2.024199e-02  -1.078052e-02   7.171852e+01   5.036251e-04   3.350605e-03  -2.928051e-03  -5.381861e-02  -7.175704e-02  -1.202846e+02
  3.6264791596926e+00  -2.026600e-02  -1.107054e-02   7.171951e+01   5.109992e-04   3.359578e-03  -2.901988e-03  -5.397547e-02  -7.097917e-02  -1.202915e+02
  3.6286770258500e+00  -2.029066e-02  -1.136260e-02   7.172050e+01   5.183922e-04   3.367866e-03  -2.885855e-03  -5.413062e-02  -7.020381e-02  -1.202984e+02
  3.6308748920074e+00  -2.031595e-02  -1.165605e-02   7.172151e+01   5.258030e-04   3.375710e-03  -2.877314e-03  -5.428407e-02  -6.943098e-02  -1.203053e+02
  3.6330727581648e+00  -2.034189e-02  -1.195026e-02   7.172253e+01   5.332307e-04   3.383351e-03  -2.873896e-03  -5.443582e-02  -6.866065e-02  -1.203122e+02
  3.6352706243222e+00  -2.036848e-02  -1.224462e-02   7.172356e+01   5.406753e-04   3.391028e-03  -2.873146e-03  -5.458589e-02  -6.789280e-02  -1.203191e+02
  3.6374684904796e+00  -2.039572e-02  -1.253855e-02   7.172461e+01   5.481371e-04   3.398953e-03  -2.872759e-03  -5.473426e-02  -6.712740e-02  -1.203259e+02
  3.6396663566370e+00  -2.042360e-02  -1.283156e-02   7.172568e+01   5.556167e-04   3.407309e-03  -2.870702e-03  -5.488096e-02  -6.636445e-02  -1.203328e+02
  3.6418642227944e+00  -2.045212e-02  -1.312325e-02   7.172677e+01   5.631153e-04   3.416231e-03  -2.865310e-03  -5.502599e-02  -6.560402e-02  -1.203397e+02
  3.6440620889518e+00  -2.048128e-02  -1.341329e-02   7.172788e+01   5.706342e-04   3.425804e-03  -2.855347e-03  -5.516934e-02  -6.484625e-02  -1.203465e+02
  3.6462599551091e+00  -2.051108e-02  -1.370146e-02   7.172902e+01   5.781749e-04   3.436052e-03  -2.840033e-03  -5.531104e-02  -6.409135e-02  -1.203534e+02
  3.6484578212665e+00  -2.054151e-02  -1.398765e-02   7.173019e+01   5.857389e-04   3.446938e-03  -2.819034e-03  -5.545108e-02  -6.333962e-02  -1.203602e+02
  3.6506556874239e+00  -2.057256e-02  -1.427181e-02   7.173138e+01   5.933274e-04   3.458366e-03  -2.792421e-03  -5.558947e-02  -6.259144e-02  -1.203670e+02
  3.6528535535813e+00  -2.060424e-02  -1.455396e-02   7.173261e+01   6.009414e-04   3.470180e-03  -2.760604e-03  -5.572622e-02  -6.184727e-02  -1.203738e+02
  3.6550514197387e+00  -2.063654e-02  -1.483419e-02   7.173388e+01   6.085816e-04   3.482179e-03  -2.724246e-03  -5.586134e-02  -6.110761e-02  -1.203806e+02
  3.6572492858961e+00  -2.066945e-02  -1.511261e-02   7.173518e+01   6.162481e-04   3.494126e-03  -2.684166e-03  -5.599483e-02  -6.037299e-02  -1.203873e+02
  3.6594471520535e+00  -2.070297e-02  -1.538933e-02   7.173653e+01   6.239405e-04   3.505763e-03  -2.641252e-03  -5.612672e-02  -5.964395e-02  -1.203940e+02
  3.6616450182109e+00  -2.073709e-02  -1.566446e-02   7.173792e+01   6.316578e-04   3.516830e-03  -2.596373e-03  -5.625702e-02  -5.892101e-02  -1.204007e+02
  3.6638428843683e+00  -2.077182e-02  -1.593808e-02   7.173934e+01   6.393986e-04   3.527078e-03  -2.550320e-03  -5.638573e-02  -5.820465e-02  -1.204074e+02
  3.6660407505256e+00  -2.080715e-02  -1.621021e-02   7.174081e+01   6.471608e-04   3.536293e-03  -2.503765e-03  -5.651288e-02  -5.749528e-02  -1.204141e+02
  3.6682386166830e+00  -2.084308e-02  -1.648084e-02   7.174233e+01   6.549419e-04   3.544305e-03  -2.457243e-03  -5.663848e-02  -5.679322e-02  -1.204207e+02
  3.6704364828404e+00  -2.087959e-02  -1.674991e-02   7.174390e+01   6.627392e-04   3.551008e-03  -2.411168e-03  -5.676254e-02  -5.609874e-02  -1.204273e+02
  3.6726343489978e+00  -2.091670e-02  -1.701729e-02   7.174551e+01   6.705497e-04   3.556362e-03  -2.365863e-03  -5.688508e-02  -5.541197e-02  -1.204339e+02
  3.6748322151552e+00  -2.095440e-02  -1.728284e-02   7.174718e+01   6.783705e-04   3.560402e-03  -2.321618e-03  -5.700612e-02  -5.473302e-02  -1.204405e+02
  3.6770300813126e+00  -2.099267e-02  -1.754637e-02   7.174889e+01   6.861989e-04   3.563236e-03  -2.278742e-03  -5.712568e-02  -5.406189e-02  -1.204470e+02
  3.6792279474700e+00  -2.103152e-02  -1.780771e-02   7.175066e+01   6.940325e-04   3.565041e-03  -2.237634e-03  -5.724377e-02  -5.339858e-02  -1.204535e+02
  3.6814258136274e+00  -2.107095e-02  -1.806668e-02   7.175248e+01   7.018691e-04   3.566047e-03  -2.198827e-03  -5.736041e-02  -5.274303e-02  -1.204600e+02
  3.6836236797848e+00  -2.111094e-02  -1.832315e-02   7.175435e+01   7.097073e-04   3.566530e-03  -2.163034e-03  -5.747563e-02  -5.209524e-02  -1.204664e+02
  3.6858215459422e+00  -2.115149e-02  -1.857701e-02   7.175627e+01   7.175464e-04   3.566785e-03  -2.131154e-03  -5.758942e-02  -5.145519e-02  -1.204728e+02
  3.6880194120995e+00  -2.119259e-02  -1.882826e-02   7.175826e+01   7.253861e-04   3.567116e-03  -2.104261e-03  -5.770182e-02  -5.082294e-02  -1.204792e+02
  3.6902172782569e+00  -2.123425e-02  -1.907692e-02   7.176030e+01   7.332269e-04   3.567805e-03  -2.083565e-03  -5.781284e-02  -5.019861e-02  -1.204855e+02
  3.6924151444143e+00  -2.127645e-02  -1.932313e-02   7.176240e+01   7.410698e-04   3.569097e-03  -2.070340e-03  -5.792249e-02  -4.958239e-02  -1.204918e+02
  3.6946130105717e+00  -2.131918e-02  -1.956705e-02   7.176456e+01   7.489165e-04   3.571177e-03  -2.065843e-03  -5.803080e-02  -4.897453e-02  -1.204981e+02
  3.6968108767291e+00  -2.136246e-02  -1.980893e-02   7.176681e+01   7.567688e-04   3.574159e-03  -2.071209e-03  -5.813778e-02  -4.837534e-02  -1.205043e+02
  3.6990087428865e+00  -2.140626e-02  -2.004901e-02   7.176911e+01   7.646286e-04   3.578073e-03  -2.087347e-03  -5.824345e-02  -4.778517e-02  -1.205104e+02
  3.7012066090439e+00  -2.145058e-02  -2.028755e-02   7.177150e+01   7.724980e-04   3.582860e-03  -2.114848e-03  -5.834784e-02  -4.720438e-02  -1.205165e+02
  3.7034044752013e+00  -2.149544e-02  -2.052481e-02   7.177397e+01   7.803788e-04   3.588376e-03  -2.153897e-03  -5.845096e-02  -4.663331e-02  -1.205225e+02
  3.7056023413587e+00  -2.154081e-02  -2.076099e-02   7.177653e+01   7.882721e-04   3.594401e-03  -2.204218e-03  -5.855284e-02  -4.607227e-02  -1.205285e+02
  3.7078002075160e+00  -2.158669e-02  -2.099621e-02   7.177917e+01   7.961790e-04   3.600650e-03  -2.265048e-03  -5.865349e-02  -4.552149e-02  -1.205344e+02
  3.7099980736734e+00  -2.163310e-02  -2.123055e-02   7.178191e+01   8.040995e-04   3.606800e-03  -2.335144e-03  -5.875295e-02  -4.498112e-02  -1.205402e+02
  3.7121959398308e+00  -2.168002e-02  -2.146398e-02   7.178474e+01   8.120330e-04   3.612507e-03  -2.412826e-03  -5.885123e-02  -4.445122e-02  -1.205460e+02
  3.7143938059882e+00  -2.172745e-02  -2.169640e-02   7.178767e+01   8.199782e-04   3.617440e-03  -2.496053e-03  -5.894835e-02  -4.393174e-02  -1.205517e+02
  3.7165916721456e+00  -2.177539e-02  -2.192764e-02   7.179070e+01   8.279331e-04   3.621300e-03  -2.582541e-03  -5.904435e-02  -4.342252e-02  -1.205573e+02
  3.7187895383030e+00  -2.182383e-02  -2.215747e-02   7.179385e+01   8.358951e-04   3.623855e-03  -2.669881e-03  -5.913924e-02  -4.292334e-02  -1.205628e+02
  3.7209874044604e+00  -2.187278e-02  -2.238564e-02   7.179708e+01   8.438610e-04   3.624954e-03  -2.755698e-03  -5.923304e-02  -4.243392e-02  -1.205683e+02
  3.7231852706178e+00  -2.192223e-02  -2.261188e-02   7.180043e+01   8.518277e-04   3.624552e-03  -2.837789e-03  -5.932578e-02  -4.195394e-02  -1.205737e+02
  3.7253831367752e+00  -2.197218e-02  -2.283597e-02   7.180389e+01   8.597920e-04   3.622717e-03  -2.914268e-03  -5.941747e-02  -4.148309e-02  -1.205790e+02
  3.7275810029326e+00  -2.202261e-02  -2.305775e-02   7.180746e+01   8.677508e-04   3.619638e-03  -2.983676e-03  -5.950813e-02  -4.102111e-02  -1.205842e+02
  3.7297788690899e+00  -2.207353e-02  -2.327713e-02   7.181113e+01   8.757019e-04   3.615615e-03  -3.045069e-03  -5.959779e-02  -4.056778e-02  -1.205894e+02
  3.7319767352473e+00  -2.212493e-02  -2.349414e-02   7.181492e+01   8.836435e-04   3.611051e-03  -3.098060e-03  -5.968647e-02  -4.012299e-02  -1.205945e+02
  3.7341746014047e+00  -2.217680e-02  -2.370892e-02   7.181882e+01   8.915750e-04   3.606422e-03  -3.142817e-03  -5.977417e-02  -3.968672e-02  -1.205995e+02
  3.7363724675621e+00  -2.222915e-02  -2.392171e-02   7.182284e+01   8.994968e-04   3.602253e-03  -3.180024e-03  -5.986093e-02  -3.925906e-02  -1.206045e+02
  3.7385703337195e+00  -2.228195e-02  -2.413285e-02   7.182697e+01   9.074106e-04   3.599076e-03  -3.210793e-03  -5.994675e-02  -3.884016e-02  -1.206094e+02
  3.7407681998769e+00  -2.233523e-02  -2.434272e-02   7.183122e+01   9.153191e-04   3.597396e-03  -3.236566e-03  -6.003167e-02  -3.843028e-02  -1.206142e+02
  3.7429660660343e+00  -2.238896e-02  -2.455171e-02   7.183559e+01   9.232259e-04   3.597648e-03  -3.258986e-03  -6.011569e-02  -3.802968e-02  -1.206190e+02
  3.7451639321917e+00  -2.244315e-02  -2.476019e-02   7.184008e+01   9.311358e-04   3.600164e-03  -3.279776e-03  -6.019885e-02  -3.763866e-02  -1.206237e+02
  3.7473617983491e+00  -2.249780e-02  -2.496841e-02   7.184468e+01   9.390540e-04   3.605144e-03  -3.300634e-03  -6.028115e-02  -3.725746e-02  -1.206283e+02
  3.7495596645064e+00  -2.255290e-02  -2.517650e-02   7.184940e+01   9.469858e-04   3.612638e-03  -3.323146e-03  -6.036263e-02  -3.688626e-02  -1.206329e+02
  3.7517575306638e+00  -2.260846e-02  -2.538441e-02   7.185423e+01   9.549368e-04   3.622537e-03  -3.348735e-03  -6.044331e-02  -3.652513e-02  -1.206375e+02
  3.7539553968212e+00  -2.266448e-02  -2.559187e-02   7.185917e+01   9.629119e-04   3.634578e-03  -3.378643e-03  -6.052320e-02  -3.617401e-02  -1.206420e+02
  3.7561532629786e+00  -2.272096e-02  -2.579844e-02   7.186421e+01   9.709154e-04   3.648357e-03  -3.413940e-03  -6.060233e-02  -3.583273e-02  -1.206465e+02
  3.7583511291360e+00  -2.277789e-02  -2.600346e-02   7.186935e+01   9.789504e-04   3.663361e-03  -3.455571e-03  -6.068072e-02  -3.550094e-02  -1.206510e+02
  3.7605489952934e+00  -2.283526e-02  -2.620612e-02   7.187458e+01   9.870192e-04   3.678995e-03  -3.504404e-03  -6.075839e-02  -3.517820e-02  -1.206554e+02
  3.7627468614508e+00  -2.289308e-02  -2.640548e-02   7.187990e+01   9.951222e-04   3.694628e-03  -3.561293e-03  -6.083537e-02  -3.486399e-02  -1.206599e+02
  3.7649447276082e+00  -2.295133e-02  -2.660057e-02   7.188530e+01   1.003259e-03   3.709638e-03  -3.627130e-03  -6.091166e-02  -3.455770e-02  -1.206643e+02
  3.7671425937656e+00  -2.301000e-02  -2.679040e-02   7.189077e+01   1.011428e-03   3.723454e-03  -3.702870e-03  -6.098728e-02  -3.425875e-02  -1.206687e+02
  3.7693404599230e+00  -2.306908e-02  -2.697408e-02   7.189632e+01   1.019625e-03   3.735599e-03  -3.789529e-03  -6.106225e-02  -3.396656e-02  -1.206732e+02
  3.7715383260803e+00  -2.312856e-02  -2.715086e-02   7.190194e+01   1.027846e-03   3.745724e-03  -3.888139e-03  -6.113659e-02  -3.368068e-02  -1.206776e+02
  3.7737361922377e+00  -2.318842e-02  -2.732019e-02   7.190763e+01   1.036087e-03   3.753633e-03  -3.999656e-03  -6.121031e-02  -3.340075e-02  -1.206820e+02
  3.7759340583951e+00  -2.324865e-02  -2.748175e-02   7.191339e+01   1.044344e-03   3.759292e-03  -4.124825e-03  -6.128342e-02  -3.312654e-02  -1.206864e+02
  3.7781319245525e+00  -2.330922e-02  -2.763549e-02   7.191923e+01   1.052610e-03   3.762831e-03  -4.264018e-03  -6.135593e-02  -3.285802e-02  -1.206908e+02
  3.7803297907099e+00  -2.337012e-02  -2.778160e-02   7.192515e+01   1.060882e-03   3.764522e-03  -4.417045e-03  -6.142786e-02  -3.259529e-02  -1.206953e+02
  3.7825276568673e+00  -2.343133e-02  -2.792047e-02   7.193115e+01   1.069156e-03   3.764751e-03  -4.582978e-03  -6.149922e-02  -3.233859e-02  -1.206996e+02
  3.7847255230247e+00  -2.349284e-02  -2.805268e-02   7.193726e+01   1.077430e-03   3.763978e-03  -4.760006e-03  -6.157002e-02  -3.208828e-02  -1.207040e+02
  3.7869233891821e+00  -2.355463e-02  -2.817894e-02   7.194346e+01   1.085701e-03   3.762694e-03  -4.945344e-03  -6.164028e-02  -3.184480e-02  -1.207084e+02
  3.7891212553395e+00  -2.361670e-02  -2.830002e-02   7.194978e+01   1.093969e-03   3.761370e-03  -5.135225e-03  -6.171001e-02  -3.160861e-02  -1.207127e+02
  3.7913191214968e+00  -2.367903e-02  -2.841671e-02   7.195622e+01   1.102235e-03   3.760422e-03  -5.324983e-03  -6.177923e-02  -3.138015e-02  -1.207170e+02
  3.7935169876542e+00  -2.374161e-02  -2.852976e-02   7.196279e+01   1.110500e-03   3.760175e-03  -5.509231e-03  -6.184795e-02  -3.115978e-02  -1.207213e+02
  3.7957148538116e+00  -2.380443e-02  -2.863988e-02   7.196951e+01   1.118765e-03   3.760843e-03  -5.682137e-03  -6.191621e-02  -3.094779e-02  -1.207255e+02
  3.7979127199690e+00  -2.386750e-02  -2.874774e-02   7.197636e+01   1.127033e-03   3.762520e-03  -5.837760e-03  -6.198400e-02  -3.074426e-02  -1.207297e+02
  3.8001105861264e+00  -2.393080e-02  -2.885390e-02   7.198337e+01   1.135305e-03   3.765188e-03  -5.970437e-03  -6.205136e-02  -3.054914e-02  -1.207338e+02
  3.8023084522838e+00  -2.399433e-02  -2.895886e-02   7.199052e+01   1.143584e-03   3.768730e-03  -6.075180e-03  -6.211830e-02  -3.036218e-02  -1.207379e+02
  3.8045063184412e+00  -2.405809e-02  -2.906305e-02   7.199783e+01   1.151872e-03   3.772959e-03  -6.148052e-03  -6.218483e-02  -3.018298e-02  -1.207420e+02
  3.8067041845986e+00  -2.412209e-02  -2.916683e-02   7.200528e+01   1.160170e-03   3.777644e-03  -6.186484e-03  -6.225098e-02  -3.001098e-02  -1.207460e+02
  3.8089020507560e+00  -2.418630e-02  -2.927047e-02   7.201287e+01   1.168478e-03   3.782544e-03  -6.189510e-03  -6.231676e-02  -2.984555e-02  -1.207500e+02
  3.8110999169134e+00  -2.425075e-02  -2.937423e-02   7.202061e+01   1.176797e-03   3.787432e-03  -6.157891e-03  -6.238218e-02  -2.968601e-02  -1.207539e+02
  3.8132977830707e+00  -2.431543e-02  -2.947824e-02   7.202848e+01   1.185126e-03   3.792117e-03  -6.094124e-03  -6.244725e-02  -2.953171e-02  -1.207578e+02
  3.8154956492281e+00  -2.438033e-02  -2.958261e-02   7.203648e+01   1.193466e-03   3.796455e-03  -6.002313e-03  -6.251200e-02  -2.938211e-02  -1.207617e+02
  3.8176935153855e+00  -2.444546e-02  -2.968735e-02   7.204460e+01   1.201814e-03   3.800351e-03  -5.887922e-03  -6.257641e-02  -2.923680e-02  -1.207655e+02
  3.8198913815429e+00  -2.451083e-02  -2.979241e-02   7.205283e+01   1.210170e-03   3.803747e-03  -5.757424e-03  -6.264052e-02  -2.909555e-02  -1.207694e+02
  3.8220892477003e+00  -2.457642e-02  -2.989760e-02   7.206117e+01   1.218534e-03   3.806610e-03  -5.617862e-03  -6.270432e-02  -2.895834e-02  -1.207732e+02
  3.8242871138577e+00  -2.464225e-02  -3.000266e-02   7.206962e+01   1.226903e-03   3.808916e-03  -5.476380e-03  -6.276782e-02  -2.882535e-02  -1.207769e+02
  3.8264849800151e+00  -2.470830e-02  -3.010715e-02   7.207816e+01   1.235276e-03   3.810627e-03  -5.339743e-03  -6.283103e-02  -2.869692e-02  -1.207807e+02
  3.8286828461725e+00  -2.477459e-02  -3.021052e-02   7.208678e+01   1.243653e-03   3.811683e-03  -5.213923e-03  -6.289396e-02  -2.857350e-02  -1.207844e+02
  3.8308807123299e+00  -2.484110e-02  -3.031208e-02   7.209550e+01   1.252030e-03   3.811995e-03  -5.103764e-03  -6.295664e-02  -2.845558e-02  -1.207882e+02
  3.8330785784872e+00  -2.490783e-02  -3.041101e-02   7.210432e+01   1.260408e-03   3.811447e-03  -5.012788e-03  -6.301906e-02  -2.834362e-02  -1.207920e+02
  3.8352764446446e+00  -2.497477e-02  -3.050644e-02   7.211320e+01   1.268783e-03   3.809913e-03  -4.943129e-03  -6.308124e-02  -2.823795e-02  -1.207957e+02
  3.8374743108020e+00  -2.504192e-02  -3.059740e-02   7.212218e+01   1.277154e-03   3.807279e-03  -4.895614e-03  -6.314319e-02  -2.813870e-02  -1.207995e+02
  3.8396721769594e+00  -2.510926e-02  -3.068293e-02   7.213122e+01   1.285518e-03   3.803466e-03  -4.869950e-03  -6.320494e-02  -2.804570e-02  -1.208034e+02
  3.8418700431168e+00  -2.517679e-02  -3.076207e-02   7.214034e+01   1.293872e-03   3.798468e-03  -4.864995e-03  -6.326648e-02  -2.795845e-02  -1.208073e+02
  3.8440679092742e+00  -2.524448e-02  -3.083389e-02   7.214953e+01   1.302214e-03   3.792369e-03  -4.879063e-03  -6.332783e-02  -2.787606e-02  -1.208112e+02
  3.8462657754316e+00  -2.531232e-02  -3.089751e-02   7.215878e+01   1.310541e-03   3.785366e-03  -4.910218e-03  -6.338902e-02  -2.779734e-02  -1.208152e+02
  3.8484636415890e+00  -2.538029e-02  -3.095212e-02   7.216811e+01   1.318853e-03   3.777770e-03  -4.956546e-03  -6.345003e-02  -2.772078e-02  -1.208193e+02
  3.8506615077464e+00  -2.544837e-02  -3.099697e-02   7.217748e+01   1.327147e-03   3.769990e-03  -5.016380e-03  -6.351087e-02  -2.764469e-02  -1.208235e+02
  3.8528593739038e+00  -2.551653e-02  -3.103143e-02   7.218692e+01   1.335425e-03   3.762502e-03  -5.088468e-03  -6.357155e-02  -2.756730e-02  -1.208277e+02
  3.8550572400611e+00  -2.558476e-02  -3.105502e-02   7.219642e+01   1.343687e-03   3.755802e-03  -5.172082e-03  -6.363205e-02  -2.748695e-02  -1.208321e+02
  3.8572551062185e+00  -2.565303e-02  -3.106743e-02   7.220597e+01   1.351936e-03   3.750350e-03  -5.267076e-03  -6.369237e-02  -2.740221e-02  -1.208365e+02
  3.8594529723759e+00  -2.572131e-02  -3.106861e-02   7.221559e+01   1.360174e-03   3.746515e-03  -5.373856e-03  -6.375249e-02  -2.731199e-02  -1.208410e+02
  3.8616508385333e+00  -2.578958e-02  -3.105874e-02   7.222527e+01   1.368406e-03   3.744536e-03  -5.493271e-03  -6.381242e-02  -2.721567e-02  -1.208455e+02
  3.8638487046907e+00  -2.585782e-02  -3.103828e-02   7.223503e+01   1.376636e-03   3.744494e-03  -5.626403e-03  -6.387212e-02  -2.711314e-02  -1.208502e+02
  3.8660465708481e+00  -2.592601e-02  -3.100799e-02   7.224488e+01   1.384868e-03   3.746311e-03  -5.774255e-03  -6.393159e-02  -2.700476e-02  -1.208549e+02
  3.8682444370055e+00  -2.599411e-02  -3.096889e-02   7.225482e+01   1.393106e-03   3.749770e-03  -5.937375e-03  -6.399082e-02  -2.689132e-02  -1.208596e+02
  3.8704423031629e+00  -2.606213e-02  -3.092223e-02   7.226487e+01   1.401353e-03   3.754554e-03  -6.115443e-03  -6.404979e-02  -2.677392e-02  -1.208644e+02
  3.8726401693203e+00  -2.613003e-02  -3.086947e-02   7.227504e+01   1.409611e-03   3.760287e-03  -6.306915e-03  -6.410850e-02  -2.665387e-02  -1.208692e+02
  3.8748380354776e+00  -2.619782e-02  -3.081225e-02   7.228534e+01   1.417882e-03   3.766581e-03  -6.508761e-03  -6.416695e-02  -2.653249e-02  -1.208741e+02
  3.8770359016350e+00  -2.626547e-02  -3.075230e-02   7.229577e+01   1.426168e-03   3.773083e-03  -6.716377e-03  -6.422513e-02  -2.641100e-02  -1.208790e+02
  3.8792337677924e+00  -2.633299e-02  -3.069143e-02   7.230634e+01   1.434468e-03   3.779501e-03  -6.923692e-03  -6.428304e-02  -2.629034e-02  -1.208838e+02
  3.8814316339498e+00  -2.640039e-02  -3.063144e-02   7.231705e+01   1.442781e-03   3.785639e-03  -7.123463e-03  -6.434070e-02  -2.617111e-02  -1.208887e+02
  3.8836295001072e+00  -2.646765e-02  -3.057407e-02   7.232790e+01   1.451108e-03   3.791414e-03  -7.307719e-03  -6.439809e-02  -2.605343e-02  -1.208936e+02
  3.8858273662646e+00  -2.653478e-02  -3.052091e-02   7.233888e+01   1.459447e-03   3.796868e-03  -7.468311e-03  -6.445522e-02  -2.593692e-02  -1.208984e+02
  3.8880252324220e+00  -2.660181e-02  -3.047336e-02   7.234998e+01   1.467798e-03   3.802168e-03  -7.597492e-03  -6.451210e-02  -2.582067e-02  -1.209033e+02
  3.8902230985794e+00  -2.666875e-02  -3.043253e-02   7.236118e+01   1.476161e-03   3.807592e-03  -7.688481e-03  -6.456872e-02  -2.570328e-02  -1.209081e+02
  3.8924209647368e+00  -2.673560e-02  -3.039918e-02   7.237246e+01   1.484536e-03   3.813486e-03  -7.735997e-03  -6.462508e-02  -2.558298e-02  -1.209129e+02
  3.8946188308942e+00  -2.680238e-02  -3.037366e-02   7.238381e+01   1.492925e-03   3.820207e-03  -7.736735e-03  -6.468117e-02  -2.545769e-02  -1.209177e+02
  3.8968166970515e+00  -2.686912e-02  -3.035593e-02   7.239521e+01   1.501329e-03   3.828037e-03  -7.689818e-03  -6.473698e-02  -2.532523e-02  -1.209225e+02
  3.8990145632089e+00  -2.693583e-02  -3.034543e-02   7.240664e+01   1.509753e-03   3.837107e-03  -7.597188e-03  -6.479248e-02  -2.518344e-02  -1.209273e+02
  3.9012124293663e+00  -2.700252e-02  -3.034120e-02   7.241808e+01   1.518198e-03   3.847312e-03  -7.463938e-03  -6.484766e-02  -2.503033e-02  -1.209322e+02
  3.9034102955237e+00  -2.706920e-02  -3.034184e-02   7.242950e+01   1.526666e-03   3.858277e-03  -7.298498e-03  -6.490249e-02  -2.486421e-02  -1.209370e+02
  3.9056081616811e+00  -2.713590e-02  -3.034562e-02   7.244090e+01   1.535158e-03   3.869355e-03  -7.112592e-03  -6.495694e-02  -2.468376e-02  -1.209418e+02
  3.9078060278385e+00  -2.720260e-02  -3.035053e-02   7.245226e+01   1.543673e-03   3.879672e-03  -6.920875e-03  -6.501098e-02  -2.448811e-02  -1.209467e+02
  3.9100038939959e+00  -2.726931e-02  -3.035439e-02   7.246358e+01   1.552210e-03   3.888221e-03  -6.740177e-03  -6.506457e-02  -2.427682e-02  -1.209516e+02
  3.9122017601533e+00  -2.733602e-02  -3.035496e-02   7.247486e+01   1.560762e-03   3.893972e-03  -6.588373e-03  -6.511768e-02  -2.404994e-02  -1.209565e+02
  3.9143996263107e+00  -2.740273e-02  -3.035003e-02   7.248608e+01   1.569322e-03   3.895988e-03  -6.482972e-03  -6.517027e-02  -2.380796e-02  -1.209615e+02
  3.9165974924680e+00  -2.746943e-02  -3.033752e-02   7.249727e+01   1.577883e-03   3.893524e-03  -6.439588e-03  -6.522232e-02  -2.355185e-02  -1.209666e+02
  3.9187953586254e+00  -2.753608e-02  -3.031554e-02   7.250842e+01   1.586432e-03   3.886096e-03  -6.470524e-03  -6.527378e-02  -2.328294e-02  -1.209717e+02
  3.9209932247828e+00  -2.760267e-02  -3.028252e-02   7.251954e+01   1.594959e-03   3.873511e-03  -6.583667e-03  -6.532465e-02  -2.300290e-02  -1.209768e+02
  3.9231910909402e+00  -2.766918e-02  -3.023720e-02   7.253065e+01   1.603453e-03   3.855865e-03  -6.781820e-03  -6.537489e-02  -2.271358e-02  -1.209820e+02
  3.9253889570976e+00  -2.773557e-02  -3.017875e-02   7.254177e+01   1.611903e-03   3.833527e-03  -7.062517e-03  -6.542449e-02  -2.241685e-02  -1.209873e+02
  3.9275868232550e+00  -2.780182e-02  -3.010680e-02   7.255293e+01   1.620300e-03   3.807101e-03  -7.418259e-03  -6.547342e-02  -2.211434e-02  -1.209927e+02
  3.9297846894124e+00  -2.786790e-02  -3.002142e-02   7.256413e+01   1.628635e-03   3.777388e-03  -7.837037e-03  -6.552169e-02  -2.180726e-02  -1.209981e+02
  3.9319825555698e+00  -2.793378e-02  -2.992314e-02   7.257539e+01   1.636902e-03   3.745353e-03  -8.303046e-03  -6.556927e-02  -2.149617e-02  -1.210036e+02
  3.9341804217272e+00  -2.799942e-02  -2.981286e-02   7.258672e+01   1.645097e-03   3.712092e-03  -8.797510e-03  -6.561618e-02  -2.118081e-02  -1.210093e+02
  3.9363782878846e+00  -2.806481e-02  -2.969182e-02   7.259816e+01   1.653219e-03   3.678799e-03  -9.299628e-03  -6.566238e-02  -2.086009e-02  -1.210150e+02
  3.9385761540419e+00  -2.812993e-02  -2.956149e-02   7.260970e+01   1.661269e-03   3.646738e-03  -9.787700e-03  -6.570786e-02  -2.053211e-02  -1.210207e+02
  3.9407740201993e+00  -2.819475e-02  -2.942350e-02   7.262134e+01   1.669252e-03   3.617221e-03  -1.024046e-02  -6.575262e-02  -2.019432e-02  -1.210266e+02
  3.9429718863567e+00  -2.825926e-02  -2.927966e-02   7.263309e+01   1.677174e-03   3.591574e-03  -1.063858e-02  -6.579661e-02  -1.984377e-02  -1.210326e+02
  3.9451697525141e+00  -2.832345e-02  -2.913190e-02   7.264497e+01   1.685045e-03   3.571099e-03  -1.096628e-02  -6.583983e-02  -1.947735e-02  -1.210386e+02
  3.9473676186715e+00  -2.838732e-02  -2.898235e-02   7.265696e+01   1.692879e-03   3.557021e-03  -1.121271e-02  -6.588221e-02  -1.909217e-02  -1.210446e+02
  3.9495654848289e+00  -2.845085e-02  -2.883336e-02   7.266907e+01   1.700689e-03   3.550402e-03  -1.137293e-02  -6.592373e-02  -1.868579e-02  -1.210507e+02
  3.9517633509863e+00  -2.851406e-02  -2.868749e-02   7.268129e+01   1.708494e-03   3.552029e-03  -1.144820e-02  -6.596433e-02  -1.825653e-02  -1.210568e+02
  3.9539612171437e+00  -2.857696e-02  -2.854749e-02   7.269362e+01   1.716312e-03   3.562278e-03  -1.144558e-02  -6.600396e-02  -1.780359e-02  -1.210629e+02
  3.9561590833011e+00  -2.863956e-02  -2.841624e-02   7.270605e+01   1.724162e-03   3.580969e-03  -1.137685e-02  -6.604256e-02  -1.732718e-02  -1.210690e+02
  3.9583569494584e+00  -2.870188e-02  -2.829655e-02   7.271857e+01   1.732062e-03   3.607248e-03  -1.125691e-02  -6.608010e-02  -1.682853e-02  -1.210750e+02
  3.9605548156158e+00  -2.876396e-02  -2.819099e-02   7.273118e+01   1.740025e-03   3.639517e-03  -1.110219e-02  -6.611652e-02  -1.630970e-02  -1.210810e+02
  3.9627526817732e+00  -2.882582e-02  -2.810167e-02   7.274384e+01   1.748064e-03   3.675438e-03  -1.092905e-02  -6.615178e-02  -1.577342e-02  -1.210869e+02
  3.9649505479306e+00  -2.888751e-02  -2.802996e-02   7.275655e+01   1.756182e-03   3.712024e-03  -1.075270e-02  -6.618584e-02  -1.522269e-02  -1.210928e+02
  3.9671484140880e+00  -2.894905e-02  -2.797634e-02   7.276928e+01   1.764378e-03   3.745823e-03  -1.058651e-02  -6.621868e-02  -1.466048e-02  -1.210987e+02
  3.9693462802454e+00  -2.901050e-02  -2.794016e-02   7.278203e+01   1.772641e-03   3.773164e-03  -1.044180e-02  -6.625027e-02  -1.408929e-02  -1.211045e+02
  3.9715441464028e+00  -2.907189e-02  -2.791962e-02   7.279477e+01   1.780953e-03   3.790478e-03  -1.032801e-02  -6.628060e-02  -1.351082e-02  -1.211104e+02
  3.9737420125602e+00  -2.913324e-02  -2.791170e-02   7.280748e+01   1.789288e-03   3.794655e-03  -1.025296e-02  -6.630965e-02  -1.292570e-02  -1.211162e+02
  3.9759398787176e+00  -2.919459e-02  -2.791237e-02   7.282015e+01   1.797616e-03   3.783454e-03  -1.022330e-02  -6.633741e-02  -1.233334e-02  -1.211221e+02
  3.9781377448750e+00  -2.925594e-02  -2.791674e-02   7.283277e+01   1.805901e-03   3.755919e-03  -1.024477e-02  -6.636386e-02  -1.173190e-02  -1.211280e+02
  3.9803356110323e+00  -2.931730e-02  -2.791941e-02   7.284531e+01   1.814109e-03   3.712769e-03  -1.032243e-02  -6.638897e-02  -1.111836e-02  -1.211340e+02
  3.9825334771897e+00  -2.937866e-02  -2.791485e-02   7.285777e+01   1.822208e-03   3.656680e-03  -1.046063e-02  -6.641272e-02  -1.048875e-02  -1.211400e+02
  3.9847313433471e+00  -2.944000e-02  -2.789776e-02   7.287013e+01   1.830174e-03   3.592365e-03  -1.066279e-02  -6.643505e-02  -9.838436e-03  -1.211460e+02
  3.9869292095045e+00  -2.950127e-02  -2.786346e-02   7.288241e+01   1.837997e-03   3.526344e-03  -1.093107e-02  -6.645594e-02  -9.162551e-03  -1.211521e+02
  3.9891270756619e+00  -2.956245e-02  -2.780814e-02   7.289462e+01   1.845681e-03   3.466345e-03  -1.126600e-02  -6.647530e-02  -8.456494e-03  -1.211583e+02
  3.9913249418193e+00  -2.962348e-02  -2.772911e-02   7.290677e+01   1.853249e-03   3.420352e-03  -1.166629e-02  -6.649307e-02  -7.716484e-03  -1.211645e+02
  3.9935228079767e+00  -2.968431e-02  -2.762493e-02   7.291889e+01   1.860739e-03   3.395423e-03  -1.212888e-02  -6.650918e-02  -6.940120e-03  -1.211707e+02
  3.9957206741341e+00  -2.974489e-02  -2.749543e-02   7.293102e+01   1.868203e-03   3.396488e-03  -1.264945e-02  -6.652354e-02  -6.126860e-03  -1.211769e+02
  3.9979185402915e+00  -2.980515e-02  -2.734178e-02   7.294318e+01   1.875700e-03   3.425394e-03  -1.322310e-02  -6.653607e-02  -5.278337e-03  -1.211832e+02
  4.0001164064488e+00  -2.986505e-02  -2.716641e-02   7.295543e+01   1.883289e-03   3.480443e-03  -1.384508e-02  -6.654670e-02  -4.398429e-03  -1.211893e+02
  4.0023142726062e+00  -2.992454e-02  -2.697287e-02   7.296778e+01   1.891022e-03   3.556553e-03  -1.451101e-02  -6.655537e-02  -3.493028e-03  -1.211955e+02
  4.0045121387636e+00  -2.998360e-02  -2.676566e-02   7.298029e+01   1.898937e-03   3.646047e-03  -1.521631e-02  -6.656203e-02  -2.569528e-03  -1.212017e+02
  4.0067100049210e+00  -3.004219e-02  -2.654990e-02   7.299298e+01   1.907054e-03   3.739910e-03  -1.595463e-02  -6.656665e-02  -1.636062e-03  -1.212079e+02
  4.0089078710784e+00  -3.010030e-02  -2.633096e-02   7.300588e+01   1.915372e-03   3.829228e-03  -1.671558e-02  -6.656922e-02  -7.006156e-04  -1.212142e+02
  4.0111057372358e+00  -3.015793e-02  -2.611396e-02   7.301901e+01   1.923873e-03   3.906519e-03  -1.748241e-02  -6.656974e-02   2.298802e-04  -1.212206e+02
  4.0133036033932e+00  -3.021510e-02  -2.590347e-02   7.303238e+01   1.932525e-03   3.966692e-03  -1.823063e-02  -6.656822e-02   1.150342e-03  -1.212271e+02
  4.0155014695506e+00  -3.027181e-02  -2.570308e-02   7.304600e+01   1.941288e-03   4.007506e-03  -1.892837e-02  -6.656469e-02   2.058121e-03  -1.212338e+02
  4.0176993357080e+00  -3.032810e-02  -2.551531e-02   7.305985e+01   1.950121e-03   4.029517e-03  -1.953906e-02  -6.655919e-02   2.953328e-03  -1.212407e+02
  4.0198972018654e+00  -3.038399e-02  -2.534159e-02   7.307395e+01   1.958984e-03   4.035609e-03  -2.002619e-02  -6.655172e-02   3.838867e-03  -1.212478e+02
  4.0220950680227e+00  -3.043951e-02  -2.518230e-02   7.308826e+01   1.967848e-03   4.030261e-03  -2.035920e-02  -6.654232e-02   4.720196e-03  -1.212551e+02
  4.0242929341801e+00  -3.049470e-02  -2.503694e-02   7.310278e+01   1.976693e-03   4.018677e-03  -2.051903e-02  -6.653097e-02   5.604830e-03  -1.212626e+02
  4.0264908003375e+00  -3.054958e-02  -2.490413e-02   7.311749e+01   1.985511e-03   4.005902e-03  -2.050205e-02  -6.651767e-02   6.501659e-03  -1.212703e+02
  4.0286886664949e+00  -3.060418e-02  -2.478158e-02   7.313234e+01   1.994305e-03   3.995994e-03  -2.032130e-02  -6.650237e-02   7.420110e-03  -1.212783e+02
  4.0308865326523e+00  -3.065852e-02  -2.466596e-02   7.314730e+01   2.003082e-03   3.991346e-03  -2.000490e-02  -6.648502e-02   8.369255e-03  -1.212863e+02
  4.0330843988097e+00  -3.071260e-02  -2.455263e-02   7.316235e+01   2.011856e-03   3.992257e-03  -1.959238e-02  -6.646553e-02   9.356968e-03  -1.212946e+02
  4.0352822649671e+00  -3.076644e-02  -2.443549e-02   7.317744e+01   2.020635e-03   3.996857e-03  -1.913011e-02  -6.644384e-02   1.038921e-02  -1.213030e+02
  4.0374801311245e+00  -3.082000e-02  -2.430701e-02   7.319254e+01   2.029425e-03   4.001491e-03  -1.866693e-02  -6.641982e-02   1.146956e-02  -1.213115e+02
  4.0396779972819e+00  -3.087326e-02  -2.415854e-02   7.320763e+01   2.038220e-03   4.001552e-03  -1.825075e-02  -6.639337e-02   1.259902e-02  -1.213201e+02
  4.0418758634392e+00  -3.092617e-02  -2.398106e-02   7.322268e+01   2.047005e-03   3.992650e-03  -1.792621e-02  -6.636439e-02   1.377610e-02  -1.213289e+02
  4.0440737295966e+00  -3.097864e-02  -2.376644e-02   7.323768e+01   2.055757e-03   3.971843e-03  -1.773271e-02  -6.633276e-02   1.499703e-02  -1.213377e+02
  4.0462715957540e+00  -3.103059e-02  -2.350913e-02   7.325266e+01   2.064450e-03   3.938605e-03  -1.770229e-02  -6.629842e-02   1.625615e-02  -1.213467e+02
  4.0484694619114e+00  -3.108193e-02  -2.320796e-02   7.326761e+01   2.073059e-03   3.895206e-03  -1.785683e-02  -6.626127e-02   1.754621e-02  -1.213557e+02
  4.0506673280688e+00  -3.113256e-02  -2.286772e-02   7.328257e+01   2.081566e-03   3.846333e-03  -1.820498e-02  -6.622126e-02   1.885873e-02  -1.213649e+02
  4.0528651942262e+00  -3.118242e-02  -2.249993e-02   7.329758e+01   2.089967e-03   3.798002e-03  -1.873951e-02  -6.617835e-02   2.018438e-02  -1.213741e+02
  4.0550630603836e+00  -3.123145e-02  -2.212233e-02   7.331268e+01   2.098268e-03   3.756051e-03  -1.943637e-02  -6.613253e-02   2.151357e-02  -1.213833e+02
  4.0572609265410e+00  -3.127968e-02  -2.175695e-02   7.332792e+01   2.106489e-03   3.724652e-03  -2.025620e-02  -6.608379e-02   2.283730e-02  -1.213924e+02
  4.0594587926984e+00  -3.132713e-02  -2.142690e-02   7.334333e+01   2.114654e-03   3.705290e-03  -2.114873e-02  -6.603216e-02   2.414831e-02  -1.214016e+02
  4.0616566588558e+00  -3.137393e-02  -2.115245e-02   7.335895e+01   2.122788e-03   3.696550e-03  -2.205935e-02  -6.597766e-02   2.544230e-02  -1.214106e+02
  4.0638545250131e+00  -3.142019e-02  -2.094751e-02   7.337480e+01   2.130911e-03   3.694729e-03  -2.293662e-02  -6.592034e-02   2.671903e-02  -1.214197e+02
  4.0660523911705e+00  -3.146609e-02  -2.081718e-02   7.339093e+01   2.139032e-03   3.695093e-03  -2.373917e-02  -6.586023e-02   2.798282e-02  -1.214287e+02
  4.0682502573279e+00  -3.151177e-02  -2.075712e-02   7.340736e+01   2.147151e-03   3.693320e-03  -2.444063e-02  -6.579734e-02   2.924229e-02  -1.214379e+02
  4.0704481234853e+00  -3.155739e-02  -2.075478e-02   7.342410e+01   2.155261e-03   3.686683e-03  -2.503189e-02  -6.573168e-02   3.050925e-02  -1.214471e+02
  4.0726459896427e+00  -3.160305e-02  -2.079197e-02   7.344114e+01   2.163351e-03   3.674619e-03  -2.552083e-02  -6.566321e-02   3.179693e-02  -1.214566e+02
  4.0748438558001e+00  -3.164881e-02  -2.084804e-02   7.345849e+01   2.171409e-03   3.658609e-03  -2.593013e-02  -6.559187e-02   3.311802e-02  -1.214663e+02
  4.0770417219575e+00  -3.169469e-02  -2.090271e-02   7.347608e+01   2.179432e-03   3.641525e-03  -2.629441e-02  -6.551758e-02   3.448299e-02  -1.214762e+02
  4.0792395881149e+00  -3.174067e-02  -2.093834e-02   7.349387e+01   2.187419e-03   3.626805e-03  -2.665737e-02  -6.544024e-02   3.589911e-02  -1.214864e+02
  4.0814374542723e+00  -3.178669e-02  -2.094124e-02   7.351178e+01   2.195381e-03   3.617813e-03  -2.706934e-02  -6.535972e-02   3.737029e-02  -1.214968e+02
  4.0836353204297e+00  -3.183268e-02  -2.090245e-02   7.352975e+01   2.203332e-03   3.617534e-03  -2.758482e-02  -6.527591e-02   3.889775e-02  -1.215074e+02
  4.0858331865870e+00  -3.187852e-02  -2.081819e-02   7.354772e+01   2.211295e-03   3.628575e-03  -2.825913e-02  -6.518868e-02   4.048107e-02  -1.215181e+02
  4.0880310527444e+00  -3.192414e-02  -2.069009e-02   7.356568e+01   2.219297e-03   3.653174e-03  -2.914342e-02  -6.509791e-02   4.211931e-02  -1.215289e+02
  4.0902289189018e+00  -3.196943e-02  -2.052513e-02   7.358363e+01   2.227370e-03   3.692929e-03  -3.027811e-02  -6.500347e-02   4.381185e-02  -1.215399e+02
  4.0924267850592e+00  -3.201433e-02  -2.033484e-02   7.360156e+01   2.235547e-03   3.748132e-03  -3.168575e-02  -6.490526e-02   4.555865e-02  -1.215510e+02
  4.0946246512166e+00  -3.205881e-02  -2.013374e-02   7.361952e+01   2.243861e-03   3.816879e-03  -3.336559e-02  -6.480315e-02   4.736007e-02  -1.215622e+02
  4.0968225173740e+00  -3.210284e-02  -1.993701e-02   7.363749e+01   2.252335e-03   3.894446e-03  -3.529208e-02  -6.469701e-02   4.921623e-02  -1.215736e+02
  4.0990203835314e+00  -3.214647e-02  -1.975803e-02   7.365548e+01   2.260981e-03   3.973473e-03  -3.741884e-02  -6.458674e-02   5.112625e-02  -1.215852e+02
  4.1012182496888e+00  -3.218972e-02  -1.960638e-02   7.367347e+01   2.269794e-03   4.045287e-03  -3.968766e-02  -6.447222e-02   5.308758e-02  -1.215970e+02
  4.1034161158462e+00  -3.223268e-02  -1.948686e-02   7.369147e+01   2.278747e-03   4.102199e-03  -4.203955e-02  -6.435333e-02   5.509584e-02  -1.216091e+02
  4.1056139820035e+00  -3.227542e-02  -1.939960e-02   7.370953e+01   2.287805e-03   4.140089e-03  -4.442371e-02  -6.422999e-02   5.714503e-02  -1.216216e+02
  4.1078118481609e+00  -3.231799e-02  -1.934105e-02   7.372767e+01   2.296926e-03   4.160249e-03  -4.680006e-02  -6.410210e-02   5.922848e-02  -1.216345e+02
  4.1100097143183e+00  -3.236046e-02  -1.930511e-02   7.374596e+01   2.306080e-03   4.169564e-03  -4.913336e-02  -6.396960e-02   6.134010e-02  -1.216479e+02
  4.1122075804757e+00  -3.240287e-02  -1.928402e-02   7.376442e+01   2.315255e-03   4.178686e-03  -5.138058e-02  -6.383244e-02   6.347576e-02  -1.216617e+02
  4.1144054466331e+00  -3.244523e-02  -1.926882e-02   7.378307e+01   2.324461e-03   4.198673e-03  -5.347652e-02  -6.369056e-02   6.563412e-02  -1.216759e+02
  4.1166033127905e+00  -3.248756e-02  -1.924988e-02   7.380185e+01   2.333731e-03   4.237280e-03  -5.532487e-02  -6.354390e-02   6.781693e-02  -1.216907e+02
  4.1188011789479e+00  -3.252984e-02  -1.921763e-02   7.382068e+01   2.343109e-03   4.296407e-03  -5.680078e-02  -6.339242e-02   7.002837e-02  -1.217059e+02
  4.1209990451053e+00  -3.257202e-02  -1.916407e-02   7.383945e+01   2.352635e-03   4.371833e-03  -5.776734e-02  -6.323604e-02   7.227408e-02  -1.217216e+02
  4.1231969112627e+00  -3.261405e-02  -1.908456e-02   7.385807e+01   2.362336e-03   4.455476e-03  -5.810343e-02  -6.307468e-02   7.456001e-02  -1.217377e+02
  4.1253947774201e+00  -3.265588e-02  -1.897939e-02   7.387648e+01   2.372221e-03   4.539357e-03  -5.773557e-02  -6.290824e-02   7.689198e-02  -1.217543e+02
  4.1275926435774e+00  -3.269746e-02  -1.885412e-02   7.389467e+01   2.382286e-03   4.619661e-03  -5.666436e-02  -6.273662e-02   7.927597e-02  -1.217715e+02
  4.1297905097348e+00  -3.273875e-02  -1.871855e-02   7.391267e+01   2.392526e-03   4.699165e-03  -5.497748e-02  -6.255970e-02   8.171909e-02  -1.217891e+02
  4.1319883758922e+00  -3.277974e-02  -1.858447e-02   7.393056e+01   2.402951e-03   4.786881e-03  -5.284525e-02  -6.237733e-02   8.423050e-02  -1.218071e+02
  4.1341862420496e+00  -3.282046e-02  -1.846328e-02   7.394842e+01   2.413591e-03   4.894918e-03  -5.050000e-02  -6.218936e-02   8.682177e-02  -1.218256e+02
  4.1363841082070e+00  -3.286093e-02  -1.836476e-02   7.396635e+01   2.424502e-03   5.033631e-03  -4.820531e-02  -6.199559e-02   8.950581e-02  -1.218445e+02
  4.1385819743644e+00  -3.290122e-02  -1.829749e-02   7.398444e+01   2.435755e-03   5.206887e-03  -4.622259e-02  -6.179580e-02   9.229471e-02  -1.218637e+02
  4.1407798405218e+00  -3.294140e-02  -1.827104e-02   7.400278e+01   2.447422e-03   5.409197e-03  -4.478190e-02  -6.158976e-02   9.519672e-02  -1.218831e+02
  4.1429777066792e+00  -3.298159e-02  -1.829860e-02   7.402142e+01   2.459548e-03   5.625769e-03  -4.406075e-02  -6.137721e-02   9.821352e-02  -1.219028e+02
  4.1451755728366e+00  -3.302192e-02  -1.839848e-02   7.404041e+01   2.472143e-03   5.835406e-03  -4.417126e-02  -6.115792e-02   1.013384e-01  -1.219226e+02
  4.1473734389939e+00  -3.306257e-02  -1.859325e-02   7.405972e+01   2.485167e-03   6.015210e-03  -4.515405e-02  -6.093166e-02   1.045563e-01  -1.219425e+02
  4.1495713051513e+00  -3.310378e-02  -1.890580e-02   7.407928e+01   2.498530e-03   6.145408e-03  -4.697694e-02  -6.069824e-02   1.078458e-01  -1.219623e+02
  4.1517691713087e+00  -3.314582e-02  -1.935332e-02   7.409893e+01   2.512111e-03   6.212782e-03  -4.953782e-02  -6.045754e-02   1.111825e-01  -1.219821e+02
  4.1539670374661e+00  -3.318900e-02  -1.994045e-02   7.411845e+01   2.525765e-03   6.211736e-03  -5.267330e-02  -6.020949e-02   1.145434e-01  -1.220016e+02
  4.1561649036235e+00  -3.323361e-02  -2.065369e-02   7.413761e+01   2.539342e-03   6.142991e-03  -5.617535e-02  -5.995403e-02   1.179121e-01  -1.220208e+02
  4.1583627697809e+00  -3.327989e-02  -2.145877e-02   7.415623e+01   2.552698e-03   6.010707e-03  -5.981782e-02  -5.969117e-02   1.212831e-01  -1.220397e+02
  4.1605606359383e+00  -3.332798e-02  -2.230200e-02   7.417420e+01   2.565698e-03   5.819382e-03  -6.339217e-02  -5.942089e-02   1.246640e-01  -1.220582e+02
  4.1627585020957e+00  -3.337789e-02  -2.311599e-02   7.419156e+01   2.578217e-03   5.571874e-03  -6.674756e-02  -5.914314e-02   1.280765e-01  -1.220766e+02
  4.1649563682531e+00  -3.342948e-02  -2.382907e-02   7.420847e+01   2.590131e-03   5.269494e-03  -6.982746e-02  -5.885783e-02   1.315533e-01  -1.220952e+02
  4.1671542344105e+00  -3.348245e-02  -2.437712e-02   7.422521e+01   2.601322e-03   4.914304e-03  -7.269233e-02  -5.856476e-02   1.351323e-01  -1.221142e+02
  4.1693521005678e+00  -3.353640e-02  -2.471560e-02   7.424208e+01   2.611682e-03   4.512913e-03  -7.551905e-02  -5.826367e-02   1.388492e-01  -1.221339e+02
  4.1715499667252e+00  -3.359085e-02  -2.482882e-02   7.425935e+01   2.621125e-03   4.080315e-03  -7.857185e-02  -5.795423e-02   1.427298e-01  -1.221543e+02
  4.1737478328826e+00  -3.364531e-02  -2.473382e-02   7.427720e+01   2.629611e-03   3.642046e-03  -8.214672e-02  -5.763607e-02   1.467856e-01  -1.221756e+02
  4.1759456990400e+00  -3.369939e-02  -2.447666e-02   7.429562e+01   2.637167e-03   3.233229e-03  -8.649901e-02  -5.730882e-02   1.510127e-01  -1.221974e+02
  4.1781435651974e+00  -3.375280e-02  -2.412136e-02   7.431441e+01   2.643900e-03   2.893972e-03  -9.177098e-02  -5.697209e-02   1.553956e-01  -1.222198e+02
  4.1803414313548e+00  -3.380539e-02  -2.373406e-02   7.433327e+01   2.650006e-03   2.661859e-03  -9.793882e-02  -5.662559e-02   1.599143e-01  -1.222428e+02
  4.1825392975122e+00  -3.385715e-02  -2.336723e-02   7.435176e+01   2.655748e-03   2.563484e-03  -1.047956e-01  -5.626902e-02   1.645509e-01  -1.222662e+02
  4.1847371636696e+00  -3.390816e-02  -2.304976e-02   7.436945e+01   2.661431e-03   2.607640e-03  -1.119788e-01  -5.590215e-02   1.692939e-01  -1.222905e+02
  4.1869350298270e+00  -3.395853e-02  -2.278673e-02   7.438596e+01   2.667354e-03   2.782573e-03  -1.190383e-01  -5.552474e-02   1.741365e-01  -1.223157e+02
  4.1891328959843e+00  -3.400838e-02  -2.256961e-02   7.440107e+01   2.673773e-03   3.058480e-03  -1.255296e-01  -5.513659e-02   1.790723e-01  -1.223421e+02
  4.1913307621417e+00  -3.405779e-02  -2.239261e-02   7.441467e+01   2.680865e-03   3.394704e-03  -1.311095e-01  -5.473750e-02   1.840883e-01  -1.223700e+02
  4.1935286282991e+00  -3.410687e-02  -2.226802e-02   7.442685e+01   2.688715e-03   3.749382e-03  -1.356077e-01  -5.432732e-02   1.891607e-01  -1.223993e+02
  4.1957264944565e+00  -3.415577e-02  -2.223260e-02   7.443774e+01   2.697329e-03   4.088457e-03  -1.390589e-01  -5.390598e-02   1.942566e-01  -1.224298e+02
  4.1979243606139e+00  -3.420475e-02  -2.234074e-02   7.444760e+01   2.706648e-03   4.391380e-03  -1.416856e-01  -5.347344e-02   1.993418e-01  -1.224614e+02
  4.2001222267713e+00  -3.425419e-02  -2.264536e-02   7.445666e+01   2.716586e-03   4.652369e-03  -1.438385e-01  -5.302976e-02   2.043932e-01  -1.224938e+02
  4.2023200929287e+00  -3.430454e-02  -2.317358e-02   7.446515e+01   2.727059e-03   4.877992e-03  -1.459096e-01  -5.257501e-02   2.094094e-01  -1.225268e+02
  4.2045179590861e+00  -3.435628e-02  -2.390717e-02   7.447332e+01   2.738006e-03   5.083237e-03  -1.482406e-01  -5.210926e-02   2.144169e-01  -1.225606e+02
  4.2067158252435e+00  -3.440978e-02  -2.477640e-02   7.448139e+01   2.749404e-03   5.288321e-03  -1.510471e-01  -5.163245e-02   2.194653e-01  -1.225951e+02
  4.2089136914009e+00  -3.446522e-02  -2.567068e-02   7.448959e+01   2.761278e-03   5.517098e-03  -1.543765e-01  -5.114443e-02   2.246162e-01  -1.226306e+02
  4.2111115575582e+00  -3.452251e-02  -2.646291e-02   7.449809e+01   2.773710e-03   5.795986e-03  -1.581080e-01  -5.064492e-02   2.299271e-01  -1.226670e+02
  4.2133094237156e+00  -3.458131e-02  -2.703889e-02   7.450707e+01   2.786839e-03   6.150795e-03  -1.619926e-01  -5.013351e-02   2.354396e-01  -1.227043e+02
  4.2155072898730e+00  -3.464105e-02  -2.732218e-02   7.451673e+01   2.800850e-03   6.599150e-03  -1.657223e-01  -4.960974e-02   2.411751e-01  -1.227422e+02
  4.2177051560304e+00  -3.470106e-02  -2.728754e-02   7.452731e+01   2.815947e-03   7.138418e-03  -1.690109e-01  -4.907312e-02   2.471398e-01  -1.227804e+02
  4.2199030221878e+00  -3.476067e-02  -2.696093e-02   7.453915e+01   2.832289e-03   7.732571e-03  -1.716687e-01  -4.852313e-02   2.533360e-01  -1.228183e+02
  4.2221008883452e+00  -3.481932e-02  -2.640868e-02   7.455264e+01   2.849913e-03   8.304226e-03  -1.736560e-01  -4.795926e-02   2.597716e-01  -1.228556e+02
  4.2242987545026e+00  -3.487661e-02  -2.572088e-02   7.456816e+01   2.868641e-03   8.738402e-03  -1.751094e-01  -4.738096e-02   2.664633e-01  -1.228920e+02
  4.2264966206600e+00  -3.493234e-02  -2.499384e-02   7.458596e+01   2.888026e-03   8.901141e-03  -1.763377e-01  -4.678766e-02   2.734299e-01  -1.229276e+02
  4.2286944868174e+00  -3.498653e-02  -2.431528e-02   7.460594e+01   2.907336e-03   8.670008e-03  -1.777882e-01  -4.617873e-02   2.806793e-01  -1.229624e+02
  4.2308923529747e+00  -3.503935e-02  -2.375441e-02   7.462774e+01   2.925619e-03   7.967090e-03  -1.799867e-01  -4.555357e-02   2.881955e-01  -1.229966e+02
  4.2330902191321e+00  -3.509113e-02  -2.335855e-02   7.465080e+01   2.941827e-03   6.781999e-03  -1.834517e-01  -4.491165e-02   2.959339e-01  -1.230305e+02
  4.2352880852895e+00  -3.514225e-02  -2.315645e-02   7.467474e+01   2.954967e-03   5.174913e-03  -1.885942e-01  -4.425256e-02   3.038276e-01  -1.230645e+02
  4.2374859514469e+00  -3.519315e-02  -2.316635e-02   7.469956e+01   2.964234e-03   3.257711e-03  -1.956184e-01  -4.357602e-02   3.118038e-01  -1.230988e+02
  4.2396838176043e+00  -3.524433e-02  -2.340358e-02   7.472577e+01   2.969090e-03   1.161360e-03  -2.044463e-01  -4.288192e-02   3.198039e-01  -1.231332e+02
  4.2418816837617e+00  -3.529629e-02  -2.388059e-02   7.475413e+01   2.969272e-03  -9.952093e-04  -2.146844e-01  -4.217025e-02   3.277998e-01  -1.231673e+02
  4.2440795499191e+00  -3.534956e-02  -2.459398e-02   7.478518e+01   2.964750e-03  -3.119932e-03  -2.256432e-01  -4.144100e-02   3.357999e-01  -1.232003e+02
  4.2462774160765e+00  -3.540461e-02  -2.549946e-02   7.481868e+01   2.955673e-03  -5.139968e-03  -2.364022e-01  -4.069411e-02   3.438440e-01  -1.232313e+02
  4.2484752822339e+00  -3.546174e-02  -2.648432e-02   7.485335e+01   2.942355e-03  -6.978541e-03  -2.459033e-01  -3.992944e-02   3.519908e-01  -1.232599e+02
  4.2506731483913e+00  -3.552090e-02  -2.735326e-02   7.488702e+01   2.925308e-03  -8.533634e-03  -2.530581e-01  -3.914667e-02   3.603045e-01  -1.232861e+02
  4.2528710145486e+00  -3.558156e-02  -2.784209e-02   7.491734e+01   2.905296e-03  -9.677264e-03  -2.568547e-01  -3.834539e-02   3.688445e-01  -1.233108e+02
  4.2550688807060e+00  -3.564256e-02  -2.766391e-02   7.494266e+01   2.883360e-03  -1.028415e-02  -2.564584e-01  -3.752503e-02   3.776598e-01  -1.233353e+02
  4.2572667468634e+00  -3.570217e-02  -2.657760e-02   7.496270e+01   2.860759e-03  -1.028173e-02  -2.513006e-01  -3.668495e-02   3.867855e-01  -1.233614e+02
  4.2594646130208e+00  -3.575825e-02  -2.445730e-02   7.497861e+01   2.838802e-03  -9.698197e-03  -2.411378e-01  -3.582446e-02   3.962378e-01  -1.233906e+02
  4.2616624791782e+00  -3.580858e-02  -2.133916e-02   7.499226e+01   2.818605e-03  -8.681088e-03  -2.260668e-01  -3.494285e-02   4.060065e-01  -1.234235e+02
  4.2638603453356e+00  -3.585118e-02  -1.743013e-02   7.500508e+01   2.800857e-03  -7.469049e-03  -2.064845e-01  -3.403947e-02   4.160482e-01  -1.234602e+02
  4.2660582114930e+00  -3.588471e-02  -1.307912e-02   7.501700e+01   2.785703e-03  -6.320661e-03  -1.830101e-01  -3.311380e-02   4.262883e-01  -1.234999e+02
  4.2682560776504e+00  -3.590867e-02  -8.725576e-03   7.502590e+01   2.772794e-03  -5.425542e-03  -1.564072e-01  -3.216550e-02   4.366367e-01  -1.235424e+02
  4.2704539438078e+00  -3.592359e-02  -4.847850e-03   7.502817e+01   2.761520e-03  -4.833858e-03  -1.275496e-01  -3.119442e-02   4.470195e-01  -1.235878e+02
  4.2726518099651e+00  -3.593104e-02  -1.928039e-03   7.501995e+01   2.751335e-03  -4.434486e-03  -9.744772e-02  -3.020051e-02   4.574176e-01  -1.236368e+02
  4.2748496761225e+00  -3.593363e-02  -4.357584e-04   7.499883e+01   2.742075e-03  -3.992003e-03  -6.730514e-02  -2.918365e-02   4.678973e-01  -1.236904e+02
  4.2770475422799e+00  -3.593501e-02  -8.167183e-04   7.496497e+01   2.734141e-03  -3.227615e-03  -3.853618e-02  -2.814349e-02   4.786179e-01  -1.237493e+02
  4.2792454084373e+00  -3.593971e-02  -3.464269e-03   7.492139e+01   2.728494e-03  -1.910699e-03  -1.267618e-02  -2.707926e-02   4.898083e-01  -1.238124e+02
  4.2814432745947e+00  -3.595303e-02  -8.659192e-03   7.487302e+01   2.726478e-03   7.602638e-05   8.836334e-03  -2.598964e-02   5.017170e-01  -1.238773e+02
  4.2836411407521e+00  -3.598066e-02  -1.648362e-02   7.482507e+01   2.729553e-03   2.722296e-03   2.495748e-02  -2.487282e-02   5.145529e-01  -1.239403e+02
  4.2858390069095e+00  -3.602816e-02  -2.673927e-02   7.478136e+01   2.739060e-03   5.928924e-03   3.531872e-02  -2.372665e-02   5.284389e-01  -1.239974e+02
  4.2880368730669e+00  -3.610031e-02  -3.891437e-02   7.474325e+01   2.756101e-03   9.577883e-03   4.039320e-02  -2.254877e-02   5.433945e-01  -1.240463e+02
  4.2902347392243e+00  -3.620047e-02  -5.223431e-02   7.470975e+01   2.781571e-03   1.359846e-02   4.149102e-02  -2.133693e-02   5.593510e-01  -1.240869e+02
  4.2924326053817e+00  -3.633019e-02  -6.579792e-02   7.467841e+01   2.816291e-03   1.799572e-02   4.057367e-02  -2.008905e-02   5.761878e-01  -1.241216e+02
  4.2946304715390e+00  -3.648904e-02  -7.875826e-02   7.464669e+01   2.861150e-03   2.282506e-02   3.990575e-02  -1.880334e-02   5.937716e-01  -1.241545e+02
  4.2968283376964e+00  -3.667502e-02  -9.047862e-02   7.461298e+01   2.917139e-03   2.812354e-02   4.157657e-02  -1.747829e-02   6.119846e-01  -1.241898e+02
  4.2990262038538e+00  -3.688501e-02  -1.006009e-01   7.457704e+01   2.985224e-03   3.383232e-02   4.695208e-02  -1.611263e-02   6.307356e-01  -1.242304e+02
  4.3012240700112e+00  -3.711535e-02  -1.090068e-01   7.453962e+01   3.066090e-03   3.975348e-02   5.617804e-02  -1.470523e-02   6.499603e-01  -1.242767e+02
  4.3034219361686e+00  -3.736230e-02  -1.157036e-01   7.450184e+01   3.159855e-03   4.557021e-02   6.792630e-02  -1.325510e-02   6.696206e-01  -1.243278e+02
  4.3056198023260e+00  -3.762210e-02  -1.207094e-01   7.446487e+01   3.265900e-03   5.092823e-02   7.959127e-02  -1.176130e-02   6.896999e-01  -1.243817e+02
  4.3078176684834e+00  -3.789103e-02  -1.240148e-01   7.443021e+01   3.382903e-03   5.554098e-02   8.803601e-02  -1.022291e-02   7.101901e-01  -1.244372e+02
  4.3100155346408e+00  -3.816541e-02  -1.256578e-01   7.440036e+01   3.509061e-03   5.926010e-02   9.074400e-02  -8.639071e-03   7.310619e-01  -1.244943e+02
  4.3122134007982e+00  -3.844183e-02  -1.258731e-01   7.437905e+01   3.642386e-03   6.206207e-02   8.696298e-02  -7.009038e-03   7.522247e-01  -1.245542e+02
  4.3144112669555e+00  -3.871775e-02  -1.252118e-01   7.437068e+01   3.780857e-03   6.394250e-02   7.829775e-02  -5.332366e-03   7.735028e-01  -1.246186e+02
  4.3166091331129e+00  -3.899219e-02  -1.245206e-01   7.437882e+01   3.922298e-03   6.476464e-02   6.835543e-02  -3.609065e-03   7.946553e-01  -1.246886e+02
  4.3188069992703e+00  -3.926611e-02  -1.247361e-01   7.440452e+01   4.063965e-03   6.414873e-02   6.145962e-02  -1.839658e-03   8.154576e-01  -1.247645e+02
  4.3210048654277e+00  -3.954225e-02  -1.265460e-01   7.444554e+01   4.202029e-03   6.148585e-02   6.095620e-02  -2.500298e-05   8.358307e-01  -1.248453e+02
  4.3232027315851e+00  -3.982425e-02  -1.300746e-01   7.449713e+01   4.331257e-03   5.610861e-02   6.792841e-02   1.834175e-03   8.559719e-01  -1.249298e+02
  4.3254005977425e+00  -4.011530e-02  -1.347709e-01   7.455384e+01   4.445193e-03   4.757029e-02   8.101407e-02   3.737970e-03   8.764316e-01  -1.250173e+02
  4.3275984638999e+00  -4.041678e-02  -1.395645e-01   7.461164e+01   4.536937e-03   3.591455e-02   9.751891e-02   5.688052e-03   8.980906e-01  -1.251078e+02
  4.3297963300573e+00  -4.072747e-02  -1.431594e-01   7.466986e+01   4.600362e-03   2.179999e-02   1.155406e-01   7.688235e-03   9.220231e-01  -1.252021e+02
  4.3319941962147e+00  -4.104355e-02  -1.444646e-01   7.473107e+01   4.631381e-03   6.426407e-03   1.358545e-01   9.744691e-03   9.492979e-01  -1.253015e+02
  4.3341920623721e+00  -4.135940e-02  -1.429493e-01   7.479841e+01   4.628868e-03  -8.713109e-03   1.622139e-01   1.186568e-02   9.807499e-01  -1.254064e+02
  4.3363899285294e+00  -4.166891e-02  -1.387008e-01   7.487257e+01   4.594919e-03  -2.217991e-02   1.996908e-01   1.406080e-02   1.016745e+00  -1.255153e+02
  4.3385877946868e+00  -4.196661e-02  -1.321904e-01   7.495033e+01   4.534369e-03  -3.291875e-02   2.518996e-01   1.633971e-02   1.057002e+00  -1.256242e+02
  4.3407856608442e+00  -4.224800e-02  -1.238724e-01   7.502514e+01   4.453730e-03  -4.046015e-02   3.188145e-01   1.871072e-02   1.100554e+00  -1.257276e+02
  4.3429835270016e+00  -4.250912e-02  -1.137382e-01   7.508996e+01   4.359870e-03  -4.495005e-02   3.965290e-01   2.117940e-02   1.145885e+00  -1.258199e+02
  4.3451813931590e+00  -4.274534e-02  -1.012150e-01   7.513933e+01   4.258806e-03  -4.701561e-02   4.786845e-01   2.374772e-02   1.191216e+00  -1.258968e+02
  4.3473792593164e+00  -4.295049e-02  -8.546332e-02   7.516909e+01   4.154908e-03  -4.752837e-02   5.585876e-01   2.641383e-02   1.234870e+00  -1.259553e+02
  4.3495771254738e+00  -4.311677e-02  -6.585078e-02   7.517513e+01   4.050632e-03  -4.736045e-02   6.307803e-01   2.917264e-02   1.275575e+00  -1.259933e+02
  4.3517749916312e+00  -4.323576e-02  -4.242269e-02   7.515187e+01   3.946713e-03  -4.720322e-02   6.907555e-01   3.201688e-02   1.312607e+00  -1.260082e+02
  4.3539728577886e+00  -4.330019e-02  -1.620451e-02   7.509165e+01   3.842678e-03  -4.746529e-02   7.332830e-01   3.493828e-02   1.345796e+00  -1.259977e+02
  4.3561707239459e+00  -4.330612e-02   1.080903e-02   7.498531e+01   3.737504e-03  -4.824100e-02   7.512083e-01   3.792876e-02   1.375458e+00  -1.259605e+02
  4.3583685901033e+00  -4.325449e-02   3.617189e-02   7.482531e+01   3.630272e-03  -4.933739e-02   7.364555e-01   4.098134e-02   1.402307e+00  -1.258984e+02
  4.3605664562607e+00  -4.315195e-02   5.713401e-02   7.460683e+01   3.520933e-03  -5.015763e-02   6.840423e-01   4.409087e-02   1.427287e+00  -1.258166e+02
  4.3627643224181e+00  -4.301228e-02   6.996358e-02   7.432015e+01   3.411436e-03  -4.948217e-02   5.975711e-01   4.725436e-02   1.451403e+00  -1.257234e+02
  4.3649621885755e+00  -4.285706e-02   7.128285e-02   7.395724e+01   3.306407e-03  -4.609076e-02   4.873386e-01   5.047129e-02   1.475920e+00  -1.256290e+02
  4.3671600547329e+00  -4.271308e-02   5.973308e-02   7.352462e+01   3.212254e-03  -3.958679e-02   3.624598e-01   5.374441e-02   1.502532e+00  -1.255430e+02
  4.3693579208903e+00  -4.260716e-02   3.664791e-02   7.304788e+01   3.134995e-03  -3.071666e-02   2.240055e-01   5.708053e-02   1.533251e+00  -1.254715e+02
  4.3715557870477e+00  -4.256062e-02   5.702587e-03   7.256489e+01   3.078088e-03  -2.106687e-02   6.490935e-02   6.049097e-02   1.570161e+00  -1.254149e+02
  4.3737536532051e+00  -4.258407e-02  -2.703824e-02   7.212111e+01   3.040839e-03  -1.282885e-02  -1.277065e-01   6.399179e-02   1.615482e+00  -1.253657e+02
  4.3759515193625e+00  -4.267333e-02  -5.419093e-02   7.176263e+01   3.017348e-03  -8.547098e-03  -3.689264e-01   6.760320e-02   1.670811e+00  -1.253089e+02
  4.3781493855198e+00  -4.280910e-02  -6.934661e-02   7.152621e+01   2.996453e-03  -1.046731e-02  -6.716185e-01   7.134731e-02   1.736232e+00  -1.252260e+02
  4.3803472516772e+00  -4.296109e-02  -6.896359e-02   7.143065e+01   2.963286e-03  -1.971369e-02  -1.039874e+00   7.524456e-02   1.810159e+00  -1.251010e+02
  4.3825451178346e+00  -4.309525e-02  -5.311861e-02   7.147701e+01   2.902407e-03  -3.568476e-02  -1.465012e+00   7.931052e-02   1.889759e+00  -1.249270e+02
  4.3847429839920e+00  -4.318108e-02  -2.499152e-02   7.165377e+01   2.801789e-03  -5.587470e-02  -1.924171e+00   8.355439e-02   1.972047e+00  -1.247091e+02
  4.3869408501494e+00  -4.319668e-02   1.079700e-02   7.194292e+01   2.656558e-03  -7.628148e-02  -2.381990e+00   8.798156e-02   2.056560e+00  -1.244631e+02
  4.3891387163068e+00  -4.313102e-02   4.895721e-02   7.232629e+01   2.471314e-03  -9.228537e-02  -2.795590e+00   9.259797e-02   2.144253e+00  -1.242096e+02
  4.3913365824642e+00  -4.298341e-02   8.535883e-02   7.279747e+01   2.260114e-03  -9.990157e-02  -3.123143e+00   9.741197e-02   2.236359e+00  -1.239644e+02
  4.3935344486216e+00  -4.275934e-02   1.185383e-01   7.337003e+01   2.043899e-03  -9.684799e-02  -3.334447e+00   1.024344e-01   2.333933e+00  -1.237317e+02
  4.3957323147790e+00  -4.245772e-02   1.559285e-01   7.350264e+01   1.846076e-03  -8.316531e-02  -3.389205e+00   1.076773e-01   2.436924e+00  -1.235014e+02
  4.3979301809363e+00  -4.205358e-02   2.118300e-01   7.350698e+01   1.687644e-03  -6.100431e-02  -3.312392e+00   1.131487e-01   2.541913e+00  -1.232527e+02
  4.4001280470937e+00  -4.150635e-02   2.861389e-01   7.354855e+01   1.584199e-03  -3.312741e-02  -3.140965e+00   1.188461e-01   2.642596e+00  -1.229640e+02
  4.4023259132511e+00  -4.077865e-02   3.760459e-01   7.364283e+01   1.544422e-03  -3.069124e-03  -2.913261e+00   1.247523e-01   2.731854e+00  -1.226250e+02
  4.4045237794085e+00  -3.984037e-02   4.777609e-01   7.379839e+01   1.568960e-03   2.539827e-02  -2.665157e+00   1.308353e-01   2.803545e+00  -1.222438e+02
  4.4067216455659e+00  -3.866004e-02   5.963092e-01   7.401225e+01   1.651044e-03   4.929639e-02  -2.417499e+00   1.370522e-01   2.853648e+00  -1.218470e+02
  4.4089195117233e+00  -3.720853e-02   7.245230e-01   7.426481e+01   1.779907e-03   6.796578e-02  -2.166020e+00   1.433545e-01   2.881285e+00  -1.214703e+02
  4.4111173778807e+00  -3.547354e-02   8.542755e-01   7.452492e+01   1.945631e-03   8.283822e-02  -1.886927e+00   1.496999e-01   2.892841e+00  -1.211492e+02
  4.4133152440381e+00  -3.345767e-02   9.801058e-01   7.476246e+01   2.142802e-03   9.658241e-02  -1.554938e+00   1.560645e-01   2.898783e+00  -1.209065e+02
  4.4155131101955e+00  -3.117312e-02   1.098777e+00   7.496017e+01   2.372415e-03   1.123592e-01  -1.160043e+00   1.624463e-01   2.908499e+00  -1.207442e+02
  4.4177109763529e+00  -2.863634e-02   1.209628e+00   7.512412e+01   2.641793e-03   1.327680e-01  -7.141802e-01   1.688604e-01   2.928167e+00  -1.206403e+02
  4.4199088425102e+00  -2.585973e-02   1.317012e+00   7.517005e+01   2.961964e-03   1.585784e-01  -2.409661e-01   1.753306e-01   2.959520e+00  -1.205508e+02
  4.4221067086676e+00  -2.281323e-02   1.455221e+00   7.442228e+01   3.342020e-03   1.872624e-01   2.516220e-01   1.818790e-01   2.999415e+00  -1.204197e+02
  4.4243045748250e+00  -1.941845e-02   1.633940e+00   7.363547e+01   3.783595e-03   2.145595e-01   7.260396e-01   1.885163e-01   3.040294e+00  -1.201974e+02
  4.4265024409824e+00  -1.559504e-02   1.845264e+00   7.285805e+01   4.277530e-03   2.349083e-01   1.184427e+00   1.952328e-01   3.071598e+00  -1.198616e+02
  4.4287003071398e+00  -1.128726e-02   2.074701e+00   7.213329e+01   4.802211e-03   2.425373e-01   1.636704e+00   2.019954e-01   3.082183e+00  -1.194308e+02
  4.4308981732972e+00  -6.476390e-03   2.303063e+00   7.148946e+01   5.325540e-03   2.336788e-01   2.089055e+00   2.087488e-01   3.063241e+00  -1.189626e+02
  4.4330960394546e+00  -1.186731e-03   2.510386e+00   7.093688e+01   5.811692e-03   2.087063e-01   2.538465e+00   2.154240e-01   3.010946e+00  -1.185351e+02
  4.4352939056120e+00   4.517776e-03   2.680563e+00   7.047108e+01   6.231156e-03   1.729947e-01   2.974092e+00   2.219507e-01   2.928166e+00  -1.182190e+02
  4.4374917717694e+00   1.054642e-02   2.805341e+00   7.007811e+01   6.570685e-03   1.359673e-01   3.382695e+00   2.282737e-01   2.825682e+00  -1.180523e+02
  4.4396896379267e+00   1.680046e-02   2.885670e+00   6.974030e+01   6.839071e-03   1.082569e-01   3.752200e+00   2.343664e-01   2.718431e+00  -1.180267e+02
  4.4418875040841e+00   2.319255e-02   2.930962e+00   6.943919e+01   7.065808e-03   9.806767e-02   4.072165e+00   2.402339e-01   2.620843e+00  -1.180909e+02
  4.4440853702415e+00   2.967208e-02   2.965244e+00   6.915805e+01   7.292042e-03   1.077998e-01   4.330184e+00   2.459092e-01   2.543546e+00  -1.181676e+02
  4.4462832363989e+00   3.625298e-02   3.023199e+00   6.888457e+01   7.555338e-03   1.317922e-01   4.502841e+00   2.514432e-01   2.492275e+00  -1.181788e+02
  4.4484811025563e+00   4.299536e-02   3.112185e+00   6.863113e+01   7.873041e-03   1.573083e-01   4.556833e+00   2.568919e-01   2.465879e+00  -1.180669e+02
  4.4506789687137e+00   4.995983e-02   3.225302e+00   6.873870e+01   8.231457e-03   1.688411e-01   4.485456e+00   2.623012e-01   2.456442e+00  -1.178073e+02
  4.4528768348711e+00   5.718781e-02   3.351960e+00   6.887698e+01   8.586741e-03   1.544577e-01   4.267565e+00   2.676956e-01   2.452324e+00  -1.174121e+02
  4.4550747010285e+00   6.469768e-02   3.481826e+00   6.906660e+01   8.877484e-03   1.101106e-01   3.935472e+00   2.730729e-01   2.440910e+00  -1.169241e+02
  4.4572725671859e+00   7.248377e-02   3.603304e+00   6.932514e+01   9.042786e-03   4.031041e-02   3.543141e+00   2.784071e-01   2.413106e+00  -1.164024e+02
  4.4594704333433e+00   8.051696e-02   3.706692e+00   6.966415e+01   9.038678e-03  -4.404875e-02   3.143454e+00   2.836589e-01   2.365882e+00  -1.159044e+02
  4.4616682995006e+00   8.875673e-02   3.791278e+00   6.956441e+01   8.848059e-03  -1.294094e-01   2.745167e+00   2.887892e-01   2.302578e+00  -1.154696e+02
  4.4638661656580e+00   9.718078e-02   3.874379e+00   6.906234e+01   8.482479e-03  -2.032579e-01   2.365671e+00   2.937728e-01   2.232295e+00  -1.151108e+02
  4.4660640318154e+00   1.057859e-01   3.956075e+00   6.856735e+01   7.975222e-03  -2.583333e-01   2.016004e+00   2.986057e-01   2.165574e+00  -1.148134e+02
  4.4682618979728e+00   1.145651e-01   4.032787e+00   6.806013e+01   7.369880e-03  -2.925115e-01   1.686091e+00   3.033043e-01   2.110062e+00  -1.145422e+02
  4.4704597641302e+00   1.235012e-01   4.098827e+00   6.751464e+01   6.710123e-03  -3.078499e-01   1.376343e+00   3.078955e-01   2.067758e+00  -1.142523e+02
  4.4726576302876e+00   1.325618e-01   4.146057e+00   6.690833e+01   6.032136e-03  -3.091007e-01   1.094889e+00   3.124063e-01   2.036971e+00  -1.139048e+02
  4.4748554964450e+00   1.417057e-01   4.174626e+00   6.623094e+01   5.360395e-03  -3.021654e-01   8.462581e-01   3.168575e-01   2.013479e+00  -1.134805e+02
  4.4770533626024e+00   1.508944e-01   4.186841e+00   6.549025e+01   4.707654e-03  -2.918118e-01   6.236926e-01   3.212585e-01   1.991311e+00  -1.129893e+02
  4.4792512287598e+00   1.600945e-01   4.184973e+00   6.471241e+01   4.078929e-03  -2.803115e-01   4.099638e-01   3.256053e-01   1.964157e+00  -1.124698e+02
  4.4814490949171e+00   1.692767e-01   4.170611e+00   6.393494e+01   3.477141e-03  -2.672994e-01   1.861252e-01   3.298813e-01   1.926925e+00  -1.119791e+02
  4.4836469610745e+00   1.784141e-01   4.144183e+00   6.326062e+01   2.907721e-03  -2.508577e-01  -6.180549e-02   3.340614e-01   1.876862e+00  -1.115733e+02
  4.4858448272319e+00   1.874764e-01   4.102263e+00   6.279239e+01   2.380525e-03  -2.288767e-01  -3.391456e-01   3.381173e-01   1.813926e+00  -1.112866e+02
  4.4880426933893e+00   1.964271e-01   4.042622e+00   6.238187e+01   1.908724e-03  -2.004497e-01  -6.355784e-01   3.420232e-01   1.740327e+00  -1.111174e+02
  4.4902405595467e+00   2.052287e-01   3.966591e+00   6.200907e+01   1.506008e-03  -1.660113e-01  -9.465995e-01   3.457590e-01   1.659144e+00  -1.110287e+02
  4.4924384257041e+00   2.138533e-01   3.881595e+00   6.164147e+01   1.184067e-03  -1.269471e-01  -1.274103e+00   3.493106e-01   1.572683e+00  -1.109605e+02
  4.4946362918615e+00   2.222900e-01   3.795582e+00   6.124692e+01   9.507536e-04  -8.536172e-02  -1.625923e+00   3.526666e-01   1.481206e+00  -1.108519e+02
  4.4968341580189e+00   2.305449e-01   3.716130e+00   6.080632e+01   8.085598e-04  -4.403092e-02  -2.008708e+00   3.558148e-01   1.383591e+00  -1.106632e+02
  4.4990320241763e+00   2.386387e-01   3.649013e+00   6.032143e+01   7.531861e-04  -6.357615e-03  -2.419075e+00   3.587399e-01   1.278156e+00  -1.103918e+02
  4.5012298903337e+00   2.466010e-01   3.596451e+00   5.981518e+01   7.725336e-04   2.396337e-02  -2.839951e+00   3.614231e-01   1.163525e+00  -1.100734e+02
  4.5034277564910e+00   2.544562e-01   3.551619e+00   5.932433e+01   8.469913e-04   4.379115e-02  -3.245027e+00   3.638438e-01   1.039253e+00  -1.097703e+02
  4.5056256226484e+00   2.622154e-01   3.509058e+00   5.888651e+01   9.523311e-04   5.206526e-02  -3.607920e+00   3.659819e-01   9.063718e-01  -1.095489e+02
  4.5078234888058e+00   2.698770e-01   3.462754e+00   5.852692e+01   1.064901e-03   5.037000e-02  -3.912803e+00   3.678219e-01   7.679169e-01  -1.094558e+02
  4.5100213549632e+00   2.774253e-01   3.406071e+00   5.824949e+01   1.167004e-03   4.254096e-02  -4.159633e+00   3.693562e-01   6.282864e-01  -1.095011e+02
  4.5122192211206e+00   2.848324e-01   3.334138e+00   5.803694e+01   1.250650e-03   3.357504e-02  -4.359290e+00   3.705874e-01   4.920895e-01  -1.096569e+02
  4.5144170872780e+00   2.920631e-01   3.245577e+00   5.785998e+01   1.318306e-03   2.799063e-02  -4.523843e+00   3.715271e-01   3.629463e-01  -1.098724e+02
  4.5166149534354e+00   2.990837e-01   3.143029e+00   5.769120e+01   1.380163e-03   2.829742e-02  -4.659238e+00   3.721927e-01   2.427325e-01  -1.100984e+02
  4.5188128195928e+00   3.058687e-01   3.031080e+00   5.765492e+01   1.449214e-03   3.453660e-02  -4.771452e+00   3.726040e-01   1.315472e-01  -1.103087e+02
  4.5210106857502e+00   3.123997e-01   2.911980e+00   5.774208e+01   1.536668e-03   4.504440e-02  -4.855279e+00   3.727793e-01   2.797812e-02  -1.105068e+02
  4.5232085519075e+00   3.186694e-01   2.793335e+00   5.783856e+01   1.648979e-03   5.715569e-02  -4.899005e+00   3.727334e-01  -6.971408e-02  -1.107175e+02
  4.5254064180649e+00   3.246869e-01   2.682379e+00   5.795910e+01   1.787302e-03   6.871425e-02  -4.902726e+00   3.724780e-01  -1.627115e-01  -1.109686e+02
  4.5276042842223e+00   3.304743e-01   2.584011e+00   5.811140e+01   1.949320e-03   7.871805e-02  -4.870492e+00   3.720228e-01  -2.515360e-01  -1.112749e+02
  4.5298021503797e+00   3.360618e-01   2.500469e+00   5.829393e+01   2.131422e-03   8.699003e-02  -4.805917e+00   3.713768e-01  -3.362399e-01  -1.116331e+02
  4.5320000165371e+00   3.414819e-01   2.431691e+00   5.849898e+01   2.329506e-03   9.326161e-02  -4.708489e+00   3.705495e-01  -4.165890e-01  -1.120271e+02
  4.5341978826945e+00   3.467652e-01   2.376010e+00   5.871733e+01   2.537975e-03   9.643895e-02  -4.574172e+00   3.695509e-01  -4.921065e-01  -1.124370e+02
  4.5363957488519e+00   3.519379e-01   2.330960e+00   5.894057e+01   2.748080e-03   9.475125e-02  -4.400183e+00   3.683925e-01  -5.620321e-01  -1.128461e+02
  4.5385936150093e+00   3.570204e-01   2.293967e+00   5.916036e+01   2.947681e-03   8.688017e-02  -4.190437e+00   3.670877e-01  -6.253384e-01  -1.132397e+02
  4.5407914811667e+00   3.620279e-01   2.262728e+00   5.936657e+01   3.123832e-03   7.341265e-02  -3.957516e+00   3.656523e-01  -6.808771e-01  -1.136023e+02
  4.5429893473241e+00   3.669712e-01   2.235535e+00   5.954730e+01   3.267919e-03   5.770318e-02  -3.718395e+00   3.641045e-01  -7.275651e-01  -1.139157e+02
  4.5451872134814e+00   3.718580e-01   2.211355e+00   5.969195e+01   3.381081e-03   4.527127e-02  -3.486247e+00   3.624648e-01  -7.644768e-01  -1.141621e+02
  4.5473850796388e+00   3.766942e-01   2.189470e+00   5.979581e+01   3.476586e-03   4.163572e-02  -3.263345e+00   3.607557e-01  -7.907528e-01  -1.143320e+02
  4.5495829457962e+00   3.814840e-01   2.169083e+00   5.986327e+01   3.576823e-03   4.957706e-02  -3.039892e+00   3.590017e-01  -8.053926e-01  -1.144302e+02
  4.5517808119536e+00   3.862295e-01   2.149237e+00   5.990699e+01   3.705258e-03   6.729521e-02  -2.799596e+00   3.572296e-01  -8.071647e-01  -1.144772e+02
  4.5539786781110e+00   3.909310e-01   2.129023e+00   5.994355e+01   3.876533e-03   8.856089e-02  -2.529131e+00   3.554690e-01  -7.948604e-01  -1.145028e+02
  4.5561765442684e+00   3.955871e-01   2.107836e+00   5.998780e+01   4.089258e-03   1.050127e-01  -2.226047e+00   3.537517e-01  -7.679142e-01  -1.145372e+02
  4.5583744104258e+00   4.001952e-01   2.085417e+00   6.004917e+01   4.325155e-03   1.096473e-01  -1.900738e+00   3.521087e-01  -7.271433e-01  -1.146027e+02
  4.5605722765832e+00   4.047524e-01   2.061534e+00   6.013148e+01   4.555413e-03   9.988137e-02  -1.571618e+00   3.505676e-01  -6.751878e-01  -1.147112e+02
  4.5627701427406e+00   4.092547e-01   2.035442e+00   6.023521e+01   4.751666e-03   7.870414e-02  -1.256554e+00   3.491484e-01  -6.162977e-01  -1.148667e+02
  4.5649680088979e+00   4.136954e-01   2.005495e+00   6.036032e+01   4.896779e-03   5.334487e-02  -9.655276e-01   3.478608e-01  -5.553959e-01  -1.150704e+02
  4.5671658750553e+00   4.180634e-01   1.969248e+00   6.050726e+01   4.990622e-03   3.204970e-02  -6.985879e-01   3.467045e-01  -4.967374e-01  -1.153232e+02
  4.5693637412127e+00   4.223419e-01   1.924117e+00   6.067536e+01   5.048323e-03   2.045705e-02  -4.498677e-01   3.456721e-01  -4.427504e-01  -1.156235e+02
  4.5715616073701e+00   4.265097e-01   1.868442e+00   6.085938e+01   5.091968e-03   1.925888e-02  -2.149200e-01   3.447530e-01  -3.936241e-01  -1.159607e+02
  4.5737594735275e+00   4.305439e-01   1.802562e+00   6.104683e+01   5.139719e-03   2.419269e-02   3.174510e-03   3.439381e-01  -3.478763e-01  -1.163100e+02
  4.5759573396849e+00   4.344254e-01   1.729488e+00   6.121878e+01   5.197415e-03   2.830895e-02   1.931390e-01   3.432221e-01  -3.036478e-01  -1.166336e+02
  4.5781552058423e+00   4.381440e-01   1.654416e+00   6.135528e+01   5.256198e-03   2.518202e-02   3.404894e-01   3.426026e-01  -2.601015e-01  -1.168914e+02
  4.5803530719997e+00   4.417018e-01   1.583097e+00   6.144360e+01   5.296534e-03   1.152288e-02   4.354939e-01   3.420770e-01  -2.181948e-01  -1.170576e+02
  4.5825509381571e+00   4.451118e-01   1.519858e+00   6.148470e+01   5.296176e-03  -1.184876e-02   4.799897e-01   3.416389e-01  -1.804345e-01  -1.171335e+02
  4.5847488043145e+00   4.483932e-01   1.466167e+00   6.149375e+01   5.238242e-03  -4.086984e-02   4.886862e-01   3.412760e-01  -1.497820e-01  -1.171482e+02
  4.5869466704718e+00   4.515654e-01   1.420443e+00   6.149339e+01   5.116134e-03  -7.024451e-02   4.839237e-01   3.409705e-01  -1.283110e-01  -1.171452e+02
  4.5891445366292e+00   4.546421e-01   1.379251e+00   6.150302e+01   4.934000e-03  -9.549318e-02   4.869335e-01   3.407017e-01  -1.162914e-01  -1.171622e+02
  4.5913424027866e+00   4.576297e-01   1.339363e+00   6.153024e+01   4.703631e-03  -1.141365e-01   5.103366e-01   3.404507e-01  -1.120709e-01  -1.172136e+02
  4.5935402689440e+00   4.605298e-01   1.299682e+00   6.156937e+01   4.440041e-03  -1.257227e-01   5.553558e-01   3.402037e-01  -1.126720e-01  -1.172888e+02
  4.5957381351014e+00   4.633450e-01   1.262118e+00   6.160771e+01   4.157870e-03  -1.310456e-01   6.144773e-01   3.399539e-01  -1.146910e-01  -1.173633e+02
  4.5979360012588e+00   4.660848e-01   1.230978e+00   6.163500e+01   3.869641e-03  -1.312350e-01   6.776944e-01   3.397014e-01  -1.150733e-01  -1.174171e+02
  4.6001338674162e+00   4.687686e-01   1.211194e+00   6.164980e+01   3.585531e-03  -1.272978e-01   7.388781e-01   3.394523e-01  -1.115659e-01  -1.174470e+02
  4.6023317335736e+00   4.714251e-01   1.206226e+00   6.165893e+01   3.313484e-03  -1.202578e-01   7.988019e-01   3.392166e-01  -1.029123e-01  -1.174656e+02
  4.6045295997310e+00   4.740877e-01   1.216587e+00   6.167147e+01   3.058702e-03  -1.115870e-01   8.631231e-01   3.390058e-01  -8.895490e-02  -1.174901e+02
  4.6067274658883e+00   4.767868e-01   1.239522e+00   6.169193e+01   2.822439e-03  -1.034066e-01   9.365054e-01   3.388303e-01  -7.070538e-02  -1.175297e+02
  4.6089253320457e+00   4.795444e-01   1.269827e+00   6.171773e+01   2.600991e-03  -9.810458e-02   1.016516e+00   3.386974e-01  -5.027895e-02  -1.175798e+02
  4.6111231982031e+00   4.823698e-01   1.301276e+00   6.174201e+01   2.386116e-03  -9.742607e-02   1.091323e+00   3.386086e-01  -3.053340e-02  -1.176273e+02
  4.6133210643605e+00   4.852593e-01   1.328073e+00   6.175910e+01   2.167519e-03  -1.014913e-01   1.143147e+00   3.385592e-01  -1.437810e-02  -1.176612e+02
  4.6155189305179e+00   4.881978e-01   1.345879e+00   6.176826e+01   1.936945e-03  -1.083256e-01   1.156038e+00   3.385391e-01  -3.936436e-03  -1.176791e+02
  4.6177167966753e+00   4.911630e-01   1.352319e+00   6.177334e+01   1.692325e-03  -1.142714e-01   1.123926e+00   3.385349e-01   1.118366e-04  -1.176880e+02
  4.6199146628327e+00   4.941294e-01   1.347095e+00   6.177917e+01   1.440135e-03  -1.152154e-01   1.054465e+00   3.385336e-01  -1.273299e-03  -1.176974e+02
  4.6221125289901e+00   4.970734e-01   1.331858e+00   6.178788e+01   1.194678e-03  -1.081438e-01   9.662863e-01   3.385258e-01  -5.833110e-03  -1.177118e+02
  4.6243103951475e+00   4.999765e-01   1.309913e+00   6.179762e+01   9.743384e-04  -9.235942e-02   8.807121e-01   3.385076e-01  -1.072958e-02  -1.177284e+02
  4.6265082613049e+00   5.028290e-01   1.285743e+00   6.180438e+01   7.960916e-04  -6.984043e-02   8.120681e-01   3.384811e-01  -1.335778e-02  -1.177396e+02
  4.6287061274622e+00   5.056313e-01   1.264278e+00   6.180522e+01   6.703280e-04  -4.460112e-02   7.615674e-01   3.384533e-01  -1.199028e-02  -1.177399e+02
  4.6309039936196e+00   5.083944e-01   1.249997e+00   6.180082e+01   5.978661e-04  -2.133736e-02   7.178285e-01   3.384334e-01  -6.114210e-03  -1.177304e+02
  4.6331018597770e+00   5.111373e-01   1.246031e+00   6.179589e+01   5.701352e-04  -3.897034e-03   6.635798e-01   3.384306e-01   3.552099e-03  -1.177196e+02
  4.6352997259344e+00   5.138842e-01   1.253566e+00   6.179746e+01   5.723075e-04   5.873769e-03   5.850638e-01   3.384513e-01   1.530183e-02  -1.177209e+02
  4.6374975920918e+00   5.166593e-01   1.271757e+00   6.181207e+01   5.881703e-04   8.560939e-03   4.796476e-01   3.384976e-01   2.685790e-02  -1.177466e+02
  4.6396954582492e+00   5.194836e-01   1.298210e+00   6.184335e+01   6.050891e-04   6.834798e-03   3.583817e-01   3.385665e-01   3.587947e-02  -1.178042e+02
  4.6418933244066e+00   5.223716e-01   1.329839e+00   6.189057e+01   6.175748e-04   4.526870e-03   2.427307e-01   3.386504e-01   4.046310e-02  -1.178924e+02
  4.6440911905640e+00   5.253317e-01   1.363746e+00   6.194849e+01   6.285631e-04   5.472103e-03   1.570980e-01   3.387384e-01   3.954033e-02  -1.180016e+02
  4.6462890567214e+00   5.283664e-01   1.397755e+00   6.200850e+01   6.482747e-04   1.246492e-02   1.201825e-01   3.388182e-01   3.308770e-02  -1.181151e+02
  4.6484869228787e+00   5.314744e-01   1.430424e+00   6.206071e+01   6.911880e-04   2.658505e-02   1.383855e-01   3.388788e-01   2.210481e-02  -1.182142e+02
  4.6506847890361e+00   5.346514e-01   1.460601e+00   6.209666e+01   7.720631e-04   4.700917e-02   2.035751e-01   3.389123e-01   8.370163e-03  -1.182828e+02
  4.6528826551935e+00   5.378905e-01   1.486875e+00   6.211166e+01   9.020643e-04   7.128850e-02   2.957918e-01   3.389150e-01  -5.963868e-03  -1.183122e+02
  4.6550805213509e+00   5.411809e-01   1.507322e+00   6.210585e+01   1.085876e-03   9.597528e-02   3.895158e-01   3.388877e-01  -1.883898e-02  -1.183025e+02
  4.6572783875083e+00   5.445075e-01   1.519812e+00   6.208360e+01   1.320397e-03   1.174329e-01   4.607967e-01   3.388354e-01  -2.870498e-02  -1.182613e+02
  4.6594762536657e+00   5.478511e-01   1.522807e+00   6.205145e+01   1.595222e-03   1.326501e-01   4.926060e-01   3.387657e-01  -3.477063e-02  -1.182007e+02
  4.6616741198231e+00   5.511909e-01   1.516284e+00   6.201599e+01   1.894717e-03   1.398831e-01   4.770937e-01   3.386868e-01  -3.702426e-02  -1.181327e+02
  4.6638719859805e+00   5.545081e-01   1.502254e+00   6.198219e+01   2.201159e-03   1.389709e-01   4.150564e-01   3.386065e-01  -3.603397e-02  -1.180671e+02
  4.6660698521379e+00   5.577903e-01   1.484513e+00   6.195287e+01   2.498094e-03   1.312317e-01   3.138302e-01   3.385310e-01  -3.262394e-02  -1.180096e+02
  4.6682677182953e+00   5.610345e-01   1.467611e+00   6.192874e+01   2.773040e-03   1.189624e-01   1.847388e-01   3.384649e-01  -2.757618e-02  -1.179622e+02
  4.6704655844526e+00   5.642467e-01   1.455393e+00   6.190892e+01   3.018836e-03   1.047049e-01   4.066399e-02   3.384110e-01  -2.148809e-02  -1.179237e+02
  4.6726634506100e+00   5.674393e-01   1.449712e+00   6.189167e+01   3.233396e-03   9.053891e-02  -1.060943e-01   3.383711e-01  -1.483000e-02  -1.178908e+02
  4.6748613167674e+00   5.706256e-01   1.449803e+00   6.187523e+01   3.418231e-03   7.765615e-02  -2.455214e-01   3.383458e-01  -8.135801e-03  -1.178601e+02
  4.6770591829248e+00   5.738151e-01   1.452565e+00   6.185865e+01   3.576477e-03   6.634361e-02  -3.708742e-01   3.383345e-01  -2.188742e-03  -1.178297e+02
  4.6792570490822e+00   5.770088e-01   1.453593e+00   6.184216e+01   3.711269e-03   5.631392e-02  -4.787039e-01   3.383342e-01   1.931175e-03  -1.177997e+02
  4.6814549152396e+00   5.801980e-01   1.448542e+00   6.182689e+01   3.824986e-03   4.716503e-02  -5.679526e-01   3.383396e-01   2.997568e-03  -1.177722e+02
  4.6836527813970e+00   5.833662e-01   1.434330e+00   6.181411e+01   3.919363e-03   3.871555e-02  -6.385687e-01   3.383429e-01  -5.399210e-05  -1.177493e+02
  4.6858506475544e+00   5.864916e-01   1.409808e+00   6.180450e+01   3.996044e-03   3.106289e-02  -6.903280e-01   3.383343e-01  -7.775486e-03  -1.177322e+02
  4.6880485137118e+00   5.895528e-01   1.375781e+00   6.179802e+01   4.056982e-03   2.438912e-02  -7.224190e-01   3.383038e-01  -1.995288e-02  -1.177208e+02
  4.6902463798691e+00   5.925313e-01   1.334502e+00   6.179441e+01   4.104322e-03   1.868886e-02  -7.339100e-01   3.382428e-01  -3.555636e-02  -1.177144e+02
  4.6924442460265e+00   5.954142e-01   1.288899e+00   6.179398e+01   4.139834e-03   1.362621e-02  -7.247326e-01   3.381456e-01  -5.292859e-02  -1.177135e+02
  4.6946421121839e+00   5.981954e-01   1.241857e+00   6.179802e+01   4.164292e-03   8.629574e-03  -6.965902e-01   3.380103e-01  -7.015549e-02  -1.177207e+02
  4.6968399783413e+00   6.008741e-01   1.195735e+00   6.180860e+01   4.177258e-03   3.169718e-03  -6.533551e-01   3.378392e-01  -8.549046e-02  -1.177401e+02
  4.6990378444987e+00   6.034544e-01   1.152241e+00   6.182788e+01   4.177491e-03  -2.957978e-03  -6.008874e-01   3.376380e-01  -9.767748e-02  -1.177761e+02
  4.7012357106561e+00   6.059433e-01   1.112600e+00   6.185715e+01   4.163764e-03  -9.533139e-03  -5.464337e-01   3.374141e-01  -1.060646e-01  -1.178315e+02
  4.7034335768135e+00   6.083505e-01   1.077899e+00   6.189610e+01   4.135633e-03  -1.606589e-02  -4.976787e-01   3.371761e-01  -1.105026e-01  -1.179059e+02
  4.7056314429709e+00   6.106883e-01   1.049406e+00   6.194241e+01   4.093667e-03  -2.212206e-02  -4.613624e-01   3.369325e-01  -1.111336e-01  -1.179949e+02
  4.7078293091283e+00   6.129720e-01   1.028685e+00   6.199182e+01   4.039004e-03  -2.762023e-02  -4.415379e-01   3.366914e-01  -1.082237e-01  -1.180904e+02
  4.7100271752857e+00   6.152204e-01   1.017359e+00   6.203894e+01   3.972489e-03  -3.290618e-02  -4.380331e-01   3.364602e-01  -1.021484e-01  -1.181816e+02
  4.7122250414430e+00   6.174555e-01   1.016508e+00   6.207870e+01   3.893986e-03  -3.852917e-02  -4.460278e-01   3.362452e-01  -9.352193e-02  -1.182586e+02
  4.7144229076004e+00   6.197000e-01   1.025906e+00   6.210813e+01   3.802395e-03  -4.481639e-02  -4.573767e-01   3.360508e-01  -8.334918e-02  -1.183155e+02
  4.7166207737578e+00   6.219740e-01   1.043400e+00   6.212757e+01   3.696580e-03  -5.147232e-02  -4.634098e-01   3.358790e-01  -7.304160e-02  -1.183528e+02
  4.7188186399152e+00   6.242908e-01   1.064856e+00   6.214037e+01   3.576888e-03  -5.744419e-02  -4.579817e-01   3.357281e-01  -6.421207e-02  -1.183770e+02
  4.7210165060726e+00   6.266533e-01   1.084879e+00   6.215086e+01   3.446531e-03  -6.117776e-02  -4.392598e-01   3.355935e-01  -5.829130e-02  -1.183968e+02
  4.7232143722300e+00   6.290523e-01   1.098247e+00   6.216141e+01   3.312053e-03  -6.119316e-02  -4.093856e-01   3.354678e-01  -5.611826e-02  -1.184166e+02
  4.7254122383874e+00   6.314698e-01   1.101585e+00   6.217039e+01   3.182455e-03  -5.673752e-02  -3.723336e-01   3.353427e-01  -5.768163e-02  -1.184334e+02
  4.7276101045448e+00   6.338832e-01   1.094615e+00   6.217248e+01   3.067121e-03  -4.821372e-02  -3.312477e-01   3.352111e-01  -6.212107e-02  -1.184371e+02
  4.7298079707022e+00   6.362734e-01   1.080383e+00   6.216148e+01   2.973284e-03  -3.717595e-02  -2.867060e-01   3.350681e-01  -6.798472e-02  -1.184157e+02
  4.7320058368595e+00   6.386303e-01   1.064246e+00   6.213417e+01   2.903990e-03  -2.587950e-02  -2.367498e-01   3.349124e-01  -7.364159e-02  -1.183631e+02
  4.7342037030169e+00   6.409559e-01   1.051960e+00   6.209304e+01   2.857340e-03  -1.657084e-02  -1.785057e-01   3.347461e-01  -7.770597e-02  -1.182839e+02
  4.7364015691743e+00   6.432632e-01   1.047611e+00   6.204605e+01   2.827253e-03  -1.080719e-02  -1.103792e-01   3.345735e-01  -7.934485e-02  -1.181935e+02
  4.7385994353317e+00   6.455708e-01   1.052240e+00   6.200371e+01   2.805422e-03  -9.058968e-03  -3.357502e-02   3.344002e-01  -7.839040e-02  -1.181120e+02
  4.7407973014891e+00   6.478961e-01   1.063709e+00   6.197478e+01   2.783704e-03  -1.070351e-02   4.779927e-02   3.342314e-01  -7.524335e-02  -1.180562e+02
  4.7429951676465e+00   6.502494e-01   1.077787e+00   6.196288e+01   2.756175e-03  -1.434688e-02   1.278968e-01   3.340711e-01  -7.061695e-02  -1.180330e+02
  4.7451930338039e+00   6.526316e-01   1.089945e+00   6.196564e+01   2.720302e-03  -1.829656e-02   2.007545e-01   3.339218e-01  -6.522232e-02  -1.180380e+02
  4.7473908999613e+00   6.550350e-01   1.097041e+00   6.197636e+01   2.677120e-03  -2.099781e-02   2.615092e-01   3.337847e-01  -5.951721e-02  -1.180583e+02
  4.7495887661187e+00   6.574475e-01   1.098207e+00   6.198728e+01   2.630614e-03  -2.132191e-02   3.067943e-01   3.336604e-01  -5.361553e-02  -1.180791e+02
  4.7517866322761e+00   6.598573e-01   1.094655e+00   6.199282e+01   2.586637e-03  -1.869554e-02   3.344875e-01   3.335494e-01  -4.738664e-02  -1.180895e+02
  4.7539844984334e+00   6.622566e-01   1.088642e+00   6.199152e+01   2.551670e-03  -1.312362e-02   3.433471e-01   3.334526e-01  -4.068742e-02  -1.180866e+02
  4.7561823645908e+00   6.646422e-01   1.082152e+00   6.198606e+01   2.531580e-03  -5.158023e-03   3.330278e-01   3.333710e-01  -3.360994e-02  -1.180756e+02
  4.7583802307482e+00   6.670138e-01   1.075952e+00   6.198165e+01   2.530503e-03   4.178163e-03   3.045499e-01   3.333048e-01  -2.662384e-02  -1.180662e+02
  4.7605780969056e+00   6.693714e-01   1.069435e+00   6.198367e+01   2.549975e-03   1.354141e-02   2.608182e-01   3.332529e-01  -2.054569e-02  -1.180690e+02
  4.7627759630630e+00   6.717129e-01   1.061234e+00   6.199558e+01   2.588506e-03   2.152011e-02   2.066440e-01   3.332124e-01  -1.634618e-02  -1.180906e+02
  4.7649738292204e+00   6.740333e-01   1.050254e+00   6.201798e+01   2.641784e-03   2.696165e-02   1.480204e-01   3.331781e-01  -1.487110e-02  -1.181323e+02
  4.7671716953778e+00   6.763266e-01   1.036560e+00   6.204906e+01   2.703587e-03   2.927758e-02   9.087828e-02   3.331435e-01  -1.657820e-02  -1.181907e+02
  4.7693695615352e+00   6.785884e-01   1.021685e+00   6.208601e+01   2.767190e-03   2.859900e-02   3.986403e-02   3.331018e-01  -2.137829e-02  -1.182605e+02
  4.7715674276926e+00   6.808192e-01   1.008222e+00   6.212632e+01   2.826855e-03   2.569482e-02  -2.356989e-03   3.330469e-01  -2.862872e-02  -1.183368e+02
  4.7737652938499e+00   6.830248e-01   9.989035e-01   6.216839e+01   2.878903e-03   2.166772e-02  -3.509955e-02   3.329744e-01  -3.727745e-02  -1.184166e+02
  4.7759631600073e+00   6.852167e-01   9.955984e-01   6.221111e+01   2.922004e-03   1.755258e-02  -5.919950e-02   3.328828e-01  -4.610814e-02  -1.184978e+02
  4.7781610261647e+00   6.874083e-01   9.986848e-01   6.225296e+01   2.956673e-03   1.399571e-02  -7.651712e-02   3.327728e-01  -5.400562e-02  -1.185775e+02
  4.7803588923221e+00   6.896124e-01   1.007021e+00   6.229161e+01   2.984310e-03   1.115294e-02  -8.960855e-02   3.326473e-01  -6.015860e-02  -1.186511e+02
  4.7825567584795e+00   6.918383e-01   1.018471e+00   6.232421e+01   3.006265e-03   8.826207e-03  -1.013709e-01   3.325107e-01  -6.414805e-02  -1.187133e+02
  4.7847546246369e+00   6.940902e-01   1.030706e+00   6.234834e+01   3.023359e-03   6.728552e-03  -1.143324e-01   3.323677e-01  -6.592329e-02  -1.187594e+02
  4.7869524907943e+00   6.963679e-01   1.041893e+00   6.236292e+01   3.035925e-03   4.705838e-03  -1.296118e-01   3.322231e-01  -6.571633e-02  -1.187874e+02
  4.7891503569517e+00   6.986678e-01   1.051031e+00   6.236835e+01   3.044161e-03   2.788950e-03  -1.461190e-01   3.320806e-01  -6.395718e-02  -1.187980e+02
  4.7913482231091e+00   7.009853e-01   1.057830e+00   6.236610e+01   3.048406e-03   1.073968e-03  -1.607493e-01   3.319430e-01  -6.122429e-02  -1.187940e+02
  4.7935460892665e+00   7.033152e-01   1.062291e+00   6.235808e+01   3.049089e-03  -4.530513e-04  -1.698411e-01   3.318118e-01  -5.821417e-02  -1.187789e+02
  4.7957439554238e+00   7.056521e-01   1.064239e+00   6.234630e+01   3.046398e-03  -1.995415e-03  -1.712829e-01   3.316866e-01  -5.568178e-02  -1.187566e+02
  4.7979418215812e+00   7.079899e-01   1.063075e+00   6.233307e+01   3.039973e-03  -3.851344e-03  -1.660369e-01   3.315657e-01  -5.431350e-02  -1.187315e+02
  4.8001396877386e+00   7.103207e-01   1.057871e+00   6.232119e+01   3.028928e-03  -6.199182e-03  -1.580151e-01   3.314461e-01  -5.454348e-02  -1.187089e+02
  4.8023375538960e+00   7.126346e-01   1.047799e+00   6.231370e+01   3.012320e-03  -8.914005e-03  -1.522052e-01   3.313242e-01  -5.637742e-02  -1.186947e+02
  4.8045354200534e+00   7.149209e-01   1.032691e+00   6.231300e+01   2.989819e-03  -1.156150e-02  -1.520792e-01   3.311971e-01  -5.930929e-02  -1.186936e+02
  4.8067332862108e+00   7.171695e-01   1.013474e+00   6.231969e+01   2.962165e-03  -1.360257e-02  -1.578490e-01   3.310633e-01  -6.239022e-02  -1.187065e+02
  4.8089311523682e+00   7.193737e-01   9.922569e-01   6.233196e+01   2.931069e-03  -1.469404e-02  -1.666565e-01   3.309239e-01  -6.444917e-02  -1.187300e+02
  4.8111290185256e+00   7.215323e-01   9.719699e-01   6.234575e+01   2.898562e-03  -1.488694e-02  -1.745620e-01   3.307823e-01  -6.440542e-02  -1.187563e+02
  4.8133268846830e+00   7.236506e-01   9.556693e-01   6.235598e+01   2.866192e-03  -1.456857e-02  -1.790116e-01   3.306439e-01  -6.157809e-02  -1.187758e+02
  4.8155247508403e+00   7.257401e-01   9.457256e-01   6.235830e+01   2.834633e-03  -1.414962e-02  -1.801418e-01   3.305148e-01  -5.589886e-02  -1.187802e+02
  4.8177226169977e+00   7.278159e-01   9.431959e-01   6.235047e+01   2.804060e-03  -1.367018e-02  -1.800845e-01   3.304006e-01  -4.796176e-02  -1.187653e+02
  4.8199204831551e+00   7.298938e-01   9.476035e-01   6.233313e+01   2.775216e-03  -1.257725e-02  -1.808380e-01   3.303052e-01  -3.888812e-02  -1.187323e+02
  4.8221183493125e+00   7.319871e-01   9.571903e-01   6.230953e+01   2.750568e-03  -9.852323e-03  -1.822744e-01   3.302294e-01  -3.003601e-02  -1.186874e+02
  4.8243162154699e+00   7.341044e-01   9.695346e-01   6.228436e+01   2.734820e-03  -4.477359e-03  -1.817377e-01   3.301715e-01  -2.263228e-02  -1.186397e+02
  4.8265140816273e+00   7.362493e-01   9.822927e-01   6.226222e+01   2.734267e-03   3.973624e-03  -1.755793e-01   3.301275e-01  -1.743916e-02  -1.185977e+02
  4.8287119477847e+00   7.384209e-01   9.937928e-01   6.224616e+01   2.755033e-03   1.492299e-02  -1.616554e-01   3.300923e-01  -1.456758e-02  -1.185674e+02
  4.8309098139421e+00   7.406155e-01   1.003291e+00   6.223679e+01   2.800875e-03   2.679189e-02  -1.411561e-01   3.300615e-01  -1.350548e-02  -1.185496e+02
  4.8331076800995e+00   7.428290e-01   1.010838e+00   6.223250e+01   2.871470e-03   3.744763e-02  -1.185462e-01   3.300320e-01  -1.335130e-02  -1.185415e+02
  4.8353055462569e+00   7.450573e-01   1.016871e+00   6.223053e+01   2.961967e-03   4.490234e-02  -9.958921e-02   3.300028e-01  -1.316061e-02  -1.185377e+02
  4.8375034124142e+00   7.472976e-01   1.021741e+00   6.222851e+01   3.064000e-03   4.794557e-02  -8.863265e-02   3.299749e-01  -1.226832e-02  -1.185337e+02
  4.8397012785716e+00   7.495472e-01   1.025386e+00   6.222563e+01   3.167719e-03   4.643558e-02  -8.676807e-02   3.299499e-01  -1.046379e-02  -1.185282e+02
  4.8418991447290e+00   7.518030e-01   1.027301e+00   6.222287e+01   3.263977e-03   4.115639e-02  -9.189130e-02   3.299296e-01  -7.966039e-03  -1.185229e+02
  4.8440970108864e+00   7.540603e-01   1.026779e+00   6.222223e+01   3.345873e-03   3.336691e-02  -1.004888e-01   3.299151e-01  -5.236923e-03  -1.185217e+02
  4.8462948770438e+00   7.563131e-01   1.023296e+00   6.222536e+01   3.409250e-03   2.430455e-02  -1.099397e-01   3.299063e-01  -2.736357e-03  -1.185279e+02
  4.8484927432012e+00   7.585551e-01   1.016839e+00   6.223251e+01   3.452322e-03   1.489031e-02  -1.198754e-01   3.299025e-01  -7.356810e-04  -1.185417e+02
  4.8506906093586e+00   7.607803e-01   1.008002e+00   6.224215e+01   3.474985e-03   5.732174e-03  -1.317829e-01   3.299025e-01   7.379047e-04  -1.185604e+02
  4.8528884755160e+00   7.629845e-01   9.978117e-01   6.225174e+01   3.478352e-03  -2.667980e-03  -1.471712e-01   3.299054e-01   1.825432e-03  -1.185790e+02
  4.8550863416734e+00   7.651660e-01   9.873485e-01   6.225892e+01   3.464742e-03  -9.717465e-03  -1.655459e-01   3.299103e-01   2.691650e-03  -1.185930e+02
  4.8572842078307e+00   7.673251e-01   9.773433e-01   6.226258e+01   3.437867e-03  -1.473731e-02  -1.836034e-01   3.299170e-01   3.398478e-03  -1.186003e+02
  4.8594820739881e+00   7.694628e-01   9.679321e-01   6.226330e+01   3.402756e-03  -1.721319e-02  -1.963141e-01   3.299250e-01   3.858788e-03  -1.186017e+02
  4.8616799401455e+00   7.715800e-01   9.586751e-01   6.226283e+01   3.364984e-03  -1.715781e-02  -1.993573e-01   3.299335e-01   3.877824e-03  -1.186008e+02
  4.8638778063029e+00   7.736763e-01   9.488340e-01   6.226314e+01   3.329265e-03  -1.534611e-02  -1.914796e-01   3.299413e-01   3.236442e-03  -1.186012e+02
  4.8660756724603e+00   7.757496e-01   9.377860e-01   6.226542e+01   3.297871e-03  -1.322124e-02  -1.753727e-01   3.299468e-01   1.750285e-03  -1.186052e+02
  4.8682735386177e+00   7.777971e-01   9.254035e-01   6.226966e+01   3.269682e-03  -1.243048e-02  -1.565460e-01   3.299479e-01  -7.364229e-04  -1.186129e+02
  4.8704714047751e+00   7.798166e-01   9.122459e-01   6.227502e+01   3.240468e-03  -1.415365e-02  -1.407978e-01   3.299423e-01  -4.409993e-03  -1.186228e+02
  4.8726692709325e+00   7.818075e-01   8.994922e-01   6.228070e+01   3.204559e-03  -1.852270e-02  -1.316139e-01   3.299269e-01  -9.538405e-03  -1.186331e+02
  4.8748671370899e+00   7.837726e-01   8.886468e-01   6.228676e+01   3.157362e-03  -2.442468e-02  -1.287955e-01   3.298984e-01  -1.644400e-02  -1.186442e+02
  4.8770650032473e+00   7.857175e-01   8.811368e-01   6.229446e+01   3.097748e-03  -2.982283e-02  -1.289295e-01   3.298524e-01  -2.536776e-02  -1.186584e+02
  4.8792628694046e+00   7.876506e-01   8.779490e-01   6.230567e+01   3.029263e-03  -3.249639e-02  -1.273372e-01   3.297847e-01  -3.626518e-02  -1.186793e+02
  4.8814607355620e+00   7.895818e-01   8.794262e-01   6.232169e+01   2.959596e-03  -3.089920e-02  -1.204340e-01   3.296914e-01  -4.863224e-02  -1.187094e+02
  4.8836586017194e+00   7.915211e-01   8.852645e-01   6.234214e+01   2.898419e-03  -2.477018e-02  -1.073452e-01   3.295704e-01  -6.146840e-02  -1.187481e+02
  4.8858564678768e+00   7.934772e-01   8.946610e-01   6.236468e+01   2.854461e-03  -1.523005e-02  -9.012076e-02   3.294221e-01  -7.343218e-02  -1.187908e+02
  4.8880543340342e+00   7.954565e-01   9.065117e-01   6.238576e+01   2.832972e-03  -4.324500e-03  -7.260243e-02   3.292501e-01  -8.315732e-02  -1.188308e+02
  4.8902522001916e+00   7.974632e-01   9.195551e-01   6.240226e+01   2.834570e-03   5.779029e-03  -5.856859e-02   3.290602e-01  -8.961911e-02  -1.188621e+02
  4.8924500663490e+00   7.994984e-01   9.324193e-01   6.241293e+01   2.855848e-03   1.358259e-02  -5.002969e-02   3.288602e-01  -9.241106e-02  -1.188824e+02
  4.8946479325064e+00   8.015600e-01   9.436072e-01   6.241899e+01   2.891319e-03   1.869566e-02  -4.642056e-02   3.286577e-01  -9.182590e-02  -1.188939e+02
  4.8968457986638e+00   8.036426e-01   9.515110e-01   6.242344e+01   2.935771e-03   2.175389e-02  -4.501175e-02   3.284593e-01  -8.871531e-02  -1.189024e+02
  4.8990436648211e+00   8.057373e-01   9.545397e-01   6.242942e+01   2.985941e-03   2.389954e-02  -4.232275e-02   3.282693e-01  -8.418985e-02  -1.189139e+02
  4.9012415309785e+00   8.078318e-01   9.513852e-01   6.243854e+01   3.040888e-03   2.610118e-02  -3.589689e-02   3.280896e-01  -7.927886e-02  -1.189314e+02
  4.9034393971359e+00   8.099118e-01   9.413590e-01   6.245010e+01   3.101051e-03   2.864558e-02  -2.564596e-02   3.279204e-01  -7.467505e-02  -1.189535e+02
  4.9056372632933e+00   8.119624e-01   9.246743e-01   6.246139e+01   3.166626e-03   3.102607e-02  -1.413723e-02   3.277608e-01  -7.064342e-02  -1.189751e+02
  4.9078351294507e+00   8.139704e-01   9.025393e-01   6.246916e+01   3.236154e-03   3.224223e-02  -5.641705e-03   3.276094e-01  -6.710162e-02  -1.189899e+02
  4.9100329956081e+00   8.159260e-01   8.769958e-01   6.247115e+01   3.306009e-03   3.132430e-02  -4.345981e-03   3.274655e-01  -6.381048e-02  -1.189937e+02
  4.9122308617655e+00   8.178244e-01   8.505358e-01   6.246711e+01   3.370988e-03   2.780438e-02  -1.257040e-02   3.273288e-01  -6.057704e-02  -1.189860e+02
  4.9144287279229e+00   8.196664e-01   8.256178e-01   6.245884e+01   3.425623e-03   2.191224e-02  -2.985206e-02   3.271992e-01  -5.738233e-02  -1.189703e+02
  4.9166265940803e+00   8.214575e-01   8.042389e-01   6.244917e+01   3.465567e-03   1.443538e-02  -5.329274e-02   3.270763e-01  -5.439175e-02  -1.189519e+02
  4.9188244602377e+00   8.232069e-01   7.876817e-01   6.244051e+01   3.488418e-03   6.358557e-03  -7.890314e-02   3.269596e-01  -5.186538e-02  -1.189355e+02
  4.9210223263950e+00   8.249258e-01   7.764804e-01   6.243380e+01   3.493751e-03  -1.505677e-03  -1.031869e-01   3.268476e-01  -5.002791e-02  -1.189228e+02
  4.9232201925524e+00   8.266259e-01   7.705560e-01   6.242814e+01   3.482527e-03  -8.707557e-03  -1.241559e-01   3.267388e-01  -4.896512e-02  -1.189121e+02
  4.9254180587098e+00   8.283183e-01   7.694252e-01   6.242158e+01   3.456358e-03  -1.510530e-02  -1.413463e-01   3.266316e-01  -4.858731e-02  -1.188997e+02
  4.9276159248672e+00   8.300126e-01   7.723883e-01   6.241235e+01   3.417074e-03  -2.064280e-02  -1.549865e-01   3.265248e-01  -4.865910e-02  -1.188822e+02
  4.9298137910246e+00   8.317171e-01   7.786461e-01   6.240017e+01   3.366777e-03  -2.512544e-02  -1.649184e-01   3.264176e-01  -4.886370e-02  -1.188590e+02
  4.9320116571820e+00   8.334380e-01   7.873516e-01   6.238663e+01   3.308234e-03  -2.814702e-02  -1.699624e-01   3.263102e-01  -4.886546e-02  -1.188333e+02
  4.9342095233394e+00   8.351797e-01   7.976361e-01   6.237473e+01   3.245190e-03  -2.922169e-02  -1.681090e-01   3.262033e-01  -4.835203e-02  -1.188106e+02
  4.9364073894968e+00   8.369449e-01   8.086460e-01   6.236749e+01   3.182252e-03  -2.804960e-02  -1.574348e-01   3.260985e-01  -4.706255e-02  -1.187968e+02
  4.9386052556542e+00   8.387343e-01   8.195996e-01   6.236664e+01   3.124215e-03  -2.476317e-02  -1.372498e-01   3.259975e-01  -4.482041e-02  -1.187951e+02
  4.9408031218115e+00   8.405469e-01   8.298471e-01   6.237178e+01   3.075015e-03  -2.000700e-02  -1.088842e-01   3.259026e-01  -4.158092e-02  -1.188049e+02
  4.9430009879689e+00   8.423808e-01   8.389069e-01   6.238059e+01   3.036774e-03  -1.479138e-02  -7.572673e-02   3.258157e-01  -3.748211e-02  -1.188216e+02
  4.9451988541263e+00   8.442329e-01   8.464711e-01   6.238984e+01   3.009335e-03  -1.017741e-02  -4.249437e-02   3.257384e-01  -3.286843e-02  -1.188393e+02
  4.9473967202837e+00   8.460998e-01   8.523927e-01   6.239669e+01   2.990527e-03  -6.937813e-03  -1.405422e-02   3.256712e-01  -2.825642e-02  -1.188523e+02
  4.9495945864411e+00   8.479779e-01   8.566782e-01   6.239958e+01   2.977028e-03  -5.345604e-03   5.733464e-03   3.256135e-01  -2.423320e-02  -1.188579e+02
  4.9517924525985e+00   8.498639e-01   8.594941e-01   6.239851e+01   2.965468e-03  -5.173605e-03   1.476184e-02   3.255635e-01  -2.131150e-02  -1.188560e+02
  4.9539903187559e+00   8.517548e-01   8.611686e-01   6.239457e+01   2.953321e-03  -5.880086e-03   1.286052e-02   3.255183e-01  -1.979210e-02  -1.188485e+02
  4.9561881849133e+00   8.536486e-01   8.621549e-01   6.238925e+01   2.939310e-03  -6.869792e-03   1.508949e-03   3.254749e-01  -1.968882e-02  -1.188384e+02
  4.9583860510707e+00   8.555443e-01   8.629281e-01   6.238384e+01   2.923301e-03  -7.697786e-03  -1.668902e-02   3.254305e-01  -2.074845e-02  -1.188281e+02
  4.9605839172281e+00   8.574419e-01   8.638294e-01   6.237930e+01   2.905904e-03  -8.132951e-03  -3.855313e-02   3.253829e-01  -2.255782e-02  -1.188194e+02
  4.9627817833854e+00   8.593417e-01   8.649111e-01   6.237643e+01   2.888080e-03  -8.086006e-03  -6.079700e-02   3.253310e-01  -2.469172e-02  -1.188138e+02
  4.9649796495428e+00   8.612437e-01   8.658575e-01   6.237617e+01   2.870972e-03  -7.482076e-03  -8.043471e-02   3.252743e-01  -2.683883e-02  -1.188132e+02
  4.9671775157002e+00   8.631469e-01   8.660378e-01   6.237972e+01   2.855959e-03  -6.179792e-03  -9.516612e-02   3.252131e-01  -2.885677e-02  -1.188198e+02
  4.9693753818576e+00   8.650489e-01   8.646913e-01   6.238821e+01   2.844773e-03  -3.998855e-03  -1.037185e-01   3.251476e-01  -3.074486e-02  -1.188358e+02
  4.9715732480150e+00   8.669455e-01   8.611879e-01   6.240220e+01   2.839453e-03  -8.426690e-04  -1.060422e-01   3.250781e-01  -3.256422e-02  -1.188622e+02
  4.9737711141724e+00   8.688318e-01   8.552665e-01   6.242110e+01   2.842003e-03   3.163070e-03  -1.032476e-01   3.250045e-01  -3.435692e-02  -1.188980e+02
  4.9759689803298e+00   8.707026e-01   8.471607e-01   6.244306e+01   2.853845e-03   7.612861e-03  -9.725545e-02   3.249271e-01  -3.610818e-02  -1.189396e+02
  4.9781668464872e+00   8.725540e-01   8.375727e-01   6.246535e+01   2.875289e-03   1.190120e-02  -9.024527e-02   3.248459e-01  -3.776412e-02  -1.189820e+02
  4.9803647126446e+00   8.743838e-01   8.275119e-01   6.248523e+01   2.905312e-03   1.541898e-02  -8.407786e-02   3.247612e-01  -3.928183e-02  -1.190197e+02
  4.9825625788019e+00   8.761922e-01   8.180674e-01   6.250082e+01   2.941791e-03   1.777592e-02  -7.988330e-02   3.246734e-01  -4.067080e-02  -1.190494e+02
  4.9847604449593e+00   8.779815e-01   8.101925e-01   6.251168e+01   2.982135e-03   1.893612e-02  -7.795509e-02   3.245825e-01  -4.199359e-02  -1.190700e+02
  4.9869583111167e+00   8.797560e-01   8.045568e-01   6.251871e+01   3.024037e-03   1.919373e-02  -7.797829e-02   3.244888e-01  -4.332196e-02  -1.190834e+02
  4.9891561772741e+00   8.815210e-01   8.014780e-01   6.252347e+01   3.066007e-03   1.899758e-02  -7.948317e-02   3.243921e-01  -4.467431e-02  -1.190926e+02
  4.9913540434315e+00   8.832819e-01   8.009141e-01   6.252742e+01   3.107449e-03   1.871346e-02  -8.231338e-02   3.242925e-01  -4.597184e-02  -1.191001e+02
  4.9935519095889e+00   8.850439e-01   8.024846e-01   6.253136e+01   3.148286e-03   1.844730e-02  -8.688103e-02   3.241903e-01  -4.703958e-02  -1.191077e+02
  4.9957497757463e+00   8.868110e-01   8.055062e-01   6.253538e+01   3.188362e-03   1.802110e-02  -9.406765e-02   3.240862e-01  -4.765305e-02  -1.191154e+02
  4.9979476419037e+00   8.885853e-01   8.090545e-01   6.253924e+01   3.226972e-03   1.711315e-02  -1.047891e-01   3.239815e-01  -4.760681e-02  -1.191228e+02
  5.0001455080611e+00   8.903669e-01   8.120730e-01   6.254282e+01   3.262796e-03   1.548575e-02  -1.194101e-01   3.238778e-01  -4.677211e-02  -1.191297e+02
  5.0023433742185e+00   8.921533e-01   8.135409e-01   6.254638e+01   3.294294e-03   1.317615e-02  -1.372861e-01   3.237768e-01  -4.511975e-02  -1.191366e+02
  5.0045412403758e+00   8.939404e-01   8.126789e-01   6.255029e+01   3.320361e-03   1.054389e-02  -1.566762e-01   3.236803e-01  -4.270385e-02  -1.191441e+02
  5.0067391065332e+00   8.957227e-01   8.091363e-01   6.255476e+01   3.340895e-03   8.141330e-03  -1.751042e-01   3.235898e-01  -3.962159e-02  -1.191528e+02
  5.0089369726906e+00   8.974944e-01   8.030918e-01   6.255947e+01   3.356947e-03   6.465720e-03  -1.900439e-01   3.235068e-01  -3.597259e-02  -1.191619e+02
  5.0111348388480e+00   8.992509e-01   7.952180e-01   6.256361e+01   3.370330e-03   5.712121e-03  -1.996502e-01   3.234323e-01  -3.183809e-02  -1.191700e+02
  5.0133327050054e+00   9.009891e-01   7.865088e-01   6.256620e+01   3.382813e-03   5.647530e-03  -2.032467e-01   3.233673e-01  -2.728728e-02  -1.191751e+02
  5.0155305711628e+00   9.027084e-01   7.780209e-01   6.256660e+01   3.395248e-03   5.667561e-03  -2.013960e-01   3.233127e-01  -2.240362e-02  -1.191760e+02
  5.0177284373202e+00   9.044102e-01   7.706140e-01   6.256481e+01   3.406982e-03   5.010275e-03  -1.955705e-01   3.232690e-01  -1.731446e-02  -1.191728e+02
  5.0199263034776e+00   9.060975e-01   7.647760e-01   6.256137e+01   3.415819e-03   3.031130e-03  -1.876019e-01   3.232366e-01  -1.220598e-02  -1.191663e+02
  5.0221241696350e+00   9.077737e-01   7.605782e-01   6.255710e+01   3.418515e-03  -5.776715e-04  -1.791514e-01   3.232151e-01  -7.312487e-03  -1.191583e+02
  5.0243220357923e+00   9.094423e-01   7.577614e-01   6.255260e+01   3.411611e-03  -5.704686e-03  -1.713852e-01   3.232039e-01  -2.880631e-03  -1.191499e+02
  5.0265199019497e+00   9.111057e-01   7.559013e-01   6.254802e+01   3.392281e-03  -1.188545e-02  -1.649150e-01   3.232017e-01   8.802230e-04  -1.191413e+02
  5.0287177681071e+00   9.127656e-01   7.545884e-01   6.254309e+01   3.358929e-03  -1.846345e-02  -1.599398e-01   3.232069e-01   3.843778e-03  -1.191320e+02
  5.0309156342645e+00   9.144230e-01   7.535616e-01   6.253743e+01   3.311428e-03  -2.476187e-02  -1.564551e-01   3.232177e-01   5.992165e-03  -1.191212e+02
  5.0331135004219e+00   9.160783e-01   7.527667e-01   6.253088e+01   3.251030e-03  -3.019810e-02  -1.543969e-01   3.232324e-01   7.411342e-03  -1.191087e+02
  5.0353113665793e+00   9.177324e-01   7.523441e-01   6.252376e+01   3.180128e-03  -3.432115e-02  -1.536438e-01   3.232497e-01   8.257368e-03  -1.190951e+02
  5.0375092327367e+00   9.193861e-01   7.525689e-01   6.251668e+01   3.101970e-03  -3.680040e-02  -1.538901e-01   3.232683e-01   8.704093e-03  -1.190815e+02
  5.0397070988941e+00   9.210415e-01   7.537752e-01   6.251028e+01   3.020411e-03  -3.741626e-02  -1.544743e-01   3.232876e-01   8.888660e-03  -1.190691e+02
  5.0419049650515e+00   9.227010e-01   7.562855e-01   6.250481e+01   2.939635e-03  -3.608744e-02  -1.542871e-01   3.233072e-01   8.871490e-03  -1.190584e+02
  5.0441028312089e+00   9.243677e-01   7.603537e-01   6.250009e+01   2.863790e-03  -3.292951e-02  -1.518503e-01   3.233264e-01   8.622368e-03  -1.190492e+02
  5.0463006973662e+00   9.260452e-01   7.661212e-01   6.249556e+01   2.796501e-03  -2.830198e-02  -1.455799e-01   3.233447e-01   8.035546e-03  -1.190403e+02
  5.0484985635236e+00   9.277372e-01   7.735862e-01   6.249071e+01   2.740353e-03  -2.279096e-02  -1.341452e-01   3.233612e-01   6.967733e-03  -1.190309e+02
  5.0506964296810e+00   9.294474e-01   7.825879e-01   6.248535e+01   2.696515e-03  -1.710098e-02  -1.167756e-01   3.233746e-01   5.286426e-03  -1.190205e+02
  5.0528942958384e+00   9.311786e-01   7.928122e-01   6.247977e+01   2.664669e-03  -1.187799e-02  -9.338543e-02   3.233836e-01   2.914879e-03  -1.190097e+02
  5.0550921619958e+00   9.329332e-01   8.038187e-01   6.247458e+01   2.643342e-03  -7.528722e-03  -6.447756e-02   3.233867e-01  -1.363334e-04  -1.189997e+02
  5.0572900281532e+00   9.347123e-01   8.150863e-01   6.247034e+01   2.630547e-03  -4.114334e-03  -3.091302e-02   3.233824e-01  -3.755110e-03  -1.189915e+02
  5.0594878943106e+00   9.365158e-01   8.260605e-01   6.246738e+01   2.624522e-03  -1.368405e-03   6.297492e-03   3.233698e-01  -7.730294e-03  -1.189858e+02
  5.0616857604680e+00   9.383425e-01   8.361900e-01   6.246560e+01   2.624299e-03   1.165212e-03   4.604686e-02   3.233483e-01  -1.176922e-02  -1.189825e+02
  5.0638836266254e+00   9.401900e-01   8.449451e-01   6.246469e+01   2.629902e-03   3.933176e-03   8.701079e-02   3.233183e-01  -1.553066e-02  -1.189808e+02
  5.0660814927827e+00   9.420546e-01   8.518252e-01   6.246431e+01   2.642132e-03   7.196624e-03   1.274669e-01   3.232808e-01  -1.867435e-02  -1.189802e+02
  5.0682793589401e+00   9.439318e-01   8.563719e-01   6.246431e+01   2.662072e-03   1.094836e-02   1.652352e-01   3.232372e-01  -2.092444e-02  -1.189804e+02
  5.0704772250975e+00   9.458160e-01   8.582052e-01   6.246476e+01   2.690530e-03   1.494693e-02   1.978742e-01   3.231899e-01  -2.213593e-02  -1.189814e+02
  5.0726750912549e+00   9.477010e-01   8.570888e-01   6.246585e+01   2.727656e-03   1.883712e-02   2.231275e-01   3.231410e-01  -2.234406e-02  -1.189837e+02
  5.0748729574123e+00   9.495803e-01   8.530095e-01   6.246775e+01   2.772853e-03   2.229131e-02   2.394572e-01   3.230926e-01  -2.177536e-02  -1.189874e+02
  5.0770708235697e+00   9.514476e-01   8.462422e-01   6.247049e+01   2.824940e-03   2.510593e-02   2.464215e-01   3.230458e-01  -2.080816e-02  -1.189926e+02
  5.0792686897271e+00   9.532978e-01   8.373690e-01   6.247396e+01   2.882440e-03   2.721797e-02   2.447043e-01   3.230010e-01  -1.988855e-02  -1.189992e+02
  5.0814665558845e+00   9.551271e-01   8.272279e-01   6.247802e+01   2.943837e-03   2.865105e-02   2.357566e-01   3.229578e-01  -1.942688e-02  -1.190068e+02
  5.0836644220419e+00   9.569337e-01   8.167968e-01   6.248248e+01   3.007668e-03   2.943389e-02   2.211984e-01   3.229148e-01  -1.970884e-02  -1.190152e+02
  5.0858622881993e+00   9.587182e-01   8.070350e-01   6.248719e+01   3.072478e-03   2.954160e-02   2.022421e-01   3.228702e-01  -2.084984e-02  -1.190240e+02
  5.0880601543566e+00   9.604828e-01   7.987246e-01   6.249205e+01   3.136691e-03   2.889049e-02   1.793829e-01   3.228222e-01  -2.280266e-02  -1.190331e+02
  5.0902580205140e+00   9.622313e-01   7.923524e-01   6.249703e+01   3.198533e-03   2.738408e-02   1.524679e-01   3.227693e-01  -2.540731e-02  -1.190425e+02
  5.0924558866714e+00   9.639681e-01   7.880599e-01   6.250216e+01   3.256078e-03   2.498016e-02   1.210652e-01   3.227101e-01  -2.845713e-02  -1.190521e+02
  5.0946537528288e+00   9.656975e-01   7.856671e-01   6.250750e+01   3.307421e-03   2.174064e-02   8.492184e-02   3.226439e-01  -3.175486e-02  -1.190621e+02
  5.0968516189862e+00   9.674233e-01   7.847545e-01   6.251311e+01   3.350917e-03   1.783930e-02   4.428580e-02   3.225704e-01  -3.514302e-02  -1.190727e+02
  5.0990494851436e+00   9.691481e-01   7.847726e-01   6.251888e+01   3.385386e-03   1.352711e-02  -2.690595e-05   3.224894e-01  -3.850919e-02  -1.190836e+02
  5.1012473513010e+00   9.708734e-01   7.851497e-01   6.252451e+01   3.410226e-03   9.076103e-03  -4.678243e-02   3.224012e-01  -4.177798e-02  -1.190944e+02
  5.1034452174584e+00   9.725993e-01   7.853723e-01   6.252942e+01   3.425397e-03   4.729313e-03  -9.455326e-02   3.223059e-01  -4.490356e-02  -1.191038e+02
  5.1056430836158e+00   9.743251e-01   7.850324e-01   6.253289e+01   3.431336e-03   6.751830e-04  -1.418718e-01   3.222040e-01  -4.786982e-02  -1.191106e+02
  5.1078409497731e+00   9.760491e-01   7.838441e-01   6.253431e+01   3.428833e-03  -2.952819e-03  -1.872627e-01   3.220957e-01  -5.069473e-02  -1.191136e+02
  5.1100388159305e+00   9.777695e-01   7.816410e-01   6.253337e+01   3.418923e-03  -6.065060e-03  -2.292180e-01   3.219813e-01  -5.342923e-02  -1.191122e+02
  5.1122366820879e+00   9.794838e-01   7.783659e-01   6.253026e+01   3.402796e-03  -8.610065e-03  -2.662325e-01   3.218609e-01  -5.614228e-02  -1.191066e+02
  5.1144345482453e+00   9.811898e-01   7.740560e-01   6.252557e+01   3.381704e-03  -1.058293e-02  -2.969702e-01   3.217345e-01  -5.889182e-02  -1.190980e+02
  5.1166324144027e+00   9.828854e-01   7.688240e-01   6.252015e+01   3.356840e-03  -1.204280e-02  -3.205265e-01   3.216020e-01  -6.169129e-02  -1.190880e+02
  5.1188302805601e+00   9.845685e-01   7.628309e-01   6.251478e+01   3.329183e-03  -1.312432e-02  -3.366602e-01   3.214633e-01  -6.448682e-02  -1.190780e+02
  5.1210281467175e+00   9.862379e-01   7.562481e-01   6.250994e+01   3.299345e-03  -1.402730e-02  -3.458622e-01   3.213186e-01  -6.715696e-02  -1.190689e+02
  5.1232260128749e+00   9.878923e-01   7.492173e-01   6.250572e+01   3.267470e-03  -1.497844e-02  -3.492019e-01   3.211684e-01  -6.953783e-02  -1.190609e+02
  5.1254238790323e+00   9.895308e-01   7.418168e-01   6.250195e+01   3.233237e-03  -1.617253e-02  -3.480120e-01   3.210135e-01  -7.146505e-02  -1.190538e+02
  5.1276217451897e+00   9.911527e-01   7.340521e-01   6.249836e+01   3.196000e-03  -1.771247e-02  -3.435372e-01   3.208549e-01  -7.281776e-02  -1.190469e+02
  5.1298196113470e+00   9.927571e-01   7.258756e-01   6.249474e+01   3.155028e-03  -1.957044e-02  -3.366756e-01   3.206941e-01  -7.354993e-02  -1.190399e+02
  5.1320174775044e+00   9.943430e-01   7.172363e-01   6.249102e+01   3.109800e-03  -2.158610e-02  -3.278684e-01   3.205323e-01  -7.370111e-02  -1.190328e+02
  5.1342153436618e+00   9.959094e-01   7.081424e-01   6.248718e+01   3.060248e-03  -2.350460e-02  -3.171215e-01   3.203706e-01  -7.338616e-02  -1.190254e+02
  5.1364132098192e+00   9.974554e-01   6.987163e-01   6.248323e+01   3.006899e-03  -2.504224e-02  -3.041045e-01   3.202100e-01  -7.276987e-02  -1.190178e+02
  5.1386110759766e+00   9.989806e-01   6.892215e-01   6.247916e+01   2.950853e-03  -2.595823e-02  -2.882874e-01   3.200509e-01  -7.203403e-02  -1.190099e+02
  5.1408089421340e+00   1.000485e+00   6.800515e-01   6.247510e+01   2.893634e-03  -2.610909e-02  -2.691062e-01   3.198933e-01  -7.134417e-02  -1.190021e+02
  5.1430068082914e+00   1.001971e+00   6.716867e-01   6.247140e+01   2.836952e-03  -2.546992e-02  -2.461609e-01   3.197371e-01  -7.082198e-02  -1.189950e+02
  5.1452046744488e+00   1.003439e+00   6.646336e-01   6.246869e+01   2.782457e-03  -2.411915e-02  -2.194220e-01   3.195817e-01  -7.052824e-02  -1.189897e+02
  5.1474025406062e+00   1.004894e+00   6.593648e-01   6.246769e+01   2.731559e-03  -2.219693e-02  -1.893789e-01   3.194268e-01  -7.045966e-02  -1.189876e+02
  5.1496004067635e+00   1.006340e+00   6.562703e-01   6.246898e+01   2.685346e-03  -1.985549e-02  -1.570514e-01   3.192718e-01  -7.056004e-02  -1.189899e+02
  5.1517982729209e+00   1.007782e+00   6.556224e-01   6.247279e+01   2.644602e-03  -1.722076e-02  -1.238231e-01   3.191166e-01  -7.074187e-02  -1.189970e+02
  5.1539961390783e+00   1.009225e+00   6.575481e-01   6.247889e+01   2.609877e-03  -1.437746e-02  -9.113831e-02   3.189609e-01  -7.091075e-02  -1.190085e+02
  5.1561940052357e+00   1.010675e+00   6.620078e-01   6.248676e+01   2.581573e-03  -1.137872e-02  -6.017951e-02   3.188050e-01  -7.098414e-02  -1.190233e+02
  5.1583918713931e+00   1.012137e+00   6.687814e-01   6.249582e+01   2.559980e-03  -8.270720e-03  -3.166900e-02   3.186491e-01  -7.089938e-02  -1.190405e+02
  5.1605897375505e+00   1.013617e+00   6.774721e-01   6.250570e+01   2.545268e-03  -5.116979e-03  -5.876421e-03   3.184935e-01  -7.061116e-02  -1.190592e+02
  5.1627876037079e+00   1.015117e+00   6.875359e-01   6.251622e+01   2.537437e-03  -2.009072e-03   1.719221e-02   3.183389e-01  -7.008380e-02  -1.190791e+02
  5.1649854698653e+00   1.016640e+00   6.983361e-01   6.252737e+01   2.536264e-03   9.416516e-04   3.755018e-02   3.181858e-01  -6.928524e-02  -1.191003e+02
  5.1671833360227e+00   1.018187e+00   7.092122e-01   6.253906e+01   2.541283e-03   3.626229e-03   5.508330e-02   3.180347e-01  -6.818645e-02  -1.191225e+02
  5.1693812021801e+00   1.019757e+00   7.195429e-01   6.255102e+01   2.551820e-03   5.961774e-03   6.958830e-02   3.178864e-01  -6.676621e-02  -1.191452e+02
  5.1715790683374e+00   1.021348e+00   7.287881e-01   6.256280e+01   2.567057e-03   7.903904e-03   8.096369e-02   3.177416e-01  -6.501678e-02  -1.191676e+02
  5.1737769344948e+00   1.022959e+00   7.365039e-01   6.257398e+01   2.586119e-03   9.441863e-03   8.941878e-02   3.176010e-01  -6.294664e-02  -1.191888e+02
  5.1759748006522e+00   1.024584e+00   7.423408e-01   6.258437e+01   2.608122e-03   1.058052e-02   9.554814e-02   3.174652e-01  -6.057899e-02  -1.192086e+02
  5.1781726668096e+00   1.026219e+00   7.460415e-01   6.259407e+01   2.632191e-03   1.132126e-02   1.001968e-01   3.173349e-01  -5.794903e-02  -1.192271e+02
  5.1803705329670e+00   1.027861e+00   7.474498e-01   6.260339e+01   2.657440e-03   1.165447e-02   1.041683e-01   3.172107e-01  -5.510438e-02  -1.192448e+02
  5.1825683991244e+00   1.029503e+00   7.465330e-01   6.261265e+01   2.682961e-03   1.156929e-02   1.079228e-01   3.170929e-01  -5.211114e-02  -1.192624e+02
  5.1847662652818e+00   1.031140e+00   7.434046e-01   6.262187e+01   2.707846e-03   1.107505e-02   1.114217e-01   3.169817e-01  -4.906297e-02  -1.192800e+02
  5.1869641314392e+00   1.032768e+00   7.383296e-01   6.263078e+01   2.731249e-03   1.022078e-02   1.141874e-01   3.168771e-01  -4.608616e-02  -1.192970e+02
  5.1891619975966e+00   1.034384e+00   7.317050e-01   6.263886e+01   2.752479e-03   9.098556e-03   1.155296e-01   3.167789e-01  -4.333259e-02  -1.193124e+02
  5.1913598637539e+00   1.035983e+00   7.240139e-01   6.264563e+01   2.771077e-03   7.825159e-03   1.148071e-01   3.166862e-01  -4.095734e-02  -1.193252e+02
  5.1935577299113e+00   1.037566e+00   7.157744e-01   6.265089e+01   2.786829e-03   6.508632e-03   1.115998e-01   3.165983e-01  -3.908568e-02  -1.193353e+02
  5.1957555960687e+00   1.039130e+00   7.074969e-01   6.265482e+01   2.799714e-03   5.216107e-03   1.057387e-01   3.165138e-01  -3.778179e-02  -1.193427e+02
  5.1979534622261e+00   1.040676e+00   6.996630e-01   6.265786e+01   2.809797e-03   3.959463e-03   9.723952e-02   3.164316e-01  -3.703327e-02  -1.193485e+02
  5.2001513283835e+00   1.042206e+00   6.927188e-01   6.266046e+01   2.817122e-03   2.706487e-03   8.622809e-02   3.163505e-01  -3.676000e-02  -1.193534e+02
  5.2023491945409e+00   1.043723e+00   6.870658e-01   6.266281e+01   2.821648e-03   1.411616e-03   7.292845e-02   3.162696e-01  -3.684449e-02  -1.193579e+02
  5.2045470606983e+00   1.045228e+00   6.830356e-01   6.266476e+01   2.823254e-03   4.980863e-05   5.771536e-02   3.161883e-01  -3.717011e-02  -1.193616e+02
  5.2067449268557e+00   1.046727e+00   6.808435e-01   6.266597e+01   2.821810e-03  -1.364255e-03   4.117457e-02   3.161061e-01  -3.764966e-02  -1.193639e+02
  5.2089427930131e+00   1.048223e+00   6.805360e-01   6.266608e+01   2.817254e-03  -2.781082e-03   2.410330e-02   3.160227e-01  -3.823172e-02  -1.193641e+02
  5.2111406591705e+00   1.049720e+00   6.819584e-01   6.266502e+01   2.809647e-03  -4.141419e-03   7.421757e-03   3.159379e-01  -3.888449e-02  -1.193621e+02
  5.2133385253278e+00   1.051222e+00   6.847655e-01   6.266299e+01   2.799154e-03  -5.406586e-03  -7.976526e-03   3.158517e-01  -3.956874e-02  -1.193583e+02
  5.2155363914852e+00   1.052731e+00   6.884789e-01   6.266042e+01   2.785985e-03  -6.576964e-03  -2.137413e-02   3.157640e-01  -4.021696e-02  -1.193534e+02
  5.2177342576426e+00   1.054249e+00   6.925761e-01   6.265773e+01   2.770308e-03  -7.688806e-03  -3.232376e-02   3.156751e-01  -4.073171e-02  -1.193483e+02
  5.2199321238000e+00   1.055776e+00   6.965778e-01   6.265514e+01   2.752196e-03  -8.792289e-03  -4.066744e-02   3.155852e-01  -4.100522e-02  -1.193434e+02
  5.2221299899574e+00   1.057310e+00   7.001058e-01   6.265257e+01   2.731628e-03  -9.924415e-03  -4.649843e-02   3.154952e-01  -4.095085e-02  -1.193386e+02
  5.2243278561148e+00   1.058852e+00   7.028961e-01   6.264978e+01   2.708531e-03  -1.109307e-02  -5.009965e-02   3.154056e-01  -4.053152e-02  -1.193333e+02
  5.2265257222722e+00   1.060399e+00   7.047762e-01   6.264647e+01   2.682844e-03  -1.228146e-02  -5.188486e-02   3.153174e-01  -3.977262e-02  -1.193270e+02
  5.2287235884296e+00   1.061949e+00   7.056324e-01   6.264238e+01   2.654545e-03  -1.346956e-02  -5.235039e-02   3.152311e-01  -3.875517e-02  -1.193193e+02
  5.2309214545870e+00   1.063500e+00   7.053901e-01   6.263739e+01   2.623635e-03  -1.465800e-02  -5.203149e-02   3.151472e-01  -3.759411e-02  -1.193098e+02
  5.2331193207443e+00   1.065049e+00   7.040218e-01   6.263146e+01   2.590078e-03  -1.587744e-02  -5.145593e-02   3.150658e-01  -3.641214e-02  -1.192985e+02
  5.2353171869017e+00   1.066594e+00   7.015741e-01   6.262459e+01   2.553758e-03  -1.717352e-02  -5.109468e-02   3.149870e-01  -3.531874e-02  -1.192854e+02
  5.2375150530591e+00   1.068132e+00   6.981950e-01   6.261682e+01   2.514475e-03  -1.857217e-02  -5.131646e-02   3.149104e-01  -3.439976e-02  -1.192706e+02
  5.2397129192165e+00   1.069662e+00   6.941409e-01   6.260827e+01   2.472041e-03  -2.004182e-02  -5.235471e-02   3.148355e-01  -3.371717e-02  -1.192543e+02
  5.2419107853739e+00   1.071183e+00   6.897501e-01   6.259919e+01   2.426419e-03  -2.147352e-02  -5.429193e-02   3.147618e-01  -3.331449e-02  -1.192370e+02
  5.2441086515313e+00   1.072694e+00   6.853920e-01   6.258999e+01   2.377884e-03  -2.269183e-02  -5.706164e-02   3.146887e-01  -3.322264e-02  -1.192194e+02
  5.2463065176887e+00   1.074196e+00   6.814044e-01   6.258121e+01   2.327128e-03  -2.349470e-02  -6.046558e-02   3.146155e-01  -3.346265e-02  -1.192026e+02
  5.2485043838461e+00   1.075690e+00   6.780435e-01   6.257349e+01   2.275258e-03  -2.370562e-02  -6.420304e-02   3.145413e-01  -3.404452e-02  -1.191879e+02
  5.2507022500035e+00   1.077177e+00   6.754592e-01   6.256741e+01   2.223695e-03  -2.321559e-02  -6.790841e-02   3.144654e-01  -3.496348e-02  -1.191763e+02
  5.2529001161609e+00   1.078660e+00   6.736993e-01   6.256343e+01   2.174008e-03  -2.199815e-02  -7.119173e-02   3.143872e-01  -3.619643e-02  -1.191686e+02
  5.2550979823182e+00   1.080139e+00   6.727366e-01   6.256181e+01   2.127750e-03  -2.009525e-02  -7.367637e-02   3.143060e-01  -3.770027e-02  -1.191655e+02
  5.2572958484756e+00   1.081618e+00   6.725026e-01   6.256252e+01   2.086340e-03  -1.758684e-02  -7.503017e-02   3.142213e-01  -3.941274e-02  -1.191668e+02
  5.2594937146330e+00   1.083096e+00   6.729170e-01   6.256533e+01   2.051008e-03  -1.456423e-02  -7.498976e-02   3.141326e-01  -4.125537e-02  -1.191722e+02
  5.2616915807904e+00   1.084576e+00   6.739003e-01   6.256983e+01   2.022779e-03  -1.112360e-02  -7.338264e-02   3.140399e-01  -4.313720e-02  -1.191808e+02
  5.2638894469478e+00   1.086059e+00   6.753711e-01   6.257555e+01   2.002442e-03  -7.382555e-03  -7.015239e-02   3.139431e-01  -4.495877e-02  -1.191917e+02
  5.2660873131052e+00   1.087546e+00   6.772314e-01   6.258205e+01   1.990473e-03  -3.508197e-03  -6.538849e-02   3.138424e-01  -4.661663e-02  -1.192040e+02
  5.2682851792626e+00   1.089036e+00   6.793521e-01   6.258899e+01   1.986908e-03   2.634084e-04  -5.935338e-02   3.137385e-01  -4.800918e-02  -1.192173e+02
  5.2704830454200e+00   1.090532e+00   6.815658e-01   6.259618e+01   1.991190e-03   3.633776e-03  -5.249016e-02   3.136318e-01  -4.904480e-02  -1.192310e+02
  5.2726809115774e+00   1.092032e+00   6.836755e-01   6.260343e+01   2.002085e-03   6.279883e-03  -4.539212e-02   3.135234e-01  -4.965193e-02  -1.192448e+02
  5.2748787777347e+00   1.093537e+00   6.854761e-01   6.261057e+01   2.017682e-03   7.913279e-03  -3.872383e-02   3.134141e-01  -4.978992e-02  -1.192584e+02
  5.2770766438921e+00   1.095045e+00   6.867824e-01   6.261732e+01   2.035543e-03   8.339613e-03  -3.310449e-02   3.133050e-01  -4.945808e-02  -1.192712e+02
  5.2792745100495e+00   1.096555e+00   6.874517e-01   6.262334e+01   2.052946e-03   7.496895e-03  -2.898682e-02   3.131971e-01  -4.870049e-02  -1.192827e+02
  5.2814723762069e+00   1.098066e+00   6.873927e-01   6.262829e+01   2.067185e-03   5.460047e-03  -2.657713e-02   3.130913e-01  -4.760483e-02  -1.192921e+02
  5.2836702423643e+00   1.099576e+00   6.865585e-01   6.263194e+01   2.075837e-03   2.413542e-03  -2.583169e-02   3.129881e-01  -4.629473e-02  -1.192990e+02
  5.2858681085217e+00   1.101083e+00   6.849276e-01   6.263430e+01   2.076958e-03  -1.393795e-03  -2.653240e-02   3.128879e-01  -4.491666e-02  -1.193035e+02
  5.2880659746791e+00   1.102586e+00   6.824860e-01   6.263564e+01   2.069170e-03  -5.693282e-03  -2.840554e-02   3.127906e-01  -4.362338e-02  -1.193061e+02
  5.2902638408365e+00   1.104082e+00   6.792213e-01   6.263643e+01   2.051675e-03  -1.022616e-02  -3.122332e-02   3.126959e-01  -4.255642e-02  -1.193076e+02
  5.2924617069939e+00   1.105571e+00   6.751342e-01   6.263722e+01   2.024223e-03  -1.475507e-02  -3.483596e-02   3.126031e-01  -4.182976e-02  -1.193092e+02
  5.2946595731513e+00   1.107049e+00   6.702642e-01   6.263840e+01   1.987058e-03  -1.906384e-02  -3.911983e-02   3.125115e-01  -4.151629e-02  -1.193115e+02
  5.2968574393086e+00   1.108516e+00   6.647182e-01   6.264017e+01   1.940880e-03  -2.295696e-02  -4.387513e-02   3.124202e-01  -4.163859e-02  -1.193150e+02
  5.2990553054660e+00   1.109971e+00   6.586883e-01   6.264246e+01   1.886785e-03  -2.626788e-02  -4.873635e-02   3.123281e-01  -4.216531e-02  -1.193195e+02
  5.3012531716234e+00   1.111411e+00   6.524477e-01   6.264503e+01   1.826185e-03  -2.887689e-02  -5.315394e-02   3.122345e-01  -4.301509e-02  -1.193245e+02
  5.3034510377808e+00   1.112839e+00   6.463235e-01   6.264756e+01   1.760679e-03  -3.073182e-02  -5.646838e-02   3.121388e-01  -4.406967e-02  -1.193295e+02
  5.3056489039382e+00   1.114253e+00   6.406549e-01   6.264977e+01   1.691895e-03  -3.185978e-02  -5.805010e-02   3.120407e-01  -4.519572e-02  -1.193338e+02
  5.3078467700956e+00   1.115656e+00   6.357485e-01   6.265139e+01   1.621320e-03  -3.236092e-02  -5.744711e-02   3.119401e-01  -4.627198e-02  -1.193369e+02
  5.3100446362530e+00   1.117049e+00   6.318426e-01   6.265223e+01   1.550172e-03  -3.238199e-02  -5.448005e-02   3.118374e-01  -4.721479e-02  -1.193385e+02
  5.3122425024104e+00   1.118434e+00   6.290883e-01   6.265210e+01   1.479336e-03  -3.207704e-02  -4.925156e-02   3.117328e-01  -4.799346e-02  -1.193383e+02
  5.3144403685678e+00   1.119815e+00   6.275457e-01   6.265087e+01   1.409394e-03  -3.156811e-02  -4.207427e-02   3.116266e-01  -4.862888e-02  -1.193359e+02
  5.3166382347251e+00   1.121194e+00   6.271916e-01   6.264852e+01   1.340724e-03  -3.092003e-02  -3.335303e-02   3.115191e-01  -4.917469e-02  -1.193313e+02
  5.3188361008825e+00   1.122573e+00   6.279321e-01   6.264515e+01   1.273626e-03  -3.013777e-02  -2.346838e-02   3.114105e-01  -4.968670e-02  -1.193248e+02
  5.3210339670399e+00   1.123955e+00   6.296143e-01   6.264103e+01   1.208433e-03  -2.918616e-02  -1.270099e-02   3.113007e-01  -5.019182e-02  -1.193169e+02
  5.3232318331973e+00   1.125342e+00   6.320367e-01   6.263653e+01   1.145563e-03  -2.802327e-02  -1.215448e-03   3.111899e-01  -5.066796e-02  -1.193082e+02
  5.3254296993547e+00   1.126734e+00   6.349587e-01   6.263201e+01   1.085499e-03  -2.663366e-02   1.090330e-02   3.110781e-01  -5.104227e-02  -1.192995e+02
  5.3276275655121e+00   1.128133e+00   6.381113e-01   6.262776e+01   1.028703e-03  -2.504896e-02   2.358730e-02   3.109658e-01  -5.120739e-02  -1.192913e+02
  5.3298254316695e+00   1.129539e+00   6.412112e-01   6.262389e+01   9.755171e-04  -2.334900e-02   3.673115e-02   3.108534e-01  -5.104929e-02  -1.192839e+02
  5.3320232978269e+00   1.130952e+00   6.439811e-01   6.262037e+01   9.260714e-04  -2.164534e-02   5.017224e-02   3.107418e-01  -5.047621e-02  -1.192772e+02
  5.3342211639843e+00   1.132369e+00   6.461757e-01   6.261703e+01   8.802447e-04  -2.005577e-02   6.371228e-02   3.106320e-01  -4.944018e-02  -1.192708e+02
  5.3364190301417e+00   1.133791e+00   6.476107e-01   6.261368e+01   8.376752e-04  -1.868128e-02   7.716354e-02   3.105250e-01  -4.794631e-02  -1.192644e+02
  5.3386168962990e+00   1.135215e+00   6.481900e-01   6.261015e+01   7.978113e-04  -1.759390e-02   9.038985e-02   3.104217e-01  -4.605063e-02  -1.192577e+02
  5.3408147624564e+00   1.136639e+00   6.479246e-01   6.260633e+01   7.599732e-04  -1.683771e-02   1.033155e-01   3.103229e-01  -4.385059e-02  -1.192505e+02
  5.3430126286138e+00   1.138062e+00   6.469359e-01   6.260217e+01   7.234048e-04  -1.643853e-02   1.158948e-01   3.102292e-01  -4.147301e-02  -1.192426e+02
  5.3452104947712e+00   1.139483e+00   6.454402e-01   6.259771e+01   6.873020e-04  -1.641403e-02   1.280570e-01   3.101406e-01  -3.906282e-02  -1.192341e+02
  5.3474083609286e+00   1.140899e+00   6.437144e-01   6.259300e+01   6.508268e-04  -1.677744e-02   1.396559e-01   3.100573e-01  -3.677296e-02  -1.192252e+02
  5.3496062270860e+00   1.142312e+00   6.420522e-01   6.258820e+01   6.131227e-04  -1.753232e-02   1.504484e-01   3.099787e-01  -3.475403e-02  -1.192161e+02
  5.3518040932434e+00   1.143722e+00   6.407194e-01   6.258350e+01   5.733473e-04  -1.866221e-02   1.601083e-01   3.099041e-01  -3.314167e-02  -1.192071e+02
  5.3540019594008e+00   1.145129e+00   6.399202e-01   6.257919e+01   5.307258e-04  -2.012221e-02   1.682642e-01   3.098325e-01  -3.204125e-02  -1.191990e+02
  5.3561998255582e+00   1.146536e+00   6.397799e-01   6.257560e+01   4.846136e-04  -2.183868e-02   1.745392e-01   3.097626e-01  -3.151199e-02  -1.191921e+02
  5.3583976917155e+00   1.147943e+00   6.403474e-01   6.257304e+01   4.345488e-04  -2.371895e-02   1.785808e-01   3.096933e-01  -3.155466e-02  -1.191873e+02
  5.3605955578729e+00   1.149351e+00   6.416087e-01   6.257179e+01   3.802770e-04  -2.566693e-02   1.800801e-01   3.096234e-01  -3.210769e-02  -1.191849e+02
  5.3627934240303e+00   1.150764e+00   6.435061e-01   6.257193e+01   3.217433e-04  -2.759717e-02   1.787980e-01   3.095517e-01  -3.305450e-02  -1.191852e+02
  5.3649912901877e+00   1.152181e+00   6.459523e-01   6.257337e+01   2.590622e-04  -2.944100e-02   1.746078e-01   3.094778e-01  -3.424160e-02  -1.191879e+02
  5.3671891563451e+00   1.153604e+00   6.488377e-01   6.257586e+01   1.924845e-04  -3.114297e-02   1.675559e-01   3.094012e-01  -3.550320e-02  -1.191926e+02
  5.3693870225025e+00   1.155033e+00   6.520286e-01   6.257907e+01   1.223779e-04  -3.265218e-02   1.579191e-01   3.093218e-01  -3.668579e-02  -1.191987e+02
  5.3715848886599e+00   1.156470e+00   6.553650e-01   6.258267e+01   4.922313e-05  -3.391669e-02   1.462259e-01   3.092401e-01  -3.766636e-02  -1.192055e+02
  5.3737827548173e+00   1.157914e+00   6.586637e-01   6.258643e+01  -2.638797e-05  -3.488740e-02   1.332166e-01   3.091566e-01  -3.836084e-02  -1.192125e+02
  5.3759806209747e+00   1.159365e+00   6.617289e-01   6.259022e+01  -1.037747e-04  -3.553244e-02   1.197375e-01   3.090719e-01  -3.872295e-02  -1.192197e+02
  5.3781784871321e+00   1.160822e+00   6.643735e-01   6.259404e+01  -1.822250e-04  -3.585530e-02   1.065941e-01   3.089868e-01  -3.873714e-02  -1.192269e+02
  5.3803763532894e+00   1.162285e+00   6.664432e-01   6.259786e+01  -2.610860e-04  -3.590615e-02   9.441051e-02   3.089020e-01  -3.841063e-02  -1.192342e+02
  5.3825742194468e+00   1.163751e+00   6.678363e-01   6.260163e+01  -3.398613e-04  -3.577722e-02   8.354313e-02   3.088183e-01  -3.776832e-02  -1.192413e+02
  5.3847720856042e+00   1.165219e+00   6.685129e-01   6.260524e+01  -4.182786e-04  -3.558050e-02   7.407741e-02   3.087362e-01  -3.685173e-02  -1.192482e+02
  5.3869699517616e+00   1.166689e+00   6.684907e-01   6.260854e+01  -4.962981e-04  -3.541515e-02   6.590150e-02   3.086565e-01  -3.571996e-02  -1.192544e+02
  5.3891678179190e+00   1.168157e+00   6.678314e-01   6.261142e+01  -5.740512e-04  -3.533808e-02   5.882067e-02   3.085794e-01  -3.444920e-02  -1.192599e+02
  5.3913656840764e+00   1.169624e+00   6.666234e-01   6.261393e+01  -6.517328e-04  -3.535019e-02   5.266207e-02   3.085051e-01  -3.312795e-02  -1.192647e+02
  5.3935635502338e+00   1.171087e+00   6.649699e-01   6.261623e+01  -7.294871e-04  -3.540415e-02   4.733062e-02   3.084337e-01  -3.184722e-02  -1.192691e+02
  5.3957614163912e+00   1.172546e+00   6.629855e-01   6.261860e+01  -8.073277e-04  -3.542879e-02   4.280481e-02   3.083650e-01  -3.068830e-02  -1.192736e+02
  5.3979592825486e+00   1.174001e+00   6.608003e-01   6.262131e+01  -8.851181e-04  -3.535839e-02   3.909286e-02   3.082986e-01  -2.971199e-02  -1.192787e+02
  5.4001571487059e+00   1.175451e+00   6.585676e-01   6.262455e+01  -9.626056e-04  -3.515318e-02   3.618620e-02   3.082342e-01  -2.895336e-02  -1.192849e+02
  5.4023550148633e+00   1.176896e+00   6.564658e-01   6.262831e+01  -1.039484e-03  -3.480373e-02   3.404253e-02   3.081711e-01  -2.842330e-02  -1.192921e+02
  5.4045528810207e+00   1.178337e+00   6.546904e-01   6.263245e+01  -1.115446e-03  -3.432043e-02   3.260726e-02   3.081090e-01  -2.811556e-02  -1.193000e+02
  5.4067507471781e+00   1.179775e+00   6.534348e-01   6.263670e+01  -1.190215e-03  -3.371705e-02   3.185606e-02   3.080473e-01  -2.801543e-02  -1.193081e+02
  5.4089486133355e+00   1.181210e+00   6.528631e-01   6.264082e+01  -1.263532e-03  -3.299917e-02   3.182613e-02   3.079856e-01  -2.810643e-02  -1.193160e+02
  5.4111464794929e+00   1.182645e+00   6.530852e-01   6.264461e+01  -1.335142e-03  -3.216417e-02   3.260985e-02   3.079235e-01  -2.837281e-02  -1.193232e+02
  5.4133443456503e+00   1.184082e+00   6.541385e-01   6.264801e+01  -1.404788e-03  -3.121204e-02   3.430555e-02   3.078607e-01  -2.879835e-02  -1.193297e+02
  5.4155422118077e+00   1.185522e+00   6.559837e-01   6.265096e+01  -1.472232e-03  -3.015981e-02   3.694496e-02   3.077968e-01  -2.936325e-02  -1.193354e+02
  5.4177400779651e+00   1.186966e+00   6.585113e-01   6.265340e+01  -1.537300e-03  -2.905061e-02   4.043089e-02   3.077315e-01  -3.004138e-02  -1.193400e+02
  5.4199379441225e+00   1.188417e+00   6.615556e-01   6.265524e+01  -1.599942e-03  -2.795185e-02   4.451471e-02   3.076647e-01  -3.079901e-02  -1.193436e+02
  5.4221358102798e+00   1.189875e+00   6.649102e-01   6.265633e+01  -1.660268e-03  -2.694293e-02   4.882420e-02   3.075961e-01  -3.159472e-02  -1.193457e+02
  5.4243336764372e+00   1.191340e+00   6.683414e-01   6.265652e+01  -1.718557e-03  -2.609852e-02   5.292989e-02   3.075258e-01  -3.238014e-02  -1.193461e+02
  5.4265315425946e+00   1.192812e+00   6.715990e-01   6.265581e+01  -1.775232e-03  -2.547479e-02   5.642236e-02   3.074538e-01  -3.310115e-02  -1.193447e+02
  5.4287294087520e+00   1.194291e+00   6.744269e-01   6.265426e+01  -1.830814e-03  -2.510330e-02   5.897240e-02   3.073804e-01  -3.370037e-02  -1.193418e+02
  5.4309272749094e+00   1.195776e+00   6.765776e-01   6.265208e+01  -1.885866e-03  -2.499279e-02   6.035871e-02   3.073059e-01  -3.412174e-02  -1.193377e+02
  5.4331251410668e+00   1.197264e+00   6.778298e-01   6.264952e+01  -1.940953e-03  -2.513462e-02   6.046525e-02   3.072307e-01  -3.431749e-02  -1.193328e+02
  5.4353230072242e+00   1.198754e+00   6.780093e-01   6.264680e+01  -1.996605e-03  -2.550709e-02   5.926351e-02   3.071553e-01  -3.425655e-02  -1.193277e+02
  5.4375208733816e+00   1.200243e+00   6.770053e-01   6.264408e+01  -2.053291e-03  -2.607574e-02   5.679626e-02   3.070804e-01  -3.393190e-02  -1.193225e+02
  5.4397187395390e+00   1.201729e+00   6.747790e-01   6.264143e+01  -2.111388e-03  -2.679111e-02   5.317023e-02   3.070064e-01  -3.336471e-02  -1.193175e+02
  5.4419166056963e+00   1.203208e+00   6.713609e-01   6.263893e+01  -2.171146e-03  -2.758743e-02   4.855201e-02   3.069339e-01  -3.260335e-02  -1.193127e+02
  5.4441144718537e+00   1.204679e+00   6.668368e-01   6.263667e+01  -2.232658e-03  -2.838669e-02   4.315446e-02   3.068632e-01  -3.171749e-02  -1.193084e+02
  5.4463123380111e+00   1.206138e+00   6.613287e-01   6.263480e+01  -2.295842e-03  -2.910915e-02   3.720412e-02   3.067945e-01  -3.078878e-02  -1.193048e+02
  5.4485102041685e+00   1.207585e+00   6.549765e-01   6.263354e+01  -2.360457e-03  -2.968830e-02   3.089244e-02   3.067278e-01  -2.990036e-02  -1.193024e+02
  5.4507080703259e+00   1.209017e+00   6.479250e-01   6.263312e+01  -2.426144e-03  -3.008504e-02   2.432685e-02   3.066629e-01  -2.912778e-02  -1.193016e+02
  5.4529059364833e+00   1.210432e+00   6.403209e-01   6.263372e+01  -2.492498e-03  -3.029575e-02   1.750289e-02   3.065996e-01  -2.853259e-02  -1.193027e+02
  5.4551038026407e+00   1.211831e+00   6.323148e-01   6.263544e+01  -2.559145e-03  -3.035093e-02   1.031176e-02   3.065373e-01  -2.815890e-02  -1.193060e+02
  5.4573016687981e+00   1.213212e+00   6.240655e-01   6.263827e+01  -2.625801e-03  -3.030464e-02   2.582456e-03   3.064755e-01  -2.803259e-02  -1.193114e+02
  5.4594995349555e+00   1.214574e+00   6.157413e-01   6.264213e+01  -2.692312e-03  -3.021826e-02  -5.856725e-03   3.064138e-01  -2.816188e-02  -1.193187e+02
  5.4616974011129e+00   1.215918e+00   6.075140e-01   6.264690e+01  -2.758646e-03  -3.014386e-02  -1.511878e-02   3.063515e-01  -2.853861e-02  -1.193278e+02
  5.4638952672702e+00   1.217245e+00   5.995495e-01   6.265253e+01  -2.824863e-03  -3.011212e-02  -2.521672e-02   3.062881e-01  -2.913954e-02  -1.193385e+02
  5.4660931334276e+00   1.218554e+00   5.919959e-01   6.265898e+01  -2.891063e-03  -3.012773e-02  -3.604508e-02   3.062232e-01  -2.992795e-02  -1.193508e+02
  5.4682909995850e+00   1.219848e+00   5.849764e-01   6.266628e+01  -2.957328e-03  -3.017252e-02  -4.737889e-02   3.061564e-01  -3.085543e-02  -1.193647e+02
  5.4704888657424e+00   1.221126e+00   5.785885e-01   6.267448e+01  -3.023689e-03  -3.021397e-02  -5.888248e-02   3.060874e-01  -3.186456e-02  -1.193803e+02
  5.4726867318998e+00   1.222392e+00   5.729085e-01   6.268355e+01  -3.090097e-03  -3.021560e-02  -7.012559e-02   3.060163e-01  -3.289231e-02  -1.193976e+02
  5.4748845980572e+00   1.223645e+00   5.679965e-01   6.269342e+01  -3.156430e-03  -3.014590e-02  -8.061107e-02   3.059429e-01  -3.387401e-02  -1.194164e+02
  5.4770824642146e+00   1.224889e+00   5.638996e-01   6.270394e+01  -3.222509e-03  -2.998415e-02  -8.982079e-02   3.058675e-01  -3.474743e-02  -1.194365e+02
  5.4792803303720e+00   1.226125e+00   5.606471e-01   6.271490e+01  -3.288124e-03  -2.972315e-02  -9.728106e-02   3.057903e-01  -3.545654e-02  -1.194574e+02
  5.4814781965294e+00   1.227355e+00   5.582426e-01   6.272607e+01  -3.353063e-03  -2.937042e-02  -1.026375e-01   3.057119e-01  -3.595416e-02  -1.194786e+02
  5.4836760626867e+00   1.228580e+00   5.566556e-01   6.273722e+01  -3.417153e-03  -2.894915e-02  -1.057199e-01   3.056326e-01  -3.620355e-02  -1.194999e+02
  5.4858739288441e+00   1.229802e+00   5.558183e-01   6.274815e+01  -3.480284e-03  -2.849899e-02  -1.065758e-01   3.055530e-01  -3.617894e-02  -1.195207e+02
  5.4880717950015e+00   1.231024e+00   5.556323e-01   6.275864e+01  -3.542456e-03  -2.807533e-02  -1.054574e-01   3.054738e-01  -3.586544e-02  -1.195407e+02
  5.4902696611589e+00   1.232245e+00   5.559817e-01   6.276850e+01  -3.603798e-03  -2.774454e-02  -1.027629e-01   3.053957e-01  -3.525924e-02  -1.195594e+02
  5.4924675273163e+00   1.233468e+00   5.567504e-01   6.277752e+01  -3.664589e-03  -2.757409e-02  -9.894872e-02   3.053192e-01  -3.436852e-02  -1.195766e+02
  5.4946653934737e+00   1.234693e+00   5.578359e-01   6.278550e+01  -3.725242e-03  -2.761827e-02  -9.443663e-02   3.052449e-01  -3.321492e-02  -1.195917e+02
  5.4968632596311e+00   1.235921e+00   5.591574e-01   6.279225e+01  -3.786257e-03  -2.790354e-02  -8.954248e-02   3.051734e-01  -3.183488e-02  -1.196046e+02
  5.4990611257885e+00   1.237151e+00   5.606548e-01   6.279767e+01  -3.848150e-03  -2.841811e-02  -8.444102e-02   3.051051e-01  -3.027917e-02  -1.196149e+02
  5.5012589919459e+00   1.238385e+00   5.622849e-01   6.280172e+01  -3.911370e-03  -2.911012e-02  -7.916920e-02   3.050404e-01  -2.860986e-02  -1.196226e+02
  5.5034568581033e+00   1.239623e+00   5.640149e-01   6.280442e+01  -3.976213e-03  -2.989502e-02  -7.365768e-02   3.049794e-01  -2.689424e-02  -1.196277e+02
  5.5056547242606e+00   1.240865e+00   5.658198e-01   6.280592e+01  -4.042769e-03  -3.066973e-02  -6.777529e-02   3.049222e-01  -2.519714e-02  -1.196305e+02
  5.5078525904180e+00   1.242110e+00   5.676817e-01   6.280636e+01  -4.110901e-03  -3.132828e-02  -6.137308e-02   3.048686e-01  -2.357345e-02  -1.196313e+02
  5.5100504565754e+00   1.243360e+00   5.695902e-01   6.280596e+01  -4.180246e-03  -3.177432e-02  -5.432153e-02   3.048185e-01  -2.206295e-02  -1.196305e+02
  5.5122483227328e+00   1.244614e+00   5.715417e-01   6.280489e+01  -4.250251e-03  -3.192812e-02  -4.654014e-02   3.047715e-01  -2.068839e-02  -1.196285e+02
  5.5144461888902e+00   1.245872e+00   5.735356e-01   6.280332e+01  -4.320206e-03  -3.172909e-02  -3.802141e-02   3.047274e-01  -1.945642e-02  -1.196255e+02
  5.5166440550476e+00   1.247135e+00   5.755691e-01   6.280142e+01  -4.389292e-03  -3.113714e-02  -2.884827e-02   3.046858e-01  -1.836008e-02  -1.196218e+02
  5.5188419212050e+00   1.248403e+00   5.776327e-01   6.279931e+01  -4.456627e-03  -3.013564e-02  -1.920100e-02   3.046466e-01  -1.738128e-02  -1.196178e+02
  5.5210397873624e+00   1.249674e+00   5.797092e-01   6.279713e+01  -4.521323e-03  -2.873662e-02  -9.347767e-03   3.046093e-01  -1.649271e-02  -1.196136e+02
  5.5232376535198e+00   1.250951e+00   5.817776e-01   6.279498e+01  -4.582558e-03  -2.698562e-02   3.836637e-04   3.045740e-01  -1.565936e-02  -1.196095e+02
  5.5254355196771e+00   1.252232e+00   5.838186e-01   6.279294e+01  -4.639646e-03  -2.496231e-02   9.648876e-03   3.045405e-01  -1.484069e-02  -1.196056e+02
  5.5276333858345e+00   1.253517e+00   5.858207e-01   6.279108e+01  -4.692104e-03  -2.277374e-02   1.813411e-02   3.045088e-01  -1.399422e-02  -1.196021e+02
  5.5298312519919e+00   1.254807e+00   5.877823e-01   6.278942e+01  -4.739704e-03  -2.054065e-02   2.559462e-02   3.044790e-01  -1.308053e-02  -1.195989e+02
  5.5320291181493e+00   1.256101e+00   5.897081e-01   6.278797e+01  -4.782476e-03  -1.838052e-02   3.187358e-02   3.044514e-01  -1.206865e-02  -1.195962e+02
  5.5342269843067e+00   1.257399e+00   5.916024e-01   6.278673e+01  -4.820690e-03  -1.639356e-02   3.689765e-02   3.044261e-01  -1.094033e-02  -1.195938e+02
  5.5364248504641e+00   1.258701e+00   5.934607e-01   6.278570e+01  -4.854811e-03  -1.465608e-02   4.065302e-02   3.044035e-01  -9.691553e-03  -1.195919e+02
  5.5386227166215e+00   1.260008e+00   5.952632e-01   6.278485e+01  -4.885449e-03  -1.322289e-02   4.315145e-02   3.043836e-01  -8.331091e-03  -1.195903e+02
  5.5408205827789e+00   1.261318e+00   5.969743e-01   6.278415e+01  -4.913316e-03  -1.213538e-02   4.439770e-02   3.043669e-01  -6.876387e-03  -1.195889e+02
  5.5430184489363e+00   1.262632e+00   5.985446e-01   6.278352e+01  -4.939212e-03  -1.142959e-02   4.436848e-02   3.043535e-01  -5.348559e-03  -1.195877e+02
  5.5452163150937e+00   1.263949e+00   5.999186e-01   6.278289e+01  -4.964013e-03  -1.113888e-02   4.300874e-02   3.043435e-01  -3.768185e-03  -1.195865e+02
  5.5474141812510e+00   1.265268e+00   6.010413e-01   6.278222e+01  -4.988660e-03  -1.128895e-02   4.024590e-02   3.043370e-01  -2.153182e-03  -1.195852e+02
  5.5496120474084e+00   1.266590e+00   6.018649e-01   6.278146e+01  -5.014129e-03  -1.188771e-02   3.601706e-02   3.043340e-01  -5.190599e-04  -1.195838e+02
  5.5518099135658e+00   1.267914e+00   6.023536e-01   6.278065e+01  -5.041386e-03  -1.291536e-02   3.029999e-02   3.043347e-01   1.119200e-03  -1.195822e+02
  5.5540077797232e+00   1.269238e+00   6.024858e-01   6.277985e+01  -5.071317e-03  -1.432054e-02   2.313673e-02   3.043389e-01   2.744895e-03  -1.195807e+02
  5.5562056458806e+00   1.270562e+00   6.022568e-01   6.277919e+01  -5.104665e-03  -1.602566e-02   1.464086e-02   3.043467e-01   4.338106e-03  -1.195795e+02
  5.5584035120380e+00   1.271885e+00   6.016816e-01   6.277877e+01  -5.141991e-03  -1.793974e-02   4.984900e-03   3.043579e-01   5.875381e-03  -1.195787e+02
  5.5606013781954e+00   1.273206e+00   6.007983e-01   6.277868e+01  -5.183655e-03  -1.997381e-02  -5.627510e-03   3.043724e-01   7.330221e-03  -1.195785e+02
  5.5627992443528e+00   1.274526e+00   5.996711e-01   6.277895e+01  -5.229839e-03  -2.205242e-02  -1.699349e-02   3.043900e-01   8.673553e-03  -1.195790e+02
  5.5649971105102e+00   1.275842e+00   5.983914e-01   6.277953e+01  -5.280576e-03  -2.411698e-02  -2.893296e-02   3.044104e-01   9.873522e-03  -1.195802e+02
  5.5671949766675e+00   1.277156e+00   5.970746e-01   6.278035e+01  -5.335784e-03  -2.612065e-02  -4.129048e-02   3.044332e-01   1.089457e-02  -1.195817e+02
  5.5693928428249e+00   1.278467e+00   5.958503e-01   6.278129e+01  -5.395279e-03  -2.801838e-02  -5.391520e-02   3.044581e-01   1.169661e-02  -1.195836e+02
  5.5715907089823e+00   1.279775e+00   5.948487e-01   6.278228e+01  -5.458772e-03  -2.975792e-02  -6.662717e-02   3.044843e-01   1.223546e-02  -1.195855e+02
  5.5737885751397e+00   1.281082e+00   5.941846e-01   6.278328e+01  -5.525845e-03  -3.127675e-02  -7.918534e-02   3.045115e-01   1.246571e-02  -1.195874e+02
  5.5759864412971e+00   1.282387e+00   5.939438e-01   6.278431e+01  -5.595938e-03  -3.250677e-02  -9.127273e-02   3.045388e-01   1.234622e-02  -1.195894e+02
  5.5781843074545e+00   1.283693e+00   5.941746e-01   6.278542e+01  -5.668349e-03  -3.338510e-02  -1.025082e-01   3.045653e-01   1.184755e-02  -1.195916e+02
  5.5803821736119e+00   1.285000e+00   5.948875e-01   6.278666e+01  -5.742254e-03  -3.386624e-02  -1.124830e-01   3.045904e-01   1.095962e-02  -1.195940e+02
  5.5825800397693e+00   1.286309e+00   5.960595e-01   6.278805e+01  -5.816758e-03  -3.393092e-02  -1.208108e-01   3.046131e-01   9.697270e-03  -1.195966e+02
  5.5847779059267e+00   1.287620e+00   5.976412e-01   6.278958e+01  -5.890958e-03  -3.358849e-02  -1.271760e-01   3.046327e-01   8.102079e-03  -1.195996e+02
  5.5869757720841e+00   1.288936e+00   5.995619e-01   6.279119e+01  -5.963994e-03  -3.287280e-02  -1.313679e-01   3.046484e-01   6.239505e-03  -1.196026e+02
  5.5891736382414e+00   1.290256e+00   6.017313e-01   6.279283e+01  -6.035103e-03  -3.183407e-02  -1.332936e-01   3.046599e-01   4.192082e-03  -1.196057e+02
  5.5913715043988e+00   1.291581e+00   6.040381e-01   6.279442e+01  -6.103637e-03  -3.053034e-02  -1.329754e-01   3.046668e-01   2.050489e-03  -1.196088e+02
  5.5935693705562e+00   1.292911e+00   6.063502e-01   6.279594e+01  -6.169080e-03  -2.902154e-02  -1.305368e-01   3.046689e-01  -9.523091e-05  -1.196116e+02
  5.5957672367136e+00   1.294246e+00   6.085194e-01   6.279736e+01  -6.231048e-03  -2.736709e-02  -1.261885e-01   3.046664e-01  -2.162488e-03  -1.196143e+02
  5.5979651028710e+00   1.295586e+00   6.103943e-01   6.279868e+01  -6.289284e-03  -2.562607e-02  -1.202157e-01   3.046596e-01  -4.080361e-03  -1.196168e+02
  5.6001629690284e+00   1.296929e+00   6.118386e-01   6.279986e+01  -6.343664e-03  -2.385801e-02  -1.129684e-01   3.046487e-01  -5.791809e-03  -1.196190e+02
  5.6023608351858e+00   1.298275e+00   6.127514e-01   6.280086e+01  -6.394193e-03  -2.212215e-02  -1.048508e-01   3.046344e-01  -7.255110e-03  -1.196209e+02
  5.6045587013432e+00   1.299622e+00   6.130813e-01   6.280162e+01  -6.441003e-03  -2.047436e-02  -9.630669e-02   3.046171e-01  -8.445472e-03  -1.196223e+02
  5.6067565675006e+00   1.300969e+00   6.128303e-01   6.280206e+01  -6.484342e-03  -1.896254e-02  -8.779940e-02   3.045976e-01  -9.356837e-03  -1.196231e+02
  5.6089544336579e+00   1.302315e+00   6.120450e-01   6.280214e+01  -6.524546e-03  -1.762178e-02  -7.978567e-02   3.045763e-01  -1.000286e-02  -1.196233e+02
  5.6111522998153e+00   1.303659e+00   6.108003e-01   6.280186e+01  -6.562012e-03  -1.647135e-02  -7.268497e-02   3.045539e-01  -1.041570e-02  -1.196227e+02
  5.6133501659727e+00   1.305000e+00   6.091797e-01   6.280131e+01  -6.597162e-03  -1.551422e-02  -6.684731e-02   3.045307e-01  -1.064173e-02  -1.196217e+02
  5.6155480321301e+00   1.306336e+00   6.072612e-01   6.280059e+01  -6.630409e-03  -1.473933e-02  -6.252474e-02   3.045073e-01  -1.073452e-02  -1.196203e+02
  5.6177458982875e+00   1.307669e+00   6.051103e-01   6.279987e+01  -6.662129e-03  -1.412544e-02  -5.985301e-02   3.044837e-01  -1.074670e-02  -1.196189e+02
  5.6199437644449e+00   1.308996e+00   6.027826e-01   6.279927e+01  -6.692647e-03  -1.364529e-02  -5.884955e-02   3.044600e-01  -1.072282e-02  -1.196178e+02
  5.6221416306023e+00   1.310318e+00   6.003294e-01   6.279892e+01  -6.722224e-03  -1.326887e-02  -5.942974e-02   3.044365e-01  -1.069517e-02  -1.196171e+02
  5.6243394967597e+00   1.311635e+00   5.978020e-01   6.279888e+01  -6.751054e-03  -1.296549e-02  -6.143757e-02   3.044130e-01  -1.068303e-02  -1.196171e+02
  5.6265373629171e+00   1.312946e+00   5.952517e-01   6.279915e+01  -6.779264e-03  -1.270473e-02  -6.468079e-02   3.043895e-01  -1.069485e-02  -1.196176e+02
  5.6287352290745e+00   1.314251e+00   5.927244e-01   6.279970e+01  -6.806915e-03  -1.245732e-02  -6.895883e-02   3.043660e-01  -1.073151e-02  -1.196187e+02
  5.6309330952318e+00   1.315551e+00   5.902532e-01   6.280048e+01  -6.834008e-03  -1.219658e-02  -7.407580e-02   3.043423e-01  -1.078908e-02  -1.196202e+02
  5.6331309613892e+00   1.316846e+00   5.878534e-01   6.280142e+01  -6.860490e-03  -1.190095e-02  -7.983896e-02   3.043185e-01  -1.085993e-02  -1.196220e+02
  5.6353288275466e+00   1.318135e+00   5.855225e-01   6.280246e+01  -6.886269e-03  -1.155723e-02  -8.605117e-02   3.042946e-01  -1.093243e-02  -1.196240e+02
  5.6375266937040e+00   1.319420e+00   5.832461e-01   6.280351e+01  -6.911238e-03  -1.116359e-02  -9.250873e-02   3.042705e-01  -1.099031e-02  -1.196261e+02
  5.6397245598614e+00   1.320699e+00   5.810074e-01   6.280454e+01  -6.935298e-03  -1.073116e-02  -9.901178e-02   3.042463e-01  -1.101301e-02  -1.196281e+02
  5.6419224260188e+00   1.321974e+00   5.787959e-01   6.280548e+01  -6.958392e-03  -1.028320e-02  -1.053859e-01   3.042222e-01  -1.097801e-02  -1.196299e+02
  5.6441202921762e+00   1.323244e+00   5.766112e-01   6.280630e+01  -6.980519e-03  -9.851703e-03  -1.115049e-01   3.041982e-01  -1.086458e-02  -1.196315e+02
  5.6463181583336e+00   1.324509e+00   5.744623e-01   6.280700e+01  -7.001754e-03  -9.472035e-03  -1.173030e-01   3.041745e-01  -1.065810e-02  -1.196328e+02
  5.6485160244910e+00   1.325769e+00   5.723627e-01   6.280758e+01  -7.022249e-03  -9.177211e-03  -1.227684e-01   3.041514e-01  -1.035294e-02  -1.196339e+02
  5.6507138906483e+00   1.327025e+00   5.703240e-01   6.280806e+01  -7.042217e-03  -8.993332e-03  -1.279226e-01   3.041291e-01  -9.953107e-03  -1.196349e+02
  5.6529117568057e+00   1.328276e+00   5.683528e-01   6.280849e+01  -7.061921e-03  -8.937372e-03  -1.327938e-01   3.041078e-01  -9.470153e-03  -1.196357e+02
  5.6551096229631e+00   1.329523e+00   5.664501e-01   6.280896e+01  -7.081652e-03  -9.017517e-03  -1.373990e-01   3.040875e-01  -8.919746e-03  -1.196366e+02
  5.6573074891205e+00   1.330766e+00   5.646148e-01   6.280952e+01  -7.101711e-03  -9.235309e-03  -1.417399e-01   3.040686e-01  -8.318264e-03  -1.196377e+02
  5.6595053552779e+00   1.332005e+00   5.628476e-01   6.281023e+01  -7.122396e-03  -9.588197e-03  -1.458109e-01   3.040510e-01  -7.680920e-03  -1.196391e+02
  5.6617032214353e+00   1.333240e+00   5.611546e-01   6.281112e+01  -7.144001e-03  -1.007116e-02  -1.496084e-01   3.040349e-01  -7.021879e-03  -1.196408e+02
  5.6639010875927e+00   1.334472e+00   5.595483e-01   6.281221e+01  -7.166801e-03  -1.067661e-02  -1.531318e-01   3.040202e-01  -6.355806e-03  -1.196429e+02
  5.6660989537501e+00   1.335700e+00   5.580456e-01   6.281349e+01  -7.191055e-03  -1.139283e-02  -1.563717e-01   3.040069e-01  -5.699622e-03  -1.196453e+02
  5.6682968199075e+00   1.336925e+00   5.566657e-01   6.281492e+01  -7.216983e-03  -1.220163e-02  -1.592884e-01   3.039951e-01  -5.073292e-03  -1.196480e+02
  5.6704946860649e+00   1.338147e+00   5.554284e-01   6.281647e+01  -7.244762e-03  -1.307667e-02  -1.617937e-01   3.039846e-01  -4.499133e-03  -1.196510e+02
  5.6726925522222e+00   1.339367e+00   5.543541e-01   6.281811e+01  -7.274500e-03  -1.398329e-02  -1.637425e-01   3.039752e-01  -3.999974e-03  -1.196541e+02
  5.6748904183796e+00   1.340584e+00   5.534651e-01   6.281984e+01  -7.306219e-03  -1.488026e-02  -1.649391e-01   3.039669e-01  -3.597119e-03  -1.196574e+02
  5.6770882845370e+00   1.341800e+00   5.527883e-01   6.282166e+01  -7.339850e-03  -1.572304e-02  -1.651555e-01   3.039593e-01  -3.309027e-03  -1.196608e+02
  5.6792861506944e+00   1.343014e+00   5.523566e-01   6.282358e+01  -7.375225e-03  -1.646774e-02  -1.641506e-01   3.039522e-01  -3.151159e-03  -1.196645e+02
  5.6814840168518e+00   1.344228e+00   5.522085e-01   6.282563e+01  -7.412086e-03  -1.707466e-02  -1.616864e-01   3.039453e-01  -3.136643e-03  -1.196683e+02
  5.6836818830092e+00   1.345442e+00   5.523853e-01   6.282782e+01  -7.450093e-03  -1.751087e-02  -1.575394e-01   3.039382e-01  -3.276983e-03  -1.196725e+02
  5.6858797491666e+00   1.346657e+00   5.529275e-01   6.283016e+01  -7.488844e-03  -1.775155e-02  -1.515089e-01   3.039307e-01  -3.581986e-03  -1.196769e+02
  5.6880776153240e+00   1.347873e+00   5.538696e-01   6.283266e+01  -7.527892e-03  -1.778051e-02  -1.434304e-01   3.039223e-01  -4.058629e-03  -1.196816e+02
  5.6902754814814e+00   1.349092e+00   5.552373e-01   6.283533e+01  -7.566762e-03  -1.759040e-02  -1.331925e-01   3.039127e-01  -4.709294e-03  -1.196866e+02
  5.6924733476387e+00   1.350314e+00   5.570449e-01   6.283817e+01  -7.604975e-03  -1.718302e-02  -1.207578e-01   3.039014e-01  -5.530308e-03  -1.196920e+02
  5.6946712137961e+00   1.351541e+00   5.592956e-01   6.284118e+01  -7.642067e-03  -1.656954e-02  -1.061775e-01   3.038882e-01  -6.511709e-03  -1.196976e+02
  5.6968690799535e+00   1.352773e+00   5.619816e-01   6.284432e+01  -7.677606e-03  -1.577034e-02  -8.959669e-02   3.038726e-01  -7.638600e-03  -1.197036e+02
  5.6990669461109e+00   1.354012e+00   5.650849e-01   6.284758e+01  -7.711216e-03  -1.481379e-02  -7.124583e-02   3.038544e-01  -8.893669e-03  -1.197098e+02
  5.7012648122683e+00   1.355258e+00   5.685758e-01   6.285091e+01  -7.742588e-03  -1.373369e-02  -5.142344e-02   3.038334e-01  -1.025982e-02  -1.197161e+02
  5.7034626784257e+00   1.356511e+00   5.724107e-01   6.285426e+01  -7.771490e-03  -1.256596e-02  -3.047439e-02   3.038092e-01  -1.172186e-02  -1.197224e+02
  5.7056605445831e+00   1.357774e+00   5.765285e-01   6.285761e+01  -7.797766e-03  -1.134538e-02  -8.770469e-03   3.037818e-01  -1.326652e-02  -1.197288e+02
  5.7078584107405e+00   1.359046e+00   5.808486e-01   6.286098e+01  -7.821337e-03  -1.010360e-02   1.330457e-02   3.037508e-01  -1.488119e-02  -1.197353e+02
  5.7100562768979e+00   1.360327e+00   5.852719e-01   6.286439e+01  -7.842187e-03  -8.868913e-03   3.536596e-02   3.037163e-01  -1.655203e-02  -1.197418e+02
  5.7122541430553e+00   1.361619e+00   5.896854e-01   6.286789e+01  -7.860360e-03  -7.667587e-03   5.703722e-02   3.036780e-01  -1.826262e-02  -1.197485e+02
  5.7144520092126e+00   1.362919e+00   5.939707e-01   6.287152e+01  -7.875957e-03  -6.525364e-03   7.795975e-02   3.036360e-01  -1.999373e-02  -1.197555e+02
  5.7166498753700e+00   1.364229e+00   5.980141e-01   6.287531e+01  -7.889137e-03  -5.467840e-03   9.780306e-02   3.035901e-01  -2.172415e-02  -1.197628e+02
  5.7188477415274e+00   1.365548e+00   6.017155e-01   6.287927e+01  -7.900111e-03  -4.518692e-03   1.162749e-01   3.035405e-01  -2.343212e-02  -1.197704e+02
  5.7210456076848e+00   1.366874e+00   6.049953e-01   6.288339e+01  -7.909139e-03  -3.696066e-03   1.331303e-01   3.034872e-01  -2.509635e-02  -1.197783e+02
  5.7232434738422e+00   1.368207e+00   6.077982e-01   6.288765e+01  -7.916506e-03  -3.008523e-03   1.481788e-01   3.034303e-01  -2.669631e-02  -1.197865e+02
  5.7254413399996e+00   1.369545e+00   6.100944e-01   6.289202e+01  -7.922508e-03  -2.452431e-03   1.612910e-01   3.033699e-01  -2.821159e-02  -1.197949e+02
  5.7276392061570e+00   1.370888e+00   6.118811e-01   6.289645e+01  -7.927414e-03  -2.012161e-03   1.724017e-01   3.033064e-01  -2.962114e-02  -1.198034e+02
  5.7298370723144e+00   1.372234e+00   6.131839e-01   6.290088e+01  -7.931453e-03  -1.663183e-03   1.815110e-01   3.032399e-01  -3.090286e-02  -1.198119e+02
  5.7320349384718e+00   1.373583e+00   6.140567e-01   6.290521e+01  -7.934794e-03  -1.376785e-03   1.886791e-01   3.031707e-01  -3.203431e-02  -1.198202e+02
  5.7342328046291e+00   1.374933e+00   6.145812e-01   6.290932e+01  -7.937542e-03  -1.124487e-03   1.940158e-01   3.030992e-01  -3.299441e-02  -1.198280e+02
  5.7364306707865e+00   1.376284e+00   6.148607e-01   6.291307e+01  -7.939746e-03  -8.805866e-04   1.976648e-01   3.030258e-01  -3.376570e-02  -1.198352e+02
  5.7386285369439e+00   1.377636e+00   6.150112e-01   6.291633e+01  -7.941398e-03  -6.225110e-04   1.997852e-01   3.029510e-01  -3.433626e-02  -1.198414e+02
  5.7408264031013e+00   1.378987e+00   6.151485e-01   6.291901e+01  -7.942445e-03  -3.299691e-04   2.005359e-01   3.028751e-01  -3.470055e-02  -1.198465e+02
  5.7430242692587e+00   1.380340e+00   6.153769e-01   6.292105e+01  -7.942790e-03   1.544235e-05   2.000638e-01   3.027987e-01  -3.485873e-02  -1.198503e+02
  5.7452221354161e+00   1.381693e+00   6.157804e-01   6.292245e+01  -7.942302e-03   4.289008e-04   1.984974e-01   3.027221e-01  -3.481493e-02  -1.198530e+02
  5.7474200015735e+00   1.383047e+00   6.164193e-01   6.292321e+01  -7.940820e-03   9.192213e-04   1.959434e-01   3.026459e-01  -3.457512e-02  -1.198544e+02
  5.7496178677309e+00   1.384403e+00   6.173301e-01   6.292339e+01  -7.938178e-03   1.485155e-03   1.924867e-01   3.025703e-01  -3.414560e-02  -1.198547e+02
  5.7518157338883e+00   1.385761e+00   6.185269e-01   6.292302e+01  -7.934224e-03   2.112982e-03   1.881908e-01   3.024960e-01  -3.353289e-02  -1.198539e+02
  5.7540136000457e+00   1.387122e+00   6.200016e-01   6.292216e+01  -7.928850e-03   2.776822e-03   1.831021e-01   3.024231e-01  -3.274495e-02  -1.198523e+02
  5.7562114662030e+00   1.388486e+00   6.217214e-01   6.292091e+01  -7.922016e-03   3.441883e-03   1.772590e-01   3.023522e-01  -3.179332e-02  -1.198498e+02
  5.7584093323604e+00   1.389855e+00   6.236258e-01   6.291936e+01  -7.913762e-03   4.069509e-03   1.707055e-01   3.022835e-01  -3.069517e-02  -1.198469e+02
  5.7606071985178e+00   1.391228e+00   6.256255e-01   6.291766e+01  -7.904210e-03   4.622223e-03   1.635081e-01   3.022174e-01  -2.947457e-02  -1.198436e+02
  5.7628050646752e+00   1.392605e+00   6.276056e-01   6.291594e+01  -7.893562e-03   5.067242e-03   1.557685e-01   3.021541e-01  -2.816261e-02  -1.198403e+02
  5.7650029308326e+00   1.393986e+00   6.294347e-01   6.291435e+01  -7.882084e-03   5.377990e-03   1.476288e-01   3.020937e-01  -2.679650e-02  -1.198372e+02
  5.7672007969900e+00   1.395371e+00   6.309773e-01   6.291299e+01  -7.870092e-03   5.534281e-03   1.392653e-01   3.020363e-01  -2.541832e-02  -1.198346e+02
  5.7693986631474e+00   1.396759e+00   6.321065e-01   6.291194e+01  -7.857941e-03   5.522436e-03   1.308723e-01   3.019819e-01  -2.407387e-02  -1.198326e+02
  5.7715965293048e+00   1.398149e+00   6.327147e-01   6.291123e+01  -7.846008e-03   5.336339e-03   1.226447e-01   3.019304e-01  -2.281186e-02  -1.198313e+02
  5.7737943954622e+00   1.399540e+00   6.327193e-01   6.291090e+01  -7.834672e-03   4.979534e-03   1.147630e-01   3.018815e-01  -2.168319e-02  -1.198306e+02
  5.7759922616195e+00   1.400930e+00   6.320664e-01   6.291095e+01  -7.824291e-03   4.467529e-03   1.073889e-01   3.018349e-01  -2.073979e-02  -1.198307e+02
  5.7781901277769e+00   1.402318e+00   6.307333e-01   6.291142e+01  -7.815173e-03   3.828959e-03   1.006714e-01   3.017901e-01  -2.003256e-02  -1.198316e+02
  5.7803879939343e+00   1.403702e+00   6.287321e-01   6.291231e+01  -7.807553e-03   3.104584e-03   9.475688e-02   3.017465e-01  -1.960845e-02  -1.198333e+02
  5.7825858600917e+00   1.405081e+00   6.261154e-01   6.291366e+01  -7.801566e-03   2.343892e-03   8.979898e-02   3.017035e-01  -1.950704e-02  -1.198359e+02
  5.7847837262491e+00   1.406453e+00   6.229786e-01   6.291546e+01  -7.797232e-03   1.600008e-03   8.595986e-02   3.016604e-01  -1.975748e-02  -1.198393e+02
  5.7869815924065e+00   1.407819e+00   6.194600e-01   6.291770e+01  -7.794458e-03   9.241392e-04   8.340152e-02   3.016163e-01  -2.037652e-02  -1.198435e+02
  5.7891794585639e+00   1.409176e+00   6.157341e-01   6.292034e+01  -7.793046e-03   3.607478e-04   8.226934e-02   3.015704e-01  -2.136804e-02  -1.198485e+02
  5.7913773247213e+00   1.410525e+00   6.119973e-01   6.292333e+01  -7.792711e-03  -5.587543e-05   8.267379e-02   3.015219e-01  -2.272379e-02  -1.198542e+02
  5.7935751908787e+00   1.411866e+00   6.084515e-01   6.292662e+01  -7.793106e-03  -3.035934e-04   8.467674e-02   3.014701e-01  -2.442479e-02  -1.198605e+02
  5.7957730570361e+00   1.413200e+00   6.052859e-01   6.293017e+01  -7.793850e-03  -3.733250e-04   8.828647e-02   3.014142e-01  -2.644251e-02  -1.198672e+02
  5.7979709231934e+00   1.414528e+00   6.026633e-01   6.293392e+01  -7.794556e-03  -2.692750e-04   9.346163e-02   3.013535e-01  -2.873955e-02  -1.198743e+02
  5.8001687893508e+00   1.415850e+00   6.007096e-01   6.293783e+01  -7.794861e-03  -8.647135e-06   1.001211e-01   3.012876e-01  -3.126979e-02  -1.198818e+02
  5.8023666555082e+00   1.417169e+00   5.995080e-01   6.294188e+01  -7.794454e-03   3.793112e-04   1.081551e-01   3.012159e-01  -3.397850e-02  -1.198895e+02
  5.8045645216656e+00   1.418486e+00   5.990964e-01   6.294600e+01  -7.793097e-03   8.552152e-04   1.174350e-01   3.011381e-01  -3.680307e-02  -1.198974e+02
  5.8067623878230e+00   1.419803e+00   5.994641e-01   6.295014e+01  -7.790649e-03   1.372548e-03   1.278191e-01   3.010541e-01  -3.967482e-02  -1.199053e+02
  5.8089602539804e+00   1.421122e+00   6.005512e-01   6.295424e+01  -7.787073e-03   1.881572e-03   1.391580e-01   3.009637e-01  -4.252171e-02  -1.199131e+02
  5.8111581201378e+00   1.422444e+00   6.022490e-01   6.295823e+01  -7.782441e-03   2.333596e-03   1.512988e-01   3.008673e-01  -4.527162e-02  -1.199208e+02
  5.8133559862952e+00   1.423770e+00   6.044036e-01   6.296206e+01  -7.776926e-03   2.684858e-03   1.640914e-01   3.007649e-01  -4.785549e-02  -1.199281e+02
  5.8155538524526e+00   1.425101e+00   6.068245e-01   6.296567e+01  -7.770789e-03   2.899387e-03   1.773933e-01   3.006572e-01  -5.020986e-02  -1.199351e+02
  5.8177517186099e+00   1.426437e+00   6.092979e-01   6.296902e+01  -7.764360e-03   2.950548e-03   1.910725e-01   3.005445e-01  -5.227864e-02  -1.199415e+02
  5.8199495847673e+00   1.427779e+00   6.116032e-01   6.297208e+01  -7.758017e-03   2.821429e-03   2.050062e-01   3.004277e-01  -5.401437e-02  -1.199475e+02
  5.8221474509247e+00   1.429126e+00   6.135302e-01   6.297484e+01  -7.752164e-03   2.504598e-03   2.190751e-01   3.003075e-01  -5.537941e-02  -1.199528e+02
  5.8243453170821e+00   1.430475e+00   6.148948e-01   6.297727e+01  -7.747212e-03   2.001882e-03   2.331572e-01   3.001847e-01  -5.634716e-02  -1.199575e+02
  5.8265431832395e+00   1.431828e+00   6.155528e-01   6.297933e+01  -7.743557e-03   1.324588e-03   2.471247e-01   3.000603e-01  -5.690368e-02  -1.199616e+02
  5.8287410493969e+00   1.433180e+00   6.154087e-01   6.298098e+01  -7.741558e-03   4.941757e-04   2.608475e-01   2.999350e-01  -5.704896e-02  -1.199648e+02
  5.8309389155543e+00   1.434532e+00   6.144214e-01   6.298220e+01  -7.741517e-03  -4.571012e-04   2.742026e-01   2.998099e-01  -5.679772e-02  -1.199673e+02
  5.8331367817117e+00   1.435880e+00   6.126063e-01   6.298294e+01  -7.743653e-03  -1.486340e-03   2.870862e-01   2.996858e-01  -5.617899e-02  -1.199688e+02
  5.8353346478691e+00   1.437224e+00   6.100339e-01   6.298318e+01  -7.748079e-03  -2.541564e-03   2.994237e-01   2.995633e-01  -5.523431e-02  -1.199693e+02
  5.8375325140265e+00   1.438561e+00   6.068261e-01   6.298290e+01  -7.754790e-03  -3.564929e-03   3.111726e-01   2.994433e-01  -5.401491e-02  -1.199689e+02
  5.8397303801838e+00   1.439891e+00   6.031490e-01   6.298212e+01  -7.763650e-03  -4.497146e-03   3.223186e-01   2.993262e-01  -5.257806e-02  -1.199675e+02
  5.8419282463412e+00   1.441212e+00   5.992030e-01   6.298083e+01  -7.774397e-03  -5.282222e-03   3.328665e-01   2.992123e-01  -5.098350e-02  -1.199652e+02
  5.8441261124986e+00   1.442525e+00   5.952108e-01   6.297910e+01  -7.786654e-03  -5.871549e-03   3.428302e-01   2.991021e-01  -4.929046e-02  -1.199620e+02
  5.8463239786560e+00   1.443829e+00   5.914031e-01   6.297695e+01  -7.799949e-03  -6.226696e-03   3.522265e-01   2.989957e-01  -4.755540e-02  -1.199580e+02
  5.8485218448134e+00   1.445125e+00   5.880038e-01   6.297443e+01  -7.813738e-03  -6.320905e-03   3.610725e-01   2.988931e-01  -4.583058e-02  -1.199533e+02
  5.8507197109708e+00   1.446414e+00   5.852148e-01   6.297160e+01  -7.827431e-03  -6.139806e-03   3.693868e-01   2.987942e-01  -4.416290e-02  -1.199480e+02
  5.8529175771282e+00   1.447698e+00   5.832034e-01   6.296854e+01  -7.840422e-03  -5.682005e-03   3.771888e-01   2.986988e-01  -4.259302e-02  -1.199423e+02
  5.8551154432856e+00   1.448979e+00   5.820916e-01   6.296532e+01  -7.852117e-03  -4.959892e-03   3.844964e-01   2.986068e-01  -4.115421e-02  -1.199363e+02
  5.8573133094430e+00   1.450258e+00   5.819491e-01   6.296206e+01  -7.861963e-03  -4.000385e-03   3.913206e-01   2.985178e-01  -3.987149e-02  -1.199301e+02
  5.8595111756003e+00   1.451538e+00   5.827898e-01   6.295882e+01  -7.869486e-03  -2.844834e-03   3.976596e-01   2.984313e-01  -3.876105e-02  -1.199240e+02
  5.8617090417577e+00   1.452821e+00   5.845720e-01   6.295570e+01  -7.874312e-03  -1.547211e-03   4.034952e-01   2.983472e-01  -3.783042e-02  -1.199181e+02
  5.8639069079151e+00   1.454108e+00   5.872005e-01   6.295278e+01  -7.876200e-03  -1.702279e-04   4.087943e-01   2.982649e-01  -3.707935e-02  -1.199126e+02
  5.8661047740725e+00   1.455403e+00   5.905317e-01   6.295010e+01  -7.875046e-03   1.220184e-03   4.135135e-01   2.981840e-01  -3.650139e-02  -1.199076e+02
  5.8683026402299e+00   1.456705e+00   5.943807e-01   6.294772e+01  -7.870890e-03   2.560888e-03   4.176058e-01   2.981042e-01  -3.608565e-02  -1.199031e+02
  5.8705005063873e+00   1.458016e+00   5.985310e-01   6.294566e+01  -7.863903e-03   3.796643e-03   4.210275e-01   2.980252e-01  -3.581857e-02  -1.198992e+02
  5.8726983725447e+00   1.459336e+00   6.027468e-01   6.294394e+01  -7.854365e-03   4.883285e-03   4.237405e-01   2.979466e-01  -3.568524e-02  -1.198959e+02
  5.8748962387021e+00   1.460665e+00   6.067876e-01   6.294255e+01  -7.842637e-03   5.788834e-03   4.257150e-01   2.978682e-01  -3.567065e-02  -1.198933e+02
  5.8770941048595e+00   1.462003e+00   6.104233e-01   6.294149e+01  -7.829140e-03   6.493137e-03   4.269292e-01   2.977897e-01  -3.576074e-02  -1.198913e+02
  5.8792919710169e+00   1.463348e+00   6.134490e-01   6.294072e+01  -7.814326e-03   6.987079e-03   4.273718e-01   2.977109e-01  -3.594358e-02  -1.198899e+02
  5.8814898371742e+00   1.464698e+00   6.156962e-01   6.294022e+01  -7.798656e-03   7.272132e-03   4.270441e-01   2.976316e-01  -3.621058e-02  -1.198889e+02
  5.8836877033316e+00   1.466053e+00   6.170408e-01   6.293993e+01  -7.782576e-03   7.360359e-03   4.259635e-01   2.975517e-01  -3.655763e-02  -1.198884e+02
  5.8858855694890e+00   1.467410e+00   6.174077e-01   6.293983e+01  -7.766494e-03   7.274318e-03   4.241657e-01   2.974708e-01  -3.698563e-02  -1.198881e+02
  5.8880834356464e+00   1.468766e+00   6.167721e-01   6.293990e+01  -7.750757e-03   7.046020e-03   4.217039e-01   2.973890e-01  -3.750023e-02  -1.198883e+02
  5.8902813018038e+00   1.470120e+00   6.151586e-01   6.294014e+01  -7.735635e-03   6.714416e-03   4.186461e-01   2.973059e-01  -3.811061e-02  -1.198887e+02
  5.8924791679612e+00   1.471469e+00   6.126389e-01   6.294053e+01  -7.721309e-03   6.321572e-03   4.150703e-01   2.972213e-01  -3.882730e-02  -1.198894e+02
  5.8946770341186e+00   1.472812e+00   6.093278e-01   6.294106e+01  -7.707869e-03   5.908405e-03   4.110588e-01   2.971351e-01  -3.965971e-02  -1.198903e+02
  5.8968749002760e+00   1.474147e+00   6.053771e-01   6.294174e+01  -7.695320e-03   5.511127e-03   4.066940e-01   2.970469e-01  -4.061351e-02  -1.198915e+02
  5.8990727664334e+00   1.475472e+00   6.009668e-01   6.294253e+01  -7.683594e-03   5.159228e-03   4.020550e-01   2.969564e-01  -4.168863e-02  -1.198930e+02
  5.9012706325907e+00   1.476788e+00   5.962937e-01   6.294344e+01  -7.672567e-03   4.875113e-03   3.972153e-01   2.968635e-01  -4.287784e-02  -1.198946e+02
  5.9034684987481e+00   1.478094e+00   5.915594e-01   6.294443e+01  -7.662073e-03   4.674738e-03   3.922434e-01   2.967678e-01  -4.416618e-02  -1.198965e+02
  5.9056663649055e+00   1.479389e+00   5.869586e-01   6.294552e+01  -7.651915e-03   4.568255e-03   3.872028e-01   2.966693e-01  -4.553091e-02  -1.198985e+02
  5.9078642310629e+00   1.480674e+00   5.826699e-01   6.294669e+01  -7.641884e-03   4.559879e-03   3.821545e-01   2.965676e-01  -4.694200e-02  -1.199007e+02
  5.9100620972203e+00   1.481950e+00   5.788491e-01   6.294791e+01  -7.631767e-03   4.646878e-03   3.771574e-01   2.964629e-01  -4.836302e-02  -1.199029e+02
  5.9122599633777e+00   1.483219e+00   5.756256e-01   6.294917e+01  -7.621365e-03   4.818296e-03   3.722690e-01   2.963551e-01  -4.975248e-02  -1.199053e+02
  5.9144578295351e+00   1.484481e+00   5.730995e-01   6.295041e+01  -7.610516e-03   5.054378e-03   3.675441e-01   2.962443e-01  -5.106557e-02  -1.199076e+02
  5.9166556956925e+00   1.485739e+00   5.713389e-01   6.295158e+01  -7.599107e-03   5.327534e-03   3.630333e-01   2.961307e-01  -5.225645e-02  -1.199098e+02
  5.9188535618499e+00   1.486994e+00   5.703775e-01   6.295262e+01  -7.587092e-03   5.605028e-03   3.587819e-01   2.960148e-01  -5.328077e-02  -1.199117e+02
  5.9210514280073e+00   1.488247e+00   5.702122e-01   6.295350e+01  -7.574501e-03   5.852882e-03   3.548322e-01   2.958967e-01  -5.409832e-02  -1.199134e+02
  5.9232492941646e+00   1.489501e+00   5.708033e-01   6.295420e+01  -7.561431e-03   6.040030e-03   3.512297e-01   2.957772e-01  -5.467527e-02  -1.199146e+02
  5.9254471603220e+00   1.490757e+00   5.720759e-01   6.295470e+01  -7.548044e-03   6.141732e-03   3.480307e-01   2.956567e-01  -5.498599e-02  -1.199156e+02
  5.9276450264794e+00   1.492016e+00   5.739267e-01   6.295503e+01  -7.534546e-03   6.141666e-03   3.453106e-01   2.955358e-01  -5.501397e-02  -1.199162e+02
  5.9298428926368e+00   1.493280e+00   5.762309e-01   6.295519e+01  -7.521167e-03   6.032670e-03   3.431682e-01   2.954152e-01  -5.475206e-02  -1.199164e+02
  5.9320407587942e+00   1.494550e+00   5.788518e-01   6.295521e+01  -7.508146e-03   5.816466e-03   3.417241e-01   2.952954e-01  -5.420198e-02  -1.199165e+02
  5.9342386249516e+00   1.495825e+00   5.816481e-01   6.295513e+01  -7.495706e-03   5.502830e-03   3.411132e-01   2.951772e-01  -5.337343e-02  -1.199163e+02
  5.9364364911090e+00   1.497107e+00   5.844810e-01   6.295500e+01  -7.484045e-03   5.108452e-03   3.414741e-01   2.950611e-01  -5.228281e-02  -1.199161e+02
  5.9386343572664e+00   1.498394e+00   5.872194e-01   6.295490e+01  -7.473316e-03   4.655523e-03   3.429376e-01   2.949476e-01  -5.095179e-02  -1.199159e+02
  5.9408322234238e+00   1.499688e+00   5.897440e-01   6.295490e+01  -7.463617e-03   4.169895e-03   3.456181e-01   2.948373e-01  -4.940575e-02  -1.199159e+02
  5.9430300895811e+00   1.500986e+00   5.919523e-01   6.295507e+01  -7.454992e-03   3.678790e-03   3.496059e-01   2.947306e-01  -4.767218e-02  -1.199163e+02
  5.9452279557385e+00   1.502289e+00   5.937624e-01   6.295551e+01  -7.447424e-03   3.208235e-03   3.549622e-01   2.946279e-01  -4.577893e-02  -1.199172e+02
  5.9474258218959e+00   1.503596e+00   5.951168e-01   6.295624e+01  -7.440843e-03   2.780624e-03   3.617119e-01   2.945296e-01  -4.375277e-02  -1.199187e+02
  5.9496236880533e+00   1.504905e+00   5.959848e-01   6.295730e+01  -7.435136e-03   2.412906e-03   3.698362e-01   2.944357e-01  -4.161818e-02  -1.199208e+02
  5.9518215542107e+00   1.506215e+00   5.963616e-01   6.295871e+01  -7.430159e-03   2.115721e-03   3.792653e-01   2.943467e-01  -3.939680e-02  -1.199236e+02
  5.9540194203681e+00   1.507526e+00   5.962663e-01   6.296045e+01  -7.425753e-03   1.893580e-03   3.898737e-01   2.942626e-01  -3.710741e-02  -1.199271e+02
  5.9562172865255e+00   1.508836e+00   5.957373e-01   6.296251e+01  -7.421753e-03   1.745889e-03   4.014823e-01   2.941837e-01  -3.476664e-02  -1.199311e+02
  5.9584151526829e+00   1.510144e+00   5.948268e-01   6.296483e+01  -7.418001e-03   1.668471e-03   4.138681e-01   2.941099e-01  -3.238992e-02  -1.199357e+02
  5.9606130188403e+00   1.511450e+00   5.935969e-01   6.296738e+01  -7.414348e-03   1.655239e-03   4.267792e-01   2.940413e-01  -2.999260e-02  -1.199408e+02
  5.9628108849977e+00   1.512753e+00   5.921147e-01   6.297009e+01  -7.410661e-03   1.699738e-03   4.399520e-01   2.939781e-01  -2.759090e-02  -1.199461e+02
  5.9650087511550e+00   1.514053e+00   5.904493e-01   6.297292e+01  -7.406819e-03   1.796365e-03   4.531281e-01   2.939200e-01  -2.520251e-02  -1.199517e+02
  5.9672066173124e+00   1.515348e+00   5.886688e-01   6.297578e+01  -7.402712e-03   1.941149e-03   4.660663e-01   2.938672e-01  -2.284693e-02  -1.199573e+02
  5.9694044834698e+00   1.516640e+00   5.868376e-01   6.297862e+01  -7.398236e-03   2.132002e-03   4.785505e-01   2.938195e-01  -2.054550e-02  -1.199629e+02
  5.9716023496272e+00   1.517928e+00   5.850142e-01   6.298138e+01  -7.393290e-03   2.368404e-03   4.903944e-01   2.937768e-01  -1.832136e-02  -1.199683e+02
  5.9738002157846e+00   1.519212e+00   5.832498e-01   6.298400e+01  -7.387775e-03   2.650608e-03   5.014454e-01   2.937389e-01  -1.619929e-02  -1.199734e+02
  5.9759980819420e+00   1.520492e+00   5.815876e-01   6.298643e+01  -7.381588e-03   2.978591e-03   5.115870e-01   2.937055e-01  -1.420552e-02  -1.199782e+02
  5.9781959480994e+00   1.521768e+00   5.800627e-01   6.298864e+01  -7.374632e-03   3.351028e-03   5.207410e-01   2.936763e-01  -1.236738e-02  -1.199825e+02
  5.9803938142568e+00   1.523042e+00   5.787027e-01   6.299057e+01  -7.366813e-03   3.764580e-03   5.288677e-01   2.936509e-01  -1.071279e-02  -1.199863e+02
  5.9825916804142e+00   1.524312e+00   5.775269e-01   6.299221e+01  -7.358045e-03   4.213608e-03   5.359620e-01   2.936290e-01  -9.269471e-03  -1.199896e+02
  5.9847895465715e+00   1.525581e+00   5.765461e-01   6.299354e+01  -7.348260e-03   4.690255e-03   5.420484e-01   2.936099e-01  -8.063966e-03  -1.199922e+02
  5.9869874127289e+00   1.526847e+00   5.757619e-01   6.299455e+01  -7.337409e-03   5.184715e-03   5.471719e-01   2.935932e-01  -7.120424e-03  -1.199942e+02
  5.9891852788863e+00   1.528112e+00   5.751655e-01   6.299524e+01  -7.325463e-03   5.685515e-03   5.513907e-01   2.935783e-01  -6.459295e-03  -1.199956e+02
  5.9913831450437e+00   1.529376e+00   5.747377e-01   6.299561e+01  -7.312424e-03   6.179753e-03   5.547698e-01   2.935645e-01  -6.096038e-03  -1.199964e+02
  5.9935810112011e+00   1.530638e+00   5.744508e-01   6.299569e+01  -7.298321e-03   6.653369e-03   5.573767e-01   2.935511e-01  -6.039982e-03  -1.199966e+02
  5.9957788773585e+00   1.531901e+00   5.742690e-01   6.299546e+01  -7.283217e-03   7.091603e-03   5.592803e-01   2.935376e-01  -6.293508e-03  -1.199962e+02
  5.9979767435159e+00   1.533163e+00   5.741512e-01   6.299495e+01  -7.267204e-03   7.479689e-03   5.605488e-01   2.935231e-01  -6.851631e-03  -1.199952e+02
  6.0001746096733e+00   1.534425e+00   5.740523e-01   6.299413e+01  -7.250409e-03   7.803690e-03   5.612490e-01   2.935071e-01  -7.702041e-03  -1.199937e+02
  6.0023724758307e+00   1.535686e+00   5.739258e-01   6.299300e+01  -7.232985e-03   8.051288e-03   5.614448e-01   2.934890e-01  -8.825595e-03  -1.199916e+02
  6.0045703419881e+00   1.536947e+00   5.737255e-01   6.299153e+01  -7.215112e-03   8.212317e-03   5.611960e-01   2.934681e-01  -1.019717e-02  -1.199887e+02
  6.0067682081454e+00   1.538208e+00   5.734096e-01   6.298967e+01  -7.196989e-03   8.279025e-03   5.605569e-01   2.934439e-01  -1.178682e-02  -1.199852e+02
  6.0089660743028e+00   1.539468e+00   5.729445e-01   6.298738e+01  -7.178829e-03   8.246240e-03   5.595789e-01   2.934161e-01  -1.356114e-02  -1.199808e+02
  6.0111639404602e+00   1.540727e+00   5.723102e-01   6.298456e+01  -7.160853e-03   8.111699e-03   5.583123e-01   2.933841e-01  -1.548480e-02  -1.199754e+02
  6.0133618066176e+00   1.541983e+00   5.715041e-01   6.298116e+01  -7.143282e-03   7.876733e-03   5.568113e-01   2.933479e-01  -1.752215e-02  -1.199688e+02
  6.0155596727750e+00   1.543239e+00   5.705442e-01   6.297706e+01  -7.126332e-03   7.547224e-03   5.551379e-01   2.933070e-01  -1.963886e-02  -1.199610e+02
  6.0177575389324e+00   1.544491e+00   5.694700e-01   6.297220e+01  -7.110198e-03   7.134519e-03   5.533645e-01   2.932615e-01  -2.180338e-02  -1.199517e+02
  6.0199554050898e+00   1.545742e+00   5.683419e-01   6.296649e+01  -7.095044e-03   6.655850e-03   5.515739e-01   2.932112e-01  -2.398808e-02  -1.199408e+02
  6.0221532712472e+00   1.546990e+00   5.672389e-01   6.295987e+01  -7.080988e-03   6.133976e-03   5.498568e-01   2.931560e-01  -2.616995e-02  -1.199282e+02
  6.0243511374046e+00   1.548235e+00   5.662559e-01   6.295229e+01  -7.068098e-03   5.596011e-03   5.483057e-01   2.930961e-01  -2.833077e-02  -1.199137e+02
  6.0265490035619e+00   1.549479e+00   5.655000e-01   6.294374e+01  -7.056375e-03   5.071783e-03   5.470080e-01   2.930315e-01  -3.045684e-02  -1.198974e+02
  6.0287468697193e+00   1.550721e+00   5.650864e-01   6.293420e+01  -7.045755e-03   4.592148e-03   5.460399e-01   2.929623e-01  -3.253836e-02  -1.198792e+02
  6.0309447358767e+00   1.551963e+00   5.651323e-01   6.292370e+01  -7.036107e-03   4.187590e-03   5.454606e-01   2.928885e-01  -3.456862e-02  -1.198592e+02
  6.0331426020341e+00   1.553206e+00   5.657506e-01   6.291227e+01  -7.027233e-03   3.887180e-03   5.453098e-01   2.928104e-01  -3.654313e-02  -1.198375e+02
  6.0353404681915e+00   1.554451e+00   5.670427e-01   6.289999e+01  -7.018876e-03   3.717655e-03   5.456087e-01   2.927279e-01  -3.845885e-02  -1.198141e+02
  6.0375383343489e+00   1.555699e+00   5.690911e-01   6.288694e+01  -7.010722e-03   3.702324e-03   5.463614e-01   2.926414e-01  -4.031328e-02  -1.197892e+02
  6.0397362005063e+00   1.556953e+00   5.719535e-01   6.287321e+01  -7.002411e-03   3.859638e-03   5.475582e-01   2.925508e-01  -4.210357e-02  -1.197631e+02
  6.0419340666637e+00   1.558215e+00   5.756585e-01   6.285892e+01  -6.993553e-03   4.201541e-03   5.491774e-01   2.924564e-01  -4.382568e-02  -1.197359e+02
  6.0441319328211e+00   1.559485e+00   5.802028e-01   6.284418e+01  -6.983735e-03   4.731977e-03   5.511856e-01   2.923582e-01  -4.547363e-02  -1.197079e+02
  6.0463297989785e+00   1.560766e+00   5.855499e-01   6.282914e+01  -6.972550e-03   5.445991e-03   5.535378e-01   2.922566e-01  -4.703916e-02  -1.196793e+02
  6.0485276651358e+00   1.562060e+00   5.916293e-01   6.281390e+01  -6.959610e-03   6.329681e-03   5.561765e-01   2.921516e-01  -4.851186e-02  -1.196503e+02
  6.0507255312932e+00   1.563367e+00   5.983372e-01   6.279863e+01  -6.944565e-03   7.360962e-03   5.590326e-01   2.920434e-01  -4.987978e-02  -1.196213e+02
  6.0529233974506e+00   1.564690e+00   6.055377e-01   6.278347e+01  -6.927122e-03   8.510872e-03   5.620270e-01   2.919324e-01  -5.113052e-02  -1.195924e+02
  6.0551212636080e+00   1.566029e+00   6.130655e-01   6.276856e+01  -6.907060e-03   9.745034e-03   5.650738e-01   2.918188e-01  -5.225251e-02  -1.195641e+02
  6.0573191297654e+00   1.567385e+00   6.207312e-01   6.275407e+01  -6.884235e-03   1.102506e-02   5.680839e-01   2.917029e-01  -5.323618e-02  -1.195365e+02
  6.0595169959228e+00   1.568758e+00   6.283260e-01   6.274015e+01  -6.858592e-03   1.230986e-02   5.709672e-01   2.915850e-01  -5.407494e-02  -1.195101e+02
  6.0617148620802e+00   1.570147e+00   6.356300e-01   6.272696e+01  -6.830166e-03   1.355695e-02   5.736343e-01   2.914654e-01  -5.476588e-02  -1.194850e+02
  6.0639127282376e+00   1.571551e+00   6.424189e-01   6.271465e+01  -6.799087e-03   1.472407e-02   5.759975e-01   2.913444e-01  -5.531016e-02  -1.194615e+02
  6.0661105943950e+00   1.572970e+00   6.484708e-01   6.270337e+01  -6.765575e-03   1.577098e-02   5.779722e-01   2.912224e-01  -5.571323e-02  -1.194401e+02
  6.0683084605523e+00   1.574401e+00   6.535732e-01   6.269328e+01  -6.729934e-03   1.666143e-02   5.794799e-01   2.910996e-01  -5.598488e-02  -1.194209e+02
  6.0705063267097e+00   1.575842e+00   6.575292e-01   6.268451e+01  -6.692541e-03   1.736497e-02   5.804529e-01   2.909764e-01  -5.613914e-02  -1.194042e+02
  6.0727041928671e+00   1.577290e+00   6.601638e-01   6.267720e+01  -6.653833e-03   1.785834e-02   5.808387e-01   2.908530e-01  -5.619381e-02  -1.193903e+02
  6.0749020590245e+00   1.578742e+00   6.613300e-01   6.267144e+01  -6.614288e-03   1.812636e-02   5.806052e-01   2.907295e-01  -5.616991e-02  -1.193793e+02
  6.0770999251819e+00   1.580195e+00   6.609140e-01   6.266732e+01  -6.574410e-03   1.816223e-02   5.797415e-01   2.906061e-01  -5.609078e-02  -1.193715e+02
  6.0792977913393e+00   1.581645e+00   6.588401e-01   6.266489e+01  -6.534705e-03   1.796750e-02   5.782584e-01   2.904830e-01  -5.598118e-02  -1.193668e+02
  6.0814956574967e+00   1.583089e+00   6.550727e-01   6.266421e+01  -6.495672e-03   1.755169e-02   5.761861e-01   2.903601e-01  -5.586654e-02  -1.193655e+02
  6.0836935236541e+00   1.584523e+00   6.496171e-01   6.266527e+01  -6.457777e-03   1.693172e-02   5.735714e-01   2.902374e-01  -5.577235e-02  -1.193675e+02
  6.0858913898115e+00   1.585943e+00   6.425176e-01   6.266808e+01  -6.421443e-03   1.613123e-02   5.704764e-01   2.901148e-01  -5.572378e-02  -1.193728e+02
  6.0880892559689e+00   1.587345e+00   6.338549e-01   6.267263e+01  -6.387035e-03   1.517949e-02   5.669769e-01   2.899924e-01  -5.574545e-02  -1.193814e+02
  6.0902871221262e+00   1.588727e+00   6.237410e-01   6.267886e+01  -6.354847e-03   1.411019e-02   5.631628e-01   2.898697e-01  -5.586095e-02  -1.193932e+02
  6.0924849882836e+00   1.590086e+00   6.123142e-01   6.268675e+01  -6.325099e-03   1.295984e-02   5.591360e-01   2.897467e-01  -5.609220e-02  -1.194081e+02
  6.0946828544410e+00   1.591418e+00   5.997331e-01   6.269623e+01  -6.297927e-03   1.176615e-02   5.550079e-01   2.896230e-01  -5.645835e-02  -1.194261e+02
  6.0968807205984e+00   1.592721e+00   5.861698e-01   6.270724e+01  -6.273385e-03   1.056623e-02   5.508947e-01   2.894984e-01  -5.697452e-02  -1.194470e+02
  6.0990785867558e+00   1.593994e+00   5.718028e-01   6.271971e+01  -6.251449e-03   9.395069e-03   5.469127e-01   2.893724e-01  -5.765039e-02  -1.194707e+02
  6.1012764529132e+00   1.595234e+00   5.568102e-01   6.273358e+01  -6.232021e-03   8.284083e-03   5.431744e-01   2.892447e-01  -5.848907e-02  -1.194971e+02
  6.1034743190706e+00   1.596441e+00   5.413631e-01   6.274878e+01  -6.214939e-03   7.260192e-03   5.397865e-01   2.891151e-01  -5.948618e-02  -1.195260e+02
  6.1056721852280e+00   1.597613e+00   5.256200e-01   6.276522e+01  -6.199987e-03   6.345255e-03   5.368506e-01   2.889831e-01  -6.062955e-02  -1.195573e+02
  6.1078700513854e+00   1.598751e+00   5.097222e-01   6.278283e+01  -6.186909e-03   5.555978e-03   5.344639e-01   2.888485e-01  -6.189920e-02  -1.195908e+02
  6.1100679175427e+00   1.599854e+00   4.937903e-01   6.280150e+01  -6.175414e-03   4.904178e-03   5.327201e-01   2.887109e-01  -6.326774e-02  -1.196263e+02
  6.1122657837001e+00   1.600922e+00   4.779225e-01   6.282113e+01  -6.165192e-03   4.397220e-03   5.317085e-01   2.885703e-01  -6.470104e-02  -1.196637e+02
  6.1144636498575e+00   1.601955e+00   4.621936e-01   6.284158e+01  -6.155922e-03   4.038444e-03   5.315111e-01   2.884265e-01  -6.615914e-02  -1.197027e+02
  6.1166615160149e+00   1.602953e+00   4.466559e-01   6.286274e+01  -6.147278e-03   3.827432e-03   5.321995e-01   2.882795e-01  -6.759730e-02  -1.197430e+02
  6.1188593821723e+00   1.603918e+00   4.313410e-01   6.288445e+01  -6.138939e-03   3.760137e-03   5.338306e-01   2.881294e-01  -6.896742e-02  -1.197844e+02
  6.1210572483297e+00   1.604850e+00   4.162636e-01   6.290657e+01  -6.130599e-03   3.828958e-03   5.364434e-01   2.879765e-01  -7.021951e-02  -1.198266e+02
  6.1232551144871e+00   1.605748e+00   4.014258e-01   6.292892e+01  -6.121971e-03   4.022941e-03   5.400563e-01   2.878209e-01  -7.130344e-02  -1.198693e+02
  6.1254529806445e+00   1.606615e+00   3.868211e-01   6.295134e+01  -6.112793e-03   4.328207e-03   5.446655e-01   2.876633e-01  -7.217056e-02  -1.199121e+02
  6.1276508468019e+00   1.607449e+00   3.724398e-01   6.297365e+01  -6.102840e-03   4.728609e-03   5.502419e-01   2.875040e-01  -7.277536e-02  -1.199547e+02
  6.1298487129593e+00   1.608252e+00   3.582730e-01   6.299568e+01  -6.091923e-03   5.206466e-03   5.567300e-01   2.873437e-01  -7.307691e-02  -1.199967e+02
  6.1320465791166e+00   1.609024e+00   3.443165e-01   6.301726e+01  -6.079889e-03   5.743233e-03   5.640467e-01   2.871831e-01  -7.304011e-02  -1.200380e+02
  6.1342444452740e+00   1.609766e+00   3.305745e-01   6.303823e+01  -6.066632e-03   6.320017e-03   5.720828e-01   2.870230e-01  -7.263680e-02  -1.200780e+02
  6.1364423114314e+00   1.610477e+00   3.170626e-01   6.305845e+01  -6.052085e-03   6.917978e-03   5.807062e-01   2.868643e-01  -7.184675e-02  -1.201167e+02
  6.1386401775888e+00   1.611160e+00   3.038100e-01   6.307779e+01  -6.036220e-03   7.518768e-03   5.897679e-01   2.867076e-01  -7.065863e-02  -1.201537e+02
  6.1408380437462e+00   1.611813e+00   2.908602e-01   6.309613e+01  -6.019050e-03   8.105156e-03   5.991093e-01   2.865541e-01  -6.907076e-02  -1.201888e+02
  6.1430359099036e+00   1.612439e+00   2.782710e-01   6.311338e+01  -6.000624e-03   8.661873e-03   6.085693e-01   2.864045e-01  -6.709176e-02  -1.202218e+02
  6.1452337760610e+00   1.613037e+00   2.661122e-01   6.312943e+01  -5.981021e-03   9.176531e-03   6.179910e-01   2.862596e-01  -6.474080e-02  -1.202525e+02
  6.1474316422184e+00   1.613609e+00   2.544621e-01   6.314425e+01  -5.960342e-03   9.640372e-03   6.272272e-01   2.861203e-01  -6.204752e-02  -1.202809e+02
  6.1496295083758e+00   1.614156e+00   2.434038e-01   6.315777e+01  -5.938705e-03   1.004862e-02   6.361442e-01   2.859872e-01  -5.905136e-02  -1.203068e+02
  6.1518273745331e+00   1.614680e+00   2.330209e-01   6.316998e+01  -5.916233e-03   1.040031e-02   6.446258e-01   2.858610e-01  -5.580057e-02  -1.203302e+02
  6.1540252406905e+00   1.615181e+00   2.233931e-01   6.318089e+01  -5.893048e-03   1.069781e-02   6.525760e-01   2.857421e-01  -5.235081e-02  -1.203511e+02
  6.1562231068479e+00   1.615663e+00   2.145932e-01   6.319049e+01  -5.869263e-03   1.094607e-02   6.599218e-01   2.856310e-01  -4.876353e-02  -1.203695e+02
  6.1584209730053e+00   1.616126e+00   2.066825e-01   6.319883e+01  -5.844979e-03   1.115207e-02   6.666141e-01   2.855279e-01  -4.510428e-02  -1.203855e+02
  6.1606188391627e+00   1.616572e+00   1.997083e-01   6.320595e+01  -5.820279e-03   1.132443e-02   6.726281e-01   2.854328e-01  -4.144091e-02  -1.203991e+02
  6.1628167053201e+00   1.617005e+00   1.936999e-01   6.321193e+01  -5.795226e-03   1.147307e-02   6.779619e-01   2.853457e-01  -3.784181e-02  -1.204106e+02
  6.1650145714775e+00   1.617425e+00   1.886665e-01   6.321685e+01  -5.769860e-03   1.160886e-02   6.826341e-01   2.852663e-01  -3.437396e-02  -1.204201e+02
  6.1672124376349e+00   1.617835e+00   1.845946e-01   6.322081e+01  -5.744198e-03   1.174303e-02   6.866799e-01   2.851944e-01  -3.110101e-02  -1.204277e+02
  6.1694103037923e+00   1.618237e+00   1.814488e-01   6.322393e+01  -5.718231e-03   1.188635e-02   6.901484e-01   2.851293e-01  -2.808134e-02  -1.204337e+02
  6.1716081699497e+00   1.618633e+00   1.791715e-01   6.322635e+01  -5.691928e-03   1.204833e-02   6.930983e-01   2.850706e-01  -2.536611e-02  -1.204384e+02
  6.1738060361070e+00   1.619026e+00   1.776862e-01   6.322818e+01  -5.665241e-03   1.223655e-02   6.955940e-01   2.850175e-01  -2.299770e-02  -1.204419e+02
  6.1760039022644e+00   1.619415e+00   1.768995e-01   6.322957e+01  -5.638105e-03   1.245642e-02   6.977009e-01   2.849691e-01  -2.100831e-02  -1.204446e+02
  6.1782017684218e+00   1.619804e+00   1.767043e-01   6.323064e+01  -5.610447e-03   1.271138e-02   6.994803e-01   2.849247e-01  -1.941906e-02  -1.204467e+02
  6.1803996345792e+00   1.620193e+00   1.769833e-01   6.323151e+01  -5.582188e-03   1.300336e-02   7.009844e-01   2.848833e-01  -1.823948e-02  -1.204484e+02
  6.1825975007366e+00   1.620582e+00   1.776124e-01   6.323230e+01  -5.553246e-03   1.333310e-02   7.022519e-01   2.848440e-01  -1.746737e-02  -1.204499e+02
  6.1847953668940e+00   1.620974e+00   1.784651e-01   6.323309e+01  -5.523538e-03   1.370042e-02   7.033046e-01   2.848060e-01  -1.708891e-02  -1.204515e+02
  6.1869932330514e+00   1.621367e+00   1.794166e-01   6.323394e+01  -5.492983e-03   1.410401e-02   7.041453e-01   2.847685e-01  -1.707920e-02  -1.204531e+02
  6.1891910992088e+00   1.621762e+00   1.803492e-01   6.323490e+01  -5.461504e-03   1.454118e-02   7.047563e-01   2.847306e-01  -1.740296e-02  -1.204550e+02
  6.1913889653662e+00   1.622160e+00   1.811565e-01   6.323599e+01  -5.429031e-03   1.500767e-02   7.051002e-01   2.846917e-01  -1.801573e-02  -1.204571e+02
  6.1935868315235e+00   1.622558e+00   1.817481e-01   6.323719e+01  -5.395508e-03   1.549767e-02   7.051197e-01   2.846512e-01  -1.886539e-02  -1.204594e+02
  6.1957846976809e+00   1.622958e+00   1.820520e-01   6.323848e+01  -5.360889e-03   1.600424e-02   7.047393e-01   2.846086e-01  -1.989404e-02  -1.204618e+02
  6.1979825638383e+00   1.623358e+00   1.820164e-01   6.323979e+01  -5.325147e-03   1.651981e-02   7.038681e-01   2.845636e-01  -2.104023e-02  -1.204643e+02
  6.2001804299957e+00   1.623758e+00   1.816114e-01   6.324106e+01  -5.288271e-03   1.703671e-02   7.024044e-01   2.845160e-01  -2.224115e-02  -1.204667e+02
  6.2023782961531e+00   1.624156e+00   1.808280e-01   6.324220e+01  -5.250265e-03   1.754749e-02   7.002411e-01   2.844658e-01  -2.343492e-02  -1.204688e+02
  6.2045761623105e+00   1.624552e+00   1.796786e-01   6.324313e+01  -5.211152e-03   1.804494e-02   6.972734e-01   2.844131e-01  -2.456261e-02  -1.204706e+02
  6.2067740284679e+00   1.624946e+00   1.781949e-01   6.324375e+01  -5.170967e-03   1.852202e-02   6.934056e-01   2.843580e-01  -2.557004e-02  -1.204717e+02
  6.2089718946253e+00   1.625335e+00   1.764262e-01   6.324397e+01  -5.129764e-03   1.897175e-02   6.885589e-01   2.843009e-01  -2.640931e-02  -1.204720e+02
  6.2111697607827e+00   1.625721e+00   1.744360e-01   6.324372e+01  -5.087610e-03   1.938735e-02   6.826771e-01   2.842421e-01  -2.704007e-02  -1.204714e+02
  6.2133676269401e+00   1.626102e+00   1.722978e-01   6.324291e+01  -5.044587e-03   1.976250e-02   6.757320e-01   2.841823e-01  -2.743053e-02  -1.204697e+02
  6.2155654930974e+00   1.626478e+00   1.700907e-01   6.324149e+01  -5.000790e-03   2.009184e-02   6.677273e-01   2.841218e-01  -2.755816e-02  -1.204669e+02
  6.2177633592548e+00   1.626849e+00   1.678950e-01   6.323943e+01  -4.956324e-03   2.037122e-02   6.587020e-01   2.840614e-01  -2.740998e-02  -1.204628e+02
  6.2199612254122e+00   1.627216e+00   1.657882e-01   6.323671e+01  -4.911301e-03   2.059794e-02   6.487316e-01   2.840016e-01  -2.698250e-02  -1.204574e+02
  6.2221590915696e+00   1.627578e+00   1.638417e-01   6.323332e+01  -4.865840e-03   2.077064e-02   6.379294e-01   2.839431e-01  -2.628111e-02  -1.204508e+02
  6.2243569577270e+00   1.627937e+00   1.621186e-01   6.322930e+01  -4.820059e-03   2.088901e-02   6.264430e-01   2.838864e-01  -2.531931e-02  -1.204429e+02
  6.2265548238844e+00   1.628291e+00   1.606716e-01   6.322469e+01  -4.774077e-03   2.095346e-02   6.144506e-01   2.838320e-01  -2.411744e-02  -1.204339e+02
  6.2287526900418e+00   1.628643e+00   1.595412e-01   6.321954e+01  -4.728011e-03   2.096491e-02   6.021535e-01   2.837806e-01  -2.270146e-02  -1.204239e+02
  6.2309505561992e+00   1.628993e+00   1.587545e-01   6.321397e+01  -4.681977e-03   2.092453e-02   5.897680e-01   2.837325e-01  -2.110153e-02  -1.204131e+02
  6.2331484223566e+00   1.629341e+00   1.583248e-01   6.320806e+01  -4.636088e-03   2.083373e-02   5.775162e-01   2.836880e-01  -1.935067e-02  -1.204016e+02
  6.2353462885139e+00   1.629689e+00   1.582520e-01   6.320195e+01  -4.590452e-03   2.069400e-02   5.656172e-01   2.836475e-01  -1.748328e-02  -1.203898e+02
  6.2375441546713e+00   1.630037e+00   1.585231e-01   6.319574e+01  -4.545175e-03   2.050686e-02   5.542793e-01   2.836113e-01  -1.553381e-02  -1.203778e+02
  6.2397420208287e+00   1.630386e+00   1.591140e-01   6.318960e+01  -4.500359e-03   2.027374e-02   5.436934e-01   2.835793e-01  -1.353536e-02  -1.203660e+02
  6.2419398869861e+00   1.630737e+00   1.599919e-01   6.318364e+01  -4.456106e-03   1.999607e-02   5.340278e-01   2.835518e-01  -1.151843e-02  -1.203545e+02
  6.2441377531435e+00   1.631090e+00   1.611165e-01   6.317799e+01  -4.412510e-03   1.967546e-02   5.254238e-01   2.835287e-01  -9.509818e-03  -1.203436e+02
  6.2463356193009e+00   1.631446e+00   1.624426e-01   6.317279e+01  -4.369663e-03   1.931403e-02   5.179939e-01   2.835100e-01  -7.531784e-03  -1.203336e+02
  6.2485334854583e+00   1.631804e+00   1.639211e-01   6.316814e+01  -4.327652e-03   1.891497e-02   5.118209e-01   2.834955e-01  -5.601470e-03  -1.203246e+02
  6.2507313516157e+00   1.632166e+00   1.655018e-01   6.316412e+01  -4.286554e-03   1.848286e-02   5.069585e-01   2.834853e-01  -3.730589e-03  -1.203169e+02
  6.2529292177731e+00   1.632532e+00   1.671346e-01   6.316082e+01  -4.246435e-03   1.802398e-02   5.034342e-01   2.834791e-01  -1.925388e-03  -1.203105e+02
  6.2551270839305e+00   1.632901e+00   1.687721e-01   6.315828e+01  -4.207346e-03   1.754631e-02   5.012512e-01   2.834767e-01  -1.868503e-04  -1.203056e+02
  6.2573249500878e+00   1.633274e+00   1.703713e-01   6.315652e+01  -4.169316e-03   1.705933e-02   5.003915e-01   2.834782e-01   1.488863e-03  -1.203022e+02
  6.2595228162452e+00   1.633650e+00   1.718953e-01   6.315554e+01  -4.132356e-03   1.657370e-02   5.008182e-01   2.834832e-01   3.109755e-03  -1.203004e+02
  6.2617206824026e+00   1.634029e+00   1.733145e-01   6.315532e+01  -4.096449e-03   1.610087e-02   5.024780e-01   2.834918e-01   4.687128e-03  -1.202999e+02
  6.2639185485600e+00   1.634411e+00   1.746072e-01   6.315582e+01  -4.061554e-03   1.565275e-02   5.053038e-01   2.835038e-01   6.234576e-03  -1.203009e+02
  6.2661164147174e+00   1.634797e+00   1.757603e-01   6.315696e+01  -4.027603e-03   1.524131e-02   5.092170e-01   2.835192e-01   7.766909e-03  -1.203031e+02
  6.2683142808748e+00   1.635184e+00   1.767690e-01   6.315866e+01  -3.994504e-03   1.487819e-02   5.141309e-01   2.835380e-01   9.299089e-03  -1.203064e+02
  6.2705121470322e+00   1.635573e+00   1.776369e-01   6.316083e+01  -3.962138e-03   1.457427e-02   5.199528e-01   2.835601e-01   1.084529e-02  -1.203106e+02
  6.2727100131896e+00   1.635965e+00   1.783754e-01   6.316335e+01  -3.930364e-03   1.433930e-02   5.265850e-01   2.835857e-01   1.241812e-02  -1.203155e+02
  6.2749078793470e+00   1.636357e+00   1.790028e-01   6.316610e+01  -3.899021e-03   1.418155e-02   5.339262e-01   2.836147e-01   1.402800e-02  -1.203208e+02
  6.2771057455043e+00   1.636751e+00   1.795426e-01   6.316896e+01  -3.867933e-03   1.410762e-02   5.418709e-01   2.836474e-01   1.568278e-02  -1.203264e+02
  6.2793036116617e+00   1.637146e+00   1.800220e-01   6.317181e+01  -3.836910e-03   1.412242e-02   5.503097e-01   2.836837e-01   1.738747e-02  -1.203319e+02
  6.2815014778191e+00   1.637543e+00   1.804694e-01   6.317453e+01  -3.805754e-03   1.422927e-02   5.591314e-01   2.837239e-01   1.914414e-02  -1.203372e+02
  6.2836993439765e+00   1.637940e+00   1.809129e-01   6.317702e+01  -3.774259e-03   1.443005e-02   5.682258e-01   2.837679e-01   2.095195e-02  -1.203421e+02
  6.2858972101339e+00   1.638338e+00   1.813784e-01   6.317917e+01  -3.742219e-03   1.472533e-02   5.774871e-01   2.838160e-01   2.280724e-02  -1.203464e+02
  6.2880950762913e+00   1.638737e+00   1.818887e-01   6.318090e+01  -3.709427e-03   1.511442e-02   5.868177e-01   2.838683e-01   2.470388e-02  -1.203499e+02
  6.2902929424487e+00   1.639138e+00   1.824619e-01   6.318216e+01  -3.675679e-03   1.559529e-02   5.961298e-01   2.839247e-01   2.663353e-02  -1.203524e+02
  6.2924908086061e+00   1.639539e+00   1.831111e-01   6.318287e+01  -3.640778e-03   1.616446e-02   6.053466e-01   2.839853e-01   2.858613e-02  -1.203539e+02
  6.2946886747635e+00   1.639943e+00   1.838438e-01   6.318301e+01  -3.604533e-03   1.681681e-02   6.144009e-01   2.840503e-01   3.055034e-02  -1.203544e+02
  6.2968865409209e+00   1.640347e+00   1.846616e-01   6.318257e+01  -3.566772e-03   1.754534e-02   6.232345e-01   2.841196e-01   3.251396e-02  -1.203537e+02
  6.2990844070782e+00   1.640754e+00   1.855608e-01   6.318156e+01  -3.527335e-03   1.834103e-02   6.317956e-01   2.841932e-01   3.446439e-02  -1.203519e+02
  6.3012822732356e+00   1.641163e+00   1.865328e-01   6.318000e+01  -3.486088e-03   1.919271e-02   6.400383e-01   2.842711e-01   3.638904e-02  -1.203491e+02
  6.3034801393930e+00   1.641574e+00   1.875656e-01   6.317792e+01  -3.442922e-03   2.008699e-02   6.479198e-01   2.843532e-01   3.827562e-02  -1.203453e+02
  6.3056780055504e+00   1.641988e+00   1.886443e-01   6.317538e+01  -3.397761e-03   2.100837e-02   6.553986e-01   2.844393e-01   4.011251e-02  -1.203406e+02
  6.3078758717078e+00   1.642404e+00   1.897526e-01   6.317245e+01  -3.350564e-03   2.193956e-02   6.624308e-01   2.845294e-01   4.188900e-02  -1.203352e+02
  6.3100737378652e+00   1.642822e+00   1.908736e-01   6.316919e+01  -3.301330e-03   2.286189e-02   6.689672e-01   2.846234e-01   4.359557e-02  -1.203291e+02
  6.3122716040226e+00   1.643243e+00   1.919906e-01   6.316567e+01  -3.250100e-03   2.375596e-02   6.749501e-01   2.847210e-01   4.522409e-02  -1.203225e+02
  6.3144694701800e+00   1.643666e+00   1.930883e-01   6.316198e+01  -3.196958e-03   2.460228e-02   6.803127e-01   2.848220e-01   4.676799e-02  -1.203156e+02
  6.3166673363374e+00   1.644091e+00   1.941538e-01   6.315821e+01  -3.142029e-03   2.538207e-02   6.849800e-01   2.849264e-01   4.822237e-02  -1.203085e+02
  6.3188652024947e+00   1.644519e+00   1.951775e-01   6.315442e+01  -3.085478e-03   2.607794e-02   6.888710e-01   2.850339e-01   4.958403e-02  -1.203013e+02
  6.3210630686521e+00   1.644949e+00   1.961536e-01   6.315068e+01  -3.027506e-03   2.667467e-02   6.919016e-01   2.851443e-01   5.085146e-02  -1.202943e+02
  6.3232609348095e+00   1.645381e+00   1.970797e-01   6.314708e+01  -2.968345e-03   2.715987e-02   6.939881e-01   2.852573e-01   5.202477e-02  -1.202875e+02
  6.3254588009669e+00   1.645815e+00   1.979570e-01   6.314367e+01  -2.908251e-03   2.752455e-02   6.950502e-01   2.853729e-01   5.310555e-02  -1.202810e+02
  6.3276566671243e+00   1.646251e+00   1.987888e-01   6.314049e+01  -2.847493e-03   2.776354e-02   6.950136e-01   2.854907e-01   5.409690e-02  -1.202749e+02
  6.3298545332817e+00   1.646689e+00   1.995797e-01   6.313760e+01  -2.786349e-03   2.787561e-02   6.938129e-01   2.856106e-01   5.500332e-02  -1.202694e+02
  6.3320523994391e+00   1.647129e+00   2.003348e-01   6.313503e+01  -2.725096e-03   2.786339e-02   6.913955e-01   2.857324e-01   5.583077e-02  -1.202645e+02
  6.3342502655965e+00   1.647570e+00   2.010596e-01   6.313282e+01  -2.663999e-03   2.773299e-02   6.877246e-01   2.858559e-01   5.658661e-02  -1.202602e+02
  6.3364481317539e+00   1.648012e+00   2.017586e-01   6.313097e+01  -2.603309e-03   2.749359e-02   6.827831e-01   2.859811e-01   5.727959e-02  -1.202566e+02
  6.3386459979113e+00   1.648457e+00   2.024357e-01   6.312949e+01  -2.543252e-03   2.715693e-02   6.765747e-01   2.861077e-01   5.791962e-02  -1.202536e+02
  6.3408438640686e+00   1.648902e+00   2.030930e-01   6.312838e+01  -2.484026e-03   2.673690e-02   6.691252e-01   2.862356e-01   5.851763e-02  -1.202514e+02
  6.3430417302260e+00   1.649349e+00   2.037304e-01   6.312762e+01  -2.425798e-03   2.624919e-02   6.604823e-01   2.863649e-01   5.908527e-02  -1.202497e+02
  6.3452395963834e+00   1.649798e+00   2.043452e-01   6.312720e+01  -2.368697e-03   2.571088e-02   6.507149e-01   2.864953e-01   5.963466e-02  -1.202487e+02
  6.3474374625408e+00   1.650247e+00   2.049320e-01   6.312709e+01  -2.312816e-03   2.514004e-02   6.399121e-01   2.866270e-01   6.017827e-02  -1.202483e+02
  6.3496353286982e+00   1.650698e+00   2.054840e-01   6.312727e+01  -2.258204e-03   2.455515e-02   6.281825e-01   2.867599e-01   6.072882e-02  -1.202484e+02
  6.3518331948556e+00   1.651151e+00   2.059929e-01   6.312769e+01  -2.204873e-03   2.397457e-02   6.156524e-01   2.868940e-01   6.129925e-02  -1.202490e+02
  6.3540310610130e+00   1.651604e+00   2.064510e-01   6.312835e+01  -2.152794e-03   2.341584e-02   6.024635e-01   2.870294e-01   6.190273e-02  -1.202500e+02
  6.3562289271704e+00   1.652058e+00   2.068514e-01   6.312918e+01  -2.101901e-03   2.289518e-02   5.887689e-01   2.871661e-01   6.255262e-02  -1.202514e+02
  6.3584267933278e+00   1.652513e+00   2.071889e-01   6.313018e+01  -2.052095e-03   2.242706e-02   5.747284e-01   2.873044e-01   6.326236e-02  -1.202530e+02
  6.3606246594851e+00   1.652969e+00   2.074599e-01   6.313131e+01  -2.003246e-03   2.202382e-02   5.605035e-01   2.874443e-01   6.404529e-02  -1.202550e+02
  6.3628225256425e+00   1.653425e+00   2.076630e-01   6.313255e+01  -1.955202e-03   2.169536e-02   5.462539e-01   2.875860e-01   6.491444e-02  -1.202571e+02
  6.3650203917999e+00   1.653881e+00   2.077985e-01   6.313387e+01  -1.907789e-03   2.144887e-02   5.321339e-01   2.877297e-01   6.588227e-02  -1.202594e+02
  6.3672182579573e+00   1.654338e+00   2.078693e-01   6.313528e+01  -1.860824e-03   2.128853e-02   5.182902e-01   2.878757e-01   6.696039e-02  -1.202618e+02
  6.3694161241147e+00   1.654795e+00   2.078805e-01   6.313674e+01  -1.814115e-03   2.121529e-02   5.048596e-01   2.880242e-01   6.815932e-02  -1.202644e+02
  6.3716139902721e+00   1.655252e+00   2.078391e-01   6.313826e+01  -1.767474e-03   2.122677e-02   4.919664e-01   2.881754e-01   6.948809e-02  -1.202671e+02
  6.3738118564295e+00   1.655709e+00   2.077538e-01   6.313984e+01  -1.720721e-03   2.131736e-02   4.797198e-01   2.883298e-01   7.095397e-02  -1.202699e+02
  6.3760097225869e+00   1.656165e+00   2.076337e-01   6.314146e+01  -1.673691e-03   2.147851e-02   4.682111e-01   2.884875e-01   7.256200e-02  -1.202729e+02
  6.3782075887443e+00   1.656621e+00   2.074876e-01   6.314316e+01  -1.626242e-03   2.169913e-02   4.575117e-01   2.886489e-01   7.431480e-02  -1.202759e+02
  6.3804054549017e+00   1.657077e+00   2.073229e-01   6.314492e+01  -1.578257e-03   2.196608e-02   4.476729e-01   2.888143e-01   7.621218e-02  -1.202792e+02
  6.3826033210590e+00   1.657533e+00   2.071460e-01   6.314678e+01  -1.529650e-03   2.226469e-02   4.387263e-01   2.889841e-01   7.825113e-02  -1.202826e+02
  6.3848011872164e+00   1.657988e+00   2.069612e-01   6.314873e+01  -1.480369e-03   2.257939e-02   4.306849e-01   2.891585e-01   8.042577e-02  -1.202862e+02
  6.3869990533738e+00   1.658442e+00   2.067717e-01   6.315080e+01  -1.430397e-03   2.289427e-02   4.235449e-01   2.893378e-01   8.272751e-02  -1.202901e+02
  6.3891969195312e+00   1.658897e+00   2.065789e-01   6.315301e+01  -1.379749e-03   2.319376e-02   4.172865e-01   2.895222e-01   8.514529e-02  -1.202942e+02
  6.3913947856886e+00   1.659350e+00   2.063835e-01   6.315537e+01  -1.328476e-03   2.346328e-02   4.118750e-01   2.897121e-01   8.766586e-02  -1.202986e+02
  6.3935926518460e+00   1.659804e+00   2.061850e-01   6.315791e+01  -1.276658e-03   2.368990e-02   4.072621e-01   2.899077e-01   9.027414e-02  -1.203034e+02
  6.3957905180034e+00   1.660257e+00   2.059823e-01   6.316063e+01  -1.224401e-03   2.386284e-02   4.033879e-01   2.901090e-01   9.295363e-02  -1.203086e+02
  6.3979883841608e+00   1.660709e+00   2.057743e-01   6.316357e+01  -1.171831e-03   2.397384e-02   4.001833e-01   2.903163e-01   9.568693e-02  -1.203142e+02
  6.4001862503182e+00   1.661161e+00   2.055606e-01   6.316674e+01  -1.119092e-03   2.401736e-02   3.975733e-01   2.905297e-01   9.845627e-02  -1.203202e+02
  6.4023841164755e+00   1.661613e+00   2.053420e-01   6.317014e+01  -1.066335e-03   2.399069e-02   3.954795e-01   2.907491e-01   1.012442e-01  -1.203266e+02
  6.4045819826329e+00   1.662064e+00   2.051210e-01   6.317381e+01  -1.013712e-03   2.389396e-02   3.938230e-01   2.909747e-01   1.040339e-01  -1.203336e+02
  6.4067798487903e+00   1.662515e+00   2.049017e-01   6.317774e+01  -9.613767e-04   2.373020e-02   3.925264e-01   2.912064e-01   1.068100e-01  -1.203411e+02
  6.4089777149477e+00   1.662965e+00   2.046904e-01   6.318195e+01  -9.094680e-04   2.350528e-02   3.915159e-01   2.914442e-01   1.095591e-01  -1.203492e+02
  6.4111755811051e+00   1.663414e+00   2.044950e-01   6.318645e+01  -8.581115e-04   2.322777e-02   3.907245e-01   2.916880e-01   1.122696e-01  -1.203577e+02
  6.4133734472625e+00   1.663864e+00   2.043253e-01   6.319125e+01  -8.074107e-04   2.290868e-02   3.900952e-01   2.919376e-01   1.149325e-01  -1.203669e+02
  6.4155713134199e+00   1.664313e+00   2.041925e-01   6.319633e+01  -7.574426e-04   2.256099e-02   3.895835e-01   2.921931e-01   1.175413e-01  -1.203766e+02
  6.4177691795773e+00   1.664761e+00   2.041098e-01   6.320169e+01  -7.082542e-04   2.219914e-02   3.891604e-01   2.924543e-01   1.200920e-01  -1.203868e+02
  6.4199670457347e+00   1.665210e+00   2.040918e-01   6.320733e+01  -6.598600e-04   2.183829e-02   3.888128e-01   2.927209e-01   1.225834e-01  -1.203975e+02
  6.4221649118921e+00   1.665658e+00   2.041544e-01   6.321322e+01  -6.122410e-04   2.149372e-02   3.885432e-01   2.929930e-01   1.250167e-01  -1.204088e+02
  6.4243627780494e+00   1.666107e+00   2.043140e-01   6.321935e+01  -5.653452e-04   2.118016e-02   3.883681e-01   2.932704e-01   1.273953e-01  -1.204204e+02
  6.4265606442068e+00   1.666557e+00   2.045867e-01   6.322568e+01  -5.190896e-04   2.091120e-02   3.883159e-01   2.935530e-01   1.297248e-01  -1.204325e+02
  6.4287585103642e+00   1.667007e+00   2.049884e-01   6.323219e+01  -4.733632e-04   2.069868e-02   3.884245e-01   2.938406e-01   1.320120e-01  -1.204449e+02
  6.4309563765216e+00   1.667458e+00   2.055334e-01   6.323885e+01  -4.280313e-04   2.055214e-02   3.887393e-01   2.941332e-01   1.342652e-01  -1.204576e+02
  6.4331542426790e+00   1.667910e+00   2.062350e-01   6.324562e+01  -3.829414e-04   2.047839e-02   3.893103e-01   2.944308e-01   1.364935e-01  -1.204705e+02
  6.4353521088364e+00   1.668365e+00   2.071048e-01   6.325247e+01  -3.379297e-04   2.048112e-02   3.901883e-01   2.947332e-01   1.387063e-01  -1.204835e+02
  6.4375499749938e+00   1.668821e+00   2.081529e-01   6.325935e+01  -2.928274e-04   2.056077e-02   3.914207e-01   2.950405e-01   1.409135e-01  -1.204966e+02
  6.4397478411512e+00   1.669280e+00   2.093871e-01   6.326624e+01  -2.474685e-04   2.071464e-02   3.930471e-01   2.953526e-01   1.431248e-01  -1.205097e+02
  6.4419457073086e+00   1.669742e+00   2.108130e-01   6.327310e+01  -2.016959e-04   2.093718e-02   3.950950e-01   2.956696e-01   1.453493e-01  -1.205228e+02
  6.4441435734659e+00   1.670207e+00   2.124338e-01   6.327990e+01  -1.553676e-04   2.122034e-02   3.975776e-01   2.959916e-01   1.475955e-01  -1.205358e+02
  6.4463414396233e+00   1.670676e+00   2.142498e-01   6.328662e+01  -1.083614e-04   2.155409e-02   4.004925e-01   2.963185e-01   1.498704e-01  -1.205486e+02
  6.4485393057807e+00   1.671149e+00   2.162594e-01   6.329324e+01  -6.057872e-05   2.192687e-02   4.038219e-01   2.966504e-01   1.521800e-01  -1.205612e+02
  6.4507371719381e+00   1.671626e+00   2.184582e-01   6.329975e+01  -1.194780e-05   2.232598e-02   4.075333e-01   2.969875e-01   1.545283e-01  -1.205736e+02
  6.4529350380955e+00   1.672109e+00   2.208399e-01   6.330613e+01   3.757449e-05   2.273799e-02   4.115795e-01   2.973297e-01   1.569176e-01  -1.205858e+02
  6.4551329042529e+00   1.672597e+00   2.233958e-01   6.331237e+01   8.800144e-05   2.314920e-02   4.158989e-01   2.976773e-01   1.593487e-01  -1.205977e+02
  6.4573307704103e+00   1.673091e+00   2.261154e-01   6.331849e+01   1.393163e-04   2.354596e-02   4.204163e-01   2.980302e-01   1.618204e-01  -1.206094e+02
  6.4595286365677e+00   1.673591e+00   2.289855e-01   6.332448e+01   1.914728e-04   2.391508e-02   4.250431e-01   2.983887e-01   1.643301e-01  -1.206209e+02
  6.4617265027251e+00   1.674098e+00   2.319907e-01   6.333035e+01   2.443965e-04   2.424411e-02   4.296803e-01   2.987526e-01   1.668737e-01  -1.206321e+02
  6.4639243688825e+00   1.674611e+00   2.351138e-01   6.333611e+01   2.979867e-04   2.452152e-02   4.342211e-01   2.991222e-01   1.694457e-01  -1.206431e+02
  6.4661222350398e+00   1.675132e+00   2.383354e-01   6.334177e+01   3.521183e-04   2.473687e-02   4.385549e-01   2.994975e-01   1.720396e-01  -1.206539e+02
  6.4683201011972e+00   1.675659e+00   2.416350e-01   6.334735e+01   4.066449e-04   2.488087e-02   4.425699e-01   2.998785e-01   1.746481e-01  -1.206646e+02
  6.4705179673546e+00   1.676194e+00   2.449905e-01   6.335286e+01   4.614008e-04   2.494550e-02   4.461566e-01   3.002652e-01   1.772636e-01  -1.206751e+02
  6.4727158335120e+00   1.676736e+00   2.483791e-01   6.335832e+01   5.162042e-04   2.492417e-02   4.492098e-01   3.006577e-01   1.798784e-01  -1.206856e+02
  6.4749136996694e+00   1.677286e+00   2.517766e-01   6.336375e+01   5.708608e-04   2.481186e-02   4.516312e-01   3.010559e-01   1.824855e-01  -1.206960e+02
  6.4771115658268e+00   1.677843e+00   2.551584e-01   6.336917e+01   6.251670e-04   2.460537e-02   4.533320e-01   3.014598e-01   1.850781e-01  -1.207063e+02
  6.4793094319842e+00   1.678407e+00   2.584989e-01   6.337459e+01   6.789144e-04   2.430332e-02   4.542358e-01   3.018694e-01   1.876506e-01  -1.207166e+02
  6.4815072981416e+00   1.678979e+00   2.617722e-01   6.338003e+01   7.318936e-04   2.390631e-02   4.542816e-01   3.022847e-01   1.901985e-01  -1.207270e+02
  6.4837051642990e+00   1.679558e+00   2.649525e-01   6.338549e+01   7.838985e-04   2.341681e-02   4.534262e-01   3.027055e-01   1.927186e-01  -1.207374e+02
  6.4859030304563e+00   1.680144e+00   2.680143e-01   6.339100e+01   8.347307e-04   2.283915e-02   4.516446e-01   3.031318e-01   1.952089e-01  -1.207478e+02
  6.4881008966137e+00   1.680736e+00   2.709326e-01   6.339653e+01   8.842032e-04   2.217946e-02   4.489304e-01   3.035635e-01   1.976692e-01  -1.207583e+02
  6.4902987627711e+00   1.681334e+00   2.736835e-01   6.340211e+01   9.321442e-04   2.144556e-02   4.452945e-01   3.040006e-01   2.001008e-01  -1.207689e+02
  6.4924966289285e+00   1.681939e+00   2.762443e-01   6.340772e+01   9.784009e-04   2.064688e-02   4.407639e-01   3.044431e-01   2.025065e-01  -1.207795e+02
  6.4946944950859e+00   1.682549e+00   2.785938e-01   6.341334e+01   1.022843e-03   1.979426e-02   4.353803e-01   3.048908e-01   2.048905e-01  -1.207902e+02
  6.4968923612433e+00   1.683163e+00   2.807129e-01   6.341897e+01   1.065365e-03   1.889968e-02   4.291984e-01   3.053437e-01   2.072581e-01  -1.208008e+02
  6.4990902274007e+00   1.683782e+00   2.825849e-01   6.342458e+01   1.105889e-03   1.797589e-02   4.222849e-01   3.058018e-01   2.096155e-01  -1.208114e+02
  6.5012880935581e+00   1.684405e+00   2.841958e-01   6.343016e+01   1.144365e-03   1.703603e-02   4.147154e-01   3.062651e-01   2.119694e-01  -1.208220e+02
  6.5034859597155e+00   1.685031e+00   2.855346e-01   6.343568e+01   1.180772e-03   1.609322e-02   4.065729e-01   3.067336e-01   2.143268e-01  -1.208324e+02
  6.5056838258729e+00   1.685660e+00   2.865932e-01   6.344111e+01   1.215117e-03   1.516024e-02   3.979446e-01   3.072073e-01   2.166947e-01  -1.208426e+02
  6.5078816920302e+00   1.686291e+00   2.873667e-01   6.344644e+01   1.247436e-03   1.424924e-02   3.889199e-01   3.076862e-01   2.190798e-01  -1.208527e+02
  6.5100795581876e+00   1.686923e+00   2.878533e-01   6.345164e+01   1.277789e-03   1.337150e-02   3.795892e-01   3.081703e-01   2.214887e-01  -1.208625e+02
  6.5122774243450e+00   1.687556e+00   2.880546e-01   6.345670e+01   1.306261e-03   1.253724e-02   3.700429e-01   3.086598e-01   2.239274e-01  -1.208720e+02
  6.5144752905024e+00   1.688189e+00   2.879755e-01   6.346159e+01   1.332957e-03   1.175542e-02   3.603711e-01   3.091547e-01   2.264014e-01  -1.208812e+02
  6.5166731566598e+00   1.688821e+00   2.876244e-01   6.346630e+01   1.358001e-03   1.103353e-02   3.506630e-01   3.096550e-01   2.289156e-01  -1.208901e+02
  6.5188710228172e+00   1.689453e+00   2.870130e-01   6.347079e+01   1.381530e-03   1.037751e-02   3.410064e-01   3.101609e-01   2.314745e-01  -1.208985e+02
  6.5210688889746e+00   1.690083e+00   2.861559e-01   6.347507e+01   1.403695e-03   9.791620e-03   3.314868e-01   3.106726e-01   2.340821e-01  -1.209066e+02
  6.5232667551320e+00   1.690710e+00   2.850699e-01   6.347912e+01   1.424651e-03   9.278400e-03   3.221871e-01   3.111899e-01   2.367422e-01  -1.209142e+02
  6.5254646212894e+00   1.691335e+00   2.837740e-01   6.348291e+01   1.444561e-03   8.838681e-03   3.131868e-01   3.117132e-01   2.394582e-01  -1.209213e+02
  6.5276624874467e+00   1.691957e+00   2.822888e-01   6.348645e+01   1.463584e-03   8.471556e-03   3.045622e-01   3.122426e-01   2.422331e-01  -1.209280e+02
  6.5298603536041e+00   1.692576e+00   2.806360e-01   6.348971e+01   1.481876e-03   8.174377e-03   2.963858e-01   3.127781e-01   2.450702e-01  -1.209341e+02
  6.5320582197615e+00   1.693191e+00   2.788385e-01   6.349269e+01   1.499588e-03   7.942759e-03   2.887266e-01   3.133199e-01   2.479724e-01  -1.209397e+02
  6.5342560859189e+00   1.693802e+00   2.769200e-01   6.349537e+01   1.516856e-03   7.770627e-03   2.816482e-01   3.138682e-01   2.509423e-01  -1.209448e+02
  6.5364539520763e+00   1.694408e+00   2.749044e-01   6.349773e+01   1.533803e-03   7.650332e-03   2.752078e-01   3.144231e-01   2.539825e-01  -1.209492e+02
  6.5386518182337e+00   1.695010e+00   2.728155e-01   6.349976e+01   1.550532e-03   7.572816e-03   2.694551e-01   3.149847e-01   2.570952e-01  -1.209530e+02
  6.5408496843911e+00   1.695607e+00   2.706766e-01   6.350145e+01   1.567126e-03   7.527834e-03   2.644304e-01   3.155533e-01   2.602821e-01  -1.209562e+02
  6.5430475505485e+00   1.696200e+00   2.685106e-01   6.350278e+01   1.583646e-03   7.504181e-03   2.601642e-01   3.161290e-01   2.635446e-01  -1.209587e+02
  6.5452454167059e+00   1.696788e+00   2.663394e-01   6.350373e+01   1.600123e-03   7.489929e-03   2.566773e-01   3.167119e-01   2.668832e-01  -1.209605e+02
  6.5474432828633e+00   1.697371e+00   2.641844e-01   6.350430e+01   1.616566e-03   7.472661e-03   2.539797e-01   3.173022e-01   2.702979e-01  -1.209616e+02
  6.5496411490206e+00   1.697949e+00   2.620666e-01   6.350446e+01   1.632954e-03   7.439754e-03   2.520712e-01   3.179001e-01   2.737878e-01  -1.209619e+02
  6.5518390151780e+00   1.698523e+00   2.600060e-01   6.350420e+01   1.649238e-03   7.378703e-03   2.509408e-01   3.185058e-01   2.773509e-01  -1.209614e+02
  6.5540368813354e+00   1.699092e+00   2.580219e-01   6.350351e+01   1.665345e-03   7.277510e-03   2.505669e-01   3.191194e-01   2.809844e-01  -1.209600e+02
  6.5562347474928e+00   1.699657e+00   2.561317e-01   6.350237e+01   1.681172e-03   7.125093e-03   2.509177e-01   3.197410e-01   2.846838e-01  -1.209579e+02
  6.5584326136502e+00   1.700218e+00   2.543513e-01   6.350077e+01   1.696598e-03   6.911672e-03   2.519529e-01   3.203708e-01   2.884435e-01  -1.209548e+02
  6.5606304798076e+00   1.700775e+00   2.526939e-01   6.349871e+01   1.711478e-03   6.629079e-03   2.536255e-01   3.210090e-01   2.922563e-01  -1.209509e+02
  6.5628283459650e+00   1.701329e+00   2.511704e-01   6.349619e+01   1.725654e-03   6.270972e-03   2.558836e-01   3.216556e-01   2.961137e-01  -1.209461e+02
  6.5650262121224e+00   1.701879e+00   2.497885e-01   6.349320e+01   1.738955e-03   5.832952e-03   2.586728e-01   3.223107e-01   3.000056e-01  -1.209405e+02
  6.5672240782798e+00   1.702427e+00   2.485529e-01   6.348975e+01   1.751204e-03   5.312607e-03   2.619369e-01   3.229743e-01   3.039207e-01  -1.209339e+02
  6.5694219444371e+00   1.702972e+00   2.474648e-01   6.348584e+01   1.762217e-03   4.709503e-03   2.656195e-01   3.236466e-01   3.078462e-01  -1.209265e+02
  6.5716198105945e+00   1.703515e+00   2.465217e-01   6.348150e+01   1.771816e-03   4.025138e-03   2.696650e-01   3.243275e-01   3.117684e-01  -1.209183e+02
  6.5738176767519e+00   1.704056e+00   2.457171e-01   6.347673e+01   1.779825e-03   3.262832e-03   2.740194e-01   3.250170e-01   3.156722e-01  -1.209093e+02
  6.5760155429093e+00   1.704595e+00   2.450408e-01   6.347155e+01   1.786078e-03   2.427555e-03   2.786320e-01   3.257151e-01   3.195418e-01  -1.208994e+02
  6.5782134090667e+00   1.705133e+00   2.444789e-01   6.346598e+01   1.790423e-03   1.525680e-03   2.834572e-01   3.264216e-01   3.233606e-01  -1.208889e+02
  6.5804112752241e+00   1.705670e+00   2.440144e-01   6.346004e+01   1.792720e-03   5.646700e-04   2.884551e-01   3.271364e-01   3.271115e-01  -1.208776e+02
  6.5826091413815e+00   1.706206e+00   2.436275e-01   6.345376e+01   1.792849e-03  -4.472435e-04   2.935928e-01   3.278594e-01   3.307772e-01  -1.208657e+02
  6.5848070075389e+00   1.706741e+00   2.432966e-01   6.344715e+01   1.790708e-03  -1.501367e-03   2.988436e-01   3.285903e-01   3.343403e-01  -1.208532e+02
  6.5870048736963e+00   1.707276e+00   2.429980e-01   6.344024e+01   1.786213e-03  -2.588800e-03   3.041871e-01   3.293290e-01   3.377836e-01  -1.208401e+02
  6.5892027398537e+00   1.707809e+00   2.427068e-01   6.343306e+01   1.779301e-03  -3.700636e-03   3.096083e-01   3.300750e-01   3.410904e-01  -1.208264e+02
  6.5914006060110e+00   1.708342e+00   2.423975e-01   6.342561e+01   1.769929e-03  -4.828102e-03   3.150978e-01   3.308281e-01   3.442446e-01  -1.208123e+02
  6.5935984721684e+00   1.708875e+00   2.420446e-01   6.341794e+01   1.758070e-03  -5.962655e-03   3.206511e-01   3.315880e-01   3.472310e-01  -1.207978e+02
  6.5957963383258e+00   1.709406e+00   2.416232e-01   6.341005e+01   1.743720e-03  -7.096040e-03   3.262693e-01   3.323543e-01   3.500356e-01  -1.207828e+02
  6.5979942044832e+00   1.709937e+00   2.411097e-01   6.340197e+01   1.726888e-03  -8.220284e-03   3.319584e-01   3.331265e-01   3.526457e-01  -1.207675e+02
  6.6001920706406e+00   1.710466e+00   2.404827e-01   6.339372e+01   1.707604e-03  -9.327658e-03   3.377287e-01   3.339042e-01   3.550501e-01  -1.207518e+02
  6.6023899367980e+00   1.710994e+00   2.397229e-01   6.338531e+01   1.685913e-03  -1.041058e-02   3.435940e-01   3.346870e-01   3.572396e-01  -1.207358e+02
  6.6045878029554e+00   1.711520e+00   2.388140e-01   6.337675e+01   1.661877e-03  -1.146157e-02   3.495702e-01   3.354743e-01   3.592066e-01  -1.207196e+02
  6.6067856691128e+00   1.712043e+00   2.377422e-01   6.336807e+01   1.635575e-03  -1.247313e-02   3.556736e-01   3.362657e-01   3.609455e-01  -1.207031e+02
  6.6089835352702e+00   1.712564e+00   2.364970e-01   6.335927e+01   1.607100e-03  -1.343785e-02   3.619204e-01   3.370607e-01   3.624527e-01  -1.206864e+02
  6.6111814014275e+00   1.713083e+00   2.350706e-01   6.335036e+01   1.576565e-03  -1.434848e-02   3.683245e-01   3.378587e-01   3.637265e-01  -1.206695e+02
  6.6133792675849e+00   1.713598e+00   2.334585e-01   6.334136e+01   1.544095e-03  -1.519808e-02   3.748965e-01   3.386593e-01   3.647674e-01  -1.206524e+02
  6.6155771337423e+00   1.714109e+00   2.316593e-01   6.333226e+01   1.509832e-03  -1.598022e-02   3.816419e-01   3.394619e-01   3.655777e-01  -1.206351e+02
  6.6177749998997e+00   1.714616e+00   2.296742e-01   6.332308e+01   1.473931e-03  -1.668914e-02   3.885596e-01   3.402660e-01   3.661613e-01  -1.206177e+02
  6.6199728660571e+00   1.715118e+00   2.275070e-01   6.331382e+01   1.436557e-03  -1.731993e-02   3.956406e-01   3.410712e-01   3.665242e-01  -1.206001e+02
  6.6221707322145e+00   1.715616e+00   2.251637e-01   6.330448e+01   1.397887e-03  -1.786861e-02   4.028681e-01   3.418769e-01   3.666735e-01  -1.205824e+02
  6.6243685983719e+00   1.716108e+00   2.226521e-01   6.329507e+01   1.358105e-03  -1.833232e-02   4.102180e-01   3.426827e-01   3.666174e-01  -1.205646e+02
  6.6265664645293e+00   1.716594e+00   2.199818e-01   6.328558e+01   1.317398e-03  -1.870936e-02   4.176599e-01   3.434882e-01   3.663648e-01  -1.205466e+02
  6.6287643306867e+00   1.717075e+00   2.171635e-01   6.327604e+01   1.275959e-03  -1.899941e-02   4.251592e-01   3.442930e-01   3.659255e-01  -1.205285e+02
  6.6309621968441e+00   1.717549e+00   2.142094e-01   6.326643e+01   1.233976e-03  -1.920356e-02   4.326774e-01   3.450966e-01   3.653092e-01  -1.205103e+02
  6.6331600630014e+00   1.718016e+00   2.111324e-01   6.325677e+01   1.191637e-03  -1.932446e-02   4.401739e-01   3.458986e-01   3.645259e-01  -1.204921e+02
  6.6353579291588e+00   1.718477e+00   2.079462e-01   6.324708e+01   1.149118e-03  -1.936633e-02   4.476061e-01   3.466987e-01   3.635854e-01  -1.204737e+02
  6.6375557953162e+00   1.718930e+00   2.046647e-01   6.323735e+01   1.106588e-03  -1.933494e-02   4.549298e-01   3.474967e-01   3.624974e-01  -1.204553e+02
  6.6397536614736e+00   1.719376e+00   2.013022e-01   6.322762e+01   1.064199e-03  -1.923762e-02   4.621000e-01   3.482920e-01   3.612712e-01  -1.204369e+02
  6.6419515276310e+00   1.719815e+00   1.978728e-01   6.321789e+01   1.022087e-03  -1.908319e-02   4.690711e-01   3.490846e-01   3.599156e-01  -1.204184e+02
  6.6441493937884e+00   1.720246e+00   1.943908e-01   6.320818e+01   9.803664e-04  -1.888187e-02   4.757974e-01   3.498740e-01   3.584392e-01  -1.204001e+02
  6.6463472599458e+00   1.720669e+00   1.908708e-01   6.319852e+01   9.391267e-04  -1.864516e-02   4.822327e-01   3.506601e-01   3.568502e-01  -1.203818e+02
  6.6485451261032e+00   1.721085e+00   1.873270e-01   6.318892e+01   8.984323e-04  -1.838563e-02   4.883302e-01   3.514425e-01   3.551565e-01  -1.203636e+02
  6.6507429922606e+00   1.721493e+00   1.837734e-01   6.317942e+01   8.583188e-04  -1.811663e-02   4.940411e-01   3.522211e-01   3.533658e-01  -1.203456e+02
  6.6529408584179e+00   1.721893e+00   1.802235e-01   6.317004e+01   8.187917e-04  -1.785194e-02   4.993137e-01   3.529957e-01   3.514862e-01  -1.203278e+02
  6.6551387245753e+00   1.722285e+00   1.766898e-01   6.316082e+01   7.798266e-04  -1.760531e-02   5.040935e-01   3.537661e-01   3.495254e-01  -1.203103e+02
  6.6573365907327e+00   1.722669e+00   1.731835e-01   6.315179e+01   7.413690e-04  -1.739004e-02   5.083236e-01   3.545321e-01   3.474917e-01  -1.202931e+02
  6.6595344568901e+00   1.723046e+00   1.697143e-01   6.314300e+01   7.033366e-04  -1.721846e-02   5.119456e-01   3.552935e-01   3.453931e-01  -1.202764e+02
  6.6617323230475e+00   1.723415e+00   1.662897e-01   6.313448e+01   6.656211e-04  -1.710161e-02   5.149012e-01   3.560503e-01   3.432382e-01  -1.202603e+02
  6.6639301892049e+00   1.723777e+00   1.629156e-01   6.312628e+01   6.280922e-04  -1.704875e-02   5.171331e-01   3.568022e-01   3.410355e-01  -1.202447e+02
  6.6661280553623e+00   1.724132e+00   1.595951e-01   6.311845e+01   5.906012e-04  -1.706712e-02   5.185871e-01   3.575493e-01   3.387942e-01  -1.202298e+02
  6.6683259215197e+00   1.724479e+00   1.563294e-01   6.311102e+01   5.529861e-04  -1.716167e-02   5.192125e-01   3.582914e-01   3.365232e-01  -1.202156e+02
  6.6705237876771e+00   1.724819e+00   1.531169e-01   6.310403e+01   5.150766e-04  -1.733492e-02   5.189639e-01   3.590285e-01   3.342324e-01  -1.202023e+02
  6.6727216538345e+00   1.725152e+00   1.499542e-01   6.309753e+01   4.766998e-04  -1.758694e-02   5.178024e-01   3.597606e-01   3.319315e-01  -1.201899e+02
  6.6749195199918e+00   1.725478e+00   1.468358e-01   6.309155e+01   4.376851e-04  -1.791541e-02   5.156973e-01   3.604876e-01   3.296308e-01  -1.201785e+02
  6.6771173861492e+00   1.725797e+00   1.437552e-01   6.308611e+01   3.978694e-04  -1.831582e-02   5.126272e-01   3.612096e-01   3.273408e-01  -1.201680e+02
  6.6793152523066e+00   1.726110e+00   1.407053e-01   6.308124e+01   3.571018e-04  -1.878168e-02   5.085806e-01   3.619265e-01   3.250719e-01  -1.201587e+02
  6.6815131184640e+00   1.726416e+00   1.376788e-01   6.307695e+01   3.152474e-04  -1.930470e-02   5.035554e-01   3.626385e-01   3.228346e-01  -1.201505e+02
  6.6837109846214e+00   1.726715e+00   1.346691e-01   6.307325e+01   2.721915e-04  -1.987499e-02   4.975587e-01   3.633457e-01   3.206392e-01  -1.201433e+02
  6.6859088507788e+00   1.727008e+00   1.316702e-01   6.307014e+01   2.278428e-04  -2.048120e-02   4.906062e-01   3.640481e-01   3.184960e-01  -1.201373e+02
  6.6881067169362e+00   1.727294e+00   1.286774e-01   6.306762e+01   1.821360e-04  -2.111071e-02   4.827214e-01   3.647458e-01   3.164152e-01  -1.201324e+02
  6.6903045830936e+00   1.727574e+00   1.256875e-01   6.306569e+01   1.350352e-04  -2.174981e-02   4.739361e-01   3.654390e-01   3.144073e-01  -1.201286e+02
  6.6925024492510e+00   1.727847e+00   1.226988e-01   6.306434e+01   8.653515e-05  -2.238394e-02   4.642909e-01   3.661279e-01   3.124828e-01  -1.201259e+02
  6.6947003154083e+00   1.728113e+00   1.197121e-01   6.306357e+01   3.666337e-05  -2.299806e-02   4.538356e-01   3.668127e-01   3.106529e-01  -1.201243e+02
  6.6968981815657e+00   1.728373e+00   1.167303e-01   6.306335e+01  -1.451950e-05  -2.357701e-02   4.426294e-01   3.674936e-01   3.089288e-01  -1.201237e+02
  6.6990960477231e+00   1.728626e+00   1.137588e-01   6.306366e+01  -6.691990e-05  -2.410597e-02   4.307406e-01   3.681709e-01   3.073217e-01  -1.201242e+02
  6.7012939138805e+00   1.728873e+00   1.108061e-01   6.306448e+01  -1.204125e-04  -2.457088e-02   4.182467e-01   3.688447e-01   3.058429e-01  -1.201256e+02
  6.7034917800379e+00   1.729113e+00   1.078829e-01   6.306577e+01  -1.748424e-04  -2.495886e-02   4.052335e-01   3.695154e-01   3.045031e-01  -1.201279e+02
  6.7056896461953e+00   1.729347e+00   1.050022e-01   6.306749e+01  -2.300279e-04  -2.525857e-02   3.917954e-01   3.701834e-01   3.033121e-01  -1.201310e+02
  6.7078875123527e+00   1.729575e+00   1.021793e-01   6.306961e+01  -2.857647e-04  -2.546042e-02   3.780348e-01   3.708489e-01   3.022787e-01  -1.201349e+02
  6.7100853785101e+00   1.729796e+00   9.943032e-02   6.307207e+01  -3.418291e-04  -2.555670e-02   3.640618e-01   3.715123e-01   3.014104e-01  -1.201394e+02
  6.7122832446675e+00   1.730012e+00   9.677259e-02   6.307483e+01  -3.979827e-04  -2.554158e-02   3.499934e-01   3.721740e-01   3.007132e-01  -1.201445e+02
  6.7144811108249e+00   1.730222e+00   9.422345e-02   6.307786e+01  -4.539763e-04  -2.541103e-02   3.359516e-01   3.728344e-01   3.001914e-01  -1.201502e+02
  6.7166789769822e+00   1.730426e+00   9.180001e-02   6.308109e+01  -5.095535e-04  -2.516272e-02   3.220612e-01   3.734938e-01   2.998474e-01  -1.201562e+02
  6.7188768431396e+00   1.730626e+00   8.951880e-02   6.308449e+01  -5.644548e-04  -2.479602e-02   3.084464e-01   3.741526e-01   2.996815e-01  -1.201625e+02
  6.7210747092970e+00   1.730820e+00   8.739557e-02   6.308799e+01  -6.184212e-04  -2.431201e-02   2.952279e-01   3.748113e-01   2.996925e-01  -1.201691e+02
  6.7232725754544e+00   1.731010e+00   8.544520e-02   6.309155e+01  -6.711981e-04  -2.371364e-02   2.825192e-01   3.754702e-01   2.998768e-01  -1.201758e+02
  6.7254704416118e+00   1.731196e+00   8.368155e-02   6.309510e+01  -7.225397e-04  -2.300585e-02   2.704241e-01   3.761296e-01   3.002294e-01  -1.201824e+02
  6.7276683077692e+00   1.731378e+00   8.211717e-02   6.309861e+01  -7.722131e-04  -2.219560e-02   2.590353e-01   3.767900e-01   3.007434e-01  -1.201890e+02
  6.7298661739266e+00   1.731557e+00   8.076293e-02   6.310201e+01  -8.200028e-04  -2.129178e-02   2.484338e-01   3.774518e-01   3.014103e-01  -1.201954e+02
  6.7320640400840e+00   1.731733e+00   7.962743e-02   6.310526e+01  -8.657149e-04  -2.030495e-02   2.386896e-01   3.781151e-01   3.022201e-01  -1.202015e+02
  6.7342619062414e+00   1.731907e+00   7.871665e-02   6.310832e+01  -9.091798e-04  -1.924699e-02   2.298633e-01   3.787804e-01   3.031607e-01  -1.202073e+02
  6.7364597723987e+00   1.732080e+00   7.803373e-02   6.311116e+01  -9.502554e-04  -1.813069e-02   2.220074e-01   3.794479e-01   3.042182e-01  -1.202126e+02
  6.7386576385561e+00   1.732251e+00   7.757915e-02   6.311375e+01  -9.888280e-04  -1.696943e-02   2.151668e-01   3.801178e-01   3.053766e-01  -1.202175e+02
  6.7408555047135e+00   1.732421e+00   7.735116e-02   6.311604e+01  -1.024814e-03  -1.577684e-02   2.093786e-01   3.807903e-01   3.066177e-01  -1.202219e+02
  6.7430533708709e+00   1.732591e+00   7.734641e-02   6.311803e+01  -1.058159e-03  -1.456657e-02   2.046701e-01   3.814657e-01   3.079216e-01  -1.202256e+02
  6.7452512370283e+00   1.732761e+00   7.756039e-02   6.311969e+01  -1.088840e-03  -1.335201e-02   2.010576e-01   3.821439e-01   3.092670e-01  -1.202288e+02
  6.7474491031857e+00   1.732932e+00   7.798766e-02   6.312100e+01  -1.116861e-03  -1.214594e-02   1.985441e-01   3.828251e-01   3.106318e-01  -1.202312e+02
  6.7496469693431e+00   1.733104e+00   7.862177e-02   6.312196e+01  -1.142253e-03  -1.096003e-02   1.971192e-01   3.835094e-01   3.119938e-01  -1.202331e+02
  6.7518448355005e+00   1.733278e+00   7.945494e-02   6.312254e+01  -1.165071e-03  -9.804307e-03   1.967600e-01   3.841965e-01   3.133310e-01  -1.202342e+02
  6.7540427016579e+00   1.733454e+00   8.047766e-02   6.312276e+01  -1.185392e-03  -8.686773e-03   1.974309e-01   3.848866e-01   3.146220e-01  -1.202346e+02
  6.7562405678153e+00   1.733632e+00   8.167857e-02   6.312261e+01  -1.203304e-03  -7.613267e-03   1.990832e-01   3.855795e-01   3.158457e-01  -1.202343e+02
  6.7584384339726e+00   1.733813e+00   8.304463e-02   6.312207e+01  -1.218910e-03  -6.587602e-03   2.016563e-01   3.862749e-01   3.169813e-01  -1.202333e+02
  6.7606363001300e+00   1.733997e+00   8.456168e-02   6.312116e+01  -1.232316e-03  -5.611893e-03   2.050801e-01   3.869727e-01   3.180083e-01  -1.202316e+02
  6.7628341662874e+00   1.734185e+00   8.621433e-02   6.311985e+01  -1.243634e-03  -4.687022e-03   2.092791e-01   3.876727e-01   3.189055e-01  -1.202291e+02
  6.7650320324448e+00   1.734376e+00   8.798506e-02   6.311816e+01  -1.252975e-03  -3.813092e-03   2.141760e-01   3.883744e-01   3.196510e-01  -1.202260e+02
  6.7672298986022e+00   1.734572e+00   8.985242e-02   6.311610e+01  -1.260451e-03  -2.989709e-03   2.196918e-01   3.890776e-01   3.202223e-01  -1.202221e+02
  6.7694277647596e+00   1.734771e+00   9.178928e-02   6.311369e+01  -1.266172e-03  -2.216107e-03   2.257429e-01   3.897818e-01   3.205967e-01  -1.202175e+02
  6.7716256309170e+00   1.734975e+00   9.376197e-02   6.311096e+01  -1.270246e-03  -1.491134e-03   2.322344e-01   3.904866e-01   3.207533e-01  -1.202124e+02
  6.7738234970744e+00   1.735183e+00   9.573098e-02   6.310796e+01  -1.272778e-03  -8.132056e-04   2.390535e-01   3.911915e-01   3.206747e-01  -1.202067e+02
  6.7760213632318e+00   1.735396e+00   9.765333e-02   6.310474e+01  -1.273870e-03  -1.803835e-04   2.460660e-01   3.918959e-01   3.203489e-01  -1.202006e+02
  6.7782192293891e+00   1.735613e+00   9.948526e-02   6.310136e+01  -1.273619e-03   4.089863e-04   2.531148e-01   3.925994e-01   3.197702e-01  -1.201942e+02
  6.7804170955465e+00   1.735833e+00   1.011842e-01   6.309786e+01  -1.272120e-03   9.551778e-04   2.600241e-01   3.933013e-01   3.189388e-01  -1.201876e+02
  6.7826149617039e+00   1.736057e+00   1.027098e-01   6.309431e+01  -1.269470e-03   1.456145e-03   2.666149e-01   3.940011e-01   3.178589e-01  -1.201809e+02
  6.7848128278613e+00   1.736284e+00   1.040232e-01   6.309075e+01  -1.265774e-03   1.907196e-03   2.727316e-01   3.946982e-01   3.165363e-01  -1.201741e+02
  6.7870106940187e+00   1.736514e+00   1.050849e-01   6.308726e+01  -1.261149e-03   2.301340e-03   2.782639e-01   3.953922e-01   3.149764e-01  -1.201675e+02
  6.7892085601761e+00   1.736746e+00   1.058528e-01   6.308391e+01  -1.255729e-03   2.630364e-03   2.831496e-01   3.960825e-01   3.131839e-01  -1.201612e+02
  6.7914064263335e+00   1.736979e+00   1.062818e-01   6.308078e+01  -1.249666e-03   2.886742e-03   2.873538e-01   3.967686e-01   3.111633e-01  -1.201553e+02
  6.7936042924909e+00   1.737213e+00   1.063269e-01   6.307794e+01  -1.243124e-03   3.066352e-03   2.908342e-01   3.974501e-01   3.089211e-01  -1.201499e+02
  6.7958021586483e+00   1.737446e+00   1.059488e-01   6.307544e+01  -1.236269e-03   3.171551e-03   2.935197e-01   3.981263e-01   3.064673e-01  -1.201451e+02
  6.7980000248057e+00   1.737678e+00   1.051204e-01   6.307331e+01  -1.229253e-03   3.213370e-03   2.953147e-01   3.987970e-01   3.038159e-01  -1.201411e+02
  6.8001978909630e+00   1.737908e+00   1.038303e-01   6.307156e+01  -1.222192e-03   3.211542e-03   2.961304e-01   3.994616e-01   3.009843e-01  -1.201377e+02
  6.8023957571204e+00   1.738134e+00   1.020851e-01   6.307020e+01  -1.215155e-03   3.192104e-03   2.959254e-01   4.001199e-01   2.979922e-01  -1.201351e+02
  6.8045936232778e+00   1.738356e+00   9.990729e-02   6.306927e+01  -1.208148e-03   3.183778e-03   2.947382e-01   4.007714e-01   2.948599e-01  -1.201333e+02
  6.8067914894352e+00   1.738573e+00   9.733141e-02   6.306884e+01  -1.201117e-03   3.214878e-03   2.926978e-01   4.014159e-01   2.916085e-01  -1.201325e+02
  6.8089893555926e+00   1.738783e+00   9.439863e-02   6.306896e+01  -1.193944e-03   3.312194e-03   2.900042e-01   4.020531e-01   2.882600e-01  -1.201327e+02
  6.8111872217500e+00   1.738987e+00   9.115060e-02   6.306970e+01  -1.186455e-03   3.502364e-03   2.868842e-01   4.026829e-01   2.848387e-01  -1.201340e+02
  6.8133850879074e+00   1.739184e+00   8.762406e-02   6.307113e+01  -1.178414e-03   3.814782e-03   2.835370e-01   4.033051e-01   2.813735e-01  -1.201367e+02
  6.8155829540648e+00   1.739372e+00   8.384688e-02   6.307327e+01  -1.169514e-03   4.284412e-03   2.800868e-01   4.039197e-01   2.778997e-01  -1.201408e+02
  6.8177808202222e+00   1.739552e+00   7.983482e-02   6.307613e+01  -1.159362e-03   4.952762e-03   2.765567e-01   4.045267e-01   2.744605e-01  -1.201462e+02
  6.8199786863795e+00   1.739723e+00   7.559041e-02   6.307973e+01  -1.147474e-03   5.865372e-03   2.728676e-01   4.051263e-01   2.711073e-01  -1.201530e+02
  6.8221765525369e+00   1.739884e+00   7.110630e-02   6.308406e+01  -1.133265e-03   7.064915e-03   2.688568e-01   4.057186e-01   2.678984e-01  -1.201612e+02
  6.8243744186943e+00   1.740035e+00   6.637315e-02   6.308904e+01  -1.116071e-03   8.580725e-03   2.642949e-01   4.063041e-01   2.648969e-01  -1.201707e+02
  6.8265722848517e+00   1.740175e+00   6.139102e-02   6.309457e+01  -1.095192e-03   1.041895e-02   2.589065e-01   4.068833e-01   2.621670e-01  -1.201812e+02
  6.8287701510091e+00   1.740305e+00   5.618247e-02   6.310054e+01  -1.069941e-03   1.255824e-02   2.524085e-01   4.074569e-01   2.597709e-01  -1.201925e+02
  6.8309680171665e+00   1.740422e+00   5.080462e-02   6.310676e+01  -1.039709e-03   1.495241e-02   2.445561e-01   4.080256e-01   2.577651e-01  -1.202043e+02
  6.8331658833239e+00   1.740528e+00   4.535558e-02   6.311310e+01  -1.004004e-03   1.753847e-02   2.351622e-01   4.085904e-01   2.561976e-01  -1.202163e+02
  6.8353637494813e+00   1.740622e+00   3.997207e-02   6.311915e+01  -9.624794e-04   2.024757e-02   2.240820e-01   4.091523e-01   2.551058e-01  -1.202283e+02
  6.8375616156387e+00   1.740704e+00   3.514291e-02   6.310361e+01  -9.149323e-04   2.301897e-02   2.111300e-01   4.097123e-01   2.545067e-01  -1.202401e+02
  6.8397594817961e+00   1.740777e+00   3.116606e-02   6.308941e+01  -8.612713e-04   2.581111e-02   1.963949e-01   4.102716e-01   2.543968e-01  -1.202518e+02
  6.8419573479534e+00   1.740842e+00   2.795077e-02   6.307569e+01  -8.014682e-04   2.860815e-02   1.799741e-01   4.108311e-01   2.547593e-01  -1.202631e+02
  6.8441552141108e+00   1.740901e+00   2.536274e-02   6.306131e+01  -7.355029e-04   3.141853e-02   1.621111e-01   4.113919e-01   2.555643e-01  -1.202741e+02
  6.8463530802682e+00   1.740954e+00   2.326905e-02   6.304536e+01  -6.633239e-04   3.426252e-02   1.432167e-01   4.119550e-01   2.567904e-01  -1.202847e+02
  6.8485509464256e+00   1.741003e+00   2.156218e-02   6.302757e+01  -5.848425e-04   3.715344e-02   1.238243e-01   4.125212e-01   2.584381e-01  -1.202948e+02
  6.8507488125830e+00   1.741049e+00   2.016202e-02   6.300839e+01  -4.999686e-04   4.007952e-02   1.044793e-01   4.130915e-01   2.605300e-01  -1.203045e+02
  6.8529466787404e+00   1.741092e+00   1.900820e-02   6.298881e+01  -4.086767e-04   4.299374e-02   8.560727e-02   4.136669e-01   2.631027e-01  -1.203138e+02
  6.8551445448978e+00   1.741133e+00   1.809821e-02   6.297000e+01  -3.110799e-04   4.581673e-02   6.742061e-02   4.142486e-01   2.661926e-01  -1.203228e+02
  6.8573424110552e+00   1.741172e+00   1.747039e-02   6.295296e+01  -2.074846e-04   4.845227e-02   4.990050e-02   4.148376e-01   2.698235e-01  -1.203316e+02
  6.8595402772126e+00   1.741210e+00   1.706700e-02   6.293834e+01  -9.840438e-05   5.080785e-02   3.283396e-02   4.154353e-01   2.740012e-01  -1.203396e+02
  6.8617381433699e+00   1.741247e+00   1.686073e-02   6.292645e+01   1.546563e-05   5.281084e-02   1.584148e-02   4.160427e-01   2.787093e-01  -1.203461e+02
  6.8639360095273e+00   1.741284e+00   1.685090e-02   6.291737e+01   1.333118e-04   5.442601e-02  -1.497508e-03   4.166609e-01   2.838966e-01  -1.203503e+02
  6.8661338756847e+00   1.741321e+00   1.703667e-02   6.291101e+01   2.542951e-04   5.566559e-02  -1.947891e-02   4.172910e-01   2.894859e-01  -1.203513e+02
  6.8683317418421e+00   1.741359e+00   1.739529e-02   6.290720e+01   3.776487e-04   5.658293e-02  -3.815855e-02   4.179338e-01   2.953930e-01  -1.203490e+02
  6.8705296079995e+00   1.741398e+00   1.789065e-02   6.290591e+01   5.027446e-04   5.725107e-02  -5.727470e-02   4.185898e-01   3.015902e-01  -1.203438e+02
  6.8727274741569e+00   1.741438e+00   1.865022e-02   6.290751e+01   6.291101e-04   5.773818e-02  -7.621074e-02   4.192598e-01   3.081061e-01  -1.203367e+02
  6.8749253403143e+00   1.741480e+00   1.966414e-02   6.291281e+01   7.564074e-04   5.809896e-02  -9.399848e-02   4.199445e-01   3.149298e-01  -1.203287e+02
  6.8771232064717e+00   1.741525e+00   2.072171e-02   6.292278e+01   8.843844e-04   5.835670e-02  -1.095068e-01   4.206445e-01   3.220228e-01  -1.203205e+02
  6.8793210726291e+00   1.741571e+00   2.162687e-02   6.293828e+01   1.012777e-03   5.847735e-02  -1.218367e-01   4.213603e-01   3.293250e-01  -1.203122e+02
  6.8815189387865e+00   1.741619e+00   2.225519e-02   6.295985e+01   1.141176e-03   5.836201e-02  -1.306392e-01   4.220923e-01   3.368403e-01  -1.203033e+02
  6.8837168049438e+00   1.741669e+00   2.252861e-02   6.298772e+01   1.268899e-03   5.786297e-02  -1.361803e-01   4.228412e-01   3.445693e-01  -1.202933e+02
  6.8859146711012e+00   1.741718e+00   2.238942e-02   6.302193e+01   1.394933e-03   5.682477e-02  -1.390982e-01   4.236071e-01   3.524417e-01  -1.202814e+02
  6.8881125372586e+00   1.741767e+00   2.200978e-02   6.306256e+01   1.517961e-03   5.512672e-02  -1.400428e-01   4.243904e-01   3.603357e-01  -1.202674e+02
  6.8903104034160e+00   1.741815e+00   2.162017e-02   6.310997e+01   1.636457e-03   5.270152e-02  -1.395185e-01   4.251910e-01   3.681295e-01  -1.202517e+02
  6.8925082695734e+00   1.741863e+00   2.206944e-02   6.312063e+01   1.748815e-03   4.954180e-02  -1.372604e-01   4.260084e-01   3.756973e-01  -1.202346e+02
  6.8947061357308e+00   1.741914e+00   2.492635e-02   6.310581e+01   1.853497e-03   4.571600e-02  -1.336903e-01   4.268419e-01   3.828008e-01  -1.202169e+02
  6.8969040018882e+00   1.741975e+00   2.995974e-02   6.309562e+01   1.949235e-03   4.140331e-02  -1.292072e-01   4.276902e-01   3.891064e-01  -1.201995e+02
  6.8991018680456e+00   1.742048e+00   3.644216e-02   6.309032e+01   2.035234e-03   3.685323e-02  -1.239481e-01   4.285511e-01   3.942820e-01  -1.201830e+02
  6.9012997342030e+00   1.742136e+00   4.357367e-02   6.308586e+01   2.111259e-03   3.232730e-02  -1.179876e-01   4.294218e-01   3.980891e-01  -1.201682e+02
  6.9034976003603e+00   1.742239e+00   5.088529e-02   6.307014e+01   2.177589e-03   2.803151e-02  -1.113206e-01   4.302994e-01   4.004598e-01  -1.201558e+02
  6.9056954665177e+00   1.742359e+00   5.812442e-02   6.304977e+01   2.234853e-03   2.407721e-02  -1.035661e-01   4.311807e-01   4.014970e-01  -1.201463e+02
  6.9078933326751e+00   1.742494e+00   6.487137e-02   6.303027e+01   2.283813e-03   2.047452e-02  -9.407491e-02   4.320630e-01   4.014072e-01  -1.201395e+02
  6.9100911988325e+00   1.742643e+00   7.081727e-02   6.301073e+01   2.325176e-03   1.716533e-02  -8.236958e-02   4.329442e-01   4.004210e-01  -1.201352e+02
  6.9122890649899e+00   1.742805e+00   7.589936e-02   6.299063e+01   2.359509e-03   1.407644e-02  -6.852093e-02   4.338225e-01   3.988060e-01  -1.201333e+02
  6.9144869311473e+00   1.742977e+00   8.063737e-02   6.297036e+01   2.387277e-03   1.119215e-02  -5.329805e-02   4.346968e-01   3.968152e-01  -1.201335e+02
  6.9166847973047e+00   1.743159e+00   8.490907e-02   6.295099e+01   2.409064e-03   8.632924e-03  -3.771182e-02   4.355664e-01   3.944979e-01  -1.201359e+02
  6.9188826634621e+00   1.743349e+00   8.840416e-02   6.293385e+01   2.425815e-03   6.610433e-03  -2.266674e-02   4.364305e-01   3.917688e-01  -1.201407e+02
  6.9210805296195e+00   1.743546e+00   9.086569e-02   6.292018e+01   2.438927e-03   5.320965e-03  -8.889438e-03   4.372880e-01   3.884988e-01  -1.201477e+02
  6.9232783957769e+00   1.743747e+00   9.221942e-02   6.291101e+01   2.450111e-03   4.855693e-03   2.994367e-03   4.381375e-01   3.845818e-01  -1.201569e+02
  6.9254762619342e+00   1.743951e+00   9.262843e-02   6.290737e+01   2.461136e-03   5.177337e-03   1.233117e-02   4.389777e-01   3.799757e-01  -1.201681e+02
  6.9276741280916e+00   1.744154e+00   9.244586e-02   6.291045e+01   2.473614e-03   6.177375e-03   1.840984e-02   4.398071e-01   3.747248e-01  -1.201813e+02
  6.9298719942490e+00   1.744357e+00   9.204671e-02   6.292152e+01   2.488947e-03   7.774900e-03   2.059210e-02   4.406242e-01   3.688520e-01  -1.201964e+02
  6.9320698604064e+00   1.744559e+00   9.182745e-02   6.294152e+01   2.508483e-03   1.000200e-02   1.858476e-02   4.414277e-01   3.623221e-01  -1.202138e+02
  6.9342677265638e+00   1.744762e+00   9.266420e-02   6.297061e+01   2.533759e-03   1.299839e-02   1.253245e-02   4.422162e-01   3.551126e-01  -1.202333e+02
  6.9364655927212e+00   1.744967e+00   9.442510e-02   6.300785e+01   2.566621e-03   1.690552e-02   2.706105e-03   4.429880e-01   3.472441e-01  -1.202547e+02
  6.9386634588786e+00   1.745177e+00   9.657477e-02   6.305149e+01   2.609133e-03   2.177915e-02  -1.058250e-02   4.437419e-01   3.387773e-01  -1.202776e+02
  6.9408613250360e+00   1.745391e+00   9.844874e-02   6.309966e+01   2.663329e-03   2.753841e-02  -2.701289e-02   4.444767e-01   3.298554e-01  -1.203016e+02
  6.9430591911934e+00   1.745609e+00   9.944398e-02   6.315098e+01   2.730944e-03   3.398907e-02  -4.618642e-02   4.451916e-01   3.207422e-01  -1.203263e+02
  6.9452570573507e+00   1.745827e+00   9.939173e-02   6.318399e+01   2.813239e-03   4.089735e-02  -6.758289e-02   4.458868e-01   3.118241e-01  -1.203518e+02
  6.9474549235081e+00   1.746045e+00   9.893915e-02   6.319756e+01   2.910970e-03   4.803561e-02  -9.075435e-02   4.465630e-01   3.035455e-01  -1.203775e+02
  6.9496527896655e+00   1.746262e+00   9.810112e-02   6.321090e+01   3.024423e-03   5.520300e-02  -1.158977e-01   4.472222e-01   2.963026e-01  -1.204029e+02
  6.9518506558229e+00   1.746476e+00   9.678251e-02   6.322347e+01   3.153471e-03   6.222775e-02  -1.440346e-01   4.478669e-01   2.903665e-01  -1.204268e+02
  6.9540485219803e+00   1.746687e+00   9.486564e-02   6.323465e+01   3.297641e-03   6.896300e-02  -1.766422e-01   4.485001e-01   2.858458e-01  -1.204482e+02
  6.9562463881377e+00   1.746892e+00   9.221841e-02   6.324403e+01   3.456170e-03   7.529444e-02  -2.149479e-01   4.491249e-01   2.826985e-01  -1.204661e+02
  6.9584442542951e+00   1.747091e+00   8.874073e-02   6.325166e+01   3.628102e-03   8.115904e-02  -2.591744e-01   4.497442e-01   2.807960e-01  -1.204809e+02
  6.9606421204525e+00   1.747282e+00   8.444826e-02   6.325816e+01   3.812415e-03   8.656088e-02  -3.082049e-01   4.503606e-01   2.801414e-01  -1.204937e+02
  6.9628399866099e+00   1.747462e+00   7.950052e-02   6.326448e+01   4.008193e-03   9.159134e-02  -3.598674e-01   4.509772e-01   2.809477e-01  -1.205063e+02
  6.9650378527673e+00   1.747630e+00   7.413427e-02   6.327148e+01   4.214788e-03   9.640551e-02  -4.118350e-01   4.515975e-01   2.835373e-01  -1.205203e+02
  6.9672357189246e+00   1.747788e+00   6.897487e-02   6.324000e+01   4.431896e-03   1.011565e-01  -4.624189e-01   4.522258e-01   2.881681e-01  -1.205363e+02
  6.9694335850820e+00   1.747935e+00   6.512448e-02   6.318706e+01   4.659475e-03   1.059341e-01  -5.115361e-01   4.528664e-01   2.947751e-01  -1.205532e+02
  6.9716314512394e+00   1.748075e+00   6.214871e-02   6.313340e+01   4.897585e-03   1.107396e-01  -5.604362e-01   4.535233e-01   3.029918e-01  -1.205687e+02
  6.9738293173968e+00   1.748209e+00   5.940633e-02   6.307504e+01   5.146165e-03   1.154619e-01  -6.106845e-01   4.541994e-01   3.122553e-01  -1.205801e+02
  6.9760271835542e+00   1.748336e+00   5.631360e-02   6.300984e+01   5.404807e-03   1.198959e-01  -6.634139e-01   4.548963e-01   3.219005e-01  -1.205856e+02
  6.9782250497116e+00   1.748455e+00   5.239132e-02   6.293863e+01   5.672611e-03   1.237988e-01  -7.187243e-01   4.556141e-01   3.312812e-01  -1.205859e+02
  6.9804229158690e+00   1.748565e+00   4.730922e-02   6.286487e+01   5.948157e-03   1.269407e-01  -7.756575e-01   4.563517e-01   3.399318e-01  -1.205837e+02
  6.9826207820264e+00   1.748662e+00   4.094650e-02   6.279354e+01   6.229564e-03   1.291319e-01  -8.326921e-01   4.571073e-01   3.476457e-01  -1.205829e+02
  6.9848186481838e+00   1.748743e+00   3.338199e-02   6.272909e+01   6.514620e-03   1.302616e-01  -8.880146e-01   4.578789e-01   3.544661e-01  -1.205870e+02
  6.9870165143411e+00   1.748807e+00   2.483869e-02   6.267384e+01   6.800978e-03   1.303164e-01  -9.398187e-01   4.586647e-01   3.606244e-01  -1.205977e+02
  6.9892143804985e+00   1.748852e+00   1.560989e-02   6.262763e+01   7.086365e-03   1.293781e-01  -9.865745e-01   4.594637e-01   3.664369e-01  -1.206144e+02
  6.9914122466559e+00   1.748876e+00   5.992620e-03   6.258862e+01   7.368783e-03   1.276152e-01  -1.027104e+00   4.602754e-01   3.721945e-01  -1.206350e+02
  6.9936101128133e+00   1.748878e+00  -3.567007e-03   6.255456e+01   7.646673e-03   1.252572e-01  -1.060604e+00   4.611000e-01   3.780907e-01  -1.206575e+02
  6.9958079789707e+00   1.748860e+00  -1.305796e-02   6.252383e+01   7.919026e-03   1.225768e-01  -1.086537e+00   4.619377e-01   3.842073e-01  -1.206809e+02
  6.9980058451281e+00   1.748821e+00  -2.256819e-02   6.249573e+01   8.185451e-03   1.198628e-01  -1.104418e+00   4.627891e-01   3.905859e-01  -1.207056e+02
  7.0002037112855e+00   1.748761e+00  -3.177939e-02   6.247022e+01   8.446202e-03   1.174133e-01  -1.113590e+00   4.636550e-01   3.973469e-01  -1.207337e+02
  7.0024015774429e+00   1.748681e+00  -4.127857e-02   6.244754e+01   8.702209e-03   1.155467e-01  -1.113125e+00   4.645362e-01   4.044974e-01  -1.207673e+02
  7.0045994436003e+00   1.748579e+00  -5.177284e-02   6.242802e+01   8.955013e-03   1.144982e-01  -1.102561e+00   4.654333e-01   4.118606e-01  -1.208077e+02
  7.0067973097577e+00   1.748452e+00  -6.376048e-02   6.241222e+01   9.206475e-03   1.143252e-01  -1.082782e+00   4.663465e-01   4.191776e-01  -1.208548e+02
  7.0089951759150e+00   1.748297e+00  -7.737810e-02   6.240076e+01   9.458361e-03   1.148845e-01  -1.056325e+00   4.672755e-01   4.261788e-01  -1.209064e+02
  7.0111930420724e+00   1.748110e+00  -9.235869e-02   6.239437e+01   9.711959e-03   1.158834e-01  -1.027073e+00   4.682193e-01   4.326231e-01  -1.209595e+02
  7.0133909082298e+00   1.747890e+00  -1.081249e-01   6.239377e+01   9.967861e-03   1.169803e-01  -9.994202e-01   4.691764e-01   4.383239e-01  -1.210107e+02
  7.0155887743872e+00   1.747635e+00  -1.239393e-01   6.239978e+01   1.022596e-02   1.178805e-01  -9.773138e-01   4.701451e-01   4.431912e-01  -1.210580e+02
  7.0177866405446e+00   1.747346e+00  -1.390928e-01   6.241324e+01   1.048562e-02   1.184020e-01  -9.634845e-01   4.711237e-01   4.472503e-01  -1.211017e+02
  7.0199845067020e+00   1.747025e+00  -1.530881e-01   6.243492e+01   1.074597e-02   1.185130e-01  -9.590325e-01   4.721104e-01   4.506479e-01  -1.211441e+02
  7.0221823728594e+00   1.746674e+00  -1.656867e-01   6.246524e+01   1.100625e-02   1.183353e-01  -9.634728e-01   4.731042e-01   4.536618e-01  -1.211881e+02
  7.0243802390168e+00   1.746298e+00  -1.768597e-01   6.250399e+01   1.126607e-02   1.180933e-01  -9.753912e-01   4.741046e-01   4.566858e-01  -1.212363e+02
  7.0265781051742e+00   1.745898e+00  -1.867299e-01   6.254984e+01   1.152555e-02   1.180263e-01  -9.934489e-01   4.751122e-01   4.601842e-01  -1.212892e+02
  7.0287759713316e+00   1.745478e+00  -1.953352e-01   6.260024e+01   1.178527e-02   1.183164e-01  -1.017124e+00   4.761285e-01   4.646300e-01  -1.213451e+02
  7.0309738374889e+00   1.745041e+00  -2.026266e-01   6.265194e+01   1.204612e-02   1.190462e-01  -1.046775e+00   4.771561e-01   4.704541e-01  -1.214009e+02
  7.0331717036463e+00   1.744589e+00  -2.088808e-01   6.270174e+01   1.230904e-02   1.202087e-01  -1.082905e+00   4.781984e-01   4.780470e-01  -1.214538e+02
  7.0353695698037e+00   1.744124e+00  -2.143148e-01   6.274715e+01   1.257495e-02   1.217544e-01  -1.125143e+00   4.792597e-01   4.877024e-01  -1.215018e+02
  7.0375674359611e+00   1.743648e+00  -2.190894e-01   6.277489e+01   1.284461e-02   1.236313e-01  -1.171634e+00   4.803446e-01   4.994875e-01  -1.215446e+02
  7.0397653021185e+00   1.743162e+00  -2.226610e-01   6.275105e+01   1.311871e-02   1.257940e-01  -1.218942e+00   4.814576e-01   5.133002e-01  -1.215826e+02
  7.0419631682759e+00   1.742670e+00  -2.249356e-01   6.271112e+01   1.339785e-02   1.282185e-01  -1.264097e+00   4.826029e-01   5.289573e-01  -1.216157e+02
  7.0441610344333e+00   1.742174e+00  -2.265289e-01   6.265863e+01   1.368262e-02   1.309121e-01  -1.304395e+00   4.837845e-01   5.462322e-01  -1.216430e+02
  7.0463589005907e+00   1.741675e+00  -2.279415e-01   6.259415e+01   1.397362e-02   1.338902e-01  -1.338379e+00   4.850056e-01   5.649226e-01  -1.216620e+02
  7.0485567667481e+00   1.741172e+00  -2.294226e-01   6.252058e+01   1.427148e-02   1.371521e-01  -1.366402e+00   4.862692e-01   5.849354e-01  -1.216703e+02
  7.0507546329054e+00   1.740666e+00  -2.309572e-01   6.244286e+01   1.457679e-02   1.406756e-01  -1.390536e+00   4.875783e-01   6.063188e-01  -1.216663e+02
  7.0529524990628e+00   1.740157e+00  -2.323498e-01   6.236708e+01   1.489007e-02   1.443988e-01  -1.414096e+00   4.889361e-01   6.292253e-01  -1.216495e+02
  7.0551503652202e+00   1.739645e+00  -2.333165e-01   6.229930e+01   1.521162e-02   1.482019e-01  -1.440927e+00   4.903461e-01   6.538224e-01  -1.216208e+02
  7.0573482313776e+00   1.739132e+00  -2.335507e-01   6.224478e+01   1.554142e-02   1.519100e-01  -1.474532e+00   4.918121e-01   6.801722e-01  -1.215813e+02
  7.0595460975350e+00   1.738620e+00  -2.327262e-01   6.220769e+01   1.587905e-02   1.553216e-01  -1.517061e+00   4.933377e-01   7.081190e-01  -1.215316e+02
  7.0617439636924e+00   1.738111e+00  -2.304413e-01   6.219131e+01   1.622364e-02   1.582526e-01  -1.568534e+00   4.949260e-01   7.372321e-01  -1.214711e+02
  7.0639418298498e+00   1.737609e+00  -2.261625e-01   6.219841e+01   1.657402e-02   1.605774e-01  -1.626824e+00   4.965789e-01   7.668369e-01  -1.213984e+02
  7.0661396960072e+00   1.737120e+00  -2.192093e-01   6.223145e+01   1.692879e-02   1.622604e-01  -1.688470e+00   4.982965e-01   7.961284e-01  -1.213120e+02
  7.0683375621646e+00   1.736649e+00  -2.088858e-01   6.229229e+01   1.728663e-02   1.633645e-01  -1.750071e+00   5.000772e-01   8.243278e-01  -1.212120e+02
  7.0705354283220e+00   1.736206e+00  -1.945993e-01   6.238204e+01   1.764642e-02   1.640293e-01  -1.809282e+00   5.019181e-01   8.508264e-01  -1.210998e+02
  7.0727332944793e+00   1.735798e+00  -1.760167e-01   6.250094e+01   1.800735e-02   1.644088e-01  -1.865327e+00   5.038150e-01   8.752830e-01  -1.209786e+02
  7.0749311606367e+00   1.735437e+00  -1.531340e-01   6.264751e+01   1.836888e-02   1.645766e-01  -1.918893e+00   5.057639e-01   8.982240e-01  -1.208517e+02
  7.0771290267941e+00   1.735129e+00  -1.266564e-01   6.281649e+01   1.873049e-02   1.644737e-01  -1.971380e+00   5.077630e-01   9.208085e-01  -1.207220e+02
  7.0793268929515e+00   1.734882e+00  -9.835869e-02   6.299773e+01   1.909139e-02   1.639428e-01  -2.023373e+00   5.098122e-01   9.439791e-01  -1.205903e+02
  7.0815247591089e+00   1.734701e+00  -6.624875e-02   6.288609e+01   1.945004e-02   1.624167e-01  -2.058360e+00   5.119136e-01   9.682009e-01  -1.204561e+02
  7.0837226252663e+00   1.734596e+00  -2.955247e-02   6.274414e+01   1.980349e-02   1.592107e-01  -2.089586e+00   5.140688e-01   9.930373e-01  -1.203175e+02
  7.0859204914237e+00   1.734573e+00   9.191742e-03   6.258515e+01   2.014732e-02   1.536714e-01  -2.117467e+00   5.162787e-01   1.017876e+00  -1.201720e+02
  7.0881183575811e+00   1.734637e+00   4.905706e-02   6.242975e+01   2.047554e-02   1.449967e-01  -2.144209e+00   5.185425e-01   1.042117e+00  -1.200177e+02
  7.0903162237385e+00   1.734795e+00   9.422014e-02   6.230004e+01   2.078044e-02   1.324538e-01  -2.172318e+00   5.208580e-01   1.065013e+00  -1.198543e+02
  7.0925140898958e+00   1.735060e+00   1.468691e-01   6.221345e+01   2.105343e-02   1.159584e-01  -2.201798e+00   5.232215e-01   1.085667e+00  -1.196836e+02
  7.0947119560532e+00   1.735450e+00   2.077501e-01   6.217852e+01   2.128658e-02   9.620840e-02  -2.228685e+00   5.256267e-01   1.102974e+00  -1.195098e+02
  7.0969098222106e+00   1.735981e+00   2.762864e-01   6.219295e+01   2.147428e-02   7.458805e-02  -2.245653e+00   5.280648e-01   1.115682e+00  -1.193382e+02
  7.0991076883680e+00   1.736670e+00   3.500701e-01   6.224589e+01   2.161434e-02   5.286624e-02  -2.244407e+00   5.305246e-01   1.122661e+00  -1.191742e+02
  7.1013055545254e+00   1.737522e+00   4.253864e-01   6.232305e+01   2.170841e-02   3.273011e-02  -2.218680e+00   5.329927e-01   1.123295e+00  -1.190211e+02
  7.1035034206828e+00   1.738543e+00   5.032540e-01   6.230357e+01   2.176110e-02   1.522011e-02  -2.161080e+00   5.354559e-01   1.118150e+00  -1.188793e+02
  7.1057012868402e+00   1.739735e+00   5.814388e-01   6.226970e+01   2.177893e-02   1.001135e-03  -2.076630e+00   5.379038e-01   1.109334e+00  -1.187471e+02
  7.1078991529976e+00   1.741092e+00   6.542751e-01   6.223404e+01   2.176945e-02  -9.624341e-03  -1.969798e+00   5.403308e-01   1.099182e+00  -1.186212e+02
  7.1100970191550e+00   1.742601e+00   7.182492e-01   6.217393e+01   2.174022e-02  -1.697212e-02  -1.846995e+00   5.427362e-01   1.089689e+00  -1.184989e+02
  7.1122948853124e+00   1.744238e+00   7.718864e-01   6.211473e+01   2.169752e-02  -2.188121e-02  -1.717677e+00   5.451230e-01   1.082265e+00  -1.183783e+02
  7.1144927514697e+00   1.745983e+00   8.161347e-01   6.205494e+01   2.164552e-02  -2.544010e-02  -1.592602e+00   5.474964e-01   1.077441e+00  -1.182572e+02
  7.1166906176271e+00   1.747819e+00   8.540230e-01   6.199229e+01   2.158608e-02  -2.864381e-02  -1.481395e+00   5.498614e-01   1.074637e+00  -1.181317e+02
  7.1188884837845e+00   1.749735e+00   8.895611e-01   6.192373e+01   2.151929e-02  -3.213622e-02  -1.390247e+00   5.522205e-01   1.072121e+00  -1.179962e+02
  7.1210863499419e+00   1.751734e+00   9.296265e-01   6.184636e+01   2.144413e-02  -3.625953e-02  -1.321392e+00   5.545717e-01   1.067363e+00  -1.178451e+02
  7.1232842160993e+00   1.753832e+00   9.795393e-01   6.175916e+01   2.135896e-02  -4.124695e-02  -1.274887e+00   5.569072e-01   1.057893e+00  -1.176762e+02
  7.1254820822567e+00   1.756051e+00   1.039201e+00   6.166410e+01   2.126159e-02  -4.734967e-02  -1.250404e+00   5.592144e-01   1.041651e+00  -1.174931e+02
  7.1276799484141e+00   1.758409e+00   1.106637e+00   6.156599e+01   2.114943e-02  -5.471302e-02  -1.246019e+00   5.614773e-01   1.017521e+00  -1.173049e+02
  7.1298778145715e+00   1.760920e+00   1.178687e+00   6.147110e+01   2.101983e-02  -6.322458e-02  -1.257611e+00   5.636787e-01   9.857131e-01  -1.171233e+02
  7.1320756807289e+00   1.763591e+00   1.251759e+00   6.138491e+01   2.087067e-02  -7.250809e-02  -1.280060e+00   5.658035e-01   9.477545e-01  -1.169587e+02
  7.1342735468862e+00   1.766420e+00   1.322589e+00   6.130989e+01   2.070088e-02  -8.199993e-02  -1.309138e+00   5.678408e-01   9.061045e-01  -1.168156e+02
  7.1364714130436e+00   1.769400e+00   1.388799e+00   6.124456e+01   2.051068e-02  -9.107426e-02  -1.342929e+00   5.697855e-01   8.635206e-01  -1.166914e+02
  7.1386692792010e+00   1.772518e+00   1.449141e+00   6.118412e+01   2.030162e-02  -9.916802e-02  -1.381841e+00   5.716382e-01   8.223941e-01  -1.165770e+02
  7.1408671453584e+00   1.775763e+00   1.503385e+00   6.112267e+01   2.007630e-02  -1.058650e-01  -1.427251e+00   5.734038e-01   7.842743e-01  -1.164613e+02
  7.1430650115158e+00   1.779121e+00   1.551935e+00   6.105577e+01   1.983808e-02  -1.109117e-01  -1.479632e+00   5.750895e-01   7.497189e-01  -1.163361e+02
  7.1452628776732e+00   1.782579e+00   1.595374e+00   6.098235e+01   1.959074e-02  -1.141541e-01  -1.537256e+00   5.767030e-01   7.184764e-01  -1.161994e+02
  7.1474607438306e+00   1.786129e+00   1.634186e+00   6.090492e+01   1.933846e-02  -1.154124e-01  -1.595965e+00   5.782506e-01   6.898846e-01  -1.160557e+02
  7.1496586099880e+00   1.789758e+00   1.668594e+00   6.082802e+01   1.908589e-02  -1.144217e-01  -1.650205e+00   5.797377e-01   6.632801e-01  -1.159134e+02
  7.1518564761454e+00   1.793458e+00   1.698648e+00   6.075574e+01   1.883830e-02  -1.108793e-01  -1.694687e+00   5.811679e-01   6.382527e-01  -1.157798e+02
  7.1540543423028e+00   1.797220e+00   1.724500e+00   6.068935e+01   1.860151e-02  -1.045934e-01  -1.725971e+00   5.825448e-01   6.146688e-01  -1.156571e+02
  7.1562522084601e+00   1.801035e+00   1.746732e+00   6.062650e+01   1.838142e-02  -9.567975e-02  -1.743602e+00   5.838714e-01   5.925009e-01  -1.155405e+02
  7.1584500746175e+00   1.804896e+00   1.766502e+00   6.056232e+01   1.818320e-02  -8.469718e-02  -1.750573e+00   5.851507e-01   5.715805e-01  -1.154208e+02
  7.1606479407749e+00   1.808799e+00   1.785424e+00   6.049195e+01   1.801031e-02  -7.262670e-02  -1.752886e+00   5.863848e-01   5.514120e-01  -1.152888e+02
  7.1628458069323e+00   1.812745e+00   1.805158e+00   6.041298e+01   1.786383e-02  -6.067025e-02  -1.758159e+00   5.875744e-01   5.311373e-01  -1.151403e+02
  7.1650436730897e+00   1.816736e+00   1.826899e+00   6.032679e+01   1.774228e-02  -4.993810e-02  -1.773421e+00   5.887182e-01   5.096670e-01  -1.149782e+02
  7.1672415392471e+00   1.820778e+00   1.850945e+00   6.023808e+01   1.764217e-02  -4.115498e-02  -1.802696e+00   5.898123e-01   4.859254e-01  -1.148117e+02
  7.1694394054045e+00   1.824874e+00   1.876534e+00   6.015306e+01   1.755901e-02  -3.451819e-02  -1.845349e+00   5.908508e-01   4.591225e-01  -1.146526e+02
  7.1716372715619e+00   1.829027e+00   1.902016e+00   6.007738e+01   1.748837e-02  -2.976388e-02  -1.896023e+00   5.918268e-01   4.289669e-01  -1.145115e+02
  7.1738351377193e+00   1.833233e+00   1.925281e+00   6.001465e+01   1.742666e-02  -2.639288e-02  -1.946332e+00   5.927331e-01   3.957644e-01  -1.143948e+02
  7.1760330038766e+00   1.837485e+00   1.944292e+00   5.996608e+01   1.737135e-02  -2.393471e-02  -1.987624e+00   5.935641e-01   3.603795e-01  -1.143045e+02
  7.1782308700340e+00   1.841773e+00   1.957529e+00   5.993100e+01   1.732074e-02  -2.212171e-02  -2.013574e+00   5.943162e-01   3.240644e-01  -1.142390e+02
  7.1804287361914e+00   1.846083e+00   1.964228e+00   5.990765e+01   1.727345e-02  -2.090715e-02  -2.021447e+00   5.949891e-01   2.881900e-01  -1.141949e+02
  7.1826266023488e+00   1.850400e+00   1.964368e+00   5.989386e+01   1.722811e-02  -2.035334e-02  -2.011638e+00   5.955848e-01   2.539353e-01  -1.141680e+02
  7.1848244685062e+00   1.854711e+00   1.958481e+00   5.988730e+01   1.718323e-02  -2.048468e-02  -1.986030e+00   5.961078e-01   2.220112e-01  -1.141541e+02
  7.1870223346636e+00   1.859003e+00   1.947394e+00   5.988560e+01   1.713741e-02  -2.121178e-02  -1.946320e+00   5.965633e-01   1.924977e-01  -1.141485e+02
  7.1892202008210e+00   1.863266e+00   1.931989e+00   5.988649e+01   1.708950e-02  -2.238092e-02  -1.893364e+00   5.969560e-01   1.648456e-01  -1.141468e+02
  7.1914180669784e+00   1.867492e+00   1.913064e+00   5.988817e+01   1.703862e-02  -2.392286e-02  -1.827879e+00   5.972889e-01   1.380540e-01  -1.141456e+02
  7.1936159331358e+00   1.871672e+00   1.891287e+00   5.988992e+01   1.698375e-02  -2.601068e-02  -1.751945e+00   5.975626e-01   1.109719e-01  -1.141438e+02
  7.1958137992932e+00   1.875803e+00   1.867194e+00   5.989252e+01   1.692316e-02  -2.912020e-02  -1.670253e+00   5.977753e-01   8.263366e-02  -1.141432e+02
  7.1980116654505e+00   1.879878e+00   1.841194e+00   5.989819e+01   1.685388e-02  -3.392777e-02  -1.590120e+00   5.979239e-01   5.251582e-02  -1.141486e+02
  7.2002095316079e+00   1.883894e+00   1.813555e+00   5.990989e+01   1.677147e-02  -4.105848e-02  -1.519986e+00   5.980043e-01   2.063673e-02  -1.141662e+02
  7.2024073977653e+00   1.887848e+00   1.784378e+00   5.993012e+01   1.667055e-02  -5.077743e-02  -1.466921e+00   5.980132e-01  -1.252431e-02  -1.142010e+02
  7.2046052639227e+00   1.891736e+00   1.753593e+00   5.995987e+01   1.654578e-02  -6.275877e-02  -1.434242e+00   5.979487e-01  -4.623513e-02  -1.142550e+02
  7.2068031300801e+00   1.895555e+00   1.721008e+00   5.999819e+01   1.639324e-02  -7.604861e-02  -1.420354e+00   5.978102e-01  -7.974454e-02  -1.143262e+02
  7.2090009962375e+00   1.899299e+00   1.686399e+00   6.004275e+01   1.621157e-02  -8.926473e-02  -1.419334e+00   5.975990e-01  -1.124386e-01  -1.144100e+02
  7.2111988623949e+00   1.902965e+00   1.649643e+00   6.009095e+01   1.600251e-02  -1.009769e-01  -1.422976e+00   5.973173e-01  -1.438671e-01  -1.145010e+02
  7.2133967285523e+00   1.906548e+00   1.610801e+00   6.014109e+01   1.577052e-02  -1.101308e-01  -1.423421e+00   5.969684e-01  -1.736658e-01  -1.145955e+02
  7.2155945947097e+00   1.910044e+00   1.570137e+00   6.019274e+01   1.552163e-02  -1.163501e-01  -1.415303e+00   5.965562e-01  -2.014581e-01  -1.146926e+02
  7.2177924608670e+00   1.913449e+00   1.528045e+00   6.024641e+01   1.526191e-02  -1.199916e-01  -1.396698e+00   5.960855e-01  -2.268286e-01  -1.147931e+02
  7.2199903270244e+00   1.916760e+00   1.484889e+00   6.030265e+01   1.499605e-02  -1.219318e-01  -1.368735e+00   5.955622e-01  -2.494095e-01  -1.148981e+02
  7.2221881931818e+00   1.919975e+00   1.440828e+00   6.036130e+01   1.472669e-02  -1.231752e-01  -1.334294e+00   5.949925e-01  -2.690427e-01  -1.150077e+02
  7.2243860593392e+00   1.923092e+00   1.395688e+00   6.042143e+01   1.445456e-02  -1.244561e-01  -1.296443e+00   5.943826e-01  -2.859248e-01  -1.151200e+02
  7.2265839254966e+00   1.926108e+00   1.348965e+00   6.048179e+01   1.417932e-02  -1.260064e-01  -1.257222e+00   5.937380e-01  -3.006423e-01  -1.152328e+02
  7.2287817916540e+00   1.929019e+00   1.299986e+00   6.054142e+01   1.390065e-02  -1.275810e-01  -1.217147e+00   5.930625e-01  -3.140569e-01  -1.153443e+02
  7.2309796578114e+00   1.931819e+00   1.248195e+00   6.060010e+01   1.361900e-02  -1.287066e-01  -1.175510e+00   5.923579e-01  -3.270814e-01  -1.154541e+02
  7.2331775239688e+00   1.934502e+00   1.193463e+00   6.065822e+01   1.333579e-02  -1.290104e-01  -1.131312e+00   5.916243e-01  -3.404367e-01  -1.155628e+02
  7.2353753901262e+00   1.937063e+00   1.136292e+00   6.071636e+01   1.305286e-02  -1.284482e-01  -1.084423e+00   5.908607e-01  -3.544879e-01  -1.156716e+02
  7.2375732562836e+00   1.939496e+00   1.077801e+00   6.077499e+01   1.277180e-02  -1.273102e-01  -1.036424e+00   5.900654e-01  -3.692069e-01  -1.157814e+02
  7.2397711224409e+00   1.941801e+00   1.019472e+00   6.083441e+01   1.249342e-02  -1.260092e-01  -9.906234e-01   5.892373e-01  -3.842495e-01  -1.158930e+02
  7.2419689885983e+00   1.943979e+00   9.627512e-01   6.089506e+01   1.221782e-02  -1.247807e-01  -9.510570e-01   5.883765e-01  -3.990845e-01  -1.160074e+02
  7.2441668547557e+00   1.946036e+00   9.086387e-01   6.095773e+01   1.194500e-02  -1.234740e-01  -9.207936e-01   5.874840e-01  -4.131103e-01  -1.161260e+02
  7.2463647209131e+00   1.947977e+00   8.577113e-01   6.099515e+01   1.167571e-02  -1.215734e-01  -8.996487e-01   5.865622e-01  -4.257262e-01  -1.162511e+02
  7.2485625870705e+00   1.949810e+00   8.105739e-01   6.101389e+01   1.141194e-02  -1.184460e-01  -8.849246e-01   5.856147e-01  -4.364504e-01  -1.163845e+02
  7.2507604532279e+00   1.951542e+00   7.660686e-01   6.104504e+01   1.115691e-02  -1.136281e-01  -8.719980e-01   5.846461e-01  -4.449010e-01  -1.165269e+02
  7.2529583193853e+00   1.953179e+00   7.227987e-01   6.108863e+01   1.091433e-02  -1.071143e-01  -8.548728e-01   5.836619e-01  -4.507336e-01  -1.166765e+02
  7.2551561855427e+00   1.954720e+00   6.798110e-01   6.114283e+01   1.068738e-02  -9.940631e-02  -8.288497e-01   5.826679e-01  -4.537022e-01  -1.168292e+02
  7.2573540517001e+00   1.956167e+00   6.368238e-01   6.120415e+01   1.047780e-02  -9.130418e-02  -7.916511e-01   5.816707e-01  -4.537806e-01  -1.169795e+02
  7.2595519178574e+00   1.957520e+00   5.941554e-01   6.126836e+01   1.028564e-02  -8.355516e-02  -7.432590e-01   5.806761e-01  -4.512753e-01  -1.171218e+02
  7.2617497840148e+00   1.958780e+00   5.524387e-01   6.133155e+01   1.010970e-02  -7.654300e-02  -6.848541e-01   5.796891e-01  -4.468494e-01  -1.172524e+02
  7.2639476501722e+00   1.959950e+00   5.122622e-01   6.139134e+01   9.948470e-03  -7.017320e-02  -6.177908e-01   5.787129e-01  -4.414093e-01  -1.173701e+02
  7.2661455163296e+00   1.961033e+00   4.739160e-01   6.144725e+01   9.801021e-03  -6.400140e-02  -5.433581e-01   5.777489e-01  -4.358733e-01  -1.174769e+02
  7.2683433824870e+00   1.962035e+00   4.373533e-01   6.150043e+01   9.667468e-03  -5.752761e-02  -4.633798e-01   5.767964e-01  -4.309042e-01  -1.175763e+02
  7.2705412486444e+00   1.962958e+00   4.023447e-01   6.155267e+01   9.548750e-03  -5.050325e-02  -3.810482e-01   5.758539e-01  -4.267187e-01  -1.176718e+02
  7.2727391148018e+00   1.963805e+00   3.687238e-01   6.160534e+01   9.445881e-03  -4.310383e-02  -3.011003e-01   5.749201e-01  -4.230525e-01  -1.177651e+02
  7.2749369809592e+00   1.964580e+00   3.365665e-01   6.165878e+01   9.359065e-03  -3.589672e-02  -2.288701e-01   5.739944e-01  -4.192982e-01  -1.178562e+02
  7.2771348471166e+00   1.965286e+00   3.062031e-01   6.171248e+01   9.287052e-03  -2.963355e-02  -1.685169e-01   5.730779e-01  -4.147490e-01  -1.179435e+02
  7.2793327132740e+00   1.965929e+00   2.780765e-01   6.176600e+01   9.227046e-03  -2.497072e-02  -1.212972e-01   5.721728e-01  -4.088435e-01  -1.180264e+02
  7.2815305794313e+00   1.966512e+00   2.525373e-01   6.181992e+01   9.175166e-03  -2.223893e-02  -8.485772e-02   5.712824e-01  -4.013029e-01  -1.181061e+02
  7.2837284455887e+00   1.967041e+00   2.296819e-01   6.187624e+01   9.127269e-03  -2.134595e-02  -5.401335e-02   5.704105e-01  -3.921551e-01  -1.181859e+02
  7.2859263117461e+00   1.967524e+00   2.093158e-01   6.193768e+01   9.079820e-03  -2.183055e-02  -2.271183e-02   5.695601e-01  -3.816835e-01  -1.182701e+02
  7.2881241779035e+00   1.967964e+00   1.910678e-01   6.200635e+01   9.030527e-03  -2.302453e-02   1.377478e-02   5.687338e-01  -3.703035e-01  -1.183612e+02
  7.2903220440609e+00   1.968366e+00   1.746923e-01   6.208226e+01   8.978579e-03  -2.424706e-02   5.741987e-02   5.679329e-01  -3.584483e-01  -1.184583e+02
  7.2925199102183e+00   1.968734e+00   1.601460e-01   6.216287e+01   8.924497e-03  -2.496639e-02   1.072566e-01   5.671582e-01  -3.464666e-01  -1.185569e+02
  7.2947177763757e+00   1.969072e+00   1.473038e-01   6.224387e+01   8.869717e-03  -2.488268e-02   1.602730e-01   5.664097e-01  -3.346412e-01  -1.186498e+02
  7.2969156425331e+00   1.969383e+00   1.361828e-01   6.232075e+01   8.816090e-03  -2.391590e-02   2.128290e-01   5.656868e-01  -3.232408e-01  -1.187304e+02
  7.2991135086905e+00   1.969673e+00   1.270993e-01   6.236230e+01   8.765480e-03  -2.213779e-02   2.621731e-01   5.649881e-01  -3.125471e-01  -1.187949e+02
  7.3013113748478e+00   1.969945e+00   1.203979e-01   6.238734e+01   8.719531e-03  -1.967506e-02   3.062781e-01   5.643117e-01  -3.028753e-01  -1.188433e+02
  7.3035092410052e+00   1.970204e+00   1.156348e-01   6.240575e+01   8.679633e-03  -1.663121e-02   3.445747e-01   5.636554e-01  -2.944186e-01  -1.188790e+02
  7.3057071071626e+00   1.970454e+00   1.119146e-01   6.242039e+01   8.646981e-03  -1.308122e-02   3.775597e-01   5.630162e-01  -2.872029e-01  -1.189076e+02
  7.3079049733200e+00   1.970696e+00   1.082440e-01   6.243414e+01   8.622576e-03  -9.126350e-03   4.061962e-01   5.623918e-01  -2.810390e-01  -1.189344e+02
  7.3101028394774e+00   1.970929e+00   1.040847e-01   6.244908e+01   8.607081e-03  -4.973631e-03   4.313952e-01   5.617802e-01  -2.755122e-01  -1.189633e+02
  7.3123007056348e+00   1.971153e+00   9.930094e-02   6.246624e+01   8.600545e-03  -9.742727e-04   4.536438e-01   5.611806e-01  -2.700524e-01  -1.189963e+02
  7.3144985717922e+00   1.971365e+00   9.399055e-02   6.248572e+01   8.602131e-03   2.417177e-03   4.728186e-01   5.605937e-01  -2.640625e-01  -1.190337e+02
  7.3166964379496e+00   1.971566e+00   8.841242e-02   6.250707e+01   8.610015e-03   4.756705e-03   4.882250e-01   5.600210e-01  -2.570597e-01  -1.190744e+02
  7.3188943041070e+00   1.971754e+00   8.281052e-02   6.252961e+01   8.621562e-03   5.750932e-03   4.988732e-01   5.594651e-01  -2.487775e-01  -1.191174e+02
  7.3210921702644e+00   1.971930e+00   7.733221e-02   6.255254e+01   8.633777e-03   5.363428e-03   5.039528e-01   5.589288e-01  -2.392037e-01  -1.191610e+02
  7.3232900364217e+00   1.972094e+00   7.212918e-02   6.257490e+01   8.643899e-03   3.847701e-03   5.033668e-01   5.584148e-01  -2.285548e-01  -1.192037e+02
  7.3254879025791e+00   1.972247e+00   6.737703e-02   6.259554e+01   8.649985e-03   1.690374e-03   4.980619e-01   5.579250e-01  -2.172031e-01  -1.192430e+02
  7.3276857687365e+00   1.972391e+00   6.303016e-02   6.261318e+01   8.651271e-03  -5.206700e-04   4.899053e-01   5.574604e-01  -2.056112e-01  -1.192767e+02
  7.3298836348939e+00   1.972525e+00   5.909820e-02   6.262666e+01   8.648251e-03  -2.226589e-03   4.811388e-01   5.570210e-01  -1.942571e-01  -1.193024e+02
  7.3320815010513e+00   1.972651e+00   5.568577e-02   6.263003e+01   8.642501e-03  -3.005534e-03   4.734400e-01   5.566058e-01  -1.835432e-01  -1.193189e+02
  7.3342793672087e+00   1.972771e+00   5.317175e-02   6.261846e+01   8.636327e-03  -2.613025e-03   4.675559e-01   5.562131e-01  -1.737337e-01  -1.193259e+02
  7.3364772333661e+00   1.972886e+00   5.143376e-02   6.260893e+01   8.632360e-03  -9.965425e-04   4.639004e-01   5.558409e-01  -1.649630e-01  -1.193243e+02
  7.3386750995235e+00   1.972997e+00   5.021074e-02   6.260147e+01   8.633173e-03   1.736711e-03   4.619285e-01   5.554869e-01  -1.572167e-01  -1.193162e+02
  7.3408729656809e+00   1.973107e+00   4.945912e-02   6.259538e+01   8.640979e-03   5.366555e-03   4.610988e-01   5.551488e-01  -1.503450e-01  -1.193037e+02
  7.3430708318382e+00   1.973215e+00   4.910849e-02   6.258986e+01   8.657440e-03   9.611578e-03   4.612573e-01   5.548253e-01  -1.440645e-01  -1.192891e+02
  7.3452686979956e+00   1.973323e+00   4.913970e-02   6.258458e+01   8.683578e-03   1.417366e-02   4.625517e-01   5.545153e-01  -1.380400e-01  -1.192747e+02
  7.3474665641530e+00   1.973432e+00   4.952312e-02   6.257996e+01   8.719783e-03   1.877208e-02   4.650231e-01   5.542186e-01  -1.319808e-01  -1.192624e+02
  7.3496644303104e+00   1.973541e+00   5.016480e-02   6.257676e+01   8.765867e-03   2.316297e-02   4.682274e-01   5.539354e-01  -1.256873e-01  -1.192534e+02
  7.3518622964678e+00   1.973652e+00   5.090322e-02   6.257564e+01   8.821138e-03   2.713243e-02   4.710808e-01   5.536664e-01  -1.190839e-01  -1.192479e+02
  7.3540601626252e+00   1.973765e+00   5.155018e-02   6.257665e+01   8.884439e-03   3.046946e-02   4.719570e-01   5.534122e-01  -1.122348e-01  -1.192447e+02
  7.3562580287826e+00   1.973879e+00   5.208338e-02   6.257918e+01   8.954132e-03   3.294904e-02   4.689673e-01   5.531731e-01  -1.053336e-01  -1.192421e+02
  7.3584558949400e+00   1.973994e+00   5.265305e-02   6.258213e+01   9.028080e-03   3.434172e-02   4.602784e-01   5.529490e-01  -9.865804e-02  -1.192377e+02
  7.3606537610974e+00   1.974110e+00   5.335350e-02   6.258440e+01   9.103694e-03   3.446522e-02   4.444815e-01   5.527388e-01  -9.252889e-02  -1.192301e+02
  7.3628516272548e+00   1.974229e+00   5.431437e-02   6.258532e+01   9.178136e-03   3.327456e-02   4.210484e-01   5.525413e-01  -8.725438e-02  -1.192187e+02
  7.3650494934121e+00   1.974350e+00   5.571310e-02   6.257812e+01   9.248706e-03   3.094245e-02   3.906526e-01   5.523541e-01  -8.306386e-02  -1.192040e+02
  7.3672473595695e+00   1.974474e+00   5.758833e-02   6.256944e+01   9.313328e-03   2.786201e-02   3.556225e-01   5.521749e-01  -8.005796e-02  -1.191869e+02
  7.3694452257269e+00   1.974603e+00   5.973512e-02   6.256004e+01   9.370944e-03   2.456670e-02   3.191224e-01   5.520010e-01  -7.818201e-02  -1.191685e+02
  7.3716430918843e+00   1.974737e+00   6.185578e-02   6.255021e+01   9.421675e-03   2.159833e-02   2.844515e-01   5.518302e-01  -7.722612e-02  -1.191493e+02
  7.3738409580417e+00   1.974875e+00   6.367233e-02   6.254008e+01   9.466703e-03   1.937544e-02   2.542363e-01   5.516609e-01  -7.685784e-02  -1.191296e+02
  7.3760388241991e+00   1.975016e+00   6.504355e-02   6.252979e+01   9.507898e-03   1.811071e-02   2.299270e-01   5.514922e-01  -7.668350e-02  -1.191096e+02
  7.3782366903565e+00   1.975160e+00   6.603054e-02   6.251969e+01   9.547365e-03   1.780287e-02   2.118418e-01   5.513240e-01  -7.632481e-02  -1.190900e+02
  7.3804345565139e+00   1.975306e+00   6.686409e-02   6.251047e+01   9.587031e-03   1.829183e-02   1.996588e-01   5.511572e-01  -7.549243e-02  -1.190720e+02
  7.3826324226713e+00   1.975454e+00   6.780615e-02   6.250306e+01   9.628383e-03   1.933687e-02   1.929998e-01   5.509928e-01  -7.403594e-02  -1.190576e+02
  7.3848302888286e+00   1.975604e+00   6.897067e-02   6.249840e+01   9.672361e-03   2.068315e-02   1.917186e-01   5.508324e-01  -7.195276e-02  -1.190484e+02
  7.3870281549860e+00   1.975757e+00   7.021483e-02   6.249716e+01   9.719382e-03   2.210462e-02   1.957966e-01   5.506771e-01  -6.935156e-02  -1.190458e+02
  7.3892260211434e+00   1.975913e+00   7.116745e-02   6.249937e+01   9.769412e-03   2.342076e-02   2.049608e-01   5.505279e-01  -6.638516e-02  -1.190499e+02
  7.3914238873008e+00   1.976069e+00   7.139117e-02   6.250434e+01   9.822068e-03   2.449498e-02   2.183041e-01   5.503855e-01  -6.318024e-02  -1.190592e+02
  7.3936217534582e+00   1.976225e+00   7.061138e-02   6.251075e+01   9.876708e-03   2.522586e-02   2.341787e-01   5.502504e-01  -5.977335e-02  -1.190714e+02
  7.3958196196156e+00   1.976379e+00   6.890345e-02   6.251706e+01   9.932499e-03   2.554342e-02   2.504623e-01   5.501231e-01  -5.607598e-02  -1.190835e+02
  7.3980174857730e+00   1.976528e+00   6.670476e-02   6.252193e+01   9.988491e-03   2.540744e-02   2.650450e-01   5.500044e-01  -5.199124e-02  -1.190929e+02
  7.4002153519304e+00   1.976672e+00   6.468413e-02   6.252457e+01   1.004367e-02   2.480442e-02   2.762842e-01   5.498950e-01  -4.750104e-02  -1.190980e+02
  7.4024132180878e+00   1.976813e+00   6.351978e-02   6.252484e+01   1.009703e-02   2.375068e-02   2.832420e-01   5.497959e-01  -4.272572e-02  -1.190987e+02
  7.4046110842452e+00   1.976953e+00   6.368092e-02   6.252311e+01   1.014764e-02   2.230404e-02   2.856478e-01   5.497072e-01  -3.794664e-02  -1.190955e+02
  7.4068089504025e+00   1.977095e+00   6.530304e-02   6.251997e+01   1.019477e-02   2.057835e-02   2.836766e-01   5.496286e-01  -3.357447e-02  -1.190896e+02
  7.4090068165599e+00   1.977241e+00   6.819876e-02   6.251603e+01   1.023798e-02   1.874877e-02   2.777291e-01   5.495587e-01  -3.006251e-02  -1.190821e+02
  7.4112046827173e+00   1.977395e+00   7.198688e-02   6.251186e+01   1.027731e-02   1.703566e-02   2.683669e-01   5.494951e-01  -2.778500e-02  -1.190742e+02
  7.4134025488747e+00   1.977558e+00   7.625881e-02   6.250799e+01   1.031324e-02   1.565826e-02   2.564067e-01   5.494350e-01  -2.692003e-02  -1.190668e+02
  7.4156004150321e+00   1.977731e+00   8.068946e-02   6.250488e+01   1.034667e-02   1.476635e-02   2.430206e-01   5.493753e-01  -2.738156e-02  -1.190609e+02
  7.4177982811895e+00   1.977913e+00   8.506155e-02   6.250293e+01   1.037871e-02   1.438361e-02   2.296830e-01   5.493135e-01  -2.882878e-02  -1.190572e+02
  7.4199961473469e+00   1.978104e+00   8.921414e-02   6.250232e+01   1.041033e-02   1.439454e-02   2.178549e-01   5.492480e-01  -3.075295e-02  -1.190560e+02
  7.4221940135043e+00   1.978305e+00   9.296355e-02   6.250307e+01   1.044218e-02   1.459097e-02   2.084817e-01   5.491784e-01  -3.261153e-02  -1.190574e+02
  7.4243918796617e+00   1.978512e+00   9.605423e-02   6.250495e+01   1.047445e-02   1.476561e-02   2.015771e-01   5.491053e-01  -3.396216e-02  -1.190610e+02
  7.4265897458190e+00   1.978726e+00   9.817759e-02   6.250766e+01   1.050695e-02   1.481016e-02   1.961611e-01   5.490300e-01  -3.455264e-02  -1.190662e+02
  7.4287876119764e+00   1.978943e+00   9.905691e-02   6.251083e+01   1.053945e-02   1.476690e-02   1.906437e-01   5.489543e-01  -3.434472e-02  -1.190723e+02
  7.4309854781338e+00   1.979160e+00   9.855933e-02   6.251403e+01   1.057194e-02   1.480170e-02   1.834900e-01   5.488798e-01  -3.347699e-02  -1.190784e+02
  7.4331833442912e+00   1.979374e+00   9.677875e-02   6.251678e+01   1.060481e-02   1.510568e-02   1.738237e-01   5.488076e-01  -3.219375e-02  -1.190837e+02
  7.4353812104486e+00   1.979584e+00   9.404587e-02   6.251854e+01   1.063874e-02   1.577221e-02   1.616541e-01   5.487384e-01  -3.077276e-02  -1.190870e+02
  7.4375790766060e+00   1.979787e+00   9.085452e-02   6.251880e+01   1.067444e-02   1.671339e-02   1.476334e-01   5.486722e-01  -2.947539e-02  -1.190876e+02
  7.4397769427634e+00   1.979984e+00   8.773311e-02   6.251730e+01   1.071222e-02   1.766386e-02   1.325361e-01   5.486085e-01  -2.852479e-02  -1.190847e+02
  7.4419748089208e+00   1.980173e+00   8.511270e-02   6.251408e+01   1.075172e-02   1.827703e-02   1.168075e-01   5.485463e-01  -2.810083e-02  -1.190785e+02
  7.4441726750782e+00   1.980358e+00   8.324048e-02   6.250963e+01   1.079188e-02   1.827133e-02   1.004621e-01   5.484843e-01  -2.833375e-02  -1.190700e+02
  7.4463705412356e+00   1.980540e+00   8.216186e-02   6.250475e+01   1.083126e-02   1.755744e-02   8.337606e-02   5.484210e-01  -2.928378e-02  -1.190605e+02
  7.4485684073929e+00   1.980720e+00   8.176161e-02   6.250042e+01   1.086845e-02   1.628505e-02   6.576791e-02   5.483548e-01  -3.090831e-02  -1.190521e+02
  7.4507662735503e+00   1.980900e+00   8.183145e-02   6.249749e+01   1.090259e-02   1.478540e-02   4.854242e-02   5.482845e-01  -3.303353e-02  -1.190463e+02
  7.4529641397077e+00   1.981080e+00   8.212869e-02   6.249651e+01   1.093360e-02   1.343583e-02   3.325873e-02   5.482094e-01  -3.535362e-02  -1.190443e+02
  7.4551620058651e+00   1.981261e+00   8.240649e-02   6.249753e+01   1.096211e-02   1.250780e-02   2.170434e-02   5.481293e-01  -3.747365e-02  -1.190461e+02
  7.4573598720225e+00   1.981442e+00   8.241970e-02   6.250013e+01   1.098912e-02   1.206585e-02   1.527464e-02   5.480453e-01  -3.899333e-02  -1.190509e+02
  7.4595577381799e+00   1.981623e+00   8.192649e-02   6.250359e+01   1.101552e-02   1.195881e-02   1.445684e-02   5.479589e-01  -3.960739e-02  -1.190573e+02
  7.4617556043373e+00   1.981802e+00   8.070461e-02   6.250713e+01   1.104174e-02   1.190026e-02   1.865539e-02   5.478723e-01  -3.918722e-02  -1.190639e+02
  7.4639534704947e+00   1.981977e+00   7.858945e-02   6.251026e+01   1.106756e-02   1.159612e-02   2.641936e-02   5.477877e-01  -3.781261e-02  -1.190697e+02
  7.4661513366521e+00   1.982146e+00   7.553830e-02   6.251284e+01   1.109224e-02   1.086434e-02   3.597503e-02   5.477068e-01  -3.574237e-02  -1.190745e+02
  7.4683492028094e+00   1.982308e+00   7.169043e-02   6.251508e+01   1.111484e-02   9.694428e-03   4.580197e-02   5.476309e-01  -3.333801e-02  -1.190787e+02
  7.4705470689668e+00   1.982460e+00   6.739025e-02   6.251731e+01   1.113453e-02   8.227750e-03   5.499597e-02   5.475602e-01  -3.097069e-02  -1.190829e+02
  7.4727449351242e+00   1.982604e+00   6.315476e-02   6.251979e+01   1.115091e-02   6.678840e-03   6.330726e-02   5.474944e-01  -2.894283e-02  -1.190876e+02
  7.4749428012816e+00   1.982739e+00   5.958511e-02   6.252259e+01   1.116401e-02   5.242256e-03   7.091698e-02   5.474324e-01  -2.744487e-02  -1.190930e+02
  7.4771406674390e+00   1.982867e+00   5.724366e-02   6.252567e+01   1.117420e-02   4.030451e-03   7.813220e-02   5.473730e-01  -2.655081e-02  -1.190990e+02
  7.4793385335964e+00   1.982992e+00   5.653176e-02   6.252897e+01   1.118200e-02   3.067209e-03   8.518444e-02   5.473150e-01  -2.624305e-02  -1.191054e+02
  7.4815363997538e+00   1.983118e+00   5.760556e-02   6.253251e+01   1.118794e-02   2.330449e-03   9.221891e-02   5.472571e-01  -2.645039e-02  -1.191122e+02
  7.4837342659112e+00   1.983247e+00   6.035446e-02   6.253634e+01   1.119249e-02   1.813354e-03   9.942729e-02   5.471982e-01  -2.708397e-02  -1.191196e+02
  7.4859321320686e+00   1.983384e+00   6.444561e-02   6.254048e+01   1.119620e-02   1.565508e-03   1.071898e-01   5.471376e-01  -2.806011e-02  -1.191276e+02
  7.4881299982260e+00   1.983531e+00   6.941527e-02   6.254483e+01   1.119978e-02   1.688584e-03   1.161006e-01   5.470746e-01  -2.930580e-02  -1.191360e+02
  7.4903278643833e+00   1.983690e+00   7.477421e-02   6.254916e+01   1.120415e-02   2.286518e-03   1.268373e-01   5.470086e-01  -3.074971e-02  -1.191444e+02
  7.4925257305407e+00   1.983860e+00   8.009482e-02   6.255321e+01   1.121039e-02   3.395157e-03   1.399337e-01   5.469393e-01  -3.230789e-02  -1.191523e+02
  7.4947235966981e+00   1.984041e+00   8.506039e-02   6.255676e+01   1.121954e-02   4.928868e-03   1.555666e-01   5.468665e-01  -3.387586e-02  -1.191591e+02
  7.4969214628555e+00   1.984233e+00   8.947460e-02   6.255963e+01   1.123229e-02   6.675580e-03   1.734508e-01   5.467905e-01  -3.533563e-02  -1.191647e+02
  7.4991193290129e+00   1.984434e+00   9.324370e-02   6.256167e+01   1.124880e-02   8.349671e-03   1.928737e-01   5.467114e-01  -3.657766e-02  -1.191688e+02
  7.5013171951703e+00   1.984642e+00   9.634873e-02   6.256276e+01   1.126862e-02   9.684097e-03   2.128442e-01   5.466300e-01  -3.752834e-02  -1.191710e+02
  7.5035150613277e+00   1.984857e+00   9.882177e-02   6.256280e+01   1.129083e-02   1.052225e-02   2.323038e-01   5.465468e-01  -3.816934e-02  -1.191712e+02
  7.5057129274851e+00   1.985076e+00   1.007314e-01   6.256182e+01   1.131433e-02   1.086701e-02   2.503396e-01   5.464625e-01  -3.853858e-02  -1.191694e+02
  7.5079107936425e+00   1.985299e+00   1.021745e-01   6.255999e+01   1.133821e-02   1.086195e-02   2.663432e-01   5.463777e-01  -3.871243e-02  -1.191660e+02
  7.5101086597998e+00   1.985525e+00   1.032686e-01   6.255762e+01   1.136192e-02   1.071102e-02   2.800592e-01   5.462925e-01  -3.877866e-02  -1.191616e+02
  7.5123065259572e+00   1.985753e+00   1.041390e-01   6.255503e+01   1.138531e-02   1.057280e-02   2.914929e-01   5.462072e-01  -3.881317e-02  -1.191567e+02
  7.5145043921146e+00   1.985983e+00   1.049021e-01   6.255240e+01   1.140844e-02   1.047953e-02   3.007028e-01   5.461218e-01  -3.886978e-02  -1.191517e+02
  7.5167022582720e+00   1.986214e+00   1.056474e-01   6.254976e+01   1.143130e-02   1.032010e-02   3.075753e-01   5.460363e-01  -3.898302e-02  -1.191467e+02
  7.5189001244294e+00   1.986447e+00   1.064269e-01   6.254700e+01   1.145351e-02   9.895560e-03   3.117172e-01   5.459504e-01  -3.917685e-02  -1.191414e+02
  7.5210979905868e+00   1.986682e+00   1.072542e-01   6.254401e+01   1.147430e-02   9.019938e-03   3.125584e-01   5.458640e-01  -3.947007e-02  -1.191356e+02
  7.5232958567442e+00   1.986918e+00   1.081130e-01   6.254078e+01   1.149258e-02   7.617119e-03   3.096440e-01   5.457768e-01  -3.987339e-02  -1.191293e+02
  7.5254937229016e+00   1.987157e+00   1.089700e-01   6.253753e+01   1.150729e-02   5.767523e-03   3.029712e-01   5.456886e-01  -4.037995e-02  -1.191230e+02
  7.5276915890590e+00   1.987397e+00   1.097840e-01   6.253463e+01   1.151768e-02   3.684515e-03   2.931745e-01   5.455992e-01  -4.095563e-02  -1.191173e+02
  7.5298894552164e+00   1.987640e+00   1.105068e-01   6.253254e+01   1.152353e-02   1.635681e-03   2.814305e-01   5.455085e-01  -4.153661e-02  -1.191131e+02
  7.5320873213737e+00   1.987883e+00   1.110799e-01   6.253170e+01   1.152516e-02  -1.504348e-04   2.691091e-01   5.454167e-01  -4.203804e-02  -1.191113e+02
  7.5342851875311e+00   1.988128e+00   1.114318e-01   6.253238e+01   1.152329e-02  -1.548450e-03   2.573410e-01   5.453239e-01  -4.237228e-02  -1.191125e+02
  7.5364830536885e+00   1.988373e+00   1.114867e-01   6.253472e+01   1.151879e-02  -2.546680e-03   2.467226e-01   5.452307e-01  -4.247122e-02  -1.191168e+02
  7.5386809198459e+00   1.988617e+00   1.111860e-01   6.253864e+01   1.151247e-02  -3.209288e-03   2.372937e-01   5.451375e-01  -4.230541e-02  -1.191242e+02
  7.5408787860033e+00   1.988861e+00   1.105160e-01   6.254392e+01   1.150496e-02  -3.618548e-03   2.287689e-01   5.450450e-01  -4.189396e-02  -1.191342e+02
  7.5430766521607e+00   1.989103e+00   1.095301e-01   6.255032e+01   1.149678e-02  -3.831103e-03   2.208680e-01   5.449536e-01  -4.130333e-02  -1.191464e+02
  7.5452745183181e+00   1.989342e+00   1.083529e-01   6.255753e+01   1.148832e-02  -3.868383e-03   2.135531e-01   5.448635e-01  -4.063611e-02  -1.191601e+02
  7.5474723844755e+00   1.989579e+00   1.071600e-01   6.256527e+01   1.147996e-02  -3.738379e-03   2.070582e-01   5.447749e-01  -4.001357e-02  -1.191748e+02
  7.5496702506329e+00   1.989813e+00   1.061393e-01   6.257327e+01   1.147204e-02  -3.467215e-03   2.017265e-01   5.446874e-01  -3.955565e-02  -1.191901e+02
  7.5518681167902e+00   1.990046e+00   1.054453e-01   6.258121e+01   1.146480e-02  -3.115049e-03   1.977813e-01   5.446007e-01  -3.936098e-02  -1.192052e+02
  7.5540659829476e+00   1.990277e+00   1.051629e-01   6.258876e+01   1.145834e-02  -2.762642e-03   1.951784e-01   5.445141e-01  -3.948923e-02  -1.192197e+02
  7.5562638491050e+00   1.990509e+00   1.052892e-01   6.259560e+01   1.145259e-02  -2.474797e-03   1.936240e-01   5.444267e-01  -3.994838e-02  -1.192328e+02
  7.5584617152624e+00   1.990740e+00   1.057379e-01   6.260142e+01   1.144738e-02  -2.262552e-03   1.927367e-01   5.443381e-01  -4.069069e-02  -1.192439e+02
  7.5606595814198e+00   1.990973e+00   1.063605e-01   6.260598e+01   1.144262e-02  -2.068236e-03   1.922461e-01   5.442476e-01  -4.162031e-02  -1.192527e+02
  7.5628574475772e+00   1.991208e+00   1.069760e-01   6.260917e+01   1.143839e-02  -1.785149e-03   1.921055e-01   5.441551e-01  -4.261213e-02  -1.192589e+02
  7.5650553137346e+00   1.991444e+00   1.074012e-01   6.261098e+01   1.143499e-02  -1.303777e-03   1.924541e-01   5.440604e-01  -4.353679e-02  -1.192624e+02
  7.5672531798920e+00   1.991680e+00   1.074751e-01   6.261164e+01   1.143295e-02  -5.609003e-04   1.934602e-01   5.439639e-01  -4.428341e-02  -1.192637e+02
  7.5694510460494e+00   1.991915e+00   1.070769e-01   6.261156e+01   1.143281e-02   4.344459e-04   1.951425e-01   5.438660e-01  -4.477247e-02  -1.192636e+02
  7.5716489122068e+00   1.992150e+00   1.061391e-01   6.261134e+01   1.143506e-02   1.611723e-03   1.972816e-01   5.437675e-01  -4.495678e-02  -1.192632e+02
  7.5738467783641e+00   1.992381e+00   1.046573e-01   6.261156e+01   1.143999e-02   2.879525e-03   1.994727e-01   5.436688e-01  -4.481466e-02  -1.192637e+02
  7.5760446445215e+00   1.992609e+00   1.026961e-01   6.261265e+01   1.144774e-02   4.172407e-03   2.012897e-01   5.435708e-01  -4.434244e-02  -1.192658e+02
  7.5782425106789e+00   1.992832e+00   1.003885e-01   6.261467e+01   1.145834e-02   5.476387e-03   2.024682e-01   5.434742e-01  -4.355188e-02  -1.192697e+02
  7.5804403768363e+00   1.993050e+00   9.792297e-02   6.261734e+01   1.147185e-02   6.817209e-03   2.030070e-01   5.433797e-01  -4.247227e-02  -1.192748e+02
  7.5826382429937e+00   1.993263e+00   9.551634e-02   6.262017e+01   1.148837e-02   8.216363e-03   2.031411e-01   5.432878e-01  -4.115242e-02  -1.192802e+02
  7.5848361091511e+00   1.993470e+00   9.337360e-02   6.262267e+01   1.150800e-02   9.638736e-03   2.032049e-01   5.431989e-01  -3.965728e-02  -1.192850e+02
  7.5870339753085e+00   1.993674e+00   9.164586e-02   6.262457e+01   1.153063e-02   1.096234e-02   2.034610e-01   5.431135e-01  -3.805784e-02  -1.192886e+02
  7.5892318414659e+00   1.993874e+00   9.039926e-02   6.262582e+01   1.155586e-02   1.199106e-02   2.039728e-01   5.430317e-01  -3.641796e-02  -1.192910e+02
  7.5914297076233e+00   1.994072e+00   8.960756e-02   6.262656e+01   1.158278e-02   1.251028e-02   2.045704e-01   5.429534e-01  -3.478427e-02  -1.192924e+02
  7.5936275737806e+00   1.994268e+00   8.917295e-02   6.262692e+01   1.161012e-02   1.236370e-02   2.049067e-01   5.428787e-01  -3.318322e-02  -1.192931e+02
  7.5958254399380e+00   1.994464e+00   8.896879e-02   6.262695e+01   1.163636e-02   1.151839e-02   2.045667e-01   5.428075e-01  -3.162504e-02  -1.192931e+02
  7.5980233060954e+00   1.994659e+00   8.888879e-02   6.262660e+01   1.166011e-02   1.008965e-02   2.031852e-01   5.427397e-01  -3.011058e-02  -1.192924e+02
  7.6002211722528e+00   1.994855e+00   8.888378e-02   6.262587e+01   1.168034e-02   8.315477e-03   2.005372e-01   5.426751e-01  -2.863664e-02  -1.192910e+02
  7.6024190384102e+00   1.995050e+00   8.897177e-02   6.262491e+01   1.169661e-02   6.492418e-03   1.965893e-01   5.426138e-01  -2.719791e-02  -1.192891e+02
  7.6046169045676e+00   1.995246e+00   8.921786e-02   6.262401e+01   1.170913e-02   4.899537e-03   1.915162e-01   5.425556e-01  -2.578713e-02  -1.192873e+02
  7.6068147707250e+00   1.995443e+00   8.969245e-02   6.262358e+01   1.171862e-02   3.738453e-03   1.856906e-01   5.425004e-01  -2.439589e-02  -1.192865e+02
  7.6090126368824e+00   1.995641e+00   9.042564e-02   6.262399e+01   1.172614e-02   3.105607e-03   1.796564e-01   5.424483e-01  -2.301787e-02  -1.192872e+02
  7.6112105030398e+00   1.995840e+00   9.137736e-02   6.262540e+01   1.173285e-02   2.995687e-03   1.740847e-01   5.423992e-01  -2.165350e-02  -1.192898e+02
  7.6134083691972e+00   1.996042e+00   9.243608e-02   6.262777e+01   1.173979e-02   3.322496e-03   1.697077e-01   5.423531e-01  -2.031341e-02  -1.192943e+02
  7.6156062353545e+00   1.996247e+00   9.344702e-02   6.263087e+01   1.174777e-02   3.941671e-03   1.672175e-01   5.423099e-01  -1.901804e-02  -1.193002e+02
  7.6178041015119e+00   1.996453e+00   9.425771e-02   6.263437e+01   1.175724e-02   4.667869e-03   1.671350e-01   5.422694e-01  -1.779252e-02  -1.193069e+02
  7.6200019676693e+00   1.996660e+00   9.476138e-02   6.263804e+01   1.176818e-02   5.290228e-03   1.696696e-01   5.422316e-01  -1.665842e-02  -1.193139e+02
  7.6221998338267e+00   1.996869e+00   9.492029e-02   6.264175e+01   1.178014e-02   5.595705e-03   1.746225e-01   5.421961e-01  -1.562570e-02  -1.193211e+02
  7.6243976999841e+00   1.997077e+00   9.476080e-02   6.264551e+01   1.179223e-02   5.405715e-03   1.813838e-01   5.421628e-01  -1.468831e-02  -1.193284e+02
  7.6265955661415e+00   1.997285e+00   9.434536e-02   6.264936e+01   1.180325e-02   4.620089e-03   1.890490e-01   5.421314e-01  -1.382556e-02  -1.193358e+02
  7.6287934322989e+00   1.997492e+00   9.373708e-02   6.265328e+01   1.181190e-02   3.251477e-03   1.966248e-01   5.421019e-01  -1.300848e-02  -1.193434e+02
  7.6309912984563e+00   1.997697e+00   9.297371e-02   6.265714e+01   1.181704e-02   1.431257e-03   2.032495e-01   5.420742e-01  -1.220778e-02  -1.193509e+02
  7.6331891646137e+00   1.997900e+00   9.206191e-02   6.266068e+01   1.181793e-02  -6.223097e-04   2.083414e-01   5.420483e-01  -1.139898e-02  -1.193577e+02
  7.6353870307710e+00   1.998102e+00   9.099136e-02   6.266366e+01   1.181432e-02  -2.665759e-03   2.116260e-01   5.420241e-01  -1.056167e-02  -1.193635e+02
  7.6375848969284e+00   1.998300e+00   8.975939e-02   6.266597e+01   1.180645e-02  -4.498654e-03   2.130624e-01   5.420019e-01  -9.673228e-03  -1.193679e+02
  7.6397827630858e+00   1.998496e+00   8.839318e-02   6.266766e+01   1.179490e-02  -6.010398e-03   2.127358e-01   5.419817e-01  -8.701283e-03  -1.193711e+02
  7.6419806292432e+00   1.998689e+00   8.696064e-02   6.266891e+01   1.178040e-02  -7.186849e-03   2.107914e-01   5.419638e-01  -7.600443e-03  -1.193735e+02
  7.6441784954006e+00   1.998878e+00   8.556658e-02   6.266992e+01   1.176362e-02  -8.076779e-03   2.074425e-01   5.419484e-01  -6.317206e-03  -1.193754e+02
  7.6463763615580e+00   1.999065e+00   8.433725e-02   6.267079e+01   1.174514e-02  -8.737247e-03   2.030275e-01   5.419362e-01  -4.802463e-03  -1.193770e+02
  7.6485742277154e+00   1.999249e+00   8.339836e-02   6.267148e+01   1.172545e-02  -9.186411e-03   1.980507e-01   5.419276e-01  -3.026859e-03  -1.193783e+02
  7.6507720938728e+00   1.999432e+00   8.285162e-02   6.267185e+01   1.170504e-02  -9.387576e-03   1.931539e-01   5.419232e-01  -9.925028e-04  -1.193789e+02
  7.6529699600302e+00   1.999614e+00   8.275313e-02   6.267179e+01   1.168453e-02  -9.271753e-03   1.890043e-01   5.419235e-01   1.263650e-03  -1.193788e+02
  7.6551678261876e+00   1.999796e+00   8.309684e-02   6.267132e+01   1.166469e-02  -8.786120e-03   1.861411e-01   5.419289e-01   3.675480e-03  -1.193778e+02
  7.6573656923449e+00   1.999980e+00   8.380613e-02   6.267059e+01   1.164630e-02  -7.942421e-03   1.848477e-01   5.419397e-01   6.159491e-03  -1.193763e+02
  7.6595635585023e+00   2.000165e+00   8.473743e-02   6.266985e+01   1.163006e-02  -6.839184e-03   1.851087e-01   5.419560e-01   8.628248e-03  -1.193749e+02
  7.6617614246597e+00   2.000352e+00   8.569846e-02   6.266933e+01   1.161634e-02  -5.644450e-03   1.866676e-01   5.419776e-01   1.100192e-02  -1.193739e+02
  7.6639592908171e+00   2.000542e+00   8.648030e-02   6.266914e+01   1.160514e-02  -4.545258e-03   1.891582e-01   5.420042e-01   1.321651e-02  -1.193735e+02
  7.6661571569745e+00   2.000732e+00   8.689793e-02   6.266922e+01   1.159610e-02  -3.686301e-03   1.922491e-01   5.420355e-01   1.522891e-02  -1.193736e+02
  7.6683550231319e+00   2.000923e+00   8.682988e-02   6.266934e+01   1.158861e-02  -3.125282e-03   1.957401e-01   5.420709e-01   1.701954e-02  -1.193738e+02
  7.6705528892893e+00   2.001113e+00   8.624627e-02   6.266921e+01   1.158207e-02  -2.824028e-03   1.995776e-01   5.421101e-01   1.859234e-02  -1.193735e+02
  7.6727507554467e+00   2.001302e+00   8.521673e-02   6.266851e+01   1.157603e-02  -2.676985e-03   2.037961e-01   5.421525e-01   1.997140e-02  -1.193721e+02
  7.6749486216041e+00   2.001487e+00   8.389507e-02   6.266697e+01   1.157027e-02  -2.561355e-03   2.084283e-01   5.421977e-01   2.119355e-02  -1.193691e+02
  7.6771464877614e+00   2.001670e+00   8.248487e-02   6.266444e+01   1.156484e-02  -2.384371e-03   2.134409e-01   5.422455e-01   2.229724e-02  -1.193643e+02
  7.6793443539188e+00   2.001850e+00   8.119559e-02   6.266090e+01   1.155990e-02  -2.107094e-03   2.187345e-01   5.422956e-01   2.330989e-02  -1.193575e+02
  7.6815422200762e+00   2.002028e+00   8.020174e-02   6.265647e+01   1.155567e-02  -1.737828e-03   2.242076e-01   5.423479e-01   2.423764e-02  -1.193490e+02
  7.6837400862336e+00   2.002203e+00   7.961554e-02   6.265139e+01   1.155233e-02  -1.304185e-03   2.298447e-01   5.424021e-01   2.506139e-02  -1.193393e+02
  7.6859379523910e+00   2.002378e+00   7.947829e-02   6.264597e+01   1.154999e-02  -8.226849e-04   2.357705e-01   5.424579e-01   2.574204e-02  -1.193290e+02
  7.6881358185484e+00   2.002553e+00   7.976855e-02   6.264060e+01   1.154878e-02  -2.838819e-04   2.422297e-01   5.425150e-01   2.623390e-02  -1.193188e+02
  7.6903336847058e+00   2.002729e+00   8.042017e-02   6.263566e+01   1.154884e-02   3.393957e-04   2.494903e-01   5.425730e-01   2.650225e-02  -1.193094e+02
  7.6925315508632e+00   2.002907e+00   8.134049e-02   6.263147e+01   1.155038e-02   1.066752e-03   2.577119e-01   5.426313e-01   2.653777e-02  -1.193015e+02
  7.6947294170206e+00   2.003087e+00   8.242206e-02   6.262823e+01   1.155363e-02   1.883438e-03   2.668414e-01   5.426894e-01   2.636196e-02  -1.192954e+02
  7.6969272831780e+00   2.003269e+00   8.354578e-02   6.262598e+01   1.155869e-02   2.728100e-03   2.765832e-01   5.427470e-01   2.602105e-02  -1.192912e+02
  7.6991251493353e+00   2.003454e+00   8.458015e-02   6.262457e+01   1.156554e-02   3.502769e-03   2.864564e-01   5.428036e-01   2.557146e-02  -1.192885e+02
  7.7013230154927e+00   2.003641e+00   8.538432e-02   6.262377e+01   1.157390e-02   4.100654e-03   2.959088e-01   5.428593e-01   2.506389e-02  -1.192871e+02
  7.7035208816501e+00   2.003829e+00   8.582230e-02   6.262329e+01   1.158328e-02   4.437994e-03   3.044383e-01   5.429138e-01   2.453335e-02  -1.192862e+02
  7.7057187478075e+00   2.004017e+00   8.578973e-02   6.262290e+01   1.159307e-02   4.474632e-03   3.116725e-01   5.429671e-01   2.399845e-02  -1.192855e+02
  7.7079166139649e+00   2.004205e+00   8.524703e-02   6.262240e+01   1.160262e-02   4.214662e-03   3.173850e-01   5.430193e-01   2.346808e-02  -1.192846e+02
  7.7101144801223e+00   2.004391e+00   8.424528e-02   6.262170e+01   1.161131e-02   3.689391e-03   3.214594e-01   5.430703e-01   2.294932e-02  -1.192832e+02
  7.7123123462797e+00   2.004575e+00   8.293082e-02   6.262071e+01   1.161859e-02   2.933947e-03   3.238310e-01   5.431202e-01   2.245039e-02  -1.192814e+02
  7.7145102124371e+00   2.004756e+00   8.152023e-02   6.261944e+01   1.162398e-02   1.971229e-03   3.244461e-01   5.431690e-01   2.197651e-02  -1.192789e+02
  7.7167080785945e+00   2.004934e+00   8.024966e-02   6.261790e+01   1.162704e-02   8.115789e-04   3.232591e-01   5.432168e-01   2.152140e-02  -1.192760e+02
  7.7189059447518e+00   2.005109e+00   7.931444e-02   6.261622e+01   1.162734e-02  -5.331797e-04   3.202659e-01   5.432636e-01   2.106087e-02  -1.192728e+02
  7.7211038109092e+00   2.005283e+00   7.882128e-02   6.261454e+01   1.162453e-02  -2.031217e-03   3.155522e-01   5.433093e-01   2.055417e-02  -1.192695e+02
  7.7233016770666e+00   2.005456e+00   7.877116e-02   6.261306e+01   1.161831e-02  -3.620206e-03   3.093224e-01   5.433539e-01   1.995489e-02  -1.192667e+02
  7.7254995432240e+00   2.005630e+00   7.907834e-02   6.261187e+01   1.160861e-02  -5.212830e-03   3.018923e-01   5.433969e-01   1.922758e-02  -1.192643e+02
  7.7276974093814e+00   2.005804e+00   7.961477e-02   6.261097e+01   1.159550e-02  -6.717228e-03   2.936450e-01   5.434382e-01   1.836267e-02  -1.192625e+02
  7.7298952755388e+00   2.005980e+00   8.025847e-02   6.261018e+01   1.157925e-02  -8.063016e-03   2.849742e-01   5.434775e-01   1.738221e-02  -1.192609e+02
  7.7320931416962e+00   2.006157e+00   8.092442e-02   6.260921e+01   1.156026e-02  -9.220291e-03   2.762424e-01   5.435145e-01   1.633273e-02  -1.192589e+02
  7.7342910078536e+00   2.006335e+00   8.156686e-02   6.260775e+01   1.153892e-02  -1.020260e-02   2.677688e-01   5.435493e-01   1.526771e-02  -1.192560e+02
  7.7364888740110e+00   2.006515e+00   8.215782e-02   6.260559e+01   1.151556e-02  -1.105298e-02   2.598399e-01   5.435817e-01   1.422670e-02  -1.192517e+02
  7.7386867401684e+00   2.006696e+00   8.265828e-02   6.260269e+01   1.149042e-02  -1.182054e-02   2.527182e-01   5.436119e-01   1.322054e-02  -1.192460e+02
  7.7408846063257e+00   2.006879e+00   8.300134e-02   6.259918e+01   1.146365e-02  -1.253904e-02   2.466268e-01   5.436398e-01   1.222902e-02  -1.192392e+02
  7.7430824724831e+00   2.007061e+00   8.309823e-02   6.259537e+01   1.143535e-02  -1.321707e-02   2.417027e-01   5.436656e-01   1.121195e-02  -1.192318e+02
  7.7452803386405e+00   2.007244e+00   8.286442e-02   6.259161e+01   1.140561e-02  -1.384271e-02   2.379407e-01   5.436890e-01   1.012832e-02  -1.192246e+02
  7.7474782047979e+00   2.007425e+00   8.225147e-02   6.258823e+01   1.137458e-02  -1.439762e-02   2.351621e-01   5.437100e-01   8.954599e-03  -1.192180e+02
  7.7496760709553e+00   2.007605e+00   8.126713e-02   6.258544e+01   1.134241e-02  -1.487109e-02   2.330386e-01   5.437283e-01   7.693939e-03  -1.192126e+02
  7.7518739371127e+00   2.007782e+00   7.997287e-02   6.258327e+01   1.130929e-02  -1.526541e-02   2.311813e-01   5.437437e-01   6.372818e-03  -1.192085e+02
  7.7540718032701e+00   2.007956e+00   7.846044e-02   6.258163e+01   1.127539e-02  -1.558930e-02   2.292717e-01   5.437562e-01   5.027664e-03  -1.192053e+02
  7.7562696694275e+00   2.008127e+00   7.682033e-02   6.258036e+01   1.124084e-02  -1.584355e-02   2.271899e-01   5.437658e-01   3.688429e-03  -1.192028e+02
  7.7584675355849e+00   2.008294e+00   7.511874e-02   6.257926e+01   1.120584e-02  -1.600769e-02   2.250896e-01   5.437725e-01   2.366759e-03  -1.192006e+02
  7.7606654017422e+00   2.008457e+00   7.339387e-02   6.257817e+01   1.117063e-02  -1.603633e-02   2.233844e-01   5.437763e-01   1.053272e-03  -1.191985e+02
  7.7628632678996e+00   2.008616e+00   7.167118e-02   6.257697e+01   1.113557e-02  -1.586873e-02   2.226411e-01   5.437771e-01  -2.763234e-04  -1.191962e+02
  7.7650611340570e+00   2.008772e+00   6.998603e-02   6.257566e+01   1.110115e-02  -1.544821e-02   2.234126e-01   5.437750e-01  -1.650585e-03  -1.191936e+02
  7.7672590002144e+00   2.008924e+00   6.839799e-02   6.257426e+01   1.106797e-02  -1.474264e-02   2.260683e-01   5.437698e-01  -3.092737e-03  -1.191909e+02
  7.7694568663718e+00   2.009073e+00   6.698583e-02   6.257287e+01   1.103665e-02  -1.375711e-02   2.306821e-01   5.437613e-01  -4.616059e-03  -1.191883e+02
  7.7716547325292e+00   2.009219e+00   6.582337e-02   6.257166e+01   1.100776e-02  -1.253336e-02   2.370145e-01   5.437494e-01  -6.224912e-03  -1.191860e+02
  7.7738525986866e+00   2.009363e+00   6.494737e-02   6.257082e+01   1.098175e-02  -1.113764e-02   2.445859e-01   5.437338e-01  -7.918937e-03  -1.191845e+02
  7.7760504648440e+00   2.009505e+00   6.433405e-02   6.257056e+01   1.095891e-02  -9.643384e-03   2.528007e-01   5.437145e-01  -9.696666e-03  -1.191841e+02
  7.7782483310014e+00   2.009646e+00   6.389710e-02   6.257107e+01   1.093940e-02  -8.116421e-03   2.610663e-01   5.436911e-01  -1.155565e-02  -1.191851e+02
  7.7804461971588e+00   2.009786e+00   6.350999e-02   6.257244e+01   1.092322e-02  -6.607872e-03   2.688686e-01   5.436636e-01  -1.348873e-02  -1.191878e+02
  7.7826440633161e+00   2.009925e+00   6.304399e-02   6.257466e+01   1.091029e-02  -5.154869e-03   2.757975e-01   5.436317e-01  -1.547884e-02  -1.191921e+02
  7.7848419294735e+00   2.010062e+00   6.240601e-02   6.257758e+01   1.090046e-02  -3.785426e-03   2.815503e-01   5.435955e-01  -1.749600e-02  -1.191978e+02
  7.7870397956309e+00   2.010199e+00   6.156186e-02   6.258096e+01   1.089353e-02  -2.522713e-03   2.859458e-01   5.435548e-01  -1.949955e-02  -1.192043e+02
  7.7892376617883e+00   2.010333e+00   6.053719e-02   6.258449e+01   1.088924e-02  -1.385984e-03   2.889625e-01   5.435098e-01  -2.144600e-02  -1.192111e+02
  7.7914355279457e+00   2.010465e+00   5.939868e-02   6.258788e+01   1.088729e-02  -3.887627e-04   2.907807e-01   5.434607e-01  -2.329976e-02  -1.192176e+02
  7.7936333941031e+00   2.010594e+00   5.822536e-02   6.259090e+01   1.088737e-02   4.626144e-04   2.917862e-01   5.434076e-01  -2.504225e-02  -1.192234e+02
  7.7958312602605e+00   2.010720e+00   5.708163e-02   6.259348e+01   1.088916e-02   1.166911e-03   2.925038e-01   5.433507e-01  -2.667541e-02  -1.192284e+02
  7.7980291264179e+00   2.010845e+00   5.600054e-02   6.259565e+01   1.089233e-02   1.721395e-03   2.934600e-01   5.432904e-01  -2.821802e-02  -1.192326e+02
  7.8002269925753e+00   2.010967e+00   5.497975e-02   6.259758e+01   1.089655e-02   2.113007e-03   2.950193e-01   5.432267e-01  -2.969719e-02  -1.192363e+02
  7.8024248587326e+00   2.011086e+00   5.398705e-02   6.259945e+01   1.090141e-02   2.311859e-03   2.972557e-01   5.431598e-01  -3.113867e-02  -1.192400e+02
  7.8046227248900e+00   2.011204e+00   5.297045e-02   6.260144e+01   1.090644e-02   2.271601e-03   2.999144e-01   5.430899e-01  -3.256012e-02  -1.192439e+02
  7.8068205910474e+00   2.011319e+00   5.186882e-02   6.260365e+01   1.091107e-02   1.938712e-03   3.024793e-01   5.430167e-01  -3.396903e-02  -1.192482e+02
  7.8090184572048e+00   2.011432e+00   5.062184e-02   6.260613e+01   1.091460e-02   1.268861e-03   3.043206e-01   5.429406e-01  -3.536435e-02  -1.192530e+02
  7.8112163233622e+00   2.011541e+00   4.918009e-02   6.260886e+01   1.091626e-02   2.449927e-04   3.048699e-01   5.428613e-01  -3.673958e-02  -1.192583e+02
  7.8134141895196e+00   2.011648e+00   4.751615e-02   6.261183e+01   1.091531e-02  -1.109585e-03   3.037648e-01   5.427791e-01  -3.808533e-02  -1.192640e+02
  7.8156120556770e+00   2.011750e+00   4.563536e-02   6.261503e+01   1.091109e-02  -2.728429e-03   3.009250e-01   5.426940e-01  -3.939068e-02  -1.192702e+02
  7.8178099218344e+00   2.011848e+00   4.358262e-02   6.261847e+01   1.090314e-02  -4.511053e-03   2.965516e-01   5.426060e-01  -4.064416e-02  -1.192767e+02
  7.8200077879918e+00   2.011941e+00   4.144101e-02   6.262211e+01   1.089121e-02  -6.340981e-03   2.910626e-01   5.425153e-01  -4.183528e-02  -1.192837e+02
  7.8222056541492e+00   2.012030e+00   3.932018e-02   6.262590e+01   1.087533e-02  -8.106645e-03   2.849966e-01   5.424222e-01  -4.295691e-02  -1.192909e+02
  7.8244035203065e+00   2.012114e+00   3.733651e-02   6.262978e+01   1.085575e-02  -9.718398e-03   2.789138e-01   5.423266e-01  -4.400752e-02  -1.192982e+02
  7.8266013864639e+00   2.012194e+00   3.559130e-02   6.263367e+01   1.083285e-02  -1.111705e-02   2.733173e-01   5.422288e-01  -4.499177e-02  -1.193057e+02
  7.8287992526213e+00   2.012271e+00   3.415447e-02   6.263758e+01   1.080714e-02  -1.227304e-02   2.686056e-01   5.421289e-01  -4.591862e-02  -1.193131e+02
  7.8309971187787e+00   2.012345e+00   3.305918e-02   6.264153e+01   1.077917e-02  -1.317907e-02   2.650537e-01   5.420271e-01  -4.679726e-02  -1.193206e+02
  7.8331949849361e+00   2.012417e+00   3.230772e-02   6.264556e+01   1.074948e-02  -1.384055e-02   2.628158e-01   5.419233e-01  -4.763210e-02  -1.193283e+02
  7.8353928510935e+00   2.012487e+00   3.188431e-02   6.264972e+01   1.071859e-02  -1.426802e-02   2.619368e-01   5.418177e-01  -4.841892e-02  -1.193363e+02
  7.8375907172509e+00   2.012557e+00   3.176752e-02   6.265403e+01   1.068701e-02  -1.447329e-02   2.623673e-01   5.417105e-01  -4.914355e-02  -1.193445e+02
  7.8397885834083e+00   2.012627e+00   3.193669e-02   6.265846e+01   1.065520e-02  -1.446847e-02   2.639812e-01   5.416018e-01  -4.978335e-02  -1.193530e+02
  7.8419864495657e+00   2.012698e+00   3.237028e-02   6.266296e+01   1.062363e-02  -1.426584e-02   2.665963e-01   5.414918e-01  -5.031105e-02  -1.193617e+02
  7.8441843157230e+00   2.012769e+00   3.303850e-02   6.266749e+01   1.059270e-02  -1.387655e-02   2.700064e-01   5.413808e-01  -5.069925e-02  -1.193703e+02
  7.8463821818804e+00   2.012843e+00   3.389525e-02   6.267201e+01   1.056283e-02  -1.330817e-02   2.740217e-01   5.412691e-01  -5.092448e-02  -1.193790e+02
  7.8485800480378e+00   2.012919e+00   3.487393e-02   6.267653e+01   1.053439e-02  -1.256258e-02   2.785122e-01   5.411571e-01  -5.096957e-02  -1.193877e+02
  7.8507779141952e+00   2.012996e+00   3.588927e-02   6.268109e+01   1.050780e-02  -1.163651e-02   2.834407e-01   5.410452e-01  -5.082417e-02  -1.193964e+02
  7.8529757803526e+00   2.013076e+00   3.684452e-02   6.268571e+01   1.048345e-02  -1.052611e-02   2.888708e-01   5.409339e-01  -5.048390e-02  -1.194053e+02
  7.8551736465100e+00   2.013158e+00   3.764163e-02   6.269043e+01   1.046173e-02  -9.234400e-03   2.949443e-01   5.408235e-01  -4.994880e-02  -1.194143e+02
  7.8573715126674e+00   2.013242e+00   3.819107e-02   6.269523e+01   1.044303e-02  -7.778366e-03   3.018315e-01   5.407146e-01  -4.922204e-02  -1.194235e+02
  7.8595693788248e+00   2.013326e+00   3.842046e-02   6.270008e+01   1.042768e-02  -6.192106e-03   3.096728e-01   5.406074e-01  -4.830937e-02  -1.194327e+02
  7.8617672449822e+00   2.013410e+00   3.828141e-02   6.270491e+01   1.041591e-02  -4.523702e-03   3.185397e-01   5.405024e-01  -4.721947e-02  -1.194420e+02
  7.8639651111396e+00   2.013494e+00   3.775457e-02   6.270962e+01   1.040783e-02  -2.826716e-03   3.284299e-01   5.404000e-01  -4.596491e-02  -1.194510e+02
  7.8661629772969e+00   2.013576e+00   3.685299e-02   6.271413e+01   1.040346e-02  -1.149987e-03   3.392978e-01   5.403005e-01  -4.456332e-02  -1.194597e+02
  7.8683608434543e+00   2.013655e+00   3.562292e-02   6.271839e+01   1.040271e-02   4.696366e-04   3.510948e-01   5.402043e-01  -4.303813e-02  -1.194679e+02
  7.8705587096117e+00   2.013732e+00   3.414080e-02   6.272236e+01   1.040543e-02   2.008509e-03   3.637888e-01   5.401115e-01  -4.141826e-02  -1.194755e+02
  7.8727565757691e+00   2.013805e+00   3.250567e-02   6.272604e+01   1.041143e-02   3.451346e-03   3.773452e-01   5.400223e-01  -3.973643e-02  -1.194827e+02
  7.8749544419265e+00   2.013875e+00   3.082819e-02   6.272947e+01   1.042048e-02   4.783386e-03   3.916730e-01   5.399368e-01  -3.802595e-02  -1.194893e+02
  7.8771523080839e+00   2.013941e+00   2.921830e-02   6.273269e+01   1.043232e-02   5.983945e-03   4.065677e-01   5.398551e-01  -3.631646e-02  -1.194956e+02
  7.8793501742413e+00   2.014004e+00   2.777440e-02   6.273576e+01   1.044661e-02   7.024765e-03   4.216835e-01   5.397772e-01  -3.463053e-02  -1.195016e+02
  7.8815480403987e+00   2.014063e+00   2.657419e-02   6.273872e+01   1.046299e-02   7.874769e-03   4.365637e-01   5.397028e-01  -3.298221e-02  -1.195075e+02
  7.8837459065561e+00   2.014121e+00   2.567016e-02   6.274163e+01   1.048099e-02   8.508194e-03   4.507157e-01   5.396321e-01  -3.137616e-02  -1.195132e+02
  7.8859437727134e+00   2.014177e+00   2.509101e-02   6.274451e+01   1.050013e-02   8.911278e-03   4.636940e-01   5.395648e-01  -2.980795e-02  -1.195189e+02
  7.8881416388708e+00   2.014231e+00   2.484503e-02   6.274739e+01   1.051991e-02   9.085147e-03   4.751690e-01   5.395010e-01  -2.826652e-02  -1.195245e+02
  7.8903395050282e+00   2.014286e+00   2.492348e-02   6.275029e+01   1.053983e-02   9.044034e-03   4.849663e-01   5.394406e-01  -2.673718e-02  -1.195302e+02
  7.8925373711856e+00   2.014341e+00   2.530320e-02   6.275325e+01   1.055945e-02   8.810041e-03   4.930722e-01   5.393835e-01  -2.520481e-02  -1.195360e+02
  7.8947352373430e+00   2.014398e+00   2.594900e-02   6.275626e+01   1.057837e-02   8.407476e-03   4.996147e-01   5.393298e-01  -2.365714e-02  -1.195419e+02
  7.8969331035004e+00   2.014456e+00   2.681750e-02   6.275930e+01   1.059625e-02   7.859786e-03   5.048334e-01   5.392795e-01  -2.208804e-02  -1.195478e+02
  7.8991309696578e+00   2.014516e+00   2.786255e-02   6.276229e+01   1.061279e-02   7.190536e-03   5.090457e-01   5.392327e-01  -2.050028e-02  -1.195536e+02
  7.9013288358152e+00   2.014578e+00   2.904030e-02   6.276517e+01   1.062775e-02   6.427517e-03   5.126081e-01   5.391894e-01  -1.890716e-02  -1.195592e+02
  7.9035267019726e+00   2.014643e+00   3.031328e-02   6.276782e+01   1.064098e-02   5.606726e-03   5.158713e-01   5.391496e-01  -1.733216e-02  -1.195643e+02
  7.9057245681300e+00   2.014712e+00   3.165167e-02   6.277020e+01   1.065238e-02   4.772895e-03   5.191231e-01   5.391132e-01  -1.580627e-02  -1.195689e+02
  7.9079224342873e+00   2.014783e+00   3.303108e-02   6.277225e+01   1.066200e-02   3.974976e-03   5.225213e-01   5.390800e-01  -1.436316e-02  -1.195729e+02
  7.9101203004447e+00   2.014857e+00   3.442813e-02   6.277401e+01   1.066995e-02   3.257690e-03   5.260394e-01   5.390499e-01  -1.303305e-02  -1.195764e+02
  7.9123181666021e+00   2.014934e+00   3.581630e-02   6.277549e+01   1.067644e-02   2.652484e-03   5.294571e-01   5.390226e-01  -1.183677e-02  -1.195793e+02
  7.9145160327595e+00   2.015014e+00   3.716462e-02   6.277672e+01   1.068174e-02   2.171736e-03   5.324115e-01   5.389977e-01  -1.078122e-02  -1.195817e+02
  7.9167138989169e+00   2.015097e+00   3.844019e-02   6.277771e+01   1.068612e-02   1.808710e-03   5.345000e-01   5.389750e-01  -9.857354e-03  -1.195837e+02
  7.9189117650743e+00   2.015183e+00   3.961398e-02   6.277849e+01   1.068980e-02   1.543265e-03   5.354007e-01   5.389543e-01  -9.041162e-03  -1.195852e+02
  7.9211096312317e+00   2.015271e+00   4.066710e-02   6.277909e+01   1.069298e-02   1.350832e-03   5.349661e-01   5.389352e-01  -8.297522e-03  -1.195864e+02
  7.9233074973891e+00   2.015362e+00   4.159465e-02   6.277957e+01   1.069580e-02   1.210808e-03   5.332571e-01   5.389177e-01  -7.586094e-03  -1.195872e+02
  7.9255053635465e+00   2.015454e+00   4.240486e-02   6.277999e+01   1.069835e-02   1.110872e-03   5.305145e-01   5.389019e-01  -6.868025e-03  -1.195880e+02
  7.9277032297038e+00   2.015548e+00   4.311351e-02   6.278044e+01   1.070072e-02   1.045649e-03   5.270864e-01   5.388876e-01  -6.111856e-03  -1.195888e+02
  7.9299010958612e+00   2.015643e+00   4.373594e-02   6.278096e+01   1.070298e-02   1.010835e-03   5.233430e-01   5.388751e-01  -5.297299e-03  -1.195897e+02
  7.9320989620186e+00   2.015740e+00   4.427988e-02   6.278162e+01   1.070518e-02   9.961235e-04   5.196055e-01   5.388644e-01  -4.416202e-03  -1.195908e+02
  7.9342968281760e+00   2.015838e+00   4.474236e-02   6.278241e+01   1.070736e-02   9.810540e-04   5.161045e-01   5.388558e-01  -3.470943e-03  -1.195922e+02
  7.9364946943334e+00   2.015936e+00   4.511181e-02   6.278334e+01   1.070946e-02   9.366685e-04   5.129672e-01   5.388492e-01  -2.471331e-03  -1.195939e+02
  7.9386925604908e+00   2.016036e+00   4.537416e-02   6.278439e+01   1.071141e-02   8.332033e-04   5.102305e-01   5.388449e-01  -1.431319e-03  -1.195958e+02
  7.9408904266482e+00   2.016136e+00   4.551985e-02   6.278552e+01   1.071304e-02   6.510255e-04   5.078716e-01   5.388430e-01  -3.665274e-04  -1.195978e+02
  7.9430882928056e+00   2.016236e+00   4.554882e-02   6.278669e+01   1.071418e-02   3.901672e-04   5.058503e-01   5.388433e-01   7.072213e-04  -1.196000e+02
  7.9452861589630e+00   2.016336e+00   4.547130e-02   6.278784e+01   1.071469e-02   7.406884e-05   5.041522e-01   5.388461e-01   1.774851e-03  -1.196020e+02
  7.9474840251204e+00   2.016436e+00   4.530521e-02   6.278890e+01   1.071450e-02  -2.545150e-04   5.028181e-01   5.388511e-01   2.823210e-03  -1.196040e+02
  7.9496818912777e+00   2.016535e+00   4.507190e-02   6.278975e+01   1.071362e-02  -5.441317e-04   5.019497e-01   5.388585e-01   3.842859e-03  -1.196055e+02
  7.9518797574351e+00   2.016634e+00   4.479277e-02   6.279028e+01   1.071220e-02  -7.476787e-04   5.016859e-01   5.388680e-01   4.830082e-03  -1.196064e+02
  7.9540776235925e+00   2.016732e+00   4.448818e-02   6.279039e+01   1.071046e-02  -8.329450e-04   5.021624e-01   5.388797e-01   5.788152e-03  -1.196066e+02
  7.9562754897499e+00   2.016829e+00   4.417814e-02   6.278997e+01   1.070868e-02  -7.871300e-04   5.034716e-01   5.388935e-01   6.726807e-03  -1.196057e+02
  7.9584733559073e+00   2.016926e+00   4.388323e-02   6.278901e+01   1.070714e-02  -6.147354e-04   5.056441e-01   5.389093e-01   7.659604e-03  -1.196039e+02
  7.9606712220647e+00   2.017022e+00   4.362421e-02   6.278749e+01   1.070610e-02  -3.310989e-04   5.086593e-01   5.389271e-01   8.599841e-03  -1.196010e+02
  7.9628690882221e+00   2.017118e+00   4.341978e-02   6.278548e+01   1.070579e-02   4.470392e-05   5.124735e-01   5.389471e-01   9.556559e-03  -1.195972e+02
  7.9650669543795e+00   2.017213e+00   4.328354e-02   6.278305e+01   1.070638e-02   4.944045e-04   5.170481e-01   5.389692e-01   1.053220e-02  -1.195926e+02
  7.9672648205369e+00   2.017308e+00   4.322196e-02   6.278032e+01   1.070802e-02   1.001367e-03   5.223561e-01   5.389934e-01   1.152264e-02  -1.195874e+02
  7.9694626866942e+00   2.017404e+00   4.323472e-02   6.277734e+01   1.071083e-02   1.548813e-03   5.283639e-01   5.390198e-01   1.251899e-02  -1.195818e+02
  7.9716605528516e+00   2.017499e+00   4.331742e-02   6.277418e+01   1.071486e-02   2.117861e-03   5.349992e-01   5.390484e-01   1.350960e-02  -1.195759e+02
  7.9738584190090e+00   2.017594e+00   4.346514e-02   6.277085e+01   1.072014e-02   2.687513e-03   5.421271e-01   5.390792e-01   1.448074e-02  -1.195696e+02
  7.9760562851664e+00   2.017690e+00   4.367472e-02   6.276736e+01   1.072665e-02   3.237233e-03   5.495539e-01   5.391120e-01   1.541530e-02  -1.195631e+02
  7.9782541513238e+00   2.017786e+00   4.394431e-02   6.276366e+01   1.073433e-02   3.750967e-03   5.570611e-01   5.391469e-01   1.629078e-02  -1.195562e+02
  7.9804520174812e+00   2.017883e+00   4.427030e-02   6.275975e+01   1.074309e-02   4.220343e-03   5.644544e-01   5.391836e-01   1.707843e-02  -1.195488e+02
  7.9826498836386e+00   2.017981e+00   4.464344e-02   6.275561e+01   1.075283e-02   4.645158e-03   5.716041e-01   5.392218e-01   1.774575e-02  -1.195411e+02
  7.9848477497960e+00   2.018080e+00   4.504637e-02   6.275127e+01   1.076346e-02   5.030614e-03   5.784581e-01   5.392614e-01   1.826256e-02  -1.195329e+02
  7.9870456159534e+00   2.018179e+00   4.545447e-02   6.274679e+01   1.077490e-02   5.382401e-03   5.850233e-01   5.393019e-01   1.860909e-02  -1.195245e+02
  7.9892434821108e+00   2.018279e+00   4.583979e-02   6.274222e+01   1.078709e-02   5.701682e-03   5.913287e-01   5.393430e-01   1.878262e-02  -1.195159e+02
  7.9914413482681e+00   2.018380e+00   4.617680e-02   6.273762e+01   1.079992e-02   5.982019e-03   5.973863e-01   5.393843e-01   1.879961e-02  -1.195073e+02
  7.9936392144255e+00   2.018482e+00   4.644737e-02   6.273302e+01   1.081332e-02   6.209262e-03   6.031690e-01   5.394255e-01   1.869160e-02  -1.194986e+02
  7.9958370805829e+00   2.018584e+00   4.664323e-02   6.272842e+01   1.082714e-02   6.364103e-03   6.086072e-01   5.394664e-01   1.849619e-02  -1.194900e+02
  7.9980349467403e+00   2.018687e+00   4.676542e-02   6.272382e+01   1.084119e-02   6.425940e-03   6.136013e-01   5.395067e-01   1.824623e-02  -1.194813e+02
  8.0002328128977e+00   2.018790e+00   4.682159e-02   6.271922e+01   1.085526e-02   6.376470e-03   6.180370e-01   5.395465e-01   1.796145e-02  -1.194726e+02
  8.0024306790551e+00   2.018893e+00   4.682299e-02   6.271465e+01   1.086909e-02   6.201946e-03   6.217965e-01   5.395856e-01   1.764525e-02  -1.194640e+02
  8.0046285452125e+00   2.018996e+00   4.678236e-02   6.271015e+01   1.088238e-02   5.894017e-03   6.247622e-01   5.396240e-01   1.728724e-02  -1.194555e+02
  8.0068264113699e+00   2.019099e+00   4.671310e-02   6.270578e+01   1.089484e-02   5.449912e-03   6.268182e-01   5.396616e-01   1.686964e-02  -1.194472e+02
  8.0090242775273e+00   2.019201e+00   4.662890e-02   6.270161e+01   1.090619e-02   4.872919e-03   6.278574e-01   5.396981e-01   1.637468e-02  -1.194393e+02
  8.0112221436846e+00   2.019303e+00   4.654283e-02   6.269769e+01   1.091613e-02   4.173676e-03   6.277978e-01   5.397335e-01   1.579010e-02  -1.194319e+02
  8.0134200098420e+00   2.019406e+00   4.646504e-02   6.269404e+01   1.092442e-02   3.371907e-03   6.266075e-01   5.397674e-01   1.511139e-02  -1.194249e+02
  8.0156178759994e+00   2.019508e+00   4.639969e-02   6.269067e+01   1.093087e-02   2.497613e-03   6.243298e-01   5.397998e-01   1.434114e-02  -1.194185e+02
  8.0178157421568e+00   2.019609e+00   4.634226e-02   6.268759e+01   1.093537e-02   1.590480e-03   6.210998e-01   5.398304e-01   1.348666e-02  -1.194125e+02
  8.0200136083142e+00   2.019711e+00   4.627857e-02   6.268477e+01   1.093788e-02   6.968519e-04   6.171405e-01   5.398590e-01   1.255743e-02  -1.194071e+02
  8.0222114744716e+00   2.019813e+00   4.618634e-02   6.268222e+01   1.093850e-02  -1.354170e-04   6.127356e-01   5.398855e-01   1.156322e-02  -1.194021e+02
  8.0244093406290e+00   2.019914e+00   4.603876e-02   6.267993e+01   1.093740e-02  -8.629139e-04   6.081838e-01   5.399098e-01   1.051306e-02  -1.193977e+02
  8.0266072067864e+00   2.020015e+00   4.580854e-02   6.267789e+01   1.093486e-02  -1.451722e-03   6.037463e-01   5.399317e-01   9.414659e-03  -1.193937e+02
  8.0288050729438e+00   2.020115e+00   4.547080e-02   6.267612e+01   1.093119e-02  -1.880236e-03   5.996047e-01   5.399511e-01   8.273987e-03  -1.193902e+02
  8.0310029391012e+00   2.020215e+00   4.500394e-02   6.267461e+01   1.092678e-02  -2.139390e-03   5.958433e-01   5.399680e-01   7.094967e-03  -1.193873e+02
  8.0332008052585e+00   2.020313e+00   4.438867e-02   6.267336e+01   1.092197e-02  -2.230986e-03   5.924614e-01   5.399822e-01   5.879525e-03  -1.193848e+02
  8.0353986714159e+00   2.020410e+00   4.360668e-02   6.267234e+01   1.091714e-02  -2.165383e-03   5.894078e-01   5.399938e-01   4.628480e-03  -1.193828e+02
  8.0375965375733e+00   2.020505e+00   4.264070e-02   6.267154e+01   1.091261e-02  -1.959573e-03   5.866217e-01   5.400025e-01   3.343439e-03  -1.193811e+02
  8.0397944037307e+00   2.020597e+00   4.147746e-02   6.267093e+01   1.090866e-02  -1.635791e-03   5.840654e-01   5.400084e-01   2.029386e-03  -1.193799e+02
  8.0419922698881e+00   2.020687e+00   4.011212e-02   6.267051e+01   1.090552e-02  -1.220712e-03   5.817343e-01   5.400114e-01   6.970182e-04  -1.193790e+02
  8.0441901360455e+00   2.020773e+00   3.855200e-02   6.267027e+01   1.090336e-02  -7.446068e-04   5.796452e-01   5.400115e-01  -6.362977e-04  -1.193785e+02
  8.0463880022029e+00   2.020856e+00   3.681885e-02   6.267024e+01   1.090228e-02  -2.394642e-04   5.778130e-01   5.400086e-01  -1.947627e-03  -1.193784e+02
  8.0485858683603e+00   2.020935e+00   3.494811e-02   6.267043e+01   1.090231e-02   2.639859e-04   5.762326e-01   5.400029e-01  -3.211644e-03  -1.193787e+02
  8.0507837345177e+00   2.021010e+00   3.298463e-02   6.267085e+01   1.090341e-02   7.396956e-04   5.748736e-01   5.399946e-01  -4.405115e-03  -1.193794e+02
  8.0529816006750e+00   2.021080e+00   3.097565e-02   6.267147e+01   1.090551e-02   1.169182e-03   5.736904e-01   5.399837e-01  -5.511359e-03  -1.193806e+02
  8.0551794668324e+00   2.021146e+00   2.896322e-02   6.267223e+01   1.090849e-02   1.542960e-03   5.726405e-01   5.399705e-01  -6.523320e-03  -1.193820e+02
  8.0573773329898e+00   2.021207e+00   2.697799e-02   6.267309e+01   1.091222e-02   1.860086e-03   5.716978e-01   5.399551e-01  -7.444428e-03  -1.193836e+02
  8.0595751991472e+00   2.021265e+00   2.503640e-02   6.267398e+01   1.091660e-02   2.126008e-03   5.708556e-01   5.399378e-01  -8.287253e-03  -1.193853e+02
  8.0617730653046e+00   2.021317e+00   2.314174e-02   6.267488e+01   1.092152e-02   2.349488e-03   5.701184e-01   5.399187e-01  -9.070696e-03  -1.193870e+02
  8.0639709314620e+00   2.021366e+00   2.128878e-02   6.267577e+01   1.092690e-02   2.539695e-03   5.694942e-01   5.398980e-01  -9.816705e-03  -1.193887e+02
  8.0661687976194e+00   2.021411e+00   1.946989e-02   6.267669e+01   1.093266e-02   2.704135e-03   5.689916e-01   5.398756e-01  -1.054735e-02  -1.193904e+02
  8.0683666637768e+00   2.021452e+00   1.768030e-02   6.267765e+01   1.093876e-02   2.847633e-03   5.686275e-01   5.398517e-01  -1.128259e-02  -1.193922e+02
  8.0705645299342e+00   2.021489e+00   1.592098e-02   6.267868e+01   1.094516e-02   2.972411e-03   5.684374e-01   5.398260e-01  -1.203851e-02  -1.193942e+02
  8.0727623960916e+00   2.021522e+00   1.419940e-02   6.267978e+01   1.095180e-02   3.078873e-03   5.684782e-01   5.397987e-01  -1.282567e-02  -1.193963e+02
  8.0749602622489e+00   2.021551e+00   1.253368e-02   6.267961e+01   1.095867e-02   3.166540e-03   5.687937e-01   5.397696e-01  -1.364747e-02  -1.193985e+02
  8.0771581284063e+00   2.021577e+00   1.104316e-02   6.267332e+01   1.096570e-02   3.235608e-03   5.693862e-01   5.397387e-01  -1.449979e-02  -1.194008e+02
  8.0793559945637e+00   2.021600e+00   9.871179e-03   6.266356e+01   1.097287e-02   3.283703e-03   5.702850e-01   5.397059e-01  -1.538299e-02  -1.194030e+02
  8.0815538607211e+00   2.021621e+00   9.118111e-03   6.265388e+01   1.098011e-02   3.306979e-03   5.714128e-01   5.396711e-01  -1.628887e-02  -1.194050e+02
  8.0837517268785e+00   2.021641e+00   8.797091e-03   6.264412e+01   1.098738e-02   3.304458e-03   5.726625e-01   5.396343e-01  -1.717822e-02  -1.194069e+02
  8.0859495930359e+00   2.021660e+00   8.844354e-03   6.263428e+01   1.099461e-02   3.281178e-03   5.739474e-01   5.395956e-01  -1.800398e-02  -1.194085e+02
  8.0881474591933e+00   2.021680e+00   9.245669e-03   6.262455e+01   1.100178e-02   3.243496e-03   5.751728e-01   5.395553e-01  -1.871686e-02  -1.194100e+02
  8.0903453253507e+00   2.021701e+00   9.927716e-03   6.261522e+01   1.100885e-02   3.190661e-03   5.761909e-01   5.395135e-01  -1.928620e-02  -1.194113e+02
  8.0925431915081e+00   2.021724e+00   1.082799e-02   6.260658e+01   1.101579e-02   3.118222e-03   5.768222e-01   5.394706e-01  -1.970911e-02  -1.194125e+02
  8.0947410576654e+00   2.021749e+00   1.189031e-02   6.259880e+01   1.102254e-02   3.024023e-03   5.769081e-01   5.394270e-01  -2.001353e-02  -1.194133e+02
  8.0969389238228e+00   2.021776e+00   1.305459e-02   6.259189e+01   1.102906e-02   2.912754e-03   5.763530e-01   5.393828e-01  -2.025499e-02  -1.194137e+02
  8.0991367899802e+00   2.021806e+00   1.425316e-02   6.258568e+01   1.103534e-02   2.797502e-03   5.751429e-01   5.393379e-01  -2.050676e-02  -1.194135e+02
  8.1013346561376e+00   2.021839e+00   1.541223e-02   6.257995e+01   1.104137e-02   2.697704e-03   5.733443e-01   5.392925e-01  -2.084372e-02  -1.194127e+02
  8.1035325222950e+00   2.021874e+00   1.645624e-02   6.257454e+01   1.104723e-02   2.634291e-03   5.710884e-01   5.392462e-01  -2.132341e-02  -1.194119e+02
  8.1057303884524e+00   2.021911e+00   1.731380e-02   6.256937e+01   1.105301e-02   2.623880e-03   5.685422e-01   5.391986e-01  -2.196972e-02  -1.194113e+02
  8.1079282546098e+00   2.021950e+00   1.792418e-02   6.256446e+01   1.105883e-02   2.674004e-03   5.658778e-01   5.391495e-01  -2.276513e-02  -1.194117e+02
  8.1101261207672e+00   2.021990e+00   1.824336e-02   6.255985e+01   1.106483e-02   2.780808e-03   5.632423e-01   5.390984e-01  -2.365466e-02  -1.194133e+02
  8.1123239869246e+00   2.022030e+00   1.824872e-02   6.255556e+01   1.107110e-02   2.929690e-03   5.607389e-01   5.390455e-01  -2.456072e-02  -1.194163e+02
  8.1145218530820e+00   2.022070e+00   1.794139e-02   6.255154e+01   1.107773e-02   3.098370e-03   5.584248e-01   5.389906e-01  -2.540420e-02  -1.194204e+02
  8.1167197192393e+00   2.022109e+00   1.734613e-02   6.254774e+01   1.108472e-02   3.261363e-03   5.563257e-01   5.389339e-01  -2.612473e-02  -1.194251e+02
  8.1189175853967e+00   2.022146e+00   1.650799e-02   6.254405e+01   1.109203e-02   3.394802e-03   5.544578e-01   5.388759e-01  -2.669360e-02  -1.194299e+02
  8.1211154515541e+00   2.022181e+00   1.548400e-02   6.254037e+01   1.109959e-02   3.481340e-03   5.528479e-01   5.388168e-01  -2.711567e-02  -1.194346e+02
  8.1233133177115e+00   2.022213e+00   1.433550e-02   6.253661e+01   1.110728e-02   3.513600e-03   5.515338e-01   5.387568e-01  -2.742051e-02  -1.194391e+02
  8.1255111838689e+00   2.022244e+00   1.313308e-02   6.253134e+01   1.111498e-02   3.495828e-03   5.505384e-01   5.386963e-01  -2.764719e-02  -1.194436e+02
  8.1277090500263e+00   2.022271e+00   1.205612e-02   6.252135e+01   1.112261e-02   3.443765e-03   5.498391e-01   5.386354e-01  -2.782431e-02  -1.194486e+02
  8.1299069161837e+00   2.022297e+00   1.117925e-02   6.251135e+01   1.113011e-02   3.380631e-03   5.494425e-01   5.385740e-01  -2.796065e-02  -1.194544e+02
  8.1321047823411e+00   2.022321e+00   1.050566e-02   6.250128e+01   1.113748e-02   3.333654e-03   5.492837e-01   5.385125e-01  -2.805183e-02  -1.194612e+02
  8.1343026484985e+00   2.022343e+00   1.002481e-02   6.249113e+01   1.114481e-02   3.328719e-03   5.492819e-01   5.384508e-01  -2.808027e-02  -1.194688e+02
  8.1365005146558e+00   2.022365e+00   9.721438e-03   6.248100e+01   1.115218e-02   3.384537e-03   5.493497e-01   5.383891e-01  -2.801862e-02  -1.194770e+02
  8.1386983808132e+00   2.022386e+00   9.581177e-03   6.247110e+01   1.115976e-02   3.509698e-03   5.494016e-01   5.383278e-01  -2.783679e-02  -1.194852e+02
  8.1408962469706e+00   2.022407e+00   9.591259e-03   6.246167e+01   1.116769e-02   3.703774e-03   5.493668e-01   5.382670e-01  -2.751042e-02  -1.194931e+02
  8.1430941131280e+00   2.022429e+00   9.737563e-03   6.245288e+01   1.117611e-02   3.961474e-03   5.492075e-01   5.382070e-01  -2.702791e-02  -1.195004e+02
  8.1452919792854e+00   2.022450e+00   1.000080e-02   6.244482e+01   1.118516e-02   4.277377e-03   5.489355e-01   5.381483e-01  -2.639445e-02  -1.195070e+02
  8.1474898454428e+00   2.022473e+00   1.035432e-02   6.243745e+01   1.119497e-02   4.648606e-03   5.486194e-01   5.380911e-01  -2.563233e-02  -1.195129e+02
  8.1496877116002e+00   2.022496e+00   1.076482e-02   6.243066e+01   1.120566e-02   5.073957e-03   5.483744e-01   5.380358e-01  -2.477788e-02  -1.195179e+02
  8.1518855777576e+00   2.022520e+00   1.119596e-02   6.242427e+01   1.121733e-02   5.549903e-03   5.483345e-01   5.379823e-01  -2.387582e-02  -1.195221e+02
  8.1540834439150e+00   2.022545e+00   1.161367e-02   6.241816e+01   1.123010e-02   6.065579e-03   5.486174e-01   5.379308e-01  -2.297236e-02  -1.195253e+02
  8.1562813100724e+00   2.022571e+00   1.199128e-02   6.241222e+01   1.124402e-02   6.599588e-03   5.492900e-01   5.378813e-01  -2.210828e-02  -1.195273e+02
  8.1584791762297e+00   2.022598e+00   1.231298e-02   6.240636e+01   1.125909e-02   7.120923e-03   5.503478e-01   5.378335e-01  -2.131342e-02  -1.195283e+02
  8.1606770423871e+00   2.022625e+00   1.257456e-02   6.240052e+01   1.127527e-02   7.594685e-03   5.517113e-01   5.377874e-01  -2.060344e-02  -1.195282e+02
  8.1628749085445e+00   2.022653e+00   1.278151e-02   6.239466e+01   1.129239e-02   7.991182e-03   5.532398e-01   5.377429e-01  -1.997932e-02  -1.195275e+02
  8.1650727747019e+00   2.022681e+00   1.294564e-02   6.238878e+01   1.131029e-02   8.295244e-03   5.547604e-01   5.376995e-01  -1.942912e-02  -1.195263e+02
  8.1672706408593e+00   2.022710e+00   1.308151e-02   6.238289e+01   1.132876e-02   8.511986e-03   5.561031e-01   5.376574e-01  -1.893115e-02  -1.195251e+02
  8.1694685070167e+00   2.022739e+00   1.320372e-02   6.237708e+01   1.134764e-02   8.666230e-03   5.571355e-01   5.376163e-01  -1.845789e-02  -1.195243e+02
  8.1716663731741e+00   2.022768e+00   1.332520e-02   6.237148e+01   1.136683e-02   8.795073e-03   5.577883e-01   5.375763e-01  -1.797983e-02  -1.195241e+02
  8.1738642393315e+00   2.022797e+00   1.345614e-02   6.236626e+01   1.138631e-02   8.935765e-03   5.580611e-01   5.375373e-01  -1.746934e-02  -1.195245e+02
  8.1760621054889e+00   2.022827e+00   1.360306e-02   6.236160e+01   1.140615e-02   9.113192e-03   5.580094e-01   5.374995e-01  -1.690419e-02  -1.195255e+02
  8.1782599716462e+00   2.022857e+00   1.376804e-02   6.235766e+01   1.142642e-02   9.331493e-03   5.577136e-01   5.374630e-01  -1.627075e-02  -1.195268e+02
  8.1804578378036e+00   2.022887e+00   1.394820e-02   6.235453e+01   1.144719e-02   9.572781e-03   5.572424e-01   5.374280e-01  -1.556622e-02  -1.195283e+02
  8.1826557039610e+00   2.022918e+00   1.413612e-02   6.235224e+01   1.146848e-02   9.803254e-03   5.566202e-01   5.373946e-01  -1.479938e-02  -1.195297e+02
  8.1848535701184e+00   2.022949e+00   1.432156e-02   6.235074e+01   1.149023e-02   9.984369e-03   5.558134e-01   5.373630e-01  -1.398921e-02  -1.195309e+02
  8.1870514362758e+00   2.022981e+00   1.449417e-02   6.234990e+01   1.151228e-02   1.008498e-02   5.547377e-01   5.373331e-01  -1.316151e-02  -1.195320e+02
  8.1892493024332e+00   2.023013e+00   1.464605e-02   6.234964e+01   1.153445e-02   1.009030e-02   5.532852e-01   5.373051e-01  -1.234383e-02  -1.195331e+02
  8.1914471685906e+00   2.023046e+00   1.477318e-02   6.234986e+01   1.155654e-02   1.000501e-02   5.513598e-01   5.372788e-01  -1.156009e-02  -1.195342e+02
  8.1936450347480e+00   2.023078e+00   1.487526e-02   6.235059e+01   1.157836e-02   9.850251e-03   5.489084e-01   5.372542e-01  -1.082614e-02  -1.195357e+02
  8.1958429009054e+00   2.023111e+00   1.495433e-02   6.235189e+01   1.159979e-02   9.656463e-03   5.459380e-01   5.372311e-01  -1.014729e-02  -1.195375e+02
  8.1980407670628e+00   2.023144e+00   1.501320e-02   6.235381e+01   1.162080e-02   9.455316e-03   5.425160e-01   5.372095e-01  -9.518318e-03  -1.195398e+02
  8.2002386332201e+00   2.023177e+00   1.505423e-02   6.235639e+01   1.164138e-02   9.273577e-03   5.387559e-01   5.371892e-01  -8.925720e-03  -1.195425e+02
  8.2024364993775e+00   2.023210e+00   1.507855e-02   6.235955e+01   1.166160e-02   9.130535e-03   5.347971e-01   5.371702e-01  -8.351273e-03  -1.195455e+02
  8.2046343655349e+00   2.023243e+00   1.508508e-02   6.236316e+01   1.168157e-02   9.038583e-03   5.307887e-01   5.371525e-01  -7.775720e-03  -1.195488e+02
  8.2068322316923e+00   2.023276e+00   1.506933e-02   6.236702e+01   1.170140e-02   9.005224e-03   5.268798e-01   5.371361e-01  -7.181670e-03  -1.195521e+02
  8.2090300978497e+00   2.023309e+00   1.502224e-02   6.237094e+01   1.172122e-02   9.034474e-03   5.232149e-01   5.371210e-01  -6.555209e-03  -1.195556e+02
  8.2112279640071e+00   2.023342e+00   1.493042e-02   6.237478e+01   1.174118e-02   9.126619e-03   5.199276e-01   5.371073e-01  -5.886341e-03  -1.195592e+02
  8.2134258301645e+00   2.023375e+00   1.477859e-02   6.237843e+01   1.176140e-02   9.276768e-03   5.171273e-01   5.370952e-01  -5.168792e-03  -1.195630e+02
  8.2156236963219e+00   2.023407e+00   1.455420e-02   6.238184e+01   1.178201e-02   9.473785e-03   5.148818e-01   5.370847e-01  -4.399824e-03  -1.195667e+02
  8.2178215624793e+00   2.023439e+00   1.425264e-02   6.238500e+01   1.180308e-02   9.701239e-03   5.132008e-01   5.370759e-01  -3.580466e-03  -1.195703e+02
  8.2200194286366e+00   2.023470e+00   1.388062e-02   6.238792e+01   1.182467e-02   9.940958e-03   5.120339e-01   5.370690e-01  -2.716079e-03  -1.195738e+02
  8.2222172947940e+00   2.023500e+00   1.345602e-02   6.239068e+01   1.184678e-02   1.017814e-02   5.112841e-01   5.370640e-01  -1.816703e-03  -1.195768e+02
  8.2244151609514e+00   2.023529e+00   1.300401e-02   6.239341e+01   1.186940e-02   1.040587e-02   5.108343e-01   5.370610e-01  -8.963929e-04  -1.195793e+02
  8.2266130271088e+00   2.023557e+00   1.255128e-02   6.239628e+01   1.189251e-02   1.062692e-02   5.105777e-01   5.370601e-01   2.893276e-05  -1.195813e+02
  8.2288108932662e+00   2.023584e+00   1.212105e-02   6.239946e+01   1.191611e-02   1.085176e-02   5.104373e-01   5.370612e-01   9.449151e-04  -1.195828e+02
  8.2310087594236e+00   2.023611e+00   1.173090e-02   6.240308e+01   1.194023e-02   1.109353e-02   5.103729e-01   5.370642e-01   1.842405e-03  -1.195839e+02
  8.2332066255810e+00   2.023636e+00   1.139380e-02   6.240721e+01   1.196491e-02   1.136206e-02   5.103781e-01   5.370692e-01   2.719872e-03  -1.195848e+02
  8.2354044917384e+00   2.023661e+00   1.112091e-02   6.241182e+01   1.199021e-02   1.165935e-02   5.104739e-01   5.370761e-01   3.583433e-03  -1.195856e+02
  8.2376023578958e+00   2.023685e+00   1.092362e-02   6.241679e+01   1.201618e-02   1.197806e-02   5.107040e-01   5.370849e-01   4.444355e-03  -1.195862e+02
  8.2398002240532e+00   2.023709e+00   1.081320e-02   6.242198e+01   1.204287e-02   1.230343e-02   5.111323e-01   5.370957e-01   5.315095e-03  -1.195868e+02
  8.2419980902105e+00   2.023733e+00   1.079801e-02   6.242725e+01   1.207025e-02   1.261737e-02   5.118370e-01   5.371083e-01   6.205617e-03  -1.195873e+02
  8.2441959563679e+00   2.023757e+00   1.087999e-02   6.243252e+01   1.209830e-02   1.290321e-02   5.128963e-01   5.371230e-01   7.121477e-03  -1.195877e+02
  8.2463938225253e+00   2.023781e+00   1.105265e-02   6.243777e+01   1.212693e-02   1.314934e-02   5.143684e-01   5.371397e-01   8.064147e-03  -1.195882e+02
  8.2485916886827e+00   2.023805e+00   1.130229e-02   6.244301e+01   1.215605e-02   1.335105e-02   5.162713e-01   5.371584e-01   9.032807e-03  -1.195887e+02
  8.2507895548401e+00   2.023831e+00   1.161199e-02   6.244829e+01   1.218557e-02   1.351023e-02   5.185727e-01   5.371794e-01   1.002621e-02  -1.195893e+02
  8.2529874209975e+00   2.023857e+00   1.196672e-02   6.245364e+01   1.221540e-02   1.363361e-02   5.211927e-01   5.372025e-01   1.104344e-02  -1.195900e+02
  8.2551852871549e+00   2.023883e+00   1.235679e-02   6.245910e+01   1.224547e-02   1.373001e-02   5.240185e-01   5.372279e-01   1.208325e-02  -1.195909e+02
  8.2573831533123e+00   2.023911e+00   1.277827e-02   6.246467e+01   1.227573e-02   1.380765e-02   5.269234e-01   5.372556e-01   1.314268e-02  -1.195919e+02
  8.2595810194697e+00   2.023940e+00   1.323053e-02   6.247035e+01   1.230615e-02   1.387198e-02   5.297830e-01   5.372856e-01   1.421595e-02  -1.195929e+02
  8.2617788856270e+00   2.023969e+00   1.371252e-02   6.247614e+01   1.233670e-02   1.392455e-02   5.324860e-01   5.373181e-01   1.529452e-02  -1.195939e+02
  8.2639767517844e+00   2.024000e+00   1.421991e-02   6.248202e+01   1.236734e-02   1.396297e-02   5.349391e-01   5.373529e-01   1.636836e-02  -1.195950e+02
  8.2661746179418e+00   2.024032e+00   1.474502e-02   6.248796e+01   1.239805e-02   1.398230e-02   5.370714e-01   5.373900e-01   1.742791e-02  -1.195961e+02
  8.2683724840992e+00   2.024065e+00   1.527889e-02   6.249391e+01   1.242878e-02   1.397741e-02   5.388373e-01   5.374295e-01   1.846593e-02  -1.195971e+02
  8.2705703502566e+00   2.024099e+00   1.581370e-02   6.249978e+01   1.245947e-02   1.394548e-02   5.402182e-01   5.374712e-01   1.947847e-02  -1.195980e+02
  8.2727682164140e+00   2.024134e+00   1.634395e-02   6.250549e+01   1.249005e-02   1.388802e-02   5.412189e-01   5.375150e-01   2.046473e-02  -1.195988e+02
  8.2749660825714e+00   2.024171e+00   1.686569e-02   6.251099e+01   1.252049e-02   1.381176e-02   5.418578e-01   5.375611e-01   2.142595e-02  -1.195995e+02
  8.2771639487288e+00   2.024208e+00   1.737431e-02   6.251621e+01   1.255076e-02   1.372798e-02   5.421543e-01   5.376092e-01   2.236397e-02  -1.196000e+02
  8.2793618148862e+00   2.024247e+00   1.786241e-02   6.252111e+01   1.258084e-02   1.365046e-02   5.421178e-01   5.376593e-01   2.327993e-02  -1.196007e+02
  8.2815596810436e+00   2.024287e+00   1.831897e-02   6.252567e+01   1.261078e-02   1.359248e-02   5.417418e-01   5.377115e-01   2.417388e-02  -1.196015e+02
  8.2837575472009e+00   2.024328e+00   1.873045e-02   6.252984e+01   1.264063e-02   1.356378e-02   5.410080e-01   5.377656e-01   2.504545e-02  -1.196026e+02
  8.2859554133583e+00   2.024369e+00   1.908324e-02   6.253363e+01   1.267044e-02   1.356848e-02   5.398942e-01   5.378215e-01   2.589547e-02  -1.196040e+02
  8.2881532795157e+00   2.024411e+00   1.936645e-02   6.253701e+01   1.270030e-02   1.360479e-02   5.383852e-01   5.378793e-01   2.672794e-02  -1.196057e+02
  8.2903511456731e+00   2.024454e+00   1.957435e-02   6.254000e+01   1.273027e-02   1.366670e-02   5.364792e-01   5.379390e-01   2.755130e-02  -1.196077e+02
  8.2925490118305e+00   2.024497e+00   1.970761e-02   6.254262e+01   1.276040e-02   1.374729e-02   5.341899e-01   5.380005e-01   2.837841e-02  -1.196099e+02
  8.2947468779879e+00   2.024540e+00   1.977380e-02   6.254487e+01   1.279072e-02   1.384269e-02   5.315458e-01   5.380638e-01   2.922502e-02  -1.196123e+02
  8.2969447441453e+00   2.024584e+00   1.978756e-02   6.254680e+01   1.282127e-02   1.395539e-02   5.285906e-01   5.381290e-01   3.010721e-02  -1.196150e+02
  8.2991426103027e+00   2.024627e+00   1.976920e-02   6.254847e+01   1.285209e-02   1.409519e-02   5.253873e-01   5.381961e-01   3.103860e-02  -1.196179e+02
  8.3013404764601e+00   2.024671e+00   1.974134e-02   6.254997e+01   1.288327e-02   1.427682e-02   5.220169e-01   5.382655e-01   3.202837e-02  -1.196210e+02
  8.3035383426174e+00   2.024714e+00   1.972503e-02   6.255143e+01   1.291491e-02   1.451515e-02   5.185729e-01   5.383370e-01   3.308066e-02  -1.196242e+02
  8.3057362087748e+00   2.024757e+00   1.973576e-02   6.255302e+01   1.294715e-02   1.481946e-02   5.151418e-01   5.384109e-01   3.419561e-02  -1.196275e+02
  8.3079340749322e+00   2.024801e+00   1.978067e-02   6.255494e+01   1.298013e-02   1.518887e-02   5.117774e-01   5.384874e-01   3.537146e-02  -1.196309e+02
  8.3101319410896e+00   2.024844e+00   1.985758e-02   6.255733e+01   1.301397e-02   1.561082e-02   5.084761e-01   5.385665e-01   3.660665e-02  -1.196344e+02
  8.3123298072470e+00   2.024888e+00   1.995668e-02   6.256030e+01   1.304878e-02   1.606304e-02   5.051706e-01   5.386484e-01   3.790118e-02  -1.196380e+02
  8.3145276734044e+00   2.024932e+00   2.006424e-02   6.256389e+01   1.308459e-02   1.651861e-02   5.017489e-01   5.387332e-01   3.925650e-02  -1.196418e+02
  8.3167255395618e+00   2.024976e+00   2.016747e-02   6.256807e+01   1.312137e-02   1.695208e-02   4.980946e-01   5.388210e-01   4.067406e-02  -1.196457e+02
  8.3189234057192e+00   2.025021e+00   2.025912e-02   6.257278e+01   1.315906e-02   1.734535e-02   4.941374e-01   5.389121e-01   4.215305e-02  -1.196497e+02
  8.3211212718766e+00   2.025065e+00   2.033832e-02   6.257796e+01   1.319756e-02   1.769035e-02   4.898826e-01   5.390064e-01   4.368825e-02  -1.196536e+02
  8.3233191380340e+00   2.025110e+00   2.040718e-02   6.258355e+01   1.323677e-02   1.798765e-02   4.853995e-01   5.391042e-01   4.526939e-02  -1.196573e+02
  8.3255170041913e+00   2.025155e+00   2.046791e-02   6.258949e+01   1.327658e-02   1.824306e-02   4.807817e-01   5.392054e-01   4.688292e-02  -1.196606e+02
  8.3277148703487e+00   2.025200e+00   2.056106e-02   6.259233e+01   1.331692e-02   1.846419e-02   4.760813e-01   5.393103e-01   4.851724e-02  -1.196637e+02
  8.3299127365061e+00   2.025245e+00   2.076634e-02   6.259389e+01   1.335772e-02   1.865770e-02   4.713283e-01   5.394188e-01   5.017142e-02  -1.196665e+02
  8.3321106026635e+00   2.025291e+00   2.106346e-02   6.259543e+01   1.339891e-02   1.882735e-02   4.664919e-01   5.395309e-01   5.185241e-02  -1.196691e+02
  8.3343084688209e+00   2.025338e+00   2.141417e-02   6.259708e+01   1.344045e-02   1.897383e-02   4.614966e-01   5.396467e-01   5.357134e-02  -1.196718e+02
  8.3365063349783e+00   2.025385e+00   2.177747e-02   6.259890e+01   1.348229e-02   1.909476e-02   4.562594e-01   5.397664e-01   5.534270e-02  -1.196744e+02
  8.3387042011357e+00   2.025434e+00   2.211947e-02   6.260089e+01   1.352435e-02   1.918531e-02   4.507208e-01   5.398901e-01   5.717967e-02  -1.196769e+02
  8.3409020672931e+00   2.025482e+00   2.241789e-02   6.260303e+01   1.356658e-02   1.923984e-02   4.448664e-01   5.400179e-01   5.908744e-02  -1.196792e+02
  8.3430999334505e+00   2.025532e+00   2.266134e-02   6.260520e+01   1.360888e-02   1.925411e-02   4.387315e-01   5.401499e-01   6.105743e-02  -1.196810e+02
  8.3452977996078e+00   2.025582e+00   2.284621e-02   6.260735e+01   1.365117e-02   1.922741e-02   4.323916e-01   5.402863e-01   6.306551e-02  -1.196823e+02
  8.3474956657652e+00   2.025632e+00   2.297373e-02   6.260944e+01   1.369336e-02   1.916408e-02   4.259447e-01   5.404271e-01   6.507561e-02  -1.196830e+02
  8.3496935319226e+00   2.025683e+00   2.304849e-02   6.261152e+01   1.373538e-02   1.907366e-02   4.194914e-01   5.405723e-01   6.704754e-02  -1.196831e+02
  8.3518913980800e+00   2.025734e+00   2.307840e-02   6.261365e+01   1.377719e-02   1.896958e-02   4.131189e-01   5.407218e-01   6.894626e-02  -1.196830e+02
  8.3540892642374e+00   2.025784e+00   2.307457e-02   6.261598e+01   1.381877e-02   1.886663e-02   4.068896e-01   5.408753e-01   7.074918e-02  -1.196828e+02
  8.3562871303948e+00   2.025835e+00   2.305002e-02   6.261863e+01   1.386014e-02   1.877754e-02   4.008327e-01   5.410327e-01   7.244939e-02  -1.196828e+02
  8.3584849965522e+00   2.025886e+00   2.301679e-02   6.262172e+01   1.390133e-02   1.870989e-02   3.949409e-01   5.411937e-01   7.405384e-02  -1.196828e+02
  8.3606828627096e+00   2.025936e+00   2.298279e-02   6.262528e+01   1.394240e-02   1.866423e-02   3.891733e-01   5.413581e-01   7.557799e-02  -1.196830e+02
  8.3628807288670e+00   2.025987e+00   2.294962e-02   6.262934e+01   1.398339e-02   1.863441e-02   3.834692e-01   5.415258e-01   7.703909e-02  -1.196831e+02
  8.3650785950244e+00   2.026037e+00   2.291297e-02   6.263384e+01   1.402432e-02   1.861018e-02   3.777666e-01   5.416967e-01   7.845040e-02  -1.196829e+02
  8.3672764611817e+00   2.026088e+00   2.286541e-02   6.263874e+01   1.406519e-02   1.858122e-02   3.720221e-01   5.418707e-01   7.981775e-02  -1.196823e+02
  8.3694743273391e+00   2.026138e+00   2.280056e-02   6.264397e+01   1.410599e-02   1.854095e-02   3.662218e-01   5.420476e-01   8.113879e-02  -1.196812e+02
  8.3716721934965e+00   2.026188e+00   2.271689e-02   6.264949e+01   1.414668e-02   1.848842e-02   3.603764e-01   5.422273e-01   8.240385e-02  -1.196793e+02
  8.3738700596539e+00   2.026237e+00   2.261918e-02   6.265527e+01   1.418725e-02   1.842829e-02   3.545166e-01   5.424097e-01   8.359835e-02  -1.196769e+02
  8.3760679258113e+00   2.026287e+00   2.251606e-02   6.266131e+01   1.422769e-02   1.836875e-02   3.486933e-01   5.425947e-01   8.470543e-02  -1.196740e+02
  8.3782657919687e+00   2.026336e+00   2.241526e-02   6.266764e+01   1.426800e-02   1.831784e-02   3.429783e-01   5.427819e-01   8.570851e-02  -1.196707e+02
  8.3804636581261e+00   2.026386e+00   2.232085e-02   6.267426e+01   1.430822e-02   1.828077e-02   3.374574e-01   5.429713e-01   8.659350e-02  -1.196672e+02
  8.3826615242835e+00   2.026434e+00   2.222472e-02   6.268118e+01   1.434838e-02   1.825944e-02   3.322082e-01   5.431625e-01   8.735050e-02  -1.196636e+02
  8.3848593904409e+00   2.026483e+00   2.210491e-02   6.268837e+01   1.438850e-02   1.825080e-02   3.272466e-01   5.433552e-01   8.797639e-02  -1.196600e+02
  8.3870572565982e+00   2.026531e+00   2.196935e-02   6.269574e+01   1.442861e-02   1.824593e-02   3.224748e-01   5.435491e-01   8.847823e-02  -1.196565e+02
  8.3892551227556e+00   2.026580e+00   2.186147e-02   6.270324e+01   1.446869e-02   1.823150e-02   3.176880e-01   5.437440e-01   8.887525e-02  -1.196532e+02
  8.3914529889130e+00   2.026628e+00   2.177601e-02   6.271084e+01   1.450872e-02   1.819228e-02   3.126472e-01   5.439397e-01   8.919578e-02  -1.196500e+02
  8.3936508550704e+00   2.026675e+00   2.177264e-02   6.271854e+01   1.454862e-02   1.811472e-02   3.071884e-01   5.441360e-01   8.946986e-02  -1.196468e+02
  8.3958487212278e+00   2.026723e+00   2.189945e-02   6.272631e+01   1.458829e-02   1.798575e-02   3.012945e-01   5.443329e-01   8.972275e-02  -1.196434e+02
  8.3980465873852e+00   2.026772e+00   2.212374e-02   6.273413e+01   1.462761e-02   1.779409e-02   2.951118e-01   5.445304e-01   8.996133e-02  -1.196400e+02
  8.4002444535426e+00   2.026821e+00   2.238986e-02   6.274200e+01   1.466644e-02   1.753790e-02   2.889245e-01   5.447283e-01   9.017475e-02  -1.196363e+02
  8.4024423197000e+00   2.026870e+00   2.262920e-02   6.275003e+01   1.470465e-02   1.723036e-02   2.830780e-01   5.449267e-01   9.035393e-02  -1.196325e+02
  8.4046401858574e+00   2.026920e+00   2.277223e-02   6.275843e+01   1.474215e-02   1.690053e-02   2.778826e-01   5.451254e-01   9.049300e-02  -1.196289e+02
  8.4068380520148e+00   2.026970e+00   2.277628e-02   6.276525e+01   1.477896e-02   1.658849e-02   2.735447e-01   5.453244e-01   9.059004e-02  -1.196256e+02
  8.4090359181721e+00   2.027020e+00   2.278227e-02   6.276690e+01   1.481514e-02   1.633472e-02   2.701358e-01   5.455236e-01   9.064738e-02  -1.196227e+02
  8.4112337843295e+00   2.027070e+00   2.283674e-02   6.276879e+01   1.485085e-02   1.616760e-02   2.675778e-01   5.457228e-01   9.066521e-02  -1.196199e+02
  8.4134316504869e+00   2.027121e+00   2.296512e-02   6.277084e+01   1.488631e-02   1.609609e-02   2.657044e-01   5.459221e-01   9.064455e-02  -1.196169e+02
  8.4156295166443e+00   2.027171e+00   2.324185e-02   6.277295e+01   1.492170e-02   1.611026e-02   2.642676e-01   5.461212e-01   9.058888e-02  -1.196133e+02
  8.4178273828017e+00   2.027223e+00   2.380145e-02   6.277507e+01   1.495720e-02   1.619363e-02   2.629922e-01   5.463203e-01   9.050200e-02  -1.196091e+02
  8.4200252489591e+00   2.027276e+00   2.461645e-02   6.277726e+01   1.499295e-02   1.633909e-02   2.616751e-01   5.465190e-01   9.037517e-02  -1.196043e+02
  8.4222231151165e+00   2.027332e+00   2.561370e-02   6.277969e+01   1.502910e-02   1.654836e-02   2.602019e-01   5.467175e-01   9.023003e-02  -1.195994e+02
  8.4244209812739e+00   2.027389e+00   2.669579e-02   6.278260e+01   1.506577e-02   1.682279e-02   2.585118e-01   5.469157e-01   9.010864e-02  -1.195947e+02
  8.4266188474313e+00   2.027449e+00   2.777178e-02   6.278368e+01   1.510310e-02   1.715284e-02   2.565269e-01   5.471137e-01   9.003915e-02  -1.195906e+02
  8.4288167135886e+00   2.027511e+00   2.885365e-02   6.278180e+01   1.514120e-02   1.750901e-02   2.541806e-01   5.473115e-01   9.002400e-02  -1.195870e+02
  8.4310145797460e+00   2.027576e+00   2.986675e-02   6.277995e+01   1.518004e-02   1.783773e-02   2.514587e-01   5.475094e-01   9.003088e-02  -1.195834e+02
  8.4332124459034e+00   2.027642e+00   3.074050e-02   6.277778e+01   1.521950e-02   1.807109e-02   2.483457e-01   5.477073e-01   8.999431e-02  -1.195793e+02
  8.4354103120608e+00   2.027711e+00   3.143623e-02   6.277504e+01   1.525930e-02   1.814619e-02   2.448729e-01   5.479048e-01   8.982816e-02  -1.195741e+02
  8.4376081782182e+00   2.027780e+00   3.194161e-02   6.277166e+01   1.529905e-02   1.802850e-02   2.411214e-01   5.481018e-01   8.944732e-02  -1.195676e+02
  8.4398060443756e+00   2.027851e+00   3.225806e-02   6.276784e+01   1.533835e-02   1.772871e-02   2.372146e-01   5.482977e-01   8.879366e-02  -1.195603e+02
  8.4420039105330e+00   2.027922e+00   3.238858e-02   6.276401e+01   1.537685e-02   1.730410e-02   2.332969e-01   5.484918e-01   8.785760e-02  -1.195530e+02
  8.4442017766904e+00   2.027993e+00   3.233163e-02   6.276062e+01   1.541437e-02   1.684200e-02   2.294998e-01   5.486836e-01   8.668739e-02  -1.195466e+02
  8.4463996428478e+00   2.028064e+00   3.208278e-02   6.275798e+01   1.545094e-02   1.643093e-02   2.259014e-01   5.488727e-01   8.538153e-02  -1.195416e+02
  8.4485975090052e+00   2.028134e+00   3.164123e-02   6.275615e+01   1.548672e-02   1.613089e-02   2.224964e-01   5.490589e-01   8.406682e-02  -1.195381e+02
  8.4507953751625e+00   2.028203e+00   3.101636e-02   6.275492e+01   1.552198e-02   1.595453e-02   2.191921e-01   5.492424e-01   8.286946e-02  -1.195357e+02
  8.4529932413199e+00   2.028270e+00   3.023033e-02   6.275394e+01   1.555695e-02   1.586634e-02   2.158380e-01   5.494235e-01   8.188856e-02  -1.195339e+02
  8.4551911074773e+00   2.028335e+00   2.931531e-02   6.275286e+01   1.559175e-02   1.579927e-02   2.122787e-01   5.496026e-01   8.117980e-02  -1.195318e+02
  8.4573889736347e+00   2.028399e+00   2.830716e-02   6.275147e+01   1.562634e-02   1.568133e-02   2.084085e-01   5.497806e-01   8.075187e-02  -1.195291e+02
  8.4595868397921e+00   2.028460e+00   2.723833e-02   6.274974e+01   1.566057e-02   1.546115e-02   2.042048e-01   5.499579e-01   8.057433e-02  -1.195258e+02
  8.4617847059495e+00   2.028518e+00   2.613290e-02   6.274781e+01   1.569418e-02   1.512378e-02   1.997302e-01   5.501350e-01   8.059217e-02  -1.195221e+02
  8.4639825721069e+00   2.028575e+00   2.500642e-02   6.274587e+01   1.572694e-02   1.469273e-02   1.951113e-01   5.503123e-01   8.074161e-02  -1.195184e+02
  8.4661804382643e+00   2.028628e+00   2.386919e-02   6.274413e+01   1.575872e-02   1.421964e-02   1.905030e-01   5.504900e-01   8.096340e-02  -1.195151e+02
  8.4683783044217e+00   2.028680e+00   2.273121e-02   6.274268e+01   1.578947e-02   1.376743e-02   1.860517e-01   5.506682e-01   8.121129e-02  -1.195123e+02
  8.4705761705790e+00   2.028728e+00   2.160699e-02   6.274154e+01   1.581932e-02   1.339367e-02   1.818656e-01   5.508469e-01   8.145543e-02  -1.195102e+02
  8.4727740367364e+00   2.028774e+00   2.051920e-02   6.274061e+01   1.584848e-02   1.313918e-02   1.779976e-01   5.510262e-01   8.168186e-02  -1.195084e+02
  8.4749719028938e+00   2.028818e+00   1.950001e-02   6.273973e+01   1.587723e-02   1.302332e-02   1.744421e-01   5.512060e-01   8.188910e-02  -1.195067e+02
  8.4771697690512e+00   2.028860e+00   1.858966e-02   6.273871e+01   1.590587e-02   1.304427e-02   1.711459e-01   5.513862e-01   8.208345e-02  -1.195048e+02
  8.4793676352086e+00   2.028900e+00   1.783151e-02   6.273743e+01   1.593469e-02   1.318176e-02   1.680307e-01   5.515668e-01   8.227428e-02  -1.195023e+02
  8.4815655013660e+00   2.028939e+00   1.726369e-02   6.273578e+01   1.596391e-02   1.340025e-02   1.650177e-01   5.517478e-01   8.247030e-02  -1.194992e+02
  8.4837633675234e+00   2.028977e+00   1.690894e-02   6.273381e+01   1.599364e-02   1.365268e-02   1.620459e-01   5.519293e-01   8.267764e-02  -1.194955e+02
  8.4859612336808e+00   2.029014e+00   1.676571e-02   6.273162e+01   1.602390e-02   1.388605e-02   1.590771e-01   5.521113e-01   8.289973e-02  -1.194914e+02
  8.4881590998382e+00   2.029051e+00   1.680443e-02   6.272943e+01   1.605460e-02   1.404974e-02   1.560901e-01   5.522937e-01   8.313836e-02  -1.194872e+02
  8.4903569659956e+00   2.029088e+00   1.697183e-02   6.272745e+01   1.608554e-02   1.410582e-02   1.530702e-01   5.524767e-01   8.339496e-02  -1.194835e+02
  8.4925548321529e+00   2.029125e+00   1.720317e-02   6.272586e+01   1.611647e-02   1.403813e-02   1.500045e-01   5.526603e-01   8.367097e-02  -1.194805e+02
  8.4947526983103e+00   2.029164e+00   1.743862e-02   6.272474e+01   1.614712e-02   1.385654e-02   1.468838e-01   5.528445e-01   8.396725e-02  -1.194783e+02
  8.4969505644677e+00   2.029202e+00   1.763757e-02   6.272402e+01   1.617729e-02   1.359368e-02   1.437090e-01   5.530294e-01   8.428275e-02  -1.194770e+02
  8.4991484306251e+00   2.029241e+00   1.778520e-02   6.272356e+01   1.620684e-02   1.329453e-02   1.404929e-01   5.532150e-01   8.461338e-02  -1.194761e+02
  8.5013462967825e+00   2.029280e+00   1.788870e-02   6.272317e+01   1.623574e-02   1.300249e-02   1.372543e-01   5.534014e-01   8.495180e-02  -1.194754e+02
  8.5035441629399e+00   2.029320e+00   1.796514e-02   6.272268e+01   1.626403e-02   1.274702e-02   1.340033e-01   5.535884e-01   8.528832e-02  -1.194744e+02
  8.5057420290973e+00   2.029359e+00   1.802693e-02   6.272199e+01   1.629182e-02   1.253739e-02   1.307271e-01   5.537763e-01   8.561244e-02  -1.194732e+02
  8.5079398952547e+00   2.029399e+00   1.807125e-02   6.272112e+01   1.631918e-02   1.236454e-02   1.273834e-01   5.539647e-01   8.591473e-02  -1.194715e+02
  8.5101377614121e+00   2.029438e+00   1.807736e-02   6.272012e+01   1.634619e-02   1.220956e-02   1.239114e-01   5.541539e-01   8.618882e-02  -1.194696e+02
  8.5123356275694e+00   2.029478e+00   1.801194e-02   6.271910e+01   1.637285e-02   1.205474e-02   1.202563e-01   5.543436e-01   8.643332e-02  -1.194677e+02
  8.5145334937268e+00   2.029517e+00   1.783845e-02   6.271818e+01   1.639917e-02   1.189235e-02   1.163975e-01   5.545338e-01   8.665373e-02  -1.194659e+02
  8.5167313598842e+00   2.029556e+00   1.752728e-02   6.271749e+01   1.642513e-02   1.172774e-02   1.123660e-01   5.547245e-01   8.686687e-02  -1.194646e+02
  8.5189292260416e+00   2.029594e+00   1.706755e-02   6.271581e+01   1.645073e-02   1.157531e-02   1.082459e-01   5.549157e-01   8.710538e-02  -1.194638e+02
  8.5211270921990e+00   2.029631e+00   1.652791e-02   6.271193e+01   1.647604e-02   1.145055e-02   1.041456e-01   5.551074e-01   8.739498e-02  -1.194637e+02
  8.5233249583564e+00   2.029667e+00   1.589674e-02   6.270853e+01   1.650111e-02   1.136351e-02   1.001560e-01   5.552999e-01   8.774438e-02  -1.194642e+02
  8.5255228245138e+00   2.029701e+00   1.514440e-02   6.270550e+01   1.652603e-02   1.131230e-02   9.635142e-02   5.554932e-01   8.814997e-02  -1.194651e+02
  8.5277206906712e+00   2.029733e+00   1.425357e-02   6.270264e+01   1.655086e-02   1.128044e-02   9.274127e-02   5.556874e-01   8.859745e-02  -1.194660e+02
  8.5299185568286e+00   2.029763e+00   1.322458e-02   6.269976e+01   1.657560e-02   1.123931e-02   8.925733e-02   5.558827e-01   8.906556e-02  -1.194667e+02
  8.5321164229860e+00   2.029791e+00   1.210815e-02   6.269675e+01   1.660021e-02   1.115485e-02   8.576876e-02   5.560790e-01   8.953250e-02  -1.194672e+02
  8.5343142891433e+00   2.029817e+00   1.099937e-02   6.269362e+01   1.662455e-02   1.099650e-02   8.212132e-02   5.562763e-01   8.998474e-02  -1.194675e+02
  8.5365121553007e+00   2.029840e+00   9.931097e-03   6.269004e+01   1.664845e-02   1.074558e-02   7.818817e-02   5.564745e-01   9.042224e-02  -1.194677e+02
  8.5387100214581e+00   2.029860e+00   9.031565e-03   6.268108e+01   1.667169e-02   1.040151e-02   7.391628e-02   5.566737e-01   9.086037e-02  -1.194680e+02
  8.5409078876155e+00   2.029880e+00   8.367781e-03   6.267249e+01   1.669409e-02   9.983174e-03   6.934334e-02   5.568739e-01   9.132405e-02  -1.194687e+02
  8.5431057537729e+00   2.029897e+00   7.921278e-03   6.266410e+01   1.671553e-02   9.525587e-03   6.458212e-02   5.570752e-01   9.182382e-02  -1.194696e+02
  8.5453036199303e+00   2.029915e+00   7.633670e-03   6.265560e+01   1.673597e-02   9.072748e-03   5.980044e-02   5.572776e-01   9.235184e-02  -1.194705e+02
  8.5475014860877e+00   2.029931e+00   7.451748e-03   6.264671e+01   1.675546e-02   8.667246e-03   5.519105e-02   5.574812e-01   9.288979e-02  -1.194714e+02
  8.5496993522451e+00   2.029948e+00   7.393206e-03   6.263734e+01   1.677415e-02   8.337737e-03   5.092361e-02   5.576859e-01   9.342553e-02  -1.194722e+02
  8.5518972184025e+00   2.029964e+00   7.490284e-03   6.262559e+01   1.679220e-02   8.089372e-03   4.707336e-02   5.578918e-01   9.396142e-02  -1.194729e+02
  8.5540950845598e+00   2.029981e+00   7.798228e-03   6.261180e+01   1.680978e-02   7.906129e-03   4.365432e-02   5.580990e-01   9.449984e-02  -1.194738e+02
  8.5562929507172e+00   2.029998e+00   8.283392e-03   6.259818e+01   1.682700e-02   7.760412e-03   4.065274e-02   5.583073e-01   9.503850e-02  -1.194750e+02
  8.5584908168746e+00   2.030017e+00   8.894189e-03   6.258482e+01   1.684390e-02   7.622646e-03   3.800265e-02   5.585167e-01   9.557380e-02  -1.194767e+02
  8.5606886830320e+00   2.030037e+00   9.584881e-03   6.257178e+01   1.686049e-02   7.469468e-03   3.560848e-02   5.587274e-01   9.609775e-02  -1.194786e+02
  8.5628865491894e+00   2.030059e+00   1.032083e-02   6.255915e+01   1.687670e-02   7.288713e-03   3.335117e-02   5.589392e-01   9.659161e-02  -1.194806e+02
  8.5650844153468e+00   2.030083e+00   1.108249e-02   6.254700e+01   1.689249e-02   7.078499e-03   3.110834e-02   5.591519e-01   9.702952e-02  -1.194822e+02
  8.5672822815042e+00   2.030108e+00   1.186457e-02   6.253539e+01   1.690779e-02   6.841989e-03   2.877618e-02   5.593656e-01   9.738530e-02  -1.194832e+02
  8.5694801476616e+00   2.030135e+00   1.267006e-02   6.252439e+01   1.692254e-02   6.581772e-03   2.629229e-02   5.595799e-01   9.763977e-02  -1.194835e+02
  8.5716780138190e+00   2.030164e+00   1.350126e-02   6.251402e+01   1.693670e-02   6.297365e-03   2.365171e-02   5.597947e-01   9.778602e-02  -1.194832e+02
  8.5738758799764e+00   2.030195e+00   1.435214e-02   6.250422e+01   1.695020e-02   5.987103e-03   2.091054e-02   5.600097e-01   9.783066e-02  -1.194826e+02
  8.5760737461337e+00   2.030227e+00   1.520563e-02   6.249489e+01   1.696299e-02   5.652855e-03   1.817621e-02   5.602247e-01   9.779090e-02  -1.194822e+02
  8.5782716122911e+00   2.030261e+00   1.603770e-02   6.248594e+01   1.697503e-02   5.304208e-03   1.558658e-02   5.604395e-01   9.768882e-02  -1.194821e+02
  8.5804694784485e+00   2.030297e+00   1.682612e-02   6.247726e+01   1.698631e-02   4.958963e-03   1.328204e-02   5.606540e-01   9.754530e-02  -1.194826e+02
  8.5826673446059e+00   2.030335e+00   1.755986e-02   6.246880e+01   1.699686e-02   4.638946e-03   1.137529e-02   5.608683e-01   9.737612e-02  -1.194836e+02
  8.5848652107633e+00   2.030374e+00   1.824418e-02   6.246059e+01   1.700675e-02   4.362908e-03   9.924824e-03   5.610821e-01   9.719111e-02  -1.194849e+02
  8.5870630769207e+00   2.030415e+00   1.889857e-02   6.245267e+01   1.701609e-02   4.140102e-03   8.919930e-03   5.612954e-01   9.699585e-02  -1.194864e+02
  8.5892609430781e+00   2.030457e+00   1.954828e-02   6.244515e+01   1.702501e-02   3.967782e-03   8.285158e-03   5.615084e-01   9.679418e-02  -1.194880e+02
  8.5914588092355e+00   2.030501e+00   2.021335e-02   6.243809e+01   1.703358e-02   3.833719e-03   7.904705e-03   5.617209e-01   9.659010e-02  -1.194897e+02
  8.5936566753929e+00   2.030546e+00   2.090007e-02   6.243154e+01   1.704188e-02   3.722284e-03   7.656536e-03   5.619330e-01   9.638834e-02  -1.194915e+02
  8.5958545415502e+00   2.030593e+00   2.159861e-02   6.242546e+01   1.704995e-02   3.621026e-03   7.442394e-03   5.621446e-01   9.619376e-02  -1.194935e+02
  8.5980524077076e+00   2.030641e+00   2.228726e-02   6.241978e+01   1.705780e-02   3.524741e-03   7.202266e-03   5.623559e-01   9.601054e-02  -1.194957e+02
  8.6002502738650e+00   2.030691e+00   2.294065e-02   6.241440e+01   1.706545e-02   3.435485e-03   6.909910e-03   5.625667e-01   9.584154e-02  -1.194981e+02
  8.6024481400224e+00   2.030742e+00   2.353752e-02   6.240923e+01   1.707292e-02   3.359199e-03   6.555864e-03   5.627772e-01   9.568828e-02  -1.195005e+02
  8.6046460061798e+00   2.030794e+00   2.406480e-02   6.240422e+01   1.708024e-02   3.301126e-03   6.130386e-03   5.629873e-01   9.555073e-02  -1.195030e+02
  8.6068438723372e+00   2.030847e+00   2.451677e-02   6.239934e+01   1.708745e-02   3.262542e-03   5.617235e-03   5.631972e-01   9.542676e-02  -1.195054e+02
  8.6090417384946e+00   2.030902e+00   2.489126e-02   6.239454e+01   1.709460e-02   3.240109e-03   4.999497e-03   5.634068e-01   9.531080e-02  -1.195077e+02
  8.6112396046520e+00   2.030957e+00   2.518593e-02   6.238978e+01   1.710170e-02   3.227916e-03   4.273326e-03   5.636162e-01   9.519257e-02  -1.195097e+02
  8.6134374708094e+00   2.031012e+00   2.539773e-02   6.238498e+01   1.710879e-02   3.220992e-03   3.462037e-03   5.638252e-01   9.505661e-02  -1.195116e+02
  8.6156353369668e+00   2.031068e+00   2.552863e-02   6.238008e+01   1.711587e-02   3.217612e-03   2.619878e-03   5.640340e-01   9.488493e-02  -1.195133e+02
  8.6178332031241e+00   2.031125e+00   2.559160e-02   6.237506e+01   1.712294e-02   3.218816e-03   1.809909e-03   5.642423e-01   9.465942e-02  -1.195148e+02
  8.6200310692815e+00   2.031181e+00   2.561011e-02   6.237002e+01   1.713002e-02   3.227795e-03   1.091698e-03   5.644500e-01   9.436329e-02  -1.195162e+02
  8.6222289354389e+00   2.031237e+00   2.561441e-02   6.236507e+01   1.713714e-02   3.248659e-03   5.234392e-04   5.646570e-01   9.398424e-02  -1.195176e+02
  8.6244268015963e+00   2.031293e+00   2.563653e-02   6.236039e+01   1.714432e-02   3.284583e-03   1.685732e-04   5.648631e-01   9.351746e-02  -1.195189e+02
  8.6266246677537e+00   2.031350e+00   2.570217e-02   6.235613e+01   1.715160e-02   3.336795e-03   1.015708e-04   5.650680e-01   9.296633e-02  -1.195204e+02
  8.6288225339111e+00   2.031406e+00   2.582270e-02   6.235246e+01   1.715901e-02   3.404777e-03   4.054406e-04   5.652717e-01   9.234153e-02  -1.195220e+02
  8.6310204000685e+00   2.031463e+00   2.599116e-02   6.234943e+01   1.716658e-02   3.487136e-03   1.157442e-03   5.654739e-01   9.165856e-02  -1.195238e+02
  8.6332182662259e+00   2.031521e+00   2.618384e-02   6.234703e+01   1.717435e-02   3.582633e-03   2.407344e-03   5.656745e-01   9.093393e-02  -1.195259e+02
  8.6354161323833e+00   2.031578e+00   2.636700e-02   6.234515e+01   1.718234e-02   3.690802e-03   4.159146e-03   5.658735e-01   9.018113e-02  -1.195281e+02
  8.6376139985406e+00   2.031636e+00   2.650615e-02   6.234364e+01   1.719058e-02   3.811680e-03   6.365194e-03   5.660709e-01   8.940772e-02  -1.195305e+02
  8.6398118646980e+00   2.031695e+00   2.657465e-02   6.234234e+01   1.719911e-02   3.944718e-03   8.934771e-03   5.662665e-01   8.861437e-02  -1.195327e+02
  8.6420097308554e+00   2.031753e+00   2.655875e-02   6.234113e+01   1.720794e-02   4.087538e-03   1.175271e-02   5.664603e-01   8.779640e-02  -1.195347e+02
  8.6442075970128e+00   2.031811e+00   2.645808e-02   6.233994e+01   1.721708e-02   4.235383e-03   1.469897e-02   5.666524e-01   8.694725e-02  -1.195363e+02
  8.6464054631702e+00   2.031869e+00   2.628257e-02   6.233875e+01   1.722655e-02   4.381832e-03   1.766186e-02   5.668425e-01   8.606214e-02  -1.195375e+02
  8.6486033293276e+00   2.031927e+00   2.604788e-02   6.233757e+01   1.723633e-02   4.520796e-03   2.054513e-02   5.670306e-01   8.514102e-02  -1.195383e+02
  8.6508011954850e+00   2.031984e+00   2.577135e-02   6.233640e+01   1.724641e-02   4.648965e-03   2.327396e-02   5.672167e-01   8.418939e-02  -1.195389e+02
  8.6529990616424e+00   2.032040e+00   2.547011e-02   6.233521e+01   1.725676e-02   4.767359e-03   2.580470e-02   5.674006e-01   8.321730e-02  -1.195394e+02
  8.6551969277998e+00   2.032096e+00   2.516086e-02   6.233397e+01   1.726736e-02   4.880976e-03   2.813515e-02   5.675824e-01   8.223716e-02  -1.195400e+02
  8.6573947939572e+00   2.032151e+00   2.486073e-02   6.233268e+01   1.727821e-02   4.996380e-03   3.030556e-02   5.677621e-01   8.126134e-02  -1.195408e+02
  8.6595926601145e+00   2.032205e+00   2.458854e-02   6.233139e+01   1.728933e-02   5.118556e-03   3.238706e-02   5.679396e-01   8.030074e-02  -1.195418e+02
  8.6617905262719e+00   2.032259e+00   2.436320e-02   6.233029e+01   1.730072e-02   5.249033e-03   3.446175e-02   5.681151e-01   7.936259e-02  -1.195431e+02
  8.6639883924293e+00   2.032312e+00   2.419781e-02   6.232956e+01   1.731241e-02   5.386888e-03   3.660597e-02   5.682886e-01   7.844891e-02  -1.195444e+02
  8.6661862585867e+00   2.032366e+00   2.409793e-02   6.232941e+01   1.732441e-02   5.530269e-03   3.887428e-02   5.684600e-01   7.755761e-02  -1.195457e+02
  8.6683841247441e+00   2.032418e+00   2.406724e-02   6.233004e+01   1.733672e-02   5.676232e-03   4.127508e-02   5.686295e-01   7.668430e-02  -1.195467e+02
  8.6705819909015e+00   2.032471e+00   2.410795e-02   6.233159e+01   1.734936e-02   5.822471e-03   4.377151e-02   5.687971e-01   7.582147e-02  -1.195474e+02
  8.6727798570589e+00   2.032525e+00   2.421925e-02   6.233408e+01   1.736232e-02   5.969225e-03   4.630880e-02   5.689628e-01   7.495882e-02  -1.195477e+02
  8.6749777232163e+00   2.032578e+00   2.439626e-02   6.233742e+01   1.737560e-02   6.119441e-03   4.884436e-02   5.691266e-01   7.408433e-02  -1.195476e+02
  8.6771755893737e+00   2.032632e+00   2.462916e-02   6.234140e+01   1.738923e-02   6.277122e-03   5.136842e-02   5.692884e-01   7.318594e-02  -1.195472e+02
  8.6793734555310e+00   2.032686e+00   2.490257e-02   6.234577e+01   1.740321e-02   6.444696e-03   5.390685e-02   5.694482e-01   7.225408e-02  -1.195466e+02
  8.6815713216884e+00   2.032741e+00   2.519523e-02   6.235029e+01   1.741756e-02   6.620551e-03   5.650580e-02   5.696059e-01   7.128403e-02  -1.195459e+02
  8.6837691878458e+00   2.032797e+00   2.548087e-02   6.235474e+01   1.743231e-02   6.797592e-03   5.920682e-02   5.697615e-01   7.027759e-02  -1.195452e+02
  8.6859670540032e+00   2.032853e+00   2.573066e-02   6.235899e+01   1.744743e-02   6.963085e-03   6.202522e-02   5.699148e-01   6.924347e-02  -1.195446e+02
  8.6881649201606e+00   2.032910e+00   2.591715e-02   6.236290e+01   1.746289e-02   7.099537e-03   6.494210e-02   5.700659e-01   6.819585e-02  -1.195443e+02
  8.6903627863180e+00   2.032967e+00   2.601856e-02   6.236642e+01   1.747859e-02   7.186227e-03   6.791233e-02   5.702146e-01   6.715187e-02  -1.195444e+02
  8.6925606524754e+00   2.033024e+00   2.602210e-02   6.236950e+01   1.749440e-02   7.201320e-03   7.088143e-02   5.703610e-01   6.612832e-02  -1.195448e+02
  8.6947585186328e+00   2.033081e+00   2.592529e-02   6.237215e+01   1.751014e-02   7.124739e-03   7.379970e-02   5.705053e-01   6.513883e-02  -1.195456e+02
  8.6969563847902e+00   2.033138e+00   2.573501e-02   6.237446e+01   1.752560e-02   6.941891e-03   7.662515e-02   5.706474e-01   6.419202e-02  -1.195466e+02
  8.6991542509476e+00   2.033194e+00   2.546502e-02   6.237654e+01   1.754053e-02   6.647774e-03   7.931599e-02   5.707874e-01   6.329126e-02  -1.195480e+02
  8.7013521171049e+00   2.033250e+00   2.513271e-02   6.237852e+01   1.755471e-02   6.250165e-03   8.182216e-02   5.709256e-01   6.243600e-02  -1.195494e+02
  8.7035499832623e+00   2.033305e+00   2.475587e-02   6.238054e+01   1.756792e-02   5.770228e-03   8.408751e-02   5.710619e-01   6.162400e-02  -1.195510e+02
  8.7057478494197e+00   2.033359e+00   2.434987e-02   6.238266e+01   1.758002e-02   5.239389e-03   8.606722e-02   5.711965e-01   6.085367e-02  -1.195526e+02
  8.7079457155771e+00   2.033412e+00   2.392536e-02   6.238494e+01   1.759093e-02   4.692719e-03   8.775344e-02   5.713295e-01   6.012567e-02  -1.195543e+02
  8.7101435817345e+00   2.033464e+00   2.348686e-02   6.238738e+01   1.760066e-02   4.160777e-03   8.919331e-02   5.714608e-01   5.944323e-02  -1.195561e+02
  8.7123414478919e+00   2.033515e+00   2.303260e-02   6.238997e+01   1.760926e-02   3.662910e-03   9.048540e-02   5.715908e-01   5.881141e-02  -1.195580e+02
  8.7145393140493e+00   2.033565e+00   2.255614e-02   6.239269e+01   1.761681e-02   3.204675e-03   9.175155e-02   5.717194e-01   5.823583e-02  -1.195600e+02
  8.7167371802067e+00   2.033614e+00   2.204949e-02   6.239550e+01   1.762338e-02   2.780372e-03   9.309652e-02   5.718468e-01   5.772165e-02  -1.195621e+02
  8.7189350463641e+00   2.033662e+00   2.150692e-02   6.239838e+01   1.762905e-02   2.379387e-03   9.457599e-02   5.719732e-01   5.727310e-02  -1.195644e+02
  8.7211329125214e+00   2.033709e+00   2.092804e-02   6.240128e+01   1.763386e-02   1.993379e-03   9.618984e-02   5.720987e-01   5.689356e-02  -1.195667e+02
  8.7233307786788e+00   2.033754e+00   2.031883e-02   6.240417e+01   1.763783e-02   1.621102e-03   9.790295e-02   5.722234e-01   5.658567e-02  -1.195692e+02
  8.7255286448362e+00   2.033798e+00   1.969021e-02   6.240703e+01   1.764101e-02   1.269049e-03   9.968032e-02   5.723475e-01   5.635095e-02  -1.195719e+02
  8.7277265109936e+00   2.033841e+00   1.905490e-02   6.240983e+01   1.764344e-02   9.482973e-04   1.015153e-01   5.724711e-01   5.618897e-02  -1.195747e+02
  8.7299243771510e+00   2.033882e+00   1.842399e-02   6.241256e+01   1.764522e-02   6.697117e-04   1.034358e-01   5.725945e-01   5.609643e-02  -1.195777e+02
  8.7321222433084e+00   2.033922e+00   1.780496e-02   6.241523e+01   1.764644e-02   4.401959e-04   1.054870e-01   5.727178e-01   5.606687e-02  -1.195807e+02
  8.7343201094658e+00   2.033960e+00   1.720179e-02   6.241782e+01   1.764721e-02   2.617194e-04   1.077041e-01   5.728410e-01   5.609160e-02  -1.195837e+02
  8.7365179756232e+00   2.033997e+00   1.661674e-02   6.242038e+01   1.764765e-02   1.331065e-04   1.100923e-01   5.729644e-01   5.616160e-02  -1.195866e+02
  8.7387158417806e+00   2.034033e+00   1.605220e-02   6.242290e+01   1.764785e-02   5.305977e-05   1.126267e-01   5.730880e-01   5.626972e-02  -1.195894e+02
  8.7409137079380e+00   2.034068e+00   1.551153e-02   6.242542e+01   1.764794e-02   2.238271e-05   1.152710e-01   5.732118e-01   5.641207e-02  -1.195920e+02
  8.7431115740953e+00   2.034101e+00   1.499788e-02   6.242797e+01   1.764801e-02   4.402787e-05   1.180001e-01   5.733360e-01   5.658812e-02  -1.195945e+02
  8.7453094402527e+00   2.034134e+00   1.451214e-02   6.243058e+01   1.764819e-02   1.209446e-04   1.208135e-01   5.734606e-01   5.679937e-02  -1.195969e+02
  8.7475073064101e+00   2.034165e+00   1.405124e-02   6.243324e+01   1.764860e-02   2.529394e-04   1.237302e-01   5.735857e-01   5.704750e-02  -1.195992e+02
  8.7497051725675e+00   2.034196e+00   1.360829e-02   6.243595e+01   1.764935e-02   4.342526e-04   1.267680e-01   5.737115e-01   5.733310e-02  -1.196015e+02
  8.7519030387249e+00   2.034225e+00   1.317516e-02   6.243868e+01   1.765055e-02   6.531357e-04   1.299222e-01   5.738378e-01   5.765536e-02  -1.196038e+02
  8.7541009048823e+00   2.034253e+00   1.274638e-02   6.244139e+01   1.765225e-02   8.936991e-04   1.331550e-01   5.739650e-01   5.801275e-02  -1.196060e+02
  8.7562987710397e+00   2.034281e+00   1.232277e-02   6.244405e+01   1.765448e-02   1.139269e-03   1.364055e-01   5.740929e-01   5.840402e-02  -1.196083e+02
  8.7584966371971e+00   2.034308e+00   1.191289e-02   6.244665e+01   1.765725e-02   1.375925e-03   1.396111e-01   5.742217e-01   5.882850e-02  -1.196105e+02
  8.7606945033545e+00   2.034333e+00   1.153161e-02   6.244919e+01   1.766051e-02   1.594959e-03   1.427328e-01   5.743515e-01   5.928563e-02  -1.196128e+02
  8.7628923695118e+00   2.034359e+00   1.119621e-02   6.245173e+01   1.766424e-02   1.793557e-03   1.457682e-01   5.744823e-01   5.977402e-02  -1.196151e+02
  8.7650902356692e+00   2.034383e+00   1.092155e-02   6.245432e+01   1.766838e-02   1.973734e-03   1.487488e-01   5.746143e-01   6.029072e-02  -1.196174e+02
  8.7672881018266e+00   2.034407e+00   1.071616e-02   6.245703e+01   1.767290e-02   2.140080e-03   1.517249e-01   5.747474e-01   6.083135e-02  -1.196196e+02
  8.7694859679840e+00   2.034430e+00   1.058063e-02   6.245993e+01   1.767777e-02   2.297159e-03   1.547451e-01   5.748817e-01   6.139120e-02  -1.196219e+02
  8.7716838341414e+00   2.034453e+00   1.050842e-02   6.246305e+01   1.768299e-02   2.447357e-03   1.578417e-01   5.750172e-01   6.196662e-02  -1.196242e+02
  8.7738817002988e+00   2.034476e+00   1.048862e-02   6.246642e+01   1.768852e-02   2.589703e-03   1.610250e-01   5.751541e-01   6.255600e-02  -1.196264e+02
  8.7760795664562e+00   2.034499e+00   1.050912e-02   6.247002e+01   1.769436e-02   2.719895e-03   1.642854e-01   5.752922e-01   6.315984e-02  -1.196287e+02
  8.7782774326136e+00   2.034523e+00   1.055930e-02   6.247380e+01   1.770046e-02   2.831388e-03   1.675998e-01   5.754317e-01   6.378002e-02  -1.196311e+02
  8.7804752987710e+00   2.034546e+00   1.063125e-02   6.247771e+01   1.770678e-02   2.917070e-03   1.709384e-01   5.755726e-01   6.441867e-02  -1.196334e+02
  8.7826731649284e+00   2.034569e+00   1.072000e-02   6.248173e+01   1.771325e-02   2.970927e-03   1.742716e-01   5.757149e-01   6.507735e-02  -1.196357e+02
  8.7848710310857e+00   2.034593e+00   1.082294e-02   6.248580e+01   1.771980e-02   2.989061e-03   1.775745e-01   5.758587e-01   6.575681e-02  -1.196381e+02
  8.7870688972431e+00   2.034617e+00   1.093930e-02   6.248992e+01   1.772635e-02   2.969780e-03   1.808323e-01   5.760040e-01   6.645738e-02  -1.196404e+02
  8.7892667634005e+00   2.034641e+00   1.106994e-02   6.249407e+01   1.773281e-02   2.912837e-03   1.840416e-01   5.761509e-01   6.717940e-02  -1.196427e+02
  8.7914646295579e+00   2.034665e+00   1.121729e-02   6.249825e+01   1.773911e-02   2.818327e-03   1.872079e-01   5.762994e-01   6.792345e-02  -1.196449e+02
  8.7936624957153e+00   2.034690e+00   1.138506e-02   6.250243e+01   1.774516e-02   2.685884e-03   1.903383e-01   5.764495e-01   6.869011e-02  -1.196469e+02
  8.7958603618727e+00   2.034715e+00   1.157739e-02   6.250662e+01   1.775087e-02   2.514652e-03   1.934333e-01   5.766013e-01   6.947935e-02  -1.196488e+02
  8.7980582280301e+00   2.034741e+00   1.179743e-02   6.251082e+01   1.775617e-02   2.304091e-03   1.964807e-01   5.767549e-01   7.028991e-02  -1.196504e+02
  8.8002560941875e+00   2.034767e+00   1.204578e-02   6.251506e+01   1.776096e-02   2.055218e-03   1.994559e-01   5.769103e-01   7.111891e-02  -1.196517e+02
  8.8024539603449e+00   2.034794e+00   1.231955e-02   6.251937e+01   1.776516e-02   1.771659e-03   2.023281e-01   5.770676e-01   7.196201e-02  -1.196526e+02
  8.8046518265022e+00   2.034822e+00   1.261234e-02   6.252377e+01   1.776872e-02   1.459995e-03   2.050683e-01   5.772266e-01   7.281391e-02  -1.196532e+02
  8.8068496926596e+00   2.034850e+00   1.291527e-02   6.252828e+01   1.777156e-02   1.129227e-03   2.076561e-01   5.773876e-01   7.366907e-02  -1.196533e+02
  8.8090475588170e+00   2.034878e+00   1.321881e-02   6.253289e+01   1.777367e-02   7.895699e-04   2.100811e-01   5.775505e-01   7.452216e-02  -1.196531e+02
  8.8112454249744e+00   2.034908e+00   1.351441e-02   6.253756e+01   1.777503e-02   4.509893e-04   2.123419e-01   5.777152e-01   7.536811e-02  -1.196523e+02
  8.8134432911318e+00   2.034938e+00   1.379562e-02   6.254222e+01   1.777566e-02   1.219378e-04   2.144424e-01   5.778818e-01   7.620160e-02  -1.196512e+02
  8.8156411572892e+00   2.034968e+00   1.405823e-02   6.254682e+01   1.777559e-02  -1.914354e-04   2.163914e-01   5.780501e-01   7.701625e-02  -1.196496e+02
  8.8178390234466e+00   2.034999e+00   1.429974e-02   6.255129e+01   1.777484e-02  -4.855036e-04   2.182028e-01   5.782202e-01   7.780410e-02  -1.196476e+02
  8.8200368896040e+00   2.035031e+00   1.451855e-02   6.255558e+01   1.777348e-02  -7.588614e-04   2.198972e-01   5.783921e-01   7.855550e-02  -1.196452e+02
  8.8222347557614e+00   2.035063e+00   1.471358e-02   6.255968e+01   1.777153e-02  -1.011623e-03   2.215013e-01   5.785655e-01   7.925992e-02  -1.196425e+02
  8.8244326219188e+00   2.035096e+00   1.488449e-02   6.256357e+01   1.776905e-02  -1.244507e-03   2.230429e-01   5.787405e-01   7.990730e-02  -1.196394e+02
  8.8266304880761e+00   2.035129e+00   1.503253e-02   6.256728e+01   1.776608e-02  -1.457939e-03   2.245447e-01   5.789167e-01   8.048963e-02  -1.196360e+02
  8.8288283542335e+00   2.035162e+00   1.516116e-02   6.257083e+01   1.776267e-02  -1.651417e-03   2.260182e-01   5.790942e-01   8.100209e-02  -1.196323e+02
  8.8310262203909e+00   2.035195e+00   1.527597e-02   6.257424e+01   1.775885e-02  -1.823417e-03   2.274641e-01   5.792727e-01   8.144343e-02  -1.196283e+02
  8.8332240865483e+00   2.035229e+00   1.538338e-02   6.257754e+01   1.775468e-02  -1.971917e-03   2.288769e-01   5.794521e-01   8.181530e-02  -1.196240e+02
  8.8354219527057e+00   2.035263e+00   1.548846e-02   6.258073e+01   1.775021e-02  -2.095395e-03   2.302547e-01   5.796323e-01   8.212109e-02  -1.196194e+02
  8.8376198188631e+00   2.035297e+00   1.559281e-02   6.258381e+01   1.774549e-02  -2.193872e-03   2.316071e-01   5.798131e-01   8.236462e-02  -1.196146e+02
  8.8398176850205e+00   2.035331e+00   1.569357e-02   6.258674e+01   1.774059e-02  -2.269504e-03   2.329568e-01   5.799943e-01   8.254936e-02  -1.196095e+02
  8.8420155511779e+00   2.035366e+00   1.578488e-02   6.258950e+01   1.773554e-02  -2.326447e-03   2.343341e-01   5.801759e-01   8.267906e-02  -1.196041e+02
  8.8442134173353e+00   2.035400e+00   1.586377e-02   6.259208e+01   1.773038e-02  -2.370809e-03   2.357628e-01   5.803577e-01   8.275933e-02  -1.195985e+02
  8.8464112834926e+00   2.035435e+00   1.593294e-02   6.259453e+01   1.772512e-02  -2.409314e-03   2.372477e-01   5.805396e-01   8.279617e-02  -1.195928e+02
  8.8486091496500e+00   2.035470e+00   1.599935e-02   6.259692e+01   1.771979e-02  -2.446541e-03   2.387777e-01   5.807216e-01   8.279481e-02  -1.195869e+02
  8.8508070158074e+00   2.035506e+00   1.607168e-02   6.259930e+01   1.771437e-02  -2.483502e-03   2.403379e-01   5.809035e-01   8.275892e-02  -1.195810e+02
  8.8530048819648e+00   2.035541e+00   1.615758e-02   6.260169e+01   1.770887e-02  -2.518389e-03   2.419180e-01   5.810853e-01   8.269023e-02  -1.195749e+02
  8.8552027481222e+00   2.035577e+00   1.626173e-02   6.260411e+01   1.770330e-02  -2.549355e-03   2.435145e-01   5.812669e-01   8.258994e-02  -1.195688e+02
  8.8574006142796e+00   2.035613e+00   1.638582e-02   6.260651e+01   1.769767e-02  -2.577404e-03   2.451250e-01   5.814483e-01   8.246224e-02  -1.195626e+02
  8.8595984804370e+00   2.035649e+00   1.652831e-02   6.260890e+01   1.769197e-02  -2.607355e-03   2.467564e-01   5.816293e-01   8.231228e-02  -1.195564e+02
  8.8617963465944e+00   2.035685e+00   1.669095e-02   6.261129e+01   1.768619e-02  -2.649514e-03   2.484181e-01   5.818101e-01   8.214521e-02  -1.195502e+02
  8.8639942127518e+00   2.035722e+00   1.687776e-02   6.261379e+01   1.768030e-02  -2.717543e-03   2.501197e-01   5.819904e-01   8.196326e-02  -1.195439e+02
  8.8661920789092e+00   2.035760e+00   1.709012e-02   6.261648e+01   1.767421e-02  -2.823247e-03   2.518807e-01   5.821704e-01   8.176409e-02  -1.195377e+02
  8.8683899450665e+00   2.035798e+00   1.732461e-02   6.261937e+01   1.766784e-02  -2.971965e-03   2.537287e-01   5.823498e-01   8.154055e-02  -1.195314e+02
  8.8705878112239e+00   2.035836e+00   1.757379e-02   6.262244e+01   1.766110e-02  -3.159549e-03   2.556965e-01   5.825288e-01   8.128256e-02  -1.195251e+02
  8.8727856773813e+00   2.035875e+00   1.782789e-02   6.262566e+01   1.765392e-02  -3.372438e-03   2.578173e-01   5.827071e-01   8.098092e-02  -1.195188e+02
  8.8749835435387e+00   2.035914e+00   1.810330e-02   6.262897e+01   1.764627e-02  -3.591139e-03   2.601158e-01   5.828847e-01   8.064727e-02  -1.195125e+02
  8.8771814096961e+00   2.035955e+00   1.845376e-02   6.263185e+01   1.763816e-02  -3.791234e-03   2.626112e-01   5.830616e-01   8.030538e-02  -1.195062e+02
  8.8793792758535e+00   2.035996e+00   1.889022e-02   6.263199e+01   1.762966e-02  -3.945151e-03   2.653195e-01   5.832377e-01   7.996557e-02  -1.195001e+02
  8.8815771420109e+00   2.036038e+00   1.936823e-02   6.263200e+01   1.762089e-02  -4.034217e-03   2.682751e-01   5.834131e-01   7.962555e-02  -1.194940e+02
  8.8837750081683e+00   2.036081e+00   1.981775e-02   6.263199e+01   1.761199e-02  -4.059385e-03   2.713891e-01   5.835877e-01   7.927554e-02  -1.194880e+02
  8.8859728743257e+00   2.036125e+00   2.018971e-02   6.263216e+01   1.760309e-02  -4.043971e-03   2.744642e-01   5.837615e-01   7.890232e-02  -1.194819e+02
  8.8881707404830e+00   2.036169e+00   2.046752e-02   6.263282e+01   1.759422e-02  -4.027287e-03   2.772475e-01   5.839345e-01   7.849088e-02  -1.194758e+02
  8.8903686066404e+00   2.036215e+00   2.071960e-02   6.262985e+01   1.758534e-02  -4.051909e-03   2.795299e-01   5.841065e-01   7.802316e-02  -1.194696e+02
  8.8925664727978e+00   2.036260e+00   2.104168e-02   6.262651e+01   1.757633e-02  -4.149139e-03   2.811901e-01   5.842774e-01   7.747188e-02  -1.194632e+02
  8.8947643389552e+00   2.036307e+00   2.141415e-02   6.262355e+01   1.756701e-02  -4.329360e-03   2.822283e-01   5.844470e-01   7.681100e-02  -1.194570e+02
  8.8969622051126e+00   2.036355e+00   2.178772e-02   6.262088e+01   1.755722e-02  -4.581817e-03   2.827258e-01   5.846149e-01   7.603113e-02  -1.194508e+02
  8.8991600712700e+00   2.036403e+00   2.209681e-02   6.261844e+01   1.754682e-02  -4.882138e-03   2.827857e-01   5.847811e-01   7.514840e-02  -1.194450e+02
  8.9013579374274e+00   2.036452e+00   2.227966e-02   6.261615e+01   1.753573e-02  -5.203885e-03   2.824928e-01   5.849452e-01   7.420608e-02  -1.194396e+02
  8.9035558035848e+00   2.036500e+00   2.229637e-02   6.261399e+01   1.752394e-02  -5.529404e-03   2.819047e-01   5.851073e-01   7.326668e-02  -1.194347e+02
  8.9057536697422e+00   2.036549e+00   2.213770e-02   6.261198e+01   1.751143e-02  -5.855735e-03   2.810632e-01   5.852674e-01   7.239592e-02  -1.194302e+02
  8.9079515358996e+00   2.036598e+00   2.182215e-02   6.261010e+01   1.749819e-02  -6.193452e-03   2.800056e-01   5.854257e-01   7.164412e-02  -1.194260e+02
  8.9101494020569e+00   2.036645e+00   2.138406e-02   6.260837e+01   1.748417e-02  -6.559266e-03   2.787636e-01   5.855825e-01   7.103156e-02  -1.194218e+02
  8.9123472682143e+00   2.036692e+00   2.086001e-02   6.260678e+01   1.746931e-02  -6.965758e-03   2.773548e-01   5.857381e-01   7.054330e-02  -1.194176e+02
  8.9145451343717e+00   2.036737e+00   2.027940e-02   6.260531e+01   1.745351e-02  -7.413319e-03   2.757771e-01   5.858927e-01   7.013520e-02  -1.194131e+02
  8.9167430005291e+00   2.036781e+00   1.966156e-02   6.260396e+01   1.743669e-02  -7.888098e-03   2.740133e-01   5.860464e-01   6.974804e-02  -1.194083e+02
  8.9189408666865e+00   2.036823e+00   1.901940e-02   6.260272e+01   1.741883e-02  -8.366343e-03   2.720465e-01   5.861992e-01   6.932480e-02  -1.194035e+02
  8.9211387328439e+00   2.036864e+00   1.836640e-02   6.260156e+01   1.739994e-02  -8.822482e-03   2.698796e-01   5.863510e-01   6.882473e-02  -1.193985e+02
  8.9233365990013e+00   2.036904e+00   1.776089e-02   6.260048e+01   1.738009e-02  -9.236058e-03   2.675534e-01   5.865017e-01   6.823165e-02  -1.193937e+02
  8.9255344651587e+00   2.036942e+00   1.726920e-02   6.259948e+01   1.735940e-02  -9.598591e-03   2.651300e-01   5.866509e-01   6.755570e-02  -1.193890e+02
  8.9277323313161e+00   2.036980e+00   1.690334e-02   6.259856e+01   1.733795e-02  -9.915379e-03   2.626679e-01   5.867985e-01   6.682017e-02  -1.193846e+02
  8.9299301974734e+00   2.037017e+00   1.666122e-02   6.259777e+01   1.731585e-02  -1.019872e-02   2.602177e-01   5.869446e-01   6.604921e-02  -1.193803e+02
  8.9321280636308e+00   2.037054e+00   1.652072e-02   6.259712e+01   1.729315e-02  -1.045961e-02   2.578305e-01   5.870889e-01   6.526139e-02  -1.193763e+02
  8.9343259297882e+00   2.037090e+00   1.644168e-02   6.259658e+01   1.726989e-02  -1.070303e-02   2.555555e-01   5.872315e-01   6.446886e-02  -1.193726e+02
  8.9365237959456e+00   2.037126e+00   1.637488e-02   6.259611e+01   1.724612e-02  -1.092870e-02   2.534239e-01   5.873723e-01   6.368116e-02  -1.193691e+02
  8.9387216621030e+00   2.037162e+00   1.627406e-02   6.259567e+01   1.722187e-02  -1.113556e-02   2.514290e-01   5.875114e-01   6.291033e-02  -1.193660e+02
  8.9409195282604e+00   2.037197e+00   1.611870e-02   6.259407e+01   1.719719e-02  -1.132658e-02   2.495202e-01   5.876489e-01   6.217625e-02  -1.193633e+02
  8.9431173944178e+00   2.037232e+00   1.591963e-02   6.259200e+01   1.717209e-02  -1.151008e-02   2.476141e-01   5.877848e-01   6.150486e-02  -1.193608e+02
  8.9453152605752e+00   2.037267e+00   1.566184e-02   6.259001e+01   1.714659e-02  -1.169584e-02   2.456318e-01   5.879193e-01   6.091601e-02  -1.193586e+02
  8.9475131267326e+00   2.037301e+00   1.533528e-02   6.258809e+01   1.712067e-02  -1.188857e-02   2.435357e-01   5.880526e-01   6.041902e-02  -1.193565e+02
  8.9497109928900e+00   2.037335e+00   1.493640e-02   6.258626e+01   1.709433e-02  -1.208224e-02   2.413506e-01   5.881850e-01   6.000981e-02  -1.193545e+02
  8.9519088590473e+00   2.037367e+00   1.446750e-02   6.258451e+01   1.706758e-02  -1.225920e-02   2.391569e-01   5.883165e-01   5.967029e-02  -1.193523e+02
  8.9541067252047e+00   2.037398e+00   1.393685e-02   6.258287e+01   1.704049e-02  -1.239533e-02   2.370570e-01   5.884473e-01   5.937105e-02  -1.193498e+02
  8.9563045913621e+00   2.037428e+00   1.335828e-02   6.258130e+01   1.701316e-02  -1.246987e-02   2.351309e-01   5.885775e-01   5.907698e-02  -1.193470e+02
  8.9585024575195e+00   2.037457e+00   1.274932e-02   6.257976e+01   1.698575e-02  -1.247564e-02   2.334020e-01   5.887070e-01   5.875468e-02  -1.193438e+02
  8.9607003236769e+00   2.037484e+00   1.212733e-02   6.257821e+01   1.695839e-02  -1.242493e-02   2.318292e-01   5.888357e-01   5.837954e-02  -1.193403e+02
  8.9628981898343e+00   2.037510e+00   1.150469e-02   6.257659e+01   1.693116e-02  -1.234789e-02   2.303260e-01   5.889636e-01   5.794050e-02  -1.193366e+02
  8.9650960559917e+00   2.037535e+00   1.089193e-02   6.257489e+01   1.690409e-02  -1.228414e-02   2.287942e-01   5.890903e-01   5.745082e-02  -1.193330e+02
  8.9672939221491e+00   2.037558e+00   1.034715e-02   6.257149e+01   1.687711e-02  -1.226784e-02   2.271472e-01   5.892161e-01   5.694447e-02  -1.193295e+02
  8.9694917883065e+00   2.037580e+00   9.902284e-03   6.256726e+01   1.685010e-02  -1.231243e-02   2.254009e-01   5.893407e-01   5.644616e-02  -1.193262e+02
  8.9716896544638e+00   2.037602e+00   9.518366e-03   6.256273e+01   1.682293e-02  -1.240802e-02   2.236471e-01   5.894642e-01   5.596884e-02  -1.193232e+02
  8.9738875206212e+00   2.037622e+00   9.200909e-03   6.255781e+01   1.679553e-02  -1.253009e-02   2.220005e-01   5.895867e-01   5.551785e-02  -1.193203e+02
  8.9760853867786e+00   2.037642e+00   8.941126e-03   6.255254e+01   1.676785e-02  -1.265449e-02   2.205554e-01   5.897083e-01   5.509396e-02  -1.193176e+02
  8.9782832529360e+00   2.037662e+00   8.740189e-03   6.254704e+01   1.673991e-02  -1.276723e-02   2.193752e-01   5.898289e-01   5.469016e-02  -1.193147e+02
  8.9804811190934e+00   2.037681e+00   8.610925e-03   6.254151e+01   1.671174e-02  -1.286763e-02   2.185006e-01   5.899487e-01   5.429126e-02  -1.193118e+02
  8.9826789852508e+00   2.037700e+00   8.561912e-03   6.253613e+01   1.668335e-02  -1.296458e-02   2.179546e-01   5.900675e-01   5.387549e-02  -1.193088e+02
  8.9848768514082e+00   2.037719e+00   8.585925e-03   6.253097e+01   1.665475e-02  -1.306811e-02   2.177332e-01   5.901854e-01   5.341849e-02  -1.193057e+02
  8.9870747175656e+00   2.037737e+00   8.656934e-03   6.252597e+01   1.662590e-02  -1.318064e-02   2.177923e-01   5.903022e-01   5.289910e-02  -1.193026e+02
  8.9892725837230e+00   2.037756e+00   8.735755e-03   6.252097e+01   1.659681e-02  -1.329237e-02   2.180430e-01   5.904179e-01   5.230568e-02  -1.192997e+02
  8.9914704498804e+00   2.037776e+00   8.780855e-03   6.251577e+01   1.656749e-02  -1.338341e-02   2.183665e-01   5.905321e-01   5.164078e-02  -1.192970e+02
  8.9936683160377e+00   2.037795e+00   8.759211e-03   6.251014e+01   1.653803e-02  -1.343167e-02   2.186396e-01   5.906448e-01   5.092247e-02  -1.192947e+02
  8.9958661821951e+00   2.037814e+00   8.652852e-03   6.250396e+01   1.650852e-02  -1.342269e-02   2.187594e-01   5.907559e-01   5.018157e-02  -1.192929e+02
  8.9980640483525e+00   2.037833e+00   8.459158e-03   6.249717e+01   1.647909e-02  -1.335620e-02   2.186515e-01   5.908654e-01   4.945510e-02  -1.192914e+02
  9.0002619145099e+00   2.037851e+00   8.186000e-03   6.248980e+01   1.644985e-02  -1.324640e-02   2.182640e-01   5.909733e-01   4.877794e-02  -1.192901e+02
  9.0024597806673e+00   2.037869e+00   7.845025e-03   6.248195e+01   1.642088e-02  -1.311613e-02   2.175561e-01   5.910799e-01   4.817522e-02  -1.192889e+02
  9.0046576468247e+00   2.037886e+00   7.446691e-03   6.247377e+01   1.639220e-02  -1.298845e-02   2.164916e-01   5.911852e-01   4.765758e-02  -1.192877e+02
  9.0068555129821e+00   2.037902e+00   6.999132e-03   6.246537e+01   1.636377e-02  -1.288012e-02   2.150414e-01   5.912895e-01   4.722072e-02  -1.192863e+02
  9.0090533791395e+00   2.037916e+00   6.510515e-03   6.245684e+01   1.633555e-02  -1.280007e-02   2.131889e-01   5.913928e-01   4.684879e-02  -1.192848e+02
  9.0112512452969e+00   2.037930e+00   5.992564e-03   6.244823e+01   1.630747e-02  -1.275243e-02   2.109263e-01   5.914954e-01   4.651977e-02  -1.192832e+02
  9.0134491114542e+00   2.037943e+00   5.462421e-03   6.243952e+01   1.627945e-02  -1.274126e-02   2.082420e-01   5.915973e-01   4.621092e-02  -1.192818e+02
  9.0156469776116e+00   2.037954e+00   4.941212e-03   6.243070e+01   1.625141e-02  -1.277324e-02   2.051091e-01   5.916985e-01   4.590245e-02  -1.192805e+02
  9.0178448437690e+00   2.037965e+00   4.449800e-03   6.242177e+01   1.622325e-02  -1.285624e-02   2.014867e-01   5.917991e-01   4.557928e-02  -1.192795e+02
  9.0200427099264e+00   2.037974e+00   4.003791e-03   6.241275e+01   1.619484e-02  -1.299492e-02   1.973428e-01   5.918989e-01   4.523152e-02  -1.192786e+02
  9.0222405760838e+00   2.037982e+00   3.610269e-03   6.240369e+01   1.616607e-02  -1.318623e-02   1.926877e-01   5.919979e-01   4.485463e-02  -1.192778e+02
  9.0244384422412e+00   2.037990e+00   3.267686e-03   6.239468e+01   1.613683e-02  -1.341799e-02   1.876018e-01   5.920960e-01   4.444963e-02  -1.192770e+02
  9.0266363083986e+00   2.037997e+00   2.968617e-03   6.238581e+01   1.610706e-02  -1.367193e-02   1.822385e-01   5.921932e-01   4.402306e-02  -1.192761e+02
  9.0288341745560e+00   2.038003e+00   2.703718e-03   6.237718e+01   1.607673e-02  -1.392971e-02   1.767964e-01   5.922895e-01   4.358570e-02  -1.192752e+02
  9.0310320407134e+00   2.038009e+00   2.464897e-03   6.236883e+01   1.604584e-02  -1.417909e-02   1.714713e-01   5.923848e-01   4.314987e-02  -1.192744e+02
  9.0332299068708e+00   2.038014e+00   2.246491e-03   6.236077e+01   1.601441e-02  -1.441705e-02   1.664081e-01   5.924792e-01   4.272551e-02  -1.192737e+02
  9.0354277730281e+00   2.038019e+00   2.044535e-03   6.235298e+01   1.598247e-02  -1.464840e-02   1.616718e-01   5.925726e-01   4.231652e-02  -1.192731e+02
  9.0376256391855e+00   2.038023e+00   1.855266e-03   6.234537e+01   1.595002e-02  -1.488094e-02   1.572494e-01   5.926652e-01   4.191883e-02  -1.192726e+02
  9.0398235053429e+00   2.038027e+00   1.674277e-03   6.233787e+01   1.591705e-02  -1.511963e-02   1.530748e-01   5.927569e-01   4.152104e-02  -1.192722e+02
  9.0420213715003e+00   2.038030e+00   1.497059e-03   6.233039e+01   1.588355e-02  -1.536277e-02   1.490648e-01   5.928476e-01   4.110768e-02  -1.192718e+02
  9.0442192376577e+00   2.038033e+00   1.320692e-03   6.232291e+01   1.584953e-02  -1.560165e-02   1.451493e-01   5.929375e-01   4.066361e-02  -1.192714e+02
  9.0464171038151e+00   2.038036e+00   1.145561e-03   6.231546e+01   1.581499e-02  -1.582361e-02   1.412862e-01   5.930263e-01   4.017807e-02  -1.192708e+02
  9.0486149699725e+00   2.038038e+00   9.758656e-04   6.230810e+01   1.578000e-02  -1.601664e-02   1.374611e-01   5.931141e-01   3.964675e-02  -1.192702e+02
  9.0508128361299e+00   2.038040e+00   8.183752e-04   6.230093e+01   1.574463e-02  -1.617349e-02   1.336795e-01   5.932006e-01   3.907150e-02  -1.192695e+02
  9.0530107022873e+00   2.038042e+00   6.799288e-04   6.229404e+01   1.570895e-02  -1.629336e-02   1.299568e-01   5.932857e-01   3.845804e-02  -1.192689e+02
  9.0552085684446e+00   2.038043e+00   5.649013e-04   6.228750e+01   1.567304e-02  -1.638112e-02   1.263130e-01   5.933695e-01   3.781297e-02  -1.192682e+02
  9.0574064346020e+00   2.038045e+00   4.738520e-04   6.228131e+01   1.563697e-02  -1.644454e-02   1.227708e-01   5.934519e-01   3.714134e-02  -1.192674e+02
  9.0596043007594e+00   2.038046e+00   4.038622e-04   6.227547e+01   1.560077e-02  -1.649130e-02   1.193523e-01   5.935328e-01   3.644561e-02  -1.192666e+02
  9.0618021669168e+00   2.038046e+00   3.500883e-04   6.226993e+01   1.556449e-02  -1.652714e-02   1.160733e-01   5.936121e-01   3.572592e-02  -1.192656e+02
  9.0640000330742e+00   2.038047e+00   3.074744e-04   6.226466e+01   1.552813e-02  -1.655574e-02   1.129357e-01   5.936899e-01   3.498114e-02  -1.192647e+02
  9.0661978992316e+00   2.038048e+00   2.716114e-04   6.225968e+01   1.549172e-02  -1.657993e-02   1.099242e-01   5.937659e-01   3.420982e-02  -1.192638e+02
  9.0683957653890e+00   2.038048e+00   2.385075e-04   6.225497e+01   1.545525e-02  -1.660326e-02   1.070116e-01   5.938402e-01   3.341081e-02  -1.192629e+02
  9.0705936315464e+00   2.038049e+00   2.038685e-04   6.225057e+01   1.541873e-02  -1.663113e-02   1.041687e-01   5.939128e-01   3.258344e-02  -1.192620e+02
  9.0727914977038e+00   2.038049e+00   1.619228e-04   6.224646e+01   1.538213e-02  -1.667011e-02   1.013755e-01   5.939835e-01   3.172785e-02  -1.192612e+02
  9.0749893638612e+00   2.038049e+00   1.057511e-04   6.224262e+01   1.534543e-02  -1.672625e-02   9.862632e-02   5.940523e-01   3.084557e-02  -1.192604e+02
  9.0771872300185e+00   2.038050e+00   3.003789e-05   6.223904e+01   1.530859e-02  -1.680320e-02   9.592398e-02   5.941191e-01   2.994067e-02  -1.192596e+02
  9.0793850961759e+00   2.038050e+00  -6.688997e-05   6.223573e+01   1.527155e-02  -1.690065e-02   9.326954e-02   5.941839e-01   2.902044e-02  -1.192589e+02
  9.0815829623333e+00   2.038049e+00  -1.826630e-04   6.223273e+01   1.523428e-02  -1.701360e-02   9.066204e-02   5.942466e-01   2.809491e-02  -1.192583e+02
  9.0837808284907e+00   2.038049e+00  -3.118333e-04   6.223011e+01   1.519675e-02  -1.713306e-02   8.810747e-02   5.943074e-01   2.717501e-02  -1.192578e+02
  9.0859786946481e+00   2.038048e+00  -4.479563e-04   6.222791e+01   1.515897e-02  -1.724830e-02   8.562592e-02   5.943661e-01   2.626994e-02  -1.192575e+02
  9.0881765608055e+00   2.038047e+00  -5.853710e-04   6.222613e+01   1.512095e-02  -1.734951e-02   8.325020e-02   5.944228e-01   2.538485e-02  -1.192575e+02
  9.0903744269629e+00   2.038045e+00  -7.202969e-04   6.222477e+01   1.508273e-02  -1.742951e-02   8.101407e-02   5.944777e-01   2.451968e-02  -1.192577e+02
  9.0925722931203e+00   2.038044e+00  -8.511497e-04   6.222377e+01   1.504436e-02  -1.748414e-02   7.893841e-02   5.945306e-01   2.366938e-02  -1.192580e+02
  9.0947701592777e+00   2.038042e+00  -9.778440e-04   6.222305e+01   1.500591e-02  -1.751122e-02   7.702320e-02   5.945817e-01   2.282511e-02  -1.192585e+02
  9.0969680254350e+00   2.038039e+00  -1.100378e-03   6.222258e+01   1.496742e-02  -1.750895e-02   7.525009e-02   5.946309e-01   2.197583e-02  -1.192592e+02
  9.0991658915924e+00   2.038037e+00  -1.217568e-03   6.222232e+01   1.492898e-02  -1.747477e-02   7.359106e-02   5.946782e-01   2.111011e-02  -1.192600e+02
  9.1013637577498e+00   2.038034e+00  -1.326646e-03   6.222225e+01   1.489065e-02  -1.740505e-02   7.201625e-02   5.947236e-01   2.021782e-02  -1.192609e+02
  9.1035616239072e+00   2.038031e+00  -1.423931e-03   6.222236e+01   1.485251e-02  -1.729582e-02   7.049634e-02   5.947670e-01   1.929186e-02  -1.192620e+02
  9.1057594900646e+00   2.038028e+00  -1.506229e-03   6.222266e+01   1.481466e-02  -1.714423e-02   6.899970e-02   5.948084e-01   1.832969e-02  -1.192633e+02
  9.1079573562220e+00   2.038024e+00  -1.572228e-03   6.222315e+01   1.477720e-02  -1.695020e-02   6.748798e-02   5.948476e-01   1.733454e-02  -1.192647e+02
  9.1101552223794e+00   2.038021e+00  -1.623185e-03   6.222384e+01   1.474020e-02  -1.671769e-02   6.591430e-02   5.948846e-01   1.631579e-02  -1.192663e+02
  9.1123530885368e+00   2.038017e+00  -1.662620e-03   6.222472e+01   1.470374e-02  -1.645506e-02   6.422640e-02   5.949193e-01   1.528833e-02  -1.192680e+02
  9.1145509546942e+00   2.038013e+00  -1.695409e-03   6.222575e+01   1.466789e-02  -1.617413e-02   6.237498e-02   5.949518e-01   1.427043e-02  -1.192698e+02
  9.1167488208516e+00   2.038010e+00  -1.726998e-03   6.222689e+01   1.463265e-02  -1.588817e-02   6.032597e-02   5.949821e-01   1.328080e-02  -1.192719e+02
  9.1189466870089e+00   2.038006e+00  -1.763390e-03   6.222807e+01   1.459804e-02  -1.560919e-02   5.807445e-02   5.950102e-01   1.233510e-02  -1.192741e+02
  9.1211445531663e+00   2.038002e+00  -1.811899e-03   6.222916e+01   1.456402e-02  -1.534553e-02   5.565640e-02   5.950363e-01   1.144325e-02  -1.192765e+02
  9.1233424193237e+00   2.037998e+00  -1.881947e-03   6.223008e+01   1.453056e-02  -1.510052e-02   5.315316e-02   5.950606e-01   1.060837e-02  -1.192790e+02
  9.1255402854811e+00   2.037994e+00  -1.984909e-03   6.223074e+01   1.449762e-02  -1.487275e-02   5.068370e-02   5.950831e-01   9.827797e-03  -1.192817e+02
  9.1277381516385e+00   2.037989e+00  -2.132349e-03   6.223105e+01   1.446517e-02  -1.465759e-02   4.838359e-02   5.951039e-01   9.095973e-03  -1.192846e+02
  9.1299360177959e+00   2.037984e+00  -2.332966e-03   6.223097e+01   1.443319e-02  -1.444930e-02   4.637539e-02   5.951231e-01   8.408027e-03  -1.192876e+02
  9.1321338839533e+00   2.037979e+00  -2.589457e-03   6.223048e+01   1.440166e-02  -1.424282e-02   4.474040e-02   5.951409e-01   7.762696e-03  -1.192907e+02
  9.1343317501107e+00   2.037973e+00  -2.896901e-03   6.222962e+01   1.437058e-02  -1.403471e-02   4.350277e-02   5.951573e-01   7.163344e-03  -1.192941e+02
  9.1365296162681e+00   2.037966e+00  -3.243725e-03   6.222844e+01   1.433997e-02  -1.382328e-02   4.263185e-02   5.951724e-01   6.616731e-03  -1.192977e+02
  9.1387274824254e+00   2.037958e+00  -3.615108e-03   6.222700e+01   1.430982e-02  -1.360838e-02   4.206068e-02   5.951864e-01   6.130167e-03  -1.193014e+02
  9.1409253485828e+00   2.037950e+00  -3.997444e-03   6.222539e+01   1.428015e-02  -1.339122e-02   4.171080e-02   5.951994e-01   5.708340e-03  -1.193053e+02
  9.1431232147402e+00   2.037941e+00  -4.381834e-03   6.222369e+01   1.425095e-02  -1.317437e-02   4.151217e-02   5.952116e-01   5.351099e-03  -1.193092e+02
  9.1453210808976e+00   2.037931e+00  -4.764982e-03   6.222194e+01   1.422223e-02  -1.296168e-02   4.141132e-02   5.952230e-01   5.052909e-03  -1.193131e+02
  9.1475189470550e+00   2.037920e+00  -5.147155e-03   6.222014e+01   1.419397e-02  -1.275758e-02   4.136876e-02   5.952339e-01   4.803885e-03  -1.193169e+02
  9.1497168132124e+00   2.037908e+00  -5.528354e-03   6.221829e+01   1.416614e-02  -1.256560e-02   4.135314e-02   5.952442e-01   4.591719e-03  -1.193206e+02
  9.1519146793698e+00   2.037895e+00  -5.904783e-03   6.221637e+01   1.413872e-02  -1.238654e-02   4.134034e-02   5.952541e-01   4.403667e-03  -1.193241e+02
  9.1541125455272e+00   2.037882e+00  -6.267590e-03   6.221437e+01   1.411168e-02  -1.221716e-02   4.132085e-02   5.952635e-01   4.228037e-03  -1.193275e+02
  9.1563104116846e+00   2.037868e+00  -6.604651e-03   6.221232e+01   1.408501e-02  -1.205002e-02   4.131128e-02   5.952727e-01   4.055057e-03  -1.193307e+02
  9.1585082778420e+00   2.037853e+00  -6.904640e-03   6.221027e+01   1.405872e-02  -1.187503e-02   4.136093e-02   5.952814e-01   3.877357e-03  -1.193339e+02
  9.1607061439993e+00   2.037838e+00  -7.161430e-03   6.220831e+01   1.403283e-02  -1.168208e-02   4.154575e-02   5.952897e-01   3.690398e-03  -1.193371e+02
  9.1629040101567e+00   2.037822e+00  -7.376725e-03   6.220650e+01   1.400740e-02  -1.146391e-02   4.194876e-02   5.952976e-01   3.493021e-03  -1.193403e+02
  9.1651018763141e+00   2.037805e+00  -7.559711e-03   6.220489e+01   1.398247e-02  -1.121793e-02   4.263442e-02   5.953050e-01   3.288037e-03  -1.193437e+02
  9.1672997424715e+00   2.037789e+00  -7.723930e-03   6.220348e+01   1.395811e-02  -1.094647e-02   4.362940e-02   5.953120e-01   3.082491e-03  -1.193472e+02
  9.1694976086289e+00   2.037771e+00  -7.882821e-03   6.220226e+01   1.393437e-02  -1.065551e-02   4.491918e-02   5.953186e-01   2.887192e-03  -1.193510e+02
  9.1716954747863e+00   2.037754e+00  -8.045813e-03   6.220120e+01   1.391129e-02  -1.035261e-02   4.646199e-02   5.953247e-01   2.715242e-03  -1.193551e+02
  9.1738933409437e+00   2.037736e+00  -8.216391e-03   6.220025e+01   1.388887e-02  -1.004498e-02   4.821190e-02   5.953305e-01   2.579722e-03  -1.193595e+02
  9.1760912071011e+00   2.037718e+00  -8.392555e-03   6.219938e+01   1.386713e-02  -9.738341e-03   5.013841e-02   5.953361e-01   2.491119e-03  -1.193641e+02
  9.1782890732585e+00   2.037699e+00  -8.569011e-03   6.219855e+01   1.384606e-02  -9.436657e-03   5.223313e-02   5.953415e-01   2.455314e-03  -1.193689e+02
  9.1804869394158e+00   2.037680e+00  -8.739883e-03   6.219773e+01   1.382564e-02  -9.142525e-03   5.450244e-02   5.953469e-01   2.472841e-03  -1.193739e+02
  9.1826848055732e+00   2.037661e+00  -8.900745e-03   6.219691e+01   1.380586e-02  -8.857828e-03   5.695300e-02   5.953524e-01   2.539650e-03  -1.193789e+02
  9.1848826717306e+00   2.037641e+00  -9.049358e-03   6.219607e+01   1.378669e-02  -8.584327e-03   5.958026e-02   5.953581e-01   2.649016e-03  -1.193840e+02
  9.1870805378880e+00   2.037621e+00  -9.185228e-03   6.219518e+01   1.376811e-02  -8.324111e-03   6.236584e-02   5.953641e-01   2.793822e-03  -1.193890e+02
  9.1892784040454e+00   2.037601e+00  -9.308623e-03   6.219423e+01   1.375008e-02  -8.079780e-03   6.528326e-02   5.953704e-01   2.968441e-03  -1.193941e+02
  9.1914762702028e+00   2.037580e+00  -9.419788e-03   6.219319e+01   1.373257e-02  -7.854268e-03   6.830627e-02   5.953771e-01   3.169731e-03  -1.193992e+02
  9.1936741363602e+00   2.037560e+00  -9.518818e-03   6.219206e+01   1.371554e-02  -7.650161e-03   7.141405e-02   5.953844e-01   3.397125e-03  -1.194042e+02
  9.1958720025176e+00   2.037539e+00  -9.606102e-03   6.219084e+01   1.369892e-02  -7.468598e-03   7.459188e-02   5.953921e-01   3.652065e-03  -1.194092e+02
  9.1980698686750e+00   2.037517e+00  -9.682870e-03   6.218952e+01   1.368268e-02  -7.308057e-03   7.782976e-02   5.954005e-01   3.937125e-03  -1.194142e+02
  9.2002677348324e+00   2.037496e+00  -9.751348e-03   6.218812e+01   1.366678e-02  -7.163630e-03   8.112264e-02   5.954095e-01   4.255056e-03  -1.194191e+02
  9.2024656009897e+00   2.037474e+00  -9.814283e-03   6.218665e+01   1.365118e-02  -7.027290e-03   8.447299e-02   5.954192e-01   4.607890e-03  -1.194241e+02
  9.2046634671471e+00   2.037453e+00  -9.874096e-03   6.218509e+01   1.363589e-02  -6.889268e-03   8.789279e-02   5.954297e-01   4.996212e-03  -1.194290e+02
  9.2068613333045e+00   2.037431e+00  -9.932153e-03   6.218342e+01   1.362091e-02  -6.740144e-03   9.140119e-02   5.954412e-01   5.418760e-03  -1.194339e+02
  9.2090591994619e+00   2.037409e+00  -9.988585e-03   6.218163e+01   1.360628e-02  -6.572845e-03   9.501660e-02   5.954536e-01   5.872467e-03  -1.194388e+02
  9.2112570656193e+00   2.037387e+00  -1.004268e-02   6.217966e+01   1.359204e-02  -6.383777e-03   9.874666e-02   5.954670e-01   6.352946e-03  -1.194436e+02
  9.2134549317767e+00   2.037365e+00  -1.009351e-02   6.217750e+01   1.357825e-02  -6.172702e-03   1.025820e-01   5.954815e-01   6.855240e-03  -1.194482e+02
  9.2156527979341e+00   2.037343e+00  -1.014022e-02   6.217514e+01   1.356493e-02  -5.941569e-03   1.064977e-01   5.954971e-01   7.374537e-03  -1.194528e+02
  9.2178506640915e+00   2.037320e+00  -1.018194e-02   6.217260e+01   1.355215e-02  -5.692904e-03   1.104633e-01   5.955139e-01   7.906579e-03  -1.194571e+02
  9.2200485302489e+00   2.037298e+00  -1.021732e-02   6.216988e+01   1.353993e-02  -5.428477e-03   1.144541e-01   5.955319e-01   8.447668e-03  -1.194614e+02
  9.2222463964062e+00   2.037276e+00  -1.024441e-02   6.216703e+01   1.352830e-02  -5.148711e-03   1.184593e-01   5.955511e-01   8.994388e-03  -1.194655e+02
  9.2244442625636e+00   2.037253e+00  -1.026107e-02   6.216411e+01   1.351731e-02  -4.852898e-03   1.224828e-01   5.955715e-01   9.543287e-03  -1.194694e+02
  9.2266421287210e+00   2.037230e+00  -1.026599e-02   6.216119e+01   1.350699e-02  -4.539987e-03   1.265358e-01   5.955931e-01   1.009075e-02  -1.194732e+02
  9.2288399948784e+00   2.037208e+00  -1.025960e-02   6.215833e+01   1.349737e-02  -4.209564e-03   1.306287e-01   5.956159e-01   1.063324e-02  -1.194769e+02
  9.2310378610358e+00   2.037185e+00  -1.024418e-02   6.215558e+01   1.348850e-02  -3.862684e-03   1.347646e-01   5.956398e-01   1.116776e-02  -1.194804e+02
  9.2332357271932e+00   2.037163e+00  -1.022286e-02   6.215300e+01   1.348041e-02  -3.502337e-03   1.389388e-01   5.956649e-01   1.169244e-02  -1.194838e+02
  9.2354335933506e+00   2.037140e+00  -1.019778e-02   6.215061e+01   1.347312e-02  -3.133439e-03   1.431421e-01   5.956912e-01   1.220693e-02  -1.194870e+02
  9.2376314595080e+00   2.037118e+00  -1.016831e-02   6.214841e+01   1.346664e-02  -2.762376e-03   1.473654e-01   5.957186e-01   1.271232e-02  -1.194900e+02
  9.2398293256654e+00   2.037095e+00  -1.013042e-02   6.214643e+01   1.346097e-02  -2.396175e-03   1.516024e-01   5.957471e-01   1.321056e-02  -1.194929e+02
  9.2420271918228e+00   2.037073e+00  -1.007750e-02   6.214468e+01   1.345609e-02  -2.041543e-03   1.558493e-01   5.957766e-01   1.370354e-02  -1.194955e+02
  9.2442250579801e+00   2.037051e+00  -1.000255e-02   6.214318e+01   1.345198e-02  -1.704037e-03   1.601021e-01   5.958073e-01   1.419209e-02  -1.194979e+02
  9.2464229241375e+00   2.037029e+00  -9.900531e-03   6.214196e+01   1.344858e-02  -1.387610e-03   1.643542e-01   5.958390e-01   1.467544e-02  -1.195002e+02
  9.2486207902949e+00   2.037007e+00  -9.769820e-03   6.214106e+01   1.344585e-02  -1.094646e-03   1.685956e-01   5.958717e-01   1.515117e-02  -1.195023e+02
  9.2508186564523e+00   2.036986e+00  -9.612149e-03   6.214049e+01   1.344374e-02  -8.263678e-04   1.728145e-01   5.959055e-01   1.561587e-02  -1.195043e+02
  9.2530165226097e+00   2.036965e+00  -9.431041e-03   6.214027e+01   1.344219e-02  -5.833387e-04   1.770006e-01   5.959404e-01   1.606603e-02  -1.195061e+02
  9.2552143887671e+00   2.036945e+00  -9.229667e-03   6.214040e+01   1.344115e-02  -3.657450e-04   1.811482e-01   5.959761e-01   1.649895e-02  -1.195076e+02
  9.2574122549245e+00   2.036925e+00  -9.009152e-03   6.214089e+01   1.344056e-02  -1.732966e-04   1.852589e-01   5.960128e-01   1.691323e-02  -1.195090e+02
  9.2596101210819e+00   2.036905e+00  -8.768135e-03   6.214177e+01   1.344036e-02  -4.834983e-06   1.893419e-01   5.960504e-01   1.730878e-02  -1.195100e+02
  9.2618079872393e+00   2.036886e+00  -8.503626e-03   6.214305e+01   1.344051e-02   1.420567e-04   1.934130e-01   5.960889e-01   1.768661e-02  -1.195109e+02
  9.2640058533966e+00   2.036868e+00  -8.212640e-03   6.214477e+01   1.344097e-02   2.710981e-04   1.974918e-01   5.961282e-01   1.804836e-02  -1.195116e+02
  9.2662037195540e+00   2.036850e+00  -7.893717e-03   6.214690e+01   1.344169e-02   3.868224e-04   2.015973e-01   5.961682e-01   1.839600e-02  -1.195121e+02
  9.2684015857114e+00   2.036833e+00  -7.547663e-03   6.214942e+01   1.344266e-02   4.936349e-04   2.057429e-01   5.962090e-01   1.873161e-02  -1.195126e+02
  9.2705994518688e+00   2.036817e+00  -7.177304e-03   6.215228e+01   1.344385e-02   5.947455e-04   2.099327e-01   5.962506e-01   1.905734e-02  -1.195130e+02
  9.2727973180262e+00   2.036802e+00  -6.786547e-03   6.215541e+01   1.344527e-02   6.913820e-04   2.141595e-01   5.962929e-01   1.937545e-02  -1.195133e+02
  9.2749951841836e+00   2.036787e+00  -6.379293e-03   6.215875e+01   1.344689e-02   7.825855e-04   2.184057e-01   5.963358e-01   1.968826e-02  -1.195136e+02
  9.2771930503410e+00   2.036773e+00  -5.958722e-03   6.216225e+01   1.344870e-02   8.656472e-04   2.226480e-01   5.963794e-01   1.999795e-02  -1.195139e+02
  9.2793909164984e+00   2.036761e+00  -5.527138e-03   6.216588e+01   1.345068e-02   9.370054e-04   2.268623e-01   5.964237e-01   2.030629e-02  -1.195141e+02
  9.2815887826558e+00   2.036749e+00  -5.086245e-03   6.216962e+01   1.345280e-02   9.932795e-04   2.310276e-01   5.964686e-01   2.061427e-02  -1.195143e+02
  9.2837866488132e+00   2.036738e+00  -4.637575e-03   6.217346e+01   1.345502e-02   1.032119e-03   2.351276e-01   5.965143e-01   2.092182e-02  -1.195144e+02
  9.2859845149705e+00   2.036729e+00  -4.182736e-03   6.217737e+01   1.345732e-02   1.052650e-03   2.391494e-01   5.965606e-01   2.122781e-02  -1.195144e+02
  9.2881823811279e+00   2.036720e+00  -3.723343e-03   6.218134e+01   1.345963e-02   1.055475e-03   2.430826e-01   5.966076e-01   2.153028e-02  -1.195145e+02
  9.2903802472853e+00   2.036712e+00  -3.260677e-03   6.218536e+01   1.346194e-02   1.042297e-03   2.469189e-01   5.966552e-01   2.182693e-02  -1.195144e+02
  9.2925781134427e+00   2.036706e+00  -2.795299e-03   6.218943e+01   1.346420e-02   1.015386e-03   2.506529e-01   5.967035e-01   2.211560e-02  -1.195144e+02
  9.2947759796001e+00   2.036700e+00  -2.326870e-03   6.219354e+01   1.346639e-02   9.770817e-04   2.542834e-01   5.967524e-01   2.239464e-02  -1.195143e+02
  9.2969738457575e+00   2.036695e+00  -1.854380e-03   6.219768e+01   1.346848e-02   9.295356e-04   2.578125e-01   5.968019e-01   2.266305e-02  -1.195142e+02
  9.2991717119149e+00   2.036692e+00  -1.376785e-03   6.220185e+01   1.347047e-02   8.747335e-04   2.612421e-01   5.968520e-01   2.292044e-02  -1.195140e+02
  9.3013695780723e+00   2.036690e+00  -8.938570e-04   6.220601e+01   1.347232e-02   8.147202e-04   2.645693e-01   5.969027e-01   2.316703e-02  -1.195138e+02
  9.3035674442297e+00   2.036688e+00  -4.068485e-04   6.221014e+01   1.347405e-02   7.518170e-04   2.677837e-01   5.969539e-01   2.340351e-02  -1.195137e+02
  9.3057653103870e+00   2.036688e+00   8.135630e-05   6.221423e+01   1.347563e-02   6.886247e-04   2.708687e-01   5.970055e-01   2.363106e-02  -1.195136e+02
  9.3079631765444e+00   2.036688e+00   5.667660e-04   6.221824e+01   1.347707e-02   6.277171e-04   2.738070e-01   5.970577e-01   2.385120e-02  -1.195136e+02
  9.3101610427018e+00   2.036690e+00   1.045294e-03   6.222214e+01   1.347839e-02   5.711223e-04   2.765865e-01   5.971103e-01   2.406555e-02  -1.195137e+02
  9.3123589088592e+00   2.036693e+00   1.513815e-03   6.222594e+01   1.347959e-02   5.198281e-04   2.792049e-01   5.971634e-01   2.427552e-02  -1.195139e+02
  9.3145567750166e+00   2.036697e+00   1.970763e-03   6.222964e+01   1.348068e-02   4.735576e-04   2.816687e-01   5.972170e-01   2.448200e-02  -1.195142e+02
  9.3167546411740e+00   2.036701e+00   2.416016e-03   6.223323e+01   1.348168e-02   4.309139e-04   2.839887e-01   5.972710e-01   2.468523e-02  -1.195146e+02
  9.3189525073314e+00   2.036707e+00   2.850160e-03   6.223672e+01   1.348258e-02   3.897914e-04   2.861739e-01   5.973255e-01   2.488488e-02  -1.195149e+02
  9.3211503734888e+00   2.036714e+00   3.273576e-03   6.224013e+01   1.348339e-02   3.478144e-04   2.882268e-01   5.973804e-01   2.508031e-02  -1.195151e+02
  9.3233482396462e+00   2.036721e+00   3.685862e-03   6.224345e+01   1.348410e-02   3.025896e-04   2.901422e-01   5.974357e-01   2.527098e-02  -1.195154e+02
  9.3255461058036e+00   2.036730e+00   4.085887e-03   6.224670e+01   1.348471e-02   2.517200e-04   2.919087e-01   5.974914e-01   2.545673e-02  -1.195156e+02
  9.3277439719609e+00   2.036739e+00   4.472414e-03   6.224987e+01   1.348520e-02   1.927175e-04   2.935124e-01   5.975476e-01   2.563801e-02  -1.195158e+02
  9.3299418381183e+00   2.036750e+00   4.844916e-03   6.225296e+01   1.348555e-02   1.230312e-04   2.949399e-01   5.976042e-01   2.581595e-02  -1.195159e+02
  9.3321397042757e+00   2.036761e+00   5.204096e-03   6.225600e+01   1.348573e-02   4.033272e-05   2.961814e-01   5.976611e-01   2.599225e-02  -1.195161e+02
  9.3343375704331e+00   2.036772e+00   5.551833e-03   6.225898e+01   1.348571e-02  -5.698899e-05   2.972320e-01   5.977184e-01   2.616894e-02  -1.195163e+02
  9.3365354365905e+00   2.036785e+00   5.890523e-03   6.226193e+01   1.348546e-02  -1.693362e-04   2.980925e-01   5.977761e-01   2.634818e-02  -1.195166e+02
  9.3387333027479e+00   2.036798e+00   6.222154e-03   6.226485e+01   1.348495e-02  -2.956723e-04   2.987696e-01   5.978342e-01   2.653212e-02  -1.195168e+02
  9.3409311689053e+00   2.036813e+00   6.547502e-03   6.226777e+01   1.348415e-02  -4.336949e-04   2.992733e-01   5.978928e-01   2.672286e-02  -1.195171e+02
  9.3431290350627e+00   2.036827e+00   6.865815e-03   6.227066e+01   1.348303e-02  -5.803602e-04   2.996154e-01   5.979517e-01   2.692255e-02  -1.195175e+02
  9.3453269012201e+00   2.036843e+00   7.175085e-03   6.227353e+01   1.348159e-02  -7.325395e-04   2.998071e-01   5.980111e-01   2.713349e-02  -1.195179e+02
  9.3475247673774e+00   2.036859e+00   7.472756e-03   6.227638e+01   1.347981e-02  -8.875480e-04   2.998580e-01   5.980710e-01   2.735814e-02  -1.195183e+02
  9.3497226335348e+00   2.036876e+00   7.756562e-03   6.227919e+01   1.347769e-02  -1.043371e-03   2.997769e-01   5.981314e-01   2.759880e-02  -1.195188e+02
  9.3519204996922e+00   2.036893e+00   8.025135e-03   6.228196e+01   1.347522e-02  -1.198580e-03   2.995735e-01   5.981923e-01   2.785722e-02  -1.195193e+02
  9.3541183658496e+00   2.036911e+00   8.278160e-03   6.228471e+01   1.347242e-02  -1.352063e-03   2.992595e-01   5.982538e-01   2.813416e-02  -1.195199e+02
  9.3563162320070e+00   2.036929e+00   8.516070e-03   6.228743e+01   1.346928e-02  -1.502756e-03   2.988480e-01   5.983160e-01   2.842918e-02  -1.195205e+02
  9.3585140981644e+00   2.036948e+00   8.739471e-03   6.229013e+01   1.346582e-02  -1.649498e-03   2.983513e-01   5.983788e-01   2.874069e-02  -1.195211e+02
  9.3607119643218e+00   2.036968e+00   8.948602e-03   6.229283e+01   1.346204e-02  -1.791053e-03   2.977779e-01   5.984424e-01   2.906640e-02  -1.195218e+02
  9.3629098304792e+00   2.036988e+00   9.143096e-03   6.229554e+01   1.345795e-02  -1.926215e-03   2.971303e-01   5.985066e-01   2.940388e-02  -1.195225e+02
  9.3651076966366e+00   2.037008e+00   9.322152e-03   6.229826e+01   1.345358e-02  -2.053892e-03   2.964054e-01   5.985717e-01   2.975119e-02  -1.195234e+02
  9.3673055627940e+00   2.037029e+00   9.485002e-03   6.230102e+01   1.344893e-02  -2.173090e-03   2.955982e-01   5.986375e-01   3.010720e-02  -1.195243e+02
  9.3695034289513e+00   2.037050e+00   9.631422e-03   6.230381e+01   1.344404e-02  -2.282793e-03   2.947061e-01   5.987040e-01   3.047165e-02  -1.195254e+02
  9.3717012951087e+00   2.037071e+00   9.762032e-03   6.230662e+01   1.343891e-02  -2.381814e-03   2.937329e-01   5.987714e-01   3.084494e-02  -1.195267e+02
  9.3738991612661e+00   2.037093e+00   9.878195e-03   6.230944e+01   1.343358e-02  -2.468734e-03   2.926901e-01   5.988396e-01   3.122777e-02  -1.195281e+02
  9.3760970274235e+00   2.037115e+00   9.981591e-03   6.231228e+01   1.342807e-02  -2.542011e-03   2.915961e-01   5.989087e-01   3.162080e-02  -1.195296e+02
  9.3782948935809e+00   2.037137e+00   1.007369e-02   6.231511e+01   1.342242e-02  -2.600275e-03   2.904719e-01   5.989786e-01   3.202439e-02  -1.195312e+02
  9.3804927597383e+00   2.037159e+00   1.015535e-02   6.231793e+01   1.341666e-02  -2.642702e-03   2.893376e-01   5.990494e-01   3.243861e-02  -1.195330e+02
  9.3826906258957e+00   2.037181e+00   1.022683e-02   6.232074e+01   1.341082e-02  -2.669348e-03   2.882085e-01   5.991212e-01   3.286328e-02  -1.195348e+02
  9.3848884920531e+00   2.037204e+00   1.028812e-02   6.232354e+01   1.340494e-02  -2.681232e-03   2.870944e-01   5.991939e-01   3.329807e-02  -1.195366e+02
  9.3870863582105e+00   2.037226e+00   1.033940e-02   6.232633e+01   1.339905e-02  -2.680117e-03   2.859994e-01   5.992676e-01   3.374250e-02  -1.195385e+02
  9.3892842243678e+00   2.037249e+00   1.038147e-02   6.232911e+01   1.339317e-02  -2.667988e-03   2.849232e-01   5.993423e-01   3.419579e-02  -1.195405e+02
  9.3914820905252e+00   2.037272e+00   1.041574e-02   6.233187e+01   1.338733e-02  -2.646388e-03   2.838615e-01   5.994179e-01   3.465679e-02  -1.195425e+02
  9.3936799566826e+00   2.037295e+00   1.044396e-02   6.233464e+01   1.338155e-02  -2.615854e-03   2.828074e-01   5.994946e-01   3.512384e-02  -1.195446e+02
  9.3958778228400e+00   2.037318e+00   1.046764e-02   6.233742e+01   1.337584e-02  -2.575672e-03   2.817518e-01   5.995724e-01   3.559498e-02  -1.195468e+02
  9.3980756889974e+00   2.037341e+00   1.048759e-02   6.234021e+01   1.337024e-02  -2.524062e-03   2.806847e-01   5.996511e-01   3.606817e-02  -1.195491e+02
  9.4002735551548e+00   2.037364e+00   1.050374e-02   6.234302e+01   1.336476e-02  -2.458730e-03   2.795970e-01   5.997309e-01   3.654164e-02  -1.195515e+02
  9.4024714213122e+00   2.037387e+00   1.051535e-02   6.234586e+01   1.335945e-02  -2.377598e-03   2.784814e-01   5.998117e-01   3.701422e-02  -1.195541e+02
  9.4046692874696e+00   2.037410e+00   1.052145e-02   6.234874e+01   1.335433e-02  -2.279422e-03   2.773333e-01   5.998936e-01   3.748543e-02  -1.195568e+02
  9.4068671536270e+00   2.037434e+00   1.052133e-02   6.235163e+01   1.334945e-02  -2.164117e-03   2.761507e-01   5.999765e-01   3.795544e-02  -1.195596e+02
  9.4090650197844e+00   2.037457e+00   1.051477e-02   6.235454e+01   1.334484e-02  -2.032699e-03   2.749338e-01   6.000605e-01   3.842482e-02  -1.195625e+02
  9.4112628859417e+00   2.037480e+00   1.050213e-02   6.235743e+01   1.334053e-02  -1.886975e-03   2.736852e-01   6.001455e-01   3.889427e-02  -1.195654e+02
  9.4134607520991e+00   2.037503e+00   1.048404e-02   6.236031e+01   1.333655e-02  -1.729135e-03   2.724100e-01   6.002315e-01   3.936428e-02  -1.195684e+02
  9.4156586182565e+00   2.037526e+00   1.046115e-02   6.236317e+01   1.333294e-02  -1.561436e-03   2.711155e-01   6.003185e-01   3.983502e-02  -1.195714e+02
  9.4178564844139e+00   2.037549e+00   1.043385e-02   6.236600e+01   1.332970e-02  -1.386036e-03   2.698101e-01   6.004066e-01   4.030626e-02  -1.195743e+02
  9.4200543505713e+00   2.037572e+00   1.040220e-02   6.236881e+01   1.332685e-02  -1.204946e-03   2.685018e-01   6.004957e-01   4.077741e-02  -1.195773e+02
  9.4222522167287e+00   2.037595e+00   1.036591e-02   6.237162e+01   1.332441e-02  -1.019998e-03   2.671955e-01   6.005858e-01   4.124778e-02  -1.195802e+02
  9.4244500828861e+00   2.037617e+00   1.032449e-02   6.237442e+01   1.332237e-02  -8.327698e-04   2.658921e-01   6.006770e-01   4.171676e-02  -1.195831e+02
  9.4266479490435e+00   2.037640e+00   1.027738e-02   6.237723e+01   1.332075e-02  -6.444639e-04   2.645896e-01   6.007692e-01   4.218398e-02  -1.195859e+02
  9.4288458152009e+00   2.037663e+00   1.022409e-02   6.238006e+01   1.331954e-02  -4.558111e-04   2.632847e-01   6.008624e-01   4.264941e-02  -1.195887e+02
  9.4310436813582e+00   2.037685e+00   1.016431e-02   6.238292e+01   1.331874e-02  -2.670885e-04   2.619767e-01   6.009567e-01   4.311335e-02  -1.195915e+02
  9.4332415475156e+00   2.037707e+00   1.009802e-02   6.238581e+01   1.331836e-02  -7.828548e-05   2.606689e-01   6.010519e-01   4.357639e-02  -1.195942e+02
  9.4354394136730e+00   2.037729e+00   1.002546e-02   6.238873e+01   1.331840e-02   1.106259e-04   2.593702e-01   6.011482e-01   4.403930e-02  -1.195967e+02
  9.4376372798304e+00   2.037751e+00   9.947116e-03   6.239169e+01   1.331885e-02   2.994264e-04   2.580939e-01   6.012455e-01   4.450304e-02  -1.195992e+02
  9.4398351459878e+00   2.037773e+00   9.863568e-03   6.239468e+01   1.331972e-02   4.875116e-04   2.568559e-01   6.013438e-01   4.496866e-02  -1.196015e+02
  9.4420330121452e+00   2.037795e+00   9.775368e-03   6.239769e+01   1.332099e-02   6.739513e-04   2.556732e-01   6.014432e-01   4.543728e-02  -1.196036e+02
  9.4442308783026e+00   2.037816e+00   9.682892e-03   6.240072e+01   1.332267e-02   8.577342e-04   2.545626e-01   6.015435e-01   4.590994e-02  -1.196056e+02
  9.4464287444600e+00   2.037837e+00   9.586224e-03   6.240375e+01   1.332476e-02   1.038097e-03   2.535400e-01   6.016450e-01   4.638748e-02  -1.196074e+02
  9.4486266106174e+00   2.037858e+00   9.485073e-03   6.240676e+01   1.332723e-02   1.214801e-03   2.526201e-01   6.017475e-01   4.687042e-02  -1.196090e+02
  9.4508244767748e+00   2.037879e+00   9.378742e-03   6.240974e+01   1.333009e-02   1.388228e-03   2.518161e-01   6.018510e-01   4.735883e-02  -1.196103e+02
  9.4530223429321e+00   2.037899e+00   9.266144e-03   6.241267e+01   1.333333e-02   1.559251e-03   2.511394e-01   6.019556e-01   4.785224e-02  -1.196114e+02
  9.4552202090895e+00   2.037920e+00   9.145898e-03   6.241553e+01   1.333695e-02   1.728924e-03   2.505992e-01   6.020613e-01   4.834966e-02  -1.196122e+02
  9.4574180752469e+00   2.037940e+00   9.016513e-03   6.241832e+01   1.334093e-02   1.898111e-03   2.502021e-01   6.021681e-01   4.884958e-02  -1.196128e+02
  9.4596159414043e+00   2.037959e+00   8.876639e-03   6.242102e+01   1.334529e-02   2.067207e-03   2.499521e-01   6.022761e-01   4.935011e-02  -1.196132e+02
  9.4618138075617e+00   2.037979e+00   8.725354e-03   6.242363e+01   1.335002e-02   2.236045e-03   2.498502e-01   6.023851e-01   4.984922e-02  -1.196132e+02
  9.4640116737191e+00   2.037998e+00   8.562404e-03   6.242614e+01   1.335512e-02   2.404003e-03   2.498955e-01   6.024952e-01   5.034493e-02  -1.196130e+02
  9.4662095398765e+00   2.038016e+00   8.388338e-03   6.242854e+01   1.336058e-02   2.570225e-03   2.500852e-01   6.026064e-01   5.083562e-02  -1.196126e+02
  9.4684074060339e+00   2.038034e+00   8.204493e-03   6.243082e+01   1.336641e-02   2.733814e-03   2.504167e-01   6.027186e-01   5.132012e-02  -1.196118e+02
  9.4706052721913e+00   2.038052e+00   8.012800e-03   6.243299e+01   1.337260e-02   2.893906e-03   2.508875e-01   6.028319e-01   5.179773e-02  -1.196107e+02
  9.4728031383486e+00   2.038070e+00   7.815463e-03   6.243505e+01   1.337913e-02   3.049588e-03   2.514958e-01   6.029463e-01   5.226804e-02  -1.196093e+02
  9.4750010045060e+00   2.038087e+00   7.614589e-03   6.243699e+01   1.338600e-02   3.199729e-03   2.522393e-01   6.030617e-01   5.273065e-02  -1.196077e+02
  9.4771988706634e+00   2.038103e+00   7.411857e-03   6.243881e+01   1.339319e-02   3.342858e-03   2.531132e-01   6.031781e-01   5.318489e-02  -1.196057e+02
  9.4793967368208e+00   2.038119e+00   7.208324e-03   6.244050e+01   1.340068e-02   3.477194e-03   2.541084e-01   6.032954e-01   5.362968e-02  -1.196034e+02
  9.4815946029782e+00   2.038135e+00   7.004424e-03   6.244205e+01   1.340846e-02   3.600879e-03   2.552099e-01   6.034138e-01   5.406351e-02  -1.196009e+02
  9.4837924691356e+00   2.038150e+00   6.800150e-03   6.244345e+01   1.341650e-02   3.712327e-03   2.563964e-01   6.035331e-01   5.448454e-02  -1.195980e+02
  9.4859903352930e+00   2.038165e+00   6.595334e-03   6.244468e+01   1.342476e-02   3.810585e-03   2.576423e-01   6.036533e-01   5.489083e-02  -1.195949e+02
  9.4881882014504e+00   2.038179e+00   6.389962e-03   6.244574e+01   1.343323e-02   3.895535e-03   2.589205e-01   6.037744e-01   5.528055e-02  -1.195916e+02
  9.4903860676078e+00   2.038193e+00   6.184371e-03   6.244661e+01   1.344187e-02   3.967864e-03   2.602053e-01   6.038963e-01   5.565204e-02  -1.195881e+02
  9.4925839337652e+00   2.038206e+00   5.979303e-03   6.244730e+01   1.345066e-02   4.028824e-03   2.614749e-01   6.040190e-01   5.600384e-02  -1.195844e+02
  9.4947817999225e+00   2.038219e+00   5.775792e-03   6.244781e+01   1.345957e-02   4.079862e-03   2.627120e-01   6.041424e-01   5.633457e-02  -1.195805e+02
  9.4969796660799e+00   2.038232e+00   5.574953e-03   6.244815e+01   1.346859e-02   4.122290e-03   2.639036e-01   6.042666e-01   5.664289e-02  -1.195764e+02
  9.4991775322373e+00   2.038244e+00   5.377753e-03   6.244831e+01   1.347768e-02   4.157080e-03   2.650388e-01   6.043914e-01   5.692737e-02  -1.195722e+02
  9.5013753983947e+00   2.038255e+00   5.184837e-03   6.244831e+01   1.348685e-02   4.184844e-03   2.661072e-01   6.045168e-01   5.718656e-02  -1.195678e+02
  9.5035732645521e+00   2.038266e+00   4.996464e-03   6.244815e+01   1.349607e-02   4.205937e-03   2.670985e-01   6.046427e-01   5.741905e-02  -1.195633e+02
  9.5057711307095e+00   2.038277e+00   4.812536e-03   6.244785e+01   1.350533e-02   4.220591e-03   2.680021e-01   6.047692e-01   5.762347e-02  -1.195587e+02
  9.5079689968669e+00   2.038288e+00   4.632711e-03   6.244740e+01   1.351462e-02   4.228985e-03   2.688089e-01   6.048960e-01   5.779849e-02  -1.195538e+02
  9.5101668630243e+00   2.038298e+00   4.456531e-03   6.244682e+01   1.352391e-02   4.231226e-03   2.695113e-01   6.050232e-01   5.794270e-02  -1.195489e+02
  9.5123647291817e+00   2.038307e+00   4.283548e-03   6.244610e+01   1.353321e-02   4.227264e-03   2.701042e-01   6.051507e-01   5.805445e-02  -1.195437e+02
  9.5145625953391e+00   2.038316e+00   4.113430e-03   6.244525e+01   1.354249e-02   4.216840e-03   2.705835e-01   6.052784e-01   5.813178e-02  -1.195385e+02
  9.5167604614964e+00   2.038325e+00   3.946039e-03   6.244427e+01   1.355174e-02   4.199508e-03   2.709457e-01   6.054062e-01   5.817240e-02  -1.195330e+02
  9.5189583276538e+00   2.038334e+00   3.781486e-03   6.244316e+01   1.356094e-02   4.174780e-03   2.711864e-01   6.055340e-01   5.817388e-02  -1.195275e+02
  9.5211561938112e+00   2.038342e+00   3.620143e-03   6.244192e+01   1.357008e-02   4.142305e-03   2.713002e-01   6.056618e-01   5.813386e-02  -1.195218e+02
  9.5233540599686e+00   2.038350e+00   3.462587e-03   6.244057e+01   1.357914e-02   4.102018e-03   2.712810e-01   6.057895e-01   5.805040e-02  -1.195160e+02
  9.5255519261260e+00   2.038357e+00   3.309469e-03   6.243913e+01   1.358810e-02   4.054138e-03   2.711230e-01   6.059169e-01   5.792214e-02  -1.195102e+02
  9.5277497922834e+00   2.038364e+00   3.161317e-03   6.243760e+01   1.359695e-02   3.999028e-03   2.708211e-01   6.060441e-01   5.774847e-02  -1.195042e+02
  9.5299476584408e+00   2.038371e+00   3.018330e-03   6.243601e+01   1.360567e-02   3.936940e-03   2.703718e-01   6.061707e-01   5.752947e-02  -1.194982e+02
  9.5321455245982e+00   2.038378e+00   2.880238e-03   6.243439e+01   1.361425e-02   3.867766e-03   2.697728e-01   6.062968e-01   5.726580e-02  -1.194921e+02
  9.5343433907556e+00   2.038384e+00   2.746291e-03   6.243274e+01   1.362267e-02   3.790930e-03   2.690221e-01   6.064224e-01   5.695849e-02  -1.194860e+02
  9.5365412569129e+00   2.038390e+00   2.615376e-03   6.243109e+01   1.363091e-02   3.705473e-03   2.681180e-01   6.065472e-01   5.660879e-02  -1.194798e+02
  9.5387391230703e+00   2.038395e+00   2.486244e-03   6.242945e+01   1.363895e-02   3.610315e-03   2.670581e-01   6.066712e-01   5.621799e-02  -1.194736e+02
  9.5409369892277e+00   2.038401e+00   2.357744e-03   6.242781e+01   1.364676e-02   3.504609e-03   2.658402e-01   6.067942e-01   5.578739e-02  -1.194675e+02
  9.5431348553851e+00   2.038406e+00   2.228996e-03   6.242620e+01   1.365434e-02   3.388023e-03   2.644623e-01   6.069163e-01   5.531826e-02  -1.194613e+02
  9.5453327215425e+00   2.038410e+00   2.099466e-03   6.242462e+01   1.366164e-02   3.260871e-03   2.629244e-01   6.070373e-01   5.481196e-02  -1.194553e+02
  9.5475305876999e+00   2.038415e+00   1.968950e-03   6.242307e+01   1.366866e-02   3.124018e-03   2.612291e-01   6.071572e-01   5.426997e-02  -1.194492e+02
  9.5497284538573e+00   2.038419e+00   1.837515e-03   6.242155e+01   1.367537e-02   2.978645e-03   2.593824e-01   6.072758e-01   5.369398e-02  -1.194433e+02
  9.5519263200147e+00   2.038423e+00   1.705456e-03   6.242006e+01   1.368175e-02   2.825965e-03   2.573932e-01   6.073932e-01   5.308591e-02  -1.194375e+02
  9.5541241861721e+00   2.038427e+00   1.573284e-03   6.241862e+01   1.368778e-02   2.666996e-03   2.552730e-01   6.075092e-01   5.244801e-02  -1.194318e+02
  9.5563220523295e+00   2.038430e+00   1.441736e-03   6.241722e+01   1.369346e-02   2.502452e-03   2.530346e-01   6.076238e-01   5.178286e-02  -1.194263e+02
  9.5585199184868e+00   2.038433e+00   1.311778e-03   6.241586e+01   1.369878e-02   2.332758e-03   2.506908e-01   6.077368e-01   5.109337e-02  -1.194209e+02
  9.5607177846442e+00   2.038436e+00   1.184561e-03   6.241454e+01   1.370371e-02   2.158116e-03   2.482539e-01   6.078483e-01   5.038278e-02  -1.194156e+02
  9.5629156508016e+00   2.038438e+00   1.061316e-03   6.241325e+01   1.370826e-02   1.978577e-03   2.457356e-01   6.079583e-01   4.965452e-02  -1.194105e+02
  9.5651135169590e+00   2.038440e+00   9.432135e-04   6.241202e+01   1.371240e-02   1.794088e-03   2.431460e-01   6.080666e-01   4.891207e-02  -1.194055e+02
  9.5673113831164e+00   2.038442e+00   8.312362e-04   6.241082e+01   1.371614e-02   1.604543e-03   2.404944e-01   6.081733e-01   4.815878e-02  -1.194007e+02
  9.5695092492738e+00   2.038444e+00   7.261105e-04   6.240966e+01   1.371945e-02   1.409863e-03   2.377888e-01   6.082783e-01   4.739767e-02  -1.193960e+02
  9.5717071154312e+00   2.038445e+00   6.283356e-04   6.240854e+01   1.372233e-02   1.210149e-03   2.350365e-01   6.083816e-01   4.663136e-02  -1.193915e+02
  9.5739049815886e+00   2.038447e+00   5.382984e-04   6.240744e+01   1.372477e-02   1.005879e-03   2.322439e-01   6.084833e-01   4.586205e-02  -1.193872e+02
  9.5761028477460e+00   2.038448e+00   4.564265e-04   6.240636e+01   1.372675e-02   7.980827e-04   2.294175e-01   6.085832e-01   4.509155e-02  -1.193830e+02
  9.5783007139033e+00   2.038449e+00   3.833064e-04   6.240527e+01   1.372827e-02   5.884323e-04   2.265644e-01   6.086815e-01   4.432134e-02  -1.193791e+02
  9.5804985800607e+00   2.038450e+00   3.197040e-04   6.240419e+01   1.372934e-02   3.791718e-04   2.236926e-01   6.087781e-01   4.355264e-02  -1.193753e+02
  9.5826964462181e+00   2.038450e+00   2.664701e-04   6.240309e+01   1.372994e-02   1.728962e-04   2.208113e-01   6.088730e-01   4.278646e-02  -1.193717e+02
  9.5848943123755e+00   2.038451e+00   2.243692e-04   6.240197e+01   1.373010e-02  -2.776845e-05   2.179311e-01   6.089662e-01   4.202361e-02  -1.193684e+02
  9.5870921785329e+00   2.038451e+00   1.939144e-04   6.240084e+01   1.372983e-02  -2.204893e-04   2.150631e-01   6.090577e-01   4.126464e-02  -1.193652e+02
  9.5892900446903e+00   2.038452e+00   1.752930e-04   6.239968e+01   1.372914e-02  -4.034634e-04   2.122187e-01   6.091476e-01   4.050990e-02  -1.193623e+02
  9.5914879108477e+00   2.038452e+00   1.684293e-04   6.239850e+01   1.372807e-02  -5.755165e-04   2.094092e-01   6.092358e-01   3.975953e-02  -1.193596e+02
  9.5936857770051e+00   2.038453e+00   1.731626e-04   6.239730e+01   1.372663e-02  -7.360657e-04   2.066448e-01   6.093224e-01   3.901352e-02  -1.193570e+02
  9.5958836431625e+00   2.038453e+00   1.894576e-04   6.239608e+01   1.372484e-02  -8.849949e-04   2.039349e-01   6.094073e-01   3.827181e-02  -1.193547e+02
  9.5980815093199e+00   2.038454e+00   2.175462e-04   6.239483e+01   1.372275e-02  -1.022514e-03   2.012878e-01   6.094906e-01   3.753437e-02  -1.193527e+02
  9.6002793754772e+00   2.038454e+00   2.579237e-04   6.239357e+01   1.372036e-02  -1.149050e-03   1.987109e-01   6.095724e-01   3.680129e-02  -1.193508e+02
  9.6024772416346e+00   2.038455e+00   3.111913e-04   6.239230e+01   1.371771e-02  -1.265196e-03   1.962107e-01   6.096525e-01   3.607283e-02  -1.193492e+02
  9.6046751077920e+00   2.038455e+00   3.778037e-04   6.239102e+01   1.371481e-02  -1.371698e-03   1.937928e-01   6.097310e-01   3.534950e-02  -1.193478e+02
  9.6068729739494e+00   2.038456e+00   4.578247e-04   6.238974e+01   1.371169e-02  -1.469453e-03   1.914622e-01   6.098078e-01   3.463206e-02  -1.193466e+02
  9.6090708401068e+00   2.038458e+00   5.507860e-04   6.238845e+01   1.370836e-02  -1.559491e-03   1.892221e-01   6.098832e-01   3.392162e-02  -1.193457e+02
  9.6112687062642e+00   2.038459e+00   6.556946e-04   6.238716e+01   1.370484e-02  -1.642942e-03   1.870748e-01   6.099570e-01   3.321965e-02  -1.193451e+02
  9.6134665724216e+00   2.038461e+00   7.711661e-04   6.238585e+01   1.370115e-02  -1.720993e-03   1.850204e-01   6.100292e-01   3.252799e-02  -1.193447e+02
  9.6156644385790e+00   2.038463e+00   8.956111e-04   6.238452e+01   1.369728e-02  -1.794863e-03   1.830577e-01   6.101000e-01   3.184889e-02  -1.193445e+02
  9.6178623047364e+00   2.038465e+00   1.027384e-03   6.238316e+01   1.369326e-02  -1.865782e-03   1.811839e-01   6.101692e-01   3.118485e-02  -1.193446e+02
  9.6200601708937e+00   2.038467e+00   1.164841e-03   6.238176e+01   1.368908e-02  -1.934977e-03   1.793950e-01   6.102371e-01   3.053856e-02  -1.193449e+02
  9.6222580370511e+00   2.038470e+00   1.306301e-03   6.238033e+01   1.368475e-02  -2.003620e-03   1.776862e-01   6.103035e-01   2.991275e-02  -1.193454e+02
  9.6244559032085e+00   2.038473e+00   1.449973e-03   6.237886e+01   1.368027e-02  -2.072745e-03   1.760521e-01   6.103686e-01   2.931002e-02  -1.193461e+02
  9.6266537693659e+00   2.038476e+00   1.593913e-03   6.237733e+01   1.367564e-02  -2.143127e-03   1.744871e-01   6.104324e-01   2.873277e-02  -1.193470e+02
  9.6288516355233e+00   2.038480e+00   1.736061e-03   6.237574e+01   1.367085e-02  -2.215176e-03   1.729855e-01   6.104949e-01   2.818313e-02  -1.193481e+02
  9.6310495016807e+00   2.038484e+00   1.874372e-03   6.237410e+01   1.366590e-02  -2.288879e-03   1.715413e-01   6.105563e-01   2.766286e-02  -1.193494e+02
  9.6332473678381e+00   2.038488e+00   2.006979e-03   6.237238e+01   1.366079e-02  -2.363837e-03   1.701480e-01   6.106166e-01   2.717334e-02  -1.193509e+02
  9.6354452339955e+00   2.038493e+00   2.132330e-03   6.237058e+01   1.365551e-02  -2.439382e-03   1.687990e-01   6.106758e-01   2.671560e-02  -1.193526e+02
  9.6376431001529e+00   2.038497e+00   2.249230e-03   6.236870e+01   1.365007e-02  -2.514735e-03   1.674871e-01   6.107340e-01   2.629027e-02  -1.193544e+02
  9.6398409663103e+00   2.038502e+00   2.356798e-03   6.236673e+01   1.364446e-02  -2.589152e-03   1.662046e-01   6.107914e-01   2.589769e-02  -1.193564e+02
  9.6420388324676e+00   2.038508e+00   2.454350e-03   6.236468e+01   1.363869e-02  -2.661969e-03   1.649442e-01   6.108479e-01   2.553788e-02  -1.193586e+02
  9.6442366986250e+00   2.038513e+00   2.541298e-03   6.236254e+01   1.363276e-02  -2.732558e-03   1.636982e-01   6.109037e-01   2.521064e-02  -1.193608e+02
  9.6464345647824e+00   2.038519e+00   2.617104e-03   6.236032e+01   1.362668e-02  -2.800189e-03   1.624599e-01   6.109588e-01   2.491551e-02  -1.193632e+02
  9.6486324309398e+00   2.038525e+00   2.681324e-03   6.235802e+01   1.362045e-02  -2.863885e-03   1.612223e-01   6.110132e-01   2.465179e-02  -1.193656e+02
  9.6508302970972e+00   2.038531e+00   2.733707e-03   6.235567e+01   1.361410e-02  -2.922337e-03   1.599794e-01   6.110672e-01   2.441848e-02  -1.193682e+02
  9.6530281632546e+00   2.038537e+00   2.774321e-03   6.235325e+01   1.360762e-02  -2.973945e-03   1.587252e-01   6.111206e-01   2.421419e-02  -1.193708e+02
  9.6552260294120e+00   2.038543e+00   2.803617e-03   6.235080e+01   1.360103e-02  -3.016982e-03   1.574545e-01   6.111737e-01   2.403711e-02  -1.193735e+02
  9.6574238955694e+00   2.038549e+00   2.822425e-03   6.234830e+01   1.359437e-02  -3.049841e-03   1.561629e-01   6.112264e-01   2.388491e-02  -1.193762e+02
  9.6596217617268e+00   2.038555e+00   2.831860e-03   6.234579e+01   1.358764e-02  -3.071277e-03   1.548467e-01   6.112787e-01   2.375478e-02  -1.193789e+02
  9.6618196278841e+00   2.038561e+00   2.833188e-03   6.234327e+01   1.358088e-02  -3.080558e-03   1.535029e-01   6.113308e-01   2.364346e-02  -1.193816e+02
  9.6640174940415e+00   2.038568e+00   2.827710e-03   6.234075e+01   1.357411e-02  -3.077506e-03   1.521288e-01   6.113827e-01   2.354735e-02  -1.193843e+02
  9.6662153601989e+00   2.038574e+00   2.816677e-03   6.233825e+01   1.356736e-02  -3.062400e-03   1.507214e-01   6.114343e-01   2.346267e-02  -1.193870e+02
  9.6684132263563e+00   2.038580e+00   2.801289e-03   6.233578e+01   1.356066e-02  -3.035837e-03   1.492775e-01   6.114858e-01   2.338558e-02  -1.193896e+02
  9.6706110925137e+00   2.038586e+00   2.782722e-03   6.233336e+01   1.355403e-02  -2.998585e-03   1.477937e-01   6.115372e-01   2.331238e-02  -1.193922e+02
  9.6728089586711e+00   2.038592e+00   2.762163e-03   6.233099e+01   1.354749e-02  -2.951500e-03   1.462664e-01   6.115883e-01   2.323961e-02  -1.193948e+02
  9.6750068248285e+00   2.038598e+00   2.740816e-03   6.232870e+01   1.354107e-02  -2.895500e-03   1.446923e-01   6.116393e-01   2.316415e-02  -1.193972e+02
  9.6772046909859e+00   2.038604e+00   2.719858e-03   6.232648e+01   1.353477e-02  -2.831581e-03   1.430687e-01   6.116902e-01   2.308334e-02  -1.193997e+02
  9.6794025571433e+00   2.038610e+00   2.700357e-03   6.232437e+01   1.352863e-02  -2.760819e-03   1.413933e-01   6.117408e-01   2.299498e-02  -1.194020e+02
  9.6816004233007e+00   2.038616e+00   2.683183e-03   6.232236e+01   1.352264e-02  -2.684317e-03   1.396641e-01   6.117913e-01   2.289737e-02  -1.194043e+02
  9.6837982894580e+00   2.038622e+00   2.668939e-03   6.232048e+01   1.351683e-02  -2.603116e-03   1.378789e-01   6.118414e-01   2.278926e-02  -1.194065e+02
  9.6859961556154e+00   2.038628e+00   2.657932e-03   6.231872e+01   1.351121e-02  -2.518086e-03   1.360355e-01   6.118914e-01   2.266978e-02  -1.194086e+02
  9.6881940217728e+00   2.038634e+00   2.650186e-03   6.231710e+01   1.350577e-02  -2.429853e-03   1.341314e-01   6.119411e-01   2.253833e-02  -1.194107e+02
  9.6903918879302e+00   2.038640e+00   2.645487e-03   6.231561e+01   1.350053e-02  -2.338817e-03   1.321642e-01   6.119905e-01   2.239447e-02  -1.194126e+02
  9.6925897540876e+00   2.038645e+00   2.643443e-03   6.231425e+01   1.349549e-02  -2.245245e-03   1.301322e-01   6.120395e-01   2.223778e-02  -1.194145e+02
  9.6947876202450e+00   2.038651e+00   2.643550e-03   6.231303e+01   1.349066e-02  -2.149432e-03   1.280345e-01   6.120882e-01   2.206783e-02  -1.194163e+02
  9.6969854864024e+00   2.038657e+00   2.645244e-03   6.231192e+01   1.348604e-02  -2.051858e-03   1.258709e-01   6.121365e-01   2.188414e-02  -1.194179e+02
  9.6991833525598e+00   2.038662e+00   2.647951e-03   6.231093e+01   1.348164e-02  -1.953291e-03   1.236416e-01   6.121843e-01   2.168620e-02  -1.194195e+02
  9.7013812187172e+00   2.038668e+00   2.651105e-03   6.231005e+01   1.347746e-02  -1.854798e-03   1.213468e-01   6.122318e-01   2.147360e-02  -1.194210e+02
  9.7035790848745e+00   2.038674e+00   2.654149e-03   6.230928e+01   1.347349e-02  -1.757665e-03   1.189862e-01   6.122788e-01   2.124612e-02  -1.194223e+02
  9.7057769510319e+00   2.038680e+00   2.656511e-03   6.230861e+01   1.346973e-02  -1.663266e-03   1.165590e-01   6.123252e-01   2.100381e-02  -1.194235e+02
  9.7079748171893e+00   2.038685e+00   2.657571e-03   6.230804e+01   1.346617e-02  -1.572898e-03   1.140642e-01   6.123711e-01   2.074709e-02  -1.194246e+02
  9.7101726833467e+00   2.038691e+00   2.656624e-03   6.230756e+01   1.346281e-02  -1.487645e-03   1.115015e-01   6.124164e-01   2.047672e-02  -1.194257e+02
  9.7123705495041e+00   2.038697e+00   2.652871e-03   6.230716e+01   1.345963e-02  -1.408271e-03   1.088714e-01   6.124611e-01   2.019376e-02  -1.194266e+02
  9.7145684156615e+00   2.038702e+00   2.645426e-03   6.230684e+01   1.345661e-02  -1.335161e-03   1.061761e-01   6.125051e-01   1.989947e-02  -1.194274e+02
  9.7167662818189e+00   2.038708e+00   2.633360e-03   6.230658e+01   1.345375e-02  -1.268292e-03   1.034192e-01   6.125485e-01   1.959520e-02  -1.194281e+02
  9.7189641479763e+00   2.038714e+00   2.615756e-03   6.230637e+01   1.345103e-02  -1.207249e-03   1.006062e-01   6.125913e-01   1.928228e-02  -1.194287e+02
  9.7211620141337e+00   2.038720e+00   2.591772e-03   6.230621e+01   1.344844e-02  -1.151280e-03   9.774376e-02   6.126333e-01   1.896197e-02  -1.194291e+02
  9.7233598802911e+00   2.038725e+00   2.560683e-03   6.230606e+01   1.344596e-02  -1.099369e-03   9.483961e-02   6.126746e-01   1.863539e-02  -1.194295e+02
  9.7255577464484e+00   2.038731e+00   2.521905e-03   6.230593e+01   1.344360e-02  -1.050340e-03   9.190215e-02   6.127152e-01   1.830350e-02  -1.194298e+02
  9.7277556126058e+00   2.038736e+00   2.474995e-03   6.230580e+01   1.344134e-02  -1.002966e-03   8.894022e-02   6.127551e-01   1.796712e-02  -1.194300e+02
  9.7299534787632e+00   2.038742e+00   2.419637e-03   6.230567e+01   1.343919e-02  -9.560515e-04   8.596288e-02   6.127942e-01   1.762690e-02  -1.194301e+02
  9.7321513449206e+00   2.038747e+00   2.355616e-03   6.230552e+01   1.343714e-02  -9.085049e-04   8.297944e-02   6.128325e-01   1.728340e-02  -1.194301e+02
  9.7343492110780e+00   2.038752e+00   2.282809e-03   6.230536e+01   1.343520e-02  -8.593711e-04   7.999948e-02   6.128702e-01   1.693701e-02  -1.194300e+02
  9.7365470772354e+00   2.038757e+00   2.201169e-03   6.230518e+01   1.343337e-02  -8.078463e-04   7.703298e-02   6.129070e-01   1.658804e-02  -1.194298e+02
  9.7387449433928e+00   2.038762e+00   2.110732e-03   6.230497e+01   1.343165e-02  -7.532759e-04   7.409030e-02   6.129431e-01   1.623666e-02  -1.194296e+02
  9.7409428095502e+00   2.038766e+00   2.011603e-03   6.230473e+01   1.343006e-02  -6.951430e-04   7.118201e-02   6.129783e-01   1.588297e-02  -1.194292e+02
  9.7431406757076e+00   2.038771e+00   1.903953e-03   6.230447e+01   1.342860e-02  -6.330463e-04   6.831869e-02   6.130129e-01   1.552700e-02  -1.194288e+02
  9.7453385418649e+00   2.038775e+00   1.787995e-03   6.230417e+01   1.342728e-02  -5.666725e-04   6.551056e-02   6.130466e-01   1.516870e-02  -1.194284e+02
  9.7475364080223e+00   2.038779e+00   1.663956e-03   6.230384e+01   1.342611e-02  -4.957661e-04   6.276736e-02   6.130795e-01   1.480802e-02  -1.194279e+02
  9.7497342741797e+00   2.038782e+00   1.532065e-03   6.230347e+01   1.342511e-02  -4.201084e-04   6.009819e-02   6.131117e-01   1.444488e-02  -1.194273e+02
  9.7519321403371e+00   2.038785e+00   1.392541e-03   6.230307e+01   1.342427e-02  -3.395145e-04   5.751160e-02   6.131430e-01   1.407924e-02  -1.194268e+02
  9.7541300064945e+00   2.038788e+00   1.245618e-03   6.230262e+01   1.342362e-02  -2.538516e-04   5.501553e-02   6.131735e-01   1.371110e-02  -1.194261e+02
  9.7563278726519e+00   2.038791e+00   1.091572e-03   6.230214e+01   1.342316e-02  -1.630670e-04   5.261723e-02   6.132033e-01   1.334049e-02  -1.194255e+02
  9.7585257388093e+00   2.038793e+00   9.307585e-04   6.230162e+01   1.342291e-02  -6.720501e-05   5.032300e-02   6.132322e-01   1.296754e-02  -1.194248e+02
  9.7607236049667e+00   2.038795e+00   7.636443e-04   6.230105e+01   1.342287e-02   3.361035e-05   4.813777e-02   6.132603e-01   1.259245e-02  -1.194241e+02
  9.7629214711241e+00   2.038796e+00   5.908071e-04   6.230044e+01   1.342306e-02   1.392368e-04   4.606485e-02   6.132875e-01   1.221547e-02  -1.194234e+02
  9.7651193372815e+00   2.038797e+00   4.129187e-04   6.229979e+01   1.342349e-02   2.496073e-04   4.410576e-02   6.133139e-01   1.183690e-02  -1.194226e+02
  9.7673172034388e+00   2.038798e+00   2.307110e-04   6.229908e+01   1.342417e-02   3.648218e-04   4.226043e-02   6.133395e-01   1.145707e-02  -1.194219e+02
  9.7695150695962e+00   2.038798e+00   4.494506e-05   6.229833e+01   1.342510e-02   4.851983e-04   4.052762e-02   6.133642e-01   1.107629e-02  -1.194212e+02
  9.7717129357536e+00   2.038798e+00  -1.436058e-04   6.229754e+01   1.342630e-02   6.112484e-04   3.890544e-02   6.133881e-01   1.069491e-02  -1.194205e+02
  9.7739108019110e+00   2.038798e+00  -3.341521e-04   6.229671e+01   1.342779e-02   7.435797e-04   3.739180e-02   6.134112e-01   1.031325e-02  -1.194199e+02
  9.7761086680684e+00   2.038797e+00  -5.258762e-04   6.229583e+01   1.342958e-02   8.827489e-04   3.598467e-02   6.134334e-01   9.931698e-03  -1.194192e+02
  9.7783065342258e+00   2.038795e+00  -7.179272e-04   6.229493e+01   1.343168e-02   1.029119e-03   3.468212e-02   6.134548e-01   9.550656e-03  -1.194186e+02
  9.7805044003832e+00   2.038794e+00  -9.094409e-04   6.229399e+01   1.343411e-02   1.182772e-03   3.348221e-02   6.134754e-01   9.170617e-03  -1.194181e+02
  9.7827022665406e+00   2.038791e+00  -1.099589e-03   6.229303e+01   1.343689e-02   1.343498e-03   3.238286e-02   6.134951e-01   8.792166e-03  -1.194176e+02
  9.7849001326980e+00   2.038789e+00  -1.287650e-03   6.229205e+01   1.344003e-02   1.510866e-03   3.138193e-02   6.135140e-01   8.416009e-03  -1.194171e+02
  9.7870979988553e+00   2.038786e+00  -1.473076e-03   6.229105e+01   1.344354e-02   1.684336e-03   3.047741e-02   6.135321e-01   8.043002e-03  -1.194167e+02
  9.7892958650127e+00   2.038782e+00  -1.655555e-03   6.229005e+01   1.344744e-02   1.863367e-03   2.966772e-02   6.135494e-01   7.674162e-03  -1.194163e+02
  9.7914937311701e+00   2.038779e+00  -1.835030e-03   6.228906e+01   1.345173e-02   2.047485e-03   2.895197e-02   6.135658e-01   7.310657e-03  -1.194161e+02
  9.7936915973275e+00   2.038774e+00  -2.011702e-03   6.228808e+01   1.345644e-02   2.236301e-03   2.832995e-02   6.135815e-01   6.953781e-03  -1.194158e+02
  9.7958894634849e+00   2.038770e+00  -2.186004e-03   6.228711e+01   1.346157e-02   2.429478e-03   2.780192e-02   6.135964e-01   6.604899e-03  -1.194157e+02
  9.7980873296423e+00   2.038765e+00  -2.358563e-03   6.228616e+01   1.346712e-02   2.626685e-03   2.736821e-02   6.136105e-01   6.265389e-03  -1.194156e+02
  9.8002851957997e+00   2.038759e+00  -2.530135e-03   6.228524e+01   1.347312e-02   2.827551e-03   2.702881e-02   6.136239e-01   5.936578e-03  -1.194156e+02
  9.8024830619571e+00   2.038754e+00  -2.701526e-03   6.228434e+01   1.347956e-02   3.031640e-03   2.678317e-02   6.136366e-01   5.619700e-03  -1.194156e+02
  9.8046809281145e+00   2.038747e+00  -2.873490e-03   6.228345e+01   1.348645e-02   3.238444e-03   2.663016e-02   6.136487e-01   5.315863e-03  -1.194157e+02
  9.8068787942719e+00   2.038741e+00  -3.046631e-03   6.228260e+01   1.349380e-02   3.447392e-03   2.656837e-02   6.136600e-01   5.026031e-03  -1.194158e+02
  9.8090766604292e+00   2.038734e+00  -3.221324e-03   6.228177e+01   1.350160e-02   3.657862e-03   2.659637e-02   6.136708e-01   4.751008e-03  -1.194160e+02
  9.8112745265866e+00   2.038727e+00  -3.397688e-03   6.228096e+01   1.350988e-02   3.869202e-03   2.671302e-02   6.136809e-01   4.491411e-03  -1.194163e+02
  9.8134723927440e+00   2.038719e+00  -3.575621e-03   6.228019e+01   1.351861e-02   4.080750e-03   2.691774e-02   6.136905e-01   4.247642e-03  -1.194166e+02
  9.8156702589014e+00   2.038711e+00  -3.754896e-03   6.227945e+01   1.352781e-02   4.291866e-03   2.721049e-02   6.136996e-01   4.019881e-03  -1.194169e+02
  9.8178681250588e+00   2.038702e+00  -3.935281e-03   6.227874e+01   1.353748e-02   4.501960e-03   2.759196e-02   6.137081e-01   3.808102e-03  -1.194173e+02
  9.8200659912162e+00   2.038694e+00  -4.116664e-03   6.227808e+01   1.354760e-02   4.710518e-03   2.806355e-02   6.137163e-01   3.612141e-03  -1.194178e+02
  9.8222638573736e+00   2.038684e+00  -4.299121e-03   6.227746e+01   1.355818e-02   4.917104e-03   2.862744e-02   6.137241e-01   3.431808e-03  -1.194183e+02
  9.8244617235310e+00   2.038675e+00  -4.482937e-03   6.227690e+01   1.356921e-02   5.121349e-03   2.928661e-02   6.137314e-01   3.267016e-03  -1.194188e+02
  9.8266595896884e+00   2.038665e+00  -4.668566e-03   6.227640e+01   1.358069e-02   5.322923e-03   3.004464e-02   6.137385e-01   3.117899e-03  -1.194194e+02
  9.8288574558457e+00   2.038654e+00  -4.856537e-03   6.227596e+01   1.359261e-02   5.521514e-03   3.090538e-02   6.137452e-01   2.984880e-03  -1.194201e+02
  9.8310553220031e+00   2.038643e+00  -5.047346e-03   6.227559e+01   1.360496e-02   5.716819e-03   3.187241e-02   6.137516e-01   2.868691e-03  -1.194208e+02
  9.8332531881605e+00   2.038632e+00  -5.241333e-03   6.227529e+01   1.361773e-02   5.908557e-03   3.294856e-02   6.137578e-01   2.770321e-03  -1.194216e+02
  9.8354510543179e+00   2.038620e+00  -5.438569e-03   6.227505e+01   1.363093e-02   6.096496e-03   3.413547e-02   6.137639e-01   2.690946e-03  -1.194225e+02
  9.8376489204753e+00   2.038608e+00  -5.638751e-03   6.227488e+01   1.364453e-02   6.280480e-03   3.543367e-02   6.137697e-01   2.631850e-03  -1.194234e+02
  9.8398467866327e+00   2.038596e+00  -5.841139e-03   6.227477e+01   1.365853e-02   6.460434e-03   3.684281e-02   6.137754e-01   2.594351e-03  -1.194245e+02
  9.8420446527901e+00   2.038583e+00  -6.044545e-03   6.227472e+01   1.367292e-02   6.636358e-03   3.836236e-02   6.137811e-01   2.579746e-03  -1.194256e+02
  9.8442425189475e+00   2.038569e+00  -6.247388e-03   6.227471e+01   1.368770e-02   6.808301e-03   3.999221e-02   6.137868e-01   2.589255e-03  -1.194267e+02
  9.8464403851049e+00   2.038555e+00  -6.447833e-03   6.227475e+01   1.370284e-02   6.976341e-03   4.173326e-02   6.137925e-01   2.623947e-03  -1.194280e+02
  9.8486382512623e+00   2.038541e+00  -6.643986e-03   6.227482e+01   1.371836e-02   7.140594e-03   4.358771e-02   6.137983e-01   2.684654e-03  -1.194293e+02
  9.8508361174196e+00   2.038526e+00  -6.834120e-03   6.227492e+01   1.373423e-02   7.301222e-03   4.555902e-02   6.138043e-01   2.771888e-03  -1.194306e+02
  9.8530339835770e+00   2.038511e+00  -7.016860e-03   6.227504e+01   1.375045e-02   7.458456e-03   4.765170e-02   6.138105e-01   2.885774e-03  -1.194321e+02
  9.8552318497344e+00   2.038495e+00  -7.191299e-03   6.227517e+01   1.376701e-02   7.612583e-03   4.987095e-02   6.138170e-01   3.026059e-03  -1.194336e+02
  9.8574297158918e+00   2.038479e+00  -7.357001e-03   6.227531e+01   1.378391e-02   7.763884e-03   5.222222e-02   6.138239e-01   3.192188e-03  -1.194352e+02
  9.8596275820492e+00   2.038463e+00  -7.513910e-03   6.227543e+01   1.380114e-02   7.912523e-03   5.471084e-02   6.138311e-01   3.383455e-03  -1.194368e+02
  9.8618254482066e+00   2.038446e+00  -7.662195e-03   6.227555e+01   1.381869e-02   8.058420e-03   5.734157e-02   6.138388e-01   3.599196e-03  -1.194384e+02
  9.8640233143640e+00   2.038429e+00  -7.802100e-03   6.227563e+01   1.383655e-02   8.201158e-03   6.011811e-02   6.138470e-01   3.838951e-03  -1.194401e+02
  9.8662211805214e+00   2.038412e+00  -7.933848e-03   6.227568e+01   1.385473e-02   8.339972e-03   6.304260e-02   6.138557e-01   4.102555e-03  -1.194419e+02
  9.8684190466788e+00   2.038394e+00  -8.057627e-03   6.227567e+01   1.387321e-02   8.473871e-03   6.611527e-02   6.138650e-01   4.390113e-03  -1.194437e+02
  9.8706169128361e+00   2.038376e+00  -8.173671e-03   6.227561e+01   1.389197e-02   8.601842e-03   6.933428e-02   6.138750e-01   4.701869e-03  -1.194456e+02
  9.8728147789935e+00   2.038358e+00  -8.282370e-03   6.227548e+01   1.391101e-02   8.723096e-03   7.269605e-02   6.138858e-01   5.038009e-03  -1.194475e+02
  9.8750126451509e+00   2.038340e+00  -8.384362e-03   6.227528e+01   1.393031e-02   8.837244e-03   7.619610e-02   6.138972e-01   5.398470e-03  -1.194494e+02
  9.8772105113083e+00   2.038321e+00  -8.480533e-03   6.227499e+01   1.394985e-02   8.944349e-03   7.983004e-02   6.139095e-01   5.782811e-03  -1.194514e+02
  9.8794083774657e+00   2.038302e+00  -8.571911e-03   6.227461e+01   1.396962e-02   9.044801e-03   8.359461e-02   6.139227e-01   6.190190e-03  -1.194534e+02
  9.8816062436231e+00   2.038283e+00  -8.659450e-03   6.227413e+01   1.398960e-02   9.139082e-03   8.748813e-02   6.139367e-01   6.619438e-03  -1.194553e+02
  9.8838041097805e+00   2.038264e+00  -8.743800e-03   6.227354e+01   1.400979e-02   9.227516e-03   9.151027e-02   6.139517e-01   7.069200e-03  -1.194573e+02
  9.8860019759379e+00   2.038245e+00  -8.825115e-03   6.227283e+01   1.403016e-02   9.310096e-03   9.566084e-02   6.139678e-01   7.538077e-03  -1.194592e+02
  9.8881998420953e+00   2.038225e+00  -8.902994e-03   6.227198e+01   1.405071e-02   9.386494e-03   9.993824e-02   6.139849e-01   8.024734e-03  -1.194612e+02
  9.8903977082527e+00   2.038206e+00  -8.976566e-03   6.227100e+01   1.407141e-02   9.456237e-03   1.043379e-01   6.140031e-01   8.527946e-03  -1.194630e+02
  9.8925955744100e+00   2.038186e+00  -9.044686e-03   6.226988e+01   1.409226e-02   9.518979e-03   1.088516e-01   6.140224e-01   9.046591e-03  -1.194648e+02
  9.8947934405674e+00   2.038166e+00  -9.106173e-03   6.226862e+01   1.411325e-02   9.574747e-03   1.134671e-01   6.140428e-01   9.579604e-03  -1.194666e+02
  9.8969913067248e+00   2.038146e+00  -9.159979e-03   6.226723e+01   1.413435e-02   9.624060e-03   1.181699e-01   6.140645e-01   1.012592e-02  -1.194683e+02
  9.8991891728822e+00   2.038126e+00  -9.205246e-03   6.226572e+01   1.415555e-02   9.667885e-03   1.229446e-01   6.140873e-01   1.068440e-02  -1.194699e+02
  9.9013870390396e+00   2.038105e+00  -9.241228e-03   6.226408e+01   1.417684e-02   9.707422e-03   1.277766e-01   6.141114e-01   1.125383e-02  -1.194714e+02
  9.9035849051970e+00   2.038085e+00  -9.267144e-03   6.226232e+01   1.419821e-02   9.743864e-03   1.326534e-01   6.141368e-01   1.183284e-02  -1.194728e+02
  9.9057827713544e+00   2.038065e+00  -9.282026e-03   6.226045e+01   1.421967e-02   9.778189e-03   1.375648e-01   6.141635e-01   1.241990e-02  -1.194741e+02
  9.9079806375118e+00   2.038044e+00  -9.284660e-03   6.225847e+01   1.424119e-02   9.811084e-03   1.425029e-01   6.141914e-01   1.301332e-02  -1.194753e+02
  9.9101785036692e+00   2.038024e+00  -9.273643e-03   6.225638e+01   1.426279e-02   9.842972e-03   1.474613e-01   6.142207e-01   1.361133e-02  -1.194765e+02
  9.9123763698265e+00   2.038004e+00  -9.247541e-03   6.225418e+01   1.428446e-02   9.874133e-03   1.524345e-01   6.142513e-01   1.421207e-02  -1.194775e+02
  9.9145742359839e+00   2.037983e+00  -9.205095e-03   6.225187e+01   1.430620e-02   9.904791e-03   1.574176e-01   6.142831e-01   1.481373e-02  -1.194784e+02
  9.9167721021413e+00   2.037963e+00  -9.145366e-03   6.224947e+01   1.432800e-02   9.935153e-03   1.624062e-01   6.143163e-01   1.541462e-02  -1.194793e+02
  9.9189699682987e+00   2.037943e+00  -9.067788e-03   6.224698e+01   1.434987e-02   9.965383e-03   1.673965e-01   6.143509e-01   1.601315e-02  -1.194801e+02
  9.9211678344561e+00   2.037923e+00  -8.972118e-03   6.224441e+01   1.437180e-02   9.995547e-03   1.723853e-01   6.143867e-01   1.660792e-02  -1.194807e+02
  9.9233657006135e+00   2.037904e+00  -8.858298e-03   6.224177e+01   1.439381e-02   1.002560e-02   1.773694e-01   6.144238e-01   1.719767e-02  -1.194813e+02
  9.9255635667709e+00   2.037884e+00  -8.726336e-03   6.223909e+01   1.441587e-02   1.005545e-02   1.823459e-01   6.144623e-01   1.778123e-02  -1.194817e+02
  9.9277614329283e+00   2.037865e+00  -8.576237e-03   6.223637e+01   1.443801e-02   1.008509e-02   1.873111e-01   6.145020e-01   1.835751e-02  -1.194821e+02
  9.9299592990857e+00   2.037847e+00  -8.408013e-03   6.223363e+01   1.446021e-02   1.011475e-02   1.922612e-01   6.145429e-01   1.892541e-02  -1.194823e+02
  9.9321571652431e+00   2.037828e+00  -8.221745e-03   6.223092e+01   1.448247e-02   1.014495e-02   1.971916e-01   6.145851e-01   1.948377e-02  -1.194824e+02
  9.9343550314004e+00   2.037811e+00  -8.017621e-03   6.222822e+01   1.450480e-02   1.017653e-02   2.020984e-01   6.146286e-01   2.003130e-02  -1.194824e+02
  9.9365528975578e+00   2.037793e+00  -7.795878e-03   6.222559e+01   1.452721e-02   1.021037e-02   2.069783e-01   6.146732e-01   2.056645e-02  -1.194823e+02
  9.9387507637152e+00   2.037776e+00  -7.556657e-03   6.222303e+01   1.454969e-02   1.024718e-02   2.118296e-01   6.147190e-01   2.108743e-02  -1.194822e+02
  9.9409486298726e+00   2.037760e+00  -7.299797e-03   6.222057e+01   1.457225e-02   1.028727e-02   2.166518e-01   6.147659e-01   2.159219e-02  -1.194819e+02
  9.9431464960300e+00   2.037744e+00  -7.024674e-03   6.221822e+01   1.459491e-02   1.033028e-02   2.214453e-01   6.148139e-01   2.207858e-02  -1.194815e+02
  9.9453443621874e+00   2.037729e+00  -6.730196e-03   6.221599e+01   1.461766e-02   1.037531e-02   2.262096e-01   6.148629e-01   2.254448e-02  -1.194811e+02
  9.9475422283448e+00   2.037715e+00  -6.415002e-03   6.221390e+01   1.464052e-02   1.042097e-02   2.309425e-01   6.149129e-01   2.298804e-02  -1.194805e+02
  9.9497400945022e+00   2.037701e+00  -6.077833e-03   6.221195e+01   1.466347e-02   1.046572e-02   2.356388e-01   6.149639e-01   2.340780e-02  -1.194798e+02
  9.9519379606596e+00   2.037688e+00  -5.717964e-03   6.221016e+01   1.468652e-02   1.050814e-02   2.402896e-01   6.150157e-01   2.380274e-02  -1.194790e+02
  9.9541358268169e+00   2.037676e+00  -5.335544e-03   6.220853e+01   1.470966e-02   1.054711e-02   2.448829e-01   6.150685e-01   2.417232e-02  -1.194781e+02
  9.9563336929743e+00   2.037665e+00  -4.931722e-03   6.220707e+01   1.473288e-02   1.058192e-02   2.494051e-01   6.151220e-01   2.451631e-02  -1.194772e+02
  9.9585315591317e+00   2.037654e+00  -4.508531e-03   6.220580e+01   1.475617e-02   1.061219e-02   2.538426e-01   6.151763e-01   2.483478e-02  -1.194761e+02
  9.9607294252891e+00   2.037645e+00  -4.068593e-03   6.220470e+01   1.477952e-02   1.063771e-02   2.581840e-01   6.152312e-01   2.512795e-02  -1.194750e+02
  9.9629272914465e+00   2.037636e+00  -3.614771e-03   6.220380e+01   1.480292e-02   1.065834e-02   2.624223e-01   6.152867e-01   2.539622e-02  -1.194737e+02
  9.9651251576039e+00   2.037629e+00  -3.149918e-03   6.220308e+01   1.482637e-02   1.067390e-02   2.665548e-01   6.153428e-01   2.564013e-02  -1.194724e+02
  9.9673230237613e+00   2.037622e+00  -2.676752e-03   6.220253e+01   1.484984e-02   1.068420e-02   2.705838e-01   6.153994e-01   2.586036e-02  -1.194711e+02
  9.9695208899187e+00   2.037617e+00  -2.197875e-03   6.220216e+01   1.487333e-02   1.068911e-02   2.745147e-01   6.154565e-01   2.605772e-02  -1.194697e+02
  9.9717187560761e+00   2.037613e+00  -1.715818e-03   6.220197e+01   1.489682e-02   1.068864e-02   2.783549e-01   6.155139e-01   2.623305e-02  -1.194682e+02
  9.9739166222335e+00   2.037610e+00  -1.233038e-03   6.220194e+01   1.492030e-02   1.068302e-02   2.821122e-01   6.155717e-01   2.638715e-02  -1.194667e+02
  9.9761144883908e+00   2.037607e+00  -7.518072e-04   6.220208e+01   1.494377e-02   1.067268e-02   2.857938e-01   6.156299e-01   2.652072e-02  -1.194651e+02
  9.9783123545482e+00   2.037606e+00  -2.740499e-04   6.220239e+01   1.496721e-02   1.065814e-02   2.894056e-01   6.156883e-01   2.663428e-02  -1.194636e+02
  9.9805102207056e+00   2.037606e+00   1.988032e-04   6.220285e+01   1.499062e-02   1.063991e-02   2.929530e-01   6.157469e-01   2.672820e-02  -1.194619e+02
  9.9827080868630e+00   2.037607e+00   6.658351e-04   6.220347e+01   1.501398e-02   1.061853e-02   2.964402e-01   6.158057e-01   2.680269e-02  -1.194603e+02
  9.9849059530204e+00   2.037609e+00   1.126512e-03   6.220424e+01   1.503729e-02   1.059457e-02   2.998712e-01   6.158647e-01   2.685781e-02  -1.194586e+02
  9.9871038191778e+00   2.037612e+00   1.580454e-03   6.220516e+01   1.506055e-02   1.056878e-02   3.032492e-01   6.159238e-01   2.689345e-02  -1.194569e+02
  9.9893016853352e+00   2.037616e+00   2.027214e-03   6.220621e+01   1.508375e-02   1.054228e-02   3.065766e-01   6.159829e-01   2.690933e-02  -1.194551e+02
  9.9914995514926e+00   2.037621e+00   2.466194e-03   6.220740e+01   1.510689e-02   1.051658e-02   3.098546e-01   6.160420e-01   2.690493e-02  -1.194534e+02
  9.9936974176500e+00   2.037627e+00   2.896742e-03   6.220871e+01   1.512998e-02   1.049361e-02   3.130839e-01   6.161011e-01   2.687948e-02  -1.194517e+02
  9.9958952838073e+00   2.037634e+00   3.318410e-03   6.221015e+01   1.515302e-02   1.047548e-02   3.162648e-01   6.161602e-01   2.683199e-02  -1.194501e+02
  9.9980931499647e+00   2.037642e+00   3.731228e-03   6.221170e+01   1.517603e-02   1.046427e-02   3.193982e-01   6.162190e-01   2.676130e-02  -1.194484e+02
  1.0000291016122e+01   2.037650e+00   4.135862e-03   6.221336e+01   1.519903e-02   1.046178e-02   3.224860e-01   6.162778e-01   2.666622e-02  -1.194469e+02
  1.0002488882280e+01   2.037660e+00   4.533544e-03   6.221515e+01   1.522203e-02   1.046938e-02   3.255320e-01   6.163362e-01   2.654576e-02  -1.194454e+02
  1.0004686748437e+01   2.037670e+00   4.925750e-03   6.221704e+01   1.524506e-02   1.048797e-02   3.285415e-01   6.163944e-01   2.639923e-02  -1.194439e+02
  1.0006884614594e+01   2.037681e+00   5.313742e-03   6.221907e+01   1.526815e-02   1.051801e-02   3.315206e-01   6.164522e-01   2.622649e-02  -1.194425e+02
  1.0009082480752e+01   2.037694e+00   5.698095e-03   6.222121e+01   1.529131e-02   1.055958e-02   3.344756e-01   6.165096e-01   2.602807e-02  -1.194412e+02
  1.0011280346909e+01   2.037706e+00   6.078397e-03   6.222348e+01   1.531458e-02   1.061245e-02   3.374120e-01   6.165666e-01   2.580520e-02  -1.194400e+02
  1.0013478213066e+01   2.037720e+00   6.453190e-03   6.222587e+01   1.533797e-02   1.067599e-02   3.403339e-01   6.166230e-01   2.555983e-02  -1.194389e+02
  1.0015676079224e+01   2.037735e+00   6.820155e-03   6.222837e+01   1.536152e-02   1.074918e-02   3.432435e-01   6.166790e-01   2.529450e-02  -1.194379e+02
  1.0017873945381e+01   2.037750e+00   7.176464e-03   6.223096e+01   1.538523e-02   1.083054e-02   3.461411e-01   6.167343e-01   2.501222e-02  -1.194370e+02
  1.0020071811539e+01   2.037766e+00   7.519152e-03   6.223363e+01   1.540913e-02   1.091825e-02   3.490255e-01   6.167889e-01   2.471623e-02  -1.194362e+02
  1.0022269677696e+01   2.037783e+00   7.845447e-03   6.223638e+01   1.543323e-02   1.101030e-02   3.518944e-01   6.168429e-01   2.440985e-02  -1.194355e+02
  1.0024467543853e+01   2.037801e+00   8.152977e-03   6.223917e+01   1.545753e-02   1.110476e-02   3.547457e-01   6.168962e-01   2.409621e-02  -1.194349e+02
  1.0026665410011e+01   2.037819e+00   8.439886e-03   6.224199e+01   1.548204e-02   1.119998e-02   3.575773e-01   6.169488e-01   2.377814e-02  -1.194345e+02
  1.0028863276168e+01   2.037838e+00   8.704924e-03   6.224482e+01   1.550676e-02   1.129481e-02   3.603876e-01   6.170008e-01   2.345798e-02  -1.194343e+02
  1.0031061142326e+01   2.037857e+00   8.947498e-03   6.224765e+01   1.553169e-02   1.138862e-02   3.631752e-01   6.170520e-01   2.313765e-02  -1.194342e+02
  1.0033259008483e+01   2.037877e+00   9.167733e-03   6.225047e+01   1.555682e-02   1.148124e-02   3.659377e-01   6.171024e-01   2.281864e-02  -1.194342e+02
  1.0035456874640e+01   2.037897e+00   9.366456e-03   6.225325e+01   1.558216e-02   1.157276e-02   3.686716e-01   6.171523e-01   2.250226e-02  -1.194344e+02
  1.0037654740798e+01   2.037918e+00   9.545092e-03   6.225599e+01   1.560769e-02   1.166338e-02   3.713716e-01   6.172014e-01   2.218985e-02  -1.194348e+02
  1.0039852606955e+01   2.037939e+00   9.705419e-03   6.225866e+01   1.563343e-02   1.175323e-02   3.740306e-01   6.172498e-01   2.188291e-02  -1.194352e+02
  1.0042050473113e+01   2.037961e+00   9.849274e-03   6.226126e+01   1.565936e-02   1.184234e-02   3.766412e-01   6.172976e-01   2.158330e-02  -1.194359e+02
  1.0044248339270e+01   2.037982e+00   9.978251e-03   6.226377e+01   1.568548e-02   1.193065e-02   3.791955e-01   6.173447e-01   2.129319e-02  -1.194366e+02
  1.0046446205427e+01   2.038005e+00   1.009353e-02   6.226619e+01   1.571180e-02   1.201805e-02   3.816876e-01   6.173912e-01   2.101492e-02  -1.194375e+02
  1.0048644071585e+01   2.038027e+00   1.019589e-02   6.226850e+01   1.573831e-02   1.210444e-02   3.841130e-01   6.174371e-01   2.075087e-02  -1.194384e+02
  1.0050841937742e+01   2.038049e+00   1.028585e-02   6.227068e+01   1.576501e-02   1.218981e-02   3.864695e-01   6.174825e-01   2.050318e-02  -1.194395e+02
  1.0053039803899e+01   2.038072e+00   1.036390e-02   6.227270e+01   1.579189e-02   1.227417e-02   3.887562e-01   6.175273e-01   2.027361e-02  -1.194407e+02
  1.0055237670057e+01   2.038095e+00   1.043071e-02   6.227456e+01   1.581896e-02   1.235750e-02   3.909732e-01   6.175717e-01   2.006343e-02  -1.194420e+02
  1.0057435536214e+01   2.038118e+00   1.048709e-02   6.227623e+01   1.584621e-02   1.243971e-02   3.931195e-01   6.176155e-01   1.987336e-02  -1.194435e+02
  1.0059633402372e+01   2.038141e+00   1.053396e-02   6.227769e+01   1.587364e-02   1.252059e-02   3.951932e-01   6.176590e-01   1.970357e-02  -1.194451e+02
  1.0061831268529e+01   2.038164e+00   1.057204e-02   6.227896e+01   1.590124e-02   1.259990e-02   3.971907e-01   6.177022e-01   1.955375e-02  -1.194467e+02
  1.0064029134686e+01   2.038188e+00   1.060176e-02   6.228001e+01   1.592902e-02   1.267739e-02   3.991071e-01   6.177450e-01   1.942321e-02  -1.194486e+02
  1.0066227000844e+01   2.038211e+00   1.062313e-02   6.228085e+01   1.595697e-02   1.275298e-02   4.009373e-01   6.177876e-01   1.931106e-02  -1.194505e+02
  1.0068424867001e+01   2.038234e+00   1.063587e-02   6.228147e+01   1.598508e-02   1.282680e-02   4.026776e-01   6.178299e-01   1.921640e-02  -1.194526e+02
  1.0070622733159e+01   2.038258e+00   1.063966e-02   6.228189e+01   1.601335e-02   1.289920e-02   4.043274e-01   6.178721e-01   1.913855e-02  -1.194549e+02
  1.0072820599316e+01   2.038281e+00   1.063434e-02   6.228210e+01   1.604178e-02   1.297067e-02   4.058902e-01   6.179141e-01   1.907721e-02  -1.194573e+02
  1.0075018465473e+01   2.038304e+00   1.062012e-02   6.228209e+01   1.607037e-02   1.304162e-02   4.073739e-01   6.179560e-01   1.903252e-02  -1.194598e+02
  1.0077216331631e+01   2.038328e+00   1.059756e-02   6.228189e+01   1.609911e-02   1.311233e-02   4.087899e-01   6.179978e-01   1.900507e-02  -1.194625e+02
  1.0079414197788e+01   2.038351e+00   1.056745e-02   6.228148e+01   1.612800e-02   1.318277e-02   4.101510e-01   6.180395e-01   1.899568e-02  -1.194653e+02
  1.0081612063946e+01   2.038374e+00   1.053054e-02   6.228086e+01   1.615706e-02   1.325267e-02   4.114701e-01   6.180813e-01   1.900524e-02  -1.194682e+02
  1.0083809930103e+01   2.038397e+00   1.048736e-02   6.228004e+01   1.618626e-02   1.332162e-02   4.127576e-01   6.181231e-01   1.903450e-02  -1.194713e+02
  1.0086007796260e+01   2.038420e+00   1.043808e-02   6.227904e+01   1.621561e-02   1.338925e-02   4.140213e-01   6.181650e-01   1.908396e-02  -1.194744e+02
  1.0088205662418e+01   2.038443e+00   1.038253e-02   6.227784e+01   1.624511e-02   1.345538e-02   4.152655e-01   6.182070e-01   1.915379e-02  -1.194776e+02
  1.0090403528575e+01   2.038466e+00   1.032037e-02   6.227647e+01   1.627476e-02   1.352007e-02   4.164916e-01   6.182492e-01   1.924390e-02  -1.194809e+02
  1.0092601394732e+01   2.038488e+00   1.025130e-02   6.227493e+01   1.630454e-02   1.358367e-02   4.176987e-01   6.182917e-01   1.935395e-02  -1.194843e+02
  1.0094799260890e+01   2.038511e+00   1.017533e-02   6.227322e+01   1.633446e-02   1.364668e-02   4.188841e-01   6.183344e-01   1.948348e-02  -1.194877e+02
  1.0096997127047e+01   2.038533e+00   1.009288e-02   6.227137e+01   1.636453e-02   1.370964e-02   4.200442e-01   6.183773e-01   1.963191e-02  -1.194911e+02
  1.0099194993205e+01   2.038555e+00   1.000492e-02   6.226937e+01   1.639473e-02   1.377301e-02   4.211755e-01   6.184207e-01   1.979855e-02  -1.194946e+02
  1.0101392859362e+01   2.038577e+00   9.912879e-03   6.226725e+01   1.642507e-02   1.383708e-02   4.222748e-01   6.184644e-01   1.998269e-02  -1.194981e+02
  1.0103590725519e+01   2.038599e+00   9.818525e-03   6.226501e+01   1.645556e-02   1.390197e-02   4.233412e-01   6.185085e-01   2.018350e-02  -1.195016e+02
  1.0105788591677e+01   2.038620e+00   9.723779e-03   6.226266e+01   1.648618e-02   1.396758e-02   4.243759e-01   6.185531e-01   2.040010e-02  -1.195052e+02
  1.0107986457834e+01   2.038641e+00   9.630509e-03   6.226022e+01   1.651695e-02   1.403373e-02   4.253821e-01   6.185982e-01   2.063151e-02  -1.195087e+02
  1.0110184323992e+01   2.038662e+00   9.540367e-03   6.225769e+01   1.654787e-02   1.410006e-02   4.263644e-01   6.186438e-01   2.087662e-02  -1.195123e+02
  1.0112382190149e+01   2.038683e+00   9.454689e-03   6.225511e+01   1.657894e-02   1.416610e-02   4.273274e-01   6.186900e-01   2.113412e-02  -1.195158e+02
  1.0114580056306e+01   2.038704e+00   9.374474e-03   6.225247e+01   1.661014e-02   1.423123e-02   4.282744e-01   6.187367e-01   2.140237e-02  -1.195194e+02
  1.0116777922464e+01   2.038725e+00   9.300445e-03   6.224981e+01   1.664149e-02   1.429466e-02   4.292063e-01   6.187841e-01   2.167931e-02  -1.195228e+02
  1.0118975788621e+01   2.038745e+00   9.233140e-03   6.224714e+01   1.667297e-02   1.435549e-02   4.301213e-01   6.188321e-01   2.196239e-02  -1.195263e+02
  1.0121173654779e+01   2.038765e+00   9.173018e-03   6.224447e+01   1.670459e-02   1.441283e-02   4.310153e-01   6.188806e-01   2.224856e-02  -1.195296e+02
  1.0123371520936e+01   2.038785e+00   9.120524e-03   6.224182e+01   1.673632e-02   1.446594e-02   4.318825e-01   6.189299e-01   2.253446e-02  -1.195329e+02
  1.0125569387093e+01   2.038805e+00   9.076101e-03   6.223920e+01   1.676817e-02   1.451448e-02   4.327159e-01   6.189797e-01   2.281664e-02  -1.195362e+02
  1.0127767253251e+01   2.038825e+00   9.040145e-03   6.223662e+01   1.680012e-02   1.455863e-02   4.335074e-01   6.190301e-01   2.309197e-02  -1.195393e+02
  1.0129965119408e+01   2.038845e+00   9.012938e-03   6.223407e+01   1.683217e-02   1.459916e-02   4.342491e-01   6.190811e-01   2.335795e-02  -1.195424e+02
  1.0132162985565e+01   2.038865e+00   8.994561e-03   6.223157e+01   1.686429e-02   1.463731e-02   4.349330e-01   6.191328e-01   2.361310e-02  -1.195454e+02
  1.0134360851723e+01   2.038885e+00   8.984853e-03   6.222911e+01   1.689651e-02   1.467462e-02   4.355524e-01   6.191849e-01   2.385700e-02  -1.195484e+02
  1.0136558717880e+01   2.038904e+00   8.983392e-03   6.222669e+01   1.692880e-02   1.471256e-02   4.361028e-01   6.192376e-01   2.409028e-02  -1.195514e+02
  1.0138756584038e+01   2.038924e+00   8.989511e-03   6.222433e+01   1.696118e-02   1.475231e-02   4.365821e-01   6.192908e-01   2.431426e-02  -1.195543e+02
  1.0140954450195e+01   2.038944e+00   9.002334e-03   6.222202e+01   1.699365e-02   1.479455e-02   4.369906e-01   6.193445e-01   2.453060e-02  -1.195572e+02
  1.0143152316352e+01   2.038964e+00   9.020829e-03   6.221975e+01   1.702622e-02   1.483935e-02   4.373301e-01   6.193986e-01   2.474083e-02  -1.195599e+02
  1.0145350182510e+01   2.038984e+00   9.043857e-03   6.221755e+01   1.705888e-02   1.488625e-02   4.376017e-01   6.194532e-01   2.494598e-02  -1.195626e+02
  1.0147548048667e+01   2.039003e+00   9.070242e-03   6.221540e+01   1.709166e-02   1.493436e-02   4.378040e-01   6.195083e-01   2.514639e-02  -1.195651e+02
  1.0149745914825e+01   2.039023e+00   9.098834e-03   6.221330e+01   1.712453e-02   1.498248e-02   4.379314e-01   6.195638e-01   2.534161e-02  -1.195675e+02
  1.0151943780982e+01   2.039043e+00   9.128576e-03   6.221125e+01   1.715751e-02   1.502918e-02   4.379746e-01   6.196197e-01   2.553045e-02  -1.195698e+02
  1.0154141647139e+01   2.039063e+00   9.158549e-03   6.220925e+01   1.719059e-02   1.507288e-02   4.379207e-01   6.196760e-01   2.571112e-02  -1.195719e+02
  1.0156339513297e+01   2.039084e+00   9.187985e-03   6.220731e+01   1.722376e-02   1.511191e-02   4.377562e-01   6.197327e-01   2.588144e-02  -1.195738e+02
  1.0158537379454e+01   2.039104e+00   9.216260e-03   6.220543e+01   1.725701e-02   1.514455e-02   4.374688e-01   6.197897e-01   2.603898e-02  -1.195756e+02
  1.0160735245612e+01   2.039124e+00   9.242854e-03   6.220363e+01   1.729033e-02   1.516916e-02   4.370495e-01   6.198471e-01   2.618132e-02  -1.195771e+02
  1.0162933111769e+01   2.039145e+00   9.267345e-03   6.220191e+01   1.732368e-02   1.518430e-02   4.364935e-01   6.199048e-01   2.630620e-02  -1.195785e+02
  1.0165130977926e+01   2.039165e+00   9.289415e-03   6.220029e+01   1.735706e-02   1.518881e-02   4.357999e-01   6.199628e-01   2.641165e-02  -1.195798e+02
  1.0167328844084e+01   2.039186e+00   9.308910e-03   6.219877e+01   1.739044e-02   1.518196e-02   4.349698e-01   6.200209e-01   2.649608e-02  -1.195809e+02
  1.0169526710241e+01   2.039206e+00   9.325910e-03   6.219737e+01   1.742378e-02   1.516340e-02   4.340057e-01   6.200792e-01   2.655830e-02  -1.195818e+02
  1.0171724576399e+01   2.039227e+00   9.340802e-03   6.219609e+01   1.745708e-02   1.513321e-02   4.329095e-01   6.201376e-01   2.659744e-02  -1.195826e+02
  1.0173922442556e+01   2.039247e+00   9.354306e-03   6.219496e+01   1.749029e-02   1.509185e-02   4.316828e-01   6.201960e-01   2.661285e-02  -1.195832e+02
  1.0176120308713e+01   2.039268e+00   9.367460e-03   6.219397e+01   1.752341e-02   1.504014e-02   4.303269e-01   6.202545e-01   2.660395e-02  -1.195836e+02
  1.0178318174871e+01   2.039288e+00   9.381549e-03   6.219315e+01   1.755640e-02   1.497927e-02   4.288442e-01   6.203129e-01   2.657021e-02  -1.195839e+02
  1.0180516041028e+01   2.039309e+00   9.398018e-03   6.219250e+01   1.758924e-02   1.491073e-02   4.272388e-01   6.203713e-01   2.651105e-02  -1.195841e+02
  1.0182713907185e+01   2.039330e+00   9.418366e-03   6.219204e+01   1.762193e-02   1.483623e-02   4.255170e-01   6.204295e-01   2.642592e-02  -1.195841e+02
  1.0184911773343e+01   2.039350e+00   9.444050e-03   6.219176e+01   1.765445e-02   1.475752e-02   4.236866e-01   6.204874e-01   2.631443e-02  -1.195839e+02
  1.0187109639500e+01   2.039371e+00   9.476376e-03   6.219168e+01   1.768680e-02   1.467622e-02   4.217562e-01   6.205451e-01   2.617642e-02  -1.195837e+02
  1.0189307505658e+01   2.039392e+00   9.516390e-03   6.219179e+01   1.771897e-02   1.459361e-02   4.197336e-01   6.206024e-01   2.601215e-02  -1.195833e+02
  1.0191505371815e+01   2.039413e+00   9.564763e-03   6.219208e+01   1.775095e-02   1.451050e-02   4.176248e-01   6.206594e-01   2.582239e-02  -1.195828e+02
  1.0193703237972e+01   2.039434e+00   9.621687e-03   6.219255e+01   1.778275e-02   1.442720e-02   4.154341e-01   6.207159e-01   2.560847e-02  -1.195823e+02
  1.0195901104130e+01   2.039455e+00   9.686815e-03   6.219319e+01   1.781437e-02   1.434361e-02   4.131641e-01   6.207719e-01   2.537228e-02  -1.195816e+02
  1.0198098970287e+01   2.039477e+00   9.759271e-03   6.219399e+01   1.784580e-02   1.425933e-02   4.108168e-01   6.208274e-01   2.511626e-02  -1.195810e+02
  1.0200296836445e+01   2.039498e+00   9.837745e-03   6.219494e+01   1.787704e-02   1.417377e-02   4.083941e-01   6.208823e-01   2.484325e-02  -1.195803e+02
  1.0202494702602e+01   2.039520e+00   9.920636e-03   6.219603e+01   1.790810e-02   1.408619e-02   4.058979e-01   6.209366e-01   2.455641e-02  -1.195795e+02
  1.0204692568759e+01   2.039542e+00   1.000623e-02   6.219725e+01   1.793896e-02   1.399570e-02   4.033296e-01   6.209903e-01   2.425907e-02  -1.195788e+02
  1.0206890434917e+01   2.039564e+00   1.009282e-02   6.219857e+01   1.796962e-02   1.390126e-02   4.006891e-01   6.210433e-01   2.395452e-02  -1.195781e+02
  1.0209088301074e+01   2.039586e+00   1.017881e-02   6.219999e+01   1.800006e-02   1.380179e-02   3.979731e-01   6.210956e-01   2.364586e-02  -1.195774e+02
  1.0211286167232e+01   2.039608e+00   1.026264e-02   6.220149e+01   1.803028e-02   1.369638e-02   3.951753e-01   6.211472e-01   2.333578e-02  -1.195766e+02
  1.0213484033389e+01   2.039631e+00   1.034283e-02   6.220304e+01   1.806026e-02   1.358455e-02   3.922867e-01   6.211982e-01   2.302639e-02  -1.195759e+02
  1.0215681899546e+01   2.039654e+00   1.041790e-02   6.220464e+01   1.808999e-02   1.346661e-02   3.892972e-01   6.212484e-01   2.271914e-02  -1.195753e+02
  1.0217879765704e+01   2.039677e+00   1.048644e-02   6.220627e+01   1.811945e-02   1.334377e-02   3.861977e-01   6.212980e-01   2.241479e-02  -1.195746e+02
  1.0220077631861e+01   2.039700e+00   1.054732e-02   6.220790e+01   1.814864e-02   1.321809e-02   3.829823e-01   6.213470e-01   2.211354e-02  -1.195740e+02
  1.0222275498018e+01   2.039723e+00   1.059985e-02   6.220954e+01   1.817755e-02   1.309214e-02   3.796502e-01   6.213952e-01   2.181522e-02  -1.195734e+02
  1.0224473364176e+01   2.039747e+00   1.064406e-02   6.221116e+01   1.820619e-02   1.296851e-02   3.762051e-01   6.214429e-01   2.151949e-02  -1.195728e+02
  1.0226671230333e+01   2.039770e+00   1.068073e-02   6.221276e+01   1.823456e-02   1.284927e-02   3.726552e-01   6.214898e-01   2.122608e-02  -1.195723e+02
  1.0228869096491e+01   2.039793e+00   1.071130e-02   6.221434e+01   1.826268e-02   1.273564e-02   3.690116e-01   6.215361e-01   2.093489e-02  -1.195718e+02
  1.0231066962648e+01   2.039817e+00   1.073749e-02   6.221590e+01   1.829055e-02   1.262790e-02   3.652865e-01   6.215819e-01   2.064595e-02  -1.195714e+02
  1.0233264828805e+01   2.039841e+00   1.076090e-02   6.221744e+01   1.831819e-02   1.252557e-02   3.614922e-01   6.216269e-01   2.035940e-02  -1.195711e+02
  1.0235462694963e+01   2.039864e+00   1.078249e-02   6.221896e+01   1.834562e-02   1.242772e-02   3.576402e-01   6.216713e-01   2.007536e-02  -1.195707e+02
  1.0237660561120e+01   2.039888e+00   1.080240e-02   6.222048e+01   1.837283e-02   1.233332e-02   3.537404e-01   6.217151e-01   1.979390e-02  -1.195705e+02
  1.0239858427278e+01   2.039912e+00   1.081995e-02   6.222198e+01   1.839983e-02   1.224147e-02   3.498013e-01   6.217583e-01   1.951510e-02  -1.195703e+02
  1.0242056293435e+01   2.039936e+00   1.083397e-02   6.222348e+01   1.842664e-02   1.215145e-02   3.458295e-01   6.218010e-01   1.923914e-02  -1.195703e+02
  1.0244254159592e+01   2.039959e+00   1.084324e-02   6.222497e+01   1.845325e-02   1.206263e-02   3.418298e-01   6.218429e-01   1.896642e-02  -1.195703e+02
  1.0246452025750e+01   2.039983e+00   1.084686e-02   6.222644e+01   1.847966e-02   1.197433e-02   3.378050e-01   6.218843e-01   1.869763e-02  -1.195703e+02
  1.0248649891907e+01   2.040007e+00   1.084448e-02   6.222788e+01   1.850588e-02   1.188575e-02   3.337562e-01   6.219251e-01   1.843370e-02  -1.195705e+02
  1.0250847758065e+01   2.040031e+00   1.083623e-02   6.222930e+01   1.853191e-02   1.179597e-02   3.296834e-01   6.219653e-01   1.817570e-02  -1.195708e+02
  1.0253045624222e+01   2.040055e+00   1.082247e-02   6.223069e+01   1.855773e-02   1.170408e-02   3.255861e-01   6.220050e-01   1.792466e-02  -1.195711e+02
  1.0255243490379e+01   2.040079e+00   1.080357e-02   6.223204e+01   1.858336e-02   1.160927e-02   3.214640e-01   6.220441e-01   1.768157e-02  -1.195716e+02
  1.0257441356537e+01   2.040102e+00   1.077975e-02   6.223336e+01   1.860876e-02   1.151088e-02   3.173182e-01   6.220828e-01   1.744741e-02  -1.195722e+02
  1.0259639222694e+01   2.040126e+00   1.075117e-02   6.223466e+01   1.863395e-02   1.140843e-02   3.131512e-01   6.221209e-01   1.722326e-02  -1.195728e+02
  1.0261837088851e+01   2.040149e+00   1.071815e-02   6.223591e+01   1.865891e-02   1.130157e-02   3.089668e-01   6.221585e-01   1.701053e-02  -1.195736e+02
  1.0264034955009e+01   2.040173e+00   1.068132e-02   6.223713e+01   1.868363e-02   1.119002e-02   3.047699e-01   6.221957e-01   1.681100e-02  -1.195744e+02
  1.0266232821166e+01   2.040196e+00   1.064168e-02   6.223831e+01   1.870809e-02   1.107363e-02   3.005658e-01   6.222324e-01   1.662681e-02  -1.195753e+02
  1.0268430687324e+01   2.040220e+00   1.060035e-02   6.223945e+01   1.873230e-02   1.095256e-02   2.963594e-01   6.222687e-01   1.646017e-02  -1.195763e+02
  1.0270628553481e+01   2.040243e+00   1.055818e-02   6.224054e+01   1.875623e-02   1.082740e-02   2.921545e-01   6.223047e-01   1.631312e-02  -1.195774e+02
  1.0272826419638e+01   2.040266e+00   1.051535e-02   6.224157e+01   1.877989e-02   1.069929e-02   2.879538e-01   6.223404e-01   1.618721e-02  -1.195785e+02
  1.0275024285796e+01   2.040289e+00   1.047108e-02   6.224255e+01   1.880326e-02   1.056984e-02   2.837584e-01   6.223759e-01   1.608339e-02  -1.195797e+02
  1.0277222151953e+01   2.040312e+00   1.042377e-02   6.224345e+01   1.882635e-02   1.044095e-02   2.795685e-01   6.224112e-01   1.600204e-02  -1.195810e+02
  1.0279420018111e+01   2.040335e+00   1.037128e-02   6.224429e+01   1.884916e-02   1.031438e-02   2.753839e-01   6.224463e-01   1.594318e-02  -1.195824e+02
  1.0281617884268e+01   2.040358e+00   1.031148e-02   6.224503e+01   1.887169e-02   1.019146e-02   2.712043e-01   6.224813e-01   1.590667e-02  -1.195838e+02
  1.0283815750425e+01   2.040380e+00   1.024265e-02   6.224569e+01   1.889396e-02   1.007290e-02   2.670305e-01   6.225162e-01   1.589242e-02  -1.195853e+02
  1.0286013616583e+01   2.040403e+00   1.016379e-02   6.224626e+01   1.891597e-02   9.958747e-03   2.628643e-01   6.225511e-01   1.590044e-02  -1.195869e+02
  1.0288211482740e+01   2.040425e+00   1.007462e-02   6.224673e+01   1.893774e-02   9.848700e-03   2.587090e-01   6.225861e-01   1.593077e-02  -1.195885e+02
  1.0290409348898e+01   2.040447e+00   9.975444e-03   6.224712e+01   1.895927e-02   9.742385e-03   2.545695e-01   6.226212e-01   1.598346e-02  -1.195902e+02
  1.0292607215055e+01   2.040469e+00   9.866947e-03   6.224741e+01   1.898057e-02   9.639673e-03   2.504520e-01   6.226564e-01   1.605846e-02  -1.195920e+02
  1.0294805081212e+01   2.040490e+00   9.749995e-03   6.224763e+01   1.900165e-02   9.540810e-03   2.463640e-01   6.226918e-01   1.615569e-02  -1.195939e+02
  1.0297002947370e+01   2.040511e+00   9.625553e-03   6.224779e+01   1.902251e-02   9.446374e-03   2.423145e-01   6.227275e-01   1.627516e-02  -1.195958e+02
  1.0299200813527e+01   2.040532e+00   9.494651e-03   6.224788e+01   1.904318e-02   9.357085e-03   2.383133e-01   6.227634e-01   1.641698e-02  -1.195979e+02
  1.0301398679684e+01   2.040553e+00   9.358331e-03   6.224791e+01   1.906365e-02   9.273604e-03   2.343707e-01   6.227996e-01   1.658140e-02  -1.195999e+02
  1.0303596545842e+01   2.040574e+00   9.217556e-03   6.224791e+01   1.908395e-02   9.196423e-03   2.304975e-01   6.228363e-01   1.676862e-02  -1.196020e+02
  1.0305794411999e+01   2.040594e+00   9.073096e-03   6.224788e+01   1.910408e-02   9.125886e-03   2.267038e-01   6.228734e-01   1.697865e-02  -1.196042e+02
  1.0307992278157e+01   2.040613e+00   8.925430e-03   6.224783e+01   1.912407e-02   9.062298e-03   2.229995e-01   6.229109e-01   1.721101e-02  -1.196063e+02
  1.0310190144314e+01   2.040633e+00   8.774755e-03   6.224778e+01   1.914393e-02   9.006040e-03   2.193934e-01   6.229490e-01   1.746467e-02  -1.196085e+02
  1.0312388010471e+01   2.040652e+00   8.621118e-03   6.224773e+01   1.916367e-02   8.957588e-03   2.158935e-01   6.229877e-01   1.773806e-02  -1.196107e+02
  1.0314585876629e+01   2.040671e+00   8.464615e-03   6.224768e+01   1.918331e-02   8.917397e-03   2.125068e-01   6.230270e-01   1.802924e-02  -1.196129e+02
  1.0316783742786e+01   2.040689e+00   8.305575e-03   6.224767e+01   1.920287e-02   8.885719e-03   2.092392e-01   6.230669e-01   1.833613e-02  -1.196150e+02
  1.0318981608944e+01   2.040707e+00   8.144625e-03   6.224767e+01   1.922238e-02   8.862442e-03   2.060950e-01   6.231076e-01   1.865674e-02  -1.196172e+02
  1.0321179475101e+01   2.040725e+00   7.982600e-03   6.224771e+01   1.924184e-02   8.847070e-03   2.030765e-01   6.231489e-01   1.898928e-02  -1.196193e+02
  1.0323377341258e+01   2.040742e+00   7.820349e-03   6.224779e+01   1.926127e-02   8.838880e-03   2.001842e-01   6.231911e-01   1.933216e-02  -1.196214e+02
  1.0325575207416e+01   2.040759e+00   7.658522e-03   6.224791e+01   1.928070e-02   8.837205e-03   1.974173e-01   6.232339e-01   1.968398e-02  -1.196234e+02
  1.0327773073573e+01   2.040776e+00   7.497469e-03   6.224809e+01   1.930013e-02   8.841727e-03   1.947739e-01   6.232775e-01   2.004348e-02  -1.196255e+02
  1.0329970939731e+01   2.040792e+00   7.337306e-03   6.224832e+01   1.931957e-02   8.852614e-03   1.922525e-01   6.233220e-01   2.040950e-02  -1.196274e+02
  1.0332168805888e+01   2.040808e+00   7.178108e-03   6.224860e+01   1.933905e-02   8.870447e-03   1.898520e-01   6.233672e-01   2.078099e-02  -1.196294e+02
  1.0334366672045e+01   2.040824e+00   7.020154e-03   6.224894e+01   1.935857e-02   8.895933e-03   1.875715e-01   6.234133e-01   2.115711e-02  -1.196313e+02
  1.0336564538203e+01   2.040839e+00   6.864091e-03   6.224935e+01   1.937816e-02   8.929526e-03   1.854097e-01   6.234602e-01   2.153713e-02  -1.196331e+02
  1.0338762404360e+01   2.040854e+00   6.710944e-03   6.224982e+01   1.939783e-02   8.971129e-03   1.833635e-01   6.235080e-01   2.192042e-02  -1.196349e+02
  1.0340960270517e+01   2.040869e+00   6.561962e-03   6.225037e+01   1.941760e-02   9.019968e-03   1.814270e-01   6.235566e-01   2.230628e-02  -1.196367e+02
  1.0343158136675e+01   2.040883e+00   6.418386e-03   6.225099e+01   1.943749e-02   9.074742e-03   1.795918e-01   6.236060e-01   2.269391e-02  -1.196383e+02
  1.0345356002832e+01   2.040897e+00   6.281235e-03   6.225170e+01   1.945750e-02   9.133926e-03   1.778478e-01   6.236563e-01   2.308227e-02  -1.196399e+02
  1.0347553868990e+01   2.040910e+00   6.151198e-03   6.225249e+01   1.947764e-02   9.196133e-03   1.761852e-01   6.237075e-01   2.347019e-02  -1.196415e+02
  1.0349751735147e+01   2.040924e+00   6.028683e-03   6.225338e+01   1.949792e-02   9.260377e-03   1.745968e-01   6.237595e-01   2.385650e-02  -1.196430e+02
  1.0351949601304e+01   2.040937e+00   5.913948e-03   6.225436e+01   1.951835e-02   9.326131e-03   1.730791e-01   6.238124e-01   2.424021e-02  -1.196444e+02
  1.0354147467462e+01   2.040950e+00   5.807269e-03   6.225544e+01   1.953892e-02   9.393205e-03   1.716324e-01   6.238661e-01   2.462067e-02  -1.196458e+02
  1.0356345333619e+01   2.040962e+00   5.709027e-03   6.225662e+01   1.955964e-02   9.461496e-03   1.702597e-01   6.239206e-01   2.499764e-02  -1.196471e+02
  1.0358543199777e+01   2.040975e+00   5.619694e-03   6.225791e+01   1.958051e-02   9.530742e-03   1.689647e-01   6.239760e-01   2.537130e-02  -1.196483e+02
  1.0360741065934e+01   2.040987e+00   5.539717e-03   6.225930e+01   1.960154e-02   9.600386e-03   1.677488e-01   6.240321e-01   2.574212e-02  -1.196495e+02
  1.0362938932091e+01   2.040999e+00   5.469372e-03   6.226080e+01   1.962271e-02   9.669594e-03   1.666100e-01   6.240891e-01   2.611076e-02  -1.196507e+02
  1.0365136798249e+01   2.041011e+00   5.408659e-03   6.226239e+01   1.964404e-02   9.737406e-03   1.655419e-01   6.241469e-01   2.647793e-02  -1.196517e+02
  1.0367334664406e+01   2.041023e+00   5.357305e-03   6.226408e+01   1.966551e-02   9.802938e-03   1.645348e-01   6.242055e-01   2.684433e-02  -1.196527e+02
  1.0369532530564e+01   2.041035e+00   5.314858e-03   6.226587e+01   1.968713e-02   9.865553e-03   1.635774e-01   6.242650e-01   2.721064e-02  -1.196537e+02
  1.0371730396721e+01   2.041046e+00   5.280855e-03   6.226772e+01   1.970888e-02   9.924931e-03   1.626594e-01   6.243252e-01   2.757758e-02  -1.196546e+02
  1.0373928262878e+01   2.041058e+00   5.254960e-03   6.226965e+01   1.973075e-02   9.981031e-03   1.617733e-01   6.243862e-01   2.794590e-02  -1.196555e+02
  1.0376126129036e+01   2.041070e+00   5.237030e-03   6.227164e+01   1.975275e-02   1.003398e-02   1.609161e-01   6.244480e-01   2.831644e-02  -1.196563e+02
  1.0378323995193e+01   2.041081e+00   5.227049e-03   6.227370e+01   1.977485e-02   1.008398e-02   1.600895e-01   6.245106e-01   2.869005e-02  -1.196571e+02
  1.0380521861351e+01   2.041092e+00   5.224986e-03   6.227580e+01   1.979707e-02   1.013124e-02   1.592991e-01   6.245741e-01   2.906755e-02  -1.196578e+02
  1.0382719727508e+01   2.041104e+00   5.230618e-03   6.227796e+01   1.981939e-02   1.017602e-02   1.585529e-01   6.246384e-01   2.944963e-02  -1.196585e+02
  1.0384917593665e+01   2.041115e+00   5.243436e-03   6.228016e+01   1.984180e-02   1.021870e-02   1.578600e-01   6.247036e-01   2.983671e-02  -1.196592e+02
  1.0387115459823e+01   2.041127e+00   5.262652e-03   6.228239e+01   1.986430e-02   1.025985e-02   1.572285e-01   6.247696e-01   3.022891e-02  -1.196598e+02
  1.0389313325980e+01   2.041138e+00   5.287343e-03   6.228465e+01   1.988690e-02   1.030025e-02   1.566655e-01   6.248364e-01   3.062594e-02  -1.196603e+02
  1.0391511192137e+01   2.041150e+00   5.316660e-03   6.228693e+01   1.990958e-02   1.034087e-02   1.561756e-01   6.249042e-01   3.102709e-02  -1.196608e+02
  1.0393709058295e+01   2.041162e+00   5.350026e-03   6.228923e+01   1.993236e-02   1.038272e-02   1.557615e-01   6.249729e-01   3.143121e-02  -1.196612e+02
  1.0395906924452e+01   2.041173e+00   5.387243e-03   6.229153e+01   1.995522e-02   1.042675e-02   1.554239e-01   6.250424e-01   3.183669e-02  -1.196615e+02
  1.0398104790610e+01   2.041185e+00   5.428476e-03   6.229385e+01   1.997819e-02   1.047370e-02   1.551623e-01   6.251128e-01   3.224149e-02  -1.196617e+02
  1.0400302656767e+01   2.041197e+00   5.474143e-03   6.229616e+01   2.000127e-02   1.052414e-02   1.549745e-01   6.251841e-01   3.264315e-02  -1.196619e+02
  1.0402500522924e+01   2.041209e+00   5.524783e-03   6.229849e+01   2.002446e-02   1.057842e-02   1.548579e-01   6.252562e-01   3.303889e-02  -1.196619e+02
  1.0404698389082e+01   2.041222e+00   5.580958e-03   6.230083e+01   2.004777e-02   1.063673e-02   1.548092e-01   6.253293e-01   3.342571e-02  -1.196618e+02
  1.0406896255239e+01   2.041234e+00   5.643245e-03   6.230318e+01   2.007122e-02   1.069914e-02   1.548256e-01   6.254031e-01   3.380053e-02  -1.196617e+02
  1.0409094121397e+01   2.041246e+00   5.712273e-03   6.230555e+01   2.009481e-02   1.076564e-02   1.549049e-01   6.254778e-01   3.416034e-02  -1.196614e+02
  1.0411291987554e+01   2.041259e+00   5.788772e-03   6.230796e+01   2.011855e-02   1.083604e-02   1.550459e-01   6.255533e-01   3.450232e-02  -1.196610e+02
  1.0413489853711e+01   2.041272e+00   5.873539e-03   6.231039e+01   2.014244e-02   1.091003e-02   1.552487e-01   6.256294e-01   3.482397e-02  -1.196606e+02
  1.0415687719869e+01   2.041285e+00   5.967306e-03   6.231287e+01   2.016651e-02   1.098713e-02   1.555142e-01   6.257063e-01   3.512310e-02  -1.196600e+02
  1.0417885586026e+01   2.041298e+00   6.070527e-03   6.231540e+01   2.019074e-02   1.106670e-02   1.558442e-01   6.257838e-01   3.539789e-02  -1.196593e+02
  1.0420083452184e+01   2.041312e+00   6.183160e-03   6.231797e+01   2.021515e-02   1.114795e-02   1.562404e-01   6.258619e-01   3.564692e-02  -1.196585e+02
  1.0422281318341e+01   2.041325e+00   6.304533e-03   6.232061e+01   2.023975e-02   1.122992e-02   1.567039e-01   6.259405e-01   3.586913e-02  -1.196576e+02
  1.0424479184498e+01   2.041339e+00   6.433359e-03   6.232330e+01   2.026452e-02   1.131148e-02   1.572349e-01   6.260195e-01   3.606397e-02  -1.196566e+02
  1.0426677050656e+01   2.041354e+00   6.567911e-03   6.232607e+01   2.028947e-02   1.139125e-02   1.578325e-01   6.260990e-01   3.623144e-02  -1.196555e+02
  1.0428874916813e+01   2.041368e+00   6.706282e-03   6.232888e+01   2.031459e-02   1.146763e-02   1.584948e-01   6.261788e-01   3.637213e-02  -1.196543e+02
  1.0431072782970e+01   2.041383e+00   6.846663e-03   6.233176e+01   2.033987e-02   1.153881e-02   1.592191e-01   6.262589e-01   3.648720e-02  -1.196529e+02
  1.0433270649128e+01   2.041398e+00   6.987517e-03   6.233469e+01   2.036530e-02   1.160291e-02   1.600024e-01   6.263391e-01   3.657831e-02  -1.196515e+02
  1.0435468515285e+01   2.041414e+00   7.127642e-03   6.233766e+01   2.039086e-02   1.165818e-02   1.608422e-01   6.264196e-01   3.664745e-02  -1.196500e+02
  1.0437666381443e+01   2.041430e+00   7.266089e-03   6.234067e+01   2.041653e-02   1.170310e-02   1.617358e-01   6.265002e-01   3.669668e-02  -1.196483e+02
  1.0439864247600e+01   2.041446e+00   7.402039e-03   6.234370e+01   2.044229e-02   1.173660e-02   1.626814e-01   6.265809e-01   3.672803e-02  -1.196466e+02
  1.0442062113757e+01   2.041462e+00   7.534674e-03   6.234676e+01   2.046811e-02   1.175795e-02   1.636768e-01   6.266617e-01   3.674336e-02  -1.196447e+02
  1.0444259979915e+01   2.041479e+00   7.663124e-03   6.234982e+01   2.049396e-02   1.176676e-02   1.647195e-01   6.267424e-01   3.674434e-02  -1.196428e+02
  1.0446457846072e+01   2.041496e+00   7.786490e-03   6.235288e+01   2.051982e-02   1.176280e-02   1.658061e-01   6.268232e-01   3.673251e-02  -1.196408e+02
  1.0448655712230e+01   2.041513e+00   7.903915e-03   6.235594e+01   2.054565e-02   1.174586e-02   1.669324e-01   6.269039e-01   3.670938e-02  -1.196387e+02
  1.0450853578387e+01   2.041530e+00   8.014668e-03   6.235898e+01   2.057144e-02   1.171570e-02   1.680935e-01   6.269845e-01   3.667647e-02  -1.196366e+02
  1.0453051444544e+01   2.041548e+00   8.118186e-03   6.236200e+01   2.059714e-02   1.167210e-02   1.692841e-01   6.270651e-01   3.663538e-02  -1.196343e+02
  1.0455249310702e+01   2.041566e+00   8.214070e-03   6.236498e+01   2.062273e-02   1.161496e-02   1.704993e-01   6.271456e-01   3.658774e-02  -1.196320e+02
  1.0457447176859e+01   2.041584e+00   8.302039e-03   6.236793e+01   2.064818e-02   1.154447e-02   1.717343e-01   6.272259e-01   3.653516e-02  -1.196296e+02
  1.0459645043017e+01   2.041602e+00   8.381899e-03   6.237083e+01   2.067346e-02   1.146115e-02   1.729847e-01   6.273062e-01   3.647913e-02  -1.196272e+02
  1.0461842909174e+01   2.041621e+00   8.453533e-03   6.237366e+01   2.069855e-02   1.136586e-02   1.742463e-01   6.273863e-01   3.642105e-02  -1.196247e+02
  1.0464040775331e+01   2.041640e+00   8.516956e-03   6.237642e+01   2.072341e-02   1.125968e-02   1.755145e-01   6.274663e-01   3.636214e-02  -1.196222e+02
  1.0466238641489e+01   2.041658e+00   8.572377e-03   6.237908e+01   2.074803e-02   1.114374e-02   1.767844e-01   6.275461e-01   3.630349e-02  -1.196196e+02
  1.0468436507646e+01   2.041677e+00   8.620270e-03   6.238163e+01   2.077239e-02   1.101908e-02   1.780506e-01   6.276259e-01   3.624603e-02  -1.196171e+02
  1.0470634373803e+01   2.041696e+00   8.661390e-03   6.238407e+01   2.079646e-02   1.088656e-02   1.793075e-01   6.277055e-01   3.619044e-02  -1.196145e+02
  1.0472832239961e+01   2.041715e+00   8.696740e-03   6.238638e+01   2.082023e-02   1.074693e-02   1.805497e-01   6.277850e-01   3.613712e-02  -1.196118e+02
  1.0475030106118e+01   2.041734e+00   8.727478e-03   6.238854e+01   2.084369e-02   1.060089e-02   1.817724e-01   6.278644e-01   3.608600e-02  -1.196092e+02
  1.0477227972276e+01   2.041754e+00   8.754821e-03   6.239056e+01   2.086683e-02   1.044927e-02   1.829711e-01   6.279437e-01   3.603658e-02  -1.196066e+02
  1.0479425838433e+01   2.041773e+00   8.779976e-03   6.239243e+01   2.088962e-02   1.029303e-02   1.841422e-01   6.280228e-01   3.598781e-02  -1.196040e+02
  1.0481623704590e+01   2.041792e+00   8.804121e-03   6.239414e+01   2.091207e-02   1.013332e-02   1.852823e-01   6.281019e-01   3.593821e-02  -1.196014e+02
  1.0483821570748e+01   2.041812e+00   8.828424e-03   6.239569e+01   2.093416e-02   9.971295e-03   1.863885e-01   6.281808e-01   3.588604e-02  -1.195988e+02
  1.0486019436905e+01   2.041831e+00   8.854086e-03   6.239708e+01   2.095590e-02   9.807973e-03   1.874576e-01   6.282596e-01   3.582949e-02  -1.195963e+02
  1.0488217303063e+01   2.041851e+00   8.882358e-03   6.239832e+01   2.097727e-02   9.644123e-03   1.884868e-01   6.283383e-01   3.576686e-02  -1.195938e+02
  1.0490415169220e+01   2.041870e+00   8.914514e-03   6.239938e+01   2.099829e-02   9.480194e-03   1.894731e-01   6.284168e-01   3.569674e-02  -1.195913e+02
  1.0492613035377e+01   2.041890e+00   8.951773e-03   6.240029e+01   2.101894e-02   9.316382e-03   1.904131e-01   6.284952e-01   3.561807e-02  -1.195889e+02
  1.0494810901535e+01   2.041910e+00   8.995214e-03   6.240103e+01   2.103924e-02   9.152763e-03   1.913037e-01   6.285734e-01   3.553019e-02  -1.195865e+02
  1.0497008767692e+01   2.041929e+00   9.045700e-03   6.240161e+01   2.105918e-02   8.989453e-03   1.921413e-01   6.286514e-01   3.543282e-02  -1.195843e+02
  1.0499206633850e+01   2.041950e+00   9.103856e-03   6.240202e+01   2.107876e-02   8.826728e-03   1.929224e-01   6.287292e-01   3.532597e-02  -1.195821e+02
  1.0501404500007e+01   2.041970e+00   9.170108e-03   6.240226e+01   2.109798e-02   8.665046e-03   1.936437e-01   6.288067e-01   3.520998e-02  -1.195800e+02
  1.0503602366164e+01   2.041990e+00   9.244760e-03   6.240233e+01   2.111685e-02   8.504984e-03   1.943027e-01   6.288839e-01   3.508540e-02  -1.195780e+02
  1.0505800232322e+01   2.042010e+00   9.328075e-03   6.240222e+01   2.113537e-02   8.347135e-03   1.948974e-01   6.289608e-01   3.495300e-02  -1.195760e+02
  1.0507998098479e+01   2.042031e+00   9.420332e-03   6.240195e+01   2.115354e-02   8.191990e-03   1.954270e-01   6.290375e-01   3.481365e-02  -1.195742e+02
  1.0510195964636e+01   2.042052e+00   9.521842e-03   6.240150e+01   2.117138e-02   8.039881e-03   1.958914e-01   6.291139e-01   3.466829e-02  -1.195725e+02
  1.0512393830794e+01   2.042073e+00   9.632923e-03   6.240088e+01   2.118889e-02   7.890989e-03   1.962907e-01   6.291899e-01   3.451779e-02  -1.195708e+02
  1.0514591696951e+01   2.042094e+00   9.753853e-03   6.240009e+01   2.120607e-02   7.745408e-03   1.966255e-01   6.292656e-01   3.436300e-02  -1.195693e+02
  1.0516789563109e+01   2.042115e+00   9.884834e-03   6.239915e+01   2.122294e-02   7.603217e-03   1.968958e-01   6.293409e-01   3.420468e-02  -1.195679e+02
  1.0518987429266e+01   2.042137e+00   1.002597e-02   6.239804e+01   2.123950e-02   7.464522e-03   1.971018e-01   6.294159e-01   3.404357e-02  -1.195665e+02
  1.0521185295423e+01   2.042160e+00   1.017727e-02   6.239677e+01   2.125575e-02   7.329472e-03   1.972435e-01   6.294906e-01   3.388043e-02  -1.195653e+02
  1.0523383161581e+01   2.042182e+00   1.033866e-02   6.239536e+01   2.127172e-02   7.198216e-03   1.973215e-01   6.295648e-01   3.371617e-02  -1.195642e+02
  1.0525581027738e+01   2.042205e+00   1.050999e-02   6.239381e+01   2.128740e-02   7.070871e-03   1.973371e-01   6.296387e-01   3.355183e-02  -1.195632e+02
  1.0527778893896e+01   2.042228e+00   1.069107e-02   6.239211e+01   2.130281e-02   6.947503e-03   1.972927e-01   6.297123e-01   3.338864e-02  -1.195622e+02
  1.0529976760053e+01   2.042252e+00   1.088161e-02   6.239027e+01   2.131794e-02   6.828148e-03   1.971917e-01   6.297855e-01   3.322792e-02  -1.195614e+02
  1.0532174626210e+01   2.042276e+00   1.108127e-02   6.238830e+01   2.133282e-02   6.712864e-03   1.970383e-01   6.298583e-01   3.307107e-02  -1.195607e+02
  1.0534372492368e+01   2.042301e+00   1.128967e-02   6.238620e+01   2.134746e-02   6.601785e-03   1.968376e-01   6.299309e-01   3.291950e-02  -1.195601e+02
  1.0536570358525e+01   2.042326e+00   1.150635e-02   6.238396e+01   2.136185e-02   6.495140e-03   1.965951e-01   6.300030e-01   3.277457e-02  -1.195596e+02
  1.0538768224683e+01   2.042351e+00   1.173088e-02   6.238160e+01   2.137601e-02   6.393228e-03   1.963167e-01   6.300749e-01   3.263757e-02  -1.195592e+02
  1.0540966090840e+01   2.042377e+00   1.196281e-02   6.237911e+01   2.138996e-02   6.296341e-03   1.960083e-01   6.301465e-01   3.250971e-02  -1.195589e+02
  1.0543163956997e+01   2.042404e+00   1.220170e-02   6.237650e+01   2.140369e-02   6.204669e-03   1.956759e-01   6.302179e-01   3.239216e-02  -1.195587e+02
  1.0545361823155e+01   2.042431e+00   1.244710e-02   6.237376e+01   2.141724e-02   6.118234e-03   1.953249e-01   6.302889e-01   3.228595e-02  -1.195586e+02
  1.0547559689312e+01   2.042459e+00   1.269852e-02   6.237090e+01   2.143059e-02   6.036863e-03   1.949601e-01   6.303598e-01   3.219204e-02  -1.195586e+02
  1.0549757555469e+01   2.042487e+00   1.295536e-02   6.236792e+01   2.144378e-02   5.960239e-03   1.945851e-01   6.304305e-01   3.211117e-02  -1.195587e+02
  1.0551955421627e+01   2.042516e+00   1.321696e-02   6.236483e+01   2.145680e-02   5.887984e-03   1.942025e-01   6.305010e-01   3.204393e-02  -1.195589e+02
  1.0554153287784e+01   2.042545e+00   1.348254e-02   6.236162e+01   2.146966e-02   5.819764e-03   1.938139e-01   6.305714e-01   3.199068e-02  -1.195591e+02
  1.0556351153942e+01   2.042575e+00   1.375133e-02   6.235830e+01   2.148238e-02   5.755373e-03   1.934206e-01   6.306416e-01   3.195157e-02  -1.195595e+02
  1.0558549020099e+01   2.042605e+00   1.402255e-02   6.235489e+01   2.149496e-02   5.694771e-03   1.930242e-01   6.307119e-01   3.192658e-02  -1.195599e+02
  1.0560746886256e+01   2.042637e+00   1.429559e-02   6.235137e+01   2.150742e-02   5.638074e-03   1.926265e-01   6.307820e-01   3.191560e-02  -1.195604e+02
  1.0562944752414e+01   2.042668e+00   1.456995e-02   6.234776e+01   2.151975e-02   5.585524e-03   1.922304e-01   6.308522e-01   3.191838e-02  -1.195610e+02
  1.0565142618571e+01   2.042701e+00   1.484535e-02   6.234407e+01   2.153197e-02   5.537445e-03   1.918394e-01   6.309223e-01   3.193461e-02  -1.195617e+02
  1.0567340484729e+01   2.042734e+00   1.512161e-02   6.234030e+01   2.154410e-02   5.494217e-03   1.914570e-01   6.309925e-01   3.196390e-02  -1.195624e+02
  1.0569538350886e+01   2.042767e+00   1.539874e-02   6.233646e+01   2.155613e-02   5.456261e-03   1.910864e-01   6.310628e-01   3.200578e-02  -1.195632e+02
  1.0571736217043e+01   2.042801e+00   1.567679e-02   6.233256e+01   2.156809e-02   5.424039e-03   1.907300e-01   6.311332e-01   3.205967e-02  -1.195640e+02
  1.0573934083201e+01   2.042836e+00   1.595589e-02   6.232861e+01   2.157998e-02   5.398036e-03   1.903896e-01   6.312037e-01   3.212498e-02  -1.195649e+02
  1.0576131949358e+01   2.042871e+00   1.623624e-02   6.232462e+01   2.159183e-02   5.378730e-03   1.900658e-01   6.312744e-01   3.220107e-02  -1.195658e+02
  1.0578329815516e+01   2.042907e+00   1.651808e-02   6.232059e+01   2.160363e-02   5.366537e-03   1.897591e-01   6.313453e-01   3.228738e-02  -1.195668e+02
  1.0580527681673e+01   2.042944e+00   1.680174e-02   6.231654e+01   2.161543e-02   5.361761e-03   1.894692e-01   6.314163e-01   3.238343e-02  -1.195678e+02
  1.0582725547830e+01   2.042981e+00   1.708756e-02   6.231247e+01   2.162721e-02   5.364550e-03   1.891963e-01   6.314876e-01   3.248883e-02  -1.195688e+02
  1.0584923413988e+01   2.043019e+00   1.737588e-02   6.230840e+01   2.163901e-02   5.374896e-03   1.889400e-01   6.315591e-01   3.260329e-02  -1.195698e+02
  1.0587121280145e+01   2.043058e+00   1.766699e-02   6.230433e+01   2.165085e-02   5.392667e-03   1.887001e-01   6.316309e-01   3.272654e-02  -1.195709e+02
  1.0589319146303e+01   2.043097e+00   1.796106e-02   6.230026e+01   2.166273e-02   5.417660e-03   1.884762e-01   6.317030e-01   3.285828e-02  -1.195720e+02
  1.0591517012460e+01   2.043137e+00   1.825813e-02   6.229622e+01   2.167467e-02   5.449669e-03   1.882674e-01   6.317753e-01   3.299814e-02  -1.195730e+02
  1.0593714878617e+01   2.043177e+00   1.855810e-02   6.229220e+01   2.168669e-02   5.488522e-03   1.880731e-01   6.318480e-01   3.314572e-02  -1.195741e+02
  1.0595912744775e+01   2.043218e+00   1.886083e-02   6.228821e+01   2.169880e-02   5.534101e-03   1.878923e-01   6.319210e-01   3.330052e-02  -1.195752e+02
  1.0598110610932e+01   2.043260e+00   1.916614e-02   6.228426e+01   2.171102e-02   5.586328e-03   1.877245e-01   6.319944e-01   3.346201e-02  -1.195762e+02
  1.0600308477089e+01   2.043303e+00   1.947391e-02   6.228037e+01   2.172337e-02   5.645156e-03   1.875694e-01   6.320681e-01   3.362965e-02  -1.195773e+02
  1.0602506343247e+01   2.043346e+00   1.978403e-02   6.227653e+01   2.173585e-02   5.710551e-03   1.874272e-01   6.321422e-01   3.380288e-02  -1.195783e+02
  1.0604704209404e+01   2.043390e+00   2.009639e-02   6.227275e+01   2.174848e-02   5.782500e-03   1.872984e-01   6.322167e-01   3.398109e-02  -1.195794e+02
  1.0606902075562e+01   2.043434e+00   2.041082e-02   6.226904e+01   2.176127e-02   5.861032e-03   1.871839e-01   6.322916e-01   3.416364e-02  -1.195803e+02
  1.0609099941719e+01   2.043479e+00   2.072704e-02   6.226541e+01   2.177425e-02   5.946236e-03   1.870850e-01   6.323668e-01   3.434980e-02  -1.195813e+02
  1.0611297807876e+01   2.043525e+00   2.104456e-02   6.226187e+01   2.178742e-02   6.038259e-03   1.870034e-01   6.324425e-01   3.453882e-02  -1.195823e+02
  1.0613495674034e+01   2.043572e+00   2.136280e-02   6.225841e+01   2.180080e-02   6.137286e-03   1.869412e-01   6.325186e-01   3.472994e-02  -1.195832e+02
  1.0615693540191e+01   2.043619e+00   2.168103e-02   6.225504e+01   2.181440e-02   6.243495e-03   1.869006e-01   6.325952e-01   3.492247e-02  -1.195840e+02
  1.0617891406349e+01   2.043667e+00   2.199855e-02   6.225177e+01   2.182825e-02   6.357009e-03   1.868837e-01   6.326721e-01   3.511579e-02  -1.195849e+02
  1.0620089272506e+01   2.043716e+00   2.231470e-02   6.224861e+01   2.184235e-02   6.477862e-03   1.868924e-01   6.327495e-01   3.530943e-02  -1.195857e+02
  1.0622287138663e+01   2.043765e+00   2.262889e-02   6.224554e+01   2.185673e-02   6.605993e-03   1.869280e-01   6.328273e-01   3.550300e-02  -1.195864e+02
  1.0624485004821e+01   2.043815e+00   2.294065e-02   6.224258e+01   2.187140e-02   6.741275e-03   1.869914e-01   6.329056e-01   3.569625e-02  -1.195871e+02
  1.0626682870978e+01   2.043866e+00   2.324955e-02   6.223974e+01   2.188637e-02   6.883552e-03   1.870827e-01   6.329843e-01   3.588891e-02  -1.195878e+02
  1.0628880737136e+01   2.043917e+00   2.355518e-02   6.223700e+01   2.190166e-02   7.032696e-03   1.872022e-01   6.330634e-01   3.608074e-02  -1.195884e+02
  1.0631078603293e+01   2.043970e+00   2.385714e-02   6.223438e+01   2.191729e-02   7.188628e-03   1.873499e-01   6.331429e-01   3.627146e-02  -1.195890e+02
  1.0633276469450e+01   2.044022e+00   2.415506e-02   6.223188e+01   2.193327e-02   7.351325e-03   1.875265e-01   6.332228e-01   3.646074e-02  -1.195895e+02
  1.0635474335608e+01   2.044076e+00   2.444861e-02   6.222950e+01   2.194961e-02   7.520796e-03   1.877332e-01   6.333032e-01   3.664825e-02  -1.195899e+02
  1.0637672201765e+01   2.044130e+00   2.473753e-02   6.222725e+01   2.196633e-02   7.697043e-03   1.879714e-01   6.333839e-01   3.683361e-02  -1.195903e+02
  1.0639870067922e+01   2.044184e+00   2.502168e-02   6.222512e+01   2.198345e-02   7.880024e-03   1.882431e-01   6.334651e-01   3.701650e-02  -1.195905e+02
  1.0642067934080e+01   2.044240e+00   2.530102e-02   6.222312e+01   2.200098e-02   8.069633e-03   1.885501e-01   6.335467e-01   3.719663e-02  -1.195908e+02
  1.0644265800237e+01   2.044296e+00   2.557555e-02   6.222125e+01   2.201893e-02   8.265694e-03   1.888944e-01   6.336286e-01   3.737371e-02  -1.195909e+02
  1.0646463666395e+01   2.044352e+00   2.584534e-02   6.221951e+01   2.203732e-02   8.467975e-03   1.892778e-01   6.337109e-01   3.754752e-02  -1.195910e+02
  1.0648661532552e+01   2.044409e+00   2.611041e-02   6.221791e+01   2.205616e-02   8.676223e-03   1.897020e-01   6.337937e-01   3.771786e-02  -1.195910e+02
  1.0650859398709e+01   2.044467e+00   2.637079e-02   6.221644e+01   2.207547e-02   8.890183e-03   1.901685e-01   6.338767e-01   3.788454e-02  -1.195909e+02
  1.0653057264867e+01   2.044525e+00   2.662651e-02   6.221510e+01   2.209525e-02   9.109627e-03   1.906791e-01   6.339602e-01   3.804741e-02  -1.195907e+02
  1.0655255131024e+01   2.044584e+00   2.687756e-02   6.221390e+01   2.211552e-02   9.334361e-03   1.912352e-01   6.340440e-01   3.820632e-02  -1.195905e+02
  1.0657452997182e+01   2.044643e+00   2.712394e-02   6.221283e+01   2.213629e-02   9.564212e-03   1.918383e-01   6.341282e-01   3.836117e-02  -1.195902e+02
  1.0659650863339e+01   2.044703e+00   2.736562e-02   6.221190e+01   2.215756e-02   9.799008e-03   1.924900e-01   6.342126e-01   3.851187e-02  -1.195898e+02
  1.0661848729496e+01   2.044764e+00   2.760253e-02   6.221110e+01   2.217937e-02   1.003856e-02   1.931916e-01   6.342974e-01   3.865838e-02  -1.195894e+02
  1.0664046595654e+01   2.044825e+00   2.783450e-02   6.221043e+01   2.220170e-02   1.028262e-02   1.939443e-01   6.343825e-01   3.880060e-02  -1.195889e+02
  1.0666244461811e+01   2.044886e+00   2.806130e-02   6.220988e+01   2.222457e-02   1.053087e-02   1.947491e-01   6.344680e-01   3.893848e-02  -1.195883e+02
  1.0668442327969e+01   2.044948e+00   2.828259e-02   6.220945e+01   2.224799e-02   1.078292e-02   1.956069e-01   6.345537e-01   3.907187e-02  -1.195877e+02
  1.0670640194126e+01   2.045011e+00   2.849797e-02   6.220915e+01   2.227197e-02   1.103829e-02   1.965180e-01   6.346397e-01   3.920060e-02  -1.195870e+02
  1.0672838060283e+01   2.045074e+00   2.870702e-02   6.220895e+01   2.229652e-02   1.129643e-02   1.974823e-01   6.347260e-01   3.932447e-02  -1.195862e+02
  1.0675035926441e+01   2.045137e+00   2.890934e-02   6.220886e+01   2.232163e-02   1.155672e-02   1.984987e-01   6.348125e-01   3.944326e-02  -1.195854e+02
  1.0677233792598e+01   2.045201e+00   2.910458e-02   6.220887e+01   2.234732e-02   1.181851e-02   1.995657e-01   6.348994e-01   3.955674e-02  -1.195846e+02
  1.0679431658755e+01   2.045265e+00   2.929248e-02   6.220897e+01   2.237358e-02   1.208109e-02   2.006806e-01   6.349865e-01   3.966476e-02  -1.195837e+02
  1.0681629524913e+01   2.045329e+00   2.947288e-02   6.220916e+01   2.240042e-02   1.234373e-02   2.018401e-01   6.350737e-01   3.976723e-02  -1.195827e+02
  1.0683827391070e+01   2.045394e+00   2.964570e-02   6.220942e+01   2.242784e-02   1.260568e-02   2.030406e-01   6.351612e-01   3.986414e-02  -1.195818e+02
  1.0686025257228e+01   2.045460e+00   2.981097e-02   6.220976e+01   2.245583e-02   1.286620e-02   2.042780e-01   6.352490e-01   3.995559e-02  -1.195808e+02
  1.0688223123385e+01   2.045525e+00   2.996876e-02   6.221016e+01   2.248439e-02   1.312457e-02   2.055483e-01   6.353369e-01   4.004176e-02  -1.195798e+02
  1.0690420989542e+01   2.045591e+00   3.011926e-02   6.221061e+01   2.251352e-02   1.338015e-02   2.068477e-01   6.354250e-01   4.012288e-02  -1.195788e+02
  1.0692618855700e+01   2.045658e+00   3.026270e-02   6.221111e+01   2.254320e-02   1.363235e-02   2.081726e-01   6.355132e-01   4.019918e-02  -1.195777e+02
  1.0694816721857e+01   2.045724e+00   3.039934e-02   6.221165e+01   2.257344e-02   1.388069e-02   2.095198e-01   6.356017e-01   4.027092e-02  -1.195766e+02
  1.0697014588015e+01   2.045791e+00   3.052950e-02   6.221223e+01   2.260422e-02   1.412474e-02   2.108865e-01   6.356903e-01   4.033830e-02  -1.195755e+02
  1.0699212454172e+01   2.045859e+00   3.065350e-02   6.221283e+01   2.263552e-02   1.436414e-02   2.122701e-01   6.357790e-01   4.040150e-02  -1.195744e+02
  1.0701410320329e+01   2.045926e+00   3.077168e-02   6.221345e+01   2.266735e-02   1.459855e-02   2.136682e-01   6.358679e-01   4.046065e-02  -1.195733e+02
  1.0703608186487e+01   2.045994e+00   3.088434e-02   6.221408e+01   2.269969e-02   1.482766e-02   2.150787e-01   6.359569e-01   4.051581e-02  -1.195722e+02
  1.0705806052644e+01   2.046062e+00   3.099180e-02   6.221473e+01   2.273252e-02   1.505115e-02   2.164994e-01   6.360460e-01   4.056700e-02  -1.195710e+02
  1.0708003918802e+01   2.046130e+00   3.109437e-02   6.221536e+01   2.276584e-02   1.526873e-02   2.179289e-01   6.361352e-01   4.061422e-02  -1.195698e+02
  1.0710201784959e+01   2.046198e+00   3.119235e-02   6.221600e+01   2.279963e-02   1.548015e-02   2.193658e-01   6.362245e-01   4.065739e-02  -1.195687e+02
  1.0712399651116e+01   2.046267e+00   3.128605e-02   6.221661e+01   2.283388e-02   1.568523e-02   2.208093e-01   6.363139e-01   4.069639e-02  -1.195675e+02
  1.0714597517274e+01   2.046336e+00   3.137579e-02   6.221721e+01   2.286857e-02   1.588383e-02   2.222591e-01   6.364034e-01   4.073108e-02  -1.195663e+02
  1.0716795383431e+01   2.046405e+00   3.146188e-02   6.221779e+01   2.290370e-02   1.607589e-02   2.237157e-01   6.364929e-01   4.076126e-02  -1.195651e+02
  1.0718993249588e+01   2.046474e+00   3.154463e-02   6.221834e+01   2.293923e-02   1.626140e-02   2.251797e-01   6.365826e-01   4.078672e-02  -1.195639e+02
  1.0721191115746e+01   2.046544e+00   3.162434e-02   6.221886e+01   2.297517e-02   1.644033e-02   2.266524e-01   6.366722e-01   4.080726e-02  -1.195628e+02
  1.0723388981903e+01   2.046613e+00   3.170128e-02   6.221934e+01   2.301149e-02   1.661265e-02   2.281350e-01   6.367619e-01   4.082265e-02  -1.195616e+02
  1.0725586848061e+01   2.046683e+00   3.177570e-02   6.221979e+01   2.304819e-02   1.677830e-02   2.296288e-01   6.368516e-01   4.083272e-02  -1.195604e+02
  1.0727784714218e+01   2.046753e+00   3.184780e-02   6.222019e+01   2.308524e-02   1.693720e-02   2.311350e-01   6.369414e-01   4.083733e-02  -1.195592e+02
  1.0729982580375e+01   2.046823e+00   3.191775e-02   6.222055e+01   2.312263e-02   1.708929e-02   2.326542e-01   6.370311e-01   4.083638e-02  -1.195580e+02
  1.0732180446533e+01   2.046893e+00   3.198569e-02   6.222087e+01   2.316035e-02   1.723450e-02   2.341871e-01   6.371209e-01   4.082982e-02  -1.195568e+02
  1.0734378312690e+01   2.046964e+00   3.205173e-02   6.222113e+01   2.319838e-02   1.737278e-02   2.357341e-01   6.372106e-01   4.081765e-02  -1.195556e+02
  1.0736576178848e+01   2.047034e+00   3.211601e-02   6.222135e+01   2.323671e-02   1.750409e-02   2.372953e-01   6.373003e-01   4.079994e-02  -1.195544e+02
  1.0738774045005e+01   2.047105e+00   3.217868e-02   6.222150e+01   2.327532e-02   1.762840e-02   2.388709e-01   6.373900e-01   4.077679e-02  -1.195532e+02
  1.0740971911162e+01   2.047176e+00   3.223990e-02   6.222160e+01   2.331419e-02   1.774562e-02   2.404611e-01   6.374795e-01   4.074837e-02  -1.195520e+02
  1.0743169777320e+01   2.047246e+00   3.229987e-02   6.222163e+01   2.335332e-02   1.785566e-02   2.420656e-01   6.375691e-01   4.071491e-02  -1.195508e+02
  1.0745367643477e+01   2.047318e+00   3.235881e-02   6.222160e+01   2.339268e-02   1.795837e-02   2.436840e-01   6.376585e-01   4.067672e-02  -1.195496e+02
  1.0747565509635e+01   2.047389e+00   3.241697e-02   6.222150e+01   2.343225e-02   1.805365e-02   2.453158e-01   6.377479e-01   4.063412e-02  -1.195484e+02
  1.0749763375792e+01   2.047460e+00   3.247456e-02   6.222132e+01   2.347203e-02   1.814136e-02   2.469598e-01   6.378371e-01   4.058751e-02  -1.195472e+02
  1.0751961241949e+01   2.047532e+00   3.253182e-02   6.222107e+01   2.351199e-02   1.822145e-02   2.486145e-01   6.379263e-01   4.053727e-02  -1.195460e+02
  1.0754159108107e+01   2.047603e+00   3.258896e-02   6.222073e+01   2.355212e-02   1.829389e-02   2.502784e-01   6.380153e-01   4.048380e-02  -1.195448e+02
  1.0756356974264e+01   2.047675e+00   3.264621e-02   6.222030e+01   2.359240e-02   1.835868e-02   2.519492e-01   6.381043e-01   4.042746e-02  -1.195436e+02
  1.0758554840421e+01   2.047747e+00   3.270378e-02   6.221978e+01   2.363281e-02   1.841583e-02   2.536249e-01   6.381931e-01   4.036860e-02  -1.195424e+02
  1.0760752706579e+01   2.047819e+00   3.276188e-02   6.221916e+01   2.367334e-02   1.846532e-02   2.553028e-01   6.382817e-01   4.030750e-02  -1.195412e+02
  1.0762950572736e+01   2.047891e+00   3.282074e-02   6.221844e+01   2.371397e-02   1.850712e-02   2.569803e-01   6.383702e-01   4.024441e-02  -1.195399e+02
  1.0765148438894e+01   2.047963e+00   3.288058e-02   6.221762e+01   2.375468e-02   1.854114e-02   2.586543e-01   6.384586e-01   4.017957e-02  -1.195387e+02
  1.0767346305051e+01   2.048035e+00   3.294161e-02   6.221668e+01   2.379546e-02   1.856731e-02   2.603215e-01   6.385468e-01   4.011314e-02  -1.195375e+02
  1.0769544171208e+01   2.048108e+00   3.300403e-02   6.221564e+01   2.383629e-02   1.858555e-02   2.619788e-01   6.386349e-01   4.004526e-02  -1.195362e+02
  1.0771742037366e+01   2.048180e+00   3.306803e-02   6.221447e+01   2.387715e-02   1.859580e-02   2.636226e-01   6.387228e-01   3.997602e-02  -1.195350e+02
  1.0773939903523e+01   2.048253e+00   3.313379e-02   6.221319e+01   2.391802e-02   1.859798e-02   2.652496e-01   6.388106e-01   3.990542e-02  -1.195337e+02
  1.0776137769681e+01   2.048326e+00   3.320145e-02   6.221179e+01   2.395889e-02   1.859203e-02   2.668566e-01   6.388983e-01   3.983342e-02  -1.195325e+02
  1.0778335635838e+01   2.048399e+00   3.327112e-02   6.221027e+01   2.399974e-02   1.857786e-02   2.684400e-01   6.389857e-01   3.975986e-02  -1.195312e+02
  1.0780533501995e+01   2.048472e+00   3.334288e-02   6.220863e+01   2.404055e-02   1.855536e-02   2.699967e-01   6.390730e-01   3.968456e-02  -1.195300e+02
  1.0782731368153e+01   2.048546e+00   3.341674e-02   6.220686e+01   2.408129e-02   1.852439e-02   2.715230e-01   6.391602e-01   3.960723e-02  -1.195287e+02
  1.0784929234310e+01   2.048619e+00   3.349270e-02   6.220497e+01   2.412196e-02   1.848482e-02   2.730154e-01   6.392471e-01   3.952759e-02  -1.195274e+02
  1.0787127100468e+01   2.048693e+00   3.357070e-02   6.220295e+01   2.416254e-02   1.843657e-02   2.744703e-01   6.393339e-01   3.944527e-02  -1.195262e+02
  1.0789324966625e+01   2.048767e+00   3.365069e-02   6.220081e+01   2.420300e-02   1.837957e-02   2.758843e-01   6.394205e-01   3.935992e-02  -1.195249e+02
  1.0791522832782e+01   2.048841e+00   3.373260e-02   6.219856e+01   2.424332e-02   1.831384e-02   2.772540e-01   6.395069e-01   3.927115e-02  -1.195237e+02
  1.0793720698940e+01   2.048915e+00   3.381637e-02   6.219619e+01   2.428349e-02   1.823941e-02   2.785767e-01   6.395931e-01   3.917858e-02  -1.195224e+02
  1.0795918565097e+01   2.048989e+00   3.390196e-02   6.219370e+01   2.432349e-02   1.815637e-02   2.798495e-01   6.396791e-01   3.908179e-02  -1.195212e+02
  1.0798116431255e+01   2.049064e+00   3.398930e-02   6.219110e+01   2.436329e-02   1.806478e-02   2.810704e-01   6.397649e-01   3.898039e-02  -1.195199e+02
  1.0800314297412e+01   2.049139e+00   3.407834e-02   6.218840e+01   2.440289e-02   1.796474e-02   2.822371e-01   6.398504e-01   3.887401e-02  -1.195187e+02
  1.0802512163569e+01   2.049214e+00   3.416898e-02   6.218560e+01   2.444225e-02   1.785634e-02   2.833482e-01   6.399357e-01   3.876228e-02  -1.195175e+02
  1.0804710029727e+01   2.049289e+00   3.426113e-02   6.218270e+01   2.448137e-02   1.773968e-02   2.844022e-01   6.400208e-01   3.864486e-02  -1.195162e+02
  1.0806907895884e+01   2.049364e+00   3.435465e-02   6.217970e+01   2.452022e-02   1.761493e-02   2.853980e-01   6.401056e-01   3.852145e-02  -1.195150e+02
  1.0809105762041e+01   2.049440e+00   3.444940e-02   6.217662e+01   2.455879e-02   1.748228e-02   2.863352e-01   6.401901e-01   3.839179e-02  -1.195138e+02
  1.0811303628199e+01   2.049516e+00   3.454523e-02   6.217347e+01   2.459706e-02   1.734195e-02   2.872135e-01   6.402743e-01   3.825564e-02  -1.195125e+02
  1.0813501494356e+01   2.049592e+00   3.464199e-02   6.217023e+01   2.463502e-02   1.719422e-02   2.880330e-01   6.403583e-01   3.811283e-02  -1.195113e+02
  1.0815699360514e+01   2.049668e+00   3.473952e-02   6.216692e+01   2.467263e-02   1.703937e-02   2.887942e-01   6.404419e-01   3.796321e-02  -1.195101e+02
  1.0817897226671e+01   2.049745e+00   3.483766e-02   6.216354e+01   2.470991e-02   1.687768e-02   2.894979e-01   6.405252e-01   3.780669e-02  -1.195088e+02
  1.0820095092828e+01   2.049821e+00   3.493623e-02   6.216010e+01   2.474682e-02   1.670948e-02   2.901448e-01   6.406081e-01   3.764321e-02  -1.195076e+02
  1.0822292958986e+01   2.049898e+00   3.503508e-02   6.215660e+01   2.478335e-02   1.653511e-02   2.907362e-01   6.406906e-01   3.747273e-02  -1.195064e+02
  1.0824490825143e+01   2.049975e+00   3.513405e-02   6.215305e+01   2.481950e-02   1.635493e-02   2.912733e-01   6.407728e-01   3.729527e-02  -1.195051e+02
  1.0826688691301e+01   2.050053e+00   3.523302e-02   6.214944e+01   2.485524e-02   1.616935e-02   2.917577e-01   6.408546e-01   3.711080e-02  -1.195039e+02
  1.0828886557458e+01   2.050130e+00   3.533188e-02   6.214580e+01   2.489057e-02   1.597882e-02   2.921911e-01   6.409360e-01   3.691933e-02  -1.195026e+02
  1.0831084423615e+01   2.050208e+00   3.543057e-02   6.214212e+01   2.492547e-02   1.578379e-02   2.925755e-01   6.410169e-01   3.672084e-02  -1.195013e+02
  1.0833282289773e+01   2.050286e+00   3.552909e-02   6.213840e+01   2.495994e-02   1.558467e-02   2.929129e-01   6.410974e-01   3.651528e-02  -1.195000e+02
  1.0835480155930e+01   2.050364e+00   3.562743e-02   6.213467e+01   2.499397e-02   1.538188e-02   2.932051e-01   6.411774e-01   3.630261e-02  -1.194988e+02
  1.0837678022088e+01   2.050442e+00   3.572561e-02   6.213090e+01   2.502756e-02   1.517577e-02   2.934541e-01   6.412570e-01   3.608279e-02  -1.194975e+02
  1.0839875888245e+01   2.050521e+00   3.582361e-02   6.212712e+01   2.506068e-02   1.496665e-02   2.936616e-01   6.413360e-01   3.585575e-02  -1.194962e+02
  1.0842073754402e+01   2.050600e+00   3.592141e-02   6.212333e+01   2.509334e-02   1.475482e-02   2.938289e-01   6.414146e-01   3.562148e-02  -1.194949e+02
  1.0844271620560e+01   2.050679e+00   3.601895e-02   6.211952e+01   2.512554e-02   1.454054e-02   2.939574e-01   6.414926e-01   3.537999e-02  -1.194936e+02
  1.0846469486717e+01   2.050758e+00   3.611614e-02   6.211571e+01   2.515726e-02   1.432405e-02   2.940481e-01   6.415701e-01   3.513131e-02  -1.194922e+02
  1.0848667352874e+01   2.050838e+00   3.621287e-02   6.211190e+01   2.518850e-02   1.410557e-02   2.941018e-01   6.416470e-01   3.487554e-02  -1.194909e+02
  1.0850865219032e+01   2.050917e+00   3.630899e-02   6.210809e+01   2.521926e-02   1.388529e-02   2.941192e-01   6.417234e-01   3.461281e-02  -1.194896e+02
  1.0853063085189e+01   2.050997e+00   3.640436e-02   6.210427e+01   2.524953e-02   1.366332e-02   2.941007e-01   6.417992e-01   3.434329e-02  -1.194883e+02
  1.0855260951347e+01   2.051077e+00   3.649879e-02   6.210047e+01   2.527932e-02   1.343976e-02   2.940466e-01   6.418743e-01   3.406720e-02  -1.194870e+02
  1.0857458817504e+01   2.051158e+00   3.659206e-02   6.209667e+01   2.530861e-02   1.321467e-02   2.939569e-01   6.419489e-01   3.378476e-02  -1.194858e+02
  1.0859656683661e+01   2.051238e+00   3.668398e-02   6.209288e+01   2.533740e-02   1.298807e-02   2.938317e-01   6.420228e-01   3.349622e-02  -1.194845e+02
  1.0861854549819e+01   2.051319e+00   3.677434e-02   6.208911e+01   2.536570e-02   1.275998e-02   2.936712e-01   6.420961e-01   3.320184e-02  -1.194832e+02
  1.0864052415976e+01   2.051400e+00   3.686295e-02   6.208534e+01   2.539349e-02   1.253043e-02   2.934754e-01   6.421688e-01   3.290189e-02  -1.194820e+02
  1.0866250282134e+01   2.051481e+00   3.694965e-02   6.208159e+01   2.542078e-02   1.229943e-02   2.932446e-01   6.422408e-01   3.259661e-02  -1.194808e+02
  1.0868448148291e+01   2.051562e+00   3.703435e-02   6.207786e+01   2.544755e-02   1.206702e-02   2.929792e-01   6.423120e-01   3.228626e-02  -1.194796e+02
  1.0870646014448e+01   2.051644e+00   3.711693e-02   6.207415e+01   2.547382e-02   1.183321e-02   2.926798e-01   6.423827e-01   3.197109e-02  -1.194785e+02
  1.0872843880606e+01   2.051726e+00   3.719732e-02   6.207045e+01   2.549957e-02   1.159798e-02   2.923470e-01   6.424526e-01   3.165134e-02  -1.194774e+02
  1.0875041746763e+01   2.051807e+00   3.727542e-02   6.206678e+01   2.552480e-02   1.136133e-02   2.919815e-01   6.425218e-01   3.132723e-02  -1.194763e+02
  1.0877239612921e+01   2.051889e+00   3.735109e-02   6.206314e+01   2.554951e-02   1.112325e-02   2.915840e-01   6.425903e-01   3.099898e-02  -1.194753e+02
  1.0879437479078e+01   2.051972e+00   3.742419e-02   6.205952e+01   2.557370e-02   1.088374e-02   2.911553e-01   6.426581e-01   3.066680e-02  -1.194743e+02
  1.0881635345235e+01   2.052054e+00   3.749453e-02   6.205592e+01   2.559735e-02   1.064287e-02   2.906964e-01   6.427251e-01   3.033091e-02  -1.194733e+02
  1.0883833211393e+01   2.052136e+00   3.756191e-02   6.205236e+01   2.562048e-02   1.040074e-02   2.902084e-01   6.427914e-01   2.999151e-02  -1.194725e+02
  1.0886031077550e+01   2.052219e+00   3.762616e-02   6.204883e+01   2.564307e-02   1.015752e-02   2.896926e-01   6.428570e-01   2.964879e-02  -1.194716e+02
  1.0888228943707e+01   2.052302e+00   3.768713e-02   6.204533e+01   2.566512e-02   9.913426e-03   2.891507e-01   6.429217e-01   2.930296e-02  -1.194708e+02
  1.0890426809865e+01   2.052385e+00   3.774471e-02   6.204186e+01   2.568664e-02   9.668725e-03   2.885846e-01   6.429858e-01   2.895421e-02  -1.194701e+02
  1.0892624676022e+01   2.052468e+00   3.779881e-02   6.203843e+01   2.570762e-02   9.423721e-03   2.879967e-01   6.430490e-01   2.860274e-02  -1.194694e+02
  1.0894822542180e+01   2.052551e+00   3.784938e-02   6.203503e+01   2.572807e-02   9.178757e-03   2.873895e-01   6.431115e-01   2.824870e-02  -1.194688e+02
  1.0897020408337e+01   2.052634e+00   3.789637e-02   6.203168e+01   2.574797e-02   8.934215e-03   2.867658e-01   6.431732e-01   2.789229e-02  -1.194683e+02
  1.0899218274494e+01   2.052718e+00   3.793978e-02   6.202836e+01   2.576734e-02   8.690514e-03   2.861283e-01   6.432341e-01   2.753367e-02  -1.194678e+02
  1.0901416140652e+01   2.052801e+00   3.797961e-02   6.202508e+01   2.578617e-02   8.448104e-03   2.854803e-01   6.432942e-01   2.717302e-02  -1.194674e+02
  1.0903614006809e+01   2.052885e+00   3.801591e-02   6.202185e+01   2.580448e-02   8.207453e-03   2.848248e-01   6.433535e-01   2.681053e-02  -1.194670e+02
  1.0905811872967e+01   2.052968e+00   3.804874e-02   6.201865e+01   2.582226e-02   7.969026e-03   2.841651e-01   6.434121e-01   2.644641e-02  -1.194668e+02
  1.0908009739124e+01   2.053052e+00   3.807818e-02   6.201551e+01   2.583951e-02   7.733268e-03   2.835044e-01   6.434698e-01   2.608087e-02  -1.194666e+02
  1.0910207605281e+01   2.053136e+00   3.810430e-02   6.201241e+01   2.585625e-02   7.500591e-03   2.828458e-01   6.435267e-01   2.571417e-02  -1.194664e+02
  1.0912405471439e+01   2.053219e+00   3.812719e-02   6.200935e+01   2.587249e-02   7.271369e-03   2.821926e-01   6.435828e-01   2.534656e-02  -1.194664e+02
  1.0914603337596e+01   2.053303e+00   3.814691e-02   6.200635e+01   2.588822e-02   7.045931e-03   2.815476e-01   6.436381e-01   2.497833e-02  -1.194664e+02
  1.0916801203754e+01   2.053387e+00   3.816352e-02   6.200339e+01   2.590346e-02   6.824577e-03   2.809138e-01   6.436926e-01   2.460977e-02  -1.194664e+02
  1.0918999069911e+01   2.053471e+00   3.817704e-02   6.200048e+01   2.591822e-02   6.607576e-03   2.802937e-01   6.437463e-01   2.424119e-02  -1.194666e+02
  1.0921196936068e+01   2.053555e+00   3.818755e-02   6.199763e+01   2.593251e-02   6.395166e-03   2.796898e-01   6.437991e-01   2.387295e-02  -1.194668e+02
  1.0923394802226e+01   2.053639e+00   3.819511e-02   6.199483e+01   2.594634e-02   6.187558e-03   2.791042e-01   6.438512e-01   2.350541e-02  -1.194671e+02
  1.0925592668383e+01   2.053723e+00   3.819982e-02   6.199209e+01   2.595972e-02   5.984921e-03   2.785388e-01   6.439025e-01   2.313895e-02  -1.194674e+02
  1.0927790534540e+01   2.053807e+00   3.820179e-02   6.198940e+01   2.597265e-02   5.787387e-03   2.779952e-01   6.439529e-01   2.277400e-02  -1.194678e+02
  1.0929988400698e+01   2.053891e+00   3.820113e-02   6.198677e+01   2.598516e-02   5.595046e-03   2.774746e-01   6.440026e-01   2.241098e-02  -1.194683e+02
  1.0932186266855e+01   2.053975e+00   3.819797e-02   6.198420e+01   2.599725e-02   5.407948e-03   2.769780e-01   6.440514e-01   2.205036e-02  -1.194688e+02
  1.0934384133013e+01   2.054059e+00   3.819241e-02   6.198168e+01   2.600894e-02   5.226120e-03   2.765058e-01   6.440995e-01   2.169259e-02  -1.194694e+02
  1.0936581999170e+01   2.054142e+00   3.818455e-02   6.197921e+01   2.602023e-02   5.049567e-03   2.760583e-01   6.441467e-01   2.133817e-02  -1.194700e+02
  1.0938779865327e+01   2.054226e+00   3.817447e-02   6.197681e+01   2.603114e-02   4.878276e-03   2.756354e-01   6.441932e-01   2.098759e-02  -1.194707e+02
  1.0940977731485e+01   2.054310e+00   3.816222e-02   6.197446e+01   2.604168e-02   4.712222e-03   2.752368e-01   6.442390e-01   2.064138e-02  -1.194715e+02
  1.0943175597642e+01   2.054394e+00   3.814787e-02   6.197217e+01   2.605186e-02   4.551352e-03   2.748618e-01   6.442840e-01   2.030008e-02  -1.194723e+02
  1.0945373463800e+01   2.054478e+00   3.813148e-02   6.196993e+01   2.606169e-02   4.395589e-03   2.745098e-01   6.443282e-01   1.996422e-02  -1.194731e+02
  1.0947571329957e+01   2.054562e+00   3.811305e-02   6.196774e+01   2.607119e-02   4.244821e-03   2.741799e-01   6.443717e-01   1.963435e-02  -1.194740e+02
  1.0949769196114e+01   2.054646e+00   3.809260e-02   6.196561e+01   2.608036e-02   4.098912e-03   2.738707e-01   6.444145e-01   1.931101e-02  -1.194750e+02
  1.0951967062272e+01   2.054729e+00   3.807012e-02   6.196354e+01   2.608921e-02   3.957705e-03   2.735811e-01   6.444566e-01   1.899471e-02  -1.194760e+02
  1.0954164928429e+01   2.054813e+00   3.804557e-02   6.196151e+01   2.609776e-02   3.821039e-03   2.733094e-01   6.444981e-01   1.868597e-02  -1.194770e+02
  1.0956362794587e+01   2.054897e+00   3.801895e-02   6.195953e+01   2.610601e-02   3.688762e-03   2.730539e-01   6.445388e-01   1.838527e-02  -1.194781e+02
  1.0958560660744e+01   2.054980e+00   3.799021e-02   6.195759e+01   2.611398e-02   3.560742e-03   2.728132e-01   6.445789e-01   1.809308e-02  -1.194792e+02
  1.0960758526901e+01   2.055063e+00   3.795939e-02   6.195570e+01   2.612167e-02   3.436873e-03   2.725854e-01   6.446183e-01   1.780984e-02  -1.194804e+02
  1.0962956393059e+01   2.055147e+00   3.792651e-02   6.195385e+01   2.612909e-02   3.317072e-03   2.723690e-01   6.446572e-01   1.753600e-02  -1.194816e+02
  1.0965154259216e+01   2.055230e+00   3.789164e-02   6.195204e+01   2.613625e-02   3.201284e-03   2.721626e-01   6.446955e-01   1.727199e-02  -1.194828e+02
  1.0967352125373e+01   2.055313e+00   3.785487e-02   6.195027e+01   2.614317e-02   3.089475e-03   2.719651e-01   6.447331e-01   1.701822e-02  -1.194841e+02
  1.0969549991531e+01   2.055397e+00   3.781633e-02   6.194854e+01   2.614984e-02   2.981629e-03   2.717757e-01   6.447703e-01   1.677510e-02  -1.194854e+02
  1.0971747857688e+01   2.055480e+00   3.777614e-02   6.194683e+01   2.615628e-02   2.877748e-03   2.715934e-01   6.448069e-01   1.654304e-02  -1.194867e+02
  1.0973945723846e+01   2.055562e+00   3.773449e-02   6.194517e+01   2.616249e-02   2.777848e-03   2.714179e-01   6.448430e-01   1.632244e-02  -1.194881e+02
  1.0976143590003e+01   2.055645e+00   3.769154e-02   6.194353e+01   2.616849e-02   2.681957e-03   2.712489e-01   6.448786e-01   1.611370e-02  -1.194895e+02
  1.0978341456160e+01   2.055728e+00   3.764751e-02   6.194192e+01   2.617429e-02   2.590106e-03   2.710864e-01   6.449139e-01   1.591720e-02  -1.194909e+02
  1.0980539322318e+01   2.055811e+00   3.760264e-02   6.194034e+01   2.617988e-02   2.502329e-03   2.709303e-01   6.449487e-01   1.573331e-02  -1.194923e+02
  1.0982737188475e+01   2.055893e+00   3.755717e-02   6.193879e+01   2.618529e-02   2.418648e-03   2.707810e-01   6.449831e-01   1.556241e-02  -1.194937e+02
  1.0984935054633e+01   2.055976e+00   3.751139e-02   6.193727e+01   2.619052e-02   2.339077e-03   2.706384e-01   6.450171e-01   1.540484e-02  -1.194952e+02
  1.0987132920790e+01   2.056058e+00   3.746555e-02   6.193577e+01   2.619558e-02   2.263618e-03   2.705030e-01   6.450508e-01   1.526090e-02  -1.194967e+02
  1.0989330786947e+01   2.056141e+00   3.741995e-02   6.193430e+01   2.620047e-02   2.192263e-03   2.703749e-01   6.450841e-01   1.513089e-02  -1.194981e+02
  1.0991528653105e+01   2.056223e+00   3.737487e-02   6.193286e+01   2.620522e-02   2.125006e-03   2.702543e-01   6.451173e-01   1.501503e-02  -1.194996e+02
  1.0993726519262e+01   2.056305e+00   3.733057e-02   6.193145e+01   2.620982e-02   2.061840e-03   2.701413e-01   6.451502e-01   1.491354e-02  -1.195011e+02
  1.0995924385420e+01   2.056387e+00   3.728733e-02   6.193006e+01   2.621428e-02   2.002768e-03   2.700362e-01   6.451828e-01   1.482657e-02  -1.195026e+02
  1.0998122251577e+01   2.056469e+00   3.724542e-02   6.192870e+01   2.621863e-02   1.947796e-03   2.699389e-01   6.452153e-01   1.475428e-02  -1.195042e+02
  1.1000320117734e+01   2.056551e+00   3.720508e-02   6.192737e+01   2.622285e-02   1.896931e-03   2.698497e-01   6.452477e-01   1.469676e-02  -1.195057e+02
  1.1002517983892e+01   2.056633e+00   3.716652e-02   6.192607e+01   2.622697e-02   1.850173e-03   2.697686e-01   6.452799e-01   1.465410e-02  -1.195072e+02
  1.1004715850049e+01   2.056714e+00   3.712995e-02   6.192480e+01   2.623099e-02   1.807507e-03   2.696959e-01   6.453121e-01   1.462635e-02  -1.195087e+02
  1.1006913716207e+01   2.056796e+00   3.709552e-02   6.192357e+01   2.623492e-02   1.768901e-03   2.696318e-01   6.453443e-01   1.461355e-02  -1.195102e+02
  1.1009111582364e+01   2.056877e+00   3.706338e-02   6.192237e+01   2.623877e-02   1.734302e-03   2.695766e-01   6.453764e-01   1.461570e-02  -1.195117e+02
  1.1011309448521e+01   2.056959e+00   3.703365e-02   6.192121e+01   2.624255e-02   1.703638e-03   2.695306e-01   6.454085e-01   1.463277e-02  -1.195132e+02
  1.1013507314679e+01   2.057040e+00   3.700643e-02   6.192008e+01   2.624626e-02   1.676822e-03   2.694941e-01   6.454407e-01   1.466473e-02  -1.195147e+02
  1.1015705180836e+01   2.057121e+00   3.698182e-02   6.191899e+01   2.624992e-02   1.653748e-03   2.694675e-01   6.454730e-01   1.471149e-02  -1.195162e+02
  1.1017903046993e+01   2.057203e+00   3.695993e-02   6.191795e+01   2.625353e-02   1.634302e-03   2.694513e-01   6.455054e-01   1.477294e-02  -1.195177e+02
  1.1020100913151e+01   2.057284e+00   3.694083e-02   6.191694e+01   2.625711e-02   1.618360e-03   2.694460e-01   6.455380e-01   1.484895e-02  -1.195191e+02
  1.1022298779308e+01   2.057365e+00   3.692461e-02   6.191598e+01   2.626065e-02   1.605791e-03   2.694524e-01   6.455707e-01   1.493935e-02  -1.195206e+02
  1.1024496645466e+01   2.057446e+00   3.691135e-02   6.191506e+01   2.626417e-02   1.596467e-03   2.694709e-01   6.456037e-01   1.504393e-02  -1.195221e+02
  1.1026694511623e+01   2.057527e+00   3.690111e-02   6.191419e+01   2.626767e-02   1.590267e-03   2.695024e-01   6.456369e-01   1.516245e-02  -1.195235e+02
  1.1028892377780e+01   2.057608e+00   3.689393e-02   6.191337e+01   2.627116e-02   1.587085e-03   2.695476e-01   6.456704e-01   1.529461e-02  -1.195250e+02
  1.1031090243938e+01   2.057689e+00   3.688984e-02   6.191261e+01   2.627465e-02   1.586832e-03   2.696071e-01   6.457042e-01   1.544011e-02  -1.195264e+02
  1.1033288110095e+01   2.057770e+00   3.688885e-02   6.191189e+01   2.627814e-02   1.589436e-03   2.696819e-01   6.457382e-01   1.559861e-02  -1.195278e+02
  1.1035485976253e+01   2.057851e+00   3.689094e-02   6.191123e+01   2.628164e-02   1.594842e-03   2.697728e-01   6.457727e-01   1.576976e-02  -1.195293e+02
  1.1037683842410e+01   2.057932e+00   3.689611e-02   6.191063e+01   2.628516e-02   1.603005e-03   2.698806e-01   6.458076e-01   1.595321e-02  -1.195307e+02
  1.1039881708567e+01   2.058013e+00   3.690431e-02   6.191008e+01   2.628869e-02   1.613887e-03   2.700064e-01   6.458429e-01   1.614859e-02  -1.195321e+02
  1.1042079574725e+01   2.058095e+00   3.691549e-02   6.190960e+01   2.629226e-02   1.627451e-03   2.701512e-01   6.458786e-01   1.635553e-02  -1.195335e+02
  1.1044277440882e+01   2.058176e+00   3.692959e-02   6.190918e+01   2.629585e-02   1.643666e-03   2.703160e-01   6.459147e-01   1.657366e-02  -1.195349e+02
  1.1046475307040e+01   2.058257e+00   3.694654e-02   6.190883e+01   2.629948e-02   1.662503e-03   2.705019e-01   6.459514e-01   1.680258e-02  -1.195363e+02
  1.1048673173197e+01   2.058338e+00   3.696624e-02   6.190854e+01   2.630316e-02   1.683939e-03   2.707101e-01   6.459886e-01   1.704187e-02  -1.195377e+02
  1.1050871039354e+01   2.058419e+00   3.698861e-02   6.190832e+01   2.630689e-02   1.707955e-03   2.709414e-01   6.460263e-01   1.729111e-02  -1.195391e+02
  1.1053068905512e+01   2.058501e+00   3.701356e-02   6.190817e+01   2.631067e-02   1.734534e-03   2.711971e-01   6.460646e-01   1.754981e-02  -1.195405e+02
  1.1055266771669e+01   2.058582e+00   3.704100e-02   6.190809e+01   2.631452e-02   1.763659e-03   2.714778e-01   6.461034e-01   1.781750e-02  -1.195419e+02
  1.1057464637826e+01   2.058664e+00   3.707083e-02   6.190809e+01   2.631843e-02   1.795309e-03   2.717846e-01   6.461429e-01   1.809367e-02  -1.195433e+02
  1.1059662503984e+01   2.058745e+00   3.710294e-02   6.190816e+01   2.632241e-02   1.829455e-03   2.721180e-01   6.461830e-01   1.837777e-02  -1.195446e+02
  1.1061860370141e+01   2.058827e+00   3.713722e-02   6.190830e+01   2.632647e-02   1.866061e-03   2.724787e-01   6.462237e-01   1.866926e-02  -1.195460e+02
  1.1064058236299e+01   2.058908e+00   3.717355e-02   6.190853e+01   2.633062e-02   1.905082e-03   2.728672e-01   6.462650e-01   1.896757e-02  -1.195474e+02
  1.1066256102456e+01   2.058990e+00   3.721180e-02   6.190883e+01   2.633485e-02   1.946467e-03   2.732839e-01   6.463071e-01   1.927210e-02  -1.195487e+02
  1.1068453968613e+01   2.059072e+00   3.725183e-02   6.190921e+01   2.633918e-02   1.990152e-03   2.737291e-01   6.463497e-01   1.958225e-02  -1.195501e+02
  1.1070651834771e+01   2.059154e+00   3.729351e-02   6.190967e+01   2.634360e-02   2.036062e-03   2.742031e-01   6.463931e-01   1.989743e-02  -1.195514e+02
  1.1072849700928e+01   2.059236e+00   3.733670e-02   6.191022e+01   2.634813e-02   2.084108e-03   2.747061e-01   6.464372e-01   2.021703e-02  -1.195527e+02
  1.1075047567086e+01   2.059318e+00   3.738127e-02   6.191085e+01   2.635276e-02   2.134177e-03   2.752385e-01   6.464820e-01   2.054045e-02  -1.195540e+02
  1.1077245433243e+01   2.059400e+00   3.742711e-02   6.191156e+01   2.635751e-02   2.186141e-03   2.758001e-01   6.465275e-01   2.086709e-02  -1.195553e+02
  1.1079443299400e+01   2.059483e+00   3.747412e-02   6.191236e+01   2.636237e-02   2.239849e-03   2.763912e-01   6.465737e-01   2.119639e-02  -1.195566e+02
  1.1081641165558e+01   2.059565e+00   3.752220e-02   6.191325e+01   2.636736e-02   2.295134e-03   2.770114e-01   6.466207e-01   2.152776e-02  -1.195578e+02
  1.1083839031715e+01   2.059648e+00   3.757128e-02   6.191422e+01   2.637247e-02   2.351818e-03   2.776606e-01   6.466684e-01   2.186063e-02  -1.195591e+02
  1.1086036897873e+01   2.059730e+00   3.762128e-02   6.191528e+01   2.637770e-02   2.409717e-03   2.783383e-01   6.467168e-01   2.219444e-02  -1.195603e+02
  1.1088234764030e+01   2.059813e+00   3.767215e-02   6.191642e+01   2.638306e-02   2.468643e-03   2.790441e-01   6.467659e-01   2.252866e-02  -1.195615e+02
  1.1090432630187e+01   2.059896e+00   3.772383e-02   6.191766e+01   2.638855e-02   2.528410e-03   2.797772e-01   6.468158e-01   2.286276e-02  -1.195627e+02
  1.1092630496345e+01   2.059979e+00   3.777630e-02   6.191898e+01   2.639417e-02   2.588836e-03   2.805369e-01   6.468664e-01   2.319626e-02  -1.195638e+02
  1.1094828362502e+01   2.060062e+00   3.782951e-02   6.192038e+01   2.639993e-02   2.649743e-03   2.813222e-01   6.469178e-01   2.352873e-02  -1.195649e+02
  1.1097026228659e+01   2.060145e+00   3.788346e-02   6.192187e+01   2.640582e-02   2.710964e-03   2.821323e-01   6.469699e-01   2.385977e-02  -1.195660e+02
  1.1099224094817e+01   2.060228e+00   3.793812e-02   6.192344e+01   2.641185e-02   2.772346e-03   2.829662e-01   6.470227e-01   2.418907e-02  -1.195671e+02
  1.1101421960974e+01   2.060312e+00   3.799347e-02   6.192509e+01   2.641801e-02   2.833752e-03   2.838228e-01   6.470762e-01   2.451636e-02  -1.195682e+02
  1.1103619827132e+01   2.060395e+00   3.804949e-02   6.192682e+01   2.642431e-02   2.895062e-03   2.847011e-01   6.471304e-01   2.484145e-02  -1.195692e+02
  1.1105817693289e+01   2.060479e+00   3.810612e-02   6.192862e+01   2.643074e-02   2.956173e-03   2.856001e-01   6.471854e-01   2.516420e-02  -1.195702e+02
  1.1108015559446e+01   2.060563e+00   3.816335e-02   6.193050e+01   2.643730e-02   3.017000e-03   2.865190e-01   6.472411e-01   2.548453e-02  -1.195712e+02
  1.1110213425604e+01   2.060647e+00   3.822111e-02   6.193244e+01   2.644400e-02   3.077469e-03   2.874566e-01   6.472974e-01   2.580245e-02  -1.195721e+02
  1.1112411291761e+01   2.060731e+00   3.827935e-02   6.193445e+01   2.645083e-02   3.137520e-03   2.884122e-01   6.473545e-01   2.611801e-02  -1.195730e+02
  1.1114609157919e+01   2.060815e+00   3.833803e-02   6.193652e+01   2.645779e-02   3.197104e-03   2.893847e-01   6.474122e-01   2.643130e-02  -1.195739e+02
  1.1116807024076e+01   2.060900e+00   3.839708e-02   6.193864e+01   2.646488e-02   3.256187e-03   2.903732e-01   6.474707e-01   2.674248e-02  -1.195747e+02
  1.1119004890233e+01   2.060984e+00   3.845643e-02   6.194081e+01   2.647210e-02   3.314752e-03   2.913768e-01   6.475298e-01   2.705175e-02  -1.195756e+02
  1.1121202756391e+01   2.061069e+00   3.851601e-02   6.194303e+01   2.647945e-02   3.372802e-03   2.923945e-01   6.475896e-01   2.735933e-02  -1.195763e+02
  1.1123400622548e+01   2.061153e+00   3.857577e-02   6.194529e+01   2.648693e-02   3.430361e-03   2.934254e-01   6.476500e-01   2.766548e-02  -1.195771e+02
  1.1125598488706e+01   2.061238e+00   3.863562e-02   6.194758e+01   2.649453e-02   3.487469e-03   2.944686e-01   6.477112e-01   2.797050e-02  -1.195778e+02
  1.1127796354863e+01   2.061323e+00   3.869552e-02   6.194990e+01   2.650226e-02   3.544182e-03   2.955234e-01   6.477730e-01   2.827469e-02  -1.195785e+02
  1.1129994221020e+01   2.061408e+00   3.875539e-02   6.195224e+01   2.651011e-02   3.600563e-03   2.965890e-01   6.478354e-01   2.857838e-02  -1.195791e+02
  1.1132192087178e+01   2.061494e+00   3.881519e-02   6.195460e+01   2.651808e-02   3.656685e-03   2.976649e-01   6.478986e-01   2.888188e-02  -1.195797e+02
  1.1134389953335e+01   2.061579e+00   3.887485e-02   6.195697e+01   2.652618e-02   3.712620e-03   2.987503e-01   6.479624e-01   2.918554e-02  -1.195803e+02
  1.1136587819492e+01   2.061665e+00   3.893434e-02   6.195934e+01   2.653440e-02   3.768444e-03   2.998447e-01   6.480269e-01   2.948967e-02  -1.195808e+02
  1.1138785685650e+01   2.061750e+00   3.899358e-02   6.196172e+01   2.654275e-02   3.824231e-03   3.009476e-01   6.480920e-01   2.979457e-02  -1.195813e+02
  1.1140983551807e+01   2.061836e+00   3.905254e-02   6.196408e+01   2.655121e-02   3.880054e-03   3.020587e-01   6.481578e-01   3.010052e-02  -1.195818e+02
  1.1143181417965e+01   2.061922e+00   3.911116e-02   6.196644e+01   2.655980e-02   3.935975e-03   3.031774e-01   6.482244e-01   3.040776e-02  -1.195822e+02
  1.1145379284122e+01   2.062008e+00   3.916942e-02   6.196877e+01   2.656852e-02   3.992048e-03   3.043033e-01   6.482915e-01   3.071649e-02  -1.195825e+02
  1.1147577150279e+01   2.062094e+00   3.922726e-02   6.197108e+01   2.657735e-02   4.048308e-03   3.054360e-01   6.483594e-01   3.102688e-02  -1.195828e+02
  1.1149775016437e+01   2.062180e+00   3.928468e-02   6.197337e+01   2.658631e-02   4.104777e-03   3.065748e-01   6.484279e-01   3.133904e-02  -1.195830e+02
  1.1151972882594e+01   2.062267e+00   3.934165e-02   6.197562e+01   2.659540e-02   4.161456e-03   3.077193e-01   6.484971e-01   3.165304e-02  -1.195832e+02
  1.1154170748752e+01   2.062353e+00   3.939818e-02   6.197783e+01   2.660460e-02   4.218334e-03   3.088688e-01   6.485670e-01   3.196893e-02  -1.195834e+02
  1.1156368614909e+01   2.062440e+00   3.945426e-02   6.198000e+01   2.661394e-02   4.275387e-03   3.100225e-01   6.486377e-01   3.228667e-02  -1.195835e+02
  1.1158566481066e+01   2.062526e+00   3.950989e-02   6.198213e+01   2.662340e-02   4.332575e-03   3.111796e-01   6.487089e-01   3.260621e-02  -1.195835e+02
  1.1160764347224e+01   2.062613e+00   3.956510e-02   6.198420e+01   2.663298e-02   4.389853e-03   3.123394e-01   6.487809e-01   3.292745e-02  -1.195835e+02
  1.1162962213381e+01   2.062700e+00   3.961989e-02   6.198622e+01   2.664270e-02   4.447157e-03   3.135009e-01   6.488537e-01   3.325022e-02  -1.195834e+02
  1.1165160079539e+01   2.062787e+00   3.967429e-02   6.198818e+01   2.665253e-02   4.504411e-03   3.146633e-01   6.489271e-01   3.357434e-02  -1.195833e+02
  1.1167357945696e+01   2.062875e+00   3.972833e-02   6.199008e+01   2.666249e-02   4.561529e-03   3.158256e-01   6.490012e-01   3.389957e-02  -1.195831e+02
  1.1169555811853e+01   2.062962e+00   3.978205e-02   6.199192e+01   2.667258e-02   4.618408e-03   3.169869e-01   6.490761e-01   3.422564e-02  -1.195828e+02
  1.1171753678011e+01   2.063049e+00   3.983548e-02   6.199369e+01   2.668280e-02   4.674944e-03   3.181460e-01   6.491517e-01   3.455222e-02  -1.195825e+02
  1.1173951544168e+01   2.063137e+00   3.988867e-02   6.199539e+01   2.669313e-02   4.731027e-03   3.193020e-01   6.492280e-01   3.487897e-02  -1.195821e+02
  1.1176149410325e+01   2.063225e+00   3.994164e-02   6.199702e+01   2.670359e-02   4.786553e-03   3.204536e-01   6.493050e-01   3.520551e-02  -1.195816e+02
  1.1178347276483e+01   2.063312e+00   3.999441e-02   6.199859e+01   2.671417e-02   4.841422e-03   3.215997e-01   6.493827e-01   3.553144e-02  -1.195811e+02
  1.1180545142640e+01   2.063400e+00   4.004702e-02   6.200008e+01   2.672487e-02   4.895544e-03   3.227390e-01   6.494612e-01   3.585631e-02  -1.195805e+02
  1.1182743008798e+01   2.063488e+00   4.009948e-02   6.200150e+01   2.673569e-02   4.948839e-03   3.238702e-01   6.495403e-01   3.617969e-02  -1.195798e+02
  1.1184940874955e+01   2.063576e+00   4.015177e-02   6.200284e+01   2.674662e-02   5.001239e-03   3.249918e-01   6.496202e-01   3.650111e-02  -1.195790e+02
  1.1187138741112e+01   2.063665e+00   4.020393e-02   6.200411e+01   2.675767e-02   5.052690e-03   3.261024e-01   6.497008e-01   3.682009e-02  -1.195782e+02
  1.1189336607270e+01   2.063753e+00   4.025592e-02   6.200531e+01   2.676883e-02   5.103158e-03   3.272007e-01   6.497821e-01   3.713616e-02  -1.195773e+02
  1.1191534473427e+01   2.063842e+00   4.030775e-02   6.200643e+01   2.678010e-02   5.152625e-03   3.282849e-01   6.498640e-01   3.744885e-02  -1.195764e+02
  1.1193732339585e+01   2.063930e+00   4.035938e-02   6.200748e+01   2.679148e-02   5.201097e-03   3.293538e-01   6.499467e-01   3.775766e-02  -1.195754e+02
  1.1195930205742e+01   2.064019e+00   4.041079e-02   6.200846e+01   2.680297e-02   5.248602e-03   3.304057e-01   6.500300e-01   3.806212e-02  -1.195743e+02
  1.1198128071899e+01   2.064108e+00   4.046192e-02   6.200937e+01   2.681455e-02   5.295186e-03   3.314393e-01   6.501140e-01   3.836175e-02  -1.195731e+02
  1.1200325938057e+01   2.064197e+00   4.051275e-02   6.201020e+01   2.682624e-02   5.340920e-03   3.324530e-01   6.501986e-01   3.865606e-02  -1.195718e+02
  1.1202523804214e+01   2.064286e+00   4.056323e-02   6.201097e+01   2.683803e-02   5.385891e-03   3.334456e-01   6.502839e-01   3.894458e-02  -1.195705e+02
  1.1204721670372e+01   2.064375e+00   4.061330e-02   6.201168e+01   2.684992e-02   5.430204e-03   3.344158e-01   6.503698e-01   3.922682e-02  -1.195691e+02
  1.1206919536529e+01   2.064465e+00   4.066294e-02   6.201232e+01   2.686190e-02   5.473981e-03   3.353623e-01   6.504564e-01   3.950233e-02  -1.195677e+02
  1.1209117402686e+01   2.064554e+00   4.071209e-02   6.201290e+01   2.687398e-02   5.517364e-03   3.362839e-01   6.505435e-01   3.977063e-02  -1.195661e+02
  1.1211315268844e+01   2.064644e+00   4.076072e-02   6.201342e+01   2.688615e-02   5.560510e-03   3.371795e-01   6.506312e-01   4.003127e-02  -1.195645e+02
  1.1213513135001e+01   2.064733e+00   4.080878e-02   6.201389e+01   2.689842e-02   5.603589e-03   3.380480e-01   6.507195e-01   4.028378e-02  -1.195628e+02
  1.1215711001159e+01   2.064823e+00   4.085622e-02   6.201431e+01   2.691079e-02   5.646782e-03   3.388883e-01   6.508083e-01   4.052773e-02  -1.195611e+02
  1.1217908867316e+01   2.064913e+00   4.090299e-02   6.201468e+01   2.692324e-02   5.690276e-03   3.396995e-01   6.508976e-01   4.076268e-02  -1.195592e+02
  1.1220106733473e+01   2.065003e+00   4.094905e-02   6.201500e+01   2.693580e-02   5.734255e-03   3.404804e-01   6.509874e-01   4.098820e-02  -1.195573e+02
  1.1222304599631e+01   2.065093e+00   4.099434e-02   6.201528e+01   2.694845e-02   5.778905e-03   3.412300e-01   6.510777e-01   4.120385e-02  -1.195553e+02
  1.1224502465788e+01   2.065183e+00   4.103883e-02   6.201553e+01   2.696120e-02   5.824400e-03   3.419476e-01   6.511685e-01   4.140922e-02  -1.195533e+02
  1.1226700331945e+01   2.065273e+00   4.108246e-02   6.201574e+01   2.697406e-02   5.870909e-03   3.426322e-01   6.512598e-01   4.160389e-02  -1.195511e+02
  1.1228898198103e+01   2.065364e+00   4.112522e-02   6.201592e+01   2.698701e-02   5.918588e-03   3.432829e-01   6.513514e-01   4.178746e-02  -1.195489e+02
  1.1231096064260e+01   2.065454e+00   4.116706e-02   6.201608e+01   2.700008e-02   5.967584e-03   3.438990e-01   6.514434e-01   4.195953e-02  -1.195467e+02
  1.1233293930418e+01   2.065545e+00   4.120797e-02   6.201621e+01   2.701325e-02   6.018029e-03   3.444797e-01   6.515358e-01   4.211969e-02  -1.195443e+02
  1.1235491796575e+01   2.065635e+00   4.124793e-02   6.201632e+01   2.702653e-02   6.070040e-03   3.450243e-01   6.516286e-01   4.226755e-02  -1.195419e+02
  1.1237689662732e+01   2.065726e+00   4.128692e-02   6.201643e+01   2.703993e-02   6.123718e-03   3.455322e-01   6.517216e-01   4.240274e-02  -1.195394e+02
  1.1239887528890e+01   2.065817e+00   4.132495e-02   6.201652e+01   2.705345e-02   6.179147e-03   3.460028e-01   6.518149e-01   4.252491e-02  -1.195369e+02
  1.1242085395047e+01   2.065907e+00   4.136201e-02   6.201661e+01   2.706710e-02   6.236396e-03   3.464355e-01   6.519085e-01   4.263370e-02  -1.195343e+02
  1.1244283261205e+01   2.065998e+00   4.139811e-02   6.201669e+01   2.708087e-02   6.295513e-03   3.468299e-01   6.520023e-01   4.272879e-02  -1.195316e+02
  1.1246481127362e+01   2.066089e+00   4.143325e-02   6.201678e+01   2.709477e-02   6.356533e-03   3.471855e-01   6.520963e-01   4.280990e-02  -1.195288e+02
  1.1248678993519e+01   2.066180e+00   4.146746e-02   6.201687e+01   2.710881e-02   6.419473e-03   3.475020e-01   6.521905e-01   4.287677e-02  -1.195261e+02
  1.1250876859677e+01   2.066272e+00   4.150075e-02   6.201697e+01   2.712299e-02   6.484335e-03   3.477790e-01   6.522848e-01   4.292918e-02  -1.195232e+02
  1.1253074725834e+01   2.066363e+00   4.153314e-02   6.201708e+01   2.713732e-02   6.551100e-03   3.480163e-01   6.523792e-01   4.296692e-02  -1.195203e+02
  1.1255272591992e+01   2.066454e+00   4.156465e-02   6.201720e+01   2.715179e-02   6.619733e-03   3.482136e-01   6.524737e-01   4.298987e-02  -1.195173e+02
  1.1257470458149e+01   2.066545e+00   4.159531e-02   6.201735e+01   2.716642e-02   6.690177e-03   3.483711e-01   6.525682e-01   4.299793e-02  -1.195143e+02
  1.1259668324306e+01   2.066637e+00   4.162513e-02   6.201751e+01   2.718120e-02   6.762358e-03   3.484885e-01   6.526626e-01   4.299103e-02  -1.195113e+02
  1.1261866190464e+01   2.066729e+00   4.165416e-02   6.201769e+01   2.719615e-02   6.836188e-03   3.485661e-01   6.527571e-01   4.296917e-02  -1.195082e+02
  1.1264064056621e+01   2.066820e+00   4.168243e-02   6.201789e+01   2.721126e-02   6.911563e-03   3.486039e-01   6.528515e-01   4.293239e-02  -1.195050e+02
  1.1266261922778e+01   2.066912e+00   4.170995e-02   6.201812e+01   2.722653e-02   6.988376e-03   3.486023e-01   6.529458e-01   4.288077e-02  -1.195018e+02
  1.1268459788936e+01   2.067003e+00   4.173678e-02   6.201838e+01   2.724198e-02   7.066516e-03   3.485616e-01   6.530400e-01   4.281446e-02  -1.194986e+02
  1.1270657655093e+01   2.067095e+00   4.176293e-02   6.201867e+01   2.725760e-02   7.145867e-03   3.484825e-01   6.531340e-01   4.273362e-02  -1.194954e+02
  1.1272855521251e+01   2.067187e+00   4.178843e-02   6.201897e+01   2.727339e-02   7.226320e-03   3.483653e-01   6.532278e-01   4.263850e-02  -1.194921e+02
  1.1275053387408e+01   2.067279e+00   4.181329e-02   6.201931e+01   2.728936e-02   7.307764e-03   3.482108e-01   6.533214e-01   4.252938e-02  -1.194888e+02
  1.1277251253565e+01   2.067371e+00   4.183754e-02   6.201968e+01   2.730551e-02   7.390095e-03   3.480199e-01   6.534147e-01   4.240660e-02  -1.194855e+02
  1.1279449119723e+01   2.067463e+00   4.186117e-02   6.202008e+01   2.732185e-02   7.473218e-03   3.477934e-01   6.535078e-01   4.227054e-02  -1.194821e+02
  1.1281646985880e+01   2.067555e+00   4.188418e-02   6.202050e+01   2.733837e-02   7.557042e-03   3.475325e-01   6.536005e-01   4.212165e-02  -1.194788e+02
  1.1283844852038e+01   2.067647e+00   4.190656e-02   6.202096e+01   2.735507e-02   7.641485e-03   3.472383e-01   6.536929e-01   4.196038e-02  -1.194754e+02
  1.1286042718195e+01   2.067739e+00   4.192828e-02   6.202144e+01   2.737196e-02   7.726477e-03   3.469121e-01   6.537849e-01   4.178727e-02  -1.194720e+02
  1.1288240584352e+01   2.067831e+00   4.194930e-02   6.202195e+01   2.738903e-02   7.811953e-03   3.465554e-01   6.538765e-01   4.160287e-02  -1.194687e+02
  1.1290438450510e+01   2.067924e+00   4.196959e-02   6.202248e+01   2.740630e-02   7.897856e-03   3.461699e-01   6.539677e-01   4.140775e-02  -1.194653e+02
  1.1292636316667e+01   2.068016e+00   4.198908e-02   6.202304e+01   2.742375e-02   7.984131e-03   3.457570e-01   6.540585e-01   4.120252e-02  -1.194619e+02
  1.1294834182825e+01   2.068108e+00   4.200772e-02   6.202363e+01   2.744139e-02   8.070728e-03   3.453188e-01   6.541488e-01   4.098780e-02  -1.194586e+02
  1.1297032048982e+01   2.068200e+00   4.202542e-02   6.202423e+01   2.745922e-02   8.157601e-03   3.448571e-01   6.542386e-01   4.076422e-02  -1.194552e+02
  1.1299229915139e+01   2.068293e+00   4.204211e-02   6.202486e+01   2.747725e-02   8.244703e-03   3.443740e-01   6.543280e-01   4.053242e-02  -1.194519e+02
  1.1301427781297e+01   2.068385e+00   4.205768e-02   6.202551e+01   2.749547e-02   8.331990e-03   3.438716e-01   6.544168e-01   4.029303e-02  -1.194486e+02
  1.1303625647454e+01   2.068478e+00   4.207202e-02   6.202617e+01   2.751387e-02   8.419422e-03   3.433521e-01   6.545051e-01   4.004670e-02  -1.194453e+02
  1.1305823513611e+01   2.068570e+00   4.208502e-02   6.202685e+01   2.753248e-02   8.506960e-03   3.428179e-01   6.545928e-01   3.979403e-02  -1.194421e+02
  1.1308021379769e+01   2.068663e+00   4.209653e-02   6.202754e+01   2.755127e-02   8.594567e-03   3.422714e-01   6.546800e-01   3.953566e-02  -1.194389e+02
  1.1310219245926e+01   2.068755e+00   4.210641e-02   6.202824e+01   2.757026e-02   8.682203e-03   3.417150e-01   6.547666e-01   3.927217e-02  -1.194357e+02
  1.1312417112084e+01   2.068848e+00   4.211451e-02   6.202896e+01   2.758943e-02   8.769830e-03   3.411514e-01   6.548526e-01   3.900417e-02  -1.194325e+02
  1.1314614978241e+01   2.068940e+00   4.212065e-02   6.202968e+01   2.760880e-02   8.857400e-03   3.405830e-01   6.549380e-01   3.873219e-02  -1.194294e+02
  1.1316812844398e+01   2.069033e+00   4.212466e-02   6.203040e+01   2.762837e-02   8.944866e-03   3.400126e-01   6.550229e-01   3.845681e-02  -1.194263e+02
  1.1319010710556e+01   2.069125e+00   4.212634e-02   6.203113e+01   2.764812e-02   9.032176e-03   3.394428e-01   6.551071e-01   3.817853e-02  -1.194232e+02
  1.1321208576713e+01   2.069218e+00   4.212550e-02   6.203186e+01   2.766807e-02   9.119269e-03   3.388765e-01   6.551907e-01   3.789783e-02  -1.194202e+02
  1.1323406442871e+01   2.069310e+00   4.212194e-02   6.203259e+01   2.768821e-02   9.206080e-03   3.383162e-01   6.552737e-01   3.761519e-02  -1.194173e+02
  1.1325604309028e+01   2.069403e+00   4.211545e-02   6.203332e+01   2.770854e-02   9.292536e-03   3.377647e-01   6.553560e-01   3.733102e-02  -1.194144e+02
  1.1327802175185e+01   2.069495e+00   4.210583e-02   6.203404e+01   2.772906e-02   9.378557e-03   3.372247e-01   6.554378e-01   3.704571e-02  -1.194115e+02
  1.1330000041343e+01   2.069588e+00   4.209287e-02   6.203475e+01   2.774976e-02   9.464052e-03   3.366989e-01   6.555189e-01   3.675964e-02  -1.194087e+02
  1.1332197907500e+01   2.069680e+00   4.207638e-02   6.203545e+01   2.777066e-02   9.548921e-03   3.361899e-01   6.555994e-01   3.647311e-02  -1.194059e+02
  1.1334395773658e+01   2.069773e+00   4.205616e-02   6.203614e+01   2.779174e-02   9.633056e-03   3.357002e-01   6.556792e-01   3.618643e-02  -1.194032e+02
  1.1336593639815e+01   2.069865e+00   4.203201e-02   6.203682e+01   2.781300e-02   9.716341e-03   3.352323e-01   6.557584e-01   3.589986e-02  -1.194005e+02
  1.1338791505972e+01   2.069957e+00   4.200375e-02   6.203747e+01   2.783445e-02   9.798655e-03   3.347887e-01   6.558370e-01   3.561362e-02  -1.193979e+02
  1.1340989372130e+01   2.070050e+00   4.197118e-02   6.203811e+01   2.785607e-02   9.879870e-03   3.343716e-01   6.559150e-01   3.532793e-02  -1.193953e+02
  1.1343187238287e+01   2.070142e+00   4.193412e-02   6.203873e+01   2.787787e-02   9.959855e-03   3.339831e-01   6.559923e-01   3.504295e-02  -1.193927e+02
  1.1345385104444e+01   2.070234e+00   4.189241e-02   6.203933e+01   2.789985e-02   1.003847e-02   3.336253e-01   6.560690e-01   3.475885e-02  -1.193902e+02
  1.1347582970602e+01   2.070326e+00   4.184587e-02   6.203991e+01   2.792200e-02   1.011559e-02   3.333001e-01   6.561450e-01   3.447576e-02  -1.193878e+02
  1.1349780836759e+01   2.070418e+00   4.179434e-02   6.204045e+01   2.794432e-02   1.019105e-02   3.330093e-01   6.562205e-01   3.419379e-02  -1.193854e+02
  1.1351978702917e+01   2.070510e+00   4.173768e-02   6.204098e+01   2.796680e-02   1.026472e-02   3.327542e-01   6.562954e-01   3.391303e-02  -1.193830e+02
  1.1354176569074e+01   2.070601e+00   4.167573e-02   6.204147e+01   2.798944e-02   1.033645e-02   3.325364e-01   6.563696e-01   3.363356e-02  -1.193807e+02
  1.1356374435231e+01   2.070693e+00   4.160836e-02   6.204193e+01   2.801223e-02   1.040611e-02   3.323570e-01   6.564432e-01   3.335543e-02  -1.193784e+02
  1.1358572301389e+01   2.070784e+00   4.153543e-02   6.204237e+01   2.803518e-02   1.047355e-02   3.322169e-01   6.565162e-01   3.307868e-02  -1.193762e+02
  1.1360770167546e+01   2.070876e+00   4.145683e-02   6.204277e+01   2.805827e-02   1.053863e-02   3.321168e-01   6.565886e-01   3.280333e-02  -1.193740e+02
  1.1362968033704e+01   2.070967e+00   4.137244e-02   6.204314e+01   2.808150e-02   1.060123e-02   3.320573e-01   6.566604e-01   3.252940e-02  -1.193718e+02
  1.1365165899861e+01   2.071058e+00   4.128216e-02   6.204347e+01   2.810487e-02   1.066121e-02   3.320387e-01   6.567316e-01   3.225686e-02  -1.193697e+02
  1.1367363766018e+01   2.071148e+00   4.118589e-02   6.204377e+01   2.812836e-02   1.071845e-02   3.320610e-01   6.568022e-01   3.198570e-02  -1.193677e+02
  1.1369561632176e+01   2.071239e+00   4.108356e-02   6.204403e+01   2.815198e-02   1.077284e-02   3.321241e-01   6.568722e-01   3.171588e-02  -1.193656e+02
  1.1371759498333e+01   2.071329e+00   4.097509e-02   6.204426e+01   2.817571e-02   1.082424e-02   3.322274e-01   6.569416e-01   3.144735e-02  -1.193636e+02
  1.1373957364491e+01   2.071419e+00   4.086041e-02   6.204445e+01   2.819956e-02   1.087257e-02   3.323704e-01   6.570104e-01   3.118004e-02  -1.193616e+02
  1.1376155230648e+01   2.071508e+00   4.073950e-02   6.204461e+01   2.822350e-02   1.091771e-02   3.325521e-01   6.570787e-01   3.091388e-02  -1.193597e+02
  1.1378353096805e+01   2.071598e+00   4.061228e-02   6.204473e+01   2.824754e-02   1.095959e-02   3.327716e-01   6.571463e-01   3.064877e-02  -1.193578e+02
  1.1380550962963e+01   2.071687e+00   4.047874e-02   6.204482e+01   2.827168e-02   1.099811e-02   3.330275e-01   6.572134e-01   3.038462e-02  -1.193559e+02
  1.1382748829120e+01   2.071776e+00   4.033886e-02   6.204486e+01   2.829589e-02   1.103321e-02   3.333184e-01   6.572799e-01   3.012132e-02  -1.193540e+02
  1.1384946695277e+01   2.071864e+00   4.019262e-02   6.204488e+01   2.832017e-02   1.106481e-02   3.336425e-01   6.573458e-01   2.985873e-02  -1.193522e+02
  1.1387144561435e+01   2.071952e+00   4.004002e-02   6.204486e+01   2.834452e-02   1.109288e-02   3.339981e-01   6.574112e-01   2.959674e-02  -1.193504e+02
  1.1389342427592e+01   2.072040e+00   3.988108e-02   6.204480e+01   2.836893e-02   1.111737e-02   3.343831e-01   6.574759e-01   2.933519e-02  -1.193487e+02
  1.1391540293750e+01   2.072128e+00   3.971582e-02   6.204472e+01   2.839339e-02   1.113823e-02   3.347954e-01   6.575401e-01   2.907395e-02  -1.193469e+02
  1.1393738159907e+01   2.072215e+00   3.954425e-02   6.204460e+01   2.841789e-02   1.115546e-02   3.352329e-01   6.576037e-01   2.881286e-02  -1.193452e+02
  1.1395936026064e+01   2.072301e+00   3.936642e-02   6.204445e+01   2.844242e-02   1.116903e-02   3.356931e-01   6.576668e-01   2.855179e-02  -1.193436e+02
  1.1398133892222e+01   2.072388e+00   3.918238e-02   6.204428e+01   2.846698e-02   1.117895e-02   3.361735e-01   6.577293e-01   2.829057e-02  -1.193419e+02
  1.1400331758379e+01   2.072474e+00   3.899220e-02   6.204407e+01   2.849155e-02   1.118523e-02   3.366719e-01   6.577911e-01   2.802908e-02  -1.193403e+02
  1.1402529624537e+01   2.072559e+00   3.879595e-02   6.204384e+01   2.851614e-02   1.118787e-02   3.371854e-01   6.578525e-01   2.776716e-02  -1.193388e+02
  1.1404727490694e+01   2.072644e+00   3.859372e-02   6.204358e+01   2.854073e-02   1.118693e-02   3.377116e-01   6.579132e-01   2.750469e-02  -1.193372e+02
  1.1406925356851e+01   2.072729e+00   3.838561e-02   6.204330e+01   2.856531e-02   1.118243e-02   3.382479e-01   6.579733e-01   2.724154e-02  -1.193357e+02
  1.1409123223009e+01   2.072813e+00   3.817175e-02   6.204300e+01   2.858988e-02   1.117442e-02   3.387916e-01   6.580330e-01   2.697762e-02  -1.193343e+02
  1.1411321089166e+01   2.072897e+00   3.795227e-02   6.204268e+01   2.861443e-02   1.116297e-02   3.393401e-01   6.580920e-01   2.671282e-02  -1.193328e+02
  1.1413518955324e+01   2.072980e+00   3.772730e-02   6.204234e+01   2.863895e-02   1.114814e-02   3.398908e-01   6.581504e-01   2.644708e-02  -1.193314e+02
  1.1415716821481e+01   2.073063e+00   3.749702e-02   6.204198e+01   2.866343e-02   1.113000e-02   3.404412e-01   6.582082e-01   2.618034e-02  -1.193301e+02
  1.1417914687638e+01   2.073145e+00   3.726158e-02   6.204161e+01   2.868787e-02   1.110865e-02   3.409886e-01   6.582654e-01   2.591257e-02  -1.193288e+02
  1.1420112553796e+01   2.073226e+00   3.702118e-02   6.204123e+01   2.871226e-02   1.108415e-02   3.415307e-01   6.583221e-01   2.564376e-02  -1.193275e+02
  1.1422310419953e+01   2.073308e+00   3.677598e-02   6.204083e+01   2.873659e-02   1.105661e-02   3.420651e-01   6.583782e-01   2.537393e-02  -1.193263e+02
  1.1424508286111e+01   2.073388e+00   3.652621e-02   6.204042e+01   2.876085e-02   1.102612e-02   3.425894e-01   6.584337e-01   2.510313e-02  -1.193251e+02
  1.1426706152268e+01   2.073468e+00   3.627208e-02   6.204000e+01   2.878505e-02   1.099278e-02   3.431014e-01   6.584886e-01   2.483142e-02  -1.193240e+02
  1.1428904018425e+01   2.073548e+00   3.601378e-02   6.203957e+01   2.880917e-02   1.095669e-02   3.435988e-01   6.585429e-01   2.455891e-02  -1.193229e+02
  1.1431101884583e+01   2.073627e+00   3.575157e-02   6.203913e+01   2.883321e-02   1.091794e-02   3.440796e-01   6.585966e-01   2.428574e-02  -1.193219e+02
  1.1433299750740e+01   2.073705e+00   3.548567e-02   6.203868e+01   2.885716e-02   1.087665e-02   3.445419e-01   6.586496e-01   2.401207e-02  -1.193210e+02
  1.1435497616897e+01   2.073782e+00   3.521632e-02   6.203823e+01   2.888102e-02   1.083290e-02   3.449836e-01   6.587021e-01   2.373808e-02  -1.193200e+02
  1.1437695483055e+01   2.073859e+00   3.494379e-02   6.203777e+01   2.890478e-02   1.078680e-02   3.454030e-01   6.587539e-01   2.346400e-02  -1.193192e+02
  1.1439893349212e+01   2.073936e+00   3.466831e-02   6.203731e+01   2.892843e-02   1.073844e-02   3.457983e-01   6.588052e-01   2.319007e-02  -1.193184e+02
  1.1442091215370e+01   2.074012e+00   3.439016e-02   6.203684e+01   2.895198e-02   1.068792e-02   3.461678e-01   6.588559e-01   2.291655e-02  -1.193177e+02
  1.1444289081527e+01   2.074087e+00   3.410961e-02   6.203637e+01   2.897541e-02   1.063533e-02   3.465099e-01   6.589059e-01   2.264373e-02  -1.193170e+02
  1.1446486947684e+01   2.074162e+00   3.382692e-02   6.203588e+01   2.899873e-02   1.058074e-02   3.468231e-01   6.589554e-01   2.237193e-02  -1.193164e+02
  1.1448684813842e+01   2.074236e+00   3.354238e-02   6.203540e+01   2.902192e-02   1.052423e-02   3.471060e-01   6.590043e-01   2.210147e-02  -1.193158e+02
  1.1450882679999e+01   2.074309e+00   3.325628e-02   6.203490e+01   2.904499e-02   1.046588e-02   3.473571e-01   6.590526e-01   2.183270e-02  -1.193153e+02
  1.1453080546157e+01   2.074382e+00   3.296889e-02   6.203440e+01   2.906792e-02   1.040574e-02   3.475751e-01   6.591002e-01   2.156599e-02  -1.193149e+02
  1.1455278412314e+01   2.074454e+00   3.268052e-02   6.203389e+01   2.909072e-02   1.034388e-02   3.477589e-01   6.591473e-01   2.130169e-02  -1.193146e+02
  1.1457476278471e+01   2.074526e+00   3.239145e-02   6.203337e+01   2.911339e-02   1.028035e-02   3.479072e-01   6.591939e-01   2.104020e-02  -1.193143e+02
  1.1459674144629e+01   2.074597e+00   3.210199e-02   6.203284e+01   2.913591e-02   1.021518e-02   3.480190e-01   6.592398e-01   2.078191e-02  -1.193140e+02
  1.1461872010786e+01   2.074667e+00   3.181244e-02   6.203230e+01   2.915829e-02   1.014843e-02   3.480932e-01   6.592852e-01   2.052721e-02  -1.193139e+02
  1.1464069876944e+01   2.074737e+00   3.152310e-02   6.203174e+01   2.918052e-02   1.008011e-02   3.481290e-01   6.593301e-01   2.027651e-02  -1.193138e+02
  1.1466267743101e+01   2.074805e+00   3.123429e-02   6.203117e+01   2.920260e-02   1.001028e-02   3.481255e-01   6.593744e-01   2.003019e-02  -1.193137e+02
  1.1468465609258e+01   2.074874e+00   3.094633e-02   6.203058e+01   2.922452e-02   9.938935e-03   3.480820e-01   6.594181e-01   1.978865e-02  -1.193138e+02
  1.1470663475416e+01   2.074942e+00   3.065953e-02   6.202998e+01   2.924629e-02   9.866115e-03   3.479978e-01   6.594613e-01   1.955230e-02  -1.193138e+02
  1.1472861341573e+01   2.075009e+00   3.037422e-02   6.202935e+01   2.926789e-02   9.791833e-03   3.478724e-01   6.595041e-01   1.932150e-02  -1.193140e+02
  1.1475059207730e+01   2.075075e+00   3.009073e-02   6.202870e+01   2.928933e-02   9.716109e-03   3.477053e-01   6.595463e-01   1.909663e-02  -1.193142e+02
  1.1477257073888e+01   2.075141e+00   2.980939e-02   6.202803e+01   2.931060e-02   9.638956e-03   3.474963e-01   6.595880e-01   1.887806e-02  -1.193145e+02
  1.1479454940045e+01   2.075206e+00   2.953053e-02   6.202734e+01   2.933170e-02   9.560389e-03   3.472451e-01   6.596292e-01   1.866614e-02  -1.193148e+02
  1.1481652806203e+01   2.075271e+00   2.925451e-02   6.202662e+01   2.935262e-02   9.480423e-03   3.469516e-01   6.596701e-01   1.846118e-02  -1.193152e+02
  1.1483850672360e+01   2.075335e+00   2.898164e-02   6.202586e+01   2.937337e-02   9.399075e-03   3.466160e-01   6.597104e-01   1.826353e-02  -1.193156e+02
  1.1486048538517e+01   2.075398e+00   2.871229e-02   6.202509e+01   2.939394e-02   9.316364e-03   3.462383e-01   6.597503e-01   1.807346e-02  -1.193161e+02
  1.1488246404675e+01   2.075461e+00   2.844678e-02   6.202427e+01   2.941432e-02   9.232312e-03   3.458190e-01   6.597899e-01   1.789125e-02  -1.193166e+02
  1.1490444270832e+01   2.075523e+00   2.818546e-02   6.202343e+01   2.943452e-02   9.146944e-03   3.453586e-01   6.598290e-01   1.771717e-02  -1.193172e+02
  1.1492642136990e+01   2.075585e+00   2.792868e-02   6.202255e+01   2.945452e-02   9.060289e-03   3.448576e-01   6.598678e-01   1.755144e-02  -1.193178e+02
  1.1494840003147e+01   2.075646e+00   2.767676e-02   6.202164e+01   2.947434e-02   8.972381e-03   3.443169e-01   6.599061e-01   1.739426e-02  -1.193185e+02
  1.1497037869304e+01   2.075706e+00   2.743003e-02   6.202069e+01   2.949396e-02   8.883261e-03   3.437375e-01   6.599442e-01   1.724583e-02  -1.193192e+02
  1.1499235735462e+01   2.075767e+00   2.718884e-02   6.201971e+01   2.951339e-02   8.792972e-03   3.431204e-01   6.599820e-01   1.710630e-02  -1.193199e+02
  1.1501433601619e+01   2.075826e+00   2.695349e-02   6.201870e+01   2.953262e-02   8.701566e-03   3.424669e-01   6.600194e-01   1.697579e-02  -1.193207e+02
  1.1503631467777e+01   2.075885e+00   2.672429e-02   6.201764e+01   2.955164e-02   8.609099e-03   3.417782e-01   6.600566e-01   1.685442e-02  -1.193215e+02
  1.1505829333934e+01   2.075943e+00   2.650156e-02   6.201654e+01   2.957046e-02   8.515636e-03   3.410561e-01   6.600935e-01   1.674224e-02  -1.193223e+02
  1.1508027200091e+01   2.076001e+00   2.628557e-02   6.201541e+01   2.958907e-02   8.421243e-03   3.403020e-01   6.601301e-01   1.663932e-02  -1.193232e+02
  1.1510225066249e+01   2.076059e+00   2.607661e-02   6.201424e+01   2.960747e-02   8.325997e-03   3.395178e-01   6.601666e-01   1.654566e-02  -1.193240e+02
  1.1512422932406e+01   2.076116e+00   2.587494e-02   6.201304e+01   2.962567e-02   8.229976e-03   3.387053e-01   6.602029e-01   1.646125e-02  -1.193249e+02
  1.1514620798563e+01   2.076173e+00   2.568081e-02   6.201180e+01   2.964365e-02   8.133266e-03   3.378666e-01   6.602390e-01   1.638606e-02  -1.193258e+02
  1.1516818664721e+01   2.076229e+00   2.549446e-02   6.201052e+01   2.966142e-02   8.035957e-03   3.370036e-01   6.602750e-01   1.632000e-02  -1.193267e+02
  1.1519016530878e+01   2.076285e+00   2.531610e-02   6.200922e+01   2.967897e-02   7.938144e-03   3.361187e-01   6.603108e-01   1.626298e-02  -1.193276e+02
  1.1521214397036e+01   2.076340e+00   2.514593e-02   6.200788e+01   2.969631e-02   7.839925e-03   3.352139e-01   6.603465e-01   1.621486e-02  -1.193285e+02
  1.1523412263193e+01   2.076395e+00   2.498412e-02   6.200650e+01   2.971344e-02   7.741404e-03   3.342917e-01   6.603821e-01   1.617548e-02  -1.193294e+02
  1.1525610129350e+01   2.076450e+00   2.483084e-02   6.200510e+01   2.973034e-02   7.642688e-03   3.333544e-01   6.604176e-01   1.614462e-02  -1.193303e+02
  1.1527807995508e+01   2.076504e+00   2.468624e-02   6.200368e+01   2.974703e-02   7.543885e-03   3.324043e-01   6.604531e-01   1.612207e-02  -1.193312e+02
  1.1530005861665e+01   2.076559e+00   2.455041e-02   6.200222e+01   2.976350e-02   7.445104e-03   3.314440e-01   6.604885e-01   1.610756e-02  -1.193321e+02
  1.1532203727823e+01   2.076612e+00   2.442348e-02   6.200075e+01   2.977976e-02   7.346458e-03   3.304758e-01   6.605239e-01   1.610079e-02  -1.193330e+02
  1.1534401593980e+01   2.076666e+00   2.430550e-02   6.199926e+01   2.979580e-02   7.248058e-03   3.295022e-01   6.605593e-01   1.610143e-02  -1.193338e+02
  1.1536599460137e+01   2.076720e+00   2.419654e-02   6.199775e+01   2.981162e-02   7.150017e-03   3.285256e-01   6.605947e-01   1.610913e-02  -1.193347e+02
  1.1538797326295e+01   2.076773e+00   2.409662e-02   6.199623e+01   2.982723e-02   7.052446e-03   3.275485e-01   6.606301e-01   1.612351e-02  -1.193355e+02
  1.1540995192452e+01   2.076826e+00   2.400575e-02   6.199469e+01   2.984262e-02   6.955456e-03   3.265732e-01   6.606656e-01   1.614413e-02  -1.193363e+02
  1.1543193058610e+01   2.076878e+00   2.392392e-02   6.199316e+01   2.985780e-02   6.859156e-03   3.256020e-01   6.607011e-01   1.617056e-02  -1.193370e+02
  1.1545390924767e+01   2.076931e+00   2.385108e-02   6.199162e+01   2.987277e-02   6.763652e-03   3.246373e-01   6.607367e-01   1.620233e-02  -1.193378e+02
  1.1547588790924e+01   2.076983e+00   2.378718e-02   6.199008e+01   2.988753e-02   6.669046e-03   3.236814e-01   6.607723e-01   1.623893e-02  -1.193385e+02
  1.1549786657082e+01   2.077035e+00   2.373212e-02   6.198854e+01   2.990209e-02   6.575438e-03   3.227364e-01   6.608081e-01   1.627984e-02  -1.193391e+02
  1.1551984523239e+01   2.077088e+00   2.368580e-02   6.198702e+01   2.991644e-02   6.482921e-03   3.218045e-01   6.608439e-01   1.632452e-02  -1.193398e+02
  1.1554182389396e+01   2.077140e+00   2.364808e-02   6.198551e+01   2.993059e-02   6.391584e-03   3.208878e-01   6.608799e-01   1.637240e-02  -1.193403e+02
  1.1556380255554e+01   2.077192e+00   2.361881e-02   6.198402e+01   2.994454e-02   6.301512e-03   3.199882e-01   6.609159e-01   1.642288e-02  -1.193409e+02
  1.1558578121711e+01   2.077244e+00   2.359780e-02   6.198255e+01   2.995829e-02   6.212783e-03   3.191077e-01   6.609521e-01   1.647536e-02  -1.193414e+02
  1.1560775987869e+01   2.077295e+00   2.358486e-02   6.198111e+01   2.997185e-02   6.125470e-03   3.182482e-01   6.609884e-01   1.652922e-02  -1.193419e+02
  1.1562973854026e+01   2.077347e+00   2.357977e-02   6.197971e+01   2.998521e-02   6.039639e-03   3.174114e-01   6.610248e-01   1.658383e-02  -1.193423e+02
  1.1565171720183e+01   2.077399e+00   2.358227e-02   6.197834e+01   2.999840e-02   5.955349e-03   3.165989e-01   6.610613e-01   1.663855e-02  -1.193427e+02
  1.1567369586341e+01   2.077451e+00   2.359211e-02   6.197701e+01   3.001139e-02   5.872652e-03   3.158124e-01   6.610980e-01   1.669272e-02  -1.193431e+02
  1.1569567452498e+01   2.077502e+00   2.360899e-02   6.197573e+01   3.002421e-02   5.791592e-03   3.150535e-01   6.611348e-01   1.674571e-02  -1.193434e+02
  1.1571765318656e+01   2.077554e+00   2.363261e-02   6.197449e+01   3.003685e-02   5.712204e-03   3.143234e-01   6.611716e-01   1.679684e-02  -1.193437e+02
  1.1573963184813e+01   2.077606e+00   2.366265e-02   6.197332e+01   3.004932e-02   5.634516e-03   3.136235e-01   6.612086e-01   1.684549e-02  -1.193440e+02
  1.1576161050970e+01   2.077658e+00   2.369874e-02   6.197221e+01   3.006162e-02   5.558545e-03   3.129552e-01   6.612456e-01   1.689101e-02  -1.193442e+02
  1.1578358917128e+01   2.077711e+00   2.374052e-02   6.197116e+01   3.007376e-02   5.484304e-03   3.123195e-01   6.612828e-01   1.693278e-02  -1.193443e+02
  1.1580556783285e+01   2.077763e+00   2.378760e-02   6.197019e+01   3.008573e-02   5.411793e-03   3.117175e-01   6.613201e-01   1.697019e-02  -1.193445e+02
  1.1582754649443e+01   2.077815e+00   2.383957e-02   6.196928e+01   3.009755e-02   5.341006e-03   3.111503e-01   6.613574e-01   1.700263e-02  -1.193446e+02
  1.1584952515600e+01   2.077868e+00   2.389602e-02   6.196846e+01   3.010921e-02   5.271927e-03   3.106185e-01   6.613948e-01   1.702955e-02  -1.193447e+02
  1.1587150381757e+01   2.077920e+00   2.395649e-02   6.196772e+01   3.012072e-02   5.204531e-03   3.101231e-01   6.614322e-01   1.705040e-02  -1.193447e+02
  1.1589348247915e+01   2.077973e+00   2.402053e-02   6.196706e+01   3.013209e-02   5.138786e-03   3.096648e-01   6.614697e-01   1.706466e-02  -1.193448e+02
  1.1591546114072e+01   2.078026e+00   2.408767e-02   6.196650e+01   3.014331e-02   5.074651e-03   3.092440e-01   6.615072e-01   1.707185e-02  -1.193448e+02
  1.1593743980229e+01   2.078079e+00   2.415741e-02   6.196602e+01   3.015440e-02   5.012078e-03   3.088613e-01   6.615447e-01   1.707151e-02  -1.193448e+02
  1.1595941846387e+01   2.078132e+00   2.422926e-02   6.196564e+01   3.016535e-02   4.951014e-03   3.085171e-01   6.615822e-01   1.706325e-02  -1.193447e+02
  1.1598139712544e+01   2.078186e+00   2.430270e-02   6.196536e+01   3.017616e-02   4.891397e-03   3.082115e-01   6.616197e-01   1.704669e-02  -1.193447e+02
  1.1600337578702e+01   2.078239e+00   2.437721e-02   6.196519e+01   3.018685e-02   4.833163e-03   3.079448e-01   6.616572e-01   1.702150e-02  -1.193447e+02
  1.1602535444859e+01   2.078293e+00   2.445226e-02   6.196511e+01   3.019741e-02   4.776243e-03   3.077171e-01   6.616945e-01   1.698741e-02  -1.193446e+02
  1.1604733311016e+01   2.078346e+00   2.452730e-02   6.196514e+01   3.020785e-02   4.720562e-03   3.075281e-01   6.617318e-01   1.694419e-02  -1.193446e+02
  1.1606931177174e+01   2.078400e+00   2.460179e-02   6.196527e+01   3.021816e-02   4.666042e-03   3.073780e-01   6.617690e-01   1.689165e-02  -1.193445e+02
  1.1609129043331e+01   2.078454e+00   2.467518e-02   6.196552e+01   3.022836e-02   4.612602e-03   3.072663e-01   6.618061e-01   1.682965e-02  -1.193445e+02
  1.1611326909489e+01   2.078509e+00   2.474691e-02   6.196587e+01   3.023844e-02   4.560158e-03   3.071927e-01   6.618430e-01   1.675812e-02  -1.193444e+02
  1.1613524775646e+01   2.078563e+00   2.481643e-02   6.196632e+01   3.024840e-02   4.508624e-03   3.071568e-01   6.618797e-01   1.667703e-02  -1.193444e+02
  1.1615722641803e+01   2.078618e+00   2.488318e-02   6.196689e+01   3.025826e-02   4.457914e-03   3.071580e-01   6.619163e-01   1.658639e-02  -1.193444e+02
  1.1617920507961e+01   2.078673e+00   2.494660e-02   6.196756e+01   3.026800e-02   4.407941e-03   3.071955e-01   6.619526e-01   1.648628e-02  -1.193445e+02
  1.1620118374118e+01   2.078727e+00   2.500615e-02   6.196834e+01   3.027763e-02   4.358619e-03   3.072688e-01   6.619887e-01   1.637683e-02  -1.193445e+02
  1.1622316240276e+01   2.078783e+00   2.506129e-02   6.196922e+01   3.028716e-02   4.309863e-03   3.073769e-01   6.620246e-01   1.625821e-02  -1.193446e+02
  1.1624514106433e+01   2.078838e+00   2.511148e-02   6.197021e+01   3.029658e-02   4.261590e-03   3.075188e-01   6.620602e-01   1.613065e-02  -1.193447e+02
  1.1626711972590e+01   2.078893e+00   2.515621e-02   6.197130e+01   3.030589e-02   4.213719e-03   3.076935e-01   6.620955e-01   1.599442e-02  -1.193449e+02
  1.1628909838748e+01   2.078948e+00   2.519495e-02   6.197249e+01   3.031510e-02   4.166174e-03   3.079000e-01   6.621305e-01   1.584983e-02  -1.193451e+02
  1.1631107704905e+01   2.079004e+00   2.522722e-02   6.197377e+01   3.032421e-02   4.118881e-03   3.081369e-01   6.621652e-01   1.569726e-02  -1.193453e+02
  1.1633305571063e+01   2.079059e+00   2.525253e-02   6.197515e+01   3.033321e-02   4.071772e-03   3.084031e-01   6.621995e-01   1.553712e-02  -1.193456e+02
  1.1635503437220e+01   2.079115e+00   2.527042e-02   6.197661e+01   3.034210e-02   4.024785e-03   3.086973e-01   6.622335e-01   1.536984e-02  -1.193460e+02
  1.1637701303377e+01   2.079170e+00   2.528044e-02   6.197816e+01   3.035090e-02   3.977861e-03   3.090180e-01   6.622671e-01   1.519591e-02  -1.193464e+02
  1.1639899169535e+01   2.079226e+00   2.528217e-02   6.197980e+01   3.035959e-02   3.930949e-03   3.093638e-01   6.623003e-01   1.501586e-02  -1.193469e+02
  1.1642097035692e+01   2.079281e+00   2.527521e-02   6.198151e+01   3.036818e-02   3.884004e-03   3.097333e-01   6.623331e-01   1.483024e-02  -1.193474e+02
  1.1644294901849e+01   2.079337e+00   2.525917e-02   6.198330e+01   3.037666e-02   3.836987e-03   3.101249e-01   6.623654e-01   1.463963e-02  -1.193480e+02
  1.1646492768007e+01   2.079392e+00   2.523370e-02   6.198515e+01   3.038504e-02   3.789863e-03   3.105371e-01   6.623974e-01   1.444464e-02  -1.193487e+02
  1.1648690634164e+01   2.079448e+00   2.519847e-02   6.198706e+01   3.039332e-02   3.742606e-03   3.109683e-01   6.624289e-01   1.424591e-02  -1.193494e+02
  1.1650888500322e+01   2.079503e+00   2.515318e-02   6.198904e+01   3.040149e-02   3.695197e-03   3.114168e-01   6.624600e-01   1.404409e-02  -1.193503e+02
  1.1653086366479e+01   2.079558e+00   2.509754e-02   6.199107e+01   3.040956e-02   3.647621e-03   3.118811e-01   6.624907e-01   1.383987e-02  -1.193511e+02
  1.1655284232636e+01   2.079613e+00   2.503131e-02   6.199314e+01   3.041753e-02   3.599873e-03   3.123596e-01   6.625209e-01   1.363393e-02  -1.193521e+02
  1.1657482098794e+01   2.079668e+00   2.495426e-02   6.199525e+01   3.042539e-02   3.551952e-03   3.128505e-01   6.625506e-01   1.342698e-02  -1.193531e+02
  1.1659679964951e+01   2.079723e+00   2.486619e-02   6.199741e+01   3.043314e-02   3.503864e-03   3.133523e-01   6.625799e-01   1.321973e-02  -1.193543e+02
  1.1661877831109e+01   2.079778e+00   2.476694e-02   6.199959e+01   3.044079e-02   3.455623e-03   3.138633e-01   6.626087e-01   1.301291e-02  -1.193555e+02
  1.1664075697266e+01   2.079832e+00   2.465637e-02   6.200180e+01   3.044833e-02   3.407247e-03   3.143818e-01   6.626371e-01   1.280725e-02  -1.193567e+02
  1.1666273563423e+01   2.079886e+00   2.453437e-02   6.200402e+01   3.045577e-02   3.358762e-03   3.149062e-01   6.626650e-01   1.260346e-02  -1.193581e+02
  1.1668471429581e+01   2.079940e+00   2.440085e-02   6.200626e+01   3.046310e-02   3.310196e-03   3.154348e-01   6.626925e-01   1.240228e-02  -1.193595e+02
  1.1670669295738e+01   2.079993e+00   2.425576e-02   6.200851e+01   3.047032e-02   3.261585e-03   3.159661e-01   6.627195e-01   1.220442e-02  -1.193610e+02
  1.1672867161896e+01   2.080047e+00   2.409908e-02   6.201076e+01   3.047743e-02   3.212970e-03   3.164984e-01   6.627461e-01   1.201060e-02  -1.193626e+02
  1.1675065028053e+01   2.080099e+00   2.393080e-02   6.201300e+01   3.048444e-02   3.164394e-03   3.170300e-01   6.627723e-01   1.182152e-02  -1.193643e+02
  1.1677262894210e+01   2.080152e+00   2.375095e-02   6.201524e+01   3.049134e-02   3.115905e-03   3.175594e-01   6.627981e-01   1.163788e-02  -1.193660e+02
  1.1679460760368e+01   2.080204e+00   2.355958e-02   6.201746e+01   3.049814e-02   3.067554e-03   3.180850e-01   6.628235e-01   1.146035e-02  -1.193679e+02
  1.1681658626525e+01   2.080255e+00   2.335677e-02   6.201966e+01   3.050483e-02   3.019395e-03   3.186051e-01   6.628485e-01   1.128958e-02  -1.193697e+02
  1.1683856492682e+01   2.080306e+00   2.314262e-02   6.202184e+01   3.051141e-02   2.971485e-03   3.191183e-01   6.628731e-01   1.112623e-02  -1.193717e+02
  1.1686054358840e+01   2.080357e+00   2.291727e-02   6.202399e+01   3.051789e-02   2.923884e-03   3.196230e-01   6.628973e-01   1.097091e-02  -1.193737e+02
  1.1688252224997e+01   2.080407e+00   2.268087e-02   6.202610e+01   3.052426e-02   2.876654e-03   3.201176e-01   6.629213e-01   1.082422e-02  -1.193758e+02
  1.1690450091155e+01   2.080456e+00   2.243360e-02   6.202818e+01   3.053053e-02   2.829857e-03   3.206006e-01   6.629450e-01   1.068672e-02  -1.193779e+02
  1.1692647957312e+01   2.080506e+00   2.217566e-02   6.203021e+01   3.053670e-02   2.783559e-03   3.210706e-01   6.629683e-01   1.055897e-02  -1.193801e+02
  1.1694845823469e+01   2.080554e+00   2.190728e-02   6.203220e+01   3.054277e-02   2.737825e-03   3.215260e-01   6.629914e-01   1.044147e-02  -1.193824e+02
  1.1697043689627e+01   2.080602e+00   2.162870e-02   6.203413e+01   3.054874e-02   2.692724e-03   3.219653e-01   6.630142e-01   1.033471e-02  -1.193847e+02
  1.1699241555784e+01   2.080649e+00   2.134020e-02   6.203601e+01   3.055461e-02   2.648323e-03   3.223873e-01   6.630368e-01   1.023916e-02  -1.193870e+02
  1.1701439421942e+01   2.080696e+00   2.104208e-02   6.203784e+01   3.056038e-02   2.604691e-03   3.227904e-01   6.630592e-01   1.015521e-02  -1.193894e+02
  1.1703637288099e+01   2.080742e+00   2.073465e-02   6.203960e+01   3.056606e-02   2.561895e-03   3.231733e-01   6.630815e-01   1.008327e-02  -1.193918e+02
  1.1705835154256e+01   2.080787e+00   2.041824e-02   6.204131e+01   3.057164e-02   2.520004e-03   3.235348e-01   6.631036e-01   1.002369e-02  -1.193943e+02
  1.1708033020414e+01   2.080832e+00   2.009321e-02   6.204294e+01   3.057714e-02   2.479088e-03   3.238734e-01   6.631256e-01   9.976776e-03  -1.193968e+02
  1.1710230886571e+01   2.080875e+00   1.975993e-02   6.204451e+01   3.058254e-02   2.439213e-03   3.241880e-01   6.631474e-01   9.942817e-03  -1.193993e+02
  1.1712428752729e+01   2.080919e+00   1.941879e-02   6.204601e+01   3.058786e-02   2.400450e-03   3.244774e-01   6.631693e-01   9.922055e-03  -1.194018e+02
  1.1714626618886e+01   2.080961e+00   1.907019e-02   6.204744e+01   3.059309e-02   2.362866e-03   3.247405e-01   6.631911e-01   9.914697e-03  -1.194044e+02
  1.1716824485043e+01   2.081002e+00   1.871456e-02   6.204880e+01   3.059825e-02   2.326529e-03   3.249763e-01   6.632129e-01   9.920916e-03  -1.194070e+02
  1.1719022351201e+01   2.081043e+00   1.835234e-02   6.205008e+01   3.060332e-02   2.291506e-03   3.251836e-01   6.632347e-01   9.940845e-03  -1.194095e+02
  1.1721220217358e+01   2.081083e+00   1.798397e-02   6.205129e+01   3.060832e-02   2.257865e-03   3.253617e-01   6.632566e-01   9.974584e-03  -1.194121e+02
  1.1723418083515e+01   2.081122e+00   1.760992e-02   6.205243e+01   3.061325e-02   2.225672e-03   3.255097e-01   6.632786e-01   1.002220e-02  -1.194147e+02
  1.1725615949673e+01   2.081160e+00   1.723065e-02   6.205349e+01   3.061811e-02   2.194994e-03   3.256267e-01   6.633007e-01   1.008370e-02  -1.194173e+02
  1.1727813815830e+01   2.081198e+00   1.684666e-02   6.205448e+01   3.062290e-02   2.165896e-03   3.257122e-01   6.633229e-01   1.015910e-02  -1.194198e+02
  1.1730011681988e+01   2.081234e+00   1.645842e-02   6.205540e+01   3.062763e-02   2.138442e-03   3.257655e-01   6.633453e-01   1.024835e-02  -1.194224e+02
  1.1732209548145e+01   2.081270e+00   1.606644e-02   6.205624e+01   3.063230e-02   2.112698e-03   3.257862e-01   6.633680e-01   1.035137e-02  -1.194249e+02
  1.1734407414302e+01   2.081305e+00   1.567120e-02   6.205700e+01   3.063692e-02   2.088725e-03   3.257737e-01   6.633909e-01   1.046805e-02  -1.194274e+02
  1.1736605280460e+01   2.081339e+00   1.527321e-02   6.205770e+01   3.064149e-02   2.066587e-03   3.257279e-01   6.634140e-01   1.059825e-02  -1.194299e+02
  1.1738803146617e+01   2.081372e+00   1.487298e-02   6.205833e+01   3.064601e-02   2.046342e-03   3.256483e-01   6.634374e-01   1.074180e-02  -1.194324e+02
  1.1741001012775e+01   2.081404e+00   1.447101e-02   6.205888e+01   3.065048e-02   2.028051e-03   3.255351e-01   6.634612e-01   1.089851e-02  -1.194348e+02
  1.1743198878932e+01   2.081436e+00   1.406779e-02   6.205937e+01   3.065492e-02   2.011770e-03   3.253880e-01   6.634853e-01   1.106815e-02  -1.194372e+02
  1.1745396745089e+01   2.081466e+00   1.366382e-02   6.205979e+01   3.065933e-02   1.997556e-03   3.252071e-01   6.635098e-01   1.125045e-02  -1.194395e+02
  1.1747594611247e+01   2.081496e+00   1.325960e-02   6.206014e+01   3.066370e-02   1.985461e-03   3.249927e-01   6.635348e-01   1.144516e-02  -1.194418e+02
  1.1749792477404e+01   2.081525e+00   1.285561e-02   6.206043e+01   3.066806e-02   1.975538e-03   3.247449e-01   6.635602e-01   1.165195e-02  -1.194441e+02
  1.1751990343562e+01   2.081553e+00   1.245232e-02   6.206066e+01   3.067239e-02   1.967836e-03   3.244640e-01   6.635860e-01   1.187052e-02  -1.194463e+02
  1.1754188209719e+01   2.081579e+00   1.205022e-02   6.206083e+01   3.067671e-02   1.962401e-03   3.241506e-01   6.636124e-01   1.210051e-02  -1.194484e+02
  1.1756386075876e+01   2.081605e+00   1.164974e-02   6.206094e+01   3.068102e-02   1.959277e-03   3.238050e-01   6.636392e-01   1.234156e-02  -1.194506e+02
  1.1758583942034e+01   2.081631e+00   1.125134e-02   6.206099e+01   3.068533e-02   1.958505e-03   3.234280e-01   6.636667e-01   1.259329e-02  -1.194526e+02
  1.1760781808191e+01   2.081655e+00   1.085546e-02   6.206100e+01   3.068963e-02   1.960122e-03   3.230201e-01   6.636946e-01   1.285531e-02  -1.194546e+02
  1.1762979674348e+01   2.081678e+00   1.046250e-02   6.206094e+01   3.069394e-02   1.964160e-03   3.225821e-01   6.637232e-01   1.312719e-02  -1.194566e+02
  1.1765177540506e+01   2.081701e+00   1.007288e-02   6.206084e+01   3.069827e-02   1.970650e-03   3.221148e-01   6.637523e-01   1.340854e-02  -1.194585e+02
  1.1767375406663e+01   2.081723e+00   9.686986e-03   6.206070e+01   3.070261e-02   1.979617e-03   3.216191e-01   6.637821e-01   1.369889e-02  -1.194603e+02
  1.1769573272821e+01   2.081744e+00   9.305185e-03   6.206050e+01   3.070697e-02   1.991081e-03   3.210960e-01   6.638126e-01   1.399783e-02  -1.194621e+02
  1.1771771138978e+01   2.081764e+00   8.927835e-03   6.206027e+01   3.071137e-02   2.005057e-03   3.205464e-01   6.638437e-01   1.430488e-02  -1.194638e+02
  1.1773969005135e+01   2.081783e+00   8.555274e-03   6.205999e+01   3.071579e-02   2.021556e-03   3.199715e-01   6.638755e-01   1.461961e-02  -1.194654e+02
  1.1776166871293e+01   2.081801e+00   8.187825e-03   6.205967e+01   3.072026e-02   2.040585e-03   3.193724e-01   6.639079e-01   1.494156e-02  -1.194670e+02
  1.1778364737450e+01   2.081819e+00   7.825788e-03   6.205932e+01   3.072477e-02   2.062142e-03   3.187501e-01   6.639411e-01   1.527025e-02  -1.194685e+02
  1.1780562603608e+01   2.081836e+00   7.469451e-03   6.205893e+01   3.072932e-02   2.086224e-03   3.181060e-01   6.639751e-01   1.560523e-02  -1.194700e+02
  1.1782760469765e+01   2.081852e+00   7.119080e-03   6.205851e+01   3.073394e-02   2.112820e-03   3.174413e-01   6.640097e-01   1.594604e-02  -1.194714e+02
  1.1784958335922e+01   2.081867e+00   6.774927e-03   6.205806e+01   3.073861e-02   2.141914e-03   3.167574e-01   6.640452e-01   1.629223e-02  -1.194728e+02
  1.1787156202080e+01   2.081882e+00   6.437223e-03   6.205757e+01   3.074335e-02   2.173485e-03   3.160554e-01   6.640813e-01   1.664333e-02  -1.194741e+02
  1.1789354068237e+01   2.081895e+00   6.106184e-03   6.205706e+01   3.074817e-02   2.207507e-03   3.153369e-01   6.641183e-01   1.699890e-02  -1.194753e+02
  1.1791551934395e+01   2.081908e+00   5.782009e-03   6.205652e+01   3.075306e-02   2.243949e-03   3.146033e-01   6.641560e-01   1.735851e-02  -1.194765e+02
  1.1793749800552e+01   2.081921e+00   5.464880e-03   6.205595e+01   3.075804e-02   2.282774e-03   3.138559e-01   6.641946e-01   1.772171e-02  -1.194776e+02
  1.1795947666709e+01   2.081933e+00   5.154964e-03   6.205536e+01   3.076310e-02   2.323941e-03   3.130963e-01   6.642339e-01   1.808809e-02  -1.194787e+02
  1.1798145532867e+01   2.081944e+00   4.852410e-03   6.205475e+01   3.076825e-02   2.367404e-03   3.123259e-01   6.642741e-01   1.845724e-02  -1.194797e+02
  1.1800343399024e+01   2.081954e+00   4.557356e-03   6.205411e+01   3.077351e-02   2.413112e-03   3.115461e-01   6.643150e-01   1.882876e-02  -1.194807e+02
  1.1802541265181e+01   2.081964e+00   4.269923e-03   6.205346e+01   3.077886e-02   2.461012e-03   3.107587e-01   6.643568e-01   1.920226e-02  -1.194816e+02
  1.1804739131339e+01   2.081973e+00   3.990219e-03   6.205278e+01   3.078433e-02   2.511045e-03   3.099651e-01   6.643994e-01   1.957737e-02  -1.194825e+02
  1.1806936997496e+01   2.081981e+00   3.718338e-03   6.205208e+01   3.078990e-02   2.563147e-03   3.091668e-01   6.644429e-01   1.995374e-02  -1.194833e+02
  1.1809134863654e+01   2.081989e+00   3.454363e-03   6.205137e+01   3.079560e-02   2.617255e-03   3.083653e-01   6.644872e-01   2.033103e-02  -1.194840e+02
  1.1811332729811e+01   2.081996e+00   3.198362e-03   6.205064e+01   3.080141e-02   2.673298e-03   3.075624e-01   6.645323e-01   2.070891e-02  -1.194848e+02
  1.1813530595968e+01   2.082003e+00   2.950394e-03   6.204988e+01   3.080735e-02   2.731205e-03   3.067595e-01   6.645783e-01   2.108707e-02  -1.194854e+02
  1.1815728462126e+01   2.082009e+00   2.710507e-03   6.204911e+01   3.081342e-02   2.790902e-03   3.059582e-01   6.646250e-01   2.146523e-02  -1.194861e+02
  1.1817926328283e+01   2.082015e+00   2.478737e-03   6.204833e+01   3.081962e-02   2.852312e-03   3.051601e-01   6.646726e-01   2.184310e-02  -1.194867e+02
  1.1820124194441e+01   2.082020e+00   2.255112e-03   6.204753e+01   3.082596e-02   2.915359e-03   3.043667e-01   6.647210e-01   2.222042e-02  -1.194872e+02
  1.1822322060598e+01   2.082025e+00   2.039650e-03   6.204670e+01   3.083244e-02   2.979962e-03   3.035796e-01   6.647702e-01   2.259696e-02  -1.194877e+02
  1.1824519926755e+01   2.082029e+00   1.832360e-03   6.204587e+01   3.083906e-02   3.046040e-03   3.028003e-01   6.648203e-01   2.297249e-02  -1.194882e+02
  1.1826717792913e+01   2.082033e+00   1.633243e-03   6.204501e+01   3.084583e-02   3.113512e-03   3.020302e-01   6.648712e-01   2.334679e-02  -1.194886e+02
  1.1828915659070e+01   2.082036e+00   1.442291e-03   6.204414e+01   3.085274e-02   3.182295e-03   3.012710e-01   6.649230e-01   2.371967e-02  -1.194890e+02
  1.1831113525228e+01   2.082039e+00   1.259490e-03   6.204325e+01   3.085981e-02   3.252305e-03   3.005240e-01   6.649755e-01   2.409096e-02  -1.194893e+02
  1.1833311391385e+01   2.082042e+00   1.084817e-03   6.204234e+01   3.086704e-02   3.323459e-03   2.997907e-01   6.650288e-01   2.446048e-02  -1.194896e+02
  1.1835509257542e+01   2.082044e+00   9.182438e-04   6.204141e+01   3.087443e-02   3.395672e-03   2.990725e-01   6.650830e-01   2.482809e-02  -1.194899e+02
  1.1837707123700e+01   2.082046e+00   7.597340e-04   6.204047e+01   3.088197e-02   3.468861e-03   2.983707e-01   6.651379e-01   2.519363e-02  -1.194902e+02
  1.1839904989857e+01   2.082047e+00   6.092460e-04   6.203950e+01   3.088968e-02   3.542942e-03   2.976866e-01   6.651937e-01   2.555699e-02  -1.194904e+02
  1.1842102856015e+01   2.082049e+00   4.667322e-04   6.203851e+01   3.089754e-02   3.617830e-03   2.970215e-01   6.652503e-01   2.591805e-02  -1.194906e+02
  1.1844300722172e+01   2.082050e+00   3.321391e-04   6.203750e+01   3.090558e-02   3.693443e-03   2.963767e-01   6.653076e-01   2.627669e-02  -1.194907e+02
  1.1846498588329e+01   2.082050e+00   2.054079e-04   6.203647e+01   3.091378e-02   3.769697e-03   2.957532e-01   6.653658e-01   2.663282e-02  -1.194908e+02
  1.1848696454487e+01   2.082050e+00   8.647463e-05   6.203542e+01   3.092215e-02   3.846510e-03   2.951522e-01   6.654247e-01   2.698634e-02  -1.194909e+02
  1.1850894320644e+01   2.082050e+00  -2.472958e-05   6.203434e+01   3.093069e-02   3.923799e-03   2.945748e-01   6.654844e-01   2.733718e-02  -1.194910e+02
  1.1853092186801e+01   2.082050e+00  -1.282783e-04   6.203324e+01   3.093940e-02   4.001484e-03   2.940218e-01   6.655449e-01   2.768524e-02  -1.194910e+02
  1.1855290052959e+01   2.082050e+00  -2.242498e-04   6.203211e+01   3.094828e-02   4.079482e-03   2.934944e-01   6.656061e-01   2.803046e-02  -1.194910e+02
  1.1857487919116e+01   2.082049e+00  -3.127264e-04   6.203096e+01   3.095733e-02   4.157714e-03   2.929932e-01   6.656681e-01   2.837276e-02  -1.194909e+02
  1.1859685785274e+01   2.082048e+00  -3.937946e-04   6.202978e+01   3.096656e-02   4.236099e-03   2.925191e-01   6.657308e-01   2.871207e-02  -1.194908e+02
  1.1861883651431e+01   2.082047e+00  -4.675451e-04   6.202857e+01   3.097595e-02   4.314560e-03   2.920727e-01   6.657943e-01   2.904833e-02  -1.194907e+02
  1.1864081517588e+01   2.082046e+00  -5.340719e-04   6.202734e+01   3.098552e-02   4.393016e-03   2.916548e-01   6.658584e-01   2.938147e-02  -1.194906e+02
  1.1866279383746e+01   2.082045e+00  -5.934728e-04   6.202608e+01   3.099526e-02   4.471391e-03   2.912659e-01   6.659234e-01   2.971143e-02  -1.194904e+02
  1.1868477249903e+01   2.082044e+00  -6.458489e-04   6.202478e+01   3.100518e-02   4.549608e-03   2.909064e-01   6.659890e-01   3.003814e-02  -1.194902e+02
  1.1870675116061e+01   2.082042e+00  -6.913047e-04   6.202346e+01   3.101526e-02   4.627589e-03   2.905768e-01   6.660554e-01   3.036152e-02  -1.194900e+02
  1.1872872982218e+01   2.082041e+00  -7.299474e-04   6.202211e+01   3.102552e-02   4.705261e-03   2.902775e-01   6.661225e-01   3.068152e-02  -1.194897e+02
  1.1875070848375e+01   2.082039e+00  -7.618876e-04   6.202073e+01   3.103594e-02   4.782548e-03   2.900087e-01   6.661903e-01   3.099805e-02  -1.194894e+02
  1.1877268714533e+01   2.082037e+00  -7.872385e-04   6.201931e+01   3.104654e-02   4.859378e-03   2.897705e-01   6.662588e-01   3.131105e-02  -1.194891e+02
  1.1879466580690e+01   2.082036e+00  -8.061163e-04   6.201787e+01   3.105730e-02   4.935678e-03   2.895631e-01   6.663279e-01   3.162044e-02  -1.194887e+02
  1.1881664446848e+01   2.082034e+00  -8.186398e-04   6.201640e+01   3.106824e-02   5.011376e-03   2.893865e-01   6.663978e-01   3.192613e-02  -1.194883e+02
  1.1883862313005e+01   2.082032e+00  -8.249307e-04   6.201489e+01   3.107933e-02   5.086405e-03   2.892406e-01   6.664683e-01   3.222803e-02  -1.194879e+02
  1.1886060179162e+01   2.082030e+00  -8.251132e-04   6.201335e+01   3.109059e-02   5.160694e-03   2.891254e-01   6.665394e-01   3.252607e-02  -1.194874e+02
  1.1888258045320e+01   2.082028e+00  -8.193148e-04   6.201178e+01   3.110202e-02   5.234177e-03   2.890407e-01   6.666113e-01   3.282014e-02  -1.194869e+02
  1.1890455911477e+01   2.082026e+00  -8.076655e-04   6.201019e+01   3.111360e-02   5.306790e-03   2.889861e-01   6.666837e-01   3.311015e-02  -1.194863e+02
  1.1892653777634e+01   2.082025e+00  -7.902984e-04   6.200856e+01   3.112534e-02   5.378468e-03   2.889614e-01   6.667568e-01   3.339600e-02  -1.194857e+02
  1.1894851643792e+01   2.082023e+00  -7.673496e-04   6.200690e+01   3.113724e-02   5.449151e-03   2.889661e-01   6.668305e-01   3.367757e-02  -1.194851e+02
  1.1897049509949e+01   2.082021e+00  -7.389585e-04   6.200521e+01   3.114930e-02   5.518780e-03   2.889997e-01   6.669049e-01   3.395477e-02  -1.194844e+02
  1.1899247376107e+01   2.082020e+00  -7.052672e-04   6.200350e+01   3.116150e-02   5.587299e-03   2.890618e-01   6.669798e-01   3.422748e-02  -1.194837e+02
  1.1901445242264e+01   2.082018e+00  -6.664215e-04   6.200176e+01   3.117386e-02   5.654655e-03   2.891518e-01   6.670553e-01   3.449558e-02  -1.194829e+02
  1.1903643108421e+01   2.082017e+00  -6.225704e-04   6.199999e+01   3.118636e-02   5.720797e-03   2.892689e-01   6.671314e-01   3.475896e-02  -1.194821e+02
  1.1905840974579e+01   2.082016e+00  -5.738662e-04   6.199820e+01   3.119900e-02   5.785677e-03   2.894125e-01   6.672081e-01   3.501749e-02  -1.194813e+02
  1.1908038840736e+01   2.082014e+00  -5.204652e-04   6.199639e+01   3.121179e-02   5.849251e-03   2.895818e-01   6.672853e-01   3.527105e-02  -1.194804e+02
  1.1910236706894e+01   2.082013e+00  -4.625275e-04   6.199456e+01   3.122471e-02   5.911480e-03   2.897759e-01   6.673631e-01   3.551951e-02  -1.194795e+02
  1.1912434573051e+01   2.082012e+00  -4.002171e-04   6.199270e+01   3.123777e-02   5.972326e-03   2.899940e-01   6.674414e-01   3.576276e-02  -1.194785e+02
  1.1914632439208e+01   2.082011e+00  -3.337021e-04   6.199083e+01   3.125096e-02   6.031756e-03   2.902352e-01   6.675203e-01   3.600066e-02  -1.194775e+02
  1.1916830305366e+01   2.082011e+00  -2.631549e-04   6.198895e+01   3.126428e-02   6.089743e-03   2.904985e-01   6.675997e-01   3.623308e-02  -1.194764e+02
  1.1919028171523e+01   2.082010e+00  -1.887520e-04   6.198704e+01   3.127773e-02   6.146260e-03   2.907830e-01   6.676795e-01   3.645991e-02  -1.194753e+02
  1.1921226037681e+01   2.082010e+00  -1.106740e-04   6.198513e+01   3.129130e-02   6.201288e-03   2.910874e-01   6.677600e-01   3.668102e-02  -1.194742e+02
  1.1923423903838e+01   2.082010e+00  -2.910563e-05   6.198320e+01   3.130499e-02   6.254809e-03   2.914109e-01   6.678408e-01   3.689627e-02  -1.194730e+02
  1.1925621769995e+01   2.082010e+00   5.576413e-05   6.198127e+01   3.131879e-02   6.306813e-03   2.917523e-01   6.679221e-01   3.710557e-02  -1.194718e+02
  1.1927819636153e+01   2.082010e+00   1.437424e-04   6.197934e+01   3.133271e-02   6.357291e-03   2.921104e-01   6.680039e-01   3.730878e-02  -1.194705e+02
  1.1930017502310e+01   2.082011e+00   2.346324e-04   6.197739e+01   3.134673e-02   6.406240e-03   2.924842e-01   6.680861e-01   3.750580e-02  -1.194692e+02
  1.1932215368467e+01   2.082011e+00   3.282336e-04   6.197545e+01   3.136087e-02   6.453661e-03   2.928723e-01   6.681688e-01   3.769651e-02  -1.194678e+02
  1.1934413234625e+01   2.082012e+00   4.243422e-04   6.197351e+01   3.137510e-02   6.499559e-03   2.932737e-01   6.682518e-01   3.788083e-02  -1.194664e+02
  1.1936611100782e+01   2.082013e+00   5.227512e-04   6.197157e+01   3.138944e-02   6.543944e-03   2.936872e-01   6.683353e-01   3.805864e-02  -1.194650e+02
  1.1938808966940e+01   2.082014e+00   6.232510e-04   6.196963e+01   3.140387e-02   6.586827e-03   2.941113e-01   6.684191e-01   3.822986e-02  -1.194635e+02
  1.1941006833097e+01   2.082016e+00   7.256297e-04   6.196770e+01   3.141839e-02   6.628225e-03   2.945451e-01   6.685033e-01   3.839442e-02  -1.194620e+02
  1.1943204699254e+01   2.082017e+00   8.296733e-04   6.196579e+01   3.143300e-02   6.668158e-03   2.949872e-01   6.685879e-01   3.855222e-02  -1.194604e+02
  1.1945402565412e+01   2.082019e+00   9.351664e-04   6.196388e+01   3.144769e-02   6.706647e-03   2.954364e-01   6.686728e-01   3.870322e-02  -1.194588e+02
  1.1947600431569e+01   2.082021e+00   1.041893e-03   6.196199e+01   3.146248e-02   6.743718e-03   2.958914e-01   6.687580e-01   3.884735e-02  -1.194571e+02
  1.1949798297727e+01   2.082024e+00   1.149635e-03   6.196011e+01   3.147734e-02   6.779398e-03   2.963510e-01   6.688436e-01   3.898457e-02  -1.194555e+02
  1.1951996163884e+01   2.082026e+00   1.258177e-03   6.195825e+01   3.149227e-02   6.813717e-03   2.968140e-01   6.689294e-01   3.911484e-02  -1.194538e+02
  1.1954194030041e+01   2.082029e+00   1.367301e-03   6.195641e+01   3.150729e-02   6.846704e-03   2.972791e-01   6.690155e-01   3.923815e-02  -1.194520e+02
  1.1956391896199e+01   2.082032e+00   1.476793e-03   6.195459e+01   3.152237e-02   6.878392e-03   2.977452e-01   6.691019e-01   3.935448e-02  -1.194502e+02
  1.1958589762356e+01   2.082036e+00   1.586440e-03   6.195279e+01   3.153752e-02   6.908813e-03   2.982110e-01   6.691885e-01   3.946382e-02  -1.194484e+02
  1.1960787628514e+01   2.082039e+00   1.696030e-03   6.195101e+01   3.155274e-02   6.938002e-03   2.986754e-01   6.692753e-01   3.956621e-02  -1.194466e+02
  1.1962985494671e+01   2.082043e+00   1.805356e-03   6.194926e+01   3.156802e-02   6.965989e-03   2.991373e-01   6.693624e-01   3.966165e-02  -1.194448e+02
  1.1965183360828e+01   2.082047e+00   1.914214e-03   6.194754e+01   3.158336e-02   6.992810e-03   2.995954e-01   6.694497e-01   3.975020e-02  -1.194429e+02
  1.1967381226986e+01   2.082051e+00   2.022403e-03   6.194585e+01   3.159876e-02   7.018496e-03   3.000488e-01   6.695371e-01   3.983191e-02  -1.194410e+02
  1.1969579093143e+01   2.082056e+00   2.129728e-03   6.194418e+01   3.161421e-02   7.043079e-03   3.004963e-01   6.696247e-01   3.990684e-02  -1.194391e+02
  1.1971776959300e+01   2.082061e+00   2.235998e-03   6.194255e+01   3.162972e-02   7.066588e-03   3.009369e-01   6.697125e-01   3.997510e-02  -1.194371e+02
  1.1973974825458e+01   2.082066e+00   2.341028e-03   6.194094e+01   3.164527e-02   7.089053e-03   3.013696e-01   6.698005e-01   4.003675e-02  -1.194352e+02
  1.1976172691615e+01   2.082071e+00   2.444639e-03   6.193937e+01   3.166088e-02   7.110501e-03   3.017934e-01   6.698885e-01   4.009194e-02  -1.194332e+02
  1.1978370557773e+01   2.082076e+00   2.546657e-03   6.193783e+01   3.167653e-02   7.130957e-03   3.022075e-01   6.699767e-01   4.014077e-02  -1.194312e+02
  1.1980568423930e+01   2.082082e+00   2.646917e-03   6.193632e+01   3.169222e-02   7.150443e-03   3.026109e-01   6.700649e-01   4.018340e-02  -1.194293e+02
  1.1982766290087e+01   2.082088e+00   2.745257e-03   6.193484e+01   3.170796e-02   7.168982e-03   3.030029e-01   6.701533e-01   4.021997e-02  -1.194273e+02
  1.1984964156245e+01   2.082094e+00   2.841528e-03   6.193340e+01   3.172373e-02   7.186592e-03   3.033826e-01   6.702417e-01   4.025067e-02  -1.194253e+02
  1.1987162022402e+01   2.082101e+00   2.935581e-03   6.193199e+01   3.173955e-02   7.203289e-03   3.037494e-01   6.703302e-01   4.027567e-02  -1.194233e+02
  1.1989359888560e+01   2.082107e+00   3.027281e-03   6.193061e+01   3.175540e-02   7.219089e-03   3.041027e-01   6.704187e-01   4.029517e-02  -1.194214e+02
  1.1991557754717e+01   2.082114e+00   3.116495e-03   6.192926e+01   3.177128e-02   7.234003e-03   3.044416e-01   6.705073e-01   4.030937e-02  -1.194194e+02
  1.1993755620874e+01   2.082121e+00   3.203102e-03   6.192795e+01   3.178719e-02   7.248044e-03   3.047659e-01   6.705959e-01   4.031852e-02  -1.194174e+02
  1.1995953487032e+01   2.082128e+00   3.286986e-03   6.192667e+01   3.180314e-02   7.261220e-03   3.050749e-01   6.706846e-01   4.032282e-02  -1.194155e+02
  1.1998151353189e+01   2.082135e+00   3.368041e-03   6.192542e+01   3.181911e-02   7.273539e-03   3.053682e-01   6.707732e-01   4.032253e-02  -1.194136e+02
