# problem=TPV31
# author=Thomas ULRICH
# date=13-May-2015
# code=SeisSol (ADER-DG)
# code_version=revision 2280
# Background stress is assigned to each individual Gaussian integation point (GP)
# element_size=150/85/230/253 m on fault (each layer) 1500/2000/3000/5000m far away Growth rate 1.05
# 7,30e6 tetra elements
# order of approximation in space and time= O4
# time_step= 4.875292e-03
# num_time_steps= 3076
# location= on fault, 0 m along strike, 12000 m down-dip
# Column #1 = Time (s)
# Column #2 = horizontal slip (m)
# Column #3 = horizontal slip rate (m/s)
# Column #4 = horizontal shear stress (MPa)
# Column #5 = vertical slip (m)
# Column #6 = vertical slip rate (m/s)
# Column #7 = vertical shear stress (MPa)
# Column #8 = normal stress (MPa)
#
# The line below lists the names of the data fields:
t h-slip h-slip-rate h-shear-stress v-slip v-slip-rate v-shear-stress n-stress
#
# Time-series data:
  4.8752924848920e-03   0.0000000e+00   0.0000000e+00   4.0564178e+01   0.0000000e+00   0.0000000e+00  -4.9675150e-15  -8.1128355e+01
  9.7505849697840e-03   0.0000000e+00   0.0000000e+00   4.0564178e+01   0.0000000e+00   0.0000000e+00  -4.9675150e-15  -8.1128355e+01
  1.4625877454676e-02   0.0000000e+00   0.0000000e+00   4.0564178e+01   0.0000000e+00   0.0000000e+00  -4.9675150e-15  -8.1128355e+01
  1.9501169939568e-02   0.0000000e+00   0.0000000e+00   4.0564178e+01   0.0000000e+00   0.0000000e+00  -4.9675150e-15  -8.1128355e+01
  2.4376462424460e-02   0.0000000e+00   0.0000000e+00   4.0564178e+01   0.0000000e+00   0.0000000e+00  -4.9675150e-15  -8.1128355e+01
  2.9251754909352e-02   0.0000000e+00   0.0000000e+00   4.0564178e+01   0.0000000e+00   0.0000000e+00  -4.9675150e-15  -8.1128355e+01
  3.4127047394244e-02   0.0000000e+00   0.0000000e+00   4.0564178e+01   0.0000000e+00   0.0000000e+00  -4.9675150e-15  -8.1128355e+01
  3.9002339879136e-02   0.0000000e+00   0.0000000e+00   4.0564178e+01   0.0000000e+00   0.0000000e+00  -4.9675150e-15  -8.1128355e+01
  4.3877632364028e-02   0.0000000e+00   0.0000000e+00   4.0564178e+01   0.0000000e+00   0.0000000e+00  -4.9675150e-15  -8.1128355e+01
  4.8752924848920e-02   0.0000000e+00   0.0000000e+00   4.0564178e+01   0.0000000e+00   0.0000000e+00  -4.9675148e-15  -8.1128355e+01
  5.3628217333812e-02   0.0000000e+00   0.0000000e+00   4.0564178e+01   0.0000000e+00   0.0000000e+00  -4.9675150e-15  -8.1128355e+01
  5.8503509818704e-02   0.0000000e+00   0.0000000e+00   4.0564178e+01   0.0000000e+00   0.0000000e+00  -4.9675171e-15  -8.1128355e+01
  6.3378802303596e-02   0.0000000e+00   0.0000000e+00   4.0564178e+01   0.0000000e+00   0.0000000e+00  -4.9675041e-15  -8.1128355e+01
  6.8254094788488e-02   0.0000000e+00   0.0000000e+00   4.0564178e+01   0.0000000e+00   0.0000000e+00  -4.9675396e-15  -8.1128355e+01
  7.3129387273380e-02   0.0000000e+00   0.0000000e+00   4.0564178e+01   0.0000000e+00   0.0000000e+00  -4.9675083e-15  -8.1128355e+01
  7.8004679758272e-02   0.0000000e+00   0.0000000e+00   4.0564178e+01   0.0000000e+00   0.0000000e+00  -4.9673547e-15  -8.1128355e+01
  8.2879972243164e-02   0.0000000e+00   0.0000000e+00   4.0564178e+01   0.0000000e+00   0.0000000e+00  -4.9681309e-15  -8.1128355e+01
  8.7755264728056e-02   0.0000000e+00   0.0000000e+00   4.0564178e+01   0.0000000e+00   0.0000000e+00  -4.9665758e-15  -8.1128355e+01
  9.2630557212948e-02   0.0000000e+00   0.0000000e+00   4.0564178e+01   0.0000000e+00   0.0000000e+00  -4.9664004e-15  -8.1128355e+01
  9.7505849697840e-02   0.0000000e+00   0.0000000e+00   4.0564178e+01   0.0000000e+00   0.0000000e+00  -4.9758312e-15  -8.1128355e+01
  1.0238114218273e-01   0.0000000e+00   0.0000000e+00   4.0564178e+01   0.0000000e+00   0.0000000e+00  -4.9546683e-15  -8.1128355e+01
  1.0725643466762e-01   0.0000000e+00   0.0000000e+00   4.0564178e+01   0.0000000e+00   0.0000000e+00  -4.9513920e-15  -8.1128355e+01
  1.1213172715252e-01   0.0000000e+00   0.0000000e+00   4.0564178e+01   0.0000000e+00   0.0000000e+00  -5.0565640e-15  -8.1128355e+01
  1.1700701963741e-01   0.0000000e+00   0.0000000e+00   4.0564178e+01   0.0000000e+00   0.0000000e+00  -4.9033613e-15  -8.1128355e+01
  1.2188231212230e-01   0.0000000e+00   0.0000000e+00   4.0564178e+01   0.0000000e+00   0.0000000e+00  -4.6718225e-15  -8.1128355e+01
  1.2675760460719e-01   0.0000000e+00   0.0000000e+00   4.0564178e+01   0.0000000e+00   0.0000000e+00  -5.5659824e-15  -8.1128355e+01
  1.3163289709208e-01   0.0000000e+00   0.0000000e+00   4.0564178e+01   0.0000000e+00   0.0000000e+00  -5.5459143e-15  -8.1128355e+01
  1.3650818957698e-01   0.0000000e+00   0.0000000e+00   4.0564178e+01   0.0000000e+00   0.0000000e+00  -2.2631755e-15  -8.1128355e+01
  1.4138348206187e-01   0.0000000e+00   0.0000000e+00   4.0564178e+01   0.0000000e+00   0.0000000e+00  -4.6948211e-15  -8.1128355e+01
  1.4625877454676e-01   0.0000000e+00   0.0000000e+00   4.0564178e+01   0.0000000e+00   0.0000000e+00  -1.4429970e-14  -8.1128355e+01
  1.5113406703165e-01   0.0000000e+00   0.0000000e+00   4.0564178e+01   0.0000000e+00   0.0000000e+00  -1.7525686e-15  -8.1128355e+01
  1.5600935951654e-01   0.0000000e+00   0.0000000e+00   4.0564178e+01   0.0000000e+00   0.0000000e+00   2.4118744e-14  -8.1128355e+01
  1.6088465200143e-01   0.0000000e+00   0.0000000e+00   4.0564178e+01   0.0000000e+00   0.0000000e+00  -2.2324235e-14  -8.1128355e+01
  1.6575994448633e-01   0.0000000e+00   0.0000000e+00   4.0564178e+01   0.0000000e+00   0.0000000e+00  -8.8021757e-14  -8.1128355e+01
  1.7063523697122e-01   0.0000000e+00   0.0000000e+00   4.0564178e+01   0.0000000e+00   0.0000000e+00   5.4222311e-14  -8.1128355e+01
  1.7551052945611e-01   0.0000000e+00   0.0000000e+00   4.0564178e+01   0.0000000e+00   0.0000000e+00   2.2121247e-13  -8.1128355e+01
  1.8038582194100e-01   0.0000000e+00   0.0000000e+00   4.0564178e+01   0.0000000e+00   0.0000000e+00  -1.6183784e-13  -8.1128355e+01
  1.8526111442589e-01   0.0000000e+00   0.0000000e+00   4.0564178e+01   0.0000000e+00   0.0000000e+00  -5.9721507e-13  -8.1128355e+01
  1.9013640691078e-01   0.0000000e+00   0.0000000e+00   4.0564178e+01   0.0000000e+00   0.0000000e+00   3.2122457e-13  -8.1128355e+01
  1.9501169939568e-01   0.0000000e+00   0.0000000e+00   4.0564178e+01   0.0000000e+00   0.0000000e+00   1.4766051e-12  -8.1128355e+01
  1.9988699188057e-01   0.0000000e+00   0.0000000e+00   4.0564178e+01   0.0000000e+00   0.0000000e+00  -4.6314263e-13  -8.1128355e+01
  2.0476228436546e-01   0.0000000e+00   0.0000000e+00   4.0564178e+01   0.0000000e+00   0.0000000e+00  -3.4807966e-12  -8.1128355e+01
  2.0963757685035e-01   0.0000000e+00   0.0000000e+00   4.0564178e+01   0.0000000e+00   0.0000000e+00  -2.0228903e-14  -8.1128355e+01
  2.1451286933524e-01   0.0000000e+00   0.0000000e+00   4.0564178e+01   0.0000000e+00   0.0000000e+00   7.4214980e-12  -8.1128355e+01
  2.1938816182013e-01   0.0000000e+00   0.0000000e+00   4.0564178e+01   0.0000000e+00   0.0000000e+00   2.8274985e-12  -8.1128355e+01
  2.2426345430502e-01   0.0000000e+00   0.0000000e+00   4.0564178e+01   0.0000000e+00   0.0000000e+00  -1.3828103e-11  -8.1128355e+01
  2.2913874678992e-01   0.0000000e+00   0.0000000e+00   4.0564178e+01   0.0000000e+00   0.0000000e+00  -1.1844876e-11  -8.1128355e+01
  2.3401403927481e-01   0.0000000e+00   0.0000000e+00   4.0564178e+01   0.0000000e+00   0.0000000e+00   2.0612112e-11  -8.1128355e+01
  2.3888933175970e-01   0.0000000e+00   0.0000000e+00   4.0564178e+01   0.0000000e+00   0.0000000e+00   3.2855988e-11  -8.1128355e+01
  2.4376462424459e-01   0.0000000e+00   0.0000000e+00   4.0564178e+01   0.0000000e+00   0.0000000e+00  -1.8920466e-11  -8.1128355e+01
  2.4863991672948e-01   0.0000000e+00   0.0000000e+00   4.0564178e+01   0.0000000e+00   0.0000000e+00  -6.9122031e-11  -8.1128355e+01
  2.5351520921437e-01   0.0000000e+00   0.0000000e+00   4.0564178e+01   0.0000000e+00   0.0000000e+00  -1.0897605e-11  -8.1128355e+01
  2.5839050169927e-01   0.0000000e+00   0.0000000e+00   4.0564178e+01   0.0000000e+00   0.0000000e+00   1.0812763e-10  -8.1128355e+01
  2.6326579418416e-01   0.0000000e+00   0.0000000e+00   4.0564178e+01   0.0000000e+00   0.0000000e+00   9.2623834e-11  -8.1128355e+01
  2.6814108666905e-01   0.0000000e+00   0.0000000e+00   4.0564178e+01   0.0000000e+00   0.0000000e+00  -1.0358577e-10  -8.1128355e+01
  2.7301637915394e-01   0.0000000e+00   0.0000000e+00   4.0564178e+01   0.0000000e+00   0.0000000e+00  -2.2160566e-10  -8.1128355e+01
  2.7789167163883e-01   0.0000000e+00   0.0000000e+00   4.0564178e+01   0.0000000e+00   0.0000000e+00  -2.1932022e-11  -8.1128355e+01
  2.8276696412372e-01   0.0000000e+00   0.0000000e+00   4.0564178e+01   0.0000000e+00   0.0000000e+00   3.0628716e-10  -8.1128355e+01
  2.8764225660861e-01   0.0000000e+00   0.0000000e+00   4.0564178e+01   0.0000000e+00   0.0000000e+00   3.0311170e-10  -8.1128355e+01
  2.9251754909351e-01   0.0000000e+00   0.0000000e+00   4.0564178e+01   0.0000000e+00   0.0000000e+00  -1.4827982e-10  -8.1128355e+01
  2.9739284157840e-01   0.0000000e+00   0.0000000e+00   4.0564178e+01   0.0000000e+00   0.0000000e+00  -5.7201728e-10  -8.1128355e+01
  3.0226813406329e-01   0.0000000e+00   0.0000000e+00   4.0564178e+01   0.0000000e+00   0.0000000e+00  -3.9817969e-10  -8.1128355e+01
  3.0714342654818e-01   0.0000000e+00   0.0000000e+00   4.0564178e+01   0.0000000e+00   0.0000000e+00   3.6511168e-10  -8.1128355e+01
  3.1201871903307e-01   0.0000000e+00   0.0000000e+00   4.0564178e+01   0.0000000e+00   0.0000000e+00   1.0202512e-09  -8.1128355e+01
  3.1689401151796e-01   0.0000000e+00   0.0000000e+00   4.0564178e+01   0.0000000e+00   0.0000000e+00   7.2694797e-10  -8.1128355e+01
  3.2176930400286e-01   0.0000000e+00   0.0000000e+00   4.0564178e+01   0.0000000e+00   0.0000000e+00  -6.6922737e-10  -8.1128355e+01
  3.2664459648775e-01   0.0000000e+00   0.0000000e+00   4.0564178e+01   0.0000000e+00   0.0000000e+00  -2.0739701e-09  -8.1128355e+01
  3.3151988897264e-01   0.0000000e+00   0.0000000e+00   4.0564178e+01   0.0000000e+00   0.0000000e+00  -1.6358330e-09  -8.1128355e+01
  3.3639518145753e-01   0.0000000e+00   0.0000000e+00   4.0564178e+01   0.0000000e+00   0.0000000e+00   1.3310261e-09  -8.1128355e+01
  3.4127047394242e-01   0.0000000e+00   0.0000000e+00   4.0564178e+01   0.0000000e+00   0.0000000e+00   4.4865124e-09  -8.1128355e+01
  3.4614576642731e-01   0.0000000e+00   0.0000000e+00   4.0564178e+01   0.0000000e+00   0.0000000e+00   3.5982526e-09  -8.1128355e+01
  3.5102105891221e-01   0.0000000e+00   0.0000000e+00   4.0564178e+01   0.0000000e+00   0.0000000e+00  -2.7242634e-09  -8.1128355e+01
  3.5589635139710e-01   0.0000000e+00   0.0000000e+00   4.0564178e+01   0.0000000e+00   0.0000000e+00  -9.2808982e-09  -8.1128355e+01
  3.6077164388199e-01   0.0000000e+00   0.0000000e+00   4.0564178e+01   0.0000000e+00   0.0000000e+00  -7.5505405e-09  -8.1128355e+01
  3.6564693636688e-01   0.0000000e+00   0.0000000e+00   4.0564178e+01   0.0000000e+00   0.0000000e+00   4.7496709e-09  -8.1128355e+01
  3.7052222885177e-01   0.0000000e+00   0.0000000e+00   4.0564178e+01   0.0000000e+00   0.0000000e+00   1.7617955e-08  -8.1128355e+01
  3.7539752133666e-01   0.0000000e+00   0.0000000e+00   4.0564178e+01   0.0000000e+00   0.0000000e+00   1.5644673e-08  -8.1128355e+01
  3.8027281382156e-01   0.0000000e+00   0.0000000e+00   4.0564178e+01   0.0000000e+00   0.0000000e+00  -5.6272800e-09  -8.1128355e+01
  3.8514810630645e-01   0.0000000e+00   0.0000000e+00   4.0564178e+01   0.0000000e+00   0.0000000e+00  -3.0139229e-08  -8.1128355e+01
  3.9002339879134e-01   0.0000000e+00   0.0000000e+00   4.0564178e+01   0.0000000e+00   0.0000000e+00  -3.1914020e-08  -8.1128355e+01
  3.9489869127623e-01   0.0000000e+00   0.0000000e+00   4.0564177e+01   0.0000000e+00   0.0000000e+00  -9.4117505e-11  -8.1128355e+01
  3.9977398376112e-01   0.0000000e+00   0.0000000e+00   4.0564177e+01   0.0000000e+00   0.0000000e+00   4.4546528e-08  -8.1128355e+01
  4.0464927624601e-01   0.0000000e+00   0.0000000e+00   4.0564178e+01   0.0000000e+00   0.0000000e+00   6.1097625e-08  -8.1128355e+01
  4.0952456873090e-01   0.0000000e+00   0.0000000e+00   4.0564178e+01   0.0000000e+00   0.0000000e+00   2.3401229e-08  -8.1128355e+01
  4.1439986121580e-01   0.0000000e+00   0.0000000e+00   4.0564178e+01   0.0000000e+00   0.0000000e+00  -5.0254657e-08  -8.1128355e+01
  4.1927515370069e-01   0.0000000e+00   0.0000000e+00   4.0564178e+01   0.0000000e+00   0.0000000e+00  -1.0212477e-07  -8.1128355e+01
  4.2415044618558e-01   0.0000000e+00   0.0000000e+00   4.0564177e+01   0.0000000e+00   0.0000000e+00  -7.7826252e-08  -8.1128355e+01
  4.2902573867047e-01   0.0000000e+00   0.0000000e+00   4.0564177e+01   0.0000000e+00   0.0000000e+00   2.3619971e-08  -8.1128355e+01
  4.3390103115536e-01   0.0000000e+00   0.0000000e+00   4.0564177e+01   0.0000000e+00   0.0000000e+00   1.3553792e-07  -8.1128355e+01
  4.3877632364025e-01   0.0000000e+00   0.0000000e+00   4.0564178e+01   0.0000000e+00   0.0000000e+00   1.6507340e-07  -8.1128355e+01
  4.4365161612515e-01   0.0000000e+00   0.0000000e+00   4.0564178e+01   0.0000000e+00   0.0000000e+00   6.6069181e-08  -8.1128355e+01
  4.4852690861004e-01   0.0000000e+00   0.0000000e+00   4.0564178e+01   0.0000000e+00   0.0000000e+00  -1.1207847e-07  -8.1128355e+01
  4.5340220109493e-01   0.0000000e+00   0.0000000e+00   4.0564178e+01   0.0000000e+00   0.0000000e+00  -2.4469221e-07  -8.1128355e+01
  4.5827749357982e-01   0.0000000e+00   0.0000000e+00   4.0564178e+01   0.0000000e+00   0.0000000e+00  -2.1707249e-07  -8.1128355e+01
  4.6315278606471e-01   0.0000000e+00   0.0000000e+00   4.0564177e+01   0.0000000e+00   0.0000000e+00  -1.7309430e-08  -8.1128355e+01
  4.6802807854960e-01   0.0000000e+00   0.0000000e+00   4.0564177e+01   0.0000000e+00   0.0000000e+00   2.3564410e-07  -8.1128355e+01
  4.7290337103450e-01   0.0000000e+00   0.0000000e+00   4.0564177e+01   0.0000000e+00   0.0000000e+00   3.6072300e-07  -8.1128355e+01
  4.7777866351939e-01   0.0000000e+00   0.0000000e+00   4.0564178e+01   0.0000000e+00   0.0000000e+00   2.4189872e-07  -8.1128355e+01
  4.8265395600428e-01   0.0000000e+00   0.0000000e+00   4.0564178e+01   0.0000000e+00   0.0000000e+00  -7.4736034e-08  -8.1128355e+01
  4.8752924848917e-01   0.0000000e+00   0.0000000e+00   4.0564178e+01   0.0000000e+00   0.0000000e+00  -3.9136461e-07  -8.1128355e+01
  4.9240454097406e-01   0.0000000e+00   0.0000000e+00   4.0564178e+01   0.0000000e+00   0.0000000e+00  -4.8264691e-07  -8.1128355e+01
  4.9727983345895e-01   0.0000000e+00   0.0000000e+00   4.0564177e+01   0.0000000e+00   0.0000000e+00  -2.5535896e-07  -8.1128355e+01
  5.0215512594385e-01   0.0000000e+00   0.0000000e+00   4.0564177e+01   0.0000000e+00   0.0000000e+00   1.7060622e-07  -8.1128355e+01
  5.0703041842874e-01   0.0000000e+00   0.0000000e+00   4.0564176e+01   0.0000000e+00   0.0000000e+00   5.2746395e-07  -8.1128355e+01
  5.1190571091363e-01   0.0000000e+00   0.0000000e+00   4.0564175e+01   0.0000000e+00   0.0000000e+00   5.7586202e-07  -8.1128355e+01
  5.1678100339852e-01   0.0000000e+00   0.0000000e+00   4.0564174e+01   0.0000000e+00   0.0000000e+00   2.7141803e-07  -8.1128355e+01
  5.2165629588341e-01   0.0000000e+00   0.0000000e+00   4.0564172e+01   0.0000000e+00   0.0000000e+00  -1.9998275e-07  -8.1128355e+01
  5.2653158836830e-01   0.0000000e+00   0.0000000e+00   4.0564169e+01   0.0000000e+00   0.0000000e+00  -5.4759836e-07  -8.1128355e+01
  5.3140688085319e-01   0.0000000e+00   0.0000000e+00   4.0564166e+01   0.0000000e+00   0.0000000e+00  -5.7286760e-07  -8.1128355e+01
  5.3628217333809e-01   0.0000000e+00   0.0000000e+00   4.0564163e+01   0.0000000e+00   0.0000000e+00  -2.9531914e-07  -8.1128355e+01
  5.4115746582298e-01   0.0000000e+00   0.0000000e+00   4.0564158e+01   0.0000000e+00   0.0000000e+00   8.0737231e-08  -8.1128355e+01
  5.4603275830787e-01   0.0000000e+00   0.0000000e+00   4.0564153e+01   0.0000000e+00   0.0000000e+00   3.2588880e-07  -8.1128355e+01
  5.5090805079276e-01   0.0000000e+00   0.0000000e+00   4.0564147e+01   0.0000000e+00   0.0000000e+00   3.4648958e-07  -8.1128355e+01
  5.5578334327765e-01   0.0000000e+00   0.0000000e+00   4.0564140e+01   0.0000000e+00   0.0000000e+00   2.2851257e-07  -8.1128355e+01
  5.6065863576255e-01   0.0000000e+00   0.0000000e+00   4.0564132e+01   0.0000000e+00   0.0000000e+00   1.4259378e-07  -8.1128355e+01
  5.6553392824744e-01   0.0000000e+00   0.0000000e+00   4.0564123e+01   0.0000000e+00   0.0000000e+00   1.9496995e-07  -8.1128355e+01
  5.7040922073233e-01   0.0000000e+00   0.0000000e+00   4.0564113e+01   0.0000000e+00   0.0000000e+00   3.4321461e-07  -8.1128355e+01
  5.7528451321722e-01   0.0000000e+00   0.0000000e+00   4.0564102e+01   0.0000000e+00   0.0000000e+00   4.3682791e-07  -8.1128355e+01
  5.8015980570211e-01   0.0000000e+00   0.0000000e+00   4.0564090e+01   0.0000000e+00   0.0000000e+00   3.4284001e-07  -8.1128355e+01
  5.8503509818700e-01   0.0000000e+00   0.0000000e+00   4.0564077e+01   0.0000000e+00   0.0000000e+00   5.4422096e-08  -8.1128355e+01
  5.8991039067189e-01   0.0000000e+00   0.0000000e+00   4.0564063e+01   0.0000000e+00   0.0000000e+00  -3.0016260e-07  -8.1128355e+01
  5.9478568315679e-01   0.0000000e+00   0.0000000e+00   4.0564047e+01   0.0000000e+00   0.0000000e+00  -5.5069941e-07  -8.1128355e+01
  5.9966097564168e-01   0.0000000e+00   0.0000000e+00   4.0564029e+01   0.0000000e+00   0.0000000e+00  -6.0566298e-07  -8.1128355e+01
  6.0453626812657e-01   0.0000000e+00   0.0000000e+00   4.0564010e+01   0.0000000e+00   0.0000000e+00  -5.0905814e-07  -8.1128355e+01
  6.0941156061146e-01   0.0000000e+00   0.0000000e+00   4.0563990e+01   0.0000000e+00   0.0000000e+00  -3.9464230e-07  -8.1128355e+01
  6.1428685309635e-01   0.0000000e+00   0.0000000e+00   4.0563968e+01   0.0000000e+00   0.0000000e+00  -3.7762886e-07  -8.1128355e+01
  6.1916214558124e-01   0.0000000e+00   0.0000000e+00   4.0563944e+01   0.0000000e+00   0.0000000e+00  -4.6926189e-07  -8.1128355e+01
  6.2403743806614e-01   0.0000000e+00   0.0000000e+00   4.0563919e+01   0.0000000e+00   0.0000000e+00  -5.7908466e-07  -8.1128355e+01
  6.2891273055103e-01   0.0000000e+00   0.0000000e+00   4.0563891e+01   0.0000000e+00   0.0000000e+00  -6.0122127e-07  -8.1128355e+01
  6.3378802303592e-01   0.0000000e+00   0.0000000e+00   4.0563861e+01   0.0000000e+00   0.0000000e+00  -5.1683109e-07  -8.1128355e+01
  6.3866331552081e-01   0.0000000e+00   0.0000000e+00   4.0563830e+01   0.0000000e+00   0.0000000e+00  -4.3185330e-07  -8.1128355e+01
  6.4353860800570e-01   0.0000000e+00   0.0000000e+00   4.0563796e+01   0.0000000e+00   0.0000000e+00  -5.1541805e-07  -8.1128355e+01
  6.4841390049059e-01   0.0000000e+00   0.0000000e+00   4.0563760e+01   0.0000000e+00   0.0000000e+00  -8.7597348e-07  -8.1128355e+01
  6.5328919297549e-01   0.0000000e+00   0.0000000e+00   4.0563722e+01   0.0000000e+00   0.0000000e+00  -1.4589058e-06  -8.1128355e+01
  6.5816448546038e-01   0.0000000e+00   0.0000000e+00   4.0563681e+01   0.0000000e+00   0.0000000e+00  -2.0393579e-06  -8.1128355e+01
  6.6303977794527e-01   0.0000000e+00   0.0000000e+00   4.0563637e+01   0.0000000e+00   0.0000000e+00  -2.3244547e-06  -8.1128355e+01
  6.6791507043016e-01   0.0000000e+00   0.0000000e+00   4.0563591e+01   0.0000000e+00   0.0000000e+00  -2.1102991e-06  -8.1128355e+01
  6.7279036291505e-01   0.0000000e+00   0.0000000e+00   4.0563542e+01   0.0000000e+00   0.0000000e+00  -1.4052365e-06  -8.1128355e+01
  6.7766565539994e-01   0.0000000e+00   0.0000000e+00   4.0563490e+01   0.0000000e+00   0.0000000e+00  -4.5084990e-07  -8.1128355e+01
  6.8254094788483e-01   0.0000000e+00   0.0000000e+00   4.0563435e+01   0.0000000e+00   0.0000000e+00   3.7031450e-07  -8.1128355e+01
  6.8741624036973e-01   0.0000000e+00   0.0000000e+00   4.0563376e+01   0.0000000e+00   0.0000000e+00   6.9263270e-07  -8.1128355e+01
  6.9229153285462e-01   0.0000000e+00   0.0000000e+00   4.0563315e+01   0.0000000e+00   0.0000000e+00   3.1507949e-07  -8.1128355e+01
  6.9716682533951e-01   0.0000000e+00   0.0000000e+00   4.0563250e+01   0.0000000e+00   0.0000000e+00  -7.2437413e-07  -8.1128355e+01
  7.0204211782440e-01   0.0000000e+00   0.0000000e+00   4.0563181e+01   0.0000000e+00   0.0000000e+00  -2.1689855e-06  -8.1128355e+01
  7.0691741030929e-01   0.0000000e+00   0.0000000e+00   4.0563109e+01   0.0000000e+00   0.0000000e+00  -3.6337274e-06  -8.1128355e+01
  7.1179270279419e-01   0.0000000e+00   0.0000000e+00   4.0563033e+01   0.0000000e+00   0.0000000e+00  -4.7167924e-06  -8.1128355e+01
  7.1666799527908e-01   0.0000000e+00   0.0000000e+00   4.0562952e+01   0.0000000e+00   0.0000000e+00  -5.0899916e-06  -8.1128355e+01
  7.2154328776397e-01   0.0000000e+00   0.0000000e+00   4.0562867e+01   0.0000000e+00   0.0000000e+00  -4.5551518e-06  -8.1128355e+01
  7.2641858024886e-01   0.0000000e+00   0.0000000e+00   4.0562777e+01   0.0000000e+00   0.0000000e+00  -3.0798122e-06  -8.1128355e+01
  7.3129387273375e-01   0.0000000e+00   0.0000000e+00   4.0562682e+01   0.0000000e+00   0.0000000e+00  -8.2719021e-07  -8.1128355e+01
  7.3616916521864e-01   0.0000000e+00   0.0000000e+00   4.0562583e+01   0.0000000e+00   0.0000000e+00   1.8273031e-06  -8.1128355e+01
  7.4104445770353e-01   0.0000000e+00   0.0000000e+00   4.0562479e+01   0.0000000e+00   0.0000000e+00   4.3250130e-06  -8.1128355e+01
  7.4591975018843e-01   0.0000000e+00   0.0000000e+00   4.0562370e+01   0.0000000e+00   0.0000000e+00   6.0295352e-06  -8.1128355e+01
  7.5079504267332e-01   0.0000000e+00   0.0000000e+00   4.0562258e+01   0.0000000e+00   0.0000000e+00   6.4051959e-06  -8.1128355e+01
  7.5567033515821e-01   0.0000000e+00   0.0000000e+00   4.0562140e+01   0.0000000e+00   0.0000000e+00   5.2145902e-06  -8.1128355e+01
  7.6054562764310e-01   0.0000000e+00   0.0000000e+00   4.0562018e+01   0.0000000e+00   0.0000000e+00   2.6485330e-06  -8.1128355e+01
  7.6542092012799e-01   0.0000000e+00   0.0000000e+00   4.0561890e+01   0.0000000e+00   0.0000000e+00  -6.8581335e-07  -8.1128355e+01
  7.7029621261288e-01   0.0000000e+00   0.0000000e+00   4.0561755e+01   0.0000000e+00   0.0000000e+00  -3.9331033e-06  -8.1128355e+01
  7.7517150509777e-01   0.0000000e+00   0.0000000e+00   4.0561614e+01   0.0000000e+00   0.0000000e+00  -6.2514597e-06  -8.1128355e+01
  7.8004679758267e-01   0.0000000e+00   0.0000000e+00   4.0561465e+01   0.0000000e+00   0.0000000e+00  -7.0578974e-06  -8.1128355e+01
  7.8492209006756e-01   0.0000000e+00   0.0000000e+00   4.0561307e+01   0.0000000e+00   0.0000000e+00  -6.1639344e-06  -8.1128355e+01
  7.8979738255245e-01   0.0000000e+00   0.0000000e+00   4.0561141e+01   0.0000000e+00   0.0000000e+00  -3.7752313e-06  -8.1128355e+01
  7.9467267503734e-01   0.0000000e+00   0.0000000e+00   4.0560966e+01   0.0000000e+00   0.0000000e+00  -3.9691287e-07  -8.1128355e+01
  7.9954796752223e-01   0.0000000e+00   0.0000000e+00   4.0560783e+01   0.0000000e+00   0.0000000e+00   3.2930254e-06  -8.1128355e+01
  8.0442326000713e-01   0.0000000e+00   0.0000000e+00   4.0560592e+01   0.0000000e+00   0.0000000e+00   6.5683829e-06  -8.1128355e+01
  8.0929855249202e-01   0.0000000e+00   0.0000000e+00   4.0560394e+01   0.0000000e+00   0.0000000e+00   8.7804142e-06  -8.1128355e+01
  8.1417384497691e-01   0.0000000e+00   0.0000000e+00   4.0560190e+01   0.0000000e+00   0.0000000e+00   9.4915699e-06  -8.1128355e+01
  8.1904913746180e-01   0.0000000e+00   0.0000000e+00   4.0559981e+01   0.0000000e+00   0.0000000e+00   8.5955389e-06  -8.1128355e+01
  8.2392442994669e-01   0.0000000e+00   0.0000000e+00   4.0559767e+01   0.0000000e+00   0.0000000e+00   6.3758582e-06  -8.1128355e+01
  8.2879972243158e-01   0.0000000e+00   0.0000000e+00   4.0559550e+01   0.0000000e+00   0.0000000e+00   3.4636691e-06  -8.1128355e+01
  8.3367501491647e-01   0.0000000e+00   0.0000000e+00   4.0559329e+01   0.0000000e+00   0.0000000e+00   6.9244975e-07  -8.1128355e+01
  8.3855030740137e-01   0.0000000e+00   0.0000000e+00   4.0559106e+01   0.0000000e+00   0.0000000e+00  -1.1167541e-06  -8.1128355e+01
  8.4342559988626e-01   0.0000000e+00   0.0000000e+00   4.0558880e+01   0.0000000e+00   0.0000000e+00  -1.3895041e-06  -8.1128355e+01
  8.4830089237115e-01   0.0000000e+00   0.0000000e+00   4.0558651e+01   0.0000000e+00   0.0000000e+00   5.6042211e-09  -8.1128355e+01
  8.5317618485604e-01   0.0000000e+00   0.0000000e+00   4.0558420e+01   0.0000000e+00   0.0000000e+00   2.6624780e-06  -8.1128355e+01
  8.5805147734093e-01   0.0000000e+00   0.0000000e+00   4.0558185e+01   0.0000000e+00   0.0000000e+00   5.7003049e-06  -8.1128355e+01
  8.6292676982582e-01   0.0000000e+00   0.0000000e+00   4.0557947e+01   0.0000000e+00   0.0000000e+00   7.9924058e-06  -8.1128355e+01
  8.6780206231072e-01   0.0000000e+00   0.0000000e+00   4.0557704e+01   0.0000000e+00   0.0000000e+00   8.4997315e-06  -8.1128355e+01
  8.7267735479561e-01   0.0000000e+00   0.0000000e+00   4.0557456e+01   0.0000000e+00   0.0000000e+00   6.6003178e-06  -8.1128355e+01
  8.7755264728050e-01   0.0000000e+00   0.0000000e+00   4.0557202e+01   0.0000000e+00   0.0000000e+00   2.3110943e-06  -8.1128355e+01
  8.8242793976539e-01   0.0000000e+00   0.0000000e+00   4.0556941e+01   0.0000000e+00   0.0000000e+00  -3.6640245e-06  -8.1128355e+01
  8.8730323225028e-01   0.0000000e+00   0.0000000e+00   4.0556671e+01   0.0000000e+00   0.0000000e+00  -1.0090211e-05  -8.1128355e+01
  8.9217852473517e-01   0.0000000e+00   0.0000000e+00   4.0556392e+01   0.0000000e+00   0.0000000e+00  -1.5552976e-05  -8.1128355e+01
  8.9705381722007e-01   0.0000000e+00   0.0000000e+00   4.0556104e+01   0.0000000e+00   0.0000000e+00  -1.8916898e-05  -8.1128355e+01
  9.0192910970496e-01   0.0000000e+00   0.0000000e+00   4.0555804e+01   0.0000000e+00   0.0000000e+00  -1.9699349e-05  -8.1128355e+01
  9.0680440218985e-01   0.0000000e+00   0.0000000e+00   4.0555494e+01   0.0000000e+00   0.0000000e+00  -1.8138156e-05  -8.1128355e+01
  9.1167969467474e-01   0.0000000e+00   0.0000000e+00   4.0555173e+01   0.0000000e+00   0.0000000e+00  -1.4880240e-05  -8.1128355e+01
  9.1655498715963e-01   0.0000000e+00   0.0000000e+00   4.0554840e+01   0.0000000e+00   0.0000000e+00  -1.0489582e-05  -8.1128355e+01
  9.2143027964452e-01   0.0000000e+00   0.0000000e+00   4.0554495e+01   0.0000000e+00   0.0000000e+00  -5.1413306e-06  -8.1128355e+01
  9.2630557212942e-01   0.0000000e+00   0.0000000e+00   4.0554138e+01   0.0000000e+00   0.0000000e+00   1.2631743e-06  -8.1128355e+01
  9.3118086461431e-01   0.0000000e+00   0.0000000e+00   4.0553767e+01   0.0000000e+00   0.0000000e+00   8.6892939e-06  -8.1128355e+01
  9.3605615709920e-01   0.0000000e+00   0.0000000e+00   4.0553384e+01   0.0000000e+00   0.0000000e+00   1.6668115e-05  -8.1128355e+01
  9.4093144958409e-01   0.0000000e+00   0.0000000e+00   4.0552987e+01   0.0000000e+00   0.0000000e+00   2.4400784e-05  -8.1128355e+01
  9.4580674206898e-01   0.0000000e+00   0.0000000e+00   4.0552574e+01   0.0000000e+00   0.0000000e+00   3.1179278e-05  -8.1128355e+01
  9.5068203455387e-01   0.0000000e+00   0.0000000e+00   4.0552146e+01   0.0000000e+00   0.0000000e+00   3.6731945e-05  -8.1128355e+01
  9.5555732703876e-01   0.0000000e+00   0.0000000e+00   4.0551701e+01   0.0000000e+00   0.0000000e+00   4.1170974e-05  -8.1128355e+01
  9.6043261952366e-01   0.0000000e+00   0.0000000e+00   4.0551238e+01   0.0000000e+00   0.0000000e+00   4.4575921e-05  -8.1128355e+01
  9.6530791200855e-01   0.0000000e+00   0.0000000e+00   4.0550758e+01   0.0000000e+00   0.0000000e+00   4.6559621e-05  -8.1128355e+01
  9.7018320449344e-01   0.0000000e+00   0.0000000e+00   4.0550258e+01   0.0000000e+00   0.0000000e+00   4.6183551e-05  -8.1128355e+01
  9.7505849697833e-01   0.0000000e+00   0.0000000e+00   4.0549738e+01   0.0000000e+00   0.0000000e+00   4.2335657e-05  -8.1128355e+01
  9.7993378946322e-01   0.0000000e+00   0.0000000e+00   4.0549198e+01   0.0000000e+00   0.0000000e+00   3.4357700e-05  -8.1128355e+01
  9.8480908194811e-01   0.0000000e+00   0.0000000e+00   4.0548637e+01   0.0000000e+00   0.0000000e+00   2.2534540e-05  -8.1128355e+01
  9.8968437443301e-01   0.0000000e+00   0.0000000e+00   4.0548053e+01   0.0000000e+00   0.0000000e+00   8.1459433e-06  -8.1128355e+01
  9.9455966691790e-01   0.0000000e+00   0.0000000e+00   4.0547446e+01   0.0000000e+00   0.0000000e+00  -6.9349186e-06  -8.1128355e+01
  9.9943495940279e-01   0.0000000e+00   0.0000000e+00   4.0546815e+01   0.0000000e+00   0.0000000e+00  -2.0834278e-05  -8.1128355e+01
  1.0043102518877e+00   0.0000000e+00   0.0000000e+00   4.0546159e+01   0.0000000e+00   0.0000000e+00  -3.2116691e-05  -8.1128355e+01
  1.0091855443726e+00   0.0000000e+00   0.0000000e+00   4.0545477e+01   0.0000000e+00   0.0000000e+00  -3.9884518e-05  -8.1128355e+01
  1.0140608368575e+00   0.0000000e+00   0.0000000e+00   4.0544767e+01   0.0000000e+00   0.0000000e+00  -4.3632751e-05  -8.1128355e+01
  1.0189361293424e+00   0.0000000e+00   0.0000000e+00   4.0544028e+01   0.0000000e+00   0.0000000e+00  -4.3126951e-05  -8.1128355e+01
  1.0238114218273e+00   0.0000000e+00   0.0000000e+00   4.0543259e+01   0.0000000e+00   0.0000000e+00  -3.8477450e-05  -8.1128355e+01
  1.0286867143121e+00   0.0000000e+00   0.0000000e+00   4.0542457e+01   0.0000000e+00   0.0000000e+00  -3.0313754e-05  -8.1128355e+01
  1.0335620067970e+00   0.0000000e+00   0.0000000e+00   4.0541622e+01   0.0000000e+00   0.0000000e+00  -1.9804925e-05  -8.1128355e+01
  1.0384372992819e+00   0.0000000e+00   0.0000000e+00   4.0540753e+01   0.0000000e+00   0.0000000e+00  -8.3923165e-06  -8.1128355e+01
  1.0433125917668e+00   0.0000000e+00   0.0000000e+00   4.0539846e+01   0.0000000e+00   0.0000000e+00   2.6265711e-06  -8.1128355e+01
  1.0481878842517e+00   0.0000000e+00   0.0000000e+00   4.0538902e+01   0.0000000e+00   0.0000000e+00   1.2366599e-05  -8.1128355e+01
  1.0530631767366e+00   0.0000000e+00   0.0000000e+00   4.0537916e+01   0.0000000e+00   0.0000000e+00   2.0287355e-05  -8.1128355e+01
  1.0579384692215e+00   0.0000000e+00   0.0000000e+00   4.0536888e+01   0.0000000e+00   0.0000000e+00   2.5893864e-05  -8.1128355e+01
  1.0628137617064e+00   0.0000000e+00   0.0000000e+00   4.0535813e+01   0.0000000e+00   0.0000000e+00   2.8524118e-05  -8.1128355e+01
  1.0676890541913e+00   0.0000000e+00   0.0000000e+00   4.0534691e+01   0.0000000e+00   0.0000000e+00   2.7451348e-05  -8.1128355e+01
  1.0725643466762e+00   0.0000000e+00   0.0000000e+00   4.0533517e+01   0.0000000e+00   0.0000000e+00   2.2216974e-05  -8.1128355e+01
  1.0774396391610e+00   0.0000000e+00   0.0000000e+00   4.0532291e+01   0.0000000e+00   0.0000000e+00   1.2923028e-05  -8.1128355e+01
  1.0823149316459e+00   0.0000000e+00   0.0000000e+00   4.0531009e+01   0.0000000e+00   0.0000000e+00   3.3478605e-07  -8.1128355e+01
  1.0871902241308e+00   0.0000000e+00   0.0000000e+00   4.0529670e+01   0.0000000e+00   0.0000000e+00  -1.4144361e-05  -8.1128355e+01
  1.0920655166157e+00   0.0000000e+00   0.0000000e+00   4.0528273e+01   0.0000000e+00   0.0000000e+00  -2.8560067e-05  -8.1128355e+01
  1.0969408091006e+00   0.0000000e+00   0.0000000e+00   4.0526818e+01   0.0000000e+00   0.0000000e+00  -4.0646728e-05  -8.1128355e+01
  1.1018161015855e+00   0.0000000e+00   0.0000000e+00   4.0525305e+01   0.0000000e+00   0.0000000e+00  -4.8338893e-05  -8.1128355e+01
  1.1066913940704e+00   0.0000000e+00   0.0000000e+00   4.0523738e+01   0.0000000e+00   0.0000000e+00  -5.0473105e-05  -8.1128355e+01
  1.1115666865553e+00   0.0000000e+00   0.0000000e+00   4.0522118e+01   0.0000000e+00   0.0000000e+00  -4.7364614e-05  -8.1128355e+01
  1.1164419790402e+00   0.0000000e+00   0.0000000e+00   4.0520451e+01   0.0000000e+00   0.0000000e+00  -4.0893564e-05  -8.1128355e+01
  1.1213172715251e+00   0.0000000e+00   0.0000000e+00   4.0518737e+01   0.0000000e+00   0.0000000e+00  -3.3916936e-05  -8.1128355e+01
  1.1261925640100e+00   0.0000000e+00   0.0000000e+00   4.0516977e+01   0.0000000e+00   0.0000000e+00  -2.9157640e-05  -8.1128355e+01
  1.1310678564949e+00   0.0000000e+00   0.0000000e+00   4.0515169e+01   0.0000000e+00   0.0000000e+00  -2.8057625e-05  -8.1128355e+01
  1.1359431489798e+00   0.0000000e+00   0.0000000e+00   4.0513310e+01   0.0000000e+00   0.0000000e+00  -3.0197288e-05  -8.1128355e+01
  1.1408184414647e+00   0.0000000e+00   0.0000000e+00   4.0511400e+01   0.0000000e+00   0.0000000e+00  -3.3617572e-05  -8.1128355e+01
  1.1456937339495e+00   0.0000000e+00   0.0000000e+00   4.0509438e+01   0.0000000e+00   0.0000000e+00  -3.5837394e-05  -8.1128355e+01
  1.1505690264344e+00   0.0000000e+00   0.0000000e+00   4.0507424e+01   0.0000000e+00   0.0000000e+00  -3.4935483e-05  -8.1128355e+01
  1.1554443189193e+00   0.0000000e+00   0.0000000e+00   4.0505362e+01   0.0000000e+00   0.0000000e+00  -3.0146992e-05  -8.1128355e+01
  1.1603196114042e+00   0.0000000e+00   0.0000000e+00   4.0503254e+01   0.0000000e+00   0.0000000e+00  -2.1920352e-05  -8.1128355e+01
  1.1651949038891e+00   0.0000000e+00   0.0000000e+00   4.0501107e+01   0.0000000e+00   0.0000000e+00  -1.1702884e-05  -8.1128355e+01
  1.1700701963740e+00   0.0000000e+00   0.0000000e+00   4.0498926e+01   0.0000000e+00   0.0000000e+00  -1.5230824e-06  -8.1128355e+01
  1.1749454888589e+00   0.0000000e+00   0.0000000e+00   4.0496713e+01   0.0000000e+00   0.0000000e+00   6.8250017e-06  -8.1128355e+01
  1.1798207813438e+00   0.0000000e+00   0.0000000e+00   4.0494472e+01   0.0000000e+00   0.0000000e+00   1.2897493e-05  -8.1128355e+01
  1.1846960738287e+00   0.0000000e+00   0.0000000e+00   4.0492203e+01   0.0000000e+00   0.0000000e+00   1.8343691e-05  -8.1128355e+01
  1.1895713663136e+00   0.0000000e+00   0.0000000e+00   4.0489906e+01   0.0000000e+00   0.0000000e+00   2.6582454e-05  -8.1128355e+01
  1.1944466587984e+00   0.0000000e+00   0.0000000e+00   4.0487580e+01   0.0000000e+00   0.0000000e+00   4.1410304e-05  -8.1128355e+01
  1.1993219512833e+00   0.0000000e+00   0.0000000e+00   4.0485225e+01   0.0000000e+00   0.0000000e+00   6.5219839e-05  -8.1128355e+01
  1.2041972437682e+00   0.0000000e+00   0.0000000e+00   4.0482841e+01   0.0000000e+00   0.0000000e+00   9.7592048e-05  -8.1128355e+01
  1.2090725362531e+00   0.0000000e+00   0.0000000e+00   4.0480429e+01   0.0000000e+00   0.0000000e+00   1.3472152e-04  -8.1128355e+01
  1.2139478287380e+00   0.0000000e+00   0.0000000e+00   4.0477992e+01   0.0000000e+00   0.0000000e+00   1.6987719e-04  -8.1128355e+01
  1.2188231212229e+00   0.0000000e+00   0.0000000e+00   4.0475537e+01   0.0000000e+00   0.0000000e+00   1.9484452e-04  -8.1128355e+01
  1.2236984137078e+00   0.0000000e+00   0.0000000e+00   4.0473068e+01   0.0000000e+00   0.0000000e+00   2.0184921e-04  -8.1128355e+01
  1.2285737061927e+00   0.0000000e+00   0.0000000e+00   4.0470594e+01   0.0000000e+00   0.0000000e+00   1.8522335e-04  -8.1128355e+01
  1.2334489986776e+00   0.0000000e+00   0.0000000e+00   4.0468120e+01   0.0000000e+00   0.0000000e+00   1.4256158e-04  -8.1128355e+01
  1.2383242911625e+00   0.0000000e+00   0.0000000e+00   4.0465652e+01   0.0000000e+00   0.0000000e+00   7.5860259e-05  -8.1128355e+01
  1.2431995836474e+00   0.0000000e+00   0.0000000e+00   4.0463192e+01   0.0000000e+00   0.0000000e+00  -7.0209445e-06  -8.1128355e+01
  1.2480748761323e+00   0.0000000e+00   0.0000000e+00   4.0460744e+01   0.0000000e+00   0.0000000e+00  -9.1496512e-05  -8.1128355e+01
  1.2529501686172e+00   0.0000000e+00   0.0000000e+00   4.0458311e+01   0.0000000e+00   0.0000000e+00  -1.5787878e-04  -8.1128355e+01
  1.2578254611020e+00   0.0000000e+00   0.0000000e+00   4.0455897e+01   0.0000000e+00   0.0000000e+00  -1.8653018e-04  -8.1128355e+01
  1.2627007535869e+00   0.0000000e+00   0.0000000e+00   4.0453508e+01   0.0000000e+00   0.0000000e+00  -1.6519670e-04  -8.1128355e+01
  1.2675760460718e+00   0.0000000e+00   0.0000000e+00   4.0451150e+01   0.0000000e+00   0.0000000e+00  -9.5157967e-05  -8.1128355e+01
  1.2724513385567e+00   0.0000000e+00   0.0000000e+00   4.0448834e+01   0.0000000e+00   0.0000000e+00   7.2379853e-06  -8.1128355e+01
  1.2773266310416e+00   0.0000000e+00   0.0000000e+00   4.0446570e+01   0.0000000e+00   0.0000000e+00   1.1517036e-04  -8.1128355e+01
  1.2822019235265e+00   0.0000000e+00   0.0000000e+00   4.0444369e+01   0.0000000e+00   0.0000000e+00   2.0059535e-04  -8.1128355e+01
  1.2870772160114e+00   0.0000000e+00   0.0000000e+00   4.0442243e+01   0.0000000e+00   0.0000000e+00   2.4398640e-04  -8.1128355e+01
  1.2919525084963e+00   0.0000000e+00   0.0000000e+00   4.0440204e+01   0.0000000e+00   0.0000000e+00   2.3992481e-04  -8.1128355e+01
  1.2968278009812e+00   0.0000000e+00   0.0000000e+00   4.0438265e+01   0.0000000e+00   0.0000000e+00   1.9661629e-04  -8.1128355e+01
  1.3017030934661e+00   0.0000000e+00   0.0000000e+00   4.0436436e+01   0.0000000e+00   0.0000000e+00   1.3128658e-04  -8.1128355e+01
  1.3065783859510e+00   0.0000000e+00   0.0000000e+00   4.0434722e+01   0.0000000e+00   0.0000000e+00   6.4802384e-05  -8.1128355e+01
  1.3114536784358e+00   0.0000000e+00   0.0000000e+00   4.0433127e+01   0.0000000e+00   0.0000000e+00   1.6929979e-05  -8.1128355e+01
  1.3163289709207e+00   0.0000000e+00   0.0000000e+00   4.0431651e+01   0.0000000e+00   0.0000000e+00   1.5659382e-06  -8.1128355e+01
  1.3212042634056e+00   0.0000000e+00   0.0000000e+00   4.0430297e+01   0.0000000e+00   0.0000000e+00   2.1956194e-05  -8.1128355e+01
  1.3260795558905e+00   0.0000000e+00   0.0000000e+00   4.0429073e+01   0.0000000e+00   0.0000000e+00   6.8113372e-05  -8.1128355e+01
  1.3309548483754e+00   0.0000000e+00   0.0000000e+00   4.0427995e+01   0.0000000e+00   0.0000000e+00   1.1890091e-04  -8.1128355e+01
  1.3358301408603e+00   0.0000000e+00   0.0000000e+00   4.0427085e+01   0.0000000e+00   0.0000000e+00   1.4864781e-04  -8.1128355e+01
  1.3407054333452e+00   0.0000000e+00   0.0000000e+00   4.0426367e+01   0.0000000e+00   0.0000000e+00   1.3533161e-04  -8.1128355e+01
  1.3455807258301e+00   0.0000000e+00   0.0000000e+00   4.0425872e+01   0.0000000e+00   0.0000000e+00   6.7075216e-05  -8.1128355e+01
  1.3504560183150e+00   0.0000000e+00   0.0000000e+00   4.0425625e+01   0.0000000e+00   0.0000000e+00  -5.4473823e-05  -8.1128355e+01
  1.3553313107999e+00   0.0000000e+00   0.0000000e+00   4.0425654e+01   0.0000000e+00   0.0000000e+00  -2.1400160e-04  -8.1128355e+01
  1.3602066032848e+00   0.0000000e+00   0.0000000e+00   4.0425974e+01   0.0000000e+00   0.0000000e+00  -3.8581621e-04  -8.1128355e+01
  1.3650818957697e+00   0.0000000e+00   0.0000000e+00   4.0426596e+01   0.0000000e+00   0.0000000e+00  -5.4030274e-04  -8.1128355e+01
  1.3699571882546e+00   0.0000000e+00   0.0000000e+00   4.0427519e+01   0.0000000e+00   0.0000000e+00  -6.5140308e-04  -8.1128355e+01
  1.3748324807394e+00   0.0000000e+00   0.0000000e+00   4.0428741e+01   0.0000000e+00   0.0000000e+00  -7.0197479e-04  -8.1128355e+01
  1.3797077732243e+00   0.0000000e+00   0.0000000e+00   4.0430265e+01   0.0000000e+00   0.0000000e+00  -6.8561472e-04  -8.1128355e+01
  1.3845830657092e+00   0.0000000e+00   0.0000000e+00   4.0432106e+01   0.0000000e+00   0.0000000e+00  -6.0603615e-04  -8.1128355e+01
  1.3894583581941e+00   0.0000000e+00   0.0000000e+00   4.0434301e+01   0.0000000e+00   0.0000000e+00  -4.7533619e-04  -8.1128355e+01
  1.3943336506790e+00   0.0000000e+00   0.0000000e+00   4.0436910e+01   0.0000000e+00   0.0000000e+00  -3.1095852e-04  -8.1128355e+01
  1.3992089431639e+00   0.0000000e+00   0.0000000e+00   4.0440017e+01   0.0000000e+00   0.0000000e+00  -1.3100666e-04  -8.1128355e+01
  1.4040842356488e+00   0.0000000e+00   0.0000000e+00   4.0443725e+01   0.0000000e+00   0.0000000e+00   5.0384453e-05  -8.1128355e+01
  1.4089595281337e+00   0.0000000e+00   0.0000000e+00   4.0448146e+01   0.0000000e+00   0.0000000e+00   2.2471764e-04  -8.1128355e+01
  1.4138348206186e+00   0.0000000e+00   0.0000000e+00   4.0453388e+01   0.0000000e+00   0.0000000e+00   3.8693660e-04  -8.1128355e+01
  1.4187101131035e+00   0.0000000e+00   0.0000000e+00   4.0459540e+01   0.0000000e+00   0.0000000e+00   5.3153333e-04  -8.1128355e+01
  1.4235854055884e+00   0.0000000e+00   0.0000000e+00   4.0466664e+01   0.0000000e+00   0.0000000e+00   6.4986798e-04  -8.1128355e+01
  1.4284606980732e+00   0.0000000e+00   0.0000000e+00   4.0474777e+01   0.0000000e+00   0.0000000e+00   7.3005435e-04  -8.1128355e+01
  1.4333359905581e+00   0.0000000e+00   0.0000000e+00   4.0483854e+01   0.0000000e+00   0.0000000e+00   7.5935399e-04  -8.1128355e+01
  1.4382112830430e+00   0.0000000e+00   0.0000000e+00   4.0493831e+01   0.0000000e+00   0.0000000e+00   7.2842325e-04  -8.1128355e+01
  1.4430865755279e+00   0.0000000e+00   0.0000000e+00   4.0504605e+01   0.0000000e+00   0.0000000e+00   6.3587127e-04  -8.1128355e+01
  1.4479618680128e+00   0.0000000e+00   0.0000000e+00   4.0516047e+01   0.0000000e+00   0.0000000e+00   4.9067969e-04  -8.1128355e+01
  1.4528371604977e+00   0.0000000e+00   0.0000000e+00   4.0528010e+01   0.0000000e+00   0.0000000e+00   3.1077839e-04  -8.1128355e+01
  1.4577124529826e+00   0.0000000e+00   0.0000000e+00   4.0540339e+01   0.0000000e+00   0.0000000e+00   1.1858494e-04  -8.1128355e+01
  1.4625877454675e+00   0.0000000e+00   0.0000000e+00   4.0552882e+01   0.0000000e+00   0.0000000e+00  -6.3611846e-05  -8.1128355e+01
  1.4674630379524e+00   0.0000000e+00   0.0000000e+00   4.0565499e+01   0.0000000e+00   0.0000000e+00  -2.1597575e-04  -8.1128355e+01
  1.4723383304373e+00   0.0000000e+00   0.0000000e+00   4.0578067e+01   0.0000000e+00   0.0000000e+00  -3.2124569e-04  -8.1128355e+01
  1.4772136229222e+00   0.0000000e+00   0.0000000e+00   4.0590486e+01   0.0000000e+00   0.0000000e+00  -3.6491354e-04  -8.1128355e+01
  1.4820889154071e+00   0.0000000e+00   0.0000000e+00   4.0602677e+01   0.0000000e+00   0.0000000e+00  -3.3741970e-04  -8.1128355e+01
  1.4869642078920e+00   0.0000000e+00   0.0000000e+00   4.0614585e+01   0.0000000e+00   0.0000000e+00  -2.3793746e-04  -8.1128355e+01
  1.4918395003768e+00   0.0000000e+00   0.0000000e+00   4.0626175e+01   0.0000000e+00   0.0000000e+00  -7.7216846e-05  -8.1128355e+01
  1.4967147928617e+00   0.0000000e+00   0.0000000e+00   4.0637432e+01   0.0000000e+00   0.0000000e+00   1.2276984e-04  -8.1128355e+01
  1.5015900853466e+00   0.0000000e+00   0.0000000e+00   4.0648358e+01   0.0000000e+00   0.0000000e+00   3.3232377e-04  -8.1128355e+01
  1.5064653778315e+00   0.0000000e+00   0.0000000e+00   4.0658973e+01   0.0000000e+00   0.0000000e+00   5.1860251e-04  -8.1128355e+01
  1.5113406703164e+00   0.0000000e+00   0.0000000e+00   4.0669307e+01   0.0000000e+00   0.0000000e+00   6.4924819e-04  -8.1128355e+01
  1.5162159628013e+00   0.0000000e+00   0.0000000e+00   4.0679399e+01   0.0000000e+00   0.0000000e+00   6.9464479e-04  -8.1128355e+01
  1.5210912552862e+00   0.0000000e+00   0.0000000e+00   4.0689293e+01   0.0000000e+00   0.0000000e+00   6.2998633e-04  -8.1128355e+01
  1.5259665477711e+00   0.0000000e+00   0.0000000e+00   4.0699038e+01   0.0000000e+00   0.0000000e+00   4.3827942e-04  -8.1128355e+01
  1.5308418402560e+00   0.0000000e+00   0.0000000e+00   4.0708683e+01   0.0000000e+00   0.0000000e+00   1.1401212e-04  -8.1128355e+01
  1.5357171327409e+00   0.0000000e+00   0.0000000e+00   4.0718274e+01   0.0000000e+00   0.0000000e+00  -3.3309036e-04  -8.1128355e+01
  1.5405924252258e+00   0.0000000e+00   0.0000000e+00   4.0727847e+01   0.0000000e+00   0.0000000e+00  -8.7392279e-04  -8.1128355e+01
  1.5454677177106e+00   0.0000000e+00   0.0000000e+00   4.0737427e+01   0.0000000e+00   0.0000000e+00  -1.4565967e-03  -8.1128355e+01
  1.5503430101955e+00   0.0000000e+00   0.0000000e+00   4.0747027e+01   0.0000000e+00   0.0000000e+00  -2.0084379e-03  -8.1128355e+01
  1.5552183026804e+00   0.0000000e+00   0.0000000e+00   4.0756647e+01   0.0000000e+00   0.0000000e+00  -2.4471877e-03  -8.1128355e+01
  1.5600935951653e+00   0.0000000e+00   0.0000000e+00   4.0766283e+01   0.0000000e+00   0.0000000e+00  -2.6981018e-03  -8.1128355e+01
  1.5649688876502e+00   0.0000000e+00   0.0000000e+00   4.0775922e+01   0.0000000e+00   0.0000000e+00  -2.7088112e-03  -8.1128355e+01
  1.5698441801351e+00   0.0000000e+00   0.0000000e+00   4.0785547e+01   0.0000000e+00   0.0000000e+00  -2.4575433e-03  -8.1128355e+01
  1.5747194726200e+00   0.0000000e+00   0.0000000e+00   4.0795133e+01   0.0000000e+00   0.0000000e+00  -1.9566072e-03  -8.1128355e+01
  1.5795947651049e+00   0.0000000e+00   0.0000000e+00   4.0804655e+01   0.0000000e+00   0.0000000e+00  -1.2535087e-03  -8.1128355e+01
  1.5844700575898e+00   0.0000000e+00   0.0000000e+00   4.0814092e+01   0.0000000e+00   0.0000000e+00  -4.2793409e-04  -8.1128355e+01
  1.5893453500747e+00   0.0000000e+00   0.0000000e+00   4.0823427e+01   0.0000000e+00   0.0000000e+00   4.1874888e-04  -8.1128355e+01
  1.5942206425596e+00   0.0000000e+00   0.0000000e+00   4.0832649e+01   0.0000000e+00   0.0000000e+00   1.1811384e-03  -8.1128355e+01
  1.5990959350445e+00   0.0000000e+00   0.0000000e+00   4.0841757e+01   0.0000000e+00   0.0000000e+00   1.7692583e-03  -8.1128355e+01
  1.6039712275294e+00   0.0000000e+00   0.0000000e+00   4.0850760e+01   0.0000000e+00   0.0000000e+00   2.1233624e-03  -8.1128355e+01
  1.6088465200142e+00   0.0000000e+00   0.0000000e+00   4.0859678e+01   0.0000000e+00   0.0000000e+00   2.2211898e-03  -8.1128355e+01
  1.6137218124991e+00   0.0000000e+00   0.0000000e+00   4.0868537e+01   0.0000000e+00   0.0000000e+00   2.0788824e-03  -8.1128355e+01
  1.6185971049840e+00   0.0000000e+00   0.0000000e+00   4.0877367e+01   0.0000000e+00   0.0000000e+00   1.7470817e-03  -8.1128355e+01
  1.6234723974689e+00   0.0000000e+00   0.0000000e+00   4.0886194e+01   0.0000000e+00   0.0000000e+00   1.3015505e-03  -8.1128355e+01
  1.6283476899538e+00   0.0000000e+00   0.0000000e+00   4.0895041e+01   0.0000000e+00   0.0000000e+00   8.2834769e-04  -8.1128355e+01
  1.6332229824387e+00   0.0000000e+00   0.0000000e+00   4.0903926e+01   0.0000000e+00   0.0000000e+00   4.0760221e-04  -8.1128355e+01
  1.6380982749236e+00   0.0000000e+00   0.0000000e+00   4.0912854e+01   0.0000000e+00   0.0000000e+00   1.0123249e-04  -8.1128355e+01
  1.6429735674085e+00   0.0000000e+00   0.0000000e+00   4.0921816e+01   0.0000000e+00   0.0000000e+00  -5.4091282e-05  -8.1128355e+01
  1.6478488598934e+00   0.0000000e+00   0.0000000e+00   4.0930796e+01   0.0000000e+00   0.0000000e+00  -5.1114864e-05  -8.1128355e+01
  1.6527241523783e+00   0.0000000e+00   0.0000000e+00   4.0939763e+01   0.0000000e+00   0.0000000e+00   8.5894127e-05  -8.1128355e+01
  1.6575994448632e+00   0.0000000e+00   0.0000000e+00   4.0948681e+01   0.0000000e+00   0.0000000e+00   3.0387969e-04  -8.1128355e+01
  1.6624747373480e+00   0.0000000e+00   0.0000000e+00   4.0957508e+01   0.0000000e+00   0.0000000e+00   5.3111520e-04  -8.1128355e+01
  1.6673500298329e+00   0.0000000e+00   0.0000000e+00   4.0966204e+01   0.0000000e+00   0.0000000e+00   6.9297445e-04  -8.1128355e+01
  1.6722253223178e+00   0.0000000e+00   0.0000000e+00   4.0974738e+01   0.0000000e+00   0.0000000e+00   7.2854534e-04  -8.1128355e+01
  1.6771006148027e+00   0.0000000e+00   0.0000000e+00   4.0983089e+01   0.0000000e+00   0.0000000e+00   6.0421570e-04  -8.1128355e+01
  1.6819759072876e+00   0.0000000e+00   0.0000000e+00   4.0991254e+01   0.0000000e+00   0.0000000e+00   3.2184567e-04  -8.1128355e+01
  1.6868511997725e+00   0.0000000e+00   0.0000000e+00   4.0999246e+01   0.0000000e+00   0.0000000e+00  -8.1243528e-05  -8.1128355e+01
  1.6917264922574e+00   0.0000000e+00   0.0000000e+00   4.1007091e+01   0.0000000e+00   0.0000000e+00  -5.4177232e-04  -8.1128355e+01
  1.6966017847423e+00   0.0000000e+00   0.0000000e+00   4.1014819e+01   0.0000000e+00   0.0000000e+00  -9.8580307e-04  -8.1128355e+01
  1.7014770772272e+00   0.0000000e+00   0.0000000e+00   4.1022455e+01   0.0000000e+00   0.0000000e+00  -1.3432564e-03  -8.1128355e+01
  1.7063523697121e+00   0.0000000e+00   0.0000000e+00   4.1030016e+01   0.0000000e+00   0.0000000e+00  -1.5583354e-03  -8.1128355e+01
  1.7112276621970e+00   0.0000000e+00   0.0000000e+00   4.1037509e+01   0.0000000e+00   0.0000000e+00  -1.5968002e-03  -8.1128355e+01
  1.7161029546819e+00   0.0000000e+00   0.0000000e+00   4.1044929e+01   0.0000000e+00   0.0000000e+00  -1.4500911e-03  -8.1128355e+01
  1.7209782471668e+00   0.0000000e+00   0.0000000e+00   4.1052268e+01   0.0000000e+00   0.0000000e+00  -1.1346820e-03  -8.1128355e+01
  1.7258535396516e+00   0.0000000e+00   0.0000000e+00   4.1059519e+01   0.0000000e+00   0.0000000e+00  -6.8742970e-04  -8.1128355e+01
  1.7307288321365e+00   0.0000000e+00   0.0000000e+00   4.1066669e+01   0.0000000e+00   0.0000000e+00  -1.5927203e-04  -8.1128355e+01
  1.7356041246214e+00   0.0000000e+00   0.0000000e+00   4.1073709e+01   0.0000000e+00   0.0000000e+00   3.9095475e-04  -8.1128355e+01
  1.7404794171063e+00   0.0000000e+00   0.0000000e+00   4.1080622e+01   0.0000000e+00   0.0000000e+00   9.0091161e-04  -8.1128355e+01
  1.7453547095912e+00   0.0000000e+00   0.0000000e+00   4.1087395e+01   0.0000000e+00   0.0000000e+00   1.3082594e-03  -8.1128355e+01
  1.7502300020761e+00   0.0000000e+00   0.0000000e+00   4.1094019e+01   0.0000000e+00   0.0000000e+00   1.5579510e-03  -8.1128355e+01
  1.7551052945610e+00   0.0000000e+00   0.0000000e+00   4.1100503e+01   0.0000000e+00   0.0000000e+00   1.6147696e-03  -8.1128355e+01
  1.7599805870459e+00   0.0000000e+00   0.0000000e+00   4.1106868e+01   0.0000000e+00   0.0000000e+00   1.4741412e-03  -8.1128355e+01
  1.7648558795308e+00   0.0000000e+00   0.0000000e+00   4.1113153e+01   0.0000000e+00   0.0000000e+00   1.1632303e-03  -8.1128355e+01
  1.7697311720157e+00   0.0000000e+00   0.0000000e+00   4.1119403e+01   0.0000000e+00   0.0000000e+00   7.3306445e-04  -8.1128355e+01
  1.7746064645005e+00   0.0000000e+00   0.0000000e+00   4.1125653e+01   0.0000000e+00   0.0000000e+00   2.4876543e-04  -8.1128355e+01
  1.7794817569854e+00   0.0000000e+00   0.0000000e+00   4.1131924e+01   0.0000000e+00   0.0000000e+00  -2.1857505e-04  -8.1128355e+01
  1.7843570494703e+00   0.0000000e+00   0.0000000e+00   4.1138215e+01   0.0000000e+00   0.0000000e+00  -6.0191753e-04  -8.1128355e+01
  1.7892323419552e+00   0.0000000e+00   0.0000000e+00   4.1144507e+01   0.0000000e+00   0.0000000e+00  -8.5319601e-04  -8.1128355e+01
  1.7941076344401e+00   0.0000000e+00   0.0000000e+00   4.1150762e+01   0.0000000e+00   0.0000000e+00  -9.5760236e-04  -8.1128355e+01
  1.7989829269250e+00   0.0000000e+00   0.0000000e+00   4.1156931e+01   0.0000000e+00   0.0000000e+00  -9.3724050e-04  -8.1128355e+01
  1.8038582194099e+00   0.0000000e+00   0.0000000e+00   4.1162969e+01   0.0000000e+00   0.0000000e+00  -8.3998698e-04  -8.1128355e+01
  1.8087335118948e+00   0.0000000e+00   0.0000000e+00   4.1168844e+01   0.0000000e+00   0.0000000e+00  -7.1907641e-04  -8.1128355e+01
  1.8136088043797e+00   0.0000000e+00   0.0000000e+00   4.1174560e+01   0.0000000e+00   0.0000000e+00  -6.1352515e-04  -8.1128355e+01
  1.8184840968646e+00   0.0000000e+00   0.0000000e+00   4.1180151e+01   0.0000000e+00   0.0000000e+00  -5.3670710e-04  -8.1128355e+01
  1.8233593893495e+00   0.0000000e+00   0.0000000e+00   4.1185672e+01   0.0000000e+00   0.0000000e+00  -4.7578595e-04  -8.1128355e+01
  1.8282346818344e+00   0.0000000e+00   0.0000000e+00   4.1191182e+01   0.0000000e+00   0.0000000e+00  -4.0199883e-04  -8.1128355e+01
  1.8331099743193e+00   0.0000000e+00   0.0000000e+00   4.1196725e+01   0.0000000e+00   0.0000000e+00  -2.8778401e-04  -8.1128355e+01
  1.8379852668041e+00   0.0000000e+00   0.0000000e+00   4.1202329e+01   0.0000000e+00   0.0000000e+00  -1.2196497e-04  -8.1128355e+01
  1.8428605592890e+00   0.0000000e+00   0.0000000e+00   4.1208002e+01   0.0000000e+00   0.0000000e+00   8.4143200e-05  -8.1128355e+01
  1.8477358517739e+00   0.0000000e+00   0.0000000e+00   4.1213737e+01   0.0000000e+00   0.0000000e+00   2.9949519e-04  -8.1128355e+01
  1.8526111442588e+00   0.0000000e+00   0.0000000e+00   4.1219514e+01   0.0000000e+00   0.0000000e+00   4.8179657e-04  -8.1128355e+01
  1.8574864367437e+00   0.0000000e+00   0.0000000e+00   4.1225306e+01   0.0000000e+00   0.0000000e+00   5.9089317e-04  -8.1128355e+01
  1.8623617292286e+00   0.0000000e+00   0.0000000e+00   4.1231086e+01   0.0000000e+00   0.0000000e+00   6.0477199e-04  -8.1128355e+01
  1.8672370217135e+00   0.0000000e+00   0.0000000e+00   4.1236825e+01   0.0000000e+00   0.0000000e+00   5.3013614e-04  -8.1128355e+01
  1.8721123141984e+00   0.0000000e+00   0.0000000e+00   4.1242511e+01   0.0000000e+00   0.0000000e+00   4.0006415e-04  -8.1128355e+01
  1.8769876066833e+00   0.0000000e+00   0.0000000e+00   4.1248143e+01   0.0000000e+00   0.0000000e+00   2.6069111e-04  -8.1128355e+01
  1.8818628991682e+00   0.0000000e+00   0.0000000e+00   4.1253740e+01   0.0000000e+00   0.0000000e+00   1.5579348e-04  -8.1128355e+01
  1.8867381916531e+00   0.0000000e+00   0.0000000e+00   4.1259330e+01   0.0000000e+00   0.0000000e+00   1.1583623e-04  -8.1128355e+01
  1.8916134841379e+00   0.0000000e+00   0.0000000e+00   4.1264949e+01   0.0000000e+00   0.0000000e+00   1.5100031e-04  -8.1128355e+01
  1.8964887766228e+00   0.0000000e+00   0.0000000e+00   4.1270632e+01   0.0000000e+00   0.0000000e+00   2.4518131e-04  -8.1128355e+01
  1.9013640691077e+00   0.0000000e+00   0.0000000e+00   4.1276409e+01   0.0000000e+00   0.0000000e+00   3.5543994e-04  -8.1128355e+01
  1.9062393615926e+00   0.0000000e+00   0.0000000e+00   4.1282297e+01   0.0000000e+00   0.0000000e+00   4.2418210e-04  -8.1128355e+01
  1.9111146540775e+00   0.0000000e+00   0.0000000e+00   4.1288300e+01   0.0000000e+00   0.0000000e+00   3.9802112e-04  -8.1128355e+01
  1.9159899465624e+00   0.0000000e+00   0.0000000e+00   4.1294405e+01   0.0000000e+00   0.0000000e+00   2.4707517e-04  -8.1128355e+01
  1.9208652390473e+00   0.0000000e+00   0.0000000e+00   4.1300593e+01   0.0000000e+00   0.0000000e+00  -2.2341930e-05  -8.1128355e+01
  1.9257405315322e+00   0.0000000e+00   0.0000000e+00   4.1306840e+01   0.0000000e+00   0.0000000e+00  -3.7743847e-04  -8.1128355e+01
  1.9306158240171e+00   0.0000000e+00   0.0000000e+00   4.1313111e+01   0.0000000e+00   0.0000000e+00  -7.7980049e-04  -8.1128355e+01
  1.9354911165020e+00   0.0000000e+00   0.0000000e+00   4.1319363e+01   0.0000000e+00   0.0000000e+00  -1.1915428e-03  -8.1128355e+01
  1.9403664089869e+00   0.0000000e+00   0.0000000e+00   4.1325561e+01   0.0000000e+00   0.0000000e+00  -1.5761747e-03  -8.1128355e+01
  1.9452417014718e+00   0.0000000e+00   0.0000000e+00   4.1331701e+01   0.0000000e+00   0.0000000e+00  -1.9125744e-03  -8.1128355e+01
  1.9501169939567e+00   0.0000000e+00   0.0000000e+00   4.1337816e+01   0.0000000e+00   0.0000000e+00  -2.2033827e-03  -8.1128355e+01
  1.9549922864415e+00   0.0000000e+00   0.0000000e+00   4.1343962e+01   0.0000000e+00   0.0000000e+00  -2.4574312e-03  -8.1128355e+01
  1.9598675789264e+00   0.0000000e+00   0.0000000e+00   4.1350185e+01   0.0000000e+00   0.0000000e+00  -2.6672193e-03  -8.1128355e+01
  1.9647428714113e+00   0.0000000e+00   0.0000000e+00   4.1356514e+01   0.0000000e+00   0.0000000e+00  -2.8058579e-03  -8.1128355e+01
  1.9696181638962e+00   0.0000000e+00   0.0000000e+00   4.1362961e+01   0.0000000e+00   0.0000000e+00  -2.8369884e-03  -8.1128355e+01
  1.9744934563811e+00   0.0000000e+00   0.0000000e+00   4.1369530e+01   0.0000000e+00   0.0000000e+00  -2.7255785e-03  -8.1128355e+01
  1.9793687488660e+00   0.0000000e+00   0.0000000e+00   4.1376214e+01   0.0000000e+00   0.0000000e+00  -2.4460752e-03  -8.1128355e+01
  1.9842440413509e+00   0.0000000e+00   0.0000000e+00   4.1382990e+01   0.0000000e+00   0.0000000e+00  -1.9903027e-03  -8.1128355e+01
  1.9891193338358e+00   0.0000000e+00   0.0000000e+00   4.1389822e+01   0.0000000e+00   0.0000000e+00  -1.3831282e-03  -8.1128355e+01
  1.9939946263207e+00   0.0000000e+00   0.0000000e+00   4.1396670e+01   0.0000000e+00   0.0000000e+00  -6.9824150e-04  -8.1128355e+01
  1.9988699188056e+00   0.0000000e+00   0.0000000e+00   4.1403507e+01   0.0000000e+00   0.0000000e+00  -4.9984982e-05  -8.1128355e+01
  2.0037452112905e+00   0.0000000e+00   0.0000000e+00   4.1410337e+01   0.0000000e+00   0.0000000e+00   4.4558528e-04  -8.1128355e+01
  2.0086205037753e+00   0.0000000e+00   0.0000000e+00   4.1417189e+01   0.0000000e+00   0.0000000e+00   7.1648720e-04  -8.1128355e+01
  2.0134957962602e+00   0.0000000e+00   0.0000000e+00   4.1424106e+01   0.0000000e+00   0.0000000e+00   7.5532549e-04  -8.1128355e+01
  2.0183710887451e+00   0.0000000e+00   0.0000000e+00   4.1431116e+01   0.0000000e+00   0.0000000e+00   6.0650186e-04  -8.1128355e+01
  2.0232463812300e+00   0.0000000e+00   0.0000000e+00   4.1438221e+01   0.0000000e+00   0.0000000e+00   3.3995783e-04  -8.1128355e+01
  2.0281216737149e+00   0.0000000e+00   0.0000000e+00   4.1445403e+01   0.0000000e+00   0.0000000e+00   3.2471922e-05  -8.1128355e+01
  2.0329969661998e+00   0.0000000e+00   0.0000000e+00   4.1452640e+01   0.0000000e+00   0.0000000e+00  -2.4492557e-04  -8.1128355e+01
  2.0378722586847e+00   0.0000000e+00   0.0000000e+00   4.1459915e+01   0.0000000e+00   0.0000000e+00  -4.4431627e-04  -8.1128355e+01
  2.0427475511696e+00   0.0000000e+00   0.0000000e+00   4.1467219e+01   0.0000000e+00   0.0000000e+00  -5.5360178e-04  -8.1128355e+01
  2.0476228436545e+00   0.0000000e+00   0.0000000e+00   4.1474547e+01   0.0000000e+00   0.0000000e+00  -5.9422201e-04  -8.1128355e+01
  2.0524981361394e+00   0.0000000e+00   0.0000000e+00   4.1481889e+01   0.0000000e+00   0.0000000e+00  -6.1571710e-04  -8.1128355e+01
  2.0573734286243e+00   0.0000000e+00   0.0000000e+00   4.1489224e+01   0.0000000e+00   0.0000000e+00  -6.9079589e-04  -8.1128355e+01
  2.0622487211092e+00   0.0000000e+00   0.0000000e+00   4.1496526e+01   0.0000000e+00   0.0000000e+00  -8.9563646e-04  -8.1128355e+01
  2.0671240135941e+00   0.0000000e+00   0.0000000e+00   4.1503787e+01   0.0000000e+00   0.0000000e+00  -1.2798115e-03  -8.1128355e+01
  2.0719993060789e+00   0.0000000e+00   0.0000000e+00   4.1511025e+01   0.0000000e+00   0.0000000e+00  -1.8448371e-03  -8.1128355e+01
  2.0768745985638e+00   0.0000000e+00   0.0000000e+00   4.1518299e+01   0.0000000e+00   0.0000000e+00  -2.5326154e-03  -8.1128355e+01
  2.0817498910487e+00   0.0000000e+00   0.0000000e+00   4.1525702e+01   0.0000000e+00   0.0000000e+00  -3.2258856e-03  -8.1128355e+01
  2.0866251835336e+00   0.0000000e+00   0.0000000e+00   4.1533338e+01   0.0000000e+00   0.0000000e+00  -3.7689235e-03  -8.1128355e+01
  2.0915004760185e+00   0.0000000e+00   0.0000000e+00   4.1541298e+01   0.0000000e+00   0.0000000e+00  -4.0032786e-03  -8.1128355e+01
  2.0963757685034e+00   0.0000000e+00   0.0000000e+00   4.1549623e+01   0.0000000e+00   0.0000000e+00  -3.8122746e-03  -8.1128355e+01
  2.1012510609883e+00   0.0000000e+00   0.0000000e+00   4.1558298e+01   0.0000000e+00   0.0000000e+00  -3.1517993e-03  -8.1128355e+01
  2.1061263534732e+00   0.0000000e+00   0.0000000e+00   4.1567269e+01   0.0000000e+00   0.0000000e+00  -2.0586559e-03  -8.1128355e+01
  2.1110016459581e+00   0.0000000e+00   0.0000000e+00   4.1576476e+01   0.0000000e+00   0.0000000e+00  -6.4573230e-04  -8.1128355e+01
  2.1158769384430e+00   0.0000000e+00   0.0000000e+00   4.1585860e+01   0.0000000e+00   0.0000000e+00   9.1109941e-04  -8.1128355e+01
  2.1207522309279e+00   0.0000000e+00   0.0000000e+00   4.1595351e+01   0.0000000e+00   0.0000000e+00   2.4067064e-03  -8.1128355e+01
  2.1256275234128e+00   0.0000000e+00   0.0000000e+00   4.1604893e+01   0.0000000e+00   0.0000000e+00   3.6765669e-03  -8.1128355e+01
  2.1305028158976e+00   0.0000000e+00   0.0000000e+00   4.1614487e+01   0.0000000e+00   0.0000000e+00   4.6429832e-03  -8.1128355e+01
  2.1353781083825e+00   0.0000000e+00   0.0000000e+00   4.1624195e+01   0.0000000e+00   0.0000000e+00   5.2938845e-03  -8.1128355e+01
  2.1402534008674e+00   0.0000000e+00   0.0000000e+00   4.1634097e+01   0.0000000e+00   0.0000000e+00   5.6409611e-03  -8.1128355e+01
  2.1451286933523e+00   0.0000000e+00   0.0000000e+00   4.1644242e+01   0.0000000e+00   0.0000000e+00   5.7194484e-03  -8.1128355e+01
  2.1500039858372e+00   0.0000000e+00   0.0000000e+00   4.1654622e+01   0.0000000e+00   0.0000000e+00   5.6043218e-03  -8.1128355e+01
  2.1548792783221e+00   0.0000000e+00   0.0000000e+00   4.1665182e+01   0.0000000e+00   0.0000000e+00   5.3766699e-03  -8.1128355e+01
  2.1597545708070e+00   0.0000000e+00   0.0000000e+00   4.1675847e+01   0.0000000e+00   0.0000000e+00   5.0675654e-03  -8.1128355e+01
  2.1646298632919e+00   0.0000000e+00   0.0000000e+00   4.1686562e+01   0.0000000e+00   0.0000000e+00   4.6618884e-03  -8.1128355e+01
  2.1695051557768e+00   0.0000000e+00   0.0000000e+00   4.1697314e+01   0.0000000e+00   0.0000000e+00   4.1504210e-03  -8.1128355e+01
  2.1743804482617e+00   0.0000000e+00   0.0000000e+00   4.1708094e+01   0.0000000e+00   0.0000000e+00   3.5538414e-03  -8.1128355e+01
  2.1792557407466e+00   0.0000000e+00   0.0000000e+00   4.1718860e+01   0.0000000e+00   0.0000000e+00   2.8906966e-03  -8.1128355e+01
  2.1841310332314e+00   0.0000000e+00   0.0000000e+00   4.1729550e+01   0.0000000e+00   0.0000000e+00   2.1428713e-03  -8.1128355e+01
  2.1890063257163e+00   0.0000000e+00   0.0000000e+00   4.1740137e+01   0.0000000e+00   0.0000000e+00   1.2791817e-03  -8.1128355e+01
  2.1938816182012e+00   0.0000000e+00   0.0000000e+00   4.1750661e+01   0.0000000e+00   0.0000000e+00   3.1248937e-04  -8.1128355e+01
  2.1987569106861e+00   0.0000000e+00   0.0000000e+00   4.1761230e+01   0.0000000e+00   0.0000000e+00  -6.6770129e-04  -8.1128355e+01
  2.2036322031710e+00   0.0000000e+00   0.0000000e+00   4.1771985e+01   0.0000000e+00   0.0000000e+00  -1.5082975e-03  -8.1128355e+01
  2.2085074956559e+00   0.0000000e+00   0.0000000e+00   4.1783056e+01   0.0000000e+00   0.0000000e+00  -2.0433950e-03  -8.1128355e+01
  2.2133827881408e+00   0.0000000e+00   0.0000000e+00   4.1794535e+01   0.0000000e+00   0.0000000e+00  -2.1446559e-03  -8.1128355e+01
  2.2182580806257e+00   0.0000000e+00   0.0000000e+00   4.1806456e+01   0.0000000e+00   0.0000000e+00  -1.7503423e-03  -8.1128355e+01
  2.2231333731106e+00   0.0000000e+00   0.0000000e+00   4.1818804e+01   0.0000000e+00   0.0000000e+00  -8.6788818e-04  -8.1128355e+01
  2.2280086655955e+00   0.0000000e+00   0.0000000e+00   4.1831525e+01   0.0000000e+00   0.0000000e+00   4.3950876e-04  -8.1128355e+01
  2.2328839580804e+00   0.0000000e+00   0.0000000e+00   4.1844521e+01   0.0000000e+00   0.0000000e+00   2.0507213e-03  -8.1128355e+01
  2.2377592505653e+00   0.0000000e+00   0.0000000e+00   4.1857656e+01   0.0000000e+00   0.0000000e+00   3.7603526e-03  -8.1128355e+01
  2.2426345430501e+00   0.0000000e+00   0.0000000e+00   4.1870791e+01   0.0000000e+00   0.0000000e+00   5.2819672e-03  -8.1128355e+01
  2.2475098355350e+00   0.0000000e+00   0.0000000e+00   4.1883841e+01   0.0000000e+00   0.0000000e+00   6.3179159e-03  -8.1128355e+01
  2.2523851280199e+00   0.0000000e+00   0.0000000e+00   4.1896827e+01   0.0000000e+00   0.0000000e+00   6.6387381e-03  -8.1128355e+01
  2.2572604205048e+00   0.0000000e+00   0.0000000e+00   4.1909874e+01   0.0000000e+00   0.0000000e+00   6.1388917e-03  -8.1128355e+01
  2.2621357129897e+00   0.0000000e+00   0.0000000e+00   4.1923166e+01   0.0000000e+00   0.0000000e+00   4.8871802e-03  -8.1128355e+01
  2.2670110054746e+00   0.0000000e+00   0.0000000e+00   4.1936886e+01   0.0000000e+00   0.0000000e+00   3.1261039e-03  -8.1128355e+01
  2.2718862979595e+00   0.0000000e+00   0.0000000e+00   4.1951158e+01   0.0000000e+00   0.0000000e+00   1.2128814e-03  -8.1128355e+01
  2.2767615904444e+00   0.0000000e+00   0.0000000e+00   4.1966021e+01   0.0000000e+00   0.0000000e+00  -4.6138890e-04  -8.1128355e+01
  2.2816368829293e+00   0.0000000e+00   0.0000000e+00   4.1981421e+01   0.0000000e+00   0.0000000e+00  -1.6549526e-03  -8.1128355e+01
  2.2865121754142e+00   0.0000000e+00   0.0000000e+00   4.1997189e+01   0.0000000e+00   0.0000000e+00  -2.3254096e-03  -8.1128355e+01
  2.2913874678991e+00   0.0000000e+00   0.0000000e+00   4.2013102e+01   0.0000000e+00   0.0000000e+00  -2.5044755e-03  -8.1128355e+01
  2.2962627603840e+00   0.0000000e+00   0.0000000e+00   4.2028986e+01   0.0000000e+00   0.0000000e+00  -2.3532110e-03  -8.1128355e+01
  2.3011380528689e+00   0.0000000e+00   0.0000000e+00   4.2044780e+01   0.0000000e+00   0.0000000e+00  -2.1888533e-03  -8.1128355e+01
  2.3060133453537e+00   0.0000000e+00   0.0000000e+00   4.2060523e+01   0.0000000e+00   0.0000000e+00  -2.2110678e-03  -8.1128355e+01
  2.3108886378386e+00   0.0000000e+00   0.0000000e+00   4.2076302e+01   0.0000000e+00   0.0000000e+00  -2.3745390e-03  -8.1128355e+01
  2.3157639303235e+00   0.0000000e+00   0.0000000e+00   4.2092219e+01   0.0000000e+00   0.0000000e+00  -2.5435892e-03  -8.1128355e+01
  2.3206392228084e+00   0.0000000e+00   0.0000000e+00   4.2108446e+01   0.0000000e+00   0.0000000e+00  -2.5912566e-03  -8.1128355e+01
  2.3255145152933e+00   0.0000000e+00   0.0000000e+00   4.2125248e+01   0.0000000e+00   0.0000000e+00  -2.4380079e-03  -8.1128355e+01
  2.3303898077782e+00   0.0000000e+00   0.0000000e+00   4.2142797e+01   0.0000000e+00   0.0000000e+00  -2.0270908e-03  -8.1128355e+01
  2.3352651002631e+00   0.0000000e+00   0.0000000e+00   4.2161045e+01   0.0000000e+00   0.0000000e+00  -1.4458745e-03  -8.1128355e+01
  2.3401403927480e+00   0.0000000e+00   0.0000000e+00   4.2179886e+01   0.0000000e+00   0.0000000e+00  -9.9058934e-04  -8.1128355e+01
  2.3450156852329e+00   0.0000000e+00   0.0000000e+00   4.2199338e+01   0.0000000e+00   0.0000000e+00  -8.4332865e-04  -8.1128355e+01
  2.3498909777178e+00   0.0000000e+00   0.0000000e+00   4.2219479e+01   0.0000000e+00   0.0000000e+00  -8.2680386e-04  -8.1128355e+01
  2.3547662702027e+00   0.0000000e+00   0.0000000e+00   4.2240264e+01   0.0000000e+00   0.0000000e+00  -6.0222470e-04  -8.1128355e+01
  2.3596415626876e+00   0.0000000e+00   0.0000000e+00   4.2261415e+01   0.0000000e+00   0.0000000e+00   2.5454899e-05  -8.1128355e+01
  2.3645168551724e+00   0.0000000e+00   0.0000000e+00   4.2282524e+01   0.0000000e+00   0.0000000e+00   1.0084462e-03  -8.1128355e+01
  2.3693921476573e+00   0.0000000e+00   0.0000000e+00   4.2303371e+01   0.0000000e+00   0.0000000e+00   2.0025566e-03  -8.1128355e+01
  2.3742674401422e+00   0.0000000e+00   0.0000000e+00   4.2324189e+01   0.0000000e+00   0.0000000e+00   2.4825028e-03  -8.1128355e+01
  2.3791427326271e+00   0.0000000e+00   0.0000000e+00   4.2345536e+01   0.0000000e+00   0.0000000e+00   2.0580331e-03  -8.1128355e+01
  2.3840180251120e+00   0.0000000e+00   0.0000000e+00   4.2367883e+01   0.0000000e+00   0.0000000e+00   8.3608396e-04  -8.1128355e+01
  2.3888933175969e+00   0.0000000e+00   0.0000000e+00   4.2391416e+01   0.0000000e+00   0.0000000e+00  -5.9892071e-04  -8.1128355e+01
  2.3937686100818e+00   0.0000000e+00   0.0000000e+00   4.2416127e+01   0.0000000e+00   0.0000000e+00  -1.5878282e-03  -8.1128355e+01
  2.3986439025667e+00   0.0000000e+00   0.0000000e+00   4.2441918e+01   0.0000000e+00   0.0000000e+00  -1.5168608e-03  -8.1128355e+01
  2.4035191950516e+00   0.0000000e+00   0.0000000e+00   4.2468582e+01   0.0000000e+00   0.0000000e+00  -9.7360812e-05  -8.1128355e+01
  2.4083944875365e+00   0.0000000e+00   0.0000000e+00   4.2495919e+01   0.0000000e+00   0.0000000e+00   2.2626966e-03  -8.1128355e+01
  2.4132697800213e+00   0.0000000e+00   0.0000000e+00   4.2523907e+01   0.0000000e+00   0.0000000e+00   4.6768538e-03  -8.1128355e+01
  2.4181450725062e+00   0.0000000e+00   0.0000000e+00   4.2552701e+01   0.0000000e+00   0.0000000e+00   6.2451732e-03  -8.1128355e+01
  2.4230203649911e+00   0.0000000e+00   0.0000000e+00   4.2582420e+01   0.0000000e+00   0.0000000e+00   6.5871594e-03  -8.1128355e+01
  2.4278956574760e+00   0.0000000e+00   0.0000000e+00   4.2613041e+01   0.0000000e+00   0.0000000e+00   5.9427906e-03  -8.1128355e+01
  2.4327709499609e+00   0.0000000e+00   0.0000000e+00   4.2644399e+01   0.0000000e+00   0.0000000e+00   4.7736311e-03  -8.1128355e+01
  2.4376462424458e+00   0.0000000e+00   0.0000000e+00   4.2676052e+01   0.0000000e+00   0.0000000e+00   3.7456734e-03  -8.1128355e+01
  2.4425215349307e+00   0.0000000e+00   0.0000000e+00   4.2707890e+01   0.0000000e+00   0.0000000e+00   2.8742424e-03  -8.1128355e+01
  2.4473968274156e+00   0.0000000e+00   0.0000000e+00   4.2740610e+01   0.0000000e+00   0.0000000e+00   1.6162271e-03  -8.1128355e+01
  2.4522721199005e+00   0.0000000e+00   0.0000000e+00   4.2774189e+01   0.0000000e+00   0.0000000e+00   2.5831113e-04  -8.1128355e+01
  2.4571474123854e+00   0.0000000e+00   0.0000000e+00   4.2808767e+01   0.0000000e+00   0.0000000e+00  -1.1796638e-03  -8.1128355e+01
  2.4620227048703e+00   0.0000000e+00   0.0000000e+00   4.2846736e+01   0.0000000e+00   0.0000000e+00  -2.9221710e-03  -8.1128355e+01
  2.4668979973552e+00   0.0000000e+00   0.0000000e+00   4.2891076e+01   0.0000000e+00   0.0000000e+00  -3.9521375e-03  -8.1128355e+01
  2.4717732898400e+00   0.0000000e+00   0.0000000e+00   4.2940534e+01   0.0000000e+00   0.0000000e+00  -2.9532875e-03  -8.1128355e+01
  2.4766485823249e+00   0.0000000e+00   0.0000000e+00   4.2991778e+01   0.0000000e+00   0.0000000e+00  -2.3766301e-04  -8.1128355e+01
  2.4815238748098e+00   0.0000000e+00   0.0000000e+00   4.3043379e+01   0.0000000e+00   0.0000000e+00   2.2072935e-03  -8.1128355e+01
  2.4863991672947e+00   0.0000000e+00   0.0000000e+00   4.3096803e+01   0.0000000e+00   0.0000000e+00   3.8382152e-03  -8.1128355e+01
  2.4912744597796e+00   0.0000000e+00   0.0000000e+00   4.3153997e+01   0.0000000e+00   0.0000000e+00   5.7578300e-03  -8.1128355e+01
  2.4961497522645e+00   0.0000000e+00   0.0000000e+00   4.3215790e+01   0.0000000e+00   0.0000000e+00   7.3111279e-03  -8.1128355e+01
  2.5010250447494e+00   0.0000000e+00   0.0000000e+00   4.3279752e+01   0.0000000e+00   0.0000000e+00   6.4270209e-03  -8.1128355e+01
  2.5059003372343e+00   0.0000000e+00   0.0000000e+00   4.3343891e+01   0.0000000e+00   0.0000000e+00   2.6484549e-03  -8.1128355e+01
  2.5107756297192e+00   0.0000000e+00   0.0000000e+00   4.3407123e+01   0.0000000e+00   0.0000000e+00  -2.0998893e-03  -8.1128355e+01
  2.5156509222041e+00   0.0000000e+00   0.0000000e+00   4.3470280e+01   0.0000000e+00   0.0000000e+00  -4.9444079e-03  -8.1128355e+01
  2.5205262146890e+00   0.0000000e+00   0.0000000e+00   4.3535238e+01   0.0000000e+00   0.0000000e+00  -3.2895725e-03  -8.1128355e+01
  2.5254015071739e+00   0.0000000e+00   0.0000000e+00   4.3601650e+01   0.0000000e+00   0.0000000e+00   2.5806495e-03  -8.1128355e+01
  2.5302767996588e+00   0.0000000e+00   0.0000000e+00   4.3668538e+01   0.0000000e+00   0.0000000e+00   8.1950508e-03  -8.1128355e+01
  2.5351520921436e+00   0.0000000e+00   0.0000000e+00   4.3737259e+01   0.0000000e+00   0.0000000e+00   8.8647992e-03  -8.1128355e+01
  2.5400273846285e+00   0.0000000e+00   0.0000000e+00   4.3808642e+01   0.0000000e+00   0.0000000e+00   4.6315736e-03  -8.1128355e+01
  2.5449026771134e+00   0.0000000e+00   0.0000000e+00   4.3882299e+01   0.0000000e+00   0.0000000e+00  -1.1587135e-03  -8.1128355e+01
  2.5497779695983e+00   0.0000000e+00   0.0000000e+00   4.3957036e+01   0.0000000e+00   0.0000000e+00  -6.2094700e-03  -8.1128355e+01
  2.5546532620832e+00   0.0000000e+00   0.0000000e+00   4.4036121e+01   0.0000000e+00   0.0000000e+00  -6.9899806e-03  -8.1128355e+01
  2.5595285545681e+00   0.0000000e+00   0.0000000e+00   4.4121138e+01   0.0000000e+00   0.0000000e+00  -2.5696192e-03  -8.1128355e+01
  2.5644038470530e+00   0.0000000e+00   0.0000000e+00   4.4213983e+01   0.0000000e+00   0.0000000e+00   2.5371279e-03  -8.1128355e+01
  2.5692791395379e+00   0.0000000e+00   0.0000000e+00   4.4322963e+01   0.0000000e+00   0.0000000e+00   3.5766378e-03  -8.1128355e+01
  2.5741544320228e+00   0.0000000e+00   0.0000000e+00   4.4455345e+01   0.0000000e+00   0.0000000e+00   1.0241737e-03  -8.1128355e+01
  2.5790297245077e+00   0.0000000e+00   0.0000000e+00   4.4621863e+01   0.0000000e+00   0.0000000e+00   9.9690394e-04  -8.1128355e+01
  2.5839050169926e+00   0.0000000e+00   0.0000000e+00   4.4832250e+01   0.0000000e+00   0.0000000e+00   6.1955730e-03  -8.1128355e+01
  2.5887803094775e+00   0.0000000e+00   0.0000000e+00   4.5098710e+01   0.0000000e+00   0.0000000e+00   1.3078639e-02  -8.1128355e+01
  2.5936556019623e+00   0.0000000e+00   0.0000000e+00   4.5422304e+01   0.0000000e+00   0.0000000e+00   1.6596876e-02  -8.1128355e+01
  2.5985308944472e+00   0.0000000e+00   0.0000000e+00   4.5818630e+01   0.0000000e+00   0.0000000e+00   1.1294899e-02  -8.1128355e+01
  2.6034061869321e+00   0.0000000e+00   0.0000000e+00   4.6337173e+01   0.0000000e+00   0.0000000e+00   1.2243511e-03  -8.1128355e+01
  2.6082814794170e+00   0.0000000e+00   0.0000000e+00   4.6950937e+01   0.0000000e+00   0.0000000e+00  -5.6342433e-03  -8.1128355e+01
  2.6131567719019e+00   1.9487878e-04   8.9559114e-02   4.7037324e+01  -3.8338855e-08  -2.0072039e-05  -1.0542032e-02  -8.1128355e+01
  2.6180320643868e+00   8.4840663e-04   1.7032829e-01   4.6992284e+01  -2.1329976e-07  -4.9427538e-05  -1.3636683e-02  -8.1128355e+01
  2.6229073568717e+00   1.8163991e-03   2.2077522e-01   4.6928928e+01  -4.9738816e-07  -6.3938293e-05  -1.3590998e-02  -8.1128355e+01
  2.6277826493566e+00   2.9740160e-03   2.5056154e-01   4.6855256e+01  -8.2403370e-07  -7.0351295e-05  -1.3155762e-02  -8.1128355e+01
  2.6326579418415e+00   4.2462891e-03   2.6962338e-01   4.6776112e+01  -1.2037802e-06  -8.6945074e-05  -1.5083828e-02  -8.1128355e+01
  2.6375332343264e+00   5.5993874e-03   2.8468330e-01   4.6693751e+01  -1.6835488e-06  -1.0832987e-04  -1.7768264e-02  -8.1128355e+01
  2.6424085268113e+00   7.0245334e-03   2.9972606e-01   4.6608779e+01  -2.2380913e-06  -1.1595613e-04  -1.8031710e-02  -8.1128355e+01
  2.6472838192961e+00   8.5268032e-03   3.1611492e-01   4.6520787e+01  -2.7870789e-06  -1.0668322e-04  -1.5699946e-02  -8.1128355e+01
  2.6521591117810e+00   1.0109364e-02   3.3244125e-01   4.6429317e+01  -3.2409149e-06  -7.6056474e-05  -1.0622178e-02  -8.1128355e+01
  2.6570344042659e+00   1.1769006e-02   3.4766264e-01   4.6334207e+01  -3.4649518e-06  -1.1627442e-05  -1.5496295e-03  -8.1128355e+01
  2.6619096967508e+00   1.3500529e-02   3.6219760e-01   4.6235438e+01  -3.2975490e-06   7.8811778e-05   1.0060523e-02  -8.1128355e+01
  2.6667849892357e+00   1.5304099e-02   3.7731320e-01   4.6132796e+01  -2.6968129e-06   1.6150648e-04   1.9746846e-02  -8.1128355e+01
  2.6716602817206e+00   1.7182860e-02   3.9297934e-01   4.6025941e+01  -1.7408455e-06   2.2717305e-04   2.6606623e-02  -8.1128355e+01
  2.6765355742055e+00   1.9142747e-02   4.1118888e-01   4.5914390e+01  -4.6482177e-07   2.9383613e-04   3.2810485e-02  -8.1128355e+01
  2.6814108666904e+00   2.1204043e-02   4.3447979e-01   4.5796828e+01   1.1077163e-06   3.4493253e-04   3.6357999e-02  -8.1128355e+01
  2.6862861591753e+00   2.3388990e-02   4.6123838e-01   4.5671793e+01   2.8480208e-06   3.6272501e-04   3.5917006e-02  -8.1128355e+01
  2.6911614516602e+00   2.5706026e-02   4.8821986e-01   4.5538610e+01   4.6009366e-06   3.5316956e-04   3.2941821e-02  -8.1128355e+01
  2.6960367441451e+00   2.8151068e-02   5.1364332e-01   4.5397371e+01   6.2466896e-06   3.1735802e-04   2.8049075e-02  -8.1128355e+01
  2.7009120366300e+00   3.0715027e-02   5.3708674e-01   4.5248558e+01   7.6182995e-06   2.4123902e-04   2.0323938e-02  -8.1128355e+01
  2.7057873291148e+00   3.3389144e-02   5.5890577e-01   4.5092700e+01   8.5538038e-06   1.4736498e-04   1.1889455e-02  -8.1128355e+01
  2.7106626215997e+00   3.6163287e-02   5.7794568e-01   4.4930440e+01   9.0938480e-06   8.2847261e-05   6.4406812e-03  -8.1128355e+01
  2.7155379140846e+00   3.9022994e-02   5.9435018e-01   4.4762799e+01   9.4015885e-06   4.6724232e-05   3.5189816e-03  -8.1128355e+01
  2.7204132065695e+00   4.1959217e-02   6.0955360e-01   4.4590538e+01   9.5382473e-06   8.3561527e-06   6.1127577e-04  -8.1128355e+01
  2.7252884990544e+00   4.4968351e-02   6.2439496e-01   4.4414074e+01   9.4516825e-06  -4.2770345e-05  -3.0423136e-03  -8.1128355e+01
  2.7301637915393e+00   4.8050091e-02   6.3935733e-01   4.4233549e+01   9.1479765e-06  -7.3607668e-05  -5.0925018e-03  -8.1128355e+01
  2.7350390840242e+00   5.1204713e-02   6.5421220e-01   4.4048998e+01   8.8275483e-06  -4.8228727e-05  -3.2473058e-03  -8.1128355e+01
  2.7399143765091e+00   5.4430431e-02   6.6847948e-01   4.3860539e+01   8.7703730e-06   2.7540238e-05   1.8069810e-03  -8.1128355e+01
  2.7447896689940e+00   5.7724404e-02   6.8237377e-01   4.3668356e+01   9.1209516e-06   1.1172587e-04   7.1498717e-03  -8.1128355e+01
  2.7496649614789e+00   6.1086803e-02   6.9655638e-01   4.3472445e+01   9.8202856e-06   1.6622264e-04   1.0374041e-02  -8.1128355e+01
  2.7545402539638e+00   6.4519025e-02   7.1104664e-01   4.3272727e+01   1.0694672e-05   1.8808626e-04   1.1446514e-02  -8.1128355e+01
  2.7594155464487e+00   6.8023374e-02   7.2614478e-01   4.3069041e+01   1.1611886e-05   1.8177979e-04   1.0781708e-02  -8.1128355e+01
  2.7642908389336e+00   7.1601980e-02   7.4129531e-01   4.2861188e+01   1.2378986e-05   1.2527833e-04   7.2435076e-03  -8.1128355e+01
  2.7691661314184e+00   7.5251382e-02   7.5501974e-01   4.2649308e+01   1.2750149e-05   2.7784713e-05   1.5694938e-03  -8.1128355e+01
  2.7740414239033e+00   7.8962925e-02   7.6693120e-01   4.2433897e+01   1.2663281e-05  -5.4636804e-05  -3.0230254e-03  -8.1128355e+01
  2.7789167163882e+00   8.2729530e-02   7.7775826e-01   4.2215357e+01   1.2258413e-05  -1.0643927e-04  -5.7773373e-03  -8.1128355e+01
  2.7837920088731e+00   8.6546929e-02   7.8776532e-01   4.1993907e+01   1.1636020e-05  -1.4561174e-04  -7.7622177e-03  -8.1128355e+01
  2.7886673013580e+00   9.0410188e-02   7.9651300e-01   4.1769806e+01   1.0880087e-05  -1.5573473e-04  -8.1668590e-03  -8.1128355e+01
  2.7935425938429e+00   9.4311681e-02   8.0346023e-01   4.1543495e+01   1.0231325e-05  -1.0032689e-04  -5.1874749e-03  -8.1128355e+01
  2.7984178863278e+00   9.8243076e-02   8.0902181e-01   4.1315487e+01   1.0003335e-05   7.8948588e-06   4.0317817e-04  -8.1128355e+01
  2.8032931788127e+00   1.0220133e-01   8.1474028e-01   4.1085986e+01   1.0320447e-05   1.1279972e-04   5.6883008e-03  -8.1128355e+01
  2.8081684712976e+00   1.0619024e-01   8.2160468e-01   4.0854776e+01   1.1013965e-05   1.5683494e-04   7.7987096e-03  -8.1128355e+01
  2.8130437637825e+00   1.1021498e-01   8.2926848e-01   4.0621535e+01   1.1718572e-05   1.2176070e-04   5.9644213e-03  -8.1128355e+01
  2.8179190562674e+00   1.1427675e-01   8.3658750e-01   4.0386168e+01   1.2114674e-05   3.9481691e-05   1.9059742e-03  -8.1128355e+01
  2.8227943487523e+00   1.1837067e-01   8.4233532e-01   4.0148949e+01   1.2078546e-05  -5.0834327e-05  -2.4229600e-03  -8.1128355e+01
  2.8276696412371e+00   1.2248699e-01   8.4578111e-01   3.9910456e+01   1.1609301e-05  -1.3810934e-04  -6.5170606e-03  -8.1128355e+01
  2.8325449337220e+00   1.2661378e-01   8.4671961e-01   3.9671407e+01   1.0732837e-05  -2.1606170e-04  -1.0123152e-02  -8.1128355e+01
  2.8374202262069e+00   1.3073946e-01   8.4550763e-01   3.9432503e+01   9.5466987e-06  -2.6003364e-04  -1.2127362e-02  -8.1128355e+01
  2.8422955186918e+00   1.3485549e-01   8.4297306e-01   3.9194258e+01   8.3054803e-06  -2.3908309e-04  -1.1116232e-02  -8.1128355e+01
  2.8471708111767e+00   1.3895822e-01   8.4019981e-01   3.8956879e+01   7.2803403e-06  -1.8374949e-04  -8.5197669e-03  -8.1128355e+01
  2.8520461036616e+00   1.4304678e-01   8.3697257e-01   3.8720374e+01   6.4671630e-06  -1.5773854e-04  -7.2973660e-03  -8.1128355e+01
  2.8569213961465e+00   1.4711506e-01   8.3164854e-01   3.8485061e+01   5.7111304e-06  -1.5118255e-04  -6.9960678e-03  -8.1128355e+01
  2.8617966886314e+00   1.5114937e-01   8.2311714e-01   3.8251753e+01   5.0465130e-06  -1.1572077e-04  -5.3777552e-03  -8.1128355e+01
  2.8666719811163e+00   1.5513565e-01   8.1233782e-01   3.8021330e+01   4.6514294e-06  -4.4119116e-05  -2.0649876e-03  -8.1128355e+01
  2.8715472736012e+00   1.5906827e-01   8.0147246e-01   3.7794167e+01   4.6586802e-06   4.4904861e-05   2.1175298e-03  -8.1128355e+01
  2.8764225660861e+00   1.6295139e-01   7.9212789e-01   3.7570021e+01   5.0725095e-06   1.1520301e-04   5.4639910e-03  -8.1128355e+01
  2.8812978585709e+00   1.6679311e-01   7.8428652e-01   3.7348371e+01   5.6779554e-06   1.1873859e-04   5.6544295e-03  -8.1128355e+01
  2.8861731510558e+00   1.7059750e-01   7.7655750e-01   3.7128919e+01   6.0941392e-06   4.5345351e-05   2.1680608e-03  -8.1128355e+01
  2.8910484435407e+00   1.7436178e-01   7.6756156e-01   3.6911797e+01   6.0773502e-06  -4.7297690e-05  -2.2745312e-03  -8.1128355e+01
  2.8959237360256e+00   1.7807259e-01   7.5435218e-01   3.6697780e+01   5.6597598e-06  -1.1586053e-04  -5.6363917e-03  -8.1128355e+01
  2.9007990285105e+00   1.8170962e-01   7.3526835e-01   3.6507759e+01   5.0256859e-06  -1.3150482e-04  -6.5295157e-03  -8.1128355e+01
  2.9056743209954e+00   1.8517358e-01   6.8938738e-01   3.6507760e+01   4.5182146e-06  -6.8510906e-05  -3.6281193e-03  -8.1128355e+01
  2.9105496134803e+00   1.8844926e-01   6.5783001e-01   3.6507760e+01   4.4179676e-06   2.4311966e-05   1.3492474e-03  -8.1128355e+01
  2.9154249059652e+00   1.9160279e-01   6.3801668e-01   3.6507759e+01   4.7328170e-06   9.5669002e-05   5.4742470e-03  -8.1128355e+01
  2.9203001984501e+00   1.9467837e-01   6.2490951e-01   3.6507759e+01   5.2698878e-06   1.1201159e-04   6.5438151e-03  -8.1128355e+01
  2.9251754909350e+00   1.9769942e-01   6.1503520e-01   3.6507760e+01   5.6962580e-06   5.4164311e-05   3.2151292e-03  -8.1128355e+01
  2.9300507834199e+00   2.0067591e-01   6.0654439e-01   3.6507760e+01   5.7211013e-06  -4.3306466e-05  -2.6066056e-03  -8.1128355e+01
  2.9349260759048e+00   2.0361509e-01   5.9964959e-01   3.6507759e+01   5.2709425e-06  -1.3261475e-04  -8.0738275e-03  -8.1128355e+01
  2.9398013683897e+00   2.0652255e-01   5.9325413e-01   3.6507758e+01   4.5153220e-06  -1.6359880e-04  -1.0067566e-02  -8.1128355e+01
  2.9446766608745e+00   2.0939779e-01   5.8643462e-01   3.6507759e+01   3.8025579e-06  -1.1898957e-04  -7.4075478e-03  -8.1128355e+01
  2.9495519533594e+00   2.1224017e-01   5.8001428e-01   3.6507760e+01   3.4417768e-06  -2.8530558e-05  -1.7957950e-03  -8.1128355e+01
  2.9544272458443e+00   2.1505532e-01   5.7537135e-01   3.6507760e+01   3.5312729e-06   5.7903312e-05   3.6740102e-03  -8.1128355e+01
  2.9593025383292e+00   2.1785310e-01   5.7257777e-01   3.6507759e+01   3.9548252e-06   1.0646182e-04   6.7880429e-03  -8.1128355e+01
  2.9641778308141e+00   2.2063626e-01   5.6900799e-01   3.6507759e+01   4.4871567e-06   1.0253698e-04   6.5788100e-03  -8.1128355e+01
  2.9690531232990e+00   2.2339788e-01   5.6385946e-01   3.6507760e+01   4.8604386e-06   4.4467856e-05   2.8791249e-03  -8.1128355e+01
  2.9739284157839e+00   2.2613210e-01   5.5793779e-01   3.6507760e+01   4.8606648e-06  -4.1666618e-05  -2.7263880e-03  -8.1128355e+01
  2.9788037082688e+00   2.2883704e-01   5.5196312e-01   3.6507759e+01   4.4836179e-06  -1.0377541e-04  -6.8638784e-03  -8.1128355e+01
  2.9836790007537e+00   2.3151428e-01   5.4667093e-01   3.6507759e+01   3.9120917e-06  -1.2506411e-04  -8.3520273e-03  -8.1128355e+01
  2.9885542932386e+00   2.3416804e-01   5.4220154e-01   3.6507759e+01   3.2681350e-06  -1.4157600e-04  -9.5326589e-03  -8.1128355e+01
  2.9934295857235e+00   2.3679975e-01   5.3741097e-01   3.6507758e+01   2.4776226e-06  -1.8709239e-04  -1.2709684e-02  -8.1128355e+01
  2.9983048782084e+00   2.3940532e-01   5.3149036e-01   3.6507756e+01   1.3930012e-06  -2.5631697e-04  -1.7606260e-02  -8.1128355e+01
  3.0031801706932e+00   2.4197969e-01   5.2474084e-01   3.6507754e+01   7.0723882e-09  -3.0268412e-04  -2.1058619e-02  -8.1128355e+01
  3.0080554631781e+00   2.4452087e-01   5.1806534e-01   3.6507754e+01  -1.4614592e-06  -2.8923081e-04  -2.0381921e-02  -8.1128355e+01
  3.0129307556630e+00   2.4703203e-01   5.1251070e-01   3.6507756e+01  -2.7106118e-06  -2.1801500e-04  -1.5529897e-02  -8.1128355e+01
  3.0178060481479e+00   2.4951944e-01   5.0823604e-01   3.6507759e+01  -3.5245303e-06  -1.1650296e-04  -8.3686745e-03  -8.1128355e+01
  3.0226813406328e+00   2.5198847e-01   5.0484513e-01   3.6507760e+01  -3.8239195e-06  -1.1241024e-05  -8.1289206e-04  -8.1128355e+01
  3.0275566331177e+00   2.5444185e-01   5.0172377e-01   3.6507759e+01  -3.6501601e-06   7.4281582e-05   5.4050741e-03  -8.1128355e+01
  3.0324319256026e+00   2.5688029e-01   4.9875853e-01   3.6507759e+01  -3.1661551e-06   1.1310280e-04   8.2788154e-03  -8.1128355e+01
  3.0373072180875e+00   2.5930550e-01   4.9633549e-01   3.6507759e+01  -2.6481854e-06   9.0509623e-05   6.6573992e-03  -8.1128355e+01
  3.0421825105724e+00   2.6172064e-01   4.9459034e-01   3.6507760e+01  -2.3540507e-06   2.9886531e-05   2.2060486e-03  -8.1128355e+01
  3.0470578030573e+00   2.6412849e-01   4.9326761e-01   3.6507760e+01  -2.3430147e-06  -1.7631002e-05  -1.3049071e-03  -8.1128355e+01
  3.0519330955422e+00   2.6653008e-01   4.9194168e-01   3.6507760e+01  -2.4566280e-06  -2.1709518e-05  -1.6110972e-03  -8.1128355e+01
  3.0568083880270e+00   2.6892415e-01   4.9013060e-01   3.6507760e+01  -2.5040419e-06   3.9382646e-06   2.9334470e-04  -8.1128355e+01
  3.0616836805119e+00   2.7130753e-01   4.8756170e-01   3.6507760e+01  -2.4075990e-06   3.4143040e-05   2.5565706e-03  -8.1128355e+01
  3.0665589729968e+00   2.7367660e-01   4.8432786e-01   3.6507759e+01  -2.1709747e-06   6.1923192e-05   4.6676583e-03  -8.1128355e+01
  3.0714342654817e+00   2.7602896e-01   4.8079233e-01   3.6507759e+01  -1.7967653e-06   9.0868341e-05   6.8998595e-03  -8.1128355e+01
  3.0763095579666e+00   2.7836426e-01   4.7738892e-01   3.6507759e+01  -1.2838999e-06   1.1740929e-04   8.9787382e-03  -8.1128355e+01
  3.0811848504515e+00   2.8068406e-01   4.7446727e-01   3.6507758e+01  -6.6987622e-07   1.3109423e-04   1.0087011e-02  -8.1128355e+01
  3.0860601429364e+00   2.8299127e-01   4.7221158e-01   3.6507758e+01  -3.7222659e-08   1.2529095e-04   9.6865299e-03  -8.1128355e+01
  3.0909354354213e+00   2.8528913e-01   4.7059097e-01   3.6507759e+01   5.1968926e-07   1.0123353e-04   7.8535495e-03  -8.1128355e+01
  3.0958107279062e+00   2.8758027e-01   4.6939499e-01   3.6507759e+01   9.1860688e-07   6.1172404e-05   4.7577573e-03  -8.1128355e+01
  3.1006860203911e+00   2.8986597e-01   4.6829392e-01   3.6507760e+01   1.0896242e-06   9.9196014e-06   7.7332292e-04  -8.1128355e+01
  3.1055613128760e+00   2.9214585e-01   4.6697497e-01   3.6507760e+01   1.0177215e-06  -3.4932225e-05  -2.7309757e-03  -8.1128355e+01
  3.1104366053608e+00   2.9441835e-01   4.6526150e-01   3.6507760e+01   7.8899973e-07  -5.2660464e-05  -4.1321183e-03  -8.1128355e+01
  3.1153118978457e+00   2.9668139e-01   4.6310950e-01   3.6507760e+01   5.5670916e-07  -3.8781263e-05  -3.0571971e-03  -8.1128355e+01
  3.1201871903306e+00   2.9893293e-01   4.6057350e-01   3.6507760e+01   4.3771679e-07  -1.0636936e-05  -8.4314604e-04  -8.1128355e+01
  3.1250624828155e+00   3.0117148e-01   4.5782418e-01   3.6507760e+01   4.4363032e-07   9.8823344e-06   7.8803591e-04  -8.1128355e+01
  3.1299377753004e+00   3.0339654e-01   4.5507642e-01   3.6507760e+01   5.1051611e-07   1.5196778e-05   1.2191366e-03  -8.1128355e+01
  3.1348130677853e+00   3.0560857e-01   4.5249011e-01   3.6507760e+01   5.8004979e-07   1.3215765e-05   1.0662730e-03  -8.1128355e+01
  3.1396883602702e+00   3.0780858e-01   4.5014398e-01   3.6507760e+01   6.4674088e-07   1.5515894e-05   1.2583764e-03  -8.1128355e+01
  3.1445636527551e+00   3.0999780e-01   4.4805576e-01   3.6507760e+01   7.4940175e-07   2.7935258e-05   2.2761759e-03  -8.1128355e+01
  3.1494389452400e+00   3.1217748e-01   4.4622441e-01   3.6507760e+01   9.3574365e-07   4.8678885e-05   3.9826531e-03  -8.1128355e+01
  3.1543142377249e+00   3.1434889e-01   4.4465335e-01   3.6507759e+01   1.2271583e-06   6.9143645e-05   5.6769607e-03  -8.1128355e+01
  3.1591895302098e+00   3.1651334e-01   4.4336734e-01   3.6507759e+01   1.5923696e-06   7.7530809e-05   6.3840429e-03  -8.1128355e+01
  3.1640648226947e+00   3.1867236e-01   4.4242175e-01   3.6507759e+01   1.9507456e-06   6.6447823e-05   5.4831417e-03  -8.1128355e+01
  3.1689401151795e+00   3.2082765e-01   4.4181756e-01   3.6507760e+01   2.2068446e-06   3.7074076e-05   3.0634624e-03  -8.1128355e+01
  3.1738154076644e+00   3.2298062e-01   4.4143463e-01   3.6507760e+01   2.2904421e-06  -2.1567018e-06  -1.7836469e-04  -8.1128355e+01
  3.1786907001493e+00   3.2513187e-01   4.4107005e-01   3.6507760e+01   2.1827207e-06  -3.9557309e-05  -3.2741935e-03  -8.1128355e+01
  3.1835659926342e+00   3.2728089e-01   4.4049421e-01   3.6507759e+01   1.9175714e-06  -6.6120515e-05  -5.4800082e-03  -8.1128355e+01
  3.1884412851191e+00   3.2942615e-01   4.3951469e-01   3.6507759e+01   1.5564209e-06  -7.9526359e-05  -6.6057613e-03  -8.1128355e+01
  3.1933165776040e+00   3.3156543e-01   4.3805645e-01   3.6507759e+01   1.1586452e-06  -8.1949075e-05  -6.8296610e-03  -8.1128355e+01
  3.1981918700889e+00   3.3369651e-01   4.3618376e-01   3.6507759e+01   7.7298773e-07  -7.4912754e-05  -6.2700564e-03  -8.1128355e+01
  3.2030671625738e+00   3.3581770e-01   4.3403074e-01   3.6507759e+01   4.4615858e-07  -5.8079195e-05  -4.8852329e-03  -8.1128355e+01
  3.2079424550587e+00   3.3792794e-01   4.3171560e-01   3.6507760e+01   2.2450295e-07  -3.2553110e-05  -2.7528334e-03  -8.1128355e+01
  3.2128177475436e+00   3.4002666e-01   4.2931842e-01   3.6507760e+01   1.3927454e-07  -3.3744991e-06  -2.8695578e-04  -8.1128355e+01
  3.2176930400285e+00   3.4211363e-01   4.2690396e-01   3.6507760e+01   1.8981637e-07   2.2025734e-05   1.8835857e-03  -8.1128355e+01
  3.2225683325134e+00   3.4418891e-01   4.2453475e-01   3.6507760e+01   3.4085009e-07   3.7413466e-05   3.2173616e-03  -8.1128355e+01
  3.2274436249983e+00   3.4625288e-01   4.2226498e-01   3.6507760e+01   5.3576770e-07   4.0454629e-05   3.4975855e-03  -8.1128355e+01
  3.2323189174831e+00   3.4830611e-01   4.2013546e-01   3.6507760e+01   7.1871075e-07   3.3606527e-05   2.9202463e-03  -8.1128355e+01
  3.2371942099680e+00   3.5034937e-01   4.1816767e-01   3.6507760e+01   8.5573857e-07   2.2914363e-05   2.0005183e-03  -8.1128355e+01
  3.2420695024529e+00   3.5238342e-01   4.1634376e-01   3.6507760e+01   9.4537547e-07   1.5044386e-05   1.3191908e-03  -8.1128355e+01
  3.2469447949378e+00   3.5440881e-01   4.1459676e-01   3.6507760e+01   1.0131789e-06   1.4090850e-05   1.2407848e-03  -8.1128355e+01
  3.2518200874227e+00   3.5642569e-01   4.1284815e-01   3.6507760e+01   1.0950080e-06   2.0286317e-05   1.7938992e-03  -8.1128355e+01
  3.2566953799076e+00   3.5843398e-01   4.1107468e-01   3.6507760e+01   1.2190143e-06   3.0547200e-05   2.7129130e-03  -8.1128355e+01
  3.2615706723925e+00   3.6043370e-01   4.0934663e-01   3.6507760e+01   1.3936431e-06   4.0321209e-05   3.5960648e-03  -8.1128355e+01
  3.2664459648774e+00   3.6242538e-01   4.0779791e-01   3.6507760e+01   1.6064023e-06   4.5852683e-05   4.1049223e-03  -8.1128355e+01
  3.2713212573623e+00   3.6441022e-01   4.0654554e-01   3.6507760e+01   1.8313705e-06   4.5467025e-05   4.0829355e-03  -8.1128355e+01
  3.2761965498472e+00   3.6638981e-01   4.0563017e-01   3.6507760e+01   2.0413908e-06   4.0322865e-05   3.6291617e-03  -8.1128355e+01
  3.2810718423321e+00   3.6836570e-01   4.0500317e-01   3.6507760e+01   2.2220382e-06   3.4234128e-05   3.0859297e-03  -8.1128355e+01
  3.2859471348170e+00   3.7033902e-01   4.0454469e-01   3.6507760e+01   2.3806445e-06   3.1843290e-05   2.8736681e-03  -8.1128355e+01
  3.2908224273018e+00   3.7231020e-01   4.0409877e-01   3.6507760e+01   2.5427692e-06   3.5519915e-05   3.2089989e-03  -8.1128355e+01
  3.2956977197867e+00   3.7427890e-01   4.0350915e-01   3.6507760e+01   2.7345405e-06   4.3162752e-05   3.9051788e-03  -8.1128355e+01
  3.3005730122716e+00   3.7624410e-01   4.0265493e-01   3.6507759e+01   2.9627378e-06   4.9591144e-05   4.4963104e-03  -8.1128355e+01
  3.3054483047565e+00   3.7820434e-01   4.0148707e-01   3.6507759e+01   3.2096390e-06   5.0601740e-05   4.6012843e-03  -8.1128355e+01
  3.3103235972414e+00   3.8015817e-01   4.0004799e-01   3.6507760e+01   3.4464421e-06   4.5967931e-05   4.1949621e-03  -8.1128355e+01
  3.3151988897263e+00   3.8210455e-01   3.9845880e-01   3.6507760e+01   3.6534117e-06   3.9207045e-05   3.5922443e-03  -8.1128355e+01
  3.3200741822112e+00   3.8404313e-01   3.9687756e-01   3.6507760e+01   3.8318972e-06   3.4875441e-05   3.2081033e-03  -8.1128355e+01
  3.3249494746961e+00   3.8597434e-01   3.9544756e-01   3.6507760e+01   4.0016083e-06   3.5609212e-05   3.2874461e-03  -8.1128355e+01
  3.3298247671810e+00   3.8789916e-01   3.9425926e-01   3.6507760e+01   4.1867984e-06   4.0686561e-05   3.7675087e-03  -8.1128355e+01
  3.3347000596659e+00   3.8981887e-01   3.9333883e-01   3.6507760e+01   4.4007560e-06   4.6682597e-05   4.3328471e-03  -8.1128355e+01
  3.3395753521508e+00   3.9173471e-01   3.9265836e-01   3.6507759e+01   4.6374555e-06   4.9508230e-05   4.6030717e-03  -8.1128355e+01
  3.3444506446356e+00   3.9364771e-01   3.9215596e-01   3.6507760e+01   4.8739230e-06   4.6548366e-05   4.3334202e-03  -8.1128355e+01
  3.3493259371205e+00   3.9555856e-01   3.9175953e-01   3.6507760e+01   5.0807408e-06   3.7738200e-05   3.5167928e-03  -8.1128355e+01
  3.3542012296054e+00   3.9746761e-01   3.9140858e-01   3.6507760e+01   5.2338804e-06   2.5092172e-05   2.3404162e-03  -8.1128355e+01
  3.3590765220903e+00   3.9937498e-01   3.9106585e-01   3.6507760e+01   5.3213113e-06   1.1223882e-05   1.0477999e-03  -8.1128355e+01
  3.3639518145752e+00   4.0128066e-01   3.9071426e-01   3.6507760e+01   5.3422386e-06  -1.9908382e-06  -1.8602096e-04  -8.1128355e+01
  3.3688271070601e+00   4.0318458e-01   3.9034272e-01   3.6507760e+01   5.3025220e-06  -1.3585261e-05  -1.2705948e-03  -8.1128355e+01
  3.3737023995450e+00   4.0508660e-01   3.8993171e-01   3.6507760e+01   5.2120913e-06  -2.2698954e-05  -2.1252131e-03  -8.1128355e+01
  3.3785776920299e+00   4.0698645e-01   3.8944979e-01   3.6507760e+01   5.0862421e-06  -2.7982634e-05  -2.6231450e-03  -8.1128355e+01
  3.3834529845148e+00   4.0888371e-01   3.8886462e-01   3.6507760e+01   4.9473880e-06  -2.8033066e-05  -2.6318270e-03  -8.1128355e+01
  3.3883282769997e+00   4.1077781e-01   3.8815879e-01   3.6507760e+01   4.8223006e-06  -2.2644091e-05  -2.1297599e-03  -8.1128355e+01
  3.3932035694846e+00   4.1266817e-01   3.8733640e-01   3.6507760e+01   4.7338050e-06  -1.3588162e-05  -1.2807300e-03  -8.1128355e+01
  3.3980788619695e+00   4.1455427e-01   3.8641748e-01   3.6507760e+01   4.6923672e-06  -3.8797221e-06  -3.6654647e-04  -8.1128355e+01
  3.4029541544544e+00   4.1643569e-01   3.8542740e-01   3.6507760e+01   4.6941476e-06   3.8921512e-06   3.6866534e-04  -8.1128355e+01
  3.4078294469392e+00   4.1831216e-01   3.8438709e-01   3.6507760e+01   4.7266446e-06   8.8375345e-06   8.3935854e-04  -8.1128355e+01
  3.4127047394241e+00   4.2018346e-01   3.8330639e-01   3.6507760e+01   4.7779832e-06   1.1980489e-05   1.1410736e-03  -8.1128355e+01
  3.4175800319090e+00   4.2204938e-01   3.8218312e-01   3.6507760e+01   4.8444781e-06   1.5405582e-05   1.4716068e-03  -8.1128355e+01
  3.4224553243939e+00   4.2390970e-01   3.8100906e-01   3.6507760e+01   4.9321847e-06   2.0785668e-05   1.9916539e-03  -8.1128355e+01
  3.4273306168788e+00   4.2576415e-01   3.7978188e-01   3.6507760e+01   5.0516134e-06   2.8211092e-05   2.7118824e-03  -8.1128355e+01
  3.4322059093637e+00   4.2761253e-01   3.7851885e-01   3.6507760e+01   5.2093465e-06   3.6131820e-05   3.4848774e-03  -8.1128355e+01
  3.4370812018486e+00   4.2945474e-01   3.7726384e-01   3.6507760e+01   5.4023153e-06   4.2382179e-05   4.1013165e-03  -8.1128355e+01
  3.4419564943335e+00   4.3129099e-01   3.7607895e-01   3.6507759e+01   5.6180921e-06   4.5441879e-05   4.4112579e-03  -8.1128355e+01
  3.4468317868184e+00   4.3312176e-01   3.7502190e-01   3.6507760e+01   5.8399349e-06   4.5042714e-05   4.3848334e-03  -8.1128355e+01
  3.4517070793033e+00   4.3494777e-01   3.7412260e-01   3.6507760e+01   6.0525763e-06   4.1936684e-05   4.0922798e-03  -8.1128355e+01
  3.4565823717882e+00   4.3676979e-01   3.7337417e-01   3.6507760e+01   6.2457610e-06   3.7321842e-05   3.6492531e-03  -8.1128355e+01
  3.4614576642731e+00   4.3858847e-01   3.7274283e-01   3.6507760e+01   6.4152814e-06   3.2436508e-05   3.1769471e-03  -8.1128355e+01
  3.4663329567579e+00   4.4040427e-01   3.7218742e-01   3.6507760e+01   6.5626878e-06   2.8390447e-05   2.7848110e-03  -8.1128355e+01
  3.4712082492428e+00   4.4221749e-01   3.7167480e-01   3.6507760e+01   6.6943749e-06   2.6045985e-05   2.5583670e-03  -8.1128355e+01
  3.4760835417277e+00   4.4402827e-01   3.7118425e-01   3.6507760e+01   6.8199655e-06   2.5846326e-05   2.5421107e-03  -8.1128355e+01
  3.4809588342126e+00   4.4583669e-01   3.7070479e-01   3.6507760e+01   6.9497949e-06   2.7639058e-05   2.7219505e-03  -8.1128355e+01
  3.4858341266975e+00   4.4764280e-01   3.7023355e-01   3.6507760e+01   7.0919140e-06   3.0689134e-05   3.0261751e-03  -8.1128355e+01
  3.4907094191824e+00   4.4944664e-01   3.6977820e-01   3.6507760e+01   7.2500166e-06   3.4036119e-05   3.3603453e-03  -8.1128355e+01
  3.4955847116673e+00   4.5124834e-01   3.6935778e-01   3.6507760e+01   7.4236672e-06   3.7014736e-05   3.6585802e-03  -8.1128355e+01
  3.5004600041522e+00   4.5304812e-01   3.6899492e-01   3.6507760e+01   7.6105851e-06   3.9518367e-05   3.9098831e-03  -8.1128355e+01
  3.5053352966371e+00   4.5484631e-01   3.6870144e-01   3.6507760e+01   7.8089813e-06   4.1769211e-05   4.1358676e-03  -8.1128355e+01
  3.5102105891220e+00   4.5664323e-01   3.6846722e-01   3.6507760e+01   8.0178721e-06   4.3792718e-05   4.3389857e-03  -8.1128355e+01
  3.5150858816069e+00   4.5843910e-01   3.6826125e-01   3.6507759e+01   8.2349882e-06   4.5018743e-05   4.4629551e-03  -8.1128355e+01
  3.5199611740917e+00   4.6023394e-01   3.6804306e-01   3.6507760e+01   8.4536996e-06   4.4288086e-05   4.3931240e-03  -8.1128355e+01
  3.5248364665766e+00   4.6202761e-01   3.6777542e-01   3.6507760e+01   8.6611151e-06   4.0303229e-05   4.0007584e-03  -8.1128355e+01
  3.5297117590615e+00   4.6381979e-01   3.6742989e-01   3.6507760e+01   8.8392315e-06   3.2378551e-05   3.2171263e-03  -8.1128355e+01
  3.5345870515464e+00   4.6561004e-01   3.6698524e-01   3.6507760e+01   8.9697806e-06   2.1131300e-05   2.1021457e-03  -8.1128355e+01
  3.5394623440313e+00   4.6739784e-01   3.6642525e-01   3.6507760e+01   9.0412477e-06   8.6230237e-06   8.5913096e-04  -8.1128355e+01
  3.5443376365162e+00   4.6918260e-01   3.6574141e-01   3.6507760e+01   9.0545322e-06  -2.3162238e-06  -2.3120199e-04  -8.1128355e+01
  3.5492129290011e+00   4.7096372e-01   3.6493998e-01   3.6507760e+01   9.0236929e-06  -9.3206867e-06  -9.3242015e-04  -8.1128355e+01
  3.5540882214860e+00   4.7274069e-01   3.6404900e-01   3.6507760e+01   8.9707302e-06  -1.1571965e-05  -1.1604661e-03  -8.1128355e+01
  3.5589635139709e+00   4.7451320e-01   3.6312043e-01   3.6507760e+01   8.9170275e-06  -1.0029668e-05  -1.0083726e-03  -8.1128355e+01
  3.5638388064558e+00   4.7628123e-01   3.6222472e-01   3.6507760e+01   8.8763014e-06  -6.6537939e-06  -6.7061990e-04  -8.1128355e+01
  3.5687140989407e+00   4.7804514e-01   3.6143717e-01   3.6507760e+01   8.8527846e-06  -3.1912270e-06  -3.2233694e-04  -8.1128355e+01
  3.5735893914256e+00   4.7980562e-01   3.6081819e-01   3.6507760e+01   8.8445919e-06  -3.7192453e-07  -3.7631506e-05  -8.1128355e+01
  3.5784646839104e+00   4.8156357e-01   3.6039351e-01   3.6507760e+01   8.8489410e-06   2.0636926e-06   2.0905147e-04  -8.1128355e+01
  3.5833399763953e+00   4.8331990e-01   3.6014357e-01   3.6507760e+01   8.8655540e-06   4.7491521e-06   4.8142163e-04  -8.1128355e+01
  3.5882152688802e+00   4.8507533e-01   3.6000930e-01   3.6507760e+01   8.8967598e-06   8.0452015e-06   8.1584637e-04  -8.1128355e+01
  3.5930905613651e+00   4.8683024e-01   3.5991303e-01   3.6507760e+01   8.9452683e-06   1.1756174e-05   1.1924869e-03  -8.1128355e+01
  3.5979658538500e+00   4.8858462e-01   3.5978321e-01   3.6507760e+01   9.0116353e-06   1.5255513e-05   1.5480005e-03  -8.1128355e+01
  3.6028411463349e+00   4.9033818e-01   3.5957031e-01   3.6507760e+01   9.0930114e-06   1.7842092e-05   1.8115367e-03  -8.1128355e+01
  3.6077164388198e+00   4.9209042e-01   3.5924818e-01   3.6507760e+01   9.1837578e-06   1.9117890e-05   1.9428110e-03  -8.1128355e+01
  3.6125917313047e+00   4.9384080e-01   3.5880619e-01   3.6507760e+01   9.2775960e-06   1.9219550e-05   1.9555479e-03  -8.1128355e+01
  3.6174670237896e+00   4.9558871e-01   3.5824197e-01   3.6507760e+01   9.3702400e-06   1.8778936e-05   1.9137258e-03  -8.1128355e+01
  3.6223423162745e+00   4.9733358e-01   3.5756118e-01   3.6507760e+01   9.4611059e-06   1.8609680e-05   1.9000880e-03  -8.1128355e+01
  3.6272176087594e+00   4.9907486e-01   3.5678266e-01   3.6507760e+01   9.5531935e-06   1.9320340e-05   1.9769524e-03  -8.1128355e+01
  3.6320929012442e+00   5.0081218e-01   3.5594286e-01   3.6507760e+01   9.6514883e-06   2.1123158e-05   2.1665252e-03  -8.1128355e+01
  3.6369681937292e+00   5.0254536e-01   3.5509468e-01   3.6507760e+01   9.7611452e-06   2.3915718e-05   2.4588071e-03  -8.1128355e+01
  3.6418434862140e+00   5.0427452e-01   3.5429929e-01   3.6507760e+01   9.8864414e-06   2.7474072e-05   2.8309874e-03  -8.1128355e+01
  3.6467187786989e+00   5.0600005e-01   3.5361313e-01   3.6507760e+01   1.0030518e-05   3.1562240e-05   3.2585517e-03  -8.1128355e+01
  3.6515940711838e+00   5.0772259e-01   3.5307444e-01   3.6507760e+01   1.0195294e-05   3.5902115e-05   3.7122648e-03  -8.1128355e+01
  3.6564693636687e+00   5.0944291e-01   3.5269488e-01   3.6507760e+01   1.0381023e-05   4.0079006e-05   4.1486134e-03  -8.1128355e+01
  3.6613446561536e+00   5.1116176e-01   3.5245965e-01   3.6507759e+01   1.0585474e-05   4.3494676e-05   4.5051771e-03  -8.1128355e+01
  3.6662199486385e+00   5.1287975e-01   3.5233475e-01   3.6507759e+01   1.0803153e-05   4.5433912e-05   4.7077115e-03  -8.1128355e+01
  3.6710952411234e+00   5.1459732e-01   3.5227631e-01   3.6507759e+01   1.1025122e-05   4.5229187e-05   4.6872760e-03  -8.1128355e+01
  3.6759705336083e+00   5.1631468e-01   3.5223737e-01   3.6507760e+01   1.1239721e-05   4.2454644e-05   4.4002257e-03  -8.1128355e+01
  3.6808458260932e+00   5.1803179e-01   3.5217136e-01   3.6507760e+01   1.1434171e-05   3.7084844e-05   3.8443914e-03  -8.1128355e+01
  3.6857211185781e+00   5.1974842e-01   3.5203567e-01   3.6507760e+01   1.1596774e-05   2.9578777e-05   3.0674587e-03  -8.1128355e+01
  3.6905964110630e+00   5.2146415e-01   3.5179809e-01   3.6507760e+01   1.1719275e-05   2.0860977e-05   2.1648427e-03  -8.1128355e+01
  3.6954717035479e+00   5.2317842e-01   3.5144461e-01   3.6507760e+01   1.1798832e-05   1.2185971e-05   1.2658681e-03  -8.1128355e+01
  3.7003469960327e+00   5.2489069e-01   3.5098295e-01   3.6507760e+01   1.1839070e-05   4.9012780e-06   5.0981018e-04  -8.1128355e+01
  3.7052222885176e+00   5.2660050e-01   3.5043876e-01   3.6507760e+01   1.1849782e-05   1.4368156e-07   1.4968355e-05  -8.1128355e+01
  3.7100975810025e+00   5.2830751e-01   3.4984706e-01   3.6507760e+01   1.1845089e-05  -1.4815215e-06  -1.5460193e-04  -8.1128355e+01
  3.7149728734874e+00   5.3001160e-01   3.4924555e-01   3.6507760e+01   1.1840177e-05  -1.4321923e-07  -1.4971166e-05  -8.1128355e+01
  3.7198481659723e+00   5.3171281e-01   3.4867285e-01   3.6507760e+01   1.1847355e-05   3.1961088e-06   3.3464829e-04  -8.1128355e+01
  3.7247234584572e+00   5.3341138e-01   3.4816855e-01   3.6507760e+01   1.1872822e-05   7.0872711e-06   7.4314693e-04  -8.1128355e+01
  3.7295987509421e+00   5.3510775e-01   3.4776863e-01   3.6507760e+01   1.1915648e-05   1.0153512e-05   1.0658868e-03  -8.1128355e+01
  3.7344740434270e+00   5.3680248e-01   3.4749451e-01   3.6507760e+01   1.1969557e-05   1.1627126e-05   1.2215455e-03  -8.1128355e+01
  3.7393493359119e+00   5.3849619e-01   3.4734132e-01   3.6507760e+01   1.2026583e-05   1.1552209e-05   1.2142098e-03  -8.1128355e+01
  3.7442246283968e+00   5.4018939e-01   3.4727386e-01   3.6507760e+01   1.2080587e-05   1.0542852e-05   1.1083354e-03  -8.1128355e+01
  3.7490999208816e+00   5.4188235e-01   3.4723453e-01   3.6507760e+01   1.2128814e-05   9.2849730e-06   9.7620927e-04  -8.1128355e+01
  3.7539752133665e+00   5.4357506e-01   3.4716035e-01   3.6507760e+01   1.2171117e-05   8.1306156e-06   8.5502438e-04  -8.1128355e+01
  3.7588505058514e+00   5.4526721e-01   3.4700079e-01   3.6507760e+01   1.2208007e-05   7.0314061e-06   7.3977032e-04  -8.1128355e+01
  3.7637257983363e+00   5.4695830e-01   3.4672915e-01   3.6507760e+01   1.2239238e-05   5.7854568e-06   6.0916155e-04  -8.1128355e+01
  3.7686010908212e+00   5.4864778e-01   3.4634468e-01   3.6507760e+01   1.2263882e-05   4.3544658e-06   4.5899880e-04  -8.1128355e+01
  3.7734763833061e+00   5.5033514e-01   3.4586759e-01   3.6507760e+01   1.2281591e-05   3.0050546e-06   3.1719599e-04  -8.1128355e+01
  3.7783516757910e+00   5.5202001e-01   3.4533144e-01   3.6507760e+01   1.2293904e-05   2.2046785e-06   2.3307427e-04  -8.1128355e+01
  3.7832269682759e+00   5.5370221e-01   3.4477612e-01   3.6507760e+01   1.2304648e-05   2.3862784e-06   2.5267898e-04  -8.1128355e+01
  3.7881022607608e+00   5.5538173e-01   3.4424188e-01   3.6507760e+01   1.2319241e-05   3.7532673e-06   3.9804390e-04  -8.1128355e+01
  3.7929775532457e+00   5.5705878e-01   3.4376274e-01   3.6507760e+01   1.2343368e-05   6.2273536e-06   6.6134779e-04  -8.1128355e+01
  3.7978528457306e+00   5.5873367e-01   3.4335893e-01   3.6507760e+01   1.2381784e-05   9.5317040e-06   1.0134618e-03  -8.1128355e+01
  3.8027281382155e+00   5.6040679e-01   3.4303128e-01   3.6507760e+01   1.2437685e-05   1.3329813e-05   1.4186508e-03  -8.1128355e+01
  3.8076034307003e+00   5.6207847e-01   3.4276161e-01   3.6507760e+01   1.2512724e-05   1.7335750e-05   1.8464419e-03  -8.1128355e+01
  3.8124787231852e+00   5.6374892e-01   3.4252069e-01   3.6507760e+01   1.2607391e-05   2.1357166e-05   2.2763655e-03  -8.1128355e+01
  3.8173540156701e+00   5.6541821e-01   3.4228028e-01   3.6507760e+01   1.2721456e-05   2.5282513e-05   2.6966436e-03  -8.1128355e+01
  3.8222293081550e+00   5.6708629e-01   3.4202329e-01   3.6507760e+01   1.2854259e-05   2.9037232e-05   3.0994506e-03  -8.1128355e+01
  3.8271046006399e+00   5.6875306e-01   3.4174749e-01   3.6507760e+01   1.3004729e-05   3.2514207e-05   3.4733857e-03  -8.1128355e+01
  3.8319798931248e+00   5.7041846e-01   3.4146271e-01   3.6507760e+01   1.3170995e-05   3.5480259e-05   3.7934004e-03  -8.1128355e+01
  3.8368551856097e+00   5.7208249e-01   3.4118473e-01   3.6507760e+01   1.3349565e-05   3.7503742e-05   4.0130095e-03  -8.1128355e+01
  3.8417304780946e+00   5.7374521e-01   3.4092903e-01   3.6507760e+01   1.3534387e-05   3.7993354e-05   4.0684487e-03  -8.1128355e+01
  3.8466057705795e+00   5.7540676e-01   3.4070586e-01   3.6507760e+01   1.3716529e-05   3.6401714e-05   3.9005641e-03  -8.1128355e+01
  3.8514810630644e+00   5.7706731e-01   3.4051709e-01   3.6507760e+01   1.3885126e-05   3.2519805e-05   3.4865364e-03  -8.1128355e+01
  3.8563563555493e+00   5.7872702e-01   3.4035472e-01   3.6507760e+01   1.4029613e-05   2.6679056e-05   2.8616984e-03  -8.1128355e+01
  3.8612316480342e+00   5.8038596e-01   3.4020174e-01   3.6507760e+01   1.4142371e-05   1.9708128e-05   2.1149204e-03  -8.1128355e+01
  3.8661069405191e+00   5.8204413e-01   3.4003517e-01   3.6507760e+01   1.4220514e-05   1.2655232e-05   1.3587247e-03  -8.1128355e+01
  3.8709822330039e+00   5.8370141e-01   3.3983077e-01   3.6507760e+01   1.4266081e-05   6.4461456e-06   6.9250449e-04  -8.1128355e+01
  3.8758575254888e+00   5.8535755e-01   3.3956853e-01   3.6507760e+01   1.4284826e-05   1.6710136e-06   1.7965434e-04  -8.1128355e+01
  3.8807328179737e+00   5.8701224e-01   3.3923816e-01   3.6507760e+01   1.4284476e-05  -1.4255949e-06  -1.5341811e-04  -8.1128355e+01
  3.8856081104586e+00   5.8866516e-01   3.3884353e-01   3.6507760e+01   1.4273323e-05  -2.8266856e-06  -3.0455343e-04  -8.1128355e+01
  3.8904834029435e+00   5.9031602e-01   3.3840452e-01   3.6507760e+01   1.4259411e-05  -2.6349604e-06  -2.8426483e-04  -8.1128355e+01
  3.8953586954284e+00   5.9196471e-01   3.3795416e-01   3.6507760e+01   1.4250038e-05  -1.0558425e-06  -1.1405820e-04  -8.1128355e+01
  3.9002339879133e+00   5.9361125e-01   3.3753109e-01   3.6507760e+01   1.4251151e-05   1.5596675e-06   1.6869547e-04  -8.1128355e+01
  3.9051092803982e+00   5.9525587e-01   3.3716947e-01   3.6507760e+01   1.4266584e-05   4.7079063e-06   5.0975882e-04  -8.1128355e+01
  3.9099845728831e+00   5.9689893e-01   3.3689026e-01   3.6507760e+01   1.4297504e-05   7.8218421e-06   8.4762893e-04  -8.1128355e+01
  3.9148598653680e+00   5.9854085e-01   3.3669716e-01   3.6507760e+01   1.4342470e-05   1.0422328e-05   1.1300834e-03  -8.1128355e+01
  3.9197351578529e+00   6.0018202e-01   3.3657787e-01   3.6507760e+01   1.4398190e-05   1.2233404e-05   1.3269267e-03  -8.1128355e+01
  3.9246104503378e+00   6.0182275e-01   3.3650897e-01   3.6507760e+01   1.4460580e-05   1.3189559e-05   1.4309313e-03  -8.1128355e+01
  3.9294857428226e+00   6.0346321e-01   3.3646171e-01   3.6507760e+01   1.4525594e-05   1.3350916e-05   1.4486404e-03  -8.1128355e+01
  3.9343610353075e+00   6.0510343e-01   3.3640692e-01   3.6507760e+01   1.4589587e-05   1.2810067e-05   1.3901820e-03  -8.1128355e+01
  3.9392363277924e+00   6.0674330e-01   3.3631853e-01   3.6507760e+01   1.4649374e-05   1.1662780e-05   1.2660081e-03  -8.1128355e+01
  3.9441116202773e+00   6.0838262e-01   3.3617564e-01   3.6507760e+01   1.4702306e-05   1.0041224e-05   1.0904496e-03  -8.1128355e+01
  3.9489869127622e+00   6.1002107e-01   3.3596391e-01   3.6507760e+01   1.4746549e-05   8.1465307e-06   8.8524861e-04  -8.1128355e+01
  3.9538622052471e+00   6.1165830e-01   3.3567628e-01   3.6507760e+01   1.4781389e-05   6.2265064e-06   6.7718756e-04  -8.1128355e+01
  3.9587374977320e+00   6.1329394e-01   3.3531328e-01   3.6507760e+01   1.4807303e-05   4.5117638e-06   4.9122536e-04  -8.1128355e+01
  3.9636127902169e+00   6.1492763e-01   3.3488336e-01   3.6507760e+01   1.4825754e-05   3.1773277e-06   3.4638066e-04  -8.1128355e+01
  3.9684880827018e+00   6.1655909e-01   3.3440298e-01   3.6507760e+01   1.4838973e-05   2.3751972e-06   2.5930728e-04  -8.1128355e+01
  3.9733633751867e+00   6.1818813e-01   3.3389634e-01   3.6507760e+01   1.4850022e-05   2.3009686e-06   2.5158469e-04  -8.1128355e+01
  3.9782386676716e+00   6.1981470e-01   3.3339383e-01   3.6507760e+01   1.4863058e-05   3.1980910e-06   3.5020186e-04  -8.1128355e+01
  3.9831139601564e+00   6.2143890e-01   3.3292885e-01   3.6507760e+01   1.4883320e-05   5.2401758e-06   5.7461850e-04  -8.1128355e+01
  3.9879892526413e+00   6.2306099e-01   3.3253329e-01   3.6507760e+01   1.4916326e-05   8.3488844e-06   9.1659713e-04  -8.1128355e+01
  3.9928645451262e+00   6.2468139e-01   3.3223247e-01   3.6507760e+01   1.4966340e-05   1.2098367e-05   1.3294434e-03  -8.1128355e+01
  3.9977398376111e+00   6.2630059e-01   3.3204090e-01   3.6507760e+01   1.5034863e-05   1.5826528e-05   1.7401202e-03  -8.1128355e+01
  4.0026151300960e+00   6.2791914e-01   3.3195975e-01   3.6507760e+01   1.5120164e-05   1.8922057e-05   2.0809809e-03  -8.1128355e+01
  4.0074904225809e+00   6.2953755e-01   3.3197624e-01   3.6507760e+01   1.5218283e-05   2.1103978e-05   2.3208256e-03  -8.1128355e+01
  4.0123657150658e+00   6.3115623e-01   3.3206525e-01   3.6507760e+01   1.5324932e-05   2.2494789e-05   2.4731114e-03  -8.1128355e+01
  4.0172410075507e+00   6.3277546e-01   3.3219306e-01   3.6507760e+01   1.5437084e-05   2.3436043e-05   2.5756029e-03  -8.1128355e+01
  4.0221163000356e+00   6.3439533e-01   3.3232280e-01   3.6507760e+01   1.5553293e-05   2.4188030e-05   2.6572080e-03  -8.1128355e+01
  4.0269915925205e+00   6.3601577e-01   3.3242050e-01   3.6507760e+01   1.5672712e-05   2.4730892e-05   2.7160463e-03  -8.1128355e+01
  4.0318668850054e+00   6.3763654e-01   3.3245993e-01   3.6507760e+01   1.5793693e-05   2.4785389e-05   2.7217086e-03  -8.1128355e+01
  4.0367421774903e+00   6.3925732e-01   3.3242468e-01   3.6507760e+01   1.5912946e-05   2.3996215e-05   2.6353280e-03  -8.1128355e+01
  4.0416174699751e+00   6.4087773e-01   3.3230716e-01   3.6507760e+01   1.6025681e-05   2.2124226e-05   2.4306005e-03  -8.1128355e+01
  4.0464927624600e+00   6.4249735e-01   3.3210577e-01   3.6507760e+01   1.6126455e-05   1.9139520e-05   2.1039713e-03  -8.1128355e+01
  4.0513680549449e+00   6.4411578e-01   3.3182254e-01   3.6507760e+01   1.6210210e-05   1.5218470e-05   1.6743656e-03  -8.1128355e+01
  4.0562433474298e+00   6.4573264e-01   3.3146276e-01   3.6507760e+01   1.6273188e-05   1.0705092e-05   1.1790734e-03  -8.1128355e+01
  4.0611186399147e+00   6.4734757e-01   3.3103673e-01   3.6507760e+01   1.6313639e-05   6.0656861e-06   6.6894272e-04  -8.1128355e+01
  4.0659939323996e+00   6.4896029e-01   3.3056184e-01   3.6507760e+01   1.6332247e-05   1.8157778e-06   2.0053730e-04  -8.1128355e+01
  4.0708692248845e+00   6.5057062e-01   3.3006278e-01   3.6507760e+01   1.6332100e-05  -1.5927643e-06  -1.7617332e-04  -8.1128355e+01
  4.0757445173694e+00   6.5217852e-01   3.2956863e-01   3.6507760e+01   1.6318089e-05  -3.8798067e-06  -4.2978316e-04  -8.1128355e+01
  4.0806198098543e+00   6.5378408e-01   3.2910776e-01   3.6507760e+01   1.6295946e-05  -4.9717949e-06  -5.5151874e-04  -8.1128355e+01
  4.0854951023392e+00   6.5538753e-01   3.2870293e-01   3.6507760e+01   1.6271340e-05  -4.9497364e-06  -5.4974804e-04  -8.1128355e+01
  4.0903703948241e+00   6.5698918e-01   3.2836870e-01   3.6507760e+01   1.6249313e-05  -3.9769787e-06  -4.4215719e-04  -8.1128355e+01
  4.0952456873090e+00   6.5858940e-01   3.2811156e-01   3.6507760e+01   1.6233955e-05  -2.2839821e-06  -2.5413024e-04  -8.1128355e+01
  4.1001209797939e+00   6.6018855e-01   3.2793126e-01   3.6507760e+01   1.6227984e-05  -2.0465213e-07  -2.2783405e-05  -8.1128355e+01
  4.1049962722787e+00   6.6178701e-01   3.2782163e-01   3.6507760e+01   1.6232220e-05   1.8300167e-06   2.0379928e-04  -8.1128355e+01
  4.1098715647636e+00   6.6338509e-01   3.2777030e-01   3.6507760e+01   1.6245387e-05   3.4210630e-06   3.8104534e-04  -8.1128355e+01
  4.1147468572485e+00   6.6498302e-01   3.2775838e-01   3.6507760e+01   1.6264786e-05   4.4097134e-06   4.9118120e-04  -8.1128355e+01
  4.1196221497334e+00   6.6658095e-01   3.2776150e-01   3.6507760e+01   1.6287858e-05   5.0056128e-06   5.5755087e-04  -8.1128355e+01
  4.1244974422183e+00   6.6817887e-01   3.2775296e-01   3.6507760e+01   1.6313856e-05   5.6980040e-06   6.3468950e-04  -8.1128355e+01
  4.1293727347032e+00   6.6977667e-01   3.2770807e-01   3.6507760e+01   1.6344542e-05   6.9731178e-06   7.7682833e-04  -8.1128355e+01
  4.1342480271881e+00   6.7137411e-01   3.2760874e-01   3.6507760e+01   1.6383398e-05   9.0210551e-06   1.0052800e-03  -8.1128355e+01
  4.1391233196730e+00   6.7297092e-01   3.2744719e-01   3.6507760e+01   1.6433805e-05   1.1627603e-05   1.2963854e-03  -8.1128355e+01
  4.1439986121579e+00   6.7456679e-01   3.2722832e-01   3.6507760e+01   1.6497312e-05   1.4300464e-05   1.5954545e-03  -8.1128355e+01
  4.1488739046428e+00   6.7616148e-01   3.2696996e-01   3.6507760e+01   1.6572878e-05   1.6510781e-05   1.8435077e-03  -8.1128355e+01
  4.1537491971277e+00   6.7775488e-01   3.2669980e-01   3.6507760e+01   1.6657219e-05   1.7883944e-05   1.9984791e-03  -8.1128355e+01
  4.1586244896126e+00   6.7934699e-01   3.2644883e-01   3.6507760e+01   1.6745773e-05   1.8263497e-05   2.0424621e-03  -8.1128355e+01
  4.1634997820974e+00   6.8093798e-01   3.2624263e-01   3.6507760e+01   1.6833721e-05   1.7687355e-05   1.9792805e-03  -8.1128355e+01
  4.1683750745823e+00   6.8252811e-01   3.2609404e-01   3.6507760e+01   1.6916831e-05   1.6347169e-05   1.8301424e-03  -8.1128355e+01
  4.1732503670672e+00   6.8411766e-01   3.2600048e-01   3.6507760e+01   1.6992116e-05   1.4550906e-05   1.6295098e-03  -8.1128355e+01
  4.1781256595521e+00   6.8570686e-01   3.2594702e-01   3.6507760e+01   1.7058264e-05   1.2662627e-05   1.4182800e-03  -8.1128355e+01
  4.1830009520370e+00   6.8729586e-01   3.2591290e-01   3.6507760e+01   1.7115690e-05   1.1012275e-05   1.2335612e-03  -8.1128355e+01
  4.1878762445219e+00   6.8888469e-01   3.2587747e-01   3.6507760e+01   1.7166158e-05   9.8185180e-06   1.0999597e-03  -8.1128355e+01
  4.1927515370068e+00   6.9047331e-01   3.2582306e-01   3.6507760e+01   1.7212174e-05   9.1736007e-06   1.0278818e-03  -8.1128355e+01
  4.1976268294917e+00   6.9206159e-01   3.2573532e-01   3.6507760e+01   1.7256449e-05   9.0823990e-06   1.0179370e-03  -8.1128355e+01
  4.2025021219766e+00   6.9364933e-01   3.2560326e-01   3.6507760e+01   1.7301579e-05   9.4933947e-06   1.0644321e-03  -8.1128355e+01
  4.2073774144615e+00   6.9523631e-01   3.2542111e-01   3.6507760e+01   1.7349726e-05   1.0277052e-05   1.1529434e-03  -8.1128355e+01
  4.2122527069464e+00   6.9682227e-01   3.2519106e-01   3.6507760e+01   1.7402129e-05   1.1183244e-05   1.2554933e-03  -8.1128355e+01
  4.2171279994313e+00   6.9840701e-01   3.2492425e-01   3.6507760e+01   1.7458519e-05   1.1856885e-05   1.3322130e-03  -8.1128355e+01
  4.2220032919161e+00   6.9999039e-01   3.2463816e-01   3.6507760e+01   1.7516847e-05   1.1948200e-05   1.3436560e-03  -8.1128355e+01
  4.2268785844010e+00   7.0157237e-01   3.2435094e-01   3.6507760e+01   1.7573690e-05   1.1259127e-05   1.2672863e-03  -8.1128355e+01
  4.2317538768859e+00   7.0315298e-01   3.2407555e-01   3.6507760e+01   1.7625227e-05   9.8197435e-06   1.1062138e-03  -8.1128355e+01
  4.2366291693708e+00   7.0473228e-01   3.2381696e-01   3.6507760e+01   1.7668281e-05   7.8414515e-06   8.8406062e-04  -8.1128355e+01
  4.2415044618557e+00   7.0631037e-01   3.2357335e-01   3.6507760e+01   1.7700911e-05   5.5962397e-06   6.3140607e-04  -8.1128355e+01
  4.2463797543406e+00   7.0788729e-01   3.2334012e-01   3.6507760e+01   1.7722439e-05   3.3236832e-06   3.7527118e-04  -8.1128355e+01
  4.2512550468255e+00   7.0946310e-01   3.2311435e-01   3.6507760e+01   1.7733243e-05   1.2235336e-06   1.3824354e-04  -8.1128355e+01
  4.2561303393104e+00   7.1103782e-01   3.2289739e-01   3.6507760e+01   1.7734673e-05  -4.9768040e-07  -5.6269258e-05  -8.1128355e+01
  4.2610056317953e+00   7.1261152e-01   3.2269485e-01   3.6507760e+01   1.7729161e-05  -1.6038811e-06  -1.8145349e-04  -8.1128355e+01
  4.2658809242802e+00   7.1418429e-01   3.2251435e-01   3.6507760e+01   1.7720286e-05  -1.8748436e-06  -2.1222727e-04  -8.1128355e+01
  4.2707562167650e+00   7.1575625e-01   3.2236231e-01   3.6507760e+01   1.7712470e-05  -1.1946512e-06  -1.3529510e-04  -8.1128355e+01
  4.2756315092500e+00   7.1732754e-01   3.2224139e-01   3.6507760e+01   1.7710283e-05   3.7873774e-07   4.2908413e-05  -8.1128355e+01
  4.2805068017348e+00   7.1889832e-01   3.2214980e-01   3.6507760e+01   1.7717542e-05   2.6055575e-06   2.9527588e-04  -8.1128355e+01
  4.2853820942197e+00   7.2046872e-01   3.2208270e-01   3.6507760e+01   1.7736540e-05   5.1179966e-06   5.8011992e-04  -8.1128355e+01
  4.2902573867046e+00   7.2203884e-01   3.2203451e-01   3.6507760e+01   1.7767645e-05   7.5103966e-06   8.5142351e-04  -8.1128355e+01
  4.2951326791895e+00   7.2360876e-01   3.2200034e-01   3.6507760e+01   1.7809360e-05   9.4391814e-06   1.0701957e-03  -8.1128355e+01
  4.3000079716744e+00   7.2517854e-01   3.2197524e-01   3.6507760e+01   1.7858858e-05   1.0707906e-05   1.2141358e-03  -8.1128355e+01
  4.3048832641593e+00   7.2674820e-01   3.2195197e-01   3.6507760e+01   1.7912825e-05   1.1308507e-05   1.2823288e-03  -8.1128355e+01
  4.3097585566442e+00   7.2831774e-01   3.2191918e-01   3.6507760e+01   1.7968338e-05   1.1394401e-05   1.2922002e-03  -8.1128355e+01
  4.3146338491291e+00   7.2988706e-01   3.2186248e-01   3.6507760e+01   1.8023447e-05   1.1189835e-05   1.2692247e-03  -8.1128355e+01
  4.3195091416140e+00   7.3145601e-01   3.2176853e-01   3.6507760e+01   1.8077237e-05   1.0879129e-05   1.2343427e-03  -8.1128355e+01
  4.3243844340989e+00   7.3302440e-01   3.2163040e-01   3.6507760e+01   1.8129423e-05   1.0533989e-05   1.1956965e-03  -8.1128355e+01
  4.3292597265838e+00   7.3459200e-01   3.2145070e-01   3.6507760e+01   1.8179762e-05   1.0109597e-05   1.1481659e-03  -8.1128355e+01
  4.3341350190686e+00   7.3615865e-01   3.2124040e-01   3.6507760e+01   1.8227602e-05   9.4939941e-06   1.0789566e-03  -8.1128355e+01
  4.3390103115535e+00   7.3772422e-01   3.2101383e-01   3.6507760e+01   1.8271709e-05   8.5724092e-06   9.7490956e-04  -8.1128355e+01
  4.3438856040384e+00   7.3928868e-01   3.2078255e-01   3.6507760e+01   1.8310404e-05   7.2829015e-06   8.2885561e-04  -8.1128355e+01
  4.3487608965233e+00   7.4085200e-01   3.2055185e-01   3.6507760e+01   1.8341943e-05   5.6644914e-06   6.4513085e-04  -8.1128355e+01
  4.3536361890082e+00   7.4241421e-01   3.2032161e-01   3.6507760e+01   1.8365112e-05   3.8981532e-06   4.4428111e-04  -8.1128355e+01
  4.3585114814931e+00   7.4397529e-01   3.2009057e-01   3.6507760e+01   1.8379973e-05   2.3154212e-06   2.6408414e-04  -8.1128355e+01
  4.3633867739780e+00   7.4553524e-01   3.1986088e-01   3.6507760e+01   1.8388466e-05   1.3371012e-06   1.5261187e-04  -8.1128355e+01
  4.3682620664629e+00   7.4709410e-01   3.1963974e-01   3.6507760e+01   1.8394533e-05   1.3367984e-06   1.5268288e-04  -8.1128355e+01
  4.3731373589478e+00   7.4865191e-01   3.1943673e-01   3.6507760e+01   1.8403476e-05   2.4836277e-06   2.8384865e-04  -8.1128355e+01
  4.3780126514327e+00   7.5020880e-01   3.1925872e-01   3.6507760e+01   1.8420693e-05   4.6510945e-06   5.3186031e-04  -8.1128355e+01
  4.3828879439176e+00   7.5176489e-01   3.1910552e-01   3.6507760e+01   1.8450260e-05   7.4472312e-06   8.5201197e-04  -8.1128355e+01
  4.3877632364025e+00   7.5332027e-01   3.1896976e-01   3.6507760e+01   1.8493935e-05   1.0344983e-05   1.1840375e-03  -8.1128355e+01
  4.3926385288873e+00   7.5487502e-01   3.1884118e-01   3.6507760e+01   1.8550895e-05   1.2833563e-05   1.4694609e-03  -8.1128355e+01
  4.3975138213722e+00   7.5642914e-01   3.1871330e-01   3.6507760e+01   1.8618092e-05   1.4517449e-05   1.6629352e-03  -8.1128355e+01
  4.4023891138571e+00   7.5798264e-01   3.1858799e-01   3.6507760e+01   1.8690917e-05   1.5148357e-05   1.7358865e-03  -8.1128355e+01
  4.4072644063420e+00   7.5953556e-01   3.1847520e-01   3.6507760e+01   1.8763929e-05   1.4629940e-05   1.6770735e-03  -8.1128355e+01
  4.4121396988269e+00   7.6108799e-01   3.1838744e-01   3.6507760e+01   1.8831636e-05   1.3036237e-05   1.4947945e-03  -8.1128355e+01
  4.4170149913118e+00   7.6264007e-01   3.1833221e-01   3.6507760e+01   1.8889396e-05   1.0637669e-05   1.2199754e-03  -8.1128355e+01
  4.4218902837967e+00   7.6419195e-01   3.1830672e-01   3.6507760e+01   1.8934359e-05   7.8840424e-06   9.0424960e-04  -8.1128355e+01
  4.4267655762816e+00   7.6574377e-01   3.1829760e-01   3.6507760e+01   1.8966120e-05   5.3016548e-06   6.0808356e-04  -8.1128355e+01
  4.4316408687665e+00   7.6729554e-01   3.1828567e-01   3.6507760e+01   1.8986676e-05   3.3216302e-06   3.8099509e-04  -8.1128355e+01
  4.4365161612514e+00   7.6884720e-01   3.1825259e-01   3.6507760e+01   1.8999534e-05   2.1205426e-06   2.4325413e-04  -8.1128355e+01
  4.4413914537363e+00   7.7039862e-01   3.1818591e-01   3.6507760e+01   1.9008275e-05   1.5663293e-06   1.7971624e-04  -8.1128355e+01
  4.4462667462212e+00   7.7194962e-01   3.1808017e-01   3.6507760e+01   1.9015222e-05   1.3072714e-06   1.5004252e-04  -8.1128355e+01
  4.4511420387060e+00   7.7350000e-01   3.1793489e-01   3.6507760e+01   1.9020816e-05   9.5754483e-07   1.0995275e-04  -8.1128355e+01
  4.4560173311909e+00   7.7504958e-01   3.1775174e-01   3.6507760e+01   1.9023927e-05   2.7933351e-07   3.2093737e-05  -8.1128355e+01
  4.4608926236758e+00   7.7659818e-01   3.1753335e-01   3.6507760e+01   1.9022857e-05  -7.2729848e-07  -8.3619682e-05  -8.1128355e+01
  4.4657679161607e+00   7.7814563e-01   3.1728449e-01   3.6507760e+01   1.9016462e-05  -1.8540782e-06  -2.1333612e-04  -8.1128355e+01
  4.4706432086456e+00   7.7969181e-01   3.1701397e-01   3.6507760e+01   1.9004914e-05  -2.7949569e-06  -3.2187103e-04  -8.1128355e+01
  4.4755185011305e+00   7.8123664e-01   3.1673517e-01   3.6507760e+01   1.8989861e-05  -3.2681621e-06  -3.7669728e-04  -8.1128355e+01
  4.4803937936154e+00   7.8278013e-01   3.1646388e-01   3.6507760e+01   1.8974081e-05  -3.0954992e-06  -3.5710154e-04  -8.1128355e+01
  4.4852690861003e+00   7.8432235e-01   3.1621419e-01   3.6507760e+01   1.8960905e-05  -2.2238318e-06  -2.5674722e-04  -8.1128355e+01
  4.4901443785852e+00   7.8586342e-01   3.1599463e-01   3.6507760e+01   1.8953644e-05  -7.0745437e-07  -8.1734219e-05  -8.1128355e+01
  4.4950196710701e+00   7.8740350e-01   3.1580687e-01   3.6507760e+01   1.8955129e-05   1.3196560e-06   1.5255427e-04  -8.1128355e+01
  4.4998949635550e+00   7.8894274e-01   3.1564770e-01   3.6507760e+01   1.8967385e-05   3.6641025e-06   4.2378947e-04  -8.1128355e+01
  4.5047702560399e+00   7.9048126e-01   3.1551292e-01   3.6507760e+01   1.8991372e-05   6.0868123e-06   7.0430042e-04  -8.1128355e+01
  4.5096455485247e+00   7.9201919e-01   3.1540084e-01   3.6507760e+01   1.9026809e-05   8.3224711e-06   9.6332898e-04  -8.1128355e+01
  4.5145208410096e+00   7.9355663e-01   3.1531342e-01   3.6507760e+01   1.9072124e-05   1.0114582e-05   1.1710910e-03  -8.1128355e+01
  4.5193961334945e+00   7.9509371e-01   3.1525446e-01   3.6507760e+01   1.9124620e-05   1.1263728e-05   1.3043858e-03  -8.1128355e+01
  4.5242714259794e+00   7.9663059e-01   3.1522626e-01   3.6507760e+01   1.9180869e-05   1.1673435e-05   1.3519526e-03  -8.1128355e+01
  4.5291467184643e+00   7.9816740e-01   3.1522663e-01   3.6507760e+01   1.9237291e-05   1.1373359e-05   1.3171979e-03  -8.1128355e+01
  4.5340220109492e+00   7.9970427e-01   3.1524805e-01   3.6507760e+01   1.9290747e-05   1.0507436e-05   1.2168290e-03  -8.1128355e+01
  4.5388973034341e+00   8.0124127e-01   3.1527916e-01   3.6507760e+01   1.9339005e-05   9.2911676e-06   1.0758710e-03  -8.1128355e+01
  4.5437725959190e+00   8.0277842e-01   3.1530781e-01   3.6507760e+01   1.9380944e-05   7.9569175e-06   9.2128779e-04  -8.1128355e+01
  4.5486478884039e+00   8.0431569e-01   3.1532394e-01   3.6507760e+01   1.9416523e-05   6.7089138e-06   7.7674856e-04  -8.1128355e+01
  4.5535231808888e+00   8.0585299e-01   3.1532150e-01   3.6507760e+01   1.9446566e-05   5.6983567e-06   6.5975278e-04  -8.1128355e+01
  4.5583984733737e+00   8.0739022e-01   3.1529921e-01   3.6507760e+01   1.9472479e-05   5.0127162e-06   5.8041071e-04  -8.1128355e+01
  4.5632737658585e+00   8.0892731e-01   3.1526068e-01   3.6507760e+01   1.9495915e-05   4.6658594e-06   5.4031500e-04  -8.1128355e+01
  4.5681490583434e+00   8.1046418e-01   3.1521435e-01   3.6507760e+01   1.9518376e-05   4.5841516e-06   5.3093110e-04  -8.1128355e+01
  4.5730243508283e+00   8.1200083e-01   3.1517304e-01   3.6507760e+01   1.9540772e-05   4.6008313e-06   5.3293278e-04  -8.1128355e+01
  4.5778996433132e+00   8.1353733e-01   3.1515208e-01   3.6507760e+01   1.9563005e-05   4.4799240e-06   5.1896211e-04  -8.1128355e+01
  4.5827749357981e+00   8.1507381e-01   3.1516578e-01   3.6507760e+01   1.9583782e-05   3.9798083e-06   4.6100781e-04  -8.1128355e+01
  4.5876502282830e+00   8.1661046e-01   3.1522258e-01   3.6507760e+01   1.9600799e-05   2.9400469e-06   3.4050393e-04  -8.1128355e+01
  4.5925255207679e+00   8.1814749e-01   3.1532085e-01   3.6507760e+01   1.9611336e-05   1.3526893e-06   1.5661399e-04  -8.1128355e+01
  4.5974008132528e+00   8.1968508e-01   3.1544747e-01   3.6507760e+01   1.9613066e-05  -6.2019209e-07  -7.1776845e-05  -8.1128355e+01
  4.6022761057377e+00   8.2122332e-01   3.1558019e-01   3.6507760e+01   1.9604792e-05  -2.6948327e-06  -3.1175057e-04  -8.1128355e+01
  4.6071513982226e+00   8.2276216e-01   3.1569340e-01   3.6507760e+01   1.9586819e-05  -4.5568409e-06  -5.2696716e-04  -8.1128355e+01
  4.6120266907075e+00   8.2430146e-01   3.1576491e-01   3.6507760e+01   1.9560863e-05  -5.9509639e-06  -6.8803198e-04  -8.1128355e+01
  4.6169019831924e+00   8.2584097e-01   3.1578163e-01   3.6507760e+01   1.9529620e-05  -6.7319606e-06  -7.7828719e-04  -8.1128355e+01
  4.6217772756772e+00   8.2738043e-01   3.1574259e-01   3.6507760e+01   1.9496204e-05  -6.8662030e-06  -7.9390521e-04  -8.1128355e+01
  4.6266525681621e+00   8.2891957e-01   3.1565968e-01   3.6507760e+01   1.9463674e-05  -6.4014154e-06  -7.4035852e-04  -8.1128355e+01
  4.6315278606470e+00   8.3045824e-01   3.1555703e-01   3.6507760e+01   1.9434724e-05  -5.4324414e-06  -6.2849579e-04  -8.1128355e+01
  4.6364031531319e+00   8.3199644e-01   3.1546967e-01   3.6507760e+01   1.9411515e-05  -4.0812849e-06  -4.7230711e-04  -8.1128355e+01
  4.6412784456168e+00   8.3353434e-01   3.1544117e-01   3.6507760e+01   1.9395557e-05  -2.4917203e-06  -2.8838064e-04  -8.1128355e+01
  4.6461537381017e+00   8.3507235e-01   3.1551888e-01   3.6507760e+01   1.9387606e-05  -8.2733356e-07  -9.5728328e-05  -8.1128355e+01
  4.6510290305866e+00   8.3661111e-01   3.1574607e-01   3.6507760e+01   1.9387589e-05   7.3694729e-07   8.5208644e-05  -8.1128355e+01
  4.6559043230715e+00   8.3815141e-01   3.1615156e-01   3.6507760e+01   1.9394584e-05   2.0310149e-06   2.3453246e-04  -8.1128355e+01
  4.6607796155564e+00   8.3969415e-01   3.1673933e-01   3.6507760e+01   1.9406889e-05   2.9077105e-06   3.3514625e-04  -8.1128355e+01
  4.6656549080413e+00   8.4124016e-01   3.1748185e-01   3.6507760e+01   1.9422175e-05   3.2572378e-06   3.7455514e-04  -8.1128355e+01
  4.6705302005262e+00   8.4279007e-01   3.1832007e-01   3.6507760e+01   1.9437695e-05   3.0169750e-06   3.4601337e-04  -8.1128355e+01
  4.6754054930111e+00   8.4434413e-01   3.1917135e-01   3.6507760e+01   1.9450531e-05   2.1795506e-06   2.4930342e-04  -8.1128355e+01
  4.6802807854959e+00   8.4590218e-01   3.1994410e-01   3.6507760e+01   1.9457884e-05   8.0119771e-07   9.1422012e-05  -8.1128355e+01
  4.6851560779808e+00   8.4746362e-01   3.2055565e-01   3.6507760e+01   1.9457407e-05  -9.9180858e-07  -1.1295608e-04  -8.1128355e+01
  4.6900313704657e+00   8.4902751e-01   3.2094946e-01   3.6507760e+01   1.9447544e-05  -3.0043121e-06  -3.4173824e-04  -8.1128355e+01
  4.6949066629506e+00   8.5059272e-01   3.2110780e-01   3.6507760e+01   1.9427837e-05  -4.9864852e-06  -5.6692925e-04  -8.1128355e+01
  4.6997819554355e+00   8.5215816e-01   3.2105778e-01   3.6507760e+01   1.9399124e-05  -6.6628560e-06  -7.5763915e-04  -8.1128355e+01
  4.7046572479204e+00   8.5372298e-01   3.2086999e-01   3.6507760e+01   1.9363567e-05  -7.7732373e-06  -8.8441888e-04  -8.1128355e+01
  4.7095325404053e+00   8.5528675e-01   3.2065036e-01   3.6507760e+01   1.9324461e-05  -8.1189667e-06  -9.2438783e-04  -8.1128355e+01
  4.7144078328902e+00   8.5684964e-01   3.2052653e-01   3.6507760e+01   1.9285820e-05  -7.6055091e-06  -8.6626247e-04  -8.1128355e+01
  4.7192831253751e+00   8.5841244e-01   3.2063043e-01   3.6507760e+01   1.9251795e-05  -6.2712012e-06  -7.1405419e-04  -8.1128355e+01
  4.7241584178600e+00   8.5997658e-01   3.2107875e-01   3.6507760e+01   1.9225996e-05  -4.2924784e-06  -4.8806958e-04  -8.1128355e+01
  4.7290337103449e+00   8.6154395e-01   3.2195339e-01   3.6507760e+01   1.9210870e-05  -1.9598891e-06  -2.2224075e-04  -8.1128355e+01
  4.7339090028298e+00   8.6311674e-01   3.2328448e-01   3.6507760e+01   1.9207265e-05   3.7305930e-07   4.2128714e-05  -8.1128355e+01
  4.7387842953146e+00   8.6469710e-01   3.2503847e-01   3.6507760e+01   1.9214287e-05   2.3569378e-06   2.6472719e-04  -8.1128355e+01
  4.7436595877995e+00   8.6628689e-01   3.2711362e-01   3.6507760e+01   1.9229488e-05   3.7115240e-06   4.1422742e-04  -8.1128355e+01
  4.7485348802844e+00   8.6788726e-01   3.2934414e-01   3.6507760e+01   1.9249332e-05   4.2711277e-06   4.7345402e-04  -8.1128355e+01
  4.7534101727693e+00   8.6949844e-01   3.3151282e-01   3.6507760e+01   1.9269800e-05   3.9992955e-06   4.4042133e-04  -8.1128355e+01
  4.7582854652542e+00   8.7111952e-01   3.3337032e-01   3.6507760e+01   1.9286992e-05   2.9734121e-06   3.2562172e-04  -8.1128355e+01
  4.7631607577391e+00   8.7274833e-01   3.3465821e-01   3.6507760e+01   1.9297603e-05   1.3499992e-06   1.4727099e-04  -8.1128355e+01
  4.7680360502240e+00   8.7438146e-01   3.3513273e-01   3.6507760e+01   1.9299207e-05  -6.7416286e-07  -7.3440083e-05  -8.1128355e+01
  4.7729113427089e+00   8.7601440e-01   3.3458598e-01   3.6507760e+01   1.9290369e-05  -2.8931475e-06  -3.1568069e-04  -8.1128355e+01
  4.7777866351938e+00   8.7764176e-01   3.3286255e-01   3.6507760e+01   1.9270639e-05  -5.1111312e-06  -5.6057959e-04  -8.1128355e+01
  4.7826619276787e+00   8.7925755e-01   3.2986994e-01   3.6507760e+01   1.9240474e-05  -7.1528779e-06  -7.9163185e-04  -8.1128355e+01
  4.7875372201636e+00   8.8085549e-01   3.2558212e-01   3.6507760e+01   1.9201117e-05  -8.8710215e-06  -9.9471409e-04  -8.1128355e+01
  4.7924125126485e+00   8.8242932e-01   3.2003633e-01   3.6507760e+01   1.9154444e-05  -1.0153263e-05  -1.1582212e-03  -8.1128355e+01
  4.7972878051334e+00   8.8397313e-01   3.1332379e-01   3.6507760e+01   1.9102776e-05  -1.0928513e-05  -1.2733649e-03  -8.1128355e+01
  4.8021630976182e+00   8.8548155e-01   3.0557595e-01   3.6507760e+01   1.9048673e-05  -1.1169122e-05  -1.3343970e-03  -8.1128355e+01
  4.8070383901031e+00   8.8694992e-01   2.9694872e-01   3.6507760e+01   1.8994724e-05  -1.0887972e-05  -1.3385997e-03  -8.1128355e+01
  4.8119136825880e+00   8.8837435e-01   2.8760711e-01   3.6507760e+01   1.8943366e-05  -1.0132343e-05  -1.2861613e-03  -8.1128355e+01
  4.8167889750729e+00   8.8975179e-01   2.7771309e-01   3.6507760e+01   1.8896733e-05  -8.9779381e-06  -1.1802267e-03  -8.1128355e+01
  4.8216642675578e+00   8.9107993e-01   2.6741791e-01   3.6507760e+01   1.8856526e-05  -7.5244432e-06  -1.0272332e-03  -8.1128355e+01
  4.8265395600427e+00   8.9235715e-01   2.5685922e-01   3.6507760e+01   1.8823910e-05  -5.8903899e-06  -8.3720936e-04  -8.1128355e+01
  4.8314148525276e+00   8.9358250e-01   2.4616188e-01   3.6507760e+01   1.8799447e-05  -4.2032448e-06  -6.2337455e-04  -8.1128355e+01
  4.8362901450125e+00   8.9475560e-01   2.3544060e-01   3.6507760e+01   1.8783085e-05  -2.5830473e-06  -4.0053104e-04  -8.1128355e+01
  4.8411654374974e+00   8.9587659e-01   2.2480241e-01   3.6507760e+01   1.8774248e-05  -1.1233048e-06  -1.8242394e-04  -8.1128355e+01
  4.8460407299823e+00   8.9694614e-01   2.1434786e-01   3.6507760e+01   1.8772002e-05   1.2291923e-07   2.0935623e-05  -8.1128355e+01
  4.8509160224672e+00   8.9796538e-01   2.0417073e-01   3.6507760e+01   1.8775264e-05   1.1445699e-06   2.0466051e-04  -8.1128355e+01
  4.8557913149521e+00   8.9893589e-01   1.9435685e-01   3.6507760e+01   1.8782977e-05   1.9606356e-06   3.6828346e-04  -8.1128355e+01
  4.8606666074369e+00   8.9985963e-01   1.8498323e-01   3.6507760e+01   1.8794214e-05   2.6007793e-06   5.1328235e-04  -8.1128355e+01
  4.8655418999218e+00   9.0073893e-01   1.7611820e-01   3.6507760e+01   1.8808180e-05   3.0883554e-06   6.4018903e-04  -8.1128355e+01
  4.8704171924067e+00   9.0157642e-01   1.6782266e-01   3.6507760e+01   1.8824163e-05   3.4332925e-06   7.4687062e-04  -8.1128355e+01
  4.8752924848916e+00   9.0237501e-01   1.6015179e-01   3.6507760e+01   1.8841470e-05   3.6359455e-06   8.2884008e-04  -8.1128355e+01
  4.8801677773765e+00   9.0313790e-01   1.5315583e-01   3.6507760e+01   1.8859406e-05   3.6969596e-06   8.8124438e-04  -8.1128355e+01
  4.8850430698614e+00   9.0386846e-01   1.4687900e-01   3.6507760e+01   1.8877301e-05   3.6260562e-06   9.0128056e-04  -8.1128355e+01
  4.8899183623463e+00   9.0457032e-01   1.4135612e-01   3.6507760e+01   1.8894562e-05   3.4450123e-06   8.8973641e-04  -8.1128355e+01
  4.8947936548312e+00   9.0524719e-01   1.3660730e-01   3.6507760e+01   1.8910727e-05   3.1846325e-06   8.5108043e-04  -8.1128355e+01
  4.8996689473161e+00   9.0590287e-01   1.3263240e-01   3.6507760e+01   1.8925495e-05   2.8790611e-06   7.9247660e-04  -8.1128355e+01
  4.9045442398010e+00   9.0654107e-01   1.2940680e-01   3.6507760e+01   1.8938730e-05   2.5615159e-06   7.2264523e-04  -8.1128355e+01
  4.9094195322858e+00   9.0716533e-01   1.2688024e-01   3.6507760e+01   1.8950453e-05   2.2637028e-06   6.5134429e-04  -8.1128355e+01
  4.9142948247708e+00   9.0777889e-01   1.2497927e-01   3.6507760e+01   1.8960843e-05   2.0183878e-06   5.8959230e-04  -8.1128355e+01
  4.9191701172556e+00   9.0838456e-01   1.2361325e-01   3.6507760e+01   1.8970246e-05   1.8624933e-06   5.5006611e-04  -8.1128355e+01
  4.9240454097405e+00   9.0898471e-01   1.2268248e-01   3.6507760e+01   1.8979202e-05   1.8375466e-06   5.4681572e-04  -8.1128355e+01
  4.9289207022254e+00   9.0958121e-01   1.2208709e-01   3.6507760e+01   1.8988455e-05   1.9853892e-06   5.9369183e-04  -8.1128355e+01
  4.9337959947103e+00   9.1017545e-01   1.2173472e-01   3.6507760e+01   1.8998937e-05   2.3391800e-06   7.0151083e-04  -8.1128355e+01
  4.9386712871952e+00   9.1076841e-01   1.2154591e-01   3.6507760e+01   1.9011696e-05   2.9119734e-06   8.7464582e-04  -8.1128355e+01
  4.9435465796801e+00   9.1136073e-01   1.2145678e-01   3.6507760e+01   1.9027770e-05   3.6865807e-06   1.1081209e-03  -8.1128355e+01
  4.9484218721650e+00   9.1195276e-01   1.2141894e-01   3.6507760e+01   1.9048025e-05   4.6104614e-06   1.3862551e-03  -8.1128355e+01
  4.9532971646499e+00   9.1254466e-01   1.2139764e-01   3.6507760e+01   1.9072985e-05   5.5980612e-06   1.6834979e-03  -8.1128355e+01
  4.9581724571348e+00   9.1313644e-01   1.2136919e-01   3.6507760e+01   1.9102694e-05   6.5408864e-06   1.9674936e-03  -8.1128355e+01
  4.9630477496197e+00   9.1372804e-01   1.2131836e-01   3.6507760e+01   1.9136642e-05   7.3234305e-06   2.2038052e-03  -8.1128355e+01
  4.9679230421045e+00   9.1431931e-01   1.2123655e-01   3.6507760e+01   1.9173776e-05   7.8415100e-06   2.3613008e-03  -8.1128355e+01
  4.9727983345895e+00   9.1491009e-01   1.2112058e-01   3.6507760e+01   1.9212601e-05   8.0190252e-06   2.4170677e-03  -8.1128355e+01
  4.9776736270743e+00   9.1550023e-01   1.2097185e-01   3.6507760e+01   1.9251349e-05   7.8197513e-06   2.3599010e-03  -8.1128355e+01
  4.9825489195592e+00   9.1608957e-01   1.2079547e-01   3.6507760e+01   1.9288185e-05   7.2522943e-06   2.1918456e-03  -8.1128355e+01
  4.9874242120441e+00   9.1667799e-01   1.2059902e-01   3.6507760e+01   1.9321429e-05   6.3682160e-06   1.9277876e-03  -8.1128355e+01
  4.9922995045290e+00   9.1726543e-01   1.2039113e-01   3.6507760e+01   1.9349743e-05   5.2547964e-06   1.5934799e-03  -8.1128355e+01
  4.9971747970139e+00   9.1785184e-01   1.2018006e-01   3.6507760e+01   1.9372284e-05   4.0243727e-06   1.2225059e-03  -8.1128355e+01
  5.0020500894988e+00   9.1843722e-01   1.1997274e-01   3.6507760e+01   1.9388796e-05   2.8017154e-06   8.5256331e-04  -8.1128355e+01
  5.0069253819837e+00   9.1902162e-01   1.1977455e-01   3.6507760e+01   1.9399629e-05   1.7101394e-06   5.2125728e-04  -8.1128355e+01
  5.0118006744686e+00   9.1960509e-01   1.1958967e-01   3.6507760e+01   1.9405702e-05   8.5681800e-07   2.6156527e-04  -8.1128355e+01
  5.0166759669535e+00   9.2018769e-01   1.1942172e-01   3.6507760e+01   1.9408385e-05   3.1843040e-07   9.7345614e-05  -8.1128355e+01
  5.0215512594384e+00   9.2076952e-01   1.1927419e-01   3.6507760e+01   1.9409318e-05   1.2937194e-07   3.9598506e-05  -8.1128355e+01
  5.0264265519233e+00   9.2135070e-01   1.1915037e-01   3.6507760e+01   1.9410190e-05   2.7536490e-07   8.4372009e-05  -8.1128355e+01
  5.0313018444081e+00   9.2193133e-01   1.1905251e-01   3.6507760e+01   1.9412496e-05   6.9468516e-07   2.1302700e-04  -8.1128355e+01
  5.0361771368930e+00   9.2251156e-01   1.1898059e-01   3.6507760e+01   1.9417329e-05   1.2874365e-06   3.9503437e-04  -8.1128355e+01
  5.0410524293779e+00   9.2309149e-01   1.1893102e-01   3.6507760e+01   1.9425233e-05   1.9311850e-06   5.9280778e-04  -8.1128355e+01
  5.0459277218628e+00   9.2367122e-01   1.1889589e-01   3.6507760e+01   1.9436135e-05   2.4998209e-06   7.6758638e-04  -8.1128355e+01
  5.0508030143477e+00   9.2425080e-01   1.1886324e-01   3.6507760e+01   1.9449380e-05   2.8822595e-06   8.8525973e-04  -8.1128355e+01
  5.0556783068326e+00   9.2483018e-01   1.1881875e-01   3.6507760e+01   1.9463843e-05   2.9982556e-06   9.2123168e-04  -8.1128355e+01
  5.0605535993175e+00   9.2540930e-01   1.1874853e-01   3.6507760e+01   1.9478111e-05   2.8095074e-06   8.6374809e-04  -8.1128355e+01
  5.0654288918024e+00   9.2598798e-01   1.1864265e-01   3.6507760e+01   1.9490699e-05   2.3247963e-06   7.1536756e-04  -8.1128355e+01
  5.0703041842873e+00   9.2656605e-01   1.1849823e-01   3.6507760e+01   1.9500285e-05   1.5982067e-06   4.9238667e-04  -8.1128355e+01
  5.0751794767722e+00   9.2714333e-01   1.1832115e-01   3.6507760e+01   1.9505905e-05   7.2000005e-07   2.2215460e-04  -8.1128355e+01
  5.0800547692571e+00   9.2771969e-01   1.1812542e-01   3.6507760e+01   1.9507093e-05  -1.9904910e-07  -6.1517973e-05  -8.1128355e+01
  5.0849300617420e+00   9.2829509e-01   1.1792999e-01   3.6507760e+01   1.9503937e-05  -1.0472345e-06  -3.2419390e-04  -8.1128355e+01
  5.0898053542268e+00   9.2886958e-01   1.1775387e-01   3.6507760e+01   1.9497026e-05  -1.7312135e-06  -5.3673588e-04  -8.1128355e+01
  5.0946806467117e+00   9.2944328e-01   1.1761097e-01   3.6507760e+01   1.9487331e-05  -2.1904151e-06  -6.7992936e-04  -8.1128355e+01
  5.0995559391966e+00   9.3001639e-01   1.1750647e-01   3.6507760e+01   1.9476017e-05  -2.4032115e-06  -7.4664711e-04  -8.1128355e+01
  5.1044312316815e+00   9.3058908e-01   1.1743603e-01   3.6507760e+01   1.9464261e-05  -2.3840397e-06  -7.4113499e-04  -8.1128355e+01
  5.1093065241664e+00   9.3116149e-01   1.1738804e-01   3.6507760e+01   1.9453101e-05  -2.1735010e-06  -6.7596027e-04  -8.1128355e+01
  5.1141818166513e+00   9.3173369e-01   1.1734818e-01   3.6507760e+01   1.9443337e-05  -1.8254951e-06  -5.6792307e-04  -8.1128355e+01
  5.1190571091362e+00   9.3230569e-01   1.1730441e-01   3.6507760e+01   1.9435497e-05  -1.3958545e-06  -4.3442117e-04  -8.1128355e+01
  5.1239324016211e+00   9.3287745e-01   1.1725073e-01   3.6507760e+01   1.9429849e-05  -9.3551724e-07  -2.9128722e-04  -8.1128355e+01
  5.1288076941060e+00   9.3344893e-01   1.1718834e-01   3.6507760e+01   1.9426427e-05  -4.8868162e-07  -1.5223931e-04  -8.1128355e+01
  5.1336829865909e+00   9.3402009e-01   1.1712416e-01   3.6507760e+01   1.9425067e-05  -9.3895105e-08  -2.9267233e-05  -8.1128355e+01
  5.1385582790758e+00   9.3459096e-01   1.1706746e-01   3.6507760e+01   1.9425429e-05   2.1502291e-07   6.7055397e-05  -8.1128355e+01
  5.1434335715607e+00   9.3516159e-01   1.1702600e-01   3.6507760e+01   1.9427020e-05   4.1045145e-07   1.2804559e-04  -8.1128355e+01
  5.1483088640455e+00   9.3573206e-01   1.1700310e-01   3.6507760e+01   1.9429238e-05   4.7489542e-07   1.4817871e-04  -8.1128355e+01
  5.1531841565304e+00   9.3630246e-01   1.1699640e-01   3.6507760e+01   1.9431431e-05   4.0536794e-07   1.2649171e-04  -8.1128355e+01
  5.1580594490153e+00   9.3687286e-01   1.1699861e-01   3.6507760e+01   1.9432973e-05   2.1548324e-07   6.7238496e-05  -8.1128355e+01
  5.1629347415002e+00   9.3744326e-01   1.1699949e-01   3.6507760e+01   1.9433344e-05  -6.6506452e-08  -2.0752241e-05  -8.1128355e+01
  5.1678100339851e+00   9.3801365e-01   1.1698853e-01   3.6507760e+01   1.9432185e-05  -4.0341003e-07  -1.2588924e-04  -8.1128355e+01
  5.1726853264700e+00   9.3858393e-01   1.1695724e-01   3.6507760e+01   1.9429328e-05  -7.5628565e-07  -2.3607171e-04  -8.1128355e+01
  5.1775606189549e+00   9.3915400e-01   1.1690078e-01   3.6507760e+01   1.9424786e-05  -1.0902699e-06  -3.4048799e-04  -8.1128355e+01
  5.1824359114398e+00   9.3972373e-01   1.1681857e-01   3.6507760e+01   1.9418724e-05  -1.3772144e-06  -4.3040257e-04  -8.1128355e+01
  5.1873112039247e+00   9.4029300e-01   1.1671417e-01   3.6507760e+01   1.9411429e-05  -1.5952104e-06  -4.9897589e-04  -8.1128355e+01
  5.1921864964096e+00   9.4086172e-01   1.1659453e-01   3.6507760e+01   1.9403282e-05  -1.7267565e-06  -5.4067728e-04  -8.1128355e+01
  5.1970617888945e+00   9.4142984e-01   1.1646895e-01   3.6507760e+01   1.9394742e-05  -1.7579158e-06  -5.5102726e-04  -8.1128355e+01
  5.2019370813794e+00   9.4199735e-01   1.1634792e-01   3.6507760e+01   1.9386323e-05  -1.6800509e-06  -5.2716798e-04  -8.1128355e+01
  5.2068123738642e+00   9.4256430e-01   1.1624162e-01   3.6507760e+01   1.9378559e-05  -1.4940302e-06  -4.6922690e-04  -8.1128355e+01
  5.2116876663491e+00   9.4313079e-01   1.1615839e-01   3.6507760e+01   1.9371945e-05  -1.2150207e-06  -3.8187239e-04  -8.1128355e+01
  5.2165629588340e+00   9.4369695e-01   1.1610306e-01   3.6507760e+01   1.9366862e-05  -8.7505843e-07  -2.7515574e-04  -8.1128355e+01
  5.2214382513189e+00   9.4426291e-01   1.1607564e-01   3.6507760e+01   1.9363493e-05  -5.2098687e-07  -1.6385922e-04  -8.1128355e+01
  5.2263135438038e+00   9.4482879e-01   1.1607091e-01   3.6507760e+01   1.9361771e-05  -2.0690194e-07  -6.5076825e-05  -8.1128355e+01
  5.2311888362887e+00   9.4539469e-01   1.1607937e-01   3.6507760e+01   1.9361372e-05   1.7696818e-08   5.5657708e-06  -8.1128355e+01
  5.2360641287736e+00   9.4596063e-01   1.1608956e-01   3.6507760e+01   1.9361771e-05   1.2097064e-07   3.8042756e-05  -8.1128355e+01
  5.2409394212585e+00   9.4652661e-01   1.1609149e-01   3.6507760e+01   1.9362353e-05   9.8883235e-08   3.1096211e-05  -8.1128355e+01
  5.2458147137434e+00   9.4709257e-01   1.1607999e-01   3.6507760e+01   1.9362563e-05  -2.1407963e-08  -6.7329153e-06  -8.1128355e+01
  5.2506900062283e+00   9.4765844e-01   1.1605706e-01   3.6507760e+01   1.9362047e-05  -1.8683819e-07  -5.8773192e-05  -8.1128355e+01
  5.2555652987132e+00   9.4822419e-01   1.1603198e-01   3.6507760e+01   1.9360750e-05  -3.3132122e-07  -1.0424536e-04  -8.1128355e+01
  5.2604405911980e+00   9.4878984e-01   1.1601923e-01   3.6507760e+01   1.9358936e-05  -3.9227893e-07  -1.2343837e-04  -8.1128355e+01
  5.2653158836829e+00   9.4935549e-01   1.1603462e-01   3.6507760e+01   1.9357135e-05  -3.2550439e-07  -1.0241285e-04  -8.1128355e+01
  5.2701911761678e+00   9.4992132e-01   1.1609087e-01   3.6507760e+01   1.9356022e-05  -1.1391278e-07  -3.5822804e-05  -8.1128355e+01
  5.2750664686527e+00   9.5048753e-01   1.1619424e-01   3.6507760e+01   1.9356288e-05   2.3165405e-07   7.2784764e-05  -8.1128355e+01
  5.2799417611376e+00   9.5105437e-01   1.1634311e-01   3.6507760e+01   1.9358511e-05   6.7837371e-07   2.1286954e-04  -8.1128355e+01
  5.2848170536225e+00   9.5162203e-01   1.1652899e-01   3.6507760e+01   1.9363071e-05   1.1808589e-06   3.6995526e-04  -8.1128355e+01
  5.2896923461074e+00   9.5219067e-01   1.1673945e-01   3.6507760e+01   1.9370118e-05   1.6903288e-06   5.2861408e-04  -8.1128355e+01
  5.2945676385923e+00   9.5276037e-01   1.1696189e-01   3.6507760e+01   1.9379569e-05   2.1609116e-06   6.7449357e-04  -8.1128355e+01
  5.2994429310772e+00   9.5333116e-01   1.1718686e-01   3.6507760e+01   1.9391129e-05   2.5523396e-06   7.9514204e-04  -8.1128355e+01
  5.3043182235621e+00   9.5390304e-01   1.1740997e-01   3.6507760e+01   1.9404325e-05   2.8300629e-06   8.7998704e-04  -8.1128355e+01
  5.3091935160470e+00   9.5447601e-01   1.1763194e-01   3.6507760e+01   1.9418525e-05   2.9647433e-06   9.2012539e-04  -8.1128355e+01
  5.3140688085319e+00   9.5505006e-01   1.1785707e-01   3.6507760e+01   1.9432970e-05   2.9329445e-06   9.0851766e-04  -8.1128355e+01
  5.3189441010167e+00   9.5562523e-01   1.1809093e-01   3.6507760e+01   1.9446807e-05   2.7198657e-06   8.4084531e-04  -8.1128355e+01
  5.3238193935016e+00   9.5620158e-01   1.1833802e-01   3.6507760e+01   1.9459142e-05   2.3237054e-06   7.1687258e-04  -8.1128355e+01
  5.3286946859865e+00   9.5677917e-01   1.1860032e-01   3.6507760e+01   1.9469113e-05   1.7602070e-06   5.4183002e-04  -8.1128355e+01
  5.3335699784714e+00   9.5735807e-01   1.1887685e-01   3.6507760e+01   1.9475988e-05   1.0654464e-06   3.2720466e-04  -8.1128355e+01
  5.3384452709563e+00   9.5793835e-01   1.1916419e-01   3.6507760e+01   1.9479259e-05   2.9510748e-07   9.0410661e-05  -8.1128355e+01
  5.3433205634412e+00   9.5852005e-01   1.1945750e-01   3.6507760e+01   1.9478731e-05  -4.8068804e-07  -1.4690450e-04  -8.1128355e+01
  5.3481958559261e+00   9.5910318e-01   1.1975155e-01   3.6507760e+01   1.9474566e-05  -1.1866484e-06  -3.6176463e-04  -8.1128355e+01
  5.3530711484110e+00   9.5968773e-01   1.2004139e-01   3.6507760e+01   1.9467283e-05  -1.7539661e-06  -5.3342746e-04  -8.1128355e+01
  5.3579464408959e+00   9.6027368e-01   1.2032255e-01   3.6507760e+01   1.9457697e-05  -2.1316892e-06  -6.4678813e-04  -8.1128355e+01
  5.3628217333808e+00   9.6086097e-01   1.2059098e-01   3.6507760e+01   1.9446804e-05  -2.2949867e-06  -6.9478517e-04  -8.1128355e+01
  5.3676970258657e+00   9.6144953e-01   1.2084281e-01   3.6507760e+01   1.9435653e-05  -2.2482567e-06  -6.7921967e-04  -8.1128355e+01
  5.3725723183506e+00   9.6203927e-01   1.2107425e-01   3.6507760e+01   1.9425197e-05  -2.0224644e-06  -6.0983771e-04  -8.1128355e+01
  5.3774476108354e+00   9.6263007e-01   1.2128152e-01   3.6507760e+01   1.9416190e-05  -1.6676887e-06  -5.0200210e-04  -8.1128355e+01
  5.3823229033203e+00   9.6322182e-01   1.2146092e-01   3.6507760e+01   1.9409113e-05  -1.2430490e-06  -3.7362581e-04  -8.1128355e+01
  5.3871981958052e+00   9.6381436e-01   1.2160888e-01   3.6507760e+01   1.9404158e-05  -8.0662386e-07  -2.4215361e-04  -8.1128355e+01
  5.3920734882901e+00   9.6440754e-01   1.2172212e-01   3.6507760e+01   1.9401254e-05  -4.0761096e-07  -1.2225356e-04  -8.1128355e+01
  5.3969487807750e+00   9.6500118e-01   1.2179779e-01   3.6507760e+01   1.9400122e-05  -8.2034511e-08  -2.4589084e-05  -8.1128355e+01
  5.4018240732599e+00   9.6559509e-01   1.2183381e-01   3.6507760e+01   1.9400343e-05   1.4786244e-07   4.4307294e-05  -8.1128355e+01
  5.4066993657448e+00   9.6618907e-01   1.2182916e-01   3.6507760e+01   1.9401419e-05   2.7145742e-07   8.1345900e-05  -8.1128355e+01
  5.4115746582297e+00   9.6678292e-01   1.2178407e-01   3.6507760e+01   1.9402824e-05   2.8640852e-07   8.5857974e-05  -8.1128355e+01
  5.4164499507146e+00   9.6737646e-01   1.2169987e-01   3.6507760e+01   1.9404034e-05   1.9584259e-07   5.8749234e-05  -8.1128355e+01
  5.4213252431995e+00   9.6796949e-01   1.2157841e-01   3.6507760e+01   1.9404552e-05   7.2800590e-09   2.1860678e-06  -8.1128355e+01
  5.4262005356844e+00   9.6856184e-01   1.2142121e-01   3.6507760e+01   1.9403929e-05  -2.6650208e-07  -8.0129281e-05  -8.1128355e+01
  5.4310758281693e+00   9.6915333e-01   1.2122862e-01   3.6507760e+01   1.9401797e-05  -6.0563205e-07  -1.8238490e-04  -8.1128355e+01
  5.4359511206541e+00   9.6974379e-01   1.2099954e-01   3.6507760e+01   1.9397904e-05  -9.8208292e-07  -2.9631227e-04  -8.1128355e+01
  5.4408264131390e+00   9.7033304e-01   1.2073178e-01   3.6507760e+01   1.9392155e-05  -1.3610782e-06  -4.1157281e-04  -8.1128355e+01
  5.4457017056239e+00   9.7092089e-01   1.2042328e-01   3.6507760e+01   1.9384630e-05  -1.7056156e-06  -5.1707780e-04  -8.1128355e+01
  5.4505769981088e+00   9.7150712e-01   1.2007363e-01   3.6507760e+01   1.9375583e-05  -1.9831637e-06  -6.0297054e-04  -8.1128355e+01
  5.4554522905937e+00   9.7209155e-01   1.1968546e-01   3.6507760e+01   1.9365400e-05  -2.1722223e-06  -6.6259483e-04  -8.1128355e+01
  5.4603275830786e+00   9.7267401e-01   1.1926510e-01   3.6507760e+01   1.9354535e-05  -2.2660733e-06  -6.9365857e-04  -8.1128355e+01
  5.4652028755635e+00   9.7325435e-01   1.1882225e-01   3.6507760e+01   1.9343440e-05  -2.2720008e-06  -6.9806507e-04  -8.1128355e+01
  5.4700781680484e+00   9.7383250e-01   1.1836880e-01   3.6507760e+01   1.9332504e-05  -2.2061584e-06  -6.8043187e-04  -8.1128355e+01
  5.4749534605333e+00   9.7440844e-01   1.1791730e-01   3.6507760e+01   1.9322031e-05  -2.0862147e-06  -6.4590203e-04  -8.1128355e+01
  5.4798287530182e+00   9.7498221e-01   1.1747953e-01   3.6507760e+01   1.9312252e-05  -1.9249453e-06  -5.9819309e-04  -8.1128355e+01
  5.4847040455031e+00   9.7555391e-01   1.1706556e-01   3.6507760e+01   1.9303350e-05  -1.7275385e-06  -5.3874565e-04  -8.1128355e+01
  5.4895793379879e+00   9.7612366e-01   1.1668347e-01   3.6507760e+01   1.9295501e-05  -1.4936974e-06  -4.6734594e-04  -8.1128355e+01
  5.4944546304729e+00   9.7669164e-01   1.1633923e-01   3.6507760e+01   1.9288886e-05  -1.2234350e-06  -3.8391926e-04  -8.1128355e+01
  5.4993299229577e+00   9.7725805e-01   1.1603657e-01   3.6507760e+01   1.9283667e-05  -9.2374060e-07  -2.9062994e-04  -8.1128355e+01
  5.5042052154426e+00   9.7782309e-01   1.1577645e-01   3.6507760e+01   1.9279947e-05  -6.1280298e-07  -1.9323501e-04  -8.1128355e+01
  5.5090805079275e+00   9.7838696e-01   1.1555627e-01   3.6507760e+01   1.9277713e-05  -3.1940607e-07  -1.0091014e-04  -8.1128355e+01
  5.5139558004124e+00   9.7894985e-01   1.1536916e-01   3.6507760e+01   1.9276793e-05  -7.7067064e-08  -2.4387331e-05  -8.1128355e+01
  5.5188310928973e+00   9.7951189e-01   1.1520394e-01   3.6507760e+01   1.9276863e-05   8.5338975e-08   2.7043647e-05  -8.1128355e+01
  5.5237063853822e+00   9.8007314e-01   1.1504625e-01   3.6507760e+01   1.9277489e-05   1.5317508e-07   4.8607225e-05  -8.1128355e+01
  5.5285816778671e+00   9.8063362e-01   1.1488060e-01   3.6507760e+01   1.9278215e-05   1.3223986e-07   4.2024335e-05  -8.1128355e+01
  5.5334569703520e+00   9.8119323e-01   1.1469321e-01   3.6507760e+01   1.9278668e-05   4.9000998e-08   1.5597407e-05  -8.1128355e+01
  5.5383322628369e+00   9.8175186e-01   1.1447452e-01   3.6507760e+01   1.9278643e-05  -5.5597720e-08  -1.7731004e-05  -8.1128355e+01
  5.5432075553218e+00   9.8230933e-01   1.1422083e-01   3.6507760e+01   1.9278149e-05  -1.3683440e-07  -4.3735609e-05  -8.1128355e+01
  5.5480828478066e+00   9.8286548e-01   1.1393425e-01   3.6507760e+01   1.9277399e-05  -1.5779587e-07  -5.0562263e-05  -8.1128355e+01
  5.5529581402916e+00   9.8342017e-01   1.1362139e-01   3.6507760e+01   1.9276746e-05  -9.7984406e-08  -3.1483432e-05  -8.1128355e+01
  5.5578334327764e+00   9.8397328e-01   1.1329097e-01   3.6507760e+01   1.9276594e-05   4.3613810e-08   1.4054451e-05  -8.1128355e+01
  5.5627087252613e+00   9.8452475e-01   1.1295164e-01   3.6507760e+01   1.9277308e-05   2.5129245e-07   8.1221703e-05  -8.1128355e+01
  5.5675840177462e+00   9.8507456e-01   1.1261040e-01   3.6507760e+01   1.9279147e-05   4.9931962e-07   1.6187706e-04  -8.1128355e+01
  5.5724593102311e+00   9.8562272e-01   1.1227237e-01   3.6507760e+01   1.9282237e-05   7.5945020e-07   2.4695146e-04  -8.1128355e+01
  5.5773346027160e+00   9.8616924e-01   1.1194152e-01   3.6507760e+01   1.9286571e-05   1.0063259e-06   3.2819551e-04  -8.1128355e+01
  5.5822098952009e+00   9.8671418e-01   1.1162192e-01   3.6507760e+01   1.9292031e-05   1.2192179e-06   3.9876498e-04  -8.1128355e+01
  5.5870851876858e+00   9.8725760e-01   1.1131876e-01   3.6507760e+01   1.9298406e-05   1.3805012e-06   4.5274496e-04  -8.1128355e+01
  5.5919604801707e+00   9.8779959e-01   1.1103847e-01   3.6507760e+01   1.9305401e-05   1.4728782e-06   4.8425994e-04  -8.1128355e+01
  5.5968357726556e+00   9.8834029e-01   1.1078795e-01   3.6507760e+01   1.9312633e-05   1.4779743e-06   4.8703428e-04  -8.1128355e+01
  5.6017110651405e+00   9.8887986e-01   1.1057295e-01   3.6507760e+01   1.9319633e-05   1.3782216e-06   4.5504604e-04  -8.1128355e+01
  5.6065863576253e+00   9.8941847e-01   1.1039629e-01   3.6507760e+01   1.9325857e-05   1.1622195e-06   3.8434291e-04  -8.1128355e+01
  5.6114616501103e+00   9.8995632e-01   1.1025657e-01   3.6507760e+01   1.9330734e-05   8.3178385e-07   2.7541728e-04  -8.1128355e+01
  5.6163369425951e+00   9.9049357e-01   1.1014787e-01   3.6507760e+01   1.9333752e-05   4.0757300e-07   1.3508729e-04  -8.1128355e+01
  5.6212122350800e+00   9.9103035e-01   1.1006052e-01   3.6507760e+01   1.9334548e-05  -6.9833544e-08  -2.3164221e-05  -8.1128355e+01
  5.6260875275649e+00   9.9156673e-01   1.0998290e-01   3.6507760e+01   1.9332997e-05  -5.4510690e-07  -1.8094296e-04  -8.1128355e+01
  5.6309628200498e+00   9.9210273e-01   1.0990356e-01   3.6507760e+01   1.9329261e-05  -9.5893802e-07  -3.1854000e-04  -8.1128355e+01
  5.6358381125347e+00   9.9263832e-01   1.0981323e-01   3.6507760e+01   1.9323771e-05  -1.2614130e-06  -4.1936082e-04  -8.1128355e+01
  5.6407134050196e+00   9.9317343e-01   1.0970608e-01   3.6507760e+01   1.9317153e-05  -1.4237134e-06  -4.7378034e-04  -8.1128355e+01
  5.6455886975045e+00   9.9370797e-01   1.0958010e-01   3.6507760e+01   1.9310106e-05  -1.4442375e-06  -4.8116285e-04  -8.1128355e+01
  5.6504639899894e+00   9.9424185e-01   1.0943655e-01   3.6507760e+01   1.9303269e-05  -1.3471722e-06  -4.4941329e-04  -8.1128355e+01
  5.6553392824743e+00   9.9477499e-01   1.0927893e-01   3.6507760e+01   1.9297116e-05  -1.1742004e-06  -3.9227531e-04  -8.1128355e+01
  5.6602145749592e+00   9.9530734e-01   1.0911187e-01   3.6507760e+01   1.9291897e-05  -9.7230842e-07  -3.2532485e-04  -8.1128355e+01
  5.6650898674440e+00   9.9583886e-01   1.0894017e-01   3.6507760e+01   1.9287648e-05  -7.8168121e-07  -2.6195507e-04  -8.1128355e+01
  5.6699651599289e+00   9.9636954e-01   1.0876833e-01   3.6507760e+01   1.9284243e-05  -6.2718506e-07  -2.1051276e-04  -8.1128355e+01
  5.6748404524138e+00   9.9689939e-01   1.0860031e-01   3.6507760e+01   1.9281484e-05  -5.1530023e-07  -1.7322654e-04  -8.1128355e+01
  5.6797157448987e+00   9.9742844e-01   1.0843955e-01   3.6507760e+01   1.9279180e-05  -4.3632839e-07  -1.4689632e-04  -8.1128355e+01
  5.6845910373836e+00   9.9795673e-01   1.0828887e-01   3.6507760e+01   1.9277220e-05  -3.7005140e-07  -1.2475657e-04  -8.1128355e+01
  5.6894663298685e+00   9.9848432e-01   1.0815022e-01   3.6507760e+01   1.9275603e-05  -2.9230309e-07  -9.8671379e-05  -8.1128355e+01
  5.6943416223534e+00   9.9901126e-01   1.0802431e-01   3.6507760e+01   1.9274442e-05  -1.8026126e-07  -6.0920868e-05  -8.1128355e+01
  5.6992169148383e+00   9.9953762e-01   1.0791022e-01   3.6507760e+01   1.9273954e-05  -1.5383177e-08  -5.2043759e-06  -8.1128355e+01
  5.7040922073232e+00   1.0000634e+00   1.0780507e-01   3.6507760e+01   1.9274432e-05   2.1576853e-07   7.3069158e-05  -8.1128355e+01
  5.7089674998081e+00   1.0005888e+00   1.0770416e-01   3.6507760e+01   1.9276223e-05   5.2162329e-07   1.7681117e-04  -8.1128355e+01
  5.7138427922930e+00   1.0011136e+00   1.0760137e-01   3.6507760e+01   1.9279701e-05   9.0526159e-07   3.0714360e-04  -8.1128355e+01
  5.7187180847779e+00   1.0016379e+00   1.0749007e-01   3.6507760e+01   1.9285239e-05   1.3628809e-06   4.6288676e-04  -8.1128355e+01
  5.7235933772628e+00   1.0021617e+00   1.0736413e-01   3.6507760e+01   1.9293169e-05   1.8813675e-06   6.3973429e-04  -8.1128355e+01
  5.7284686697476e+00   1.0026847e+00   1.0721902e-01   3.6507760e+01   1.9303730e-05   2.4362325e-06   8.2952994e-04  -8.1128355e+01
  5.7333439622325e+00   1.0032070e+00   1.0705272e-01   3.6507760e+01   1.9317015e-05   2.9915381e-06   1.0201922e-03  -8.1128355e+01
  5.7382192547174e+00   1.0037285e+00   1.0686617e-01   3.6507760e+01   1.9332915e-05   3.5029795e-06   1.1966924e-03  -8.1128355e+01
  5.7430945472023e+00   1.0042490e+00   1.0666338e-01   3.6507760e+01   1.9351100e-05   3.9241627e-06   1.3431263e-03  -8.1128355e+01
  5.7479698396872e+00   1.0047685e+00   1.0645119e-01   3.6507760e+01   1.9371023e-05   4.2147958e-06   1.4454770e-03  -8.1128355e+01
  5.7528451321721e+00   1.0052869e+00   1.0623883e-01   3.6507760e+01   1.9391975e-05   4.3485780e-06   1.4943391e-03  -8.1128355e+01
  5.7577204246570e+00   1.0058043e+00   1.0603732e-01   3.6507760e+01   1.9413165e-05   4.3184378e-06   1.4868019e-03  -8.1128355e+01
  5.7625957171419e+00   1.0063208e+00   1.0585885e-01   3.6507760e+01   1.9433819e-05   4.1375278e-06   1.4269178e-03  -8.1128355e+01
  5.7674710096268e+00   1.0068366e+00   1.0571591e-01   3.6507760e+01   1.9453272e-05   3.8357484e-06   1.3246310e-03  -8.1128355e+01
  5.7723463021117e+00   1.0073517e+00   1.0562023e-01   3.6507760e+01   1.9471032e-05   3.4530236e-06   1.1935418e-03  -8.1128355e+01
  5.7772215945966e+00   1.0078665e+00   1.0558128e-01   3.6507760e+01   1.9486813e-05   3.0315442e-06   1.0482435e-03  -8.1128355e+01
  5.7820968870815e+00   1.0083813e+00   1.0560471e-01   3.6507760e+01   1.9500522e-05   2.6093409e-06   9.0205437e-04  -8.1128355e+01
  5.7869721795663e+00   1.0088963e+00   1.0569096e-01   3.6507760e+01   1.9512238e-05   2.2168229e-06   7.6573475e-04  -8.1128355e+01
  5.7918474720512e+00   1.0094119e+00   1.0583437e-01   3.6507760e+01   1.9522163e-05   1.8766026e-06   6.4733753e-04  -8.1128355e+01
  5.7967227645361e+00   1.0099284e+00   1.0602325e-01   3.6507760e+01   1.9530599e-05   1.6055584e-06   5.5285366e-04  -8.1128355e+01
  5.8015980570210e+00   1.0104458e+00   1.0624088e-01   3.6507760e+01   1.9537916e-05   1.4172228e-06   4.8700304e-04  -8.1128355e+01
  5.8064733495059e+00   1.0109643e+00   1.0646717e-01   3.6507760e+01   1.9544547e-05   1.3225836e-06   4.5351600e-04  -8.1128355e+01
  5.8113486419908e+00   1.0114839e+00   1.0668069e-01   3.6507760e+01   1.9550968e-05   1.3283040e-06   4.5456587e-04  -8.1128355e+01
  5.8162239344757e+00   1.0120045e+00   1.0686041e-01   3.6507760e+01   1.9557669e-05   1.4328356e-06   4.8951353e-04  -8.1128355e+01
  5.8210992269606e+00   1.0125258e+00   1.0698696e-01   3.6507760e+01   1.9565102e-05   1.6222907e-06   5.5358338e-04  -8.1128355e+01
  5.8259745194455e+00   1.0130476e+00   1.0704332e-01   3.6507760e+01   1.9573616e-05   1.8685597e-06   6.3728338e-04  -8.1128355e+01
  5.8308498119304e+00   1.0135694e+00   1.0701517e-01   3.6507760e+01   1.9583390e-05   2.1316218e-06   7.2719351e-04  -8.1128355e+01
  5.8357251044153e+00   1.0140909e+00   1.0689113e-01   3.6507760e+01   1.9594395e-05   2.3664228e-06   8.0823162e-04  -8.1128355e+01
  5.8406003969002e+00   1.0146115e+00   1.0666321e-01   3.6507760e+01   1.9606385e-05   2.5327057e-06   8.6687253e-04  -8.1128355e+01
  5.8454756893850e+00   1.0151307e+00   1.0632741e-01   3.6507760e+01   1.9618955e-05   2.6046771e-06   8.9432185e-04  -8.1128355e+01
  5.8503509818699e+00   1.0156480e+00   1.0588431e-01   3.6507760e+01   1.9631622e-05   2.5770838e-06   8.8855049e-04  -8.1128355e+01
  5.8552262743548e+00   1.0161629e+00   1.0533935e-01   3.6507760e+01   1.9643934e-05   2.4653941e-06   8.5443864e-04  -8.1128355e+01
  5.8601015668397e+00   1.0166749e+00   1.0470245e-01   3.6507760e+01   1.9655551e-05   2.2999004e-06   8.0193168e-04  -8.1128355e+01
  5.8649768593246e+00   1.0171836e+00   1.0398696e-01   3.6507760e+01   1.9666301e-05   2.1157941e-06   7.4281335e-04  -8.1128355e+01
  5.8698521518095e+00   1.0176886e+00   1.0320818e-01   3.6507760e+01   1.9676171e-05   1.9426639e-06   6.8717721e-04  -8.1128355e+01
  5.8747274442944e+00   1.0181897e+00   1.0238173e-01   3.6507760e+01   1.9685263e-05   1.7969021e-06   6.4074783e-04  -8.1128355e+01
  5.8796027367793e+00   1.0186867e+00   1.0152239e-01   3.6507760e+01   1.9693717e-05   1.6792377e-06   6.0385899e-04  -8.1128355e+01
  5.8844780292642e+00   1.0191794e+00   1.0064353e-01   3.6507760e+01   1.9701645e-05   1.5776637e-06   5.7228684e-04  -8.1128355e+01
  5.8893533217491e+00   1.0196679e+00   9.9757357e-02   3.6507760e+01   1.9709080e-05   1.4741719e-06   5.3949619e-04  -8.1128355e+01
  5.8942286142340e+00   1.0201520e+00   9.8875607e-02   3.6507760e+01   1.9715971e-05   1.3525942e-06   4.9941724e-04  -8.1128355e+01
  5.8991039067189e+00   1.0206318e+00   9.8010278e-02   3.6507760e+01   1.9722204e-05   1.2047718e-06   4.4876437e-04  -8.1128355e+01
  5.9039791992037e+00   1.0211075e+00   9.7173981e-02   3.6507760e+01   1.9727653e-05   1.0331490e-06   3.8814873e-04  -8.1128355e+01
  5.9088544916886e+00   1.0215793e+00   9.6379570e-02   3.6507760e+01   1.9732228e-05   8.4931657e-07   3.2171388e-04  -8.1128355e+01
  5.9137297841735e+00   1.0220473e+00   9.5639060e-02   3.6507760e+01   1.9735911e-05   6.6947957e-07   2.5555667e-04  -8.1128355e+01
  5.9186050766584e+00   1.0225118e+00   9.4962103e-02   3.6507760e+01   1.9738760e-05   5.0877530e-07   1.9559641e-04  -8.1128355e+01
  5.9234803691433e+00   1.0229732e+00   9.4354471e-02   3.6507760e+01   1.9740895e-05   3.7654123e-07   1.4569184e-04  -8.1128355e+01
  5.9283556616282e+00   1.0234318e+00   9.3817038e-02   3.6507760e+01   1.9742461e-05   2.7405502e-07   1.0664518e-04  -8.1128355e+01
  5.9332309541131e+00   1.0238880e+00   9.3345556e-02   3.6507760e+01   1.9743591e-05   1.9522263e-07   7.6352225e-05  -8.1128355e+01
  5.9381062465980e+00   1.0243420e+00   9.2931351e-02   3.6507760e+01   1.9744374e-05   1.2959230e-07   5.0909886e-05  -8.1128355e+01
  5.9429815390829e+00   1.0247941e+00   9.2562753e-02   3.6507760e+01   1.9744848e-05   6.6303232e-08   2.6150718e-05  -8.1128355e+01
  5.9478568315678e+00   1.0252446e+00   9.2226960e-02   3.6507760e+01   1.9745001e-05  -2.6221133e-09  -1.0379554e-06  -8.1128355e+01
  5.9527321240527e+00   1.0256934e+00   9.1911910e-02   3.6507760e+01   1.9744795e-05  -8.0827837e-08  -3.2105124e-05  -8.1128355e+01
  5.9576074165375e+00   1.0261407e+00   9.1607821e-02   3.6507760e+01   1.9744184e-05  -1.6836889e-07  -6.7098756e-05  -8.1128355e+01
  5.9624827090224e+00   1.0265866e+00   9.1308099e-02   3.6507760e+01   1.9743125e-05  -2.6407628e-07  -1.0558574e-04  -8.1128355e+01
  5.9673580015073e+00   1.0270310e+00   9.1009497e-02   3.6507760e+01   1.9741579e-05  -3.6832021e-07  -1.4774882e-04  -8.1128355e+01
  5.9722332939922e+00   1.0274739e+00   9.0711544e-02   3.6507760e+01   1.9739496e-05  -4.8482600e-07  -1.9512303e-04  -8.1128355e+01
  5.9771085864771e+00   1.0279154e+00   9.0415420e-02   3.6507760e+01   1.9736800e-05  -6.2062910e-07  -2.5059640e-04  -8.1128355e+01
  5.9819838789620e+00   1.0283555e+00   9.0122582e-02   3.6507760e+01   1.9733375e-05  -7.8403758e-07  -3.1760581e-04  -8.1128355e+01
  5.9868591714469e+00   1.0287941e+00   8.9833559e-02   3.6507760e+01   1.9729071e-05  -9.8127531e-07  -3.9878375e-04  -8.1128355e+01
  5.9917344639318e+00   1.0292314e+00   8.9547239e-02   3.6507760e+01   1.9723716e-05  -1.2130000e-06  -4.9453129e-04  -8.1128355e+01
  5.9966097564167e+00   1.0296672e+00   8.9260916e-02   3.6507760e+01   1.9717158e-05  -1.4719547e-06  -6.0203020e-04  -8.1128355e+01
  6.0014850489016e+00   1.0301017e+00   8.8971062e-02   3.6507760e+01   1.9709301e-05  -1.7426294e-06  -7.1505830e-04  -8.1128355e+01
  6.0063603413865e+00   1.0305347e+00   8.8674572e-02   3.6507760e+01   1.9700140e-05  -2.0031355e-06  -8.2470078e-04  -8.1128355e+01
  6.0112356338714e+00   1.0309662e+00   8.8370051e-02   3.6507760e+01   1.9689787e-05  -2.2287732e-06  -9.2075898e-04  -8.1128355e+01
  6.0161109263562e+00   1.0313963e+00   8.8058647e-02   3.6507760e+01   1.9678471e-05  -2.3962536e-06  -9.9344988e-04  -8.1128355e+01
  6.0209862188411e+00   1.0318248e+00   8.7744104e-02   3.6507760e+01   1.9666525e-05  -2.4873848e-06  -1.0349282e-03  -8.1128355e+01
  6.0258615113260e+00   1.0322518e+00   8.7431976e-02   3.6507760e+01   1.9654352e-05  -2.4913078e-06  -1.0402609e-03  -8.1128355e+01
  6.0307368038109e+00   1.0326773e+00   8.7128212e-02   3.6507760e+01   1.9642388e-05  -2.4049377e-06  -1.0076976e-03  -8.1128355e+01
  6.0356120962958e+00   1.0331013e+00   8.6837582e-02   3.6507760e+01   1.9631065e-05  -2.2319128e-06  -9.3832802e-04  -8.1128355e+01
  6.0404873887807e+00   1.0335240e+00   8.6562455e-02   3.6507760e+01   1.9620787e-05  -1.9808194e-06  -8.3541161e-04  -8.1128355e+01
  6.0453626812656e+00   1.0339453e+00   8.6302307e-02   3.6507760e+01   1.9611905e-05  -1.6635786e-06  -7.0373007e-04  -8.1128355e+01
  6.0502379737505e+00   1.0343655e+00   8.6054105e-02   3.6507760e+01   1.9604706e-05  -1.2946239e-06  -5.4923374e-04  -8.1128355e+01
  6.0551132662354e+00   1.0347844e+00   8.5813423e-02   3.6507760e+01   1.9599401e-05  -8.9100198e-07  -3.7906059e-04  -8.1128355e+01
  6.0599885587203e+00   1.0352022e+00   8.5575932e-02   3.6507760e+01   1.9596108e-05  -4.7299881e-07  -2.0178719e-04  -8.1128355e+01
  6.0648638512052e+00   1.0356188e+00   8.5338815e-02   3.6507760e+01   1.9594840e-05  -6.4551908e-08  -2.7615166e-05  -8.1128355e+01
  6.0697391436901e+00   1.0360342e+00   8.5101737e-02   3.6507760e+01   1.9595483e-05   3.0730631e-07   1.3183121e-04  -8.1128355e+01
  6.0746144361749e+00   1.0364485e+00   8.4867154e-02   3.6507760e+01   1.9597787e-05   6.1441894e-07   2.6430790e-04  -8.1128355e+01
  6.0794897286598e+00   1.0368617e+00   8.4639944e-02   3.6507760e+01   1.9601369e-05   8.3081394e-07   3.5835510e-04  -8.1128355e+01
  6.0843650211447e+00   1.0372738e+00   8.4426496e-02   3.6507760e+01   1.9605733e-05   9.3674715e-07   4.0506881e-04  -8.1128355e+01
  6.0892403136296e+00   1.0376849e+00   8.4233485e-02   3.6507760e+01   1.9610314e-05   9.2252133e-07   3.9983134e-04  -8.1128355e+01
  6.0941156061145e+00   1.0380951e+00   8.4066535e-02   3.6507760e+01   1.9614525e-05   7.9106792e-07   3.4353881e-04  -8.1128355e+01
  6.0989908985994e+00   1.0385046e+00   8.3928997e-02   3.6507760e+01   1.9617833e-05   5.5853114e-07   2.4295204e-04  -8.1128355e+01
  6.1038661910843e+00   1.0389135e+00   8.3820976e-02   3.6507760e+01   1.9619808e-05   2.5256541e-07   1.1000346e-04  -8.1128355e+01
  6.1087414835692e+00   1.0393220e+00   8.3738780e-02   3.6507760e+01   1.9620180e-05  -9.1402353e-08  -3.9848863e-05  -8.1128355e+01
  6.1136167760541e+00   1.0397300e+00   8.3674903e-02   3.6507760e+01   1.9618861e-05  -4.3523859e-07  -1.8989667e-04  -8.1128355e+01
  6.1184920685390e+00   1.0401378e+00   8.3618637e-02   3.6507760e+01   1.9615942e-05  -7.4352775e-07  -3.2462300e-04  -8.1128355e+01
  6.1233673610239e+00   1.0405454e+00   8.3557307e-02   3.6507760e+01   1.9611670e-05  -9.8835597e-07  -4.3183132e-04  -8.1128355e+01
  6.1282426535088e+00   1.0409525e+00   8.3477975e-02   3.6507760e+01   1.9606403e-05  -1.1526335e-06  -5.0408586e-04  -8.1128355e+01
  6.1331179459937e+00   1.0413592e+00   8.3369302e-02   3.6507760e+01   1.9600551e-05  -1.2314694e-06  -5.3926552e-04  -8.1128355e+01
  6.1379932384785e+00   1.0417653e+00   8.3223194e-02   3.6507760e+01   1.9594518e-05  -1.2315247e-06  -5.4023649e-04  -8.1128355e+01
  6.1428685309634e+00   1.0421706e+00   8.3035823e-02   3.6507760e+01   1.9588651e-05  -1.1686718e-06  -5.1382150e-04  -8.1128355e+01
  6.1477438234483e+00   1.0425749e+00   8.2807809e-02   3.6507760e+01   1.9583203e-05  -1.0645924e-06  -4.6935045e-04  -8.1128355e+01
  6.1526191159332e+00   1.0429780e+00   8.2543513e-02   3.6507760e+01   1.9578317e-05  -9.4306319e-07  -4.1710273e-04  -8.1128355e+01
  6.1574944084181e+00   1.0433796e+00   8.2249671e-02   3.6507760e+01   1.9574019e-05  -8.2661154e-07  -3.6690403e-04  -8.1128355e+01
  6.1623697009030e+00   1.0437799e+00   8.1933749e-02   3.6507760e+01   1.9570235e-05  -7.3398622e-07  -3.2704707e-04  -8.1128355e+01
  6.1672449933879e+00   1.0441785e+00   8.1602452e-02   3.6507760e+01   1.9566813e-05  -6.7860538e-07  -3.0359826e-04  -8.1128355e+01
  6.1721202858728e+00   1.0445755e+00   8.1260778e-02   3.6507760e+01   1.9563551e-05  -6.6789479e-07  -3.0006287e-04  -8.1128355e+01
  6.1769955783577e+00   1.0449707e+00   8.0911780e-02   3.6507760e+01   1.9560223e-05  -7.0329457e-07  -3.1732968e-04  -8.1128355e+01
  6.1818708708426e+00   1.0453643e+00   8.0557048e-02   3.6507760e+01   1.9556615e-05  -7.8070214e-07  -3.5380748e-04  -8.1128355e+01
  6.1867461633274e+00   1.0457562e+00   8.0197694e-02   3.6507760e+01   1.9552542e-05  -8.9120405e-07  -4.0569574e-04  -8.1128355e+01
  6.1916214558124e+00   1.0461462e+00   7.9835512e-02   3.6507760e+01   1.9547873e-05  -1.0220677e-06  -4.6737851e-04  -8.1128355e+01
  6.1964967482972e+00   1.0465345e+00   7.9473944e-02   3.6507760e+01   1.9542546e-05  -1.1580490e-06  -5.3197024e-04  -8.1128355e+01
  6.2013720407821e+00   1.0469211e+00   7.9118570e-02   3.6507760e+01   1.9536578e-05  -1.2830672e-06  -5.9204695e-04  -8.1128355e+01
  6.2062473332670e+00   1.0473060e+00   7.8776924e-02   3.6507760e+01   1.9530059e-05  -1.3821893e-06  -6.4055097e-04  -8.1128355e+01
  6.2111226257519e+00   1.0476892e+00   7.8457667e-02   3.6507760e+01   1.9523149e-05  -1.4436826e-06  -6.7177139e-04  -8.1128355e+01
  6.2159979182368e+00   1.0480710e+00   7.8169281e-02   3.6507760e+01   1.9516049e-05  -1.4607252e-06  -6.8220921e-04  -8.1128355e+01
  6.2208732107217e+00   1.0484514e+00   7.7918602e-02   3.6507760e+01   1.9508981e-05  -1.4323066e-06  -6.7108887e-04  -8.1128355e+01
  6.2257485032066e+00   1.0488308e+00   7.7709539e-02   3.6507760e+01   1.9502158e-05  -1.3629678e-06  -6.4031909e-04  -8.1128355e+01
  6.2306237956915e+00   1.0492092e+00   7.7542294e-02   3.6507760e+01   1.9495758e-05  -1.2613249e-06  -5.9384554e-04  -8.1128355e+01
  6.2354990881764e+00   1.0495869e+00   7.7413264e-02   3.6507760e+01   1.9489913e-05  -1.1377005e-06  -5.3653461e-04  -8.1128355e+01
  6.2403743806613e+00   1.0499640e+00   7.7315633e-02   3.6507760e+01   1.9484706e-05  -1.0015121e-06  -4.7290518e-04  -8.1128355e+01
  6.2452496731461e+00   1.0503408e+00   7.7240495e-02   3.6507760e+01   1.9480180e-05  -8.5920046e-07  -4.0610154e-04  -8.1128355e+01
  6.2501249656310e+00   1.0507172e+00   7.7178249e-02   3.6507760e+01   1.9476357e-05  -7.1334057e-07  -3.3743272e-04  -8.1128355e+01
  6.2550002581159e+00   1.0510933e+00   7.7119937e-02   3.6507760e+01   1.9473256e-05  -5.6318971e-07  -2.6660803e-04  -8.1128355e+01
  6.2598755506008e+00   1.0514691e+00   7.7058260e-02   3.6507760e+01   1.9470902e-05  -4.0642452e-07  -1.9255105e-04  -8.1128355e+01
  6.2647508430857e+00   1.0518446e+00   7.6988075e-02   3.6507760e+01   1.9469332e-05  -2.4140007e-07  -1.1447196e-04  -8.1128355e+01
  6.2696261355706e+00   1.0522198e+00   7.6906327e-02   3.6507760e+01   1.9468587e-05  -6.9098816e-08  -3.2801501e-05  -8.1128355e+01
  6.2745014280555e+00   1.0525945e+00   7.6811480e-02   3.6507760e+01   1.9468692e-05   1.0590977e-07   5.0337898e-05  -8.1128355e+01
  6.2793767205404e+00   1.0529687e+00   7.6702642e-02   3.6507760e+01   1.9469640e-05   2.7578101e-07   1.3126206e-04  -8.1128355e+01
  6.2842520130253e+00   1.0533423e+00   7.6578618e-02   3.6507760e+01   1.9471383e-05   4.3079266e-07   2.0537423e-04  -8.1128355e+01
  6.2891273055102e+00   1.0537153e+00   7.6437168e-02   3.6507760e+01   1.9473823e-05   5.6128864e-07   2.6808150e-04  -8.1128355e+01
  6.2940025979951e+00   1.0540876e+00   7.6274664e-02   3.6507760e+01   1.9476822e-05   6.5950405e-07   3.1566203e-04  -8.1128355e+01
  6.2988778904800e+00   1.0544590e+00   7.6086268e-02   3.6507760e+01   1.9480207e-05   7.2072198e-07   3.4581727e-04  -8.1128355e+01
  6.3037531829648e+00   1.0548294e+00   7.5866579e-02   3.6507760e+01   1.9483793e-05   7.4349502e-07   3.5777727e-04  -8.1128355e+01
  6.3086284754497e+00   1.0551986e+00   7.5610644e-02   3.6507760e+01   1.9487396e-05   7.2900192e-07   3.5199048e-04  -8.1128355e+01
  6.3135037679346e+00   1.0555665e+00   7.5315074e-02   3.6507760e+01   1.9490840e-05   6.7989382e-07   3.2956750e-04  -8.1128355e+01
  6.3183790604195e+00   1.0559329e+00   7.4979039e-02   3.6507760e+01   1.9493964e-05   5.9913476e-07   2.9172244e-04  -8.1128355e+01
  6.3232543529044e+00   1.0562975e+00   7.4604906e-02   3.6507760e+01   1.9496619e-05   4.8931523e-07   2.3944542e-04  -8.1128355e+01
  6.3281296453893e+00   1.0566602e+00   7.4198377e-02   3.6507760e+01   1.9498671e-05   3.5272413e-07   1.7355053e-04  -8.1128355e+01
  6.3330049378742e+00   1.0570209e+00   7.3768053e-02   3.6507760e+01   1.9499995e-05   1.9216365e-07   9.5101660e-05  -8.1128355e+01
  6.3378802303591e+00   1.0573794e+00   7.3324489e-02   3.6507760e+01   1.9500485e-05   1.2188360e-08   6.0685006e-06  -8.1128355e+01
  6.3427555228440e+00   1.0577357e+00   7.2878874e-02   3.6507760e+01   1.9500064e-05  -1.7974396e-07  -9.0040485e-05  -8.1128355e+01
  6.3476308153289e+00   1.0580899e+00   7.2441594e-02   3.6507760e+01   1.9498700e-05  -3.7273337e-07  -1.8784319e-04  -8.1128355e+01
  6.3525061078138e+00   1.0584421e+00   7.2020985e-02   3.6507760e+01   1.9496420e-05  -5.5285942e-07  -2.8024692e-04  -8.1128355e+01
  6.3573814002987e+00   1.0587922e+00   7.1622591e-02   3.6507760e+01   1.9493328e-05  -7.0462011e-07  -3.5916184e-04  -8.1128355e+01
  6.3622566927835e+00   1.0591404e+00   7.1249149e-02   3.6507760e+01   1.9489599e-05  -8.1314002e-07  -4.1664947e-04  -8.1128355e+01
  6.3671319852684e+00   1.0594869e+00   7.0901330e-02   3.6507760e+01   1.9485476e-05  -8.6667582e-07  -4.4625951e-04  -8.1128355e+01
  6.3720072777533e+00   1.0598317e+00   7.0579055e-02   3.6507760e+01   1.9481245e-05  -8.5885911e-07  -4.4425392e-04  -8.1128355e+01
  6.3768825702382e+00   1.0601750e+00   7.0282979e-02   3.6507760e+01   1.9477207e-05  -7.9016843e-07  -4.1044474e-04  -8.1128355e+01
  6.3817578627231e+00   1.0605170e+00   7.0015622e-02   3.6507760e+01   1.9473643e-05  -6.6828808e-07  -3.4846081e-04  -8.1128355e+01
  6.3866331552080e+00   1.0608578e+00   6.9781721e-02   3.6507760e+01   1.9470778e-05  -5.0724203e-07  -2.6537423e-04  -8.1128355e+01
  6.3915084476929e+00   1.0611975e+00   6.9587543e-02   3.6507760e+01   1.9468759e-05  -3.2543383e-07  -1.7073257e-04  -8.1128355e+01
  6.3963837401778e+00   1.0615363e+00   6.9439285e-02   3.6507760e+01   1.9467635e-05  -1.4292441e-07  -7.5142626e-05  -8.1128355e+01
  6.4012590326627e+00   1.0618746e+00   6.9340952e-02   3.6507760e+01   1.9467364e-05   2.1592989e-08   1.1368630e-05  -8.1128355e+01
  6.4061343251476e+00   1.0622125e+00   6.9292313e-02   3.6507760e+01   1.9467817e-05   1.5361771e-07   8.0935940e-05  -8.1128355e+01
  6.4110096176325e+00   1.0625503e+00   6.9287543e-02   3.6507760e+01   1.9468813e-05   2.4498783e-07   1.2908463e-04  -8.1128355e+01
  6.4158849101174e+00   1.0628881e+00   6.9314977e-02   3.6507760e+01   1.9470149e-05   2.9495011e-07   1.5534836e-04  -8.1128355e+01
  6.4207602026023e+00   1.0632262e+00   6.9358090e-02   3.6507760e+01   1.9471637e-05   3.0989820e-07   1.6311996e-04  -8.1128355e+01
  6.4256354950871e+00   1.0635644e+00   6.9397514e-02   3.6507760e+01   1.9473134e-05   3.0174199e-07   1.5873658e-04  -8.1128355e+01
  6.4305107875720e+00   1.0639028e+00   6.9413652e-02   3.6507760e+01   1.9474564e-05   2.8515760e-07   1.4997720e-04  -8.1128355e+01
  6.4353860800569e+00   1.0642412e+00   6.9389313e-02   3.6507760e+01   1.9475922e-05   2.7425731e-07   1.4429484e-04  -8.1128355e+01
  6.4402613725418e+00   1.0645793e+00   6.9311849e-02   3.6507760e+01   1.9477264e-05   2.7940660e-07   1.4716833e-04  -8.1128355e+01
  6.4451366650267e+00   1.0649169e+00   6.9174387e-02   3.6507760e+01   1.9478682e-05   3.0490727e-07   1.6091912e-04  -8.1128355e+01
  6.4500119575116e+00   1.0652537e+00   6.8975978e-02   3.6507760e+01   1.9480271e-05   3.4804845e-07   1.8421586e-04  -8.1128355e+01
  6.4548872499965e+00   1.0655893e+00   6.8720708e-02   3.6507760e+01   1.9482097e-05   3.9968140e-07   2.1233007e-04  -8.1128355e+01
  6.4597625424814e+00   1.0659236e+00   6.8416031e-02   3.6507760e+01   1.9484168e-05   4.4612833e-07   2.3806037e-04  -8.1128355e+01
  6.4646378349663e+00   1.0662563e+00   6.8070754e-02   3.6507760e+01   1.9486420e-05   4.7199322e-07   2.5313977e-04  -8.1128355e+01
  6.4695131274512e+00   1.0665872e+00   6.7693140e-02   3.6507760e+01   1.9488715e-05   4.6333220e-07   2.4988087e-04  -8.1128355e+01
  6.4743884199361e+00   1.0669163e+00   6.7289596e-02   3.6507760e+01   1.9490861e-05   4.1062947e-07   2.2278573e-04  -8.1128355e+01
  6.4792637124210e+00   1.0672432e+00   6.6864234e-02   3.6507760e+01   1.9492630e-05   3.1106619e-07   1.6984162e-04  -8.1128355e+01
  6.4841390049058e+00   1.0675681e+00   6.6419386e-02   3.6507760e+01   1.9493806e-05   1.6965103e-07   9.3249568e-05  -8.1128355e+01
  6.4890142973907e+00   1.0678908e+00   6.5956890e-02   3.6507760e+01   1.9494211e-05  -1.0689265e-09  -5.9166108e-07  -8.1128355e+01
  6.4938895898756e+00   1.0682111e+00   6.5479754e-02   3.6507760e+01   1.9493749e-05  -1.8274897e-07  -1.0189036e-04  -8.1128355e+01
  6.4987648823605e+00   1.0685291e+00   6.4993687e-02   3.6507760e+01   1.9492417e-05  -3.5414217e-07  -1.9892604e-04  -8.1128355e+01
  6.5036401748454e+00   1.0688448e+00   6.4508013e-02   3.6507760e+01   1.9490321e-05  -4.9453869e-07  -2.7987995e-04  -8.1128355e+01
  6.5085154673303e+00   1.0691581e+00   6.4035629e-02   3.6507760e+01   1.9487655e-05  -5.8697607e-07  -3.3464466e-04  -8.1128355e+01
  6.5133907598152e+00   1.0694691e+00   6.3591929e-02   3.6507760e+01   1.9484683e-05  -6.2053278e-07  -3.5624429e-04  -8.1128355e+01
  6.5182660523001e+00   1.0697781e+00   6.3192870e-02   3.6507760e+01   1.9481706e-05  -5.9133681e-07  -3.4162687e-04  -8.1128355e+01
  6.5231413447850e+00   1.0700853e+00   6.2852578e-02   3.6507760e+01   1.9479025e-05  -5.0233964e-07  -2.9178270e-04  -8.1128355e+01
  6.5280166372699e+00   1.0703911e+00   6.2581024e-02   3.6507760e+01   1.9476910e-05  -3.6224181e-07  -2.1132024e-04  -8.1128355e+01
  6.5328919297548e+00   1.0706956e+00   6.2382274e-02   3.6507760e+01   1.9475580e-05  -1.8407582e-07  -1.0772605e-04  -8.1128355e+01
  6.5377672222397e+00   1.0709994e+00   6.2253709e-02   3.6507760e+01   1.9475182e-05   1.6162153e-08   9.4780537e-06  -8.1128355e+01
  6.5426425147245e+00   1.0713027e+00   6.2186379e-02   3.6507760e+01   1.9475778e-05   2.2069236e-07   1.2956187e-04  -8.1128355e+01
  6.5475178072094e+00   1.0716058e+00   6.2166411e-02   3.6507760e+01   1.9477343e-05   4.1104447e-07   2.4138940e-04  -8.1128355e+01
  6.5523930996943e+00   1.0719089e+00   6.2177161e-02   3.6507760e+01   1.9479762e-05   5.6926672e-07   3.3424898e-04  -8.1128355e+01
  6.5572683921792e+00   1.0722121e+00   6.2201633e-02   3.6507760e+01   1.9482837e-05   6.7937160e-07   3.9874090e-04  -8.1128355e+01
  6.5621436846641e+00   1.0725154e+00   6.2224651e-02   3.6507760e+01   1.9486300e-05   7.2892544e-07   4.2766708e-04  -8.1128355e+01
  6.5670189771490e+00   1.0728188e+00   6.2234348e-02   3.6507760e+01   1.9489836e-05   7.1047468e-07   4.1677691e-04  -8.1128355e+01
  6.5718942696339e+00   1.0731222e+00   6.2222701e-02   3.6507760e+01   1.9493106e-05   6.2242036e-07   3.6519105e-04  -8.1128355e+01
  6.5767695621188e+00   1.0734255e+00   6.2185117e-02   3.6507760e+01   1.9495779e-05   4.6906951e-07   2.7538225e-04  -8.1128355e+01
  6.5816448546037e+00   1.0737285e+00   6.2119283e-02   3.6507760e+01   1.9497559e-05   2.5986213e-07   1.5272205e-04  -8.1128355e+01
  6.5865201470886e+00   1.0740311e+00   6.2023682e-02   3.6507760e+01   1.9498206e-05   8.0589074e-09   4.7435536e-06  -8.1128355e+01
  6.5913954395735e+00   1.0743332e+00   6.1896253e-02   3.6507760e+01   1.9497550e-05  -2.7067027e-07  -1.5964722e-04  -8.1128355e+01
  6.5962707320583e+00   1.0746346e+00   6.1733609e-02   3.6507760e+01   1.9495504e-05  -5.5937408e-07  -3.3080027e-04  -8.1128355e+01
  6.6011460245432e+00   1.0749350e+00   6.1531037e-02   3.6507760e+01   1.9492062e-05  -8.4051820e-07  -4.9869851e-04  -8.1128355e+01
  6.6060213170281e+00   1.0752344e+00   6.1283321e-02   3.6507760e+01   1.9487306e-05  -1.0964022e-06  -6.5314977e-04  -8.1128355e+01
  6.6108966095130e+00   1.0755325e+00   6.0986156e-02   3.6507760e+01   1.9481403e-05  -1.3096381e-06  -7.8398041e-04  -8.1128355e+01
  6.6157719019979e+00   1.0758289e+00   6.0637767e-02   3.6507760e+01   1.9474602e-05  -1.4640249e-06  -8.8143533e-04  -8.1128355e+01
  6.6206471944828e+00   1.0761236e+00   6.0240263e-02   3.6507760e+01   1.9467227e-05  -1.5459369e-06  -9.3689318e-04  -8.1128355e+01
  6.6255224869677e+00   1.0764162e+00   5.9800336e-02   3.6507760e+01   1.9459655e-05  -1.5460288e-06  -9.4384166e-04  -8.1128355e+01
  6.6303977794526e+00   1.0767065e+00   5.9329035e-02   3.6507760e+01   1.9452298e-05  -1.4608163e-06  -8.9890439e-04  -8.1128355e+01
  6.6352730719375e+00   1.0769946e+00   5.8840628e-02   3.6507760e+01   1.9445566e-05  -1.2936387e-06  -8.0264019e-04  -8.1128355e+01
  6.6401483644224e+00   1.0772802e+00   5.8350765e-02   3.6507760e+01   1.9439834e-05  -1.0546863e-06  -6.5987541e-04  -8.1128355e+01
  6.6450236569073e+00   1.0775635e+00   5.7874394e-02   3.6507760e+01   1.9435416e-05  -7.6006398e-07  -4.7945614e-04  -8.1128355e+01
  6.6498989493922e+00   1.0778445e+00   5.7423899e-02   3.6507760e+01   1.9432532e-05  -4.3012842e-07  -2.7345801e-04  -8.1128355e+01
  6.6547742418770e+00   1.0781234e+00   5.7007922e-02   3.6507760e+01   1.9431297e-05  -8.7453644e-08  -5.6005140e-05  -8.1128355e+01
  6.6596495343619e+00   1.0784003e+00   5.6631070e-02   3.6507760e+01   1.9431717e-05   2.4525623e-07   1.5810677e-04  -8.1128355e+01
  6.6645248268468e+00   1.0786756e+00   5.6294512e-02   3.6507760e+01   1.9433690e-05   5.4710831e-07   3.5480721e-04  -8.1128355e+01
  6.6694001193317e+00   1.0789492e+00   5.5997171e-02   3.6507760e+01   1.9437018e-05   8.0072062e-07   5.2203559e-04  -8.1128355e+01
  6.6742754118166e+00   1.0792216e+00   5.5737084e-02   3.6507760e+01   1.9441435e-05   9.9360863e-07   6.5081311e-04  -8.1128355e+01
  6.6791507043015e+00   1.0794927e+00   5.5512490e-02   3.6507760e+01   1.9446623e-05   1.1191415e-06   7.3600282e-04  -8.1128355e+01
  6.6840259967864e+00   1.0797629e+00   5.5322317e-02   3.6507760e+01   1.9452251e-05   1.1768976e-06   7.7664673e-04  -8.1128355e+01
  6.6889012892713e+00   1.0800322e+00   5.5165963e-02   3.6507760e+01   1.9458001e-05   1.1722586e-06   7.7577794e-04  -8.1128355e+01
  6.6937765817562e+00   1.0803008e+00   5.5042494e-02   3.6507760e+01   1.9463591e-05   1.1151866e-06   7.3966420e-04  -8.1128355e+01
  6.6986518742411e+00   1.0805689e+00   5.4949572e-02   3.6507760e+01   1.9468797e-05   1.0183102e-06   6.7655168e-04  -8.1128355e+01
  6.7035271667260e+00   1.0808366e+00   5.4882471e-02   3.6507760e+01   1.9473459e-05   8.9463867e-07   5.9511267e-04  -8.1128355e+01
  6.7084024592109e+00   1.0811041e+00   5.4833542e-02   3.6507760e+01   1.9477474e-05   7.5535265e-07   5.0290811e-04  -8.1128355e+01
  6.7132777516957e+00   1.0813713e+00   5.4792345e-02   3.6507760e+01   1.9480788e-05   6.0814970e-07   4.0520593e-04  -8.1128355e+01
  6.7181530441806e+00   1.0816383e+00   5.4746515e-02   3.6507760e+01   1.9483373e-05   4.5651576e-07   3.0442792e-04  -8.1128355e+01
  6.7230283366655e+00   1.0819051e+00   5.4683281e-02   3.6507760e+01   1.9485207e-05   3.0008824e-07   2.0034550e-04  -8.1128355e+01
  6.7279036291504e+00   1.0821714e+00   5.4591402e-02   3.6507760e+01   1.9486260e-05   1.3601285e-07   9.0957993e-05  -8.1128355e+01
  6.7327789216353e+00   1.0824373e+00   5.4463173e-02   3.6507760e+01   1.9486487e-05  -3.9050934e-08  -2.6176626e-05  -8.1128355e+01
  6.7376542141202e+00   1.0827024e+00   5.4296106e-02   3.6507760e+01   1.9485829e-05  -2.2677808e-07  -1.5248164e-04  -8.1128355e+01
  6.7425295066051e+00   1.0829666e+00   5.4093861e-02   3.6507760e+01   1.9484227e-05  -4.2540272e-07  -2.8710283e-04  -8.1128355e+01
  6.7474047990900e+00   1.0832298e+00   5.3866109e-02   3.6507760e+01   1.9481641e-05  -6.2871989e-07  -4.2611495e-04  -8.1128355e+01
  6.7522800915749e+00   1.0834918e+00   5.3627182e-02   3.6507760e+01   1.9478073e-05  -8.2604651e-07  -5.6234742e-04  -8.1128355e+01
  6.7571553840598e+00   1.0837526e+00   5.3393629e-02   3.6507760e+01   1.9473589e-05  -1.0030893e-06  -6.8585977e-04  -8.1128355e+01
  6.7620306765447e+00   1.0840124e+00   5.3181110e-02   3.6507760e+01   1.9468326e-05  -1.1434940e-06  -7.8498558e-04  -8.1128355e+01
  6.7669059690296e+00   1.0842712e+00   5.3001261e-02   3.6507760e+01   1.9462507e-05  -1.2307831e-06  -8.4777478e-04  -8.1128355e+01
  6.7717812615144e+00   1.0845292e+00   5.2859278e-02   3.6507760e+01   1.9456427e-05  -1.2504084e-06  -8.6360637e-04  -8.1128355e+01
  6.7766565539993e+00   1.0847867e+00   5.2752853e-02   3.6507760e+01   1.9450445e-05  -1.1917041e-06  -8.2472218e-04  -8.1128355e+01
  6.7815318464842e+00   1.0850436e+00   5.2672782e-02   3.6507760e+01   1.9444960e-05  -1.0495523e-06  -7.2744979e-04  -8.1128355e+01
  6.7864071389691e+00   1.0853003e+00   5.2605174e-02   3.6507760e+01   1.9440375e-05  -8.2556721e-07  -5.7294002e-04  -8.1128355e+01
  6.7912824314540e+00   1.0855565e+00   5.2534773e-02   3.6507760e+01   1.9437071e-05  -5.2859197e-07  -3.6733210e-04  -8.1128355e+01
  6.7961577239389e+00   1.0858125e+00   5.2448637e-02   3.6507760e+01   1.9435367e-05  -1.7435254e-07  -1.2136103e-04  -8.1128355e+01
  6.8010330164238e+00   1.0860679e+00   5.2339338e-02   3.6507760e+01   1.9435490e-05   2.1574951e-07   1.5048970e-04  -8.1128355e+01
  6.8059083089087e+00   1.0863227e+00   5.2207011e-02   3.6507760e+01   1.9437553e-05   6.1653121e-07   4.3113315e-04  -8.1128355e+01
  6.8107836013936e+00   1.0865769e+00   5.2059876e-02   3.6507760e+01   1.9441539e-05   1.0012787e-06   7.0216150e-04  -8.1128355e+01
  6.8156588938785e+00   1.0868303e+00   5.1913227e-02   3.6507760e+01   1.9447306e-05   1.3439783e-06   9.4514712e-04  -8.1128355e+01
  6.8205341863634e+00   1.0870831e+00   5.1787229e-02   3.6507760e+01   1.9454588e-05   1.6212426e-06   1.1429060e-03  -8.1128355e+01
  6.8254094788482e+00   1.0873353e+00   5.1704052e-02   3.6507760e+01   1.9463014e-05   1.8138142e-06   1.2807177e-03  -8.1128355e+01
  6.8302847713332e+00   1.0875873e+00   5.1684936e-02   3.6507760e+01   1.9472136e-05   1.9076941e-06   1.3475036e-03  -8.1128355e+01
  6.8351600638180e+00   1.0878394e+00   5.1747708e-02   3.6507760e+01   1.9481449e-05   1.8950129e-06   1.3369225e-03  -8.1128355e+01
  6.8400353563029e+00   1.0880921e+00   5.1905088e-02   3.6507760e+01   1.9490427e-05   1.7747261e-06   1.2482644e-03  -8.1128355e+01
  6.8449106487878e+00   1.0883457e+00   5.2163919e-02   3.6507760e+01   1.9498560e-05   1.5530927e-06   1.0869569e-03  -8.1128355e+01
  6.8497859412727e+00   1.0886009e+00   5.2525242e-02   3.6507760e+01   1.9505385e-05   1.2437656e-06   8.6448143e-04  -8.1128355e+01
  6.8546612337576e+00   1.0888581e+00   5.2984998e-02   3.6507760e+01   1.9510522e-05   8.6726388e-07   5.9756276e-04  -8.1128355e+01
  6.8595365262425e+00   1.0891178e+00   5.3535040e-02   3.6507760e+01   1.9513709e-05   4.4964717e-07   3.0663302e-04  -8.1128355e+01
  6.8644118187274e+00   1.0893803e+00   5.4164141e-02   3.6507760e+01   1.9514819e-05   2.0383754e-08   1.3739075e-05  -8.1128355e+01
  6.8692871112123e+00   1.0896461e+00   5.4858753e-02   3.6507760e+01   1.9513870e-05  -3.9038278e-07  -2.5979447e-04  -8.1128355e+01
  6.8741624036972e+00   1.0899154e+00   5.5603407e-02   3.6507760e+01   1.9511025e-05  -7.5478231e-07  -4.9557055e-04  -8.1128355e+01
  6.8790376961821e+00   1.0901885e+00   5.6380793e-02   3.6507760e+01   1.9506570e-05  -1.0499302e-06  -6.7985206e-04  -8.1128355e+01
  6.8839129886669e+00   1.0904653e+00   5.7171717e-02   3.6507760e+01   1.9500885e-05  -1.2600145e-06  -8.0459899e-04  -8.1128355e+01
  6.8887882811518e+00   1.0907461e+00   5.7955192e-02   3.6507760e+01   1.9494409e-05  -1.3775244e-06  -8.6774505e-04  -8.1128355e+01
  6.8936635736367e+00   1.0910305e+00   5.8708934e-02   3.6507760e+01   1.9487591e-05  -1.4035539e-06  -8.7279063e-04  -8.1128355e+01
  6.8985388661216e+00   1.0913185e+00   5.9410394e-02   3.6507760e+01   1.9480860e-05  -1.3472334e-06  -8.2787656e-04  -8.1128355e+01
  6.9034141586065e+00   1.0916098e+00   6.0038319e-02   3.6507760e+01   1.9474578e-05  -1.2243998e-06  -7.4452608e-04  -8.1128355e+01
  6.9082894510914e+00   1.0919039e+00   6.0574624e-02   3.6507760e+01   1.9469020e-05  -1.0556347e-06  -6.3622116e-04  -8.1128355e+01
  6.9131647435763e+00   1.0922003e+00   6.1006221e-02   3.6507760e+01   1.9464352e-05  -8.6383788e-07  -5.1694377e-04  -8.1128355e+01
  6.9180400360612e+00   1.0924986e+00   6.1326420e-02   3.6507760e+01   1.9460629e-05  -6.7157521e-07  -3.9979027e-04  -8.1128355e+01
  6.9229153285461e+00   1.0927982e+00   6.1535546e-02   3.6507760e+01   1.9457802e-05  -4.9851912e-07  -2.9576103e-04  -8.1128355e+01
  6.9277906210310e+00   1.0930985e+00   6.1640618e-02   3.6507760e+01   1.9455738e-05  -3.5934092e-07  -2.1282610e-04  -8.1128355e+01
  6.9326659135159e+00   1.0933991e+00   6.1654120e-02   3.6507760e+01   1.9454248e-05  -2.6236030e-07  -1.5535355e-04  -8.1128355e+01
  6.9375412060008e+00   1.0936995e+00   6.1592114e-02   3.6507760e+01   1.9453120e-05  -2.0911718e-07  -1.2395093e-04  -8.1128355e+01
  6.9424164984856e+00   1.0939995e+00   6.1472061e-02   3.6507760e+01   1.9452151e-05  -1.9484931e-07  -1.1571943e-04  -8.1128355e+01
  6.9472917909705e+00   1.0942988e+00   6.1310788e-02   3.6507760e+01   1.9451173e-05  -2.0970778e-07  -1.2487136e-04  -8.1128355e+01
  6.9521670834554e+00   1.0945973e+00   6.1122946e-02   3.6507760e+01   1.9450076e-05  -2.4046891e-07  -1.4362824e-04  -8.1128355e+01
  6.9570423759403e+00   1.0948947e+00   6.0920188e-02   3.6507760e+01   1.9448821e-05  -2.7250336e-07  -1.6330362e-04  -8.1128355e+01
  6.9619176684252e+00   1.0951912e+00   6.0711116e-02   3.6507760e+01   1.9447436e-05  -2.9180513e-07  -1.7547283e-04  -8.1128355e+01
  6.9667929609101e+00   1.0954867e+00   6.0501861e-02   3.6507760e+01   1.9446014e-05  -2.8691287e-07  -1.7312767e-04  -8.1128355e+01
  6.9716682533950e+00   1.0957811e+00   6.0297050e-02   3.6507760e+01   1.9444693e-05  -2.5054976e-07  -1.5169913e-04  -8.1128355e+01
  6.9765435458799e+00   1.0960746e+00   6.0100854e-02   3.6507760e+01   1.9443634e-05  -1.8077878e-07  -1.0981256e-04  -8.1128355e+01
  6.9814188383648e+00   1.0963671e+00   5.9917810e-02   3.6507760e+01   1.9442993e-05  -8.1460167e-08  -4.9633460e-05  -8.1128355e+01
  6.9862941308497e+00   1.0966588e+00   5.9753200e-02   3.6507760e+01   1.9442891e-05   3.8146709e-08   2.3306716e-05  -8.1128355e+01
  6.9911694233346e+00   1.0969498e+00   5.9612880e-02   3.6507760e+01   1.9443396e-05   1.6465791e-07   1.0083880e-04  -8.1128355e+01
  6.9960447158195e+00   1.0972401e+00   5.9502585e-02   3.6507760e+01   1.9444502e-05   2.8254892e-07   1.7335765e-04  -8.1128355e+01
  7.0009200083043e+00   1.0975300e+00   5.9426890e-02   3.6507760e+01   1.9446129e-05   3.7650663e-07   2.3129956e-04  -8.1128355e+01
  7.0057953007892e+00   1.0978196e+00   5.9388053e-02   3.6507760e+01   1.9448126e-05   4.3371543e-07   2.6661892e-04  -8.1128355e+01
  7.0106705932741e+00   1.0981091e+00   5.9385076e-02   3.6507760e+01   1.9450290e-05   4.4566858e-07   2.7398065e-04  -8.1128355e+01
  7.0155458857590e+00   1.0983987e+00   5.9413222e-02   3.6507760e+01   1.9452390e-05   4.0922238e-07   2.5145568e-04  -8.1128355e+01
  7.0204211782439e+00   1.0986885e+00   5.9464209e-02   3.6507760e+01   1.9454195e-05   3.2678792e-07   2.0062985e-04  -8.1128355e+01
  7.0252964707288e+00   1.0989785e+00   5.9527093e-02   3.6507760e+01   1.9455497e-05   2.0572094e-07   1.2616794e-04  -8.1128355e+01
  7.0301717632137e+00   1.0992689e+00   5.9589752e-02   3.6507760e+01   1.9456134e-05   5.7085077e-08   3.4973266e-05  -8.1128355e+01
  7.0350470556986e+00   1.0995596e+00   5.9640685e-02   3.6507760e+01   1.9456005e-05  -1.0598058e-07  -6.4873726e-05  -8.1128355e+01
  7.0399223481835e+00   1.0998504e+00   5.9670767e-02   3.6507760e+01   1.9455073e-05  -2.7004678e-07  -1.6521998e-04  -8.1128355e+01
  7.0447976406684e+00   1.1001414e+00   5.9674609e-02   3.6507760e+01   1.9453364e-05  -4.2309420e-07  -2.5884076e-04  -8.1128355e+01
  7.0496729331533e+00   1.1004322e+00   5.9651215e-02   3.6507760e+01   1.9450957e-05  -5.5589885e-07  -3.4022143e-04  -8.1128355e+01
  7.0545482256382e+00   1.1007229e+00   5.9603822e-02   3.6507760e+01   1.9447966e-05  -6.6289070e-07  -4.0602521e-04  -8.1128355e+01
  7.0594235181231e+00   1.1010134e+00   5.9538972e-02   3.6507760e+01   1.9444524e-05  -7.4232034e-07  -4.5517166e-04  -8.1128355e+01
  7.0642988106079e+00   1.1013035e+00   5.9465062e-02   3.6507760e+01   1.9440760e-05  -7.9566751e-07  -4.8848917e-04  -8.1128355e+01
  7.0691741030928e+00   1.1015932e+00   5.9390717e-02   3.6507760e+01   1.9436795e-05  -8.2637693e-07  -5.0797788e-04  -8.1128355e+01
  7.0740493955777e+00   1.1018825e+00   5.9323353e-02   3.6507760e+01   1.9432730e-05  -8.3818321e-07  -5.1582033e-04  -8.1128355e+01
  7.0789246880626e+00   1.1021716e+00   5.9268224e-02   3.6507760e+01   1.9428649e-05  -8.3343458e-07  -5.1337509e-04  -8.1128355e+01
  7.0837999805475e+00   1.1024605e+00   5.9228099e-02   3.6507760e+01   1.9424633e-05  -8.1188400e-07  -5.0043925e-04  -8.1128355e+01
  7.0886752730324e+00   1.1027492e+00   5.9203557e-02   3.6507760e+01   1.9420770e-05  -7.7034460e-07  -4.7503152e-04  -8.1128355e+01
  7.0935505655173e+00   1.1030378e+00   5.9193707e-02   3.6507760e+01   1.9417171e-05  -7.0339878e-07  -4.3382168e-04  -8.1128355e+01
  7.0984258580022e+00   1.1033263e+00   5.9197095e-02   3.6507760e+01   1.9413976e-05  -6.0505300e-07  -3.7314550e-04  -8.1128355e+01
  7.1033011504871e+00   1.1036150e+00   5.9212493e-02   3.6507760e+01   1.9411349e-05  -4.7093261e-07  -2.9035587e-04  -8.1128355e+01
  7.1081764429720e+00   1.1039037e+00   5.9239382e-02   3.6507760e+01   1.9409468e-05  -3.0041710e-07  -1.8513960e-04  -8.1128355e+01
  7.1130517354569e+00   1.1041926e+00   5.9277996e-02   3.6507760e+01   1.9408502e-05  -9.8102382e-08  -6.0418679e-05  -8.1128355e+01
  7.1179270279418e+00   1.1044817e+00   5.9328978e-02   3.6507760e+01   1.9408582e-05   1.2584705e-07   7.7439290e-05  -8.1128355e+01
  7.1228023204266e+00   1.1047711e+00   5.9392785e-02   3.6507760e+01   1.9409777e-05   3.5658950e-07   2.1918965e-04  -8.1128355e+01
  7.1276776129115e+00   1.1050609e+00   5.9469057e-02   3.6507760e+01   1.9412078e-05   5.7654969e-07   3.5394100e-04  -8.1128355e+01
  7.1325529053964e+00   1.1053510e+00   5.9556180e-02   3.6507760e+01   1.9415386e-05   7.6797891e-07   4.7076877e-04  -8.1128355e+01
  7.1374281978813e+00   1.1056416e+00   5.9651192e-02   3.6507760e+01   1.9419522e-05   9.1558742e-07   5.6035838e-04  -8.1128355e+01
  7.1423034903662e+00   1.1059327e+00   5.9750092e-02   3.6507760e+01   1.9424244e-05   1.0087351e-06   6.1634478e-04  -8.1128355e+01
  7.1471787828511e+00   1.1062242e+00   5.9848472e-02   3.6507760e+01   1.9429272e-05   1.0427969e-06   6.3610947e-04  -8.1128355e+01
  7.1520540753360e+00   1.1065163e+00   5.9942266e-02   3.6507760e+01   1.9434319e-05   1.0195065e-06   6.2092911e-04  -8.1128355e+01
  7.1569293678209e+00   1.1068087e+00   6.0028399e-02   3.6507760e+01   1.9439123e-05   9.4627577e-07   5.7550108e-04  -8.1128355e+01
  7.1618046603058e+00   1.1071016e+00   6.0105098e-02   3.6507760e+01   1.9443468e-05   8.3466975e-07   5.0697734e-04  -8.1128355e+01
  7.1666799527907e+00   1.1073948e+00   6.0171766e-02   3.6507760e+01   1.9447201e-05   6.9834503e-07   4.2370391e-04  -8.1128355e+01
  7.1715552452756e+00   1.1076883e+00   6.0228452e-02   3.6507760e+01   1.9450237e-05   5.5083422e-07   3.3389076e-04  -8.1128355e+01
  7.1764305377605e+00   1.1079820e+00   6.0275090e-02   3.6507760e+01   1.9452549e-05   4.0355694e-07   2.4442866e-04  -8.1128355e+01
  7.1813058302453e+00   1.1082760e+00   6.0310779e-02   3.6507760e+01   1.9454162e-05   2.6437209e-07   1.6003164e-04  -8.1128355e+01
  7.1861811227302e+00   1.1085701e+00   6.0333360e-02   3.6507760e+01   1.9455124e-05   1.3687072e-07   8.2820573e-05  -8.1128355e+01
  7.1910564152151e+00   1.1088642e+00   6.0339485e-02   3.6507760e+01   1.9455495e-05   2.0469289e-08   1.2384724e-05  -8.1128355e+01
  7.1959317077000e+00   1.1091584e+00   6.0325186e-02   3.6507760e+01   1.9455317e-05  -8.8775369e-08  -5.3725318e-05  -8.1128355e+01
  7.2008070001849e+00   1.1094524e+00   6.0286825e-02   3.6507760e+01   1.9454613e-05  -1.9682224e-07  -1.1918921e-04  -8.1128355e+01
  7.2056822926698e+00   1.1097462e+00   6.0222161e-02   3.6507760e+01   1.9453372e-05  -3.1003874e-07  -1.8795108e-04  -8.1128355e+01
  7.2105575851547e+00   1.1100395e+00   6.0131247e-02   3.6507760e+01   1.9451554e-05  -4.3361373e-07  -2.6326189e-04  -8.1128355e+01
  7.2154328776396e+00   1.1103324e+00   6.0016922e-02   3.6507760e+01   1.9449101e-05  -5.7024107e-07  -3.4687257e-04  -8.1128355e+01
  7.2203081701245e+00   1.1106247e+00   5.9884748e-02   3.6507760e+01   1.9445950e-05  -7.1925183e-07  -4.3848014e-04  -8.1128355e+01
  7.2251834626094e+00   1.1109163e+00   5.9742427e-02   3.6507760e+01   1.9442050e-05  -8.7628692e-07  -5.3548666e-04  -8.1128355e+01
  7.2300587550943e+00   1.1112072e+00   5.9598827e-02   3.6507760e+01   1.9437380e-05  -1.0335231e-06  -6.3309324e-04  -8.1128355e+01
  7.2349340475792e+00   1.1114974e+00   5.9462819e-02   3.6507760e+01   1.9431965e-05  -1.1804044e-06  -7.2472042e-04  -8.1128355e+01
  7.2398093400640e+00   1.1117870e+00   5.9342170e-02   3.6507760e+01   1.9425885e-05  -1.3047825e-06  -8.0271224e-04  -8.1128355e+01
  7.2446846325489e+00   1.1120761e+00   5.9242675e-02   3.6507760e+01   1.9419282e-05  -1.3943282e-06  -8.5924206e-04  -8.1128355e+01
  7.2495599250338e+00   1.1123647e+00   5.9167662e-02   3.6507760e+01   1.9412353e-05  -1.4380288e-06  -8.8729568e-04  -8.1128355e+01
  7.2544352175187e+00   1.1126530e+00   5.9117905e-02   3.6507760e+01   1.9405346e-05  -1.4275582e-06  -8.8157647e-04  -8.1128355e+01
  7.2593105100036e+00   1.1129411e+00   5.9091919e-02   3.6507760e+01   1.9398536e-05  -1.3583040e-06  -8.3917794e-04  -8.1128355e+01
  7.2641858024885e+00   1.1132292e+00   5.9086531e-02   3.6507760e+01   1.9392214e-05  -1.2298912e-06  -7.5991215e-04  -8.1128355e+01
  7.2690610949734e+00   1.1135173e+00   5.9097576e-02   3.6507760e+01   1.9386659e-05  -1.0461529e-06  -6.4626505e-04  -8.1128355e+01
  7.2739363874583e+00   1.1138055e+00   5.9120587e-02   3.6507760e+01   1.9382125e-05  -8.1463333e-07  -5.0304707e-04  -8.1128355e+01
  7.2788116799432e+00   1.1140938e+00   5.9151329e-02   3.6507760e+01   1.9378818e-05  -5.4583213e-07  -3.3688353e-04  -8.1128355e+01
  7.2836869724281e+00   1.1143822e+00   5.9186099e-02   3.6507760e+01   1.9376888e-05  -2.5243669e-07  -1.5571052e-04  -8.1128355e+01
  7.2885622649130e+00   1.1146709e+00   5.9221805e-02   3.6507760e+01   1.9376422e-05   5.1268728e-08   3.1605021e-05  -8.1128355e+01
  7.2934375573978e+00   1.1149597e+00   5.9255859e-02   3.6507760e+01   1.9377429e-05   3.4978139e-07   2.1550164e-04  -8.1128355e+01
  7.2983128498827e+00   1.1152487e+00   5.9286009e-02   3.6507760e+01   1.9379844e-05   6.2668598e-07   3.8590726e-04  -8.1128355e+01
  7.3031881423676e+00   1.1155378e+00   5.9310222e-02   3.6507760e+01   1.9383519e-05   8.6514757e-07   5.3253214e-04  -8.1128355e+01
  7.3080634348525e+00   1.1158270e+00   5.9326679e-02   3.6507760e+01   1.9388225e-05   1.0488452e-06   6.4542615e-04  -8.1128355e+01
  7.3129387273374e+00   1.1161162e+00   5.9333895e-02   3.6507760e+01   1.9393657e-05   1.1634531e-06   7.1586514e-04  -8.1128355e+01
  7.3178140198223e+00   1.1164055e+00   5.9330905e-02   3.6507760e+01   1.9399451e-05   1.1985352e-06   7.3748806e-04  -8.1128355e+01
  7.3226893123072e+00   1.1166947e+00   5.9317421e-02   3.6507760e+01   1.9405205e-05   1.1494795e-06   7.0746369e-04  -8.1128355e+01
  7.3275646047921e+00   1.1169838e+00   5.9293854e-02   3.6507760e+01   1.9410512e-05   1.0189606e-06   6.2738323e-04  -8.1128355e+01
  7.3324398972770e+00   1.1172728e+00   5.9261175e-02   3.6507760e+01   1.9414998e-05   8.1744867e-07   5.0358805e-04  -8.1128355e+01
  7.3373151897619e+00   1.1175617e+00   5.9220639e-02   3.6507760e+01   1.9418358e-05   5.6248248e-07   3.4675369e-04  -8.1128355e+01
  7.3421904822468e+00   1.1178503e+00   5.9173469e-02   3.6507760e+01   1.9420388e-05   2.7672220e-07   1.7072698e-04  -8.1128355e+01
  7.3470657747317e+00   1.1181386e+00   5.9120626e-02   3.6507760e+01   1.9421000e-05  -1.4901929e-08  -9.2021359e-06  -8.1128355e+01
  7.3519410672165e+00   1.1184267e+00   5.9062781e-02   3.6507760e+01   1.9420227e-05  -2.8841653e-07  -1.7827541e-04  -8.1128355e+01
  7.3568163597014e+00   1.1187145e+00   5.9000517e-02   3.6507760e+01   1.9418209e-05  -5.2380721e-07  -3.2411628e-04  -8.1128355e+01
  7.3616916521863e+00   1.1190020e+00   5.8934738e-02   3.6507760e+01   1.9415170e-05  -7.0726598e-07  -4.3812355e-04  -8.1128355e+01
  7.3665669446712e+00   1.1192891e+00   5.8867155e-02   3.6507760e+01   1.9411383e-05  -8.3233384e-07  -5.1619012e-04  -8.1128355e+01
  7.3714422371561e+00   1.1195760e+00   5.8800708e-02   3.6507760e+01   1.9407133e-05  -8.9982701e-07  -5.5867811e-04  -8.1128355e+01
  7.3763175296410e+00   1.1198625e+00   5.8739775e-02   3.6507760e+01   1.9402685e-05  -9.1667561e-07  -5.6972933e-04  -8.1128355e+01
  7.3811928221259e+00   1.1201487e+00   5.8690086e-02   3.6507760e+01   1.9398259e-05  -8.9399597e-07  -5.5610397e-04  -8.1128355e+01
  7.3860681146108e+00   1.1204348e+00   5.8658324e-02   3.6507760e+01   1.9394017e-05  -8.4482589e-07  -5.2580263e-04  -8.1128355e+01
  7.3909434070957e+00   1.1207207e+00   5.8651495e-02   3.6507760e+01   1.9390053e-05  -7.8195947e-07  -4.8673249e-04  -8.1128355e+01
  7.3958186995806e+00   1.1210067e+00   5.8676216e-02   3.6507760e+01   1.9386407e-05  -7.1623416e-07  -4.4563380e-04  -8.1128355e+01
  7.4006939920655e+00   1.1212929e+00   5.8738051e-02   3.6507760e+01   1.9383071e-05  -6.5547549e-07  -4.0740102e-04  -8.1128355e+01
  7.4055692845504e+00   1.1215795e+00   5.8841073e-02   3.6507760e+01   1.9380009e-05  -6.0413685e-07  -3.7483482e-04  -8.1128355e+01
  7.4104445770352e+00   1.1218667e+00   5.8987711e-02   3.6507760e+01   1.9377171e-05  -5.6352328e-07  -3.4876709e-04  -8.1128355e+01
  7.4153198695201e+00   1.1221548e+00   5.9178890e-02   3.6507760e+01   1.9374505e-05  -5.3239098e-07  -3.2843472e-04  -8.1128355e+01
  7.4201951620050e+00   1.1224439e+00   5.9414389e-02   3.6507760e+01   1.9371974e-05  -5.0768474e-07  -3.1195192e-04  -8.1128355e+01
  7.4250704544899e+00   1.1227342e+00   5.9693267e-02   3.6507760e+01   1.9369555e-05  -4.8521185e-07  -2.9675035e-04  -8.1128355e+01
  7.4299457469748e+00   1.1230260e+00   6.0014185e-02   3.6507760e+01   1.9367251e-05  -4.6013741e-07  -2.7991026e-04  -8.1128355e+01
  7.4348210394597e+00   1.1233195e+00   6.0375502e-02   3.6507760e+01   1.9365086e-05  -4.2729312e-07  -2.5837491e-04  -8.1128355e+01
  7.4396963319446e+00   1.1236148e+00   6.0775076e-02   3.6507760e+01   1.9363112e-05  -3.8138582e-07  -2.2909954e-04  -8.1128355e+01
  7.4445716244295e+00   1.1239122e+00   6.1209837e-02   3.6507760e+01   1.9361406e-05  -3.1724286e-07  -1.8921511e-04  -8.1128355e+01
  7.4494469169144e+00   1.1242118e+00   6.1675272e-02   3.6507760e+01   1.9360068e-05  -2.3022210e-07  -1.3627654e-04  -8.1128355e+01
  7.4543222093993e+00   1.1245137e+00   6.2165061e-02   3.6507760e+01   1.9359220e-05  -1.1684825e-07  -6.8621632e-05  -8.1128355e+01
  7.4591975018842e+00   1.1248180e+00   6.2671040e-02   3.6507760e+01   1.9358995e-05   2.4362236e-08   1.4191733e-05  -8.1128355e+01
  7.4640727943691e+00   1.1251249e+00   6.3183659e-02   3.6507760e+01   1.9359526e-05   1.9202711e-07   1.1095400e-04  -8.1128355e+01
  7.4689480868539e+00   1.1254342e+00   6.3692902e-02   3.6507760e+01   1.9360931e-05   3.8118326e-07   2.1848819e-04  -8.1128355e+01
  7.4738233793388e+00   1.1257460e+00   6.4189539e-02   3.6507760e+01   1.9363295e-05   5.8295453e-07   3.3155502e-04  -8.1128355e+01
  7.4786986718237e+00   1.1260601e+00   6.4666457e-02   3.6507760e+01   1.9366649e-05   7.8478135e-07   4.4305210e-04  -8.1128355e+01
  7.4835739643086e+00   1.1263766e+00   6.5119782e-02   3.6507760e+01   1.9370954e-05   9.7129763e-07   5.4453347e-04  -8.1128355e+01
  7.4884492567935e+00   1.1266951e+00   6.5549555e-02   3.6507760e+01   1.9376095e-05   1.1258211e-06   6.2702492e-04  -8.1128355e+01
  7.4933245492784e+00   1.1270157e+00   6.5959852e-02   3.6507760e+01   1.9381874e-05   1.2323049e-06   6.8206176e-04  -8.1128355e+01
  7.4981998417633e+00   1.1273383e+00   6.6358365e-02   3.6507760e+01   1.9388023e-05   1.2775038e-06   7.0283231e-04  -8.1128355e+01
  7.5030751342482e+00   1.1276628e+00   6.6755618e-02   3.6507760e+01   1.9394219e-05   1.2530416e-06   6.8527178e-04  -8.1128355e+01
  7.5079504267331e+00   1.1279893e+00   6.7164014e-02   3.6507760e+01   1.9400114e-05   1.1570424e-06   6.2892351e-04  -8.1128355e+01
  7.5128257192180e+00   1.1283178e+00   6.7596931e-02   3.6507760e+01   1.9405372e-05   9.9499711e-07   5.3737817e-04  -8.1128355e+01
  7.5177010117029e+00   1.1286486e+00   6.8067999e-02   3.6507760e+01   1.9409699e-05   7.7959613e-07   4.1813052e-04  -8.1128355e+01
  7.5225763041877e+00   1.1289817e+00   6.8590550e-02   3.6507760e+01   1.9412879e-05   5.2938880e-07   2.8177058e-04  -8.1128355e+01
  7.5274515966726e+00   1.1293175e+00   6.9177188e-02   3.6507760e+01   1.9414798e-05   2.6631974e-07   1.4054832e-04  -8.1128355e+01
  7.5323268891575e+00   1.1296564e+00   6.9839336e-02   3.6507760e+01   1.9415449e-05   1.2435952e-08   6.5007598e-06  -8.1128355e+01
  7.5372021816424e+00   1.1299988e+00   7.0586639e-02   3.6507760e+01   1.9414925e-05  -2.1370821e-07  -1.1053095e-04  -8.1128355e+01
  7.5420774741273e+00   1.1303450e+00   7.1426192e-02   3.6507760e+01   1.9413396e-05  -4.0026179e-07  -2.0458407e-04  -8.1128355e+01
  7.5469527666122e+00   1.1306955e+00   7.2361633e-02   3.6507760e+01   1.9411066e-05  -5.4419484e-07  -2.7455619e-04  -8.1128355e+01
  7.5518280590971e+00   1.1310509e+00   7.3392240e-02   3.6507760e+01   1.9408129e-05  -6.5175302e-07  -3.2420380e-04  -8.1128355e+01
  7.5567033515820e+00   1.1314115e+00   7.4512232e-02   3.6507760e+01   1.9404732e-05  -7.3696532e-07  -3.6108102e-04  -8.1128355e+01
  7.5615786440669e+00   1.1317777e+00   7.5710456e-02   3.6507760e+01   1.9400936e-05  -8.1830463e-07  -3.9458842e-04  -8.1128355e+01
  7.5664539365518e+00   1.1321500e+00   7.6970575e-02   3.6507760e+01   1.9396715e-05  -9.1401495e-07  -4.3352460e-04  -8.1128355e+01
  7.5713292290367e+00   1.1325285e+00   7.8271822e-02   3.6507760e+01   1.9391961e-05  -1.0369823e-06  -4.8367216e-04  -8.1128355e+01
  7.5762045215216e+00   1.1329134e+00   7.9590206e-02   3.6507760e+01   1.9386531e-05  -1.1902533e-06  -5.4596520e-04  -8.1128355e+01
  7.5810798140064e+00   1.1333048e+00   8.0900060e-02   3.6507760e+01   1.9380295e-05  -1.3643147e-06  -6.1567412e-04  -8.1128355e+01
  7.5859551064913e+00   1.1337024e+00   8.2175674e-02   3.6507760e+01   1.9373202e-05  -1.5369887e-06  -6.8282997e-04  -8.1128355e+01
  7.5908303989762e+00   1.1341061e+00   8.3392830e-02   3.6507760e+01   1.9365337e-05  -1.6762920e-06  -7.3384805e-04  -8.1128355e+01
  7.5957056914611e+00   1.1345156e+00   8.4530018e-02   3.6507760e+01   1.9356953e-05  -1.7459399e-06  -7.5405586e-04  -8.1128355e+01
  7.6005809839460e+00   1.1349304e+00   8.5569229e-02   3.6507760e+01   1.9348478e-05  -1.7125214e-06  -7.3064019e-04  -8.1128355e+01
  7.6054562764309e+00   1.1353499e+00   8.6496300e-02   3.6507760e+01   1.9340477e-05  -1.5528982e-06  -6.5543652e-04  -8.1128355e+01
  7.6103315689158e+00   1.1357737e+00   8.7300866e-02   3.6507760e+01   1.9333590e-05  -1.2602317e-06  -5.2700776e-04  -8.1128355e+01
  7.6152068614007e+00   1.1362011e+00   8.7976109e-02   3.6507760e+01   1.9328443e-05  -8.4725863e-07  -3.5158994e-04  -8.1128355e+01
  7.6200821538856e+00   1.1366314e+00   8.8518490e-02   3.6507760e+01   1.9325548e-05  -3.4598276e-07  -1.4269398e-04  -8.1128355e+01
  7.6249574463705e+00   1.1370640e+00   8.8927704e-02   3.6507760e+01   1.9325221e-05   1.9631611e-07   8.0594247e-05  -8.1128355e+01
  7.6298327388554e+00   1.1374983e+00   8.9206975e-02   3.6507760e+01   1.9327525e-05   7.2407340e-07   2.9632546e-04  -8.1128355e+01
  7.6347080313403e+00   1.1379337e+00   8.9363720e-02   3.6507760e+01   1.9332248e-05   1.1821016e-06   4.8292397e-04  -8.1128355e+01
  7.6395833238251e+00   1.1383695e+00   8.9410407e-02   3.6507760e+01   1.9338927e-05   1.5242100e-06   6.2236037e-04  -8.1128355e+01
  7.6444586163100e+00   1.1388053e+00   8.9365320e-02   3.6507760e+01   1.9346915e-05   1.7200605e-06   7.0268373e-04  -8.1128355e+01
  7.6493339087949e+00   1.1392408e+00   8.9252816e-02   3.6507760e+01   1.9355462e-05   1.7589329e-06   7.1946971e-04  -8.1128355e+01
  7.6542092012798e+00   1.1396755e+00   8.9102703e-02   3.6507760e+01   1.9363818e-05   1.6497977e-06   6.7596624e-04  -8.1128355e+01
  7.6590844937647e+00   1.1401095e+00   8.8948521e-02   3.6507760e+01   1.9371320e-05   1.4179694e-06   5.8198706e-04  -8.1128355e+01
  7.6639597862496e+00   1.1405428e+00   8.8824731e-02   3.6507760e+01   1.9377458e-05   1.0993701e-06   4.5185097e-04  -8.1128355e+01
  7.6688350787345e+00   1.1409757e+00   8.8763118e-02   3.6507760e+01   1.9381908e-05   7.3386242e-07   3.0183339e-04  -8.1128355e+01
  7.6737103712194e+00   1.1414085e+00   8.8788942e-02   3.6507760e+01   1.9384539e-05   3.5908765e-07   1.4764773e-04  -8.1128355e+01
  7.6785856637043e+00   1.1418416e+00   8.8917529e-02   3.6507760e+01   1.9385386e-05   5.8557163e-09   2.4042400e-06  -8.1128355e+01
  7.6834609561892e+00   1.1422757e+00   8.9151947e-02   3.6507760e+01   1.9384612e-05  -3.0444142e-07  -1.2466889e-04  -8.1128355e+01
  7.6883362486741e+00   1.1427111e+00   8.9482252e-02   3.6507760e+01   1.9382460e-05  -5.6045501e-07  -2.2865939e-04  -8.1128355e+01
  7.6932115411590e+00   1.1431484e+00   8.9886522e-02   3.6507760e+01   1.9379203e-05  -7.5995953e-07  -3.0866051e-04  -8.1128355e+01
  7.6980868336438e+00   1.1435877e+00   9.0333574e-02   3.6507760e+01   1.9375106e-05  -9.0793775e-07  -3.6693747e-04  -8.1128355e+01
  7.7029621261287e+00   1.1440293e+00   9.0787010e-02   3.6507760e+01   1.9370397e-05  -1.0141855e-06  -4.0782973e-04  -8.1128355e+01
  7.7078374186136e+00   1.1444730e+00   9.1210037e-02   3.6507760e+01   1.9365250e-05  -1.0908277e-06  -4.3661508e-04  -8.1128355e+01
  7.7127127110985e+00   1.1449186e+00   9.1570481e-02   3.6507760e+01   1.9359778e-05  -1.1499964e-06  -4.5848609e-04  -8.1128355e+01
  7.7175880035834e+00   1.1453657e+00   9.1845375e-02   3.6507760e+01   1.9354040e-05  -1.2018160e-06  -4.7771171e-04  -8.1128355e+01
  7.7224632960683e+00   1.1458140e+00   9.2024631e-02   3.6507760e+01   1.9348052e-05  -1.2527879e-06  -4.9700257e-04  -8.1128355e+01
  7.7273385885532e+00   1.1462629e+00   9.2113396e-02   3.6507760e+01   1.9341814e-05  -1.3046585e-06  -5.1708178e-04  -8.1128355e+01
  7.7322138810381e+00   1.1467120e+00   9.2132811e-02   3.6507760e+01   1.9335327e-05  -1.3538752e-06  -5.3647499e-04  -8.1128355e+01
  7.7370891735230e+00   1.1471612e+00   9.2119038e-02   3.6507760e+01   1.9328624e-05  -1.3917226e-06  -5.5155456e-04  -8.1128355e+01
  7.7419644660079e+00   1.1476103e+00   9.2120601e-02   3.6507760e+01   1.9321792e-05  -1.4051879e-06  -5.5688155e-04  -8.1128355e+01
  7.7468397584928e+00   1.1480595e+00   9.2194249e-02   3.6507760e+01   1.9314989e-05  -1.3785049e-06  -5.4587055e-04  -8.1128355e+01
  7.7517150509777e+00   1.1485095e+00   9.2399780e-02   3.6507760e+01   1.9308452e-05  -1.2952335e-06  -5.1175525e-04  -8.1128355e+01
  7.7565903434626e+00   1.1489609e+00   9.2794399e-02   3.6507760e+01   1.9302495e-05  -1.1406654e-06  -4.4876780e-04  -8.1128355e+01
  7.7614656359474e+00   1.1494147e+00   9.3427298e-02   3.6507760e+01   1.9297495e-05  -9.0434068e-07  -3.5338122e-04  -8.1128355e+01
  7.7663409284323e+00   1.1498724e+00   9.4335120e-02   3.6507760e+01   1.9293862e-05  -5.8248191e-07  -2.2542092e-04  -8.1128355e+01
  7.7712162209172e+00   1.1503352e+00   9.5538824e-02   3.6507760e+01   1.9292006e-05  -1.8015521e-07  -6.8841784e-05  -8.1128355e+01
  7.7760915134021e+00   1.1508047e+00   9.7042260e-02   3.6507760e+01   1.9292283e-05   2.8708571e-07   1.0800301e-04  -8.1128355e+01
  7.7809668058870e+00   1.1512822e+00   9.8832487e-02   3.6507760e+01   1.9294947e-05   7.9241586e-07   2.9271071e-04  -8.1128355e+01
  7.7858420983719e+00   1.1517691e+00   1.0088162e-01   3.6507760e+01   1.9300093e-05   1.2982393e-06   4.6981609e-04  -8.1128355e+01
  7.7907173908568e+00   1.1522665e+00   1.0314981e-01   3.6507760e+01   1.9307610e-05   1.7583705e-06   6.2233915e-04  -8.1128355e+01
  7.7955926833417e+00   1.1527755e+00   1.0558894e-01   3.6507760e+01   1.9317148e-05   2.1220988e-06   7.3372337e-04  -8.1128355e+01
  7.8004679758266e+00   1.1532967e+00   1.0814646e-01   3.6507760e+01   1.9328111e-05   2.3399724e-06   7.8992091e-04  -8.1128355e+01
  7.8053432683115e+00   1.1538305e+00   1.1076917e-01   3.6507760e+01   1.9339679e-05   2.3706842e-06   7.8133991e-04  -8.1128355e+01
  7.8102185607964e+00   1.1543772e+00   1.1340646e-01   3.6507760e+01   1.9350866e-05   2.1880173e-06   7.0436563e-04  -8.1128355e+01
  7.8150938532813e+00   1.1549367e+00   1.1601295e-01   3.6507760e+01   1.9360609e-05   1.7865598e-06   5.6220702e-04  -8.1128355e+01
  7.8199691457661e+00   1.1555087e+00   1.1855041e-01   3.6507760e+01   1.9367878e-05   1.1849297e-06   3.6490073e-04  -8.1128355e+01
  7.8248444382510e+00   1.1560929e+00   1.2098876e-01   3.6507760e+01   1.9371795e-05   4.2558631e-07   1.2841857e-04  -8.1128355e+01
  7.8297197307359e+00   1.1566886e+00   1.2330642e-01   3.6507760e+01   1.9371741e-05  -4.2908824e-07  -1.2704165e-04  -8.1128355e+01
  7.8345950232208e+00   1.1572953e+00   1.2548984e-01   3.6507760e+01   1.9367437e-05  -1.3040208e-06  -3.7936840e-04  -8.1128355e+01
  7.8394703157057e+00   1.1579123e+00   1.2753250e-01   3.6507760e+01   1.9358983e-05  -2.1208840e-06  -6.0712933e-04  -8.1128355e+01
  7.8443456081906e+00   1.1585389e+00   1.2943356e-01   3.6507760e+01   1.9346847e-05  -2.8081492e-06  -7.9206067e-04  -8.1128355e+01
  7.8492209006755e+00   1.1591744e+00   1.3119631e-01   3.6507760e+01   1.9331808e-05  -3.3100254e-06  -9.2107477e-04  -8.1128355e+01
  7.8540961931604e+00   1.1598182e+00   1.3282675e-01   3.6507760e+01   1.9314866e-05  -3.5927769e-06  -9.8748358e-04  -8.1128355e+01
  7.8589714856453e+00   1.1604696e+00   1.3433239e-01   3.6507760e+01   1.9297121e-05  -3.6474508e-06  -9.9127441e-04  -8.1128355e+01
  7.8638467781302e+00   1.1611281e+00   1.3572137e-01   3.6507760e+01   1.9279657e-05  -3.4887706e-06  -9.3844614e-04  -8.1128355e+01
  7.8687220706151e+00   1.1617930e+00   1.3700197e-01   3.6507760e+01   1.9263436e-05  -3.1506844e-06  -8.3958229e-04  -8.1128355e+01
  7.8735973631000e+00   1.1624640e+00   1.3818229e-01   3.6507760e+01   1.9249219e-05  -2.6796490e-06  -7.0796326e-04  -8.1128355e+01
  7.8784726555848e+00   1.1631404e+00   1.3927022e-01   3.6507760e+01   1.9237524e-05  -2.1270435e-06  -5.5757500e-04  -8.1128355e+01
  7.8833479480697e+00   1.1638220e+00   1.4027345e-01   3.6507760e+01   1.9228623e-05  -1.5421021e-06  -4.0134958e-04  -8.1128355e+01
  7.8882232405546e+00   1.1645082e+00   1.4119952e-01   3.6507760e+01   1.9222566e-05  -9.6646902e-07  -2.4988483e-04  -8.1128355e+01
  7.8930985330395e+00   1.1651988e+00   1.4205576e-01   3.6507760e+01   1.9219224e-05  -4.3100719e-07  -1.1076712e-04  -8.1128355e+01
  7.8979738255244e+00   1.1658934e+00   1.4284915e-01   3.6507760e+01   1.9218348e-05   4.5021671e-08   1.1506126e-05  -8.1128355e+01
  7.9028491180093e+00   1.1665917e+00   1.4358607e-01   3.6507760e+01   1.9219623e-05   4.5272957e-07   1.1510965e-04  -8.1128355e+01
  7.9077244104942e+00   1.1672934e+00   1.4427172e-01   3.6507760e+01   1.9222710e-05   7.9094498e-07   2.0014754e-04  -8.1128355e+01
  7.9125997029791e+00   1.1679984e+00   1.4490937e-01   3.6507760e+01   1.9227277e-05   1.0628707e-06   2.6777446e-04  -8.1128355e+01
  7.9174749954640e+00   1.1687064e+00   1.4549944e-01   3.6507760e+01   1.9233012e-05   1.2727870e-06   3.1935933e-04  -8.1128355e+01
  7.9223502879489e+00   1.1694171e+00   1.4603839e-01   3.6507760e+01   1.9239621e-05   1.4234166e-06   3.5583624e-04  -8.1128355e+01
  7.9272255804338e+00   1.1701304e+00   1.4651784e-01   3.6507760e+01   1.9246814e-05   1.5143945e-06   3.7734073e-04  -8.1128355e+01
  7.9321008729187e+00   1.1708457e+00   1.4692389e-01   3.6507760e+01   1.9254294e-05   1.5420727e-06   3.8317540e-04  -8.1128355e+01
  7.9369761654035e+00   1.1715629e+00   1.4723712e-01   3.6507760e+01   1.9261737e-05   1.5006538e-06   3.7209032e-04  -8.1128355e+01
  7.9418514578884e+00   1.1722812e+00   1.4743342e-01   3.6507760e+01   1.9268791e-05   1.3843862e-06   3.4280451e-04  -8.1128355e+01
  7.9467267503733e+00   1.1730002e+00   1.4748558e-01   3.6507760e+01   1.9275083e-05   1.1903091e-06   2.9464250e-04  -8.1128355e+01
  7.9516020428582e+00   1.1737190e+00   1.4736576e-01   3.6507760e+01   1.9280237e-05   9.2085405e-07   2.2812843e-04  -8.1128355e+01
  7.9564773353431e+00   1.1744368e+00   1.4704833e-01   3.6507760e+01   1.9283906e-05   5.8557775e-07   1.4538167e-04  -8.1128355e+01
  7.9613526278280e+00   1.1751524e+00   1.4651296e-01   3.6507760e+01   1.9285808e-05   2.0146965e-07   5.0201739e-05  -8.1128355e+01
  7.9662279203129e+00   1.1758649e+00   1.4574722e-01   3.6507760e+01   1.9285764e-05  -2.0835903e-07  -5.2191194e-05  -8.1128355e+01
  7.9711032127978e+00   1.1765730e+00   1.4474850e-01   3.6507760e+01   1.9283712e-05  -6.1733797e-07  -1.5570197e-04  -8.1128355e+01
  7.9759785052827e+00   1.1772757e+00   1.4352486e-01   3.6507760e+01   1.9279725e-05  -9.9879112e-07  -2.5405791e-04  -8.1128355e+01
  7.9808537977676e+00   1.1779719e+00   1.4209474e-01   3.6507760e+01   1.9273998e-05  -1.3291377e-06  -3.4148936e-04  -8.1128355e+01
  7.9857290902525e+00   1.1786607e+00   1.4048557e-01   3.6507760e+01   1.9266830e-05  -1.5901987e-06  -4.1324238e-04  -8.1128355e+01
  7.9906043827373e+00   1.1793412e+00   1.3873171e-01   3.6507760e+01   1.9258589e-05  -1.7702026e-06  -4.6583532e-04  -8.1128355e+01
  7.9954796752222e+00   1.1800129e+00   1.3687184e-01   3.6507760e+01   1.9249688e-05  -1.8635231e-06  -4.9705663e-04  -8.1128355e+01
  8.0003549677071e+00   1.1806754e+00   1.3494644e-01   3.6507760e+01   1.9240553e-05  -1.8695620e-06  -5.0578229e-04  -8.1128355e+01
  8.0052302601921e+00   1.1813284e+00   1.3299553e-01   3.6507760e+01   1.9231602e-05  -1.7913797e-06  -4.9174028e-04  -8.1128355e+01
  8.0101055526770e+00   1.1819719e+00   1.3105686e-01   3.6507760e+01   1.9223233e-05  -1.6346342e-06  -4.5535071e-04  -8.1128355e+01
  8.0149808451619e+00   1.1826060e+00   1.2916467e-01   3.6507760e+01   1.9215810e-05  -1.4071424e-06  -3.9772191e-04  -8.1128355e+01
  8.0198561376468e+00   1.1832311e+00   1.2734884e-01   3.6507760e+01   1.9209653e-05  -1.1190432e-06  -3.2080198e-04  -8.1128355e+01
  8.0247314301317e+00   1.1838476e+00   1.2563437e-01   3.6507760e+01   1.9205027e-05  -7.8324717e-07  -2.2760172e-04  -8.1128355e+01
  8.0296067226166e+00   1.1844561e+00   1.2404100e-01   3.6507760e+01   1.9202125e-05  -4.1570362e-07  -1.2234994e-04  -8.1128355e+01
  8.0344820151016e+00   1.1850571e+00   1.2258278e-01   3.6507760e+01   1.9201056e-05  -3.5051416e-08  -1.0439057e-05  -8.1128355e+01
  8.0393573075865e+00   1.1856513e+00   1.2126784e-01   3.6507760e+01   1.9201833e-05   3.3857634e-07   1.0192862e-04  -8.1128355e+01
  8.0442326000714e+00   1.1862395e+00   1.2009809e-01   3.6507760e+01   1.9204372e-05   6.8552796e-07   2.0838874e-04  -8.1128355e+01
  8.0491078925563e+00   1.1868224e+00   1.1906929e-01   3.6507760e+01   1.9208499e-05   9.8902397e-07   3.0324401e-04  -8.1128355e+01
  8.0539831850412e+00   1.1874006e+00   1.1817140e-01   3.6507760e+01   1.9213970e-05   1.2373883e-06   3.8227756e-04  -8.1128355e+01
  8.0588584775261e+00   1.1879747e+00   1.1738935e-01   3.6507760e+01   1.9220501e-05   1.4254930e-06   4.4332435e-04  -8.1128355e+01
  8.0637337700111e+00   1.1885452e+00   1.1670428e-01   3.6507760e+01   1.9227800e-05   1.5549246e-06   4.8641589e-04  -8.1128355e+01
  8.0686090624960e+00   1.1891126e+00   1.1609498e-01   3.6507760e+01   1.9235596e-05   1.6326732e-06   5.1341791e-04  -8.1128355e+01
  8.0734843549809e+00   1.1896772e+00   1.1553959e-01   3.6507760e+01   1.9243661e-05   1.6685360e-06   5.2721767e-04  -8.1128355e+01
  8.0783596474658e+00   1.1902392e+00   1.1501715e-01   3.6507760e+01   1.9251815e-05   1.6717924e-06   5.3064604e-04  -8.1128355e+01
  8.0832349399507e+00   1.1907986e+00   1.1450900e-01   3.6507760e+01   1.9259916e-05   1.6479519e-06   5.2540005e-04  -8.1128355e+01
  8.0881102324357e+00   1.1913556e+00   1.1399979e-01   3.6507760e+01   1.9267833e-05   1.5964150e-06   5.1124248e-04  -8.1128355e+01
  8.0929855249206e+00   1.1919101e+00   1.1347811e-01   3.6507760e+01   1.9275414e-05   1.5096989e-06   4.8569474e-04  -8.1128355e+01
  8.0978608174055e+00   1.1924620e+00   1.1293669e-01   3.6507760e+01   1.9282457e-05   1.3745215e-06   4.4432592e-04  -8.1128355e+01
  8.1027361098904e+00   1.1930112e+00   1.1237221e-01   3.6507760e+01   1.9288684e-05   1.1745972e-06   3.8160600e-04  -8.1128355e+01
  8.1076114023753e+00   1.1935576e+00   1.1178487e-01   3.6507760e+01   1.9293740e-05   8.9460162e-07   2.9216745e-04  -8.1128355e+01
  8.1124866948602e+00   1.1941010e+00   1.1117774e-01   3.6507760e+01   1.9297207e-05   5.2450720e-07   1.7223397e-04  -8.1128355e+01
  8.1173619873452e+00   1.1946415e+00   1.1055602e-01   3.6507760e+01   1.9298638e-05   6.3427007e-08   2.0944838e-05  -8.1128355e+01
  8.1222372798301e+00   1.1951789e+00   1.0992635e-01   3.6507760e+01   1.9297613e-05  -4.7777100e-07  -1.5867305e-04  -8.1128355e+01
  8.1271125723150e+00   1.1957132e+00   1.0929616e-01   3.6507760e+01   1.9293795e-05  -1.0755608e-06  -3.5926529e-04  -8.1128355e+01
  8.1319878647999e+00   1.1962445e+00   1.0867314e-01   3.6507760e+01   1.9286991e-05  -1.6947330e-06  -5.6933024e-04  -8.1128355e+01
  8.1368631572848e+00   1.1967728e+00   1.0806489e-01   3.6507760e+01   1.9277208e-05  -2.2911143e-06  -7.7401135e-04  -8.1128355e+01
  8.1417384497698e+00   1.1972981e+00   1.0747861e-01   3.6507760e+01   1.9264677e-05  -2.8156640e-06  -9.5640969e-04  -8.1128355e+01
  8.1466137422547e+00   1.1978207e+00   1.0692092e-01   3.6507760e+01   1.9249875e-05  -3.2194283e-06  -1.0992621e-03  -8.1128355e+01
  8.1514890347396e+00   1.1983406e+00   1.0639764e-01   3.6507760e+01   1.9233502e-05  -3.4587634e-06  -1.1867904e-03  -8.1128355e+01
  8.1563643272245e+00   1.1988581e+00   1.0591358e-01   3.6507760e+01   1.9216450e-05  -3.5002355e-06  -1.2065096e-03  -8.1128355e+01
  8.1612396197094e+00   1.1993734e+00   1.0547230e-01   3.6507760e+01   1.9199737e-05  -3.3246521e-06  -1.1507817e-03  -8.1128355e+01
  8.1661149121944e+00   1.1998865e+00   1.0507586e-01   3.6507760e+01   1.9184436e-05  -2.9297682e-06  -1.0179243e-03  -8.1128355e+01
  8.1709902046793e+00   1.2003979e+00   1.0472460e-01   3.6507760e+01   1.9171583e-05  -2.3313363e-06  -8.1272087e-04  -8.1128355e+01
  8.1758654971642e+00   1.2009077e+00   1.0441698e-01   3.6507760e+01   1.9162093e-05  -1.5623380e-06  -5.4624700e-04  -8.1128355e+01
  8.1807407896491e+00   1.2014161e+00   1.0414959e-01   3.6507760e+01   1.9156685e-05  -6.7042876e-07  -2.3500670e-04  -8.1128355e+01
  8.1856160821340e+00   1.2019232e+00   1.0391726e-01   3.6507760e+01   1.9155812e-05   2.8615555e-07   1.0053092e-04  -8.1128355e+01
  8.1904913746189e+00   1.2024293e+00   1.0371327e-01   3.6507760e+01   1.9159632e-05   1.2437864e-06   4.3782107e-04  -8.1128355e+01
  8.1953666671039e+00   1.2029345e+00   1.0352982e-01   3.6507760e+01   1.9167989e-05   2.1391382e-06   7.5432512e-04  -8.1128355e+01
  8.2002419595888e+00   1.2034388e+00   1.0335848e-01   3.6507760e+01   1.9180430e-05   2.9147454e-06   1.0295317e-03  -8.1128355e+01
  8.2051172520737e+00   1.2039423e+00   1.0319085e-01   3.6507760e+01   1.9196250e-05   3.5238170e-06   1.2466867e-03  -8.1128355e+01
  8.2099925445586e+00   1.2044449e+00   1.0301926e-01   3.6507760e+01   1.9214548e-05   3.9338218e-06   1.3940599e-03  -8.1128355e+01
  8.2148678370435e+00   1.2049467e+00   1.0283736e-01   3.6507760e+01   1.9234305e-05   4.1285275e-06   1.4656472e-03  -8.1128355e+01
  8.2197431295284e+00   1.2054476e+00   1.0264073e-01   3.6507760e+01   1.9254467e-05   4.1083640e-06   1.4612831e-03  -8.1128355e+01
  8.2246184220134e+00   1.2059475e+00   1.0242715e-01   3.6507760e+01   1.9274020e-05   3.8891566e-06   1.3861988e-03  -8.1128355e+01
  8.2294937144983e+00   1.2064463e+00   1.0219662e-01   3.6507760e+01   1.9292062e-05   3.4994460e-06   1.2501093e-03  -8.1128355e+01
  8.2343690069832e+00   1.2069439e+00   1.0195093e-01   3.6507760e+01   1.9307852e-05   2.9767621e-06   1.0659531e-03  -8.1128355e+01
  8.2392442994681e+00   1.2074403e+00   1.0169302e-01   3.6507760e+01   1.9320847e-05   2.3633313e-06   8.4843518e-04  -8.1128355e+01
  8.2441195919530e+00   1.2079354e+00   1.0142599e-01   3.6507760e+01   1.9330714e-05   1.7017593e-06   6.1253943e-04  -8.1128355e+01
  8.2489948844380e+00   1.2084292e+00   1.0115236e-01   3.6507760e+01   1.9337318e-05   1.0311958e-06   3.7217765e-04  -8.1128355e+01
  8.2538701769229e+00   1.2089216e+00   1.0087340e-01   3.6507760e+01   1.9340700e-05   3.8438226e-07   1.3911433e-04  -8.1128355e+01
  8.2587454694078e+00   1.2094127e+00   1.0058907e-01   3.6507760e+01   1.9341043e-05  -2.1418383e-07  -7.7735795e-05  -8.1128355e+01
  8.2636207618927e+00   1.2099024e+00   1.0029845e-01   3.6507760e+01   1.9338624e-05  -7.4890809e-07  -2.7259601e-04  -8.1128355e+01
  8.2684960543776e+00   1.2103906e+00   1.0000053e-01   3.6507760e+01   1.9333776e-05  -1.2126665e-06  -4.4271502e-04  -8.1128355e+01
  8.2733713468626e+00   1.2108774e+00   9.9695326e-02   3.6507760e+01   1.9326846e-05  -1.6054702e-06  -5.8791241e-04  -8.1128355e+01
  8.2782466393475e+00   1.2113627e+00   9.9384666e-02   3.6507760e+01   1.9318170e-05  -1.9324819e-06  -7.0987393e-04  -8.1128355e+01
  8.2831219318324e+00   1.2118464e+00   9.9072654e-02   3.6507760e+01   1.9308049e-05  -2.2016792e-06  -8.1130738e-04  -8.1128355e+01
  8.2879972243173e+00   1.2123286e+00   9.8765361e-02   3.6507760e+01   1.9296743e-05  -2.4214681e-06  -8.9507469e-04  -8.1128355e+01
  8.2928725168022e+00   1.2128094e+00   9.8469844e-02   3.6507760e+01   1.9284475e-05  -2.5985341e-06  -9.6340824e-04  -8.1128355e+01
  8.2977478092872e+00   1.2132887e+00   9.8192608e-02   3.6507760e+01   1.9271444e-05  -2.7361681e-06  -1.0173003e-03  -8.1128355e+01
  8.3026231017721e+00   1.2137668e+00   9.7937845e-02   3.6507760e+01   1.9257843e-05  -2.8332350e-06  -1.0561297e-03  -8.1128355e+01
  8.3074983942570e+00   1.2142437e+00   9.7705816e-02   3.6507760e+01   1.9243882e-05  -2.8838924e-06  -1.0775658e-03  -8.1128355e+01
  8.3123736867419e+00   1.2147195e+00   9.7491740e-02   3.6507760e+01   1.9229811e-05  -2.8781174e-06  -1.0777695e-03  -8.1128355e+01
  8.3172489792268e+00   1.2151943e+00   9.7285389e-02   3.6507760e+01   1.9215937e-05  -2.8030675e-06  -1.0518919e-03  -8.1128355e+01
  8.3221242717117e+00   1.2156680e+00   9.7071456e-02   3.6507760e+01   1.9202633e-05  -2.6452421e-06  -9.9485336e-04  -8.1128355e+01
  8.3269995641966e+00   1.2161407e+00   9.6830570e-02   3.6507760e+01   1.9190331e-05  -2.3933125e-06  -9.0234392e-04  -8.1128355e+01
  8.3318748566816e+00   1.2166121e+00   9.6540702e-02   3.6507760e+01   1.9179509e-05  -2.0413159e-06  -7.7194249e-04  -8.1128355e+01
  8.3367501491665e+00   1.2170819e+00   9.6178658e-02   3.6507760e+01   1.9170652e-05  -1.5917270e-06  -6.0419212e-04  -8.1128355e+01
  8.3416254416514e+00   1.2175496e+00   9.5721366e-02   3.6507760e+01   1.9164206e-05  -1.0577686e-06  -4.0342885e-04  -8.1128355e+01
  8.3465007341363e+00   1.2180149e+00   9.5146782e-02   3.6507760e+01   1.9160527e-05  -4.6431348e-07  -1.7815679e-04  -8.1128355e+01
  8.3513760266212e+00   1.2184771e+00   9.4434374e-02   3.6507760e+01   1.9159817e-05   1.5310366e-07   5.9188950e-05  -8.1128355e+01
  8.3562513191062e+00   1.2189353e+00   9.3565276e-02   3.6507760e+01   1.9162087e-05   7.5130210e-07   2.9314675e-04  -8.1128355e+01
  8.3611266115911e+00   1.2193889e+00   9.2522323e-02   3.6507760e+01   1.9167128e-05   1.2841880e-06   5.0671910e-04  -8.1128355e+01
  8.3660019040760e+00   1.2198370e+00   9.1290183e-02   3.6507760e+01   1.9174510e-05   1.7084688e-06   6.8323193e-04  -8.1128355e+01
  8.3708771965609e+00   1.2202785e+00   8.9855746e-02   3.6507760e+01   1.9183610e-05   1.9893289e-06   8.0825038e-04  -8.1128355e+01
  8.3757524890458e+00   1.2207125e+00   8.8208804e-02   3.6507760e+01   1.9193669e-05   2.1049987e-06   8.7121449e-04  -8.1128355e+01
  8.3806277815308e+00   1.2211380e+00   8.6342932e-02   3.6507760e+01   1.9203860e-05   2.0493595e-06   8.6651591e-04  -8.1128355e+01
  8.3855030740157e+00   1.2215537e+00   8.4256335e-02   3.6507760e+01   1.9213366e-05   1.8321560e-06   7.9386212e-04  -8.1128355e+01
  8.3903783665006e+00   1.2219588e+00   8.1952424e-02   3.6507760e+01   1.9221454e-05   1.4769251e-06   6.5793329e-04  -8.1128355e+01
  8.3952536589855e+00   1.2223521e+00   7.9439922e-02   3.6507760e+01   1.9227531e-05   1.0172338e-06   4.6748443e-04  -8.1128355e+01
  8.4001289514704e+00   1.2227326e+00   7.6732439e-02   3.6507760e+01   1.9231186e-05   4.9212223e-07   2.3414192e-04  -8.1128355e+01
  8.4050042439554e+00   1.2230995e+00   7.3847605e-02   3.6507760e+01   1.9232201e-05  -5.8330335e-08  -2.8836546e-05  -8.1128355e+01
  8.4098795364403e+00   1.2234520e+00   7.0805979e-02   3.6507760e+01   1.9230549e-05  -5.9663151e-07  -3.0762487e-04  -8.1128355e+01
  8.4147548289252e+00   1.2237892e+00   6.7630010e-02   3.6507760e+01   1.9226372e-05  -1.0903900e-06  -5.8860995e-04  -8.1128355e+01
  8.4196301214101e+00   1.2241107e+00   6.4343274e-02   3.6507760e+01   1.9219957e-05  -1.5137869e-06  -8.5890821e-04  -8.1128355e+01
  8.4245054138950e+00   1.2244159e+00   6.0970115e-02   3.6507760e+01   1.9211695e-05  -1.8482970e-06  -1.1067255e-03  -8.1128355e+01
  8.4293807063799e+00   1.2247045e+00   5.7535619e-02   3.6507760e+01   1.9202051e-05  -2.0829760e-06  -1.3216993e-03  -8.1128355e+01
  8.4342559988649e+00   1.2249763e+00   5.4065795e-02   3.6507760e+01   1.9191523e-05  -2.2144824e-06  -1.4953223e-03  -8.1128355e+01
  8.4391312913498e+00   1.2252311e+00   5.0587708e-02   3.6507760e+01   1.9180607e-05  -2.2468072e-06  -1.6214591e-03  -8.1128355e+01
  8.4440065838347e+00   1.2254690e+00   4.7129398e-02   3.6507760e+01   1.9169762e-05  -2.1905508e-06  -1.6968624e-03  -8.1128355e+01
  8.4488818763196e+00   1.2256902e+00   4.3719446e-02   3.6507760e+01   1.9159382e-05  -2.0615966e-06  -1.7215286e-03  -8.1128355e+01
  8.4537571688045e+00   1.2258949e+00   4.0386219e-02   3.6507760e+01   1.9149773e-05  -1.8791856e-06  -1.6987195e-03  -8.1128355e+01
  8.4586324612895e+00   1.2260836e+00   3.7156851e-02   3.6507760e+01   1.9141145e-05  -1.6636064e-06  -1.6345449e-03  -8.1128355e+01
  8.4635077537744e+00   1.2262569e+00   3.4056101e-02   3.6507760e+01   1.9133610e-05  -1.4338842e-06  -1.5371078e-03  -8.1128355e+01
  8.4683830462593e+00   1.2264154e+00   3.1105188e-02   3.6507760e+01   1.9127198e-05  -1.2058939e-06  -1.4153422e-03  -8.1128355e+01
  8.4732583387442e+00   1.2265600e+00   2.8320685e-02   3.6507760e+01   1.9121866e-05  -9.9121553e-07  -1.2777607e-03  -8.1128355e+01
  8.4781336312291e+00   1.2266914e+00   2.5713544e-02   3.6507760e+01   1.9117533e-05  -7.9685050e-07  -1.1313581e-03  -8.1128355e+01
  8.4830089237140e+00   1.2268106e+00   2.3288306e-02   3.6507760e+01   1.9114088e-05  -6.2570236e-07  -9.8087817e-04  -8.1128355e+01
  8.4878842161990e+00   1.2269184e+00   2.1042634e-02   3.6507760e+01   1.9111420e-05  -4.7756901e-07  -8.2855477e-04  -8.1128355e+01
  8.4927595086839e+00   1.2270157e+00   1.8967302e-02   3.6507760e+01   1.9109420e-05  -3.5034198e-07  -6.7432894e-04  -8.1128355e+01
  8.4976348011688e+00   1.2271033e+00   1.7046797e-02   3.6507760e+01   1.9107994e-05  -2.4114657e-07  -5.1644430e-04  -8.1128355e+01
  8.5025100936537e+00   1.2271818e+00   1.5260574e-02   3.6507760e+01   1.9107060e-05  -1.4725023e-07  -3.5226564e-04  -8.1128355e+01
  8.5073853861386e+00   1.2272520e+00   1.3584893e-02   3.6507760e+01   1.9106551e-05  -6.6665843e-08  -1.7915640e-04  -8.1128355e+01
  8.5122606786235e+00   1.2273142e+00   1.1994986e-02   3.6507760e+01   1.9106402e-05   1.5498565e-09   4.7171200e-06  -8.1128355e+01
  8.5171359711085e+00   1.2273688e+00   1.0467192e-02   3.6507760e+01   1.9106556e-05   5.7265643e-08   1.9973268e-04  -8.1128355e+01
  8.5220112635934e+00   1.2274161e+00   8.9807060e-03   3.6507760e+01   1.9106947e-05   9.9464571e-08   4.0433666e-04  -8.1128355e+01
  8.5268865560783e+00   1.2274562e+00   7.5186483e-03   3.6507760e+01   1.9107507e-05   1.2660436e-07   6.1474367e-04  -8.1128355e+01
  8.5317618485632e+00   1.2274892e+00   6.0684041e-03   3.6507760e+01   1.9108157e-05   1.3710178e-07   8.2480978e-04  -8.1128355e+01
  8.5366371410481e+00   1.2275151e+00   4.6213438e-03   3.6507760e+01   1.9108815e-05   1.2988932e-07   1.0261016e-03  -8.1128355e+01
  8.5415124335331e+00   1.2275340e+00   3.1722132e-03   3.6507760e+01   1.9109392e-05   1.0498302e-07   1.2082085e-03  -8.1128355e+01
  8.5463877260180e+00   1.2275458e+00   1.7184615e-03   3.6507760e+01   1.9109807e-05   6.3988525e-08   1.3594007e-03  -8.1128355e+01
  8.5512630185029e+00   1.2275505e+00   2.6425991e-04   3.6507760e+01   1.9109988e-05   1.0614024e-08   1.4663375e-03  -8.1128355e+01
  8.5561383109878e+00   1.2275506e+00   0.0000000e+00   3.6501097e+01   1.9109992e-05   0.0000000e+00   1.4865930e-03  -8.1128355e+01
  8.5610136034727e+00   1.2275506e+00   0.0000000e+00   3.6493236e+01   1.9109992e-05   0.0000000e+00   1.4449139e-03  -8.1128355e+01
  8.5658888959577e+00   1.2275506e+00   0.0000000e+00   3.6485790e+01   1.9109992e-05   0.0000000e+00   1.4032771e-03  -8.1128355e+01
  8.5707641884426e+00   1.2275506e+00   0.0000000e+00   3.6478189e+01   1.9109992e-05   0.0000000e+00   1.2317009e-03  -8.1128355e+01
  8.5756394809275e+00   1.2275506e+00   0.0000000e+00   3.6470272e+01   1.9109992e-05   0.0000000e+00   8.4140480e-04  -8.1128355e+01
  8.5805147734124e+00   1.2275506e+00   0.0000000e+00   3.6462232e+01   1.9109992e-05   0.0000000e+00   2.9877174e-04  -8.1128355e+01
  8.5853900658973e+00   1.2275506e+00   0.0000000e+00   3.6454256e+01   1.9109992e-05   0.0000000e+00  -2.8773463e-04  -8.1128355e+01
  8.5902653583822e+00   1.2275506e+00   0.0000000e+00   3.6446415e+01   1.9109992e-05   0.0000000e+00  -8.4855228e-04  -8.1128355e+01
  8.5951406508672e+00   1.2275506e+00   0.0000000e+00   3.6438754e+01   1.9109992e-05   0.0000000e+00  -1.3718758e-03  -8.1128355e+01
  8.6000159433521e+00   1.2275506e+00   0.0000000e+00   3.6431306e+01   1.9109992e-05   0.0000000e+00  -1.8875394e-03  -8.1128355e+01
  8.6048912358370e+00   1.2275506e+00   0.0000000e+00   3.6424059e+01   1.9109992e-05   0.0000000e+00  -2.4091343e-03  -8.1128355e+01
  8.6097665283219e+00   1.2275506e+00   0.0000000e+00   3.6416996e+01   1.9109992e-05   0.0000000e+00  -2.9065100e-03  -8.1128355e+01
  8.6146418208068e+00   1.2275506e+00   0.0000000e+00   3.6410128e+01   1.9109992e-05   0.0000000e+00  -3.3275195e-03  -8.1128355e+01
  8.6195171132917e+00   1.2275506e+00   0.0000000e+00   3.6403497e+01   1.9109992e-05   0.0000000e+00  -3.6258469e-03  -8.1128355e+01
  8.6243924057767e+00   1.2275506e+00   0.0000000e+00   3.6397148e+01   1.9109992e-05   0.0000000e+00  -3.7766003e-03  -8.1128355e+01
  8.6292676982616e+00   1.2275506e+00   0.0000000e+00   3.6391106e+01   1.9109992e-05   0.0000000e+00  -3.7802995e-03  -8.1128355e+01
  8.6341429907465e+00   1.2275506e+00   0.0000000e+00   3.6385378e+01   1.9109992e-05   0.0000000e+00  -3.6522222e-03  -8.1128355e+01
  8.6390182832314e+00   1.2275506e+00   0.0000000e+00   3.6379963e+01   1.9109992e-05   0.0000000e+00  -3.4071777e-03  -8.1128355e+01
  8.6438935757163e+00   1.2275506e+00   0.0000000e+00   3.6374872e+01   1.9109992e-05   0.0000000e+00  -3.0554497e-03  -8.1128355e+01
  8.6487688682013e+00   1.2275506e+00   0.0000000e+00   3.6370124e+01   1.9109992e-05   0.0000000e+00  -2.6078504e-03  -8.1128355e+01
  8.6536441606862e+00   1.2275506e+00   0.0000000e+00   3.6365735e+01   1.9109992e-05   0.0000000e+00  -2.0791515e-03  -8.1128355e+01
  8.6585194531711e+00   1.2275506e+00   0.0000000e+00   3.6361705e+01   1.9109992e-05   0.0000000e+00  -1.4877466e-03  -8.1128355e+01
  8.6633947456560e+00   1.2275506e+00   0.0000000e+00   3.6358007e+01   1.9109992e-05   0.0000000e+00  -8.5572149e-04  -8.1128355e+01
  8.6682700381409e+00   1.2275506e+00   0.0000000e+00   3.6354595e+01   1.9109992e-05   0.0000000e+00  -2.1025289e-04  -8.1128355e+01
  8.6731453306259e+00   1.2275506e+00   0.0000000e+00   3.6351408e+01   1.9109992e-05   0.0000000e+00   4.1697568e-04  -8.1128355e+01
  8.6780206231108e+00   1.2275506e+00   0.0000000e+00   3.6348384e+01   1.9109992e-05   0.0000000e+00   9.9420358e-04  -8.1128355e+01
  8.6828959155957e+00   1.2275506e+00   0.0000000e+00   3.6345467e+01   1.9109992e-05   0.0000000e+00   1.4951424e-03  -8.1128355e+01
  8.6877712080806e+00   1.2275506e+00   0.0000000e+00   3.6342615e+01   1.9109992e-05   0.0000000e+00   1.9010788e-03  -8.1128355e+01
  8.6926465005655e+00   1.2275506e+00   0.0000000e+00   3.6339801e+01   1.9109992e-05   0.0000000e+00   2.1986796e-03  -8.1128355e+01
  8.6975217930504e+00   1.2275506e+00   0.0000000e+00   3.6337013e+01   1.9109992e-05   0.0000000e+00   2.3771007e-03  -8.1128355e+01
  8.7023970855354e+00   1.2275506e+00   0.0000000e+00   3.6334250e+01   1.9109992e-05   0.0000000e+00   2.4275457e-03  -8.1128355e+01
  8.7072723780203e+00   1.2275506e+00   0.0000000e+00   3.6331519e+01   1.9109992e-05   0.0000000e+00   2.3451698e-03  -8.1128355e+01
  8.7121476705052e+00   1.2275506e+00   0.0000000e+00   3.6328829e+01   1.9109992e-05   0.0000000e+00   2.1314258e-03  -8.1128355e+01
  8.7170229629901e+00   1.2275506e+00   0.0000000e+00   3.6326183e+01   1.9109992e-05   0.0000000e+00   1.7949747e-03  -8.1128355e+01
  8.7218982554750e+00   1.2275506e+00   0.0000000e+00   3.6323566e+01   1.9109992e-05   0.0000000e+00   1.3506409e-03  -8.1128355e+01
  8.7267735479600e+00   1.2275506e+00   0.0000000e+00   3.6320947e+01   1.9109992e-05   0.0000000e+00   8.1777802e-04  -8.1128355e+01
  8.7316488404449e+00   1.2275506e+00   0.0000000e+00   3.6318286e+01   1.9109992e-05   0.0000000e+00   2.1954739e-04  -8.1128355e+01
  8.7365241329298e+00   1.2275506e+00   0.0000000e+00   3.6315546e+01   1.9109992e-05   0.0000000e+00  -4.1734146e-04  -8.1128355e+01
  8.7413994254147e+00   1.2275506e+00   0.0000000e+00   3.6312701e+01   1.9109992e-05   0.0000000e+00  -1.0638343e-03  -8.1128355e+01
  8.7462747178996e+00   1.2275506e+00   0.0000000e+00   3.6309748e+01   1.9109992e-05   0.0000000e+00  -1.6905257e-03  -8.1128355e+01
  8.7511500103845e+00   1.2275506e+00   0.0000000e+00   3.6306699e+01   1.9109992e-05   0.0000000e+00  -2.2688565e-03  -8.1128355e+01
  8.7560253028695e+00   1.2275506e+00   0.0000000e+00   3.6303587e+01   1.9109992e-05   0.0000000e+00  -2.7709350e-03  -8.1128355e+01
  8.7609005953544e+00   1.2275506e+00   0.0000000e+00   3.6300458e+01   1.9109992e-05   0.0000000e+00  -3.1693634e-03  -8.1128355e+01
  8.7657758878393e+00   1.2275506e+00   0.0000000e+00   3.6297369e+01   1.9109992e-05   0.0000000e+00  -3.4388067e-03  -8.1128355e+01
  8.7706511803242e+00   1.2275506e+00   0.0000000e+00   3.6294377e+01   1.9109992e-05   0.0000000e+00  -3.5595544e-03  -8.1128355e+01
  8.7755264728091e+00   1.2275506e+00   0.0000000e+00   3.6291533e+01   1.9109992e-05   0.0000000e+00  -3.5216128e-03  -8.1128355e+01
  8.7804017652940e+00   1.2275506e+00   0.0000000e+00   3.6288876e+01   1.9109992e-05   0.0000000e+00  -3.3273133e-03  -8.1128355e+01
  8.7852770577790e+00   1.2275506e+00   0.0000000e+00   3.6286426e+01   1.9109992e-05   0.0000000e+00  -2.9912319e-03  -8.1128355e+01
  8.7901523502639e+00   1.2275506e+00   0.0000000e+00   3.6284189e+01   1.9109992e-05   0.0000000e+00  -2.5376642e-03  -8.1128355e+01
  8.7950276427488e+00   1.2275506e+00   0.0000000e+00   3.6282164e+01   1.9109992e-05   0.0000000e+00  -1.9969590e-03  -8.1128355e+01
  8.7999029352337e+00   1.2275506e+00   0.0000000e+00   3.6280341e+01   1.9109992e-05   0.0000000e+00  -1.4021022e-03  -8.1128355e+01
  8.8047782277186e+00   1.2275506e+00   0.0000000e+00   3.6278707e+01   1.9109992e-05   0.0000000e+00  -7.8631165e-04  -8.1128355e+01
  8.8096535202036e+00   1.2275506e+00   0.0000000e+00   3.6277244e+01   1.9109992e-05   0.0000000e+00  -1.8173242e-04  -8.1128355e+01
  8.8145288126885e+00   1.2275506e+00   0.0000000e+00   3.6275929e+01   1.9109992e-05   0.0000000e+00   3.8100925e-04  -8.1128355e+01
  8.8194041051734e+00   1.2275506e+00   0.0000000e+00   3.6274737e+01   1.9109992e-05   0.0000000e+00   8.7284750e-04  -8.1128355e+01
  8.8242793976583e+00   1.2275506e+00   0.0000000e+00   3.6273639e+01   1.9109992e-05   0.0000000e+00   1.2666171e-03  -8.1128355e+01
  8.8291546901432e+00   1.2275506e+00   0.0000000e+00   3.6272604e+01   1.9109992e-05   0.0000000e+00   1.5384066e-03  -8.1128355e+01
  8.8340299826282e+00   1.2275506e+00   0.0000000e+00   3.6271602e+01   1.9109992e-05   0.0000000e+00   1.6700932e-03  -8.1128355e+01
  8.8389052751131e+00   1.2275506e+00   0.0000000e+00   3.6270604e+01   1.9109992e-05   0.0000000e+00   1.6523630e-03  -8.1128355e+01
  8.8437805675980e+00   1.2275506e+00   0.0000000e+00   3.6269586e+01   1.9109992e-05   0.0000000e+00   1.4869730e-03  -8.1128355e+01
  8.8486558600829e+00   1.2275506e+00   0.0000000e+00   3.6268531e+01   1.9109992e-05   0.0000000e+00   1.1872119e-03  -8.1128355e+01
  8.8535311525678e+00   1.2275506e+00   0.0000000e+00   3.6267428e+01   1.9109992e-05   0.0000000e+00   7.7630074e-04  -8.1128355e+01
  8.8584064450527e+00   1.2275506e+00   0.0000000e+00   3.6266276e+01   1.9109992e-05   0.0000000e+00   2.8429878e-04  -8.1128355e+01
  8.8632817375377e+00   1.2275506e+00   0.0000000e+00   3.6265077e+01   1.9109992e-05   0.0000000e+00  -2.5552901e-04  -8.1128355e+01
  8.8681570300226e+00   1.2275506e+00   0.0000000e+00   3.6263844e+01   1.9109992e-05   0.0000000e+00  -8.1005942e-04  -8.1128355e+01
  8.8730323225075e+00   1.2275506e+00   0.0000000e+00   3.6262591e+01   1.9109992e-05   0.0000000e+00  -1.3489372e-03  -8.1128355e+01
  8.8779076149924e+00   1.2275506e+00   0.0000000e+00   3.6261345e+01   1.9109992e-05   0.0000000e+00  -1.8463591e-03  -8.1128355e+01
  8.8827829074773e+00   1.2275506e+00   0.0000000e+00   3.6260135e+01   1.9109992e-05   0.0000000e+00  -2.2820292e-03  -8.1128355e+01
  8.8876581999622e+00   1.2275506e+00   0.0000000e+00   3.6258999e+01   1.9109992e-05   0.0000000e+00  -2.6413491e-03  -8.1128355e+01
  8.8925334924472e+00   1.2275506e+00   0.0000000e+00   3.6257976e+01   1.9109992e-05   0.0000000e+00  -2.9150008e-03  -8.1128355e+01
  8.8974087849321e+00   1.2275506e+00   0.0000000e+00   3.6257100e+01   1.9109992e-05   0.0000000e+00  -3.0982121e-03  -8.1128355e+01
  8.9022840774170e+00   1.2275506e+00   0.0000000e+00   3.6256401e+01   1.9109992e-05   0.0000000e+00  -3.1900557e-03  -8.1128355e+01
  8.9071593699019e+00   1.2275506e+00   0.0000000e+00   3.6255896e+01   1.9109992e-05   0.0000000e+00  -3.1930361e-03  -8.1128355e+01
  8.9120346623868e+00   1.2275506e+00   0.0000000e+00   3.6255591e+01   1.9109992e-05   0.0000000e+00  -3.1129762e-03  -8.1128355e+01
  8.9169099548718e+00   1.2275506e+00   0.0000000e+00   3.6255478e+01   1.9109992e-05   0.0000000e+00  -2.9589545e-03  -8.1128355e+01
  8.9217852473567e+00   1.2275506e+00   0.0000000e+00   3.6255544e+01   1.9109992e-05   0.0000000e+00  -2.7429561e-03  -8.1128355e+01
  8.9266605398416e+00   1.2275506e+00   0.0000000e+00   3.6255770e+01   1.9109992e-05   0.0000000e+00  -2.4790509e-03  -8.1128355e+01
  8.9315358323265e+00   1.2275506e+00   0.0000000e+00   3.6256136e+01   1.9109992e-05   0.0000000e+00  -2.1822085e-03  -8.1128355e+01
  8.9364111248114e+00   1.2275506e+00   0.0000000e+00   3.6256622e+01   1.9109992e-05   0.0000000e+00  -1.8670857e-03  -8.1128355e+01
  8.9412864172964e+00   1.2275506e+00   0.0000000e+00   3.6257214e+01   1.9109992e-05   0.0000000e+00  -1.5471090e-03  -8.1128355e+01
  8.9461617097813e+00   1.2275506e+00   0.0000000e+00   3.6257899e+01   1.9109992e-05   0.0000000e+00  -1.2339726e-03  -8.1128355e+01
  8.9510370022662e+00   1.2275506e+00   0.0000000e+00   3.6258663e+01   1.9109992e-05   0.0000000e+00  -9.3745391e-04  -8.1128355e+01
  8.9559122947511e+00   1.2275506e+00   0.0000000e+00   3.6259497e+01   1.9109992e-05   0.0000000e+00  -6.6537650e-04  -8.1128355e+01
  8.9607875872360e+00   1.2275506e+00   0.0000000e+00   3.6260383e+01   1.9109992e-05   0.0000000e+00  -4.2362736e-04  -8.1128355e+01
  8.9656628797209e+00   1.2275506e+00   0.0000000e+00   3.6261302e+01   1.9109992e-05   0.0000000e+00  -2.1626402e-04  -8.1128355e+01
  8.9705381722059e+00   1.2275506e+00   0.0000000e+00   3.6262231e+01   1.9109992e-05   0.0000000e+00  -4.5818654e-05  -8.1128355e+01
  8.9754134646908e+00   1.2275506e+00   0.0000000e+00   3.6263145e+01   1.9109992e-05   0.0000000e+00   8.6146114e-05  -8.1128355e+01
  8.9802887571757e+00   1.2275506e+00   0.0000000e+00   3.6264015e+01   1.9109992e-05   0.0000000e+00   1.7833308e-04  -8.1128355e+01
  8.9851640496606e+00   1.2275506e+00   0.0000000e+00   3.6264820e+01   1.9109992e-05   0.0000000e+00   2.2912387e-04  -8.1128355e+01
  8.9900393421455e+00   1.2275506e+00   0.0000000e+00   3.6265542e+01   1.9109992e-05   0.0000000e+00   2.3640722e-04  -8.1128355e+01
  8.9949146346304e+00   1.2275506e+00   0.0000000e+00   3.6266172e+01   1.9109992e-05   0.0000000e+00   1.9795242e-04  -8.1128355e+01
  8.9997899271154e+00   1.2275506e+00   0.0000000e+00   3.6266708e+01   1.9109992e-05   0.0000000e+00   1.1217081e-04  -8.1128355e+01
  9.0046652196003e+00   1.2275506e+00   0.0000000e+00   3.6267159e+01   1.9109992e-05   0.0000000e+00  -2.1099687e-05  -8.1128355e+01
  9.0095405120852e+00   1.2275506e+00   0.0000000e+00   3.6267541e+01   1.9109992e-05   0.0000000e+00  -2.0011340e-04  -8.1128355e+01
  9.0144158045701e+00   1.2275506e+00   0.0000000e+00   3.6267874e+01   1.9109992e-05   0.0000000e+00  -4.2111757e-04  -8.1128355e+01
  9.0192910970550e+00   1.2275506e+00   0.0000000e+00   3.6268183e+01   1.9109992e-05   0.0000000e+00  -6.7847759e-04  -8.1128355e+01
  9.0241663895400e+00   1.2275506e+00   0.0000000e+00   3.6268498e+01   1.9109992e-05   0.0000000e+00  -9.6482214e-04  -8.1128355e+01
  9.0290416820249e+00   1.2275506e+00   0.0000000e+00   3.6268844e+01   1.9109992e-05   0.0000000e+00  -1.2711210e-03  -8.1128355e+01
  9.0339169745098e+00   1.2275506e+00   0.0000000e+00   3.6269248e+01   1.9109992e-05   0.0000000e+00  -1.5867380e-03  -8.1128355e+01
  9.0387922669947e+00   1.2275506e+00   0.0000000e+00   3.6269735e+01   1.9109992e-05   0.0000000e+00  -1.8995342e-03  -8.1128355e+01
  9.0436675594796e+00   1.2275506e+00   0.0000000e+00   3.6270326e+01   1.9109992e-05   0.0000000e+00  -2.1960654e-03  -8.1128355e+01
  9.0485428519646e+00   1.2275506e+00   0.0000000e+00   3.6271039e+01   1.9109992e-05   0.0000000e+00  -2.4619277e-03  -8.1128355e+01
  9.0534181444495e+00   1.2275506e+00   0.0000000e+00   3.6271888e+01   1.9109992e-05   0.0000000e+00  -2.6823416e-03  -8.1128355e+01
  9.0582934369344e+00   1.2275506e+00   0.0000000e+00   3.6272884e+01   1.9109992e-05   0.0000000e+00  -2.8430280e-03  -8.1128355e+01
  9.0631687294193e+00   1.2275506e+00   0.0000000e+00   3.6274032e+01   1.9109992e-05   0.0000000e+00  -2.9313065e-03  -8.1128355e+01
  9.0680440219042e+00   1.2275506e+00   0.0000000e+00   3.6275334e+01   1.9109992e-05   0.0000000e+00  -2.9372469e-03  -8.1128355e+01
  9.0729193143892e+00   1.2275506e+00   0.0000000e+00   3.6276784e+01   1.9109992e-05   0.0000000e+00  -2.8547011e-03  -8.1128355e+01
  9.0777946068741e+00   1.2275506e+00   0.0000000e+00   3.6278369e+01   1.9109992e-05   0.0000000e+00  -2.6820936e-03  -8.1128355e+01
  9.0826698993590e+00   1.2275506e+00   0.0000000e+00   3.6280073e+01   1.9109992e-05   0.0000000e+00  -2.4229031e-03  -8.1128355e+01
  9.0875451918439e+00   1.2275506e+00   0.0000000e+00   3.6281875e+01   1.9109992e-05   0.0000000e+00  -2.0857900e-03  -8.1128355e+01
  9.0924204843288e+00   1.2275506e+00   0.0000000e+00   3.6283750e+01   1.9109992e-05   0.0000000e+00  -1.6843245e-03  -8.1128355e+01
  9.0972957768137e+00   1.2275506e+00   0.0000000e+00   3.6285675e+01   1.9109992e-05   0.0000000e+00  -1.2362718e-03  -8.1128355e+01
  9.1021710692987e+00   1.2275506e+00   0.0000000e+00   3.6287625e+01   1.9109992e-05   0.0000000e+00  -7.6244992e-04  -8.1128355e+01
  9.1070463617836e+00   1.2275506e+00   0.0000000e+00   3.6289578e+01   1.9109992e-05   0.0000000e+00  -2.8531063e-04  -8.1128355e+01
  9.1119216542685e+00   1.2275506e+00   0.0000000e+00   3.6291512e+01   1.9109992e-05   0.0000000e+00   1.7251691e-04  -8.1128355e+01
  9.1167969467534e+00   1.2275506e+00   0.0000000e+00   3.6293410e+01   1.9109992e-05   0.0000000e+00   5.8953556e-04  -8.1128355e+01
  9.1216722392383e+00   1.2275506e+00   0.0000000e+00   3.6295252e+01   1.9109992e-05   0.0000000e+00   9.4651270e-04  -8.1128355e+01
  9.1265475317233e+00   1.2275506e+00   0.0000000e+00   3.6297024e+01   1.9109992e-05   0.0000000e+00   1.2274861e-03  -8.1128355e+01
  9.1314228242082e+00   1.2275506e+00   0.0000000e+00   3.6298714e+01   1.9109992e-05   0.0000000e+00   1.4206571e-03  -8.1128355e+01
  9.1362981166931e+00   1.2275506e+00   0.0000000e+00   3.6300316e+01   1.9109992e-05   0.0000000e+00   1.5191051e-03  -8.1128355e+01
  9.1411734091780e+00   1.2275506e+00   0.0000000e+00   3.6301827e+01   1.9109992e-05   0.0000000e+00   1.5212097e-03  -8.1128355e+01
  9.1460487016629e+00   1.2275506e+00   0.0000000e+00   3.6303249e+01   1.9109992e-05   0.0000000e+00   1.4306704e-03  -8.1128355e+01
  9.1509239941478e+00   1.2275506e+00   0.0000000e+00   3.6304590e+01   1.9109992e-05   0.0000000e+00   1.2560628e-03  -8.1128355e+01
  9.1557992866328e+00   1.2275506e+00   0.0000000e+00   3.6305860e+01   1.9109992e-05   0.0000000e+00   1.0099594e-03  -8.1128355e+01
  9.1606745791177e+00   1.2275506e+00   0.0000000e+00   3.6307071e+01   1.9109992e-05   0.0000000e+00   7.0772368e-04  -8.1128355e+01
  9.1655498716026e+00   1.2275506e+00   0.0000000e+00   3.6308237e+01   1.9109992e-05   0.0000000e+00   3.6612485e-04  -8.1128355e+01
  9.1704251640875e+00   1.2275506e+00   0.0000000e+00   3.6309372e+01   1.9109992e-05   0.0000000e+00   1.9853810e-06  -8.1128355e+01
  9.1753004565724e+00   1.2275506e+00   0.0000000e+00   3.6310491e+01   1.9109992e-05   0.0000000e+00  -3.6889196e-04  -8.1128355e+01
  9.1801757490573e+00   1.2275506e+00   0.0000000e+00   3.6311606e+01   1.9109992e-05   0.0000000e+00  -7.3238613e-04  -8.1128355e+01
  9.1850510415423e+00   1.2275506e+00   0.0000000e+00   3.6312728e+01   1.9109992e-05   0.0000000e+00  -1.0763594e-03  -8.1128355e+01
  9.1899263340272e+00   1.2275506e+00   0.0000000e+00   3.6313867e+01   1.9109992e-05   0.0000000e+00  -1.3907148e-03  -8.1128355e+01
  9.1948016265121e+00   1.2275506e+00   0.0000000e+00   3.6315027e+01   1.9109992e-05   0.0000000e+00  -1.6672977e-03  -8.1128355e+01
  9.1996769189970e+00   1.2275506e+00   0.0000000e+00   3.6316213e+01   1.9109992e-05   0.0000000e+00  -1.8997112e-03  -8.1128355e+01
  9.2045522114819e+00   1.2275506e+00   0.0000000e+00   3.6317424e+01   1.9109992e-05   0.0000000e+00  -2.0830762e-03  -8.1128355e+01
  9.2094275039669e+00   1.2275506e+00   0.0000000e+00   3.6318660e+01   1.9109992e-05   0.0000000e+00  -2.2136955e-03  -8.1128355e+01
  9.2143027964518e+00   1.2275506e+00   0.0000000e+00   3.6319919e+01   1.9109992e-05   0.0000000e+00  -2.2885926e-03  -8.1128355e+01
  9.2191780889367e+00   1.2275506e+00   0.0000000e+00   3.6321198e+01   1.9109992e-05   0.0000000e+00  -2.3050783e-03  -8.1128355e+01
  9.2240533814216e+00   1.2275506e+00   0.0000000e+00   3.6322493e+01   1.9109992e-05   0.0000000e+00  -2.2606601e-03  -8.1128355e+01
  9.2289286739065e+00   1.2275506e+00   0.0000000e+00   3.6323799e+01   1.9109992e-05   0.0000000e+00  -2.1534780e-03  -8.1128355e+01
  9.2338039663915e+00   1.2275506e+00   0.0000000e+00   3.6325107e+01   1.9109992e-05   0.0000000e+00  -1.9831262e-03  -8.1128355e+01
  9.2386792588764e+00   1.2275506e+00   0.0000000e+00   3.6326409e+01   1.9109992e-05   0.0000000e+00  -1.7515277e-03  -8.1128355e+01
  9.2435545513613e+00   1.2275506e+00   0.0000000e+00   3.6327687e+01   1.9109992e-05   0.0000000e+00  -1.4636311e-03  -8.1128355e+01
  9.2484298438462e+00   1.2275506e+00   0.0000000e+00   3.6328923e+01   1.9109992e-05   0.0000000e+00  -1.1279372e-03  -8.1128355e+01
  9.2533051363311e+00   1.2275506e+00   0.0000000e+00   3.6330094e+01   1.9109992e-05   0.0000000e+00  -7.5681544e-04  -8.1128355e+01
  9.2581804288160e+00   1.2275506e+00   0.0000000e+00   3.6331174e+01   1.9109992e-05   0.0000000e+00  -3.6635667e-04  -8.1128355e+01
  9.2630557213010e+00   1.2275506e+00   0.0000000e+00   3.6332141e+01   1.9109992e-05   0.0000000e+00   2.4419479e-05  -8.1128355e+01
  9.2679310137859e+00   1.2275506e+00   0.0000000e+00   3.6332977e+01   1.9109992e-05   0.0000000e+00   3.9490506e-04  -8.1128355e+01
  9.2728063062708e+00   1.2275506e+00   0.0000000e+00   3.6333675e+01   1.9109992e-05   0.0000000e+00   7.2443932e-04  -8.1128355e+01
  9.2776815987557e+00   1.2275506e+00   0.0000000e+00   3.6334236e+01   1.9109992e-05   0.0000000e+00   9.9371725e-04  -8.1128355e+01
  9.2825568912406e+00   1.2275506e+00   0.0000000e+00   3.6334673e+01   1.9109992e-05   0.0000000e+00   1.1860823e-03  -8.1128355e+01
  9.2874321837255e+00   1.2275506e+00   0.0000000e+00   3.6335007e+01   1.9109992e-05   0.0000000e+00   1.2889396e-03  -8.1128355e+01
  9.2923074762105e+00   1.2275506e+00   0.0000000e+00   3.6335265e+01   1.9109992e-05   0.0000000e+00   1.2952451e-03  -8.1128355e+01
  9.2971827686954e+00   1.2275506e+00   0.0000000e+00   3.6335477e+01   1.9109992e-05   0.0000000e+00   1.2045010e-03  -8.1128355e+01
  9.3020580611803e+00   1.2275506e+00   0.0000000e+00   3.6335670e+01   1.9109992e-05   0.0000000e+00   1.0227930e-03  -8.1128355e+01
  9.3069333536652e+00   1.2275506e+00   0.0000000e+00   3.6335868e+01   1.9109992e-05   0.0000000e+00   7.6200216e-04  -8.1128355e+01
  9.3118086461501e+00   1.2275506e+00   0.0000000e+00   3.6336087e+01   1.9109992e-05   0.0000000e+00   4.3877947e-04  -8.1128355e+01
  9.3166839386351e+00   1.2275506e+00   0.0000000e+00   3.6336336e+01   1.9109992e-05   0.0000000e+00   7.3636361e-05  -8.1128355e+01
  9.3215592311200e+00   1.2275506e+00   0.0000000e+00   3.6336616e+01   1.9109992e-05   0.0000000e+00  -3.1027382e-04  -8.1128355e+01
  9.3264345236049e+00   1.2275506e+00   0.0000000e+00   3.6336926e+01   1.9109992e-05   0.0000000e+00  -6.8908873e-04  -8.1128355e+01
  9.3313098160898e+00   1.2275506e+00   0.0000000e+00   3.6337261e+01   1.9109992e-05   0.0000000e+00  -1.0404413e-03  -8.1128355e+01
  9.3361851085747e+00   1.2275506e+00   0.0000000e+00   3.6337620e+01   1.9109992e-05   0.0000000e+00  -1.3453435e-03  -8.1128355e+01
  9.3410604010597e+00   1.2275506e+00   0.0000000e+00   3.6338004e+01   1.9109992e-05   0.0000000e+00  -1.5895924e-03  -8.1128355e+01
  9.3459356935446e+00   1.2275506e+00   0.0000000e+00   3.6338422e+01   1.9109992e-05   0.0000000e+00  -1.7644801e-03  -8.1128355e+01
  9.3508109860295e+00   1.2275506e+00   0.0000000e+00   3.6338888e+01   1.9109992e-05   0.0000000e+00  -1.8665797e-03  -8.1128355e+01
  9.3556862785144e+00   1.2275506e+00   0.0000000e+00   3.6339418e+01   1.9109992e-05   0.0000000e+00  -1.8970276e-03  -8.1128355e+01
  9.3605615709993e+00   1.2275506e+00   0.0000000e+00   3.6340033e+01   1.9109992e-05   0.0000000e+00  -1.8607967e-03  -8.1128355e+01
  9.3654368634842e+00   1.2275506e+00   0.0000000e+00   3.6340750e+01   1.9109992e-05   0.0000000e+00  -1.7659957e-03  -8.1128355e+01
  9.3703121559692e+00   1.2275506e+00   0.0000000e+00   3.6341582e+01   1.9109992e-05   0.0000000e+00  -1.6230044e-03  -8.1128355e+01
  9.3751874484541e+00   1.2275506e+00   0.0000000e+00   3.6342535e+01   1.9109992e-05   0.0000000e+00  -1.4434924e-03  -8.1128355e+01
  9.3800627409390e+00   1.2275506e+00   0.0000000e+00   3.6343611e+01   1.9109992e-05   0.0000000e+00  -1.2394959e-03  -8.1128355e+01
  9.3849380334239e+00   1.2275506e+00   0.0000000e+00   3.6344806e+01   1.9109992e-05   0.0000000e+00  -1.0227215e-03  -8.1128355e+01
  9.3898133259088e+00   1.2275506e+00   0.0000000e+00   3.6346111e+01   1.9109992e-05   0.0000000e+00  -8.0425327e-04  -8.1128355e+01
  9.3946886183938e+00   1.2275506e+00   0.0000000e+00   3.6347517e+01   1.9109992e-05   0.0000000e+00  -5.9460937e-04  -8.1128355e+01
  9.3995639108787e+00   1.2275506e+00   0.0000000e+00   3.6349009e+01   1.9109992e-05   0.0000000e+00  -4.0394286e-04  -8.1128355e+01
  9.4044392033636e+00   1.2275506e+00   0.0000000e+00   3.6350575e+01   1.9109992e-05   0.0000000e+00  -2.4177912e-04  -8.1128355e+01
  9.4093144958485e+00   1.2275506e+00   0.0000000e+00   3.6352199e+01   1.9109992e-05   0.0000000e+00  -1.1598372e-04  -8.1128355e+01
  9.4141897883334e+00   1.2275506e+00   0.0000000e+00   3.6353865e+01   1.9109992e-05   0.0000000e+00  -3.1864222e-05  -8.1128355e+01
  9.4190650808183e+00   1.2275506e+00   0.0000000e+00   3.6355553e+01   1.9109992e-05   0.0000000e+00   7.3311566e-06  -8.1128355e+01
  9.4239403733033e+00   1.2275506e+00   0.0000000e+00   3.6357239e+01   1.9109992e-05   0.0000000e+00  -3.6806117e-07  -8.1128355e+01
  9.4288156657882e+00   1.2275506e+00   0.0000000e+00   3.6358898e+01   1.9109992e-05   0.0000000e+00  -5.5397232e-05  -8.1128355e+01
  9.4336909582731e+00   1.2275506e+00   0.0000000e+00   3.6360504e+01   1.9109992e-05   0.0000000e+00  -1.5609803e-04  -8.1128355e+01
  9.4385662507580e+00   1.2275506e+00   0.0000000e+00   3.6362031e+01   1.9109992e-05   0.0000000e+00  -2.9878833e-04  -8.1128355e+01
  9.4434415432429e+00   1.2275506e+00   0.0000000e+00   3.6363453e+01   1.9109992e-05   0.0000000e+00  -4.7799528e-04  -8.1128355e+01
  9.4483168357278e+00   1.2275506e+00   0.0000000e+00   3.6364754e+01   1.9109992e-05   0.0000000e+00  -6.8624738e-04  -8.1128355e+01
  9.4531921282128e+00   1.2275506e+00   0.0000000e+00   3.6365922e+01   1.9109992e-05   0.0000000e+00  -9.1413662e-04  -8.1128355e+01
  9.4580674206977e+00   1.2275506e+00   0.0000000e+00   3.6366953e+01   1.9109992e-05   0.0000000e+00  -1.1511294e-03  -8.1128355e+01
  9.4629427131826e+00   1.2275506e+00   0.0000000e+00   3.6367851e+01   1.9109992e-05   0.0000000e+00  -1.3865328e-03  -8.1128355e+01
  9.4678180056675e+00   1.2275506e+00   0.0000000e+00   3.6368628e+01   1.9109992e-05   0.0000000e+00  -1.6094138e-03  -8.1128355e+01
  9.4726932981524e+00   1.2275506e+00   0.0000000e+00   3.6369307e+01   1.9109992e-05   0.0000000e+00  -1.8079482e-03  -8.1128355e+01
  9.4775685906374e+00   1.2275506e+00   0.0000000e+00   3.6369910e+01   1.9109992e-05   0.0000000e+00  -1.9698780e-03  -8.1128355e+01
  9.4824438831223e+00   1.2275506e+00   0.0000000e+00   3.6370460e+01   1.9109992e-05   0.0000000e+00  -2.0837859e-03  -8.1128355e+01
  9.4873191756072e+00   1.2275506e+00   0.0000000e+00   3.6370971e+01   1.9109992e-05   0.0000000e+00  -2.1398661e-03  -8.1128355e+01
  9.4921944680921e+00   1.2275506e+00   0.0000000e+00   3.6371451e+01   1.9109992e-05   0.0000000e+00  -2.1298951e-03  -8.1128355e+01
  9.4970697605770e+00   1.2275506e+00   0.0000000e+00   3.6371905e+01   1.9109992e-05   0.0000000e+00  -2.0461707e-03  -8.1128355e+01
  9.5019450530620e+00   1.2275506e+00   0.0000000e+00   3.6372332e+01   1.9109992e-05   0.0000000e+00  -1.8814394e-03  -8.1128355e+01
  9.5068203455469e+00   1.2275506e+00   0.0000000e+00   3.6372729e+01   1.9109992e-05   0.0000000e+00  -1.6319344e-03  -8.1128355e+01
  9.5116956380318e+00   1.2275506e+00   0.0000000e+00   3.6373090e+01   1.9109992e-05   0.0000000e+00  -1.3005859e-03  -8.1128355e+01
  9.5165709305167e+00   1.2275506e+00   0.0000000e+00   3.6373405e+01   1.9109992e-05   0.0000000e+00  -8.9883598e-04  -8.1128355e+01
  9.5214462230016e+00   1.2275506e+00   0.0000000e+00   3.6373666e+01   1.9109992e-05   0.0000000e+00  -4.4616173e-04  -8.1128355e+01
  9.5263215154865e+00   1.2275506e+00   0.0000000e+00   3.6373871e+01   1.9109992e-05   0.0000000e+00   3.2518047e-05  -8.1128355e+01
  9.5311968079715e+00   1.2275506e+00   0.0000000e+00   3.6374023e+01   1.9109992e-05   0.0000000e+00   5.1078345e-04  -8.1128355e+01
  9.5360721004564e+00   1.2275506e+00   0.0000000e+00   3.6374137e+01   1.9109992e-05   0.0000000e+00   9.6289117e-04  -8.1128355e+01
  9.5409473929413e+00   1.2275506e+00   0.0000000e+00   3.6374233e+01   1.9109992e-05   0.0000000e+00   1.3639708e-03  -8.1128355e+01
  9.5458226854262e+00   1.2275506e+00   0.0000000e+00   3.6374341e+01   1.9109992e-05   0.0000000e+00   1.6917328e-03  -8.1128355e+01
  9.5506979779111e+00   1.2275506e+00   0.0000000e+00   3.6374493e+01   1.9109992e-05   0.0000000e+00   1.9275794e-03  -8.1128355e+01
  9.5555732703960e+00   1.2275506e+00   0.0000000e+00   3.6374726e+01   1.9109992e-05   0.0000000e+00   2.0563746e-03  -8.1128355e+01
  9.5604485628810e+00   1.2275506e+00   0.0000000e+00   3.6375065e+01   1.9109992e-05   0.0000000e+00   2.0663431e-03  -8.1128355e+01
  9.5653238553659e+00   1.2275506e+00   0.0000000e+00   3.6375528e+01   1.9109992e-05   0.0000000e+00   1.9509709e-03  -8.1128355e+01
  9.5701991478508e+00   1.2275506e+00   0.0000000e+00   3.6376120e+01   1.9109992e-05   0.0000000e+00   1.7103554e-03  -8.1128355e+01
  9.5750744403357e+00   1.2275506e+00   0.0000000e+00   3.6376843e+01   1.9109992e-05   0.0000000e+00   1.3500251e-03  -8.1128355e+01
  9.5799497328206e+00   1.2275506e+00   0.0000000e+00   3.6377691e+01   1.9109992e-05   0.0000000e+00   8.7967232e-04  -8.1128355e+01
  9.5848250253056e+00   1.2275506e+00   0.0000000e+00   3.6378655e+01   1.9109992e-05   0.0000000e+00   3.1550580e-04  -8.1128355e+01
  9.5897003177905e+00   1.2275506e+00   0.0000000e+00   3.6379723e+01   1.9109992e-05   0.0000000e+00  -3.1756122e-04  -8.1128355e+01
  9.5945756102754e+00   1.2275506e+00   0.0000000e+00   3.6380877e+01   1.9109992e-05   0.0000000e+00  -9.8887706e-04  -8.1128355e+01
  9.5994509027603e+00   1.2275506e+00   0.0000000e+00   3.6382107e+01   1.9109992e-05   0.0000000e+00  -1.6669876e-03  -8.1128355e+01
  9.6043261952452e+00   1.2275506e+00   0.0000000e+00   3.6383405e+01   1.9109992e-05   0.0000000e+00  -2.3210405e-03  -8.1128355e+01
  9.6092014877302e+00   1.2275506e+00   0.0000000e+00   3.6384769e+01   1.9109992e-05   0.0000000e+00  -2.9209495e-03  -8.1128355e+01
  9.6140767802151e+00   1.2275506e+00   0.0000000e+00   3.6386204e+01   1.9109992e-05   0.0000000e+00  -3.4390007e-03  -8.1128355e+01
  9.6189520727000e+00   1.2275506e+00   0.0000000e+00   3.6387715e+01   1.9109992e-05   0.0000000e+00  -3.8511372e-03  -8.1128355e+01
  9.6238273651849e+00   1.2275506e+00   0.0000000e+00   3.6389304e+01   1.9109992e-05   0.0000000e+00  -4.1368675e-03  -8.1128355e+01
  9.6287026576698e+00   1.2275506e+00   0.0000000e+00   3.6390972e+01   1.9109992e-05   0.0000000e+00  -4.2795608e-03  -8.1128355e+01
  9.6335779501547e+00   1.2275506e+00   0.0000000e+00   3.6392724e+01   1.9109992e-05   0.0000000e+00  -4.2730932e-03  -8.1128355e+01
  9.6384532426397e+00   1.2275506e+00   0.0000000e+00   3.6394568e+01   1.9109992e-05   0.0000000e+00  -4.1252146e-03  -8.1128355e+01
  9.6433285351246e+00   1.2275506e+00   0.0000000e+00   3.6396509e+01   1.9109992e-05   0.0000000e+00  -3.8542698e-03  -8.1128355e+01
  9.6482038276095e+00   1.2275506e+00   0.0000000e+00   3.6398538e+01   1.9109992e-05   0.0000000e+00  -3.4827678e-03  -8.1128355e+01
  9.6530791200944e+00   1.2275506e+00   0.0000000e+00   3.6400637e+01   1.9109992e-05   0.0000000e+00  -3.0324019e-03  -8.1128355e+01
  9.6579544125793e+00   1.2275506e+00   0.0000000e+00   3.6402782e+01   1.9109992e-05   0.0000000e+00  -2.5217577e-03  -8.1128355e+01
  9.6628297050643e+00   1.2275506e+00   0.0000000e+00   3.6404962e+01   1.9109992e-05   0.0000000e+00  -1.9725450e-03  -8.1128355e+01
  9.6677049975492e+00   1.2275506e+00   0.0000000e+00   3.6407176e+01   1.9109992e-05   0.0000000e+00  -1.4103286e-03  -8.1128355e+01
  9.6725802900341e+00   1.2275506e+00   0.0000000e+00   3.6409430e+01   1.9109992e-05   0.0000000e+00  -8.5742672e-04  -8.1128355e+01
  9.6774555825190e+00   1.2275506e+00   0.0000000e+00   3.6411723e+01   1.9109992e-05   0.0000000e+00  -3.3475369e-04  -8.1128355e+01
  9.6823308750039e+00   1.2275506e+00   0.0000000e+00   3.6414063e+01   1.9109992e-05   0.0000000e+00   1.3840348e-04  -8.1128355e+01
  9.6872061674888e+00   1.2275506e+00   0.0000000e+00   3.6416467e+01   1.9109992e-05   0.0000000e+00   5.5234631e-04  -8.1128355e+01
  9.6920814599738e+00   1.2275506e+00   0.0000000e+00   3.6418944e+01   1.9109992e-05   0.0000000e+00   9.1052790e-04  -8.1128355e+01
  9.6969567524587e+00   1.2275506e+00   0.0000000e+00   3.6421491e+01   1.9109992e-05   0.0000000e+00   1.2186505e-03  -8.1128355e+01
  9.7018320449436e+00   1.2275506e+00   0.0000000e+00   3.6424088e+01   1.9109992e-05   0.0000000e+00   1.4749024e-03  -8.1128355e+01
  9.7067073374285e+00   1.2275506e+00   0.0000000e+00   3.6426702e+01   1.9109992e-05   0.0000000e+00   1.6633464e-03  -8.1128355e+01
  9.7115826299134e+00   1.2275506e+00   0.0000000e+00   3.6429320e+01   1.9109992e-05   0.0000000e+00   1.7667572e-03  -8.1128355e+01
  9.7164579223984e+00   1.2275506e+00   0.0000000e+00   3.6431952e+01   1.9109992e-05   0.0000000e+00   1.7815800e-03  -8.1128355e+01
  9.7213332148833e+00   1.2275506e+00   0.0000000e+00   3.6434591e+01   1.9109992e-05   0.0000000e+00   1.7256049e-03  -8.1128355e+01
  9.7262085073682e+00   1.2275506e+00   0.0000000e+00   3.6437224e+01   1.9109992e-05   0.0000000e+00   1.6162469e-03  -8.1128355e+01
  9.7310837998531e+00   1.2275506e+00   0.0000000e+00   3.6439845e+01   1.9109992e-05   0.0000000e+00   1.4305399e-03  -8.1128355e+01
  9.7359590923380e+00   1.2275506e+00   0.0000000e+00   3.6442464e+01   1.9109992e-05   0.0000000e+00   1.1381426e-03  -8.1128355e+01
  9.7408343848229e+00   1.2275506e+00   0.0000000e+00   3.6445103e+01   1.9109992e-05   0.0000000e+00   7.7914826e-04  -8.1128355e+01
  9.7457096773079e+00   1.2275506e+00   0.0000000e+00   3.6447817e+01   1.9109992e-05   0.0000000e+00   4.3586080e-04  -8.1128355e+01
  9.7505849697928e+00   1.2275506e+00   0.0000000e+00   3.6450653e+01   1.9109992e-05   0.0000000e+00   6.5477118e-05  -8.1128355e+01
  9.7554602622777e+00   1.2275506e+00   0.0000000e+00   3.6453604e+01   1.9109992e-05   0.0000000e+00  -4.2098537e-04  -8.1128355e+01
  9.7603355547626e+00   1.2275506e+00   0.0000000e+00   3.6456696e+01   1.9109992e-05   0.0000000e+00  -9.7943092e-04  -8.1128355e+01
  9.7652108472475e+00   1.2275506e+00   0.0000000e+00   3.6460063e+01   1.9109992e-05   0.0000000e+00  -1.4950125e-03  -8.1128355e+01
  9.7700861397325e+00   1.2275506e+00   0.0000000e+00   3.6463805e+01   1.9109992e-05   0.0000000e+00  -1.9448957e-03  -8.1128355e+01
  9.7749614322174e+00   1.2275506e+00   0.0000000e+00   3.6468035e+01   1.9109992e-05   0.0000000e+00  -2.3529594e-03  -8.1128355e+01
  9.7798367247023e+00   1.2275506e+00   0.0000000e+00   3.6473066e+01   1.9109992e-05   0.0000000e+00  -2.7066917e-03  -8.1128355e+01
  9.7847120171872e+00   1.2275506e+00   0.0000000e+00   3.6479240e+01   1.9109992e-05   0.0000000e+00  -2.9275007e-03  -8.1128355e+01
  9.7895873096721e+00   1.2275506e+00   0.0000000e+00   3.6486831e+01   1.9109992e-05   0.0000000e+00  -2.9560684e-03  -8.1128355e+01
  9.7944626021571e+00   1.2275506e+00   0.0000000e+00   3.6495780e+01   1.9109992e-05   0.0000000e+00  -2.7956255e-03  -8.1128355e+01
  9.7993378946420e+00   1.2275506e+00   0.0000000e+00   3.6505873e+01   1.9109992e-05   0.0000000e+00  -2.4540416e-03  -8.1128355e+01
  9.8042131871269e+00   1.2275538e+00   1.5477238e-03   3.6507760e+01   1.9109809e-05  -8.1788506e-08  -1.9292299e-03  -8.1128355e+01
  9.8090884796118e+00   1.2275661e+00   3.4018308e-03   3.6507760e+01   1.9109270e-05  -1.2892042e-07  -1.3835479e-03  -8.1128355e+01
  9.8139637720967e+00   1.2275871e+00   5.1367437e-03   3.6507760e+01   1.9108591e-05  -1.4861373e-07  -1.0562244e-03  -8.1128355e+01
  9.8188390645816e+00   1.2276160e+00   6.6355130e-03   3.6507760e+01   1.9107798e-05  -1.7852328e-07  -9.8221270e-04  -8.1128355e+01
  9.8237143570666e+00   1.2276516e+00   7.8674559e-03   3.6507760e+01   1.9106832e-05  -2.1586005e-07  -1.0016665e-03  -8.1128355e+01
  9.8285896495515e+00   1.2276926e+00   8.9196498e-03   3.6507760e+01   1.9105716e-05  -2.3677566e-07  -9.6911304e-04  -8.1128355e+01
  9.8334649420364e+00   1.2277386e+00   9.8793655e-03   3.6507760e+01   1.9104580e-05  -2.2283313e-07  -8.2344747e-04  -8.1128355e+01
  9.8383402345213e+00   1.2277890e+00   1.0770656e-02   3.6507760e+01   1.9103621e-05  -1.6485605e-07  -5.5878910e-04  -8.1128355e+01
  9.8432155270062e+00   1.2278436e+00   1.1568628e-02   3.6507760e+01   1.9103048e-05  -6.8686311e-08  -2.1675720e-04  -8.1128355e+01
  9.8480908194911e+00   1.2279017e+00   1.2237930e-02   3.6507760e+01   1.9102990e-05   4.0848081e-08   1.2185655e-04  -8.1128355e+01
  9.8529661119761e+00   1.2279627e+00   1.2758152e-02   3.6507760e+01   1.9103436e-05   1.3404974e-07   3.8358656e-04  -8.1128355e+01
  9.8578414044610e+00   1.2280259e+00   1.3132572e-02   3.6507760e+01   1.9104254e-05   1.9366064e-07   5.3836493e-04  -8.1128355e+01
  9.8627166969459e+00   1.2280906e+00   1.3385224e-02   3.6507760e+01   1.9105275e-05   2.1905528e-07   5.9746610e-04  -8.1128355e+01
  9.8675919894308e+00   1.2281564e+00   1.3551485e-02   3.6507760e+01   1.9106350e-05   2.1835668e-07   5.8825385e-04  -8.1128355e+01
  9.8724672819157e+00   1.2282227e+00   1.3668349e-02   3.6507760e+01   1.9107372e-05   1.9865610e-07   5.3060464e-04  -8.1128355e+01
  9.8773425744007e+00   1.2282896e+00   1.3768102e-02   3.6507760e+01   1.9108255e-05   1.6228862e-07   4.3032759e-04  -8.1128355e+01
  9.8822178668856e+00   1.2283570e+00   1.3875737e-02   3.6507760e+01   1.9108919e-05   1.0921649e-07   2.8735408e-04  -8.1128355e+01
  9.8870931593705e+00   1.2284250e+00   1.4009169e-02   3.6507760e+01   1.9109285e-05   4.1039133e-08   1.0694759e-04  -8.1128355e+01
  9.8919684518554e+00   1.2284937e+00   1.4181019e-02   3.6507760e+01   1.9109291e-05  -3.7092929e-08  -9.5492413e-05  -8.1128355e+01
  9.8968437443403e+00   1.2285634e+00   1.4400479e-02   3.6507760e+01   1.9108907e-05  -1.1770862e-07  -2.9841217e-04  -8.1128355e+01
  9.9017190368253e+00   1.2286342e+00   1.4674073e-02   3.6507760e+01   1.9108138e-05  -1.9392754e-07  -4.8247408e-04  -8.1128355e+01
  9.9065943293102e+00   1.2287066e+00   1.5005281e-02   3.6507760e+01   1.9107018e-05  -2.6170188e-07  -6.3671911e-04  -8.1128355e+01
  9.9114696217951e+00   1.2287807e+00   1.5393992e-02   3.6507760e+01   1.9105591e-05  -3.2031797e-07  -7.5965295e-04  -8.1128355e+01
  9.9163449142800e+00   1.2288568e+00   1.5836807e-02   3.6507760e+01   1.9103898e-05  -3.7169062e-07  -8.5683889e-04  -8.1128355e+01
  9.9212202067649e+00   1.2289353e+00   1.6328320e-02   3.6507760e+01   1.9101965e-05  -4.1916537e-07  -9.3719309e-04  -8.1128355e+01
  9.9260954992498e+00   1.2290162e+00   1.6862690e-02   3.6507760e+01   1.9099804e-05  -4.6597414e-07  -1.0088350e-03  -8.1128355e+01
  9.9309707917348e+00   1.2290998e+00   1.7434755e-02   3.6507760e+01   1.9097413e-05  -5.1354201e-07  -1.0753388e-03  -8.1128355e+01
  9.9358460842197e+00   1.2291864e+00   1.8040401e-02   3.6507760e+01   1.9094790e-05  -5.6037332e-07  -1.1340089e-03  -8.1128355e+01
  9.9407213767046e+00   1.2292759e+00   1.8676279e-02   3.6507760e+01   1.9091950e-05  -6.0221075e-07  -1.1771813e-03  -8.1128355e+01
  9.9455966691895e+00   1.2293686e+00   1.9339050e-02   3.6507760e+01   1.9088930e-05  -6.3335343e-07  -1.1956283e-03  -8.1128355e+01
  9.9504719616744e+00   1.2294646e+00   2.0024368e-02   3.6507760e+01   1.9085797e-05  -6.4829665e-07  -1.1819529e-03  -8.1128355e+01
  9.9553472541593e+00   1.2295640e+00   2.0725883e-02   3.6507760e+01   1.9082641e-05  -6.4293804e-07  -1.1325080e-03  -8.1128355e+01
  9.9602225466443e+00   1.2296668e+00   2.1434601e-02   3.6507760e+01   1.9079567e-05  -6.1521789e-07  -1.0478491e-03  -8.1128355e+01
  9.9650978391292e+00   1.2297731e+00   2.2138790e-02   3.6507760e+01   1.9076684e-05  -5.6543556e-07  -9.3242611e-04  -8.1128355e+01
  9.9699731316141e+00   1.2298828e+00   2.2824448e-02   3.6507760e+01   1.9074095e-05  -4.9630737e-07  -7.9384484e-04  -8.1128355e+01
  9.9748484240990e+00   1.2299957e+00   2.3476287e-02   3.6507760e+01   1.9071881e-05  -4.1253562e-07  -6.4153040e-04  -8.1128355e+01
  9.9797237165839e+00   1.2301117e+00   2.4079128e-02   3.6507760e+01   1.9070101e-05  -3.1973478e-07  -4.8476841e-04  -8.1128355e+01
  9.9845990090689e+00   1.2302305e+00   2.4619627e-02   3.6507760e+01   1.9068785e-05  -2.2297754e-07  -3.3064719e-04  -8.1128355e+01
  9.9894743015538e+00   1.2303517e+00   2.5088081e-02   3.6507760e+01   1.9067944e-05  -1.2557149e-07  -1.8272956e-04  -8.1128355e+01
  9.9943495940387e+00   1.2304751e+00   2.5479939e-02   3.6507760e+01   1.9067576e-05  -2.8663441e-08  -4.1069094e-05  -8.1128355e+01
  9.9992248865236e+00   1.2306001e+00   2.5796592e-02   3.6507760e+01   1.9067680e-05   6.8081733e-08   9.6350384e-05  -8.1128355e+01
  1.0004100179008e+01   1.2307265e+00   2.6045106e-02   3.6507760e+01   1.9068256e-05   1.6498703e-07   2.3126444e-04  -8.1128355e+01
  1.0008975471493e+01   1.2308540e+00   2.6236801e-02   3.6507760e+01   1.9069303e-05   2.6076509e-07   3.6284717e-04  -8.1128355e+01
  1.0013850763978e+01   1.2309823e+00   2.6384895e-02   3.6507760e+01   1.9070806e-05   3.5166836e-07   4.8658993e-04  -8.1128355e+01
  1.0018726056463e+01   1.2311112e+00   2.6501797e-02   3.6507760e+01   1.9072728e-05   4.3188927e-07   5.9495247e-04  -8.1128355e+01
  1.0023601348948e+01   1.2312407e+00   2.6596883e-02   3.6507760e+01   1.9075001e-05   4.9501574e-07   6.7947497e-04  -8.1128355e+01
  1.0028476641433e+01   1.2313706e+00   2.6675488e-02   3.6507760e+01   1.9077527e-05   5.3577423e-07   7.3325434e-04  -8.1128355e+01
  1.0033351933918e+01   1.2315008e+00   2.6739468e-02   3.6507760e+01   1.9080188e-05   5.5121057e-07   7.5257530e-04  -8.1128355e+01
  1.0038227226403e+01   1.2316313e+00   2.6789035e-02   3.6507760e+01   1.9082860e-05   5.4083055e-07   7.3703706e-04  -8.1128355e+01
  1.0043102518888e+01   1.2317620e+00   2.6825104e-02   3.6507760e+01   1.9085418e-05   5.0575065e-07   6.8830388e-04  -8.1128355e+01
  1.0047977811373e+01   1.2318928e+00   2.6851232e-02   3.6507760e+01   1.9087746e-05   4.4735579e-07   6.0823867e-04  -8.1128355e+01
  1.0052853103858e+01   1.2320238e+00   2.6874481e-02   3.6507760e+01   1.9089731e-05   3.6619531e-07   4.9745966e-04  -8.1128355e+01
  1.0057728396343e+01   1.2321549e+00   2.6905025e-02   3.6507760e+01   1.9091263e-05   2.6175292e-07   3.5517576e-04  -8.1128355e+01
  1.0062603688828e+01   1.2322862e+00   2.6954853e-02   3.6507760e+01   1.9092226e-05   1.3326943e-07   1.8050064e-04  -8.1128355e+01
  1.0067478981312e+01   1.2324178e+00   2.7036196e-02   3.6507760e+01   1.9092501e-05  -1.8812816e-08  -2.5403491e-05  -8.1128355e+01
  1.0072354273797e+01   1.2325499e+00   2.7160285e-02   3.6507760e+01   1.9091982e-05  -1.9160165e-07  -2.5754321e-04  -8.1128355e+01
  1.0077229566282e+01   1.2326827e+00   2.7336716e-02   3.6507760e+01   1.9090579e-05  -3.7944638e-07  -5.0674476e-04  -8.1128355e+01
  1.0082104858767e+01   1.2328165e+00   2.7573344e-02   3.6507760e+01   1.9088239e-05  -5.7483620e-07  -7.6109672e-04  -8.1128355e+01
  1.0086980151252e+01   1.2329517e+00   2.7876441e-02   3.6507760e+01   1.9084943e-05  -7.7015981e-07  -1.0086226e-03  -8.1128355e+01
  1.0091855443737e+01   1.2330885e+00   2.8250807e-02   3.6507760e+01   1.9080708e-05  -9.5951409e-07  -1.2399543e-03  -8.1128355e+01
  1.0096730736222e+01   1.2332274e+00   2.8699731e-02   3.6507760e+01   1.9075572e-05  -1.1396461e-06  -1.4496974e-03  -8.1128355e+01
  1.0101606028707e+01   1.2333686e+00   2.9224866e-02   3.6507760e+01   1.9069584e-05  -1.3094595e-06  -1.6357794e-03  -8.1128355e+01
  1.0106481321192e+01   1.2335125e+00   2.9826147e-02   3.6507760e+01   1.9062795e-05  -1.4681969e-06  -1.7971004e-03  -8.1128355e+01
  1.0111356613677e+01   1.2336596e+00   3.0501883e-02   3.6507760e+01   1.9055266e-05  -1.6130987e-06  -1.9307209e-03  -8.1128355e+01
  1.0116231906162e+01   1.2338102e+00   3.1249006e-02   3.6507760e+01   1.9047078e-05  -1.7376680e-06  -2.0300922e-03  -8.1128355e+01
  1.0121107198647e+01   1.2339646e+00   3.2063391e-02   3.6507760e+01   1.9038355e-05  -1.8314363e-06  -2.0852952e-03  -8.1128355e+01
  1.0125982491132e+01   1.2341231e+00   3.2940080e-02   3.6507760e+01   1.9029279e-05  -1.8814563e-06  -2.0852334e-03  -8.1128355e+01
  1.0130857783616e+01   1.2342860e+00   3.3873383e-02   3.6507760e+01   1.9020098e-05  -1.8749896e-06  -2.0208099e-03  -8.1128355e+01
  1.0135733076101e+01   1.2344536e+00   3.4856895e-02   3.6507760e+01   1.9011111e-05  -1.8023997e-06  -1.8877635e-03  -8.1128355e+01
  1.0140608368586e+01   1.2346261e+00   3.5883618e-02   3.6507760e+01   1.9002656e-05  -1.6592945e-06  -1.6881555e-03  -8.1128355e+01
  1.0145483661071e+01   1.2348037e+00   3.6946304e-02   3.6507760e+01   1.8995073e-05  -1.4473975e-06  -1.4302173e-03  -8.1128355e+01
  1.0150358953556e+01   1.2349866e+00   3.8038053e-02   3.6507760e+01   1.8988682e-05  -1.1741901e-06  -1.1269517e-03  -8.1128355e+01
  1.0155234246041e+01   1.2351748e+00   3.9152973e-02   3.6507760e+01   1.8983753e-05  -8.5173195e-07  -7.9418810e-04  -8.1128355e+01
  1.0160109538526e+01   1.2353685e+00   4.0286596e-02   3.6507760e+01   1.8980488e-05  -4.9510100e-07  -4.4866109e-04  -8.1128355e+01
  1.0164984831011e+01   1.2355678e+00   4.1435756e-02   3.6507760e+01   1.8979014e-05  -1.2070095e-07  -1.0634586e-04  -8.1128355e+01
  1.0169860123496e+01   1.2357728e+00   4.2597828e-02   3.6507760e+01   1.8979375e-05   2.5546600e-07   2.1894288e-04  -8.1128355e+01
  1.0174735415981e+01   1.2359834e+00   4.3769485e-02   3.6507760e+01   1.8981545e-05   6.1940234e-07   5.1663829e-04  -8.1128355e+01
  1.0179610708466e+01   1.2361997e+00   4.4945425e-02   3.6507760e+01   1.8985434e-05   9.6022017e-07   7.7995674e-04  -8.1128355e+01
  1.0184486000950e+01   1.2364218e+00   4.6117601e-02   3.6507760e+01   1.8990910e-05   1.2702646e-06   1.0055709e-03  -8.1128355e+01
  1.0189361293435e+01   1.2366496e+00   4.7275441e-02   3.6507760e+01   1.8997808e-05   1.5439990e-06   1.1923304e-03  -8.1128355e+01
  1.0194236585920e+01   1.2368829e+00   4.8407201e-02   3.6507760e+01   1.9005938e-05   1.7759527e-06   1.3393886e-03  -8.1128355e+01
  1.0199111878405e+01   1.2371217e+00   4.9502184e-02   3.6507760e+01   1.9015079e-05   1.9586364e-06   1.4444904e-03  -8.1128355e+01
  1.0203987170890e+01   1.2373657e+00   5.0553240e-02   3.6507760e+01   1.9024964e-05   2.0815537e-06   1.5032244e-03  -8.1128355e+01
  1.0208862463375e+01   1.2376147e+00   5.1558851e-02   3.6507760e+01   1.9035271e-05   2.1320022e-06   1.5096268e-03  -8.1128355e+01
  1.0213737755860e+01   1.2378685e+00   5.2524352e-02   3.6507760e+01   1.9045615e-05   2.0974359e-06   1.4578511e-03  -8.1128355e+01
  1.0218613048345e+01   1.2381270e+00   5.3462199e-02   3.6507760e+01   1.9055555e-05   1.9683284e-06   1.3441134e-03  -8.1128355e+01
  1.0223488340830e+01   1.2383900e+00   5.4391598e-02   3.6507760e+01   1.9064617e-05   1.7403153e-06   1.1681034e-03  -8.1128355e+01
  1.0228363633315e+01   1.2386575e+00   5.5337902e-02   3.6507760e+01   1.9072321e-05   1.4149645e-06   9.3348648e-04  -8.1128355e+01
  1.0233238925800e+01   1.2389298e+00   5.6332006e-02   3.6507760e+01   1.9078207e-05   9.9931423e-07   6.4763758e-04  -8.1128355e+01
  1.0238114218285e+01   1.2392071e+00   5.7409678e-02   3.6507760e+01   1.9081862e-05   5.0476201e-07   3.2098648e-04  -8.1128355e+01
  1.0242989510769e+01   1.2394899e+00   5.8610581e-02   3.6507760e+01   1.9082938e-05  -5.4140860e-08  -3.3723630e-05  -8.1128355e+01
  1.0247864803254e+01   1.2397790e+00   5.9976830e-02   3.6507760e+01   1.9081162e-05  -6.6066633e-07  -4.0214609e-04  -8.1128355e+01
  1.0252740095739e+01   1.2400753e+00   6.1551202e-02   3.6507760e+01   1.9076348e-05  -1.2965202e-06  -7.6900279e-04  -8.1128355e+01
  1.0257615388224e+01   1.2403799e+00   6.3375292e-02   3.6507760e+01   1.9068400e-05  -1.9420916e-06  -1.1187548e-03  -8.1128355e+01
  1.0262490680709e+01   1.2406941e+00   6.5487791e-02   3.6507760e+01   1.9057325e-05  -2.5765205e-06  -1.4363439e-03  -8.1128355e+01
  1.0267365973194e+01   1.2410193e+00   6.7922781e-02   3.6507760e+01   1.9043231e-05  -3.1778580e-06  -1.7080643e-03  -8.1128355e+01
  1.0272241265679e+01   1.2413573e+00   7.0707763e-02   3.6507760e+01   1.9026336e-05  -3.7234691e-06  -1.9224978e-03  -8.1128355e+01
  1.0277116558164e+01   1.2417098e+00   7.3861256e-02   3.6507760e+01   1.9006970e-05  -4.1905402e-06  -2.0712785e-03  -8.1128355e+01
  1.0281991850649e+01   1.2420787e+00   7.7390184e-02   3.6507760e+01   1.8985573e-05  -4.5564083e-06  -2.1494232e-03  -8.1128355e+01
  1.0286867143134e+01   1.2424656e+00   8.1287565e-02   3.6507760e+01   1.8962695e-05  -4.7985440e-06  -2.1551155e-03  -8.1128355e+01
  1.0291742435619e+01   1.2428725e+00   8.5530957e-02   3.6507760e+01   1.8938995e-05  -4.8942080e-06  -2.0890280e-03  -8.1128355e+01
  1.0296617728104e+01   1.2433008e+00   9.0081851e-02   3.6507760e+01   1.8915248e-05  -4.8198743e-06  -1.9533659e-03  -8.1128355e+01
  1.0301493020589e+01   1.2437520e+00   9.4885837e-02   3.6507760e+01   1.8892343e-05  -4.5506306e-06  -1.7508759e-03  -8.1128355e+01
  1.0306368313074e+01   1.2442271e+00   9.9873295e-02   3.6507760e+01   1.8871298e-05  -4.0601572e-06  -1.4841529e-03  -8.1128355e+01
  1.0311243605558e+01   1.2447268e+00   1.0496050e-01   3.6507760e+01   1.8853257e-05  -3.3222737e-06  -1.1555659e-03  -8.1128355e+01
  1.0316118898043e+01   1.2452514e+00   1.1005117e-01   3.6507760e+01   1.8839485e-05  -2.3147381e-06  -7.6787825e-04  -8.1128355e+01
  1.0320994190528e+01   1.2458005e+00   1.1503867e-01   3.6507760e+01   1.8831333e-05  -1.0248629e-06  -3.2524235e-04  -8.1128355e+01
  1.0325869483013e+01   1.2463735e+00   1.1980854e-01   3.6507760e+01   1.8830180e-05   5.4453760e-07   1.6593015e-04  -8.1128355e+01
  1.0330744775498e+01   1.2469689e+00   1.2424124e-01   3.6507760e+01   1.8837337e-05   2.3702118e-06   6.9647667e-04  -8.1128355e+01
  1.0335620067983e+01   1.2475849e+00   1.2821468e-01   3.6507760e+01   1.8853945e-05   4.4047188e-06   1.2541966e-03  -8.1128355e+01
  1.0340495360468e+01   1.2482188e+00   1.3160642e-01   3.6507760e+01   1.8880847e-05   6.5733553e-06   1.8234557e-03  -8.1128355e+01
  1.0345370652953e+01   1.2488675e+00   1.3429607e-01   3.6507760e+01   1.8918445e-05   8.7721713e-06   2.3846738e-03  -8.1128355e+01
  1.0350245945438e+01   1.2495273e+00   1.3616870e-01   3.6507760e+01   1.8966565e-05   1.0869056e-05   2.9140682e-03  -8.1128355e+01
  1.0355121237923e+01   1.2501939e+00   1.3711964e-01   3.6507760e+01   1.9024329e-05   1.2710100e-05   3.3840321e-03  -8.1128355e+01
  1.0359996530408e+01   1.2508627e+00   1.3706043e-01   3.6507760e+01   1.9090079e-05   1.4131800e-05   3.7641816e-03  -8.1128355e+01
  1.0364871822892e+01   1.2515285e+00   1.3592498e-01   3.6507760e+01   1.9161369e-05   1.4977922e-05   4.0228838e-03  -8.1128355e+01
  1.0369747115377e+01   1.2521860e+00   1.3367448e-01   3.6507760e+01   1.9235054e-05   1.5119475e-05   4.1292709e-03  -8.1128355e+01
  1.0374622407862e+01   1.2528296e+00   1.3030071e-01   3.6507760e+01   1.9307473e-05   1.4476502e-05   4.0560382e-03  -8.1128355e+01
  1.0379497700347e+01   1.2534540e+00   1.2582765e-01   3.6507760e+01   1.9374743e-05   1.3039049e-05   3.7831628e-03  -8.1128355e+01
  1.0384372992832e+01   1.2540540e+00   1.2031196e-01   3.6507760e+01   1.9433144e-05   1.0881845e-05   3.3020139e-03  -8.1128355e+01
  1.0389248285317e+01   1.2546246e+00   1.1384268e-01   3.6507760e+01   1.9479539e-05   8.1658960e-06   2.6186889e-03  -8.1128355e+01
  1.0394123577802e+01   1.2551616e+00   1.0653980e-01   3.6507760e+01   1.9511764e-05   5.1227452e-06   1.7553999e-03  -8.1128355e+01
  1.0398998870287e+01   1.2556611e+00   9.8551454e-02   3.6507760e+01   1.9528897e-05   2.0228802e-06   7.4936313e-04  -8.1128355e+01
  1.0403874162772e+01   1.2561203e+00   9.0049533e-02   3.6507760e+01   1.9531349e-05  -8.6471703e-07  -3.5057241e-04  -8.1128355e+01
  1.0408749455257e+01   1.2565372e+00   8.1223595e-02   3.6507760e+01   1.9520752e-05  -3.3123214e-06  -1.4887969e-03  -8.1128355e+01
  1.0413624747742e+01   1.2569106e+00   7.2273535e-02   3.6507760e+01   1.9499677e-05  -5.1636459e-06  -2.6083288e-03  -8.1128355e+01
  1.0418500040227e+01   1.2572406e+00   6.3401397e-02   3.6507760e+01   1.9471245e-05  -6.3487039e-06  -3.6557074e-03  -8.1128355e+01
  1.0423375332711e+01   1.2575279e+00   5.4802918e-02   3.6507759e+01   1.9438697e-05  -6.8820374e-06  -4.5845692e-03  -8.1128355e+01
  1.0428250625196e+01   1.2577743e+00   4.6659340e-02   3.6507759e+01   1.9405026e-05  -6.8473475e-06  -5.3575836e-03  -8.1128355e+01
  1.0433125917681e+01   1.2579826e+00   3.9129951e-02   3.6507759e+01   1.9372687e-05  -6.3741815e-06  -5.9470323e-03  -8.1128355e+01
  1.0438001210166e+01   1.2581559e+00   3.2345696e-02   3.6507759e+01   1.9343443e-05  -5.6125062e-06  -6.3346921e-03  -8.1128355e+01
  1.0442876502651e+01   1.2582983e+00   2.6404254e-02   3.6507759e+01   1.9318326e-05  -4.7095214e-06  -6.5116050e-03  -8.1128355e+01
  1.0447751795136e+01   1.2584140e+00   2.1367036e-02   3.6507759e+01   1.9297694e-05  -3.7913761e-06  -6.4779525e-03  -8.1128355e+01
  1.0452627087621e+01   1.2585074e+00   1.7258511e-02   3.6507759e+01   1.9281372e-05  -2.9512453e-06  -6.2429111e-03  -8.1128355e+01
  1.0457502380106e+01   1.2585831e+00   1.4067983e-02   3.6507759e+01   1.9268824e-05  -2.2443148e-06  -5.8242113e-03  -8.1128355e+01
  1.0462377672591e+01   1.2586455e+00   1.1753424e-02   3.6507759e+01   1.9259342e-05  -1.6892761e-06  -5.2471249e-03  -8.1128355e+01
  1.0467252965076e+01   1.2586987e+00   1.0246601e-02   3.6507759e+01   1.9252202e-05  -1.2750118e-06  -4.5427576e-03  -8.1128355e+01
  1.0472128257561e+01   1.2587464e+00   9.4586160e-03   3.6507760e+01   1.9246789e-05  -9.7047741e-07  -3.7457865e-03  -8.1128355e+01
  1.0477003550046e+01   1.2587919e+00   9.2853366e-03   3.6507760e+01   1.9242670e-05  -7.3555313e-07  -2.8920219e-03  -8.1128355e+01
  1.0481878842531e+01   1.2588378e+00   9.6126036e-03   3.6507760e+01   1.9239604e-05  -5.3088384e-07  -2.0162466e-03  -8.1128355e+01
  1.0486754135015e+01   1.2588863e+00   1.0321414e-02   3.6507760e+01   1.9237529e-05  -3.2531257e-07  -1.1506595e-03  -8.1128355e+01
  1.0491629427500e+01   1.2589390e+00   1.1293232e-02   3.6507760e+01   1.9236500e-05  -1.0022818e-07  -3.2400877e-04  -8.1128355e+01
  1.0496504719985e+01   1.2589969e+00   1.2415310e-02   3.6507760e+01   1.9236630e-05   1.4919874e-07   4.3872541e-04  -8.1128355e+01
  1.0501380012470e+01   1.2590603e+00   1.3585571e-02   3.6507760e+01   1.9238024e-05   4.1541683e-07   1.1163269e-03  -8.1128355e+01
  1.0506255304955e+01   1.2591294e+00   1.4716513e-02   3.6507760e+01   1.9240725e-05   6.8174511e-07   1.6912285e-03  -8.1128355e+01
  1.0511130597440e+01   1.2592038e+00   1.5737693e-02   3.6507760e+01   1.9244678e-05   9.2659377e-07   2.1494804e-03  -8.1128355e+01
  1.0516005889925e+01   1.2592828e+00   1.6596718e-02   3.6507760e+01   1.9249725e-05   1.1278740e-06   2.4809818e-03  -8.1128355e+01
  1.0520881182410e+01   1.2593654e+00   1.7258989e-02   3.6507760e+01   1.9255602e-05   1.2669896e-06   2.6800500e-03  -8.1128355e+01
  1.0525756474895e+01   1.2594508e+00   1.7706701e-02   3.6507760e+01   1.9261974e-05   1.3319530e-06   2.7462270e-03  -8.1128355e+01
  1.0530631767380e+01   1.2595378e+00   1.7937504e-02   3.6507760e+01   1.9268467e-05   1.3192932e-06   2.6851250e-03  -8.1128355e+01
  1.0535507059865e+01   1.2596254e+00   1.7962993e-02   3.6507760e+01   1.9274712e-05   1.2345547e-06   2.5090935e-03  -8.1128355e+01
  1.0540382352349e+01   1.2597126e+00   1.7806872e-02   3.6507760e+01   1.9280391e-05   1.0913779e-06   2.2375497e-03  -8.1128355e+01
  1.0545257644834e+01   1.2597987e+00   1.7502482e-02   3.6507760e+01   1.9285264e-05   9.0927918e-07   1.8966308e-03  -8.1128355e+01
  1.0550132937319e+01   1.2598831e+00   1.7089501e-02   3.6507760e+01   1.9289199e-05   7.1055560e-07   1.5179374e-03  -8.1128355e+01
  1.0555008229804e+01   1.2599652e+00   1.6609849e-02   3.6507760e+01   1.9292169e-05   5.1711842e-07   1.1366049e-03  -8.1128355e+01
  1.0559883522289e+01   1.2600449e+00   1.6102802e-02   3.6507760e+01   1.9294248e-05   3.4613211e-07   7.8473972e-04  -8.1128355e+01
  1.0564758814774e+01   1.2601221e+00   1.5601185e-02   3.6507760e+01   1.9295574e-05   2.0922228e-07   4.8959338e-04  -8.1128355e+01
  1.0569634107259e+01   1.2601970e+00   1.5137017e-02   3.6507760e+01   1.9296350e-05   1.2065851e-07   2.9100661e-04  -8.1128355e+01
  1.0574509399744e+01   1.2602697e+00   1.4724925e-02   3.6507760e+01   1.9296821e-05   8.0656885e-08   1.9997400e-04  -8.1128355e+01
  1.0579384692229e+01   1.2603405e+00   1.4320939e-02   3.6507760e+01   1.9297179e-05   7.0047084e-08   1.7856804e-04  -8.1128355e+01
  1.0584259984714e+01   1.2604092e+00   1.3853176e-02   3.6507760e+01   1.9297527e-05   7.4664577e-08   1.9676618e-04  -8.1128355e+01
  1.0589135277199e+01   1.2604754e+00   1.3299299e-02   3.6507760e+01   1.9297932e-05   9.2911888e-08   2.5505141e-04  -8.1128355e+01
  1.0594010569684e+01   1.2605387e+00   1.2699155e-02   3.6507760e+01   1.9298449e-05   1.1836872e-07   3.4028852e-04  -8.1128355e+01
  1.0598885862169e+01   1.2605991e+00   1.2101014e-02   3.6507760e+01   1.9299072e-05   1.3311329e-07   4.0159178e-04  -8.1128355e+01
  1.0603761154653e+01   1.2606566e+00   1.1507366e-02   3.6507760e+01   1.9299694e-05   1.1602838e-07   3.6810650e-04  -8.1128355e+01
  1.0608636447138e+01   1.2607111e+00   1.0854718e-02   3.6507760e+01   1.9300126e-05   5.5830258e-08   1.8777436e-04  -8.1128355e+01
  1.0613511739623e+01   1.2607620e+00   1.0024383e-02   3.6507760e+01   1.9300158e-05  -4.5599302e-08  -1.6606791e-04  -8.1128355e+01
  1.0618387032108e+01   1.2608082e+00   8.8780995e-03   3.6507760e+01   1.9299628e-05  -1.6801999e-07  -6.9091739e-04  -8.1128355e+01
  1.0623262324593e+01   1.2608477e+00   7.2908389e-03   3.6507760e+01   1.9298532e-05  -2.7102436e-07  -1.3571130e-03  -8.1128355e+01
  1.0628137617078e+01   1.2608782e+00   5.2031748e-03   3.6507760e+01   1.9297085e-05  -3.0538719e-07  -2.1427306e-03  -8.1128355e+01
  1.0633012909563e+01   1.2608974e+00   2.7281970e-03   3.6507760e+01   1.9295753e-05  -2.2224921e-07  -2.9740597e-03  -8.1128355e+01
  1.0637888202048e+01   1.2609041e+00   8.7486342e-05   3.6507760e+01   1.9295155e-05  -9.1361365e-09  -3.8124793e-03  -8.1128355e+01
  1.0642763494533e+01   1.2609041e+00   0.0000000e+00   3.6492791e+01   1.9295155e-05   0.0000000e+00  -4.4520628e-03  -8.1128355e+01
  1.0647638787018e+01   1.2609041e+00   0.0000000e+00   3.6476722e+01   1.9295155e-05   0.0000000e+00  -4.6573697e-03  -8.1128355e+01
  1.0652514079503e+01   1.2609041e+00   0.0000000e+00   3.6459311e+01   1.9295155e-05   0.0000000e+00  -4.4874204e-03  -8.1128355e+01
  1.0657389371988e+01   1.2609041e+00   0.0000000e+00   3.6439594e+01   1.9295155e-05   0.0000000e+00  -4.1182459e-03  -8.1128355e+01
  1.0662264664473e+01   1.2609041e+00   0.0000000e+00   3.6417832e+01   1.9295155e-05   0.0000000e+00  -3.6787633e-03  -8.1128355e+01
  1.0667139956957e+01   1.2609041e+00   0.0000000e+00   3.6395126e+01   1.9295155e-05   0.0000000e+00  -3.2252864e-03  -8.1128355e+01
  1.0672015249442e+01   1.2609041e+00   0.0000000e+00   3.6372641e+01   1.9295155e-05   0.0000000e+00  -2.7824240e-03  -8.1128355e+01
  1.0676890541927e+01   1.2609041e+00   0.0000000e+00   3.6351224e+01   1.9295155e-05   0.0000000e+00  -2.3826106e-03  -8.1128355e+01
  1.0681765834412e+01   1.2609041e+00   0.0000000e+00   3.6331408e+01   1.9295155e-05   0.0000000e+00  -2.0703755e-03  -8.1128355e+01
  1.0686641126897e+01   1.2609041e+00   0.0000000e+00   3.6313531e+01   1.9295155e-05   0.0000000e+00  -1.8852943e-03  -8.1128355e+01
  1.0691516419382e+01   1.2609041e+00   0.0000000e+00   3.6297794e+01   1.9295155e-05   0.0000000e+00  -1.8510177e-03  -8.1128355e+01
  1.0696391711867e+01   1.2609041e+00   0.0000000e+00   3.6284253e+01   1.9295155e-05   0.0000000e+00  -1.9584465e-03  -8.1128355e+01
  1.0701267004352e+01   1.2609041e+00   0.0000000e+00   3.6272820e+01   1.9295155e-05   0.0000000e+00  -2.1684714e-03  -8.1128355e+01
  1.0706142296837e+01   1.2609041e+00   0.0000000e+00   3.6263275e+01   1.9295155e-05   0.0000000e+00  -2.4349622e-03  -8.1128355e+01
  1.0711017589322e+01   1.2609041e+00   0.0000000e+00   3.6255326e+01   1.9295155e-05   0.0000000e+00  -2.7066100e-03  -8.1128355e+01
  1.0715892881807e+01   1.2609041e+00   0.0000000e+00   3.6248658e+01   1.9295155e-05   0.0000000e+00  -2.9489690e-03  -8.1128355e+01
  1.0720768174291e+01   1.2609041e+00   0.0000000e+00   3.6242963e+01   1.9295155e-05   0.0000000e+00  -3.1573061e-03  -8.1128355e+01
  1.0725643466776e+01   1.2609041e+00   0.0000000e+00   3.6237967e+01   1.9295155e-05   0.0000000e+00  -3.3393851e-03  -8.1128355e+01
  1.0730518759261e+01   1.2609041e+00   0.0000000e+00   3.6233456e+01   1.9295155e-05   0.0000000e+00  -3.4969896e-03  -8.1128355e+01
  1.0735394051746e+01   1.2609041e+00   0.0000000e+00   3.6229271e+01   1.9295155e-05   0.0000000e+00  -3.6237454e-03  -8.1128355e+01
  1.0740269344231e+01   1.2609041e+00   0.0000000e+00   3.6225292e+01   1.9295155e-05   0.0000000e+00  -3.7107563e-03  -8.1128355e+01
  1.0745144636716e+01   1.2609041e+00   0.0000000e+00   3.6221435e+01   1.9295155e-05   0.0000000e+00  -3.7505047e-03  -8.1128355e+01
  1.0750019929201e+01   1.2609041e+00   0.0000000e+00   3.6217645e+01   1.9295155e-05   0.0000000e+00  -3.7397040e-03  -8.1128355e+01
  1.0754895221686e+01   1.2609041e+00   0.0000000e+00   3.6213902e+01   1.9295155e-05   0.0000000e+00  -3.6822090e-03  -8.1128355e+01
  1.0759770514171e+01   1.2609041e+00   0.0000000e+00   3.6210209e+01   1.9295155e-05   0.0000000e+00  -3.5892473e-03  -8.1128355e+01
  1.0764645806656e+01   1.2609041e+00   0.0000000e+00   3.6206584e+01   1.9295155e-05   0.0000000e+00  -3.4756826e-03  -8.1128355e+01
  1.0769521099141e+01   1.2609041e+00   0.0000000e+00   3.6203046e+01   1.9295155e-05   0.0000000e+00  -3.3556512e-03  -8.1128355e+01
  1.0774396391626e+01   1.2609041e+00   0.0000000e+00   3.6199602e+01   1.9295155e-05   0.0000000e+00  -3.2413898e-03  -8.1128355e+01
  1.0779271684110e+01   1.2609041e+00   0.0000000e+00   3.6196248e+01   1.9295155e-05   0.0000000e+00  -3.1435784e-03  -8.1128355e+01
  1.0784146976595e+01   1.2609041e+00   0.0000000e+00   3.6192972e+01   1.9295155e-05   0.0000000e+00  -3.0703887e-03  -8.1128355e+01
  1.0789022269080e+01   1.2609041e+00   0.0000000e+00   3.6189764e+01   1.9295155e-05   0.0000000e+00  -3.0257837e-03  -8.1128355e+01
  1.0793897561565e+01   1.2609041e+00   0.0000000e+00   3.6186624e+01   1.9295155e-05   0.0000000e+00  -3.0105224e-03  -8.1128355e+01
  1.0798772854050e+01   1.2609041e+00   0.0000000e+00   3.6183558e+01   1.9295155e-05   0.0000000e+00  -3.0244016e-03  -8.1128355e+01
  1.0803648146535e+01   1.2609041e+00   0.0000000e+00   3.6180569e+01   1.9295155e-05   0.0000000e+00  -3.0658610e-03  -8.1128355e+01
  1.0808523439020e+01   1.2609041e+00   0.0000000e+00   3.6177650e+01   1.9295155e-05   0.0000000e+00  -3.1297985e-03  -8.1128355e+01
  1.0813398731505e+01   1.2609041e+00   0.0000000e+00   3.6174794e+01   1.9295155e-05   0.0000000e+00  -3.2065828e-03  -8.1128355e+01
  1.0818274023990e+01   1.2609041e+00   0.0000000e+00   3.6171989e+01   1.9295155e-05   0.0000000e+00  -3.2854926e-03  -8.1128355e+01
  1.0823149316475e+01   1.2609041e+00   0.0000000e+00   3.6169218e+01   1.9295155e-05   0.0000000e+00  -3.3607222e-03  -8.1128355e+01
  1.0828024608960e+01   1.2609041e+00   0.0000000e+00   3.6166457e+01   1.9295155e-05   0.0000000e+00  -3.4306744e-03  -8.1128355e+01
  1.0832899901445e+01   1.2609041e+00   0.0000000e+00   3.6163686e+01   1.9295155e-05   0.0000000e+00  -3.4931315e-03  -8.1128355e+01
  1.0837775193930e+01   1.2609041e+00   0.0000000e+00   3.6160894e+01   1.9295155e-05   0.0000000e+00  -3.5431386e-03  -8.1128355e+01
  1.0842650486415e+01   1.2609041e+00   0.0000000e+00   3.6158086e+01   1.9295155e-05   0.0000000e+00  -3.5739324e-03  -8.1128355e+01
  1.0847525778899e+01   1.2609041e+00   0.0000000e+00   3.6155277e+01   1.9295155e-05   0.0000000e+00  -3.5801936e-03  -8.1128355e+01
  1.0852401071384e+01   1.2609041e+00   0.0000000e+00   3.6152482e+01   1.9295155e-05   0.0000000e+00  -3.5615029e-03  -8.1128355e+01
  1.0857276363869e+01   1.2609041e+00   0.0000000e+00   3.6149715e+01   1.9295155e-05   0.0000000e+00  -3.5243762e-03  -8.1128355e+01
  1.0862151656354e+01   1.2609041e+00   0.0000000e+00   3.6146978e+01   1.9295155e-05   0.0000000e+00  -3.4812625e-03  -8.1128355e+01
  1.0867026948839e+01   1.2609041e+00   0.0000000e+00   3.6144272e+01   1.9295155e-05   0.0000000e+00  -3.4461240e-03  -8.1128355e+01
  1.0871902241324e+01   1.2609041e+00   0.0000000e+00   3.6141596e+01   1.9295155e-05   0.0000000e+00  -3.4303074e-03  -8.1128355e+01
  1.0876777533809e+01   1.2609041e+00   0.0000000e+00   3.6138951e+01   1.9295155e-05   0.0000000e+00  -3.4408403e-03  -8.1128355e+01
  1.0881652826294e+01   1.2609041e+00   0.0000000e+00   3.6136341e+01   1.9295155e-05   0.0000000e+00  -3.4805847e-03  -8.1128355e+01
  1.0886528118779e+01   1.2609041e+00   0.0000000e+00   3.6133771e+01   1.9295155e-05   0.0000000e+00  -3.5488660e-03  -8.1128355e+01
  1.0891403411264e+01   1.2609041e+00   0.0000000e+00   3.6131255e+01   1.9295155e-05   0.0000000e+00  -3.6414497e-03  -8.1128355e+01
  1.0896278703749e+01   1.2609041e+00   0.0000000e+00   3.6128818e+01   1.9295155e-05   0.0000000e+00  -3.7510019e-03  -8.1128355e+01
  1.0901153996234e+01   1.2609041e+00   0.0000000e+00   3.6126496e+01   1.9295155e-05   0.0000000e+00  -3.8694014e-03  -8.1128355e+01
  1.0906029288718e+01   1.2609041e+00   0.0000000e+00   3.6124326e+01   1.9295155e-05   0.0000000e+00  -3.9904233e-03  -8.1128355e+01
  1.0910904581203e+01   1.2609041e+00   0.0000000e+00   3.6122341e+01   1.9295155e-05   0.0000000e+00  -4.1103417e-03  -8.1128355e+01
  1.0915779873688e+01   1.2609041e+00   0.0000000e+00   3.6120561e+01   1.9295155e-05   0.0000000e+00  -4.2272475e-03  -8.1128355e+01
  1.0920655166173e+01   1.2609041e+00   0.0000000e+00   3.6118995e+01   1.9295155e-05   0.0000000e+00  -4.3412706e-03  -8.1128355e+01
  1.0925530458658e+01   1.2609041e+00   0.0000000e+00   3.6117637e+01   1.9295155e-05   0.0000000e+00  -4.4540092e-03  -8.1128355e+01
  1.0930405751143e+01   1.2609041e+00   0.0000000e+00   3.6116468e+01   1.9295155e-05   0.0000000e+00  -4.5644238e-03  -8.1128355e+01
  1.0935281043628e+01   1.2609041e+00   0.0000000e+00   3.6115464e+01   1.9295155e-05   0.0000000e+00  -4.6637681e-03  -8.1128355e+01
  1.0940156336113e+01   1.2609041e+00   0.0000000e+00   3.6114598e+01   1.9295155e-05   0.0000000e+00  -4.7350453e-03  -8.1128355e+01
  1.0945031628598e+01   1.2609041e+00   0.0000000e+00   3.6113846e+01   1.9295155e-05   0.0000000e+00  -4.7582163e-03  -8.1128355e+01
  1.0949906921083e+01   1.2609041e+00   0.0000000e+00   3.6113197e+01   1.9295155e-05   0.0000000e+00  -4.7172180e-03  -8.1128355e+01
  1.0954782213568e+01   1.2609041e+00   0.0000000e+00   3.6112647e+01   1.9295155e-05   0.0000000e+00  -4.6046649e-03  -8.1128355e+01
  1.0959657506052e+01   1.2609041e+00   0.0000000e+00   3.6112203e+01   1.9295155e-05   0.0000000e+00  -4.4230894e-03  -8.1128355e+01
  1.0964532798537e+01   1.2609041e+00   0.0000000e+00   3.6111867e+01   1.9295155e-05   0.0000000e+00  -4.1837311e-03  -8.1128355e+01
  1.0969408091022e+01   1.2609041e+00   0.0000000e+00   3.6111641e+01   1.9295155e-05   0.0000000e+00  -3.9044536e-03  -8.1128355e+01
  1.0974283383507e+01   1.2609041e+00   0.0000000e+00   3.6111513e+01   1.9295155e-05   0.0000000e+00  -3.6080890e-03  -8.1128355e+01
  1.0979158675992e+01   1.2609041e+00   0.0000000e+00   3.6111458e+01   1.9295155e-05   0.0000000e+00  -3.3212474e-03  -8.1128355e+01
  1.0984033968477e+01   1.2609041e+00   0.0000000e+00   3.6111439e+01   1.9295155e-05   0.0000000e+00  -3.0719577e-03  -8.1128355e+01
  1.0988909260962e+01   1.2609041e+00   0.0000000e+00   3.6111406e+01   1.9295155e-05   0.0000000e+00  -2.8848168e-03  -8.1128355e+01
  1.0993784553447e+01   1.2609041e+00   0.0000000e+00   3.6111305e+01   1.9295155e-05   0.0000000e+00  -2.7751755e-03  -8.1128355e+01
  1.0998659845932e+01   1.2609041e+00   0.0000000e+00   3.6111091e+01   1.9295155e-05   0.0000000e+00  -2.7459445e-03  -8.1128355e+01
  1.1003535138417e+01   1.2609041e+00   0.0000000e+00   3.6110733e+01   1.9295155e-05   0.0000000e+00  -2.7889787e-03  -8.1128355e+01
  1.1008410430902e+01   1.2609041e+00   0.0000000e+00   3.6110219e+01   1.9295155e-05   0.0000000e+00  -2.8896058e-03  -8.1128355e+01
  1.1013285723387e+01   1.2609041e+00   0.0000000e+00   3.6109555e+01   1.9295155e-05   0.0000000e+00  -3.0312301e-03  -8.1128355e+01
  1.1018161015872e+01   1.2609041e+00   0.0000000e+00   3.6108762e+01   1.9295155e-05   0.0000000e+00  -3.1978036e-03  -8.1128355e+01
  1.1023036308356e+01   1.2609041e+00   0.0000000e+00   3.6107868e+01   1.9295155e-05   0.0000000e+00  -3.3740443e-03  -8.1128355e+01
  1.1027911600841e+01   1.2609041e+00   0.0000000e+00   3.6106904e+01   1.9295155e-05   0.0000000e+00  -3.5451183e-03  -8.1128355e+01
  1.1032786893326e+01   1.2609041e+00   0.0000000e+00   3.6105902e+01   1.9295155e-05   0.0000000e+00  -3.6976202e-03  -8.1128355e+01
  1.1037662185811e+01   1.2609041e+00   0.0000000e+00   3.6104894e+01   1.9295155e-05   0.0000000e+00  -3.8217505e-03  -8.1128355e+01
  1.1042537478296e+01   1.2609041e+00   0.0000000e+00   3.6103904e+01   1.9295155e-05   0.0000000e+00  -3.9127061e-03  -8.1128355e+01
  1.1047412770781e+01   1.2609041e+00   0.0000000e+00   3.6102948e+01   1.9295155e-05   0.0000000e+00  -3.9698118e-03  -8.1128355e+01
  1.1052288063266e+01   1.2609041e+00   0.0000000e+00   3.6102035e+01   1.9295155e-05   0.0000000e+00  -3.9943330e-03  -8.1128355e+01
  1.1057163355751e+01   1.2609041e+00   0.0000000e+00   3.6101170e+01   1.9295155e-05   0.0000000e+00  -3.9882562e-03  -8.1128355e+01
  1.1062038648236e+01   1.2609041e+00   0.0000000e+00   3.6100353e+01   1.9295155e-05   0.0000000e+00  -3.9549337e-03  -8.1128355e+01
  1.1066913940721e+01   1.2609041e+00   0.0000000e+00   3.6099586e+01   1.9295155e-05   0.0000000e+00  -3.9001465e-03  -8.1128355e+01
  1.1071789233206e+01   1.2609041e+00   0.0000000e+00   3.6098868e+01   1.9295155e-05   0.0000000e+00  -3.8317741e-03  -8.1128355e+01
  1.1076664525691e+01   1.2609041e+00   0.0000000e+00   3.6098195e+01   1.9295155e-05   0.0000000e+00  -3.7580497e-03  -8.1128355e+01
  1.1081539818176e+01   1.2609041e+00   0.0000000e+00   3.6097559e+01   1.9295155e-05   0.0000000e+00  -3.6858372e-03  -8.1128355e+01
  1.1086415110660e+01   1.2609041e+00   0.0000000e+00   3.6096950e+01   1.9295155e-05   0.0000000e+00  -3.6199957e-03  -8.1128355e+01
  1.1091290403145e+01   1.2609041e+00   0.0000000e+00   3.6096356e+01   1.9295155e-05   0.0000000e+00  -3.5636788e-03  -8.1128355e+01
  1.1096165695630e+01   1.2609041e+00   0.0000000e+00   3.6095771e+01   1.9295155e-05   0.0000000e+00  -3.5189169e-03  -8.1128355e+01
  1.1101040988115e+01   1.2609041e+00   0.0000000e+00   3.6095186e+01   1.9295155e-05   0.0000000e+00  -3.4871629e-03  -8.1128355e+01
  1.1105916280600e+01   1.2609041e+00   0.0000000e+00   3.6094596e+01   1.9295155e-05   0.0000000e+00  -3.4697905e-03  -8.1128355e+01
  1.1110791573085e+01   1.2609041e+00   0.0000000e+00   3.6093999e+01   1.9295155e-05   0.0000000e+00  -3.4683993e-03  -8.1128355e+01
  1.1115666865570e+01   1.2609041e+00   0.0000000e+00   3.6093393e+01   1.9295155e-05   0.0000000e+00  -3.4846802e-03  -8.1128355e+01
  1.1120542158055e+01   1.2609041e+00   0.0000000e+00   3.6092776e+01   1.9295155e-05   0.0000000e+00  -3.5198470e-03  -8.1128355e+01
  1.1125417450540e+01   1.2609041e+00   0.0000000e+00   3.6092148e+01   1.9295155e-05   0.0000000e+00  -3.5739616e-03  -8.1128355e+01
  1.1130292743025e+01   1.2609041e+00   0.0000000e+00   3.6091508e+01   1.9295155e-05   0.0000000e+00  -3.6454389e-03  -8.1128355e+01
  1.1135168035510e+01   1.2609041e+00   0.0000000e+00   3.6090857e+01   1.9295155e-05   0.0000000e+00  -3.7307352e-03  -8.1128355e+01
  1.1140043327994e+01   1.2609041e+00   0.0000000e+00   3.6090194e+01   1.9295155e-05   0.0000000e+00  -3.8241036e-03  -8.1128355e+01
  1.1144918620479e+01   1.2609041e+00   0.0000000e+00   3.6089521e+01   1.9295155e-05   0.0000000e+00  -3.9174839e-03  -8.1128355e+01
  1.1149793912964e+01   1.2609041e+00   0.0000000e+00   3.6088840e+01   1.9295155e-05   0.0000000e+00  -4.0008018e-03  -8.1128355e+01
  1.1154669205449e+01   1.2609041e+00   0.0000000e+00   3.6088156e+01   1.9295155e-05   0.0000000e+00  -4.0629099e-03  -8.1128355e+01
  1.1159544497934e+01   1.2609041e+00   0.0000000e+00   3.6087475e+01   1.9295155e-05   0.0000000e+00  -4.0930918e-03  -8.1128355e+01
  1.1164419790419e+01   1.2609041e+00   0.0000000e+00   3.6086800e+01   1.9295155e-05   0.0000000e+00  -4.0827176e-03  -8.1128355e+01
  1.1169295082904e+01   1.2609041e+00   0.0000000e+00   3.6086133e+01   1.9295155e-05   0.0000000e+00  -4.0265872e-03  -8.1128355e+01
  1.1174170375389e+01   1.2609041e+00   0.0000000e+00   3.6085471e+01   1.9295155e-05   0.0000000e+00  -3.9237948e-03  -8.1128355e+01
  1.1179045667874e+01   1.2609041e+00   0.0000000e+00   3.6084810e+01   1.9295155e-05   0.0000000e+00  -3.7782508e-03  -8.1128355e+01
  1.1183920960359e+01   1.2609041e+00   0.0000000e+00   3.6084146e+01   1.9295155e-05   0.0000000e+00  -3.5989188e-03  -8.1128355e+01
  1.1188796252844e+01   1.2609041e+00   0.0000000e+00   3.6083476e+01   1.9295155e-05   0.0000000e+00  -3.3994141e-03  -8.1128355e+01
  1.1193671545329e+01   1.2609041e+00   0.0000000e+00   3.6082796e+01   1.9295155e-05   0.0000000e+00  -3.1964676e-03  -8.1128355e+01
  1.1198546837814e+01   1.2609041e+00   0.0000000e+00   3.6082106e+01   1.9295155e-05   0.0000000e+00  -3.0072516e-03  -8.1128355e+01
  1.1203422130298e+01   1.2609041e+00   0.0000000e+00   3.6081404e+01   1.9295155e-05   0.0000000e+00  -2.8463441e-03  -8.1128355e+01
  1.1208297422783e+01   1.2609041e+00   0.0000000e+00   3.6080696e+01   1.9295155e-05   0.0000000e+00  -2.7234095e-03  -8.1128355e+01
  1.1213172715268e+01   1.2609041e+00   0.0000000e+00   3.6079990e+01   1.9295155e-05   0.0000000e+00  -2.6422120e-03  -8.1128355e+01
  1.1218048007753e+01   1.2609041e+00   0.0000000e+00   3.6079296e+01   1.9295155e-05   0.0000000e+00  -2.6008585e-03  -8.1128355e+01
  1.1222923300238e+01   1.2609041e+00   0.0000000e+00   3.6078628e+01   1.9295155e-05   0.0000000e+00  -2.5928845e-03  -8.1128355e+01
  1.1227798592723e+01   1.2609041e+00   0.0000000e+00   3.6077998e+01   1.9295155e-05   0.0000000e+00  -2.6089618e-03  -8.1128355e+01
  1.1232673885208e+01   1.2609041e+00   0.0000000e+00   3.6077419e+01   1.9295155e-05   0.0000000e+00  -2.6391096e-03  -8.1128355e+01
  1.1237549177693e+01   1.2609041e+00   0.0000000e+00   3.6076904e+01   1.9295155e-05   0.0000000e+00  -2.6750183e-03  -8.1128355e+01
  1.1242424470178e+01   1.2609041e+00   0.0000000e+00   3.6076464e+01   1.9295155e-05   0.0000000e+00  -2.7117920e-03  -8.1128355e+01
  1.1247299762663e+01   1.2609041e+00   0.0000000e+00   3.6076108e+01   1.9295155e-05   0.0000000e+00  -2.7485727e-03  -8.1128355e+01
  1.1252175055148e+01   1.2609041e+00   0.0000000e+00   3.6075839e+01   1.9295155e-05   0.0000000e+00  -2.7880933e-03  -8.1128355e+01
  1.1257050347633e+01   1.2609041e+00   0.0000000e+00   3.6075655e+01   1.9295155e-05   0.0000000e+00  -2.8356805e-03  -8.1128355e+01
  1.1261925640117e+01   1.2609041e+00   0.0000000e+00   3.6075548e+01   1.9295155e-05   0.0000000e+00  -2.8981795e-03  -8.1128355e+01
  1.1266800932602e+01   1.2609041e+00   0.0000000e+00   3.6075504e+01   1.9295155e-05   0.0000000e+00  -2.9828894e-03  -8.1128355e+01
  1.1271676225087e+01   1.2609041e+00   0.0000000e+00   3.6075507e+01   1.9295155e-05   0.0000000e+00  -3.0963641e-03  -8.1128355e+01
  1.1276551517572e+01   1.2609041e+00   0.0000000e+00   3.6075538e+01   1.9295155e-05   0.0000000e+00  -3.2430640e-03  -8.1128355e+01
  1.1281426810057e+01   1.2609041e+00   0.0000000e+00   3.6075578e+01   1.9295155e-05   0.0000000e+00  -3.4241159e-03  -8.1128355e+01
  1.1286302102542e+01   1.2609041e+00   0.0000000e+00   3.6075608e+01   1.9295155e-05   0.0000000e+00  -3.6365105e-03  -8.1128355e+01
  1.1291177395027e+01   1.2609041e+00   0.0000000e+00   3.6075612e+01   1.9295155e-05   0.0000000e+00  -3.8728748e-03  -8.1128355e+01
  1.1296052687512e+01   1.2609041e+00   0.0000000e+00   3.6075578e+01   1.9295155e-05   0.0000000e+00  -4.1217440e-03  -8.1128355e+01
  1.1300927979997e+01   1.2609041e+00   0.0000000e+00   3.6075496e+01   1.9295155e-05   0.0000000e+00  -4.3682400e-03  -8.1128355e+01
  1.1305803272482e+01   1.2609041e+00   0.0000000e+00   3.6075361e+01   1.9295155e-05   0.0000000e+00  -4.5952035e-03  -8.1128355e+01
  1.1310678564967e+01   1.2609041e+00   0.0000000e+00   3.6075172e+01   1.9295155e-05   0.0000000e+00  -4.7848778e-03  -8.1128355e+01
  1.1315553857451e+01   1.2609041e+00   0.0000000e+00   3.6074934e+01   1.9295155e-05   0.0000000e+00  -4.9210448e-03  -8.1128355e+01
  1.1320429149936e+01   1.2609041e+00   0.0000000e+00   3.6074658e+01   1.9295155e-05   0.0000000e+00  -4.9911919e-03  -8.1128355e+01
  1.1325304442421e+01   1.2609041e+00   0.0000000e+00   3.6074360e+01   1.9295155e-05   0.0000000e+00  -4.9881528e-03  -8.1128355e+01
  1.1330179734906e+01   1.2609041e+00   0.0000000e+00   3.6074059e+01   1.9295155e-05   0.0000000e+00  -4.9108802e-03  -8.1128355e+01
  1.1335055027391e+01   1.2609041e+00   0.0000000e+00   3.6073778e+01   1.9295155e-05   0.0000000e+00  -4.7644039e-03  -8.1128355e+01
  1.1339930319876e+01   1.2609041e+00   0.0000000e+00   3.6073535e+01   1.9295155e-05   0.0000000e+00  -4.5592662e-03  -8.1128355e+01
  1.1344805612361e+01   1.2609041e+00   0.0000000e+00   3.6073347e+01   1.9295155e-05   0.0000000e+00  -4.3106488e-03  -8.1128355e+01
  1.1349680904846e+01   1.2609041e+00   0.0000000e+00   3.6073223e+01   1.9295155e-05   0.0000000e+00  -4.0371982e-03  -8.1128355e+01
  1.1354556197331e+01   1.2609041e+00   0.0000000e+00   3.6073165e+01   1.9295155e-05   0.0000000e+00  -3.7594869e-03  -8.1128355e+01
  1.1359431489816e+01   1.2609041e+00   0.0000000e+00   3.6073170e+01   1.9295155e-05   0.0000000e+00  -3.4981878e-03  -8.1128355e+01
  1.1364306782301e+01   1.2609041e+00   0.0000000e+00   3.6073227e+01   1.9295155e-05   0.0000000e+00  -3.2722057e-03  -8.1128355e+01
  1.1369182074786e+01   1.2609041e+00   0.0000000e+00   3.6073323e+01   1.9295155e-05   0.0000000e+00  -3.0970287e-03  -8.1128355e+01
  1.1374057367271e+01   1.2609041e+00   0.0000000e+00   3.6073443e+01   1.9295155e-05   0.0000000e+00  -2.9834521e-03  -8.1128355e+01
  1.1378932659756e+01   1.2609041e+00   0.0000000e+00   3.6073575e+01   1.9295155e-05   0.0000000e+00  -2.9366986e-03  -8.1128355e+01
  1.1383807952240e+01   1.2609041e+00   0.0000000e+00   3.6073708e+01   1.9295155e-05   0.0000000e+00  -2.9559076e-03  -8.1128355e+01
  1.1388683244725e+01   1.2609041e+00   0.0000000e+00   3.6073833e+01   1.9295155e-05   0.0000000e+00  -3.0339623e-03  -8.1128355e+01
  1.1393558537210e+01   1.2609041e+00   0.0000000e+00   3.6073945e+01   1.9295155e-05   0.0000000e+00  -3.1576819e-03  -8.1128355e+01
  1.1398433829695e+01   1.2609041e+00   0.0000000e+00   3.6074040e+01   1.9295155e-05   0.0000000e+00  -3.3085246e-03  -8.1128355e+01
  1.1403309122180e+01   1.2609041e+00   0.0000000e+00   3.6074115e+01   1.9295155e-05   0.0000000e+00  -3.4640479e-03  -8.1128355e+01
  1.1408184414665e+01   1.2609041e+00   0.0000000e+00   3.6074166e+01   1.9295155e-05   0.0000000e+00  -3.6002792e-03  -8.1128355e+01
  1.1413059707150e+01   1.2609041e+00   0.0000000e+00   3.6074188e+01   1.9295155e-05   0.0000000e+00  -3.6948168e-03  -8.1128355e+01
  1.1417934999635e+01   1.2609041e+00   0.0000000e+00   3.6074173e+01   1.9295155e-05   0.0000000e+00  -3.7300886e-03  -8.1128355e+01
  1.1422810292120e+01   1.2609041e+00   0.0000000e+00   3.6074112e+01   1.9295155e-05   0.0000000e+00  -3.6960435e-03  -8.1128355e+01
  1.1427685584605e+01   1.2609041e+00   0.0000000e+00   3.6073996e+01   1.9295155e-05   0.0000000e+00  -3.5917327e-03  -8.1128355e+01
  1.1432560877090e+01   1.2609041e+00   0.0000000e+00   3.6073813e+01   1.9295155e-05   0.0000000e+00  -3.4255843e-03  -8.1128355e+01
  1.1437436169575e+01   1.2609041e+00   0.0000000e+00   3.6073559e+01   1.9295155e-05   0.0000000e+00  -3.2144239e-03  -8.1128355e+01
  1.1442311462059e+01   1.2609041e+00   0.0000000e+00   3.6073231e+01   1.9295155e-05   0.0000000e+00  -2.9813905e-03  -8.1128355e+01
  1.1447186754544e+01   1.2609041e+00   0.0000000e+00   3.6072834e+01   1.9295155e-05   0.0000000e+00  -2.7529705e-03  -8.1128355e+01
  1.1452062047029e+01   1.2609041e+00   0.0000000e+00   3.6072380e+01   1.9295155e-05   0.0000000e+00  -2.5555386e-03  -8.1128355e+01
  1.1456937339514e+01   1.2609041e+00   0.0000000e+00   3.6071891e+01   1.9295155e-05   0.0000000e+00  -2.4119939e-03  -8.1128355e+01
  1.1461812631999e+01   1.2609041e+00   0.0000000e+00   3.6071391e+01   1.9295155e-05   0.0000000e+00  -2.3391230e-03  -8.1128355e+01
  1.1466687924484e+01   1.2609041e+00   0.0000000e+00   3.6070910e+01   1.9295155e-05   0.0000000e+00  -2.3461337e-03  -8.1128355e+01
  1.1471563216969e+01   1.2609041e+00   0.0000000e+00   3.6070475e+01   1.9295155e-05   0.0000000e+00  -2.4344439e-03  -8.1128355e+01
  1.1476438509454e+01   1.2609041e+00   0.0000000e+00   3.6070110e+01   1.9295155e-05   0.0000000e+00  -2.5985110e-03  -8.1128355e+01
  1.1481313801939e+01   1.2609041e+00   0.0000000e+00   3.6069830e+01   1.9295155e-05   0.0000000e+00  -2.8273435e-03  -8.1128355e+01
  1.1486189094424e+01   1.2609041e+00   0.0000000e+00   3.6069641e+01   1.9295155e-05   0.0000000e+00  -3.1063610e-03  -8.1128355e+01
  1.1491064386909e+01   1.2609041e+00   0.0000000e+00   3.6069539e+01   1.9295155e-05   0.0000000e+00  -3.4193090e-03  -8.1128355e+01
  1.1495939679393e+01   1.2609041e+00   0.0000000e+00   3.6069507e+01   1.9295155e-05   0.0000000e+00  -3.7499294e-03  -8.1128355e+01
  1.1500814971878e+01   1.2609041e+00   0.0000000e+00   3.6069525e+01   1.9295155e-05   0.0000000e+00  -4.0830909e-03  -8.1128355e+01
  1.1505690264363e+01   1.2609041e+00   0.0000000e+00   3.6069564e+01   1.9295155e-05   0.0000000e+00  -4.4052036e-03  -8.1128355e+01
  1.1510565556848e+01   1.2609041e+00   0.0000000e+00   3.6069594e+01   1.9295155e-05   0.0000000e+00  -4.7040206e-03  -8.1128355e+01
  1.1515440849333e+01   1.2609041e+00   0.0000000e+00   3.6069590e+01   1.9295155e-05   0.0000000e+00  -4.9682089e-03  -8.1128355e+01
  1.1520316141818e+01   1.2609041e+00   0.0000000e+00   3.6069531e+01   1.9295155e-05   0.0000000e+00  -5.1871574e-03  -8.1128355e+01
  1.1525191434303e+01   1.2609041e+00   0.0000000e+00   3.6069400e+01   1.9295155e-05   0.0000000e+00  -5.3512933e-03  -8.1128355e+01
  1.1530066726788e+01   1.2609041e+00   0.0000000e+00   3.6069194e+01   1.9295155e-05   0.0000000e+00  -5.4528496e-03  -8.1128355e+01
  1.1534942019273e+01   1.2609041e+00   0.0000000e+00   3.6068911e+01   1.9295155e-05   0.0000000e+00  -5.4867908e-03  -8.1128355e+01
  1.1539817311758e+01   1.2609041e+00   0.0000000e+00   3.6068558e+01   1.9295155e-05   0.0000000e+00  -5.4515875e-03  -8.1128355e+01
  1.1544692604243e+01   1.2609041e+00   0.0000000e+00   3.6068144e+01   1.9295155e-05   0.0000000e+00  -5.3496482e-03  -8.1128355e+01
  1.1549567896728e+01   1.2609041e+00   0.0000000e+00   3.6067679e+01   1.9295155e-05   0.0000000e+00  -5.1873141e-03  -8.1128355e+01
  1.1554443189213e+01   1.2609041e+00   0.0000000e+00   3.6067171e+01   1.9295155e-05   0.0000000e+00  -4.9743365e-03  -8.1128355e+01
  1.1559318481698e+01   1.2609041e+00   0.0000000e+00   3.6066629e+01   1.9295155e-05   0.0000000e+00  -4.7227784e-03  -8.1128355e+01
  1.1564193774182e+01   1.2609041e+00   0.0000000e+00   3.6066057e+01   1.9295155e-05   0.0000000e+00  -4.4454375e-03  -8.1128355e+01
  1.1569069066667e+01   1.2609041e+00   0.0000000e+00   3.6065460e+01   1.9295155e-05   0.0000000e+00  -4.1541386e-03  -8.1128355e+01
  1.1573944359152e+01   1.2609041e+00   0.0000000e+00   3.6064840e+01   1.9295155e-05   0.0000000e+00  -3.8583944e-03  -8.1128355e+01
  1.1578819651637e+01   1.2609041e+00   0.0000000e+00   3.6064202e+01   1.9295155e-05   0.0000000e+00  -3.5648256e-03  -8.1128355e+01
  1.1583694944122e+01   1.2609041e+00   0.0000000e+00   3.6063548e+01   1.9295155e-05   0.0000000e+00  -3.2773821e-03  -8.1128355e+01
  1.1588570236607e+01   1.2609041e+00   0.0000000e+00   3.6062887e+01   1.9295155e-05   0.0000000e+00  -2.9980595e-03  -8.1128355e+01
  1.1593445529092e+01   1.2609041e+00   0.0000000e+00   3.6062227e+01   1.9295155e-05   0.0000000e+00  -2.7277046e-03  -8.1128355e+01
  1.1598320821577e+01   1.2609041e+00   0.0000000e+00   3.6061579e+01   1.9295155e-05   0.0000000e+00  -2.4666841e-03  -8.1128355e+01
  1.1603196114062e+01   1.2609041e+00   0.0000000e+00   3.6060957e+01   1.9295155e-05   0.0000000e+00  -2.2154656e-03  -8.1128355e+01
  1.1608071406547e+01   1.2609041e+00   0.0000000e+00   3.6060378e+01   1.9295155e-05   0.0000000e+00  -1.9752685e-03  -8.1128355e+01
  1.1612946699032e+01   1.2609041e+00   0.0000000e+00   3.6059855e+01   1.9295155e-05   0.0000000e+00  -1.7488076e-03  -8.1128355e+01
  1.1617821991517e+01   1.2609041e+00   0.0000000e+00   3.6059403e+01   1.9295155e-05   0.0000000e+00  -1.5409093e-03  -8.1128355e+01
  1.1622697284001e+01   1.2609041e+00   0.0000000e+00   3.6059033e+01   1.9295155e-05   0.0000000e+00  -1.3586709e-03  -8.1128355e+01
  1.1627572576486e+01   1.2609041e+00   0.0000000e+00   3.6058749e+01   1.9295155e-05   0.0000000e+00  -1.2109749e-03  -8.1128355e+01
  1.1632447868971e+01   1.2609041e+00   0.0000000e+00   3.6058552e+01   1.9295155e-05   0.0000000e+00  -1.1074708e-03  -8.1128355e+01
  1.1637323161456e+01   1.2609041e+00   0.0000000e+00   3.6058435e+01   1.9295155e-05   0.0000000e+00  -1.0573566e-03  -8.1128355e+01
  1.1642198453941e+01   1.2609041e+00   0.0000000e+00   3.6058387e+01   1.9295155e-05   0.0000000e+00  -1.0683030e-03  -8.1128355e+01
  1.1647073746426e+01   1.2609041e+00   0.0000000e+00   3.6058390e+01   1.9295155e-05   0.0000000e+00  -1.1456768e-03  -8.1128355e+01
  1.1651949038911e+01   1.2609041e+00   0.0000000e+00   3.6058425e+01   1.9295155e-05   0.0000000e+00  -1.2920425e-03  -8.1128355e+01
  1.1656824331396e+01   1.2609041e+00   0.0000000e+00   3.6058473e+01   1.9295155e-05   0.0000000e+00  -1.5068727e-03  -8.1128355e+01
  1.1661699623881e+01   1.2609041e+00   0.0000000e+00   3.6058512e+01   1.9295155e-05   0.0000000e+00  -1.7864846e-03  -8.1128355e+01
  1.1666574916366e+01   1.2609041e+00   0.0000000e+00   3.6058526e+01   1.9295155e-05   0.0000000e+00  -2.1242932e-03  -8.1128355e+01
  1.1671450208851e+01   1.2609041e+00   0.0000000e+00   3.6058500e+01   1.9295155e-05   0.0000000e+00  -2.5114210e-03  -8.1128355e+01
  1.1676325501335e+01   1.2609041e+00   0.0000000e+00   3.6058423e+01   1.9295155e-05   0.0000000e+00  -2.9375466e-03  -8.1128355e+01
  1.1681200793820e+01   1.2609041e+00   0.0000000e+00   3.6058288e+01   1.9295155e-05   0.0000000e+00  -3.3917319e-03  -8.1128355e+01
  1.1686076086305e+01   1.2609041e+00   0.0000000e+00   3.6058087e+01   1.9295155e-05   0.0000000e+00  -3.8629654e-03  -8.1128355e+01
  1.1690951378790e+01   1.2609041e+00   0.0000000e+00   3.6057817e+01   1.9295155e-05   0.0000000e+00  -4.3402937e-03  -8.1128355e+01
  1.1695826671275e+01   1.2609041e+00   0.0000000e+00   3.6057476e+01   1.9295155e-05   0.0000000e+00  -4.8126036e-03  -8.1128355e+01
  1.1700701963760e+01   1.2609041e+00   0.0000000e+00   3.6057062e+01   1.9295155e-05   0.0000000e+00  -5.2682316e-03  -8.1128355e+01
  1.1705577256245e+01   1.2609041e+00   0.0000000e+00   3.6056577e+01   1.9295155e-05   0.0000000e+00  -5.6946008e-03  -8.1128355e+01
  1.1710452548730e+01   1.2609041e+00   0.0000000e+00   3.6056020e+01   1.9295155e-05   0.0000000e+00  -6.0780439e-03  -8.1128355e+01
  1.1715327841215e+01   1.2609041e+00   0.0000000e+00   3.6055396e+01   1.9295155e-05   0.0000000e+00  -6.4039458e-03  -8.1128355e+01
  1.1720203133700e+01   1.2609041e+00   0.0000000e+00   3.6054708e+01   1.9295155e-05   0.0000000e+00  -6.6573210e-03  -8.1128355e+01
  1.1725078426185e+01   1.2609041e+00   0.0000000e+00   3.6053962e+01   1.9295155e-05   0.0000000e+00  -6.8238934e-03  -8.1128355e+01
  1.1729953718670e+01   1.2609041e+00   0.0000000e+00   3.6053167e+01   1.9295155e-05   0.0000000e+00  -6.8916073e-03  -8.1128355e+01
  1.1734829011155e+01   1.2609041e+00   0.0000000e+00   3.6052335e+01   1.9295155e-05   0.0000000e+00  -6.8522982e-03  -8.1128355e+01
  1.1739704303639e+01   1.2609041e+00   0.0000000e+00   3.6051477e+01   1.9295155e-05   0.0000000e+00  -6.7031104e-03  -8.1128355e+01
  1.1744579596124e+01   1.2609041e+00   0.0000000e+00   3.6050610e+01   1.9295155e-05   0.0000000e+00  -6.4472710e-03  -8.1128355e+01
  1.1749454888609e+01   1.2609041e+00   0.0000000e+00   3.6049747e+01   1.9295155e-05   0.0000000e+00  -6.0940354e-03  -8.1128355e+01
  1.1754330181094e+01   1.2609041e+00   0.0000000e+00   3.6048904e+01   1.9295155e-05   0.0000000e+00  -5.6578902e-03  -8.1128355e+01
  1.1759205473579e+01   1.2609041e+00   0.0000000e+00   3.6048094e+01   1.9295155e-05   0.0000000e+00  -5.1572726e-03  -8.1128355e+01
  1.1764080766064e+01   1.2609041e+00   0.0000000e+00   3.6047327e+01   1.9295155e-05   0.0000000e+00  -4.6130672e-03  -8.1128355e+01
  1.1768956058549e+01   1.2609041e+00   0.0000000e+00   3.6046613e+01   1.9295155e-05   0.0000000e+00  -4.0470377e-03  -8.1128355e+01
  1.1773831351034e+01   1.2609041e+00   0.0000000e+00   3.6045956e+01   1.9295155e-05   0.0000000e+00  -3.4802732e-03  -8.1128355e+01
  1.1778706643519e+01   1.2609041e+00   0.0000000e+00   3.6045359e+01   1.9295155e-05   0.0000000e+00  -2.9317592e-03  -8.1128355e+01
  1.1783581936004e+01   1.2609041e+00   0.0000000e+00   3.6044820e+01   1.9295155e-05   0.0000000e+00  -2.4172735e-03  -8.1128355e+01
  1.1788457228489e+01   1.2609041e+00   0.0000000e+00   3.6044336e+01   1.9295155e-05   0.0000000e+00  -1.9488313e-03  -8.1128355e+01
  1.1793332520974e+01   1.2609041e+00   0.0000000e+00   3.6043900e+01   1.9295155e-05   0.0000000e+00  -1.5347915e-03  -8.1128355e+01
  1.1798207813458e+01   1.2609041e+00   0.0000000e+00   3.6043504e+01   1.9295155e-05   0.0000000e+00  -1.1805356e-03  -8.1128355e+01
  1.1803083105943e+01   1.2609041e+00   0.0000000e+00   3.6043138e+01   1.9295155e-05   0.0000000e+00  -8.8945598e-04  -8.1128355e+01
  1.1807958398428e+01   1.2609041e+00   0.0000000e+00   3.6042793e+01   1.9295155e-05   0.0000000e+00  -6.6395739e-04  -8.1128355e+01
  1.1812833690913e+01   1.2609041e+00   0.0000000e+00   3.6042461e+01   1.9295155e-05   0.0000000e+00  -5.0626732e-04  -8.1128355e+01
  1.1817708983398e+01   1.2609041e+00   0.0000000e+00   3.6042132e+01   1.9295155e-05   0.0000000e+00  -4.1897835e-04  -8.1128355e+01
  1.1822584275883e+01   1.2609041e+00   0.0000000e+00   3.6041801e+01   1.9295155e-05   0.0000000e+00  -4.0530440e-04  -8.1128355e+01
  1.1827459568368e+01   1.2609041e+00   0.0000000e+00   3.6041461e+01   1.9295155e-05   0.0000000e+00  -4.6900477e-04  -8.1128355e+01
  1.1832334860853e+01   1.2609041e+00   0.0000000e+00   3.6041109e+01   1.9295155e-05   0.0000000e+00  -6.1388861e-04  -8.1128355e+01
  1.1837210153338e+01   1.2609041e+00   0.0000000e+00   3.6040741e+01   1.9295155e-05   0.0000000e+00  -8.4284906e-04  -8.1128355e+01
  1.1842085445823e+01   1.2609041e+00   0.0000000e+00   3.6040357e+01   1.9295155e-05   0.0000000e+00  -1.1565168e-03  -8.1128355e+01
  1.1846960738308e+01   1.2609041e+00   0.0000000e+00   3.6039959e+01   1.9295155e-05   0.0000000e+00  -1.5518006e-03  -8.1128355e+01
  1.1851836030792e+01   1.2609041e+00   0.0000000e+00   3.6039551e+01   1.9295155e-05   0.0000000e+00  -2.0206896e-03  -8.1128355e+01
  1.1856711323277e+01   1.2609041e+00   0.0000000e+00   3.6039138e+01   1.9295155e-05   0.0000000e+00  -2.5496642e-03  -8.1128355e+01
  1.1861586615762e+01   1.2609041e+00   0.0000000e+00   3.6038730e+01   1.9295155e-05   0.0000000e+00  -3.1199199e-03  -8.1128355e+01
  1.1866461908247e+01   1.2609041e+00   0.0000000e+00   3.6038332e+01   1.9295155e-05   0.0000000e+00  -3.7084228e-03  -8.1128355e+01
  1.1871337200732e+01   1.2609041e+00   0.0000000e+00   3.6037955e+01   1.9295155e-05   0.0000000e+00  -4.2896630e-03  -8.1128355e+01
  1.1876212493217e+01   1.2609041e+00   0.0000000e+00   3.6037605e+01   1.9295155e-05   0.0000000e+00  -4.8378598e-03  -8.1128355e+01
  1.1881087785702e+01   1.2609041e+00   0.0000000e+00   3.6037288e+01   1.9295155e-05   0.0000000e+00  -5.3293063e-03  -8.1128355e+01
  1.1885963078187e+01   1.2609041e+00   0.0000000e+00   3.6037007e+01   1.9295155e-05   0.0000000e+00  -5.7445038e-03  -8.1128355e+01
  1.1890838370672e+01   1.2609041e+00   0.0000000e+00   3.6036765e+01   1.9295155e-05   0.0000000e+00  -6.0697537e-03  -8.1128355e+01
  1.1895713663157e+01   1.2609041e+00   0.0000000e+00   3.6036561e+01   1.9295155e-05   0.0000000e+00  -6.2979782e-03  -8.1128355e+01
  1.1900588955642e+01   1.2609041e+00   0.0000000e+00   3.6036391e+01   1.9295155e-05   0.0000000e+00  -6.4286984e-03  -8.1128355e+01
  1.1905464248127e+01   1.2609041e+00   0.0000000e+00   3.6036250e+01   1.9295155e-05   0.0000000e+00  -6.4672739e-03  -8.1128355e+01
  1.1910339540612e+01   1.2609041e+00   0.0000000e+00   3.6036130e+01   1.9295155e-05   0.0000000e+00  -6.4236254e-03  -8.1128355e+01
  1.1915214833097e+01   1.2609041e+00   0.0000000e+00   3.6036021e+01   1.9295155e-05   0.0000000e+00  -6.3106940e-03  -8.1128355e+01
  1.1920090125581e+01   1.2609041e+00   0.0000000e+00   3.6035912e+01   1.9295155e-05   0.0000000e+00  -6.1428609e-03  -8.1128355e+01
  1.1924965418066e+01   1.2609041e+00   0.0000000e+00   3.6035789e+01   1.9295155e-05   0.0000000e+00  -5.9344922e-03  -8.1128355e+01
  1.1929840710551e+01   1.2609041e+00   0.0000000e+00   3.6035640e+01   1.9295155e-05   0.0000000e+00  -5.6987237e-03  -8.1128355e+01
  1.1934716003036e+01   1.2609041e+00   0.0000000e+00   3.6035452e+01   1.9295155e-05   0.0000000e+00  -5.4465667e-03  -8.1128355e+01
  1.1939591295521e+01   1.2609041e+00   0.0000000e+00   3.6035217e+01   1.9295155e-05   0.0000000e+00  -5.1863796e-03  -8.1128355e+01
  1.1944466588006e+01   1.2609041e+00   0.0000000e+00   3.6034926e+01   1.9295155e-05   0.0000000e+00  -4.9237044e-03  -8.1128355e+01
  1.1949341880491e+01   1.2609041e+00   0.0000000e+00   3.6034578e+01   1.9295155e-05   0.0000000e+00  -4.6614251e-03  -8.1128355e+01
  1.1954217172976e+01   1.2609041e+00   0.0000000e+00   3.6034174e+01   1.9295155e-05   0.0000000e+00  -4.4001828e-03  -8.1128355e+01
  1.1959092465461e+01   1.2609041e+00   0.0000000e+00   3.6033720e+01   1.9295155e-05   0.0000000e+00  -4.1389875e-03  -8.1128355e+01
  1.1963967757946e+01   1.2609041e+00   0.0000000e+00   3.6033226e+01   1.9295155e-05   0.0000000e+00  -3.8759884e-03  -8.1128355e+01
  1.1968843050431e+01   1.2609041e+00   0.0000000e+00   3.6032702e+01   1.9295155e-05   0.0000000e+00  -3.6093631e-03  -8.1128355e+01
  1.1973718342916e+01   1.2609041e+00   0.0000000e+00   3.6032162e+01   1.9295155e-05   0.0000000e+00  -3.3382443e-03  -8.1128355e+01
  1.1978593635400e+01   1.2609041e+00   0.0000000e+00   3.6031618e+01   1.9295155e-05   0.0000000e+00  -3.0635370e-03  -8.1128355e+01
  1.1983468927885e+01   1.2609041e+00   0.0000000e+00   3.6031082e+01   1.9295155e-05   0.0000000e+00  -2.7884381e-03  -8.1128355e+01
  1.1988344220370e+01   1.2609041e+00   0.0000000e+00   3.6030565e+01   1.9295155e-05   0.0000000e+00  -2.5185031e-03  -8.1128355e+01
  1.1993219512855e+01   1.2609041e+00   0.0000000e+00   3.6030072e+01   1.9295155e-05   0.0000000e+00  -2.2612249e-03  -8.1128355e+01
  1.1998094805340e+01   1.2609041e+00   0.0000000e+00   3.6029606e+01   1.9295155e-05   0.0000000e+00  -2.0252331e-03  -8.1128355e+01
  1.2002970097825e+01   1.2609041e+00   0.0000000e+00   3.6029167e+01   1.9295155e-05   0.0000000e+00  -1.8193351e-03  -8.1128355e+01
  1.2007845390310e+01   1.2609041e+00   0.0000000e+00   3.6028748e+01   1.9295155e-05   0.0000000e+00  -1.6516337e-03  -8.1128355e+01
  1.2012720682795e+01   1.2609041e+00   0.0000000e+00   3.6028342e+01   1.9295155e-05   0.0000000e+00  -1.5288856e-03  -8.1128355e+01
  1.2017595975280e+01   1.2609041e+00   0.0000000e+00   3.6027939e+01   1.9295155e-05   0.0000000e+00  -1.4561516e-03  -8.1128355e+01
  1.2022471267765e+01   1.2609041e+00   0.0000000e+00   3.6027529e+01   1.9295155e-05   0.0000000e+00  -1.4366949e-03  -8.1128355e+01
  1.2027346560250e+01   1.2609041e+00   0.0000000e+00   3.6027102e+01   1.9295155e-05   0.0000000e+00  -1.4720257e-03  -8.1128355e+01
  1.2032221852734e+01   1.2609041e+00   0.0000000e+00   3.6026651e+01   1.9295155e-05   0.0000000e+00  -1.5619839e-03  -8.1128355e+01
  1.2037097145219e+01   1.2609041e+00   0.0000000e+00   3.6026171e+01   1.9295155e-05   0.0000000e+00  -1.7047688e-03  -8.1128355e+01
  1.2041972437704e+01   1.2609041e+00   0.0000000e+00   3.6025661e+01   1.9295155e-05   0.0000000e+00  -1.8968712e-03  -8.1128355e+01
  1.2046847730189e+01   1.2609041e+00   0.0000000e+00   3.6025119e+01   1.9295155e-05   0.0000000e+00  -2.1329297e-03  -8.1128355e+01
  1.2051723022674e+01   1.2609041e+00   0.0000000e+00   3.6024550e+01   1.9295155e-05   0.0000000e+00  -2.4056009e-03  -8.1128355e+01
  1.2056598315159e+01   1.2609041e+00   0.0000000e+00   3.6023956e+01   1.9295155e-05   0.0000000e+00  -2.7055716e-03  -8.1128355e+01
  1.2061473607644e+01   1.2609041e+00   0.0000000e+00   3.6023340e+01   1.9295155e-05   0.0000000e+00  -3.0218305e-03  -8.1128355e+01
  1.2066348900129e+01   1.2609041e+00   0.0000000e+00   3.6022709e+01   1.9295155e-05   0.0000000e+00  -3.3422439e-03  -8.1128355e+01
  1.2071224192614e+01   1.2609041e+00   0.0000000e+00   3.6022066e+01   1.9295155e-05   0.0000000e+00  -3.6543860e-03  -8.1128355e+01
  1.2076099485099e+01   1.2609041e+00   0.0000000e+00   3.6021417e+01   1.9295155e-05   0.0000000e+00  -3.9465008e-03  -8.1128355e+01
  1.2080974777584e+01   1.2609041e+00   0.0000000e+00   3.6020770e+01   1.9295155e-05   0.0000000e+00  -4.2084497e-03  -8.1128355e+01
  1.2085850070069e+01   1.2609041e+00   0.0000000e+00   3.6020133e+01   1.9295155e-05   0.0000000e+00  -4.4325201e-03  -8.1128355e+01
  1.2090725362553e+01   1.2609041e+00   0.0000000e+00   3.6019518e+01   1.9295155e-05   0.0000000e+00  -4.6139964e-03  -8.1128355e+01
  1.2095600655038e+01   1.2609041e+00   0.0000000e+00   3.6018937e+01   1.9295155e-05   0.0000000e+00  -4.7514216e-03  -8.1128355e+01
  1.2100475947523e+01   1.2609041e+00   0.0000000e+00   3.6018406e+01   1.9295155e-05   0.0000000e+00  -4.8464740e-03  -8.1128355e+01
  1.2105351240008e+01   1.2609041e+00   0.0000000e+00   3.6017938e+01   1.9295155e-05   0.0000000e+00  -4.9034098e-03  -8.1128355e+01
  1.2110226532493e+01   1.2609041e+00   0.0000000e+00   3.6017549e+01   1.9295155e-05   0.0000000e+00  -4.9280744e-03  -8.1128355e+01
  1.2115101824978e+01   1.2609041e+00   0.0000000e+00   3.6017251e+01   1.9295155e-05   0.0000000e+00  -4.9265891e-03  -8.1128355e+01
  1.2119977117463e+01   1.2609041e+00   0.0000000e+00   3.6017053e+01   1.9295155e-05   0.0000000e+00  -4.9039285e-03  -8.1128355e+01
  1.2124852409948e+01   1.2609041e+00   0.0000000e+00   3.6016960e+01   1.9295155e-05   0.0000000e+00  -4.8626857e-03  -8.1128355e+01
  1.2129727702433e+01   1.2609041e+00   0.0000000e+00   3.6016972e+01   1.9295155e-05   0.0000000e+00  -4.8023272e-03  -8.1128355e+01
  1.2134602994918e+01   1.2609041e+00   0.0000000e+00   3.6017083e+01   1.9295155e-05   0.0000000e+00  -4.7191559e-03  -8.1128355e+01
  1.2139478287403e+01   1.2609041e+00   0.0000000e+00   3.6017283e+01   1.9295155e-05   0.0000000e+00  -4.6070520e-03  -8.1128355e+01
  1.2144353579888e+01   1.2609041e+00   0.0000000e+00   3.6017556e+01   1.9295155e-05   0.0000000e+00  -4.4588862e-03  -8.1128355e+01
  1.2149228872373e+01   1.2609041e+00   0.0000000e+00   3.6017888e+01   1.9295155e-05   0.0000000e+00  -4.2683527e-03  -8.1128355e+01
  1.2154104164858e+01   1.2609041e+00   0.0000000e+00   3.6018262e+01   1.9295155e-05   0.0000000e+00  -4.0318780e-03  -8.1128355e+01
  1.2158979457342e+01   1.2609041e+00   0.0000000e+00   3.6018662e+01   1.9295155e-05   0.0000000e+00  -3.7502397e-03  -8.1128355e+01
  1.2163854749827e+01   1.2609041e+00   0.0000000e+00   3.6019076e+01   1.9295155e-05   0.0000000e+00  -3.4295737e-03  -8.1128355e+01
  1.2168730042312e+01   1.2609041e+00   0.0000000e+00   3.6019493e+01   1.9295155e-05   0.0000000e+00  -3.0815389e-03  -8.1128355e+01
  1.2173605334797e+01   1.2609041e+00   0.0000000e+00   3.6019907e+01   1.9295155e-05   0.0000000e+00  -2.7225454e-03  -8.1128355e+01
  1.2178480627282e+01   1.2609041e+00   0.0000000e+00   3.6020314e+01   1.9295155e-05   0.0000000e+00  -2.3721193e-03  -8.1128355e+01
  1.2183355919767e+01   1.2609041e+00   0.0000000e+00   3.6020709e+01   1.9295155e-05   0.0000000e+00  -2.0506504e-03  -8.1128355e+01
  1.2188231212252e+01   1.2609041e+00   0.0000000e+00   3.6021091e+01   1.9295155e-05   0.0000000e+00  -1.7769169e-03  -8.1128355e+01
  1.2193106504737e+01   1.2609041e+00   0.0000000e+00   3.6021457e+01   1.9295155e-05   0.0000000e+00  -1.5658434e-03  -8.1128355e+01
  1.2197981797222e+01   1.2609041e+00   0.0000000e+00   3.6021804e+01   1.9295155e-05   0.0000000e+00  -1.4269106e-03  -8.1128355e+01
  1.2202857089707e+01   1.2609041e+00   0.0000000e+00   3.6022129e+01   1.9295155e-05   0.0000000e+00  -1.3634775e-03  -8.1128355e+01
  1.2207732382192e+01   1.2609041e+00   0.0000000e+00   3.6022427e+01   1.9295155e-05   0.0000000e+00  -1.3730632e-03  -8.1128355e+01
  1.2212607674676e+01   1.2609041e+00   0.0000000e+00   3.6022698e+01   1.9295155e-05   0.0000000e+00  -1.4484216e-03  -8.1128355e+01
  1.2217482967161e+01   1.2609041e+00   0.0000000e+00   3.6022940e+01   1.9295155e-05   0.0000000e+00  -1.5790977e-03  -8.1128355e+01
  1.2222358259646e+01   1.2609041e+00   0.0000000e+00   3.6023153e+01   1.9295155e-05   0.0000000e+00  -1.7531128e-03  -8.1128355e+01
  1.2227233552131e+01   1.2609041e+00   0.0000000e+00   3.6023341e+01   1.9295155e-05   0.0000000e+00  -1.9584813e-03  -8.1128355e+01
  1.2232108844616e+01   1.2609041e+00   0.0000000e+00   3.6023509e+01   1.9295155e-05   0.0000000e+00  -2.1843656e-03  -8.1128355e+01
  1.2236984137101e+01   1.2609041e+00   0.0000000e+00   3.6023663e+01   1.9295155e-05   0.0000000e+00  -2.4217938e-03  -8.1128355e+01
  1.2241859429586e+01   1.2609041e+00   0.0000000e+00   3.6023808e+01   1.9295155e-05   0.0000000e+00  -2.6639498e-03  -8.1128355e+01
  1.2246734722071e+01   1.2609041e+00   0.0000000e+00   3.6023953e+01   1.9295155e-05   0.0000000e+00  -2.9060992e-03  -8.1128355e+01
  1.2251610014556e+01   1.2609041e+00   0.0000000e+00   3.6024101e+01   1.9295155e-05   0.0000000e+00  -3.1452366e-03  -8.1128355e+01
  1.2256485307041e+01   1.2609041e+00   0.0000000e+00   3.6024255e+01   1.9295155e-05   0.0000000e+00  -3.3795433e-03  -8.1128355e+01
  1.2261360599526e+01   1.2609041e+00   0.0000000e+00   3.6024415e+01   1.9295155e-05   0.0000000e+00  -3.6077549e-03  -8.1128355e+01
  1.2266235892011e+01   1.2609041e+00   0.0000000e+00   3.6024578e+01   1.9295155e-05   0.0000000e+00  -3.8285380e-03  -8.1128355e+01
  1.2271111184495e+01   1.2609041e+00   0.0000000e+00   3.6024738e+01   1.9295155e-05   0.0000000e+00  -4.0399860e-03  -8.1128355e+01
  1.2275986476980e+01   1.2609041e+00   0.0000000e+00   3.6024887e+01   1.9295155e-05   0.0000000e+00  -4.2393281e-03  -8.1128355e+01
  1.2280861769465e+01   1.2609041e+00   0.0000000e+00   3.6025016e+01   1.9295155e-05   0.0000000e+00  -4.4229169e-03  -8.1128355e+01
  1.2285737061950e+01   1.2609041e+00   0.0000000e+00   3.6025119e+01   1.9295155e-05   0.0000000e+00  -4.5865033e-03  -8.1128355e+01
  1.2290612354435e+01   1.2609041e+00   0.0000000e+00   3.6025192e+01   1.9295155e-05   0.0000000e+00  -4.7257436e-03  -8.1128355e+01
  1.2295487646920e+01   1.2609041e+00   0.0000000e+00   3.6025235e+01   1.9295155e-05   0.0000000e+00  -4.8368346e-03  -8.1128355e+01
  1.2300362939405e+01   1.2609041e+00   0.0000000e+00   3.6025249e+01   1.9295155e-05   0.0000000e+00  -4.9171526e-03  -8.1128355e+01
  1.2305238231890e+01   1.2609041e+00   0.0000000e+00   3.6025240e+01   1.9295155e-05   0.0000000e+00  -4.9657760e-03  -8.1128355e+01
  1.2310113524375e+01   1.2609041e+00   0.0000000e+00   3.6025219e+01   1.9295155e-05   0.0000000e+00  -4.9838055e-03  -8.1128355e+01
  1.2314988816860e+01   1.2609041e+00   0.0000000e+00   3.6025197e+01   1.9295155e-05   0.0000000e+00  -4.9744255e-03  -8.1128355e+01
  1.2319864109345e+01   1.2609041e+00   0.0000000e+00   3.6025186e+01   1.9295155e-05   0.0000000e+00  -4.9426833e-03  -8.1128355e+01
  1.2324739401830e+01   1.2609041e+00   0.0000000e+00   3.6025201e+01   1.9295155e-05   0.0000000e+00  -4.8949962e-03  -8.1128355e+01
  1.2329614694315e+01   1.2609041e+00   0.0000000e+00   3.6025254e+01   1.9295155e-05   0.0000000e+00  -4.8384320e-03  -8.1128355e+01
  1.2334489986800e+01   1.2609041e+00   0.0000000e+00   3.6025356e+01   1.9295155e-05   0.0000000e+00  -4.7798542e-03  -8.1128355e+01
  1.2339365279284e+01   1.2609041e+00   0.0000000e+00   3.6025519e+01   1.9295155e-05   0.0000000e+00  -4.7250574e-03  -8.1128355e+01
  1.2344240571769e+01   1.2609041e+00   0.0000000e+00   3.6025748e+01   1.9295155e-05   0.0000000e+00  -4.6780305e-03  -8.1128355e+01
  1.2349115864254e+01   1.2609041e+00   0.0000000e+00   3.6026050e+01   1.9295155e-05   0.0000000e+00  -4.6404632e-03  -8.1128355e+01
  1.2353991156739e+01   1.2609041e+00   0.0000000e+00   3.6026426e+01   1.9295155e-05   0.0000000e+00  -4.6115551e-03  -8.1128355e+01
  1.2358866449224e+01   1.2609041e+00   0.0000000e+00   3.6026878e+01   1.9295155e-05   0.0000000e+00  -4.5881246e-03  -8.1128355e+01
  1.2363741741709e+01   1.2609041e+00   0.0000000e+00   3.6027404e+01   1.9295155e-05   0.0000000e+00  -4.5649686e-03  -8.1128355e+01
  1.2368617034194e+01   1.2609041e+00   0.0000000e+00   3.6028001e+01   1.9295155e-05   0.0000000e+00  -4.5354140e-03  -8.1128355e+01
  1.2373492326679e+01   1.2609041e+00   0.0000000e+00   3.6028662e+01   1.9295155e-05   0.0000000e+00  -4.4920145e-03  -8.1128355e+01
  1.2378367619164e+01   1.2609041e+00   0.0000000e+00   3.6029380e+01   1.9295155e-05   0.0000000e+00  -4.4273663e-03  -8.1128355e+01
  1.2383242911649e+01   1.2609041e+00   0.0000000e+00   3.6030144e+01   1.9295155e-05   0.0000000e+00  -4.3350155e-03  -8.1128355e+01
  1.2388118204134e+01   1.2609041e+00   0.0000000e+00   3.6030943e+01   1.9295155e-05   0.0000000e+00  -4.2103931e-03  -8.1128355e+01
  1.2392993496618e+01   1.2609041e+00   0.0000000e+00   3.6031762e+01   1.9295155e-05   0.0000000e+00  -4.0516661e-03  -8.1128355e+01
  1.2397868789103e+01   1.2609041e+00   0.0000000e+00   3.6032586e+01   1.9295155e-05   0.0000000e+00  -3.8603491e-03  -8.1128355e+01
  1.2402744081588e+01   1.2609041e+00   0.0000000e+00   3.6033398e+01   1.9295155e-05   0.0000000e+00  -3.6415254e-03  -8.1128355e+01
  1.2407619374073e+01   1.2609041e+00   0.0000000e+00   3.6034184e+01   1.9295155e-05   0.0000000e+00  -3.4035789e-03  -8.1128355e+01
  1.2412494666558e+01   1.2609041e+00   0.0000000e+00   3.6034928e+01   1.9295155e-05   0.0000000e+00  -3.1574349e-03  -8.1128355e+01
  1.2417369959043e+01   1.2609041e+00   0.0000000e+00   3.6035617e+01   1.9295155e-05   0.0000000e+00  -2.9154157e-03  -8.1128355e+01
  1.2422245251528e+01   1.2609041e+00   0.0000000e+00   3.6036240e+01   1.9295155e-05   0.0000000e+00  -2.6898968e-03  -8.1128355e+01
  1.2427120544013e+01   1.2609041e+00   0.0000000e+00   3.6036792e+01   1.9295155e-05   0.0000000e+00  -2.4919803e-03  -8.1128355e+01
  1.2431995836498e+01   1.2609041e+00   0.0000000e+00   3.6037270e+01   1.9295155e-05   0.0000000e+00  -2.3303792e-03  -8.1128355e+01
  1.2436871128983e+01   1.2609041e+00   0.0000000e+00   3.6037678e+01   1.9295155e-05   0.0000000e+00  -2.2106477e-03  -8.1128355e+01
  1.2441746421468e+01   1.2609041e+00   0.0000000e+00   3.6038022e+01   1.9295155e-05   0.0000000e+00  -2.1348236e-03  -8.1128355e+01
  1.2446621713953e+01   1.2609041e+00   0.0000000e+00   3.6038313e+01   1.9295155e-05   0.0000000e+00  -2.1014972e-03  -8.1128355e+01
  1.2451497006437e+01   1.2609041e+00   0.0000000e+00   3.6038568e+01   1.9295155e-05   0.0000000e+00  -2.1062772e-03  -8.1128355e+01
  1.2456372298922e+01   1.2609041e+00   0.0000000e+00   3.6038801e+01   1.9295155e-05   0.0000000e+00  -2.1425914e-03  -8.1128355e+01
  1.2461247591407e+01   1.2609041e+00   0.0000000e+00   3.6039034e+01   1.9295155e-05   0.0000000e+00  -2.2027146e-03  -8.1128355e+01
  1.2466122883892e+01   1.2609041e+00   0.0000000e+00   3.6039283e+01   1.9295155e-05   0.0000000e+00  -2.2788746e-03  -8.1128355e+01
  1.2470998176377e+01   1.2609041e+00   0.0000000e+00   3.6039567e+01   1.9295155e-05   0.0000000e+00  -2.3642487e-03  -8.1128355e+01
  1.2475873468862e+01   1.2609041e+00   0.0000000e+00   3.6039901e+01   1.9295155e-05   0.0000000e+00  -2.4536744e-03  -8.1128355e+01
  1.2480748761347e+01   1.2609041e+00   0.0000000e+00   3.6040299e+01   1.9295155e-05   0.0000000e+00  -2.5439531e-03  -8.1128355e+01
  1.2485624053832e+01   1.2609041e+00   0.0000000e+00   3.6040771e+01   1.9295155e-05   0.0000000e+00  -2.6337196e-03  -8.1128355e+01
  1.2490499346317e+01   1.2609041e+00   0.0000000e+00   3.6041323e+01   1.9295155e-05   0.0000000e+00  -2.7229586e-03  -8.1128355e+01
  1.2495374638802e+01   1.2609041e+00   0.0000000e+00   3.6041957e+01   1.9295155e-05   0.0000000e+00  -2.8123237e-03  -8.1128355e+01
  1.2500249931287e+01   1.2609041e+00   0.0000000e+00   3.6042670e+01   1.9295155e-05   0.0000000e+00  -2.9024392e-03  -8.1128355e+01
  1.2505125223772e+01   1.2609041e+00   0.0000000e+00   3.6043456e+01   1.9295155e-05   0.0000000e+00  -2.9933421e-03  -8.1128355e+01
  1.2510000516257e+01   1.2609041e+00   0.0000000e+00   3.6044303e+01   1.9295155e-05   0.0000000e+00  -3.0841662e-03  -8.1128355e+01
  1.2514875808741e+01   1.2609041e+00   0.0000000e+00   3.6045196e+01   1.9295155e-05   0.0000000e+00  -3.1731039e-03  -8.1128355e+01
  1.2519751101226e+01   1.2609041e+00   0.0000000e+00   3.6046114e+01   1.9295155e-05   0.0000000e+00  -3.2576310e-03  -8.1128355e+01
  1.2524626393711e+01   1.2609041e+00   0.0000000e+00   3.6047040e+01   1.9295155e-05   0.0000000e+00  -3.3349350e-03  -8.1128355e+01
  1.2529501686196e+01   1.2609041e+00   0.0000000e+00   3.6047951e+01   1.9295155e-05   0.0000000e+00  -3.4024611e-03  -8.1128355e+01
  1.2534376978681e+01   1.2609041e+00   0.0000000e+00   3.6048831e+01   1.9295155e-05   0.0000000e+00  -3.4584649e-03  -8.1128355e+01
  1.2539252271166e+01   1.2609041e+00   0.0000000e+00   3.6049661e+01   1.9295155e-05   0.0000000e+00  -3.5024550e-03  -8.1128355e+01
  1.2544127563651e+01   1.2609041e+00   0.0000000e+00   3.6050432e+01   1.9295155e-05   0.0000000e+00  -3.5354196e-03  -8.1128355e+01
  1.2549002856136e+01   1.2609041e+00   0.0000000e+00   3.6051134e+01   1.9295155e-05   0.0000000e+00  -3.5597700e-03  -8.1128355e+01
  1.2553878148621e+01   1.2609041e+00   0.0000000e+00   3.6051766e+01   1.9295155e-05   0.0000000e+00  -3.5789944e-03  -8.1128355e+01
  1.2558753441106e+01   1.2609041e+00   0.0000000e+00   3.6052331e+01   1.9295155e-05   0.0000000e+00  -3.5970842e-03  -8.1128355e+01
  1.2563628733591e+01   1.2609041e+00   0.0000000e+00   3.6052835e+01   1.9295155e-05   0.0000000e+00  -3.6178551e-03  -8.1128355e+01
  1.2568504026075e+01   1.2609041e+00   0.0000000e+00   3.6053289e+01   1.9295155e-05   0.0000000e+00  -3.6443051e-03  -8.1128355e+01
  1.2573379318560e+01   1.2609041e+00   0.0000000e+00   3.6053709e+01   1.9295155e-05   0.0000000e+00  -3.6781388e-03  -8.1128355e+01
  1.2578254611045e+01   1.2609041e+00   0.0000000e+00   3.6054111e+01   1.9295155e-05   0.0000000e+00  -3.7195366e-03  -8.1128355e+01
  1.2583129903530e+01   1.2609041e+00   0.0000000e+00   3.6054515e+01   1.9295155e-05   0.0000000e+00  -3.7671860e-03  -8.1128355e+01
  1.2588005196015e+01   1.2609041e+00   0.0000000e+00   3.6054941e+01   1.9295155e-05   0.0000000e+00  -3.8185366e-03  -8.1128355e+01
  1.2592880488500e+01   1.2609041e+00   0.0000000e+00   3.6055409e+01   1.9295155e-05   0.0000000e+00  -3.8702132e-03  -8.1128355e+01
  1.2597755780985e+01   1.2609041e+00   0.0000000e+00   3.6055940e+01   1.9295155e-05   0.0000000e+00  -3.9185140e-03  -8.1128355e+01
  1.2602631073470e+01   1.2609041e+00   0.0000000e+00   3.6056553e+01   1.9295155e-05   0.0000000e+00  -3.9599238e-03  -8.1128355e+01
  1.2607506365955e+01   1.2609041e+00   0.0000000e+00   3.6057266e+01   1.9295155e-05   0.0000000e+00  -3.9915851e-03  -8.1128355e+01
  1.2612381658440e+01   1.2609041e+00   0.0000000e+00   3.6058094e+01   1.9295155e-05   0.0000000e+00  -4.0116656e-03  -8.1128355e+01
  1.2617256950925e+01   1.2609041e+00   0.0000000e+00   3.6059049e+01   1.9295155e-05   0.0000000e+00  -4.0195686e-03  -8.1128355e+01
  1.2622132243410e+01   1.2609041e+00   0.0000000e+00   3.6060139e+01   1.9295155e-05   0.0000000e+00  -4.0159423e-03  -8.1128355e+01
  1.2627007535894e+01   1.2609041e+00   0.0000000e+00   3.6061366e+01   1.9295155e-05   0.0000000e+00  -4.0024729e-03  -8.1128355e+01
  1.2631882828379e+01   1.2609041e+00   0.0000000e+00   3.6062729e+01   1.9295155e-05   0.0000000e+00  -3.9814895e-03  -8.1128355e+01
  1.2636758120864e+01   1.2609041e+00   0.0000000e+00   3.6064220e+01   1.9295155e-05   0.0000000e+00  -3.9554444e-03  -8.1128355e+01
  1.2641633413349e+01   1.2609041e+00   0.0000000e+00   3.6065826e+01   1.9295155e-05   0.0000000e+00  -3.9263669e-03  -8.1128355e+01
  1.2646508705834e+01   1.2609041e+00   0.0000000e+00   3.6067533e+01   1.9295155e-05   0.0000000e+00  -3.8953952e-03  -8.1128355e+01
  1.2651383998319e+01   1.2609041e+00   0.0000000e+00   3.6069319e+01   1.9295155e-05   0.0000000e+00  -3.8624841e-03  -8.1128355e+01
  1.2656259290804e+01   1.2609041e+00   0.0000000e+00   3.6071162e+01   1.9295155e-05   0.0000000e+00  -3.8263627e-03  -8.1128355e+01
  1.2661134583289e+01   1.2609041e+00   0.0000000e+00   3.6073041e+01   1.9295155e-05   0.0000000e+00  -3.7847762e-03  -8.1128355e+01
  1.2666009875774e+01   1.2609041e+00   0.0000000e+00   3.6074930e+01   1.9295155e-05   0.0000000e+00  -3.7349988e-03  -8.1128355e+01
  1.2670885168259e+01   1.2609041e+00   0.0000000e+00   3.6076807e+01   1.9295155e-05   0.0000000e+00  -3.6745454e-03  -8.1128355e+01
  1.2675760460744e+01   1.2609041e+00   0.0000000e+00   3.6078651e+01   1.9295155e-05   0.0000000e+00  -3.6019560e-03  -8.1128355e+01
  1.2680635753229e+01   1.2609041e+00   0.0000000e+00   3.6080440e+01   1.9295155e-05   0.0000000e+00  -3.5174908e-03  -8.1128355e+01
  1.2685511045714e+01   1.2609041e+00   0.0000000e+00   3.6082154e+01   1.9295155e-05   0.0000000e+00  -3.4235755e-03  -8.1128355e+01
  1.2690386338199e+01   1.2609041e+00   0.0000000e+00   3.6083772e+01   1.9295155e-05   0.0000000e+00  -3.3248755e-03  -8.1128355e+01
  1.2695261630683e+01   1.2609041e+00   0.0000000e+00   3.6085276e+01   1.9295155e-05   0.0000000e+00  -3.2279563e-03  -8.1128355e+01
  1.2700136923168e+01   1.2609041e+00   0.0000000e+00   3.6086642e+01   1.9295155e-05   0.0000000e+00  -3.1405719e-03  -8.1128355e+01
  1.2705012215653e+01   1.2609041e+00   0.0000000e+00   3.6087849e+01   1.9295155e-05   0.0000000e+00  -3.0707035e-03  -8.1128355e+01
  1.2709887508138e+01   1.2609041e+00   0.0000000e+00   3.6088874e+01   1.9295155e-05   0.0000000e+00  -3.0255135e-03  -8.1128355e+01
  1.2714762800623e+01   1.2609041e+00   0.0000000e+00   3.6089694e+01   1.9295155e-05   0.0000000e+00  -3.0103857e-03  -8.1128355e+01
  1.2719638093108e+01   1.2609041e+00   0.0000000e+00   3.6090288e+01   1.9295155e-05   0.0000000e+00  -3.0281975e-03  -8.1128355e+01
  1.2724513385593e+01   1.2609041e+00   0.0000000e+00   3.6090636e+01   1.9295155e-05   0.0000000e+00  -3.0789159e-03  -8.1128355e+01
  1.2729388678078e+01   1.2609041e+00   0.0000000e+00   3.6090725e+01   1.9295155e-05   0.0000000e+00  -3.1595545e-03  -8.1128355e+01
  1.2734263970563e+01   1.2609041e+00   0.0000000e+00   3.6090545e+01   1.9295155e-05   0.0000000e+00  -3.2644739e-03  -8.1128355e+01
  1.2739139263048e+01   1.2609041e+00   0.0000000e+00   3.6090091e+01   1.9295155e-05   0.0000000e+00  -3.3859670e-03  -8.1128355e+01
  1.2744014555533e+01   1.2609041e+00   0.0000000e+00   3.6089368e+01   1.9295155e-05   0.0000000e+00  -3.5150454e-03  -8.1128355e+01
  1.2748889848017e+01   1.2609041e+00   0.0000000e+00   3.6088383e+01   1.9295155e-05   0.0000000e+00  -3.6423292e-03  -8.1128355e+01
  1.2753765140502e+01   1.2609041e+00   0.0000000e+00   3.6087149e+01   1.9295155e-05   0.0000000e+00  -3.7589435e-03  -8.1128355e+01
  1.2758640432987e+01   1.2609041e+00   0.0000000e+00   3.6085683e+01   1.9295155e-05   0.0000000e+00  -3.8573345e-03  -8.1128355e+01
  1.2763515725472e+01   1.2609041e+00   0.0000000e+00   3.6084001e+01   1.9295155e-05   0.0000000e+00  -3.9319325e-03  -8.1128355e+01
  1.2768391017957e+01   1.2609041e+00   0.0000000e+00   3.6082123e+01   1.9295155e-05   0.0000000e+00  -3.9796142e-03  -8.1128355e+01
  1.2773266310442e+01   1.2609041e+00   0.0000000e+00   3.6080063e+01   1.9295155e-05   0.0000000e+00  -3.9999368e-03  -8.1128355e+01
  1.2778141602927e+01   1.2609041e+00   0.0000000e+00   3.6077836e+01   1.9295155e-05   0.0000000e+00  -3.9951402e-03  -8.1128355e+01
  1.2783016895412e+01   1.2609041e+00   0.0000000e+00   3.6075454e+01   1.9295155e-05   0.0000000e+00  -3.9699304e-03  -8.1128355e+01
  1.2787892187897e+01   1.2609041e+00   0.0000000e+00   3.6072928e+01   1.9295155e-05   0.0000000e+00  -3.9310682e-03  -8.1128355e+01
  1.2792767480382e+01   1.2609041e+00   0.0000000e+00   3.6070265e+01   1.9295155e-05   0.0000000e+00  -3.8867943e-03  -8.1128355e+01
  1.2797642772867e+01   1.2609041e+00   0.0000000e+00   3.6067475e+01   1.9295155e-05   0.0000000e+00  -3.8461274e-03  -8.1128355e+01
  1.2802518065352e+01   1.2609041e+00   0.0000000e+00   3.6064570e+01   1.9295155e-05   0.0000000e+00  -3.8180785e-03  -8.1128355e+01
  1.2807393357836e+01   1.2609041e+00   0.0000000e+00   3.6061562e+01   1.9295155e-05   0.0000000e+00  -3.8108362e-03  -8.1128355e+01
  1.2812268650321e+01   1.2609041e+00   0.0000000e+00   3.6058467e+01   1.9295155e-05   0.0000000e+00  -3.8309838e-03  -8.1128355e+01
  1.2817143942806e+01   1.2609041e+00   0.0000000e+00   3.6055304e+01   1.9295155e-05   0.0000000e+00  -3.8828222e-03  -8.1128355e+01
  1.2822019235291e+01   1.2609041e+00   0.0000000e+00   3.6052092e+01   1.9295155e-05   0.0000000e+00  -3.9678671e-03  -8.1128355e+01
  1.2826894527776e+01   1.2609041e+00   0.0000000e+00   3.6048854e+01   1.9295155e-05   0.0000000e+00  -4.0845852e-03  -8.1128355e+01
  1.2831769820261e+01   1.2609041e+00   0.0000000e+00   3.6045610e+01   1.9295155e-05   0.0000000e+00  -4.2284147e-03  -8.1128355e+01
  1.2836645112746e+01   1.2609041e+00   0.0000000e+00   3.6042379e+01   1.9295155e-05   0.0000000e+00  -4.3920897e-03  -8.1128355e+01
  1.2841520405231e+01   1.2609041e+00   0.0000000e+00   3.6039176e+01   1.9295155e-05   0.0000000e+00  -4.5662522e-03  -8.1128355e+01
  1.2846395697716e+01   1.2609041e+00   0.0000000e+00   3.6036012e+01   1.9295155e-05   0.0000000e+00  -4.7402963e-03  -8.1128355e+01
  1.2851270990201e+01   1.2609041e+00   0.0000000e+00   3.6032893e+01   1.9295155e-05   0.0000000e+00  -4.9033462e-03  -8.1128355e+01
  1.2856146282686e+01   1.2609041e+00   0.0000000e+00   3.6029819e+01   1.9295155e-05   0.0000000e+00  -5.0452391e-03  -8.1128355e+01
  1.2861021575171e+01   1.2609041e+00   0.0000000e+00   3.6026785e+01   1.9295155e-05   0.0000000e+00  -5.1573766e-03  -8.1128355e+01
  1.2865896867656e+01   1.2609041e+00   0.0000000e+00   3.6023785e+01   1.9295155e-05   0.0000000e+00  -5.2333245e-03  -8.1128355e+01
  1.2870772160141e+01   1.2609041e+00   0.0000000e+00   3.6020807e+01   1.9295155e-05   0.0000000e+00  -5.2690899e-03  -8.1128355e+01
  1.2875647452625e+01   1.2609041e+00   0.0000000e+00   3.6017842e+01   1.9295155e-05   0.0000000e+00  -5.2630676e-03  -8.1128355e+01
  1.2880522745110e+01   1.2609041e+00   0.0000000e+00   3.6014879e+01   1.9295155e-05   0.0000000e+00  -5.2157100e-03  -8.1128355e+01
  1.2885398037595e+01   1.2609041e+00   0.0000000e+00   3.6011912e+01   1.9295155e-05   0.0000000e+00  -5.1290198e-03  -8.1128355e+01
  1.2890273330080e+01   1.2609041e+00   0.0000000e+00   3.6008936e+01   1.9295155e-05   0.0000000e+00  -5.0059848e-03  -8.1128355e+01
  1.2895148622565e+01   1.2609041e+00   0.0000000e+00   3.6005952e+01   1.9295155e-05   0.0000000e+00  -4.8500629e-03  -8.1128355e+01
  1.2900023915050e+01   1.2609041e+00   0.0000000e+00   3.6002965e+01   1.9295155e-05   0.0000000e+00  -4.6647987e-03  -8.1128355e+01
  1.2904899207535e+01   1.2609041e+00   0.0000000e+00   3.5999983e+01   1.9295155e-05   0.0000000e+00  -4.4536146e-03  -8.1128355e+01
  1.2909774500020e+01   1.2609041e+00   0.0000000e+00   3.5997020e+01   1.9295155e-05   0.0000000e+00  -4.2197852e-03  -8.1128355e+01
  1.2914649792505e+01   1.2609041e+00   0.0000000e+00   3.5994094e+01   1.9295155e-05   0.0000000e+00  -3.9665711e-03  -8.1128355e+01
  1.2919525084990e+01   1.2609041e+00   0.0000000e+00   3.5991222e+01   1.9295155e-05   0.0000000e+00  -3.6974657e-03  -8.1128355e+01
  1.2924400377475e+01   1.2609041e+00   0.0000000e+00   3.5988427e+01   1.9295155e-05   0.0000000e+00  -3.4164964e-03  -8.1128355e+01
  1.2929275669959e+01   1.2609041e+00   0.0000000e+00   3.5985728e+01   1.9295155e-05   0.0000000e+00  -3.1285071e-03  -8.1128355e+01
  1.2934150962444e+01   1.2609041e+00   0.0000000e+00   3.5983146e+01   1.9295155e-05   0.0000000e+00  -2.8393566e-03  -8.1128355e+01
  1.2939026254929e+01   1.2609041e+00   0.0000000e+00   3.5980698e+01   1.9295155e-05   0.0000000e+00  -2.5559727e-03  -8.1128355e+01
  1.2943901547414e+01   1.2609041e+00   0.0000000e+00   3.5978399e+01   1.9295155e-05   0.0000000e+00  -2.2862224e-03  -8.1128355e+01
  1.2948776839899e+01   1.2609041e+00   0.0000000e+00   3.5976257e+01   1.9295155e-05   0.0000000e+00  -2.0385866e-03  -8.1128355e+01
  1.2953652132384e+01   1.2609041e+00   0.0000000e+00   3.5974276e+01   1.9295155e-05   0.0000000e+00  -1.8216568e-03  -8.1128355e+01
  1.2958527424869e+01   1.2609041e+00   0.0000000e+00   3.5972453e+01   1.9295155e-05   0.0000000e+00  -1.6435029e-03  -8.1128355e+01
  1.2963402717354e+01   1.2609041e+00   0.0000000e+00   3.5970781e+01   1.9295155e-05   0.0000000e+00  -1.5109867e-03  -8.1128355e+01
  1.2968278009839e+01   1.2609041e+00   0.0000000e+00   3.5969244e+01   1.9295155e-05   0.0000000e+00  -1.4291149e-03  -8.1128355e+01
  1.2973153302324e+01   1.2609041e+00   0.0000000e+00   3.5967824e+01   1.9295155e-05   0.0000000e+00  -1.4005263e-03  -8.1128355e+01
  1.2978028594809e+01   1.2609041e+00   0.0000000e+00   3.5966497e+01   1.9295155e-05   0.0000000e+00  -1.4251984e-03  -8.1128355e+01
  1.2982903887294e+01   1.2609041e+00   0.0000000e+00   3.5965238e+01   1.9295155e-05   0.0000000e+00  -1.5004302e-03  -8.1128355e+01
  1.2987779179778e+01   1.2609041e+00   0.0000000e+00   3.5964021e+01   1.9295155e-05   0.0000000e+00  -1.6211141e-03  -8.1128355e+01
  1.2992654472263e+01   1.2609041e+00   0.0000000e+00   3.5962820e+01   1.9295155e-05   0.0000000e+00  -1.7802668e-03  -8.1128355e+01
  1.2997529764748e+01   1.2609041e+00   0.0000000e+00   3.5961613e+01   1.9295155e-05   0.0000000e+00  -1.9697430e-03  -8.1128355e+01
  1.3002405057233e+01   1.2609041e+00   0.0000000e+00   3.5960381e+01   1.9295155e-05   0.0000000e+00  -2.1810294e-03  -8.1128355e+01
  1.3007280349718e+01   1.2609041e+00   0.0000000e+00   3.5959107e+01   1.9295155e-05   0.0000000e+00  -2.4060033e-03  -8.1128355e+01
  1.3012155642203e+01   1.2609041e+00   0.0000000e+00   3.5957782e+01   1.9295155e-05   0.0000000e+00  -2.6375531e-03  -8.1128355e+01
  1.3017030934688e+01   1.2609041e+00   0.0000000e+00   3.5956397e+01   1.9295155e-05   0.0000000e+00  -2.8699834e-03  -8.1128355e+01
  1.3021906227173e+01   1.2609041e+00   0.0000000e+00   3.5954949e+01   1.9295155e-05   0.0000000e+00  -3.0991656e-03  -8.1128355e+01
  1.3026781519658e+01   1.2609041e+00   0.0000000e+00   3.5953437e+01   1.9295155e-05   0.0000000e+00  -3.3224344e-03  -8.1128355e+01
  1.3031656812143e+01   1.2609041e+00   0.0000000e+00   3.5951863e+01   1.9295155e-05   0.0000000e+00  -3.5382706e-03  -8.1128355e+01
  1.3036532104628e+01   1.2609041e+00   0.0000000e+00   3.5950232e+01   1.9295155e-05   0.0000000e+00  -3.7458386e-03  -8.1128355e+01
  1.3041407397113e+01   1.2609041e+00   0.0000000e+00   3.5948549e+01   1.9295155e-05   0.0000000e+00  -3.9444637e-03  -8.1128355e+01
  1.3046282689598e+01   1.2609041e+00   0.0000000e+00   3.5946822e+01   1.9295155e-05   0.0000000e+00  -4.1331395e-03  -8.1128355e+01
  1.3051157982082e+01   1.2609041e+00   0.0000000e+00   3.5945062e+01   1.9295155e-05   0.0000000e+00  -4.3101439e-03  -8.1128355e+01
  1.3056033274567e+01   1.2609041e+00   0.0000000e+00   3.5943281e+01   1.9295155e-05   0.0000000e+00  -4.4728182e-03  -8.1128355e+01
  1.3060908567052e+01   1.2609041e+00   0.0000000e+00   3.5941496e+01   1.9295155e-05   0.0000000e+00  -4.6175365e-03  -8.1128355e+01
  1.3065783859537e+01   1.2609041e+00   0.0000000e+00   3.5939726e+01   1.9295155e-05   0.0000000e+00  -4.7398653e-03  -8.1128355e+01
  1.3070659152022e+01   1.2609041e+00   0.0000000e+00   3.5937993e+01   1.9295155e-05   0.0000000e+00  -4.8348868e-03  -8.1128355e+01
  1.3075534444507e+01   1.2609041e+00   0.0000000e+00   3.5936322e+01   1.9295155e-05   0.0000000e+00  -4.8976482e-03  -8.1128355e+01
  1.3080409736992e+01   1.2609041e+00   0.0000000e+00   3.5934740e+01   1.9295155e-05   0.0000000e+00  -4.9236871e-03  -8.1128355e+01
  1.3085285029477e+01   1.2609041e+00   0.0000000e+00   3.5933272e+01   1.9295155e-05   0.0000000e+00  -4.9095783e-03  -8.1128355e+01
  1.3090160321962e+01   1.2609041e+00   0.0000000e+00   3.5931943e+01   1.9295155e-05   0.0000000e+00  -4.8534422e-03  -8.1128355e+01
  1.3095035614447e+01   1.2609041e+00   0.0000000e+00   3.5930772e+01   1.9295155e-05   0.0000000e+00  -4.7553566e-03  -8.1128355e+01
  1.3099910906932e+01   1.2609041e+00   0.0000000e+00   3.5929773e+01   1.9295155e-05   0.0000000e+00  -4.6176169e-03  -8.1128355e+01
  1.3104786199417e+01   1.2609041e+00   0.0000000e+00   3.5928950e+01   1.9295155e-05   0.0000000e+00  -4.4448042e-03  -8.1128355e+01
  1.3109661491901e+01   1.2609041e+00   0.0000000e+00   3.5928301e+01   1.9295155e-05   0.0000000e+00  -4.2436459e-03  -8.1128355e+01
  1.3114536784386e+01   1.2609041e+00   0.0000000e+00   3.5927811e+01   1.9295155e-05   0.0000000e+00  -4.0226777e-03  -8.1128355e+01
  1.3119412076871e+01   1.2609041e+00   0.0000000e+00   3.5927460e+01   1.9295155e-05   0.0000000e+00  -3.7917420e-03  -8.1128355e+01
  1.3124287369356e+01   1.2609041e+00   0.0000000e+00   3.5927217e+01   1.9295155e-05   0.0000000e+00  -3.5613734e-03  -8.1128355e+01
  1.3129162661841e+01   1.2609041e+00   0.0000000e+00   3.5927047e+01   1.9295155e-05   0.0000000e+00  -3.3421270e-03  -8.1128355e+01
  1.3134037954326e+01   1.2609041e+00   0.0000000e+00   3.5926909e+01   1.9295155e-05   0.0000000e+00  -3.1439014e-03  -8.1128355e+01
  1.3138913246811e+01   1.2609041e+00   0.0000000e+00   3.5926764e+01   1.9295155e-05   0.0000000e+00  -2.9753034e-03  -8.1128355e+01
  1.3143788539296e+01   1.2609041e+00   0.0000000e+00   3.5926572e+01   1.9295155e-05   0.0000000e+00  -2.8430906e-03  -8.1128355e+01
  1.3148663831781e+01   1.2609041e+00   0.0000000e+00   3.5926297e+01   1.9295155e-05   0.0000000e+00  -2.7517304e-03  -8.1128355e+01
  1.3153539124266e+01   1.2609041e+00   0.0000000e+00   3.5925907e+01   1.9295155e-05   0.0000000e+00  -2.7031064e-03  -8.1128355e+01
  1.3158414416751e+01   1.2609041e+00   0.0000000e+00   3.5925376e+01   1.9295155e-05   0.0000000e+00  -2.6964012e-03  -8.1128355e+01
  1.3163289709236e+01   1.2609041e+00   0.0000000e+00   3.5924687e+01   1.9295155e-05   0.0000000e+00  -2.7281733e-03  -8.1128355e+01
  1.3168165001720e+01   1.2609041e+00   0.0000000e+00   3.5923829e+01   1.9295155e-05   0.0000000e+00  -2.7926300e-03  -8.1128355e+01
  1.3173040294205e+01   1.2609041e+00   0.0000000e+00   3.5922796e+01   1.9295155e-05   0.0000000e+00  -2.8820818e-03  -8.1128355e+01
  1.3177915586690e+01   1.2609041e+00   0.0000000e+00   3.5921594e+01   1.9295155e-05   0.0000000e+00  -2.9875406e-03  -8.1128355e+01
  1.3182790879175e+01   1.2609041e+00   0.0000000e+00   3.5920230e+01   1.9295155e-05   0.0000000e+00  -3.0994151e-03  -8.1128355e+01
  1.3187666171660e+01   1.2609041e+00   0.0000000e+00   3.5918723e+01   1.9295155e-05   0.0000000e+00  -3.2082433e-03  -8.1128355e+01
  1.3192541464145e+01   1.2609041e+00   0.0000000e+00   3.5917097e+01   1.9295155e-05   0.0000000e+00  -3.3054031e-03  -8.1128355e+01
  1.3197416756630e+01   1.2609041e+00   0.0000000e+00   3.5915381e+01   1.9295155e-05   0.0000000e+00  -3.3837453e-03  -8.1128355e+01
  1.3202292049115e+01   1.2609041e+00   0.0000000e+00   3.5913612e+01   1.9295155e-05   0.0000000e+00  -3.4380991e-03  -8.1128355e+01
  1.3207167341600e+01   1.2609041e+00   0.0000000e+00   3.5911832e+01   1.9295155e-05   0.0000000e+00  -3.4656131e-03  -8.1128355e+01
  1.3212042634085e+01   1.2609041e+00   0.0000000e+00   3.5910088e+01   1.9295155e-05   0.0000000e+00  -3.4659039e-03  -8.1128355e+01
  1.3216917926570e+01   1.2609041e+00   0.0000000e+00   3.5908429e+01   1.9295155e-05   0.0000000e+00  -3.4409990e-03  -8.1128355e+01
  1.3221793219055e+01   1.2609041e+00   0.0000000e+00   3.5906905e+01   1.9295155e-05   0.0000000e+00  -3.3950778e-03  -8.1128355e+01
  1.3226668511540e+01   1.2609041e+00   0.0000000e+00   3.5905567e+01   1.9295155e-05   0.0000000e+00  -3.3340301e-03  -8.1128355e+01
  1.3231543804024e+01   1.2609041e+00   0.0000000e+00   3.5904458e+01   1.9295155e-05   0.0000000e+00  -3.2648760e-03  -8.1128355e+01
  1.3236419096509e+01   1.2609041e+00   0.0000000e+00   3.5903616e+01   1.9295155e-05   0.0000000e+00  -3.1951047e-03  -8.1128355e+01
  1.3241294388994e+01   1.2609041e+00   0.0000000e+00   3.5903070e+01   1.9295155e-05   0.0000000e+00  -3.1320057e-03  -8.1128355e+01
  1.3246169681479e+01   1.2609041e+00   0.0000000e+00   3.5902836e+01   1.9295155e-05   0.0000000e+00  -3.0820644e-03  -8.1128355e+01
  1.3251044973964e+01   1.2609041e+00   0.0000000e+00   3.5902915e+01   1.9295155e-05   0.0000000e+00  -3.0504884e-03  -8.1128355e+01
  1.3255920266449e+01   1.2609041e+00   0.0000000e+00   3.5903294e+01   1.9295155e-05   0.0000000e+00  -3.0409048e-03  -8.1128355e+01
  1.3260795558934e+01   1.2609041e+00   0.0000000e+00   3.5903947e+01   1.9295155e-05   0.0000000e+00  -3.0552430e-03  -8.1128355e+01
  1.3265670851419e+01   1.2609041e+00   0.0000000e+00   3.5904834e+01   1.9295155e-05   0.0000000e+00  -3.0937866e-03  -8.1128355e+01
  1.3270546143904e+01   1.2609041e+00   0.0000000e+00   3.5905905e+01   1.9295155e-05   0.0000000e+00  -3.1553515e-03  -8.1128355e+01
  1.3275421436389e+01   1.2609041e+00   0.0000000e+00   3.5907102e+01   1.9295155e-05   0.0000000e+00  -3.2375304e-03  -8.1128355e+01
  1.3280296728874e+01   1.2609041e+00   0.0000000e+00   3.5908363e+01   1.9295155e-05   0.0000000e+00  -3.3369457e-03  -8.1128355e+01
  1.3285172021359e+01   1.2609041e+00   0.0000000e+00   3.5909627e+01   1.9295155e-05   0.0000000e+00  -3.4494613e-03  -8.1128355e+01
  1.3290047313843e+01   1.2609041e+00   0.0000000e+00   3.5910838e+01   1.9295155e-05   0.0000000e+00  -3.5703312e-03  -8.1128355e+01
  1.3294922606328e+01   1.2609041e+00   0.0000000e+00   3.5911946e+01   1.9295155e-05   0.0000000e+00  -3.6942876e-03  -8.1128355e+01
  1.3299797898813e+01   1.2609041e+00   0.0000000e+00   3.5912911e+01   1.9295155e-05   0.0000000e+00  -3.8156006e-03  -8.1128355e+01
  1.3304673191298e+01   1.2609041e+00   0.0000000e+00   3.5913708e+01   1.9295155e-05   0.0000000e+00  -3.9281548e-03  -8.1128355e+01
  1.3309548483783e+01   1.2609041e+00   0.0000000e+00   3.5914322e+01   1.9295155e-05   0.0000000e+00  -4.0255911e-03  -8.1128355e+01
  1.3314423776268e+01   1.2609041e+00   0.0000000e+00   3.5914753e+01   1.9295155e-05   0.0000000e+00  -4.1015456e-03  -8.1128355e+01
  1.3319299068753e+01   1.2609041e+00   0.0000000e+00   3.5915013e+01   1.9295155e-05   0.0000000e+00  -4.1500012e-03  -8.1128355e+01
  1.3324174361238e+01   1.2609041e+00   0.0000000e+00   3.5915124e+01   1.9295155e-05   0.0000000e+00  -4.1657332e-03  -8.1128355e+01
  1.3329049653723e+01   1.2609041e+00   0.0000000e+00   3.5915116e+01   1.9295155e-05   0.0000000e+00  -4.1448121e-03  -8.1128355e+01
  1.3333924946208e+01   1.2609041e+00   0.0000000e+00   3.5915026e+01   1.9295155e-05   0.0000000e+00  -4.0851060e-03  -8.1128355e+01
  1.3338800238693e+01   1.2609041e+00   0.0000000e+00   3.5914893e+01   1.9295155e-05   0.0000000e+00  -3.9867153e-03  -8.1128355e+01
  1.3343675531177e+01   1.2609041e+00   0.0000000e+00   3.5914760e+01   1.9295155e-05   0.0000000e+00  -3.8522745e-03  -8.1128355e+01
  1.3348550823662e+01   1.2609041e+00   0.0000000e+00   3.5914665e+01   1.9295155e-05   0.0000000e+00  -3.6870642e-03  -8.1128355e+01
  1.3353426116147e+01   1.2609041e+00   0.0000000e+00   3.5914645e+01   1.9295155e-05   0.0000000e+00  -3.4988973e-03  -8.1128355e+01
  1.3358301408632e+01   1.2609041e+00   0.0000000e+00   3.5914733e+01   1.9295155e-05   0.0000000e+00  -3.2977710e-03  -8.1128355e+01
  1.3363176701117e+01   1.2609041e+00   0.0000000e+00   3.5914956e+01   1.9295155e-05   0.0000000e+00  -3.0953038e-03  -8.1128355e+01
  1.3368051993602e+01   1.2609041e+00   0.0000000e+00   3.5915335e+01   1.9295155e-05   0.0000000e+00  -2.9040061e-03  -8.1128355e+01
  1.3372927286087e+01   1.2609041e+00   0.0000000e+00   3.5915883e+01   1.9295155e-05   0.0000000e+00  -2.7364497e-03  -8.1128355e+01
  1.3377802578572e+01   1.2609041e+00   0.0000000e+00   3.5916605e+01   1.9295155e-05   0.0000000e+00  -2.6044093e-03  -8.1128355e+01
  1.3382677871057e+01   1.2609041e+00   0.0000000e+00   3.5917498e+01   1.9295155e-05   0.0000000e+00  -2.5180476e-03  -8.1128355e+01
  1.3387553163542e+01   1.2609041e+00   0.0000000e+00   3.5918553e+01   1.9295155e-05   0.0000000e+00  -2.4852090e-03  -8.1128355e+01
  1.3392428456027e+01   1.2609041e+00   0.0000000e+00   3.5919750e+01   1.9295155e-05   0.0000000e+00  -2.5108731e-03  -8.1128355e+01
  1.3397303748512e+01   1.2609041e+00   0.0000000e+00   3.5921064e+01   1.9295155e-05   0.0000000e+00  -2.5968127e-03  -8.1128355e+01
  1.3402179040997e+01   1.2609041e+00   0.0000000e+00   3.5922461e+01   1.9295155e-05   0.0000000e+00  -2.7414811e-03  -8.1128355e+01
  1.3407054333482e+01   1.2609041e+00   0.0000000e+00   3.5923905e+01   1.9295155e-05   0.0000000e+00  -2.9401403e-03  -8.1128355e+01
  1.3411929625966e+01   1.2609041e+00   0.0000000e+00   3.5925357e+01   1.9295155e-05   0.0000000e+00  -3.1852134e-03  -8.1128355e+01
  1.3416804918451e+01   1.2609041e+00   0.0000000e+00   3.5926779e+01   1.9295155e-05   0.0000000e+00  -3.4668237e-03  -8.1128355e+01
  1.3421680210936e+01   1.2609041e+00   0.0000000e+00   3.5928134e+01   1.9295155e-05   0.0000000e+00  -3.7734560e-03  -8.1128355e+01
  1.3426555503421e+01   1.2609041e+00   0.0000000e+00   3.5929391e+01   1.9295155e-05   0.0000000e+00  -4.0926702e-03  -8.1128355e+01
  1.3431430795906e+01   1.2609041e+00   0.0000000e+00   3.5930525e+01   1.9295155e-05   0.0000000e+00  -4.4117944e-03  -8.1128355e+01
  1.3436306088391e+01   1.2609041e+00   0.0000000e+00   3.5931523e+01   1.9295155e-05   0.0000000e+00  -4.7185473e-03  -8.1128355e+01
  1.3441181380876e+01   1.2609041e+00   0.0000000e+00   3.5932379e+01   1.9295155e-05   0.0000000e+00  -5.0015592e-03  -8.1128355e+01
  1.3446056673361e+01   1.2609041e+00   0.0000000e+00   3.5933096e+01   1.9295155e-05   0.0000000e+00  -5.2507908e-03  -8.1128355e+01
  1.3450931965846e+01   1.2609041e+00   0.0000000e+00   3.5933689e+01   1.9295155e-05   0.0000000e+00  -5.4578628e-03  -8.1128355e+01
  1.3455807258331e+01   1.2609041e+00   0.0000000e+00   3.5934179e+01   1.9295155e-05   0.0000000e+00  -5.6163201e-03  -8.1128355e+01
  1.3460682550816e+01   1.2609041e+00   0.0000000e+00   3.5934591e+01   1.9295155e-05   0.0000000e+00  -5.7218447e-03  -8.1128355e+01
  1.3465557843301e+01   1.2609041e+00   0.0000000e+00   3.5934954e+01   1.9295155e-05   0.0000000e+00  -5.7724240e-03  -8.1128355e+01
  1.3470433135785e+01   1.2609041e+00   0.0000000e+00   3.5935296e+01   1.9295155e-05   0.0000000e+00  -5.7684622e-03  -8.1128355e+01
  1.3475308428270e+01   1.2609041e+00   0.0000000e+00   3.5935644e+01   1.9295155e-05   0.0000000e+00  -5.7128144e-03  -8.1128355e+01
  1.3480183720755e+01   1.2609041e+00   0.0000000e+00   3.5936019e+01   1.9295155e-05   0.0000000e+00  -5.6107172e-03  -8.1128355e+01
  1.3485059013240e+01   1.2609041e+00   0.0000000e+00   3.5936437e+01   1.9295155e-05   0.0000000e+00  -5.4695922e-03  -8.1128355e+01
  1.3489934305725e+01   1.2609041e+00   0.0000000e+00   3.5936907e+01   1.9295155e-05   0.0000000e+00  -5.2987077e-03  -8.1128355e+01
  1.3494809598210e+01   1.2609041e+00   0.0000000e+00   3.5937434e+01   1.9295155e-05   0.0000000e+00  -5.1086963e-03  -8.1128355e+01
  1.3499684890695e+01   1.2609041e+00   0.0000000e+00   3.5938014e+01   1.9295155e-05   0.0000000e+00  -4.9109436e-03  -8.1128355e+01
  1.3504560183180e+01   1.2609041e+00   0.0000000e+00   3.5938642e+01   1.9295155e-05   0.0000000e+00  -4.7168763e-03  -8.1128355e+01
  1.3509435475665e+01   1.2609041e+00   0.0000000e+00   3.5939307e+01   1.9295155e-05   0.0000000e+00  -4.5371959e-03  -8.1128355e+01
  1.3514310768150e+01   1.2609041e+00   0.0000000e+00   3.5939998e+01   1.9295155e-05   0.0000000e+00  -4.3811155e-03  -8.1128355e+01
  1.3519186060635e+01   1.2609041e+00   0.0000000e+00   3.5940700e+01   1.9295155e-05   0.0000000e+00  -4.2556636e-03  -8.1128355e+01
  1.3524061353119e+01   1.2609041e+00   0.0000000e+00   3.5941400e+01   1.9295155e-05   0.0000000e+00  -4.1651229e-03  -8.1128355e+01
  1.3528936645604e+01   1.2609041e+00   0.0000000e+00   3.5942084e+01   1.9295155e-05   0.0000000e+00  -4.1106631e-03  -8.1128355e+01
  1.3533811938089e+01   1.2609041e+00   0.0000000e+00   3.5942738e+01   1.9295155e-05   0.0000000e+00  -4.0902133e-03  -8.1128355e+01
  1.3538687230574e+01   1.2609041e+00   0.0000000e+00   3.5943348e+01   1.9295155e-05   0.0000000e+00  -4.0985982e-03  -8.1128355e+01
  1.3543562523059e+01   1.2609041e+00   0.0000000e+00   3.5943899e+01   1.9295155e-05   0.0000000e+00  -4.1279353e-03  -8.1128355e+01
  1.3548437815544e+01   1.2609041e+00   0.0000000e+00   3.5944379e+01   1.9295155e-05   0.0000000e+00  -4.1682644e-03  -8.1128355e+01
  1.3553313108029e+01   1.2609041e+00   0.0000000e+00   3.5944774e+01   1.9295155e-05   0.0000000e+00  -4.2083554e-03  -8.1128355e+01
  1.3558188400514e+01   1.2609041e+00   0.0000000e+00   3.5945078e+01   1.9295155e-05   0.0000000e+00  -4.2366224e-03  -8.1128355e+01
  1.3563063692999e+01   1.2609041e+00   0.0000000e+00   3.5945287e+01   1.9295155e-05   0.0000000e+00  -4.2420637e-03  -8.1128355e+01
  1.3567938985484e+01   1.2609041e+00   0.0000000e+00   3.5945405e+01   1.9295155e-05   0.0000000e+00  -4.2151491e-03  -8.1128355e+01
  1.3572814277969e+01   1.2609041e+00   0.0000000e+00   3.5945446e+01   1.9295155e-05   0.0000000e+00  -4.1485818e-03  -8.1128355e+01
  1.3577689570454e+01   1.2609041e+00   0.0000000e+00   3.5945436e+01   1.9295155e-05   0.0000000e+00  -4.0378801e-03  -8.1128355e+01
  1.3582564862939e+01   1.2609041e+00   0.0000000e+00   3.5945415e+01   1.9295155e-05   0.0000000e+00  -3.8817368e-03  -8.1128355e+01
  1.3587440155423e+01   1.2609041e+00   0.0000000e+00   3.5945434e+01   1.9295155e-05   0.0000000e+00  -3.6821372e-03  -8.1128355e+01
  1.3592315447908e+01   1.2609041e+00   0.0000000e+00   3.5945558e+01   1.9295155e-05   0.0000000e+00  -3.4442294e-03  -8.1128355e+01
  1.3597190740393e+01   1.2609041e+00   0.0000000e+00   3.5945860e+01   1.9295155e-05   0.0000000e+00  -3.1759654e-03  -8.1128355e+01
  1.3602066032878e+01   1.2609041e+00   0.0000000e+00   3.5946420e+01   1.9295155e-05   0.0000000e+00  -2.8875468e-03  -8.1128355e+01
  1.3606941325363e+01   1.2609041e+00   0.0000000e+00   3.5947318e+01   1.9295155e-05   0.0000000e+00  -2.5907272e-03  -8.1128355e+01
  1.3611816617848e+01   1.2609041e+00   0.0000000e+00   3.5948630e+01   1.9295155e-05   0.0000000e+00  -2.2980369e-03  -8.1128355e+01
  1.3616691910333e+01   1.2609041e+00   0.0000000e+00   3.5950422e+01   1.9295155e-05   0.0000000e+00  -2.0219961e-03  -8.1128355e+01
  1.3621567202818e+01   1.2609041e+00   0.0000000e+00   3.5952744e+01   1.9295155e-05   0.0000000e+00  -1.7743814e-03  -8.1128355e+01
  1.3626442495303e+01   1.2609041e+00   0.0000000e+00   3.5955626e+01   1.9295155e-05   0.0000000e+00  -1.5655970e-03  -8.1128355e+01
  1.3631317787788e+01   1.2609041e+00   0.0000000e+00   3.5959075e+01   1.9295155e-05   0.0000000e+00  -1.4041846e-03  -8.1128355e+01
  1.3636193080273e+01   1.2609041e+00   0.0000000e+00   3.5963072e+01   1.9295155e-05   0.0000000e+00  -1.2964927e-03  -8.1128355e+01
  1.3641068372758e+01   1.2609041e+00   0.0000000e+00   3.5967573e+01   1.9295155e-05   0.0000000e+00  -1.2465099e-03  -8.1128355e+01
  1.3645943665243e+01   1.2609041e+00   0.0000000e+00   3.5972511e+01   1.9295155e-05   0.0000000e+00  -1.2558563e-03  -8.1128355e+01
  1.3650818957727e+01   1.2609041e+00   0.0000000e+00   3.5977797e+01   1.9295155e-05   0.0000000e+00  -1.3239210e-03  -8.1128355e+01
  1.3655694250212e+01   1.2609041e+00   0.0000000e+00   3.5983329e+01   1.9295155e-05   0.0000000e+00  -1.4481218e-03  -8.1128355e+01
  1.3660569542697e+01   1.2609041e+00   0.0000000e+00   3.5988992e+01   1.9295155e-05   0.0000000e+00  -1.6242575e-03  -8.1128355e+01
  1.3665444835182e+01   1.2609041e+00   0.0000000e+00   3.5994668e+01   1.9295155e-05   0.0000000e+00  -1.8469131e-03  -8.1128355e+01
  1.3670320127667e+01   1.2609041e+00   0.0000000e+00   3.6000238e+01   1.9295155e-05   0.0000000e+00  -2.1098713e-03  -8.1128355e+01
  1.3675195420152e+01   1.2609041e+00   0.0000000e+00   3.6005592e+01   1.9295155e-05   0.0000000e+00  -2.4064843e-03  -8.1128355e+01
  1.3680070712637e+01   1.2609041e+00   0.0000000e+00   3.6010629e+01   1.9295155e-05   0.0000000e+00  -2.7299653e-03  -8.1128355e+01
  1.3684946005122e+01   1.2609041e+00   0.0000000e+00   3.6015263e+01   1.9295155e-05   0.0000000e+00  -3.0735677e-03  -8.1128355e+01
  1.3689821297607e+01   1.2609041e+00   0.0000000e+00   3.6019426e+01   1.9295155e-05   0.0000000e+00  -3.4306414e-03  -8.1128355e+01
  1.3694696590092e+01   1.2609041e+00   0.0000000e+00   3.6023066e+01   1.9295155e-05   0.0000000e+00  -3.7945714e-03  -8.1128355e+01
  1.3699571882577e+01   1.2609041e+00   0.0000000e+00   3.6026150e+01   1.9295155e-05   0.0000000e+00  -4.1586239e-03  -8.1128355e+01
  1.3704447175061e+01   1.2609041e+00   0.0000000e+00   3.6028661e+01   1.9295155e-05   0.0000000e+00  -4.5157442e-03  -8.1128355e+01
  1.3709322467546e+01   1.2609041e+00   0.0000000e+00   3.6030598e+01   1.9295155e-05   0.0000000e+00  -4.8583628e-03  -8.1128355e+01
  1.3714197760031e+01   1.2609041e+00   0.0000000e+00   3.6031974e+01   1.9295155e-05   0.0000000e+00  -5.1782742e-03  -8.1128355e+01
  1.3719073052516e+01   1.2609041e+00   0.0000000e+00   3.6032812e+01   1.9295155e-05   0.0000000e+00  -5.4666499e-03  -8.1128355e+01
  1.3723948345001e+01   1.2609041e+00   0.0000000e+00   3.6033144e+01   1.9295155e-05   0.0000000e+00  -5.7142339e-03  -8.1128355e+01
  1.3728823637486e+01   1.2609041e+00   0.0000000e+00   3.6033013e+01   1.9295155e-05   0.0000000e+00  -5.9117444e-03  -8.1128355e+01
  1.3733698929971e+01   1.2609041e+00   0.0000000e+00   3.6032466e+01   1.9295155e-05   0.0000000e+00  -6.0504711e-03  -8.1128355e+01
  1.3738574222456e+01   1.2609041e+00   0.0000000e+00   3.6031557e+01   1.9295155e-05   0.0000000e+00  -6.1230216e-03  -8.1128355e+01
  1.3743449514941e+01   1.2609041e+00   0.0000000e+00   3.6030345e+01   1.9295155e-05   0.0000000e+00  -6.1241352e-03  -8.1128355e+01
  1.3748324807426e+01   1.2609041e+00   0.0000000e+00   3.6028893e+01   1.9295155e-05   0.0000000e+00  -6.0514616e-03  -8.1128355e+01
  1.3753200099911e+01   1.2609041e+00   0.0000000e+00   3.6027267e+01   1.9295155e-05   0.0000000e+00  -5.9061880e-03  -8.1128355e+01
  1.3758075392396e+01   1.2609041e+00   0.0000000e+00   3.6025536e+01   1.9295155e-05   0.0000000e+00  -5.6934119e-03  -8.1128355e+01
  1.3762950684881e+01   1.2609041e+00   0.0000000e+00   3.6023765e+01   1.9295155e-05   0.0000000e+00  -5.4221790e-03  -8.1128355e+01
  1.3767825977365e+01   1.2609041e+00   0.0000000e+00   3.6022022e+01   1.9295155e-05   0.0000000e+00  -5.1051466e-03  -8.1128355e+01
  1.3772701269850e+01   1.2609041e+00   0.0000000e+00   3.6020365e+01   1.9295155e-05   0.0000000e+00  -4.7578828e-03  -8.1128355e+01
  1.3777576562335e+01   1.2609041e+00   0.0000000e+00   3.6018846e+01   1.9295155e-05   0.0000000e+00  -4.3978608e-03  -8.1128355e+01
  1.3782451854820e+01   1.2609041e+00   0.0000000e+00   3.6017506e+01   1.9295155e-05   0.0000000e+00  -4.0432481e-03  -8.1128355e+01
  1.3787327147305e+01   1.2609041e+00   0.0000000e+00   3.6016374e+01   1.9295155e-05   0.0000000e+00  -3.7116223e-03  -8.1128355e+01
  1.3792202439790e+01   1.2609041e+00   0.0000000e+00   3.6015461e+01   1.9295155e-05   0.0000000e+00  -3.4187454e-03  -8.1128355e+01
  1.3797077732275e+01   1.2609041e+00   0.0000000e+00   3.6014767e+01   1.9295155e-05   0.0000000e+00  -3.1775201e-03  -8.1128355e+01
  1.3801953024760e+01   1.2609041e+00   0.0000000e+00   3.6014276e+01   1.9295155e-05   0.0000000e+00  -2.9972164e-03  -8.1128355e+01
  1.3806828317245e+01   1.2609041e+00   0.0000000e+00   3.6013956e+01   1.9295155e-05   0.0000000e+00  -2.8830202e-03  -8.1128355e+01
  1.3811703609730e+01   1.2609041e+00   0.0000000e+00   3.6013768e+01   1.9295155e-05   0.0000000e+00  -2.8359102e-03  -8.1128355e+01
  1.3816578902215e+01   1.2609041e+00   0.0000000e+00   3.6013664e+01   1.9295155e-05   0.0000000e+00  -2.8528399e-03  -8.1128355e+01
  1.3821454194700e+01   1.2609041e+00   0.0000000e+00   3.6013591e+01   1.9295155e-05   0.0000000e+00  -2.9271704e-03  -8.1128355e+01
  1.3826329487184e+01   1.2609041e+00   0.0000000e+00   3.6013498e+01   1.9295155e-05   0.0000000e+00  -3.0492922e-03  -8.1128355e+01
  1.3831204779669e+01   1.2609041e+00   0.0000000e+00   3.6013334e+01   1.9295155e-05   0.0000000e+00  -3.2073688e-03  -8.1128355e+01
  1.3836080072154e+01   1.2609041e+00   0.0000000e+00   3.6013056e+01   1.9295155e-05   0.0000000e+00  -3.3881398e-03  -8.1128355e+01
  1.3840955364639e+01   1.2609041e+00   0.0000000e+00   3.6012627e+01   1.9295155e-05   0.0000000e+00  -3.5777323e-03  -8.1128355e+01
  1.3845830657124e+01   1.2609041e+00   0.0000000e+00   3.6012021e+01   1.9295155e-05   0.0000000e+00  -3.7624397e-03  -8.1128355e+01
  1.3850705949609e+01   1.2609041e+00   0.0000000e+00   3.6011216e+01   1.9295155e-05   0.0000000e+00  -3.9294416e-03  -8.1128355e+01
  1.3855581242094e+01   1.2609041e+00   0.0000000e+00   3.6010204e+01   1.9295155e-05   0.0000000e+00  -4.0674438e-03  -8.1128355e+01
  1.3860456534579e+01   1.2609041e+00   0.0000000e+00   3.6008978e+01   1.9295155e-05   0.0000000e+00  -4.1672283e-03  -8.1128355e+01
  1.3865331827064e+01   1.2609041e+00   0.0000000e+00   3.6007540e+01   1.9295155e-05   0.0000000e+00  -4.2221019e-03  -8.1128355e+01
  1.3870207119549e+01   1.2609041e+00   0.0000000e+00   3.6005896e+01   1.9295155e-05   0.0000000e+00  -4.2282350e-03  -8.1128355e+01
  1.3875082412034e+01   1.2609041e+00   0.0000000e+00   3.6004051e+01   1.9295155e-05   0.0000000e+00  -4.1848801e-03  -8.1128355e+01
  1.3879957704518e+01   1.2609041e+00   0.0000000e+00   3.6002017e+01   1.9295155e-05   0.0000000e+00  -4.0944565e-03  -8.1128355e+01
  1.3884832997003e+01   1.2609041e+00   0.0000000e+00   3.5999805e+01   1.9295155e-05   0.0000000e+00  -3.9624897e-03  -8.1128355e+01
  1.3889708289488e+01   1.2609041e+00   0.0000000e+00   3.5997428e+01   1.9295155e-05   0.0000000e+00  -3.7973937e-03  -8.1128355e+01
  1.3894583581973e+01   1.2609041e+00   0.0000000e+00   3.5994901e+01   1.9295155e-05   0.0000000e+00  -3.6100903e-03  -8.1128355e+01
  1.3899458874458e+01   1.2609041e+00   0.0000000e+00   3.5992245e+01   1.9295155e-05   0.0000000e+00  -3.4134648e-03  -8.1128355e+01
  1.3904334166943e+01   1.2609041e+00   0.0000000e+00   3.5989481e+01   1.9295155e-05   0.0000000e+00  -3.2216686e-03  -8.1128355e+01
  1.3909209459428e+01   1.2609041e+00   0.0000000e+00   3.5986638e+01   1.9295155e-05   0.0000000e+00  -3.0492951e-03  -8.1128355e+01
  1.3914084751913e+01   1.2609041e+00   0.0000000e+00   3.5983746e+01   1.9295155e-05   0.0000000e+00  -2.9104671e-03  -8.1128355e+01
  1.3918960044398e+01   1.2609041e+00   0.0000000e+00   3.5980842e+01   1.9295155e-05   0.0000000e+00  -2.8178920e-03  -8.1128355e+01
  1.3923835336883e+01   1.2609041e+00   0.0000000e+00   3.5977960e+01   1.9295155e-05   0.0000000e+00  -2.7819532e-03  -8.1128355e+01
  1.3928710629368e+01   1.2609041e+00   0.0000000e+00   3.5975139e+01   1.9295155e-05   0.0000000e+00  -2.8099119e-03  -8.1128355e+01
  1.3933585921853e+01   1.2609041e+00   0.0000000e+00   3.5972413e+01   1.9295155e-05   0.0000000e+00  -2.9052897e-03  -8.1128355e+01
  1.3938461214338e+01   1.2609041e+00   0.0000000e+00   3.5969812e+01   1.9295155e-05   0.0000000e+00  -3.0674933e-03  -8.1128355e+01
  1.3943336506823e+01   1.2609041e+00   0.0000000e+00   3.5967359e+01   1.9295155e-05   0.0000000e+00  -3.2917206e-03  -8.1128355e+01
  1.3948211799307e+01   1.2609041e+00   0.0000000e+00   3.5965068e+01   1.9295155e-05   0.0000000e+00  -3.5691648e-03  -8.1128355e+01
  1.3953087091792e+01   1.2609041e+00   0.0000000e+00   3.5962944e+01   1.9295155e-05   0.0000000e+00  -3.8875018e-03  -8.1128355e+01
  1.3957962384277e+01   1.2609041e+00   0.0000000e+00   3.5960979e+01   1.9295155e-05   0.0000000e+00  -4.2316236e-03  -8.1128355e+01
  1.3962837676762e+01   1.2609041e+00   0.0000000e+00   3.5959157e+01   1.9295155e-05   0.0000000e+00  -4.5845561e-03  -8.1128355e+01
  1.3967712969247e+01   1.2609041e+00   0.0000000e+00   3.5957455e+01   1.9295155e-05   0.0000000e+00  -4.9284858e-03  -8.1128355e+01
  1.3972588261732e+01   1.2609041e+00   0.0000000e+00   3.5955842e+01   1.9295155e-05   0.0000000e+00  -5.2458138e-03  -8.1128355e+01
  1.3977463554217e+01   1.2609041e+00   0.0000000e+00   3.5954286e+01   1.9295155e-05   0.0000000e+00  -5.5201572e-03  -8.1128355e+01
  1.3982338846702e+01   1.2609041e+00   0.0000000e+00   3.5952756e+01   1.9295155e-05   0.0000000e+00  -5.7372315e-03  -8.1128355e+01
  1.3987214139187e+01   1.2609041e+00   0.0000000e+00   3.5951222e+01   1.9295155e-05   0.0000000e+00  -5.8855596e-03  -8.1128355e+01
  1.3992089431672e+01   1.2609041e+00   0.0000000e+00   3.5949664e+01   1.9295155e-05   0.0000000e+00  -5.9569778e-03  -8.1128355e+01
  1.3996964724157e+01   1.2609041e+00   0.0000000e+00   3.5948069e+01   1.9295155e-05   0.0000000e+00  -5.9469280e-03  -8.1128355e+01
  1.4001840016642e+01   1.2609041e+00   0.0000000e+00   3.5946432e+01   1.9295155e-05   0.0000000e+00  -5.8545414e-03  -8.1128355e+01
  1.4006715309126e+01   1.2609041e+00   0.0000000e+00   3.5944761e+01   1.9295155e-05   0.0000000e+00  -5.6825378e-03  -8.1128355e+01
  1.4011590601611e+01   1.2609041e+00   0.0000000e+00   3.5943070e+01   1.9295155e-05   0.0000000e+00  -5.4369687e-03  -8.1128355e+01
  1.4016465894096e+01   1.2609041e+00   0.0000000e+00   3.5941380e+01   1.9295155e-05   0.0000000e+00  -5.1268390e-03  -8.1128355e+01
  1.4021341186581e+01   1.2609041e+00   0.0000000e+00   3.5939716e+01   1.9295155e-05   0.0000000e+00  -4.7636432e-03  -8.1128355e+01
  1.4026216479066e+01   1.2609041e+00   0.0000000e+00   3.5938103e+01   1.9295155e-05   0.0000000e+00  -4.3608459e-03  -8.1128355e+01
  1.4031091771551e+01   1.2609041e+00   0.0000000e+00   3.5936564e+01   1.9295155e-05   0.0000000e+00  -3.9333354e-03  -8.1128355e+01
  1.4035967064036e+01   1.2609041e+00   0.0000000e+00   3.5935119e+01   1.9295155e-05   0.0000000e+00  -3.4968707e-03  -8.1128355e+01
  1.4040842356521e+01   1.2609041e+00   0.0000000e+00   3.5933779e+01   1.9295155e-05   0.0000000e+00  -3.0675346e-03  -8.1128355e+01
  1.4045717649006e+01   1.2609041e+00   0.0000000e+00   3.5932549e+01   1.9295155e-05   0.0000000e+00  -2.6611982e-03  -8.1128355e+01
  1.4050592941491e+01   1.2609041e+00   0.0000000e+00   3.5931427e+01   1.9295155e-05   0.0000000e+00  -2.2929962e-03  -8.1128355e+01
  1.4055468233976e+01   1.2609041e+00   0.0000000e+00   3.5930404e+01   1.9295155e-05   0.0000000e+00  -1.9768044e-03  -8.1128355e+01
  1.4060343526460e+01   1.2609041e+00   0.0000000e+00   3.5929467e+01   1.9295155e-05   0.0000000e+00  -1.7247154e-03  -8.1128355e+01
  1.4065218818945e+01   1.2609041e+00   0.0000000e+00   3.5928602e+01   1.9295155e-05   0.0000000e+00  -1.5465121e-03  -8.1128355e+01
  1.4070094111430e+01   1.2609041e+00   0.0000000e+00   3.5927792e+01   1.9295155e-05   0.0000000e+00  -1.4491514e-03  -8.1128355e+01
  1.4074969403915e+01   1.2609041e+00   0.0000000e+00   3.5927024e+01   1.9295155e-05   0.0000000e+00  -1.4362868e-03  -8.1128355e+01
  1.4079844696400e+01   1.2609041e+00   0.0000000e+00   3.5926287e+01   1.9295155e-05   0.0000000e+00  -1.5078725e-03  -8.1128355e+01
  1.4084719988885e+01   1.2609041e+00   0.0000000e+00   3.5925574e+01   1.9295155e-05   0.0000000e+00  -1.6599039e-03  -8.1128355e+01
  1.4089595281370e+01   1.2609041e+00   0.0000000e+00   3.5924879e+01   1.9295155e-05   0.0000000e+00  -1.8843539e-03  -8.1128355e+01
  1.4094470573855e+01   1.2609041e+00   0.0000000e+00   3.5924200e+01   1.9295155e-05   0.0000000e+00  -2.1693550e-03  -8.1128355e+01
  1.4099345866340e+01   1.2609041e+00   0.0000000e+00   3.5923536e+01   1.9295155e-05   0.0000000e+00  -2.4996624e-03  -8.1128355e+01
  1.4104221158825e+01   1.2609041e+00   0.0000000e+00   3.5922881e+01   1.9295155e-05   0.0000000e+00  -2.8574037e-03  -8.1128355e+01
  1.4109096451310e+01   1.2609041e+00   0.0000000e+00   3.5922228e+01   1.9295155e-05   0.0000000e+00  -3.2230895e-03  -8.1128355e+01
  1.4113971743795e+01   1.2609041e+00   0.0000000e+00   3.5921567e+01   1.9295155e-05   0.0000000e+00  -3.5768215e-03  -8.1128355e+01
  1.4118847036280e+01   1.2609041e+00   0.0000000e+00   3.5920879e+01   1.9295155e-05   0.0000000e+00  -3.8996029e-03  -8.1128355e+01
  1.4123722328765e+01   1.2609041e+00   0.0000000e+00   3.5920145e+01   1.9295155e-05   0.0000000e+00  -4.1746325e-03  -8.1128355e+01
  1.4128597621249e+01   1.2609041e+00   0.0000000e+00   3.5919339e+01   1.9295155e-05   0.0000000e+00  -4.3884550e-03  -8.1128355e+01
  1.4133472913734e+01   1.2609041e+00   0.0000000e+00   3.5918439e+01   1.9295155e-05   0.0000000e+00  -4.5318480e-03  -8.1128355e+01
  1.4138348206219e+01   1.2609041e+00   0.0000000e+00   3.5917423e+01   1.9295155e-05   0.0000000e+00  -4.6003539e-03  -8.1128355e+01
  1.4143223498704e+01   1.2609041e+00   0.0000000e+00   3.5916275e+01   1.9295155e-05   0.0000000e+00  -4.5944057e-03  -8.1128355e+01
  1.4148098791189e+01   1.2609041e+00   0.0000000e+00   3.5914991e+01   1.9295155e-05   0.0000000e+00  -4.5190449e-03  -8.1128355e+01
  1.4152974083674e+01   1.2609041e+00   0.0000000e+00   3.5913576e+01   1.9295155e-05   0.0000000e+00  -4.3832804e-03  -8.1128355e+01
  1.4157849376159e+01   1.2609041e+00   0.0000000e+00   3.5912049e+01   1.9295155e-05   0.0000000e+00  -4.1991745e-03  -8.1128355e+01
  1.4162724668644e+01   1.2609041e+00   0.0000000e+00   3.5910444e+01   1.9295155e-05   0.0000000e+00  -3.9807693e-03  -8.1128355e+01
  1.4167599961129e+01   1.2609041e+00   0.0000000e+00   3.5908803e+01   1.9295155e-05   0.0000000e+00  -3.7429731e-03  -8.1128355e+01
  1.4172475253614e+01   1.2609041e+00   0.0000000e+00   3.5907181e+01   1.9295155e-05   0.0000000e+00  -3.5005142e-03  -8.1128355e+01
  1.4177350546099e+01   1.2609041e+00   0.0000000e+00   3.5905636e+01   1.9295155e-05   0.0000000e+00  -3.2670519e-03  -8.1128355e+01
  1.4182225838584e+01   1.2609041e+00   0.0000000e+00   3.5904227e+01   1.9295155e-05   0.0000000e+00  -3.0544975e-03  -8.1128355e+01
  1.4187101131068e+01   1.2609041e+00   0.0000000e+00   3.5903006e+01   1.9295155e-05   0.0000000e+00  -2.8725688e-03  -8.1128355e+01
  1.4191976423553e+01   1.2609041e+00   0.0000000e+00   3.5902018e+01   1.9295155e-05   0.0000000e+00  -2.7285701e-03  -8.1128355e+01
  1.4196851716038e+01   1.2609041e+00   0.0000000e+00   3.5901292e+01   1.9295155e-05   0.0000000e+00  -2.6273625e-03  -8.1128355e+01
  1.4201727008523e+01   1.2609041e+00   0.0000000e+00   3.5900840e+01   1.9295155e-05   0.0000000e+00  -2.5714741e-03  -8.1128355e+01
  1.4206602301008e+01   1.2609041e+00   0.0000000e+00   3.5900655e+01   1.9295155e-05   0.0000000e+00  -2.5612895e-03  -8.1128355e+01
  1.4211477593493e+01   1.2609041e+00   0.0000000e+00   3.5900711e+01   1.9295155e-05   0.0000000e+00  -2.5952655e-03  -8.1128355e+01
  1.4216352885978e+01   1.2609041e+00   0.0000000e+00   3.5900965e+01   1.9295155e-05   0.0000000e+00  -2.6701286e-03  -8.1128355e+01
  1.4221228178463e+01   1.2609041e+00   0.0000000e+00   3.5901357e+01   1.9295155e-05   0.0000000e+00  -2.7810354e-03  -8.1128355e+01
  1.4226103470948e+01   1.2609041e+00   0.0000000e+00   3.5901819e+01   1.9295155e-05   0.0000000e+00  -2.9216996e-03  -8.1128355e+01
  1.4230978763433e+01   1.2609041e+00   0.0000000e+00   3.5902276e+01   1.9295155e-05   0.0000000e+00  -3.0845120e-03  -8.1128355e+01
  1.4235854055918e+01   1.2609041e+00   0.0000000e+00   3.5902653e+01   1.9295155e-05   0.0000000e+00  -3.2606990e-03  -8.1128355e+01
  1.4240729348402e+01   1.2609041e+00   0.0000000e+00   3.5902879e+01   1.9295155e-05   0.0000000e+00  -3.4405635e-03  -8.1128355e+01
  1.4245604640887e+01   1.2609041e+00   0.0000000e+00   3.5902894e+01   1.9295155e-05   0.0000000e+00  -3.6138462e-03  -8.1128355e+01
  1.4250479933372e+01   1.2609041e+00   0.0000000e+00   3.5902650e+01   1.9295155e-05   0.0000000e+00  -3.7702203e-03  -8.1128355e+01
  1.4255355225857e+01   1.2609041e+00   0.0000000e+00   3.5902113e+01   1.9295155e-05   0.0000000e+00  -3.8999038e-03  -8.1128355e+01
  1.4260230518342e+01   1.2609041e+00   0.0000000e+00   3.5901270e+01   1.9295155e-05   0.0000000e+00  -3.9943414e-03  -8.1128355e+01
  1.4265105810827e+01   1.2609041e+00   0.0000000e+00   3.5900123e+01   1.9295155e-05   0.0000000e+00  -4.0468852e-03  -8.1128355e+01
  1.4269981103312e+01   1.2609041e+00   0.0000000e+00   3.5898689e+01   1.9295155e-05   0.0000000e+00  -4.0533917e-03  -8.1128355e+01
  1.4274856395797e+01   1.2609041e+00   0.0000000e+00   3.5897002e+01   1.9295155e-05   0.0000000e+00  -4.0126550e-03  -8.1128355e+01
  1.4279731688282e+01   1.2609041e+00   0.0000000e+00   3.5895106e+01   1.9295155e-05   0.0000000e+00  -3.9266150e-03  -8.1128355e+01
  1.4284606980767e+01   1.2609041e+00   0.0000000e+00   3.5893053e+01   1.9295155e-05   0.0000000e+00  -3.8003062e-03  -8.1128355e+01
  1.4289482273252e+01   1.2609041e+00   0.0000000e+00   3.5890900e+01   1.9295155e-05   0.0000000e+00  -3.6415469e-03  -8.1128355e+01
  1.4294357565737e+01   1.2609041e+00   0.0000000e+00   3.5888707e+01   1.9295155e-05   0.0000000e+00  -3.4603968e-03  -8.1128355e+01
  1.4299232858221e+01   1.2609041e+00   0.0000000e+00   3.5886528e+01   1.9295155e-05   0.0000000e+00  -3.2684389e-03  -8.1128355e+01
  1.4304108150706e+01   1.2609041e+00   0.0000000e+00   3.5884417e+01   1.9295155e-05   0.0000000e+00  -3.0779553e-03  -8.1128355e+01
  1.4308983443191e+01   1.2609041e+00   0.0000000e+00   3.5882418e+01   1.9295155e-05   0.0000000e+00  -2.9010748e-03  -8.1128355e+01
  1.4313858735676e+01   1.2609041e+00   0.0000000e+00   3.5880566e+01   1.9295155e-05   0.0000000e+00  -2.7489645e-03  -8.1128355e+01
  1.4318734028161e+01   1.2609041e+00   0.0000000e+00   3.5878886e+01   1.9295155e-05   0.0000000e+00  -2.6311294e-03  -8.1128355e+01
  1.4323609320646e+01   1.2609041e+00   0.0000000e+00   3.5877395e+01   1.9295155e-05   0.0000000e+00  -2.5548660e-03  -8.1128355e+01
  1.4328484613131e+01   1.2609041e+00   0.0000000e+00   3.5876096e+01   1.9295155e-05   0.0000000e+00  -2.5248984e-03  -8.1128355e+01
  1.4333359905616e+01   1.2609041e+00   0.0000000e+00   3.5874987e+01   1.9295155e-05   0.0000000e+00  -2.5432046e-03  -8.1128355e+01
  1.4338235198101e+01   1.2609041e+00   0.0000000e+00   3.5874055e+01   1.9295155e-05   0.0000000e+00  -2.6090265e-03  -8.1128355e+01
  1.4343110490586e+01   1.2609041e+00   0.0000000e+00   3.5873281e+01   1.9295155e-05   0.0000000e+00  -2.7190399e-03  -8.1128355e+01
  1.4347985783071e+01   1.2609041e+00   0.0000000e+00   3.5872643e+01   1.9295155e-05   0.0000000e+00  -2.8676568e-03  -8.1128355e+01
  1.4352861075556e+01   1.2609041e+00   0.0000000e+00   3.5872116e+01   1.9295155e-05   0.0000000e+00  -3.0474272e-03  -8.1128355e+01
  1.4357736368041e+01   1.2609041e+00   0.0000000e+00   3.5871674e+01   1.9295155e-05   0.0000000e+00  -3.2495122e-03  -8.1128355e+01
  1.4362611660525e+01   1.2609041e+00   0.0000000e+00   3.5871294e+01   1.9295155e-05   0.0000000e+00  -3.4642056e-03  -8.1128355e+01
  1.4367486953010e+01   1.2609041e+00   0.0000000e+00   3.5870953e+01   1.9295155e-05   0.0000000e+00  -3.6814850e-03  -8.1128355e+01
  1.4372362245495e+01   1.2609041e+00   0.0000000e+00   3.5870634e+01   1.9295155e-05   0.0000000e+00  -3.8915801e-03  -8.1128355e+01
  1.4377237537980e+01   1.2609041e+00   0.0000000e+00   3.5870325e+01   1.9295155e-05   0.0000000e+00  -4.0855391e-03  -8.1128355e+01
  1.4382112830465e+01   1.2609041e+00   0.0000000e+00   3.5870016e+01   1.9295155e-05   0.0000000e+00  -4.2557700e-03  -8.1128355e+01
  1.4386988122950e+01   1.2609041e+00   0.0000000e+00   3.5869702e+01   1.9295155e-05   0.0000000e+00  -4.3965239e-03  -8.1128355e+01
  1.4391863415435e+01   1.2609041e+00   0.0000000e+00   3.5869380e+01   1.9295155e-05   0.0000000e+00  -4.5042766e-03  -8.1128355e+01
  1.4396738707920e+01   1.2609041e+00   0.0000000e+00   3.5869052e+01   1.9295155e-05   0.0000000e+00  -4.5779633e-03  -8.1128355e+01
  1.4401614000405e+01   1.2609041e+00   0.0000000e+00   3.5868715e+01   1.9295155e-05   0.0000000e+00  -4.6190264e-03  -8.1128355e+01
  1.4406489292890e+01   1.2609041e+00   0.0000000e+00   3.5868371e+01   1.9295155e-05   0.0000000e+00  -4.6312508e-03  -8.1128355e+01
  1.4411364585375e+01   1.2609041e+00   0.0000000e+00   3.5868014e+01   1.9295155e-05   0.0000000e+00  -4.6203865e-03  -8.1128355e+01
  1.4416239877859e+01   1.2609041e+00   0.0000000e+00   3.5867640e+01   1.9295155e-05   0.0000000e+00  -4.5935816e-03  -8.1128355e+01
  1.4421115170344e+01   1.2609041e+00   0.0000000e+00   3.5867239e+01   1.9295155e-05   0.0000000e+00  -4.5586769e-03  -8.1128355e+01
  1.4425990462829e+01   1.2609041e+00   0.0000000e+00   3.5866798e+01   1.9295155e-05   0.0000000e+00  -4.5234295e-03  -8.1128355e+01
  1.4430865755314e+01   1.2609041e+00   0.0000000e+00   3.5866303e+01   1.9295155e-05   0.0000000e+00  -4.4947434e-03  -8.1128355e+01
  1.4435741047799e+01   1.2609041e+00   0.0000000e+00   3.5865737e+01   1.9295155e-05   0.0000000e+00  -4.4779809e-03  -8.1128355e+01
  1.4440616340284e+01   1.2609041e+00   0.0000000e+00   3.5865085e+01   1.9295155e-05   0.0000000e+00  -4.4764228e-03  -8.1128355e+01
  1.4445491632769e+01   1.2609041e+00   0.0000000e+00   3.5864332e+01   1.9295155e-05   0.0000000e+00  -4.4909272e-03  -8.1128355e+01
  1.4450366925254e+01   1.2609041e+00   0.0000000e+00   3.5863468e+01   1.9295155e-05   0.0000000e+00  -4.5198180e-03  -8.1128355e+01
  1.4455242217739e+01   1.2609041e+00   0.0000000e+00   3.5862488e+01   1.9295155e-05   0.0000000e+00  -4.5590154e-03  -8.1128355e+01
  1.4460117510224e+01   1.2609041e+00   0.0000000e+00   3.5861393e+01   1.9295155e-05   0.0000000e+00  -4.6023972e-03  -8.1128355e+01
  1.4464992802709e+01   1.2609041e+00   0.0000000e+00   3.5860192e+01   1.9295155e-05   0.0000000e+00  -4.6423636e-03  -8.1128355e+01
  1.4469868095194e+01   1.2609041e+00   0.0000000e+00   3.5858899e+01   1.9295155e-05   0.0000000e+00  -4.6705560e-03  -8.1128355e+01
  1.4474743387679e+01   1.2609041e+00   0.0000000e+00   3.5857536e+01   1.9295155e-05   0.0000000e+00  -4.6786669e-03  -8.1128355e+01
  1.4479618680163e+01   1.2609041e+00   0.0000000e+00   3.5856130e+01   1.9295155e-05   0.0000000e+00  -4.6592643e-03  -8.1128355e+01
  1.4484493972648e+01   1.2609041e+00   0.0000000e+00   3.5854714e+01   1.9295155e-05   0.0000000e+00  -4.6065488e-03  -8.1128355e+01
  1.4489369265133e+01   1.2609041e+00   0.0000000e+00   3.5853320e+01   1.9295155e-05   0.0000000e+00  -4.5169619e-03  -8.1128355e+01
  1.4494244557618e+01   1.2609041e+00   0.0000000e+00   3.5851984e+01   1.9295155e-05   0.0000000e+00  -4.3895766e-03  -8.1128355e+01
  1.4499119850103e+01   1.2609041e+00   0.0000000e+00   3.5850737e+01   1.9295155e-05   0.0000000e+00  -4.2262237e-03  -8.1128355e+01
  1.4503995142588e+01   1.2609041e+00   0.0000000e+00   3.5849611e+01   1.9295155e-05   0.0000000e+00  -4.0313384e-03  -8.1128355e+01
  1.4508870435073e+01   1.2609041e+00   0.0000000e+00   3.5848629e+01   1.9295155e-05   0.0000000e+00  -3.8115449e-03  -8.1128355e+01
  1.4513745727558e+01   1.2609041e+00   0.0000000e+00   3.5847812e+01   1.9295155e-05   0.0000000e+00  -3.5750326e-03  -8.1128355e+01
  1.4518621020043e+01   1.2609041e+00   0.0000000e+00   3.5847174e+01   1.9295155e-05   0.0000000e+00  -3.3307990e-03  -8.1128355e+01
  1.4523496312528e+01   1.2609041e+00   0.0000000e+00   3.5846722e+01   1.9295155e-05   0.0000000e+00  -3.0878495e-03  -8.1128355e+01
  1.4528371605013e+01   1.2609041e+00   0.0000000e+00   3.5846458e+01   1.9295155e-05   0.0000000e+00  -2.8544405e-03  -8.1128355e+01
  1.4533246897498e+01   1.2609041e+00   0.0000000e+00   3.5846377e+01   1.9295155e-05   0.0000000e+00  -2.6374447e-03  -8.1128355e+01
  1.4538122189983e+01   1.2609041e+00   0.0000000e+00   3.5846470e+01   1.9295155e-05   0.0000000e+00  -2.4418937e-03  -8.1128355e+01
  1.4542997482467e+01   1.2609041e+00   0.0000000e+00   3.5846723e+01   1.9295155e-05   0.0000000e+00  -2.2707330e-03  -8.1128355e+01
  1.4547872774952e+01   1.2609041e+00   0.0000000e+00   3.5847117e+01   1.9295155e-05   0.0000000e+00  -2.1247977e-03  -8.1128355e+01
  1.4552748067437e+01   1.2609041e+00   0.0000000e+00   3.5847631e+01   1.9295155e-05   0.0000000e+00  -2.0029945e-03  -8.1128355e+01
  1.4557623359922e+01   1.2609041e+00   0.0000000e+00   3.5848238e+01   1.9295155e-05   0.0000000e+00  -1.9026558e-03  -8.1128355e+01
  1.4562498652407e+01   1.2609041e+00   0.0000000e+00   3.5848910e+01   1.9295155e-05   0.0000000e+00  -1.8200191e-03  -8.1128355e+01
  1.4567373944892e+01   1.2609041e+00   0.0000000e+00   3.5849617e+01   1.9295155e-05   0.0000000e+00  -1.7507716e-03  -8.1128355e+01
  1.4572249237377e+01   1.2609041e+00   0.0000000e+00   3.5850327e+01   1.9295155e-05   0.0000000e+00  -1.6906042e-03  -8.1128355e+01
  1.4577124529862e+01   1.2609041e+00   0.0000000e+00   3.5851006e+01   1.9295155e-05   0.0000000e+00  -1.6357176e-03  -8.1128355e+01
  1.4581999822347e+01   1.2609041e+00   0.0000000e+00   3.5851623e+01   1.9295155e-05   0.0000000e+00  -1.5832353e-03  -8.1128355e+01
  1.4586875114832e+01   1.2609041e+00   0.0000000e+00   3.5852145e+01   1.9295155e-05   0.0000000e+00  -1.5314868e-03  -8.1128355e+01
  1.4591750407317e+01   1.2609041e+00   0.0000000e+00   3.5852544e+01   1.9295155e-05   0.0000000e+00  -1.4801431e-03  -8.1128355e+01
  1.4596625699801e+01   1.2609041e+00   0.0000000e+00   3.5852796e+01   1.9295155e-05   0.0000000e+00  -1.4301989e-03  -8.1128355e+01
  1.4601500992286e+01   1.2609041e+00   0.0000000e+00   3.5852882e+01   1.9295155e-05   0.0000000e+00  -1.3838164e-03  -8.1128355e+01
  1.4606376284771e+01   1.2609041e+00   0.0000000e+00   3.5852788e+01   1.9295155e-05   0.0000000e+00  -1.3440588e-03  -8.1128355e+01
  1.4611251577256e+01   1.2609041e+00   0.0000000e+00   3.5852508e+01   1.9295155e-05   0.0000000e+00  -1.3145533e-03  -8.1128355e+01
  1.4616126869741e+01   1.2609041e+00   0.0000000e+00   3.5852044e+01   1.9295155e-05   0.0000000e+00  -1.2991285e-03  -8.1128355e+01
  1.4621002162226e+01   1.2609041e+00   0.0000000e+00   3.5851404e+01   1.9295155e-05   0.0000000e+00  -1.3014661e-03  -8.1128355e+01
  1.4625877454711e+01   1.2609041e+00   0.0000000e+00   3.5850602e+01   1.9295155e-05   0.0000000e+00  -1.3248017e-03  -8.1128355e+01
  1.4630752747196e+01   1.2609041e+00   0.0000000e+00   3.5849660e+01   1.9295155e-05   0.0000000e+00  -1.3716957e-03  -8.1128355e+01
  1.4635628039681e+01   1.2609041e+00   0.0000000e+00   3.5848604e+01   1.9295155e-05   0.0000000e+00  -1.4438840e-03  -8.1128355e+01
  1.4640503332166e+01   1.2609041e+00   0.0000000e+00   3.5847461e+01   1.9295155e-05   0.0000000e+00  -1.5422095e-03  -8.1128355e+01
  1.4645378624651e+01   1.2609041e+00   0.0000000e+00   3.5846261e+01   1.9295155e-05   0.0000000e+00  -1.6666233e-03  -8.1128355e+01
  1.4650253917136e+01   1.2609041e+00   0.0000000e+00   3.5845036e+01   1.9295155e-05   0.0000000e+00  -1.8162422e-03  -8.1128355e+01
  1.4655129209620e+01   1.2609041e+00   0.0000000e+00   3.5843815e+01   1.9295155e-05   0.0000000e+00  -1.9894410e-03  -8.1128355e+01
  1.4660004502105e+01   1.2609041e+00   0.0000000e+00   3.5842624e+01   1.9295155e-05   0.0000000e+00  -2.1839583e-03  -8.1128355e+01
  1.4664879794590e+01   1.2609041e+00   0.0000000e+00   3.5841487e+01   1.9295155e-05   0.0000000e+00  -2.3969957e-03  -8.1128355e+01
  1.4669755087075e+01   1.2609041e+00   0.0000000e+00   3.5840423e+01   1.9295155e-05   0.0000000e+00  -2.6252987e-03  -8.1128355e+01
  1.4674630379560e+01   1.2609041e+00   0.0000000e+00   3.5839450e+01   1.9295155e-05   0.0000000e+00  -2.8652117e-03  -8.1128355e+01
  1.4679505672045e+01   1.2609041e+00   0.0000000e+00   3.5838577e+01   1.9295155e-05   0.0000000e+00  -3.1127159e-03  -8.1128355e+01
  1.4684380964530e+01   1.2609041e+00   0.0000000e+00   3.5837812e+01   1.9295155e-05   0.0000000e+00  -3.3634589e-03  -8.1128355e+01
  1.4689256257015e+01   1.2609041e+00   0.0000000e+00   3.5837157e+01   1.9295155e-05   0.0000000e+00  -3.6127937e-03  -8.1128355e+01
  1.4694131549500e+01   1.2609041e+00   0.0000000e+00   3.5836613e+01   1.9295155e-05   0.0000000e+00  -3.8558398e-03  -8.1128355e+01
  1.4699006841985e+01   1.2609041e+00   0.0000000e+00   3.5836174e+01   1.9295155e-05   0.0000000e+00  -4.0875769e-03  -8.1128355e+01
  1.4703882134470e+01   1.2609041e+00   0.0000000e+00   3.5835834e+01   1.9295155e-05   0.0000000e+00  -4.3029746e-03  -8.1128355e+01
  1.4708757426955e+01   1.2609041e+00   0.0000000e+00   3.5835582e+01   1.9295155e-05   0.0000000e+00  -4.4971557e-03  -8.1128355e+01
  1.4713632719440e+01   1.2609041e+00   0.0000000e+00   3.5835407e+01   1.9295155e-05   0.0000000e+00  -4.6655854e-03  -8.1128355e+01
  1.4718508011925e+01   1.2609041e+00   0.0000000e+00   3.5835293e+01   1.9295155e-05   0.0000000e+00  -4.8042744e-03  -8.1128355e+01
  1.4723383304409e+01   1.2609041e+00   0.0000000e+00   3.5835227e+01   1.9295155e-05   0.0000000e+00  -4.9099817e-03  -8.1128355e+01
  1.4728258596894e+01   1.2609041e+00   0.0000000e+00   3.5835193e+01   1.9295155e-05   0.0000000e+00  -4.9804000e-03  -8.1128355e+01
  1.4733133889379e+01   1.2609041e+00   0.0000000e+00   3.5835174e+01   1.9295155e-05   0.0000000e+00  -5.0143065e-03  -8.1128355e+01
  1.4738009181864e+01   1.2609041e+00   0.0000000e+00   3.5835154e+01   1.9295155e-05   0.0000000e+00  -5.0116632e-03  -8.1128355e+01
  1.4742884474349e+01   1.2609041e+00   0.0000000e+00   3.5835121e+01   1.9295155e-05   0.0000000e+00  -4.9736582e-03  -8.1128355e+01
  1.4747759766834e+01   1.2609041e+00   0.0000000e+00   3.5835060e+01   1.9295155e-05   0.0000000e+00  -4.9026786e-03  -8.1128355e+01
  1.4752635059319e+01   1.2609041e+00   0.0000000e+00   3.5834961e+01   1.9295155e-05   0.0000000e+00  -4.8022213e-03  -8.1128355e+01
  1.4757510351804e+01   1.2609041e+00   0.0000000e+00   3.5834815e+01   1.9295155e-05   0.0000000e+00  -4.6767440e-03  -8.1128355e+01
  1.4762385644289e+01   1.2609041e+00   0.0000000e+00   3.5834616e+01   1.9295155e-05   0.0000000e+00  -4.5314714e-03  -8.1128355e+01
  1.4767260936774e+01   1.2609041e+00   0.0000000e+00   3.5834360e+01   1.9295155e-05   0.0000000e+00  -4.3721696e-03  -8.1128355e+01
  1.4772136229259e+01   1.2609041e+00   0.0000000e+00   3.5834044e+01   1.9295155e-05   0.0000000e+00  -4.2049032e-03  -8.1128355e+01
  1.4777011521743e+01   1.2609041e+00   0.0000000e+00   3.5833670e+01   1.9295155e-05   0.0000000e+00  -4.0357921e-03  -8.1128355e+01
  1.4781886814228e+01   1.2609041e+00   0.0000000e+00   3.5833238e+01   1.9295155e-05   0.0000000e+00  -3.8707803e-03  -8.1128355e+01
  1.4786762106713e+01   1.2609041e+00   0.0000000e+00   3.5832754e+01   1.9295155e-05   0.0000000e+00  -3.7154310e-03  -8.1128355e+01
  1.4791637399198e+01   1.2609041e+00   0.0000000e+00   3.5832220e+01   1.9295155e-05   0.0000000e+00  -3.5747549e-03  -8.1128355e+01
  1.4796512691683e+01   1.2609041e+00   0.0000000e+00   3.5831644e+01   1.9295155e-05   0.0000000e+00  -3.4530787e-03  -8.1128355e+01
  1.4801387984168e+01   1.2609041e+00   0.0000000e+00   3.5831030e+01   1.9295155e-05   0.0000000e+00  -3.3539533e-03  -8.1128355e+01
  1.4806263276653e+01   1.2609041e+00   0.0000000e+00   3.5830386e+01   1.9295155e-05   0.0000000e+00  -3.2800982e-03  -8.1128355e+01
  1.4811138569138e+01   1.2609041e+00   0.0000000e+00   3.5829718e+01   1.9295155e-05   0.0000000e+00  -3.2333746e-03  -8.1128355e+01
  1.4816013861623e+01   1.2609041e+00   0.0000000e+00   3.5829034e+01   1.9295155e-05   0.0000000e+00  -3.2147782e-03  -8.1128355e+01
  1.4820889154108e+01   1.2609041e+00   0.0000000e+00   3.5828341e+01   1.9295155e-05   0.0000000e+00  -3.2244434e-03  -8.1128355e+01
  1.4825764446593e+01   1.2609041e+00   0.0000000e+00   3.5827646e+01   1.9295155e-05   0.0000000e+00  -3.2616535e-03  -8.1128355e+01
  1.4830639739078e+01   1.2609041e+00   0.0000000e+00   3.5826960e+01   1.9295155e-05   0.0000000e+00  -3.3248561e-03  -8.1128355e+01
  1.4835515031562e+01   1.2609041e+00   0.0000000e+00   3.5826290e+01   1.9295155e-05   0.0000000e+00  -3.4116870e-03  -8.1128355e+01
  1.4840390324047e+01   1.2609041e+00   0.0000000e+00   3.5825647e+01   1.9295155e-05   0.0000000e+00  -3.5190113e-03  -8.1128355e+01
  1.4845265616532e+01   1.2609041e+00   0.0000000e+00   3.5825041e+01   1.9295155e-05   0.0000000e+00  -3.6429901e-03  -8.1128355e+01
  1.4850140909017e+01   1.2609041e+00   0.0000000e+00   3.5824484e+01   1.9295155e-05   0.0000000e+00  -3.7791827e-03  -8.1128355e+01
  1.4855016201502e+01   1.2609041e+00   0.0000000e+00   3.5823986e+01   1.9295155e-05   0.0000000e+00  -3.9226879e-03  -8.1128355e+01
  1.4859891493987e+01   1.2609041e+00   0.0000000e+00   3.5823560e+01   1.9295155e-05   0.0000000e+00  -4.0683240e-03  -8.1128355e+01
  1.4864766786472e+01   1.2609041e+00   0.0000000e+00   3.5823215e+01   1.9295155e-05   0.0000000e+00  -4.2108412e-03  -8.1128355e+01
  1.4869642078957e+01   1.2609041e+00   0.0000000e+00   3.5822964e+01   1.9295155e-05   0.0000000e+00  -4.3451529e-03  -8.1128355e+01
  1.4874517371442e+01   1.2609041e+00   0.0000000e+00   3.5822812e+01   1.9295155e-05   0.0000000e+00  -4.4665717e-03  -8.1128355e+01
  1.4879392663927e+01   1.2609041e+00   0.0000000e+00   3.5822768e+01   1.9295155e-05   0.0000000e+00  -4.5710294e-03  -8.1128355e+01
  1.4884267956412e+01   1.2609041e+00   0.0000000e+00   3.5822834e+01   1.9295155e-05   0.0000000e+00  -4.6552640e-03  -8.1128355e+01
  1.4889143248897e+01   1.2609041e+00   0.0000000e+00   3.5823010e+01   1.9295155e-05   0.0000000e+00  -4.7169527e-03  -8.1128355e+01
  1.4894018541382e+01   1.2609041e+00   0.0000000e+00   3.5823292e+01   1.9295155e-05   0.0000000e+00  -4.7547761e-03  -8.1128355e+01
  1.4898893833867e+01   1.2609041e+00   0.0000000e+00   3.5823673e+01   1.9295155e-05   0.0000000e+00  -4.7684023e-03  -8.1128355e+01
  1.4903769126351e+01   1.2609041e+00   0.0000000e+00   3.5824139e+01   1.9295155e-05   0.0000000e+00  -4.7583881e-03  -8.1128355e+01
  1.4908644418836e+01   1.2609041e+00   0.0000000e+00   3.5824675e+01   1.9295155e-05   0.0000000e+00  -4.7260064e-03  -8.1128355e+01
  1.4913519711321e+01   1.2609041e+00   0.0000000e+00   3.5825262e+01   1.9295155e-05   0.0000000e+00  -4.6730204e-03  -8.1128355e+01
  1.4918395003806e+01   1.2609041e+00   0.0000000e+00   3.5825877e+01   1.9295155e-05   0.0000000e+00  -4.6014350e-03  -8.1128355e+01
  1.4923270296291e+01   1.2609041e+00   0.0000000e+00   3.5826497e+01   1.9295155e-05   0.0000000e+00  -4.5132616e-03  -8.1128355e+01
  1.4928145588776e+01   1.2609041e+00   0.0000000e+00   3.5827097e+01   1.9295155e-05   0.0000000e+00  -4.4103298e-03  -8.1128355e+01
  1.4933020881261e+01   1.2609041e+00   0.0000000e+00   3.5827655e+01   1.9295155e-05   0.0000000e+00  -4.2941720e-03  -8.1128355e+01
  1.4937896173746e+01   1.2609041e+00   0.0000000e+00   3.5828147e+01   1.9295155e-05   0.0000000e+00  -4.1659935e-03  -8.1128355e+01
  1.4942771466231e+01   1.2609041e+00   0.0000000e+00   3.5828555e+01   1.9295155e-05   0.0000000e+00  -4.0267253e-03  -8.1128355e+01
  1.4947646758716e+01   1.2609041e+00   0.0000000e+00   3.5828863e+01   1.9295155e-05   0.0000000e+00  -3.8771436e-03  -8.1128355e+01
  1.4952522051201e+01   1.2609041e+00   0.0000000e+00   3.5829062e+01   1.9295155e-05   0.0000000e+00  -3.7180320e-03  -8.1128355e+01
  1.4957397343685e+01   1.2609041e+00   0.0000000e+00   3.5829144e+01   1.9295155e-05   0.0000000e+00  -3.5503581e-03  -8.1128355e+01
  1.4962272636170e+01   1.2609041e+00   0.0000000e+00   3.5829110e+01   1.9295155e-05   0.0000000e+00  -3.3754389e-03  -8.1128355e+01
  1.4967147928655e+01   1.2609041e+00   0.0000000e+00   3.5828965e+01   1.9295155e-05   0.0000000e+00  -3.1950737e-03  -8.1128355e+01
  1.4972023221140e+01   1.2609041e+00   0.0000000e+00   3.5828719e+01   1.9295155e-05   0.0000000e+00  -3.0116308e-03  -8.1128355e+01
  1.4976898513625e+01   1.2609041e+00   0.0000000e+00   3.5828385e+01   1.9295155e-05   0.0000000e+00  -2.8280802e-03  -8.1128355e+01
  1.4981773806110e+01   1.2609041e+00   0.0000000e+00   3.5827984e+01   1.9295155e-05   0.0000000e+00  -2.6479705e-03  -8.1128355e+01
  1.4986649098595e+01   1.2609041e+00   0.0000000e+00   3.5827534e+01   1.9295155e-05   0.0000000e+00  -2.4753513e-03  -8.1128355e+01
  1.4991524391080e+01   1.2609041e+00   0.0000000e+00   3.5827058e+01   1.9295155e-05   0.0000000e+00  -2.3146467e-03  -8.1128355e+01
  1.4996399683565e+01   1.2609041e+00   0.0000000e+00   3.5826579e+01   1.9295155e-05   0.0000000e+00  -2.1704864e-03  -8.1128355e+01
