# problem=TPV31
# author=Thomas ULRICH
# date=13-May-2015
# code=SeisSol (ADER-DG)
# code_version=revision 2280
# Background stress is assigned to each individual Gaussian integation point (GP)
# element_size=150/85/230/253 m on fault (each layer) 1500/2000/3000/5000m far away Growth rate 1.05
# 7,30e6 tetra elements
# order of approximation in space and time= O4
# time_step= 4.875292e-03
# num_time_steps= 3076
# location= on fault, 12000 m along strike, 5000 m down-dip
# Column #1 = Time (s)
# Column #2 = horizontal slip (m)
# Column #3 = horizontal slip rate (m/s)
# Column #4 = horizontal shear stress (MPa)
# Column #5 = vertical slip (m)
# Column #6 = vertical slip rate (m/s)
# Column #7 = vertical shear stress (MPa)
# Column #8 = normal stress (MPa)
#
# The line below lists the names of the data fields:
t h-slip h-slip-rate h-shear-stress v-slip v-slip-rate v-shear-stress n-stress
#
# Time-series data:
  4.8752924848920e-03   0.0000000e+00   0.0000000e+00   3.0315262e+01   0.0000000e+00   0.0000000e+00  -3.7124262e-15  -6.0630523e+01
  9.7505849697840e-03   0.0000000e+00   0.0000000e+00   3.0315262e+01   0.0000000e+00   0.0000000e+00  -3.7124262e-15  -6.0630523e+01
  1.4625877454676e-02   0.0000000e+00   0.0000000e+00   3.0315262e+01   0.0000000e+00   0.0000000e+00  -3.7124262e-15  -6.0630523e+01
  1.9501169939568e-02   0.0000000e+00   0.0000000e+00   3.0315262e+01   0.0000000e+00   0.0000000e+00  -3.7124262e-15  -6.0630523e+01
  2.4376462424460e-02   0.0000000e+00   0.0000000e+00   3.0315262e+01   0.0000000e+00   0.0000000e+00  -3.7124262e-15  -6.0630523e+01
  2.9251754909352e-02   0.0000000e+00   0.0000000e+00   3.0315262e+01   0.0000000e+00   0.0000000e+00  -3.7124262e-15  -6.0630523e+01
  3.4127047394244e-02   0.0000000e+00   0.0000000e+00   3.0315262e+01   0.0000000e+00   0.0000000e+00  -3.7124262e-15  -6.0630523e+01
  3.9002339879136e-02   0.0000000e+00   0.0000000e+00   3.0315262e+01   0.0000000e+00   0.0000000e+00  -3.7124262e-15  -6.0630523e+01
  4.3877632364028e-02   0.0000000e+00   0.0000000e+00   3.0315262e+01   0.0000000e+00   0.0000000e+00  -3.7124262e-15  -6.0630523e+01
  4.8752924848920e-02   0.0000000e+00   0.0000000e+00   3.0315262e+01   0.0000000e+00   0.0000000e+00  -3.7124262e-15  -6.0630523e+01
  5.3628217333812e-02   0.0000000e+00   0.0000000e+00   3.0315262e+01   0.0000000e+00   0.0000000e+00  -3.7124262e-15  -6.0630523e+01
  5.8503509818704e-02   0.0000000e+00   0.0000000e+00   3.0315262e+01   0.0000000e+00   0.0000000e+00  -3.7124262e-15  -6.0630523e+01
  6.3378802303596e-02   0.0000000e+00   0.0000000e+00   3.0315262e+01   0.0000000e+00   0.0000000e+00  -3.7124262e-15  -6.0630523e+01
  6.8254094788488e-02   0.0000000e+00   0.0000000e+00   3.0315262e+01   0.0000000e+00   0.0000000e+00  -3.7124262e-15  -6.0630523e+01
  7.3129387273380e-02   0.0000000e+00   0.0000000e+00   3.0315262e+01   0.0000000e+00   0.0000000e+00  -3.7124262e-15  -6.0630523e+01
  7.8004679758272e-02   0.0000000e+00   0.0000000e+00   3.0315262e+01   0.0000000e+00   0.0000000e+00  -3.7124262e-15  -6.0630523e+01
  8.2879972243164e-02   0.0000000e+00   0.0000000e+00   3.0315262e+01   0.0000000e+00   0.0000000e+00  -3.7124262e-15  -6.0630523e+01
  8.7755264728056e-02   0.0000000e+00   0.0000000e+00   3.0315262e+01   0.0000000e+00   0.0000000e+00  -3.7124262e-15  -6.0630523e+01
  9.2630557212948e-02   0.0000000e+00   0.0000000e+00   3.0315262e+01   0.0000000e+00   0.0000000e+00  -3.7124262e-15  -6.0630523e+01
  9.7505849697840e-02   0.0000000e+00   0.0000000e+00   3.0315262e+01   0.0000000e+00   0.0000000e+00  -3.7124262e-15  -6.0630523e+01
  1.0238114218273e-01   0.0000000e+00   0.0000000e+00   3.0315262e+01   0.0000000e+00   0.0000000e+00  -3.7124262e-15  -6.0630523e+01
  1.0725643466762e-01   0.0000000e+00   0.0000000e+00   3.0315262e+01   0.0000000e+00   0.0000000e+00  -3.7124262e-15  -6.0630523e+01
  1.1213172715252e-01   0.0000000e+00   0.0000000e+00   3.0315262e+01   0.0000000e+00   0.0000000e+00  -3.7124262e-15  -6.0630523e+01
  1.1700701963741e-01   0.0000000e+00   0.0000000e+00   3.0315262e+01   0.0000000e+00   0.0000000e+00  -3.7124262e-15  -6.0630523e+01
  1.2188231212230e-01   0.0000000e+00   0.0000000e+00   3.0315262e+01   0.0000000e+00   0.0000000e+00  -3.7124262e-15  -6.0630523e+01
  1.2675760460719e-01   0.0000000e+00   0.0000000e+00   3.0315262e+01   0.0000000e+00   0.0000000e+00  -3.7124262e-15  -6.0630523e+01
  1.3163289709208e-01   0.0000000e+00   0.0000000e+00   3.0315262e+01   0.0000000e+00   0.0000000e+00  -3.7124262e-15  -6.0630523e+01
  1.3650818957698e-01   0.0000000e+00   0.0000000e+00   3.0315262e+01   0.0000000e+00   0.0000000e+00  -3.7124262e-15  -6.0630523e+01
  1.4138348206187e-01   0.0000000e+00   0.0000000e+00   3.0315262e+01   0.0000000e+00   0.0000000e+00  -3.7124262e-15  -6.0630523e+01
  1.4625877454676e-01   0.0000000e+00   0.0000000e+00   3.0315262e+01   0.0000000e+00   0.0000000e+00  -3.7124262e-15  -6.0630523e+01
  1.5113406703165e-01   0.0000000e+00   0.0000000e+00   3.0315262e+01   0.0000000e+00   0.0000000e+00  -3.7124262e-15  -6.0630523e+01
  1.5600935951654e-01   0.0000000e+00   0.0000000e+00   3.0315262e+01   0.0000000e+00   0.0000000e+00  -3.7124262e-15  -6.0630523e+01
  1.6088465200143e-01   0.0000000e+00   0.0000000e+00   3.0315262e+01   0.0000000e+00   0.0000000e+00  -3.7124262e-15  -6.0630523e+01
  1.6575994448633e-01   0.0000000e+00   0.0000000e+00   3.0315262e+01   0.0000000e+00   0.0000000e+00  -3.7124262e-15  -6.0630523e+01
  1.7063523697122e-01   0.0000000e+00   0.0000000e+00   3.0315262e+01   0.0000000e+00   0.0000000e+00  -3.7124262e-15  -6.0630523e+01
  1.7551052945611e-01   0.0000000e+00   0.0000000e+00   3.0315262e+01   0.0000000e+00   0.0000000e+00  -3.7124262e-15  -6.0630523e+01
  1.8038582194100e-01   0.0000000e+00   0.0000000e+00   3.0315262e+01   0.0000000e+00   0.0000000e+00  -3.7124262e-15  -6.0630523e+01
  1.8526111442589e-01   0.0000000e+00   0.0000000e+00   3.0315262e+01   0.0000000e+00   0.0000000e+00  -3.7124262e-15  -6.0630523e+01
  1.9013640691078e-01   0.0000000e+00   0.0000000e+00   3.0315262e+01   0.0000000e+00   0.0000000e+00  -3.7124262e-15  -6.0630523e+01
  1.9501169939568e-01   0.0000000e+00   0.0000000e+00   3.0315262e+01   0.0000000e+00   0.0000000e+00  -3.7124262e-15  -6.0630523e+01
  1.9988699188057e-01   0.0000000e+00   0.0000000e+00   3.0315262e+01   0.0000000e+00   0.0000000e+00  -3.7124262e-15  -6.0630523e+01
  2.0476228436546e-01   0.0000000e+00   0.0000000e+00   3.0315262e+01   0.0000000e+00   0.0000000e+00  -3.7124262e-15  -6.0630523e+01
  2.0963757685035e-01   0.0000000e+00   0.0000000e+00   3.0315262e+01   0.0000000e+00   0.0000000e+00  -3.7124262e-15  -6.0630523e+01
  2.1451286933524e-01   0.0000000e+00   0.0000000e+00   3.0315262e+01   0.0000000e+00   0.0000000e+00  -3.7124262e-15  -6.0630523e+01
  2.1938816182013e-01   0.0000000e+00   0.0000000e+00   3.0315262e+01   0.0000000e+00   0.0000000e+00  -3.7124262e-15  -6.0630523e+01
  2.2426345430502e-01   0.0000000e+00   0.0000000e+00   3.0315262e+01   0.0000000e+00   0.0000000e+00  -3.7124262e-15  -6.0630523e+01
  2.2913874678992e-01   0.0000000e+00   0.0000000e+00   3.0315262e+01   0.0000000e+00   0.0000000e+00  -3.7124262e-15  -6.0630523e+01
  2.3401403927481e-01   0.0000000e+00   0.0000000e+00   3.0315262e+01   0.0000000e+00   0.0000000e+00  -3.7124262e-15  -6.0630523e+01
  2.3888933175970e-01   0.0000000e+00   0.0000000e+00   3.0315262e+01   0.0000000e+00   0.0000000e+00  -3.7124262e-15  -6.0630523e+01
  2.4376462424459e-01   0.0000000e+00   0.0000000e+00   3.0315262e+01   0.0000000e+00   0.0000000e+00  -3.7124262e-15  -6.0630523e+01
  2.4863991672948e-01   0.0000000e+00   0.0000000e+00   3.0315262e+01   0.0000000e+00   0.0000000e+00  -3.7124262e-15  -6.0630523e+01
  2.5351520921437e-01   0.0000000e+00   0.0000000e+00   3.0315262e+01   0.0000000e+00   0.0000000e+00  -3.7124262e-15  -6.0630523e+01
  2.5839050169927e-01   0.0000000e+00   0.0000000e+00   3.0315262e+01   0.0000000e+00   0.0000000e+00  -3.7124262e-15  -6.0630523e+01
  2.6326579418416e-01   0.0000000e+00   0.0000000e+00   3.0315262e+01   0.0000000e+00   0.0000000e+00  -3.7124262e-15  -6.0630523e+01
  2.6814108666905e-01   0.0000000e+00   0.0000000e+00   3.0315262e+01   0.0000000e+00   0.0000000e+00  -3.7124262e-15  -6.0630523e+01
  2.7301637915394e-01   0.0000000e+00   0.0000000e+00   3.0315262e+01   0.0000000e+00   0.0000000e+00  -3.7124262e-15  -6.0630523e+01
  2.7789167163883e-01   0.0000000e+00   0.0000000e+00   3.0315262e+01   0.0000000e+00   0.0000000e+00  -3.7124262e-15  -6.0630523e+01
  2.8276696412372e-01   0.0000000e+00   0.0000000e+00   3.0315262e+01   0.0000000e+00   0.0000000e+00  -3.7124262e-15  -6.0630523e+01
  2.8764225660861e-01   0.0000000e+00   0.0000000e+00   3.0315262e+01   0.0000000e+00   0.0000000e+00  -3.7124262e-15  -6.0630523e+01
  2.9251754909351e-01   0.0000000e+00   0.0000000e+00   3.0315262e+01   0.0000000e+00   0.0000000e+00  -3.7124262e-15  -6.0630523e+01
  2.9739284157840e-01   0.0000000e+00   0.0000000e+00   3.0315262e+01   0.0000000e+00   0.0000000e+00  -3.7124262e-15  -6.0630523e+01
  3.0226813406329e-01   0.0000000e+00   0.0000000e+00   3.0315262e+01   0.0000000e+00   0.0000000e+00  -3.7124262e-15  -6.0630523e+01
  3.0714342654818e-01   0.0000000e+00   0.0000000e+00   3.0315262e+01   0.0000000e+00   0.0000000e+00  -3.7124262e-15  -6.0630523e+01
  3.1201871903307e-01   0.0000000e+00   0.0000000e+00   3.0315262e+01   0.0000000e+00   0.0000000e+00  -3.7124262e-15  -6.0630523e+01
  3.1689401151796e-01   0.0000000e+00   0.0000000e+00   3.0315262e+01   0.0000000e+00   0.0000000e+00  -3.7124262e-15  -6.0630523e+01
  3.2176930400286e-01   0.0000000e+00   0.0000000e+00   3.0315262e+01   0.0000000e+00   0.0000000e+00  -3.7124262e-15  -6.0630523e+01
  3.2664459648775e-01   0.0000000e+00   0.0000000e+00   3.0315262e+01   0.0000000e+00   0.0000000e+00  -3.7124262e-15  -6.0630523e+01
  3.3151988897264e-01   0.0000000e+00   0.0000000e+00   3.0315262e+01   0.0000000e+00   0.0000000e+00  -3.7124262e-15  -6.0630523e+01
  3.3639518145753e-01   0.0000000e+00   0.0000000e+00   3.0315262e+01   0.0000000e+00   0.0000000e+00  -3.7124262e-15  -6.0630523e+01
  3.4127047394242e-01   0.0000000e+00   0.0000000e+00   3.0315262e+01   0.0000000e+00   0.0000000e+00  -3.7124262e-15  -6.0630523e+01
  3.4614576642731e-01   0.0000000e+00   0.0000000e+00   3.0315262e+01   0.0000000e+00   0.0000000e+00  -3.7124262e-15  -6.0630523e+01
  3.5102105891221e-01   0.0000000e+00   0.0000000e+00   3.0315262e+01   0.0000000e+00   0.0000000e+00  -3.7124262e-15  -6.0630523e+01
  3.5589635139710e-01   0.0000000e+00   0.0000000e+00   3.0315262e+01   0.0000000e+00   0.0000000e+00  -3.7124262e-15  -6.0630523e+01
  3.6077164388199e-01   0.0000000e+00   0.0000000e+00   3.0315262e+01   0.0000000e+00   0.0000000e+00  -3.7124262e-15  -6.0630523e+01
  3.6564693636688e-01   0.0000000e+00   0.0000000e+00   3.0315262e+01   0.0000000e+00   0.0000000e+00  -3.7124262e-15  -6.0630523e+01
  3.7052222885177e-01   0.0000000e+00   0.0000000e+00   3.0315262e+01   0.0000000e+00   0.0000000e+00  -3.7124262e-15  -6.0630523e+01
  3.7539752133666e-01   0.0000000e+00   0.0000000e+00   3.0315262e+01   0.0000000e+00   0.0000000e+00  -3.7124262e-15  -6.0630523e+01
  3.8027281382156e-01   0.0000000e+00   0.0000000e+00   3.0315262e+01   0.0000000e+00   0.0000000e+00  -3.7124262e-15  -6.0630523e+01
  3.8514810630645e-01   0.0000000e+00   0.0000000e+00   3.0315262e+01   0.0000000e+00   0.0000000e+00  -3.7124262e-15  -6.0630523e+01
  3.9002339879134e-01   0.0000000e+00   0.0000000e+00   3.0315262e+01   0.0000000e+00   0.0000000e+00  -3.7124262e-15  -6.0630523e+01
  3.9489869127623e-01   0.0000000e+00   0.0000000e+00   3.0315262e+01   0.0000000e+00   0.0000000e+00  -3.7124262e-15  -6.0630523e+01
  3.9977398376112e-01   0.0000000e+00   0.0000000e+00   3.0315262e+01   0.0000000e+00   0.0000000e+00  -3.7124262e-15  -6.0630523e+01
  4.0464927624601e-01   0.0000000e+00   0.0000000e+00   3.0315262e+01   0.0000000e+00   0.0000000e+00  -3.7124262e-15  -6.0630523e+01
  4.0952456873090e-01   0.0000000e+00   0.0000000e+00   3.0315262e+01   0.0000000e+00   0.0000000e+00  -3.7124262e-15  -6.0630523e+01
  4.1439986121580e-01   0.0000000e+00   0.0000000e+00   3.0315262e+01   0.0000000e+00   0.0000000e+00  -3.7124262e-15  -6.0630523e+01
  4.1927515370069e-01   0.0000000e+00   0.0000000e+00   3.0315262e+01   0.0000000e+00   0.0000000e+00  -3.7124262e-15  -6.0630523e+01
  4.2415044618558e-01   0.0000000e+00   0.0000000e+00   3.0315262e+01   0.0000000e+00   0.0000000e+00  -3.7124262e-15  -6.0630523e+01
  4.2902573867047e-01   0.0000000e+00   0.0000000e+00   3.0315262e+01   0.0000000e+00   0.0000000e+00  -3.7124262e-15  -6.0630523e+01
  4.3390103115536e-01   0.0000000e+00   0.0000000e+00   3.0315262e+01   0.0000000e+00   0.0000000e+00  -3.7124262e-15  -6.0630523e+01
  4.3877632364025e-01   0.0000000e+00   0.0000000e+00   3.0315262e+01   0.0000000e+00   0.0000000e+00  -3.7124262e-15  -6.0630523e+01
  4.4365161612515e-01   0.0000000e+00   0.0000000e+00   3.0315262e+01   0.0000000e+00   0.0000000e+00  -3.7124262e-15  -6.0630523e+01
  4.4852690861004e-01   0.0000000e+00   0.0000000e+00   3.0315262e+01   0.0000000e+00   0.0000000e+00  -3.7124262e-15  -6.0630523e+01
  4.5340220109493e-01   0.0000000e+00   0.0000000e+00   3.0315262e+01   0.0000000e+00   0.0000000e+00  -3.7124262e-15  -6.0630523e+01
  4.5827749357982e-01   0.0000000e+00   0.0000000e+00   3.0315262e+01   0.0000000e+00   0.0000000e+00  -3.7124262e-15  -6.0630523e+01
  4.6315278606471e-01   0.0000000e+00   0.0000000e+00   3.0315262e+01   0.0000000e+00   0.0000000e+00  -3.7124262e-15  -6.0630523e+01
  4.6802807854960e-01   0.0000000e+00   0.0000000e+00   3.0315262e+01   0.0000000e+00   0.0000000e+00  -3.7124262e-15  -6.0630523e+01
  4.7290337103450e-01   0.0000000e+00   0.0000000e+00   3.0315262e+01   0.0000000e+00   0.0000000e+00  -3.7124262e-15  -6.0630523e+01
  4.7777866351939e-01   0.0000000e+00   0.0000000e+00   3.0315262e+01   0.0000000e+00   0.0000000e+00  -3.7124262e-15  -6.0630523e+01
  4.8265395600428e-01   0.0000000e+00   0.0000000e+00   3.0315262e+01   0.0000000e+00   0.0000000e+00  -3.7124262e-15  -6.0630523e+01
  4.8752924848917e-01   0.0000000e+00   0.0000000e+00   3.0315262e+01   0.0000000e+00   0.0000000e+00  -3.7124262e-15  -6.0630523e+01
  4.9240454097406e-01   0.0000000e+00   0.0000000e+00   3.0315262e+01   0.0000000e+00   0.0000000e+00  -3.7124262e-15  -6.0630523e+01
  4.9727983345895e-01   0.0000000e+00   0.0000000e+00   3.0315262e+01   0.0000000e+00   0.0000000e+00  -3.7124262e-15  -6.0630523e+01
  5.0215512594385e-01   0.0000000e+00   0.0000000e+00   3.0315262e+01   0.0000000e+00   0.0000000e+00  -3.7124262e-15  -6.0630523e+01
  5.0703041842874e-01   0.0000000e+00   0.0000000e+00   3.0315262e+01   0.0000000e+00   0.0000000e+00  -3.7124262e-15  -6.0630523e+01
  5.1190571091363e-01   0.0000000e+00   0.0000000e+00   3.0315262e+01   0.0000000e+00   0.0000000e+00  -3.7124262e-15  -6.0630523e+01
  5.1678100339852e-01   0.0000000e+00   0.0000000e+00   3.0315262e+01   0.0000000e+00   0.0000000e+00  -3.7124262e-15  -6.0630523e+01
  5.2165629588341e-01   0.0000000e+00   0.0000000e+00   3.0315262e+01   0.0000000e+00   0.0000000e+00  -3.7124262e-15  -6.0630523e+01
  5.2653158836830e-01   0.0000000e+00   0.0000000e+00   3.0315262e+01   0.0000000e+00   0.0000000e+00  -3.7124262e-15  -6.0630523e+01
  5.3140688085319e-01   0.0000000e+00   0.0000000e+00   3.0315262e+01   0.0000000e+00   0.0000000e+00  -3.7124262e-15  -6.0630523e+01
  5.3628217333809e-01   0.0000000e+00   0.0000000e+00   3.0315262e+01   0.0000000e+00   0.0000000e+00  -3.7124262e-15  -6.0630523e+01
  5.4115746582298e-01   0.0000000e+00   0.0000000e+00   3.0315262e+01   0.0000000e+00   0.0000000e+00  -3.7124262e-15  -6.0630523e+01
  5.4603275830787e-01   0.0000000e+00   0.0000000e+00   3.0315262e+01   0.0000000e+00   0.0000000e+00  -3.7124262e-15  -6.0630523e+01
  5.5090805079276e-01   0.0000000e+00   0.0000000e+00   3.0315262e+01   0.0000000e+00   0.0000000e+00  -3.7124262e-15  -6.0630523e+01
  5.5578334327765e-01   0.0000000e+00   0.0000000e+00   3.0315262e+01   0.0000000e+00   0.0000000e+00  -3.7124262e-15  -6.0630523e+01
  5.6065863576255e-01   0.0000000e+00   0.0000000e+00   3.0315262e+01   0.0000000e+00   0.0000000e+00  -3.7124262e-15  -6.0630523e+01
  5.6553392824744e-01   0.0000000e+00   0.0000000e+00   3.0315262e+01   0.0000000e+00   0.0000000e+00  -3.7124262e-15  -6.0630523e+01
  5.7040922073233e-01   0.0000000e+00   0.0000000e+00   3.0315262e+01   0.0000000e+00   0.0000000e+00  -3.7124262e-15  -6.0630523e+01
  5.7528451321722e-01   0.0000000e+00   0.0000000e+00   3.0315262e+01   0.0000000e+00   0.0000000e+00  -3.7124262e-15  -6.0630523e+01
  5.8015980570211e-01   0.0000000e+00   0.0000000e+00   3.0315262e+01   0.0000000e+00   0.0000000e+00  -3.7124262e-15  -6.0630523e+01
  5.8503509818700e-01   0.0000000e+00   0.0000000e+00   3.0315262e+01   0.0000000e+00   0.0000000e+00  -3.7124262e-15  -6.0630523e+01
  5.8991039067189e-01   0.0000000e+00   0.0000000e+00   3.0315262e+01   0.0000000e+00   0.0000000e+00  -3.7124262e-15  -6.0630523e+01
  5.9478568315679e-01   0.0000000e+00   0.0000000e+00   3.0315262e+01   0.0000000e+00   0.0000000e+00  -3.7124262e-15  -6.0630523e+01
  5.9966097564168e-01   0.0000000e+00   0.0000000e+00   3.0315262e+01   0.0000000e+00   0.0000000e+00  -3.7124262e-15  -6.0630523e+01
  6.0453626812657e-01   0.0000000e+00   0.0000000e+00   3.0315262e+01   0.0000000e+00   0.0000000e+00  -3.7124262e-15  -6.0630523e+01
  6.0941156061146e-01   0.0000000e+00   0.0000000e+00   3.0315262e+01   0.0000000e+00   0.0000000e+00  -3.7124262e-15  -6.0630523e+01
  6.1428685309635e-01   0.0000000e+00   0.0000000e+00   3.0315262e+01   0.0000000e+00   0.0000000e+00  -3.7124262e-15  -6.0630523e+01
  6.1916214558124e-01   0.0000000e+00   0.0000000e+00   3.0315262e+01   0.0000000e+00   0.0000000e+00  -3.7124262e-15  -6.0630523e+01
  6.2403743806614e-01   0.0000000e+00   0.0000000e+00   3.0315262e+01   0.0000000e+00   0.0000000e+00  -3.7124262e-15  -6.0630523e+01
  6.2891273055103e-01   0.0000000e+00   0.0000000e+00   3.0315262e+01   0.0000000e+00   0.0000000e+00  -3.7124262e-15  -6.0630523e+01
  6.3378802303592e-01   0.0000000e+00   0.0000000e+00   3.0315262e+01   0.0000000e+00   0.0000000e+00  -3.7124262e-15  -6.0630523e+01
  6.3866331552081e-01   0.0000000e+00   0.0000000e+00   3.0315262e+01   0.0000000e+00   0.0000000e+00  -3.7124262e-15  -6.0630523e+01
  6.4353860800570e-01   0.0000000e+00   0.0000000e+00   3.0315262e+01   0.0000000e+00   0.0000000e+00  -3.7124262e-15  -6.0630523e+01
  6.4841390049059e-01   0.0000000e+00   0.0000000e+00   3.0315262e+01   0.0000000e+00   0.0000000e+00  -3.7124262e-15  -6.0630523e+01
  6.5328919297549e-01   0.0000000e+00   0.0000000e+00   3.0315262e+01   0.0000000e+00   0.0000000e+00  -3.7124262e-15  -6.0630523e+01
  6.5816448546038e-01   0.0000000e+00   0.0000000e+00   3.0315262e+01   0.0000000e+00   0.0000000e+00  -3.7124262e-15  -6.0630523e+01
  6.6303977794527e-01   0.0000000e+00   0.0000000e+00   3.0315262e+01   0.0000000e+00   0.0000000e+00  -3.7124262e-15  -6.0630523e+01
  6.6791507043016e-01   0.0000000e+00   0.0000000e+00   3.0315262e+01   0.0000000e+00   0.0000000e+00  -3.7124262e-15  -6.0630523e+01
  6.7279036291505e-01   0.0000000e+00   0.0000000e+00   3.0315262e+01   0.0000000e+00   0.0000000e+00  -3.7124262e-15  -6.0630523e+01
  6.7766565539994e-01   0.0000000e+00   0.0000000e+00   3.0315262e+01   0.0000000e+00   0.0000000e+00  -3.7124262e-15  -6.0630523e+01
  6.8254094788483e-01   0.0000000e+00   0.0000000e+00   3.0315262e+01   0.0000000e+00   0.0000000e+00  -3.7124262e-15  -6.0630523e+01
  6.8741624036973e-01   0.0000000e+00   0.0000000e+00   3.0315262e+01   0.0000000e+00   0.0000000e+00  -3.7124262e-15  -6.0630523e+01
  6.9229153285462e-01   0.0000000e+00   0.0000000e+00   3.0315262e+01   0.0000000e+00   0.0000000e+00  -3.7124262e-15  -6.0630523e+01
  6.9716682533951e-01   0.0000000e+00   0.0000000e+00   3.0315262e+01   0.0000000e+00   0.0000000e+00  -3.7124262e-15  -6.0630523e+01
  7.0204211782440e-01   0.0000000e+00   0.0000000e+00   3.0315262e+01   0.0000000e+00   0.0000000e+00  -3.7124262e-15  -6.0630523e+01
  7.0691741030929e-01   0.0000000e+00   0.0000000e+00   3.0315262e+01   0.0000000e+00   0.0000000e+00  -3.7124262e-15  -6.0630523e+01
  7.1179270279419e-01   0.0000000e+00   0.0000000e+00   3.0315262e+01   0.0000000e+00   0.0000000e+00  -3.7124262e-15  -6.0630523e+01
  7.1666799527908e-01   0.0000000e+00   0.0000000e+00   3.0315262e+01   0.0000000e+00   0.0000000e+00  -3.7124262e-15  -6.0630523e+01
  7.2154328776397e-01   0.0000000e+00   0.0000000e+00   3.0315262e+01   0.0000000e+00   0.0000000e+00  -3.7124262e-15  -6.0630523e+01
  7.2641858024886e-01   0.0000000e+00   0.0000000e+00   3.0315262e+01   0.0000000e+00   0.0000000e+00  -3.7124262e-15  -6.0630523e+01
  7.3129387273375e-01   0.0000000e+00   0.0000000e+00   3.0315262e+01   0.0000000e+00   0.0000000e+00  -3.7124262e-15  -6.0630523e+01
  7.3616916521864e-01   0.0000000e+00   0.0000000e+00   3.0315262e+01   0.0000000e+00   0.0000000e+00  -3.7124262e-15  -6.0630523e+01
  7.4104445770353e-01   0.0000000e+00   0.0000000e+00   3.0315262e+01   0.0000000e+00   0.0000000e+00  -3.7124262e-15  -6.0630523e+01
  7.4591975018843e-01   0.0000000e+00   0.0000000e+00   3.0315262e+01   0.0000000e+00   0.0000000e+00  -3.7124262e-15  -6.0630523e+01
  7.5079504267332e-01   0.0000000e+00   0.0000000e+00   3.0315262e+01   0.0000000e+00   0.0000000e+00  -3.7124262e-15  -6.0630523e+01
  7.5567033515821e-01   0.0000000e+00   0.0000000e+00   3.0315262e+01   0.0000000e+00   0.0000000e+00  -3.7124262e-15  -6.0630523e+01
  7.6054562764310e-01   0.0000000e+00   0.0000000e+00   3.0315262e+01   0.0000000e+00   0.0000000e+00  -3.7124262e-15  -6.0630523e+01
  7.6542092012799e-01   0.0000000e+00   0.0000000e+00   3.0315262e+01   0.0000000e+00   0.0000000e+00  -3.7124262e-15  -6.0630523e+01
  7.7029621261288e-01   0.0000000e+00   0.0000000e+00   3.0315262e+01   0.0000000e+00   0.0000000e+00  -3.7124262e-15  -6.0630523e+01
  7.7517150509777e-01   0.0000000e+00   0.0000000e+00   3.0315262e+01   0.0000000e+00   0.0000000e+00  -3.7124262e-15  -6.0630523e+01
  7.8004679758267e-01   0.0000000e+00   0.0000000e+00   3.0315262e+01   0.0000000e+00   0.0000000e+00  -3.7124262e-15  -6.0630523e+01
  7.8492209006756e-01   0.0000000e+00   0.0000000e+00   3.0315262e+01   0.0000000e+00   0.0000000e+00  -3.7124262e-15  -6.0630523e+01
  7.8979738255245e-01   0.0000000e+00   0.0000000e+00   3.0315262e+01   0.0000000e+00   0.0000000e+00  -3.7124262e-15  -6.0630523e+01
  7.9467267503734e-01   0.0000000e+00   0.0000000e+00   3.0315262e+01   0.0000000e+00   0.0000000e+00  -3.7124262e-15  -6.0630523e+01
  7.9954796752223e-01   0.0000000e+00   0.0000000e+00   3.0315262e+01   0.0000000e+00   0.0000000e+00  -3.7124262e-15  -6.0630523e+01
  8.0442326000713e-01   0.0000000e+00   0.0000000e+00   3.0315262e+01   0.0000000e+00   0.0000000e+00  -3.7124262e-15  -6.0630523e+01
  8.0929855249202e-01   0.0000000e+00   0.0000000e+00   3.0315262e+01   0.0000000e+00   0.0000000e+00  -3.7124262e-15  -6.0630523e+01
  8.1417384497691e-01   0.0000000e+00   0.0000000e+00   3.0315262e+01   0.0000000e+00   0.0000000e+00  -3.7124262e-15  -6.0630523e+01
  8.1904913746180e-01   0.0000000e+00   0.0000000e+00   3.0315262e+01   0.0000000e+00   0.0000000e+00  -3.7124262e-15  -6.0630523e+01
  8.2392442994669e-01   0.0000000e+00   0.0000000e+00   3.0315262e+01   0.0000000e+00   0.0000000e+00  -3.7124262e-15  -6.0630523e+01
  8.2879972243158e-01   0.0000000e+00   0.0000000e+00   3.0315262e+01   0.0000000e+00   0.0000000e+00  -3.7124262e-15  -6.0630523e+01
  8.3367501491647e-01   0.0000000e+00   0.0000000e+00   3.0315262e+01   0.0000000e+00   0.0000000e+00  -3.7124262e-15  -6.0630523e+01
  8.3855030740137e-01   0.0000000e+00   0.0000000e+00   3.0315262e+01   0.0000000e+00   0.0000000e+00  -3.7124262e-15  -6.0630523e+01
  8.4342559988626e-01   0.0000000e+00   0.0000000e+00   3.0315262e+01   0.0000000e+00   0.0000000e+00  -3.7124262e-15  -6.0630523e+01
  8.4830089237115e-01   0.0000000e+00   0.0000000e+00   3.0315262e+01   0.0000000e+00   0.0000000e+00  -3.7124262e-15  -6.0630523e+01
  8.5317618485604e-01   0.0000000e+00   0.0000000e+00   3.0315262e+01   0.0000000e+00   0.0000000e+00  -3.7124262e-15  -6.0630523e+01
  8.5805147734093e-01   0.0000000e+00   0.0000000e+00   3.0315262e+01   0.0000000e+00   0.0000000e+00  -3.7124262e-15  -6.0630523e+01
  8.6292676982582e-01   0.0000000e+00   0.0000000e+00   3.0315262e+01   0.0000000e+00   0.0000000e+00  -3.7124262e-15  -6.0630523e+01
  8.6780206231072e-01   0.0000000e+00   0.0000000e+00   3.0315262e+01   0.0000000e+00   0.0000000e+00  -3.7124262e-15  -6.0630523e+01
  8.7267735479561e-01   0.0000000e+00   0.0000000e+00   3.0315262e+01   0.0000000e+00   0.0000000e+00  -3.7124262e-15  -6.0630523e+01
  8.7755264728050e-01   0.0000000e+00   0.0000000e+00   3.0315262e+01   0.0000000e+00   0.0000000e+00  -3.7124262e-15  -6.0630523e+01
  8.8242793976539e-01   0.0000000e+00   0.0000000e+00   3.0315262e+01   0.0000000e+00   0.0000000e+00  -3.7124262e-15  -6.0630523e+01
  8.8730323225028e-01   0.0000000e+00   0.0000000e+00   3.0315262e+01   0.0000000e+00   0.0000000e+00  -3.7124262e-15  -6.0630523e+01
  8.9217852473517e-01   0.0000000e+00   0.0000000e+00   3.0315262e+01   0.0000000e+00   0.0000000e+00  -3.7124262e-15  -6.0630523e+01
  8.9705381722007e-01   0.0000000e+00   0.0000000e+00   3.0315262e+01   0.0000000e+00   0.0000000e+00  -3.7124262e-15  -6.0630523e+01
  9.0192910970496e-01   0.0000000e+00   0.0000000e+00   3.0315262e+01   0.0000000e+00   0.0000000e+00  -3.7124262e-15  -6.0630523e+01
  9.0680440218985e-01   0.0000000e+00   0.0000000e+00   3.0315262e+01   0.0000000e+00   0.0000000e+00  -3.7124262e-15  -6.0630523e+01
  9.1167969467474e-01   0.0000000e+00   0.0000000e+00   3.0315262e+01   0.0000000e+00   0.0000000e+00  -3.7124262e-15  -6.0630523e+01
  9.1655498715963e-01   0.0000000e+00   0.0000000e+00   3.0315262e+01   0.0000000e+00   0.0000000e+00  -3.7124262e-15  -6.0630523e+01
  9.2143027964452e-01   0.0000000e+00   0.0000000e+00   3.0315262e+01   0.0000000e+00   0.0000000e+00  -3.7124262e-15  -6.0630523e+01
  9.2630557212942e-01   0.0000000e+00   0.0000000e+00   3.0315262e+01   0.0000000e+00   0.0000000e+00  -3.7124262e-15  -6.0630523e+01
  9.3118086461431e-01   0.0000000e+00   0.0000000e+00   3.0315262e+01   0.0000000e+00   0.0000000e+00  -3.7124262e-15  -6.0630523e+01
  9.3605615709920e-01   0.0000000e+00   0.0000000e+00   3.0315262e+01   0.0000000e+00   0.0000000e+00  -3.7124262e-15  -6.0630523e+01
  9.4093144958409e-01   0.0000000e+00   0.0000000e+00   3.0315262e+01   0.0000000e+00   0.0000000e+00  -3.7124262e-15  -6.0630523e+01
  9.4580674206898e-01   0.0000000e+00   0.0000000e+00   3.0315262e+01   0.0000000e+00   0.0000000e+00  -3.7124262e-15  -6.0630523e+01
  9.5068203455387e-01   0.0000000e+00   0.0000000e+00   3.0315262e+01   0.0000000e+00   0.0000000e+00  -3.7124262e-15  -6.0630523e+01
  9.5555732703876e-01   0.0000000e+00   0.0000000e+00   3.0315262e+01   0.0000000e+00   0.0000000e+00  -3.7124262e-15  -6.0630523e+01
  9.6043261952366e-01   0.0000000e+00   0.0000000e+00   3.0315262e+01   0.0000000e+00   0.0000000e+00  -3.7124262e-15  -6.0630523e+01
  9.6530791200855e-01   0.0000000e+00   0.0000000e+00   3.0315262e+01   0.0000000e+00   0.0000000e+00  -3.7124262e-15  -6.0630523e+01
  9.7018320449344e-01   0.0000000e+00   0.0000000e+00   3.0315262e+01   0.0000000e+00   0.0000000e+00  -3.7124262e-15  -6.0630523e+01
  9.7505849697833e-01   0.0000000e+00   0.0000000e+00   3.0315262e+01   0.0000000e+00   0.0000000e+00  -3.7124262e-15  -6.0630523e+01
  9.7993378946322e-01   0.0000000e+00   0.0000000e+00   3.0315262e+01   0.0000000e+00   0.0000000e+00  -3.7124262e-15  -6.0630523e+01
  9.8480908194811e-01   0.0000000e+00   0.0000000e+00   3.0315262e+01   0.0000000e+00   0.0000000e+00  -3.7124262e-15  -6.0630523e+01
  9.8968437443301e-01   0.0000000e+00   0.0000000e+00   3.0315262e+01   0.0000000e+00   0.0000000e+00  -3.7124262e-15  -6.0630523e+01
  9.9455966691790e-01   0.0000000e+00   0.0000000e+00   3.0315262e+01   0.0000000e+00   0.0000000e+00  -3.7124262e-15  -6.0630523e+01
  9.9943495940279e-01   0.0000000e+00   0.0000000e+00   3.0315262e+01   0.0000000e+00   0.0000000e+00  -3.7124262e-15  -6.0630523e+01
  1.0043102518877e+00   0.0000000e+00   0.0000000e+00   3.0315262e+01   0.0000000e+00   0.0000000e+00  -3.7124262e-15  -6.0630523e+01
  1.0091855443726e+00   0.0000000e+00   0.0000000e+00   3.0315262e+01   0.0000000e+00   0.0000000e+00  -3.7124262e-15  -6.0630523e+01
  1.0140608368575e+00   0.0000000e+00   0.0000000e+00   3.0315262e+01   0.0000000e+00   0.0000000e+00  -3.7124262e-15  -6.0630523e+01
  1.0189361293424e+00   0.0000000e+00   0.0000000e+00   3.0315262e+01   0.0000000e+00   0.0000000e+00  -3.7124262e-15  -6.0630523e+01
  1.0238114218273e+00   0.0000000e+00   0.0000000e+00   3.0315262e+01   0.0000000e+00   0.0000000e+00  -3.7124262e-15  -6.0630523e+01
  1.0286867143121e+00   0.0000000e+00   0.0000000e+00   3.0315262e+01   0.0000000e+00   0.0000000e+00  -3.7124262e-15  -6.0630523e+01
  1.0335620067970e+00   0.0000000e+00   0.0000000e+00   3.0315262e+01   0.0000000e+00   0.0000000e+00  -3.7124262e-15  -6.0630523e+01
  1.0384372992819e+00   0.0000000e+00   0.0000000e+00   3.0315262e+01   0.0000000e+00   0.0000000e+00  -3.7124262e-15  -6.0630523e+01
  1.0433125917668e+00   0.0000000e+00   0.0000000e+00   3.0315262e+01   0.0000000e+00   0.0000000e+00  -3.7124262e-15  -6.0630523e+01
  1.0481878842517e+00   0.0000000e+00   0.0000000e+00   3.0315262e+01   0.0000000e+00   0.0000000e+00  -3.7124262e-15  -6.0630523e+01
  1.0530631767366e+00   0.0000000e+00   0.0000000e+00   3.0315262e+01   0.0000000e+00   0.0000000e+00  -3.7124262e-15  -6.0630523e+01
  1.0579384692215e+00   0.0000000e+00   0.0000000e+00   3.0315262e+01   0.0000000e+00   0.0000000e+00  -3.7124262e-15  -6.0630523e+01
  1.0628137617064e+00   0.0000000e+00   0.0000000e+00   3.0315262e+01   0.0000000e+00   0.0000000e+00  -3.7124262e-15  -6.0630523e+01
  1.0676890541913e+00   0.0000000e+00   0.0000000e+00   3.0315262e+01   0.0000000e+00   0.0000000e+00  -3.7124262e-15  -6.0630523e+01
  1.0725643466762e+00   0.0000000e+00   0.0000000e+00   3.0315262e+01   0.0000000e+00   0.0000000e+00  -3.7124262e-15  -6.0630523e+01
  1.0774396391610e+00   0.0000000e+00   0.0000000e+00   3.0315262e+01   0.0000000e+00   0.0000000e+00  -3.7124262e-15  -6.0630523e+01
  1.0823149316459e+00   0.0000000e+00   0.0000000e+00   3.0315262e+01   0.0000000e+00   0.0000000e+00  -3.7124262e-15  -6.0630523e+01
  1.0871902241308e+00   0.0000000e+00   0.0000000e+00   3.0315262e+01   0.0000000e+00   0.0000000e+00  -3.7124262e-15  -6.0630523e+01
  1.0920655166157e+00   0.0000000e+00   0.0000000e+00   3.0315262e+01   0.0000000e+00   0.0000000e+00  -3.7124262e-15  -6.0630523e+01
  1.0969408091006e+00   0.0000000e+00   0.0000000e+00   3.0315262e+01   0.0000000e+00   0.0000000e+00  -3.7124262e-15  -6.0630523e+01
  1.1018161015855e+00   0.0000000e+00   0.0000000e+00   3.0315262e+01   0.0000000e+00   0.0000000e+00  -3.7124262e-15  -6.0630523e+01
  1.1066913940704e+00   0.0000000e+00   0.0000000e+00   3.0315262e+01   0.0000000e+00   0.0000000e+00  -3.7124262e-15  -6.0630523e+01
  1.1115666865553e+00   0.0000000e+00   0.0000000e+00   3.0315262e+01   0.0000000e+00   0.0000000e+00  -3.7124262e-15  -6.0630523e+01
  1.1164419790402e+00   0.0000000e+00   0.0000000e+00   3.0315262e+01   0.0000000e+00   0.0000000e+00  -3.7124262e-15  -6.0630523e+01
  1.1213172715251e+00   0.0000000e+00   0.0000000e+00   3.0315262e+01   0.0000000e+00   0.0000000e+00  -3.7124262e-15  -6.0630523e+01
  1.1261925640100e+00   0.0000000e+00   0.0000000e+00   3.0315262e+01   0.0000000e+00   0.0000000e+00  -3.7124262e-15  -6.0630523e+01
  1.1310678564949e+00   0.0000000e+00   0.0000000e+00   3.0315262e+01   0.0000000e+00   0.0000000e+00  -3.7124262e-15  -6.0630523e+01
  1.1359431489798e+00   0.0000000e+00   0.0000000e+00   3.0315262e+01   0.0000000e+00   0.0000000e+00  -3.7124262e-15  -6.0630523e+01
  1.1408184414647e+00   0.0000000e+00   0.0000000e+00   3.0315262e+01   0.0000000e+00   0.0000000e+00  -3.7124262e-15  -6.0630523e+01
  1.1456937339495e+00   0.0000000e+00   0.0000000e+00   3.0315262e+01   0.0000000e+00   0.0000000e+00  -3.7124262e-15  -6.0630523e+01
  1.1505690264344e+00   0.0000000e+00   0.0000000e+00   3.0315262e+01   0.0000000e+00   0.0000000e+00  -3.7124262e-15  -6.0630523e+01
  1.1554443189193e+00   0.0000000e+00   0.0000000e+00   3.0315262e+01   0.0000000e+00   0.0000000e+00  -3.7124262e-15  -6.0630523e+01
  1.1603196114042e+00   0.0000000e+00   0.0000000e+00   3.0315262e+01   0.0000000e+00   0.0000000e+00  -3.7124262e-15  -6.0630523e+01
  1.1651949038891e+00   0.0000000e+00   0.0000000e+00   3.0315262e+01   0.0000000e+00   0.0000000e+00  -3.7124262e-15  -6.0630523e+01
  1.1700701963740e+00   0.0000000e+00   0.0000000e+00   3.0315262e+01   0.0000000e+00   0.0000000e+00  -3.7124262e-15  -6.0630523e+01
  1.1749454888589e+00   0.0000000e+00   0.0000000e+00   3.0315262e+01   0.0000000e+00   0.0000000e+00  -3.7124262e-15  -6.0630523e+01
  1.1798207813438e+00   0.0000000e+00   0.0000000e+00   3.0315262e+01   0.0000000e+00   0.0000000e+00  -3.7124262e-15  -6.0630523e+01
  1.1846960738287e+00   0.0000000e+00   0.0000000e+00   3.0315262e+01   0.0000000e+00   0.0000000e+00  -3.7124262e-15  -6.0630523e+01
  1.1895713663136e+00   0.0000000e+00   0.0000000e+00   3.0315262e+01   0.0000000e+00   0.0000000e+00  -3.7124262e-15  -6.0630523e+01
  1.1944466587984e+00   0.0000000e+00   0.0000000e+00   3.0315262e+01   0.0000000e+00   0.0000000e+00  -3.7124262e-15  -6.0630523e+01
  1.1993219512833e+00   0.0000000e+00   0.0000000e+00   3.0315262e+01   0.0000000e+00   0.0000000e+00  -3.7124262e-15  -6.0630523e+01
  1.2041972437682e+00   0.0000000e+00   0.0000000e+00   3.0315262e+01   0.0000000e+00   0.0000000e+00  -3.7124262e-15  -6.0630523e+01
  1.2090725362531e+00   0.0000000e+00   0.0000000e+00   3.0315262e+01   0.0000000e+00   0.0000000e+00  -3.7124262e-15  -6.0630523e+01
  1.2139478287380e+00   0.0000000e+00   0.0000000e+00   3.0315262e+01   0.0000000e+00   0.0000000e+00  -3.7124262e-15  -6.0630523e+01
  1.2188231212229e+00   0.0000000e+00   0.0000000e+00   3.0315262e+01   0.0000000e+00   0.0000000e+00  -3.7124262e-15  -6.0630523e+01
  1.2236984137078e+00   0.0000000e+00   0.0000000e+00   3.0315262e+01   0.0000000e+00   0.0000000e+00  -3.7124262e-15  -6.0630523e+01
  1.2285737061927e+00   0.0000000e+00   0.0000000e+00   3.0315262e+01   0.0000000e+00   0.0000000e+00  -3.7124262e-15  -6.0630523e+01
  1.2334489986776e+00   0.0000000e+00   0.0000000e+00   3.0315262e+01   0.0000000e+00   0.0000000e+00  -3.7124262e-15  -6.0630523e+01
  1.2383242911625e+00   0.0000000e+00   0.0000000e+00   3.0315262e+01   0.0000000e+00   0.0000000e+00  -3.7124262e-15  -6.0630523e+01
  1.2431995836474e+00   0.0000000e+00   0.0000000e+00   3.0315262e+01   0.0000000e+00   0.0000000e+00  -3.7124262e-15  -6.0630523e+01
  1.2480748761323e+00   0.0000000e+00   0.0000000e+00   3.0315262e+01   0.0000000e+00   0.0000000e+00  -3.7124262e-15  -6.0630523e+01
  1.2529501686172e+00   0.0000000e+00   0.0000000e+00   3.0315262e+01   0.0000000e+00   0.0000000e+00  -3.7124262e-15  -6.0630523e+01
  1.2578254611020e+00   0.0000000e+00   0.0000000e+00   3.0315262e+01   0.0000000e+00   0.0000000e+00  -3.7124262e-15  -6.0630523e+01
  1.2627007535869e+00   0.0000000e+00   0.0000000e+00   3.0315262e+01   0.0000000e+00   0.0000000e+00  -3.7124262e-15  -6.0630523e+01
  1.2675760460718e+00   0.0000000e+00   0.0000000e+00   3.0315262e+01   0.0000000e+00   0.0000000e+00  -3.7124262e-15  -6.0630523e+01
  1.2724513385567e+00   0.0000000e+00   0.0000000e+00   3.0315262e+01   0.0000000e+00   0.0000000e+00  -3.7124262e-15  -6.0630523e+01
  1.2773266310416e+00   0.0000000e+00   0.0000000e+00   3.0315262e+01   0.0000000e+00   0.0000000e+00  -3.7124262e-15  -6.0630523e+01
  1.2822019235265e+00   0.0000000e+00   0.0000000e+00   3.0315262e+01   0.0000000e+00   0.0000000e+00  -3.7124262e-15  -6.0630523e+01
  1.2870772160114e+00   0.0000000e+00   0.0000000e+00   3.0315262e+01   0.0000000e+00   0.0000000e+00  -3.7124262e-15  -6.0630523e+01
  1.2919525084963e+00   0.0000000e+00   0.0000000e+00   3.0315262e+01   0.0000000e+00   0.0000000e+00  -3.7124262e-15  -6.0630523e+01
  1.2968278009812e+00   0.0000000e+00   0.0000000e+00   3.0315262e+01   0.0000000e+00   0.0000000e+00  -3.7124262e-15  -6.0630523e+01
  1.3017030934661e+00   0.0000000e+00   0.0000000e+00   3.0315262e+01   0.0000000e+00   0.0000000e+00  -3.7124262e-15  -6.0630523e+01
  1.3065783859510e+00   0.0000000e+00   0.0000000e+00   3.0315262e+01   0.0000000e+00   0.0000000e+00  -3.7124262e-15  -6.0630523e+01
  1.3114536784358e+00   0.0000000e+00   0.0000000e+00   3.0315262e+01   0.0000000e+00   0.0000000e+00  -3.7124262e-15  -6.0630523e+01
  1.3163289709207e+00   0.0000000e+00   0.0000000e+00   3.0315262e+01   0.0000000e+00   0.0000000e+00  -3.7124263e-15  -6.0630523e+01
  1.3212042634056e+00   0.0000000e+00   0.0000000e+00   3.0315262e+01   0.0000000e+00   0.0000000e+00  -3.7124263e-15  -6.0630523e+01
  1.3260795558905e+00   0.0000000e+00   0.0000000e+00   3.0315262e+01   0.0000000e+00   0.0000000e+00  -3.7124259e-15  -6.0630523e+01
  1.3309548483754e+00   0.0000000e+00   0.0000000e+00   3.0315262e+01   0.0000000e+00   0.0000000e+00  -3.7124256e-15  -6.0630523e+01
  1.3358301408603e+00   0.0000000e+00   0.0000000e+00   3.0315262e+01   0.0000000e+00   0.0000000e+00  -3.7124269e-15  -6.0630523e+01
  1.3407054333452e+00   0.0000000e+00   0.0000000e+00   3.0315262e+01   0.0000000e+00   0.0000000e+00  -3.7124284e-15  -6.0630523e+01
  1.3455807258301e+00   0.0000000e+00   0.0000000e+00   3.0315262e+01   0.0000000e+00   0.0000000e+00  -3.7124255e-15  -6.0630523e+01
  1.3504560183150e+00   0.0000000e+00   0.0000000e+00   3.0315262e+01   0.0000000e+00   0.0000000e+00  -3.7124203e-15  -6.0630523e+01
  1.3553313107999e+00   0.0000000e+00   0.0000000e+00   3.0315262e+01   0.0000000e+00   0.0000000e+00  -3.7124250e-15  -6.0630523e+01
  1.3602066032848e+00   0.0000000e+00   0.0000000e+00   3.0315262e+01   0.0000000e+00   0.0000000e+00  -3.7124397e-15  -6.0630523e+01
  1.3650818957697e+00   0.0000000e+00   0.0000000e+00   3.0315262e+01   0.0000000e+00   0.0000000e+00  -3.7124356e-15  -6.0630523e+01
  1.3699571882546e+00   0.0000000e+00   0.0000000e+00   3.0315262e+01   0.0000000e+00   0.0000000e+00  -3.7124005e-15  -6.0630523e+01
  1.3748324807394e+00   0.0000000e+00   0.0000000e+00   3.0315262e+01   0.0000000e+00   0.0000000e+00  -3.7123930e-15  -6.0630523e+01
  1.3797077732243e+00   0.0000000e+00   0.0000000e+00   3.0315262e+01   0.0000000e+00   0.0000000e+00  -3.7124651e-15  -6.0630523e+01
  1.3845830657092e+00   0.0000000e+00   0.0000000e+00   3.0315262e+01   0.0000000e+00   0.0000000e+00  -3.7125149e-15  -6.0630523e+01
  1.3894583581941e+00   0.0000000e+00   0.0000000e+00   3.0315262e+01   0.0000000e+00   0.0000000e+00  -3.7123893e-15  -6.0630523e+01
  1.3943336506790e+00   0.0000000e+00   0.0000000e+00   3.0315262e+01   0.0000000e+00   0.0000000e+00  -3.7122299e-15  -6.0630523e+01
  1.3992089431639e+00   0.0000000e+00   0.0000000e+00   3.0315262e+01   0.0000000e+00   0.0000000e+00  -3.7124072e-15  -6.0630523e+01
  1.4040842356488e+00   0.0000000e+00   0.0000000e+00   3.0315262e+01   0.0000000e+00   0.0000000e+00  -3.7127968e-15  -6.0630523e+01
  1.4089595281337e+00   0.0000000e+00   0.0000000e+00   3.0315262e+01   0.0000000e+00   0.0000000e+00  -3.7126231e-15  -6.0630523e+01
  1.4138348206186e+00   0.0000000e+00   0.0000000e+00   3.0315262e+01   0.0000000e+00   0.0000000e+00  -3.7118231e-15  -6.0630523e+01
  1.4187101131035e+00   0.0000000e+00   0.0000000e+00   3.0315262e+01   0.0000000e+00   0.0000000e+00  -3.7118462e-15  -6.0630523e+01
  1.4235854055884e+00   0.0000000e+00   0.0000000e+00   3.0315262e+01   0.0000000e+00   0.0000000e+00  -3.7132965e-15  -6.0630523e+01
  1.4284606980732e+00   0.0000000e+00   0.0000000e+00   3.0315262e+01   0.0000000e+00   0.0000000e+00  -3.7136582e-15  -6.0630523e+01
  1.4333359905581e+00   0.0000000e+00   0.0000000e+00   3.0315262e+01   0.0000000e+00   0.0000000e+00  -3.7111704e-15  -6.0630523e+01
  1.4382112830430e+00   0.0000000e+00   0.0000000e+00   3.0315262e+01   0.0000000e+00   0.0000000e+00  -3.7101774e-15  -6.0630523e+01
  1.4430865755279e+00   0.0000000e+00   0.0000000e+00   3.0315262e+01   0.0000000e+00   0.0000000e+00  -3.7147427e-15  -6.0630523e+01
  1.4479618680128e+00   0.0000000e+00   0.0000000e+00   3.0315262e+01   0.0000000e+00   0.0000000e+00  -3.7167381e-15  -6.0630523e+01
  1.4528371604977e+00   0.0000000e+00   0.0000000e+00   3.0315262e+01   0.0000000e+00   0.0000000e+00  -3.7068202e-15  -6.0630523e+01
  1.4577124529826e+00   0.0000000e+00   0.0000000e+00   3.0315262e+01   0.0000000e+00   0.0000000e+00  -3.7017116e-15  -6.0630523e+01
  1.4625877454675e+00   0.0000000e+00   0.0000000e+00   3.0315262e+01   0.0000000e+00   0.0000000e+00  -3.7256456e-15  -6.0630523e+01
  1.4674630379524e+00   0.0000000e+00   0.0000000e+00   3.0315262e+01   0.0000000e+00   0.0000000e+00  -3.7445563e-15  -6.0630523e+01
  1.4723383304373e+00   0.0000000e+00   0.0000000e+00   3.0315262e+01   0.0000000e+00   0.0000000e+00  -3.6899506e-15  -6.0630523e+01
  1.4772136229222e+00   0.0000000e+00   0.0000000e+00   3.0315262e+01   0.0000000e+00   0.0000000e+00  -3.6189350e-15  -6.0630523e+01
  1.4820889154071e+00   0.0000000e+00   0.0000000e+00   3.0315262e+01   0.0000000e+00   0.0000000e+00  -3.7198137e-15  -6.0630523e+01
  1.4869642078920e+00   0.0000000e+00   0.0000000e+00   3.0315262e+01   0.0000000e+00   0.0000000e+00  -3.9462785e-15  -6.0630523e+01
  1.4918395003768e+00   0.0000000e+00   0.0000000e+00   3.0315262e+01   0.0000000e+00   0.0000000e+00  -3.8357853e-15  -6.0630523e+01
  1.4967147928617e+00   0.0000000e+00   0.0000000e+00   3.0315262e+01   0.0000000e+00   0.0000000e+00  -3.2429074e-15  -6.0630523e+01
  1.5015900853466e+00   0.0000000e+00   0.0000000e+00   3.0315262e+01   0.0000000e+00   0.0000000e+00  -3.1255289e-15  -6.0630523e+01
  1.5064653778315e+00   0.0000000e+00   0.0000000e+00   3.0315262e+01   0.0000000e+00   0.0000000e+00  -4.3730996e-15  -6.0630523e+01
  1.5113406703164e+00   0.0000000e+00   0.0000000e+00   3.0315262e+01   0.0000000e+00   0.0000000e+00  -5.4508629e-15  -6.0630523e+01
  1.5162159628013e+00   0.0000000e+00   0.0000000e+00   3.0315262e+01   0.0000000e+00   0.0000000e+00  -3.4954547e-15  -6.0630523e+01
  1.5210912552862e+00   0.0000000e+00   0.0000000e+00   3.0315262e+01   0.0000000e+00   0.0000000e+00   1.2091500e-16  -6.0630523e+01
  1.5259665477711e+00   0.0000000e+00   0.0000000e+00   3.0315262e+01   0.0000000e+00   0.0000000e+00  -1.4118713e-15  -6.0630523e+01
  1.5308418402560e+00   0.0000000e+00   0.0000000e+00   3.0315262e+01   0.0000000e+00   0.0000000e+00  -9.8867608e-15  -6.0630523e+01
  1.5357171327409e+00   0.0000000e+00   0.0000000e+00   3.0315262e+01   0.0000000e+00   0.0000000e+00  -1.2922590e-14  -6.0630523e+01
  1.5405924252258e+00   0.0000000e+00   0.0000000e+00   3.0315262e+01   0.0000000e+00   0.0000000e+00   1.6438910e-15  -6.0630523e+01
  1.5454677177106e+00   0.0000000e+00   0.0000000e+00   3.0315262e+01   0.0000000e+00   0.0000000e+00   1.8419411e-14  -6.0630523e+01
  1.5503430101955e+00   0.0000000e+00   0.0000000e+00   3.0315262e+01   0.0000000e+00   0.0000000e+00   3.0293122e-15  -6.0630523e+01
  1.5552183026804e+00   0.0000000e+00   0.0000000e+00   3.0315262e+01   0.0000000e+00   0.0000000e+00  -4.0674428e-14  -6.0630523e+01
  1.5600935951653e+00   0.0000000e+00   0.0000000e+00   3.0315262e+01   0.0000000e+00   0.0000000e+00  -4.5780992e-14  -6.0630523e+01
  1.5649688876502e+00   0.0000000e+00   0.0000000e+00   3.0315262e+01   0.0000000e+00   0.0000000e+00   3.1251657e-14  -6.0630523e+01
  1.5698441801351e+00   0.0000000e+00   0.0000000e+00   3.0315262e+01   0.0000000e+00   0.0000000e+00   1.0226450e-13  -6.0630523e+01
  1.5747194726200e+00   0.0000000e+00   0.0000000e+00   3.0315262e+01   0.0000000e+00   0.0000000e+00   2.0290495e-14  -6.0630523e+01
  1.5795947651049e+00   0.0000000e+00   0.0000000e+00   3.0315262e+01   0.0000000e+00   0.0000000e+00  -1.7438805e-13  -6.0630523e+01
  1.5844700575898e+00   0.0000000e+00   0.0000000e+00   3.0315262e+01   0.0000000e+00   0.0000000e+00  -1.9128119e-13  -6.0630523e+01
  1.5893453500747e+00   0.0000000e+00   0.0000000e+00   3.0315262e+01   0.0000000e+00   0.0000000e+00   1.3595238e-13  -6.0630523e+01
  1.5942206425596e+00   0.0000000e+00   0.0000000e+00   3.0315262e+01   0.0000000e+00   0.0000000e+00   4.4488652e-13  -6.0630523e+01
  1.5990959350445e+00   0.0000000e+00   0.0000000e+00   3.0315262e+01   0.0000000e+00   0.0000000e+00   1.4979266e-13  -6.0630523e+01
  1.6039712275294e+00   0.0000000e+00   0.0000000e+00   3.0315262e+01   0.0000000e+00   0.0000000e+00  -6.3373446e-13  -6.0630523e+01
  1.6088465200142e+00   0.0000000e+00   0.0000000e+00   3.0315262e+01   0.0000000e+00   0.0000000e+00  -8.3003889e-13  -6.0630523e+01
  1.6137218124991e+00   0.0000000e+00   0.0000000e+00   3.0315262e+01   0.0000000e+00   0.0000000e+00   2.9983394e-13  -6.0630523e+01
  1.6185971049840e+00   0.0000000e+00   0.0000000e+00   3.0315262e+01   0.0000000e+00   0.0000000e+00   1.6439464e-12  -6.0630523e+01
  1.6234723974689e+00   0.0000000e+00   0.0000000e+00   3.0315262e+01   0.0000000e+00   0.0000000e+00   1.0269548e-12  -6.0630523e+01
  1.6283476899538e+00   0.0000000e+00   0.0000000e+00   3.0315262e+01   0.0000000e+00   0.0000000e+00  -1.7096636e-12  -6.0630523e+01
  1.6332229824387e+00   0.0000000e+00   0.0000000e+00   3.0315262e+01   0.0000000e+00   0.0000000e+00  -3.2685130e-12  -6.0630523e+01
  1.6380982749236e+00   0.0000000e+00   0.0000000e+00   3.0315262e+01   0.0000000e+00   0.0000000e+00  -4.1552559e-13  -6.0630523e+01
  1.6429735674085e+00   0.0000000e+00   0.0000000e+00   3.0315262e+01   0.0000000e+00   0.0000000e+00   4.7108481e-12  -6.0630523e+01
  1.6478488598934e+00   0.0000000e+00   0.0000000e+00   3.0315262e+01   0.0000000e+00   0.0000000e+00   5.2140907e-12  -6.0630523e+01
  1.6527241523783e+00   0.0000000e+00   0.0000000e+00   3.0315262e+01   0.0000000e+00   0.0000000e+00  -2.0813480e-12  -6.0630523e+01
  1.6575994448632e+00   0.0000000e+00   0.0000000e+00   3.0315262e+01   0.0000000e+00   0.0000000e+00  -9.9164502e-12  -6.0630523e+01
  1.6624747373480e+00   0.0000000e+00   0.0000000e+00   3.0315262e+01   0.0000000e+00   0.0000000e+00  -6.8299561e-12  -6.0630523e+01
  1.6673500298329e+00   0.0000000e+00   0.0000000e+00   3.0315262e+01   0.0000000e+00   0.0000000e+00   7.6017739e-12  -6.0630523e+01
  1.6722253223178e+00   0.0000000e+00   0.0000000e+00   3.0315262e+01   0.0000000e+00   0.0000000e+00   1.7596487e-11  -6.0630523e+01
  1.6771006148027e+00   0.0000000e+00   0.0000000e+00   3.0315262e+01   0.0000000e+00   0.0000000e+00   7.3998910e-12  -6.0630523e+01
  1.6819759072876e+00   0.0000000e+00   0.0000000e+00   3.0315262e+01   0.0000000e+00   0.0000000e+00  -1.6794815e-11  -6.0630523e+01
  1.6868511997725e+00   0.0000000e+00   0.0000000e+00   3.0315262e+01   0.0000000e+00   0.0000000e+00  -2.7982584e-11  -6.0630523e+01
  1.6917264922574e+00   0.0000000e+00   0.0000000e+00   3.0315262e+01   0.0000000e+00   0.0000000e+00  -7.6026738e-12  -6.0630523e+01
  1.6966017847423e+00   0.0000000e+00   0.0000000e+00   3.0315262e+01   0.0000000e+00   0.0000000e+00   2.8634005e-11  -6.0630523e+01
  1.7014770772272e+00   0.0000000e+00   0.0000000e+00   3.0315262e+01   0.0000000e+00   0.0000000e+00   4.2112669e-11  -6.0630523e+01
  1.7063523697121e+00   0.0000000e+00   0.0000000e+00   3.0315262e+01   0.0000000e+00   0.0000000e+00   1.2135194e-11  -6.0630523e+01
  1.7112276621970e+00   0.0000000e+00   0.0000000e+00   3.0315262e+01   0.0000000e+00   0.0000000e+00  -3.8631417e-11  -6.0630523e+01
  1.7161029546819e+00   0.0000000e+00   0.0000000e+00   3.0315262e+01   0.0000000e+00   0.0000000e+00  -6.3554468e-11  -6.0630523e+01
  1.7209782471668e+00   0.0000000e+00   0.0000000e+00   3.0315262e+01   0.0000000e+00   0.0000000e+00  -3.4911819e-11  -6.0630523e+01
  1.7258535396516e+00   0.0000000e+00   0.0000000e+00   3.0315262e+01   0.0000000e+00   0.0000000e+00   3.3827983e-11  -6.0630523e+01
  1.7307288321365e+00   0.0000000e+00   0.0000000e+00   3.0315262e+01   0.0000000e+00   0.0000000e+00   9.9149479e-11  -6.0630523e+01
  1.7356041246214e+00   0.0000000e+00   0.0000000e+00   3.0315262e+01   0.0000000e+00   0.0000000e+00   1.0861698e-10  -6.0630523e+01
  1.7404794171063e+00   0.0000000e+00   0.0000000e+00   3.0315262e+01   0.0000000e+00   0.0000000e+00   2.0787792e-11  -6.0630523e+01
  1.7453547095912e+00   0.0000000e+00   0.0000000e+00   3.0315262e+01   0.0000000e+00   0.0000000e+00  -1.5474846e-10  -6.0630523e+01
  1.7502300020761e+00   0.0000000e+00   0.0000000e+00   3.0315262e+01   0.0000000e+00   0.0000000e+00  -3.0220705e-10  -6.0630523e+01
  1.7551052945610e+00   0.0000000e+00   0.0000000e+00   3.0315262e+01   0.0000000e+00   0.0000000e+00  -2.1713298e-10  -6.0630523e+01
  1.7599805870459e+00   0.0000000e+00   0.0000000e+00   3.0315262e+01   0.0000000e+00   0.0000000e+00   2.1121280e-10  -6.0630523e+01
  1.7648558795308e+00   0.0000000e+00   0.0000000e+00   3.0315262e+01   0.0000000e+00   0.0000000e+00   7.4332146e-10  -6.0630523e+01
  1.7697311720157e+00   0.0000000e+00   0.0000000e+00   3.0315262e+01   0.0000000e+00   0.0000000e+00   7.8080936e-10  -6.0630523e+01
  1.7746064645005e+00   0.0000000e+00   0.0000000e+00   3.0315262e+01   0.0000000e+00   0.0000000e+00  -1.3946475e-10  -6.0630523e+01
  1.7794817569854e+00   0.0000000e+00   0.0000000e+00   3.0315262e+01   0.0000000e+00   0.0000000e+00  -1.6125672e-09  -6.0630523e+01
  1.7843570494703e+00   0.0000000e+00   0.0000000e+00   3.0315262e+01   0.0000000e+00   0.0000000e+00  -2.2110034e-09  -6.0630523e+01
  1.7892323419552e+00   0.0000000e+00   0.0000000e+00   3.0315262e+01   0.0000000e+00   0.0000000e+00  -5.4770941e-10  -6.0630523e+01
  1.7941076344401e+00   0.0000000e+00   0.0000000e+00   3.0315262e+01   0.0000000e+00   0.0000000e+00   2.9662144e-09  -6.0630523e+01
  1.7989829269250e+00   0.0000000e+00   0.0000000e+00   3.0315262e+01   0.0000000e+00   0.0000000e+00   5.4198973e-09  -6.0630523e+01
  1.8038582194099e+00   0.0000000e+00   0.0000000e+00   3.0315262e+01   0.0000000e+00   0.0000000e+00   3.2640356e-09  -6.0630523e+01
  1.8087335118948e+00   0.0000000e+00   0.0000000e+00   3.0315262e+01   0.0000000e+00   0.0000000e+00  -3.9820541e-09  -6.0630523e+01
  1.8136088043797e+00   0.0000000e+00   0.0000000e+00   3.0315262e+01   0.0000000e+00   0.0000000e+00  -1.1428121e-08  -6.0630523e+01
  1.8184840968646e+00   0.0000000e+00   0.0000000e+00   3.0315262e+01   0.0000000e+00   0.0000000e+00  -1.1189876e-08  -6.0630523e+01
  1.8233593893495e+00   0.0000000e+00   0.0000000e+00   3.0315262e+01   0.0000000e+00   0.0000000e+00   8.8683286e-10  -6.0630523e+01
  1.8282346818344e+00   0.0000000e+00   0.0000000e+00   3.0315262e+01   0.0000000e+00   0.0000000e+00   1.9211050e-08  -6.0630523e+01
  1.8331099743193e+00   0.0000000e+00   0.0000000e+00   3.0315262e+01   0.0000000e+00   0.0000000e+00   2.9432618e-08  -6.0630523e+01
  1.8379852668041e+00   0.0000000e+00   0.0000000e+00   3.0315262e+01   0.0000000e+00   0.0000000e+00   1.8085224e-08  -6.0630523e+01
  1.8428605592890e+00   0.0000000e+00   0.0000000e+00   3.0315262e+01   0.0000000e+00   0.0000000e+00  -1.5038019e-08  -6.0630523e+01
  1.8477358517739e+00   0.0000000e+00   0.0000000e+00   3.0315262e+01   0.0000000e+00   0.0000000e+00  -5.1747015e-08  -6.0630523e+01
  1.8526111442588e+00   0.0000000e+00   0.0000000e+00   3.0315262e+01   0.0000000e+00   0.0000000e+00  -6.3698924e-08  -6.0630523e+01
  1.8574864367437e+00   0.0000000e+00   0.0000000e+00   3.0315262e+01   0.0000000e+00   0.0000000e+00  -3.0739459e-08  -6.0630523e+01
  1.8623617292286e+00   0.0000000e+00   0.0000000e+00   3.0315262e+01   0.0000000e+00   0.0000000e+00   4.1503092e-08  -6.0630523e+01
  1.8672370217135e+00   0.0000000e+00   0.0000000e+00   3.0315261e+01   0.0000000e+00   0.0000000e+00   1.1513373e-07  -6.0630523e+01
  1.8721123141984e+00   0.0000000e+00   0.0000000e+00   3.0315261e+01   0.0000000e+00   0.0000000e+00   1.2718272e-07  -6.0630523e+01
  1.8769876066833e+00   0.0000000e+00   0.0000000e+00   3.0315262e+01   0.0000000e+00   0.0000000e+00   4.7512736e-09  -6.0630523e+01
  1.8818628991682e+00   0.0000000e+00   0.0000000e+00   3.0315262e+01   0.0000000e+00   0.0000000e+00  -3.1999472e-07  -6.0630523e+01
  1.8867381916531e+00   0.0000000e+00   0.0000000e+00   3.0315264e+01   0.0000000e+00   0.0000000e+00  -8.9932840e-07  -6.0630523e+01
  1.8916134841379e+00   0.0000000e+00   0.0000000e+00   3.0315266e+01   0.0000000e+00   0.0000000e+00  -1.7636197e-06  -6.0630523e+01
  1.8964887766228e+00   0.0000000e+00   0.0000000e+00   3.0315269e+01   0.0000000e+00   0.0000000e+00  -2.9178763e-06  -6.0630523e+01
  1.9013640691077e+00   0.0000000e+00   0.0000000e+00   3.0315273e+01   0.0000000e+00   0.0000000e+00  -4.3422789e-06  -6.0630523e+01
  1.9062393615926e+00   0.0000000e+00   0.0000000e+00   3.0315277e+01   0.0000000e+00   0.0000000e+00  -5.9992780e-06  -6.0630523e+01
  1.9111146540775e+00   0.0000000e+00   0.0000000e+00   3.0315282e+01   0.0000000e+00   0.0000000e+00  -7.8474525e-06  -6.0630523e+01
  1.9159899465624e+00   0.0000000e+00   0.0000000e+00   3.0315287e+01   0.0000000e+00   0.0000000e+00  -9.8576013e-06  -6.0630523e+01
  1.9208652390473e+00   0.0000000e+00   0.0000000e+00   3.0315293e+01   0.0000000e+00   0.0000000e+00  -1.2023521e-05  -6.0630523e+01
  1.9257405315322e+00   0.0000000e+00   0.0000000e+00   3.0315299e+01   0.0000000e+00   0.0000000e+00  -1.4361468e-05  -6.0630523e+01
  1.9306158240171e+00   0.0000000e+00   0.0000000e+00   3.0315306e+01   0.0000000e+00   0.0000000e+00  -1.6898012e-05  -6.0630523e+01
  1.9354911165020e+00   0.0000000e+00   0.0000000e+00   3.0315314e+01   0.0000000e+00   0.0000000e+00  -1.9652789e-05  -6.0630523e+01
  1.9403664089869e+00   0.0000000e+00   0.0000000e+00   3.0315322e+01   0.0000000e+00   0.0000000e+00  -2.2626445e-05  -6.0630523e+01
  1.9452417014718e+00   0.0000000e+00   0.0000000e+00   3.0315330e+01   0.0000000e+00   0.0000000e+00  -2.5801841e-05  -6.0630523e+01
  1.9501169939567e+00   0.0000000e+00   0.0000000e+00   3.0315339e+01   0.0000000e+00   0.0000000e+00  -2.9158485e-05  -6.0630523e+01
  1.9549922864415e+00   0.0000000e+00   0.0000000e+00   3.0315349e+01   0.0000000e+00   0.0000000e+00  -3.2690944e-05  -6.0630523e+01
  1.9598675789264e+00   0.0000000e+00   0.0000000e+00   3.0315359e+01   0.0000000e+00   0.0000000e+00  -3.6418346e-05  -6.0630523e+01
  1.9647428714113e+00   0.0000000e+00   0.0000000e+00   3.0315370e+01   0.0000000e+00   0.0000000e+00  -4.0377636e-05  -6.0630523e+01
  1.9696181638962e+00   0.0000000e+00   0.0000000e+00   3.0315382e+01   0.0000000e+00   0.0000000e+00  -4.4604662e-05  -6.0630523e+01
  1.9744934563811e+00   0.0000000e+00   0.0000000e+00   3.0315395e+01   0.0000000e+00   0.0000000e+00  -4.9115778e-05  -6.0630523e+01
  1.9793687488660e+00   0.0000000e+00   0.0000000e+00   3.0315408e+01   0.0000000e+00   0.0000000e+00  -5.3901999e-05  -6.0630523e+01
  1.9842440413509e+00   0.0000000e+00   0.0000000e+00   3.0315422e+01   0.0000000e+00   0.0000000e+00  -5.8938543e-05  -6.0630523e+01
  1.9891193338358e+00   0.0000000e+00   0.0000000e+00   3.0315437e+01   0.0000000e+00   0.0000000e+00  -6.4202359e-05  -6.0630523e+01
  1.9939946263207e+00   0.0000000e+00   0.0000000e+00   3.0315453e+01   0.0000000e+00   0.0000000e+00  -6.9686552e-05  -6.0630523e+01
  1.9988699188056e+00   0.0000000e+00   0.0000000e+00   3.0315469e+01   0.0000000e+00   0.0000000e+00  -7.5405012e-05  -6.0630523e+01
  2.0037452112905e+00   0.0000000e+00   0.0000000e+00   3.0315486e+01   0.0000000e+00   0.0000000e+00  -8.1388045e-05  -6.0630523e+01
  2.0086205037753e+00   0.0000000e+00   0.0000000e+00   3.0315504e+01   0.0000000e+00   0.0000000e+00  -8.7673936e-05  -6.0630523e+01
  2.0134957962602e+00   0.0000000e+00   0.0000000e+00   3.0315523e+01   0.0000000e+00   0.0000000e+00  -9.4300081e-05  -6.0630523e+01
  2.0183710887451e+00   0.0000000e+00   0.0000000e+00   3.0315543e+01   0.0000000e+00   0.0000000e+00  -1.0129416e-04  -6.0630523e+01
  2.0232463812300e+00   0.0000000e+00   0.0000000e+00   3.0315565e+01   0.0000000e+00   0.0000000e+00  -1.0866561e-04  -6.0630523e+01
  2.0281216737149e+00   0.0000000e+00   0.0000000e+00   3.0315587e+01   0.0000000e+00   0.0000000e+00  -1.1640108e-04  -6.0630523e+01
  2.0329969661998e+00   0.0000000e+00   0.0000000e+00   3.0315610e+01   0.0000000e+00   0.0000000e+00  -1.2447031e-04  -6.0630523e+01
  2.0378722586847e+00   0.0000000e+00   0.0000000e+00   3.0315635e+01   0.0000000e+00   0.0000000e+00  -1.3284492e-04  -6.0630523e+01
  2.0427475511696e+00   0.0000000e+00   0.0000000e+00   3.0315660e+01   0.0000000e+00   0.0000000e+00  -1.4152309e-04  -6.0630523e+01
  2.0476228436545e+00   0.0000000e+00   0.0000000e+00   3.0315687e+01   0.0000000e+00   0.0000000e+00  -1.5054455e-04  -6.0630523e+01
  2.0524981361394e+00   0.0000000e+00   0.0000000e+00   3.0315715e+01   0.0000000e+00   0.0000000e+00  -1.5998228e-04  -6.0630523e+01
  2.0573734286243e+00   0.0000000e+00   0.0000000e+00   3.0315744e+01   0.0000000e+00   0.0000000e+00  -1.6991158e-04  -6.0630523e+01
  2.0622487211092e+00   0.0000000e+00   0.0000000e+00   3.0315775e+01   0.0000000e+00   0.0000000e+00  -1.8037431e-04  -6.0630523e+01
  2.0671240135941e+00   0.0000000e+00   0.0000000e+00   3.0315807e+01   0.0000000e+00   0.0000000e+00  -1.9136257e-04  -6.0630523e+01
  2.0719993060789e+00   0.0000000e+00   0.0000000e+00   3.0315841e+01   0.0000000e+00   0.0000000e+00  -2.0283421e-04  -6.0630523e+01
  2.0768745985638e+00   0.0000000e+00   0.0000000e+00   3.0315876e+01   0.0000000e+00   0.0000000e+00  -2.1475072e-04  -6.0630523e+01
  2.0817498910487e+00   0.0000000e+00   0.0000000e+00   3.0315913e+01   0.0000000e+00   0.0000000e+00  -2.2711188e-04  -6.0630523e+01
  2.0866251835336e+00   0.0000000e+00   0.0000000e+00   3.0315951e+01   0.0000000e+00   0.0000000e+00  -2.3996403e-04  -6.0630523e+01
  2.0915004760185e+00   0.0000000e+00   0.0000000e+00   3.0315991e+01   0.0000000e+00   0.0000000e+00  -2.5337831e-04  -6.0630523e+01
  2.0963757685034e+00   0.0000000e+00   0.0000000e+00   3.0316033e+01   0.0000000e+00   0.0000000e+00  -2.6741595e-04  -6.0630523e+01
  2.1012510609883e+00   0.0000000e+00   0.0000000e+00   3.0316077e+01   0.0000000e+00   0.0000000e+00  -2.8210541e-04  -6.0630523e+01
  2.1061263534732e+00   0.0000000e+00   0.0000000e+00   3.0316123e+01   0.0000000e+00   0.0000000e+00  -2.9744501e-04  -6.0630523e+01
  2.1110016459581e+00   0.0000000e+00   0.0000000e+00   3.0316171e+01   0.0000000e+00   0.0000000e+00  -3.1342526e-04  -6.0630523e+01
  2.1158769384430e+00   0.0000000e+00   0.0000000e+00   3.0316221e+01   0.0000000e+00   0.0000000e+00  -3.3005213e-04  -6.0630523e+01
  2.1207522309279e+00   0.0000000e+00   0.0000000e+00   3.0316273e+01   0.0000000e+00   0.0000000e+00  -3.4735538e-04  -6.0630523e+01
  2.1256275234128e+00   0.0000000e+00   0.0000000e+00   3.0316328e+01   0.0000000e+00   0.0000000e+00  -3.6537978e-04  -6.0630523e+01
  2.1305028158976e+00   0.0000000e+00   0.0000000e+00   3.0316385e+01   0.0000000e+00   0.0000000e+00  -3.8416979e-04  -6.0630523e+01
  2.1353781083825e+00   0.0000000e+00   0.0000000e+00   3.0316444e+01   0.0000000e+00   0.0000000e+00  -4.0376058e-04  -6.0630523e+01
  2.1402534008674e+00   0.0000000e+00   0.0000000e+00   3.0316506e+01   0.0000000e+00   0.0000000e+00  -4.2418009e-04  -6.0630523e+01
  2.1451286933523e+00   0.0000000e+00   0.0000000e+00   3.0316570e+01   0.0000000e+00   0.0000000e+00  -4.4545726e-04  -6.0630523e+01
  2.1500039858372e+00   0.0000000e+00   0.0000000e+00   3.0316637e+01   0.0000000e+00   0.0000000e+00  -4.6762872e-04  -6.0630523e+01
  2.1548792783221e+00   0.0000000e+00   0.0000000e+00   3.0316708e+01   0.0000000e+00   0.0000000e+00  -4.9073952e-04  -6.0630523e+01
  2.1597545708070e+00   0.0000000e+00   0.0000000e+00   3.0316781e+01   0.0000000e+00   0.0000000e+00  -5.1483913e-04  -6.0630523e+01
  2.1646298632919e+00   0.0000000e+00   0.0000000e+00   3.0316857e+01   0.0000000e+00   0.0000000e+00  -5.3997600e-04  -6.0630523e+01
  2.1695051557768e+00   0.0000000e+00   0.0000000e+00   3.0316937e+01   0.0000000e+00   0.0000000e+00  -5.6619374e-04  -6.0630523e+01
  2.1743804482617e+00   0.0000000e+00   0.0000000e+00   3.0317021e+01   0.0000000e+00   0.0000000e+00  -5.9353059e-04  -6.0630523e+01
  2.1792557407466e+00   0.0000000e+00   0.0000000e+00   3.0317108e+01   0.0000000e+00   0.0000000e+00  -6.2202257e-04  -6.0630523e+01
  2.1841310332314e+00   0.0000000e+00   0.0000000e+00   3.0317199e+01   0.0000000e+00   0.0000000e+00  -6.5170932e-04  -6.0630523e+01
  2.1890063257163e+00   0.0000000e+00   0.0000000e+00   3.0317293e+01   0.0000000e+00   0.0000000e+00  -6.8263875e-04  -6.0630523e+01
  2.1938816182012e+00   0.0000000e+00   0.0000000e+00   3.0317392e+01   0.0000000e+00   0.0000000e+00  -7.1486702e-04  -6.0630523e+01
  2.1987569106861e+00   0.0000000e+00   0.0000000e+00   3.0317494e+01   0.0000000e+00   0.0000000e+00  -7.4845330e-04  -6.0630523e+01
  2.2036322031710e+00   0.0000000e+00   0.0000000e+00   3.0317602e+01   0.0000000e+00   0.0000000e+00  -7.8345511e-04  -6.0630523e+01
  2.2085074956559e+00   0.0000000e+00   0.0000000e+00   3.0317714e+01   0.0000000e+00   0.0000000e+00  -8.1993146e-04  -6.0630523e+01
  2.2133827881408e+00   0.0000000e+00   0.0000000e+00   3.0317830e+01   0.0000000e+00   0.0000000e+00  -8.5795547e-04  -6.0630523e+01
  2.2182580806257e+00   0.0000000e+00   0.0000000e+00   3.0317952e+01   0.0000000e+00   0.0000000e+00  -8.9762764e-04  -6.0630523e+01
  2.2231333731106e+00   0.0000000e+00   0.0000000e+00   3.0318079e+01   0.0000000e+00   0.0000000e+00  -9.3907549e-04  -6.0630523e+01
  2.2280086655955e+00   0.0000000e+00   0.0000000e+00   3.0318212e+01   0.0000000e+00   0.0000000e+00  -9.8243108e-04  -6.0630523e+01
  2.2328839580804e+00   0.0000000e+00   0.0000000e+00   3.0318351e+01   0.0000000e+00   0.0000000e+00  -1.0277943e-03  -6.0630523e+01
  2.2377592505653e+00   0.0000000e+00   0.0000000e+00   3.0318496e+01   0.0000000e+00   0.0000000e+00  -1.0752046e-03  -6.0630523e+01
  2.2426345430501e+00   0.0000000e+00   0.0000000e+00   3.0318647e+01   0.0000000e+00   0.0000000e+00  -1.1246440e-03  -6.0630523e+01
  2.2475098355350e+00   0.0000000e+00   0.0000000e+00   3.0318805e+01   0.0000000e+00   0.0000000e+00  -1.1760775e-03  -6.0630523e+01
  2.2523851280199e+00   0.0000000e+00   0.0000000e+00   3.0318969e+01   0.0000000e+00   0.0000000e+00  -1.2295110e-03  -6.0630523e+01
  2.2572604205048e+00   0.0000000e+00   0.0000000e+00   3.0319140e+01   0.0000000e+00   0.0000000e+00  -1.2850332e-03  -6.0630523e+01
  2.2621357129897e+00   0.0000000e+00   0.0000000e+00   3.0319318e+01   0.0000000e+00   0.0000000e+00  -1.3428160e-03  -6.0630523e+01
  2.2670110054746e+00   0.0000000e+00   0.0000000e+00   3.0319503e+01   0.0000000e+00   0.0000000e+00  -1.4030726e-03  -6.0630523e+01
  2.2718862979595e+00   0.0000000e+00   0.0000000e+00   3.0319696e+01   0.0000000e+00   0.0000000e+00  -1.4659987e-03  -6.0630523e+01
  2.2767615904444e+00   0.0000000e+00   0.0000000e+00   3.0319899e+01   0.0000000e+00   0.0000000e+00  -1.5317305e-03  -6.0630523e+01
  2.2816368829293e+00   0.0000000e+00   0.0000000e+00   3.0320110e+01   0.0000000e+00   0.0000000e+00  -1.6003428e-03  -6.0630523e+01
  2.2865121754142e+00   0.0000000e+00   0.0000000e+00   3.0320330e+01   0.0000000e+00   0.0000000e+00  -1.6718843e-03  -6.0630523e+01
  2.2913874678991e+00   0.0000000e+00   0.0000000e+00   3.0320559e+01   0.0000000e+00   0.0000000e+00  -1.7464318e-03  -6.0630523e+01
  2.2962627603840e+00   0.0000000e+00   0.0000000e+00   3.0320799e+01   0.0000000e+00   0.0000000e+00  -1.8241311e-03  -6.0630523e+01
  2.3011380528689e+00   0.0000000e+00   0.0000000e+00   3.0321048e+01   0.0000000e+00   0.0000000e+00  -1.9052026e-03  -6.0630523e+01
  2.3060133453537e+00   0.0000000e+00   0.0000000e+00   3.0321309e+01   0.0000000e+00   0.0000000e+00  -1.9899048e-03  -6.0630523e+01
  2.3108886378386e+00   0.0000000e+00   0.0000000e+00   3.0321582e+01   0.0000000e+00   0.0000000e+00  -2.0784718e-03  -6.0630523e+01
  2.3157639303235e+00   0.0000000e+00   0.0000000e+00   3.0321866e+01   0.0000000e+00   0.0000000e+00  -2.1710660e-03  -6.0630523e+01
  2.3206392228084e+00   0.0000000e+00   0.0000000e+00   3.0322164e+01   0.0000000e+00   0.0000000e+00  -2.2677779e-03  -6.0630523e+01
  2.3255145152933e+00   0.0000000e+00   0.0000000e+00   3.0322474e+01   0.0000000e+00   0.0000000e+00  -2.3686763e-03  -6.0630523e+01
  2.3303898077782e+00   0.0000000e+00   0.0000000e+00   3.0322798e+01   0.0000000e+00   0.0000000e+00  -2.4738695e-03  -6.0630523e+01
  2.3352651002631e+00   0.0000000e+00   0.0000000e+00   3.0323136e+01   0.0000000e+00   0.0000000e+00  -2.5835272e-03  -6.0630523e+01
  2.3401403927480e+00   0.0000000e+00   0.0000000e+00   3.0323488e+01   0.0000000e+00   0.0000000e+00  -2.6978481e-03  -6.0630523e+01
  2.3450156852329e+00   0.0000000e+00   0.0000000e+00   3.0323855e+01   0.0000000e+00   0.0000000e+00  -2.8170169e-03  -6.0630523e+01
  2.3498909777178e+00   0.0000000e+00   0.0000000e+00   3.0324238e+01   0.0000000e+00   0.0000000e+00  -2.9412088e-03  -6.0630523e+01
  2.3547662702027e+00   0.0000000e+00   0.0000000e+00   3.0324637e+01   0.0000000e+00   0.0000000e+00  -3.0706448e-03  -6.0630523e+01
  2.3596415626876e+00   0.0000000e+00   0.0000000e+00   3.0325054e+01   0.0000000e+00   0.0000000e+00  -3.2056248e-03  -6.0630523e+01
  2.3645168551724e+00   0.0000000e+00   0.0000000e+00   3.0325488e+01   0.0000000e+00   0.0000000e+00  -3.3464579e-03  -6.0630523e+01
  2.3693921476573e+00   0.0000000e+00   0.0000000e+00   3.0325941e+01   0.0000000e+00   0.0000000e+00  -3.4933097e-03  -6.0630523e+01
  2.3742674401422e+00   0.0000000e+00   0.0000000e+00   3.0326413e+01   0.0000000e+00   0.0000000e+00  -3.6461127e-03  -6.0630523e+01
  2.3791427326271e+00   0.0000000e+00   0.0000000e+00   3.0326903e+01   0.0000000e+00   0.0000000e+00  -3.8047006e-03  -6.0630523e+01
  2.3840180251120e+00   0.0000000e+00   0.0000000e+00   3.0327412e+01   0.0000000e+00   0.0000000e+00  -3.9691645e-03  -6.0630523e+01
  2.3888933175969e+00   0.0000000e+00   0.0000000e+00   3.0327941e+01   0.0000000e+00   0.0000000e+00  -4.1401956e-03  -6.0630523e+01
  2.3937686100818e+00   0.0000000e+00   0.0000000e+00   3.0328494e+01   0.0000000e+00   0.0000000e+00  -4.3190941e-03  -6.0630523e+01
  2.3986439025667e+00   0.0000000e+00   0.0000000e+00   3.0329076e+01   0.0000000e+00   0.0000000e+00  -4.5073164e-03  -6.0630523e+01
  2.4035191950516e+00   0.0000000e+00   0.0000000e+00   3.0329688e+01   0.0000000e+00   0.0000000e+00  -4.7057964e-03  -6.0630523e+01
  2.4083944875365e+00   0.0000000e+00   0.0000000e+00   3.0330330e+01   0.0000000e+00   0.0000000e+00  -4.9145329e-03  -6.0630523e+01
  2.4132697800213e+00   0.0000000e+00   0.0000000e+00   3.0331003e+01   0.0000000e+00   0.0000000e+00  -5.1328360e-03  -6.0630523e+01
  2.4181450725062e+00   0.0000000e+00   0.0000000e+00   3.0331703e+01   0.0000000e+00   0.0000000e+00  -5.3601869e-03  -6.0630523e+01
  2.4230203649911e+00   0.0000000e+00   0.0000000e+00   3.0332434e+01   0.0000000e+00   0.0000000e+00  -5.5971948e-03  -6.0630523e+01
  2.4278956574760e+00   0.0000000e+00   0.0000000e+00   3.0333199e+01   0.0000000e+00   0.0000000e+00  -5.8459792e-03  -6.0630523e+01
  2.4327709499609e+00   0.0000000e+00   0.0000000e+00   3.0334009e+01   0.0000000e+00   0.0000000e+00  -6.1096121e-03  -6.0630523e+01
  2.4376462424458e+00   0.0000000e+00   0.0000000e+00   3.0334869e+01   0.0000000e+00   0.0000000e+00  -6.3908165e-03  -6.0630523e+01
  2.4425215349307e+00   0.0000000e+00   0.0000000e+00   3.0335783e+01   0.0000000e+00   0.0000000e+00  -6.6905567e-03  -6.0630523e+01
  2.4473968274156e+00   0.0000000e+00   0.0000000e+00   3.0336748e+01   0.0000000e+00   0.0000000e+00  -7.0071973e-03  -6.0630523e+01
  2.4522721199005e+00   0.0000000e+00   0.0000000e+00   3.0337752e+01   0.0000000e+00   0.0000000e+00  -7.3365636e-03  -6.0630523e+01
  2.4571474123854e+00   0.0000000e+00   0.0000000e+00   3.0338782e+01   0.0000000e+00   0.0000000e+00  -7.6727825e-03  -6.0630523e+01
  2.4620227048703e+00   0.0000000e+00   0.0000000e+00   3.0339820e+01   0.0000000e+00   0.0000000e+00  -8.0095062e-03  -6.0630523e+01
  2.4668979973552e+00   0.0000000e+00   0.0000000e+00   3.0340854e+01   0.0000000e+00   0.0000000e+00  -8.3411178e-03  -6.0630523e+01
  2.4717732898400e+00   0.0000000e+00   0.0000000e+00   3.0341873e+01   0.0000000e+00   0.0000000e+00  -8.6636766e-03  -6.0630523e+01
  2.4766485823249e+00   0.0000000e+00   0.0000000e+00   3.0342873e+01   0.0000000e+00   0.0000000e+00  -8.9754899e-03  -6.0630523e+01
  2.4815238748098e+00   0.0000000e+00   0.0000000e+00   3.0343855e+01   0.0000000e+00   0.0000000e+00  -9.2772222e-03  -6.0630523e+01
  2.4863991672947e+00   0.0000000e+00   0.0000000e+00   3.0344826e+01   0.0000000e+00   0.0000000e+00  -9.5714520e-03  -6.0630523e+01
  2.4912744597796e+00   0.0000000e+00   0.0000000e+00   3.0345793e+01   0.0000000e+00   0.0000000e+00  -9.8616952e-03  -6.0630523e+01
  2.4961497522645e+00   0.0000000e+00   0.0000000e+00   3.0346765e+01   0.0000000e+00   0.0000000e+00  -1.0151144e-02  -6.0630523e+01
  2.5010250447494e+00   0.0000000e+00   0.0000000e+00   3.0347746e+01   0.0000000e+00   0.0000000e+00  -1.0441598e-02  -6.0630523e+01
  2.5059003372343e+00   0.0000000e+00   0.0000000e+00   3.0348736e+01   0.0000000e+00   0.0000000e+00  -1.0733060e-02  -6.0630523e+01
  2.5107756297192e+00   0.0000000e+00   0.0000000e+00   3.0349733e+01   0.0000000e+00   0.0000000e+00  -1.1024189e-02  -6.0630523e+01
  2.5156509222041e+00   0.0000000e+00   0.0000000e+00   3.0350732e+01   0.0000000e+00   0.0000000e+00  -1.1313360e-02  -6.0630523e+01
  2.5205262146890e+00   0.0000000e+00   0.0000000e+00   3.0351732e+01   0.0000000e+00   0.0000000e+00  -1.1599714e-02  -6.0630523e+01
  2.5254015071739e+00   0.0000000e+00   0.0000000e+00   3.0352731e+01   0.0000000e+00   0.0000000e+00  -1.1883643e-02  -6.0630523e+01
  2.5302767996588e+00   0.0000000e+00   0.0000000e+00   3.0353735e+01   0.0000000e+00   0.0000000e+00  -1.2166461e-02  -6.0630523e+01
  2.5351520921436e+00   0.0000000e+00   0.0000000e+00   3.0354745e+01   0.0000000e+00   0.0000000e+00  -1.2449559e-02  -6.0630523e+01
  2.5400273846285e+00   0.0000000e+00   0.0000000e+00   3.0355764e+01   0.0000000e+00   0.0000000e+00  -1.2733591e-02  -6.0630523e+01
  2.5449026771134e+00   0.0000000e+00   0.0000000e+00   3.0356792e+01   0.0000000e+00   0.0000000e+00  -1.3018219e-02  -6.0630523e+01
  2.5497779695983e+00   0.0000000e+00   0.0000000e+00   3.0357826e+01   0.0000000e+00   0.0000000e+00  -1.3302516e-02  -6.0630523e+01
  2.5546532620832e+00   0.0000000e+00   0.0000000e+00   3.0358864e+01   0.0000000e+00   0.0000000e+00  -1.3585735e-02  -6.0630523e+01
  2.5595285545681e+00   0.0000000e+00   0.0000000e+00   3.0359906e+01   0.0000000e+00   0.0000000e+00  -1.3867899e-02  -6.0630523e+01
  2.5644038470530e+00   0.0000000e+00   0.0000000e+00   3.0360953e+01   0.0000000e+00   0.0000000e+00  -1.4149830e-02  -6.0630523e+01
  2.5692791395379e+00   0.0000000e+00   0.0000000e+00   3.0362009e+01   0.0000000e+00   0.0000000e+00  -1.4432616e-02  -6.0630523e+01
  2.5741544320228e+00   0.0000000e+00   0.0000000e+00   3.0363075e+01   0.0000000e+00   0.0000000e+00  -1.4716902e-02  -6.0630523e+01
  2.5790297245077e+00   0.0000000e+00   0.0000000e+00   3.0364152e+01   0.0000000e+00   0.0000000e+00  -1.5002468e-02  -6.0630523e+01
  2.5839050169926e+00   0.0000000e+00   0.0000000e+00   3.0365236e+01   0.0000000e+00   0.0000000e+00  -1.5288367e-02  -6.0630523e+01
  2.5887803094775e+00   0.0000000e+00   0.0000000e+00   3.0366324e+01   0.0000000e+00   0.0000000e+00  -1.5573483e-02  -6.0630523e+01
  2.5936556019623e+00   0.0000000e+00   0.0000000e+00   3.0367416e+01   0.0000000e+00   0.0000000e+00  -1.5857147e-02  -6.0630523e+01
  2.5985308944472e+00   0.0000000e+00   0.0000000e+00   3.0368510e+01   0.0000000e+00   0.0000000e+00  -1.6139445e-02  -6.0630523e+01
  2.6034061869321e+00   0.0000000e+00   0.0000000e+00   3.0369610e+01   0.0000000e+00   0.0000000e+00  -1.6421132e-02  -6.0630523e+01
  2.6082814794170e+00   0.0000000e+00   0.0000000e+00   3.0370718e+01   0.0000000e+00   0.0000000e+00  -1.6703254e-02  -6.0630523e+01
  2.6131567719019e+00   0.0000000e+00   0.0000000e+00   3.0371837e+01   0.0000000e+00   0.0000000e+00  -1.6986725e-02  -6.0630523e+01
  2.6180320643868e+00   0.0000000e+00   0.0000000e+00   3.0372965e+01   0.0000000e+00   0.0000000e+00  -1.7271985e-02  -6.0630523e+01
  2.6229073568717e+00   0.0000000e+00   0.0000000e+00   3.0374103e+01   0.0000000e+00   0.0000000e+00  -1.7558814e-02  -6.0630523e+01
  2.6277826493566e+00   0.0000000e+00   0.0000000e+00   3.0375248e+01   0.0000000e+00   0.0000000e+00  -1.7846372e-02  -6.0630523e+01
  2.6326579418415e+00   0.0000000e+00   0.0000000e+00   3.0376399e+01   0.0000000e+00   0.0000000e+00  -1.8133487e-02  -6.0630523e+01
  2.6375332343264e+00   0.0000000e+00   0.0000000e+00   3.0377553e+01   0.0000000e+00   0.0000000e+00  -1.8419166e-02  -6.0630523e+01
  2.6424085268113e+00   0.0000000e+00   0.0000000e+00   3.0378711e+01   0.0000000e+00   0.0000000e+00  -1.8703105e-02  -6.0630523e+01
  2.6472838192961e+00   0.0000000e+00   0.0000000e+00   3.0379874e+01   0.0000000e+00   0.0000000e+00  -1.8985919e-02  -6.0630523e+01
  2.6521591117810e+00   0.0000000e+00   0.0000000e+00   3.0381045e+01   0.0000000e+00   0.0000000e+00  -1.9268889e-02  -6.0630523e+01
  2.6570344042659e+00   0.0000000e+00   0.0000000e+00   3.0382224e+01   0.0000000e+00   0.0000000e+00  -1.9553327e-02  -6.0630523e+01
  2.6619096967508e+00   0.0000000e+00   0.0000000e+00   3.0383413e+01   0.0000000e+00   0.0000000e+00  -1.9839881e-02  -6.0630523e+01
  2.6667849892357e+00   0.0000000e+00   0.0000000e+00   3.0384610e+01   0.0000000e+00   0.0000000e+00  -2.0128186e-02  -6.0630523e+01
  2.6716602817206e+00   0.0000000e+00   0.0000000e+00   3.0385813e+01   0.0000000e+00   0.0000000e+00  -2.0417035e-02  -6.0630523e+01
  2.6765355742055e+00   0.0000000e+00   0.0000000e+00   3.0387022e+01   0.0000000e+00   0.0000000e+00  -2.0704987e-02  -6.0630523e+01
  2.6814108666904e+00   0.0000000e+00   0.0000000e+00   3.0388236e+01   0.0000000e+00   0.0000000e+00  -2.0991087e-02  -6.0630523e+01
  2.6862861591753e+00   0.0000000e+00   0.0000000e+00   3.0389455e+01   0.0000000e+00   0.0000000e+00  -2.1275345e-02  -6.0630523e+01
  2.6911614516602e+00   0.0000000e+00   0.0000000e+00   3.0390679e+01   0.0000000e+00   0.0000000e+00  -2.1558773e-02  -6.0630523e+01
  2.6960367441451e+00   0.0000000e+00   0.0000000e+00   3.0391911e+01   0.0000000e+00   0.0000000e+00  -2.1842930e-02  -6.0630523e+01
  2.7009120366300e+00   0.0000000e+00   0.0000000e+00   3.0393152e+01   0.0000000e+00   0.0000000e+00  -2.2129193e-02  -6.0630523e+01
  2.7057873291148e+00   0.0000000e+00   0.0000000e+00   3.0394401e+01   0.0000000e+00   0.0000000e+00  -2.2418088e-02  -6.0630523e+01
  2.7106626215997e+00   0.0000000e+00   0.0000000e+00   3.0395658e+01   0.0000000e+00   0.0000000e+00  -2.2709013e-02  -6.0630523e+01
  2.7155379140846e+00   0.0000000e+00   0.0000000e+00   3.0396921e+01   0.0000000e+00   0.0000000e+00  -2.3000505e-02  -6.0630523e+01
  2.7204132065695e+00   0.0000000e+00   0.0000000e+00   3.0398189e+01   0.0000000e+00   0.0000000e+00  -2.3290918e-02  -6.0630523e+01
  2.7252884990544e+00   0.0000000e+00   0.0000000e+00   3.0399462e+01   0.0000000e+00   0.0000000e+00  -2.3579169e-02  -6.0630523e+01
  2.7301637915393e+00   0.0000000e+00   0.0000000e+00   3.0400741e+01   0.0000000e+00   0.0000000e+00  -2.3865183e-02  -6.0630523e+01
  2.7350390840242e+00   0.0000000e+00   0.0000000e+00   3.0402027e+01   0.0000000e+00   0.0000000e+00  -2.4149887e-02  -6.0630523e+01
  2.7399143765091e+00   0.0000000e+00   0.0000000e+00   3.0403319e+01   0.0000000e+00   0.0000000e+00  -2.4434797e-02  -6.0630523e+01
  2.7447896689940e+00   0.0000000e+00   0.0000000e+00   3.0404617e+01   0.0000000e+00   0.0000000e+00  -2.4721457e-02  -6.0630523e+01
  2.7496649614789e+00   0.0000000e+00   0.0000000e+00   3.0405923e+01   0.0000000e+00   0.0000000e+00  -2.5010938e-02  -6.0630523e+01
  2.7545402539638e+00   0.0000000e+00   0.0000000e+00   3.0407237e+01   0.0000000e+00   0.0000000e+00  -2.5303541e-02  -6.0630523e+01
  2.7594155464487e+00   0.0000000e+00   0.0000000e+00   3.0408560e+01   0.0000000e+00   0.0000000e+00  -2.5598750e-02  -6.0630523e+01
  2.7642908389336e+00   0.0000000e+00   0.0000000e+00   3.0409892e+01   0.0000000e+00   0.0000000e+00  -2.5895440e-02  -6.0630523e+01
  2.7691661314184e+00   0.0000000e+00   0.0000000e+00   3.0411235e+01   0.0000000e+00   0.0000000e+00  -2.6192280e-02  -6.0630523e+01
  2.7740414239033e+00   0.0000000e+00   0.0000000e+00   3.0412585e+01   0.0000000e+00   0.0000000e+00  -2.6488185e-02  -6.0630523e+01
  2.7789167163882e+00   0.0000000e+00   0.0000000e+00   3.0413942e+01   0.0000000e+00   0.0000000e+00  -2.6782624e-02  -6.0630523e+01
  2.7837920088731e+00   0.0000000e+00   0.0000000e+00   3.0415303e+01   0.0000000e+00   0.0000000e+00  -2.7075652e-02  -6.0630523e+01
  2.7886673013580e+00   0.0000000e+00   0.0000000e+00   3.0416666e+01   0.0000000e+00   0.0000000e+00  -2.7367659e-02  -6.0630523e+01
  2.7935425938429e+00   0.0000000e+00   0.0000000e+00   3.0418030e+01   0.0000000e+00   0.0000000e+00  -2.7658987e-02  -6.0630523e+01
  2.7984178863278e+00   0.0000000e+00   0.0000000e+00   3.0419397e+01   0.0000000e+00   0.0000000e+00  -2.7949585e-02  -6.0630523e+01
  2.8032931788127e+00   0.0000000e+00   0.0000000e+00   3.0420767e+01   0.0000000e+00   0.0000000e+00  -2.8238846e-02  -6.0630523e+01
  2.8081684712976e+00   0.0000000e+00   0.0000000e+00   3.0422141e+01   0.0000000e+00   0.0000000e+00  -2.8525692e-02  -6.0630523e+01
  2.8130437637825e+00   0.0000000e+00   0.0000000e+00   3.0423517e+01   0.0000000e+00   0.0000000e+00  -2.8808887e-02  -6.0630523e+01
  2.8179190562674e+00   0.0000000e+00   0.0000000e+00   3.0424894e+01   0.0000000e+00   0.0000000e+00  -2.9087480e-02  -6.0630523e+01
  2.8227943487523e+00   0.0000000e+00   0.0000000e+00   3.0426270e+01   0.0000000e+00   0.0000000e+00  -2.9361192e-02  -6.0630523e+01
  2.8276696412371e+00   0.0000000e+00   0.0000000e+00   3.0427646e+01   0.0000000e+00   0.0000000e+00  -2.9630559e-02  -6.0630523e+01
  2.8325449337220e+00   0.0000000e+00   0.0000000e+00   3.0429023e+01   0.0000000e+00   0.0000000e+00  -2.9896739e-02  -6.0630523e+01
  2.8374202262069e+00   0.0000000e+00   0.0000000e+00   3.0430403e+01   0.0000000e+00   0.0000000e+00  -3.0161120e-02  -6.0630523e+01
  2.8422955186918e+00   0.0000000e+00   0.0000000e+00   3.0431788e+01   0.0000000e+00   0.0000000e+00  -3.0424922e-02  -6.0630523e+01
  2.8471708111767e+00   0.0000000e+00   0.0000000e+00   3.0433181e+01   0.0000000e+00   0.0000000e+00  -3.0688984e-02  -6.0630523e+01
  2.8520461036616e+00   0.0000000e+00   0.0000000e+00   3.0434581e+01   0.0000000e+00   0.0000000e+00  -3.0953760e-02  -6.0630523e+01
  2.8569213961465e+00   0.0000000e+00   0.0000000e+00   3.0435988e+01   0.0000000e+00   0.0000000e+00  -3.1219408e-02  -6.0630523e+01
  2.8617966886314e+00   0.0000000e+00   0.0000000e+00   3.0437403e+01   0.0000000e+00   0.0000000e+00  -3.1485865e-02  -6.0630523e+01
  2.8666719811163e+00   0.0000000e+00   0.0000000e+00   3.0438825e+01   0.0000000e+00   0.0000000e+00  -3.1752842e-02  -6.0630523e+01
  2.8715472736012e+00   0.0000000e+00   0.0000000e+00   3.0440255e+01   0.0000000e+00   0.0000000e+00  -3.2019779e-02  -6.0630523e+01
  2.8764225660861e+00   0.0000000e+00   0.0000000e+00   3.0441692e+01   0.0000000e+00   0.0000000e+00  -3.2285850e-02  -6.0630523e+01
  2.8812978585709e+00   0.0000000e+00   0.0000000e+00   3.0443135e+01   0.0000000e+00   0.0000000e+00  -3.2550094e-02  -6.0630523e+01
  2.8861731510558e+00   0.0000000e+00   0.0000000e+00   3.0444581e+01   0.0000000e+00   0.0000000e+00  -3.2811719e-02  -6.0630523e+01
  2.8910484435407e+00   0.0000000e+00   0.0000000e+00   3.0446029e+01   0.0000000e+00   0.0000000e+00  -3.3070463e-02  -6.0630523e+01
  2.8959237360256e+00   0.0000000e+00   0.0000000e+00   3.0447479e+01   0.0000000e+00   0.0000000e+00  -3.3326849e-02  -6.0630523e+01
  2.9007990285105e+00   0.0000000e+00   0.0000000e+00   3.0448931e+01   0.0000000e+00   0.0000000e+00  -3.3582146e-02  -6.0630523e+01
  2.9056743209954e+00   0.0000000e+00   0.0000000e+00   3.0450388e+01   0.0000000e+00   0.0000000e+00  -3.3837963e-02  -6.0630523e+01
  2.9105496134803e+00   0.0000000e+00   0.0000000e+00   3.0451854e+01   0.0000000e+00   0.0000000e+00  -3.4095652e-02  -6.0630523e+01
  2.9154249059652e+00   0.0000000e+00   0.0000000e+00   3.0453332e+01   0.0000000e+00   0.0000000e+00  -3.4355774e-02  -6.0630523e+01
  2.9203001984501e+00   0.0000000e+00   0.0000000e+00   3.0454821e+01   0.0000000e+00   0.0000000e+00  -3.4617899e-02  -6.0630523e+01
  2.9251754909350e+00   0.0000000e+00   0.0000000e+00   3.0456321e+01   0.0000000e+00   0.0000000e+00  -3.4880829e-02  -6.0630523e+01
  2.9300507834199e+00   0.0000000e+00   0.0000000e+00   3.0457829e+01   0.0000000e+00   0.0000000e+00  -3.5143122e-02  -6.0630523e+01
  2.9349260759048e+00   0.0000000e+00   0.0000000e+00   3.0459340e+01   0.0000000e+00   0.0000000e+00  -3.5403669e-02  -6.0630523e+01
  2.9398013683897e+00   0.0000000e+00   0.0000000e+00   3.0460854e+01   0.0000000e+00   0.0000000e+00  -3.5662046e-02  -6.0630523e+01
  2.9446766608745e+00   0.0000000e+00   0.0000000e+00   3.0462368e+01   0.0000000e+00   0.0000000e+00  -3.5918508e-02  -6.0630523e+01
  2.9495519533594e+00   0.0000000e+00   0.0000000e+00   3.0463886e+01   0.0000000e+00   0.0000000e+00  -3.6173715e-02  -6.0630523e+01
  2.9544272458443e+00   0.0000000e+00   0.0000000e+00   3.0465408e+01   0.0000000e+00   0.0000000e+00  -3.6428417e-02  -6.0630523e+01
  2.9593025383292e+00   0.0000000e+00   0.0000000e+00   3.0466937e+01   0.0000000e+00   0.0000000e+00  -3.6683282e-02  -6.0630523e+01
  2.9641778308141e+00   0.0000000e+00   0.0000000e+00   3.0468476e+01   0.0000000e+00   0.0000000e+00  -3.6938928e-02  -6.0630523e+01
  2.9690531232990e+00   0.0000000e+00   0.0000000e+00   3.0470026e+01   0.0000000e+00   0.0000000e+00  -3.7196003e-02  -6.0630523e+01
  2.9739284157839e+00   0.0000000e+00   0.0000000e+00   3.0471589e+01   0.0000000e+00   0.0000000e+00  -3.7455190e-02  -6.0630523e+01
  2.9788037082688e+00   0.0000000e+00   0.0000000e+00   3.0473166e+01   0.0000000e+00   0.0000000e+00  -3.7717070e-02  -6.0630523e+01
  2.9836790007537e+00   0.0000000e+00   0.0000000e+00   3.0474757e+01   0.0000000e+00   0.0000000e+00  -3.7981929e-02  -6.0630523e+01
  2.9885542932386e+00   0.0000000e+00   0.0000000e+00   3.0476361e+01   0.0000000e+00   0.0000000e+00  -3.8249635e-02  -6.0630523e+01
  2.9934295857235e+00   0.0000000e+00   0.0000000e+00   3.0477975e+01   0.0000000e+00   0.0000000e+00  -3.8519657e-02  -6.0630523e+01
  2.9983048782084e+00   0.0000000e+00   0.0000000e+00   3.0479598e+01   0.0000000e+00   0.0000000e+00  -3.8791227e-02  -6.0630523e+01
  3.0031801706932e+00   0.0000000e+00   0.0000000e+00   3.0481229e+01   0.0000000e+00   0.0000000e+00  -3.9063542e-02  -6.0630523e+01
  3.0080554631781e+00   0.0000000e+00   0.0000000e+00   3.0482864e+01   0.0000000e+00   0.0000000e+00  -3.9335932e-02  -6.0630523e+01
  3.0129307556630e+00   0.0000000e+00   0.0000000e+00   3.0484506e+01   0.0000000e+00   0.0000000e+00  -3.9607990e-02  -6.0630523e+01
  3.0178060481479e+00   0.0000000e+00   0.0000000e+00   3.0486156e+01   0.0000000e+00   0.0000000e+00  -3.9879691e-02  -6.0630523e+01
  3.0226813406328e+00   0.0000000e+00   0.0000000e+00   3.0487816e+01   0.0000000e+00   0.0000000e+00  -4.0151467e-02  -6.0630523e+01
  3.0275566331177e+00   0.0000000e+00   0.0000000e+00   3.0489489e+01   0.0000000e+00   0.0000000e+00  -4.0424169e-02  -6.0630523e+01
  3.0324319256026e+00   0.0000000e+00   0.0000000e+00   3.0491177e+01   0.0000000e+00   0.0000000e+00  -4.0698858e-02  -6.0630523e+01
  3.0373072180875e+00   0.0000000e+00   0.0000000e+00   3.0492880e+01   0.0000000e+00   0.0000000e+00  -4.0976440e-02  -6.0630523e+01
  3.0421825105724e+00   0.0000000e+00   0.0000000e+00   3.0494597e+01   0.0000000e+00   0.0000000e+00  -4.1257291e-02  -6.0630523e+01
  3.0470578030573e+00   0.0000000e+00   0.0000000e+00   3.0496323e+01   0.0000000e+00   0.0000000e+00  -4.1541041e-02  -6.0630523e+01
  3.0519330955422e+00   0.0000000e+00   0.0000000e+00   3.0498057e+01   0.0000000e+00   0.0000000e+00  -4.1826675e-02  -6.0630523e+01
  3.0568083880270e+00   0.0000000e+00   0.0000000e+00   3.0499796e+01   0.0000000e+00   0.0000000e+00  -4.2112971e-02  -6.0630523e+01
  3.0616836805119e+00   0.0000000e+00   0.0000000e+00   3.0501542e+01   0.0000000e+00   0.0000000e+00  -4.2399143e-02  -6.0630523e+01
  3.0665589729968e+00   0.0000000e+00   0.0000000e+00   3.0503299e+01   0.0000000e+00   0.0000000e+00  -4.2685380e-02  -6.0630523e+01
  3.0714342654817e+00   0.0000000e+00   0.0000000e+00   3.0505071e+01   0.0000000e+00   0.0000000e+00  -4.2972989e-02  -6.0630523e+01
  3.0763095579666e+00   0.0000000e+00   0.0000000e+00   3.0506864e+01   0.0000000e+00   0.0000000e+00  -4.3264053e-02  -6.0630523e+01
  3.0811848504515e+00   0.0000000e+00   0.0000000e+00   3.0508681e+01   0.0000000e+00   0.0000000e+00  -4.3560735e-02  -6.0630523e+01
  3.0860601429364e+00   0.0000000e+00   0.0000000e+00   3.0510523e+01   0.0000000e+00   0.0000000e+00  -4.3864476e-02  -6.0630523e+01
  3.0909354354213e+00   0.0000000e+00   0.0000000e+00   3.0512388e+01   0.0000000e+00   0.0000000e+00  -4.4175339e-02  -6.0630523e+01
  3.0958107279062e+00   0.0000000e+00   0.0000000e+00   3.0514271e+01   0.0000000e+00   0.0000000e+00  -4.4491679e-02  -6.0630523e+01
  3.1006860203911e+00   0.0000000e+00   0.0000000e+00   3.0516165e+01   0.0000000e+00   0.0000000e+00  -4.4810266e-02  -6.0630523e+01
  3.1055613128760e+00   0.0000000e+00   0.0000000e+00   3.0518062e+01   0.0000000e+00   0.0000000e+00  -4.5126836e-02  -6.0630523e+01
  3.1104366053608e+00   0.0000000e+00   0.0000000e+00   3.0519951e+01   0.0000000e+00   0.0000000e+00  -4.5436929e-02  -6.0630523e+01
  3.1153118978457e+00   0.0000000e+00   0.0000000e+00   3.0521827e+01   0.0000000e+00   0.0000000e+00  -4.5736781e-02  -6.0630523e+01
  3.1201871903306e+00   0.0000000e+00   0.0000000e+00   3.0523685e+01   0.0000000e+00   0.0000000e+00  -4.6024030e-02  -6.0630523e+01
  3.1250624828155e+00   0.0000000e+00   0.0000000e+00   3.0525525e+01   0.0000000e+00   0.0000000e+00  -4.6298105e-02  -6.0630523e+01
  3.1299377753004e+00   0.0000000e+00   0.0000000e+00   3.0527351e+01   0.0000000e+00   0.0000000e+00  -4.6560261e-02  -6.0630523e+01
  3.1348130677853e+00   0.0000000e+00   0.0000000e+00   3.0529169e+01   0.0000000e+00   0.0000000e+00  -4.6813292e-02  -6.0630523e+01
  3.1396883602702e+00   0.0000000e+00   0.0000000e+00   3.0530988e+01   0.0000000e+00   0.0000000e+00  -4.7061054e-02  -6.0630523e+01
  3.1445636527551e+00   0.0000000e+00   0.0000000e+00   3.0532815e+01   0.0000000e+00   0.0000000e+00  -4.7307869e-02  -6.0630523e+01
  3.1494389452400e+00   0.0000000e+00   0.0000000e+00   3.0534660e+01   0.0000000e+00   0.0000000e+00  -4.7557941e-02  -6.0630523e+01
  3.1543142377249e+00   0.0000000e+00   0.0000000e+00   3.0536528e+01   0.0000000e+00   0.0000000e+00  -4.7814818e-02  -6.0630523e+01
  3.1591895302098e+00   0.0000000e+00   0.0000000e+00   3.0538424e+01   0.0000000e+00   0.0000000e+00  -4.8080950e-02  -6.0630523e+01
  3.1640648226947e+00   0.0000000e+00   0.0000000e+00   3.0540349e+01   0.0000000e+00   0.0000000e+00  -4.8357378e-02  -6.0630523e+01
  3.1689401151795e+00   0.0000000e+00   0.0000000e+00   3.0542304e+01   0.0000000e+00   0.0000000e+00  -4.8643619e-02  -6.0630523e+01
  3.1738154076644e+00   0.0000000e+00   0.0000000e+00   3.0544287e+01   0.0000000e+00   0.0000000e+00  -4.8937854e-02  -6.0630523e+01
  3.1786907001493e+00   0.0000000e+00   0.0000000e+00   3.0546295e+01   0.0000000e+00   0.0000000e+00  -4.9237424e-02  -6.0630523e+01
  3.1835659926342e+00   0.0000000e+00   0.0000000e+00   3.0548322e+01   0.0000000e+00   0.0000000e+00  -4.9539544e-02  -6.0630523e+01
  3.1884412851191e+00   0.0000000e+00   0.0000000e+00   3.0550364e+01   0.0000000e+00   0.0000000e+00  -4.9841970e-02  -6.0630523e+01
  3.1933165776040e+00   0.0000000e+00   0.0000000e+00   3.0552416e+01   0.0000000e+00   0.0000000e+00  -5.0143404e-02  -6.0630523e+01
  3.1981918700889e+00   0.0000000e+00   0.0000000e+00   3.0554476e+01   0.0000000e+00   0.0000000e+00  -5.0443526e-02  -6.0630523e+01
  3.2030671625738e+00   0.0000000e+00   0.0000000e+00   3.0556544e+01   0.0000000e+00   0.0000000e+00  -5.0742748e-02  -6.0630523e+01
  3.2079424550587e+00   0.0000000e+00   0.0000000e+00   3.0558620e+01   0.0000000e+00   0.0000000e+00  -5.1041851e-02  -6.0630523e+01
  3.2128177475436e+00   0.0000000e+00   0.0000000e+00   3.0560706e+01   0.0000000e+00   0.0000000e+00  -5.1341634e-02  -6.0630523e+01
  3.2176930400285e+00   0.0000000e+00   0.0000000e+00   3.0562804e+01   0.0000000e+00   0.0000000e+00  -5.1642648e-02  -6.0630523e+01
  3.2225683325134e+00   0.0000000e+00   0.0000000e+00   3.0564916e+01   0.0000000e+00   0.0000000e+00  -5.1945027e-02  -6.0630523e+01
  3.2274436249983e+00   0.0000000e+00   0.0000000e+00   3.0567043e+01   0.0000000e+00   0.0000000e+00  -5.2248424e-02  -6.0630523e+01
  3.2323189174831e+00   0.0000000e+00   0.0000000e+00   3.0569182e+01   0.0000000e+00   0.0000000e+00  -5.2552026e-02  -6.0630523e+01
  3.2371942099680e+00   0.0000000e+00   0.0000000e+00   3.0571332e+01   0.0000000e+00   0.0000000e+00  -5.2854705e-02  -6.0630523e+01
  3.2420695024529e+00   0.0000000e+00   0.0000000e+00   3.0573490e+01   0.0000000e+00   0.0000000e+00  -5.3155299e-02  -6.0630523e+01
  3.2469447949378e+00   0.0000000e+00   0.0000000e+00   3.0575652e+01   0.0000000e+00   0.0000000e+00  -5.3452990e-02  -6.0630523e+01
  3.2518200874227e+00   0.0000000e+00   0.0000000e+00   3.0577818e+01   0.0000000e+00   0.0000000e+00  -5.3747630e-02  -6.0630523e+01
  3.2566953799076e+00   0.0000000e+00   0.0000000e+00   3.0579988e+01   0.0000000e+00   0.0000000e+00  -5.4039809e-02  -6.0630523e+01
  3.2615706723925e+00   0.0000000e+00   0.0000000e+00   3.0582165e+01   0.0000000e+00   0.0000000e+00  -5.4330575e-02  -6.0630523e+01
  3.2664459648774e+00   0.0000000e+00   0.0000000e+00   3.0584351e+01   0.0000000e+00   0.0000000e+00  -5.4620918e-02  -6.0630523e+01
  3.2713212573623e+00   0.0000000e+00   0.0000000e+00   3.0586547e+01   0.0000000e+00   0.0000000e+00  -5.4911277e-02  -6.0630523e+01
  3.2761965498472e+00   0.0000000e+00   0.0000000e+00   3.0588755e+01   0.0000000e+00   0.0000000e+00  -5.5201340e-02  -6.0630523e+01
  3.2810718423321e+00   0.0000000e+00   0.0000000e+00   3.0590972e+01   0.0000000e+00   0.0000000e+00  -5.5490229e-02  -6.0630523e+01
  3.2859471348170e+00   0.0000000e+00   0.0000000e+00   3.0593195e+01   0.0000000e+00   0.0000000e+00  -5.5776946e-02  -6.0630523e+01
  3.2908224273018e+00   0.0000000e+00   0.0000000e+00   3.0595423e+01   0.0000000e+00   0.0000000e+00  -5.6060789e-02  -6.0630523e+01
  3.2956977197867e+00   0.0000000e+00   0.0000000e+00   3.0597653e+01   0.0000000e+00   0.0000000e+00  -5.6341499e-02  -6.0630523e+01
  3.3005730122716e+00   0.0000000e+00   0.0000000e+00   3.0599885e+01   0.0000000e+00   0.0000000e+00  -5.6619101e-02  -6.0630523e+01
  3.3054483047565e+00   0.0000000e+00   0.0000000e+00   3.0602119e+01   0.0000000e+00   0.0000000e+00  -5.6893596e-02  -6.0630523e+01
  3.3103235972414e+00   0.0000000e+00   0.0000000e+00   3.0604357e+01   0.0000000e+00   0.0000000e+00  -5.7164753e-02  -6.0630523e+01
  3.3151988897263e+00   0.0000000e+00   0.0000000e+00   3.0606597e+01   0.0000000e+00   0.0000000e+00  -5.7432136e-02  -6.0630523e+01
  3.3200741822112e+00   0.0000000e+00   0.0000000e+00   3.0608840e+01   0.0000000e+00   0.0000000e+00  -5.7695318e-02  -6.0630523e+01
  3.3249494746961e+00   0.0000000e+00   0.0000000e+00   3.0611084e+01   0.0000000e+00   0.0000000e+00  -5.7954136e-02  -6.0630523e+01
  3.3298247671810e+00   0.0000000e+00   0.0000000e+00   3.0613330e+01   0.0000000e+00   0.0000000e+00  -5.8208808e-02  -6.0630523e+01
  3.3347000596659e+00   0.0000000e+00   0.0000000e+00   3.0615576e+01   0.0000000e+00   0.0000000e+00  -5.8459853e-02  -6.0630523e+01
  3.3395753521508e+00   0.0000000e+00   0.0000000e+00   3.0617823e+01   0.0000000e+00   0.0000000e+00  -5.8707847e-02  -6.0630523e+01
  3.3444506446356e+00   0.0000000e+00   0.0000000e+00   3.0620073e+01   0.0000000e+00   0.0000000e+00  -5.8953160e-02  -6.0630523e+01
  3.3493259371205e+00   0.0000000e+00   0.0000000e+00   3.0622325e+01   0.0000000e+00   0.0000000e+00  -5.9195808e-02  -6.0630523e+01
  3.3542012296054e+00   0.0000000e+00   0.0000000e+00   3.0624582e+01   0.0000000e+00   0.0000000e+00  -5.9435454e-02  -6.0630523e+01
  3.3590765220903e+00   0.0000000e+00   0.0000000e+00   3.0626841e+01   0.0000000e+00   0.0000000e+00  -5.9671518e-02  -6.0630523e+01
  3.3639518145752e+00   0.0000000e+00   0.0000000e+00   3.0629102e+01   0.0000000e+00   0.0000000e+00  -5.9903265e-02  -6.0630523e+01
  3.3688271070601e+00   0.0000000e+00   0.0000000e+00   3.0631363e+01   0.0000000e+00   0.0000000e+00  -6.0129815e-02  -6.0630523e+01
  3.3737023995450e+00   0.0000000e+00   0.0000000e+00   3.0633619e+01   0.0000000e+00   0.0000000e+00  -6.0350095e-02  -6.0630523e+01
  3.3785776920299e+00   0.0000000e+00   0.0000000e+00   3.0635867e+01   0.0000000e+00   0.0000000e+00  -6.0562761e-02  -6.0630523e+01
  3.3834529845148e+00   0.0000000e+00   0.0000000e+00   3.0638101e+01   0.0000000e+00   0.0000000e+00  -6.0766186e-02  -6.0630523e+01
  3.3883282769997e+00   0.0000000e+00   0.0000000e+00   3.0640319e+01   0.0000000e+00   0.0000000e+00  -6.0958535e-02  -6.0630523e+01
  3.3932035694846e+00   0.0000000e+00   0.0000000e+00   3.0642515e+01   0.0000000e+00   0.0000000e+00  -6.1137990e-02  -6.0630523e+01
  3.3980788619695e+00   0.0000000e+00   0.0000000e+00   3.0644688e+01   0.0000000e+00   0.0000000e+00  -6.1303099e-02  -6.0630523e+01
  3.4029541544544e+00   0.0000000e+00   0.0000000e+00   3.0646836e+01   0.0000000e+00   0.0000000e+00  -6.1453085e-02  -6.0630523e+01
  3.4078294469392e+00   0.0000000e+00   0.0000000e+00   3.0648960e+01   0.0000000e+00   0.0000000e+00  -6.1587952e-02  -6.0630523e+01
  3.4127047394241e+00   0.0000000e+00   0.0000000e+00   3.0651062e+01   0.0000000e+00   0.0000000e+00  -6.1708289e-02  -6.0630523e+01
  3.4175800319090e+00   0.0000000e+00   0.0000000e+00   3.0653142e+01   0.0000000e+00   0.0000000e+00  -6.1814854e-02  -6.0630523e+01
  3.4224553243939e+00   0.0000000e+00   0.0000000e+00   3.0655202e+01   0.0000000e+00   0.0000000e+00  -6.1908160e-02  -6.0630523e+01
  3.4273306168788e+00   0.0000000e+00   0.0000000e+00   3.0657240e+01   0.0000000e+00   0.0000000e+00  -6.1988226e-02  -6.0630523e+01
  3.4322059093637e+00   0.0000000e+00   0.0000000e+00   3.0659253e+01   0.0000000e+00   0.0000000e+00  -6.2054547e-02  -6.0630523e+01
  3.4370812018486e+00   0.0000000e+00   0.0000000e+00   3.0661237e+01   0.0000000e+00   0.0000000e+00  -6.2106192e-02  -6.0630523e+01
  3.4419564943335e+00   0.0000000e+00   0.0000000e+00   3.0663189e+01   0.0000000e+00   0.0000000e+00  -6.2141904e-02  -6.0630523e+01
  3.4468317868184e+00   0.0000000e+00   0.0000000e+00   3.0665106e+01   0.0000000e+00   0.0000000e+00  -6.2160126e-02  -6.0630523e+01
  3.4517070793033e+00   0.0000000e+00   0.0000000e+00   3.0666985e+01   0.0000000e+00   0.0000000e+00  -6.2159013e-02  -6.0630523e+01
  3.4565823717882e+00   0.0000000e+00   0.0000000e+00   3.0668824e+01   0.0000000e+00   0.0000000e+00  -6.2136489e-02  -6.0630523e+01
  3.4614576642731e+00   0.0000000e+00   0.0000000e+00   3.0670617e+01   0.0000000e+00   0.0000000e+00  -6.2090437e-02  -6.0630523e+01
  3.4663329567579e+00   0.0000000e+00   0.0000000e+00   3.0672361e+01   0.0000000e+00   0.0000000e+00  -6.2018913e-02  -6.0630523e+01
  3.4712082492428e+00   0.0000000e+00   0.0000000e+00   3.0674051e+01   0.0000000e+00   0.0000000e+00  -6.1920285e-02  -6.0630523e+01
  3.4760835417277e+00   0.0000000e+00   0.0000000e+00   3.0675682e+01   0.0000000e+00   0.0000000e+00  -6.1793175e-02  -6.0630523e+01
  3.4809588342126e+00   0.0000000e+00   0.0000000e+00   3.0677250e+01   0.0000000e+00   0.0000000e+00  -6.1636216e-02  -6.0630523e+01
  3.4858341266975e+00   0.0000000e+00   0.0000000e+00   3.0678747e+01   0.0000000e+00   0.0000000e+00  -6.1447654e-02  -6.0630523e+01
  3.4907094191824e+00   0.0000000e+00   0.0000000e+00   3.0680167e+01   0.0000000e+00   0.0000000e+00  -6.1224985e-02  -6.0630523e+01
  3.4955847116673e+00   0.0000000e+00   0.0000000e+00   3.0681502e+01   0.0000000e+00   0.0000000e+00  -6.0964717e-02  -6.0630523e+01
  3.5004600041522e+00   0.0000000e+00   0.0000000e+00   3.0682740e+01   0.0000000e+00   0.0000000e+00  -6.0662367e-02  -6.0630523e+01
  3.5053352966371e+00   0.0000000e+00   0.0000000e+00   3.0683873e+01   0.0000000e+00   0.0000000e+00  -6.0312588e-02  -6.0630523e+01
  3.5102105891220e+00   0.0000000e+00   0.0000000e+00   3.0684887e+01   0.0000000e+00   0.0000000e+00  -5.9909268e-02  -6.0630523e+01
  3.5150858816069e+00   0.0000000e+00   0.0000000e+00   3.0685768e+01   0.0000000e+00   0.0000000e+00  -5.9445531e-02  -6.0630523e+01
  3.5199611740917e+00   0.0000000e+00   0.0000000e+00   3.0686500e+01   0.0000000e+00   0.0000000e+00  -5.8913785e-02  -6.0630523e+01
  3.5248364665766e+00   0.0000000e+00   0.0000000e+00   3.0687062e+01   0.0000000e+00   0.0000000e+00  -5.8306159e-02  -6.0630523e+01
  3.5297117590615e+00   0.0000000e+00   0.0000000e+00   3.0687436e+01   0.0000000e+00   0.0000000e+00  -5.7615548e-02  -6.0630523e+01
  3.5345870515464e+00   0.0000000e+00   0.0000000e+00   3.0687606e+01   0.0000000e+00   0.0000000e+00  -5.6837093e-02  -6.0630523e+01
  3.5394623440313e+00   0.0000000e+00   0.0000000e+00   3.0687566e+01   0.0000000e+00   0.0000000e+00  -5.5969582e-02  -6.0630523e+01
  3.5443376365162e+00   0.0000000e+00   0.0000000e+00   3.0687323e+01   0.0000000e+00   0.0000000e+00  -5.5016226e-02  -6.0630523e+01
  3.5492129290011e+00   0.0000000e+00   0.0000000e+00   3.0686891e+01   0.0000000e+00   0.0000000e+00  -5.3984310e-02  -6.0630523e+01
  3.5540882214860e+00   0.0000000e+00   0.0000000e+00   3.0686293e+01   0.0000000e+00   0.0000000e+00  -5.2883449e-02  -6.0630523e+01
  3.5589635139709e+00   0.0000000e+00   0.0000000e+00   3.0685550e+01   0.0000000e+00   0.0000000e+00  -5.1722412e-02  -6.0630523e+01
  3.5638388064558e+00   0.0000000e+00   0.0000000e+00   3.0684671e+01   0.0000000e+00   0.0000000e+00  -5.0504813e-02  -6.0630523e+01
  3.5687140989407e+00   0.0000000e+00   0.0000000e+00   3.0683643e+01   0.0000000e+00   0.0000000e+00  -4.9224280e-02  -6.0630523e+01
  3.5735893914256e+00   0.0000000e+00   0.0000000e+00   3.0682416e+01   0.0000000e+00   0.0000000e+00  -4.7859901e-02  -6.0630523e+01
  3.5784646839104e+00   0.0000000e+00   0.0000000e+00   3.0680902e+01   0.0000000e+00   0.0000000e+00  -4.6372979e-02  -6.0630523e+01
  3.5833399763953e+00   0.0000000e+00   0.0000000e+00   3.0678966e+01   0.0000000e+00   0.0000000e+00  -4.4706333e-02  -6.0630523e+01
  3.5882152688802e+00   0.0000000e+00   0.0000000e+00   3.0676440e+01   0.0000000e+00   0.0000000e+00  -4.2787272e-02  -6.0630523e+01
  3.5930905613651e+00   0.0000000e+00   0.0000000e+00   3.0673134e+01   0.0000000e+00   0.0000000e+00  -4.0534601e-02  -6.0630523e+01
  3.5979658538500e+00   0.0000000e+00   0.0000000e+00   3.0668862e+01   0.0000000e+00   0.0000000e+00  -3.7868887e-02  -6.0630523e+01
  3.6028411463349e+00   0.0000000e+00   0.0000000e+00   3.0663466e+01   0.0000000e+00   0.0000000e+00  -3.4724196e-02  -6.0630523e+01
  3.6077164388198e+00   0.0000000e+00   0.0000000e+00   3.0656846e+01   0.0000000e+00   0.0000000e+00  -3.1059291e-02  -6.0630523e+01
  3.6125917313047e+00   0.0000000e+00   0.0000000e+00   3.0648979e+01   0.0000000e+00   0.0000000e+00  -2.6866494e-02  -6.0630523e+01
  3.6174670237896e+00   0.0000000e+00   0.0000000e+00   3.0639931e+01   0.0000000e+00   0.0000000e+00  -2.2176943e-02  -6.0630523e+01
  3.6223423162745e+00   0.0000000e+00   0.0000000e+00   3.0629860e+01   0.0000000e+00   0.0000000e+00  -1.7061404e-02  -6.0630523e+01
  3.6272176087594e+00   0.0000000e+00   0.0000000e+00   3.0619009e+01   0.0000000e+00   0.0000000e+00  -1.1626253e-02  -6.0630523e+01
  3.6320929012442e+00   0.0000000e+00   0.0000000e+00   3.0607680e+01   0.0000000e+00   0.0000000e+00  -6.0048606e-03  -6.0630523e+01
  3.6369681937292e+00   0.0000000e+00   0.0000000e+00   3.0596213e+01   0.0000000e+00   0.0000000e+00  -3.4525288e-04  -6.0630523e+01
  3.6418434862140e+00   0.0000000e+00   0.0000000e+00   3.0584945e+01   0.0000000e+00   0.0000000e+00   5.2044999e-03  -6.0630523e+01
  3.6467187786989e+00   0.0000000e+00   0.0000000e+00   3.0574180e+01   0.0000000e+00   0.0000000e+00   1.0511313e-02  -6.0630523e+01
  3.6515940711838e+00   0.0000000e+00   0.0000000e+00   3.0564159e+01   0.0000000e+00   0.0000000e+00   1.5470469e-02  -6.0630523e+01
  3.6564693636687e+00   0.0000000e+00   0.0000000e+00   3.0555036e+01   0.0000000e+00   0.0000000e+00   2.0015359e-02  -6.0630523e+01
  3.6613446561536e+00   0.0000000e+00   0.0000000e+00   3.0546871e+01   0.0000000e+00   0.0000000e+00   2.4122127e-02  -6.0630523e+01
  3.6662199486385e+00   0.0000000e+00   0.0000000e+00   3.0539628e+01   0.0000000e+00   0.0000000e+00   2.7808760e-02  -6.0630523e+01
  3.6710952411234e+00   0.0000000e+00   0.0000000e+00   3.0533190e+01   0.0000000e+00   0.0000000e+00   3.1129154e-02  -6.0630523e+01
  3.6759705336083e+00   0.0000000e+00   0.0000000e+00   3.0527380e+01   0.0000000e+00   0.0000000e+00   3.4163381e-02  -6.0630523e+01
  3.6808458260932e+00   0.0000000e+00   0.0000000e+00   3.0521986e+01   0.0000000e+00   0.0000000e+00   3.7005586e-02  -6.0630523e+01
  3.6857211185781e+00   0.0000000e+00   0.0000000e+00   3.0516795e+01   0.0000000e+00   0.0000000e+00   3.9750990e-02  -6.0630523e+01
  3.6905964110630e+00   0.0000000e+00   0.0000000e+00   3.0511615e+01   0.0000000e+00   0.0000000e+00   4.2483510e-02  -6.0630523e+01
  3.6954717035479e+00   0.0000000e+00   0.0000000e+00   3.0506303e+01   0.0000000e+00   0.0000000e+00   4.5265463e-02  -6.0630523e+01
  3.7003469960327e+00   0.0000000e+00   0.0000000e+00   3.0500781e+01   0.0000000e+00   0.0000000e+00   4.8130479e-02  -6.0630523e+01
  3.7052222885176e+00   0.0000000e+00   0.0000000e+00   3.0495044e+01   0.0000000e+00   0.0000000e+00   5.1080147e-02  -6.0630523e+01
  3.7100975810025e+00   0.0000000e+00   0.0000000e+00   3.0489160e+01   0.0000000e+00   0.0000000e+00   5.4084408e-02  -6.0630523e+01
  3.7149728734874e+00   0.0000000e+00   0.0000000e+00   3.0483261e+01   0.0000000e+00   0.0000000e+00   5.7085323e-02  -6.0630523e+01
  3.7198481659723e+00   0.0000000e+00   0.0000000e+00   3.0477530e+01   0.0000000e+00   0.0000000e+00   6.0003681e-02  -6.0630523e+01
  3.7247234584572e+00   0.0000000e+00   0.0000000e+00   3.0472178e+01   0.0000000e+00   0.0000000e+00   6.2747827e-02  -6.0630523e+01
  3.7295987509421e+00   0.0000000e+00   0.0000000e+00   3.0467423e+01   0.0000000e+00   0.0000000e+00   6.5223824e-02  -6.0630523e+01
  3.7344740434270e+00   0.0000000e+00   0.0000000e+00   3.0463466e+01   0.0000000e+00   0.0000000e+00   6.7345750e-02  -6.0630523e+01
  3.7393493359119e+00   0.0000000e+00   0.0000000e+00   3.0460470e+01   0.0000000e+00   0.0000000e+00   6.9044797e-02  -6.0630523e+01
  3.7442246283968e+00   0.0000000e+00   0.0000000e+00   3.0458542e+01   0.0000000e+00   0.0000000e+00   7.0276104e-02  -6.0630523e+01
  3.7490999208816e+00   0.0000000e+00   0.0000000e+00   3.0457730e+01   0.0000000e+00   0.0000000e+00   7.1022535e-02  -6.0630523e+01
  3.7539752133665e+00   0.0000000e+00   0.0000000e+00   3.0458015e+01   0.0000000e+00   0.0000000e+00   7.1295045e-02  -6.0630523e+01
  3.7588505058514e+00   0.0000000e+00   0.0000000e+00   3.0459321e+01   0.0000000e+00   0.0000000e+00   7.1129919e-02  -6.0630523e+01
  3.7637257983363e+00   0.0000000e+00   0.0000000e+00   3.0461524e+01   0.0000000e+00   0.0000000e+00   7.0583806e-02  -6.0630523e+01
  3.7686010908212e+00   0.0000000e+00   0.0000000e+00   3.0464466e+01   0.0000000e+00   0.0000000e+00   6.9727612e-02  -6.0630523e+01
  3.7734763833061e+00   0.0000000e+00   0.0000000e+00   3.0467969e+01   0.0000000e+00   0.0000000e+00   6.8639945e-02  -6.0630523e+01
  3.7783516757910e+00   0.0000000e+00   0.0000000e+00   3.0471854e+01   0.0000000e+00   0.0000000e+00   6.7400444e-02  -6.0630523e+01
  3.7832269682759e+00   0.0000000e+00   0.0000000e+00   3.0475952e+01   0.0000000e+00   0.0000000e+00   6.6083591e-02  -6.0630523e+01
  3.7881022607608e+00   0.0000000e+00   0.0000000e+00   3.0480116e+01   0.0000000e+00   0.0000000e+00   6.4753767e-02  -6.0630523e+01
  3.7929775532457e+00   0.0000000e+00   0.0000000e+00   3.0484228e+01   0.0000000e+00   0.0000000e+00   6.3462042e-02  -6.0630523e+01
  3.7978528457306e+00   0.0000000e+00   0.0000000e+00   3.0488201e+01   0.0000000e+00   0.0000000e+00   6.2244598e-02  -6.0630523e+01
  3.8027281382155e+00   0.0000000e+00   0.0000000e+00   3.0491984e+01   0.0000000e+00   0.0000000e+00   6.1122671e-02  -6.0630523e+01
  3.8076034307003e+00   0.0000000e+00   0.0000000e+00   3.0495550e+01   0.0000000e+00   0.0000000e+00   6.0103971e-02  -6.0630523e+01
  3.8124787231852e+00   0.0000000e+00   0.0000000e+00   3.0498904e+01   0.0000000e+00   0.0000000e+00   5.9185263e-02  -6.0630523e+01
  3.8173540156701e+00   0.0000000e+00   0.0000000e+00   3.0502066e+01   0.0000000e+00   0.0000000e+00   5.8355441e-02  -6.0630523e+01
  3.8222293081550e+00   0.0000000e+00   0.0000000e+00   3.0505073e+01   0.0000000e+00   0.0000000e+00   5.7598624e-02  -6.0630523e+01
  3.8271046006399e+00   0.0000000e+00   0.0000000e+00   3.0507969e+01   0.0000000e+00   0.0000000e+00   5.6897230e-02  -6.0630523e+01
  3.8319798931248e+00   0.0000000e+00   0.0000000e+00   3.0510794e+01   0.0000000e+00   0.0000000e+00   5.6234927e-02  -6.0630523e+01
  3.8368551856097e+00   0.0000000e+00   0.0000000e+00   3.0513584e+01   0.0000000e+00   0.0000000e+00   5.5598959e-02  -6.0630523e+01
  3.8417304780946e+00   0.0000000e+00   0.0000000e+00   3.0516362e+01   0.0000000e+00   0.0000000e+00   5.4981350e-02  -6.0630523e+01
  3.8466057705795e+00   0.0000000e+00   0.0000000e+00   3.0519138e+01   0.0000000e+00   0.0000000e+00   5.4378762e-02  -6.0630523e+01
  3.8514810630644e+00   0.0000000e+00   0.0000000e+00   3.0521915e+01   0.0000000e+00   0.0000000e+00   5.3791146e-02  -6.0630523e+01
  3.8563563555493e+00   0.0000000e+00   0.0000000e+00   3.0524690e+01   0.0000000e+00   0.0000000e+00   5.3219557e-02  -6.0630523e+01
  3.8612316480342e+00   0.0000000e+00   0.0000000e+00   3.0527461e+01   0.0000000e+00   0.0000000e+00   5.2663658e-02  -6.0630523e+01
  3.8661069405191e+00   0.0000000e+00   0.0000000e+00   3.0530234e+01   0.0000000e+00   0.0000000e+00   5.2119514e-02  -6.0630523e+01
  3.8709822330039e+00   0.0000000e+00   0.0000000e+00   3.0533026e+01   0.0000000e+00   0.0000000e+00   5.1578278e-02  -6.0630523e+01
  3.8758575254888e+00   0.0000000e+00   0.0000000e+00   3.0535865e+01   0.0000000e+00   0.0000000e+00   5.1026197e-02  -6.0630523e+01
  3.8807328179737e+00   0.0000000e+00   0.0000000e+00   3.0538787e+01   0.0000000e+00   0.0000000e+00   5.0446033e-02  -6.0630523e+01
  3.8856081104586e+00   0.0000000e+00   0.0000000e+00   3.0541834e+01   0.0000000e+00   0.0000000e+00   4.9819515e-02  -6.0630523e+01
  3.8904834029435e+00   0.0000000e+00   0.0000000e+00   3.0545042e+01   0.0000000e+00   0.0000000e+00   4.9130017e-02  -6.0630523e+01
  3.8953586954284e+00   0.0000000e+00   0.0000000e+00   3.0548439e+01   0.0000000e+00   0.0000000e+00   4.8364868e-02  -6.0630523e+01
  3.9002339879133e+00   0.0000000e+00   0.0000000e+00   3.0552045e+01   0.0000000e+00   0.0000000e+00   4.7517268e-02  -6.0630523e+01
  3.9051092803982e+00   0.0000000e+00   0.0000000e+00   3.0555861e+01   0.0000000e+00   0.0000000e+00   4.6587761e-02  -6.0630523e+01
  3.9099845728831e+00   0.0000000e+00   0.0000000e+00   3.0559870e+01   0.0000000e+00   0.0000000e+00   4.5584591e-02  -6.0630523e+01
  3.9148598653680e+00   0.0000000e+00   0.0000000e+00   3.0564044e+01   0.0000000e+00   0.0000000e+00   4.4522185e-02  -6.0630523e+01
  3.9197351578529e+00   0.0000000e+00   0.0000000e+00   3.0568346e+01   0.0000000e+00   0.0000000e+00   4.3418171e-02  -6.0630523e+01
  3.9246104503378e+00   0.0000000e+00   0.0000000e+00   3.0572737e+01   0.0000000e+00   0.0000000e+00   4.2290272e-02  -6.0630523e+01
  3.9294857428226e+00   0.0000000e+00   0.0000000e+00   3.0577185e+01   0.0000000e+00   0.0000000e+00   4.1154072e-02  -6.0630523e+01
  3.9343610353075e+00   0.0000000e+00   0.0000000e+00   3.0581666e+01   0.0000000e+00   0.0000000e+00   4.0021691e-02  -6.0630523e+01
  3.9392363277924e+00   0.0000000e+00   0.0000000e+00   3.0586162e+01   0.0000000e+00   0.0000000e+00   3.8901063e-02  -6.0630523e+01
  3.9441116202773e+00   0.0000000e+00   0.0000000e+00   3.0590664e+01   0.0000000e+00   0.0000000e+00   3.7795743e-02  -6.0630523e+01
  3.9489869127622e+00   0.0000000e+00   0.0000000e+00   3.0595170e+01   0.0000000e+00   0.0000000e+00   3.6705215e-02  -6.0630523e+01
  3.9538622052471e+00   0.0000000e+00   0.0000000e+00   3.0599688e+01   0.0000000e+00   0.0000000e+00   3.5625515e-02  -6.0630523e+01
  3.9587374977320e+00   0.0000000e+00   0.0000000e+00   3.0604230e+01   0.0000000e+00   0.0000000e+00   3.4549883e-02  -6.0630523e+01
  3.9636127902169e+00   0.0000000e+00   0.0000000e+00   3.0608814e+01   0.0000000e+00   0.0000000e+00   3.3469401e-02  -6.0630523e+01
  3.9684880827018e+00   0.0000000e+00   0.0000000e+00   3.0613460e+01   0.0000000e+00   0.0000000e+00   3.2373734e-02  -6.0630523e+01
  3.9733633751867e+00   0.0000000e+00   0.0000000e+00   3.0618187e+01   0.0000000e+00   0.0000000e+00   3.1252208e-02  -6.0630523e+01
  3.9782386676716e+00   0.0000000e+00   0.0000000e+00   3.0623016e+01   0.0000000e+00   0.0000000e+00   3.0095480e-02  -6.0630523e+01
  3.9831139601564e+00   0.0000000e+00   0.0000000e+00   3.0627957e+01   0.0000000e+00   0.0000000e+00   2.8897556e-02  -6.0630523e+01
  3.9879892526413e+00   0.0000000e+00   0.0000000e+00   3.0633014e+01   0.0000000e+00   0.0000000e+00   2.7657363e-02  -6.0630523e+01
  3.9928645451262e+00   0.0000000e+00   0.0000000e+00   3.0638174e+01   0.0000000e+00   0.0000000e+00   2.6379076e-02  -6.0630523e+01
  3.9977398376111e+00   0.0000000e+00   0.0000000e+00   3.0643418e+01   0.0000000e+00   0.0000000e+00   2.5071209e-02  -6.0630523e+01
  4.0026151300960e+00   0.0000000e+00   0.0000000e+00   3.0648721e+01   0.0000000e+00   0.0000000e+00   2.3744909e-02  -6.0630523e+01
  4.0074904225809e+00   0.0000000e+00   0.0000000e+00   3.0654058e+01   0.0000000e+00   0.0000000e+00   2.2411842e-02  -6.0630523e+01
  4.0123657150658e+00   0.0000000e+00   0.0000000e+00   3.0659408e+01   0.0000000e+00   0.0000000e+00   2.1082067e-02  -6.0630523e+01
  4.0172410075507e+00   0.0000000e+00   0.0000000e+00   3.0664755e+01   0.0000000e+00   0.0000000e+00   1.9762645e-02  -6.0630523e+01
  4.0221163000356e+00   0.0000000e+00   0.0000000e+00   3.0670093e+01   0.0000000e+00   0.0000000e+00   1.8457746e-02  -6.0630523e+01
  4.0269915925205e+00   0.0000000e+00   0.0000000e+00   3.0675417e+01   0.0000000e+00   0.0000000e+00   1.7170332e-02  -6.0630523e+01
  4.0318668850054e+00   0.0000000e+00   0.0000000e+00   3.0680723e+01   0.0000000e+00   0.0000000e+00   1.5904372e-02  -6.0630523e+01
  4.0367421774903e+00   0.0000000e+00   0.0000000e+00   3.0686007e+01   0.0000000e+00   0.0000000e+00   1.4666110e-02  -6.0630523e+01
  4.0416174699751e+00   0.0000000e+00   0.0000000e+00   3.0691261e+01   0.0000000e+00   0.0000000e+00   1.3463552e-02  -6.0630523e+01
  4.0464927624600e+00   0.0000000e+00   0.0000000e+00   3.0696474e+01   0.0000000e+00   0.0000000e+00   1.2304437e-02  -6.0630523e+01
  4.0513680549449e+00   0.0000000e+00   0.0000000e+00   3.0701642e+01   0.0000000e+00   0.0000000e+00   1.1193788e-02  -6.0630523e+01
  4.0562433474298e+00   0.0000000e+00   0.0000000e+00   3.0706766e+01   0.0000000e+00   0.0000000e+00   1.0132355e-02  -6.0630523e+01
  4.0611186399147e+00   0.0000000e+00   0.0000000e+00   3.0711853e+01   0.0000000e+00   0.0000000e+00   9.1166231e-03  -6.0630523e+01
  4.0659939323996e+00   0.0000000e+00   0.0000000e+00   3.0716917e+01   0.0000000e+00   0.0000000e+00   8.1396996e-03  -6.0630523e+01
  4.0708692248845e+00   0.0000000e+00   0.0000000e+00   3.0721971e+01   0.0000000e+00   0.0000000e+00   7.1920473e-03  -6.0630523e+01
  4.0757445173694e+00   0.0000000e+00   0.0000000e+00   3.0727035e+01   0.0000000e+00   0.0000000e+00   6.2622783e-03  -6.0630523e+01
  4.0806198098543e+00   0.0000000e+00   0.0000000e+00   3.0732126e+01   0.0000000e+00   0.0000000e+00   5.3387520e-03  -6.0630523e+01
  4.0854951023392e+00   0.0000000e+00   0.0000000e+00   3.0737259e+01   0.0000000e+00   0.0000000e+00   4.4117708e-03  -6.0630523e+01
  4.0903703948241e+00   0.0000000e+00   0.0000000e+00   3.0742443e+01   0.0000000e+00   0.0000000e+00   3.4755595e-03  -6.0630523e+01
  4.0952456873090e+00   0.0000000e+00   0.0000000e+00   3.0747679e+01   0.0000000e+00   0.0000000e+00   2.5297682e-03  -6.0630523e+01
  4.1001209797939e+00   0.0000000e+00   0.0000000e+00   3.0752956e+01   0.0000000e+00   0.0000000e+00   1.5803345e-03  -6.0630523e+01
  4.1049962722787e+00   0.0000000e+00   0.0000000e+00   3.0758252e+01   0.0000000e+00   0.0000000e+00   6.3883543e-04  -6.0630523e+01
  4.1098715647636e+00   0.0000000e+00   0.0000000e+00   3.0763541e+01   0.0000000e+00   0.0000000e+00  -2.7996013e-04  -6.0630523e+01
  4.1147468572485e+00   0.0000000e+00   0.0000000e+00   3.0768795e+01   0.0000000e+00   0.0000000e+00  -1.1607538e-03  -6.0630523e+01
  4.1196221497334e+00   0.0000000e+00   0.0000000e+00   3.0773992e+01   0.0000000e+00   0.0000000e+00  -1.9890625e-03  -6.0630523e+01
  4.1244974422183e+00   0.0000000e+00   0.0000000e+00   3.0779109e+01   0.0000000e+00   0.0000000e+00  -2.7520624e-03  -6.0630523e+01
  4.1293727347032e+00   0.0000000e+00   0.0000000e+00   3.0784128e+01   0.0000000e+00   0.0000000e+00  -3.4402087e-03  -6.0630523e+01
  4.1342480271881e+00   0.0000000e+00   0.0000000e+00   3.0789041e+01   0.0000000e+00   0.0000000e+00  -4.0486524e-03  -6.0630523e+01
  4.1391233196730e+00   0.0000000e+00   0.0000000e+00   3.0793849e+01   0.0000000e+00   0.0000000e+00  -4.5772931e-03  -6.0630523e+01
  4.1439986121579e+00   0.0000000e+00   0.0000000e+00   3.0798564e+01   0.0000000e+00   0.0000000e+00  -5.0309516e-03  -6.0630523e+01
  4.1488739046428e+00   0.0000000e+00   0.0000000e+00   3.0803212e+01   0.0000000e+00   0.0000000e+00  -5.4210735e-03  -6.0630523e+01
  4.1537491971277e+00   0.0000000e+00   0.0000000e+00   3.0807836e+01   0.0000000e+00   0.0000000e+00  -5.7669783e-03  -6.0630523e+01
  4.1586244896126e+00   0.0000000e+00   0.0000000e+00   3.0812491e+01   0.0000000e+00   0.0000000e+00  -6.0942592e-03  -6.0630523e+01
  4.1634997820974e+00   0.0000000e+00   0.0000000e+00   3.0817236e+01   0.0000000e+00   0.0000000e+00  -6.4310866e-03  -6.0630523e+01
  4.1683750745823e+00   0.0000000e+00   0.0000000e+00   3.0822126e+01   0.0000000e+00   0.0000000e+00  -6.8038447e-03  -6.0630523e+01
  4.1732503670672e+00   0.0000000e+00   0.0000000e+00   3.0827200e+01   0.0000000e+00   0.0000000e+00  -7.2320213e-03  -6.0630523e+01
  4.1781256595521e+00   0.0000000e+00   0.0000000e+00   3.0832472e+01   0.0000000e+00   0.0000000e+00  -7.7237669e-03  -6.0630523e+01
  4.1830009520370e+00   0.0000000e+00   0.0000000e+00   3.0837928e+01   0.0000000e+00   0.0000000e+00  -8.2756619e-03  -6.0630523e+01
  4.1878762445219e+00   0.0000000e+00   0.0000000e+00   3.0843542e+01   0.0000000e+00   0.0000000e+00  -8.8773427e-03  -6.0630523e+01
  4.1927515370068e+00   0.0000000e+00   0.0000000e+00   3.0849284e+01   0.0000000e+00   0.0000000e+00  -9.5173406e-03  -6.0630523e+01
  4.1976268294917e+00   0.0000000e+00   0.0000000e+00   3.0855134e+01   0.0000000e+00   0.0000000e+00  -1.0187196e-02  -6.0630523e+01
  4.2025021219766e+00   0.0000000e+00   0.0000000e+00   3.0861087e+01   0.0000000e+00   0.0000000e+00  -1.0883693e-02  -6.0630523e+01
  4.2073774144615e+00   0.0000000e+00   0.0000000e+00   3.0867151e+01   0.0000000e+00   0.0000000e+00  -1.1608603e-02  -6.0630523e+01
  4.2122527069464e+00   0.0000000e+00   0.0000000e+00   3.0873341e+01   0.0000000e+00   0.0000000e+00  -1.2364828e-02  -6.0630523e+01
  4.2171279994313e+00   0.0000000e+00   0.0000000e+00   3.0879663e+01   0.0000000e+00   0.0000000e+00  -1.3151189e-02  -6.0630523e+01
  4.2220032919161e+00   0.0000000e+00   0.0000000e+00   3.0886107e+01   0.0000000e+00   0.0000000e+00  -1.3960301e-02  -6.0630523e+01
  4.2268785844010e+00   0.0000000e+00   0.0000000e+00   3.0892654e+01   0.0000000e+00   0.0000000e+00  -1.4780495e-02  -6.0630523e+01
  4.2317538768859e+00   0.0000000e+00   0.0000000e+00   3.0899276e+01   0.0000000e+00   0.0000000e+00  -1.5598998e-02  -6.0630523e+01
  4.2366291693708e+00   0.0000000e+00   0.0000000e+00   3.0905944e+01   0.0000000e+00   0.0000000e+00  -1.6404817e-02  -6.0630523e+01
  4.2415044618557e+00   0.0000000e+00   0.0000000e+00   3.0912640e+01   0.0000000e+00   0.0000000e+00  -1.7191224e-02  -6.0630523e+01
  4.2463797543406e+00   0.0000000e+00   0.0000000e+00   3.0919355e+01   0.0000000e+00   0.0000000e+00  -1.7956187e-02  -6.0630523e+01
  4.2512550468255e+00   0.0000000e+00   0.0000000e+00   3.0926085e+01   0.0000000e+00   0.0000000e+00  -1.8700277e-02  -6.0630523e+01
  4.2561303393104e+00   0.0000000e+00   0.0000000e+00   3.0932831e+01   0.0000000e+00   0.0000000e+00  -1.9426436e-02  -6.0630523e+01
  4.2610056317953e+00   0.0000000e+00   0.0000000e+00   3.0939604e+01   0.0000000e+00   0.0000000e+00  -2.0144274e-02  -6.0630523e+01
  4.2658809242802e+00   0.0000000e+00   0.0000000e+00   3.0946436e+01   0.0000000e+00   0.0000000e+00  -2.0873596e-02  -6.0630523e+01
  4.2707562167650e+00   0.0000000e+00   0.0000000e+00   3.0953376e+01   0.0000000e+00   0.0000000e+00  -2.1641727e-02  -6.0630523e+01
  4.2756315092500e+00   0.0000000e+00   0.0000000e+00   3.0960478e+01   0.0000000e+00   0.0000000e+00  -2.2478130e-02  -6.0630523e+01
  4.2805068017348e+00   0.0000000e+00   0.0000000e+00   3.0967800e+01   0.0000000e+00   0.0000000e+00  -2.3411274e-02  -6.0630523e+01
  4.2853820942197e+00   0.0000000e+00   0.0000000e+00   3.0975397e+01   0.0000000e+00   0.0000000e+00  -2.4464783e-02  -6.0630523e+01
  4.2902573867046e+00   0.0000000e+00   0.0000000e+00   3.0983298e+01   0.0000000e+00   0.0000000e+00  -2.5649543e-02  -6.0630523e+01
  4.2951326791895e+00   0.0000000e+00   0.0000000e+00   3.0991492e+01   0.0000000e+00   0.0000000e+00  -2.6956814e-02  -6.0630523e+01
  4.3000079716744e+00   0.0000000e+00   0.0000000e+00   3.0999929e+01   0.0000000e+00   0.0000000e+00  -2.8358258e-02  -6.0630523e+01
  4.3048832641593e+00   0.0000000e+00   0.0000000e+00   3.1008525e+01   0.0000000e+00   0.0000000e+00  -2.9811619e-02  -6.0630523e+01
  4.3097585566442e+00   0.0000000e+00   0.0000000e+00   3.1017177e+01   0.0000000e+00   0.0000000e+00  -3.1268981e-02  -6.0630523e+01
  4.3146338491291e+00   0.0000000e+00   0.0000000e+00   3.1025794e+01   0.0000000e+00   0.0000000e+00  -3.2686874e-02  -6.0630523e+01
  4.3195091416140e+00   0.0000000e+00   0.0000000e+00   3.1034319e+01   0.0000000e+00   0.0000000e+00  -3.4035375e-02  -6.0630523e+01
  4.3243844340989e+00   0.0000000e+00   0.0000000e+00   3.1042727e+01   0.0000000e+00   0.0000000e+00  -3.5301673e-02  -6.0630523e+01
  4.3292597265838e+00   0.0000000e+00   0.0000000e+00   3.1051026e+01   0.0000000e+00   0.0000000e+00  -3.6488710e-02  -6.0630523e+01
  4.3341350190686e+00   0.0000000e+00   0.0000000e+00   3.1059248e+01   0.0000000e+00   0.0000000e+00  -3.7612881e-02  -6.0630523e+01
  4.3390103115535e+00   0.0000000e+00   0.0000000e+00   3.1067446e+01   0.0000000e+00   0.0000000e+00  -3.8700841e-02  -6.0630523e+01
  4.3438856040384e+00   0.0000000e+00   0.0000000e+00   3.1075681e+01   0.0000000e+00   0.0000000e+00  -3.9782806e-02  -6.0630523e+01
  4.3487608965233e+00   0.0000000e+00   0.0000000e+00   3.1084004e+01   0.0000000e+00   0.0000000e+00  -4.0884301e-02  -6.0630523e+01
  4.3536361890082e+00   0.0000000e+00   0.0000000e+00   3.1092454e+01   0.0000000e+00   0.0000000e+00  -4.2021551e-02  -6.0630523e+01
  4.3585114814931e+00   0.0000000e+00   0.0000000e+00   3.1101050e+01   0.0000000e+00   0.0000000e+00  -4.3200428e-02  -6.0630523e+01
  4.3633867739780e+00   0.0000000e+00   0.0000000e+00   3.1109785e+01   0.0000000e+00   0.0000000e+00  -4.4413866e-02  -6.0630523e+01
  4.3682620664629e+00   0.0000000e+00   0.0000000e+00   3.1118617e+01   0.0000000e+00   0.0000000e+00  -4.5637862e-02  -6.0630523e+01
  4.3731373589478e+00   0.0000000e+00   0.0000000e+00   3.1127465e+01   0.0000000e+00   0.0000000e+00  -4.6833241e-02  -6.0630523e+01
  4.3780126514327e+00   0.0000000e+00   0.0000000e+00   3.1136234e+01   0.0000000e+00   0.0000000e+00  -4.7956099e-02  -6.0630523e+01
  4.3828879439176e+00   0.0000000e+00   0.0000000e+00   3.1144839e+01   0.0000000e+00   0.0000000e+00  -4.8971158e-02  -6.0630523e+01
  4.3877632364025e+00   0.0000000e+00   0.0000000e+00   3.1153245e+01   0.0000000e+00   0.0000000e+00  -4.9862612e-02  -6.0630523e+01
  4.3926385288873e+00   0.0000000e+00   0.0000000e+00   3.1161476e+01   0.0000000e+00   0.0000000e+00  -5.0641048e-02  -6.0630523e+01
  4.3975138213722e+00   0.0000000e+00   0.0000000e+00   3.1169610e+01   0.0000000e+00   0.0000000e+00  -5.1342157e-02  -6.0630523e+01
  4.4023891138571e+00   0.0000000e+00   0.0000000e+00   3.1177750e+01   0.0000000e+00   0.0000000e+00  -5.2013518e-02  -6.0630523e+01
  4.4072644063420e+00   0.0000000e+00   0.0000000e+00   3.1185985e+01   0.0000000e+00   0.0000000e+00  -5.2696703e-02  -6.0630523e+01
  4.4121396988269e+00   0.0000000e+00   0.0000000e+00   3.1194371e+01   0.0000000e+00   0.0000000e+00  -5.3415522e-02  -6.0630523e+01
  4.4170149913118e+00   0.0000000e+00   0.0000000e+00   3.1202914e+01   0.0000000e+00   0.0000000e+00  -5.4172550e-02  -6.0630523e+01
  4.4218902837967e+00   0.0000000e+00   0.0000000e+00   3.1211577e+01   0.0000000e+00   0.0000000e+00  -5.4952165e-02  -6.0630523e+01
  4.4267655762816e+00   0.0000000e+00   0.0000000e+00   3.1220307e+01   0.0000000e+00   0.0000000e+00  -5.5729552e-02  -6.0630523e+01
  4.4316408687665e+00   0.0000000e+00   0.0000000e+00   3.1229050e+01   0.0000000e+00   0.0000000e+00  -5.6480938e-02  -6.0630523e+01
  4.4365161612514e+00   0.0000000e+00   0.0000000e+00   3.1237765e+01   0.0000000e+00   0.0000000e+00  -5.7188408e-02  -6.0630523e+01
  4.4413914537363e+00   0.0000000e+00   0.0000000e+00   3.1246426e+01   0.0000000e+00   0.0000000e+00  -5.7840606e-02  -6.0630523e+01
  4.4462667462212e+00   0.0000000e+00   0.0000000e+00   3.1255021e+01   0.0000000e+00   0.0000000e+00  -5.8434508e-02  -6.0630523e+01
  4.4511420387060e+00   0.0000000e+00   0.0000000e+00   3.1263558e+01   0.0000000e+00   0.0000000e+00  -5.8977293e-02  -6.0630523e+01
  4.4560173311909e+00   0.0000000e+00   0.0000000e+00   3.1272071e+01   0.0000000e+00   0.0000000e+00  -5.9484896e-02  -6.0630523e+01
  4.4608926236758e+00   0.0000000e+00   0.0000000e+00   3.1280616e+01   0.0000000e+00   0.0000000e+00  -5.9977731e-02  -6.0630523e+01
  4.4657679161607e+00   0.0000000e+00   0.0000000e+00   3.1289247e+01   0.0000000e+00   0.0000000e+00  -6.0474949e-02  -6.0630523e+01
  4.4706432086456e+00   0.0000000e+00   0.0000000e+00   3.1297994e+01   0.0000000e+00   0.0000000e+00  -6.0986740e-02  -6.0630523e+01
  4.4755185011305e+00   0.0000000e+00   0.0000000e+00   3.1306843e+01   0.0000000e+00   0.0000000e+00  -6.1506055e-02  -6.0630523e+01
  4.4803937936154e+00   0.0000000e+00   0.0000000e+00   3.1315737e+01   0.0000000e+00   0.0000000e+00  -6.2009396e-02  -6.0630523e+01
  4.4852690861003e+00   0.0000000e+00   0.0000000e+00   3.1324619e+01   0.0000000e+00   0.0000000e+00  -6.2473961e-02  -6.0630523e+01
  4.4901443785852e+00   0.0000000e+00   0.0000000e+00   3.1333475e+01   0.0000000e+00   0.0000000e+00  -6.2897372e-02  -6.0630523e+01
  4.4950196710701e+00   0.0000000e+00   0.0000000e+00   3.1342349e+01   0.0000000e+00   0.0000000e+00  -6.3302902e-02  -6.0630523e+01
  4.4998949635550e+00   0.0000000e+00   0.0000000e+00   3.1351328e+01   0.0000000e+00   0.0000000e+00  -6.3729945e-02  -6.0630523e+01
  4.5047702560399e+00   0.0000000e+00   0.0000000e+00   3.1360493e+01   0.0000000e+00   0.0000000e+00  -6.4212012e-02  -6.0630523e+01
  4.5096455485247e+00   0.0000000e+00   0.0000000e+00   3.1369861e+01   0.0000000e+00   0.0000000e+00  -6.4747315e-02  -6.0630523e+01
  4.5145208410096e+00   0.0000000e+00   0.0000000e+00   3.1379344e+01   0.0000000e+00   0.0000000e+00  -6.5285621e-02  -6.0630523e+01
  4.5193961334945e+00   0.0000000e+00   0.0000000e+00   3.1388786e+01   0.0000000e+00   0.0000000e+00  -6.5751235e-02  -6.0630523e+01
  4.5242714259794e+00   0.0000000e+00   0.0000000e+00   3.1398054e+01   0.0000000e+00   0.0000000e+00  -6.6087049e-02  -6.0630523e+01
  4.5291467184643e+00   0.0000000e+00   0.0000000e+00   3.1407123e+01   0.0000000e+00   0.0000000e+00  -6.6284874e-02  -6.0630523e+01
  4.5340220109492e+00   0.0000000e+00   0.0000000e+00   3.1416073e+01   0.0000000e+00   0.0000000e+00  -6.6382754e-02  -6.0630523e+01
  4.5388973034341e+00   0.0000000e+00   0.0000000e+00   3.1425034e+01   0.0000000e+00   0.0000000e+00  -6.6441674e-02  -6.0630523e+01
  4.5437725959190e+00   0.0000000e+00   0.0000000e+00   3.1434132e+01   0.0000000e+00   0.0000000e+00  -6.6523043e-02  -6.0630523e+01
  4.5486478884039e+00   0.0000000e+00   0.0000000e+00   3.1443446e+01   0.0000000e+00   0.0000000e+00  -6.6665161e-02  -6.0630523e+01
  4.5535231808888e+00   0.0000000e+00   0.0000000e+00   3.1452964e+01   0.0000000e+00   0.0000000e+00  -6.6860997e-02  -6.0630523e+01
  4.5583984733737e+00   0.0000000e+00   0.0000000e+00   3.1462613e+01   0.0000000e+00   0.0000000e+00  -6.7073496e-02  -6.0630523e+01
  4.5632737658585e+00   0.0000000e+00   0.0000000e+00   3.1472346e+01   0.0000000e+00   0.0000000e+00  -6.7278480e-02  -6.0630523e+01
  4.5681490583434e+00   0.0000000e+00   0.0000000e+00   3.1482172e+01   0.0000000e+00   0.0000000e+00  -6.7478509e-02  -6.0630523e+01
  4.5730243508283e+00   0.0000000e+00   0.0000000e+00   3.1492114e+01   0.0000000e+00   0.0000000e+00  -6.7687121e-02  -6.0630523e+01
  4.5778996433132e+00   0.0000000e+00   0.0000000e+00   3.1502172e+01   0.0000000e+00   0.0000000e+00  -6.7906691e-02  -6.0630523e+01
  4.5827749357981e+00   0.0000000e+00   0.0000000e+00   3.1512280e+01   0.0000000e+00   0.0000000e+00  -6.8105576e-02  -6.0630523e+01
  4.5876502282830e+00   0.0000000e+00   0.0000000e+00   3.1522315e+01   0.0000000e+00   0.0000000e+00  -6.8217262e-02  -6.0630523e+01
  4.5925255207679e+00   0.0000000e+00   0.0000000e+00   3.1532143e+01   0.0000000e+00   0.0000000e+00  -6.8172191e-02  -6.0630523e+01
  4.5974008132528e+00   0.0000000e+00   0.0000000e+00   3.1541702e+01   0.0000000e+00   0.0000000e+00  -6.7930232e-02  -6.0630523e+01
  4.6022761057377e+00   0.0000000e+00   0.0000000e+00   3.1551012e+01   0.0000000e+00   0.0000000e+00  -6.7484148e-02  -6.0630523e+01
  4.6071513982226e+00   0.0000000e+00   0.0000000e+00   3.1560145e+01   0.0000000e+00   0.0000000e+00  -6.6856786e-02  -6.0630523e+01
  4.6120266907075e+00   0.0000000e+00   0.0000000e+00   3.1569226e+01   0.0000000e+00   0.0000000e+00  -6.6112792e-02  -6.0630523e+01
  4.6169019831924e+00   0.0000000e+00   0.0000000e+00   3.1578447e+01   0.0000000e+00   0.0000000e+00  -6.5358220e-02  -6.0630523e+01
  4.6217772756772e+00   0.0000000e+00   0.0000000e+00   3.1588049e+01   0.0000000e+00   0.0000000e+00  -6.4712297e-02  -6.0630523e+01
  4.6266525681621e+00   0.0000000e+00   0.0000000e+00   3.1598241e+01   0.0000000e+00   0.0000000e+00  -6.4273777e-02  -6.0630523e+01
  4.6315278606470e+00   0.0000000e+00   0.0000000e+00   3.1609101e+01   0.0000000e+00   0.0000000e+00  -6.4079973e-02  -6.0630523e+01
  4.6364031531319e+00   0.0000000e+00   0.0000000e+00   3.1620485e+01   0.0000000e+00   0.0000000e+00  -6.4057582e-02  -6.0630523e+01
  4.6412784456168e+00   0.0000000e+00   0.0000000e+00   3.1632033e+01   0.0000000e+00   0.0000000e+00  -6.4029299e-02  -6.0630523e+01
  4.6461537381017e+00   0.0000000e+00   0.0000000e+00   3.1643363e+01   0.0000000e+00   0.0000000e+00  -6.3812606e-02  -6.0630523e+01
  4.6510290305866e+00   0.0000000e+00   0.0000000e+00   3.1654347e+01   0.0000000e+00   0.0000000e+00  -6.3343721e-02  -6.0630523e+01
  4.6559043230715e+00   0.0000000e+00   0.0000000e+00   3.1665182e+01   0.0000000e+00   0.0000000e+00  -6.2708847e-02  -6.0630523e+01
  4.6607796155564e+00   0.0000000e+00   0.0000000e+00   3.1676239e+01   0.0000000e+00   0.0000000e+00  -6.2060533e-02  -6.0630523e+01
  4.6656549080413e+00   0.0000000e+00   0.0000000e+00   3.1687827e+01   0.0000000e+00   0.0000000e+00  -6.1507906e-02  -6.0630523e+01
  4.6705302005262e+00   0.0000000e+00   0.0000000e+00   3.1699996e+01   0.0000000e+00   0.0000000e+00  -6.1047820e-02  -6.0630523e+01
  4.6754054930111e+00   0.0000000e+00   0.0000000e+00   3.1712516e+01   0.0000000e+00   0.0000000e+00  -6.0574173e-02  -6.0630523e+01
  4.6802807854959e+00   0.0000000e+00   0.0000000e+00   3.1725077e+01   0.0000000e+00   0.0000000e+00  -5.9973110e-02  -6.0630523e+01
  4.6851560779808e+00   0.0000000e+00   0.0000000e+00   3.1737550e+01   0.0000000e+00   0.0000000e+00  -5.9231163e-02  -6.0630523e+01
  4.6900313704657e+00   0.0000000e+00   0.0000000e+00   3.1750122e+01   0.0000000e+00   0.0000000e+00  -5.8453678e-02  -6.0630523e+01
  4.6949066629506e+00   0.0000000e+00   0.0000000e+00   3.1763060e+01   0.0000000e+00   0.0000000e+00  -5.7735325e-02  -6.0630523e+01
  4.6997819554355e+00   0.0000000e+00   0.0000000e+00   3.1776451e+01   0.0000000e+00   0.0000000e+00  -5.7050086e-02  -6.0630523e+01
  4.7046572479204e+00   0.0000000e+00   0.0000000e+00   3.1790084e+01   0.0000000e+00   0.0000000e+00  -5.6236804e-02  -6.0630523e+01
  4.7095325404053e+00   0.0000000e+00   0.0000000e+00   3.1803638e+01   0.0000000e+00   0.0000000e+00  -5.5119107e-02  -6.0630523e+01
  4.7144078328902e+00   0.0000000e+00   0.0000000e+00   3.1816972e+01   0.0000000e+00   0.0000000e+00  -5.3643335e-02  -6.0630523e+01
  4.7192831253751e+00   0.0000000e+00   0.0000000e+00   3.1830405e+01   0.0000000e+00   0.0000000e+00  -5.1966435e-02  -6.0630523e+01
  4.7241584178600e+00   0.0000000e+00   0.0000000e+00   3.1844485e+01   0.0000000e+00   0.0000000e+00  -5.0359230e-02  -6.0630523e+01
  4.7290337103449e+00   0.0000000e+00   0.0000000e+00   3.1859510e+01   0.0000000e+00   0.0000000e+00  -4.8965998e-02  -6.0630523e+01
  4.7339090028298e+00   0.0000000e+00   0.0000000e+00   3.1875303e+01   0.0000000e+00   0.0000000e+00  -4.7691183e-02  -6.0630523e+01
  4.7387842953146e+00   0.0000000e+00   0.0000000e+00   3.1891458e+01   0.0000000e+00   0.0000000e+00  -4.6345118e-02  -6.0630523e+01
  4.7436595877995e+00   0.0000000e+00   0.0000000e+00   3.1907523e+01   0.0000000e+00   0.0000000e+00  -4.4725002e-02  -6.0630523e+01
  4.7485348802844e+00   0.0000000e+00   0.0000000e+00   3.1923426e+01   0.0000000e+00   0.0000000e+00  -4.2786610e-02  -6.0630523e+01
  4.7534101727693e+00   0.0000000e+00   0.0000000e+00   3.1939580e+01   0.0000000e+00   0.0000000e+00  -4.0669199e-02  -6.0630523e+01
  4.7582854652542e+00   0.0000000e+00   0.0000000e+00   3.1956780e+01   0.0000000e+00   0.0000000e+00  -3.8697954e-02  -6.0630523e+01
  4.7631607577391e+00   0.0000000e+00   0.0000000e+00   3.1975651e+01   0.0000000e+00   0.0000000e+00  -3.7163271e-02  -6.0630523e+01
  4.7680360502240e+00   0.0000000e+00   0.0000000e+00   3.1995876e+01   0.0000000e+00   0.0000000e+00  -3.5878674e-02  -6.0630523e+01
  4.7729113427089e+00   0.0000000e+00   0.0000000e+00   3.2016568e+01   0.0000000e+00   0.0000000e+00  -3.4346247e-02  -6.0630523e+01
  4.7777866351938e+00   0.0000000e+00   0.0000000e+00   3.2037214e+01   0.0000000e+00   0.0000000e+00  -3.2331618e-02  -6.0630523e+01
  4.7826619276787e+00   0.0000000e+00   0.0000000e+00   3.2058004e+01   0.0000000e+00   0.0000000e+00  -2.9962030e-02  -6.0630523e+01
  4.7875372201636e+00   0.0000000e+00   0.0000000e+00   3.2079755e+01   0.0000000e+00   0.0000000e+00  -2.7635775e-02  -6.0630523e+01
  4.7924125126485e+00   0.0000000e+00   0.0000000e+00   3.2104105e+01   0.0000000e+00   0.0000000e+00  -2.6239276e-02  -6.0630523e+01
  4.7972878051334e+00   0.0000000e+00   0.0000000e+00   3.2131544e+01   0.0000000e+00   0.0000000e+00  -2.5942469e-02  -6.0630523e+01
  4.8021630976182e+00   0.0000000e+00   0.0000000e+00   3.2160457e+01   0.0000000e+00   0.0000000e+00  -2.5504370e-02  -6.0630523e+01
  4.8070383901031e+00   0.0000000e+00   0.0000000e+00   3.2188462e+01   0.0000000e+00   0.0000000e+00  -2.3438017e-02  -6.0630523e+01
  4.8119136825880e+00   0.0000000e+00   0.0000000e+00   3.2215108e+01   0.0000000e+00   0.0000000e+00  -1.9480989e-02  -6.0630523e+01
  4.8167889750729e+00   0.0000000e+00   0.0000000e+00   3.2241906e+01   0.0000000e+00   0.0000000e+00  -1.4593971e-02  -6.0630523e+01
  4.8216642675578e+00   0.0000000e+00   0.0000000e+00   3.2271313e+01   0.0000000e+00   0.0000000e+00  -1.0102066e-02  -6.0630523e+01
  4.8265395600427e+00   0.0000000e+00   0.0000000e+00   3.2304531e+01   0.0000000e+00   0.0000000e+00  -6.4659229e-03  -6.0630523e+01
  4.8314148525276e+00   0.0000000e+00   0.0000000e+00   3.2342102e+01   0.0000000e+00   0.0000000e+00  -3.5793717e-03  -6.0630523e+01
  4.8362901450125e+00   0.0000000e+00   0.0000000e+00   3.2382961e+01   0.0000000e+00   0.0000000e+00  -1.0873066e-03  -6.0630523e+01
  4.8411654374974e+00   0.0000000e+00   0.0000000e+00   3.2426549e+01   0.0000000e+00   0.0000000e+00   1.5115975e-03  -6.0630523e+01
  4.8460407299823e+00   0.0000000e+00   0.0000000e+00   3.2473595e+01   0.0000000e+00   0.0000000e+00   4.5440001e-03  -6.0630523e+01
  4.8509160224672e+00   0.0000000e+00   0.0000000e+00   3.2525022e+01   0.0000000e+00   0.0000000e+00   8.2215388e-03  -6.0630523e+01
  4.8557913149521e+00   0.0000000e+00   0.0000000e+00   3.2580725e+01   0.0000000e+00   0.0000000e+00   1.2176539e-02  -6.0630523e+01
  4.8606666074369e+00   0.0000000e+00   0.0000000e+00   3.2641499e+01   0.0000000e+00   0.0000000e+00   1.5524402e-02  -6.0630523e+01
  4.8655418999218e+00   0.0000000e+00   0.0000000e+00   3.2709419e+01   0.0000000e+00   0.0000000e+00   1.7413752e-02  -6.0630523e+01
  4.8704171924067e+00   0.0000000e+00   0.0000000e+00   3.2784817e+01   0.0000000e+00   0.0000000e+00   1.9387317e-02  -6.0630523e+01
  4.8752924848916e+00   0.0000000e+00   0.0000000e+00   3.2864930e+01   0.0000000e+00   0.0000000e+00   2.5054159e-02  -6.0630523e+01
  4.8801677773765e+00   0.0000000e+00   0.0000000e+00   3.2955083e+01   0.0000000e+00   0.0000000e+00   3.3946528e-02  -6.0630523e+01
  4.8850430698614e+00   0.0000000e+00   0.0000000e+00   3.3064894e+01   0.0000000e+00   0.0000000e+00   3.8480249e-02  -6.0630523e+01
  4.8899183623463e+00   0.0000000e+00   0.0000000e+00   3.3194021e+01   0.0000000e+00   0.0000000e+00   3.7118561e-02  -6.0630523e+01
  4.8947936548312e+00   0.0000000e+00   0.0000000e+00   3.3323038e+01   0.0000000e+00   0.0000000e+00   4.3509940e-02  -6.0630523e+01
  4.8996689473161e+00   0.0000000e+00   0.0000000e+00   3.3459125e+01   0.0000000e+00   0.0000000e+00   5.2623826e-02  -6.0630523e+01
  4.9045442398010e+00   0.0000000e+00   0.0000000e+00   3.3655958e+01   0.0000000e+00   0.0000000e+00   5.4658290e-02  -6.0630523e+01
  4.9094195322858e+00   0.0000000e+00   0.0000000e+00   3.4163445e+01   0.0000000e+00   0.0000000e+00   3.8419704e-03  -6.0630523e+01
  4.9142948247708e+00   0.0000000e+00   0.0000000e+00   3.4923217e+01   0.0000000e+00   0.0000000e+00  -5.0235318e-02  -6.0630523e+01
  4.9191701172556e+00   2.9299385e-04   1.5428778e-01   3.5139035e+01  -5.8289180e-07  -3.1727244e-04  -7.2258783e-02  -6.0630523e+01
  4.9240454097405e+00   1.5411450e-03   3.4548080e-01   3.5072003e+01  -3.1564646e-06  -7.3109674e-04  -7.4218385e-02  -6.0630523e+01
  4.9289207022254e+00   3.6203443e-03   4.9285872e-01   3.4972262e+01  -8.8837791e-06  -1.7580331e-03  -1.2474649e-01  -6.0630523e+01
  4.9337959947103e+00   6.3090841e-03   6.0377943e-01   3.4848043e+01  -2.1926368e-05  -3.5792753e-03  -2.0658329e-01  -6.0630523e+01
  4.9386712871952e+00   9.4946904e-03   6.9692236e-01   3.4703499e+01  -4.3278627e-05  -5.0115891e-03  -2.4955387e-01  -6.0630523e+01
  4.9435465796801e+00   1.3114835e-02   7.8553871e-01   3.4540757e+01  -7.1130062e-05  -6.4530683e-03  -2.8374650e-01  -6.0630523e+01
  4.9484218721650e+00   1.7160916e-02   8.7060134e-01   3.4359826e+01  -1.0644204e-04  -7.9361171e-03  -3.1321293e-01  -6.0630523e+01
  4.9532971646499e+00   2.1616577e-02   9.5449545e-01   3.4161430e+01  -1.4897516e-04  -9.5576407e-03  -3.4206834e-01  -6.0630523e+01
  4.9581724571348e+00   2.6477784e-02   1.0369643e+00   3.3945849e+01  -2.0028824e-04  -1.1383796e-02  -3.7265760e-01  -6.0630523e+01
  4.9630477496197e+00   3.1744097e-02   1.1206394e+00   3.3713246e+01  -2.6013340e-04  -1.3159128e-02  -3.9587837e-01  -6.0630523e+01
  4.9679230421045e+00   3.7401253e-02   1.1947634e+00   3.3464081e+01  -3.2897347e-04  -1.4937404e-02  -4.1838116e-01  -6.0630523e+01
  4.9727983345895e+00   4.3389462e-02   1.2596263e+00   3.3200845e+01  -4.0548669e-04  -1.6432476e-02  -4.3312218e-01  -6.0630523e+01
  4.9776736270743e+00   4.9697346e-02   1.3261677e+00   3.2924231e+01  -4.9007913e-04  -1.8251863e-02  -4.5313164e-01  -6.0630523e+01
  4.9825489195592e+00   5.6328534e-02   1.3908924e+00   3.2634178e+01  -5.8371798e-04  -2.0051535e-02  -4.7046439e-01  -6.0630523e+01
  4.9874242120441e+00   6.3255094e-02   1.4474202e+00   3.2331772e+01  -6.8524372e-04  -2.1505346e-02  -4.8037601e-01  -6.0630523e+01
  4.9922995045290e+00   7.0440430e-02   1.4976980e+00   3.2018594e+01  -7.9345782e-04  -2.2837122e-02  -4.8822427e-01  -6.0630523e+01
  4.9971747970139e+00   7.7859089e-02   1.5434225e+00   3.1695747e+01  -9.0803214e-04  -2.4097645e-02  -4.9486957e-01  -6.0630523e+01
  5.0020500894988e+00   8.5488103e-02   1.5839661e+00   3.1364281e+01  -1.0280965e-03  -2.5057339e-02  -4.9616303e-01  -6.0630523e+01
  5.0069253819837e+00   9.3301861e-02   1.6194945e+00   3.1025304e+01  -1.1521121e-03  -2.5799583e-02  -4.9425292e-01  -6.0630523e+01
  5.0118006744686e+00   1.0127678e-01   1.6503469e+00   3.0679770e+01  -1.2800216e-03  -2.6648824e-02  -4.9539877e-01  -6.0630523e+01
  5.0166759669535e+00   1.0938990e-01   1.6758035e+00   3.0328800e+01  -1.4117110e-03  -2.7284881e-02  -4.9380354e-01  -6.0630523e+01
  5.0215512594384e+00   1.1760632e-01   1.6930832e+00   2.9973928e+01  -1.5455081e-03  -2.7553554e-02  -4.8780133e-01  -6.0630523e+01
  5.0264265519233e+00   1.2589239e-01   1.7048246e+00   2.9616622e+01  -1.6802634e-03  -2.7720121e-02  -4.8156059e-01  -6.0630523e+01
  5.0313018444081e+00   1.3421748e-01   1.7085584e+00   2.9258193e+01  -1.8156479e-03  -2.7751931e-02  -4.7523768e-01  -6.0630523e+01
  5.0361771368930e+00   1.4253603e-01   1.7026485e+00   2.8900758e+01  -1.9500333e-03  -2.7314395e-02  -4.6363457e-01  -6.0630523e+01
  5.0410524293779e+00   1.5080436e-01   1.6882698e+00   2.8546294e+01  -2.0811857e-03  -2.6452431e-02  -4.4727381e-01  -6.0630523e+01
  5.0459277218628e+00   1.5897829e-01   1.6639170e+00   2.8196772e+01  -2.2071438e-03  -2.5192072e-02  -4.2690537e-01  -6.0630523e+01
  5.0508030143477e+00   1.6700064e-01   1.6250330e+00   2.7855072e+01  -2.3256651e-03  -2.3335366e-02  -3.9999698e-01  -6.0630523e+01
  5.0556783068326e+00   1.7479167e-01   1.5723521e+00   2.7524154e+01  -2.4338557e-03  -2.1231815e-02  -3.7166470e-01  -6.0630523e+01
  5.0605535993175e+00   1.8231148e-01   1.5024339e+00   2.7281416e+01  -2.5334570e-03  -1.9590221e-02  -3.5572212e-01  -6.0630523e+01
  5.0654288918024e+00   1.8935648e-01   1.3958304e+00   2.7281541e+01  -2.6239867e-03  -1.7703050e-02  -3.4600658e-01  -6.0630523e+01
  5.0703041842873e+00   1.9595201e-01   1.3164360e+00   2.7281685e+01  -2.7063552e-03  -1.6142060e-02  -3.3452637e-01  -6.0630523e+01
  5.0751794767722e+00   2.0222073e-01   1.2605313e+00   2.7281911e+01  -2.7810447e-03  -1.4578194e-02  -3.1551854e-01  -6.0630523e+01
  5.0800547692571e+00   2.0825551e-01   1.2177186e+00   2.7282097e+01  -2.8487851e-03  -1.3345542e-02  -2.9899712e-01  -6.0630523e+01
  5.0849300617420e+00   2.1409688e-01   1.1805184e+00   2.7282200e+01  -2.9116966e-03  -1.2525975e-02  -2.8947973e-01  -6.0630523e+01
  5.0898053542268e+00   2.1976752e-01   1.1477026e+00   2.7282267e+01  -2.9710715e-03  -1.1907036e-02  -2.8304450e-01  -6.0630523e+01
  5.0946806467117e+00   2.2528801e-01   1.1181221e+00   2.7282291e+01  -3.0281296e-03  -1.1505437e-02  -2.8073383e-01  -6.0630523e+01
  5.0995559391966e+00   2.3066656e-01   1.0897445e+00   2.7282364e+01  -3.0828040e-03  -1.0928859e-02  -2.7361010e-01  -6.0630523e+01
  5.1044312316815e+00   2.3591476e-01   1.0642530e+00   2.7282413e+01  -3.1348995e-03  -1.0478733e-02  -2.6862514e-01  -6.0630523e+01
  5.1093065241664e+00   2.4103986e-01   1.0394605e+00   2.7282476e+01  -3.1847732e-03  -9.9866013e-03  -2.6211599e-01  -6.0630523e+01
  5.1141818166513e+00   2.4605409e-01   1.0187644e+00   2.7282521e+01  -3.2324458e-03  -9.6128006e-03  -2.5743089e-01  -6.0630523e+01
  5.1190571091362e+00   2.5096996e-01   9.9835876e-01   2.7282557e+01  -3.2784879e-03  -9.2780912e-03  -2.5354619e-01  -6.0630523e+01
  5.1239324016211e+00   2.5578617e-01   9.7840283e-01   2.7282587e+01  -3.3229175e-03  -8.9787743e-03  -2.5037150e-01  -6.0630523e+01
  5.1288076941060e+00   2.6050972e-01   9.6008290e-01   2.7282598e+01  -3.3661548e-03  -8.7688953e-03  -2.4918498e-01  -6.0630523e+01
  5.1336829865909e+00   2.6514464e-01   9.4193527e-01   2.7282615e+01  -3.4083384e-03  -8.5385987e-03  -2.4731561e-01  -6.0630523e+01
  5.1385582790758e+00   2.6969287e-01   9.2475797e-01   2.7282638e+01  -3.4493517e-03  -8.2948730e-03  -2.4471919e-01  -6.0630523e+01
  5.1434335715607e+00   2.7416183e-01   9.0928790e-01   2.7282664e+01  -3.4891952e-03  -8.0602429e-03  -2.4184298e-01  -6.0630523e+01
  5.1483088640455e+00   2.7855822e-01   8.9493583e-01   2.7282689e+01  -3.5279279e-03  -7.8377128e-03  -2.3893767e-01  -6.0630523e+01
  5.1531841565304e+00   2.8288786e-01   8.8178304e-01   2.7282719e+01  -3.5655714e-03  -7.6104283e-03  -2.3546969e-01  -6.0630523e+01
  5.1580594490153e+00   2.8715385e-01   8.6864377e-01   2.7282749e+01  -3.6021020e-03  -7.3856504e-03  -2.3197179e-01  -6.0630523e+01
  5.1629347415002e+00   2.9135587e-01   8.5568824e-01   2.7282781e+01  -3.6375448e-03  -7.1575160e-03  -2.2821038e-01  -6.0630523e+01
  5.1678100339851e+00   2.9549609e-01   8.4329058e-01   2.7282815e+01  -3.6718433e-03  -6.9264623e-03  -2.2409048e-01  -6.0630523e+01
  5.1726853264700e+00   2.9957865e-01   8.3215145e-01   2.7282839e+01  -3.7051405e-03  -6.7469820e-03  -2.2120591e-01  -6.0630523e+01
  5.1775606189549e+00   3.0361008e-01   8.2201732e-01   2.7282856e+01  -3.7376563e-03  -6.6021495e-03  -2.1912615e-01  -6.0630523e+01
  5.1824359114398e+00   3.0759095e-01   8.1127009e-01   2.7282862e+01  -3.7695539e-03  -6.4927639e-03  -2.1835044e-01  -6.0630523e+01
  5.1873112039247e+00   3.1151826e-01   8.0029467e-01   2.7282858e+01  -3.8010084e-03  -6.4192334e-03  -2.1883818e-01  -6.0630523e+01
  5.1921864964096e+00   3.1539376e-01   7.8998199e-01   2.7282853e+01  -3.8321487e-03  -6.3526574e-03  -2.1939566e-01  -6.0630523e+01
  5.1970617888945e+00   3.1922014e-01   7.8019231e-01   2.7282863e+01  -3.8628545e-03  -6.2403755e-03  -2.1822223e-01  -6.0630523e+01
  5.2019370813794e+00   3.2300153e-01   7.7149800e-01   2.7282880e+01  -3.8929450e-03  -6.1084445e-03  -2.1601606e-01  -6.0630523e+01
  5.2068123738642e+00   3.2674193e-01   7.6324431e-01   2.7282895e+01  -3.9224219e-03  -5.9913834e-03  -2.1416771e-01  -6.0630523e+01
  5.2116876663491e+00   3.3044295e-01   7.5536177e-01   2.7282907e+01  -3.9513644e-03  -5.8857272e-03  -2.1258655e-01  -6.0630523e+01
  5.2165629588340e+00   3.3410596e-01   7.4756267e-01   2.7282917e+01  -3.9798100e-03  -5.7898121e-03  -2.1130398e-01  -6.0630523e+01
  5.2214382513189e+00   3.3773129e-01   7.4002056e-01   2.7282924e+01  -4.0078301e-03  -5.7088428e-03  -2.1047242e-01  -6.0630523e+01
  5.2263135438038e+00   3.4132118e-01   7.3288546e-01   2.7282932e+01  -4.0354550e-03  -5.6240265e-03  -2.0936414e-01  -6.0630523e+01
  5.2311888362887e+00   3.4487513e-01   7.2519585e-01   2.7282945e+01  -4.0626175e-03  -5.5198079e-03  -2.0766337e-01  -6.0630523e+01
  5.2360641287736e+00   3.4839061e-01   7.1727761e-01   2.7282956e+01  -4.0892694e-03  -5.4207146e-03  -2.0618673e-01  -6.0630523e+01
  5.2409394212585e+00   3.5186827e-01   7.0964428e-01   2.7282963e+01  -4.1154873e-03  -5.3387612e-03  -2.0525386e-01  -6.0630523e+01
  5.2458147137434e+00   3.5530924e-01   7.0230317e-01   2.7282967e+01  -4.1413314e-03  -5.2695517e-03  -2.0471075e-01  -6.0630523e+01
  5.2506900062283e+00   3.5871642e-01   6.9576642e-01   2.7282965e+01  -4.1669104e-03  -5.2295260e-03  -2.0506447e-01  -6.0630523e+01
  5.2555652987132e+00   3.6209286e-01   6.8959126e-01   2.7282961e+01  -4.1923278e-03  -5.1960989e-03  -2.0557825e-01  -6.0630523e+01
  5.2604405911980e+00   3.6543994e-01   6.8375102e-01   2.7282966e+01  -4.2175189e-03  -5.1344245e-03  -2.0487330e-01  -6.0630523e+01
  5.2653158836829e+00   3.6875919e-01   6.7809423e-01   2.7282978e+01  -4.2423478e-03  -5.0545153e-03  -2.0336735e-01  -6.0630523e+01
  5.2701911761678e+00   3.7205093e-01   6.7252287e-01   2.7282983e+01  -4.2668314e-03  -4.9963725e-03  -2.0269339e-01  -6.0630523e+01
  5.2750664686527e+00   3.7531658e-01   6.6738281e-01   2.7282985e+01  -4.2910795e-03  -4.9514440e-03  -2.0241782e-01  -6.0630523e+01
  5.2799417611376e+00   3.7855755e-01   6.6230230e-01   2.7282990e+01  -4.3150836e-03  -4.8968819e-03  -2.0172296e-01  -6.0630523e+01
  5.2848170536225e+00   3.8177334e-01   6.5709091e-01   2.7282994e+01  -4.3388245e-03  -4.8440837e-03  -2.0113063e-01  -6.0630523e+01
  5.2896923461074e+00   3.8496369e-01   6.5183446e-01   2.7283004e+01  -4.3622759e-03  -4.7735573e-03  -1.9980070e-01  -6.0630523e+01
  5.2945676385923e+00   3.8812800e-01   6.4647036e-01   2.7283019e+01  -4.3853244e-03  -4.6851178e-03  -1.9772625e-01  -6.0630523e+01
  5.2994429310772e+00   3.9126685e-01   6.4139920e-01   2.7283029e+01  -4.4079781e-03  -4.6148364e-03  -1.9630008e-01  -6.0630523e+01
  5.3043182235621e+00   3.9438128e-01   6.3640094e-01   2.7283033e+01  -4.4303506e-03  -4.5679255e-03  -1.9583073e-01  -6.0630523e+01
  5.3091935160470e+00   3.9747146e-01   6.3148065e-01   2.7283032e+01  -4.4525335e-03  -4.5343547e-03  -1.9590615e-01  -6.0630523e+01
  5.3140688085319e+00   4.0053803e-01   6.2670401e-01   2.7283031e+01  -4.4745631e-03  -4.5046435e-03  -1.9610586e-01  -6.0630523e+01
  5.3189441010167e+00   4.0358190e-01   6.2221137e-01   2.7283029e+01  -4.4964577e-03  -4.4774074e-03  -1.9632756e-01  -6.0630523e+01
  5.3238193935016e+00   4.0660486e-01   6.1806990e-01   2.7283033e+01  -4.5181882e-03  -4.4350492e-03  -1.9577332e-01  -6.0630523e+01
  5.3286946859865e+00   4.0960764e-01   6.1387177e-01   2.7283039e+01  -4.5396823e-03  -4.3861188e-03  -1.9493754e-01  -6.0630523e+01
  5.3335699784714e+00   4.1258976e-01   6.0967057e-01   2.7283038e+01  -4.5609862e-03  -4.3579755e-03  -1.9502141e-01  -6.0630523e+01
  5.3384452709563e+00   4.1555217e-01   6.0578760e-01   2.7283035e+01  -4.5821894e-03  -4.3413742e-03  -1.9552375e-01  -6.0630523e+01
  5.3433205634412e+00   4.1849658e-01   6.0231660e-01   2.7283031e+01  -4.6033214e-03  -4.3288952e-03  -1.9608522e-01  -6.0630523e+01
  5.3481958559261e+00   4.2142570e-01   5.9947917e-01   2.7283028e+01  -4.6243964e-03  -4.3157397e-03  -1.9641458e-01  -6.0630523e+01
  5.3530711484110e+00   4.2434165e-01   5.9680944e-01   2.7283032e+01  -4.6453729e-03  -4.2870079e-03  -1.9597976e-01  -6.0630523e+01
  5.3579464408959e+00   4.2724417e-01   5.9394287e-01   2.7283041e+01  -4.6661549e-03  -4.2368902e-03  -1.9462352e-01  -6.0630523e+01
  5.3628217333808e+00   4.3013175e-01   5.9065967e-01   2.7283053e+01  -4.6866625e-03  -4.1785565e-03  -1.9301094e-01  -6.0630523e+01
  5.3676970258657e+00   4.3300218e-01   5.8695183e-01   2.7283061e+01  -4.7069031e-03  -4.1272689e-03  -1.9184629e-01  -6.0630523e+01
  5.3725723183506e+00   4.3585386e-01   5.8299400e-01   2.7283070e+01  -4.7268906e-03  -4.0728036e-03  -1.9059987e-01  -6.0630523e+01
  5.3774476108354e+00   4.3868561e-01   5.7877530e-01   2.7283078e+01  -4.7466054e-03  -4.0180953e-03  -1.8941031e-01  -6.0630523e+01
  5.3823229033203e+00   4.4149635e-01   5.7443424e-01   2.7283082e+01  -4.7660818e-03  -3.9749894e-03  -1.8879439e-01  -6.0630523e+01
  5.3871981958052e+00   4.4428638e-01   5.7032434e-01   2.7283084e+01  -4.7853695e-03  -3.9398922e-03  -1.8847593e-01  -6.0630523e+01
  5.3920734882901e+00   4.4705756e-01   5.6673125e-01   2.7283084e+01  -4.8045147e-03  -3.9177924e-03  -1.8860696e-01  -6.0630523e+01
  5.3969487807750e+00   4.4981283e-01   5.6373968e-01   2.7283079e+01  -4.8235958e-03  -3.9119710e-03  -1.8932606e-01  -6.0630523e+01
  5.4018240732599e+00   4.5255425e-01   5.6099285e-01   2.7283074e+01  -4.8426592e-03  -3.9068707e-03  -1.9000499e-01  -6.0630523e+01
  5.4066993657448e+00   4.5528280e-01   5.5848426e-01   2.7283075e+01  -4.8616599e-03  -3.8855772e-03  -1.8981823e-01  -6.0630523e+01
  5.4115746582297e+00   4.5799979e-01   5.5620207e-01   2.7283080e+01  -4.8805256e-03  -3.8547704e-03  -1.8908597e-01  -6.0630523e+01
  5.4164499507146e+00   4.6070565e-01   5.5388942e-01   2.7283084e+01  -4.8992504e-03  -3.8285425e-03  -1.8858357e-01  -6.0630523e+01
  5.4213252431995e+00   4.6340012e-01   5.5155058e-01   2.7283086e+01  -4.9178564e-03  -3.8051516e-03  -1.8822621e-01  -6.0630523e+01
  5.4262005356844e+00   4.6608318e-01   5.4917995e-01   2.7283088e+01  -4.9363523e-03  -3.7836349e-03  -1.8796980e-01  -6.0630523e+01
  5.4310758281693e+00   4.6875418e-01   5.4659390e-01   2.7283090e+01  -4.9547445e-03  -3.7610979e-03  -1.8773420e-01  -6.0630523e+01
  5.4359511206541e+00   4.7141192e-01   5.4375164e-01   2.7283094e+01  -4.9730020e-03  -3.7278164e-03  -1.8704563e-01  -6.0630523e+01
  5.4408264131390e+00   4.7405530e-01   5.4072963e-01   2.7283100e+01  -4.9910779e-03  -3.6892278e-03  -1.8614399e-01  -6.0630523e+01
  5.4457017056239e+00   4.7668371e-01   5.3761114e-01   2.7283103e+01  -5.0089843e-03  -3.6597509e-03  -1.8572785e-01  -6.0630523e+01
  5.4505769981088e+00   4.7929666e-01   5.3441664e-01   2.7283102e+01  -5.0267793e-03  -3.6425499e-03  -1.8595989e-01  -6.0630523e+01
  5.4554522905937e+00   4.8189454e-01   5.3148626e-01   2.7283098e+01  -5.0445101e-03  -3.6323257e-03  -1.8646032e-01  -6.0630523e+01
  5.4603275830786e+00   4.8447916e-01   5.2893450e-01   2.7283095e+01  -5.0622001e-03  -3.6248955e-03  -1.8697658e-01  -6.0630523e+01
  5.4652028755635e+00   4.8705175e-01   5.2652342e-01   2.7283094e+01  -5.0798428e-03  -3.6109119e-03  -1.8710820e-01  -6.0630523e+01
  5.4700781680484e+00   4.8961310e-01   5.2435117e-01   2.7283099e+01  -5.0973774e-03  -3.5808506e-03  -1.8631922e-01  -6.0630523e+01
  5.4749534605333e+00   4.9216444e-01   5.2235237e-01   2.7283107e+01  -5.1147436e-03  -3.5453285e-03  -1.8517687e-01  -6.0630523e+01
  5.4798287530182e+00   4.9470586e-01   5.2027541e-01   2.7283111e+01  -5.1319615e-03  -3.5213186e-03  -1.8465706e-01  -6.0630523e+01
  5.4847040455031e+00   4.9723710e-01   5.1820265e-01   2.7283110e+01  -5.1490961e-03  -3.5097791e-03  -1.8478811e-01  -6.0630523e+01
  5.4895793379879e+00   4.9975846e-01   5.1621828e-01   2.7283107e+01  -5.1661938e-03  -3.5051175e-03  -1.8525205e-01  -6.0630523e+01
  5.4944546304729e+00   5.0227021e-01   5.1422310e-01   2.7283103e+01  -5.1832725e-03  -3.5004691e-03  -1.8572417e-01  -6.0630523e+01
  5.4993299229577e+00   5.0477170e-01   5.1200248e-01   2.7283103e+01  -5.2003094e-03  -3.4871947e-03  -1.8582233e-01  -6.0630523e+01
  5.5042052154426e+00   5.0726194e-01   5.0964532e-01   2.7283105e+01  -5.2172547e-03  -3.4636973e-03  -1.8542389e-01  -6.0630523e+01
  5.5090805079275e+00   5.0974060e-01   5.0724939e-01   2.7283110e+01  -5.2340701e-03  -3.4351654e-03  -1.8476512e-01  -6.0630523e+01
  5.5139558004124e+00   5.1220736e-01   5.0476669e-01   2.7283114e+01  -5.2507460e-03  -3.4071541e-03  -1.8415988e-01  -6.0630523e+01
  5.5188310928973e+00   5.1466209e-01   5.0234945e-01   2.7283117e+01  -5.2672925e-03  -3.3821350e-03  -1.8368724e-01  -6.0630523e+01
  5.5237063853822e+00   5.1710541e-01   5.0007470e-01   2.7283119e+01  -5.2837265e-03  -3.3610477e-03  -1.8337233e-01  -6.0630523e+01
  5.5285816778671e+00   5.1953800e-01   4.9795786e-01   2.7283120e+01  -5.3000684e-03  -3.3440459e-03  -1.8322034e-01  -6.0630523e+01
  5.5334569703520e+00   5.2196096e-01   4.9612997e-01   2.7283121e+01  -5.3163350e-03  -3.3300284e-03  -1.8312453e-01  -6.0630523e+01
  5.5383322628369e+00   5.2437576e-01   4.9458982e-01   2.7283121e+01  -5.3325432e-03  -3.3202903e-03  -1.8315759e-01  -6.0630523e+01
  5.5432075553218e+00   5.2678355e-01   4.9322775e-01   2.7283119e+01  -5.3487155e-03  -3.3147574e-03  -1.8335733e-01  -6.0630523e+01
  5.5480828478066e+00   5.2918498e-01   4.9198282e-01   2.7283118e+01  -5.3648664e-03  -3.3111998e-03  -1.8362400e-01  -6.0630523e+01
  5.5529581402916e+00   5.3158078e-01   4.9090865e-01   2.7283116e+01  -5.3810037e-03  -3.3091437e-03  -1.8391151e-01  -6.0630523e+01
  5.5578334327764e+00   5.3397143e-01   4.8981251e-01   2.7283113e+01  -5.3971331e-03  -3.3076379e-03  -1.8423919e-01  -6.0630523e+01
  5.5627087252613e+00   5.3635600e-01   4.8840679e-01   2.7283111e+01  -5.4132528e-03  -3.3049448e-03  -1.8461900e-01  -6.0630523e+01
  5.5675840177462e+00   5.3873298e-01   4.8672497e-01   2.7283108e+01  -5.4293539e-03  -3.3000272e-03  -1.8498126e-01  -6.0630523e+01
  5.5724593102311e+00   5.4110126e-01   4.8485409e-01   2.7283106e+01  -5.4454276e-03  -3.2942260e-03  -1.8536859e-01  -6.0630523e+01
  5.5773346027160e+00   5.4346019e-01   4.8293370e-01   2.7283102e+01  -5.4614764e-03  -3.2899705e-03  -1.8586527e-01  -6.0630523e+01
  5.5822098952009e+00   5.4581026e-01   4.8125848e-01   2.7283099e+01  -5.4775071e-03  -3.2862440e-03  -1.8630097e-01  -6.0630523e+01
  5.5870851876858e+00   5.4815311e-01   4.7994876e-01   2.7283099e+01  -5.4935116e-03  -3.2783364e-03  -1.8635984e-01  -6.0630523e+01
  5.5919604801707e+00   5.5049023e-01   4.7887227e-01   2.7283103e+01  -5.5094550e-03  -3.2609443e-03  -1.8578791e-01  -6.0630523e+01
  5.5968357726556e+00   5.5282229e-01   4.7784110e-01   2.7283110e+01  -5.5252892e-03  -3.2346107e-03  -1.8468533e-01  -6.0630523e+01
  5.6017110651405e+00   5.5514918e-01   4.7673717e-01   2.7283118e+01  -5.5409868e-03  -3.2063978e-03  -1.8349845e-01  -6.0630523e+01
  5.6065863576253e+00   5.5747017e-01   4.7540059e-01   2.7283123e+01  -5.5565600e-03  -3.1846851e-03  -1.8276829e-01  -6.0630523e+01
  5.6114616501103e+00   5.5978383e-01   4.7374592e-01   2.7283123e+01  -5.5720578e-03  -3.1755463e-03  -1.8288035e-01  -6.0630523e+01
  5.6163369425951e+00   5.6208894e-01   4.7193396e-01   2.7283117e+01  -5.5875409e-03  -3.1772855e-03  -1.8368301e-01  -6.0630523e+01
  5.6212122350800e+00   5.6438520e-01   4.7013685e-01   2.7283110e+01  -5.6030457e-03  -3.1834286e-03  -1.8474160e-01  -6.0630523e+01
  5.6260875275649e+00   5.6667301e-01   4.6849230e-01   2.7283103e+01  -5.6185846e-03  -3.1909922e-03  -1.8583052e-01  -6.0630523e+01
  5.6309628200498e+00   5.6895355e-01   4.6716177e-01   2.7283096e+01  -5.6341599e-03  -3.1978826e-03  -1.8676216e-01  -6.0630523e+01
  5.6358381125347e+00   5.7122844e-01   4.6614435e-01   2.7283092e+01  -5.6497608e-03  -3.2013420e-03  -1.8737223e-01  -6.0630523e+01
  5.6407134050196e+00   5.7349874e-01   4.6522785e-01   2.7283089e+01  -5.6653698e-03  -3.2015551e-03  -1.8775384e-01  -6.0630523e+01
  5.6455886975045e+00   5.7576424e-01   4.6414379e-01   2.7283087e+01  -5.6809734e-03  -3.1989608e-03  -1.8803984e-01  -6.0630523e+01
  5.6504639899894e+00   5.7802381e-01   4.6281287e-01   2.7283087e+01  -5.6965516e-03  -3.1908746e-03  -1.8810391e-01  -6.0630523e+01
  5.6553392824743e+00   5.8027650e-01   4.6135709e-01   2.7283088e+01  -5.7120758e-03  -3.1776935e-03  -1.8791798e-01  -6.0630523e+01
  5.6602145749592e+00   5.8252223e-01   4.5999604e-01   2.7283089e+01  -5.7275372e-03  -3.1663899e-03  -1.8780357e-01  -6.0630523e+01
  5.6650898674440e+00   5.8476214e-01   4.5899411e-01   2.7283088e+01  -5.7429598e-03  -3.1618073e-03  -1.8794112e-01  -6.0630523e+01
  5.6699651599289e+00   5.8699829e-01   4.5842821e-01   2.7283085e+01  -5.7583785e-03  -3.1645852e-03  -1.8833843e-01  -6.0630523e+01
  5.6748404524138e+00   5.8923233e-01   4.5806212e-01   2.7283081e+01  -5.7738285e-03  -3.1739116e-03  -1.8904442e-01  -6.0630523e+01
  5.6797157448987e+00   5.9146436e-01   4.5756025e-01   2.7283076e+01  -5.7893255e-03  -3.1819372e-03  -1.8973028e-01  -6.0630523e+01
  5.6845910373836e+00   5.9369325e-01   4.5678707e-01   2.7283075e+01  -5.8048353e-03  -3.1784965e-03  -1.8984591e-01  -6.0630523e+01
  5.6894663298685e+00   5.9591789e-01   4.5584602e-01   2.7283079e+01  -5.8202964e-03  -3.1631770e-03  -1.8932096e-01  -6.0630523e+01
  5.6943416223534e+00   5.9813779e-01   4.5486051e-01   2.7283084e+01  -5.8356678e-03  -3.1431846e-03  -1.8853202e-01  -6.0630523e+01
  5.6992169148383e+00   6.0035291e-01   4.5388467e-01   2.7283089e+01  -5.8509448e-03  -3.1253034e-03  -1.8786255e-01  -6.0630523e+01
  5.7040922073232e+00   6.0256323e-01   4.5287533e-01   2.7283091e+01  -5.8661497e-03  -3.1139364e-03  -1.8759646e-01  -6.0630523e+01
  5.7089674998081e+00   6.0476828e-01   4.5171620e-01   2.7283089e+01  -5.8813192e-03  -3.1103928e-03  -1.8786380e-01  -6.0630523e+01
  5.7138427922930e+00   6.0696729e-01   4.5042077e-01   2.7283084e+01  -5.8964860e-03  -3.1120062e-03  -1.8850180e-01  -6.0630523e+01
  5.7187180847779e+00   6.0916002e-01   4.4917628e-01   2.7283079e+01  -5.9116677e-03  -3.1162916e-03  -1.8928433e-01  -6.0630523e+01
  5.7235933772628e+00   6.1134723e-01   4.4816733e-01   2.7283073e+01  -5.9268773e-03  -3.1234000e-03  -1.9014315e-01  -6.0630523e+01
  5.7284686697476e+00   6.1353026e-01   4.4745144e-01   2.7283067e+01  -5.9421285e-03  -3.1331917e-03  -1.9104437e-01  -6.0630523e+01
  5.7333439622325e+00   6.1571041e-01   4.4695863e-01   2.7283060e+01  -5.9574329e-03  -3.1450790e-03  -1.9198059e-01  -6.0630523e+01
  5.7382192547174e+00   6.1788835e-01   4.4650216e-01   2.7283053e+01  -5.9727985e-03  -3.1578842e-03  -1.9295925e-01  -6.0630523e+01
  5.7430945472023e+00   6.2006368e-01   4.4586943e-01   2.7283047e+01  -5.9882219e-03  -3.1681520e-03  -1.9386133e-01  -6.0630523e+01
  5.7479698396872e+00   6.2223534e-01   4.4500839e-01   2.7283042e+01  -6.0036813e-03  -3.1725791e-03  -1.9450781e-01  -6.0630523e+01
  5.7528451321721e+00   6.2440232e-01   4.4395905e-01   2.7283039e+01  -6.0191472e-03  -3.1712702e-03  -1.9488710e-01  -6.0630523e+01
  5.7577204246570e+00   6.2656375e-01   4.4275214e-01   2.7283038e+01  -6.0345971e-03  -3.1665608e-03  -1.9512813e-01  -6.0630523e+01
  5.7625957171419e+00   6.2871919e-01   4.4153323e-01   2.7283037e+01  -6.0500188e-03  -3.1598157e-03  -1.9525001e-01  -6.0630523e+01
  5.7674710096268e+00   6.3086908e-01   4.4049189e-01   2.7283037e+01  -6.0654032e-03  -3.1514082e-03  -1.9519085e-01  -6.0630523e+01
  5.7723463021117e+00   6.3301448e-01   4.3968673e-01   2.7283039e+01  -6.0807441e-03  -3.1421857e-03  -1.9497603e-01  -6.0630523e+01
  5.7772215945966e+00   6.3515650e-01   4.3908748e-01   2.7283041e+01  -6.0960395e-03  -3.1327547e-03  -1.9465614e-01  -6.0630523e+01
  5.7820968870815e+00   6.3729599e-01   4.3862724e-01   2.7283044e+01  -6.1112886e-03  -3.1231947e-03  -1.9426577e-01  -6.0630523e+01
  5.7869721795663e+00   6.3943326e-01   4.3814231e-01   2.7283047e+01  -6.1264904e-03  -3.1133136e-03  -1.9386551e-01  -6.0630523e+01
  5.7918474720512e+00   6.4156766e-01   4.3743130e-01   2.7283049e+01  -6.1416424e-03  -3.1027212e-03  -1.9351998e-01  -6.0630523e+01
  5.7967227645361e+00   6.4369789e-01   4.3645429e-01   2.7283051e+01  -6.1567400e-03  -3.0909671e-03  -1.9321843e-01  -6.0630523e+01
  5.8015980570210e+00   6.4582291e-01   4.3531793e-01   2.7283054e+01  -6.1717767e-03  -3.0778071e-03  -1.9289805e-01  -6.0630523e+01
  5.8064733495059e+00   6.4794225e-01   4.3414316e-01   2.7283056e+01  -6.1867483e-03  -3.0646557e-03  -1.9259355e-01  -6.0630523e+01
  5.8113486419908e+00   6.5005600e-01   4.3304259e-01   2.7283057e+01  -6.2016600e-03  -3.0533214e-03  -1.9236894e-01  -6.0630523e+01
  5.8162239344757e+00   6.5216465e-01   4.3203252e-01   2.7283059e+01  -6.2165199e-03  -3.0429932e-03  -1.9216646e-01  -6.0630523e+01
  5.8210992269606e+00   6.5426840e-01   4.3102237e-01   2.7283060e+01  -6.2313280e-03  -3.0319960e-03  -1.9192073e-01  -6.0630523e+01
  5.8259745194455e+00   6.5636717e-01   4.2999641e-01   2.7283062e+01  -6.2460812e-03  -3.0206418e-03  -1.9165825e-01  -6.0630523e+01
  5.8308498119304e+00   6.5846119e-01   4.2910768e-01   2.7283064e+01  -6.2607806e-03  -3.0100721e-03  -1.9138318e-01  -6.0630523e+01
  5.8357251044153e+00   6.6055165e-01   4.2855039e-01   2.7283066e+01  -6.2754321e-03  -3.0011230e-03  -1.9106233e-01  -6.0630523e+01
  5.8406003969002e+00   6.6264036e-01   4.2836477e-01   2.7283068e+01  -6.2900479e-03  -2.9957245e-03  -1.9080130e-01  -6.0630523e+01
  5.8454756893850e+00   6.6472879e-01   4.2839176e-01   2.7283068e+01  -6.3046510e-03  -2.9958932e-03  -1.9080003e-01  -6.0630523e+01
  5.8503509818699e+00   6.6681734e-01   4.2836570e-01   2.7283066e+01  -6.3192683e-03  -3.0011307e-03  -1.9114520e-01  -6.0630523e+01
  5.8552262743548e+00   6.6890513e-01   4.2806915e-01   2.7283061e+01  -6.3339202e-03  -3.0096339e-03  -1.9181954e-01  -6.0630523e+01
  5.8601015668397e+00   6.7099071e-01   4.2748055e-01   2.7283055e+01  -6.3486174e-03  -3.0192590e-03  -1.9269791e-01  -6.0630523e+01
  5.8649768593246e+00   6.7307303e-01   4.2678357e-01   2.7283049e+01  -6.3633584e-03  -3.0272985e-03  -1.9352651e-01  -6.0630523e+01
  5.8698521518095e+00   6.7515223e-01   4.2622507e-01   2.7283045e+01  -6.3781332e-03  -3.0334028e-03  -1.9417080e-01  -6.0630523e+01
  5.8747274442944e+00   6.7722933e-01   4.2592334e-01   2.7283041e+01  -6.3929377e-03  -3.0399080e-03  -1.9472503e-01  -6.0630523e+01
  5.8796027367793e+00   6.7930555e-01   4.2583492e-01   2.7283037e+01  -6.4077773e-03  -3.0475879e-03  -1.9525748e-01  -6.0630523e+01
  5.8844780292642e+00   6.8138164e-01   4.2585273e-01   2.7283034e+01  -6.4226537e-03  -3.0546987e-03  -1.9570486e-01  -6.0630523e+01
  5.8893533217491e+00   6.8345781e-01   4.2583910e-01   2.7283031e+01  -6.4375590e-03  -3.0591993e-03  -1.9599945e-01  -6.0630523e+01
  5.8942286142340e+00   6.8553357e-01   4.2568177e-01   2.7283031e+01  -6.4524761e-03  -3.0594471e-03  -1.9608777e-01  -6.0630523e+01
  5.8991039067189e+00   6.8760813e-01   4.2534849e-01   2.7283032e+01  -6.4673832e-03  -3.0555215e-03  -1.9598962e-01  -6.0630523e+01
  5.9039791992037e+00   6.8968058e-01   4.2481864e-01   2.7283032e+01  -6.4822663e-03  -3.0502526e-03  -1.9589569e-01  -6.0630523e+01
  5.9088544916886e+00   6.9174982e-01   4.2402737e-01   2.7283031e+01  -6.4971262e-03  -3.0461263e-03  -1.9599574e-01  -6.0630523e+01
  5.9137297841735e+00   6.9381444e-01   4.2293263e-01   2.7283029e+01  -6.5119693e-03  -3.0432086e-03  -1.9631483e-01  -6.0630523e+01
  5.9186050766584e+00   6.9587308e-01   4.2160548e-01   2.7283026e+01  -6.5267993e-03  -3.0406109e-03  -1.9676468e-01  -6.0630523e+01
  5.9234803691433e+00   6.9792499e-01   4.2020038e-01   2.7283023e+01  -6.5416156e-03  -3.0374752e-03  -1.9721901e-01  -6.0630523e+01
  5.9283556616282e+00   6.9997021e-01   4.1888707e-01   2.7283020e+01  -6.5564163e-03  -3.0346291e-03  -1.9765194e-01  -6.0630523e+01
  5.9332309541131e+00   7.0200963e-01   4.1783938e-01   2.7283015e+01  -6.5712118e-03  -3.0360926e-03  -1.9824307e-01  -6.0630523e+01
  5.9381062465980e+00   7.0404495e-01   4.1721616e-01   2.7283008e+01  -6.5860360e-03  -3.0467749e-03  -1.9923769e-01  -6.0630523e+01
  5.9429815390829e+00   7.0607855e-01   4.1712942e-01   2.7282997e+01  -6.6009425e-03  -3.0697474e-03  -2.0078159e-01  -6.0630523e+01
  5.9478568315678e+00   7.0811317e-01   4.1761288e-01   2.7282981e+01  -6.6159943e-03  -3.1059079e-03  -2.0291143e-01  -6.0630523e+01
  5.9527321240527e+00   7.1015152e-01   4.1863510e-01   2.7282962e+01  -6.6312520e-03  -3.1532304e-03  -2.0549988e-01  -6.0630523e+01
  5.9576074165375e+00   7.1219610e-01   4.2014242e-01   2.7282941e+01  -6.6467588e-03  -3.2069878e-03  -2.0825333e-01  -6.0630523e+01
  5.9624827090224e+00   7.1424905e-01   4.2202792e-01   2.7282920e+01  -6.6625342e-03  -3.2628063e-03  -2.1093126e-01  -6.0630523e+01
  5.9673580015073e+00   7.1631174e-01   4.2409876e-01   2.7282901e+01  -6.6785800e-03  -3.3173444e-03  -2.1340967e-01  -6.0630523e+01
  5.9722332939922e+00   7.1838452e-01   4.2612692e-01   2.7282884e+01  -6.6948800e-03  -3.3665346e-03  -2.1554324e-01  -6.0630523e+01
  5.9771085864771e+00   7.2046666e-01   4.2792120e-01   2.7282871e+01  -6.7113975e-03  -3.4063377e-03  -2.1717707e-01  -6.0630523e+01
  5.9819838789620e+00   7.2255667e-01   4.2935250e-01   2.7282863e+01  -6.7280799e-03  -3.4342737e-03  -2.1822819e-01  -6.0630523e+01
  5.9868591714469e+00   7.2465262e-01   4.3037470e-01   2.7282859e+01  -6.7448673e-03  -3.4500307e-03  -2.1870872e-01  -6.0630523e+01
  5.9917344639318e+00   7.2675267e-01   4.3106324e-01   2.7282858e+01  -6.7617059e-03  -3.4563226e-03  -2.1875760e-01  -6.0630523e+01
  5.9966097564167e+00   7.2885554e-01   4.3156464e-01   2.7282859e+01  -6.7785622e-03  -3.4583593e-03  -2.1863221e-01  -6.0630523e+01
  6.0014850489016e+00   7.3096066e-01   4.3200829e-01   2.7282860e+01  -6.7954288e-03  -3.4612131e-03  -2.1858791e-01  -6.0630523e+01
  6.0063603413865e+00   7.3306801e-01   4.3249227e-01   2.7282858e+01  -6.8123180e-03  -3.4677934e-03  -2.1875840e-01  -6.0630523e+01
  6.0112356338714e+00   7.3517795e-01   4.3306819e-01   2.7282855e+01  -6.8292503e-03  -3.4786312e-03  -2.1915022e-01  -6.0630523e+01
  6.0161109263562e+00   7.3729090e-01   4.3371736e-01   2.7282851e+01  -6.8462428e-03  -3.4919430e-03  -2.1965956e-01  -6.0630523e+01
  6.0209862188411e+00   7.3940709e-01   4.3438894e-01   2.7282848e+01  -6.8632992e-03  -3.5042752e-03  -2.2009448e-01  -6.0630523e+01
  6.0258615113260e+00   7.4152652e-01   4.3503885e-01   2.7282846e+01  -6.8804066e-03  -3.5126193e-03  -2.2028895e-01  -6.0630523e+01
  6.0307368038109e+00   7.4364892e-01   4.3559537e-01   2.7282847e+01  -6.8975424e-03  -3.5161771e-03  -2.2023035e-01  -6.0630523e+01
  6.0356120962958e+00   7.4577357e-01   4.3594676e-01   2.7282848e+01  -6.9146858e-03  -3.5161106e-03  -2.2004869e-01  -6.0630523e+01
  6.0404873887807e+00   7.4789924e-01   4.3602352e-01   2.7282850e+01  -6.9318229e-03  -3.5138832e-03  -2.1987059e-01  -6.0630523e+01
  6.0453626812656e+00   7.5002465e-01   4.3586177e-01   2.7282851e+01  -6.9489451e-03  -3.5100387e-03  -2.1971154e-01  -6.0630523e+01
  6.0502379737505e+00   7.5214894e-01   4.3559138e-01   2.7282853e+01  -6.9660435e-03  -3.5039965e-03  -2.1946950e-01  -6.0630523e+01
  6.0551132662354e+00   7.5427199e-01   4.3538286e-01   2.7282857e+01  -6.9831043e-03  -3.4945320e-03  -2.1898156e-01  -6.0630523e+01
  6.0599885587203e+00   7.5639444e-01   4.3534338e-01   2.7282863e+01  -7.0001088e-03  -3.4810852e-03  -2.1815876e-01  -6.0630523e+01
  6.0648638512052e+00   7.5851703e-01   4.3541572e-01   2.7282872e+01  -7.0170383e-03  -3.4638670e-03  -2.1704370e-01  -6.0630523e+01
  6.0697391436901e+00   7.6063984e-01   4.3539121e-01   2.7282883e+01  -7.0338727e-03  -3.4418754e-03  -2.1567795e-01  -6.0630523e+01
  6.0746144361749e+00   7.6276176e-01   4.3502170e-01   2.7282896e+01  -7.0505827e-03  -3.4126810e-03  -2.1403029e-01  -6.0630523e+01
  6.0794897286598e+00   7.6488058e-01   4.3411819e-01   2.7282911e+01  -7.0671295e-03  -3.3753621e-03  -2.1213049e-01  -6.0630523e+01
  6.0843650211447e+00   7.6699348e-01   4.3261158e-01   2.7282926e+01  -7.0834784e-03  -3.3322635e-03  -2.1015133e-01  -6.0630523e+01
  6.0892403136296e+00   7.6909768e-01   4.3059891e-01   2.7282940e+01  -7.0996108e-03  -3.2872434e-03  -2.0828122e-01  -6.0630523e+01
  6.0941156061145e+00   7.7119128e-01   4.2831709e-01   2.7282953e+01  -7.1155259e-03  -3.2435006e-03  -2.0660459e-01  -6.0630523e+01
  6.0989908985994e+00   7.7327365e-01   4.2603333e-01   2.7282964e+01  -7.1312356e-03  -3.2031681e-03  -2.0512931e-01  -6.0630523e+01
  6.1038661910843e+00   7.7534535e-01   4.2395986e-01   2.7282974e+01  -7.1467597e-03  -3.1672366e-03  -2.0382032e-01  -6.0630523e+01
  6.1087414835692e+00   7.7740776e-01   4.2223063e-01   2.7282983e+01  -7.1621188e-03  -3.1351392e-03  -2.0258111e-01  -6.0630523e+01
  6.1136167760541e+00   7.7946274e-01   4.2089770e-01   2.7282993e+01  -7.1773274e-03  -3.1051137e-03  -2.0127645e-01  -6.0630523e+01
  6.1184920685390e+00   7.8151221e-01   4.1995444e-01   2.7283004e+01  -7.1923916e-03  -3.0757462e-03  -1.9982072e-01  -6.0630523e+01
  6.1233673610239e+00   7.8355799e-01   4.1936247e-01   2.7283015e+01  -7.2073150e-03  -3.0476330e-03  -1.9827386e-01  -6.0630523e+01
  6.1282426535088e+00   7.8560160e-01   4.1903620e-01   2.7283025e+01  -7.2221098e-03  -3.0233402e-03  -1.9684664e-01  -6.0630523e+01
  6.1331179459937e+00   7.8764401e-01   4.1884022e-01   2.7283033e+01  -7.2368007e-03  -3.0049994e-03  -1.9574409e-01  -6.0630523e+01
  6.1379932384785e+00   7.8968552e-01   4.1865577e-01   2.7283039e+01  -7.2514166e-03  -2.9920391e-03  -1.9498577e-01  -6.0630523e+01
  6.1428685309634e+00   7.9172607e-01   4.1844439e-01   2.7283043e+01  -7.2659774e-03  -2.9818102e-03  -1.9441737e-01  -6.0630523e+01
  6.1477438234483e+00   7.9376555e-01   4.1822350e-01   2.7283047e+01  -7.2804894e-03  -2.9716158e-03  -1.9385504e-01  -6.0630523e+01
  6.1526191159332e+00   7.9580396e-01   4.1800380e-01   2.7283052e+01  -7.2949476e-03  -2.9596182e-03  -1.9317389e-01  -6.0630523e+01
  6.1574944084181e+00   7.9784127e-01   4.1776578e-01   2.7283058e+01  -7.3093408e-03  -2.9449675e-03  -1.9232719e-01  -6.0630523e+01
  6.1623697009030e+00   7.9987728e-01   4.1747048e-01   2.7283065e+01  -7.3236560e-03  -2.9277711e-03  -1.9133944e-01  -6.0630523e+01
  6.1672449933879e+00   8.0191166e-01   4.1709842e-01   2.7283072e+01  -7.3378825e-03  -2.9088036e-03  -1.9026948e-01  -6.0630523e+01
  6.1721202858728e+00   8.0394410e-01   4.1668531e-01   2.7283080e+01  -7.3520145e-03  -2.8892627e-03  -1.8917869e-01  -6.0630523e+01
  6.1769955783577e+00   8.0597456e-01   4.1629462e-01   2.7283087e+01  -7.3660529e-03  -2.8706534e-03  -1.8813668e-01  -6.0630523e+01
  6.1818708708426e+00   8.0800327e-01   4.1596881e-01   2.7283093e+01  -7.3800064e-03  -2.8546160e-03  -1.8723220e-01  -6.0630523e+01
  6.1867461633274e+00   8.1003058e-01   4.1571977e-01   2.7283098e+01  -7.3938914e-03  -2.8426281e-03  -1.8655765e-01  -6.0630523e+01
  6.1916214558124e+00   8.1205682e-01   4.1551619e-01   2.7283100e+01  -7.4077303e-03  -2.8356369e-03  -1.8619001e-01  -6.0630523e+01
  6.1964967482972e+00   8.1408199e-01   4.1525842e-01   2.7283100e+01  -7.4215480e-03  -2.8336774e-03  -1.8617685e-01  -6.0630523e+01
  6.2013720407821e+00   8.1610547e-01   4.1481689e-01   2.7283098e+01  -7.4353665e-03  -2.8355069e-03  -1.8649533e-01  -6.0630523e+01
  6.2062473332670e+00   8.1812619e-01   4.1412738e-01   2.7283095e+01  -7.4491985e-03  -2.8386878e-03  -1.8701538e-01  -6.0630523e+01
  6.2111226257519e+00   8.2014301e-01   4.1324229e-01   2.7283091e+01  -7.4630438e-03  -2.8407052e-03  -1.8754909e-01  -6.0630523e+01
  6.2159979182368e+00   8.2215529e-01   4.1229432e-01   2.7283088e+01  -7.4768936e-03  -2.8405755e-03  -1.8797172e-01  -6.0630523e+01
  6.2208732107217e+00   8.2416310e-01   4.1142184e-01   2.7283086e+01  -7.4907391e-03  -2.8392952e-03  -1.8828542e-01  -6.0630523e+01
  6.2257485032066e+00   8.2616705e-01   4.1072118e-01   2.7283084e+01  -7.5045793e-03  -2.8386360e-03  -1.8856282e-01  -6.0630523e+01
  6.2306237956915e+00   8.2816812e-01   4.1023524e-01   2.7283082e+01  -7.5184201e-03  -2.8394967e-03  -1.8884341e-01  -6.0630523e+01
  6.2354990881764e+00   8.3016736e-01   4.0995709e-01   2.7283080e+01  -7.5322671e-03  -2.8408472e-03  -1.8906140e-01  -6.0630523e+01
  6.2403743806613e+00   8.3216568e-01   4.0984454e-01   2.7283080e+01  -7.5461165e-03  -2.8400550e-03  -1.8906058e-01  -6.0630523e+01
  6.2452496731461e+00   8.3416374e-01   4.0983200e-01   2.7283083e+01  -7.5599513e-03  -2.8346889e-03  -1.8870916e-01  -6.0630523e+01
  6.2501249656310e+00   8.3616181e-01   4.0983317e-01   2.7283088e+01  -7.5737464e-03  -2.8240328e-03  -1.8799926e-01  -6.0630523e+01
  6.2550002581159e+00   8.3815972e-01   4.0975554e-01   2.7283094e+01  -7.5874781e-03  -2.8090760e-03  -1.8703905e-01  -6.0630523e+01
  6.2598755506008e+00   8.4015689e-01   4.0952358e-01   2.7283102e+01  -7.6011300e-03  -2.7917144e-03  -1.8598838e-01  -6.0630523e+01
  6.2647508430857e+00   8.4215244e-01   4.0909699e-01   2.7283108e+01  -7.6146953e-03  -2.7738506e-03  -1.8499101e-01  -6.0630523e+01
  6.2696261355706e+00   8.4414543e-01   4.0848650e-01   2.7283114e+01  -7.6281752e-03  -2.7568054e-03  -1.8412907e-01  -6.0630523e+01
  6.2745014280555e+00   8.4613511e-01   4.0775444e-01   2.7283119e+01  -7.6415759e-03  -2.7414659e-03  -1.8343330e-01  -6.0630523e+01
  6.2793767205404e+00   8.4812111e-01   4.0699069e-01   2.7283122e+01  -7.6549077e-03  -2.7285438e-03  -1.8291129e-01  -6.0630523e+01
  6.2842520130253e+00   8.5010349e-01   4.0628645e-01   2.7283125e+01  -7.6681834e-03  -2.7183258e-03  -1.8254220e-01  -6.0630523e+01
  6.2891273055102e+00   8.5208276e-01   4.0571910e-01   2.7283127e+01  -7.6814157e-03  -2.7106338e-03  -1.8228021e-01  -6.0630523e+01
  6.2940025979951e+00   8.5405970e-01   4.0532918e-01   2.7283128e+01  -7.6946163e-03  -2.7052247e-03  -1.8209148e-01  -6.0630523e+01
  6.2988778904800e+00   8.5603517e-01   4.0510178e-01   2.7283129e+01  -7.7077957e-03  -2.7018018e-03  -1.8196317e-01  -6.0630523e+01
  6.3037531829648e+00   8.5800985e-01   4.0499357e-01   2.7283129e+01  -7.7209623e-03  -2.6998119e-03  -1.8187774e-01  -6.0630523e+01
  6.3086284754497e+00   8.5998424e-01   4.0498017e-01   2.7283130e+01  -7.7341217e-03  -2.6987499e-03  -1.8181222e-01  -6.0630523e+01
  6.3135037679346e+00   8.6195880e-01   4.0506023e-01   2.7283130e+01  -7.7472779e-03  -2.6985127e-03  -1.8176031e-01  -6.0630523e+01
  6.3183790604195e+00   8.6393397e-01   4.0522658e-01   2.7283130e+01  -7.7604353e-03  -2.6991835e-03  -1.8173086e-01  -6.0630523e+01
  6.3232543529044e+00   8.6591013e-01   4.0545500e-01   2.7283130e+01  -7.7735978e-03  -2.7004771e-03  -1.8171552e-01  -6.0630523e+01
  6.3281296453893e+00   8.6788747e-01   4.0570344e-01   2.7283131e+01  -7.7867661e-03  -2.7013671e-03  -1.8166410e-01  -6.0630523e+01
  6.3330049378742e+00   8.6986594e-01   4.0591017e-01   2.7283132e+01  -7.7999343e-03  -2.7001906e-03  -1.8149251e-01  -6.0630523e+01
  6.3378802303591e+00   8.7184520e-01   4.0601945e-01   2.7283134e+01  -7.8130876e-03  -2.6951083e-03  -1.8110217e-01  -6.0630523e+01
  6.3427555228440e+00   8.7382468e-01   4.0601087e-01   2.7283139e+01  -7.8262034e-03  -2.6848146e-03  -1.8041431e-01  -6.0630523e+01
  6.3476308153289e+00   8.7580385e-01   4.0589335e-01   2.7283146e+01  -7.8392555e-03  -2.6693129e-03  -1.7942460e-01  -6.0630523e+01
  6.3525061078138e+00   8.7778223e-01   4.0569805e-01   2.7283153e+01  -7.8522216e-03  -2.6499672e-03  -1.7821003e-01  -6.0630523e+01
  6.3573814002987e+00   8.7975957e-01   4.0547836e-01   2.7283162e+01  -7.8650878e-03  -2.6287191e-03  -1.7687694e-01  -6.0630523e+01
  6.3622566927835e+00   8.8173588e-01   4.0527753e-01   2.7283171e+01  -7.8778498e-03  -2.6075284e-03  -1.7553809e-01  -6.0630523e+01
  6.3671319852684e+00   8.8371126e-01   4.0509547e-01   2.7283179e+01  -7.8905126e-03  -2.5882046e-03  -1.7431557e-01  -6.0630523e+01
  6.3720072777533e+00   8.8568575e-01   4.0490191e-01   2.7283185e+01  -7.9030882e-03  -2.5717389e-03  -1.7328945e-01  -6.0630523e+01
  6.3768825702382e+00   8.8765919e-01   4.0466370e-01   2.7283191e+01  -7.9155896e-03  -2.5574103e-03  -1.7242543e-01  -6.0630523e+01
  6.3817578627231e+00   8.8963130e-01   4.0435812e-01   2.7283196e+01  -7.9280219e-03  -2.5429432e-03  -1.7157964e-01  -6.0630523e+01
  6.3866331552080e+00   8.9160176e-01   4.0399003e-01   2.7283202e+01  -7.9403777e-03  -2.5257747e-03  -1.7057654e-01  -6.0630523e+01
  6.3915084476929e+00   8.9357033e-01   4.0358969e-01   2.7283210e+01  -7.9526394e-03  -2.5042552e-03  -1.6929104e-01  -6.0630523e+01
  6.3963837401778e+00   8.9553690e-01   4.0317363e-01   2.7283220e+01  -7.9647840e-03  -2.4779586e-03  -1.6768629e-01  -6.0630523e+01
  6.4012590326627e+00   8.9750140e-01   4.0273614e-01   2.7283232e+01  -7.9767890e-03  -2.4471789e-03  -1.6578336e-01  -6.0630523e+01
  6.4061343251476e+00   8.9946373e-01   4.0228998e-01   2.7283245e+01  -7.9886337e-03  -2.4124818e-03  -1.6361415e-01  -6.0630523e+01
  6.4110096176325e+00   9.0142393e-01   4.0186411e-01   2.7283259e+01  -8.0003017e-03  -2.3750494e-03  -1.6124627e-01  -6.0630523e+01
  6.4158849101174e+00   9.0338209e-01   4.0144921e-01   2.7283273e+01  -8.0117847e-03  -2.3369948e-03  -1.5882674e-01  -6.0630523e+01
  6.4207602026023e+00   9.0533816e-01   4.0099989e-01   2.7283287e+01  -8.0230852e-03  -2.3004384e-03  -1.5651755e-01  -6.0630523e+01
  6.4256354950871e+00   9.0729192e-01   4.0050438e-01   2.7283299e+01  -8.0342134e-03  -2.2661716e-03  -1.5437693e-01  -6.0630523e+01
  6.4305107875720e+00   9.0924323e-01   4.0000933e-01   2.7283310e+01  -8.0451790e-03  -2.2335648e-03  -1.5234405e-01  -6.0630523e+01
  6.4353860800569e+00   9.1119224e-01   3.9955525e-01   2.7283321e+01  -8.0559878e-03  -2.2017154e-03  -1.5034244e-01  -6.0630523e+01
  6.4402613725418e+00   9.1313904e-01   3.9908402e-01   2.7283332e+01  -8.0666436e-03  -2.1709959e-03  -1.4841988e-01  -6.0630523e+01
  6.4451366650267e+00   9.1508309e-01   3.9839000e-01   2.7283340e+01  -8.0771580e-03  -2.1442566e-03  -1.4684727e-01  -6.0630523e+01
  6.4500119575116e+00   9.1702254e-01   3.9715897e-01   2.7283344e+01  -8.0875621e-03  -2.1263373e-03  -1.4607146e-01  -6.0630523e+01
  6.4548872499965e+00   9.1895398e-01   3.9508687e-01   2.7283342e+01  -8.0979107e-03  -2.1215220e-03  -1.4650502e-01  -6.0630523e+01
  6.4597625424814e+00   9.2087279e-01   3.9200038e-01   2.7283332e+01  -8.1082722e-03  -2.1311282e-03  -1.4832710e-01  -6.0630523e+01
  6.4646378349663e+00   9.2277397e-01   3.8789825e-01   2.7283315e+01  -8.1187135e-03  -2.1532972e-03  -1.5145489e-01  -6.0630523e+01
  6.4695131274512e+00   9.2465283e-01   3.8290076e-01   2.7283291e+01  -8.1292873e-03  -2.1845567e-03  -1.5565886e-01  -6.0630523e+01
  6.4743884199361e+00   9.2650541e-01   3.7716524e-01   2.7283262e+01  -8.1400292e-03  -2.2216321e-03  -1.6070774e-01  -6.0630523e+01
  6.4792637124210e+00   9.2832847e-01   3.7083873e-01   2.7283228e+01  -8.1509617e-03  -2.2623936e-03  -1.6644809e-01  -6.0630523e+01
  6.4841390049058e+00   9.3011949e-01   3.6405297e-01   2.7283188e+01  -8.1620997e-03  -2.3056646e-03  -1.7279321e-01  -6.0630523e+01
  6.4890142973907e+00   9.3187650e-01   3.5691470e-01   2.7283144e+01  -8.1734534e-03  -2.3507383e-03  -1.7969428e-01  -6.0630523e+01
  6.4938895898756e+00   9.3359796e-01   3.4948443e-01   2.7283094e+01  -8.1850306e-03  -2.3972512e-03  -1.8714547e-01  -6.0630523e+01
  6.4987648823605e+00   9.3528251e-01   3.4178226e-01   2.7283037e+01  -8.1968374e-03  -2.4448199e-03  -1.9515967e-01  -6.0630523e+01
  6.5036401748454e+00   9.3692886e-01   3.3383198e-01   2.7282975e+01  -8.2088765e-03  -2.4922455e-03  -2.0368292e-01  -6.0630523e+01
  6.5085154673303e+00   9.3853596e-01   3.2570370e-01   2.7282908e+01  -8.2211420e-03  -2.5373194e-03  -2.1254118e-01  -6.0630523e+01
  6.5133907598152e+00   9.4010324e-01   3.1751490e-01   2.7282836e+01  -8.2336160e-03  -2.5775906e-03  -2.2148246e-01  -6.0630523e+01
  6.5182660523001e+00   9.4163071e-01   3.0939806e-01   2.7282764e+01  -8.2462701e-03  -2.6111796e-03  -2.3025418e-01  -6.0630523e+01
  6.5231413447850e+00   9.4311904e-01   3.0146509e-01   2.7282692e+01  -8.2590687e-03  -2.6369909e-03  -2.3864857e-01  -6.0630523e+01
  6.5280166372699e+00   9.4456931e-01   2.9378163e-01   2.7282622e+01  -8.2719722e-03  -2.6544508e-03  -2.4651091e-01  -6.0630523e+01
  6.5328919297548e+00   9.4598278e-01   2.8635635e-01   2.7282556e+01  -8.2849390e-03  -2.6631384e-03  -2.5373009e-01  -6.0630523e+01
  6.5377672222397e+00   9.4736062e-01   2.7914651e-01   2.7282494e+01  -8.2979252e-03  -2.6626899e-03  -2.6023905e-01  -6.0630523e+01
  6.5426425147245e+00   9.4870369e-01   2.7207663e-01   2.7282438e+01  -8.3108859e-03  -2.6530377e-03  -2.6603291e-01  -6.0630523e+01
  6.5475178072094e+00   9.5001249e-01   2.6507414e-01   2.7282388e+01  -8.3237773e-03  -2.6346218e-03  -2.7116479e-01  -6.0630523e+01
  6.5523930996943e+00   9.5128725e-01   2.5811366e-01   2.7282343e+01  -8.3365585e-03  -2.6083058e-03  -2.7569517e-01  -6.0630523e+01
  6.5572683921792e+00   9.5252826e-01   2.5123772e-01   2.7282302e+01  -8.3491938e-03  -2.5751458e-03  -2.7963917e-01  -6.0630523e+01
  6.5621436846641e+00   9.5373615e-01   2.4454333e-01   2.7282268e+01  -8.3616527e-03  -2.5363635e-03  -2.8296723e-01  -6.0630523e+01
  6.5670189771490e+00   9.5491213e-01   2.3815571e-01   2.7282240e+01  -8.3739117e-03  -2.4935829e-03  -2.8565566e-01  -6.0630523e+01
  6.5718942696339e+00   9.5605801e-01   2.3220073e-01   2.7282218e+01  -8.3859564e-03  -2.4488754e-03  -2.8772843e-01  -6.0630523e+01
  6.5767695621188e+00   9.5717616e-01   2.2677396e-01   2.7282202e+01  -8.3977826e-03  -2.4042686e-03  -2.8924723e-01  -6.0630523e+01
  6.5816448546037e+00   9.5826929e-01   2.2191583e-01   2.7282191e+01  -8.4093947e-03  -2.3611254e-03  -2.9027526e-01  -6.0630523e+01
  6.5865201470886e+00   9.5934012e-01   2.1760637e-01   2.7282185e+01  -8.4208014e-03  -2.3199578e-03  -2.9086244e-01  -6.0630523e+01
  6.5913954395735e+00   9.6039119e-01   2.1377562e-01   2.7282183e+01  -8.4320121e-03  -2.2806103e-03  -2.9105297e-01  -6.0630523e+01
  6.5962707320583e+00   9.6142457e-01   2.1031579e-01   2.7282185e+01  -8.4430343e-03  -2.2424881e-03  -2.9089577e-01  -6.0630523e+01
  6.6011460245432e+00   9.6244175e-01   2.0709720e-01   2.7282189e+01  -8.4538723e-03  -2.2048798e-03  -2.9046240e-01  -6.0630523e+01
  6.6060213170281e+00   9.6344357e-01   2.0399785e-01   2.7282196e+01  -8.4645274e-03  -2.1674721e-03  -2.8987264e-01  -6.0630523e+01
  6.6108966095130e+00   9.6443040e-01   2.0093677e-01   2.7282202e+01  -8.4750014e-03  -2.1306861e-03  -2.8929403e-01  -6.0630523e+01
  6.6157719019979e+00   9.6540235e-01   1.9789637e-01   2.7282206e+01  -8.4852996e-03  -2.0955344e-03  -2.8889262e-01  -6.0630523e+01
  6.6206471944828e+00   9.6635964e-01   1.9493101e-01   2.7282207e+01  -8.4954333e-03  -2.0633056e-03  -2.8877668e-01  -6.0630523e+01
  6.6255224869677e+00   9.6730288e-01   1.9215129e-01   2.7282205e+01  -8.5054202e-03  -2.0353596e-03  -2.8898634e-01  -6.0630523e+01
  6.6303977794526e+00   9.6823330e-01   1.8968009e-01   2.7282199e+01  -8.5152840e-03  -2.0128412e-03  -2.8951238e-01  -6.0630523e+01
  6.6352730719375e+00   9.6915266e-01   1.8760895e-01   2.7282191e+01  -8.5250531e-03  -1.9963076e-03  -2.9030409e-01  -6.0630523e+01
  6.6401483644224e+00   9.7006302e-01   1.8598125e-01   2.7282181e+01  -8.5347565e-03  -1.9856159e-03  -2.9127631e-01  -6.0630523e+01
  6.6450236569073e+00   9.7096658e-01   1.8479761e-01   2.7282169e+01  -8.5444212e-03  -1.9801438e-03  -2.9233397e-01  -6.0630523e+01
  6.6498989493922e+00   9.7186543e-01   1.8403201e-01   2.7282158e+01  -8.5540708e-03  -1.9791279e-03  -2.9339939e-01  -6.0630523e+01
  6.6547742418770e+00   9.7276152e-01   1.8364703e-01   2.7282147e+01  -8.5637252e-03  -1.9818911e-03  -2.9442482e-01  -6.0630523e+01
  6.6596495343619e+00   9.7365660e-01   1.8359624e-01   2.7282136e+01  -8.5734012e-03  -1.9877887e-03  -2.9538253e-01  -6.0630523e+01
  6.6645248268468e+00   9.7455215e-01   1.8381981e-01   2.7282127e+01  -8.5831121e-03  -1.9959628e-03  -2.9623637e-01  -6.0630523e+01
  6.6694001193317e+00   9.7544934e-01   1.8424851e-01   2.7282120e+01  -8.5928662e-03  -2.0052457e-03  -2.9692155e-01  -6.0630523e+01
  6.6742754118166e+00   9.7634899e-01   1.8481587e-01   2.7282115e+01  -8.6026657e-03  -2.0143706e-03  -2.9735699e-01  -6.0630523e+01
  6.6791507043015e+00   9.7725164e-01   1.8547001e-01   2.7282114e+01  -8.6125071e-03  -2.0223873e-03  -2.9748746e-01  -6.0630523e+01
  6.6840259967864e+00   9.7815763e-01   1.8617734e-01   2.7282115e+01  -8.6223841e-03  -2.0290599e-03  -2.9733504e-01  -6.0630523e+01
  6.6889012892713e+00   9.7906715e-01   1.8691783e-01   2.7282119e+01  -8.6322914e-03  -2.0349794e-03  -2.9702116e-01  -6.0630523e+01
  6.6937765817562e+00   9.7998035e-01   1.8768566e-01   2.7282122e+01  -8.6422280e-03  -2.0413186e-03  -2.9672752e-01  -6.0630523e+01
  6.6986518742411e+00   9.8089740e-01   1.8850015e-01   2.7282123e+01  -8.6521995e-03  -2.0494108e-03  -2.9661662e-01  -6.0630523e+01
  6.7035271667260e+00   9.8181863e-01   1.8940959e-01   2.7282122e+01  -8.6622171e-03  -2.0603112e-03  -2.9676247e-01  -6.0630523e+01
  6.7084024592109e+00   9.8274468e-01   1.9048091e-01   2.7282118e+01  -8.6722961e-03  -2.0744752e-03  -2.9712205e-01  -6.0630523e+01
  6.7132777516957e+00   9.8367650e-01   1.9178435e-01   2.7282113e+01  -8.6824520e-03  -2.0917099e-03  -2.9755434e-01  -6.0630523e+01
  6.7181530441806e+00   9.8461540e-01   1.9337713e-01   2.7282109e+01  -8.6926984e-03  -2.1113711e-03  -2.9787730e-01  -6.0630523e+01
  6.7230283366655e+00   9.8556284e-01   1.9528531e-01   2.7282109e+01  -8.7030451e-03  -2.1326331e-03  -2.9793704e-01  -6.0630523e+01
  6.7279036291504e+00   9.8652036e-01   1.9748839e-01   2.7282112e+01  -8.7134976e-03  -2.1546884e-03  -2.9766029e-01  -6.0630523e+01
  6.7327789216353e+00   9.8748921e-01   1.9991486e-01   2.7282118e+01  -8.7240582e-03  -2.1767885e-03  -2.9706346e-01  -6.0630523e+01
  6.7376542141202e+00   9.8847024e-01   2.0245798e-01   2.7282128e+01  -8.7347249e-03  -2.1981364e-03  -2.9620881e-01  -6.0630523e+01
  6.7425295066051e+00   9.8946371e-01   2.0500469e-01   2.7282139e+01  -8.7454918e-03  -2.2177395e-03  -2.9513802e-01  -6.0630523e+01
  6.7474047990900e+00   9.9046941e-01   2.0746146e-01   2.7282153e+01  -8.7563473e-03  -2.2343658e-03  -2.9382956e-01  -6.0630523e+01
  6.7522800915749e+00   9.9148673e-01   2.0977243e-01   2.7282171e+01  -8.7672736e-03  -2.2467354e-03  -2.9220150e-01  -6.0630523e+01
  6.7571553840598e+00   9.9251492e-01   2.1192647e-01   2.7282193e+01  -8.7782473e-03  -2.2538350e-03  -2.9014573e-01  -6.0630523e+01
  6.7620306765447e+00   9.9355326e-01   2.1394480e-01   2.7282220e+01  -8.7892409e-03  -2.2550379e-03  -2.8756221e-01  -6.0630523e+01
  6.7669059690296e+00   9.9460116e-01   2.1585733e-01   2.7282253e+01  -8.8002247e-03  -2.2499978e-03  -2.8437769e-01  -6.0630523e+01
  6.7717812615144e+00   9.9565816e-01   2.1768279e-01   2.7282293e+01  -8.8111680e-03  -2.2385970e-03  -2.8056448e-01  -6.0630523e+01
  6.7766565539993e+00   9.9672383e-01   2.1941331e-01   2.7282338e+01  -8.8220400e-03  -2.2210419e-03  -2.7616928e-01  -6.0630523e+01
  6.7815318464842e+00   9.9779761e-01   2.2100631e-01   2.7282386e+01  -8.8328121e-03  -2.1979541e-03  -2.7132905e-01  -6.0630523e+01
  6.7864071389691e+00   9.9887868e-01   2.2239691e-01   2.7282436e+01  -8.8434599e-03  -2.1703729e-03  -2.6624948e-01  -6.0630523e+01
  6.7912824314540e+00   9.9996590e-01   2.2353154e-01   2.7282486e+01  -8.8539647e-03  -2.1396879e-03  -2.6115332e-01  -6.0630523e+01
  6.7961577239389e+00   1.0010580e+00   2.2440572e-01   2.7282532e+01  -8.8643156e-03  -2.1075272e-03  -2.5622645e-01  -6.0630523e+01
  6.8010330164238e+00   1.0021538e+00   2.2508149e-01   2.7282576e+01  -8.8745095e-03  -2.0755789e-03  -2.5158505e-01  -6.0630523e+01
  6.8059083089087e+00   1.0032526e+00   2.2566788e-01   2.7282615e+01  -8.8845513e-03  -2.0452801e-03  -2.4726864e-01  -6.0630523e+01
  6.8107836013936e+00   1.0043543e+00   2.2627350e-01   2.7282651e+01  -8.8944515e-03  -2.0174394e-03  -2.4325029e-01  -6.0630523e+01
  6.8156588938785e+00   1.0054592e+00   2.2696319e-01   2.7282685e+01  -8.9042223e-03  -1.9920632e-03  -2.3946100e-01  -6.0630523e+01
  6.8205341863634e+00   1.0065676e+00   2.2774129e-01   2.7282716e+01  -8.9138744e-03  -1.9685987e-03  -2.3583215e-01  -6.0630523e+01
  6.8254094788482e+00   1.0076800e+00   2.2856280e-01   2.7282746e+01  -8.9234157e-03  -1.9464822e-03  -2.3234481e-01  -6.0630523e+01
  6.8302847713332e+00   1.0087963e+00   2.2936749e-01   2.7282774e+01  -8.9328523e-03  -1.9256655e-03  -2.2905381e-01  -6.0630523e+01
  6.8351600638180e+00   1.0099165e+00   2.3013181e-01   2.7282799e+01  -8.9421921e-03  -1.9068359e-03  -2.2606097e-01  -6.0630523e+01
  6.8400353563029e+00   1.0110404e+00   2.3092521e-01   2.7282821e+01  -8.9514476e-03  -1.8912431e-03  -2.2344224e-01  -6.0630523e+01
  6.8449106487878e+00   1.0121687e+00   2.3194720e-01   2.7282839e+01  -8.9606381e-03  -1.8802570e-03  -2.2116563e-01  -6.0630523e+01
  6.8497859412727e+00   1.0133031e+00   2.3351621e-01   2.7282856e+01  -8.9697889e-03  -1.8747814e-03  -2.1904000e-01  -6.0630523e+01
  6.8546612337576e+00   1.0144474e+00   2.3599538e-01   2.7282875e+01  -8.9789265e-03  -1.8745026e-03  -2.1670687e-01  -6.0630523e+01
  6.8595365262425e+00   1.0156067e+00   2.3967736e-01   2.7282899e+01  -8.9880714e-03  -1.8771053e-03  -2.1367423e-01  -6.0630523e+01
  6.8644118187274e+00   1.0167872e+00   2.4467441e-01   2.7282932e+01  -8.9972268e-03  -1.8779106e-03  -2.0940035e-01  -6.0630523e+01
  6.8692871112123e+00   1.0179952e+00   2.5085097e-01   2.7282977e+01  -9.0063679e-03  -1.8703305e-03  -2.0342032e-01  -6.0630523e+01
  6.8741624036972e+00   1.0192356e+00   2.5781809e-01   2.7283035e+01  -9.0154357e-03  -1.8471792e-03  -1.9547370e-01  -6.0630523e+01
  6.8790376961821e+00   1.0205106e+00   2.6499486e-01   2.7283104e+01  -9.0243385e-03  -1.8026036e-03  -1.8559085e-01  -6.0630523e+01
  6.8839129886669e+00   1.0218198e+00   2.7172085e-01   2.7283180e+01  -9.0329637e-03  -1.7340639e-03  -1.7411538e-01  -6.0630523e+01
  6.8887882811518e+00   1.0231593e+00   2.7738551e-01   2.7283257e+01  -9.0411977e-03  -1.6434991e-03  -1.6165231e-01  -6.0630523e+01
  6.8936635736367e+00   1.0245228e+00   2.8154025e-01   2.7283329e+01  -9.0489468e-03  -1.5370457e-03  -1.4895107e-01  -6.0630523e+01
  6.8985388661216e+00   1.0259022e+00   2.8396378e-01   2.7283393e+01  -9.0561551e-03  -1.4233613e-03  -1.3675732e-01  -6.0630523e+01
  6.9034141586065e+00   1.0272891e+00   2.8466355e-01   2.7283446e+01  -9.0628097e-03  -1.3112089e-03  -1.2567221e-01  -6.0630523e+01
  6.9082894510914e+00   1.0286753e+00   2.8382416e-01   2.7283489e+01  -9.0689361e-03  -1.2072472e-03  -1.1605043e-01  -6.0630523e+01
  6.9131647435763e+00   1.0300542e+00   2.8173399e-01   2.7283522e+01  -9.0745841e-03  -1.1148680e-03  -1.0796541e-01  -6.0630523e+01
  6.9180400360612e+00   1.0314205e+00   2.7871351e-01   2.7283548e+01  -9.0798121e-03  -1.0343735e-03  -1.0125587e-01  -6.0630523e+01
  6.9229153285461e+00   1.0327703e+00   2.7505391e-01   2.7283568e+01  -9.0846743e-03  -9.6410117e-04  -9.5632597e-02  -6.0630523e+01
  6.9277906210310e+00   1.0341011e+00   2.7097207e-01   2.7283584e+01  -9.0892148e-03  -9.0178248e-04  -9.0798504e-02  -6.0630523e+01
  6.9326659135159e+00   1.0354112e+00   2.6658733e-01   2.7283598e+01  -9.0934675e-03  -8.4558531e-04  -8.6540535e-02  -6.0630523e+01
  6.9375412060008e+00   1.0366993e+00   2.6192175e-01   2.7283610e+01  -9.0974595e-03  -7.9464077e-04  -8.2775365e-02  -6.0630523e+01
  6.9424164984856e+00   1.0379638e+00   2.5692195e-01   2.7283620e+01  -9.1012165e-03  -7.4907889e-04  -7.9547828e-02  -6.0630523e+01
  6.9472917909705e+00   1.0392029e+00   2.5149704e-01   2.7283627e+01  -9.1047666e-03  -7.0967597e-04  -7.6989115e-02  -6.0630523e+01
  6.9521670834554e+00   1.0404143e+00   2.4556171e-01   2.7283632e+01  -9.1081419e-03  -6.7728195e-04  -7.5250783e-02  -6.0630523e+01
  6.9570423759403e+00   1.0415954e+00   2.3907137e-01   2.7283634e+01  -9.1113779e-03  -6.5228002e-04  -7.4440404e-02  -6.0630523e+01
  6.9619176684252e+00   1.0427434e+00   2.3204021e-01   2.7283634e+01  -9.1145100e-03  -6.3433091e-04  -7.4585574e-02  -6.0630523e+01
  6.9667929609101e+00   1.0438559e+00   2.2454052e-01   2.7283631e+01  -9.1175705e-03  -6.2249341e-04  -7.5638376e-02  -6.0630523e+01
  6.9716682533950e+00   1.0449310e+00   2.1668739e-01   2.7283625e+01  -9.1205861e-03  -6.1557484e-04  -7.7508494e-02  -6.0630523e+01
  6.9765435458799e+00   1.0459671e+00   2.0861816e-01   2.7283618e+01  -9.1235781e-03  -6.1245619e-04  -8.0098591e-02  -6.0630523e+01
  6.9814188383648e+00   1.0469637e+00   2.0047796e-01   2.7283608e+01  -9.1265624e-03  -6.1224962e-04  -8.3322768e-02  -6.0630523e+01
  6.9862941308497e+00   1.0479207e+00   1.9241651e-01   2.7283596e+01  -9.1295517e-03  -6.1430107e-04  -8.7104494e-02  -6.0630523e+01
  6.9911694233346e+00   1.0488390e+00   1.8458943e-01   2.7283583e+01  -9.1325555e-03  -6.1808706e-04  -9.1357501e-02  -6.0630523e+01
  6.9960447158195e+00   1.0497200e+00   1.7715429e-01   2.7283567e+01  -9.1355810e-03  -6.2307659e-04  -9.5960147e-02  -6.0630523e+01
  7.0009200083043e+00   1.0505660e+00   1.7025894e-01   2.7283549e+01  -9.1386327e-03  -6.2868104e-04  -1.0074449e-01  -6.0630523e+01
  7.0057953007892e+00   1.0513801e+00   1.6402400e-01   2.7283531e+01  -9.1417120e-03  -6.3433357e-04  -1.0551419e-01  -6.0630523e+01
  7.0106705932741e+00   1.0521656e+00   1.5852009e-01   2.7283513e+01  -9.1448181e-03  -6.3958649e-04  -1.1008173e-01  -6.0630523e+01
  7.0155458857590e+00   1.0529261e+00   1.5374809e-01   2.7283496e+01  -9.1479480e-03  -6.4414335e-04  -1.1430700e-01  -6.0630523e+01
  7.0204211782439e+00   1.0536651e+00   1.4963685e-01   2.7283480e+01  -9.1510982e-03  -6.4786729e-04  -1.1812648e-01  -6.0630523e+01
  7.0252964707288e+00   1.0543854e+00   1.4606192e-01   2.7283465e+01  -9.1542643e-03  -6.5078536e-04  -1.2156268e-01  -6.0630523e+01
  7.0301717632137e+00   1.0550894e+00   1.4287552e-01   2.7283450e+01  -9.1574431e-03  -6.5305384e-04  -1.2470689e-01  -6.0630523e+01
  7.0350470556986e+00   1.0557784e+00   1.3993885e-01   2.7283437e+01  -9.1606317e-03  -6.5491508e-04  -1.2768673e-01  -6.0630523e+01
  7.0399223481835e+00   1.0564536e+00   1.3715074e-01   2.7283423e+01  -9.1638290e-03  -6.5669658e-04  -1.3063678e-01  -6.0630523e+01
  7.0447976406684e+00   1.0571155e+00   1.3446256e-01   2.7283408e+01  -9.1670357e-03  -6.5880198e-04  -1.3367560e-01  -6.0630523e+01
  7.0496729331533e+00   1.0577644e+00   1.3187330e-01   2.7283392e+01  -9.1702543e-03  -6.6163013e-04  -1.3688529e-01  -6.0630523e+01
  7.0545482256382e+00   1.0584011e+00   1.2941121e-01   2.7283375e+01  -9.1734892e-03  -6.6546289e-04  -1.4029754e-01  -6.0630523e+01
  7.0594235181231e+00   1.0590261e+00   1.2711337e-01   2.7283356e+01  -9.1767455e-03  -6.7040029e-04  -1.4389335e-01  -6.0630523e+01
  7.0642988106079e+00   1.0596405e+00   1.2500920e-01   2.7283336e+01  -9.1800285e-03  -6.7636719e-04  -1.4761757e-01  -6.0630523e+01
  7.0691741030928e+00   1.0602451e+00   1.2311065e-01   2.7283315e+01  -9.1833429e-03  -6.8317371e-04  -1.5140237e-01  -6.0630523e+01
  7.0740493955777e+00   1.0608409e+00   1.2141081e-01   2.7283294e+01  -9.1866920e-03  -6.9059607e-04  -1.5518994e-01  -6.0630523e+01
  7.0789246880626e+00   1.0614289e+00   1.1988742e-01   2.7283272e+01  -9.1900785e-03  -6.9843357e-04  -1.5894540e-01  -6.0630523e+01
  7.0837999805475e+00   1.0620099e+00   1.1850549e-01   2.7283251e+01  -9.1935038e-03  -7.0651534e-04  -1.6265943e-01  -6.0630523e+01
  7.0886752730324e+00   1.0625844e+00   1.1721774e-01   2.7283228e+01  -9.1969689e-03  -7.1466603e-04  -1.6634339e-01  -6.0630523e+01
  7.0935505655173e+00   1.0631527e+00   1.1596721e-01   2.7283206e+01  -9.2004733e-03  -7.2265313e-04  -1.7001610e-01  -6.0630523e+01
  7.0984258580022e+00   1.0637149e+00   1.1469460e-01   2.7283183e+01  -9.2040156e-03  -7.3013545e-04  -1.7368227e-01  -6.0630523e+01
  7.1033011504871e+00   1.0642707e+00   1.1334855e-01   2.7283159e+01  -9.2075921e-03  -7.3665670e-04  -1.7731433e-01  -6.0630523e+01
  7.1081764429720e+00   1.0648197e+00   1.1189818e-01   2.7283136e+01  -9.2111970e-03  -7.4175460e-04  -1.8085541e-01  -6.0630523e+01
  7.1130517354569e+00   1.0653613e+00   1.1034525e-01   2.7283113e+01  -9.2148226e-03  -7.4518010e-04  -1.8424747e-01  -6.0630523e+01
  7.1179270279418e+00   1.0658952e+00   1.0872656e-01   2.7283091e+01  -9.2184609e-03  -7.4707655e-04  -1.8746622e-01  -6.0630523e+01
  7.1228023204266e+00   1.0664212e+00   1.0709980e-01   2.7283070e+01  -9.2221056e-03  -7.4796667e-04  -1.9054029e-01  -6.0630523e+01
  7.1276776129115e+00   1.0669394e+00   1.0552047e-01   2.7283049e+01  -9.2257537e-03  -7.4857098e-04  -1.9354821e-01  -6.0630523e+01
  7.1325529053964e+00   1.0674500e+00   1.0402486e-01   2.7283027e+01  -9.2294055e-03  -7.4958320e-04  -1.9659627e-01  -6.0630523e+01
  7.1374281978813e+00   1.0679536e+00   1.0262503e-01   2.7283004e+01  -9.2330642e-03  -7.5147358e-04  -1.9978027e-01  -6.0630523e+01
  7.1423034903662e+00   1.0684506e+00   1.0131418e-01   2.7282979e+01  -9.2367348e-03  -7.5436285e-04  -2.0314299e-01  -6.0630523e+01
  7.1471787828511e+00   1.0689414e+00   1.0007870e-01   2.7282953e+01  -9.2404215e-03  -7.5803421e-04  -2.0665148e-01  -6.0630523e+01
  7.1520540753360e+00   1.0694263e+00   9.8910849e-02   2.7282926e+01  -9.2441273e-03  -7.6209012e-04  -2.1020998e-01  -6.0630523e+01
  7.1569293678209e+00   1.0699057e+00   9.7814559e-02   2.7282899e+01  -9.2478530e-03  -7.6616320e-04  -2.1370186e-01  -6.0630523e+01
  7.1618046603058e+00   1.0703800e+00   9.6802736e-02   2.7282872e+01  -9.2515982e-03  -7.7008037e-04  -2.1703937e-01  -6.0630523e+01
  7.1666799527907e+00   1.0708496e+00   9.5889913e-02   2.7282847e+01  -9.2553623e-03  -7.7392112e-04  -2.2019805e-01  -6.0630523e+01
  7.1715552452756e+00   1.0713150e+00   9.5085030e-02   2.7282822e+01  -9.2591454e-03  -7.7795048e-04  -2.2321794e-01  -6.0630523e+01
  7.1764305377605e+00   1.0717768e+00   9.4388118e-02   2.7282798e+01  -9.2629492e-03  -7.8246788e-04  -2.2617162e-01  -6.0630523e+01
  7.1813058302453e+00   1.0722354e+00   9.3792018e-02   2.7282773e+01  -9.2667768e-03  -7.8765793e-04  -2.2911857e-01  -6.0630523e+01
  7.1861811227302e+00   1.0726914e+00   9.3285545e-02   2.7282748e+01  -9.2706313e-03  -7.9350142e-04  -2.3207132e-01  -6.0630523e+01
  7.1910564152151e+00   1.0731451e+00   9.2853168e-02   2.7282724e+01  -9.2745155e-03  -7.9975398e-04  -2.3498893e-01  -6.0630523e+01
  7.1959317077000e+00   1.0735968e+00   9.2470779e-02   2.7282699e+01  -9.2784304e-03  -8.0598357e-04  -2.3779844e-01  -6.0630523e+01
  7.2008070001849e+00   1.0740467e+00   9.2102188e-02   2.7282676e+01  -9.2823744e-03  -8.1166179e-04  -2.4043192e-01  -6.0630523e+01
  7.2056822926698e+00   1.0744947e+00   9.1701341e-02   2.7282655e+01  -9.2863437e-03  -8.1629506e-04  -2.4286118e-01  -6.0630523e+01
  7.2105575851547e+00   1.0749406e+00   9.1220818e-02   2.7282634e+01  -9.2903322e-03  -8.1954943e-04  -2.4511365e-01  -6.0630523e+01
  7.2154328776396e+00   1.0753839e+00   9.0622622e-02   2.7282615e+01  -9.2943327e-03  -8.2130490e-04  -2.4725996e-01  -6.0630523e+01
  7.2203081701245e+00   1.0758239e+00   8.9886874e-02   2.7282596e+01  -9.2983382e-03  -8.2162015e-04  -2.4937935e-01  -6.0630523e+01
  7.2251834626094e+00   1.0762600e+00   8.9016340e-02   2.7282576e+01  -9.3023419e-03  -8.2066027e-04  -2.5152378e-01  -6.0630523e+01
  7.2300587550943e+00   1.0766915e+00   8.8035455e-02   2.7282556e+01  -9.3063381e-03  -8.1864143e-04  -2.5370041e-01  -6.0630523e+01
  7.2349340475792e+00   1.0771181e+00   8.6982424e-02   2.7282536e+01  -9.3103224e-03  -8.1579133e-04  -2.5587763e-01  -6.0630523e+01
  7.2398093400640e+00   1.0775394e+00   8.5895867e-02   2.7282516e+01  -9.3142910e-03  -8.1230996e-04  -2.5800844e-01  -6.0630523e+01
  7.2446846325489e+00   1.0779555e+00   8.4802135e-02   2.7282496e+01  -9.3182415e-03  -8.0835106e-04  -2.6006226e-01  -6.0630523e+01
  7.2495599250338e+00   1.0783661e+00   8.3709978e-02   2.7282477e+01  -9.3221717e-03  -8.0404596e-04  -2.6205198e-01  -6.0630523e+01
  7.2544352175187e+00   1.0787715e+00   8.2614342e-02   2.7282458e+01  -9.3260804e-03  -7.9953877e-04  -2.6403869e-01  -6.0630523e+01
  7.2593105100036e+00   1.0791715e+00   8.1505395e-02   2.7282438e+01  -9.3299668e-03  -7.9497448e-04  -2.6610314e-01  -6.0630523e+01
  7.2641858024885e+00   1.0795660e+00   8.0377611e-02   2.7282416e+01  -9.3338311e-03  -7.9043656e-04  -2.6829635e-01  -6.0630523e+01
  7.2690610949734e+00   1.0799550e+00   7.9236302e-02   2.7282394e+01  -9.3376733e-03  -7.8590779e-04  -2.7060129e-01  -6.0630523e+01
  7.2739363874583e+00   1.0803384e+00   7.8100856e-02   2.7282370e+01  -9.3414934e-03  -7.8131659e-04  -2.7293130e-01  -6.0630523e+01
  7.2788116799432e+00   1.0807164e+00   7.7002829e-02   2.7282348e+01  -9.3452907e-03  -7.7663293e-04  -2.7516352e-01  -6.0630523e+01
  7.2836869724281e+00   1.0810892e+00   7.5976813e-02   2.7282327e+01  -9.3490652e-03  -7.7191479e-04  -2.7718499e-01  -6.0630523e+01
  7.2885622649130e+00   1.0814572e+00   7.5046387e-02   2.7282310e+01  -9.3528167e-03  -7.6726016e-04  -2.7892921e-01  -6.0630523e+01
  7.2934375573978e+00   1.0818210e+00   7.4212762e-02   2.7282295e+01  -9.3565458e-03  -7.6271948e-04  -2.8039298e-01  -6.0630523e+01
  7.2983128498827e+00   1.0821808e+00   7.3453106e-02   2.7282282e+01  -9.3602530e-03  -7.5824714e-04  -2.8163155e-01  -6.0630523e+01
  7.3031881423676e+00   1.0825371e+00   7.2728897e-02   2.7282271e+01  -9.3639383e-03  -7.5370646e-04  -2.8273251e-01  -6.0630523e+01
  7.3080634348525e+00   1.0828899e+00   7.1998800e-02   2.7282260e+01  -9.3676009e-03  -7.4889426e-04  -2.8377595e-01  -6.0630523e+01
  7.3129387273374e+00   1.0832390e+00   7.1230364e-02   2.7282249e+01  -9.3712389e-03  -7.4357382e-04  -2.8479942e-01  -6.0630523e+01
  7.3178140198223e+00   1.0835842e+00   7.0406899e-02   2.7282239e+01  -9.3748491e-03  -7.3752744e-04  -2.8578733e-01  -6.0630523e+01
  7.3226893123072e+00   1.0839252e+00   6.9526659e-02   2.7282229e+01  -9.3784277e-03  -7.3060554e-04  -2.8668928e-01  -6.0630523e+01
  7.3275646047921e+00   1.0842619e+00   6.8593875e-02   2.7282221e+01  -9.3819702e-03  -7.2272661e-04  -2.8745405e-01  -6.0630523e+01
  7.3324398972770e+00   1.0845938e+00   6.7607106e-02   2.7282215e+01  -9.3854717e-03  -7.1383221e-04  -2.8806031e-01  -6.0630523e+01
  7.3373151897619e+00   1.0849208e+00   6.6553518e-02   2.7282210e+01  -9.3889272e-03  -7.0385673e-04  -2.8853121e-01  -6.0630523e+01
  7.3421904822468e+00   1.0852424e+00   6.5413344e-02   2.7282206e+01  -9.3923312e-03  -6.9275121e-04  -2.8892852e-01  -6.0630523e+01
  7.3470657747317e+00   1.0855583e+00   6.4171394e-02   2.7282201e+01  -9.3956782e-03  -6.8054181e-04  -2.8932952e-01  -6.0630523e+01
  7.3519410672165e+00   1.0858678e+00   6.2828926e-02   2.7282196e+01  -9.3989632e-03  -6.6738177e-04  -2.8979710e-01  -6.0630523e+01
  7.3568163597014e+00   1.0861705e+00   6.1409813e-02   2.7282190e+01  -9.4021823e-03  -6.5356651e-04  -2.9035630e-01  -6.0630523e+01
  7.3616916521863e+00   1.0864663e+00   5.9957106e-02   2.7282184e+01  -9.4053332e-03  -6.3949011e-04  -2.9098614e-01  -6.0630523e+01
  7.3665669446712e+00   1.0867549e+00   5.8519909e-02   2.7282177e+01  -9.4084156e-03  -6.2554058e-04  -2.9162910e-01  -6.0630523e+01
  7.3714422371561e+00   1.0870367e+00   5.7135889e-02   2.7282171e+01  -9.4114310e-03  -6.1197177e-04  -2.9221421e-01  -6.0630523e+01
  7.3763175296410e+00   1.0873119e+00   5.5817505e-02   2.7282166e+01  -9.4143812e-03  -5.9881188e-04  -2.9268390e-01  -6.0630523e+01
  7.3811928221259e+00   1.0875808e+00   5.4547839e-02   2.7282162e+01  -9.4172679e-03  -5.8584710e-04  -2.9301207e-01  -6.0630523e+01
  7.3860681146108e+00   1.0878436e+00   5.3287172e-02   2.7282160e+01  -9.4200911e-03  -5.7268484e-04  -2.9320527e-01  -6.0630523e+01
  7.3909434070957e+00   1.0881002e+00   5.1987957e-02   2.7282159e+01  -9.4228487e-03  -5.5888100e-04  -2.9328870e-01  -6.0630523e+01
  7.3958186995806e+00   1.0883502e+00   5.0613540e-02   2.7282159e+01  -9.4255366e-03  -5.4410194e-04  -2.9328665e-01  -6.0630523e+01
  7.4006939920655e+00   1.0885933e+00   4.9154534e-02   2.7282160e+01  -9.4281498e-03  -5.2827561e-04  -2.9320794e-01  -6.0630523e+01
  7.4055692845504e+00   1.0888291e+00   4.7637056e-02   2.7282162e+01  -9.4306837e-03  -5.1167774e-04  -2.9304235e-01  -6.0630523e+01
  7.4104445770352e+00   1.0890575e+00   4.6119698e-02   2.7282165e+01  -9.4331360e-03  -4.9491377e-04  -2.9276686e-01  -6.0630523e+01
  7.4153198695201e+00   1.0892787e+00   4.4680230e-02   2.7282169e+01  -9.4355078e-03  -4.7879508e-04  -2.9235678e-01  -6.0630523e+01
  7.4201951620050e+00   1.0894932e+00   4.3396392e-02   2.7282175e+01  -9.4378044e-03  -4.6414892e-04  -2.9179827e-01  -6.0630523e+01
  7.4250704544899e+00   1.0897020e+00   4.2326286e-02   2.7282183e+01  -9.4400348e-03  -4.5161776e-04  -2.9109849e-01  -6.0630523e+01
  7.4299457469748e+00   1.0899062e+00   4.1492976e-02   2.7282191e+01  -9.4422100e-03  -4.4149308e-04  -2.9028765e-01  -6.0630523e+01
  7.4348210394597e+00   1.0901068e+00   4.0876539e-02   2.7282201e+01  -9.4443418e-03  -4.3361470e-04  -2.8940716e-01  -6.0630523e+01
  7.4396963319446e+00   1.0903049e+00   4.0415342e-02   2.7282210e+01  -9.4464396e-03  -4.2735907e-04  -2.8848698e-01  -6.0630523e+01
  7.4445716244295e+00   1.0905009e+00   4.0016284e-02   2.7282220e+01  -9.4485089e-03  -4.2172726e-04  -2.8752435e-01  -6.0630523e+01
  7.4494469169144e+00   1.0906949e+00   3.9571138e-02   2.7282231e+01  -9.4505497e-03  -4.1551631e-04  -2.8647678e-01  -6.0630523e+01
  7.4543222093993e+00   1.0908864e+00   3.8974519e-02   2.7282244e+01  -9.4525563e-03  -4.0753309e-04  -2.8527401e-01  -6.0630523e+01
  7.4591975018842e+00   1.0910745e+00   3.8139369e-02   2.7282259e+01  -9.4545174e-03  -3.9680377e-04  -2.8384589e-01  -6.0630523e+01
  7.4640727943691e+00   1.0912577e+00   3.7007351e-02   2.7282276e+01  -9.4564179e-03  -3.8273702e-04  -2.8215846e-01  -6.0630523e+01
  7.4689480868539e+00   1.0914346e+00   3.5552536e-02   2.7282296e+01  -9.4582411e-03  -3.6519890e-04  -2.8024624e-01  -6.0630523e+01
  7.4738233793388e+00   1.0916036e+00   3.3777888e-02   2.7282317e+01  -9.4599705e-03  -3.4446860e-04  -2.7822645e-01  -6.0630523e+01
  7.4786986718237e+00   1.0917631e+00   3.1706755e-02   2.7282337e+01  -9.4615920e-03  -3.2109118e-04  -2.7628553e-01  -6.0630523e+01
  7.4835739643086e+00   1.0919119e+00   2.9374352e-02   2.7282353e+01  -9.4630941e-03  -2.9570199e-04  -2.7464253e-01  -6.0630523e+01
  7.4884492567935e+00   1.0920488e+00   2.6824057e-02   2.7282365e+01  -9.4644687e-03  -2.6890952e-04  -2.7350402e-01  -6.0630523e+01
  7.4933245492784e+00   1.0921728e+00   2.4110006e-02   2.7282369e+01  -9.4657104e-03  -2.4127852e-04  -2.7302564e-01  -6.0630523e+01
  7.4981998417633e+00   1.0922833e+00   2.1303827e-02   2.7282367e+01  -9.4668164e-03  -2.1340186e-04  -2.7328929e-01  -6.0630523e+01
  7.5030751342482e+00   1.0923801e+00   1.8501139e-02   2.7282357e+01  -9.4677874e-03  -1.8601306e-04  -2.7430066e-01  -6.0630523e+01
  7.5079504267331e+00   1.0924634e+00   1.5822214e-02   2.7282339e+01  -9.4686281e-03  -1.6006800e-04  -2.7600622e-01  -6.0630523e+01
  7.5128257192180e+00   1.0925343e+00   1.3403232e-02   2.7282316e+01  -9.4693484e-03  -1.3673385e-04  -2.7832213e-01  -6.0630523e+01
  7.5177010117029e+00   1.0925944e+00   1.1379146e-02   2.7282287e+01  -9.4699642e-03  -1.1727105e-04  -2.8116542e-01  -6.0630523e+01
  7.5225763041877e+00   1.0926458e+00   9.8636229e-03   2.7282252e+01  -9.4704974e-03  -1.0285133e-04  -2.8448128e-01  -6.0630523e+01
  7.5274515966726e+00   1.0926913e+00   8.9346469e-03   2.7282213e+01  -9.4709749e-03  -9.4401088e-05  -2.8825656e-01  -6.0630523e+01
  7.5323268891575e+00   1.0927339e+00   8.6307703e-03   2.7282167e+01  -9.4714277e-03  -9.2536079e-05  -2.9250979e-01  -6.0630523e+01
  7.5372021816424e+00   1.0927765e+00   8.9557767e-03   2.7282116e+01  -9.4718887e-03  -9.7580345e-05  -2.9726046e-01  -6.0630523e+01
  7.5420774741273e+00   1.0928223e+00   9.8899736e-03   2.7282059e+01  -9.4723920e-03  -1.0965534e-04  -3.0249052e-01  -6.0630523e+01
  7.5469527666122e+00   1.0928741e+00   1.1405782e-02   2.7281996e+01  -9.4729720e-03  -1.2881325e-04  -3.0811411e-01  -6.0630523e+01
  7.5518280590971e+00   1.0929347e+00   1.3477408e-02   2.7281929e+01  -9.4736633e-03  -1.5510472e-04  -3.1397403e-01  -6.0630523e+01
  7.5567033515820e+00   1.0930067e+00   1.6076443e-02   2.7281860e+01  -9.4745007e-03  -1.8849101e-04  -3.1987085e-01  -6.0630523e+01
  7.5615786440669e+00   1.0930927e+00   1.9158541e-02   2.7281793e+01  -9.4755182e-03  -2.2865583e-04  -3.2560626e-01  -6.0630523e+01
  7.5664539365518e+00   1.0931948e+00   2.2651389e-02   2.7281727e+01  -9.4767471e-03  -2.7483809e-04  -3.3101978e-01  -6.0630523e+01
  7.5713292290367e+00   1.0933147e+00   2.6450060e-02   2.7281666e+01  -9.4782137e-03  -3.2576477e-04  -3.3600701e-01  -6.0630523e+01
  7.5762045215216e+00   1.0934536e+00   3.0423863e-02   2.7281610e+01  -9.4799370e-03  -3.7974112e-04  -3.4052051e-01  -6.0630523e+01
  7.5810798140064e+00   1.0936120e+00   3.4430694e-02   2.7281560e+01  -9.4819271e-03  -4.3484368e-04  -3.4455343e-01  -6.0630523e+01
  7.5859551064913e+00   1.0937898e+00   3.8338793e-02   2.7281514e+01  -9.4841847e-03  -4.8922810e-04  -3.4812999e-01  -6.0630523e+01
  7.5908303989762e+00   1.0939861e+00   4.2051422e-02   2.7281473e+01  -9.4867026e-03  -5.4154568e-04  -3.5133566e-01  -6.0630523e+01
  7.5957056914611e+00   1.0942000e+00   4.5504234e-02   2.7281435e+01  -9.4894685e-03  -5.9091735e-04  -3.5427634e-01  -6.0630523e+01
  7.6005809839460e+00   1.0944299e+00   4.8651212e-02   2.7281399e+01  -9.4924663e-03  -6.3672535e-04  -3.5704677e-01  -6.0630523e+01
  7.6054562764309e+00   1.0946743e+00   5.1458996e-02   2.7281364e+01  -9.4956776e-03  -6.7857002e-04  -3.5974887e-01  -6.0630523e+01
  7.6103315689158e+00   1.0949315e+00   5.3907698e-02   2.7281327e+01  -9.4990827e-03  -7.1637670e-04  -3.6254019e-01  -6.0630523e+01
  7.6152068614007e+00   1.0951997e+00   5.5987315e-02   2.7281286e+01  -9.5026622e-03  -7.5032035e-04  -3.6561325e-01  -6.0630523e+01
  7.6200821538856e+00   1.0954771e+00   5.7703441e-02   2.7281238e+01  -9.5063982e-03  -7.8073685e-04  -3.6911955e-01  -6.0630523e+01
  7.6249574463705e+00   1.0957620e+00   5.9095452e-02   2.7281183e+01  -9.5102750e-03  -8.0833918e-04  -3.7316661e-01  -6.0630523e+01
  7.6298327388554e+00   1.0960531e+00   6.0237943e-02   2.7281120e+01  -9.5142814e-03  -8.3418063e-04  -3.7779148e-01  -6.0630523e+01
  7.6347080313403e+00   1.0963494e+00   6.1265302e-02   2.7281048e+01  -9.5184128e-03  -8.5996937e-04  -3.8293887e-01  -6.0630523e+01
  7.6395833238251e+00   1.0966507e+00   6.2319669e-02   2.7280968e+01  -9.5226742e-03  -8.8769000e-04  -3.8859389e-01  -6.0630523e+01
  7.6444586163100e+00   1.0969574e+00   6.3498610e-02   2.7280880e+01  -9.5270786e-03  -9.1876635e-04  -3.9472919e-01  -6.0630523e+01
  7.6493339087949e+00   1.0972704e+00   6.4892023e-02   2.7280785e+01  -9.5316456e-03  -9.5447233e-04  -4.0126279e-01  -6.0630523e+01
  7.6542092012798e+00   1.0975909e+00   6.6571119e-02   2.7280683e+01  -9.5364010e-03  -9.9596351e-04  -4.0814343e-01  -6.0630523e+01
  7.6590844937647e+00   1.0979203e+00   6.8546990e-02   2.7280574e+01  -9.5413739e-03  -1.0435335e-03  -4.1530918e-01  -6.0630523e+01
  7.6639597862496e+00   1.0982601e+00   7.0853986e-02   2.7280463e+01  -9.5465949e-03  -1.0975778e-03  -4.2259346e-01  -6.0630523e+01
  7.6688350787345e+00   1.0986121e+00   7.3493030e-02   2.7280349e+01  -9.5520956e-03  -1.1579616e-03  -4.2983120e-01  -6.0630523e+01
  7.6737103712194e+00   1.0989776e+00   7.6398280e-02   2.7280238e+01  -9.5579042e-03  -1.2234540e-03  -4.3686998e-01  -6.0630523e+01
  7.6785856637043e+00   1.0993579e+00   7.9527033e-02   2.7280130e+01  -9.5640426e-03  -1.2929765e-03  -4.4352928e-01  -6.0630523e+01
  7.6834609561892e+00   1.0997538e+00   8.2805247e-02   2.7280029e+01  -9.5705272e-03  -1.3650577e-03  -4.4971564e-01  -6.0630523e+01
  7.6883362486741e+00   1.1001658e+00   8.6088900e-02   2.7279934e+01  -9.5773644e-03  -1.4371539e-03  -4.5540671e-01  -6.0630523e+01
  7.6932115411590e+00   1.1005936e+00   8.9253783e-02   2.7279848e+01  -9.5845479e-03  -1.5069012e-03  -4.6057473e-01  -6.0630523e+01
  7.6980868336438e+00   1.1010363e+00   9.2212571e-02   2.7279768e+01  -9.5920623e-03  -1.5727425e-03  -4.6527334e-01  -6.0630523e+01
  7.7029621261287e+00   1.1014926e+00   9.4855771e-02   2.7279693e+01  -9.5998842e-03  -1.6329652e-03  -4.6962656e-01  -6.0630523e+01
  7.7078374186136e+00   1.1019609e+00   9.7118894e-02   2.7279624e+01  -9.6079824e-03  -1.6861873e-03  -4.7363137e-01  -6.0630523e+01
  7.7127127110985e+00   1.1024393e+00   9.9014919e-02   2.7279561e+01  -9.6163221e-03  -1.7323543e-03  -4.7728023e-01  -6.0630523e+01
  7.7175880035834e+00   1.1029261e+00   1.0057832e-01   2.7279502e+01  -9.6248702e-03  -1.7719823e-03  -4.8060852e-01  -6.0630523e+01
  7.7224632960683e+00   1.1034198e+00   1.0186809e-01   2.7279450e+01  -9.6335964e-03  -1.8057560e-03  -4.8356681e-01  -6.0630523e+01
  7.7273385885532e+00   1.1039193e+00   1.0296029e-01   2.7279405e+01  -9.6424746e-03  -1.8347133e-03  -4.8610861e-01  -6.0630523e+01
  7.7322138810381e+00   1.1044237e+00   1.0392462e-01   2.7279366e+01  -9.6514844e-03  -1.8600656e-03  -4.8825206e-01  -6.0630523e+01
  7.7370891735230e+00   1.1049326e+00   1.0481738e-01   2.7279334e+01  -9.6606114e-03  -1.8829577e-03  -4.9005072e-01  -6.0630523e+01
  7.7419644660079e+00   1.1054458e+00   1.0565746e-01   2.7279307e+01  -9.6698448e-03  -1.9039752e-03  -4.9158028e-01  -6.0630523e+01
  7.7468397584928e+00   1.1059630e+00   1.0647294e-01   2.7279282e+01  -9.6791781e-03  -1.9240425e-03  -4.9295620e-01  -6.0630523e+01
  7.7517150509777e+00   1.1064840e+00   1.0724163e-01   2.7279257e+01  -9.6886073e-03  -1.9433777e-03  -4.9434066e-01  -6.0630523e+01
  7.7565903434626e+00   1.1070087e+00   1.0795092e-01   2.7279228e+01  -9.6981298e-03  -1.9624655e-03  -4.9591561e-01  -6.0630523e+01
  7.7614656359474e+00   1.1075366e+00   1.0861615e-01   2.7279192e+01  -9.7077473e-03  -1.9825041e-03  -4.9791037e-01  -6.0630523e+01
  7.7663409284323e+00   1.1080678e+00   1.0927656e-01   2.7279144e+01  -9.7174679e-03  -2.0050614e-03  -5.0053150e-01  -6.0630523e+01
  7.7712162209172e+00   1.1086024e+00   1.1004699e-01   2.7279081e+01  -9.7273104e-03  -2.0329112e-03  -5.0392975e-01  -6.0630523e+01
  7.7760915134021e+00   1.1091414e+00   1.1110005e-01   2.7279001e+01  -9.7373104e-03  -2.0700893e-03  -5.0828030e-01  -6.0630523e+01
  7.7809668058870e+00   1.1096867e+00   1.1261672e-01   2.7278898e+01  -9.7475243e-03  -2.1209582e-03  -5.1375497e-01  -6.0630523e+01
  7.7858420983719e+00   1.1102410e+00   1.1482876e-01   2.7278772e+01  -9.7580314e-03  -2.1906753e-03  -5.2041781e-01  -6.0630523e+01
  7.7907173908568e+00   1.1108083e+00   1.1799720e-01   2.7278621e+01  -9.7689380e-03  -2.2849709e-03  -5.2824013e-01  -6.0630523e+01
  7.7955926833417e+00   1.1113941e+00   1.2236860e-01   2.7278448e+01  -9.7803780e-03  -2.4093928e-03  -5.3710263e-01  -6.0630523e+01
  7.8004679758266e+00   1.1120046e+00   1.2814910e-01   2.7278256e+01  -9.7925107e-03  -2.5686179e-03  -5.4676482e-01  -6.0630523e+01
  7.8053432683115e+00   1.1126472e+00   1.3547685e-01   2.7278051e+01  -9.8055144e-03  -2.7658537e-03  -5.5690031e-01  -6.0630523e+01
  7.8102185607964e+00   1.1133295e+00   1.4442014e-01   2.7277841e+01  -9.8195788e-03  -3.0024339e-03  -5.6709486e-01  -6.0630523e+01
  7.8150938532813e+00   1.1140595e+00   1.5494735e-01   2.7277636e+01  -9.8348934e-03  -3.2770068e-03  -5.7689919e-01  -6.0630523e+01
  7.8199691457661e+00   1.1148446e+00   1.6692742e-01   2.7277444e+01  -9.8516343e-03  -3.5855563e-03  -5.8591216e-01  -6.0630523e+01
  7.8248444382510e+00   1.1156912e+00   1.8013565e-01   2.7277273e+01  -9.8699516e-03  -3.9214444e-03  -5.9380979e-01  -6.0630523e+01
  7.8297197307359e+00   1.1166047e+00   1.9427146e-01   2.7277129e+01  -9.8899569e-03  -4.2758479e-03  -6.0036021e-01  -6.0630523e+01
  7.8345950232208e+00   1.1175888e+00   2.0900983e-01   2.7277018e+01  -9.9117162e-03  -4.6390043e-03  -6.0541747e-01  -6.0630523e+01
  7.8394703157057e+00   1.1186455e+00   2.2396423e-01   2.7276938e+01  -9.9352457e-03  -5.0003035e-03  -6.0899444e-01  -6.0630523e+01
  7.8443456081906e+00   1.1197747e+00   2.3874733e-01   2.7276888e+01  -9.9605106e-03  -5.3498051e-03  -6.1121536e-01  -6.0630523e+01
  7.8492209006755e+00   1.1209749e+00   2.5301584e-01   2.7276865e+01  -9.9874319e-03  -5.6792772e-03  -6.1226553e-01  -6.0630523e+01
  7.8540961931604e+00   1.1222427e+00   2.6643968e-01   2.7276861e+01  -1.0015895e-02  -5.9823745e-03  -6.1244779e-01  -6.0630523e+01
  7.8589714856453e+00   1.1235731e+00   2.7874862e-01   2.7276868e+01  -1.0045761e-02  -6.2552806e-03  -6.1210874e-01  -6.0630523e+01
  7.8638467781302e+00   1.1249604e+00   2.8978013e-01   2.7276880e+01  -1.0076880e-02  -6.4973772e-03  -6.1159534e-01  -6.0630523e+01
  7.8687220706151e+00   1.1263980e+00   2.9940982e-01   2.7276886e+01  -1.0109103e-02  -6.7100245e-03  -6.1129784e-01  -6.0630523e+01
  7.8735973631000e+00   1.1278789e+00   3.0757197e-01   2.7276880e+01  -1.0142296e-02  -6.8962358e-03  -6.1158953e-01  -6.0630523e+01
  7.8784726555848e+00   1.1293958e+00   3.1423638e-01   2.7276853e+01  -1.0176337e-02  -7.0595826e-03  -6.1279727e-01  -6.0630523e+01
  7.8833479480697e+00   1.1309414e+00   3.1938817e-01   2.7276799e+01  -1.0211124e-02  -7.2031887e-03  -6.1517600e-01  -6.0630523e+01
  7.8882232405546e+00   1.1325083e+00   3.2305474e-01   2.7276716e+01  -1.0246566e-02  -7.3297309e-03  -6.1887649e-01  -6.0630523e+01
  7.8930985330395e+00   1.1340895e+00   3.2530313e-01   2.7276600e+01  -1.0282588e-02  -7.4414346e-03  -6.2396274e-01  -6.0630523e+01
  7.8979738255244e+00   1.1356784e+00   3.2624690e-01   2.7276452e+01  -1.0319120e-02  -7.5399495e-03  -6.3039087e-01  -6.0630523e+01
  7.9028491180093e+00   1.1372689e+00   3.2605301e-01   2.7276275e+01  -1.0356103e-02  -7.6267230e-03  -6.3802077e-01  -6.0630523e+01
  7.9077244104942e+00   1.1388559e+00   3.2489528e-01   2.7276071e+01  -1.0393481e-02  -7.7024220e-03  -6.4664471e-01  -6.0630523e+01
  7.9125997029791e+00   1.1404352e+00   3.2295070e-01   2.7275849e+01  -1.0431199e-02  -7.7667297e-03  -6.5596435e-01  -6.0630523e+01
  7.9174749954640e+00   1.1420035e+00   3.2037290e-01   2.7275616e+01  -1.0469199e-02  -7.8178941e-03  -6.6559273e-01  -6.0630523e+01
  7.9223502879489e+00   1.1435578e+00   3.1727820e-01   2.7275382e+01  -1.0507409e-02  -7.8529837e-03  -6.7509564e-01  -6.0630523e+01
  7.9272255804338e+00   1.1450959e+00   3.1374503e-01   2.7275160e+01  -1.0545741e-02  -7.8680035e-03  -6.8399826e-01  -6.0630523e+01
  7.9321008729187e+00   1.1466157e+00   3.0981740e-01   2.7274963e+01  -1.0584087e-02  -7.8584781e-03  -6.9182590e-01  -6.0630523e+01
  7.9369761654035e+00   1.1481155e+00   3.0551123e-01   2.7274802e+01  -1.0622315e-02  -7.8200171e-03  -6.9813937e-01  -6.0630523e+01
  7.9418514578884e+00   1.1495933e+00   3.0081541e-01   2.7274689e+01  -1.0660274e-02  -7.7483009e-03  -7.0253215e-01  -6.0630523e+01
  7.9467267503733e+00   1.1510471e+00   2.9570901e-01   2.7274635e+01  -1.0697791e-02  -7.6397579e-03  -7.0465085e-01  -6.0630523e+01
  7.9516020428582e+00   1.1524750e+00   2.9016961e-01   2.7274645e+01  -1.0734682e-02  -7.4922435e-03  -7.0423736e-01  -6.0630523e+01
  7.9564773353431e+00   1.1538748e+00   2.8417116e-01   2.7274725e+01  -1.0770753e-02  -7.3050351e-03  -7.0113668e-01  -6.0630523e+01
  7.9613526278280e+00   1.1552441e+00   2.7771047e-01   2.7274875e+01  -1.0805814e-02  -7.0794461e-03  -6.9529610e-01  -6.0630523e+01
  7.9662279203129e+00   1.1565808e+00   2.7079439e-01   2.7275090e+01  -1.0839685e-02  -6.8186370e-03  -6.8679022e-01  -6.0630523e+01
  7.9711032127978e+00   1.1578826e+00   2.6341281e-01   2.7275364e+01  -1.0872204e-02  -6.5267034e-03  -6.7581457e-01  -6.0630523e+01
  7.9759785052827e+00   1.1591472e+00   2.5556638e-01   2.7275688e+01  -1.0903232e-02  -6.2086810e-03  -6.6263038e-01  -6.0630523e+01
  7.9808537977676e+00   1.1603725e+00   2.4726693e-01   2.7276050e+01  -1.0932656e-02  -5.8702217e-03  -6.4754499e-01  -6.0630523e+01
  7.9857290902525e+00   1.1615561e+00   2.3853445e-01   2.7276440e+01  -1.0960390e-02  -5.5172996e-03  -6.3090382e-01  -6.0630523e+01
  7.9906043827373e+00   1.1626962e+00   2.2942471e-01   2.7276847e+01  -1.0986382e-02  -5.1562990e-03  -6.1304460e-01  -6.0630523e+01
  7.9954796752222e+00   1.1637912e+00   2.2001604e-01   2.7277261e+01  -1.1010606e-02  -4.7938055e-03  -5.9432889e-01  -6.0630523e+01
  8.0003549677071e+00   1.1648396e+00   2.1040067e-01   2.7277672e+01  -1.1033074e-02  -4.4364298e-03  -5.7516678e-01  -6.0630523e+01
  8.0052302601921e+00   1.1658410e+00   2.0068471e-01   2.7278070e+01  -1.1053825e-02  -4.0904213e-03  -5.5599054e-01  -6.0630523e+01
  8.0101055526770e+00   1.1667949e+00   1.9097750e-01   2.7278445e+01  -1.1072930e-02  -3.7612841e-03  -5.3724646e-01  -6.0630523e+01
  8.0149808451619e+00   1.1677017e+00   1.8139700e-01   2.7278792e+01  -1.1090483e-02  -3.4535828e-03  -5.1935572e-01  -6.0630523e+01
  8.0198561376468e+00   1.1685625e+00   1.7206741e-01   2.7279104e+01  -1.1106597e-02  -3.1707262e-03  -5.0267842e-01  -6.0630523e+01
  8.0247314301317e+00   1.1693786e+00   1.6311441e-01   2.7279380e+01  -1.1121400e-02  -2.9147494e-03  -4.8746496e-01  -6.0630523e+01
  8.0296067226166e+00   1.1701523e+00   1.5465550e-01   2.7279621e+01  -1.1135023e-02  -2.6862309e-03  -4.7382319e-01  -6.0630523e+01
  8.0344820151016e+00   1.1708862e+00   1.4679102e-01   2.7279828e+01  -1.1147601e-02  -2.4846421e-03  -4.6174900e-01  -6.0630523e+01
  8.0393573075865e+00   1.1715835e+00   1.3960119e-01   2.7280005e+01  -1.1159261e-02  -2.3087439e-03  -4.5116053e-01  -6.0630523e+01
  8.0442326000714e+00   1.1722475e+00   1.3313558e-01   2.7280156e+01  -1.1170125e-02  -2.1567321e-03  -4.4192534e-01  -6.0630523e+01
  8.0491078925563e+00   1.1728819e+00   1.2740599e-01   2.7280285e+01  -1.1180303e-02  -2.0264071e-03  -4.3389612e-01  -6.0630523e+01
  8.0539831850412e+00   1.1734901e+00   1.2237890e-01   2.7280395e+01  -1.1189895e-02  -1.9151728e-03  -4.2692548e-01  -6.0630523e+01
  8.0588584775261e+00   1.1740754e+00   1.1799577e-01   2.7280489e+01  -1.1198987e-02  -1.8203595e-03  -4.2086508e-01  -6.0630523e+01
  8.0637337700111e+00   1.1746408e+00   1.1417840e-01   2.7280570e+01  -1.1207652e-02  -1.7393395e-03  -4.1557927e-01  -6.0630523e+01
  8.0686090624960e+00   1.1751889e+00   1.1083185e-01   2.7280641e+01  -1.1215952e-02  -1.6695047e-03  -4.1093926e-01  -6.0630523e+01
  8.0734843549809e+00   1.1757216e+00   1.0786695e-01   2.7280702e+01  -1.1223935e-02  -1.6085098e-03  -4.0680927e-01  -6.0630523e+01
  8.0783596474658e+00   1.1762407e+00   1.0520474e-01   2.7280758e+01  -1.1231638e-02  -1.5542863e-03  -4.0304370e-01  -6.0630523e+01
  8.0832349399507e+00   1.1767474e+00   1.0277721e-01   2.7280811e+01  -1.1239090e-02  -1.5049935e-03  -3.9948003e-01  -6.0630523e+01
  8.0881102324357e+00   1.1772427e+00   1.0052611e-01   2.7280862e+01  -1.1246310e-02  -1.4590319e-03  -3.9595333e-01  -6.0630523e+01
  8.0929855249206e+00   1.1777274e+00   9.8397161e-02   2.7280915e+01  -1.1253312e-02  -1.4150630e-03  -3.9233055e-01  -6.0630523e+01
  8.0978608174055e+00   1.1782019e+00   9.6334803e-02   2.7280969e+01  -1.1260102e-02  -1.3719797e-03  -3.8852972e-01  -6.0630523e+01
  8.1027361098904e+00   1.1786664e+00   9.4284868e-02   2.7281026e+01  -1.1266683e-02  -1.3289463e-03  -3.8452637e-01  -6.0630523e+01
  8.1076114023753e+00   1.1791209e+00   9.2215215e-02   2.7281084e+01  -1.1273053e-02  -1.2856240e-03  -3.8034088e-01  -6.0630523e+01
  8.1124866948602e+00   1.1795652e+00   9.0128158e-02   2.7281144e+01  -1.1279211e-02  -1.2422683e-03  -3.7602565e-01  -6.0630523e+01
  8.1173619873452e+00   1.1799994e+00   8.8053014e-02   2.7281204e+01  -1.1285160e-02  -1.1995609e-03  -3.7165639e-01  -6.0630523e+01
  8.1222372798301e+00   1.1804235e+00   8.6030857e-02   2.7281263e+01  -1.1290903e-02  -1.1583110e-03  -3.6731224e-01  -6.0630523e+01
  8.1271125723150e+00   1.1808381e+00   8.4096052e-02   2.7281320e+01  -1.1296451e-02  -1.1191869e-03  -3.6307169e-01  -6.0630523e+01
  8.1319878647999e+00   1.1812434e+00   8.2260765e-02   2.7281373e+01  -1.1301814e-02  -1.0825232e-03  -3.5901342e-01  -6.0630523e+01
  8.1368631572848e+00   1.1816400e+00   8.0514705e-02   2.7281423e+01  -1.1307004e-02  -1.0482932e-03  -3.5520132e-01  -6.0630523e+01
  8.1417384497698e+00   1.1820283e+00   7.8835927e-02   2.7281469e+01  -1.1312033e-02  -1.0162228e-03  -3.5166772e-01  -6.0630523e+01
  8.1466137422547e+00   1.1824085e+00   7.7201804e-02   2.7281511e+01  -1.1316911e-02  -9.8593148e-04  -3.4840767e-01  -6.0630523e+01
  8.1514890347396e+00   1.1827808e+00   7.5598214e-02   2.7281549e+01  -1.1321644e-02  -9.5707287e-04  -3.4538423e-01  -6.0630523e+01
  8.1563643272245e+00   1.1831454e+00   7.4021611e-02   2.7281585e+01  -1.1326240e-02  -9.2938246e-04  -3.4253547e-01  -6.0630523e+01
  8.1612396197094e+00   1.1835024e+00   7.2481121e-02   2.7281620e+01  -1.1330703e-02  -9.0273002e-04  -3.3978416e-01  -6.0630523e+01
  8.1661149121944e+00   1.1838520e+00   7.0998784e-02   2.7281653e+01  -1.1335040e-02  -8.7716526e-04  -3.3705533e-01  -6.0630523e+01
  8.1709902046793e+00   1.1841946e+00   6.9598280e-02   2.7281687e+01  -1.1339254e-02  -8.5281220e-04  -3.3429211e-01  -6.0630523e+01
  8.1758654971642e+00   1.1845306e+00   6.8292452e-02   2.7281722e+01  -1.1343353e-02  -8.2973862e-04  -3.3146706e-01  -6.0630523e+01
  8.1807407896491e+00   1.1848604e+00   6.7076476e-02   2.7281757e+01  -1.1347343e-02  -8.0789674e-04  -3.2859273e-01  -6.0630523e+01
  8.1856160821340e+00   1.1851845e+00   6.5923432e-02   2.7281791e+01  -1.1351229e-02  -7.8707892e-04  -3.2572520e-01  -6.0630523e+01
  8.1904913746189e+00   1.1855030e+00   6.4784516e-02   2.7281824e+01  -1.1355015e-02  -7.6689059e-04  -3.2295022e-01  -6.0630523e+01
  8.1953666671039e+00   1.1858159e+00   6.3605456e-02   2.7281855e+01  -1.1358704e-02  -7.4687092e-04  -3.2035025e-01  -6.0630523e+01
  8.2002419595888e+00   1.1861229e+00   6.2347817e-02   2.7281882e+01  -1.1362294e-02  -7.2668061e-04  -3.1797769e-01  -6.0630523e+01
  8.2051172520737e+00   1.1864235e+00   6.0999410e-02   2.7281907e+01  -1.1365785e-02  -7.0620625e-04  -3.1584983e-01  -6.0630523e+01
  8.2099925445586e+00   1.1867173e+00   5.9580754e-02   2.7281929e+01  -1.1369177e-02  -6.8563564e-04  -3.1395143e-01  -6.0630523e+01
  8.2148678370435e+00   1.1870042e+00   5.8141920e-02   2.7281949e+01  -1.1372468e-02  -6.6545556e-04  -3.1225189e-01  -6.0630523e+01
  8.2197431295284e+00   1.1872841e+00   5.6742965e-02   2.7281966e+01  -1.1375664e-02  -6.4627644e-04  -3.1072913e-01  -6.0630523e+01
  8.2246184220134e+00   1.1875574e+00   5.5435147e-02   2.7281981e+01  -1.1378769e-02  -6.2862092e-04  -3.0937095e-01  -6.0630523e+01
  8.2294937144983e+00   1.1878246e+00   5.4252724e-02   2.7281995e+01  -1.1381793e-02  -6.1281624e-04  -3.0816609e-01  -6.0630523e+01
  8.2343690069832e+00   1.1880864e+00   5.3205577e-02   2.7282007e+01  -1.1384745e-02  -5.9891326e-04  -3.0710231e-01  -6.0630523e+01
  8.2392442994681e+00   1.1883434e+00   5.2275406e-02   2.7282018e+01  -1.1387634e-02  -5.8663883e-04  -3.0616101e-01  -6.0630523e+01
  8.2441195919530e+00   1.1885961e+00   5.1422200e-02   2.7282027e+01  -1.1390465e-02  -5.7545764e-04  -3.0530882e-01  -6.0630523e+01
  8.2489948844380e+00   1.1888447e+00   5.0595732e-02   2.7282036e+01  -1.1393244e-02  -5.6470455e-04  -3.0449781e-01  -6.0630523e+01
  8.2538701769229e+00   1.1890893e+00   4.9750279e-02   2.7282045e+01  -1.1395969e-02  -5.5376370e-04  -3.0367280e-01  -6.0630523e+01
  8.2587454694078e+00   1.1893296e+00   4.8858106e-02   2.7282055e+01  -1.1398640e-02  -5.4224154e-04  -3.0278423e-01  -6.0630523e+01
  8.2636207618927e+00   1.1895655e+00   4.7914487e-02   2.7282066e+01  -1.1401253e-02  -5.3004183e-04  -3.0180092e-01  -6.0630523e+01
  8.2684960543776e+00   1.1897966e+00   4.6933394e-02   2.7282078e+01  -1.1403806e-02  -5.1731023e-04  -3.0070909e-01  -6.0630523e+01
  8.2733713468626e+00   1.1900229e+00   4.5937969e-02   2.7282092e+01  -1.1406295e-02  -5.0430840e-04  -2.9950362e-01  -6.0630523e+01
  8.2782466393475e+00   1.1902444e+00   4.4951523e-02   2.7282106e+01  -1.1408721e-02  -4.9131645e-04  -2.9819118e-01  -6.0630523e+01
  8.2831219318324e+00   1.1904611e+00   4.3990144e-02   2.7282121e+01  -1.1411084e-02  -4.7856722e-04  -2.9680122e-01  -6.0630523e+01
  8.2879972243173e+00   1.1906732e+00   4.3059094e-02   2.7282136e+01  -1.1413386e-02  -4.6620195e-04  -2.9538441e-01  -6.0630523e+01
  8.2928725168022e+00   1.1908808e+00   4.2157543e-02   2.7282151e+01  -1.1415628e-02  -4.5429804e-04  -2.9399787e-01  -6.0630523e+01
  8.2977478092872e+00   1.1910842e+00   4.1283935e-02   2.7282165e+01  -1.1417814e-02  -4.4291016e-04  -2.9269371e-01  -6.0630523e+01
  8.3026231017721e+00   1.1912833e+00   4.0434827e-02   2.7282178e+01  -1.1419946e-02  -4.3204882e-04  -2.9151189e-01  -6.0630523e+01
  8.3074983942570e+00   1.1914783e+00   3.9602523e-02   2.7282189e+01  -1.1422026e-02  -4.2164701e-04  -2.9047274e-01  -6.0630523e+01
  8.3123736867419e+00   1.1916693e+00   3.8776677e-02   2.7282199e+01  -1.1424056e-02  -4.1157763e-04  -2.8957465e-01  -6.0630523e+01
  8.3172489792268e+00   1.1918563e+00   3.7950472e-02   2.7282207e+01  -1.1426038e-02  -4.0172385e-04  -2.8879518e-01  -6.0630523e+01
  8.3221242717117e+00   1.1920392e+00   3.7127196e-02   2.7282214e+01  -1.1427972e-02  -3.9205444e-04  -2.8809375e-01  -6.0630523e+01
  8.3269995641966e+00   1.1922182e+00   3.6321593e-02   2.7282222e+01  -1.1429860e-02  -3.8265187e-04  -2.8742112e-01  -6.0630523e+01
  8.3318748566816e+00   1.1923933e+00   3.5555713e-02   2.7282229e+01  -1.1431702e-02  -3.7368388e-04  -2.8673111e-01  -6.0630523e+01
  8.3367501491665e+00   1.1925648e+00   3.4851601e-02   2.7282237e+01  -1.1433503e-02  -3.6533744e-04  -2.8599037e-01  -6.0630523e+01
  8.3416254416514e+00   1.1927331e+00   3.4223420e-02   2.7282245e+01  -1.1435264e-02  -3.5774568e-04  -2.8518790e-01  -6.0630523e+01
  8.3465007341363e+00   1.1928986e+00   3.3673106e-02   2.7282254e+01  -1.1436991e-02  -3.5094380e-04  -2.8433783e-01  -6.0630523e+01
  8.3513760266212e+00   1.1930615e+00   3.3189096e-02   2.7282263e+01  -1.1438686e-02  -3.4484631e-04  -2.8347225e-01  -6.0630523e+01
  8.3562513191062e+00   1.1932222e+00   3.2745879e-02   2.7282272e+01  -1.1440353e-02  -3.3923205e-04  -2.8263162e-01  -6.0630523e+01
  8.3611266115911e+00   1.1933807e+00   3.2307376e-02   2.7282280e+01  -1.1441994e-02  -3.3377216e-04  -2.8185716e-01  -6.0630523e+01
  8.3660019040760e+00   1.1935371e+00   3.1834427e-02   2.7282287e+01  -1.1443607e-02  -3.2809913e-04  -2.8118283e-01  -6.0630523e+01
  8.3708771965609e+00   1.1936909e+00   3.1294049e-02   2.7282292e+01  -1.1445191e-02  -3.2189133e-04  -2.8062631e-01  -6.0630523e+01
  8.3757524890458e+00   1.1938420e+00   3.0669697e-02   2.7282297e+01  -1.1446743e-02  -3.1497268e-04  -2.8018464e-01  -6.0630523e+01
  8.3806277815308e+00   1.1939898e+00   2.9967411e-02   2.7282300e+01  -1.1448260e-02  -3.0738277e-04  -2.7984096e-01  -6.0630523e+01
  8.3855030740157e+00   1.1941340e+00   2.9215956e-02   2.7282303e+01  -1.1449738e-02  -2.9938852e-04  -2.7957355e-01  -6.0630523e+01
  8.3903783665006e+00   1.1942745e+00   2.8463931e-02   2.7282305e+01  -1.1451178e-02  -2.9145752e-04  -2.7935822e-01  -6.0630523e+01
  8.3952536589855e+00   1.1944115e+00   2.7768698e-02   2.7282307e+01  -1.1452580e-02  -2.8415046e-04  -2.7917335e-01  -6.0630523e+01
  8.4001289514704e+00   1.1945453e+00   2.7177236e-02   2.7282309e+01  -1.1453949e-02  -2.7793253e-04  -2.7900707e-01  -6.0630523e+01
  8.4050042439554e+00   1.1946766e+00   2.6712413e-02   2.7282310e+01  -1.1455291e-02  -2.7303119e-04  -2.7885619e-01  -6.0630523e+01
  8.4098795364403e+00   1.1948059e+00   2.6368837e-02   2.7282312e+01  -1.1456613e-02  -2.6939124e-04  -2.7872354e-01  -6.0630523e+01
  8.4147548289252e+00   1.1949338e+00   2.6114988e-02   2.7282313e+01  -1.1457919e-02  -2.6669418e-04  -2.7861526e-01  -6.0630523e+01
  8.4196301214101e+00   1.1950606e+00   2.5904317e-02   2.7282314e+01  -1.1459213e-02  -2.6445936e-04  -2.7852745e-01  -6.0630523e+01
  8.4245054138950e+00   1.1951864e+00   2.5691881e-02   2.7282315e+01  -1.1460497e-02  -2.6220354e-04  -2.7843502e-01  -6.0630523e+01
  8.4293807063799e+00   1.1953110e+00   2.5446140e-02   2.7282316e+01  -1.1461769e-02  -2.5956852e-04  -2.7829880e-01  -6.0630523e+01
  8.4342559988649e+00   1.1954343e+00   2.5153811e-02   2.7282318e+01  -1.1463027e-02  -2.5638595e-04  -2.7808125e-01  -6.0630523e+01
  8.4391312913498e+00   1.1955562e+00   2.4820878e-02   2.7282322e+01  -1.1464268e-02  -2.5269700e-04  -2.7775653e-01  -6.0630523e+01
  8.4440065838347e+00   1.1956763e+00   2.4468929e-02   2.7282326e+01  -1.1465490e-02  -2.4871684e-04  -2.7731389e-01  -6.0630523e+01
  8.4488818763196e+00   1.1957947e+00   2.4126078e-02   2.7282332e+01  -1.1466692e-02  -2.4474173e-04  -2.7675966e-01  -6.0630523e+01
  8.4537571688045e+00   1.1959115e+00   2.3815369e-02   2.7282338e+01  -1.1467876e-02  -2.4103291e-04  -2.7612174e-01  -6.0630523e+01
  8.4586324612895e+00   1.1960269e+00   2.3545367e-02   2.7282345e+01  -1.1469042e-02  -2.3772064e-04  -2.7545023e-01  -6.0630523e+01
  8.4635077537744e+00   1.1961411e+00   2.3306753e-02   2.7282351e+01  -1.1470194e-02  -2.3476116e-04  -2.7480604e-01  -6.0630523e+01
  8.4683830462593e+00   1.1962542e+00   2.3074800e-02   2.7282357e+01  -1.1471331e-02  -2.3195100e-04  -2.7424594e-01  -6.0630523e+01
  8.4732583387442e+00   1.1963660e+00   2.2816488e-02   2.7282361e+01  -1.1472455e-02  -2.2899341e-04  -2.7381432e-01  -6.0630523e+01
  8.4781336312291e+00   1.1964765e+00   2.2501242e-02   2.7282364e+01  -1.1473563e-02  -2.2560090e-04  -2.7353716e-01  -6.0630523e+01
  8.4830089237140e+00   1.1965852e+00   2.2111026e-02   2.7282365e+01  -1.1474653e-02  -2.2158809e-04  -2.7341323e-01  -6.0630523e+01
  8.4878842161990e+00   1.1966919e+00   2.1645180e-02   2.7282366e+01  -1.1475722e-02  -2.1691601e-04  -2.7340876e-01  -6.0630523e+01
  8.4927595086839e+00   1.1967961e+00   2.1119939e-02   2.7282365e+01  -1.1476766e-02  -2.1169330e-04  -2.7346167e-01  -6.0630523e+01
  8.4976348011688e+00   1.1968977e+00   2.0565149e-02   2.7282365e+01  -1.1477784e-02  -2.0615896e-04  -2.7349687e-01  -6.0630523e+01
  8.5025100936537e+00   1.1969966e+00   2.0018221e-02   2.7282365e+01  -1.1478775e-02  -2.0064225e-04  -2.7345063e-01  -6.0630523e+01
  8.5073853861386e+00   1.1970929e+00   1.9515220e-02   2.7282367e+01  -1.1479740e-02  -1.9548813e-04  -2.7329330e-01  -6.0630523e+01
  8.5122606786235e+00   1.1971869e+00   1.9083225e-02   2.7282369e+01  -1.1480682e-02  -1.9098092e-04  -2.7303624e-01  -6.0630523e+01
  8.5171359711085e+00   1.1972790e+00   1.8737974e-02   2.7282372e+01  -1.1481603e-02  -1.8731032e-04  -2.7272266e-01  -6.0630523e+01
  8.5220112635934e+00   1.1973697e+00   1.8484437e-02   2.7282375e+01  -1.1482509e-02  -1.8456673e-04  -2.7241398e-01  -6.0630523e+01
  8.5268865560783e+00   1.1974594e+00   1.8316168e-02   2.7282378e+01  -1.1483404e-02  -1.8272696e-04  -2.7217626e-01  -6.0630523e+01
  8.5317618485632e+00   1.1975484e+00   1.8215115e-02   2.7282379e+01  -1.1484292e-02  -1.8164500e-04  -2.7206568e-01  -6.0630523e+01
  8.5366371410481e+00   1.1976370e+00   1.8154861e-02   2.7282378e+01  -1.1485176e-02  -1.8107903e-04  -2.7211812e-01  -6.0630523e+01
  8.5415124335331e+00   1.1977254e+00   1.8104735e-02   2.7282376e+01  -1.1486058e-02  -1.8073033e-04  -2.7234604e-01  -6.0630523e+01
  8.5463877260180e+00   1.1978135e+00   1.8033206e-02   2.7282372e+01  -1.1486938e-02  -1.8027544e-04  -2.7273807e-01  -6.0630523e+01
  8.5512630185029e+00   1.1979011e+00   1.7913283e-02   2.7282367e+01  -1.1487815e-02  -1.7941906e-04  -2.7325961e-01  -6.0630523e+01
  8.5561383109878e+00   1.1979880e+00   1.7728481e-02   2.7282361e+01  -1.1488686e-02  -1.7795742e-04  -2.7385869e-01  -6.0630523e+01
  8.5610136034727e+00   1.1980739e+00   1.7475801e-02   2.7282355e+01  -1.1489549e-02  -1.7581668e-04  -2.7447628e-01  -6.0630523e+01
  8.5658888959577e+00   1.1981583e+00   1.7166055e-02   2.7282349e+01  -1.1490399e-02  -1.7306599e-04  -2.7505719e-01  -6.0630523e+01
  8.5707641884426e+00   1.1982411e+00   1.6821471e-02   2.7282344e+01  -1.1491235e-02  -1.6990223e-04  -2.7556039e-01  -6.0630523e+01
  8.5756394809275e+00   1.1983223e+00   1.6470135e-02   2.7282340e+01  -1.1492055e-02  -1.6659697e-04  -2.7596343e-01  -6.0630523e+01
  8.5805147734124e+00   1.1984017e+00   1.6139431e-02   2.7282337e+01  -1.1492859e-02  -1.6342608e-04  -2.7625790e-01  -6.0630523e+01
  8.5853900658973e+00   1.1984796e+00   1.5850680e-02   2.7282335e+01  -1.1493649e-02  -1.6061065e-04  -2.7644451e-01  -6.0630523e+01
  8.5902653583822e+00   1.1985563e+00   1.5614526e-02   2.7282334e+01  -1.1494426e-02  -1.5827039e-04  -2.7653646e-01  -6.0630523e+01
  8.5951406508672e+00   1.1986319e+00   1.5427348e-02   2.7282334e+01  -1.1495192e-02  -1.5639116e-04  -2.7656832e-01  -6.0630523e+01
  8.6000159433521e+00   1.1987068e+00   1.5272497e-02   2.7282333e+01  -1.1495951e-02  -1.5483878e-04  -2.7659938e-01  -6.0630523e+01
  8.6048912358370e+00   1.1987808e+00   1.5125933e-02   2.7282332e+01  -1.1496702e-02  -1.5341179e-04  -2.7670568e-01  -6.0630523e+01
  8.6097665283219e+00   1.1988542e+00   1.4961022e-02   2.7282330e+01  -1.1497446e-02  -1.5188044e-04  -2.7696318e-01  -6.0630523e+01
  8.6146418208068e+00   1.1989266e+00   1.4752761e-02   2.7282325e+01  -1.1498182e-02  -1.5001535e-04  -2.7742382e-01  -6.0630523e+01
  8.6195171132917e+00   1.1989979e+00   1.4484047e-02   2.7282318e+01  -1.1498908e-02  -1.4763749e-04  -2.7809166e-01  -6.0630523e+01
  8.6243924057767e+00   1.1990677e+00   1.4150956e-02   2.7282310e+01  -1.1499620e-02  -1.4467004e-04  -2.7891635e-01  -6.0630523e+01
  8.6292676982616e+00   1.1991357e+00   1.3763516e-02   2.7282301e+01  -1.1500317e-02  -1.4116014e-04  -2.7981030e-01  -6.0630523e+01
  8.6341429907465e+00   1.1992018e+00   1.3342455e-02   2.7282292e+01  -1.1500995e-02  -1.3726611e-04  -2.8067804e-01  -6.0630523e+01
  8.6390182832314e+00   1.1992657e+00   1.2913780e-02   2.7282284e+01  -1.1501654e-02  -1.3321879e-04  -2.8144453e-01  -6.0630523e+01
  8.6438935757163e+00   1.1993277e+00   1.2503097e-02   2.7282277e+01  -1.1502294e-02  -1.2927029e-04  -2.8207316e-01  -6.0630523e+01
  8.6487688682013e+00   1.1993877e+00   1.2130844e-02   2.7282272e+01  -1.1502915e-02  -1.2564206e-04  -2.8256902e-01  -6.0630523e+01
  8.6536441606862e+00   1.1994460e+00   1.1809039e-02   2.7282268e+01  -1.1503519e-02  -1.2248271e-04  -2.8297020e-01  -6.0630523e+01
  8.6585194531711e+00   1.1995028e+00   1.1540325e-02   2.7282264e+01  -1.1504109e-02  -1.1984836e-04  -2.8333123e-01  -6.0630523e+01
  8.6633947456560e+00   1.1995585e+00   1.1319815e-02   2.7282260e+01  -1.1504688e-02  -1.1771205e-04  -2.8370170e-01  -6.0630523e+01
  8.6682700381409e+00   1.1996132e+00   1.1139091e-02   2.7282256e+01  -1.1505258e-02  -1.1599882e-04  -2.8410843e-01  -6.0630523e+01
  8.6731453306259e+00   1.1996672e+00   1.0989782e-02   2.7282252e+01  -1.1505820e-02  -1.1462304e-04  -2.8455291e-01  -6.0630523e+01
  8.6780206231108e+00   1.1997204e+00   1.0864328e-02   2.7282247e+01  -1.1506375e-02  -1.1350311e-04  -2.8502637e-01  -6.0630523e+01
  8.6828959155957e+00   1.1997731e+00   1.0755564e-02   2.7282241e+01  -1.1506926e-02  -1.1256397e-04  -2.8552641e-01  -6.0630523e+01
  8.6877712080806e+00   1.1998253e+00   1.0657620e-02   2.7282236e+01  -1.1507473e-02  -1.1174745e-04  -2.8606013e-01  -6.0630523e+01
  8.6926465005655e+00   1.1998770e+00   1.0566915e-02   2.7282230e+01  -1.1508016e-02  -1.1102049e-04  -2.8663868e-01  -6.0630523e+01
  8.6975217930504e+00   1.1999283e+00   1.0480752e-02   2.7282223e+01  -1.1508556e-02  -1.1035898e-04  -2.8727313e-01  -6.0630523e+01
  8.7023970855354e+00   1.1999792e+00   1.0394270e-02   2.7282216e+01  -1.1509092e-02  -1.0971367e-04  -2.8796943e-01  -6.0630523e+01
  8.7072723780203e+00   1.2000296e+00   1.0300057e-02   2.7282208e+01  -1.1509625e-02  -1.0900270e-04  -2.8872016e-01  -6.0630523e+01
  8.7121476705052e+00   1.2000796e+00   1.0191949e-02   2.7282200e+01  -1.1510154e-02  -1.0815006e-04  -2.8950021e-01  -6.0630523e+01
  8.7170229629901e+00   1.2001290e+00   1.0068589e-02   2.7282191e+01  -1.1510679e-02  -1.0712609e-04  -2.9027247e-01  -6.0630523e+01
  8.7218982554750e+00   1.2001777e+00   9.9340935e-03   2.7282184e+01  -1.1511199e-02  -1.0596009e-04  -2.9100015e-01  -6.0630523e+01
  8.7267735479600e+00   1.2002258e+00   9.7978308e-03   2.7282177e+01  -1.1511712e-02  -1.0474297e-04  -2.9165805e-01  -6.0630523e+01
  8.7316488404449e+00   1.2002733e+00   9.6733583e-03   2.7282170e+01  -1.1512220e-02  -1.0361827e-04  -2.9223886e-01  -6.0630523e+01
  8.7365241329298e+00   1.2003202e+00   9.5748305e-03   2.7282165e+01  -1.1512723e-02  -1.0274352e-04  -2.9275356e-01  -6.0630523e+01
  8.7413994254147e+00   1.2003667e+00   9.5122065e-03   2.7282160e+01  -1.1513222e-02  -1.0223668e-04  -2.9322716e-01  -6.0630523e+01
  8.7462747178996e+00   1.2004130e+00   9.4878072e-03   2.7282155e+01  -1.1513720e-02  -1.0213608e-04  -2.9369192e-01  -6.0630523e+01
  8.7511500103845e+00   1.2004592e+00   9.4958728e-03   2.7282150e+01  -1.1514219e-02  -1.0239156e-04  -2.9417642e-01  -6.0630523e+01
  8.7560253028695e+00   1.2005056e+00   9.5252269e-03   2.7282144e+01  -1.1514719e-02  -1.0288838e-04  -2.9469277e-01  -6.0630523e+01
  8.7609005953544e+00   1.2005521e+00   9.5620138e-03   2.7282138e+01  -1.1515222e-02  -1.0347520e-04  -2.9523329e-01  -6.0630523e+01
  8.7657758878393e+00   1.2005988e+00   9.5902115e-03   2.7282132e+01  -1.1515728e-02  -1.0397350e-04  -2.9578272e-01  -6.0630523e+01
  8.7706511803242e+00   1.2006456e+00   9.5926013e-03   2.7282126e+01  -1.1516236e-02  -1.0419297e-04  -2.9633315e-01  -6.0630523e+01
  8.7755264728091e+00   1.2006923e+00   9.5547558e-03   2.7282120e+01  -1.1516743e-02  -1.0397633e-04  -2.9688825e-01  -6.0630523e+01
  8.7804017652940e+00   1.2007387e+00   9.4695623e-03   2.7282114e+01  -1.1517248e-02  -1.0324731e-04  -2.9745881e-01  -6.0630523e+01
  8.7852770577790e+00   1.2007845e+00   9.3392118e-03   2.7282107e+01  -1.1517749e-02  -1.0203063e-04  -2.9805626e-01  -6.0630523e+01
  8.7901523502639e+00   1.2008297e+00   9.1755364e-03   2.7282101e+01  -1.1518242e-02  -1.0045336e-04  -2.9868322e-01  -6.0630523e+01
  8.7950276427488e+00   1.2008739e+00   8.9995143e-03   2.7282094e+01  -1.1518728e-02  -9.8737278e-05  -2.9932278e-01  -6.0630523e+01
  8.7999029352337e+00   1.2009174e+00   8.8372312e-03   2.7282087e+01  -1.1519205e-02  -9.7155791e-05  -2.9993701e-01  -6.0630523e+01
  8.8047782277186e+00   1.2009601e+00   8.7118478e-03   2.7282081e+01  -1.1519676e-02  -9.5950581e-05  -3.0047948e-01  -6.0630523e+01
  8.8096535202036e+00   1.2010024e+00   8.6371397e-03   2.7282076e+01  -1.1520141e-02  -9.5264607e-05  -3.0091169e-01  -6.0630523e+01
  8.8145288126885e+00   1.2010444e+00   8.6165049e-03   2.7282073e+01  -1.1520605e-02  -9.5132119e-05  -3.0121278e-01  -6.0630523e+01
  8.8194041051734e+00   1.2010865e+00   8.6445039e-03   2.7282071e+01  -1.1521070e-02  -9.5494994e-05  -3.0138238e-01  -6.0630523e+01
  8.8242793976583e+00   1.2011288e+00   8.7080575e-03   2.7282070e+01  -1.1521537e-02  -9.6215042e-05  -3.0143870e-01  -6.0630523e+01
  8.8291546901432e+00   1.2011715e+00   8.7885235e-03   2.7282071e+01  -1.1522008e-02  -9.7095286e-05  -3.0141132e-01  -6.0630523e+01
  8.8340299826282e+00   1.2012145e+00   8.8646713e-03   2.7282071e+01  -1.1522484e-02  -9.7910446e-05  -3.0133094e-01  -6.0630523e+01
  8.8389052751131e+00   1.2012579e+00   8.9147948e-03   2.7282073e+01  -1.1522963e-02  -9.8428132e-05  -3.0122100e-01  -6.0630523e+01
  8.8437805675980e+00   1.2013014e+00   8.9193547e-03   2.7282074e+01  -1.1523443e-02  -9.8436571e-05  -3.0109284e-01  -6.0630523e+01
  8.8486558600829e+00   1.2013447e+00   8.8657093e-03   2.7282076e+01  -1.1523921e-02  -9.7796236e-05  -3.0094426e-01  -6.0630523e+01
  8.8535311525678e+00   1.2013877e+00   8.7520911e-03   2.7282078e+01  -1.1524395e-02  -9.6485010e-05  -3.0076373e-01  -6.0630523e+01
  8.8584064450527e+00   1.2014300e+00   8.5880240e-03   2.7282080e+01  -1.1524861e-02  -9.4606109e-05  -3.0054078e-01  -6.0630523e+01
  8.8632817375377e+00   1.2014713e+00   8.3909948e-03   2.7282083e+01  -1.1525317e-02  -9.2354504e-05  -3.0027706e-01  -6.0630523e+01
  8.8681570300226e+00   1.2015117e+00   8.1813128e-03   2.7282086e+01  -1.1525761e-02  -8.9960127e-05  -2.9998852e-01  -6.0630523e+01
  8.8730323225075e+00   1.2015511e+00   7.9798027e-03   2.7282089e+01  -1.1526194e-02  -8.7658021e-05  -2.9969337e-01  -6.0630523e+01
  8.8779076149924e+00   1.2015896e+00   7.8081508e-03   2.7282093e+01  -1.1526616e-02  -8.5687221e-05  -2.9939569e-01  -6.0630523e+01
  8.8827829074773e+00   1.2016273e+00   7.6852225e-03   2.7282096e+01  -1.1527030e-02  -8.4249969e-05  -2.9908252e-01  -6.0630523e+01
  8.8876581999622e+00   1.2016646e+00   7.6202900e-03   2.7282100e+01  -1.1527438e-02  -8.3440458e-05  -2.9873284e-01  -6.0630523e+01
  8.8925334924472e+00   1.2017017e+00   7.6118685e-03   2.7282104e+01  -1.1527844e-02  -8.3233489e-05  -2.9832159e-01  -6.0630523e+01
  8.8974087849321e+00   1.2017389e+00   7.6529257e-03   2.7282110e+01  -1.1528251e-02  -8.3540835e-05  -2.9781685e-01  -6.0630523e+01
  8.9022840774170e+00   1.2017764e+00   7.7352870e-03   2.7282117e+01  -1.1528660e-02  -8.4260004e-05  -2.9718241e-01  -6.0630523e+01
  8.9071593699019e+00   1.2018144e+00   7.8498814e-03   2.7282126e+01  -1.1529073e-02  -8.5280141e-05  -2.9638964e-01  -6.0630523e+01
  8.9120346623868e+00   1.2018530e+00   7.9849192e-03   2.7282136e+01  -1.1529492e-02  -8.6466719e-05  -2.9543151e-01  -6.0630523e+01
  8.9169099548718e+00   1.2018923e+00   8.1248147e-03   2.7282148e+01  -1.1529916e-02  -8.7653641e-05  -2.9433035e-01  -6.0630523e+01
  8.9217852473567e+00   1.2019322e+00   8.2513159e-03   2.7282161e+01  -1.1530346e-02  -8.8657088e-05  -2.9313590e-01  -6.0630523e+01
  8.9266605398416e+00   1.2019727e+00   8.3456576e-03   2.7282174e+01  -1.1530780e-02  -8.9297515e-05  -2.9191592e-01  -6.0630523e+01
  8.9315358323265e+00   1.2020135e+00   8.3898200e-03   2.7282186e+01  -1.1531216e-02  -8.9409341e-05  -2.9074310e-01  -6.0630523e+01
  8.9364111248114e+00   1.2020544e+00   8.3680670e-03   2.7282198e+01  -1.1531651e-02  -8.8851394e-05  -2.8967996e-01  -6.0630523e+01
  8.9412864172964e+00   1.2020950e+00   8.2696892e-03   2.7282207e+01  -1.1532081e-02  -8.7529621e-05  -2.8876554e-01  -6.0630523e+01
  8.9461617097813e+00   1.2021349e+00   8.0901568e-03   2.7282215e+01  -1.1532503e-02  -8.5405452e-05  -2.8801048e-01  -6.0630523e+01
  8.9510370022662e+00   1.2021737e+00   7.8303792e-03   2.7282222e+01  -1.1532912e-02  -8.2488125e-05  -2.8740106e-01  -6.0630523e+01
  8.9559122947511e+00   1.2022110e+00   7.4985039e-03   2.7282227e+01  -1.1533305e-02  -7.8855659e-05  -2.8690496e-01  -6.0630523e+01
  8.9607875872360e+00   1.2022466e+00   7.1131806e-03   2.7282231e+01  -1.1533679e-02  -7.4691574e-05  -2.8647562e-01  -6.0630523e+01
  8.9656628797209e+00   1.2022803e+00   6.7013523e-03   2.7282236e+01  -1.1534032e-02  -7.0265347e-05  -2.8606103e-01  -6.0630523e+01
  8.9705381722059e+00   1.2023119e+00   6.2915117e-03   2.7282240e+01  -1.1534364e-02  -6.5865236e-05  -2.8561517e-01  -6.0630523e+01
  8.9754134646908e+00   1.2023416e+00   5.9095752e-03   2.7282246e+01  -1.1534674e-02  -6.1755802e-05  -2.8510289e-01  -6.0630523e+01
  8.9802887571757e+00   1.2023696e+00   5.5774102e-03   2.7282252e+01  -1.1534966e-02  -5.8161322e-05  -2.8449976e-01  -6.0630523e+01
  8.9851640496606e+00   1.2023961e+00   5.3090528e-03   2.7282259e+01  -1.1535242e-02  -5.5225604e-05  -2.8379436e-01  -6.0630523e+01
  8.9900393421455e+00   1.2024214e+00   5.1043589e-03   2.7282268e+01  -1.1535505e-02  -5.2946321e-05  -2.8299258e-01  -6.0630523e+01
  8.9949146346304e+00   1.2024459e+00   4.9460748e-03   2.7282277e+01  -1.1535759e-02  -5.1146016e-05  -2.8211862e-01  -6.0630523e+01
  8.9997899271154e+00   1.2024696e+00   4.8059018e-03   2.7282286e+01  -1.1536004e-02  -4.9536673e-05  -2.8121126e-01  -6.0630523e+01
  9.0046652196003e+00   1.2024927e+00   4.6561996e-03   2.7282295e+01  -1.1536241e-02  -4.7841036e-05  -2.8031729e-01  -6.0630523e+01
  9.0095405120852e+00   1.2025150e+00   4.4785288e-03   2.7282304e+01  -1.1536470e-02  -4.5878848e-05  -2.7948479e-01  -6.0630523e+01
  9.0144158045701e+00   1.2025363e+00   4.2659073e-03   2.7282311e+01  -1.1536688e-02  -4.3586682e-05  -2.7875558e-01  -6.0630523e+01
  9.0192910970550e+00   1.2025565e+00   4.0212096e-03   2.7282318e+01  -1.1536894e-02  -4.0998195e-05  -2.7815655e-01  -6.0630523e+01
  9.0241663895400e+00   1.2025754e+00   3.7532046e-03   2.7282322e+01  -1.1537087e-02  -3.8201770e-05  -2.7769149e-01  -6.0630523e+01
  9.0290416820249e+00   1.2025930e+00   3.4741496e-03   2.7282326e+01  -1.1537266e-02  -3.5316287e-05  -2.7733706e-01  -6.0630523e+01
  9.0339169745098e+00   1.2026092e+00   3.1970617e-03   2.7282329e+01  -1.1537431e-02  -3.2465301e-05  -2.7704471e-01  -6.0630523e+01
  9.0387922669947e+00   1.2026241e+00   2.9324007e-03   2.7282332e+01  -1.1537582e-02  -2.9746374e-05  -2.7675291e-01  -6.0630523e+01
  9.0436675594796e+00   1.2026378e+00   2.6842559e-03   2.7282335e+01  -1.1537721e-02  -2.7195356e-05  -2.7640912e-01  -6.0630523e+01
  9.0485428519646e+00   1.2026503e+00   2.4414114e-03   2.7282340e+01  -1.1537847e-02  -2.4696552e-05  -2.7597959e-01  -6.0630523e+01
  9.0534181444495e+00   1.2026616e+00   2.1855879e-03   2.7282345e+01  -1.1537961e-02  -2.2065823e-05  -2.7544415e-01  -6.0630523e+01
  9.0582934369344e+00   1.2026715e+00   1.9041714e-03   2.7282352e+01  -1.1538061e-02  -1.9179178e-05  -2.7479306e-01  -6.0630523e+01
  9.0631687294193e+00   1.2026800e+00   1.6063353e-03   2.7282359e+01  -1.1538147e-02  -1.6134494e-05  -2.7403187e-01  -6.0630523e+01
  9.0680440219042e+00   1.2026871e+00   1.2763756e-03   2.7282368e+01  -1.1538218e-02  -1.2780032e-05  -2.7317158e-01  -6.0630523e+01
  9.0729193143892e+00   1.2026924e+00   9.5352911e-04   2.7282378e+01  -1.1538271e-02  -9.5125635e-06  -2.7217350e-01  -6.0630523e+01
  9.0777946068741e+00   1.2026966e+00   7.7386120e-04   2.7282390e+01  -1.1538312e-02  -7.6865732e-06  -2.7098928e-01  -6.0630523e+01
  9.0826698993590e+00   1.2027001e+00   7.0290948e-04   2.7282402e+01  -1.1538348e-02  -6.9497422e-06  -2.6974407e-01  -6.0630523e+01
  9.0875451918439e+00   1.2027034e+00   6.4065666e-04   2.7282413e+01  -1.1538380e-02  -6.3072754e-06  -2.6859581e-01  -6.0630523e+01
  9.0924204843288e+00   1.2027064e+00   5.6155419e-04   2.7282423e+01  -1.1538409e-02  -5.5075311e-06  -2.6757666e-01  -6.0630523e+01
  9.0972957768137e+00   1.2027089e+00   4.6397580e-04   2.7282432e+01  -1.1538433e-02  -4.5355604e-06  -2.6669736e-01  -6.0630523e+01
  9.1021710692987e+00   1.2027108e+00   3.4795924e-04   2.7282440e+01  -1.1538453e-02  -3.3915204e-06  -2.6591893e-01  -6.0630523e+01
  9.1070463617836e+00   1.2027122e+00   2.1093656e-04   2.7282447e+01  -1.1538466e-02  -2.0502557e-06  -2.6517922e-01  -6.0630523e+01
  9.1119216542685e+00   1.2027129e+00   6.6711340e-05   2.7282454e+01  -1.1538472e-02  -6.4666507e-07  -2.6446193e-01  -6.0630523e+01
  9.1167969467534e+00   1.2027129e+00   0.0000000e+00   2.7282041e+01  -1.1538473e-02   0.0000000e+00  -2.6375248e-01  -6.0630523e+01
  9.1216722392383e+00   1.2027129e+00   0.0000000e+00   2.7281089e+01  -1.1538473e-02   0.0000000e+00  -2.6301062e-01  -6.0630523e+01
  9.1265475317233e+00   1.2027129e+00   0.0000000e+00   2.7279963e+01  -1.1538473e-02   0.0000000e+00  -2.6219176e-01  -6.0630523e+01
  9.1314228242082e+00   1.2027129e+00   0.0000000e+00   2.7278933e+01  -1.1538473e-02   0.0000000e+00  -2.6130086e-01  -6.0630523e+01
  9.1362981166931e+00   1.2027129e+00   0.0000000e+00   2.7278137e+01  -1.1538473e-02   0.0000000e+00  -2.6041158e-01  -6.0630523e+01
  9.1411734091780e+00   1.2027129e+00   0.0000000e+00   2.7277537e+01  -1.1538473e-02   0.0000000e+00  -2.5954919e-01  -6.0630523e+01
  9.1460487016629e+00   1.2027129e+00   0.0000000e+00   2.7276968e+01  -1.1538473e-02   0.0000000e+00  -2.5870849e-01  -6.0630523e+01
  9.1509239941478e+00   1.2027129e+00   0.0000000e+00   2.7276256e+01  -1.1538473e-02   0.0000000e+00  -2.5789125e-01  -6.0630523e+01
  9.1557992866328e+00   1.2027129e+00   0.0000000e+00   2.7275325e+01  -1.1538473e-02   0.0000000e+00  -2.5712773e-01  -6.0630523e+01
  9.1606745791177e+00   1.2027129e+00   0.0000000e+00   2.7274214e+01  -1.1538473e-02   0.0000000e+00  -2.5644130e-01  -6.0630523e+01
  9.1655498716026e+00   1.2027129e+00   0.0000000e+00   2.7272916e+01  -1.1538473e-02   0.0000000e+00  -2.5576175e-01  -6.0630523e+01
  9.1704251640875e+00   1.2027129e+00   0.0000000e+00   2.7271337e+01  -1.1538473e-02   0.0000000e+00  -2.5491132e-01  -6.0630523e+01
  9.1753004565724e+00   1.2027129e+00   0.0000000e+00   2.7269462e+01  -1.1538473e-02   0.0000000e+00  -2.5376855e-01  -6.0630523e+01
  9.1801757490573e+00   1.2027129e+00   0.0000000e+00   2.7267472e+01  -1.1538473e-02   0.0000000e+00  -2.5239670e-01  -6.0630523e+01
  9.1850510415423e+00   1.2027129e+00   0.0000000e+00   2.7265655e+01  -1.1538473e-02   0.0000000e+00  -2.5098175e-01  -6.0630523e+01
  9.1899263340272e+00   1.2027129e+00   0.0000000e+00   2.7264232e+01  -1.1538473e-02   0.0000000e+00  -2.4969922e-01  -6.0630523e+01
  9.1948016265121e+00   1.2027129e+00   0.0000000e+00   2.7263230e+01  -1.1538473e-02   0.0000000e+00  -2.4864418e-01  -6.0630523e+01
  9.1996769189970e+00   1.2027129e+00   0.0000000e+00   2.7262481e+01  -1.1538473e-02   0.0000000e+00  -2.4783264e-01  -6.0630523e+01
  9.2045522114819e+00   1.2027129e+00   0.0000000e+00   2.7261736e+01  -1.1538473e-02   0.0000000e+00  -2.4724206e-01  -6.0630523e+01
  9.2094275039669e+00   1.2027129e+00   0.0000000e+00   2.7260784e+01  -1.1538473e-02   0.0000000e+00  -2.4685456e-01  -6.0630523e+01
  9.2143027964518e+00   1.2027129e+00   0.0000000e+00   2.7259512e+01  -1.1538473e-02   0.0000000e+00  -2.4665953e-01  -6.0630523e+01
  9.2191780889367e+00   1.2027129e+00   0.0000000e+00   2.7257911e+01  -1.1538473e-02   0.0000000e+00  -2.4661859e-01  -6.0630523e+01
  9.2240533814216e+00   1.2027129e+00   0.0000000e+00   2.7256057e+01  -1.1538473e-02   0.0000000e+00  -2.4664417e-01  -6.0630523e+01
  9.2289286739065e+00   1.2027129e+00   0.0000000e+00   2.7254082e+01  -1.1538473e-02   0.0000000e+00  -2.4663786e-01  -6.0630523e+01
  9.2338039663915e+00   1.2027129e+00   0.0000000e+00   2.7252156e+01  -1.1538473e-02   0.0000000e+00  -2.4654493e-01  -6.0630523e+01
  9.2386792588764e+00   1.2027129e+00   0.0000000e+00   2.7250454e+01  -1.1538473e-02   0.0000000e+00  -2.4636544e-01  -6.0630523e+01
  9.2435545513613e+00   1.2027129e+00   0.0000000e+00   2.7249098e+01  -1.1538473e-02   0.0000000e+00  -2.4613319e-01  -6.0630523e+01
  9.2484298438462e+00   1.2027129e+00   0.0000000e+00   2.7248124e+01  -1.1538473e-02   0.0000000e+00  -2.4590209e-01  -6.0630523e+01
  9.2533051363311e+00   1.2027129e+00   0.0000000e+00   2.7247473e+01  -1.1538473e-02   0.0000000e+00  -2.4573522e-01  -6.0630523e+01
  9.2581804288160e+00   1.2027129e+00   0.0000000e+00   2.7247018e+01  -1.1538473e-02   0.0000000e+00  -2.4568401e-01  -6.0630523e+01
  9.2630557213010e+00   1.2027129e+00   0.0000000e+00   2.7246608e+01  -1.1538473e-02   0.0000000e+00  -2.4576750e-01  -6.0630523e+01
  9.2679310137859e+00   1.2027129e+00   0.0000000e+00   2.7246111e+01  -1.1538473e-02   0.0000000e+00  -2.4596729e-01  -6.0630523e+01
  9.2728063062708e+00   1.2027129e+00   0.0000000e+00   2.7245456e+01  -1.1538473e-02   0.0000000e+00  -2.4623766e-01  -6.0630523e+01
  9.2776815987557e+00   1.2027129e+00   0.0000000e+00   2.7244612e+01  -1.1538473e-02   0.0000000e+00  -2.4651098e-01  -6.0630523e+01
  9.2825568912406e+00   1.2027129e+00   0.0000000e+00   2.7243595e+01  -1.1538473e-02   0.0000000e+00  -2.4670082e-01  -6.0630523e+01
  9.2874321837255e+00   1.2027129e+00   0.0000000e+00   2.7242435e+01  -1.1538473e-02   0.0000000e+00  -2.4671453e-01  -6.0630523e+01
  9.2923074762105e+00   1.2027129e+00   0.0000000e+00   2.7241136e+01  -1.1538473e-02   0.0000000e+00  -2.4647719e-01  -6.0630523e+01
  9.2971827686954e+00   1.2027129e+00   0.0000000e+00   2.7239691e+01  -1.1538473e-02   0.0000000e+00  -2.4594902e-01  -6.0630523e+01
  9.3020580611803e+00   1.2027129e+00   0.0000000e+00   2.7238125e+01  -1.1538473e-02   0.0000000e+00  -2.4512960e-01  -6.0630523e+01
  9.3069333536652e+00   1.2027129e+00   0.0000000e+00   2.7236489e+01  -1.1538473e-02   0.0000000e+00  -2.4404679e-01  -6.0630523e+01
  9.3118086461501e+00   1.2027129e+00   0.0000000e+00   2.7234813e+01  -1.1538473e-02   0.0000000e+00  -2.4274204e-01  -6.0630523e+01
  9.3166839386351e+00   1.2027129e+00   0.0000000e+00   2.7233084e+01  -1.1538473e-02   0.0000000e+00  -2.4126510e-01  -6.0630523e+01
  9.3215592311200e+00   1.2027129e+00   0.0000000e+00   2.7231274e+01  -1.1538473e-02   0.0000000e+00  -2.3967017e-01  -6.0630523e+01
  9.3264345236049e+00   1.2027129e+00   0.0000000e+00   2.7229368e+01  -1.1538473e-02   0.0000000e+00  -2.3800628e-01  -6.0630523e+01
  9.3313098160898e+00   1.2027129e+00   0.0000000e+00   2.7227375e+01  -1.1538473e-02   0.0000000e+00  -2.3630598e-01  -6.0630523e+01
  9.3361851085747e+00   1.2027129e+00   0.0000000e+00   2.7225302e+01  -1.1538473e-02   0.0000000e+00  -2.3458099e-01  -6.0630523e+01
  9.3410604010597e+00   1.2027129e+00   0.0000000e+00   2.7223155e+01  -1.1538473e-02   0.0000000e+00  -2.3282823e-01  -6.0630523e+01
  9.3459356935446e+00   1.2027129e+00   0.0000000e+00   2.7220943e+01  -1.1538473e-02   0.0000000e+00  -2.3104058e-01  -6.0630523e+01
  9.3508109860295e+00   1.2027129e+00   0.0000000e+00   2.7218686e+01  -1.1538473e-02   0.0000000e+00  -2.2921045e-01  -6.0630523e+01
  9.3556862785144e+00   1.2027129e+00   0.0000000e+00   2.7216414e+01  -1.1538473e-02   0.0000000e+00  -2.2733314e-01  -6.0630523e+01
  9.3605615709993e+00   1.2027129e+00   0.0000000e+00   2.7214162e+01  -1.1538473e-02   0.0000000e+00  -2.2542046e-01  -6.0630523e+01
  9.3654368634842e+00   1.2027129e+00   0.0000000e+00   2.7211975e+01  -1.1538473e-02   0.0000000e+00  -2.2350986e-01  -6.0630523e+01
  9.3703121559692e+00   1.2027129e+00   0.0000000e+00   2.7209896e+01  -1.1538473e-02   0.0000000e+00  -2.2165531e-01  -6.0630523e+01
  9.3751874484541e+00   1.2027129e+00   0.0000000e+00   2.7207953e+01  -1.1538473e-02   0.0000000e+00  -2.1991151e-01  -6.0630523e+01
  9.3800627409390e+00   1.2027129e+00   0.0000000e+00   2.7206150e+01  -1.1538473e-02   0.0000000e+00  -2.1832223e-01  -6.0630523e+01
  9.3849380334239e+00   1.2027129e+00   0.0000000e+00   2.7204463e+01  -1.1538473e-02   0.0000000e+00  -2.1691482e-01  -6.0630523e+01
  9.3898133259088e+00   1.2027129e+00   0.0000000e+00   2.7202845e+01  -1.1538473e-02   0.0000000e+00  -2.1569702e-01  -6.0630523e+01
  9.3946886183938e+00   1.2027129e+00   0.0000000e+00   2.7201223e+01  -1.1538473e-02   0.0000000e+00  -2.1465408e-01  -6.0630523e+01
  9.3995639108787e+00   1.2027129e+00   0.0000000e+00   2.7199515e+01  -1.1538473e-02   0.0000000e+00  -2.1375117e-01  -6.0630523e+01
  9.4044392033636e+00   1.2027129e+00   0.0000000e+00   2.7197654e+01  -1.1538473e-02   0.0000000e+00  -2.1294221e-01  -6.0630523e+01
  9.4093144958485e+00   1.2027129e+00   0.0000000e+00   2.7195616e+01  -1.1538473e-02   0.0000000e+00  -2.1218178e-01  -6.0630523e+01
  9.4141897883334e+00   1.2027129e+00   0.0000000e+00   2.7193418e+01  -1.1538473e-02   0.0000000e+00  -2.1143709e-01  -6.0630523e+01
  9.4190650808183e+00   1.2027129e+00   0.0000000e+00   2.7191102e+01  -1.1538473e-02   0.0000000e+00  -2.1069426e-01  -6.0630523e+01
  9.4239403733033e+00   1.2027129e+00   0.0000000e+00   2.7188729e+01  -1.1538473e-02   0.0000000e+00  -2.0995826e-01  -6.0630523e+01
  9.4288156657882e+00   1.2027129e+00   0.0000000e+00   2.7186375e+01  -1.1538473e-02   0.0000000e+00  -2.0925006e-01  -6.0630523e+01
  9.4336909582731e+00   1.2027129e+00   0.0000000e+00   2.7184134e+01  -1.1538473e-02   0.0000000e+00  -2.0860091e-01  -6.0630523e+01
  9.4385662507580e+00   1.2027129e+00   0.0000000e+00   2.7182127e+01  -1.1538473e-02   0.0000000e+00  -2.0804478e-01  -6.0630523e+01
  9.4434415432429e+00   1.2027129e+00   0.0000000e+00   2.7180489e+01  -1.1538473e-02   0.0000000e+00  -2.0761403e-01  -6.0630523e+01
  9.4483168357278e+00   1.2027129e+00   0.0000000e+00   2.7179354e+01  -1.1538473e-02   0.0000000e+00  -2.0734113e-01  -6.0630523e+01
  9.4531921282128e+00   1.2027129e+00   0.0000000e+00   2.7178828e+01  -1.1538473e-02   0.0000000e+00  -2.0726359e-01  -6.0630523e+01
  9.4580674206977e+00   1.2027129e+00   0.0000000e+00   2.7178959e+01  -1.1538473e-02   0.0000000e+00  -2.0742708e-01  -6.0630523e+01
  9.4629427131826e+00   1.2027129e+00   0.0000000e+00   2.7179705e+01  -1.1538473e-02   0.0000000e+00  -2.0788197e-01  -6.0630523e+01
  9.4678180056675e+00   1.2027129e+00   0.0000000e+00   2.7180926e+01  -1.1538473e-02   0.0000000e+00  -2.0866983e-01  -6.0630523e+01
  9.4726932981524e+00   1.2027129e+00   0.0000000e+00   2.7182402e+01  -1.1538473e-02   0.0000000e+00  -2.0980440e-01  -6.0630523e+01
  9.4775685906374e+00   1.2027129e+00   0.0000000e+00   2.7183865e+01  -1.1538473e-02   0.0000000e+00  -2.1125826e-01  -6.0630523e+01
  9.4824438831223e+00   1.2027129e+00   0.0000000e+00   2.7185067e+01  -1.1538473e-02   0.0000000e+00  -2.1296058e-01  -6.0630523e+01
  9.4873191756072e+00   1.2027129e+00   0.0000000e+00   2.7185838e+01  -1.1538473e-02   0.0000000e+00  -2.1480453e-01  -6.0630523e+01
  9.4921944680921e+00   1.2027129e+00   0.0000000e+00   2.7186145e+01  -1.1538473e-02   0.0000000e+00  -2.1666570e-01  -6.0630523e+01
  9.4970697605770e+00   1.2027129e+00   0.0000000e+00   2.7186115e+01  -1.1538473e-02   0.0000000e+00  -2.1842762e-01  -6.0630523e+01
  9.5019450530620e+00   1.2027129e+00   0.0000000e+00   2.7186017e+01  -1.1538473e-02   0.0000000e+00  -2.2000974e-01  -6.0630523e+01
  9.5068203455469e+00   1.2027129e+00   0.0000000e+00   2.7186205e+01  -1.1538473e-02   0.0000000e+00  -2.2138621e-01  -6.0630523e+01
  9.5116956380318e+00   1.2027129e+00   0.0000000e+00   2.7187009e+01  -1.1538473e-02   0.0000000e+00  -2.2258854e-01  -6.0630523e+01
  9.5165709305167e+00   1.2027129e+00   0.0000000e+00   2.7188655e+01  -1.1538473e-02   0.0000000e+00  -2.2369369e-01  -6.0630523e+01
  9.5214462230016e+00   1.2027129e+00   0.0000000e+00   2.7191228e+01  -1.1538473e-02   0.0000000e+00  -2.2481959e-01  -6.0630523e+01
  9.5263215154865e+00   1.2027129e+00   0.0000000e+00   2.7194645e+01  -1.1538473e-02   0.0000000e+00  -2.2608689e-01  -6.0630523e+01
  9.5311968079715e+00   1.2027129e+00   0.0000000e+00   2.7198668e+01  -1.1538473e-02   0.0000000e+00  -2.2758118e-01  -6.0630523e+01
  9.5360721004564e+00   1.2027129e+00   0.0000000e+00   2.7202966e+01  -1.1538473e-02   0.0000000e+00  -2.2933109e-01  -6.0630523e+01
  9.5409473929413e+00   1.2027129e+00   0.0000000e+00   2.7207212e+01  -1.1538473e-02   0.0000000e+00  -2.3131380e-01  -6.0630523e+01
  9.5458226854262e+00   1.2027129e+00   0.0000000e+00   2.7211165e+01  -1.1538473e-02   0.0000000e+00  -2.3345039e-01  -6.0630523e+01
  9.5506979779111e+00   1.2027129e+00   0.0000000e+00   2.7214724e+01  -1.1538473e-02   0.0000000e+00  -2.3564640e-01  -6.0630523e+01
  9.5555732703960e+00   1.2027129e+00   0.0000000e+00   2.7217943e+01  -1.1538473e-02   0.0000000e+00  -2.3778756e-01  -6.0630523e+01
  9.5604485628810e+00   1.2027129e+00   0.0000000e+00   2.7221100e+01  -1.1538473e-02   0.0000000e+00  -2.3976887e-01  -6.0630523e+01
  9.5653238553659e+00   1.2027129e+00   0.0000000e+00   2.7224575e+01  -1.1538473e-02   0.0000000e+00  -2.4158823e-01  -6.0630523e+01
  9.5701991478508e+00   1.2027129e+00   0.0000000e+00   2.7228552e+01  -1.1538473e-02   0.0000000e+00  -2.4322692e-01  -6.0630523e+01
  9.5750744403357e+00   1.2027129e+00   0.0000000e+00   2.7233680e+01  -1.1538473e-02   0.0000000e+00  -2.4479102e-01  -6.0630523e+01
  9.5799497328206e+00   1.2027129e+00   0.0000000e+00   2.7240301e+01  -1.1538473e-02   0.0000000e+00  -2.4664709e-01  -6.0630523e+01
  9.5848250253056e+00   1.2027129e+00   0.0000000e+00   2.7246822e+01  -1.1538473e-02   0.0000000e+00  -2.4824710e-01  -6.0630523e+01
  9.5897003177905e+00   1.2027129e+00   0.0000000e+00   2.7256705e+01  -1.1538473e-02   0.0000000e+00  -2.5094780e-01  -6.0630523e+01
  9.5945756102754e+00   1.2027129e+00   0.0000000e+00   2.7277855e+01  -1.1538473e-02   0.0000000e+00  -2.5705466e-01  -6.0630523e+01
  9.5994509027603e+00   1.2027202e+00   3.2037463e-03   2.7282468e+01  -1.1538542e-02  -3.0881749e-05  -2.6298285e-01  -6.0630523e+01
  9.6043261952452e+00   1.2027408e+00   4.8574600e-03   2.7282437e+01  -1.1538743e-02  -4.7392438e-05  -2.6618463e-01  -6.0630523e+01
  9.6092014877302e+00   1.2027669e+00   5.8293532e-03   2.7282416e+01  -1.1538998e-02  -5.7341135e-05  -2.6836677e-01  -6.0630523e+01
  9.6140767802151e+00   1.2027977e+00   6.7821150e-03   2.7282394e+01  -1.1539303e-02  -6.7267268e-05  -2.7059584e-01  -6.0630523e+01
  9.6189520727000e+00   1.2028329e+00   7.5884929e-03   2.7282374e+01  -1.1539653e-02  -7.5821406e-05  -2.7259536e-01  -6.0630523e+01
  9.6238273651849e+00   1.2028719e+00   8.4272815e-03   2.7282358e+01  -1.1540045e-02  -8.4697042e-05  -2.7419696e-01  -6.0630523e+01
  9.6287026576698e+00   1.2029153e+00   9.3713671e-03   2.7282343e+01  -1.1540482e-02  -9.4684366e-05  -2.7564936e-01  -6.0630523e+01
  9.6335779501547e+00   1.2029636e+00   1.0405595e-02   2.7282331e+01  -1.1540971e-02  -1.0557567e-04  -2.7680787e-01  -6.0630523e+01
  9.6384532426397e+00   1.2030171e+00   1.1522889e-02   2.7282323e+01  -1.1541515e-02  -1.1724489e-04  -2.7759642e-01  -6.0630523e+01
  9.6433285351246e+00   1.2030761e+00   1.2614459e-02   2.7282316e+01  -1.1542116e-02  -1.2869292e-04  -2.7833464e-01  -6.0630523e+01
  9.6482038276095e+00   1.2031400e+00   1.3508771e-02   2.7282307e+01  -1.1542768e-02  -1.3825573e-04  -2.7922119e-01  -6.0630523e+01
  9.6530791200944e+00   1.2032073e+00   1.4021024e-02   2.7282293e+01  -1.1543459e-02  -1.4418804e-04  -2.8056298e-01  -6.0630523e+01
  9.6579544125793e+00   1.2032759e+00   1.4041702e-02   2.7282274e+01  -1.1544167e-02  -1.4534656e-04  -2.8240058e-01  -6.0630523e+01
  9.6628297050643e+00   1.2033435e+00   1.3641006e-02   2.7282250e+01  -1.1544869e-02  -1.4236501e-04  -2.8473250e-01  -6.0630523e+01
  9.6677049975492e+00   1.2034082e+00   1.2873191e-02   2.7282219e+01  -1.1545548e-02  -1.3573870e-04  -2.8767171e-01  -6.0630523e+01
  9.6725802900341e+00   1.2034685e+00   1.1879887e-02   2.7282183e+01  -1.1546188e-02  -1.2673939e-04  -2.9105725e-01  -6.0630523e+01
  9.6774555825190e+00   1.2035237e+00   1.0755222e-02   2.7282142e+01  -1.1546780e-02  -1.1624730e-04  -2.9487772e-01  -6.0630523e+01
  9.6823308750039e+00   1.2035732e+00   9.6209094e-03   2.7282097e+01  -1.1547319e-02  -1.0544855e-04  -2.9902137e-01  -6.0630523e+01
  9.6872061674888e+00   1.2036175e+00   8.5838714e-03   2.7282044e+01  -1.1547809e-02  -9.5589863e-05  -3.0381243e-01  -6.0630523e+01
  9.6920814599738e+00   1.2036551e+00   6.6738753e-03   2.7281961e+01  -1.1548232e-02  -7.6124207e-05  -3.1118616e-01  -6.0630523e+01
  9.6969567524587e+00   1.2036799e+00   3.2958241e-03   2.7281845e+01  -1.1548519e-02  -3.8800068e-05  -3.2117535e-01  -6.0630523e+01
  9.7018320449436e+00   1.2036848e+00   0.0000000e+00   2.7269091e+01  -1.1548577e-02   0.0000000e+00  -3.2943716e-01  -6.0630523e+01
  9.7067073374285e+00   1.2036848e+00   0.0000000e+00   2.7231815e+01  -1.1548577e-02   0.0000000e+00  -3.3070521e-01  -6.0630523e+01
  9.7115826299134e+00   1.2036848e+00   0.0000000e+00   2.7198874e+01  -1.1548577e-02   0.0000000e+00  -3.2624193e-01  -6.0630523e+01
  9.7164579223984e+00   1.2036848e+00   0.0000000e+00   2.7179861e+01  -1.1548577e-02   0.0000000e+00  -3.2096908e-01  -6.0630523e+01
  9.7213332148833e+00   1.2036848e+00   0.0000000e+00   2.7170413e+01  -1.1548577e-02   0.0000000e+00  -3.1837261e-01  -6.0630523e+01
  9.7262085073682e+00   1.2036848e+00   0.0000000e+00   2.7163662e+01  -1.1548577e-02   0.0000000e+00  -3.1836179e-01  -6.0630523e+01
  9.7310837998531e+00   1.2036848e+00   0.0000000e+00   2.7157337e+01  -1.1548577e-02   0.0000000e+00  -3.1955303e-01  -6.0630523e+01
  9.7359590923380e+00   1.2036848e+00   0.0000000e+00   2.7152221e+01  -1.1548577e-02   0.0000000e+00  -3.2115991e-01  -6.0630523e+01
  9.7408343848229e+00   1.2036848e+00   0.0000000e+00   2.7149472e+01  -1.1548577e-02   0.0000000e+00  -3.2384710e-01  -6.0630523e+01
  9.7457096773079e+00   1.2036848e+00   0.0000000e+00   2.7149086e+01  -1.1548577e-02   0.0000000e+00  -3.2797236e-01  -6.0630523e+01
  9.7505849697928e+00   1.2036848e+00   0.0000000e+00   2.7150776e+01  -1.1548577e-02   0.0000000e+00  -3.3332370e-01  -6.0630523e+01
  9.7554602622777e+00   1.2036848e+00   0.0000000e+00   2.7153231e+01  -1.1548577e-02   0.0000000e+00  -3.3886904e-01  -6.0630523e+01
  9.7603355547626e+00   1.2036848e+00   0.0000000e+00   2.7154583e+01  -1.1548577e-02   0.0000000e+00  -3.4348512e-01  -6.0630523e+01
  9.7652108472475e+00   1.2036848e+00   0.0000000e+00   2.7154226e+01  -1.1548577e-02   0.0000000e+00  -3.4670176e-01  -6.0630523e+01
  9.7700861397325e+00   1.2036848e+00   0.0000000e+00   2.7152235e+01  -1.1548577e-02   0.0000000e+00  -3.4853281e-01  -6.0630523e+01
  9.7749614322174e+00   1.2036848e+00   0.0000000e+00   2.7148480e+01  -1.1548577e-02   0.0000000e+00  -3.4892486e-01  -6.0630523e+01
  9.7798367247023e+00   1.2036848e+00   0.0000000e+00   2.7142822e+01  -1.1548577e-02   0.0000000e+00  -3.4784968e-01  -6.0630523e+01
  9.7847120171872e+00   1.2036848e+00   0.0000000e+00   2.7135904e+01  -1.1548577e-02   0.0000000e+00  -3.4566535e-01  -6.0630523e+01
  9.7895873096721e+00   1.2036848e+00   0.0000000e+00   2.7128716e+01  -1.1548577e-02   0.0000000e+00  -3.4298184e-01  -6.0630523e+01
  9.7944626021571e+00   1.2036848e+00   0.0000000e+00   2.7121914e+01  -1.1548577e-02   0.0000000e+00  -3.4034141e-01  -6.0630523e+01
  9.7993378946420e+00   1.2036848e+00   0.0000000e+00   2.7115980e+01  -1.1548577e-02   0.0000000e+00  -3.3816601e-01  -6.0630523e+01
  9.8042131871269e+00   1.2036848e+00   0.0000000e+00   2.7111194e+01  -1.1548577e-02   0.0000000e+00  -3.3675431e-01  -6.0630523e+01
  9.8090884796118e+00   1.2036848e+00   0.0000000e+00   2.7107636e+01  -1.1548577e-02   0.0000000e+00  -3.3624283e-01  -6.0630523e+01
  9.8139637720967e+00   1.2036848e+00   0.0000000e+00   2.7105147e+01  -1.1548577e-02   0.0000000e+00  -3.3651679e-01  -6.0630523e+01
  9.8188390645816e+00   1.2036848e+00   0.0000000e+00   2.7103413e+01  -1.1548577e-02   0.0000000e+00  -3.3731557e-01  -6.0630523e+01
  9.8237143570666e+00   1.2036848e+00   0.0000000e+00   2.7102165e+01  -1.1548577e-02   0.0000000e+00  -3.3846491e-01  -6.0630523e+01
  9.8285896495515e+00   1.2036848e+00   0.0000000e+00   2.7101274e+01  -1.1548577e-02   0.0000000e+00  -3.3996505e-01  -6.0630523e+01
  9.8334649420364e+00   1.2036848e+00   0.0000000e+00   2.7100627e+01  -1.1548577e-02   0.0000000e+00  -3.4175713e-01  -6.0630523e+01
  9.8383402345213e+00   1.2036848e+00   0.0000000e+00   2.7100044e+01  -1.1548577e-02   0.0000000e+00  -3.4362840e-01  -6.0630523e+01
  9.8432155270062e+00   1.2036848e+00   0.0000000e+00   2.7099346e+01  -1.1548577e-02   0.0000000e+00  -3.4533820e-01  -6.0630523e+01
  9.8480908194911e+00   1.2036848e+00   0.0000000e+00   2.7098472e+01  -1.1548577e-02   0.0000000e+00  -3.4669967e-01  -6.0630523e+01
  9.8529661119761e+00   1.2036848e+00   0.0000000e+00   2.7097365e+01  -1.1548577e-02   0.0000000e+00  -3.4761792e-01  -6.0630523e+01
  9.8578414044610e+00   1.2036848e+00   0.0000000e+00   2.7096044e+01  -1.1548577e-02   0.0000000e+00  -3.4811081e-01  -6.0630523e+01
  9.8627166969459e+00   1.2036848e+00   0.0000000e+00   2.7094529e+01  -1.1548577e-02   0.0000000e+00  -3.4827054e-01  -6.0630523e+01
  9.8675919894308e+00   1.2036848e+00   0.0000000e+00   2.7092785e+01  -1.1548577e-02   0.0000000e+00  -3.4815944e-01  -6.0630523e+01
  9.8724672819157e+00   1.2036848e+00   0.0000000e+00   2.7090755e+01  -1.1548577e-02   0.0000000e+00  -3.4783736e-01  -6.0630523e+01
  9.8773425744007e+00   1.2036848e+00   0.0000000e+00   2.7088458e+01  -1.1548577e-02   0.0000000e+00  -3.4739763e-01  -6.0630523e+01
  9.8822178668856e+00   1.2036848e+00   0.0000000e+00   2.7086041e+01  -1.1548577e-02   0.0000000e+00  -3.4693611e-01  -6.0630523e+01
  9.8870931593705e+00   1.2036848e+00   0.0000000e+00   2.7083580e+01  -1.1548577e-02   0.0000000e+00  -3.4644229e-01  -6.0630523e+01
  9.8919684518554e+00   1.2036848e+00   0.0000000e+00   2.7081099e+01  -1.1548577e-02   0.0000000e+00  -3.4583359e-01  -6.0630523e+01
  9.8968437443403e+00   1.2036848e+00   0.0000000e+00   2.7078646e+01  -1.1548577e-02   0.0000000e+00  -3.4506666e-01  -6.0630523e+01
  9.9017190368253e+00   1.2036848e+00   0.0000000e+00   2.7076265e+01  -1.1548577e-02   0.0000000e+00  -3.4413174e-01  -6.0630523e+01
  9.9065943293102e+00   1.2036848e+00   0.0000000e+00   2.7074001e+01  -1.1548577e-02   0.0000000e+00  -3.4299882e-01  -6.0630523e+01
  9.9114696217951e+00   1.2036848e+00   0.0000000e+00   2.7071898e+01  -1.1548577e-02   0.0000000e+00  -3.4162918e-01  -6.0630523e+01
  9.9163449142800e+00   1.2036848e+00   0.0000000e+00   2.7070023e+01  -1.1548577e-02   0.0000000e+00  -3.4004424e-01  -6.0630523e+01
  9.9212202067649e+00   1.2036848e+00   0.0000000e+00   2.7068368e+01  -1.1548577e-02   0.0000000e+00  -3.3833029e-01  -6.0630523e+01
  9.9260954992498e+00   1.2036848e+00   0.0000000e+00   2.7066841e+01  -1.1548577e-02   0.0000000e+00  -3.3658761e-01  -6.0630523e+01
  9.9309707917348e+00   1.2036848e+00   0.0000000e+00   2.7065286e+01  -1.1548577e-02   0.0000000e+00  -3.3488893e-01  -6.0630523e+01
  9.9358460842197e+00   1.2036848e+00   0.0000000e+00   2.7063589e+01  -1.1548577e-02   0.0000000e+00  -3.3329805e-01  -6.0630523e+01
  9.9407213767046e+00   1.2036848e+00   0.0000000e+00   2.7061749e+01  -1.1548577e-02   0.0000000e+00  -3.3188370e-01  -6.0630523e+01
  9.9455966691895e+00   1.2036848e+00   0.0000000e+00   2.7059871e+01  -1.1548577e-02   0.0000000e+00  -3.3068995e-01  -6.0630523e+01
  9.9504719616744e+00   1.2036848e+00   0.0000000e+00   2.7058055e+01  -1.1548577e-02   0.0000000e+00  -3.2970429e-01  -6.0630523e+01
  9.9553472541593e+00   1.2036848e+00   0.0000000e+00   2.7056298e+01  -1.1548577e-02   0.0000000e+00  -3.2886240e-01  -6.0630523e+01
  9.9602225466443e+00   1.2036848e+00   0.0000000e+00   2.7054529e+01  -1.1548577e-02   0.0000000e+00  -3.2808022e-01  -6.0630523e+01
  9.9650978391292e+00   1.2036848e+00   0.0000000e+00   2.7052731e+01  -1.1548577e-02   0.0000000e+00  -3.2728903e-01  -6.0630523e+01
  9.9699731316141e+00   1.2036848e+00   0.0000000e+00   2.7050996e+01  -1.1548577e-02   0.0000000e+00  -3.2646301e-01  -6.0630523e+01
  9.9748484240990e+00   1.2036848e+00   0.0000000e+00   2.7049422e+01  -1.1548577e-02   0.0000000e+00  -3.2561186e-01  -6.0630523e+01
  9.9797237165839e+00   1.2036848e+00   0.0000000e+00   2.7047998e+01  -1.1548577e-02   0.0000000e+00  -3.2475162e-01  -6.0630523e+01
  9.9845990090689e+00   1.2036848e+00   0.0000000e+00   2.7046612e+01  -1.1548577e-02   0.0000000e+00  -3.2388126e-01  -6.0630523e+01
  9.9894743015538e+00   1.2036848e+00   0.0000000e+00   2.7045126e+01  -1.1548577e-02   0.0000000e+00  -3.2298059e-01  -6.0630523e+01
  9.9943495940387e+00   1.2036848e+00   0.0000000e+00   2.7043466e+01  -1.1548577e-02   0.0000000e+00  -3.2202845e-01  -6.0630523e+01
  9.9992248865236e+00   1.2036848e+00   0.0000000e+00   2.7041629e+01  -1.1548577e-02   0.0000000e+00  -3.2100122e-01  -6.0630523e+01
  1.0004100179008e+01   1.2036848e+00   0.0000000e+00   2.7039662e+01  -1.1548577e-02   0.0000000e+00  -3.1986958e-01  -6.0630523e+01
  1.0008975471493e+01   1.2036848e+00   0.0000000e+00   2.7037661e+01  -1.1548577e-02   0.0000000e+00  -3.1860165e-01  -6.0630523e+01
  1.0013850763978e+01   1.2036848e+00   0.0000000e+00   2.7035722e+01  -1.1548577e-02   0.0000000e+00  -3.1716144e-01  -6.0630523e+01
  1.0018726056463e+01   1.2036848e+00   0.0000000e+00   2.7033918e+01  -1.1548577e-02   0.0000000e+00  -3.1552491e-01  -6.0630523e+01
  1.0023601348948e+01   1.2036848e+00   0.0000000e+00   2.7032279e+01  -1.1548577e-02   0.0000000e+00  -3.1369740e-01  -6.0630523e+01
  1.0028476641433e+01   1.2036848e+00   0.0000000e+00   2.7030801e+01  -1.1548577e-02   0.0000000e+00  -3.1173300e-01  -6.0630523e+01
  1.0033351933918e+01   1.2036848e+00   0.0000000e+00   2.7029488e+01  -1.1548577e-02   0.0000000e+00  -3.0973149e-01  -6.0630523e+01
  1.0038227226403e+01   1.2036848e+00   0.0000000e+00   2.7028358e+01  -1.1548577e-02   0.0000000e+00  -3.0779869e-01  -6.0630523e+01
  1.0043102518888e+01   1.2036848e+00   0.0000000e+00   2.7027407e+01  -1.1548577e-02   0.0000000e+00  -3.0599926e-01  -6.0630523e+01
  1.0047977811373e+01   1.2036848e+00   0.0000000e+00   2.7026564e+01  -1.1548577e-02   0.0000000e+00  -3.0434832e-01  -6.0630523e+01
  1.0052853103858e+01   1.2036848e+00   0.0000000e+00   2.7025711e+01  -1.1548577e-02   0.0000000e+00  -3.0285454e-01  -6.0630523e+01
  1.0057728396343e+01   1.2036848e+00   0.0000000e+00   2.7024731e+01  -1.1548577e-02   0.0000000e+00  -3.0154243e-01  -6.0630523e+01
  1.0062603688828e+01   1.2036848e+00   0.0000000e+00   2.7023556e+01  -1.1548577e-02   0.0000000e+00  -3.0042249e-01  -6.0630523e+01
  1.0067478981312e+01   1.2036848e+00   0.0000000e+00   2.7022196e+01  -1.1548577e-02   0.0000000e+00  -2.9946861e-01  -6.0630523e+01
  1.0072354273797e+01   1.2036848e+00   0.0000000e+00   2.7020728e+01  -1.1548577e-02   0.0000000e+00  -2.9864098e-01  -6.0630523e+01
  1.0077229566282e+01   1.2036848e+00   0.0000000e+00   2.7019211e+01  -1.1548577e-02   0.0000000e+00  -2.9791733e-01  -6.0630523e+01
  1.0082104858767e+01   1.2036848e+00   0.0000000e+00   2.7017642e+01  -1.1548577e-02   0.0000000e+00  -2.9730252e-01  -6.0630523e+01
  1.0086980151252e+01   1.2036848e+00   0.0000000e+00   2.7015998e+01  -1.1548577e-02   0.0000000e+00  -2.9681162e-01  -6.0630523e+01
  1.0091855443737e+01   1.2036848e+00   0.0000000e+00   2.7014311e+01  -1.1548577e-02   0.0000000e+00  -2.9644276e-01  -6.0630523e+01
  1.0096730736222e+01   1.2036848e+00   0.0000000e+00   2.7012669e+01  -1.1548577e-02   0.0000000e+00  -2.9615919e-01  -6.0630523e+01
  1.0101606028707e+01   1.2036848e+00   0.0000000e+00   2.7011131e+01  -1.1548577e-02   0.0000000e+00  -2.9589833e-01  -6.0630523e+01
  1.0106481321192e+01   1.2036848e+00   0.0000000e+00   2.7009674e+01  -1.1548577e-02   0.0000000e+00  -2.9560906e-01  -6.0630523e+01
  1.0111356613677e+01   1.2036848e+00   0.0000000e+00   2.7008228e+01  -1.1548577e-02   0.0000000e+00  -2.9528326e-01  -6.0630523e+01
  1.0116231906162e+01   1.2036848e+00   0.0000000e+00   2.7006744e+01  -1.1548577e-02   0.0000000e+00  -2.9494923e-01  -6.0630523e+01
  1.0121107198647e+01   1.2036848e+00   0.0000000e+00   2.7005255e+01  -1.1548577e-02   0.0000000e+00  -2.9463378e-01  -6.0630523e+01
  1.0125982491132e+01   1.2036848e+00   0.0000000e+00   2.7003831e+01  -1.1548577e-02   0.0000000e+00  -2.9433013e-01  -6.0630523e+01
  1.0130857783616e+01   1.2036848e+00   0.0000000e+00   2.7002519e+01  -1.1548577e-02   0.0000000e+00  -2.9399712e-01  -6.0630523e+01
  1.0135733076101e+01   1.2036848e+00   0.0000000e+00   2.7001307e+01  -1.1548577e-02   0.0000000e+00  -2.9357709e-01  -6.0630523e+01
  1.0140608368586e+01   1.2036848e+00   0.0000000e+00   2.7000155e+01  -1.1548577e-02   0.0000000e+00  -2.9302074e-01  -6.0630523e+01
  1.0145483661071e+01   1.2036848e+00   0.0000000e+00   2.6999053e+01  -1.1548577e-02   0.0000000e+00  -2.9230818e-01  -6.0630523e+01
  1.0150358953556e+01   1.2036848e+00   0.0000000e+00   2.6998044e+01  -1.1548577e-02   0.0000000e+00  -2.9145431e-01  -6.0630523e+01
  1.0155234246041e+01   1.2036848e+00   0.0000000e+00   2.6997181e+01  -1.1548577e-02   0.0000000e+00  -2.9048981e-01  -6.0630523e+01
  1.0160109538526e+01   1.2036848e+00   0.0000000e+00   2.6996467e+01  -1.1548577e-02   0.0000000e+00  -2.8943805e-01  -6.0630523e+01
  1.0164984831011e+01   1.2036848e+00   0.0000000e+00   2.6995833e+01  -1.1548577e-02   0.0000000e+00  -2.8831829e-01  -6.0630523e+01
  1.0169860123496e+01   1.2036848e+00   0.0000000e+00   2.6995198e+01  -1.1548577e-02   0.0000000e+00  -2.8716627e-01  -6.0630523e+01
  1.0174735415981e+01   1.2036848e+00   0.0000000e+00   2.6994521e+01  -1.1548577e-02   0.0000000e+00  -2.8603572e-01  -6.0630523e+01
  1.0179610708466e+01   1.2036848e+00   0.0000000e+00   2.6993793e+01  -1.1548577e-02   0.0000000e+00  -2.8497635e-01  -6.0630523e+01
  1.0184486000950e+01   1.2036848e+00   0.0000000e+00   2.6992990e+01  -1.1548577e-02   0.0000000e+00  -2.8401782e-01  -6.0630523e+01
  1.0189361293435e+01   1.2036848e+00   0.0000000e+00   2.6992051e+01  -1.1548577e-02   0.0000000e+00  -2.8317708e-01  -6.0630523e+01
  1.0194236585920e+01   1.2036848e+00   0.0000000e+00   2.6990929e+01  -1.1548577e-02   0.0000000e+00  -2.8247472e-01  -6.0630523e+01
  1.0199111878405e+01   1.2036848e+00   0.0000000e+00   2.6989638e+01  -1.1548577e-02   0.0000000e+00  -2.8193354e-01  -6.0630523e+01
  1.0203987170890e+01   1.2036848e+00   0.0000000e+00   2.6988239e+01  -1.1548577e-02   0.0000000e+00  -2.8155676e-01  -6.0630523e+01
  1.0208862463375e+01   1.2036848e+00   0.0000000e+00   2.6986773e+01  -1.1548577e-02   0.0000000e+00  -2.8131078e-01  -6.0630523e+01
  1.0213737755860e+01   1.2036848e+00   0.0000000e+00   2.6985222e+01  -1.1548577e-02   0.0000000e+00  -2.8113775e-01  -6.0630523e+01
  1.0218613048345e+01   1.2036848e+00   0.0000000e+00   2.6983547e+01  -1.1548577e-02   0.0000000e+00  -2.8098616e-01  -6.0630523e+01
  1.0223488340830e+01   1.2036848e+00   0.0000000e+00   2.6981741e+01  -1.1548577e-02   0.0000000e+00  -2.8081980e-01  -6.0630523e+01
  1.0228363633315e+01   1.2036848e+00   0.0000000e+00   2.6979857e+01  -1.1548577e-02   0.0000000e+00  -2.8059999e-01  -6.0630523e+01
  1.0233238925800e+01   1.2036848e+00   0.0000000e+00   2.6977980e+01  -1.1548577e-02   0.0000000e+00  -2.8027527e-01  -6.0630523e+01
  1.0238114218285e+01   1.2036848e+00   0.0000000e+00   2.6976197e+01  -1.1548577e-02   0.0000000e+00  -2.7980226e-01  -6.0630523e+01
  1.0242989510769e+01   1.2036848e+00   0.0000000e+00   2.6974554e+01  -1.1548577e-02   0.0000000e+00  -2.7917114e-01  -6.0630523e+01
  1.0247864803254e+01   1.2036848e+00   0.0000000e+00   2.6973041e+01  -1.1548577e-02   0.0000000e+00  -2.7840338e-01  -6.0630523e+01
  1.0252740095739e+01   1.2036848e+00   0.0000000e+00   2.6971622e+01  -1.1548577e-02   0.0000000e+00  -2.7752653e-01  -6.0630523e+01
  1.0257615388224e+01   1.2036848e+00   0.0000000e+00   2.6970294e+01  -1.1548577e-02   0.0000000e+00  -2.7655408e-01  -6.0630523e+01
  1.0262490680709e+01   1.2036848e+00   0.0000000e+00   2.6969108e+01  -1.1548577e-02   0.0000000e+00  -2.7548556e-01  -6.0630523e+01
  1.0267365973194e+01   1.2036848e+00   0.0000000e+00   2.6968116e+01  -1.1548577e-02   0.0000000e+00  -2.7431760e-01  -6.0630523e+01
  1.0272241265679e+01   1.2036848e+00   0.0000000e+00   2.6967307e+01  -1.1548577e-02   0.0000000e+00  -2.7305537e-01  -6.0630523e+01
  1.0277116558164e+01   1.2036848e+00   0.0000000e+00   2.6966599e+01  -1.1548577e-02   0.0000000e+00  -2.7171965e-01  -6.0630523e+01
  1.0281991850649e+01   1.2036848e+00   0.0000000e+00   2.6965895e+01  -1.1548577e-02   0.0000000e+00  -2.7034709e-01  -6.0630523e+01
  1.0286867143134e+01   1.2036848e+00   0.0000000e+00   2.6965160e+01  -1.1548577e-02   0.0000000e+00  -2.6898005e-01  -6.0630523e+01
  1.0291742435619e+01   1.2036848e+00   0.0000000e+00   2.6964426e+01  -1.1548577e-02   0.0000000e+00  -2.6765125e-01  -6.0630523e+01
  1.0296617728104e+01   1.2036848e+00   0.0000000e+00   2.6963742e+01  -1.1548577e-02   0.0000000e+00  -2.6637764e-01  -6.0630523e+01
  1.0301493020589e+01   1.2036848e+00   0.0000000e+00   2.6963116e+01  -1.1548577e-02   0.0000000e+00  -2.6517079e-01  -6.0630523e+01
  1.0306368313074e+01   1.2036848e+00   0.0000000e+00   2.6962499e+01  -1.1548577e-02   0.0000000e+00  -2.6405488e-01  -6.0630523e+01
  1.0311243605558e+01   1.2036848e+00   0.0000000e+00   2.6961830e+01  -1.1548577e-02   0.0000000e+00  -2.6306832e-01  -6.0630523e+01
  1.0316118898043e+01   1.2036848e+00   0.0000000e+00   2.6961076e+01  -1.1548577e-02   0.0000000e+00  -2.6224223e-01  -6.0630523e+01
  1.0320994190528e+01   1.2036848e+00   0.0000000e+00   2.6960227e+01  -1.1548577e-02   0.0000000e+00  -2.6157493e-01  -6.0630523e+01
  1.0325869483013e+01   1.2036848e+00   0.0000000e+00   2.6959271e+01  -1.1548577e-02   0.0000000e+00  -2.6102651e-01  -6.0630523e+01
  1.0330744775498e+01   1.2036848e+00   0.0000000e+00   2.6958183e+01  -1.1548577e-02   0.0000000e+00  -2.6053929e-01  -6.0630523e+01
  1.0335620067983e+01   1.2036848e+00   0.0000000e+00   2.6956954e+01  -1.1548577e-02   0.0000000e+00  -2.6006496e-01  -6.0630523e+01
  1.0340495360468e+01   1.2036848e+00   0.0000000e+00   2.6955620e+01  -1.1548577e-02   0.0000000e+00  -2.5957724e-01  -6.0630523e+01
  1.0345370652953e+01   1.2036848e+00   0.0000000e+00   2.6954244e+01  -1.1548577e-02   0.0000000e+00  -2.5906917e-01  -6.0630523e+01
  1.0350245945438e+01   1.2036848e+00   0.0000000e+00   2.6952890e+01  -1.1548577e-02   0.0000000e+00  -2.5854574e-01  -6.0630523e+01
  1.0355121237923e+01   1.2036848e+00   0.0000000e+00   2.6951587e+01  -1.1548577e-02   0.0000000e+00  -2.5801656e-01  -6.0630523e+01
  1.0359996530408e+01   1.2036848e+00   0.0000000e+00   2.6950331e+01  -1.1548577e-02   0.0000000e+00  -2.5748793e-01  -6.0630523e+01
  1.0364871822892e+01   1.2036848e+00   0.0000000e+00   2.6949108e+01  -1.1548577e-02   0.0000000e+00  -2.5695909e-01  -6.0630523e+01
  1.0369747115377e+01   1.2036848e+00   0.0000000e+00   2.6947935e+01  -1.1548577e-02   0.0000000e+00  -2.5642489e-01  -6.0630523e+01
  1.0374622407862e+01   1.2036848e+00   0.0000000e+00   2.6946865e+01  -1.1548577e-02   0.0000000e+00  -2.5587893e-01  -6.0630523e+01
  1.0379497700347e+01   1.2036848e+00   0.0000000e+00   2.6945962e+01  -1.1548577e-02   0.0000000e+00  -2.5531311e-01  -6.0630523e+01
  1.0384372992832e+01   1.2036848e+00   0.0000000e+00   2.6945261e+01  -1.1548577e-02   0.0000000e+00  -2.5471896e-01  -6.0630523e+01
  1.0389248285317e+01   1.2036848e+00   0.0000000e+00   2.6944747e+01  -1.1548577e-02   0.0000000e+00  -2.5409367e-01  -6.0630523e+01
  1.0394123577802e+01   1.2036848e+00   0.0000000e+00   2.6944371e+01  -1.1548577e-02   0.0000000e+00  -2.5344494e-01  -6.0630523e+01
  1.0398998870287e+01   1.2036848e+00   0.0000000e+00   2.6944070e+01  -1.1548577e-02   0.0000000e+00  -2.5278974e-01  -6.0630523e+01
  1.0403874162772e+01   1.2036848e+00   0.0000000e+00   2.6943795e+01  -1.1548577e-02   0.0000000e+00  -2.5214967e-01  -6.0630523e+01
  1.0408749455257e+01   1.2036848e+00   0.0000000e+00   2.6943517e+01  -1.1548577e-02   0.0000000e+00  -2.5154706e-01  -6.0630523e+01
  1.0413624747742e+01   1.2036848e+00   0.0000000e+00   2.6943223e+01  -1.1548577e-02   0.0000000e+00  -2.5099649e-01  -6.0630523e+01
  1.0418500040227e+01   1.2036848e+00   0.0000000e+00   2.6942886e+01  -1.1548577e-02   0.0000000e+00  -2.5049347e-01  -6.0630523e+01
  1.0423375332711e+01   1.2036848e+00   0.0000000e+00   2.6942460e+01  -1.1548577e-02   0.0000000e+00  -2.5001400e-01  -6.0630523e+01
  1.0428250625196e+01   1.2036848e+00   0.0000000e+00   2.6941913e+01  -1.1548577e-02   0.0000000e+00  -2.4952854e-01  -6.0630523e+01
  1.0433125917681e+01   1.2036848e+00   0.0000000e+00   2.6941243e+01  -1.1548577e-02   0.0000000e+00  -2.4901847e-01  -6.0630523e+01
  1.0438001210166e+01   1.2036848e+00   0.0000000e+00   2.6940480e+01  -1.1548577e-02   0.0000000e+00  -2.4848166e-01  -6.0630523e+01
  1.0442876502651e+01   1.2036848e+00   0.0000000e+00   2.6939663e+01  -1.1548577e-02   0.0000000e+00  -2.4792505e-01  -6.0630523e+01
  1.0447751795136e+01   1.2036848e+00   0.0000000e+00   2.6938819e+01  -1.1548577e-02   0.0000000e+00  -2.4735174e-01  -6.0630523e+01
  1.0452627087621e+01   1.2036848e+00   0.0000000e+00   2.6937963e+01  -1.1548577e-02   0.0000000e+00  -2.4675255e-01  -6.0630523e+01
  1.0457502380106e+01   1.2036848e+00   0.0000000e+00   2.6937114e+01  -1.1548577e-02   0.0000000e+00  -2.4610805e-01  -6.0630523e+01
  1.0462377672591e+01   1.2036848e+00   0.0000000e+00   2.6936297e+01  -1.1548577e-02   0.0000000e+00  -2.4539971e-01  -6.0630523e+01
  1.0467252965076e+01   1.2036848e+00   0.0000000e+00   2.6935539e+01  -1.1548577e-02   0.0000000e+00  -2.4462151e-01  -6.0630523e+01
  1.0472128257561e+01   1.2036848e+00   0.0000000e+00   2.6934847e+01  -1.1548577e-02   0.0000000e+00  -2.4378345e-01  -6.0630523e+01
  1.0477003550046e+01   1.2036848e+00   0.0000000e+00   2.6934204e+01  -1.1548577e-02   0.0000000e+00  -2.4290853e-01  -6.0630523e+01
  1.0481878842531e+01   1.2036848e+00   0.0000000e+00   2.6933582e+01  -1.1548577e-02   0.0000000e+00  -2.4202718e-01  -6.0630523e+01
  1.0486754135015e+01   1.2036848e+00   0.0000000e+00   2.6932966e+01  -1.1548577e-02   0.0000000e+00  -2.4117089e-01  -6.0630523e+01
  1.0491629427500e+01   1.2036848e+00   0.0000000e+00   2.6932361e+01  -1.1548577e-02   0.0000000e+00  -2.4036604e-01  -6.0630523e+01
  1.0496504719985e+01   1.2036848e+00   0.0000000e+00   2.6931773e+01  -1.1548577e-02   0.0000000e+00  -2.3963036e-01  -6.0630523e+01
  1.0501380012470e+01   1.2036848e+00   0.0000000e+00   2.6931205e+01  -1.1548577e-02   0.0000000e+00  -2.3897325e-01  -6.0630523e+01
  1.0506255304955e+01   1.2036848e+00   0.0000000e+00   2.6930643e+01  -1.1548577e-02   0.0000000e+00  -2.3839789e-01  -6.0630523e+01
  1.0511130597440e+01   1.2036848e+00   0.0000000e+00   2.6930066e+01  -1.1548577e-02   0.0000000e+00  -2.3790239e-01  -6.0630523e+01
  1.0516005889925e+01   1.2036848e+00   0.0000000e+00   2.6929452e+01  -1.1548577e-02   0.0000000e+00  -2.3748111e-01  -6.0630523e+01
  1.0520881182410e+01   1.2036848e+00   0.0000000e+00   2.6928788e+01  -1.1548577e-02   0.0000000e+00  -2.3712745e-01  -6.0630523e+01
  1.0525756474895e+01   1.2036848e+00   0.0000000e+00   2.6928077e+01  -1.1548577e-02   0.0000000e+00  -2.3683605e-01  -6.0630523e+01
  1.0530631767380e+01   1.2036848e+00   0.0000000e+00   2.6927330e+01  -1.1548577e-02   0.0000000e+00  -2.3660156e-01  -6.0630523e+01
  1.0535507059865e+01   1.2036848e+00   0.0000000e+00   2.6926565e+01  -1.1548577e-02   0.0000000e+00  -2.3641518e-01  -6.0630523e+01
  1.0540382352349e+01   1.2036848e+00   0.0000000e+00   2.6925794e+01  -1.1548577e-02   0.0000000e+00  -2.3626297e-01  -6.0630523e+01
  1.0545257644834e+01   1.2036848e+00   0.0000000e+00   2.6925028e+01  -1.1548577e-02   0.0000000e+00  -2.3612732e-01  -6.0630523e+01
  1.0550132937319e+01   1.2036848e+00   0.0000000e+00   2.6924286e+01  -1.1548577e-02   0.0000000e+00  -2.3598907e-01  -6.0630523e+01
  1.0555008229804e+01   1.2036848e+00   0.0000000e+00   2.6923590e+01  -1.1548577e-02   0.0000000e+00  -2.3582820e-01  -6.0630523e+01
  1.0559883522289e+01   1.2036848e+00   0.0000000e+00   2.6922967e+01  -1.1548577e-02   0.0000000e+00  -2.3562255e-01  -6.0630523e+01
  1.0564758814774e+01   1.2036848e+00   0.0000000e+00   2.6922436e+01  -1.1548577e-02   0.0000000e+00  -2.3534715e-01  -6.0630523e+01
  1.0569634107259e+01   1.2036848e+00   0.0000000e+00   2.6922014e+01  -1.1548577e-02   0.0000000e+00  -2.3497725e-01  -6.0630523e+01
  1.0574509399744e+01   1.2036848e+00   0.0000000e+00   2.6921704e+01  -1.1548577e-02   0.0000000e+00  -2.3449506e-01  -6.0630523e+01
  1.0579384692229e+01   1.2036848e+00   0.0000000e+00   2.6921498e+01  -1.1548577e-02   0.0000000e+00  -2.3389613e-01  -6.0630523e+01
  1.0584259984714e+01   1.2036848e+00   0.0000000e+00   2.6921376e+01  -1.1548577e-02   0.0000000e+00  -2.3319086e-01  -6.0630523e+01
  1.0589135277199e+01   1.2036848e+00   0.0000000e+00   2.6921308e+01  -1.1548577e-02   0.0000000e+00  -2.3239988e-01  -6.0630523e+01
  1.0594010569684e+01   1.2036848e+00   0.0000000e+00   2.6921263e+01  -1.1548577e-02   0.0000000e+00  -2.3154503e-01  -6.0630523e+01
  1.0598885862169e+01   1.2036848e+00   0.0000000e+00   2.6921213e+01  -1.1548577e-02   0.0000000e+00  -2.3064147e-01  -6.0630523e+01
  1.0603761154653e+01   1.2036848e+00   0.0000000e+00   2.6921135e+01  -1.1548577e-02   0.0000000e+00  -2.2969625e-01  -6.0630523e+01
  1.0608636447138e+01   1.2036848e+00   0.0000000e+00   2.6921010e+01  -1.1548577e-02   0.0000000e+00  -2.2871504e-01  -6.0630523e+01
  1.0613511739623e+01   1.2036848e+00   0.0000000e+00   2.6920821e+01  -1.1548577e-02   0.0000000e+00  -2.2771135e-01  -6.0630523e+01
  1.0618387032108e+01   1.2036848e+00   0.0000000e+00   2.6920544e+01  -1.1548577e-02   0.0000000e+00  -2.2670973e-01  -6.0630523e+01
  1.0623262324593e+01   1.2036848e+00   0.0000000e+00   2.6920151e+01  -1.1548577e-02   0.0000000e+00  -2.2574053e-01  -6.0630523e+01
  1.0628137617078e+01   1.2036848e+00   0.0000000e+00   2.6919603e+01  -1.1548577e-02   0.0000000e+00  -2.2483241e-01  -6.0630523e+01
  1.0633012909563e+01   1.2036848e+00   0.0000000e+00   2.6918863e+01  -1.1548577e-02   0.0000000e+00  -2.2400863e-01  -6.0630523e+01
  1.0637888202048e+01   1.2036848e+00   0.0000000e+00   2.6917920e+01  -1.1548577e-02   0.0000000e+00  -2.2328591e-01  -6.0630523e+01
  1.0642763494533e+01   1.2036848e+00   0.0000000e+00   2.6916781e+01  -1.1548577e-02   0.0000000e+00  -2.2267196e-01  -6.0630523e+01
  1.0647638787018e+01   1.2036848e+00   0.0000000e+00   2.6915474e+01  -1.1548577e-02   0.0000000e+00  -2.2216182e-01  -6.0630523e+01
  1.0652514079503e+01   1.2036848e+00   0.0000000e+00   2.6914032e+01  -1.1548577e-02   0.0000000e+00  -2.2173766e-01  -6.0630523e+01
  1.0657389371988e+01   1.2036848e+00   0.0000000e+00   2.6912502e+01  -1.1548577e-02   0.0000000e+00  -2.2137479e-01  -6.0630523e+01
  1.0662264664473e+01   1.2036848e+00   0.0000000e+00   2.6910944e+01  -1.1548577e-02   0.0000000e+00  -2.2105005e-01  -6.0630523e+01
  1.0667139956957e+01   1.2036848e+00   0.0000000e+00   2.6909429e+01  -1.1548577e-02   0.0000000e+00  -2.2074633e-01  -6.0630523e+01
  1.0672015249442e+01   1.2036848e+00   0.0000000e+00   2.6908018e+01  -1.1548577e-02   0.0000000e+00  -2.2045101e-01  -6.0630523e+01
  1.0676890541927e+01   1.2036848e+00   0.0000000e+00   2.6906750e+01  -1.1548577e-02   0.0000000e+00  -2.2015090e-01  -6.0630523e+01
  1.0681765834412e+01   1.2036848e+00   0.0000000e+00   2.6905625e+01  -1.1548577e-02   0.0000000e+00  -2.1982877e-01  -6.0630523e+01
  1.0686641126897e+01   1.2036848e+00   0.0000000e+00   2.6904608e+01  -1.1548577e-02   0.0000000e+00  -2.1946558e-01  -6.0630523e+01
  1.0691516419382e+01   1.2036848e+00   0.0000000e+00   2.6903645e+01  -1.1548577e-02   0.0000000e+00  -2.1904795e-01  -6.0630523e+01
  1.0696391711867e+01   1.2036848e+00   0.0000000e+00   2.6902682e+01  -1.1548577e-02   0.0000000e+00  -2.1857568e-01  -6.0630523e+01
  1.0701267004352e+01   1.2036848e+00   0.0000000e+00   2.6901674e+01  -1.1548577e-02   0.0000000e+00  -2.1806323e-01  -6.0630523e+01
  1.0706142296837e+01   1.2036848e+00   0.0000000e+00   2.6900582e+01  -1.1548577e-02   0.0000000e+00  -2.1753339e-01  -6.0630523e+01
  1.0711017589322e+01   1.2036848e+00   0.0000000e+00   2.6899369e+01  -1.1548577e-02   0.0000000e+00  -2.1700779e-01  -6.0630523e+01
  1.0715892881807e+01   1.2036848e+00   0.0000000e+00   2.6897992e+01  -1.1548577e-02   0.0000000e+00  -2.1650103e-01  -6.0630523e+01
  1.0720768174291e+01   1.2036848e+00   0.0000000e+00   2.6896414e+01  -1.1548577e-02   0.0000000e+00  -2.1602134e-01  -6.0630523e+01
  1.0725643466776e+01   1.2036848e+00   0.0000000e+00   2.6894605e+01  -1.1548577e-02   0.0000000e+00  -2.1557511e-01  -6.0630523e+01
  1.0730518759261e+01   1.2036848e+00   0.0000000e+00   2.6892553e+01  -1.1548577e-02   0.0000000e+00  -2.1517039e-01  -6.0630523e+01
  1.0735394051746e+01   1.2036848e+00   0.0000000e+00   2.6890253e+01  -1.1548577e-02   0.0000000e+00  -2.1481694e-01  -6.0630523e+01
  1.0740269344231e+01   1.2036848e+00   0.0000000e+00   2.6887713e+01  -1.1548577e-02   0.0000000e+00  -2.1452489e-01  -6.0630523e+01
  1.0745144636716e+01   1.2036848e+00   0.0000000e+00   2.6884948e+01  -1.1548577e-02   0.0000000e+00  -2.1430583e-01  -6.0630523e+01
  1.0750019929201e+01   1.2036848e+00   0.0000000e+00   2.6881989e+01  -1.1548577e-02   0.0000000e+00  -2.1417607e-01  -6.0630523e+01
  1.0754895221686e+01   1.2036848e+00   0.0000000e+00   2.6878888e+01  -1.1548577e-02   0.0000000e+00  -2.1415788e-01  -6.0630523e+01
  1.0759770514171e+01   1.2036848e+00   0.0000000e+00   2.6875705e+01  -1.1548577e-02   0.0000000e+00  -2.1427495e-01  -6.0630523e+01
  1.0764645806656e+01   1.2036848e+00   0.0000000e+00   2.6872503e+01  -1.1548577e-02   0.0000000e+00  -2.1454323e-01  -6.0630523e+01
  1.0769521099141e+01   1.2036848e+00   0.0000000e+00   2.6869333e+01  -1.1548577e-02   0.0000000e+00  -2.1496312e-01  -6.0630523e+01
  1.0774396391626e+01   1.2036848e+00   0.0000000e+00   2.6866238e+01  -1.1548577e-02   0.0000000e+00  -2.1551892e-01  -6.0630523e+01
  1.0779271684110e+01   1.2036848e+00   0.0000000e+00   2.6863247e+01  -1.1548577e-02   0.0000000e+00  -2.1618586e-01  -6.0630523e+01
  1.0784146976595e+01   1.2036848e+00   0.0000000e+00   2.6860384e+01  -1.1548577e-02   0.0000000e+00  -2.1693903e-01  -6.0630523e+01
  1.0789022269080e+01   1.2036848e+00   0.0000000e+00   2.6857662e+01  -1.1548577e-02   0.0000000e+00  -2.1775787e-01  -6.0630523e+01
  1.0793897561565e+01   1.2036848e+00   0.0000000e+00   2.6855085e+01  -1.1548577e-02   0.0000000e+00  -2.1862457e-01  -6.0630523e+01
  1.0798772854050e+01   1.2036848e+00   0.0000000e+00   2.6852646e+01  -1.1548577e-02   0.0000000e+00  -2.1952022e-01  -6.0630523e+01
  1.0803648146535e+01   1.2036848e+00   0.0000000e+00   2.6850338e+01  -1.1548577e-02   0.0000000e+00  -2.2042314e-01  -6.0630523e+01
  1.0808523439020e+01   1.2036848e+00   0.0000000e+00   2.6848152e+01  -1.1548577e-02   0.0000000e+00  -2.2131042e-01  -6.0630523e+01
  1.0813398731505e+01   1.2036848e+00   0.0000000e+00   2.6846077e+01  -1.1548577e-02   0.0000000e+00  -2.2216046e-01  -6.0630523e+01
  1.0818274023990e+01   1.2036848e+00   0.0000000e+00   2.6844093e+01  -1.1548577e-02   0.0000000e+00  -2.2295527e-01  -6.0630523e+01
  1.0823149316475e+01   1.2036848e+00   0.0000000e+00   2.6842174e+01  -1.1548577e-02   0.0000000e+00  -2.2368285e-01  -6.0630523e+01
  1.0828024608960e+01   1.2036848e+00   0.0000000e+00   2.6840294e+01  -1.1548577e-02   0.0000000e+00  -2.2433913e-01  -6.0630523e+01
  1.0832899901445e+01   1.2036848e+00   0.0000000e+00   2.6838429e+01  -1.1548577e-02   0.0000000e+00  -2.2492790e-01  -6.0630523e+01
  1.0837775193930e+01   1.2036848e+00   0.0000000e+00   2.6836559e+01  -1.1548577e-02   0.0000000e+00  -2.2545836e-01  -6.0630523e+01
  1.0842650486415e+01   1.2036848e+00   0.0000000e+00   2.6834662e+01  -1.1548577e-02   0.0000000e+00  -2.2594279e-01  -6.0630523e+01
  1.0847525778899e+01   1.2036848e+00   0.0000000e+00   2.6832720e+01  -1.1548577e-02   0.0000000e+00  -2.2639727e-01  -6.0630523e+01
  1.0852401071384e+01   1.2036848e+00   0.0000000e+00   2.6830736e+01  -1.1548577e-02   0.0000000e+00  -2.2684480e-01  -6.0630523e+01
  1.0857276363869e+01   1.2036848e+00   0.0000000e+00   2.6828737e+01  -1.1548577e-02   0.0000000e+00  -2.2731564e-01  -6.0630523e+01
  1.0862151656354e+01   1.2036848e+00   0.0000000e+00   2.6826771e+01  -1.1548577e-02   0.0000000e+00  -2.2784034e-01  -6.0630523e+01
  1.0867026948839e+01   1.2036848e+00   0.0000000e+00   2.6824881e+01  -1.1548577e-02   0.0000000e+00  -2.2843889e-01  -6.0630523e+01
  1.0871902241324e+01   1.2036848e+00   0.0000000e+00   2.6823078e+01  -1.1548577e-02   0.0000000e+00  -2.2911470e-01  -6.0630523e+01
  1.0876777533809e+01   1.2036848e+00   0.0000000e+00   2.6821346e+01  -1.1548577e-02   0.0000000e+00  -2.2985795e-01  -6.0630523e+01
  1.0881652826294e+01   1.2036848e+00   0.0000000e+00   2.6819664e+01  -1.1548577e-02   0.0000000e+00  -2.3065439e-01  -6.0630523e+01
  1.0886528118779e+01   1.2036848e+00   0.0000000e+00   2.6818025e+01  -1.1548577e-02   0.0000000e+00  -2.3149091e-01  -6.0630523e+01
  1.0891403411264e+01   1.2036848e+00   0.0000000e+00   2.6816444e+01  -1.1548577e-02   0.0000000e+00  -2.3235394e-01  -6.0630523e+01
  1.0896278703749e+01   1.2036848e+00   0.0000000e+00   2.6814938e+01  -1.1548577e-02   0.0000000e+00  -2.3322428e-01  -6.0630523e+01
  1.0901153996234e+01   1.2036848e+00   0.0000000e+00   2.6813516e+01  -1.1548577e-02   0.0000000e+00  -2.3407587e-01  -6.0630523e+01
  1.0906029288718e+01   1.2036848e+00   0.0000000e+00   2.6812169e+01  -1.1548577e-02   0.0000000e+00  -2.3488128e-01  -6.0630523e+01
  1.0910904581203e+01   1.2036848e+00   0.0000000e+00   2.6810887e+01  -1.1548577e-02   0.0000000e+00  -2.3561939e-01  -6.0630523e+01
  1.0915779873688e+01   1.2036848e+00   0.0000000e+00   2.6809662e+01  -1.1548577e-02   0.0000000e+00  -2.3627870e-01  -6.0630523e+01
  1.0920655166173e+01   1.2036848e+00   0.0000000e+00   2.6808490e+01  -1.1548577e-02   0.0000000e+00  -2.3685436e-01  -6.0630523e+01
  1.0925530458658e+01   1.2036848e+00   0.0000000e+00   2.6807354e+01  -1.1548577e-02   0.0000000e+00  -2.3734305e-01  -6.0630523e+01
  1.0930405751143e+01   1.2036848e+00   0.0000000e+00   2.6806223e+01  -1.1548577e-02   0.0000000e+00  -2.3774190e-01  -6.0630523e+01
  1.0935281043628e+01   1.2036848e+00   0.0000000e+00   2.6805051e+01  -1.1548577e-02   0.0000000e+00  -2.3805272e-01  -6.0630523e+01
  1.0940156336113e+01   1.2036848e+00   0.0000000e+00   2.6803797e+01  -1.1548577e-02   0.0000000e+00  -2.3828742e-01  -6.0630523e+01
  1.0945031628598e+01   1.2036848e+00   0.0000000e+00   2.6802445e+01  -1.1548577e-02   0.0000000e+00  -2.3846850e-01  -6.0630523e+01
  1.0949906921083e+01   1.2036848e+00   0.0000000e+00   2.6801001e+01  -1.1548577e-02   0.0000000e+00  -2.3862325e-01  -6.0630523e+01
  1.0954782213568e+01   1.2036848e+00   0.0000000e+00   2.6799485e+01  -1.1548577e-02   0.0000000e+00  -2.3877582e-01  -6.0630523e+01
  1.0959657506052e+01   1.2036848e+00   0.0000000e+00   2.6797921e+01  -1.1548577e-02   0.0000000e+00  -2.3894337e-01  -6.0630523e+01
  1.0964532798537e+01   1.2036848e+00   0.0000000e+00   2.6796327e+01  -1.1548577e-02   0.0000000e+00  -2.3913806e-01  -6.0630523e+01
  1.0969408091022e+01   1.2036848e+00   0.0000000e+00   2.6794721e+01  -1.1548577e-02   0.0000000e+00  -2.3937112e-01  -6.0630523e+01
  1.0974283383507e+01   1.2036848e+00   0.0000000e+00   2.6793119e+01  -1.1548577e-02   0.0000000e+00  -2.3965425e-01  -6.0630523e+01
  1.0979158675992e+01   1.2036848e+00   0.0000000e+00   2.6791539e+01  -1.1548577e-02   0.0000000e+00  -2.3999785e-01  -6.0630523e+01
  1.0984033968477e+01   1.2036848e+00   0.0000000e+00   2.6789995e+01  -1.1548577e-02   0.0000000e+00  -2.4040928e-01  -6.0630523e+01
  1.0988909260962e+01   1.2036848e+00   0.0000000e+00   2.6788498e+01  -1.1548577e-02   0.0000000e+00  -2.4089360e-01  -6.0630523e+01
  1.0993784553447e+01   1.2036848e+00   0.0000000e+00   2.6787060e+01  -1.1548577e-02   0.0000000e+00  -2.4145573e-01  -6.0630523e+01
  1.0998659845932e+01   1.2036848e+00   0.0000000e+00   2.6785696e+01  -1.1548577e-02   0.0000000e+00  -2.4210023e-01  -6.0630523e+01
  1.1003535138417e+01   1.2036848e+00   0.0000000e+00   2.6784414e+01  -1.1548577e-02   0.0000000e+00  -2.4282736e-01  -6.0630523e+01
  1.1008410430902e+01   1.2036848e+00   0.0000000e+00   2.6783214e+01  -1.1548577e-02   0.0000000e+00  -2.4362862e-01  -6.0630523e+01
  1.1013285723387e+01   1.2036848e+00   0.0000000e+00   2.6782081e+01  -1.1548577e-02   0.0000000e+00  -2.4448639e-01  -6.0630523e+01
  1.1018161015872e+01   1.2036848e+00   0.0000000e+00   2.6780992e+01  -1.1548577e-02   0.0000000e+00  -2.4537890e-01  -6.0630523e+01
  1.1023036308356e+01   1.2036848e+00   0.0000000e+00   2.6779922e+01  -1.1548577e-02   0.0000000e+00  -2.4628724e-01  -6.0630523e+01
  1.1027911600841e+01   1.2036848e+00   0.0000000e+00   2.6778850e+01  -1.1548577e-02   0.0000000e+00  -2.4719937e-01  -6.0630523e+01
  1.1032786893326e+01   1.2036848e+00   0.0000000e+00   2.6777753e+01  -1.1548577e-02   0.0000000e+00  -2.4810845e-01  -6.0630523e+01
  1.1037662185811e+01   1.2036848e+00   0.0000000e+00   2.6776606e+01  -1.1548577e-02   0.0000000e+00  -2.4900762e-01  -6.0630523e+01
  1.1042537478296e+01   1.2036848e+00   0.0000000e+00   2.6775385e+01  -1.1548577e-02   0.0000000e+00  -2.4988559e-01  -6.0630523e+01
  1.1047412770781e+01   1.2036848e+00   0.0000000e+00   2.6774068e+01  -1.1548577e-02   0.0000000e+00  -2.5072565e-01  -6.0630523e+01
  1.1052288063266e+01   1.2036848e+00   0.0000000e+00   2.6772652e+01  -1.1548577e-02   0.0000000e+00  -2.5150752e-01  -6.0630523e+01
  1.1057163355751e+01   1.2036848e+00   0.0000000e+00   2.6771146e+01  -1.1548577e-02   0.0000000e+00  -2.5221023e-01  -6.0630523e+01
  1.1062038648236e+01   1.2036848e+00   0.0000000e+00   2.6769571e+01  -1.1548577e-02   0.0000000e+00  -2.5281517e-01  -6.0630523e+01
  1.1066913940721e+01   1.2036848e+00   0.0000000e+00   2.6767945e+01  -1.1548577e-02   0.0000000e+00  -2.5330944e-01  -6.0630523e+01
  1.1071789233206e+01   1.2036848e+00   0.0000000e+00   2.6766286e+01  -1.1548577e-02   0.0000000e+00  -2.5368952e-01  -6.0630523e+01
  1.1076664525691e+01   1.2036848e+00   0.0000000e+00   2.6764610e+01  -1.1548577e-02   0.0000000e+00  -2.5396382e-01  -6.0630523e+01
  1.1081539818176e+01   1.2036848e+00   0.0000000e+00   2.6762942e+01  -1.1548577e-02   0.0000000e+00  -2.5415236e-01  -6.0630523e+01
  1.1086415110660e+01   1.2036848e+00   0.0000000e+00   2.6761311e+01  -1.1548577e-02   0.0000000e+00  -2.5428356e-01  -6.0630523e+01
  1.1091290403145e+01   1.2036848e+00   0.0000000e+00   2.6759749e+01  -1.1548577e-02   0.0000000e+00  -2.5438997e-01  -6.0630523e+01
  1.1096165695630e+01   1.2036848e+00   0.0000000e+00   2.6758285e+01  -1.1548577e-02   0.0000000e+00  -2.5450500e-01  -6.0630523e+01
  1.1101040988115e+01   1.2036848e+00   0.0000000e+00   2.6756937e+01  -1.1548577e-02   0.0000000e+00  -2.5466070e-01  -6.0630523e+01
  1.1105916280600e+01   1.2036848e+00   0.0000000e+00   2.6755713e+01  -1.1548577e-02   0.0000000e+00  -2.5488499e-01  -6.0630523e+01
  1.1110791573085e+01   1.2036848e+00   0.0000000e+00   2.6754616e+01  -1.1548577e-02   0.0000000e+00  -2.5519734e-01  -6.0630523e+01
  1.1115666865570e+01   1.2036848e+00   0.0000000e+00   2.6753641e+01  -1.1548577e-02   0.0000000e+00  -2.5560495e-01  -6.0630523e+01
  1.1120542158055e+01   1.2036848e+00   0.0000000e+00   2.6752787e+01  -1.1548577e-02   0.0000000e+00  -2.5610241e-01  -6.0630523e+01
  1.1125417450540e+01   1.2036848e+00   0.0000000e+00   2.6752051e+01  -1.1548577e-02   0.0000000e+00  -2.5667583e-01  -6.0630523e+01
  1.1130292743025e+01   1.2036848e+00   0.0000000e+00   2.6751428e+01  -1.1548577e-02   0.0000000e+00  -2.5730923e-01  -6.0630523e+01
  1.1135168035510e+01   1.2036848e+00   0.0000000e+00   2.6750908e+01  -1.1548577e-02   0.0000000e+00  -2.5798890e-01  -6.0630523e+01
  1.1140043327994e+01   1.2036848e+00   0.0000000e+00   2.6750468e+01  -1.1548577e-02   0.0000000e+00  -2.5870380e-01  -6.0630523e+01
  1.1144918620479e+01   1.2036848e+00   0.0000000e+00   2.6750075e+01  -1.1548577e-02   0.0000000e+00  -2.5944356e-01  -6.0630523e+01
  1.1149793912964e+01   1.2036848e+00   0.0000000e+00   2.6749689e+01  -1.1548577e-02   0.0000000e+00  -2.6019714e-01  -6.0630523e+01
  1.1154669205449e+01   1.2036848e+00   0.0000000e+00   2.6749269e+01  -1.1548577e-02   0.0000000e+00  -2.6095424e-01  -6.0630523e+01
  1.1159544497934e+01   1.2036848e+00   0.0000000e+00   2.6748781e+01  -1.1548577e-02   0.0000000e+00  -2.6170849e-01  -6.0630523e+01
  1.1164419790419e+01   1.2036848e+00   0.0000000e+00   2.6748191e+01  -1.1548577e-02   0.0000000e+00  -2.6245943e-01  -6.0630523e+01
  1.1169295082904e+01   1.2036848e+00   0.0000000e+00   2.6747470e+01  -1.1548577e-02   0.0000000e+00  -2.6321131e-01  -6.0630523e+01
  1.1174170375389e+01   1.2036848e+00   0.0000000e+00   2.6746588e+01  -1.1548577e-02   0.0000000e+00  -2.6396917e-01  -6.0630523e+01
  1.1179045667874e+01   1.2036848e+00   0.0000000e+00   2.6745525e+01  -1.1548577e-02   0.0000000e+00  -2.6473470e-01  -6.0630523e+01
  1.1183920960359e+01   1.2036848e+00   0.0000000e+00   2.6744277e+01  -1.1548577e-02   0.0000000e+00  -2.6550412e-01  -6.0630523e+01
  1.1188796252844e+01   1.2036848e+00   0.0000000e+00   2.6742864e+01  -1.1548577e-02   0.0000000e+00  -2.6626822e-01  -6.0630523e+01
  1.1193671545329e+01   1.2036848e+00   0.0000000e+00   2.6741321e+01  -1.1548577e-02   0.0000000e+00  -2.6701351e-01  -6.0630523e+01
  1.1198546837814e+01   1.2036848e+00   0.0000000e+00   2.6739686e+01  -1.1548577e-02   0.0000000e+00  -2.6772361e-01  -6.0630523e+01
  1.1203422130298e+01   1.2036848e+00   0.0000000e+00   2.6737993e+01  -1.1548577e-02   0.0000000e+00  -2.6838114e-01  -6.0630523e+01
  1.1208297422783e+01   1.2036848e+00   0.0000000e+00   2.6736274e+01  -1.1548577e-02   0.0000000e+00  -2.6896996e-01  -6.0630523e+01
  1.1213172715268e+01   1.2036848e+00   0.0000000e+00   2.6734562e+01  -1.1548577e-02   0.0000000e+00  -2.6947740e-01  -6.0630523e+01
  1.1218048007753e+01   1.2036848e+00   0.0000000e+00   2.6732893e+01  -1.1548577e-02   0.0000000e+00  -2.6989537e-01  -6.0630523e+01
  1.1222923300238e+01   1.2036848e+00   0.0000000e+00   2.6731303e+01  -1.1548577e-02   0.0000000e+00  -2.7022014e-01  -6.0630523e+01
  1.1227798592723e+01   1.2036848e+00   0.0000000e+00   2.6729815e+01  -1.1548577e-02   0.0000000e+00  -2.7045162e-01  -6.0630523e+01
  1.1232673885208e+01   1.2036848e+00   0.0000000e+00   2.6728443e+01  -1.1548577e-02   0.0000000e+00  -2.7059340e-01  -6.0630523e+01
  1.1237549177693e+01   1.2036848e+00   0.0000000e+00   2.6727193e+01  -1.1548577e-02   0.0000000e+00  -2.7065424e-01  -6.0630523e+01
  1.1242424470178e+01   1.2036848e+00   0.0000000e+00   2.6726078e+01  -1.1548577e-02   0.0000000e+00  -2.7065002e-01  -6.0630523e+01
  1.1247299762663e+01   1.2036848e+00   0.0000000e+00   2.6725111e+01  -1.1548577e-02   0.0000000e+00  -2.7060440e-01  -6.0630523e+01
  1.1252175055148e+01   1.2036848e+00   0.0000000e+00   2.6724304e+01  -1.1548577e-02   0.0000000e+00  -2.7054717e-01  -6.0630523e+01
  1.1257050347633e+01   1.2036848e+00   0.0000000e+00   2.6723651e+01  -1.1548577e-02   0.0000000e+00  -2.7051090e-01  -6.0630523e+01
  1.1261925640117e+01   1.2036848e+00   0.0000000e+00   2.6723131e+01  -1.1548577e-02   0.0000000e+00  -2.7052749e-01  -6.0630523e+01
  1.1266800932602e+01   1.2036848e+00   0.0000000e+00   2.6722712e+01  -1.1548577e-02   0.0000000e+00  -2.7062498e-01  -6.0630523e+01
  1.1271676225087e+01   1.2036848e+00   0.0000000e+00   2.6722365e+01  -1.1548577e-02   0.0000000e+00  -2.7082442e-01  -6.0630523e+01
  1.1276551517572e+01   1.2036848e+00   0.0000000e+00   2.6722058e+01  -1.1548577e-02   0.0000000e+00  -2.7113667e-01  -6.0630523e+01
  1.1281426810057e+01   1.2036848e+00   0.0000000e+00   2.6721748e+01  -1.1548577e-02   0.0000000e+00  -2.7156139e-01  -6.0630523e+01
  1.1286302102542e+01   1.2036848e+00   0.0000000e+00   2.6721373e+01  -1.1548577e-02   0.0000000e+00  -2.7209007e-01  -6.0630523e+01
  1.1291177395027e+01   1.2036848e+00   0.0000000e+00   2.6720864e+01  -1.1548577e-02   0.0000000e+00  -2.7271213e-01  -6.0630523e+01
  1.1296052687512e+01   1.2036848e+00   0.0000000e+00   2.6720161e+01  -1.1548577e-02   0.0000000e+00  -2.7341998e-01  -6.0630523e+01
  1.1300927979997e+01   1.2036848e+00   0.0000000e+00   2.6719236e+01  -1.1548577e-02   0.0000000e+00  -2.7420904e-01  -6.0630523e+01
  1.1305803272482e+01   1.2036848e+00   0.0000000e+00   2.6718097e+01  -1.1548577e-02   0.0000000e+00  -2.7507265e-01  -6.0630523e+01
  1.1310678564967e+01   1.2036848e+00   0.0000000e+00   2.6716768e+01  -1.1548577e-02   0.0000000e+00  -2.7599684e-01  -6.0630523e+01
  1.1315553857451e+01   1.2036848e+00   0.0000000e+00   2.6715272e+01  -1.1548577e-02   0.0000000e+00  -2.7695982e-01  -6.0630523e+01
  1.1320429149936e+01   1.2036848e+00   0.0000000e+00   2.6713624e+01  -1.1548577e-02   0.0000000e+00  -2.7793750e-01  -6.0630523e+01
  1.1325304442421e+01   1.2036848e+00   0.0000000e+00   2.6711838e+01  -1.1548577e-02   0.0000000e+00  -2.7891069e-01  -6.0630523e+01
  1.1330179734906e+01   1.2036848e+00   0.0000000e+00   2.6709940e+01  -1.1548577e-02   0.0000000e+00  -2.7986819e-01  -6.0630523e+01
  1.1335055027391e+01   1.2036848e+00   0.0000000e+00   2.6707978e+01  -1.1548577e-02   0.0000000e+00  -2.8080376e-01  -6.0630523e+01
  1.1339930319876e+01   1.2036848e+00   0.0000000e+00   2.6706011e+01  -1.1548577e-02   0.0000000e+00  -2.8170980e-01  -6.0630523e+01
  1.1344805612361e+01   1.2036848e+00   0.0000000e+00   2.6704094e+01  -1.1548577e-02   0.0000000e+00  -2.8257321e-01  -6.0630523e+01
  1.1349680904846e+01   1.2036848e+00   0.0000000e+00   2.6702270e+01  -1.1548577e-02   0.0000000e+00  -2.8337616e-01  -6.0630523e+01
  1.1354556197331e+01   1.2036848e+00   0.0000000e+00   2.6700565e+01  -1.1548577e-02   0.0000000e+00  -2.8410059e-01  -6.0630523e+01
  1.1359431489816e+01   1.2036848e+00   0.0000000e+00   2.6698999e+01  -1.1548577e-02   0.0000000e+00  -2.8473253e-01  -6.0630523e+01
  1.1364306782301e+01   1.2036848e+00   0.0000000e+00   2.6697586e+01  -1.1548577e-02   0.0000000e+00  -2.8526335e-01  -6.0630523e+01
  1.1369182074786e+01   1.2036848e+00   0.0000000e+00   2.6696337e+01  -1.1548577e-02   0.0000000e+00  -2.8568866e-01  -6.0630523e+01
  1.1374057367271e+01   1.2036848e+00   0.0000000e+00   2.6695254e+01  -1.1548577e-02   0.0000000e+00  -2.8600734e-01  -6.0630523e+01
  1.1378932659756e+01   1.2036848e+00   0.0000000e+00   2.6694324e+01  -1.1548577e-02   0.0000000e+00  -2.8622268e-01  -6.0630523e+01
  1.1383807952240e+01   1.2036848e+00   0.0000000e+00   2.6693527e+01  -1.1548577e-02   0.0000000e+00  -2.8634465e-01  -6.0630523e+01
  1.1388683244725e+01   1.2036848e+00   0.0000000e+00   2.6692843e+01  -1.1548577e-02   0.0000000e+00  -2.8639032e-01  -6.0630523e+01
  1.1393558537210e+01   1.2036848e+00   0.0000000e+00   2.6692253e+01  -1.1548577e-02   0.0000000e+00  -2.8638123e-01  -6.0630523e+01
  1.1398433829695e+01   1.2036848e+00   0.0000000e+00   2.6691741e+01  -1.1548577e-02   0.0000000e+00  -2.8633877e-01  -6.0630523e+01
  1.1403309122180e+01   1.2036848e+00   0.0000000e+00   2.6691283e+01  -1.1548577e-02   0.0000000e+00  -2.8628119e-01  -6.0630523e+01
  1.1408184414665e+01   1.2036848e+00   0.0000000e+00   2.6690844e+01  -1.1548577e-02   0.0000000e+00  -2.8622407e-01  -6.0630523e+01
  1.1413059707150e+01   1.2036848e+00   0.0000000e+00   2.6690380e+01  -1.1548577e-02   0.0000000e+00  -2.8618297e-01  -6.0630523e+01
  1.1417934999635e+01   1.2036848e+00   0.0000000e+00   2.6689847e+01  -1.1548577e-02   0.0000000e+00  -2.8617492e-01  -6.0630523e+01
  1.1422810292120e+01   1.2036848e+00   0.0000000e+00   2.6689205e+01  -1.1548577e-02   0.0000000e+00  -2.8621674e-01  -6.0630523e+01
  1.1427685584605e+01   1.2036848e+00   0.0000000e+00   2.6688418e+01  -1.1548577e-02   0.0000000e+00  -2.8632144e-01  -6.0630523e+01
  1.1432560877090e+01   1.2036848e+00   0.0000000e+00   2.6687454e+01  -1.1548577e-02   0.0000000e+00  -2.8649570e-01  -6.0630523e+01
  1.1437436169575e+01   1.2036848e+00   0.0000000e+00   2.6686284e+01  -1.1548577e-02   0.0000000e+00  -2.8674018e-01  -6.0630523e+01
  1.1442311462059e+01   1.2036848e+00   0.0000000e+00   2.6684894e+01  -1.1548577e-02   0.0000000e+00  -2.8705168e-01  -6.0630523e+01
  1.1447186754544e+01   1.2036848e+00   0.0000000e+00   2.6683293e+01  -1.1548577e-02   0.0000000e+00  -2.8742451e-01  -6.0630523e+01
  1.1452062047029e+01   1.2036848e+00   0.0000000e+00   2.6681514e+01  -1.1548577e-02   0.0000000e+00  -2.8784915e-01  -6.0630523e+01
  1.1456937339514e+01   1.2036848e+00   0.0000000e+00   2.6679614e+01  -1.1548577e-02   0.0000000e+00  -2.8830942e-01  -6.0630523e+01
  1.1461812631999e+01   1.2036848e+00   0.0000000e+00   2.6677653e+01  -1.1548577e-02   0.0000000e+00  -2.8878088e-01  -6.0630523e+01
  1.1466687924484e+01   1.2036848e+00   0.0000000e+00   2.6675684e+01  -1.1548577e-02   0.0000000e+00  -2.8923270e-01  -6.0630523e+01
  1.1471563216969e+01   1.2036848e+00   0.0000000e+00   2.6673752e+01  -1.1548577e-02   0.0000000e+00  -2.8963221e-01  -6.0630523e+01
  1.1476438509454e+01   1.2036848e+00   0.0000000e+00   2.6671899e+01  -1.1548577e-02   0.0000000e+00  -2.8994939e-01  -6.0630523e+01
  1.1481313801939e+01   1.2036848e+00   0.0000000e+00   2.6670167e+01  -1.1548577e-02   0.0000000e+00  -2.9015854e-01  -6.0630523e+01
  1.1486189094424e+01   1.2036848e+00   0.0000000e+00   2.6668594e+01  -1.1548577e-02   0.0000000e+00  -2.9023676e-01  -6.0630523e+01
  1.1491064386909e+01   1.2036848e+00   0.0000000e+00   2.6667212e+01  -1.1548577e-02   0.0000000e+00  -2.9016170e-01  -6.0630523e+01
  1.1495939679393e+01   1.2036848e+00   0.0000000e+00   2.6666031e+01  -1.1548577e-02   0.0000000e+00  -2.8991127e-01  -6.0630523e+01
  1.1500814971878e+01   1.2036848e+00   0.0000000e+00   2.6665044e+01  -1.1548577e-02   0.0000000e+00  -2.8946650e-01  -6.0630523e+01
  1.1505690264363e+01   1.2036848e+00   0.0000000e+00   2.6664234e+01  -1.1548577e-02   0.0000000e+00  -2.8881581e-01  -6.0630523e+01
  1.1510565556848e+01   1.2036848e+00   0.0000000e+00   2.6663584e+01  -1.1548577e-02   0.0000000e+00  -2.8795825e-01  -6.0630523e+01
  1.1515440849333e+01   1.2036848e+00   0.0000000e+00   2.6663086e+01  -1.1548577e-02   0.0000000e+00  -2.8690402e-01  -6.0630523e+01
  1.1520316141818e+01   1.2036848e+00   0.0000000e+00   2.6662732e+01  -1.1548577e-02   0.0000000e+00  -2.8567253e-01  -6.0630523e+01
  1.1525191434303e+01   1.2036848e+00   0.0000000e+00   2.6662514e+01  -1.1548577e-02   0.0000000e+00  -2.8428967e-01  -6.0630523e+01
  1.1530066726788e+01   1.2036848e+00   0.0000000e+00   2.6662418e+01  -1.1548577e-02   0.0000000e+00  -2.8278512e-01  -6.0630523e+01
  1.1534942019273e+01   1.2036848e+00   0.0000000e+00   2.6662432e+01  -1.1548577e-02   0.0000000e+00  -2.8118915e-01  -6.0630523e+01
  1.1539817311758e+01   1.2036848e+00   0.0000000e+00   2.6662542e+01  -1.1548577e-02   0.0000000e+00  -2.7952803e-01  -6.0630523e+01
  1.1544692604243e+01   1.2036848e+00   0.0000000e+00   2.6662744e+01  -1.1548577e-02   0.0000000e+00  -2.7781816e-01  -6.0630523e+01
  1.1549567896728e+01   1.2036848e+00   0.0000000e+00   2.6663030e+01  -1.1548577e-02   0.0000000e+00  -2.7606050e-01  -6.0630523e+01
  1.1554443189213e+01   1.2036848e+00   0.0000000e+00   2.6663399e+01  -1.1548577e-02   0.0000000e+00  -2.7423711e-01  -6.0630523e+01
  1.1559318481698e+01   1.2036848e+00   0.0000000e+00   2.6663849e+01  -1.1548577e-02   0.0000000e+00  -2.7230970e-01  -6.0630523e+01
  1.1564193774182e+01   1.2036848e+00   0.0000000e+00   2.6664393e+01  -1.1548577e-02   0.0000000e+00  -2.7021921e-01  -6.0630523e+01
  1.1569069066667e+01   1.2036848e+00   0.0000000e+00   2.6665055e+01  -1.1548577e-02   0.0000000e+00  -2.6788594e-01  -6.0630523e+01
  1.1573944359152e+01   1.2036848e+00   0.0000000e+00   2.6665867e+01  -1.1548577e-02   0.0000000e+00  -2.6521110e-01  -6.0630523e+01
  1.1578819651637e+01   1.2036848e+00   0.0000000e+00   2.6666866e+01  -1.1548577e-02   0.0000000e+00  -2.6208215e-01  -6.0630523e+01
  1.1583694944122e+01   1.2036848e+00   0.0000000e+00   2.6668083e+01  -1.1548577e-02   0.0000000e+00  -2.5838260e-01  -6.0630523e+01
  1.1588570236607e+01   1.2036848e+00   0.0000000e+00   2.6669546e+01  -1.1548577e-02   0.0000000e+00  -2.5400456e-01  -6.0630523e+01
  1.1593445529092e+01   1.2036848e+00   0.0000000e+00   2.6671293e+01  -1.1548577e-02   0.0000000e+00  -2.4885957e-01  -6.0630523e+01
  1.1598320821577e+01   1.2036848e+00   0.0000000e+00   2.6673376e+01  -1.1548577e-02   0.0000000e+00  -2.4288358e-01  -6.0630523e+01
  1.1603196114062e+01   1.2036848e+00   0.0000000e+00   2.6675857e+01  -1.1548577e-02   0.0000000e+00  -2.3603475e-01  -6.0630523e+01
  1.1608071406547e+01   1.2036848e+00   0.0000000e+00   2.6678803e+01  -1.1548577e-02   0.0000000e+00  -2.2828694e-01  -6.0630523e+01
  1.1612946699032e+01   1.2036848e+00   0.0000000e+00   2.6682272e+01  -1.1548577e-02   0.0000000e+00  -2.1962268e-01  -6.0630523e+01
  1.1617821991517e+01   1.2036848e+00   0.0000000e+00   2.6686303e+01  -1.1548577e-02   0.0000000e+00  -2.1002909e-01  -6.0630523e+01
  1.1622697284001e+01   1.2036848e+00   0.0000000e+00   2.6690913e+01  -1.1548577e-02   0.0000000e+00  -1.9949675e-01  -6.0630523e+01
  1.1627572576486e+01   1.2036848e+00   0.0000000e+00   2.6696106e+01  -1.1548577e-02   0.0000000e+00  -1.8802030e-01  -6.0630523e+01
  1.1632447868971e+01   1.2036848e+00   0.0000000e+00   2.6701871e+01  -1.1548577e-02   0.0000000e+00  -1.7559973e-01  -6.0630523e+01
  1.1637323161456e+01   1.2036848e+00   0.0000000e+00   2.6708181e+01  -1.1548577e-02   0.0000000e+00  -1.6224333e-01  -6.0630523e+01
  1.1642198453941e+01   1.2036848e+00   0.0000000e+00   2.6714995e+01  -1.1548577e-02   0.0000000e+00  -1.4797432e-01  -6.0630523e+01
  1.1647073746426e+01   1.2036848e+00   0.0000000e+00   2.6722253e+01  -1.1548577e-02   0.0000000e+00  -1.3284211e-01  -6.0630523e+01
  1.1651949038911e+01   1.2036848e+00   0.0000000e+00   2.6729872e+01  -1.1548577e-02   0.0000000e+00  -1.1693627e-01  -6.0630523e+01
  1.1656824331396e+01   1.2036848e+00   0.0000000e+00   2.6737750e+01  -1.1548577e-02   0.0000000e+00  -1.0039956e-01  -6.0630523e+01
  1.1661699623881e+01   1.2036848e+00   0.0000000e+00   2.6745757e+01  -1.1548577e-02   0.0000000e+00  -8.3436586e-02  -6.0630523e+01
  1.1666574916366e+01   1.2036848e+00   0.0000000e+00   2.6753733e+01  -1.1548577e-02   0.0000000e+00  -6.6316192e-02  -6.0630523e+01
  1.1671450208851e+01   1.2036848e+00   0.0000000e+00   2.6761493e+01  -1.1548577e-02   0.0000000e+00  -4.9367253e-02  -6.0630523e+01
  1.1676325501335e+01   1.2036848e+00   0.0000000e+00   2.6768828e+01  -1.1548577e-02   0.0000000e+00  -3.2967777e-02  -6.0630523e+01
  1.1681200793820e+01   1.2036848e+00   0.0000000e+00   2.6775521e+01  -1.1548577e-02   0.0000000e+00  -1.7527340e-02  -6.0630523e+01
  1.1686076086305e+01   1.2036848e+00   0.0000000e+00   2.6781361e+01  -1.1548577e-02   0.0000000e+00  -3.4632562e-03  -6.0630523e+01
  1.1690951378790e+01   1.2036848e+00   0.0000000e+00   2.6786155e+01  -1.1548577e-02   0.0000000e+00   8.8277714e-03  -6.0630523e+01
  1.1695826671275e+01   1.2036848e+00   0.0000000e+00   2.6789740e+01  -1.1548577e-02   0.0000000e+00   1.8999144e-02  -6.0630523e+01
  1.1700701963760e+01   1.2036848e+00   0.0000000e+00   2.6791996e+01  -1.1548577e-02   0.0000000e+00   2.6781104e-02  -6.0630523e+01
  1.1705577256245e+01   1.2036848e+00   0.0000000e+00   2.6792854e+01  -1.1548577e-02   0.0000000e+00   3.2001680e-02  -6.0630523e+01
  1.1710452548730e+01   1.2036848e+00   0.0000000e+00   2.6792311e+01  -1.1548577e-02   0.0000000e+00   3.4600185e-02  -6.0630523e+01
  1.1715327841215e+01   1.2036848e+00   0.0000000e+00   2.6790431e+01  -1.1548577e-02   0.0000000e+00   3.4632335e-02  -6.0630523e+01
  1.1720203133700e+01   1.2036848e+00   0.0000000e+00   2.6787344e+01  -1.1548577e-02   0.0000000e+00   3.2266188e-02  -6.0630523e+01
  1.1725078426185e+01   1.2036848e+00   0.0000000e+00   2.6783231e+01  -1.1548577e-02   0.0000000e+00   2.7768455e-02  -6.0630523e+01
  1.1729953718670e+01   1.2036848e+00   0.0000000e+00   2.6778310e+01  -1.1548577e-02   0.0000000e+00   2.1482064e-02  -6.0630523e+01
  1.1734829011155e+01   1.2036848e+00   0.0000000e+00   2.6772822e+01  -1.1548577e-02   0.0000000e+00   1.3797843e-02  -6.0630523e+01
  1.1739704303639e+01   1.2036848e+00   0.0000000e+00   2.6767010e+01  -1.1548577e-02   0.0000000e+00   5.1246595e-03  -6.0630523e+01
  1.1744579596124e+01   1.2036848e+00   0.0000000e+00   2.6761109e+01  -1.1548577e-02   0.0000000e+00  -4.1377577e-03  -6.0630523e+01
  1.1749454888609e+01   1.2036848e+00   0.0000000e+00   2.6755329e+01  -1.1548577e-02   0.0000000e+00  -1.3620888e-02  -6.0630523e+01
  1.1754330181094e+01   1.2036848e+00   0.0000000e+00   2.6749842e+01  -1.1548577e-02   0.0000000e+00  -2.3004115e-02  -6.0630523e+01
  1.1759205473579e+01   1.2036848e+00   0.0000000e+00   2.6744772e+01  -1.1548577e-02   0.0000000e+00  -3.2026683e-02  -6.0630523e+01
  1.1764080766064e+01   1.2036848e+00   0.0000000e+00   2.6740196e+01  -1.1548577e-02   0.0000000e+00  -4.0494988e-02  -6.0630523e+01
  1.1768956058549e+01   1.2036848e+00   0.0000000e+00   2.6736147e+01  -1.1548577e-02   0.0000000e+00  -4.8284396e-02  -6.0630523e+01
  1.1773831351034e+01   1.2036848e+00   0.0000000e+00   2.6732624e+01  -1.1548577e-02   0.0000000e+00  -5.5334953e-02  -6.0630523e+01
  1.1778706643519e+01   1.2036848e+00   0.0000000e+00   2.6729595e+01  -1.1548577e-02   0.0000000e+00  -6.1641706e-02  -6.0630523e+01
  1.1783581936004e+01   1.2036848e+00   0.0000000e+00   2.6727004e+01  -1.1548577e-02   0.0000000e+00  -6.7241848e-02  -6.0630523e+01
  1.1788457228489e+01   1.2036848e+00   0.0000000e+00   2.6724777e+01  -1.1548577e-02   0.0000000e+00  -7.2201448e-02  -6.0630523e+01
  1.1793332520974e+01   1.2036848e+00   0.0000000e+00   2.6722825e+01  -1.1548577e-02   0.0000000e+00  -7.6603665e-02  -6.0630523e+01
  1.1798207813458e+01   1.2036848e+00   0.0000000e+00   2.6721059e+01  -1.1548577e-02   0.0000000e+00  -8.0538853e-02  -6.0630523e+01
  1.1803083105943e+01   1.2036848e+00   0.0000000e+00   2.6719398e+01  -1.1548577e-02   0.0000000e+00  -8.4096033e-02  -6.0630523e+01
  1.1807958398428e+01   1.2036848e+00   0.0000000e+00   2.6717783e+01  -1.1548577e-02   0.0000000e+00  -8.7355511e-02  -6.0630523e+01
  1.1812833690913e+01   1.2036848e+00   0.0000000e+00   2.6716172e+01  -1.1548577e-02   0.0000000e+00  -9.0383319e-02  -6.0630523e+01
  1.1817708983398e+01   1.2036848e+00   0.0000000e+00   2.6714539e+01  -1.1548577e-02   0.0000000e+00  -9.3228542e-02  -6.0630523e+01
  1.1822584275883e+01   1.2036848e+00   0.0000000e+00   2.6712864e+01  -1.1548577e-02   0.0000000e+00  -9.5923971e-02  -6.0630523e+01
  1.1827459568368e+01   1.2036848e+00   0.0000000e+00   2.6711131e+01  -1.1548577e-02   0.0000000e+00  -9.8489458e-02  -6.0630523e+01
  1.1832334860853e+01   1.2036848e+00   0.0000000e+00   2.6709326e+01  -1.1548577e-02   0.0000000e+00  -1.0093650e-01  -6.0630523e+01
  1.1837210153338e+01   1.2036848e+00   0.0000000e+00   2.6707439e+01  -1.1548577e-02   0.0000000e+00  -1.0327238e-01  -6.0630523e+01
  1.1842085445823e+01   1.2036848e+00   0.0000000e+00   2.6705472e+01  -1.1548577e-02   0.0000000e+00  -1.0550310e-01  -6.0630523e+01
  1.1846960738308e+01   1.2036848e+00   0.0000000e+00   2.6703437e+01  -1.1548577e-02   0.0000000e+00  -1.0763491e-01  -6.0630523e+01
  1.1851836030792e+01   1.2036848e+00   0.0000000e+00   2.6701358e+01  -1.1548577e-02   0.0000000e+00  -1.0967519e-01  -6.0630523e+01
  1.1856711323277e+01   1.2036848e+00   0.0000000e+00   2.6699261e+01  -1.1548577e-02   0.0000000e+00  -1.1163296e-01  -6.0630523e+01
  1.1861586615762e+01   1.2036848e+00   0.0000000e+00   2.6697177e+01  -1.1548577e-02   0.0000000e+00  -1.1351875e-01  -6.0630523e+01
  1.1866461908247e+01   1.2036848e+00   0.0000000e+00   2.6695136e+01  -1.1548577e-02   0.0000000e+00  -1.1534374e-01  -6.0630523e+01
  1.1871337200732e+01   1.2036848e+00   0.0000000e+00   2.6693160e+01  -1.1548577e-02   0.0000000e+00  -1.1711841e-01  -6.0630523e+01
  1.1876212493217e+01   1.2036848e+00   0.0000000e+00   2.6691265e+01  -1.1548577e-02   0.0000000e+00  -1.1885159e-01  -6.0630523e+01
  1.1881087785702e+01   1.2036848e+00   0.0000000e+00   2.6689454e+01  -1.1548577e-02   0.0000000e+00  -1.2055061e-01  -6.0630523e+01
  1.1885963078187e+01   1.2036848e+00   0.0000000e+00   2.6687720e+01  -1.1548577e-02   0.0000000e+00  -1.2222264e-01  -6.0630523e+01
  1.1890838370672e+01   1.2036848e+00   0.0000000e+00   2.6686050e+01  -1.1548577e-02   0.0000000e+00  -1.2387642e-01  -6.0630523e+01
  1.1895713663157e+01   1.2036848e+00   0.0000000e+00   2.6684431e+01  -1.1548577e-02   0.0000000e+00  -1.2552303e-01  -6.0630523e+01
  1.1900588955642e+01   1.2036848e+00   0.0000000e+00   2.6682850e+01  -1.1548577e-02   0.0000000e+00  -1.2717520e-01  -6.0630523e+01
  1.1905464248127e+01   1.2036848e+00   0.0000000e+00   2.6681299e+01  -1.1548577e-02   0.0000000e+00  -1.2884524e-01  -6.0630523e+01
  1.1910339540612e+01   1.2036848e+00   0.0000000e+00   2.6679779e+01  -1.1548577e-02   0.0000000e+00  -1.3054247e-01  -6.0630523e+01
  1.1915214833097e+01   1.2036848e+00   0.0000000e+00   2.6678293e+01  -1.1548577e-02   0.0000000e+00  -1.3227108e-01  -6.0630523e+01
  1.1920090125581e+01   1.2036848e+00   0.0000000e+00   2.6676849e+01  -1.1548577e-02   0.0000000e+00  -1.3402873e-01  -6.0630523e+01
  1.1924965418066e+01   1.2036848e+00   0.0000000e+00   2.6675456e+01  -1.1548577e-02   0.0000000e+00  -1.3580598e-01  -6.0630523e+01
  1.1929840710551e+01   1.2036848e+00   0.0000000e+00   2.6674119e+01  -1.1548577e-02   0.0000000e+00  -1.3758704e-01  -6.0630523e+01
  1.1934716003036e+01   1.2036848e+00   0.0000000e+00   2.6672837e+01  -1.1548577e-02   0.0000000e+00  -1.3935188e-01  -6.0630523e+01
  1.1939591295521e+01   1.2036848e+00   0.0000000e+00   2.6671602e+01  -1.1548577e-02   0.0000000e+00  -1.4107957e-01  -6.0630523e+01
  1.1944466588006e+01   1.2036848e+00   0.0000000e+00   2.6670408e+01  -1.1548577e-02   0.0000000e+00  -1.4275172e-01  -6.0630523e+01
  1.1949341880491e+01   1.2036848e+00   0.0000000e+00   2.6669251e+01  -1.1548577e-02   0.0000000e+00  -1.4435431e-01  -6.0630523e+01
  1.1954217172976e+01   1.2036848e+00   0.0000000e+00   2.6668134e+01  -1.1548577e-02   0.0000000e+00  -1.4587724e-01  -6.0630523e+01
  1.1959092465461e+01   1.2036848e+00   0.0000000e+00   2.6667061e+01  -1.1548577e-02   0.0000000e+00  -1.4731219e-01  -6.0630523e+01
  1.1963967757946e+01   1.2036848e+00   0.0000000e+00   2.6666029e+01  -1.1548577e-02   0.0000000e+00  -1.4865086e-01  -6.0630523e+01
  1.1968843050431e+01   1.2036848e+00   0.0000000e+00   2.6665024e+01  -1.1548577e-02   0.0000000e+00  -1.4988527e-01  -6.0630523e+01
  1.1973718342916e+01   1.2036848e+00   0.0000000e+00   2.6664026e+01  -1.1548577e-02   0.0000000e+00  -1.5101020e-01  -6.0630523e+01
  1.1978593635400e+01   1.2036848e+00   0.0000000e+00   2.6663007e+01  -1.1548577e-02   0.0000000e+00  -1.5202636e-01  -6.0630523e+01
  1.1983468927885e+01   1.2036848e+00   0.0000000e+00   2.6661949e+01  -1.1548577e-02   0.0000000e+00  -1.5294201e-01  -6.0630523e+01
  1.1988344220370e+01   1.2036848e+00   0.0000000e+00   2.6660845e+01  -1.1548577e-02   0.0000000e+00  -1.5377206e-01  -6.0630523e+01
  1.1993219512855e+01   1.2036848e+00   0.0000000e+00   2.6659699e+01  -1.1548577e-02   0.0000000e+00  -1.5453519e-01  -6.0630523e+01
  1.1998094805340e+01   1.2036848e+00   0.0000000e+00   2.6658523e+01  -1.1548577e-02   0.0000000e+00  -1.5525054e-01  -6.0630523e+01
  1.2002970097825e+01   1.2036848e+00   0.0000000e+00   2.6657330e+01  -1.1548577e-02   0.0000000e+00  -1.5593575e-01  -6.0630523e+01
  1.2007845390310e+01   1.2036848e+00   0.0000000e+00   2.6656130e+01  -1.1548577e-02   0.0000000e+00  -1.5660661e-01  -6.0630523e+01
  1.2012720682795e+01   1.2036848e+00   0.0000000e+00   2.6654932e+01  -1.1548577e-02   0.0000000e+00  -1.5727759e-01  -6.0630523e+01
  1.2017595975280e+01   1.2036848e+00   0.0000000e+00   2.6653747e+01  -1.1548577e-02   0.0000000e+00  -1.5796210e-01  -6.0630523e+01
  1.2022471267765e+01   1.2036848e+00   0.0000000e+00   2.6652585e+01  -1.1548577e-02   0.0000000e+00  -1.5867220e-01  -6.0630523e+01
  1.2027346560250e+01   1.2036848e+00   0.0000000e+00   2.6651460e+01  -1.1548577e-02   0.0000000e+00  -1.5941775e-01  -6.0630523e+01
  1.2032221852734e+01   1.2036848e+00   0.0000000e+00   2.6650380e+01  -1.1548577e-02   0.0000000e+00  -1.6020599e-01  -6.0630523e+01
  1.2037097145219e+01   1.2036848e+00   0.0000000e+00   2.6649347e+01  -1.1548577e-02   0.0000000e+00  -1.6104163e-01  -6.0630523e+01
  1.2041972437704e+01   1.2036848e+00   0.0000000e+00   2.6648363e+01  -1.1548577e-02   0.0000000e+00  -1.6192730e-01  -6.0630523e+01
  1.2046847730189e+01   1.2036848e+00   0.0000000e+00   2.6647424e+01  -1.1548577e-02   0.0000000e+00  -1.6286393e-01  -6.0630523e+01
  1.2051723022674e+01   1.2036848e+00   0.0000000e+00   2.6646530e+01  -1.1548577e-02   0.0000000e+00  -1.6385077e-01  -6.0630523e+01
  1.2056598315159e+01   1.2036848e+00   0.0000000e+00   2.6645678e+01  -1.1548577e-02   0.0000000e+00  -1.6488534e-01  -6.0630523e+01
  1.2061473607644e+01   1.2036848e+00   0.0000000e+00   2.6644867e+01  -1.1548577e-02   0.0000000e+00  -1.6596342e-01  -6.0630523e+01
  1.2066348900129e+01   1.2036848e+00   0.0000000e+00   2.6644086e+01  -1.1548577e-02   0.0000000e+00  -1.6707911e-01  -6.0630523e+01
  1.2071224192614e+01   1.2036848e+00   0.0000000e+00   2.6643325e+01  -1.1548577e-02   0.0000000e+00  -1.6822476e-01  -6.0630523e+01
  1.2076099485099e+01   1.2036848e+00   0.0000000e+00   2.6642566e+01  -1.1548577e-02   0.0000000e+00  -1.6939037e-01  -6.0630523e+01
  1.2080974777584e+01   1.2036848e+00   0.0000000e+00   2.6641794e+01  -1.1548577e-02   0.0000000e+00  -1.7056261e-01  -6.0630523e+01
  1.2085850070069e+01   1.2036848e+00   0.0000000e+00   2.6640995e+01  -1.1548577e-02   0.0000000e+00  -1.7172410e-01  -6.0630523e+01
  1.2090725362553e+01   1.2036848e+00   0.0000000e+00   2.6640157e+01  -1.1548577e-02   0.0000000e+00  -1.7285350e-01  -6.0630523e+01
  1.2095600655038e+01   1.2036848e+00   0.0000000e+00   2.6639272e+01  -1.1548577e-02   0.0000000e+00  -1.7392704e-01  -6.0630523e+01
  1.2100475947523e+01   1.2036848e+00   0.0000000e+00   2.6638332e+01  -1.1548577e-02   0.0000000e+00  -1.7492095e-01  -6.0630523e+01
  1.2105351240008e+01   1.2036848e+00   0.0000000e+00   2.6637333e+01  -1.1548577e-02   0.0000000e+00  -1.7581404e-01  -6.0630523e+01
  1.2110226532493e+01   1.2036848e+00   0.0000000e+00   2.6636276e+01  -1.1548577e-02   0.0000000e+00  -1.7658961e-01  -6.0630523e+01
  1.2115101824978e+01   1.2036848e+00   0.0000000e+00   2.6635173e+01  -1.1548577e-02   0.0000000e+00  -1.7723649e-01  -6.0630523e+01
  1.2119977117463e+01   1.2036848e+00   0.0000000e+00   2.6634040e+01  -1.1548577e-02   0.0000000e+00  -1.7774940e-01  -6.0630523e+01
  1.2124852409948e+01   1.2036848e+00   0.0000000e+00   2.6632904e+01  -1.1548577e-02   0.0000000e+00  -1.7812940e-01  -6.0630523e+01
  1.2129727702433e+01   1.2036848e+00   0.0000000e+00   2.6631790e+01  -1.1548577e-02   0.0000000e+00  -1.7838441e-01  -6.0630523e+01
  1.2134602994918e+01   1.2036848e+00   0.0000000e+00   2.6630729e+01  -1.1548577e-02   0.0000000e+00  -1.7852953e-01  -6.0630523e+01
  1.2139478287403e+01   1.2036848e+00   0.0000000e+00   2.6629746e+01  -1.1548577e-02   0.0000000e+00  -1.7858647e-01  -6.0630523e+01
  1.2144353579888e+01   1.2036848e+00   0.0000000e+00   2.6628867e+01  -1.1548577e-02   0.0000000e+00  -1.7858171e-01  -6.0630523e+01
  1.2149228872373e+01   1.2036848e+00   0.0000000e+00   2.6628113e+01  -1.1548577e-02   0.0000000e+00  -1.7854370e-01  -6.0630523e+01
  1.2154104164858e+01   1.2036848e+00   0.0000000e+00   2.6627499e+01  -1.1548577e-02   0.0000000e+00  -1.7850004e-01  -6.0630523e+01
  1.2158979457342e+01   1.2036848e+00   0.0000000e+00   2.6627030e+01  -1.1548577e-02   0.0000000e+00  -1.7847541e-01  -6.0630523e+01
  1.2163854749827e+01   1.2036848e+00   0.0000000e+00   2.6626703e+01  -1.1548577e-02   0.0000000e+00  -1.7849080e-01  -6.0630523e+01
  1.2168730042312e+01   1.2036848e+00   0.0000000e+00   2.6626505e+01  -1.1548577e-02   0.0000000e+00  -1.7856345e-01  -6.0630523e+01
  1.2173605334797e+01   1.2036848e+00   0.0000000e+00   2.6626414e+01  -1.1548577e-02   0.0000000e+00  -1.7870698e-01  -6.0630523e+01
  1.2178480627282e+01   1.2036848e+00   0.0000000e+00   2.6626398e+01  -1.1548577e-02   0.0000000e+00  -1.7893107e-01  -6.0630523e+01
  1.2183355919767e+01   1.2036848e+00   0.0000000e+00   2.6626417e+01  -1.1548577e-02   0.0000000e+00  -1.7924086e-01  -6.0630523e+01
  1.2188231212252e+01   1.2036848e+00   0.0000000e+00   2.6626429e+01  -1.1548577e-02   0.0000000e+00  -1.7963641e-01  -6.0630523e+01
  1.2193106504737e+01   1.2036848e+00   0.0000000e+00   2.6626386e+01  -1.1548577e-02   0.0000000e+00  -1.8011274e-01  -6.0630523e+01
  1.2197981797222e+01   1.2036848e+00   0.0000000e+00   2.6626244e+01  -1.1548577e-02   0.0000000e+00  -1.8066054e-01  -6.0630523e+01
  1.2202857089707e+01   1.2036848e+00   0.0000000e+00   2.6625963e+01  -1.1548577e-02   0.0000000e+00  -1.8126720e-01  -6.0630523e+01
  1.2207732382192e+01   1.2036848e+00   0.0000000e+00   2.6625512e+01  -1.1548577e-02   0.0000000e+00  -1.8191798e-01  -6.0630523e+01
  1.2212607674676e+01   1.2036848e+00   0.0000000e+00   2.6624867e+01  -1.1548577e-02   0.0000000e+00  -1.8259711e-01  -6.0630523e+01
  1.2217482967161e+01   1.2036848e+00   0.0000000e+00   2.6624018e+01  -1.1548577e-02   0.0000000e+00  -1.8328884e-01  -6.0630523e+01
  1.2222358259646e+01   1.2036848e+00   0.0000000e+00   2.6622968e+01  -1.1548577e-02   0.0000000e+00  -1.8397830e-01  -6.0630523e+01
  1.2227233552131e+01   1.2036848e+00   0.0000000e+00   2.6621735e+01  -1.1548577e-02   0.0000000e+00  -1.8465198e-01  -6.0630523e+01
  1.2232108844616e+01   1.2036848e+00   0.0000000e+00   2.6620350e+01  -1.1548577e-02   0.0000000e+00  -1.8529791e-01  -6.0630523e+01
  1.2236984137101e+01   1.2036848e+00   0.0000000e+00   2.6618853e+01  -1.1548577e-02   0.0000000e+00  -1.8590565e-01  -6.0630523e+01
  1.2241859429586e+01   1.2036848e+00   0.0000000e+00   2.6617293e+01  -1.1548577e-02   0.0000000e+00  -1.8646657e-01  -6.0630523e+01
  1.2246734722071e+01   1.2036848e+00   0.0000000e+00   2.6615722e+01  -1.1548577e-02   0.0000000e+00  -1.8697456e-01  -6.0630523e+01
  1.2251610014556e+01   1.2036848e+00   0.0000000e+00   2.6614197e+01  -1.1548577e-02   0.0000000e+00  -1.8742684e-01  -6.0630523e+01
  1.2256485307041e+01   1.2036848e+00   0.0000000e+00   2.6612778e+01  -1.1548577e-02   0.0000000e+00  -1.8782437e-01  -6.0630523e+01
  1.2261360599526e+01   1.2036848e+00   0.0000000e+00   2.6611530e+01  -1.1548577e-02   0.0000000e+00  -1.8817119e-01  -6.0630523e+01
  1.2266235892011e+01   1.2036848e+00   0.0000000e+00   2.6610516e+01  -1.1548577e-02   0.0000000e+00  -1.8847280e-01  -6.0630523e+01
  1.2271111184495e+01   1.2036848e+00   0.0000000e+00   2.6609794e+01  -1.1548577e-02   0.0000000e+00  -1.8873429e-01  -6.0630523e+01
  1.2275986476980e+01   1.2036848e+00   0.0000000e+00   2.6609409e+01  -1.1548577e-02   0.0000000e+00  -1.8895901e-01  -6.0630523e+01
  1.2280861769465e+01   1.2036848e+00   0.0000000e+00   2.6609385e+01  -1.1548577e-02   0.0000000e+00  -1.8914849e-01  -6.0630523e+01
  1.2285737061950e+01   1.2036848e+00   0.0000000e+00   2.6609726e+01  -1.1548577e-02   0.0000000e+00  -1.8930333e-01  -6.0630523e+01
  1.2290612354435e+01   1.2036848e+00   0.0000000e+00   2.6610412e+01  -1.1548577e-02   0.0000000e+00  -1.8942474e-01  -6.0630523e+01
  1.2295487646920e+01   1.2036848e+00   0.0000000e+00   2.6611407e+01  -1.1548577e-02   0.0000000e+00  -1.8951594e-01  -6.0630523e+01
  1.2300362939405e+01   1.2036848e+00   0.0000000e+00   2.6612662e+01  -1.1548577e-02   0.0000000e+00  -1.8958333e-01  -6.0630523e+01
  1.2305238231890e+01   1.2036848e+00   0.0000000e+00   2.6614117e+01  -1.1548577e-02   0.0000000e+00  -1.8963710e-01  -6.0630523e+01
  1.2310113524375e+01   1.2036848e+00   0.0000000e+00   2.6615706e+01  -1.1548577e-02   0.0000000e+00  -1.8969153e-01  -6.0630523e+01
  1.2314988816860e+01   1.2036848e+00   0.0000000e+00   2.6617360e+01  -1.1548577e-02   0.0000000e+00  -1.8976470e-01  -6.0630523e+01
  1.2319864109345e+01   1.2036848e+00   0.0000000e+00   2.6619010e+01  -1.1548577e-02   0.0000000e+00  -1.8987753e-01  -6.0630523e+01
  1.2324739401830e+01   1.2036848e+00   0.0000000e+00   2.6620587e+01  -1.1548577e-02   0.0000000e+00  -1.9005222e-01  -6.0630523e+01
  1.2329614694315e+01   1.2036848e+00   0.0000000e+00   2.6622028e+01  -1.1548577e-02   0.0000000e+00  -1.9030998e-01  -6.0630523e+01
  1.2334489986800e+01   1.2036848e+00   0.0000000e+00   2.6623274e+01  -1.1548577e-02   0.0000000e+00  -1.9066889e-01  -6.0630523e+01
  1.2339365279284e+01   1.2036848e+00   0.0000000e+00   2.6624273e+01  -1.1548577e-02   0.0000000e+00  -1.9114203e-01  -6.0630523e+01
  1.2344240571769e+01   1.2036848e+00   0.0000000e+00   2.6624982e+01  -1.1548577e-02   0.0000000e+00  -1.9173638e-01  -6.0630523e+01
  1.2349115864254e+01   1.2036848e+00   0.0000000e+00   2.6625372e+01  -1.1548577e-02   0.0000000e+00  -1.9245245e-01  -6.0630523e+01
  1.2353991156739e+01   1.2036848e+00   0.0000000e+00   2.6625428e+01  -1.1548577e-02   0.0000000e+00  -1.9328436e-01  -6.0630523e+01
  1.2358866449224e+01   1.2036848e+00   0.0000000e+00   2.6625155e+01  -1.1548577e-02   0.0000000e+00  -1.9422016e-01  -6.0630523e+01
  1.2363741741709e+01   1.2036848e+00   0.0000000e+00   2.6624571e+01  -1.1548577e-02   0.0000000e+00  -1.9524249e-01  -6.0630523e+01
  1.2368617034194e+01   1.2036848e+00   0.0000000e+00   2.6623706e+01  -1.1548577e-02   0.0000000e+00  -1.9632984e-01  -6.0630523e+01
  1.2373492326679e+01   1.2036848e+00   0.0000000e+00   2.6622603e+01  -1.1548577e-02   0.0000000e+00  -1.9745838e-01  -6.0630523e+01
  1.2378367619164e+01   1.2036848e+00   0.0000000e+00   2.6621311e+01  -1.1548577e-02   0.0000000e+00  -1.9860415e-01  -6.0630523e+01
  1.2383242911649e+01   1.2036848e+00   0.0000000e+00   2.6619887e+01  -1.1548577e-02   0.0000000e+00  -1.9974490e-01  -6.0630523e+01
  1.2388118204134e+01   1.2036848e+00   0.0000000e+00   2.6618392e+01  -1.1548577e-02   0.0000000e+00  -2.0086092e-01  -6.0630523e+01
  1.2392993496618e+01   1.2036848e+00   0.0000000e+00   2.6616890e+01  -1.1548577e-02   0.0000000e+00  -2.0193467e-01  -6.0630523e+01
  1.2397868789103e+01   1.2036848e+00   0.0000000e+00   2.6615439e+01  -1.1548577e-02   0.0000000e+00  -2.0294997e-01  -6.0630523e+01
  1.2402744081588e+01   1.2036848e+00   0.0000000e+00   2.6614094e+01  -1.1548577e-02   0.0000000e+00  -2.0389132e-01  -6.0630523e+01
  1.2407619374073e+01   1.2036848e+00   0.0000000e+00   2.6612899e+01  -1.1548577e-02   0.0000000e+00  -2.0474402e-01  -6.0630523e+01
  1.2412494666558e+01   1.2036848e+00   0.0000000e+00   2.6611891e+01  -1.1548577e-02   0.0000000e+00  -2.0549497e-01  -6.0630523e+01
  1.2417369959043e+01   1.2036848e+00   0.0000000e+00   2.6611101e+01  -1.1548577e-02   0.0000000e+00  -2.0613348e-01  -6.0630523e+01
  1.2422245251528e+01   1.2036848e+00   0.0000000e+00   2.6610558e+01  -1.1548577e-02   0.0000000e+00  -2.0665167e-01  -6.0630523e+01
  1.2427120544013e+01   1.2036848e+00   0.0000000e+00   2.6610278e+01  -1.1548577e-02   0.0000000e+00  -2.0704441e-01  -6.0630523e+01
  1.2431995836498e+01   1.2036848e+00   0.0000000e+00   2.6610273e+01  -1.1548577e-02   0.0000000e+00  -2.0730929e-01  -6.0630523e+01
  1.2436871128983e+01   1.2036848e+00   0.0000000e+00   2.6610536e+01  -1.1548577e-02   0.0000000e+00  -2.0744697e-01  -6.0630523e+01
  1.2441746421468e+01   1.2036848e+00   0.0000000e+00   2.6611051e+01  -1.1548577e-02   0.0000000e+00  -2.0746202e-01  -6.0630523e+01
  1.2446621713953e+01   1.2036848e+00   0.0000000e+00   2.6611787e+01  -1.1548577e-02   0.0000000e+00  -2.0736381e-01  -6.0630523e+01
  1.2451497006437e+01   1.2036848e+00   0.0000000e+00   2.6612707e+01  -1.1548577e-02   0.0000000e+00  -2.0716690e-01  -6.0630523e+01
  1.2456372298922e+01   1.2036848e+00   0.0000000e+00   2.6613763e+01  -1.1548577e-02   0.0000000e+00  -2.0689079e-01  -6.0630523e+01
  1.2461247591407e+01   1.2036848e+00   0.0000000e+00   2.6614905e+01  -1.1548577e-02   0.0000000e+00  -2.0655910e-01  -6.0630523e+01
  1.2466122883892e+01   1.2036848e+00   0.0000000e+00   2.6616081e+01  -1.1548577e-02   0.0000000e+00  -2.0619847e-01  -6.0630523e+01
  1.2470998176377e+01   1.2036848e+00   0.0000000e+00   2.6617235e+01  -1.1548577e-02   0.0000000e+00  -2.0583720e-01  -6.0630523e+01
  1.2475873468862e+01   1.2036848e+00   0.0000000e+00   2.6618319e+01  -1.1548577e-02   0.0000000e+00  -2.0550369e-01  -6.0630523e+01
  1.2480748761347e+01   1.2036848e+00   0.0000000e+00   2.6619283e+01  -1.1548577e-02   0.0000000e+00  -2.0522457e-01  -6.0630523e+01
  1.2485624053832e+01   1.2036848e+00   0.0000000e+00   2.6620090e+01  -1.1548577e-02   0.0000000e+00  -2.0502299e-01  -6.0630523e+01
  1.2490499346317e+01   1.2036848e+00   0.0000000e+00   2.6620706e+01  -1.1548577e-02   0.0000000e+00  -2.0491731e-01  -6.0630523e+01
  1.2495374638802e+01   1.2036848e+00   0.0000000e+00   2.6621107e+01  -1.1548577e-02   0.0000000e+00  -2.0492057e-01  -6.0630523e+01
  1.2500249931287e+01   1.2036848e+00   0.0000000e+00   2.6621277e+01  -1.1548577e-02   0.0000000e+00  -2.0504062e-01  -6.0630523e+01
  1.2505125223772e+01   1.2036848e+00   0.0000000e+00   2.6621209e+01  -1.1548577e-02   0.0000000e+00  -2.0528065e-01  -6.0630523e+01
  1.2510000516257e+01   1.2036848e+00   0.0000000e+00   2.6620905e+01  -1.1548577e-02   0.0000000e+00  -2.0564004e-01  -6.0630523e+01
  1.2514875808741e+01   1.2036848e+00   0.0000000e+00   2.6620376e+01  -1.1548577e-02   0.0000000e+00  -2.0611515e-01  -6.0630523e+01
  1.2519751101226e+01   1.2036848e+00   0.0000000e+00   2.6619644e+01  -1.1548577e-02   0.0000000e+00  -2.0670023e-01  -6.0630523e+01
  1.2524626393711e+01   1.2036848e+00   0.0000000e+00   2.6618737e+01  -1.1548577e-02   0.0000000e+00  -2.0738825e-01  -6.0630523e+01
  1.2529501686196e+01   1.2036848e+00   0.0000000e+00   2.6617695e+01  -1.1548577e-02   0.0000000e+00  -2.0817123e-01  -6.0630523e+01
  1.2534376978681e+01   1.2036848e+00   0.0000000e+00   2.6616563e+01  -1.1548577e-02   0.0000000e+00  -2.0904002e-01  -6.0630523e+01
  1.2539252271166e+01   1.2036848e+00   0.0000000e+00   2.6615393e+01  -1.1548577e-02   0.0000000e+00  -2.0998339e-01  -6.0630523e+01
  1.2544127563651e+01   1.2036848e+00   0.0000000e+00   2.6614234e+01  -1.1548577e-02   0.0000000e+00  -2.1098698e-01  -6.0630523e+01
  1.2549002856136e+01   1.2036848e+00   0.0000000e+00   2.6613135e+01  -1.1548577e-02   0.0000000e+00  -2.1203247e-01  -6.0630523e+01
  1.2553878148621e+01   1.2036848e+00   0.0000000e+00   2.6612138e+01  -1.1548577e-02   0.0000000e+00  -2.1309753e-01  -6.0630523e+01
  1.2558753441106e+01   1.2036848e+00   0.0000000e+00   2.6611272e+01  -1.1548577e-02   0.0000000e+00  -2.1415632e-01  -6.0630523e+01
  1.2563628733591e+01   1.2036848e+00   0.0000000e+00   2.6610560e+01  -1.1548577e-02   0.0000000e+00  -2.1518051e-01  -6.0630523e+01
  1.2568504026075e+01   1.2036848e+00   0.0000000e+00   2.6610013e+01  -1.1548577e-02   0.0000000e+00  -2.1614045e-01  -6.0630523e+01
  1.2573379318560e+01   1.2036848e+00   0.0000000e+00   2.6609634e+01  -1.1548577e-02   0.0000000e+00  -2.1700656e-01  -6.0630523e+01
  1.2578254611045e+01   1.2036848e+00   0.0000000e+00   2.6609418e+01  -1.1548577e-02   0.0000000e+00  -2.1775088e-01  -6.0630523e+01
  1.2583129903530e+01   1.2036848e+00   0.0000000e+00   2.6609352e+01  -1.1548577e-02   0.0000000e+00  -2.1834903e-01  -6.0630523e+01
  1.2588005196015e+01   1.2036848e+00   0.0000000e+00   2.6609421e+01  -1.1548577e-02   0.0000000e+00  -2.1878227e-01  -6.0630523e+01
  1.2592880488500e+01   1.2036848e+00   0.0000000e+00   2.6609602e+01  -1.1548577e-02   0.0000000e+00  -2.1903935e-01  -6.0630523e+01
  1.2597755780985e+01   1.2036848e+00   0.0000000e+00   2.6609875e+01  -1.1548577e-02   0.0000000e+00  -2.1911765e-01  -6.0630523e+01
  1.2602631073470e+01   1.2036848e+00   0.0000000e+00   2.6610217e+01  -1.1548577e-02   0.0000000e+00  -2.1902316e-01  -6.0630523e+01
  1.2607506365955e+01   1.2036848e+00   0.0000000e+00   2.6610607e+01  -1.1548577e-02   0.0000000e+00  -2.1876945e-01  -6.0630523e+01
  1.2612381658440e+01   1.2036848e+00   0.0000000e+00   2.6611027e+01  -1.1548577e-02   0.0000000e+00  -2.1837603e-01  -6.0630523e+01
  1.2617256950925e+01   1.2036848e+00   0.0000000e+00   2.6611453e+01  -1.1548577e-02   0.0000000e+00  -2.1786650e-01  -6.0630523e+01
  1.2622132243410e+01   1.2036848e+00   0.0000000e+00   2.6611863e+01  -1.1548577e-02   0.0000000e+00  -2.1726719e-01  -6.0630523e+01
  1.2627007535894e+01   1.2036848e+00   0.0000000e+00   2.6612235e+01  -1.1548577e-02   0.0000000e+00  -2.1660629e-01  -6.0630523e+01
  1.2631882828379e+01   1.2036848e+00   0.0000000e+00   2.6612547e+01  -1.1548577e-02   0.0000000e+00  -2.1591326e-01  -6.0630523e+01
  1.2636758120864e+01   1.2036848e+00   0.0000000e+00   2.6612780e+01  -1.1548577e-02   0.0000000e+00  -2.1521803e-01  -6.0630523e+01
  1.2641633413349e+01   1.2036848e+00   0.0000000e+00   2.6612922e+01  -1.1548577e-02   0.0000000e+00  -2.1454987e-01  -6.0630523e+01
  1.2646508705834e+01   1.2036848e+00   0.0000000e+00   2.6612961e+01  -1.1548577e-02   0.0000000e+00  -2.1393586e-01  -6.0630523e+01
  1.2651383998319e+01   1.2036848e+00   0.0000000e+00   2.6612884e+01  -1.1548577e-02   0.0000000e+00  -2.1339947e-01  -6.0630523e+01
  1.2656259290804e+01   1.2036848e+00   0.0000000e+00   2.6612677e+01  -1.1548577e-02   0.0000000e+00  -2.1295977e-01  -6.0630523e+01
  1.2661134583289e+01   1.2036848e+00   0.0000000e+00   2.6612326e+01  -1.1548577e-02   0.0000000e+00  -2.1263142e-01  -6.0630523e+01
  1.2666009875774e+01   1.2036848e+00   0.0000000e+00   2.6611814e+01  -1.1548577e-02   0.0000000e+00  -2.1242499e-01  -6.0630523e+01
  1.2670885168259e+01   1.2036848e+00   0.0000000e+00   2.6611133e+01  -1.1548577e-02   0.0000000e+00  -2.1234740e-01  -6.0630523e+01
  1.2675760460744e+01   1.2036848e+00   0.0000000e+00   2.6610279e+01  -1.1548577e-02   0.0000000e+00  -2.1240173e-01  -6.0630523e+01
  1.2680635753229e+01   1.2036848e+00   0.0000000e+00   2.6609256e+01  -1.1548577e-02   0.0000000e+00  -2.1258672e-01  -6.0630523e+01
  1.2685511045714e+01   1.2036848e+00   0.0000000e+00   2.6608077e+01  -1.1548577e-02   0.0000000e+00  -2.1289607e-01  -6.0630523e+01
  1.2690386338199e+01   1.2036848e+00   0.0000000e+00   2.6606759e+01  -1.1548577e-02   0.0000000e+00  -2.1331811e-01  -6.0630523e+01
  1.2695261630683e+01   1.2036848e+00   0.0000000e+00   2.6605324e+01  -1.1548577e-02   0.0000000e+00  -2.1383614e-01  -6.0630523e+01
  1.2700136923168e+01   1.2036848e+00   0.0000000e+00   2.6603795e+01  -1.1548577e-02   0.0000000e+00  -2.1442931e-01  -6.0630523e+01
  1.2705012215653e+01   1.2036848e+00   0.0000000e+00   2.6602198e+01  -1.1548577e-02   0.0000000e+00  -2.1507382e-01  -6.0630523e+01
  1.2709887508138e+01   1.2036848e+00   0.0000000e+00   2.6600559e+01  -1.1548577e-02   0.0000000e+00  -2.1574409e-01  -6.0630523e+01
  1.2714762800623e+01   1.2036848e+00   0.0000000e+00   2.6598910e+01  -1.1548577e-02   0.0000000e+00  -2.1641378e-01  -6.0630523e+01
  1.2719638093108e+01   1.2036848e+00   0.0000000e+00   2.6597283e+01  -1.1548577e-02   0.0000000e+00  -2.1705673e-01  -6.0630523e+01
  1.2724513385593e+01   1.2036848e+00   0.0000000e+00   2.6595714e+01  -1.1548577e-02   0.0000000e+00  -2.1764802e-01  -6.0630523e+01
  1.2729388678078e+01   1.2036848e+00   0.0000000e+00   2.6594240e+01  -1.1548577e-02   0.0000000e+00  -2.1816516e-01  -6.0630523e+01
  1.2734263970563e+01   1.2036848e+00   0.0000000e+00   2.6592900e+01  -1.1548577e-02   0.0000000e+00  -2.1858946e-01  -6.0630523e+01
  1.2739139263048e+01   1.2036848e+00   0.0000000e+00   2.6591732e+01  -1.1548577e-02   0.0000000e+00  -2.1890727e-01  -6.0630523e+01
  1.2744014555533e+01   1.2036848e+00   0.0000000e+00   2.6590771e+01  -1.1548577e-02   0.0000000e+00  -2.1911087e-01  -6.0630523e+01
  1.2748889848017e+01   1.2036848e+00   0.0000000e+00   2.6590051e+01  -1.1548577e-02   0.0000000e+00  -2.1919887e-01  -6.0630523e+01
  1.2753765140502e+01   1.2036848e+00   0.0000000e+00   2.6589600e+01  -1.1548577e-02   0.0000000e+00  -2.1917617e-01  -6.0630523e+01
  1.2758640432987e+01   1.2036848e+00   0.0000000e+00   2.6589438e+01  -1.1548577e-02   0.0000000e+00  -2.1905358e-01  -6.0630523e+01
  1.2763515725472e+01   1.2036848e+00   0.0000000e+00   2.6589570e+01  -1.1548577e-02   0.0000000e+00  -2.1884705e-01  -6.0630523e+01
  1.2768391017957e+01   1.2036848e+00   0.0000000e+00   2.6589991e+01  -1.1548577e-02   0.0000000e+00  -2.1857678e-01  -6.0630523e+01
  1.2773266310442e+01   1.2036848e+00   0.0000000e+00   2.6590676e+01  -1.1548577e-02   0.0000000e+00  -2.1826590e-01  -6.0630523e+01
  1.2778141602927e+01   1.2036848e+00   0.0000000e+00   2.6591587e+01  -1.1548577e-02   0.0000000e+00  -2.1793899e-01  -6.0630523e+01
  1.2783016895412e+01   1.2036848e+00   0.0000000e+00   2.6592671e+01  -1.1548577e-02   0.0000000e+00  -2.1762051e-01  -6.0630523e+01
  1.2787892187897e+01   1.2036848e+00   0.0000000e+00   2.6593867e+01  -1.1548577e-02   0.0000000e+00  -2.1733335e-01  -6.0630523e+01
  1.2792767480382e+01   1.2036848e+00   0.0000000e+00   2.6595107e+01  -1.1548577e-02   0.0000000e+00  -2.1709780e-01  -6.0630523e+01
  1.2797642772867e+01   1.2036848e+00   0.0000000e+00   2.6596319e+01  -1.1548577e-02   0.0000000e+00  -2.1693072e-01  -6.0630523e+01
  1.2802518065352e+01   1.2036848e+00   0.0000000e+00   2.6597434e+01  -1.1548577e-02   0.0000000e+00  -2.1684509e-01  -6.0630523e+01
  1.2807393357836e+01   1.2036848e+00   0.0000000e+00   2.6598387e+01  -1.1548577e-02   0.0000000e+00  -2.1684972e-01  -6.0630523e+01
  1.2812268650321e+01   1.2036848e+00   0.0000000e+00   2.6599121e+01  -1.1548577e-02   0.0000000e+00  -2.1694933e-01  -6.0630523e+01
  1.2817143942806e+01   1.2036848e+00   0.0000000e+00   2.6599588e+01  -1.1548577e-02   0.0000000e+00  -2.1714483e-01  -6.0630523e+01
  1.2822019235291e+01   1.2036848e+00   0.0000000e+00   2.6599749e+01  -1.1548577e-02   0.0000000e+00  -2.1743405e-01  -6.0630523e+01
  1.2826894527776e+01   1.2036848e+00   0.0000000e+00   2.6599580e+01  -1.1548577e-02   0.0000000e+00  -2.1781230e-01  -6.0630523e+01
  1.2831769820261e+01   1.2036848e+00   0.0000000e+00   2.6599068e+01  -1.1548577e-02   0.0000000e+00  -2.1827289e-01  -6.0630523e+01
  1.2836645112746e+01   1.2036848e+00   0.0000000e+00   2.6598213e+01  -1.1548577e-02   0.0000000e+00  -2.1880711e-01  -6.0630523e+01
  1.2841520405231e+01   1.2036848e+00   0.0000000e+00   2.6597031e+01  -1.1548577e-02   0.0000000e+00  -2.1940397e-01  -6.0630523e+01
  1.2846395697716e+01   1.2036848e+00   0.0000000e+00   2.6595548e+01  -1.1548577e-02   0.0000000e+00  -2.2004994e-01  -6.0630523e+01
  1.2851270990201e+01   1.2036848e+00   0.0000000e+00   2.6593800e+01  -1.1548577e-02   0.0000000e+00  -2.2072907e-01  -6.0630523e+01
  1.2856146282686e+01   1.2036848e+00   0.0000000e+00   2.6591832e+01  -1.1548577e-02   0.0000000e+00  -2.2142345e-01  -6.0630523e+01
  1.2861021575171e+01   1.2036848e+00   0.0000000e+00   2.6589696e+01  -1.1548577e-02   0.0000000e+00  -2.2211410e-01  -6.0630523e+01
  1.2865896867656e+01   1.2036848e+00   0.0000000e+00   2.6587447e+01  -1.1548577e-02   0.0000000e+00  -2.2278192e-01  -6.0630523e+01
  1.2870772160141e+01   1.2036848e+00   0.0000000e+00   2.6585142e+01  -1.1548577e-02   0.0000000e+00  -2.2340863e-01  -6.0630523e+01
  1.2875647452625e+01   1.2036848e+00   0.0000000e+00   2.6582837e+01  -1.1548577e-02   0.0000000e+00  -2.2397776e-01  -6.0630523e+01
  1.2880522745110e+01   1.2036848e+00   0.0000000e+00   2.6580589e+01  -1.1548577e-02   0.0000000e+00  -2.2447564e-01  -6.0630523e+01
  1.2885398037595e+01   1.2036848e+00   0.0000000e+00   2.6578451e+01  -1.1548577e-02   0.0000000e+00  -2.2489260e-01  -6.0630523e+01
  1.2890273330080e+01   1.2036848e+00   0.0000000e+00   2.6576472e+01  -1.1548577e-02   0.0000000e+00  -2.2522388e-01  -6.0630523e+01
  1.2895148622565e+01   1.2036848e+00   0.0000000e+00   2.6574696e+01  -1.1548577e-02   0.0000000e+00  -2.2547025e-01  -6.0630523e+01
  1.2900023915050e+01   1.2036848e+00   0.0000000e+00   2.6573161e+01  -1.1548577e-02   0.0000000e+00  -2.2563798e-01  -6.0630523e+01
  1.2904899207535e+01   1.2036848e+00   0.0000000e+00   2.6571895e+01  -1.1548577e-02   0.0000000e+00  -2.2573794e-01  -6.0630523e+01
  1.2909774500020e+01   1.2036848e+00   0.0000000e+00   2.6570922e+01  -1.1548577e-02   0.0000000e+00  -2.2578415e-01  -6.0630523e+01
  1.2914649792505e+01   1.2036848e+00   0.0000000e+00   2.6570253e+01  -1.1548577e-02   0.0000000e+00  -2.2579190e-01  -6.0630523e+01
  1.2919525084990e+01   1.2036848e+00   0.0000000e+00   2.6569894e+01  -1.1548577e-02   0.0000000e+00  -2.2577596e-01  -6.0630523e+01
  1.2924400377475e+01   1.2036848e+00   0.0000000e+00   2.6569838e+01  -1.1548577e-02   0.0000000e+00  -2.2574907e-01  -6.0630523e+01
  1.2929275669959e+01   1.2036848e+00   0.0000000e+00   2.6570065e+01  -1.1548577e-02   0.0000000e+00  -2.2572097e-01  -6.0630523e+01
  1.2934150962444e+01   1.2036848e+00   0.0000000e+00   2.6570547e+01  -1.1548577e-02   0.0000000e+00  -2.2569816e-01  -6.0630523e+01
  1.2939026254929e+01   1.2036848e+00   0.0000000e+00   2.6571246e+01  -1.1548577e-02   0.0000000e+00  -2.2568415e-01  -6.0630523e+01
  1.2943901547414e+01   1.2036848e+00   0.0000000e+00   2.6572119e+01  -1.1548577e-02   0.0000000e+00  -2.2568020e-01  -6.0630523e+01
  1.2948776839899e+01   1.2036848e+00   0.0000000e+00   2.6573118e+01  -1.1548577e-02   0.0000000e+00  -2.2568596e-01  -6.0630523e+01
  1.2953652132384e+01   1.2036848e+00   0.0000000e+00   2.6574191e+01  -1.1548577e-02   0.0000000e+00  -2.2570005e-01  -6.0630523e+01
  1.2958527424869e+01   1.2036848e+00   0.0000000e+00   2.6575287e+01  -1.1548577e-02   0.0000000e+00  -2.2572047e-01  -6.0630523e+01
  1.2963402717354e+01   1.2036848e+00   0.0000000e+00   2.6576353e+01  -1.1548577e-02   0.0000000e+00  -2.2574481e-01  -6.0630523e+01
  1.2968278009839e+01   1.2036848e+00   0.0000000e+00   2.6577336e+01  -1.1548577e-02   0.0000000e+00  -2.2577079e-01  -6.0630523e+01
  1.2973153302324e+01   1.2036848e+00   0.0000000e+00   2.6578183e+01  -1.1548577e-02   0.0000000e+00  -2.2579675e-01  -6.0630523e+01
  1.2978028594809e+01   1.2036848e+00   0.0000000e+00   2.6578849e+01  -1.1548577e-02   0.0000000e+00  -2.2582242e-01  -6.0630523e+01
  1.2982903887294e+01   1.2036848e+00   0.0000000e+00   2.6579291e+01  -1.1548577e-02   0.0000000e+00  -2.2584930e-01  -6.0630523e+01
  1.2987779179778e+01   1.2036848e+00   0.0000000e+00   2.6579478e+01  -1.1548577e-02   0.0000000e+00  -2.2588069e-01  -6.0630523e+01
  1.2992654472263e+01   1.2036848e+00   0.0000000e+00   2.6579394e+01  -1.1548577e-02   0.0000000e+00  -2.2592108e-01  -6.0630523e+01
  1.2997529764748e+01   1.2036848e+00   0.0000000e+00   2.6579034e+01  -1.1548577e-02   0.0000000e+00  -2.2597513e-01  -6.0630523e+01
  1.3002405057233e+01   1.2036848e+00   0.0000000e+00   2.6578409e+01  -1.1548577e-02   0.0000000e+00  -2.2604660e-01  -6.0630523e+01
  1.3007280349718e+01   1.2036848e+00   0.0000000e+00   2.6577542e+01  -1.1548577e-02   0.0000000e+00  -2.2613763e-01  -6.0630523e+01
  1.3012155642203e+01   1.2036848e+00   0.0000000e+00   2.6576467e+01  -1.1548577e-02   0.0000000e+00  -2.2624853e-01  -6.0630523e+01
  1.3017030934688e+01   1.2036848e+00   0.0000000e+00   2.6575223e+01  -1.1548577e-02   0.0000000e+00  -2.2637820e-01  -6.0630523e+01
  1.3021906227173e+01   1.2036848e+00   0.0000000e+00   2.6573854e+01  -1.1548577e-02   0.0000000e+00  -2.2652481e-01  -6.0630523e+01
  1.3026781519658e+01   1.2036848e+00   0.0000000e+00   2.6572406e+01  -1.1548577e-02   0.0000000e+00  -2.2668667e-01  -6.0630523e+01
  1.3031656812143e+01   1.2036848e+00   0.0000000e+00   2.6570925e+01  -1.1548577e-02   0.0000000e+00  -2.2686272e-01  -6.0630523e+01
  1.3036532104628e+01   1.2036848e+00   0.0000000e+00   2.6569455e+01  -1.1548577e-02   0.0000000e+00  -2.2705258e-01  -6.0630523e+01
  1.3041407397113e+01   1.2036848e+00   0.0000000e+00   2.6568035e+01  -1.1548577e-02   0.0000000e+00  -2.2725626e-01  -6.0630523e+01
  1.3046282689598e+01   1.2036848e+00   0.0000000e+00   2.6566702e+01  -1.1548577e-02   0.0000000e+00  -2.2747335e-01  -6.0630523e+01
  1.3051157982082e+01   1.2036848e+00   0.0000000e+00   2.6565482e+01  -1.1548577e-02   0.0000000e+00  -2.2770239e-01  -6.0630523e+01
  1.3056033274567e+01   1.2036848e+00   0.0000000e+00   2.6564394e+01  -1.1548577e-02   0.0000000e+00  -2.2794030e-01  -6.0630523e+01
  1.3060908567052e+01   1.2036848e+00   0.0000000e+00   2.6563446e+01  -1.1548577e-02   0.0000000e+00  -2.2818243e-01  -6.0630523e+01
  1.3065783859537e+01   1.2036848e+00   0.0000000e+00   2.6562635e+01  -1.1548577e-02   0.0000000e+00  -2.2842295e-01  -6.0630523e+01
  1.3070659152022e+01   1.2036848e+00   0.0000000e+00   2.6561951e+01  -1.1548577e-02   0.0000000e+00  -2.2865556e-01  -6.0630523e+01
  1.3075534444507e+01   1.2036848e+00   0.0000000e+00   2.6561372e+01  -1.1548577e-02   0.0000000e+00  -2.2887414e-01  -6.0630523e+01
  1.3080409736992e+01   1.2036848e+00   0.0000000e+00   2.6560874e+01  -1.1548577e-02   0.0000000e+00  -2.2907327e-01  -6.0630523e+01
  1.3085285029477e+01   1.2036848e+00   0.0000000e+00   2.6560430e+01  -1.1548577e-02   0.0000000e+00  -2.2924841e-01  -6.0630523e+01
  1.3090160321962e+01   1.2036848e+00   0.0000000e+00   2.6560009e+01  -1.1548577e-02   0.0000000e+00  -2.2939609e-01  -6.0630523e+01
  1.3095035614447e+01   1.2036848e+00   0.0000000e+00   2.6559586e+01  -1.1548577e-02   0.0000000e+00  -2.2951393e-01  -6.0630523e+01
  1.3099910906932e+01   1.2036848e+00   0.0000000e+00   2.6559135e+01  -1.1548577e-02   0.0000000e+00  -2.2960068e-01  -6.0630523e+01
  1.3104786199417e+01   1.2036848e+00   0.0000000e+00   2.6558638e+01  -1.1548577e-02   0.0000000e+00  -2.2965607e-01  -6.0630523e+01
  1.3109661491901e+01   1.2036848e+00   0.0000000e+00   2.6558079e+01  -1.1548577e-02   0.0000000e+00  -2.2968038e-01  -6.0630523e+01
  1.3114536784386e+01   1.2036848e+00   0.0000000e+00   2.6557452e+01  -1.1548577e-02   0.0000000e+00  -2.2967395e-01  -6.0630523e+01
  1.3119412076871e+01   1.2036848e+00   0.0000000e+00   2.6556754e+01  -1.1548577e-02   0.0000000e+00  -2.2963669e-01  -6.0630523e+01
  1.3124287369356e+01   1.2036848e+00   0.0000000e+00   2.6555992e+01  -1.1548577e-02   0.0000000e+00  -2.2956782e-01  -6.0630523e+01
  1.3129162661841e+01   1.2036848e+00   0.0000000e+00   2.6555175e+01  -1.1548577e-02   0.0000000e+00  -2.2946617e-01  -6.0630523e+01
  1.3134037954326e+01   1.2036848e+00   0.0000000e+00   2.6554316e+01  -1.1548577e-02   0.0000000e+00  -2.2933070e-01  -6.0630523e+01
  1.3138913246811e+01   1.2036848e+00   0.0000000e+00   2.6553427e+01  -1.1548577e-02   0.0000000e+00  -2.2916120e-01  -6.0630523e+01
  1.3143788539296e+01   1.2036848e+00   0.0000000e+00   2.6552525e+01  -1.1548577e-02   0.0000000e+00  -2.2895875e-01  -6.0630523e+01
  1.3148663831781e+01   1.2036848e+00   0.0000000e+00   2.6551620e+01  -1.1548577e-02   0.0000000e+00  -2.2872588e-01  -6.0630523e+01
  1.3153539124266e+01   1.2036848e+00   0.0000000e+00   2.6550725e+01  -1.1548577e-02   0.0000000e+00  -2.2846639e-01  -6.0630523e+01
  1.3158414416751e+01   1.2036848e+00   0.0000000e+00   2.6549846e+01  -1.1548577e-02   0.0000000e+00  -2.2818506e-01  -6.0630523e+01
  1.3163289709236e+01   1.2036848e+00   0.0000000e+00   2.6548990e+01  -1.1548577e-02   0.0000000e+00  -2.2788733e-01  -6.0630523e+01
  1.3168165001720e+01   1.2036848e+00   0.0000000e+00   2.6548158e+01  -1.1548577e-02   0.0000000e+00  -2.2757901e-01  -6.0630523e+01
  1.3173040294205e+01   1.2036848e+00   0.0000000e+00   2.6547350e+01  -1.1548577e-02   0.0000000e+00  -2.2726603e-01  -6.0630523e+01
  1.3177915586690e+01   1.2036848e+00   0.0000000e+00   2.6546562e+01  -1.1548577e-02   0.0000000e+00  -2.2695410e-01  -6.0630523e+01
  1.3182790879175e+01   1.2036848e+00   0.0000000e+00   2.6545791e+01  -1.1548577e-02   0.0000000e+00  -2.2664833e-01  -6.0630523e+01
  1.3187666171660e+01   1.2036848e+00   0.0000000e+00   2.6545028e+01  -1.1548577e-02   0.0000000e+00  -2.2635289e-01  -6.0630523e+01
  1.3192541464145e+01   1.2036848e+00   0.0000000e+00   2.6544267e+01  -1.1548577e-02   0.0000000e+00  -2.2607088e-01  -6.0630523e+01
  1.3197416756630e+01   1.2036848e+00   0.0000000e+00   2.6543497e+01  -1.1548577e-02   0.0000000e+00  -2.2580447e-01  -6.0630523e+01
  1.3202292049115e+01   1.2036848e+00   0.0000000e+00   2.6542708e+01  -1.1548577e-02   0.0000000e+00  -2.2555525e-01  -6.0630523e+01
  1.3207167341600e+01   1.2036848e+00   0.0000000e+00   2.6541889e+01  -1.1548577e-02   0.0000000e+00  -2.2532458e-01  -6.0630523e+01
  1.3212042634085e+01   1.2036848e+00   0.0000000e+00   2.6541032e+01  -1.1548577e-02   0.0000000e+00  -2.2511390e-01  -6.0630523e+01
  1.3216917926570e+01   1.2036848e+00   0.0000000e+00   2.6540125e+01  -1.1548577e-02   0.0000000e+00  -2.2492464e-01  -6.0630523e+01
  1.3221793219055e+01   1.2036848e+00   0.0000000e+00   2.6539160e+01  -1.1548577e-02   0.0000000e+00  -2.2475811e-01  -6.0630523e+01
  1.3226668511540e+01   1.2036848e+00   0.0000000e+00   2.6538128e+01  -1.1548577e-02   0.0000000e+00  -2.2461535e-01  -6.0630523e+01
  1.3231543804024e+01   1.2036848e+00   0.0000000e+00   2.6537023e+01  -1.1548577e-02   0.0000000e+00  -2.2449717e-01  -6.0630523e+01
  1.3236419096509e+01   1.2036848e+00   0.0000000e+00   2.6535838e+01  -1.1548577e-02   0.0000000e+00  -2.2440434e-01  -6.0630523e+01
  1.3241294388994e+01   1.2036848e+00   0.0000000e+00   2.6534571e+01  -1.1548577e-02   0.0000000e+00  -2.2433779e-01  -6.0630523e+01
  1.3246169681479e+01   1.2036848e+00   0.0000000e+00   2.6533223e+01  -1.1548577e-02   0.0000000e+00  -2.2429887e-01  -6.0630523e+01
  1.3251044973964e+01   1.2036848e+00   0.0000000e+00   2.6531798e+01  -1.1548577e-02   0.0000000e+00  -2.2428952e-01  -6.0630523e+01
  1.3255920266449e+01   1.2036848e+00   0.0000000e+00   2.6530306e+01  -1.1548577e-02   0.0000000e+00  -2.2431245e-01  -6.0630523e+01
  1.3260795558934e+01   1.2036848e+00   0.0000000e+00   2.6528756e+01  -1.1548577e-02   0.0000000e+00  -2.2437112e-01  -6.0630523e+01
  1.3265670851419e+01   1.2036848e+00   0.0000000e+00   2.6527165e+01  -1.1548577e-02   0.0000000e+00  -2.2446967e-01  -6.0630523e+01
  1.3270546143904e+01   1.2036848e+00   0.0000000e+00   2.6525547e+01  -1.1548577e-02   0.0000000e+00  -2.2461239e-01  -6.0630523e+01
  1.3275421436389e+01   1.2036848e+00   0.0000000e+00   2.6523918e+01  -1.1548577e-02   0.0000000e+00  -2.2480330e-01  -6.0630523e+01
  1.3280296728874e+01   1.2036848e+00   0.0000000e+00   2.6522295e+01  -1.1548577e-02   0.0000000e+00  -2.2504549e-01  -6.0630523e+01
  1.3285172021359e+01   1.2036848e+00   0.0000000e+00   2.6520692e+01  -1.1548577e-02   0.0000000e+00  -2.2534061e-01  -6.0630523e+01
  1.3290047313843e+01   1.2036848e+00   0.0000000e+00   2.6519121e+01  -1.1548577e-02   0.0000000e+00  -2.2568829e-01  -6.0630523e+01
  1.3294922606328e+01   1.2036848e+00   0.0000000e+00   2.6517593e+01  -1.1548577e-02   0.0000000e+00  -2.2608565e-01  -6.0630523e+01
  1.3299797898813e+01   1.2036848e+00   0.0000000e+00   2.6516117e+01  -1.1548577e-02   0.0000000e+00  -2.2652703e-01  -6.0630523e+01
  1.3304673191298e+01   1.2036848e+00   0.0000000e+00   2.6514697e+01  -1.1548577e-02   0.0000000e+00  -2.2700402e-01  -6.0630523e+01
  1.3309548483783e+01   1.2036848e+00   0.0000000e+00   2.6513338e+01  -1.1548577e-02   0.0000000e+00  -2.2750596e-01  -6.0630523e+01
  1.3314423776268e+01   1.2036848e+00   0.0000000e+00   2.6512041e+01  -1.1548577e-02   0.0000000e+00  -2.2802056e-01  -6.0630523e+01
  1.3319299068753e+01   1.2036848e+00   0.0000000e+00   2.6510810e+01  -1.1548577e-02   0.0000000e+00  -2.2853449e-01  -6.0630523e+01
  1.3324174361238e+01   1.2036848e+00   0.0000000e+00   2.6509647e+01  -1.1548577e-02   0.0000000e+00  -2.2903369e-01  -6.0630523e+01
  1.3329049653723e+01   1.2036848e+00   0.0000000e+00   2.6508551e+01  -1.1548577e-02   0.0000000e+00  -2.2950373e-01  -6.0630523e+01
  1.3333924946208e+01   1.2036848e+00   0.0000000e+00   2.6507520e+01  -1.1548577e-02   0.0000000e+00  -2.2993016e-01  -6.0630523e+01
  1.3338800238693e+01   1.2036848e+00   0.0000000e+00   2.6506547e+01  -1.1548577e-02   0.0000000e+00  -2.3029935e-01  -6.0630523e+01
  1.3343675531177e+01   1.2036848e+00   0.0000000e+00   2.6505623e+01  -1.1548577e-02   0.0000000e+00  -2.3059950e-01  -6.0630523e+01
  1.3348550823662e+01   1.2036848e+00   0.0000000e+00   2.6504737e+01  -1.1548577e-02   0.0000000e+00  -2.3082170e-01  -6.0630523e+01
  1.3353426116147e+01   1.2036848e+00   0.0000000e+00   2.6503876e+01  -1.1548577e-02   0.0000000e+00  -2.3096075e-01  -6.0630523e+01
  1.3358301408632e+01   1.2036848e+00   0.0000000e+00   2.6503026e+01  -1.1548577e-02   0.0000000e+00  -2.3101568e-01  -6.0630523e+01
  1.3363176701117e+01   1.2036848e+00   0.0000000e+00   2.6502177e+01  -1.1548577e-02   0.0000000e+00  -2.3098988e-01  -6.0630523e+01
  1.3368051993602e+01   1.2036848e+00   0.0000000e+00   2.6501315e+01  -1.1548577e-02   0.0000000e+00  -2.3089110e-01  -6.0630523e+01
  1.3372927286087e+01   1.2036848e+00   0.0000000e+00   2.6500432e+01  -1.1548577e-02   0.0000000e+00  -2.3073126e-01  -6.0630523e+01
  1.3377802578572e+01   1.2036848e+00   0.0000000e+00   2.6499516e+01  -1.1548577e-02   0.0000000e+00  -2.3052586e-01  -6.0630523e+01
  1.3382677871057e+01   1.2036848e+00   0.0000000e+00   2.6498562e+01  -1.1548577e-02   0.0000000e+00  -2.3029310e-01  -6.0630523e+01
  1.3387553163542e+01   1.2036848e+00   0.0000000e+00   2.6497560e+01  -1.1548577e-02   0.0000000e+00  -2.3005242e-01  -6.0630523e+01
  1.3392428456027e+01   1.2036848e+00   0.0000000e+00   2.6496507e+01  -1.1548577e-02   0.0000000e+00  -2.2982300e-01  -6.0630523e+01
  1.3397303748512e+01   1.2036848e+00   0.0000000e+00   2.6495397e+01  -1.1548577e-02   0.0000000e+00  -2.2962229e-01  -6.0630523e+01
  1.3402179040997e+01   1.2036848e+00   0.0000000e+00   2.6494227e+01  -1.1548577e-02   0.0000000e+00  -2.2946482e-01  -6.0630523e+01
  1.3407054333482e+01   1.2036848e+00   0.0000000e+00   2.6492995e+01  -1.1548577e-02   0.0000000e+00  -2.2936142e-01  -6.0630523e+01
  1.3411929625966e+01   1.2036848e+00   0.0000000e+00   2.6491700e+01  -1.1548577e-02   0.0000000e+00  -2.2931868e-01  -6.0630523e+01
  1.3416804918451e+01   1.2036848e+00   0.0000000e+00   2.6490342e+01  -1.1548577e-02   0.0000000e+00  -2.2933880e-01  -6.0630523e+01
  1.3421680210936e+01   1.2036848e+00   0.0000000e+00   2.6488921e+01  -1.1548577e-02   0.0000000e+00  -2.2941973e-01  -6.0630523e+01
  1.3426555503421e+01   1.2036848e+00   0.0000000e+00   2.6487439e+01  -1.1548577e-02   0.0000000e+00  -2.2955574e-01  -6.0630523e+01
  1.3431430795906e+01   1.2036848e+00   0.0000000e+00   2.6485900e+01  -1.1548577e-02   0.0000000e+00  -2.2973814e-01  -6.0630523e+01
  1.3436306088391e+01   1.2036848e+00   0.0000000e+00   2.6484313e+01  -1.1548577e-02   0.0000000e+00  -2.2995601e-01  -6.0630523e+01
  1.3441181380876e+01   1.2036848e+00   0.0000000e+00   2.6482694e+01  -1.1548577e-02   0.0000000e+00  -2.3019681e-01  -6.0630523e+01
  1.3446056673361e+01   1.2036848e+00   0.0000000e+00   2.6481062e+01  -1.1548577e-02   0.0000000e+00  -2.3044686e-01  -6.0630523e+01
  1.3450931965846e+01   1.2036848e+00   0.0000000e+00   2.6479441e+01  -1.1548577e-02   0.0000000e+00  -2.3069200e-01  -6.0630523e+01
  1.3455807258331e+01   1.2036848e+00   0.0000000e+00   2.6477862e+01  -1.1548577e-02   0.0000000e+00  -2.3091830e-01  -6.0630523e+01
  1.3460682550816e+01   1.2036848e+00   0.0000000e+00   2.6476355e+01  -1.1548577e-02   0.0000000e+00  -2.3111291e-01  -6.0630523e+01
  1.3465557843301e+01   1.2036848e+00   0.0000000e+00   2.6474954e+01  -1.1548577e-02   0.0000000e+00  -2.3126493e-01  -6.0630523e+01
  1.3470433135785e+01   1.2036848e+00   0.0000000e+00   2.6473693e+01  -1.1548577e-02   0.0000000e+00  -2.3136607e-01  -6.0630523e+01
  1.3475308428270e+01   1.2036848e+00   0.0000000e+00   2.6472600e+01  -1.1548577e-02   0.0000000e+00  -2.3141128e-01  -6.0630523e+01
  1.3480183720755e+01   1.2036848e+00   0.0000000e+00   2.6471703e+01  -1.1548577e-02   0.0000000e+00  -2.3139913e-01  -6.0630523e+01
  1.3485059013240e+01   1.2036848e+00   0.0000000e+00   2.6471017e+01  -1.1548577e-02   0.0000000e+00  -2.3133211e-01  -6.0630523e+01
  1.3489934305725e+01   1.2036848e+00   0.0000000e+00   2.6470552e+01  -1.1548577e-02   0.0000000e+00  -2.3121649e-01  -6.0630523e+01
  1.3494809598210e+01   1.2036848e+00   0.0000000e+00   2.6470306e+01  -1.1548577e-02   0.0000000e+00  -2.3106192e-01  -6.0630523e+01
  1.3499684890695e+01   1.2036848e+00   0.0000000e+00   2.6470268e+01  -1.1548577e-02   0.0000000e+00  -2.3088057e-01  -6.0630523e+01
  1.3504560183180e+01   1.2036848e+00   0.0000000e+00   2.6470416e+01  -1.1548577e-02   0.0000000e+00  -2.3068601e-01  -6.0630523e+01
  1.3509435475665e+01   1.2036848e+00   0.0000000e+00   2.6470718e+01  -1.1548577e-02   0.0000000e+00  -2.3049210e-01  -6.0630523e+01
  1.3514310768150e+01   1.2036848e+00   0.0000000e+00   2.6471139e+01  -1.1548577e-02   0.0000000e+00  -2.3031202e-01  -6.0630523e+01
  1.3519186060635e+01   1.2036848e+00   0.0000000e+00   2.6471633e+01  -1.1548577e-02   0.0000000e+00  -2.3015758e-01  -6.0630523e+01
  1.3524061353119e+01   1.2036848e+00   0.0000000e+00   2.6472155e+01  -1.1548577e-02   0.0000000e+00  -2.3003867e-01  -6.0630523e+01
  1.3528936645604e+01   1.2036848e+00   0.0000000e+00   2.6472659e+01  -1.1548577e-02   0.0000000e+00  -2.2996284e-01  -6.0630523e+01
  1.3533811938089e+01   1.2036848e+00   0.0000000e+00   2.6473101e+01  -1.1548577e-02   0.0000000e+00  -2.2993484e-01  -6.0630523e+01
  1.3538687230574e+01   1.2036848e+00   0.0000000e+00   2.6473441e+01  -1.1548577e-02   0.0000000e+00  -2.2995649e-01  -6.0630523e+01
  1.3543562523059e+01   1.2036848e+00   0.0000000e+00   2.6473644e+01  -1.1548577e-02   0.0000000e+00  -2.3002665e-01  -6.0630523e+01
  1.3548437815544e+01   1.2036848e+00   0.0000000e+00   2.6473683e+01  -1.1548577e-02   0.0000000e+00  -2.3014170e-01  -6.0630523e+01
  1.3553313108029e+01   1.2036848e+00   0.0000000e+00   2.6473537e+01  -1.1548577e-02   0.0000000e+00  -2.3029617e-01  -6.0630523e+01
  1.3558188400514e+01   1.2036848e+00   0.0000000e+00   2.6473192e+01  -1.1548577e-02   0.0000000e+00  -2.3048350e-01  -6.0630523e+01
  1.3563063692999e+01   1.2036848e+00   0.0000000e+00   2.6472645e+01  -1.1548577e-02   0.0000000e+00  -2.3069679e-01  -6.0630523e+01
  1.3567938985484e+01   1.2036848e+00   0.0000000e+00   2.6471899e+01  -1.1548577e-02   0.0000000e+00  -2.3092958e-01  -6.0630523e+01
  1.3572814277969e+01   1.2036848e+00   0.0000000e+00   2.6470965e+01  -1.1548577e-02   0.0000000e+00  -2.3117646e-01  -6.0630523e+01
  1.3577689570454e+01   1.2036848e+00   0.0000000e+00   2.6469862e+01  -1.1548577e-02   0.0000000e+00  -2.3143365e-01  -6.0630523e+01
  1.3582564862939e+01   1.2036848e+00   0.0000000e+00   2.6468618e+01  -1.1548577e-02   0.0000000e+00  -2.3169919e-01  -6.0630523e+01
  1.3587440155423e+01   1.2036848e+00   0.0000000e+00   2.6467266e+01  -1.1548577e-02   0.0000000e+00  -2.3197309e-01  -6.0630523e+01
  1.3592315447908e+01   1.2036848e+00   0.0000000e+00   2.6465845e+01  -1.1548577e-02   0.0000000e+00  -2.3225701e-01  -6.0630523e+01
  1.3597190740393e+01   1.2036848e+00   0.0000000e+00   2.6464394e+01  -1.1548577e-02   0.0000000e+00  -2.3255397e-01  -6.0630523e+01
  1.3602066032878e+01   1.2036848e+00   0.0000000e+00   2.6462958e+01  -1.1548577e-02   0.0000000e+00  -2.3286771e-01  -6.0630523e+01
  1.3606941325363e+01   1.2036848e+00   0.0000000e+00   2.6461575e+01  -1.1548577e-02   0.0000000e+00  -2.3320218e-01  -6.0630523e+01
  1.3611816617848e+01   1.2036848e+00   0.0000000e+00   2.6460286e+01  -1.1548577e-02   0.0000000e+00  -2.3356094e-01  -6.0630523e+01
  1.3616691910333e+01   1.2036848e+00   0.0000000e+00   2.6459123e+01  -1.1548577e-02   0.0000000e+00  -2.3394681e-01  -6.0630523e+01
  1.3621567202818e+01   1.2036848e+00   0.0000000e+00   2.6458111e+01  -1.1548577e-02   0.0000000e+00  -2.3436174e-01  -6.0630523e+01
  1.3626442495303e+01   1.2036848e+00   0.0000000e+00   2.6457269e+01  -1.1548577e-02   0.0000000e+00  -2.3480694e-01  -6.0630523e+01
  1.3631317787788e+01   1.2036848e+00   0.0000000e+00   2.6456603e+01  -1.1548577e-02   0.0000000e+00  -2.3528333e-01  -6.0630523e+01
  1.3636193080273e+01   1.2036848e+00   0.0000000e+00   2.6456109e+01  -1.1548577e-02   0.0000000e+00  -2.3579212e-01  -6.0630523e+01
  1.3641068372758e+01   1.2036848e+00   0.0000000e+00   2.6455777e+01  -1.1548577e-02   0.0000000e+00  -2.3633552e-01  -6.0630523e+01
  1.3645943665243e+01   1.2036848e+00   0.0000000e+00   2.6455587e+01  -1.1548577e-02   0.0000000e+00  -2.3691733e-01  -6.0630523e+01
  1.3650818957727e+01   1.2036848e+00   0.0000000e+00   2.6455512e+01  -1.1548577e-02   0.0000000e+00  -2.3754319e-01  -6.0630523e+01
  1.3655694250212e+01   1.2036848e+00   0.0000000e+00   2.6455526e+01  -1.1548577e-02   0.0000000e+00  -2.3822063e-01  -6.0630523e+01
  1.3660569542697e+01   1.2036848e+00   0.0000000e+00   2.6455597e+01  -1.1548577e-02   0.0000000e+00  -2.3895873e-01  -6.0630523e+01
  1.3665444835182e+01   1.2036848e+00   0.0000000e+00   2.6455696e+01  -1.1548577e-02   0.0000000e+00  -2.3976766e-01  -6.0630523e+01
  1.3670320127667e+01   1.2036848e+00   0.0000000e+00   2.6455795e+01  -1.1548577e-02   0.0000000e+00  -2.4065789e-01  -6.0630523e+01
  1.3675195420152e+01   1.2036848e+00   0.0000000e+00   2.6455868e+01  -1.1548577e-02   0.0000000e+00  -2.4163919e-01  -6.0630523e+01
  1.3680070712637e+01   1.2036848e+00   0.0000000e+00   2.6455890e+01  -1.1548577e-02   0.0000000e+00  -2.4271938e-01  -6.0630523e+01
  1.3684946005122e+01   1.2036848e+00   0.0000000e+00   2.6455839e+01  -1.1548577e-02   0.0000000e+00  -2.4390301e-01  -6.0630523e+01
  1.3689821297607e+01   1.2036848e+00   0.0000000e+00   2.6455694e+01  -1.1548577e-02   0.0000000e+00  -2.4519025e-01  -6.0630523e+01
  1.3694696590092e+01   1.2036848e+00   0.0000000e+00   2.6455436e+01  -1.1548577e-02   0.0000000e+00  -2.4657630e-01  -6.0630523e+01
  1.3699571882577e+01   1.2036848e+00   0.0000000e+00   2.6455046e+01  -1.1548577e-02   0.0000000e+00  -2.4805132e-01  -6.0630523e+01
  1.3704447175061e+01   1.2036848e+00   0.0000000e+00   2.6454512e+01  -1.1548577e-02   0.0000000e+00  -2.4960112e-01  -6.0630523e+01
  1.3709322467546e+01   1.2036848e+00   0.0000000e+00   2.6453821e+01  -1.1548577e-02   0.0000000e+00  -2.5120815e-01  -6.0630523e+01
  1.3714197760031e+01   1.2036848e+00   0.0000000e+00   2.6452969e+01  -1.1548577e-02   0.0000000e+00  -2.5285286e-01  -6.0630523e+01
  1.3719073052516e+01   1.2036848e+00   0.0000000e+00   2.6451955e+01  -1.1548577e-02   0.0000000e+00  -2.5451505e-01  -6.0630523e+01
  1.3723948345001e+01   1.2036848e+00   0.0000000e+00   2.6450787e+01  -1.1548577e-02   0.0000000e+00  -2.5617513e-01  -6.0630523e+01
  1.3728823637486e+01   1.2036848e+00   0.0000000e+00   2.6449480e+01  -1.1548577e-02   0.0000000e+00  -2.5781516e-01  -6.0630523e+01
  1.3733698929971e+01   1.2036848e+00   0.0000000e+00   2.6448059e+01  -1.1548577e-02   0.0000000e+00  -2.5941957e-01  -6.0630523e+01
  1.3738574222456e+01   1.2036848e+00   0.0000000e+00   2.6446551e+01  -1.1548577e-02   0.0000000e+00  -2.6097550e-01  -6.0630523e+01
  1.3743449514941e+01   1.2036848e+00   0.0000000e+00   2.6444993e+01  -1.1548577e-02   0.0000000e+00  -2.6247285e-01  -6.0630523e+01
  1.3748324807426e+01   1.2036848e+00   0.0000000e+00   2.6443423e+01  -1.1548577e-02   0.0000000e+00  -2.6390400e-01  -6.0630523e+01
  1.3753200099911e+01   1.2036848e+00   0.0000000e+00   2.6441880e+01  -1.1548577e-02   0.0000000e+00  -2.6526343e-01  -6.0630523e+01
  1.3758075392396e+01   1.2036848e+00   0.0000000e+00   2.6440402e+01  -1.1548577e-02   0.0000000e+00  -2.6654719e-01  -6.0630523e+01
  1.3762950684881e+01   1.2036848e+00   0.0000000e+00   2.6439026e+01  -1.1548577e-02   0.0000000e+00  -2.6775249e-01  -6.0630523e+01
  1.3767825977365e+01   1.2036848e+00   0.0000000e+00   2.6437781e+01  -1.1548577e-02   0.0000000e+00  -2.6887718e-01  -6.0630523e+01
  1.3772701269850e+01   1.2036848e+00   0.0000000e+00   2.6436691e+01  -1.1548577e-02   0.0000000e+00  -2.6991932e-01  -6.0630523e+01
  1.3777576562335e+01   1.2036848e+00   0.0000000e+00   2.6435771e+01  -1.1548577e-02   0.0000000e+00  -2.7087687e-01  -6.0630523e+01
  1.3782451854820e+01   1.2036848e+00   0.0000000e+00   2.6435027e+01  -1.1548577e-02   0.0000000e+00  -2.7174752e-01  -6.0630523e+01
  1.3787327147305e+01   1.2036848e+00   0.0000000e+00   2.6434456e+01  -1.1548577e-02   0.0000000e+00  -2.7252888e-01  -6.0630523e+01
  1.3792202439790e+01   1.2036848e+00   0.0000000e+00   2.6434044e+01  -1.1548577e-02   0.0000000e+00  -2.7321881e-01  -6.0630523e+01
  1.3797077732275e+01   1.2036848e+00   0.0000000e+00   2.6433772e+01  -1.1548577e-02   0.0000000e+00  -2.7381592e-01  -6.0630523e+01
  1.3801953024760e+01   1.2036848e+00   0.0000000e+00   2.6433615e+01  -1.1548577e-02   0.0000000e+00  -2.7432002e-01  -6.0630523e+01
  1.3806828317245e+01   1.2036848e+00   0.0000000e+00   2.6433545e+01  -1.1548577e-02   0.0000000e+00  -2.7473239e-01  -6.0630523e+01
  1.3811703609730e+01   1.2036848e+00   0.0000000e+00   2.6433531e+01  -1.1548577e-02   0.0000000e+00  -2.7505600e-01  -6.0630523e+01
  1.3816578902215e+01   1.2036848e+00   0.0000000e+00   2.6433543e+01  -1.1548577e-02   0.0000000e+00  -2.7529565e-01  -6.0630523e+01
  1.3821454194700e+01   1.2036848e+00   0.0000000e+00   2.6433551e+01  -1.1548577e-02   0.0000000e+00  -2.7545813e-01  -6.0630523e+01
  1.3826329487184e+01   1.2036848e+00   0.0000000e+00   2.6433527e+01  -1.1548577e-02   0.0000000e+00  -2.7555227e-01  -6.0630523e+01
  1.3831204779669e+01   1.2036848e+00   0.0000000e+00   2.6433447e+01  -1.1548577e-02   0.0000000e+00  -2.7558877e-01  -6.0630523e+01
  1.3836080072154e+01   1.2036848e+00   0.0000000e+00   2.6433290e+01  -1.1548577e-02   0.0000000e+00  -2.7557969e-01  -6.0630523e+01
  1.3840955364639e+01   1.2036848e+00   0.0000000e+00   2.6433041e+01  -1.1548577e-02   0.0000000e+00  -2.7553772e-01  -6.0630523e+01
  1.3845830657124e+01   1.2036848e+00   0.0000000e+00   2.6432688e+01  -1.1548577e-02   0.0000000e+00  -2.7547535e-01  -6.0630523e+01
  1.3850705949609e+01   1.2036848e+00   0.0000000e+00   2.6432227e+01  -1.1548577e-02   0.0000000e+00  -2.7540413e-01  -6.0630523e+01
  1.3855581242094e+01   1.2036848e+00   0.0000000e+00   2.6431658e+01  -1.1548577e-02   0.0000000e+00  -2.7533425e-01  -6.0630523e+01
  1.3860456534579e+01   1.2036848e+00   0.0000000e+00   2.6430989e+01  -1.1548577e-02   0.0000000e+00  -2.7527442e-01  -6.0630523e+01
  1.3865331827064e+01   1.2036848e+00   0.0000000e+00   2.6430231e+01  -1.1548577e-02   0.0000000e+00  -2.7523213e-01  -6.0630523e+01
  1.3870207119549e+01   1.2036848e+00   0.0000000e+00   2.6429402e+01  -1.1548577e-02   0.0000000e+00  -2.7521401e-01  -6.0630523e+01
  1.3875082412034e+01   1.2036848e+00   0.0000000e+00   2.6428526e+01  -1.1548577e-02   0.0000000e+00  -2.7522631e-01  -6.0630523e+01
  1.3879957704518e+01   1.2036848e+00   0.0000000e+00   2.6427630e+01  -1.1548577e-02   0.0000000e+00  -2.7527520e-01  -6.0630523e+01
  1.3884832997003e+01   1.2036848e+00   0.0000000e+00   2.6426744e+01  -1.1548577e-02   0.0000000e+00  -2.7536673e-01  -6.0630523e+01
  1.3889708289488e+01   1.2036848e+00   0.0000000e+00   2.6425899e+01  -1.1548577e-02   0.0000000e+00  -2.7550651e-01  -6.0630523e+01
  1.3894583581973e+01   1.2036848e+00   0.0000000e+00   2.6425126e+01  -1.1548577e-02   0.0000000e+00  -2.7569913e-01  -6.0630523e+01
  1.3899458874458e+01   1.2036848e+00   0.0000000e+00   2.6424454e+01  -1.1548577e-02   0.0000000e+00  -2.7594747e-01  -6.0630523e+01
  1.3904334166943e+01   1.2036848e+00   0.0000000e+00   2.6423904e+01  -1.1548577e-02   0.0000000e+00  -2.7625213e-01  -6.0630523e+01
  1.3909209459428e+01   1.2036848e+00   0.0000000e+00   2.6423492e+01  -1.1548577e-02   0.0000000e+00  -2.7661115e-01  -6.0630523e+01
  1.3914084751913e+01   1.2036848e+00   0.0000000e+00   2.6423229e+01  -1.1548577e-02   0.0000000e+00  -2.7702011e-01  -6.0630523e+01
  1.3918960044398e+01   1.2036848e+00   0.0000000e+00   2.6423115e+01  -1.1548577e-02   0.0000000e+00  -2.7747268e-01  -6.0630523e+01
  1.3923835336883e+01   1.2036848e+00   0.0000000e+00   2.6423147e+01  -1.1548577e-02   0.0000000e+00  -2.7796135e-01  -6.0630523e+01
  1.3928710629368e+01   1.2036848e+00   0.0000000e+00   2.6423321e+01  -1.1548577e-02   0.0000000e+00  -2.7847844e-01  -6.0630523e+01
  1.3933585921853e+01   1.2036848e+00   0.0000000e+00   2.6423628e+01  -1.1548577e-02   0.0000000e+00  -2.7901706e-01  -6.0630523e+01
  1.3938461214338e+01   1.2036848e+00   0.0000000e+00   2.6424062e+01  -1.1548577e-02   0.0000000e+00  -2.7957196e-01  -6.0630523e+01
  1.3943336506823e+01   1.2036848e+00   0.0000000e+00   2.6424617e+01  -1.1548577e-02   0.0000000e+00  -2.8014014e-01  -6.0630523e+01
  1.3948211799307e+01   1.2036848e+00   0.0000000e+00   2.6425286e+01  -1.1548577e-02   0.0000000e+00  -2.8072125e-01  -6.0630523e+01
  1.3953087091792e+01   1.2036848e+00   0.0000000e+00   2.6426066e+01  -1.1548577e-02   0.0000000e+00  -2.8131749e-01  -6.0630523e+01
  1.3957962384277e+01   1.2036848e+00   0.0000000e+00   2.6426952e+01  -1.1548577e-02   0.0000000e+00  -2.8193336e-01  -6.0630523e+01
  1.3962837676762e+01   1.2036848e+00   0.0000000e+00   2.6427940e+01  -1.1548577e-02   0.0000000e+00  -2.8257498e-01  -6.0630523e+01
  1.3967712969247e+01   1.2036848e+00   0.0000000e+00   2.6429020e+01  -1.1548577e-02   0.0000000e+00  -2.8324932e-01  -6.0630523e+01
  1.3972588261732e+01   1.2036848e+00   0.0000000e+00   2.6430182e+01  -1.1548577e-02   0.0000000e+00  -2.8396338e-01  -6.0630523e+01
  1.3977463554217e+01   1.2036848e+00   0.0000000e+00   2.6431410e+01  -1.1548577e-02   0.0000000e+00  -2.8472342e-01  -6.0630523e+01
  1.3982338846702e+01   1.2036848e+00   0.0000000e+00   2.6432686e+01  -1.1548577e-02   0.0000000e+00  -2.8553435e-01  -6.0630523e+01
  1.3987214139187e+01   1.2036848e+00   0.0000000e+00   2.6433988e+01  -1.1548577e-02   0.0000000e+00  -2.8639919e-01  -6.0630523e+01
  1.3992089431672e+01   1.2036848e+00   0.0000000e+00   2.6435295e+01  -1.1548577e-02   0.0000000e+00  -2.8731880e-01  -6.0630523e+01
  1.3996964724157e+01   1.2036848e+00   0.0000000e+00   2.6436587e+01  -1.1548577e-02   0.0000000e+00  -2.8829159e-01  -6.0630523e+01
  1.4001840016642e+01   1.2036848e+00   0.0000000e+00   2.6437843e+01  -1.1548577e-02   0.0000000e+00  -2.8931352e-01  -6.0630523e+01
  1.4006715309126e+01   1.2036848e+00   0.0000000e+00   2.6439048e+01  -1.1548577e-02   0.0000000e+00  -2.9037823e-01  -6.0630523e+01
  1.4011590601611e+01   1.2036848e+00   0.0000000e+00   2.6440186e+01  -1.1548577e-02   0.0000000e+00  -2.9147737e-01  -6.0630523e+01
  1.4016465894096e+01   1.2036848e+00   0.0000000e+00   2.6441244e+01  -1.1548577e-02   0.0000000e+00  -2.9260116e-01  -6.0630523e+01
  1.4021341186581e+01   1.2036848e+00   0.0000000e+00   2.6442212e+01  -1.1548577e-02   0.0000000e+00  -2.9373913e-01  -6.0630523e+01
  1.4026216479066e+01   1.2036848e+00   0.0000000e+00   2.6443082e+01  -1.1548577e-02   0.0000000e+00  -2.9488098e-01  -6.0630523e+01
  1.4031091771551e+01   1.2036848e+00   0.0000000e+00   2.6443850e+01  -1.1548577e-02   0.0000000e+00  -2.9601751e-01  -6.0630523e+01
  1.4035967064036e+01   1.2036848e+00   0.0000000e+00   2.6444516e+01  -1.1548577e-02   0.0000000e+00  -2.9714149e-01  -6.0630523e+01
  1.4040842356521e+01   1.2036848e+00   0.0000000e+00   2.6445088e+01  -1.1548577e-02   0.0000000e+00  -2.9824846e-01  -6.0630523e+01
  1.4045717649006e+01   1.2036848e+00   0.0000000e+00   2.6445579e+01  -1.1548577e-02   0.0000000e+00  -2.9933723e-01  -6.0630523e+01
  1.4050592941491e+01   1.2036848e+00   0.0000000e+00   2.6446011e+01  -1.1548577e-02   0.0000000e+00  -3.0040996e-01  -6.0630523e+01
  1.4055468233976e+01   1.2036848e+00   0.0000000e+00   2.6446413e+01  -1.1548577e-02   0.0000000e+00  -3.0147177e-01  -6.0630523e+01
  1.4060343526460e+01   1.2036848e+00   0.0000000e+00   2.6446817e+01  -1.1548577e-02   0.0000000e+00  -3.0252982e-01  -6.0630523e+01
  1.4065218818945e+01   1.2036848e+00   0.0000000e+00   2.6447259e+01  -1.1548577e-02   0.0000000e+00  -3.0359206e-01  -6.0630523e+01
  1.4070094111430e+01   1.2036848e+00   0.0000000e+00   2.6447776e+01  -1.1548577e-02   0.0000000e+00  -3.0466589e-01  -6.0630523e+01
  1.4074969403915e+01   1.2036848e+00   0.0000000e+00   2.6448402e+01  -1.1548577e-02   0.0000000e+00  -3.0575716e-01  -6.0630523e+01
  1.4079844696400e+01   1.2036848e+00   0.0000000e+00   2.6449165e+01  -1.1548577e-02   0.0000000e+00  -3.0686975e-01  -6.0630523e+01
  1.4084719988885e+01   1.2036848e+00   0.0000000e+00   2.6450094e+01  -1.1548577e-02   0.0000000e+00  -3.0800606e-01  -6.0630523e+01
  1.4089595281370e+01   1.2036848e+00   0.0000000e+00   2.6451214e+01  -1.1548577e-02   0.0000000e+00  -3.0916809e-01  -6.0630523e+01
  1.4094470573855e+01   1.2036848e+00   0.0000000e+00   2.6452549e+01  -1.1548577e-02   0.0000000e+00  -3.1035855e-01  -6.0630523e+01
  1.4099345866340e+01   1.2036848e+00   0.0000000e+00   2.6454123e+01  -1.1548577e-02   0.0000000e+00  -3.1158154e-01  -6.0630523e+01
  1.4104221158825e+01   1.2036848e+00   0.0000000e+00   2.6455959e+01  -1.1548577e-02   0.0000000e+00  -3.1284192e-01  -6.0630523e+01
  1.4109096451310e+01   1.2036848e+00   0.0000000e+00   2.6458075e+01  -1.1548577e-02   0.0000000e+00  -3.1414358e-01  -6.0630523e+01
  1.4113971743795e+01   1.2036848e+00   0.0000000e+00   2.6460473e+01  -1.1548577e-02   0.0000000e+00  -3.1548693e-01  -6.0630523e+01
  1.4118847036280e+01   1.2036848e+00   0.0000000e+00   2.6463144e+01  -1.1548577e-02   0.0000000e+00  -3.1686680e-01  -6.0630523e+01
  1.4123722328765e+01   1.2036848e+00   0.0000000e+00   2.6466054e+01  -1.1548577e-02   0.0000000e+00  -3.1827181e-01  -6.0630523e+01
  1.4128597621249e+01   1.2036848e+00   0.0000000e+00   2.6469158e+01  -1.1548577e-02   0.0000000e+00  -3.1968586e-01  -6.0630523e+01
  1.4133472913734e+01   1.2036848e+00   0.0000000e+00   2.6472399e+01  -1.1548577e-02   0.0000000e+00  -3.2109161e-01  -6.0630523e+01
  1.4138348206219e+01   1.2036848e+00   0.0000000e+00   2.6475718e+01  -1.1548577e-02   0.0000000e+00  -3.2247474e-01  -6.0630523e+01
  1.4143223498704e+01   1.2036848e+00   0.0000000e+00   2.6479069e+01  -1.1548577e-02   0.0000000e+00  -3.2382765e-01  -6.0630523e+01
  1.4148098791189e+01   1.2036848e+00   0.0000000e+00   2.6482415e+01  -1.1548577e-02   0.0000000e+00  -3.2515100e-01  -6.0630523e+01
  1.4152974083674e+01   1.2036848e+00   0.0000000e+00   2.6485735e+01  -1.1548577e-02   0.0000000e+00  -3.2645278e-01  -6.0630523e+01
  1.4157849376159e+01   1.2036848e+00   0.0000000e+00   2.6489014e+01  -1.1548577e-02   0.0000000e+00  -3.2774516e-01  -6.0630523e+01
  1.4162724668644e+01   1.2036848e+00   0.0000000e+00   2.6492241e+01  -1.1548577e-02   0.0000000e+00  -3.2904053e-01  -6.0630523e+01
  1.4167599961129e+01   1.2036848e+00   0.0000000e+00   2.6495399e+01  -1.1548577e-02   0.0000000e+00  -3.3034793e-01  -6.0630523e+01
  1.4172475253614e+01   1.2036848e+00   0.0000000e+00   2.6498467e+01  -1.1548577e-02   0.0000000e+00  -3.3167091e-01  -6.0630523e+01
  1.4177350546099e+01   1.2036848e+00   0.0000000e+00   2.6501413e+01  -1.1548577e-02   0.0000000e+00  -3.3300708e-01  -6.0630523e+01
  1.4182225838584e+01   1.2036848e+00   0.0000000e+00   2.6504200e+01  -1.1548577e-02   0.0000000e+00  -3.3434908e-01  -6.0630523e+01
  1.4187101131068e+01   1.2036848e+00   0.0000000e+00   2.6506791e+01  -1.1548577e-02   0.0000000e+00  -3.3568622e-01  -6.0630523e+01
  1.4191976423553e+01   1.2036848e+00   0.0000000e+00   2.6509151e+01  -1.1548577e-02   0.0000000e+00  -3.3700666e-01  -6.0630523e+01
  1.4196851716038e+01   1.2036848e+00   0.0000000e+00   2.6511251e+01  -1.1548577e-02   0.0000000e+00  -3.3829995e-01  -6.0630523e+01
  1.4201727008523e+01   1.2036848e+00   0.0000000e+00   2.6513080e+01  -1.1548577e-02   0.0000000e+00  -3.3956028e-01  -6.0630523e+01
  1.4206602301008e+01   1.2036848e+00   0.0000000e+00   2.6514654e+01  -1.1548577e-02   0.0000000e+00  -3.4079056e-01  -6.0630523e+01
  1.4211477593493e+01   1.2036848e+00   0.0000000e+00   2.6516024e+01  -1.1548577e-02   0.0000000e+00  -3.4200706e-01  -6.0630523e+01
  1.4216352885978e+01   1.2036848e+00   0.0000000e+00   2.6517291e+01  -1.1548577e-02   0.0000000e+00  -3.4324332e-01  -6.0630523e+01
  1.4221228178463e+01   1.2036848e+00   0.0000000e+00   2.6518607e+01  -1.1548577e-02   0.0000000e+00  -3.4455181e-01  -6.0630523e+01
  1.4226103470948e+01   1.2036848e+00   0.0000000e+00   2.6520170e+01  -1.1548577e-02   0.0000000e+00  -3.4600149e-01  -6.0630523e+01
  1.4230978763433e+01   1.2036848e+00   0.0000000e+00   2.6522204e+01  -1.1548577e-02   0.0000000e+00  -3.4766995e-01  -6.0630523e+01
  1.4235854055918e+01   1.2036848e+00   0.0000000e+00   2.6524930e+01  -1.1548577e-02   0.0000000e+00  -3.4963040e-01  -6.0630523e+01
  1.4240729348402e+01   1.2036848e+00   0.0000000e+00   2.6528520e+01  -1.1548577e-02   0.0000000e+00  -3.5193504e-01  -6.0630523e+01
  1.4245604640887e+01   1.2036848e+00   0.0000000e+00   2.6533064e+01  -1.1548577e-02   0.0000000e+00  -3.5459823e-01  -6.0630523e+01
  1.4250479933372e+01   1.2036848e+00   0.0000000e+00   2.6538530e+01  -1.1548577e-02   0.0000000e+00  -3.5758359e-01  -6.0630523e+01
  1.4255355225857e+01   1.2036848e+00   0.0000000e+00   2.6544754e+01  -1.1548577e-02   0.0000000e+00  -3.6079890e-01  -6.0630523e+01
  1.4260230518342e+01   1.2036848e+00   0.0000000e+00   2.6551451e+01  -1.1548577e-02   0.0000000e+00  -3.6410163e-01  -6.0630523e+01
  1.4265105810827e+01   1.2036848e+00   0.0000000e+00   2.6558247e+01  -1.1548577e-02   0.0000000e+00  -3.6731528e-01  -6.0630523e+01
  1.4269981103312e+01   1.2036848e+00   0.0000000e+00   2.6564739e+01  -1.1548577e-02   0.0000000e+00  -3.7025415e-01  -6.0630523e+01
  1.4274856395797e+01   1.2036848e+00   0.0000000e+00   2.6570557e+01  -1.1548577e-02   0.0000000e+00  -3.7275199e-01  -6.0630523e+01
  1.4279731688282e+01   1.2036848e+00   0.0000000e+00   2.6575423e+01  -1.1548577e-02   0.0000000e+00  -3.7468834e-01  -6.0630523e+01
  1.4284606980767e+01   1.2036848e+00   0.0000000e+00   2.6579196e+01  -1.1548577e-02   0.0000000e+00  -3.7600701e-01  -6.0630523e+01
  1.4289482273252e+01   1.2036848e+00   0.0000000e+00   2.6581885e+01  -1.1548577e-02   0.0000000e+00  -3.7672251e-01  -6.0630523e+01
  1.4294357565737e+01   1.2036848e+00   0.0000000e+00   2.6583637e+01  -1.1548577e-02   0.0000000e+00  -3.7691299e-01  -6.0630523e+01
  1.4299232858221e+01   1.2036848e+00   0.0000000e+00   2.6584697e+01  -1.1548577e-02   0.0000000e+00  -3.7670123e-01  -6.0630523e+01
  1.4304108150706e+01   1.2036848e+00   0.0000000e+00   2.6585344e+01  -1.1548577e-02   0.0000000e+00  -3.7622761e-01  -6.0630523e+01
  1.4308983443191e+01   1.2036848e+00   0.0000000e+00   2.6585828e+01  -1.1548577e-02   0.0000000e+00  -3.7562090e-01  -6.0630523e+01
  1.4313858735676e+01   1.2036848e+00   0.0000000e+00   2.6586316e+01  -1.1548577e-02   0.0000000e+00  -3.7497286e-01  -6.0630523e+01
  1.4318734028161e+01   1.2036848e+00   0.0000000e+00   2.6586854e+01  -1.1548577e-02   0.0000000e+00  -3.7432220e-01  -6.0630523e+01
  1.4323609320646e+01   1.2036848e+00   0.0000000e+00   2.6587361e+01  -1.1548577e-02   0.0000000e+00  -3.7365107e-01  -6.0630523e+01
  1.4328484613131e+01   1.2036848e+00   0.0000000e+00   2.6587652e+01  -1.1548577e-02   0.0000000e+00  -3.7289500e-01  -6.0630523e+01
  1.4333359905616e+01   1.2036848e+00   0.0000000e+00   2.6587488e+01  -1.1548577e-02   0.0000000e+00  -3.7196344e-01  -6.0630523e+01
  1.4338235198101e+01   1.2036848e+00   0.0000000e+00   2.6586632e+01  -1.1548577e-02   0.0000000e+00  -3.7076593e-01  -6.0630523e+01
  1.4343110490586e+01   1.2036848e+00   0.0000000e+00   2.6584911e+01  -1.1548577e-02   0.0000000e+00  -3.6923706e-01  -6.0630523e+01
  1.4347985783071e+01   1.2036848e+00   0.0000000e+00   2.6582255e+01  -1.1548577e-02   0.0000000e+00  -3.6735406e-01  -6.0630523e+01
  1.4352861075556e+01   1.2036848e+00   0.0000000e+00   2.6578710e+01  -1.1548577e-02   0.0000000e+00  -3.6514309e-01  -6.0630523e+01
  1.4357736368041e+01   1.2036848e+00   0.0000000e+00   2.6574426e+01  -1.1548577e-02   0.0000000e+00  -3.6267353e-01  -6.0630523e+01
  1.4362611660525e+01   1.2036848e+00   0.0000000e+00   2.6569620e+01  -1.1548577e-02   0.0000000e+00  -3.6004330e-01  -6.0630523e+01
  1.4367486953010e+01   1.2036848e+00   0.0000000e+00   2.6564536e+01  -1.1548577e-02   0.0000000e+00  -3.5736007e-01  -6.0630523e+01
  1.4372362245495e+01   1.2036848e+00   0.0000000e+00   2.6559403e+01  -1.1548577e-02   0.0000000e+00  -3.5472404e-01  -6.0630523e+01
  1.4377237537980e+01   1.2036848e+00   0.0000000e+00   2.6554406e+01  -1.1548577e-02   0.0000000e+00  -3.5221621e-01  -6.0630523e+01
  1.4382112830465e+01   1.2036848e+00   0.0000000e+00   2.6549676e+01  -1.1548577e-02   0.0000000e+00  -3.4989395e-01  -6.0630523e+01
  1.4386988122950e+01   1.2036848e+00   0.0000000e+00   2.6545297e+01  -1.1548577e-02   0.0000000e+00  -3.4779295e-01  -6.0630523e+01
  1.4391863415435e+01   1.2036848e+00   0.0000000e+00   2.6541314e+01  -1.1548577e-02   0.0000000e+00  -3.4593295e-01  -6.0630523e+01
  1.4396738707920e+01   1.2036848e+00   0.0000000e+00   2.6537751e+01  -1.1548577e-02   0.0000000e+00  -3.4432403e-01  -6.0630523e+01
  1.4401614000405e+01   1.2036848e+00   0.0000000e+00   2.6534618e+01  -1.1548577e-02   0.0000000e+00  -3.4297083e-01  -6.0630523e+01
  1.4406489292890e+01   1.2036848e+00   0.0000000e+00   2.6531915e+01  -1.1548577e-02   0.0000000e+00  -3.4187332e-01  -6.0630523e+01
  1.4411364585375e+01   1.2036848e+00   0.0000000e+00   2.6529629e+01  -1.1548577e-02   0.0000000e+00  -3.4102423e-01  -6.0630523e+01
  1.4416239877859e+01   1.2036848e+00   0.0000000e+00   2.6527720e+01  -1.1548577e-02   0.0000000e+00  -3.4040447e-01  -6.0630523e+01
  1.4421115170344e+01   1.2036848e+00   0.0000000e+00   2.6526122e+01  -1.1548577e-02   0.0000000e+00  -3.3997855e-01  -6.0630523e+01
  1.4425990462829e+01   1.2036848e+00   0.0000000e+00   2.6524732e+01  -1.1548577e-02   0.0000000e+00  -3.3969198e-01  -6.0630523e+01
  1.4430865755314e+01   1.2036848e+00   0.0000000e+00   2.6523418e+01  -1.1548577e-02   0.0000000e+00  -3.3947238e-01  -6.0630523e+01
  1.4435741047799e+01   1.2036848e+00   0.0000000e+00   2.6522030e+01  -1.1548577e-02   0.0000000e+00  -3.3923471e-01  -6.0630523e+01
  1.4440616340284e+01   1.2036848e+00   0.0000000e+00   2.6520415e+01  -1.1548577e-02   0.0000000e+00  -3.3889032e-01  -6.0630523e+01
  1.4445491632769e+01   1.2036848e+00   0.0000000e+00   2.6518438e+01  -1.1548577e-02   0.0000000e+00  -3.3835831e-01  -6.0630523e+01
  1.4450366925254e+01   1.2036848e+00   0.0000000e+00   2.6516006e+01  -1.1548577e-02   0.0000000e+00  -3.3757710e-01  -6.0630523e+01
  1.4455242217739e+01   1.2036848e+00   0.0000000e+00   2.6513077e+01  -1.1548577e-02   0.0000000e+00  -3.3651387e-01  -6.0630523e+01
  1.4460117510224e+01   1.2036848e+00   0.0000000e+00   2.6509673e+01  -1.1548577e-02   0.0000000e+00  -3.3516989e-01  -6.0630523e+01
  1.4464992802709e+01   1.2036848e+00   0.0000000e+00   2.6505872e+01  -1.1548577e-02   0.0000000e+00  -3.3358065e-01  -6.0630523e+01
  1.4469868095194e+01   1.2036848e+00   0.0000000e+00   2.6501803e+01  -1.1548577e-02   0.0000000e+00  -3.3181061e-01  -6.0630523e+01
  1.4474743387679e+01   1.2036848e+00   0.0000000e+00   2.6497623e+01  -1.1548577e-02   0.0000000e+00  -3.2994364e-01  -6.0630523e+01
  1.4479618680163e+01   1.2036848e+00   0.0000000e+00   2.6493497e+01  -1.1548577e-02   0.0000000e+00  -3.2807089e-01  -6.0630523e+01
  1.4484493972648e+01   1.2036848e+00   0.0000000e+00   2.6489574e+01  -1.1548577e-02   0.0000000e+00  -3.2627821e-01  -6.0630523e+01
  1.4489369265133e+01   1.2036848e+00   0.0000000e+00   2.6485972e+01  -1.1548577e-02   0.0000000e+00  -3.2463536e-01  -6.0630523e+01
  1.4494244557618e+01   1.2036848e+00   0.0000000e+00   2.6482763e+01  -1.1548577e-02   0.0000000e+00  -3.2318843e-01  -6.0630523e+01
  1.4499119850103e+01   1.2036848e+00   0.0000000e+00   2.6479969e+01  -1.1548577e-02   0.0000000e+00  -3.2195638e-01  -6.0630523e+01
  1.4503995142588e+01   1.2036848e+00   0.0000000e+00   2.6477570e+01  -1.1548577e-02   0.0000000e+00  -3.2093172e-01  -6.0630523e+01
  1.4508870435073e+01   1.2036848e+00   0.0000000e+00   2.6475507e+01  -1.1548577e-02   0.0000000e+00  -3.2008478e-01  -6.0630523e+01
  1.4513745727558e+01   1.2036848e+00   0.0000000e+00   2.6473703e+01  -1.1548577e-02   0.0000000e+00  -3.1937016e-01  -6.0630523e+01
  1.4518621020043e+01   1.2036848e+00   0.0000000e+00   2.6472068e+01  -1.1548577e-02   0.0000000e+00  -3.1873450e-01  -6.0630523e+01
  1.4523496312528e+01   1.2036848e+00   0.0000000e+00   2.6470523e+01  -1.1548577e-02   0.0000000e+00  -3.1812389e-01  -6.0630523e+01
  1.4528371605013e+01   1.2036848e+00   0.0000000e+00   2.6469000e+01  -1.1548577e-02   0.0000000e+00  -3.1749030e-01  -6.0630523e+01
  1.4533246897498e+01   1.2036848e+00   0.0000000e+00   2.6467457e+01  -1.1548577e-02   0.0000000e+00  -3.1679621e-01  -6.0630523e+01
  1.4538122189983e+01   1.2036848e+00   0.0000000e+00   2.6465874e+01  -1.1548577e-02   0.0000000e+00  -3.1601727e-01  -6.0630523e+01
  1.4542997482467e+01   1.2036848e+00   0.0000000e+00   2.6464253e+01  -1.1548577e-02   0.0000000e+00  -3.1514294e-01  -6.0630523e+01
  1.4547872774952e+01   1.2036848e+00   0.0000000e+00   2.6462617e+01  -1.1548577e-02   0.0000000e+00  -3.1417540e-01  -6.0630523e+01
  1.4552748067437e+01   1.2036848e+00   0.0000000e+00   2.6460998e+01  -1.1548577e-02   0.0000000e+00  -3.1312719e-01  -6.0630523e+01
  1.4557623359922e+01   1.2036848e+00   0.0000000e+00   2.6459439e+01  -1.1548577e-02   0.0000000e+00  -3.1201807e-01  -6.0630523e+01
  1.4562498652407e+01   1.2036848e+00   0.0000000e+00   2.6457980e+01  -1.1548577e-02   0.0000000e+00  -3.1087156e-01  -6.0630523e+01
  1.4567373944892e+01   1.2036848e+00   0.0000000e+00   2.6456661e+01  -1.1548577e-02   0.0000000e+00  -3.0971182e-01  -6.0630523e+01
  1.4572249237377e+01   1.2036848e+00   0.0000000e+00   2.6455509e+01  -1.1548577e-02   0.0000000e+00  -3.0856114e-01  -6.0630523e+01
  1.4577124529862e+01   1.2036848e+00   0.0000000e+00   2.6454546e+01  -1.1548577e-02   0.0000000e+00  -3.0743836e-01  -6.0630523e+01
  1.4581999822347e+01   1.2036848e+00   0.0000000e+00   2.6453780e+01  -1.1548577e-02   0.0000000e+00  -3.0635819e-01  -6.0630523e+01
  1.4586875114832e+01   1.2036848e+00   0.0000000e+00   2.6453212e+01  -1.1548577e-02   0.0000000e+00  -3.0533140e-01  -6.0630523e+01
  1.4591750407317e+01   1.2036848e+00   0.0000000e+00   2.6452833e+01  -1.1548577e-02   0.0000000e+00  -3.0436545e-01  -6.0630523e+01
  1.4596625699801e+01   1.2036848e+00   0.0000000e+00   2.6452627e+01  -1.1548577e-02   0.0000000e+00  -3.0346541e-01  -6.0630523e+01
  1.4601500992286e+01   1.2036848e+00   0.0000000e+00   2.6452572e+01  -1.1548577e-02   0.0000000e+00  -3.0263465e-01  -6.0630523e+01
  1.4606376284771e+01   1.2036848e+00   0.0000000e+00   2.6452646e+01  -1.1548577e-02   0.0000000e+00  -3.0187545e-01  -6.0630523e+01
  1.4611251577256e+01   1.2036848e+00   0.0000000e+00   2.6452821e+01  -1.1548577e-02   0.0000000e+00  -3.0118910e-01  -6.0630523e+01
  1.4616126869741e+01   1.2036848e+00   0.0000000e+00   2.6453070e+01  -1.1548577e-02   0.0000000e+00  -3.0057592e-01  -6.0630523e+01
  1.4621002162226e+01   1.2036848e+00   0.0000000e+00   2.6453364e+01  -1.1548577e-02   0.0000000e+00  -3.0003503e-01  -6.0630523e+01
  1.4625877454711e+01   1.2036848e+00   0.0000000e+00   2.6453676e+01  -1.1548577e-02   0.0000000e+00  -2.9956410e-01  -6.0630523e+01
  1.4630752747196e+01   1.2036848e+00   0.0000000e+00   2.6453979e+01  -1.1548577e-02   0.0000000e+00  -2.9915923e-01  -6.0630523e+01
  1.4635628039681e+01   1.2036848e+00   0.0000000e+00   2.6454249e+01  -1.1548577e-02   0.0000000e+00  -2.9881490e-01  -6.0630523e+01
  1.4640503332166e+01   1.2036848e+00   0.0000000e+00   2.6454467e+01  -1.1548577e-02   0.0000000e+00  -2.9852403e-01  -6.0630523e+01
  1.4645378624651e+01   1.2036848e+00   0.0000000e+00   2.6454615e+01  -1.1548577e-02   0.0000000e+00  -2.9827820e-01  -6.0630523e+01
  1.4650253917136e+01   1.2036848e+00   0.0000000e+00   2.6454684e+01  -1.1548577e-02   0.0000000e+00  -2.9806799e-01  -6.0630523e+01
  1.4655129209620e+01   1.2036848e+00   0.0000000e+00   2.6454666e+01  -1.1548577e-02   0.0000000e+00  -2.9788355e-01  -6.0630523e+01
  1.4660004502105e+01   1.2036848e+00   0.0000000e+00   2.6454561e+01  -1.1548577e-02   0.0000000e+00  -2.9771515e-01  -6.0630523e+01
  1.4664879794590e+01   1.2036848e+00   0.0000000e+00   2.6454370e+01  -1.1548577e-02   0.0000000e+00  -2.9755394e-01  -6.0630523e+01
  1.4669755087075e+01   1.2036848e+00   0.0000000e+00   2.6454096e+01  -1.1548577e-02   0.0000000e+00  -2.9739250e-01  -6.0630523e+01
  1.4674630379560e+01   1.2036848e+00   0.0000000e+00   2.6453744e+01  -1.1548577e-02   0.0000000e+00  -2.9722531e-01  -6.0630523e+01
  1.4679505672045e+01   1.2036848e+00   0.0000000e+00   2.6453323e+01  -1.1548577e-02   0.0000000e+00  -2.9704885e-01  -6.0630523e+01
  1.4684380964530e+01   1.2036848e+00   0.0000000e+00   2.6452840e+01  -1.1548577e-02   0.0000000e+00  -2.9686136e-01  -6.0630523e+01
  1.4689256257015e+01   1.2036848e+00   0.0000000e+00   2.6452305e+01  -1.1548577e-02   0.0000000e+00  -2.9666241e-01  -6.0630523e+01
  1.4694131549500e+01   1.2036848e+00   0.0000000e+00   2.6451730e+01  -1.1548577e-02   0.0000000e+00  -2.9645240e-01  -6.0630523e+01
  1.4699006841985e+01   1.2036848e+00   0.0000000e+00   2.6451129e+01  -1.1548577e-02   0.0000000e+00  -2.9623212e-01  -6.0630523e+01
  1.4703882134470e+01   1.2036848e+00   0.0000000e+00   2.6450519e+01  -1.1548577e-02   0.0000000e+00  -2.9600256e-01  -6.0630523e+01
  1.4708757426955e+01   1.2036848e+00   0.0000000e+00   2.6449915e+01  -1.1548577e-02   0.0000000e+00  -2.9576502e-01  -6.0630523e+01
  1.4713632719440e+01   1.2036848e+00   0.0000000e+00   2.6449335e+01  -1.1548577e-02   0.0000000e+00  -2.9552122e-01  -6.0630523e+01
  1.4718508011925e+01   1.2036848e+00   0.0000000e+00   2.6448797e+01  -1.1548577e-02   0.0000000e+00  -2.9527352e-01  -6.0630523e+01
  1.4723383304409e+01   1.2036848e+00   0.0000000e+00   2.6448315e+01  -1.1548577e-02   0.0000000e+00  -2.9502489e-01  -6.0630523e+01
  1.4728258596894e+01   1.2036848e+00   0.0000000e+00   2.6447904e+01  -1.1548577e-02   0.0000000e+00  -2.9477871e-01  -6.0630523e+01
  1.4733133889379e+01   1.2036848e+00   0.0000000e+00   2.6447574e+01  -1.1548577e-02   0.0000000e+00  -2.9453839e-01  -6.0630523e+01
  1.4738009181864e+01   1.2036848e+00   0.0000000e+00   2.6447331e+01  -1.1548577e-02   0.0000000e+00  -2.9430698e-01  -6.0630523e+01
  1.4742884474349e+01   1.2036848e+00   0.0000000e+00   2.6447177e+01  -1.1548577e-02   0.0000000e+00  -2.9408684e-01  -6.0630523e+01
  1.4747759766834e+01   1.2036848e+00   0.0000000e+00   2.6447109e+01  -1.1548577e-02   0.0000000e+00  -2.9387941e-01  -6.0630523e+01
  1.4752635059319e+01   1.2036848e+00   0.0000000e+00   2.6447120e+01  -1.1548577e-02   0.0000000e+00  -2.9368517e-01  -6.0630523e+01
  1.4757510351804e+01   1.2036848e+00   0.0000000e+00   2.6447199e+01  -1.1548577e-02   0.0000000e+00  -2.9350364e-01  -6.0630523e+01
  1.4762385644289e+01   1.2036848e+00   0.0000000e+00   2.6447329e+01  -1.1548577e-02   0.0000000e+00  -2.9333334e-01  -6.0630523e+01
  1.4767260936774e+01   1.2036848e+00   0.0000000e+00   2.6447494e+01  -1.1548577e-02   0.0000000e+00  -2.9317168e-01  -6.0630523e+01
  1.4772136229259e+01   1.2036848e+00   0.0000000e+00   2.6447675e+01  -1.1548577e-02   0.0000000e+00  -2.9301489e-01  -6.0630523e+01
  1.4777011521743e+01   1.2036848e+00   0.0000000e+00   2.6447854e+01  -1.1548577e-02   0.0000000e+00  -2.9285793e-01  -6.0630523e+01
  1.4781886814228e+01   1.2036848e+00   0.0000000e+00   2.6448014e+01  -1.1548577e-02   0.0000000e+00  -2.9269475e-01  -6.0630523e+01
  1.4786762106713e+01   1.2036848e+00   0.0000000e+00   2.6448139e+01  -1.1548577e-02   0.0000000e+00  -2.9251861e-01  -6.0630523e+01
  1.4791637399198e+01   1.2036848e+00   0.0000000e+00   2.6448220e+01  -1.1548577e-02   0.0000000e+00  -2.9232276e-01  -6.0630523e+01
  1.4796512691683e+01   1.2036848e+00   0.0000000e+00   2.6448249e+01  -1.1548577e-02   0.0000000e+00  -2.9210114e-01  -6.0630523e+01
  1.4801387984168e+01   1.2036848e+00   0.0000000e+00   2.6448225e+01  -1.1548577e-02   0.0000000e+00  -2.9184904e-01  -6.0630523e+01
  1.4806263276653e+01   1.2036848e+00   0.0000000e+00   2.6448154e+01  -1.1548577e-02   0.0000000e+00  -2.9156356e-01  -6.0630523e+01
  1.4811138569138e+01   1.2036848e+00   0.0000000e+00   2.6448044e+01  -1.1548577e-02   0.0000000e+00  -2.9124390e-01  -6.0630523e+01
  1.4816013861623e+01   1.2036848e+00   0.0000000e+00   2.6447910e+01  -1.1548577e-02   0.0000000e+00  -2.9089146e-01  -6.0630523e+01
  1.4820889154108e+01   1.2036848e+00   0.0000000e+00   2.6447769e+01  -1.1548577e-02   0.0000000e+00  -2.9050985e-01  -6.0630523e+01
  1.4825764446593e+01   1.2036848e+00   0.0000000e+00   2.6447638e+01  -1.1548577e-02   0.0000000e+00  -2.9010477e-01  -6.0630523e+01
  1.4830639739078e+01   1.2036848e+00   0.0000000e+00   2.6447534e+01  -1.1548577e-02   0.0000000e+00  -2.8968391e-01  -6.0630523e+01
  1.4835515031562e+01   1.2036848e+00   0.0000000e+00   2.6447471e+01  -1.1548577e-02   0.0000000e+00  -2.8925665e-01  -6.0630523e+01
  1.4840390324047e+01   1.2036848e+00   0.0000000e+00   2.6447459e+01  -1.1548577e-02   0.0000000e+00  -2.8883370e-01  -6.0630523e+01
  1.4845265616532e+01   1.2036848e+00   0.0000000e+00   2.6447502e+01  -1.1548577e-02   0.0000000e+00  -2.8842645e-01  -6.0630523e+01
  1.4850140909017e+01   1.2036848e+00   0.0000000e+00   2.6447600e+01  -1.1548577e-02   0.0000000e+00  -2.8804621e-01  -6.0630523e+01
  1.4855016201502e+01   1.2036848e+00   0.0000000e+00   2.6447747e+01  -1.1548577e-02   0.0000000e+00  -2.8770340e-01  -6.0630523e+01
  1.4859891493987e+01   1.2036848e+00   0.0000000e+00   2.6447935e+01  -1.1548577e-02   0.0000000e+00  -2.8740667e-01  -6.0630523e+01
  1.4864766786472e+01   1.2036848e+00   0.0000000e+00   2.6448152e+01  -1.1548577e-02   0.0000000e+00  -2.8716221e-01  -6.0630523e+01
  1.4869642078957e+01   1.2036848e+00   0.0000000e+00   2.6448387e+01  -1.1548577e-02   0.0000000e+00  -2.8697328e-01  -6.0630523e+01
  1.4874517371442e+01   1.2036848e+00   0.0000000e+00   2.6448628e+01  -1.1548577e-02   0.0000000e+00  -2.8683998e-01  -6.0630523e+01
  1.4879392663927e+01   1.2036848e+00   0.0000000e+00   2.6448864e+01  -1.1548577e-02   0.0000000e+00  -2.8675930e-01  -6.0630523e+01
  1.4884267956412e+01   1.2036848e+00   0.0000000e+00   2.6449087e+01  -1.1548577e-02   0.0000000e+00  -2.8672536e-01  -6.0630523e+01
  1.4889143248897e+01   1.2036848e+00   0.0000000e+00   2.6449291e+01  -1.1548577e-02   0.0000000e+00  -2.8672993e-01  -6.0630523e+01
  1.4894018541382e+01   1.2036848e+00   0.0000000e+00   2.6449473e+01  -1.1548577e-02   0.0000000e+00  -2.8676297e-01  -6.0630523e+01
  1.4898893833867e+01   1.2036848e+00   0.0000000e+00   2.6449631e+01  -1.1548577e-02   0.0000000e+00  -2.8681330e-01  -6.0630523e+01
  1.4903769126351e+01   1.2036848e+00   0.0000000e+00   2.6449765e+01  -1.1548577e-02   0.0000000e+00  -2.8686921e-01  -6.0630523e+01
  1.4908644418836e+01   1.2036848e+00   0.0000000e+00   2.6449877e+01  -1.1548577e-02   0.0000000e+00  -2.8691914e-01  -6.0630523e+01
  1.4913519711321e+01   1.2036848e+00   0.0000000e+00   2.6449968e+01  -1.1548577e-02   0.0000000e+00  -2.8695223e-01  -6.0630523e+01
  1.4918395003806e+01   1.2036848e+00   0.0000000e+00   2.6450038e+01  -1.1548577e-02   0.0000000e+00  -2.8695895e-01  -6.0630523e+01
  1.4923270296291e+01   1.2036848e+00   0.0000000e+00   2.6450089e+01  -1.1548577e-02   0.0000000e+00  -2.8693159e-01  -6.0630523e+01
  1.4928145588776e+01   1.2036848e+00   0.0000000e+00   2.6450121e+01  -1.1548577e-02   0.0000000e+00  -2.8686484e-01  -6.0630523e+01
  1.4933020881261e+01   1.2036848e+00   0.0000000e+00   2.6450133e+01  -1.1548577e-02   0.0000000e+00  -2.8675615e-01  -6.0630523e+01
  1.4937896173746e+01   1.2036848e+00   0.0000000e+00   2.6450125e+01  -1.1548577e-02   0.0000000e+00  -2.8660601e-01  -6.0630523e+01
  1.4942771466231e+01   1.2036848e+00   0.0000000e+00   2.6450101e+01  -1.1548577e-02   0.0000000e+00  -2.8641806e-01  -6.0630523e+01
  1.4947646758716e+01   1.2036848e+00   0.0000000e+00   2.6450064e+01  -1.1548577e-02   0.0000000e+00  -2.8619889e-01  -6.0630523e+01
  1.4952522051201e+01   1.2036848e+00   0.0000000e+00   2.6450020e+01  -1.1548577e-02   0.0000000e+00  -2.8595769e-01  -6.0630523e+01
  1.4957397343685e+01   1.2036848e+00   0.0000000e+00   2.6449976e+01  -1.1548577e-02   0.0000000e+00  -2.8570563e-01  -6.0630523e+01
  1.4962272636170e+01   1.2036848e+00   0.0000000e+00   2.6449941e+01  -1.1548577e-02   0.0000000e+00  -2.8545505e-01  -6.0630523e+01
  1.4967147928655e+01   1.2036848e+00   0.0000000e+00   2.6449922e+01  -1.1548577e-02   0.0000000e+00  -2.8521856e-01  -6.0630523e+01
  1.4972023221140e+01   1.2036848e+00   0.0000000e+00   2.6449928e+01  -1.1548577e-02   0.0000000e+00  -2.8500809e-01  -6.0630523e+01
  1.4976898513625e+01   1.2036848e+00   0.0000000e+00   2.6449966e+01  -1.1548577e-02   0.0000000e+00  -2.8483405e-01  -6.0630523e+01
  1.4981773806110e+01   1.2036848e+00   0.0000000e+00   2.6450040e+01  -1.1548577e-02   0.0000000e+00  -2.8470465e-01  -6.0630523e+01
  1.4986649098595e+01   1.2036848e+00   0.0000000e+00   2.6450153e+01  -1.1548577e-02   0.0000000e+00  -2.8462559e-01  -6.0630523e+01
  1.4991524391080e+01   1.2036848e+00   0.0000000e+00   2.6450306e+01  -1.1548577e-02   0.0000000e+00  -2.8459997e-01  -6.0630523e+01
  1.4996399683565e+01   1.2036848e+00   0.0000000e+00   2.6450499e+01  -1.1548577e-02   0.0000000e+00  -2.8462847e-01  -6.0630523e+01
