# problem=TPV31
# author=Thomas ULRICH
# date=13-May-2015
# code=SeisSol (ADER-DG)
# code_version=revision 2280
# Background stress is assigned to each individual Gaussian integation point (GP)
# element_size=150/85/230/253 m on fault (each layer) 1500/2000/3000/5000m far away Growth rate 1.05
# 7,30e6 tetra elements
# order of approximation in space and time= O4
# time_step= 4.875292e-03
# num_time_steps= 3076
# location= on fault, 6000 m along strike, 5000 m down-dip
# Column #1 = Time (s)
# Column #2 = horizontal slip (m)
# Column #3 = horizontal slip rate (m/s)
# Column #4 = horizontal shear stress (MPa)
# Column #5 = vertical slip (m)
# Column #6 = vertical slip rate (m/s)
# Column #7 = vertical shear stress (MPa)
# Column #8 = normal stress (MPa)
#
# The line below lists the names of the data fields:
t h-slip h-slip-rate h-shear-stress v-slip v-slip-rate v-shear-stress n-stress
#
# Time-series data:
  4.8752924848920e-03   0.0000000e+00   0.0000000e+00   2.2813337e+01   0.0000000e+00   0.0000000e+00  -2.7937357e-15  -4.5626673e+01
  9.7505849697840e-03   0.0000000e+00   0.0000000e+00   2.2813337e+01   0.0000000e+00   0.0000000e+00  -2.7937357e-15  -4.5626673e+01
  1.4625877454676e-02   0.0000000e+00   0.0000000e+00   2.2813337e+01   0.0000000e+00   0.0000000e+00  -2.7937357e-15  -4.5626673e+01
  1.9501169939568e-02   0.0000000e+00   0.0000000e+00   2.2813337e+01   0.0000000e+00   0.0000000e+00  -2.7937357e-15  -4.5626673e+01
  2.4376462424460e-02   0.0000000e+00   0.0000000e+00   2.2813337e+01   0.0000000e+00   0.0000000e+00  -2.7937357e-15  -4.5626673e+01
  2.9251754909352e-02   0.0000000e+00   0.0000000e+00   2.2813337e+01   0.0000000e+00   0.0000000e+00  -2.7937357e-15  -4.5626673e+01
  3.4127047394244e-02   0.0000000e+00   0.0000000e+00   2.2813337e+01   0.0000000e+00   0.0000000e+00  -2.7937357e-15  -4.5626673e+01
  3.9002339879136e-02   0.0000000e+00   0.0000000e+00   2.2813337e+01   0.0000000e+00   0.0000000e+00  -2.7937357e-15  -4.5626673e+01
  4.3877632364028e-02   0.0000000e+00   0.0000000e+00   2.2813337e+01   0.0000000e+00   0.0000000e+00  -2.7937357e-15  -4.5626673e+01
  4.8752924848920e-02   0.0000000e+00   0.0000000e+00   2.2813337e+01   0.0000000e+00   0.0000000e+00  -2.7937357e-15  -4.5626673e+01
  5.3628217333812e-02   0.0000000e+00   0.0000000e+00   2.2813337e+01   0.0000000e+00   0.0000000e+00  -2.7937357e-15  -4.5626673e+01
  5.8503509818704e-02   0.0000000e+00   0.0000000e+00   2.2813337e+01   0.0000000e+00   0.0000000e+00  -2.7937357e-15  -4.5626673e+01
  6.3378802303596e-02   0.0000000e+00   0.0000000e+00   2.2813337e+01   0.0000000e+00   0.0000000e+00  -2.7937357e-15  -4.5626673e+01
  6.8254094788488e-02   0.0000000e+00   0.0000000e+00   2.2813337e+01   0.0000000e+00   0.0000000e+00  -2.7937357e-15  -4.5626673e+01
  7.3129387273380e-02   0.0000000e+00   0.0000000e+00   2.2813337e+01   0.0000000e+00   0.0000000e+00  -2.7937357e-15  -4.5626673e+01
  7.8004679758272e-02   0.0000000e+00   0.0000000e+00   2.2813337e+01   0.0000000e+00   0.0000000e+00  -2.7937357e-15  -4.5626673e+01
  8.2879972243164e-02   0.0000000e+00   0.0000000e+00   2.2813337e+01   0.0000000e+00   0.0000000e+00  -2.7937357e-15  -4.5626673e+01
  8.7755264728056e-02   0.0000000e+00   0.0000000e+00   2.2813337e+01   0.0000000e+00   0.0000000e+00  -2.7937357e-15  -4.5626673e+01
  9.2630557212948e-02   0.0000000e+00   0.0000000e+00   2.2813337e+01   0.0000000e+00   0.0000000e+00  -2.7937357e-15  -4.5626673e+01
  9.7505849697840e-02   0.0000000e+00   0.0000000e+00   2.2813337e+01   0.0000000e+00   0.0000000e+00  -2.7937357e-15  -4.5626673e+01
  1.0238114218273e-01   0.0000000e+00   0.0000000e+00   2.2813337e+01   0.0000000e+00   0.0000000e+00  -2.7937357e-15  -4.5626673e+01
  1.0725643466762e-01   0.0000000e+00   0.0000000e+00   2.2813337e+01   0.0000000e+00   0.0000000e+00  -2.7937357e-15  -4.5626673e+01
  1.1213172715252e-01   0.0000000e+00   0.0000000e+00   2.2813337e+01   0.0000000e+00   0.0000000e+00  -2.7937357e-15  -4.5626673e+01
  1.1700701963741e-01   0.0000000e+00   0.0000000e+00   2.2813337e+01   0.0000000e+00   0.0000000e+00  -2.7937357e-15  -4.5626673e+01
  1.2188231212230e-01   0.0000000e+00   0.0000000e+00   2.2813337e+01   0.0000000e+00   0.0000000e+00  -2.7937357e-15  -4.5626673e+01
  1.2675760460719e-01   0.0000000e+00   0.0000000e+00   2.2813337e+01   0.0000000e+00   0.0000000e+00  -2.7937357e-15  -4.5626673e+01
  1.3163289709208e-01   0.0000000e+00   0.0000000e+00   2.2813337e+01   0.0000000e+00   0.0000000e+00  -2.7937357e-15  -4.5626673e+01
  1.3650818957698e-01   0.0000000e+00   0.0000000e+00   2.2813337e+01   0.0000000e+00   0.0000000e+00  -2.7937357e-15  -4.5626673e+01
  1.4138348206187e-01   0.0000000e+00   0.0000000e+00   2.2813337e+01   0.0000000e+00   0.0000000e+00  -2.7937357e-15  -4.5626673e+01
  1.4625877454676e-01   0.0000000e+00   0.0000000e+00   2.2813337e+01   0.0000000e+00   0.0000000e+00  -2.7937357e-15  -4.5626673e+01
  1.5113406703165e-01   0.0000000e+00   0.0000000e+00   2.2813337e+01   0.0000000e+00   0.0000000e+00  -2.7937357e-15  -4.5626673e+01
  1.5600935951654e-01   0.0000000e+00   0.0000000e+00   2.2813337e+01   0.0000000e+00   0.0000000e+00  -2.7937357e-15  -4.5626673e+01
  1.6088465200143e-01   0.0000000e+00   0.0000000e+00   2.2813337e+01   0.0000000e+00   0.0000000e+00  -2.7937357e-15  -4.5626673e+01
  1.6575994448633e-01   0.0000000e+00   0.0000000e+00   2.2813337e+01   0.0000000e+00   0.0000000e+00  -2.7937357e-15  -4.5626673e+01
  1.7063523697122e-01   0.0000000e+00   0.0000000e+00   2.2813337e+01   0.0000000e+00   0.0000000e+00  -2.7937357e-15  -4.5626673e+01
  1.7551052945611e-01   0.0000000e+00   0.0000000e+00   2.2813337e+01   0.0000000e+00   0.0000000e+00  -2.7937357e-15  -4.5626673e+01
  1.8038582194100e-01   0.0000000e+00   0.0000000e+00   2.2813337e+01   0.0000000e+00   0.0000000e+00  -2.7937357e-15  -4.5626673e+01
  1.8526111442589e-01   0.0000000e+00   0.0000000e+00   2.2813337e+01   0.0000000e+00   0.0000000e+00  -2.7937357e-15  -4.5626673e+01
  1.9013640691078e-01   0.0000000e+00   0.0000000e+00   2.2813337e+01   0.0000000e+00   0.0000000e+00  -2.7937357e-15  -4.5626673e+01
  1.9501169939568e-01   0.0000000e+00   0.0000000e+00   2.2813337e+01   0.0000000e+00   0.0000000e+00  -2.7937357e-15  -4.5626673e+01
  1.9988699188057e-01   0.0000000e+00   0.0000000e+00   2.2813337e+01   0.0000000e+00   0.0000000e+00  -2.7937357e-15  -4.5626673e+01
  2.0476228436546e-01   0.0000000e+00   0.0000000e+00   2.2813337e+01   0.0000000e+00   0.0000000e+00  -2.7937357e-15  -4.5626673e+01
  2.0963757685035e-01   0.0000000e+00   0.0000000e+00   2.2813337e+01   0.0000000e+00   0.0000000e+00  -2.7937357e-15  -4.5626673e+01
  2.1451286933524e-01   0.0000000e+00   0.0000000e+00   2.2813337e+01   0.0000000e+00   0.0000000e+00  -2.7937357e-15  -4.5626673e+01
  2.1938816182013e-01   0.0000000e+00   0.0000000e+00   2.2813337e+01   0.0000000e+00   0.0000000e+00  -2.7937357e-15  -4.5626673e+01
  2.2426345430502e-01   0.0000000e+00   0.0000000e+00   2.2813337e+01   0.0000000e+00   0.0000000e+00  -2.7937357e-15  -4.5626673e+01
  2.2913874678992e-01   0.0000000e+00   0.0000000e+00   2.2813337e+01   0.0000000e+00   0.0000000e+00  -2.7937357e-15  -4.5626673e+01
  2.3401403927481e-01   0.0000000e+00   0.0000000e+00   2.2813337e+01   0.0000000e+00   0.0000000e+00  -2.7937357e-15  -4.5626673e+01
  2.3888933175970e-01   0.0000000e+00   0.0000000e+00   2.2813337e+01   0.0000000e+00   0.0000000e+00  -2.7937357e-15  -4.5626673e+01
  2.4376462424459e-01   0.0000000e+00   0.0000000e+00   2.2813337e+01   0.0000000e+00   0.0000000e+00  -2.7937357e-15  -4.5626673e+01
  2.4863991672948e-01   0.0000000e+00   0.0000000e+00   2.2813337e+01   0.0000000e+00   0.0000000e+00  -2.7937357e-15  -4.5626673e+01
  2.5351520921437e-01   0.0000000e+00   0.0000000e+00   2.2813337e+01   0.0000000e+00   0.0000000e+00  -2.7937357e-15  -4.5626673e+01
  2.5839050169927e-01   0.0000000e+00   0.0000000e+00   2.2813337e+01   0.0000000e+00   0.0000000e+00  -2.7937357e-15  -4.5626673e+01
  2.6326579418416e-01   0.0000000e+00   0.0000000e+00   2.2813337e+01   0.0000000e+00   0.0000000e+00  -2.7937357e-15  -4.5626673e+01
  2.6814108666905e-01   0.0000000e+00   0.0000000e+00   2.2813337e+01   0.0000000e+00   0.0000000e+00  -2.7937357e-15  -4.5626673e+01
  2.7301637915394e-01   0.0000000e+00   0.0000000e+00   2.2813337e+01   0.0000000e+00   0.0000000e+00  -2.7937357e-15  -4.5626673e+01
  2.7789167163883e-01   0.0000000e+00   0.0000000e+00   2.2813337e+01   0.0000000e+00   0.0000000e+00  -2.7937357e-15  -4.5626673e+01
  2.8276696412372e-01   0.0000000e+00   0.0000000e+00   2.2813337e+01   0.0000000e+00   0.0000000e+00  -2.7937357e-15  -4.5626673e+01
  2.8764225660861e-01   0.0000000e+00   0.0000000e+00   2.2813337e+01   0.0000000e+00   0.0000000e+00  -2.7937357e-15  -4.5626673e+01
  2.9251754909351e-01   0.0000000e+00   0.0000000e+00   2.2813337e+01   0.0000000e+00   0.0000000e+00  -2.7937357e-15  -4.5626673e+01
  2.9739284157840e-01   0.0000000e+00   0.0000000e+00   2.2813337e+01   0.0000000e+00   0.0000000e+00  -2.7937357e-15  -4.5626673e+01
  3.0226813406329e-01   0.0000000e+00   0.0000000e+00   2.2813337e+01   0.0000000e+00   0.0000000e+00  -2.7937357e-15  -4.5626673e+01
  3.0714342654818e-01   0.0000000e+00   0.0000000e+00   2.2813337e+01   0.0000000e+00   0.0000000e+00  -2.7937357e-15  -4.5626673e+01
  3.1201871903307e-01   0.0000000e+00   0.0000000e+00   2.2813337e+01   0.0000000e+00   0.0000000e+00  -2.7937357e-15  -4.5626673e+01
  3.1689401151796e-01   0.0000000e+00   0.0000000e+00   2.2813337e+01   0.0000000e+00   0.0000000e+00  -2.7937357e-15  -4.5626673e+01
  3.2176930400286e-01   0.0000000e+00   0.0000000e+00   2.2813337e+01   0.0000000e+00   0.0000000e+00  -2.7937357e-15  -4.5626673e+01
  3.2664459648775e-01   0.0000000e+00   0.0000000e+00   2.2813337e+01   0.0000000e+00   0.0000000e+00  -2.7937357e-15  -4.5626673e+01
  3.3151988897264e-01   0.0000000e+00   0.0000000e+00   2.2813337e+01   0.0000000e+00   0.0000000e+00  -2.7937357e-15  -4.5626673e+01
  3.3639518145753e-01   0.0000000e+00   0.0000000e+00   2.2813337e+01   0.0000000e+00   0.0000000e+00  -2.7937357e-15  -4.5626673e+01
  3.4127047394242e-01   0.0000000e+00   0.0000000e+00   2.2813337e+01   0.0000000e+00   0.0000000e+00  -2.7937357e-15  -4.5626673e+01
  3.4614576642731e-01   0.0000000e+00   0.0000000e+00   2.2813337e+01   0.0000000e+00   0.0000000e+00  -2.7937357e-15  -4.5626673e+01
  3.5102105891221e-01   0.0000000e+00   0.0000000e+00   2.2813337e+01   0.0000000e+00   0.0000000e+00  -2.7937357e-15  -4.5626673e+01
  3.5589635139710e-01   0.0000000e+00   0.0000000e+00   2.2813337e+01   0.0000000e+00   0.0000000e+00  -2.7937357e-15  -4.5626673e+01
  3.6077164388199e-01   0.0000000e+00   0.0000000e+00   2.2813337e+01   0.0000000e+00   0.0000000e+00  -2.7937357e-15  -4.5626673e+01
  3.6564693636688e-01   0.0000000e+00   0.0000000e+00   2.2813337e+01   0.0000000e+00   0.0000000e+00  -2.7937357e-15  -4.5626673e+01
  3.7052222885177e-01   0.0000000e+00   0.0000000e+00   2.2813337e+01   0.0000000e+00   0.0000000e+00  -2.7937357e-15  -4.5626673e+01
  3.7539752133666e-01   0.0000000e+00   0.0000000e+00   2.2813337e+01   0.0000000e+00   0.0000000e+00  -2.7937357e-15  -4.5626673e+01
  3.8027281382156e-01   0.0000000e+00   0.0000000e+00   2.2813337e+01   0.0000000e+00   0.0000000e+00  -2.7937357e-15  -4.5626673e+01
  3.8514810630645e-01   0.0000000e+00   0.0000000e+00   2.2813337e+01   0.0000000e+00   0.0000000e+00  -2.7937357e-15  -4.5626673e+01
  3.9002339879134e-01   0.0000000e+00   0.0000000e+00   2.2813337e+01   0.0000000e+00   0.0000000e+00  -2.7937357e-15  -4.5626673e+01
  3.9489869127623e-01   0.0000000e+00   0.0000000e+00   2.2813337e+01   0.0000000e+00   0.0000000e+00  -2.7937357e-15  -4.5626673e+01
  3.9977398376112e-01   0.0000000e+00   0.0000000e+00   2.2813337e+01   0.0000000e+00   0.0000000e+00  -2.7937357e-15  -4.5626673e+01
  4.0464927624601e-01   0.0000000e+00   0.0000000e+00   2.2813337e+01   0.0000000e+00   0.0000000e+00  -2.7937357e-15  -4.5626673e+01
  4.0952456873090e-01   0.0000000e+00   0.0000000e+00   2.2813337e+01   0.0000000e+00   0.0000000e+00  -2.7937357e-15  -4.5626673e+01
  4.1439986121580e-01   0.0000000e+00   0.0000000e+00   2.2813337e+01   0.0000000e+00   0.0000000e+00  -2.7937357e-15  -4.5626673e+01
  4.1927515370069e-01   0.0000000e+00   0.0000000e+00   2.2813337e+01   0.0000000e+00   0.0000000e+00  -2.7937357e-15  -4.5626673e+01
  4.2415044618558e-01   0.0000000e+00   0.0000000e+00   2.2813337e+01   0.0000000e+00   0.0000000e+00  -2.7937357e-15  -4.5626673e+01
  4.2902573867047e-01   0.0000000e+00   0.0000000e+00   2.2813337e+01   0.0000000e+00   0.0000000e+00  -2.7937357e-15  -4.5626673e+01
  4.3390103115536e-01   0.0000000e+00   0.0000000e+00   2.2813337e+01   0.0000000e+00   0.0000000e+00  -2.7937356e-15  -4.5626673e+01
  4.3877632364025e-01   0.0000000e+00   0.0000000e+00   2.2813337e+01   0.0000000e+00   0.0000000e+00  -2.7937359e-15  -4.5626673e+01
  4.4365161612515e-01   0.0000000e+00   0.0000000e+00   2.2813337e+01   0.0000000e+00   0.0000000e+00  -2.7937356e-15  -4.5626673e+01
  4.4852690861004e-01   0.0000000e+00   0.0000000e+00   2.2813337e+01   0.0000000e+00   0.0000000e+00  -2.7937352e-15  -4.5626673e+01
  4.5340220109493e-01   0.0000000e+00   0.0000000e+00   2.2813337e+01   0.0000000e+00   0.0000000e+00  -2.7937368e-15  -4.5626673e+01
  4.5827749357982e-01   0.0000000e+00   0.0000000e+00   2.2813337e+01   0.0000000e+00   0.0000000e+00  -2.7937356e-15  -4.5626673e+01
  4.6315278606471e-01   0.0000000e+00   0.0000000e+00   2.2813337e+01   0.0000000e+00   0.0000000e+00  -2.7937330e-15  -4.5626673e+01
  4.6802807854960e-01   0.0000000e+00   0.0000000e+00   2.2813337e+01   0.0000000e+00   0.0000000e+00  -2.7937397e-15  -4.5626673e+01
  4.7290337103450e-01   0.0000000e+00   0.0000000e+00   2.2813337e+01   0.0000000e+00   0.0000000e+00  -2.7937375e-15  -4.5626673e+01
  4.7777866351939e-01   0.0000000e+00   0.0000000e+00   2.2813337e+01   0.0000000e+00   0.0000000e+00  -2.7937251e-15  -4.5626673e+01
  4.8265395600428e-01   0.0000000e+00   0.0000000e+00   2.2813337e+01   0.0000000e+00   0.0000000e+00  -2.7937425e-15  -4.5626673e+01
  4.8752924848917e-01   0.0000000e+00   0.0000000e+00   2.2813337e+01   0.0000000e+00   0.0000000e+00  -2.7937449e-15  -4.5626673e+01
  4.9240454097406e-01   0.0000000e+00   0.0000000e+00   2.2813337e+01   0.0000000e+00   0.0000000e+00  -2.7937316e-15  -4.5626673e+01
  4.9727983345895e-01   0.0000000e+00   0.0000000e+00   2.2813337e+01   0.0000000e+00   0.0000000e+00  -2.7937325e-15  -4.5626673e+01
  5.0215512594385e-01   0.0000000e+00   0.0000000e+00   2.2813337e+01   0.0000000e+00   0.0000000e+00  -2.7936173e-15  -4.5626673e+01
  5.0703041842874e-01   0.0000000e+00   0.0000000e+00   2.2813337e+01   0.0000000e+00   0.0000000e+00  -2.7939716e-15  -4.5626673e+01
  5.1190571091363e-01   0.0000000e+00   0.0000000e+00   2.2813337e+01   0.0000000e+00   0.0000000e+00  -2.7942061e-15  -4.5626673e+01
  5.1678100339852e-01   0.0000000e+00   0.0000000e+00   2.2813337e+01   0.0000000e+00   0.0000000e+00  -2.7917928e-15  -4.5626673e+01
  5.2165629588341e-01   0.0000000e+00   0.0000000e+00   2.2813337e+01   0.0000000e+00   0.0000000e+00  -2.7938964e-15  -4.5626673e+01
  5.2653158836830e-01   0.0000000e+00   0.0000000e+00   2.2813337e+01   0.0000000e+00   0.0000000e+00  -2.8020918e-15  -4.5626673e+01
  5.3140688085319e-01   0.0000000e+00   0.0000000e+00   2.2813337e+01   0.0000000e+00   0.0000000e+00  -2.7839019e-15  -4.5626673e+01
  5.3628217333809e-01   0.0000000e+00   0.0000000e+00   2.2813337e+01   0.0000000e+00   0.0000000e+00  -2.7716973e-15  -4.5626673e+01
  5.4115746582298e-01   0.0000000e+00   0.0000000e+00   2.2813337e+01   0.0000000e+00   0.0000000e+00  -2.8512315e-15  -4.5626673e+01
  5.4603275830787e-01   0.0000000e+00   0.0000000e+00   2.2813337e+01   0.0000000e+00   0.0000000e+00  -2.8181768e-15  -4.5626673e+01
  5.5090805079276e-01   0.0000000e+00   0.0000000e+00   2.2813337e+01   0.0000000e+00   0.0000000e+00  -2.5790476e-15  -4.5626673e+01
  5.5578334327765e-01   0.0000000e+00   0.0000000e+00   2.2813337e+01   0.0000000e+00   0.0000000e+00  -2.8890117e-15  -4.5626673e+01
  5.6065863576255e-01   0.0000000e+00   0.0000000e+00   2.2813337e+01   0.0000000e+00   0.0000000e+00  -3.3945115e-15  -4.5626673e+01
  5.6553392824744e-01   0.0000000e+00   0.0000000e+00   2.2813337e+01   0.0000000e+00   0.0000000e+00  -2.0743262e-15  -4.5626673e+01
  5.7040922073233e-01   0.0000000e+00   0.0000000e+00   2.2813337e+01   0.0000000e+00   0.0000000e+00  -1.5022924e-15  -4.5626673e+01
  5.7528451321722e-01   0.0000000e+00   0.0000000e+00   2.2813337e+01   0.0000000e+00   0.0000000e+00  -5.6605761e-15  -4.5626673e+01
  5.8015980570211e-01   0.0000000e+00   0.0000000e+00   2.2813337e+01   0.0000000e+00   0.0000000e+00  -4.7438019e-15  -4.5626673e+01
  5.8503509818700e-01   0.0000000e+00   0.0000000e+00   2.2813337e+01   0.0000000e+00   0.0000000e+00   6.0419153e-15  -4.5626673e+01
  5.8991039067189e-01   0.0000000e+00   0.0000000e+00   2.2813337e+01   0.0000000e+00   0.0000000e+00  -1.9358476e-15  -4.5626673e+01
  5.9478568315679e-01   0.0000000e+00   0.0000000e+00   2.2813337e+01   0.0000000e+00   0.0000000e+00  -2.6053442e-14  -4.5626673e+01
  5.9966097564168e-01   0.0000000e+00   0.0000000e+00   2.2813337e+01   0.0000000e+00   0.0000000e+00   4.3568908e-15  -4.5626673e+01
  6.0453626812657e-01   0.0000000e+00   0.0000000e+00   2.2813337e+01   0.0000000e+00   0.0000000e+00   5.2159383e-14  -4.5626673e+01
  6.0941156061146e-01   0.0000000e+00   0.0000000e+00   2.2813337e+01   0.0000000e+00   0.0000000e+00  -3.7286948e-14  -4.5626673e+01
  6.1428685309635e-01   0.0000000e+00   0.0000000e+00   2.2813337e+01   0.0000000e+00   0.0000000e+00  -1.2356026e-13  -4.5626673e+01
  6.1916214558124e-01   0.0000000e+00   0.0000000e+00   2.2813337e+01   0.0000000e+00   0.0000000e+00   1.0422661e-13  -4.5626673e+01
  6.2403743806614e-01   0.0000000e+00   0.0000000e+00   2.2813337e+01   0.0000000e+00   0.0000000e+00   2.5220338e-13  -4.5626673e+01
  6.2891273055103e-01   0.0000000e+00   0.0000000e+00   2.2813337e+01   0.0000000e+00   0.0000000e+00  -2.7517933e-13  -4.5626673e+01
  6.3378802303592e-01   0.0000000e+00   0.0000000e+00   2.2813337e+01   0.0000000e+00   0.0000000e+00  -5.3586696e-13  -4.5626673e+01
  6.3866331552081e-01   0.0000000e+00   0.0000000e+00   2.2813337e+01   0.0000000e+00   0.0000000e+00   6.0359203e-13  -4.5626673e+01
  6.4353860800570e-01   0.0000000e+00   0.0000000e+00   2.2813337e+01   0.0000000e+00   0.0000000e+00   1.1248948e-12  -4.5626673e+01
  6.4841390049059e-01   0.0000000e+00   0.0000000e+00   2.2813337e+01   0.0000000e+00   0.0000000e+00  -1.2014945e-12  -4.5626673e+01
  6.5328919297549e-01   0.0000000e+00   0.0000000e+00   2.2813337e+01   0.0000000e+00   0.0000000e+00  -2.4303749e-12  -4.5626673e+01
  6.5816448546038e-01   0.0000000e+00   0.0000000e+00   2.2813337e+01   0.0000000e+00   0.0000000e+00   2.0556008e-12  -4.5626673e+01
  6.6303977794527e-01   0.0000000e+00   0.0000000e+00   2.2813337e+01   0.0000000e+00   0.0000000e+00   5.2448974e-12  -4.5626673e+01
  6.6791507043016e-01   0.0000000e+00   0.0000000e+00   2.2813337e+01   0.0000000e+00   0.0000000e+00  -2.7874132e-12  -4.5626673e+01
  6.7279036291505e-01   0.0000000e+00   0.0000000e+00   2.2813337e+01   0.0000000e+00   0.0000000e+00  -1.1087955e-11  -4.5626673e+01
  6.7766565539994e-01   0.0000000e+00   0.0000000e+00   2.2813337e+01   0.0000000e+00   0.0000000e+00   1.6814466e-12  -4.5626673e+01
  6.8254094788483e-01   0.0000000e+00   0.0000000e+00   2.2813337e+01   0.0000000e+00   0.0000000e+00   2.2072731e-11  -4.5626673e+01
  6.8741624036973e-01   0.0000000e+00   0.0000000e+00   2.2813337e+01   0.0000000e+00   0.0000000e+00   6.1107459e-12  -4.5626673e+01
  6.9229153285462e-01   0.0000000e+00   0.0000000e+00   2.2813337e+01   0.0000000e+00   0.0000000e+00  -3.9510339e-11  -4.5626673e+01
  6.9716682533951e-01   0.0000000e+00   0.0000000e+00   2.2813337e+01   0.0000000e+00   0.0000000e+00  -3.1605921e-11  -4.5626673e+01
  7.0204211782440e-01   0.0000000e+00   0.0000000e+00   2.2813337e+01   0.0000000e+00   0.0000000e+00   5.8297943e-11  -4.5626673e+01
  7.0691741030929e-01   0.0000000e+00   0.0000000e+00   2.2813337e+01   0.0000000e+00   0.0000000e+00   9.3732513e-11  -4.5626673e+01
  7.1179270279419e-01   0.0000000e+00   0.0000000e+00   2.2813337e+01   0.0000000e+00   0.0000000e+00  -5.3685826e-11  -4.5626673e+01
  7.1666799527908e-01   0.0000000e+00   0.0000000e+00   2.2813337e+01   0.0000000e+00   0.0000000e+00  -2.1180908e-10  -4.5626673e+01
  7.2154328776397e-01   0.0000000e+00   0.0000000e+00   2.2813337e+01   0.0000000e+00   0.0000000e+00  -4.0167330e-11  -4.5626673e+01
  7.2641858024886e-01   0.0000000e+00   0.0000000e+00   2.2813337e+01   0.0000000e+00   0.0000000e+00   3.6992680e-10  -4.5626673e+01
  7.3129387273375e-01   0.0000000e+00   0.0000000e+00   2.2813337e+01   0.0000000e+00   0.0000000e+00   3.4124805e-10  -4.5626673e+01
  7.3616916521864e-01   0.0000000e+00   0.0000000e+00   2.2813337e+01   0.0000000e+00   0.0000000e+00  -4.3244008e-10  -4.5626673e+01
  7.4104445770353e-01   0.0000000e+00   0.0000000e+00   2.2813337e+01   0.0000000e+00   0.0000000e+00  -9.5868683e-10  -4.5626673e+01
  7.4591975018843e-01   0.0000000e+00   0.0000000e+00   2.2813337e+01   0.0000000e+00   0.0000000e+00   3.2241659e-11  -4.5626673e+01
  7.5079504267332e-01   0.0000000e+00   0.0000000e+00   2.2813337e+01   0.0000000e+00   0.0000000e+00   1.7507086e-09  -4.5626673e+01
  7.5567033515821e-01   0.0000000e+00   0.0000000e+00   2.2813337e+01   0.0000000e+00   0.0000000e+00   1.3967312e-09  -4.5626673e+01
  7.6054562764310e-01   0.0000000e+00   0.0000000e+00   2.2813337e+01   0.0000000e+00   0.0000000e+00  -1.8696337e-09  -4.5626673e+01
  7.6542092012799e-01   0.0000000e+00   0.0000000e+00   2.2813337e+01   0.0000000e+00   0.0000000e+00  -4.0408239e-09  -4.5626673e+01
  7.7029621261288e-01   0.0000000e+00   0.0000000e+00   2.2813337e+01   0.0000000e+00   0.0000000e+00  -4.8525998e-10  -4.5626673e+01
  7.7517150509777e-01   0.0000000e+00   0.0000000e+00   2.2813337e+01   0.0000000e+00   0.0000000e+00   6.2537985e-09  -4.5626673e+01
  7.8004679758267e-01   0.0000000e+00   0.0000000e+00   2.2813337e+01   0.0000000e+00   0.0000000e+00   6.8019635e-09  -4.5626673e+01
  7.8492209006756e-01   0.0000000e+00   0.0000000e+00   2.2813337e+01   0.0000000e+00   0.0000000e+00  -3.2292192e-09  -4.5626673e+01
  7.8979738255245e-01   0.0000000e+00   0.0000000e+00   2.2813337e+01   0.0000000e+00   0.0000000e+00  -1.4055162e-08  -4.5626673e+01
  7.9467267503734e-01   0.0000000e+00   0.0000000e+00   2.2813337e+01   0.0000000e+00   0.0000000e+00  -1.0195182e-08  -4.5626673e+01
  7.9954796752223e-01   0.0000000e+00   0.0000000e+00   2.2813337e+01   0.0000000e+00   0.0000000e+00   1.0075036e-08  -4.5626673e+01
  8.0442326000713e-01   0.0000000e+00   0.0000000e+00   2.2813337e+01   0.0000000e+00   0.0000000e+00   2.7681126e-08  -4.5626673e+01
  8.0929855249202e-01   0.0000000e+00   0.0000000e+00   2.2813337e+01   0.0000000e+00   0.0000000e+00   1.9209425e-08  -4.5626673e+01
  8.1417384497691e-01   0.0000000e+00   0.0000000e+00   2.2813337e+01   0.0000000e+00   0.0000000e+00  -1.8104857e-08  -4.5626673e+01
  8.1904913746180e-01   0.0000000e+00   0.0000000e+00   2.2813337e+01   0.0000000e+00   0.0000000e+00  -5.6166628e-08  -4.5626673e+01
  8.2392442994669e-01   0.0000000e+00   0.0000000e+00   2.2813337e+01   0.0000000e+00   0.0000000e+00  -5.1161120e-08  -4.5626673e+01
  8.2879972243158e-01   0.0000000e+00   0.0000000e+00   2.2813337e+01   0.0000000e+00   0.0000000e+00   2.0181928e-08  -4.5626673e+01
  8.3367501491647e-01   0.0000000e+00   0.0000000e+00   2.2813337e+01   0.0000000e+00   0.0000000e+00   1.2161040e-07  -4.5626673e+01
  8.3855030740137e-01   0.0000000e+00   0.0000000e+00   2.2813336e+01   0.0000000e+00   0.0000000e+00   1.5430286e-07  -4.5626673e+01
  8.4342559988626e-01   0.0000000e+00   0.0000000e+00   2.2813337e+01   0.0000000e+00   0.0000000e+00   2.7192285e-08  -4.5626673e+01
  8.4830089237115e-01   0.0000000e+00   0.0000000e+00   2.2813337e+01   0.0000000e+00   0.0000000e+00  -2.2577618e-07  -4.5626673e+01
  8.5317618485604e-01   0.0000000e+00   0.0000000e+00   2.2813337e+01   0.0000000e+00   0.0000000e+00  -3.9809839e-07  -4.5626673e+01
  8.5805147734093e-01   0.0000000e+00   0.0000000e+00   2.2813337e+01   0.0000000e+00   0.0000000e+00  -2.4216393e-07  -4.5626673e+01
  8.6292676982582e-01   0.0000000e+00   0.0000000e+00   2.2813336e+01   0.0000000e+00   0.0000000e+00   2.7263175e-07  -4.5626673e+01
  8.6780206231072e-01   0.0000000e+00   0.0000000e+00   2.2813336e+01   0.0000000e+00   0.0000000e+00   7.9764280e-07  -4.5626673e+01
  8.7267735479561e-01   0.0000000e+00   0.0000000e+00   2.2813336e+01   0.0000000e+00   0.0000000e+00   7.1803275e-07  -4.5626673e+01
  8.7755264728050e-01   0.0000000e+00   0.0000000e+00   2.2813338e+01   0.0000000e+00   0.0000000e+00  -5.4058958e-07  -4.5626673e+01
  8.8242793976539e-01   0.0000000e+00   0.0000000e+00   2.2813342e+01   0.0000000e+00   0.0000000e+00  -3.2941841e-06  -4.5626673e+01
  8.8730323225028e-01   0.0000000e+00   0.0000000e+00   2.2813348e+01   0.0000000e+00   0.0000000e+00  -7.6472346e-06  -4.5626673e+01
  8.9217852473517e-01   0.0000000e+00   0.0000000e+00   2.2813358e+01   0.0000000e+00   0.0000000e+00  -1.3680037e-05  -4.5626673e+01
  8.9705381722007e-01   0.0000000e+00   0.0000000e+00   2.2813370e+01   0.0000000e+00   0.0000000e+00  -2.1511177e-05  -4.5626673e+01
  9.0192910970496e-01   0.0000000e+00   0.0000000e+00   2.2813385e+01   0.0000000e+00   0.0000000e+00  -3.1153822e-05  -4.5626673e+01
  9.0680440218985e-01   0.0000000e+00   0.0000000e+00   2.2813403e+01   0.0000000e+00   0.0000000e+00  -4.2363494e-05  -4.5626673e+01
  9.1167969467474e-01   0.0000000e+00   0.0000000e+00   2.2813422e+01   0.0000000e+00   0.0000000e+00  -5.4712765e-05  -4.5626673e+01
  9.1655498715963e-01   0.0000000e+00   0.0000000e+00   2.2813443e+01   0.0000000e+00   0.0000000e+00  -6.7880996e-05  -4.5626673e+01
  9.2143027964452e-01   0.0000000e+00   0.0000000e+00   2.2813466e+01   0.0000000e+00   0.0000000e+00  -8.1896204e-05  -4.5626673e+01
  9.2630557212942e-01   0.0000000e+00   0.0000000e+00   2.2813491e+01   0.0000000e+00   0.0000000e+00  -9.7087196e-05  -4.5626673e+01
  9.3118086461431e-01   0.0000000e+00   0.0000000e+00   2.2813518e+01   0.0000000e+00   0.0000000e+00  -1.1377735e-04  -4.5626673e+01
  9.3605615709920e-01   0.0000000e+00   0.0000000e+00   2.2813547e+01   0.0000000e+00   0.0000000e+00  -1.3200215e-04  -4.5626673e+01
  9.4093144958409e-01   0.0000000e+00   0.0000000e+00   2.2813579e+01   0.0000000e+00   0.0000000e+00  -1.5151249e-04  -4.5626673e+01
  9.4580674206898e-01   0.0000000e+00   0.0000000e+00   2.2813613e+01   0.0000000e+00   0.0000000e+00  -1.7205351e-04  -4.5626673e+01
  9.5068203455387e-01   0.0000000e+00   0.0000000e+00   2.2813649e+01   0.0000000e+00   0.0000000e+00  -1.9364791e-04  -4.5626673e+01
  9.5555732703876e-01   0.0000000e+00   0.0000000e+00   2.2813687e+01   0.0000000e+00   0.0000000e+00  -2.1661606e-04  -4.5626673e+01
  9.6043261952366e-01   0.0000000e+00   0.0000000e+00   2.2813728e+01   0.0000000e+00   0.0000000e+00  -2.4132042e-04  -4.5626673e+01
  9.6530791200855e-01   0.0000000e+00   0.0000000e+00   2.2813772e+01   0.0000000e+00   0.0000000e+00  -2.6787431e-04  -4.5626673e+01
  9.7018320449344e-01   0.0000000e+00   0.0000000e+00   2.2813820e+01   0.0000000e+00   0.0000000e+00  -2.9607408e-04  -4.5626673e+01
  9.7505849697833e-01   0.0000000e+00   0.0000000e+00   2.2813869e+01   0.0000000e+00   0.0000000e+00  -3.2560761e-04  -4.5626673e+01
  9.7993378946322e-01   0.0000000e+00   0.0000000e+00   2.2813921e+01   0.0000000e+00   0.0000000e+00  -3.5635739e-04  -4.5626673e+01
  9.8480908194811e-01   0.0000000e+00   0.0000000e+00   2.2813976e+01   0.0000000e+00   0.0000000e+00  -3.8854120e-04  -4.5626673e+01
  9.8968437443301e-01   0.0000000e+00   0.0000000e+00   2.2814034e+01   0.0000000e+00   0.0000000e+00  -4.2256681e-04  -4.5626673e+01
  9.9455966691790e-01   0.0000000e+00   0.0000000e+00   2.2814095e+01   0.0000000e+00   0.0000000e+00  -4.5872264e-04  -4.5626673e+01
  9.9943495940279e-01   0.0000000e+00   0.0000000e+00   2.2814160e+01   0.0000000e+00   0.0000000e+00  -4.9698234e-04  -4.5626673e+01
  1.0043102518877e+00   0.0000000e+00   0.0000000e+00   2.2814229e+01   0.0000000e+00   0.0000000e+00  -5.3710616e-04  -4.5626673e+01
  1.0091855443726e+00   0.0000000e+00   0.0000000e+00   2.2814301e+01   0.0000000e+00   0.0000000e+00  -5.7893447e-04  -4.5626673e+01
  1.0140608368575e+00   0.0000000e+00   0.0000000e+00   2.2814376e+01   0.0000000e+00   0.0000000e+00  -6.2257692e-04  -4.5626673e+01
  1.0189361293424e+00   0.0000000e+00   0.0000000e+00   2.2814455e+01   0.0000000e+00   0.0000000e+00  -6.6832244e-04  -4.5626673e+01
  1.0238114218273e+00   0.0000000e+00   0.0000000e+00   2.2814538e+01   0.0000000e+00   0.0000000e+00  -7.1639983e-04  -4.5626673e+01
  1.0286867143121e+00   0.0000000e+00   0.0000000e+00   2.2814625e+01   0.0000000e+00   0.0000000e+00  -7.6685887e-04  -4.5626673e+01
  1.0335620067970e+00   0.0000000e+00   0.0000000e+00   2.2814717e+01   0.0000000e+00   0.0000000e+00  -8.1967182e-04  -4.5626673e+01
  1.0384372992819e+00   0.0000000e+00   0.0000000e+00   2.2814813e+01   0.0000000e+00   0.0000000e+00  -8.7489977e-04  -4.5626673e+01
  1.0433125917668e+00   0.0000000e+00   0.0000000e+00   2.2814914e+01   0.0000000e+00   0.0000000e+00  -9.3272307e-04  -4.5626673e+01
  1.0481878842517e+00   0.0000000e+00   0.0000000e+00   2.2815019e+01   0.0000000e+00   0.0000000e+00  -9.9331876e-04  -4.5626673e+01
  1.0530631767366e+00   0.0000000e+00   0.0000000e+00   2.2815130e+01   0.0000000e+00   0.0000000e+00  -1.0567418e-03  -4.5626673e+01
  1.0579384692215e+00   0.0000000e+00   0.0000000e+00   2.2815246e+01   0.0000000e+00   0.0000000e+00  -1.1229466e-03  -4.5626673e+01
  1.0628137617064e+00   0.0000000e+00   0.0000000e+00   2.2815366e+01   0.0000000e+00   0.0000000e+00  -1.1919264e-03  -4.5626673e+01
  1.0676890541913e+00   0.0000000e+00   0.0000000e+00   2.2815493e+01   0.0000000e+00   0.0000000e+00  -1.2638350e-03  -4.5626673e+01
  1.0725643466762e+00   0.0000000e+00   0.0000000e+00   2.2815625e+01   0.0000000e+00   0.0000000e+00  -1.3389861e-03  -4.5626673e+01
  1.0774396391610e+00   0.0000000e+00   0.0000000e+00   2.2815764e+01   0.0000000e+00   0.0000000e+00  -1.4177371e-03  -4.5626673e+01
  1.0823149316459e+00   0.0000000e+00   0.0000000e+00   2.2815909e+01   0.0000000e+00   0.0000000e+00  -1.5003524e-03  -4.5626673e+01
  1.0871902241308e+00   0.0000000e+00   0.0000000e+00   2.2816062e+01   0.0000000e+00   0.0000000e+00  -1.5869375e-03  -4.5626673e+01
  1.0920655166157e+00   0.0000000e+00   0.0000000e+00   2.2816221e+01   0.0000000e+00   0.0000000e+00  -1.6774710e-03  -4.5626673e+01
  1.0969408091006e+00   0.0000000e+00   0.0000000e+00   2.2816388e+01   0.0000000e+00   0.0000000e+00  -1.7718950e-03  -4.5626673e+01
  1.1018161015855e+00   0.0000000e+00   0.0000000e+00   2.2816562e+01   0.0000000e+00   0.0000000e+00  -1.8702020e-03  -4.5626673e+01
  1.1066913940704e+00   0.0000000e+00   0.0000000e+00   2.2816743e+01   0.0000000e+00   0.0000000e+00  -1.9724846e-03  -4.5626673e+01
  1.1115666865553e+00   0.0000000e+00   0.0000000e+00   2.2816932e+01   0.0000000e+00   0.0000000e+00  -2.0789593e-03  -4.5626673e+01
  1.1164419790402e+00   0.0000000e+00   0.0000000e+00   2.2817129e+01   0.0000000e+00   0.0000000e+00  -2.1899761e-03  -4.5626673e+01
  1.1213172715251e+00   0.0000000e+00   0.0000000e+00   2.2817335e+01   0.0000000e+00   0.0000000e+00  -2.3059870e-03  -4.5626673e+01
  1.1261925640100e+00   0.0000000e+00   0.0000000e+00   2.2817550e+01   0.0000000e+00   0.0000000e+00  -2.4274340e-03  -4.5626673e+01
  1.1310678564949e+00   0.0000000e+00   0.0000000e+00   2.2817776e+01   0.0000000e+00   0.0000000e+00  -2.5545856e-03  -4.5626673e+01
  1.1359431489798e+00   0.0000000e+00   0.0000000e+00   2.2818012e+01   0.0000000e+00   0.0000000e+00  -2.6874477e-03  -4.5626673e+01
  1.1408184414647e+00   0.0000000e+00   0.0000000e+00   2.2818258e+01   0.0000000e+00   0.0000000e+00  -2.8258678e-03  -4.5626673e+01
  1.1456937339495e+00   0.0000000e+00   0.0000000e+00   2.2818514e+01   0.0000000e+00   0.0000000e+00  -2.9697928e-03  -4.5626673e+01
  1.1505690264344e+00   0.0000000e+00   0.0000000e+00   2.2818781e+01   0.0000000e+00   0.0000000e+00  -3.1194719e-03  -4.5626673e+01
  1.1554443189193e+00   0.0000000e+00   0.0000000e+00   2.2819059e+01   0.0000000e+00   0.0000000e+00  -3.2754224e-03  -4.5626673e+01
  1.1603196114042e+00   0.0000000e+00   0.0000000e+00   2.2819350e+01   0.0000000e+00   0.0000000e+00  -3.4381954e-03  -4.5626673e+01
  1.1651949038891e+00   0.0000000e+00   0.0000000e+00   2.2819653e+01   0.0000000e+00   0.0000000e+00  -3.6081731e-03  -4.5626673e+01
  1.1700701963740e+00   0.0000000e+00   0.0000000e+00   2.2819970e+01   0.0000000e+00   0.0000000e+00  -3.7855731e-03  -4.5626673e+01
  1.1749454888589e+00   0.0000000e+00   0.0000000e+00   2.2820300e+01   0.0000000e+00   0.0000000e+00  -3.9706105e-03  -4.5626673e+01
  1.1798207813438e+00   0.0000000e+00   0.0000000e+00   2.2820644e+01   0.0000000e+00   0.0000000e+00  -4.1636257e-03  -4.5626673e+01
  1.1846960738287e+00   0.0000000e+00   0.0000000e+00   2.2821004e+01   0.0000000e+00   0.0000000e+00  -4.3650672e-03  -4.5626673e+01
  1.1895713663136e+00   0.0000000e+00   0.0000000e+00   2.2821380e+01   0.0000000e+00   0.0000000e+00  -4.5753926e-03  -4.5626673e+01
  1.1944466587984e+00   0.0000000e+00   0.0000000e+00   2.2821772e+01   0.0000000e+00   0.0000000e+00  -4.7950125e-03  -4.5626673e+01
  1.1993219512833e+00   0.0000000e+00   0.0000000e+00   2.2822182e+01   0.0000000e+00   0.0000000e+00  -5.0243102e-03  -4.5626673e+01
  1.2041972437682e+00   0.0000000e+00   0.0000000e+00   2.2822609e+01   0.0000000e+00   0.0000000e+00  -5.2636767e-03  -4.5626673e+01
  1.2090725362531e+00   0.0000000e+00   0.0000000e+00   2.2823056e+01   0.0000000e+00   0.0000000e+00  -5.5135120e-03  -4.5626673e+01
  1.2139478287380e+00   0.0000000e+00   0.0000000e+00   2.2823521e+01   0.0000000e+00   0.0000000e+00  -5.7742074e-03  -4.5626673e+01
  1.2188231212229e+00   0.0000000e+00   0.0000000e+00   2.2824007e+01   0.0000000e+00   0.0000000e+00  -6.0461441e-03  -4.5626673e+01
  1.2236984137078e+00   0.0000000e+00   0.0000000e+00   2.2824514e+01   0.0000000e+00   0.0000000e+00  -6.3297114e-03  -4.5626673e+01
  1.2285737061927e+00   0.0000000e+00   0.0000000e+00   2.2825042e+01   0.0000000e+00   0.0000000e+00  -6.6253324e-03  -4.5626673e+01
  1.2334489986776e+00   0.0000000e+00   0.0000000e+00   2.2825593e+01   0.0000000e+00   0.0000000e+00  -6.9335085e-03  -4.5626673e+01
  1.2383242911625e+00   0.0000000e+00   0.0000000e+00   2.2826167e+01   0.0000000e+00   0.0000000e+00  -7.2548719e-03  -4.5626673e+01
  1.2431995836474e+00   0.0000000e+00   0.0000000e+00   2.2826766e+01   0.0000000e+00   0.0000000e+00  -7.5901827e-03  -4.5626673e+01
  1.2480748761323e+00   0.0000000e+00   0.0000000e+00   2.2827391e+01   0.0000000e+00   0.0000000e+00  -7.9402063e-03  -4.5626673e+01
  1.2529501686172e+00   0.0000000e+00   0.0000000e+00   2.2828044e+01   0.0000000e+00   0.0000000e+00  -8.3055330e-03  -4.5626673e+01
  1.2578254611020e+00   0.0000000e+00   0.0000000e+00   2.2828725e+01   0.0000000e+00   0.0000000e+00  -8.6865251e-03  -4.5626673e+01
  1.2627007535869e+00   0.0000000e+00   0.0000000e+00   2.2829434e+01   0.0000000e+00   0.0000000e+00  -9.0835122e-03  -4.5626673e+01
  1.2675760460718e+00   0.0000000e+00   0.0000000e+00   2.2830174e+01   0.0000000e+00   0.0000000e+00  -9.4971271e-03  -4.5626673e+01
  1.2724513385567e+00   0.0000000e+00   0.0000000e+00   2.2830945e+01   0.0000000e+00   0.0000000e+00  -9.9284958e-03  -4.5626673e+01
  1.2773266310416e+00   0.0000000e+00   0.0000000e+00   2.2831749e+01   0.0000000e+00   0.0000000e+00  -1.0379084e-02  -4.5626673e+01
  1.2822019235265e+00   0.0000000e+00   0.0000000e+00   2.2832589e+01   0.0000000e+00   0.0000000e+00  -1.0850281e-02  -4.5626673e+01
  1.2870772160114e+00   0.0000000e+00   0.0000000e+00   2.2833467e+01   0.0000000e+00   0.0000000e+00  -1.1343028e-02  -4.5626673e+01
  1.2919525084963e+00   0.0000000e+00   0.0000000e+00   2.2834384e+01   0.0000000e+00   0.0000000e+00  -1.1857746e-02  -4.5626673e+01
  1.2968278009812e+00   0.0000000e+00   0.0000000e+00   2.2835341e+01   0.0000000e+00   0.0000000e+00  -1.2394644e-02  -4.5626673e+01
  1.3017030934661e+00   0.0000000e+00   0.0000000e+00   2.2836339e+01   0.0000000e+00   0.0000000e+00  -1.2954227e-02  -4.5626673e+01
  1.3065783859510e+00   0.0000000e+00   0.0000000e+00   2.2837380e+01   0.0000000e+00   0.0000000e+00  -1.3537706e-02  -4.5626673e+01
  1.3114536784358e+00   0.0000000e+00   0.0000000e+00   2.2838466e+01   0.0000000e+00   0.0000000e+00  -1.4146996e-02  -4.5626673e+01
  1.3163289709207e+00   0.0000000e+00   0.0000000e+00   2.2839601e+01   0.0000000e+00   0.0000000e+00  -1.4784254e-02  -4.5626673e+01
  1.3212042634056e+00   0.0000000e+00   0.0000000e+00   2.2840787e+01   0.0000000e+00   0.0000000e+00  -1.5451229e-02  -4.5626673e+01
  1.3260795558905e+00   0.0000000e+00   0.0000000e+00   2.2842026e+01   0.0000000e+00   0.0000000e+00  -1.6148930e-02  -4.5626673e+01
  1.3309548483754e+00   0.0000000e+00   0.0000000e+00   2.2843320e+01   0.0000000e+00   0.0000000e+00  -1.6877856e-02  -4.5626673e+01
  1.3358301408603e+00   0.0000000e+00   0.0000000e+00   2.2844670e+01   0.0000000e+00   0.0000000e+00  -1.7638548e-02  -4.5626673e+01
  1.3407054333452e+00   0.0000000e+00   0.0000000e+00   2.2846079e+01   0.0000000e+00   0.0000000e+00  -1.8432055e-02  -4.5626673e+01
  1.3455807258301e+00   0.0000000e+00   0.0000000e+00   2.2847550e+01   0.0000000e+00   0.0000000e+00  -1.9260124e-02  -4.5626673e+01
  1.3504560183150e+00   0.0000000e+00   0.0000000e+00   2.2849085e+01   0.0000000e+00   0.0000000e+00  -2.0125157e-02  -4.5626673e+01
  1.3553313107999e+00   0.0000000e+00   0.0000000e+00   2.2850690e+01   0.0000000e+00   0.0000000e+00  -2.1029944e-02  -4.5626673e+01
  1.3602066032848e+00   0.0000000e+00   0.0000000e+00   2.2852368e+01   0.0000000e+00   0.0000000e+00  -2.1977148e-02  -4.5626673e+01
  1.3650818957697e+00   0.0000000e+00   0.0000000e+00   2.2854122e+01   0.0000000e+00   0.0000000e+00  -2.2968811e-02  -4.5626673e+01
  1.3699571882546e+00   0.0000000e+00   0.0000000e+00   2.2855956e+01   0.0000000e+00   0.0000000e+00  -2.4006261e-02  -4.5626673e+01
  1.3748324807394e+00   0.0000000e+00   0.0000000e+00   2.2857871e+01   0.0000000e+00   0.0000000e+00  -2.5090314e-02  -4.5626673e+01
  1.3797077732243e+00   0.0000000e+00   0.0000000e+00   2.2859869e+01   0.0000000e+00   0.0000000e+00  -2.6221163e-02  -4.5626673e+01
  1.3845830657092e+00   0.0000000e+00   0.0000000e+00   2.2861949e+01   0.0000000e+00   0.0000000e+00  -2.7397919e-02  -4.5626673e+01
  1.3894583581941e+00   0.0000000e+00   0.0000000e+00   2.2864111e+01   0.0000000e+00   0.0000000e+00  -2.8619038e-02  -4.5626673e+01
  1.3943336506790e+00   0.0000000e+00   0.0000000e+00   2.2866355e+01   0.0000000e+00   0.0000000e+00  -2.9884876e-02  -4.5626673e+01
  1.3992089431639e+00   0.0000000e+00   0.0000000e+00   2.2868691e+01   0.0000000e+00   0.0000000e+00  -3.1201380e-02  -4.5626673e+01
  1.4040842356488e+00   0.0000000e+00   0.0000000e+00   2.2871136e+01   0.0000000e+00   0.0000000e+00  -3.2581531e-02  -4.5626673e+01
  1.4089595281337e+00   0.0000000e+00   0.0000000e+00   2.2873716e+01   0.0000000e+00   0.0000000e+00  -3.4041758e-02  -4.5626673e+01
  1.4138348206186e+00   0.0000000e+00   0.0000000e+00   2.2876449e+01   0.0000000e+00   0.0000000e+00  -3.5594711e-02  -4.5626673e+01
  1.4187101131035e+00   0.0000000e+00   0.0000000e+00   2.2879343e+01   0.0000000e+00   0.0000000e+00  -3.7243781e-02  -4.5626673e+01
  1.4235854055884e+00   0.0000000e+00   0.0000000e+00   2.2882391e+01   0.0000000e+00   0.0000000e+00  -3.8984271e-02  -4.5626673e+01
  1.4284606980732e+00   0.0000000e+00   0.0000000e+00   2.2885586e+01   0.0000000e+00   0.0000000e+00  -4.0810679e-02  -4.5626673e+01
  1.4333359905581e+00   0.0000000e+00   0.0000000e+00   2.2888930e+01   0.0000000e+00   0.0000000e+00  -4.2723697e-02  -4.5626673e+01
  1.4382112830430e+00   0.0000000e+00   0.0000000e+00   2.2892436e+01   0.0000000e+00   0.0000000e+00  -4.4729930e-02  -4.5626673e+01
  1.4430865755279e+00   0.0000000e+00   0.0000000e+00   2.2896113e+01   0.0000000e+00   0.0000000e+00  -4.6833344e-02  -4.5626673e+01
  1.4479618680128e+00   0.0000000e+00   0.0000000e+00   2.2899949e+01   0.0000000e+00   0.0000000e+00  -4.9024756e-02  -4.5626673e+01
  1.4528371604977e+00   0.0000000e+00   0.0000000e+00   2.2903906e+01   0.0000000e+00   0.0000000e+00  -5.1277667e-02  -4.5626673e+01
  1.4577124529826e+00   0.0000000e+00   0.0000000e+00   2.2907927e+01   0.0000000e+00   0.0000000e+00  -5.3553627e-02  -4.5626673e+01
  1.4625877454675e+00   0.0000000e+00   0.0000000e+00   2.2911952e+01   0.0000000e+00   0.0000000e+00  -5.5813308e-02  -4.5626673e+01
  1.4674630379524e+00   0.0000000e+00   0.0000000e+00   2.2915933e+01   0.0000000e+00   0.0000000e+00  -5.8026939e-02  -4.5626673e+01
  1.4723383304373e+00   0.0000000e+00   0.0000000e+00   2.2919849e+01   0.0000000e+00   0.0000000e+00  -6.0180474e-02  -4.5626673e+01
  1.4772136229222e+00   0.0000000e+00   0.0000000e+00   2.2923705e+01   0.0000000e+00   0.0000000e+00  -6.2277417e-02  -4.5626673e+01
  1.4820889154071e+00   0.0000000e+00   0.0000000e+00   2.2927528e+01   0.0000000e+00   0.0000000e+00  -6.4336806e-02  -4.5626673e+01
  1.4869642078920e+00   0.0000000e+00   0.0000000e+00   2.2931359e+01   0.0000000e+00   0.0000000e+00  -6.6386889e-02  -4.5626673e+01
  1.4918395003768e+00   0.0000000e+00   0.0000000e+00   2.2935236e+01   0.0000000e+00   0.0000000e+00  -6.8454941e-02  -4.5626673e+01
  1.4967147928617e+00   0.0000000e+00   0.0000000e+00   2.2939182e+01   0.0000000e+00   0.0000000e+00  -7.0557053e-02  -4.5626673e+01
  1.5015900853466e+00   0.0000000e+00   0.0000000e+00   2.2943199e+01   0.0000000e+00   0.0000000e+00  -7.2693680e-02  -4.5626673e+01
  1.5064653778315e+00   0.0000000e+00   0.0000000e+00   2.2947274e+01   0.0000000e+00   0.0000000e+00  -7.4853918e-02  -4.5626673e+01
  1.5113406703164e+00   0.0000000e+00   0.0000000e+00   2.2951391e+01   0.0000000e+00   0.0000000e+00  -7.7025252e-02  -4.5626673e+01
  1.5162159628013e+00   0.0000000e+00   0.0000000e+00   2.2955539e+01   0.0000000e+00   0.0000000e+00  -7.9201602e-02  -4.5626673e+01
  1.5210912552862e+00   0.0000000e+00   0.0000000e+00   2.2959718e+01   0.0000000e+00   0.0000000e+00  -8.1384477e-02  -4.5626673e+01
  1.5259665477711e+00   0.0000000e+00   0.0000000e+00   2.2963930e+01   0.0000000e+00   0.0000000e+00  -8.3578055e-02  -4.5626673e+01
  1.5308418402560e+00   0.0000000e+00   0.0000000e+00   2.2968176e+01   0.0000000e+00   0.0000000e+00  -8.5783508e-02  -4.5626673e+01
  1.5357171327409e+00   0.0000000e+00   0.0000000e+00   2.2972455e+01   0.0000000e+00   0.0000000e+00  -8.7997609e-02  -4.5626673e+01
  1.5405924252258e+00   0.0000000e+00   0.0000000e+00   2.2976767e+01   0.0000000e+00   0.0000000e+00  -9.0216463e-02  -4.5626673e+01
  1.5454677177106e+00   0.0000000e+00   0.0000000e+00   2.2981116e+01   0.0000000e+00   0.0000000e+00  -9.2440709e-02  -4.5626673e+01
  1.5503430101955e+00   0.0000000e+00   0.0000000e+00   2.2985508e+01   0.0000000e+00   0.0000000e+00  -9.4677224e-02  -4.5626673e+01
  1.5552183026804e+00   0.0000000e+00   0.0000000e+00   2.2989951e+01   0.0000000e+00   0.0000000e+00  -9.6935342e-02  -4.5626673e+01
  1.5600935951653e+00   0.0000000e+00   0.0000000e+00   2.2994451e+01   0.0000000e+00   0.0000000e+00  -9.9220596e-02  -4.5626673e+01
  1.5649688876502e+00   0.0000000e+00   0.0000000e+00   2.2999005e+01   0.0000000e+00   0.0000000e+00  -1.0153145e-01  -4.5626673e+01
  1.5698441801351e+00   0.0000000e+00   0.0000000e+00   2.3003609e+01   0.0000000e+00   0.0000000e+00  -1.0386169e-01  -4.5626673e+01
  1.5747194726200e+00   0.0000000e+00   0.0000000e+00   2.3008260e+01   0.0000000e+00   0.0000000e+00  -1.0620567e-01  -4.5626673e+01
  1.5795947651049e+00   0.0000000e+00   0.0000000e+00   2.3012952e+01   0.0000000e+00   0.0000000e+00  -1.0856170e-01  -4.5626673e+01
  1.5844700575898e+00   0.0000000e+00   0.0000000e+00   2.3017685e+01   0.0000000e+00   0.0000000e+00  -1.1093106e-01  -4.5626673e+01
  1.5893453500747e+00   0.0000000e+00   0.0000000e+00   2.3022457e+01   0.0000000e+00   0.0000000e+00  -1.1331507e-01  -4.5626673e+01
  1.5942206425596e+00   0.0000000e+00   0.0000000e+00   2.3027269e+01   0.0000000e+00   0.0000000e+00  -1.1571338e-01  -4.5626673e+01
  1.5990959350445e+00   0.0000000e+00   0.0000000e+00   2.3032123e+01   0.0000000e+00   0.0000000e+00  -1.1812476e-01  -4.5626673e+01
  1.6039712275294e+00   0.0000000e+00   0.0000000e+00   2.3037019e+01   0.0000000e+00   0.0000000e+00  -1.2054891e-01  -4.5626673e+01
  1.6088465200142e+00   0.0000000e+00   0.0000000e+00   2.3041960e+01   0.0000000e+00   0.0000000e+00  -1.2298738e-01  -4.5626673e+01
  1.6137218124991e+00   0.0000000e+00   0.0000000e+00   2.3046947e+01   0.0000000e+00   0.0000000e+00  -1.2544263e-01  -4.5626673e+01
  1.6185971049840e+00   0.0000000e+00   0.0000000e+00   2.3051978e+01   0.0000000e+00   0.0000000e+00  -1.2791622e-01  -4.5626673e+01
  1.6234723974689e+00   0.0000000e+00   0.0000000e+00   2.3057053e+01   0.0000000e+00   0.0000000e+00  -1.3040736e-01  -4.5626673e+01
  1.6283476899538e+00   0.0000000e+00   0.0000000e+00   2.3062169e+01   0.0000000e+00   0.0000000e+00  -1.3291258e-01  -4.5626673e+01
  1.6332229824387e+00   0.0000000e+00   0.0000000e+00   2.3067320e+01   0.0000000e+00   0.0000000e+00  -1.3542625e-01  -4.5626673e+01
  1.6380982749236e+00   0.0000000e+00   0.0000000e+00   2.3072498e+01   0.0000000e+00   0.0000000e+00  -1.3794212e-01  -4.5626673e+01
  1.6429735674085e+00   0.0000000e+00   0.0000000e+00   2.3077695e+01   0.0000000e+00   0.0000000e+00  -1.4045618e-01  -4.5626673e+01
  1.6478488598934e+00   0.0000000e+00   0.0000000e+00   2.3082911e+01   0.0000000e+00   0.0000000e+00  -1.4296950e-01  -4.5626673e+01
  1.6527241523783e+00   0.0000000e+00   0.0000000e+00   2.3088152e+01   0.0000000e+00   0.0000000e+00  -1.4548825e-01  -4.5626673e+01
  1.6575994448632e+00   0.0000000e+00   0.0000000e+00   2.3093432e+01   0.0000000e+00   0.0000000e+00  -1.4802008e-01  -4.5626673e+01
  1.6624747373480e+00   0.0000000e+00   0.0000000e+00   2.3098759e+01   0.0000000e+00   0.0000000e+00  -1.5056938e-01  -4.5626673e+01
  1.6673500298329e+00   0.0000000e+00   0.0000000e+00   2.3104132e+01   0.0000000e+00   0.0000000e+00  -1.5313561e-01  -4.5626673e+01
  1.6722253223178e+00   0.0000000e+00   0.0000000e+00   2.3109544e+01   0.0000000e+00   0.0000000e+00  -1.5571542e-01  -4.5626673e+01
  1.6771006148027e+00   0.0000000e+00   0.0000000e+00   2.3114986e+01   0.0000000e+00   0.0000000e+00  -1.5830570e-01  -4.5626673e+01
  1.6819759072876e+00   0.0000000e+00   0.0000000e+00   2.3120453e+01   0.0000000e+00   0.0000000e+00  -1.6090401e-01  -4.5626673e+01
  1.6868511997725e+00   0.0000000e+00   0.0000000e+00   2.3125940e+01   0.0000000e+00   0.0000000e+00  -1.6350647e-01  -4.5626673e+01
  1.6917264922574e+00   0.0000000e+00   0.0000000e+00   2.3131442e+01   0.0000000e+00   0.0000000e+00  -1.6610606e-01  -4.5626673e+01
  1.6966017847423e+00   0.0000000e+00   0.0000000e+00   2.3136951e+01   0.0000000e+00   0.0000000e+00  -1.6869446e-01  -4.5626673e+01
  1.7014770772272e+00   0.0000000e+00   0.0000000e+00   2.3142462e+01   0.0000000e+00   0.0000000e+00  -1.7126674e-01  -4.5626673e+01
  1.7063523697121e+00   0.0000000e+00   0.0000000e+00   2.3147974e+01   0.0000000e+00   0.0000000e+00  -1.7382493e-01  -4.5626673e+01
  1.7112276621970e+00   0.0000000e+00   0.0000000e+00   2.3153493e+01   0.0000000e+00   0.0000000e+00  -1.7637691e-01  -4.5626673e+01
  1.7161029546819e+00   0.0000000e+00   0.0000000e+00   2.3159025e+01   0.0000000e+00   0.0000000e+00  -1.7893112e-01  -4.5626673e+01
  1.7209782471668e+00   0.0000000e+00   0.0000000e+00   2.3164571e+01   0.0000000e+00   0.0000000e+00  -1.8149060e-01  -4.5626673e+01
  1.7258535396516e+00   0.0000000e+00   0.0000000e+00   2.3170127e+01   0.0000000e+00   0.0000000e+00  -1.8405112e-01  -4.5626673e+01
  1.7307288321365e+00   0.0000000e+00   0.0000000e+00   2.3175684e+01   0.0000000e+00   0.0000000e+00  -1.8660413e-01  -4.5626673e+01
  1.7356041246214e+00   0.0000000e+00   0.0000000e+00   2.3181235e+01   0.0000000e+00   0.0000000e+00  -1.8914194e-01  -4.5626673e+01
  1.7404794171063e+00   0.0000000e+00   0.0000000e+00   2.3186776e+01   0.0000000e+00   0.0000000e+00  -1.9166077e-01  -4.5626673e+01
  1.7453547095912e+00   0.0000000e+00   0.0000000e+00   2.3192304e+01   0.0000000e+00   0.0000000e+00  -1.9415979e-01  -4.5626673e+01
  1.7502300020761e+00   0.0000000e+00   0.0000000e+00   2.3197816e+01   0.0000000e+00   0.0000000e+00  -1.9663776e-01  -4.5626673e+01
  1.7551052945610e+00   0.0000000e+00   0.0000000e+00   2.3203300e+01   0.0000000e+00   0.0000000e+00  -1.9908971e-01  -4.5626673e+01
  1.7599805870459e+00   0.0000000e+00   0.0000000e+00   2.3208742e+01   0.0000000e+00   0.0000000e+00  -2.0150580e-01  -4.5626673e+01
  1.7648558795308e+00   0.0000000e+00   0.0000000e+00   2.3214122e+01   0.0000000e+00   0.0000000e+00  -2.0387376e-01  -4.5626673e+01
  1.7697311720157e+00   0.0000000e+00   0.0000000e+00   2.3219427e+01   0.0000000e+00   0.0000000e+00  -2.0618456e-01  -4.5626673e+01
  1.7746064645005e+00   0.0000000e+00   0.0000000e+00   2.3224658e+01   0.0000000e+00   0.0000000e+00  -2.0843868e-01  -4.5626673e+01
  1.7794817569854e+00   0.0000000e+00   0.0000000e+00   2.3229832e+01   0.0000000e+00   0.0000000e+00  -2.1064951e-01  -4.5626673e+01
  1.7843570494703e+00   0.0000000e+00   0.0000000e+00   2.3234979e+01   0.0000000e+00   0.0000000e+00  -2.1283972e-01  -4.5626673e+01
  1.7892323419552e+00   0.0000000e+00   0.0000000e+00   2.3240124e+01   0.0000000e+00   0.0000000e+00  -2.1503011e-01  -4.5626673e+01
  1.7941076344401e+00   0.0000000e+00   0.0000000e+00   2.3245271e+01   0.0000000e+00   0.0000000e+00  -2.1722615e-01  -4.5626673e+01
  1.7989829269250e+00   0.0000000e+00   0.0000000e+00   2.3250393e+01   0.0000000e+00   0.0000000e+00  -2.1941068e-01  -4.5626673e+01
  1.8038582194099e+00   0.0000000e+00   0.0000000e+00   2.3255447e+01   0.0000000e+00   0.0000000e+00  -2.2154803e-01  -4.5626673e+01
  1.8087335118948e+00   0.0000000e+00   0.0000000e+00   2.3260380e+01   0.0000000e+00   0.0000000e+00  -2.2359752e-01  -4.5626673e+01
  1.8136088043797e+00   0.0000000e+00   0.0000000e+00   2.3265157e+01   0.0000000e+00   0.0000000e+00  -2.2552994e-01  -4.5626673e+01
  1.8184840968646e+00   0.0000000e+00   0.0000000e+00   2.3269766e+01   0.0000000e+00   0.0000000e+00  -2.2733910e-01  -4.5626673e+01
  1.8233593893495e+00   0.0000000e+00   0.0000000e+00   2.3274220e+01   0.0000000e+00   0.0000000e+00  -2.2904210e-01  -4.5626673e+01
  1.8282346818344e+00   0.0000000e+00   0.0000000e+00   2.3278547e+01   0.0000000e+00   0.0000000e+00  -2.3066698e-01  -4.5626673e+01
  1.8331099743193e+00   0.0000000e+00   0.0000000e+00   2.3282760e+01   0.0000000e+00   0.0000000e+00  -2.3223299e-01  -4.5626673e+01
  1.8379852668041e+00   0.0000000e+00   0.0000000e+00   2.3286849e+01   0.0000000e+00   0.0000000e+00  -2.3373302e-01  -4.5626673e+01
  1.8428605592890e+00   0.0000000e+00   0.0000000e+00   2.3290765e+01   0.0000000e+00   0.0000000e+00  -2.3512757e-01  -4.5626673e+01
  1.8477358517739e+00   0.0000000e+00   0.0000000e+00   2.3294436e+01   0.0000000e+00   0.0000000e+00  -2.3635452e-01  -4.5626673e+01
  1.8526111442588e+00   0.0000000e+00   0.0000000e+00   2.3297789e+01   0.0000000e+00   0.0000000e+00  -2.3735211e-01  -4.5626673e+01
  1.8574864367437e+00   0.0000000e+00   0.0000000e+00   2.3300779e+01   0.0000000e+00   0.0000000e+00  -2.3808584e-01  -4.5626673e+01
  1.8623617292286e+00   0.0000000e+00   0.0000000e+00   2.3303411e+01   0.0000000e+00   0.0000000e+00  -2.3856567e-01  -4.5626673e+01
  1.8672370217135e+00   0.0000000e+00   0.0000000e+00   2.3305734e+01   0.0000000e+00   0.0000000e+00  -2.3884218e-01  -4.5626673e+01
  1.8721123141984e+00   0.0000000e+00   0.0000000e+00   2.3307815e+01   0.0000000e+00   0.0000000e+00  -2.3898007e-01  -4.5626673e+01
  1.8769876066833e+00   0.0000000e+00   0.0000000e+00   2.3309699e+01   0.0000000e+00   0.0000000e+00  -2.3902036e-01  -4.5626673e+01
  1.8818628991682e+00   0.0000000e+00   0.0000000e+00   2.3311371e+01   0.0000000e+00   0.0000000e+00  -2.3895043e-01  -4.5626673e+01
  1.8867381916531e+00   0.0000000e+00   0.0000000e+00   2.3312750e+01   0.0000000e+00   0.0000000e+00  -2.3869830e-01  -4.5626673e+01
  1.8916134841379e+00   0.0000000e+00   0.0000000e+00   2.3313710e+01   0.0000000e+00   0.0000000e+00  -2.3815625e-01  -4.5626673e+01
  1.8964887766228e+00   0.0000000e+00   0.0000000e+00   2.3314125e+01   0.0000000e+00   0.0000000e+00  -2.3722330e-01  -4.5626673e+01
  1.9013640691077e+00   0.0000000e+00   0.0000000e+00   2.3313924e+01   0.0000000e+00   0.0000000e+00  -2.3584488e-01  -4.5626673e+01
  1.9062393615926e+00   0.0000000e+00   0.0000000e+00   2.3313104e+01   0.0000000e+00   0.0000000e+00  -2.3402932e-01  -4.5626673e+01
  1.9111146540775e+00   0.0000000e+00   0.0000000e+00   2.3311720e+01   0.0000000e+00   0.0000000e+00  -2.3183222e-01  -4.5626673e+01
  1.9159899465624e+00   0.0000000e+00   0.0000000e+00   2.3309833e+01   0.0000000e+00   0.0000000e+00  -2.2931306e-01  -4.5626673e+01
  1.9208652390473e+00   0.0000000e+00   0.0000000e+00   2.3307440e+01   0.0000000e+00   0.0000000e+00  -2.2647920e-01  -4.5626673e+01
  1.9257405315322e+00   0.0000000e+00   0.0000000e+00   2.3304416e+01   0.0000000e+00   0.0000000e+00  -2.2323953e-01  -4.5626673e+01
  1.9306158240171e+00   0.0000000e+00   0.0000000e+00   2.3300484e+01   0.0000000e+00   0.0000000e+00  -2.1938841e-01  -4.5626673e+01
  1.9354911165020e+00   0.0000000e+00   0.0000000e+00   2.3295245e+01   0.0000000e+00   0.0000000e+00  -2.1462807e-01  -4.5626673e+01
  1.9403664089869e+00   0.0000000e+00   0.0000000e+00   2.3288246e+01   0.0000000e+00   0.0000000e+00  -2.0862316e-01  -4.5626673e+01
  1.9452417014718e+00   0.0000000e+00   0.0000000e+00   2.3279078e+01   0.0000000e+00   0.0000000e+00  -2.0107170e-01  -4.5626673e+01
  1.9501169939567e+00   0.0000000e+00   0.0000000e+00   2.3267468e+01   0.0000000e+00   0.0000000e+00  -1.9177367e-01  -4.5626673e+01
  1.9549922864415e+00   0.0000000e+00   0.0000000e+00   2.3253348e+01   0.0000000e+00   0.0000000e+00  -1.8068078e-01  -4.5626673e+01
  1.9598675789264e+00   0.0000000e+00   0.0000000e+00   2.3236890e+01   0.0000000e+00   0.0000000e+00  -1.6791941e-01  -4.5626673e+01
  1.9647428714113e+00   0.0000000e+00   0.0000000e+00   2.3218501e+01   0.0000000e+00   0.0000000e+00  -1.5378744e-01  -4.5626673e+01
  1.9696181638962e+00   0.0000000e+00   0.0000000e+00   2.3198787e+01   0.0000000e+00   0.0000000e+00  -1.3872770e-01  -4.5626673e+01
  1.9744934563811e+00   0.0000000e+00   0.0000000e+00   2.3178484e+01   0.0000000e+00   0.0000000e+00  -1.2327794e-01  -4.5626673e+01
  1.9793687488660e+00   0.0000000e+00   0.0000000e+00   2.3158365e+01   0.0000000e+00   0.0000000e+00  -1.0800122e-01  -4.5626673e+01
  1.9842440413509e+00   0.0000000e+00   0.0000000e+00   2.3139123e+01   0.0000000e+00   0.0000000e+00  -9.3408486e-02  -4.5626673e+01
  1.9891193338358e+00   0.0000000e+00   0.0000000e+00   2.3121289e+01   0.0000000e+00   0.0000000e+00  -7.9889738e-02  -4.5626673e+01
  1.9939946263207e+00   0.0000000e+00   0.0000000e+00   2.3105162e+01   0.0000000e+00   0.0000000e+00  -6.7667255e-02  -4.5626673e+01
  1.9988699188056e+00   0.0000000e+00   0.0000000e+00   2.3090795e+01   0.0000000e+00   0.0000000e+00  -5.6779372e-02  -4.5626673e+01
  2.0037452112905e+00   0.0000000e+00   0.0000000e+00   2.3078022e+01   0.0000000e+00   0.0000000e+00  -4.7097567e-02  -4.5626673e+01
  2.0086205037753e+00   0.0000000e+00   0.0000000e+00   2.3066516e+01   0.0000000e+00   0.0000000e+00  -3.8371721e-02  -4.5626673e+01
  2.0134957962602e+00   0.0000000e+00   0.0000000e+00   2.3055866e+01   0.0000000e+00   0.0000000e+00  -3.0289980e-02  -4.5626673e+01
  2.0183710887451e+00   0.0000000e+00   0.0000000e+00   2.3045651e+01   0.0000000e+00   0.0000000e+00  -2.2537134e-02  -4.5626673e+01
  2.0232463812300e+00   0.0000000e+00   0.0000000e+00   2.3035502e+01   0.0000000e+00   0.0000000e+00  -1.4840739e-02  -4.5626673e+01
  2.0281216737149e+00   0.0000000e+00   0.0000000e+00   2.3025149e+01   0.0000000e+00   0.0000000e+00  -7.0020703e-03  -4.5626673e+01
  2.0329969661998e+00   0.0000000e+00   0.0000000e+00   2.3014437e+01   0.0000000e+00   0.0000000e+00   1.0873994e-03  -4.5626673e+01
  2.0378722586847e+00   0.0000000e+00   0.0000000e+00   2.3003343e+01   0.0000000e+00   0.0000000e+00   9.4430621e-03  -4.5626673e+01
  2.0427475511696e+00   0.0000000e+00   0.0000000e+00   2.2991961e+01   0.0000000e+00   0.0000000e+00   1.7994075e-02  -4.5626673e+01
  2.0476228436545e+00   0.0000000e+00   0.0000000e+00   2.2980495e+01   0.0000000e+00   0.0000000e+00   2.6593296e-02  -4.5626673e+01
  2.0524981361394e+00   0.0000000e+00   0.0000000e+00   2.2969242e+01   0.0000000e+00   0.0000000e+00   3.5027320e-02  -4.5626673e+01
  2.0573734286243e+00   0.0000000e+00   0.0000000e+00   2.2958578e+01   0.0000000e+00   0.0000000e+00   4.3030426e-02  -4.5626673e+01
  2.0622487211092e+00   0.0000000e+00   0.0000000e+00   2.2948923e+01   0.0000000e+00   0.0000000e+00   5.0305665e-02  -4.5626673e+01
  2.0671240135941e+00   0.0000000e+00   0.0000000e+00   2.2940707e+01   0.0000000e+00   0.0000000e+00   5.6551576e-02  -4.5626673e+01
  2.0719993060789e+00   0.0000000e+00   0.0000000e+00   2.2934328e+01   0.0000000e+00   0.0000000e+00   6.1493342e-02  -4.5626673e+01
  2.0768745985638e+00   0.0000000e+00   0.0000000e+00   2.2930107e+01   0.0000000e+00   0.0000000e+00   6.4918168e-02  -4.5626673e+01
  2.0817498910487e+00   0.0000000e+00   0.0000000e+00   2.2928235e+01   0.0000000e+00   0.0000000e+00   6.6709059e-02  -4.5626673e+01
  2.0866251835336e+00   0.0000000e+00   0.0000000e+00   2.2928742e+01   0.0000000e+00   0.0000000e+00   6.6865703e-02  -4.5626673e+01
  2.0915004760185e+00   0.0000000e+00   0.0000000e+00   2.2931492e+01   0.0000000e+00   0.0000000e+00   6.5503760e-02  -4.5626673e+01
  2.0963757685034e+00   0.0000000e+00   0.0000000e+00   2.2936206e+01   0.0000000e+00   0.0000000e+00   6.2831952e-02  -4.5626673e+01
  2.1012510609883e+00   0.0000000e+00   0.0000000e+00   2.2942517e+01   0.0000000e+00   0.0000000e+00   5.9114303e-02  -4.5626673e+01
  2.1061263534732e+00   0.0000000e+00   0.0000000e+00   2.2950028e+01   0.0000000e+00   0.0000000e+00   5.4630242e-02  -4.5626673e+01
  2.1110016459581e+00   0.0000000e+00   0.0000000e+00   2.2958350e+01   0.0000000e+00   0.0000000e+00   4.9645683e-02  -4.5626673e+01
  2.1158769384430e+00   0.0000000e+00   0.0000000e+00   2.2967130e+01   0.0000000e+00   0.0000000e+00   4.4402273e-02  -4.5626673e+01
  2.1207522309279e+00   0.0000000e+00   0.0000000e+00   2.2976042e+01   0.0000000e+00   0.0000000e+00   3.9121494e-02  -4.5626673e+01
  2.1256275234128e+00   0.0000000e+00   0.0000000e+00   2.2984792e+01   0.0000000e+00   0.0000000e+00   3.4010828e-02  -4.5626673e+01
  2.1305028158976e+00   0.0000000e+00   0.0000000e+00   2.2993123e+01   0.0000000e+00   0.0000000e+00   2.9257672e-02  -4.5626673e+01
  2.1353781083825e+00   0.0000000e+00   0.0000000e+00   2.3000843e+01   0.0000000e+00   0.0000000e+00   2.5007559e-02  -4.5626673e+01
  2.1402534008674e+00   0.0000000e+00   0.0000000e+00   2.3007848e+01   0.0000000e+00   0.0000000e+00   2.1339151e-02  -4.5626673e+01
  2.1451286933523e+00   0.0000000e+00   0.0000000e+00   2.3014135e+01   0.0000000e+00   0.0000000e+00   1.8252555e-02  -4.5626673e+01
  2.1500039858372e+00   0.0000000e+00   0.0000000e+00   2.3019794e+01   0.0000000e+00   0.0000000e+00   1.5676238e-02  -4.5626673e+01
  2.1548792783221e+00   0.0000000e+00   0.0000000e+00   2.3024983e+01   0.0000000e+00   0.0000000e+00   1.3486650e-02  -4.5626673e+01
  2.1597545708070e+00   0.0000000e+00   0.0000000e+00   2.3029897e+01   0.0000000e+00   0.0000000e+00   1.1534977e-02  -4.5626673e+01
  2.1646298632919e+00   0.0000000e+00   0.0000000e+00   2.3034726e+01   0.0000000e+00   0.0000000e+00   9.6794308e-03  -4.5626673e+01
  2.1695051557768e+00   0.0000000e+00   0.0000000e+00   2.3039610e+01   0.0000000e+00   0.0000000e+00   7.8156496e-03  -4.5626673e+01
  2.1743804482617e+00   0.0000000e+00   0.0000000e+00   2.3044625e+01   0.0000000e+00   0.0000000e+00   5.8924231e-03  -4.5626673e+01
  2.1792557407466e+00   0.0000000e+00   0.0000000e+00   2.3049786e+01   0.0000000e+00   0.0000000e+00   3.9094386e-03  -4.5626673e+01
  2.1841310332314e+00   0.0000000e+00   0.0000000e+00   2.3055064e+01   0.0000000e+00   0.0000000e+00   1.9012805e-03  -4.5626673e+01
  2.1890063257163e+00   0.0000000e+00   0.0000000e+00   2.3060426e+01   0.0000000e+00   0.0000000e+00  -9.0961473e-05  -4.5626673e+01
  2.1938816182012e+00   0.0000000e+00   0.0000000e+00   2.3065865e+01   0.0000000e+00   0.0000000e+00  -2.0513339e-03  -4.5626673e+01
  2.1987569106861e+00   0.0000000e+00   0.0000000e+00   2.3071421e+01   0.0000000e+00   0.0000000e+00  -4.0038076e-03  -4.5626673e+01
  2.2036322031710e+00   0.0000000e+00   0.0000000e+00   2.3077167e+01   0.0000000e+00   0.0000000e+00  -6.0013647e-03  -4.5626673e+01
  2.2085074956559e+00   0.0000000e+00   0.0000000e+00   2.3083175e+01   0.0000000e+00   0.0000000e+00  -8.1006805e-03  -4.5626673e+01
  2.2133827881408e+00   0.0000000e+00   0.0000000e+00   2.3089489e+01   0.0000000e+00   0.0000000e+00  -1.0340008e-02  -4.5626673e+01
  2.2182580806257e+00   0.0000000e+00   0.0000000e+00   2.3096110e+01   0.0000000e+00   0.0000000e+00  -1.2731899e-02  -4.5626673e+01
  2.2231333731106e+00   0.0000000e+00   0.0000000e+00   2.3103006e+01   0.0000000e+00   0.0000000e+00  -1.5273037e-02  -4.5626673e+01
  2.2280086655955e+00   0.0000000e+00   0.0000000e+00   2.3110147e+01   0.0000000e+00   0.0000000e+00  -1.7963162e-02  -4.5626673e+01
  2.2328839580804e+00   0.0000000e+00   0.0000000e+00   2.3117521e+01   0.0000000e+00   0.0000000e+00  -2.0814892e-02  -4.5626673e+01
  2.2377592505653e+00   0.0000000e+00   0.0000000e+00   2.3125138e+01   0.0000000e+00   0.0000000e+00  -2.3841808e-02  -4.5626673e+01
  2.2426345430501e+00   0.0000000e+00   0.0000000e+00   2.3133004e+01   0.0000000e+00   0.0000000e+00  -2.7037479e-02  -4.5626673e+01
  2.2475098355350e+00   0.0000000e+00   0.0000000e+00   2.3141115e+01   0.0000000e+00   0.0000000e+00  -3.0368187e-02  -4.5626673e+01
  2.2523851280199e+00   0.0000000e+00   0.0000000e+00   2.3149453e+01   0.0000000e+00   0.0000000e+00  -3.3782003e-02  -4.5626673e+01
  2.2572604205048e+00   0.0000000e+00   0.0000000e+00   2.3157986e+01   0.0000000e+00   0.0000000e+00  -3.7221819e-02  -4.5626673e+01
  2.2621357129897e+00   0.0000000e+00   0.0000000e+00   2.3166670e+01   0.0000000e+00   0.0000000e+00  -4.0635639e-02  -4.5626673e+01
  2.2670110054746e+00   0.0000000e+00   0.0000000e+00   2.3175459e+01   0.0000000e+00   0.0000000e+00  -4.3981747e-02  -4.5626673e+01
  2.2718862979595e+00   0.0000000e+00   0.0000000e+00   2.3184297e+01   0.0000000e+00   0.0000000e+00  -4.7228492e-02  -4.5626673e+01
  2.2767615904444e+00   0.0000000e+00   0.0000000e+00   2.3193128e+01   0.0000000e+00   0.0000000e+00  -5.0356363e-02  -4.5626673e+01
  2.2816368829293e+00   0.0000000e+00   0.0000000e+00   2.3201921e+01   0.0000000e+00   0.0000000e+00  -5.3369209e-02  -4.5626673e+01
  2.2865121754142e+00   0.0000000e+00   0.0000000e+00   2.3210700e+01   0.0000000e+00   0.0000000e+00  -5.6311376e-02  -4.5626673e+01
  2.2913874678991e+00   0.0000000e+00   0.0000000e+00   2.3219563e+01   0.0000000e+00   0.0000000e+00  -5.9278067e-02  -4.5626673e+01
  2.2962627603840e+00   0.0000000e+00   0.0000000e+00   2.3228674e+01   0.0000000e+00   0.0000000e+00  -6.2401209e-02  -4.5626673e+01
  2.3011380528689e+00   0.0000000e+00   0.0000000e+00   2.3238210e+01   0.0000000e+00   0.0000000e+00  -6.5809302e-02  -4.5626673e+01
  2.3060133453537e+00   0.0000000e+00   0.0000000e+00   2.3248302e+01   0.0000000e+00   0.0000000e+00  -6.9581102e-02  -4.5626673e+01
  2.3108886378386e+00   0.0000000e+00   0.0000000e+00   2.3258981e+01   0.0000000e+00   0.0000000e+00  -7.3709745e-02  -4.5626673e+01
  2.3157639303235e+00   0.0000000e+00   0.0000000e+00   2.3270145e+01   0.0000000e+00   0.0000000e+00  -7.8089519e-02  -4.5626673e+01
  2.3206392228084e+00   0.0000000e+00   0.0000000e+00   2.3281584e+01   0.0000000e+00   0.0000000e+00  -8.2541644e-02  -4.5626673e+01
  2.3255145152933e+00   0.0000000e+00   0.0000000e+00   2.3293050e+01   0.0000000e+00   0.0000000e+00  -8.6877467e-02  -4.5626673e+01
  2.3303898077782e+00   0.0000000e+00   0.0000000e+00   2.3304342e+01   0.0000000e+00   0.0000000e+00  -9.0960003e-02  -4.5626673e+01
  2.3352651002631e+00   0.0000000e+00   0.0000000e+00   2.3315349e+01   0.0000000e+00   0.0000000e+00  -9.4729854e-02  -4.5626673e+01
  2.3401403927480e+00   0.0000000e+00   0.0000000e+00   2.3326066e+01   0.0000000e+00   0.0000000e+00  -9.8204503e-02  -4.5626673e+01
  2.3450156852329e+00   0.0000000e+00   0.0000000e+00   2.3336580e+01   0.0000000e+00   0.0000000e+00  -1.0145969e-01  -4.5626673e+01
  2.3498909777178e+00   0.0000000e+00   0.0000000e+00   2.3347020e+01   0.0000000e+00   0.0000000e+00  -1.0459177e-01  -4.5626673e+01
  2.3547662702027e+00   0.0000000e+00   0.0000000e+00   2.3357500e+01   0.0000000e+00   0.0000000e+00  -1.0767948e-01  -4.5626673e+01
  2.3596415626876e+00   0.0000000e+00   0.0000000e+00   2.3368074e+01   0.0000000e+00   0.0000000e+00  -1.1075849e-01  -4.5626673e+01
  2.3645168551724e+00   0.0000000e+00   0.0000000e+00   2.3378713e+01   0.0000000e+00   0.0000000e+00  -1.1381352e-01  -4.5626673e+01
  2.3693921476573e+00   0.0000000e+00   0.0000000e+00   2.3389316e+01   0.0000000e+00   0.0000000e+00  -1.1678304e-01  -4.5626673e+01
  2.3742674401422e+00   0.0000000e+00   0.0000000e+00   2.3399737e+01   0.0000000e+00   0.0000000e+00  -1.1957390e-01  -4.5626673e+01
  2.3791427326271e+00   0.0000000e+00   0.0000000e+00   2.3409846e+01   0.0000000e+00   0.0000000e+00  -1.2209157e-01  -4.5626673e+01
  2.3840180251120e+00   0.0000000e+00   0.0000000e+00   2.3419565e+01   0.0000000e+00   0.0000000e+00  -1.2427618e-01  -4.5626673e+01
  2.3888933175969e+00   0.0000000e+00   0.0000000e+00   2.3428896e+01   0.0000000e+00   0.0000000e+00  -1.2612045e-01  -4.5626673e+01
  2.3937686100818e+00   0.0000000e+00   0.0000000e+00   2.3437913e+01   0.0000000e+00   0.0000000e+00  -1.2767594e-01  -4.5626673e+01
  2.3986439025667e+00   0.0000000e+00   0.0000000e+00   2.3446765e+01   0.0000000e+00   0.0000000e+00  -1.2904936e-01  -4.5626673e+01
  2.4035191950516e+00   0.0000000e+00   0.0000000e+00   2.3455599e+01   0.0000000e+00   0.0000000e+00  -1.3034882e-01  -4.5626673e+01
  2.4083944875365e+00   0.0000000e+00   0.0000000e+00   2.3464500e+01   0.0000000e+00   0.0000000e+00  -1.3162837e-01  -4.5626673e+01
  2.4132697800213e+00   0.0000000e+00   0.0000000e+00   2.3473483e+01   0.0000000e+00   0.0000000e+00  -1.3288877e-01  -4.5626673e+01
  2.4181450725062e+00   0.0000000e+00   0.0000000e+00   2.3482495e+01   0.0000000e+00   0.0000000e+00  -1.3408030e-01  -4.5626673e+01
  2.4230203649911e+00   0.0000000e+00   0.0000000e+00   2.3491434e+01   0.0000000e+00   0.0000000e+00  -1.3511286e-01  -4.5626673e+01
  2.4278956574760e+00   0.0000000e+00   0.0000000e+00   2.3500206e+01   0.0000000e+00   0.0000000e+00  -1.3590064e-01  -4.5626673e+01
  2.4327709499609e+00   0.0000000e+00   0.0000000e+00   2.3508780e+01   0.0000000e+00   0.0000000e+00  -1.3641802e-01  -4.5626673e+01
  2.4376462424458e+00   0.0000000e+00   0.0000000e+00   2.3517255e+01   0.0000000e+00   0.0000000e+00  -1.3675298e-01  -4.5626673e+01
  2.4425215349307e+00   0.0000000e+00   0.0000000e+00   2.3525851e+01   0.0000000e+00   0.0000000e+00  -1.3710187e-01  -4.5626673e+01
  2.4473968274156e+00   0.0000000e+00   0.0000000e+00   2.3534791e+01   0.0000000e+00   0.0000000e+00  -1.3766224e-01  -4.5626673e+01
  2.4522721199005e+00   0.0000000e+00   0.0000000e+00   2.3544189e+01   0.0000000e+00   0.0000000e+00  -1.3851195e-01  -4.5626673e+01
  2.4571474123854e+00   0.0000000e+00   0.0000000e+00   2.3554011e+01   0.0000000e+00   0.0000000e+00  -1.3958874e-01  -4.5626673e+01
  2.4620227048703e+00   0.0000000e+00   0.0000000e+00   2.3564147e+01   0.0000000e+00   0.0000000e+00  -1.4076356e-01  -4.5626673e+01
  2.4668979973552e+00   0.0000000e+00   0.0000000e+00   2.3574462e+01   0.0000000e+00   0.0000000e+00  -1.4189998e-01  -4.5626673e+01
  2.4717732898400e+00   0.0000000e+00   0.0000000e+00   2.3584815e+01   0.0000000e+00   0.0000000e+00  -1.4286111e-01  -4.5626673e+01
  2.4766485823249e+00   0.0000000e+00   0.0000000e+00   2.3595096e+01   0.0000000e+00   0.0000000e+00  -1.4352858e-01  -4.5626673e+01
  2.4815238748098e+00   0.0000000e+00   0.0000000e+00   2.3605325e+01   0.0000000e+00   0.0000000e+00  -1.4389314e-01  -4.5626673e+01
  2.4863991672947e+00   0.0000000e+00   0.0000000e+00   2.3615645e+01   0.0000000e+00   0.0000000e+00  -1.4405740e-01  -4.5626673e+01
  2.4912744597796e+00   0.0000000e+00   0.0000000e+00   2.3626181e+01   0.0000000e+00   0.0000000e+00  -1.4412002e-01  -4.5626673e+01
  2.4961497522645e+00   0.0000000e+00   0.0000000e+00   2.3637032e+01   0.0000000e+00   0.0000000e+00  -1.4418096e-01  -4.5626673e+01
  2.5010250447494e+00   0.0000000e+00   0.0000000e+00   2.3648319e+01   0.0000000e+00   0.0000000e+00  -1.4439835e-01  -4.5626673e+01
  2.5059003372343e+00   0.0000000e+00   0.0000000e+00   2.3660194e+01   0.0000000e+00   0.0000000e+00  -1.4497875e-01  -4.5626673e+01
  2.5107756297192e+00   0.0000000e+00   0.0000000e+00   2.3672683e+01   0.0000000e+00   0.0000000e+00  -1.4601153e-01  -4.5626673e+01
  2.5156509222041e+00   0.0000000e+00   0.0000000e+00   2.3685591e+01   0.0000000e+00   0.0000000e+00  -1.4733315e-01  -4.5626673e+01
  2.5205262146890e+00   0.0000000e+00   0.0000000e+00   2.3698573e+01   0.0000000e+00   0.0000000e+00  -1.4861297e-01  -4.5626673e+01
  2.5254015071739e+00   0.0000000e+00   0.0000000e+00   2.3711353e+01   0.0000000e+00   0.0000000e+00  -1.4957666e-01  -4.5626673e+01
  2.5302767996588e+00   0.0000000e+00   0.0000000e+00   2.3723957e+01   0.0000000e+00   0.0000000e+00  -1.5015267e-01  -4.5626673e+01
  2.5351520921436e+00   0.0000000e+00   0.0000000e+00   2.3736658e+01   0.0000000e+00   0.0000000e+00  -1.5040928e-01  -4.5626673e+01
  2.5400273846285e+00   0.0000000e+00   0.0000000e+00   2.3749840e+01   0.0000000e+00   0.0000000e+00  -1.5052773e-01  -4.5626673e+01
  2.5449026771134e+00   0.0000000e+00   0.0000000e+00   2.3763897e+01   0.0000000e+00   0.0000000e+00  -1.5083629e-01  -4.5626673e+01
  2.5497779695983e+00   0.0000000e+00   0.0000000e+00   2.3778940e+01   0.0000000e+00   0.0000000e+00  -1.5158776e-01  -4.5626673e+01
  2.5546532620832e+00   0.0000000e+00   0.0000000e+00   2.3794614e+01   0.0000000e+00   0.0000000e+00  -1.5267741e-01  -4.5626673e+01
  2.5595285545681e+00   0.0000000e+00   0.0000000e+00   2.3810345e+01   0.0000000e+00   0.0000000e+00  -1.5371882e-01  -4.5626673e+01
  2.5644038470530e+00   0.0000000e+00   0.0000000e+00   2.3825928e+01   0.0000000e+00   0.0000000e+00  -1.5453655e-01  -4.5626673e+01
  2.5692791395379e+00   0.0000000e+00   0.0000000e+00   2.3841818e+01   0.0000000e+00   0.0000000e+00  -1.5540551e-01  -4.5626673e+01
  2.5741544320228e+00   0.0000000e+00   0.0000000e+00   2.3858434e+01   0.0000000e+00   0.0000000e+00  -1.5649684e-01  -4.5626673e+01
  2.5790297245077e+00   0.0000000e+00   0.0000000e+00   2.3875700e+01   0.0000000e+00   0.0000000e+00  -1.5762413e-01  -4.5626673e+01
  2.5839050169926e+00   0.0000000e+00   0.0000000e+00   2.3893597e+01   0.0000000e+00   0.0000000e+00  -1.5875010e-01  -4.5626673e+01
  2.5887803094775e+00   0.0000000e+00   0.0000000e+00   2.3912713e+01   0.0000000e+00   0.0000000e+00  -1.6035513e-01  -4.5626673e+01
  2.5936556019623e+00   0.0000000e+00   0.0000000e+00   2.3933344e+01   0.0000000e+00   0.0000000e+00  -1.6264860e-01  -4.5626673e+01
  2.5985308944472e+00   0.0000000e+00   0.0000000e+00   2.3954341e+01   0.0000000e+00   0.0000000e+00  -1.6462933e-01  -4.5626673e+01
  2.6034061869321e+00   0.0000000e+00   0.0000000e+00   2.3974762e+01   0.0000000e+00   0.0000000e+00  -1.6549646e-01  -4.5626673e+01
  2.6082814794170e+00   0.0000000e+00   0.0000000e+00   2.3995575e+01   0.0000000e+00   0.0000000e+00  -1.6608124e-01  -4.5626673e+01
  2.6131567719019e+00   0.0000000e+00   0.0000000e+00   2.4018254e+01   0.0000000e+00   0.0000000e+00  -1.6746528e-01  -4.5626673e+01
  2.6180320643868e+00   0.0000000e+00   0.0000000e+00   2.4043035e+01   0.0000000e+00   0.0000000e+00  -1.6949619e-01  -4.5626673e+01
  2.6229073568717e+00   0.0000000e+00   0.0000000e+00   2.4069624e+01   0.0000000e+00   0.0000000e+00  -1.7185868e-01  -4.5626673e+01
  2.6277826493566e+00   0.0000000e+00   0.0000000e+00   2.4097820e+01   0.0000000e+00   0.0000000e+00  -1.7464780e-01  -4.5626673e+01
  2.6326579418415e+00   0.0000000e+00   0.0000000e+00   2.4126893e+01   0.0000000e+00   0.0000000e+00  -1.7732640e-01  -4.5626673e+01
  2.6375332343264e+00   0.0000000e+00   0.0000000e+00   2.4156504e+01   0.0000000e+00   0.0000000e+00  -1.7940965e-01  -4.5626673e+01
  2.6424085268113e+00   0.0000000e+00   0.0000000e+00   2.4187532e+01   0.0000000e+00   0.0000000e+00  -1.8144272e-01  -4.5626673e+01
  2.6472838192961e+00   0.0000000e+00   0.0000000e+00   2.4221496e+01   0.0000000e+00   0.0000000e+00  -1.8439012e-01  -4.5626673e+01
  2.6521591117810e+00   0.0000000e+00   0.0000000e+00   2.4258223e+01   0.0000000e+00   0.0000000e+00  -1.8824777e-01  -4.5626673e+01
  2.6570344042659e+00   0.0000000e+00   0.0000000e+00   2.4295731e+01   0.0000000e+00   0.0000000e+00  -1.9149432e-01  -4.5626673e+01
  2.6619096967508e+00   0.0000000e+00   0.0000000e+00   2.4333667e+01   0.0000000e+00   0.0000000e+00  -1.9309866e-01  -4.5626673e+01
  2.6667849892357e+00   0.0000000e+00   0.0000000e+00   2.4374861e+01   0.0000000e+00   0.0000000e+00  -1.9435521e-01  -4.5626673e+01
  2.6716602817206e+00   0.0000000e+00   0.0000000e+00   2.4421841e+01   0.0000000e+00   0.0000000e+00  -1.9754961e-01  -4.5626673e+01
  2.6765355742055e+00   0.0000000e+00   0.0000000e+00   2.4475365e+01   0.0000000e+00   0.0000000e+00  -2.0364407e-01  -4.5626673e+01
  2.6814108666904e+00   0.0000000e+00   0.0000000e+00   2.4531463e+01   0.0000000e+00   0.0000000e+00  -2.0996480e-01  -4.5626673e+01
  2.6862861591753e+00   0.0000000e+00   0.0000000e+00   2.4588396e+01   0.0000000e+00   0.0000000e+00  -2.1426483e-01  -4.5626673e+01
  2.6911614516602e+00   0.0000000e+00   0.0000000e+00   2.4652380e+01   0.0000000e+00   0.0000000e+00  -2.2031198e-01  -4.5626673e+01
  2.6960367441451e+00   0.0000000e+00   0.0000000e+00   2.4724866e+01   0.0000000e+00   0.0000000e+00  -2.2848364e-01  -4.5626673e+01
  2.7009120366300e+00   0.0000000e+00   0.0000000e+00   2.4806024e+01   0.0000000e+00   0.0000000e+00  -2.3744037e-01  -4.5626673e+01
  2.7057873291148e+00   0.0000000e+00   0.0000000e+00   2.4901068e+01   0.0000000e+00   0.0000000e+00  -2.4903297e-01  -4.5626673e+01
  2.7106626215997e+00   0.0000000e+00   0.0000000e+00   2.4997993e+01   0.0000000e+00   0.0000000e+00  -2.5403927e-01  -4.5626673e+01
  2.7155379140846e+00   0.0000000e+00   0.0000000e+00   2.5098498e+01   0.0000000e+00   0.0000000e+00  -2.5247776e-01  -4.5626673e+01
  2.7204132065695e+00   0.0000000e+00   0.0000000e+00   2.5222282e+01   0.0000000e+00   0.0000000e+00  -2.5615515e-01  -4.5626673e+01
  2.7252884990544e+00   0.0000000e+00   0.0000000e+00   2.5391202e+01   0.0000000e+00   0.0000000e+00  -2.7050698e-01  -4.5626673e+01
  2.7301637915393e+00   0.0000000e+00   0.0000000e+00   2.5654886e+01   0.0000000e+00   0.0000000e+00  -3.1878875e-01  -4.5626673e+01
  2.7350390840242e+00   0.0000000e+00   0.0000000e+00   2.6116697e+01   0.0000000e+00   0.0000000e+00  -3.8734796e-01  -4.5626673e+01
  2.7399143765091e+00   9.0230975e-05   7.5741237e-02   2.6447829e+01  -1.3925069e-06  -1.1684541e-03  -4.0800859e-01  -4.5626673e+01
  2.7447896689940e+00   8.5289389e-04   2.3006101e-01   2.6409785e+01  -1.3252865e-05  -3.6247689e-03  -4.1610427e-01  -4.5626673e+01
  2.7496649614789e+00   2.3113238e-03   3.5481457e-01   2.6352187e+01  -3.7191687e-05  -6.0972074e-03  -4.5284145e-01  -4.5626673e+01
  2.7545402539638e+00   4.2279530e-03   4.2201627e-01   2.6282691e+01  -7.2504950e-05  -8.2226288e-03  -5.1209592e-01  -4.5626673e+01
  2.7594155464487e+00   6.3996233e-03   4.6839029e-01   2.6208045e+01  -1.1644072e-04  -9.7081108e-03  -5.4320213e-01  -4.5626673e+01
  2.7642908389336e+00   8.8046413e-03   5.1606043e-01   2.6126638e+01  -1.6694817e-04  -1.0907769e-02  -5.5222862e-01  -4.5626673e+01
  2.7691661314184e+00   1.1447753e-02   5.6623493e-01   2.6037861e+01  -2.2174595e-04  -1.1421268e-02  -5.2519788e-01  -4.5626673e+01
  2.7740414239033e+00   1.4343458e-02   6.2092246e-01   2.5940178e+01  -2.7957489e-04  -1.2438178e-02  -5.1962777e-01  -4.5626673e+01
  2.7789167163882e+00   1.7510954e-02   6.7627236e-01   2.5833479e+01  -3.4386643e-04  -1.3906216e-02  -5.3121485e-01  -4.5626673e+01
  2.7837920088731e+00   2.0942061e-02   7.2853065e-01   2.5718345e+01  -4.1549478e-04  -1.5376287e-02  -5.4280854e-01  -4.5626673e+01
  2.7886673013580e+00   2.4611099e-02   7.7451197e-01   2.5595971e+01  -4.9322598e-04  -1.6437908e-02  -5.4323786e-01  -4.5626673e+01
  2.7935425938429e+00   2.8505244e-02   8.2179492e-01   2.5466640e+01  -5.7631410e-04  -1.7653644e-02  -5.4706956e-01  -4.5626673e+01
  2.7984178863278e+00   3.2626571e-02   8.6636157e-01   2.5330322e+01  -6.6539668e-04  -1.8803741e-02  -5.4977603e-01  -4.5626673e+01
  2.8032931788127e+00   3.6951999e-02   9.0655975e-01   2.5187563e+01  -7.5956553e-04  -1.9789652e-02  -5.4982930e-01  -4.5626673e+01
  2.8081684712976e+00   4.1470192e-02   9.4517824e-01   2.5038634e+01  -8.5840004e-04  -2.0704533e-02  -5.4848196e-01  -4.5626673e+01
  2.8130437637825e+00   4.6172928e-02   9.8300792e-01   2.4884034e+01  -9.6154496e-04  -2.1588158e-02  -5.4648639e-01  -4.5626673e+01
  2.8179190562674e+00   5.1061008e-02   1.0204620e+00   2.4723793e+01  -1.0689429e-03  -2.2409310e-02  -5.4293363e-01  -4.5626673e+01
  2.8227943487523e+00   5.6123281e-02   1.0546868e+00   2.4558190e+01  -1.1798212e-03  -2.3016687e-02  -5.3593936e-01  -4.5626673e+01
  2.8276696412371e+00   6.1345550e-02   1.0860817e+00   2.4387665e+01  -1.2930500e-03  -2.3402383e-02  -5.2549405e-01  -4.5626673e+01
  2.8325449337220e+00   6.6714062e-02   1.1149497e+00   2.4212598e+01  -1.4081072e-03  -2.3784779e-02  -5.1651776e-01  -4.5626673e+01
  2.8374202262069e+00   7.2216483e-02   1.1407982e+00   2.4033398e+01  -1.5248269e-03  -2.4064752e-02  -5.0697642e-01  -4.5626673e+01
  2.8422955186918e+00   7.7837673e-02   1.1643744e+00   2.3850603e+01  -1.6427565e-03  -2.4310939e-02  -4.9797603e-01  -4.5626673e+01
  2.8471708111767e+00   8.3572848e-02   1.1872255e+00   2.3664439e+01  -1.7617657e-03  -2.4464053e-02  -4.8763111e-01  -4.5626673e+01
  2.8520461036616e+00   8.9411805e-02   1.2069737e+00   2.3475229e+01  -1.8807592e-03  -2.4305604e-02  -4.7273575e-01  -4.5626673e+01
  2.8569213961465e+00   9.5340922e-02   1.2243267e+00   2.3283294e+01  -1.9984982e-03  -2.4013329e-02  -4.5666683e-01  -4.5626673e+01
  2.8617966886314e+00   1.0134779e-01   1.2390497e+00   2.3088933e+01  -2.1150749e-03  -2.3829575e-02  -4.4404957e-01  -4.5626673e+01
  2.8666719811163e+00   1.0742212e-01   1.2520153e+00   2.2892632e+01  -2.2307740e-03  -2.3624490e-02  -4.3196495e-01  -4.5626673e+01
  2.8715472736012e+00   1.1355163e-01   1.2615431e+00   2.2694827e+01  -2.3451197e-03  -2.3255180e-02  -4.1835456e-01  -4.5626673e+01
  2.8764225660861e+00   1.1971936e-01   1.2680445e+00   2.2496138e+01  -2.4569632e-03  -2.2602074e-02  -4.0097914e-01  -4.5626673e+01
  2.8812978585709e+00   1.2591218e-01   1.2717930e+00   2.2296996e+01  -2.5650667e-03  -2.1754889e-02  -3.8140536e-01  -4.5626673e+01
  2.8861731510558e+00   1.3211484e-01   1.2720641e+00   2.2097836e+01  -2.6687968e-03  -2.0814723e-02  -3.6158581e-01  -4.5626673e+01
  2.8910484435407e+00   1.3830847e-01   1.2683138e+00   2.1899186e+01  -2.7677735e-03  -1.9821188e-02  -3.4224013e-01  -4.5626673e+01
  2.8959237360256e+00   1.4447723e-01   1.2622801e+00   2.1701594e+01  -2.8619207e-03  -1.8835192e-02  -3.2382170e-01  -4.5626673e+01
  2.9007990285105e+00   1.5061223e-01   1.2541784e+00   2.1505365e+01  -2.9512503e-03  -1.7831821e-02  -3.0576179e-01  -4.5626673e+01
  2.9056743209954e+00   1.5669531e-01   1.2407122e+00   2.1311222e+01  -3.0352544e-03  -1.6629910e-02  -2.8564538e-01  -4.5626673e+01
  2.9105496134803e+00   1.6269900e-01   1.2219407e+00   2.1120064e+01  -3.1130512e-03  -1.5317662e-02  -2.6475100e-01  -4.5626673e+01
  2.9154249059652e+00   1.6859668e-01   1.1972985e+00   2.0932790e+01  -3.1841662e-03  -1.3885583e-02  -2.4276651e-01  -4.5626673e+01
  2.9203001984501e+00   1.7435791e-01   1.1660124e+00   2.0750467e+01  -3.2479860e-03  -1.2316539e-02  -2.1918630e-01  -4.5626673e+01
  2.9251754909350e+00   1.7994635e-01   1.1264421e+00   2.0574225e+01  -3.3038193e-03  -1.0671904e-02  -1.9492005e-01  -4.5626673e+01
  2.9300507834199e+00   1.8527292e-01   1.0544679e+00   2.0531188e+01  -3.3524073e-03  -9.3965477e-03  -1.8295700e-01  -4.5626673e+01
  2.9349260759048e+00   1.9024004e-01   9.8866759e-01   2.0531251e+01  -3.3959018e-03  -8.4602433e-03  -1.7569038e-01  -4.5626673e+01
  2.9398013683897e+00   1.9492574e-01   9.3814725e-01   2.0531358e+01  -3.4345445e-03  -7.4369351e-03  -1.6275737e-01  -4.5626673e+01
  2.9446766608745e+00   1.9941539e-01   9.0764408e-01   2.0531468e+01  -3.4684529e-03  -6.5528013e-03  -1.4822840e-01  -4.5626673e+01
  2.9495519533594e+00   2.0378886e-01   8.8756665e-01   2.0531504e+01  -3.4992666e-03  -6.1876627e-03  -1.4313519e-01  -4.5626673e+01
  2.9544272458443e+00   2.0806480e-01   8.6736485e-01   2.0531504e+01  -3.5290367e-03  -6.0484068e-03  -1.4317261e-01  -4.5626673e+01
  2.9593025383292e+00   2.1224356e-01   8.4766607e-01   2.0531476e+01  -3.5585426e-03  -6.0723999e-03  -1.4708072e-01  -4.5626673e+01
  2.9641778308141e+00   2.1632629e-01   8.2797329e-01   2.0531486e+01  -3.5877543e-03  -5.8741896e-03  -1.4566393e-01  -4.5626673e+01
  2.9690531232990e+00   2.2031664e-01   8.0984285e-01   2.0531512e+01  -3.6156998e-03  -5.5990143e-03  -1.4194881e-01  -4.5626673e+01
  2.9739284157839e+00   2.2422129e-01   7.9274588e-01   2.0531541e+01  -3.6422563e-03  -5.3177374e-03  -1.3772553e-01  -4.5626673e+01
  2.9788037082688e+00   2.2804700e-01   7.7745723e-01   2.0531548e+01  -3.6677814e-03  -5.1762571e-03  -1.3669764e-01  -4.5626673e+01
  2.9836790007537e+00   2.3179996e-01   7.6262395e-01   2.0531560e+01  -3.6926428e-03  -5.0101972e-03  -1.3488583e-01  -4.5626673e+01
  2.9885542932386e+00   2.3548234e-01   7.4873624e-01   2.0531578e+01  -3.7165588e-03  -4.8180697e-03  -1.3211939e-01  -4.5626673e+01
  2.9934295857235e+00   2.3910056e-01   7.3608700e-01   2.0531588e+01  -3.7397020e-03  -4.6819068e-03  -1.3059187e-01  -4.5626673e+01
  2.9983048782084e+00   2.4265884e-01   7.2423217e-01   2.0531602e+01  -3.7621474e-03  -4.5287667e-03  -1.2838816e-01  -4.5626673e+01
  3.0031801706932e+00   2.4616171e-01   7.1317290e-01   2.0531612e+01  -3.7838834e-03  -4.4015797e-03  -1.2671755e-01  -4.5626673e+01
  3.0080554631781e+00   2.4961199e-01   7.0278411e-01   2.0531618e+01  -3.8050978e-03  -4.3025417e-03  -1.2569741e-01  -4.5626673e+01
  3.0129307556630e+00   2.5301470e-01   6.9362849e-01   2.0531626e+01  -3.8258067e-03  -4.2024744e-03  -1.2439459e-01  -4.5626673e+01
  3.0178060481479e+00   2.5637558e-01   6.8548299e-01   2.0531631e+01  -3.8461143e-03  -4.1268695e-03  -1.2360826e-01  -4.5626673e+01
  3.0226813406328e+00   2.5969754e-01   6.7754867e-01   2.0531643e+01  -3.8659533e-03  -4.0125028e-03  -1.2159020e-01  -4.5626673e+01
  3.0275566331177e+00   2.6298080e-01   6.6960484e-01   2.0531652e+01  -3.8852610e-03  -3.9175147e-03  -1.2012017e-01  -4.5626673e+01
  3.0324319256026e+00   2.6622448e-01   6.6120988e-01   2.0531656e+01  -3.9041703e-03  -3.8435470e-03  -1.1934847e-01  -4.5626673e+01
  3.0373072180875e+00   2.6942576e-01   6.5234676e-01   2.0531657e+01  -3.9227571e-03  -3.7894311e-03  -1.1926678e-01  -4.5626673e+01
  3.0421825105724e+00   2.7258454e-01   6.4390077e-01   2.0531649e+01  -3.9411955e-03  -3.7811753e-03  -1.2056790e-01  -4.5626673e+01
  3.0470578030573e+00   2.7570463e-01   6.3649318e-01   2.0531643e+01  -3.9596168e-03  -3.7696298e-03  -1.2159862e-01  -4.5626673e+01
  3.0519330955422e+00   2.7879085e-01   6.2985311e-01   2.0531644e+01  -3.9778903e-03  -3.7253840e-03  -1.2143825e-01  -4.5626673e+01
  3.0568083880270e+00   2.8184527e-01   6.2339801e-01   2.0531649e+01  -3.9959065e-03  -3.6631264e-03  -1.2064527e-01  -4.5626673e+01
  3.0616836805119e+00   2.8486802e-01   6.1677151e-01   2.0531657e+01  -4.0135589e-03  -3.5804540e-03  -1.1918945e-01  -4.5626673e+01
  3.0665589729968e+00   2.8785732e-01   6.0974514e-01   2.0531663e+01  -4.0308274e-03  -3.5085233e-03  -1.1814087e-01  -4.5626673e+01
  3.0714342654817e+00   2.9081233e-01   6.0274393e-01   2.0531669e+01  -4.0477559e-03  -3.4365323e-03  -1.1706090e-01  -4.5626673e+01
  3.0763095579666e+00   2.9373394e-01   5.9614556e-01   2.0531678e+01  -4.0643083e-03  -3.3558005e-03  -1.1557616e-01  -4.5626673e+01
  3.0811848504515e+00   2.9662559e-01   5.9041267e-01   2.0531687e+01  -4.0804658e-03  -3.2762606e-03  -1.1393244e-01  -4.5626673e+01
  3.0860601429364e+00   2.9949056e-01   5.8509775e-01   2.0531695e+01  -4.0962546e-03  -3.2046637e-03  -1.1245502e-01  -4.5626673e+01
  3.0909354354213e+00   3.0233004e-01   5.7995463e-01   2.0531700e+01  -4.1117326e-03  -3.1519096e-03  -1.1158470e-01  -4.5626673e+01
  3.0958107279062e+00   3.0514504e-01   5.7504279e-01   2.0531698e+01  -4.1270397e-03  -3.1332134e-03  -1.1187027e-01  -4.5626673e+01
  3.1006860203911e+00   3.0793625e-01   5.7013322e-01   2.0531692e+01  -4.1423187e-03  -3.1378442e-03  -1.1300035e-01  -4.5626673e+01
  3.1055613128760e+00   3.1070320e-01   5.6516193e-01   2.0531683e+01  -4.1576638e-03  -3.1574493e-03  -1.1470650e-01  -4.5626673e+01
  3.1104366053608e+00   3.1344693e-01   5.6062460e-01   2.0531675e+01  -4.1730927e-03  -3.1684549e-03  -1.1603787e-01  -4.5626673e+01
  3.1153118978457e+00   3.1616917e-01   5.5626842e-01   2.0531672e+01  -4.1885275e-03  -3.1607518e-03  -1.1666224e-01  -4.5626673e+01
  3.1201871903306e+00   3.1887017e-01   5.5191677e-01   2.0531672e+01  -4.2038788e-03  -3.1342341e-03  -1.1659560e-01  -4.5626673e+01
  3.1250624828155e+00   3.2154983e-01   5.4748829e-01   2.0531677e+01  -4.2190462e-03  -3.0860430e-03  -1.1573149e-01  -4.5626673e+01
  3.1299377753004e+00   3.2420769e-01   5.4300764e-01   2.0531685e+01  -4.2339384e-03  -3.0247943e-03  -1.1437062e-01  -4.5626673e+01
  3.1348130677853e+00   3.2684379e-01   5.3855363e-01   2.0531691e+01  -4.2485389e-03  -2.9678662e-03  -1.1314623e-01  -4.5626673e+01
  3.1396883602702e+00   3.2945825e-01   5.3414306e-01   2.0531697e+01  -4.2628766e-03  -2.9168035e-03  -1.1211776e-01  -4.5626673e+01
  3.1445636527551e+00   3.3205158e-01   5.2990225e-01   2.0531700e+01  -4.2769959e-03  -2.8798750e-03  -1.1158422e-01  -4.5626673e+01
  3.1494389452400e+00   3.3462464e-01   5.2577943e-01   2.0531700e+01  -4.2909788e-03  -2.8588008e-03  -1.1163624e-01  -4.5626673e+01
  3.1543142377249e+00   3.3717722e-01   5.2148050e-01   2.0531698e+01  -4.3048770e-03  -2.8435229e-03  -1.1195501e-01  -4.5626673e+01
  3.1591895302098e+00   3.3970887e-01   5.1728998e-01   2.0531696e+01  -4.3187009e-03  -2.8276120e-03  -1.1223042e-01  -4.5626673e+01
  3.1640648226947e+00   3.4222108e-01   5.1346245e-01   2.0531695e+01  -4.3324438e-03  -2.8108689e-03  -1.1239752e-01  -4.5626673e+01
  3.1689401151795e+00   3.4471511e-01   5.0983086e-01   2.0531695e+01  -4.3461068e-03  -2.7946071e-03  -1.1254324e-01  -4.5626673e+01
  3.1738154076644e+00   3.4719213e-01   5.0646801e-01   2.0531694e+01  -4.3596879e-03  -2.7768401e-03  -1.1257025e-01  -4.5626673e+01
  3.1786907001493e+00   3.4965310e-01   5.0322001e-01   2.0531695e+01  -4.3731731e-03  -2.7557468e-03  -1.1243622e-01  -4.5626673e+01
  3.1835659926342e+00   3.5209843e-01   5.0005264e-01   2.0531696e+01  -4.3865591e-03  -2.7366160e-03  -1.1236290e-01  -4.5626673e+01
  3.1884412851191e+00   3.5452844e-01   4.9691531e-01   2.0531697e+01  -4.3998472e-03  -2.7141079e-03  -1.1214233e-01  -4.5626673e+01
  3.1933165776040e+00   3.5694302e-01   4.9371243e-01   2.0531699e+01  -4.4130142e-03  -2.6887528e-03  -1.1181542e-01  -4.5626673e+01
  3.1981918700889e+00   3.5934173e-01   4.9040766e-01   2.0531699e+01  -4.4260693e-03  -2.6684495e-03  -1.1171890e-01  -4.5626673e+01
  3.2030671625738e+00   3.6172406e-01   4.8699661e-01   2.0531698e+01  -4.4390402e-03  -2.6542508e-03  -1.1190279e-01  -4.5626673e+01
  3.2079424550587e+00   3.6408968e-01   4.8359966e-01   2.0531696e+01  -4.4519564e-03  -2.6451148e-03  -1.1230093e-01  -4.5626673e+01
  3.2128177475436e+00   3.6643940e-01   4.8047606e-01   2.0531694e+01  -4.4648337e-03  -2.6382757e-03  -1.1273874e-01  -4.5626673e+01
  3.2176930400285e+00   3.6877420e-01   4.7742889e-01   2.0531691e+01  -4.4776832e-03  -2.6329393e-03  -1.1322879e-01  -4.5626673e+01
  3.2225683325134e+00   3.7109421e-01   4.7443961e-01   2.0531690e+01  -4.4904945e-03  -2.6212611e-03  -1.1343682e-01  -4.5626673e+01
  3.2274436249983e+00   3.7340004e-01   4.7158937e-01   2.0531691e+01  -4.5032208e-03  -2.5986816e-03  -1.1313938e-01  -4.5626673e+01
  3.2323189174831e+00   3.7569198e-01   4.6872504e-01   2.0531694e+01  -4.5158225e-03  -2.5721230e-03  -1.1266742e-01  -4.5626673e+01
  3.2371942099680e+00   3.7796990e-01   4.6584386e-01   2.0531695e+01  -4.5283057e-03  -2.5507948e-03  -1.1242424e-01  -4.5626673e+01
  3.2420695024529e+00   3.8023375e-01   4.6296675e-01   2.0531695e+01  -4.5407046e-03  -2.5375817e-03  -1.1253692e-01  -4.5626673e+01
  3.2469447949378e+00   3.8248401e-01   4.6031088e-01   2.0531692e+01  -4.5530611e-03  -2.5326773e-03  -1.1296746e-01  -4.5626673e+01
  3.2518200874227e+00   3.8472223e-01   4.5799928e-01   2.0531689e+01  -4.5654056e-03  -2.5319372e-03  -1.1350443e-01  -4.5626673e+01
  3.2566953799076e+00   3.8694971e-01   4.5588327e-01   2.0531686e+01  -4.5777539e-03  -2.5341289e-03  -1.1412996e-01  -4.5626673e+01
  3.2615706723925e+00   3.8916748e-01   4.5403549e-01   2.0531682e+01  -4.5901214e-03  -2.5401693e-03  -1.1486756e-01  -4.5626673e+01
  3.2664459648774e+00   3.9137687e-01   4.5237783e-01   2.0531676e+01  -4.6025365e-03  -2.5537803e-03  -1.1590619e-01  -4.5626673e+01
  3.2713212573623e+00   3.9357783e-01   4.5054381e-01   2.0531669e+01  -4.6150315e-03  -2.5712283e-03  -1.1717308e-01  -4.5626673e+01
  3.2761965498472e+00   3.9576919e-01   4.4844912e-01   2.0531663e+01  -4.6275980e-03  -2.5817068e-03  -1.1820010e-01  -4.5626673e+01
  3.2810718423321e+00   3.9794967e-01   4.4608999e-01   2.0531659e+01  -4.6401861e-03  -2.5806992e-03  -1.1877881e-01  -4.5626673e+01
  3.2859471348170e+00   4.0011815e-01   4.4355720e-01   2.0531657e+01  -4.6527508e-03  -2.5737162e-03  -1.1913381e-01  -4.5626673e+01
  3.2908224273018e+00   4.0227416e-01   4.4099342e-01   2.0531655e+01  -4.6652844e-03  -2.5690824e-03  -1.1961066e-01  -4.5626673e+01
  3.2956977197867e+00   4.0441771e-01   4.3845025e-01   2.0531650e+01  -4.6778132e-03  -2.5718532e-03  -1.2043417e-01  -4.5626673e+01
  3.3005730122716e+00   4.0654897e-01   4.3594829e-01   2.0531643e+01  -4.6903724e-03  -2.5808106e-03  -1.2154717e-01  -4.5626673e+01
  3.3054483047565e+00   4.0866793e-01   4.3338124e-01   2.0531635e+01  -4.7029854e-03  -2.5933847e-03  -1.2286279e-01  -4.5626673e+01
  3.3103235972414e+00   4.1077416e-01   4.3075429e-01   2.0531627e+01  -4.7156616e-03  -2.6060453e-03  -1.2421548e-01  -4.5626673e+01
  3.3151988897263e+00   4.1286782e-01   4.2823305e-01   2.0531620e+01  -4.7283939e-03  -2.6164536e-03  -1.2544579e-01  -4.5626673e+01
  3.3200741822112e+00   4.1494926e-01   4.2571071e-01   2.0531613e+01  -4.7411715e-03  -2.6245444e-03  -1.2657922e-01  -4.5626673e+01
  3.3249494746961e+00   4.1701820e-01   4.2311579e-01   2.0531607e+01  -4.7539792e-03  -2.6287209e-03  -1.2755814e-01  -4.5626673e+01
  3.3298247671810e+00   4.1907444e-01   4.2049549e-01   2.0531602e+01  -4.7667967e-03  -2.6288110e-03  -1.2835738e-01  -4.5626673e+01
  3.3347000596659e+00   4.2111774e-01   4.1781123e-01   2.0531598e+01  -4.7796059e-03  -2.6255805e-03  -1.2902325e-01  -4.5626673e+01
  3.3395753521508e+00   4.2314777e-01   4.1504591e-01   2.0531594e+01  -4.7923940e-03  -2.6205904e-03  -1.2963602e-01  -4.5626673e+01
  3.3444506446356e+00   4.2516402e-01   4.1216710e-01   2.0531589e+01  -4.8051591e-03  -2.6165174e-03  -1.3033855e-01  -4.5626673e+01
  3.3493259371205e+00   4.2716618e-01   4.0929093e-01   2.0531584e+01  -4.8179092e-03  -2.6142100e-03  -1.3113868e-01  -4.5626673e+01
  3.3542012296054e+00   4.2915464e-01   4.0656318e-01   2.0531580e+01  -4.8306471e-03  -2.6109245e-03  -1.3185258e-01  -4.5626673e+01
  3.3590765220903e+00   4.3113039e-01   4.0408867e-01   2.0531577e+01  -4.8433585e-03  -2.6028438e-03  -1.3224941e-01  -4.5626673e+01
  3.3639518145752e+00   4.3309491e-01   4.0193824e-01   2.0531578e+01  -4.8560123e-03  -2.5874521e-03  -1.3217074e-01  -4.5626673e+01
  3.3688271070601e+00   4.3504944e-01   3.9993775e-01   2.0531581e+01  -4.8685744e-03  -2.5656947e-03  -1.3171492e-01  -4.5626673e+01
  3.3737023995450e+00   4.3699403e-01   3.9784325e-01   2.0531585e+01  -4.8810164e-03  -2.5384095e-03  -1.3100026e-01  -4.5626673e+01
  3.3785776920299e+00   4.3892816e-01   3.9566329e-01   2.0531591e+01  -4.8933132e-03  -2.5067616e-03  -1.3007981e-01  -4.5626673e+01
  3.3834529845148e+00   4.4085165e-01   3.9350266e-01   2.0531597e+01  -4.9054535e-03  -2.4750875e-03  -1.2914144e-01  -4.5626673e+01
  3.3883282769997e+00   4.4276495e-01   3.9149425e-01   2.0531601e+01  -4.9174524e-03  -2.4496834e-03  -1.2847168e-01  -4.5626673e+01
  3.3932035694846e+00   4.4466894e-01   3.8966394e-01   2.0531602e+01  -4.9293549e-03  -2.4356682e-03  -1.2833667e-01  -4.5626673e+01
  3.3980788619695e+00   4.4656417e-01   3.8787186e-01   2.0531599e+01  -4.9412208e-03  -2.4340659e-03  -1.2884478e-01  -4.5626673e+01
  3.4029541544544e+00   4.4845039e-01   3.8594954e-01   2.0531592e+01  -4.9531038e-03  -2.4415692e-03  -1.2988564e-01  -4.5626673e+01
  3.4078294469392e+00   4.5032684e-01   3.8388917e-01   2.0531584e+01  -4.9650343e-03  -2.4523291e-03  -1.3115817e-01  -4.5626673e+01
  3.4127047394241e+00   4.5219337e-01   3.8192335e-01   2.0531577e+01  -4.9770109e-03  -2.4593816e-03  -1.3221235e-01  -4.5626673e+01
  3.4175800319090e+00   4.5405089e-01   3.8017302e-01   2.0531574e+01  -4.9889997e-03  -2.4571314e-03  -1.3269952e-01  -4.5626673e+01
  3.4224553243939e+00   4.5590001e-01   3.7843427e-01   2.0531575e+01  -5.0009515e-03  -2.4448009e-03  -1.3264024e-01  -4.5626673e+01
  3.4273306168788e+00   4.5774029e-01   3.7653935e-01   2.0531577e+01  -5.0128239e-03  -2.4254360e-03  -1.3225185e-01  -4.5626673e+01
  3.4322059093637e+00   4.5957090e-01   3.7447886e-01   2.0531580e+01  -5.0245935e-03  -2.4035770e-03  -1.3178109e-01  -4.5626673e+01
  3.4370812018486e+00   4.6139117e-01   3.7232203e-01   2.0531582e+01  -5.0362609e-03  -2.3842682e-03  -1.3147973e-01  -4.5626673e+01
  3.4419564943335e+00   4.6320108e-01   3.7026947e-01   2.0531582e+01  -5.0478502e-03  -2.3716595e-03  -1.3150941e-01  -4.5626673e+01
  3.4468317868184e+00   4.6500184e-01   3.6860271e-01   2.0531580e+01  -5.0593945e-03  -2.3651789e-03  -1.3174309e-01  -4.5626673e+01
  3.4517070793033e+00   4.6679579e-01   3.6744513e-01   2.0531579e+01  -5.0709169e-03  -2.3622769e-03  -1.3199596e-01  -4.5626673e+01
  3.4565823717882e+00   4.6858500e-01   3.6660206e-01   2.0531577e+01  -5.0824329e-03  -2.3624537e-03  -1.3230940e-01  -4.5626673e+01
  3.4614576642731e+00   4.7037030e-01   3.6579938e-01   2.0531574e+01  -5.0939559e-03  -2.3646454e-03  -1.3272273e-01  -4.5626673e+01
  3.4663329567579e+00   4.7215140e-01   3.6486108e-01   2.0531572e+01  -5.1054874e-03  -2.3653491e-03  -1.3310363e-01  -4.5626673e+01
  3.4712082492428e+00   4.7392726e-01   3.6364078e-01   2.0531570e+01  -5.1170103e-03  -2.3606888e-03  -1.3328716e-01  -4.5626673e+01
  3.4760835417277e+00   4.7569647e-01   3.6216824e-01   2.0531571e+01  -5.1284917e-03  -2.3484717e-03  -1.3313651e-01  -4.5626673e+01
  3.4809588342126e+00   4.7745832e-01   3.6065790e-01   2.0531575e+01  -5.1398961e-03  -2.3298321e-03  -1.3263295e-01  -4.5626673e+01
  3.4858341266975e+00   4.7921302e-01   3.5924256e-01   2.0531579e+01  -5.1512030e-03  -2.3095674e-03  -1.3199734e-01  -4.5626673e+01
  3.4907094191824e+00   4.8096107e-01   3.5791994e-01   2.0531581e+01  -5.1624208e-03  -2.2940136e-03  -1.3159291e-01  -4.5626673e+01
  3.4955847116673e+00   4.8270283e-01   3.5665852e-01   2.0531582e+01  -5.1735804e-03  -2.2852756e-03  -1.3155531e-01  -4.5626673e+01
  3.5004600041522e+00   4.8443858e-01   3.5544807e-01   2.0531581e+01  -5.1847078e-03  -2.2799115e-03  -1.3169346e-01  -4.5626673e+01
  3.5053352966371e+00   4.8616854e-01   3.5428464e-01   2.0531580e+01  -5.1958091e-03  -2.2740613e-03  -1.3178689e-01  -4.5626673e+01
  3.5102105891220e+00   4.8789313e-01   3.5327082e-01   2.0531581e+01  -5.2068758e-03  -2.2656091e-03  -1.3167387e-01  -4.5626673e+01
  3.5150858816069e+00   4.8961349e-01   3.5255285e-01   2.0531583e+01  -5.2178931e-03  -2.2539020e-03  -1.3126026e-01  -4.5626673e+01
  3.5199611740917e+00   4.9133096e-01   3.5203310e-01   2.0531588e+01  -5.2288463e-03  -2.2396449e-03  -1.3062256e-01  -4.5626673e+01
  3.5248364665766e+00   4.9304578e-01   3.5142826e-01   2.0531592e+01  -5.2397276e-03  -2.2248305e-03  -1.2998190e-01  -4.5626673e+01
  3.5297117590615e+00   4.9475705e-01   3.5057109e-01   2.0531594e+01  -5.2505408e-03  -2.2119890e-03  -1.2954765e-01  -4.5626673e+01
  3.5345870515464e+00   4.9646350e-01   3.4947405e-01   2.0531595e+01  -5.2612987e-03  -2.2019858e-03  -1.2936664e-01  -4.5626673e+01
  3.5394623440313e+00   4.9816423e-01   3.4824991e-01   2.0531596e+01  -5.2720132e-03  -2.1939384e-03  -1.2934693e-01  -4.5626673e+01
  3.5443376365162e+00   4.9985903e-01   3.4707279e-01   2.0531596e+01  -5.2826909e-03  -2.1865801e-03  -1.2935032e-01  -4.5626673e+01
  3.5492129290011e+00   5.0154852e-01   3.4607914e-01   2.0531597e+01  -5.2933287e-03  -2.1770347e-03  -1.2915543e-01  -4.5626673e+01
  3.5540882214860e+00   5.0323364e-01   3.4526058e-01   2.0531600e+01  -5.3039075e-03  -2.1621865e-03  -1.2857868e-01  -4.5626673e+01
  3.5589635139709e+00   5.0491505e-01   3.4454172e-01   2.0531607e+01  -5.3143977e-03  -2.1408618e-03  -1.2757623e-01  -4.5626673e+01
  3.5638388064558e+00   5.0659307e-01   3.4385708e-01   2.0531615e+01  -5.3247678e-03  -2.1131916e-03  -1.2617811e-01  -4.5626673e+01
  3.5687140989407e+00   5.0826764e-01   3.4311095e-01   2.0531626e+01  -5.3349892e-03  -2.0804090e-03  -1.2449086e-01  -4.5626673e+01
  3.5735893914256e+00   5.0993825e-01   3.4223695e-01   2.0531636e+01  -5.3450452e-03  -2.0462170e-03  -1.2275759e-01  -4.5626673e+01
  3.5784646839104e+00   5.1160436e-01   3.4127631e-01   2.0531645e+01  -5.3549428e-03  -2.0163172e-03  -1.2130437e-01  -4.5626673e+01
  3.5833399763953e+00   5.1326571e-01   3.4029606e-01   2.0531650e+01  -5.3647164e-03  -1.9955599e-03  -1.2040144e-01  -4.5626673e+01
  3.5882152688802e+00   5.1492230e-01   3.3932766e-01   2.0531651e+01  -5.3744164e-03  -1.9858996e-03  -1.2016055e-01  -4.5626673e+01
  3.5930905613651e+00   5.1657427e-01   3.3840531e-01   2.0531649e+01  -5.3840957e-03  -1.9862239e-03  -1.2050772e-01  -4.5626673e+01
  3.5979658538500e+00   5.1822197e-01   3.3757531e-01   2.0531646e+01  -5.3937922e-03  -1.9916942e-03  -1.2113670e-01  -4.5626673e+01
  3.6028411463349e+00   5.1986585e-01   3.3683309e-01   2.0531643e+01  -5.4035144e-03  -1.9958344e-03  -1.2165597e-01  -4.5626673e+01
  3.6077164388198e+00   5.2150625e-01   3.3614084e-01   2.0531642e+01  -5.4132442e-03  -1.9946493e-03  -1.2183412e-01  -4.5626673e+01
  3.6125917313047e+00   5.2314337e-01   3.3548421e-01   2.0531643e+01  -5.4229514e-03  -1.9866126e-03  -1.2158074e-01  -4.5626673e+01
  3.6174670237896e+00   5.2477730e-01   3.3482100e-01   2.0531647e+01  -5.4326012e-03  -1.9713892e-03  -1.2088808e-01  -4.5626673e+01
  3.6223423162745e+00   5.2640781e-01   3.3407393e-01   2.0531653e+01  -5.4421616e-03  -1.9506785e-03  -1.1988560e-01  -4.5626673e+01
  3.6272176087594e+00   5.2803444e-01   3.3324350e-01   2.0531659e+01  -5.4516156e-03  -1.9285544e-03  -1.1882129e-01  -4.5626673e+01
  3.6320929012442e+00   5.2965707e-01   3.3245521e-01   2.0531664e+01  -5.4609683e-03  -1.9096996e-03  -1.1793862e-01  -4.5626673e+01
  3.6369681937292e+00   5.3127629e-01   3.3186088e-01   2.0531668e+01  -5.4702441e-03  -1.8971774e-03  -1.1737514e-01  -4.5626673e+01
  3.6418434862140e+00   5.3289324e-01   3.3151362e-01   2.0531669e+01  -5.4794777e-03  -1.8921383e-03  -1.1718601e-01  -4.5626673e+01
  3.6467187786989e+00   5.3450901e-01   3.3135569e-01   2.0531668e+01  -5.4887036e-03  -1.8933080e-03  -1.1731433e-01  -4.5626673e+01
  3.6515940711838e+00   5.3612423e-01   3.3125853e-01   2.0531667e+01  -5.4979420e-03  -1.8963636e-03  -1.1753812e-01  -4.5626673e+01
  3.6564693636687e+00   5.3773881e-01   3.3108061e-01   2.0531666e+01  -5.5071898e-03  -1.8965835e-03  -1.1761492e-01  -4.5626673e+01
  3.6613446561536e+00   5.3935218e-01   3.3075761e-01   2.0531667e+01  -5.5164252e-03  -1.8911850e-03  -1.1739467e-01  -4.5626673e+01
  3.6662199486385e+00   5.4096358e-01   3.3028098e-01   2.0531671e+01  -5.5256176e-03  -1.8791379e-03  -1.1681520e-01  -4.5626673e+01
  3.6710952411234e+00   5.4257219e-01   3.2960520e-01   2.0531676e+01  -5.5347360e-03  -1.8613549e-03  -1.1594700e-01  -4.5626673e+01
  3.6759705336083e+00   5.4417686e-01   3.2866616e-01   2.0531681e+01  -5.5437587e-03  -1.8404568e-03  -1.1497281e-01  -4.5626673e+01
  3.6808458260932e+00   5.4577630e-01   3.2748088e-01   2.0531686e+01  -5.5526768e-03  -1.8187175e-03  -1.1402601e-01  -4.5626673e+01
  3.6857211185781e+00   5.4736961e-01   3.2618714e-01   2.0531692e+01  -5.5614883e-03  -1.7967184e-03  -1.1309357e-01  -4.5626673e+01
  3.6905964110630e+00   5.4895672e-01   3.2495639e-01   2.0531697e+01  -5.5701927e-03  -1.7750217e-03  -1.1215107e-01  -4.5626673e+01
  3.6954717035479e+00   5.5053823e-01   3.2390063e-01   2.0531701e+01  -5.5787964e-03  -1.7557761e-03  -1.1129670e-01  -4.5626673e+01
  3.7003469960327e+00   5.5211513e-01   3.2305442e-01   2.0531705e+01  -5.5873178e-03  -1.7414067e-03  -1.1067500e-01  -4.5626673e+01
  3.7052222885176e+00   5.5368836e-01   3.2238290e-01   2.0531706e+01  -5.5957850e-03  -1.7335456e-03  -1.1040489e-01  -4.5626673e+01
  3.7100975810025e+00   5.5525861e-01   3.2181329e-01   2.0531705e+01  -5.6042317e-03  -1.7327100e-03  -1.1054700e-01  -4.5626673e+01
  3.7149728734874e+00   5.5682615e-01   3.2125377e-01   2.0531703e+01  -5.6126891e-03  -1.7372684e-03  -1.1103085e-01  -4.5626673e+01
  3.7198481659723e+00   5.5839082e-01   3.2063187e-01   2.0531699e+01  -5.6211753e-03  -1.7438704e-03  -1.1166894e-01  -4.5626673e+01
  3.7247234584572e+00   5.5995230e-01   3.1995357e-01   2.0531696e+01  -5.6296924e-03  -1.7496789e-03  -1.1227840e-01  -4.5626673e+01
  3.7295987509421e+00   5.6151043e-01   3.1926295e-01   2.0531693e+01  -5.6382345e-03  -1.7543063e-03  -1.1281885e-01  -4.5626673e+01
  3.7344740434270e+00   5.6306521e-01   3.1858272e-01   2.0531690e+01  -5.6468005e-03  -1.7600264e-03  -1.1342836e-01  -4.5626673e+01
  3.7393493359119e+00   5.6461672e-01   3.1792319e-01   2.0531685e+01  -5.6554042e-03  -1.7701079e-03  -1.1431471e-01  -4.5626673e+01
  3.7442246283968e+00   5.6616511e-01   3.1730324e-01   2.0531678e+01  -5.6640723e-03  -1.7862366e-03  -1.1558166e-01  -4.5626673e+01
  3.7490999208816e+00   5.6771065e-01   3.1676667e-01   2.0531669e+01  -5.6728304e-03  -1.8061806e-03  -1.1707009e-01  -4.5626673e+01
  3.7539752133665e+00   5.6925393e-01   3.1638004e-01   2.0531662e+01  -5.6816843e-03  -1.8246614e-03  -1.1841243e-01  -4.5626673e+01
  3.7588505058514e+00   5.7079586e-01   3.1621304e-01   2.0531657e+01  -5.6906146e-03  -1.8372131e-03  -1.1928992e-01  -4.5626673e+01
  3.7637257983363e+00   5.7233756e-01   3.1626909e-01   2.0531655e+01  -5.6995878e-03  -1.8425407e-03  -1.1961463e-01  -4.5626673e+01
  3.7686010908212e+00   5.7387983e-01   3.1641169e-01   2.0531655e+01  -5.7085713e-03  -1.8420675e-03  -1.1953002e-01  -4.5626673e+01
  3.7734763833061e+00   5.7542256e-01   3.1642452e-01   2.0531656e+01  -5.7175439e-03  -1.8386456e-03  -1.1930314e-01  -4.5626673e+01
  3.7783516757910e+00   5.7696463e-01   3.1613074e-01   2.0531657e+01  -5.7264992e-03  -1.8355575e-03  -1.1921345e-01  -4.5626673e+01
  3.7832269682759e+00   5.7850433e-01   3.1546772e-01   2.0531656e+01  -5.7354464e-03  -1.8355153e-03  -1.1946125e-01  -4.5626673e+01
  3.7881022607608e+00   5.8004001e-01   3.1451112e-01   2.0531652e+01  -5.7444043e-03  -1.8399750e-03  -1.2011571e-01  -4.5626673e+01
  3.7929775532457e+00   5.8157060e-01   3.1341083e-01   2.0531646e+01  -5.7533963e-03  -1.8492649e-03  -1.2114595e-01  -4.5626673e+01
  3.7978528457306e+00   5.8309576e-01   3.1230568e-01   2.0531638e+01  -5.7624442e-03  -1.8626152e-03  -1.2245228e-01  -4.5626673e+01
  3.8027281382155e+00   5.8461573e-01   3.1128583e-01   2.0531629e+01  -5.7715642e-03  -1.8784122e-03  -1.2389534e-01  -4.5626673e+01
  3.8076034307003e+00   5.8613104e-01   3.1039543e-01   2.0531620e+01  -5.7807638e-03  -1.8950421e-03  -1.2535070e-01  -4.5626673e+01
  3.8124787231852e+00   5.8764239e-01   3.0966071e-01   2.0531612e+01  -5.7900431e-03  -1.9107073e-03  -1.2668672e-01  -4.5626673e+01
  3.8173540156701e+00   5.8915058e-01   3.0909206e-01   2.0531606e+01  -5.7993905e-03  -1.9226384e-03  -1.2771229e-01  -4.5626673e+01
  3.8222293081550e+00   5.9065638e-01   3.0867085e-01   2.0531603e+01  -5.8087806e-03  -1.9280438e-03  -1.2824609e-01  -4.5626673e+01
  3.8271046006399e+00   5.9216039e-01   3.0834336e-01   2.0531602e+01  -5.8181790e-03  -1.9265651e-03  -1.2828383e-01  -4.5626673e+01
  3.8319798931248e+00   5.9366287e-01   3.0802666e-01   2.0531604e+01  -5.8275588e-03  -1.9212328e-03  -1.2806031e-01  -4.5626673e+01
  3.8368551856097e+00   5.9516368e-01   3.0765294e-01   2.0531605e+01  -5.8369130e-03  -1.9168669e-03  -1.2792451e-01  -4.5626673e+01
  3.8417304780946e+00   5.9666246e-01   3.0719206e-01   2.0531603e+01  -5.8462582e-03  -1.9180639e-03  -1.2819643e-01  -4.5626673e+01
  3.8466057705795e+00   5.9815874e-01   3.0663594e-01   2.0531597e+01  -5.8556299e-03  -1.9276698e-03  -1.2907208e-01  -4.5626673e+01
  3.8514810630644e+00   5.9965210e-01   3.0599863e-01   2.0531588e+01  -5.8650703e-03  -1.9457247e-03  -1.3055227e-01  -4.5626673e+01
  3.8563563555493e+00   6.0114226e-01   3.0533409e-01   2.0531576e+01  -5.8746156e-03  -1.9701057e-03  -1.3247579e-01  -4.5626673e+01
  3.8612316480342e+00   6.0262931e-01   3.0474272e-01   2.0531562e+01  -5.8842904e-03  -1.9982828e-03  -1.3463116e-01  -4.5626673e+01
  3.8661069405191e+00   6.0411385e-01   3.0430854e-01   2.0531547e+01  -5.8941072e-03  -2.0279690e-03  -1.3682607e-01  -4.5626673e+01
  3.8709822330039e+00   6.0559669e-01   3.0402960e-01   2.0531533e+01  -5.9040673e-03  -2.0566409e-03  -1.3888776e-01  -4.5626673e+01
  3.8758575254888e+00   6.0707843e-01   3.0384018e-01   2.0531521e+01  -5.9141594e-03  -2.0818952e-03  -1.4068078e-01  -4.5626673e+01
  3.8807328179737e+00   6.0855928e-01   3.0365127e-01   2.0531511e+01  -5.9243632e-03  -2.1025648e-03  -1.4216582e-01  -4.5626673e+01
  3.8856081104586e+00   6.1003904e-01   3.0338202e-01   2.0531502e+01  -5.9346564e-03  -2.1187655e-03  -1.4338832e-01  -4.5626673e+01
  3.8904834029435e+00   6.1151718e-01   3.0299213e-01   2.0531495e+01  -5.9450191e-03  -2.1314793e-03  -1.4443430e-01  -4.5626673e+01
  3.8953586954284e+00   6.1299309e-01   3.0246474e-01   2.0531488e+01  -5.9554387e-03  -2.1424837e-03  -1.4543307e-01  -4.5626673e+01
  3.9002339879133e+00   6.1446603e-01   3.0177862e-01   2.0531480e+01  -5.9659116e-03  -2.1536278e-03  -1.4652187e-01  -4.5626673e+01
  3.9051092803982e+00   6.1593520e-01   3.0092339e-01   2.0531471e+01  -5.9764419e-03  -2.1660947e-03  -1.4778881e-01  -4.5626673e+01
  3.9099845728831e+00   6.1739985e-01   2.9993591e-01   2.0531460e+01  -5.9870378e-03  -2.1805532e-03  -1.4926502e-01  -4.5626673e+01
  3.9148598653680e+00   6.1885950e-01   2.9889230e-01   2.0531448e+01  -5.9977099e-03  -2.1973300e-03  -1.5093854e-01  -4.5626673e+01
  3.9197351578529e+00   6.2031407e-01   2.9785967e-01   2.0531435e+01  -6.0084691e-03  -2.2160144e-03  -1.5274963e-01  -4.5626673e+01
  3.9246104503378e+00   6.2176375e-01   2.9689221e-01   2.0531421e+01  -6.0193210e-03  -2.2350322e-03  -1.5456245e-01  -4.5626673e+01
  3.9294857428226e+00   6.2320900e-01   2.9604712e-01   2.0531409e+01  -6.0302615e-03  -2.2520052e-03  -1.5618068e-01  -4.5626673e+01
  3.9343610353075e+00   6.2465054e-01   2.9537248e-01   2.0531400e+01  -6.0412747e-03  -2.2646527e-03  -1.5741646e-01  -4.5626673e+01
  3.9392363277924e+00   6.2608927e-01   2.9488779e-01   2.0531394e+01  -6.0523357e-03  -2.2717654e-03  -1.5817037e-01  -4.5626673e+01
  3.9441116202773e+00   6.2752606e-01   2.9455887e-01   2.0531391e+01  -6.0634186e-03  -2.2741058e-03  -1.5851010e-01  -4.5626673e+01
  3.9489869127622e+00   6.2896146e-01   2.9430331e-01   2.0531390e+01  -6.0745061e-03  -2.2741778e-03  -1.5865275e-01  -4.5626673e+01
  3.9538622052471e+00   6.3039564e-01   2.9404793e-01   2.0531389e+01  -6.0855941e-03  -2.2747714e-03  -1.5883199e-01  -4.5626673e+01
  3.9587374977320e+00   6.3182854e-01   2.9378234e-01   2.0531386e+01  -6.0966909e-03  -2.2779011e-03  -1.5919428e-01  -4.5626673e+01
  3.9636127902169e+00   6.3326020e-01   2.9354470e-01   2.0531381e+01  -6.1078117e-03  -2.2846328e-03  -1.5979394e-01  -4.5626673e+01
  3.9684880827018e+00   6.3469081e-01   2.9335006e-01   2.0531375e+01  -6.1189747e-03  -2.2949513e-03  -1.6062211e-01  -4.5626673e+01
  3.9733633751867e+00   6.3612052e-01   2.9316550e-01   2.0531367e+01  -6.1301948e-03  -2.3077562e-03  -1.6161994e-01  -4.5626673e+01
  3.9782386676716e+00   6.3754926e-01   2.9294792e-01   2.0531358e+01  -6.1414809e-03  -2.3218448e-03  -1.6272731e-01  -4.5626673e+01
  3.9831139601564e+00   6.3897678e-01   2.9266659e-01   2.0531349e+01  -6.1528381e-03  -2.3369298e-03  -1.6394191e-01  -4.5626673e+01
  3.9879892526413e+00   6.4040275e-01   2.9230990e-01   2.0531338e+01  -6.1642720e-03  -2.3533190e-03  -1.6529302e-01  -4.5626673e+01
  3.9928645451262e+00   6.4182681e-01   2.9189021e-01   2.0531326e+01  -6.1757896e-03  -2.3712234e-03  -1.6678997e-01  -4.5626673e+01
  3.9977398376111e+00   6.4324872e-01   2.9143176e-01   2.0531312e+01  -6.1873981e-03  -2.3905099e-03  -1.6841097e-01  -4.5626673e+01
  4.0026151300960e+00   6.4466833e-01   2.9095198e-01   2.0531298e+01  -6.1991031e-03  -2.4106954e-03  -1.7011297e-01  -4.5626673e+01
  4.0074904225809e+00   6.4608558e-01   2.9046888e-01   2.0531284e+01  -6.2109080e-03  -2.4314718e-03  -1.7186432e-01  -4.5626673e+01
  4.0123657150658e+00   6.4750056e-01   2.9002448e-01   2.0531269e+01  -6.2228165e-03  -2.4532927e-03  -1.7367227e-01  -4.5626673e+01
  4.0172410075507e+00   6.4891356e-01   2.8966258e-01   2.0531252e+01  -6.2348360e-03  -2.4771116e-03  -1.7557740e-01  -4.5626673e+01
  4.0221163000356e+00   6.5032503e-01   2.8939025e-01   2.0531235e+01  -6.2469781e-03  -2.5034849e-03  -1.7761357e-01  -4.5626673e+01
  4.0269915925205e+00   6.5173536e-01   2.8918680e-01   2.0531216e+01  -6.2592546e-03  -2.5320554e-03  -1.7976677e-01  -4.5626673e+01
  4.0318668850054e+00   6.5314480e-01   2.8901905e-01   2.0531197e+01  -6.2716737e-03  -2.5617603e-03  -1.8198110e-01  -4.5626673e+01
  4.0367421774903e+00   6.5455342e-01   2.8884114e-01   2.0531177e+01  -6.2842373e-03  -2.5910247e-03  -1.8417317e-01  -4.5626673e+01
  4.0416174699751e+00   6.5596105e-01   2.8860910e-01   2.0531158e+01  -6.2969386e-03  -2.6180512e-03  -1.8624369e-01  -4.5626673e+01
  4.0464927624600e+00   6.5736735e-01   2.8829506e-01   2.0531141e+01  -6.3097633e-03  -2.6416398e-03  -1.8812629e-01  -4.5626673e+01
  4.0513680549449e+00   6.5877187e-01   2.8787540e-01   2.0531126e+01  -6.3226937e-03  -2.6615783e-03  -1.8982240e-01  -4.5626673e+01
  4.0562433474298e+00   6.6017402e-01   2.8732783e-01   2.0531111e+01  -6.3357131e-03  -2.6783752e-03  -1.9138424e-01  -4.5626673e+01
  4.0611186399147e+00   6.6157320e-01   2.8667150e-01   2.0531097e+01  -6.3488087e-03  -2.6931426e-03  -1.9287991e-01  -4.5626673e+01
  4.0659939323996e+00   6.6296906e-01   2.8597851e-01   2.0531083e+01  -6.3619741e-03  -2.7072365e-03  -1.9435900e-01  -4.5626673e+01
  4.0708692248845e+00   6.6436161e-01   2.8532088e-01   2.0531069e+01  -6.3752081e-03  -2.7212704e-03  -1.9581669e-01  -4.5626673e+01
  4.0757445173694e+00   6.6575114e-01   2.8474338e-01   2.0531056e+01  -6.3885094e-03  -2.7347601e-03  -1.9718637e-01  -4.5626673e+01
  4.0806198098543e+00   6.6713812e-01   2.8427650e-01   2.0531045e+01  -6.4018736e-03  -2.7470125e-03  -1.9839500e-01  -4.5626673e+01
  4.0854951023392e+00   6.6852313e-01   2.8392774e-01   2.0531035e+01  -6.4152939e-03  -2.7577700e-03  -1.9941648e-01  -4.5626673e+01
  4.0903703948241e+00   6.6990668e-01   2.8367077e-01   2.0531026e+01  -6.4287627e-03  -2.7670465e-03  -2.0026845e-01  -4.5626673e+01
  4.0952456873090e+00   6.7128912e-01   2.8346161e-01   2.0531019e+01  -6.4422737e-03  -2.7752020e-03  -2.0100685e-01  -4.5626673e+01
  4.1001209797939e+00   6.7267055e-01   2.8324565e-01   2.0531012e+01  -6.4558232e-03  -2.7829270e-03  -2.0171999e-01  -4.5626673e+01
  4.1049962722787e+00   6.7405077e-01   2.8295610e-01   2.0531005e+01  -6.4694101e-03  -2.7905642e-03  -2.0248048e-01  -4.5626673e+01
  4.1098715647636e+00   6.7542930e-01   2.8255704e-01   2.0530997e+01  -6.4830334e-03  -2.7978439e-03  -2.0329532e-01  -4.5626673e+01
  4.1147468572485e+00   6.7680567e-01   2.8207969e-01   2.0530988e+01  -6.4966905e-03  -2.8043216e-03  -2.0411074e-01  -4.5626673e+01
  4.1196221497334e+00   6.7817962e-01   2.8157599e-01   2.0530981e+01  -6.5103762e-03  -2.8096104e-03  -2.0486142e-01  -4.5626673e+01
  4.1244974422183e+00   6.7955112e-01   2.8107219e-01   2.0530974e+01  -6.5240844e-03  -2.8135915e-03  -2.0551935e-01  -4.5626673e+01
  4.1293727347032e+00   6.8092018e-01   2.8058197e-01   2.0530968e+01  -6.5378099e-03  -2.8169059e-03  -2.0612089e-01  -4.5626673e+01
  4.1342480271881e+00   6.8228691e-01   2.8011192e-01   2.0530962e+01  -6.5515525e-03  -2.8208304e-03  -2.0675436e-01  -4.5626673e+01
  4.1391233196730e+00   6.8365139e-01   2.7965862e-01   2.0530954e+01  -6.5653184e-03  -2.8265906e-03  -2.0751230e-01  -4.5626673e+01
  4.1439986121579e+00   6.8501372e-01   2.7923400e-01   2.0530945e+01  -6.5791194e-03  -2.8353068e-03  -2.0846862e-01  -4.5626673e+01
  4.1488739046428e+00   6.8637411e-01   2.7886358e-01   2.0530932e+01  -6.5929728e-03  -2.8481363e-03  -2.0968996e-01  -4.5626673e+01
  4.1537491971277e+00   6.8773283e-01   2.7854353e-01   2.0530917e+01  -6.6069006e-03  -2.8656984e-03  -2.1122521e-01  -4.5626673e+01
  4.1586244896126e+00   6.8909007e-01   2.7825605e-01   2.0530897e+01  -6.6209257e-03  -2.8878547e-03  -2.1307802e-01  -4.5626673e+01
  4.1634997820974e+00   6.9044606e-01   2.7803830e-01   2.0530875e+01  -6.6350700e-03  -2.9144440e-03  -2.1520807e-01  -4.5626673e+01
  4.1683750745823e+00   6.9180134e-01   2.7797428e-01   2.0530851e+01  -6.6493551e-03  -2.9454176e-03  -2.1754505e-01  -4.5626673e+01
  4.1732503670672e+00   6.9315684e-01   2.7812880e-01   2.0530825e+01  -6.6638006e-03  -2.9798831e-03  -2.1996807e-01  -4.5626673e+01
  4.1781256595521e+00   6.9451372e-01   2.7853914e-01   2.0530800e+01  -6.6784186e-03  -3.0157191e-03  -2.2228519e-01  -4.5626673e+01
  4.1830009520370e+00   6.9587331e-01   2.7923182e-01   2.0530778e+01  -6.6932094e-03  -3.0503627e-03  -2.2428074e-01  -4.5626673e+01
  4.1878762445219e+00   6.9723698e-01   2.8019978e-01   2.0530761e+01  -6.7081614e-03  -3.0817263e-03  -2.2580384e-01  -4.5626673e+01
  4.1927515370068e+00   6.9860595e-01   2.8138484e-01   2.0530750e+01  -6.7232557e-03  -3.1087911e-03  -2.2682748e-01  -4.5626673e+01
  4.1976268294917e+00   6.9998105e-01   2.8269707e-01   2.0530743e+01  -6.7384714e-03  -3.1317884e-03  -2.2744468e-01  -4.5626673e+01
  4.2025021219766e+00   7.0136267e-01   2.8403945e-01   2.0530739e+01  -6.7537908e-03  -3.1516137e-03  -2.2780272e-01  -4.5626673e+01
  4.2073774144615e+00   7.0275074e-01   2.8533515e-01   2.0530737e+01  -6.7692008e-03  -3.1691668e-03  -2.2803125e-01  -4.5626673e+01
  4.2122527069464e+00   7.0414495e-01   2.8656542e-01   2.0530735e+01  -6.7846929e-03  -3.1855820e-03  -2.2822830e-01  -4.5626673e+01
  4.2171279994313e+00   7.0554507e-01   2.8776720e-01   2.0530732e+01  -6.8002655e-03  -3.2024348e-03  -2.2847749e-01  -4.5626673e+01
  4.2220032919161e+00   7.0695106e-01   2.8897613e-01   2.0530728e+01  -6.8159240e-03  -3.2208677e-03  -2.2883121e-01  -4.5626673e+01
  4.2268785844010e+00   7.0836297e-01   2.9019294e-01   2.0530723e+01  -6.8316764e-03  -3.2407809e-03  -2.2928047e-01  -4.5626673e+01
  4.2317538768859e+00   7.0978078e-01   2.9139255e-01   2.0530717e+01  -6.8475274e-03  -3.2610475e-03  -2.2976444e-01  -4.5626673e+01
  4.2366291693708e+00   7.1120430e-01   2.9252449e-01   2.0530713e+01  -6.8634745e-03  -3.2798897e-03  -2.3019773e-01  -4.5626673e+01
  4.2415044618557e+00   7.1263302e-01   2.9352085e-01   2.0530709e+01  -6.8795052e-03  -3.2951432e-03  -2.3048321e-01  -4.5626673e+01
  4.2463797543406e+00   7.1406615e-01   2.9433481e-01   2.0530709e+01  -6.8955971e-03  -3.3048854e-03  -2.3052537e-01  -4.5626673e+01
  4.2512550468255e+00   7.1550275e-01   2.9495077e-01   2.0530712e+01  -6.9117199e-03  -3.3079496e-03  -2.3025728e-01  -4.5626673e+01
  4.2561303393104e+00   7.1694183e-01   2.9535393e-01   2.0530718e+01  -6.9278400e-03  -3.3040182e-03  -2.2966977e-01  -4.5626673e+01
  4.2610056317953e+00   7.1838231e-01   2.9553627e-01   2.0530728e+01  -6.9439245e-03  -3.2937665e-03  -2.2881599e-01  -4.5626673e+01
  4.2658809242802e+00   7.1982319e-01   2.9553558e-01   2.0530739e+01  -6.9599466e-03  -3.2789179e-03  -2.2778512e-01  -4.5626673e+01
  4.2707562167650e+00   7.2126376e-01   2.9542130e-01   2.0530752e+01  -6.9758895e-03  -3.2617322e-03  -2.2667904e-01  -4.5626673e+01
  4.2756315092500e+00   7.2270359e-01   2.9523572e-01   2.0530764e+01  -6.9917471e-03  -3.2442505e-03  -2.2560596e-01  -4.5626673e+01
  4.2805068017348e+00   7.2414232e-01   2.9497311e-01   2.0530774e+01  -7.0075220e-03  -3.2279358e-03  -2.2467139e-01  -4.5626673e+01
  4.2853820942197e+00   7.2557953e-01   2.9460767e-01   2.0530782e+01  -7.0232225e-03  -3.2137933e-03  -2.2396460e-01  -4.5626673e+01
  4.2902573867046e+00   7.2701467e-01   2.9413167e-01   2.0530786e+01  -7.0388610e-03  -3.2025298e-03  -2.2354089e-01  -4.5626673e+01
  4.2951326791895e+00   7.2844727e-01   2.9357958e-01   2.0530788e+01  -7.0544526e-03  -3.1944175e-03  -2.2339397e-01  -4.5626673e+01
  4.3000079716744e+00   7.2987712e-01   2.9301125e-01   2.0530787e+01  -7.0700118e-03  -3.1889835e-03  -2.2344652e-01  -4.5626673e+01
  4.3048832641593e+00   7.3130425e-01   2.9246271e-01   2.0530786e+01  -7.0855482e-03  -3.1847295e-03  -2.2356696e-01  -4.5626673e+01
  4.3097585566442e+00   7.3272875e-01   2.9193326e-01   2.0530786e+01  -7.1010617e-03  -3.1791168e-03  -2.2357770e-01  -4.5626673e+01
  4.3146338491291e+00   7.3415071e-01   2.9142180e-01   2.0530789e+01  -7.1165383e-03  -3.1692932e-03  -2.2327805e-01  -4.5626673e+01
  4.3195091416140e+00   7.3557025e-01   2.9093653e-01   2.0530797e+01  -7.1319521e-03  -3.1533659e-03  -2.2252660e-01  -4.5626673e+01
  4.3243844340989e+00   7.3698745e-01   2.9045956e-01   2.0530810e+01  -7.1472721e-03  -3.1311384e-03  -2.2132103e-01  -4.5626673e+01
  4.3292597265838e+00   7.3840224e-01   2.8993590e-01   2.0530827e+01  -7.1624704e-03  -3.1039276e-03  -2.1979409e-01  -4.5626673e+01
  4.3341350190686e+00   7.3981423e-01   2.8930476e-01   2.0530844e+01  -7.1775282e-03  -3.0740682e-03  -2.1815477e-01  -4.5626673e+01
  4.3390103115535e+00   7.4122277e-01   2.8852624e-01   2.0530860e+01  -7.1924398e-03  -3.0444013e-03  -2.1663256e-01  -4.5626673e+01
  4.3438856040384e+00   7.4262714e-01   2.8759731e-01   2.0530873e+01  -7.2072131e-03  -3.0176246e-03  -2.1542088e-01  -4.5626673e+01
  4.3487608965233e+00   7.4402669e-01   2.8656484e-01   2.0530881e+01  -7.2218674e-03  -2.9957180e-03  -2.1462763e-01  -4.5626673e+01
  4.3536361890082e+00   7.4542110e-01   2.8550295e-01   2.0530885e+01  -7.2364296e-03  -2.9797070e-03  -2.1427457e-01  -4.5626673e+01
  4.3585114814931e+00   7.4681038e-01   2.8446880e-01   2.0530884e+01  -7.2509288e-03  -2.9696057e-03  -2.1432450e-01  -4.5626673e+01
  4.3633867739780e+00   7.4819477e-01   2.8349554e-01   2.0530881e+01  -7.2653920e-03  -2.9645626e-03  -2.1469502e-01  -4.5626673e+01
  4.3682620664629e+00   7.4957462e-01   2.8260707e-01   2.0530874e+01  -7.2798408e-03  -2.9633470e-03  -2.1528161e-01  -4.5626673e+01
  4.3731373589478e+00   7.5095037e-01   2.8181058e-01   2.0530867e+01  -7.2942904e-03  -2.9645750e-03  -2.1597946e-01  -4.5626673e+01
  4.3780126514327e+00   7.5232244e-01   2.8109259e-01   2.0530860e+01  -7.3087482e-03  -2.9663090e-03  -2.1665770e-01  -4.5626673e+01
  4.3828879439176e+00   7.5369118e-01   2.8043733e-01   2.0530855e+01  -7.3232104e-03  -2.9659830e-03  -2.1714002e-01  -4.5626673e+01
  4.3877632364025e+00   7.5505686e-01   2.7983709e-01   2.0530854e+01  -7.3376606e-03  -2.9612421e-03  -2.1725794e-01  -4.5626673e+01
  4.3926385288873e+00   7.5641976e-01   2.7929773e-01   2.0530857e+01  -7.3520737e-03  -2.9508449e-03  -2.1691324e-01  -4.5626673e+01
  4.3975138213722e+00   7.5778024e-01   2.7884962e-01   2.0530866e+01  -7.3664220e-03  -2.9349843e-03  -2.1609414e-01  -4.5626673e+01
  4.4023891138571e+00   7.5913884e-01   2.7852445e-01   2.0530879e+01  -7.3806821e-03  -2.9151396e-03  -2.1488375e-01  -4.5626673e+01
  4.4072644063420e+00   7.6049614e-01   2.7830256e-01   2.0530894e+01  -7.3948399e-03  -2.8933926e-03  -2.1345091e-01  -4.5626673e+01
  4.4121396988269e+00   7.6185247e-01   2.7811016e-01   2.0530909e+01  -7.4088906e-03  -2.8714899e-03  -2.1198181e-01  -4.5626673e+01
  4.4170149913118e+00   7.6320778e-01   2.7787568e-01   2.0530923e+01  -7.4228368e-03  -2.8506286e-03  -2.1061949e-01  -4.5626673e+01
  4.4218902837967e+00   7.6456175e-01   2.7756437e-01   2.0530934e+01  -7.4366863e-03  -2.8319605e-03  -2.0947500e-01  -4.5626673e+01
  4.4267655762816e+00   7.6591400e-01   2.7717004e-01   2.0530943e+01  -7.4504528e-03  -2.8166339e-03  -2.0863781e-01  -4.5626673e+01
  4.4316408687665e+00   7.6726414e-01   2.7671006e-01   2.0530948e+01  -7.4641544e-03  -2.8052674e-03  -2.0814133e-01  -4.5626673e+01
  4.4365161612514e+00   7.6861197e-01   2.7622692e-01   2.0530950e+01  -7.4778109e-03  -2.7979639e-03  -2.0796256e-01  -4.5626673e+01
  4.4413914537363e+00   7.6995750e-01   2.7578063e-01   2.0530949e+01  -7.4914423e-03  -2.7949671e-03  -2.0807599e-01  -4.5626673e+01
  4.4462667462212e+00   7.7130110e-01   2.7543907e-01   2.0530945e+01  -7.5050714e-03  -2.7968914e-03  -2.0847741e-01  -4.5626673e+01
  4.4511420387060e+00   7.7264341e-01   2.7525629e-01   2.0530938e+01  -7.5187230e-03  -2.8040378e-03  -2.0914881e-01  -4.5626673e+01
  4.4560173311909e+00   7.7398527e-01   2.7524240e-01   2.0530929e+01  -7.5324211e-03  -2.8155619e-03  -2.1001888e-01  -4.5626673e+01
  4.4608926236758e+00   7.7532742e-01   2.7536694e-01   2.0530919e+01  -7.5461824e-03  -2.8295211e-03  -2.1096457e-01  -4.5626673e+01
  4.4657679161607e+00   7.7667044e-01   2.7558796e-01   2.0530910e+01  -7.5600132e-03  -2.8437461e-03  -2.1185503e-01  -4.5626673e+01
  4.4706432086456e+00   7.7801468e-01   2.7585746e-01   2.0530902e+01  -7.5739104e-03  -2.8565578e-03  -2.1260150e-01  -4.5626673e+01
  4.4755185011305e+00   7.7936023e-01   2.7611283e-01   2.0530896e+01  -7.5878642e-03  -2.8668784e-03  -2.1317222e-01  -4.5626673e+01
  4.4803937936154e+00   7.8070685e-01   2.7628962e-01   2.0530892e+01  -7.6018605e-03  -2.8741018e-03  -2.1357254e-01  -4.5626673e+01
  4.4852690861003e+00   7.8205403e-01   2.7634065e-01   2.0530890e+01  -7.6158840e-03  -2.8781001e-03  -2.1383013e-01  -4.5626673e+01
  4.4901443785852e+00   7.8340109e-01   2.7624218e-01   2.0530888e+01  -7.6299197e-03  -2.8794109e-03  -2.1400375e-01  -4.5626673e+01
  4.4950196710701e+00   7.8474728e-01   2.7599418e-01   2.0530886e+01  -7.6439575e-03  -2.8792186e-03  -2.1418172e-01  -4.5626673e+01
  4.4998949635550e+00   7.8609192e-01   2.7561231e-01   2.0530883e+01  -7.6579933e-03  -2.8787538e-03  -2.1444383e-01  -4.5626673e+01
  4.5047702560399e+00   7.8743441e-01   2.7511838e-01   2.0530879e+01  -7.6720276e-03  -2.8786337e-03  -2.1481982e-01  -4.5626673e+01
  4.5096455485247e+00   7.8877428e-01   2.7454991e-01   2.0530874e+01  -7.6860625e-03  -2.8789729e-03  -2.1528994e-01  -4.5626673e+01
  4.5145208410096e+00   7.9011132e-01   2.7397057e-01   2.0530869e+01  -7.7001004e-03  -2.8799131e-03  -2.1581558e-01  -4.5626673e+01
  4.5193961334945e+00   7.9144567e-01   2.7345746e-01   2.0530863e+01  -7.7141449e-03  -2.8816770e-03  -2.1635291e-01  -4.5626673e+01
  4.5242714259794e+00   7.9277784e-01   2.7308329e-01   2.0530858e+01  -7.7282001e-03  -2.8842253e-03  -2.1684087e-01  -4.5626673e+01
  4.5291467184643e+00   7.9410866e-01   2.7290113e-01   2.0530854e+01  -7.7422685e-03  -2.8869636e-03  -2.1719158e-01  -4.5626673e+01
  4.5340220109492e+00   7.9543910e-01   2.7291753e-01   2.0530853e+01  -7.7563483e-03  -2.8886216e-03  -2.1730325e-01  -4.5626673e+01
  4.5388973034341e+00   7.9677001e-01   2.7307503e-01   2.0530855e+01  -7.7704301e-03  -2.8877099e-03  -2.1710939e-01  -4.5626673e+01
  4.5437725959190e+00   7.9810183e-01   2.7326809e-01   2.0530860e+01  -7.7844994e-03  -2.8835536e-03  -2.1664379e-01  -4.5626673e+01
  4.5486478884039e+00   7.9943442e-01   2.7337343e-01   2.0530866e+01  -7.7985411e-03  -2.8767032e-03  -2.1604590e-01  -4.5626673e+01
  4.5535231808888e+00   8.0076706e-01   2.7328106e-01   2.0530872e+01  -7.8125449e-03  -2.8681793e-03  -2.1547861e-01  -4.5626673e+01
  4.5583984733737e+00   8.0209861e-01   2.7293151e-01   2.0530877e+01  -7.8265047e-03  -2.8587866e-03  -2.1504807e-01  -4.5626673e+01
  4.5632737658585e+00   8.0342782e-01   2.7233591e-01   2.0530879e+01  -7.8404182e-03  -2.8493954e-03  -2.1481043e-01  -4.5626673e+01
  4.5681490583434e+00   8.0475363e-01   2.7155404e-01   2.0530879e+01  -7.8542888e-03  -2.8413937e-03  -2.1482395e-01  -4.5626673e+01
  4.5730243508283e+00   8.0607531e-01   2.7065740e-01   2.0530876e+01  -7.8681273e-03  -2.8363534e-03  -2.1515325e-01  -4.5626673e+01
  4.5778996433132e+00   8.0739247e-01   2.6971570e-01   2.0530869e+01  -7.8819506e-03  -2.8350948e-03  -2.1580857e-01  -4.5626673e+01
  4.5827749357981e+00   8.0870509e-01   2.6880526e-01   2.0530860e+01  -7.8957765e-03  -2.8370781e-03  -2.1669090e-01  -4.5626673e+01
  4.5876502282830e+00   8.1001354e-01   2.6801256e-01   2.0530850e+01  -7.9096172e-03  -2.8408462e-03  -2.1762035e-01  -4.5626673e+01
  4.5925255207679e+00   8.1131858e-01   2.6741521e-01   2.0530841e+01  -7.9234778e-03  -2.8451264e-03  -2.1843498e-01  -4.5626673e+01
  4.5974008132528e+00   8.1262129e-01   2.6704861e-01   2.0530834e+01  -7.9373594e-03  -2.8493541e-03  -2.1905981e-01  -4.5626673e+01
  4.6022761057377e+00   8.1392276e-01   2.6689063e-01   2.0530830e+01  -7.9512608e-03  -2.8532385e-03  -2.1948824e-01  -4.5626673e+01
  4.6071513982226e+00   8.1522386e-01   2.6688311e-01   2.0530827e+01  -7.9651794e-03  -2.8563248e-03  -2.1973182e-01  -4.5626673e+01
  4.6120266907075e+00   8.1652518e-01   2.6696691e-01   2.0530826e+01  -7.9791101e-03  -2.8582259e-03  -2.1980904e-01  -4.5626673e+01
  4.6169019831924e+00   8.1782704e-01   2.6709626e-01   2.0530827e+01  -7.9930472e-03  -2.8590132e-03  -2.1976311e-01  -4.5626673e+01
  4.6217772756772e+00   8.1912955e-01   2.6722959e-01   2.0530828e+01  -8.0069861e-03  -2.8590957e-03  -2.1965981e-01  -4.5626673e+01
  4.6266525681621e+00   8.2043263e-01   2.6732297e-01   2.0530829e+01  -8.0209242e-03  -2.8586734e-03  -2.1955066e-01  -4.5626673e+01
  4.6315278606470e+00   8.2173600e-01   2.6734484e-01   2.0530830e+01  -8.0348583e-03  -2.8573867e-03  -2.1943390e-01  -4.5626673e+01
  4.6364031531319e+00   8.2303928e-01   2.6729497e-01   2.0530832e+01  -8.0487827e-03  -2.8546670e-03  -2.1926596e-01  -4.5626673e+01
  4.6412784456168e+00   8.2434219e-01   2.6719741e-01   2.0530835e+01  -8.0626901e-03  -2.8505565e-03  -2.1903020e-01  -4.5626673e+01
  4.6461537381017e+00   8.2564456e-01   2.6707517e-01   2.0530837e+01  -8.0765759e-03  -2.8460570e-03  -2.1878459e-01  -4.5626673e+01
  4.6510290305866e+00   8.2694629e-01   2.6694385e-01   2.0530839e+01  -8.0904418e-03  -2.8425172e-03  -2.1862000e-01  -4.5626673e+01
  4.6559043230715e+00   8.2824742e-01   2.6683061e-01   2.0530839e+01  -8.1042948e-03  -2.8408438e-03  -2.1858402e-01  -4.5626673e+01
  4.6607796155564e+00   8.2954814e-01   2.6678354e-01   2.0530839e+01  -8.1181453e-03  -2.8414925e-03  -2.1867250e-01  -4.5626673e+01
  4.6656549080413e+00   8.3084890e-01   2.6684674e-01   2.0530836e+01  -8.1320058e-03  -2.8448950e-03  -2.1888247e-01  -4.5626673e+01
  4.6705302005262e+00   8.3215026e-01   2.6702114e-01   2.0530833e+01  -8.1458906e-03  -2.8513749e-03  -2.1923770e-01  -4.5626673e+01
  4.6754054930111e+00   8.3345264e-01   2.6725317e-01   2.0530827e+01  -8.1598141e-03  -2.8605529e-03  -2.1975236e-01  -4.5626673e+01
  4.6802807854959e+00   8.3475614e-01   2.6746665e-01   2.0530820e+01  -8.1737863e-03  -2.8709924e-03  -2.2037824e-01  -4.5626673e+01
  4.6851560779808e+00   8.3606050e-01   2.6760574e-01   2.0530814e+01  -8.1878081e-03  -2.8805426e-03  -2.2099631e-01  -4.5626673e+01
  4.6900313704657e+00   8.3736531e-01   2.6764985e-01   2.0530808e+01  -8.2018700e-03  -2.8873106e-03  -2.2147901e-01  -4.5626673e+01
  4.6949066629506e+00   8.3867009e-01   2.6759805e-01   2.0530805e+01  -8.2159563e-03  -2.8906754e-03  -2.2178000e-01  -4.5626673e+01
  4.6997819554355e+00   8.3997437e-01   2.6744923e-01   2.0530803e+01  -8.2300519e-03  -2.8914316e-03  -2.2196143e-01  -4.5626673e+01
  4.7046572479204e+00   8.4127768e-01   2.6719942e-01   2.0530801e+01  -8.2441475e-03  -2.8909419e-03  -2.2213130e-01  -4.5626673e+01
  4.7095325404053e+00   8.4257953e-01   2.6685792e-01   2.0530799e+01  -8.2582400e-03  -2.8903288e-03  -2.2236836e-01  -4.5626673e+01
  4.7144078328902e+00   8.4387955e-01   2.6646188e-01   2.0530795e+01  -8.2723309e-03  -2.8903793e-03  -2.2270272e-01  -4.5626673e+01
  4.7192831253751e+00   8.4517762e-01   2.6606725e-01   2.0530791e+01  -8.2864249e-03  -2.8915902e-03  -2.2312642e-01  -4.5626673e+01
  4.7241584178600e+00   8.4647389e-01   2.6572443e-01   2.0530786e+01  -8.3005276e-03  -2.8938545e-03  -2.2358918e-01  -4.5626673e+01
  4.7290337103449e+00   8.4776868e-01   2.6546747e-01   2.0530781e+01  -8.3146424e-03  -2.8962964e-03  -2.2399440e-01  -4.5626673e+01
  4.7339090028298e+00   8.4906250e-01   2.6532094e-01   2.0530779e+01  -8.3287670e-03  -2.8977899e-03  -2.2423366e-01  -4.5626673e+01
  4.7387842953146e+00   8.5035591e-01   2.6530000e-01   2.0530778e+01  -8.3428952e-03  -2.8978128e-03  -2.2425312e-01  -4.5626673e+01
  4.7436595877995e+00   8.5164952e-01   2.6539549e-01   2.0530780e+01  -8.3570207e-03  -2.8969090e-03  -2.2410253e-01  -4.5626673e+01
  4.7485348802844e+00   8.5294381e-01   2.6556427e-01   2.0530782e+01  -8.3711422e-03  -2.8963877e-03  -2.2391982e-01  -4.5626673e+01
  4.7534101727693e+00   8.5423897e-01   2.6574188e-01   2.0530783e+01  -8.3852648e-03  -2.8974022e-03  -2.2384855e-01  -4.5626673e+01
  4.7582854652542e+00   8.5553490e-01   2.6587025e-01   2.0530782e+01  -8.3993967e-03  -2.9000847e-03  -2.2394760e-01  -4.5626673e+01
  4.7631607577391e+00   8.5683125e-01   2.6591762e-01   2.0530779e+01  -8.4135441e-03  -2.9035333e-03  -2.2417394e-01  -4.5626673e+01
  4.7680360502240e+00   8.5812760e-01   2.6587413e-01   2.0530776e+01  -8.4277077e-03  -2.9066074e-03  -2.2444796e-01  -4.5626673e+01
  4.7729113427089e+00   8.5942350e-01   2.6573417e-01   2.0530773e+01  -8.4418838e-03  -2.9085988e-03  -2.2472000e-01  -4.5626673e+01
  4.7777866351938e+00   8.6071847e-01   2.6549319e-01   2.0530770e+01  -8.4560663e-03  -2.9092404e-03  -2.2497355e-01  -4.5626673e+01
  4.7826619276787e+00   8.6201203e-01   2.6516575e-01   2.0530768e+01  -8.4702483e-03  -2.9085002e-03  -2.2519403e-01  -4.5626673e+01
  4.7875372201636e+00   8.6330387e-01   2.6479971e-01   2.0530766e+01  -8.4844238e-03  -2.9066221e-03  -2.2535969e-01  -4.5626673e+01
  4.7924125126485e+00   8.6459397e-01   2.6446410e-01   2.0530765e+01  -8.4985884e-03  -2.9042298e-03  -2.2545994e-01  -4.5626673e+01
  4.7972878051334e+00   8.6588265e-01   2.6421811e-01   2.0530765e+01  -8.5127419e-03  -2.9021649e-03  -2.2550939e-01  -4.5626673e+01
  4.8021630976182e+00   8.6717041e-01   2.6408473e-01   2.0530764e+01  -8.5268875e-03  -2.9010079e-03  -2.2553333e-01  -4.5626673e+01
  4.8070383901031e+00   8.6845777e-01   2.6404734e-01   2.0530764e+01  -8.5410295e-03  -2.9005393e-03  -2.2552883e-01  -4.5626673e+01
  4.8119136825880e+00   8.6974512e-01   2.6406760e-01   2.0530765e+01  -8.5551687e-03  -2.8996987e-03  -2.2544619e-01  -4.5626673e+01
  4.8167889750729e+00   8.7103262e-01   2.6410294e-01   2.0530768e+01  -8.5693003e-03  -2.8972763e-03  -2.2522773e-01  -4.5626673e+01
  4.8216642675578e+00   8.7232023e-01   2.6410935e-01   2.0530772e+01  -8.5834148e-03  -2.8927147e-03  -2.2486771e-01  -4.5626673e+01
  4.8265395600427e+00   8.7360772e-01   2.6404560e-01   2.0530776e+01  -8.5975021e-03  -2.8863094e-03  -2.2442401e-01  -4.5626673e+01
  4.8314148525276e+00   8.7489467e-01   2.6389422e-01   2.0530781e+01  -8.6115552e-03  -2.8789082e-03  -2.2397699e-01  -4.5626673e+01
  4.8362901450125e+00   8.7618071e-01   2.6368144e-01   2.0530786e+01  -8.6255720e-03  -2.8715515e-03  -2.2358498e-01  -4.5626673e+01
  4.8411654374974e+00   8.7746569e-01   2.6347446e-01   2.0530789e+01  -8.6395551e-03  -2.8652468e-03  -2.2326937e-01  -4.5626673e+01
  4.8460407299823e+00   8.7874986e-01   2.6335849e-01   2.0530792e+01  -8.6535121e-03  -2.8609002e-03  -2.2302887e-01  -4.5626673e+01
  4.8509160224672e+00   8.8003385e-01   2.6340248e-01   2.0530794e+01  -8.6674545e-03  -2.8592099e-03  -2.2285990e-01  -4.5626673e+01
  4.8557913149521e+00   8.8131850e-01   2.6362462e-01   2.0530795e+01  -8.6813956e-03  -2.8602603e-03  -2.2275392e-01  -4.5626673e+01
  4.8606666074369e+00   8.8260461e-01   2.6398014e-01   2.0530795e+01  -8.6953471e-03  -2.8631948e-03  -2.2268215e-01  -4.5626673e+01
  4.8655418999218e+00   8.8389260e-01   2.6438047e-01   2.0530796e+01  -8.7093147e-03  -2.8666475e-03  -2.2261310e-01  -4.5626673e+01
  4.8704171924067e+00   8.8518244e-01   2.6472153e-01   2.0530797e+01  -8.7232984e-03  -2.8696749e-03  -2.2256110e-01  -4.5626673e+01
  4.8752924848916e+00   8.8647357e-01   2.6490355e-01   2.0530796e+01  -8.7372953e-03  -2.8721944e-03  -2.2260343e-01  -4.5626673e+01
  4.8801677773765e+00   8.8776503e-01   2.6485388e-01   2.0530794e+01  -8.7513042e-03  -2.8746528e-03  -2.2283572e-01  -4.5626673e+01
  4.8850430698614e+00   8.8905562e-01   2.6455659e-01   2.0530789e+01  -8.7653260e-03  -2.8774960e-03  -2.2330671e-01  -4.5626673e+01
  4.8899183623463e+00   8.9034423e-01   2.6406516e-01   2.0530781e+01  -8.7793629e-03  -2.8808407e-03  -2.2398225e-01  -4.5626673e+01
  4.8947936548312e+00   8.9163017e-01   2.6348127e-01   2.0530773e+01  -8.7934167e-03  -2.8843522e-03  -2.2475215e-01  -4.5626673e+01
  4.8996689473161e+00   8.9291326e-01   2.6291450e-01   2.0530765e+01  -8.8074866e-03  -2.8873001e-03  -2.2546675e-01  -4.5626673e+01
  4.9045442398010e+00   8.9419382e-01   2.6244712e-01   2.0530759e+01  -8.8215674e-03  -2.8886826e-03  -2.2597637e-01  -4.5626673e+01
  4.9094195322858e+00   8.9547244e-01   2.6211806e-01   2.0530757e+01  -8.8356485e-03  -2.8873603e-03  -2.2615647e-01  -4.5626673e+01
  4.9142948247708e+00   8.9674981e-01   2.6193011e-01   2.0530760e+01  -8.8497144e-03  -2.8824414e-03  -2.2593322e-01  -4.5626673e+01
  4.9191701172556e+00   8.9802660e-01   2.6187049e-01   2.0530767e+01  -8.8637471e-03  -2.8739624e-03  -2.2531998e-01  -4.5626673e+01
  4.9240454097405e+00   8.9930339e-01   2.6192444e-01   2.0530776e+01  -8.8777320e-03  -2.8632709e-03  -2.2443562e-01  -4.5626673e+01
  4.9289207022254e+00   9.0058069e-01   2.6207485e-01   2.0530787e+01  -8.8916640e-03  -2.8526657e-03  -2.2347613e-01  -4.5626673e+01
  4.9337959947103e+00   9.0185892e-01   2.6229998e-01   2.0530796e+01  -8.9055499e-03  -2.8446160e-03  -2.2265435e-01  -4.5626673e+01
  4.9386712871952e+00   9.0313839e-01   2.6257783e-01   2.0530801e+01  -8.9194071e-03  -2.8410279e-03  -2.2213825e-01  -4.5626673e+01
  4.9435465796801e+00   9.0441931e-01   2.6289086e-01   2.0530803e+01  -8.9332601e-03  -2.8427331e-03  -2.2200693e-01  -4.5626673e+01
  4.9484218721650e+00   9.0570182e-01   2.6322369e-01   2.0530800e+01  -8.9471341e-03  -2.8493275e-03  -2.2224053e-01  -4.5626673e+01
  4.9532971646499e+00   9.0698595e-01   2.6355683e-01   2.0530795e+01  -8.9610497e-03  -2.8593772e-03  -2.2274242e-01  -4.5626673e+01
  4.9581724571348e+00   9.0827166e-01   2.6386650e-01   2.0530788e+01  -8.9750186e-03  -2.8707711e-03  -2.2336747e-01  -4.5626673e+01
  4.9630477496197e+00   9.0955879e-01   2.6413534e-01   2.0530782e+01  -8.9890415e-03  -2.8811877e-03  -2.2394972e-01  -4.5626673e+01
  4.9679230421045e+00   9.1084711e-01   2.6436268e-01   2.0530777e+01  -9.0031087e-03  -2.8887973e-03  -2.2434806e-01  -4.5626673e+01
  4.9727983345895e+00   9.1213646e-01   2.6455961e-01   2.0530776e+01  -9.0172041e-03  -2.8928564e-03  -2.2449605e-01  -4.5626673e+01
  4.9776736270743e+00   9.1342672e-01   2.6473547e-01   2.0530777e+01  -9.0313108e-03  -2.8936383e-03  -2.2440756e-01  -4.5626673e+01
  4.9825489195592e+00   9.1471779e-01   2.6489476e-01   2.0530780e+01  -9.0454145e-03  -2.8918039e-03  -2.2413048e-01  -4.5626673e+01
  4.9874242120441e+00   9.1600960e-01   2.6504196e-01   2.0530784e+01  -9.0595036e-03  -2.8877987e-03  -2.2369580e-01  -4.5626673e+01
  4.9922995045290e+00   9.1730211e-01   2.6517837e-01   2.0530791e+01  -9.0735678e-03  -2.8816089e-03  -2.2310156e-01  -4.5626673e+01
  4.9971747970139e+00   9.1859523e-01   2.6529421e-01   2.0530799e+01  -9.0875957e-03  -2.8729278e-03  -2.2233242e-01  -4.5626673e+01
  5.0020500894988e+00   9.1988883e-01   2.6536886e-01   2.0530809e+01  -9.1015746e-03  -2.8616168e-03  -2.2139489e-01  -4.5626673e+01
  5.0069253819837e+00   9.2118263e-01   2.6537493e-01   2.0530821e+01  -9.1154924e-03  -2.8480233e-03  -2.2033828e-01  -4.5626673e+01
  5.0118006744686e+00   9.2247622e-01   2.6528189e-01   2.0530832e+01  -9.1293396e-03  -2.8328421e-03  -2.1924078e-01  -4.5626673e+01
  5.0166759669535e+00   9.2376906e-01   2.6507051e-01   2.0530844e+01  -9.1431105e-03  -2.8168830e-03  -2.1817963e-01  -4.5626673e+01
  5.0215512594384e+00   9.2506060e-01   2.6475488e-01   2.0530854e+01  -9.1568037e-03  -2.8011774e-03  -2.1722192e-01  -4.5626673e+01
  5.0264265519233e+00   9.2635044e-01   2.6438874e-01   2.0530862e+01  -9.1704239e-03  -2.7871400e-03  -2.1643277e-01  -4.5626673e+01
  5.0313018444081e+00   9.2763853e-01   2.6405150e-01   2.0530868e+01  -9.1839831e-03  -2.7763066e-03  -2.1586692e-01  -4.5626673e+01
  5.0361771368930e+00   9.2892524e-01   2.6383040e-01   2.0530872e+01  -9.1975001e-03  -2.7697588e-03  -2.1553833e-01  -4.5626673e+01
  5.0410524293779e+00   9.3021133e-01   2.6380196e-01   2.0530873e+01  -9.2109965e-03  -2.7676612e-03  -2.1539833e-01  -4.5626673e+01
  5.0459277218628e+00   9.3149787e-01   2.6400962e-01   2.0530874e+01  -9.2244922e-03  -2.7691621e-03  -2.1534563e-01  -4.5626673e+01
  5.0508030143477e+00   9.3278601e-01   2.6444703e-01   2.0530875e+01  -9.2380011e-03  -2.7726850e-03  -2.1526295e-01  -4.5626673e+01
  5.0556783068326e+00   9.3407674e-01   2.6505184e-01   2.0530877e+01  -9.2515284e-03  -2.7763590e-03  -2.1505636e-01  -4.5626673e+01
  5.0605535993175e+00   9.3537061e-01   2.6570871e-01   2.0530881e+01  -9.2650698e-03  -2.7782374e-03  -2.1466989e-01  -4.5626673e+01
  5.0654288918024e+00   9.3666751e-01   2.6627589e-01   2.0530887e+01  -9.2786118e-03  -2.7764524e-03  -2.1407507e-01  -4.5626673e+01
  5.0703041842873e+00   9.3796669e-01   2.6663992e-01   2.0530895e+01  -9.2921331e-03  -2.7697632e-03  -2.1326783e-01  -4.5626673e+01
  5.0751794767722e+00   9.3926704e-01   2.6676290e-01   2.0530906e+01  -9.3056093e-03  -2.7582957e-03  -2.1228705e-01  -4.5626673e+01
  5.0800547692571e+00   9.4056747e-01   2.6668912e-01   2.0530917e+01  -9.3190208e-03  -2.7436739e-03  -2.1122024e-01  -4.5626673e+01
  5.0849300617420e+00   9.4186724e-01   2.6651985e-01   2.0530927e+01  -9.3323580e-03  -2.7282533e-03  -2.1016660e-01  -4.5626673e+01
  5.0898053542268e+00   9.4316621e-01   2.6637724e-01   2.0530937e+01  -9.3456224e-03  -2.7139865e-03  -2.0917961e-01  -4.5626673e+01
  5.0946806467117e+00   9.4446479e-01   2.6636900e-01   2.0530947e+01  -9.3588220e-03  -2.7016069e-03  -2.0823200e-01  -4.5626673e+01
  5.0995559391966e+00   9.4576382e-01   2.6656509e-01   2.0530957e+01  -9.3719649e-03  -2.6905246e-03  -2.0722536e-01  -4.5626673e+01
  5.1044312316815e+00   9.4706437e-01   2.6698776e-01   2.0530969e+01  -9.3850542e-03  -2.6793678e-03  -2.0603947e-01  -4.5626673e+01
  5.1093065241664e+00   9.4836751e-01   2.6760567e-01   2.0530984e+01  -9.3980858e-03  -2.6666549e-03  -2.0458852e-01  -4.5626673e+01
  5.1141818166513e+00   9.4967399e-01   2.6834072e-01   2.0531001e+01  -9.4110489e-03  -2.6512318e-03  -2.0284824e-01  -4.5626673e+01
  5.1190571091362e+00   9.5098415e-01   2.6910004e-01   2.0531021e+01  -9.4239290e-03  -2.6326826e-03  -2.0086084e-01  -4.5626673e+01
  5.1239324016211e+00   9.5229791e-01   2.6981002e-01   2.0531041e+01  -9.4367121e-03  -2.6118447e-03  -1.9874684e-01  -4.5626673e+01
  5.1288076941060e+00   9.5361490e-01   2.7042200e-01   2.0531061e+01  -9.4493924e-03  -2.5909074e-03  -1.9670765e-01  -4.5626673e+01
  5.1336829865909e+00   9.5493455e-01   2.7090040e-01   2.0531077e+01  -9.4619762e-03  -2.5726448e-03  -1.9497634e-01  -4.5626673e+01
  5.1385582790758e+00   9.5625614e-01   2.7121988e-01   2.0531089e+01  -9.4744825e-03  -2.5591690e-03  -1.9372668e-01  -4.5626673e+01
  5.1434335715607e+00   9.5757887e-01   2.7137360e-01   2.0531096e+01  -9.4869366e-03  -2.5510390e-03  -1.9300192e-01  -4.5626673e+01
  5.1483088640455e+00   9.5890197e-01   2.7138254e-01   2.0531099e+01  -9.4993627e-03  -2.5472223e-03  -1.9270684e-01  -4.5626673e+01
  5.1531841565304e+00   9.6022485e-01   2.7129687e-01   2.0531099e+01  -9.5117770e-03  -2.5457788e-03  -1.9265846e-01  -4.5626673e+01
  5.1580594490153e+00   9.6154721e-01   2.7117991e-01   2.0531099e+01  -9.5241858e-03  -2.5446394e-03  -1.9265529e-01  -4.5626673e+01
  5.1629347415002e+00   9.6286903e-01   2.7108258e-01   2.0531100e+01  -9.5365858e-03  -2.5419496e-03  -1.9252076e-01  -4.5626673e+01
  5.1678100339851e+00   9.6419049e-01   2.7103301e-01   2.0531104e+01  -9.5489655e-03  -2.5361620e-03  -1.9211758e-01  -4.5626673e+01
  5.1726853264700e+00   9.6551185e-01   2.7104268e-01   2.0531111e+01  -9.5613070e-03  -2.5263517e-03  -1.9136767e-01  -4.5626673e+01
  5.1775606189549e+00   9.6683341e-01   2.7110681e-01   2.0531121e+01  -9.5735906e-03  -2.5126057e-03  -1.9028151e-01  -4.5626673e+01
  5.1824359114398e+00   9.6815536e-01   2.7119693e-01   2.0531134e+01  -9.5857992e-03  -2.4959277e-03  -1.8895577e-01  -4.5626673e+01
  5.1873112039247e+00   9.6947771e-01   2.7126248e-01   2.0531147e+01  -9.5979218e-03  -2.4776234e-03  -1.8752482e-01  -4.5626673e+01
  5.1921864964096e+00   9.7080019e-01   2.7124616e-01   2.0531160e+01  -9.6099534e-03  -2.4587003e-03  -1.8610390e-01  -4.5626673e+01
  5.1970617888945e+00   9.7212230e-01   2.7110678e-01   2.0531172e+01  -9.6218924e-03  -2.4396913e-03  -1.8476012e-01  -4.5626673e+01
  5.2019370813794e+00   9.7344340e-01   2.7084108e-01   2.0531183e+01  -9.6337391e-03  -2.4209144e-03  -1.8351808e-01  -4.5626673e+01
  5.2068123738642e+00   9.7476296e-01   2.7048587e-01   2.0531193e+01  -9.6454959e-03  -2.4028549e-03  -1.8238838e-01  -4.5626673e+01
  5.2116876663491e+00   9.7608068e-01   2.7009391e-01   2.0531202e+01  -9.6571679e-03  -2.3862395e-03  -1.8139012e-01  -4.5626673e+01
  5.2165629588340e+00   9.7739649e-01   2.6970920e-01   2.0531209e+01  -9.6687640e-03  -2.3717197e-03  -1.8054361e-01  -4.5626673e+01
  5.2214382513189e+00   9.7871051e-01   2.6936515e-01   2.0531215e+01  -9.6802953e-03  -2.3595903e-03  -1.7984975e-01  -4.5626673e+01
  5.2263135438038e+00   9.8002302e-01   2.6909310e-01   2.0531220e+01  -9.6917735e-03  -2.3498342e-03  -1.7928726e-01  -4.5626673e+01
  5.2311888362887e+00   9.8133445e-01   2.6892016e-01   2.0531224e+01  -9.7032097e-03  -2.3422195e-03  -1.7882123e-01  -4.5626673e+01
  5.2360641287736e+00   9.8264531e-01   2.6885660e-01   2.0531228e+01  -9.7146130e-03  -2.3361616e-03  -1.7840093e-01  -4.5626673e+01
  5.2409394212585e+00   9.8395611e-01   2.6888382e-01   2.0531232e+01  -9.7259884e-03  -2.3305599e-03  -1.7795517e-01  -4.5626673e+01
  5.2458147137434e+00   9.8526716e-01   2.6895344e-01   2.0531237e+01  -9.7373347e-03  -2.3239739e-03  -1.7740639e-01  -4.5626673e+01
  5.2506900062283e+00   9.8657854e-01   2.6900270e-01   2.0531243e+01  -9.7486437e-03  -2.3151985e-03  -1.7670418e-01  -4.5626673e+01
  5.2555652987132e+00   9.8788997e-01   2.6897456e-01   2.0531250e+01  -9.7599035e-03  -2.3039252e-03  -1.7586222e-01  -4.5626673e+01
  5.2604405911980e+00   9.8920098e-01   2.6882439e-01   2.0531258e+01  -9.7711035e-03  -2.2909646e-03  -1.7497067e-01  -4.5626673e+01
  5.2653158836829e+00   9.9051088e-01   2.6851979e-01   2.0531264e+01  -9.7822392e-03  -2.2777590e-03  -1.7415950e-01  -4.5626673e+01
  5.2701911761678e+00   9.9181887e-01   2.6805164e-01   2.0531270e+01  -9.7933127e-03  -2.2656129e-03  -1.7353339e-01  -4.5626673e+01
  5.2750664686527e+00   9.9312423e-01   2.6744885e-01   2.0531273e+01  -9.8043314e-03  -2.2553159e-03  -1.7313406e-01  -4.5626673e+01
  5.2799417611376e+00   9.9442644e-01   2.6677397e-01   2.0531275e+01  -9.8153055e-03  -2.2472403e-03  -1.7295056e-01  -4.5626673e+01
  5.2848170536225e+00   9.9572532e-01   2.6609766e-01   2.0531275e+01  -9.8262460e-03  -2.2414873e-03  -1.7294625e-01  -4.5626673e+01
  5.2896923461074e+00   9.9702102e-01   2.6547063e-01   2.0531274e+01  -9.8371640e-03  -2.2378748e-03  -1.7307534e-01  -4.5626673e+01
  5.2945676385923e+00   9.9831383e-01   2.6490987e-01   2.0531272e+01  -9.8480689e-03  -2.2359246e-03  -1.7329054e-01  -4.5626673e+01
  5.2994429310772e+00   9.9960405e-01   2.6440517e-01   2.0531270e+01  -9.8589671e-03  -2.2350518e-03  -1.7355353e-01  -4.5626673e+01
  5.3043182235621e+00   1.0008919e+00   2.6393410e-01   2.0531267e+01  -9.8698631e-03  -2.2349655e-03  -1.7385656e-01  -4.5626673e+01
  5.3091935160470e+00   1.0021775e+00   2.6346342e-01   2.0531264e+01  -9.8807611e-03  -2.2359415e-03  -1.7424319e-01  -4.5626673e+01
  5.3140688085319e+00   1.0034607e+00   2.6293753e-01   2.0531259e+01  -9.8916678e-03  -2.2385337e-03  -1.7479404e-01  -4.5626673e+01
  5.3189441010167e+00   1.0047410e+00   2.6228163e-01   2.0531252e+01  -9.9025916e-03  -2.2429012e-03  -1.7557300e-01  -4.5626673e+01
  5.3238193935016e+00   1.0060176e+00   2.6142945e-01   2.0531244e+01  -9.9135402e-03  -2.2484997e-03  -1.7658490e-01  -4.5626673e+01
  5.3286946859865e+00   1.0072895e+00   2.6035064e-01   2.0531233e+01  -9.9245173e-03  -2.2544193e-03  -1.7778334e-01  -4.5626673e+01
  5.3335699784714e+00   1.0085556e+00   2.5905491e-01   2.0531222e+01  -9.9355222e-03  -2.2598434e-03  -1.7910236e-01  -4.5626673e+01
  5.3384452709563e+00   1.0098150e+00   2.5757950e-01   2.0531210e+01  -9.9465510e-03  -2.2641553e-03  -1.8047185e-01  -4.5626673e+01
  5.3433205634412e+00   1.0110667e+00   2.5597693e-01   2.0531198e+01  -9.9575969e-03  -2.2668139e-03  -1.8181484e-01  -4.5626673e+01
  5.3481958559261e+00   1.0123105e+00   2.5431076e-01   2.0531187e+01  -9.9686505e-03  -2.2673147e-03  -1.8304637e-01  -4.5626673e+01
  5.3530711484110e+00   1.0135462e+00   2.5265504e-01   2.0531178e+01  -9.9797005e-03  -2.2653841e-03  -1.8408896e-01  -4.5626673e+01
  5.3579464408959e+00   1.0147739e+00   2.5108509e-01   2.0531170e+01  -9.9907353e-03  -2.2613048e-03  -1.8490638e-01  -4.5626673e+01
  5.3628217333808e+00   1.0159944e+00   2.4965336e-01   2.0531165e+01  -1.0001747e-02  -2.2560068e-03  -1.8553104e-01  -4.5626673e+01
  5.3676970258657e+00   1.0172082e+00   2.4836609e-01   2.0531160e+01  -1.0012732e-02  -2.2507014e-03  -1.8605402e-01  -4.5626673e+01
  5.3725723183506e+00   1.0184161e+00   2.4718503e-01   2.0531155e+01  -1.0023693e-02  -2.2464226e-03  -1.8658755e-01  -4.5626673e+01
  5.3774476108354e+00   1.0196183e+00   2.4605500e-01   2.0531149e+01  -1.0034638e-02  -2.2439718e-03  -1.8723992e-01  -4.5626673e+01
  5.3823229033203e+00   1.0208151e+00   2.4493147e-01   2.0531141e+01  -1.0045577e-02  -2.2441657e-03  -1.8811500e-01  -4.5626673e+01
  5.3871981958052e+00   1.0220063e+00   2.4378873e-01   2.0531130e+01  -1.0056526e-02  -2.2479404e-03  -1.8931456e-01  -4.5626673e+01
  5.3920734882901e+00   1.0231919e+00   2.4261590e-01   2.0531115e+01  -1.0067504e-02  -2.2561951e-03  -1.9092813e-01  -4.5626673e+01
  5.3969487807750e+00   1.0243717e+00   2.4141978e-01   2.0531096e+01  -1.0078536e-02  -2.2695995e-03  -1.9301387e-01  -4.5626673e+01
  5.4018240732599e+00   1.0255457e+00   2.4023995e-01   2.0531071e+01  -1.0089646e-02  -2.2885715e-03  -1.9558289e-01  -4.5626673e+01
  5.4066993657448e+00   1.0267142e+00   2.3916212e-01   2.0531042e+01  -1.0100864e-02  -2.3134908e-03  -1.9860327e-01  -4.5626673e+01
  5.4115746582297e+00   1.0278779e+00   2.3831194e-01   2.0531009e+01  -1.0112219e-02  -2.3449492e-03  -2.0202166e-01  -4.5626673e+01
  5.4164499507146e+00   1.0290384e+00   2.3782828e-01   2.0530972e+01  -1.0123746e-02  -2.3836347e-03  -2.0577174e-01  -4.5626673e+01
  5.4213252431995e+00   1.0301976e+00   2.3783403e-01   2.0530932e+01  -1.0135480e-02  -2.4298034e-03  -2.0975185e-01  -4.5626673e+01
  5.4262005356844e+00   1.0313584e+00   2.3842091e-01   2.0530890e+01  -1.0147457e-02  -2.4828404e-03  -2.1380223e-01  -4.5626673e+01
  5.4310758281693e+00   1.0325236e+00   2.3964339e-01   2.0530849e+01  -1.0159707e-02  -2.5412883e-03  -2.1771853e-01  -4.5626673e+01
  5.4359511206541e+00   1.0336963e+00   2.4150678e-01   2.0530810e+01  -1.0172252e-02  -2.6031352e-03  -2.2129596e-01  -4.5626673e+01
  5.4408264131390e+00   1.0348797e+00   2.4395045e-01   2.0530777e+01  -1.0185101e-02  -2.6660059e-03  -2.2437004e-01  -4.5626673e+01
  5.4457017056239e+00   1.0360762e+00   2.4684544e-01   2.0530750e+01  -1.0198254e-02  -2.7272275e-03  -2.2683031e-01  -4.5626673e+01
  5.4505769981088e+00   1.0372875e+00   2.5002095e-01   2.0530730e+01  -1.0211695e-02  -2.7839751e-03  -2.2860901e-01  -4.5626673e+01
  5.4554522905937e+00   1.0385147e+00   2.5331043e-01   2.0530719e+01  -1.0225397e-02  -2.8336584e-03  -2.2966699e-01  -4.5626673e+01
  5.4603275830786e+00   1.0397580e+00   2.5659013e-01   2.0530715e+01  -1.0239318e-02  -2.8744236e-03  -2.2999315e-01  -4.5626673e+01
  5.4652028755635e+00   1.0410170e+00   2.5978924e-01   2.0530719e+01  -1.0253414e-02  -2.9053327e-03  -2.2960370e-01  -4.5626673e+01
  5.4700781680484e+00   1.0422914e+00   2.6287564e-01   2.0530731e+01  -1.0267634e-02  -2.9259924e-03  -2.2852161e-01  -4.5626673e+01
  5.4749534605333e+00   1.0435805e+00   2.6583850e-01   2.0530751e+01  -1.0281929e-02  -2.9360802e-03  -2.2675395e-01  -4.5626673e+01
  5.4798287530182e+00   1.0448837e+00   2.6867697e-01   2.0530778e+01  -1.0296246e-02  -2.9353251e-03  -2.2430098e-01  -4.5626673e+01
  5.4847040455031e+00   1.0462005e+00   2.7138572e-01   2.0530812e+01  -1.0310532e-02  -2.9238329e-03  -2.2119315e-01  -4.5626673e+01
  5.4895793379879e+00   1.0475301e+00   2.7393490e-01   2.0530851e+01  -1.0324736e-02  -2.9022654e-03  -2.1751875e-01  -4.5626673e+01
  5.4944546304729e+00   1.0488716e+00   2.7626126e-01   2.0530894e+01  -1.0338812e-02  -2.8717447e-03  -2.1341930e-01  -4.5626673e+01
  5.4993299229577e+00   1.0502236e+00   2.7828413e-01   2.0530939e+01  -1.0352719e-02  -2.8336947e-03  -2.0906120e-01  -4.5626673e+01
  5.5042052154426e+00   1.0515847e+00   2.7993777e-01   2.0530984e+01  -1.0366426e-02  -2.7897639e-03  -2.0460475e-01  -4.5626673e+01
  5.5090805079275e+00   1.0529528e+00   2.8119827e-01   2.0531027e+01  -1.0379907e-02  -2.7417989e-03  -2.0018597e-01  -4.5626673e+01
  5.5139558004124e+00   1.0543261e+00   2.8208893e-01   2.0531068e+01  -1.0393148e-02  -2.6917116e-03  -1.9590884e-01  -4.5626673e+01
  5.5188310928973e+00   1.0557029e+00   2.8266461e-01   2.0531107e+01  -1.0406144e-02  -2.6411065e-03  -1.9183456e-01  -4.5626673e+01
  5.5237063853822e+00   1.0570819e+00   2.8299092e-01   2.0531143e+01  -1.0418893e-02  -2.5908637e-03  -1.8796855e-01  -4.5626673e+01
  5.5285816778671e+00   1.0584620e+00   2.8313344e-01   2.0531176e+01  -1.0431399e-02  -2.5410963e-03  -1.8426540e-01  -4.5626673e+01
  5.5334569703520e+00   1.0598424e+00   2.8315389e-01   2.0531208e+01  -1.0443663e-02  -2.4915626e-03  -1.8066074e-01  -4.5626673e+01
  5.5383322628369e+00   1.0612228e+00   2.8310186e-01   2.0531239e+01  -1.0455685e-02  -2.4421473e-03  -1.7711049e-01  -4.5626673e+01
  5.5432075553218e+00   1.0626028e+00   2.8300360e-01   2.0531269e+01  -1.0467468e-02  -2.3930635e-03  -1.7361133e-01  -4.5626673e+01
  5.5480828478066e+00   1.0639822e+00   2.8286198e-01   2.0531298e+01  -1.0479012e-02  -2.3447741e-03  -1.7019345e-01  -4.5626673e+01
  5.5529581402916e+00   1.0653607e+00   2.8267396e-01   2.0531325e+01  -1.0490325e-02  -2.2978322e-03  -1.6689737e-01  -4.5626673e+01
  5.5578334327764e+00   1.0667383e+00   2.8245385e-01   2.0531350e+01  -1.0501413e-02  -2.2528136e-03  -1.6375526e-01  -4.5626673e+01
  5.5627087252613e+00   1.0681148e+00   2.8224259e-01   2.0531373e+01  -1.0512288e-02  -2.2103174e-03  -1.6078669e-01  -4.5626673e+01
  5.5675840177462e+00   1.0694904e+00   2.8209373e-01   2.0531395e+01  -1.0522963e-02  -2.1708177e-03  -1.5799683e-01  -4.5626673e+01
  5.5724593102311e+00   1.0708655e+00   2.8205002e-01   2.0531415e+01  -1.0533454e-02  -2.1343052e-03  -1.5536360e-01  -4.5626673e+01
  5.5773346027160e+00   1.0722408e+00   2.8213331e-01   2.0531434e+01  -1.0543772e-02  -2.1000501e-03  -1.5282506e-01  -4.5626673e+01
  5.5822098952009e+00   1.0736168e+00   2.8235032e-01   2.0531453e+01  -1.0553927e-02  -2.0668070e-03  -1.5029043e-01  -4.5626673e+01
  5.5870851876858e+00   1.0749941e+00   2.8269574e-01   2.0531472e+01  -1.0563919e-02  -2.0333268e-03  -1.4767535e-01  -4.5626673e+01
  5.5919604801707e+00   1.0763734e+00   2.8314430e-01   2.0531491e+01  -1.0573745e-02  -1.9987772e-03  -1.4493626e-01  -4.5626673e+01
  5.5968357726556e+00   1.0777551e+00   2.8364474e-01   2.0531511e+01  -1.0583400e-02  -1.9628705e-03  -1.4208160e-01  -4.5626673e+01
  5.6017110651405e+00   1.0791392e+00   2.8412939e-01   2.0531531e+01  -1.0592877e-02  -1.9257955e-03  -1.3916030e-01  -4.5626673e+01
  5.6065863576253e+00   1.0805255e+00   2.8453639e-01   2.0531551e+01  -1.0602171e-02  -1.8881428e-03  -1.3624443e-01  -4.5626673e+01
  5.6114616501103e+00   1.0819135e+00   2.8483030e-01   2.0531570e+01  -1.0611282e-02  -1.8508898e-03  -1.3341865e-01  -4.5626673e+01
  5.6163369425951e+00   1.0833026e+00   2.8500913e-01   2.0531587e+01  -1.0620215e-02  -1.8152873e-03  -1.3077030e-01  -4.5626673e+01
  5.6212122350800e+00   1.0846923e+00   2.8509768e-01   2.0531602e+01  -1.0628981e-02  -1.7824965e-03  -1.2836832e-01  -4.5626673e+01
  5.6260875275649e+00   1.0860824e+00   2.8513799e-01   2.0531615e+01  -1.0637596e-02  -1.7531657e-03  -1.2623826e-01  -4.5626673e+01
  5.6309628200498e+00   1.0874726e+00   2.8518238e-01   2.0531626e+01  -1.0646076e-02  -1.7273050e-03  -1.2435684e-01  -4.5626673e+01
  5.6358381125347e+00   1.0888632e+00   2.8528278e-01   2.0531637e+01  -1.0654439e-02  -1.7045064e-03  -1.2267234e-01  -4.5626673e+01
  5.6407134050196e+00   1.0902545e+00   2.8547218e-01   2.0531646e+01  -1.0662697e-02  -1.6841968e-03  -1.2113030e-01  -4.5626673e+01
  5.6455886975045e+00   1.0916469e+00   2.8574815e-01   2.0531654e+01  -1.0670861e-02  -1.6656971e-03  -1.1968412e-01  -4.5626673e+01
  5.6504639899894e+00   1.0930408e+00   2.8607042e-01   2.0531662e+01  -1.0678937e-02  -1.6481740e-03  -1.1829168e-01  -4.5626673e+01
  5.6553392824743e+00   1.0944363e+00   2.8637475e-01   2.0531670e+01  -1.0686929e-02  -1.6307080e-03  -1.1691379e-01  -4.5626673e+01
  5.6602145749592e+00   1.0958330e+00   2.8659582e-01   2.0531678e+01  -1.0694833e-02  -1.6125678e-03  -1.1552409e-01  -4.5626673e+01
  5.6650898674440e+00   1.0972305e+00   2.8668717e-01   2.0531686e+01  -1.0702648e-02  -1.5935154e-03  -1.1412286e-01  -4.5626673e+01
  5.6699651599289e+00   1.0986281e+00   2.8662868e-01   2.0531694e+01  -1.0710367e-02  -1.5738308e-03  -1.1273614e-01  -4.5626673e+01
  5.6748404524138e+00   1.1000251e+00   2.8642557e-01   2.0531701e+01  -1.0717990e-02  -1.5539769e-03  -1.1139295e-01  -4.5626673e+01
  5.6797157448987e+00   1.1014207e+00   2.8610830e-01   2.0531708e+01  -1.0725516e-02  -1.5342244e-03  -1.1009903e-01  -4.5626673e+01
  5.6845910373836e+00   1.1028147e+00   2.8573222e-01   2.0531715e+01  -1.0732946e-02  -1.5145729e-03  -1.0883189e-01  -4.5626673e+01
  5.6894663298685e+00   1.1042067e+00   2.8536616e-01   2.0531721e+01  -1.0740281e-02  -1.4949274e-03  -1.0755807e-01  -4.5626673e+01
  5.6943416223534e+00   1.1055972e+00   2.8507016e-01   2.0531728e+01  -1.0747520e-02  -1.4752450e-03  -1.0625219e-01  -4.5626673e+01
  5.6992169148383e+00   1.1069865e+00   2.8487577e-01   2.0531735e+01  -1.0754662e-02  -1.4555197e-03  -1.0490308e-01  -4.5626673e+01
  5.7040922073232e+00   1.1083751e+00   2.8478283e-01   2.0531742e+01  -1.0761708e-02  -1.4357228e-03  -1.0351007e-01  -4.5626673e+01
  5.7089674998081e+00   1.1097634e+00   2.8477425e-01   2.0531749e+01  -1.0768658e-02  -1.4158685e-03  -1.0208176e-01  -4.5626673e+01
  5.7138427922930e+00   1.1111519e+00   2.8483495e-01   2.0531756e+01  -1.0775511e-02  -1.3962279e-03  -1.0064429e-01  -4.5626673e+01
  5.7187180847779e+00   1.1125408e+00   2.8495702e-01   2.0531763e+01  -1.0782270e-02  -1.3774766e-03  -9.9250137e-02  -4.5626673e+01
  5.7235933772628e+00   1.1139305e+00   2.8513036e-01   2.0531769e+01  -1.0788942e-02  -1.3605036e-03  -9.7967636e-02  -4.5626673e+01
  5.7284686697476e+00   1.1153211e+00   2.8533751e-01   2.0531775e+01  -1.0795537e-02  -1.3459091e-03  -9.6846371e-02  -4.5626673e+01
  5.7333439622325e+00   1.1167128e+00   2.8556326e-01   2.0531779e+01  -1.0802067e-02  -1.3335648e-03  -9.5882285e-02  -4.5626673e+01
  5.7382192547174e+00   1.1181056e+00   2.8580648e-01   2.0531783e+01  -1.0808541e-02  -1.3225716e-03  -9.5010983e-02  -4.5626673e+01
  5.7430945472023e+00   1.1194996e+00   2.8607937e-01   2.0531787e+01  -1.0814961e-02  -1.3115711e-03  -9.4130869e-02  -4.5626673e+01
  5.7479698396872e+00   1.1208951e+00   2.8639778e-01   2.0531792e+01  -1.0821325e-02  -1.2991421e-03  -9.3135206e-02  -4.5626673e+01
  5.7528451321721e+00   1.1222923e+00   2.8677471e-01   2.0531797e+01  -1.0827622e-02  -1.2841145e-03  -9.1936904e-02  -4.5626673e+01
  5.7577204246570e+00   1.1236915e+00   2.8722120e-01   2.0531804e+01  -1.0833838e-02  -1.2658317e-03  -9.0487084e-02  -4.5626673e+01
  5.7625957171419e+00   1.1250931e+00   2.8774781e-01   2.0531811e+01  -1.0839956e-02  -1.2444253e-03  -8.8794089e-02  -4.5626673e+01
  5.7674710096268e+00   1.1264975e+00   2.8835946e-01   2.0531819e+01  -1.0845965e-02  -1.2209963e-03  -8.6937586e-02  -4.5626673e+01
  5.7723463021117e+00   1.1279050e+00   2.8904543e-01   2.0531827e+01  -1.0851858e-02  -1.1974680e-03  -8.5060005e-02  -4.5626673e+01
  5.7772215945966e+00   1.1293160e+00   2.8977597e-01   2.0531834e+01  -1.0857641e-02  -1.1760470e-03  -8.3327827e-02  -4.5626673e+01
  5.7820968870815e+00   1.1307306e+00   2.9051243e-01   2.0531840e+01  -1.0863328e-02  -1.1585668e-03  -8.1881205e-02  -4.5626673e+01
  5.7869721795663e+00   1.1321488e+00   2.9122403e-01   2.0531844e+01  -1.0868943e-02  -1.1460448e-03  -8.0798323e-02  -4.5626673e+01
  5.7918474720512e+00   1.1335703e+00   2.9190023e-01   2.0531847e+01  -1.0874509e-02  -1.1385275e-03  -8.0082404e-02  -4.5626673e+01
  5.7967227645361e+00   1.1349950e+00   2.9255385e-01   2.0531849e+01  -1.0880050e-02  -1.1351127e-03  -7.9663840e-02  -4.5626673e+01
  5.8015980570210e+00   1.1364230e+00   2.9321635e-01   2.0531849e+01  -1.0885581e-02  -1.1341144e-03  -7.9413941e-02  -4.5626673e+01
  5.8064733495059e+00   1.1378543e+00   2.9392847e-01   2.0531850e+01  -1.0891109e-02  -1.1334214e-03  -7.9173134e-02  -4.5626673e+01
  5.8113486419908e+00   1.1392892e+00   2.9472933e-01   2.0531852e+01  -1.0896629e-02  -1.1310259e-03  -7.8791126e-02  -4.5626673e+01
  5.8162239344757e+00   1.1407284e+00   2.9564511e-01   2.0531854e+01  -1.0902131e-02  -1.1255345e-03  -7.8165709e-02  -4.5626673e+01
  5.8210992269606e+00   1.1421723e+00   2.9667754e-01   2.0531858e+01  -1.0907597e-02  -1.1164138e-03  -7.7262500e-02  -4.5626673e+01
  5.8259745194455e+00   1.1436215e+00   2.9779697e-01   2.0531862e+01  -1.0913009e-02  -1.1038829e-03  -7.6108131e-02  -4.5626673e+01
  5.8308498119304e+00   1.1450762e+00   2.9894629e-01   2.0531867e+01  -1.0918354e-02  -1.0886375e-03  -7.4768483e-02  -4.5626673e+01
  5.8357251044153e+00   1.1465365e+00   3.0005353e-01   2.0531872e+01  -1.0923619e-02  -1.0716297e-03  -7.3328795e-02  -4.5626673e+01
  5.8406003969002e+00   1.1480019e+00   3.0104468e-01   2.0531877e+01  -1.0928799e-02  -1.0538866e-03  -7.1877270e-02  -4.5626673e+01
  5.8454756893850e+00   1.1494717e+00   3.0185359e-01   2.0531882e+01  -1.0933892e-02  -1.0362277e-03  -7.0483523e-02  -4.5626673e+01
  5.8503509818699e+00   1.1509449e+00   3.0243140e-01   2.0531887e+01  -1.0938900e-02  -1.0189153e-03  -6.9173552e-02  -4.5626673e+01
  5.8552262743548e+00   1.1524202e+00   3.0275610e-01   2.0531891e+01  -1.0943824e-02  -1.0014560e-03  -6.7915344e-02  -4.5626673e+01
  5.8601015668397e+00   1.1538966e+00   3.0283895e-01   2.0531895e+01  -1.0948660e-02  -9.8271706e-04  -6.6626316e-02  -4.5626673e+01
  5.8649768593246e+00   1.1553728e+00   3.0272320e-01   2.0531900e+01  -1.0953399e-02  -9.6134101e-04  -6.5201997e-02  -4.5626673e+01
  5.8698521518095e+00   1.1568480e+00   3.0247366e-01   2.0531905e+01  -1.0958024e-02  -9.3627005e-04  -6.3553988e-02  -4.5626673e+01
  5.8747274442944e+00   1.1583219e+00   3.0216108e-01   2.0531911e+01  -1.0962517e-02  -9.0712926e-04  -6.1639629e-02  -4.5626673e+01
  5.8796027367793e+00   1.1597942e+00   3.0184820e-01   2.0531917e+01  -1.0966858e-02  -8.7432934e-04  -5.9472469e-02  -4.5626673e+01
  5.8844780292642e+00   1.1612651e+00   3.0158040e-01   2.0531924e+01  -1.0971032e-02  -8.3894119e-04  -5.7116034e-02  -4.5626673e+01
  5.8893533217491e+00   1.1627349e+00   3.0137936e-01   2.0531930e+01  -1.0975031e-02  -8.0246085e-04  -5.4668873e-02  -4.5626673e+01
  5.8942286142340e+00   1.1642038e+00   3.0123961e-01   2.0531937e+01  -1.0978852e-02  -7.6653349e-04  -5.2245509e-02  -4.5626673e+01
  5.8991039067189e+00   1.1656722e+00   3.0113073e-01   2.0531942e+01  -1.0982502e-02  -7.3266721e-04  -4.9955316e-02  -4.5626673e+01
  5.9039791992037e+00   1.1671400e+00   3.0100612e-01   2.0531947e+01  -1.0985996e-02  -7.0195593e-04  -4.7881159e-02  -4.5626673e+01
  5.9088544916886e+00   1.1686070e+00   3.0081752e-01   2.0531951e+01  -1.0989348e-02  -6.7485505e-04  -4.6061449e-02  -4.5626673e+01
  5.9137297841735e+00   1.1700729e+00   3.0053300e-01   2.0531955e+01  -1.0992577e-02  -6.5113507e-04  -4.4484552e-02  -4.5626673e+01
  5.9186050766584e+00   1.1715372e+00   3.0015201e-01   2.0531958e+01  -1.0995698e-02  -6.3011502e-04  -4.3103143e-02  -4.5626673e+01
  5.9234803691433e+00   1.1729994e+00   2.9970893e-01   2.0531960e+01  -1.0998721e-02  -6.1104584e-04  -4.1860512e-02  -4.5626673e+01
  5.9283556616282e+00   1.1744595e+00   2.9926320e-01   2.0531963e+01  -1.1001655e-02  -5.9336490e-04  -4.0709804e-02  -4.5626673e+01
  5.9332309541131e+00   1.1759175e+00   2.9888259e-01   2.0531965e+01  -1.1004506e-02  -5.7672331e-04  -3.9618443e-02  -4.5626673e+01
  5.9381062465980e+00   1.1773739e+00   2.9862639e-01   2.0531967e+01  -1.1007277e-02  -5.6093200e-04  -3.8566709e-02  -4.5626673e+01
  5.9429815390829e+00   1.1788295e+00   2.9853098e-01   2.0531969e+01  -1.1009974e-02  -5.4594469e-04  -3.7548261e-02  -4.5626673e+01
  5.9478568315678e+00   1.1802850e+00   2.9859933e-01   2.0531970e+01  -1.1012600e-02  -5.3182940e-04  -3.6569090e-02  -4.5626673e+01
  5.9527321240527e+00   1.1817412e+00   2.9879811e-01   2.0531972e+01  -1.1015159e-02  -5.1866168e-04  -3.5639941e-02  -4.5626673e+01
  5.9576074165375e+00   1.1831986e+00   2.9906631e-01   2.0531974e+01  -1.1017656e-02  -5.0640384e-04  -3.4766438e-02  -4.5626673e+01
  5.9624827090224e+00   1.1846574e+00   2.9933435e-01   2.0531975e+01  -1.1020096e-02  -4.9492002e-04  -3.3947610e-02  -4.5626673e+01
  5.9673580015073e+00   1.1861173e+00   2.9954513e-01   2.0531976e+01  -1.1022481e-02  -4.8418801e-04  -3.3188110e-02  -4.5626673e+01
  5.9722332939922e+00   1.1875780e+00   2.9966508e-01   2.0531977e+01  -1.1024817e-02  -4.7456606e-04  -3.2515566e-02  -4.5626673e+01
  5.9771085864771e+00   1.1890390e+00   2.9968137e-01   2.0531978e+01  -1.1027110e-02  -4.6688350e-04  -3.1987447e-02  -4.5626673e+01
  5.9819838789620e+00   1.1904999e+00   2.9959319e-01   2.0531979e+01  -1.1029373e-02  -4.6227008e-04  -3.1680692e-02  -4.5626673e+01
  5.9868591714469e+00   1.1919600e+00   2.9940617e-01   2.0531979e+01  -1.1031624e-02  -4.6183354e-04  -3.1670544e-02  -4.5626673e+01
  5.9917344639318e+00   1.1934191e+00   2.9913073e-01   2.0531978e+01  -1.1033885e-02  -4.6632114e-04  -3.2007729e-02  -4.5626673e+01
  5.9966097564167e+00   1.1948766e+00   2.9878027e-01   2.0531977e+01  -1.1036180e-02  -4.7582904e-04  -3.2698648e-02  -4.5626673e+01
  6.0014850489016e+00   1.1963322e+00   2.9836784e-01   2.0531975e+01  -1.1038533e-02  -4.8959887e-04  -3.3691405e-02  -4.5626673e+01
  6.0063603413865e+00   1.1977857e+00   2.9790427e-01   2.0531973e+01  -1.1040961e-02  -5.0595530e-04  -3.4871138e-02  -4.5626673e+01
  6.0112356338714e+00   1.1992368e+00   2.9740167e-01   2.0531971e+01  -1.1043470e-02  -5.2245787e-04  -3.6069367e-02  -4.5626673e+01
  6.0161109263562e+00   1.2006854e+00   2.9687965e-01   2.0531970e+01  -1.1046053e-02  -5.3633607e-04  -3.7092592e-02  -4.5626673e+01
  6.0209862188411e+00   1.2021315e+00   2.9636449e-01   2.0531968e+01  -1.1048693e-02  -5.4514873e-04  -3.7767603e-02  -4.5626673e+01
  6.0258615113260e+00   1.2035751e+00   2.9587692e-01   2.0531968e+01  -1.1051359e-02  -5.4739845e-04  -3.7985955e-02  -4.5626673e+01
  6.0307368038109e+00   1.2050164e+00   2.9541766e-01   2.0531968e+01  -1.1054019e-02  -5.4281498e-04  -3.7726452e-02  -4.5626673e+01
  6.0356120962958e+00   1.2064555e+00   2.9496415e-01   2.0531970e+01  -1.1056641e-02  -5.3228091e-04  -3.7051199e-02  -4.5626673e+01
  6.0404873887807e+00   1.2078924e+00   2.9447914e-01   2.0531971e+01  -1.1059200e-02  -5.1758792e-04  -3.6087786e-02  -4.5626673e+01
  6.0453626812656e+00   1.2093267e+00   2.9392131e-01   2.0531973e+01  -1.1061682e-02  -5.0114743e-04  -3.5007824e-02  -4.5626673e+01
  6.0502379737505e+00   1.2107580e+00   2.9325274e-01   2.0531975e+01  -1.1064086e-02  -4.8560703e-04  -3.3999584e-02  -4.5626673e+01
  6.0551132662354e+00   1.2121857e+00   2.9244665e-01   2.0531976e+01  -1.1066420e-02  -4.7332744e-04  -3.3231182e-02  -4.5626673e+01
  6.0599885587203e+00   1.2136091e+00   2.9149883e-01   2.0531977e+01  -1.1068707e-02  -4.6586899e-04  -3.2813892e-02  -4.5626673e+01
  6.0648638512052e+00   1.2150276e+00   2.9043864e-01   2.0531977e+01  -1.1070971e-02  -4.6377540e-04  -3.2785672e-02  -4.5626673e+01
  6.0697391436901e+00   1.2164408e+00   2.8932969e-01   2.0531976e+01  -1.1073238e-02  -4.6679315e-04  -3.3125483e-02  -4.5626673e+01
  6.0746144361749e+00   1.2178486e+00   2.8825525e-01   2.0531975e+01  -1.1075531e-02  -4.7432367e-04  -3.3785340e-02  -4.5626673e+01
  6.0794897286598e+00   1.2192515e+00   2.8729548e-01   2.0531974e+01  -1.1077870e-02  -4.8576652e-04  -3.4715984e-02  -4.5626673e+01
  6.0843650211447e+00   1.2206501e+00   2.8651004e-01   2.0531972e+01  -1.1080275e-02  -5.0063936e-04  -3.5876974e-02  -4.5626673e+01
  6.0892403136296e+00   1.2220454e+00   2.8593118e-01   2.0531969e+01  -1.1082760e-02  -5.1863075e-04  -3.7241515e-02  -4.5626673e+01
  6.0941156061145e+00   1.2234383e+00   2.8556255e-01   2.0531966e+01  -1.1085340e-02  -5.3970644e-04  -3.8804929e-02  -4.5626673e+01
  6.0989908985994e+00   1.2248300e+00   2.8537966e-01   2.0531963e+01  -1.1088031e-02  -5.6416741e-04  -4.0589664e-02  -4.5626673e+01
  6.1038661910843e+00   1.2262212e+00   2.8533513e-01   2.0531959e+01  -1.1090851e-02  -5.9249444e-04  -4.2634327e-02  -4.5626673e+01
  6.1087414835692e+00   1.2276123e+00   2.8537244e-01   2.0531954e+01  -1.1093820e-02  -6.2500432e-04  -4.4967761e-02  -4.5626673e+01
  6.1136167760541e+00   1.2290038e+00   2.8544575e-01   2.0531948e+01  -1.1096958e-02  -6.6155387e-04  -4.7585187e-02  -4.5626673e+01
  6.1184920685390e+00   1.2303956e+00   2.8553679e-01   2.0531941e+01  -1.1100283e-02  -7.0150341e-04  -5.0442631e-02  -4.5626673e+01
  6.1233673610239e+00   1.2317880e+00   2.8565915e-01   2.0531933e+01  -1.1103809e-02  -7.4389823e-04  -5.3468158e-02  -4.5626673e+01
  6.1282426535088e+00   1.2331811e+00   2.8584939e-01   2.0531925e+01  -1.1107545e-02  -7.8764847e-04  -5.6575036e-02  -4.5626673e+01
  6.1331179459937e+00   1.2345754e+00   2.8615325e-01   2.0531916e+01  -1.1111496e-02  -8.3161192e-04  -5.9669377e-02  -4.5626673e+01
  6.1379932384785e+00   1.2359716e+00   2.8661455e-01   2.0531907e+01  -1.1115660e-02  -8.7471000e-04  -6.2660688e-02  -4.5626673e+01
  6.1428685309634e+00   1.2373705e+00   2.8726597e-01   2.0531899e+01  -1.1120029e-02  -9.1618841e-04  -6.5483174e-02  -4.5626673e+01
  6.1477438234483e+00   1.2387731e+00   2.8811983e-01   2.0531890e+01  -1.1124597e-02  -9.5589577e-04  -6.8118696e-02  -4.5626673e+01
  6.1526191159332e+00   1.2401803e+00   2.8916155e-01   2.0531882e+01  -1.1129354e-02  -9.9434253e-04  -7.0603175e-02  -4.5626673e+01
  6.1574944084181e+00   1.2415930e+00   2.9035140e-01   2.0531873e+01  -1.1134298e-02  -1.0324703e-03  -7.3009981e-02  -4.5626673e+01
  6.1623697009030e+00   1.2430117e+00   2.9163542e-01   2.0531865e+01  -1.1139429e-02  -1.0713109e-03  -7.5422974e-02  -4.5626673e+01
  6.1672449933879e+00   1.2444369e+00   2.9296090e-01   2.0531855e+01  -1.1144753e-02  -1.1117762e-03  -7.7917661e-02  -4.5626673e+01
  6.1721202858728e+00   1.2458685e+00   2.9428887e-01   2.0531845e+01  -1.1150280e-02  -1.1546393e-03  -8.0556479e-02  -4.5626673e+01
  6.1769955783577e+00   1.2473066e+00   2.9559889e-01   2.0531834e+01  -1.1156023e-02  -1.2005475e-03  -8.3388143e-02  -4.5626673e+01
  6.1818708708426e+00   1.2487509e+00   2.9688838e-01   2.0531821e+01  -1.1161999e-02  -1.2499088e-03  -8.6439570e-02  -4.5626673e+01
  6.1867461633274e+00   1.2502016e+00   2.9817158e-01   2.0531807e+01  -1.1168225e-02  -1.3027018e-03  -8.9702785e-02  -4.5626673e+01
  6.1916214558124e+00   1.2516585e+00   2.9947928e-01   2.0531792e+01  -1.1174715e-02  -1.3584179e-03  -9.3130830e-02  -4.5626673e+01
  6.1964967482972e+00   1.2531220e+00   3.0085523e-01   2.0531776e+01  -1.1181483e-02  -1.4162523e-03  -9.6651714e-02  -4.5626673e+01
  6.2013720407821e+00   1.2545925e+00   3.0234656e-01   2.0531759e+01  -1.1188536e-02  -1.4754195e-03  -1.0019283e-01  -4.5626673e+01
  6.2062473332670e+00   1.2560706e+00   3.0399131e-01   2.0531741e+01  -1.1195880e-02  -1.5353374e-03  -1.0369754e-01  -4.5626673e+01
  6.2111226257519e+00   1.2575571e+00   3.0581093e-01   2.0531724e+01  -1.1203517e-02  -1.5955544e-03  -1.0712332e-01  -4.5626673e+01
  6.2159979182368e+00   1.2590530e+00   3.0781262e-01   2.0531706e+01  -1.1211447e-02  -1.6555728e-03  -1.1042996e-01  -4.5626673e+01
  6.2208732107217e+00   1.2605591e+00   3.0999705e-01   2.0531689e+01  -1.1219668e-02  -1.7147907e-03  -1.1357382e-01  -4.5626673e+01
  6.2257485032066e+00   1.2620763e+00   3.1236181e-01   2.0531672e+01  -1.1228174e-02  -1.7725594e-03  -1.1651107e-01  -4.5626673e+01
  6.2306237956915e+00   1.2636055e+00   3.1489721e-01   2.0531657e+01  -1.1236957e-02  -1.8281556e-03  -1.1919783e-01  -4.5626673e+01
  6.2354990881764e+00   1.2651474e+00   3.1758037e-01   2.0531643e+01  -1.1246003e-02  -1.8806216e-03  -1.2158261e-01  -4.5626673e+01
  6.2403743806613e+00   1.2667027e+00   3.2037297e-01   2.0531631e+01  -1.1255295e-02  -1.9286962e-03  -1.2360368e-01  -4.5626673e+01
  6.2452496731461e+00   1.2682718e+00   3.2322056e-01   2.0531621e+01  -1.1264807e-02  -1.9710299e-03  -1.2520379e-01  -4.5626673e+01
  6.2501249656310e+00   1.2698547e+00   3.2605004e-01   2.0531614e+01  -1.1274509e-02  -2.0065647e-03  -1.2635488e-01  -4.5626673e+01
  6.2550002581159e+00   1.2714513e+00   3.2876895e-01   2.0531610e+01  -1.1284366e-02  -2.0347689e-03  -1.2707125e-01  -4.5626673e+01
  6.2598755506008e+00   1.2730605e+00   3.3127479e-01   2.0531608e+01  -1.1294341e-02  -2.0555954e-03  -1.2740082e-01  -4.5626673e+01
  6.2647508430857e+00   1.2746813e+00   3.3347612e-01   2.0531608e+01  -1.1304400e-02  -2.0693596e-03  -1.2740726e-01  -4.5626673e+01
  6.2696261355706e+00   1.2763118e+00   3.3531558e-01   2.0531609e+01  -1.1314510e-02  -2.0767821e-03  -1.2716283e-01  -4.5626673e+01
  6.2745014280555e+00   1.2779504e+00   3.3678154e-01   2.0531612e+01  -1.1324643e-02  -2.0791612e-03  -1.2675437e-01  -4.5626673e+01
  6.2793767205404e+00   1.2795953e+00   3.3790403e-01   2.0531615e+01  -1.1334778e-02  -2.0784105e-03  -1.2628770e-01  -4.5626673e+01
  6.2842520130253e+00   1.2812449e+00   3.3874204e-01   2.0531617e+01  -1.1344907e-02  -2.0768366e-03  -1.2587990e-01  -4.5626673e+01
  6.2891273055102e+00   1.2828980e+00   3.3937028e-01   2.0531619e+01  -1.1355031e-02  -2.0768176e-03  -1.2564573e-01  -4.5626673e+01
  6.2940025979951e+00   1.2845538e+00   3.3986609e-01   2.0531618e+01  -1.1365164e-02  -2.0805747e-03  -1.2568940e-01  -4.5626673e+01
  6.2988778904800e+00   1.2862119e+00   3.4029297e-01   2.0531616e+01  -1.1375328e-02  -2.0899923e-03  -1.2609993e-01  -4.5626673e+01
  6.3037531829648e+00   1.2878719e+00   3.4068253e-01   2.0531611e+01  -1.1385556e-02  -2.1063075e-03  -1.2693896e-01  -4.5626673e+01
  6.3086284754497e+00   1.2895337e+00   3.4102390e-01   2.0531603e+01  -1.1395881e-02  -2.1296708e-03  -1.2821845e-01  -4.5626673e+01
  6.3135037679346e+00   1.2911970e+00   3.4126833e-01   2.0531592e+01  -1.1406335e-02  -2.1588778e-03  -1.2988372e-01  -4.5626673e+01
  6.3183790604195e+00   1.2928610e+00   3.4134730e-01   2.0531580e+01  -1.1416942e-02  -2.1915823e-03  -1.3182072e-01  -4.5626673e+01
  6.3232543529044e+00   1.2945249e+00   3.4119250e-01   2.0531567e+01  -1.1427711e-02  -2.2249482e-03  -1.3388827e-01  -4.5626673e+01
  6.3281296453893e+00   1.2961873e+00   3.4074828e-01   2.0531553e+01  -1.1438638e-02  -2.2563902e-03  -1.3595723e-01  -4.5626673e+01
  6.3330049378742e+00   1.2978468e+00   3.3997682e-01   2.0531540e+01  -1.1449710e-02  -2.2841433e-03  -1.3794170e-01  -4.5626673e+01
  6.3378802303591e+00   1.2995016e+00   3.3886149e-01   2.0531527e+01  -1.1460907e-02  -2.3077194e-03  -1.3982410e-01  -4.5626673e+01
  6.3427555228440e+00   1.3011501e+00   3.3740929e-01   2.0531514e+01  -1.1472211e-02  -2.3283577e-03  -1.4168166e-01  -4.5626673e+01
  6.3476308153289e+00   1.3027908e+00   3.3564787e-01   2.0531500e+01  -1.1483614e-02  -2.3493263e-03  -1.4370773e-01  -4.5626673e+01
  6.3525061078138e+00   1.3044221e+00   3.3361678e-01   2.0531482e+01  -1.1495131e-02  -2.3757652e-03  -1.4620962e-01  -4.5626673e+01
  6.3573814002987e+00   1.3060430e+00   3.3136081e-01   2.0531458e+01  -1.1506803e-02  -2.4139677e-03  -1.4957193e-01  -4.5626673e+01
  6.3622566927835e+00   1.3076524e+00   3.2893539e-01   2.0531424e+01  -1.1518706e-02  -2.4703782e-03  -1.5419558e-01  -4.5626673e+01
  6.3671319852684e+00   1.3092498e+00   3.2642332e-01   2.0531376e+01  -1.1530941e-02  -2.5507318e-03  -1.6043595e-01  -4.5626673e+01
  6.3720072777533e+00   1.3108349e+00   3.2395100e-01   2.0531311e+01  -1.1543639e-02  -2.6595429e-03  -1.6855606e-01  -4.5626673e+01
  6.3768825702382e+00   1.3124085e+00   3.2169098e-01   2.0531225e+01  -1.1556945e-02  -2.7998289e-03  -1.7869298e-01  -4.5626673e+01
  6.3817578627231e+00   1.3139719e+00   3.1984945e-01   2.0531116e+01  -1.1571017e-02  -2.9728904e-03  -1.9082965e-01  -4.5626673e+01
  6.3866331552080e+00   1.3155280e+00   3.1864644e-01   2.0530982e+01  -1.1586015e-02  -3.1781732e-03  -2.0477560e-01  -4.5626673e+01
  6.3915084476929e+00   1.3170802e+00   3.1829357e-01   2.0530823e+01  -1.1602091e-02  -3.4133549e-03  -2.2017091e-01  -4.5626673e+01
  6.3963837401778e+00   1.3186332e+00   3.1896728e-01   2.0530641e+01  -1.1619380e-02  -3.6746347e-03  -2.3652145e-01  -4.5626673e+01
  6.4012590326627e+00   1.3201924e+00   3.2077724e-01   2.0530441e+01  -1.1637999e-02  -3.9569768e-03  -2.5325513e-01  -4.5626673e+01
  6.4061343251476e+00   1.3217632e+00   3.2374016e-01   2.0530231e+01  -1.1658035e-02  -4.2541183e-03  -2.6977818e-01  -4.5626673e+01
  6.4110096176325e+00   1.3233513e+00   3.2777311e-01   2.0530018e+01  -1.1679540e-02  -4.5584939e-03  -2.8552056e-01  -4.5626673e+01
  6.4158849101174e+00   1.3249614e+00   3.3271017e-01   2.0529812e+01  -1.1702530e-02  -4.8614644e-03  -2.9997565e-01  -4.5626673e+01
  6.4207602026023e+00   1.3265974e+00   3.3833234e-01   2.0529621e+01  -1.1726974e-02  -5.1540499e-03  -3.1274188e-01  -4.5626673e+01
  6.4256354950871e+00   1.3282620e+00   3.4439702e-01   2.0529453e+01  -1.1752800e-02  -5.4279568e-03  -3.2355967e-01  -4.5626673e+01
  6.4305107875720e+00   1.3299568e+00   3.5066197e-01   2.0529313e+01  -1.1779900e-02  -5.6764939e-03  -3.3232724e-01  -4.5626673e+01
  6.4353860800569e+00   1.3316822e+00   3.5690642e-01   2.0529203e+01  -1.1808139e-02  -5.8951454e-03  -3.3908786e-01  -4.5626673e+01
  6.4402613725418e+00   1.3334375e+00   3.6295081e-01   2.0529121e+01  -1.1837362e-02  -6.0818133e-03  -3.4399781e-01  -4.5626673e+01
  6.4451366650267e+00   1.3352216e+00   3.6867033e-01   2.0529066e+01  -1.1867416e-02  -6.2367715e-03  -3.4728884e-01  -4.5626673e+01
  6.4500119575116e+00   1.3370325e+00   3.7399729e-01   2.0529033e+01  -1.1898149e-02  -6.3622574e-03  -3.4922978e-01  -4.5626673e+01
  6.4548872499965e+00   1.3388684e+00   3.7891365e-01   2.0529018e+01  -1.1929427e-02  -6.4616466e-03  -3.5008309e-01  -4.5626673e+01
  6.4597625424814e+00   1.3407273e+00   3.8344070e-01   2.0529019e+01  -1.1961132e-02  -6.5383873e-03  -3.5005850e-01  -4.5626673e+01
  6.4646378349663e+00   1.3426074e+00   3.8763057e-01   2.0529032e+01  -1.1993159e-02  -6.5950754e-03  -3.4927719e-01  -4.5626673e+01
  6.4695131274512e+00   1.3445072e+00   3.9155776e-01   2.0529058e+01  -1.2025415e-02  -6.6329692e-03  -3.4776123e-01  -4.5626673e+01
  6.4743884199361e+00   1.3464256e+00   3.9530552e-01   2.0529097e+01  -1.2057808e-02  -6.6519378e-03  -3.4544996e-01  -4.5626673e+01
  6.4792637124210e+00   1.3483621e+00   3.9894634e-01   2.0529151e+01  -1.2090244e-02  -6.6506409e-03  -3.4223151e-01  -4.5626673e+01
  6.4841390049058e+00   1.3503161e+00   4.0252356e-01   2.0529221e+01  -1.2122617e-02  -6.6268240e-03  -3.3797658e-01  -4.5626673e+01
  6.4890142973907e+00   1.3522874e+00   4.0604245e-01   2.0529309e+01  -1.2154812e-02  -6.5777924e-03  -3.3257000e-01  -4.5626673e+01
  6.4938895898756e+00   1.3542756e+00   4.0947288e-01   2.0529416e+01  -1.2186699e-02  -6.5010984e-03  -3.2594039e-01  -4.5626673e+01
  6.4987648823605e+00   1.3562803e+00   4.1275852e-01   2.0529539e+01  -1.2218139e-02  -6.3952577e-03  -3.1808354e-01  -4.5626673e+01
  6.5036401748454e+00   1.3583004e+00   4.1582670e-01   2.0529677e+01  -1.2248989e-02  -6.2601882e-03  -3.0907020e-01  -4.5626673e+01
  6.5085154673303e+00   1.3603348e+00   4.1859845e-01   2.0529825e+01  -1.2279110e-02  -6.0972255e-03  -2.9903354e-01  -4.5626673e+01
  6.5133907598152e+00   1.3623818e+00   4.2100071e-01   2.0529981e+01  -1.2308371e-02  -5.9088575e-03  -2.8814377e-01  -4.5626673e+01
  6.5182660523001e+00   1.3644395e+00   4.2297954e-01   2.0530140e+01  -1.2336657e-02  -5.6984145e-03  -2.7658370e-01  -4.5626673e+01
  6.5231413447850e+00   1.3665057e+00   4.2450827e-01   2.0530299e+01  -1.2363869e-02  -5.4698015e-03  -2.6453350e-01  -4.5626673e+01
  6.5280166372699e+00   1.3685782e+00   4.2558575e-01   2.0530455e+01  -1.2389929e-02  -5.2271896e-03  -2.5216206e-01  -4.5626673e+01
  6.5328919297548e+00   1.3706548e+00   4.2622653e-01   2.0530605e+01  -1.2414780e-02  -4.9746143e-03  -2.3961869e-01  -4.5626673e+01
  6.5377672222397e+00   1.3727335e+00   4.2645121e-01   2.0530748e+01  -1.2438383e-02  -4.7155950e-03  -2.2702408e-01  -4.5626673e+01
  6.5426425147245e+00   1.3748123e+00   4.2628327e-01   2.0530883e+01  -1.2460712e-02  -4.4529591e-03  -2.1446580e-01  -4.5626673e+01
  6.5475178072094e+00   1.3768894e+00   4.2575146e-01   2.0531009e+01  -1.2481757e-02  -4.1889186e-03  -2.0200219e-01  -4.5626673e+01
  6.5523930996943e+00   1.3789630e+00   4.2489192e-01   2.0531127e+01  -1.2501514e-02  -3.9252547e-03  -1.8967154e-01  -4.5626673e+01
  6.5572683921792e+00   1.3810317e+00   4.2374602e-01   2.0531236e+01  -1.2519990e-02  -3.6634370e-03  -1.7749993e-01  -4.5626673e+01
  6.5621436846641e+00   1.3830942e+00   4.2235564e-01   2.0531336e+01  -1.2537198e-02  -3.4046624e-03  -1.6550571e-01  -4.5626673e+01
  6.5670189771490e+00   1.3851493e+00   4.2075896e-01   2.0531428e+01  -1.2553153e-02  -3.1499313e-03  -1.5370460e-01  -4.5626673e+01
  6.5718942696339e+00   1.3871963e+00   4.1898708e-01   2.0531511e+01  -1.2567878e-02  -2.9002178e-03  -1.4211859e-01  -4.5626673e+01
  6.5767695621188e+00   1.3892342e+00   4.1705912e-01   2.0531587e+01  -1.2581401e-02  -2.6566348e-03  -1.3078464e-01  -4.5626673e+01
  6.5816448546037e+00   1.3912623e+00   4.1497694e-01   2.0531654e+01  -1.2593755e-02  -2.4204534e-03  -1.1975584e-01  -4.5626673e+01
  6.5865201470886e+00   1.3932798e+00   4.1272428e-01   2.0531713e+01  -1.2604979e-02  -2.1929689e-03  -1.0909319e-01  -4.5626673e+01
  6.5913954395735e+00   1.3952859e+00   4.1027447e-01   2.0531765e+01  -1.2615118e-02  -1.9753532e-03  -9.8854522e-02  -4.5626673e+01
  6.5962707320583e+00   1.3972794e+00   4.0760396e-01   2.0531810e+01  -1.2624223e-02  -1.7686339e-03  -8.9089555e-02  -4.5626673e+01
  6.6011460245432e+00   1.3992594e+00   4.0470421e-01   2.0531848e+01  -1.2632350e-02  -1.5737926e-03  -7.9843180e-02  -4.5626673e+01
  6.6060213170281e+00   1.4012247e+00   4.0158627e-01   2.0531880e+01  -1.2639559e-02  -1.3918384e-03  -7.1160447e-02  -4.5626673e+01
  6.6108966095130e+00   1.4031743e+00   3.9827916e-01   2.0531906e+01  -1.2645915e-02  -1.2237484e-03  -6.3086119e-02  -4.5626673e+01
  6.6157719019979e+00   1.4051074e+00   3.9482636e-01   2.0531928e+01  -1.2651489e-02  -1.0703241e-03  -5.5659448e-02  -4.5626673e+01
  6.6206471944828e+00   1.4070234e+00   3.9128209e-01   2.0531945e+01  -1.2656352e-02  -9.3210567e-04  -4.8910857e-02  -4.5626673e+01
  6.6255224869677e+00   1.4089220e+00   3.8770486e-01   2.0531958e+01  -1.2660581e-02  -8.0939291e-04  -4.2863588e-02  -4.5626673e+01
  6.6303977794526e+00   1.4108032e+00   3.8414691e-01   2.0531969e+01  -1.2664251e-02  -7.0226282e-04  -3.7534698e-02  -4.5626673e+01
  6.6352730719375e+00   1.4126671e+00   3.8064416e-01   2.0531977e+01  -1.2667437e-02  -6.1045187e-04  -3.2927823e-02  -4.5626673e+01
  6.6401483644224e+00   1.4145142e+00   3.7721409e-01   2.0531983e+01  -1.2670213e-02  -5.3313257e-04  -2.9018717e-02  -4.5626673e+01
  6.6450236569073e+00   1.4163448e+00   3.7386374e-01   2.0531987e+01  -1.2672645e-02  -4.6877140e-04  -2.5744161e-02  -4.5626673e+01
  6.6498989493922e+00   1.4181592e+00   3.7060160e-01   2.0531990e+01  -1.2674792e-02  -4.1522144e-04  -2.3004009e-02  -4.5626673e+01
  6.6547742418770e+00   1.4199580e+00   3.6744453e-01   2.0531993e+01  -1.2676700e-02  -3.7000866e-04  -2.0675271e-02  -4.5626673e+01
  6.6596495343619e+00   1.4217417e+00   3.6441678e-01   2.0531995e+01  -1.2678402e-02  -3.3063481e-04  -1.8628649e-02  -4.5626673e+01
  6.6645248268468e+00   1.4235111e+00   3.6154546e-01   2.0531996e+01  -1.2679923e-02  -2.9478401e-04  -1.6740645e-02  -4.5626673e+01
  6.6694001193317e+00   1.4252669e+00   3.5885748e-01   2.0531998e+01  -1.2681274e-02  -2.6047320e-04  -1.4902950e-02  -4.5626673e+01
  6.6742754118166e+00   1.4270101e+00   3.5637710e-01   2.0531999e+01  -1.2682457e-02  -2.2622531e-04  -1.3033547e-02  -4.5626673e+01
  6.6791507043015e+00   1.4287417e+00   3.5411990e-01   2.0532000e+01  -1.2683472e-02  -1.9123194e-04  -1.1087697e-02  -4.5626673e+01
  6.6840259967864e+00   1.4304629e+00   3.5208317e-01   2.0532001e+01  -1.2684315e-02  -1.5537707e-04  -9.0609337e-03  -4.5626673e+01
  6.6889012892713e+00   1.4321747e+00   3.5023916e-01   2.0532002e+01  -1.2684981e-02  -1.1905276e-04  -6.9792067e-03  -4.5626673e+01
  6.6937765817562e+00   1.4338779e+00   3.4853843e-01   2.0532002e+01  -1.2685470e-02  -8.2859700e-05  -4.8811707e-03  -4.5626673e+01
  6.6986518742411e+00   1.4355731e+00   3.4692306e-01   2.0532003e+01  -1.2685784e-02  -4.7368001e-05  -2.8033879e-03  -4.5626673e+01
  6.7035271667260e+00   1.4372604e+00   3.4534239e-01   2.0532003e+01  -1.2685928e-02  -1.3026615e-05  -7.7448500e-04  -4.5626673e+01
  6.7084024592109e+00   1.4389401e+00   3.4376400e-01   2.0532003e+01  -1.2685908e-02   1.9838511e-05   1.1848954e-03  -4.5626673e+01
  6.7132777516957e+00   1.4406120e+00   3.4217862e-01   2.0532003e+01  -1.2685732e-02   5.1033349e-05   3.0621926e-03  -4.5626673e+01
  6.7181530441806e+00   1.4422763e+00   3.4060113e-01   2.0532002e+01  -1.2685408e-02   8.0512977e-05   4.8534561e-03  -4.5626673e+01
  6.7230283366655e+00   1.4439329e+00   3.3906793e-01   2.0532002e+01  -1.2684945e-02   1.0833595e-04   6.5602012e-03  -4.5626673e+01
  6.7279036291504e+00   1.4455823e+00   3.3762776e-01   2.0532001e+01  -1.2684350e-02   1.3454125e-04   8.1817950e-03  -4.5626673e+01
  6.7327789216353e+00   1.4472250e+00   3.3632566e-01   2.0532001e+01  -1.2683632e-02   1.5904266e-04   9.7092328e-03  -4.5626673e+01
  6.7376542141202e+00   1.4488617e+00   3.3518655e-01   2.0532000e+01  -1.2682799e-02   1.8165360e-04   1.1127271e-02  -4.5626673e+01
  6.7425295066051e+00   1.4504934e+00   3.3420767e-01   2.0531999e+01  -1.2681860e-02   2.0225295e-04   1.2425380e-02  -4.5626673e+01
  6.7474047990900e+00   1.4521205e+00   3.3336295e-01   2.0531999e+01  -1.2680826e-02   2.2098281e-04   1.3610447e-02  -4.5626673e+01
  6.7522800915749e+00   1.4537439e+00   3.3261436e-01   2.0531998e+01  -1.2679705e-02   2.3834598e-04   1.4712892e-02  -4.5626673e+01
  6.7571553840598e+00   1.4553637e+00   3.3192252e-01   2.0531997e+01  -1.2678501e-02   2.5515347e-04   1.5783233e-02  -4.5626673e+01
  6.7620306765447e+00   1.4569802e+00   3.3125316e-01   2.0531996e+01  -1.2677214e-02   2.7236539e-04   1.6881968e-02  -4.5626673e+01
  6.7669059690296e+00   1.4585935e+00   3.3058122e-01   2.0531995e+01  -1.2675840e-02   2.9089315e-04   1.8067017e-02  -4.5626673e+01
  6.7717812615144e+00   1.4602035e+00   3.2989366e-01   2.0531994e+01  -1.2674371e-02   3.1140373e-04   1.9381213e-02  -4.5626673e+01
  6.7766565539993e+00   1.4618100e+00   3.2918895e-01   2.0531992e+01  -1.2672796e-02   3.3415855e-04   2.0841954e-02  -4.5626673e+01
  6.7815318464842e+00   1.4634131e+00   3.2847108e-01   2.0531991e+01  -1.2671105e-02   3.5894607e-04   2.2436914e-02  -4.5626673e+01
  6.7864071389691e+00   1.4650127e+00   3.2774055e-01   2.0531989e+01  -1.2669290e-02   3.8517221e-04   2.4129915e-02  -4.5626673e+01
  6.7912824314540e+00   1.4666086e+00   3.2698903e-01   2.0531987e+01  -1.2667344e-02   4.1210996e-04   2.5876820e-02  -4.5626673e+01
  6.7961577239389e+00   1.4682008e+00   3.2620218e-01   2.0531984e+01  -1.2665267e-02   4.3920746e-04   2.7644821e-02  -4.5626673e+01
  6.8010330164238e+00   1.4697891e+00   3.2536789e-01   2.0531982e+01  -1.2663057e-02   4.6630573e-04   2.9425709e-02  -4.5626673e+01
  6.8059083089087e+00   1.4713731e+00   3.2448267e-01   2.0531979e+01  -1.2660715e-02   4.9367716e-04   3.1237937e-02  -4.5626673e+01
  6.8107836013936e+00   1.4729527e+00   3.2355229e-01   2.0531976e+01  -1.2658238e-02   5.2190806e-04   3.3119234e-02  -4.5626673e+01
  6.8156588938785e+00   1.4745277e+00   3.2258916e-01   2.0531973e+01  -1.2655619e-02   5.5170316e-04   3.5114492e-02  -4.5626673e+01
  6.8205341863634e+00   1.4760980e+00   3.2161068e-01   2.0531969e+01  -1.2652850e-02   5.8365982e-04   3.7261466e-02  -4.5626673e+01
  6.8254094788482e+00   1.4776635e+00   3.2063790e-01   2.0531965e+01  -1.2649919e-02   6.1803067e-04   3.9575434e-02  -4.5626673e+01
  6.8302847713332e+00   1.4792243e+00   3.1969069e-01   2.0531960e+01  -1.2646814e-02   6.5452793e-04   4.2036699e-02  -4.5626673e+01
  6.8351600638180e+00   1.4807806e+00   3.1877939e-01   2.0531955e+01  -1.2643529e-02   6.9227239e-04   4.4587906e-02  -4.5626673e+01
  6.8400353563029e+00   1.4823325e+00   3.1789884e-01   2.0531949e+01  -1.2640058e-02   7.2995964e-04   4.7145481e-02  -4.5626673e+01
  6.8449106487878e+00   1.4838801e+00   3.1703159e-01   2.0531943e+01  -1.2636407e-02   7.6619854e-04   4.9621380e-02  -4.5626673e+01
  6.8497859412727e+00   1.4854236e+00   3.1615915e-01   2.0531937e+01  -1.2632586e-02   7.9987032e-04   5.1945001e-02  -4.5626673e+01
  6.8546612337576e+00   1.4869627e+00   3.1527361e-01   2.0531932e+01  -1.2628608e-02   8.3036251e-04   5.4076668e-02  -4.5626673e+01
  6.8595365262425e+00   1.4884975e+00   3.1438241e-01   2.0531927e+01  -1.2624490e-02   8.5763387e-04   5.6011007e-02  -4.5626673e+01
  6.8644118187274e+00   1.4900280e+00   3.1350624e-01   2.0531922e+01  -1.2620246e-02   8.8214991e-04   5.7773118e-02  -4.5626673e+01
  6.8692871112123e+00   1.4915543e+00   3.1267381e-01   2.0531917e+01  -1.2615888e-02   9.0472761e-04   5.9409492e-02  -4.5626673e+01
  6.8741624036972e+00   1.4930767e+00   3.1191575e-01   2.0531913e+01  -1.2611423e-02   9.2630560e-04   6.0974238e-02  -4.5626673e+01
  6.8790376961821e+00   1.4945957e+00   3.1125657e-01   2.0531908e+01  -1.2606853e-02   9.4768531e-04   6.2513660e-02  -4.5626673e+01
  6.8839129886669e+00   1.4961118e+00   3.1070532e-01   2.0531903e+01  -1.2602178e-02   9.6933632e-04   6.4055290e-02  -4.5626673e+01
  6.8887882811518e+00   1.4976254e+00   3.1024895e-01   2.0531898e+01  -1.2597397e-02   9.9134146e-04   6.5605773e-02  -4.5626673e+01
  6.8936635736367e+00   1.4991369e+00   3.0985278e-01   2.0531893e+01  -1.2592508e-02   1.0134737e-03   6.7156193e-02  -4.5626673e+01
  6.8985388661216e+00   1.5006466e+00   3.0946874e-01   2.0531888e+01  -1.2587512e-02   1.0353320e-03   6.8689719e-02  -4.5626673e+01
  6.9034141586065e+00   1.5021543e+00   3.0904733e-01   2.0531883e+01  -1.2582411e-02   1.0564761e-03   7.0188095e-02  -4.5626673e+01
  6.9082894510914e+00   1.5036597e+00   3.0854840e-01   2.0531878e+01  -1.2577209e-02   1.0765505e-03   7.1637396e-02  -4.5626673e+01
  6.9131647435763e+00   1.5051625e+00   3.0794839e-01   2.0531873e+01  -1.2571913e-02   1.0954003e-03   7.3033731e-02  -4.5626673e+01
  6.9180400360612e+00   1.5066621e+00   3.0724460e-01   2.0531868e+01  -1.2566527e-02   1.1131349e-03   7.4386139e-02  -4.5626673e+01
  6.9229153285461e+00   1.5081581e+00   3.0645664e-01   2.0531863e+01  -1.2561057e-02   1.1300772e-03   7.5712474e-02  -4.5626673e+01
  6.9277906210310e+00   1.5096501e+00   3.0562338e-01   2.0531859e+01  -1.2555506e-02   1.1465997e-03   7.7028865e-02  -4.5626673e+01
  6.9326659135159e+00   1.5111380e+00   3.0479387e-01   2.0531854e+01  -1.2549875e-02   1.1629469e-03   7.8339685e-02  -4.5626673e+01
  6.9375412060008e+00   1.5126219e+00   3.0401481e-01   2.0531849e+01  -1.2544164e-02   1.1791517e-03   7.9634822e-02  -4.5626673e+01
  6.9424164984856e+00   1.5141023e+00   3.0332004e-01   2.0531844e+01  -1.2538375e-02   1.1950575e-03   8.0893875e-02  -4.5626673e+01
  6.9472917909705e+00   1.5155795e+00   3.0272572e-01   2.0531839e+01  -1.2532510e-02   1.2103649e-03   8.2090865e-02  -4.5626673e+01
  6.9521670834554e+00   1.5170541e+00   3.0222969e-01   2.0531834e+01  -1.2526573e-02   1.2246382e-03   8.3195232e-02  -4.5626673e+01
  6.9570423759403e+00   1.5185265e+00   3.0181089e-01   2.0531831e+01  -1.2520570e-02   1.2372978e-03   8.4171879e-02  -4.5626673e+01
  6.9619176684252e+00   1.5199970e+00   3.0142872e-01   2.0531827e+01  -1.2514510e-02   1.2476802e-03   8.4985780e-02  -4.5626673e+01
  6.9667929609101e+00   1.5214655e+00   3.0102611e-01   2.0531825e+01  -1.2508407e-02   1.2551925e-03   8.5611819e-02  -4.5626673e+01
  6.9716682533950e+00   1.5229319e+00   3.0053970e-01   2.0531823e+01  -1.2502276e-02   1.2594988e-03   8.6044564e-02  -4.5626673e+01
  6.9765435458799e+00   1.5243956e+00   2.9991412e-01   2.0531822e+01  -1.2496131e-02   1.2606507e-03   8.6302894e-02  -4.5626673e+01
  6.9814188383648e+00   1.5258559e+00   2.9911415e-01   2.0531821e+01  -1.2489988e-02   1.2591315e-03   8.6429419e-02  -4.5626673e+01
  6.9862941308497e+00   1.5273117e+00   2.9813093e-01   2.0531821e+01  -1.2483857e-02   1.2558342e-03   8.6487382e-02  -4.5626673e+01
  6.9911694233346e+00   1.5287624e+00   2.9698387e-01   2.0531821e+01  -1.2477744e-02   1.2519873e-03   8.6555471e-02  -4.5626673e+01
  6.9960447158195e+00   1.5302071e+00   2.9572123e-01   2.0531820e+01  -1.2471649e-02   1.2490053e-03   8.6717995e-02  -4.5626673e+01
  7.0009200083043e+00   1.5316456e+00   2.9441941e-01   2.0531819e+01  -1.2465563e-02   1.2482550e-03   8.7049103e-02  -4.5626673e+01
  7.0057953007892e+00   1.5330778e+00   2.9317802e-01   2.0531816e+01  -1.2459472e-02   1.2507783e-03   8.7594391e-02  -4.5626673e+01
  7.0106705932741e+00   1.5345043e+00   2.9210929e-01   2.0531813e+01  -1.2453360e-02   1.2570553e-03   8.8356058e-02  -4.5626673e+01
  7.0155458857590e+00   1.5359263e+00   2.9132443e-01   2.0531809e+01  -1.2447208e-02   1.2668664e-03   8.9285539e-02  -4.5626673e+01
  7.0204211782439e+00   1.5373454e+00   2.9092092e-01   2.0531805e+01  -1.2441001e-02   1.2792382e-03   9.0282501e-02  -4.5626673e+01
  7.0252964707288e+00   1.5387637e+00   2.9097283e-01   2.0531801e+01  -1.2434731e-02   1.2924242e-03   9.1196813e-02  -4.5626673e+01
  7.0301717632137e+00   1.5401834e+00   2.9152417e-01   2.0531798e+01  -1.2428400e-02   1.3039031e-03   9.1832777e-02  -4.5626673e+01
  7.0350470556986e+00   1.5416072e+00   2.9258568e-01   2.0531797e+01  -1.2422024e-02   1.3104440e-03   9.1958600e-02  -4.5626673e+01
  7.0399223481835e+00   1.5430373e+00   2.9413693e-01   2.0531800e+01  -1.2415636e-02   1.3082910e-03   9.1323345e-02  -4.5626673e+01
  7.0447976406684e+00   1.5444762e+00   2.9613364e-01   2.0531807e+01  -1.2409289e-02   1.2934439e-03   8.9678229e-02  -4.5626673e+01
  7.0496729331533e+00   1.5459258e+00   2.9851646e-01   2.0531820e+01  -1.2403055e-02   1.2619324e-03   8.6795107e-02  -4.5626673e+01
  7.0545482256382e+00   1.5473878e+00   3.0121555e-01   2.0531837e+01  -1.2397025e-02   1.2099964e-03   8.2477316e-02  -4.5626673e+01
  7.0594235181231e+00   1.5488637e+00   3.0414878e-01   2.0531860e+01  -1.2391306e-02   1.1341887e-03   7.6564518e-02  -4.5626673e+01
  7.0642988106079e+00   1.5503542e+00   3.0721678e-01   2.0531887e+01  -1.2386024e-02   1.0314945e-03   6.8936755e-02  -4.5626673e+01
  7.0691741030928e+00   1.5518597e+00   3.1030011e-01   2.0531917e+01  -1.2381315e-02   8.9953235e-04   5.9520196e-02  -4.5626673e+01
  7.0740493955777e+00   1.5533801e+00   3.1326144e-01   2.0531946e+01  -1.2377327e-02   7.3680781e-04   4.8292245e-02  -4.5626673e+01
  7.0789246880626e+00   1.5549142e+00   3.1595180e-01   2.0531973e+01  -1.2374211e-02   5.4295078e-04   3.5283390e-02  -4.5626673e+01
  7.0837999805475e+00   1.5564605e+00   3.1821863e-01   2.0531993e+01  -1.2372116e-02   3.1892547e-04   2.0577599e-02  -4.5626673e+01
  7.0886752730324e+00   1.5580164e+00   3.1991584e-01   2.0532003e+01  -1.2371185e-02   6.7240862e-05   4.3154774e-03  -4.5626673e+01
  7.0935505655173e+00   1.5595790e+00   3.2091648e-01   2.0531999e+01  -1.2371541e-02  -2.0787528e-04  -1.3299706e-02  -4.5626673e+01
  7.0984258580022e+00   1.5611444e+00   3.2112640e-01   2.0531978e+01  -1.2373286e-02  -5.0048166e-04  -3.1999482e-02  -4.5626673e+01
  7.1033011504871e+00   1.5627087e+00   3.2049360e-01   2.0531939e+01  -1.2376486e-02  -8.0323457e-04  -5.1458011e-02  -4.5626673e+01
  7.1081764429720e+00   1.5642678e+00   3.1900902e-01   2.0531879e+01  -1.2381171e-02  -1.1079661e-03  -7.1310289e-02  -4.5626673e+01
  7.1130517354569e+00   1.5658176e+00   3.1669964e-01   2.0531801e+01  -1.2387328e-02  -1.4063444e-03  -9.1174034e-02  -4.5626673e+01
  7.1179270279418e+00   1.5673541e+00   3.1361860e-01   2.0531705e+01  -1.2394908e-02  -1.6904542e-03  -1.1066916e-01  -4.5626673e+01
  7.1228023204266e+00   1.5688739e+00   3.0983655e-01   2.0531595e+01  -1.2403821e-02  -1.9532553e-03  -1.2943420e-01  -4.5626673e+01
  7.1276776129115e+00   1.5703735e+00   3.0543416e-01   2.0531476e+01  -1.2413949e-02  -2.1889364e-03  -1.4714168e-01  -4.5626673e+01
  7.1325529053964e+00   1.5718504e+00   3.0049485e-01   2.0531352e+01  -1.2425149e-02  -2.3931286e-03  -1.6351084e-01  -4.5626673e+01
  7.1374281978813e+00   1.5733020e+00   2.9509895e-01   2.0531229e+01  -1.2437258e-02  -2.5629303e-03  -1.7831344e-01  -4.5626673e+01
  7.1423034903662e+00   1.5747262e+00   2.8932185e-01   2.0531111e+01  -1.2450105e-02  -2.6967808e-03  -1.9137133e-01  -4.5626673e+01
  7.1471787828511e+00   1.5761216e+00   2.8323673e-01   2.0531004e+01  -1.2463513e-02  -2.7943065e-03  -2.0255112e-01  -4.5626673e+01
  7.1520540753360e+00   1.5774866e+00   2.7691806e-01   2.0530911e+01  -1.2477306e-02  -2.8562304e-03  -2.1176305e-01  -4.5626673e+01
  7.1569293678209e+00   1.5788204e+00   2.7044265e-01   2.0530835e+01  -1.2491315e-02  -2.8843141e-03  -2.1896464e-01  -4.5626673e+01
  7.1618046603058e+00   1.5801224e+00   2.6388865e-01   2.0530779e+01  -1.2505381e-02  -2.8812425e-03  -2.2416331e-01  -4.5626673e+01
  7.1666799527907e+00   1.5813924e+00   2.5733571e-01   2.0530744e+01  -1.2519361e-02  -2.8504283e-03  -2.2741271e-01  -4.5626673e+01
  7.1715552452756e+00   1.5826306e+00   2.5086757e-01   2.0530728e+01  -1.2533129e-02  -2.7957907e-03  -2.2880446e-01  -4.5626673e+01
  7.1764305377605e+00   1.5838377e+00   2.4457382e-01   2.0530732e+01  -1.2546579e-02  -2.7215564e-03  -2.2846086e-01  -4.5626673e+01
  7.1813058302453e+00   1.5850148e+00   2.3854706e-01   2.0530753e+01  -1.2559628e-02  -2.6320639e-03  -2.2653080e-01  -4.5626673e+01
  7.1861811227302e+00   1.5861633e+00   2.3287561e-01   2.0530790e+01  -1.2572210e-02  -2.5315379e-03  -2.2318556e-01  -4.5626673e+01
  7.1910564152151e+00   1.5872853e+00   2.2763626e-01   2.0530839e+01  -1.2584283e-02  -2.4238577e-03  -2.1861118e-01  -4.5626673e+01
  7.1959317077000e+00   1.5883829e+00   2.2289047e-01   2.0530898e+01  -1.2595820e-02  -2.3124031e-03  -2.1300019e-01  -4.5626673e+01
  7.2008070001849e+00   1.5894587e+00   2.1868262e-01   2.0530964e+01  -1.2606811e-02  -2.2000225e-03  -2.0654857e-01  -4.5626673e+01
  7.2056822926698e+00   1.5905155e+00   2.1503622e-01   2.0531034e+01  -1.2617256e-02  -2.0890840e-03  -1.9945968e-01  -4.5626673e+01
  7.2105575851547e+00   1.5915558e+00   2.1194770e-01   2.0531106e+01  -1.2627168e-02  -1.9815292e-03  -1.9194823e-01  -4.5626673e+01
  7.2154328776396e+00   1.5925825e+00   2.0938292e-01   2.0531176e+01  -1.2636568e-02  -1.8788956e-03  -1.8423631e-01  -4.5626673e+01
  7.2203081701245e+00   1.5935978e+00   2.0728186e-01   2.0531244e+01  -1.2645482e-02  -1.7823463e-03  -1.7654120e-01  -4.5626673e+01
  7.2251834626094e+00   1.5946039e+00   2.0557045e-01   2.0531307e+01  -1.2653943e-02  -1.6927456e-03  -1.6906262e-01  -4.5626673e+01
  7.2300587550943e+00   1.5956025e+00   2.0417286e-01   2.0531364e+01  -1.2661986e-02  -1.6107500e-03  -1.6197498e-01  -4.5626673e+01
  7.2349340475792e+00   1.5965949e+00   2.0301874e-01   2.0531415e+01  -1.2669649e-02  -1.5368383e-03  -1.5542144e-01  -4.5626673e+01
  7.2398093400640e+00   1.5975822e+00   2.0204642e-01   2.0531459e+01  -1.2676973e-02  -1.4712450e-03  -1.4950429e-01  -4.5626673e+01
  7.2446846325489e+00   1.5985651e+00   2.0120614e-01   2.0531496e+01  -1.2683998e-02  -1.4138602e-03  -1.4427326e-01  -4.5626673e+01
  7.2495599250338e+00   1.5995441e+00   2.0046386e-01   2.0531528e+01  -1.2690763e-02  -1.3642002e-03  -1.3972152e-01  -4.5626673e+01
  7.2544352175187e+00   1.6005197e+00   1.9980204e-01   2.0531554e+01  -1.2697304e-02  -1.3214943e-03  -1.3579607e-01  -4.5626673e+01
  7.2593105100036e+00   1.6014923e+00   1.9921442e-01   2.0531576e+01  -1.2703652e-02  -1.2848282e-03  -1.3241786e-01  -4.5626673e+01
  7.2641858024885e+00   1.6024622e+00   1.9869789e-01   2.0531595e+01  -1.2709834e-02  -1.2532567e-03  -1.2949990e-01  -4.5626673e+01
  7.2690610949734e+00   1.6034297e+00   1.9824771e-01   2.0531611e+01  -1.2715874e-02  -1.2258582e-03  -1.2695653e-01  -4.5626673e+01
  7.2739363874583e+00   1.6043953e+00   1.9785807e-01   2.0531624e+01  -1.2721788e-02  -1.2017757e-03  -1.2470761e-01  -4.5626673e+01
  7.2788116799432e+00   1.6053590e+00   1.9752416e-01   2.0531637e+01  -1.2727592e-02  -1.1802857e-03  -1.2268472e-01  -4.5626673e+01
  7.2836869724281e+00   1.6063213e+00   1.9724085e-01   2.0531647e+01  -1.2733297e-02  -1.1608717e-03  -1.2084012e-01  -4.5626673e+01
  7.2885622649130e+00   1.6072822e+00   1.9699801e-01   2.0531657e+01  -1.2738911e-02  -1.1432467e-03  -1.1915221e-01  -4.5626673e+01
  7.2934375573978e+00   1.6082421e+00   1.9677773e-01   2.0531666e+01  -1.2744444e-02  -1.1273083e-03  -1.1762265e-01  -4.5626673e+01
  7.2983128498827e+00   1.6092009e+00   1.9655694e-01   2.0531674e+01  -1.2749904e-02  -1.1130621e-03  -1.1626671e-01  -4.5626673e+01
  7.3031881423676e+00   1.6101586e+00   1.9631394e-01   2.0531680e+01  -1.2755298e-02  -1.1005519e-03  -1.1510227e-01  -4.5626673e+01
  7.3080634348525e+00   1.6111150e+00   1.9603401e-01   2.0531686e+01  -1.2760635e-02  -1.0897948e-03  -1.1414001e-01  -4.5626673e+01
  7.3129387273374e+00   1.6120699e+00   1.9571219e-01   2.0531690e+01  -1.2765925e-02  -1.0807082e-03  -1.1337447e-01  -4.5626673e+01
  7.3178140198223e+00   1.6130232e+00   1.9535419e-01   2.0531693e+01  -1.2771174e-02  -1.0730468e-03  -1.1277704e-01  -4.5626673e+01
  7.3226893123072e+00   1.6139746e+00   1.9497715e-01   2.0531696e+01  -1.2776388e-02  -1.0663994e-03  -1.1229515e-01  -4.5626673e+01
  7.3275646047921e+00   1.6149243e+00   1.9460841e-01   2.0531698e+01  -1.2781572e-02  -1.0602672e-03  -1.1186098e-01  -4.5626673e+01
  7.3324398972770e+00   1.6158722e+00   1.9428003e-01   2.0531701e+01  -1.2786726e-02  -1.0541806e-03  -1.1140683e-01  -4.5626673e+01
  7.3373151897619e+00   1.6168187e+00   1.9401932e-01   2.0531704e+01  -1.2791849e-02  -1.0477808e-03  -1.1087929e-01  -4.5626673e+01
  7.3421904822468e+00   1.6177641e+00   1.9384029e-01   2.0531707e+01  -1.2796940e-02  -1.0408321e-03  -1.1024571e-01  -4.5626673e+01
  7.3470657747317e+00   1.6187088e+00   1.9374043e-01   2.0531711e+01  -1.2801996e-02  -1.0331940e-03  -1.0949310e-01  -4.5626673e+01
  7.3519410672165e+00   1.6196533e+00   1.9370342e-01   2.0531716e+01  -1.2807012e-02  -1.0248007e-03  -1.0862439e-01  -4.5626673e+01
  7.3568163597014e+00   1.6205976e+00   1.9370401e-01   2.0531721e+01  -1.2811985e-02  -1.0156623e-03  -1.0765546e-01  -4.5626673e+01
  7.3616916521863e+00   1.6215420e+00   1.9371167e-01   2.0531726e+01  -1.2816913e-02  -1.0058728e-03  -1.0661363e-01  -4.5626673e+01
  7.3665669446712e+00   1.6224864e+00   1.9369293e-01   2.0531732e+01  -1.2821791e-02  -9.9561073e-04  -1.0553618e-01  -4.5626673e+01
  7.3714422371561e+00   1.6234305e+00   1.9361470e-01   2.0531737e+01  -1.2826618e-02  -9.8514138e-04  -1.0446864e-01  -4.5626673e+01
  7.3763175296410e+00   1.6243741e+00   1.9344983e-01   2.0531742e+01  -1.2831395e-02  -9.7482615e-04  -1.0346290e-01  -4.5626673e+01
  7.3811928221259e+00   1.6253166e+00   1.9318353e-01   2.0531747e+01  -1.2836123e-02  -9.6511975e-04  -1.0257393e-01  -4.5626673e+01
  7.3860681146108e+00   1.6262575e+00   1.9281747e-01   2.0531750e+01  -1.2840806e-02  -9.5652463e-04  -1.0185345e-01  -4.5626673e+01
  7.3909434070957e+00   1.6271964e+00   1.9236979e-01   2.0531753e+01  -1.2845451e-02  -9.4949967e-04  -1.0134072e-01  -4.5626673e+01
  7.3958186995806e+00   1.6281331e+00   1.9187150e-01   2.0531754e+01  -1.2850066e-02  -9.4435884e-04  -1.0105380e-01  -4.5626673e+01
  7.4006939920655e+00   1.6290672e+00   1.9136056e-01   2.0531755e+01  -1.2854661e-02  -9.4120411e-04  -1.0098513e-01  -4.5626673e+01
  7.4055692845504e+00   1.6299989e+00   1.9087527e-01   2.0531754e+01  -1.2859246e-02  -9.3990881e-04  -1.0110255e-01  -4.5626673e+01
  7.4104445770352e+00   1.6309284e+00   1.9044807e-01   2.0531753e+01  -1.2863828e-02  -9.4013810e-04  -1.0135405e-01  -4.5626673e+01
  7.4153198695201e+00   1.6318560e+00   1.9010055e-01   2.0531751e+01  -1.2868415e-02  -9.4139011e-04  -1.0167455e-01  -4.5626673e+01
  7.4201951620050e+00   1.6327821e+00   1.8984052e-01   2.0531750e+01  -1.2873008e-02  -9.4305661e-04  -1.0199404e-01  -4.5626673e+01
  7.4250704544899e+00   1.6337071e+00   1.8966182e-01   2.0531748e+01  -1.2877610e-02  -9.4450700e-04  -1.0224715e-01  -4.5626673e+01
  7.4299457469748e+00   1.6346315e+00   1.8954693e-01   2.0531748e+01  -1.2882217e-02  -9.4518024e-04  -1.0238205e-01  -4.5626673e+01
  7.4348210394597e+00   1.6355553e+00   1.8947248e-01   2.0531748e+01  -1.2886824e-02  -9.4464928e-04  -1.0236474e-01  -4.5626673e+01
  7.4396963319446e+00   1.6364789e+00   1.8941646e-01   2.0531749e+01  -1.2891425e-02  -9.4263335e-04  -1.0217650e-01  -4.5626673e+01
  7.4445716244295e+00   1.6374023e+00   1.8936484e-01   2.0531751e+01  -1.2896012e-02  -9.3897635e-04  -1.0180785e-01  -4.5626673e+01
  7.4494469169144e+00   1.6383253e+00   1.8931406e-01   2.0531753e+01  -1.2900577e-02  -9.3364294e-04  -1.0125675e-01  -4.5626673e+01
  7.4543222093993e+00   1.6392482e+00   1.8926654e-01   2.0531757e+01  -1.2905112e-02  -9.2676609e-04  -1.0053619e-01  -4.5626673e+01
  7.4591975018842e+00   1.6401708e+00   1.8922018e-01   2.0531761e+01  -1.2909611e-02  -9.1872485e-04  -9.9688304e-02  -4.5626673e+01
  7.4640727943691e+00   1.6410932e+00   1.8915708e-01   2.0531765e+01  -1.2914068e-02  -9.1019129e-04  -9.8795317e-02  -4.5626673e+01
  7.4689480868539e+00   1.6420151e+00   1.8903862e-01   2.0531769e+01  -1.2918485e-02  -9.0209443e-04  -9.7977836e-02  -4.5626673e+01
  7.4738233793388e+00   1.6429362e+00   1.8881079e-01   2.0531772e+01  -1.2922865e-02  -8.9548907e-04  -9.7377788e-02  -4.5626673e+01
  7.4786986718237e+00   1.6438558e+00   1.8841778e-01   2.0531773e+01  -1.2927220e-02  -8.9135574e-04  -9.7130504e-02  -4.5626673e+01
  7.4835739643086e+00   1.6447730e+00   1.8781718e-01   2.0531772e+01  -1.2931561e-02  -8.9038595e-04  -9.7335086e-02  -4.5626673e+01
  7.4884492567935e+00   1.6456866e+00   1.8699004e-01   2.0531769e+01  -1.2935907e-02  -8.9282638e-04  -9.8033589e-02  -4.5626673e+01
  7.4933245492784e+00   1.6465957e+00   1.8594154e-01   2.0531763e+01  -1.2940273e-02  -8.9844994e-04  -9.9207318e-02  -4.5626673e+01
  7.4981998417633e+00   1.6474992e+00   1.8469241e-01   2.0531756e+01  -1.2944673e-02  -9.0666683e-04  -1.0079170e-01  -4.5626673e+01
  7.5030751342482e+00   1.6483961e+00   1.8326552e-01   2.0531746e+01  -1.2949118e-02  -9.1671060e-04  -1.0270164e-01  -4.5626673e+01
  7.5079504267331e+00   1.6492856e+00   1.8167444e-01   2.0531735e+01  -1.2953615e-02  -9.2779955e-04  -1.0485424e-01  -4.5626673e+01
  7.5128257192180e+00   1.6501670e+00   1.7991983e-01   2.0531723e+01  -1.2958167e-02  -9.3922032e-04  -1.0718002e-01  -4.5626673e+01
  7.5177010117029e+00   1.6510393e+00   1.7799396e-01   2.0531710e+01  -1.2962774e-02  -9.5035836e-04  -1.0962441e-01  -4.5626673e+01
  7.5225763041877e+00   1.6519019e+00   1.7588908e-01   2.0531697e+01  -1.2967434e-02  -9.6072715e-04  -1.1214658e-01  -4.5626673e+01
  7.5274515966726e+00   1.6527537e+00   1.7360360e-01   2.0531683e+01  -1.2972141e-02  -9.7000833e-04  -1.1472056e-01  -4.5626673e+01
  7.5323268891575e+00   1.6535939e+00   1.7114407e-01   2.0531668e+01  -1.2976891e-02  -9.7807175e-04  -1.1733649e-01  -4.5626673e+01
  7.5372021816424e+00   1.6544218e+00   1.6852442e-01   2.0531652e+01  -1.2981678e-02  -9.8495249e-04  -1.1999865e-01  -4.5626673e+01
  7.5420774741273e+00   1.6552365e+00   1.6576507e-01   2.0531636e+01  -1.2986495e-02  -9.9080378e-04  -1.2272081e-01  -4.5626673e+01
  7.5469527666122e+00   1.6560375e+00   1.6289245e-01   2.0531619e+01  -1.2991338e-02  -9.9585786e-04  -1.2552193e-01  -4.5626673e+01
  7.5518280590971e+00   1.6568242e+00   1.5993820e-01   2.0531601e+01  -1.2996205e-02  -1.0003958e-03  -1.2842291e-01  -4.5626673e+01
  7.5567033515820e+00   1.6575964e+00   1.5693811e-01   2.0531582e+01  -1.3001093e-02  -1.0046998e-03  -1.3144085e-01  -4.5626673e+01
  7.5615786440669e+00   1.6583539e+00   1.5393194e-01   2.0531562e+01  -1.3006002e-02  -1.0089805e-03  -1.3457860e-01  -4.5626673e+01
  7.5664539365518e+00   1.6590969e+00   1.5096465e-01   2.0531541e+01  -1.3010932e-02  -1.0133150e-03  -1.3781318e-01  -4.5626673e+01
  7.5713292290367e+00   1.6598256e+00   1.4808685e-01   2.0531518e+01  -1.3015883e-02  -1.0176383e-03  -1.4109058e-01  -4.5626673e+01
  7.5762045215216e+00   1.6605406e+00   1.4535167e-01   2.0531496e+01  -1.3020855e-02  -1.0217884e-03  -1.4433164e-01  -4.5626673e+01
  7.5810798140064e+00   1.6612427e+00   1.4280738e-01   2.0531474e+01  -1.3025846e-02  -1.0255673e-03  -1.4744622e-01  -4.5626673e+01
  7.5859551064913e+00   1.6619330e+00   1.4048810e-01   2.0531453e+01  -1.3030854e-02  -1.0287790e-03  -1.5034959e-01  -4.5626673e+01
  7.5908303989762e+00   1.6626126e+00   1.3840732e-01   2.0531433e+01  -1.3035876e-02  -1.0312453e-03  -1.5297561e-01  -4.5626673e+01
  7.5957056914611e+00   1.6632826e+00   1.3655644e-01   2.0531416e+01  -1.3040908e-02  -1.0328148e-03  -1.5528489e-01  -4.5626673e+01
  7.6005809839460e+00   1.6639442e+00   1.3490841e-01   2.0531401e+01  -1.3045945e-02  -1.0333782e-03  -1.5726745e-01  -4.5626673e+01
  7.6054562764309e+00   1.6645981e+00   1.3342418e-01   2.0531388e+01  -1.3050983e-02  -1.0328774e-03  -1.5893976e-01  -4.5626673e+01
  7.6103315689158e+00   1.6652451e+00   1.3206039e-01   2.0531377e+01  -1.3056015e-02  -1.0313069e-03  -1.6033687e-01  -4.5626673e+01
  7.6152068614007e+00   1.6658857e+00   1.3077726e-01   2.0531368e+01  -1.3061037e-02  -1.0287143e-03  -1.6150293e-01  -4.5626673e+01
  7.6200821538856e+00   1.6665201e+00   1.2954528e-01   2.0531360e+01  -1.3066043e-02  -1.0252154e-03  -1.6248424e-01  -4.5626673e+01
  7.6249574463705e+00   1.6671487e+00   1.2834859e-01   2.0531353e+01  -1.3071031e-02  -1.0210116e-03  -1.6332669e-01  -4.5626673e+01
  7.6298327388554e+00   1.6677715e+00   1.2718379e-01   2.0531347e+01  -1.3075997e-02  -1.0163824e-03  -1.6407516e-01  -4.5626673e+01
  7.6347080313403e+00   1.6683887e+00   1.2605571e-01   2.0531342e+01  -1.3080941e-02  -1.0116410e-03  -1.6477117e-01  -4.5626673e+01
  7.6395833238251e+00   1.6690005e+00   1.2497304e-01   2.0531336e+01  -1.3085861e-02  -1.0070735e-03  -1.6544821e-01  -4.5626673e+01
  7.6444586163100e+00   1.6696071e+00   1.2394562e-01   2.0531331e+01  -1.3090760e-02  -1.0029002e-03  -1.6612832e-01  -4.5626673e+01
  7.6493339087949e+00   1.6702089e+00   1.2298238e-01   2.0531325e+01  -1.3095640e-02  -9.9926425e-04  -1.6682243e-01  -4.5626673e+01
  7.6542092012798e+00   1.6708062e+00   1.2208847e-01   2.0531320e+01  -1.3100504e-02  -9.9622591e-04  -1.6753287e-01  -4.5626673e+01
  7.6590844937647e+00   1.6713994e+00   1.2126235e-01   2.0531314e+01  -1.3105354e-02  -9.9374300e-04  -1.6825379e-01  -4.5626673e+01
  7.6639597862496e+00   1.6719886e+00   1.2049511e-01   2.0531308e+01  -1.3110194e-02  -9.9165356e-04  -1.6896906e-01  -4.5626673e+01
  7.6688350787345e+00   1.6725742e+00   1.1977296e-01   2.0531302e+01  -1.3115023e-02  -9.8969416e-04  -1.6965189e-01  -4.5626673e+01
  7.6737103712194e+00   1.6731564e+00   1.1908093e-01   2.0531297e+01  -1.3119843e-02  -9.8756091e-04  -1.7026997e-01  -4.5626673e+01
  7.6785856637043e+00   1.6737352e+00   1.1840487e-01   2.0531293e+01  -1.3124652e-02  -9.8498194e-04  -1.7079494e-01  -4.5626673e+01
  7.6834609561892e+00   1.6743108e+00   1.1773119e-01   2.0531289e+01  -1.3129446e-02  -9.8176345e-04  -1.7121096e-01  -4.5626673e+01
  7.6883362486741e+00   1.6748830e+00   1.1704564e-01   2.0531287e+01  -1.3134223e-02  -9.7779887e-04  -1.7151830e-01  -4.5626673e+01
  7.6932115411590e+00   1.6754519e+00   1.1633326e-01   2.0531285e+01  -1.3138978e-02  -9.7305833e-04  -1.7173195e-01  -4.5626673e+01
  7.6980868336438e+00   1.6760172e+00   1.1558011e-01   2.0531284e+01  -1.3143708e-02  -9.6757693e-04  -1.7187729e-01  -4.5626673e+01
  7.7029621261287e+00   1.6765787e+00   1.1477605e-01   2.0531283e+01  -1.3148410e-02  -9.6144461e-04  -1.7198441e-01  -4.5626673e+01
  7.7078374186136e+00   1.6771361e+00   1.1391774e-01   2.0531282e+01  -1.3153081e-02  -9.5479278e-04  -1.7208137e-01  -4.5626673e+01
  7.7127127110985e+00   1.6776892e+00   1.1301086e-01   2.0531281e+01  -1.3157719e-02  -9.4777902e-04  -1.7218803e-01  -4.5626673e+01
  7.7175880035834e+00   1.6782378e+00   1.1207063e-01   2.0531280e+01  -1.3162321e-02  -9.4057688e-04  -1.7231319e-01  -4.5626673e+01
  7.7224632960683e+00   1.6787818e+00   1.1111959e-01   2.0531279e+01  -1.3166889e-02  -9.3337189e-04  -1.7245670e-01  -4.5626673e+01
  7.7273385885532e+00   1.6793212e+00   1.1018326e-01   2.0531277e+01  -1.3171421e-02  -9.2635581e-04  -1.7261487e-01  -4.5626673e+01
  7.7322138810381e+00   1.6798561e+00   1.0928494e-01   2.0531276e+01  -1.3175921e-02  -9.1971426e-04  -1.7278599e-01  -4.5626673e+01
  7.7370891735230e+00   1.6803867e+00   1.0844210e-01   2.0531274e+01  -1.3180389e-02  -9.1361280e-04  -1.7297374e-01  -4.5626673e+01
  7.7419644660079e+00   1.6809134e+00   1.0766454e-01   2.0531273e+01  -1.3184829e-02  -9.0818792e-04  -1.7318844e-01  -4.5626673e+01
  7.7468397584928e+00   1.6814365e+00   1.0695390e-01   2.0531270e+01  -1.3189245e-02  -9.0353700e-04  -1.7344634e-01  -4.5626673e+01
  7.7517150509777e+00   1.6819563e+00   1.0630333e-01   2.0531268e+01  -1.3193640e-02  -8.9969523e-04  -1.7376580e-01  -4.5626673e+01
  7.7565903434626e+00   1.6824730e+00   1.0569822e-01   2.0531264e+01  -1.3198018e-02  -8.9660144e-04  -1.7415962e-01  -4.5626673e+01
  7.7614656359474e+00   1.6829868e+00   1.0511901e-01   2.0531260e+01  -1.3202382e-02  -8.9407837e-04  -1.7462642e-01  -4.5626673e+01
  7.7663409284323e+00   1.6834979e+00   1.0454642e-01   2.0531256e+01  -1.3206736e-02  -8.9185428e-04  -1.7514601e-01  -4.5626673e+01
  7.7712162209172e+00   1.6840061e+00   1.0396667e-01   2.0531251e+01  -1.3211078e-02  -8.8962511e-04  -1.7568242e-01  -4.5626673e+01
  7.7760915134021e+00   1.6845115e+00   1.0337398e-01   2.0531247e+01  -1.3215409e-02  -8.8712595e-04  -1.7619329e-01  -4.5626673e+01
  7.7809668058870e+00   1.6850139e+00   1.0276917e-01   2.0531243e+01  -1.3219727e-02  -8.8417752e-04  -1.7664114e-01  -4.5626673e+01
  7.7858420983719e+00   1.6855134e+00   1.0215558e-01   2.0531240e+01  -1.3224029e-02  -8.8069758e-04  -1.7700270e-01  -4.5626673e+01
  7.7907173908568e+00   1.6860099e+00   1.0153482e-01   2.0531238e+01  -1.3228313e-02  -8.7669086e-04  -1.7727464e-01  -4.5626673e+01
  7.7955926833417e+00   1.6865033e+00   1.0090459e-01   2.0531236e+01  -1.3232576e-02  -8.7223499e-04  -1.7747520e-01  -4.5626673e+01
  7.8004679758266e+00   1.6869937e+00   1.0025912e-01   2.0531235e+01  -1.3236816e-02  -8.6746798e-04  -1.7764159e-01  -4.5626673e+01
  7.8053432683115e+00   1.6874808e+00   9.9591420e-02   2.0531233e+01  -1.3241033e-02  -8.6257109e-04  -1.7782303e-01  -4.5626673e+01
  7.8102185607964e+00   1.6879646e+00   9.8895734e-02   2.0531231e+01  -1.3245226e-02  -8.5773997e-04  -1.7807095e-01  -4.5626673e+01
  7.8150938532813e+00   1.6884449e+00   9.8168892e-02   2.0531228e+01  -1.3249396e-02  -8.5314592e-04  -1.7842855e-01  -4.5626673e+01
  7.8199691457661e+00   1.6889216e+00   9.7410550e-02   2.0531223e+01  -1.3253545e-02  -8.4889938e-04  -1.7892254e-01  -4.5626673e+01
  7.8248444382510e+00   1.6893945e+00   9.6622758e-02   2.0531218e+01  -1.3257674e-02  -8.4502948e-04  -1.7955898e-01  -4.5626673e+01
  7.8297197307359e+00   1.6898636e+00   9.5809125e-02   2.0531211e+01  -1.3261784e-02  -8.4148536e-04  -1.8032430e-01  -4.5626673e+01
  7.8345950232208e+00   1.6903286e+00   9.4973385e-02   2.0531204e+01  -1.3265878e-02  -8.3815420e-04  -1.8119091e-01  -4.5626673e+01
  7.8394703157057e+00   1.6907894e+00   9.4117366e-02   2.0531195e+01  -1.3269956e-02  -8.3488549e-04  -1.8212576e-01  -4.5626673e+01
  7.8443456081906e+00   1.6912461e+00   9.3239229e-02   2.0531187e+01  -1.3274018e-02  -8.3151442e-04  -1.8309866e-01  -4.5626673e+01
  7.8492209006755e+00   1.6916984e+00   9.2333327e-02   2.0531178e+01  -1.3278063e-02  -8.2788391e-04  -1.8408772e-01  -4.5626673e+01
  7.8540961931604e+00   1.6921462e+00   9.1392425e-02   2.0531169e+01  -1.3282089e-02  -8.2386792e-04  -1.8508067e-01  -4.5626673e+01
  7.8589714856453e+00   1.6925893e+00   9.0411702e-02   2.0531160e+01  -1.3286095e-02  -8.1939689e-04  -1.8607291e-01  -4.5626673e+01
  7.8638467781302e+00   1.6930275e+00   8.9392835e-02   2.0531151e+01  -1.3290077e-02  -8.1448074e-04  -1.8706451e-01  -4.5626673e+01
  7.8687220706151e+00   1.6934607e+00   8.8346273e-02   2.0531142e+01  -1.3294035e-02  -8.0922109e-04  -1.8805811e-01  -4.5626673e+01
  7.8735973631000e+00   1.6938888e+00   8.7290468e-02   2.0531133e+01  -1.3297967e-02  -8.0380307e-04  -1.8905830e-01  -4.5626673e+01
  7.8784726555848e+00   1.6943117e+00   8.6248163e-02   2.0531123e+01  -1.3301872e-02  -7.9846287e-04  -1.9007175e-01  -4.5626673e+01
  7.8833479480697e+00   1.6947296e+00   8.5241299e-02   2.0531114e+01  -1.3305752e-02  -7.9343918e-04  -1.9110678e-01  -4.5626673e+01
  7.8882232405546e+00   1.6951428e+00   8.4286809e-02   2.0531104e+01  -1.3309609e-02  -7.8892651e-04  -1.9217161e-01  -4.5626673e+01
  7.8930985330395e+00   1.6955514e+00   8.3394941e-02   2.0531093e+01  -1.3313445e-02  -7.8504678e-04  -1.9327154e-01  -4.5626673e+01
  7.8979738255244e+00   1.6959559e+00   8.2570184e-02   2.0531083e+01  -1.3317264e-02  -7.8184232e-04  -1.9440515e-01  -4.5626673e+01
  7.9028491180093e+00   1.6963565e+00   8.1813623e-02   2.0531072e+01  -1.3321069e-02  -7.7928121e-04  -1.9556008e-01  -4.5626673e+01
  7.9077244104942e+00   1.6967536e+00   8.1125321e-02   2.0531061e+01  -1.3324863e-02  -7.7726652e-04  -1.9670931e-01  -4.5626673e+01
  7.9125997029791e+00   1.6971475e+00   8.0505779e-02   2.0531050e+01  -1.3328648e-02  -7.7564836e-04  -1.9781034e-01  -4.5626673e+01
  7.9174749954640e+00   1.6975386e+00   7.9956091e-02   2.0531041e+01  -1.3332426e-02  -7.7424173e-04  -1.9880897e-01  -4.5626673e+01
  7.9223502879489e+00   1.6979272e+00   7.9476840e-02   2.0531032e+01  -1.3336197e-02  -7.7284814e-04  -1.9964772e-01  -4.5626673e+01
  7.9272255804338e+00   1.6983136e+00   7.9066171e-02   2.0531026e+01  -1.3339961e-02  -7.7127502e-04  -2.0027614e-01  -4.5626673e+01
  7.9321008729187e+00   1.6986982e+00   7.8717894e-02   2.0531023e+01  -1.3343717e-02  -7.6934929e-04  -2.0065994e-01  -4.5626673e+01
  7.9369761654035e+00   1.6990812e+00   7.8420536e-02   2.0531021e+01  -1.3347461e-02  -7.6692759e-04  -2.0078678e-01  -4.5626673e+01
  7.9418514578884e+00   1.6994628e+00   7.8157906e-02   2.0531022e+01  -1.3351193e-02  -7.6390752e-04  -2.0066815e-01  -4.5626673e+01
  7.9467267503733e+00   1.6998432e+00   7.7911249e-02   2.0531026e+01  -1.3354908e-02  -7.6023969e-04  -2.0033693e-01  -4.5626673e+01
  7.9516020428582e+00   1.7002225e+00   7.7662540e-02   2.0531030e+01  -1.3358604e-02  -7.5593572e-04  -1.9984074e-01  -4.5626673e+01
  7.9564773353431e+00   1.7006004e+00   7.7398144e-02   2.0531036e+01  -1.3362278e-02  -7.5106861e-04  -1.9923239e-01  -4.5626673e+01
  7.9613526278280e+00   1.7009771e+00   7.7111776e-02   2.0531043e+01  -1.3365926e-02  -7.4576651e-04  -1.9856065e-01  -4.5626673e+01
  7.9662279203129e+00   1.7013522e+00   7.6805526e-02   2.0531050e+01  -1.3369548e-02  -7.4020240e-04  -1.9786509e-01  -4.5626673e+01
  7.9711032127978e+00   1.7017259e+00   7.6488170e-02   2.0531056e+01  -1.3373142e-02  -7.3457861e-04  -1.9717657e-01  -4.5626673e+01
  7.9759785052827e+00   1.7020980e+00   7.6171082e-02   2.0531063e+01  -1.3376710e-02  -7.2910328e-04  -1.9652163e-01  -4.5626673e+01
  7.9808537977676e+00   1.7024686e+00   7.5863457e-02   2.0531068e+01  -1.3380251e-02  -7.2396034e-04  -1.9592673e-01  -4.5626673e+01
  7.9857290902525e+00   1.7028377e+00   7.5568958e-02   2.0531073e+01  -1.3383769e-02  -7.1928263e-04  -1.9541945e-01  -4.5626673e+01
  7.9906043827373e+00   1.7032054e+00   7.5284942e-02   2.0531077e+01  -1.3387265e-02  -7.1513876e-04  -1.9502664e-01  -4.5626673e+01
  7.9954796752222e+00   1.7035717e+00   7.5003801e-02   2.0531079e+01  -1.3390742e-02  -7.1153600e-04  -1.9477149e-01  -4.5626673e+01
  8.0003549677071e+00   1.7039367e+00   7.4715049e-02   2.0531080e+01  -1.3394203e-02  -7.0843152e-04  -1.9467115e-01  -4.5626673e+01
  8.0052302601921e+00   1.7043001e+00   7.4407228e-02   2.0531080e+01  -1.3397650e-02  -7.0574252e-04  -1.9473452e-01  -4.5626673e+01
  8.0101055526770e+00   1.7046621e+00   7.4069681e-02   2.0531077e+01  -1.3401084e-02  -7.0335385e-04  -1.9495983e-01  -4.5626673e+01
  8.0149808451619e+00   1.7050222e+00   7.3694633e-02   2.0531074e+01  -1.3404508e-02  -7.0112962e-04  -1.9533232e-01  -4.5626673e+01
  8.0198561376468e+00   1.7053805e+00   7.3279454e-02   2.0531069e+01  -1.3407921e-02  -6.9893420e-04  -1.9582387e-01  -4.5626673e+01
  8.0247314301317e+00   1.7057366e+00   7.2828329e-02   2.0531064e+01  -1.3411322e-02  -6.9665830e-04  -1.9639522e-01  -4.5626673e+01
  8.0296067226166e+00   1.7060905e+00   7.2352542e-02   2.0531058e+01  -1.3414713e-02  -6.9423899e-04  -1.9700014e-01  -4.5626673e+01
  8.0344820151016e+00   1.7064420e+00   7.1869235e-02   2.0531052e+01  -1.3418091e-02  -6.9166489e-04  -1.9758952e-01  -4.5626673e+01
  8.0393573075865e+00   1.7067912e+00   7.1399230e-02   2.0531047e+01  -1.3421456e-02  -6.8896721e-04  -1.9811444e-01  -4.5626673e+01
  8.0442326000714e+00   1.7071382e+00   7.0964608e-02   2.0531043e+01  -1.3424808e-02  -6.8620382e-04  -1.9852826e-01  -4.5626673e+01
  8.0491078925563e+00   1.7074832e+00   7.0586317e-02   2.0531041e+01  -1.3428147e-02  -6.8344277e-04  -1.9878911e-01  -4.5626673e+01
  8.0539831850412e+00   1.7078265e+00   7.0281805e-02   2.0531040e+01  -1.3431472e-02  -6.8074691e-04  -1.9886288e-01  -4.5626673e+01
  8.0588584775261e+00   1.7081686e+00   7.0062681e-02   2.0531041e+01  -1.3434784e-02  -6.7815944e-04  -1.9872662e-01  -4.5626673e+01
  8.0637337700111e+00   1.7085098e+00   6.9932774e-02   2.0531045e+01  -1.3438084e-02  -6.7569265e-04  -1.9837160e-01  -4.5626673e+01
  8.0686090624960e+00   1.7088506e+00   6.9887088e-02   2.0531050e+01  -1.3441372e-02  -6.7332350e-04  -1.9780533e-01  -4.5626673e+01
  8.0734843549809e+00   1.7091913e+00   6.9912081e-02   2.0531057e+01  -1.3444649e-02  -6.7099806e-04  -1.9705178e-01  -4.5626673e+01
  8.0783596474658e+00   1.7095324e+00   6.9987525e-02   2.0531066e+01  -1.3447915e-02  -6.6864354e-04  -1.9614874e-01  -4.5626673e+01
  8.0832349399507e+00   1.7098738e+00   7.0089820e-02   2.0531076e+01  -1.3451168e-02  -6.6618567e-04  -1.9514258e-01  -4.5626673e+01
  8.0881102324357e+00   1.7102158e+00   7.0196000e-02   2.0531086e+01  -1.3454410e-02  -6.6356774e-04  -1.9408180e-01  -4.5626673e+01
  8.0929855249206e+00   1.7105583e+00   7.0287031e-02   2.0531096e+01  -1.3457638e-02  -6.6076503e-04  -1.9301185e-01  -4.5626673e+01
  8.0978608174055e+00   1.7109011e+00   7.0349181e-02   2.0531106e+01  -1.3460852e-02  -6.5778689e-04  -1.9197227e-01  -4.5626673e+01
  8.1027361098904e+00   1.7112441e+00   7.0373374e-02   2.0531115e+01  -1.3464051e-02  -6.5466346e-04  -1.9099511e-01  -4.5626673e+01
  8.1076114023753e+00   1.7115872e+00   7.0353689e-02   2.0531123e+01  -1.3467234e-02  -6.5142395e-04  -1.9010326e-01  -4.5626673e+01
  8.1124866948602e+00   1.7119301e+00   7.0286354e-02   2.0531130e+01  -1.3470402e-02  -6.4807939e-04  -1.8930848e-01  -4.5626673e+01
  8.1173619873452e+00   1.7122724e+00   7.0169640e-02   2.0531137e+01  -1.3473553e-02  -6.4461912e-04  -1.8861096e-01  -4.5626673e+01
  8.1222372798301e+00   1.7126141e+00   7.0004012e-02   2.0531142e+01  -1.3476686e-02  -6.4101953e-04  -1.8800156e-01  -4.5626673e+01
  8.1271125723150e+00   1.7129549e+00   6.9791793e-02   2.0531147e+01  -1.3479802e-02  -6.3725700e-04  -1.8746642e-01  -4.5626673e+01
  8.1319878647999e+00   1.7132945e+00   6.9536308e-02   2.0531152e+01  -1.3482899e-02  -6.3331764e-04  -1.8699210e-01  -4.5626673e+01
  8.1368631572848e+00   1.7136328e+00   6.9241044e-02   2.0531155e+01  -1.3485976e-02  -6.2920258e-04  -1.8656934e-01  -4.5626673e+01
  8.1417384497698e+00   1.7139696e+00   6.8909397e-02   2.0531159e+01  -1.3489033e-02  -6.2493084e-04  -1.8619455e-01  -4.5626673e+01
  8.1466137422547e+00   1.7143046e+00   6.8545055e-02   2.0531162e+01  -1.3492069e-02  -6.2054147e-04  -1.8586953e-01  -4.5626673e+01
  8.1514890347396e+00   1.7146378e+00   6.8152663e-02   2.0531164e+01  -1.3495083e-02  -6.1609457e-04  -1.8560007e-01  -4.5626673e+01
  8.1563643272245e+00   1.7149691e+00   6.7738350e-02   2.0531166e+01  -1.3498076e-02  -6.1166885e-04  -1.8539387e-01  -4.5626673e+01
  8.1612396197094e+00   1.7152982e+00   6.7309984e-02   2.0531167e+01  -1.3501047e-02  -6.0735455e-04  -1.8525777e-01  -4.5626673e+01
  8.1661149121944e+00   1.7156253e+00   6.6877177e-02   2.0531168e+01  -1.3503997e-02  -6.0324254e-04  -1.8519433e-01  -4.5626673e+01
  8.1709902046793e+00   1.7159503e+00   6.6451059e-02   2.0531168e+01  -1.3506929e-02  -5.9941151e-04  -1.8519822e-01  -4.5626673e+01
  8.1758654971642e+00   1.7162732e+00   6.6043696e-02   2.0531167e+01  -1.3509842e-02  -5.9591486e-04  -1.8525353e-01  -4.5626673e+01
  8.1807407896491e+00   1.7165942e+00   6.5667136e-02   2.0531167e+01  -1.3512739e-02  -5.9276888e-04  -1.8533223e-01  -4.5626673e+01
  8.1856160821340e+00   1.7169135e+00   6.5332312e-02   2.0531166e+01  -1.3515622e-02  -5.8994525e-04  -1.8539469e-01  -4.5626673e+01
  8.1904913746189e+00   1.7172313e+00   6.5048106e-02   2.0531166e+01  -1.3518491e-02  -5.8737207e-04  -1.8539254e-01  -4.5626673e+01
  8.1953666671039e+00   1.7175478e+00   6.4820640e-02   2.0531167e+01  -1.3521349e-02  -5.8494444e-04  -1.8527420e-01  -4.5626673e+01
  8.2002419595888e+00   1.7178634e+00   6.4652580e-02   2.0531170e+01  -1.3524195e-02  -5.8253970e-04  -1.8499218e-01  -4.5626673e+01
  8.2051172520737e+00   1.7181783e+00   6.4542334e-02   2.0531174e+01  -1.3527028e-02  -5.8003000e-04  -1.8450986e-01  -4.5626673e+01
  8.2099925445586e+00   1.7184928e+00   6.4483502e-02   2.0531180e+01  -1.3529849e-02  -5.7728921e-04  -1.8380560e-01  -4.5626673e+01
  8.2148678370435e+00   1.7188071e+00   6.4465190e-02   2.0531189e+01  -1.3532656e-02  -5.7419894e-04  -1.8287368e-01  -4.5626673e+01
  8.2197431295284e+00   1.7191214e+00   6.4473536e-02   2.0531199e+01  -1.3535447e-02  -5.7066089e-04  -1.8172343e-01  -4.5626673e+01
  8.2246184220134e+00   1.7194358e+00   6.4493984e-02   2.0531211e+01  -1.3538219e-02  -5.6661585e-04  -1.8037821e-01  -4.5626673e+01
  8.2294937144983e+00   1.7197502e+00   6.4513285e-02   2.0531224e+01  -1.3540970e-02  -5.6205990e-04  -1.7887444e-01  -4.5626673e+01
  8.2343690069832e+00   1.7200648e+00   6.4520470e-02   2.0531238e+01  -1.3543698e-02  -5.5704705e-04  -1.7725949e-01  -4.5626673e+01
  8.2392442994681e+00   1.7203793e+00   6.4506848e-02   2.0531252e+01  -1.3546400e-02  -5.5167643e-04  -1.7558768e-01  -4.5626673e+01
  8.2441195919530e+00   1.7206937e+00   6.4465618e-02   2.0531266e+01  -1.3549076e-02  -5.4607179e-04  -1.7391512e-01  -4.5626673e+01
  8.2489948844380e+00   1.7210078e+00   6.4391503e-02   2.0531280e+01  -1.3551724e-02  -5.4036219e-04  -1.7229490e-01  -4.5626673e+01
  8.2538701769229e+00   1.7213215e+00   6.4280438e-02   2.0531293e+01  -1.3554344e-02  -5.3466643e-04  -1.7077347e-01  -4.5626673e+01
  8.2587454694078e+00   1.7216345e+00   6.4129314e-02   2.0531304e+01  -1.3556936e-02  -5.2908095e-04  -1.6938778e-01  -4.5626673e+01
  8.2636207618927e+00   1.7219467e+00   6.3936097e-02   2.0531314e+01  -1.3559502e-02  -5.2367339e-04  -1.6816327e-01  -4.5626673e+01
  8.2684960543776e+00   1.7222578e+00   6.3700589e-02   2.0531323e+01  -1.3562042e-02  -5.1848569e-04  -1.6711301e-01  -4.5626673e+01
  8.2733713468626e+00   1.7225677e+00   6.3425661e-02   2.0531330e+01  -1.3564557e-02  -5.1354547e-04  -1.6623826e-01  -4.5626673e+01
  8.2782466393475e+00   1.7228762e+00   6.3118440e-02   2.0531336e+01  -1.3567049e-02  -5.0887830e-04  -1.6552930e-01  -4.5626673e+01
  8.2831219318324e+00   1.7231831e+00   6.2790944e-02   2.0531340e+01  -1.3569519e-02  -5.0451337e-04  -1.6496544e-01  -4.5626673e+01
  8.2879972243173e+00   1.7234884e+00   6.2460033e-02   2.0531344e+01  -1.3571968e-02  -5.0048183e-04  -1.6451424e-01  -4.5626673e+01
  8.2928725168022e+00   1.7237921e+00   6.2146647e-02   2.0531347e+01  -1.3574399e-02  -4.9681246e-04  -1.6413161e-01  -4.5626673e+01
  8.2977478092872e+00   1.7240943e+00   6.1874171e-02   2.0531350e+01  -1.3576812e-02  -4.9352768e-04  -1.6376445e-01  -4.5626673e+01
  8.3026231017721e+00   1.7243954e+00   6.1665707e-02   2.0531353e+01  -1.3579211e-02  -4.9063875e-04  -1.6335623e-01  -4.5626673e+01
  8.3074983942570e+00   1.7246957e+00   6.1540223e-02   2.0531357e+01  -1.3581597e-02  -4.8813638e-04  -1.6285450e-01  -4.5626673e+01
  8.3123736867419e+00   1.7249956e+00   6.1508091e-02   2.0531362e+01  -1.3583971e-02  -4.8597658e-04  -1.6221868e-01  -4.5626673e+01
  8.3172489792268e+00   1.7252956e+00   6.1567136e-02   2.0531368e+01  -1.3586335e-02  -4.8406673e-04  -1.6142626e-01  -4.5626673e+01
  8.3221242717117e+00   1.7255961e+00   6.1700747e-02   2.0531376e+01  -1.3588691e-02  -4.8226128e-04  -1.6047598e-01  -4.5626673e+01
  8.3269995641966e+00   1.7258973e+00   6.1879227e-02   2.0531384e+01  -1.3591037e-02  -4.8037448e-04  -1.5938714e-01  -4.5626673e+01
  8.3318748566816e+00   1.7261995e+00   6.2064489e-02   2.0531394e+01  -1.3593374e-02  -4.7821067e-04  -1.5819564e-01  -4.5626673e+01
  8.3367501491665e+00   1.7265025e+00   6.2216918e-02   2.0531403e+01  -1.3595699e-02  -4.7560265e-04  -1.5694750e-01  -4.5626673e+01
  8.3416254416514e+00   1.7268060e+00   6.2302598e-02   2.0531413e+01  -1.3598010e-02  -4.7244425e-04  -1.5569090e-01  -4.5626673e+01
  8.3465007341363e+00   1.7271098e+00   6.2299515e-02   2.0531422e+01  -1.3600304e-02  -4.6870738e-04  -1.5446716e-01  -4.5626673e+01
  8.3513760266212e+00   1.7274133e+00   6.2201927e-02   2.0531431e+01  -1.3602578e-02  -4.6444453e-04  -1.5330250e-01  -4.5626673e+01
  8.3562513191062e+00   1.7277162e+00   6.2022301e-02   2.0531439e+01  -1.3604831e-02  -4.5978298e-04  -1.5220342e-01  -4.5626673e+01
  8.3611266115911e+00   1.7280180e+00   6.1790020e-02   2.0531447e+01  -1.3607061e-02  -4.5491426e-04  -1.5115787e-01  -4.5626673e+01
  8.3660019040760e+00   1.7283186e+00   6.1546341e-02   2.0531454e+01  -1.3609266e-02  -4.5007475e-04  -1.5014197e-01  -4.5626673e+01
  8.3708771965609e+00   1.7286181e+00   6.1336336e-02   2.0531461e+01  -1.3611449e-02  -4.4551300e-04  -1.4912911e-01  -4.5626673e+01
  8.3757524890458e+00   1.7289168e+00   6.1199942e-02   2.0531469e+01  -1.3613610e-02  -4.4144790e-04  -1.4809775e-01  -4.5626673e+01
  8.3806277815308e+00   1.7292150e+00   6.1164668e-02   2.0531477e+01  -1.3615754e-02  -4.3803041e-04  -1.4703605e-01  -4.5626673e+01
  8.3855030740157e+00   1.7295133e+00   6.1241575e-02   2.0531484e+01  -1.3617882e-02  -4.3532126e-04  -1.4594320e-01  -4.5626673e+01
  8.3903783665006e+00   1.7298123e+00   6.1424719e-02   2.0531492e+01  -1.3619999e-02  -4.3328780e-04  -1.4482842e-01  -4.5626673e+01
  8.3952536589855e+00   1.7301124e+00   6.1693284e-02   2.0531500e+01  -1.3622107e-02  -4.3181495e-04  -1.4370784e-01  -4.5626673e+01
  8.4001289514704e+00   1.7304140e+00   6.2015672e-02   2.0531508e+01  -1.3624210e-02  -4.3072393e-04  -1.4259963e-01  -4.5626673e+01
  8.4050042439554e+00   1.7307172e+00   6.2355002e-02   2.0531515e+01  -1.3626307e-02  -4.2979493e-04  -1.4151778e-01  -4.5626673e+01
  8.4098795364403e+00   1.7310220e+00   6.2675414e-02   2.0531523e+01  -1.3628400e-02  -4.2879245e-04  -1.4046595e-01  -4.5626673e+01
  8.4147548289252e+00   1.7313283e+00   6.2948036e-02   2.0531530e+01  -1.3630488e-02  -4.2749107e-04  -1.3943319e-01  -4.5626673e+01
  8.4196301214101e+00   1.7316357e+00   6.3155051e-02   2.0531537e+01  -1.3632567e-02  -4.2569838e-04  -1.3839339e-01  -4.5626673e+01
  8.4245054138950e+00   1.7319440e+00   6.3290705e-02   2.0531544e+01  -1.3634637e-02  -4.2327109e-04  -1.3730940e-01  -4.5626673e+01
  8.4293807063799e+00   1.7322528e+00   6.3359227e-02   2.0531552e+01  -1.3636693e-02  -4.2012261e-04  -1.3614069e-01  -4.5626673e+01
  8.4342559988649e+00   1.7325617e+00   6.3370938e-02   2.0531560e+01  -1.3638732e-02  -4.1622318e-04  -1.3485221e-01  -4.5626673e+01
  8.4391312913498e+00   1.7328706e+00   6.3338308e-02   2.0531570e+01  -1.3640749e-02  -4.1159625e-04  -1.3342189e-01  -4.5626673e+01
  8.4440065838347e+00   1.7331792e+00   6.3273088e-02   2.0531580e+01  -1.3642743e-02  -4.0631431e-04  -1.3184554e-01  -4.5626673e+01
  8.4488818763196e+00   1.7334875e+00   6.3184637e-02   2.0531591e+01  -1.3644710e-02  -4.0049376e-04  -1.3013882e-01  -4.5626673e+01
  8.4537571688045e+00   1.7337953e+00   6.3079043e-02   2.0531602e+01  -1.3646647e-02  -3.9428660e-04  -1.2833637e-01  -4.5626673e+01
  8.4586324612895e+00   1.7341025e+00   6.2958941e-02   2.0531613e+01  -1.3648553e-02  -3.8786807e-04  -1.2648811e-01  -4.5626673e+01
  8.4635077537744e+00   1.7344091e+00   6.2824325e-02   2.0531625e+01  -1.3650427e-02  -3.8142315e-04  -1.2465294e-01  -4.5626673e+01
  8.4683830462593e+00   1.7347150e+00   6.2674424e-02   2.0531635e+01  -1.3652271e-02  -3.7513574e-04  -1.2289144e-01  -4.5626673e+01
  8.4732583387442e+00   1.7350202e+00   6.2510008e-02   2.0531645e+01  -1.3654085e-02  -3.6918070e-04  -1.2125878e-01  -4.5626673e+01
  8.4781336312291e+00   1.7353245e+00   6.2335060e-02   2.0531654e+01  -1.3655871e-02  -3.6371544e-04  -1.1979902e-01  -4.5626673e+01
  8.4830089237140e+00   1.7356280e+00   6.2157169e-02   2.0531661e+01  -1.3657631e-02  -3.5886781e-04  -1.1854067e-01  -4.5626673e+01
  8.4878842161990e+00   1.7359306e+00   6.1986776e-02   2.0531667e+01  -1.3659370e-02  -3.5472175e-04  -1.1749327e-01  -4.5626673e+01
  8.4927595086839e+00   1.7362324e+00   6.1835948e-02   2.0531672e+01  -1.3661091e-02  -3.5130630e-04  -1.1664583e-01  -4.5626673e+01
  8.4976348011688e+00   1.7365335e+00   6.1717178e-02   2.0531676e+01  -1.3662796e-02  -3.4859338e-04  -1.1596781e-01  -4.5626673e+01
  8.5025100936537e+00   1.7368342e+00   6.1642306e-02   2.0531679e+01  -1.3664490e-02  -3.4650468e-04  -1.1541299e-01  -4.5626673e+01
  8.5073853861386e+00   1.7371347e+00   6.1621483e-02   2.0531681e+01  -1.3666175e-02  -3.4492329e-04  -1.1492510e-01  -4.5626673e+01
  8.5122606786235e+00   1.7374352e+00   6.1662299e-02   2.0531684e+01  -1.3667854e-02  -3.4370467e-04  -1.1444328e-01  -4.5626673e+01
  8.5171359711085e+00   1.7377360e+00   6.1769282e-02   2.0531687e+01  -1.3669527e-02  -3.4268508e-04  -1.1390618e-01  -4.5626673e+01
  8.5220112635934e+00   1.7380376e+00   6.1943776e-02   2.0531691e+01  -1.3671195e-02  -3.4169000e-04  -1.1325550e-01  -4.5626673e+01
  8.5268865560783e+00   1.7383401e+00   6.2183773e-02   2.0531695e+01  -1.3672858e-02  -3.4054549e-04  -1.1244053e-01  -4.5626673e+01
  8.5317618485632e+00   1.7386440e+00   6.2483161e-02   2.0531701e+01  -1.3674515e-02  -3.3909280e-04  -1.1142445e-01  -4.5626673e+01
  8.5366371410481e+00   1.7389495e+00   6.2830236e-02   2.0531707e+01  -1.3676164e-02  -3.3720214e-04  -1.1019115e-01  -4.5626673e+01
  8.5415124335331e+00   1.7392568e+00   6.3206097e-02   2.0531715e+01  -1.3677802e-02  -3.3478232e-04  -1.0874987e-01  -4.5626673e+01
  8.5463877260180e+00   1.7395659e+00   6.3584106e-02   2.0531724e+01  -1.3679426e-02  -3.3178554e-04  -1.0713572e-01  -4.5626673e+01
  8.5512630185029e+00   1.7398768e+00   6.3931475e-02   2.0531732e+01  -1.3681035e-02  -3.2821057e-04  -1.0540554e-01  -4.5626673e+01
  8.5561383109878e+00   1.7401892e+00   6.4213343e-02   2.0531742e+01  -1.3682625e-02  -3.2410614e-04  -1.0363054e-01  -4.5626673e+01
  8.5610136034727e+00   1.7405028e+00   6.4398639e-02   2.0531750e+01  -1.3684194e-02  -3.1957271e-04  -1.0188704e-01  -4.5626673e+01
  8.5658888959577e+00   1.7408169e+00   6.4466306e-02   2.0531758e+01  -1.3685740e-02  -3.1475778e-04  -1.0024664e-01  -4.5626673e+01
  8.5707641884426e+00   1.7411311e+00   6.4410265e-02   2.0531765e+01  -1.3687262e-02  -3.0984159e-04  -9.8766786e-02  -4.5626673e+01
  8.5756394809275e+00   1.7414448e+00   6.4241895e-02   2.0531772e+01  -1.3688761e-02  -3.0501547e-04  -9.7483239e-02  -4.5626673e+01
  8.5805147734124e+00   1.7417574e+00   6.3989417e-02   2.0531777e+01  -1.3690236e-02  -3.0045951e-04  -9.6406061e-02  -4.5626673e+01
  8.5853900658973e+00   1.7420686e+00   6.3694247e-02   2.0531781e+01  -1.3691690e-02  -2.9632629e-04  -9.5520501e-02  -4.5626673e+01
  8.5902653583822e+00   1.7423784e+00   6.3404910e-02   2.0531784e+01  -1.3693126e-02  -2.9273290e-04  -9.4792796e-02  -4.5626673e+01
  8.5951406508672e+00   1.7426869e+00   6.3169616e-02   2.0531787e+01  -1.3694545e-02  -2.8975861e-04  -9.4179170e-02  -4.5626673e+01
  8.6000159433521e+00   1.7429945e+00   6.3029044e-02   2.0531790e+01  -1.3695951e-02  -2.8744408e-04  -9.3635268e-02  -4.5626673e+01
  8.6048912358370e+00   1.7433016e+00   6.3010996e-02   2.0531792e+01  -1.3697348e-02  -2.8579109e-04  -9.3123479e-02  -4.5626673e+01
  8.6097665283219e+00   1.7436091e+00   6.3128067e-02   2.0531794e+01  -1.3698739e-02  -2.8476442e-04  -9.2616876e-02  -4.5626673e+01
  8.6146418208068e+00   1.7439174e+00   6.3378570e-02   2.0531796e+01  -1.3700126e-02  -2.8429831e-04  -9.2099822e-02  -4.5626673e+01
  8.6195171132917e+00   1.7442273e+00   6.3749963e-02   2.0531799e+01  -1.3701512e-02  -2.8430630e-04  -9.1565853e-02  -4.5626673e+01
  8.6243924057767e+00   1.7445393e+00   6.4223603e-02   2.0531801e+01  -1.3702899e-02  -2.8469089e-04  -9.1013531e-02  -4.5626673e+01
  8.6292676982616e+00   1.7448537e+00   6.4779641e-02   2.0531804e+01  -1.3704288e-02  -2.8534960e-04  -9.0441099e-02  -4.5626673e+01
  8.6341429907465e+00   1.7451711e+00   6.5401197e-02   2.0531806e+01  -1.3705681e-02  -2.8617713e-04  -8.9841375e-02  -4.5626673e+01
  8.6390182832314e+00   1.7454916e+00   6.6077154e-02   2.0531809e+01  -1.3707079e-02  -2.8706666e-04  -8.9198724e-02  -4.5626673e+01
  8.6438935757163e+00   1.7458156e+00   6.6803008e-02   2.0531812e+01  -1.3708481e-02  -2.8791223e-04  -8.8489429e-02  -4.5626673e+01
  8.6487688682013e+00   1.7461432e+00   6.7579418e-02   2.0531816e+01  -1.3709886e-02  -2.8861137e-04  -8.7685210e-02  -4.5626673e+01
  8.6536441606862e+00   1.7464747e+00   6.8408852e-02   2.0531820e+01  -1.3711294e-02  -2.8906464e-04  -8.6758116e-02  -4.5626673e+01
  8.6585194531711e+00   1.7468105e+00   6.9291454e-02   2.0531824e+01  -1.3712704e-02  -2.8917134e-04  -8.5684666e-02  -4.5626673e+01
  8.6633947456560e+00   1.7471506e+00   7.0221529e-02   2.0531829e+01  -1.3714113e-02  -2.8882464e-04  -8.4448435e-02  -4.5626673e+01
  8.6682700381409e+00   1.7474954e+00   7.1185439e-02   2.0531835e+01  -1.3715519e-02  -2.8791261e-04  -8.3041900e-02  -4.5626673e+01
  8.6731453306259e+00   1.7478449e+00   7.2160999e-02   2.0531841e+01  -1.3716919e-02  -2.8632897e-04  -8.1468677e-02  -4.5626673e+01
  8.6780206231108e+00   1.7481991e+00   7.3118375e-02   2.0531848e+01  -1.3718310e-02  -2.8399249e-04  -7.9745903e-02  -4.5626673e+01
  8.6828959155957e+00   1.7485579e+00   7.4022838e-02   2.0531855e+01  -1.3719687e-02  -2.8086955e-04  -7.7905320e-02  -4.5626673e+01
  8.6877712080806e+00   1.7489209e+00   7.4839862e-02   2.0531862e+01  -1.3721046e-02  -2.7699419e-04  -7.5991677e-02  -4.5626673e+01
  8.6926465005655e+00   1.7492876e+00   7.5542586e-02   2.0531869e+01  -1.3722386e-02  -2.7248095e-04  -7.4058137e-02  -4.5626673e+01
  8.6975217930504e+00   1.7496574e+00   7.6120725e-02   2.0531876e+01  -1.3723702e-02  -2.6752599e-04  -7.2159198e-02  -4.5626673e+01
  8.7023970855354e+00   1.7500297e+00   7.6589012e-02   2.0531883e+01  -1.3724993e-02  -2.6239265e-04  -7.0341880e-02  -4.5626673e+01
  8.7072723780203e+00   1.7504041e+00   7.6992913e-02   2.0531888e+01  -1.3726260e-02  -2.5737884e-04  -6.8635845e-02  -4.5626673e+01
  8.7121476705052e+00   1.7507805e+00   7.7409923e-02   2.0531894e+01  -1.3727503e-02  -2.5276725e-04  -6.7042960e-02  -4.5626673e+01
  8.7170229629901e+00   1.7511592e+00   7.7945729e-02   2.0531898e+01  -1.3728725e-02  -2.4876358e-04  -6.5527497e-02  -4.5626673e+01
  8.7218982554750e+00   1.7515410e+00   7.8725067e-02   2.0531903e+01  -1.3729929e-02  -2.4543084e-04  -6.4009628e-02  -4.5626673e+01
  8.7267735479600e+00   1.7519276e+00   7.9877381e-02   2.0531908e+01  -1.3731118e-02  -2.4262797e-04  -6.2365781e-02  -4.5626673e+01
  8.7316488404449e+00   1.7523209e+00   8.1518187e-02   2.0531914e+01  -1.3732294e-02  -2.3995884e-04  -6.0438222e-02  -4.5626673e+01
  8.7365241329298e+00   1.7527236e+00   8.3728626e-02   2.0531921e+01  -1.3733456e-02  -2.3674001e-04  -5.8053351e-02  -4.5626673e+01
  8.7413994254147e+00   1.7531387e+00   8.6537026e-02   2.0531929e+01  -1.3734599e-02  -2.3200447e-04  -5.5045796e-02  -4.5626673e+01
  8.7462747178996e+00   1.7535688e+00   8.9906421e-02   2.0531939e+01  -1.3735713e-02  -2.2456734e-04  -5.1284468e-02  -4.5626673e+01
  8.7511500103845e+00   1.7540166e+00   9.3730927e-02   2.0531950e+01  -1.3736781e-02  -2.1317489e-04  -4.6696392e-02  -4.5626673e+01
  8.7560253028695e+00   1.7544839e+00   9.7842331e-02   2.0531962e+01  -1.3737781e-02  -1.9673391e-04  -4.1284105e-02  -4.5626673e+01
  8.7609005953544e+00   1.7549715e+00   1.0202649e-01   2.0531973e+01  -1.3738687e-02  -1.7458071e-04  -3.5132899e-02  -4.5626673e+01
  8.7657758878393e+00   1.7554791e+00   1.0604730e-01   2.0531983e+01  -1.3739470e-02  -1.4671320e-04  -2.8405373e-02  -4.5626673e+01
  8.7706511803242e+00   1.7560055e+00   1.0967427e-01   2.0531992e+01  -1.3740105e-02  -1.1390160e-04  -2.1323385e-02  -4.5626673e+01
  8.7755264728091e+00   1.7565481e+00   1.1270883e-01   2.0531998e+01  -1.3740569e-02  -7.7626631e-05  -1.4141126e-02  -4.5626673e+01
  8.7804017652940e+00   1.7571037e+00   1.1500464e-01   2.0532002e+01  -1.3740853e-02  -3.9852217e-05  -7.1148937e-03  -4.5626673e+01
  8.7852770577790e+00   1.7576684e+00   1.1647899e-01   2.0532003e+01  -1.3740953e-02  -2.6953014e-06  -4.7510661e-04  -4.5626673e+01
  8.7901523502639e+00   1.7582382e+00   1.1711391e-01   2.0532002e+01  -1.3740878e-02   3.1911867e-05   5.5946773e-03  -4.5626673e+01
  8.7950276427488e+00   1.7588091e+00   1.1694764e-01   2.0532000e+01  -1.3740643e-02   6.2477391e-05   1.0968890e-02  -4.5626673e+01
  8.7999029352337e+00   1.7593773e+00   1.1605874e-01   2.0531997e+01  -1.3740272e-02   8.8072726e-05   1.5580981e-02  -4.5626673e+01
  8.8047782277186e+00   1.7599395e+00   1.1454654e-01   2.0531994e+01  -1.3739789e-02   1.0831828e-04   1.9415604e-02  -4.5626673e+01
  8.8096535202036e+00   1.7604930e+00   1.1251212e-01   2.0531991e+01  -1.3739222e-02   1.2326445e-04   2.2494149e-02  -4.5626673e+01
  8.8145288126885e+00   1.7610355e+00   1.1004358e-01   2.0531988e+01  -1.3738594e-02   1.3322896e-04   2.4857927e-02  -4.5626673e+01
  8.8194041051734e+00   1.7615650e+00   1.0720846e-01   2.0531986e+01  -1.3737929e-02   1.3865456e-04   2.6554374e-02  -4.5626673e+01
  8.8242793976583e+00   1.7620798e+00   1.0405411e-01   2.0531984e+01  -1.3737248e-02   1.4002192e-04   2.7629162e-02  -4.5626673e+01
  8.8291546901432e+00   1.7625786e+00   1.0061440e-01   2.0531984e+01  -1.3736569e-02   1.3781816e-04   2.8124009e-02  -4.5626673e+01
  8.8340299826282e+00   1.7630599e+00   9.6919640e-02   2.0531984e+01  -1.3735909e-02   1.3254388e-04   2.8078816e-02  -4.5626673e+01
  8.8389052751131e+00   1.7635226e+00   9.3006610e-02   2.0531985e+01  -1.3735282e-02   1.2473770e-04   2.7536886e-02  -4.5626673e+01
  8.8437805675980e+00   1.7639658e+00   8.8926087e-02   2.0531986e+01  -1.3734698e-02   1.1499594e-04   2.6551207e-02  -4.5626673e+01
  8.8486558600829e+00   1.7643889e+00   8.4746430e-02   2.0531988e+01  -1.3734164e-02   1.0397080e-04   2.5189581e-02  -4.5626673e+01
  8.8535311525678e+00   1.7647915e+00   8.0552552e-02   2.0531990e+01  -1.3733687e-02   9.2341321e-05   2.3536822e-02  -4.5626673e+01
  8.8584064450527e+00   1.7651738e+00   7.6440449e-02   2.0531992e+01  -1.3733266e-02   8.0760813e-05   2.1692446e-02  -4.5626673e+01
  8.8632817375377e+00   1.7655364e+00   7.2508296e-02   2.0531994e+01  -1.3732900e-02   6.9795566e-05   1.9763837e-02  -4.5626673e+01
  8.8681570300226e+00   1.7658806e+00   6.8846050e-02   2.0531995e+01  -1.3732585e-02   5.9876706e-05   1.7857063e-02  -4.5626673e+01
  8.8730323225075e+00   1.7662077e+00   6.5525843e-02   2.0531997e+01  -1.3732316e-02   5.1279417e-05   1.6067993e-02  -4.5626673e+01
  8.8779076149924e+00   1.7665196e+00   6.2595153e-02   2.0531998e+01  -1.3732084e-02   4.4129933e-05   1.4475173e-02  -4.5626673e+01
  8.8827829074773e+00   1.7668183e+00   6.0073933e-02   2.0531999e+01  -1.3731884e-02   3.8432679e-05   1.3135476e-02  -4.5626673e+01
  8.8876581999622e+00   1.7671057e+00   5.7955805e-02   2.0531999e+01  -1.3731708e-02   3.4106974e-05   1.2083076e-02  -4.5626673e+01
  8.8925334924472e+00   1.7673837e+00   5.6212339e-02   2.0532000e+01  -1.3731550e-02   3.1021637e-05   1.1330898e-02  -4.5626673e+01
  8.8974087849321e+00   1.7676540e+00   5.4798880e-02   2.0532000e+01  -1.3731404e-02   2.9018503e-05   1.0872629e-02  -4.5626673e+01
  8.9022840774170e+00   1.7679182e+00   5.3660551e-02   2.0532000e+01  -1.3731266e-02   2.7922350e-05   1.0683858e-02  -4.5626673e+01
  8.9071593699019e+00   1.7681774e+00   5.2737716e-02   2.0532000e+01  -1.3731131e-02   2.7543958e-05   1.0723493e-02  -4.5626673e+01
  8.9120346623868e+00   1.7684326e+00   5.1970840e-02   2.0532000e+01  -1.3730996e-02   2.7686152e-05   1.0937904e-02  -4.5626673e+01
  8.9169099548718e+00   1.7686842e+00   5.1304628e-02   2.0532000e+01  -1.3730860e-02   2.8154416e-05   1.1267336e-02  -4.5626673e+01
  8.9217852473567e+00   1.7689328e+00   5.0691062e-02   2.0532000e+01  -1.3730722e-02   2.8767888e-05   1.1652198e-02  -4.5626673e+01
  8.9266605398416e+00   1.7691784e+00   5.0091083e-02   2.0532000e+01  -1.3730580e-02   2.9369778e-05   1.2038475e-02  -4.5626673e+01
  8.9315358323265e+00   1.7694211e+00   4.9474984e-02   2.0531999e+01  -1.3730435e-02   2.9836679e-05   1.2382150e-02  -4.5626673e+01
  8.9364111248114e+00   1.7696607e+00   4.8821807e-02   2.0531999e+01  -1.3730289e-02   3.0084205e-05   1.2651905e-02  -4.5626673e+01
  8.9412864172964e+00   1.7698969e+00   4.8118572e-02   2.0531999e+01  -1.3730142e-02   3.0069186e-05   1.2830399e-02  -4.5626673e+01
  8.9461617097813e+00   1.7701296e+00   4.7360113e-02   2.0531999e+01  -1.3729996e-02   2.9789933e-05   1.2914810e-02  -4.5626673e+01
  8.9510370022662e+00   1.7703585e+00   4.6549512e-02   2.0531999e+01  -1.3729852e-02   2.9283378e-05   1.2916275e-02  -4.5626673e+01
  8.9559122947511e+00   1.7705833e+00   4.5698168e-02   2.0531999e+01  -1.3729711e-02   2.8617826e-05   1.2857871e-02  -4.5626673e+01
  8.9607875872360e+00   1.7708039e+00   4.4824566e-02   2.0531999e+01  -1.3729574e-02   2.7881632e-05   1.2771248e-02  -4.5626673e+01
  8.9656628797209e+00   1.7710203e+00   4.3951395e-02   2.0531999e+01  -1.3729440e-02   2.7168160e-05   1.2691671e-02  -4.5626673e+01
  8.9705381722059e+00   1.7712324e+00   4.3101644e-02   2.0531999e+01  -1.3729309e-02   2.6558884e-05   1.2651652e-02  -4.5626673e+01
  8.9754134646908e+00   1.7714405e+00   4.2294987e-02   2.0531999e+01  -1.3729180e-02   2.6109187e-05   1.2674642e-02  -4.5626673e+01
  8.9802887571757e+00   1.7716447e+00   4.1545723e-02   2.0531999e+01  -1.3729054e-02   2.5840369e-05   1.2770374e-02  -4.5626673e+01
  8.9851640496606e+00   1.7718455e+00   4.0862601e-02   2.0531999e+01  -1.3728928e-02   2.5738907e-05   1.2932882e-02  -4.5626673e+01
  8.9900393421455e+00   1.7720432e+00   4.0249899e-02   2.0531999e+01  -1.3728803e-02   2.5763357e-05   1.3142225e-02  -4.5626673e+01
  8.9949146346304e+00   1.7722380e+00   3.9708786e-02   2.0531999e+01  -1.3728677e-02   2.5856537e-05   1.3369494e-02  -4.5626673e+01
  8.9997899271154e+00   1.7724304e+00   3.9238085e-02   2.0531999e+01  -1.3728551e-02   2.5957650e-05   1.3582784e-02  -4.5626673e+01
  9.0046652196003e+00   1.7726207e+00   3.8834206e-02   2.0531998e+01  -1.3728424e-02   2.6011667e-05   1.3752605e-02  -4.5626673e+01
  9.0095405120852e+00   1.7728091e+00   3.8490851e-02   2.0531998e+01  -1.3728297e-02   2.5974948e-05   1.3855697e-02  -4.5626673e+01
  9.0144158045701e+00   1.7729960e+00   3.8199285e-02   2.0531998e+01  -1.3728171e-02   2.5814877e-05   1.3875417e-02  -4.5626673e+01
  9.0192910970550e+00   1.7731816e+00   3.7949608e-02   2.0531998e+01  -1.3728046e-02   2.5504845e-05   1.3798968e-02  -4.5626673e+01
  9.0241663895400e+00   1.7733660e+00   3.7732941e-02   2.0531999e+01  -1.3727922e-02   2.5019713e-05   1.3614224e-02  -4.5626673e+01
  9.0290416820249e+00   1.7735495e+00   3.7543734e-02   2.0531999e+01  -1.3727802e-02   2.4335566e-05   1.3308687e-02  -4.5626673e+01
  9.0339169745098e+00   1.7737321e+00   3.7380880e-02   2.0531999e+01  -1.3727686e-02   2.3433965e-05   1.2871450e-02  -4.5626673e+01
  9.0387922669947e+00   1.7739140e+00   3.7246723e-02   2.0531999e+01  -1.3727574e-02   2.2308087e-05   1.2297179e-02  -4.5626673e+01
  9.0436675594796e+00   1.7740953e+00   3.7144250e-02   2.0532000e+01  -1.3727469e-02   2.0965890e-05   1.1589187e-02  -4.5626673e+01
  9.0485428519646e+00   1.7742762e+00   3.7073863e-02   2.0532000e+01  -1.3727370e-02   1.9426385e-05   1.0758592e-02  -4.5626673e+01
  9.0534181444495e+00   1.7744569e+00   3.7031419e-02   2.0532001e+01  -1.3727280e-02   1.7710046e-05   9.8193016e-03  -4.5626673e+01
  9.0582934369344e+00   1.7746373e+00   3.7008637e-02   2.0532001e+01  -1.3727198e-02   1.5829278e-05   8.7819162e-03  -4.5626673e+01
  9.0631687294193e+00   1.7748177e+00   3.6995675e-02   2.0532002e+01  -1.3727126e-02   1.3785325e-05   7.6506327e-03  -4.5626673e+01
  9.0680440219042e+00   1.7749981e+00   3.6984722e-02   2.0532002e+01  -1.3727064e-02   1.1573692e-05   6.4251142e-03  -4.5626673e+01
  9.0729193143892e+00   1.7751784e+00   3.6972910e-02   2.0532002e+01  -1.3727014e-02   9.1965420e-06   5.1070750e-03  -4.5626673e+01
  9.0777946068741e+00   1.7753586e+00   3.6963458e-02   2.0532003e+01  -1.3726975e-02   6.6767043e-06   3.7086928e-03  -4.5626673e+01
  9.0826698993590e+00   1.7755388e+00   3.6964815e-02   2.0532003e+01  -1.3726949e-02   4.0651073e-06   2.2579524e-03  -4.5626673e+01
  9.0875451918439e+00   1.7757191e+00   3.6988198e-02   2.0532003e+01  -1.3726936e-02   1.4390078e-06   7.9878757e-04  -4.5626673e+01
  9.0924204843288e+00   1.7758995e+00   3.7044562e-02   2.0532003e+01  -1.3726936e-02  -1.1055434e-06  -6.1274903e-04  -4.5626673e+01
  9.0972957768137e+00   1.7760803e+00   3.7142104e-02   2.0532003e+01  -1.3726947e-02  -3.4634729e-06  -1.9145936e-03  -4.5626673e+01
  9.1021710692987e+00   1.7762618e+00   3.7284820e-02   2.0532003e+01  -1.3726969e-02  -5.5291107e-06  -3.0447704e-03  -4.5626673e+01
  9.1070463617836e+00   1.7764440e+00   3.7472215e-02   2.0532003e+01  -1.3727001e-02  -7.2013141e-06  -3.9457875e-03  -4.5626673e+01
  9.1119216542685e+00   1.7766272e+00   3.7699770e-02   2.0532003e+01  -1.3727039e-02  -8.3878051e-06  -4.5681561e-03  -4.5626673e+01
  9.1167969467534e+00   1.7768117e+00   3.7959280e-02   2.0532002e+01  -1.3727082e-02  -9.0111326e-06  -4.8740808e-03  -4.5626673e+01
  9.1216722392383e+00   1.7769974e+00   3.8238497e-02   2.0532002e+01  -1.3727126e-02  -9.0156686e-06  -4.8409259e-03  -4.5626673e+01
  9.1265475317233e+00   1.7771846e+00   3.8520368e-02   2.0532003e+01  -1.3727168e-02  -8.3756426e-06  -4.4643581e-03  -4.5626673e+01
  9.1314228242082e+00   1.7773730e+00   3.8782632e-02   2.0532003e+01  -1.3727206e-02  -7.1047435e-06  -3.7613386e-03  -4.5626673e+01
  9.1362981166931e+00   1.7775627e+00   3.8998629e-02   2.0532003e+01  -1.3727236e-02  -5.2658593e-06  -2.7723702e-03  -4.5626673e+01
  9.1411734091780e+00   1.7777532e+00   3.9139627e-02   2.0532003e+01  -1.3727257e-02  -2.9776686e-06  -1.5620358e-03  -4.5626673e+01
  9.1460487016629e+00   1.7779442e+00   3.9178252e-02   2.0532003e+01  -1.3727265e-02  -4.1289698e-07  -2.1638540e-04  -4.5626673e+01
  9.1509239941478e+00   1.7781350e+00   3.9092406e-02   2.0532003e+01  -1.3727260e-02   2.2158195e-06   1.1637865e-03  -4.5626673e+01
  9.1557992866328e+00   1.7783251e+00   3.8869158e-02   2.0532003e+01  -1.3727243e-02   4.6828706e-06   2.4736505e-03  -4.5626673e+01
  9.1606745791177e+00   1.7785137e+00   3.8508102e-02   2.0532003e+01  -1.3727215e-02   6.7861792e-06   3.6182996e-03  -4.5626673e+01
  9.1655498716026e+00   1.7787003e+00   3.8023346e-02   2.0532003e+01  -1.3727177e-02   8.3839716e-06   4.5272114e-03  -4.5626673e+01
  9.1704251640875e+00   1.7788842e+00   3.7443031e-02   2.0532002e+01  -1.3727134e-02   9.4192204e-06   5.1650588e-03  -4.5626673e+01
  9.1753004565724e+00   1.7790652e+00   3.6805624e-02   2.0532002e+01  -1.3727086e-02   9.9235131e-06   5.5358278e-03  -4.5626673e+01
  9.1801757490573e+00   1.7792430e+00   3.6153609e-02   2.0532002e+01  -1.3727037e-02   9.9994815e-06   5.6788073e-03  -4.5626673e+01
  9.1850510415423e+00   1.7794177e+00   3.5526400e-02   2.0532002e+01  -1.3726989e-02   9.7886014e-06   5.6571897e-03  -4.5626673e+01
  9.1899263340272e+00   1.7795894e+00   3.4954278e-02   2.0532002e+01  -1.3726942e-02   9.4364267e-06   5.5429191e-03  -4.5626673e+01
  9.1948016265121e+00   1.7797585e+00   3.4454109e-02   2.0532002e+01  -1.3726897e-02   9.0659519e-06   5.4026109e-03  -4.5626673e+01
  9.1996769189970e+00   1.7799254e+00   3.4026857e-02   2.0532002e+01  -1.3726854e-02   8.7628996e-06   5.2875843e-03  -4.5626673e+01
  9.2045522114819e+00   1.7800903e+00   3.3657167e-02   2.0532002e+01  -1.3726812e-02   8.5707706e-06   5.2284579e-03  -4.5626673e+01
  9.2094275039669e+00   1.7802535e+00   3.3315677e-02   2.0532002e+01  -1.3726770e-02   8.4932278e-06   5.2342618e-03  -4.5626673e+01
  9.2143027964518e+00   1.7804151e+00   3.2964280e-02   2.0532002e+01  -1.3726729e-02   8.5028451e-06   5.2960488e-03  -4.5626673e+01
  9.2191780889367e+00   1.7805748e+00   3.2563351e-02   2.0532002e+01  -1.3726687e-02   8.5532972e-06   5.3930666e-03  -4.5626673e+01
  9.2240533814216e+00   1.7807324e+00   3.2078924e-02   2.0532002e+01  -1.3726645e-02   8.5908597e-06   5.4985495e-03  -4.5626673e+01
  9.2289286739065e+00   1.7808874e+00   3.1487976e-02   2.0532002e+01  -1.3726603e-02   8.5640115e-06   5.5842366e-03  -4.5626673e+01
  9.2338039663915e+00   1.7810391e+00   3.0781266e-02   2.0532002e+01  -1.3726562e-02   8.4316039e-06   5.6241257e-03  -4.5626673e+01
  9.2386792588764e+00   1.7811872e+00   2.9964143e-02   2.0532002e+01  -1.3726521e-02   8.1686554e-06   5.5973185e-03  -4.5626673e+01
  9.2435545513613e+00   1.7813310e+00   2.9055613e-02   2.0532002e+01  -1.3726483e-02   7.7688588e-06   5.4898248e-03  -4.5626673e+01
  9.2484298438462e+00   1.7814702e+00   2.8085588e-02   2.0532002e+01  -1.3726446e-02   7.2439039e-06   5.2956644e-03  -4.5626673e+01
  9.2533051363311e+00   1.7816047e+00   2.7090325e-02   2.0532002e+01  -1.3726412e-02   6.6195804e-06   5.0170398e-03  -4.5626673e+01
  9.2581804288160e+00   1.7817342e+00   2.6106598e-02   2.0532003e+01  -1.3726382e-02   5.9291030e-06   4.6630494e-03  -4.5626673e+01
  9.2630557213010e+00   1.7818591e+00   2.5165829e-02   2.0532003e+01  -1.3726355e-02   5.2055914e-06   4.2470770e-03  -4.5626673e+01
  9.2679310137859e+00   1.7819796e+00   2.4289671e-02   2.0532003e+01  -1.3726331e-02   4.4761404e-06   3.7836712e-03  -4.5626673e+01
  9.2728063062708e+00   1.7820960e+00   2.3488022e-02   2.0532003e+01  -1.3726311e-02   3.7586834e-06   3.2856448e-03  -4.5626673e+01
  9.2776815987557e+00   1.7822086e+00   2.2759581e-02   2.0532003e+01  -1.3726294e-02   3.0613201e-06   2.7616956e-03  -4.5626673e+01
  9.2825568912406e+00   1.7823179e+00   2.2094465e-02   2.0532003e+01  -1.3726281e-02   2.3836345e-06   2.2150702e-03  -4.5626673e+01
  9.2874321837255e+00   1.7824240e+00   2.1478188e-02   2.0532003e+01  -1.3726271e-02   1.7196392e-06   1.6438834e-03  -4.5626673e+01
  9.2923074762105e+00   1.7825272e+00   2.0896101e-02   2.0532003e+01  -1.3726265e-02   1.0607197e-06   1.0422375e-03  -4.5626673e+01
  9.2971827686954e+00   1.7826277e+00   2.0337419e-02   2.0532003e+01  -1.3726261e-02   3.9668567e-07   4.0048108e-04  -4.5626673e+01
  9.3020580611803e+00   1.7827255e+00   1.9797984e-02   2.0532003e+01  -1.3726261e-02  -2.8456181e-07  -2.9511206e-04  -4.5626673e+01
  9.3069333536652e+00   1.7828207e+00   1.9281213e-02   2.0532003e+01  -1.3726264e-02  -9.9670035e-07  -1.0613572e-03  -4.5626673e+01
  9.3118086461501e+00   1.7829135e+00   1.8797158e-02   2.0532003e+01  -1.3726271e-02  -1.7531702e-06  -1.9149754e-03  -4.5626673e+01
  9.3166839386351e+00   1.7830040e+00   1.8360204e-02   2.0532003e+01  -1.3726281e-02  -2.5642125e-06  -2.8675290e-03  -4.5626673e+01
  9.3215592311200e+00   1.7830925e+00   1.7986291e-02   2.0532003e+01  -1.3726296e-02  -3.4336913e-06  -3.9196831e-03  -4.5626673e+01
  9.3264345236049e+00   1.7831794e+00   1.7690421e-02   2.0532002e+01  -1.3726315e-02  -4.3578184e-06  -5.0578072e-03  -4.5626673e+01
  9.3313098160898e+00   1.7832651e+00   1.7484692e-02   2.0532002e+01  -1.3726339e-02  -5.3272508e-06  -6.2557079e-03  -4.5626673e+01
  9.3361851085747e+00   1.7833501e+00   1.7376636e-02   2.0532002e+01  -1.3726367e-02  -6.3307736e-06  -7.4803578e-03  -4.5626673e+01
  9.3410604010597e+00   1.7834347e+00   1.7367735e-02   2.0532001e+01  -1.3726401e-02  -7.3574020e-06  -8.6978636e-03  -4.5626673e+01
  9.3459356935446e+00   1.7835196e+00   1.7452374e-02   2.0532001e+01  -1.3726439e-02  -8.3960214e-06  -9.8775739e-03  -4.5626673e+01
  9.3508109860295e+00   1.7836050e+00   1.7617760e-02   2.0532000e+01  -1.3726483e-02  -9.4340043e-06  -1.0994529e-02  -4.5626673e+01
  9.3556862785144e+00   1.7836915e+00   1.7845087e-02   2.0532000e+01  -1.3726531e-02  -1.0456527e-05  -1.2030953e-02  -4.5626673e+01
  9.3605615709993e+00   1.7837791e+00   1.8111769e-02   2.0531999e+01  -1.3726585e-02  -1.1447537e-05  -1.2977242e-02  -4.5626673e+01
  9.3654368634842e+00   1.7838681e+00   1.8394090e-02   2.0531998e+01  -1.3726643e-02  -1.2391978e-05  -1.3832273e-02  -4.5626673e+01
  9.3703121559692e+00   1.7839585e+00   1.8669505e-02   2.0531998e+01  -1.3726706e-02  -1.3277598e-05  -1.4602187e-02  -4.5626673e+01
  9.3751874484541e+00   1.7840502e+00   1.8918165e-02   2.0531997e+01  -1.3726772e-02  -1.4095110e-05  -1.5297507e-02  -4.5626673e+01
  9.3800627409390e+00   1.7841430e+00   1.9123740e-02   2.0531997e+01  -1.3726843e-02  -1.4837455e-05  -1.5930073e-02  -4.5626673e+01
  9.3849380334239e+00   1.7842366e+00   1.9273870e-02   2.0531996e+01  -1.3726917e-02  -1.5499565e-05  -1.6511319e-02  -4.5626673e+01
  9.3898133259088e+00   1.7843308e+00   1.9360435e-02   2.0531996e+01  -1.3726994e-02  -1.6078886e-05  -1.7051870e-02  -4.5626673e+01
  9.3946886183938e+00   1.7844253e+00   1.9379672e-02   2.0531996e+01  -1.3727074e-02  -1.6575869e-05  -1.7561478e-02  -4.5626673e+01
  9.3995639108787e+00   1.7845197e+00   1.9332147e-02   2.0531995e+01  -1.3727156e-02  -1.6993954e-05  -1.8048682e-02  -4.5626673e+01
  9.4044392033636e+00   1.7846136e+00   1.9222536e-02   2.0531995e+01  -1.3727239e-02  -1.7339210e-05  -1.8520375e-02  -4.5626673e+01
  9.4093144958485e+00   1.7847070e+00   1.9059084e-02   2.0531994e+01  -1.3727325e-02  -1.7620192e-05  -1.8981903e-02  -4.5626673e+01
  9.4141897883334e+00   1.7847994e+00   1.8852616e-02   2.0531994e+01  -1.3727411e-02  -1.7848372e-05  -1.9438292e-02  -4.5626673e+01
  9.4190650808183e+00   1.7848907e+00   1.8615096e-02   2.0531993e+01  -1.3727499e-02  -1.8038888e-05  -1.9896450e-02  -4.5626673e+01
  9.4239403733033e+00   1.7849808e+00   1.8357901e-02   2.0531993e+01  -1.3727587e-02  -1.8210645e-05  -2.0367298e-02  -4.5626673e+01
  9.4288156657882e+00   1.7850697e+00   1.8090159e-02   2.0531992e+01  -1.3727676e-02  -1.8384859e-05  -2.0866472e-02  -4.5626673e+01
  9.4336909582731e+00   1.7851572e+00   1.7817523e-02   2.0531992e+01  -1.3727766e-02  -1.8581952e-05  -2.1412880e-02  -4.5626673e+01
  9.4385662507580e+00   1.7852433e+00   1.7541753e-02   2.0531991e+01  -1.3727858e-02  -1.8817706e-05  -2.2025448e-02  -4.5626673e+01
  9.4434415432429e+00   1.7853281e+00   1.7261282e-02   2.0531990e+01  -1.3727950e-02  -1.9100114e-05  -2.2719248e-02  -4.5626673e+01
  9.4483168357278e+00   1.7854116e+00   1.6972693e-02   2.0531990e+01  -1.3728044e-02  -1.9428281e-05  -2.3502532e-02  -4.5626673e+01
  9.4531921282128e+00   1.7854936e+00   1.6672706e-02   2.0531989e+01  -1.3728140e-02  -1.9794120e-05  -2.4375925e-02  -4.5626673e+01
  9.4580674206977e+00   1.7855741e+00   1.6360139e-02   2.0531987e+01  -1.3728237e-02  -2.0186598e-05  -2.5334197e-02  -4.5626673e+01
  9.4629427131826e+00   1.7856530e+00   1.6037458e-02   2.0531986e+01  -1.3728337e-02  -2.0597405e-05  -2.6369867e-02  -4.5626673e+01
  9.4678180056675e+00   1.7857304e+00   1.5711788e-02   2.0531985e+01  -1.3728438e-02  -2.1026319e-05  -2.7476954e-02  -4.5626673e+01
  9.4726932981524e+00   1.7858062e+00   1.5395289e-02   2.0531983e+01  -1.3728542e-02  -2.1484566e-05  -2.8652970e-02  -4.5626673e+01
  9.4775685906374e+00   1.7858805e+00   1.5104711e-02   2.0531981e+01  -1.3728648e-02  -2.1995048e-05  -2.9898082e-02  -4.5626673e+01
  9.4824438831223e+00   1.7859535e+00   1.4859862e-02   2.0531979e+01  -1.3728756e-02  -2.2589336e-05  -3.1211850e-02  -4.5626673e+01
  9.4873191756072e+00   1.7860255e+00   1.4681024e-02   2.0531977e+01  -1.3728868e-02  -2.3302307e-05  -3.2589173e-02  -4.5626673e+01
  9.4921944680921e+00   1.7860968e+00   1.4585864e-02   2.0531975e+01  -1.3728984e-02  -2.4165854e-05  -3.4017368e-02  -4.5626673e+01
  9.4970697605770e+00   1.7861678e+00   1.4586657e-02   2.0531972e+01  -1.3729104e-02  -2.5203094e-05  -3.5475519e-02  -4.5626673e+01
  9.5019450530620e+00   1.7862392e+00   1.4688661e-02   2.0531970e+01  -1.3729230e-02  -2.6424315e-05  -3.6936194e-02  -4.5626673e+01
  9.5068203455469e+00   1.7863112e+00   1.4890061e-02   2.0531967e+01  -1.3729362e-02  -2.7825629e-05  -3.8368875e-02  -4.5626673e+01
  9.5116956380318e+00   1.7863845e+00   1.5183317e-02   2.0531965e+01  -1.3729502e-02  -2.9390671e-05  -3.9744161e-02  -4.5626673e+01
  9.5165709305167e+00   1.7864595e+00   1.5557154e-02   2.0531962e+01  -1.3729650e-02  -3.1094347e-05  -4.1037580e-02  -4.5626673e+01
  9.5214462230016e+00   1.7865364e+00   1.5998139e-02   2.0531960e+01  -1.3729806e-02  -3.2906293e-05  -4.2231829e-02  -4.5626673e+01
  9.5263215154865e+00   1.7866156e+00   1.6491077e-02   2.0531957e+01  -1.3729971e-02  -3.4791548e-05  -4.3316672e-02  -4.5626673e+01
  9.5311968079715e+00   1.7866973e+00   1.7018163e-02   2.0531955e+01  -1.3730145e-02  -3.6707598e-05  -4.4286728e-02  -4.5626673e+01
  9.5360721004564e+00   1.7867817e+00   1.7557653e-02   2.0531953e+01  -1.3730329e-02  -3.8599470e-05  -4.5138296e-02  -4.5626673e+01
  9.5409473929413e+00   1.7868686e+00   1.8083161e-02   2.0531952e+01  -1.3730522e-02  -4.0396267e-05  -4.5866661e-02  -4.5626673e+01
  9.5458226854262e+00   1.7869580e+00   1.8564464e-02   2.0531950e+01  -1.3730723e-02  -4.2012357e-05  -4.6464882e-02  -4.5626673e+01
  9.5506979779111e+00   1.7870496e+00   1.8970024e-02   2.0531949e+01  -1.3730931e-02  -4.3354675e-05  -4.6924348e-02  -4.5626673e+01
  9.5555732703960e+00   1.7871429e+00   1.9270720e-02   2.0531949e+01  -1.3731145e-02  -4.4335025e-05  -4.7236660e-02  -4.5626673e+01
  9.5604485628810e+00   1.7872373e+00   1.9443849e-02   2.0531948e+01  -1.3731363e-02  -4.4884310e-05  -4.7396086e-02  -4.5626673e+01
  9.5653238553659e+00   1.7873322e+00   1.9476352e-02   2.0531948e+01  -1.3731582e-02  -4.4964761e-05  -4.7401800e-02  -4.5626673e+01
  9.5701991478508e+00   1.7874270e+00   1.9366407e-02   2.0531949e+01  -1.3731801e-02  -4.4576368e-05  -4.7259137e-02  -4.5626673e+01
  9.5750744403357e+00   1.7875208e+00   1.9122896e-02   2.0531949e+01  -1.3732016e-02  -4.3755205e-05  -4.6979267e-02  -4.5626673e+01
  9.5799497328206e+00   1.7876132e+00   1.8763025e-02   2.0531950e+01  -1.3732226e-02  -4.2564473e-05  -4.6577332e-02  -4.5626673e+01
  9.5848250253056e+00   1.7877036e+00   1.8308962e-02   2.0531951e+01  -1.3732430e-02  -4.1081767e-05  -4.6069726e-02  -4.5626673e+01
  9.5897003177905e+00   1.7877915e+00   1.7784423e-02   2.0531953e+01  -1.3732626e-02  -3.9386629e-05  -4.5471501e-02  -4.5626673e+01
  9.5945756102754e+00   1.7878768e+00   1.7211805e-02   2.0531954e+01  -1.3732814e-02  -3.7551387e-05  -4.4795031e-02  -4.5626673e+01
  9.5994509027603e+00   1.7879592e+00   1.6610111e-02   2.0531956e+01  -1.3732992e-02  -3.5636379e-05  -4.4050552e-02  -4.5626673e+01
  9.6043261952452e+00   1.7880386e+00   1.5993616e-02   2.0531958e+01  -1.3733161e-02  -3.3688665e-05  -4.3248146e-02  -4.5626673e+01
  9.6092014877302e+00   1.7881150e+00   1.5371120e-02   2.0531959e+01  -1.3733320e-02  -3.1742320e-05  -4.2399775e-02  -4.5626673e+01
  9.6140767802151e+00   1.7881884e+00   1.4745738e-02   2.0531961e+01  -1.3733470e-02  -2.9819164e-05  -4.1520196e-02  -4.5626673e+01
  9.6189520727000e+00   1.7882587e+00   1.4115446e-02   2.0531963e+01  -1.3733611e-02  -2.7930528e-05  -4.0627022e-02  -4.5626673e+01
  9.6238273651849e+00   1.7883259e+00   1.3474516e-02   2.0531965e+01  -1.3733742e-02  -2.6080675e-05  -3.9740760e-02  -4.5626673e+01
  9.6287026576698e+00   1.7883900e+00   1.2815442e-02   2.0531966e+01  -1.3733865e-02  -2.4270669e-05  -3.8884695e-02  -4.5626673e+01
  9.6335779501547e+00   1.7884507e+00   1.2130920e-02   2.0531968e+01  -1.3733979e-02  -2.2501217e-05  -3.8084026e-02  -4.5626673e+01
  9.6384532426397e+00   1.7885081e+00   1.1415590e-02   2.0531969e+01  -1.3734084e-02  -2.0774183e-05  -3.7364244e-02  -4.5626673e+01
  9.6433285351246e+00   1.7885619e+00   1.0667500e-02   2.0531970e+01  -1.3734181e-02  -1.9093207e-05  -3.6749112e-02  -4.5626673e+01
  9.6482038276095e+00   1.7886119e+00   9.8887765e-03   2.0531971e+01  -1.3734270e-02  -1.7462552e-05  -3.6257327e-02  -4.5626673e+01
  9.6530791200944e+00   1.7886581e+00   9.0858028e-03   2.0531972e+01  -1.3734351e-02  -1.5886281e-05  -3.5899598e-02  -4.5626673e+01
  9.6579544125793e+00   1.7887004e+00   8.2693394e-03   2.0531972e+01  -1.3734425e-02  -1.4369477e-05  -3.5678026e-02  -4.5626673e+01
  9.6628297050643e+00   1.7887386e+00   7.4524517e-03   2.0531972e+01  -1.3734491e-02  -1.2915069e-05  -3.5581826e-02  -4.5626673e+01
  9.6677049975492e+00   1.7887729e+00   6.6475895e-03   2.0531972e+01  -1.3734551e-02  -1.1521022e-05  -3.5584224e-02  -4.5626673e+01
  9.6725802900341e+00   1.7888033e+00   5.8662049e-03   2.0531972e+01  -1.3734603e-02  -1.0184952e-05  -3.5647773e-02  -4.5626673e+01
  9.6774555825190e+00   1.7888300e+00   5.1181594e-03   2.0531972e+01  -1.3734650e-02  -8.9060873e-06  -3.5727597e-02  -4.5626673e+01
  9.6823308750039e+00   1.7888532e+00   4.4089797e-03   2.0531972e+01  -1.3734690e-02  -7.6813470e-06  -3.5770907e-02  -4.5626673e+01
  9.6872061674888e+00   1.7888730e+00   3.7426430e-03   2.0531972e+01  -1.3734725e-02  -6.5131302e-06  -3.5730740e-02  -4.5626673e+01
  9.6920814599738e+00   1.7888896e+00   3.1205716e-03   2.0531972e+01  -1.3734754e-02  -5.4062230e-06  -3.5570541e-02  -4.5626673e+01
  9.6969567524587e+00   1.7889034e+00   2.5384570e-03   2.0531973e+01  -1.3734777e-02  -4.3593415e-06  -3.5259955e-02  -4.5626673e+01
  9.7018320449436e+00   1.7889144e+00   1.9973932e-03   2.0531974e+01  -1.3734796e-02  -3.3851502e-06  -3.4797262e-02  -4.5626673e+01
  9.7067073374285e+00   1.7889228e+00   1.4966931e-03   2.0531975e+01  -1.3734810e-02  -2.4928402e-06  -3.4197347e-02  -4.5626673e+01
  9.7115826299134e+00   1.7889289e+00   1.0208569e-03   2.0531976e+01  -1.3734820e-02  -1.6637402e-06  -3.3461959e-02  -4.5626673e+01
  9.7164579223984e+00   1.7889327e+00   5.4287626e-04   2.0531977e+01  -1.3734826e-02  -8.6102792e-07  -3.2564706e-02  -4.5626673e+01
  9.7213332148833e+00   1.7889341e+00   3.8617764e-05   2.0531979e+01  -1.3734828e-02  -5.9370130e-08  -3.1565428e-02  -4.5626673e+01
  9.7262085073682e+00   1.7889341e+00   0.0000000e+00   2.0530731e+01  -1.3734829e-02   0.0000000e+00  -3.0910784e-02  -4.5626673e+01
  9.7310837998531e+00   1.7889341e+00   0.0000000e+00   2.0529829e+01  -1.3734829e-02   0.0000000e+00  -3.0161289e-02  -4.5626673e+01
  9.7359590923380e+00   1.7889341e+00   0.0000000e+00   2.0528543e+01  -1.3734829e-02   0.0000000e+00  -2.9236081e-02  -4.5626673e+01
  9.7408343848229e+00   1.7889341e+00   0.0000000e+00   2.0526981e+01  -1.3734829e-02   0.0000000e+00  -2.8315393e-02  -4.5626673e+01
  9.7457096773079e+00   1.7889341e+00   0.0000000e+00   2.0525089e+01  -1.3734829e-02   0.0000000e+00  -2.7256915e-02  -4.5626673e+01
  9.7505849697928e+00   1.7889341e+00   0.0000000e+00   2.0522698e+01  -1.3734829e-02   0.0000000e+00  -2.6030806e-02  -4.5626673e+01
  9.7554602622777e+00   1.7889341e+00   0.0000000e+00   2.0519831e+01  -1.3734829e-02   0.0000000e+00  -2.4756726e-02  -4.5626673e+01
  9.7603355547626e+00   1.7889341e+00   0.0000000e+00   2.0516634e+01  -1.3734829e-02   0.0000000e+00  -2.3473400e-02  -4.5626673e+01
  9.7652108472475e+00   1.7889341e+00   0.0000000e+00   2.0513195e+01  -1.3734829e-02   0.0000000e+00  -2.2136718e-02  -4.5626673e+01
  9.7700861397325e+00   1.7889341e+00   0.0000000e+00   2.0509535e+01  -1.3734829e-02   0.0000000e+00  -2.0737014e-02  -4.5626673e+01
  9.7749614322174e+00   1.7889341e+00   0.0000000e+00   2.0505700e+01  -1.3734829e-02   0.0000000e+00  -1.9291634e-02  -4.5626673e+01
  9.7798367247023e+00   1.7889341e+00   0.0000000e+00   2.0501786e+01  -1.3734829e-02   0.0000000e+00  -1.7809947e-02  -4.5626673e+01
  9.7847120171872e+00   1.7889341e+00   0.0000000e+00   2.0497889e+01  -1.3734829e-02   0.0000000e+00  -1.6282014e-02  -4.5626673e+01
  9.7895873096721e+00   1.7889341e+00   0.0000000e+00   2.0494056e+01  -1.3734829e-02   0.0000000e+00  -1.4737999e-02  -4.5626673e+01
  9.7944626021571e+00   1.7889341e+00   0.0000000e+00   2.0490306e+01  -1.3734829e-02   0.0000000e+00  -1.3247983e-02  -4.5626673e+01
  9.7993378946420e+00   1.7889341e+00   0.0000000e+00   2.0486655e+01  -1.3734829e-02   0.0000000e+00  -1.1853610e-02  -4.5626673e+01
  9.8042131871269e+00   1.7889341e+00   0.0000000e+00   2.0483115e+01  -1.3734829e-02   0.0000000e+00  -1.0545478e-02  -4.5626673e+01
  9.8090884796118e+00   1.7889341e+00   0.0000000e+00   2.0479635e+01  -1.3734829e-02   0.0000000e+00  -9.2959439e-03  -4.5626673e+01
  9.8139637720967e+00   1.7889341e+00   0.0000000e+00   2.0476132e+01  -1.3734829e-02   0.0000000e+00  -8.0833734e-03  -4.5626673e+01
  9.8188390645816e+00   1.7889341e+00   0.0000000e+00   2.0472585e+01  -1.3734829e-02   0.0000000e+00  -6.8882310e-03  -4.5626673e+01
  9.8237143570666e+00   1.7889341e+00   0.0000000e+00   2.0469048e+01  -1.3734829e-02   0.0000000e+00  -5.6924997e-03  -4.5626673e+01
  9.8285896495515e+00   1.7889341e+00   0.0000000e+00   2.0465588e+01  -1.3734829e-02   0.0000000e+00  -4.4808846e-03  -4.5626673e+01
  9.8334649420364e+00   1.7889341e+00   0.0000000e+00   2.0462254e+01  -1.3734829e-02   0.0000000e+00  -3.2469370e-03  -4.5626673e+01
  9.8383402345213e+00   1.7889341e+00   0.0000000e+00   2.0459087e+01  -1.3734829e-02   0.0000000e+00  -1.9837743e-03  -4.5626673e+01
  9.8432155270062e+00   1.7889341e+00   0.0000000e+00   2.0456148e+01  -1.3734829e-02   0.0000000e+00  -6.7859625e-04  -4.5626673e+01
  9.8480908194911e+00   1.7889341e+00   0.0000000e+00   2.0453498e+01  -1.3734829e-02   0.0000000e+00   6.8664454e-04  -4.5626673e+01
  9.8529661119761e+00   1.7889341e+00   0.0000000e+00   2.0451159e+01  -1.3734829e-02   0.0000000e+00   2.1305162e-03  -4.5626673e+01
  9.8578414044610e+00   1.7889341e+00   0.0000000e+00   2.0449124e+01  -1.3734829e-02   0.0000000e+00   3.6529032e-03  -4.5626673e+01
  9.8627166969459e+00   1.7889341e+00   0.0000000e+00   2.0447383e+01  -1.3734829e-02   0.0000000e+00   5.2276509e-03  -4.5626673e+01
  9.8675919894308e+00   1.7889341e+00   0.0000000e+00   2.0445916e+01  -1.3734829e-02   0.0000000e+00   6.8234727e-03  -4.5626673e+01
  9.8724672819157e+00   1.7889341e+00   0.0000000e+00   2.0444689e+01  -1.3734829e-02   0.0000000e+00   8.4183527e-03  -4.5626673e+01
  9.8773425744007e+00   1.7889341e+00   0.0000000e+00   2.0443645e+01  -1.3734829e-02   0.0000000e+00   9.9944393e-03  -4.5626673e+01
  9.8822178668856e+00   1.7889341e+00   0.0000000e+00   2.0442716e+01  -1.3734829e-02   0.0000000e+00   1.1540699e-02  -4.5626673e+01
  9.8870931593705e+00   1.7889341e+00   0.0000000e+00   2.0441825e+01  -1.3734829e-02   0.0000000e+00   1.3063776e-02  -4.5626673e+01
  9.8919684518554e+00   1.7889341e+00   0.0000000e+00   2.0440887e+01  -1.3734829e-02   0.0000000e+00   1.4584000e-02  -4.5626673e+01
  9.8968437443403e+00   1.7889341e+00   0.0000000e+00   2.0439831e+01  -1.3734829e-02   0.0000000e+00   1.6116119e-02  -4.5626673e+01
  9.9017190368253e+00   1.7889341e+00   0.0000000e+00   2.0438619e+01  -1.3734829e-02   0.0000000e+00   1.7662587e-02  -4.5626673e+01
  9.9065943293102e+00   1.7889341e+00   0.0000000e+00   2.0437256e+01  -1.3734829e-02   0.0000000e+00   1.9217415e-02  -4.5626673e+01
  9.9114696217951e+00   1.7889341e+00   0.0000000e+00   2.0435762e+01  -1.3734829e-02   0.0000000e+00   2.0763014e-02  -4.5626673e+01
  9.9163449142800e+00   1.7889341e+00   0.0000000e+00   2.0434162e+01  -1.3734829e-02   0.0000000e+00   2.2271206e-02  -4.5626673e+01
  9.9212202067649e+00   1.7889341e+00   0.0000000e+00   2.0432480e+01  -1.3734829e-02   0.0000000e+00   2.3709589e-02  -4.5626673e+01
  9.9260954992498e+00   1.7889341e+00   0.0000000e+00   2.0430759e+01  -1.3734829e-02   0.0000000e+00   2.5043875e-02  -4.5626673e+01
  9.9309707917348e+00   1.7889341e+00   0.0000000e+00   2.0429057e+01  -1.3734829e-02   0.0000000e+00   2.6243557e-02  -4.5626673e+01
  9.9358460842197e+00   1.7889341e+00   0.0000000e+00   2.0427418e+01  -1.3734829e-02   0.0000000e+00   2.7289895e-02  -4.5626673e+01
  9.9407213767046e+00   1.7889341e+00   0.0000000e+00   2.0425851e+01  -1.3734829e-02   0.0000000e+00   2.8173982e-02  -4.5626673e+01
  9.9455966691895e+00   1.7889341e+00   0.0000000e+00   2.0424334e+01  -1.3734829e-02   0.0000000e+00   2.8894261e-02  -4.5626673e+01
  9.9504719616744e+00   1.7889341e+00   0.0000000e+00   2.0422837e+01  -1.3734829e-02   0.0000000e+00   2.9463215e-02  -4.5626673e+01
  9.9553472541593e+00   1.7889341e+00   0.0000000e+00   2.0421360e+01  -1.3734829e-02   0.0000000e+00   2.9907440e-02  -4.5626673e+01
  9.9602225466443e+00   1.7889341e+00   0.0000000e+00   2.0419923e+01  -1.3734829e-02   0.0000000e+00   3.0255334e-02  -4.5626673e+01
  9.9650978391292e+00   1.7889341e+00   0.0000000e+00   2.0418540e+01  -1.3734829e-02   0.0000000e+00   3.0528413e-02  -4.5626673e+01
  9.9699731316141e+00   1.7889341e+00   0.0000000e+00   2.0417188e+01  -1.3734829e-02   0.0000000e+00   3.0743546e-02  -4.5626673e+01
  9.9748484240990e+00   1.7889341e+00   0.0000000e+00   2.0415828e+01  -1.3734829e-02   0.0000000e+00   3.0917776e-02  -4.5626673e+01
  9.9797237165839e+00   1.7889341e+00   0.0000000e+00   2.0414434e+01  -1.3734829e-02   0.0000000e+00   3.1069052e-02  -4.5626673e+01
  9.9845990090689e+00   1.7889341e+00   0.0000000e+00   2.0413010e+01  -1.3734829e-02   0.0000000e+00   3.1213602e-02  -4.5626673e+01
  9.9894743015538e+00   1.7889341e+00   0.0000000e+00   2.0411574e+01  -1.3734829e-02   0.0000000e+00   3.1361593e-02  -4.5626673e+01
  9.9943495940387e+00   1.7889341e+00   0.0000000e+00   2.0410140e+01  -1.3734829e-02   0.0000000e+00   3.1513149e-02  -4.5626673e+01
  9.9992248865236e+00   1.7889341e+00   0.0000000e+00   2.0408699e+01  -1.3734829e-02   0.0000000e+00   3.1657517e-02  -4.5626673e+01
  1.0004100179008e+01   1.7889341e+00   0.0000000e+00   2.0407234e+01  -1.3734829e-02   0.0000000e+00   3.1776507e-02  -4.5626673e+01
  1.0008975471493e+01   1.7889341e+00   0.0000000e+00   2.0405746e+01  -1.3734829e-02   0.0000000e+00   3.1851209e-02  -4.5626673e+01
  1.0013850763978e+01   1.7889341e+00   0.0000000e+00   2.0404253e+01  -1.3734829e-02   0.0000000e+00   3.1868391e-02  -4.5626673e+01
  1.0018726056463e+01   1.7889341e+00   0.0000000e+00   2.0402777e+01  -1.3734829e-02   0.0000000e+00   3.1821335e-02  -4.5626673e+01
  1.0023601348948e+01   1.7889341e+00   0.0000000e+00   2.0401326e+01  -1.3734829e-02   0.0000000e+00   3.1703943e-02  -4.5626673e+01
  1.0028476641433e+01   1.7889341e+00   0.0000000e+00   2.0399892e+01  -1.3734829e-02   0.0000000e+00   3.1505120e-02  -4.5626673e+01
  1.0033351933918e+01   1.7889341e+00   0.0000000e+00   2.0398463e+01  -1.3734829e-02   0.0000000e+00   3.1210843e-02  -4.5626673e+01
  1.0038227226403e+01   1.7889341e+00   0.0000000e+00   2.0397037e+01  -1.3734829e-02   0.0000000e+00   3.0810176e-02  -4.5626673e+01
  1.0043102518888e+01   1.7889341e+00   0.0000000e+00   2.0395634e+01  -1.3734829e-02   0.0000000e+00   3.0296744e-02  -4.5626673e+01
  1.0047977811373e+01   1.7889341e+00   0.0000000e+00   2.0394288e+01  -1.3734829e-02   0.0000000e+00   2.9664103e-02  -4.5626673e+01
  1.0052853103858e+01   1.7889341e+00   0.0000000e+00   2.0393032e+01  -1.3734829e-02   0.0000000e+00   2.8900596e-02  -4.5626673e+01
  1.0057728396343e+01   1.7889341e+00   0.0000000e+00   2.0391890e+01  -1.3734829e-02   0.0000000e+00   2.7990841e-02  -4.5626673e+01
  1.0062603688828e+01   1.7889341e+00   0.0000000e+00   2.0390865e+01  -1.3734829e-02   0.0000000e+00   2.6924339e-02  -4.5626673e+01
  1.0067478981312e+01   1.7889341e+00   0.0000000e+00   2.0389946e+01  -1.3734829e-02   0.0000000e+00   2.5704226e-02  -4.5626673e+01
  1.0072354273797e+01   1.7889341e+00   0.0000000e+00   2.0389106e+01  -1.3734829e-02   0.0000000e+00   2.4349200e-02  -4.5626673e+01
  1.0077229566282e+01   1.7889341e+00   0.0000000e+00   2.0388316e+01  -1.3734829e-02   0.0000000e+00   2.2885864e-02  -4.5626673e+01
  1.0082104858767e+01   1.7889341e+00   0.0000000e+00   2.0387542e+01  -1.3734829e-02   0.0000000e+00   2.1336296e-02  -4.5626673e+01
  1.0086980151252e+01   1.7889341e+00   0.0000000e+00   2.0386748e+01  -1.3734829e-02   0.0000000e+00   1.9711651e-02  -4.5626673e+01
  1.0091855443737e+01   1.7889341e+00   0.0000000e+00   2.0385889e+01  -1.3734829e-02   0.0000000e+00   1.8016822e-02  -4.5626673e+01
  1.0096730736222e+01   1.7889341e+00   0.0000000e+00   2.0384915e+01  -1.3734829e-02   0.0000000e+00   1.6260915e-02  -4.5626673e+01
  1.0101606028707e+01   1.7889341e+00   0.0000000e+00   2.0383777e+01  -1.3734829e-02   0.0000000e+00   1.4465502e-02  -4.5626673e+01
  1.0106481321192e+01   1.7889341e+00   0.0000000e+00   2.0382444e+01  -1.3734829e-02   0.0000000e+00   1.2664349e-02  -4.5626673e+01
  1.0111356613677e+01   1.7889341e+00   0.0000000e+00   2.0380924e+01  -1.3734829e-02   0.0000000e+00   1.0893409e-02  -4.5626673e+01
  1.0116231906162e+01   1.7889341e+00   0.0000000e+00   2.0379260e+01  -1.3734829e-02   0.0000000e+00   9.1790662e-03  -4.5626673e+01
  1.0121107198647e+01   1.7889341e+00   0.0000000e+00   2.0377517e+01  -1.3734829e-02   0.0000000e+00   7.5339709e-03  -4.5626673e+01
  1.0125982491132e+01   1.7889341e+00   0.0000000e+00   2.0375761e+01  -1.3734829e-02   0.0000000e+00   5.9611094e-03  -4.5626673e+01
  1.0130857783616e+01   1.7889341e+00   0.0000000e+00   2.0374032e+01  -1.3734829e-02   0.0000000e+00   4.4614838e-03  -4.5626673e+01
  1.0135733076101e+01   1.7889341e+00   0.0000000e+00   2.0372341e+01  -1.3734829e-02   0.0000000e+00   3.0415318e-03  -4.5626673e+01
  1.0140608368586e+01   1.7889341e+00   0.0000000e+00   2.0370669e+01  -1.3734829e-02   0.0000000e+00   1.7170034e-03  -4.5626673e+01
  1.0145483661071e+01   1.7889341e+00   0.0000000e+00   2.0368979e+01  -1.3734829e-02   0.0000000e+00   5.1138256e-04  -4.5626673e+01
  1.0150358953556e+01   1.7889341e+00   0.0000000e+00   2.0367234e+01  -1.3734829e-02   0.0000000e+00  -5.4993407e-04  -4.5626673e+01
  1.0155234246041e+01   1.7889341e+00   0.0000000e+00   2.0365415e+01  -1.3734829e-02   0.0000000e+00  -1.4462616e-03  -4.5626673e+01
  1.0160109538526e+01   1.7889341e+00   0.0000000e+00   2.0363529e+01  -1.3734829e-02   0.0000000e+00  -2.1649096e-03  -4.5626673e+01
  1.0164984831011e+01   1.7889341e+00   0.0000000e+00   2.0361601e+01  -1.3734829e-02   0.0000000e+00  -2.6991776e-03  -4.5626673e+01
  1.0169860123496e+01   1.7889341e+00   0.0000000e+00   2.0359659e+01  -1.3734829e-02   0.0000000e+00  -3.0440122e-03  -4.5626673e+01
  1.0174735415981e+01   1.7889341e+00   0.0000000e+00   2.0357727e+01  -1.3734829e-02   0.0000000e+00  -3.1951205e-03  -4.5626673e+01
  1.0179610708466e+01   1.7889341e+00   0.0000000e+00   2.0355823e+01  -1.3734829e-02   0.0000000e+00  -3.1552175e-03  -4.5626673e+01
  1.0184486000950e+01   1.7889341e+00   0.0000000e+00   2.0353969e+01  -1.3734829e-02   0.0000000e+00  -2.9447424e-03  -4.5626673e+01
  1.0189361293435e+01   1.7889341e+00   0.0000000e+00   2.0352193e+01  -1.3734829e-02   0.0000000e+00  -2.6077318e-03  -4.5626673e+01
  1.0194236585920e+01   1.7889341e+00   0.0000000e+00   2.0350518e+01  -1.3734829e-02   0.0000000e+00  -2.2045294e-03  -4.5626673e+01
  1.0199111878405e+01   1.7889341e+00   0.0000000e+00   2.0348944e+01  -1.3734829e-02   0.0000000e+00  -1.7936537e-03  -4.5626673e+01
  1.0203987170890e+01   1.7889341e+00   0.0000000e+00   2.0347443e+01  -1.3734829e-02   0.0000000e+00  -1.4151057e-03  -4.5626673e+01
  1.0208862463375e+01   1.7889341e+00   0.0000000e+00   2.0345969e+01  -1.3734829e-02   0.0000000e+00  -1.0868271e-03  -4.5626673e+01
  1.0213737755860e+01   1.7889341e+00   0.0000000e+00   2.0344480e+01  -1.3734829e-02   0.0000000e+00  -8.1614784e-04  -4.5626673e+01
  1.0218613048345e+01   1.7889341e+00   0.0000000e+00   2.0342964e+01  -1.3734829e-02   0.0000000e+00  -6.1690060e-04  -4.5626673e+01
  1.0223488340830e+01   1.7889341e+00   0.0000000e+00   2.0341445e+01  -1.3734829e-02   0.0000000e+00  -5.1902594e-04  -4.5626673e+01
  1.0228363633315e+01   1.7889341e+00   0.0000000e+00   2.0339971e+01  -1.3734829e-02   0.0000000e+00  -5.6464658e-04  -4.5626673e+01
  1.0233238925800e+01   1.7889341e+00   0.0000000e+00   2.0338594e+01  -1.3734829e-02   0.0000000e+00  -7.9595404e-04  -4.5626673e+01
  1.0238114218285e+01   1.7889341e+00   0.0000000e+00   2.0337340e+01  -1.3734829e-02   0.0000000e+00  -1.2443978e-03  -4.5626673e+01
  1.0242989510769e+01   1.7889341e+00   0.0000000e+00   2.0336200e+01  -1.3734829e-02   0.0000000e+00  -1.9254845e-03  -4.5626673e+01
  1.0247864803254e+01   1.7889341e+00   0.0000000e+00   2.0335128e+01  -1.3734829e-02   0.0000000e+00  -2.8373363e-03  -4.5626673e+01
  1.0252740095739e+01   1.7889341e+00   0.0000000e+00   2.0334064e+01  -1.3734829e-02   0.0000000e+00  -3.9604009e-03  -4.5626673e+01
  1.0257615388224e+01   1.7889341e+00   0.0000000e+00   2.0332953e+01  -1.3734829e-02   0.0000000e+00  -5.2584260e-03  -4.5626673e+01
  1.0262490680709e+01   1.7889341e+00   0.0000000e+00   2.0331760e+01  -1.3734829e-02   0.0000000e+00  -6.6824175e-03  -4.5626673e+01
  1.0267365973194e+01   1.7889341e+00   0.0000000e+00   2.0330482e+01  -1.3734829e-02   0.0000000e+00  -8.1783320e-03  -4.5626673e+01
  1.0272241265679e+01   1.7889341e+00   0.0000000e+00   2.0329135e+01  -1.3734829e-02   0.0000000e+00  -9.6970640e-03  -4.5626673e+01
  1.0277116558164e+01   1.7889341e+00   0.0000000e+00   2.0327751e+01  -1.3734829e-02   0.0000000e+00  -1.1203356e-02  -4.5626673e+01
  1.0281991850649e+01   1.7889341e+00   0.0000000e+00   2.0326362e+01  -1.3734829e-02   0.0000000e+00  -1.2679684e-02  -4.5626673e+01
  1.0286867143134e+01   1.7889341e+00   0.0000000e+00   2.0324993e+01  -1.3734829e-02   0.0000000e+00  -1.4123386e-02  -4.5626673e+01
  1.0291742435619e+01   1.7889341e+00   0.0000000e+00   2.0323649e+01  -1.3734829e-02   0.0000000e+00  -1.5539768e-02  -4.5626673e+01
  1.0296617728104e+01   1.7889341e+00   0.0000000e+00   2.0322310e+01  -1.3734829e-02   0.0000000e+00  -1.6936310e-02  -4.5626673e+01
  1.0301493020589e+01   1.7889341e+00   0.0000000e+00   2.0320938e+01  -1.3734829e-02   0.0000000e+00  -1.8320664e-02  -4.5626673e+01
  1.0306368313074e+01   1.7889341e+00   0.0000000e+00   2.0319485e+01  -1.3734829e-02   0.0000000e+00  -1.9700932e-02  -4.5626673e+01
  1.0311243605558e+01   1.7889341e+00   0.0000000e+00   2.0317912e+01  -1.3734829e-02   0.0000000e+00  -2.1085239e-02  -4.5626673e+01
  1.0316118898043e+01   1.7889341e+00   0.0000000e+00   2.0316196e+01  -1.3734829e-02   0.0000000e+00  -2.2479940e-02  -4.5626673e+01
  1.0320994190528e+01   1.7889341e+00   0.0000000e+00   2.0314331e+01  -1.3734829e-02   0.0000000e+00  -2.3888947e-02  -4.5626673e+01
  1.0325869483013e+01   1.7889341e+00   0.0000000e+00   2.0312328e+01  -1.3734829e-02   0.0000000e+00  -2.5316619e-02  -4.5626673e+01
  1.0330744775498e+01   1.7889341e+00   0.0000000e+00   2.0310209e+01  -1.3734829e-02   0.0000000e+00  -2.6772832e-02  -4.5626673e+01
  1.0335620067983e+01   1.7889341e+00   0.0000000e+00   2.0308000e+01  -1.3734829e-02   0.0000000e+00  -2.8275681e-02  -4.5626673e+01
  1.0340495360468e+01   1.7889341e+00   0.0000000e+00   2.0305723e+01  -1.3734829e-02   0.0000000e+00  -2.9848869e-02  -4.5626673e+01
  1.0345370652953e+01   1.7889341e+00   0.0000000e+00   2.0303392e+01  -1.3734829e-02   0.0000000e+00  -3.1514947e-02  -4.5626673e+01
  1.0350245945438e+01   1.7889341e+00   0.0000000e+00   2.0301010e+01  -1.3734829e-02   0.0000000e+00  -3.3287319e-02  -4.5626673e+01
  1.0355121237923e+01   1.7889341e+00   0.0000000e+00   2.0298575e+01  -1.3734829e-02   0.0000000e+00  -3.5163352e-02  -4.5626673e+01
  1.0359996530408e+01   1.7889341e+00   0.0000000e+00   2.0296090e+01  -1.3734829e-02   0.0000000e+00  -3.7120950e-02  -4.5626673e+01
  1.0364871822892e+01   1.7889341e+00   0.0000000e+00   2.0293579e+01  -1.3734829e-02   0.0000000e+00  -3.9120833e-02  -4.5626673e+01
  1.0369747115377e+01   1.7889341e+00   0.0000000e+00   2.0291081e+01  -1.3734829e-02   0.0000000e+00  -4.1114548e-02  -4.5626673e+01
  1.0374622407862e+01   1.7889341e+00   0.0000000e+00   2.0288654e+01  -1.3734829e-02   0.0000000e+00  -4.3055351e-02  -4.5626673e+01
  1.0379497700347e+01   1.7889341e+00   0.0000000e+00   2.0286358e+01  -1.3734829e-02   0.0000000e+00  -4.4907917e-02  -4.5626673e+01
  1.0384372992832e+01   1.7889341e+00   0.0000000e+00   2.0284241e+01  -1.3734829e-02   0.0000000e+00  -4.6653399e-02  -4.5626673e+01
  1.0389248285317e+01   1.7889341e+00   0.0000000e+00   2.0282321e+01  -1.3734829e-02   0.0000000e+00  -4.8288021e-02  -4.5626673e+01
  1.0394123577802e+01   1.7889341e+00   0.0000000e+00   2.0280581e+01  -1.3734829e-02   0.0000000e+00  -4.9816022e-02  -4.5626673e+01
  1.0398998870287e+01   1.7889341e+00   0.0000000e+00   2.0278981e+01  -1.3734829e-02   0.0000000e+00  -5.1240681e-02  -4.5626673e+01
  1.0403874162772e+01   1.7889341e+00   0.0000000e+00   2.0277478e+01  -1.3734829e-02   0.0000000e+00  -5.2558721e-02  -4.5626673e+01
  1.0408749455257e+01   1.7889341e+00   0.0000000e+00   2.0276039e+01  -1.3734829e-02   0.0000000e+00  -5.3761715e-02  -4.5626673e+01
  1.0413624747742e+01   1.7889341e+00   0.0000000e+00   2.0274650e+01  -1.3734829e-02   0.0000000e+00  -5.4843438e-02  -4.5626673e+01
  1.0418500040227e+01   1.7889341e+00   0.0000000e+00   2.0273311e+01  -1.3734829e-02   0.0000000e+00  -5.5807914e-02  -4.5626673e+01
  1.0423375332711e+01   1.7889341e+00   0.0000000e+00   2.0272024e+01  -1.3734829e-02   0.0000000e+00  -5.6672808e-02  -4.5626673e+01
  1.0428250625196e+01   1.7889341e+00   0.0000000e+00   2.0270779e+01  -1.3734829e-02   0.0000000e+00  -5.7466163e-02  -4.5626673e+01
  1.0433125917681e+01   1.7889341e+00   0.0000000e+00   2.0269551e+01  -1.3734829e-02   0.0000000e+00  -5.8218132e-02  -4.5626673e+01
  1.0438001210166e+01   1.7889341e+00   0.0000000e+00   2.0268307e+01  -1.3734829e-02   0.0000000e+00  -5.8951907e-02  -4.5626673e+01
  1.0442876502651e+01   1.7889341e+00   0.0000000e+00   2.0267009e+01  -1.3734829e-02   0.0000000e+00  -5.9679008e-02  -4.5626673e+01
  1.0447751795136e+01   1.7889341e+00   0.0000000e+00   2.0265632e+01  -1.3734829e-02   0.0000000e+00  -6.0401867e-02  -4.5626673e+01
  1.0452627087621e+01   1.7889341e+00   0.0000000e+00   2.0264169e+01  -1.3734829e-02   0.0000000e+00  -6.1121409e-02  -4.5626673e+01
  1.0457502380106e+01   1.7889341e+00   0.0000000e+00   2.0262634e+01  -1.3734829e-02   0.0000000e+00  -6.1843297e-02  -4.5626673e+01
  1.0462377672591e+01   1.7889341e+00   0.0000000e+00   2.0261064e+01  -1.3734829e-02   0.0000000e+00  -6.2577582e-02  -4.5626673e+01
  1.0467252965076e+01   1.7889341e+00   0.0000000e+00   2.0259503e+01  -1.3734829e-02   0.0000000e+00  -6.3331862e-02  -4.5626673e+01
  1.0472128257561e+01   1.7889341e+00   0.0000000e+00   2.0258000e+01  -1.3734829e-02   0.0000000e+00  -6.4102909e-02  -4.5626673e+01
  1.0477003550046e+01   1.7889341e+00   0.0000000e+00   2.0256592e+01  -1.3734829e-02   0.0000000e+00  -6.4872399e-02  -4.5626673e+01
  1.0481878842531e+01   1.7889341e+00   0.0000000e+00   2.0255304e+01  -1.3734829e-02   0.0000000e+00  -6.5609517e-02  -4.5626673e+01
  1.0486754135015e+01   1.7889341e+00   0.0000000e+00   2.0254144e+01  -1.3734829e-02   0.0000000e+00  -6.6279784e-02  -4.5626673e+01
  1.0491629427500e+01   1.7889341e+00   0.0000000e+00   2.0253112e+01  -1.3734829e-02   0.0000000e+00  -6.6857115e-02  -4.5626673e+01
  1.0496504719985e+01   1.7889341e+00   0.0000000e+00   2.0252198e+01  -1.3734829e-02   0.0000000e+00  -6.7334647e-02  -4.5626673e+01
  1.0501380012470e+01   1.7889341e+00   0.0000000e+00   2.0251397e+01  -1.3734829e-02   0.0000000e+00  -6.7729657e-02  -4.5626673e+01
  1.0506255304955e+01   1.7889341e+00   0.0000000e+00   2.0250700e+01  -1.3734829e-02   0.0000000e+00  -6.8079967e-02  -4.5626673e+01
  1.0511130597440e+01   1.7889341e+00   0.0000000e+00   2.0250092e+01  -1.3734829e-02   0.0000000e+00  -6.8432870e-02  -4.5626673e+01
  1.0516005889925e+01   1.7889341e+00   0.0000000e+00   2.0249544e+01  -1.3734829e-02   0.0000000e+00  -6.8831055e-02  -4.5626673e+01
  1.0520881182410e+01   1.7889341e+00   0.0000000e+00   2.0249005e+01  -1.3734829e-02   0.0000000e+00  -6.9301234e-02  -4.5626673e+01
  1.0525756474895e+01   1.7889341e+00   0.0000000e+00   2.0248419e+01  -1.3734829e-02   0.0000000e+00  -6.9849911e-02  -4.5626673e+01
  1.0530631767380e+01   1.7889341e+00   0.0000000e+00   2.0247731e+01  -1.3734829e-02   0.0000000e+00  -7.0467189e-02  -4.5626673e+01
  1.0535507059865e+01   1.7889341e+00   0.0000000e+00   2.0246907e+01  -1.3734829e-02   0.0000000e+00  -7.1135681e-02  -4.5626673e+01
  1.0540382352349e+01   1.7889341e+00   0.0000000e+00   2.0245947e+01  -1.3734829e-02   0.0000000e+00  -7.1839765e-02  -4.5626673e+01
  1.0545257644834e+01   1.7889341e+00   0.0000000e+00   2.0244883e+01  -1.3734829e-02   0.0000000e+00  -7.2571713e-02  -4.5626673e+01
  1.0550132937319e+01   1.7889341e+00   0.0000000e+00   2.0243778e+01  -1.3734829e-02   0.0000000e+00  -7.3333704e-02  -4.5626673e+01
  1.0555008229804e+01   1.7889341e+00   0.0000000e+00   2.0242704e+01  -1.3734829e-02   0.0000000e+00  -7.4136076e-02  -4.5626673e+01
  1.0559883522289e+01   1.7889341e+00   0.0000000e+00   2.0241720e+01  -1.3734829e-02   0.0000000e+00  -7.4992329e-02  -4.5626673e+01
  1.0564758814774e+01   1.7889341e+00   0.0000000e+00   2.0240862e+01  -1.3734829e-02   0.0000000e+00  -7.5912266e-02  -4.5626673e+01
  1.0569634107259e+01   1.7889341e+00   0.0000000e+00   2.0240132e+01  -1.3734829e-02   0.0000000e+00  -7.6896437e-02  -4.5626673e+01
  1.0574509399744e+01   1.7889341e+00   0.0000000e+00   2.0239507e+01  -1.3734829e-02   0.0000000e+00  -7.7935139e-02  -4.5626673e+01
  1.0579384692229e+01   1.7889341e+00   0.0000000e+00   2.0238950e+01  -1.3734829e-02   0.0000000e+00  -7.9012487e-02  -4.5626673e+01
  1.0584259984714e+01   1.7889341e+00   0.0000000e+00   2.0238426e+01  -1.3734829e-02   0.0000000e+00  -8.0112664e-02  -4.5626673e+01
  1.0589135277199e+01   1.7889341e+00   0.0000000e+00   2.0237912e+01  -1.3734829e-02   0.0000000e+00  -8.1224496e-02  -4.5626673e+01
  1.0594010569684e+01   1.7889341e+00   0.0000000e+00   2.0237398e+01  -1.3734829e-02   0.0000000e+00  -8.2342559e-02  -4.5626673e+01
  1.0598885862169e+01   1.7889341e+00   0.0000000e+00   2.0236885e+01  -1.3734829e-02   0.0000000e+00  -8.3465894e-02  -4.5626673e+01
  1.0603761154653e+01   1.7889341e+00   0.0000000e+00   2.0236381e+01  -1.3734829e-02   0.0000000e+00  -8.4596450e-02  -4.5626673e+01
  1.0608636447138e+01   1.7889341e+00   0.0000000e+00   2.0235888e+01  -1.3734829e-02   0.0000000e+00  -8.5738303e-02  -4.5626673e+01
  1.0613511739623e+01   1.7889341e+00   0.0000000e+00   2.0235406e+01  -1.3734829e-02   0.0000000e+00  -8.6897456e-02  -4.5626673e+01
  1.0618387032108e+01   1.7889341e+00   0.0000000e+00   2.0234931e+01  -1.3734829e-02   0.0000000e+00  -8.8081792e-02  -4.5626673e+01
  1.0623262324593e+01   1.7889341e+00   0.0000000e+00   2.0234457e+01  -1.3734829e-02   0.0000000e+00  -8.9301000e-02  -4.5626673e+01
  1.0628137617078e+01   1.7889341e+00   0.0000000e+00   2.0233975e+01  -1.3734829e-02   0.0000000e+00  -9.0566269e-02  -4.5626673e+01
  1.0633012909563e+01   1.7889341e+00   0.0000000e+00   2.0233473e+01  -1.3734829e-02   0.0000000e+00  -9.1889537e-02  -4.5626673e+01
  1.0637888202048e+01   1.7889341e+00   0.0000000e+00   2.0232944e+01  -1.3734829e-02   0.0000000e+00  -9.3282306e-02  -4.5626673e+01
  1.0642763494533e+01   1.7889341e+00   0.0000000e+00   2.0232381e+01  -1.3734829e-02   0.0000000e+00  -9.4754387e-02  -4.5626673e+01
  1.0647638787018e+01   1.7889341e+00   0.0000000e+00   2.0231781e+01  -1.3734829e-02   0.0000000e+00  -9.6312895e-02  -4.5626673e+01
  1.0652514079503e+01   1.7889341e+00   0.0000000e+00   2.0231147e+01  -1.3734829e-02   0.0000000e+00  -9.7961512e-02  -4.5626673e+01
  1.0657389371988e+01   1.7889341e+00   0.0000000e+00   2.0230487e+01  -1.3734829e-02   0.0000000e+00  -9.9699775e-02  -4.5626673e+01
  1.0662264664473e+01   1.7889341e+00   0.0000000e+00   2.0229813e+01  -1.3734829e-02   0.0000000e+00  -1.0152227e-01  -4.5626673e+01
  1.0667139956957e+01   1.7889341e+00   0.0000000e+00   2.0229138e+01  -1.3734829e-02   0.0000000e+00  -1.0341808e-01  -4.5626673e+01
  1.0672015249442e+01   1.7889341e+00   0.0000000e+00   2.0228472e+01  -1.3734829e-02   0.0000000e+00  -1.0537104e-01  -4.5626673e+01
  1.0676890541927e+01   1.7889341e+00   0.0000000e+00   2.0227819e+01  -1.3734829e-02   0.0000000e+00  -1.0736111e-01  -4.5626673e+01
  1.0681765834412e+01   1.7889341e+00   0.0000000e+00   2.0227178e+01  -1.3734829e-02   0.0000000e+00  -1.0936681e-01  -4.5626673e+01
  1.0686641126897e+01   1.7889341e+00   0.0000000e+00   2.0226541e+01  -1.3734829e-02   0.0000000e+00  -1.1136811e-01  -4.5626673e+01
  1.0691516419382e+01   1.7889341e+00   0.0000000e+00   2.0225901e+01  -1.3734829e-02   0.0000000e+00  -1.1334926e-01  -4.5626673e+01
  1.0696391711867e+01   1.7889341e+00   0.0000000e+00   2.0225250e+01  -1.3734829e-02   0.0000000e+00  -1.1530075e-01  -4.5626673e+01
  1.0701267004352e+01   1.7889341e+00   0.0000000e+00   2.0224583e+01  -1.3734829e-02   0.0000000e+00  -1.1721964e-01  -4.5626673e+01
  1.0706142296837e+01   1.7889341e+00   0.0000000e+00   2.0223900e+01  -1.3734829e-02   0.0000000e+00  -1.1910778e-01  -4.5626673e+01
  1.0711017589322e+01   1.7889341e+00   0.0000000e+00   2.0223202e+01  -1.3734829e-02   0.0000000e+00  -1.2096882e-01  -4.5626673e+01
  1.0715892881807e+01   1.7889341e+00   0.0000000e+00   2.0222486e+01  -1.3734829e-02   0.0000000e+00  -1.2280582e-01  -4.5626673e+01
  1.0720768174291e+01   1.7889341e+00   0.0000000e+00   2.0221747e+01  -1.3734829e-02   0.0000000e+00  -1.2462118e-01  -4.5626673e+01
  1.0725643466776e+01   1.7889341e+00   0.0000000e+00   2.0220980e+01  -1.3734829e-02   0.0000000e+00  -1.2641854e-01  -4.5626673e+01
  1.0730518759261e+01   1.7889341e+00   0.0000000e+00   2.0220179e+01  -1.3734829e-02   0.0000000e+00  -1.2820442e-01  -4.5626673e+01
  1.0735394051746e+01   1.7889341e+00   0.0000000e+00   2.0219347e+01  -1.3734829e-02   0.0000000e+00  -1.2998739e-01  -4.5626673e+01
  1.0740269344231e+01   1.7889341e+00   0.0000000e+00   2.0218486e+01  -1.3734829e-02   0.0000000e+00  -1.3177508e-01  -4.5626673e+01
  1.0745144636716e+01   1.7889341e+00   0.0000000e+00   2.0217602e+01  -1.3734829e-02   0.0000000e+00  -1.3357094e-01  -4.5626673e+01
  1.0750019929201e+01   1.7889341e+00   0.0000000e+00   2.0216698e+01  -1.3734829e-02   0.0000000e+00  -1.3537263e-01  -4.5626673e+01
  1.0754895221686e+01   1.7889341e+00   0.0000000e+00   2.0215775e+01  -1.3734829e-02   0.0000000e+00  -1.3717268e-01  -4.5626673e+01
  1.0759770514171e+01   1.7889341e+00   0.0000000e+00   2.0214832e+01  -1.3734829e-02   0.0000000e+00  -1.3896083e-01  -4.5626673e+01
  1.0764645806656e+01   1.7889341e+00   0.0000000e+00   2.0213873e+01  -1.3734829e-02   0.0000000e+00  -1.4072694e-01  -4.5626673e+01
  1.0769521099141e+01   1.7889341e+00   0.0000000e+00   2.0212906e+01  -1.3734829e-02   0.0000000e+00  -1.4246392e-01  -4.5626673e+01
  1.0774396391626e+01   1.7889341e+00   0.0000000e+00   2.0211949e+01  -1.3734829e-02   0.0000000e+00  -1.4417034e-01  -4.5626673e+01
  1.0779271684110e+01   1.7889341e+00   0.0000000e+00   2.0211024e+01  -1.3734829e-02   0.0000000e+00  -1.4585278e-01  -4.5626673e+01
  1.0784146976595e+01   1.7889341e+00   0.0000000e+00   2.0210157e+01  -1.3734829e-02   0.0000000e+00  -1.4752725e-01  -4.5626673e+01
  1.0789022269080e+01   1.7889341e+00   0.0000000e+00   2.0209371e+01  -1.3734829e-02   0.0000000e+00  -1.4921821e-01  -4.5626673e+01
  1.0793897561565e+01   1.7889341e+00   0.0000000e+00   2.0208681e+01  -1.3734829e-02   0.0000000e+00  -1.5095435e-01  -4.5626673e+01
  1.0798772854050e+01   1.7889341e+00   0.0000000e+00   2.0208096e+01  -1.3734829e-02   0.0000000e+00  -1.5276147e-01  -4.5626673e+01
  1.0803648146535e+01   1.7889341e+00   0.0000000e+00   2.0207609e+01  -1.3734829e-02   0.0000000e+00  -1.5465515e-01  -4.5626673e+01
  1.0808523439020e+01   1.7889341e+00   0.0000000e+00   2.0207200e+01  -1.3734829e-02   0.0000000e+00  -1.5663622e-01  -4.5626673e+01
  1.0813398731505e+01   1.7889341e+00   0.0000000e+00   2.0206837e+01  -1.3734829e-02   0.0000000e+00  -1.5869045e-01  -4.5626673e+01
  1.0818274023990e+01   1.7889341e+00   0.0000000e+00   2.0206483e+01  -1.3734829e-02   0.0000000e+00  -1.6079250e-01  -4.5626673e+01
  1.0823149316475e+01   1.7889341e+00   0.0000000e+00   2.0206105e+01  -1.3734829e-02   0.0000000e+00  -1.6291190e-01  -4.5626673e+01
  1.0828024608960e+01   1.7889341e+00   0.0000000e+00   2.0205680e+01  -1.3734829e-02   0.0000000e+00  -1.6501887e-01  -4.5626673e+01
  1.0832899901445e+01   1.7889341e+00   0.0000000e+00   2.0205199e+01  -1.3734829e-02   0.0000000e+00  -1.6708807e-01  -4.5626673e+01
  1.0837775193930e+01   1.7889341e+00   0.0000000e+00   2.0204665e+01  -1.3734829e-02   0.0000000e+00  -1.6909997e-01  -4.5626673e+01
  1.0842650486415e+01   1.7889341e+00   0.0000000e+00   2.0204085e+01  -1.3734829e-02   0.0000000e+00  -1.7104038e-01  -4.5626673e+01
  1.0847525778899e+01   1.7889341e+00   0.0000000e+00   2.0203468e+01  -1.3734829e-02   0.0000000e+00  -1.7289912e-01  -4.5626673e+01
  1.0852401071384e+01   1.7889341e+00   0.0000000e+00   2.0202822e+01  -1.3734829e-02   0.0000000e+00  -1.7466843e-01  -4.5626673e+01
  1.0857276363869e+01   1.7889341e+00   0.0000000e+00   2.0202152e+01  -1.3734829e-02   0.0000000e+00  -1.7634175e-01  -4.5626673e+01
  1.0862151656354e+01   1.7889341e+00   0.0000000e+00   2.0201457e+01  -1.3734829e-02   0.0000000e+00  -1.7791397e-01  -4.5626673e+01
  1.0867026948839e+01   1.7889341e+00   0.0000000e+00   2.0200732e+01  -1.3734829e-02   0.0000000e+00  -1.7938363e-01  -4.5626673e+01
  1.0871902241324e+01   1.7889341e+00   0.0000000e+00   2.0199971e+01  -1.3734829e-02   0.0000000e+00  -1.8075632e-01  -4.5626673e+01
  1.0876777533809e+01   1.7889341e+00   0.0000000e+00   2.0199166e+01  -1.3734829e-02   0.0000000e+00  -1.8204801e-01  -4.5626673e+01
  1.0881652826294e+01   1.7889341e+00   0.0000000e+00   2.0198310e+01  -1.3734829e-02   0.0000000e+00  -1.8328741e-01  -4.5626673e+01
  1.0886528118779e+01   1.7889341e+00   0.0000000e+00   2.0197405e+01  -1.3734829e-02   0.0000000e+00  -1.8451657e-01  -4.5626673e+01
  1.0891403411264e+01   1.7889341e+00   0.0000000e+00   2.0196451e+01  -1.3734829e-02   0.0000000e+00  -1.8578923e-01  -4.5626673e+01
  1.0896278703749e+01   1.7889341e+00   0.0000000e+00   2.0195453e+01  -1.3734829e-02   0.0000000e+00  -1.8716601e-01  -4.5626673e+01
  1.0901153996234e+01   1.7889341e+00   0.0000000e+00   2.0194417e+01  -1.3734829e-02   0.0000000e+00  -1.8870674e-01  -4.5626673e+01
  1.0906029288718e+01   1.7889341e+00   0.0000000e+00   2.0193350e+01  -1.3734829e-02   0.0000000e+00  -1.9046111e-01  -4.5626673e+01
  1.0910904581203e+01   1.7889341e+00   0.0000000e+00   2.0192265e+01  -1.3734829e-02   0.0000000e+00  -1.9245971e-01  -4.5626673e+01
  1.0915779873688e+01   1.7889341e+00   0.0000000e+00   2.0191177e+01  -1.3734829e-02   0.0000000e+00  -1.9470605e-01  -4.5626673e+01
  1.0920655166173e+01   1.7889341e+00   0.0000000e+00   2.0190110e+01  -1.3734829e-02   0.0000000e+00  -1.9716994e-01  -4.5626673e+01
  1.0925530458658e+01   1.7889341e+00   0.0000000e+00   2.0189093e+01  -1.3734829e-02   0.0000000e+00  -1.9978358e-01  -4.5626673e+01
  1.0930405751143e+01   1.7889341e+00   0.0000000e+00   2.0188163e+01  -1.3734829e-02   0.0000000e+00  -2.0244163e-01  -4.5626673e+01
  1.0935281043628e+01   1.7889341e+00   0.0000000e+00   2.0187360e+01  -1.3734829e-02   0.0000000e+00  -2.0500465e-01  -4.5626673e+01
  1.0940156336113e+01   1.7889341e+00   0.0000000e+00   2.0186726e+01  -1.3734829e-02   0.0000000e+00  -2.0730457e-01  -4.5626673e+01
  1.0945031628598e+01   1.7889341e+00   0.0000000e+00   2.0186302e+01  -1.3734829e-02   0.0000000e+00  -2.0915146e-01  -4.5626673e+01
  1.0949906921083e+01   1.7889341e+00   0.0000000e+00   2.0186120e+01  -1.3734829e-02   0.0000000e+00  -2.1034179e-01  -4.5626673e+01
  1.0954782213568e+01   1.7889341e+00   0.0000000e+00   2.0186206e+01  -1.3734829e-02   0.0000000e+00  -2.1066890e-01  -4.5626673e+01
  1.0959657506052e+01   1.7889341e+00   0.0000000e+00   2.0186576e+01  -1.3734829e-02   0.0000000e+00  -2.0993453e-01  -4.5626673e+01
  1.0964532798537e+01   1.7889341e+00   0.0000000e+00   2.0187241e+01  -1.3734829e-02   0.0000000e+00  -2.0796004e-01  -4.5626673e+01
  1.0969408091022e+01   1.7889341e+00   0.0000000e+00   2.0188205e+01  -1.3734829e-02   0.0000000e+00  -2.0459696e-01  -4.5626673e+01
  1.0974283383507e+01   1.7889341e+00   0.0000000e+00   2.0189468e+01  -1.3734829e-02   0.0000000e+00  -1.9973749e-01  -4.5626673e+01
  1.0979158675992e+01   1.7889341e+00   0.0000000e+00   2.0191024e+01  -1.3734829e-02   0.0000000e+00  -1.9332370e-01  -4.5626673e+01
  1.0984033968477e+01   1.7889341e+00   0.0000000e+00   2.0192854e+01  -1.3734829e-02   0.0000000e+00  -1.8535301e-01  -4.5626673e+01
  1.0988909260962e+01   1.7889341e+00   0.0000000e+00   2.0194933e+01  -1.3734829e-02   0.0000000e+00  -1.7587812e-01  -4.5626673e+01
  1.0993784553447e+01   1.7889341e+00   0.0000000e+00   2.0197223e+01  -1.3734829e-02   0.0000000e+00  -1.6500075e-01  -4.5626673e+01
  1.0998659845932e+01   1.7889341e+00   0.0000000e+00   2.0199680e+01  -1.3734829e-02   0.0000000e+00  -1.5285900e-01  -4.5626673e+01
  1.1003535138417e+01   1.7889341e+00   0.0000000e+00   2.0202258e+01  -1.3734829e-02   0.0000000e+00  -1.3960978e-01  -4.5626673e+01
  1.1008410430902e+01   1.7889341e+00   0.0000000e+00   2.0204913e+01  -1.3734829e-02   0.0000000e+00  -1.2541193e-01  -4.5626673e+01
  1.1013285723387e+01   1.7889341e+00   0.0000000e+00   2.0207607e+01  -1.3734829e-02   0.0000000e+00  -1.1041646e-01  -4.5626673e+01
  1.1018161015872e+01   1.7889341e+00   0.0000000e+00   2.0210309e+01  -1.3734829e-02   0.0000000e+00  -9.4767950e-02  -4.5626673e+01
  1.1023036308356e+01   1.7889341e+00   0.0000000e+00   2.0212990e+01  -1.3734829e-02   0.0000000e+00  -7.8616367e-02  -4.5626673e+01
  1.1027911600841e+01   1.7889341e+00   0.0000000e+00   2.0215622e+01  -1.3734829e-02   0.0000000e+00  -6.2135218e-02  -4.5626673e+01
  1.1032786893326e+01   1.7889341e+00   0.0000000e+00   2.0218171e+01  -1.3734829e-02   0.0000000e+00  -4.5538705e-02  -4.5626673e+01
  1.1037662185811e+01   1.7889341e+00   0.0000000e+00   2.0220599e+01  -1.3734829e-02   0.0000000e+00  -2.9091231e-02  -4.5626673e+01
  1.1042537478296e+01   1.7889341e+00   0.0000000e+00   2.0222863e+01  -1.3734829e-02   0.0000000e+00  -1.3104365e-02  -4.5626673e+01
  1.1047412770781e+01   1.7889341e+00   0.0000000e+00   2.0224924e+01  -1.3734829e-02   0.0000000e+00   2.0808419e-03  -4.5626673e+01
  1.1052288063266e+01   1.7889341e+00   0.0000000e+00   2.0226747e+01  -1.3734829e-02   0.0000000e+00   1.6122139e-02  -4.5626673e+01
  1.1057163355751e+01   1.7889341e+00   0.0000000e+00   2.0228308e+01  -1.3734829e-02   0.0000000e+00   2.8706427e-02  -4.5626673e+01
  1.1062038648236e+01   1.7889341e+00   0.0000000e+00   2.0229597e+01  -1.3734829e-02   0.0000000e+00   3.9575629e-02  -4.5626673e+01
  1.1066913940721e+01   1.7889341e+00   0.0000000e+00   2.0230609e+01  -1.3734829e-02   0.0000000e+00   4.8544291e-02  -4.5626673e+01
  1.1071789233206e+01   1.7889341e+00   0.0000000e+00   2.0231341e+01  -1.3734829e-02   0.0000000e+00   5.5506884e-02  -4.5626673e+01
  1.1076664525691e+01   1.7889341e+00   0.0000000e+00   2.0231785e+01  -1.3734829e-02   0.0000000e+00   6.0436398e-02  -4.5626673e+01
  1.1081539818176e+01   1.7889341e+00   0.0000000e+00   2.0231930e+01  -1.3734829e-02   0.0000000e+00   6.3377133e-02  -4.5626673e+01
  1.1086415110660e+01   1.7889341e+00   0.0000000e+00   2.0231769e+01  -1.3734829e-02   0.0000000e+00   6.4432539e-02  -4.5626673e+01
  1.1091290403145e+01   1.7889341e+00   0.0000000e+00   2.0231301e+01  -1.3734829e-02   0.0000000e+00   6.3749849e-02  -4.5626673e+01
  1.1096165695630e+01   1.7889341e+00   0.0000000e+00   2.0230536e+01  -1.3734829e-02   0.0000000e+00   6.1505226e-02  -4.5626673e+01
  1.1101040988115e+01   1.7889341e+00   0.0000000e+00   2.0229501e+01  -1.3734829e-02   0.0000000e+00   5.7891605e-02  -4.5626673e+01
  1.1105916280600e+01   1.7889341e+00   0.0000000e+00   2.0228231e+01  -1.3734829e-02   0.0000000e+00   5.3109072e-02  -4.5626673e+01
  1.1110791573085e+01   1.7889341e+00   0.0000000e+00   2.0226774e+01  -1.3734829e-02   0.0000000e+00   4.7357456e-02  -4.5626673e+01
  1.1115666865570e+01   1.7889341e+00   0.0000000e+00   2.0225185e+01  -1.3734829e-02   0.0000000e+00   4.0831913e-02  -4.5626673e+01
  1.1120542158055e+01   1.7889341e+00   0.0000000e+00   2.0223521e+01  -1.3734829e-02   0.0000000e+00   3.3721455e-02  -4.5626673e+01
  1.1125417450540e+01   1.7889341e+00   0.0000000e+00   2.0221835e+01  -1.3734829e-02   0.0000000e+00   2.6208172e-02  -4.5626673e+01
  1.1130292743025e+01   1.7889341e+00   0.0000000e+00   2.0220175e+01  -1.3734829e-02   0.0000000e+00   1.8465182e-02  -4.5626673e+01
  1.1135168035510e+01   1.7889341e+00   0.0000000e+00   2.0218582e+01  -1.3734829e-02   0.0000000e+00   1.0653362e-02  -4.5626673e+01
  1.1140043327994e+01   1.7889341e+00   0.0000000e+00   2.0217089e+01  -1.3734829e-02   0.0000000e+00   2.9174548e-03  -4.5626673e+01
  1.1144918620479e+01   1.7889341e+00   0.0000000e+00   2.0215721e+01  -1.3734829e-02   0.0000000e+00  -4.6180548e-03  -4.5626673e+01
  1.1149793912964e+01   1.7889341e+00   0.0000000e+00   2.0214495e+01  -1.3734829e-02   0.0000000e+00  -1.1852695e-02  -4.5626673e+01
  1.1154669205449e+01   1.7889341e+00   0.0000000e+00   2.0213426e+01  -1.3734829e-02   0.0000000e+00  -1.8712432e-02  -4.5626673e+01
  1.1159544497934e+01   1.7889341e+00   0.0000000e+00   2.0212524e+01  -1.3734829e-02   0.0000000e+00  -2.5150860e-02  -4.5626673e+01
  1.1164419790419e+01   1.7889341e+00   0.0000000e+00   2.0211801e+01  -1.3734829e-02   0.0000000e+00  -3.1149725e-02  -4.5626673e+01
  1.1169295082904e+01   1.7889341e+00   0.0000000e+00   2.0211264e+01  -1.3734829e-02   0.0000000e+00  -3.6715763e-02  -4.5626673e+01
  1.1174170375389e+01   1.7889341e+00   0.0000000e+00   2.0210917e+01  -1.3734829e-02   0.0000000e+00  -4.1874317e-02  -4.5626673e+01
  1.1179045667874e+01   1.7889341e+00   0.0000000e+00   2.0210758e+01  -1.3734829e-02   0.0000000e+00  -4.6663785e-02  -4.5626673e+01
  1.1183920960359e+01   1.7889341e+00   0.0000000e+00   2.0210778e+01  -1.3734829e-02   0.0000000e+00  -5.1129877e-02  -4.5626673e+01
  1.1188796252844e+01   1.7889341e+00   0.0000000e+00   2.0210964e+01  -1.3734829e-02   0.0000000e+00  -5.5319108e-02  -4.5626673e+01
  1.1193671545329e+01   1.7889341e+00   0.0000000e+00   2.0211300e+01  -1.3734829e-02   0.0000000e+00  -5.9274189e-02  -4.5626673e+01
  1.1198546837814e+01   1.7889341e+00   0.0000000e+00   2.0211769e+01  -1.3734829e-02   0.0000000e+00  -6.3032527e-02  -4.5626673e+01
  1.1203422130298e+01   1.7889341e+00   0.0000000e+00   2.0212356e+01  -1.3734829e-02   0.0000000e+00  -6.6623321e-02  -4.5626673e+01
  1.1208297422783e+01   1.7889341e+00   0.0000000e+00   2.0213046e+01  -1.3734829e-02   0.0000000e+00  -7.0063921e-02  -4.5626673e+01
  1.1213172715268e+01   1.7889341e+00   0.0000000e+00   2.0213830e+01  -1.3734829e-02   0.0000000e+00  -7.3359371e-02  -4.5626673e+01
  1.1218048007753e+01   1.7889341e+00   0.0000000e+00   2.0214695e+01  -1.3734829e-02   0.0000000e+00  -7.6506431e-02  -4.5626673e+01
  1.1222923300238e+01   1.7889341e+00   0.0000000e+00   2.0215635e+01  -1.3734829e-02   0.0000000e+00  -7.9499845e-02  -4.5626673e+01
  1.1227798592723e+01   1.7889341e+00   0.0000000e+00   2.0216639e+01  -1.3734829e-02   0.0000000e+00  -8.2331946e-02  -4.5626673e+01
  1.1232673885208e+01   1.7889341e+00   0.0000000e+00   2.0217695e+01  -1.3734829e-02   0.0000000e+00  -8.4994367e-02  -4.5626673e+01
  1.1237549177693e+01   1.7889341e+00   0.0000000e+00   2.0218794e+01  -1.3734829e-02   0.0000000e+00  -8.7475552e-02  -4.5626673e+01
  1.1242424470178e+01   1.7889341e+00   0.0000000e+00   2.0219950e+01  -1.3734829e-02   0.0000000e+00  -8.9758724e-02  -4.5626673e+01
  1.1247299762663e+01   1.7889341e+00   0.0000000e+00   2.0221214e+01  -1.3734829e-02   0.0000000e+00  -9.1826381e-02  -4.5626673e+01
  1.1252175055148e+01   1.7889341e+00   0.0000000e+00   2.0222680e+01  -1.3734829e-02   0.0000000e+00  -9.3671830e-02  -4.5626673e+01
  1.1257050347633e+01   1.7889341e+00   0.0000000e+00   2.0224451e+01  -1.3734829e-02   0.0000000e+00  -9.5310462e-02  -4.5626673e+01
  1.1261925640117e+01   1.7889341e+00   0.0000000e+00   2.0226610e+01  -1.3734829e-02   0.0000000e+00  -9.6778650e-02  -4.5626673e+01
  1.1266800932602e+01   1.7889341e+00   0.0000000e+00   2.0229225e+01  -1.3734829e-02   0.0000000e+00  -9.8139787e-02  -4.5626673e+01
  1.1271676225087e+01   1.7889341e+00   0.0000000e+00   2.0232329e+01  -1.3734829e-02   0.0000000e+00  -9.9479305e-02  -4.5626673e+01
  1.1276551517572e+01   1.7889341e+00   0.0000000e+00   2.0235892e+01  -1.3734829e-02   0.0000000e+00  -1.0090617e-01  -4.5626673e+01
  1.1281426810057e+01   1.7889341e+00   0.0000000e+00   2.0239791e+01  -1.3734829e-02   0.0000000e+00  -1.0254686e-01  -4.5626673e+01
  1.1286302102542e+01   1.7889341e+00   0.0000000e+00   2.0243845e+01  -1.3734829e-02   0.0000000e+00  -1.0451874e-01  -4.5626673e+01
  1.1291177395027e+01   1.7889341e+00   0.0000000e+00   2.0247867e+01  -1.3734829e-02   0.0000000e+00  -1.0689515e-01  -4.5626673e+01
  1.1296052687512e+01   1.7889341e+00   0.0000000e+00   2.0251640e+01  -1.3734829e-02   0.0000000e+00  -1.0967942e-01  -4.5626673e+01
  1.1300927979997e+01   1.7889341e+00   0.0000000e+00   2.0254989e+01  -1.3734829e-02   0.0000000e+00  -1.1279977e-01  -4.5626673e+01
  1.1305803272482e+01   1.7889341e+00   0.0000000e+00   2.0257955e+01  -1.3734829e-02   0.0000000e+00  -1.1611473e-01  -4.5626673e+01
  1.1310678564967e+01   1.7889341e+00   0.0000000e+00   2.0260811e+01  -1.3734829e-02   0.0000000e+00  -1.1945179e-01  -4.5626673e+01
  1.1315553857451e+01   1.7889341e+00   0.0000000e+00   2.0263901e+01  -1.3734829e-02   0.0000000e+00  -1.2268396e-01  -4.5626673e+01
  1.1320429149936e+01   1.7889341e+00   0.0000000e+00   2.0267609e+01  -1.3734829e-02   0.0000000e+00  -1.2572390e-01  -4.5626673e+01
  1.1325304442421e+01   1.7889341e+00   0.0000000e+00   2.0272570e+01  -1.3734829e-02   0.0000000e+00  -1.2842200e-01  -4.5626673e+01
  1.1330179734906e+01   1.7889341e+00   0.0000000e+00   2.0279699e+01  -1.3734829e-02   0.0000000e+00  -1.3060703e-01  -4.5626673e+01
  1.1335055027391e+01   1.7889341e+00   0.0000000e+00   2.0289785e+01  -1.3734829e-02   0.0000000e+00  -1.3233308e-01  -4.5626673e+01
  1.1339930319876e+01   1.7889341e+00   0.0000000e+00   2.0303121e+01  -1.3734829e-02   0.0000000e+00  -1.3394721e-01  -4.5626673e+01
  1.1344805612361e+01   1.7889341e+00   0.0000000e+00   2.0319530e+01  -1.3734829e-02   0.0000000e+00  -1.3576198e-01  -4.5626673e+01
  1.1349680904846e+01   1.7889341e+00   0.0000000e+00   2.0338645e+01  -1.3734829e-02   0.0000000e+00  -1.3778696e-01  -4.5626673e+01
  1.1354556197331e+01   1.7889341e+00   0.0000000e+00   2.0360056e+01  -1.3734829e-02   0.0000000e+00  -1.4000739e-01  -4.5626673e+01
  1.1359431489816e+01   1.7889341e+00   0.0000000e+00   2.0383156e+01  -1.3734829e-02   0.0000000e+00  -1.4287273e-01  -4.5626673e+01
  1.1364306782301e+01   1.7889341e+00   0.0000000e+00   2.0406835e+01  -1.3734829e-02   0.0000000e+00  -1.4723994e-01  -4.5626673e+01
  1.1369182074786e+01   1.7889341e+00   0.0000000e+00   2.0429363e+01  -1.3734829e-02   0.0000000e+00  -1.5368841e-01  -4.5626673e+01
  1.1374057367271e+01   1.7889341e+00   0.0000000e+00   2.0448873e+01  -1.3734829e-02   0.0000000e+00  -1.6192039e-01  -4.5626673e+01
  1.1378932659756e+01   1.7889341e+00   0.0000000e+00   2.0464221e+01  -1.3734829e-02   0.0000000e+00  -1.7085396e-01  -4.5626673e+01
  1.1383807952240e+01   1.7889341e+00   0.0000000e+00   2.0475559e+01  -1.3734829e-02   0.0000000e+00  -1.7927959e-01  -4.5626673e+01
  1.1388683244725e+01   1.7889341e+00   0.0000000e+00   2.0484149e+01  -1.3734829e-02   0.0000000e+00  -1.8649480e-01  -4.5626673e+01
  1.1393558537210e+01   1.7889341e+00   0.0000000e+00   2.0491548e+01  -1.3734829e-02   0.0000000e+00  -1.9249649e-01  -4.5626673e+01
  1.1398433829695e+01   1.7889341e+00   0.0000000e+00   2.0498749e+01  -1.3734829e-02   0.0000000e+00  -1.9774499e-01  -4.5626673e+01
  1.1403309122180e+01   1.7889341e+00   0.0000000e+00   2.0505824e+01  -1.3734829e-02   0.0000000e+00  -2.0277854e-01  -4.5626673e+01
  1.1408184414665e+01   1.7889341e+00   0.0000000e+00   2.0512237e+01  -1.3734829e-02   0.0000000e+00  -2.0795200e-01  -4.5626673e+01
  1.1413059707150e+01   1.7889341e+00   0.0000000e+00   2.0517419e+01  -1.3734829e-02   0.0000000e+00  -2.1337228e-01  -4.5626673e+01
  1.1417934999635e+01   1.7889341e+00   0.0000000e+00   2.0521046e+01  -1.3734829e-02   0.0000000e+00  -2.1893008e-01  -4.5626673e+01
  1.1422810292120e+01   1.7889341e+00   0.0000000e+00   2.0522974e+01  -1.3734829e-02   0.0000000e+00  -2.2434525e-01  -4.5626673e+01
  1.1427685584605e+01   1.7889341e+00   0.0000000e+00   2.0523140e+01  -1.3734829e-02   0.0000000e+00  -2.2923495e-01  -4.5626673e+01
  1.1432560877090e+01   1.7889341e+00   0.0000000e+00   2.0521655e+01  -1.3734829e-02   0.0000000e+00  -2.3324195e-01  -4.5626673e+01
  1.1437436169575e+01   1.7889341e+00   0.0000000e+00   2.0518904e+01  -1.3734829e-02   0.0000000e+00  -2.3621639e-01  -4.5626673e+01
  1.1442311462059e+01   1.7889341e+00   0.0000000e+00   2.0515466e+01  -1.3734829e-02   0.0000000e+00  -2.3836097e-01  -4.5626673e+01
  1.1447186754544e+01   1.7889341e+00   0.0000000e+00   2.0511934e+01  -1.3734829e-02   0.0000000e+00  -2.4012883e-01  -4.5626673e+01
  1.1452062047029e+01   1.7889341e+00   0.0000000e+00   2.0508899e+01  -1.3734829e-02   0.0000000e+00  -2.4194498e-01  -4.5626673e+01
  1.1456937339514e+01   1.7889341e+00   0.0000000e+00   2.0506905e+01  -1.3734829e-02   0.0000000e+00  -2.4393889e-01  -4.5626673e+01
  1.1461812631999e+01   1.7889341e+00   0.0000000e+00   2.0506216e+01  -1.3734829e-02   0.0000000e+00  -2.4610357e-01  -4.5626673e+01
  1.1466687924484e+01   1.7889341e+00   0.0000000e+00   2.0506696e+01  -1.3734829e-02   0.0000000e+00  -2.4865671e-01  -4.5626673e+01
  1.1471563216969e+01   1.7889341e+00   0.0000000e+00   2.0507947e+01  -1.3734829e-02   0.0000000e+00  -2.5207889e-01  -4.5626673e+01
  1.1476438509454e+01   1.7889341e+00   0.0000000e+00   2.0509654e+01  -1.3734829e-02   0.0000000e+00  -2.5655685e-01  -4.5626673e+01
  1.1481313801939e+01   1.7889341e+00   0.0000000e+00   2.0511672e+01  -1.3734829e-02   0.0000000e+00  -2.6149228e-01  -4.5626673e+01
  1.1486189094424e+01   1.7889341e+00   0.0000000e+00   2.0513760e+01  -1.3734829e-02   0.0000000e+00  -2.6588085e-01  -4.5626673e+01
  1.1491064386909e+01   1.7889341e+00   0.0000000e+00   2.0515373e+01  -1.3734829e-02   0.0000000e+00  -2.6929402e-01  -4.5626673e+01
  1.1495939679393e+01   1.7889341e+00   0.0000000e+00   2.0515722e+01  -1.3734829e-02   0.0000000e+00  -2.7252185e-01  -4.5626673e+01
  1.1500814971878e+01   1.7889341e+00   0.0000000e+00   2.0513807e+01  -1.3734829e-02   0.0000000e+00  -2.7718144e-01  -4.5626673e+01
  1.1505690264363e+01   1.7889341e+00   0.0000000e+00   2.0508152e+01  -1.3734829e-02   0.0000000e+00  -2.8462871e-01  -4.5626673e+01
  1.1510565556848e+01   1.7889341e+00   0.0000000e+00   2.0496711e+01  -1.3734829e-02   0.0000000e+00  -2.9496039e-01  -4.5626673e+01
  1.1515440849333e+01   1.7889341e+00   0.0000000e+00   2.0477544e+01  -1.3734829e-02   0.0000000e+00  -3.0664154e-01  -4.5626673e+01
  1.1520316141818e+01   1.7889341e+00   0.0000000e+00   2.0450114e+01  -1.3734829e-02   0.0000000e+00  -3.1700844e-01  -4.5626673e+01
  1.1525191434303e+01   1.7889341e+00   0.0000000e+00   2.0416373e+01  -1.3734829e-02   0.0000000e+00  -3.2339584e-01  -4.5626673e+01
  1.1530066726788e+01   1.7889341e+00   0.0000000e+00   2.0380706e+01  -1.3734829e-02   0.0000000e+00  -3.2432078e-01  -4.5626673e+01
  1.1534942019273e+01   1.7889341e+00   0.0000000e+00   2.0348383e+01  -1.3734829e-02   0.0000000e+00  -3.2013869e-01  -4.5626673e+01
  1.1539817311758e+01   1.7889341e+00   0.0000000e+00   2.0323380e+01  -1.3734829e-02   0.0000000e+00  -3.1283553e-01  -4.5626673e+01
  1.1544692604243e+01   1.7889341e+00   0.0000000e+00   2.0306871e+01  -1.3734829e-02   0.0000000e+00  -3.0500432e-01  -4.5626673e+01
  1.1549567896728e+01   1.7889341e+00   0.0000000e+00   2.0297260e+01  -1.3734829e-02   0.0000000e+00  -2.9869191e-01  -4.5626673e+01
  1.1554443189213e+01   1.7889341e+00   0.0000000e+00   2.0291560e+01  -1.3734829e-02   0.0000000e+00  -2.9476659e-01  -4.5626673e+01
  1.1559318481698e+01   1.7889341e+00   0.0000000e+00   2.0286963e+01  -1.3734829e-02   0.0000000e+00  -2.9300531e-01  -4.5626673e+01
  1.1564193774182e+01   1.7889341e+00   0.0000000e+00   2.0281740e+01  -1.3734829e-02   0.0000000e+00  -2.9256703e-01  -4.5626673e+01
  1.1569069066667e+01   1.7889341e+00   0.0000000e+00   2.0275221e+01  -1.3734829e-02   0.0000000e+00  -2.9249336e-01  -4.5626673e+01
  1.1573944359152e+01   1.7889341e+00   0.0000000e+00   2.0267354e+01  -1.3734829e-02   0.0000000e+00  -2.9203342e-01  -4.5626673e+01
  1.1578819651637e+01   1.7889341e+00   0.0000000e+00   2.0258383e+01  -1.3734829e-02   0.0000000e+00  -2.9072202e-01  -4.5626673e+01
  1.1583694944122e+01   1.7889341e+00   0.0000000e+00   2.0248700e+01  -1.3734829e-02   0.0000000e+00  -2.8833260e-01  -4.5626673e+01
  1.1588570236607e+01   1.7889341e+00   0.0000000e+00   2.0238742e+01  -1.3734829e-02   0.0000000e+00  -2.8480921e-01  -4.5626673e+01
  1.1593445529092e+01   1.7889341e+00   0.0000000e+00   2.0228891e+01  -1.3734829e-02   0.0000000e+00  -2.8023656e-01  -4.5626673e+01
  1.1598320821577e+01   1.7889341e+00   0.0000000e+00   2.0219464e+01  -1.3734829e-02   0.0000000e+00  -2.7483508e-01  -4.5626673e+01
  1.1603196114062e+01   1.7889341e+00   0.0000000e+00   2.0210804e+01  -1.3734829e-02   0.0000000e+00  -2.6896937e-01  -4.5626673e+01
  1.1608071406547e+01   1.7889341e+00   0.0000000e+00   2.0203319e+01  -1.3734829e-02   0.0000000e+00  -2.6317584e-01  -4.5626673e+01
  1.1612946699032e+01   1.7889341e+00   0.0000000e+00   2.0197418e+01  -1.3734829e-02   0.0000000e+00  -2.5813087e-01  -4.5626673e+01
  1.1617821991517e+01   1.7889341e+00   0.0000000e+00   2.0193333e+01  -1.3734829e-02   0.0000000e+00  -2.5448278e-01  -4.5626673e+01
  1.1622697284001e+01   1.7889341e+00   0.0000000e+00   2.0191060e+01  -1.3734829e-02   0.0000000e+00  -2.5261332e-01  -4.5626673e+01
  1.1627572576486e+01   1.7889341e+00   0.0000000e+00   2.0190294e+01  -1.3734829e-02   0.0000000e+00  -2.5243428e-01  -4.5626673e+01
  1.1632447868971e+01   1.7889341e+00   0.0000000e+00   2.0190471e+01  -1.3734829e-02   0.0000000e+00  -2.5339695e-01  -4.5626673e+01
  1.1637323161456e+01   1.7889341e+00   0.0000000e+00   2.0190883e+01  -1.3734829e-02   0.0000000e+00  -2.5471732e-01  -4.5626673e+01
  1.1642198453941e+01   1.7889341e+00   0.0000000e+00   2.0190872e+01  -1.3734829e-02   0.0000000e+00  -2.5567815e-01  -4.5626673e+01
  1.1647073746426e+01   1.7889341e+00   0.0000000e+00   2.0190023e+01  -1.3734829e-02   0.0000000e+00  -2.5583787e-01  -4.5626673e+01
  1.1651949038911e+01   1.7889341e+00   0.0000000e+00   2.0188256e+01  -1.3734829e-02   0.0000000e+00  -2.5507731e-01  -4.5626673e+01
  1.1656824331396e+01   1.7889341e+00   0.0000000e+00   2.0185774e+01  -1.3734829e-02   0.0000000e+00  -2.5350584e-01  -4.5626673e+01
  1.1661699623881e+01   1.7889341e+00   0.0000000e+00   2.0182855e+01  -1.3734829e-02   0.0000000e+00  -2.5132010e-01  -4.5626673e+01
  1.1666574916366e+01   1.7889341e+00   0.0000000e+00   2.0179706e+01  -1.3734829e-02   0.0000000e+00  -2.4869992e-01  -4.5626673e+01
  1.1671450208851e+01   1.7889341e+00   0.0000000e+00   2.0176452e+01  -1.3734829e-02   0.0000000e+00  -2.4574444e-01  -4.5626673e+01
  1.1676325501335e+01   1.7889341e+00   0.0000000e+00   2.0173152e+01  -1.3734829e-02   0.0000000e+00  -2.4248437e-01  -4.5626673e+01
  1.1681200793820e+01   1.7889341e+00   0.0000000e+00   2.0169863e+01  -1.3734829e-02   0.0000000e+00  -2.3894863e-01  -4.5626673e+01
  1.1686076086305e+01   1.7889341e+00   0.0000000e+00   2.0166663e+01  -1.3734829e-02   0.0000000e+00  -2.3520290e-01  -4.5626673e+01
  1.1690951378790e+01   1.7889341e+00   0.0000000e+00   2.0163624e+01  -1.3734829e-02   0.0000000e+00  -2.3135284e-01  -4.5626673e+01
  1.1695826671275e+01   1.7889341e+00   0.0000000e+00   2.0160777e+01  -1.3734829e-02   0.0000000e+00  -2.2754260e-01  -4.5626673e+01
  1.1700701963760e+01   1.7889341e+00   0.0000000e+00   2.0158142e+01  -1.3734829e-02   0.0000000e+00  -2.2393557e-01  -4.5626673e+01
  1.1705577256245e+01   1.7889341e+00   0.0000000e+00   2.0155751e+01  -1.3734829e-02   0.0000000e+00  -2.2065815e-01  -4.5626673e+01
  1.1710452548730e+01   1.7889341e+00   0.0000000e+00   2.0153623e+01  -1.3734829e-02   0.0000000e+00  -2.1775030e-01  -4.5626673e+01
  1.1715327841215e+01   1.7889341e+00   0.0000000e+00   2.0151739e+01  -1.3734829e-02   0.0000000e+00  -2.1517305e-01  -4.5626673e+01
  1.1720203133700e+01   1.7889341e+00   0.0000000e+00   2.0150060e+01  -1.3734829e-02   0.0000000e+00  -2.1285377e-01  -4.5626673e+01
  1.1725078426185e+01   1.7889341e+00   0.0000000e+00   2.0148526e+01  -1.3734829e-02   0.0000000e+00  -2.1072214e-01  -4.5626673e+01
  1.1729953718670e+01   1.7889341e+00   0.0000000e+00   2.0147082e+01  -1.3734829e-02   0.0000000e+00  -2.0872836e-01  -4.5626673e+01
  1.1734829011155e+01   1.7889341e+00   0.0000000e+00   2.0145694e+01  -1.3734829e-02   0.0000000e+00  -2.0683675e-01  -4.5626673e+01
  1.1739704303639e+01   1.7889341e+00   0.0000000e+00   2.0144356e+01  -1.3734829e-02   0.0000000e+00  -2.0502354e-01  -4.5626673e+01
  1.1744579596124e+01   1.7889341e+00   0.0000000e+00   2.0143081e+01  -1.3734829e-02   0.0000000e+00  -2.0327638e-01  -4.5626673e+01
  1.1749454888609e+01   1.7889341e+00   0.0000000e+00   2.0141855e+01  -1.3734829e-02   0.0000000e+00  -2.0158608e-01  -4.5626673e+01
  1.1754330181094e+01   1.7889341e+00   0.0000000e+00   2.0140619e+01  -1.3734829e-02   0.0000000e+00  -1.9994698e-01  -4.5626673e+01
  1.1759205473579e+01   1.7889341e+00   0.0000000e+00   2.0139315e+01  -1.3734829e-02   0.0000000e+00  -1.9836174e-01  -4.5626673e+01
  1.1764080766064e+01   1.7889341e+00   0.0000000e+00   2.0137942e+01  -1.3734829e-02   0.0000000e+00  -1.9683629e-01  -4.5626673e+01
  1.1768956058549e+01   1.7889341e+00   0.0000000e+00   2.0136536e+01  -1.3734829e-02   0.0000000e+00  -1.9536789e-01  -4.5626673e+01
  1.1773831351034e+01   1.7889341e+00   0.0000000e+00   2.0135118e+01  -1.3734829e-02   0.0000000e+00  -1.9394727e-01  -4.5626673e+01
  1.1778706643519e+01   1.7889341e+00   0.0000000e+00   2.0133682e+01  -1.3734829e-02   0.0000000e+00  -1.9256664e-01  -4.5626673e+01
  1.1783581936004e+01   1.7889341e+00   0.0000000e+00   2.0132214e+01  -1.3734829e-02   0.0000000e+00  -1.9122047e-01  -4.5626673e+01
  1.1788457228489e+01   1.7889341e+00   0.0000000e+00   2.0130719e+01  -1.3734829e-02   0.0000000e+00  -1.8989987e-01  -4.5626673e+01
  1.1793332520974e+01   1.7889341e+00   0.0000000e+00   2.0129212e+01  -1.3734829e-02   0.0000000e+00  -1.8859371e-01  -4.5626673e+01
  1.1798207813458e+01   1.7889341e+00   0.0000000e+00   2.0127705e+01  -1.3734829e-02   0.0000000e+00  -1.8729925e-01  -4.5626673e+01
  1.1803083105943e+01   1.7889341e+00   0.0000000e+00   2.0126229e+01  -1.3734829e-02   0.0000000e+00  -1.8602024e-01  -4.5626673e+01
  1.1807958398428e+01   1.7889341e+00   0.0000000e+00   2.0124820e+01  -1.3734829e-02   0.0000000e+00  -1.8474796e-01  -4.5626673e+01
  1.1812833690913e+01   1.7889341e+00   0.0000000e+00   2.0123478e+01  -1.3734829e-02   0.0000000e+00  -1.8345695e-01  -4.5626673e+01
  1.1817708983398e+01   1.7889341e+00   0.0000000e+00   2.0122159e+01  -1.3734829e-02   0.0000000e+00  -1.8213261e-01  -4.5626673e+01
  1.1822584275883e+01   1.7889341e+00   0.0000000e+00   2.0120823e+01  -1.3734829e-02   0.0000000e+00  -1.8079566e-01  -4.5626673e+01
  1.1827459568368e+01   1.7889341e+00   0.0000000e+00   2.0119484e+01  -1.3734829e-02   0.0000000e+00  -1.7949451e-01  -4.5626673e+01
  1.1832334860853e+01   1.7889341e+00   0.0000000e+00   2.0118189e+01  -1.3734829e-02   0.0000000e+00  -1.7827345e-01  -4.5626673e+01
  1.1837210153338e+01   1.7889341e+00   0.0000000e+00   2.0116981e+01  -1.3734829e-02   0.0000000e+00  -1.7714924e-01  -4.5626673e+01
  1.1842085445823e+01   1.7889341e+00   0.0000000e+00   2.0115870e+01  -1.3734829e-02   0.0000000e+00  -1.7612308e-01  -4.5626673e+01
  1.1846960738308e+01   1.7889341e+00   0.0000000e+00   2.0114842e+01  -1.3734829e-02   0.0000000e+00  -1.7520690e-01  -4.5626673e+01
  1.1851836030792e+01   1.7889341e+00   0.0000000e+00   2.0113853e+01  -1.3734829e-02   0.0000000e+00  -1.7442996e-01  -4.5626673e+01
  1.1856711323277e+01   1.7889341e+00   0.0000000e+00   2.0112860e+01  -1.3734829e-02   0.0000000e+00  -1.7382039e-01  -4.5626673e+01
  1.1861586615762e+01   1.7889341e+00   0.0000000e+00   2.0111847e+01  -1.3734829e-02   0.0000000e+00  -1.7338049e-01  -4.5626673e+01
  1.1866461908247e+01   1.7889341e+00   0.0000000e+00   2.0110845e+01  -1.3734829e-02   0.0000000e+00  -1.7307986e-01  -4.5626673e+01
  1.1871337200732e+01   1.7889341e+00   0.0000000e+00   2.0109904e+01  -1.3734829e-02   0.0000000e+00  -1.7287131e-01  -4.5626673e+01
  1.1876212493217e+01   1.7889341e+00   0.0000000e+00   2.0109045e+01  -1.3734829e-02   0.0000000e+00  -1.7271567e-01  -4.5626673e+01
  1.1881087785702e+01   1.7889341e+00   0.0000000e+00   2.0108248e+01  -1.3734829e-02   0.0000000e+00  -1.7259404e-01  -4.5626673e+01
  1.1885963078187e+01   1.7889341e+00   0.0000000e+00   2.0107476e+01  -1.3734829e-02   0.0000000e+00  -1.7249820e-01  -4.5626673e+01
  1.1890838370672e+01   1.7889341e+00   0.0000000e+00   2.0106696e+01  -1.3734829e-02   0.0000000e+00  -1.7241369e-01  -4.5626673e+01
  1.1895713663157e+01   1.7889341e+00   0.0000000e+00   2.0105886e+01  -1.3734829e-02   0.0000000e+00  -1.7231361e-01  -4.5626673e+01
  1.1900588955642e+01   1.7889341e+00   0.0000000e+00   2.0105046e+01  -1.3734829e-02   0.0000000e+00  -1.7216478e-01  -4.5626673e+01
  1.1905464248127e+01   1.7889341e+00   0.0000000e+00   2.0104185e+01  -1.3734829e-02   0.0000000e+00  -1.7193766e-01  -4.5626673e+01
  1.1910339540612e+01   1.7889341e+00   0.0000000e+00   2.0103311e+01  -1.3734829e-02   0.0000000e+00  -1.7161451e-01  -4.5626673e+01
  1.1915214833097e+01   1.7889341e+00   0.0000000e+00   2.0102422e+01  -1.3734829e-02   0.0000000e+00  -1.7119408e-01  -4.5626673e+01
  1.1920090125581e+01   1.7889341e+00   0.0000000e+00   2.0101509e+01  -1.3734829e-02   0.0000000e+00  -1.7068984e-01  -4.5626673e+01
  1.1924965418066e+01   1.7889341e+00   0.0000000e+00   2.0100574e+01  -1.3734829e-02   0.0000000e+00  -1.7012003e-01  -4.5626673e+01
  1.1929840710551e+01   1.7889341e+00   0.0000000e+00   2.0099629e+01  -1.3734829e-02   0.0000000e+00  -1.6949738e-01  -4.5626673e+01
  1.1934716003036e+01   1.7889341e+00   0.0000000e+00   2.0098679e+01  -1.3734829e-02   0.0000000e+00  -1.6882851e-01  -4.5626673e+01
  1.1939591295521e+01   1.7889341e+00   0.0000000e+00   2.0097719e+01  -1.3734829e-02   0.0000000e+00  -1.6812106e-01  -4.5626673e+01
  1.1944466588006e+01   1.7889341e+00   0.0000000e+00   2.0096746e+01  -1.3734829e-02   0.0000000e+00  -1.6739080e-01  -4.5626673e+01
  1.1949341880491e+01   1.7889341e+00   0.0000000e+00   2.0095780e+01  -1.3734829e-02   0.0000000e+00  -1.6666194e-01  -4.5626673e+01
  1.1954217172976e+01   1.7889341e+00   0.0000000e+00   2.0094862e+01  -1.3734829e-02   0.0000000e+00  -1.6596104e-01  -4.5626673e+01
  1.1959092465461e+01   1.7889341e+00   0.0000000e+00   2.0094034e+01  -1.3734829e-02   0.0000000e+00  -1.6530948e-01  -4.5626673e+01
  1.1963967757946e+01   1.7889341e+00   0.0000000e+00   2.0093318e+01  -1.3734829e-02   0.0000000e+00  -1.6471916e-01  -4.5626673e+01
  1.1968843050431e+01   1.7889341e+00   0.0000000e+00   2.0092700e+01  -1.3734829e-02   0.0000000e+00  -1.6419329e-01  -4.5626673e+01
  1.1973718342916e+01   1.7889341e+00   0.0000000e+00   2.0092152e+01  -1.3734829e-02   0.0000000e+00  -1.6373008e-01  -4.5626673e+01
  1.1978593635400e+01   1.7889341e+00   0.0000000e+00   2.0091646e+01  -1.3734829e-02   0.0000000e+00  -1.6332554e-01  -4.5626673e+01
  1.1983468927885e+01   1.7889341e+00   0.0000000e+00   2.0091167e+01  -1.3734829e-02   0.0000000e+00  -1.6297471e-01  -4.5626673e+01
  1.1988344220370e+01   1.7889341e+00   0.0000000e+00   2.0090707e+01  -1.3734829e-02   0.0000000e+00  -1.6267366e-01  -4.5626673e+01
  1.1993219512855e+01   1.7889341e+00   0.0000000e+00   2.0090252e+01  -1.3734829e-02   0.0000000e+00  -1.6241962e-01  -4.5626673e+01
  1.1998094805340e+01   1.7889341e+00   0.0000000e+00   2.0089773e+01  -1.3734829e-02   0.0000000e+00  -1.6220465e-01  -4.5626673e+01
  1.2002970097825e+01   1.7889341e+00   0.0000000e+00   2.0089229e+01  -1.3734829e-02   0.0000000e+00  -1.6200752e-01  -4.5626673e+01
  1.2007845390310e+01   1.7889341e+00   0.0000000e+00   2.0088579e+01  -1.3734829e-02   0.0000000e+00  -1.6179377e-01  -4.5626673e+01
  1.2012720682795e+01   1.7889341e+00   0.0000000e+00   2.0087792e+01  -1.3734829e-02   0.0000000e+00  -1.6152809e-01  -4.5626673e+01
  1.2017595975280e+01   1.7889341e+00   0.0000000e+00   2.0086858e+01  -1.3734829e-02   0.0000000e+00  -1.6118930e-01  -4.5626673e+01
  1.2022471267765e+01   1.7889341e+00   0.0000000e+00   2.0085786e+01  -1.3734829e-02   0.0000000e+00  -1.6077423e-01  -4.5626673e+01
  1.2027346560250e+01   1.7889341e+00   0.0000000e+00   2.0084590e+01  -1.3734829e-02   0.0000000e+00  -1.6028875e-01  -4.5626673e+01
  1.2032221852734e+01   1.7889341e+00   0.0000000e+00   2.0083286e+01  -1.3734829e-02   0.0000000e+00  -1.5973583e-01  -4.5626673e+01
  1.2037097145219e+01   1.7889341e+00   0.0000000e+00   2.0081887e+01  -1.3734829e-02   0.0000000e+00  -1.5911103e-01  -4.5626673e+01
  1.2041972437704e+01   1.7889341e+00   0.0000000e+00   2.0080423e+01  -1.3734829e-02   0.0000000e+00  -1.5841016e-01  -4.5626673e+01
  1.2046847730189e+01   1.7889341e+00   0.0000000e+00   2.0078944e+01  -1.3734829e-02   0.0000000e+00  -1.5764241e-01  -4.5626673e+01
  1.2051723022674e+01   1.7889341e+00   0.0000000e+00   2.0077517e+01  -1.3734829e-02   0.0000000e+00  -1.5683832e-01  -4.5626673e+01
  1.2056598315159e+01   1.7889341e+00   0.0000000e+00   2.0076201e+01  -1.3734829e-02   0.0000000e+00  -1.5604781e-01  -4.5626673e+01
  1.2061473607644e+01   1.7889341e+00   0.0000000e+00   2.0075030e+01  -1.3734829e-02   0.0000000e+00  -1.5532926e-01  -4.5626673e+01
  1.2066348900129e+01   1.7889341e+00   0.0000000e+00   2.0074013e+01  -1.3734829e-02   0.0000000e+00  -1.5473627e-01  -4.5626673e+01
  1.2071224192614e+01   1.7889341e+00   0.0000000e+00   2.0073152e+01  -1.3734829e-02   0.0000000e+00  -1.5431037e-01  -4.5626673e+01
  1.2076099485099e+01   1.7889341e+00   0.0000000e+00   2.0072447e+01  -1.3734829e-02   0.0000000e+00  -1.5408055e-01  -4.5626673e+01
  1.2080974777584e+01   1.7889341e+00   0.0000000e+00   2.0071897e+01  -1.3734829e-02   0.0000000e+00  -1.5406671e-01  -4.5626673e+01
  1.2085850070069e+01   1.7889341e+00   0.0000000e+00   2.0071484e+01  -1.3734829e-02   0.0000000e+00  -1.5428358e-01  -4.5626673e+01
  1.2090725362553e+01   1.7889341e+00   0.0000000e+00   2.0071173e+01  -1.3734829e-02   0.0000000e+00  -1.5473921e-01  -4.5626673e+01
  1.2095600655038e+01   1.7889341e+00   0.0000000e+00   2.0070916e+01  -1.3734829e-02   0.0000000e+00  -1.5542700e-01  -4.5626673e+01
  1.2100475947523e+01   1.7889341e+00   0.0000000e+00   2.0070673e+01  -1.3734829e-02   0.0000000e+00  -1.5631849e-01  -4.5626673e+01
  1.2105351240008e+01   1.7889341e+00   0.0000000e+00   2.0070408e+01  -1.3734829e-02   0.0000000e+00  -1.5736569e-01  -4.5626673e+01
  1.2110226532493e+01   1.7889341e+00   0.0000000e+00   2.0070083e+01  -1.3734829e-02   0.0000000e+00  -1.5851515e-01  -4.5626673e+01
  1.2115101824978e+01   1.7889341e+00   0.0000000e+00   2.0069651e+01  -1.3734829e-02   0.0000000e+00  -1.5972480e-01  -4.5626673e+01
  1.2119977117463e+01   1.7889341e+00   0.0000000e+00   2.0069059e+01  -1.3734829e-02   0.0000000e+00  -1.6096884e-01  -4.5626673e+01
  1.2124852409948e+01   1.7889341e+00   0.0000000e+00   2.0068271e+01  -1.3734829e-02   0.0000000e+00  -1.6222701e-01  -4.5626673e+01
  1.2129727702433e+01   1.7889341e+00   0.0000000e+00   2.0067279e+01  -1.3734829e-02   0.0000000e+00  -1.6346962e-01  -4.5626673e+01
  1.2134602994918e+01   1.7889341e+00   0.0000000e+00   2.0066101e+01  -1.3734829e-02   0.0000000e+00  -1.6465278e-01  -4.5626673e+01
  1.2139478287403e+01   1.7889341e+00   0.0000000e+00   2.0064767e+01  -1.3734829e-02   0.0000000e+00  -1.6572996e-01  -4.5626673e+01
  1.2144353579888e+01   1.7889341e+00   0.0000000e+00   2.0063301e+01  -1.3734829e-02   0.0000000e+00  -1.6667136e-01  -4.5626673e+01
  1.2149228872373e+01   1.7889341e+00   0.0000000e+00   2.0061717e+01  -1.3734829e-02   0.0000000e+00  -1.6747527e-01  -4.5626673e+01
  1.2154104164858e+01   1.7889341e+00   0.0000000e+00   2.0060024e+01  -1.3734829e-02   0.0000000e+00  -1.6816201e-01  -4.5626673e+01
  1.2158979457342e+01   1.7889341e+00   0.0000000e+00   2.0058239e+01  -1.3734829e-02   0.0000000e+00  -1.6875508e-01  -4.5626673e+01
  1.2163854749827e+01   1.7889341e+00   0.0000000e+00   2.0056397e+01  -1.3734829e-02   0.0000000e+00  -1.6926272e-01  -4.5626673e+01
  1.2168730042312e+01   1.7889341e+00   0.0000000e+00   2.0054550e+01  -1.3734829e-02   0.0000000e+00  -1.6967336e-01  -4.5626673e+01
  1.2173605334797e+01   1.7889341e+00   0.0000000e+00   2.0052742e+01  -1.3734829e-02   0.0000000e+00  -1.6996856e-01  -4.5626673e+01
  1.2178480627282e+01   1.7889341e+00   0.0000000e+00   2.0050998e+01  -1.3734829e-02   0.0000000e+00  -1.7014231e-01  -4.5626673e+01
  1.2183355919767e+01   1.7889341e+00   0.0000000e+00   2.0049315e+01  -1.3734829e-02   0.0000000e+00  -1.7021139e-01  -4.5626673e+01
  1.2188231212252e+01   1.7889341e+00   0.0000000e+00   2.0047677e+01  -1.3734829e-02   0.0000000e+00  -1.7021055e-01  -4.5626673e+01
  1.2193106504737e+01   1.7889341e+00   0.0000000e+00   2.0046063e+01  -1.3734829e-02   0.0000000e+00  -1.7017929e-01  -4.5626673e+01
  1.2197981797222e+01   1.7889341e+00   0.0000000e+00   2.0044456e+01  -1.3734829e-02   0.0000000e+00  -1.7015111e-01  -4.5626673e+01
  1.2202857089707e+01   1.7889341e+00   0.0000000e+00   2.0042854e+01  -1.3734829e-02   0.0000000e+00  -1.7015079e-01  -4.5626673e+01
  1.2207732382192e+01   1.7889341e+00   0.0000000e+00   2.0041260e+01  -1.3734829e-02   0.0000000e+00  -1.7019868e-01  -4.5626673e+01
  1.2212607674676e+01   1.7889341e+00   0.0000000e+00   2.0039681e+01  -1.3734829e-02   0.0000000e+00  -1.7031407e-01  -4.5626673e+01
  1.2217482967161e+01   1.7889341e+00   0.0000000e+00   2.0038117e+01  -1.3734829e-02   0.0000000e+00  -1.7051042e-01  -4.5626673e+01
  1.2222358259646e+01   1.7889341e+00   0.0000000e+00   2.0036549e+01  -1.3734829e-02   0.0000000e+00  -1.7078898e-01  -4.5626673e+01
  1.2227233552131e+01   1.7889341e+00   0.0000000e+00   2.0034954e+01  -1.3734829e-02   0.0000000e+00  -1.7114255e-01  -4.5626673e+01
  1.2232108844616e+01   1.7889341e+00   0.0000000e+00   2.0033313e+01  -1.3734829e-02   0.0000000e+00  -1.7156722e-01  -4.5626673e+01
  1.2236984137101e+01   1.7889341e+00   0.0000000e+00   2.0031630e+01  -1.3734829e-02   0.0000000e+00  -1.7206817e-01  -4.5626673e+01
  1.2241859429586e+01   1.7889341e+00   0.0000000e+00   2.0029928e+01  -1.3734829e-02   0.0000000e+00  -1.7265334e-01  -4.5626673e+01
  1.2246734722071e+01   1.7889341e+00   0.0000000e+00   2.0028237e+01  -1.3734829e-02   0.0000000e+00  -1.7332338e-01  -4.5626673e+01
  1.2251610014556e+01   1.7889341e+00   0.0000000e+00   2.0026581e+01  -1.3734829e-02   0.0000000e+00  -1.7406751e-01  -4.5626673e+01
  1.2256485307041e+01   1.7889341e+00   0.0000000e+00   2.0024971e+01  -1.3734829e-02   0.0000000e+00  -1.7486473e-01  -4.5626673e+01
  1.2261360599526e+01   1.7889341e+00   0.0000000e+00   2.0023400e+01  -1.3734829e-02   0.0000000e+00  -1.7568880e-01  -4.5626673e+01
  1.2266235892011e+01   1.7889341e+00   0.0000000e+00   2.0021857e+01  -1.3734829e-02   0.0000000e+00  -1.7651861e-01  -4.5626673e+01
  1.2271111184495e+01   1.7889341e+00   0.0000000e+00   2.0020352e+01  -1.3734829e-02   0.0000000e+00  -1.7734757e-01  -4.5626673e+01
  1.2275986476980e+01   1.7889341e+00   0.0000000e+00   2.0018917e+01  -1.3734829e-02   0.0000000e+00  -1.7818152e-01  -4.5626673e+01
  1.2280861769465e+01   1.7889341e+00   0.0000000e+00   2.0017601e+01  -1.3734829e-02   0.0000000e+00  -1.7902787e-01  -4.5626673e+01
  1.2285737061950e+01   1.7889341e+00   0.0000000e+00   2.0016448e+01  -1.3734829e-02   0.0000000e+00  -1.7988934e-01  -4.5626673e+01
  1.2290612354435e+01   1.7889341e+00   0.0000000e+00   2.0015492e+01  -1.3734829e-02   0.0000000e+00  -1.8076686e-01  -4.5626673e+01
  1.2295487646920e+01   1.7889341e+00   0.0000000e+00   2.0014750e+01  -1.3734829e-02   0.0000000e+00  -1.8166570e-01  -4.5626673e+01
  1.2300362939405e+01   1.7889341e+00   0.0000000e+00   2.0014231e+01  -1.3734829e-02   0.0000000e+00  -1.8259825e-01  -4.5626673e+01
  1.2305238231890e+01   1.7889341e+00   0.0000000e+00   2.0013931e+01  -1.3734829e-02   0.0000000e+00  -1.8358229e-01  -4.5626673e+01
  1.2310113524375e+01   1.7889341e+00   0.0000000e+00   2.0013843e+01  -1.3734829e-02   0.0000000e+00  -1.8463694e-01  -4.5626673e+01
  1.2314988816860e+01   1.7889341e+00   0.0000000e+00   2.0013958e+01  -1.3734829e-02   0.0000000e+00  -1.8577885e-01  -4.5626673e+01
  1.2319864109345e+01   1.7889341e+00   0.0000000e+00   2.0014265e+01  -1.3734829e-02   0.0000000e+00  -1.8701939e-01  -4.5626673e+01
  1.2324739401830e+01   1.7889341e+00   0.0000000e+00   2.0014750e+01  -1.3734829e-02   0.0000000e+00  -1.8836214e-01  -4.5626673e+01
  1.2329614694315e+01   1.7889341e+00   0.0000000e+00   2.0015394e+01  -1.3734829e-02   0.0000000e+00  -1.8980193e-01  -4.5626673e+01
  1.2334489986800e+01   1.7889341e+00   0.0000000e+00   2.0016168e+01  -1.3734829e-02   0.0000000e+00  -1.9132725e-01  -4.5626673e+01
  1.2339365279284e+01   1.7889341e+00   0.0000000e+00   2.0017040e+01  -1.3734829e-02   0.0000000e+00  -1.9292493e-01  -4.5626673e+01
  1.2344240571769e+01   1.7889341e+00   0.0000000e+00   2.0017972e+01  -1.3734829e-02   0.0000000e+00  -1.9458293e-01  -4.5626673e+01
  1.2349115864254e+01   1.7889341e+00   0.0000000e+00   2.0018921e+01  -1.3734829e-02   0.0000000e+00  -1.9628983e-01  -4.5626673e+01
  1.2353991156739e+01   1.7889341e+00   0.0000000e+00   2.0019839e+01  -1.3734829e-02   0.0000000e+00  -1.9803279e-01  -4.5626673e+01
  1.2358866449224e+01   1.7889341e+00   0.0000000e+00   2.0020683e+01  -1.3734829e-02   0.0000000e+00  -1.9979714e-01  -4.5626673e+01
  1.2363741741709e+01   1.7889341e+00   0.0000000e+00   2.0021420e+01  -1.3734829e-02   0.0000000e+00  -2.0156727e-01  -4.5626673e+01
  1.2368617034194e+01   1.7889341e+00   0.0000000e+00   2.0022037e+01  -1.3734829e-02   0.0000000e+00  -2.0332642e-01  -4.5626673e+01
  1.2373492326679e+01   1.7889341e+00   0.0000000e+00   2.0022526e+01  -1.3734829e-02   0.0000000e+00  -2.0505845e-01  -4.5626673e+01
  1.2378367619164e+01   1.7889341e+00   0.0000000e+00   2.0022879e+01  -1.3734829e-02   0.0000000e+00  -2.0675750e-01  -4.5626673e+01
  1.2383242911649e+01   1.7889341e+00   0.0000000e+00   2.0023093e+01  -1.3734829e-02   0.0000000e+00  -2.0844155e-01  -4.5626673e+01
  1.2388118204134e+01   1.7889341e+00   0.0000000e+00   2.0023190e+01  -1.3734829e-02   0.0000000e+00  -2.1015760e-01  -4.5626673e+01
  1.2392993496618e+01   1.7889341e+00   0.0000000e+00   2.0023231e+01  -1.3734829e-02   0.0000000e+00  -2.1196981e-01  -4.5626673e+01
  1.2397868789103e+01   1.7889341e+00   0.0000000e+00   2.0023305e+01  -1.3734829e-02   0.0000000e+00  -2.1393497e-01  -4.5626673e+01
  1.2402744081588e+01   1.7889341e+00   0.0000000e+00   2.0023497e+01  -1.3734829e-02   0.0000000e+00  -2.1608093e-01  -4.5626673e+01
  1.2407619374073e+01   1.7889341e+00   0.0000000e+00   2.0023852e+01  -1.3734829e-02   0.0000000e+00  -2.1840118e-01  -4.5626673e+01
  1.2412494666558e+01   1.7889341e+00   0.0000000e+00   2.0024356e+01  -1.3734829e-02   0.0000000e+00  -2.2086205e-01  -4.5626673e+01
  1.2417369959043e+01   1.7889341e+00   0.0000000e+00   2.0024950e+01  -1.3734829e-02   0.0000000e+00  -2.2341441e-01  -4.5626673e+01
  1.2422245251528e+01   1.7889341e+00   0.0000000e+00   2.0025558e+01  -1.3734829e-02   0.0000000e+00  -2.2601110e-01  -4.5626673e+01
  1.2427120544013e+01   1.7889341e+00   0.0000000e+00   2.0026148e+01  -1.3734829e-02   0.0000000e+00  -2.2862928e-01  -4.5626673e+01
  1.2431995836498e+01   1.7889341e+00   0.0000000e+00   2.0026763e+01  -1.3734829e-02   0.0000000e+00  -2.3128219e-01  -4.5626673e+01
  1.2436871128983e+01   1.7889341e+00   0.0000000e+00   2.0027507e+01  -1.3734829e-02   0.0000000e+00  -2.3400478e-01  -4.5626673e+01
  1.2441746421468e+01   1.7889341e+00   0.0000000e+00   2.0028482e+01  -1.3734829e-02   0.0000000e+00  -2.3681426e-01  -4.5626673e+01
  1.2446621713953e+01   1.7889341e+00   0.0000000e+00   2.0029710e+01  -1.3734829e-02   0.0000000e+00  -2.3966959e-01  -4.5626673e+01
  1.2451497006437e+01   1.7889341e+00   0.0000000e+00   2.0031104e+01  -1.3734829e-02   0.0000000e+00  -2.4246495e-01  -4.5626673e+01
  1.2456372298922e+01   1.7889341e+00   0.0000000e+00   2.0032527e+01  -1.3734829e-02   0.0000000e+00  -2.4507592e-01  -4.5626673e+01
  1.2461247591407e+01   1.7889341e+00   0.0000000e+00   2.0033901e+01  -1.3734829e-02   0.0000000e+00  -2.4743737e-01  -4.5626673e+01
  1.2466122883892e+01   1.7889341e+00   0.0000000e+00   2.0035307e+01  -1.3734829e-02   0.0000000e+00  -2.4960036e-01  -4.5626673e+01
  1.2470998176377e+01   1.7889341e+00   0.0000000e+00   2.0036983e+01  -1.3734829e-02   0.0000000e+00  -2.5171566e-01  -4.5626673e+01
  1.2475873468862e+01   1.7889341e+00   0.0000000e+00   2.0039185e+01  -1.3734829e-02   0.0000000e+00  -2.5393732e-01  -4.5626673e+01
  1.2480748761347e+01   1.7889341e+00   0.0000000e+00   2.0041995e+01  -1.3734829e-02   0.0000000e+00  -2.5630030e-01  -4.5626673e+01
  1.2485624053832e+01   1.7889341e+00   0.0000000e+00   2.0045179e+01  -1.3734829e-02   0.0000000e+00  -2.5864614e-01  -4.5626673e+01
  1.2490499346317e+01   1.7889341e+00   0.0000000e+00   2.0048197e+01  -1.3734829e-02   0.0000000e+00  -2.6064145e-01  -4.5626673e+01
  1.2495374638802e+01   1.7889341e+00   0.0000000e+00   2.0050372e+01  -1.3734829e-02   0.0000000e+00  -2.6188752e-01  -4.5626673e+01
  1.2500249931287e+01   1.7889341e+00   0.0000000e+00   2.0051138e+01  -1.3734829e-02   0.0000000e+00  -2.6207337e-01  -4.5626673e+01
  1.2505125223772e+01   1.7889341e+00   0.0000000e+00   2.0050267e+01  -1.3734829e-02   0.0000000e+00  -2.6110019e-01  -4.5626673e+01
  1.2510000516257e+01   1.7889341e+00   0.0000000e+00   2.0047943e+01  -1.3734829e-02   0.0000000e+00  -2.5912549e-01  -4.5626673e+01
  1.2514875808741e+01   1.7889341e+00   0.0000000e+00   2.0044703e+01  -1.3734829e-02   0.0000000e+00  -2.5652346e-01  -4.5626673e+01
  1.2519751101226e+01   1.7889341e+00   0.0000000e+00   2.0041278e+01  -1.3734829e-02   0.0000000e+00  -2.5379095e-01  -4.5626673e+01
  1.2524626393711e+01   1.7889341e+00   0.0000000e+00   2.0038410e+01  -1.3734829e-02   0.0000000e+00  -2.5143754e-01  -4.5626673e+01
  1.2529501686196e+01   1.7889341e+00   0.0000000e+00   2.0036700e+01  -1.3734829e-02   0.0000000e+00  -2.4989251e-01  -4.5626673e+01
  1.2534376978681e+01   1.7889341e+00   0.0000000e+00   2.0036517e+01  -1.3734829e-02   0.0000000e+00  -2.4944428e-01  -4.5626673e+01
  1.2539252271166e+01   1.7889341e+00   0.0000000e+00   2.0037961e+01  -1.3734829e-02   0.0000000e+00  -2.5021140e-01  -4.5626673e+01
  1.2544127563651e+01   1.7889341e+00   0.0000000e+00   2.0040878e+01  -1.3734829e-02   0.0000000e+00  -2.5214143e-01  -4.5626673e+01
  1.2549002856136e+01   1.7889341e+00   0.0000000e+00   2.0044919e+01  -1.3734829e-02   0.0000000e+00  -2.5503400e-01  -4.5626673e+01
  1.2553878148621e+01   1.7889341e+00   0.0000000e+00   2.0049620e+01  -1.3734829e-02   0.0000000e+00  -2.5858364e-01  -4.5626673e+01
  1.2558753441106e+01   1.7889341e+00   0.0000000e+00   2.0054492e+01  -1.3734829e-02   0.0000000e+00  -2.6243861e-01  -4.5626673e+01
  1.2563628733591e+01   1.7889341e+00   0.0000000e+00   2.0059112e+01  -1.3734829e-02   0.0000000e+00  -2.6626764e-01  -4.5626673e+01
  1.2568504026075e+01   1.7889341e+00   0.0000000e+00   2.0063189e+01  -1.3734829e-02   0.0000000e+00  -2.6981935e-01  -4.5626673e+01
  1.2573379318560e+01   1.7889341e+00   0.0000000e+00   2.0066611e+01  -1.3734829e-02   0.0000000e+00  -2.7296216e-01  -4.5626673e+01
  1.2578254611045e+01   1.7889341e+00   0.0000000e+00   2.0069453e+01  -1.3734829e-02   0.0000000e+00  -2.7569866e-01  -4.5626673e+01
  1.2583129903530e+01   1.7889341e+00   0.0000000e+00   2.0071932e+01  -1.3734829e-02   0.0000000e+00  -2.7814894e-01  -4.5626673e+01
  1.2588005196015e+01   1.7889341e+00   0.0000000e+00   2.0074342e+01  -1.3734829e-02   0.0000000e+00  -2.8050368e-01  -4.5626673e+01
  1.2592880488500e+01   1.7889341e+00   0.0000000e+00   2.0076966e+01  -1.3734829e-02   0.0000000e+00  -2.8296206e-01  -4.5626673e+01
  1.2597755780985e+01   1.7889341e+00   0.0000000e+00   2.0079996e+01  -1.3734829e-02   0.0000000e+00  -2.8567143e-01  -4.5626673e+01
  1.2602631073470e+01   1.7889341e+00   0.0000000e+00   2.0083477e+01  -1.3734829e-02   0.0000000e+00  -2.8867922e-01  -4.5626673e+01
  1.2607506365955e+01   1.7889341e+00   0.0000000e+00   2.0087286e+01  -1.3734829e-02   0.0000000e+00  -2.9191310e-01  -4.5626673e+01
  1.2612381658440e+01   1.7889341e+00   0.0000000e+00   2.0091186e+01  -1.3734829e-02   0.0000000e+00  -2.9520990e-01  -4.5626673e+01
  1.2617256950925e+01   1.7889341e+00   0.0000000e+00   2.0094942e+01  -1.3734829e-02   0.0000000e+00  -2.9839617e-01  -4.5626673e+01
  1.2622132243410e+01   1.7889341e+00   0.0000000e+00   2.0098470e+01  -1.3734829e-02   0.0000000e+00  -3.0139400e-01  -4.5626673e+01
  1.2627007535894e+01   1.7889341e+00   0.0000000e+00   2.0101940e+01  -1.3734829e-02   0.0000000e+00  -3.0429993e-01  -4.5626673e+01
  1.2631882828379e+01   1.7889341e+00   0.0000000e+00   2.0105756e+01  -1.3734829e-02   0.0000000e+00  -3.0737469e-01  -4.5626673e+01
  1.2636758120864e+01   1.7889341e+00   0.0000000e+00   2.0110353e+01  -1.3734829e-02   0.0000000e+00  -3.1090641e-01  -4.5626673e+01
  1.2641633413349e+01   1.7889341e+00   0.0000000e+00   2.0115863e+01  -1.3734829e-02   0.0000000e+00  -3.1498045e-01  -4.5626673e+01
  1.2646508705834e+01   1.7889341e+00   0.0000000e+00   2.0121799e+01  -1.3734829e-02   0.0000000e+00  -3.1927418e-01  -4.5626673e+01
  1.2651383998319e+01   1.7889341e+00   0.0000000e+00   2.0126990e+01  -1.3734829e-02   0.0000000e+00  -3.2302571e-01  -4.5626673e+01
  1.2656259290804e+01   1.7889341e+00   0.0000000e+00   2.0129898e+01  -1.3734829e-02   0.0000000e+00  -3.2525227e-01  -4.5626673e+01
  1.2661134583289e+01   1.7889341e+00   0.0000000e+00   2.0129223e+01  -1.3734829e-02   0.0000000e+00  -3.2514350e-01  -4.5626673e+01
  1.2666009875774e+01   1.7889341e+00   0.0000000e+00   2.0124504e+01  -1.3734829e-02   0.0000000e+00  -3.2242869e-01  -4.5626673e+01
  1.2670885168259e+01   1.7889341e+00   0.0000000e+00   2.0116374e+01  -1.3734829e-02   0.0000000e+00  -3.1751770e-01  -4.5626673e+01
  1.2675760460744e+01   1.7889341e+00   0.0000000e+00   2.0106334e+01  -1.3734829e-02   0.0000000e+00  -3.1134688e-01  -4.5626673e+01
  1.2680635753229e+01   1.7889341e+00   0.0000000e+00   2.0096174e+01  -1.3734829e-02   0.0000000e+00  -3.0502510e-01  -4.5626673e+01
  1.2685511045714e+01   1.7889341e+00   0.0000000e+00   2.0087355e+01  -1.3734829e-02   0.0000000e+00  -2.9946176e-01  -4.5626673e+01
  1.2690386338199e+01   1.7889341e+00   0.0000000e+00   2.0080624e+01  -1.3734829e-02   0.0000000e+00  -2.9513514e-01  -4.5626673e+01
  1.2695261630683e+01   1.7889341e+00   0.0000000e+00   2.0075973e+01  -1.3734829e-02   0.0000000e+00  -2.9206328e-01  -4.5626673e+01
  1.2700136923168e+01   1.7889341e+00   0.0000000e+00   2.0072865e+01  -1.3734829e-02   0.0000000e+00  -2.8993748e-01  -4.5626673e+01
  1.2705012215653e+01   1.7889341e+00   0.0000000e+00   2.0070568e+01  -1.3734829e-02   0.0000000e+00  -2.8832214e-01  -4.5626673e+01
  1.2709887508138e+01   1.7889341e+00   0.0000000e+00   2.0068434e+01  -1.3734829e-02   0.0000000e+00  -2.8682893e-01  -4.5626673e+01
  1.2714762800623e+01   1.7889341e+00   0.0000000e+00   2.0066053e+01  -1.3734829e-02   0.0000000e+00  -2.8521420e-01  -4.5626673e+01
  1.2719638093108e+01   1.7889341e+00   0.0000000e+00   2.0063276e+01  -1.3734829e-02   0.0000000e+00  -2.8339556e-01  -4.5626673e+01
  1.2724513385593e+01   1.7889341e+00   0.0000000e+00   2.0060159e+01  -1.3734829e-02   0.0000000e+00  -2.8141429e-01  -4.5626673e+01
  1.2729388678078e+01   1.7889341e+00   0.0000000e+00   2.0056864e+01  -1.3734829e-02   0.0000000e+00  -2.7937874e-01  -4.5626673e+01
  1.2734263970563e+01   1.7889341e+00   0.0000000e+00   2.0053572e+01  -1.3734829e-02   0.0000000e+00  -2.7741523e-01  -4.5626673e+01
  1.2739139263048e+01   1.7889341e+00   0.0000000e+00   2.0050423e+01  -1.3734829e-02   0.0000000e+00  -2.7563724e-01  -4.5626673e+01
  1.2744014555533e+01   1.7889341e+00   0.0000000e+00   2.0047483e+01  -1.3734829e-02   0.0000000e+00  -2.7412893e-01  -4.5626673e+01
  1.2748889848017e+01   1.7889341e+00   0.0000000e+00   2.0044754e+01  -1.3734829e-02   0.0000000e+00  -2.7293345e-01  -4.5626673e+01
  1.2753765140502e+01   1.7889341e+00   0.0000000e+00   2.0042189e+01  -1.3734829e-02   0.0000000e+00  -2.7204266e-01  -4.5626673e+01
  1.2758640432987e+01   1.7889341e+00   0.0000000e+00   2.0039712e+01  -1.3734829e-02   0.0000000e+00  -2.7139519e-01  -4.5626673e+01
  1.2763515725472e+01   1.7889341e+00   0.0000000e+00   2.0037247e+01  -1.3734829e-02   0.0000000e+00  -2.7089040e-01  -4.5626673e+01
  1.2768391017957e+01   1.7889341e+00   0.0000000e+00   2.0034734e+01  -1.3734829e-02   0.0000000e+00  -2.7041876e-01  -4.5626673e+01
  1.2773266310442e+01   1.7889341e+00   0.0000000e+00   2.0032146e+01  -1.3734829e-02   0.0000000e+00  -2.6989743e-01  -4.5626673e+01
  1.2778141602927e+01   1.7889341e+00   0.0000000e+00   2.0029488e+01  -1.3734829e-02   0.0000000e+00  -2.6929290e-01  -4.5626673e+01
  1.2783016895412e+01   1.7889341e+00   0.0000000e+00   2.0026793e+01  -1.3734829e-02   0.0000000e+00  -2.6861956e-01  -4.5626673e+01
  1.2787892187897e+01   1.7889341e+00   0.0000000e+00   2.0024109e+01  -1.3734829e-02   0.0000000e+00  -2.6791926e-01  -4.5626673e+01
  1.2792767480382e+01   1.7889341e+00   0.0000000e+00   2.0021474e+01  -1.3734829e-02   0.0000000e+00  -2.6723502e-01  -4.5626673e+01
  1.2797642772867e+01   1.7889341e+00   0.0000000e+00   2.0018914e+01  -1.3734829e-02   0.0000000e+00  -2.6658962e-01  -4.5626673e+01
  1.2802518065352e+01   1.7889341e+00   0.0000000e+00   2.0016432e+01  -1.3734829e-02   0.0000000e+00  -2.6597598e-01  -4.5626673e+01
  1.2807393357836e+01   1.7889341e+00   0.0000000e+00   2.0014015e+01  -1.3734829e-02   0.0000000e+00  -2.6536262e-01  -4.5626673e+01
  1.2812268650321e+01   1.7889341e+00   0.0000000e+00   2.0011651e+01  -1.3734829e-02   0.0000000e+00  -2.6470974e-01  -4.5626673e+01
  1.2817143942806e+01   1.7889341e+00   0.0000000e+00   2.0009345e+01  -1.3734829e-02   0.0000000e+00  -2.6398780e-01  -4.5626673e+01
  1.2822019235291e+01   1.7889341e+00   0.0000000e+00   2.0007121e+01  -1.3734829e-02   0.0000000e+00  -2.6319155e-01  -4.5626673e+01
  1.2826894527776e+01   1.7889341e+00   0.0000000e+00   2.0005020e+01  -1.3734829e-02   0.0000000e+00  -2.6234358e-01  -4.5626673e+01
  1.2831769820261e+01   1.7889341e+00   0.0000000e+00   2.0003078e+01  -1.3734829e-02   0.0000000e+00  -2.6148482e-01  -4.5626673e+01
  1.2836645112746e+01   1.7889341e+00   0.0000000e+00   2.0001308e+01  -1.3734829e-02   0.0000000e+00  -2.6065579e-01  -4.5626673e+01
  1.2841520405231e+01   1.7889341e+00   0.0000000e+00   1.9999689e+01  -1.3734829e-02   0.0000000e+00  -2.5987725e-01  -4.5626673e+01
  1.2846395697716e+01   1.7889341e+00   0.0000000e+00   1.9998176e+01  -1.3734829e-02   0.0000000e+00  -2.5913946e-01  -4.5626673e+01
  1.2851270990201e+01   1.7889341e+00   0.0000000e+00   1.9996706e+01  -1.3734829e-02   0.0000000e+00  -2.5840523e-01  -4.5626673e+01
  1.2856146282686e+01   1.7889341e+00   0.0000000e+00   1.9995220e+01  -1.3734829e-02   0.0000000e+00  -2.5762414e-01  -4.5626673e+01
  1.2861021575171e+01   1.7889341e+00   0.0000000e+00   1.9993673e+01  -1.3734829e-02   0.0000000e+00  -2.5675046e-01  -4.5626673e+01
  1.2865896867656e+01   1.7889341e+00   0.0000000e+00   1.9992040e+01  -1.3734829e-02   0.0000000e+00  -2.5575830e-01  -4.5626673e+01
  1.2870772160141e+01   1.7889341e+00   0.0000000e+00   1.9990325e+01  -1.3734829e-02   0.0000000e+00  -2.5464887e-01  -4.5626673e+01
  1.2875647452625e+01   1.7889341e+00   0.0000000e+00   1.9988547e+01  -1.3734829e-02   0.0000000e+00  -2.5344800e-01  -4.5626673e+01
  1.2880522745110e+01   1.7889341e+00   0.0000000e+00   1.9986744e+01  -1.3734829e-02   0.0000000e+00  -2.5219842e-01  -4.5626673e+01
  1.2885398037595e+01   1.7889341e+00   0.0000000e+00   1.9984954e+01  -1.3734829e-02   0.0000000e+00  -2.5095274e-01  -4.5626673e+01
  1.2890273330080e+01   1.7889341e+00   0.0000000e+00   1.9983211e+01  -1.3734829e-02   0.0000000e+00  -2.4976784e-01  -4.5626673e+01
  1.2895148622565e+01   1.7889341e+00   0.0000000e+00   1.9981542e+01  -1.3734829e-02   0.0000000e+00  -2.4869724e-01  -4.5626673e+01
  1.2900023915050e+01   1.7889341e+00   0.0000000e+00   1.9979963e+01  -1.3734829e-02   0.0000000e+00  -2.4777983e-01  -4.5626673e+01
  1.2904899207535e+01   1.7889341e+00   0.0000000e+00   1.9978483e+01  -1.3734829e-02   0.0000000e+00  -2.4702728e-01  -4.5626673e+01
  1.2909774500020e+01   1.7889341e+00   0.0000000e+00   1.9977106e+01  -1.3734829e-02   0.0000000e+00  -2.4641601e-01  -4.5626673e+01
  1.2914649792505e+01   1.7889341e+00   0.0000000e+00   1.9975824e+01  -1.3734829e-02   0.0000000e+00  -2.4588983e-01  -4.5626673e+01
  1.2919525084990e+01   1.7889341e+00   0.0000000e+00   1.9974617e+01  -1.3734829e-02   0.0000000e+00  -2.4537427e-01  -4.5626673e+01
  1.2924400377475e+01   1.7889341e+00   0.0000000e+00   1.9973458e+01  -1.3734829e-02   0.0000000e+00  -2.4479703e-01  -4.5626673e+01
  1.2929275669959e+01   1.7889341e+00   0.0000000e+00   1.9972323e+01  -1.3734829e-02   0.0000000e+00  -2.4410588e-01  -4.5626673e+01
  1.2934150962444e+01   1.7889341e+00   0.0000000e+00   1.9971195e+01  -1.3734829e-02   0.0000000e+00  -2.4327682e-01  -4.5626673e+01
  1.2939026254929e+01   1.7889341e+00   0.0000000e+00   1.9970073e+01  -1.3734829e-02   0.0000000e+00  -2.4231123e-01  -4.5626673e+01
  1.2943901547414e+01   1.7889341e+00   0.0000000e+00   1.9968970e+01  -1.3734829e-02   0.0000000e+00  -2.4122675e-01  -4.5626673e+01
  1.2948776839899e+01   1.7889341e+00   0.0000000e+00   1.9967908e+01  -1.3734829e-02   0.0000000e+00  -2.4004740e-01  -4.5626673e+01
  1.2953652132384e+01   1.7889341e+00   0.0000000e+00   1.9966899e+01  -1.3734829e-02   0.0000000e+00  -2.3879554e-01  -4.5626673e+01
  1.2958527424869e+01   1.7889341e+00   0.0000000e+00   1.9965941e+01  -1.3734829e-02   0.0000000e+00  -2.3748748e-01  -4.5626673e+01
  1.2963402717354e+01   1.7889341e+00   0.0000000e+00   1.9965016e+01  -1.3734829e-02   0.0000000e+00  -2.3613355e-01  -4.5626673e+01
  1.2968278009839e+01   1.7889341e+00   0.0000000e+00   1.9964094e+01  -1.3734829e-02   0.0000000e+00  -2.3474071e-01  -4.5626673e+01
  1.2973153302324e+01   1.7889341e+00   0.0000000e+00   1.9963147e+01  -1.3734829e-02   0.0000000e+00  -2.3331569e-01  -4.5626673e+01
  1.2978028594809e+01   1.7889341e+00   0.0000000e+00   1.9962156e+01  -1.3734829e-02   0.0000000e+00  -2.3186921e-01  -4.5626673e+01
  1.2982903887294e+01   1.7889341e+00   0.0000000e+00   1.9961111e+01  -1.3734829e-02   0.0000000e+00  -2.3042060e-01  -4.5626673e+01
  1.2987779179778e+01   1.7889341e+00   0.0000000e+00   1.9960011e+01  -1.3734829e-02   0.0000000e+00  -2.2899885e-01  -4.5626673e+01
  1.2992654472263e+01   1.7889341e+00   0.0000000e+00   1.9958856e+01  -1.3734829e-02   0.0000000e+00  -2.2763771e-01  -4.5626673e+01
  1.2997529764748e+01   1.7889341e+00   0.0000000e+00   1.9957639e+01  -1.3734829e-02   0.0000000e+00  -2.2636687e-01  -4.5626673e+01
  1.3002405057233e+01   1.7889341e+00   0.0000000e+00   1.9956353e+01  -1.3734829e-02   0.0000000e+00  -2.2520355e-01  -4.5626673e+01
  1.3007280349718e+01   1.7889341e+00   0.0000000e+00   1.9954983e+01  -1.3734829e-02   0.0000000e+00  -2.2414857e-01  -4.5626673e+01
  1.3012155642203e+01   1.7889341e+00   0.0000000e+00   1.9953519e+01  -1.3734829e-02   0.0000000e+00  -2.2319033e-01  -4.5626673e+01
  1.3017030934688e+01   1.7889341e+00   0.0000000e+00   1.9951964e+01  -1.3734829e-02   0.0000000e+00  -2.2231619e-01  -4.5626673e+01
  1.3021906227173e+01   1.7889341e+00   0.0000000e+00   1.9950336e+01  -1.3734829e-02   0.0000000e+00  -2.2152398e-01  -4.5626673e+01
  1.3026781519658e+01   1.7889341e+00   0.0000000e+00   1.9948669e+01  -1.3734829e-02   0.0000000e+00  -2.2082530e-01  -4.5626673e+01
  1.3031656812143e+01   1.7889341e+00   0.0000000e+00   1.9947009e+01  -1.3734829e-02   0.0000000e+00  -2.2023826e-01  -4.5626673e+01
  1.3036532104628e+01   1.7889341e+00   0.0000000e+00   1.9945398e+01  -1.3734829e-02   0.0000000e+00  -2.1977524e-01  -4.5626673e+01
  1.3041407397113e+01   1.7889341e+00   0.0000000e+00   1.9943867e+01  -1.3734829e-02   0.0000000e+00  -2.1943379e-01  -4.5626673e+01
  1.3046282689598e+01   1.7889341e+00   0.0000000e+00   1.9942429e+01  -1.3734829e-02   0.0000000e+00  -2.1919598e-01  -4.5626673e+01
  1.3051157982082e+01   1.7889341e+00   0.0000000e+00   1.9941081e+01  -1.3734829e-02   0.0000000e+00  -2.1903566e-01  -4.5626673e+01
  1.3056033274567e+01   1.7889341e+00   0.0000000e+00   1.9939809e+01  -1.3734829e-02   0.0000000e+00  -2.1892816e-01  -4.5626673e+01
  1.3060908567052e+01   1.7889341e+00   0.0000000e+00   1.9938601e+01  -1.3734829e-02   0.0000000e+00  -2.1885640e-01  -4.5626673e+01
  1.3065783859537e+01   1.7889341e+00   0.0000000e+00   1.9937449e+01  -1.3734829e-02   0.0000000e+00  -2.1881204e-01  -4.5626673e+01
  1.3070659152022e+01   1.7889341e+00   0.0000000e+00   1.9936347e+01  -1.3734829e-02   0.0000000e+00  -2.1879322e-01  -4.5626673e+01
  1.3075534444507e+01   1.7889341e+00   0.0000000e+00   1.9935295e+01  -1.3734829e-02   0.0000000e+00  -2.1880104e-01  -4.5626673e+01
  1.3080409736992e+01   1.7889341e+00   0.0000000e+00   1.9934287e+01  -1.3734829e-02   0.0000000e+00  -2.1883504e-01  -4.5626673e+01
  1.3085285029477e+01   1.7889341e+00   0.0000000e+00   1.9933312e+01  -1.3734829e-02   0.0000000e+00  -2.1888966e-01  -4.5626673e+01
  1.3090160321962e+01   1.7889341e+00   0.0000000e+00   1.9932355e+01  -1.3734829e-02   0.0000000e+00  -2.1895445e-01  -4.5626673e+01
  1.3095035614447e+01   1.7889341e+00   0.0000000e+00   1.9931394e+01  -1.3734829e-02   0.0000000e+00  -2.1901866e-01  -4.5626673e+01
  1.3099910906932e+01   1.7889341e+00   0.0000000e+00   1.9930406e+01  -1.3734829e-02   0.0000000e+00  -2.1907768e-01  -4.5626673e+01
  1.3104786199417e+01   1.7889341e+00   0.0000000e+00   1.9929373e+01  -1.3734829e-02   0.0000000e+00  -2.1913754e-01  -4.5626673e+01
  1.3109661491901e+01   1.7889341e+00   0.0000000e+00   1.9928287e+01  -1.3734829e-02   0.0000000e+00  -2.1921472e-01  -4.5626673e+01
  1.3114536784386e+01   1.7889341e+00   0.0000000e+00   1.9927144e+01  -1.3734829e-02   0.0000000e+00  -2.1933120e-01  -4.5626673e+01
  1.3119412076871e+01   1.7889341e+00   0.0000000e+00   1.9925946e+01  -1.3734829e-02   0.0000000e+00  -2.1950695e-01  -4.5626673e+01
  1.3124287369356e+01   1.7889341e+00   0.0000000e+00   1.9924695e+01  -1.3734829e-02   0.0000000e+00  -2.1975399e-01  -4.5626673e+01
  1.3129162661841e+01   1.7889341e+00   0.0000000e+00   1.9923394e+01  -1.3734829e-02   0.0000000e+00  -2.2007521e-01  -4.5626673e+01
  1.3134037954326e+01   1.7889341e+00   0.0000000e+00   1.9922045e+01  -1.3734829e-02   0.0000000e+00  -2.2046737e-01  -4.5626673e+01
  1.3138913246811e+01   1.7889341e+00   0.0000000e+00   1.9920658e+01  -1.3734829e-02   0.0000000e+00  -2.2092488e-01  -4.5626673e+01
  1.3143788539296e+01   1.7889341e+00   0.0000000e+00   1.9919251e+01  -1.3734829e-02   0.0000000e+00  -2.2144078e-01  -4.5626673e+01
  1.3148663831781e+01   1.7889341e+00   0.0000000e+00   1.9917852e+01  -1.3734829e-02   0.0000000e+00  -2.2200457e-01  -4.5626673e+01
  1.3153539124266e+01   1.7889341e+00   0.0000000e+00   1.9916489e+01  -1.3734829e-02   0.0000000e+00  -2.2259852e-01  -4.5626673e+01
  1.3158414416751e+01   1.7889341e+00   0.0000000e+00   1.9915188e+01  -1.3734829e-02   0.0000000e+00  -2.2319612e-01  -4.5626673e+01
  1.3163289709236e+01   1.7889341e+00   0.0000000e+00   1.9913958e+01  -1.3734829e-02   0.0000000e+00  -2.2376527e-01  -4.5626673e+01
  1.3168165001720e+01   1.7889341e+00   0.0000000e+00   1.9912796e+01  -1.3734829e-02   0.0000000e+00  -2.2427614e-01  -4.5626673e+01
  1.3173040294205e+01   1.7889341e+00   0.0000000e+00   1.9911694e+01  -1.3734829e-02   0.0000000e+00  -2.2470877e-01  -4.5626673e+01
  1.3177915586690e+01   1.7889341e+00   0.0000000e+00   1.9910647e+01  -1.3734829e-02   0.0000000e+00  -2.2505482e-01  -4.5626673e+01
  1.3182790879175e+01   1.7889341e+00   0.0000000e+00   1.9909668e+01  -1.3734829e-02   0.0000000e+00  -2.2531151e-01  -4.5626673e+01
  1.3187666171660e+01   1.7889341e+00   0.0000000e+00   1.9908782e+01  -1.3734829e-02   0.0000000e+00  -2.2547206e-01  -4.5626673e+01
  1.3192541464145e+01   1.7889341e+00   0.0000000e+00   1.9908021e+01  -1.3734829e-02   0.0000000e+00  -2.2552037e-01  -4.5626673e+01
  1.3197416756630e+01   1.7889341e+00   0.0000000e+00   1.9907410e+01  -1.3734829e-02   0.0000000e+00  -2.2543518e-01  -4.5626673e+01
  1.3202292049115e+01   1.7889341e+00   0.0000000e+00   1.9906955e+01  -1.3734829e-02   0.0000000e+00  -2.2520268e-01  -4.5626673e+01
  1.3207167341600e+01   1.7889341e+00   0.0000000e+00   1.9906640e+01  -1.3734829e-02   0.0000000e+00  -2.2482985e-01  -4.5626673e+01
  1.3212042634085e+01   1.7889341e+00   0.0000000e+00   1.9906432e+01  -1.3734829e-02   0.0000000e+00  -2.2434877e-01  -4.5626673e+01
  1.3216917926570e+01   1.7889341e+00   0.0000000e+00   1.9906296e+01  -1.3734829e-02   0.0000000e+00  -2.2380734e-01  -4.5626673e+01
  1.3221793219055e+01   1.7889341e+00   0.0000000e+00   1.9906201e+01  -1.3734829e-02   0.0000000e+00  -2.2324985e-01  -4.5626673e+01
  1.3226668511540e+01   1.7889341e+00   0.0000000e+00   1.9906130e+01  -1.3734829e-02   0.0000000e+00  -2.2269851e-01  -4.5626673e+01
  1.3231543804024e+01   1.7889341e+00   0.0000000e+00   1.9906078e+01  -1.3734829e-02   0.0000000e+00  -2.2214655e-01  -4.5626673e+01
  1.3236419096509e+01   1.7889341e+00   0.0000000e+00   1.9906040e+01  -1.3734829e-02   0.0000000e+00  -2.2156757e-01  -4.5626673e+01
  1.3241294388994e+01   1.7889341e+00   0.0000000e+00   1.9906005e+01  -1.3734829e-02   0.0000000e+00  -2.2093596e-01  -4.5626673e+01
  1.3246169681479e+01   1.7889341e+00   0.0000000e+00   1.9905951e+01  -1.3734829e-02   0.0000000e+00  -2.2024775e-01  -4.5626673e+01
  1.3251044973964e+01   1.7889341e+00   0.0000000e+00   1.9905840e+01  -1.3734829e-02   0.0000000e+00  -2.1953049e-01  -4.5626673e+01
  1.3255920266449e+01   1.7889341e+00   0.0000000e+00   1.9905636e+01  -1.3734829e-02   0.0000000e+00  -2.1883713e-01  -4.5626673e+01
  1.3260795558934e+01   1.7889341e+00   0.0000000e+00   1.9905312e+01  -1.3734829e-02   0.0000000e+00  -2.1822662e-01  -4.5626673e+01
  1.3265670851419e+01   1.7889341e+00   0.0000000e+00   1.9904863e+01  -1.3734829e-02   0.0000000e+00  -2.1774059e-01  -4.5626673e+01
  1.3270546143904e+01   1.7889341e+00   0.0000000e+00   1.9904300e+01  -1.3734829e-02   0.0000000e+00  -2.1738725e-01  -4.5626673e+01
  1.3275421436389e+01   1.7889341e+00   0.0000000e+00   1.9903651e+01  -1.3734829e-02   0.0000000e+00  -2.1713958e-01  -4.5626673e+01
  1.3280296728874e+01   1.7889341e+00   0.0000000e+00   1.9902940e+01  -1.3734829e-02   0.0000000e+00  -2.1694816e-01  -4.5626673e+01
  1.3285172021359e+01   1.7889341e+00   0.0000000e+00   1.9902187e+01  -1.3734829e-02   0.0000000e+00  -2.1676210e-01  -4.5626673e+01
  1.3290047313843e+01   1.7889341e+00   0.0000000e+00   1.9901402e+01  -1.3734829e-02   0.0000000e+00  -2.1654807e-01  -4.5626673e+01
  1.3294922606328e+01   1.7889341e+00   0.0000000e+00   1.9900594e+01  -1.3734829e-02   0.0000000e+00  -2.1629950e-01  -4.5626673e+01
  1.3299797898813e+01   1.7889341e+00   0.0000000e+00   1.9899774e+01  -1.3734829e-02   0.0000000e+00  -2.1603313e-01  -4.5626673e+01
  1.3304673191298e+01   1.7889341e+00   0.0000000e+00   1.9898958e+01  -1.3734829e-02   0.0000000e+00  -2.1577646e-01  -4.5626673e+01
  1.3309548483783e+01   1.7889341e+00   0.0000000e+00   1.9898168e+01  -1.3734829e-02   0.0000000e+00  -2.1555309e-01  -4.5626673e+01
  1.3314423776268e+01   1.7889341e+00   0.0000000e+00   1.9897425e+01  -1.3734829e-02   0.0000000e+00  -2.1537300e-01  -4.5626673e+01
  1.3319299068753e+01   1.7889341e+00   0.0000000e+00   1.9896747e+01  -1.3734829e-02   0.0000000e+00  -2.1523104e-01  -4.5626673e+01
  1.3324174361238e+01   1.7889341e+00   0.0000000e+00   1.9896144e+01  -1.3734829e-02   0.0000000e+00  -2.1511243e-01  -4.5626673e+01
  1.3329049653723e+01   1.7889341e+00   0.0000000e+00   1.9895623e+01  -1.3734829e-02   0.0000000e+00  -2.1500110e-01  -4.5626673e+01
  1.3333924946208e+01   1.7889341e+00   0.0000000e+00   1.9895184e+01  -1.3734829e-02   0.0000000e+00  -2.1488620e-01  -4.5626673e+01
  1.3338800238693e+01   1.7889341e+00   0.0000000e+00   1.9894826e+01  -1.3734829e-02   0.0000000e+00  -2.1476430e-01  -4.5626673e+01
  1.3343675531177e+01   1.7889341e+00   0.0000000e+00   1.9894541e+01  -1.3734829e-02   0.0000000e+00  -2.1463760e-01  -4.5626673e+01
  1.3348550823662e+01   1.7889341e+00   0.0000000e+00   1.9894313e+01  -1.3734829e-02   0.0000000e+00  -2.1450972e-01  -4.5626673e+01
  1.3353426116147e+01   1.7889341e+00   0.0000000e+00   1.9894121e+01  -1.3734829e-02   0.0000000e+00  -2.1438186e-01  -4.5626673e+01
  1.3358301408632e+01   1.7889341e+00   0.0000000e+00   1.9893940e+01  -1.3734829e-02   0.0000000e+00  -2.1425136e-01  -4.5626673e+01
  1.3363176701117e+01   1.7889341e+00   0.0000000e+00   1.9893746e+01  -1.3734829e-02   0.0000000e+00  -2.1411319e-01  -4.5626673e+01
  1.3368051993602e+01   1.7889341e+00   0.0000000e+00   1.9893523e+01  -1.3734829e-02   0.0000000e+00  -2.1396324e-01  -4.5626673e+01
  1.3372927286087e+01   1.7889341e+00   0.0000000e+00   1.9893263e+01  -1.3734829e-02   0.0000000e+00  -2.1380082e-01  -4.5626673e+01
  1.3377802578572e+01   1.7889341e+00   0.0000000e+00   1.9892969e+01  -1.3734829e-02   0.0000000e+00  -2.1362872e-01  -4.5626673e+01
  1.3382677871057e+01   1.7889341e+00   0.0000000e+00   1.9892644e+01  -1.3734829e-02   0.0000000e+00  -2.1345094e-01  -4.5626673e+01
  1.3387553163542e+01   1.7889341e+00   0.0000000e+00   1.9892290e+01  -1.3734829e-02   0.0000000e+00  -2.1326982e-01  -4.5626673e+01
  1.3392428456027e+01   1.7889341e+00   0.0000000e+00   1.9891901e+01  -1.3734829e-02   0.0000000e+00  -2.1308450e-01  -4.5626673e+01
  1.3397303748512e+01   1.7889341e+00   0.0000000e+00   1.9891471e+01  -1.3734829e-02   0.0000000e+00  -2.1289154e-01  -4.5626673e+01
  1.3402179040997e+01   1.7889341e+00   0.0000000e+00   1.9891001e+01  -1.3734829e-02   0.0000000e+00  -2.1268653e-01  -4.5626673e+01
  1.3407054333482e+01   1.7889341e+00   0.0000000e+00   1.9890503e+01  -1.3734829e-02   0.0000000e+00  -2.1246552e-01  -4.5626673e+01
  1.3411929625966e+01   1.7889341e+00   0.0000000e+00   1.9889999e+01  -1.3734829e-02   0.0000000e+00  -2.1222535e-01  -4.5626673e+01
  1.3416804918451e+01   1.7889341e+00   0.0000000e+00   1.9889519e+01  -1.3734829e-02   0.0000000e+00  -2.1196373e-01  -4.5626673e+01
  1.3421680210936e+01   1.7889341e+00   0.0000000e+00   1.9889089e+01  -1.3734829e-02   0.0000000e+00  -2.1167990e-01  -4.5626673e+01
  1.3426555503421e+01   1.7889341e+00   0.0000000e+00   1.9888726e+01  -1.3734829e-02   0.0000000e+00  -2.1137588e-01  -4.5626673e+01
  1.3431430795906e+01   1.7889341e+00   0.0000000e+00   1.9888432e+01  -1.3734829e-02   0.0000000e+00  -2.1105743e-01  -4.5626673e+01
  1.3436306088391e+01   1.7889341e+00   0.0000000e+00   1.9888203e+01  -1.3734829e-02   0.0000000e+00  -2.1073309e-01  -4.5626673e+01
  1.3441181380876e+01   1.7889341e+00   0.0000000e+00   1.9888027e+01  -1.3734829e-02   0.0000000e+00  -2.1041139e-01  -4.5626673e+01
  1.3446056673361e+01   1.7889341e+00   0.0000000e+00   1.9887896e+01  -1.3734829e-02   0.0000000e+00  -2.1009748e-01  -4.5626673e+01
  1.3450931965846e+01   1.7889341e+00   0.0000000e+00   1.9887799e+01  -1.3734829e-02   0.0000000e+00  -2.0979184e-01  -4.5626673e+01
  1.3455807258331e+01   1.7889341e+00   0.0000000e+00   1.9887734e+01  -1.3734829e-02   0.0000000e+00  -2.0949233e-01  -4.5626673e+01
  1.3460682550816e+01   1.7889341e+00   0.0000000e+00   1.9887696e+01  -1.3734829e-02   0.0000000e+00  -2.0919885e-01  -4.5626673e+01
  1.3465557843301e+01   1.7889341e+00   0.0000000e+00   1.9887679e+01  -1.3734829e-02   0.0000000e+00  -2.0891792e-01  -4.5626673e+01
  1.3470433135785e+01   1.7889341e+00   0.0000000e+00   1.9887671e+01  -1.3734829e-02   0.0000000e+00  -2.0866419e-01  -4.5626673e+01
  1.3475308428270e+01   1.7889341e+00   0.0000000e+00   1.9887654e+01  -1.3734829e-02   0.0000000e+00  -2.0845778e-01  -4.5626673e+01
  1.3480183720755e+01   1.7889341e+00   0.0000000e+00   1.9887602e+01  -1.3734829e-02   0.0000000e+00  -2.0831881e-01  -4.5626673e+01
  1.3485059013240e+01   1.7889341e+00   0.0000000e+00   1.9887490e+01  -1.3734829e-02   0.0000000e+00  -2.0826216e-01  -4.5626673e+01
  1.3489934305725e+01   1.7889341e+00   0.0000000e+00   1.9887297e+01  -1.3734829e-02   0.0000000e+00  -2.0829473e-01  -4.5626673e+01
  1.3494809598210e+01   1.7889341e+00   0.0000000e+00   1.9887009e+01  -1.3734829e-02   0.0000000e+00  -2.0841571e-01  -4.5626673e+01
  1.3499684890695e+01   1.7889341e+00   0.0000000e+00   1.9886624e+01  -1.3734829e-02   0.0000000e+00  -2.0861826e-01  -4.5626673e+01
  1.3504560183180e+01   1.7889341e+00   0.0000000e+00   1.9886149e+01  -1.3734829e-02   0.0000000e+00  -2.0889142e-01  -4.5626673e+01
  1.3509435475665e+01   1.7889341e+00   0.0000000e+00   1.9885597e+01  -1.3734829e-02   0.0000000e+00  -2.0922167e-01  -4.5626673e+01
  1.3514310768150e+01   1.7889341e+00   0.0000000e+00   1.9884987e+01  -1.3734829e-02   0.0000000e+00  -2.0959479e-01  -4.5626673e+01
  1.3519186060635e+01   1.7889341e+00   0.0000000e+00   1.9884343e+01  -1.3734829e-02   0.0000000e+00  -2.0999845e-01  -4.5626673e+01
  1.3524061353119e+01   1.7889341e+00   0.0000000e+00   1.9883695e+01  -1.3734829e-02   0.0000000e+00  -2.1042506e-01  -4.5626673e+01
  1.3528936645604e+01   1.7889341e+00   0.0000000e+00   1.9883075e+01  -1.3734829e-02   0.0000000e+00  -2.1087374e-01  -4.5626673e+01
  1.3533811938089e+01   1.7889341e+00   0.0000000e+00   1.9882515e+01  -1.3734829e-02   0.0000000e+00  -2.1134961e-01  -4.5626673e+01
  1.3538687230574e+01   1.7889341e+00   0.0000000e+00   1.9882041e+01  -1.3734829e-02   0.0000000e+00  -2.1186016e-01  -4.5626673e+01
  1.3543562523059e+01   1.7889341e+00   0.0000000e+00   1.9881672e+01  -1.3734829e-02   0.0000000e+00  -2.1240952e-01  -4.5626673e+01
  1.3548437815544e+01   1.7889341e+00   0.0000000e+00   1.9881419e+01  -1.3734829e-02   0.0000000e+00  -2.1299294e-01  -4.5626673e+01
  1.3553313108029e+01   1.7889341e+00   0.0000000e+00   1.9881288e+01  -1.3734829e-02   0.0000000e+00  -2.1359392e-01  -4.5626673e+01
  1.3558188400514e+01   1.7889341e+00   0.0000000e+00   1.9881282e+01  -1.3734829e-02   0.0000000e+00  -2.1418544e-01  -4.5626673e+01
  1.3563063692999e+01   1.7889341e+00   0.0000000e+00   1.9881402e+01  -1.3734829e-02   0.0000000e+00  -2.1473504e-01  -4.5626673e+01
  1.3567938985484e+01   1.7889341e+00   0.0000000e+00   1.9881649e+01  -1.3734829e-02   0.0000000e+00  -2.1521193e-01  -4.5626673e+01
  1.3572814277969e+01   1.7889341e+00   0.0000000e+00   1.9882025e+01  -1.3734829e-02   0.0000000e+00  -2.1559311e-01  -4.5626673e+01
  1.3577689570454e+01   1.7889341e+00   0.0000000e+00   1.9882525e+01  -1.3734829e-02   0.0000000e+00  -2.1586644e-01  -4.5626673e+01
  1.3582564862939e+01   1.7889341e+00   0.0000000e+00   1.9883139e+01  -1.3734829e-02   0.0000000e+00  -2.1603012e-01  -4.5626673e+01
  1.3587440155423e+01   1.7889341e+00   0.0000000e+00   1.9883850e+01  -1.3734829e-02   0.0000000e+00  -2.1608995e-01  -4.5626673e+01
  1.3592315447908e+01   1.7889341e+00   0.0000000e+00   1.9884635e+01  -1.3734829e-02   0.0000000e+00  -2.1605633e-01  -4.5626673e+01
  1.3597190740393e+01   1.7889341e+00   0.0000000e+00   1.9885465e+01  -1.3734829e-02   0.0000000e+00  -2.1594236e-01  -4.5626673e+01
  1.3602066032878e+01   1.7889341e+00   0.0000000e+00   1.9886316e+01  -1.3734829e-02   0.0000000e+00  -2.1576305e-01  -4.5626673e+01
  1.3606941325363e+01   1.7889341e+00   0.0000000e+00   1.9887161e+01  -1.3734829e-02   0.0000000e+00  -2.1553476e-01  -4.5626673e+01
  1.3611816617848e+01   1.7889341e+00   0.0000000e+00   1.9887972e+01  -1.3734829e-02   0.0000000e+00  -2.1527468e-01  -4.5626673e+01
  1.3616691910333e+01   1.7889341e+00   0.0000000e+00   1.9888720e+01  -1.3734829e-02   0.0000000e+00  -2.1500027e-01  -4.5626673e+01
  1.3621567202818e+01   1.7889341e+00   0.0000000e+00   1.9889369e+01  -1.3734829e-02   0.0000000e+00  -2.1472936e-01  -4.5626673e+01
  1.3626442495303e+01   1.7889341e+00   0.0000000e+00   1.9889882e+01  -1.3734829e-02   0.0000000e+00  -2.1448070e-01  -4.5626673e+01
  1.3631317787788e+01   1.7889341e+00   0.0000000e+00   1.9890231e+01  -1.3734829e-02   0.0000000e+00  -2.1427398e-01  -4.5626673e+01
  1.3636193080273e+01   1.7889341e+00   0.0000000e+00   1.9890397e+01  -1.3734829e-02   0.0000000e+00  -2.1412841e-01  -4.5626673e+01
  1.3641068372758e+01   1.7889341e+00   0.0000000e+00   1.9890379e+01  -1.3734829e-02   0.0000000e+00  -2.1405986e-01  -4.5626673e+01
  1.3645943665243e+01   1.7889341e+00   0.0000000e+00   1.9890186e+01  -1.3734829e-02   0.0000000e+00  -2.1407767e-01  -4.5626673e+01
  1.3650818957727e+01   1.7889341e+00   0.0000000e+00   1.9889840e+01  -1.3734829e-02   0.0000000e+00  -2.1418254e-01  -4.5626673e+01
  1.3655694250212e+01   1.7889341e+00   0.0000000e+00   1.9889366e+01  -1.3734829e-02   0.0000000e+00  -2.1436667e-01  -4.5626673e+01
  1.3660569542697e+01   1.7889341e+00   0.0000000e+00   1.9888789e+01  -1.3734829e-02   0.0000000e+00  -2.1461572e-01  -4.5626673e+01
  1.3665444835182e+01   1.7889341e+00   0.0000000e+00   1.9888131e+01  -1.3734829e-02   0.0000000e+00  -2.1491150e-01  -4.5626673e+01
  1.3670320127667e+01   1.7889341e+00   0.0000000e+00   1.9887409e+01  -1.3734829e-02   0.0000000e+00  -2.1523400e-01  -4.5626673e+01
  1.3675195420152e+01   1.7889341e+00   0.0000000e+00   1.9886638e+01  -1.3734829e-02   0.0000000e+00  -2.1556221e-01  -4.5626673e+01
  1.3680070712637e+01   1.7889341e+00   0.0000000e+00   1.9885835e+01  -1.3734829e-02   0.0000000e+00  -2.1587390e-01  -4.5626673e+01
  1.3684946005122e+01   1.7889341e+00   0.0000000e+00   1.9885021e+01  -1.3734829e-02   0.0000000e+00  -2.1614513e-01  -4.5626673e+01
  1.3689821297607e+01   1.7889341e+00   0.0000000e+00   1.9884219e+01  -1.3734829e-02   0.0000000e+00  -2.1635073e-01  -4.5626673e+01
  1.3694696590092e+01   1.7889341e+00   0.0000000e+00   1.9883458e+01  -1.3734829e-02   0.0000000e+00  -2.1646632e-01  -4.5626673e+01
  1.3699571882577e+01   1.7889341e+00   0.0000000e+00   1.9882763e+01  -1.3734829e-02   0.0000000e+00  -2.1647176e-01  -4.5626673e+01
  1.3704447175061e+01   1.7889341e+00   0.0000000e+00   1.9882153e+01  -1.3734829e-02   0.0000000e+00  -2.1635500e-01  -4.5626673e+01
  1.3709322467546e+01   1.7889341e+00   0.0000000e+00   1.9881644e+01  -1.3734829e-02   0.0000000e+00  -2.1611437e-01  -4.5626673e+01
  1.3714197760031e+01   1.7889341e+00   0.0000000e+00   1.9881245e+01  -1.3734829e-02   0.0000000e+00  -2.1575792e-01  -4.5626673e+01
  1.3719073052516e+01   1.7889341e+00   0.0000000e+00   1.9880960e+01  -1.3734829e-02   0.0000000e+00  -2.1530004e-01  -4.5626673e+01
  1.3723948345001e+01   1.7889341e+00   0.0000000e+00   1.9880797e+01  -1.3734829e-02   0.0000000e+00  -2.1475696e-01  -4.5626673e+01
  1.3728823637486e+01   1.7889341e+00   0.0000000e+00   1.9880758e+01  -1.3734829e-02   0.0000000e+00  -2.1414347e-01  -4.5626673e+01
  1.3733698929971e+01   1.7889341e+00   0.0000000e+00   1.9880848e+01  -1.3734829e-02   0.0000000e+00  -2.1347231e-01  -4.5626673e+01
  1.3738574222456e+01   1.7889341e+00   0.0000000e+00   1.9881070e+01  -1.3734829e-02   0.0000000e+00  -2.1275614e-01  -4.5626673e+01
  1.3743449514941e+01   1.7889341e+00   0.0000000e+00   1.9881424e+01  -1.3734829e-02   0.0000000e+00  -2.1201020e-01  -4.5626673e+01
  1.3748324807426e+01   1.7889341e+00   0.0000000e+00   1.9881905e+01  -1.3734829e-02   0.0000000e+00  -2.1125382e-01  -4.5626673e+01
  1.3753200099911e+01   1.7889341e+00   0.0000000e+00   1.9882497e+01  -1.3734829e-02   0.0000000e+00  -2.1050951e-01  -4.5626673e+01
  1.3758075392396e+01   1.7889341e+00   0.0000000e+00   1.9883174e+01  -1.3734829e-02   0.0000000e+00  -2.0979992e-01  -4.5626673e+01
  1.3762950684881e+01   1.7889341e+00   0.0000000e+00   1.9883900e+01  -1.3734829e-02   0.0000000e+00  -2.0914397e-01  -4.5626673e+01
  1.3767825977365e+01   1.7889341e+00   0.0000000e+00   1.9884634e+01  -1.3734829e-02   0.0000000e+00  -2.0855379e-01  -4.5626673e+01
  1.3772701269850e+01   1.7889341e+00   0.0000000e+00   1.9885333e+01  -1.3734829e-02   0.0000000e+00  -2.0803310e-01  -4.5626673e+01
  1.3777576562335e+01   1.7889341e+00   0.0000000e+00   1.9885960e+01  -1.3734829e-02   0.0000000e+00  -2.0757731e-01  -4.5626673e+01
  1.3782451854820e+01   1.7889341e+00   0.0000000e+00   1.9886483e+01  -1.3734829e-02   0.0000000e+00  -2.0717473e-01  -4.5626673e+01
  1.3787327147305e+01   1.7889341e+00   0.0000000e+00   1.9886879e+01  -1.3734829e-02   0.0000000e+00  -2.0680846e-01  -4.5626673e+01
  1.3792202439790e+01   1.7889341e+00   0.0000000e+00   1.9887125e+01  -1.3734829e-02   0.0000000e+00  -2.0645866e-01  -4.5626673e+01
  1.3797077732275e+01   1.7889341e+00   0.0000000e+00   1.9887207e+01  -1.3734829e-02   0.0000000e+00  -2.0610474e-01  -4.5626673e+01
  1.3801953024760e+01   1.7889341e+00   0.0000000e+00   1.9887114e+01  -1.3734829e-02   0.0000000e+00  -2.0572748e-01  -4.5626673e+01
  1.3806828317245e+01   1.7889341e+00   0.0000000e+00   1.9886848e+01  -1.3734829e-02   0.0000000e+00  -2.0531038e-01  -4.5626673e+01
  1.3811703609730e+01   1.7889341e+00   0.0000000e+00   1.9886423e+01  -1.3734829e-02   0.0000000e+00  -2.0484046e-01  -4.5626673e+01
  1.3816578902215e+01   1.7889341e+00   0.0000000e+00   1.9885867e+01  -1.3734829e-02   0.0000000e+00  -2.0430842e-01  -4.5626673e+01
  1.3821454194700e+01   1.7889341e+00   0.0000000e+00   1.9885216e+01  -1.3734829e-02   0.0000000e+00  -2.0370852e-01  -4.5626673e+01
  1.3826329487184e+01   1.7889341e+00   0.0000000e+00   1.9884508e+01  -1.3734829e-02   0.0000000e+00  -2.0303813e-01  -4.5626673e+01
  1.3831204779669e+01   1.7889341e+00   0.0000000e+00   1.9883777e+01  -1.3734829e-02   0.0000000e+00  -2.0229707e-01  -4.5626673e+01
  1.3836080072154e+01   1.7889341e+00   0.0000000e+00   1.9883050e+01  -1.3734829e-02   0.0000000e+00  -2.0148650e-01  -4.5626673e+01
  1.3840955364639e+01   1.7889341e+00   0.0000000e+00   1.9882346e+01  -1.3734829e-02   0.0000000e+00  -2.0060795e-01  -4.5626673e+01
  1.3845830657124e+01   1.7889341e+00   0.0000000e+00   1.9881674e+01  -1.3734829e-02   0.0000000e+00  -1.9966293e-01  -4.5626673e+01
  1.3850705949609e+01   1.7889341e+00   0.0000000e+00   1.9881043e+01  -1.3734829e-02   0.0000000e+00  -1.9865331e-01  -4.5626673e+01
  1.3855581242094e+01   1.7889341e+00   0.0000000e+00   1.9880459e+01  -1.3734829e-02   0.0000000e+00  -1.9758231e-01  -4.5626673e+01
  1.3860456534579e+01   1.7889341e+00   0.0000000e+00   1.9879931e+01  -1.3734829e-02   0.0000000e+00  -1.9645545e-01  -4.5626673e+01
  1.3865331827064e+01   1.7889341e+00   0.0000000e+00   1.9879468e+01  -1.3734829e-02   0.0000000e+00  -1.9528110e-01  -4.5626673e+01
  1.3870207119549e+01   1.7889341e+00   0.0000000e+00   1.9879079e+01  -1.3734829e-02   0.0000000e+00  -1.9407026e-01  -4.5626673e+01
  1.3875082412034e+01   1.7889341e+00   0.0000000e+00   1.9878773e+01  -1.3734829e-02   0.0000000e+00  -1.9283591e-01  -4.5626673e+01
  1.3879957704518e+01   1.7889341e+00   0.0000000e+00   1.9878555e+01  -1.3734829e-02   0.0000000e+00  -1.9159198e-01  -4.5626673e+01
  1.3884832997003e+01   1.7889341e+00   0.0000000e+00   1.9878426e+01  -1.3734829e-02   0.0000000e+00  -1.9035249e-01  -4.5626673e+01
  1.3889708289488e+01   1.7889341e+00   0.0000000e+00   1.9878385e+01  -1.3734829e-02   0.0000000e+00  -1.8913102e-01  -4.5626673e+01
  1.3894583581973e+01   1.7889341e+00   0.0000000e+00   1.9878428e+01  -1.3734829e-02   0.0000000e+00  -1.8794090e-01  -4.5626673e+01
  1.3899458874458e+01   1.7889341e+00   0.0000000e+00   1.9878542e+01  -1.3734829e-02   0.0000000e+00  -1.8679624e-01  -4.5626673e+01
  1.3904334166943e+01   1.7889341e+00   0.0000000e+00   1.9878713e+01  -1.3734829e-02   0.0000000e+00  -1.8571295e-01  -4.5626673e+01
  1.3909209459428e+01   1.7889341e+00   0.0000000e+00   1.9878919e+01  -1.3734829e-02   0.0000000e+00  -1.8470914e-01  -4.5626673e+01
  1.3914084751913e+01   1.7889341e+00   0.0000000e+00   1.9879136e+01  -1.3734829e-02   0.0000000e+00  -1.8380390e-01  -4.5626673e+01
  1.3918960044398e+01   1.7889341e+00   0.0000000e+00   1.9879339e+01  -1.3734829e-02   0.0000000e+00  -1.8301433e-01  -4.5626673e+01
  1.3923835336883e+01   1.7889341e+00   0.0000000e+00   1.9879509e+01  -1.3734829e-02   0.0000000e+00  -1.8235173e-01  -4.5626673e+01
  1.3928710629368e+01   1.7889341e+00   0.0000000e+00   1.9879635e+01  -1.3734829e-02   0.0000000e+00  -1.8181821e-01  -4.5626673e+01
  1.3933585921853e+01   1.7889341e+00   0.0000000e+00   1.9879716e+01  -1.3734829e-02   0.0000000e+00  -1.8140528e-01  -4.5626673e+01
  1.3938461214338e+01   1.7889341e+00   0.0000000e+00   1.9879762e+01  -1.3734829e-02   0.0000000e+00  -1.8109510e-01  -4.5626673e+01
  1.3943336506823e+01   1.7889341e+00   0.0000000e+00   1.9879790e+01  -1.3734829e-02   0.0000000e+00  -1.8086395e-01  -4.5626673e+01
  1.3948211799307e+01   1.7889341e+00   0.0000000e+00   1.9879815e+01  -1.3734829e-02   0.0000000e+00  -1.8068703e-01  -4.5626673e+01
  1.3953087091792e+01   1.7889341e+00   0.0000000e+00   1.9879851e+01  -1.3734829e-02   0.0000000e+00  -1.8054283e-01  -4.5626673e+01
  1.3957962384277e+01   1.7889341e+00   0.0000000e+00   1.9879901e+01  -1.3734829e-02   0.0000000e+00  -1.8041586e-01  -4.5626673e+01
  1.3962837676762e+01   1.7889341e+00   0.0000000e+00   1.9879962e+01  -1.3734829e-02   0.0000000e+00  -1.8029686e-01  -4.5626673e+01
  1.3967712969247e+01   1.7889341e+00   0.0000000e+00   1.9880025e+01  -1.3734829e-02   0.0000000e+00  -1.8018073e-01  -4.5626673e+01
  1.3972588261732e+01   1.7889341e+00   0.0000000e+00   1.9880085e+01  -1.3734829e-02   0.0000000e+00  -1.8006329e-01  -4.5626673e+01
  1.3977463554217e+01   1.7889341e+00   0.0000000e+00   1.9880137e+01  -1.3734829e-02   0.0000000e+00  -1.7993816e-01  -4.5626673e+01
  1.3982338846702e+01   1.7889341e+00   0.0000000e+00   1.9880186e+01  -1.3734829e-02   0.0000000e+00  -1.7979524e-01  -4.5626673e+01
  1.3987214139187e+01   1.7889341e+00   0.0000000e+00   1.9880243e+01  -1.3734829e-02   0.0000000e+00  -1.7962119e-01  -4.5626673e+01
  1.3992089431672e+01   1.7889341e+00   0.0000000e+00   1.9880322e+01  -1.3734829e-02   0.0000000e+00  -1.7940165e-01  -4.5626673e+01
  1.3996964724157e+01   1.7889341e+00   0.0000000e+00   1.9880437e+01  -1.3734829e-02   0.0000000e+00  -1.7912419e-01  -4.5626673e+01
  1.4001840016642e+01   1.7889341e+00   0.0000000e+00   1.9880597e+01  -1.3734829e-02   0.0000000e+00  -1.7878105e-01  -4.5626673e+01
  1.4006715309126e+01   1.7889341e+00   0.0000000e+00   1.9880806e+01  -1.3734829e-02   0.0000000e+00  -1.7837084e-01  -4.5626673e+01
  1.4011590601611e+01   1.7889341e+00   0.0000000e+00   1.9881062e+01  -1.3734829e-02   0.0000000e+00  -1.7789891e-01  -4.5626673e+01
  1.4016465894096e+01   1.7889341e+00   0.0000000e+00   1.9881365e+01  -1.3734829e-02   0.0000000e+00  -1.7737656e-01  -4.5626673e+01
  1.4021341186581e+01   1.7889341e+00   0.0000000e+00   1.9881709e+01  -1.3734829e-02   0.0000000e+00  -1.7681929e-01  -4.5626673e+01
  1.4026216479066e+01   1.7889341e+00   0.0000000e+00   1.9882091e+01  -1.3734829e-02   0.0000000e+00  -1.7624467e-01  -4.5626673e+01
  1.4031091771551e+01   1.7889341e+00   0.0000000e+00   1.9882501e+01  -1.3734829e-02   0.0000000e+00  -1.7567033e-01  -4.5626673e+01
  1.4035967064036e+01   1.7889341e+00   0.0000000e+00   1.9882928e+01  -1.3734829e-02   0.0000000e+00  -1.7511225e-01  -4.5626673e+01
  1.4040842356521e+01   1.7889341e+00   0.0000000e+00   1.9883356e+01  -1.3734829e-02   0.0000000e+00  -1.7458362e-01  -4.5626673e+01
  1.4045717649006e+01   1.7889341e+00   0.0000000e+00   1.9883770e+01  -1.3734829e-02   0.0000000e+00  -1.7409400e-01  -4.5626673e+01
  1.4050592941491e+01   1.7889341e+00   0.0000000e+00   1.9884155e+01  -1.3734829e-02   0.0000000e+00  -1.7364884e-01  -4.5626673e+01
  1.4055468233976e+01   1.7889341e+00   0.0000000e+00   1.9884501e+01  -1.3734829e-02   0.0000000e+00  -1.7324961e-01  -4.5626673e+01
  1.4060343526460e+01   1.7889341e+00   0.0000000e+00   1.9884804e+01  -1.3734829e-02   0.0000000e+00  -1.7289473e-01  -4.5626673e+01
  1.4065218818945e+01   1.7889341e+00   0.0000000e+00   1.9885062e+01  -1.3734829e-02   0.0000000e+00  -1.7258090e-01  -4.5626673e+01
  1.4070094111430e+01   1.7889341e+00   0.0000000e+00   1.9885278e+01  -1.3734829e-02   0.0000000e+00  -1.7230444e-01  -4.5626673e+01
  1.4074969403915e+01   1.7889341e+00   0.0000000e+00   1.9885459e+01  -1.3734829e-02   0.0000000e+00  -1.7206173e-01  -4.5626673e+01
  1.4079844696400e+01   1.7889341e+00   0.0000000e+00   1.9885615e+01  -1.3734829e-02   0.0000000e+00  -1.7184876e-01  -4.5626673e+01
  1.4084719988885e+01   1.7889341e+00   0.0000000e+00   1.9885755e+01  -1.3734829e-02   0.0000000e+00  -1.7166027e-01  -4.5626673e+01
  1.4089595281370e+01   1.7889341e+00   0.0000000e+00   1.9885889e+01  -1.3734829e-02   0.0000000e+00  -1.7148956e-01  -4.5626673e+01
  1.4094470573855e+01   1.7889341e+00   0.0000000e+00   1.9886022e+01  -1.3734829e-02   0.0000000e+00  -1.7132943e-01  -4.5626673e+01
  1.4099345866340e+01   1.7889341e+00   0.0000000e+00   1.9886156e+01  -1.3734829e-02   0.0000000e+00  -1.7117394e-01  -4.5626673e+01
  1.4104221158825e+01   1.7889341e+00   0.0000000e+00   1.9886288e+01  -1.3734829e-02   0.0000000e+00  -1.7102003e-01  -4.5626673e+01
  1.4109096451310e+01   1.7889341e+00   0.0000000e+00   1.9886414e+01  -1.3734829e-02   0.0000000e+00  -1.7086774e-01  -4.5626673e+01
  1.4113971743795e+01   1.7889341e+00   0.0000000e+00   1.9886531e+01  -1.3734829e-02   0.0000000e+00  -1.7071899e-01  -4.5626673e+01
  1.4118847036280e+01   1.7889341e+00   0.0000000e+00   1.9886636e+01  -1.3734829e-02   0.0000000e+00  -1.7057517e-01  -4.5626673e+01
  1.4123722328765e+01   1.7889341e+00   0.0000000e+00   1.9886733e+01  -1.3734829e-02   0.0000000e+00  -1.7043489e-01  -4.5626673e+01
  1.4128597621249e+01   1.7889341e+00   0.0000000e+00   1.9886829e+01  -1.3734829e-02   0.0000000e+00  -1.7029283e-01  -4.5626673e+01
  1.4133472913734e+01   1.7889341e+00   0.0000000e+00   1.9886938e+01  -1.3734829e-02   0.0000000e+00  -1.7014029e-01  -4.5626673e+01
  1.4138348206219e+01   1.7889341e+00   0.0000000e+00   1.9887073e+01  -1.3734829e-02   0.0000000e+00  -1.6996704e-01  -4.5626673e+01
  1.4143223498704e+01   1.7889341e+00   0.0000000e+00   1.9887245e+01  -1.3734829e-02   0.0000000e+00  -1.6976373e-01  -4.5626673e+01
  1.4148098791189e+01   1.7889341e+00   0.0000000e+00   1.9887457e+01  -1.3734829e-02   0.0000000e+00  -1.6952388e-01  -4.5626673e+01
  1.4152974083674e+01   1.7889341e+00   0.0000000e+00   1.9887709e+01  -1.3734829e-02   0.0000000e+00  -1.6924474e-01  -4.5626673e+01
  1.4157849376159e+01   1.7889341e+00   0.0000000e+00   1.9887991e+01  -1.3734829e-02   0.0000000e+00  -1.6892688e-01  -4.5626673e+01
  1.4162724668644e+01   1.7889341e+00   0.0000000e+00   1.9888291e+01  -1.3734829e-02   0.0000000e+00  -1.6857305e-01  -4.5626673e+01
  1.4167599961129e+01   1.7889341e+00   0.0000000e+00   1.9888602e+01  -1.3734829e-02   0.0000000e+00  -1.6818679e-01  -4.5626673e+01
  1.4172475253614e+01   1.7889341e+00   0.0000000e+00   1.9888919e+01  -1.3734829e-02   0.0000000e+00  -1.6777128e-01  -4.5626673e+01
  1.4177350546099e+01   1.7889341e+00   0.0000000e+00   1.9889245e+01  -1.3734829e-02   0.0000000e+00  -1.6732884e-01  -4.5626673e+01
  1.4182225838584e+01   1.7889341e+00   0.0000000e+00   1.9889587e+01  -1.3734829e-02   0.0000000e+00  -1.6686087e-01  -4.5626673e+01
  1.4187101131068e+01   1.7889341e+00   0.0000000e+00   1.9889954e+01  -1.3734829e-02   0.0000000e+00  -1.6636822e-01  -4.5626673e+01
  1.4191976423553e+01   1.7889341e+00   0.0000000e+00   1.9890354e+01  -1.3734829e-02   0.0000000e+00  -1.6585159e-01  -4.5626673e+01
  1.4196851716038e+01   1.7889341e+00   0.0000000e+00   1.9890787e+01  -1.3734829e-02   0.0000000e+00  -1.6531196e-01  -4.5626673e+01
  1.4201727008523e+01   1.7889341e+00   0.0000000e+00   1.9891244e+01  -1.3734829e-02   0.0000000e+00  -1.6475091e-01  -4.5626673e+01
  1.4206602301008e+01   1.7889341e+00   0.0000000e+00   1.9891715e+01  -1.3734829e-02   0.0000000e+00  -1.6417060e-01  -4.5626673e+01
  1.4211477593493e+01   1.7889341e+00   0.0000000e+00   1.9892188e+01  -1.3734829e-02   0.0000000e+00  -1.6357350e-01  -4.5626673e+01
  1.4216352885978e+01   1.7889341e+00   0.0000000e+00   1.9892654e+01  -1.3734829e-02   0.0000000e+00  -1.6296195e-01  -4.5626673e+01
  1.4221228178463e+01   1.7889341e+00   0.0000000e+00   1.9893111e+01  -1.3734829e-02   0.0000000e+00  -1.6233779e-01  -4.5626673e+01
  1.4226103470948e+01   1.7889341e+00   0.0000000e+00   1.9893563e+01  -1.3734829e-02   0.0000000e+00  -1.6170246e-01  -4.5626673e+01
  1.4230978763433e+01   1.7889341e+00   0.0000000e+00   1.9894016e+01  -1.3734829e-02   0.0000000e+00  -1.6105764e-01  -4.5626673e+01
  1.4235854055918e+01   1.7889341e+00   0.0000000e+00   1.9894471e+01  -1.3734829e-02   0.0000000e+00  -1.6040647e-01  -4.5626673e+01
  1.4240729348402e+01   1.7889341e+00   0.0000000e+00   1.9894929e+01  -1.3734829e-02   0.0000000e+00  -1.5975486e-01  -4.5626673e+01
  1.4245604640887e+01   1.7889341e+00   0.0000000e+00   1.9895381e+01  -1.3734829e-02   0.0000000e+00  -1.5911214e-01  -4.5626673e+01
  1.4250479933372e+01   1.7889341e+00   0.0000000e+00   1.9895814e+01  -1.3734829e-02   0.0000000e+00  -1.5849049e-01  -4.5626673e+01
  1.4255355225857e+01   1.7889341e+00   0.0000000e+00   1.9896213e+01  -1.3734829e-02   0.0000000e+00  -1.5790262e-01  -4.5626673e+01
  1.4260230518342e+01   1.7889341e+00   0.0000000e+00   1.9896563e+01  -1.3734829e-02   0.0000000e+00  -1.5735846e-01  -4.5626673e+01
  1.4265105810827e+01   1.7889341e+00   0.0000000e+00   1.9896854e+01  -1.3734829e-02   0.0000000e+00  -1.5686177e-01  -4.5626673e+01
  1.4269981103312e+01   1.7889341e+00   0.0000000e+00   1.9897079e+01  -1.3734829e-02   0.0000000e+00  -1.5640829e-01  -4.5626673e+01
  1.4274856395797e+01   1.7889341e+00   0.0000000e+00   1.9897235e+01  -1.3734829e-02   0.0000000e+00  -1.5598587e-01  -4.5626673e+01
  1.4279731688282e+01   1.7889341e+00   0.0000000e+00   1.9897326e+01  -1.3734829e-02   0.0000000e+00  -1.5557694e-01  -4.5626673e+01
  1.4284606980767e+01   1.7889341e+00   0.0000000e+00   1.9897362e+01  -1.3734829e-02   0.0000000e+00  -1.5516226e-01  -4.5626673e+01
  1.4289482273252e+01   1.7889341e+00   0.0000000e+00   1.9897354e+01  -1.3734829e-02   0.0000000e+00  -1.5472490e-01  -4.5626673e+01
  1.4294357565737e+01   1.7889341e+00   0.0000000e+00   1.9897317e+01  -1.3734829e-02   0.0000000e+00  -1.5425325e-01  -4.5626673e+01
  1.4299232858221e+01   1.7889341e+00   0.0000000e+00   1.9897266e+01  -1.3734829e-02   0.0000000e+00  -1.5374227e-01  -4.5626673e+01
  1.4304108150706e+01   1.7889341e+00   0.0000000e+00   1.9897218e+01  -1.3734829e-02   0.0000000e+00  -1.5319302e-01  -4.5626673e+01
  1.4308983443191e+01   1.7889341e+00   0.0000000e+00   1.9897188e+01  -1.3734829e-02   0.0000000e+00  -1.5261096e-01  -4.5626673e+01
  1.4313858735676e+01   1.7889341e+00   0.0000000e+00   1.9897191e+01  -1.3734829e-02   0.0000000e+00  -1.5200418e-01  -4.5626673e+01
  1.4318734028161e+01   1.7889341e+00   0.0000000e+00   1.9897239e+01  -1.3734829e-02   0.0000000e+00  -1.5138181e-01  -4.5626673e+01
  1.4323609320646e+01   1.7889341e+00   0.0000000e+00   1.9897344e+01  -1.3734829e-02   0.0000000e+00  -1.5075297e-01  -4.5626673e+01
  1.4328484613131e+01   1.7889341e+00   0.0000000e+00   1.9897519e+01  -1.3734829e-02   0.0000000e+00  -1.5012599e-01  -4.5626673e+01
  1.4333359905616e+01   1.7889341e+00   0.0000000e+00   1.9897777e+01  -1.3734829e-02   0.0000000e+00  -1.4950762e-01  -4.5626673e+01
  1.4338235198101e+01   1.7889341e+00   0.0000000e+00   1.9898129e+01  -1.3734829e-02   0.0000000e+00  -1.4890202e-01  -4.5626673e+01
  1.4343110490586e+01   1.7889341e+00   0.0000000e+00   1.9898590e+01  -1.3734829e-02   0.0000000e+00  -1.4831006e-01  -4.5626673e+01
  1.4347985783071e+01   1.7889341e+00   0.0000000e+00   1.9899166e+01  -1.3734829e-02   0.0000000e+00  -1.4772932e-01  -4.5626673e+01
  1.4352861075556e+01   1.7889341e+00   0.0000000e+00   1.9899860e+01  -1.3734829e-02   0.0000000e+00  -1.4715551e-01  -4.5626673e+01
  1.4357736368041e+01   1.7889341e+00   0.0000000e+00   1.9900664e+01  -1.3734829e-02   0.0000000e+00  -1.4658472e-01  -4.5626673e+01
  1.4362611660525e+01   1.7889341e+00   0.0000000e+00   1.9901561e+01  -1.3734829e-02   0.0000000e+00  -1.4601582e-01  -4.5626673e+01
  1.4367486953010e+01   1.7889341e+00   0.0000000e+00   1.9902528e+01  -1.3734829e-02   0.0000000e+00  -1.4545211e-01  -4.5626673e+01
  1.4372362245495e+01   1.7889341e+00   0.0000000e+00   1.9903536e+01  -1.3734829e-02   0.0000000e+00  -1.4490137e-01  -4.5626673e+01
  1.4377237537980e+01   1.7889341e+00   0.0000000e+00   1.9904557e+01  -1.3734829e-02   0.0000000e+00  -1.4437429e-01  -4.5626673e+01
  1.4382112830465e+01   1.7889341e+00   0.0000000e+00   1.9905567e+01  -1.3734829e-02   0.0000000e+00  -1.4388172e-01  -4.5626673e+01
  1.4386988122950e+01   1.7889341e+00   0.0000000e+00   1.9906543e+01  -1.3734829e-02   0.0000000e+00  -1.4343191e-01  -4.5626673e+01
  1.4391863415435e+01   1.7889341e+00   0.0000000e+00   1.9907472e+01  -1.3734829e-02   0.0000000e+00  -1.4302917e-01  -4.5626673e+01
  1.4396738707920e+01   1.7889341e+00   0.0000000e+00   1.9908341e+01  -1.3734829e-02   0.0000000e+00  -1.4267430e-01  -4.5626673e+01
  1.4401614000405e+01   1.7889341e+00   0.0000000e+00   1.9909146e+01  -1.3734829e-02   0.0000000e+00  -1.4236643e-01  -4.5626673e+01
  1.4406489292890e+01   1.7889341e+00   0.0000000e+00   1.9909883e+01  -1.3734829e-02   0.0000000e+00  -1.4210516e-01  -4.5626673e+01
  1.4411364585375e+01   1.7889341e+00   0.0000000e+00   1.9910554e+01  -1.3734829e-02   0.0000000e+00  -1.4189182e-01  -4.5626673e+01
  1.4416239877859e+01   1.7889341e+00   0.0000000e+00   1.9911163e+01  -1.3734829e-02   0.0000000e+00  -1.4172905e-01  -4.5626673e+01
  1.4421115170344e+01   1.7889341e+00   0.0000000e+00   1.9911718e+01  -1.3734829e-02   0.0000000e+00  -1.4161901e-01  -4.5626673e+01
  1.4425990462829e+01   1.7889341e+00   0.0000000e+00   1.9912229e+01  -1.3734829e-02   0.0000000e+00  -1.4156094e-01  -4.5626673e+01
  1.4430865755314e+01   1.7889341e+00   0.0000000e+00   1.9912709e+01  -1.3734829e-02   0.0000000e+00  -1.4154911e-01  -4.5626673e+01
  1.4435741047799e+01   1.7889341e+00   0.0000000e+00   1.9913173e+01  -1.3734829e-02   0.0000000e+00  -1.4157189e-01  -4.5626673e+01
  1.4440616340284e+01   1.7889341e+00   0.0000000e+00   1.9913632e+01  -1.3734829e-02   0.0000000e+00  -1.4161205e-01  -4.5626673e+01
  1.4445491632769e+01   1.7889341e+00   0.0000000e+00   1.9914093e+01  -1.3734829e-02   0.0000000e+00  -1.4164820e-01  -4.5626673e+01
  1.4450366925254e+01   1.7889341e+00   0.0000000e+00   1.9914561e+01  -1.3734829e-02   0.0000000e+00  -1.4165681e-01  -4.5626673e+01
  1.4455242217739e+01   1.7889341e+00   0.0000000e+00   1.9915034e+01  -1.3734829e-02   0.0000000e+00  -1.4161424e-01  -4.5626673e+01
  1.4460117510224e+01   1.7889341e+00   0.0000000e+00   1.9915507e+01  -1.3734829e-02   0.0000000e+00  -1.4149839e-01  -4.5626673e+01
  1.4464992802709e+01   1.7889341e+00   0.0000000e+00   1.9915975e+01  -1.3734829e-02   0.0000000e+00  -1.4128992e-01  -4.5626673e+01
  1.4469868095194e+01   1.7889341e+00   0.0000000e+00   1.9916433e+01  -1.3734829e-02   0.0000000e+00  -1.4097342e-01  -4.5626673e+01
  1.4474743387679e+01   1.7889341e+00   0.0000000e+00   1.9916878e+01  -1.3734829e-02   0.0000000e+00  -1.4053877e-01  -4.5626673e+01
  1.4479618680163e+01   1.7889341e+00   0.0000000e+00   1.9917308e+01  -1.3734829e-02   0.0000000e+00  -1.3998261e-01  -4.5626673e+01
  1.4484493972648e+01   1.7889341e+00   0.0000000e+00   1.9917722e+01  -1.3734829e-02   0.0000000e+00  -1.3930976e-01  -4.5626673e+01
  1.4489369265133e+01   1.7889341e+00   0.0000000e+00   1.9918122e+01  -1.3734829e-02   0.0000000e+00  -1.3853389e-01  -4.5626673e+01
  1.4494244557618e+01   1.7889341e+00   0.0000000e+00   1.9918507e+01  -1.3734829e-02   0.0000000e+00  -1.3767728e-01  -4.5626673e+01
  1.4499119850103e+01   1.7889341e+00   0.0000000e+00   1.9918880e+01  -1.3734829e-02   0.0000000e+00  -1.3676919e-01  -4.5626673e+01
  1.4503995142588e+01   1.7889341e+00   0.0000000e+00   1.9919241e+01  -1.3734829e-02   0.0000000e+00  -1.3584330e-01  -4.5626673e+01
  1.4508870435073e+01   1.7889341e+00   0.0000000e+00   1.9919594e+01  -1.3734829e-02   0.0000000e+00  -1.3493447e-01  -4.5626673e+01
  1.4513745727558e+01   1.7889341e+00   0.0000000e+00   1.9919942e+01  -1.3734829e-02   0.0000000e+00  -1.3407555e-01  -4.5626673e+01
  1.4518621020043e+01   1.7889341e+00   0.0000000e+00   1.9920293e+01  -1.3734829e-02   0.0000000e+00  -1.3329477e-01  -4.5626673e+01
  1.4523496312528e+01   1.7889341e+00   0.0000000e+00   1.9920655e+01  -1.3734829e-02   0.0000000e+00  -1.3261409e-01  -4.5626673e+01
  1.4528371605013e+01   1.7889341e+00   0.0000000e+00   1.9921040e+01  -1.3734829e-02   0.0000000e+00  -1.3204847e-01  -4.5626673e+01
  1.4533246897498e+01   1.7889341e+00   0.0000000e+00   1.9921459e+01  -1.3734829e-02   0.0000000e+00  -1.3160591e-01  -4.5626673e+01
  1.4538122189983e+01   1.7889341e+00   0.0000000e+00   1.9921924e+01  -1.3734829e-02   0.0000000e+00  -1.3128789e-01  -4.5626673e+01
  1.4542997482467e+01   1.7889341e+00   0.0000000e+00   1.9922441e+01  -1.3734829e-02   0.0000000e+00  -1.3109008e-01  -4.5626673e+01
  1.4547872774952e+01   1.7889341e+00   0.0000000e+00   1.9923010e+01  -1.3734829e-02   0.0000000e+00  -1.3100284e-01  -4.5626673e+01
  1.4552748067437e+01   1.7889341e+00   0.0000000e+00   1.9923627e+01  -1.3734829e-02   0.0000000e+00  -1.3101167e-01  -4.5626673e+01
  1.4557623359922e+01   1.7889341e+00   0.0000000e+00   1.9924283e+01  -1.3734829e-02   0.0000000e+00  -1.3109737e-01  -4.5626673e+01
  1.4562498652407e+01   1.7889341e+00   0.0000000e+00   1.9924966e+01  -1.3734829e-02   0.0000000e+00  -1.3123631e-01  -4.5626673e+01
  1.4567373944892e+01   1.7889341e+00   0.0000000e+00   1.9925666e+01  -1.3734829e-02   0.0000000e+00  -1.3140090e-01  -4.5626673e+01
  1.4572249237377e+01   1.7889341e+00   0.0000000e+00   1.9926373e+01  -1.3734829e-02   0.0000000e+00  -1.3156077e-01  -4.5626673e+01
  1.4577124529862e+01   1.7889341e+00   0.0000000e+00   1.9927082e+01  -1.3734829e-02   0.0000000e+00  -1.3168486e-01  -4.5626673e+01
  1.4581999822347e+01   1.7889341e+00   0.0000000e+00   1.9927789e+01  -1.3734829e-02   0.0000000e+00  -1.3174436e-01  -4.5626673e+01
  1.4586875114832e+01   1.7889341e+00   0.0000000e+00   1.9928493e+01  -1.3734829e-02   0.0000000e+00  -1.3171597e-01  -4.5626673e+01
  1.4591750407317e+01   1.7889341e+00   0.0000000e+00   1.9929195e+01  -1.3734829e-02   0.0000000e+00  -1.3158481e-01  -4.5626673e+01
  1.4596625699801e+01   1.7889341e+00   0.0000000e+00   1.9929899e+01  -1.3734829e-02   0.0000000e+00  -1.3134601e-01  -4.5626673e+01
  1.4601500992286e+01   1.7889341e+00   0.0000000e+00   1.9930605e+01  -1.3734829e-02   0.0000000e+00  -1.3100479e-01  -4.5626673e+01
  1.4606376284771e+01   1.7889341e+00   0.0000000e+00   1.9931317e+01  -1.3734829e-02   0.0000000e+00  -1.3057480e-01  -4.5626673e+01
  1.4611251577256e+01   1.7889341e+00   0.0000000e+00   1.9932037e+01  -1.3734829e-02   0.0000000e+00  -1.3007552e-01  -4.5626673e+01
  1.4616126869741e+01   1.7889341e+00   0.0000000e+00   1.9932768e+01  -1.3734829e-02   0.0000000e+00  -1.2952915e-01  -4.5626673e+01
  1.4621002162226e+01   1.7889341e+00   0.0000000e+00   1.9933516e+01  -1.3734829e-02   0.0000000e+00  -1.2895795e-01  -4.5626673e+01
  1.4625877454711e+01   1.7889341e+00   0.0000000e+00   1.9934286e+01  -1.3734829e-02   0.0000000e+00  -1.2838230e-01  -4.5626673e+01
  1.4630752747196e+01   1.7889341e+00   0.0000000e+00   1.9935087e+01  -1.3734829e-02   0.0000000e+00  -1.2781951e-01  -4.5626673e+01
  1.4635628039681e+01   1.7889341e+00   0.0000000e+00   1.9935928e+01  -1.3734829e-02   0.0000000e+00  -1.2728311e-01  -4.5626673e+01
  1.4640503332166e+01   1.7889341e+00   0.0000000e+00   1.9936814e+01  -1.3734829e-02   0.0000000e+00  -1.2678248e-01  -4.5626673e+01
  1.4645378624651e+01   1.7889341e+00   0.0000000e+00   1.9937748e+01  -1.3734829e-02   0.0000000e+00  -1.2632280e-01  -4.5626673e+01
  1.4650253917136e+01   1.7889341e+00   0.0000000e+00   1.9938727e+01  -1.3734829e-02   0.0000000e+00  -1.2590530e-01  -4.5626673e+01
  1.4655129209620e+01   1.7889341e+00   0.0000000e+00   1.9939740e+01  -1.3734829e-02   0.0000000e+00  -1.2552786e-01  -4.5626673e+01
  1.4660004502105e+01   1.7889341e+00   0.0000000e+00   1.9940773e+01  -1.3734829e-02   0.0000000e+00  -1.2518596e-01  -4.5626673e+01
  1.4664879794590e+01   1.7889341e+00   0.0000000e+00   1.9941811e+01  -1.3734829e-02   0.0000000e+00  -1.2487377e-01  -4.5626673e+01
  1.4669755087075e+01   1.7889341e+00   0.0000000e+00   1.9942839e+01  -1.3734829e-02   0.0000000e+00  -1.2458523e-01  -4.5626673e+01
  1.4674630379560e+01   1.7889341e+00   0.0000000e+00   1.9943848e+01  -1.3734829e-02   0.0000000e+00  -1.2431494e-01  -4.5626673e+01
  1.4679505672045e+01   1.7889341e+00   0.0000000e+00   1.9944831e+01  -1.3734829e-02   0.0000000e+00  -1.2405875e-01  -4.5626673e+01
  1.4684380964530e+01   1.7889341e+00   0.0000000e+00   1.9945792e+01  -1.3734829e-02   0.0000000e+00  -1.2381421e-01  -4.5626673e+01
  1.4689256257015e+01   1.7889341e+00   0.0000000e+00   1.9946735e+01  -1.3734829e-02   0.0000000e+00  -1.2358064e-01  -4.5626673e+01
  1.4694131549500e+01   1.7889341e+00   0.0000000e+00   1.9947670e+01  -1.3734829e-02   0.0000000e+00  -1.2335928e-01  -4.5626673e+01
  1.4699006841985e+01   1.7889341e+00   0.0000000e+00   1.9948603e+01  -1.3734829e-02   0.0000000e+00  -1.2315327e-01  -4.5626673e+01
  1.4703882134470e+01   1.7889341e+00   0.0000000e+00   1.9949544e+01  -1.3734829e-02   0.0000000e+00  -1.2296751e-01  -4.5626673e+01
  1.4708757426955e+01   1.7889341e+00   0.0000000e+00   1.9950498e+01  -1.3734829e-02   0.0000000e+00  -1.2280844e-01  -4.5626673e+01
  1.4713632719440e+01   1.7889341e+00   0.0000000e+00   1.9951470e+01  -1.3734829e-02   0.0000000e+00  -1.2268353e-01  -4.5626673e+01
  1.4718508011925e+01   1.7889341e+00   0.0000000e+00   1.9952463e+01  -1.3734829e-02   0.0000000e+00  -1.2260070e-01  -4.5626673e+01
  1.4723383304409e+01   1.7889341e+00   0.0000000e+00   1.9953481e+01  -1.3734829e-02   0.0000000e+00  -1.2256740e-01  -4.5626673e+01
  1.4728258596894e+01   1.7889341e+00   0.0000000e+00   1.9954533e+01  -1.3734829e-02   0.0000000e+00  -1.2258966e-01  -4.5626673e+01
  1.4733133889379e+01   1.7889341e+00   0.0000000e+00   1.9955625e+01  -1.3734829e-02   0.0000000e+00  -1.2267079e-01  -4.5626673e+01
  1.4738009181864e+01   1.7889341e+00   0.0000000e+00   1.9956771e+01  -1.3734829e-02   0.0000000e+00  -1.2281007e-01  -4.5626673e+01
  1.4742884474349e+01   1.7889341e+00   0.0000000e+00   1.9957981e+01  -1.3734829e-02   0.0000000e+00  -1.2300158e-01  -4.5626673e+01
  1.4747759766834e+01   1.7889341e+00   0.0000000e+00   1.9959269e+01  -1.3734829e-02   0.0000000e+00  -1.2323346e-01  -4.5626673e+01
  1.4752635059319e+01   1.7889341e+00   0.0000000e+00   1.9960642e+01  -1.3734829e-02   0.0000000e+00  -1.2348801e-01  -4.5626673e+01
  1.4757510351804e+01   1.7889341e+00   0.0000000e+00   1.9962109e+01  -1.3734829e-02   0.0000000e+00  -1.2374276e-01  -4.5626673e+01
  1.4762385644289e+01   1.7889341e+00   0.0000000e+00   1.9963675e+01  -1.3734829e-02   0.0000000e+00  -1.2397222e-01  -4.5626673e+01
  1.4767260936774e+01   1.7889341e+00   0.0000000e+00   1.9965344e+01  -1.3734829e-02   0.0000000e+00  -1.2415034e-01  -4.5626673e+01
  1.4772136229259e+01   1.7889341e+00   0.0000000e+00   1.9967125e+01  -1.3734829e-02   0.0000000e+00  -1.2425289e-01  -4.5626673e+01
  1.4777011521743e+01   1.7889341e+00   0.0000000e+00   1.9969029e+01  -1.3734829e-02   0.0000000e+00  -1.2425958e-01  -4.5626673e+01
  1.4781886814228e+01   1.7889341e+00   0.0000000e+00   1.9971071e+01  -1.3734829e-02   0.0000000e+00  -1.2415568e-01  -4.5626673e+01
  1.4786762106713e+01   1.7889341e+00   0.0000000e+00   1.9973266e+01  -1.3734829e-02   0.0000000e+00  -1.2393301e-01  -4.5626673e+01
  1.4791637399198e+01   1.7889341e+00   0.0000000e+00   1.9975627e+01  -1.3734829e-02   0.0000000e+00  -1.2359053e-01  -4.5626673e+01
  1.4796512691683e+01   1.7889341e+00   0.0000000e+00   1.9978166e+01  -1.3734829e-02   0.0000000e+00  -1.2313449e-01  -4.5626673e+01
  1.4801387984168e+01   1.7889341e+00   0.0000000e+00   1.9980885e+01  -1.3734829e-02   0.0000000e+00  -1.2257826e-01  -4.5626673e+01
  1.4806263276653e+01   1.7889341e+00   0.0000000e+00   1.9983784e+01  -1.3734829e-02   0.0000000e+00  -1.2194198e-01  -4.5626673e+01
  1.4811138569138e+01   1.7889341e+00   0.0000000e+00   1.9986860e+01  -1.3734829e-02   0.0000000e+00  -1.2125189e-01  -4.5626673e+01
  1.4816013861623e+01   1.7889341e+00   0.0000000e+00   1.9990108e+01  -1.3734829e-02   0.0000000e+00  -1.2053905e-01  -4.5626673e+01
  1.4820889154108e+01   1.7889341e+00   0.0000000e+00   1.9993522e+01  -1.3734829e-02   0.0000000e+00  -1.1983758e-01  -4.5626673e+01
  1.4825764446593e+01   1.7889341e+00   0.0000000e+00   1.9997099e+01  -1.3734829e-02   0.0000000e+00  -1.1918197e-01  -4.5626673e+01
  1.4830639739078e+01   1.7889341e+00   0.0000000e+00   2.0000830e+01  -1.3734829e-02   0.0000000e+00  -1.1860408e-01  -4.5626673e+01
  1.4835515031562e+01   1.7889341e+00   0.0000000e+00   2.0004703e+01  -1.3734829e-02   0.0000000e+00  -1.1813033e-01  -4.5626673e+01
  1.4840390324047e+01   1.7889341e+00   0.0000000e+00   2.0008696e+01  -1.3734829e-02   0.0000000e+00  -1.1777935e-01  -4.5626673e+01
  1.4845265616532e+01   1.7889341e+00   0.0000000e+00   2.0012780e+01  -1.3734829e-02   0.0000000e+00  -1.1756090e-01  -4.5626673e+01
  1.4850140909017e+01   1.7889341e+00   0.0000000e+00   2.0016922e+01  -1.3734829e-02   0.0000000e+00  -1.1747612e-01  -4.5626673e+01
  1.4855016201502e+01   1.7889341e+00   0.0000000e+00   2.0021084e+01  -1.3734829e-02   0.0000000e+00  -1.1751843e-01  -4.5626673e+01
  1.4859891493987e+01   1.7889341e+00   0.0000000e+00   2.0025237e+01  -1.3734829e-02   0.0000000e+00  -1.1767506e-01  -4.5626673e+01
  1.4864766786472e+01   1.7889341e+00   0.0000000e+00   2.0029358e+01  -1.3734829e-02   0.0000000e+00  -1.1792914e-01  -4.5626673e+01
  1.4869642078957e+01   1.7889341e+00   0.0000000e+00   2.0033435e+01  -1.3734829e-02   0.0000000e+00  -1.1826154e-01  -4.5626673e+01
  1.4874517371442e+01   1.7889341e+00   0.0000000e+00   2.0037473e+01  -1.3734829e-02   0.0000000e+00  -1.1865216e-01  -4.5626673e+01
  1.4879392663927e+01   1.7889341e+00   0.0000000e+00   2.0041486e+01  -1.3734829e-02   0.0000000e+00  -1.1908088e-01  -4.5626673e+01
  1.4884267956412e+01   1.7889341e+00   0.0000000e+00   2.0045494e+01  -1.3734829e-02   0.0000000e+00  -1.1952753e-01  -4.5626673e+01
  1.4889143248897e+01   1.7889341e+00   0.0000000e+00   2.0049525e+01  -1.3734829e-02   0.0000000e+00  -1.1997235e-01  -4.5626673e+01
  1.4894018541382e+01   1.7889341e+00   0.0000000e+00   2.0053604e+01  -1.3734829e-02   0.0000000e+00  -1.2039755e-01  -4.5626673e+01
  1.4898893833867e+01   1.7889341e+00   0.0000000e+00   2.0057762e+01  -1.3734829e-02   0.0000000e+00  -1.2078941e-01  -4.5626673e+01
  1.4903769126351e+01   1.7889341e+00   0.0000000e+00   2.0062034e+01  -1.3734829e-02   0.0000000e+00  -1.2114018e-01  -4.5626673e+01
  1.4908644418836e+01   1.7889341e+00   0.0000000e+00   2.0066457e+01  -1.3734829e-02   0.0000000e+00  -1.2144874e-01  -4.5626673e+01
  1.4913519711321e+01   1.7889341e+00   0.0000000e+00   2.0071065e+01  -1.3734829e-02   0.0000000e+00  -1.2171968e-01  -4.5626673e+01
  1.4918395003806e+01   1.7889341e+00   0.0000000e+00   2.0075887e+01  -1.3734829e-02   0.0000000e+00  -1.2196107e-01  -4.5626673e+01
  1.4923270296291e+01   1.7889341e+00   0.0000000e+00   2.0080933e+01  -1.3734829e-02   0.0000000e+00  -1.2218163e-01  -4.5626673e+01
  1.4928145588776e+01   1.7889341e+00   0.0000000e+00   2.0086198e+01  -1.3734829e-02   0.0000000e+00  -1.2238951e-01  -4.5626673e+01
  1.4933020881261e+01   1.7889341e+00   0.0000000e+00   2.0091663e+01  -1.3734829e-02   0.0000000e+00  -1.2259351e-01  -4.5626673e+01
  1.4937896173746e+01   1.7889341e+00   0.0000000e+00   2.0097307e+01  -1.3734829e-02   0.0000000e+00  -1.2280499e-01  -4.5626673e+01
  1.4942771466231e+01   1.7889341e+00   0.0000000e+00   2.0103117e+01  -1.3734829e-02   0.0000000e+00  -1.2303869e-01  -4.5626673e+01
  1.4947646758716e+01   1.7889341e+00   0.0000000e+00   2.0109091e+01  -1.3734829e-02   0.0000000e+00  -1.2331205e-01  -4.5626673e+01
  1.4952522051201e+01   1.7889341e+00   0.0000000e+00   2.0115244e+01  -1.3734829e-02   0.0000000e+00  -1.2364249e-01  -4.5626673e+01
  1.4957397343685e+01   1.7889341e+00   0.0000000e+00   2.0121598e+01  -1.3734829e-02   0.0000000e+00  -1.2404302e-01  -4.5626673e+01
  1.4962272636170e+01   1.7889341e+00   0.0000000e+00   2.0128187e+01  -1.3734829e-02   0.0000000e+00  -1.2451801e-01  -4.5626673e+01
  1.4967147928655e+01   1.7889341e+00   0.0000000e+00   2.0135048e+01  -1.3734829e-02   0.0000000e+00  -1.2506131e-01  -4.5626673e+01
  1.4972023221140e+01   1.7889341e+00   0.0000000e+00   2.0142224e+01  -1.3734829e-02   0.0000000e+00  -1.2565621e-01  -4.5626673e+01
  1.4976898513625e+01   1.7889341e+00   0.0000000e+00   2.0149759e+01  -1.3734829e-02   0.0000000e+00  -1.2627594e-01  -4.5626673e+01
  1.4981773806110e+01   1.7889341e+00   0.0000000e+00   2.0157692e+01  -1.3734829e-02   0.0000000e+00  -1.2688367e-01  -4.5626673e+01
  1.4986649098595e+01   1.7889341e+00   0.0000000e+00   2.0166043e+01  -1.3734829e-02   0.0000000e+00  -1.2743166e-01  -4.5626673e+01
  1.4991524391080e+01   1.7889341e+00   0.0000000e+00   2.0174806e+01  -1.3734829e-02   0.0000000e+00  -1.2786091e-01  -4.5626673e+01
  1.4996399683565e+01   1.7889341e+00   0.0000000e+00   2.0183947e+01  -1.3734829e-02   0.0000000e+00  -1.2810376e-01  -4.5626673e+01
