# problem=TPV29
# author=Thomas ULRICH
# date=02-Jun-2017
# code=SeisSol (ADER-DG) without plasticity
# Background stress is assigned to each individual Gaussian integation point (GP)
# order of approximation in space and time= O5
# time_step= 4.735792e-03
# num_time_steps= 2534
# location= on fault, 9000 m along strike, 7500 m down-dip
# Column #1 = Time (s)
# Column #2 = horizontal slip (m)
# Column #3 = horizontal slip rate (m/s)
# Column #4 = horizontal shear stress (MPa)
# Column #5 = vertical slip (m)
# Column #6 = vertical slip rate (m/s)
# Column #7 = vertical shear stress (MPa)
# Column #8 = normal stress (MPa)
# Column #9 = state variable psi
#
# The line below lists the names of the data fields:
t h-slip h-slip-rate h-shear-stress v-slip v-slip-rate v-shear-stress n-stress psi
#
# Time-series data:
  4.4398052701381e-03  -4.2346055e-18  -4.2703795e-16   4.0000000e+01  -2.8282480e-19   8.4379779e-17  -5.1585010e-15   1.2000000e+02   5.6359184e-01
  9.1755975582854e-03   4.7603534e-18   1.9403099e-15   4.0000000e+01   2.9220440e-18   5.8107561e-16   3.7662637e-15   1.2000000e+02   5.6359184e-01
  1.3911389846433e-02  -2.7160926e-18  -4.5202686e-15   4.0000000e+01  -4.4138842e-19  -1.6044542e-15  -1.6958153e-14   1.2000000e+02   5.6359184e-01
  1.8647182134580e-02  -4.0427897e-17  -1.0509400e-14   4.0000000e+01  -8.1081959e-18  -1.2676499e-15  -2.2511845e-14   1.2000000e+02   5.6359184e-01
  2.3382974422727e-02  -9.2119682e-17  -8.7490857e-15   4.0000000e+01  -1.0092437e-17   3.0063298e-16  -4.5593787e-15   1.2000000e+02   5.6359184e-01
  2.8118766710875e-02  -8.4801451e-17   1.2201717e-14   4.0000000e+01  -5.3709712e-18   1.4138419e-15   3.5242553e-14   1.2000000e+02   5.6359184e-01
  3.2854558999022e-02   5.6597161e-17   4.3774919e-14   4.0000000e+01   1.5503218e-18   1.3690312e-15   8.6784402e-14   1.2000000e+02   5.6359184e-01
  3.7590351287169e-02   3.4361422e-16   7.3171746e-14   4.0000000e+01   6.3631542e-18   6.4321889e-16   1.2471495e-13   1.2000000e+02   5.6359184e-01
  4.2326143575317e-02   7.5902254e-16   9.9227895e-14   4.0000000e+01   7.2680121e-18  -1.8646549e-16   1.3345176e-13   1.2000000e+02   5.6359184e-01
  4.7061935863464e-02   1.2935055e-15   1.2284714e-13   4.0000000e+01   5.8115388e-18  -2.1301777e-16   1.2034654e-13   1.2000000e+02   5.6359184e-01
  5.1797728151611e-02   1.9189871e-15   1.3721257e-13   4.0000000e+01   6.3185121e-18   3.3424559e-16   1.0425803e-13   1.2000000e+02   5.6359184e-01
  5.6533520439759e-02   2.5757924e-15   1.3788756e-13   4.0000000e+01   8.3253706e-18   3.9678705e-16   8.8968605e-14   1.2000000e+02   5.6359184e-01
  6.1269312727906e-02   3.1986758e-15   1.2526225e-13   4.0000000e+01   8.7222439e-18  -2.1659560e-16   7.6156395e-14   1.2000000e+02   5.6359184e-01
  6.6005105016053e-02   3.7467805e-15   1.0841327e-13   4.0000000e+01   6.0645943e-18  -7.2916098e-16   7.1787989e-14   1.2000000e+02   5.6359184e-01
  7.0740897304201e-02   4.2265824e-15   9.6989673e-14   4.0000000e+01   2.5780720e-18  -6.6526264e-16   9.0353715e-14   1.2000000e+02   5.6359184e-01
  7.5476689592348e-02   4.6838868e-15   9.8417429e-14   4.0000000e+01   3.2740138e-19  -2.8522770e-16   1.2253074e-13   1.2000000e+02   5.6359184e-01
  8.0212481880495e-02   5.1876653e-15   1.1403076e-13   4.0000000e+01   5.0286889e-19   3.5990970e-16   1.4626397e-13   1.2000000e+02   5.6359184e-01
  8.4948274168642e-02   5.7934286e-15   1.4063879e-13   4.0000000e+01   4.3547054e-18   1.1079119e-15   1.4189556e-13   1.2000000e+02   5.6359184e-01
  8.9684066456790e-02   6.5580123e-15   1.7869707e-13   4.0000000e+01   1.0214461e-17   1.2859345e-15   1.0396502e-13   1.2000000e+02   5.6359184e-01
  9.4419858744937e-02   7.5179864e-15   2.2197503e-13   4.0000000e+01   1.6004042e-17   1.0931000e-15   4.8853856e-14   1.2000000e+02   5.6359184e-01
  9.9155651033084e-02   8.6805859e-15   2.6281461e-13   4.0000000e+01   1.9646636e-17   4.7781085e-16  -7.9679888e-16   1.2000000e+02   5.6359184e-01
  1.0389144332123e-01   1.0015605e-14   2.9540678e-13   4.0000000e+01   1.9930456e-17  -2.6638997e-16  -2.7806329e-14   1.2000000e+02   5.6359184e-01
  1.0862723560938e-01   1.1478306e-14   3.1786040e-13   4.0000000e+01   1.7368239e-17  -6.9315101e-16  -2.5622126e-14   1.2000000e+02   5.6359184e-01
  1.1336302789753e-01   1.3026476e-14   3.3351002e-13   4.0000000e+01   1.3586807e-17  -9.0058368e-16  -2.9810020e-15   1.2000000e+02   5.6359184e-01
  1.1809882018567e-01   1.4636371e-14   3.4405370e-13   4.0000000e+01   9.2755593e-18  -8.6325192e-16   2.9782045e-14   1.2000000e+02   5.6359184e-01
  1.2283461247382e-01   1.6281368e-14   3.4952529e-13   4.0000000e+01   6.2935976e-18  -4.0796538e-16   6.1159982e-14   1.2000000e+02   5.6359184e-01
  1.2757040476197e-01   1.7946659e-14   3.5358407e-13   4.0000000e+01   5.6683430e-18   2.3299422e-17   9.0060706e-14   1.2000000e+02   5.6359184e-01
  1.3230619705012e-01   1.9635679e-14   3.5870067e-13   4.0000000e+01   6.2029920e-18   2.0961688e-16   1.1786933e-13   1.2000000e+02   5.6359184e-01
  1.3704198933826e-01   2.1346338e-14   3.6367595e-13   4.0000000e+01   8.1707891e-18   5.4490005e-16   1.4924727e-13   1.2000000e+02   5.6359184e-01
  1.4177778162641e-01   2.3082230e-14   3.6860213e-13   4.0000000e+01   1.1218092e-17   6.7668352e-16   1.8470060e-13   1.2000000e+02   5.6359184e-01
  1.4651357391456e-01   2.4838033e-14   3.7214761e-13   4.0000000e+01   1.4193533e-17   5.2625837e-16   2.2292416e-13   1.2000000e+02   5.6359184e-01
  1.5124936620270e-01   2.6609565e-14   3.7558361e-13   4.0000000e+01   1.5943533e-17   2.4723670e-16   2.5867050e-13   1.2000000e+02   5.6359184e-01
  1.5598515849085e-01   2.8402627e-14   3.8172617e-13   4.0000000e+01   1.6451464e-17  -3.1158418e-17   2.8538702e-13   1.2000000e+02   5.6359184e-01
  1.6072095077900e-01   3.0238892e-14   3.9347778e-13   4.0000000e+01   1.5619317e-17  -2.9642957e-16   2.9630804e-13   1.2000000e+02   5.6359184e-01
  1.6545674306715e-01   3.2147065e-14   4.1049336e-13   4.0000000e+01   1.3615884e-17  -4.4322408e-16   2.8240372e-13   1.2000000e+02   5.6359184e-01
  1.7019253535529e-01   3.4136772e-14   4.2753811e-13   4.0000000e+01   1.2161905e-17  -1.5315221e-16   2.5182488e-13   1.2000000e+02   5.6359184e-01
  1.7492832764344e-01   3.6203656e-14   4.4305463e-13   4.0000000e+01   1.2091483e-17   1.1221237e-16   2.1091104e-13   1.2000000e+02   5.6359184e-01
  1.7966411993159e-01   3.8337727e-14   4.5607979e-13   4.0000000e+01   1.3401549e-17   3.4856021e-16   1.6672089e-13   1.2000000e+02   5.6359184e-01
  1.8439991221973e-01   4.0527606e-14   4.6711471e-13   4.0000000e+01   1.5163502e-17   3.6447453e-16   1.2799125e-13   1.2000000e+02   5.6359184e-01
  1.8913570450788e-01   4.2766326e-14   4.7699864e-13   4.0000000e+01   1.6879312e-17   3.8188513e-16   1.0287292e-13   1.2000000e+02   5.6359184e-01
  1.9387149679603e-01   4.5041064e-14   4.8235832e-13   4.0000000e+01   1.8976072e-17   4.6351454e-16   9.2537918e-14   1.2000000e+02   5.6359184e-01
  1.9860728908418e-01   4.7325728e-14   4.8154780e-13   4.0000000e+01   2.0879831e-17   3.2462246e-16   1.0178081e-13   1.2000000e+02   5.6359184e-01
  2.0334308137232e-01   4.9592865e-14   4.7548732e-13   4.0000000e+01   2.1841125e-17   1.0983390e-16   1.2362285e-13   1.2000000e+02   5.6359184e-01
  2.0807887366047e-01   5.1819510e-14   4.6576213e-13   4.0000000e+01   2.1588644e-17  -2.0166449e-16   1.5361567e-13   1.2000000e+02   5.6359184e-01
  2.1281466594862e-01   5.3994967e-14   4.5387717e-13   4.0000000e+01   1.9867811e-17  -4.4962386e-16   1.8310241e-13   1.2000000e+02   5.6359184e-01
  2.1755045823676e-01   5.6105129e-14   4.3896516e-13   4.0000000e+01   1.7109302e-17  -6.3962822e-16   2.0326633e-13   1.2000000e+02   5.6359184e-01
  2.2228625052491e-01   5.8134585e-14   4.1971010e-13   4.0000000e+01   1.4159152e-17  -5.7200008e-16   2.1607854e-13   1.2000000e+02   5.6359184e-01
  2.2702204281306e-01   6.0058898e-14   3.9529001e-13   4.0000000e+01   1.2090156e-17  -3.1673118e-16   2.1826274e-13   1.2000000e+02   5.6359184e-01
  2.3175783510121e-01   6.1863106e-14   3.6959779e-13   4.0000000e+01   1.1333107e-17  -4.4077471e-17   2.1091104e-13   1.2000000e+02   5.6359184e-01
  2.3649362738935e-01   6.3553933e-14   3.4863211e-13   4.0000000e+01   1.1538104e-17   4.7563968e-17   1.9452951e-13   1.2000000e+02   5.6359184e-01
  2.4122941967750e-01   6.5169875e-14   3.3760724e-13   4.0000000e+01   1.1715551e-17   5.9333903e-18   1.6751998e-13   1.2000000e+02   5.6359184e-01
  2.4596521196565e-01   6.6765072e-14   3.3779494e-13   4.0000000e+01   1.1572217e-17  -5.3052257e-17   1.3752716e-13   1.2000000e+02   5.6359184e-01
  2.5070100425380e-01   6.8388206e-14   3.4773967e-13   4.0000000e+01   1.1070286e-17  -1.6610508e-16   1.0862643e-13   1.2000000e+02   5.6359184e-01
  2.5543679654194e-01   7.0073183e-14   3.6236460e-13   4.0000000e+01   1.0105183e-17  -2.0004388e-16   8.8968605e-14   1.2000000e+02   5.6359184e-01
  2.6017258883009e-01   7.1833225e-14   3.7880691e-13   4.0000000e+01   9.5455012e-18  -8.0177702e-17   8.0231792e-14   1.2000000e+02   5.6359184e-01
  2.6490838111824e-01   7.3667034e-14   3.9283285e-13   4.0000000e+01   9.2614118e-18  -2.4685982e-17   8.1616903e-14   1.2000000e+02   5.6359184e-01
  2.6964417340639e-01   7.5550413e-14   4.0076946e-13   4.0000000e+01   9.1494977e-18  -7.8610302e-17   8.3215088e-14   1.2000000e+02   5.6359184e-01
  2.7437996569453e-01   7.7453776e-14   4.0181536e-13   4.0000000e+01   7.9533192e-18  -3.2507721e-16   7.3972192e-14   1.2000000e+02   5.6359184e-01
  2.7911575798268e-01   7.9341639e-14   3.9522871e-13   4.0000000e+01   6.3176220e-18  -3.1262840e-16   4.5870560e-14   1.2000000e+02   5.6359184e-01
  2.8385155027083e-01   8.1180112e-14   3.8190383e-13   4.0000000e+01   5.3579331e-18  -4.4805820e-17   5.8831138e-16   1.2000000e+02   5.6359184e-01
  2.8858734255897e-01   8.2947668e-14   3.6620667e-13   4.0000000e+01   5.5295082e-18   1.0202031e-16  -6.0276368e-14   1.2000000e+02   5.6359184e-01
  2.9332313484712e-01   8.4640803e-14   3.5149867e-13   4.0000000e+01   6.9386269e-18   4.0335368e-16  -1.2819974e-13   1.2000000e+02   5.6359184e-01
  2.9805892713527e-01   8.6277589e-14   3.4210842e-13   4.0000000e+01   9.7525672e-18   7.1575681e-16  -1.9255380e-13   1.2000000e+02   5.6359184e-01
  3.0279471942342e-01   8.7891120e-14   3.4113599e-13   4.0000000e+01   1.3501946e-17   8.1162751e-16  -2.4249746e-13   1.2000000e+02   5.6359184e-01
  3.0753051171156e-01   8.9523855e-14   3.4896359e-13   4.0000000e+01   1.7269629e-17   7.7416906e-16  -2.7576659e-13   1.2000000e+02   5.6359184e-01
  3.1226630399971e-01   9.1217016e-14   3.6521924e-13   4.0000000e+01   2.0698009e-17   6.9133572e-16  -2.8341130e-13   1.2000000e+02   5.6359184e-01
  3.1700209628786e-01   9.3001265e-14   3.8602189e-13   4.0000000e+01   2.3774292e-17   5.9591055e-16  -2.6295438e-13   1.2000000e+02   5.6359184e-01
  3.2173788857600e-01   9.4889952e-14   4.0907341e-13   4.0000000e+01   2.5531812e-17   1.6826419e-16  -2.1628702e-13   1.2000000e+02   5.6359184e-01
  3.2647368086415e-01   9.6890791e-14   4.3279698e-13   4.0000000e+01   2.5215419e-17  -2.6848343e-16  -1.4945575e-13   1.2000000e+02   5.6359184e-01
  3.3120947315230e-01   9.9000210e-14   4.5479815e-13   4.0000000e+01   2.2739479e-17  -7.1484990e-16  -7.0611366e-14   1.2000000e+02   5.6359184e-01
  3.3594526544045e-01   1.0120573e-13   4.7354905e-13   4.0000000e+01   1.8558276e-17  -9.6504441e-16   1.0417225e-14   1.2000000e+02   5.6359184e-01
  3.4068105772859e-01   1.0349276e-13   4.8948515e-13   4.0000000e+01   1.3150271e-17  -1.2956446e-15   8.4307190e-14   1.2000000e+02   5.6359184e-01
  3.4541685001674e-01   1.0583819e-13   4.9935120e-13   4.0000000e+01   6.9946126e-18  -1.3023335e-15   1.4517187e-13   1.2000000e+02   5.6359184e-01
  3.5015264230489e-01   1.0821675e-13   5.0374055e-13   4.0000000e+01   1.3878951e-18  -1.0290005e-15   1.8608571e-13   1.2000000e+02   5.6359184e-01
  3.5488843459303e-01   1.1060124e-13   5.0320499e-13   4.0000000e+01  -2.5197668e-18  -6.7679135e-16   2.0515752e-13   1.2000000e+02   5.6359184e-01
  3.5962422688118e-01   1.1296917e-13   4.9604776e-13   4.0000000e+01  -4.4038913e-18  -9.4705362e-17   1.9919093e-13   1.2000000e+02   5.6359184e-01
  3.6436001916933e-01   1.1529031e-13   4.8535646e-13   4.0000000e+01  -3.1171946e-18   5.1553844e-16   1.6999720e-13   1.2000000e+02   5.6359184e-01
  3.6909581145748e-01   1.1755553e-13   4.7203545e-13   4.0000000e+01   6.9320113e-19   1.0554379e-15   1.2580705e-13   1.2000000e+02   5.6359184e-01
  3.7383160374562e-01   1.1974993e-13   4.5640160e-13   4.0000000e+01   6.6193499e-18   1.3099167e-15   7.2587081e-14   1.2000000e+02   5.6359184e-01
  3.7856739603377e-01   1.2186579e-13   4.3930011e-13   4.0000000e+01   1.3240540e-17   1.4341746e-15   1.7475919e-14   1.2000000e+02   5.6359184e-01
  3.8330318832192e-01   1.2389937e-13   4.2159422e-13   4.0000000e+01   1.9563531e-17   1.2636763e-15  -3.0789625e-14   1.2000000e+02   5.6359184e-01
  3.8803898061007e-01   1.2585102e-13   4.0466902e-13   4.0000000e+01   2.4467327e-17   8.4031638e-16  -6.3259664e-14   1.2000000e+02   5.6359184e-01
  3.9277477289821e-01   1.2772354e-13   3.8852045e-13   4.0000000e+01   2.7235516e-17   3.7601341e-16  -7.9641187e-14   1.2000000e+02   5.6359184e-01
  3.9751056518636e-01   1.2952875e-13   3.7625865e-13   4.0000000e+01   2.7562724e-17  -1.6098183e-16  -7.7163975e-14   1.2000000e+02   5.6359184e-01
  4.0224635747451e-01   1.3129284e-13   3.7078965e-13   4.0000000e+01   2.5807514e-17  -5.0750518e-16  -5.8598249e-14   1.2000000e+02   5.6359184e-01
  4.0698214976266e-01   1.3305352e-13   3.7407312e-13   4.0000000e+01   2.2781823e-17  -7.6449147e-16  -2.6421219e-14   1.2000000e+02   5.6359184e-01
  4.1171794205080e-01   1.3485474e-13   3.8657175e-13   4.0000000e+01   1.8653004e-17  -9.3273211e-16   1.4785632e-14   1.2000000e+02   5.6359184e-01
  4.1645373433895e-01   1.3673873e-13   4.0752755e-13   4.0000000e+01   1.4194742e-17  -9.0507178e-16   5.7590668e-14   1.2000000e+02   5.6359184e-01
  4.2118952662710e-01   1.3873430e-13   4.3252910e-13   4.0000000e+01   1.0234084e-17  -7.7625184e-16   9.9889620e-14   1.2000000e+02   5.6359184e-01
  4.2592531891524e-01   1.4085206e-13   4.5850146e-13   4.0000000e+01   7.1058592e-18  -5.7825929e-16   1.3425085e-13   1.2000000e+02   5.6359184e-01
  4.3066111120339e-01   1.4309004e-13   4.8305656e-13   4.0000000e+01   4.6411434e-18  -5.1008104e-16   1.5033937e-13   1.2000000e+02   5.6359184e-01
  4.3539690349154e-01   1.4542610e-13   5.0024990e-13   4.0000000e+01   3.0286302e-18  -1.7632910e-16   1.5063238e-13   1.2000000e+02   5.6359184e-01
  4.4013269577969e-01   1.4782705e-13   5.1144262e-13   4.0000000e+01   2.9422905e-18   9.5012388e-17   1.3315875e-13   1.2000000e+02   5.6359184e-01
  4.4486848806783e-01   1.5026366e-13   5.1618830e-13   4.0000000e+01   3.9769275e-18   3.0471019e-16   1.0178081e-13   1.2000000e+02   5.6359184e-01
  4.4960428035598e-01   1.5271162e-13   5.1639685e-13   4.0000000e+01   6.2441053e-18   6.5342313e-16   6.3051176e-14   1.2000000e+02   5.6359184e-01
  4.5434007264413e-01   1.5515190e-13   5.1392858e-13   4.0000000e+01   9.7765557e-18   8.0320516e-16   2.4321537e-14   1.2000000e+02   5.6359184e-01
  4.5907586493227e-01   1.5757515e-13   5.0964216e-13   4.0000000e+01   1.3816121e-17   9.0597434e-16  -9.5336114e-15   1.2000000e+02   5.6359184e-01
  4.6381165722042e-01   1.5997476e-13   5.0463334e-13   4.0000000e+01   1.8131461e-17   8.3258944e-16  -3.1082634e-14   1.2000000e+02   5.6359184e-01
  4.6854744950857e-01   1.6234883e-13   4.9819522e-13   4.0000000e+01   2.1152046e-17   5.0802487e-16  -4.3601835e-14   1.2000000e+02   5.6359184e-01
  4.7328324179672e-01   1.6468822e-13   4.9048459e-13   4.0000000e+01   2.2811982e-17   1.7885368e-16  -4.3601835e-14   1.2000000e+02   5.6359184e-01
  4.7801903408486e-01   1.6698648e-13   4.8083495e-13   4.0000000e+01   2.2982738e-17  -1.0709132e-16  -3.4358939e-14   1.2000000e+02   5.6359184e-01
  4.8275482637301e-01   1.6923222e-13   4.6849825e-13   4.0000000e+01   2.1911234e-17  -3.4196879e-16  -1.6885314e-14   1.2000000e+02   5.6359184e-01
  4.8749061866116e-01   1.7141462e-13   4.5486138e-13   4.0000000e+01   1.9740223e-17  -5.5276217e-16   6.8479121e-15   1.2000000e+02   5.6359184e-01
  4.9222641094931e-01   1.7353056e-13   4.4035531e-13   4.0000000e+01   1.7005889e-17  -5.2722418e-16   3.2765341e-14   1.2000000e+02   5.6359184e-01
  4.9696220323745e-01   1.7557669e-13   4.2565285e-13   4.0000000e+01   1.4811721e-17  -4.3696790e-16   6.4143278e-14   1.2000000e+02   5.6359184e-01
  5.0169799552560e-01   1.7755492e-13   4.1165397e-13   4.0000000e+01   1.3052701e-17  -3.0006153e-16   9.1951901e-14   1.2000000e+02   5.6359184e-01
  5.0643378781375e-01   1.7946773e-13   3.9803226e-13   4.0000000e+01   1.2168126e-17  -1.1613319e-16   1.1379393e-13   1.2000000e+02   5.6359184e-01
  5.1116958010190e-01   1.8131832e-13   3.8541776e-13   4.0000000e+01   1.1929914e-17  -2.3702371e-17   1.3068154e-13   1.2000000e+02   5.6359184e-01
  5.1590537239004e-01   1.8311005e-13   3.7329701e-13   4.0000000e+01   1.2203877e-17   1.1116903e-16   1.3563596e-13   1.2000000e+02   5.6359184e-01
  5.2064116467819e-01   1.8485725e-13   3.6593572e-13   4.0000000e+01   1.2667431e-17   1.2596436e-16   1.3177364e-13   1.2000000e+02   5.6359184e-01
  5.2537695696634e-01   1.8658078e-13   3.6283424e-13   4.0000000e+01   1.3329091e-17   1.5062559e-16   1.1786933e-13   1.2000000e+02   5.6359184e-01
  5.3011274925449e-01   1.8830138e-13   3.6501402e-13   4.0000000e+01   1.3962204e-17   1.0673373e-16   9.3337011e-14   1.2000000e+02   5.6359184e-01
  5.3484854154264e-01   1.9005078e-13   3.7402217e-13   4.0000000e+01   1.4354703e-17   5.1346378e-17   5.7297659e-14   1.2000000e+02   5.6359184e-01
  5.3958433383078e-01   1.9186269e-13   3.9003313e-13   4.0000000e+01   1.4733767e-17   1.0295010e-16   1.3693530e-14   1.2000000e+02   5.6359184e-01
  5.4432012611893e-01   1.9375718e-13   4.0836787e-13   4.0000000e+01   1.5694721e-17   2.7013241e-16  -3.7635243e-14   1.2000000e+02   5.6359184e-01
  5.4905591840708e-01   1.9574626e-13   4.2930800e-13   4.0000000e+01   1.6950862e-17   2.2858930e-16  -9.5436693e-14   1.2000000e+02   5.6359184e-01
  5.5379171069523e-01   1.9783538e-13   4.4975769e-13   4.0000000e+01   1.7948322e-17   2.1333425e-16  -1.5113387e-13   1.2000000e+02   5.6359184e-01
  5.5852750298338e-01   2.0001196e-13   4.6678359e-13   4.0000000e+01   1.8954894e-17   2.1758776e-16  -2.0129061e-13   1.2000000e+02   5.6359184e-01
  5.6326329527153e-01   2.0226307e-13   4.8139600e-13   4.0000000e+01   1.9982866e-17   2.4944749e-16  -2.3951417e-13   1.2000000e+02   5.6359184e-01
  5.6799908755967e-01   2.0457482e-13   4.9301552e-13   4.0000000e+01   2.1300058e-17   2.7524812e-16  -2.5967808e-13   1.2000000e+02   5.6359184e-01
  5.7273487984782e-01   2.0693403e-13   5.0116051e-13   4.0000000e+01   2.2272886e-17   1.6671381e-16  -2.5749388e-13   1.2000000e+02   5.6359184e-01
  5.7747067213597e-01   2.0931625e-13   5.0374216e-13   4.0000000e+01   2.2958291e-17   1.2153282e-16  -2.3376065e-13   1.2000000e+02   5.6359184e-01
  5.8220646442412e-01   2.1169384e-13   5.0016864e-13   4.0000000e+01   2.3353226e-17   1.1904213e-17  -1.9066260e-13   1.2000000e+02   5.6359184e-01
  5.8694225671227e-01   2.1404629e-13   4.9336615e-13   4.0000000e+01   2.2523449e-17  -3.0658162e-16  -1.3336724e-13   1.2000000e+02   5.6359184e-01
  5.9167804900041e-01   2.1635565e-13   4.8300196e-13   4.0000000e+01   2.0667005e-17  -4.1113618e-16  -6.8720171e-14   1.2000000e+02   5.6359184e-01
  5.9641384128856e-01   2.1860967e-13   4.7094127e-13   4.0000000e+01   1.8991199e-17  -3.4974192e-16  -7.0563996e-15   1.2000000e+02   5.6359184e-01
  6.0114963357671e-01   2.2081473e-13   4.6172822e-13   4.0000000e+01   1.7308095e-17  -3.4076141e-16   4.7468745e-14   1.2000000e+02   5.6359184e-01
  6.0588542586486e-01   2.2298277e-13   4.5530730e-13   4.0000000e+01   1.5931826e-17  -2.3427686e-16   8.5692300e-14   1.2000000e+02   5.6359184e-01
  6.1062121815301e-01   2.2513041e-13   4.5272430e-13   4.0000000e+01   1.5053519e-17  -1.6564945e-16   1.0644223e-13   1.2000000e+02   5.6359184e-01
  6.1535701044115e-01   2.2728080e-13   4.5536652e-13   4.0000000e+01   1.4170080e-17  -1.6038355e-16   1.0804042e-13   1.2000000e+02   5.6359184e-01
  6.2009280272930e-01   2.2944938e-13   4.6036874e-13   4.0000000e+01   1.3769150e-17   1.8259912e-17   9.4429113e-14   1.2000000e+02   5.6359184e-01
  6.2482859501745e-01   2.3164976e-13   4.6820419e-13   4.0000000e+01   1.3918742e-17   2.2623703e-17   6.8218675e-14   1.2000000e+02   5.6359184e-01
  6.2956438730560e-01   2.3389273e-13   4.7807079e-13   4.0000000e+01   1.4158964e-17   8.2539850e-17   3.9317950e-14   1.2000000e+02   5.6359184e-01
  6.3430017959375e-01   2.3618227e-13   4.8799909e-13   4.0000000e+01   1.4509320e-17   5.4864183e-17   9.8312081e-15   1.2000000e+02   5.6359184e-01
  6.3903597188190e-01   2.3852220e-13   4.9876177e-13   4.0000000e+01   1.4556904e-17  -3.6581245e-17  -1.5793212e-14   1.2000000e+02   5.6359184e-01
  6.4377176417004e-01   2.4091027e-13   5.0845915e-13   4.0000000e+01   1.4404443e-17  -3.1832324e-17  -3.2174736e-14   1.2000000e+02   5.6359184e-01
  6.4850755645819e-01   2.4333966e-13   5.1581880e-13   4.0000000e+01   1.4847455e-17   2.1187272e-16  -3.6250133e-14   1.2000000e+02   5.6359184e-01
  6.5324334874634e-01   2.4579530e-13   5.2036660e-13   4.0000000e+01   1.6260267e-17   3.3453901e-16  -2.6421219e-14   1.2000000e+02   5.6359184e-01
  6.5797914103449e-01   2.4826077e-13   5.1981808e-13   4.0000000e+01   1.7899411e-17   3.3951089e-16  -7.8554924e-15   1.2000000e+02   5.6359184e-01
  6.6271493332264e-01   2.5071193e-13   5.1464602e-13   4.0000000e+01   1.9237790e-17   2.8126656e-16   1.9953131e-14   1.2000000e+02   5.6359184e-01
  6.6745072561079e-01   2.5311951e-13   5.0305944e-13   4.0000000e+01   2.0357055e-17   1.8677907e-16   4.8853856e-14   1.2000000e+02   5.6359184e-01
  6.7218651789893e-01   2.5546213e-13   4.8762195e-13   4.0000000e+01   2.0506248e-17  -5.4040273e-17   8.0524801e-14   1.2000000e+02   5.6359184e-01
  6.7692231018708e-01   2.5772508e-13   4.7001425e-13   4.0000000e+01   2.0037182e-17  -1.5082343e-16   1.0753433e-13   1.2000000e+02   5.6359184e-01
  6.8165810247523e-01   2.5990234e-13   4.5213938e-13   4.0000000e+01   1.9399748e-17  -1.1129266e-16   1.3315875e-13   1.2000000e+02   5.6359184e-01
  6.8639389476338e-01   2.6199903e-13   4.3586726e-13   4.0000000e+01   1.8742594e-17  -1.4176338e-16   1.5500078e-13   1.2000000e+02   5.6359184e-01
  6.9112968705153e-01   2.6402924e-13   4.2415082e-13   4.0000000e+01   1.7874527e-17  -2.1837194e-16   1.7188839e-13   1.2000000e+02   5.6359184e-01
  6.9586547933967e-01   2.6601716e-13   4.1715867e-13   4.0000000e+01   1.6838059e-17  -2.2881425e-16   1.8390151e-13   1.2000000e+02   5.6359184e-01
  7.0060127162782e-01   2.6798917e-13   4.1653277e-13   4.0000000e+01   1.5999753e-17  -1.4390472e-16   1.9263832e-13   1.2000000e+02   5.6359184e-01
  7.0533706391597e-01   2.6997559e-13   4.2288999e-13   4.0000000e+01   1.5600659e-17  -3.2075624e-17   1.9482252e-13   1.2000000e+02   5.6359184e-01
  7.1007285620412e-01   2.7200975e-13   4.3577305e-13   4.0000000e+01   1.5817505e-17   9.4468706e-17   1.9125321e-13   1.2000000e+02   5.6359184e-01
  7.1480864849227e-01   2.7412140e-13   4.5427717e-13   4.0000000e+01   1.6313909e-17   1.2872931e-16   1.8201031e-13   1.2000000e+02   5.6359184e-01
  7.1954444078041e-01   2.7632899e-13   4.7567932e-13   4.0000000e+01   1.7019413e-17   2.0272766e-16   1.6562879e-13   1.2000000e+02   5.6359184e-01
  7.2428023306856e-01   2.7864227e-13   4.9819952e-13   4.0000000e+01   1.7949841e-17   1.7522912e-16   1.4487886e-13   1.2000000e+02   5.6359184e-01
  7.2901602535671e-01   2.8105254e-13   5.1649101e-13   4.0000000e+01   1.9053304e-17   2.4129890e-16   1.1925444e-13   1.2000000e+02   5.6359184e-01
  7.3375181764486e-01   2.8353598e-13   5.2990743e-13   4.0000000e+01   1.9719445e-17   6.7098944e-17   9.4429113e-14   1.2000000e+02   5.6359184e-01
  7.3848760993301e-01   2.8606449e-13   5.3546639e-13   4.0000000e+01   1.9570082e-17  -1.2383372e-16   7.3679183e-14   1.2000000e+02   5.6359184e-01
  7.4322340222116e-01   2.8859405e-13   5.3199137e-13   4.0000000e+01   1.8516978e-17  -2.9540884e-16   5.9774871e-14   1.2000000e+02   5.6359184e-01
  7.4795919450930e-01   2.9108745e-13   5.2107559e-13   4.0000000e+01   1.7103534e-17  -2.9738291e-16   5.4314363e-14   1.2000000e+02   5.6359184e-01
  7.5269498679745e-01   2.9351213e-13   5.0445601e-13   4.0000000e+01   1.5535382e-17  -3.2273336e-16   5.5406465e-14   1.2000000e+02   5.6359184e-01
  7.5743077908560e-01   2.9584978e-13   4.8501395e-13   4.0000000e+01   1.4003551e-17  -3.2915826e-16   6.0866973e-14   1.2000000e+02   5.6359184e-01
  7.6216657137375e-01   2.9809906e-13   4.6732110e-13   4.0000000e+01   1.2188500e-17  -3.7120271e-16   6.9310777e-14   1.2000000e+02   5.6359184e-01
  7.6690236366190e-01   3.0026552e-13   4.5004349e-13   4.0000000e+01   1.1127714e-17  -7.7910889e-17   7.6955488e-14   1.2000000e+02   5.6359184e-01
  7.7163815595004e-01   3.0235939e-13   4.3679088e-13   4.0000000e+01   1.1325474e-17   1.1210734e-16   8.2415995e-14   1.2000000e+02   5.6359184e-01
  7.7637394823819e-01   3.0440379e-13   4.2850308e-13   4.0000000e+01   1.2675543e-17   4.3277746e-16   8.3508097e-14   1.2000000e+02   5.6359184e-01
  7.8110974052634e-01   3.0642518e-13   4.2650653e-13   4.0000000e+01   1.5235634e-17   6.0987895e-16   7.9139691e-14   1.2000000e+02   5.6359184e-01
  7.8584553281449e-01   3.0845289e-13   4.3018680e-13   4.0000000e+01   1.8408981e-17   6.8935922e-16   7.2880090e-14   1.2000000e+02   5.6359184e-01
  7.9058132510264e-01   3.1050725e-13   4.3688450e-13   4.0000000e+01   2.1347941e-17   5.6563326e-16   6.4143278e-14   1.2000000e+02   5.6359184e-01
  7.9531711739078e-01   3.1259848e-13   4.4558453e-13   4.0000000e+01   2.3692697e-17   4.2650734e-16   5.6791575e-14   1.2000000e+02   5.6359184e-01
  8.0005290967893e-01   3.1473816e-13   4.5632497e-13   4.0000000e+01   2.4568946e-17   3.9248135e-17   5.5699474e-14   1.2000000e+02   5.6359184e-01
  8.0478870196708e-01   3.1692721e-13   4.6710548e-13   4.0000000e+01   2.3847604e-17  -3.0636009e-16   6.0573964e-14   1.2000000e+02   5.6359184e-01
  8.0952449425523e-01   3.1916603e-13   4.7624492e-13   4.0000000e+01   2.1536790e-17  -5.8686197e-16   7.1494980e-14   1.2000000e+02   5.6359184e-01
  8.1426028654338e-01   3.2144045e-13   4.8295618e-13   4.0000000e+01   1.7994498e-17  -8.5179081e-16   8.7077410e-14   1.2000000e+02   5.6359184e-01
  8.1899607883153e-01   3.2373965e-13   4.8744464e-13   4.0000000e+01   1.3719980e-17  -9.3453234e-16   1.0505712e-13   1.2000000e+02   5.6359184e-01
  8.2373187111967e-01   3.2605623e-13   4.9045263e-13   4.0000000e+01   9.5763094e-18  -8.2952359e-16   1.2143864e-13   1.2000000e+02   5.6359184e-01
  8.2846766340782e-01   3.2838221e-13   4.9148566e-13   4.0000000e+01   6.5682487e-18  -5.4579732e-16   1.3068154e-13   1.2000000e+02   5.6359184e-01
  8.3320345569597e-01   3.3070936e-13   4.9065046e-13   4.0000000e+01   4.6383896e-18  -2.2226358e-16   1.2849734e-13   1.2000000e+02   5.6359184e-01
  8.3793924798412e-01   3.3302753e-13   4.8842541e-13   4.0000000e+01   4.5959965e-18   1.9189517e-16   1.1597814e-13   1.2000000e+02   5.6359184e-01
  8.4267504027227e-01   3.3533455e-13   4.8583023e-13   4.0000000e+01   6.6054409e-18   5.7282587e-16   9.2537918e-14   1.2000000e+02   5.6359184e-01
  8.4741083256041e-01   3.3762247e-13   4.8098778e-13   4.0000000e+01   1.0226773e-17   8.9737620e-16   6.2252083e-14   1.2000000e+02   5.6359184e-01
  8.5214662484856e-01   3.3988152e-13   4.7340230e-13   4.0000000e+01   1.5094895e-17   1.0802606e-15   2.7304833e-14   1.2000000e+02   5.6359184e-01
  8.5688241713671e-01   3.4209823e-13   4.6418853e-13   4.0000000e+01   2.0078222e-17   9.5563322e-16  -4.8721964e-15   1.2000000e+02   5.6359184e-01
  8.6161820942486e-01   3.4427028e-13   4.5361989e-13   4.0000000e+01   2.4242688e-17   8.5156555e-16  -3.0789625e-14   1.2000000e+02   5.6359184e-01
  8.6635400171301e-01   3.4638676e-13   4.4110595e-13   4.0000000e+01   2.7389817e-17   5.2191327e-16  -4.1710641e-14   1.2000000e+02   5.6359184e-01
  8.7108979400116e-01   3.4843654e-13   4.2621546e-13   4.0000000e+01   2.8918851e-17   1.8763909e-16  -3.6250133e-14   1.2000000e+02   5.6359184e-01
  8.7582558628930e-01   3.5041739e-13   4.1252113e-13   4.0000000e+01   2.9012350e-17  -1.2800090e-16  -1.0332704e-14   1.2000000e+02   5.6359184e-01
  8.8056137857745e-01   3.5234716e-13   4.0389185e-13   4.0000000e+01   2.7428473e-17  -4.6418087e-16   3.0874146e-14   1.2000000e+02   5.6359184e-01
  8.8529717086560e-01   3.5424775e-13   3.9974432e-13   4.0000000e+01   2.4619012e-17  -6.8835649e-16   8.6491393e-14   1.2000000e+02   5.6359184e-01
  8.9003296315375e-01   3.5613930e-13   3.9916370e-13   4.0000000e+01   2.0656737e-17  -9.3365704e-16   1.4706306e-13   1.2000000e+02   5.6359184e-01
  8.9476875544190e-01   3.5802543e-13   3.9745328e-13   4.0000000e+01   1.6498759e-17  -7.7128208e-16   2.0574354e-13   1.2000000e+02   5.6359184e-01
  8.9950454773004e-01   3.5990194e-13   3.9528688e-13   4.0000000e+01   1.3673908e-17  -4.6256172e-16   2.6026868e-13   1.2000000e+02   5.6359184e-01
  9.0424034001819e-01   3.6177519e-13   3.9685585e-13   4.0000000e+01   1.2704606e-17   1.9826133e-17   3.0365974e-13   1.2000000e+02   5.6359184e-01
  9.0897613230634e-01   3.6367916e-13   4.0738254e-13   4.0000000e+01   1.3494253e-17   2.2338053e-16   3.3037626e-13   1.2000000e+02   5.6359184e-01
  9.1371192459449e-01   3.6565284e-13   4.2429005e-13   4.0000000e+01   1.4570281e-17   2.6539613e-16   3.4020517e-13   1.2000000e+02   5.6359184e-01
  9.1844771688264e-01   3.6770073e-13   4.3769720e-13   4.0000000e+01   1.6263059e-17   4.3257942e-16   3.3176137e-13   1.2000000e+02   5.6359184e-01
  9.2318350917078e-01   3.6979438e-13   4.4452709e-13   4.0000000e+01   1.8675934e-17   5.4563330e-16   3.0882724e-13   1.2000000e+02   5.6359184e-01
  9.2791930145893e-01   3.7190447e-13   4.4613830e-13   4.0000000e+01   2.1797441e-17   7.2278747e-16   2.8131162e-13   1.2000000e+02   5.6359184e-01
  9.3265509374708e-01   3.7403355e-13   4.5397840e-13   4.0000000e+01   2.4937665e-17   5.4829768e-16   2.5510118e-13   1.2000000e+02   5.6359184e-01
  9.3739088603523e-01   3.7623509e-13   4.7540301e-13   4.0000000e+01   2.6155986e-17   1.2341259e-17   2.3136796e-13   1.2000000e+02   5.6359184e-01
  9.4212667832338e-01   3.7856177e-13   5.0313153e-13   4.0000000e+01   2.4918765e-17  -4.0846380e-16   2.1826274e-13   1.2000000e+02   5.6359184e-01
  9.4686247061152e-01   3.8099290e-13   5.1758731e-13   4.0000000e+01   2.2477613e-17  -5.2948589e-16   2.1280223e-13   1.2000000e+02   5.6359184e-01
  9.5159826289967e-01   3.8341850e-13   5.0382565e-13   4.0000000e+01   2.0285144e-17  -4.1728124e-16   2.1389433e-13   1.2000000e+02   5.6359184e-01
  9.5633405518782e-01   3.8571837e-13   4.7030900e-13   4.0000000e+01   1.8641859e-17  -2.8932824e-16   2.1826274e-13   1.2000000e+02   5.6359184e-01
  9.6106984747597e-01   3.8786623e-13   4.4357632e-13   4.0000000e+01   1.7179386e-17  -3.5455181e-16   2.2292416e-13   1.2000000e+02   5.6359184e-01
  9.6580563976412e-01   3.8996347e-13   4.4832508e-13   4.0000000e+01   1.4972517e-17  -5.7266212e-16   2.3325915e-13   1.2000000e+02   5.6359184e-01
  9.7054143205226e-01   3.9217422e-13   4.8344258e-13   4.0000000e+01   1.1799552e-17  -7.4938222e-16   2.4338108e-13   1.2000000e+02   5.6359184e-01
  9.7527722434041e-01   3.9455692e-13   5.1467228e-13   4.0000000e+01   8.8255681e-18  -4.4305942e-16   2.4665738e-13   1.2000000e+02   5.6359184e-01
  9.8001301662856e-01   3.9698379e-13   5.0247069e-13   4.0000000e+01   8.3625568e-18   1.5240154e-16   2.3246006e-13   1.2000000e+02   5.6359184e-01
  9.8474880891671e-01   3.9920540e-13   4.3658323e-13   4.0000000e+01   1.1027941e-17   8.7044852e-16   1.9780582e-13   1.2000000e+02   5.6359184e-01
  9.8948460120486e-01   4.0104548e-13   3.5306252e-13   4.0000000e+01   1.6243200e-17   1.1813855e-15   1.5361567e-13   1.2000000e+02   5.6359184e-01
  9.9422039349301e-01   4.0258875e-13   3.1596042e-13   4.0000000e+01   2.1028896e-17   7.7641298e-16   1.1051763e-13   1.2000000e+02   5.6359184e-01
  9.9895618578115e-01   4.0417897e-13   3.6341897e-13   4.0000000e+01   2.2683544e-17  -3.1881342e-19   8.5692300e-14   1.2000000e+02   5.6359184e-01
  1.0035518442161e+00   4.0615850e-13   4.7075184e-13   4.0000000e+01   2.1108081e-17  -5.9283344e-16   7.8047589e-14   1.2000000e+02   5.6359184e-01
  1.0082876365043e+00   4.0858520e-13   5.4107638e-13   4.0000000e+01   1.8266189e-17  -4.6861577e-16   7.5863386e-14   1.2000000e+02   5.6359184e-01
  1.0130234287924e+00   4.1109887e-13   4.9875150e-13   4.0000000e+01   1.7866449e-17   3.7377203e-16   6.1959074e-14   1.2000000e+02   5.6359184e-01
  1.0177592210806e+00   4.1312380e-13   3.4317232e-13   4.0000000e+01   2.1562710e-17   1.0831816e-15   3.5748637e-14   1.2000000e+02   5.6359184e-01
  1.0224950133687e+00   4.1431990e-13   1.7031685e-13   4.0000000e+01   2.6616809e-17   9.0317040e-16   1.2601429e-14   1.2000000e+02   5.6359184e-01
  1.0272308056568e+00   4.1493046e-13   1.1649974e-13   4.0000000e+01   2.8186070e-17  -4.0574717e-16   2.3229436e-14   1.2000000e+02   5.6359184e-01
  1.0319665979450e+00   4.1573585e-13   2.5427426e-13   4.0000000e+01   2.2019513e-17  -2.1586429e-15   7.4771285e-14   1.2000000e+02   5.6359184e-01
  1.0367023902332e+00   4.1754867e-13   5.1992596e-13   4.0000000e+01   9.0634364e-18  -3.0857285e-15   1.5172448e-13   1.2000000e+02   5.6359184e-01
  1.0414381825213e+00   4.2058342e-13   7.3694920e-13   4.0000000e+01  -4.3682220e-18  -2.2726490e-15   2.1746365e-13   1.2000000e+02   5.6359184e-01
  1.0461739748094e+00   4.2416516e-13   7.2960453e-13   4.0000000e+01  -9.8148112e-18   1.7688269e-16   2.3981176e-13   1.2000000e+02   5.6359184e-01
  1.0509097670976e+00   4.2706069e-13   4.5633715e-13   4.0000000e+01  -2.5896235e-18   2.7290212e-15   2.1527944e-13   1.2000000e+02   5.6359184e-01
  1.0556455593857e+00   4.2829822e-13   6.7744729e-14   4.0000000e+01   1.3045062e-17   3.5266252e-15   1.7545770e-13   1.2000000e+02   5.6359184e-01
  1.0603813516739e+00   4.2795227e-13  -1.6495840e-13   4.0000000e+01   2.7266925e-17   2.1107610e-15   1.6204486e-13   1.2000000e+02   5.6359184e-01
  1.0651171439620e+00   4.2737155e-13  -3.7209319e-15   4.0000000e+01   3.0824860e-17  -6.8063022e-16   1.9482252e-13   1.2000000e+02   5.6359184e-01
  1.0698529362502e+00   4.2866450e-13   6.2009038e-13   4.0000000e+01   2.1848808e-17  -2.8606485e-15   2.5510118e-13   1.2000000e+02   5.6359184e-01
  1.0745887285383e+00   4.3377364e-13   1.5729849e-12   4.0000000e+01   7.3491244e-18  -2.8304963e-15   2.9383082e-13   1.2000000e+02   5.6359184e-01
  1.0793245208265e+00   4.4370025e-13   2.6136881e-12   4.0000000e+01  -1.2763762e-18  -5.5337370e-16   2.7555811e-13   1.2000000e+02   5.6359184e-01
  1.0840603131146e+00   4.5833397e-13   3.5356866e-12   4.0000000e+01   2.5149109e-18   2.1180938e-15   1.9969701e-13   1.2000000e+02   5.6359184e-01
  1.0887961054028e+00   4.7685985e-13   4.2553938e-12   4.0000000e+01   1.6337969e-17   3.3157872e-15   1.0207382e-13   1.2000000e+02   5.6359184e-01
  1.0935318976909e+00   4.9836834e-13   4.8056620e-12   4.0000000e+01   3.0022327e-17   2.0545506e-15   4.1209145e-14   1.2000000e+02   5.6359184e-01
  1.0982676899791e+00   5.2220005e-13   5.2423000e-12   4.0000000e+01   3.3356736e-17  -7.3142410e-16   4.0117043e-14   1.2000000e+02   5.6359184e-01
  1.1030034822672e+00   5.4783887e-13   5.5610972e-12   4.0000000e+01   2.3863683e-17  -2.9736158e-15   7.9139691e-14   1.2000000e+02   5.6359184e-01
  1.1077392745554e+00   5.7456473e-13   5.6866252e-12   4.0000000e+01   8.5780923e-18  -3.0839285e-15   1.1459302e-13   1.2000000e+02   5.6359184e-01
  1.1124750668435e+00   6.0127475e-13   5.5490227e-12   4.0000000e+01  -1.3328404e-18  -7.8287224e-16   1.0287292e-13   1.2000000e+02   5.6359184e-01
  1.1172108591317e+00   6.2676327e-13   5.1908371e-12   4.0000000e+01   2.1113660e-18   2.1516958e-15   5.4314363e-14   1.2000000e+02   5.6359184e-01
  1.1219466514198e+00   6.5040460e-13   4.8135571e-12   4.0000000e+01   1.6568928e-17   3.5960825e-15   9.0321152e-15   1.2000000e+02   5.6359184e-01
  1.1266824437080e+00   6.7281880e-13   4.7264776e-12   4.0000000e+01   3.1853329e-17   2.4344881e-15   1.6383817e-14   1.2000000e+02   5.6359184e-01
  1.1314182359961e+00   6.9609781e-13   5.2162619e-12   4.0000000e+01   3.6791299e-17  -4.9503640e-16   9.1152808e-14   1.2000000e+02   5.6359184e-01
  1.1361540282843e+00   7.2336374e-13   6.4140357e-12   4.0000000e+01   2.7659045e-17  -3.1740769e-15   1.8936202e-13   1.2000000e+02   5.6359184e-01
  1.1408898205724e+00   7.5783939e-13   8.2277978e-12   4.0000000e+01   1.0111174e-17  -3.7426152e-15   2.4447318e-13   1.2000000e+02   5.6359184e-01
  1.1456256128606e+00   8.0183596e-13   1.0379626e-11   4.0000000e+01  -4.1350987e-18  -1.9314192e-15   2.0326633e-13   1.2000000e+02   5.6359184e-01
  1.1503614051487e+00   8.5613215e-13   1.2522313e-11   4.0000000e+01  -6.1128423e-18   1.0996092e-15   6.2758167e-14   1.2000000e+02   5.6359184e-01
  1.1550971974369e+00   9.1997083e-13   1.4373871e-11   4.0000000e+01   4.6063140e-18   3.1112924e-15  -1.1698572e-13   1.2000000e+02   5.6359184e-01
  1.1598329897250e+00   9.9159023e-13   1.5799863e-11   4.0000000e+01   1.9865182e-17   3.0347810e-15  -2.4795797e-13   1.2000000e+02   5.6359184e-01
  1.1645687820132e+00   1.0689767e-12   1.6824357e-11   4.0000000e+01   3.0686666e-17   1.3367020e-15  -2.6623069e-13   1.2000000e+02   5.6359184e-01
  1.1693045743013e+00   1.1505006e-12   1.7570548e-11   4.0000000e+01   3.1925903e-17  -6.9641273e-16  -1.7100478e-13   1.2000000e+02   5.6359184e-01
  1.1740403665894e+00   1.2351643e-12   1.8167914e-11   4.0000000e+01   2.5779673e-17  -1.7266270e-15  -1.9069517e-14   1.2000000e+02   5.6359184e-01
  1.1787761588776e+00   1.3224514e-12   1.8681277e-11   4.0000000e+01   1.7400875e-17  -1.6468927e-15   9.3337011e-14   1.2000000e+02   5.6359184e-01
  1.1835119511657e+00   1.4119281e-12   1.9081151e-11   4.0000000e+01   1.0515123e-17  -1.2605520e-15   9.7705417e-14   1.2000000e+02   5.6359184e-01
  1.1882477434539e+00   1.5028571e-12   1.9278494e-11   4.0000000e+01   5.6126053e-18  -8.5159351e-16  -1.9868610e-14   1.2000000e+02   5.6359184e-01
  1.1929835357420e+00   1.5940735e-12   1.9193948e-11   4.0000000e+01   1.9108836e-18  -7.3626102e-16  -2.0238271e-13   1.2000000e+02   5.6359184e-01
  1.1977193280302e+00   1.6841838e-12   1.8817565e-11   4.0000000e+01  -3.5011222e-19  -8.3085325e-17  -3.5213377e-13   1.2000000e+02   5.6359184e-01
  1.2024551203183e+00   1.7719761e-12   1.8236494e-11   4.0000000e+01   2.2149759e-18   1.3113700e-15  -3.8271261e-13   1.2000000e+02   5.6359184e-01
  1.2071909126065e+00   1.8568350e-12   1.7607391e-11   4.0000000e+01   1.2290199e-17   2.8577546e-15  -2.7249029e-13   1.2000000e+02   5.6359184e-01
  1.2119267048946e+00   1.9389422e-12   1.7098449e-11   4.0000000e+01   2.7733262e-17   3.4243553e-15  -6.8720171e-14   1.2000000e+02   5.6359184e-01
  1.2166624971828e+00   2.0191559e-12   1.6819355e-11   4.0000000e+01   4.1142634e-17   1.8830466e-15   1.2063955e-13   1.2000000e+02   5.6359184e-01
  1.2213982894709e+00   2.0986474e-12   1.6788290e-11   4.0000000e+01   4.2616653e-17  -1.4979739e-15   1.9263832e-13   1.2000000e+02   5.6359184e-01
  1.2261340817591e+00   2.1784515e-12   1.6934143e-11   4.0000000e+01   2.7047891e-17  -4.8376332e-15   9.6613316e-14   1.2000000e+02   5.6359184e-01
  1.2308698740472e+00   2.2591360e-12   1.7140449e-11   4.0000000e+01   1.0344014e-18  -5.5897820e-15  -1.3853474e-13   1.2000000e+02   5.6359184e-01
  1.2356056663354e+00   2.3407282e-12   1.7303633e-11   4.0000000e+01  -1.9824881e-17  -2.6434132e-15  -4.1001515e-13   1.2000000e+02   5.6359184e-01
  1.2403414586235e+00   2.4228786e-12   1.7375138e-11   4.0000000e+01  -1.9935263e-17   2.7481956e-15  -5.9442045e-13   1.2000000e+02   5.6359184e-01
  1.2450772509117e+00   2.5051894e-12   1.7380081e-11   4.0000000e+01   5.4234404e-18   7.5832359e-15  -5.9005204e-13   1.2000000e+02   5.6359184e-01
  1.2498130431998e+00   2.5875097e-12   1.7394205e-11   4.0000000e+01   4.5459194e-17   8.5551750e-15  -3.6990040e-13   1.2000000e+02   5.6359184e-01
  1.2545488354880e+00   2.6700919e-12   1.7502423e-11   4.0000000e+01   7.7925434e-17   4.3943469e-15   2.5413639e-14   1.2000000e+02   5.6359184e-01
  1.2592846277761e+00   2.7535201e-12   1.7756067e-11   4.0000000e+01   8.1839221e-17  -2.9358479e-15   4.9600276e-13   1.2000000e+02   5.6359184e-01
  1.2640204200643e+00   2.8385079e-12   1.8158265e-11   4.0000000e+01   5.1431244e-17  -9.4587757e-15   9.2836832e-13   1.2000000e+02   5.6359184e-01
  1.2687562123524e+00   2.9256900e-12   1.8675471e-11   4.0000000e+01  -6.6577630e-19  -1.1729442e-14   1.2189205e-12   1.2000000e+02   5.6359184e-01
  1.2734920046406e+00   3.0154998e-12   1.9260260e-11   4.0000000e+01  -5.0630144e-17  -8.5645275e-15   1.3075938e-12   1.2000000e+02   5.6359184e-01
  1.2782277969287e+00   3.1081620e-12   1.9875200e-11   4.0000000e+01  -7.5651396e-17  -1.6812133e-15   1.1780067e-12   1.2000000e+02   5.6359184e-01
  1.2829635892169e+00   3.2037531e-12   2.0493431e-11   4.0000000e+01  -6.5628159e-17   5.7385508e-15   8.7711948e-13   1.2000000e+02   5.6359184e-01
  1.2876993815050e+00   3.3022486e-12   2.1100045e-11   4.0000000e+01  -2.6170104e-17   1.0320685e-14   4.8508174e-13   1.2000000e+02   5.6359184e-01
  1.2924351737932e+00   3.4035831e-12   2.1694137e-11   4.0000000e+01   2.4862668e-17   1.0556016e-14   9.4429113e-14   1.2000000e+02   5.6359184e-01
  1.2971709660813e+00   3.5077536e-12   2.2307446e-11   4.0000000e+01   6.7884371e-17   7.0458536e-15  -2.2691503e-13   1.2000000e+02   5.6359184e-01
  1.3019067583694e+00   3.6150434e-12   2.3031552e-11   4.0000000e+01   8.8527622e-17   1.4719844e-15  -4.5638950e-13   1.2000000e+02   5.6359184e-01
  1.3066425506576e+00   3.7263169e-12   2.4018699e-11   4.0000000e+01   8.1750282e-17  -4.1428703e-15  -6.2798259e-13   1.2000000e+02   5.6359184e-01
  1.3113783429457e+00   3.8432390e-12   2.5444954e-11   4.0000000e+01   5.2427957e-17  -7.8495275e-15  -7.9600636e-13   1.2000000e+02   5.6359184e-01
  1.3161141352339e+00   3.9682341e-12   2.7441581e-11   4.0000000e+01   1.2544089e-17  -8.3667871e-15  -9.9570108e-13   1.2000000e+02   5.6359184e-01
  1.3208499275220e+00   4.1041115e-12   3.0036366e-11   4.0000000e+01  -2.1105390e-17  -5.3819924e-15  -1.2213132e-12   1.2000000e+02   5.6359184e-01
  1.3255857198102e+00   4.2535590e-12   3.3154632e-11   4.0000000e+01  -3.4369267e-17   1.9342021e-17  -1.4261755e-12   1.2000000e+02   5.6359184e-01
  1.3303215120983e+00   4.4188114e-12   3.6698905e-11   4.0000000e+01  -2.0945570e-17   5.4026753e-15  -1.5513942e-12   1.2000000e+02   5.6359184e-01
  1.3350573043865e+00   4.6018126e-12   4.0662187e-11   4.0000000e+01   1.3309883e-17   8.5178333e-15  -1.5634073e-12   1.2000000e+02   5.6359184e-01
  1.3397930966746e+00   4.8048812e-12   4.5218402e-11   4.0000000e+01   5.3072088e-17   7.5756999e-15  -1.4780103e-12   1.2000000e+02   5.6359184e-01
  1.3445288889628e+00   5.0315818e-12   5.0704669e-11   4.0000000e+01   7.8147720e-17   2.4549431e-15  -1.3476241e-12   1.2000000e+02   5.6359184e-01
  1.3492646812509e+00   5.2871689e-12   5.7462367e-11   4.0000000e+01   7.3688719e-17  -4.3281221e-15  -1.2267737e-12   1.2000000e+02   5.6359184e-01
  1.3540004735391e+00   5.5780691e-12   6.5606646e-11   4.0000000e+01   3.9888421e-17  -9.4525866e-15  -1.1468373e-12   1.2000000e+02   5.6359184e-01
  1.3587362658272e+00   5.9103166e-12   7.4834570e-11   4.0000000e+01  -9.0722790e-18  -1.0420569e-14  -1.1026471e-12   1.2000000e+02   5.6359184e-01
  1.3634720581154e+00   6.2873982e-12   8.4383326e-11   4.0000000e+01  -5.1594736e-17  -6.8157658e-15  -1.0671938e-12   1.2000000e+02   5.6359184e-01
  1.3682078504035e+00   6.7083884e-12   9.3195725e-11   4.0000000e+01  -6.9129490e-17  -3.7906045e-16  -1.0161580e-12   1.2000000e+02   5.6359184e-01
  1.3729436426917e+00   7.1672801e-12   1.0024204e-10   4.0000000e+01  -5.5542004e-17   5.7980167e-15  -9.4029691e-13   1.2000000e+02   5.6359184e-01
  1.3776794349798e+00   7.6539453e-12   1.0486039e-10   4.0000000e+01  -1.8506255e-17   9.2357184e-15  -8.5111753e-13   1.2000000e+02   5.6359184e-01
  1.3824152272680e+00   8.1564428e-12   1.0696366e-10   4.0000000e+01   2.5370166e-17   8.6713462e-15  -7.7336524e-13   1.2000000e+02   5.6359184e-01
  1.3871510195561e+00   8.6637829e-12   1.0701725e-10   4.0000000e+01   5.8412898e-17   4.9026906e-15  -7.2371459e-13   1.2000000e+02   5.6359184e-01
  1.3918868118443e+00   9.1680511e-12   1.0580407e-10   4.0000000e+01   7.0088182e-17   7.8623059e-17  -7.2262248e-13   1.2000000e+02   5.6359184e-01
  1.3966226041324e+00   9.6651541e-12   1.0410336e-10   4.0000000e+01   6.0948068e-17  -3.6280978e-15  -7.7693455e-13   1.2000000e+02   5.6359184e-01
  1.4013583964206e+00   1.0154143e-11   1.0243273e-10   4.0000000e+01   3.9487378e-17  -4.9823502e-15  -8.8904807e-13   1.2000000e+02   5.6359184e-01
  1.4060941887087e+00   1.0635679e-11   1.0095691e-10   4.0000000e+01   1.7308734e-17  -4.0656504e-15  -1.0295562e-12   1.2000000e+02   5.6359184e-01
  1.4108299809969e+00   1.1110524e-11   9.9579719e-11   4.0000000e+01   3.3407229e-18  -1.6615715e-15  -1.1402846e-12   1.2000000e+02   5.6359184e-01
  1.4155657732850e+00   1.1578746e-11   9.8137360e-11   4.0000000e+01   1.9840486e-18   9.8903115e-16  -1.1277654e-12   1.2000000e+02   5.6359184e-01
  1.4203015655731e+00   1.2039828e-11   9.6566675e-11   4.0000000e+01   1.1272653e-17   2.7413100e-15  -8.8547876e-13   1.2000000e+02   5.6359184e-01
  1.4250373578613e+00   1.2493314e-11   9.4954688e-11   4.0000000e+01   2.5459540e-17   3.0061552e-15  -3.5213377e-13   1.2000000e+02   5.6359184e-01
  1.4297731501494e+00   1.2939404e-11   9.3469637e-11   4.0000000e+01   3.7116247e-17   1.6684193e-15   4.6353272e-13   1.2000000e+02   5.6359184e-01
  1.4345089424376e+00   1.3379008e-11   9.2222580e-11   4.0000000e+01   3.9419050e-17  -7.8082089e-16   1.4638975e-12   1.2000000e+02   5.6359184e-01
  1.4392447347257e+00   1.3813197e-11   9.1157644e-11   4.0000000e+01   2.9406976e-17  -3.3882151e-15   2.4901797e-12   1.2000000e+02   5.6359184e-01
  1.4439805270139e+00   1.4242345e-11   9.0046271e-11   4.0000000e+01   9.1223057e-18  -4.9605923e-15   3.3863687e-12   1.2000000e+02   5.6359184e-01
  1.4487163193020e+00   1.4665517e-11   8.8585276e-11   4.0000000e+01  -1.4535880e-17  -4.6844776e-15   4.0560665e-12   1.2000000e+02   5.6359184e-01
  1.4534521115902e+00   1.5080455e-11   8.6544828e-11   4.0000000e+01  -3.2169752e-17  -2.4955102e-15   4.4802813e-12   1.2000000e+02   5.6359184e-01
  1.4581879038783e+00   1.5484241e-11   8.3888184e-11   4.0000000e+01  -3.6405877e-17   7.8589229e-16   4.7135382e-12   1.2000000e+02   5.6359184e-01
  1.4629236961665e+00   1.5874311e-11   8.0797163e-11   4.0000000e+01  -2.5081114e-17   3.8513312e-15   4.8204842e-12   1.2000000e+02   5.6359184e-01
  1.4676594884546e+00   1.6249337e-11   7.7592381e-11   4.0000000e+01  -2.2555832e-18   5.4399694e-15   4.8332964e-12   1.2000000e+02   5.6359184e-01
  1.4723952807428e+00   1.6609580e-11   7.4600095e-11   4.0000000e+01   2.2957398e-17   4.8862019e-15   4.7375644e-12   1.2000000e+02   5.6359184e-01
  1.4771310730309e+00   1.6956586e-11   7.2021310e-11   4.0000000e+01   4.1309457e-17   2.7467171e-15   4.4901102e-12   1.2000000e+02   5.6359184e-01
  1.4818668653191e+00   1.7292442e-11   6.9881206e-11   4.0000000e+01   4.8176722e-17   2.1378514e-16   4.0653894e-12   1.2000000e+02   5.6359184e-01
  1.4866026576072e+00   1.7618999e-11   6.8071140e-11   4.0000000e+01   4.4148658e-17  -1.7369911e-15   3.4952059e-12   1.2000000e+02   5.6359184e-01
  1.4913384498954e+00   1.7937486e-11   6.6454567e-11   4.0000000e+01   3.4111218e-17  -2.2903455e-15   2.8702044e-12   1.2000000e+02   5.6359184e-01
  1.4960742421835e+00   1.8248649e-11   6.4980986e-11   4.0000000e+01   2.4237506e-17  -1.7103031e-15   2.3024981e-12   1.2000000e+02   5.6359184e-01
  1.5008100344717e+00   1.8553321e-11   6.3738757e-11   4.0000000e+01   1.8609911e-17  -7.0406399e-16   1.8954640e-12   1.2000000e+02   5.6359184e-01
  1.5055458267598e+00   1.8853027e-11   6.2918040e-11   4.0000000e+01   1.7054610e-17  -4.5767331e-17   1.6862334e-12   1.2000000e+02   5.6359184e-01
  1.5102816190480e+00   1.9150220e-11   6.2699851e-11   4.0000000e+01   1.7054891e-17  -8.6548415e-17   1.6475037e-12   1.2000000e+02   5.6359184e-01
  1.5150174113361e+00   1.9447952e-11   6.3139450e-11   4.0000000e+01   1.5000910e-17  -7.9368514e-16   1.7154271e-12   1.2000000e+02   5.6359184e-01
  1.5197532036243e+00   1.9749098e-11   6.4106839e-11   4.0000000e+01   9.7017789e-18  -1.3855208e-15   1.8220801e-12   1.2000000e+02   5.6359184e-01
  1.5244889959124e+00   2.0055559e-11   6.5334031e-11   4.0000000e+01   2.6604650e-18  -1.4074327e-15   1.9513742e-12   1.2000000e+02   5.6359184e-01
  1.5292247882006e+00   2.0367877e-11   6.6540968e-11   4.0000000e+01  -2.6201689e-18  -7.1913635e-16   2.1265366e-12   1.2000000e+02   5.6359184e-01
  1.5339605804887e+00   2.0685514e-11   6.7569247e-11   4.0000000e+01  -4.2333814e-18   7.8403107e-17   2.3974310e-12   1.2000000e+02   5.6359184e-01
  1.5386963727768e+00   2.1007608e-11   6.8440543e-11   4.0000000e+01  -2.1872813e-18   7.0790532e-16   2.7979126e-12   1.2000000e+02   5.6359184e-01
  1.5434321650650e+00   2.1333746e-11   6.9306105e-11   4.0000000e+01   1.5275192e-18   7.7916000e-16   3.3075243e-12   1.2000000e+02   5.6359184e-01
  1.5481679573531e+00   2.1664270e-11   7.0307318e-11   4.0000000e+01   5.3790834e-18   7.9669060e-16   3.8413754e-12   1.2000000e+02   5.6359184e-01
  1.5529037496413e+00   2.1999889e-11   7.1440453e-11   4.0000000e+01   9.5617685e-18   1.0607351e-15   4.2669753e-12   1.2000000e+02   5.6359184e-01
  1.5576395419294e+00   2.2340821e-11   7.2504992e-11   4.0000000e+01   1.6003857e-17   1.6904820e-15   4.4437359e-12   1.2000000e+02   5.6359184e-01
  1.5623753342176e+00   2.2686002e-11   7.3179134e-11   4.0000000e+01   2.5868270e-17   2.3972250e-15   4.2789884e-12   1.2000000e+02   5.6359184e-01
  1.5671111265057e+00   2.3032865e-11   7.3181450e-11   4.0000000e+01   3.7360081e-17   2.3186952e-15   3.7336303e-12   1.2000000e+02   5.6359184e-01
  1.5718469187939e+00   2.3377917e-11   7.2419474e-11   4.0000000e+01   4.6013530e-17   1.1771331e-15   2.8552079e-12   1.2000000e+02   5.6359184e-01
  1.5765827110820e+00   2.3717823e-11   7.1054604e-11   4.0000000e+01   4.6873050e-17  -8.5250645e-16   1.7577260e-12   1.2000000e+02   5.6359184e-01
  1.5813185033702e+00   2.4050515e-11   6.9438060e-11   4.0000000e+01   3.8016344e-17  -2.7476497e-15   5.9828736e-13   1.2000000e+02   5.6359184e-01
  1.5860542956583e+00   2.4375736e-11   6.7958412e-11   4.0000000e+01   2.2893407e-17  -3.3871515e-15  -4.7109291e-13   1.2000000e+02   5.6359184e-01
  1.5907900879465e+00   2.4694854e-11   6.6890765e-11   4.0000000e+01   8.5286871e-18  -2.5097152e-15  -1.3345189e-12   1.2000000e+02   5.6359184e-01
  1.5955258802346e+00   2.5010087e-11   6.6312519e-11   4.0000000e+01   6.2984486e-19  -7.4868393e-16  -1.9529678e-12   1.2000000e+02   5.6359184e-01
  1.6002616725228e+00   2.5323544e-11   6.6111018e-11   4.0000000e+01   6.9112039e-19   6.7398188e-16  -2.3684458e-12   1.2000000e+02   5.6359184e-01
  1.6049974648109e+00   2.5636521e-11   6.6071302e-11   4.0000000e+01   5.1850107e-18   9.9390166e-16  -2.6783628e-12   1.2000000e+02   5.6359184e-01
  1.6097332570991e+00   2.5949256e-11   6.5978733e-11   4.0000000e+01   8.4724410e-18   2.7577093e-16  -2.9893720e-12   1.2000000e+02   5.6359184e-01
  1.6144690493872e+00   2.6261133e-11   6.5695711e-11   4.0000000e+01   7.7415690e-18  -5.8110347e-16  -3.3731790e-12   1.2000000e+02   5.6359184e-01
  1.6192048416754e+00   2.6571160e-11   6.5203952e-11   4.0000000e+01   3.4753287e-18  -1.0761879e-15  -3.8236042e-12   1.2000000e+02   5.6359184e-01
  1.6239406339635e+00   2.6878545e-11   6.4606426e-11   4.0000000e+01  -6.5380053e-19  -5.4850209e-16  -4.2529865e-12   1.2000000e+02   5.6359184e-01
  1.6286764262517e+00   2.7183242e-11   6.4108380e-11   4.0000000e+01  -1.0468938e-18   4.4073704e-16  -4.5176213e-12   1.2000000e+02   5.6359184e-01
  1.6334122185398e+00   2.7486317e-11   6.3963531e-11   4.0000000e+01   3.0445147e-18   1.1912472e-15  -4.4687697e-12   1.2000000e+02   5.6359184e-01
  1.6381480108280e+00   2.7789982e-11   6.4383387e-11   4.0000000e+01   8.7430984e-18   9.7759291e-16  -4.0167463e-12   1.2000000e+02   5.6359184e-01
  1.6428838031161e+00   2.8097162e-11   6.5446778e-11   4.0000000e+01   1.1656618e-17   2.7177290e-16  -3.1726852e-12   1.2000000e+02   5.6359184e-01
  1.6476195954043e+00   2.8410751e-11   6.7061431e-11   4.0000000e+01   1.2787336e-17   4.1064345e-16  -2.0350885e-12   1.2000000e+02   5.6359184e-01
  1.6523553876924e+00   2.8732866e-11   6.9004451e-11   4.0000000e+01   1.6584088e-17   1.2024012e-15  -7.7991785e-13   1.2000000e+02   5.6359184e-01
  1.6570911799806e+00   2.9064405e-11   7.0991345e-11   4.0000000e+01   2.3131507e-17   1.4423953e-15   3.8687253e-13   1.2000000e+02   5.6359184e-01
  1.6618269722687e+00   2.9404801e-11   7.2683914e-11   4.0000000e+01   2.8386576e-17   4.9195792e-16   1.2827685e-12   1.2000000e+02   5.6359184e-01
  1.6665627645568e+00   2.9751756e-11   7.3698492e-11   4.0000000e+01   2.4355945e-17  -2.4571198e-15   1.7880119e-12   1.2000000e+02   5.6359184e-01
  1.6712985568450e+00   3.0101236e-11   7.3710437e-11   4.0000000e+01   5.6622300e-18  -4.8230115e-15   1.8848360e-12   1.2000000e+02   5.6359184e-01
  1.6760343491331e+00   3.0448139e-11   7.2622001e-11   4.0000000e+01  -1.1397957e-17  -1.1304824e-15   1.6777896e-12   1.2000000e+02   5.6359184e-01
  1.6807701414213e+00   3.0787820e-11   7.0760292e-11   4.0000000e+01   3.2737960e-18   7.3148671e-15   1.3236824e-12   1.2000000e+02   5.6359184e-01
  1.6855059337094e+00   3.1118494e-11   6.8998017e-11   4.0000000e+01   4.7678496e-17   9.5780270e-15   9.4365774e-13   1.2000000e+02   5.6359184e-01
  1.6902417259976e+00   3.1443280e-11   6.8439126e-11   4.0000000e+01   7.4597638e-17   3.2093090e-16   6.0891537e-13   1.2000000e+02   5.6359184e-01
  1.6949775182857e+00   3.1769740e-11   6.9749091e-11   4.0000000e+01   4.6435119e-17  -1.1461472e-14   3.6910590e-13   1.2000000e+02   5.6359184e-01
  1.6997133105739e+00   3.2106713e-11   7.2804332e-11   4.0000000e+01  -1.6728574e-17  -1.2654750e-14   2.6463709e-13   1.2000000e+02   5.6359184e-01
  1.7044491028620e+00   3.2461266e-11   7.7106342e-11   4.0000000e+01  -4.8599952e-17   9.5422482e-16   3.1458075e-13   1.2000000e+02   5.6359184e-01
  1.7091848951502e+00   3.2838959e-11   8.2651080e-11   4.0000000e+01  -8.9561272e-18   1.3739952e-14   4.5698011e-13   1.2000000e+02   5.6359184e-01
  1.7139206874383e+00   3.3247322e-11   9.0217026e-11   4.0000000e+01   5.3425979e-17   9.9080959e-15   6.7276334e-13   1.2000000e+02   5.6359184e-01
  1.7186564797265e+00   3.3697892e-11   1.0054074e-10   4.0000000e+01   7.1183603e-17  -2.4655896e-15   9.8704879e-13   1.2000000e+02   5.6359184e-01
  1.7233922720146e+00   3.4204023e-11   1.1363203e-10   4.0000000e+01   3.3606963e-17  -1.3448802e-14   1.3083929e-12   1.2000000e+02   5.6359184e-01
  1.7281280643028e+00   3.4778102e-11   1.2921966e-10   4.0000000e+01  -6.6805015e-17  -2.8007570e-14   1.5479094e-12   1.2000000e+02   5.6359184e-01
  1.7328638565909e+00   3.5431948e-11   1.4732609e-10   4.0000000e+01  -1.7033321e-16  -8.3251220e-15   2.1794636e-12   1.2000000e+02   5.6359184e-01
  1.7375996488791e+00   3.6178320e-11   1.6851557e-10   4.0000000e+01  -1.1286786e-16   3.2752250e-14   3.3418856e-12   1.2000000e+02   5.6359184e-01
  1.7423354411672e+00   3.7035722e-11   1.9449367e-10   4.0000000e+01   1.0830406e-16   5.2687718e-14   4.4718375e-12   1.2000000e+02   5.6359184e-01
  1.7470712334554e+00   3.8030409e-11   2.2672729e-10   4.0000000e+01   2.6937352e-16   3.9466527e-15   4.3962694e-12   1.2000000e+02   5.6359184e-01
  1.7518070257435e+00   3.9195750e-11   2.6685168e-10   4.0000000e+01   1.3893349e-16  -4.9334966e-14   3.3710793e-12   1.2000000e+02   5.6359184e-01
  1.7565428180317e+00   4.0572805e-11   3.1628199e-10   4.0000000e+01  -1.1980818e-16  -5.8524671e-14   2.6778613e-12   1.2000000e+02   5.6359184e-01
  1.7612786103198e+00   4.2206408e-11   3.7508586e-10   4.0000000e+01  -3.9155576e-16  -4.4781563e-14   3.2859753e-12   1.2000000e+02   5.6359184e-01
  1.7660144026080e+00   4.4139296e-11   4.4266997e-10   4.0000000e+01  -3.8777654e-16   5.4834691e-14   5.2359621e-12   1.2000000e+02   5.6359184e-01
  1.7707501948961e+00   4.6416045e-11   5.2106203e-10   4.0000000e+01   4.2370179e-17   1.0527889e-13   5.9605581e-12   1.2000000e+02   5.6359184e-01
  1.7754859871843e+00   4.9104249e-11   6.1825957e-10   4.0000000e+01   3.8270817e-16   2.2157029e-14   4.3338066e-12   1.2000000e+02   5.6359184e-01
  1.7802217794724e+00   5.2319054e-11   7.4463200e-10   4.0000000e+01   3.6508225e-16   4.9214639e-15   3.7036375e-12   1.2000000e+02   5.6359184e-01
  1.7849575717605e+00   5.6205912e-11   9.0162469e-10   4.0000000e+01   5.7466900e-16   5.3676770e-14   4.0983655e-12   1.2000000e+02   5.6359184e-01
  1.7896933640487e+00   6.0906781e-11   1.0891475e-09   4.0000000e+01   2.8596023e-16  -2.0957892e-13  -1.1220119e-12   1.2000000e+02   5.6359184e-01
  1.7944291563368e+00   6.6585216e-11   1.3167054e-09   4.0000000e+01  -9.3441026e-16  -2.1097928e-13  -7.4497002e-12   1.2000000e+02   5.6359184e-01
  1.7991649486250e+00   7.3469858e-11   1.6020983e-09   4.0000000e+01  -1.2812181e-15   3.9992887e-14  -3.5393116e-12   1.2000000e+02   5.6359184e-01
  1.8039007409132e+00   8.1880164e-11   1.9622626e-09   4.0000000e+01  -1.1018720e-15   5.1559709e-16   9.6673896e-12   1.2000000e+02   5.6359184e-01
  1.8086365332013e+00   9.2156449e-11   2.3846405e-09   4.0000000e+01  -1.1841476e-15  -1.6159985e-13   1.9377076e-11   1.2000000e+02   5.6359184e-01
  1.8133723254894e+00   1.0451546e-10   2.8352715e-09   4.0000000e+01  -1.8613783e-15   3.2407770e-13   1.1716172e-11   1.2000000e+02   5.6359184e-01
  1.8181081177776e+00   1.1897741e-10   3.2693498e-09   4.0000000e+01   3.6323662e-15   1.5614826e-12  -1.9780749e-11   1.2000000e+02   5.6359184e-01
  1.8228439100657e+00   1.3551894e-10   3.7295391e-09   4.0000000e+01   6.3357603e-15  -8.1385811e-13  -1.1377770e-10   1.2000000e+02   5.6359184e-01
  1.8275797023539e+00   1.5450703e-10   4.3130070e-09   4.0000000e+01  -9.5755737e-15  -6.8363076e-12  -2.3995554e-10   1.2000000e+02   5.6359184e-01
  1.8323154946420e+00   1.7644197e-10   4.9420488e-09   4.0000000e+01  -3.5877653e-14  -1.1020976e-12  -2.5364404e-10   1.2000000e+02   5.6359184e-01
  1.8370512869302e+00   2.0121678e-10   5.5117436e-09   4.0000000e+01  -1.0306271e-14   8.9018757e-12  -2.5006919e-10   1.2000000e+02   5.6359184e-01
  1.8417870792183e+00   2.2886336e-10   6.2173828e-09   4.0000000e+01   2.2979292e-14   7.1228700e-12  -3.6499440e-10   1.2000000e+02   5.6359184e-01
  1.8465228715065e+00   2.6059402e-10   7.2182715e-09   4.0000000e+01   6.3263681e-14   7.7509833e-12  -3.5744918e-10   1.2000000e+02   5.6359184e-01
  1.8512586637946e+00   2.9734094e-10   8.2894530e-09   4.0000000e+01   6.7467234e-14  -7.6183845e-12  -3.1003464e-10   1.2000000e+02   5.6359184e-01
  1.8559944560828e+00   3.3879120e-10   9.1653693e-09   4.0000000e+01   5.5021784e-14   8.8073001e-12   2.0689689e-10   1.2000000e+02   5.6359184e-01
  1.8607302483709e+00   3.8328057e-10   9.5004147e-09   4.0000000e+01   1.5020655e-13   3.0504781e-11   7.0291167e-10   1.2000000e+02   5.6359184e-01
  1.8654660406591e+00   4.2918097e-10   9.8921220e-09   4.0000000e+01   1.9869150e-13  -1.8593598e-11   4.9425932e-10   1.2000000e+02   5.6359184e-01
  1.8702018329472e+00   4.7558383e-10   9.5349873e-09   4.0000000e+01  -7.5675953e-15  -6.1086583e-11  -1.7225937e-10   1.2000000e+02   5.6359184e-01
  1.8749376252354e+00   5.1950056e-10   9.0558767e-09   4.0000000e+01  -2.9943834e-13  -5.0555628e-11  -8.9289238e-10   1.2000000e+02   5.6359184e-01
  1.8796734175235e+00   5.6167469e-10   8.8901484e-09   4.0000000e+01  -4.5101342e-13  -2.3938317e-11  -9.7984171e-10   1.2000000e+02   5.6359184e-01
  1.8844092098117e+00   6.0439758e-10   9.2125835e-09   4.0000000e+01  -5.6186865e-13  -2.7625308e-11  -6.4763893e-10   1.2000000e+02   5.6359184e-01
  1.8891450020998e+00   6.4585973e-10   3.9296798e-09   4.0000000e+01  -6.5344481e-13   3.9134484e-11  -4.4970428e-10   1.2000000e+02   5.6359184e-01
  1.8938807943880e+00   6.4340132e-10  -1.8212186e-09   4.0000000e+01  -4.5448637e-13   1.4010511e-11   1.7271694e-10   1.2000000e+02   5.6359184e-01
  1.8986165866761e+00   6.4176105e-10   1.5810048e-09   4.0000000e+01  -6.3236743e-13  -8.1178702e-11  -2.2288890e-10   1.2000000e+02   5.6359184e-01
  1.9033523789643e+00   6.5567728e-10   2.2011600e-09   4.0000000e+01  -1.0100456e-12  -6.8351026e-11  -5.3588242e-10   1.2000000e+02   5.6359184e-01
  1.9080881712524e+00   6.6854842e-10   4.1188595e-09   4.0000000e+01  -1.0991294e-12   4.0021742e-11  -5.1410741e-10   1.2000000e+02   5.6359184e-01
  1.9128239635405e+00   6.8669965e-10   2.4096260e-09   4.0000000e+01  -8.5831708e-13   4.1900215e-12   1.6714107e-10   1.2000000e+02   5.6359184e-01
  1.9175597558287e+00   7.0205930e-10   2.0970860e-09   4.0000000e+01  -8.2444961e-13  -7.5102915e-12   3.3309242e-10   1.2000000e+02   5.6359184e-01
  1.9222955481168e+00   7.1226088e-10   1.5247096e-09   4.0000000e+01  -1.0000444e-12  -3.1658457e-11   3.5369161e-10   1.2000000e+02   5.6359184e-01
  1.9270313404050e+00   7.2129194e-10   1.6153826e-09   4.0000000e+01  -1.1718274e-12  -5.6442791e-11   5.2560402e-10   1.2000000e+02   5.6359184e-01
  1.9317671326932e+00   7.3100088e-10   2.1857639e-09   4.0000000e+01  -1.4887447e-12  -6.8269496e-11   5.2043846e-10   1.2000000e+02   5.6359184e-01
  1.9365029249813e+00   7.4115114e-10   2.7438238e-09   4.0000000e+01  -1.7117309e-12  -1.8446718e-11   9.8337733e-10   1.2000000e+02   5.6359184e-01
  1.9412387172694e+00   7.5254024e-10   2.9790904e-09   4.0000000e+01  -1.6851658e-12   4.9975882e-12   1.4775365e-09   1.2000000e+02   5.6359184e-01
  1.9459745095576e+00   7.6368810e-10   2.1007279e-09   4.0000000e+01  -1.7033504e-12  -1.1318441e-11   1.5205302e-09   1.2000000e+02   5.6359184e-01
  1.9507103018457e+00   7.7451269e-10   2.1173363e-09   4.0000000e+01  -1.7795473e-12  -2.1053066e-11   1.1479619e-09   1.2000000e+02   5.6359184e-01
  1.9554460941339e+00   7.8518192e-10   2.1498358e-09   4.0000000e+01  -1.8873771e-12  -2.6854981e-11   8.1257580e-10   1.2000000e+02   5.6359184e-01
  1.9601818864220e+00   7.9604340e-10   2.1430068e-09   4.0000001e+01  -2.0260899e-12  -2.9077759e-11   7.3785684e-10   1.2000000e+02   5.6359184e-01
  1.9649176787102e+00   8.0640059e-10   2.3985557e-09   4.0000001e+01  -2.1900364e-12  -3.6559041e-11   8.5199987e-10   1.2000000e+02   5.6359184e-01
  1.9696534709983e+00   8.1645098e-10   2.0121546e-09   4.0000001e+01  -2.3424151e-12  -2.8161840e-11   1.0527641e-09   1.2000000e+02   5.6359184e-01
  1.9743892632865e+00   8.2691831e-10   2.1802825e-09   4.0000001e+01  -2.4496064e-12  -2.1030828e-11   1.4214305e-09   1.2000000e+02   5.6359184e-01
  1.9791250555746e+00   8.3776179e-10   2.4209911e-09   4.0000001e+01  -2.5468157e-12  -1.8821198e-11   1.9530397e-09   1.2000000e+02   5.6359184e-01
  1.9838608478628e+00   8.4872001e-10   2.3030227e-09   4.0000001e+01  -2.6575644e-12  -2.4770514e-11   2.5006762e-09   1.2000000e+02   5.6359184e-01
  1.9885966401509e+00   8.5931516e-10   2.3060663e-09   4.0000002e+01  -2.7753111e-12  -2.6702187e-11   2.8656707e-09   1.2000000e+02   5.6359184e-01
  1.9933324324391e+00   8.6876335e-10   1.8252433e-09   4.0000002e+01  -2.9104415e-12  -3.4337762e-11   3.0394772e-09   1.2000000e+02   5.6359184e-01
  1.9980682247272e+00   8.7829486e-10   2.2397367e-09   4.0000002e+01  -3.0499270e-12  -2.3736864e-11   3.1307707e-09   1.2000000e+02   5.6359184e-01
  2.0026638831621e+00   8.8889084e-10   2.2191362e-09   4.0000002e+01  -3.1573904e-12  -2.1370399e-11   3.1878327e-09   1.2000000e+02   5.6359184e-01
  2.0073996754502e+00   8.9874697e-10   1.5556867e-09   4.0000003e+01  -3.2540393e-12  -2.9694378e-11   3.1471805e-09   1.2000000e+02   5.6359184e-01
  2.0121354677384e+00   9.0558472e-10   1.5176901e-09   4.0000003e+01  -3.4211494e-12  -3.1796848e-11   3.1512191e-09   1.2000000e+02   5.6359184e-01
  2.0168712600265e+00   9.1399109e-10   1.9824848e-09   4.0000004e+01  -3.5488178e-12  -2.5820287e-11   3.3013882e-09   1.2000000e+02   5.6359184e-01
  2.0216070523147e+00   9.2456282e-10   2.4147139e-09   4.0000004e+01  -3.6677929e-12  -2.4177143e-11   3.3447680e-09   1.2000000e+02   5.6359184e-01
  2.0263428446028e+00   9.3329514e-10   1.2327940e-09   4.0000005e+01  -3.8085531e-12  -4.1033518e-11   3.1730698e-09   1.2000000e+02   5.6359184e-01
  2.0310786368910e+00   9.3888686e-10   1.2766583e-09   4.0000006e+01  -3.9664790e-12  -2.4778538e-11   3.1977483e-09   1.2000000e+02   5.6359184e-01
  2.0358144291791e+00   9.4611209e-10   1.7243234e-09   4.0000007e+01  -4.0724350e-12  -2.3178439e-11   3.4889318e-09   1.2000000e+02   5.6359184e-01
  2.0405502214672e+00   9.5116572e-10   2.5086894e-10   4.0000008e+01  -4.2168928e-12  -4.5391512e-11   3.7426496e-09   1.2000000e+02   5.6359184e-01
  2.0452860137554e+00   9.5130833e-10   4.5224947e-11   4.0000009e+01  -4.3801895e-12  -1.9087315e-11   4.0341895e-09   1.2000000e+02   5.6359184e-01
  2.0500218060435e+00   9.5236170e-10   3.5999464e-10   4.0000011e+01  -4.4191650e-12  -6.2745011e-12   4.5904872e-09   1.2000000e+02   5.6359184e-01
  2.0547575983317e+00   9.5470815e-10   5.7651652e-10   4.0000012e+01  -4.4591093e-12  -9.7084481e-12   4.9180341e-09   1.2000000e+02   5.6359184e-01
  2.0594933906198e+00   9.5768560e-10   6.5487188e-10   4.0000014e+01  -4.4885478e-12  -1.4895777e-12   4.8403447e-09   1.2000000e+02   5.6359184e-01
  2.0642291829080e+00   9.6070990e-10   4.4096918e-10   4.0000016e+01  -4.4701456e-12   5.9025067e-12   4.7402355e-09   1.2000000e+02   5.6359184e-01
  2.0689649751961e+00   9.6053975e-10  -2.0877629e-10   4.0000018e+01  -4.5081543e-12  -1.6326556e-11   4.6692406e-09   1.2000000e+02   5.6359184e-01
  2.0737007674843e+00   9.5959194e-10  -1.5745348e-10   4.0000021e+01  -4.5639763e-12  -6.6575138e-12   4.7627310e-09   1.2000000e+02   5.6359184e-01
  2.0784365597724e+00   9.5914999e-10  -5.1154794e-11   4.0000024e+01  -4.5748318e-12   5.9217526e-13   5.0813416e-09   1.2000000e+02   5.6359184e-01
  2.0831723520605e+00   9.5906731e-10   3.9085592e-12   4.0000027e+01  -4.5644842e-12   2.3395117e-12   5.3745737e-09   1.2000000e+02   5.6359184e-01
  2.0879081443487e+00   9.5920346e-10   4.6440152e-11   4.0000031e+01  -4.5459349e-12   4.9579625e-12   5.4682502e-09   1.2000000e+02   5.6359184e-01
  2.0926439366368e+00   9.5947654e-10   5.9852672e-11   4.0000035e+01  -4.5335469e-12  -7.3005153e-13   5.3280395e-09   1.2000000e+02   5.6359184e-01
  2.0973797289250e+00   9.5970187e-10   3.3688090e-11   4.0000040e+01  -4.5609287e-12  -8.7744698e-12   5.0997465e-09   1.2000000e+02   5.6359184e-01
  2.1021155212131e+00   9.5974883e-10  -8.8084655e-12   4.0000045e+01  -4.5988929e-12  -5.3717791e-12   4.9271528e-09   1.2000000e+02   5.6359184e-01
  2.1068513135013e+00   9.5962355e-10  -3.4871173e-11   4.0000051e+01  -4.5917699e-12   7.0843561e-12   4.8740112e-09   1.2000000e+02   5.6359184e-01
  2.1115871057894e+00   9.5951122e-10  -4.7121071e-12   4.0000058e+01  -4.5381375e-12   1.3194190e-11   4.9034648e-09   1.2000000e+02   5.6359184e-01
  2.1163228980775e+00   9.5969225e-10   7.3111765e-11   4.0000065e+01  -4.4876642e-12   6.2451762e-12   4.8535937e-09   1.2000000e+02   5.6359184e-01
  2.1210586903657e+00   9.6015735e-10   1.0228066e-10   4.0000074e+01  -4.5070874e-12  -1.2649758e-11   4.5465704e-09   1.2000000e+02   5.6359184e-01
  2.1257944826538e+00   9.6043019e-10   4.7822550e-12   4.0000083e+01  -4.5980501e-12  -2.0734891e-11   4.1697662e-09   1.2000000e+02   5.6359184e-01
  2.1305302749420e+00   9.6004802e-10  -1.3917557e-10   4.0000093e+01  -4.6522374e-12  -4.6929947e-13   4.2298311e-09   1.2000000e+02   5.6359184e-01
  2.1352660672301e+00   9.5935002e-10  -1.1632946e-10   4.0000104e+01  -4.5774593e-12   2.6047674e-11   4.9517406e-09   1.2000000e+02   5.6359184e-01
  2.1400018595183e+00   9.5940848e-10   1.3287713e-10   4.0000116e+01  -4.4562796e-12   1.8687816e-11   5.7726490e-09   1.2000000e+02   5.6359184e-01
  2.1447376518064e+00   9.6063952e-10   3.1700351e-10   4.0000130e+01  -4.4703549e-12  -2.1786239e-11   5.7928789e-09   1.2000000e+02   5.6359184e-01
  2.1494734440946e+00   9.6168626e-10   7.4813366e-11   4.0000145e+01  -4.6534015e-12  -4.4917250e-11   4.8683275e-09   1.2000000e+02   5.6359184e-01
  2.1542092363827e+00   9.6062906e-10  -4.5306239e-10   4.0000161e+01  -4.7970113e-12  -1.0828135e-11   4.1183596e-09   1.2000000e+02   5.6359184e-01
  2.1589450286708e+00   9.5789575e-10  -5.5744515e-10   4.0000179e+01  -4.6887701e-12   4.6618847e-11   4.8466744e-09   1.2000000e+02   5.6359184e-01
  2.1636808209590e+00   9.5694518e-10   1.7943613e-10   4.0000198e+01  -4.4287762e-12   4.9140632e-11   6.7146592e-09   1.2000000e+02   5.6359184e-01
  2.1684166132471e+00   9.6026918e-10   1.0211887e-09   4.0000220e+01  -4.3623166e-12  -1.9396738e-11   7.5386678e-09   1.2000000e+02   5.6359184e-01
  2.1731524055353e+00   9.6477329e-10   6.5926950e-10   4.0000243e+01  -4.6259240e-12  -7.3556567e-11   5.6993751e-09   1.2000000e+02   5.6359184e-01
  2.1778881978234e+00   9.6377772e-10  -9.7392616e-10   4.0000268e+01  -4.9020045e-12  -3.1638111e-11   2.7133130e-09   1.2000000e+02   5.6359184e-01
  2.1826239901116e+00   9.5576162e-10  -1.9792955e-09   4.0000295e+01  -4.7988961e-12   6.1264488e-11   2.3137094e-09   1.2000000e+02   5.6359184e-01
  2.1873597823997e+00   9.4926499e-10  -5.1707521e-10   4.0000324e+01  -4.4265734e-12   7.2370391e-11   5.9917254e-09   1.2000000e+02   5.6359184e-01
  2.1920955746879e+00   9.5453932e-10   2.3483005e-09   4.0000356e+01  -4.3460571e-12  -3.7290315e-11   1.0074859e-08   1.2000000e+02   5.6359184e-01
  2.1968313669760e+00   9.6897138e-10   3.0229969e-09   4.0000390e+01  -4.8058345e-12  -1.2559669e-10   9.1150755e-09   1.2000000e+02   5.6359184e-01
  2.2015671592642e+00   9.7574726e-10  -2.8341994e-10   4.0000427e+01  -5.2381339e-12  -3.5778486e-11   2.9450166e-09   1.2000000e+02   5.6359184e-01
  2.2063029515523e+00   9.6296509e-10  -4.2360554e-09   4.0000467e+01  -4.8741871e-12   1.6250102e-10  -1.4255063e-09   1.2000000e+02   5.6359184e-01
  2.2110387438404e+00   9.4270754e-10  -3.3488521e-09   4.0000509e+01  -3.8898924e-12   2.0161113e-10   2.5847647e-09   1.2000000e+02   5.6359184e-01
  2.2157745361286e+00   9.4232643e-10   2.8917374e-09   4.0000554e+01  -3.5015600e-12  -4.3616502e-11   1.1808756e-08   1.2000000e+02   5.6359184e-01
  2.2205103284167e+00   9.7100310e-10   7.6399120e-09   4.0000602e+01  -4.5048340e-12  -3.1394336e-10   1.4829806e-08   1.2000000e+02   5.6359184e-01
  2.2252461207049e+00   1.0009701e-09   3.9270518e-09   4.0000653e+01  -5.9164552e-12  -2.1586054e-10   5.2905336e-09   1.2000000e+02   5.6359184e-01
  2.2299819129930e+00   9.9419416e-10  -5.7529365e-09   4.0000707e+01  -5.7742535e-12   2.4490770e-10  -8.0406140e-09   1.2000000e+02   5.6359184e-01
  2.2347177052812e+00   9.5097056e-10  -1.0132697e-08   4.0000765e+01  -3.6452300e-12   5.3672026e-10  -8.8897998e-09   1.2000000e+02   5.6359184e-01
  2.2394534975693e+00   9.2017952e-10  -1.9709382e-09   4.0000826e+01  -1.7610090e-12   1.9347261e-10   7.1290944e-09   1.2000000e+02   5.6359184e-01
  2.2441892898575e+00   9.4724007e-10   1.1262725e-08   4.0000891e+01  -2.7241469e-12  -5.0591296e-10   2.4162725e-08   1.2000000e+02   5.6359184e-01
  2.2489250821456e+00   1.0136049e-09   1.3640757e-08   4.0000961e+01  -6.0088323e-12  -7.1120088e-10   2.1799315e-08   1.2000000e+02   5.6359184e-01
  2.2536608744337e+00   1.0456799e-09  -3.9075915e-10   4.0001035e+01  -7.8309724e-12  -2.4761292e-11  -7.4701040e-10   1.2000000e+02   5.6359184e-01
  2.2583966667219e+00   9.9728475e-10  -1.6506158e-08   4.0001113e+01  -5.4889922e-12   8.3201473e-10  -2.0693411e-08   1.2000000e+02   5.6359184e-01
  2.2631324590100e+00   9.1489231e-10  -1.4604058e-08   4.0001195e+01  -1.2962936e-12   7.4004810e-10  -1.5466833e-08   1.2000000e+02   5.6359184e-01
  2.2678682512982e+00   8.9845169e-10   6.8512736e-09   4.0001284e+01  -5.2249858e-13  -3.5988626e-10   1.1401275e-08   1.2000000e+02   5.6359184e-01
  2.2726040435863e+00   9.8672225e-10   2.5213006e-08   4.0001378e+01  -4.7325492e-12  -1.1324249e-09   3.2569557e-08   1.2000000e+02   5.6359184e-01
  2.2773398358745e+00   1.0968006e-09   1.7253339e-08   4.0001480e+01  -8.7450427e-12  -3.9632455e-10   2.5919066e-08   1.2000000e+02   5.6359184e-01
  2.2820756281626e+00   1.1031338e-09  -1.2241447e-08   4.0001588e+01  -6.4460409e-12   1.1431544e-09  -2.3841894e-09   1.2000000e+02   5.6359184e-01
  2.2868114204508e+00   9.8358245e-10  -3.1226213e-08   4.0001703e+01   4.8700223e-13   1.3919518e-09  -2.6113933e-08   1.2000000e+02   5.6359184e-01
  2.2915472127389e+00   8.6608523e-10  -1.4340214e-08   4.0001827e+01   2.6935496e-12  -4.8653925e-10  -2.6616389e-08   1.2000000e+02   5.6359184e-01
  2.2962830050271e+00   9.0304721e-10   2.5600564e-08   4.0001960e+01  -5.4005498e-12  -2.4201461e-09  -7.2042224e-09   1.2000000e+02   5.6359184e-01
  2.3010187973152e+00   1.0950668e-09   4.6306148e-08   4.0002105e+01  -1.5673352e-11  -1.4279659e-09   1.7539733e-08   1.2000000e+02   5.6359184e-01
  2.3057545896033e+00   1.2631615e-09   2.0453867e-08   4.0002262e+01  -1.2748564e-11   2.3921635e-09   3.6413316e-08   1.2000000e+02   5.6359184e-01
  2.3104903818915e+00   1.2240661e-09  -3.0566523e-08   4.0002431e+01   6.6090691e-12   4.8133264e-09   3.9635089e-08   1.2000000e+02   5.6359184e-01
  2.3152261741796e+00   9.9806116e-10  -5.3323801e-08   4.0002614e+01   2.3633584e-11   1.7739728e-09   1.2578202e-08   1.2000000e+02   5.6359184e-01
  2.3199619664678e+00   8.2074468e-10  -1.6871992e-08   4.0002813e+01   1.4138115e-11  -5.0427392e-09  -4.8335545e-08   1.2000000e+02   5.6359184e-01
  2.3246977587559e+00   9.2044232e-10   5.0536144e-08   4.0003032e+01  -2.1383449e-11  -8.3120811e-09  -1.0635540e-07   1.2000000e+02   5.6359184e-01
  2.3294335510441e+00   1.2736781e-09   8.3975869e-08   4.0003275e+01  -4.8790446e-11  -2.4708090e-09  -9.1908696e-08   1.2000000e+02   5.6359184e-01
  2.3341693433322e+00   1.5954105e-09   4.5234416e-08   4.0003543e+01  -3.0664259e-11   8.7741147e-09   2.6956070e-08   1.2000000e+02   5.6359184e-01
  2.3389051356204e+00   1.5975056e-09  -3.5394163e-08   4.0003838e+01   2.9525625e-11   1.4052436e-08   1.7141826e-07   1.2000000e+02   5.6359184e-01
  2.3436409279085e+00   1.2764419e-09  -8.2852286e-08   4.0004163e+01   7.8667576e-11   5.4957825e-09   1.8194038e-07   1.2000000e+02   5.6359184e-01
  2.3483767201966e+00   9.4687590e-10  -4.6625218e-08   4.0004524e+01   6.0260641e-11  -1.1340774e-08  -2.7440058e-08   1.2000000e+02   5.6359184e-01
  2.3531125124848e+00   9.7334380e-10   4.9923276e-08   4.0004929e+01  -2.3885473e-11  -2.0453737e-08  -3.2698362e-07   1.2000000e+02   5.6359184e-01
  2.3578483047729e+00   1.4404799e-09   1.2759411e-07   4.0005389e+01  -1.0189517e-10  -1.0518205e-08  -4.2583013e-07   1.2000000e+02   5.6359184e-01
  2.3625840970611e+00   2.0640013e-09   1.2060466e-07   4.0005912e+01  -9.2625019e-11   1.2225507e-08  -1.4010539e-07   1.2000000e+02   5.6359184e-01
  2.3673198893492e+00   2.4242591e-09   3.3786674e-08   4.0006503e+01   1.3013856e-11   2.7493504e-08   3.5998733e-07   1.2000000e+02   5.6359184e-01
  2.3720556816374e+00   2.3144686e-09  -6.2497923e-08   4.0007172e+01   1.3159495e-10   1.9428145e-08   6.1478833e-07   1.2000000e+02   5.6359184e-01
  2.3767914739255e+00   1.9040921e-09  -9.2214887e-08   4.0007930e+01   1.5605326e-10  -7.2660302e-09   2.7719282e-07   1.2000000e+02   5.6359184e-01
  2.3815272662136e+00   1.5930352e-09  -3.4070808e-08   4.0008795e+01   5.4572441e-11  -2.9998537e-08  -4.9087704e-07   1.2000000e+02   5.6359184e-01
  2.3862630585018e+00   1.6978475e-09   6.6785447e-08   4.0009792e+01  -9.4463617e-11  -2.8435037e-08  -1.0522859e-06   1.2000000e+02   5.6359184e-01
  2.3909988507899e+00   2.2291877e-09   1.3873514e-07   4.0010946e+01  -1.6823491e-10  -3.3455813e-09  -8.2318697e-07   1.2000000e+02   5.6359184e-01
  2.3957346430781e+00   2.9116164e-09   1.3649970e-07   4.0012286e+01  -1.0719944e-10   2.3880742e-08   1.4253551e-07   1.2000000e+02   5.6359184e-01
  2.4004704353662e+00   3.3888197e-09   6.5404469e-08   4.0013836e+01   3.4247005e-11   3.0576146e-08   1.0894373e-06   1.2000000e+02   5.6359184e-01
  2.4052062276544e+00   3.4373208e-09  -3.3008016e-08   4.0015624e+01   1.3854291e-10   1.2555771e-08   1.1640020e-06   1.2000000e+02   5.6359184e-01
  2.4099420199425e+00   3.0540152e-09  -1.1287227e-07   4.0017686e+01   1.2640966e-10  -1.3872335e-08   1.9437471e-07   1.2000000e+02   5.6359184e-01
  2.4146778122307e+00   2.4086089e-09  -1.4699164e-07   4.0020063e+01   1.5236321e-11  -2.8152197e-08  -1.0743832e-06   1.2000000e+02   5.6359184e-01
  2.4194136045188e+00   1.7346510e-09  -1.3230564e-07   4.0022809e+01  -1.1164576e-10  -2.3313248e-08  -1.5621090e-06   1.2000000e+02   5.6359184e-01
  2.4241493968069e+00   1.2262636e-09  -8.5077097e-08   4.0025982e+01  -1.8457336e-10  -8.9790828e-09  -7.8077787e-07   1.2000000e+02   5.6359184e-01
  2.4288851890951e+00   9.6261813e-10  -3.4928970e-08   4.0029644e+01  -1.9695165e-10   1.0239552e-09   7.1224139e-07   1.2000000e+02   5.6359184e-01
  2.4336209813832e+00   8.6472828e-10  -1.6512770e-08   4.0033852e+01  -1.8630610e-10   2.1616205e-09   1.7568575e-06   1.2000000e+02   5.6359184e-01
  2.4383567736714e+00   7.1022855e-10  -5.3884050e-08   4.0038661e+01  -1.8134968e-10   3.5823953e-10   1.5579436e-06   1.2000000e+02   5.6359184e-01
  2.4430925659595e+00   2.3503628e-10  -1.4169651e-07   4.0044118e+01  -1.7738013e-10   1.7753960e-09   3.4178574e-07   1.2000000e+02   5.6359184e-01
  2.4478283582477e+00  -7.1142186e-10  -2.4140757e-07   4.0050269e+01  -1.6161999e-10   4.1304014e-09  -8.5312685e-07   1.2000000e+02   5.6359184e-01
  2.4525641505358e+00  -2.0096592e-09  -2.8800959e-07   4.0057160e+01  -1.4983655e-10  -2.2911100e-10  -1.0472722e-06   1.2000000e+02   5.6359184e-01
  2.4572999428240e+00  -3.2890501e-09  -2.4172881e-07   4.0064833e+01  -1.8380892e-10  -1.3449272e-08  -9.9677689e-08   1.2000000e+02   5.6359184e-01
  2.4620357351121e+00  -4.1065658e-09  -1.0931216e-07   4.0073322e+01  -2.8354132e-10  -2.5712074e-08   1.2322199e-06   1.2000000e+02   5.6359184e-01
  2.4667715274003e+00  -4.1861292e-09   5.4372017e-08   4.0082649e+01  -4.0471478e-10  -2.2428222e-08   1.9371602e-06   1.2000000e+02   5.6359184e-01
  2.4715073196884e+00  -3.5706540e-09   1.7861453e-07   4.0092811e+01  -4.5455247e-10   1.2421132e-09   1.5176024e-06   1.2000000e+02   5.6359184e-01
  2.4762431119765e+00  -2.5825607e-09   2.1820464e-07   4.0103783e+01  -3.6356209e-10   3.2758035e-08   2.7860374e-07   1.2000000e+02   5.6359184e-01
  2.4809789042647e+00  -1.6207722e-09   1.8365776e-07   4.0115519e+01  -1.5266064e-10   5.0199906e-08  -9.9901576e-07   1.2000000e+02   5.6359184e-01
  2.4857146965528e+00  -9.1054647e-10   1.2439111e-07   4.0127957e+01   6.8728902e-11   3.9914829e-08  -1.6466978e-06   1.2000000e+02   5.6359184e-01
  2.4904504888410e+00  -4.2153812e-10   9.4056935e-08   4.0141029e+01   1.7878706e-10   8.6540954e-09  -1.4819267e-06   1.2000000e+02   5.6359184e-01
  2.4951862811291e+00   6.9054640e-11   1.1901229e-07   4.0154661e+01   1.3619007e-10  -2.0535157e-08  -7.7144203e-07   1.2000000e+02   5.6359184e-01
  2.4999220734173e+00   7.9651847e-10   1.8339907e-07   4.0168779e+01   1.2626084e-11  -2.6093813e-08   5.4386348e-08   1.2000000e+02   5.6359184e-01
  2.5046578657054e+00   1.8325971e-09   2.4158654e-07   4.0183304e+01  -6.1849748e-11  -4.5024561e-09   6.5100900e-07   1.2000000e+02   5.6359184e-01
  2.5093936579936e+00   3.0179911e-09   2.4694856e-07   4.0198154e+01   2.1942293e-12   2.7161463e-08   8.3663028e-07   1.2000000e+02   5.6359184e-01
  2.5141294502817e+00   4.0359450e-09   1.7988949e-07   4.0213243e+01   1.8601783e-10   4.4237484e-08   5.6754075e-07   1.2000000e+02   5.6359184e-01
  2.5188652425698e+00   4.5806970e-09   5.9923522e-08   4.0228492e+01   3.7626154e-10   3.2763666e-08  -6.3494697e-08   1.2000000e+02   5.6359184e-01
  2.5236010348580e+00   4.5239778e-09  -6.4485535e-08   4.0243831e+01   4.4729121e-10  -6.5037827e-10  -7.8956105e-07   1.2000000e+02   5.6359184e-01
  2.5283368271461e+00   3.9855070e-09  -1.4233107e-07   4.0259209e+01   3.5014342e-10  -3.4184412e-08  -1.1992954e-06   1.2000000e+02   5.6359184e-01
  2.5330726194343e+00   3.2693338e-09  -1.4731125e-07   4.0274594e+01   1.4409900e-10  -4.6746041e-08  -9.2087638e-07   1.2000000e+02   5.6359184e-01
  2.5378084117224e+00   2.7062352e-09  -9.0069240e-08   4.0289971e+01  -4.8479774e-11  -3.2521657e-08   1.0978503e-07   1.2000000e+02   5.6359184e-01
  2.5425442040106e+00   2.4947752e-09  -9.3114342e-09   4.0305334e+01  -1.2780645e-10  -3.8445623e-09   1.5051225e-06   1.2000000e+02   5.6359184e-01
  2.5472799962987e+00   2.6254059e-09   5.0455701e-08   4.0320683e+01  -7.9085635e-11   1.9136756e-08   2.5797493e-06   1.2000000e+02   5.6359184e-01
  2.5520157885868e+00   2.9107143e-09   5.9304847e-08   4.0336018e+01   3.0885984e-11   2.3408568e-08   2.7608556e-06   1.2000000e+02   5.6359184e-01
  2.5567515808750e+00   3.0821651e-09   1.0337108e-08   4.0351339e+01   1.1311625e-10   1.1014506e-08   1.9896137e-06   1.2000000e+02   5.6359184e-01
  2.5614873731631e+00   2.8965183e-09  -8.2212499e-08   4.0366649e+01   1.2027635e-10  -5.4588159e-09   8.1022403e-07   1.2000000e+02   5.6359184e-01
  2.5662231654513e+00   2.2255630e-09  -1.8658411e-07   4.0381958e+01   6.5654496e-11  -1.4824064e-08   4.8286205e-08   1.2000000e+02   5.6359184e-01
  2.5709589577394e+00   1.1333467e-09  -2.5583620e-07   4.0397287e+01  -9.1229278e-12  -1.5651496e-08   2.7348086e-07   1.2000000e+02   5.6359184e-01
  2.5756947500276e+00  -7.2483228e-11  -2.3759815e-07   4.0412665e+01  -7.8613721e-11  -1.4048692e-08   1.3958260e-06   1.2000000e+02   5.6359184e-01
  2.5804305423157e+00  -8.8040043e-10  -1.0132865e-07   4.0428126e+01  -1.4515131e-10  -1.4261066e-08   2.6500201e-06   1.2000000e+02   5.6359184e-01
  2.5851663346039e+00  -7.7829345e-10   1.2452996e-07   4.0443706e+01  -2.1041356e-10  -1.2543244e-08   2.9693673e-06   1.2000000e+02   5.6359184e-01
  2.5899021268920e+00   4.0991612e-10   3.3710831e-07   4.0459426e+01  -2.4483445e-10  -1.4467432e-09   1.5354073e-06   1.2000000e+02   5.6359184e-01
  2.5946379191801e+00   2.2525979e-09   3.9864505e-07   4.0475296e+01  -1.9864907e-10   1.9258888e-08  -1.7635835e-06   1.2000000e+02   5.6359184e-01
  2.5993737114683e+00   3.7747897e-09   2.2722614e-07   4.0491312e+01  -5.5719679e-11   3.6843836e-08  -6.1479264e-06   1.2000000e+02   5.6359184e-01
  2.6041095037564e+00   3.9649801e-09  -1.1927572e-07   4.0507461e+01   1.2046052e-10   3.3428167e-08  -1.0103035e-05   1.2000000e+02   5.6359184e-01
  2.6088452960446e+00   2.4792199e-09  -4.4408594e-07   4.0523741e+01   2.0631895e-10   2.8441476e-09  -1.1858707e-05   1.2000000e+02   5.6359184e-01
  2.6135810883327e+00   3.3455054e-11  -5.2542588e-07   4.0540163e+01   1.0800591e-10  -3.8558928e-08  -1.0093642e-05   1.2000000e+02   5.6359184e-01
  2.6183168806209e+00  -1.9121123e-09  -2.7768308e-07   4.0556755e+01  -1.4473976e-10  -5.9720690e-08  -4.6574056e-06   1.2000000e+02   5.6359184e-01
  2.6230526729090e+00  -2.0748022e-09   1.6447733e-07   4.0573552e+01  -3.8842899e-10  -3.8462389e-08   3.0077395e-06   1.2000000e+02   5.6359184e-01
  2.6277884651972e+00  -2.5638732e-10   5.2118258e-07   4.0590583e+01  -4.2949244e-10   1.7388002e-08   1.0069590e-05   1.2000000e+02   5.6359184e-01
  2.6325242574853e+00   2.4611345e-09   5.6016099e-07   4.0607859e+01  -1.9537179e-10   7.0612062e-08   1.3269031e-05   1.2000000e+02   5.6359184e-01
  2.6372600497735e+00   4.4244712e-09   2.6245576e-07   4.0625373e+01   1.8638454e-10   7.9921160e-08   1.0405118e-05   1.2000000e+02   5.6359184e-01
  2.6419958420616e+00   4.5125088e-09  -1.7019297e-07   4.0643106e+01   4.5681502e-10   3.2015914e-08   1.7029058e-06   1.2000000e+02   5.6359184e-01
  2.6467316343497e+00   2.8142745e-09  -4.6992002e-07   4.0661046e+01   4.0473730e-10  -4.5131942e-08  -9.7434719e-06   1.2000000e+02   5.6359184e-01
  2.6514674266379e+00   4.2218455e-10  -4.9042612e-07   4.0679193e+01   2.6642199e-11  -9.9890009e-08  -1.8976304e-05   1.2000000e+02   5.6359184e-01
  2.6562032189260e+00  -1.4005238e-09  -2.7975917e-07   4.0697561e+01  -4.5593246e-10  -9.3411040e-08  -2.1429166e-05   1.2000000e+02   5.6359184e-01
  2.6609390112142e+00  -1.9730612e-09   7.2237312e-10   4.0716176e+01  -7.4025131e-10  -2.7688612e-08  -1.5410775e-05   1.2000000e+02   5.6359184e-01
  2.6656748035023e+00  -1.3552067e-09   2.1670956e-07   4.0735060e+01  -6.4533576e-10   5.5718979e-08  -3.4118728e-06   1.2000000e+02   5.6359184e-01
  2.6704105957905e+00   1.3932337e-11   3.3192533e-07   4.0754227e+01  -2.2925751e-10   1.0482678e-07   8.7407351e-06   1.2000000e+02   5.6359184e-01
  2.6751463880786e+00   1.7110534e-09   3.6916652e-07   4.0773675e+01   2.5798769e-10   9.2286351e-08   1.4714706e-05   1.2000000e+02   5.6359184e-01
  2.6798821803668e+00   3.3991961e-09   3.3453365e-07   4.0793390e+01   5.4464554e-10   3.1410022e-08   1.1081696e-05   1.2000000e+02   5.6359184e-01
  2.6846179726549e+00   4.6721375e-09   2.0151652e-07   4.0813348e+01   5.0647697e-10  -3.6411682e-08  -6.3050471e-07   1.2000000e+02   5.6359184e-01
  2.6893537649430e+00   5.0365685e-09  -3.1076926e-08   4.0833523e+01   2.2284204e-10  -7.1537555e-08  -1.4555139e-05   1.2000000e+02   5.6359184e-01
  2.6940895572312e+00   4.1953133e-09  -2.8577632e-07   4.0853900e+01  -1.0404431e-10  -6.1021251e-08  -2.3572313e-05   1.2000000e+02   5.6359184e-01
  2.6988253495193e+00   2.3798172e-09  -4.3546846e-07   4.0874478e+01  -2.9536349e-10  -2.2533304e-08  -2.3157101e-05   1.2000000e+02   5.6359184e-01
  2.7035611418075e+00   3.3745900e-10  -4.0044277e-07   4.0895276e+01  -3.0198577e-10   1.2376651e-08  -1.3760067e-05   1.2000000e+02   5.6359184e-01
  2.7082969340956e+00  -1.1093578e-09  -2.1808951e-07   4.0916324e+01  -2.0764015e-10   2.1376601e-08  -3.3758283e-07   1.2000000e+02   5.6359184e-01
  2.7130327263838e+00  -1.5743639e-09  -1.0728684e-08   4.0937652e+01  -1.4378315e-10   4.6625498e-09   1.0638508e-05   1.2000000e+02   5.6359184e-01
  2.7177685186719e+00  -1.2379891e-09   1.2031128e-07   4.0959283e+01  -1.8534321e-10  -1.8271727e-08   1.4867498e-05   1.2000000e+02   5.6359184e-01
  2.7225043109601e+00  -5.1377267e-10   1.7059824e-07   4.0981227e+01  -2.9647950e-10  -2.3573106e-08   1.2424299e-05   1.2000000e+02   5.6359184e-01
  2.7272401032482e+00   3.8176765e-10   2.0636735e-07   4.1003485e+01  -3.5506719e-10   5.4677849e-10   7.2541810e-06   1.2000000e+02   5.6359184e-01
  2.7319758955363e+00   1.5181864e-09   2.6916785e-07   4.1026052e+01  -2.3841856e-10   4.4564502e-08   4.3535367e-06   1.2000000e+02   5.6359184e-01
  2.7367116878245e+00   2.9385245e-09   3.1466046e-07   4.1048914e+01   7.7325648e-11   8.0092822e-08   6.3712003e-06   1.2000000e+02   5.6359184e-01
  2.7414474801126e+00   4.3193568e-09   2.5237914e-07   4.1072054e+01   4.6349805e-10   7.4964214e-08   1.1711205e-05   1.2000000e+02   5.6359184e-01
  2.7461832724008e+00   5.0130340e-09   4.5797635e-08   4.1095451e+01   6.8085384e-10   1.6078187e-08   1.5394486e-05   1.2000000e+02   5.6359184e-01
  2.7509190646889e+00   4.5065850e-09  -2.2438284e-07   4.1119085e+01   5.2175875e-10  -7.3198052e-08   1.2330298e-05   1.2000000e+02   5.6359184e-01
  2.7556548569771e+00   2.8989199e-09  -4.0522314e-07   4.1142949e+01  -1.9171131e-11  -1.3803102e-07   1.0718140e-06   1.2000000e+02   5.6359184e-01
  2.7603906492652e+00   9.4190504e-10  -3.8845842e-07   4.1167049e+01  -6.7507082e-10  -1.2525257e-07  -1.4445195e-05   1.2000000e+02   5.6359184e-01
  2.7651264415534e+00  -4.3759244e-10  -1.9877729e-07   4.1191406e+01  -1.0322181e-09  -2.6554587e-08  -2.6663597e-05   1.2000000e+02   5.6359184e-01
  2.7698622338415e+00  -7.6598409e-10   2.3928593e-08   4.1216043e+01  -8.0797104e-10   1.0298545e-07  -2.8906713e-05   1.2000000e+02   5.6359184e-01
  2.7745980261297e+00  -2.9542052e-10   1.3531066e-07   4.1240981e+01  -9.1222172e-11   1.7450178e-07  -1.9791225e-05   1.2000000e+02   5.6359184e-01
  2.7793338184178e+00   2.9679513e-10   9.9801188e-08   4.1266235e+01   6.6217893e-10   1.2919779e-07  -4.4279427e-06   1.2000000e+02   5.6359184e-01
  2.7840696107059e+00   5.3108588e-10   1.3876098e-08   4.1291809e+01   9.2214736e-10  -1.1142485e-08   8.7075319e-06   1.2000000e+02   5.6359184e-01
  2.7888054029941e+00   5.5219715e-10   1.7957603e-08   4.1317705e+01   4.7291009e-10  -1.5161619e-07   1.3291641e-05   1.2000000e+02   5.6359184e-01
  2.7935411952822e+00   9.9262486e-10   1.7009197e-07   4.1343922e+01  -4.0191303e-10  -1.9079352e-07   9.2739986e-06   1.2000000e+02   5.6359184e-01
  2.7982769875704e+00   2.3576084e-09   3.7460982e-07   4.1370450e+01  -1.1022416e-09  -9.7646570e-08   2.7341054e-06   1.2000000e+02   5.6359184e-01
  2.8030127798585e+00   4.3977582e-09   4.4074493e-07   4.1397274e+01  -1.1417698e-09   6.2886110e-08   1.6791768e-06   1.2000000e+02   5.6359184e-01
  2.8077485721467e+00   6.0438453e-09   2.3285214e-07   4.1424367e+01  -4.9912930e-10   1.7814275e-07   1.0850234e-05   1.2000000e+02   5.6359184e-01
  2.8124843644348e+00   6.0443456e-09  -2.0040814e-07   4.1451706e+01   3.8008854e-10   1.7231793e-07   2.9022568e-05   1.2000000e+02   5.6359184e-01
  2.8172201567230e+00   3.9020435e-09  -6.2565034e-07   4.1479281e+01   9.2512972e-10   6.0338236e-08   5.0113722e-05   1.2000000e+02   5.6359184e-01
  2.8219559490111e+00   4.0116221e-10  -7.7233417e-07   4.1507111e+01   8.4952440e-10  -7.0635766e-08   6.6634718e-05   1.2000000e+02   5.6359184e-01
  2.8266917412992e+00  -2.7466109e-09  -5.2717111e-07   4.1535235e+01   3.1046553e-10  -1.3371324e-07   7.2927964e-05   1.2000000e+02   5.6359184e-01
  2.8314275335874e+00  -3.9505922e-09  -2.3628641e-08   4.1563708e+01  -2.8104431e-10  -1.0710949e-07   6.6731330e-05   1.2000000e+02   5.6359184e-01
  2.8361633258755e+00  -2.7295210e-09   4.5120386e-07   4.1592566e+01  -6.0908493e-10  -3.8992567e-08   4.9367862e-05   1.2000000e+02   5.6359184e-01
  2.8408991181637e+00   9.2502256e-11   6.6100701e-07   4.1621821e+01  -6.5522945e-10   6.5993480e-09   2.5447913e-05   1.2000000e+02   5.6359184e-01
  2.8456349104518e+00   3.0756682e-09   5.6886979e-07   4.1651450e+01  -6.0116539e-10   1.0730014e-08   2.1497357e-06   1.2000000e+02   5.6359184e-01
  2.8503707027400e+00   5.1193440e-09   3.1474136e-07   4.1681410e+01  -5.5917152e-10   1.0877882e-08  -1.2664281e-05   1.2000000e+02   5.6359184e-01
  2.8551064950281e+00   5.9166126e-09   6.2646752e-08   4.1711654e+01  -4.1684328e-10   5.2407822e-08  -1.3690824e-05   1.2000000e+02   5.6359184e-01
  2.8598422873162e+00   5.6843238e-09  -1.2842519e-07   4.1742153e+01   2.8462555e-11   1.2723914e-07  -1.3792931e-06   1.2000000e+02   5.6359184e-01
  2.8645780796044e+00   4.6319003e-09  -2.9510468e-07   4.1772899e+01   7.5951406e-10   1.6313408e-07   1.7303251e-05   1.2000000e+02   5.6359184e-01
  2.8693138718925e+00   2.7971059e-09  -4.5508521e-07   4.1803907e+01   1.3736466e-09   8.4205850e-08   3.1918549e-05   1.2000000e+02   5.6359184e-01
  2.8740496641807e+00   3.8897916e-10  -5.2758913e-07   4.1835206e+01   1.2960038e-09  -1.0499839e-07   3.4252257e-05   1.2000000e+02   5.6359184e-01
  2.8787854564688e+00  -1.8382755e-09  -3.8864343e-07   4.1866832e+01   2.6900066e-10  -2.9196677e-07   2.3296282e-05   1.2000000e+02   5.6359184e-01
  2.8835212487570e+00  -2.7576617e-09  -1.5779187e-08   4.1898815e+01  -1.2870624e-09  -3.2615923e-07   6.1209248e-06   1.2000000e+02   5.6359184e-01
  2.8882570410451e+00  -1.6275298e-09   4.2773639e-07   4.1931170e+01  -2.4199165e-09  -1.4229042e-07  -6.3351481e-06   1.2000000e+02   5.6359184e-01
  2.8929928333333e+00   1.1822472e-09   6.7591513e-07   4.1963897e+01  -2.2859980e-09   1.6534928e-07  -6.1352678e-06   1.2000000e+02   5.6359184e-01
  2.8977286256214e+00   4.2204067e-09   5.5992837e-07   4.1996979e+01  -8.2584956e-10   3.9238479e-07   6.5884351e-06   1.2000000e+02   5.6359184e-01
  2.9024644179095e+00   5.8551008e-09   1.5204233e-07   4.2030402e+01   1.0896937e-09   3.7272289e-07   2.3913908e-05   1.2000000e+02   5.6359184e-01
  2.9072002101977e+00   5.3702950e-09  -2.8203243e-07   4.2064153e+01   2.2263577e-09   1.1120643e-07   3.5730942e-05   1.2000000e+02   5.6359184e-01
  2.9119360024858e+00   3.3714493e-09  -4.8634092e-07   4.2098234e+01   1.8709149e-09  -2.1116053e-07   3.6767529e-05   1.2000000e+02   5.6359184e-01
  2.9166717947740e+00   1.2126225e-09  -3.9470583e-07   4.2132653e+01   3.4999624e-10  -3.7066357e-07   2.9883663e-05   1.2000000e+02   5.6359184e-01
  2.9214075870621e+00   6.6313691e-13  -1.3840119e-07   4.2167425e+01  -1.2306895e-09  -2.6917490e-07   2.3122261e-05   1.2000000e+02   5.6359184e-01
  2.9261433793503e+00   8.3776300e-12   9.6804015e-08   4.2202565e+01  -1.8227235e-09  -3.1912666e-09   2.2831254e-05   1.2000000e+02   5.6359184e-01
  2.9308791716384e+00   8.2002720e-10   2.0970429e-07   4.2238090e+01  -1.1887074e-09   2.1926560e-07   2.8394238e-05   1.2000000e+02   5.6359184e-01
  2.9356149639266e+00   1.8337531e-09   2.0275893e-07   4.2274017e+01   1.8809801e-12   2.4334972e-07   3.2904633e-05   1.2000000e+02   5.6359184e-01
  2.9403507562147e+00   2.5816128e-09   1.1335234e-07   4.2310348e+01   7.6988987e-10   8.0644102e-08   2.9252154e-05   1.2000000e+02   5.6359184e-01
  2.9450865485029e+00   2.7542183e-09  -2.8663464e-08   4.2347068e+01   6.0663935e-10  -1.1511671e-07   1.6575281e-05   1.2000000e+02   5.6359184e-01
  2.9498223407910e+00   2.2153663e-09  -1.7477599e-07   4.2384141e+01  -1.8645654e-10  -1.8219488e-07   1.7430710e-06   1.2000000e+02   5.6359184e-01
  2.9545581330791e+00   1.1820612e-09  -2.3084195e-07   4.2421532e+01  -8.3240105e-10  -8.0660977e-08  -5.3005286e-06   1.2000000e+02   5.6359184e-01
  2.9592939253673e+00   3.4062597e-10  -1.0717775e-07   4.2459223e+01  -7.6268144e-10   8.7242189e-08   1.4749169e-06   1.2000000e+02   5.6359184e-01
  2.9640297176554e+00   5.6204723e-10   1.8273981e-07   4.2497229e+01  -6.0731301e-11   1.7611285e-07   2.0213182e-05   1.2000000e+02   5.6359184e-01
  2.9687655099436e+00   2.2673964e-09   4.8371434e-07   4.2535597e+01   6.8465003e-10   1.2397660e-07   4.2653610e-05   1.2000000e+02   5.6359184e-01
  2.9735013022317e+00   4.9354936e-09   5.8266329e-07   4.2574379e+01   9.3218150e-10  -6.4228893e-09   5.9059509e-05   1.2000000e+02   5.6359184e-01
  2.9782370945199e+00   7.2215404e-09   3.5685014e-07   4.2613612e+01   6.1393411e-10  -1.0317938e-07   6.2562315e-05   1.2000000e+02   5.6359184e-01
  2.9829728868080e+00   7.6766685e-09  -1.3202628e-07   4.2653295e+01   5.9049839e-11  -1.1748279e-07   5.0653775e-05   1.2000000e+02   5.6359184e-01
  2.9877086790962e+00   5.5954938e-09  -6.6552215e-07   4.2693391e+01  -4.4176410e-10  -9.7720595e-08   2.4794144e-05   1.2000000e+02   5.6359184e-01
  2.9924444713843e+00   1.4609159e-09  -9.8779021e-07   4.2733841e+01  -9.2522247e-10  -1.1270233e-07  -9.6676576e-06   1.2000000e+02   5.6359184e-01
  2.9971802636724e+00  -3.2300690e-09  -9.3241064e-07   4.2774594e+01  -1.5669210e-09  -1.5069095e-07  -4.2922066e-05   1.2000000e+02   5.6359184e-01
  3.0017759221081e+00  -6.5975114e-09  -4.8665510e-07   4.2816989e+01  -2.2496985e-09  -1.1320440e-07  -6.1941367e-05   1.2000000e+02   5.6359184e-01
  3.0065117143962e+00  -7.2741661e-09   2.2971027e-07   4.2858364e+01  -2.3526875e-09   9.8418746e-08  -5.2942587e-05   1.2000000e+02   5.6359184e-01
  3.0112475066843e+00  -4.4229984e-09   9.4805079e-07   4.2900161e+01  -1.1996616e-09   3.9059161e-07  -1.3579568e-05   1.2000000e+02   5.6359184e-01
  3.0159832989725e+00   1.2499991e-09   1.3898592e-06   4.2942501e+01   1.2080115e-09   5.9117468e-07   4.6148452e-05   1.2000000e+02   5.6359184e-01
  3.0207190912606e+00   8.1026526e-09   1.4276518e-06   4.2985488e+01   3.9054998e-09   4.8928103e-07   1.0429214e-04   1.2000000e+02   5.6359184e-01
  3.0254548835488e+00   1.3953088e-08   9.5860681e-07   4.3029158e+01   5.3184725e-09   6.4981046e-08   1.3582171e-04   1.2000000e+02   5.6359184e-01
  3.0301906758369e+00   1.6515066e-08   7.8407685e-08   4.3073448e+01   4.3014269e-09  -4.9370467e-07   1.2412070e-04   1.2000000e+02   5.6359184e-01
  3.0349264681251e+00   1.4536275e-08  -9.0338194e-07   4.3118193e+01   8.8999924e-10  -8.9906662e-07   6.8871467e-05   1.2000000e+02   5.6359184e-01
  3.0396622604132e+00   8.2814370e-09  -1.6853219e-06   4.3163174e+01  -3.6119082e-09  -9.3326802e-07  -1.3153548e-05   1.2000000e+02   5.6359184e-01
  3.0443980527014e+00  -7.6732885e-10  -2.0558607e-06   4.3208178e+01  -7.3254348e-09  -5.8123330e-07  -9.4404936e-05   1.2000000e+02   5.6359184e-01
  3.0491338449895e+00  -1.0330381e-08  -1.8872172e-06   4.3253088e+01  -8.7546888e-09  -2.9536746e-09  -1.4621529e-04   1.2000000e+02   5.6359184e-01
  3.0538696372776e+00  -1.7668082e-08  -1.1083552e-06   4.3297957e+01  -7.3329938e-09   5.9026203e-07  -1.4804907e-04   1.2000000e+02   5.6359184e-01
  3.0586054295658e+00  -1.9872764e-08   2.6272125e-07   4.3343028e+01  -3.3945721e-09   1.0414146e-06  -9.4385258e-05   1.2000000e+02   5.6359184e-01
  3.0633412218539e+00  -1.4640870e-08   1.9606598e-06   4.3388698e+01   2.1740349e-09   1.2684474e-06   2.0267098e-06   1.2000000e+02   5.6359184e-01
  3.0680770141421e+00  -1.7161220e-09   3.3929224e-06   4.3435402e+01   8.1519303e-09   1.2004526e-06   1.1141233e-04   1.2000000e+02   5.6359184e-01
  3.0728128064302e+00   1.5891594e-08   3.8253545e-06   4.3483456e+01   1.2932488e-08   7.4965873e-07   1.9400284e-04   1.2000000e+02   5.6359184e-01
  3.0775485987184e+00   3.2130773e-08   2.7805145e-06   4.3532906e+01   1.4586830e-08  -1.1357624e-07   2.1306559e-04   1.2000000e+02   5.6359184e-01
  3.0822843910065e+00   4.0089787e-08   4.1598906e-07   4.3583464e+01   1.1418043e-08  -1.2445820e-06   1.5050807e-04   1.2000000e+02   5.6359184e-01
  3.0870201832947e+00   3.5281563e-08  -2.4354590e-06   4.3634552e+01   2.9533383e-09  -2.2739108e-06   1.8527109e-05   1.2000000e+02   5.6359184e-01
  3.0917559755828e+00   1.8010134e-08  -4.6764351e-06   4.3685470e+01  -9.1760340e-09  -2.7143654e-06  -1.3953150e-04   1.2000000e+02   5.6359184e-01
  3.0964917678709e+00  -6.7154589e-09  -5.4937909e-06   4.3735618e+01  -2.1224171e-08  -2.2040096e-06  -2.6226935e-04   1.2000000e+02   5.6359184e-01
  3.1012275601591e+00  -3.1330749e-08  -4.6340290e-06   4.3784728e+01  -2.8496152e-08  -7.3010279e-07  -2.9367772e-04   1.2000000e+02   5.6359184e-01
  3.1059633524472e+00  -4.8296764e-08  -2.3311666e-06   4.3833004e+01  -2.7221552e-08   1.3114131e-06  -2.0757863e-04   1.2000000e+02   5.6359184e-01
  3.1106991447354e+00  -5.1946281e-08   8.8651440e-07   4.3881127e+01  -1.6232906e-08   3.2533401e-06  -2.2280563e-05   1.2000000e+02   5.6359184e-01
  3.1154349370235e+00  -3.9570522e-08   4.3060940e-06   4.3930110e+01   2.3393345e-09   4.4152550e-06   2.0198103e-04   1.2000000e+02   5.6359184e-01
  3.1201707293117e+00  -1.2210552e-08   7.0636515e-06   4.3981007e+01   2.3600730e-08   4.3402711e-06   3.8294713e-04   1.2000000e+02   5.6359184e-01
  3.1249065215998e+00   2.4824423e-08   8.2507171e-06   4.4034561e+01   4.1269892e-08   2.9070794e-06   4.4587885e-04   1.2000000e+02   5.6359184e-01
  3.1296423138880e+00   6.2301585e-08   7.1703489e-06   4.4090910e+01   4.9313501e-08   3.3933919e-07   3.5153882e-04   1.2000000e+02   5.6359184e-01
  3.1343781061761e+00   8.8823894e-08   3.6544176e-06   4.4149433e+01   4.3536563e-08  -2.8147226e-06   1.1311303e-04   1.2000000e+02   5.6359184e-01
  3.1391138984643e+00   9.3931008e-08  -1.7110464e-06   4.4208837e+01   2.3016244e-08  -5.7364226e-06  -2.0354108e-04   1.2000000e+02   5.6359184e-01
  3.1438496907524e+00   7.1792430e-08  -7.5787894e-06   4.4267483e+01  -8.9241546e-09  -7.4855278e-06  -4.9741675e-04   1.2000000e+02   5.6359184e-01
  3.1485854830405e+00   2.4241694e-08  -1.2133289e-05   4.4323879e+01  -4.4719441e-08  -7.2606788e-06  -6.6345465e-04   1.2000000e+02   5.6359184e-01
  3.1533212753287e+00  -3.8271268e-08  -1.3659704e-05   4.4377194e+01  -7.3961769e-08  -4.7134003e-06  -6.2827844e-04   1.2000000e+02   5.6359184e-01
  3.1580570676168e+00  -9.8729078e-08  -1.1199172e-05   4.4427635e+01  -8.6193620e-08  -1.9949813e-07  -3.7918852e-04   1.2000000e+02   5.6359184e-01
  3.1627928599050e+00  -1.3833614e-07  -5.0036479e-06   4.4476522e+01  -7.4444590e-08   5.1822202e-06   2.4527893e-05   1.2000000e+02   5.6359184e-01
  3.1675286521931e+00  -1.4250392e-07   3.4389758e-06   4.4526029e+01  -3.8232940e-08   9.8589156e-06   4.6457440e-04   1.2000000e+02   5.6359184e-01
  3.1722644444813e+00  -1.0581039e-07   1.1850191e-05   4.4578618e+01   1.5330893e-08   1.2288948e-05   7.9873025e-04   1.2000000e+02   5.6359184e-01
  3.1770002367694e+00  -3.4082963e-08   1.7881402e-05   4.4636331e+01   7.2964419e-08   1.1480636e-05   9.0628533e-04   1.2000000e+02   5.6359184e-01
  3.1817360290576e+00   5.6923334e-08   1.9776536e-05   4.4700130e+01   1.1866861e-07   7.3068426e-06   7.2798732e-04   1.2000000e+02   5.6359184e-01
  3.1864718213457e+00   1.4532586e-07   1.6736128e-05   4.4769484e+01   1.3801160e-07   5.4217276e-07   2.8825184e-04   1.2000000e+02   5.6359184e-01
  3.1912076136338e+00   2.0792192e-07   9.0030791e-06   4.4842328e+01   1.2205146e-07  -7.3093614e-06  -3.0550447e-04   1.2000000e+02   5.6359184e-01
  3.1959434059220e+00   2.2512063e-07  -2.1395994e-06   4.4915460e+01   7.0140205e-08  -1.4303828e-05  -8.8602716e-04   1.2000000e+02   5.6359184e-01
  3.2006791982101e+00   1.8586261e-07  -1.4381667e-05   4.4985298e+01  -8.8607413e-09  -1.8441034e-05  -1.2682411e-03   1.2000000e+02   5.6359184e-01
  3.2054149904983e+00   9.2100586e-08  -2.4609179e-05   4.5048849e+01  -9.7439179e-08  -1.8155939e-05  -1.3026373e-03   1.2000000e+02   5.6359184e-01
  3.2101507827864e+00  -3.8867806e-08  -2.9618020e-05   4.5104631e+01  -1.7276942e-07  -1.2851962e-05  -9.2694305e-04   1.2000000e+02   5.6359184e-01
  3.2148865750746e+00  -1.7659102e-07  -2.7256289e-05   4.5153270e+01  -2.1230882e-07  -3.2827722e-06  -1.9895455e-04   1.2000000e+02   5.6359184e-01
  3.2196223673627e+00  -2.8503550e-07  -1.7434439e-05   4.5197583e+01  -2.0038451e-07   8.4422568e-06   7.0426374e-04   1.2000000e+02   5.6359184e-01
  3.2243581596508e+00  -3.3324639e-07  -2.3356313e-06   4.5242048e+01  -1.3367860e-07   1.9328425e-05   1.5259186e-03   1.2000000e+02   5.6359184e-01
  3.2290939519390e+00  -3.0462330e-07   1.4349326e-05   4.5291776e+01  -2.3540336e-08   2.6329625e-05   1.9998121e-03   1.2000000e+02   5.6359184e-01
  3.2338297442271e+00  -2.0111292e-07   2.8689808e-05   4.5351234e+01   1.0596215e-07   2.7258029e-05   1.9322618e-03   1.2000000e+02   5.6359184e-01
  3.2385655365153e+00  -4.1599382e-08   3.7599398e-05   4.5423031e+01   2.2380950e-07   2.1437990e-05   1.2703313e-03   1.2000000e+02   5.6359184e-01
  3.2433013288034e+00   1.4356587e-07   3.9359851e-05   4.5507082e+01   2.9982472e-07   9.8887759e-06   1.3226433e-04   1.2000000e+02   5.6359184e-01
  3.2480371210916e+00   3.1925094e-07   3.3647733e-05   4.5600390e+01   3.1217164e-07  -4.9650426e-06  -1.2137832e-03   1.2000000e+02   5.6359184e-01
  3.2527729133797e+00   4.5170766e-07   2.1332121e-05   4.5697519e+01   2.5269397e-07  -1.9879674e-05  -2.4188765e-03   1.2000000e+02   5.6359184e-01
  3.2575087056679e+00   5.1368341e-07   4.2548378e-06   4.5791678e+01   1.2919293e-07  -3.1471779e-05  -3.1485806e-03   1.2000000e+02   5.6359184e-01
  3.2622444979560e+00   4.8859078e-07  -1.4950935e-05   4.5876204e+01  -3.5506938e-08  -3.6887313e-05  -3.1742196e-03   1.2000000e+02   5.6359184e-01
  3.2669802902441e+00   3.7377605e-07  -3.3080333e-05   4.5946116e+01  -2.0757126e-07  -3.4426873e-05  -2.4345426e-03   1.2000000e+02   5.6359184e-01
  3.2717160825323e+00   1.8237808e-07  -4.6755494e-05   4.5999412e+01  -3.4887307e-07  -2.4037905e-05  -1.0545363e-03   1.2000000e+02   5.6359184e-01
  3.2764518748204e+00  -5.7321475e-08  -5.3087108e-05   4.6037817e+01  -4.2536686e-07  -7.4893997e-06   6.7982419e-04   1.2000000e+02   5.6359184e-01
  3.2811876671086e+00  -3.0611977e-07  -5.0481268e-05   4.6066756e+01  -4.1521841e-07   1.1917496e-05   2.3837327e-03   1.2000000e+02   5.6359184e-01
  3.2859234593967e+00  -5.2163852e-07  -3.9255221e-05   4.6094529e+01  -3.1449571e-07   3.0067369e-05   3.6597696e-03   1.2000000e+02   5.6359184e-01
  3.2906592516849e+00  -6.6778393e-07  -2.1697953e-05   4.6130781e+01  -1.3883209e-07   4.2972437e-05   4.1909625e-03   1.2000000e+02   5.6359184e-01
  3.2953950439730e+00  -7.2284303e-07  -1.4394709e-06   4.6184565e+01   7.9400567e-08   4.7687422e-05   3.8204330e-03   1.2000000e+02   5.6359184e-01
  3.3001308362612e+00  -6.8331602e-07   1.7656000e-05   4.6262386e+01   2.9774839e-07   4.2980406e-05   2.5966486e-03   1.2000000e+02   5.6359184e-01
  3.3048666285493e+00  -5.6232775e-07   3.2579704e-05   4.6366609e+01   4.7259765e-07   2.9598590e-05   7.6778918e-04   1.2000000e+02   5.6359184e-01
  3.3096024208375e+00  -3.8397342e-07   4.1739178e-05   4.6494543e+01   5.6825007e-07   1.0069294e-05  -1.2780777e-03   1.2000000e+02   5.6359184e-01
  3.3143382131256e+00  -1.7670662e-07   4.4815987e-05   4.6638334e+01   5.6410582e-07  -1.1874181e-05  -3.1105583e-03   1.2000000e+02   5.6359184e-01
  3.3190740054137e+00   3.1516768e-08   4.2255533e-05   4.6785650e+01   4.5859960e-07  -3.2059057e-05  -4.3605000e-03   1.2000000e+02   5.6359184e-01
  3.3238097977019e+00   2.1593634e-07   3.4944601e-05   4.6921021e+01   2.6936137e-07  -4.6683439e-05  -4.7985470e-03   1.2000000e+02   5.6359184e-01
  3.3285455899900e+00   3.5713158e-07   2.4282793e-05   4.7027616e+01   2.9617130e-08  -5.3077741e-05  -4.3730131e-03   1.2000000e+02   5.6359184e-01
  3.3332813822782e+00   4.4378225e-07   1.2279394e-05   4.7089197e+01  -2.1863115e-07  -5.0270745e-05  -3.2074897e-03   1.2000000e+02   5.6359184e-01
  3.3380171745663e+00   4.7493321e-07   1.1998697e-06   4.7085033e+01  -4.3321233e-07  -3.9145437e-05  -1.5648665e-03   1.2000000e+02   5.6359184e-01
  3.3427529668545e+00   4.5950745e-07  -7.1751253e-06   4.7002249e+01  -5.7992988e-07  -2.2095120e-05   2.1256157e-04   1.2000000e+02   5.6359184e-01
  3.3474887591426e+00   4.1251880e-07  -1.2098325e-05   4.6845338e+01  -6.3821759e-07  -2.3663522e-06   1.7786575e-03   1.2000000e+02   5.6359184e-01
  3.3522245514308e+00   3.5004864e-07  -1.3814332e-05   4.6615602e+01  -6.0356612e-07   1.6604592e-05   2.8536802e-03   1.2000000e+02   5.6359184e-01
  3.3569603437189e+00   2.8547848e-07  -1.3146626e-05   4.6319038e+01  -4.8711085e-07   3.1726776e-05   3.2719804e-03   1.2000000e+02   5.6359184e-01
  3.3616961360070e+00   2.2764022e-07  -1.1153781e-05   4.5965463e+01  -3.1285785e-07   4.0734376e-05   3.0042876e-03   1.2000000e+02   5.6359184e-01
  3.3664319282952e+00   1.8018955e-07  -8.9305722e-06   4.5567359e+01  -1.1267740e-07   4.2635874e-05   2.1572611e-03   1.2000000e+02   5.6359184e-01
  3.3711677205833e+00   1.4202760e-07  -7.3321347e-06   4.5138612e+01   8.0404035e-08   3.7937939e-05   9.5148982e-04   1.2000000e+02   5.6359184e-01
  3.3759035128715e+00   1.0927498e-07  -6.6336925e-06   4.4693309e+01   2.3893511e-07   2.8407415e-05  -3.2506007e-04   1.2000000e+02   5.6359184e-01
  3.3806393051596e+00   7.8303715e-08  -6.4898088e-06   4.4244711e+01   3.4554618e-07   1.6406704e-05  -1.3849975e-03   1.2000000e+02   5.6359184e-01
  3.3853750974478e+00   4.7775944e-08  -6.3788648e-06   4.3804465e+01   3.9397247e-07   4.1603554e-06  -2.0127468e-03   1.2000000e+02   5.6359184e-01
  3.3901108897359e+00   1.8112399e-08  -6.1414300e-06   4.3382072e+01   3.8724861e-07  -6.6603972e-06  -2.1128108e-03   1.2000000e+02   5.6359184e-01
  3.3948466820240e+00  -1.0608494e-08  -6.0376732e-06   4.2984608e+01   3.3494103e-07  -1.4945265e-05  -1.7183588e-03   1.2000000e+02   5.6359184e-01
  3.3995824743122e+00  -3.9664057e-08  -6.2877280e-06   4.2616707e+01   2.5088195e-07  -1.9978463e-05  -9.6369527e-04   1.2000000e+02   5.6359184e-01
  3.4043182666003e+00  -7.0384289e-08  -6.6641961e-06   4.2280794e+01   1.5150996e-07  -2.1382694e-05  -3.8534360e-05   1.2000000e+02   5.6359184e-01
  3.4090540588885e+00  -1.0208188e-07  -6.6036965e-06   4.1977513e+01   5.4026962e-08  -1.9241289e-05   8.5769442e-04   1.2000000e+02   5.6359184e-01
  3.4137898511766e+00  -1.3150462e-07  -5.6610687e-06   4.1706276e+01  -2.6155274e-08  -1.4240449e-05   1.5514577e-03   1.2000000e+02   5.6359184e-01
  3.4185256434648e+00  -1.5421970e-07  -3.7988086e-06   4.1465814e+01  -7.8283487e-08  -7.6347956e-06   1.9183973e-03   1.2000000e+02   5.6359184e-01
  3.4232614357529e+00  -1.6649877e-07  -1.3206199e-06   4.1254646e+01  -9.8371690e-08  -9.6307885e-07   1.8964740e-03   1.2000000e+02   5.6359184e-01
  3.4279972280411e+00  -1.6646184e-07   1.3235712e-06   4.1071389e+01  -8.9530389e-08   4.3911011e-06   1.4926129e-03   1.2000000e+02   5.6359184e-01
  3.4327330203292e+00  -1.5448552e-07   3.6391162e-06   4.0914891e+01  -6.0258846e-08   7.5817107e-06   7.8414068e-04   1.2000000e+02   5.6359184e-01
  3.4374688126174e+00  -1.3326939e-07   5.1598625e-06   4.0784199e+01  -2.1473156e-08   8.4297942e-06  -8.8891014e-05   1.2000000e+02   5.6359184e-01
  3.4422046049055e+00  -1.0728235e-07   5.6468132e-06   4.0678407e+01   1.6381958e-08   7.2719204e-06  -9.4686302e-04   1.2000000e+02   5.6359184e-01
  3.4469403971936e+00  -8.1152829e-08   5.2850913e-06   4.0596464e+01   4.5131181e-08   4.6860458e-06  -1.6102159e-03   1.2000000e+02   5.6359184e-01
  3.4516761894818e+00  -5.7804958e-08   4.5527613e-06   4.0536994e+01   5.9473716e-08   1.2864661e-06  -1.9456378e-03   1.2000000e+02   5.6359184e-01
  3.4564119817699e+00  -3.8063212e-08   3.7848856e-06   4.0498164e+01   5.6965741e-08  -2.3324545e-06  -1.9010307e-03   1.2000000e+02   5.6359184e-01
  3.4611477740581e+00  -2.2104291e-08   2.9170626e-06   4.0477631e+01   3.8016902e-08  -5.5499658e-06  -1.5139674e-03   1.2000000e+02   5.6359184e-01
  3.4658835663462e+00  -1.1002603e-08   1.7001769e-06   4.0471668e+01   6.0980932e-09  -7.7020137e-06  -8.9117128e-04   1.2000000e+02   5.6359184e-01
  3.4706193586344e+00  -6.6155308e-09   1.1310390e-07   4.0476442e+01  -3.2327811e-08  -8.2291629e-06  -1.7137895e-04   1.2000000e+02   5.6359184e-01
  3.4753551509225e+00  -9.8431487e-09  -1.4046203e-06   4.0490994e+01  -6.8948731e-08  -6.9543725e-06   5.1096935e-04   1.2000000e+02   5.6359184e-01
  3.4800909432107e+00  -1.8500236e-08  -2.0311165e-06   4.0512116e+01  -9.5871179e-08  -4.2297521e-06   1.0501700e-03   1.2000000e+02   5.6359184e-01
  3.4848267354988e+00  -2.6429216e-08  -1.0178728e-06   4.0536986e+01  -1.0782042e-07  -7.5610110e-07   1.3808722e-03   1.2000000e+02   5.6359184e-01
  3.4895625277869e+00  -2.5538910e-08   1.5895952e-06   4.0563358e+01  -1.0299143e-07   2.7485707e-06   1.4805316e-03   1.2000000e+02   5.6359184e-01
  3.4942983200751e+00  -1.0704130e-08   4.5981912e-06   4.0589624e+01  -8.2690591e-08   5.6861476e-06   1.3644760e-03   1.2000000e+02   5.6359184e-01
  3.4990341123632e+00   1.5886537e-08   6.2958429e-06   4.0614746e+01  -5.0927347e-08   7.4976455e-06   1.0753649e-03   1.2000000e+02   5.6359184e-01
  3.5037699046514e+00   4.5153620e-08   5.6704711e-06   4.0638135e+01  -1.4273255e-08   7.6880785e-06   6.7116034e-04   1.2000000e+02   5.6359184e-01
  3.5085056969395e+00   6.6405685e-08   3.0746366e-06   4.0659550e+01   1.9047201e-08   6.1125988e-06   2.1544672e-04   1.2000000e+02   5.6359184e-01
  3.5132414892277e+00   7.3273161e-08  -1.4941675e-07   4.0679035e+01   4.1520767e-08   3.2328821e-06  -2.3032260e-04   1.2000000e+02   5.6359184e-01
  3.5179772815158e+00   6.6303332e-08  -2.5693414e-06   4.0696893e+01   4.9084091e-08  -1.3321609e-08  -6.1581085e-04   1.2000000e+02   5.6359184e-01
  3.5227130738040e+00   5.1579238e-08  -3.3590223e-06   4.0713652e+01   4.2361455e-08  -2.6646410e-06  -9.1165861e-04   1.2000000e+02   5.6359184e-01
  3.5274488660921e+00   3.7018633e-08  -2.5859250e-06   4.0729979e+01   2.5786074e-08  -4.1103123e-06  -1.1134611e-03   1.2000000e+02   5.6359184e-01
  3.5321846583802e+00   2.8195062e-08  -1.1284760e-06   4.0746560e+01   5.6813044e-09  -4.1505835e-06  -1.2329591e-03   1.2000000e+02   5.6359184e-01
  3.5369204506684e+00   2.5456896e-08  -2.0516508e-07   4.0763950e+01  -1.1454080e-08  -2.8976303e-06  -1.2797828e-03   1.2000000e+02   5.6359184e-01
  3.5416562429565e+00   2.4110855e-08  -5.8884746e-07   4.0782473e+01  -2.0347180e-08  -7.6609657e-07  -1.2487622e-03   1.2000000e+02   5.6359184e-01
  3.5463920352447e+00   1.8270479e-08  -1.9461116e-06   4.0802190e+01  -1.8489421e-08   1.4995008e-06  -1.1254941e-03   1.2000000e+02   5.6359184e-01
  3.5511278275328e+00   6.3027541e-09  -2.9085212e-06   4.0822947e+01  -7.2994676e-09   3.0526520e-06  -9.0462447e-04   1.2000000e+02   5.6359184e-01
  3.5558636198210e+00  -6.3661789e-09  -2.0857964e-06   4.0844448e+01   8.5219525e-09   3.4342928e-06  -6.0154995e-04   1.2000000e+02   5.6359184e-01
  3.5605994121091e+00  -1.0315103e-08   6.5057725e-07   4.0866320e+01   2.3657630e-08   2.8406884e-06  -2.4759721e-04   1.2000000e+02   5.6359184e-01
  3.5653352043973e+00   5.2388505e-10   3.8263268e-06   4.0888131e+01   3.4746493e-08   1.8096480e-06   1.2059810e-04   1.2000000e+02   5.6359184e-01
  3.5700709966854e+00   2.3422607e-08   5.4668650e-06   4.0909385e+01   4.0616757e-08   6.4757083e-07   4.6217723e-04   1.2000000e+02   5.6359184e-01
  3.5748067889736e+00   4.8278028e-08   4.6330967e-06   4.0929516e+01   4.0446377e-08  -7.9190211e-07   7.2418656e-04   1.2000000e+02   5.6359184e-01
  3.5795425812617e+00   6.4303708e-08   1.9402229e-06   4.0947918e+01   3.2236192e-08  -2.7675215e-06   8.4098104e-04   1.2000000e+02   5.6359184e-01
  3.5842783735498e+00   6.5996400e-08  -1.1768010e-06   4.0964034e+01   1.3693441e-08  -5.0551022e-06   7.5377516e-04   1.2000000e+02   5.6359184e-01
  3.5890141658380e+00   5.4429944e-08  -3.5229895e-06   4.0977478e+01  -1.4621954e-08  -6.6913726e-06   4.4117424e-04   1.2000000e+02   5.6359184e-01
  3.5937499581261e+00   3.4506374e-08  -4.7132348e-06   4.0988175e+01  -4.6737564e-08  -6.5029308e-06  -6.6356215e-05   1.2000000e+02   5.6359184e-01
  3.5984857504143e+00   1.1142848e-08  -5.0541796e-06   4.0996453e+01  -7.2606709e-08  -4.0910162e-06  -7.0276438e-04   1.2000000e+02   5.6359184e-01
  3.6032215427024e+00  -1.2639264e-08  -4.9199911e-06   4.1003059e+01  -8.3222667e-08  -2.7871835e-07  -1.3959889e-03   1.2000000e+02   5.6359184e-01
  3.6079573349906e+00  -3.4541521e-08  -4.1959502e-06   4.1009068e+01  -7.5357372e-08   3.4777596e-06  -2.0833204e-03   1.2000000e+02   5.6359184e-01
  3.6126931272787e+00  -5.0663716e-08  -2.4022503e-06   4.1015711e+01  -5.2193130e-08   6.0610204e-06  -2.7083036e-03   1.2000000e+02   5.6359184e-01
  3.6174289195669e+00  -5.5241073e-08   6.5381305e-07   4.1024137e+01  -2.0418288e-08   7.1094513e-06  -3.2151132e-03   1.2000000e+02   5.6359184e-01
  3.6221647118550e+00  -4.3393321e-08   4.3589478e-06   4.1035160e+01   1.2934582e-08   6.7729780e-06  -3.5488130e-03   1.2000000e+02   5.6359184e-01
  3.6269005041431e+00  -1.5145737e-08   7.3097170e-06   4.1049049e+01   4.2033341e-08   5.3696836e-06  -3.6558740e-03   1.2000000e+02   5.6359184e-01
  3.6316362964313e+00   2.2180364e-08   7.9944822e-06   4.1065440e+01   6.2679284e-08   3.2673325e-06  -3.4835751e-03   1.2000000e+02   5.6359184e-01
  3.6363720887194e+00   5.6098914e-08   5.9258621e-06   4.1083418e+01   7.2515278e-08   8.7213487e-07  -2.9881010e-03   1.2000000e+02   5.6359184e-01
  3.6411078810076e+00   7.5711064e-08   2.2557319e-06   4.1101752e+01   7.1081057e-08  -1.4393636e-06  -2.1573531e-03   1.2000000e+02   5.6359184e-01
  3.6458436732957e+00   7.8093656e-08  -1.0507327e-06   4.1119215e+01   5.9397967e-08  -3.4317972e-06  -1.0386410e-03   1.2000000e+02   5.6359184e-01
  3.6505794655839e+00   6.8216107e-08  -2.8698866e-06   4.1134855e+01   3.9250920e-08  -4.9977562e-06   2.4859401e-04   1.2000000e+02   5.6359184e-01
  3.6553152578720e+00   5.2690035e-08  -3.5890970e-06   4.1148179e+01   1.3013197e-08  -5.9568955e-06   1.5289254e-03   1.2000000e+02   5.6359184e-01
  3.6600510501601e+00   3.4481931e-08  -4.1147125e-06   4.1159239e+01  -1.5591080e-08  -5.9235971e-06   2.6121367e-03   1.2000000e+02   5.6359184e-01
  3.6647868424483e+00   1.3731202e-08  -4.5973859e-06   4.1168647e+01  -4.0940696e-08  -4.5558311e-06   3.3405517e-03   1.2000000e+02   5.6359184e-01
  3.6695226347364e+00  -7.7860536e-09  -4.2769347e-06   4.1177526e+01  -5.6843436e-08  -2.0166726e-06   3.6239010e-03   1.2000000e+02   5.6359184e-01
  3.6742584270246e+00  -2.4229799e-08  -2.3931349e-06   4.1187346e+01  -5.9379907e-08   9.3318079e-07   3.4556762e-03   1.2000000e+02   5.6359184e-01
  3.6789942193127e+00  -2.8369506e-08   7.5647619e-07   4.1199652e+01  -4.8844099e-08   3.3664204e-06   2.9129416e-03   1.2000000e+02   5.6359184e-01
  3.6837300116009e+00  -1.7358672e-08   3.7229230e-06   4.1215706e+01  -2.9358985e-08   4.6416819e-06   2.1400327e-03   1.2000000e+02   5.6359184e-01
  3.6884658038890e+00   4.3216225e-09   5.1238951e-06   4.1236161e+01  -7.1000605e-09   4.5345996e-06   1.3176490e-03   1.2000000e+02   5.6359184e-01
  3.6932015961772e+00   2.8509706e-08   4.8873291e-06   4.1260875e+01   1.1665765e-08   3.2306712e-06   6.2619981e-04   1.2000000e+02   5.6359184e-01
  3.6979373884653e+00   4.9447048e-08   3.8987702e-06   4.1288954e+01   2.2485227e-08   1.2956722e-06   2.1464493e-04   1.2000000e+02   5.6359184e-01
  3.7026731807534e+00   6.5002651e-08   2.6025272e-06   4.1319013e+01   2.4127841e-08  -5.2538286e-07   1.7990634e-04   1.2000000e+02   5.6359184e-01
  3.7074089730416e+00   7.2985203e-08   6.1966404e-07   4.1349597e+01   1.8654844e-08  -1.6392753e-06   5.5651140e-04   1.2000000e+02   5.6359184e-01
  3.7121447653297e+00   6.9645284e-08  -2.0847601e-06   4.1379638e+01   1.0093312e-08  -1.8287983e-06   1.3165091e-03   1.2000000e+02   5.6359184e-01
  3.7168805576179e+00   5.3940971e-08  -4.3438419e-06   4.1408789e+01   2.5303400e-09  -1.2751137e-06   2.3806253e-03   1.2000000e+02   5.6359184e-01
  3.7216163499060e+00   3.1190772e-08  -4.9830332e-06   4.1437516e+01  -1.5305175e-09  -4.3959051e-07   3.6365406e-03   1.2000000e+02   5.6359184e-01
  3.7263521421942e+00   8.4850859e-09  -4.5640167e-06   4.1466896e+01  -2.0643220e-09   1.3213371e-07   4.9544022e-03   1.2000000e+02   5.6359184e-01
  3.7310879344823e+00  -1.2650705e-08  -4.4563674e-06   4.1498280e+01  -1.2235599e-09   1.3140615e-07   6.1960302e-03   1.2000000e+02   5.6359184e-01
  3.7358237267705e+00  -3.3644594e-08  -4.2382077e-06   4.1532952e+01  -1.3063878e-09  -1.5619941e-07   7.2236265e-03   1.2000000e+02   5.6359184e-01
  3.7405595190586e+00  -4.9603461e-08  -2.0845173e-06   4.1571909e+01  -1.9270760e-09   3.2990078e-08   7.9073419e-03   1.2000000e+02   5.6359184e-01
  3.7452953113468e+00  -4.9964359e-08   2.1319579e-06   4.1615756e+01   5.1557323e-10   1.1321889e-06   8.1248279e-03   1.2000000e+02   5.6359184e-01
  3.7500311036349e+00  -2.9550843e-08   6.2752505e-06   4.1664694e+01   9.3138024e-09   2.5288185e-06   7.7591889e-03   1.2000000e+02   5.6359184e-01
  3.7547668959230e+00   6.1868149e-09   8.4111216e-06   4.1718532e+01   2.2777059e-08   2.8780561e-06   6.7124514e-03   1.2000000e+02   5.6359184e-01
  3.7595026882112e+00   4.6188557e-08   8.1067200e-06   4.1776683e+01   3.3378009e-08   1.2675143e-06   4.9407355e-03   1.2000000e+02   5.6359184e-01
  3.7642384804993e+00   7.9857583e-08   5.8552697e-06   4.1838122e+01   3.2288819e-08  -1.8698478e-06   2.4992822e-03   1.2000000e+02   5.6359184e-01
  3.7689742727875e+00   9.9880180e-08   2.4996476e-06   4.1901395e+01   1.5720241e-08  -4.9741378e-06  -4.2807719e-04   1.2000000e+02   5.6359184e-01
  3.7737100650756e+00   1.0346846e-07  -8.8598439e-07   4.1964770e+01  -1.2182413e-08  -6.4500174e-06  -3.5421365e-03   1.2000000e+02   5.6359184e-01
  3.7784458573638e+00   9.3546241e-08  -2.9886275e-06   4.2026543e+01  -4.1592591e-08  -5.5873281e-06  -6.4883041e-03   1.2000000e+02   5.6359184e-01
  3.7831816496519e+00   7.8618378e-08  -2.9896436e-06   4.2085446e+01  -6.1897695e-08  -2.7302844e-06  -8.9347451e-03   1.2000000e+02   5.6359184e-01
  3.7879174419401e+00   6.6967264e-08  -1.9466089e-06   4.2140965e+01  -6.5841689e-08   1.1322208e-06  -1.0633387e-02   1.2000000e+02   5.6359184e-01
  3.7926532342282e+00   5.8361337e-08  -1.9665508e-06   4.2193486e+01  -5.1570786e-08   4.7396633e-06  -1.1455574e-02   1.2000000e+02   5.6359184e-01
  3.7973890265163e+00   4.6404169e-08  -3.1037749e-06   4.2244204e+01  -2.3533145e-08   6.7382025e-06  -1.1411001e-02   1.2000000e+02   5.6359184e-01
  3.8021248188045e+00   3.1074798e-08  -2.9573339e-06   4.2294792e+01   8.2792593e-09   6.2876634e-06  -1.0641045e-02   1.2000000e+02   5.6359184e-01
  3.8068606110926e+00   2.2572934e-08  -3.3072978e-07   4.2346912e+01   3.2804431e-08   3.8567602e-06  -9.3727539e-03   1.2000000e+02   5.6359184e-01
  3.8115964033808e+00   2.8216612e-08   2.4741133e-06   4.2401753e+01   4.4175249e-08   1.0197398e-06  -7.8452266e-03   1.2000000e+02   5.6359184e-01
  3.8163321956689e+00   4.2598927e-08   3.2794518e-06   4.2459842e+01   4.4104425e-08  -8.2692963e-07  -6.2375453e-03   1.2000000e+02   5.6359184e-01
  3.8210679879571e+00   5.7826936e-08   3.1783652e-06   4.2521172e+01   3.8417993e-08  -1.4018339e-06  -4.6278382e-03   1.2000000e+02   5.6359184e-01
  3.8258037802452e+00   7.3801580e-08   3.6860535e-06   4.2585450e+01   3.1834995e-08  -1.3439388e-06  -3.0040291e-03   1.2000000e+02   5.6359184e-01
  3.8305395725334e+00   9.2933883e-08   4.2654380e-06   4.2652269e+01   2.5530873e-08  -1.3685341e-06  -1.3159481e-03   1.2000000e+02   5.6359184e-01
  3.8352753648215e+00   1.1099829e-07   2.8276719e-06   4.2721141e+01   1.8141154e-08  -1.8637342e-06   4.6649983e-04   1.2000000e+02   5.6359184e-01
  3.8400111571096e+00   1.1345645e-07  -2.4107189e-06   4.2791460e+01   6.2340912e-09  -3.3893776e-06   2.3128707e-03   1.2000000e+02   5.6359184e-01
  3.8447469493978e+00   8.4805316e-08  -9.6205236e-06   4.2862556e+01  -1.6042774e-08  -6.1443786e-06   4.1266999e-03   1.2000000e+02   5.6359184e-01
  3.8494827416859e+00   2.7862173e-08  -1.3407213e-05   4.2933925e+01  -5.1093717e-08  -8.2976218e-06   5.7749829e-03   1.2000000e+02   5.6359184e-01
  3.8542185339741e+00  -3.0228753e-08  -9.9074900e-06   4.3005528e+01  -8.8512792e-08  -6.6628965e-06   7.1154507e-03   1.2000000e+02   5.6359184e-01
  3.8589543262622e+00  -5.7518480e-08  -1.2274968e-06   4.3077957e+01  -1.0557503e-07   2.5784930e-07   8.0141054e-03   1.2000000e+02   5.6359184e-01
  3.8636901185504e+00  -4.2800441e-08   6.9791547e-06   4.3152385e+01  -8.1198182e-08   1.0127607e-05   8.3753269e-03   1.2000000e+02   5.6359184e-01
  3.8684259108385e+00   3.1120337e-09   1.1901130e-05   4.3230286e+01  -1.3646694e-08   1.7498846e-05   8.1698693e-03   1.2000000e+02   5.6359184e-01
  3.8731617031267e+00   6.6472490e-08   1.4614236e-05   4.3312949e+01   7.2477426e-08   1.7449845e-05   7.4488869e-03   1.2000000e+02   5.6359184e-01
  3.8778974954148e+00   1.3871434e-07   1.5446524e-05   4.3400808e+01   1.3877342e-07   9.4686287e-06   6.3613125e-03   1.2000000e+02   5.6359184e-01
  3.8826332877030e+00   2.0642467e-07   1.2361300e-05   4.3492883e+01   1.5536150e-07  -2.7553105e-06   5.1433760e-03   1.2000000e+02   5.6359184e-01
  3.8873690799911e+00   2.4906962e-07   5.2079072e-06   4.3586734e+01   1.1389481e-07  -1.4217803e-05   4.0497651e-03   1.2000000e+02   5.6359184e-01
  3.8921048722792e+00   2.5522015e-07  -2.3050717e-06   4.3679118e+01   2.9623584e-08  -2.0125082e-05   3.2808225e-03   1.2000000e+02   5.6359184e-01
  3.8968406645674e+00   2.3191725e-07  -7.0164034e-06   4.3767079e+01  -6.3192700e-08  -1.7697175e-05   2.9330821e-03   1.2000000e+02   5.6359184e-01
  3.9015764568555e+00   1.9329087e-07  -8.8572751e-06   4.3849022e+01  -1.2729089e-07  -8.6446289e-06   2.9510176e-03   1.2000000e+02   5.6359184e-01
  3.9063122491437e+00   1.5232762e-07  -8.0137658e-06   4.3925297e+01  -1.4181475e-07   2.5153029e-06   3.1332581e-03   1.2000000e+02   5.6359184e-01
  3.9110480414318e+00   1.2097540e-07  -4.9405253e-06   4.3997987e+01  -1.0578044e-07   1.2226068e-05   3.2317909e-03   1.2000000e+02   5.6359184e-01
  3.9157838337200e+00   1.0631657e-07  -1.5212669e-06   4.4070054e+01  -3.3748059e-08   1.7010137e-05   3.0306008e-03   1.2000000e+02   5.6359184e-01
  3.9205196260081e+00   9.9307867e-08  -2.5449719e-06   4.4144297e+01   4.0355261e-08   1.2537445e-05   2.3406765e-03   1.2000000e+02   5.6359184e-01
  3.9252554182963e+00   7.3032974e-08  -8.9249535e-06   4.4222534e+01   7.0613910e-08  -6.0413074e-07   1.0562605e-03   1.2000000e+02   5.6359184e-01
  3.9299912105844e+00   2.0223715e-08  -1.1937812e-05   4.4305319e+01   3.6338054e-08  -1.2670502e-05  -6.8717509e-04   1.2000000e+02   5.6359184e-01
  3.9347270028725e+00  -2.2480157e-08  -4.3726017e-06   4.4392240e+01  -3.1593574e-08  -1.3955075e-05  -2.5265323e-03   1.2000000e+02   5.6359184e-01
  3.9394627951607e+00  -1.0529038e-08   9.7439154e-06   4.4482627e+01  -7.8973542e-08  -4.8360054e-06  -4.1274328e-03   1.2000000e+02   5.6359184e-01
  3.9441985874488e+00   6.6119616e-08   2.1726555e-05   4.4576242e+01  -7.0974607e-08   8.3802852e-06  -5.3345531e-03   1.2000000e+02   5.6359184e-01
  3.9489343797370e+00   1.8488814e-07   2.7395244e-05   4.4673501e+01  -2.6595411e-09   1.9609094e-05  -6.1015610e-03   1.2000000e+02   5.6359184e-01
  3.9536701720251e+00   3.1740959e-07   2.7882506e-05   4.4775173e+01   1.0046952e-07   2.1935125e-05  -6.4964312e-03   1.2000000e+02   5.6359184e-01
  3.9584059643133e+00   4.4129655e-07   2.3318413e-05   4.4881604e+01   1.8395450e-07   1.1304743e-05  -6.7923621e-03   1.2000000e+02   5.6359184e-01
  3.9631417566014e+00   5.2293474e-07   9.2748318e-06   4.4991696e+01   1.9404189e-07  -7.6073846e-06  -7.3433993e-03   1.2000000e+02   5.6359184e-01
  3.9678775488895e+00   5.1432291e-07  -1.3516718e-05   4.5102372e+01   1.1573606e-07  -2.4151815e-05  -8.3383246e-03   1.2000000e+02   5.6359184e-01
  3.9726133411777e+00   4.0376746e-07  -3.0760938e-05   4.5209374e+01  -1.5830572e-08  -2.9129012e-05  -9.8045716e-03   1.2000000e+02   5.6359184e-01
  3.9773491334658e+00   2.5292279e-07  -3.0014901e-05   4.5309016e+01  -1.3975964e-07  -2.1556568e-05  -1.1800872e-02   1.2000000e+02   5.6359184e-01
  3.9820849257540e+00   1.3825696e-07  -1.7414798e-05   4.5399681e+01  -2.0999715e-07  -7.6210287e-06  -1.4383299e-02   1.2000000e+02   5.6359184e-01
  3.9868207180421e+00   9.5133612e-08   9.3797735e-08   4.5482502e+01  -2.1006324e-07   7.6471523e-06  -1.7356628e-02   1.2000000e+02   5.6359184e-01
  3.9915565103303e+00   1.4854744e-07   2.3000157e-05   4.5561205e+01  -1.3807285e-07   2.2474393e-05  -2.0271961e-02   1.2000000e+02   5.6359184e-01
  3.9962923026184e+00   3.0452362e-07   4.0175086e-05   4.5640910e+01  -5.3325777e-09   3.1957859e-05  -2.2736250e-02   1.2000000e+02   5.6359184e-01
  4.0008879610540e+00   4.8891130e-07   3.4805357e-05   4.5718679e+01   1.4118903e-07   2.7881399e-05  -2.4480972e-02   1.2000000e+02   5.6359184e-01
  4.0056237533422e+00   5.9581752e-07   1.1026037e-05   4.5810798e+01   2.1895060e-07   5.2926492e-06  -2.5975938e-02   1.2000000e+02   5.6359184e-01
  4.0103595456303e+00   5.8740934e-07  -9.7438297e-06   4.5911840e+01   1.7164675e-07  -2.0696739e-05  -2.7218178e-02   1.2000000e+02   5.6359184e-01
  4.0150953379185e+00   5.1280033e-07  -1.9336184e-05   4.6019124e+01   3.5660676e-08  -3.2236677e-05  -2.8411015e-02   1.2000000e+02   5.6359184e-01
  4.0198311302066e+00   4.1188174e-07  -2.1492459e-05   4.6129496e+01  -1.0862878e-07  -2.7172190e-05  -2.9729627e-02   1.2000000e+02   5.6359184e-01
  4.0245669224948e+00   3.3247068e-07  -1.0811999e-05   4.6240357e+01  -2.0013482e-07  -1.1991482e-05  -3.1186343e-02   1.2000000e+02   5.6359184e-01
  4.0293027147829e+00   3.4205621e-07   1.3294469e-05   4.6350693e+01  -1.9654637e-07   1.1858235e-05  -3.2502461e-02   1.2000000e+02   5.6359184e-01
  4.0340385070710e+00   4.7336398e-07   3.7761309e-05   4.6461241e+01  -7.0235139e-08   3.7010682e-05  -3.3202466e-02   1.2000000e+02   5.6359184e-01
  4.0387742993592e+00   6.8612104e-07   4.7621994e-05   4.6574186e+01   1.3244866e-07   4.3296866e-05  -3.3100167e-02   1.2000000e+02   5.6359184e-01
  4.0435100916473e+00   8.9228761e-07   3.7895656e-05   4.6692452e+01   2.9304121e-07   2.3537535e-05  -3.2662232e-02   1.2000000e+02   5.6359184e-01
  4.0482458839355e+00   1.0254274e-06   2.1008307e-05   4.6818205e+01   3.2183754e-07  -7.8606544e-06  -3.2884837e-02   1.2000000e+02   5.6359184e-01
  4.0529816762236e+00   1.0983711e-06   1.2390278e-05   4.6950832e+01   2.0885698e-07  -3.4690192e-05  -3.4848377e-02   1.2000000e+02   5.6359184e-01
  4.0577174685118e+00   1.1436766e-06   6.7992873e-06   4.7085835e+01   7.6136046e-09  -4.5722713e-05  -3.9058125e-02   1.2000000e+02   5.6359184e-01
  4.0624532607999e+00   1.1438506e-06  -6.5248522e-06   4.7216319e+01  -1.9396013e-07  -3.7471610e-05  -4.4931279e-02   1.2000000e+02   5.6359184e-01
  4.0671890530881e+00   1.0685524e-06  -2.2358135e-05   4.7336683e+01  -3.1233291e-07  -1.3383639e-05  -5.0878757e-02   1.2000000e+02   5.6359184e-01
  4.0719248453762e+00   9.5415978e-07  -2.1460263e-05   4.7446229e+01  -2.9270450e-07   1.7820718e-05  -5.5065537e-02   1.2000000e+02   5.6359184e-01
  4.0766606376643e+00   9.1348805e-07   3.4161226e-06   4.7550460e+01  -1.3711427e-07   4.2715621e-05  -5.6370166e-02   1.2000000e+02   5.6359184e-01
  4.0813964299525e+00   1.0021831e-06   3.0994827e-05   4.7658863e+01   8.5617586e-08   4.5266823e-05  -5.4742681e-02   1.2000000e+02   5.6359184e-01
  4.0861322222406e+00   1.2947302e-06   9.2166511e-05   4.7797408e+01   2.3015374e-07   1.7323400e-05  -5.0984544e-02   1.2000000e+02   5.6359184e-01
  4.0908680145288e+00   1.8674386e-06   1.2878011e-04   4.7938872e+01   2.5830822e-07   1.9981596e-08  -4.5868998e-02   1.2000000e+02   5.6359184e-01
  4.0956038068169e+00   2.3221475e-06   6.0353286e-05   4.8073316e+01   2.2455909e-07  -1.4369692e-05  -4.0692635e-02   1.2000000e+02   5.6359184e-01
  4.1003395991051e+00   2.3723767e-06  -2.4317826e-05   4.8232048e+01   1.1784680e-07  -2.5471843e-05  -3.6810617e-02   1.2000000e+02   5.6359184e-01
  4.1050753913932e+00   2.2200596e-06  -1.4482428e-05   4.8386525e+01   1.3135424e-08  -1.9749504e-05  -3.4706164e-02   1.2000000e+02   5.6359184e-01
  4.1098111836813e+00   2.4573390e-06   9.8582892e-05   4.8529590e+01  -9.0039615e-08  -2.4239939e-05  -3.4602246e-02   1.2000000e+02   5.6359184e-01
  4.1145469759695e+00   2.9899296e-06   9.9578627e-05   4.8660063e+01  -1.9268396e-07  -1.5069581e-05  -3.6290382e-02   1.2000000e+02   5.6359184e-01
  4.1192827682576e+00   3.1968982e-06   2.8249525e-07   4.8785413e+01  -1.6687810e-07   2.3491041e-05  -3.9678329e-02   1.2000000e+02   5.6359184e-01
  4.1240185605458e+00   3.1977558e-06   2.9654766e-05   4.8921611e+01   1.5768596e-08   4.3873054e-05  -4.5524962e-02   1.2000000e+02   5.6359184e-01
  4.1287543528339e+00   3.6360828e-06   1.2723894e-04   4.9082651e+01   1.8227579e-07   2.3918569e-05  -5.4126514e-02   1.2000000e+02   5.6359184e-01
  4.1334901451221e+00   4.1645345e-06   8.3996949e-05   4.9267520e+01   1.9788363e-07  -1.2856752e-05  -6.4371505e-02   1.2000000e+02   5.6359184e-01
  4.1382259374102e+00   4.4966960e-06   8.9081926e-05   4.9463632e+01   7.1479328e-08  -3.3260642e-05  -7.4473055e-02   1.2000000e+02   5.6359184e-01
  4.1429617296984e+00   5.3969320e-06   2.7240407e-04   4.9658558e+01  -7.5679333e-08  -2.5065363e-05  -8.3300963e-02   1.2000000e+02   5.6359184e-01
  4.1476975219865e+00   6.6533348e-06   1.9396573e-04   4.9845845e+01  -9.2178868e-08   1.8305095e-05  -9.0798274e-02   1.2000000e+02   5.6359184e-01
  4.1524333142747e+00   6.8115455e-06  -5.9661212e-05   5.0029360e+01   9.8711344e-08   4.5943378e-05  -9.8007331e-02   1.2000000e+02   5.6359184e-01
  4.1571691065628e+00   6.8381940e-06   1.2015655e-04   5.0223142e+01   2.0247360e-07   9.7180355e-07  -1.0646838e-01   1.2000000e+02   5.6359184e-01
  4.1619048988509e+00   8.0476904e-06   2.9572177e-04   5.0434954e+01   2.6633866e-07   4.6592453e-05  -1.1495306e-01   1.2000000e+02   5.6359184e-01
  4.1666406911391e+00   8.7985700e-06   1.4352829e-06   5.0660037e+01   7.8695525e-07   1.4397014e-04  -1.2119838e-01   1.2000000e+02   5.6359184e-01
  4.1713764834272e+00   7.6452231e-06  -4.2000476e-04   5.0889928e+01   1.3185001e-06   6.3062780e-05  -1.2511888e-01   1.2000000e+02   5.6359184e-01
  4.1761122757154e+00   5.3636157e-06  -4.1099172e-04   5.1117516e+01   1.1909867e-06  -1.0107472e-04  -1.2684136e-01   1.2000000e+02   5.6359184e-01
  4.1808480680035e+00   5.4423755e-06   4.4027393e-04   5.1341976e+01   1.8591862e-07  -3.0991005e-04  -1.2694092e-01   1.2000000e+02   5.6359184e-01
  4.1855838602917e+00   1.0028323e-05   1.2790560e-03   5.1557963e+01  -2.0884438e-06  -6.2665403e-04  -1.2730871e-01   1.2000000e+02   5.6359184e-01
  4.1903196525798e+00   1.6536992e-05   1.3794927e-03   5.1760284e+01  -5.8216723e-06  -8.7309935e-04  -1.2818019e-01   1.2000000e+02   5.6359184e-01
  4.1950554448679e+00   2.3095837e-05   1.4152933e-03   5.1967822e+01  -9.6303341e-06  -6.8240108e-04  -1.2405000e-01   1.2000000e+02   5.6359184e-01
  4.1997912371561e+00   3.0105227e-05   1.5117986e-03   5.2213044e+01  -1.1834039e-05  -3.1047248e-04  -1.1403310e-01   1.2000000e+02   5.6359184e-01
  4.2045270294442e+00   3.6396571e-05   1.0543126e-03   5.2518237e+01  -1.2620459e-05  -6.4156180e-05  -1.0508890e-01   1.2000000e+02   5.6359184e-01
  4.2092628217324e+00   3.8636014e-05   1.0427428e-05   5.2874800e+01  -1.2063392e-05   3.0687395e-04  -1.0183887e-01   1.2000000e+02   5.6359184e-01
  4.2139986140205e+00   3.7268405e-05  -3.3396202e-04   5.3249741e+01  -8.6988949e-06   1.0807123e-03  -1.0282662e-01   1.2000000e+02   5.6359184e-01
  4.2187344063087e+00   3.6409718e-05  -1.0938065e-04   5.3602902e+01  -1.2831503e-06   1.8837004e-03  -1.0623542e-01   1.2000000e+02   5.6359184e-01
  4.2234701985968e+00   3.5803699e-05  -9.3766364e-05   5.3916096e+01   8.3732847e-06   2.0628247e-03  -1.1427943e-01   1.2000000e+02   5.6359184e-01
  4.2282059908850e+00   3.7740062e-05   1.0643468e-03   5.4219207e+01   1.7496150e-05   1.7801484e-03  -1.2436228e-01   1.2000000e+02   5.6359184e-01
  4.2329417831731e+00   5.0309668e-05   4.1949248e-03   5.4558327e+01   2.4596866e-05   1.2231812e-03  -1.3299011e-01   1.2000000e+02   5.6359184e-01
  4.2376775754613e+00   8.3280504e-05   9.3635009e-03   5.4975348e+01   2.7426458e-05  -1.5099016e-05  -1.4215989e-01   1.2000000e+02   5.6359184e-01
  4.2424133677494e+00   1.4368422e-04   1.5424047e-02   5.5492077e+01   2.2811082e-05  -1.6866901e-03  -1.4954511e-01   1.2000000e+02   5.6359184e-01
  4.2471491600375e+00   2.3323003e-04   2.1667752e-02   5.6094113e+01   1.2116225e-05  -2.5700438e-03  -1.4309931e-01   1.2000000e+02   5.6359184e-01
  4.2518849523257e+00   3.5403381e-04   2.8468729e-02   5.6749418e+01  -2.4077893e-06  -3.6672146e-03  -1.2767165e-01   1.2000000e+02   5.6359184e-01
  4.2566207446138e+00   5.0072914e-04   3.2097773e-02   5.7414934e+01  -2.5854207e-05  -5.9367317e-03  -1.2303229e-01   1.2000000e+02   5.6359184e-01
  4.2613565369020e+00   6.5371482e-04   3.2381624e-02   5.8049029e+01  -5.6000142e-05  -6.1950043e-03  -1.2095548e-01   1.2000000e+02   5.6359184e-01
  4.2660923291901e+00   7.9941722e-04   2.8188225e-02   5.8580608e+01  -7.8398486e-05  -3.1901044e-03  -1.1196841e-01   1.2000000e+02   5.6359184e-01
  4.2708281214783e+00   8.8100466e-04   4.4905321e-03   5.8878732e+01  -8.0426204e-05   1.8916251e-03  -1.3258646e-01   1.2000000e+02   5.6359184e-01
  4.2755639137664e+00   7.6558171e-04  -5.1747921e-02   5.8998341e+01  -5.6857774e-05   7.3368621e-03  -1.9447892e-01   1.2000000e+02   5.6359184e-01
  4.2802997060546e+00   3.0654852e-04  -1.3480979e-01   5.9238822e+01  -8.9217237e-06   1.2176095e-02  -2.3920295e-01   1.2000000e+02   5.6359184e-01
  4.2850354983427e+00  -6.0107158e-04  -2.3878262e-01   5.9908392e+01   5.8979646e-05   1.5593955e-02  -2.4906340e-01   1.2000000e+02   5.6359184e-01
  4.2897712906309e+00  -2.0193631e-03  -3.4193343e-01   6.1293185e+01   1.3276321e-04   1.4952688e-02  -2.6864469e-01   1.2000000e+02   5.6359184e-01
  4.2945070829190e+00  -3.7561517e-03  -3.7121404e-01   6.3497399e+01   1.9345829e-04   1.0580836e-02  -2.9270320e-01   1.2000000e+02   5.6359184e-01
  4.2992428752071e+00  -5.3352862e-03  -2.8523842e-01   6.6582449e+01   2.2186231e-04   1.9231377e-03  -2.7944450e-01   1.2000000e+02   5.6359184e-01
  4.3039786674953e+00  -6.1714448e-03  -7.2240097e-02   7.0517354e+01   2.0533519e-04  -7.5235862e-03  -2.4240786e-01   1.2000000e+02   5.6359184e-01
  4.3087144597834e+00  -5.5702467e-03   3.0594047e-01   7.5172998e+01   1.4568398e-04  -1.6539397e-02  -2.3993175e-01   1.2000000e+02   5.6359178e-01
  4.3134502520716e+00  -2.8704965e-03   7.8165541e-01   8.0173531e+01   4.7015479e-05  -2.3551112e-02  -2.7912759e-01   1.2000000e+02   5.6358111e-01
  4.3181860443597e+00   2.2998787e-03   1.3607842e+00   8.3283060e+01  -6.9376682e-05  -2.4082184e-02  -2.8599908e-01   1.2000000e+02   5.6265566e-01
  4.3229218366479e+00   1.0697346e-02   2.1113334e+00   8.3890849e+01  -1.6157944e-04  -1.4477046e-02  -2.2559494e-01   1.2000000e+02   5.5729344e-01
  4.3276576289360e+00   2.2829408e-02   2.9071407e+00   8.3188847e+01  -1.9752741e-04  -3.6039342e-03  -1.6342948e-01   1.2000000e+02   5.4609528e-01
  4.3323934212242e+00   3.8573831e-02   3.6416087e+00   8.1582560e+01  -2.1793781e-04  -6.9562088e-03  -1.9131640e-01   1.2000000e+02   5.2936952e-01
  4.3371292135123e+00   5.7701542e-02   4.3396913e+00   7.9296468e+01  -2.7682872e-04  -1.6295885e-02  -3.0254630e-01   1.2000000e+02   5.0802839e-01
  4.3418650058004e+00   7.9873918e-02   4.9261303e+00   7.6525219e+01  -3.6381693e-04  -1.8560529e-02  -3.7897540e-01   1.2000000e+02   4.8339372e-01
  4.3466007980886e+00   1.0443780e-01   5.3707677e+00   7.3479708e+01  -4.3593808e-04  -1.1871741e-02  -3.5781679e-01   1.2000000e+02   4.5704615e-01
  4.3513365903767e+00   1.3080085e-01   5.7056253e+00   7.0348377e+01  -4.8166581e-04  -9.8991279e-03  -3.1010949e-01   1.2000000e+02   4.3035763e-01
  4.3560723826649e+00   1.5849675e-01   5.9455507e+00   6.7256864e+01  -5.5219978e-04  -1.9586741e-02  -3.0945016e-01   1.2000000e+02   4.0423497e-01
  4.3608081749530e+00   1.8711111e-01   6.1084214e+00   6.4279869e+01  -6.6585781e-04  -2.6227877e-02  -3.1287404e-01   1.2000000e+02   3.7920703e-01
  4.3655439672412e+00   2.1636242e-01   6.2246296e+00   6.1455196e+01  -7.9566310e-04  -2.8167726e-02  -2.9572759e-01   1.2000000e+02   3.5553781e-01
  4.3702797595293e+00   2.4606800e-01   6.3031763e+00   5.8800101e+01  -9.3111590e-04  -2.8483880e-02  -2.6111899e-01   1.2000000e+02   3.3334250e-01
  4.3750155518174e+00   2.7601319e-01   6.3313971e+00   5.6320799e+01  -1.0598908e-03  -2.5980719e-02  -2.1327642e-01   1.2000000e+02   3.1267299e-01
  4.3797513441056e+00   3.0597409e-01   6.3181182e+00   5.4020044e+01  -1.1755705e-03  -2.3229590e-02  -1.7321179e-01   1.2000000e+02   2.9353429e-01
  4.3844871363937e+00   3.3581064e-01   6.2847576e+00   5.1893420e+01  -1.2776924e-03  -2.0229270e-02  -1.4981826e-01   1.2000000e+02   2.7586244e-01
  4.3892229286819e+00   3.6546628e-01   6.2430787e+00   4.9929706e+01  -1.3665391e-03  -1.7888015e-02  -1.3613854e-01   1.2000000e+02   2.5955462e-01
  4.3939587209700e+00   3.9489542e-01   6.1896975e+00   4.8116440e+01  -1.4515422e-03  -1.8556102e-02  -1.3527615e-01   1.2000000e+02   2.4452028e-01
  4.3986945132582e+00   4.2403839e-01   6.1247370e+00   4.6444510e+01  -1.5488427e-03  -2.2373999e-02  -1.5416633e-01   1.2000000e+02   2.3068778e-01
  4.4034303055463e+00   4.5286547e-01   6.0583683e+00   4.4905950e+01  -1.6659510e-03  -2.6341109e-02  -1.7874605e-01   1.2000000e+02   2.1797463e-01
  4.4081660978345e+00   4.8139347e-01   5.9979778e+00   4.3490630e+01  -1.7963874e-03  -2.8124948e-02  -1.9321000e-01   1.2000000e+02   2.0628060e-01
  4.4129018901226e+00   5.0964269e-01   5.9387855e+00   4.2186577e+01  -1.9299169e-03  -2.8100773e-02  -1.9603233e-01   1.2000000e+02   1.9550793e-01
  4.4176376824108e+00   5.3758934e-01   5.8698214e+00   4.0982561e+01  -2.0627550e-03  -2.8204543e-02  -1.9902109e-01   1.2000000e+02   1.8558237e-01
  4.4223734746989e+00   5.6516898e-01   5.7854922e+00   3.9870655e+01  -2.2007866e-03  -3.0138265e-02  -2.1265807e-01   1.2000000e+02   1.7645393e-01
  4.4271092669870e+00   5.9231109e-01   5.6874520e+00   3.8845776e+01  -2.3499239e-03  -3.2287352e-02  -2.2302963e-01   1.2000000e+02   1.6807977e-01
  4.4318450592752e+00   6.1896805e-01   5.5832690e+00   3.7903619e+01  -2.5005161e-03  -3.0645411e-02  -2.0530068e-01   1.2000000e+02   1.6041081e-01
  4.4365808515633e+00   6.4514612e-01   5.4863999e+00   3.7039483e+01  -2.6309229e-03  -2.4824994e-02  -1.6246596e-01   1.2000000e+02   1.5338487e-01
  4.4413166438515e+00   6.7090043e-01   5.4022107e+00   3.6246143e+01  -2.7346286e-03  -2.0198931e-02  -1.2849213e-01   1.2000000e+02   1.4693130e-01
  4.4460524361396e+00   6.9627052e-01   5.3215295e+00   3.5514620e+01  -2.8283893e-03  -2.0138762e-02  -1.2631165e-01   1.2000000e+02   1.4099016e-01
  4.4507882284278e+00   7.2124053e-01   5.2330565e+00   3.4837726e+01  -2.9316738e-03  -2.3398931e-02  -1.5025549e-01   1.2000000e+02   1.3552080e-01
  4.4555240207159e+00   7.4577127e-01   5.1385889e+00   3.4212110e+01  -3.0527009e-03  -2.7066949e-02  -1.8047717e-01   1.2000000e+02   1.3049118e-01
  4.4602598130040e+00   7.6987199e-01   5.0526810e+00   3.3636365e+01  -3.1863807e-03  -2.8810926e-02  -1.9978784e-01   1.2000000e+02   1.2586083e-01
  4.4649956052922e+00   7.9360526e-01   4.9811668e+00   3.3106219e+01  -3.3244381e-03  -2.9448510e-02  -2.0807018e-01   1.2000000e+02   1.2158221e-01
  4.4697313975803e+00   8.1702166e-01   4.9161492e+00   3.2614801e+01  -3.4676390e-03  -3.1001396e-02  -2.1493893e-01   1.2000000e+02   1.1761657e-01
  4.4744671898685e+00   8.4011945e-01   4.8454023e+00   3.2156116e+01  -3.6187114e-03  -3.2383696e-02  -2.1763776e-01   1.2000000e+02   1.1394086e-01
  4.4792029821566e+00   8.6284906e-01   4.7622413e+00   3.1727168e+01  -3.7711480e-03  -3.1727151e-02  -2.0964430e-01   1.2000000e+02   1.1054311e-01
  4.4839387744448e+00   8.8516789e-01   4.6748860e+00   3.1328545e+01  -3.9165051e-03  -2.9866086e-02  -1.9646718e-01   1.2000000e+02   1.0740979e-01
  4.4886745667329e+00   9.0709582e-01   4.5977156e+00   3.0917333e+01  -4.0542403e-03  -2.8655853e-02  -1.8822898e-01   1.2000000e+02   1.0417009e-01
  4.4934103590211e+00   9.2869714e-01   4.5346381e+00   3.0581936e+01  -4.1895740e-03  -2.8667738e-02  -1.8980477e-01   1.2000000e+02   1.0151130e-01
  4.4981461513092e+00   9.5002022e-01   4.4776238e+00   3.0307524e+01  -4.3270510e-03  -2.9360769e-02  -1.9778331e-01   1.2000000e+02   9.9336580e-02
  4.5028819435973e+00   9.7106568e-01   4.4166179e+00   3.0011900e+01  -4.4684567e-03  -3.0270855e-02  -2.0678920e-01   1.2000000e+02   9.7013034e-02
  4.5076177358855e+00   9.9180116e-01   4.3476927e+00   2.9733764e+01  -4.6146163e-03  -3.1335846e-02  -2.1575275e-01   1.2000000e+02   9.4854989e-02
  4.5123535281736e+00   1.0121944e+00   4.2734990e+00   2.9472998e+01  -4.7655629e-03  -3.2219119e-02  -2.2396518e-01   1.2000000e+02   9.2854759e-02
  4.5170893204618e+00   1.0322338e+00   4.1991563e+00   2.9229662e+01  -4.9188758e-03  -3.2365189e-02  -2.2886819e-01   1.2000000e+02   9.1002210e-02
  4.5218251127499e+00   1.0519318e+00   4.1294230e+00   2.9003463e+01  -5.0708196e-03  -3.1797788e-02  -2.2843353e-01   1.2000000e+02   8.9285345e-02
  4.5265609050381e+00   1.0713205e+00   4.0680205e+00   2.8793895e+01  -5.2194929e-03  -3.1109479e-02  -2.2353230e-01   1.2000000e+02   8.7691074e-02
  4.5312966973262e+00   1.0904451e+00   4.0166249e+00   2.8600049e+01  -5.3658289e-03  -3.0806213e-02  -2.1775102e-01   1.2000000e+02   8.6205927e-02
  4.5360324896144e+00   1.1093499e+00   3.9735650e+00   2.8420228e+01  -5.5117133e-03  -3.0814339e-02  -2.1442057e-01   1.2000000e+02   8.4817395e-02
  4.5407682819025e+00   1.1280610e+00   3.9333374e+00   2.8251822e+01  -5.6572511e-03  -3.0595362e-02  -2.1393078e-01   1.2000000e+02   8.3515867e-02
  4.5455040741907e+00   1.1465732e+00   3.8890896e+00   2.8092071e+01  -5.8003860e-03  -2.9881164e-02  -2.1495797e-01   1.2000000e+02   8.2295960e-02
  4.5502398664788e+00   1.1648557e+00   3.8370984e+00   2.7939342e+01  -5.9398881e-03  -2.9195195e-02  -2.1714980e-01   1.2000000e+02   8.1155712e-02
  4.5549756587669e+00   1.1828751e+00   3.7795245e+00   2.7793781e+01  -6.0780426e-03  -2.9301009e-02  -2.2118867e-01   1.2000000e+02   8.0093849e-02
  4.5597114510551e+00   1.2006204e+00   3.7222847e+00   2.7656648e+01  -6.2191025e-03  -3.0240965e-02  -2.2699367e-01   1.2000000e+02   7.9107186e-02
  4.5644472433432e+00   1.2181068e+00   3.6700154e+00   2.7528920e+01  -6.3650582e-03  -3.1192840e-02  -2.3232894e-01   1.2000000e+02   7.8190084e-02
  4.5691830356314e+00   1.2353602e+00   3.6229179e+00   2.7410332e+01  -6.5133308e-03  -3.1226434e-02  -2.3372811e-01   1.2000000e+02   7.7335910e-02
  4.5739188279195e+00   1.2523978e+00   3.5780301e+00   2.7299509e+01  -6.6588826e-03  -3.0255471e-02  -2.3007217e-01   1.2000000e+02   7.6538939e-02
  4.5786546202077e+00   1.2692230e+00   3.5330742e+00   2.7195096e+01  -6.7992109e-03  -2.9224086e-02  -2.2538032e-01   1.2000000e+02   7.5795069e-02
  4.5833904124958e+00   1.2858361e+00   3.4887451e+00   2.7096693e+01  -6.9368111e-03  -2.9088126e-02  -2.2595280e-01   1.2000000e+02   7.5101015e-02
  4.5881262047840e+00   1.3022461e+00   3.4472598e+00   2.7004544e+01  -7.0766218e-03  -2.9984351e-02  -2.3483496e-01   1.2000000e+02   7.4453184e-02
  4.5928619970721e+00   1.3184691e+00   3.4091750e+00   2.6918468e+01  -7.2223419e-03  -3.1404833e-02  -2.4945973e-01   1.2000000e+02   7.3847650e-02
  4.5975977893602e+00   1.3345168e+00   3.3726382e+00   2.6837471e+01  -7.3745322e-03  -3.2629906e-02  -2.6321286e-01   1.2000000e+02   7.3281076e-02
  4.6023335816484e+00   1.3503907e+00   3.3356302e+00   2.6760487e+01  -7.5309050e-03  -3.3228289e-02  -2.7040181e-01   1.2000000e+02   7.2751307e-02
  4.6070693739365e+00   1.3660876e+00   3.2981426e+00   2.6687279e+01  -7.6887255e-03  -3.3364596e-02  -2.7118766e-01   1.2000000e+02   7.2256841e-02
  4.6118051662247e+00   1.3816098e+00   3.2620676e+00   2.6618400e+01  -7.8469464e-03  -3.3465777e-02  -2.7066213e-01   1.2000000e+02   7.1795793e-02
  4.6165409585128e+00   1.3969692e+00   3.2291378e+00   2.6554292e+01  -8.0061932e-03  -3.3788618e-02  -2.7360267e-01   1.2000000e+02   7.1365499e-02
  4.6212767508010e+00   1.4121808e+00   3.1990385e+00   2.6494556e+01  -8.1675351e-03  -3.4298321e-02  -2.8077099e-01   1.2000000e+02   7.0963122e-02
  4.6260125430891e+00   1.4272526e+00   3.1695911e+00   2.6438125e+01  -8.3312175e-03  -3.4736625e-02  -2.8921229e-01   1.2000000e+02   7.0586534e-02
  4.6307483353773e+00   1.4421813e+00   3.1385470e+00   2.6384006e+01  -8.4962476e-03  -3.4888623e-02  -2.9554726e-01   1.2000000e+02   7.0234631e-02
  4.6354841276654e+00   1.4569569e+00   3.1052464e+00   2.6331886e+01  -8.6613435e-03  -3.4826932e-02  -2.9902413e-01   1.2000000e+02   6.9906912e-02
  4.6402199199535e+00   1.4715709e+00   3.0707455e+00   2.6282081e+01  -8.8261816e-03  -3.4817344e-02  -3.0157143e-01   1.2000000e+02   6.9602775e-02
  4.6449557122417e+00   1.4860219e+00   3.0365366e+00   2.6234958e+01  -8.9915489e-03  -3.5030755e-02  -3.0536108e-01   1.2000000e+02   6.9321175e-02
  4.6496915045298e+00   1.5003131e+00   3.0031456e+00   2.6190444e+01  -9.1583756e-03  -3.5382108e-02  -3.1030291e-01   1.2000000e+02   6.9060849e-02
  4.6544272968180e+00   1.5144473e+00   2.9700795e+00   2.6148151e+01  -9.3266276e-03  -3.5600289e-02  -3.1379098e-01   1.2000000e+02   6.8820728e-02
  4.6591630891061e+00   1.5284254e+00   2.9373415e+00   2.6108023e+01  -9.4950271e-03  -3.5474007e-02  -3.1345325e-01   1.2000000e+02   6.8599955e-02
  4.6638988813943e+00   1.5422528e+00   2.9065202e+00   2.6070667e+01  -9.6620782e-03  -3.5106379e-02  -3.1045038e-01   1.2000000e+02   6.8397407e-02
  4.6686346736824e+00   1.5559437e+00   2.8794200e+00   2.6036726e+01  -9.8275032e-03  -3.4829233e-02  -3.0912932e-01   1.2000000e+02   6.8211332e-02
  4.6733704659706e+00   1.5695154e+00   2.8554105e+00   2.6005813e+01  -9.9923154e-03  -3.4813036e-02  -3.1279104e-01   1.2000000e+02   6.8039778e-02
  4.6781062582587e+00   1.5829746e+00   2.8313534e+00   2.5976527e+01  -1.0157421e-02  -3.4897953e-02  -3.2030013e-01   1.2000000e+02   6.7881514e-02
  4.6828420505469e+00   1.5963141e+00   2.8050518e+00   2.5947903e+01  -1.0322726e-02  -3.4898848e-02  -3.2753037e-01   1.2000000e+02   6.7736310e-02
  4.6875778428350e+00   1.6095260e+00   2.7781370e+00   2.5920603e+01  -1.0488048e-02  -3.4947874e-02  -3.3214596e-01   1.2000000e+02   6.7604066e-02
  4.6923136351231e+00   1.6226180e+00   2.7545978e+00   2.5896163e+01  -1.0654460e-02  -3.5356033e-02  -3.3602934e-01   1.2000000e+02   6.7483752e-02
  4.6970494274113e+00   1.6356123e+00   2.7360955e+00   2.5874963e+01  -1.0823964e-02  -3.6172242e-02  -3.4237230e-01   1.2000000e+02   6.7373501e-02
  4.7017852196994e+00   1.6485256e+00   2.7193328e+00   2.5855320e+01  -1.0997565e-02  -3.6990045e-02  -3.5075808e-01   1.2000000e+02   6.7271897e-02
  4.7065210119876e+00   1.6613518e+00   2.6989921e+00   2.5834980e+01  -1.1173689e-02  -3.7228986e-02  -3.5631142e-01   1.2000000e+02   6.7179047e-02
  4.7112568042757e+00   1.6740667e+00   2.6731757e+00   2.5813373e+01  -1.1348819e-02  -3.6690623e-02  -3.5497277e-01   1.2000000e+02   6.7096154e-02
  4.7159925965639e+00   1.6866512e+00   2.6450054e+00   2.5791980e+01  -1.1520261e-02  -3.5827787e-02  -3.4907526e-01   1.2000000e+02   6.7024043e-02
  4.7207283888520e+00   1.6991061e+00   2.6187019e+00   2.5772458e+01  -1.1688380e-02  -3.5335845e-02  -3.4576209e-01   1.2000000e+02   6.6962298e-02
  4.7254641811401e+00   1.7114442e+00   2.5950958e+00   2.5754869e+01  -1.1855894e-02  -3.5480487e-02  -3.4954149e-01   1.2000000e+02   6.6909842e-02
  4.7301999734283e+00   1.7236722e+00   2.5717247e+00   2.5738078e+01  -1.2025104e-02  -3.5930338e-02  -3.5806489e-01   1.2000000e+02   6.6866023e-02
  4.7349357657164e+00   1.7357853e+00   2.5466899e+00   2.5721542e+01  -1.2196180e-02  -3.6234758e-02  -3.6587022e-01   1.2000000e+02   6.6830836e-02
  4.7396715580046e+00   1.7477775e+00   2.5211015e+00   2.5706082e+01  -1.2368008e-02  -3.6295958e-02  -3.7052296e-01   1.2000000e+02   6.6804191e-02
  4.7444073502927e+00   1.7596530e+00   2.4975588e+00   2.5692845e+01  -1.2539926e-02  -3.6318062e-02  -3.7385847e-01   1.2000000e+02   6.6785302e-02
  4.7491431425809e+00   1.7714257e+00   2.4772878e+00   2.5681997e+01  -1.2712298e-02  -3.6486850e-02  -3.7864412e-01   1.2000000e+02   6.6772923e-02
  4.7538789348690e+00   1.7831091e+00   2.4592790e+00   2.5672644e+01  -1.2885937e-02  -3.6823669e-02  -3.8574432e-01   1.2000000e+02   6.6766034e-02
  4.7586147271572e+00   1.7947087e+00   2.4414950e+00   2.5663677e+01  -1.3061415e-02  -3.7233258e-02  -3.9397875e-01   1.2000000e+02   6.6764244e-02
  4.7633505194453e+00   1.8062205e+00   2.4221986e+00   2.5654388e+01  -1.3238703e-02  -3.7572354e-02  -4.0123266e-01   1.2000000e+02   6.6767718e-02
  4.7680863117334e+00   1.8176348e+00   2.4005156e+00   2.5644534e+01  -1.3417139e-02  -3.7731814e-02  -4.0576925e-01   1.2000000e+02   6.6776904e-02
  4.7728221040216e+00   1.8289403e+00   2.3766872e+00   2.5634290e+01  -1.3595880e-02  -3.7737655e-02  -4.0759576e-01   1.2000000e+02   6.6792281e-02
  4.7775578963097e+00   1.8401302e+00   2.3521210e+00   2.5624280e+01  -1.3774568e-02  -3.7736787e-02  -4.0873870e-01   1.2000000e+02   6.6814081e-02
  4.7822936885979e+00   1.8512065e+00   2.3288562e+00   2.5615415e+01  -1.3953500e-02  -3.7833420e-02  -4.1151456e-01   1.2000000e+02   6.6842070e-02
  4.7870294808860e+00   1.8621802e+00   2.3086056e+00   2.5608532e+01  -1.4133056e-02  -3.7974527e-02  -4.1641266e-01   1.2000000e+02   6.6875498e-02
  4.7917652731742e+00   1.8730677e+00   2.2920198e+00   2.5604045e+01  -1.4313103e-02  -3.8034067e-02  -4.2200683e-01   1.2000000e+02   6.6913266e-02
  4.7965010654623e+00   1.8838851e+00   2.2784498e+00   2.5601714e+01  -1.4493103e-02  -3.7975704e-02  -4.2676828e-01   1.2000000e+02   6.6954232e-02
  4.8012368577505e+00   1.8946425e+00   2.2661274e+00   2.5600574e+01  -1.4672743e-02  -3.7910789e-02  -4.3069571e-01   1.2000000e+02   6.6997576e-02
  4.8059726500386e+00   1.9053399e+00   2.2528755e+00   2.5599281e+01  -1.4852460e-02  -3.8012742e-02  -4.3527189e-01   1.2000000e+02   6.7043101e-02
  4.8107084423268e+00   1.9159685e+00   2.2373144e+00   2.5596912e+01  -1.5033299e-02  -3.8349686e-02  -4.4171033e-01   1.2000000e+02   6.7091228e-02
  4.8154442346149e+00   1.9265179e+00   2.2198292e+00   2.5593637e+01  -1.5216091e-02  -3.8789200e-02  -4.4918596e-01   1.2000000e+02   6.7142588e-02
  4.8201800269030e+00   1.9369832e+00   2.2021965e+00   2.5590476e+01  -1.5400737e-02  -3.9117820e-02  -4.5535388e-01   1.2000000e+02   6.7197488e-02
  4.8249158191912e+00   1.9473682e+00   2.1858309e+00   2.5588221e+01  -1.5586435e-02  -3.9262595e-02  -4.5897728e-01   1.2000000e+02   6.7255733e-02
  4.8296516114793e+00   1.9576787e+00   2.1704210e+00   2.5586657e+01  -1.5772568e-02  -3.9336793e-02  -4.6149212e-01   1.2000000e+02   6.7316974e-02
  4.8343874037675e+00   1.9679157e+00   2.1546436e+00   2.5585081e+01  -1.5959153e-02  -3.9454756e-02  -4.6532773e-01   1.2000000e+02   6.7381121e-02
  4.8391231960556e+00   1.9780759e+00   2.1381980e+00   2.5583507e+01  -1.6146319e-02  -3.9558995e-02  -4.7084931e-01   1.2000000e+02   6.7448289e-02
  4.8438589883438e+00   1.9881598e+00   2.1226753e+00   2.5583032e+01  -1.6333529e-02  -3.9468226e-02  -4.7551255e-01   1.2000000e+02   6.7518301e-02
  4.8485947806319e+00   1.9981774e+00   2.1100706e+00   2.5584773e+01  -1.6519514e-02  -3.9077687e-02  -4.7620668e-01   1.2000000e+02   6.7590396e-02
  4.8533305729200e+00   2.0081439e+00   2.1005291e+00   2.5588533e+01  -1.6703027e-02  -3.8479670e-02  -4.7224797e-01   1.2000000e+02   6.7663557e-02
  4.8580663652082e+00   2.0180687e+00   2.0918617e+00   2.5592732e+01  -1.6883618e-02  -3.7875859e-02  -4.6590124e-01   1.2000000e+02   6.7737219e-02
  4.8628021574963e+00   2.0279485e+00   2.0813963e+00   2.5595737e+01  -1.7061636e-02  -3.7384073e-02  -4.6006510e-01   1.2000000e+02   6.7811635e-02
  4.8675379497845e+00   2.0377714e+00   2.0682153e+00   2.5597177e+01  -1.7237535e-02  -3.6954611e-02  -4.5581888e-01   1.2000000e+02   6.7887562e-02
  4.8722737420726e+00   2.0475272e+00   2.0535722e+00   2.5597968e+01  -1.7411295e-02  -3.6472040e-02  -4.5234336e-01   1.2000000e+02   6.7965599e-02
  4.8770095343608e+00   2.0572141e+00   2.0393103e+00   2.5599212e+01  -1.7582521e-02  -3.5899448e-02  -4.4870061e-01   1.2000000e+02   6.8045821e-02
  4.8817453266489e+00   2.0668363e+00   2.0260789e+00   2.5601184e+01  -1.7750952e-02  -3.5312761e-02  -4.4514262e-01   1.2000000e+02   6.8127958e-02
  4.8864811189371e+00   2.0763969e+00   2.0130510e+00   2.5603327e+01  -1.7916840e-02  -3.4830163e-02  -4.4279487e-01   1.2000000e+02   6.8211826e-02
  4.8912169112252e+00   2.0858935e+00   1.9990649e+00   2.5605025e+01  -1.8080884e-02  -3.4513626e-02  -4.4236750e-01   1.2000000e+02   6.8297545e-02
  4.8959527035134e+00   2.0953203e+00   1.9837476e+00   2.5606206e+01  -1.8243742e-02  -3.4294118e-02  -4.4306997e-01   1.2000000e+02   6.8385404e-02
  4.9006884958015e+00   2.1046721e+00   1.9676018e+00   2.5607271e+01  -1.8405399e-02  -3.3982496e-02  -4.4267138e-01   1.2000000e+02   6.8475616e-02
  4.9054242880896e+00   2.1139470e+00   1.9514203e+00   2.5608666e+01  -1.8564924e-02  -3.3410529e-02  -4.3899441e-01   1.2000000e+02   6.8568202e-02
  4.9101600803778e+00   2.1231469e+00   1.9359354e+00   2.5610704e+01  -1.8721039e-02  -3.2593794e-02  -4.3177424e-01   1.2000000e+02   6.8663019e-02
  4.9148958726659e+00   2.1322769e+00   1.9218651e+00   2.5613700e+01  -1.8873058e-02  -3.1725330e-02  -4.2304193e-01   1.2000000e+02   6.8759775e-02
  4.9196316649541e+00   2.1413455e+00   1.9098212e+00   2.5617974e+01  -1.9021289e-02  -3.0998308e-02  -4.1553119e-01   1.2000000e+02   6.8858003e-02
  4.9243674572422e+00   2.1503628e+00   1.8998369e+00   2.5623548e+01  -1.9166593e-02  -3.0459420e-02  -4.1064395e-01   1.2000000e+02   6.8957122e-02
  4.9291032495304e+00   2.1593363e+00   1.8909924e+00   2.5629858e+01  -1.9309673e-02  -3.0028406e-02  -4.0779783e-01   1.2000000e+02   6.9056662e-02
  4.9338390418185e+00   2.1682675e+00   1.8817629e+00   2.5635961e+01  -1.9450798e-02  -2.9623263e-02  -4.0549492e-01   1.2000000e+02   6.9156514e-02
  4.9385748341067e+00   2.1771512e+00   1.8710656e+00   2.5641188e+01  -1.9590061e-02  -2.9245559e-02  -4.0286472e-01   1.2000000e+02   6.9256961e-02
  4.9433106263948e+00   2.1859808e+00   1.8591907e+00   2.5645740e+01  -1.9727727e-02  -2.8946426e-02  -4.0012312e-01   1.2000000e+02   6.9358409e-02
  4.9480464186829e+00   2.1947544e+00   1.8476762e+00   2.5650611e+01  -1.9864205e-02  -2.8725011e-02  -3.9764139e-01   1.2000000e+02   6.9460980e-02
  4.9527822109711e+00   2.2034780e+00   1.8380318e+00   2.5656768e+01  -1.9999632e-02  -2.8484009e-02  -3.9491262e-01   1.2000000e+02   6.9564327e-02
  4.9575180032592e+00   2.2121616e+00   1.8303884e+00   2.5664267e+01  -2.0133579e-02  -2.8101696e-02  -3.9080318e-01   1.2000000e+02   6.9667859e-02
  4.9622537955474e+00   2.2208114e+00   1.8233929e+00   2.5672188e+01  -2.0265240e-02  -2.7546411e-02  -3.8489088e-01   1.2000000e+02   6.9771190e-02
  4.9669895878355e+00   2.2294261e+00   1.8154981e+00   2.5679501e+01  -2.0394007e-02  -2.6912180e-02  -3.7834117e-01   1.2000000e+02   6.9874391e-02
  4.9717253801237e+00   2.2379999e+00   1.8063557e+00   2.5685985e+01  -2.0519886e-02  -2.6339956e-02  -3.7322199e-01   1.2000000e+02   6.9977815e-02
  4.9764611724118e+00   2.2465292e+00   1.7969015e+00   2.5692253e+01  -2.0643413e-02  -2.5904477e-02  -3.7079304e-01   1.2000000e+02   7.0081702e-02
  4.9811969647000e+00   2.2550152e+00   1.7881172e+00   2.5698907e+01  -2.0765188e-02  -2.5575329e-02  -3.7039979e-01   1.2000000e+02   7.0185992e-02
  4.9859327569881e+00   2.2634613e+00   1.7798712e+00   2.5705801e+01  -2.0885515e-02  -2.5277749e-02  -3.7004775e-01   1.2000000e+02   7.0290528e-02
  4.9906685492762e+00   2.2718675e+00   1.7711218e+00   2.5712249e+01  -2.1004409e-02  -2.4969368e-02  -3.6799801e-01   1.2000000e+02   7.0395372e-02
  4.9954043415644e+00   2.2802293e+00   1.7612452e+00   2.5717944e+01  -2.1121804e-02  -2.4646071e-02  -3.6375017e-01   1.2000000e+02   7.0500843e-02
  5.0000000000000e+00   2.2885426e+00   1.7506857e+00   2.5724306e+01  -2.1237608e-02  -2.4286893e-02  -3.5754356e-01   1.2000000e+02   7.0620536e-02
  5.0047357922881e+00   2.2968117e+00   1.7418483e+00   2.5730553e+01  -2.1351701e-02  -2.3885890e-02  -3.5047071e-01   1.2000000e+02   7.0717731e-02
  5.0094715845763e+00   2.3050448e+00   1.7355193e+00   2.5739208e+01  -2.1463746e-02  -2.3423481e-02  -3.4303587e-01   1.2000000e+02   7.0824765e-02
  5.0142073768644e+00   2.3132532e+00   1.7312660e+00   2.5749266e+01  -2.1573491e-02  -2.2919419e-02  -3.3592210e-01   1.2000000e+02   7.0931068e-02
  5.0189431691526e+00   2.3214432e+00   1.7273470e+00   2.5759427e+01  -2.1680809e-02  -2.2402467e-02  -3.2976118e-01   1.2000000e+02   7.1036285e-02
  5.0236789614407e+00   2.3296112e+00   1.7217352e+00   2.5768294e+01  -2.1785700e-02  -2.1899490e-02  -3.2503584e-01   1.2000000e+02   7.1140658e-02
  5.0284147537289e+00   2.3377458e+00   1.7130956e+00   2.5774993e+01  -2.1888316e-02  -2.1449984e-02  -3.2209243e-01   1.2000000e+02   7.1244933e-02
  5.0331505460170e+00   2.3458318e+00   1.7012959e+00   2.5779458e+01  -2.1989027e-02  -2.1100849e-02  -3.2104134e-01   1.2000000e+02   7.1350079e-02
  5.0378863383052e+00   2.3538564e+00   1.6874157e+00   2.5782441e+01  -2.2088357e-02  -2.0864562e-02  -3.2144902e-01   1.2000000e+02   7.1456926e-02
  5.0426221305933e+00   2.3618140e+00   1.6733230e+00   2.5785265e+01  -2.2186764e-02  -2.0700972e-02  -3.2228193e-01   1.2000000e+02   7.1565865e-02
  5.0473579228815e+00   2.3697082e+00   1.6609042e+00   2.5789317e+01  -2.2284453e-02  -2.0553552e-02  -3.2239759e-01   1.2000000e+02   7.1676705e-02
  5.0520937151696e+00   2.3775498e+00   1.6511833e+00   2.5795412e+01  -2.2381404e-02  -2.0384719e-02  -3.2109705e-01   1.2000000e+02   7.1788783e-02
  5.0568295074577e+00   2.3853513e+00   1.6438013e+00   2.5803370e+01  -2.2477453e-02  -2.0168631e-02  -3.1817011e-01   1.2000000e+02   7.1901293e-02
  5.0615652997459e+00   2.3931206e+00   1.6373357e+00   2.5812183e+01  -2.2572315e-02  -1.9879562e-02  -3.1365982e-01   1.2000000e+02   7.2013685e-02
  5.0663010920340e+00   2.4008586e+00   1.6303813e+00   2.5820779e+01  -2.2665615e-02  -1.9510677e-02  -3.0787494e-01   1.2000000e+02   7.2125856e-02
  5.0710368843222e+00   2.4085614e+00   1.6225149e+00   2.5828749e+01  -2.2757030e-02  -1.9090490e-02  -3.0154336e-01   1.2000000e+02   7.2238015e-02
  5.0757726766103e+00   2.4162258e+00   1.6142492e+00   2.5836360e+01  -2.2846415e-02  -1.8658273e-02  -2.9556947e-01   1.2000000e+02   7.2350385e-02
  5.0805084688985e+00   2.4238512e+00   1.6061354e+00   2.5843932e+01  -2.2933756e-02  -1.8226644e-02  -2.9042635e-01   1.2000000e+02   7.2463042e-02
  5.0852442611866e+00   2.4314386e+00   1.5981159e+00   2.5851397e+01  -2.3019038e-02  -1.7788571e-02  -2.8594146e-01   1.2000000e+02   7.2576014e-02
  5.0899800534747e+00   2.4389875e+00   1.5898408e+00   2.5858548e+01  -2.3102255e-02  -1.7360400e-02  -2.8184063e-01   1.2000000e+02   7.2689403e-02
  5.0947158457629e+00   2.4464966e+00   1.5814288e+00   2.5865584e+01  -2.3183560e-02  -1.6988884e-02  -2.7828496e-01   1.2000000e+02   7.2803329e-02
  5.0994516380510e+00   2.4539671e+00   1.5736529e+00   2.5873191e+01  -2.3263303e-02  -1.6700487e-02  -2.7556934e-01   1.2000000e+02   7.2917719e-02
  5.1041874303392e+00   2.4614039e+00   1.5673113e+00   2.5882007e+01  -2.3341831e-02  -1.6468906e-02  -2.7347355e-01   1.2000000e+02   7.3032211e-02
  5.1089232226273e+00   2.4688145e+00   1.5625136e+00   2.5892076e+01  -2.3419320e-02  -1.6258849e-02  -2.7140181e-01   1.2000000e+02   7.3146285e-02
  5.1136590149155e+00   2.4762048e+00   1.5586038e+00   2.5902823e+01  -2.3495881e-02  -1.6082725e-02  -2.6920630e-01   1.2000000e+02   7.3259535e-02
  5.1183948072036e+00   2.4835769e+00   1.5546737e+00   2.5913496e+01  -2.3571764e-02  -1.5976395e-02  -2.6738106e-01   1.2000000e+02   7.3371824e-02
  5.1231305994918e+00   2.4909290e+00   1.5501175e+00   2.5923594e+01  -2.3647292e-02  -1.5923800e-02  -2.6619927e-01   1.2000000e+02   7.3483279e-02
  5.1278663917799e+00   2.4982578e+00   1.5448589e+00   2.5933029e+01  -2.3722547e-02  -1.5846598e-02  -2.6504470e-01   1.2000000e+02   7.3594144e-02
  5.1326021840681e+00   2.5055607e+00   1.5392498e+00   2.5942032e+01  -2.3797241e-02  -1.5682056e-02  -2.6299578e-01   1.2000000e+02   7.3704640e-02
  5.1373379763562e+00   2.5128372e+00   1.5337505e+00   2.5950928e+01  -2.3870959e-02  -1.5442589e-02  -2.5990803e-01   1.2000000e+02   7.3814870e-02
  5.1420737686443e+00   2.5200883e+00   1.5285384e+00   2.5959861e+01  -2.3943474e-02  -1.5181629e-02  -2.5653603e-01   1.2000000e+02   7.3924835e-02
  5.1468095609325e+00   2.5273149e+00   1.5233178e+00   2.5968665e+01  -2.4014764e-02  -1.4925553e-02  -2.5361076e-01   1.2000000e+02   7.4034542e-02
  5.1515453532206e+00   2.5345156e+00   1.5175375e+00   2.5977015e+01  -2.4084832e-02  -1.4662969e-02  -2.5113492e-01   1.2000000e+02   7.4144108e-02
  5.1562811455088e+00   2.5416868e+00   1.5108164e+00   2.5984725e+01  -2.4153618e-02  -1.4384340e-02  -2.4864447e-01   1.2000000e+02   7.4253764e-02
  5.1610169377969e+00   2.5488239e+00   1.5031492e+00   2.5991858e+01  -2.4221072e-02  -1.4104429e-02  -2.4584170e-01   1.2000000e+02   7.4363775e-02
  5.1657527300851e+00   2.5559230e+00   1.4948253e+00   2.5998630e+01  -2.4287248e-02  -1.3848545e-02  -2.4278353e-01   1.2000000e+02   7.4474349e-02
  5.1704885223732e+00   2.5629821e+00   1.4863922e+00   2.6005403e+01  -2.4352305e-02  -1.3632727e-02  -2.3963257e-01   1.2000000e+02   7.4585585e-02
  5.1752243146614e+00   2.5700027e+00   1.4787330e+00   2.6012797e+01  -2.4416431e-02  -1.3453150e-02  -2.3643712e-01   1.2000000e+02   7.4697387e-02
  5.1799601069495e+00   2.5769909e+00   1.4728416e+00   2.6021551e+01  -2.4479746e-02  -1.3284987e-02  -2.3315071e-01   1.2000000e+02   7.4809372e-02
  5.1846958992376e+00   2.5839563e+00   1.4691074e+00   2.6031929e+01  -2.4542232e-02  -1.3099810e-02  -2.2980360e-01   1.2000000e+02   7.4920923e-02
  5.1894316915258e+00   2.5909078e+00   1.4667158e+00   2.6043230e+01  -2.4603783e-02  -1.2891041e-02  -2.2662176e-01   1.2000000e+02   7.5031492e-02
  5.1941674838139e+00   2.5978479e+00   1.4639735e+00   2.6054086e+01  -2.4664314e-02  -1.2671640e-02  -2.2387242e-01   1.2000000e+02   7.5140955e-02
  5.1989032761021e+00   2.6047711e+00   1.4594996e+00   2.6063442e+01  -2.4723794e-02  -1.2445798e-02  -2.2152903e-01   1.2000000e+02   7.5249706e-02
  5.2036390683902e+00   2.6116687e+00   1.4532303e+00   2.6071323e+01  -2.4782171e-02  -1.2205103e-02  -2.1925287e-01   1.2000000e+02   7.5358364e-02
  5.2083748606784e+00   2.6185344e+00   1.4462762e+00   2.6078656e+01  -2.4839388e-02  -1.1960586e-02  -2.1687020e-01   1.2000000e+02   7.5467346e-02
  5.2131106529665e+00   2.6253681e+00   1.4397963e+00   2.6086351e+01  -2.4895515e-02  -1.1752292e-02  -2.1470338e-01   1.2000000e+02   7.5576682e-02
  5.2178464452546e+00   2.6321728e+00   1.4340346e+00   2.6094580e+01  -2.4950804e-02  -1.1607298e-02  -2.1316026e-01   1.2000000e+02   7.5686178e-02
  5.2225822375428e+00   2.6389509e+00   1.4284274e+00   2.6102922e+01  -2.5005524e-02  -1.1505026e-02  -2.1207408e-01   1.2000000e+02   7.5795708e-02
  5.2273180298309e+00   2.6457017e+00   1.4224930e+00   2.6111069e+01  -2.5059775e-02  -1.1403748e-02  -2.1075258e-01   1.2000000e+02   7.5905313e-02
  5.2320538221191e+00   2.6524239e+00   1.4164142e+00   2.6119222e+01  -2.5113512e-02  -1.1288854e-02  -2.0871766e-01   1.2000000e+02   7.6015052e-02
  5.2367896144072e+00   2.6591180e+00   1.4106983e+00   2.6127733e+01  -2.5166698e-02  -1.1173462e-02  -2.0615415e-01   1.2000000e+02   7.6124856e-02
  5.2415254066954e+00   2.6657862e+00   1.4054299e+00   2.6136526e+01  -2.5219344e-02  -1.1058121e-02  -2.0354426e-01   1.2000000e+02   7.6234586e-02
  5.2462611989835e+00   2.6724295e+00   1.4000615e+00   2.6145030e+01  -2.5271391e-02  -1.0914390e-02  -2.0107214e-01   1.2000000e+02   7.6344237e-02
  5.2509969912717e+00   2.6790458e+00   1.3939985e+00   2.6152762e+01  -2.5322631e-02  -1.0715498e-02  -1.9855800e-01   1.2000000e+02   7.6454038e-02
  5.2557327835598e+00   2.6856318e+00   1.3873225e+00   2.6159911e+01  -2.5372809e-02  -1.0470620e-02  -1.9587458e-01   1.2000000e+02   7.6564287e-02
  5.2604685758480e+00   2.6921864e+00   1.3808896e+00   2.6167335e+01  -2.5421798e-02  -1.0222041e-02  -1.9324887e-01   1.2000000e+02   7.6675068e-02
  5.2652043681361e+00   2.6987131e+00   1.3757301e+00   2.6175975e+01  -2.5469697e-02  -1.0016198e-02  -1.9114158e-01   1.2000000e+02   7.6786095e-02
  5.2699401604242e+00   2.7052195e+00   1.3723261e+00   2.6186239e+01  -2.5516783e-02  -9.8819761e-03  -1.8992438e-01   1.2000000e+02   7.6896795e-02
  5.2746759527124e+00   2.7117135e+00   1.3703552e+00   2.6197812e+01  -2.5563420e-02  -9.8257506e-03  -1.8967254e-01   1.2000000e+02   7.7006570e-02
  5.2794117450005e+00   2.7181999e+00   1.3689711e+00   2.6209927e+01  -2.5609948e-02  -9.8313434e-03  -1.9014016e-01   1.2000000e+02   7.7115029e-02
  5.2841475372887e+00   2.7246793e+00   1.3672636e+00   2.6221744e+01  -2.5656579e-02  -9.8625920e-03  -1.9083863e-01   1.2000000e+02   7.7222095e-02
  5.2888833295768e+00   2.7311485e+00   1.3645511e+00   2.6232580e+01  -2.5703335e-02  -9.8774852e-03  -1.9119883e-01   1.2000000e+02   7.7327993e-02
  5.2936191218650e+00   2.7376016e+00   1.3604595e+00   2.6242000e+01  -2.5750063e-02  -9.8483368e-03  -1.9078874e-01   1.2000000e+02   7.7433176e-02
  5.2983549141531e+00   2.7440319e+00   1.3549382e+00   2.6249877e+01  -2.5796532e-02  -9.7675364e-03  -1.8942696e-01   1.2000000e+02   7.7538225e-02
  5.3030907064412e+00   2.7504332e+00   1.3482963e+00   2.6256483e+01  -2.5842496e-02  -9.6353687e-03  -1.8708955e-01   1.2000000e+02   7.7643706e-02
  5.3078264987294e+00   2.7568016e+00   1.3411845e+00   2.6262481e+01  -2.5887712e-02  -9.4518051e-03  -1.8379345e-01   1.2000000e+02   7.7750013e-02
  5.3125622910175e+00   2.7631369e+00   1.3344029e+00   2.6268724e+01  -2.5931949e-02  -9.2245612e-03  -1.7969102e-01   1.2000000e+02   7.7857237e-02
  5.3172980833057e+00   2.7694420e+00   1.3285609e+00   2.6275891e+01  -2.5975049e-02  -8.9758178e-03  -1.7524668e-01   1.2000000e+02   7.7965164e-02
  5.3220338755938e+00   2.7757222e+00   1.3238229e+00   2.6284222e+01  -2.6016972e-02  -8.7313484e-03  -1.7114570e-01   1.2000000e+02   7.8073393e-02
  5.3267696678820e+00   2.7819822e+00   1.3199845e+00   2.6293571e+01  -2.6057780e-02  -8.5065704e-03  -1.6792645e-01   1.2000000e+02   7.8181505e-02
  5.3315054601701e+00   2.7882256e+00   1.3168340e+00   2.6303730e+01  -2.6097588e-02  -8.3104656e-03  -1.6573633e-01   1.2000000e+02   7.8289150e-02
  5.3362412524583e+00   2.7944558e+00   1.3144184e+00   2.6314661e+01  -2.6136563e-02  -8.1583393e-03  -1.6444425e-01   1.2000000e+02   7.8396018e-02
  5.3409770447464e+00   2.8006767e+00   1.3128963e+00   2.6326361e+01  -2.6174960e-02  -8.0681532e-03  -1.6385782e-01   1.2000000e+02   7.8501782e-02
  5.3457128370345e+00   2.8068923e+00   1.3121291e+00   2.6338536e+01  -2.6213081e-02  -8.0395650e-03  -1.6371936e-01   1.2000000e+02   7.8606155e-02
  5.3504486293227e+00   2.8131049e+00   1.3115105e+00   2.6350520e+01  -2.6251158e-02  -8.0422902e-03  -1.6355825e-01   1.2000000e+02   7.8709034e-02
  5.3551844216108e+00   2.8193134e+00   1.3102979e+00   2.6361633e+01  -2.6289232e-02  -8.0314125e-03  -1.6274243e-01   1.2000000e+02   7.8810594e-02
  5.3599202138990e+00   2.8255139e+00   1.3081424e+00   2.6371642e+01  -2.6327155e-02  -7.9758493e-03  -1.6083448e-01   1.2000000e+02   7.8911205e-02
  5.3646560061871e+00   2.8317024e+00   1.3052760e+00   2.6380856e+01  -2.6364699e-02  -7.8727402e-03  -1.5794311e-01   1.2000000e+02   7.9011227e-02
  5.3693917984753e+00   2.8378766e+00   1.3021855e+00   2.6389774e+01  -2.6401672e-02  -7.7376070e-03  -1.5468825e-01   1.2000000e+02   7.9110857e-02
  5.3741275907634e+00   2.8440363e+00   1.2991317e+00   2.6398657e+01  -2.6437959e-02  -7.5848275e-03  -1.5176018e-01   1.2000000e+02   7.9210138e-02
  5.3788633830516e+00   2.8501813e+00   1.2959796e+00   2.6407424e+01  -2.6473492e-02  -7.4193743e-03  -1.4946254e-01   1.2000000e+02   7.9309083e-02
  5.3835991753397e+00   2.8563106e+00   1.2924372e+00   2.6415878e+01  -2.6508218e-02  -7.2456775e-03  -1.4764693e-01   1.2000000e+02   7.9407773e-02
  5.3883349676279e+00   2.8624220e+00   1.2884055e+00   2.6423986e+01  -2.6542133e-02  -7.0807574e-03  -1.4605063e-01   1.2000000e+02   7.9506342e-02
  5.3930707599160e+00   2.8685134e+00   1.2841110e+00   2.6431945e+01  -2.6575346e-02  -6.9547336e-03  -1.4466365e-01   1.2000000e+02   7.9604893e-02
  5.3978065522041e+00   2.8745847e+00   1.2799539e+00   2.6440045e+01  -2.6608111e-02  -6.8942227e-03  -1.4376850e-01   1.2000000e+02   7.9703429e-02
  5.4025423444923e+00   2.8806373e+00   1.2762267e+00   2.6448456e+01  -2.6640754e-02  -6.9005776e-03  -1.4364472e-01   1.2000000e+02   7.9801853e-02
  5.4072781367804e+00   2.8866733e+00   1.2729071e+00   2.6457107e+01  -2.6673527e-02  -6.9418349e-03  -1.4422708e-01   1.2000000e+02   7.9900047e-02
  5.4120139290686e+00   2.8926939e+00   1.2696540e+00   2.6465700e+01  -2.6706480e-02  -6.9685141e-03  -1.4501604e-01   1.2000000e+02   7.9997966e-02
  5.4167497213567e+00   2.8986983e+00   1.2660243e+00   2.6473892e+01  -2.6739447e-02  -6.9440940e-03  -1.4532667e-01   1.2000000e+02   8.0095700e-02
  5.4214855136449e+00   2.9046842e+00   1.2617857e+00   2.6481534e+01  -2.6772166e-02  -6.8669301e-03  -1.4470780e-01   1.2000000e+02   8.0193443e-02
  5.4262213059330e+00   2.9106487e+00   1.2571203e+00   2.6488833e+01  -2.6804450e-02  -6.7663158e-03  -1.4322589e-01   1.2000000e+02   8.0291387e-02
  5.4309570982212e+00   2.9165913e+00   1.2525801e+00   2.6496295e+01  -2.6836274e-02  -6.6774161e-03  -1.4139736e-01   1.2000000e+02   8.0389582e-02
  5.4356928905093e+00   2.9225139e+00   1.2488216e+00   2.6504500e+01  -2.6867742e-02  -6.6169584e-03  -1.3983016e-01   1.2000000e+02   8.0487857e-02
  5.4404286827975e+00   2.9284215e+00   1.2462629e+00   2.6513808e+01  -2.6898982e-02  -6.5787675e-03  -1.3887190e-01   1.2000000e+02   8.0585842e-02
  5.4451644750856e+00   2.9343198e+00   1.2448382e+00   2.6524136e+01  -2.6930068e-02  -6.5498821e-03  -1.3853230e-01   1.2000000e+02   8.0683103e-02
  5.4499002673737e+00   2.9402131e+00   1.2440007e+00   2.6534950e+01  -2.6961033e-02  -6.5294383e-03  -1.3867639e-01   1.2000000e+02   8.0779315e-02
  5.4546360596619e+00   2.9461022e+00   1.2430075e+00   2.6545526e+01  -2.6991944e-02  -6.5289657e-03  -1.3922558e-01   1.2000000e+02   8.0874400e-02
  5.4593718519500e+00   2.9519852e+00   1.2413169e+00   2.6555323e+01  -2.7022911e-02  -6.5514766e-03  -1.4011811e-01   1.2000000e+02   8.0968536e-02
  5.4641076442382e+00   2.9578581e+00   1.2388072e+00   2.6564204e+01  -2.7053997e-02  -6.5733986e-03  -1.4107908e-01   1.2000000e+02   8.1062042e-02
  5.4688434365263e+00   2.9637177e+00   1.2356856e+00   2.6572356e+01  -2.7085107e-02  -6.5558569e-03  -1.4153301e-01   1.2000000e+02   8.1155229e-02
  5.4735792288145e+00   2.9695616e+00   1.2322540e+00   2.6580076e+01  -2.7115995e-02  -6.4795203e-03  -1.4090131e-01   1.2000000e+02   8.1248319e-02
  5.4783150211026e+00   2.9753890e+00   1.2287886e+00   2.6587660e+01  -2.7146418e-02  -6.3657551e-03  -1.3908339e-01   1.2000000e+02   8.1341422e-02
  5.4830508133907e+00   2.9812005e+00   1.2255778e+00   2.6595436e+01  -2.7176300e-02  -6.2579598e-03  -1.3661523e-01   1.2000000e+02   8.1434532e-02
  5.4877866056789e+00   2.9869981e+00   1.2229495e+00   2.6603782e+01  -2.7205742e-02  -6.1813000e-03  -1.3426191e-01   1.2000000e+02   8.1527501e-02
  5.4925223979670e+00   2.9927852e+00   1.2211689e+00   2.6612996e+01  -2.7234878e-02  -6.1237751e-03  -1.3241007e-01   1.2000000e+02   8.1620038e-02
  5.4972581902552e+00   2.9985660e+00   1.2202982e+00   2.6623136e+01  -2.7263728e-02  -6.0567714e-03  -1.3087609e-01   1.2000000e+02   8.1711770e-02
  5.5019939825433e+00   3.0043445e+00   1.2201736e+00   2.6633993e+01  -2.7292210e-02  -5.9690946e-03  -1.2929542e-01   1.2000000e+02   8.1802345e-02
  5.5067297748315e+00   3.0101237e+00   1.2205203e+00   2.6645214e+01  -2.7320256e-02  -5.8764155e-03  -1.2761132e-01   1.2000000e+02   8.1891511e-02
  5.5114655671196e+00   3.0159051e+00   1.2210794e+00   2.6656462e+01  -2.7347896e-02  -5.7994728e-03  -1.2610837e-01   1.2000000e+02   8.1979150e-02
  5.5162013594078e+00   3.0216893e+00   1.2216489e+00   2.6667480e+01  -2.7375215e-02  -5.7398392e-03  -1.2501061e-01   1.2000000e+02   8.2065253e-02
  5.5209371516959e+00   3.0274758e+00   1.2220586e+00   2.6678085e+01  -2.7402262e-02  -5.6808684e-03  -1.2416914e-01   1.2000000e+02   8.2149899e-02
  5.5256729439841e+00   3.0332636e+00   1.2221441e+00   2.6688141e+01  -2.7429001e-02  -5.6095843e-03  -1.2321000e-01   1.2000000e+02   8.2233230e-02
  5.5304087362722e+00   3.0390507e+00   1.2217470e+00   2.6697544e+01  -2.7455384e-02  -5.5331740e-03  -1.2195168e-01   1.2000000e+02   8.2315445e-02
  5.5351445285603e+00   3.0448345e+00   1.2207276e+00   2.6706219e+01  -2.7481437e-02  -5.4738423e-03  -1.2062808e-01   1.2000000e+02   8.2396786e-02
  5.5398803208485e+00   3.0506117e+00   1.2189850e+00   2.6714124e+01  -2.7507288e-02  -5.4499344e-03  -1.1971510e-01   1.2000000e+02   8.2477529e-02
  5.5446161131366e+00   3.0563790e+00   1.2164809e+00   2.6721271e+01  -2.7533114e-02  -5.4614221e-03  -1.1956274e-01   1.2000000e+02   8.2557964e-02
  5.5493519054248e+00   3.0621326e+00   1.2132504e+00   2.6727729e+01  -2.7559043e-02  -5.4899316e-03  -1.2015356e-01   1.2000000e+02   8.2638374e-02
  5.5540876977129e+00   3.0678694e+00   1.2093934e+00   2.6733609e+01  -2.7585100e-02  -5.5113494e-03  -1.2113858e-01   1.2000000e+02   8.2719017e-02
  5.5588234900011e+00   3.0735867e+00   1.2050730e+00   2.6739068e+01  -2.7611210e-02  -5.5116411e-03  -1.2208116e-01   1.2000000e+02   8.2800103e-02
  5.5635592822892e+00   3.0792830e+00   1.2005471e+00   2.6744344e+01  -2.7637276e-02  -5.4946713e-03  -1.2271520e-01   1.2000000e+02   8.2881771e-02
  5.5682950745773e+00   3.0849581e+00   1.1961984e+00   2.6749801e+01  -2.7663250e-02  -5.4756705e-03  -1.2303020e-01   1.2000000e+02   8.2964044e-02
  5.5730308668655e+00   3.0906139e+00   1.1924869e+00   2.6755888e+01  -2.7689153e-02  -5.4649586e-03  -1.2313264e-01   1.2000000e+02   8.3046779e-02
  5.5777666591536e+00   3.0962544e+00   1.1897882e+00   2.6762982e+01  -2.7715016e-02  -5.4558870e-03  -1.2302697e-01   1.2000000e+02   8.3129657e-02
  5.5825024514418e+00   3.1018849e+00   1.1881937e+00   2.6771184e+01  -2.7740801e-02  -5.4294523e-03  -1.2254395e-01   1.2000000e+02   8.3212252e-02
  5.5872382437299e+00   3.1075099e+00   1.1874283e+00   2.6780222e+01  -2.7766394e-02  -5.3741458e-03  -1.2151561e-01   1.2000000e+02   8.3294162e-02
  5.5919740360181e+00   3.1131322e+00   1.1869842e+00   2.6789584e+01  -2.7791677e-02  -5.3031150e-03  -1.2004818e-01   1.2000000e+02   8.3375135e-02
  5.5967098283062e+00   3.1187522e+00   1.1863927e+00   2.6798773e+01  -2.7816649e-02  -5.2486476e-03  -1.1860806e-01   1.2000000e+02   8.3455119e-02
  5.6014456205944e+00   3.1243686e+00   1.1854172e+00   2.6807503e+01  -2.7841456e-02  -5.2348592e-03  -1.1777553e-01   1.2000000e+02   8.3534218e-02
  5.6061814128825e+00   3.1299793e+00   1.1840258e+00   2.6815682e+01  -2.7866288e-02  -5.2555426e-03  -1.1784603e-01   1.2000000e+02   8.3612609e-02
  5.6109172051706e+00   3.1355826e+00   1.1822371e+00   2.6823287e+01  -2.7891245e-02  -5.2828764e-03  -1.1864950e-01   1.2000000e+02   8.3690493e-02
  5.6156529974588e+00   3.1411764e+00   1.1800635e+00   2.6830334e+01  -2.7916305e-02  -5.2987681e-03  -1.1976954e-01   1.2000000e+02   8.3768085e-02
  5.6203887897469e+00   3.1467592e+00   1.1776302e+00   2.6836992e+01  -2.7941428e-02  -5.3126254e-03  -1.2093152e-01   1.2000000e+02   8.3845569e-02
  5.6251245820351e+00   3.1523305e+00   1.1752871e+00   2.6843675e+01  -2.7966654e-02  -5.3447152e-03  -1.2215138e-01   1.2000000e+02   8.3923022e-02
  5.6298603743232e+00   3.1578919e+00   1.1734985e+00   2.6850894e+01  -2.7992084e-02  -5.3964787e-03  -1.2352202e-01   1.2000000e+02   8.4000324e-02
  5.6345961666114e+00   3.1634468e+00   1.1725497e+00   2.6858952e+01  -2.8017762e-02  -5.4449982e-03  -1.2493367e-01   1.2000000e+02   8.4077184e-02
  5.6393319588995e+00   3.1689990e+00   1.1723541e+00   2.6867764e+01  -2.8043615e-02  -5.4679174e-03  -1.2607306e-01   1.2000000e+02   8.4153256e-02
  5.6440677511877e+00   3.1745515e+00   1.1725708e+00   2.6876989e+01  -2.8069514e-02  -5.4673468e-03  -1.2667971e-01   1.2000000e+02   8.4228280e-02
  5.6488035434758e+00   3.1801054e+00   1.1729249e+00   2.6886336e+01  -2.8095395e-02  -5.4641724e-03  -1.2673344e-01   1.2000000e+02   8.4302124e-02
  5.6535393357640e+00   3.1856612e+00   1.1734172e+00   2.6895756e+01  -2.8121287e-02  -5.4717785e-03  -1.2637600e-01   1.2000000e+02   8.4374717e-02
  5.6582751280521e+00   3.1912200e+00   1.1742298e+00   2.6905340e+01  -2.8147226e-02  -5.4816577e-03  -1.2572222e-01   1.2000000e+02   8.4445967e-02
  5.6630109203402e+00   3.1967836e+00   1.1754351e+00   2.6915064e+01  -2.8173181e-02  -5.4757268e-03  -1.2481570e-01   1.2000000e+02   8.4515756e-02
  5.6677467126284e+00   3.2023535e+00   1.1767846e+00   2.6924634e+01  -2.8199053e-02  -5.4475308e-03  -1.2373753e-01   1.2000000e+02   8.4584025e-02
  5.6724825049165e+00   3.2079291e+00   1.1777710e+00   2.6933573e+01  -2.8224758e-02  -5.4074655e-03  -1.2265813e-01   1.2000000e+02   8.4650879e-02
  5.6772182972047e+00   3.2135075e+00   1.1779206e+00   2.6941490e+01  -2.8250274e-02  -5.3693095e-03  -1.2172803e-01   1.2000000e+02   8.4716616e-02
  5.6819540894928e+00   3.2190843e+00   1.1770999e+00   2.6948339e+01  -2.8275622e-02  -5.3358312e-03  -1.2095368e-01   1.2000000e+02   8.4781639e-02
  5.6866898817810e+00   3.2246554e+00   1.1756116e+00   2.6954472e+01  -2.8300807e-02  -5.2982924e-03  -1.2023664e-01   1.2000000e+02   8.4846300e-02
  5.6914256740691e+00   3.2302190e+00   1.1740116e+00   2.6960466e+01  -2.8325785e-02  -5.2480140e-03  -1.1954092e-01   1.2000000e+02   8.4910765e-02
  5.6961614663572e+00   3.2357757e+00   1.1727780e+00   2.6966808e+01  -2.8350497e-02  -5.1880545e-03  -1.1899384e-01   1.2000000e+02   8.4974973e-02
  5.7008972586454e+00   3.2413279e+00   1.1720679e+00   2.6973673e+01  -2.8374935e-02  -5.1352207e-03  -1.1881173e-01   1.2000000e+02   8.5038725e-02
  5.7056330509335e+00   3.2468777e+00   1.1717105e+00   2.6980909e+01  -2.8399182e-02  -5.1106043e-03  -1.1913231e-01   1.2000000e+02   8.5101814e-02
  5.7103688432217e+00   3.2524259e+00   1.1713870e+00   2.6988190e+01  -2.8423404e-02  -5.1250279e-03  -1.1990559e-01   1.2000000e+02   8.5164130e-02
  5.7151046355098e+00   3.2579721e+00   1.1708151e+00   2.6995197e+01  -2.8447774e-02  -5.1705180e-03  -1.2091264e-01   1.2000000e+02   8.5225698e-02
  5.7198404277980e+00   3.2635147e+00   1.1698104e+00   2.7001689e+01  -2.8472392e-02  -5.2254983e-03  -1.2187544e-01   1.2000000e+02   8.5286659e-02
  5.7245762200861e+00   3.2690512e+00   1.1682497e+00   2.7007496e+01  -2.8497250e-02  -5.2701781e-03  -1.2258411e-01   1.2000000e+02   8.5347245e-02
  5.7293120123743e+00   3.2745789e+00   1.1660542e+00   2.7012528e+01  -2.8522283e-02  -5.2993329e-03  -1.2298475e-01   1.2000000e+02   8.5407751e-02
  5.7340478046624e+00   3.2800946e+00   1.1632545e+00   2.7016840e+01  -2.8547433e-02  -5.3219693e-03  -1.2319491e-01   1.2000000e+02   8.5468490e-02
  5.7387835969506e+00   3.2855961e+00   1.1600773e+00   2.7020709e+01  -2.8572698e-02  -5.3492500e-03  -1.2343304e-01   1.2000000e+02   8.5529717e-02
  5.7435193892387e+00   3.2910825e+00   1.1569440e+00   2.7024617e+01  -2.8598109e-02  -5.3823096e-03  -1.2388535e-01   1.2000000e+02   8.5591535e-02
  5.7482551815268e+00   3.2965551e+00   1.1543430e+00   2.7029115e+01  -2.8623671e-02  -5.4113063e-03  -1.2459229e-01   1.2000000e+02   8.5653827e-02
  5.7529909738150e+00   3.3020174e+00   1.1526549e+00   2.7034633e+01  -2.8649340e-02  -5.4267157e-03  -1.2545989e-01   1.2000000e+02   8.5716270e-02
  5.7577267661031e+00   3.3074743e+00   1.1520439e+00   2.7041346e+01  -2.8675054e-02  -5.4321221e-03  -1.2641391e-01   1.2000000e+02   8.5778403e-02
  5.7624625583913e+00   3.3129307e+00   1.1524596e+00   2.7049168e+01  -2.8700803e-02  -5.4452744e-03  -1.2755620e-01   1.2000000e+02   8.5839735e-02
  5.7671983506794e+00   3.3183912e+00   1.1536979e+00   2.7057818e+01  -2.8726672e-02  -5.4848254e-03  -1.2913116e-01   1.2000000e+02   8.5899834e-02
  5.7719341429676e+00   3.3238589e+00   1.1554542e+00   2.7066893e+01  -2.8752803e-02  -5.5549292e-03  -1.3128281e-01   1.2000000e+02   8.5958392e-02
  5.7766699352557e+00   3.3293354e+00   1.1573627e+00   2.7075946e+01  -2.8779315e-02  -5.6431259e-03  -1.3383236e-01   1.2000000e+02   8.6015268e-02
  5.7814057275439e+00   3.3348206e+00   1.1590633e+00   2.7084561e+01  -2.8806255e-02  -5.7335390e-03  -1.3633161e-01   1.2000000e+02   8.6070497e-02
  5.7861415198320e+00   3.3403128e+00   1.1603021e+00   2.7092457e+01  -2.8833615e-02  -5.8211332e-03  -1.3837353e-01   1.2000000e+02   8.6124267e-02
  5.7908773121201e+00   3.3458096e+00   1.1610017e+00   2.7099553e+01  -2.8861396e-02  -5.9120753e-03  -1.3986199e-01   1.2000000e+02   8.6176847e-02
  5.7956131044083e+00   3.3513086e+00   1.1612301e+00   2.7105936e+01  -2.8889626e-02  -6.0110130e-03  -1.4098607e-01   1.2000000e+02   8.6228514e-02
  5.8003488966964e+00   3.3568077e+00   1.1610780e+00   2.7111742e+01  -2.8918330e-02  -6.1099199e-03  -1.4196078e-01   1.2000000e+02   8.6279504e-02
  5.8050846889846e+00   3.3623053e+00   1.1605497e+00   2.7117045e+01  -2.8947466e-02  -6.1900501e-03  -1.4281894e-01   1.2000000e+02   8.6330017e-02
  5.8098204812727e+00   3.3677993e+00   1.1595700e+00   2.7121854e+01  -2.8976902e-02  -6.2344647e-03  -1.4344066e-01   1.2000000e+02   8.6380248e-02
  5.8145562735609e+00   3.3732875e+00   1.1581159e+00   2.7126221e+01  -2.9006454e-02  -6.2400351e-03  -1.4374953e-01   1.2000000e+02   8.6430390e-02
  5.8192920658490e+00   3.3787680e+00   1.1563632e+00   2.7130366e+01  -2.9035965e-02  -6.2206966e-03  -1.4387623e-01   1.2000000e+02   8.6480588e-02
  5.8240278581372e+00   3.3842402e+00   1.1547089e+00   2.7134685e+01  -2.9065373e-02  -6.2007435e-03  -1.4415789e-01   1.2000000e+02   8.6530859e-02
  5.8287636504253e+00   3.3897058e+00   1.1536075e+00   2.7139592e+01  -2.9094730e-02  -6.2020212e-03  -1.4497209e-01   1.2000000e+02   8.6581039e-02
  5.8334994427134e+00   3.3951680e+00   1.1533185e+00   2.7145290e+01  -2.9124163e-02  -6.2325104e-03  -1.4650339e-01   1.2000000e+02   8.6630820e-02
  5.8382352350016e+00   3.4006307e+00   1.1537573e+00   2.7151643e+01  -2.9153797e-02  -6.2848153e-03  -1.4860141e-01   1.2000000e+02   8.6679869e-02
  5.8429710272897e+00   3.4060965e+00   1.1545825e+00   2.7158288e+01  -2.9183705e-02  -6.3466731e-03  -1.5086713e-01   1.2000000e+02   8.6727954e-02
  5.8477068195779e+00   3.4115665e+00   1.1554501e+00   2.7164884e+01  -2.9213918e-02  -6.4142603e-03  -1.5294153e-01   1.2000000e+02   8.6774994e-02
  5.8524426118660e+00   3.4170403e+00   1.1562087e+00   2.7171280e+01  -2.9244479e-02  -6.4950459e-03  -1.5476660e-01   1.2000000e+02   8.6821010e-02
  5.8571784041542e+00   3.4225175e+00   1.1568680e+00   2.7177469e+01  -2.9275471e-02  -6.5970811e-03  -1.5657145e-01   1.2000000e+02   8.6866051e-02
  5.8619141964423e+00   3.4279975e+00   1.1574036e+00   2.7183400e+01  -2.9306992e-02  -6.7159463e-03  -1.5858168e-01   1.2000000e+02   8.6910174e-02
  5.8666499887305e+00   3.4334794e+00   1.1576247e+00   2.7188870e+01  -2.9339079e-02  -6.8331002e-03  -1.6072968e-01   1.2000000e+02   8.6953494e-02
  5.8713857810186e+00   3.4389611e+00   1.1572602e+00   2.7193633e+01  -2.9371675e-02  -6.9274640e-03  -1.6265292e-01   1.2000000e+02   8.6996238e-02
  5.8761215733068e+00   3.4444393e+00   1.1561739e+00   2.7197605e+01  -2.9404641e-02  -6.9890190e-03  -1.6398268e-01   1.2000000e+02   8.7038716e-02
  5.8808573655949e+00   3.4499109e+00   1.1544817e+00   2.7200951e+01  -2.9437827e-02  -7.0222333e-03  -1.6464270e-01   1.2000000e+02   8.7081232e-02
  5.8855931578830e+00   3.4553736e+00   1.1524420e+00   2.7203951e+01  -2.9471124e-02  -7.0377877e-03  -1.6488463e-01   1.2000000e+02   8.7123995e-02
  5.8903289501712e+00   3.4608261e+00   1.1502300e+00   2.7206782e+01  -2.9504468e-02  -7.0420072e-03  -1.6506014e-01   1.2000000e+02   8.7167119e-02
  5.8950647424593e+00   3.4662677e+00   1.1478237e+00   2.7209430e+01  -2.9537805e-02  -7.0346087e-03  -1.6537928e-01   1.2000000e+02   8.7210685e-02
  5.8998005347475e+00   3.4716973e+00   1.1451173e+00   2.7211821e+01  -2.9571079e-02  -7.0163288e-03  -1.6588273e-01   1.2000000e+02   8.7254806e-02
  5.9045363270356e+00   3.4771134e+00   1.1421498e+00   2.7214042e+01  -2.9604259e-02  -6.9973636e-03  -1.6660406e-01   1.2000000e+02   8.7299601e-02
  5.9092721193238e+00   3.4825153e+00   1.1392199e+00   2.7216428e+01  -2.9637383e-02  -6.9958710e-03  -1.6769027e-01   1.2000000e+02   8.7345099e-02
  5.9140079116119e+00   3.4879044e+00   1.1367603e+00   2.7219418e+01  -2.9670572e-02  -7.0257420e-03  -1.6930667e-01   1.2000000e+02   8.7391158e-02
  5.9187437039001e+00   3.4932835e+00   1.1350555e+00   2.7223278e+01  -2.9703976e-02  -7.0850877e-03  -1.7141437e-01   1.2000000e+02   8.7437469e-02
  5.9234794961882e+00   3.4986562e+00   1.1340163e+00   2.7227888e+01  -2.9737700e-02  -7.1579161e-03  -1.7368718e-01   1.2000000e+02   8.7483686e-02
  5.9282152884763e+00   3.5040247e+00   1.1331661e+00   2.7232751e+01  -2.9771768e-02  -7.2285597e-03  -1.7571584e-01   1.2000000e+02   8.7529585e-02
  5.9329510807645e+00   3.5093883e+00   1.1318259e+00   2.7237178e+01  -2.9806158e-02  -7.2947390e-03  -1.7734197e-01   1.2000000e+02   8.7575197e-02
  5.9376868730526e+00   3.5147431e+00   1.1293579e+00   2.7240529e+01  -2.9840870e-02  -7.3662346e-03  -1.7880569e-01   1.2000000e+02   8.7620845e-02
  5.9424226653408e+00   3.5200826e+00   1.1253251e+00   2.7242371e+01  -2.9875951e-02  -7.4515832e-03  -1.8056569e-01   1.2000000e+02   8.7667090e-02
  5.9471584576289e+00   3.5253989e+00   1.1195110e+00   2.7242502e+01  -2.9911466e-02  -7.5482166e-03  -1.8297800e-01   1.2000000e+02   8.7714644e-02
  5.9518942499171e+00   3.5306832e+00   1.1118393e+00   2.7240870e+01  -2.9947448e-02  -7.6475023e-03  -1.8615310e-01   1.2000000e+02   8.7764282e-02
  5.9566300422052e+00   3.5359267e+00   1.1022749e+00   2.7237478e+01  -2.9983904e-02  -7.7494801e-03  -1.9011461e-01   1.2000000e+02   8.7816801e-02
  5.9613658344933e+00   3.5411204e+00   1.0907679e+00   2.7232313e+01  -3.0020879e-02  -7.8710726e-03  -1.9507218e-01   1.2000000e+02   8.7873012e-02
  5.9661016267815e+00   3.5462548e+00   1.0772516e+00   2.7225337e+01  -3.0058528e-02  -8.0383935e-03  -2.0152011e-01   1.2000000e+02   8.7933734e-02
  5.9708374190696e+00   3.5513204e+00   1.0616697e+00   2.7216510e+01  -3.0097120e-02  -8.2711083e-03  -2.1007440e-01   1.2000000e+02   8.7999803e-02
  5.9755732113578e+00   3.5563072e+00   1.0440096e+00   2.7205816e+01  -3.0136983e-02  -8.5753791e-03  -2.2124049e-01   1.2000000e+02   8.8072052e-02
  5.9803090036459e+00   3.5612056e+00   1.0243406e+00   2.7193294e+01  -3.0178457e-02  -8.9518395e-03  -2.3536178e-01   1.2000000e+02   8.8151292e-02
  5.9850447959341e+00   3.5660065e+00   1.0028584e+00   2.7179083e+01  -3.0221897e-02  -9.4076208e-03  -2.5277665e-01   1.2000000e+02   8.8238272e-02
  5.9897805882222e+00   3.5707019e+00   9.7990925e-01   2.7163458e+01  -3.0267711e-02  -9.9571033e-03  -2.7396131e-01   1.2000000e+02   8.8333626e-02
  5.9945163805104e+00   3.5752862e+00   9.5595743e-01   2.7146831e+01  -3.0316372e-02  -1.0610103e-02  -2.9944203e-01   1.2000000e+02   8.8437824e-02
  5.9992521727985e+00   3.5797556e+00   9.3149747e-01   2.7129677e+01  -3.0368363e-02  -1.1361499e-02  -3.2951943e-01   1.2000000e+02   8.8551137e-02
  6.0038478312341e+00   3.5841118e+00   9.0922076e-01   2.7114031e+01  -3.0424009e-02  -1.2114517e-02  -3.6070286e-01   1.2000000e+02   8.8661972e-02
  6.0085836235223e+00   3.5883529e+00   8.8494472e-01   2.7097094e+01  -3.0483729e-02  -1.3004012e-02  -3.9882532e-01   1.2000000e+02   8.8792744e-02
  6.0133194158104e+00   3.5924804e+00   8.6125782e-01   2.7080842e+01  -3.0547794e-02  -1.3941102e-02  -4.4014358e-01   1.2000000e+02   8.8932413e-02
  6.0180552080986e+00   3.5964981e+00   8.3848940e-01   2.7065696e+01  -3.0616381e-02  -1.4905744e-02  -4.8370071e-01   1.2000000e+02   8.9080634e-02
  6.0227910003867e+00   3.6004111e+00   8.1696638e-01   2.7052118e+01  -3.0689536e-02  -1.5864476e-02  -5.2827736e-01   1.2000000e+02   8.9236936e-02
  6.0275267926748e+00   3.6042262e+00   7.9696371e-01   2.7040561e+01  -3.0767114e-02  -1.6772202e-02  -5.7230384e-01   1.2000000e+02   8.9400731e-02
  6.0322625849630e+00   3.6079510e+00   7.7866895e-01   2.7031417e+01  -3.0848753e-02  -1.7585587e-02  -6.1397690e-01   1.2000000e+02   8.9571343e-02
  6.0369983772511e+00   3.6115940e+00   7.6221088e-01   2.7025033e+01  -3.0933928e-02  -1.8277462e-02  -6.5160991e-01   1.2000000e+02   8.9748036e-02
  6.0417341695393e+00   3.6151643e+00   7.4773275e-01   2.7021787e+01  -3.1022036e-02  -1.8840528e-02  -6.8400315e-01   1.2000000e+02   8.9930016e-02
  6.0464699618274e+00   3.6186718e+00   7.3543763e-01   2.7022146e+01  -3.1112479e-02  -1.9280690e-02  -7.1059227e-01   1.2000000e+02   9.0116417e-02
  6.0512057541156e+00   3.6221273e+00   7.2554725e-01   2.7026596e+01  -3.1204702e-02  -1.9607863e-02  -7.3131743e-01   1.2000000e+02   9.0306274e-02
  6.0559415464037e+00   3.6255428e+00   7.1818995e-01   2.7035463e+01  -3.1298193e-02  -1.9830567e-02  -7.4635337e-01   1.2000000e+02   9.0498541e-02
  6.0606773386918e+00   3.6289301e+00   7.1330565e-01   2.7048736e+01  -3.1392476e-02  -1.9955383e-02  -7.5590484e-01   1.2000000e+02   9.0692142e-02
  6.0654131309800e+00   3.6323003e+00   7.1065962e-01   2.7066067e+01  -3.1487103e-02  -1.9988672e-02  -7.6017039e-01   1.2000000e+02   9.0886049e-02
  6.0701489232681e+00   3.6356633e+00   7.0997398e-01   2.7086967e+01  -3.1581662e-02  -1.9938140e-02  -7.5942168e-01   1.2000000e+02   9.1079334e-02
  6.0748847155563e+00   3.6390278e+00   7.1107902e-01   2.7111059e+01  -3.1675779e-02  -1.9813190e-02  -7.5407053e-01   1.2000000e+02   9.1271158e-02
  6.0796205078444e+00   3.6424023e+00   7.1395067e-01   2.7138146e+01  -3.1769128e-02  -1.9623410e-02  -7.4463507e-01   1.2000000e+02   9.1460721e-02
  6.0843563001326e+00   3.6457951e+00   7.1858779e-01   2.7168027e+01  -3.1861422e-02  -1.9375456e-02  -7.3161590e-01   1.2000000e+02   9.1647226e-02
  6.0890920924207e+00   3.6492142e+00   7.2482947e-01   2.7200237e+01  -3.1952390e-02  -1.9070543e-02  -7.1537305e-01   1.2000000e+02   9.1829909e-02
  6.0938278847089e+00   3.6526664e+00   7.3228473e-01   2.7233961e+01  -3.2041756e-02  -1.8705299e-02  -6.9610070e-01   1.2000000e+02   9.2008132e-02
  6.0985636769970e+00   3.6561559e+00   7.4045859e-01   2.7268272e+01  -3.2129222e-02  -1.8275979e-02  -6.7392414e-01   1.2000000e+02   9.2181455e-02
  6.1032994692852e+00   3.6596852e+00   7.4897705e-01   2.7302487e+01  -3.2214482e-02  -1.7782255e-02  -6.4904351e-01   1.2000000e+02   9.2349637e-02
  6.1080352615733e+00   3.6632553e+00   7.5771408e-01   2.7336335e+01  -3.2297239e-02  -1.7226854e-02  -6.2180414e-01   1.2000000e+02   9.2512549e-02
  6.1127710538614e+00   3.6668676e+00   7.6671558e-01   2.7369814e+01  -3.2377207e-02  -1.6612075e-02  -5.9263664e-01   1.2000000e+02   9.2670081e-02
  6.1175068461496e+00   3.6705233e+00   7.7601260e-01   2.7402912e+01  -3.2454106e-02  -1.5938083e-02  -5.6193398e-01   1.2000000e+02   9.2822109e-02
  6.1222426384377e+00   3.6742236e+00   7.8551727e-01   2.7435466e+01  -3.2527656e-02  -1.5205543e-02  -5.2999060e-01   1.2000000e+02   9.2968524e-02
  6.1269784307259e+00   3.6779691e+00   7.9509280e-01   2.7467288e+01  -3.2597592e-02  -1.4419373e-02  -4.9705092e-01   1.2000000e+02   9.3109270e-02
  6.1317142230140e+00   3.6817601e+00   8.0469899e-01   2.7498349e+01  -3.2663682e-02  -1.3588805e-02  -4.6338754e-01   1.2000000e+02   9.3244321e-02
  6.1364500153022e+00   3.6855968e+00   8.1444120e-01   2.7528811e+01  -3.2725743e-02  -1.2723689e-02  -4.2930349e-01   1.2000000e+02   9.3373626e-02
  6.1411858075903e+00   3.6894804e+00   8.2446474e-01   2.7558847e+01  -3.2783632e-02  -1.1831553e-02  -3.9505580e-01   1.2000000e+02   9.3497069e-02
  6.1459215998785e+00   3.6934123e+00   8.3480317e-01   2.7588439e+01  -3.2837238e-02  -1.0918268e-02  -3.6079824e-01   1.2000000e+02   9.3614497e-02
  6.1506573921666e+00   3.6973938e+00   8.4533067e-01   2.7617356e+01  -3.2886476e-02  -9.9899848e-03  -3.2661592e-01   1.2000000e+02   9.3725790e-02
  6.1553931844547e+00   3.7014252e+00   8.5585408e-01   2.7645307e+01  -3.2931292e-02  -9.0525383e-03  -2.9261129e-01   1.2000000e+02   9.3830921e-02
  6.1601289767429e+00   3.7055061e+00   8.6624401e-01   2.7672119e+01  -3.2971651e-02  -8.1085835e-03  -2.5894167e-01   1.2000000e+02   9.3929944e-02
  6.1648647690310e+00   3.7096357e+00   8.7648180e-01   2.7697785e+01  -3.3007519e-02  -7.1564018e-03  -2.2576824e-01   1.2000000e+02   9.4022951e-02
  6.1696005613192e+00   3.7138136e+00   8.8659603e-01   2.7722361e+01  -3.3038848e-02  -6.1928228e-03  -1.9317880e-01   1.2000000e+02   9.4110035e-02
  6.1743363536073e+00   3.7180389e+00   8.9656812e-01   2.7745844e+01  -3.3065583e-02  -5.2180003e-03  -1.6117487e-01   1.2000000e+02   9.4191285e-02
  6.1790721458955e+00   3.7223109e+00   9.0630001e-01   2.7768143e+01  -3.3087683e-02  -4.2375967e-03  -1.2974582e-01   1.2000000e+02   9.4266819e-02
  6.1838079381836e+00   3.7266281e+00   9.1565983e-01   2.7789132e+01  -3.3105146e-02  -3.2603946e-03  -9.8961253e-02   1.2000000e+02   9.4336814e-02
  6.1885437304718e+00   3.7309883e+00   9.2454237e-01   2.7808729e+01  -3.3118006e-02  -2.2934913e-03  -6.8985301e-02   1.2000000e+02   9.4401506e-02
  6.1932795227599e+00   3.7353892e+00   9.3288204e-01   2.7826897e+01  -3.3126320e-02  -1.3390768e-03  -3.9978136e-02   1.2000000e+02   9.4461173e-02
  6.1980153150480e+00   3.7398280e+00   9.4062753e-01   2.7843615e+01  -3.3130144e-02  -3.9510413e-04  -1.1952994e-02   1.2000000e+02   9.4516127e-02
  6.2027511073362e+00   3.7443018e+00   9.4774155e-01   2.7858886e+01  -3.3129518e-02   5.4139590e-04   1.5287877e-02   1.2000000e+02   9.4566712e-02
  6.2074868996243e+00   3.7488077e+00   9.5425607e-01   2.7872801e+01  -3.3124472e-02   1.4719958e-03   4.2070783e-02   1.2000000e+02   9.4613279e-02
  6.2122226919125e+00   3.7533432e+00   9.6032755e-01   2.7885597e+01  -3.3115033e-02   2.3980542e-03   6.8684451e-02   1.2000000e+02   9.4656138e-02
  6.2169584842006e+00   3.7579068e+00   9.6620719e-01   2.7897613e+01  -3.3101212e-02   3.3238146e-03   9.5272100e-02   1.2000000e+02   9.4695494e-02
  6.2216942764888e+00   3.7624982e+00   9.7212089e-01   2.7909142e+01  -3.3082990e-02   4.2569491e-03   1.2185957e-01   1.2000000e+02   9.4731431e-02
  6.2264300687769e+00   3.7671180e+00   9.7816170e-01   2.7920317e+01  -3.3060312e-02   5.2042653e-03   1.4845043e-01   1.2000000e+02   9.4763947e-02
  6.2311658610651e+00   3.7717667e+00   9.8430336e-01   2.7931135e+01  -3.3033108e-02   6.1660076e-03   1.7505356e-01   1.2000000e+02   9.4793018e-02
  6.2359016533532e+00   3.7764447e+00   9.9052235e-01   2.7941597e+01  -3.3001327e-02   7.1349177e-03   2.0160481e-01   1.2000000e+02   9.4818623e-02
  6.2406374456414e+00   3.7811525e+00   9.9689590e-01   2.7951804e+01  -3.2964960e-02   8.1018945e-03   2.2789123e-01   1.2000000e+02   9.4840721e-02
  6.2453732379295e+00   3.7858912e+00   1.0035638e+00   2.7961902e+01  -3.2924029e-02   9.0628030e-03   2.5360272e-01   1.2000000e+02   9.4859209e-02
  6.2501090302176e+00   3.7906625e+00   1.0105895e+00   2.7971920e+01  -3.2878560e-02   1.0019188e-02   2.7849377e-01   1.2000000e+02   9.4873938e-02
  6.2548448225058e+00   3.7954678e+00   1.0178702e+00   2.7981703e+01  -3.2828571e-02   1.0972193e-02   3.0250267e-01   1.2000000e+02   9.4884779e-02
  6.2595806147939e+00   3.8003077e+00   1.0252001e+00   2.7991002e+01  -3.2774088e-02   1.1916858e-02   3.2571244e-01   1.2000000e+02   9.4891693e-02
  6.2643164070821e+00   3.8051822e+00   1.0324279e+00   2.7999655e+01  -3.2715174e-02   1.2843842e-02   3.4820779e-01   1.2000000e+02   9.4894738e-02
  6.2690521993702e+00   3.8100905e+00   1.0395509e+00   2.8007666e+01  -3.2651933e-02   1.3747085e-02   3.6998862e-01   1.2000000e+02   9.4894009e-02
  6.2737879916584e+00   3.8150325e+00   1.0466490e+00   2.8015118e+01  -3.2584473e-02   1.4628798e-02   3.9102326e-01   1.2000000e+02   9.4889584e-02
  6.2785237839465e+00   3.8200081e+00   1.0537316e+00   2.8022010e+01  -3.2512880e-02   1.5495956e-02   4.1136346e-01   1.2000000e+02   9.4881522e-02
  6.2832595762347e+00   3.8250170e+00   1.0606584e+00   2.8028194e+01  -3.2437209e-02   1.6352321e-02   4.3118247e-01   1.2000000e+02   9.4869924e-02
  6.2879953685228e+00   3.8300577e+00   1.0672331e+00   2.8033496e+01  -3.2357516e-02   1.7195331e-02   4.5069300e-01   1.2000000e+02   9.4854983e-02
  6.2927311608109e+00   3.8351284e+00   1.0733981e+00   2.8037915e+01  -3.2273875e-02   1.8021695e-02   4.7002894e-01   1.2000000e+02   9.4836949e-02
  6.2974669530991e+00   3.8402277e+00   1.0793560e+00   2.8041718e+01  -3.2186357e-02   1.8835518e-02   4.8919630e-01   1.2000000e+02   9.4816023e-02
  6.3022027453872e+00   3.8453555e+00   1.0854909e+00   2.8045332e+01  -3.2094990e-02   1.9649646e-02   5.0811736e-01   1.2000000e+02   9.4792246e-02
  6.3069385376754e+00   3.8505136e+00   1.0921285e+00   2.8049083e+01  -3.1999735e-02   2.0477879e-02   5.2671116e-01   1.2000000e+02   9.4765467e-02
  6.3116743299635e+00   3.8557047e+00   1.0993121e+00   2.8052987e+01  -3.1900506e-02   2.1324706e-02   5.4494293e-01   1.2000000e+02   9.4735445e-02
  6.3164101222517e+00   3.8609306e+00   1.1067689e+00   2.8056739e+01  -3.1797236e-02   2.2181276e-02   5.6281542e-01   1.2000000e+02   9.4701996e-02
  6.3211459145398e+00   3.8661917e+00   1.1140921e+00   2.8059925e+01  -3.1689921e-02   2.3030501e-02   5.8031850e-01   1.2000000e+02   9.4665118e-02
  6.3258817068279e+00   3.8714864e+00   1.1209948e+00   2.8062269e+01  -3.1578641e-02   2.3856872e-02   5.9738000e-01   1.2000000e+02   9.4624987e-02
  6.3306174991161e+00   3.8768125e+00   1.1274359e+00   2.8063751e+01  -3.1463526e-02   2.4653625e-02   6.1386375e-01   1.2000000e+02   9.4581866e-02
  6.3353532914042e+00   3.8821682e+00   1.1335399e+00   2.8064504e+01  -3.1344713e-02   2.5422426e-02   6.2962762e-01   1.2000000e+02   9.4535999e-02
  6.3400890836924e+00   3.8875521e+00   1.1394084e+00   2.8064639e+01  -3.1222326e-02   2.6166587e-02   6.4459743e-01   1.2000000e+02   9.4487582e-02
  6.3448248759805e+00   3.8929631e+00   1.1450060e+00   2.8064140e+01  -3.1096484e-02   2.6884089e-02   6.5878909e-01   1.2000000e+02   9.4436799e-02
  6.3495606682687e+00   3.8983997e+00   1.1502121e+00   2.8062931e+01  -3.0967332e-02   2.7567117e-02   6.7226008e-01   1.2000000e+02   9.4383876e-02
  6.3542964605568e+00   3.9038597e+00   1.1549640e+00   2.8061012e+01  -3.0835053e-02   2.8208941e-02   6.8504618e-01   1.2000000e+02   9.4329075e-02
  6.3590322528450e+00   3.9093411e+00   1.1593387e+00   2.8058514e+01  -3.0699843e-02   2.8811408e-02   6.9715257e-01   1.2000000e+02   9.4272641e-02
  6.3637680451331e+00   3.9148426e+00   1.1634975e+00   2.8055626e+01  -3.0561861e-02   2.9385166e-02   7.0860119e-01   1.2000000e+02   9.4214746e-02
  6.3685038374213e+00   3.9203636e+00   1.1675615e+00   2.8052471e+01  -3.0421211e-02   2.9942069e-02   7.1947203e-01   1.2000000e+02   9.4155485e-02
  6.3732396297094e+00   3.9259036e+00   1.1715454e+00   2.8049062e+01  -3.0277954e-02   3.0487563e-02   7.2989066e-01   1.2000000e+02   9.4094924e-02
  6.3779754219975e+00   3.9314621e+00   1.1754067e+00   2.8045362e+01  -3.0132146e-02   3.1020742e-02   7.3998207e-01   1.2000000e+02   9.4033143e-02
  6.3827112142857e+00   3.9370386e+00   1.1791496e+00   2.8041391e+01  -2.9983847e-02   3.1541207e-02   7.4984228e-01   1.2000000e+02   9.3970233e-02
  6.3874470065738e+00   3.9426327e+00   1.1828807e+00   2.8037269e+01  -2.9833106e-02   3.2054592e-02   7.5954374e-01   1.2000000e+02   9.3906251e-02
  6.3921827988620e+00   3.9482448e+00   1.1867726e+00   2.8033165e+01  -2.9679930e-02   3.2570679e-02   7.6914397e-01   1.2000000e+02   9.3841178e-02
  6.3969185911501e+00   3.9538762e+00   1.1909776e+00   2.8029216e+01  -2.9524286e-02   3.3096321e-02   7.7867056e-01   1.2000000e+02   9.3774906e-02
  6.4016543834383e+00   3.9595285e+00   1.1955607e+00   2.8025465e+01  -2.9366128e-02   3.3630417e-02   7.8809533e-01   1.2000000e+02   9.3707277e-02
  6.4063901757264e+00   3.9652034e+00   1.2004849e+00   2.8021858e+01  -2.9205435e-02   3.4165119e-02   7.9732923e-01   1.2000000e+02   9.3638125e-02
  6.4111259680145e+00   3.9709023e+00   1.2056379e+00   2.8018278e+01  -2.9042231e-02   3.4690927e-02   8.0624719e-01   1.2000000e+02   9.3567327e-02
  6.4158617603027e+00   3.9766259e+00   1.2108764e+00   2.8014583e+01  -2.8876576e-02   3.5200727e-02   8.1472329e-01   1.2000000e+02   9.3494824e-02
  6.4205975525908e+00   3.9823743e+00   1.2160801e+00   2.8010658e+01  -2.8708560e-02   3.5690751e-02   8.2265669e-01   1.2000000e+02   9.3420628e-02
  6.4253333448790e+00   3.9881471e+00   1.2212077e+00   2.8006461e+01  -2.8538277e-02   3.6160259e-02   8.2998882e-01   1.2000000e+02   9.3344798e-02
  6.4300691371671e+00   3.9939441e+00   1.2263208e+00   2.8002050e+01  -2.8365821e-02   3.6611937e-02   8.3672110e-01   1.2000000e+02   9.3267389e-02
  6.4348049294553e+00   3.9997655e+00   1.2315397e+00   2.7997527e+01  -2.8191258e-02   3.7052239e-02   8.4292895e-01   1.2000000e+02   9.3188413e-02
  6.4395407217434e+00   4.0056121e+00   1.2369385e+00   2.7992948e+01  -2.8014623e-02   3.7489293e-02   8.4875408e-01   1.2000000e+02   9.3107834e-02
  6.4442765140316e+00   4.0114847e+00   1.2424550e+00   2.7987664e+01  -2.7835913e-02   3.7928079e-02   8.5434499e-01   1.2000000e+02   9.3015220e-02
  6.4490123063197e+00   4.0173833e+00   1.2479004e+00   2.7983255e+01  -2.7655125e-02   3.8366210e-02   8.5988292e-01   1.2000000e+02   9.2941775e-02
  6.4537480986078e+00   4.0233070e+00   1.2530831e+00   2.7977819e+01  -2.7472283e-02   3.8794451e-02   8.6535356e-01   1.2000000e+02   9.2856442e-02
  6.4584838908960e+00   4.0292544e+00   1.2579525e+00   2.7971927e+01  -2.7287464e-02   3.9202638e-02   8.7071945e-01   1.2000000e+02   9.2769791e-02
  6.4632196831841e+00   4.0352243e+00   1.2626368e+00   2.7965716e+01  -2.7100777e-02   3.9586566e-02   8.7587589e-01   1.2000000e+02   9.2681973e-02
  6.4679554754723e+00   4.0412164e+00   1.2673372e+00   2.7959374e+01  -2.6912329e-02   3.9949850e-02   8.8073070e-01   1.2000000e+02   9.2593053e-02
  6.4726912677604e+00   4.0472311e+00   1.2721684e+00   2.7952995e+01  -2.6722200e-02   4.0298708e-02   8.8523145e-01   1.2000000e+02   9.2503017e-02
  6.4774270600486e+00   4.0532689e+00   1.2770846e+00   2.7946537e+01  -2.6530455e-02   4.0634087e-02   8.8933129e-01   1.2000000e+02   9.2411842e-02
  6.4821628523367e+00   4.0593299e+00   1.2819487e+00   2.7939898e+01  -2.6337172e-02   4.0948392e-02   8.9292656e-01   1.2000000e+02   9.2319547e-02
  6.4868986446249e+00   4.0654136e+00   1.2866612e+00   2.7933019e+01  -2.6142484e-02   4.1230175e-02   8.9583995e-01   1.2000000e+02   9.2226208e-02
  6.4916344369130e+00   4.0715191e+00   1.2912209e+00   2.7925924e+01  -2.5946565e-02   4.1472601e-02   8.9789275e-01   1.2000000e+02   9.2131914e-02
  6.4963702292012e+00   4.0776460e+00   1.2956637e+00   2.7918650e+01  -2.5749600e-02   4.1677748e-02   8.9902303e-01   1.2000000e+02   9.2036741e-02
  6.5011060214893e+00   4.0837935e+00   1.2999553e+00   2.7911156e+01  -2.5551746e-02   4.1852813e-02   8.9934778e-01   1.2000000e+02   9.1940767e-02
  6.5058418137774e+00   4.0899606e+00   1.3039580e+00   2.7903315e+01  -2.5353131e-02   4.2002400e-02   8.9910591e-01   1.2000000e+02   9.1844125e-02
  6.5105776060656e+00   4.0961455e+00   1.3075170e+00   2.7895006e+01  -2.5153879e-02   4.2124927e-02   8.9852636e-01   1.2000000e+02   9.1747022e-02
  6.5153133983537e+00   4.1023460e+00   1.3105893e+00   2.7886224e+01  -2.4954127e-02   4.2216815e-02   8.9773415e-01   1.2000000e+02   9.1649715e-02
  6.5200491906419e+00   4.1085600e+00   1.3132986e+00   2.7877106e+01  -2.4754019e-02   4.2279960e-02   8.9676538e-01   1.2000000e+02   9.1552435e-02
  6.5247849829300e+00   4.1147864e+00   1.3158613e+00   2.7867855e+01  -2.4553667e-02   4.2324465e-02   8.9565315e-01   1.2000000e+02   9.1455319e-02
  6.5295207752182e+00   4.1210249e+00   1.3184454e+00   2.7858616e+01  -2.4353124e-02   4.2363212e-02   8.9448196e-01   1.2000000e+02   9.1358408e-02
  6.5342565675063e+00   4.1272758e+00   1.3210777e+00   2.7849409e+01  -2.4152395e-02   4.2402868e-02   8.9334909e-01   1.2000000e+02   9.1261698e-02
  6.5389923597945e+00   4.1335391e+00   1.3236748e+00   2.7840175e+01  -2.3951483e-02   4.2439511e-02   8.9226944e-01   1.2000000e+02   9.1165199e-02
  6.5437281520826e+00   4.1398144e+00   1.3261695e+00   2.7830880e+01  -2.3750429e-02   4.2463057e-02   8.9111848e-01   1.2000000e+02   9.1068952e-02
  6.5484639443707e+00   4.1461014e+00   1.3286249e+00   2.7821603e+01  -2.3549315e-02   4.2466868e-02   8.8967498e-01   1.2000000e+02   9.0972995e-02
  6.5531997366589e+00   4.1524003e+00   1.3312389e+00   2.7812526e+01  -2.3348229e-02   4.2454326e-02   8.8773942e-01   1.2000000e+02   9.0877292e-02
  6.5579355289470e+00   4.1587126e+00   1.3342287e+00   2.7803818e+01  -2.3147222e-02   4.2436708e-02   8.8524273e-01   1.2000000e+02   9.0781704e-02
  6.5626713212352e+00   4.1650403e+00   1.3376816e+00   2.7795526e+01  -2.2946286e-02   4.2424315e-02   8.8227258e-01   1.2000000e+02   9.0686017e-02
  6.5674071135233e+00   4.1713853e+00   1.3414900e+00   2.7787527e+01  -2.2745390e-02   4.2418723e-02   8.7901171e-01   1.2000000e+02   9.0590029e-02
  6.5721429058115e+00   4.1777488e+00   1.3454156e+00   2.7779598e+01  -2.2544518e-02   4.2412800e-02   8.7564414e-01   1.2000000e+02   9.0493625e-02
  6.5768786980996e+00   4.1841306e+00   1.3492283e+00   2.7771536e+01  -2.2343695e-02   4.2397656e-02   8.7229035e-01   1.2000000e+02   9.0396810e-02
  6.5816144903878e+00   4.1905299e+00   1.3528095e+00   2.7763241e+01  -2.2142979e-02   4.2369189e-02   8.6898907e-01   1.2000000e+02   9.0299674e-02
  6.5863502826759e+00   4.1969455e+00   1.3561577e+00   2.7754706e+01  -2.1942433e-02   4.2327925e-02   8.6570306e-01   1.2000000e+02   9.0202341e-02
  6.5910860749640e+00   4.2033765e+00   1.3593227e+00   2.7745970e+01  -2.1742116e-02   4.2273525e-02   8.6233092e-01   1.2000000e+02   9.0104930e-02
  6.5958218672522e+00   4.2098221e+00   1.3623494e+00   2.7737075e+01  -2.1542101e-02   4.2201290e-02   8.5873634e-01   1.2000000e+02   9.0007544e-02
  6.6005576595403e+00   4.2162817e+00   1.3652778e+00   2.7728071e+01  -2.1342490e-02   4.2105656e-02   8.5481029e-01   1.2000000e+02   8.9910270e-02
  6.6052934518285e+00   4.2227551e+00   1.3681779e+00   2.7719042e+01  -2.1143394e-02   4.1987368e-02   8.5053989e-01   1.2000000e+02   8.9813161e-02
  6.6100292441166e+00   4.2292424e+00   1.3711611e+00   2.7710100e+01  -2.0944897e-02   4.1856150e-02   8.4602118e-01   1.2000000e+02   8.9716215e-02
  6.6147650364048e+00   4.2357443e+00   1.3743444e+00   2.7701345e+01  -2.0747027e-02   4.1724878e-02   8.4138192e-01   1.2000000e+02   8.9619367e-02
  6.6195008286929e+00   4.2422620e+00   1.3777913e+00   2.7692823e+01  -2.0549762e-02   4.1600081e-02   8.3666458e-01   1.2000000e+02   8.9522500e-02
  6.6242366209811e+00   4.2487967e+00   1.3814832e+00   2.7684505e+01  -2.0353078e-02   4.1477527e-02   8.3177270e-01   1.2000000e+02   8.9425491e-02
  6.6289724132692e+00   4.2553493e+00   1.3853387e+00   2.7676315e+01  -2.0156992e-02   4.1346450e-02   8.2653615e-01   1.2000000e+02   8.9328242e-02
  6.6337082055574e+00   4.2619205e+00   1.3892665e+00   2.7668174e+01  -1.9961573e-02   4.1197597e-02   8.2083781e-01   1.2000000e+02   8.9230702e-02
  6.6384439978455e+00   4.2685103e+00   1.3932113e+00   2.7658989e+01  -1.9766914e-02   4.1027467e-02   8.1465156e-01   1.2000000e+02   8.9120601e-02
  6.6431797901336e+00   4.2751187e+00   1.3971708e+00   2.7651873e+01  -1.9573118e-02   4.0836215e-02   8.0814600e-01   1.2000000e+02   8.9034697e-02
  6.6479155824218e+00   4.2817461e+00   1.4011759e+00   2.7643716e+01  -1.9380284e-02   4.0623446e-02   8.0127229e-01   1.2000000e+02   8.8936229e-02
  6.6526513747099e+00   4.2883926e+00   1.4052471e+00   2.7635564e+01  -1.9188520e-02   4.0387273e-02   7.9402963e-01   1.2000000e+02   8.8837435e-02
  6.6573871669981e+00   4.2950585e+00   1.4093476e+00   2.7627387e+01  -1.8997938e-02   4.0127178e-02   7.8638197e-01   1.2000000e+02   8.8738312e-02
  6.6621229592862e+00   4.3017436e+00   1.4133650e+00   2.7619096e+01  -1.8808645e-02   3.9846327e-02   7.7839209e-01   1.2000000e+02   8.8638888e-02
  6.6668587515744e+00   4.3084472e+00   1.4171429e+00   2.7610576e+01  -1.8620726e-02   3.9549805e-02   7.7023648e-01   1.2000000e+02   8.8539252e-02
  6.6715945438625e+00   4.3151678e+00   1.4205565e+00   2.7601742e+01  -1.8434246e-02   3.9240363e-02   7.6209841e-01   1.2000000e+02   8.8439559e-02
  6.6763303361506e+00   4.3219034e+00   1.4235859e+00   2.7592596e+01  -1.8249268e-02   3.8916683e-02   7.5403663e-01   1.2000000e+02   8.8339992e-02
  6.6810661284388e+00   4.3286526e+00   1.4263278e+00   2.7583234e+01  -1.8065866e-02   3.8576682e-02   7.4596072e-01   1.2000000e+02   8.8240717e-02
  6.6858019207269e+00   4.3354144e+00   1.4289250e+00   2.7573785e+01  -1.7884114e-02   3.8222511e-02   7.3774215e-01   1.2000000e+02   8.8141838e-02
  6.6905377130151e+00   4.3421882e+00   1.4314580e+00   2.7564317e+01  -1.7704061e-02   3.7861319e-02   7.2935291e-01   1.2000000e+02   8.8043407e-02
  6.6952735053032e+00   4.3489738e+00   1.4338826e+00   2.7554801e+01  -1.7525721e-02   3.7499817e-02   7.2089324e-01   1.2000000e+02   8.7945465e-02
  6.7000092975914e+00   4.3557704e+00   1.4360680e+00   2.7545141e+01  -1.7349093e-02   3.7137552e-02   7.1248123e-01   1.2000000e+02   8.7848097e-02
  6.7047450898795e+00   4.3625763e+00   1.4379090e+00   2.7535274e+01  -1.7174201e-02   3.6766157e-02   7.0411868e-01   1.2000000e+02   8.7751438e-02
  6.7094808821677e+00   4.3693901e+00   1.4394258e+00   2.7525242e+01  -1.7001114e-02   3.6376553e-02   6.9567508e-01   1.2000000e+02   8.7655639e-02
  6.7142166744558e+00   4.3762105e+00   1.4407733e+00   2.7515187e+01  -1.6829924e-02   3.5968024e-02   6.8701241e-01   1.2000000e+02   8.7560806e-02
  6.7189524667439e+00   4.3830374e+00   1.4421592e+00   2.7505278e+01  -1.6660699e-02   3.5550491e-02   6.7812822e-01   1.2000000e+02   8.7466956e-02
  6.7236882590321e+00   4.3898713e+00   1.4437453e+00   2.7495635e+01  -1.6493443e-02   3.5137430e-02   6.6917132e-01   1.2000000e+02   8.7374018e-02
  6.7284240513202e+00   4.3967134e+00   1.4456064e+00   2.7486305e+01  -1.6328114e-02   3.4735809e-02   6.6031046e-01   1.2000000e+02   8.7281871e-02
  6.7331598436084e+00   4.4035651e+00   1.4477604e+00   2.7477296e+01  -1.6164662e-02   3.4342239e-02   6.5158361e-01   1.2000000e+02   8.7190371e-02
  6.7378956358965e+00   4.4104278e+00   1.4502175e+00   2.7468608e+01  -1.6003073e-02   3.3948260e-02   6.4287346e-01   1.2000000e+02   8.7099368e-02
  6.7426314281847e+00   4.4173030e+00   1.4529854e+00   2.7460234e+01  -1.5843363e-02   3.3548744e-02   6.3402595e-01   1.2000000e+02   8.7008705e-02
  6.7473672204728e+00   4.4241921e+00   1.4560301e+00   2.7452125e+01  -1.5685558e-02   3.3144908e-02   6.2498617e-01   1.2000000e+02   8.6918234e-02
  6.7521030127610e+00   4.4310960e+00   1.4592430e+00   2.7444166e+01  -1.5529669e-02   3.2739666e-02   6.1581674e-01   1.2000000e+02   8.6827849e-02
  6.7568388050491e+00   4.4380153e+00   1.4624697e+00   2.7436215e+01  -1.5375707e-02   3.2331274e-02   6.0659147e-01   1.2000000e+02   8.6737512e-02
  6.7615745973373e+00   4.4449497e+00   1.4655938e+00   2.7428172e+01  -1.5223702e-02   3.1912686e-02   5.9728600e-01   1.2000000e+02   8.6647254e-02
  6.7663103896254e+00   4.4518985e+00   1.4686112e+00   2.7420041e+01  -1.5073722e-02   3.1477546e-02   5.8778360e-01   1.2000000e+02   8.6557141e-02
  6.7710461819135e+00   4.4588615e+00   1.4716279e+00   2.7411910e+01  -1.4925848e-02   3.1026341e-02   5.7798881e-01   1.2000000e+02   8.6467211e-02
  6.7757819742017e+00   4.4658392e+00   1.4747753e+00   2.7403881e+01  -1.4780138e-02   3.0565894e-02   5.6792829e-01   1.2000000e+02   8.6377445e-02
  6.7805177664898e+00   4.4728322e+00   1.4781082e+00   2.7395990e+01  -1.4636618e-02   3.0102466e-02   5.5773567e-01   1.2000000e+02   8.6287782e-02
  6.7852535587780e+00   4.4798414e+00   1.4815681e+00   2.7388188e+01  -1.4495301e-02   2.9635557e-02   5.4753815e-01   1.2000000e+02   8.6198159e-02
  6.7899893510661e+00   4.4868671e+00   1.4850412e+00   2.7380390e+01  -1.4356218e-02   2.9158843e-02   5.3735877e-01   1.2000000e+02   8.6108553e-02
  6.7947251433543e+00   4.4939090e+00   1.4884631e+00   2.7372558e+01  -1.4219431e-02   2.8667151e-02   5.2712073e-01   1.2000000e+02   8.6018978e-02
  6.7994609356424e+00   4.5009672e+00   1.4918857e+00   2.7364742e+01  -1.4085011e-02   2.8161974e-02   5.1672909e-01   1.2000000e+02   8.5929447e-02
  6.8041967279305e+00   4.5080419e+00   1.4954505e+00   2.7357048e+01  -1.3953005e-02   2.7649553e-02   5.0613324e-01   1.2000000e+02   8.5839925e-02
  6.8089325202187e+00   4.5151341e+00   1.4992887e+00   2.7349564e+01  -1.3823436e-02   2.7133435e-02   4.9531328e-01   1.2000000e+02   8.5750316e-02
  6.8136683125068e+00   4.5222453e+00   1.5034187e+00   2.7342284e+01  -1.3696329e-02   2.6609345e-02   4.8423050e-01   1.2000000e+02   8.5660494e-02
  6.8184041047950e+00   4.5293766e+00   1.5077135e+00   2.7335097e+01  -1.3571746e-02   2.6067904e-02   4.7282299e-01   1.2000000e+02   8.5570361e-02
  6.8231398970831e+00   4.5365282e+00   1.5119525e+00   2.7327834e+01  -1.3449790e-02   2.5502601e-02   4.6106755e-01   1.2000000e+02   8.5479899e-02
  6.8278756893713e+00   4.5436992e+00   1.5159189e+00   2.7320336e+01  -1.3330573e-02   2.4915031e-02   4.4903990e-01   1.2000000e+02   8.5389189e-02
  6.8326114816594e+00   4.5508879e+00   1.5194769e+00   2.7312510e+01  -1.3214182e-02   2.4312375e-02   4.3689357e-01   1.2000000e+02   8.5298389e-02
  6.8373472739476e+00   4.5580923e+00   1.5225897e+00   2.7304337e+01  -1.3100671e-02   2.3700124e-02   4.2476111e-01   1.2000000e+02   8.5207692e-02
  6.8420830662357e+00   4.5653103e+00   1.5252828e+00   2.7295844e+01  -1.2990086e-02   2.3077613e-02   4.1266837e-01   1.2000000e+02   8.5117301e-02
  6.8468188585239e+00   4.5725400e+00   1.5275919e+00   2.7287073e+01  -1.2882486e-02   2.2440546e-02   4.0054649e-01   1.2000000e+02   8.5027404e-02
  6.8515546508120e+00   4.5797797e+00   1.5295354e+00   2.7278057e+01  -1.2777946e-02   2.1787281e-02   3.8832823e-01   1.2000000e+02   8.4938179e-02
  6.8562904431001e+00   4.5870276e+00   1.5311257e+00   2.7268837e+01  -1.2676535e-02   2.1122101e-02   3.7603045e-01   1.2000000e+02   8.4849792e-02
  6.8610262353883e+00   4.5942822e+00   1.5324019e+00   2.7259473e+01  -1.2578289e-02   2.0452371e-02   3.6374079e-01   1.2000000e+02   8.4762388e-02
  6.8657620276764e+00   4.6015422e+00   1.5334505e+00   2.7250055e+01  -1.2483214e-02   1.9782883e-02   3.5152678e-01   1.2000000e+02   8.4676072e-02
  6.8704978199646e+00   4.6088069e+00   1.5343945e+00   2.7240688e+01  -1.2391310e-02   1.9113103e-02   3.3936246e-01   1.2000000e+02   8.4590899e-02
  6.8752336122527e+00   4.6160760e+00   1.5353581e+00   2.7231470e+01  -1.2302587e-02   1.8439420e-02   3.2714475e-01   1.2000000e+02   8.4506865e-02
  6.8799694045409e+00   4.6233499e+00   1.5364351e+00   2.7222470e+01  -1.2217071e-02   1.7759228e-02   3.1477723e-01   1.2000000e+02   8.4423919e-02
  6.8847051968290e+00   4.6306294e+00   1.5376881e+00   2.7213728e+01  -1.2134794e-02   1.7072388e-02   3.0223376e-01   1.2000000e+02   8.4341977e-02
  6.8894409891172e+00   4.6379155e+00   1.5391771e+00   2.7205281e+01  -1.2055787e-02   1.6379070e-02   2.8954198e-01   1.2000000e+02   8.4260932e-02
  6.8941767814053e+00   4.6452094e+00   1.5409856e+00   2.7197177e+01  -1.1980085e-02   1.5677130e-02   2.7671399e-01   1.2000000e+02   8.4180643e-02
  6.8989125736934e+00   4.6525129e+00   1.5432105e+00   2.7189470e+01  -1.1907739e-02   1.4962484e-02   2.6370444e-01   1.2000000e+02   8.4100935e-02
  6.9036483659816e+00   4.6598282e+00   1.5459105e+00   2.7182178e+01  -1.1838819e-02   1.4232354e-02   2.5044270e-01   1.2000000e+02   8.4021602e-02
  6.9083841582697e+00   4.6671576e+00   1.5490494e+00   2.7175243e+01  -1.1773396e-02   1.3487865e-02   2.3690383e-01   1.2000000e+02   8.3942437e-02
  6.9131199505579e+00   4.6745026e+00   1.5524887e+00   2.7168540e+01  -1.1711528e-02   1.2732895e-02   2.2313883e-01   1.2000000e+02   8.3863277e-02
  6.9178557428460e+00   4.6818643e+00   1.5560505e+00   2.7161920e+01  -1.1653257e-02   1.1970041e-02   2.0922626e-01   1.2000000e+02   8.3784033e-02
  6.9225915351342e+00   4.6892430e+00   1.5596132e+00   2.7155284e+01  -1.1598622e-02   1.1197745e-02   1.9519082e-01   1.2000000e+02   8.3704686e-02
  6.9273273274223e+00   4.6966384e+00   1.5631652e+00   2.7148618e+01  -1.1547680e-02   1.0411650e-02   1.8097405e-01   1.2000000e+02   8.3625246e-02
  6.9320631197105e+00   4.7040508e+00   1.5667699e+00   2.7141962e+01  -1.1500504e-02   9.6089082e-03   1.6649312e-01   1.2000000e+02   8.3545713e-02
  6.9367989119986e+00   4.7114805e+00   1.5704697e+00   2.7134500e+01  -1.1457172e-02   8.7909123e-03   1.5172896e-01   1.2000000e+02   8.3456102e-02
  6.9415347042867e+00   4.7189279e+00   1.5742096e+00   2.7128699e+01  -1.1417746e-02   7.9613746e-03   1.3678293e-01   1.2000000e+02   8.3386293e-02
  6.9462704965749e+00   4.7263928e+00   1.5778482e+00   2.7121946e+01  -1.1382275e-02   7.1215205e-03   1.2176542e-01   1.2000000e+02   8.3306417e-02
  6.9510062888630e+00   4.7338744e+00   1.5812476e+00   2.7114992e+01  -1.1350818e-02   6.2674774e-03   1.0673925e-01   1.2000000e+02   8.3226527e-02
  6.9557420811512e+00   4.7413712e+00   1.5843637e+00   2.7107822e+01  -1.1323457e-02   5.3930655e-03   9.1654521e-02   1.2000000e+02   8.3146745e-02
  6.9604778734393e+00   4.7488822e+00   1.5872636e+00   2.7100500e+01  -1.1300298e-02   4.4958101e-03   7.6414662e-02   1.2000000e+02   8.3067182e-02
  6.9652136657275e+00   4.7564067e+00   1.5900647e+00   2.7093123e+01  -1.1281440e-02   3.5805350e-03   6.0980772e-02   1.2000000e+02   8.2987908e-02
  6.9699494580156e+00   4.7639443e+00   1.5928576e+00   2.7085763e+01  -1.1266942e-02   2.6569621e-03   4.5416709e-02   1.2000000e+02   8.2908943e-02
  6.9746852503038e+00   4.7714952e+00   1.5956781e+00   2.7078450e+01  -1.1256821e-02   1.7333158e-03   2.9831754e-02   1.2000000e+02   8.2830280e-02
  6.9794210425919e+00   4.7790596e+00   1.5985347e+00   2.7071198e+01  -1.1251068e-02   8.1146379e-04   1.4277570e-02   1.2000000e+02   8.2751900e-02
  6.9841568348801e+00   4.7866377e+00   1.6014414e+00   2.7064020e+01  -1.1249685e-02  -1.1271449e-04  -1.3031275e-03   1.2000000e+02   8.2673777e-02
  6.9888926271682e+00   4.7942297e+00   1.6044125e+00   2.7056921e+01  -1.1252698e-02  -1.0450868e-03  -1.7033979e-02   1.2000000e+02   8.2595876e-02
  6.9936284194563e+00   4.8018359e+00   1.6074203e+00   2.7049872e+01  -1.1260158e-02  -1.9896318e-03  -3.3017006e-02   1.2000000e+02   8.2518166e-02
  6.9983642117445e+00   4.8094562e+00   1.6103664e+00   2.7042790e+01  -1.1272129e-02  -2.9483973e-03  -4.9283581e-02   1.2000000e+02   8.2440647e-02
  7.0029598701801e+00   4.8170897e+00   1.6131904e+00   2.7035325e+01  -1.1288608e-02  -3.9565253e-03  -6.6369965e-02   1.2000000e+02   8.2360839e-02
  7.0076956624682e+00   4.8247353e+00   1.6155876e+00   2.7027867e+01  -1.1309699e-02  -4.9549348e-03  -8.3194890e-02   1.2000000e+02   8.2283951e-02
  7.0124314547564e+00   4.8323913e+00   1.6176210e+00   2.7020170e+01  -1.1335584e-02  -5.9821101e-03  -1.0035817e-01   1.2000000e+02   8.2207587e-02
  7.0171672470445e+00   4.8400562e+00   1.6193636e+00   2.7012302e+01  -1.1366413e-02  -7.0431264e-03  -1.1794218e-01   1.2000000e+02   8.2131891e-02
  7.0219030393327e+00   4.8477290e+00   1.6209484e+00   2.7004370e+01  -1.1402350e-02  -8.1392670e-03  -1.3599418e-01   1.2000000e+02   8.2056957e-02
  7.0266388316208e+00   4.8554091e+00   1.6224998e+00   2.6996477e+01  -1.1443557e-02  -9.2677639e-03  -1.5449234e-01   1.2000000e+02   8.1982824e-02
  7.0313746239090e+00   4.8630967e+00   1.6240860e+00   2.6988682e+01  -1.1490173e-02  -1.0423151e-02  -1.7335957e-01   1.2000000e+02   8.1909480e-02
  7.0361104161971e+00   4.8707919e+00   1.6257188e+00   2.6981004e+01  -1.1542313e-02  -1.1598933e-02  -1.9250430e-01   1.2000000e+02   8.1836894e-02
  7.0408462084852e+00   4.8784949e+00   1.6273927e+00   2.6973446e+01  -1.1600056e-02  -1.2788781e-02  -2.1185159e-01   1.2000000e+02   8.1765029e-02
  7.0455820007734e+00   4.8862060e+00   1.6291332e+00   2.6966029e+01  -1.1663457e-02  -1.3987709e-02  -2.3135011e-01   1.2000000e+02   8.1693841e-02
  7.0503177930615e+00   4.8939256e+00   1.6310152e+00   2.6958799e+01  -1.1732553e-02  -1.5193601e-02  -2.5096949e-01   1.2000000e+02   8.1623261e-02
  7.0550535853497e+00   4.9016547e+00   1.6331360e+00   2.6951810e+01  -1.1807379e-02  -1.6408600e-02  -2.7070787e-01   1.2000000e+02   8.1553189e-02
  7.0597893776378e+00   4.9093945e+00   1.6355573e+00   2.6945079e+01  -1.1887993e-02  -1.7639598e-02  -2.9061377e-01   1.2000000e+02   8.1483498e-02
  7.0645251699260e+00   4.9171464e+00   1.6382544e+00   2.6938561e+01  -1.1974496e-02  -1.8897205e-02  -3.1080424e-01   1.2000000e+02   8.1414060e-02
  7.0692609622141e+00   4.9249116e+00   1.6411118e+00   2.6932153e+01  -1.2067041e-02  -2.0193269e-02  -3.3145469e-01   1.2000000e+02   8.1344785e-02
  7.0739967545023e+00   4.9326903e+00   1.6439698e+00   2.6925729e+01  -1.2165836e-02  -2.1537957e-02  -3.5275537e-01   1.2000000e+02   8.1275642e-02
  7.0787325467904e+00   4.9404824e+00   1.6466933e+00   2.6919193e+01  -1.2271127e-02  -2.2937673e-02  -3.7485706e-01   1.2000000e+02   8.1206667e-02
  7.0834683390786e+00   4.9482868e+00   1.6492163e+00   2.6912501e+01  -1.2383183e-02  -2.4394313e-02  -3.9783525e-01   1.2000000e+02   8.1137931e-02
  7.0882041313667e+00   4.9561027e+00   1.6515373e+00   2.6905658e+01  -1.2502267e-02  -2.5905456e-02  -4.2168408e-01   1.2000000e+02   8.1069520e-02
  7.0929399236548e+00   4.9639292e+00   1.6536787e+00   2.6898683e+01  -1.2628625e-02  -2.7464808e-02  -4.4632916e-01   1.2000000e+02   8.1001514e-02
  7.0976757159430e+00   4.9717654e+00   1.6556528e+00   2.6891596e+01  -1.2762464e-02  -2.9062620e-02  -4.7164070e-01   1.2000000e+02   8.0933985e-02
  7.1024115082311e+00   4.9796106e+00   1.6574654e+00   2.6884414e+01  -1.2903936e-02  -3.0686490e-02  -4.9744059e-01   1.2000000e+02   8.0866997e-02
  7.1071473005193e+00   4.9874640e+00   1.6591490e+00   2.6877180e+01  -1.3053134e-02  -3.2323339e-02  -5.2351756e-01   1.2000000e+02   8.0800606e-02
  7.1118830928074e+00   4.9953253e+00   1.6607867e+00   2.6869964e+01  -1.3210093e-02  -3.3962851e-02  -5.4967002e-01   1.2000000e+02   8.0734834e-02
  7.1166188850956e+00   5.0031944e+00   1.6624893e+00   2.6862849e+01  -1.3374814e-02  -3.5601599e-02  -5.7577695e-01   1.2000000e+02   8.0669665e-02
  7.1213546773837e+00   5.0110719e+00   1.6643347e+00   2.6855879e+01  -1.3547305e-02  -3.7246355e-02  -6.0187084e-01   1.2000000e+02   8.0605041e-02
  7.1260904696719e+00   5.0189585e+00   1.6663173e+00   2.6849036e+01  -1.3727634e-02  -3.8915523e-02  -6.2818081e-01   1.2000000e+02   8.0540894e-02
  7.1308262619600e+00   5.0268547e+00   1.6683550e+00   2.6842248e+01  -1.3915983e-02  -4.0638798e-02  -6.5513456e-01   1.2000000e+02   8.0477176e-02
  7.1355620542481e+00   5.0347604e+00   1.6703550e+00   2.6835437e+01  -1.4112697e-02  -4.2455877e-02  -6.8333461e-01   1.2000000e+02   8.0413872e-02
  7.1402978465363e+00   5.0426755e+00   1.6722779e+00   2.6828561e+01  -1.4318333e-02  -4.4414814e-02  -7.1353175e-01   1.2000000e+02   8.0350991e-02
  7.1450336388244e+00   5.0505995e+00   1.6741385e+00   2.6821602e+01  -1.4533688e-02  -4.6569826e-02  -7.4660395e-01   1.2000000e+02   8.0288544e-02
  7.1497694311126e+00   5.0585321e+00   1.6759297e+00   2.6814518e+01  -1.4759825e-02  -4.8977898e-02  -7.8352685e-01   1.2000000e+02   8.0226532e-02
  7.1545052234007e+00   5.0664729e+00   1.6775326e+00   2.6807179e+01  -1.4998076e-02  -5.1693891e-02  -8.2531363e-01   1.2000000e+02   8.0164982e-02
  7.1592410156889e+00   5.0744203e+00   1.6787001e+00   2.6799369e+01  -1.5250014e-02  -5.4764768e-02  -8.7291652e-01   1.2000000e+02   8.0103996e-02
  7.1639768079770e+00   5.0823717e+00   1.6791485e+00   2.6790854e+01  -1.5517405e-02  -5.8224370e-02  -9.2710739e-01   1.2000000e+02   8.0043780e-02
  7.1687126002651e+00   5.0903231e+00   1.6787013e+00   2.6781480e+01  -1.5802138e-02  -6.2090180e-02  -9.8836969e-01   1.2000000e+02   7.9984629e-02
  7.1734483925533e+00   5.0982702e+00   1.6773865e+00   2.6771235e+01  -1.6106144e-02  -6.6362317e-02  -1.0568263e+00   1.2000000e+02   7.9926867e-02
  7.1781841848414e+00   5.1062096e+00   1.6754249e+00   2.6760237e+01  -1.6431314e-02  -7.1023751e-02  -1.1322074e+00   1.2000000e+02   7.9870770e-02
  7.1829199771296e+00   5.1141387e+00   1.6731358e+00   2.6748673e+01  -1.6779418e-02  -7.6040526e-02  -1.2138482e+00   1.2000000e+02   7.9816514e-02
  7.1876557694177e+00   5.1220568e+00   1.6708483e+00   2.6736753e+01  -1.7152024e-02  -8.1362219e-02  -1.3007077e+00   1.2000000e+02   7.9764157e-02
  7.1923915617059e+00   5.1299648e+00   1.6688903e+00   2.6724715e+01  -1.7550430e-02  -8.6924444e-02  -1.3914118e+00   1.2000000e+02   7.9713638e-02
  7.1971273539940e+00   5.1378650e+00   1.6676441e+00   2.6712856e+01  -1.7975604e-02  -9.2654866e-02  -1.4843276e+00   1.2000000e+02   7.9664764e-02
  7.2018631462822e+00   5.1457619e+00   1.6676008e+00   2.6701572e+01  -1.8428172e-02  -9.8481732e-02  -1.5776692e+00   1.2000000e+02   7.9617180e-02
  7.2065989385703e+00   5.1536626e+00   1.6693467e+00   2.6691323e+01  -1.8908434e-02  -1.0434149e-01  -1.6696221e+00   1.2000000e+02   7.9570327e-02
  7.2113347308585e+00   5.1615771e+00   1.6734785e+00   2.6682571e+01  -1.9416420e-02  -1.1018227e-01  -1.7584633e+00   1.2000000e+02   7.9523428e-02
  7.2160705231466e+00   5.1695177e+00   1.6805022e+00   2.6675695e+01  -1.9951939e-02  -1.1596290e-01  -1.8426601e+00   1.2000000e+02   7.9475506e-02
  7.2208063154347e+00   5.1774992e+00   1.6907700e+00   2.6670943e+01  -2.0514623e-02  -1.2164986e-01  -1.9209383e+00   1.2000000e+02   7.9425431e-02
  7.2255421077229e+00   5.1855375e+00   1.7044731e+00   2.6668417e+01  -2.1103961e-02  -1.2721480e-01  -1.9923229e+00   1.2000000e+02   7.9371981e-02
  7.2302779000110e+00   5.1936489e+00   1.7216587e+00   2.6668082e+01  -2.1719316e-02  -1.3263331e-01  -2.0561547e+00   1.2000000e+02   7.9313897e-02
  7.2350136922992e+00   5.2018497e+00   1.7422435e+00   2.6669771e+01  -2.2359942e-02  -1.3788391e-01  -2.1120827e+00   1.2000000e+02   7.9249938e-02
  7.2397494845873e+00   5.2101557e+00   1.7660175e+00   2.6673197e+01  -2.3024995e-02  -1.4294629e-01  -2.1600324e+00   1.2000000e+02   7.9178934e-02
  7.2444852768755e+00   5.2185813e+00   1.7926617e+00   2.6677980e+01  -2.3713537e-02  -1.4779974e-01  -2.2001524e+00   1.2000000e+02   7.9099834e-02
  7.2492210691636e+00   5.2271391e+00   1.8217971e+00   2.6683697e+01  -2.4424527e-02  -1.5242332e-01  -2.2327500e+00   1.2000000e+02   7.9011741e-02
  7.2539568614517e+00   5.2358400e+00   1.8530535e+00   2.6689945e+01  -2.5156831e-02  -1.5679806e-01  -2.2582287e+00   1.2000000e+02   7.8913930e-02
  7.2586926537399e+00   5.2446933e+00   1.8861258e+00   2.6696381e+01  -2.5909235e-02  -1.6090971e-01  -2.2770353e+00   1.2000000e+02   7.8805824e-02
  7.2634284460280e+00   5.2537071e+00   1.9207891e+00   2.6702730e+01  -2.6680469e-02  -1.6474964e-01  -2.2896191e+00   1.2000000e+02   7.8686973e-02
  7.2681642383162e+00   5.2628885e+00   1.9568686e+00   2.6708769e+01  -2.7469234e-02  -1.6831245e-01  -2.2964034e+00   1.2000000e+02   7.8557024e-02
  7.2729000306043e+00   5.2722437e+00   1.9941894e+00   2.6714297e+01  -2.8274203e-02  -1.7159154e-01  -2.2977716e+00   1.2000000e+02   7.8415711e-02
  7.2776358228925e+00   5.2817782e+00   2.0325381e+00   2.6719109e+01  -2.9094008e-02  -1.7457543e-01  -2.2940700e+00   1.2000000e+02   7.8262864e-02
  7.2823716151806e+00   5.2914963e+00   2.0716585e+00   2.6722997e+01  -2.9927214e-02  -1.7724781e-01  -2.2856254e+00   1.2000000e+02   7.8098424e-02
  7.2871074074688e+00   5.3014009e+00   2.1112804e+00   2.6725768e+01  -3.0772303e-02  -1.7959134e-01  -2.2727629e+00   1.2000000e+02   7.7922455e-02
  7.2918431997569e+00   5.3114939e+00   2.1511620e+00   2.6727269e+01  -3.1627683e-02  -1.8159223e-01  -2.2558032e+00   1.2000000e+02   7.7735144e-02
  7.2965789920450e+00   5.3217759e+00   2.1911155e+00   2.6727395e+01  -3.2491709e-02  -1.8324106e-01  -2.2350303e+00   1.2000000e+02   7.7536776e-02
  7.3013147843332e+00   5.3322471e+00   2.2309968e+00   2.6726090e+01  -3.3362691e-02  -1.8452803e-01  -2.2106422e+00   1.2000000e+02   7.7327720e-02
  7.3060505766213e+00   5.3429067e+00   2.2706607e+00   2.6723322e+01  -3.4238878e-02  -1.8543521e-01  -2.1827141e+00   1.2000000e+02   7.7108413e-02
  7.3107863689095e+00   5.3537532e+00   2.3099114e+00   2.6719054e+01  -3.5118403e-02  -1.8593165e-01  -2.1512074e+00   1.2000000e+02   7.6879366e-02
  7.3155221611976e+00   5.3647841e+00   2.3484821e+00   2.6713241e+01  -3.5999226e-02  -1.8597586e-01  -2.1160259e+00   1.2000000e+02   7.6641186e-02
  7.3202579534858e+00   5.3759955e+00   2.3860640e+00   2.6705835e+01  -3.6879101e-02  -1.8552501e-01  -2.0770942e+00   1.2000000e+02   7.6394591e-02
  7.3249937457739e+00   5.3873819e+00   2.4223679e+00   2.6696811e+01  -3.7755600e-02  -1.8454567e-01  -2.0344158e+00   1.2000000e+02   7.6140403e-02
  7.3297295380621e+00   5.3989368e+00   2.4571808e+00   2.6686192e+01  -3.8626171e-02  -1.8301996e-01  -1.9880894e+00   1.2000000e+02   7.5879527e-02
  7.3344653303502e+00   5.4106527e+00   2.4903827e+00   2.6674041e+01  -3.9488216e-02  -1.8094557e-01  -1.9382910e+00   1.2000000e+02   7.5612904e-02
  7.3392011226384e+00   5.4225220e+00   2.5219207e+00   2.6660453e+01  -4.0339155e-02  -1.7833232e-01  -1.8852549e+00   1.2000000e+02   7.5341481e-02
  7.3439369149265e+00   5.4345366e+00   2.5517635e+00   2.6645526e+01  -4.1176479e-02  -1.7519982e-01  -1.8292744e+00   1.2000000e+02   7.5066188e-02
  7.3486727072146e+00   5.4466885e+00   2.5798685e+00   2.6629346e+01  -4.1997795e-02  -1.7157762e-01  -1.7707188e+00   1.2000000e+02   7.4787929e-02
  7.3534084995028e+00   5.4589692e+00   2.6061707e+00   2.6611980e+01  -4.2800875e-02  -1.6750571e-01  -1.7100397e+00   1.2000000e+02   7.4507593e-02
  7.3581442917909e+00   5.4713700e+00   2.6305821e+00   2.6593483e+01  -4.3583701e-02  -1.6303245e-01  -1.6477459e+00   1.2000000e+02   7.4226057e-02
  7.3628800840791e+00   5.4838818e+00   2.6529854e+00   2.6573893e+01  -4.4344494e-02  -1.5820931e-01  -1.5843514e+00   1.2000000e+02   7.3944194e-02
  7.3676158763672e+00   5.4964946e+00   2.6732273e+00   2.6553233e+01  -4.5081716e-02  -1.5308547e-01  -1.5203216e+00   1.2000000e+02   7.3662892e-02
  7.3723516686554e+00   5.5091977e+00   2.6911317e+00   2.6531527e+01  -4.5794049e-02  -1.4770595e-01  -1.4560455e+00   1.2000000e+02   7.3383061e-02
  7.3770874609435e+00   5.5219799e+00   2.7065486e+00   2.6508814e+01  -4.6480387e-02  -1.4211385e-01  -1.3918416e+00   1.2000000e+02   7.3105636e-02
  7.3818232532317e+00   5.5348290e+00   2.7194194e+00   2.6485175e+01  -4.7139826e-02  -1.3635418e-01  -1.3279842e+00   1.2000000e+02   7.2831549e-02
  7.3865590455198e+00   5.5477331e+00   2.7298112e+00   2.6460742e+01  -4.7771687e-02  -1.3047547e-01  -1.2647314e+00   1.2000000e+02   7.2561692e-02
  7.3912948378080e+00   5.5606809e+00   2.7378855e+00   2.6435679e+01  -4.8375526e-02  -1.2452773e-01  -1.2023410e+00   1.2000000e+02   7.2296868e-02
  7.3960306300961e+00   5.5736618e+00   2.7438107e+00   2.6410138e+01  -4.8951129e-02  -1.1855916e-01  -1.1410776e+00   1.2000000e+02   7.2037782e-02
  7.4007664223842e+00   5.5866659e+00   2.7476843e+00   2.6384238e+01  -4.9498507e-02  -1.1261483e-01  -1.0812168e+00   1.2000000e+02   7.1785055e-02
  7.4055022146724e+00   5.5996835e+00   2.7495256e+00   2.6358056e+01  -5.0017879e-02  -1.0673876e-01  -1.0230493e+00   1.2000000e+02   7.1539248e-02
  7.4102380069605e+00   5.6127051e+00   2.7493509e+00   2.6331668e+01  -5.0509674e-02  -1.0097672e-01  -9.6687778e-01   1.2000000e+02   7.1300883e-02
  7.4149737992487e+00   5.6257212e+00   2.7472713e+00   2.6305183e+01  -5.0974545e-02  -9.5376208e-02  -9.1299717e-01   1.2000000e+02   7.1070422e-02
  7.4197095915368e+00   5.6387234e+00   2.7435330e+00   2.6278760e+01  -5.1413366e-02  -8.9981601e-02  -8.6165660e-01   1.2000000e+02   7.0848235e-02
  7.4244453838250e+00   5.6517047e+00   2.7384597e+00   2.6252573e+01  -5.1827196e-02  -8.4826856e-02  -8.1301514e-01   1.2000000e+02   7.0634562e-02
  7.4291811761131e+00   5.6646593e+00   2.7323401e+00   2.6226775e+01  -5.2217222e-02  -7.9930176e-02  -7.6711370e-01   1.2000000e+02   7.0429521e-02
  7.4339169684012e+00   5.6775829e+00   2.7253383e+00   2.6201457e+01  -5.2584676e-02  -7.5293915e-02  -7.2387914e-01   1.2000000e+02   7.0233140e-02
  7.4386527606894e+00   5.6904713e+00   2.7174877e+00   2.6176653e+01  -5.2930775e-02  -7.0909336e-02  -6.8315998e-01   1.2000000e+02   7.0045406e-02
  7.4433885529775e+00   5.7033204e+00   2.7087580e+00   2.6152367e+01  -5.3256679e-02  -6.6762966e-02  -6.4477551e-01   1.2000000e+02   6.9866295e-02
  7.4481243452657e+00   5.7161261e+00   2.6991355e+00   2.6128607e+01  -5.3563484e-02  -6.2841222e-02  -6.0855570e-01   1.2000000e+02   6.9695788e-02
  7.4528601375538e+00   5.7288841e+00   2.6886611e+00   2.6105392e+01  -5.3852224e-02  -5.9132216e-02  -5.7435954e-01   1.2000000e+02   6.9533855e-02
  7.4575959298420e+00   5.7415907e+00   2.6774148e+00   2.6082752e+01  -5.4123882e-02  -5.5625769e-02  -5.4207446e-01   1.2000000e+02   6.9380445e-02
  7.4623317221301e+00   5.7542424e+00   2.6654790e+00   2.6060712e+01  -5.4379396e-02  -5.2313198e-02  -5.1160857e-01   1.2000000e+02   6.9235487e-02
  7.4670675144183e+00   5.7668360e+00   2.6529178e+00   2.6039290e+01  -5.4619668e-02  -4.9187504e-02  -4.8288564e-01   1.2000000e+02   6.9098889e-02
  7.4718033067064e+00   5.7793688e+00   2.6397811e+00   2.6018494e+01  -5.4845569e-02  -4.6243607e-02  -4.5584561e-01   1.2000000e+02   6.8970548e-02
  7.4765390989946e+00   5.7918381e+00   2.6261183e+00   2.5998335e+01  -5.5057952e-02  -4.3478101e-02  -4.3044695e-01   1.2000000e+02   6.8850348e-02
  7.4812748912827e+00   5.8042416e+00   2.6119790e+00   2.5978823e+01  -5.5257655e-02  -4.0888392e-02  -4.0666459e-01   1.2000000e+02   6.8738160e-02
  7.4860106835708e+00   5.8165770e+00   2.5974050e+00   2.5959960e+01  -5.5445504e-02  -3.8471352e-02  -3.8447765e-01   1.2000000e+02   6.8633844e-02
  7.4907464758590e+00   5.8288425e+00   2.5824274e+00   2.5941744e+01  -5.5622306e-02  -3.6221719e-02  -3.6384681e-01   1.2000000e+02   6.8537258e-02
  7.4954822681471e+00   5.8410361e+00   2.5670844e+00   2.5924178e+01  -5.5788834e-02  -3.4130672e-02  -3.4468924e-01   1.2000000e+02   6.8448251e-02
  7.5002180604353e+00   5.8531563e+00   2.5514497e+00   2.5907279e+01  -5.5945810e-02  -3.2185417e-02  -3.2686698e-01   1.2000000e+02   6.8366664e-02
  7.5049538527234e+00   5.8652021e+00   2.5356486e+00   2.5891090e+01  -5.6093888e-02  -3.0370518e-02  -3.1020198e-01   1.2000000e+02   6.8292310e-02
  7.5096896450116e+00   5.8771729e+00   2.5198427e+00   2.5875666e+01  -5.6233650e-02  -2.8670733e-02  -2.9451595e-01   1.2000000e+02   6.8224966e-02
  7.5144254372997e+00   5.8890692e+00   2.5041874e+00   2.5861056e+01  -5.6365609e-02  -2.7073829e-02  -2.7967395e-01   1.2000000e+02   6.8164366e-02
  7.5191612295878e+00   5.9008920e+00   2.4887850e+00   2.5847281e+01  -5.6490232e-02  -2.5571583e-02  -2.6560422e-01   1.2000000e+02   6.8110216e-02
  7.5238970218760e+00   5.9126424e+00   2.4736633e+00   2.5834326e+01  -5.6607954e-02  -2.4158497e-02  -2.5228251e-01   1.2000000e+02   6.8062213e-02
  7.5286328141641e+00   5.9243219e+00   2.4587896e+00   2.5822147e+01  -5.6719185e-02  -2.2829607e-02  -2.3969587e-01   1.2000000e+02   6.8020065e-02
  7.5333686064523e+00   5.9359314e+00   2.4441098e+00   2.5810690e+01  -5.6824312e-02  -2.1579453e-02  -2.2781549e-01   1.2000000e+02   6.7983505e-02
  7.5381043987404e+00   5.9474717e+00   2.4295886e+00   2.5799910e+01  -5.6923694e-02  -2.0402928e-02  -2.1659717e-01   1.2000000e+02   6.7952294e-02
  7.5428401910286e+00   5.9589437e+00   2.4152308e+00   2.5789779e+01  -5.7017672e-02  -1.9296696e-02  -2.0600138e-01   1.2000000e+02   6.7926206e-02
  7.5475759833167e+00   5.9703481e+00   2.4010742e+00   2.5780285e+01  -5.7106574e-02  -1.8259192e-02  -1.9600718e-01   1.2000000e+02   6.7905024e-02
  7.5523117756049e+00   5.9816861e+00   2.3871623e+00   2.5771420e+01  -5.7190722e-02  -1.7288598e-02  -1.8660307e-01   1.2000000e+02   6.7888530e-02
  7.5570475678930e+00   5.9929587e+00   2.3735109e+00   2.5763164e+01  -5.7270424e-02  -1.6380422e-02  -1.7776259e-01   1.2000000e+02   6.7876510e-02
  7.5617833601811e+00   6.0041673e+00   2.3600843e+00   2.5755478e+01  -5.7345958e-02  -1.5527014e-02  -1.6942961e-01   1.2000000e+02   6.7868759e-02
  7.5665191524693e+00   6.0153127e+00   2.3467951e+00   2.5748299e+01  -5.7417563e-02  -1.4719847e-02  -1.6153015e-01   1.2000000e+02   6.7865102e-02
  7.5712549447574e+00   6.0263952e+00   2.3335301e+00   2.5741556e+01  -5.7485442e-02  -1.3952904e-02  -1.5400240e-01   1.2000000e+02   6.7865398e-02
  7.5759907370456e+00   6.0374148e+00   2.3201978e+00   2.5735193e+01  -5.7549780e-02  -1.3224483e-02  -1.4681967e-01   1.2000000e+02   6.7869540e-02
  7.5807265293337e+00   6.0483710e+00   2.3067775e+00   2.5729189e+01  -5.7610762e-02  -1.2536032e-02  -1.3998689e-01   1.2000000e+02   6.7877444e-02
  7.5854623216219e+00   6.0592636e+00   2.2933438e+00   2.5723569e+01  -5.7668582e-02  -1.1889066e-02  -1.3351529e-01   1.2000000e+02   6.7889017e-02
  7.5901981139100e+00   6.0700929e+00   2.2800489e+00   2.5718400e+01  -5.7723435e-02  -1.1282642e-02  -1.2739721e-01   1.2000000e+02   6.7904142e-02
  7.5949339061982e+00   6.0808598e+00   2.2670645e+00   2.5713754e+01  -5.7775505e-02  -1.0713050e-02  -1.2159990e-01   1.2000000e+02   6.7922654e-02
  7.5996696984863e+00   6.0915662e+00   2.2545086e+00   2.5709676e+01  -5.7824955e-02  -1.0175361e-02  -1.1607832e-01   1.2000000e+02   6.7944353e-02
  7.6044054907745e+00   6.1022143e+00   2.2423967e+00   2.5706157e+01  -5.7871926e-02  -9.6651427e-03  -1.1079157e-01   1.2000000e+02   6.7969024e-02
  7.6091412830626e+00   6.1128059e+00   2.2306434e+00   2.5703138e+01  -5.7916538e-02  -9.1790570e-03  -1.0571010e-01   1.2000000e+02   6.7996469e-02
  7.6138770753507e+00   6.1233424e+00   2.2191131e+00   2.5700533e+01  -5.7958900e-02  -8.7145334e-03  -1.0081408e-01   1.2000000e+02   6.8026525e-02
  7.6186128676389e+00   6.1338245e+00   2.2076899e+00   2.5698266e+01  -5.7999109e-02  -8.2695215e-03  -9.6092539e-02   1.2000000e+02   6.8059072e-02
  7.6233486599270e+00   6.1442528e+00   2.1963257e+00   2.5696296e+01  -5.8037255e-02  -7.8427730e-03  -9.1546954e-02   1.2000000e+02   6.8094020e-02
  7.6280844522152e+00   6.1546273e+00   2.1850393e+00   2.5694616e+01  -5.8073421e-02  -7.4339611e-03  -8.7190831e-02   1.2000000e+02   6.8131287e-02
  7.6328202445033e+00   6.1649487e+00   2.1738708e+00   2.5693230e+01  -5.8107694e-02  -7.0427339e-03  -8.3034693e-02   1.2000000e+02   6.8170790e-02
  7.6375560367915e+00   6.1752175e+00   2.1628238e+00   2.5692129e+01  -5.8140152e-02  -6.6669750e-03  -7.9060212e-02   1.2000000e+02   6.8212445e-02
  7.6422918290796e+00   6.1854342e+00   2.1518324e+00   2.5691267e+01  -5.8170858e-02  -6.3019185e-03  -7.5204994e-02   1.2000000e+02   6.8256179e-02
  7.6470276213677e+00   6.1955987e+00   2.1407754e+00   2.5690577e+01  -5.8199849e-02  -5.9416577e-03  -7.1379829e-02   1.2000000e+02   6.8301949e-02
  7.6517634136559e+00   6.2057104e+00   2.1295293e+00   2.5689990e+01  -5.8227136e-02  -5.5826369e-03  -6.7516435e-02   1.2000000e+02   6.8349747e-02
  7.6564992059440e+00   6.2157683e+00   2.1180301e+00   2.5689467e+01  -5.8252729e-02  -5.2265627e-03  -6.3613861e-02   1.2000000e+02   6.8399595e-02
  7.6612349982322e+00   6.2257712e+00   2.1063068e+00   2.5689023e+01  -5.8276655e-02  -4.8799818e-03  -5.9744135e-02   1.2000000e+02   6.8451519e-02
  7.6659707905203e+00   6.2357182e+00   2.0944726e+00   2.5688715e+01  -5.8298977e-02  -4.5501264e-03  -5.6004349e-02   1.2000000e+02   6.8505530e-02
  7.6707065828085e+00   6.2456092e+00   2.0826807e+00   2.5688626e+01  -5.8319784e-02  -4.2397062e-03  -5.2444612e-02   1.2000000e+02   6.8561598e-02
  7.6754423750966e+00   6.2554448e+00   2.0710722e+00   2.5688831e+01  -5.8339159e-02  -3.9444460e-03  -4.9023960e-02   1.2000000e+02   6.8619652e-02
  7.6801781673848e+00   6.2652260e+00   2.0597427e+00   2.5689383e+01  -5.8357153e-02  -3.6552429e-03  -4.5628656e-02   1.2000000e+02   6.8679590e-02
  7.6849139596729e+00   6.2749543e+00   2.0487373e+00   2.5690305e+01  -5.8373775e-02  -3.3634318e-03  -4.2142059e-02   1.2000000e+02   6.8741285e-02
  7.6896497519611e+00   6.2846313e+00   2.0380640e+00   2.5691597e+01  -5.8389000e-02  -3.0656061e-03  -3.8518958e-02   1.2000000e+02   6.8804606e-02
  7.6943855442492e+00   6.2942585e+00   2.0277133e+00   2.5693244e+01  -5.8402807e-02  -2.7652351e-03  -3.4817811e-02   1.2000000e+02   6.8869421e-02
  7.6991213365373e+00   6.3038375e+00   2.0176704e+00   2.5695224e+01  -5.8415201e-02  -2.4709408e-03  -3.1178140e-02   1.2000000e+02   6.8935606e-02
  7.7038571288255e+00   6.3133695e+00   2.0079215e+00   2.5697512e+01  -5.8426237e-02  -2.1933732e-03  -2.7767132e-02   1.2000000e+02   6.9003047e-02
  7.7085929211136e+00   6.3228561e+00   1.9984562e+00   2.5700086e+01  -5.8436019e-02  -1.9426740e-03  -2.4731183e-02   1.2000000e+02   6.9071637e-02
  7.7133287134018e+00   6.3322985e+00   1.9892653e+00   2.5702925e+01  -5.8444693e-02  -1.7270997e-03  -2.2171731e-02   1.2000000e+02   6.9141279e-02
  7.7180645056899e+00   6.3416980e+00   1.9803342e+00   2.5706007e+01  -5.8452442e-02  -1.5521810e-03  -2.0140802e-02   1.2000000e+02   6.9211881e-02
  7.7228002979781e+00   6.3510558e+00   1.9716319e+00   2.5709304e+01  -5.8459463e-02  -1.4198497e-03  -1.8641961e-02   1.2000000e+02   6.9283363e-02
  7.7275360902662e+00   6.3603728e+00   1.9631059e+00   2.5712775e+01  -5.8465954e-02  -1.3277928e-03  -1.7630014e-02   1.2000000e+02   6.9355661e-02
  7.7322718825544e+00   6.3696497e+00   1.9546925e+00   2.5716375e+01  -5.8472094e-02  -1.2696947e-03  -1.7014127e-02   1.2000000e+02   6.9428727e-02
  7.7370076748425e+00   6.3788869e+00   1.9463427e+00   2.5720070e+01  -5.8478020e-02  -1.2364788e-03  -1.6670187e-02   1.2000000e+02   6.9502536e-02
  7.7417434671306e+00   6.3880847e+00   1.9380513e+00   2.5723856e+01  -5.8483828e-02  -1.2178219e-03  -1.6459697e-02   1.2000000e+02   6.9577067e-02
  7.7464792594188e+00   6.3972435e+00   1.9298687e+00   2.5727763e+01  -5.8489561e-02  -1.2030752e-03  -1.6245849e-02   1.2000000e+02   6.9652298e-02
  7.7512150517069e+00   6.4063640e+00   1.9218837e+00   2.5731844e+01  -5.8495212e-02  -1.1815073e-03  -1.5901193e-02   1.2000000e+02   6.9728180e-02
  7.7559508439951e+00   6.4154472e+00   1.9141852e+00   2.5736154e+01  -5.8500724e-02  -1.1426819e-03  -1.5311485e-02   1.2000000e+02   6.9804640e-02
  7.7606866362832e+00   6.4244949e+00   1.9068237e+00   2.5740718e+01  -5.8505994e-02  -1.0778090e-03  -1.4385344e-02   1.2000000e+02   6.9881584e-02
  7.7654224285714e+00   6.4335084e+00   1.8997945e+00   2.5745532e+01  -5.8510883e-02  -9.8191894e-04  -1.3072702e-02   1.2000000e+02   6.9958907e-02
  7.7701582208595e+00   6.4424894e+00   1.8930479e+00   2.5750558e+01  -5.8515245e-02  -8.5560314e-04  -1.1382750e-02   1.2000000e+02   7.0036516e-02
  7.7748940131477e+00   6.4514389e+00   1.8865154e+00   2.5755747e+01  -5.8518948e-02  -7.0492634e-04  -9.3864081e-03   1.2000000e+02   7.0114335e-02
  7.7796298054358e+00   6.4603579e+00   1.8801317e+00   2.5761050e+01  -5.8521898e-02  -5.3921976e-04  -7.1961144e-03   1.2000000e+02   7.0192310e-02
  7.7843655977239e+00   6.4692469e+00   1.8738398e+00   2.5766420e+01  -5.8524047e-02  -3.6794700e-04  -4.9312921e-03   1.2000000e+02   7.0270405e-02
  7.7891013900121e+00   6.4781062e+00   1.8675810e+00   2.5771810e+01  -5.8525386e-02  -1.9844965e-04  -2.6881072e-03   1.2000000e+02   7.0348609e-02
  7.7938371823002e+00   6.4869358e+00   1.8612850e+00   2.5777169e+01  -5.8525937e-02  -3.5587447e-05  -5.2829120e-04   1.2000000e+02   7.0426930e-02
  7.7985729745884e+00   6.4957353e+00   1.8548695e+00   2.5782443e+01  -5.8525739e-02   1.1723459e-04   1.5129491e-03   1.2000000e+02   7.0505404e-02
  7.8033087668765e+00   6.5045040e+00   1.8482534e+00   2.5787585e+01  -5.8524847e-02   2.5710143e-04   3.4130398e-03   1.2000000e+02   7.0584088e-02
  7.8080445591647e+00   6.5132408e+00   1.8413758e+00   2.5792563e+01  -5.8523328e-02   3.8172355e-04   5.1559866e-03   1.2000000e+02   7.0663064e-02
  7.8127803514528e+00   6.5219443e+00   1.8342108e+00   2.5797373e+01  -5.8521257e-02   4.9040115e-04   6.7366338e-03   1.2000000e+02   7.0742420e-02
  7.8175161437410e+00   6.5306132e+00   1.8267747e+00   2.5802034e+01  -5.8518707e-02   5.8459578e-04   8.1654146e-03   1.2000000e+02   7.0822247e-02
  7.8222519360291e+00   6.5392464e+00   1.8191274e+00   2.5806596e+01  -5.8515739e-02   6.6717865e-04   9.4622609e-03   1.2000000e+02   7.0902618e-02
  7.8269877283172e+00   6.5478431e+00   1.8113672e+00   2.5811132e+01  -5.8512402e-02   7.4065040e-04   1.0639103e-02   1.2000000e+02   7.0983584e-02
  7.8317235206054e+00   6.5564030e+00   1.8036186e+00   2.5815729e+01  -5.8508737e-02   8.0561045e-04   1.1683224e-02   1.2000000e+02   7.1065156e-02
  7.8364593128935e+00   6.5649264e+00   1.7960087e+00   2.5820473e+01  -5.8504787e-02   8.6058727e-04   1.2556142e-02   1.2000000e+02   7.1147306e-02
  7.8411951051817e+00   6.5734144e+00   1.7886380e+00   2.5825430e+01  -5.8500605e-02   9.0322923e-04   1.3211779e-02   1.2000000e+02   7.1229972e-02
  7.8459308974698e+00   6.5818681e+00   1.7815580e+00   2.5830627e+01  -5.8496255e-02   9.3186020e-04   1.3622744e-02   1.2000000e+02   7.1313068e-02
  7.8506666897580e+00   6.5902890e+00   1.7747681e+00   2.5836056e+01  -5.8491802e-02   9.4637518e-04   1.3797757e-02   1.2000000e+02   7.1396501e-02
  7.8554024820461e+00   6.5986784e+00   1.7682344e+00   2.5841683e+01  -5.8487311e-02   9.4824337e-04   1.3780918e-02   1.2000000e+02   7.1480187e-02
  7.8601382743343e+00   6.6070374e+00   1.7619181e+00   2.5847472e+01  -5.8482836e-02   9.4011455e-04   1.3637162e-02   1.2000000e+02   7.1564056e-02
  7.8648740666224e+00   6.6153669e+00   1.7557923e+00   2.5853393e+01  -5.8478417e-02   9.2552683e-04   1.3435717e-02   1.2000000e+02   7.1648051e-02
  7.8696098589106e+00   6.6236678e+00   1.7498408e+00   2.5859426e+01  -5.8474074e-02   9.0867823e-04   1.3239904e-02   1.2000000e+02   7.1732126e-02
  7.8743456511987e+00   6.6319409e+00   1.7440437e+00   2.5865547e+01  -5.8469807e-02   8.9387496e-04   1.3102624e-02   1.2000000e+02   7.1816240e-02
  7.8790814434868e+00   6.6401868e+00   1.7383674e+00   2.5871729e+01  -5.8465599e-02   8.8452764e-04   1.3061829e-02   1.2000000e+02   7.1900364e-02
  7.8838172357750e+00   6.6484061e+00   1.7327718e+00   2.5877944e+01  -5.8461418e-02   8.8212047e-04   1.3132927e-02   1.2000000e+02   7.1984482e-02
  7.8885530280631e+00   6.6565990e+00   1.7272286e+00   2.5884175e+01  -5.8457234e-02   8.8577711e-04   1.3301150e-02   1.2000000e+02   7.2068586e-02
  7.8932888203513e+00   6.6647658e+00   1.7217386e+00   2.5890424e+01  -5.8453023e-02   8.9264923e-04   1.3519683e-02   1.2000000e+02   7.2152672e-02
  7.8980246126394e+00   6.6729067e+00   1.7163337e+00   2.5896714e+01  -5.8448780e-02   8.9877758e-04   1.3716786e-02   1.2000000e+02   7.2236731e-02
  7.9027604049276e+00   6.6810224e+00   1.7110655e+00   2.5903080e+01  -5.8444518e-02   8.9991413e-04   1.3810630e-02   1.2000000e+02   7.2320738e-02
  7.9074961972157e+00   6.6891135e+00   1.7059880e+00   2.5909555e+01  -5.8440271e-02   8.9214855e-04   1.3728090e-02   1.2000000e+02   7.2404655e-02
  7.9122319895038e+00   6.6971812e+00   1.7011453e+00   2.5916167e+01  -5.8436087e-02   8.7257002e-04   1.3423530e-02   1.2000000e+02   7.2488425e-02
  7.9169677817920e+00   6.7052265e+00   1.6965642e+00   2.5922931e+01  -5.8432027e-02   8.4011413e-04   1.2893207e-02   1.2000000e+02   7.2571982e-02
  7.9217035740801e+00   6.7132507e+00   1.6922473e+00   2.5929844e+01  -5.8428148e-02   7.9625989e-04   1.2179703e-02   1.2000000e+02   7.2655257e-02
  7.9264393663683e+00   6.7212551e+00   1.6881657e+00   2.5936882e+01  -5.8424497e-02   7.4493202e-04   1.1361602e-02   1.2000000e+02   7.2738179e-02
  7.9311751586564e+00   6.7292406e+00   1.6842570e+00   2.5943993e+01  -5.8421096e-02   6.9128536e-04   1.0529114e-02   1.2000000e+02   7.2820699e-02
  7.9359109509446e+00   6.7372078e+00   1.6804358e+00   2.5951113e+01  -5.8417946e-02   6.3981922e-04   9.7543858e-03   1.2000000e+02   7.2902787e-02
  7.9406467432327e+00   6.7451570e+00   1.6766171e+00   2.5958180e+01  -5.8415029e-02   5.9281591e-04   9.0697651e-03   1.2000000e+02   7.2984444e-02
  7.9453825355209e+00   6.7530880e+00   1.6727395e+00   2.5965150e+01  -5.8412324e-02   5.4991937e-04   8.4635357e-03   1.2000000e+02   7.3065694e-02
  7.9501183278090e+00   6.7610004e+00   1.6687745e+00   2.5972004e+01  -5.8409817e-02   5.0890376e-04   7.8926894e-03   1.2000000e+02   7.3146575e-02
  7.9548541200972e+00   6.7688938e+00   1.6647126e+00   2.5978739e+01  -5.8407506e-02   4.6695748e-04   7.3033686e-03   1.2000000e+02   7.3227133e-02
  7.9595899123853e+00   6.7767677e+00   1.6605375e+00   2.5985348e+01  -5.8405400e-02   4.2165260e-04   6.6477570e-03   1.2000000e+02   7.3307413e-02
  7.9643257046734e+00   6.7846214e+00   1.6562083e+00   2.5991808e+01  -5.8403520e-02   3.7119928e-04   5.8913457e-03   1.2000000e+02   7.3387471e-02
  7.9690614969616e+00   6.7924542e+00   1.6516641e+00   2.5998084e+01  -5.8401894e-02   3.1417849e-04   5.0116138e-03   1.2000000e+02   7.3467378e-02
  7.9737972892497e+00   6.8002649e+00   1.6468544e+00   2.6004150e+01  -5.8400557e-02   2.4926342e-04   3.9933609e-03   1.2000000e+02   7.3547219e-02
  7.9785330815379e+00   6.8080521e+00   1.6417748e+00   2.6010013e+01  -5.8399548e-02   1.7533524e-04   2.8260883e-03   1.2000000e+02   7.3627089e-02
  7.9832688738260e+00   6.8158148e+00   1.6364882e+00   2.6015723e+01  -5.8398911e-02   9.2033063e-05   1.5065579e-03   1.2000000e+02   7.3707073e-02
  7.9880046661142e+00   6.8235521e+00   1.6311160e+00   2.6021373e+01  -5.8398689e-02   4.2336382e-07   4.6441040e-05   1.2000000e+02   7.3787224e-02
  7.9927404584023e+00   6.8312641e+00   1.6258039e+00   2.6027068e+01  -5.8398916e-02  -9.6665239e-05  -1.5187089e-03   1.2000000e+02   7.3867553e-02
  7.9974762506905e+00   6.8389514e+00   1.6206786e+00   2.6032902e+01  -5.8399607e-02  -1.9495934e-04  -3.1259409e-03   1.2000000e+02   7.3948027e-02
  8.0020719091261e+00   6.8466153e+00   1.6162537e+00   2.6038366e+01  -5.8400750e-02  -2.8121228e-04  -4.5528563e-03   1.2000000e+02   7.4021158e-02
  8.0068077014142e+00   6.8542571e+00   1.6116533e+00   2.6044586e+01  -5.8402320e-02  -3.6927032e-04  -6.0150404e-03   1.2000000e+02   7.4101704e-02
  8.0115434937024e+00   6.8618780e+00   1.6073238e+00   2.6051000e+01  -5.8404282e-02  -4.4779641e-04  -7.3118652e-03   1.2000000e+02   7.4182162e-02
  8.0162792859905e+00   6.8694789e+00   1.6032321e+00   2.6057577e+01  -5.8406590e-02  -5.1691006e-04  -8.4401559e-03   1.2000000e+02   7.4262453e-02
  8.0210150782787e+00   6.8770611e+00   1.5993499e+00   2.6064286e+01  -5.8409206e-02  -5.7912276e-04  -9.4505059e-03   1.2000000e+02   7.4342511e-02
  8.0257508705669e+00   6.8846254e+00   1.5956636e+00   2.6071105e+01  -5.8412107e-02  -6.3883480e-04  -1.0433263e-02   1.2000000e+02   7.4422278e-02
  8.0304866628550e+00   6.8921727e+00   1.5921659e+00   2.6078019e+01  -5.8415297e-02  -7.0146194e-04  -1.1492056e-02   1.2000000e+02   7.4501703e-02
  8.0352224551432e+00   6.8997040e+00   1.5888395e+00   2.6085004e+01  -5.8418804e-02  -7.7258110e-04  -1.2719543e-02   1.2000000e+02   7.4580740e-02
  8.0399582474313e+00   6.9072198e+00   1.5856394e+00   2.6092023e+01  -5.8422682e-02  -8.5711740e-04  -1.4183731e-02   1.2000000e+02   7.4659356e-02
  8.0446940397195e+00   6.9147207e+00   1.5824907e+00   2.6099017e+01  -5.8427005e-02  -9.5867086e-04  -1.5925105e-02   1.2000000e+02   7.4737537e-02
  8.0494298320077e+00   6.9222066e+00   1.5793050e+00   2.6105922e+01  -5.8431858e-02  -1.0790627e-03  -1.7959313e-02   1.2000000e+02   7.4815297e-02
  8.0541656242958e+00   6.9296771e+00   1.5760124e+00   2.6112691e+01  -5.8437332e-02  -1.2182017e-03  -2.0280813e-02   1.2000000e+02   7.4892675e-02
  8.0589014165840e+00   6.9371317e+00   1.5725928e+00   2.6119313e+01  -5.8443511e-02  -1.3743021e-03  -2.2866361e-02   1.2000000e+02   7.4969725e-02
  8.0636372088721e+00   6.9445699e+00   1.5690891e+00   2.6125826e+01  -5.8450468e-02  -1.5443746e-03  -2.5679673e-02   1.2000000e+02   7.5046497e-02
  8.0683730011603e+00   6.9519914e+00   1.5655920e+00   2.6132300e+01  -5.8458259e-02  -1.7248277e-03  -2.8677515e-02   1.2000000e+02   7.5123017e-02
  8.0731087934484e+00   6.9593967e+00   1.5622038e+00   2.6138815e+01  -5.8466924e-02  -1.9119660e-03  -3.1814501e-02   1.2000000e+02   7.5199278e-02
  8.0778445857366e+00   6.9667863e+00   1.5589998e+00   2.6145428e+01  -5.8476485e-02  -2.1022361e-03  -3.5043514e-02   1.2000000e+02   7.5275241e-02
  8.0825803780248e+00   6.9741614e+00   1.5560069e+00   2.6152162e+01  -5.8486948e-02  -2.2922319e-03  -3.8312519e-02   1.2000000e+02   7.5350850e-02
  8.0873161703129e+00   6.9815227e+00   1.5532031e+00   2.6158999e+01  -5.8498302e-02  -2.4786516e-03  -4.1562852e-02   1.2000000e+02   7.5426045e-02
  8.0920519626011e+00   6.9888712e+00   1.5505320e+00   2.6165895e+01  -5.8510522e-02  -2.6584516e-03  -4.4734384e-02   1.2000000e+02   7.5500777e-02
  8.0967877548893e+00   6.9962073e+00   1.5479182e+00   2.6172787e+01  -5.8523571e-02  -2.8292937e-03  -4.7777968e-02   1.2000000e+02   7.5575023e-02
  8.1015235471774e+00   7.0035309e+00   1.5452773e+00   2.6179607e+01  -5.8537402e-02  -2.9900982e-03  -5.0668872e-02   1.2000000e+02   7.5648785e-02
  8.1062593394656e+00   7.0108417e+00   1.5425234e+00   2.6186285e+01  -5.8551969e-02  -3.1413341e-03  -5.3412199e-02   1.2000000e+02   7.5722097e-02
  8.1109951317537e+00   7.0181390e+00   1.5395803e+00   2.6192762e+01  -5.8567230e-02  -3.2847632e-03  -5.6035792e-02   1.2000000e+02   7.5795023e-02
  8.1157309240419e+00   7.0254218e+00   1.5363960e+00   2.6199004e+01  -5.8583155e-02  -3.4227136e-03  -5.8574706e-02   1.2000000e+02   7.5867649e-02
  8.1204667163300e+00   7.0326888e+00   1.5329555e+00   2.6205007e+01  -5.8599724e-02  -3.5573180e-03  -6.1057446e-02   1.2000000e+02   7.5940074e-02
  8.1252025086182e+00   7.0399388e+00   1.5292817e+00   2.6210798e+01  -5.8616925e-02  -3.6902096e-03  -6.3502866e-02   1.2000000e+02   7.6012392e-02
  8.1299383009064e+00   7.0471710e+00   1.5254241e+00   2.6216425e+01  -5.8634754e-02  -3.8228235e-03  -6.5928709e-02   1.2000000e+02   7.6084686e-02
  8.1346740931945e+00   7.0543845e+00   1.5214425e+00   2.6221943e+01  -5.8653215e-02  -3.9569704e-03  -6.8364308e-02   1.2000000e+02   7.6157016e-02
  8.1394098854827e+00   7.0615790e+00   1.5173960e+00   2.6227405e+01  -5.8672320e-02  -4.0951432e-03  -7.0857288e-02   1.2000000e+02   7.6229422e-02
  8.1441456777708e+00   7.0687542e+00   1.5133406e+00   2.6232862e+01  -5.8692097e-02  -4.2402540e-03  -7.3468969e-02   1.2000000e+02   7.6301921e-02
  8.1488814700590e+00   7.0759104e+00   1.5093298e+00   2.6238359e+01  -5.8712586e-02  -4.3949743e-03  -7.6261301e-02   1.2000000e+02   7.6374509e-02
  8.1536172623472e+00   7.0830478e+00   1.5054112e+00   2.6243933e+01  -5.8733838e-02  -4.5611422e-03  -7.9283204e-02   1.2000000e+02   7.6447165e-02
  8.1583530546353e+00   7.0901669e+00   1.5016169e+00   2.6249607e+01  -5.8755909e-02  -4.7395714e-03  -8.2562898e-02   1.2000000e+02   7.6519853e-02
  8.1630888469235e+00   7.0972685e+00   1.4979533e+00   2.6255380e+01  -5.8778858e-02  -4.9302263e-03  -8.6107484e-02   1.2000000e+02   7.6592533e-02
  8.1678246392116e+00   7.1043530e+00   1.4944011e+00   2.6261232e+01  -5.8802741e-02  -5.1324680e-03  -8.9906568e-02   1.2000000e+02   7.6665166e-02
  8.1725604314998e+00   7.1114208e+00   1.4909257e+00   2.6267134e+01  -5.8827610e-02  -5.3451513e-03  -9.3936320e-02   1.2000000e+02   7.6737724e-02
  8.1772962237879e+00   7.1184724e+00   1.4874955e+00   2.6273056e+01  -5.8853510e-02  -5.5666097e-03  -9.8162670e-02   1.2000000e+02   7.6810192e-02
  8.1820320160761e+00   7.1255078e+00   1.4840946e+00   2.6278984e+01  -5.8880478e-02  -5.7947070e-03  -1.0254405e-01   1.2000000e+02   7.6882563e-02
  8.1867678083643e+00   7.1325272e+00   1.4807251e+00   2.6284919e+01  -5.8908538e-02  -6.0270294e-03  -1.0703361e-01   1.2000000e+02   7.6954832e-02
  8.1915036006524e+00   7.1395307e+00   1.4773980e+00   2.6290866e+01  -5.8937705e-02  -6.2611174e-03  -1.1158013e-01   1.2000000e+02   7.7026995e-02
  8.1962393929406e+00   7.1465186e+00   1.4741216e+00   2.6296830e+01  -5.8967979e-02  -6.4946419e-03  -1.1612862e-01   1.2000000e+02   7.7099043e-02
  8.2009751852287e+00   7.1534911e+00   1.4708941e+00   2.6302808e+01  -5.8999352e-02  -6.7256123e-03  -1.2062462e-01   1.2000000e+02   7.7170966e-02
  8.2057109775169e+00   7.1604485e+00   1.4677052e+00   2.6308793e+01  -5.9031810e-02  -6.9528111e-03  -1.2502653e-01   1.2000000e+02   7.7242758e-02
  8.2104467698051e+00   7.1673908e+00   1.4645426e+00   2.6314774e+01  -5.9065334e-02  -7.1764454e-03  -1.2932450e-01   1.2000000e+02   7.7314416e-02
  8.2151825620932e+00   7.1743182e+00   1.4614011e+00   2.6320749e+01  -5.9099912e-02  -7.3986389e-03  -1.3355578e-01   1.2000000e+02   7.7385939e-02
  8.2199183543814e+00   7.1812308e+00   1.4582886e+00   2.6326723e+01  -5.9135547e-02  -7.6232417e-03  -1.3780338e-01   1.2000000e+02   7.7457327e-02
  8.2246541466695e+00   7.1881287e+00   1.4552269e+00   2.6332714e+01  -5.9172262e-02  -7.8547857e-03  -1.4217266e-01   1.2000000e+02   7.7528573e-02
  8.2293899389577e+00   7.1950124e+00   1.4522469e+00   2.6338747e+01  -5.9210102e-02  -8.0970455e-03  -1.4675560e-01   1.2000000e+02   7.7599661e-02
  8.2341257312459e+00   7.2018823e+00   1.4493797e+00   2.6344843e+01  -5.9249122e-02  -8.3520308e-03  -1.5160343e-01   1.2000000e+02   7.7670565e-02
  8.2388615235340e+00   7.2087389e+00   1.4466432e+00   2.6351016e+01  -5.9289384e-02  -8.6199668e-03  -1.5672377e-01   1.2000000e+02   7.7741248e-02
  8.2435973158222e+00   7.2155829e+00   1.4440312e+00   2.6357257e+01  -5.9330948e-02  -8.9000783e-03  -1.6210119e-01   1.2000000e+02   7.7811670e-02
  8.2483331081103e+00   7.2224148e+00   1.4415048e+00   2.6363532e+01  -5.9373869e-02  -9.1913990e-03  -1.6772266e-01   1.2000000e+02   7.7881802e-02
  8.2530689003985e+00   7.2292348e+00   1.4389940e+00   2.6369781e+01  -5.9418197e-02  -9.4928833e-03  -1.7358577e-01   1.2000000e+02   7.7951633e-02
  8.2578046926866e+00   7.2360427e+00   1.4364063e+00   2.6375930e+01  -5.9463976e-02  -9.8027333e-03  -1.7968228e-01   1.2000000e+02   7.8021180e-02
  8.2625404849748e+00   7.2428379e+00   1.4336434e+00   2.6381903e+01  -5.9511237e-02  -1.0117535e-02  -1.8596925e-01   1.2000000e+02   7.8090495e-02
  8.2672762772630e+00   7.2496194e+00   1.4306170e+00   2.6387634e+01  -5.9559991e-02  -1.0431962e-02  -1.9235096e-01   1.2000000e+02   7.8159662e-02
  8.2720120695511e+00   7.2563857e+00   1.4272612e+00   2.6393080e+01  -5.9610217e-02  -1.0739386e-02  -1.9868708e-01   1.2000000e+02   7.8228795e-02
  8.2767478618393e+00   7.2631352e+00   1.4235376e+00   2.6398219e+01  -5.9661866e-02  -1.1033110e-02  -2.0482464e-01   1.2000000e+02   7.8298021e-02
  8.2814836541274e+00   7.2698660e+00   1.4194360e+00   2.6403055e+01  -5.9714856e-02  -1.1307653e-02  -2.1063662e-01   1.2000000e+02   7.8367479e-02
  8.2862194464156e+00   7.2765764e+00   1.4149751e+00   2.6407614e+01  -5.9769087e-02  -1.1559605e-02  -2.1604878e-01   1.2000000e+02   7.8437305e-02
  8.2909552387038e+00   7.2832648e+00   1.4102056e+00   2.6411952e+01  -5.9824448e-02  -1.1787969e-02  -2.2104627e-01   1.2000000e+02   7.8507621e-02
  8.2956910309919e+00   7.2899300e+00   1.4052114e+00   2.6416150e+01  -5.9880831e-02  -1.1994097e-02  -2.2566408e-01   1.2000000e+02   7.8578524e-02
  8.3004268232801e+00   7.2965712e+00   1.4001020e+00   2.6420310e+01  -5.9938138e-02  -1.2181344e-02  -2.2997085e-01   1.2000000e+02   7.8650073e-02
  8.3051626155682e+00   7.3031882e+00   1.3949924e+00   2.6424535e+01  -5.9996292e-02  -1.2354523e-02  -2.3405385e-01   1.2000000e+02   7.8722284e-02
  8.3098984078564e+00   7.3097811e+00   1.3899759e+00   2.6428906e+01  -6.0055241e-02  -1.2519218e-02  -2.3800835e-01   1.2000000e+02   7.8795133e-02
  8.3146342001445e+00   7.3163507e+00   1.3851043e+00   2.6433465e+01  -6.0114961e-02  -1.2681135e-02  -2.4193173e-01   1.2000000e+02   7.8868570e-02
  8.3193699924327e+00   7.3228977e+00   1.3803852e+00   2.6438213e+01  -6.0175452e-02  -1.2845669e-02  -2.4592117e-01   1.2000000e+02   7.8942533e-02
  8.3241057847209e+00   7.3294226e+00   1.3757983e+00   2.6443126e+01  -6.0236741e-02  -1.3017694e-02  -2.5007251e-01   1.2000000e+02   7.9016964e-02
  8.3288415770090e+00   7.3359262e+00   1.3713177e+00   2.6448174e+01  -6.0298875e-02  -1.3201420e-02  -2.5447610e-01   1.2000000e+02   7.9091818e-02
  8.3335773692972e+00   7.3424087e+00   1.3669261e+00   2.6453333e+01  -6.0361917e-02  -1.3400088e-02  -2.5920610e-01   1.2000000e+02   7.9167055e-02
  8.3383131615853e+00   7.3488707e+00   1.3626132e+00   2.6458585e+01  -6.0425944e-02  -1.3615487e-02  -2.6430476e-01   1.2000000e+02   7.9242645e-02
  8.3430489538735e+00   7.3553124e+00   1.3583678e+00   2.6463915e+01  -6.0491036e-02  -1.3847530e-02  -2.6976891e-01   1.2000000e+02   7.9318565e-02
  8.3477847461617e+00   7.3617341e+00   1.3541740e+00   2.6469304e+01  -6.0557267e-02  -1.4094212e-02  -2.7554850e-01   1.2000000e+02   7.9394795e-02
  8.3525205384498e+00   7.3681361e+00   1.3500188e+00   2.6474740e+01  -6.0624698e-02  -1.4352107e-02  -2.8156096e-01   1.2000000e+02   7.9471323e-02
  8.3572563307380e+00   7.3745186e+00   1.3459031e+00   2.6480226e+01  -6.0693370e-02  -1.4617218e-02  -2.8771587e-01   1.2000000e+02   7.9548141e-02
  8.3619921230261e+00   7.3808816e+00   1.3418423e+00   2.6485774e+01  -6.0763309e-02  -1.4885809e-02  -2.9393773e-01   1.2000000e+02   7.9625235e-02
  8.3667279153143e+00   7.3872257e+00   1.3378533e+00   2.6491401e+01  -6.0834523e-02  -1.5154930e-02  -3.0017674e-01   1.2000000e+02   7.9702585e-02
  8.3714637076025e+00   7.3935510e+00   1.3339346e+00   2.6497103e+01  -6.0907007e-02  -1.5422553e-02  -3.0640660e-01   1.2000000e+02   7.9780168e-02
  8.3761994998906e+00   7.3998579e+00   1.3300574e+00   2.6502857e+01  -6.0980752e-02  -1.5687470e-02  -3.1261637e-01   1.2000000e+02   7.9857965e-02
  8.3809352921788e+00   7.4061465e+00   1.3261767e+00   2.6508625e+01  -6.1055743e-02  -1.5949131e-02  -3.1880455e-01   1.2000000e+02   7.9935972e-02
  8.3856710844669e+00   7.4124165e+00   1.3222543e+00   2.6514377e+01  -6.1131964e-02  -1.6207486e-02  -3.2497750e-01   1.2000000e+02   8.0014198e-02
  8.3904068767551e+00   7.4186679e+00   1.3182756e+00   2.6520101e+01  -6.1209401e-02  -1.6462799e-02  -3.3114829e-01   1.2000000e+02   8.0092662e-02
  8.3951426690432e+00   7.4249002e+00   1.3142452e+00   2.6525803e+01  -6.1288039e-02  -1.6715416e-02  -3.3733158e-01   1.2000000e+02   8.0171383e-02
  8.3998784613314e+00   7.4311134e+00   1.3101643e+00   2.6531485e+01  -6.1367867e-02  -1.6965552e-02  -3.4353601e-01   1.2000000e+02   8.0250380e-02
  8.4046142536196e+00   7.4373070e+00   1.3060081e+00   2.6537125e+01  -6.1448873e-02  -1.7213207e-02  -3.4976037e-01   1.2000000e+02   8.0329674e-02
  8.4093500459077e+00   7.4434806e+00   1.3017213e+00   2.6542676e+01  -6.1531045e-02  -1.7458257e-02  -3.5599870e-01   1.2000000e+02   8.0409303e-02
  8.4140858381959e+00   7.4496335e+00   1.2972369e+00   2.6548083e+01  -6.1614370e-02  -1.7700656e-02  -3.6225230e-01   1.2000000e+02   8.0489328e-02
  8.4188216304840e+00   7.4557644e+00   1.2925046e+00   2.6553305e+01  -6.1698837e-02  -1.7940631e-02  -3.6853977e-01   1.2000000e+02   8.0569831e-02
  8.4235574227722e+00   7.4618722e+00   1.2875101e+00   2.6558334e+01  -6.1784435e-02  -1.8178774e-02  -3.7489691e-01   1.2000000e+02   8.0650907e-02
  8.4282932150604e+00   7.4679558e+00   1.2822741e+00   2.6563191e+01  -6.1871158e-02  -1.8416018e-02  -3.8136573e-01   1.2000000e+02   8.0732650e-02
  8.4330290073485e+00   7.4740139e+00   1.2768332e+00   2.6567912e+01  -6.1959005e-02  -1.8653481e-02  -3.8797992e-01   1.2000000e+02   8.0815143e-02
  8.4377647996367e+00   7.4800458e+00   1.2712185e+00   2.6572530e+01  -6.2047979e-02  -1.8892184e-02  -3.9475563e-01   1.2000000e+02   8.0898458e-02
  8.4425005919248e+00   7.4860507e+00   1.2654425e+00   2.6577060e+01  -6.2138089e-02  -1.9132641e-02  -4.0169106e-01   1.2000000e+02   8.0982656e-02
  8.4472363842130e+00   7.4920279e+00   1.2595024e+00   2.6581508e+01  -6.2229341e-02  -1.9374447e-02  -4.0877071e-01   1.2000000e+02   8.1067799e-02
  8.4519721765011e+00   7.4979764e+00   1.2533940e+00   2.6585880e+01  -6.2321738e-02  -1.9616095e-02  -4.1596845e-01   1.2000000e+02   8.1153946e-02
  8.4567079687893e+00   7.5038956e+00   1.2471278e+00   2.6590193e+01  -6.2415274e-02  -1.9855210e-02  -4.2324689e-01   1.2000000e+02   8.1241154e-02
  8.4614437610775e+00   7.5097847e+00   1.2407394e+00   2.6594489e+01  -6.2509930e-02  -2.0089169e-02  -4.3055623e-01   1.2000000e+02   8.1329471e-02
  8.4661795533656e+00   7.5156434e+00   1.2342875e+00   2.6598829e+01  -6.2605675e-02  -2.0315813e-02  -4.3783718e-01   1.2000000e+02   8.1418923e-02
  8.4709153456538e+00   7.5214716e+00   1.2278408e+00   2.6603281e+01  -6.2702471e-02  -2.0533860e-02  -4.4502886e-01   1.2000000e+02   8.1509514e-02
  8.4756511379420e+00   7.5272693e+00   1.2214569e+00   2.6607901e+01  -6.2800275e-02  -2.0742834e-02  -4.5207849e-01   1.2000000e+02   8.1601221e-02
  8.4803869302301e+00   7.5330371e+00   1.2151654e+00   2.6612717e+01  -6.2899045e-02  -2.0942650e-02  -4.5894841e-01   1.2000000e+02   8.1694006e-02
  8.4851227225183e+00   7.5387753e+00   1.2089636e+00   2.6617725e+01  -6.2998736e-02  -2.1133266e-02  -4.6561907e-01   1.2000000e+02   8.1787824e-02
  8.4898585148064e+00   7.5444844e+00   1.2028288e+00   2.6622900e+01  -6.3099306e-02  -2.1314697e-02  -4.7209019e-01   1.2000000e+02   8.1882638e-02
  8.4945943070946e+00   7.5501645e+00   1.1967375e+00   2.6628216e+01  -6.3200711e-02  -2.1487435e-02  -4.7838266e-01   1.2000000e+02   8.1978419e-02
  8.4993300993827e+00   7.5558158e+00   1.1906813e+00   2.6633656e+01  -6.3302915e-02  -2.1652966e-02  -4.8454081e-01   1.2000000e+02   8.2075147e-02
  8.5040658916709e+00   7.5614386e+00   1.1846678e+00   2.6639219e+01  -6.3405889e-02  -2.1813976e-02  -4.9063124e-01   1.2000000e+02   8.2172803e-02
  8.5088016839591e+00   7.5670330e+00   1.1787092e+00   2.6644907e+01  -6.3509621e-02  -2.1973981e-02  -4.9673447e-01   1.2000000e+02   8.2271368e-02
  8.5135374762472e+00   7.5725994e+00   1.1728102e+00   2.6650717e+01  -6.3614116e-02  -2.2136428e-02  -5.0292892e-01   1.2000000e+02   8.2370821e-02
  8.5182732685354e+00   7.5781380e+00   1.1669659e+00   2.6656643e+01  -6.3719393e-02  -2.2303607e-02  -5.0927181e-01   1.2000000e+02   8.2471142e-02
  8.5230090608235e+00   7.5836491e+00   1.1611698e+00   2.6662676e+01  -6.3825476e-02  -2.2475860e-02  -5.1578447e-01   1.2000000e+02   8.2572314e-02
  8.5277448531117e+00   7.5891328e+00   1.1554247e+00   2.6668822e+01  -6.3932384e-02  -2.2651499e-02  -5.2244839e-01   1.2000000e+02   8.2674319e-02
  8.5324806453999e+00   7.5945895e+00   1.1497433e+00   2.6675099e+01  -6.4040126e-02  -2.2827530e-02  -5.2921461e-01   1.2000000e+02   8.2777137e-02
  8.5372164376880e+00   7.6000195e+00   1.1441366e+00   2.6681518e+01  -6.4148696e-02  -2.3000864e-02  -5.3602250e-01   1.2000000e+02   8.2880739e-02
  8.5419522299762e+00   7.6054231e+00   1.1385996e+00   2.6688077e+01  -6.4258074e-02  -2.3169400e-02  -5.4281971e-01   1.2000000e+02   8.2985095e-02
  8.5466880222643e+00   7.6108006e+00   1.1331052e+00   2.6694748e+01  -6.4368236e-02  -2.3332360e-02  -5.4957345e-01   1.2000000e+02   8.3090180e-02
  8.5514238145525e+00   7.6161521e+00   1.1276109e+00   2.6701488e+01  -6.4479154e-02  -2.3489653e-02  -5.5626701e-01   1.2000000e+02   8.3195985e-02
  8.5561596068406e+00   7.6214775e+00   1.1220714e+00   2.6708249e+01  -6.4590801e-02  -2.3640669e-02  -5.6288304e-01   1.2000000e+02   8.3302515e-02
  8.5608953991288e+00   7.6267765e+00   1.1164451e+00   2.6714989e+01  -6.4703142e-02  -2.3783246e-02  -5.6938339e-01   1.2000000e+02   8.3409793e-02
  8.5656311914170e+00   7.6320485e+00   1.1106883e+00   2.6721660e+01  -6.4816128e-02  -2.3913504e-02  -5.7569854e-01   1.2000000e+02   8.3517861e-02
  8.5703669837051e+00   7.6372927e+00   1.1047466e+00   2.6728206e+01  -6.4929686e-02  -2.4026706e-02  -5.8173599e-01   1.2000000e+02   8.3626779e-02
  8.5751027759933e+00   7.6425082e+00   1.0985530e+00   2.6734560e+01  -6.5043725e-02  -2.4118702e-02  -5.8740658e-01   1.2000000e+02   8.3736635e-02
  8.5798385682814e+00   7.6476935e+00   1.0920434e+00   2.6740658e+01  -6.5158138e-02  -2.4187240e-02  -5.9265755e-01   1.2000000e+02   8.3847540e-02
  8.5845743605696e+00   7.6528470e+00   1.0851800e+00   2.6746467e+01  -6.5272814e-02  -2.4232573e-02  -5.9749715e-01   1.2000000e+02   8.3959628e-02
  8.5893101528578e+00   7.6579672e+00   1.0779715e+00   2.6751999e+01  -6.5387647e-02  -2.4257331e-02  -6.0199996e-01   1.2000000e+02   8.4073039e-02
  8.5940459451459e+00   7.6630523e+00   1.0704761e+00   2.6757320e+01  -6.5502553e-02  -2.4265934e-02  -6.0629251e-01   1.2000000e+02   8.4187899e-02
  8.5987817374341e+00   7.6681015e+00   1.0627852e+00   2.6762532e+01  -6.5617469e-02  -2.4263958e-02  -6.1052729e-01   1.2000000e+02   8.4304304e-02
  8.6035175297222e+00   7.6731139e+00   1.0549988e+00   2.6767746e+01  -6.5732362e-02  -2.4257558e-02  -6.1485623e-01   1.2000000e+02   8.4422311e-02
  8.6082533220104e+00   7.6780893e+00   1.0472039e+00   2.6773063e+01  -6.5847226e-02  -2.4252851e-02  -6.1941017e-01   1.2000000e+02   8.4541939e-02
  8.6129891142985e+00   7.6830280e+00   1.0394613e+00   2.6778558e+01  -6.5962085e-02  -2.4255076e-02  -6.2428509e-01   1.2000000e+02   8.4663175e-02
  8.6177249065867e+00   7.6879303e+00   1.0318020e+00   2.6784269e+01  -6.6076981e-02  -2.4267637e-02  -6.2953262e-01   1.2000000e+02   8.4785985e-02
  8.6224606988749e+00   7.6927965e+00   1.0242268e+00   2.6790202e+01  -6.6191967e-02  -2.4291358e-02  -6.3515377e-01   1.2000000e+02   8.4910329e-02
  8.6271964911630e+00   7.6976269e+00   1.0167094e+00   2.6796327e+01  -6.6307090e-02  -2.4324341e-02  -6.4109852e-01   1.2000000e+02   8.5036169e-02
  8.6319322834512e+00   7.7024219e+00   1.0092020e+00   2.6802585e+01  -6.6422386e-02  -2.4362589e-02  -6.4727443e-01   1.2000000e+02   8.5163482e-02
  8.6366680757393e+00   7.7071811e+00   1.0016466e+00   2.6808907e+01  -6.6537866e-02  -2.4401151e-02  -6.5356416e-01   1.2000000e+02   8.5292272e-02
  8.6414038680275e+00   7.7119044e+00   9.9399041e-01   2.6815226e+01  -6.6653518e-02  -2.4435327e-02  -6.5984677e-01   1.2000000e+02   8.5422563e-02
  8.6461396603157e+00   7.7165910e+00   9.8620133e-01   2.6821503e+01  -6.6769312e-02  -2.4461498e-02  -6.6601543e-01   1.2000000e+02   8.5554401e-02
  8.6508754526038e+00   7.7212404e+00   9.7827823e-01   2.6827736e+01  -6.6885203e-02  -2.4477389e-02  -6.7198668e-01   1.2000000e+02   8.5687839e-02
  8.6556112448920e+00   7.7258520e+00   9.7025258e-01   2.6833960e+01  -6.7001140e-02  -2.4481891e-02  -6.7770208e-01   1.2000000e+02   8.5822926e-02
  8.6603470371801e+00   7.7304254e+00   9.6218062e-01   2.6840243e+01  -6.7117066e-02  -2.4474706e-02  -6.8312723e-01   1.2000000e+02   8.5959695e-02
  8.6650828294683e+00   7.7349606e+00   9.5412830e-01   2.6846664e+01  -6.7232928e-02  -2.4456058e-02  -6.8825259e-01   1.2000000e+02   8.6098151e-02
  8.6698186217565e+00   7.7394579e+00   9.4615291e-01   2.6853291e+01  -6.7348672e-02  -2.4426582e-02  -6.9309665e-01   1.2000000e+02   8.6238279e-02
  8.6745544140446e+00   7.7439177e+00   9.3828778e-01   2.6860164e+01  -6.7464251e-02  -2.4387358e-02  -6.9770775e-01   1.2000000e+02   8.6380044e-02
  8.6792902063328e+00   7.7483405e+00   9.3053661e-01   2.6867288e+01  -6.7579621e-02  -2.4340002e-02  -7.0216013e-01   1.2000000e+02   8.6523402e-02
  8.6840259986209e+00   7.7527269e+00   9.2288124e-01   2.6874639e+01  -6.7694750e-02  -2.4286688e-02  -7.0654238e-01   1.2000000e+02   8.6668314e-02
  8.6887617909091e+00   7.7570773e+00   9.1530026e-01   2.6882188e+01  -6.7809616e-02  -2.4229999e-02  -7.1094050e-01   1.2000000e+02   8.6814747e-02
  8.6934975831972e+00   7.7613919e+00   9.0778835e-01   2.6889926e+01  -6.7924211e-02  -2.4172542e-02  -7.1541984e-01   1.2000000e+02   8.6962676e-02
  8.6982333754854e+00   7.7656712e+00   9.0036380e-01   2.6897874e+01  -6.8038537e-02  -2.4116375e-02  -7.2001063e-01   1.2000000e+02   8.7112070e-02
  8.7029691677736e+00   7.7699156e+00   8.9305709e-01   2.6906066e+01  -6.8152603e-02  -2.4062377e-02  -7.2470036e-01   1.2000000e+02   8.7262891e-02
  8.7077049600617e+00   7.7741258e+00   8.8588507e-01   2.6914524e+01  -6.8266417e-02  -2.4009822e-02  -7.2943532e-01   1.2000000e+02   8.7415090e-02
  8.7124407523499e+00   7.7783023e+00   8.7882549e-01   2.6923220e+01  -6.8379981e-02  -2.3956344e-02  -7.3413168e-01   1.2000000e+02   8.7568621e-02
  8.7171765446381e+00   7.7824456e+00   8.7180831e-01   2.6932064e+01  -6.8493281e-02  -2.3898342e-02  -7.3869357e-01   1.2000000e+02   8.7723453e-02
  8.7219123369262e+00   7.7865555e+00   8.6473126e-01   2.6940922e+01  -6.8606285e-02  -2.3831669e-02  -7.4303198e-01   1.2000000e+02   8.7879594e-02
  8.7266481292144e+00   7.7906314e+00   8.5749273e-01   2.6949657e+01  -6.8718941e-02  -2.3752313e-02  -7.4707622e-01   1.2000000e+02   8.8037093e-02
  8.7313839215025e+00   7.7946725e+00   8.5002521e-01   2.6958176e+01  -6.8831180e-02  -2.3656863e-02  -7.5077369e-01   1.2000000e+02   8.8196035e-02
  8.7361197137907e+00   7.7986776e+00   8.4231264e-01   2.6966449e+01  -6.8942918e-02  -2.3542738e-02  -7.5408072e-01   1.2000000e+02   8.8356526e-02
  8.7408555060788e+00   7.8026456e+00   8.3438555e-01   2.6974512e+01  -6.9054061e-02  -2.3408338e-02  -7.5695473e-01   1.2000000e+02   8.8518670e-02
  8.7455912983670e+00   7.8065756e+00   8.2630015e-01   2.6982440e+01  -6.9164513e-02  -2.3253250e-02  -7.5935779e-01   1.2000000e+02   8.8682554e-02
  8.7503270906552e+00   7.8104670e+00   8.1811509e-01   2.6990319e+01  -6.9274177e-02  -2.3078488e-02  -7.6127358e-01   1.2000000e+02   8.8848244e-02
  8.7550628829433e+00   7.8143195e+00   8.0987722e-01   2.6998219e+01  -6.9382967e-02  -2.2886550e-02  -7.6272803e-01   1.2000000e+02   8.9015778e-02
  8.7597986752315e+00   7.8181329e+00   8.0161989e-01   2.7006194e+01  -6.9490810e-02  -2.2681144e-02  -7.6379871e-01   1.2000000e+02   8.9185182e-02
  8.7645344675196e+00   7.8219072e+00   7.9336963e-01   2.7014286e+01  -6.9597654e-02  -2.2466579e-02  -7.6460346e-01   1.2000000e+02   8.9356463e-02
  8.7692702598078e+00   7.8256426e+00   7.8515363e-01   2.7022534e+01  -6.9703468e-02  -2.2247090e-02  -7.6527209e-01   1.2000000e+02   8.9529617e-02
  8.7740060520960e+00   7.8293391e+00   7.7700278e-01   2.7030982e+01  -6.9808237e-02  -2.2026375e-02  -7.6591551e-01   1.2000000e+02   8.9704628e-02
  8.7787418443841e+00   7.8329974e+00   7.6894894e-01   2.7039672e+01  -6.9911965e-02  -2.1807449e-02  -7.6660745e-01   1.2000000e+02   8.9881468e-02
  8.7834776366723e+00   7.8366178e+00   7.6101884e-01   2.7048643e+01  -7.0014667e-02  -2.1592640e-02  -7.6738330e-01   1.2000000e+02   9.0060094e-02
  8.7882134289604e+00   7.8402010e+00   7.5322759e-01   2.7057916e+01  -7.0116365e-02  -2.1383526e-02  -7.6824971e-01   1.2000000e+02   9.0240457e-02
  8.7929492212486e+00   7.8437477e+00   7.4557525e-01   2.7067491e+01  -7.0217091e-02  -2.1180730e-02  -7.6919360e-01   1.2000000e+02   9.0422506e-02
  8.7976850135367e+00   7.8472585e+00   7.3804819e-01   2.7077346e+01  -7.0316871e-02  -2.0983737e-02  -7.7018520e-01   1.2000000e+02   9.0606190e-02
  8.8024208058249e+00   7.8507339e+00   7.3062564e-01   2.7087449e+01  -7.0415731e-02  -2.0790989e-02  -7.7117815e-01   1.2000000e+02   9.0791468e-02
  8.8071565981131e+00   7.8541744e+00   7.2328904e-01   2.7097768e+01  -7.0513685e-02  -2.0600312e-02  -7.7211295e-01   1.2000000e+02   9.0978308e-02
  8.8118923904012e+00   7.8575804e+00   7.1603002e-01   2.7108284e+01  -7.0610736e-02  -2.0409486e-02  -7.7292639e-01   1.2000000e+02   9.1166683e-02
  8.8166281826894e+00   7.8609522e+00   7.0885238e-01   2.7118999e+01  -7.0706878e-02  -2.0216624e-02  -7.7356181e-01   1.2000000e+02   9.1356573e-02
  8.8213639749775e+00   7.8642903e+00   7.0176704e-01   2.7129926e+01  -7.0802098e-02  -2.0020238e-02  -7.7397363e-01   1.2000000e+02   9.1547951e-02
  8.8260997672657e+00   7.8675951e+00   6.9478353e-01   2.7141079e+01  -7.0896376e-02  -1.9819138e-02  -7.7412492e-01   1.2000000e+02   9.1740790e-02
  8.8308355595539e+00   7.8708671e+00   6.8790432e-01   2.7152466e+01  -7.0989687e-02  -1.9612472e-02  -7.7398503e-01   1.2000000e+02   9.1935058e-02
  8.8355713518420e+00   7.8741067e+00   6.8112633e-01   2.7164084e+01  -7.1082004e-02  -1.9400079e-02  -7.7353613e-01   1.2000000e+02   9.2130726e-02
  8.8403071441302e+00   7.8773146e+00   6.7444798e-01   2.7175934e+01  -7.1173302e-02  -1.9182958e-02  -7.7279070e-01   1.2000000e+02   9.2327761e-02
  8.8450429364183e+00   7.8804911e+00   6.6787469e-01   2.7188025e+01  -7.1263564e-02  -1.8963458e-02  -7.7181065e-01   1.2000000e+02   9.2526132e-02
  8.8497787287065e+00   7.8836367e+00   6.6141592e-01   2.7200368e+01  -7.1352788e-02  -1.8744918e-02  -7.7071365e-01   1.2000000e+02   9.2725803e-02
  8.8545145209947e+00   7.8867521e+00   6.5507327e-01   2.7212958e+01  -7.1440988e-02  -1.8530854e-02  -7.6965839e-01   1.2000000e+02   9.2926736e-02
  8.8592503132828e+00   7.8898377e+00   6.4882712e-01   2.7225751e+01  -7.1528192e-02  -1.8324175e-02  -7.6881364e-01   1.2000000e+02   9.3128897e-02
  8.8639861055710e+00   7.8928939e+00   6.4263272e-01   2.7238664e+01  -7.1614442e-02  -1.8126856e-02  -7.6832642e-01   1.2000000e+02   9.3332268e-02
  8.8687218978591e+00   7.8959208e+00   6.3643176e-01   2.7251589e+01  -7.1699785e-02  -1.7940145e-02  -7.6830324e-01   1.2000000e+02   9.3536852e-02
  8.8734576901473e+00   7.8989182e+00   6.3017459e-01   2.7264433e+01  -7.1784275e-02  -1.7764949e-02  -7.6880786e-01   1.2000000e+02   9.3742678e-02
  8.8781934824354e+00   7.9018857e+00   6.2384031e-01   2.7277156e+01  -7.1867967e-02  -1.7601958e-02  -7.6986755e-01   1.2000000e+02   9.3949790e-02
  8.8829292747236e+00   7.9048231e+00   6.1744208e-01   2.7289778e+01  -7.1950920e-02  -1.7451295e-02  -7.7147717e-01   1.2000000e+02   9.4158233e-02
  8.8876650670118e+00   7.9077300e+00   6.1101369e-01   2.7302358e+01  -7.2033190e-02  -1.7311964e-02  -7.7359703e-01   1.2000000e+02   9.4368044e-02
  8.8924008592999e+00   7.9106065e+00   6.0458587e-01   2.7314953e+01  -7.2114826e-02  -1.7181544e-02  -7.7615002e-01   1.2000000e+02   9.4579245e-02
  8.8971366515881e+00   7.9134526e+00   5.9816632e-01   2.7327583e+01  -7.2195860e-02  -1.7056447e-02  -7.7902655e-01   1.2000000e+02   9.4791847e-02
  8.9018724438762e+00   7.9162683e+00   5.9173479e-01   2.7340214e+01  -7.2276306e-02  -1.6932653e-02  -7.8210026e-01   1.2000000e+02   9.5005868e-02
  8.9066082361644e+00   7.9190534e+00   5.8525411e-01   2.7352783e+01  -7.2356161e-02  -1.6806518e-02  -7.8524842e-01   1.2000000e+02   9.5221334e-02
  8.9113440284526e+00   7.9218076e+00   5.7868900e-01   2.7365220e+01  -7.2435406e-02  -1.6675277e-02  -7.8836682e-01   1.2000000e+02   9.5438290e-02
  8.9160798207407e+00   7.9245304e+00   5.7202122e-01   2.7377487e+01  -7.2514012e-02  -1.6537109e-02  -7.9137284e-01   1.2000000e+02   9.5656791e-02
  8.9208156130289e+00   7.9272214e+00   5.6525438e-01   2.7389583e+01  -7.2591942e-02  -1.6390929e-02  -7.9419911e-01   1.2000000e+02   9.5876900e-02
  8.9255514053170e+00   7.9298801e+00   5.5840917e-01   2.7401543e+01  -7.2669157e-02  -1.6236219e-02  -7.9678647e-01   1.2000000e+02   9.6098673e-02
  8.9302871976052e+00   7.9325063e+00   5.5151461e-01   2.7413422e+01  -7.2745617e-02  -1.6073026e-02  -7.9908400e-01   1.2000000e+02   9.6322156e-02
  8.9350229898933e+00   7.9350997e+00   5.4460074e-01   2.7425283e+01  -7.2821283e-02  -1.5902075e-02  -8.0105765e-01   1.2000000e+02   9.6547381e-02
  8.9397587821815e+00   7.9376604e+00   5.3769427e-01   2.7437184e+01  -7.2896121e-02  -1.5724788e-02  -8.0270240e-01   1.2000000e+02   9.6774370e-02
  8.9444945744697e+00   7.9401885e+00   5.3081576e-01   2.7449172e+01  -7.2970108e-02  -1.5543080e-02  -8.0405080e-01   1.2000000e+02   9.7003128e-02
  8.9492303667578e+00   7.9426841e+00   5.2397667e-01   2.7461270e+01  -7.3043227e-02  -1.5358966e-02  -8.0517281e-01   1.2000000e+02   9.7233657e-02
  8.9539661590460e+00   7.9451474e+00   5.1717729e-01   2.7473476e+01  -7.3115472e-02  -1.5174163e-02  -8.0616616e-01   1.2000000e+02   9.7465953e-02
  8.9587019513342e+00   7.9475786e+00   5.1040825e-01   2.7485761e+01  -7.3186842e-02  -1.4989856e-02  -8.0713920e-01   1.2000000e+02   9.7700016e-02
  8.9634377436223e+00   7.9499778e+00   5.0365720e-01   2.7498089e+01  -7.3257342e-02  -1.4806713e-02  -8.0818911e-01   1.2000000e+02   9.7935851e-02
  8.9681735359105e+00   7.9523451e+00   4.9691844e-01   2.7510440e+01  -7.3326979e-02  -1.4625038e-02  -8.0937994e-01   1.2000000e+02   9.8173469e-02
  8.9729093281986e+00   7.9546805e+00   4.9020030e-01   2.7522828e+01  -7.3395760e-02  -1.4444930e-02  -8.1072578e-01   1.2000000e+02   9.8412881e-02
  8.9776451204868e+00   7.9569841e+00   4.8352526e-01   2.7535306e+01  -7.3463692e-02  -1.4266332e-02  -8.1218556e-01   1.2000000e+02   9.8654090e-02
  8.9823809127749e+00   7.9592564e+00   4.7692202e-01   2.7547942e+01  -7.3530781e-02  -1.4088984e-02  -8.1367327e-01   1.2000000e+02   9.8897088e-02
  8.9871167050631e+00   7.9614976e+00   4.7041405e-01   2.7560798e+01  -7.3597033e-02  -1.3912351e-02  -8.1508184e-01   1.2000000e+02   9.9141853e-02
  8.9918524973513e+00   7.9637083e+00   4.6401126e-01   2.7573901e+01  -7.3662449e-02  -1.3735647e-02  -8.1631223e-01   1.2000000e+02   9.9388357e-02
  8.9965882896394e+00   7.9658889e+00   4.5770946e-01   2.7587248e+01  -7.3727025e-02  -1.3557994e-02  -8.1729676e-01   1.2000000e+02   9.9636568e-02
  9.0011839480720e+00   7.9680401e+00   4.5129377e-01   2.7601263e+01  -7.3790761e-02  -1.3372749e-02  -8.1802783e-01   1.2000000e+02   9.9894712e-02
  9.0059197403602e+00   7.9701628e+00   4.4516054e-01   2.7615025e+01  -7.3853663e-02  -1.3191418e-02  -8.1847094e-01   1.2000000e+02   1.0014632e-01
  9.0106555326484e+00   7.9722566e+00   4.3909703e-01   2.7628957e+01  -7.3915702e-02  -1.3008472e-02  -8.1869327e-01   1.2000000e+02   1.0039956e-01
  9.0153913249365e+00   7.9743219e+00   4.3309818e-01   2.7643043e+01  -7.3976872e-02  -1.2824797e-02  -8.1875205e-01   1.2000000e+02   1.0065444e-01
  9.0201271172247e+00   7.9763588e+00   4.2715639e-01   2.7657258e+01  -7.4037174e-02  -1.2641658e-02  -8.1871848e-01   1.2000000e+02   1.0091093e-01
  9.0248629095128e+00   7.9783678e+00   4.2125824e-01   2.7671561e+01  -7.4096612e-02  -1.2460376e-02  -8.1867596e-01   1.2000000e+02   1.0116903e-01
  9.0295987018010e+00   7.9803489e+00   4.1538544e-01   2.7685896e+01  -7.4155198e-02  -1.2281998e-02  -8.1871554e-01   1.2000000e+02   1.0142873e-01
  9.0343344940891e+00   7.9823022e+00   4.0951895e-01   2.7700202e+01  -7.4212947e-02  -1.2107070e-02  -8.1892560e-01   1.2000000e+02   1.0169007e-01
  9.0390702863773e+00   7.9842276e+00   4.0364248e-01   2.7714425e+01  -7.4269877e-02  -1.1935599e-02  -8.1937830e-01   1.2000000e+02   1.0195304e-01
  9.0438060786655e+00   7.9861252e+00   3.9774287e-01   2.7728519e+01  -7.4326001e-02  -1.1767186e-02  -8.2011895e-01   1.2000000e+02   1.0221768e-01
  9.0485418709536e+00   7.9879948e+00   3.9180808e-01   2.7742437e+01  -7.4381334e-02  -1.1601205e-02  -8.2116242e-01   1.2000000e+02   1.0248403e-01
  9.0532776632418e+00   7.9898362e+00   3.8582595e-01   2.7756134e+01  -7.4435886e-02  -1.1436966e-02  -8.2249673e-01   1.2000000e+02   1.0275212e-01
  9.0580134555300e+00   7.9916491e+00   3.7978650e-01   2.7769569e+01  -7.4489662e-02  -1.1273818e-02  -8.2409039e-01   1.2000000e+02   1.0302201e-01
  9.0627492478181e+00   7.9934333e+00   3.7368731e-01   2.7782725e+01  -7.4542668e-02  -1.1111182e-02  -8.2589860e-01   1.2000000e+02   1.0329373e-01
  9.0674850401063e+00   7.9951885e+00   3.6753820e-01   2.7795622e+01  -7.4594903e-02  -1.0948576e-02  -8.2786704e-01   1.2000000e+02   1.0356735e-01
  9.0722208323944e+00   7.9969144e+00   3.6136068e-01   2.7808320e+01  -7.4646367e-02  -1.0785676e-02  -8.2993535e-01   1.2000000e+02   1.0384289e-01
  9.0769566246826e+00   7.9986111e+00   3.5518128e-01   2.7820895e+01  -7.4697060e-02  -1.0622358e-02  -8.3204343e-01   1.2000000e+02   1.0412040e-01
  9.0816924169707e+00   8.0002786e+00   3.4902167e-01   2.7833412e+01  -7.4746977e-02  -1.0458690e-02  -8.3414125e-01   1.2000000e+02   1.0439988e-01
  9.0864282092589e+00   8.0019170e+00   3.4289146e-01   2.7845899e+01  -7.4796120e-02  -1.0294850e-02  -8.3619915e-01   1.2000000e+02   1.0468134e-01
  9.0911640015471e+00   8.0035264e+00   3.3678833e-01   2.7858344e+01  -7.4844486e-02  -1.0131026e-02  -8.3821339e-01   1.2000000e+02   1.0496479e-01
  9.0958997938352e+00   8.0051069e+00   3.3070539e-01   2.7870717e+01  -7.4892077e-02  -9.9673755e-03  -8.4020358e-01   1.2000000e+02   1.0525023e-01
  9.1006355861234e+00   8.0066587e+00   3.2464113e-01   2.7883003e+01  -7.4938893e-02  -9.8040809e-03  -8.4220288e-01   1.2000000e+02   1.0553769e-01
  9.1053713784115e+00   8.0081818e+00   3.1860579e-01   2.7895223e+01  -7.4984938e-02  -9.6414740e-03  -8.4424538e-01   1.2000000e+02   1.0582716e-01
  9.1101071706997e+00   8.0096765e+00   3.1261996e-01   2.7907437e+01  -7.5030215e-02  -9.4801060e-03  -8.4635610e-01   1.2000000e+02   1.0611865e-01
  9.1148429629879e+00   8.0111429e+00   3.0670632e-01   2.7919721e+01  -7.5074733e-02  -9.3206742e-03  -8.4854706e-01   1.2000000e+02   1.0641216e-01
  9.1195787552760e+00   8.0125816e+00   3.0087937e-01   2.7932127e+01  -7.5118501e-02  -9.1637872e-03  -8.5081859e-01   1.2000000e+02   1.0670765e-01
  9.1243145475642e+00   8.0139929e+00   2.9513901e-01   2.7944659e+01  -7.5161533e-02  -9.0096674e-03  -8.5316256e-01   1.2000000e+02   1.0700512e-01
  9.1290503398523e+00   8.0153772e+00   2.8947115e-01   2.7957268e+01  -7.5203841e-02  -8.8579530e-03  -8.5556435e-01   1.2000000e+02   1.0730453e-01
  9.1337861321405e+00   8.0167347e+00   2.8385423e-01   2.7969871e+01  -7.5245434e-02  -8.7077276e-03  -8.5800271e-01   1.2000000e+02   1.0760589e-01
  9.1385219244286e+00   8.0180657e+00   2.7826768e-01   2.7982381e+01  -7.5286317e-02  -8.5577888e-03  -8.6044937e-01   1.2000000e+02   1.0790918e-01
  9.1432577167168e+00   8.0193704e+00   2.7269800e-01   2.7994728e+01  -7.5326489e-02  -8.4070432e-03  -8.6287114e-01   1.2000000e+02   1.0821443e-01
  9.1479935090050e+00   8.0206486e+00   2.6714026e-01   2.8006872e+01  -7.5365943e-02  -8.2548416e-03  -8.6523597e-01   1.2000000e+02   1.0852163e-01
  9.1527293012931e+00   8.0219006e+00   2.6159574e-01   2.8018800e+01  -7.5404673e-02  -8.1011071e-03  -8.6752185e-01   1.2000000e+02   1.0883082e-01
  9.1574650935813e+00   8.0231264e+00   2.5606802e-01   2.8030508e+01  -7.5442671e-02  -7.9462215e-03  -8.6972524e-01   1.2000000e+02   1.0914199e-01
  9.1622008858694e+00   8.0243260e+00   2.5055972e-01   2.8041991e+01  -7.5479935e-02  -7.7907617e-03  -8.7186538e-01   1.2000000e+02   1.0945517e-01
  9.1669366781576e+00   8.0254996e+00   2.4507089e-01   2.8053232e+01  -7.5516462e-02  -7.6352431e-03  -8.7398225e-01   1.2000000e+02   1.0977037e-01
  9.1716724704458e+00   8.0266473e+00   2.3959907e-01   2.8064203e+01  -7.5552253e-02  -7.4799921e-03  -8.7612857e-01   1.2000000e+02   1.1008759e-01
  9.1764082627339e+00   8.0277690e+00   2.3414040e-01   2.8074862e+01  -7.5587310e-02  -7.3251715e-03  -8.7835825e-01   1.2000000e+02   1.1040686e-01
  9.1811440550221e+00   8.0288650e+00   2.2869136e-01   2.8085167e+01  -7.5621635e-02  -7.1708901e-03  -8.8071472e-01   1.2000000e+02   1.1072818e-01
  9.1858798473102e+00   8.0299351e+00   2.2325087e-01   2.8095080e+01  -7.5655231e-02  -7.0172979e-03  -8.8322231e-01   1.2000000e+02   1.1105157e-01
  9.1906156395984e+00   8.0309795e+00   2.1782218e-01   2.8104587e+01  -7.5688101e-02  -6.8646045e-03  -8.8588253e-01   1.2000000e+02   1.1137705e-01
  9.1953514318866e+00   8.0319983e+00   2.1241386e-01   2.8113700e+01  -7.5720251e-02  -6.7130314e-03  -8.8867591e-01   1.2000000e+02   1.1170463e-01
  9.2000872241747e+00   8.0329915e+00   2.0703940e-01   2.8122466e+01  -7.5751687e-02  -6.5627522e-03  -8.9156835e-01   1.2000000e+02   1.1203431e-01
  9.2048230164629e+00   8.0339593e+00   2.0171520e-01   2.8130954e+01  -7.5782413e-02  -6.4138646e-03  -8.9451981e-01   1.2000000e+02   1.1236609e-01
  9.2095588087510e+00   8.0349021e+00   1.9645761e-01   2.8139247e+01  -7.5812438e-02  -6.2664006e-03  -8.9749221e-01   1.2000000e+02   1.1269996e-01
  9.2142946010392e+00   8.0358202e+00   1.9128008e-01   2.8147417e+01  -7.5841768e-02  -6.1203450e-03  -9.0045390e-01   1.2000000e+02   1.1303589e-01
  9.2190303933273e+00   8.0367140e+00   1.8619105e-01   2.8155518e+01  -7.5870410e-02  -5.9756408e-03  -9.0337976e-01   1.2000000e+02   1.1337384e-01
  9.2237661856155e+00   8.0375839e+00   1.8119310e-01   2.8163566e+01  -7.5898369e-02  -5.8321820e-03  -9.0624790e-01   1.2000000e+02   1.1371378e-01
  9.2285019779037e+00   8.0384303e+00   1.7628347e-01   2.8171544e+01  -7.5925651e-02  -5.6898117e-03  -9.0903537e-01   1.2000000e+02   1.1405565e-01
  9.2332377701918e+00   8.0392537e+00   1.7145554e-01   2.8179405e+01  -7.5952262e-02  -5.5483334e-03  -9.1171505e-01   1.2000000e+02   1.1439940e-01
  9.2379735624800e+00   8.0400544e+00   1.6670107e-01   2.8187082e+01  -7.5978204e-02  -5.4075250e-03  -9.1425426e-01   1.2000000e+02   1.1474500e-01
  9.2427093547681e+00   8.0408327e+00   1.6201258e-01   2.8194507e+01  -7.6003480e-02  -5.2671468e-03  -9.1661488e-01   1.2000000e+02   1.1509237e-01
  9.2474451470563e+00   8.0415890e+00   1.5738516e-01   2.8201622e+01  -7.6028093e-02  -5.1269558e-03  -9.1875507e-01   1.2000000e+02   1.1544145e-01
  9.2521809393445e+00   8.0423235e+00   1.5281731e-01   2.8208387e+01  -7.6052041e-02  -4.9867585e-03  -9.2063382e-01   1.2000000e+02   1.1579216e-01
  9.2569167316326e+00   8.0430365e+00   1.4831058e-01   2.8214779e+01  -7.6075325e-02  -4.8465152e-03  -9.2222012e-01   1.2000000e+02   1.1614442e-01
  9.2616525239208e+00   8.0437284e+00   1.4386854e-01   2.8220786e+01  -7.6097945e-02  -4.7064548e-03  -9.2350540e-01   1.2000000e+02   1.1649809e-01
  9.2663883162089e+00   8.0443993e+00   1.3949584e-01   2.8226403e+01  -7.6119904e-02  -4.5671214e-03  -9.2451436e-01   1.2000000e+02   1.1685302e-01
  9.2711241084971e+00   8.0450497e+00   1.3519774e-01   2.8231630e+01  -7.6141206e-02  -4.4292928e-03  -9.2530726e-01   1.2000000e+02   1.1720901e-01
  9.2758599007852e+00   8.0456800e+00   1.3098040e-01   2.8236475e+01  -7.6161860e-02  -4.2937887e-03  -9.2596962e-01   1.2000000e+02   1.1756582e-01
  9.2805956930734e+00   8.0462905e+00   1.2685106e-01   2.8240958e+01  -7.6181879e-02  -4.1612709e-03  -9.2659232e-01   1.2000000e+02   1.1792314e-01
  9.2853314853616e+00   8.0468816e+00   1.2281784e-01   2.8245107e+01  -7.6201279e-02  -4.0321508e-03  -9.2725152e-01   1.2000000e+02   1.1828059e-01
  9.2900672776497e+00   8.0474539e+00   1.1888890e-01   2.8248958e+01  -7.6220076e-02  -3.9066470e-03  -9.2799875e-01   1.2000000e+02   1.1863771e-01
  9.2948030699379e+00   8.0480079e+00   1.1507149e-01   2.8252537e+01  -7.6238287e-02  -3.7849299e-03  -9.2886519e-01   1.2000000e+02   1.1899396e-01
  9.2995388622260e+00   8.0485440e+00   1.1137153e-01   2.8255861e+01  -7.6255932e-02  -3.6672316e-03  -9.2987442e-01   1.2000000e+02   1.1934873e-01
  9.3042746545142e+00   8.0490629e+00   1.0779389e-01   2.8258939e+01  -7.6273029e-02  -3.5538400e-03  -9.3105276e-01   1.2000000e+02   1.1970133e-01
  9.3090104468024e+00   8.0495652e+00   1.0434318e-01   2.8261780e+01  -7.6289599e-02  -3.4449946e-03  -9.3242813e-01   1.2000000e+02   1.2005101e-01
  9.3137462390905e+00   8.0500514e+00   1.0102426e-01   2.8264409e+01  -7.6305666e-02  -3.3407792e-03  -9.3401735e-01   1.2000000e+02   1.2039703e-01
  9.3184820313787e+00   8.0505223e+00   9.7841933e-02   2.8266865e+01  -7.6321249e-02  -3.2411054e-03  -9.3581054e-01   1.2000000e+02   1.2073866e-01
  9.3232178236668e+00   8.0509784e+00   9.4799798e-02   2.8269196e+01  -7.6336371e-02  -3.1457986e-03  -9.3776373e-01   1.2000000e+02   1.2107520e-01
  9.3279536159550e+00   8.0514204e+00   9.1898871e-02   2.8271442e+01  -7.6351051e-02  -3.0547164e-03  -9.3980529e-01   1.2000000e+02   1.2140609e-01
  9.3326894082432e+00   8.0518490e+00   8.9136707e-02   2.8273621e+01  -7.6365311e-02  -2.9678024e-03  -9.4185266e-01   1.2000000e+02   1.2173086e-01
  9.3374252005313e+00   8.0522649e+00   8.6507481e-02   2.8275722e+01  -7.6379168e-02  -2.8850305e-03  -9.4382975e-01   1.2000000e+02   1.2204914e-01
  9.3421609928195e+00   8.0526686e+00   8.4002914e-02   2.8277708e+01  -7.6392643e-02  -2.8062768e-03  -9.4567569e-01   1.2000000e+02   1.2236071e-01
  9.3468967851076e+00   8.0530607e+00   8.1613573e-02   2.8279520e+01  -7.6405754e-02  -2.7312120e-03  -9.4734248e-01   1.2000000e+02   1.2266543e-01
  9.3516325773958e+00   8.0534418e+00   7.9329982e-02   2.8281096e+01  -7.6418517e-02  -2.6592897e-03  -9.4878636e-01   1.2000000e+02   1.2296322e-01
  9.3563683696840e+00   8.0538122e+00   7.7143305e-02   2.8282374e+01  -7.6430945e-02  -2.5898503e-03  -9.4996118e-01   1.2000000e+02   1.2325409e-01
  9.3611041619721e+00   8.0541726e+00   7.5045650e-02   2.8283303e+01  -7.6443050e-02  -2.5222877e-03  -9.5081962e-01   1.2000000e+02   1.2353808e-01
  9.3658399542603e+00   8.0545232e+00   7.3030209e-02   2.8283845e+01  -7.6454838e-02  -2.4562000e-03  -9.5132229e-01   1.2000000e+02   1.2381527e-01
  9.3705757465484e+00   8.0548644e+00   7.1091387e-02   2.8283978e+01  -7.6466316e-02  -2.3914558e-03  -9.5144937e-01   1.2000000e+02   1.2408576e-01
  9.3753115388366e+00   8.0551966e+00   6.9224872e-02   2.8283700e+01  -7.6477491e-02  -2.3281555e-03  -9.5120812e-01   1.2000000e+02   1.2434969e-01
  9.3800473311247e+00   8.0555202e+00   6.7427508e-02   2.8283028e+01  -7.6488370e-02  -2.2665126e-03  -9.5063212e-01   1.2000000e+02   1.2460720e-01
  9.3847831234129e+00   8.0558354e+00   6.5696913e-02   2.8281991e+01  -7.6498961e-02  -2.2067157e-03  -9.4977297e-01   1.2000000e+02   1.2485846e-01
  9.3895189157011e+00   8.0561425e+00   6.4030915e-02   2.8280622e+01  -7.6509274e-02  -2.1488307e-03  -9.4868904e-01   1.2000000e+02   1.2510363e-01
  9.3942547079892e+00   8.0564419e+00   6.2427048e-02   2.8278947e+01  -7.6519317e-02  -2.0927847e-03  -9.4743707e-01   1.2000000e+02   1.2534290e-01
  9.3989905002774e+00   8.0567339e+00   6.0882326e-02   2.8276978e+01  -7.6529099e-02  -2.0384312e-03  -9.4606989e-01   1.2000000e+02   1.2557645e-01
  9.4037262925655e+00   8.0570187e+00   5.9393364e-02   2.8274712e+01  -7.6538627e-02  -1.9856609e-03  -9.4464019e-01   1.2000000e+02   1.2580448e-01
  9.4084620848537e+00   8.0572965e+00   5.7956753e-02   2.8272138e+01  -7.6547909e-02  -1.9344932e-03  -9.4320619e-01   1.2000000e+02   1.2602714e-01
  9.4131978771418e+00   8.0575677e+00   5.6569478e-02   2.8269245e+01  -7.6556952e-02  -1.8850961e-03  -9.4183429e-01   1.2000000e+02   1.2624461e-01
  9.4179336694300e+00   8.0578324e+00   5.5229213e-02   2.8266035e+01  -7.6565767e-02  -1.8377174e-03  -9.4059529e-01   1.2000000e+02   1.2645704e-01
  9.4226694617182e+00   8.0580909e+00   5.3934385e-02   2.8262524e+01  -7.6574362e-02  -1.7925617e-03  -9.3955437e-01   1.2000000e+02   1.2666461e-01
  9.4274052540063e+00   8.0583433e+00   5.2684012e-02   2.8258741e+01  -7.6582749e-02  -1.7496817e-03  -9.3875811e-01   1.2000000e+02   1.2686745e-01
  9.4321410462945e+00   8.0585900e+00   5.1477393e-02   2.8254724e+01  -7.6590938e-02  -1.7089465e-03  -9.3822368e-01   1.2000000e+02   1.2706573e-01
  9.4368768385827e+00   8.0588310e+00   5.0313776e-02   2.8250511e+01  -7.6598938e-02  -1.6701023e-03  -9.3793299e-01   1.2000000e+02   1.2725960e-01
  9.4416126308708e+00   8.0590666e+00   4.9192117e-02   2.8246135e+01  -7.6606759e-02  -1.6328842e-03  -9.3783259e-01   1.2000000e+02   1.2744919e-01
  9.4463484231590e+00   8.0592970e+00   4.8111093e-02   2.8241629e+01  -7.6614406e-02  -1.5971067e-03  -9.3783709e-01   1.2000000e+02   1.2763467e-01
  9.4510842154471e+00   8.0595223e+00   4.7069362e-02   2.8237028e+01  -7.6621888e-02  -1.5626762e-03  -9.3783468e-01   1.2000000e+02   1.2781617e-01
  9.4558200077353e+00   8.0597428e+00   4.6066001e-02   2.8232380e+01  -7.6629209e-02  -1.5295245e-03  -9.3769461e-01   1.2000000e+02   1.2799384e-01
  9.4605558000234e+00   8.0599587e+00   4.5100872e-02   2.8227756e+01  -7.6636377e-02  -1.4975167e-03  -9.3727866e-01   1.2000000e+02   1.2816781e-01
  9.4652915923116e+00   8.0601701e+00   4.4174671e-02   2.8223243e+01  -7.6643395e-02  -1.4664041e-03  -9.3645759e-01   1.2000000e+02   1.2833823e-01
  9.4700273845998e+00   8.0603772e+00   4.3288524e-02   2.8218937e+01  -7.6650267e-02  -1.4358630e-03  -9.3513075e-01   1.2000000e+02   1.2850525e-01
  9.4747631768879e+00   8.0605802e+00   4.2443263e-02   2.8214923e+01  -7.6656995e-02  -1.4056022e-03  -9.3324329e-01   1.2000000e+02   1.2866901e-01
  9.4794989691761e+00   8.0607792e+00   4.1638688e-02   2.8211259e+01  -7.6663580e-02  -1.3754768e-03  -9.3079449e-01   1.2000000e+02   1.2882968e-01
  9.4842347614642e+00   8.0609746e+00   4.0873171e-02   2.8207961e+01  -7.6670023e-02  -1.3455451e-03  -9.2783405e-01   1.2000000e+02   1.2898740e-01
  9.4889705537524e+00   8.0611664e+00   4.0143802e-02   2.8205009e+01  -7.6676325e-02  -1.3160396e-03  -9.2444851e-01   1.2000000e+02   1.2914230e-01
  9.4937063460406e+00   8.0613549e+00   3.9446986e-02   2.8202351e+01  -7.6682489e-02  -1.2872739e-03  -9.2074492e-01   1.2000000e+02   1.2929453e-01
  9.4984421383287e+00   8.0615401e+00   3.8779200e-02   2.8199926e+01  -7.6688520e-02  -1.2595374e-03  -9.1683923e-01   1.2000000e+02   1.2944418e-01
  9.5031779306169e+00   8.0617222e+00   3.8137550e-02   2.8197678e+01  -7.6694421e-02  -1.2330290e-03  -9.1285249e-01   1.2000000e+02   1.2959138e-01
  9.5079137229050e+00   8.0619014e+00   3.7519947e-02   2.8195566e+01  -7.6700200e-02  -1.2078473e-03  -9.0891201e-01   1.2000000e+02   1.2973620e-01
  9.5126495151932e+00   8.0620776e+00   3.6924928e-02   2.8193568e+01  -7.6705864e-02  -1.1840228e-03  -9.0515070e-01   1.2000000e+02   1.2987873e-01
  9.5173853074813e+00   8.0622511e+00   3.6351325e-02   2.8191670e+01  -7.6711417e-02  -1.1615572e-03  -9.0169878e-01   1.2000000e+02   1.3001906e-01
  9.5221210997695e+00   8.0624220e+00   3.5797994e-02   2.8189866e+01  -7.6716868e-02  -1.1404421e-03  -8.9866741e-01   1.2000000e+02   1.3015726e-01
  9.5268568920577e+00   8.0625902e+00   3.5263703e-02   2.8188149e+01  -7.6722221e-02  -1.1206509e-03  -8.9612970e-01   1.2000000e+02   1.3029340e-01
  9.5315926843458e+00   8.0627560e+00   3.4747124e-02   2.8186508e+01  -7.6727484e-02  -1.1021170e-03  -8.9410693e-01   1.2000000e+02   1.3042754e-01
  9.5363284766340e+00   8.0629194e+00   3.4246826e-02   2.8184926e+01  -7.6732662e-02  -1.0847196e-03  -8.9256601e-01   1.2000000e+02   1.3055976e-01
  9.5410642689221e+00   8.0630804e+00   3.3761209e-02   2.8183379e+01  -7.6737759e-02  -1.0682884e-03  -8.9142849e-01   1.2000000e+02   1.3069011e-01
  9.5458000612103e+00   8.0632392e+00   3.3288440e-02   2.8181834e+01  -7.6742781e-02  -1.0526220e-03  -8.9058628e-01   1.2000000e+02   1.3081865e-01
  9.5505358534985e+00   8.0633957e+00   3.2826511e-02   2.8180248e+01  -7.6747730e-02  -1.0375059e-03  -8.8991744e-01   1.2000000e+02   1.3094541e-01
  9.5552716457866e+00   8.0635501e+00   3.2373491e-02   2.8178576e+01  -7.6752609e-02  -1.0227198e-03  -8.8929732e-01   1.2000000e+02   1.3107045e-01
  9.5600074380748e+00   8.0637024e+00   3.1927925e-02   2.8176778e+01  -7.6757417e-02  -1.0080398e-03  -8.8860477e-01   1.2000000e+02   1.3119379e-01
  9.5647432303629e+00   8.0638525e+00   3.1489194e-02   2.8174835e+01  -7.6762156e-02  -9.9325164e-04  -8.8772658e-01   1.2000000e+02   1.3131546e-01
  9.5694790226511e+00   8.0640006e+00   3.1057650e-02   2.8172754e+01  -7.6766824e-02  -9.7818722e-04  -8.8656378e-01   1.2000000e+02   1.3143549e-01
  9.5742148149392e+00   8.0641467e+00   3.0634439e-02   2.8170577e+01  -7.6771421e-02  -9.6277762e-04  -8.8504132e-01   1.2000000e+02   1.3155391e-01
  9.5789506072274e+00   8.0642908e+00   3.0221076e-02   2.8168363e+01  -7.6775943e-02  -9.4709653e-04  -8.8311905e-01   1.2000000e+02   1.3167076e-01
  9.5836863995156e+00   8.0644330e+00   2.9818981e-02   2.8166186e+01  -7.6780391e-02  -9.3136208e-04  -8.8079984e-01   1.2000000e+02   1.3178606e-01
  9.5884221918037e+00   8.0645732e+00   2.9429175e-02   2.8164110e+01  -7.6784765e-02  -9.1588369e-04  -8.7813086e-01   1.2000000e+02   1.3189987e-01
  9.5931579840919e+00   8.0647117e+00   2.9052223e-02   2.8162187e+01  -7.6789067e-02  -9.0097020e-04  -8.7519640e-01   1.2000000e+02   1.3201222e-01
  9.5978937763800e+00   8.0648484e+00   2.8688405e-02   2.8160451e+01  -7.6793300e-02  -8.8684007e-04  -8.7210380e-01   1.2000000e+02   1.3212318e-01
  9.6026295686682e+00   8.0649835e+00   2.8337941e-02   2.8158926e+01  -7.6797468e-02  -8.7357052e-04  -8.6896618e-01   1.2000000e+02   1.3223278e-01
  9.6073653609564e+00   8.0651169e+00   2.8001150e-02   2.8157636e+01  -7.6801575e-02  -8.6110287e-04  -8.6588616e-01   1.2000000e+02   1.3234108e-01
  9.6121011532445e+00   8.0652487e+00   2.7678460e-02   2.8156609e+01  -7.6805625e-02  -8.4929089e-04  -8.6294334e-01   1.2000000e+02   1.3244813e-01
  9.6168369455327e+00   8.0653790e+00   2.7370293e-02   2.8155880e+01  -7.6809620e-02  -8.3796327e-04  -8.6018666e-01   1.2000000e+02   1.3255397e-01
  9.6215727378208e+00   8.0655080e+00   2.7076869e-02   2.8155488e+01  -7.6813562e-02  -8.2697416e-04  -8.5763105e-01   1.2000000e+02   1.3265867e-01
  9.6263085301090e+00   8.0656355e+00   2.6798037e-02   2.8155460e+01  -7.6817453e-02  -8.1622937e-04  -8.5525730e-01   1.2000000e+02   1.3276228e-01
  9.6310443223972e+00   8.0657618e+00   2.6533173e-02   2.8155809e+01  -7.6821294e-02  -8.0569004e-04  -8.5301415e-01   1.2000000e+02   1.3286484e-01
  9.6357801146853e+00   8.0658869e+00   2.6281197e-02   2.8156523e+01  -7.6825085e-02  -7.9535943e-04  -8.5082253e-01   1.2000000e+02   1.3296641e-01
  9.6405159069735e+00   8.0660107e+00   2.6040687e-02   2.8157569e+01  -7.6828827e-02  -7.8525750e-04  -8.4858251e-01   1.2000000e+02   1.3306704e-01
  9.6452516992616e+00   8.0661335e+00   2.5810044e-02   2.8158896e+01  -7.6832523e-02  -7.7539004e-04  -8.4618342e-01   1.2000000e+02   1.3316677e-01
  9.6499874915498e+00   8.0662552e+00   2.5587650e-02   2.8160442e+01  -7.6836172e-02  -7.6572273e-04  -8.4351684e-01   1.2000000e+02   1.3326564e-01
  9.6547232838379e+00   8.0663759e+00   2.5371963e-02   2.8162144e+01  -7.6839776e-02  -7.5617243e-04  -8.4049079e-01   1.2000000e+02   1.3336366e-01
  9.6594590761261e+00   8.0664955e+00   2.5161509e-02   2.8163932e+01  -7.6843334e-02  -7.4662233e-04  -8.3704186e-01   1.2000000e+02   1.3346088e-01
  9.6641948684143e+00   8.0666142e+00   2.4954815e-02   2.8165736e+01  -7.6846847e-02  -7.3695504e-04  -8.3314221e-01   1.2000000e+02   1.3355730e-01
  9.6689306607024e+00   8.0667319e+00   2.4750348e-02   2.8167479e+01  -7.6850314e-02  -7.2708721e-04  -8.2879900e-01   1.2000000e+02   1.3365294e-01
  9.6736664529906e+00   8.0668486e+00   2.4546539e-02   2.8169080e+01  -7.6853733e-02  -7.1698843e-04  -8.2404740e-01   1.2000000e+02   1.3374780e-01
  9.6784022452788e+00   8.0669644e+00   2.4341924e-02   2.8170463e+01  -7.6857105e-02  -7.0667861e-04  -8.1894034e-01   1.2000000e+02   1.3384187e-01
  9.6831380375669e+00   8.0670792e+00   2.4135386e-02   2.8171570e+01  -7.6860426e-02  -6.9620986e-04  -8.1354006e-01   1.2000000e+02   1.3393517e-01
  9.6878738298551e+00   8.0671930e+00   2.3926419e-02   2.8172369e+01  -7.6863699e-02  -6.8564544e-04  -8.0791504e-01   1.2000000e+02   1.3402767e-01
  9.6926096221432e+00   8.0673058e+00   2.3715300e-02   2.8172866e+01  -7.6866921e-02  -6.7504658e-04  -8.0214275e-01   1.2000000e+02   1.3411936e-01
  9.6973454144314e+00   8.0674176e+00   2.3503106e-02   2.8173108e+01  -7.6870092e-02  -6.6447031e-04  -7.9631518e-01   1.2000000e+02   1.3421025e-01
  9.7020812067195e+00   8.0675284e+00   2.3291539e-02   2.8173173e+01  -7.6873214e-02  -6.5397715e-04  -7.9054202e-01   1.2000000e+02   1.3430033e-01
  9.7068169990077e+00   8.0676382e+00   2.3082604e-02   2.8173164e+01  -7.6876287e-02  -6.4364578e-04  -7.8494767e-01   1.2000000e+02   1.3438960e-01
  9.7115527912959e+00   8.0677471e+00   2.2878229e-02   2.8173183e+01  -7.6879311e-02  -6.3358899e-04  -7.7966093e-01   1.2000000e+02   1.3447808e-01
  9.7162885835840e+00   8.0678549e+00   2.2679916e-02   2.8173320e+01  -7.6882289e-02  -6.2396094e-04  -7.7480004e-01   1.2000000e+02   1.3456579e-01
  9.7210243758722e+00   8.0679619e+00   2.2488531e-02   2.8173639e+01  -7.6885222e-02  -6.1494288e-04  -7.7045755e-01   1.2000000e+02   1.3465276e-01
  9.7257601681603e+00   8.0680679e+00   2.2304253e-02   2.8174166e+01  -7.6888114e-02  -6.0670118e-04  -7.6668919e-01   1.2000000e+02   1.3473900e-01
  9.7304959604485e+00   8.0681732e+00   2.2126703e-02   2.8174900e+01  -7.6890970e-02  -5.9932845e-04  -7.6350854e-01   1.2000000e+02   1.3482456e-01
  9.7352317527367e+00   8.0682775e+00   2.1955185e-02   2.8175815e+01  -7.6893792e-02  -5.9279616e-04  -7.6088726e-01   1.2000000e+02   1.3490945e-01
  9.7399675450248e+00   8.0683811e+00   2.1788939e-02   2.8176874e+01  -7.6896586e-02  -5.8694725e-04  -7.5875886e-01   1.2000000e+02   1.3499369e-01
  9.7447033373130e+00   8.0684839e+00   2.1627328e-02   2.8178043e+01  -7.6899352e-02  -5.8154370e-04  -7.5702436e-01   1.2000000e+02   1.3507731e-01
  9.7494391296011e+00   8.0685860e+00   2.1469955e-02   2.8179297e+01  -7.6902094e-02  -5.7634670e-04  -7.5555907e-01   1.2000000e+02   1.3516032e-01
  9.7541749218893e+00   8.0686873e+00   2.1316671e-02   2.8180627e+01  -7.6904811e-02  -5.7118807e-04  -7.5422062e-01   1.2000000e+02   1.3524274e-01
  9.7589107141774e+00   8.0687879e+00   2.1167555e-02   2.8182047e+01  -7.6907504e-02  -5.6599548e-04  -7.5285878e-01   1.2000000e+02   1.3532459e-01
  9.7636465064656e+00   8.0688878e+00   2.1022905e-02   2.8183590e+01  -7.6910172e-02  -5.6076392e-04  -7.5132697e-01   1.2000000e+02   1.3540586e-01
  9.7683822987538e+00   8.0689870e+00   2.0883244e-02   2.8185309e+01  -7.6912815e-02  -5.5549982e-04  -7.4949462e-01   1.2000000e+02   1.3548660e-01
  9.7731180910419e+00   8.0690856e+00   2.0749330e-02   2.8187271e+01  -7.6915433e-02  -5.5017854e-04  -7.4725859e-01   1.2000000e+02   1.3556680e-01
  9.7778538833301e+00   8.0691835e+00   2.0622100e-02   2.8189547e+01  -7.6918026e-02  -5.4474560e-04  -7.4455207e-01   1.2000000e+02   1.3564651e-01
  9.7825896756182e+00   8.0692809e+00   2.0502523e-02   2.8192201e+01  -7.6920593e-02  -5.3915497e-04  -7.4134920e-01   1.2000000e+02   1.3572574e-01
  9.7873254679064e+00   8.0693777e+00   2.0391370e-02   2.8195277e+01  -7.6923133e-02  -5.3341215e-04  -7.3766477e-01   1.2000000e+02   1.3580454e-01
  9.7920612601946e+00   8.0694741e+00   2.0288997e-02   2.8198792e+01  -7.6925645e-02  -5.2758887e-04  -7.3354892e-01   1.2000000e+02   1.3588292e-01
  9.7967970524827e+00   8.0695699e+00   2.0195217e-02   2.8202733e+01  -7.6928130e-02  -5.2179776e-04  -7.2907768e-01   1.2000000e+02   1.3596093e-01
  9.8015328447709e+00   8.0696654e+00   2.0109322e-02   2.8207064e+01  -7.6930587e-02  -5.1614319e-04  -7.2434150e-01   1.2000000e+02   1.3603858e-01
  9.8062686370590e+00   8.0697604e+00   2.0030269e-02   2.8211732e+01  -7.6933019e-02  -5.1067903e-04  -7.1943369e-01   1.2000000e+02   1.3611592e-01
  9.8110044293472e+00   8.0698551e+00   1.9956897e-02   2.8216675e+01  -7.6935425e-02  -5.0539596e-04  -7.1444118e-01   1.2000000e+02   1.3619295e-01
  9.8157402216353e+00   8.0699494e+00   1.9888116e-02   2.8221830e+01  -7.6937806e-02  -5.0024034e-04  -7.0943855e-01   1.2000000e+02   1.3626971e-01
  9.8204760139235e+00   8.0700435e+00   1.9822947e-02   2.8227135e+01  -7.6940163e-02  -4.9514774e-04  -7.0448504e-01   1.2000000e+02   1.3634619e-01
  9.8252118062117e+00   8.0701372e+00   1.9760453e-02   2.8232526e+01  -7.6942496e-02  -4.9007414e-04  -6.9962303e-01   1.2000000e+02   1.3642242e-01
  9.8299475984998e+00   8.0702306e+00   1.9699603e-02   2.8237939e+01  -7.6944805e-02  -4.8500886e-04  -6.9487610e-01   1.2000000e+02   1.3649840e-01
  9.8346833907880e+00   8.0703238e+00   1.9639209e-02   2.8243309e+01  -7.6947090e-02  -4.7997049e-04  -6.9024606e-01   1.2000000e+02   1.3657413e-01
  9.8394191830761e+00   8.0704166e+00   1.9577983e-02   2.8248572e+01  -7.6949351e-02  -4.7498982e-04  -6.8571007e-01   1.2000000e+02   1.3664961e-01
  9.8441549753643e+00   8.0705092e+00   1.9514733e-02   2.8253672e+01  -7.6951589e-02  -4.7008516e-04  -6.8122070e-01   1.2000000e+02   1.3672483e-01
  9.8488907676525e+00   8.0706015e+00   1.9448603e-02   2.8258572e+01  -7.6953803e-02  -4.6523868e-04  -6.7671157e-01   1.2000000e+02   1.3679979e-01
  9.8536265599406e+00   8.0706934e+00   1.9379239e-02   2.8263257e+01  -7.6955995e-02  -4.6038472e-04  -6.7210917e-01   1.2000000e+02   1.3687447e-01
  9.8583623522288e+00   8.0707850e+00   1.9306837e-02   2.8267741e+01  -7.6958164e-02  -4.5542179e-04  -6.6734832e-01   1.2000000e+02   1.3694887e-01
  9.8630981445169e+00   8.0708763e+00   1.9232027e-02   2.8272060e+01  -7.6960308e-02  -4.5025070e-04  -6.6238626e-01   1.2000000e+02   1.3702298e-01
  9.8678339368051e+00   8.0709672e+00   1.9155672e-02   2.8276266e+01  -7.6962428e-02  -4.4482593e-04  -6.5721046e-01   1.2000000e+02   1.3709680e-01
  9.8725697290933e+00   8.0710577e+00   1.9078687e-02   2.8280416e+01  -7.6964521e-02  -4.3919181e-04  -6.5183817e-01   1.2000000e+02   1.3717031e-01
  9.8773055213814e+00   8.0711479e+00   1.9001936e-02   2.8284563e+01  -7.6966588e-02  -4.3347985e-04  -6.4630949e-01   1.2000000e+02   1.3724353e-01
  9.8820413136696e+00   8.0712377e+00   1.8926213e-02   2.8288748e+01  -7.6968627e-02  -4.2786093e-04  -6.4067907e-01   1.2000000e+02   1.3731646e-01
  9.8867771059577e+00   8.0713271e+00   1.8852258e-02   2.8293006e+01  -7.6970640e-02  -4.2247627e-04  -6.3501099e-01   1.2000000e+02   1.3738910e-01
  9.8915128982459e+00   8.0714163e+00   1.8780733e-02   2.8297363e+01  -7.6972629e-02  -4.1738672e-04  -6.2937834e-01   1.2000000e+02   1.3746146e-01
  9.8962486905340e+00   8.0715050e+00   1.8712146e-02   2.8301836e+01  -7.6974594e-02  -4.1257019e-04  -6.2386490e-01   1.2000000e+02   1.3753356e-01
  9.9009844828222e+00   8.0715935e+00   1.8646694e-02   2.8306432e+01  -7.6976537e-02  -4.0796533e-04  -6.1856354e-01   1.2000000e+02   1.3760539e-01
  9.9057202751104e+00   8.0716817e+00   1.8584177e-02   2.8311143e+01  -7.6978459e-02  -4.0353037e-04  -6.1356746e-01   1.2000000e+02   1.3767698e-01
  9.9104560673985e+00   8.0717695e+00   1.8523998e-02   2.8315941e+01  -7.6980359e-02  -3.9927547e-04  -6.0895424e-01   1.2000000e+02   1.3774833e-01
  9.9151918596867e+00   8.0718571e+00   1.8465298e-02   2.8320781e+01  -7.6982241e-02  -3.9524860e-04  -6.0476770e-01   1.2000000e+02   1.3781945e-01
  9.9199276519749e+00   8.0719444e+00   1.8407201e-02   2.8325612e+01  -7.6984104e-02  -3.9148846e-04  -6.0100489e-01   1.2000000e+02   1.3789034e-01
  9.9246634442630e+00   8.0720315e+00   1.8349071e-02   2.8330390e+01  -7.6985949e-02  -3.8798053e-04  -5.9761415e-01   1.2000000e+02   1.3796100e-01
  9.9293992365512e+00   8.0721182e+00   1.8290711e-02   2.8335098e+01  -7.6987779e-02  -3.8464763e-04  -5.9450552e-01   1.2000000e+02   1.3803143e-01
  9.9341350288393e+00   8.0722047e+00   1.8232470e-02   2.8339752e+01  -7.6989592e-02  -3.8138138e-04  -5.9156947e-01   1.2000000e+02   1.3810163e-01
  9.9388708211275e+00   8.0722909e+00   1.8175205e-02   2.8344407e+01  -7.6991391e-02  -3.7809028e-04  -5.8869693e-01   1.2000000e+02   1.3817161e-01
  9.9436066134156e+00   8.0723768e+00   1.8120156e-02   2.8349151e+01  -7.6993173e-02  -3.7473357e-04  -5.8579380e-01   1.2000000e+02   1.3824135e-01
  9.9483424057038e+00   8.0724625e+00   1.8068753e-02   2.8354088e+01  -7.6994940e-02  -3.7132320e-04  -5.8278693e-01   1.2000000e+02   1.3831089e-01
  9.9530781979920e+00   8.0725480e+00   1.8022387e-02   2.8359321e+01  -7.6996690e-02  -3.6790069e-04  -5.7962232e-01   1.2000000e+02   1.3838023e-01
  9.9578139902801e+00   8.0726332e+00   1.7982172e-02   2.8364936e+01  -7.6998425e-02  -3.6450980e-04  -5.7625929e-01   1.2000000e+02   1.3844939e-01
  9.9625497825683e+00   8.0727183e+00   1.7948731e-02   2.8370982e+01  -7.7000143e-02  -3.6118179e-04  -5.7266443e-01   1.2000000e+02   1.3851839e-01
  9.9672855748564e+00   8.0728033e+00   1.7922027e-02   2.8377463e+01  -7.7001846e-02  -3.5793341e-04  -5.6880754e-01   1.2000000e+02   1.3858727e-01
  9.9720213671446e+00   8.0728881e+00   1.7901288e-02   2.8384334e+01  -7.7003533e-02  -3.5476582e-04  -5.6465944e-01   1.2000000e+02   1.3865604e-01
  9.9767571594328e+00   8.0729728e+00   1.7885044e-02   2.8391502e+01  -7.7005206e-02  -3.5165521e-04  -5.6019089e-01   1.2000000e+02   1.3872473e-01
  9.9814929517209e+00   8.0730575e+00   1.7871298e-02   2.8398839e+01  -7.7006864e-02  -3.4853943e-04  -5.5537241e-01   1.2000000e+02   1.3879334e-01
  9.9862287440091e+00   8.0731421e+00   1.7857811e-02   2.8406201e+01  -7.7008507e-02  -3.4531630e-04  -5.5017603e-01   1.2000000e+02   1.3886189e-01
  9.9909645362972e+00   8.0732266e+00   1.7842451e-02   2.8413451e+01  -7.7010134e-02  -3.4186512e-04  -5.4458049e-01   1.2000000e+02   1.3893036e-01
  9.9957003285854e+00   8.0733111e+00   1.7823546e-02   2.8420475e+01  -7.7011745e-02  -3.3808617e-04  -5.3858044e-01   1.2000000e+02   1.3899876e-01
  1.0000295987018e+01   8.0733954e+00   1.7802491e-02   2.8427198e+01  -7.7013336e-02  -3.3433178e-04  -5.3281149e-01   1.2000000e+02   1.3906706e-01
  1.0005031779306e+01   8.0734797e+00   1.7774943e-02   2.8433062e+01  -7.7014908e-02  -3.2987333e-04  -5.2611957e-01   1.2000000e+02   1.3912898e-01
  1.0009767571594e+01   8.0735638e+00   1.7743399e-02   2.8439253e+01  -7.7016457e-02  -3.2513454e-04  -5.1920157e-01   1.2000000e+02   1.3919707e-01
  1.0014503363883e+01   8.0736477e+00   1.7709121e-02   2.8445249e+01  -7.7017984e-02  -3.2021397e-04  -5.1217458e-01   1.2000000e+02   1.3926501e-01
  1.0019239156171e+01   8.0737315e+00   1.7673633e-02   2.8451143e+01  -7.7019487e-02  -3.1520053e-04  -5.0518804e-01   1.2000000e+02   1.3933282e-01
  1.0023974948459e+01   8.0738151e+00   1.7638453e-02   2.8457029e+01  -7.7020967e-02  -3.1016903e-04  -4.9839466e-01   1.2000000e+02   1.3940049e-01
  1.0028710740747e+01   8.0738985e+00   1.7604880e-02   2.8462986e+01  -7.7022422e-02  -3.0522405e-04  -4.9193356e-01   1.2000000e+02   1.3946802e-01
  1.0033446533035e+01   8.0739818e+00   1.7573893e-02   2.8469074e+01  -7.7023855e-02  -3.0048480e-04  -4.8591672e-01   1.2000000e+02   1.3953541e-01
  1.0038182325323e+01   8.0740650e+00   1.7546162e-02   2.8475338e+01  -7.7025266e-02  -2.9609283e-04  -4.8042005e-01   1.2000000e+02   1.3960269e-01
  1.0042918117611e+01   8.0741480e+00   1.7522116e-02   2.8481812e+01  -7.7026658e-02  -2.9216222e-04  -4.7547727e-01   1.2000000e+02   1.3966985e-01
  1.0047653909900e+01   8.0742309e+00   1.7502031e-02   2.8488525e+01  -7.7028032e-02  -2.8873119e-04  -4.7107503e-01   1.2000000e+02   1.3973692e-01
  1.0052389702188e+01   8.0743138e+00   1.7486070e-02   2.8495504e+01  -7.7029391e-02  -2.8575410e-04  -4.6715023e-01   1.2000000e+02   1.3980391e-01
  1.0057125494476e+01   8.0743965e+00   1.7474303e-02   2.8502769e+01  -7.7030737e-02  -2.8311932e-04  -4.6359191e-01   1.2000000e+02   1.3987083e-01
  1.0061861286764e+01   8.0744793e+00   1.7466695e-02   2.8510323e+01  -7.7032072e-02  -2.8070454e-04  -4.6025134e-01   1.2000000e+02   1.3993770e-01
  1.0066597079052e+01   8.0745620e+00   1.7463065e-02   2.8518150e+01  -7.7033395e-02  -2.7843051e-04  -4.5696179e-01   1.2000000e+02   1.4000454e-01
  1.0071332871340e+01   8.0746447e+00   1.7463027e-02   2.8526217e+01  -7.7034708e-02  -2.7626944e-04  -4.5356470e-01   1.2000000e+02   1.4007136e-01
  1.0076068663629e+01   8.0747274e+00   1.7465923e-02   2.8534471e+01  -7.7036011e-02  -2.7421021e-04  -4.4993538e-01   1.2000000e+02   1.4013817e-01
  1.0080804455917e+01   8.0748101e+00   1.7470764e-02   2.8542846e+01  -7.7037304e-02  -2.7220789e-04  -4.4600025e-01   1.2000000e+02   1.4020498e-01
  1.0085540248205e+01   8.0748929e+00   1.7476240e-02   2.8551264e+01  -7.7038588e-02  -2.7015546e-04  -4.4174081e-01   1.2000000e+02   1.4027179e-01
  1.0090276040493e+01   8.0749756e+00   1.7480823e-02   2.8559640e+01  -7.7039861e-02  -2.6790268e-04  -4.3718466e-01   1.2000000e+02   1.4033860e-01
  1.0095011832781e+01   8.0750584e+00   1.7482983e-02   2.8567880e+01  -7.7041123e-02  -2.6531642e-04  -4.3238966e-01   1.2000000e+02   1.4040542e-01
  1.0099747625069e+01   8.0751412e+00   1.7481451e-02   2.8575894e+01  -7.7042372e-02  -2.6234832e-04  -4.2742889e-01   1.2000000e+02   1.4047222e-01
  1.0104483417357e+01   8.0752240e+00   1.7475480e-02   2.8583613e+01  -7.7043606e-02  -2.5906627e-04  -4.2238209e-01   1.2000000e+02   1.4053899e-01
  1.0109219209646e+01   8.0753067e+00   1.7465010e-02   2.8591002e+01  -7.7044823e-02  -2.5562864e-04  -4.1733372e-01   1.2000000e+02   1.4060573e-01
  1.0113955001934e+01   8.0753894e+00   1.7450671e-02   2.8598079e+01  -7.7046025e-02  -2.5221719e-04  -4.1237358e-01   1.2000000e+02   1.4067240e-01
  1.0118690794222e+01   8.0754720e+00   1.7433650e-02   2.8604911e+01  -7.7047210e-02  -2.4896897e-04  -4.0759414e-01   1.2000000e+02   1.4073900e-01
  1.0123426586510e+01   8.0755545e+00   1.7415457e-02   2.8611605e+01  -7.7048381e-02  -2.4594393e-04  -4.0308145e-01   1.2000000e+02   1.4080552e-01
  1.0128162378798e+01   8.0756370e+00   1.7397648e-02   2.8618287e+01  -7.7049539e-02  -2.4313998e-04  -3.9890113e-01   1.2000000e+02   1.4087195e-01
  1.0132898171087e+01   8.0757193e+00   1.7381583e-02   2.8625070e+01  -7.7050683e-02  -2.4053548e-04  -3.9508531e-01   1.2000000e+02   1.4093830e-01
  1.0137633963375e+01   8.0758016e+00   1.7368194e-02   2.8632034e+01  -7.7051816e-02  -2.3812304e-04  -3.9162642e-01   1.2000000e+02   1.4100458e-01
  1.0142369755663e+01   8.0758838e+00   1.7357808e-02   2.8639212e+01  -7.7052937e-02  -2.3590983e-04  -3.8848035e-01   1.2000000e+02   1.4107079e-01
  1.0147105547951e+01   8.0759660e+00   1.7349973e-02   2.8646577e+01  -7.7054049e-02  -2.3388765e-04  -3.8557668e-01   1.2000000e+02   1.4113695e-01
  1.0151841340239e+01   8.0760481e+00   1.7343350e-02   2.8654043e+01  -7.7055152e-02  -2.3199878e-04  -3.8283029e-01   1.2000000e+02   1.4120307e-01
  1.0156577132527e+01   8.0761303e+00   1.7335684e-02   2.8661463e+01  -7.7056245e-02  -2.3012736e-04  -3.8014977e-01   1.2000000e+02   1.4126915e-01
  1.0161312924815e+01   8.0762123e+00   1.7323924e-02   2.8668635e+01  -7.7057330e-02  -2.2812827e-04  -3.7744171e-01   1.2000000e+02   1.4133518e-01
  1.0166048717104e+01   8.0762943e+00   1.7304518e-02   2.8675311e+01  -7.7058405e-02  -2.2587996e-04  -3.7461447e-01   1.2000000e+02   1.4140115e-01
  1.0170784509392e+01   8.0763762e+00   1.7273877e-02   2.8681228e+01  -7.7059468e-02  -2.2332915e-04  -3.7158630e-01   1.2000000e+02   1.4146701e-01
  1.0175520301680e+01   8.0764579e+00   1.7228928e-02   2.8686142e+01  -7.7060518e-02  -2.2049882e-04  -3.6829950e-01   1.2000000e+02   1.4153273e-01
  1.0180256093968e+01   8.0765393e+00   1.7167646e-02   2.8689873e+01  -7.7061554e-02  -2.1745536e-04  -3.6473713e-01   1.2000000e+02   1.4159825e-01
  1.0184991886256e+01   8.0766204e+00   1.7089420e-02   2.8692344e+01  -7.7062575e-02  -2.1425720e-04  -3.6093412e-01   1.2000000e+02   1.4166350e-01
  1.0189727678544e+01   8.0767011e+00   1.6995161e-02   2.8693589e+01  -7.7063581e-02  -2.1091917e-04  -3.5697439e-01   1.2000000e+02   1.4172843e-01
  1.0194463470833e+01   8.0767813e+00   1.6887097e-02   2.8693749e+01  -7.7064571e-02  -2.0741301e-04  -3.5297108e-01   1.2000000e+02   1.4179297e-01
  1.0199199263121e+01   8.0768610e+00   1.6768289e-02   2.8693030e+01  -7.7065543e-02  -2.0370352e-04  -3.4903413e-01   1.2000000e+02   1.4185709e-01
  1.0203935055409e+01   8.0769400e+00   1.6642041e-02   2.8691658e+01  -7.7066498e-02  -1.9979613e-04  -3.4523705e-01   1.2000000e+02   1.4192074e-01
  1.0208670847697e+01   8.0770185e+00   1.6511297e-02   2.8689834e+01  -7.7067433e-02  -1.9576747e-04  -3.4159583e-01   1.2000000e+02   1.4198392e-01
  1.0213406639985e+01   8.0770964e+00   1.6378257e-02   2.8687705e+01  -7.7068349e-02  -1.9176141e-04  -3.3806907e-01   1.2000000e+02   1.4204660e-01
  1.0218142432273e+01   8.0771736e+00   1.6244260e-02   2.8685359e+01  -7.7069247e-02  -1.8794934e-04  -3.3457989e-01   1.2000000e+02   1.4210879e-01
  1.0222878224561e+01   8.0772501e+00   1.6109942e-02   2.8682842e+01  -7.7070128e-02  -1.8447308e-04  -3.3105135e-01   1.2000000e+02   1.4217047e-01
  1.0227614016850e+01   8.0773261e+00   1.5975549e-02   2.8680178e+01  -7.7070993e-02  -1.8139461e-04  -3.2744180e-01   1.2000000e+02   1.4223165e-01
  1.0232349809138e+01   8.0774014e+00   1.5841313e-02   2.8677392e+01  -7.7071845e-02  -1.7867175e-04  -3.2376727e-01   1.2000000e+02   1.4229233e-01
  1.0237085601426e+01   8.0774760e+00   1.5707668e-02   2.8674520e+01  -7.7072684e-02  -1.7616971e-04  -3.2010291e-01   1.2000000e+02   1.4235251e-01
  1.0241821393714e+01   8.0775501e+00   1.5575262e-02   2.8671605e+01  -7.7073512e-02  -1.7370627e-04  -3.1656371e-01   1.2000000e+02   1.4241220e-01
  1.0246557186002e+01   8.0776235e+00   1.5444779e-02   2.8668689e+01  -7.7074328e-02  -1.7111522e-04  -3.1327184e-01   1.2000000e+02   1.4247139e-01
  1.0251292978290e+01   8.0776963e+00   1.5316666e-02   2.8665792e+01  -7.7075131e-02  -1.6830722e-04  -3.1032164e-01   1.2000000e+02   1.4253011e-01
  1.0256028770579e+01   8.0777685e+00   1.5190915e-02   2.8662908e+01  -7.7075920e-02  -1.6530447e-04  -3.0775334e-01   1.2000000e+02   1.4258835e-01
  1.0260764562867e+01   8.0778401e+00   1.5067048e-02   2.8660007e+01  -7.7076695e-02  -1.6223202e-04  -3.0554271e-01   1.2000000e+02   1.4264612e-01
  1.0265500355155e+01   8.0779111e+00   1.4944320e-02   2.8657044e+01  -7.7077455e-02  -1.5926375e-04  -3.0360859e-01   1.2000000e+02   1.4270343e-01
  1.0270236147443e+01   8.0779816e+00   1.4822082e-02   2.8653985e+01  -7.7078202e-02  -1.5654213e-04  -3.0183448e-01   1.2000000e+02   1.4276029e-01
  1.0274971939731e+01   8.0780514e+00   1.4700146e-02   2.8650827e+01  -7.7078937e-02  -1.5410646e-04  -3.0009674e-01   1.2000000e+02   1.4281668e-01
  1.0279707732019e+01   8.0781207e+00   1.4578985e-02   2.8647611e+01  -7.7079661e-02  -1.5186557e-04  -2.9829033e-01   1.2000000e+02   1.4287262e-01
  1.0284443524308e+01   8.0781895e+00   1.4459672e-02   2.8644422e+01  -7.7080374e-02  -1.4963234e-04  -2.9634457e-01   1.2000000e+02   1.4292811e-01
  1.0289179316596e+01   8.0782576e+00   1.4343557e-02   2.8641369e+01  -7.7081076e-02  -1.4720797e-04  -2.9422517e-01   1.2000000e+02   1.4298316e-01
  1.0293915108884e+01   8.0783252e+00   1.4231812e-02   2.8638553e+01  -7.7081766e-02  -1.4447832e-04  -2.9192358e-01   1.2000000e+02   1.4303778e-01
  1.0298650901172e+01   8.0783924e+00   1.4125013e-02   2.8636035e+01  -7.7082442e-02  -1.4147511e-04  -2.8943945e-01   1.2000000e+02   1.4309199e-01
  1.0303386693460e+01   8.0784590e+00   1.4022907e-02   2.8633814e+01  -7.7083104e-02  -1.3837040e-04  -2.8676390e-01   1.2000000e+02   1.4314582e-01
  1.0308122485748e+01   8.0785251e+00   1.3924459e-02   2.8631823e+01  -7.7083751e-02  -1.3540620e-04  -2.8387081e-01   1.2000000e+02   1.4319926e-01
  1.0312858278037e+01   8.0785908e+00   1.3828149e-02   2.8629940e+01  -7.7084386e-02  -1.3279027e-04  -2.8071950e-01   1.2000000e+02   1.4325235e-01
  1.0317594070325e+01   8.0786560e+00   1.3732421e-02   2.8628029e+01  -7.7085008e-02  -1.3060492e-04  -2.7726733e-01   1.2000000e+02   1.4330508e-01
  1.0322329862613e+01   8.0787208e+00   1.3636108e-02   2.8625974e+01  -7.7085622e-02  -1.2877004e-04  -2.7348649e-01   1.2000000e+02   1.4335745e-01
  1.0327065654901e+01   8.0787851e+00   1.3538747e-02   2.8623712e+01  -7.7086227e-02  -1.2707326e-04  -2.6937797e-01   1.2000000e+02   1.4340946e-01
  1.0331801447189e+01   8.0788490e+00   1.3440682e-02   2.8621253e+01  -7.7086824e-02  -1.2525084e-04  -2.6497716e-01   1.2000000e+02   1.4346110e-01
  1.0336537239477e+01   8.0789124e+00   1.3342953e-02   2.8618678e+01  -7.7087412e-02  -1.2308347e-04  -2.6034945e-01   1.2000000e+02   1.4351238e-01
  1.0341273031765e+01   8.0789753e+00   1.3247021e-02   2.8616114e+01  -7.7087988e-02  -1.2046822e-04  -2.5557825e-01   1.2000000e+02   1.4356329e-01
  1.0346008824054e+01   8.0790378e+00   1.3154422e-02   2.8613712e+01  -7.7088551e-02  -1.1744245e-04  -2.5075047e-01   1.2000000e+02   1.4361385e-01
  1.0350744616342e+01   8.0790999e+00   1.3066428e-02   2.8611608e+01  -7.7089098e-02  -1.1415716e-04  -2.4594435e-01   1.2000000e+02   1.4366406e-01
  1.0355480408630e+01   8.0791615e+00   1.2983770e-02   2.8609894e+01  -7.7089630e-02  -1.1081654e-04  -2.4122273e-01   1.2000000e+02   1.4371395e-01
  1.0360216200918e+01   8.0792228e+00   1.2906477e-02   2.8608601e+01  -7.7090146e-02  -1.0760952e-04  -2.3663215e-01   1.2000000e+02   1.4376353e-01
  1.0364951993206e+01   8.0792837e+00   1.2833835e-02   2.8607690e+01  -7.7090648e-02  -1.0465758e-04  -2.3220559e-01   1.2000000e+02   1.4381283e-01
  1.0369687785494e+01   8.0793443e+00   1.2764478e-02   2.8607056e+01  -7.7091136e-02  -1.0199308e-04  -2.2796622e-01   1.2000000e+02   1.4386186e-01
  1.0374423577783e+01   8.0794046e+00   1.2696598e-02   2.8606542e+01  -7.7091612e-02  -9.9570103e-05  -2.2392992e-01   1.2000000e+02   1.4391063e-01
  1.0379159370071e+01   8.0794645e+00   1.2628239e-02   2.8605964e+01  -7.7092078e-02  -9.7299342e-05  -2.2010559e-01   1.2000000e+02   1.4395914e-01
  1.0383895162359e+01   8.0795242e+00   1.2557640e-02   2.8605144e+01  -7.7092533e-02  -9.5091388e-05  -2.1649377e-01   1.2000000e+02   1.4400739e-01
  1.0388630954647e+01   8.0795834e+00   1.2483544e-02   2.8603936e+01  -7.7092977e-02  -9.2892147e-05  -2.1308458e-01   1.2000000e+02   1.4405538e-01
  1.0393366746935e+01   8.0796423e+00   1.2405410e-02   2.8602251e+01  -7.7093411e-02  -9.0697538e-05  -2.0985636e-01   1.2000000e+02   1.4410308e-01
  1.0398102539223e+01   8.0797009e+00   1.2323487e-02   2.8600080e+01  -7.7093835e-02  -8.8542978e-05  -2.0677600e-01   1.2000000e+02   1.4415049e-01
  1.0402838331512e+01   8.0797590e+00   1.2238738e-02   2.8597489e+01  -7.7094249e-02  -8.6474174e-05  -2.0380113e-01   1.2000000e+02   1.4419758e-01
  1.0407574123800e+01   8.0798167e+00   1.2152639e-02   2.8594612e+01  -7.7094653e-02  -8.4514737e-05  -2.0088433e-01   1.2000000e+02   1.4424436e-01
  1.0412309916088e+01   8.0798741e+00   1.2066936e-02   2.8591633e+01  -7.7095048e-02  -8.2648359e-05  -1.9797871e-01   1.2000000e+02   1.4429080e-01
  1.0417045708376e+01   8.0799310e+00   1.1983392e-02   2.8588752e+01  -7.7095435e-02  -8.0827412e-05  -1.9504406e-01   1.2000000e+02   1.4433693e-01
  1.0421781500664e+01   8.0799875e+00   1.1903603e-02   2.8586160e+01  -7.7095813e-02  -7.9005622e-05  -1.9205289e-01   1.2000000e+02   1.4438275e-01
  1.0426517292952e+01   8.0800437e+00   1.1828862e-02   2.8584017e+01  -7.7096182e-02  -7.7178577e-05  -1.8899546e-01   1.2000000e+02   1.4442827e-01
  1.0431253085241e+01   8.0800995e+00   1.1760091e-02   2.8582433e+01  -7.7096543e-02  -7.5407888e-05  -1.8588336e-01   1.2000000e+02   1.4447352e-01
  1.0435988877529e+01   8.0801551e+00   1.1697805e-02   2.8581465e+01  -7.7096896e-02  -7.3810120e-05  -1.8275112e-01   1.2000000e+02   1.4451853e-01
  1.0440724669817e+01   8.0802103e+00   1.1642105e-02   2.8581123e+01  -7.7097242e-02  -7.2508958e-05  -1.7965529e-01   1.2000000e+02   1.4456331e-01
  1.0445460462105e+01   8.0802653e+00   1.1592705e-02   2.8581377e+01  -7.7097582e-02  -7.1569594e-05  -1.7667051e-01   1.2000000e+02   1.4460789e-01
  1.0450196254393e+01   8.0803201e+00   1.1548999e-02   2.8582172e+01  -7.7097920e-02  -7.0947830e-05  -1.7388209e-01   1.2000000e+02   1.4465230e-01
  1.0454932046681e+01   8.0803747e+00   1.1510185e-02   2.8583446e+01  -7.7098254e-02  -7.0484102e-05  -1.7137524e-01   1.2000000e+02   1.4469655e-01
  1.0459667838969e+01   8.0804291e+00   1.1475405e-02   2.8585132e+01  -7.7098587e-02  -6.9953646e-05  -1.6922215e-01   1.2000000e+02   1.4474066e-01
  1.0464403631258e+01   8.0804834e+00   1.1443905e-02   2.8587172e+01  -7.7098916e-02  -6.9156486e-05  -1.6746919e-01   1.2000000e+02   1.4478464e-01
  1.0469139423546e+01   8.0805375e+00   1.1415145e-02   2.8589517e+01  -7.7099241e-02  -6.8008816e-05  -1.6612741e-01   1.2000000e+02   1.4482851e-01
  1.0473875215834e+01   8.0805915e+00   1.1388824e-02   2.8592127e+01  -7.7099559e-02  -6.6592805e-05  -1.6516909e-01   1.2000000e+02   1.4487227e-01
  1.0478611008122e+01   8.0806453e+00   1.1364833e-02   2.8594969e+01  -7.7099870e-02  -6.5137355e-05  -1.6453163e-01   1.2000000e+02   1.4491594e-01
  1.0483346800410e+01   8.0806991e+00   1.1343136e-02   2.8598016e+01  -7.7100176e-02  -6.3933212e-05  -1.6412796e-01   1.2000000e+02   1.4495953e-01
  1.0488082592698e+01   8.0807528e+00   1.1323613e-02   2.8601239e+01  -7.7100476e-02  -6.3216573e-05  -1.6386055e-01   1.2000000e+02   1.4500304e-01
  1.0492818384986e+01   8.0808063e+00   1.1305941e-02   2.8604600e+01  -7.7100775e-02  -6.3070921e-05  -1.6363489e-01   1.2000000e+02   1.4504647e-01
  1.0497554177275e+01   8.0808598e+00   1.1289509e-02   2.8608049e+01  -7.7101074e-02  -6.3389353e-05  -1.6336898e-01   1.2000000e+02   1.4508984e-01
  1.0502289969563e+01   8.0809133e+00   1.1273413e-02   2.8611511e+01  -7.7101376e-02  -6.3913685e-05  -1.6299716e-01   1.2000000e+02   1.4513314e-01
  1.0507025761851e+01   8.0809666e+00   1.1256508e-02   2.8614886e+01  -7.7101680e-02  -6.4332510e-05  -1.6246906e-01   1.2000000e+02   1.4517638e-01
  1.0511761554139e+01   8.0810199e+00   1.1237514e-02   2.8618048e+01  -7.7101985e-02  -6.4395128e-05  -1.6174635e-01   1.2000000e+02   1.4521954e-01
  1.0516497346427e+01   8.0810730e+00   1.1215138e-02   2.8620856e+01  -7.7102289e-02  -6.3993448e-05  -1.6080060e-01   1.2000000e+02   1.4526262e-01
  1.0521233138716e+01   8.0811261e+00   1.1188219e-02   2.8623170e+01  -7.7102590e-02  -6.3180221e-05  -1.5961449e-01   1.2000000e+02   1.4530561e-01
  1.0525968931004e+01   8.0811790e+00   1.1155875e-02   2.8624873e+01  -7.7102886e-02  -6.2121811e-05  -1.5818676e-01   1.2000000e+02   1.4534848e-01
  1.0530704723292e+01   8.0812317e+00   1.1117636e-02   2.8625890e+01  -7.7103178e-02  -6.1011749e-05  -1.5653898e-01   1.2000000e+02   1.4539122e-01
  1.0535440515580e+01   8.0812842e+00   1.1073543e-02   2.8626210e+01  -7.7103464e-02  -5.9987281e-05  -1.5472125e-01   1.2000000e+02   1.4543380e-01
  1.0540176307868e+01   8.0813365e+00   1.1024191e-02   2.8625886e+01  -7.7103745e-02  -5.9085427e-05  -1.5281355e-01   1.2000000e+02   1.4547620e-01
  1.0544912100156e+01   8.0813886e+00   1.0970684e-02   2.8625035e+01  -7.7104023e-02  -5.8253606e-05  -1.5092114e-01   1.2000000e+02   1.4551840e-01
  1.0549647892444e+01   8.0814404e+00   1.0914486e-02   2.8623818e+01  -7.7104297e-02  -5.7403910e-05  -1.4916377e-01   1.2000000e+02   1.4556040e-01
  1.0554383684733e+01   8.0814920e+00   1.0857207e-02   2.8622414e+01  -7.7104566e-02  -5.6479945e-05  -1.4766032e-01   1.2000000e+02   1.4560217e-01
  1.0559119477021e+01   8.0815432e+00   1.0800337e-02   2.8620993e+01  -7.7104831e-02  -5.5501412e-05  -1.4651173e-01   1.2000000e+02   1.4564373e-01
  1.0563855269309e+01   8.0815942e+00   1.0744995e-02   2.8619684e+01  -7.7105091e-02  -5.4565402e-05  -1.4578530e-01   1.2000000e+02   1.4568507e-01
  1.0568591061597e+01   8.0816450e+00   1.0691734e-02   2.8618562e+01  -7.7105348e-02  -5.3803577e-05  -1.4550283e-01   1.2000000e+02   1.4572620e-01
  1.0573326853885e+01   8.0816955e+00   1.0640452e-02   2.8617625e+01  -7.7105601e-02  -5.3319311e-05  -1.4563496e-01   1.2000000e+02   1.4576713e-01
  1.0578062646173e+01   8.0817457e+00   1.0590415e-02   2.8616802e+01  -7.7105853e-02  -5.3135027e-05  -1.4610258e-01   1.2000000e+02   1.4580787e-01
  1.0582798438462e+01   8.0817957e+00   1.0540374e-02   2.8615963e+01  -7.7106105e-02  -5.3176066e-05  -1.4678551e-01   1.2000000e+02   1.4584842e-01
  1.0587534230750e+01   8.0818455e+00   1.0488768e-02   2.8614932e+01  -7.7106357e-02  -5.3299897e-05  -1.4753778e-01   1.2000000e+02   1.4588878e-01
  1.0592270023038e+01   8.0818950e+00   1.0433986e-02   2.8613521e+01  -7.7106609e-02  -5.3354598e-05  -1.4820730e-01   1.2000000e+02   1.4592894e-01
  1.0597005815326e+01   8.0819443e+00   1.0374618e-02   2.8611553e+01  -7.7106862e-02  -5.3239339e-05  -1.4865719e-01   1.2000000e+02   1.4596889e-01
  1.0601741607614e+01   8.0819933e+00   1.0309683e-02   2.8608892e+01  -7.7107113e-02  -5.2938243e-05  -1.4878516e-01   1.2000000e+02   1.4600860e-01
  1.0606477399902e+01   8.0820419e+00   1.0238772e-02   2.8605461e+01  -7.7107363e-02  -5.2513052e-05  -1.4853768e-01   1.2000000e+02   1.4604807e-01
  1.0611213192190e+01   8.0820902e+00   1.0162098e-02   2.8601255e+01  -7.7107610e-02  -5.2061066e-05  -1.4791639e-01   1.2000000e+02   1.4608726e-01
  1.0615948984479e+01   8.0821381e+00   1.0080443e-02   2.8596337e+01  -7.7107856e-02  -5.1660352e-05  -1.4697611e-01   1.2000000e+02   1.4612616e-01
  1.0620684776767e+01   8.0821856e+00   9.9950128e-03   2.8590830e+01  -7.7108099e-02  -5.1329213e-05  -1.4581516e-01   1.2000000e+02   1.4616475e-01
  1.0625420569055e+01   8.0822327e+00   9.9072400e-03   2.8584889e+01  -7.7108342e-02  -5.1018565e-05  -1.4456051e-01   1.2000000e+02   1.4620302e-01
  1.0630156361343e+01   8.0822794e+00   9.8185606e-03   2.8578681e+01  -7.7108582e-02  -5.0638780e-05  -1.4335096e-01   1.2000000e+02   1.4624096e-01
  1.0634892153631e+01   8.0823257e+00   9.7302124e-03   2.8572354e+01  -7.7108821e-02  -5.0106094e-05  -1.4232150e-01   1.2000000e+02   1.4627857e-01
  1.0639627945919e+01   8.0823715e+00   9.6430818e-03   2.8566023e+01  -7.7109056e-02  -4.9386669e-05  -1.4159134e-01   1.2000000e+02   1.4631585e-01
  1.0644363738208e+01   8.0824169e+00   9.5576272e-03   2.8559753e+01  -7.7109288e-02  -4.8519186e-05  -1.4125700e-01   1.2000000e+02   1.4635281e-01
  1.0649099530496e+01   8.0824620e+00   9.4738758e-03   2.8553558e+01  -7.7109515e-02  -4.7608488e-05  -1.4139051e-01   1.2000000e+02   1.4638945e-01
  1.0653835322784e+01   8.0825066e+00   9.3914917e-03   2.8547407e+01  -7.7109738e-02  -4.6796029e-05  -1.4204158e-01   1.2000000e+02   1.4642578e-01
  1.0658571115072e+01   8.0825509e+00   9.3098957e-03   2.8541237e+01  -7.7109958e-02  -4.6220895e-05  -1.4324183e-01   1.2000000e+02   1.4646180e-01
  1.0663306907360e+01   8.0825948e+00   9.2284107e-03   2.8534967e+01  -7.7110177e-02  -4.5985838e-05  -1.4500863e-01   1.2000000e+02   1.4649752e-01
  1.0668042699648e+01   8.0826382e+00   9.1464221e-03   2.8528520e+01  -7.7110395e-02  -4.6137660e-05  -1.4734673e-01   1.2000000e+02   1.4653293e-01
  1.0672778491937e+01   8.0826813e+00   9.0634981e-03   2.8521836e+01  -7.7110614e-02  -4.6664654e-05  -1.5024638e-01   1.2000000e+02   1.4656804e-01
  1.0677514284225e+01   8.0827240e+00   8.9794925e-03   2.8514885e+01  -7.7110837e-02  -4.7507351e-05  -1.5367835e-01   1.2000000e+02   1.4660284e-01
  1.0682250076513e+01   8.0827663e+00   8.8945932e-03   2.8507677e+01  -7.7111065e-02  -4.8576040e-05  -1.5758725e-01   1.2000000e+02   1.4663732e-01
  1.0686985868801e+01   8.0828082e+00   8.8093151e-03   2.8500264e+01  -7.7111298e-02  -4.9769945e-05  -1.6188563e-01   1.2000000e+02   1.4667149e-01
  1.0691721661089e+01   8.0828497e+00   8.7244392e-03   2.8492736e+01  -7.7111537e-02  -5.0992768e-05  -1.6645174e-01   1.2000000e+02   1.4670534e-01
  1.0696457453377e+01   8.0828908e+00   8.6409086e-03   2.8485209e+01  -7.7111782e-02  -5.2163178e-05  -1.7113280e-01   1.2000000e+02   1.4673887e-01
  1.0701193245666e+01   8.0829315e+00   8.5596875e-03   2.8477815e+01  -7.7112032e-02  -5.3219951e-05  -1.7575490e-01   1.2000000e+02   1.4677210e-01
  1.0705929037954e+01   8.0829719e+00   8.4816324e-03   2.8470684e+01  -7.7112286e-02  -5.4121720e-05  -1.8013882e-01   1.2000000e+02   1.4680503e-01
  1.0710664830242e+01   8.0830118e+00   8.4073760e-03   2.8463923e+01  -7.7112545e-02  -5.4843897e-05  -1.8411985e-01   1.2000000e+02   1.4683767e-01
  1.0715400622530e+01   8.0830515e+00   8.3372593e-03   2.8457613e+01  -7.7112806e-02  -5.5375927e-05  -1.8756854e-01   1.2000000e+02   1.4687004e-01
  1.0720136414818e+01   8.0830908e+00   8.2713273e-03   2.8451794e+01  -7.7113069e-02  -5.5719861e-05  -1.9040873e-01   1.2000000e+02   1.4690215e-01
  1.0724872207106e+01   8.0831298e+00   8.2093844e-03   2.8446470e+01  -7.7113334e-02  -5.5890363e-05  -1.9262952e-01   1.2000000e+02   1.4693402e-01
  1.0729607999394e+01   8.0831685e+00   8.1510858e-03   2.8441615e+01  -7.7113598e-02  -5.5914794e-05  -1.9428848e-01   1.2000000e+02   1.4696566e-01
  1.0734343791683e+01   8.0832069e+00   8.0960583e-03   2.8437191e+01  -7.7113863e-02  -5.5831279e-05  -1.9550500e-01   1.2000000e+02   1.4699709e-01
  1.0739079583971e+01   8.0832451e+00   8.0440067e-03   2.8433158e+01  -7.7114127e-02  -5.5684351e-05  -1.9644477e-01   1.2000000e+02   1.4702831e-01
  1.0743815376259e+01   8.0832831e+00   7.9947991e-03   2.8429494e+01  -7.7114390e-02  -5.5519948e-05  -1.9729803e-01   1.2000000e+02   1.4705935e-01
  1.0748551168547e+01   8.0833208e+00   7.9485185e-03   2.8426207e+01  -7.7114653e-02  -5.5381884e-05  -1.9825577e-01   1.2000000e+02   1.4709020e-01
  1.0753286960835e+01   8.0833584e+00   7.9054740e-03   2.8423338e+01  -7.7114915e-02  -5.5311875e-05  -1.9948835e-01   1.2000000e+02   1.4712088e-01
  1.0758022753123e+01   8.0833957e+00   7.8661793e-03   2.8420966e+01  -7.7115177e-02  -5.5352169e-05  -2.0112997e-01   1.2000000e+02   1.4715141e-01
  1.0762758545412e+01   8.0834329e+00   7.8312789e-03   2.8419195e+01  -7.7115439e-02  -5.5547597e-05  -2.0327102e-01   1.2000000e+02   1.4718180e-01
  1.0767494337700e+01   8.0834699e+00   7.8014513e-03   2.8418140e+01  -7.7115704e-02  -5.5944094e-05  -2.0595804e-01   1.2000000e+02   1.4721206e-01
  1.0772230129988e+01   8.0835067e+00   7.7772938e-03   2.8417907e+01  -7.7115970e-02  -5.6581463e-05  -2.0919969e-01   1.2000000e+02   1.4724222e-01
  1.0776965922276e+01   8.0835435e+00   7.7591761e-03   2.8418571e+01  -7.7116240e-02  -5.7483275e-05  -2.1297647e-01   1.2000000e+02   1.4727229e-01
  1.0781701714564e+01   8.0835802e+00   7.7471166e-03   2.8420150e+01  -7.7116516e-02  -5.8648828e-05  -2.1725149e-01   1.2000000e+02   1.4730231e-01
  1.0786437506852e+01   8.0836169e+00   7.7406929e-03   2.8422599e+01  -7.7116797e-02  -6.0051616e-05  -2.2198043e-01   1.2000000e+02   1.4733228e-01
  1.0791173299140e+01   8.0836536e+00   7.7390084e-03   2.8425796e+01  -7.7117086e-02  -6.1645954e-05  -2.2711936e-01   1.2000000e+02   1.4736223e-01
  1.0795909091429e+01   8.0836902e+00   7.7407243e-03   2.8429551e+01  -7.7117382e-02  -6.3378897e-05  -2.3262917e-01   1.2000000e+02   1.4739218e-01
  1.0800644883717e+01   8.0837269e+00   7.7441572e-03   2.8433613e+01  -7.7117687e-02  -6.5201922e-05  -2.3847649e-01   1.2000000e+02   1.4742214e-01
  1.0805380676005e+01   8.0837636e+00   7.7474238e-03   2.8437695e+01  -7.7118001e-02  -6.7077165e-05  -2.4463096e-01   1.2000000e+02   1.4745211e-01
  1.0810116468293e+01   8.0838003e+00   7.7486116e-03   2.8441497e+01  -7.7118324e-02  -6.8976095e-05  -2.5105992e-01   1.2000000e+02   1.4748208e-01
  1.0814852260581e+01   8.0838369e+00   7.7459502e-03   2.8444734e+01  -7.7118655e-02  -7.0872577e-05  -2.5772199e-01   1.2000000e+02   1.4751205e-01
  1.0819588052870e+01   8.0838736e+00   7.7379623e-03   2.8447160e+01  -7.7118996e-02  -7.2735062e-05  -2.6456184e-01   1.2000000e+02   1.4754200e-01
  1.0824323845158e+01   8.0839102e+00   7.7235799e-03   2.8448588e+01  -7.7119345e-02  -7.4522686e-05  -2.7150826e-01   1.2000000e+02   1.4757191e-01
  1.0829059637446e+01   8.0839467e+00   7.7022180e-03   2.8448907e+01  -7.7119703e-02  -7.6188124e-05  -2.7847653e-01   1.2000000e+02   1.4760176e-01
  1.0833795429734e+01   8.0839831e+00   7.6738003e-03   2.8448086e+01  -7.7120067e-02  -7.7685950e-05  -2.8537541e-01   1.2000000e+02   1.4763151e-01
  1.0838531222022e+01   8.0840194e+00   7.6387359e-03   2.8446173e+01  -7.7120439e-02  -7.8983312e-05  -2.9211707e-01   1.2000000e+02   1.4766114e-01
  1.0843267014310e+01   8.0840555e+00   7.5978488e-03   2.8443284e+01  -7.7120816e-02  -8.0068749e-05  -2.9862759e-01   1.2000000e+02   1.4769063e-01
  1.0848002806598e+01   8.0840913e+00   7.5522668e-03   2.8439586e+01  -7.7121197e-02  -8.0955546e-05  -3.0485543e-01   1.2000000e+02   1.4771996e-01
  1.0852738598887e+01   8.0841270e+00   7.5032849e-03   2.8435275e+01  -7.7121583e-02  -8.1679003e-05  -3.1077588e-01   1.2000000e+02   1.4774912e-01
  1.0857474391175e+01   8.0841624e+00   7.4522231e-03   2.8430554e+01  -7.7121971e-02  -8.2289232e-05  -3.1639065e-01   1.2000000e+02   1.4777808e-01
  1.0862210183463e+01   8.0841975e+00   7.4002956e-03   2.8425614e+01  -7.7122363e-02  -8.2842406e-05  -3.2172323e-01   1.2000000e+02   1.4780685e-01
  1.0866945975751e+01   8.0842324e+00   7.3485327e-03   2.8420617e+01  -7.7122756e-02  -8.3393294e-05  -3.2681177e-01   1.2000000e+02   1.4783543e-01
  1.0871681768039e+01   8.0842671e+00   7.2977157e-03   2.8415687e+01  -7.7123153e-02  -8.3990084e-05  -3.3170128e-01   1.2000000e+02   1.4786382e-01
  1.0876417560327e+01   8.0843015e+00   7.2483618e-03   2.8410910e+01  -7.7123552e-02  -8.4669490e-05  -3.3643702e-01   1.2000000e+02   1.4789202e-01
  1.0881153352616e+01   8.0843357e+00   7.2007470e-03   2.8406331e+01  -7.7123955e-02  -8.5452454e-05  -3.4105987e-01   1.2000000e+02   1.4792004e-01
  1.0885889144904e+01   8.0843697e+00   7.1549331e-03   2.8401960e+01  -7.7124362e-02  -8.6339815e-05  -3.4560397e-01   1.2000000e+02   1.4794788e-01
  1.0890624937192e+01   8.0844035e+00   7.1108051e-03   2.8397781e+01  -7.7124774e-02  -8.7309520e-05  -3.5009602e-01   1.2000000e+02   1.4797555e-01
  1.0895360729480e+01   8.0844370e+00   7.0681087e-03   2.8393756e+01  -7.7125190e-02  -8.8318758e-05  -3.5455549e-01   1.2000000e+02   1.4800306e-01
  1.0900096521768e+01   8.0844704e+00   7.0264901e-03   2.8389832e+01  -7.7125611e-02  -8.9312599e-05  -3.5899512e-01   1.2000000e+02   1.4803041e-01
  1.0904832314056e+01   8.0845036e+00   6.9855383e-03   2.8385949e+01  -7.7126036e-02  -9.0236235e-05  -3.6342120e-01   1.2000000e+02   1.4805760e-01
  1.0909568106344e+01   8.0845365e+00   6.9448142e-03   2.8382040e+01  -7.7126466e-02  -9.1046515e-05  -3.6783333e-01   1.2000000e+02   1.4808464e-01
  1.0914303898633e+01   8.0845693e+00   6.9038736e-03   2.8378035e+01  -7.7126899e-02  -9.1717751e-05  -3.7222381e-01   1.2000000e+02   1.4811152e-01
  1.0919039690921e+01   8.0846019e+00   6.8622794e-03   2.8373867e+01  -7.7127335e-02  -9.2239455e-05  -3.7657716e-01   1.2000000e+02   1.4813825e-01
  1.0923775483209e+01   8.0846343e+00   6.8196077e-03   2.8369467e+01  -7.7127773e-02  -9.2609422e-05  -3.8087040e-01   1.2000000e+02   1.4816481e-01
  1.0928511275497e+01   8.0846665e+00   6.7754576e-03   2.8364769e+01  -7.7128212e-02  -9.2827961e-05  -3.8507486e-01   1.2000000e+02   1.4819121e-01
  1.0933247067785e+01   8.0846984e+00   6.7294697e-03   2.8359710e+01  -7.7128652e-02  -9.2898078e-05  -3.8915990e-01   1.2000000e+02   1.4821744e-01
  1.0937982860074e+01   8.0847302e+00   6.6813570e-03   2.8354232e+01  -7.7129091e-02  -9.2832055e-05  -3.9309816e-01   1.2000000e+02   1.4824350e-01
  1.0942718652362e+01   8.0847617e+00   6.6309397e-03   2.8348289e+01  -7.7129531e-02  -9.2659375e-05  -3.9687125e-01   1.2000000e+02   1.4826937e-01
  1.0947454444650e+01   8.0847929e+00   6.5781731e-03   2.8341848e+01  -7.7129969e-02  -9.2428686e-05  -4.0047415e-01   1.2000000e+02   1.4829504e-01
  1.0952190236938e+01   8.0848239e+00   6.5231575e-03   2.8334899e+01  -7.7130406e-02  -9.2199563e-05  -4.0391703e-01   1.2000000e+02   1.4832052e-01
  1.0956926029226e+01   8.0848547e+00   6.4661267e-03   2.8327456e+01  -7.7130842e-02  -9.2025873e-05  -4.0722381e-01   1.2000000e+02   1.4834579e-01
  1.0961661821514e+01   8.0848851e+00   6.4074193e-03   2.8319556e+01  -7.7131278e-02  -9.1938595e-05  -4.1042809e-01   1.2000000e+02   1.4837084e-01
  1.0966397613802e+01   8.0849153e+00   6.3474418e-03   2.8311259e+01  -7.7131713e-02  -9.1936929e-05  -4.1356769e-01   1.2000000e+02   1.4839568e-01
  1.0971133406091e+01   8.0849452e+00   6.2866365e-03   2.8302644e+01  -7.7132149e-02  -9.1993338e-05  -4.1667943e-01   1.2000000e+02   1.4842028e-01
  1.0975869198379e+01   8.0849748e+00   6.2254569e-03   2.8293801e+01  -7.7132584e-02  -9.2068870e-05  -4.1979498e-01   1.2000000e+02   1.4844466e-01
  1.0980604990667e+01   8.0850042e+00   6.1643567e-03   2.8284825e+01  -7.7133021e-02  -9.2130769e-05  -4.2293776e-01   1.2000000e+02   1.4846880e-01
  1.0985340782955e+01   8.0850332e+00   6.1037780e-03   2.8275810e+01  -7.7133457e-02  -9.2162380e-05  -4.2612024e-01   1.2000000e+02   1.4849272e-01
  1.0990076575243e+01   8.0850619e+00   6.0441542e-03   2.8266849e+01  -7.7133894e-02  -9.2161338e-05  -4.2934108e-01   1.2000000e+02   1.4851641e-01
  1.0994812367531e+01   8.0850904e+00   5.9858956e-03   2.8258027e+01  -7.7134330e-02  -9.2127112e-05  -4.3258222e-01   1.2000000e+02   1.4853988e-01
  1.0999548159820e+01   8.0851186e+00   5.9293896e-03   2.8249424e+01  -7.7134766e-02  -9.2048921e-05  -4.3580706e-01   1.2000000e+02   1.4856314e-01
  1.1004143818252e+01   8.0851465e+00   5.8732480e-03   2.8240849e+01  -7.7135202e-02  -9.1895888e-05  -4.3906319e-01   1.2000000e+02   1.4858694e-01
  1.1008879610540e+01   8.0851742e+00   5.8213975e-03   2.8232924e+01  -7.7135636e-02  -9.1647104e-05  -4.4207394e-01   1.2000000e+02   1.4860978e-01
  1.1013615402828e+01   8.0852017e+00   5.7723212e-03   2.8225444e+01  -7.7136069e-02  -9.1281019e-05  -4.4487358e-01   1.2000000e+02   1.4863243e-01
  1.1018351195117e+01   8.0852289e+00   5.7262998e-03   2.8218478e+01  -7.7136501e-02  -9.0808757e-05  -4.4739946e-01   1.2000000e+02   1.4865490e-01
  1.1023086987405e+01   8.0852559e+00   5.6835773e-03   2.8212092e+01  -7.7136929e-02  -9.0278140e-05  -4.4961002e-01   1.2000000e+02   1.4867720e-01
  1.1027822779693e+01   8.0852828e+00   5.6443467e-03   2.8206344e+01  -7.7137356e-02  -8.9756808e-05  -4.5149531e-01   1.2000000e+02   1.4869935e-01
  1.1032558571981e+01   8.0853094e+00   5.6087392e-03   2.8201277e+01  -7.7137780e-02  -8.9324105e-05  -4.5308385e-01   1.2000000e+02   1.4872135e-01
  1.1037294364269e+01   8.0853359e+00   5.5768069e-03   2.8196920e+01  -7.7138202e-02  -8.9039783e-05  -4.5444426e-01   1.2000000e+02   1.4874323e-01
  1.1042030156557e+01   8.0853622e+00   5.5485184e-03   2.8193282e+01  -7.7138623e-02  -8.8936409e-05  -4.5568215e-01   1.2000000e+02   1.4876498e-01
  1.1046765948846e+01   8.0853884e+00   5.5237702e-03   2.8190352e+01  -7.7139045e-02  -8.9017444e-05  -4.5693288e-01   1.2000000e+02   1.4878664e-01
  1.1051501741134e+01   8.0854145e+00   5.5023881e-03   2.8188104e+01  -7.7139467e-02  -8.9262717e-05  -4.5835129e-01   1.2000000e+02   1.4880821e-01
  1.1056237533422e+01   8.0854406e+00   5.4841518e-03   2.8186502e+01  -7.7139890e-02  -8.9642331e-05  -4.6009951e-01   1.2000000e+02   1.4882969e-01
  1.1060973325710e+01   8.0854665e+00   5.4688261e-03   2.8185508e+01  -7.7140316e-02  -9.0134125e-05  -4.6233419e-01   1.2000000e+02   1.4885111e-01
  1.1065709117998e+01   8.0854924e+00   5.4562185e-03   2.8185088e+01  -7.7140744e-02  -9.0729580e-05  -4.6519404e-01   1.2000000e+02   1.4887248e-01
  1.1070444910286e+01   8.0855182e+00   5.4462192e-03   2.8185228e+01  -7.7141176e-02  -9.1431353e-05  -4.6878864e-01   1.2000000e+02   1.4889380e-01
  1.1075180702574e+01   8.0855440e+00   5.4388446e-03   2.8185936e+01  -7.7141610e-02  -9.2248984e-05  -4.7318956e-01   1.2000000e+02   1.4891508e-01
  1.1079916494863e+01   8.0855697e+00   5.4342601e-03   2.8187250e+01  -7.7142049e-02  -9.3191135e-05  -4.7842459e-01   1.2000000e+02   1.4893634e-01
  1.1084652287151e+01   8.0855954e+00   5.4327716e-03   2.8189237e+01  -7.7142493e-02  -9.4257000e-05  -4.8447612e-01   1.2000000e+02   1.4895758e-01
  1.1089388079439e+01   8.0856212e+00   5.4347753e-03   2.8191982e+01  -7.7142942e-02  -9.5435144e-05  -4.9128399e-01   1.2000000e+02   1.4897881e-01
  1.1094123871727e+01   8.0856469e+00   5.4406760e-03   2.8195577e+01  -7.7143397e-02  -9.6711611e-05  -4.9875264e-01   1.2000000e+02   1.4900006e-01
  1.1098859664015e+01   8.0856727e+00   5.4507887e-03   2.8200096e+01  -7.7143859e-02  -9.8079952e-05  -5.0676190e-01   1.2000000e+02   1.4902134e-01
  1.1103595456304e+01   8.0856985e+00   5.4652384e-03   2.8205580e+01  -7.7144326e-02  -9.9548074e-05  -5.1517945e-01   1.2000000e+02   1.4904266e-01
  1.1108331248592e+01   8.0857245e+00   5.4838763e-03   2.8212009e+01  -7.7144802e-02  -1.0114010e-04  -5.2387313e-01   1.2000000e+02   1.4906404e-01
  1.1113067040880e+01   8.0857505e+00   5.5062302e-03   2.8219290e+01  -7.7145285e-02  -1.0289007e-04  -5.3272085e-01   1.2000000e+02   1.4908549e-01
  1.1117802833168e+01   8.0857766e+00   5.5315043e-03   2.8227255e+01  -7.7145776e-02  -1.0482744e-04  -5.4161721e-01   1.2000000e+02   1.4910704e-01
  1.1122538625456e+01   8.0858029e+00   5.5586337e-03   2.8235667e+01  -7.7146278e-02  -1.0696273e-04  -5.5047647e-01   1.2000000e+02   1.4912868e-01
  1.1127274417744e+01   8.0858293e+00   5.5863910e-03   2.8244242e+01  -7.7146790e-02  -1.0928183e-04  -5.5923275e-01   1.2000000e+02   1.4915042e-01
  1.1132010210032e+01   8.0858558e+00   5.6135342e-03   2.8252690e+01  -7.7147313e-02  -1.1174917e-04  -5.6783905e-01   1.2000000e+02   1.4917227e-01
  1.1136746002321e+01   8.0858824e+00   5.6389736e-03   2.8260746e+01  -7.7147848e-02  -1.1431440e-04  -5.7626579e-01   1.2000000e+02   1.4919422e-01
  1.1141481794609e+01   8.0859092e+00   5.6619284e-03   2.8268218e+01  -7.7148396e-02  -1.1691842e-04  -5.8449981e-01   1.2000000e+02   1.4921626e-01
  1.1146217586897e+01   8.0859361e+00   5.6820395e-03   2.8275010e+01  -7.7148956e-02  -1.1949721e-04  -5.9254360e-01   1.2000000e+02   1.4923838e-01
  1.1150953379185e+01   8.0859630e+00   5.6994136e-03   2.8281141e+01  -7.7149528e-02  -1.2198404e-04  -6.0041444e-01   1.2000000e+02   1.4926057e-01
  1.1155689171473e+01   8.0859900e+00   5.7145889e-03   2.8286737e+01  -7.7150111e-02  -1.2431371e-04  -6.0814239e-01   1.2000000e+02   1.4928282e-01
  1.1160424963761e+01   8.0860171e+00   5.7284265e-03   2.8292004e+01  -7.7150705e-02  -1.2643252e-04  -6.1576654e-01   1.2000000e+02   1.4930512e-01
  1.1165160756050e+01   8.0860443e+00   5.7419410e-03   2.8297189e+01  -7.7151308e-02  -1.2831185e-04  -6.2332868e-01   1.2000000e+02   1.4932746e-01
  1.1169896548338e+01   8.0860715e+00   5.7560946e-03   2.8302530e+01  -7.7151920e-02  -1.2995759e-04  -6.3086461e-01   1.2000000e+02   1.4934985e-01
  1.1174632340626e+01   8.0860988e+00   5.7715883e-03   2.8308201e+01  -7.7152539e-02  -1.3140911e-04  -6.3839376e-01   1.2000000e+02   1.4937230e-01
  1.1179368132914e+01   8.0861262e+00   5.7886856e-03   2.8314280e+01  -7.7153164e-02  -1.3272764e-04  -6.4590898e-01   1.2000000e+02   1.4939480e-01
  1.1184103925202e+01   8.0861537e+00   5.8071052e-03   2.8320715e+01  -7.7153796e-02  -1.3397896e-04  -6.5336906e-01   1.2000000e+02   1.4941736e-01
  1.1188839717490e+01   8.0861812e+00   5.8260068e-03   2.8327329e+01  -7.7154433e-02  -1.3521657e-04  -6.6069698e-01   1.2000000e+02   1.4944000e-01
  1.1193575509778e+01   8.0862088e+00   5.8440853e-03   2.8333839e+01  -7.7155076e-02  -1.3647123e-04  -6.6778567e-01   1.2000000e+02   1.4946271e-01
  1.1198311302067e+01   8.0862365e+00   5.8597684e-03   2.8339901e+01  -7.7155726e-02  -1.3775037e-04  -6.7451224e-01   1.2000000e+02   1.4948548e-01
  1.1203047094355e+01   8.0862643e+00   5.8714908e-03   2.8345166e+01  -7.7156381e-02  -1.3904560e-04  -6.8075902e-01   1.2000000e+02   1.4950831e-01
  1.1207782886643e+01   8.0862922e+00   5.8779965e-03   2.8349344e+01  -7.7157043e-02  -1.4034158e-04  -6.8643853e-01   1.2000000e+02   1.4953118e-01
  1.1212518678931e+01   8.0863200e+00   5.8786160e-03   2.8352266e+01  -7.7157710e-02  -1.4162052e-04  -6.9151841e-01   1.2000000e+02   1.4955406e-01
  1.1217254471219e+01   8.0863478e+00   5.8734745e-03   2.8353929e+01  -7.7158384e-02  -1.4286284e-04  -6.9604190e-01   1.2000000e+02   1.4957694e-01
  1.1221990263507e+01   8.0863756e+00   5.8636009e-03   2.8354525e+01  -7.7159064e-02  -1.4405127e-04  -7.0014035e-01   1.2000000e+02   1.4959978e-01
  1.1226726055796e+01   8.0864034e+00   5.8509228e-03   2.8354441e+01  -7.7159748e-02  -1.4518396e-04  -7.0403484e-01   1.2000000e+02   1.4962258e-01
  1.1231461848084e+01   8.0864310e+00   5.8381469e-03   2.8354236e+01  -7.7160439e-02  -1.4629448e-04  -7.0802581e-01   1.2000000e+02   1.4964532e-01
  1.1236197640372e+01   8.0864587e+00   5.8285372e-03   2.8354590e+01  -7.7161134e-02  -1.4746734e-04  -7.1247023e-01   1.2000000e+02   1.4966802e-01
  1.1240933432660e+01   8.0864863e+00   5.8256188e-03   2.8356245e+01  -7.7161836e-02  -1.4883692e-04  -7.1774801e-01   1.2000000e+02   1.4969068e-01
  1.1245669224948e+01   8.0865139e+00   5.8328411e-03   2.8359922e+01  -7.7162544e-02  -1.5056524e-04  -7.2422062e-01   1.2000000e+02   1.4971335e-01
  1.1250405017236e+01   8.0865415e+00   5.8532436e-03   2.8366247e+01  -7.7163263e-02  -1.5280622e-04  -7.3218732e-01   1.2000000e+02   1.4973606e-01
  1.1255140809525e+01   8.0865693e+00   5.8891521e-03   2.8375679e+01  -7.7163993e-02  -1.5567233e-04  -7.4184574e-01   1.2000000e+02   1.4975886e-01
  1.1259876601813e+01   8.0865973e+00   5.9419290e-03   2.8388457e+01  -7.7164738e-02  -1.5921818e-04  -7.5326321e-01   1.2000000e+02   1.4978182e-01
  1.1264612394101e+01   8.0866256e+00   6.0117863e-03   2.8404566e+01  -7.7165502e-02  -1.6344521e-04  -7.6636360e-01   1.2000000e+02   1.4980501e-01
  1.1269348186389e+01   8.0866543e+00   6.0976677e-03   2.8423722e+01  -7.7166287e-02  -1.6831836e-04  -7.8093048e-01   1.2000000e+02   1.4982847e-01
  1.1274083978677e+01   8.0866834e+00   6.1972026e-03   2.8445387e+01  -7.7167097e-02  -1.7377818e-04  -7.9662404e-01   1.2000000e+02   1.4985227e-01
  1.1278819770965e+01   8.0867130e+00   6.3067452e-03   2.8468797e+01  -7.7167934e-02  -1.7973595e-04  -8.1300686e-01   1.2000000e+02   1.4987646e-01
  1.1283555563254e+01   8.0867431e+00   6.4215117e-03   2.8493014e+01  -7.7168800e-02  -1.8605397e-04  -8.2957388e-01   1.2000000e+02   1.4990107e-01
  1.1288291355542e+01   8.0867738e+00   6.5358354e-03   2.8516987e+01  -7.7169696e-02  -1.9252569e-04  -8.4578343e-01   1.2000000e+02   1.4992610e-01
  1.1293027147830e+01   8.0868050e+00   6.6435452e-03   2.8539626e+01  -7.7170623e-02  -1.9887325e-04  -8.6108870e-01   1.2000000e+02   1.4995155e-01
  1.1297762940118e+01   8.0868367e+00   6.7384522e-03   2.8559880e+01  -7.7171579e-02  -2.0477218e-04  -8.7497025e-01   1.2000000e+02   1.4997738e-01
  1.1302498732406e+01   8.0868688e+00   6.8149014e-03   2.8576823e+01  -7.7172562e-02  -2.0989696e-04  -8.8696947e-01   1.2000000e+02   1.5000354e-01
  1.1307234524694e+01   8.0869012e+00   6.8683209e-03   2.8589717e+01  -7.7173566e-02  -2.1397148e-04  -8.9672131e-01   1.2000000e+02   1.5002995e-01
  1.1311970316982e+01   8.0869338e+00   6.8956860e-03   2.8598074e+01  -7.7174586e-02  -2.1680632e-04  -9.0398267e-01   1.2000000e+02   1.5005652e-01
  1.1316706109271e+01   8.0869665e+00   6.8958174e-03   2.8601690e+01  -7.7175617e-02  -2.1831217e-04  -9.0865223e-01   1.2000000e+02   1.5008315e-01
  1.1321441901559e+01   8.0869991e+00   6.8694642e-03   2.8600654e+01  -7.7176652e-02  -2.1849092e-04  -9.1077844e-01   1.2000000e+02   1.5010974e-01
  1.1326177693847e+01   8.0870315e+00   6.8191524e-03   2.8595330e+01  -7.7177685e-02  -2.1741524e-04  -9.1055455e-01   1.2000000e+02   1.5013618e-01
  1.1330913486135e+01   8.0870637e+00   6.7488280e-03   2.8586312e+01  -7.7178709e-02  -2.1521005e-04  -9.0830168e-01   1.2000000e+02   1.5016241e-01
  1.1335649278423e+01   8.0870954e+00   6.6633564e-03   2.8574365e+01  -7.7179721e-02  -2.1204413e-04  -9.0444212e-01   1.2000000e+02   1.5018834e-01
  1.1340385070711e+01   8.0871268e+00   6.5679620e-03   2.8560342e+01  -7.7180717e-02  -2.0813064e-04  -8.9946548e-01   1.2000000e+02   1.5021394e-01
  1.1345120863000e+01   8.0871576e+00   6.4676883e-03   2.8545106e+01  -7.7181692e-02  -2.0372669e-04  -8.9388962e-01   1.2000000e+02   1.5023917e-01
  1.1349856655288e+01   8.0871880e+00   6.3669522e-03   2.8529453e+01  -7.7182646e-02  -1.9912083e-04  -8.8821825e-01   1.2000000e+02   1.5026403e-01
  1.1354592447576e+01   8.0872179e+00   6.2692362e-03   2.8514045e+01  -7.7183578e-02  -1.9460304e-04  -8.8289835e-01   1.2000000e+02   1.5028852e-01
  1.1359328239864e+01   8.0872474e+00   6.1769411e-03   2.8499366e+01  -7.7184490e-02  -1.9042361e-04  -8.7828189e-01   1.2000000e+02   1.5031265e-01
  1.1364064032152e+01   8.0872765e+00   6.0913914e-03   2.8485711e+01  -7.7185383e-02  -1.8675583e-04  -8.7459813e-01   1.2000000e+02   1.5033645e-01
  1.1368799824440e+01   8.0873051e+00   6.0129672e-03   2.8473188e+01  -7.7186259e-02  -1.8367788e-04  -8.7194237e-01   1.2000000e+02   1.5035995e-01
  1.1373535616728e+01   8.0873334e+00   5.9413271e-03   2.8461760e+01  -7.7187123e-02  -1.8117963e-04  -8.7028473e-01   1.2000000e+02   1.5038318e-01
  1.1378271409017e+01   8.0873614e+00   5.8756817e-03   2.8451289e+01  -7.7187976e-02  -1.7918734e-04  -8.6949794e-01   1.2000000e+02   1.5040614e-01
  1.1383007201305e+01   8.0873891e+00   5.8150724e-03   2.8441597e+01  -7.7188821e-02  -1.7759286e-04  -8.6939847e-01   1.2000000e+02   1.5042888e-01
  1.1387742993593e+01   8.0874165e+00   5.7586221e-03   2.8432524e+01  -7.7189659e-02  -1.7627706e-04  -8.6979207e-01   1.2000000e+02   1.5045139e-01
  1.1392478785881e+01   8.0874436e+00   5.7057214e-03   2.8423967e+01  -7.7190491e-02  -1.7512619e-04  -8.7051439e-01   1.2000000e+02   1.5047370e-01
  1.1397214578169e+01   8.0874705e+00   5.6561292e-03   2.8415911e+01  -7.7191318e-02  -1.7404695e-04  -8.7145943e-01   1.2000000e+02   1.5049581e-01
  1.1401950370458e+01   8.0874972e+00   5.6099775e-03   2.8408424e+01  -7.7192139e-02  -1.7298393e-04  -8.7259180e-01   1.2000000e+02   1.5051774e-01
  1.1406686162746e+01   8.0875237e+00   5.5676900e-03   2.8401646e+01  -7.7192956e-02  -1.7193480e-04  -8.7394265e-01   1.2000000e+02   1.5053950e-01
  1.1411421955034e+01   8.0875500e+00   5.5298432e-03   2.8395751e+01  -7.7193768e-02  -1.7095208e-04  -8.7559167e-01   1.2000000e+02   1.5056110e-01
  1.1416157747322e+01   8.0875761e+00   5.4970132e-03   2.8390912e+01  -7.7194576e-02  -1.7012400e-04  -8.7764001e-01   1.2000000e+02   1.5058256e-01
  1.1420893539610e+01   8.0876020e+00   5.4696552e-03   2.8387263e+01  -7.7195380e-02  -1.6953902e-04  -8.8018065e-01   1.2000000e+02   1.5060391e-01
  1.1425629331898e+01   8.0876279e+00   5.4480433e-03   2.8384885e+01  -7.7196182e-02  -1.6925186e-04  -8.8327378e-01   1.2000000e+02   1.5062517e-01
  1.1430365124186e+01   8.0876536e+00   5.4322969e-03   2.8383803e+01  -7.7196983e-02  -1.6927150e-04  -8.8693369e-01   1.2000000e+02   1.5064635e-01
  1.1435100916475e+01   8.0876793e+00   5.4224694e-03   2.8384006e+01  -7.7197786e-02  -1.6957875e-04  -8.9113156e-01   1.2000000e+02   1.5066749e-01
  1.1439836708763e+01   8.0877050e+00   5.4186734e-03   2.8385483e+01  -7.7198590e-02  -1.7016276e-04  -8.9581387e-01   1.2000000e+02   1.5068859e-01
  1.1444572501051e+01   8.0877307e+00   5.4212120e-03   2.8388262e+01  -7.7199398e-02  -1.7105323e-04  -9.0093193e-01   1.2000000e+02   1.5070969e-01
  1.1449308293339e+01   8.0877564e+00   5.4306875e-03   2.8392440e+01  -7.7200211e-02  -1.7232895e-04  -9.0647551e-01   1.2000000e+02   1.5073081e-01
  1.1454044085627e+01   8.0877821e+00   5.4480790e-03   2.8398212e+01  -7.7201031e-02  -1.7409969e-04  -9.1250319e-01   1.2000000e+02   1.5075198e-01
  1.1458779877915e+01   8.0878080e+00   5.4747878e-03   2.8405877e+01  -7.7201861e-02  -1.7647692e-04  -9.1916419e-01   1.2000000e+02   1.5077321e-01
  1.1463515670204e+01   8.0878340e+00   5.5126561e-03   2.8415828e+01  -7.7202703e-02  -1.7955562e-04  -9.2670867e-01   1.2000000e+02   1.5079456e-01
  1.1468251462492e+01   8.0878602e+00   5.5639498e-03   2.8428536e+01  -7.7203563e-02  -1.8342039e-04  -9.3548527e-01   1.2000000e+02   1.5081605e-01
  1.1472987254780e+01   8.0878867e+00   5.6312991e-03   2.8444505e+01  -7.7204442e-02  -1.8817175e-04  -9.4592447e-01   1.2000000e+02   1.5083776e-01
  1.1477723047068e+01   8.0879136e+00   5.7175755e-03   2.8464234e+01  -7.7205347e-02  -1.9395422e-04  -9.5850671e-01   1.2000000e+02   1.5085973e-01
  1.1482458839356e+01   8.0879409e+00   5.8256857e-03   2.8488151e+01  -7.7206281e-02  -2.0096521e-04  -9.7371464e-01   1.2000000e+02   1.5088205e-01
  1.1487194631644e+01   8.0879688e+00   5.9582941e-03   2.8516558e+01  -7.7207252e-02  -2.0943547e-04  -9.9197245e-01   1.2000000e+02   1.5090481e-01
  1.1491930423932e+01   8.0879974e+00   6.1174816e-03   2.8549566e+01  -7.7208267e-02  -2.1958364e-04  -1.0135789e+00   1.2000000e+02   1.5092808e-01
  1.1496666216221e+01   8.0880268e+00   6.3043589e-03   2.8587043e+01  -7.7209335e-02  -2.3156111e-04  -1.0386446e+00   1.2000000e+02   1.5095199e-01
  1.1501402008509e+01   8.0880571e+00   6.5186826e-03   2.8628581e+01  -7.7210464e-02  -2.4540478e-04  -1.0670453e+00   1.2000000e+02   1.5097662e-01
  1.1506137800797e+01   8.0880886e+00   6.7585092e-03   2.8673485e+01  -7.7211662e-02  -2.6101024e-04  -1.0984008e+00   1.2000000e+02   1.5100208e-01
  1.1510873593085e+01   8.0881212e+00   7.0199351e-03   2.8720784e+01  -7.7212938e-02  -2.7813088e-04  -1.1320847e+00   1.2000000e+02   1.5102845e-01
  1.1515609385373e+01   8.0881551e+00   7.2969755e-03   2.8769276e+01  -7.7214298e-02  -2.9640010e-04  -1.1672631e+00   1.2000000e+02   1.5105581e-01
  1.1520345177661e+01   8.0881903e+00   7.5816351e-03   2.8817595e+01  -7.7215747e-02  -3.1536821e-04  -1.2029566e+00   1.2000000e+02   1.5108420e-01
  1.1525080969950e+01   8.0882269e+00   7.8642107e-03   2.8864291e+01  -7.7217286e-02  -3.3454125e-04  -1.2381157e+00   1.2000000e+02   1.5111363e-01
  1.1529816762238e+01   8.0882648e+00   8.1338418e-03   2.8907921e+01  -7.7218915e-02  -3.5340990e-04  -1.2717005e+00   1.2000000e+02   1.5114410e-01
  1.1534552554526e+01   8.0883039e+00   8.3792855e-03   2.8947143e+01  -7.7220632e-02  -3.7145991e-04  -1.3027553e+00   1.2000000e+02   1.5117552e-01
  1.1539288346814e+01   8.0883441e+00   8.5898506e-03   2.8980795e+01  -7.7222431e-02  -3.8816536e-04  -1.3304740e+00   1.2000000e+02   1.5120780e-01
  1.1544024139102e+01   8.0883852e+00   8.7563916e-03   2.9007972e+01  -7.7224305e-02  -4.0297794e-04  -1.3542502e+00   1.2000000e+02   1.5124080e-01
  1.1548759931390e+01   8.0884269e+00   8.8722304e-03   2.9028076e+01  -7.7226244e-02  -4.1533301e-04  -1.3737127e+00   1.2000000e+02   1.5127433e-01
  1.1553495723679e+01   8.0884691e+00   8.9338691e-03   2.9040856e+01  -7.7228234e-02  -4.2469170e-04  -1.3887415e+00   1.2000000e+02   1.5130821e-01
  1.1558231515967e+01   8.0885115e+00   8.9413596e-03   2.9046417e+01  -7.7230261e-02  -4.3062186e-04  -1.3994643e+00   1.2000000e+02   1.5134224e-01
  1.1562967308255e+01   8.0885537e+00   8.8982339e-03   2.9045203e+01  -7.7232307e-02  -4.3289736e-04  -1.4062300e+00   1.2000000e+02   1.5137622e-01
  1.1567703100543e+01   8.0885957e+00   8.8109722e-03   2.9037948e+01  -7.7234356e-02  -4.3157556e-04  -1.4095602e+00   1.2000000e+02   1.5140998e-01
  1.1572438892831e+01   8.0886371e+00   8.6880831e-03   2.9025601e+01  -7.7236390e-02  -4.2701327e-04  -1.4100822e+00   1.2000000e+02   1.5144335e-01
  1.1577174685119e+01   8.0886779e+00   8.5389713e-03   2.9009232e+01  -7.7238396e-02  -4.1980455e-04  -1.4084509e+00   1.2000000e+02   1.5147624e-01
  1.1581910477408e+01   8.0887180e+00   8.3728224e-03   2.8989928e+01  -7.7240363e-02  -4.1065987e-04  -1.4052750e+00   1.2000000e+02   1.5150855e-01
  1.1586646269696e+01   8.0887572e+00   8.1977322e-03   2.8968699e+01  -7.7242283e-02  -4.0027930e-04  -1.4010600e+00   1.2000000e+02   1.5154024e-01
  1.1591382061984e+01   8.0887956e+00   8.0202089e-03   2.8946419e+01  -7.7244153e-02  -3.8926960e-04  -1.3961829e+00   1.2000000e+02   1.5157127e-01
  1.1596117854272e+01   8.0888332e+00   7.8450724e-03   2.8923793e+01  -7.7245970e-02  -3.7813068e-04  -1.3909000e+00   1.2000000e+02   1.5160166e-01
  1.1600853646560e+01   8.0888699e+00   7.6756974e-03   2.8901362e+01  -7.7247735e-02  -3.6729310e-04  -1.3853837e+00   1.2000000e+02   1.5163142e-01
  1.1605589438848e+01   8.0889059e+00   7.5143768e-03   2.8879535e+01  -7.7249450e-02  -3.5715492e-04  -1.3797718e+00   1.2000000e+02   1.5166056e-01
  1.1610325231136e+01   8.0889411e+00   7.3627106e-03   2.8858632e+01  -7.7251120e-02  -3.4807452e-04  -1.3742114e+00   1.2000000e+02   1.5168912e-01
  1.1615061023425e+01   8.0889757e+00   7.2218810e-03   2.8838913e+01  -7.7252749e-02  -3.4030779e-04  -1.3688835e+00   1.2000000e+02   1.5171714e-01
  1.1619796815713e+01   8.0890096e+00   7.0927731e-03   2.8820605e+01  -7.7254345e-02  -3.3392682e-04  -1.3640014e+00   1.2000000e+02   1.5174466e-01
  1.1624532608001e+01   8.0890429e+00   6.9759657e-03   2.8803898e+01  -7.7255914e-02  -3.2877934e-04  -1.3597886e+00   1.2000000e+02   1.5177172e-01
  1.1629268400289e+01   8.0890756e+00   6.8716460e-03   2.8788927e+01  -7.7257461e-02  -3.2452996e-04  -1.3564443e+00   1.2000000e+02   1.5179836e-01
  1.1634004192577e+01   8.0891080e+00   6.7794966e-03   2.8775749e+01  -7.7258989e-02  -3.2077663e-04  -1.3541083e+00   1.2000000e+02   1.5182464e-01
  1.1638739984865e+01   8.0891399e+00   6.6985886e-03   2.8764309e+01  -7.7260499e-02  -3.1718804e-04  -1.3528310e+00   1.2000000e+02   1.5185060e-01
  1.1643475777154e+01   8.0891714e+00   6.6272940e-03   2.8754416e+01  -7.7261993e-02  -3.1359192e-04  -1.3525513e+00   1.2000000e+02   1.5187627e-01
  1.1648211569442e+01   8.0892027e+00   6.5632369e-03   2.8745727e+01  -7.7263469e-02  -3.0997191e-04  -1.3530819e+00   1.2000000e+02   1.5190168e-01
  1.1652947361730e+01   8.0892336e+00   6.5033058e-03   2.8737742e+01  -7.7264929e-02  -3.0638256e-04  -1.3541038e+00   1.2000000e+02   1.5192687e-01
  1.1657683154018e+01   8.0892643e+00   6.4437717e-03   2.8729825e+01  -7.7266371e-02  -3.0283713e-04  -1.3551742e+00   1.2000000e+02   1.5195184e-01
  1.1662418946306e+01   8.0892946e+00   6.3805359e-03   2.8721235e+01  -7.7267797e-02  -2.9923430e-04  -1.3557531e+00   1.2000000e+02   1.5197659e-01
  1.1667154738594e+01   8.0893247e+00   6.3095002e-03   2.8711187e+01  -7.7269205e-02  -2.9535903e-04  -1.3552504e+00   1.2000000e+02   1.5200109e-01
  1.1671890530883e+01   8.0893544e+00   6.2270163e-03   2.8698921e+01  -7.7270594e-02  -2.9094811e-04  -1.3530899e+00   1.2000000e+02   1.5202532e-01
  1.1676626323171e+01   8.0893836e+00   6.1303291e-03   2.8683780e+01  -7.7271960e-02  -2.8577603e-04  -1.3487813e+00   1.2000000e+02   1.5204922e-01
  1.1681362115459e+01   8.0894124e+00   6.0179302e-03   2.8665281e+01  -7.7273299e-02  -2.7971306e-04  -1.3419866e+00   1.2000000e+02   1.5207275e-01
  1.1686097907747e+01   8.0894406e+00   5.8897628e-03   2.8643169e+01  -7.7274608e-02  -2.7273418e-04  -1.3325676e+00   1.2000000e+02   1.5209584e-01
  1.1690833700035e+01   8.0894682e+00   5.7472389e-03   2.8617457e+01  -7.7275881e-02  -2.6489213e-04  -1.3206075e+00   1.2000000e+02   1.5211843e-01
  1.1695569492323e+01   8.0894950e+00   5.5930924e-03   2.8588430e+01  -7.7277115e-02  -2.5628686e-04  -1.3064036e+00   1.2000000e+02   1.5214047e-01
  1.1700305284612e+01   8.0895211e+00   5.4310873e-03   2.8556628e+01  -7.7278307e-02  -2.4705496e-04  -1.2904343e+00   1.2000000e+02   1.5216193e-01
  1.1705041076900e+01   8.0895465e+00   5.2656242e-03   2.8522799e+01  -7.7279455e-02  -2.3737893e-04  -1.2733079e+00   1.2000000e+02   1.5218277e-01
  1.1709776869188e+01   8.0895710e+00   5.1012930e-03   2.8487842e+01  -7.7280555e-02  -2.2749516e-04  -1.2556998e+00   1.2000000e+02   1.5220300e-01
  1.1714512661476e+01   8.0895948e+00   4.9424286e-03   2.8452723e+01  -7.7281609e-02  -2.1767995e-04  -1.2382891e+00   1.2000000e+02   1.5222261e-01
  1.1719248453764e+01   8.0896178e+00   4.7927336e-03   2.8418399e+01  -7.7282618e-02  -2.0821311e-04  -1.2217018e+00   1.2000000e+02   1.5224164e-01
  1.1723984246052e+01   8.0896402e+00   4.6550302e-03   2.8385747e+01  -7.7283582e-02  -1.9933973e-04  -1.2064678e+00   1.2000000e+02   1.5226013e-01
  1.1728720038340e+01   8.0896620e+00   4.5311726e-03   2.8355507e+01  -7.7284507e-02  -1.9125530e-04  -1.1929957e+00   1.2000000e+02   1.5227812e-01
  1.1733455830629e+01   8.0896831e+00   4.4221102e-03   2.8328245e+01  -7.7285395e-02  -1.8412038e-04  -1.1815624e+00   1.2000000e+02   1.5229566e-01
  1.1738191622917e+01   8.0897039e+00   4.3280502e-03   2.8304336e+01  -7.7286253e-02  -1.7808370e-04  -1.1723143e+00   1.2000000e+02   1.5231281e-01
  1.1742927415205e+01   8.0897242e+00   4.2486418e-03   2.8283963e+01  -7.7287084e-02  -1.7327988e-04  -1.1652720e+00   1.2000000e+02   1.5232963e-01
  1.1747663207493e+01   8.0897441e+00   4.1831157e-03   2.8267127e+01  -7.7287896e-02  -1.6978361e-04  -1.1603356e+00   1.2000000e+02   1.5234617e-01
  1.1752398999781e+01   8.0897638e+00   4.1303496e-03   2.8253661e+01  -7.7288694e-02  -1.6753846e-04  -1.1572915e+00   1.2000000e+02   1.5236249e-01
  1.1757134792069e+01   8.0897833e+00   4.0888821e-03   2.8243254e+01  -7.7289484e-02  -1.6630976e-04  -1.1558266e+00   1.2000000e+02   1.5237862e-01
  1.1761870584357e+01   8.0898025e+00   4.0569297e-03   2.8235478e+01  -7.7290271e-02  -1.6570989e-04  -1.1555547e+00   1.2000000e+02   1.5239462e-01
  1.1766606376646e+01   8.0898217e+00   4.0324622e-03   2.8229831e+01  -7.7291054e-02  -1.6530727e-04  -1.1560560e+00   1.2000000e+02   1.5241050e-01
  1.1771342168934e+01   8.0898407e+00   4.0133583e-03   2.8225773e+01  -7.7291836e-02  -1.6477603e-04  -1.1569245e+00   1.2000000e+02   1.5242630e-01
  1.1776077961222e+01   8.0898597e+00   3.9976095e-03   2.8222775e+01  -7.7292615e-02  -1.6400857e-04  -1.1578104e+00   1.2000000e+02   1.5244204e-01
  1.1780813753510e+01   8.0898786e+00   3.9835091e-03   2.8220355e+01  -7.7293389e-02  -1.6312347e-04  -1.1584468e+00   1.2000000e+02   1.5245771e-01
  1.1785549545798e+01   8.0898974e+00   3.9697584e-03   2.8218106e+01  -7.7294160e-02  -1.6235544e-04  -1.1586545e+00   1.2000000e+02   1.5247334e-01
  1.1790285338087e+01   8.0899162e+00   3.9554636e-03   2.8215713e+01  -7.7294927e-02  -1.6188175e-04  -1.1583306e+00   1.2000000e+02   1.5248891e-01
  1.1795021130375e+01   8.0899349e+00   3.9400496e-03   2.8212949e+01  -7.7295694e-02  -1.6168060e-04  -1.1574288e+00   1.2000000e+02   1.5250442e-01
  1.1799756922663e+01   8.0899535e+00   3.9231543e-03   2.8209682e+01  -7.7296459e-02  -1.6150489e-04  -1.1559469e+00   1.2000000e+02   1.5251987e-01
  1.1804492714951e+01   8.0899721e+00   3.9045618e-03   2.8205859e+01  -7.7297223e-02  -1.6099212e-04  -1.1539260e+00   1.2000000e+02   1.5253526e-01
  1.1809228507239e+01   8.0899905e+00   3.8842118e-03   2.8201501e+01  -7.7297983e-02  -1.5985696e-04  -1.1514582e+00   1.2000000e+02   1.5255057e-01
  1.1813964299527e+01   8.0900089e+00   3.8622344e-03   2.8196687e+01  -7.7298736e-02  -1.5806070e-04  -1.1486937e+00   1.2000000e+02   1.5256580e-01
  1.1818700091816e+01   8.0900271e+00   3.8389988e-03   2.8191540e+01  -7.7299479e-02  -1.5586279e-04  -1.1458349e+00   1.2000000e+02   1.5258094e-01
  1.1823435884104e+01   8.0900452e+00   3.8150773e-03   2.8186198e+01  -7.7300212e-02  -1.5371975e-04  -1.1431117e+00   1.2000000e+02   1.5259600e-01
  1.1828171676392e+01   8.0900632e+00   3.7911499e-03   2.8180797e+01  -7.7300936e-02  -1.5208089e-04  -1.1407444e+00   1.2000000e+02   1.5261097e-01
  1.1832907468680e+01   8.0900811e+00   3.7678730e-03   2.8175454e+01  -7.7301654e-02  -1.5118494e-04  -1.1389081e+00   1.2000000e+02   1.5262585e-01
  1.1837643260968e+01   8.0900989e+00   3.7457724e-03   2.8170265e+01  -7.7302369e-02  -1.5096374e-04  -1.1377145e+00   1.2000000e+02   1.5264065e-01
  1.1842379053256e+01   8.0901166e+00   3.7252122e-03   2.8165320e+01  -7.7303084e-02  -1.5110123e-04  -1.1372211e+00   1.2000000e+02   1.5265537e-01
  1.1847114845544e+01   8.0901342e+00   3.7064462e-03   2.8160721e+01  -7.7303800e-02  -1.5121263e-04  -1.1374642e+00   1.2000000e+02   1.5267000e-01
  1.1851850637833e+01   8.0901517e+00   3.6897315e-03   2.8156607e+01  -7.7304516e-02  -1.5104613e-04  -1.1384990e+00   1.2000000e+02   1.5268457e-01
  1.1856586430121e+01   8.0901692e+00   3.6754045e-03   2.8153160e+01  -7.7305230e-02  -1.5059912e-04  -1.1404248e+00   1.2000000e+02   1.5269907e-01
  1.1861322222409e+01   8.0901865e+00   3.6638998e-03   2.8150587e+01  -7.7305942e-02  -1.5009361e-04  -1.1433786e+00   1.2000000e+02   1.5271352e-01
  1.1866058014697e+01   8.0902039e+00   3.6556608e-03   2.8149083e+01  -7.7306652e-02  -1.4983132e-04  -1.1474911e+00   1.2000000e+02   1.5272793e-01
  1.1870793806985e+01   8.0902212e+00   3.6509576e-03   2.8148767e+01  -7.7307362e-02  -1.5001440e-04  -1.1528208e+00   1.2000000e+02   1.5274231e-01
  1.1875529599273e+01   8.0902384e+00   3.6496723e-03   2.8149623e+01  -7.7308074e-02  -1.5063091e-04  -1.1592868e+00   1.2000000e+02   1.5275667e-01
  1.1880265391561e+01   8.0902557e+00   3.6511245e-03   2.8151453e+01  -7.7308789e-02  -1.5146262e-04  -1.1666289e+00   1.2000000e+02   1.5277104e-01
  1.1885001183850e+01   8.0902730e+00   3.6540101e-03   2.8153861e+01  -7.7309508e-02  -1.5220279e-04  -1.1744107e+00   1.2000000e+02   1.5278541e-01
  1.1889736976138e+01   8.0902903e+00   3.6564928e-03   2.8156284e+01  -7.7310230e-02  -1.5261265e-04  -1.1820672e+00   1.2000000e+02   1.5279979e-01
  1.1894472768426e+01   8.0903077e+00   3.6564511e-03   2.8158054e+01  -7.7310953e-02  -1.5262965e-04  -1.1889848e+00   1.2000000e+02   1.5281418e-01
  1.1899208560714e+01   8.0903250e+00   3.6518357e-03   2.8158503e+01  -7.7311675e-02  -1.5237248e-04  -1.1945914e+00   1.2000000e+02   1.5282856e-01
  1.1903944353002e+01   8.0903422e+00   3.6410523e-03   2.8157065e+01  -7.7312396e-02  -1.5204728e-04  -1.1984369e+00   1.2000000e+02   1.5284293e-01
  1.1908680145291e+01   8.0903594e+00   3.6232744e-03   2.8153381e+01  -7.7313116e-02  -1.5181162e-04  -1.2002479e+00   1.2000000e+02   1.5285724e-01
  1.1913415937579e+01   8.0903765e+00   3.5986072e-03   2.8147357e+01  -7.7313834e-02  -1.5167176e-04  -1.1999546e+00   1.2000000e+02   1.5287148e-01
  1.1918151729867e+01   8.0903935e+00   3.5680635e-03   2.8139192e+01  -7.7314552e-02  -1.5146574e-04  -1.1976890e+00   1.2000000e+02   1.5288561e-01
  1.1922887522155e+01   8.0904103e+00   3.5333722e-03   2.8129354e+01  -7.7315268e-02  -1.5093775e-04  -1.1937624e+00   1.2000000e+02   1.5289963e-01
  1.1927623314443e+01   8.0904270e+00   3.4966778e-03   2.8118510e+01  -7.7315981e-02  -1.4986164e-04  -1.1886259e+00   1.2000000e+02   1.5291350e-01
  1.1932359106731e+01   8.0904435e+00   3.4602004e-03   2.8107429e+01  -7.7316687e-02  -1.4814982e-04  -1.1828176e+00   1.2000000e+02   1.5292724e-01
  1.1937094899019e+01   8.0904598e+00   3.4259352e-03   2.8096875e+01  -7.7317383e-02  -1.4589821e-04  -1.1768989e+00   1.2000000e+02   1.5294083e-01
  1.1941830691308e+01   8.0904759e+00   3.3954119e-03   2.8087499e+01  -7.7318068e-02  -1.4335098e-04  -1.1713858e+00   1.2000000e+02   1.5295430e-01
  1.1946566483596e+01   8.0904919e+00   3.3695607e-03   2.8079749e+01  -7.7318741e-02  -1.4081243e-04  -1.1666807e+00   1.2000000e+02   1.5296765e-01
  1.1951302275884e+01   8.0905078e+00   3.3486457e-03   2.8073818e+01  -7.7319402e-02  -1.3855101e-04  -1.1630189e+00   1.2000000e+02   1.5298091e-01
  1.1956038068172e+01   8.0905236e+00   3.3322986e-03   2.8069623e+01  -7.7320054e-02  -1.3673892e-04  -1.1604377e+00   1.2000000e+02   1.5299410e-01
  1.1960773860460e+01   8.0905394e+00   3.3196049e-03   2.8066833e+01  -7.7320698e-02  -1.3544058e-04  -1.1587802e+00   1.2000000e+02   1.5300724e-01
  1.1965509652748e+01   8.0905551e+00   3.3092633e-03   2.8064937e+01  -7.7321338e-02  -1.3463752e-04  -1.1577338e+00   1.2000000e+02   1.5302033e-01
  1.1970245445037e+01   8.0905707e+00   3.2997943e-03   2.8063339e+01  -7.7321974e-02  -1.3426122e-04  -1.1569000e+00   1.2000000e+02   1.5303339e-01
  1.1974981237325e+01   8.0905863e+00   3.2897792e-03   2.8061471e+01  -7.7322610e-02  -1.3421081e-04  -1.1558826e+00   1.2000000e+02   1.5304642e-01
  1.1979717029613e+01   8.0906019e+00   3.2781115e-03   2.8058901e+01  -7.7323246e-02  -1.3435314e-04  -1.1543762e+00   1.2000000e+02   1.5305940e-01
  1.1984452821901e+01   8.0906174e+00   3.2642121e-03   2.8055419e+01  -7.7323883e-02  -1.3452080e-04  -1.1522364e+00   1.2000000e+02   1.5307234e-01
  1.1989188614189e+01   8.0906328e+00   3.2481612e-03   2.8051069e+01  -7.7324520e-02  -1.3452690e-04  -1.1495155e+00   1.2000000e+02   1.5308522e-01
  1.1993924406477e+01   8.0906482e+00   3.2306895e-03   2.8046144e+01  -7.7325156e-02  -1.3420446e-04  -1.1464532e+00   1.2000000e+02   1.5309803e-01
  1.1998660198765e+01   8.0906634e+00   3.2130420e-03   2.8041116e+01  -7.7325790e-02  -1.3345950e-04  -1.1434254e+00   1.2000000e+02   1.5311077e-01
