 # SCEC benchmark problem = TPV 31
 # author = Benchun Duan
 # date =  2/23/2015 19:51:49
 # code = EQdyna
 # code_version = 2.4
 # element_size = 50 m
 # time_step =  0.0050  s
 # num_time_steps =  3000
 # location = on fault, 0.0 km along strike, 2.4 km down-dip

 # Time series in 8 columns in format e15.7
 # Column #1 = Time (s)
 # Column #2 = horizontal slip (m)
 # Column #3 = horizontal slip rate (m/s)
 # Column #4 = horizontal shear stress (MPa)
 # Column #5 = down-dip slip (m)
 # Column #6 = down-dip slip rate (m/s)
 # Column #7 = down-dip shear stress (MPa)
 # Column #8 = normal stress (MPa)
 # The line below lists the names of the data fields:
 t h-slip h-slip-rate h-shear-stress v-slip v-slip-rate v-shear-stress n-stress
 #
     0.00500   0.0000000E+0000   0.0000000E+0000   0.1406113E+0002   0.0000000E+0000   0.0000000E+0000   0.0000000E+0000  -0.2812226E+0002
     0.01000   0.0000000E+0000   0.0000000E+0000   0.1406113E+0002   0.0000000E+0000   0.0000000E+0000   0.0000000E+0000  -0.2812226E+0002
     0.01500   0.0000000E+0000   0.0000000E+0000   0.1406113E+0002   0.0000000E+0000   0.0000000E+0000   0.0000000E+0000  -0.2812226E+0002
     0.02000   0.0000000E+0000   0.0000000E+0000   0.1406113E+0002   0.0000000E+0000   0.0000000E+0000   0.0000000E+0000  -0.2812226E+0002
     0.02500   0.0000000E+0000   0.0000000E+0000   0.1406113E+0002   0.0000000E+0000   0.0000000E+0000   0.0000000E+0000  -0.2812226E+0002
     0.03000   0.0000000E+0000   0.0000000E+0000   0.1406113E+0002   0.0000000E+0000   0.0000000E+0000   0.0000000E+0000  -0.2812226E+0002
     0.03500   0.0000000E+0000   0.0000000E+0000   0.1406113E+0002   0.0000000E+0000   0.0000000E+0000   0.0000000E+0000  -0.2812226E+0002
     0.04000   0.0000000E+0000   0.0000000E+0000   0.1406113E+0002   0.0000000E+0000   0.0000000E+0000   0.0000000E+0000  -0.2812226E+0002
     0.04500   0.0000000E+0000   0.0000000E+0000   0.1406113E+0002   0.0000000E+0000   0.0000000E+0000   0.0000000E+0000  -0.2812226E+0002
     0.05000   0.0000000E+0000   0.0000000E+0000   0.1406113E+0002   0.0000000E+0000   0.0000000E+0000   0.0000000E+0000  -0.2812226E+0002
     0.05500   0.0000000E+0000   0.0000000E+0000   0.1406113E+0002   0.0000000E+0000   0.0000000E+0000   0.0000000E+0000  -0.2812226E+0002
     0.06000   0.0000000E+0000   0.0000000E+0000   0.1406113E+0002   0.0000000E+0000   0.0000000E+0000   0.0000000E+0000  -0.2812226E+0002
     0.06500   0.0000000E+0000   0.0000000E+0000   0.1406113E+0002   0.0000000E+0000   0.0000000E+0000   0.0000000E+0000  -0.2812226E+0002
     0.07000   0.0000000E+0000   0.0000000E+0000   0.1406113E+0002   0.0000000E+0000   0.0000000E+0000   0.0000000E+0000  -0.2812226E+0002
     0.07500   0.0000000E+0000   0.0000000E+0000   0.1406113E+0002   0.0000000E+0000   0.0000000E+0000   0.0000000E+0000  -0.2812226E+0002
     0.08000   0.0000000E+0000   0.0000000E+0000   0.1406113E+0002   0.0000000E+0000   0.0000000E+0000   0.0000000E+0000  -0.2812226E+0002
     0.08500   0.0000000E+0000   0.0000000E+0000   0.1406113E+0002   0.0000000E+0000   0.0000000E+0000   0.0000000E+0000  -0.2812226E+0002
     0.09000   0.0000000E+0000   0.0000000E+0000   0.1406113E+0002   0.0000000E+0000   0.0000000E+0000   0.0000000E+0000  -0.2812226E+0002
     0.09500   0.0000000E+0000   0.0000000E+0000   0.1406113E+0002   0.0000000E+0000   0.0000000E+0000   0.0000000E+0000  -0.2812226E+0002
     0.10000   0.0000000E+0000   0.0000000E+0000   0.1406113E+0002   0.0000000E+0000   0.0000000E+0000   0.0000000E+0000  -0.2812226E+0002
     0.10500   0.0000000E+0000   0.0000000E+0000   0.1406113E+0002   0.0000000E+0000   0.0000000E+0000   0.0000000E+0000  -0.2812226E+0002
     0.11000   0.0000000E+0000   0.0000000E+0000   0.1406113E+0002   0.0000000E+0000   0.0000000E+0000   0.0000000E+0000  -0.2812226E+0002
     0.11500   0.0000000E+0000   0.0000000E+0000   0.1406113E+0002   0.0000000E+0000   0.0000000E+0000   0.0000000E+0000  -0.2812226E+0002
     0.12000   0.0000000E+0000   0.0000000E+0000   0.1406113E+0002   0.0000000E+0000   0.0000000E+0000   0.0000000E+0000  -0.2812226E+0002
     0.12500   0.0000000E+0000   0.0000000E+0000   0.1406113E+0002   0.0000000E+0000   0.0000000E+0000   0.0000000E+0000  -0.2812226E+0002
     0.13000   0.0000000E+0000   0.0000000E+0000   0.1406113E+0002   0.0000000E+0000   0.0000000E+0000   0.0000000E+0000  -0.2812226E+0002
     0.13500   0.0000000E+0000   0.0000000E+0000   0.1406113E+0002   0.0000000E+0000   0.0000000E+0000   0.0000000E+0000  -0.2812226E+0002
     0.14000   0.0000000E+0000   0.0000000E+0000   0.1406113E+0002   0.0000000E+0000   0.0000000E+0000   0.0000000E+0000  -0.2812226E+0002
     0.14500   0.0000000E+0000   0.0000000E+0000   0.1406113E+0002   0.0000000E+0000   0.0000000E+0000   0.0000000E+0000  -0.2812226E+0002
     0.15000   0.0000000E+0000   0.0000000E+0000   0.1406113E+0002   0.0000000E+0000   0.0000000E+0000   0.0000000E+0000  -0.2812226E+0002
     0.15500   0.0000000E+0000   0.0000000E+0000   0.1406113E+0002   0.0000000E+0000   0.0000000E+0000   0.0000000E+0000  -0.2812226E+0002
     0.16000   0.0000000E+0000   0.0000000E+0000   0.1406113E+0002   0.0000000E+0000   0.0000000E+0000   0.0000000E+0000  -0.2812226E+0002
     0.16500   0.0000000E+0000   0.0000000E+0000   0.1406113E+0002   0.0000000E+0000   0.0000000E+0000   0.0000000E+0000  -0.2812226E+0002
     0.17000   0.0000000E+0000   0.0000000E+0000   0.1406113E+0002   0.0000000E+0000   0.0000000E+0000   0.0000000E+0000  -0.2812226E+0002
     0.17500   0.0000000E+0000   0.0000000E+0000   0.1406113E+0002   0.0000000E+0000   0.0000000E+0000   0.0000000E+0000  -0.2812226E+0002
     0.18000   0.0000000E+0000   0.0000000E+0000   0.1406113E+0002   0.0000000E+0000   0.0000000E+0000   0.0000000E+0000  -0.2812226E+0002
     0.18500   0.0000000E+0000   0.0000000E+0000   0.1406113E+0002   0.0000000E+0000   0.0000000E+0000   0.0000000E+0000  -0.2812226E+0002
     0.19000   0.0000000E+0000   0.0000000E+0000   0.1406113E+0002   0.0000000E+0000   0.0000000E+0000   0.0000000E+0000  -0.2812226E+0002
     0.19500   0.0000000E+0000   0.0000000E+0000   0.1406113E+0002   0.0000000E+0000   0.0000000E+0000   0.0000000E+0000  -0.2812226E+0002
     0.20000   0.0000000E+0000   0.0000000E+0000   0.1406113E+0002   0.0000000E+0000   0.0000000E+0000   0.0000000E+0000  -0.2812226E+0002
     0.20500   0.0000000E+0000   0.0000000E+0000   0.1406113E+0002   0.0000000E+0000   0.0000000E+0000   0.0000000E+0000  -0.2812226E+0002
     0.21000   0.0000000E+0000   0.0000000E+0000   0.1406113E+0002   0.0000000E+0000   0.0000000E+0000   0.0000000E+0000  -0.2812226E+0002
     0.21500   0.0000000E+0000   0.0000000E+0000   0.1406113E+0002   0.0000000E+0000   0.0000000E+0000   0.0000000E+0000  -0.2812226E+0002
     0.22000   0.0000000E+0000   0.0000000E+0000   0.1406113E+0002   0.0000000E+0000   0.0000000E+0000   0.0000000E+0000  -0.2812226E+0002
     0.22500   0.0000000E+0000   0.0000000E+0000   0.1406113E+0002   0.0000000E+0000   0.0000000E+0000   0.0000000E+0000  -0.2812226E+0002
     0.23000   0.0000000E+0000   0.0000000E+0000   0.1406113E+0002   0.0000000E+0000   0.0000000E+0000   0.0000000E+0000  -0.2812226E+0002
     0.23500   0.0000000E+0000   0.0000000E+0000   0.1406113E+0002   0.0000000E+0000   0.0000000E+0000   0.0000000E+0000  -0.2812226E+0002
     0.24000   0.0000000E+0000   0.0000000E+0000   0.1406113E+0002   0.0000000E+0000   0.0000000E+0000   0.0000000E+0000  -0.2812226E+0002
     0.24500   0.0000000E+0000   0.0000000E+0000   0.1406113E+0002   0.0000000E+0000   0.0000000E+0000   0.0000000E+0000  -0.2812226E+0002
     0.25000   0.0000000E+0000   0.0000000E+0000   0.1406113E+0002   0.0000000E+0000   0.0000000E+0000   0.0000000E+0000  -0.2812226E+0002
     0.25500   0.0000000E+0000   0.0000000E+0000   0.1406113E+0002   0.0000000E+0000   0.0000000E+0000   0.0000000E+0000  -0.2812226E+0002
     0.26000   0.0000000E+0000   0.0000000E+0000   0.1406113E+0002   0.0000000E+0000   0.0000000E+0000   0.0000000E+0000  -0.2812226E+0002
     0.26500   0.0000000E+0000   0.0000000E+0000   0.1406113E+0002   0.0000000E+0000   0.0000000E+0000   0.0000000E+0000  -0.2812226E+0002
     0.27000   0.0000000E+0000   0.0000000E+0000   0.1406113E+0002   0.0000000E+0000   0.0000000E+0000   0.0000000E+0000  -0.2812226E+0002
     0.27500   0.0000000E+0000   0.0000000E+0000   0.1406113E+0002   0.0000000E+0000   0.0000000E+0000   0.0000000E+0000  -0.2812226E+0002
     0.28000   0.0000000E+0000   0.0000000E+0000   0.1406113E+0002   0.0000000E+0000   0.0000000E+0000   0.0000000E+0000  -0.2812226E+0002
     0.28500   0.0000000E+0000   0.0000000E+0000   0.1406113E+0002   0.0000000E+0000   0.0000000E+0000   0.0000000E+0000  -0.2812226E+0002
     0.29000   0.0000000E+0000   0.0000000E+0000   0.1406113E+0002   0.0000000E+0000   0.0000000E+0000   0.0000000E+0000  -0.2812226E+0002
     0.29500   0.0000000E+0000   0.0000000E+0000   0.1406113E+0002   0.0000000E+0000   0.0000000E+0000   0.0000000E+0000  -0.2812226E+0002
     0.30000   0.0000000E+0000   0.0000000E+0000   0.1406113E+0002   0.0000000E+0000   0.0000000E+0000   0.0000000E+0000  -0.2812226E+0002
     0.30500   0.0000000E+0000   0.0000000E+0000   0.1406113E+0002   0.0000000E+0000   0.0000000E+0000   0.0000000E+0000  -0.2812226E+0002
     0.31000   0.0000000E+0000   0.0000000E+0000   0.1406113E+0002   0.0000000E+0000   0.0000000E+0000   0.0000000E+0000  -0.2812226E+0002
     0.31500   0.0000000E+0000   0.0000000E+0000   0.1406113E+0002   0.0000000E+0000   0.0000000E+0000   0.0000000E+0000  -0.2812226E+0002
     0.32000   0.0000000E+0000   0.0000000E+0000   0.1406113E+0002   0.0000000E+0000   0.0000000E+0000   0.0000000E+0000  -0.2812226E+0002
     0.32500   0.0000000E+0000   0.0000000E+0000   0.1406113E+0002   0.0000000E+0000   0.0000000E+0000   0.0000000E+0000  -0.2812226E+0002
     0.33000   0.0000000E+0000   0.0000000E+0000   0.1406113E+0002   0.0000000E+0000   0.0000000E+0000   0.0000000E+0000  -0.2812226E+0002
     0.33500   0.0000000E+0000   0.0000000E+0000   0.1406113E+0002   0.0000000E+0000   0.0000000E+0000   0.0000000E+0000  -0.2812226E+0002
     0.34000   0.0000000E+0000   0.0000000E+0000   0.1406113E+0002   0.0000000E+0000   0.0000000E+0000   0.0000000E+0000  -0.2812226E+0002
     0.34500   0.0000000E+0000   0.0000000E+0000   0.1406113E+0002   0.0000000E+0000   0.0000000E+0000   0.0000000E+0000  -0.2812226E+0002
     0.35000   0.0000000E+0000   0.0000000E+0000   0.1406113E+0002   0.0000000E+0000   0.0000000E+0000   0.0000000E+0000  -0.2812226E+0002
     0.35500   0.0000000E+0000   0.0000000E+0000   0.1406113E+0002   0.0000000E+0000   0.0000000E+0000   0.0000000E+0000  -0.2812226E+0002
     0.36000   0.0000000E+0000   0.0000000E+0000   0.1406113E+0002   0.0000000E+0000   0.0000000E+0000   0.0000000E+0000  -0.2812226E+0002
     0.36500   0.0000000E+0000   0.0000000E+0000   0.1406113E+0002   0.0000000E+0000   0.0000000E+0000   0.0000000E+0000  -0.2812226E+0002
     0.37000   0.0000000E+0000   0.0000000E+0000   0.1406113E+0002   0.0000000E+0000   0.0000000E+0000  -0.3967385E-0061  -0.2812226E+0002
     0.37500   0.0000000E+0000   0.0000000E+0000   0.1406113E+0002  -0.4216879E-0080  -0.1079521E-0077  -0.3285230E-0059  -0.2812226E+0002
     0.38000   0.0000000E+0000   0.0000000E+0000   0.1406113E+0002   0.0000000E+0000   0.0000000E+0000  -0.2047672E-0057  -0.2812226E+0002
     0.38500   0.0000000E+0000   0.0000000E+0000   0.1406113E+0002   0.0000000E+0000   0.0000000E+0000  -0.6481989E-0056  -0.2812226E+0002
     0.39000   0.0000000E+0000   0.0000000E+0000   0.1406113E+0002   0.0000000E+0000   0.0000000E+0000  -0.1673450E-0054  -0.2812226E+0002
     0.39500   0.0000000E+0000   0.0000000E+0000   0.1406113E+0002   0.0000000E+0000   0.0000000E+0000  -0.3467119E-0053  -0.2812226E+0002
     0.40000   0.0000000E+0000   0.0000000E+0000   0.1406113E+0002   0.0000000E+0000   0.0000000E+0000  -0.6705213E-0052  -0.2812226E+0002
     0.40500   0.0000000E+0000   0.0000000E+0000   0.1406113E+0002   0.0000000E+0000   0.0000000E+0000  -0.8274667E-0051  -0.2812226E+0002
     0.41000   0.0000000E+0000   0.0000000E+0000   0.1406113E+0002   0.0000000E+0000   0.0000000E+0000  -0.1004002E-0049  -0.2812226E+0002
     0.41500   0.0000000E+0000   0.0000000E+0000   0.1406113E+0002   0.0000000E+0000   0.0000000E+0000  -0.1129290E-0048  -0.2812226E+0002
     0.42000   0.0000000E+0000   0.0000000E+0000   0.1406113E+0002   0.0000000E+0000   0.0000000E+0000  -0.1217394E-0047  -0.2812226E+0002
     0.42500   0.0000000E+0000   0.0000000E+0000   0.1406113E+0002   0.0000000E+0000   0.0000000E+0000  -0.9899866E-0047  -0.2812226E+0002
     0.43000   0.0000000E+0000   0.0000000E+0000   0.1406113E+0002   0.0000000E+0000   0.0000000E+0000  -0.9969661E-0046  -0.2812226E+0002
     0.43500   0.0000000E+0000   0.0000000E+0000   0.1406113E+0002   0.0000000E+0000   0.0000000E+0000  -0.7437941E-0045  -0.2812226E+0002
     0.44000   0.0000000E+0000   0.0000000E+0000   0.1406113E+0002   0.0000000E+0000   0.0000000E+0000  -0.5409625E-0044  -0.2812226E+0002
     0.44500   0.0000000E+0000   0.0000000E+0000   0.1406113E+0002   0.0000000E+0000   0.0000000E+0000  -0.3688231E-0043  -0.2812226E+0002
     0.45000   0.0000000E+0000   0.0000000E+0000   0.1406113E+0002   0.0000000E+0000   0.0000000E+0000  -0.2132065E-0042  -0.2812226E+0002
     0.45500   0.0000000E+0000   0.0000000E+0000   0.1406113E+0002   0.0000000E+0000   0.0000000E+0000  -0.1309632E-0041  -0.2812226E+0002
     0.46000   0.0000000E+0000   0.0000000E+0000   0.1406113E+0002   0.0000000E+0000   0.0000000E+0000  -0.6379643E-0041  -0.2812226E+0002
     0.46500   0.0000000E+0000   0.0000000E+0000   0.1406113E+0002   0.0000000E+0000   0.0000000E+0000  -0.3512896E-0040  -0.2812226E+0002
     0.47000   0.0000000E+0000   0.0000000E+0000   0.1406113E+0002   0.0000000E+0000   0.0000000E+0000  -0.1935174E-0039  -0.2812226E+0002
     0.47500   0.0000000E+0000   0.0000000E+0000   0.1406113E+0002   0.0000000E+0000   0.0000000E+0000  -0.8831544E-0039  -0.2812226E+0002
     0.48000   0.0000000E+0000   0.0000000E+0000   0.1406113E+0002   0.0000000E+0000   0.0000000E+0000  -0.3251586E-0038  -0.2812226E+0002
     0.48500   0.0000000E+0000   0.0000000E+0000   0.1406113E+0002   0.0000000E+0000   0.0000000E+0000  -0.1374590E-0037  -0.2812226E+0002
     0.49000   0.0000000E+0000   0.0000000E+0000   0.1406113E+0002   0.0000000E+0000   0.0000000E+0000  -0.6019009E-0037  -0.2812226E+0002
     0.49500   0.0000000E+0000   0.0000000E+0000   0.1406113E+0002   0.0000000E+0000   0.0000000E+0000  -0.2568531E-0036  -0.2812226E+0002
     0.50000   0.0000000E+0000   0.0000000E+0000   0.1406113E+0002   0.0000000E+0000   0.0000000E+0000  -0.9971202E-0036  -0.2812226E+0002
     0.50500   0.0000000E+0000   0.0000000E+0000   0.1406113E+0002   0.0000000E+0000   0.0000000E+0000  -0.3357392E-0035  -0.2812226E+0002
     0.51000   0.0000000E+0000   0.0000000E+0000   0.1406113E+0002   0.0000000E+0000   0.0000000E+0000  -0.1264197E-0034  -0.2812226E+0002
     0.51500   0.0000000E+0000   0.0000000E+0000   0.1406113E+0002   0.0000000E+0000   0.0000000E+0000  -0.3732006E-0034  -0.2812226E+0002
     0.52000   0.0000000E+0000   0.0000000E+0000   0.1406113E+0002   0.0000000E+0000   0.0000000E+0000  -0.9499652E-0034  -0.2812226E+0002
     0.52500   0.0000000E+0000   0.0000000E+0000   0.1406113E+0002   0.0000000E+0000   0.0000000E+0000  -0.2727111E-0033  -0.2812226E+0002
     0.53000   0.0000000E+0000   0.0000000E+0000   0.1406113E+0002   0.0000000E+0000   0.0000000E+0000  -0.9564276E-0033  -0.2812226E+0002
     0.53500   0.0000000E+0000   0.0000000E+0000   0.1406113E+0002   0.0000000E+0000   0.0000000E+0000  -0.2129990E-0032  -0.2812226E+0002
     0.54000   0.0000000E+0000   0.0000000E+0000   0.1406113E+0002   0.0000000E+0000   0.0000000E+0000  -0.5728226E-0032  -0.2812226E+0002
     0.54500   0.0000000E+0000   0.0000000E+0000   0.1406113E+0002   0.0000000E+0000   0.0000000E+0000  -0.1737079E-0031  -0.2812226E+0002
     0.55000   0.0000000E+0000   0.0000000E+0000   0.1406113E+0002   0.0000000E+0000   0.0000000E+0000  -0.2911676E-0031  -0.2812226E+0002
     0.55500   0.0000000E+0000   0.0000000E+0000   0.1406113E+0002   0.0000000E+0000   0.0000000E+0000  -0.1548482E-0030  -0.2812226E+0002
     0.56000   0.0000000E+0000   0.0000000E+0000   0.1406113E+0002   0.0000000E+0000   0.0000000E+0000  -0.3361662E-0030  -0.2812226E+0002
     0.56500   0.0000000E+0000   0.0000000E+0000   0.1406113E+0002   0.0000000E+0000   0.0000000E+0000  -0.6723324E-0030  -0.2812226E+0002
     0.57000   0.0000000E+0000   0.0000000E+0000   0.1406113E+0002   0.0000000E+0000   0.0000000E+0000  -0.1090555E-0029  -0.2812226E+0002
     0.57500   0.2356482E-0017   0.4712964E-0015   0.1406113E+0002   0.0000000E+0000   0.0000000E+0000  -0.1228198E-0029  -0.2812226E+0002
     0.58000   0.2356482E-0017   0.0000000E+0000   0.1406113E+0002   0.0000000E+0000   0.0000000E+0000  -0.8724439E-0029  -0.2812226E+0002
     0.58500   0.4712964E-0017   0.4712964E-0015   0.1406113E+0002   0.0000000E+0000   0.0000000E+0000  -0.5082198E-0029  -0.2812226E+0002
     0.59000   0.7069446E-0017   0.4712964E-0015   0.1406113E+0002   0.0000000E+0000   0.0000000E+0000  -0.5488773E-0028  -0.2812226E+0002
     0.59500   0.9425929E-0017   0.4712964E-0015   0.1406113E+0002   0.0000000E+0000   0.0000000E+0000  -0.5421011E-0029  -0.2812226E+0002
     0.60000   0.9425929E-0017   0.0000000E+0000   0.1406113E+0002   0.0000000E+0000   0.0000000E+0000  -0.1165517E-0027  -0.2812226E+0002
     0.60500   0.1178241E-0016   0.4712964E-0015   0.1406113E+0002   0.0000000E+0000   0.0000000E+0000  -0.7426785E-0027  -0.2812226E+0002
     0.61000   0.1178241E-0016   0.0000000E+0000   0.1406113E+0002   0.0000000E+0000   0.0000000E+0000  -0.1517883E-0026  -0.2812226E+0002
     0.61500   0.1413889E-0016   0.4712964E-0015   0.1406113E+0002   0.0000000E+0000   0.0000000E+0000  -0.2493665E-0026  -0.2812226E+0002
     0.62000   0.1413889E-0016   0.0000000E+0000   0.1406113E+0002   0.0000000E+0000   0.0000000E+0000  -0.3729655E-0026  -0.2812226E+0002
     0.62500   0.1649538E-0016   0.4712964E-0015   0.1406113E+0002   0.0000000E+0000   0.0000000E+0000  -0.5290907E-0026  -0.2812226E+0002
     0.63000   0.1885186E-0016   0.4712964E-0015   0.1406113E+0002   0.0000000E+0000   0.0000000E+0000  -0.7632783E-0026  -0.2812226E+0002
     0.63500   0.2120834E-0016   0.4712964E-0015   0.1406113E+0002   0.0000000E+0000   0.0000000E+0000  -0.2810252E-0025  -0.2812226E+0002
     0.64000   0.2120834E-0016   0.0000000E+0000   0.1406113E+0002   0.0000000E+0000   0.0000000E+0000  -0.9089951E-0025  -0.2812226E+0002
     0.64500   0.2356482E-0016   0.4712964E-0015   0.1406113E+0002   0.0000000E+0000   0.0000000E+0000  -0.2012279E-0024  -0.2812226E+0002
     0.65000   0.2356482E-0016   0.0000000E+0000   0.1406113E+0002   0.0000000E+0000   0.0000000E+0000  -0.3580469E-0024  -0.2812226E+0002
     0.65500   0.2356482E-0016   0.0000000E+0000   0.1406113E+0002   0.0000000E+0000   0.0000000E+0000  -0.6383782E-0024  -0.2812226E+0002
     0.66000   0.2356482E-0016   0.0000000E+0000   0.1406113E+0002   0.5739719E-0041   0.3673420E-0039  -0.1293410E-0023  -0.2812226E+0002
     0.66500   0.2592130E-0016   0.4712964E-0015   0.1406113E+0002   0.1147944E-0040   0.0000000E+0000  -0.2498002E-0023  -0.2812226E+0002
     0.67000   0.2592130E-0016   0.0000000E+0000   0.1406113E+0002   0.0000000E+0000   0.0000000E+0000  -0.3086420E-0023  -0.2812226E+0002
     0.67500   0.2592130E-0016   0.0000000E+0000   0.1406113E+0002   0.0000000E+0000   0.0000000E+0000  -0.7061018E-0023  -0.2812226E+0002
     0.68000   0.2592130E-0016   0.0000000E+0000   0.1406113E+0002   0.0000000E+0000   0.0000000E+0000  -0.9059420E-0023  -0.2812226E+0002
     0.68500   0.2827779E-0016   0.4712964E-0015   0.1406113E+0002   0.0000000E+0000   0.0000000E+0000  -0.5329071E-0023  -0.2812226E+0002
     0.69000   0.2827779E-0016   0.0000000E+0000   0.1406113E+0002   0.0000000E+0000   0.0000000E+0000   0.1083578E-0022  -0.2812226E+0002
     0.69500   0.3063427E-0016   0.4712964E-0015   0.1406113E+0002   0.0000000E+0000   0.0000000E+0000   0.5613288E-0022  -0.2812226E+0002
     0.70000   0.3299075E-0016   0.4712964E-0015   0.1406113E+0002   0.0000000E+0000   0.0000000E+0000   0.1534772E-0021  -0.2812226E+0002
     0.70500   0.3534723E-0016   0.4712964E-0015   0.1406113E+0002   0.0000000E+0000   0.0000000E+0000   0.3932854E-0021  -0.2812226E+0002
     0.71000   0.3770371E-0016   0.4712964E-0015   0.1406113E+0002   0.0000000E+0000   0.0000000E+0000   0.8164136E-0021  -0.2812226E+0002
     0.71500   0.3770371E-0016   0.0000000E+0000   0.1406113E+0002   0.0000000E+0000   0.0000000E+0000   0.1563905E-0020  -0.2812226E+0002
     0.72000   0.4006020E-0016   0.4712964E-0015   0.1406113E+0002   0.0000000E+0000   0.0000000E+0000   0.2920331E-0020  -0.2812226E+0002
     0.72500   0.4241668E-0016   0.4712964E-0015   0.1406113E+0002   0.0000000E+0000   0.0000000E+0000   0.5145750E-0020  -0.2812226E+0002
     0.73000   0.4241668E-0016   0.0000000E+0000   0.1406113E+0002   0.0000000E+0000   0.3761582E-0036   0.8500933E-0020  -0.2812226E+0002
     0.73500   0.4477316E-0016   0.4712964E-0015   0.1406113E+0002   0.0000000E+0000   0.0000000E+0000   0.1362253E-0019  -0.2812226E+0002
     0.74000   0.4477316E-0016   0.0000000E+0000   0.1406113E+0002   0.0000000E+0000   0.0000000E+0000   0.2070522E-0019  -0.2812226E+0002
     0.74500   0.4477316E-0016   0.0000000E+0000   0.1406113E+0002   0.0000000E+0000   0.0000000E+0000   0.2968363E-0019  -0.2812226E+0002
     0.75000   0.4477316E-0016   0.0000000E+0000   0.1406113E+0002   0.0000000E+0000   0.0000000E+0000   0.4123990E-0019  -0.2812226E+0002
     0.75500   0.4477316E-0016   0.0000000E+0000   0.1406113E+0002   0.0000000E+0000   0.0000000E+0000   0.5391598E-0019  -0.2812226E+0002
     0.76000   0.4477316E-0016   0.0000000E+0000   0.1406113E+0002   0.0000000E+0000   0.0000000E+0000   0.6842242E-0019  -0.2812226E+0002
     0.76500   0.4477316E-0016   0.0000000E+0000   0.1406113E+0002   0.0000000E+0000   0.0000000E+0000   0.8212737E-0019  -0.2812226E+0002
     0.77000   0.4712964E-0016   0.4712964E-0015   0.1406112E+0002   0.0000000E+0000   0.0000000E+0000   0.9637233E-0019  -0.2812226E+0002
     0.77500   0.4712964E-0016   0.0000000E+0000   0.1406112E+0002   0.0000000E+0000   0.0000000E+0000   0.1145622E-0018  -0.2812226E+0002
     0.78000   0.4948613E-0016   0.4712964E-0015   0.1406112E+0002   0.0000000E+0000   0.0000000E+0000   0.1431658E-0018  -0.2812226E+0002
     0.78500   0.4948613E-0016   0.0000000E+0000   0.1406112E+0002   0.0000000E+0000   0.0000000E+0000   0.2036927E-0018  -0.2812226E+0002
     0.79000   0.5184261E-0016   0.4712964E-0015   0.1406112E+0002   0.0000000E+0000   0.0000000E+0000   0.3223022E-0018  -0.2812226E+0002
     0.79500   0.5184261E-0016   0.0000000E+0000   0.1406111E+0002   0.0000000E+0000   0.0000000E+0000   0.5399897E-0018  -0.2812226E+0002
     0.80000   0.5184261E-0016   0.0000000E+0000   0.1406111E+0002   0.0000000E+0000   0.0000000E+0000   0.8979669E-0018  -0.2812226E+0002
     0.80500   0.5419909E-0016   0.4712964E-0015   0.1406111E+0002   0.0000000E+0000   0.0000000E+0000   0.1426929E-0017  -0.2812226E+0002
     0.81000   0.5655557E-0016   0.4712964E-0015   0.1406110E+0002   0.0000000E+0000   0.0000000E+0000   0.2124011E-0017  -0.2812226E+0002
     0.81500   0.5891205E-0016   0.4712964E-0015   0.1406110E+0002   0.0000000E+0000   0.1925930E-0033   0.2944830E-0017  -0.2812226E+0002
     0.82000   0.5891205E-0016   0.0000000E+0000   0.1406109E+0002   0.1203706E-0034   0.3851860E-0033   0.3768059E-0017  -0.2812226E+0002
     0.82500   0.5891205E-0016   0.0000000E+0000   0.1406109E+0002   0.1203706E-0034   0.0000000E+0000   0.4428671E-0017  -0.2812226E+0002
     0.83000   0.5891205E-0016   0.0000000E+0000   0.1406108E+0002   0.2407412E-0034   0.0000000E+0000   0.4742469E-0017  -0.2812226E+0002
     0.83500   0.5891205E-0016   0.0000000E+0000   0.1406107E+0002   0.2407412E-0034   0.0000000E+0000   0.4556546E-0017  -0.2812226E+0002
     0.84000   0.5891205E-0016   0.0000000E+0000   0.1406107E+0002   0.2407412E-0034   0.0000000E+0000   0.3856826E-0017  -0.2812226E+0002
     0.84500   0.6126854E-0016   0.4712964E-0015   0.1406106E+0002   0.2407412E-0034   0.0000000E+0000   0.2850607E-0017  -0.2812226E+0002
     0.85000   0.6126854E-0016   0.0000000E+0000   0.1406105E+0002   0.2407412E-0034   0.3851860E-0033  -0.2208594E-0016  -0.2812226E+0002
     0.85500   0.6126854E-0016   0.0000000E+0000   0.1406104E+0002   0.2407412E-0034  -0.3851860E-0033  -0.5291668E-0016  -0.2812226E+0002
     0.86000   0.6362502E-0016   0.4712964E-0015   0.1406103E+0002   0.2407412E-0034  -0.7703720E-0033  -0.6001974E-0016  -0.2812226E+0002
     0.86500   0.6598150E-0016   0.4712964E-0015   0.1406102E+0002   0.2407412E-0034  -0.1540744E-0032  -0.9334726E-0016  -0.2812226E+0002
     0.87000   0.6715974E-0016   0.2356482E-0015   0.1406101E+0002   0.2407412E-0034   0.0000000E+0000  -0.1007367E-0015  -0.2812226E+0002
     0.87500   0.6833798E-0016   0.2356482E-0015   0.1406100E+0002   0.0000000E+0000  -0.4622232E-0032  -0.7690455E-0016  -0.2812226E+0002
     0.88000   0.7069446E-0016   0.4712964E-0015   0.1406099E+0002  -0.2106486E-0034  -0.3851860E-0032  -0.6967562E-0016  -0.2812226E+0002
     0.88500   0.7187271E-0016   0.2356482E-0015   0.1406097E+0002  -0.2708339E-0034  -0.1540744E-0032  -0.1852063E-0016  -0.2812226E+0002
     0.89000   0.7305095E-0016   0.2356482E-0015   0.1406096E+0002  -0.3611119E-0034  -0.7703720E-0033   0.3096220E-0016  -0.2812226E+0002
     0.89500   0.7305095E-0016   0.0000000E+0000   0.1406094E+0002  -0.3611119E-0034   0.0000000E+0000   0.7374588E-0016  -0.2812226E+0002
     0.90000   0.7422919E-0016   0.2356482E-0015   0.1406093E+0002  -0.3009266E-0034   0.1540744E-0032   0.5556817E-0016  -0.2812226E+0002
     0.90500   0.7422919E-0016   0.0000000E+0000   0.1406091E+0002  -0.3611119E-0034  -0.7703720E-0033   0.3280547E-0017  -0.2812226E+0002
     0.91000   0.7540743E-0016   0.2356482E-0015   0.1406089E+0002  -0.3611119E-0034   0.0000000E+0000   0.2052766E-0016  -0.2812226E+0002
     0.91500   0.7658567E-0016   0.2356482E-0015   0.1406087E+0002  -0.3611119E-0034   0.0000000E+0000  -0.1051139E-0016  -0.2812226E+0002
     0.92000   0.7894215E-0016   0.4712964E-0015   0.1406085E+0002  -0.3611119E-0034   0.0000000E+0000   0.2764154E-0016  -0.2812226E+0002
     0.92500   0.8129863E-0016   0.4712964E-0015   0.1406083E+0002  -0.4814825E-0034   0.0000000E+0000   0.6481660E-0016  -0.2812226E+0002
     0.93000   0.8129863E-0016   0.0000000E+0000   0.1406081E+0002  -0.4814825E-0034   0.0000000E+0000   0.7349236E-0016  -0.2812226E+0002
     0.93500   0.8365512E-0016   0.4712964E-0015   0.1406079E+0002  -0.4814825E-0034   0.0000000E+0000   0.1186715E-0015  -0.2812226E+0002
     0.94000   0.8483336E-0016   0.2356482E-0015   0.1406076E+0002   0.0000000E+0000   0.3081488E-0032   0.1287955E-0015  -0.2812226E+0002
     0.94500   0.8601160E-0016   0.2356482E-0015   0.1406073E+0002   0.4814825E-0034   0.3081488E-0032   0.1741097E-0015  -0.2812226E+0002
     0.95000   0.8718984E-0016   0.2356482E-0015   0.1406071E+0002   0.4814825E-0034   0.0000000E+0000   0.1880097E-0015  -0.2812226E+0002
     0.95500   0.8718984E-0016   0.0000000E+0000   0.1406068E+0002   0.4814825E-0034   0.0000000E+0000   0.2329003E-0015  -0.2812226E+0002
     0.96000   0.8836808E-0016   0.2356482E-0015   0.1406065E+0002   0.4814825E-0034   0.0000000E+0000   0.2150437E-0015  -0.2812226E+0002
     0.96500   0.9072456E-0016   0.4712964E-0015   0.1406061E+0002   0.4814825E-0034   0.0000000E+0000   0.2018792E-0015  -0.2812226E+0002
     0.97000   0.9190280E-0016   0.2356482E-0015   0.1406058E+0002   0.4814825E-0034   0.0000000E+0000   0.8770194E-0016  -0.2812226E+0002
     0.97500   0.9308104E-0016   0.2356482E-0015   0.1406055E+0002   0.4814825E-0034   0.0000000E+0000   0.1218841E-0016  -0.2812226E+0002
     0.98000   0.9543753E-0016   0.4712964E-0015   0.1406051E+0002   0.4814825E-0034   0.0000000E+0000   0.1793187E-0016  -0.2812226E+0002
     0.98500   0.9543753E-0016   0.0000000E+0000   0.1406047E+0002   0.4814825E-0034   0.0000000E+0000  -0.1156058E-0015  -0.2812226E+0002
     0.99000   0.9661577E-0016   0.2356482E-0015   0.1406043E+0002   0.4814825E-0034  -0.3081488E-0032  -0.4883696E-0016  -0.2812226E+0002
     0.99500   0.9779401E-0016   0.2356482E-0015   0.1406039E+0002   0.3611119E-0034  -0.1540744E-0032  -0.1196722E-0016  -0.2812226E+0002
     1.00000   0.1001505E-0015   0.4712964E-0015   0.1406034E+0002   0.2407412E-0034  -0.1540744E-0032   0.5761049E-0016  -0.2812226E+0002
     1.00500   0.1013287E-0015   0.2356482E-0015   0.1406029E+0002   0.3611119E-0034   0.3081488E-0032   0.1801060E-0015  -0.2812226E+0002
     1.01000   0.1036852E-0015   0.4712964E-0015   0.1406024E+0002   0.6018531E-0034   0.3081488E-0032   0.1752649E-0015  -0.2812226E+0002
     1.01500   0.1048635E-0015   0.2356482E-0015   0.1406019E+0002   0.7222237E-0034   0.3081488E-0032   0.1143033E-0015  -0.2812226E+0002
     1.02000   0.1060417E-0015   0.2356482E-0015   0.1406014E+0002   0.7222237E-0034   0.0000000E+0000   0.3033492E-0016  -0.2812226E+0002
     1.02500   0.1083982E-0015   0.4712964E-0015   0.1406008E+0002   0.7824090E-0034   0.1540744E-0032   0.1923581E-0017  -0.2812226E+0002
     1.03000   0.1095764E-0015   0.2356482E-0015   0.1406002E+0002   0.8425944E-0034   0.1540744E-0032   0.3284003E-0017  -0.2812226E+0002
     1.03500   0.1107547E-0015   0.2356482E-0015   0.1405996E+0002   0.8425944E-0034  -0.7703720E-0033   0.9314535E-0016  -0.2812226E+0002
     1.04000   0.1107547E-0015   0.0000000E+0000   0.1405990E+0002   0.9027797E-0034   0.1540744E-0032   0.9093765E-0016  -0.2812226E+0002
     1.04500   0.1119329E-0015   0.2356482E-0015   0.1405983E+0002   0.9027797E-0034   0.0000000E+0000   0.7509389E-0016  -0.2812226E+0002
     1.05000   0.1119329E-0015   0.0000000E+0000   0.1405976E+0002   0.9027797E-0034   0.0000000E+0000   0.1106086E-0015  -0.2812226E+0002
     1.05500   0.1131111E-0015   0.2356482E-0015   0.1405968E+0002   0.9629650E-0034   0.0000000E+0000   0.1344933E-0015  -0.2812226E+0002
     1.06000   0.1142894E-0015   0.2356482E-0015   0.1405961E+0002   0.9629650E-0034   0.0000000E+0000   0.2354311E-0015  -0.2812226E+0002
     1.06500   0.1154676E-0015   0.2356482E-0015   0.1405953E+0002   0.9629650E-0034   0.0000000E+0000   0.3577115E-0015  -0.2812226E+0002
     1.07000   0.1166459E-0015   0.2356482E-0015   0.1405944E+0002   0.9629650E-0034   0.6162976E-0032   0.4179143E-0015  -0.2812226E+0002
     1.07500   0.1166459E-0015   0.0000000E+0000   0.1405936E+0002   0.9629650E-0034   0.6162976E-0032   0.4397843E-0015  -0.2812226E+0002
     1.08000   0.1190023E-0015   0.4712964E-0015   0.1405926E+0002   0.1203706E-0033   0.6162976E-0032   0.4153389E-0015  -0.2812226E+0002
     1.08500   0.1213588E-0015   0.4712964E-0015   0.1405917E+0002   0.1564818E-0033   0.6162976E-0032   0.3368899E-0015  -0.2812226E+0002
     1.09000   0.1213588E-0015   0.0000000E+0000   0.1405907E+0002   0.1805559E-0033   0.6162976E-0032   0.2543715E-0015  -0.2812226E+0002
     1.09500   0.1225371E-0015   0.2356482E-0015   0.1405897E+0002   0.1925930E-0033   0.1540744E-0032   0.2722940E-0015  -0.2812226E+0002
     1.10000   0.1237153E-0015   0.2356482E-0015   0.1405886E+0002   0.2166671E-0033   0.1540744E-0032   0.2882447E-0015  -0.2812226E+0002
     1.10500   0.1248936E-0015   0.2356482E-0015   0.1405874E+0002   0.2166671E-0033   0.1540744E-0032   0.3466819E-0015  -0.2812226E+0002
     1.11000   0.1272500E-0015   0.4712964E-0015   0.1405863E+0002   0.2648154E-0033   0.9244464E-0032   0.3849505E-0015  -0.2812226E+0002
     1.11500   0.1296065E-0015   0.4712964E-0015   0.1405850E+0002   0.3129636E-0033   0.1232595E-0031   0.3566020E-0015  -0.2812226E+0002
     1.12000   0.1296065E-0015   0.0000000E+0000   0.1405837E+0002   0.2888895E-0033  -0.3081488E-0032   0.2491528E-0015  -0.2812226E+0002
     1.12500   0.1284283E-0015  -0.2356482E-0015   0.1405824E+0002   0.3370377E-0033   0.9244464E-0032   0.1186705E-0015  -0.2812226E+0002
     1.13000   0.1296065E-0015   0.2356482E-0015   0.1405810E+0002   0.3370377E-0033  -0.3081488E-0032   0.8967691E-0016  -0.2812226E+0002
     1.13500   0.1296065E-0015   0.0000000E+0000   0.1405795E+0002   0.3370377E-0033   0.0000000E+0000   0.1529785E-0015  -0.2812226E+0002
     1.14000   0.1307848E-0015   0.2356482E-0015   0.1405780E+0002   0.3611119E-0033   0.6162976E-0032   0.1490771E-0015  -0.2812226E+0002
     1.14500   0.1319630E-0015   0.2356482E-0015   0.1405764E+0002   0.3851860E-0033   0.3081488E-0032   0.1768087E-0015  -0.2812226E+0002
     1.15000   0.1319630E-0015   0.0000000E+0000   0.1405748E+0002   0.3851860E-0033   0.3081488E-0032   0.1551565E-0015  -0.2812226E+0002
     1.15500   0.1331412E-0015   0.2356482E-0015   0.1405731E+0002   0.4092601E-0033   0.3081488E-0032   0.1653731E-0015  -0.2812226E+0002
     1.16000   0.1343195E-0015   0.2356482E-0015   0.1405713E+0002   0.4092601E-0033   0.0000000E+0000   0.1525554E-0015  -0.2812226E+0002
     1.16500   0.1354977E-0015   0.2356482E-0015   0.1405694E+0002   0.4092601E-0033   0.0000000E+0000   0.1657034E-0015  -0.2812226E+0002
     1.17000   0.1366760E-0015   0.2356482E-0015   0.1405675E+0002   0.4092601E-0033   0.0000000E+0000   0.2379107E-0015  -0.2812226E+0002
     1.17500   0.1366760E-0015   0.0000000E+0000   0.1405655E+0002   0.4092601E-0033   0.0000000E+0000   0.2363340E-0015  -0.2812226E+0002
     1.18000   0.1378542E-0015   0.2356482E-0015   0.1405634E+0002   0.4212972E-0033   0.3081488E-0032   0.2095752E-0015  -0.2812226E+0002
     1.18500   0.1390324E-0015   0.2356482E-0015   0.1405612E+0002   0.4333342E-0033   0.3081488E-0032   0.1519009E-0015  -0.2812226E+0002
     1.19000   0.1413889E-0015   0.4712964E-0015   0.1405589E+0002   0.4574084E-0033   0.3081488E-0032   0.8116622E-0016  -0.2812226E+0002
     1.19500   0.1425672E-0015   0.2356482E-0015   0.1405565E+0002   0.4333342E-0033   0.3081488E-0032   0.7954441E-0016  -0.2812226E+0002
     1.20000   0.1437454E-0015   0.2356482E-0015   0.1405540E+0002   0.4333342E-0033  -0.3081488E-0032   0.1363893E-0015  -0.2812226E+0002
     1.20500   0.1461019E-0015   0.4712964E-0015   0.1405515E+0002   0.4333342E-0033   0.0000000E+0000   0.1494132E-0015  -0.2812226E+0002
     1.21000   0.1484584E-0015   0.4712964E-0015   0.1405488E+0002   0.4333342E-0033   0.0000000E+0000   0.1745539E-0015  -0.2812226E+0002
     1.21500   0.1484584E-0015   0.0000000E+0000   0.1405460E+0002   0.4333342E-0033   0.0000000E+0000   0.1712564E-0015  -0.2812226E+0002
     1.22000   0.1508149E-0015   0.4712964E-0015   0.1405431E+0002   0.4574084E-0033   0.3081488E-0032   0.1079046E-0015  -0.2812226E+0002
     1.22500   0.1508149E-0015   0.0000000E+0000   0.1405402E+0002   0.4694454E-0033   0.3081488E-0032   0.2437882E-0016  -0.2812226E+0002
     1.23000   0.1519931E-0015   0.2356482E-0015   0.1405370E+0002   0.4875010E-0033   0.3081488E-0032  -0.1296939E-0016  -0.2812226E+0002
     1.23500   0.1531713E-0015   0.2356482E-0015   0.1405338E+0002   0.4814825E-0033   0.0000000E+0000   0.5653128E-0016  -0.2812226E+0002
     1.24000   0.1543496E-0015   0.2356482E-0015   0.1405305E+0002   0.4814825E-0033   0.1540744E-0032   0.1096516E-0015  -0.2812226E+0002
     1.24500   0.1555278E-0015   0.2356482E-0015   0.1405270E+0002   0.5055566E-0033   0.3081488E-0032   0.1917368E-0015  -0.2812226E+0002
     1.25000   0.1567061E-0015   0.2356482E-0015   0.1405234E+0002   0.4814825E-0033  -0.3851860E-0032   0.2566710E-0015  -0.2812226E+0002
     1.25500   0.1578843E-0015   0.2356482E-0015   0.1405197E+0002   0.4814825E-0033   0.3081488E-0032   0.1642547E-0015  -0.2812226E+0002
     1.26000   0.1590625E-0015   0.2356482E-0015   0.1405158E+0002   0.4814825E-0033   0.3081488E-0032   0.1437729E-0015  -0.2812226E+0002
     1.26500   0.1602408E-0015   0.2356482E-0015   0.1405118E+0002   0.4814825E-0033  -0.1540744E-0032   0.1156819E-0015  -0.2812226E+0002
     1.27000   0.1614190E-0015   0.2356482E-0015   0.1405076E+0002   0.4814825E-0033   0.1540744E-0032   0.1160442E-0015  -0.2812226E+0002
     1.27500   0.1614190E-0015   0.0000000E+0000   0.1405033E+0002   0.4814825E-0033  -0.1540744E-0032   0.1862922E-0015  -0.2812226E+0002
     1.28000   0.1625973E-0015   0.2356482E-0015   0.1404988E+0002   0.4814825E-0033  -0.1540744E-0032   0.2286717E-0015  -0.2812226E+0002
     1.28500   0.1637755E-0015   0.2356482E-0015   0.1404941E+0002   0.4814825E-0033   0.3081488E-0032   0.2382192E-0015  -0.2812226E+0002
     1.29000   0.1637755E-0015   0.0000000E+0000   0.1404893E+0002   0.4814825E-0033   0.0000000E+0000   0.1740264E-0015  -0.2812226E+0002
     1.29500   0.1637755E-0015   0.0000000E+0000   0.1404843E+0002   0.4694454E-0033  -0.3081488E-0032   0.1503300E-0015  -0.2812226E+0002
     1.30000   0.1649538E-0015   0.2356482E-0015   0.1404791E+0002   0.4574084E-0033   0.0000000E+0000   0.1147841E-0015  -0.2812226E+0002
     1.30500   0.1661320E-0015   0.2356482E-0015   0.1404737E+0002   0.4814825E-0033   0.3081488E-0032   0.6706832E-0016  -0.2812226E+0002
     1.31000   0.1661320E-0015   0.0000000E+0000   0.1404681E+0002   0.4814825E-0033   0.0000000E+0000   0.2311572E-0016  -0.2812226E+0002
     1.31500   0.1684885E-0015   0.4712964E-0015   0.1404622E+0002   0.4814825E-0033   0.0000000E+0000   0.7526396E-0016  -0.2812226E+0002
     1.32000   0.1696667E-0015   0.2356482E-0015   0.1404562E+0002   0.4814825E-0033   0.0000000E+0000   0.7091294E-0016  -0.2812226E+0002
     1.32500   0.1708450E-0015   0.2356482E-0015   0.1404499E+0002   0.4814825E-0033   0.0000000E+0000   0.7140916E-0016  -0.2812226E+0002
     1.33000   0.1732014E-0015   0.4712964E-0015   0.1404434E+0002   0.4814825E-0033  -0.1540744E-0032   0.9112846E-0016  -0.2812226E+0002
     1.33500   0.1720232E-0015  -0.2356482E-0015   0.1404366E+0002   0.4694454E-0033  -0.1540744E-0032   0.1371664E-0015  -0.2812226E+0002
     1.34000   0.1732014E-0015   0.2356482E-0015   0.1404296E+0002   0.4814825E-0033   0.1540744E-0032   0.2073561E-0015  -0.2812226E+0002
     1.34500   0.1743797E-0015   0.2356482E-0015   0.1404223E+0002   0.4814825E-0033   0.0000000E+0000   0.2462679E-0015  -0.2812226E+0002
     1.35000   0.1767362E-0015   0.4712964E-0015   0.1404147E+0002   0.4814825E-0033   0.0000000E+0000   0.2801535E-0015  -0.2812226E+0002
     1.35500   0.1755579E-0015  -0.2356482E-0015   0.1404069E+0002   0.4814825E-0033   0.0000000E+0000   0.2759334E-0015  -0.2812226E+0002
     1.36000   0.1767362E-0015   0.2356482E-0015   0.1403989E+0002   0.4814825E-0033   0.0000000E+0000   0.2331712E-0015  -0.2812226E+0002
     1.36500   0.1790926E-0015   0.4712964E-0015   0.1403905E+0002   0.4814825E-0033   0.0000000E+0000   0.1641543E-0015  -0.2812226E+0002
     1.37000   0.1790926E-0015   0.0000000E+0000   0.1403819E+0002   0.4814825E-0033   0.0000000E+0000   0.1739128E-0015  -0.2812226E+0002
     1.37500   0.1790926E-0015   0.0000000E+0000   0.1403731E+0002   0.4814825E-0033   0.0000000E+0000   0.2195622E-0015  -0.2812226E+0002
     1.38000   0.1790926E-0015   0.0000000E+0000   0.1403639E+0002   0.4814825E-0033   0.0000000E+0000   0.2816669E-0015  -0.2812226E+0002
     1.38500   0.1802709E-0015   0.2356482E-0015   0.1403546E+0002   0.5296307E-0033   0.6162976E-0032   0.3096095E-0015  -0.2812226E+0002
     1.39000   0.1802709E-0015   0.0000000E+0000   0.1403450E+0002   0.5296307E-0033   0.0000000E+0000   0.3029563E-0015  -0.2812226E+0002
     1.39500   0.1826274E-0015   0.4712964E-0015   0.1403351E+0002   0.5296307E-0033   0.0000000E+0000   0.2572167E-0015  -0.2812226E+0002
     1.40000   0.1838056E-0015   0.2356482E-0015   0.1403250E+0002   0.5777790E-0033   0.0000000E+0000   0.1652690E-0015  -0.2812226E+0002
     1.40500   0.1838056E-0015   0.0000000E+0000   0.1403146E+0002   0.5777790E-0033   0.3081488E-0032   0.8375209E-0016  -0.2812226E+0002
     1.41000   0.1849838E-0015   0.2356482E-0015   0.1403040E+0002   0.5777790E-0033   0.3081488E-0032   0.5466572E-0016  -0.2812226E+0002
     1.41500   0.1861621E-0015   0.2356482E-0015   0.1402931E+0002   0.5777790E-0033   0.3081488E-0032   0.8117931E-0016  -0.2812226E+0002
     1.42000   0.1861621E-0015   0.0000000E+0000   0.1402821E+0002   0.5777790E-0033   0.0000000E+0000   0.7826311E-0016  -0.2812226E+0002
     1.42500   0.1873403E-0015   0.2356482E-0015   0.1402708E+0002   0.5777790E-0033   0.0000000E+0000   0.9435753E-0016  -0.2812226E+0002
     1.43000   0.1873403E-0015   0.0000000E+0000   0.1402592E+0002   0.5777790E-0033   0.0000000E+0000   0.8039933E-0016  -0.2812226E+0002
     1.43500   0.1885186E-0015   0.2356482E-0015   0.1402475E+0002   0.5777790E-0033   0.0000000E+0000   0.7633644E-0016  -0.2812226E+0002
     1.44000   0.1896968E-0015   0.2356482E-0015   0.1402355E+0002   0.5777790E-0033   0.0000000E+0000   0.8566130E-0016  -0.2812226E+0002
     1.44500   0.1896968E-0015   0.0000000E+0000   0.1402233E+0002   0.5777790E-0033   0.0000000E+0000   0.1365581E-0015  -0.2812226E+0002
     1.45000   0.1896968E-0015   0.0000000E+0000   0.1402110E+0002   0.5777790E-0033   0.0000000E+0000   0.2185581E-0015  -0.2812226E+0002
     1.45500   0.1896968E-0015   0.0000000E+0000   0.1401984E+0002   0.6259272E-0033   0.9244464E-0032   0.2687244E-0015  -0.2812226E+0002
     1.46000   0.1896968E-0015   0.0000000E+0000   0.1401856E+0002   0.6018531E-0033  -0.4622232E-0032   0.2851855E-0015  -0.2812226E+0002
     1.46500   0.1920533E-0015   0.4712964E-0015   0.1401726E+0002   0.5777790E-0033  -0.6162976E-0032   0.2599059E-0015  -0.2812226E+0002
     1.47000   0.1932315E-0015   0.2356482E-0015   0.1401595E+0002   0.5777790E-0033   0.0000000E+0000   0.2103974E-0015  -0.2812226E+0002
     1.47500   0.1955880E-0015   0.4712964E-0015   0.1401461E+0002   0.5777790E-0033   0.0000000E+0000   0.2230256E-0015  -0.2812226E+0002
     1.48000   0.1991227E-0015   0.7069447E-0015   0.1401326E+0002   0.5777790E-0033   0.0000000E+0000   0.2983608E-0015  -0.2812226E+0002
     1.48500   0.2003010E-0015   0.2356482E-0015   0.1401189E+0002   0.5777790E-0033   0.0000000E+0000   0.3020104E-0015  -0.2812226E+0002
     1.49000   0.2026575E-0015   0.4712964E-0015   0.1401051E+0002   0.5777790E-0033   0.6162976E-0032   0.3195513E-0015  -0.2812226E+0002
     1.49500   0.2050139E-0015   0.4712964E-0015   0.1400911E+0002   0.5777790E-0033   0.0000000E+0000   0.2588815E-0015  -0.2812226E+0002
     1.50000   0.2061922E-0015   0.2356482E-0015   0.1400770E+0002   0.5777790E-0033   0.0000000E+0000   0.2271234E-0015  -0.2812226E+0002
     1.50500   0.2073704E-0015   0.2356482E-0015   0.1400627E+0002   0.5777790E-0033   0.0000000E+0000   0.2567482E-0015  -0.2812226E+0002
     1.51000   0.2097269E-0015   0.4712964E-0015   0.1400483E+0002   0.5777790E-0033   0.0000000E+0000   0.3526278E-0015  -0.2812226E+0002
     1.51500   0.2109052E-0015   0.2356482E-0015   0.1400337E+0002   0.6018531E-0033   0.4622232E-0032   0.4198926E-0015  -0.2812226E+0002
     1.52000   0.2120834E-0015   0.2356482E-0015   0.1400191E+0002   0.6259272E-0033   0.4622232E-0032   0.3797963E-0015  -0.2812226E+0002
     1.52500   0.2132616E-0015   0.2356482E-0015   0.1400043E+0002   0.6138902E-0033  -0.2311116E-0032   0.2698886E-0015  -0.2812226E+0002
     1.53000   0.2144399E-0015   0.2356482E-0015   0.1399895E+0002   0.6379643E-0033   0.4622232E-0032   0.1235196E-0015  -0.2812226E+0002
     1.53500   0.2156181E-0015   0.2356482E-0015   0.1399745E+0002   0.6500014E-0033   0.1540744E-0032   0.7057097E-0016  -0.2812226E+0002
     1.54000   0.2179746E-0015   0.4712964E-0015   0.1399594E+0002   0.6500014E-0033   0.0000000E+0000   0.7070776E-0016  -0.2812226E+0002
     1.54500   0.2191528E-0015   0.2356482E-0015   0.1399443E+0002   0.6500014E-0033   0.0000000E+0000   0.1001375E-0015  -0.2812226E+0002
     1.55000   0.2203311E-0015   0.2356482E-0015   0.1399291E+0002   0.6500014E-0033   0.0000000E+0000   0.1720968E-0015  -0.2812226E+0002
     1.55500   0.2226876E-0015   0.4712964E-0015   0.1399138E+0002   0.6740755E-0033   0.6162976E-0032   0.3508554E-0015  -0.2812226E+0002
     1.56000   0.2226876E-0015   0.0000000E+0000   0.1398984E+0002   0.7222237E-0033   0.1540744E-0031   0.4674774E-0015  -0.2812226E+0002
     1.56500   0.2226876E-0015   0.0000000E+0000   0.1398830E+0002   0.7222237E-0033   0.1540744E-0032   0.4596484E-0015  -0.2812226E+0002
     1.57000   0.2238658E-0015   0.2356482E-0015   0.1398675E+0002   0.7703720E-0033   0.1540744E-0031   0.3231806E-0015  -0.2812226E+0002
     1.57500   0.2250440E-0015   0.2356482E-0015   0.1398520E+0002   0.8185202E-0033   0.8474092E-0032   0.2591754E-0015  -0.2812226E+0002
     1.58000   0.2262223E-0015   0.2356482E-0015   0.1398364E+0002   0.8185202E-0033  -0.3081488E-0032   0.2249028E-0015  -0.2812226E+0002
     1.58500   0.2285788E-0015   0.4712964E-0015   0.1398209E+0002   0.7703720E-0033  -0.3081488E-0032   0.2461311E-0015  -0.2812226E+0002
     1.59000   0.2297570E-0015   0.2356482E-0015   0.1398053E+0002   0.7703720E-0033   0.3081488E-0032   0.2017943E-0015  -0.2812226E+0002
     1.59500   0.2309353E-0015   0.2356482E-0015   0.1397897E+0002   0.7703720E-0033   0.3081488E-0032   0.2223242E-0015  -0.2812226E+0002
     1.60000   0.2309353E-0015   0.0000000E+0000   0.1397742E+0002   0.7703720E-0033   0.0000000E+0000   0.2515677E-0015  -0.2812226E+0002
     1.60500   0.2309353E-0015   0.0000000E+0000   0.1397586E+0002   0.7703720E-0033   0.0000000E+0000   0.2995075E-0015  -0.2812226E+0002
     1.61000   0.2309353E-0015   0.0000000E+0000   0.1397431E+0002   0.7703720E-0033   0.0000000E+0000   0.4046713E-0015  -0.2812226E+0002
     1.61500   0.2309353E-0015   0.0000000E+0000   0.1397277E+0002   0.7703720E-0033   0.0000000E+0000   0.4153582E-0015  -0.2812226E+0002
     1.62000   0.2321135E-0015   0.2356482E-0015   0.1397124E+0002   0.7703720E-0033   0.0000000E+0000   0.4312315E-0015  -0.2812226E+0002
     1.62500   0.2332917E-0015   0.2356482E-0015   0.1396971E+0002   0.7703720E-0033   0.0000000E+0000   0.3798807E-0015  -0.2812226E+0002
     1.63000   0.2332917E-0015   0.0000000E+0000   0.1396819E+0002   0.7703720E-0033   0.0000000E+0000   0.3014167E-0015  -0.2812226E+0002
     1.63500   0.2356482E-0015   0.4712964E-0015   0.1396669E+0002   0.7944461E-0033   0.6162976E-0032   0.2163812E-0015  -0.2812226E+0002
     1.64000   0.2356482E-0015   0.0000000E+0000   0.1396520E+0002   0.7703720E-0033  -0.3081488E-0032   0.2276909E-0015  -0.2812226E+0002
     1.64500   0.2380047E-0015   0.4712964E-0015   0.1396372E+0002   0.7703720E-0033  -0.3081488E-0032   0.3413181E-0015  -0.2812226E+0002
     1.65000   0.2380047E-0015   0.0000000E+0000   0.1396227E+0002   0.7944461E-0033   0.6162976E-0032   0.5176873E-0015  -0.2812226E+0002
     1.65500   0.2403612E-0015   0.4712964E-0015   0.1396083E+0002   0.8425944E-0033   0.6162976E-0032   0.5199981E-0015  -0.2812226E+0002
     1.66000   0.2403612E-0015   0.0000000E+0000   0.1395942E+0002   0.8787055E-0033   0.6162976E-0032   0.5108537E-0015  -0.2812226E+0002
     1.66500   0.2427177E-0015   0.4712964E-0015   0.1395804E+0002   0.9750020E-0033   0.1848893E-0031   0.3922731E-0015  -0.2812226E+0002
     1.67000   0.2427177E-0015   0.0000000E+0000   0.1395668E+0002   0.1011113E-0032   0.1232595E-0031   0.3750087E-0015  -0.2812226E+0002
     1.67500   0.2450741E-0015   0.4712964E-0015   0.1395536E+0002   0.1155558E-0032   0.1232595E-0031   0.3334368E-0015  -0.2812226E+0002
     1.68000   0.2450741E-0015   0.0000000E+0000   0.1395407E+0002   0.1155558E-0032   0.0000000E+0000   0.3434892E-0015  -0.2812226E+0002
     1.68500   0.2474306E-0015   0.4712964E-0015   0.1395282E+0002   0.1155558E-0032   0.9244464E-0032   0.3705500E-0015  -0.2812226E+0002
     1.69000   0.2497871E-0015   0.4712964E-0015   0.1395161E+0002   0.1059261E-0032  -0.3081488E-0032   0.4476518E-0015  -0.2812226E+0002
     1.69500   0.2497871E-0015   0.0000000E+0000   0.1395045E+0002   0.1155558E-0032   0.1232595E-0031   0.4572794E-0015  -0.2812226E+0002
     1.70000   0.2521436E-0015   0.4712964E-0015   0.1394934E+0002   0.1155558E-0032   0.0000000E+0000   0.4641654E-0015  -0.2812226E+0002
     1.70500   0.2521436E-0015   0.0000000E+0000   0.1394828E+0002   0.1203706E-0032   0.1232595E-0031   0.4981004E-0015  -0.2812226E+0002
     1.71000   0.2545001E-0015   0.4712964E-0015   0.1394728E+0002   0.1275929E-0032   0.1232595E-0031   0.5002657E-0015  -0.2812226E+0002
     1.71500   0.2568566E-0015   0.4712964E-0015   0.1394634E+0002   0.1348151E-0032   0.1232595E-0031   0.5119655E-0015  -0.2812226E+0002
     1.72000   0.2568566E-0015   0.0000000E+0000   0.1394548E+0002   0.1411346E-0032   0.1232595E-0031   0.5084381E-0015  -0.2812226E+0002
     1.72500   0.2592130E-0015   0.4712964E-0015   0.1394469E+0002   0.1420373E-0032   0.3081488E-0032   0.5038513E-0015  -0.2812226E+0002
     1.73000   0.2592130E-0015   0.0000000E+0000   0.1394398E+0002   0.1444447E-0032   0.3081488E-0032   0.5300040E-0015  -0.2812226E+0002
     1.73500   0.2603913E-0015   0.2356482E-0015   0.1394336E+0002   0.1444447E-0032   0.3081488E-0032   0.5398295E-0015  -0.2812226E+0002
     1.74000   0.2627478E-0015   0.4712964E-0015   0.1394283E+0002   0.1444447E-0032   0.3081488E-0032   0.6282527E-0015  -0.2812226E+0002
     1.74500   0.2651042E-0015   0.4712964E-0015   0.1394241E+0002   0.1492596E-0032   0.1540744E-0031   0.6682822E-0015  -0.2812226E+0002
     1.75000   0.2662825E-0015   0.2356482E-0015   0.1394210E+0002   0.1588892E-0032   0.1540744E-0031   0.6610295E-0015  -0.2812226E+0002
     1.75500   0.2674607E-0015   0.2356482E-0015   0.1394190E+0002   0.1685189E-0032   0.1540744E-0031   0.6568967E-0015  -0.2812226E+0002
     1.76000   0.2698172E-0015   0.4712964E-0015   0.1394184E+0002   0.1733337E-0032   0.3081488E-0032   0.5813257E-0015  -0.2812226E+0002
     1.76500   0.2698172E-0015   0.0000000E+0000   0.1394191E+0002   0.1733337E-0032   0.3081488E-0032   0.5558948E-0015  -0.2812226E+0002
     1.77000   0.2721737E-0015   0.4712964E-0015   0.1394213E+0002   0.1781485E-0032   0.3081488E-0032   0.5182461E-0015  -0.2812226E+0002
     1.77500   0.2721737E-0015   0.0000000E+0000   0.1394250E+0002   0.1781485E-0032   0.3081488E-0032   0.4884321E-0015  -0.2812226E+0002
     1.78000   0.2721737E-0015   0.0000000E+0000   0.1394304E+0002   0.1781485E-0032   0.3081488E-0032   0.5453650E-0015  -0.2812226E+0002
     1.78500   0.2745302E-0015   0.4712964E-0015   0.1394375E+0002   0.1877782E-0032   0.1540744E-0031   0.6022747E-0015  -0.2812226E+0002
     1.79000   0.2745302E-0015   0.0000000E+0000   0.1394466E+0002   0.1877782E-0032   0.1540744E-0032   0.6432994E-0015  -0.2812226E+0002
     1.79500   0.2768867E-0015   0.4712964E-0015   0.1394576E+0002   0.1877782E-0032   0.0000000E+0000   0.5802722E-0015  -0.2812226E+0002
     1.80000   0.2780649E-0015   0.2356482E-0015   0.1394707E+0002   0.1877782E-0032   0.0000000E+0000   0.5977810E-0015  -0.2812226E+0002
     1.80500   0.2792431E-0015   0.2356482E-0015   0.1394859E+0002   0.1877782E-0032   0.0000000E+0000   0.5638460E-0015  -0.2812226E+0002
     1.81000   0.2804214E-0015   0.2356482E-0015   0.1395035E+0002   0.1925930E-0032   0.0000000E+0000   0.5844049E-0015  -0.2812226E+0002
     1.81500   0.2827779E-0015   0.4712964E-0015   0.1395234E+0002   0.1974078E-0032   0.1386670E-0031   0.6362912E-0015  -0.2812226E+0002
     1.82000   0.2839561E-0015   0.2356482E-0015   0.1395457E+0002   0.1974078E-0032   0.7703720E-0033   0.6553892E-0015  -0.2812226E+0002
     1.82500   0.2863126E-0015   0.4712964E-0015   0.1395706E+0002   0.2070375E-0032   0.1386670E-0031   0.6280665E-0015  -0.2812226E+0002
     1.83000   0.2863126E-0015   0.0000000E+0000   0.1395981E+0002   0.2166671E-0032   0.2619265E-0031   0.5173148E-0015  -0.2812226E+0002
     1.83500   0.2863126E-0015   0.0000000E+0000   0.1396281E+0002   0.2214819E-0032   0.9244464E-0032   0.4478206E-0015  -0.2812226E+0002
     1.84000   0.2863126E-0015   0.0000000E+0000   0.1396608E+0002   0.2166671E-0032  -0.1232595E-0031   0.4393340E-0015  -0.2812226E+0002
     1.84500   0.2874908E-0015   0.2356482E-0015   0.1396961E+0002   0.2214819E-0032   0.1232595E-0031   0.4166679E-0015  -0.2812226E+0002
     1.85000   0.2886691E-0015   0.2356482E-0015   0.1397340E+0002   0.2311116E-0032   0.1232595E-0031   0.5195092E-0015  -0.2812226E+0002
     1.85500   0.2898473E-0015   0.2356482E-0015   0.1397745E+0002   0.2118523E-0032  -0.1232595E-0031   0.5590264E-0015  -0.2812226E+0002
     1.86000   0.2898473E-0015   0.0000000E+0000   0.1398173E+0002   0.2118523E-0032   0.1232595E-0031   0.6037939E-0015  -0.2812226E+0002
     1.86500   0.2898473E-0015   0.0000000E+0000   0.1398625E+0002   0.1925930E-0032  -0.1232595E-0031   0.5668437E-0015  -0.2812226E+0002
     1.87000   0.2886691E-0015  -0.2356482E-0015   0.1399099E+0002   0.2118523E-0032   0.2465190E-0031   0.5358539E-0015  -0.2812226E+0002
     1.87500   0.2898473E-0015   0.2356482E-0015   0.1399593E+0002   0.2118523E-0032   0.1232595E-0031   0.3452355E-0015  -0.2812226E+0002
     1.88000   0.2910255E-0015   0.2356482E-0015   0.1400104E+0002   0.2166671E-0032   0.1232595E-0031   0.2654560E-0015  -0.2812226E+0002
     1.88500   0.2933820E-0015   0.4712964E-0015   0.1400631E+0002   0.2118523E-0032   0.0000000E+0000   0.1140404E-0015  -0.2812226E+0002
     1.89000   0.2933820E-0015   0.0000000E+0000   0.1401171E+0002   0.2118523E-0032   0.0000000E+0000   0.7367344E-0016  -0.2812226E+0002
     1.89500   0.2933820E-0015   0.0000000E+0000   0.1401720E+0002   0.2118523E-0032   0.0000000E+0000   0.1237669E-0015  -0.2812226E+0002
     1.90000   0.2933820E-0015   0.0000000E+0000   0.1402275E+0002   0.2118523E-0032   0.0000000E+0000   0.1849257E-0015  -0.2812226E+0002
     1.90500   0.2945603E-0015   0.2356482E-0015   0.1402835E+0002   0.2118523E-0032   0.0000000E+0000   0.3027148E-0015  -0.2812226E+0002
     1.91000   0.2957385E-0015   0.2356482E-0015   0.1403394E+0002   0.2118523E-0032   0.0000000E+0000   0.4684203E-0015  -0.2812226E+0002
     1.91500   0.2957385E-0015   0.0000000E+0000   0.1403951E+0002   0.2118523E-0032   0.0000000E+0000   0.4938745E-0015  -0.2812226E+0002
     1.92000   0.2969168E-0015   0.2356482E-0015   0.1404501E+0002   0.2118523E-0032   0.0000000E+0000   0.5429145E-0015  -0.2812226E+0002
     1.92500   0.2980950E-0015   0.2356482E-0015   0.1405043E+0002   0.2118523E-0032   0.0000000E+0000   0.6065995E-0015  -0.2812226E+0002
     1.93000   0.3004515E-0015   0.4712964E-0015   0.1405575E+0002   0.2166671E-0032   0.1232595E-0031   0.6131362E-0015  -0.2812226E+0002
     1.93500   0.3016297E-0015   0.2356482E-0015   0.1406093E+0002   0.2238894E-0032   0.1232595E-0031   0.5598878E-0015  -0.2812226E+0002
     1.94000   0.3028080E-0015   0.2356482E-0015   0.1406597E+0002   0.2262968E-0032   0.1232595E-0031   0.5194452E-0015  -0.2812226E+0002
     1.94500   0.3028080E-0015   0.0000000E+0000   0.1407086E+0002   0.2262968E-0032   0.0000000E+0000   0.4486297E-0015  -0.2812226E+0002
     1.95000   0.3039862E-0015   0.2356482E-0015   0.1407559E+0002   0.2311116E-0032   0.1232595E-0031   0.4091649E-0015  -0.2812226E+0002
     1.95500   0.3051644E-0015   0.2356482E-0015   0.1408017E+0002   0.2311116E-0032   0.0000000E+0000   0.3145193E-0015  -0.2812226E+0002
     1.96000   0.3051644E-0015   0.0000000E+0000   0.1408460E+0002   0.2311116E-0032   0.3081488E-0032   0.3920461E-0015  -0.2812226E+0002
     1.96500   0.3051644E-0015   0.0000000E+0000   0.1408890E+0002   0.2311116E-0032   0.3081488E-0032   0.5099922E-0015  -0.2812226E+0002
     1.97000   0.3063427E-0015   0.2356482E-0015   0.1409309E+0002   0.2311116E-0032   0.0000000E+0000   0.6701157E-0015  -0.2812226E+0002
     1.97500   0.3075209E-0015   0.2356482E-0015   0.1409719E+0002   0.2311116E-0032   0.0000000E+0000   0.7817289E-0015  -0.2812226E+0002
     1.98000   0.3098774E-0015   0.4712964E-0015   0.1410122E+0002   0.2455561E-0032   0.2773339E-0031   0.8693954E-0015  -0.2812226E+0002
     1.98500   0.3086992E-0015  -0.2356482E-0015   0.1410522E+0002   0.2473616E-0032   0.3081488E-0032   0.7852970E-0015  -0.2812226E+0002
     1.99000   0.3075209E-0015  -0.2356482E-0015   0.1410922E+0002   0.2491672E-0032   0.3081488E-0032   0.6995862E-0015  -0.2812226E+0002
     1.99500   0.3075209E-0015   0.0000000E+0000   0.1411323E+0002   0.2575931E-0032   0.1617781E-0031   0.5430251E-0015  -0.2812226E+0002
     2.00000   0.3086992E-0015   0.2356482E-0015   0.1411730E+0002   0.2648154E-0032   0.1540744E-0031   0.4859467E-0015  -0.2812226E+0002
     2.00500   0.3086992E-0015   0.0000000E+0000   0.1412143E+0002   0.2696302E-0032   0.3081488E-0032   0.4440139E-0015  -0.2812226E+0002
     2.01000   0.3098774E-0015   0.2356482E-0015   0.1412566E+0002   0.2696302E-0032   0.3081488E-0032   0.4424131E-0015  -0.2812226E+0002
     2.01500   0.3110556E-0015   0.2356482E-0015   0.1413000E+0002   0.2744450E-0032   0.1540744E-0031   0.4231406E-0015  -0.2812226E+0002
     2.02000   0.3110556E-0015   0.0000000E+0000   0.1413446E+0002   0.2768524E-0032   0.6162976E-0032   0.4376925E-0015  -0.2812226E+0002
     2.02500   0.3122339E-0015   0.2356482E-0015   0.1413904E+0002   0.2720376E-0032  -0.6162976E-0032   0.4840083E-0015  -0.2812226E+0002
     2.03000   0.3122339E-0015   0.0000000E+0000   0.1414375E+0002   0.2696302E-0032   0.6162976E-0032   0.5207898E-0015  -0.2812226E+0002
     2.03500   0.3134121E-0015   0.2356482E-0015   0.1414858E+0002   0.2792598E-0032   0.6162976E-0032   0.5748705E-0015  -0.2812226E+0002
     2.04000   0.3134121E-0015   0.0000000E+0000   0.1415353E+0002   0.2888895E-0032   0.1848893E-0031   0.6593415E-0015  -0.2812226E+0002
     2.04500   0.3145904E-0015   0.2356482E-0015   0.1415860E+0002   0.2985191E-0032   0.3081488E-0032   0.7427006E-0015  -0.2812226E+0002
     2.05000   0.3157686E-0015   0.2356482E-0015   0.1416376E+0002   0.2985191E-0032   0.1540744E-0031   0.8306350E-0015  -0.2812226E+0002
     2.05500   0.3169468E-0015   0.2356482E-0015   0.1416902E+0002   0.2888895E-0032   0.1540744E-0031   0.7585797E-0015  -0.2812226E+0002
     2.06000   0.3193033E-0015   0.4712964E-0015   0.1417436E+0002   0.2888895E-0032  -0.1078521E-0031   0.7059891E-0015  -0.2812226E+0002
     2.06500   0.3204816E-0015   0.2356482E-0015   0.1417979E+0002   0.2888895E-0032   0.1540744E-0032   0.6288756E-0015  -0.2812226E+0002
     2.07000   0.3228381E-0015   0.4712964E-0015   0.1418530E+0002   0.2888895E-0032   0.1232595E-0031   0.6017508E-0015  -0.2812226E+0002
     2.07500   0.3240163E-0015   0.2356482E-0015   0.1419090E+0002   0.2792598E-0032  -0.3081488E-0032   0.6278860E-0015  -0.2812226E+0002
     2.08000   0.3251945E-0015   0.2356482E-0015   0.1419658E+0002   0.2696302E-0032  -0.1540744E-0031   0.6517279E-0015  -0.2812226E+0002
     2.08500   0.3251945E-0015   0.0000000E+0000   0.1420236E+0002   0.2696302E-0032   0.1232595E-0031   0.6091082E-0015  -0.2812226E+0002
     2.09000   0.3275510E-0015   0.4712964E-0015   0.1420825E+0002   0.2792598E-0032   0.1232595E-0031   0.5999580E-0015  -0.2812226E+0002
     2.09500   0.3299075E-0015   0.4712964E-0015   0.1421427E+0002   0.2792598E-0032   0.0000000E+0000   0.5723909E-0015  -0.2812226E+0002
     2.10000   0.3322640E-0015   0.4712964E-0015   0.1422043E+0002   0.2888895E-0032   0.1232595E-0031   0.6315764E-0015  -0.2812226E+0002
     2.10500   0.3322640E-0015   0.0000000E+0000   0.1422675E+0002   0.2937043E-0032   0.1232595E-0031   0.5945098E-0015  -0.2812226E+0002
     2.11000   0.3310857E-0015  -0.2356482E-0015   0.1423324E+0002   0.3033340E-0032   0.1232595E-0031   0.5585258E-0015  -0.2812226E+0002
     2.11500   0.3322640E-0015   0.2356482E-0015   0.1423991E+0002   0.3033340E-0032   0.0000000E+0000   0.5460577E-0015  -0.2812226E+0002
     2.12000   0.3322640E-0015   0.0000000E+0000   0.1424678E+0002   0.3033340E-0032   0.0000000E+0000   0.6131362E-0015  -0.2812226E+0002
     2.12500   0.3334422E-0015   0.2356482E-0015   0.1425386E+0002   0.3081488E-0032   0.1232595E-0031   0.6901333E-0015  -0.2812226E+0002
     2.13000   0.3346205E-0015   0.2356482E-0015   0.1426114E+0002   0.3177784E-0032   0.2465190E-0031   0.7239170E-0015  -0.2812226E+0002
     2.13500   0.3346205E-0015   0.0000000E+0000   0.1426864E+0002   0.3081488E-0032   0.1232595E-0031   0.6330898E-0015  -0.2812226E+0002
     2.14000   0.3369769E-0015   0.4712964E-0015   0.1427635E+0002   0.3081488E-0032   0.0000000E+0000   0.5769660E-0015  -0.2812226E+0002
     2.14500   0.3393334E-0015   0.4712964E-0015   0.1428427E+0002   0.3081488E-0032   0.1232595E-0031   0.5381182E-0015  -0.2812226E+0002
     2.15000   0.3405117E-0015   0.2356482E-0015   0.1429239E+0002   0.2888895E-0032  -0.2465190E-0031   0.5513430E-0015  -0.2812226E+0002
     2.15500   0.3405117E-0015   0.0000000E+0000   0.1430071E+0002   0.2888895E-0032   0.0000000E+0000   0.5679904E-0015  -0.2812226E+0002
     2.16000   0.3416899E-0015   0.2356482E-0015   0.1430922E+0002   0.2985191E-0032   0.2465190E-0031   0.5921349E-0015  -0.2812226E+0002
     2.16500   0.3428682E-0015   0.2356482E-0015   0.1431792E+0002   0.2985191E-0032   0.0000000E+0000   0.6565708E-0015  -0.2812226E+0002
     2.17000   0.3452246E-0015   0.4712964E-0015   0.1432681E+0002   0.3081488E-0032   0.2465190E-0031   0.6195507E-0015  -0.2812226E+0002
     2.17500   0.3452246E-0015   0.0000000E+0000   0.1433588E+0002   0.3081488E-0032   0.0000000E+0000   0.5396199E-0015  -0.2812226E+0002
     2.18000   0.3452246E-0015   0.0000000E+0000   0.1434512E+0002   0.3081488E-0032   0.0000000E+0000   0.4966743E-0015  -0.2812226E+0002
     2.18500   0.3452246E-0015   0.0000000E+0000   0.1435455E+0002   0.3081488E-0032   0.0000000E+0000   0.5308073E-0015  -0.2812226E+0002
     2.19000   0.3464029E-0015   0.2356482E-0015   0.1436415E+0002   0.3081488E-0032   0.0000000E+0000   0.6431597E-0015  -0.2812226E+0002
     2.19500   0.3475811E-0015   0.2356482E-0015   0.1437393E+0002   0.3081488E-0032   0.0000000E+0000   0.8468865E-0015  -0.2812226E+0002
     2.20000   0.3487594E-0015   0.2356482E-0015   0.1438390E+0002   0.3274081E-0032   0.3081488E-0031   0.9511248E-0015  -0.2812226E+0002
     2.20500   0.3511158E-0015   0.4712964E-0015   0.1439405E+0002   0.3466674E-0032   0.2465190E-0031   0.9463052E-0015  -0.2812226E+0002
     2.21000   0.3522941E-0015   0.2356482E-0015   0.1440440E+0002   0.3562970E-0032   0.2465190E-0031   0.1035666E-0014  -0.2812226E+0002
     2.21500   0.3522941E-0015   0.0000000E+0000   0.1441494E+0002   0.3755563E-0032   0.2465190E-0031   0.1085468E-0014  -0.2812226E+0002
     2.22000   0.3534723E-0015   0.2356482E-0015   0.1442569E+0002   0.3755563E-0032   0.0000000E+0000   0.1125713E-0014  -0.2812226E+0002
     2.22500   0.3558288E-0015   0.4712964E-0015   0.1443665E+0002   0.3900008E-0032   0.2465190E-0031   0.1048320E-0014  -0.2812226E+0002
     2.23000   0.3558288E-0015   0.0000000E+0000   0.1444784E+0002   0.3900008E-0032   0.0000000E+0000   0.9832671E-0015  -0.2812226E+0002
     2.23500   0.3570070E-0015   0.2356482E-0015   0.1445927E+0002   0.4044453E-0032   0.2465190E-0031   0.8143252E-0015  -0.2812226E+0002
     2.24000   0.3593635E-0015   0.4712964E-0015   0.1447096E+0002   0.4044453E-0032   0.0000000E+0000   0.7267459E-0015  -0.2812226E+0002
     2.24500   0.3617200E-0015   0.4712964E-0015   0.1448293E+0002   0.4044453E-0032   0.0000000E+0000   0.6141141E-0015  -0.2812226E+0002
     2.25000   0.3617200E-0015   0.0000000E+0000   0.1449522E+0002   0.4044453E-0032   0.0000000E+0000   0.5771406E-0015  -0.2812226E+0002
     2.25500   0.3628983E-0015   0.2356482E-0015   0.1450785E+0002   0.4044453E-0032   0.1848893E-0031   0.6127637E-0015  -0.2812226E+0002
     2.26000   0.3640765E-0015   0.2356482E-0015   0.1452086E+0002   0.4140749E-0032   0.1232595E-0031   0.5821930E-0015  -0.2812226E+0002
     2.26500   0.3664330E-0015   0.4712964E-0015   0.1453430E+0002   0.4188898E-0032   0.1232595E-0031   0.6619142E-0015  -0.2812226E+0002
     2.27000   0.3676112E-0015   0.2356482E-0015   0.1454821E+0002   0.4188898E-0032   0.0000000E+0000   0.8005183E-0015  -0.2812226E+0002
     2.27500   0.3687895E-0015   0.2356482E-0015   0.1456265E+0002   0.4188898E-0032   0.0000000E+0000   0.9037787E-0015  -0.2812226E+0002
     2.28000   0.3699677E-0015   0.2356482E-0015   0.1457765E+0002   0.4188898E-0032   0.0000000E+0000   0.1008692E-0014  -0.2812226E+0002
     2.28500   0.3723242E-0015   0.4712964E-0015   0.1459328E+0002   0.4188898E-0032   0.0000000E+0000   0.1008366E-0014  -0.2812226E+0002
     2.29000   0.3711459E-0015  -0.2356482E-0015   0.1460959E+0002   0.4188898E-0032   0.0000000E+0000   0.9244774E-0015  -0.2812226E+0002
     2.29500   0.3735024E-0015   0.4712964E-0015   0.1462663E+0002   0.4188898E-0032   0.0000000E+0000   0.7704599E-0015  -0.2812226E+0002
     2.30000   0.3735024E-0015   0.0000000E+0000   0.1464445E+0002   0.4188898E-0032   0.0000000E+0000   0.6200047E-0015  -0.2812226E+0002
     2.30500   0.3746807E-0015   0.2356482E-0015   0.1466310E+0002   0.4237046E-0032   0.9244464E-0032   0.4919944E-0015  -0.2812226E+0002
     2.31000   0.3770371E-0015   0.4712964E-0015   0.1468264E+0002   0.4188898E-0032  -0.6162976E-0032   0.5316455E-0015  -0.2812226E+0002
     2.31500   0.3770371E-0015   0.0000000E+0000   0.1470312E+0002   0.4188898E-0032   0.0000000E+0000   0.4394446E-0015  -0.2812226E+0002
     2.32000   0.3782154E-0015   0.2356482E-0015   0.1472460E+0002   0.4237046E-0032   0.1232595E-0031   0.3761845E-0015  -0.2812226E+0002
     2.32500   0.3793936E-0015   0.2356482E-0015   0.1474716E+0002   0.4237046E-0032   0.1232595E-0031   0.2158107E-0015  -0.2812226E+0002
     2.33000   0.3805719E-0015   0.2356482E-0015   0.1477088E+0002   0.4237046E-0032   0.0000000E+0000   0.2018409E-0015  -0.2812226E+0002
     2.33500   0.3805719E-0015   0.0000000E+0000   0.1479586E+0002   0.4237046E-0032   0.0000000E+0000   0.2037268E-0015  -0.2812226E+0002
     2.34000   0.3829283E-0015   0.4712964E-0015   0.1482221E+0002   0.4237046E-0032   0.0000000E+0000   0.3241701E-0015  -0.2812226E+0002
     2.34500   0.3852848E-0015   0.4712964E-0015   0.1485007E+0002   0.4237046E-0032   0.0000000E+0000   0.3269408E-0015  -0.2812226E+0002
     2.35000   0.3876413E-0015   0.4712964E-0015   0.1487956E+0002   0.4285194E-0032   0.1232595E-0031   0.6079674E-0015  -0.2812226E+0002
     2.35500   0.3888196E-0015   0.2356482E-0015   0.1491083E+0002   0.4429639E-0032   0.2465190E-0031   0.8054078E-0015  -0.2812226E+0002
     2.36000   0.3899978E-0015   0.2356482E-0015   0.1494402E+0002   0.4381491E-0032  -0.6162976E-0032   0.1029577E-0014  -0.2812226E+0002
     2.36500   0.3923543E-0015   0.4712964E-0015   0.1497933E+0002   0.4357416E-0032  -0.6162976E-0032   0.1206389E-0014  -0.2812226E+0002
     2.37000   0.3923543E-0015   0.0000000E+0000   0.1501703E+0002   0.4333342E-0032  -0.6162976E-0032   0.1398195E-0014  -0.2812226E+0002
     2.37500   0.3947108E-0015   0.4712964E-0015   0.1505732E+0002   0.4429639E-0032   0.2002967E-0031   0.1428509E-0014  -0.2812226E+0002
     2.38000   0.3958890E-0015   0.2356482E-0015   0.1510039E+0002   0.4333342E-0032  -0.6162976E-0032   0.1369370E-0014  -0.2812226E+0002
     2.38500   0.3958890E-0015   0.0000000E+0000   0.1514692E+0002   0.4429639E-0032   0.0000000E+0000   0.1207087E-0014  -0.2812226E+0002
     2.39000   0.3958890E-0015   0.0000000E+0000   0.1519751E+0002   0.5007418E-0032   0.4930381E-0031   0.8822884E-0015  -0.2812226E+0002
     2.39500   0.3958890E-0015   0.0000000E+0000   0.1525197E+0002   0.5007418E-0032   0.2465190E-0031   0.7769093E-0015  -0.2812226E+0002
     2.40000   0.3982455E-0015   0.4712964E-0015   0.1531476E+0002   0.5007418E-0032   0.2465190E-0031   0.3523193E-0015  -0.2812226E+0002
     2.40500   0.3994237E-0015   0.2356482E-0015   0.1544392E+0002   0.4622232E-0032  -0.1232595E-0031  -0.2301298E-0015  -0.2812226E+0002
     2.41000   0.4017802E-0015   0.4712964E-0015   0.1566992E+0002   0.4622232E-0032  -0.1232595E-0031  -0.5160458E-0015  -0.2812226E+0002
     2.41500   0.4029584E-0015   0.2356482E-0015   0.1599416E+0002   0.4622232E-0032  -0.2465190E-0031  -0.4459172E-0015  -0.2812226E+0002
     2.42000   0.4041367E-0015   0.2356482E-0015   0.1631091E+0002   0.4622232E-0032   0.0000000E+0000  -0.4737203E-0015  -0.2812226E+0002
     2.42500   0.6801011E-0004   0.1360202E-0001   0.1630953E+0002  -0.1975228E-0020  -0.3950456E-0018  -0.4091756E-0015  -0.2812226E+0002
     2.43000   0.5380445E-0003   0.9400688E-0001   0.1629998E+0002  -0.1376751E-0019  -0.2358456E-0017  -0.1894946E-0015  -0.2812226E+0002
     2.43500   0.1647149E-0002   0.2218209E+0000   0.1627746E+0002  -0.2666134E-0019  -0.2578767E-0017   0.6657923E-0016  -0.2812226E+0002
     2.44000   0.3481208E-0002   0.3668118E+0000   0.1624021E+0002  -0.1915954E-0019   0.1500360E-0017   0.1345211E-0015  -0.2812226E+0002
     2.44500   0.5985133E-0002   0.5007850E+0000   0.1618935E+0002   0.1580997E-0020   0.4148108E-0017   0.3228760E-0015  -0.2812226E+0002
     2.45000   0.9014238E-0002   0.6058210E+0000   0.1612783E+0002   0.6199263E-0019   0.1208233E-0016   0.4035450E-0015  -0.2812226E+0002
     2.45500   0.1239277E-0001   0.6757069E+0000   0.1605921E+0002   0.1465292E-0018   0.1690731E-0016   0.4214161E-0015  -0.2812226E+0002
     2.46000   0.1598171E-0001   0.7177870E+0000   0.1598632E+0002   0.2407079E-0018   0.1883574E-0016   0.4615294E-0015  -0.2812226E+0002
     2.46500   0.1970954E-0001   0.7455659E+0000   0.1591060E+0002   0.3483313E-0018   0.2152469E-0016   0.2894661E-0015  -0.2812226E+0002
     2.47000   0.2356424E-0001   0.7709407E+0000   0.1583231E+0002   0.4184610E-0018   0.1402594E-0016  -0.3470555E-0015  -0.2812226E+0002
     2.47500   0.2756526E-0001   0.8002044E+0000   0.1575105E+0002   0.3307558E-0018  -0.1754105E-0016  -0.5241978E-0015  -0.2812226E+0002
     2.48000   0.3173693E-0001   0.8343339E+0000   0.1566632E+0002   0.1919218E-0018  -0.2776679E-0016  -0.3119601E-0015  -0.2812226E+0002
     2.48500   0.3609562E-0001   0.8717367E+0000   0.1557779E+0002   0.1051283E-0018  -0.1735871E-0016  -0.4546047E-0015  -0.2812226E+0002
     2.49000   0.4065110E-0001   0.9110976E+0000   0.1548527E+0002  -0.2781394E-0019  -0.2658845E-0016   0.3675229E-0015  -0.2812226E+0002
     2.49500   0.4541623E-0001   0.9530253E+0000   0.1538848E+0002   0.8528022E-0019   0.2261883E-0016   0.6890507E-0015  -0.2812226E+0002
     2.50000   0.5041426E-0001   0.9996060E+0000   0.1528697E+0002   0.3090772E-0018   0.4475939E-0016   0.1144687E-0014  -0.2812226E+0002
     2.50500   0.5567627E-0001   0.1052403E+0001   0.1518010E+0002   0.7030961E-0018   0.7880379E-0016   0.1363409E-0014  -0.2812226E+0002
     2.51000   0.6122785E-0001   0.1110317E+0001   0.1506734E+0002   0.1201715E-0017   0.9972371E-0016   0.6690408E-0015  -0.2812226E+0002
     2.51500   0.6707166E-0001   0.1168761E+0001   0.1494865E+0002   0.1461199E-0017   0.5189691E-0016  -0.8208394E-0017  -0.2812226E+0002
     2.52000   0.7317564E-0001   0.1220797E+0001   0.1482468E+0002   0.1457847E-0017  -0.6703469E-0018  -0.8139295E-0015  -0.2812226E+0002
     2.52500   0.7947472E-0001   0.1259816E+0001   0.1469674E+0002   0.1112005E-0017  -0.6916853E-0016  -0.1326437E-0014  -0.2812226E+0002
     2.53000   0.8588703E-0001   0.1282462E+0001   0.1456650E+0002   0.5332691E-0018  -0.1157472E-0015  -0.1126378E-0014  -0.2812226E+0002
     2.53500   0.9233866E-0001   0.1290326E+0001   0.1443547E+0002   0.3438629E-0019  -0.9977656E-0016  -0.3871357E-0015  -0.2812226E+0002
     2.54000   0.9878602E-0001   0.1289472E+0001   0.1430452E+0002  -0.1385214E-0018  -0.3458154E-0016   0.2563081E-0015  -0.2812226E+0002
     2.54500   0.1052259E+0000   0.1287977E+0001   0.1417372E+0002  -0.2313162E-0019   0.2307795E-0016   0.8662766E-0015  -0.2812226E+0002
     2.55000   0.1116891E+0000   0.1292645E+0001   0.1404245E+0002   0.3718909E-0018   0.7900451E-0016   0.8660980E-0015  -0.2812226E+0002
     2.55500   0.1182213E+0000   0.1306435E+0001   0.1390978E+0002   0.7747768E-0018   0.8057718E-0016   0.1072938E-0014  -0.2812226E+0002
     2.56000   0.1248600E+0000   0.1327743E+0001   0.1377494E+0002   0.1286858E-0017   0.1024162E-0015   0.1887776E-0014  -0.2812226E+0002
     2.56500   0.1316182E+0000   0.1351643E+0001   0.1363768E+0002   0.2213032E-0017   0.1852349E-0015   0.9636666E-0017  -0.2812226E+0002
     2.57000   0.1384798E+0000   0.1372314E+0001   0.1349832E+0002   0.2217881E-0017   0.9697058E-0018  -0.1166696E-0014  -0.2812226E+0002
     2.57500   0.1454066E+0000   0.1385366E+0001   0.1335763E+0002   0.1619176E-0017  -0.1197410E-0015  -0.6829739E-0015  -0.2812226E+0002
     2.58000   0.1523504E+0000   0.1388748E+0001   0.1321660E+0002   0.1264143E-0017  -0.7100653E-0016   0.1165751E-0014  -0.2812226E+0002
     2.58500   0.1592626E+0000   0.1382448E+0001   0.1307621E+0002   0.1873828E-0017   0.1219368E-0015   0.1567706E-0014  -0.2812226E+0002
     2.59000   0.1661000E+0000   0.1367482E+0001   0.1293733E+0002   0.2693565E-0017   0.1639474E-0015   0.3410567E-0015  -0.2812226E+0002
     2.59500   0.1728128E+0000   0.1342555E+0001   0.1280099E+0002   0.2870528E-0017   0.3539271E-0016  -0.5157556E-0015  -0.2812226E+0002
     2.60000   0.1793444E+0000   0.1306316E+0001   0.1266833E+0002   0.2607369E-0017  -0.5263185E-0016  -0.2515169E-0014  -0.2812226E+0002
     2.60500   0.1856426E+0000   0.1259634E+0001   0.1265502E+0002   0.1356931E-0017  -0.2500876E-0015  -0.1280338E-0015  -0.2812226E+0002
     2.61000   0.1915862E+0000   0.1188725E+0001   0.1265502E+0002   0.1296798E-0017  -0.1202661E-0016   0.1516522E-0014  -0.2812226E+0002
     2.61500   0.1971097E+0000   0.1104711E+0001   0.1265502E+0002   0.1958716E-0017   0.1323837E-0015   0.1405642E-0014  -0.2812226E+0002
     2.62000   0.2022280E+0000   0.1023650E+0001   0.1265502E+0002   0.2527221E-0017   0.1137008E-0015   0.4643418E-0015  -0.2812226E+0002
     2.62500   0.2070190E+0000   0.9582021E+0000   0.1265502E+0002   0.2703014E-0017   0.3515864E-0016  -0.1346978E-0014  -0.2812226E+0002
     2.63000   0.2115890E+0000   0.9140004E+0000   0.1265502E+0002   0.2216591E-0017  -0.9728462E-0016  -0.2051279E-0014  -0.2812226E+0002
     2.63500   0.2160374E+0000   0.8896753E+0000   0.1265502E+0002   0.1495544E-0017  -0.1442094E-0015  -0.1597299E-0014  -0.2812226E+0002
     2.64000   0.2204320E+0000   0.8789236E+0000   0.1265502E+0002   0.9408609E-0018  -0.1109366E-0015  -0.3313717E-0014  -0.2812226E+0002
     2.64500   0.2247973E+0000   0.8730545E+0000   0.1265502E+0002  -0.2021859E-0018  -0.2286094E-0015  -0.7145849E-0015  -0.2812226E+0002
     2.65000   0.2291214E+0000   0.8648339E+0000   0.1265502E+0002  -0.4463567E-0018  -0.4883416E-0016   0.7856347E-0015  -0.2812226E+0002
     2.65500   0.2333748E+0000   0.8506669E+0000   0.1265502E+0002  -0.1823060E-0018   0.5281015E-0016   0.1343706E-0014  -0.2812226E+0002
     2.66000   0.2375289E+0000   0.8308201E+0000   0.1265502E+0002   0.2587752E-0018   0.8821623E-0016  -0.2637867E-0015  -0.2812226E+0002
     2.66500   0.2415694E+0000   0.8081160E+0000   0.1265502E+0002   0.1745516E-0018  -0.1684472E-0016   0.3366521E-0015  -0.2812226E+0002
     2.67000   0.2454994E+0000   0.7859838E+0000   0.1265502E+0002   0.2790963E-0018   0.2090895E-0016  -0.1614850E-0014  -0.2812226E+0002
     2.67500   0.2493327E+0000   0.7666582E+0000   0.1265502E+0002  -0.2100526E-0018  -0.9782979E-0016  -0.1706958E-0014  -0.2812226E+0002
     2.68000   0.2530842E+0000   0.7503063E+0000   0.1265502E+0002  -0.7160737E-0018  -0.1012042E-0015   0.6387864E-0015  -0.2812226E+0002
     2.68500   0.2567614E+0000   0.7354432E+0000   0.1265502E+0002  -0.5304592E-0018   0.3712291E-0016   0.2742385E-0014  -0.2812226E+0002
     2.69000   0.2603629E+0000   0.7202968E+0000   0.1265502E+0002   0.2499945E-0018   0.1560907E-0015   0.2850685E-0014  -0.2812226E+0002
     2.69500   0.2638841E+0000   0.7042456E+0000   0.1265502E+0002   0.1043191E-0017   0.1586392E-0015   0.1953174E-0014  -0.2812226E+0002
     2.70000   0.2673262E+0000   0.6884211E+0000   0.1265502E+0002   0.1574445E-0017   0.1062509E-0015  -0.7220463E-0016  -0.2812226E+0002
     2.70500   0.2707017E+0000   0.6750864E+0000   0.1265502E+0002   0.1555186E-0017  -0.3851781E-0017  -0.9936996E-0015  -0.2812226E+0002
     2.71000   0.2740324E+0000   0.6661577E+0000   0.1265502E+0002   0.1293645E-0017  -0.5230815E-0016  -0.3125474E-0014  -0.2812226E+0002
     2.71500   0.2773414E+0000   0.6617937E+0000   0.1265502E+0002   0.4764125E-0018  -0.1634466E-0015  -0.3891673E-0014  -0.2812226E+0002
     2.72000   0.2806412E+0000   0.6599604E+0000   0.1265502E+0002  -0.5383430E-0018  -0.2029511E-0015   0.2314171E-0015  -0.2812226E+0002
     2.72500   0.2839277E+0000   0.6572933E+0000   0.1265502E+0002  -0.4782447E-0018   0.1201965E-0016  -0.1595322E-0014  -0.2812226E+0002
     2.73000   0.2871816E+0000   0.6507877E+0000   0.1265502E+0002  -0.8884439E-0018  -0.8203984E-0016   0.2751470E-0014  -0.2812226E+0002
     2.73500   0.2903784E+0000   0.6393528E+0000   0.1265502E+0002  -0.1933994E-0018   0.1390089E-0015   0.2300713E-0014  -0.2812226E+0002
     2.74000   0.2935001E+0000   0.6243519E+0000   0.1265502E+0002   0.3741439E-0018   0.1135087E-0015   0.1663353E-0014  -0.2812226E+0002
     2.74500   0.2965444E+0000   0.6088520E+0000   0.1265502E+0002   0.7742761E-0018   0.8002644E-0016   0.2195962E-0016  -0.2812226E+0002
     2.75000   0.2995246E+0000   0.5960315E+0000   0.1265502E+0002   0.7794474E-0018   0.1034264E-0017  -0.1663970E-0014  -0.2812226E+0002
     2.75500   0.3024627E+0000   0.5876327E+0000   0.1265502E+0002   0.3931173E-0018  -0.7726603E-0016  -0.1715962E-0014  -0.2812226E+0002
     2.76000   0.3053790E+0000   0.5832651E+0000   0.1265502E+0002  -0.2323040E-0020  -0.7908807E-0016  -0.3318195E-0014  -0.2812226E+0002
     2.76500   0.3082833E+0000   0.5808497E+0000   0.1265502E+0002  -0.7638284E-0018  -0.1523011E-0015  -0.2210208E-0014  -0.2812226E+0002
     2.77000   0.3111727E+0000   0.5778733E+0000   0.1265502E+0002  -0.1268458E-0017  -0.1009260E-0015  -0.2982731E-0014  -0.2812226E+0002
     2.77500   0.3140363E+0000   0.5727198E+0000   0.1265502E+0002  -0.1943396E-0017  -0.1349875E-0015  -0.4369168E-0014  -0.2812226E+0002
     2.78000   0.3168631E+0000   0.5653727E+0000   0.1265502E+0002  -0.2919375E-0017  -0.1951960E-0015   0.1749003E-0014  -0.2812226E+0002
     2.78500   0.3196490E+0000   0.5571786E+0000   0.1265502E+0002  -0.2534347E-0017   0.7700558E-0016   0.5642840E-0015  -0.2812226E+0002
     2.79000   0.3223984E+0000   0.5498859E+0000   0.1265502E+0002  -0.2411751E-0017   0.2451927E-0016   0.7462603E-0015  -0.2812226E+0002
     2.79500   0.3251212E+0000   0.5445529E+0000   0.1265502E+0002  -0.2251191E-0017   0.3211202E-0016   0.5147580E-0014  -0.2812226E+0002
     2.80000   0.3278259E+0000   0.5409428E+0000   0.1265502E+0002  -0.1151016E-0017   0.2200349E-0015   0.5593540E-0014  -0.2812226E+0002
     2.80500   0.3305145E+0000   0.5377193E+0000   0.1265502E+0002   0.3734794E-0019   0.2376729E-0015   0.1555642E-0014  -0.2812226E+0002
     2.81000   0.3331810E+0000   0.5332924E+0000   0.1265502E+0002   0.3651279E-0018   0.6555599E-0016  -0.1149532E-0014  -0.2812226E+0002
     2.81500   0.3358150E+0000   0.5268016E+0000   0.1265502E+0002   0.1258650E-0018  -0.4785257E-0016  -0.3974830E-0014  -0.2812226E+0002
     2.82000   0.3384083E+0000   0.5186657E+0000   0.1265502E+0002  -0.6886766E-0018  -0.1629083E-0015   0.9171923E-0015  -0.2812226E+0002
     2.82500   0.3409602E+0000   0.5103854E+0000   0.1265502E+0002  -0.5037217E-0018   0.3699099E-0016   0.1345291E-0014  -0.2812226E+0002
     2.83000   0.3434789E+0000   0.5037217E+0000   0.1265502E+0002  -0.2359812E-0018   0.5354811E-0016   0.1557016E-0015  -0.2812226E+0002
     2.83500   0.3459774E+0000   0.4997188E+0000   0.1265502E+0002  -0.2052396E-0018   0.6148312E-0017   0.3164907E-0015  -0.2812226E+0002
     2.84000   0.3484681E+0000   0.4981270E+0000   0.1265502E+0002  -0.1429510E-0018   0.1245771E-0016  -0.1385073E-0014  -0.2812226E+0002
     2.84500   0.3509558E+0000   0.4975402E+0000   0.1265502E+0002  -0.4152262E-0018  -0.5445503E-0016  -0.2769300E-0014  -0.2812226E+0002
     2.85000   0.3534366E+0000   0.4961583E+0000   0.1265502E+0002  -0.9580982E-0018  -0.1085744E-0015   0.5806378E-0015  -0.2812226E+0002
     2.85500   0.3559003E+0000   0.4927401E+0000   0.1265502E+0002  -0.8450587E-0018   0.2260791E-0016   0.1815415E-0014  -0.2812226E+0002
     2.86000   0.3583364E+0000   0.4872169E+0000   0.1265502E+0002  -0.4955922E-0018   0.6989329E-0016   0.4107626E-0014  -0.2812226E+0002
     2.86500   0.3607396E+0000   0.4806472E+0000   0.1265502E+0002   0.2844615E-0018   0.1560107E-0015   0.2263574E-0014  -0.2812226E+0002
     2.87000   0.3631124E+0000   0.4745685E+0000   0.1265502E+0002   0.7088863E-0018   0.8488497E-0016   0.7388642E-0014  -0.2812226E+0002
     2.87500   0.3654631E+0000   0.4701299E+0000   0.1265502E+0002   0.2081315E-0017   0.2744857E-0015   0.5170711E-0014  -0.2812226E+0002
     2.88000   0.3678006E+0000   0.4674949E+0000   0.1265502E+0002   0.3036383E-0017   0.1910136E-0015   0.1203413E-0014  -0.2812226E+0002
     2.88500   0.3701297E+0000   0.4658282E+0000   0.1265502E+0002   0.3257870E-0017   0.4429734E-0016   0.2166352E-0014  -0.2812226E+0002
     2.89000   0.3724489E+0000   0.4638413E+0000   0.1265502E+0002   0.3654884E-0017   0.7940276E-0016  -0.5337620E-0015  -0.2812226E+0002
     2.89500   0.3747517E+0000   0.4605628E+0000   0.1265502E+0002   0.3557756E-0017  -0.1942557E-0016  -0.1251960E-0015  -0.2812226E+0002
     2.90000   0.3770312E+0000   0.4558915E+0000   0.1265502E+0002   0.3535205E-0017  -0.4510129E-0017  -0.4795781E-0015  -0.2812226E+0002
     2.90500   0.3792843E+0000   0.4506304E+0000   0.1265502E+0002   0.3449819E-0017  -0.1707722E-0016  -0.5182825E-0014  -0.2812226E+0002
     2.91000   0.3815144E+0000   0.4460038E+0000   0.1265502E+0002   0.2536521E-0017  -0.1826595E-0015  -0.5606833E-0014  -0.2812226E+0002
     2.91500   0.3837291E+0000   0.4429468E+0000   0.1265502E+0002   0.1555279E-0017  -0.1962485E-0015  -0.6978885E-0014  -0.2812226E+0002
     2.92000   0.3859370E+0000   0.4415732E+0000   0.1265502E+0002   0.3377032E-0018  -0.2435151E-0015  -0.3198792E-0014  -0.2812226E+0002
     2.92500   0.3881425E+0000   0.4411122E+0000   0.1265502E+0002  -0.2197936E-0018  -0.1114994E-0015   0.5334560E-0015  -0.2812226E+0002
     2.93000   0.3903442E+0000   0.4403361E+0000   0.1265502E+0002  -0.1269846E-0018   0.1856180E-0016   0.9075077E-0015  -0.2812226E+0002
     2.93500   0.3925353E+0000   0.4382261E+0000   0.1265502E+0002   0.3014420E-0019   0.3142576E-0016   0.6531594E-0014  -0.2812226E+0002
     2.94000   0.3947079E+0000   0.4345065E+0000   0.1265502E+0002   0.1151447E-0017   0.2242605E-0015   0.1274311E-0014  -0.2812226E+0002
     2.94500   0.3968567E+0000   0.4297586E+0000   0.1265502E+0002   0.1367822E-0017   0.4327504E-0016  -0.1753587E-0014  -0.2812226E+0002
     2.95000   0.3989820E+0000   0.4250716E+0000   0.1265502E+0002   0.1073314E-0017  -0.5890153E-0016  -0.5132328E-0015  -0.2812226E+0002
     2.95500   0.4010892E+0000   0.4214405E+0000   0.1265502E+0002   0.9878550E-0018  -0.1709180E-0016  -0.1621792E-0014  -0.2812226E+0002
     2.96000   0.4031855E+0000   0.4192503E+0000   0.1265502E+0002   0.7192118E-0018  -0.5372864E-0016  -0.2500472E-0014  -0.2812226E+0002
     2.96500   0.4052761E+0000   0.4181225E+0000   0.1265502E+0002   0.3061331E-0018  -0.8261575E-0016   0.1483585E-0014  -0.2812226E+0002
     2.97000   0.4073620E+0000   0.4171866E+0000   0.1265502E+0002   0.5506731E-0018   0.4890801E-0016   0.1334173E-0015  -0.2812226E+0002
     2.97500   0.4094400E+0000   0.4156037E+0000   0.1265502E+0002   0.5725809E-0018   0.4381560E-0017  -0.3146116E-0015  -0.2812226E+0002
     2.98000   0.4115052E+0000   0.4130376E+0000   0.1265502E+0002   0.5212391E-0018  -0.1026837E-0016   0.3045863E-0015  -0.2812226E+0002
     2.98500   0.4135543E+0000   0.4098114E+0000   0.1265502E+0002   0.5705566E-0018   0.9863514E-0017   0.1213503E-0014  -0.2812226E+0002
     2.99000   0.4155877E+0000   0.4066769E+0000   0.1265502E+0002   0.7655399E-0018   0.3899666E-0016  -0.1011185E-0014  -0.2812226E+0002
     2.99500   0.4176094E+0000   0.4043431E+0000   0.1265502E+0002   0.6039970E-0018  -0.3230859E-0016  -0.3261157E-0014  -0.2812226E+0002
     3.00000   0.4196246E+0000   0.4030425E+0000   0.1265502E+0002   0.8468328E-0019  -0.1038627E-0015   0.3228177E-0015  -0.2812226E+0002
     3.00500   0.4216365E+0000   0.4023820E+0000   0.1265502E+0002   0.1360052E-0018   0.1026439E-0016  -0.4392110E-0014  -0.2812226E+0002
     3.01000   0.4236443E+0000   0.4015605E+0000   0.1265502E+0002  -0.5608322E-0018  -0.1393675E-0015   0.5501297E-0014  -0.2812226E+0002
     3.01500   0.4256434E+0000   0.3998250E+0000   0.1265502E+0002   0.3082128E-0018   0.1738090E-0015   0.9555297E-0014  -0.2812226E+0002
     3.02000   0.4276279E+0000   0.3969050E+0000   0.1265502E+0002   0.1806648E-0017   0.2996870E-0015   0.7773619E-0014  -0.2812226E+0002
     3.02500   0.4295939E+0000   0.3931805E+0000   0.1265502E+0002   0.3014246E-0017   0.2415196E-0015   0.9669768E-0014  -0.2812226E+0002
     3.03000   0.4315413E+0000   0.3894921E+0000   0.1265502E+0002   0.4502311E-0017   0.2976131E-0015   0.5437042E-0014  -0.2812226E+0002
     3.03500   0.4334748E+0000   0.3866990E+0000   0.1265502E+0002   0.5333009E-0017   0.1661395E-0015   0.3497452E-0015  -0.2812226E+0002
     3.04000   0.4354010E+0000   0.3852295E+0000   0.1265502E+0002   0.5386242E-0017   0.1064654E-0016  -0.4520014E-0014  -0.2812226E+0002
     3.04500   0.4373253E+0000   0.3848674E+0000   0.1265502E+0002   0.4698923E-0017  -0.1374637E-0015  -0.1271009E-0013  -0.2812226E+0002
     3.05000   0.4392497E+0000   0.3848818E+0000   0.1265502E+0002   0.2766139E-0017  -0.3865569E-0015  -0.8134271E-0014  -0.2812226E+0002
     3.05500   0.4411718E+0000   0.3844213E+0000   0.1265502E+0002   0.1530666E-0017  -0.2470946E-0015   0.7124415E-0015  -0.2812226E+0002
     3.06000   0.4430866E+0000   0.3829500E+0000   0.1265502E+0002   0.1638461E-0017   0.2155900E-0016   0.3786583E-0015  -0.2812226E+0002
     3.06500   0.4449890E+0000   0.3804928E+0000   0.1265502E+0002   0.1695385E-0017   0.1138495E-0016   0.5119401E-0014  -0.2812226E+0002
     3.07000   0.4468769E+0000   0.3775689E+0000   0.1265502E+0002   0.2459085E-0017   0.1527399E-0015   0.5057363E-0014  -0.2812226E+0002
     3.07500   0.4487512E+0000   0.3748689E+0000   0.1265502E+0002   0.3208135E-0017   0.1498100E-0015   0.2215553E-0015  -0.2812226E+0002
     3.08000   0.4506155E+0000   0.3728673E+0000   0.1265502E+0002   0.3240774E-0017   0.6527902E-0017  -0.5430917E-0014  -0.2812226E+0002
     3.08500   0.4524735E+0000   0.3715870E+0000   0.1265502E+0002   0.2443439E-0017  -0.1594670E-0015  -0.1579960E-0013  -0.2812226E+0002
     3.09000   0.4543267E+0000   0.3706361E+0000   0.1265502E+0002   0.1297710E-0018  -0.4627337E-0015  -0.7417454E-0014  -0.2812226E+0002
     3.09500   0.4561741E+0000   0.3694792E+0000   0.1265502E+0002  -0.9530383E-0018  -0.2165619E-0015  -0.6922177E-0014  -0.2812226E+0002
     3.10000   0.4580129E+0000   0.3677744E+0000   0.1265502E+0002  -0.1958884E-0017  -0.2011692E-0015  -0.2051933E-0014  -0.2812226E+0002
     3.10500   0.4598408E+0000   0.3655797E+0000   0.1265502E+0002  -0.2255267E-0017  -0.5927647E-0016   0.4480421E-0015  -0.2812226E+0002
     3.11000   0.4616574E+0000   0.3633118E+0000   0.1265502E+0002  -0.2190953E-0017   0.1286280E-0016   0.1101194E-0013  -0.2812226E+0002
     3.11500   0.4634648E+0000   0.3614903E+0000   0.1265502E+0002  -0.6181729E-0018   0.3145559E-0015   0.6957422E-0014  -0.2812226E+0002
     3.12000   0.4652669E+0000   0.3604179E+0000   0.1265502E+0002   0.3725721E-0018   0.1981490E-0015   0.5306716E-0014  -0.2812226E+0002
     3.12500   0.4670668E+0000   0.3599841E+0000   0.1265502E+0002   0.1127345E-0017   0.1509546E-0015   0.1297311E-0014  -0.2812226E+0002
     3.13000   0.4688654E+0000   0.3597057E+0000   0.1265502E+0002   0.1311719E-0017   0.3687471E-0016   0.5536272E-0014  -0.2812226E+0002
     3.13500   0.4706603E+0000   0.3589809E+0000   0.1265502E+0002   0.2096947E-0017   0.1570457E-0015   0.3708974E-0014  -0.2812226E+0002
     3.14000   0.4724474E+0000   0.3574159E+0000   0.1265502E+0002   0.2620710E-0017   0.1047526E-0015   0.5523816E-0014  -0.2812226E+0002
     3.14500   0.4742226E+0000   0.3550411E+0000   0.1265502E+0002   0.3395573E-0017   0.1549726E-0015  -0.4304322E-0014  -0.2812226E+0002
     3.15000   0.4759841E+0000   0.3523005E+0000   0.1265502E+0002   0.2796438E-0017  -0.1198271E-0015  -0.6255335E-0014  -0.2812226E+0002
     3.15500   0.4777332E+0000   0.3498207E+0000   0.1265502E+0002   0.1931862E-0017  -0.1729152E-0015  -0.2413645E-0014  -0.2812226E+0002
     3.16000   0.4794736E+0000   0.3480887E+0000   0.1265502E+0002   0.1599913E-0017  -0.6638967E-0016  -0.6842406E-0014  -0.2812226E+0002
     3.16500   0.4812097E+0000   0.3472121E+0000   0.1265502E+0002   0.6612476E-0018  -0.1877331E-0015  -0.7221439E-0014  -0.2812226E+0002
     3.17000   0.4829441E+0000   0.3468868E+0000   0.1265502E+0002  -0.3284870E-0018  -0.1979469E-0015  -0.1049254E-0013  -0.2812226E+0002
     3.17500   0.4846770E+0000   0.3465803E+0000   0.1265502E+0002  -0.1765272E-0017  -0.2873570E-0015  -0.8659000E-0014  -0.2812226E+0002
     3.18000   0.4864061E+0000   0.3458230E+0000   0.1265502E+0002  -0.2948392E-0017  -0.2366240E-0015   0.2251481E-0014  -0.2812226E+0002
     3.18500   0.4881284E+0000   0.3444460E+0000   0.1265502E+0002  -0.2641987E-0017   0.6128113E-0016   0.7709771E-0014  -0.2812226E+0002
     3.19000   0.4898416E+0000   0.3426401E+0000   0.1265502E+0002  -0.1598259E-0017   0.2087454E-0015   0.5920243E-0014  -0.2812226E+0002
     3.19500   0.4915456E+0000   0.3408148E+0000   0.1265502E+0002  -0.8010632E-0018   0.1594392E-0015   0.4922820E-0014  -0.2812226E+0002
     3.20000   0.4932424E+0000   0.3393462E+0000   0.1265502E+0002  -0.1410325E-0018   0.1320061E-0015   0.4348858E-0014  -0.2812226E+0002
     3.20500   0.4949342E+0000   0.3383608E+0000   0.1265502E+0002   0.4403506E-0018   0.1162766E-0015   0.1040428E-0013  -0.2812226E+0002
     3.21000   0.4966225E+0000   0.3376746E+0000   0.1265502E+0002   0.1828441E-0017   0.2776181E-0015   0.2904021E-0015  -0.2812226E+0002
     3.21500   0.4983071E+0000   0.3369154E+0000   0.1265502E+0002   0.1867098E-0017   0.7731395E-0017  -0.9194612E-0014  -0.2812226E+0002
     3.22000   0.4999859E+0000   0.3357520E+0000   0.1265502E+0002   0.6473806E-0018  -0.2439435E-0015  -0.3555944E-0015  -0.2812226E+0002
     3.22500   0.5016564E+0000   0.3340965E+0000   0.1265502E+0002   0.6004416E-0018  -0.9387805E-0017  -0.3442217E-0014  -0.2812226E+0002
     3.23000   0.5033172E+0000   0.3321634E+0000   0.1265502E+0002   0.1486926E-0018  -0.9034979E-0016  -0.1230941E-0015  -0.2812226E+0002
     3.23500   0.5049689E+0000   0.3303539E+0000   0.1265502E+0002   0.1326260E-0018  -0.3213320E-0017   0.1753026E-0014  -0.2812226E+0002
     3.24000   0.5066141E+0000   0.3290322E+0000   0.1265502E+0002   0.3605207E-0018   0.4557893E-0016   0.6052200E-0014  -0.2812226E+0002
     3.24500   0.5082557E+0000   0.3283202E+0000   0.1265502E+0002   0.1145608E-0017   0.1570175E-0015   0.5787164E-0014  -0.2812226E+0002
     3.25000   0.5098958E+0000   0.3280242E+0000   0.1265502E+0002   0.1895639E-0017   0.1500061E-0015   0.9333157E-0014  -0.2812226E+0002
     3.25500   0.5115345E+0000   0.3277346E+0000   0.1265502E+0002   0.3104171E-0017   0.2417064E-0015   0.1907807E-0014  -0.2812226E+0002
     3.26000   0.5131697E+0000   0.3270406E+0000   0.1265502E+0002   0.3350686E-0017   0.4930301E-0016  -0.4722620E-0014  -0.2812226E+0002
     3.26500   0.5147984E+0000   0.3257423E+0000   0.1265502E+0002   0.2742880E-0017  -0.1215610E-0015  -0.9651797E-0014  -0.2812226E+0002
     3.27000   0.5164181E+0000   0.3239469E+0000   0.1265502E+0002   0.1507533E-0017  -0.2470695E-0015  -0.1023957E-0013  -0.2812226E+0002
     3.27500   0.5180281E+0000   0.3219995E+0000   0.1265502E+0002   0.2048335E-0018  -0.2605399E-0015  -0.6302018E-0014  -0.2812226E+0002
     3.28000   0.5196296E+0000   0.3202932E+0000   0.1265502E+0002  -0.5926738E-0018  -0.1595015E-0015  -0.8104167E-0015  -0.2812226E+0002
     3.28500   0.5212249E+0000   0.3190631E+0000   0.1265502E+0002  -0.6948364E-0018  -0.2043253E-0016   0.3250486E-0014  -0.2812226E+0002
     3.29000   0.5228163E+0000   0.3182753E+0000   0.1265502E+0002  -0.2860859E-0018   0.8175011E-0016   0.5116523E-0014  -0.2812226E+0002
     3.29500   0.5244046E+0000   0.3176665E+0000   0.1265502E+0002   0.3560894E-0018   0.1284351E-0015  -0.1349428E-0014  -0.2812226E+0002
     3.30000   0.5259892E+0000   0.3169038E+0000   0.1265502E+0002   0.1871292E-0018  -0.3379204E-0016  -0.2360357E-0014  -0.2812226E+0002
     3.30500   0.5275680E+0000   0.3157710E+0000   0.1265502E+0002  -0.1073516E-0018  -0.5889618E-0016  -0.4421978E-0014  -0.2812226E+0002
     3.31000   0.5291394E+0000   0.3142797E+0000   0.1265502E+0002  -0.6564374E-0018  -0.1098172E-0015  -0.4535331E-0014  -0.2812226E+0002
     3.31500   0.5307026E+0000   0.3126467E+0000   0.1265502E+0002  -0.1216672E-0017  -0.1120469E-0015   0.1363932E-0014  -0.2812226E+0002
     3.32000   0.5322584E+0000   0.3111572E+0000   0.1265502E+0002  -0.1048993E-0017   0.3353587E-0016  -0.1928642E-0014  -0.2812226E+0002
     3.32500   0.5338084E+0000   0.3099962E+0000   0.1265502E+0002  -0.1285212E-0017  -0.4724383E-0016  -0.5185476E-0014  -0.2812226E+0002
     3.33000   0.5353541E+0000   0.3091432E+0000   0.1265502E+0002  -0.1918579E-0017  -0.1266734E-0015  -0.3367477E-0014  -0.2812226E+0002
     3.33500   0.5368961E+0000   0.3083879E+0000   0.1265502E+0002  -0.2328886E-0017  -0.8206144E-0016   0.2560640E-0014  -0.2812226E+0002
     3.34000   0.5384333E+0000   0.3074543E+0000   0.1265502E+0002  -0.2017832E-0017   0.6221087E-0016  -0.7562148E-0014  -0.2812226E+0002
     3.34500   0.5399641E+0000   0.3061606E+0000   0.1265502E+0002  -0.2932580E-0017  -0.1829497E-0015   0.1152096E-0013  -0.2812226E+0002
     3.35000   0.5414868E+0000   0.3045236E+0000   0.1265502E+0002  -0.1546409E-0017   0.2772343E-0015   0.1200929E-0013  -0.2812226E+0002
     3.35500   0.5430005E+0000   0.3027507E+0000   0.1265502E+0002  -0.1098955E-0018   0.2873027E-0015   0.5042332E-0014  -0.2812226E+0002
     3.36000   0.5445061E+0000   0.3011254E+0000   0.1265502E+0002   0.4900143E-0018   0.1199820E-0015   0.5897056E-0014  -0.2812226E+0002
     3.36500   0.5460054E+0000   0.2998513E+0000   0.1265502E+0002   0.1188646E-0017   0.1397264E-0015   0.4912054E-0014  -0.2812226E+0002
     3.37000   0.5475001E+0000   0.2989425E+0000   0.1265502E+0002   0.1768820E-0017   0.1160347E-0015  -0.1804564E-0014  -0.2812226E+0002
     3.37500   0.5489912E+0000   0.2982181E+0000   0.1265502E+0002   0.1556195E-0017  -0.4252492E-0016  -0.5005733E-0014  -0.2812226E+0002
     3.38000   0.5504782E+0000   0.2974033E+0000   0.1265502E+0002   0.9680012E-0018  -0.1176388E-0015  -0.1209009E-0013  -0.2812226E+0002
     3.38500   0.5519596E+0000   0.2962788E+0000   0.1265502E+0002  -0.4472620E-0018  -0.2830526E-0015  -0.7515468E-0014  -0.2812226E+0002
     3.39000   0.5534336E+0000   0.2947960E+0000   0.1265502E+0002  -0.1322618E-0017  -0.1750713E-0015   0.4887671E-0014  -0.2812226E+0002
     3.39500   0.5548991E+0000   0.2930971E+0000   0.1265502E+0002  -0.7566127E-0018   0.1132011E-0015   0.7054533E-0014  -0.2812226E+0002
     3.40000   0.5563562E+0000   0.2914320E+0000   0.1265502E+0002   0.5568037E-0019   0.1624586E-0015   0.8872733E-0014  -0.2812226E+0002
     3.40500   0.5578063E+0000   0.2900197E+0000   0.1265502E+0002   0.1072379E-0017   0.2033397E-0015   0.6850705E-0014  -0.2812226E+0002
     3.41000   0.5592510E+0000   0.2889323E+0000   0.1265502E+0002   0.1854436E-0017   0.1564115E-0015   0.7934326E-0015  -0.2812226E+0002
     3.41500   0.5606913E+0000   0.2880619E+0000   0.1265502E+0002   0.1944739E-0017   0.1806064E-0016  -0.2407590E-0014  -0.2812226E+0002
     3.42000   0.5621272E+0000   0.2871870E+0000   0.1265502E+0002   0.1671556E-0017  -0.5463669E-0016  -0.5699678E-0014  -0.2812226E+0002
     3.42500   0.5635577E+0000   0.2860972E+0000   0.1265502E+0002   0.1027281E-0017  -0.1288550E-0015  -0.1206842E-0013  -0.2812226E+0002
     3.43000   0.5649813E+0000   0.2847071E+0000   0.1265502E+0002  -0.3302699E-0018  -0.2715102E-0015  -0.1151983E-0013  -0.2812226E+0002
     3.43500   0.5663967E+0000   0.2830980E+0000   0.1265502E+0002  -0.1618787E-0017  -0.2577035E-0015  -0.6916169E-0015  -0.2812226E+0002
     3.44000   0.5678041E+0000   0.2814670E+0000   0.1265502E+0002  -0.1695700E-0017  -0.1538262E-0016   0.7100785E-0014  -0.2812226E+0002
     3.44500   0.5692042E+0000   0.2800152E+0000   0.1265502E+0002  -0.9101116E-0018   0.1571177E-0015   0.1531746E-0013  -0.2812226E+0002
     3.45000   0.5705984E+0000   0.2788385E+0000   0.1265502E+0002   0.7774003E-0018   0.3375024E-0015   0.4178459E-0014  -0.2812226E+0002
     3.45500   0.5719877E+0000   0.2778796E+0000   0.1265502E+0002   0.1236155E-0017   0.9175083E-0016   0.1142477E-0013  -0.2812226E+0002
     3.46000   0.5733726E+0000   0.2769651E+0000   0.1265502E+0002   0.2486355E-0017   0.2500401E-0015  -0.7080851E-0014  -0.2812226E+0002
     3.46500   0.5747521E+0000   0.2759053E+0000   0.1265502E+0002   0.1714470E-0017  -0.1543771E-0015  -0.1329873E-0013  -0.2812226E+0002
     3.47000   0.5761251E+0000   0.2745976E+0000   0.1265502E+0002   0.2716425E-0018  -0.2885655E-0015  -0.1004504E-0013  -0.2812226E+0002
     3.47500   0.5774905E+0000   0.2730793E+0000   0.1265502E+0002  -0.8121539E-0018  -0.2167593E-0015  -0.6286008E-0014  -0.2812226E+0002
     3.48000   0.5788480E+0000   0.2715015E+0000   0.1265502E+0002  -0.1486456E-0017  -0.1348604E-0015  -0.6510415E-0014  -0.2812226E+0002
     3.48500   0.5801982E+0000   0.2700425E+0000   0.1265502E+0002  -0.2181077E-0017  -0.1389242E-0015  -0.4225338E-0014  -0.2812226E+0002
     3.49000   0.5815423E+0000   0.2688098E+0000   0.1265502E+0002  -0.2629837E-0017  -0.8975194E-0016   0.2072013E-0014  -0.2812226E+0002
     3.49500   0.5828812E+0000   0.2677852E+0000   0.1265502E+0002  -0.2410614E-0017   0.4384462E-0016   0.9978589E-0014  -0.2812226E+0002
     3.50000   0.5842154E+0000   0.2668414E+0000   0.1265502E+0002  -0.1358580E-0017   0.2104067E-0015   0.1510330E-0013  -0.2812226E+0002
     3.50500   0.5855445E+0000   0.2658178E+0000   0.1265502E+0002   0.2276385E-0018   0.3172437E-0015   0.1373519E-0013  -0.2812226E+0002
     3.51000   0.5868675E+0000   0.2646124E+0000   0.1265502E+0002   0.1663631E-0017   0.2871986E-0015   0.1175751E-0013  -0.2812226E+0002
     3.51500   0.5881837E+0000   0.2632381E+0000   0.1265502E+0002   0.2886476E-0017   0.2445690E-0015   0.1266503E-0016  -0.2812226E+0002
     3.52000   0.5894928E+0000   0.2618137E+0000   0.1265502E+0002   0.2887786E-0017   0.2620208E-0018  -0.6504483E-0014  -0.2812226E+0002
     3.52500   0.5907953E+0000   0.2604970E+0000   0.1265502E+0002   0.2218329E-0017  -0.1338914E-0015  -0.1937289E-0013  -0.2812226E+0002
     3.53000   0.5920923E+0000   0.2593987E+0000   0.1265502E+0002   0.2328314E-0018  -0.3970996E-0015  -0.1053125E-0013  -0.2812226E+0002
     3.53500   0.5933849E+0000   0.2585232E+0000   0.1265502E+0002  -0.8428574E-0018  -0.2151378E-0015  -0.6518957E-0014  -0.2812226E+0002
     3.54000   0.5946737E+0000   0.2577701E+0000   0.1265502E+0002  -0.1506781E-0017  -0.1327846E-0015  -0.1077714E-0014  -0.2812226E+0002
     3.54500   0.5959587E+0000   0.2569906E+0000   0.1265502E+0002  -0.1616208E-0017  -0.2188557E-0016   0.5969418E-0014  -0.2812226E+0002
     3.55000   0.5972390E+0000   0.2560692E+0000   0.1265502E+0002  -0.1012265E-0017   0.1207888E-0015   0.2373469E-0014  -0.2812226E+0002
     3.55500   0.5985140E+0000   0.2549833E+0000   0.1265502E+0002  -0.7731519E-0018   0.4782252E-0016  -0.1020906E-0014  -0.2812226E+0002
     3.56000   0.5997830E+0000   0.2538103E+0000   0.1265502E+0002  -0.8755289E-0018  -0.2047539E-0016  -0.4226171E-0014  -0.2812226E+0002
     3.56500   0.6010464E+0000   0.2526817E+0000   0.1265502E+0002  -0.1297447E-0017  -0.8438361E-0016  -0.3913129E-0014  -0.2812226E+0002
     3.57000   0.6023050E+0000   0.2517087E+0000   0.1265502E+0002  -0.1686608E-0017  -0.7783227E-0016   0.1614548E-0014  -0.2812226E+0002
     3.57500   0.6035596E+0000   0.2509235E+0000   0.1265502E+0002  -0.1526542E-0017   0.3201323E-0016   0.3216101E-0014  -0.2812226E+0002
     3.58000   0.6048109E+0000   0.2502653E+0000   0.1265502E+0002  -0.1208534E-0017   0.6360154E-0016   0.9806089E-0014  -0.2812226E+0002
     3.58500   0.6060590E+0000   0.2496174E+0000   0.1265502E+0002  -0.2414197E-0018   0.1934229E-0015   0.7282539E-0014  -0.2812226E+0002
     3.59000   0.6073034E+0000   0.2488723E+0000   0.1265502E+0002   0.4746687E-0018   0.1432177E-0015  -0.5507219E-0015  -0.2812226E+0002
     3.59500   0.6085433E+0000   0.2479885E+0000   0.1265502E+0002   0.4207088E-0018  -0.1079198E-0016  -0.9992824E-0014  -0.2812226E+0002
     3.60000   0.6097783E+0000   0.2470081E+0000   0.1265502E+0002  -0.5545201E-0018  -0.1950458E-0015  -0.5576793E-0014  -0.2812226E+0002
     3.60500   0.6110085E+0000   0.2460279E+0000   0.1265502E+0002  -0.1096616E-0017  -0.1084192E-0015  -0.1505869E-0014  -0.2812226E+0002
     3.61000   0.6122342E+0000   0.2451421E+0000   0.1265502E+0002  -0.1242468E-0017  -0.2917040E-0016   0.1026935E-0014  -0.2812226E+0002
     3.61500   0.6134561E+0000   0.2443894E+0000   0.1265502E+0002  -0.1143309E-0017   0.1983182E-0016   0.1324249E-0013  -0.2812226E+0002
     3.62000   0.6146748E+0000   0.2437329E+0000   0.1265502E+0002   0.1319286E-0018   0.2550475E-0015   0.9824620E-0014  -0.2812226E+0002
     3.62500   0.6158902E+0000   0.2430839E+0000   0.1265502E+0002   0.1075510E-0017   0.1887162E-0015   0.8778885E-0014  -0.2812226E+0002
     3.63000   0.6171020E+0000   0.2423537E+0000   0.1265502E+0002   0.1916123E-0017   0.1681227E-0015  -0.3755593E-0014  -0.2812226E+0002
     3.63500   0.6183095E+0000   0.2415041E+0000   0.1265502E+0002   0.1557771E-0017  -0.7167048E-0016  -0.1617143E-0013  -0.2812226E+0002
     3.64000   0.6195124E+0000   0.2405688E+0000   0.1265502E+0002   0.2069623E-0019  -0.3074149E-0015  -0.1355095E-0013  -0.2812226E+0002
     3.64500   0.6207105E+0000   0.2396350E+0000   0.1265502E+0002  -0.1262305E-0017  -0.2566002E-0015  -0.5820975E-0014  -0.2812226E+0002
     3.65000   0.6219045E+0000   0.2387956E+0000   0.1265502E+0002  -0.1811503E-0017  -0.1098397E-0015   0.2628383E-0014  -0.2812226E+0002
     3.65500   0.6230950E+0000   0.2381000E+0000   0.1265502E+0002  -0.1564243E-0017   0.4945215E-0016   0.1148604E-0013  -0.2812226E+0002
     3.66000   0.6242826E+0000   0.2375282E+0000   0.1265502E+0002  -0.4863073E-0018   0.2155871E-0015   0.1100016E-0013  -0.2812226E+0002
     3.66500   0.6254677E+0000   0.2370033E+0000   0.1265502E+0002   0.5437480E-0018   0.2060111E-0015   0.6918577E-0014  -0.2812226E+0002
     3.67000   0.6266498E+0000   0.2364329E+0000   0.1265502E+0002   0.1190045E-0017   0.1292593E-0015  -0.8500904E-0014  -0.2812226E+0002
     3.67500   0.6278286E+0000   0.2357563E+0000   0.1265502E+0002   0.3982078E-0018  -0.1583674E-0015  -0.1873477E-0013  -0.2812226E+0002
     3.68000   0.6290035E+0000   0.2349736E+0000   0.1265502E+0002  -0.1341093E-0017  -0.3478601E-0015  -0.1079973E-0013  -0.2812226E+0002
     3.68500   0.6301742E+0000   0.2341404E+0000   0.1265502E+0002  -0.2340164E-0017  -0.1998143E-0015  -0.1319899E-0013  -0.2812226E+0002
     3.69000   0.6313409E+0000   0.2333348E+0000   0.1265502E+0002  -0.3556988E-0017  -0.2433647E-0015   0.1652902E-0014  -0.2812226E+0002
     3.69500   0.6325039E+0000   0.2326151E+0000   0.1265502E+0002  -0.3405075E-0017   0.3038241E-0016   0.1501285E-0013  -0.2812226E+0002
     3.70000   0.6336639E+0000   0.2319912E+0000   0.1265502E+0002  -0.2029001E-0017   0.2752149E-0015   0.2267367E-0013  -0.2812226E+0002
     3.70500   0.6348210E+0000   0.2314242E+0000   0.1265502E+0002   0.4418229E-0019   0.4146366E-0015   0.1114962E-0013  -0.2812226E+0002
     3.71000   0.6359753E+0000   0.2308523E+0000   0.1265502E+0002   0.1061136E-0017   0.2033908E-0015   0.1040829E-0013  -0.2812226E+0002
     3.71500   0.6371264E+0000   0.2302272E+0000   0.1265502E+0002   0.2007903E-0017   0.1893534E-0015  -0.1262781E-0014  -0.2812226E+0002
     3.72000   0.6382741E+0000   0.2295398E+0000   0.1265502E+0002   0.1893380E-0017  -0.2290463E-0016  -0.1215580E-0013  -0.2812226E+0002
     3.72500   0.6394182E+0000   0.2288224E+0000   0.1265502E+0002   0.7944012E-0018  -0.2197958E-0015  -0.1536310E-0013  -0.2812226E+0002
     3.73000   0.6405589E+0000   0.2281277E+0000   0.1265502E+0002  -0.5903256E-0018  -0.2769454E-0015  -0.9039467E-0014  -0.2812226E+0002
     3.73500   0.6416963E+0000   0.2274972E+0000   0.1265502E+0002  -0.1402831E-0017  -0.1625011E-0015  -0.3041444E-0014  -0.2812226E+0002
     3.74000   0.6428310E+0000   0.2269382E+0000   0.1265502E+0002  -0.1675537E-0017  -0.5454119E-0016   0.5038797E-0014  -0.2812226E+0002
     3.74500   0.6439631E+0000   0.2264205E+0000   0.1265502E+0002  -0.1224772E-0017   0.9015292E-0016   0.9759898E-0014  -0.2812226E+0002
     3.75000   0.6450926E+0000   0.2258954E+0000   0.1265502E+0002  -0.3536884E-0018   0.1742168E-0015   0.1944351E-0014  -0.2812226E+0002
     3.75500   0.6462192E+0000   0.2253243E+0000   0.1265502E+0002  -0.1805914E-0018   0.3461942E-0016  -0.8508185E-0015  -0.2812226E+0002
     3.76000   0.6473427E+0000   0.2246999E+0000   0.1265502E+0002  -0.2561261E-0018  -0.1510696E-0016   0.1163485E-0013  -0.2812226E+0002
     3.76500   0.6484630E+0000   0.2240507E+0000   0.1265502E+0002   0.7738194E-0018   0.2059891E-0015   0.1065866E-0013  -0.2812226E+0002
     3.77000   0.6495801E+0000   0.2234243E+0000   0.1265502E+0002   0.1714712E-0017   0.1881785E-0015  -0.1090847E-0014  -0.2812226E+0002
     3.77500   0.6506944E+0000   0.2228617E+0000   0.1265502E+0002   0.1618660E-0017  -0.1921041E-0016   0.7268008E-0014  -0.2812226E+0002
     3.78000   0.6518063E+0000   0.2223756E+0000   0.1265502E+0002   0.2257232E-0017   0.1277144E-0015  -0.3038730E-0014  -0.2812226E+0002
     3.78500   0.6529160E+0000   0.2219456E+0000   0.1265502E+0002   0.1990763E-0017  -0.5329370E-0016  -0.1214498E-0013  -0.2812226E+0002
     3.79000   0.6540237E+0000   0.2215312E+0000   0.1265502E+0002   0.9277500E-0018  -0.2126027E-0015  -0.1640249E-0013  -0.2812226E+0002
     3.79500   0.6551291E+0000   0.2210947E+0000   0.1265502E+0002  -0.5050818E-0018  -0.2865664E-0015  -0.1455545E-0013  -0.2812226E+0002
     3.80000   0.6562323E+0000   0.2206216E+0000   0.1265502E+0002  -0.1773846E-0017  -0.2537528E-0015  -0.1018173E-0013  -0.2812226E+0002
     3.80500   0.6573329E+0000   0.2201262E+0000   0.1265502E+0002  -0.2659370E-0017  -0.1771048E-0015  -0.9634933E-0014  -0.2812226E+0002
     3.81000   0.6584311E+0000   0.2196411E+0000   0.1265502E+0002  -0.3495492E-0017  -0.1672244E-0015  -0.4397807E-0014  -0.2812226E+0002
     3.81500   0.6595271E+0000   0.2191974E+0000   0.1265502E+0002  -0.3876364E-0017  -0.7617437E-0016   0.4126236E-0014  -0.2812226E+0002
     3.82000   0.6606211E+0000   0.2188070E+0000   0.1265502E+0002  -0.3519648E-0017   0.7134318E-0016   0.7552478E-0014  -0.2812226E+0002
     3.82500   0.6617134E+0000   0.2184571E+0000   0.1265502E+0002  -0.2867775E-0017   0.1303745E-0015   0.1891914E-0013  -0.2812226E+0002
     3.83000   0.6628040E+0000   0.2181198E+0000   0.1265502E+0002  -0.1237340E-0017   0.3260870E-0015   0.1393142E-0013  -0.2812226E+0002
     3.83500   0.6638928E+0000   0.2177701E+0000   0.1265502E+0002  -0.3866683E-0019   0.2397347E-0015   0.1058926E-0013  -0.2812226E+0002
     3.84000   0.6649799E+0000   0.2174020E+0000   0.1265502E+0002   0.8709032E-0018   0.1819140E-0015   0.1299763E-0013  -0.2812226E+0002
     3.84500   0.6660650E+0000   0.2170325E+0000   0.1265502E+0002   0.1985444E-0017   0.2229082E-0015   0.1250865E-0013  -0.2812226E+0002
     3.85000   0.6671485E+0000   0.2166924E+0000   0.1265502E+0002   0.3056374E-0017   0.2141860E-0015  -0.5263457E-0015  -0.2812226E+0002
     3.85500   0.6682305E+0000   0.2164084E+0000   0.1265502E+0002   0.3011370E-0017  -0.9000827E-0017  -0.4553584E-0014  -0.2812226E+0002
     3.86000   0.6693115E+0000   0.2161875E+0000   0.1265502E+0002   0.2622423E-0017  -0.7778955E-0016   0.4680996E-0014  -0.2812226E+0002
     3.86500   0.6703915E+0000   0.2160127E+0000   0.1265502E+0002   0.3021930E-0017   0.7990149E-0016  -0.1208870E-0013  -0.2812226E+0002
     3.87000   0.6714708E+0000   0.2158524E+0000   0.1265502E+0002   0.1990965E-0017  -0.2061930E-0015  -0.1232291E-0013  -0.2812226E+0002
     3.87500   0.6725492E+0000   0.2156785E+0000   0.1265502E+0002   0.9408731E-0018  -0.2100184E-0015  -0.4277355E-0014  -0.2812226E+0002
     3.88000   0.6736266E+0000   0.2154826E+0000   0.1265502E+0002   0.5767111E-0018  -0.7283240E-0016   0.6273122E-0014  -0.2812226E+0002
     3.88500   0.6747030E+0000   0.2152812E+0000   0.1265502E+0002   0.1110288E-0017   0.1067154E-0015   0.7646423E-0014  -0.2812226E+0002
     3.89000   0.6757785E+0000   0.2151070E+0000   0.1265502E+0002   0.1760148E-0017   0.1299721E-0015   0.8116507E-0014  -0.2812226E+0002
     3.89500   0.6768535E+0000   0.2149905E+0000   0.1265502E+0002   0.2449587E-0017   0.1378877E-0015  -0.7440499E-0014  -0.2812226E+0002
     3.90000   0.6779282E+0000   0.2149434E+0000   0.1265502E+0002   0.1817709E-0017  -0.1263756E-0015  -0.6496307E-0014  -0.2812226E+0002
     3.90500   0.6790030E+0000   0.2149514E+0000   0.1265502E+0002   0.1265995E-0017  -0.1103428E-0015  -0.1165490E-0013  -0.2812226E+0002
     3.91000   0.6800779E+0000   0.2149826E+0000   0.1265502E+0002   0.2760319E-0018  -0.1979926E-0015  -0.1291251E-0013  -0.2812226E+0002
     3.91500   0.6811529E+0000   0.2150050E+0000   0.1265502E+0002  -0.8208663E-0018  -0.2193797E-0015  -0.9860273E-0014  -0.2812226E+0002
     3.92000   0.6822279E+0000   0.2150051E+0000   0.1265502E+0002  -0.1658482E-0017  -0.1675232E-0015   0.5256919E-0014  -0.2812226E+0002
     3.92500   0.6833029E+0000   0.2149959E+0000   0.1265502E+0002  -0.1211934E-0017   0.8930973E-0016   0.2749066E-0014  -0.2812226E+0002
     3.93000   0.6843780E+0000   0.2150105E+0000   0.1265502E+0002  -0.9783988E-0018   0.4670701E-0016   0.3347230E-0014  -0.2812226E+0002
     3.93500   0.6854534E+0000   0.2150845E+0000   0.1265502E+0002  -0.6939515E-0018   0.5688946E-0016  -0.2445855E-0014  -0.2812226E+0002
     3.94000   0.6865296E+0000   0.2152363E+0000   0.1265502E+0002  -0.9019467E-0018  -0.4159905E-0016  -0.5040011E-0015  -0.2812226E+0002
     3.94500   0.6876068E+0000   0.2154570E+0000   0.1265502E+0002  -0.9448509E-0018  -0.8580830E-0017  -0.7096390E-0014  -0.2812226E+0002
     3.95000   0.6886854E+0000   0.2157142E+0000   0.1265502E+0002  -0.1549667E-0017  -0.1209633E-0015   0.5440267E-0014  -0.2812226E+0002
     3.95500   0.6897653E+0000   0.2159694E+0000   0.1265502E+0002  -0.1085452E-0017   0.9284311E-0016   0.1919022E-0013  -0.2812226E+0002
     3.96000   0.6908463E+0000   0.2161982E+0000   0.1265502E+0002   0.5537761E-0018   0.3278456E-0015   0.1435921E-0013  -0.2812226E+0002
     3.96500   0.6919283E+0000   0.2164037E+0000   0.1265502E+0002   0.1781505E-0017   0.2455457E-0015   0.1273288E-0013  -0.2812226E+0002
     3.97000   0.6930113E+0000   0.2166144E+0000   0.1265502E+0002   0.2871241E-0017   0.2179472E-0015  -0.1117425E-0013  -0.2812226E+0002
     3.97500   0.6940957E+0000   0.2168694E+0000   0.1265502E+0002   0.1913774E-0017  -0.1914934E-0015  -0.1203551E-0013  -0.2812226E+0002
     3.98000   0.6951817E+0000   0.2171966E+0000   0.1265502E+0002   0.8809533E-0018  -0.2065641E-0015  -0.1075109E-0013  -0.2812226E+0002
     3.98500   0.6962697E+0000   0.2175975E+0000   0.1265502E+0002  -0.4334821E-0019  -0.1848603E-0015  -0.5007027E-0014  -0.2812226E+0002
     3.99000   0.6973599E+0000   0.2180455E+0000   0.1265502E+0002  -0.4747026E-0018  -0.8627087E-0016  -0.1979762E-0014  -0.2812226E+0002
     3.99500   0.6984524E+0000   0.2184990E+0000   0.1265502E+0002  -0.6456134E-0018  -0.3418216E-0016  -0.2575427E-0014  -0.2812226E+0002
     4.00000   0.6995470E+0000   0.2189230E+0000   0.1265502E+0002  -0.8683788E-0018  -0.4455309E-0016   0.4261190E-0015  -0.2812226E+0002
     4.00500   0.7006435E+0000   0.2193063E+0000   0.1265502E+0002  -0.8314565E-0018   0.7384471E-0017  -0.1556347E-0014  -0.2812226E+0002
     4.01000   0.7017419E+0000   0.2196671E+0000   0.1265502E+0002  -0.9665327E-0018  -0.2701524E-0016   0.2626433E-0014  -0.2812226E+0002
     4.01500   0.7028421E+0000   0.2200418E+0000   0.1265502E+0002  -0.7381944E-0018   0.4566765E-0016  -0.3634851E-0015  -0.2812226E+0002
     4.02000   0.7039444E+0000   0.2204646E+0000   0.1265502E+0002  -0.7698560E-0018  -0.6332318E-0017   0.7568969E-0015  -0.2812226E+0002
     4.02500   0.7050491E+0000   0.2209484E+0000   0.1265502E+0002  -0.7037813E-0018   0.1321493E-0016   0.8536364E-0014  -0.2812226E+0002
     4.03000   0.7061565E+0000   0.2214754E+0000   0.1265502E+0002   0.4319312E-0019   0.1493949E-0015   0.1187710E-0013  -0.2812226E+0002
     4.03500   0.7072665E+0000   0.2220054E+0000   0.1265502E+0002   0.1084986E-0017   0.2083585E-0015  -0.6804627E-0017  -0.2812226E+0002
     4.04000   0.7083790E+0000   0.2224940E+0000   0.1265502E+0002   0.1084387E-0017  -0.1196354E-0018   0.1835481E-0014  -0.2812226E+0002
     4.04500   0.7094936E+0000   0.2229145E+0000   0.1265502E+0002   0.1246045E-0017   0.3233147E-0016  -0.1122242E-0013  -0.2812226E+0002
     4.05000   0.7106099E+0000   0.2232699E+0000   0.1265502E+0002   0.2560704E-0018  -0.1979949E-0015  -0.9346885E-0014  -0.2812226E+0002
     4.05500   0.7117279E+0000   0.2235895E+0000   0.1265502E+0002  -0.5696358E-0018  -0.1651412E-0015   0.3912779E-0014  -0.2812226E+0002
     4.06000   0.7128474E+0000   0.2239126E+0000   0.1265502E+0002  -0.2234804E-0018   0.6923108E-0016   0.3988476E-0014  -0.2812226E+0002
     4.06500   0.7139688E+0000   0.2242666E+0000   0.1265502E+0002   0.1299296E-0018   0.7068201E-0016   0.1101619E-0013  -0.2812226E+0002
     4.07000   0.7150920E+0000   0.2246521E+0000   0.1265502E+0002   0.1107728E-0017   0.1955596E-0015   0.5265608E-0014  -0.2812226E+0002
     4.07500   0.7162172E+0000   0.2250410E+0000   0.1265502E+0002   0.1575913E-0017   0.9363698E-0016  -0.3801407E-0014  -0.2812226E+0002
     4.08000   0.7173442E+0000   0.2253902E+0000   0.1265502E+0002   0.1237391E-0017  -0.6770437E-0016  -0.9167516E-0014  -0.2812226E+0002
     4.08500   0.7184725E+0000   0.2256626E+0000   0.1265502E+0002   0.4200210E-0018  -0.1634740E-0015  -0.3631485E-0014  -0.2812226E+0002
     4.09000   0.7196017E+0000   0.2258446E+0000   0.1265502E+0002   0.9597916E-0019  -0.6480837E-0016   0.2415420E-0014  -0.2812226E+0002
     4.09500   0.7207315E+0000   0.2259519E+0000   0.1265502E+0002   0.3116125E-0018   0.4312667E-0016   0.7888345E-0014  -0.2812226E+0002
     4.10000   0.7218616E+0000   0.2260209E+0000   0.1265502E+0002   0.1016049E-0017   0.1408873E-0015   0.1166912E-0013  -0.2812226E+0002
     4.10500   0.7229920E+0000   0.2260892E+0000   0.1265502E+0002   0.2058426E-0017   0.2084755E-0015   0.1661358E-0013  -0.2812226E+0002
     4.11000   0.7241229E+0000   0.2261772E+0000   0.1265502E+0002   0.3543060E-0017   0.2969267E-0015   0.3295392E-0014  -0.2812226E+0002
     4.11500   0.7252543E+0000   0.2262782E+0000   0.1265502E+0002   0.3837676E-0017   0.5892328E-0016  -0.2857949E-0014  -0.2812226E+0002
     4.12000   0.7263861E+0000   0.2263632E+0000   0.1265502E+0002   0.3582072E-0017  -0.5112077E-0016  -0.1831113E-0013  -0.2812226E+0002
     4.12500   0.7275181E+0000   0.2263969E+0000   0.1265502E+0002   0.1944152E-0017  -0.3275842E-0015  -0.1943788E-0013  -0.2812226E+0002
     4.13000   0.7286499E+0000   0.2263567E+0000   0.1265502E+0002   0.2057521E-0018  -0.3476799E-0015  -0.1560221E-0013  -0.2812226E+0002
     4.13500   0.7297811E+0000   0.2262450E+0000   0.1265502E+0002  -0.1188920E-0017  -0.2789345E-0015   0.2454685E-0015  -0.2812226E+0002
     4.14000   0.7309116E+0000   0.2260885E+0000   0.1265502E+0002  -0.1166993E-0017   0.4385424E-0017   0.7671536E-0014  -0.2812226E+0002
     4.14500   0.7320412E+0000   0.2259259E+0000   0.1265502E+0002  -0.4822062E-0018   0.1369574E-0015   0.1087646E-0013  -0.2812226E+0002
     4.15000   0.7331701E+0000   0.2257890E+0000   0.1265502E+0002   0.4880749E-0018   0.1940562E-0015   0.8762572E-0014  -0.2812226E+0002
     4.15500   0.7342986E+0000   0.2256888E+0000   0.1265502E+0002   0.1269431E-0017   0.1562712E-0015  -0.1194279E-0014  -0.2812226E+0002
     4.16000   0.7354266E+0000   0.2256116E+0000   0.1265502E+0002   0.1162974E-0017  -0.2129142E-0016  -0.8182201E-0015  -0.2812226E+0002
     4.16500   0.7365543E+0000   0.2255282E+0000   0.1265502E+0002   0.1090065E-0017  -0.1458170E-0016  -0.6890956E-0014  -0.2812226E+0002
     4.17000   0.7376813E+0000   0.2254104E+0000   0.1265502E+0002   0.4763588E-0018  -0.1227413E-0015   0.2432267E-0014  -0.2812226E+0002
     4.17500   0.7388076E+0000   0.2252467E+0000   0.1265502E+0002   0.6928184E-0018   0.4329194E-0016   0.1211842E-0013  -0.2812226E+0002
     4.18000   0.7399328E+0000   0.2250491E+0000   0.1265502E+0002   0.1770351E-0017   0.2155066E-0015   0.1291928E-0015  -0.2812226E+0002
     4.18500   0.7410571E+0000   0.2248479E+0000   0.1265502E+0002   0.1781829E-0017   0.2295433E-0017   0.7670789E-0014  -0.2812226E+0002
     4.19000   0.7421804E+0000   0.2246775E+0000   0.1265502E+0002   0.2462766E-0017   0.1361874E-0015   0.3962851E-0014  -0.2812226E+0002
     4.19500   0.7433032E+0000   0.2245604E+0000   0.1265502E+0002   0.2814365E-0017   0.7031987E-0016  -0.9130958E-0014  -0.2812226E+0002
     4.20000   0.7444257E+0000   0.2244970E+0000   0.1265502E+0002   0.2004460E-0017  -0.1619810E-0015  -0.6174297E-0014  -0.2812226E+0002
     4.20500   0.7455481E+0000   0.2244671E+0000   0.1265502E+0002   0.1456880E-0017  -0.1095160E-0015  -0.1092452E-0013  -0.2812226E+0002
     4.21000   0.7466703E+0000   0.2244410E+0000   0.1265502E+0002   0.4881295E-0018  -0.1937501E-0015  -0.8111841E-0014  -0.2812226E+0002
     4.21500   0.7477922E+0000   0.2243947E+0000   0.1265502E+0002  -0.2310534E-0018  -0.1438366E-0015  -0.3420500E-0014  -0.2812226E+0002
     4.22000   0.7489139E+0000   0.2243217E+0000   0.1265502E+0002  -0.5342108E-0018  -0.6063148E-0016   0.8264491E-0014  -0.2812226E+0002
     4.22500   0.7500350E+0000   0.2242354E+0000   0.1265502E+0002   0.1979854E-0018   0.1464392E-0015   0.1278925E-0013  -0.2812226E+0002
     4.23000   0.7511558E+0000   0.2241617E+0000   0.1265502E+0002   0.1330682E-0017   0.2265394E-0015   0.5518338E-0014  -0.2812226E+0002
     4.23500   0.7522765E+0000   0.2241253E+0000   0.1265502E+0002   0.1819342E-0017   0.9773193E-0016  -0.3401590E-0014  -0.2812226E+0002
     4.24000   0.7533972E+0000   0.2241369E+0000   0.1265502E+0002   0.1518109E-0017  -0.6024660E-0016  -0.1665738E-0014  -0.2812226E+0002
     4.24500   0.7545181E+0000   0.2241877E+0000   0.1265502E+0002   0.1370564E-0017  -0.2950908E-0016   0.5318104E-0014  -0.2812226E+0002
     4.25000   0.7556394E+0000   0.2242536E+0000   0.1265502E+0002   0.1841762E-0017   0.9423962E-0016   0.2725207E-0014  -0.2812226E+0002
     4.25500   0.7567609E+0000   0.2243068E+0000   0.1265502E+0002   0.2083280E-0017   0.4830357E-0016   0.2543944E-0014  -0.2812226E+0002
     4.26000   0.7578825E+0000   0.2243282E+0000   0.1265502E+0002   0.2308755E-0017   0.4509502E-0016  -0.5213715E-0014  -0.2812226E+0002
     4.26500   0.7590041E+0000   0.2243152E+0000   0.1265502E+0002   0.1846679E-0017  -0.9241515E-0016  -0.7113053E-0014  -0.2812226E+0002
     4.27000   0.7601255E+0000   0.2242814E+0000   0.1265502E+0002   0.1216366E-0017  -0.1260627E-0015  -0.1057735E-0013  -0.2812226E+0002
     4.27500   0.7612468E+0000   0.2242476E+0000   0.1265502E+0002   0.2792098E-0018  -0.1874312E-0015  -0.1282683E-0013  -0.2812226E+0002
     4.28000   0.7623679E+0000   0.2242305E+0000   0.1265502E+0002  -0.8571640E-0018  -0.2272748E-0015  -0.1155878E-0013  -0.2812226E+0002
     4.28500   0.7634891E+0000   0.2242331E+0000   0.1265502E+0002  -0.1881209E-0017  -0.2048089E-0015  -0.8651040E-0014  -0.2812226E+0002
     4.29000   0.7646103E+0000   0.2242432E+0000   0.1265502E+0002  -0.2647678E-0017  -0.1532939E-0015   0.3074826E-0014  -0.2812226E+0002
     4.29500   0.7657315E+0000   0.2242390E+0000   0.1265502E+0002  -0.2375258E-0017   0.5448399E-0016   0.1156746E-0013  -0.2812226E+0002
     4.30000   0.7668525E+0000   0.2241994E+0000   0.1265502E+0002  -0.1350599E-0017   0.2049319E-0015   0.9496761E-0014  -0.2812226E+0002
     4.30500   0.7679731E+0000   0.2241140E+0000   0.1265502E+0002  -0.5096847E-0018   0.1681828E-0015   0.1563418E-0013  -0.2812226E+0002
     4.31000   0.7690930E+0000   0.2239871E+0000   0.1265502E+0002   0.8738990E-0018   0.2767167E-0015   0.1599639E-0013  -0.2812226E+0002
     4.31500   0.7702122E+0000   0.2238355E+0000   0.1265502E+0002   0.2288579E-0017   0.2829359E-0015   0.1635833E-0013  -0.2812226E+0002
     4.32000   0.7713306E+0000   0.2236793E+0000   0.1265502E+0002   0.3734258E-0017   0.2891358E-0015   0.5921131E-0014  -0.2812226E+0002
     4.32500   0.7724482E+0000   0.2235331E+0000   0.1265502E+0002   0.4257200E-0017   0.1045884E-0015   0.3975500E-0014  -0.2812226E+0002
     4.33000   0.7735652E+0000   0.2233995E+0000   0.1265502E+0002   0.4608098E-0017   0.7017964E-0016  -0.1516214E-0013  -0.2812226E+0002
     4.33500   0.7746816E+0000   0.2232697E+0000   0.1265502E+0002   0.3270587E-0017  -0.2675023E-0015  -0.1770844E-0013  -0.2812226E+0002
     4.34000   0.7757972E+0000   0.2231289E+0000   0.1265502E+0002   0.1709441E-0017  -0.3122292E-0015  -0.1681249E-0013  -0.2812226E+0002
     4.34500   0.7769120E+0000   0.2229654E+0000   0.1265502E+0002   0.2283671E-0018  -0.2962148E-0015  -0.2528895E-0014  -0.2812226E+0002
     4.35000   0.7780259E+0000   0.2227766E+0000   0.1265502E+0002   0.5776160E-0020  -0.4451819E-0016  -0.2728896E-0014  -0.2812226E+0002
     4.35500   0.7791388E+0000   0.2225707E+0000   0.1265502E+0002  -0.2341968E-0018  -0.4799459E-0016   0.4285967E-0016  -0.2812226E+0002
     4.36000   0.7802506E+0000   0.2223633E+0000   0.1265502E+0002  -0.2304313E-0018   0.7530939E-0018   0.1011099E-0013  -0.2812226E+0002
     4.36500   0.7813614E+0000   0.2221696E+0000   0.1265502E+0002   0.6571038E-0018   0.1775070E-0015   0.1412596E-0014  -0.2812226E+0002
     4.37000   0.7824714E+0000   0.2219978E+0000   0.1265502E+0002   0.7810046E-0018   0.2478015E-0016   0.3179342E-0014  -0.2812226E+0002
     4.37500   0.7835807E+0000   0.2218466E+0000   0.1265502E+0002   0.1059679E-0017   0.5573489E-0016  -0.9705109E-0014  -0.2812226E+0002
     4.38000   0.7846892E+0000   0.2217061E+0000   0.1265502E+0002   0.2095491E-0018  -0.1700260E-0015  -0.1212758E-0013  -0.2812226E+0002
     4.38500   0.7857970E+0000   0.2215647E+0000   0.1265502E+0002  -0.8521025E-0018  -0.2123303E-0015  -0.1396814E-0013  -0.2812226E+0002
     4.39000   0.7869041E+0000   0.2214146E+0000   0.1265502E+0002  -0.2074049E-0017  -0.2443893E-0015  -0.1169006E-0013  -0.2812226E+0002
     4.39500   0.7880104E+0000   0.2212567E+0000   0.1265502E+0002  -0.3095978E-0017  -0.2043857E-0015  -0.5111870E-0014  -0.2812226E+0002
     4.40000   0.7891159E+0000   0.2210994E+0000   0.1265502E+0002  -0.3542532E-0017  -0.8931094E-0016   0.5164337E-0014  -0.2812226E+0002
     4.40500   0.7902206E+0000   0.2209546E+0000   0.1265502E+0002  -0.3091690E-0017   0.9016851E-0016   0.1574700E-0013  -0.2812226E+0002
     4.41000   0.7913248E+0000   0.2208316E+0000   0.1265502E+0002  -0.1717754E-0017   0.2747870E-0015   0.1143109E-0013  -0.2812226E+0002
     4.41500   0.7924285E+0000   0.2207327E+0000   0.1265502E+0002  -0.7208321E-0018   0.1993845E-0015   0.9235477E-0014  -0.2812226E+0002
     4.42000   0.7935317E+0000   0.2206521E+0000   0.1265502E+0002   0.8431390E-0019   0.1610292E-0015  -0.2728492E-0014  -0.2812226E+0002
     4.42500   0.7946346E+0000   0.2205798E+0000   0.1265502E+0002  -0.1534772E-0018  -0.4755823E-0016   0.4115258E-0015  -0.2812226E+0002
     4.43000   0.7957372E+0000   0.2205062E+0000   0.1265502E+0002  -0.1176243E-0018   0.7170593E-0017  -0.1087583E-0014  -0.2812226E+0002
     4.43500   0.7968393E+0000   0.2204278E+0000   0.1265502E+0002  -0.2123431E-0018  -0.1894376E-0016   0.7328995E-0015  -0.2812226E+0002
     4.44000   0.7979410E+0000   0.2203488E+0000   0.1265502E+0002  -0.1485369E-0018   0.1276123E-0016   0.2667487E-0014  -0.2812226E+0002
     4.44500   0.7990424E+0000   0.2202795E+0000   0.1265502E+0002   0.8362104E-0019   0.4643160E-0016   0.2589512E-0014  -0.2812226E+0002
     4.45000   0.8001436E+0000   0.2202313E+0000   0.1265502E+0002   0.3089434E-0018   0.4506446E-0016  -0.3795038E-0015  -0.2812226E+0002
     4.45500   0.8012447E+0000   0.2202120E+0000   0.1265502E+0002   0.2759243E-0018  -0.6603807E-0017   0.7124815E-0014  -0.2812226E+0002
     4.46000   0.8023458E+0000   0.2202228E+0000   0.1265502E+0002   0.8958549E-0018   0.1239861E-0015   0.5913936E-0014  -0.2812226E+0002
     4.46500   0.8034471E+0000   0.2202586E+0000   0.1265502E+0002   0.1410510E-0017   0.1029311E-0015   0.5710263E-0014  -0.2812226E+0002
     4.47000   0.8045486E+0000   0.2203117E+0000   0.1265502E+0002   0.1907561E-0017   0.9941019E-0016   0.1043797E-0014  -0.2812226E+0002
     4.47500   0.8056505E+0000   0.2203769E+0000   0.1265502E+0002   0.1998446E-0017   0.1817688E-0016   0.1011244E-0013  -0.2812226E+0002
     4.48000   0.8067528E+0000   0.2204548E+0000   0.1265502E+0002   0.2879256E-0017   0.1761621E-0015   0.5633841E-0014  -0.2812226E+0002
     4.48500   0.8078555E+0000   0.2205525E+0000   0.1265502E+0002   0.3370191E-0017   0.9818696E-0016  -0.5532083E-0015  -0.2812226E+0002
     4.49000   0.8089589E+0000   0.2206811E+0000   0.1265502E+0002   0.3321956E-0017  -0.9646970E-0017  -0.1399888E-0013  -0.2812226E+0002
     4.49500   0.8100632E+0000   0.2208506E+0000   0.1265502E+0002   0.2100441E-0017  -0.2443031E-0015  -0.8189394E-0015  -0.2812226E+0002
     4.50000   0.8111685E+0000   0.2210664E+0000   0.1265502E+0002   0.2028912E-0017  -0.1430578E-0016  -0.1093573E-0013  -0.2812226E+0002
     4.50500   0.8122752E+0000   0.2213269E+0000   0.1265502E+0002   0.1072623E-0017  -0.1912578E-0015   0.9032360E-0015  -0.2812226E+0002
     4.51000   0.8133833E+0000   0.2216257E+0000   0.1265502E+0002   0.1151714E-0017   0.1581825E-0016   0.2908159E-0014  -0.2812226E+0002
     4.51500   0.8144931E+0000   0.2219549E+0000   0.1265502E+0002   0.1406743E-0017   0.5100587E-0016   0.1191483E-0013  -0.2812226E+0002
     4.52000   0.8156046E+0000   0.2223103E+0000   0.1265502E+0002   0.2453280E-0017   0.2093073E-0015   0.2248077E-0013  -0.2812226E+0002
     4.52500   0.8167181E+0000   0.2226933E+0000   0.1265502E+0002   0.4431278E-0017   0.3955995E-0015  -0.2081853E-0014  -0.2812226E+0002
     4.53000   0.8178336E+0000   0.2231113E+0000   0.1265502E+0002   0.4247759E-0017  -0.3670363E-0016   0.3549369E-0014  -0.2812226E+0002
     4.53500   0.8189515E+0000   0.2235740E+0000   0.1265502E+0002   0.4561290E-0017   0.6270608E-0016  -0.3375649E-0014  -0.2812226E+0002
     4.54000   0.8200720E+0000   0.2240893E+0000   0.1265502E+0002   0.4262418E-0017  -0.5977446E-0016  -0.1433585E-0013  -0.2812226E+0002
     4.54500   0.8211953E+0000   0.2246598E+0000   0.1265502E+0002   0.2989922E-0017  -0.2544990E-0015  -0.1718513E-0013  -0.2812226E+0002
     4.55000   0.8223217E+0000   0.2252817E+0000   0.1265502E+0002   0.1460294E-0017  -0.3059258E-0015  -0.1104881E-0013  -0.2812226E+0002
     4.55500   0.8234514E+0000   0.2259477E+0000   0.1265502E+0002   0.4739448E-0018  -0.1972698E-0015  -0.7761945E-0014  -0.2812226E+0002
     4.56000   0.8245847E+0000   0.2266502E+0000   0.1265502E+0002  -0.2211337E-0018  -0.1390157E-0015  -0.1175158E-0013  -0.2812226E+0002
     4.56500   0.8257216E+0000   0.2273863E+0000   0.1265502E+0002  -0.1276900E-0017  -0.2111532E-0015   0.5673770E-0014  -0.2812226E+0002
     4.57000   0.8268624E+0000   0.2281594E+0000   0.1265502E+0002  -0.7654328E-0018   0.1022933E-0015   0.2720560E-0014  -0.2812226E+0002
     4.57500   0.8280073E+0000   0.2289787E+0000   0.1265502E+0002  -0.5193050E-0018   0.4922556E-0016  -0.9360204E-0014  -0.2812226E+0002
     4.58000   0.8291566E+0000   0.2298556E+0000   0.1265502E+0002  -0.1369361E-0017  -0.1700112E-0015  -0.5402232E-0014  -0.2812226E+0002
     4.58500   0.8303106E+0000   0.2307992E+0000   0.1265502E+0002  -0.1861984E-0017  -0.9852461E-0016  -0.2145668E-0014  -0.2812226E+0002
     4.59000   0.8314696E+0000   0.2318137E+0000   0.1265502E+0002  -0.2058505E-0017  -0.3930419E-0016   0.1772954E-0014  -0.2812226E+0002
     4.59500   0.8326341E+0000   0.2328974E+0000   0.1265502E+0002  -0.1895362E-0017   0.3262867E-0016  -0.9304466E-0014  -0.2812226E+0002
     4.60000   0.8338043E+0000   0.2340453E+0000   0.1265502E+0002  -0.2755758E-0017  -0.1720793E-0015  -0.1910683E-0014  -0.2812226E+0002
     4.60500   0.8349806E+0000   0.2352525E+0000   0.1265502E+0002  -0.2933353E-0017  -0.3551895E-0016  -0.4262701E-0014  -0.2812226E+0002
     4.61000   0.8361632E+0000   0.2365179E+0000   0.1265502E+0002  -0.3331695E-0017  -0.7966841E-0016  -0.1491678E-0014  -0.2812226E+0002
     4.61500   0.8373524E+0000   0.2378460E+0000   0.1265502E+0002  -0.3471873E-0017  -0.2803550E-0016   0.1759648E-0013  -0.2812226E+0002
     4.62000   0.8385486E+0000   0.2392455E+0000   0.1265502E+0002  -0.1808549E-0017   0.3326647E-0015   0.1044359E-0013  -0.2812226E+0002
     4.62500   0.8397523E+0000   0.2407261E+0000   0.1265502E+0002  -0.8152489E-0018   0.1986600E-0015   0.5370937E-0014  -0.2812226E+0002
     4.63000   0.8409637E+0000   0.2422945E+0000   0.1265502E+0002  -0.3010858E-0018   0.1028326E-0015   0.7459876E-0014  -0.2812226E+0002
     4.63500   0.8421835E+0000   0.2439521E+0000   0.1265502E+0002   0.4179383E-0018   0.1438048E-0015   0.9131698E-0014  -0.2812226E+0002
     4.64000   0.8434120E+0000   0.2456945E+0000   0.1265502E+0002   0.1304388E-0017   0.1772900E-0015  -0.4452893E-0014  -0.2812226E+0002
     4.64500   0.8446496E+0000   0.2475139E+0000   0.1265502E+0002   0.8689276E-0018  -0.8709216E-0016  -0.5253325E-0014  -0.2812226E+0002
     4.65000   0.8458966E+0000   0.2494023E+0000   0.1265502E+0002   0.3512707E-0018  -0.1035314E-0015  -0.9619007E-0014  -0.2812226E+0002
     4.65500   0.8471533E+0000   0.2513553E+0000   0.1265502E+0002  -0.6039978E-0018  -0.1910537E-0015   0.7886330E-0014  -0.2812226E+0002
     4.66000   0.8484202E+0000   0.2533722E+0000   0.1265502E+0002   0.1854822E-0018   0.1578960E-0015   0.6879302E-0014  -0.2812226E+0002
     4.66500   0.8496975E+0000   0.2554561E+0000   0.1265502E+0002   0.8798153E-0018   0.1388666E-0015   0.7984631E-0014  -0.2812226E+0002
     4.67000   0.8509855E+0000   0.2576099E+0000   0.1265502E+0002   0.1692505E-0017   0.1625379E-0015   0.3917703E-0014  -0.2812226E+0002
     4.67500   0.8522847E+0000   0.2598341E+0000   0.1265502E+0002   0.2094698E-0017   0.8043869E-0016  -0.8457941E-0014  -0.2812226E+0002
     4.68000   0.8535953E+0000   0.2621242E+0000   0.1265502E+0002   0.1218749E-0017  -0.1751898E-0015  -0.2313462E-0014  -0.2812226E+0002
     4.68500   0.8549177E+0000   0.2644710E+0000   0.1265502E+0002   0.9770096E-0018  -0.4834790E-0016  -0.2036328E-0013  -0.2812226E+0002
     4.69000   0.8562520E+0000   0.2668629E+0000   0.1265502E+0002  -0.1170045E-0017  -0.4294110E-0015   0.3669868E-0014  -0.2812226E+0002
     4.69500   0.8575984E+0000   0.2692889E+0000   0.1265502E+0002  -0.7795858E-0018   0.7809193E-0016   0.2189816E-0014  -0.2812226E+0002
     4.70000   0.8589571E+0000   0.2717410E+0000   0.1265502E+0002  -0.5444764E-0018   0.4702187E-0016   0.2496009E-0014  -0.2812226E+0002
     4.70500   0.8603282E+0000   0.2742146E+0000   0.1265502E+0002  -0.2740533E-0018   0.5408464E-0016   0.3457774E-0014  -0.2812226E+0002
     4.71000   0.8617118E+0000   0.2767080E+0000   0.1265502E+0002   0.1039761E-0018   0.7560586E-0016  -0.7587275E-0015  -0.2812226E+0002
     4.71500   0.8631079E+0000   0.2792195E+0000   0.1265502E+0002   0.2027348E-0019  -0.1674052E-0016  -0.1185607E-0013  -0.2812226E+0002
     4.72000   0.8645166E+0000   0.2817451E+0000   0.1265502E+0002  -0.1299516E-0017  -0.2639578E-0015  -0.1106305E-0013  -0.2812226E+0002
     4.72500   0.8659380E+0000   0.2842771E+0000   0.1265502E+0002  -0.2542095E-0017  -0.2485159E-0015  -0.1591940E-0014  -0.2812226E+0002
     4.73000   0.8673720E+0000   0.2868046E+0000   0.1265502E+0002  -0.2722488E-0017  -0.3607864E-0016   0.1099869E-0013  -0.2812226E+0002
     4.73500   0.8688186E+0000   0.2893156E+0000   0.1265502E+0002  -0.1465243E-0017   0.2514491E-0015   0.1061548E-0013  -0.2812226E+0002
     4.74000   0.8702776E+0000   0.2917991E+0000   0.1265502E+0002  -0.2413854E-0018   0.2447715E-0015   0.2603341E-0013  -0.2812226E+0002
     4.74500   0.8717488E+0000   0.2942477E+0000   0.1265502E+0002   0.2785189E-0017   0.6053149E-0015   0.1224232E-0013  -0.2812226E+0002
     4.75000   0.8732321E+0000   0.2966572E+0000   0.1265502E+0002   0.4220103E-0017   0.2869828E-0015   0.1356547E-0013  -0.2812226E+0002
     4.75500   0.8747272E+0000   0.2990260E+0000   0.1265502E+0002   0.5822799E-0017   0.3205391E-0015   0.8080610E-0014  -0.2812226E+0002
     4.76000   0.8762340E+0000   0.3013531E+0000   0.1265502E+0002   0.6784914E-0017   0.1924230E-0015   0.6101355E-0015  -0.2812226E+0002
     4.76500   0.8777522E+0000   0.3036362E+0000   0.1265502E+0002   0.6858110E-0017   0.1463919E-0016  -0.8105476E-0014  -0.2812226E+0002
     4.77000   0.8792815E+0000   0.3058713E+0000   0.1265502E+0002   0.5878565E-0017  -0.1959090E-0015  -0.1122859E-0013  -0.2812226E+0002
     4.77500   0.8808218E+0000   0.3080533E+0000   0.1265502E+0002   0.4511911E-0017  -0.2733307E-0015  -0.6736425E-0014  -0.2812226E+0002
     4.78000   0.8823727E+0000   0.3101780E+0000   0.1265502E+0002   0.3686353E-0017  -0.1651116E-0015   0.1486377E-0016  -0.2812226E+0002
     4.78500   0.8839339E+0000   0.3122438E+0000   0.1265502E+0002   0.3688187E-0017   0.3667414E-0018  -0.2857719E-0014  -0.2812226E+0002
     4.79000   0.8855052E+0000   0.3142530E+0000   0.1265502E+0002   0.3333368E-0017  -0.7096369E-0016  -0.1517830E-0014  -0.2812226E+0002
     4.79500   0.8870862E+0000   0.3162121E+0000   0.1265502E+0002   0.3143738E-0017  -0.3792616E-0016  -0.2657685E-0014  -0.2812226E+0002
     4.80000   0.8886769E+0000   0.3181304E+0000   0.1265502E+0002   0.2809684E-0017  -0.6681068E-0016   0.2779337E-0015  -0.2812226E+0002
     4.80500   0.8902770E+0000   0.3200189E+0000   0.1265502E+0002   0.2844826E-0017   0.7028362E-0017  -0.7612679E-0015  -0.2812226E+0002
     4.81000   0.8918864E+0000   0.3218891E+0000   0.1265502E+0002   0.2748009E-0017  -0.1936337E-0016  -0.1115655E-0013  -0.2812226E+0002
     4.81500   0.8935052E+0000   0.3237527E+0000   0.1265502E+0002   0.1320921E-0017  -0.2854175E-0015  -0.4217087E-0014  -0.2812226E+0002
     4.82000   0.8951333E+0000   0.3256228E+0000   0.1265502E+0002   0.7783778E-0018  -0.1085087E-0015   0.1247890E-0013  -0.2812226E+0002
     4.82500   0.8967709E+0000   0.3275150E+0000   0.1265502E+0002   0.2393162E-0017   0.3229569E-0015   0.4116958E-0014  -0.2812226E+0002
     4.83000   0.8984181E+0000   0.3294481E+0000   0.1265502E+0002   0.2929046E-0017   0.1071768E-0015  -0.4667816E-0014  -0.2812226E+0002
     4.83500   0.9000753E+0000   0.3314452E+0000   0.1265502E+0002   0.2317777E-0017  -0.1222539E-0015  -0.3647717E-0014  -0.2812226E+0002
     4.84000   0.9017430E+0000   0.3335325E+0000   0.1265502E+0002   0.1837085E-0017  -0.9613832E-0016  -0.1364645E-0015  -0.2812226E+0002
     4.84500   0.9034217E+0000   0.3357381E+0000   0.1265502E+0002   0.1818983E-0017  -0.3620409E-0017  -0.7745132E-0014  -0.2812226E+0002
     4.85000   0.9051121E+0000   0.3380906E+0000   0.1265502E+0002   0.7843911E-0018  -0.2069184E-0015  -0.1959287E-0014  -0.2812226E+0002
     4.85500   0.9068152E+0000   0.3406183E+0000   0.1265502E+0002   0.5207135E-0018  -0.5273552E-0016  -0.4748621E-0015  -0.2812226E+0002
     4.86000   0.9085320E+0000   0.3433489E+0000   0.1265502E+0002   0.4562950E-0018  -0.1288369E-0016   0.9565436E-0014  -0.2812226E+0002
     4.86500   0.9102635E+0000   0.3463101E+0000   0.1265502E+0002   0.1765107E-0017   0.2617623E-0015   0.1473762E-0013  -0.2812226E+0002
     4.87000   0.9120112E+0000   0.3495299E+0000   0.1265502E+0002   0.3800361E-0017   0.4070510E-0015  -0.5897534E-0015  -0.2812226E+0002
     4.87500   0.9137764E+0000   0.3530372E+0000   0.1265502E+0002   0.3718099E-0017  -0.1645236E-0016  -0.1062439E-0014  -0.2812226E+0002
     4.88000   0.9155607E+0000   0.3568613E+0000   0.1265502E+0002   0.3568300E-0017  -0.2995993E-0016  -0.1578091E-0013  -0.2812226E+0002
     4.88500   0.9173658E+0000   0.3610300E+0000   0.1265502E+0002   0.1317263E-0017  -0.4502074E-0015  -0.2683135E-0013  -0.2812226E+0002
     4.89000   0.9191937E+0000   0.3655686E+0000   0.1265502E+0002  -0.2558156E-0017  -0.7750839E-0015  -0.1872361E-0013  -0.2812226E+0002
     4.89500   0.9210461E+0000   0.3704976E+0000   0.1265502E+0002  -0.5298986E-0017  -0.5481660E-0015  -0.4242492E-0014  -0.2812226E+0002
     4.90000   0.9229253E+0000   0.3758314E+0000   0.1265502E+0002  -0.5928958E-0017  -0.1259944E-0015  -0.1643941E-0014  -0.2812226E+0002
     4.90500   0.9248332E+0000   0.3815778E+0000   0.1265502E+0002  -0.6176801E-0017  -0.4956860E-0016   0.1381032E-0013  -0.2812226E+0002
     4.91000   0.9267719E+0000   0.3877380E+0000   0.1265502E+0002  -0.4061125E-0017   0.4231353E-0015   0.2223532E-0013  -0.2812226E+0002
     4.91500   0.9287434E+0000   0.3943064E+0000   0.1265502E+0002  -0.5970723E-0018   0.6928106E-0015   0.2281201E-0013  -0.2812226E+0002
     4.92000   0.9307498E+0000   0.4012711E+0000   0.1265502E+0002   0.3019595E-0017   0.7233335E-0015   0.1727152E-0013  -0.2812226E+0002
     4.92500   0.9327928E+0000   0.4086129E+0000   0.1265502E+0002   0.5807962E-0017   0.5576734E-0015   0.9377572E-0015  -0.2812226E+0002
     4.93000   0.9348744E+0000   0.4163056E+0000   0.1265502E+0002   0.5962207E-0017   0.3084891E-0016  -0.9099724E-0014  -0.2812226E+0002
     4.93500   0.9369959E+0000   0.4243142E+0000   0.1265502E+0002   0.4436668E-0017  -0.3051076E-0015  -0.1668648E-0013  -0.2812226E+0002
     4.94000   0.9391589E+0000   0.4325952E+0000   0.1265502E+0002   0.1584642E-0017  -0.5704053E-0015  -0.1311488E-0013  -0.2812226E+0002
     4.94500   0.9413644E+0000   0.4410953E+0000   0.1265502E+0002  -0.7009780E-0018  -0.4571240E-0015  -0.1246637E-0013  -0.2812226E+0002
     4.95000   0.9436131E+0000   0.4497524E+0000   0.1265502E+0002  -0.2916218E-0017  -0.4430480E-0015  -0.3818463E-0014  -0.2812226E+0002
     4.95500   0.9459056E+0000   0.4584960E+0000   0.1265502E+0002  -0.3607939E-0017  -0.1383443E-0015   0.8778539E-0014  -0.2812226E+0002
     4.96000   0.9482419E+0000   0.4672489E+0000   0.1265502E+0002  -0.1987332E-0017   0.3241214E-0015   0.9311329E-0014  -0.2812226E+0002
     4.96500   0.9506215E+0000   0.4759285E+0000   0.1265502E+0002  -0.2364355E-0018   0.3501794E-0015   0.8780022E-0014  -0.2812226E+0002
     4.97000   0.9530438E+0000   0.4844493E+0000   0.1265502E+0002   0.1444113E-0017   0.3361098E-0015   0.1069101E-0013  -0.2812226E+0002
     4.97500   0.9555074E+0000   0.4927247E+0000   0.1265502E+0002   0.3525392E-0017   0.4162558E-0015   0.7027537E-0014  -0.2812226E+0002
     4.98000   0.9580107E+0000   0.5006694E+0000   0.1265502E+0002   0.4915542E-0017   0.2780299E-0015  -0.2237467E-0014  -0.2812226E+0002
     4.98500   0.9605517E+0000   0.5082010E+0000   0.1265502E+0002   0.4466280E-0017  -0.8985234E-0016   0.9769008E-0015  -0.2812226E+0002
     4.99000   0.9631279E+0000   0.5152422E+0000   0.1265502E+0002   0.4665150E-0017   0.3977399E-0016  -0.6978252E-0014  -0.2812226E+0002
     4.99500   0.9657366E+0000   0.5217225E+0000   0.1265502E+0002   0.3226704E-0017  -0.2876891E-0015  -0.8973836E-0014  -0.2812226E+0002
     5.00000   0.9683745E+0000   0.5275796E+0000   0.1265502E+0002   0.1356137E-0017  -0.3741135E-0015  -0.1985377E-0014  -0.2812226E+0002
     5.00500   0.9710383E+0000   0.5327613E+0000   0.1265502E+0002   0.9382266E-0018  -0.8358203E-0016   0.2573889E-0014  -0.2812226E+0002
     5.01000   0.9737244E+0000   0.5372268E+0000   0.1265502E+0002   0.1484556E-0017   0.1092659E-0015   0.1378791E-0013  -0.2812226E+0002
     5.01500   0.9764291E+0000   0.5409481E+0000   0.1265502E+0002   0.4431427E-0017   0.5893742E-0015   0.1985966E-0013  -0.2812226E+0002
     5.02000   0.9791487E+0000   0.5439114E+0000   0.1265502E+0002   0.8699258E-0017   0.8535662E-0015   0.2091082E-0013  -0.2812226E+0002
     5.02500   0.9818793E+0000   0.5461174E+0000   0.1265502E+0002   0.1321121E-0016   0.9023899E-0015   0.4650948E-0014  -0.2812226E+0002
     5.03000   0.9846172E+0000   0.5475815E+0000   0.1265502E+0002   0.1421744E-0016   0.2012461E-0015  -0.7341694E-0014  -0.2812226E+0002
     5.03500   0.9873588E+0000   0.5483326E+0000   0.1265502E+0002   0.1262689E-0016  -0.3181102E-0015  -0.1212481E-0013  -0.2812226E+0002
     5.04000   0.9901009E+0000   0.5484116E+0000   0.1265502E+0002   0.9999713E-0017  -0.5254349E-0015  -0.7474521E-0014  -0.2812226E+0002
     5.04500   0.9928403E+0000   0.5478693E+0000   0.1265502E+0002   0.8381754E-0017  -0.3235918E-0015  -0.2070381E-0015  -0.2812226E+0002
     5.05000   0.9955741E+0000   0.5467639E+0000   0.1265502E+0002   0.8337028E-0017  -0.8945143E-0017   0.1457955E-0013  -0.2812226E+0002
     5.05500   0.9982999E+0000   0.5451584E+0000   0.1265502E+0002   0.1147735E-0016   0.6280643E-0015   0.3142807E-0013  -0.2812226E+0002
     5.06000   0.1001015E+0001   0.5431178E+0000   0.1265502E+0002   0.1822137E-0016   0.1348804E-0014   0.3508182E-0013  -0.2812226E+0002
     5.06500   0.1003719E+0001   0.5407067E+0000   0.1265502E+0002   0.2571602E-0016   0.1498929E-0014   0.3106341E-0013  -0.2812226E+0002
     5.07000   0.1006409E+0001   0.5379865E+0000   0.1265502E+0002   0.3231881E-0016   0.1320559E-0014   0.4124097E-0013  -0.2812226E+0002
     5.07500   0.1009084E+0001   0.5350127E+0000   0.1265502E+0002   0.4103648E-0016   0.1743533E-0014   0.5061008E-0013  -0.2812226E+0002
     5.08000   0.1011743E+0001   0.5318325E+0000   0.1265502E+0002   0.5167103E-0016   0.2126910E-0014   0.6380977E-0013  -0.2812226E+0002
     5.08500   0.1014386E+0001   0.5284828E+0000   0.1265502E+0002   0.6499474E-0016   0.2664742E-0014   0.7479892E-0013  -0.2812226E+0002
     5.09000   0.1017011E+0001   0.5249885E+0000   0.1265502E+0002   0.8050976E-0016   0.3103004E-0014   0.1040317E-0012  -0.2812226E+0002
     5.09500   0.1019617E+0001   0.5213622E+0000   0.1265502E+0002   0.1019393E-0015   0.4285905E-0014   0.1576563E-0012  -0.2812226E+0002
     5.10000   0.1022205E+0001   0.5176052E+0000   0.1265502E+0002   0.1341809E-0015   0.6448331E-0014   0.2086178E-0012  -0.2812226E+0002
     5.10500   0.1024774E+0001   0.5137091E+0000   0.1265502E+0002   0.1765234E-0015   0.8468487E-0014   0.2833684E-0012  -0.2812226E+0002
     5.11000   0.1027322E+0001   0.5096577E+0000   0.1265502E+0002   0.2335841E-0015   0.1141214E-0013   0.3672488E-0012  -0.2812226E+0002
     5.11500   0.1029849E+0001   0.5054305E+0000   0.1265502E+0002   0.3069221E-0015   0.1466760E-0013   0.4798945E-0012  -0.2812226E+0002
     5.12000   0.1032354E+0001   0.5010045E+0000   0.1265502E+0002   0.4019158E-0015   0.1899873E-0013   0.6121218E-0012  -0.2812226E+0002
     5.12500   0.1034836E+0001   0.4963570E+0000   0.1265502E+0002   0.5219594E-0015   0.2400873E-0013   0.7780726E-0012  -0.2812226E+0002
     5.13000   0.1037293E+0001   0.4914677E+0000   0.1265502E+0002   0.6730447E-0015   0.3021707E-0013   0.9955371E-0012  -0.2812226E+0002
     5.13500   0.1039725E+0001   0.4863209E+0000   0.1265502E+0002   0.8643327E-0015   0.3825758E-0013   0.1273272E-0011  -0.2812226E+0002
     5.14000   0.1042130E+0001   0.4809080E+0000   0.1265502E+0002   0.1106263E-0014   0.4838607E-0013   0.1618004E-0011  -0.2812226E+0002
     5.14500   0.1044506E+0001   0.4752304E+0000   0.1265502E+0002   0.1410065E-0014   0.6076044E-0013   0.2034276E-0011  -0.2812226E+0002
     5.15000   0.1046852E+0001   0.4693016E+0000   0.1265502E+0002   0.1787263E-0014   0.7543955E-0013   0.2543739E-0011  -0.2812226E+0002
     5.15500   0.1049168E+0001   0.4631500E+0000   0.1265502E+0002   0.2252743E-0014   0.9309609E-0013   0.3176328E-0011  -0.2812226E+0002
     5.16000   0.1051452E+0001   0.4568197E+0000   0.1265502E+0002   0.2826037E-0014   0.1146588E-0012   0.3976447E-0011  -0.2812226E+0002
     5.16500   0.1053704E+0001   0.4503697E+0000   0.1265502E+0002   0.3533611E-0014   0.1415147E-0012   0.4928229E-0011  -0.2812226E+0002
     5.17000   0.1055923E+0001   0.4438724E+0000   0.1265502E+0002   0.4397895E-0014   0.1728567E-0012   0.6108049E-0011  -0.2812226E+0002
     5.17500   0.1058110E+0001   0.4374093E+0000   0.1265502E+0002   0.5453490E-0014   0.2111192E-0012   0.7496726E-0011  -0.2812226E+0002
     5.18000   0.1060266E+0001   0.4310655E+0000   0.1265502E+0002   0.6730288E-0014   0.2553596E-0012   0.9169659E-0011  -0.2812226E+0002
     5.18500   0.1062390E+0001   0.4249251E+0000   0.1265502E+0002   0.8269764E-0014   0.3078951E-0012   0.1114869E-0010  -0.2812226E+0002
     5.19000   0.1064486E+0001   0.4190655E+0000   0.1265502E+0002   0.1011568E-0013   0.3691841E-0012   0.1348073E-0010  -0.2812226E+0002
     5.19500   0.1066553E+0001   0.4135534E+0000   0.1265502E+0002   0.1231837E-0013   0.4405369E-0012   0.1624595E-0010  -0.2812226E+0002
     5.20000   0.1068596E+0001   0.4084424E+0000   0.1265502E+0002   0.1494007E-0013   0.5243402E-0012   0.1945765E-0010  -0.2812226E+0002
     5.20500   0.1070614E+0001   0.4037714E+0000   0.1265502E+0002   0.1804415E-0013   0.6208165E-0012   0.2321503E-0010  -0.2812226E+0002
     5.21000   0.1072612E+0001   0.3995645E+0000   0.1265502E+0002   0.2170906E-0013   0.7329821E-0012   0.2756709E-0010  -0.2812226E+0002
     5.21500   0.1074591E+0001   0.3958308E+0000   0.1265502E+0002   0.2602036E-0013   0.8622592E-0012   0.3257403E-0010  -0.2812226E+0002
     5.22000   0.1076554E+0001   0.3925649E+0000   0.1265502E+0002   0.3107267E-0013   0.1010463E-0011   0.3828512E-0010  -0.2812226E+0002
     5.22500   0.1078503E+0001   0.3897473E+0000   0.1265502E+0002   0.3696817E-0013   0.1179099E-0011   0.4478249E-0010  -0.2812226E+0002
     5.23000   0.1080440E+0001   0.3873446E+0000   0.1265502E+0002   0.4382168E-0013   0.1370702E-0011   0.5214857E-0010  -0.2812226E+0002
     5.23500   0.1082366E+0001   0.3853110E+0000   0.1265502E+0002   0.5176059E-0013   0.1587782E-0011   0.6041969E-0010  -0.2812226E+0002
     5.24000   0.1084284E+0001   0.3835894E+0000   0.1265502E+0002   0.6091757E-0013   0.1831396E-0011   0.6966422E-0010  -0.2812226E+0002
     5.24500   0.1086195E+0001   0.3821152E+0000   0.1265502E+0002   0.7143504E-0013   0.2103494E-0011   0.7994427E-0010  -0.2812226E+0002
     5.25000   0.1088099E+0001   0.3808196E+0000   0.1265502E+0002   0.8346361E-0013   0.2405713E-0011   0.9129148E-0010  -0.2812226E+0002
     5.25500   0.1089997E+0001   0.3796347E+0000   0.1265502E+0002   0.9715675E-0013   0.2738630E-0011   0.1037254E-0009  -0.2812226E+0002
     5.26000   0.1091890E+0001   0.3784983E+0000   0.1265502E+0002   0.1126683E-0012   0.3102317E-0011   0.1173298E-0009  -0.2812226E+0002
     5.26500   0.1093776E+0001   0.3773583E+0000   0.1265502E+0002   0.1301615E-0012   0.3498642E-0011   0.1321411E-0009  -0.2812226E+0002
     5.27000   0.1095657E+0001   0.3761756E+0000   0.1265502E+0002   0.1498013E-0012   0.3927947E-0011   0.1481508E-0009  -0.2812226E+0002
     5.27500   0.1097532E+0001   0.3749254E+0000   0.1265502E+0002   0.1717473E-0012   0.4389207E-0011   0.1654199E-0009  -0.2812226E+0002
     5.28000   0.1099400E+0001   0.3735971E+0000   0.1265502E+0002   0.1961647E-0012   0.4883469E-0011   0.1838735E-0009  -0.2812226E+0002
     5.28500   0.1101261E+0001   0.3721917E+0000   0.1265502E+0002   0.2232038E-0012   0.5407830E-0011   0.2035180E-0009  -0.2812226E+0002
     5.29000   0.1103114E+0001   0.3707190E+0000   0.1265502E+0002   0.2530133E-0012   0.5961902E-0011   0.2243149E-0009  -0.2812226E+0002
     5.29500   0.1104960E+0001   0.3691941E+0000   0.1265502E+0002   0.2857338E-0012   0.6544101E-0011   0.2462268E-0009  -0.2812226E+0002
     5.30000   0.1106799E+0001   0.3676339E+0000   0.1265502E+0002   0.3214988E-0012   0.7152999E-0011   0.2692355E-0009  -0.2812226E+0002
     5.30500   0.1108629E+0001   0.3660547E+0000   0.1265502E+0002   0.3604379E-0012   0.7787816E-0011   0.2932810E-0009  -0.2812226E+0002
     5.31000   0.1110451E+0001   0.3644704E+0000   0.1265502E+0002   0.4026710E-0012   0.8446630E-0011   0.3182755E-0009  -0.2812226E+0002
     5.31500   0.1112266E+0001   0.3628917E+0000   0.1265502E+0002   0.4483049E-0012   0.9126777E-0011   0.3442013E-0009  -0.2812226E+0002
     5.32000   0.1114072E+0001   0.3613267E+0000   0.1265502E+0002   0.4974432E-0012   0.9827651E-0011   0.3709860E-0009  -0.2812226E+0002
     5.32500   0.1115871E+0001   0.3597813E+0000   0.1265502E+0002   0.5501787E-0012   0.1054711E-0010   0.3985428E-0009  -0.2812226E+0002
     5.33000   0.1117662E+0001   0.3582602E+0000   0.1265502E+0002   0.6065919E-0012   0.1128264E-0010   0.4268709E-0009  -0.2812226E+0002
     5.33500   0.1119446E+0001   0.3567673E+0000   0.1265502E+0002   0.6667631E-0012   0.1203424E-0010   0.4559119E-0009  -0.2812226E+0002
     5.34000   0.1121223E+0001   0.3553059E+0000   0.1265502E+0002   0.7307647E-0012   0.1280031E-0010   0.4856146E-0009  -0.2812226E+0002
     5.34500   0.1122992E+0001   0.3538787E+0000   0.1265502E+0002   0.7986621E-0012   0.1357949E-0010   0.5159358E-0009  -0.2812226E+0002
     5.35000   0.1124755E+0001   0.3524877E+0000   0.1265502E+0002   0.8705155E-0012   0.1437066E-0010   0.5468672E-0009  -0.2812226E+0002
     5.35500   0.1126510E+0001   0.3511336E+0000   0.1265502E+0002   0.9463840E-0012   0.1517370E-0010   0.5783805E-0009  -0.2812226E+0002
     5.36000   0.1128259E+0001   0.3498163E+0000   0.1265502E+0002   0.1026323E-0011   0.1598788E-0010   0.6105227E-0009  -0.2812226E+0002
     5.36500   0.1130002E+0001   0.3485352E+0000   0.1265502E+0002   0.1110396E-0011   0.1681456E-0010   0.6433046E-0009  -0.2812226E+0002
     5.37000   0.1131739E+0001   0.3472897E+0000   0.1265502E+0002   0.1198667E-0011   0.1765411E-0010   0.6767357E-0009  -0.2812226E+0002
     5.37500   0.1133469E+0001   0.3460808E+0000   0.1265502E+0002   0.1291201E-0011   0.1850691E-0010   0.7108324E-0009  -0.2812226E+0002
     5.38000   0.1135194E+0001   0.3449111E+0000   0.1265502E+0002   0.1388070E-0011   0.1937366E-0010   0.7456593E-0009  -0.2812226E+0002
     5.38500   0.1136912E+0001   0.3437852E+0000   0.1265502E+0002   0.1489352E-0011   0.2025652E-0010   0.7811908E-0009  -0.2812226E+0002
     5.39000   0.1138626E+0001   0.3427091E+0000   0.1265502E+0002   0.1595129E-0011   0.2115534E-0010   0.8174574E-0009  -0.2812226E+0002
     5.39500   0.1140334E+0001   0.3416888E+0000   0.1265502E+0002   0.1705487E-0011   0.2207156E-0010   0.8544741E-0009  -0.2812226E+0002
     5.40000   0.1142038E+0001   0.3407284E+0000   0.1265502E+0002   0.1820518E-0011   0.2300618E-0010   0.8922302E-0009  -0.2812226E+0002
     5.40500   0.1143737E+0001   0.3398286E+0000   0.1265502E+0002   0.1940314E-0011   0.2395930E-0010   0.9307450E-0009  -0.2812226E+0002
     5.41000   0.1145432E+0001   0.3389846E+0000   0.1265502E+0002   0.2064971E-0011   0.2493147E-0010   0.9700153E-0009  -0.2812226E+0002
     5.41500   0.1147123E+0001   0.3381854E+0000   0.1265502E+0002   0.2194582E-0011   0.2592213E-0010   0.1010047E-0008  -0.2812226E+0002
     5.42000   0.1148810E+0001   0.3374146E+0000   0.1265502E+0002   0.2329234E-0011   0.2693039E-0010   0.1050806E-0008  -0.2812226E+0002
     5.42500   0.1150493E+0001   0.3366507E+0000   0.1265502E+0002   0.2469002E-0011   0.2795370E-0010   0.1092310E-0008  -0.2812226E+0002
     5.43000   0.1152173E+0001   0.3358708E+0000   0.1265502E+0002   0.2613955E-0011   0.2899047E-0010   0.1134502E-0008  -0.2812226E+0002
     5.43500   0.1153848E+0001   0.3350526E+0000   0.1265502E+0002   0.2764139E-0011   0.3003693E-0010   0.1177445E-0008  -0.2812226E+0002
     5.44000   0.1155519E+0001   0.3341778E+0000   0.1265502E+0002   0.2919602E-0011   0.3109247E-0010   0.1221168E-0008  -0.2812226E+0002
     5.44500   0.1157185E+0001   0.3332351E+0000   0.1265502E+0002   0.3080382E-0011   0.3215610E-0010   0.1265679E-0008  -0.2812226E+0002
     5.45000   0.1158846E+0001   0.3322213E+0000   0.1265502E+0002   0.3246516E-0011   0.3322679E-0010   0.1311077E-0008  -0.2812226E+0002
     5.45500   0.1160502E+0001   0.3311423E+0000   0.1265502E+0002   0.3418050E-0011   0.3430679E-0010   0.1357449E-0008  -0.2812226E+0002
     5.46000   0.1162152E+0001   0.3300117E+0000   0.1265502E+0002   0.3595045E-0011   0.3539894E-0010   0.1404900E-0008  -0.2812226E+0002
     5.46500   0.1163796E+0001   0.3288496E+0000   0.1265502E+0002   0.3777582E-0011   0.3650732E-0010   0.1453573E-0008  -0.2812226E+0002
     5.47000   0.1165435E+0001   0.3276792E+0000   0.1265502E+0002   0.3965770E-0011   0.3763770E-0010   0.1503685E-0008  -0.2812226E+0002
     5.47500   0.1167067E+0001   0.3265244E+0000   0.1265502E+0002   0.4159760E-0011   0.3879804E-0010   0.1555392E-0008  -0.2812226E+0002
     5.48000   0.1168694E+0001   0.3254066E+0000   0.1265502E+0002   0.4359734E-0011   0.3999479E-0010   0.1608962E-0008  -0.2812226E+0002
     5.48500   0.1170316E+0001   0.3243427E+0000   0.1265502E+0002   0.4565919E-0011   0.4123700E-0010   0.1664609E-0008  -0.2812226E+0002
     5.49000   0.1171933E+0001   0.3233438E+0000   0.1265502E+0002   0.4778578E-0011   0.4253182E-0010   0.1722594E-0008  -0.2812226E+0002
     5.49500   0.1173545E+0001   0.3224143E+0000   0.1265502E+0002   0.4998013E-0011   0.4388685E-0010   0.1783188E-0008  -0.2812226E+0002
     5.50000   0.1175153E+0001   0.3215523E+0000   0.1265502E+0002   0.5224558E-0011   0.4530916E-0010   0.1846724E-0008  -0.2812226E+0002
     5.50500   0.1176756E+0001   0.3207504E+0000   0.1265502E+0002   0.5458591E-0011   0.4680653E-0010   0.1913483E-0008  -0.2812226E+0002
     5.51000   0.1178356E+0001   0.3199966E+0000   0.1265502E+0002   0.5700514E-0011   0.4838461E-0010   0.1983805E-0008  -0.2812226E+0002
     5.51500   0.1179953E+0001   0.3192758E+0000   0.1265502E+0002   0.5950763E-0011   0.5004979E-0010   0.2057971E-0008  -0.2812226E+0002
     5.52000   0.1181545E+0001   0.3185708E+0000   0.1265502E+0002   0.6209794E-0011   0.5180629E-0010   0.2136299E-0008  -0.2812226E+0002
     5.52500   0.1183135E+0001   0.3178638E+0000   0.1265502E+0002   0.6478088E-0011   0.5365873E-0010   0.2219086E-0008  -0.2812226E+0002
     5.53000   0.1184721E+0001   0.3171377E+0000   0.1265502E+0002   0.6756142E-0011   0.5561082E-0010   0.2306629E-0008  -0.2812226E+0002
     5.53500   0.1186302E+0001   0.3163773E+0000   0.1265502E+0002   0.7044472E-0011   0.5766605E-0010   0.2399174E-0008  -0.2812226E+0002
     5.54000   0.1187880E+0001   0.3155705E+0000   0.1265502E+0002   0.7343606E-0011   0.5982674E-0010   0.2497050E-0008  -0.2812226E+0002
     5.54500   0.1189454E+0001   0.3147098E+0000   0.1265502E+0002   0.7654094E-0011   0.6209759E-0010   0.2600492E-0008  -0.2812226E+0002
     5.55000   0.1191023E+0001   0.3137933E+0000   0.1265502E+0002   0.7976503E-0011   0.6448169E-0010   0.2709731E-0008  -0.2812226E+0002
     5.55500   0.1192587E+0001   0.3128251E+0000   0.1265502E+0002   0.8311418E-0011   0.6698307E-0010   0.2824979E-0008  -0.2812226E+0002
     5.56000   0.1194146E+0001   0.3118156E+0000   0.1265502E+0002   0.8659451E-0011   0.6960657E-0010   0.2946433E-0008  -0.2812226E+0002
     5.56500   0.1195700E+0001   0.3107804E+0000   0.1265502E+0002   0.9021241E-0011   0.7235816E-0010   0.3074354E-0008  -0.2812226E+0002
     5.57000   0.1197249E+0001   0.3097396E+0000   0.1265502E+0002   0.9397475E-0011   0.7524675E-0010   0.3208904E-0008  -0.2812226E+0002
     5.57500   0.1198792E+0001   0.3087146E+0000   0.1265502E+0002   0.9788876E-0011   0.7828006E-0010   0.3350288E-0008  -0.2812226E+0002
     5.58000   0.1200331E+0001   0.3077264E+0000   0.1265502E+0002   0.1019621E-0010   0.8146745E-0010   0.3498702E-0008  -0.2812226E+0002
     5.58500   0.1201865E+0001   0.3067924E+0000   0.1265502E+0002   0.1062030E-0010   0.8481815E-0010   0.3654260E-0008  -0.2812226E+0002
     5.59000   0.1203394E+0001   0.3059239E+0000   0.1265502E+0002   0.1106200E-0010   0.8833854E-0010   0.3817255E-0008  -0.2812226E+0002
     5.59500   0.1204920E+0001   0.3051252E+0000   0.1265502E+0002   0.1152219E-0010   0.9203786E-0010   0.3987887E-0008  -0.2812226E+0002
     5.60000   0.1206442E+0001   0.3043920E+0000   0.1265502E+0002   0.1200179E-0010   0.9592092E-0010   0.4166418E-0008  -0.2812226E+0002
     5.60500   0.1207960E+0001   0.3037130E+0000   0.1265502E+0002   0.1250175E-0010   0.9999159E-0010   0.4353158E-0008  -0.2812226E+0002
     5.61000   0.1209476E+0001   0.3030707E+0000   0.1265502E+0002   0.1302301E-0010   0.1042523E-0009   0.4548398E-0008  -0.2812226E+0002
     5.61500   0.1210988E+0001   0.3024448E+0000   0.1265502E+0002   0.1356652E-0010   0.1087031E-0009   0.4752506E-0008  -0.2812226E+0002
     5.62000   0.1212497E+0001   0.3018146E+0000   0.1265502E+0002   0.1413325E-0010   0.1133444E-0009   0.4965831E-0008  -0.2812226E+0002
     5.62500   0.1214003E+0001   0.3011621E+0000   0.1265502E+0002   0.1472413E-0010   0.1181760E-0009   0.5188814E-0008  -0.2812226E+0002
     5.63000   0.1215505E+0001   0.3004745E+0000   0.1265502E+0002   0.1534013E-0010   0.1232006E-0009   0.5421877E-0008  -0.2812226E+0002
     5.63500   0.1217004E+0001   0.2997459E+0000   0.1265502E+0002   0.1598224E-0010   0.1284222E-0009   0.5665530E-0008  -0.2812226E+0002
     5.64000   0.1218499E+0001   0.2989776E+0000   0.1265502E+0002   0.1665149E-0010   0.1338494E-0009   0.5920172E-0008  -0.2812226E+0002
     5.64500   0.1219990E+0001   0.2981772E+0000   0.1265502E+0002   0.1734894E-0010   0.1394909E-0009   0.6186329E-0008  -0.2812226E+0002
     5.65000   0.1221477E+0001   0.2973577E+0000   0.1265502E+0002   0.1807575E-0010   0.1453615E-0009   0.6464423E-0008  -0.2812226E+0002
     5.65500   0.1222959E+0001   0.2965350E+0000   0.1265502E+0002   0.1883313E-0010   0.1514757E-0009   0.6754914E-0008  -0.2812226E+0002
     5.66000   0.1224438E+0001   0.2957256E+0000   0.1265502E+0002   0.1962238E-0010   0.1578505E-0009   0.7058269E-0008  -0.2812226E+0002
     5.66500   0.1225913E+0001   0.2949444E+0000   0.1265502E+0002   0.2044490E-0010   0.1645037E-0009   0.7374887E-0008  -0.2812226E+0002
     5.67000   0.1227384E+0001   0.2942032E+0000   0.1265502E+0002   0.2130215E-0010   0.1714510E-0009   0.7705201E-0008  -0.2812226E+0002
     5.67500   0.1228851E+0001   0.2935092E+0000   0.1265502E+0002   0.2219569E-0010   0.1787075E-0009   0.8049605E-0008  -0.2812226E+0002
     5.68000   0.1230316E+0001   0.2928652E+0000   0.1265502E+0002   0.2312712E-0010   0.1862857E-0009   0.8408503E-0008  -0.2812226E+0002
     5.68500   0.1231777E+0001   0.2922694E+0000   0.1265502E+0002   0.2409810E-0010   0.1941955E-0009   0.8782298E-0008  -0.2812226E+0002
     5.69000   0.1233235E+0001   0.2917165E+0000   0.1265502E+0002   0.2511032E-0010   0.2024447E-0009   0.9171356E-0008  -0.2812226E+0002
     5.69500   0.1234691E+0001   0.2911986E+0000   0.1265502E+0002   0.2616551E-0010   0.2110377E-0009   0.9576101E-0008  -0.2812226E+0002
     5.70000   0.1236145E+0001   0.2907065E+0000   0.1265502E+0002   0.2726540E-0010   0.2199787E-0009   0.9996955E-0008  -0.2812226E+0002
     5.70500   0.1237596E+0001   0.2902305E+0000   0.1265502E+0002   0.2841176E-0010   0.2292704E-0009   0.1043426E-0007  -0.2812226E+0002
     5.71000   0.1239045E+0001   0.2897615E+0000   0.1265502E+0002   0.2960632E-0010   0.2389128E-0009   0.1088838E-0007  -0.2812226E+0002
     5.71500   0.1240491E+0001   0.2892919E+0000   0.1265502E+0002   0.3085085E-0010   0.2489067E-0009   0.1135965E-0007  -0.2812226E+0002
     5.72000   0.1241935E+0001   0.2888161E+0000   0.1265502E+0002   0.3214712E-0010   0.2592529E-0009   0.1184834E-0007  -0.2812226E+0002
     5.72500   0.1243377E+0001   0.2883305E+0000   0.1265502E+0002   0.3349687E-0010   0.2699512E-0009   0.1235462E-0007  -0.2812226E+0002
     5.73000   0.1244816E+0001   0.2878344E+0000   0.1265502E+0002   0.3490188E-0010   0.2810020E-0009   0.1287858E-0007  -0.2812226E+0002
     5.73500   0.1246253E+0001   0.2873294E+0000   0.1265502E+0002   0.3636391E-0010   0.2924054E-0009   0.1342012E-0007  -0.2812226E+0002
     5.74000   0.1247687E+0001   0.2868198E+0000   0.1265502E+0002   0.3788471E-0010   0.3041604E-0009   0.1397892E-0007  -0.2812226E+0002
     5.74500   0.1249119E+0001   0.2863116E+0000   0.1265502E+0002   0.3946603E-0010   0.3162639E-0009   0.1455439E-0007  -0.2812226E+0002
     5.75000   0.1250548E+0001   0.2858125E+0000   0.1265502E+0002   0.4110958E-0010   0.3287096E-0009   0.1514568E-0007  -0.2812226E+0002
     5.75500   0.1251974E+0001   0.2853306E+0000   0.1265502E+0002   0.4281702E-0010   0.3414872E-0009   0.1575155E-0007  -0.2812226E+0002
     5.76000   0.1253399E+0001   0.2848736E+0000   0.1265502E+0002   0.4458991E-0010   0.3545787E-0009   0.1637039E-0007  -0.2812226E+0002
     5.76500   0.1254821E+0001   0.2844475E+0000   0.1265502E+0002   0.4642970E-0010   0.3679582E-0009   0.1700008E-0007  -0.2812226E+0002
     5.77000   0.1256241E+0001   0.2840558E+0000   0.1265502E+0002   0.4833763E-0010   0.3815856E-0009   0.1763816E-0007  -0.2812226E+0002
     5.77500   0.1257660E+0001   0.2836988E+0000   0.1265502E+0002   0.5031468E-0010   0.3954104E-0009   0.1828158E-0007  -0.2812226E+0002
     5.78000   0.1259077E+0001   0.2833732E+0000   0.1265502E+0002   0.5236150E-0010   0.4093640E-0009   0.1892681E-0007  -0.2812226E+0002
     5.78500   0.1260492E+0001   0.2830726E+0000   0.1265502E+0002   0.5447831E-0010   0.4233627E-0009   0.1956978E-0007  -0.2812226E+0002
     5.79000   0.1261906E+0001   0.2827881E+0000   0.1265502E+0002   0.5666484E-0010   0.4373048E-0009   0.2020590E-0007  -0.2812226E+0002
     5.79500   0.1263318E+0001   0.2825095E+0000   0.1265502E+0002   0.5892021E-0010   0.4510746E-0009   0.2083000E-0007  -0.2812226E+0002
     5.80000   0.1264730E+0001   0.2822270E+0000   0.1265502E+0002   0.6124292E-0010   0.4645421E-0009   0.2143646E-0007  -0.2812226E+0002
     5.80500   0.1266139E+0001   0.2819322E+0000   0.1265502E+0002   0.6363076E-0010   0.4775676E-0009   0.2201919E-0007  -0.2812226E+0002
     5.81000   0.1267547E+0001   0.2816197E+0000   0.1265502E+0002   0.6608079E-0010   0.4900063E-0009   0.2257168E-0007  -0.2812226E+0002
     5.81500   0.1268954E+0001   0.2812878E+0000   0.1265502E+0002   0.6858934E-0010   0.5017091E-0009   0.2308712E-0007  -0.2812226E+0002
     5.82000   0.1270358E+0001   0.2809382E+0000   0.1265502E+0002   0.7115198E-0010   0.5125284E-0009   0.2355853E-0007  -0.2812226E+0002
     5.82500   0.1271761E+0001   0.2805763E+0000   0.1265502E+0002   0.7376358E-0010   0.5223197E-0009   0.2397891E-0007  -0.2812226E+0002
     5.83000   0.1273162E+0001   0.2802094E+0000   0.1265502E+0002   0.7641830E-0010   0.5309447E-0009   0.2434124E-0007  -0.2812226E+0002
     5.83500   0.1274562E+0001   0.2798460E+0000   0.1265502E+0002   0.7910964E-0010   0.5382685E-0009   0.2463887E-0007  -0.2812226E+0002
     5.84000   0.1275959E+0001   0.2794940E+0000   0.1265502E+0002   0.8183047E-0010   0.5441649E-0009   0.2486561E-0007  -0.2812226E+0002
     5.84500   0.1277355E+0001   0.2791596E+0000   0.1265502E+0002   0.8457305E-0010   0.5485156E-0009   0.2501593E-0007  -0.2812226E+0002
     5.85000   0.1278749E+0001   0.2788464E+0000   0.1265502E+0002   0.8732911E-0010   0.5512124E-0009   0.2508512E-0007  -0.2812226E+0002
     5.85500   0.1280142E+0001   0.2785549E+0000   0.1265502E+0002   0.9008990E-0010   0.5521592E-0009   0.2506953E-0007  -0.2812226E+0002
     5.86000   0.1281533E+0001   0.2782827E+0000   0.1265502E+0002   0.9284629E-0010   0.5512768E-0009   0.2496673E-0007  -0.2812226E+0002
     5.86500   0.1282923E+0001   0.2780253E+0000   0.1265502E+0002   0.9558883E-0010   0.5485082E-0009   0.2477547E-0007  -0.2812226E+0002
     5.87000   0.1284312E+0001   0.2777767E+0000   0.1265502E+0002   0.9830793E-0010   0.5438199E-0009   0.2449601E-0007  -0.2812226E+0002
     5.87500   0.1285700E+0001   0.2775312E+0000   0.1265502E+0002   0.1009940E-0009   0.5372104E-0009   0.2412990E-0007  -0.2812226E+0002
     5.88000   0.1287086E+0001   0.2772837E+0000   0.1265502E+0002   0.1036375E-0009   0.5287094E-0009   0.2368013E-0007  -0.2812226E+0002
     5.88500   0.1288472E+0001   0.2770308E+0000   0.1265502E+0002   0.1062294E-0009   0.5183815E-0009   0.2315098E-0007  -0.2812226E+0002
     5.89000   0.1289855E+0001   0.2767716E+0000   0.1265502E+0002   0.1087611E-0009   0.5063236E-0009   0.2254786E-0007  -0.2812226E+0002
     5.89500   0.1291238E+0001   0.2765068E+0000   0.1265502E+0002   0.1112244E-0009   0.4926612E-0009   0.2187714E-0007  -0.2812226E+0002
     5.90000   0.1292619E+0001   0.2762392E+0000   0.1265502E+0002   0.1136121E-0009   0.4775438E-0009   0.2114596E-0007  -0.2812226E+0002
     5.90500   0.1293999E+0001   0.2759727E+0000   0.1265502E+0002   0.1159178E-0009   0.4611379E-0009   0.2036196E-0007  -0.2812226E+0002
     5.91000   0.1295378E+0001   0.2757115E+0000   0.1265502E+0002   0.1181359E-0009   0.4436205E-0009   0.1953303E-0007  -0.2812226E+0002
     5.91500   0.1296755E+0001   0.2754593E+0000   0.1265502E+0002   0.1202617E-0009   0.4251716E-0009   0.1866693E-0007  -0.2812226E+0002
     5.92000   0.1298131E+0001   0.2752194E+0000   0.1265502E+0002   0.1222916E-0009   0.4059656E-0009   0.1777116E-0007  -0.2812226E+0002
     5.92500   0.1299506E+0001   0.2749934E+0000   0.1265502E+0002   0.1242224E-0009   0.3861672E-0009   0.1685269E-0007  -0.2812226E+0002
     5.93000   0.1300880E+0001   0.2747820E+0000   0.1265502E+0002   0.1260520E-0009   0.3659273E-0009   0.1591772E-0007  -0.2812226E+0002
     5.93500   0.1302253E+0001   0.2745846E+0000   0.1265502E+0002   0.1277789E-0009   0.3453776E-0009   0.1497158E-0007  -0.2812226E+0002
     5.94000   0.1303625E+0001   0.2743997E+0000   0.1265502E+0002   0.1294021E-0009   0.3246299E-0009   0.1401870E-0007  -0.2812226E+0002
     5.94500   0.1304996E+0001   0.2742255E+0000   0.1265502E+0002   0.1309209E-0009   0.3037755E-0009   0.1306255E-0007  -0.2812226E+0002
     5.95000   0.1306366E+0001   0.2740599E+0000   0.1265502E+0002   0.1323354E-0009   0.2828855E-0009   0.1210583E-0007  -0.2812226E+0002
     5.95500   0.1307736E+0001   0.2739012E+0000   0.1265502E+0002   0.1336454E-0009   0.2620147E-0009   0.1115040E-0007  -0.2812226E+0002
     5.96000   0.1309104E+0001   0.2737477E+0000   0.1265502E+0002   0.1348514E-0009   0.2412005E-0009   0.1019770E-0007  -0.2812226E+0002
     5.96500   0.1310472E+0001   0.2735984E+0000   0.1265502E+0002   0.1359538E-0009   0.2204717E-0009   0.9248860E-0008  -0.2812226E+0002
     5.97000   0.1311840E+0001   0.2734525E+0000   0.1265502E+0002   0.1369531E-0009   0.1998514E-0009   0.8305097E-0008  -0.2812226E+0002
     5.97500   0.1313206E+0001   0.2733096E+0000   0.1265502E+0002   0.1378499E-0009   0.1793647E-0009   0.7367967E-0008  -0.2812226E+0002
     5.98000   0.1314572E+0001   0.2731697E+0000   0.1265502E+0002   0.1386451E-0009   0.1590441E-0009   0.6439706E-0008  -0.2812226E+0002
     5.98500   0.1315937E+0001   0.2730329E+0000   0.1265502E+0002   0.1393398E-0009   0.1389371E-0009   0.5523467E-0008  -0.2812226E+0002
     5.99000   0.1317302E+0001   0.2728994E+0000   0.1265502E+0002   0.1399353E-0009   0.1191109E-0009   0.4623616E-0008  -0.2812226E+0002
     5.99500   0.1318666E+0001   0.2727696E+0000   0.1265502E+0002   0.1404336E-0009   0.9965864E-0010   0.3745737E-0008  -0.2812226E+0002
     6.00000   0.1320029E+0001   0.2726442E+0000   0.1265502E+0002   0.1408371E-0009   0.8069947E-0010   0.2896821E-0008  -0.2812226E+0002
     6.00500   0.1321391E+0001   0.2725236E+0000   0.1265502E+0002   0.1411490E-0009   0.6238254E-0010   0.2085082E-0008  -0.2812226E+0002
     6.01000   0.1322753E+0001   0.2724086E+0000   0.1265502E+0002   0.1413735E-0009   0.4488293E-0010   0.1319968E-0008  -0.2812226E+0002
     6.01500   0.1324115E+0001   0.2722995E+0000   0.1265502E+0002   0.1415155E-0009   0.2840191E-0010   0.6116769E-0009  -0.2812226E+0002
     6.02000   0.1325476E+0001   0.2721964E+0000   0.1265502E+0002   0.1415813E-0009   0.1315654E-0010  -0.2896206E-0010  -0.2812226E+0002
     6.02500   0.1326836E+0001   0.2720992E+0000   0.1265502E+0002   0.1415781E-0009  -0.6227215E-0012  -0.5910395E-0009  -0.2812226E+0002
     6.03000   0.1328196E+0001   0.2720070E+0000   0.1265502E+0002   0.1415146E-0009  -0.1270380E-0010  -0.1064057E-0008  -0.2812226E+0002
     6.03500   0.1329556E+0001   0.2719186E+0000   0.1265502E+0002   0.1414003E-0009  -0.2286342E-0010  -0.1438359E-0008  -0.2812226E+0002
     6.04000   0.1330915E+0001   0.2718326E+0000   0.1265502E+0002   0.1412458E-0009  -0.3089627E-0010  -0.1705737E-0008  -0.2812226E+0002
     6.04500   0.1332274E+0001   0.2717471E+0000   0.1265502E+0002   0.1410627E-0009  -0.3662808E-0010  -0.1859846E-0008  -0.2812226E+0002
     6.05000   0.1333632E+0001   0.2716604E+0000   0.1265502E+0002   0.1408631E-0009  -0.3992459E-0010  -0.1896606E-0008  -0.2812226E+0002
     6.05500   0.1334990E+0001   0.2715711E+0000   0.1265502E+0002   0.1406596E-0009  -0.4070032E-0010  -0.1814537E-0008  -0.2812226E+0002
     6.06000   0.1336348E+0001   0.2714782E+0000   0.1265502E+0002   0.1404649E-0009  -0.3892584E-0010  -0.1614945E-0008  -0.2812226E+0002
     6.06500   0.1337704E+0001   0.2713814E+0000   0.1265502E+0002   0.1402918E-0009  -0.3463178E-0010  -0.1302013E-0008  -0.2812226E+0002
     6.07000   0.1339061E+0001   0.2712809E+0000   0.1265502E+0002   0.1401522E-0009  -0.2791076E-0010  -0.8828208E-0009  -0.2812226E+0002
     6.07500   0.1340417E+0001   0.2711775E+0000   0.1265502E+0002   0.1400576E-0009  -0.1891749E-0010  -0.3669947E-0009  -0.2812226E+0002
     6.08000   0.1341772E+0001   0.2710724E+0000   0.1265502E+0002   0.1400183E-0009  -0.7861082E-0011   0.2332844E-0009  -0.2812226E+0002
     6.08500   0.1343127E+0001   0.2709665E+0000   0.1265502E+0002   0.1400433E-0009   0.4995034E-0011   0.9039396E-0009  -0.2812226E+0002
     6.09000   0.1344481E+0001   0.2708607E+0000   0.1265502E+0002   0.1401400E-0009   0.1934740E-0010   0.1629324E-0008  -0.2812226E+0002
     6.09500   0.1345835E+0001   0.2707553E+0000   0.1265502E+0002   0.1403143E-0009   0.3485955E-0010   0.2392919E-0008  -0.2812226E+0002
     6.10000   0.1347188E+0001   0.2706501E+0000   0.1265502E+0002   0.1405702E-0009   0.5117684E-0010   0.3177749E-0008  -0.2812226E+0002
     6.10500   0.1348541E+0001   0.2705443E+0000   0.1265502E+0002   0.1409099E-0009   0.6793526E-0010   0.3967137E-0008  -0.2812226E+0002
     6.11000   0.1349893E+0001   0.2704366E+0000   0.1265502E+0002   0.1413338E-0009   0.8477738E-0010   0.4745053E-0008  -0.2812226E+0002
     6.11500   0.1351245E+0001   0.2703257E+0000   0.1265502E+0002   0.1418406E-0009   0.1013598E-0009   0.5496873E-0008  -0.2812226E+0002
     6.12000   0.1352596E+0001   0.2702100E+0000   0.1265502E+0002   0.1424274E-0009   0.1173693E-0009   0.6209625E-0008  -0.2812226E+0002
     6.12500   0.1353946E+0001   0.2700889E+0000   0.1265502E+0002   0.1430901E-0009   0.1325285E-0009   0.6872386E-0008  -0.2812226E+0002
     6.13000   0.1355296E+0001   0.2699620E+0000   0.1265502E+0002   0.1438231E-0009   0.1466045E-0009   0.7476586E-0008  -0.2812226E+0002
     6.13500   0.1356645E+0001   0.2698297E+0000   0.1265502E+0002   0.1446202E-0009   0.1594154E-0009   0.8016021E-0008  -0.2812226E+0002
     6.14000   0.1357994E+0001   0.2696932E+0000   0.1265502E+0002   0.1454743E-0009   0.1708308E-0009   0.8486940E-0008  -0.2812226E+0002
     6.14500   0.1359341E+0001   0.2695544E+0000   0.1265502E+0002   0.1463782E-0009   0.1807735E-0009   0.8887933E-0008  -0.2812226E+0002
     6.15000   0.1360689E+0001   0.2694151E+0000   0.1265502E+0002   0.1473243E-0009   0.1892169E-0009   0.9219791E-0008  -0.2812226E+0002
     6.15500   0.1362035E+0001   0.2692773E+0000   0.1265502E+0002   0.1483052E-0009   0.1961815E-0009   0.9485146E-0008  -0.2812226E+0002
     6.16000   0.1363381E+0001   0.2691426E+0000   0.1265502E+0002   0.1493138E-0009   0.2017269E-0009   0.9688162E-0008  -0.2812226E+0002
     6.16500   0.1364726E+0001   0.2690122E+0000   0.1265502E+0002   0.1503435E-0009   0.2059446E-0009   0.9834244E-0008  -0.2812226E+0002
     6.17000   0.1366070E+0001   0.2688862E+0000   0.1265502E+0002   0.1513883E-0009   0.2089521E-0009   0.9929511E-0008  -0.2812226E+0002
     6.17500   0.1367414E+0001   0.2687644E+0000   0.1265502E+0002   0.1524427E-0009   0.2108807E-0009   0.9980575E-0008  -0.2812226E+0002
     6.18000   0.1368757E+0001   0.2686458E+0000   0.1265502E+0002   0.1535021E-0009   0.2118717E-0009   0.9994111E-0008  -0.2812226E+0002
     6.18500   0.1370100E+0001   0.2685293E+0000   0.1265502E+0002   0.1545624E-0009   0.2120670E-0009   0.9976488E-0008  -0.2812226E+0002
     6.19000   0.1371442E+0001   0.2684137E+0000   0.1265502E+0002   0.1556204E-0009   0.2116019E-0009   0.9933671E-0008  -0.2812226E+0002
     6.19500   0.1372783E+0001   0.2682980E+0000   0.1265502E+0002   0.1566734E-0009   0.2106030E-0009   0.9870901E-0008  -0.2812226E+0002
     6.20000   0.1374124E+0001   0.2681818E+0000   0.1265502E+0002   0.1577193E-0009   0.2091816E-0009   0.9792697E-0008  -0.2812226E+0002
     6.20500   0.1375465E+0001   0.2680654E+0000   0.1265502E+0002   0.1587565E-0009   0.2074342E-0009   0.9702646E-0008  -0.2812226E+0002
     6.21000   0.1376804E+0001   0.2679494E+0000   0.1265502E+0002   0.1597837E-0009   0.2054377E-0009   0.9603575E-0008  -0.2812226E+0002
     6.21500   0.1378144E+0001   0.2678351E+0000   0.1265502E+0002   0.1608000E-0009   0.2032533E-0009   0.9497513E-0008  -0.2812226E+0002
     6.22000   0.1379482E+0001   0.2677241E+0000   0.1265502E+0002   0.1618046E-0009   0.2009253E-0009   0.9385844E-0008  -0.2812226E+0002
     6.22500   0.1380820E+0001   0.2676177E+0000   0.1265502E+0002   0.1627970E-0009   0.1984839E-0009   0.9269347E-0008  -0.2812226E+0002
     6.23000   0.1382158E+0001   0.2675171E+0000   0.1265502E+0002   0.1637767E-0009   0.1959467E-0009   0.9148525E-0008  -0.2812226E+0002
     6.23500   0.1383495E+0001   0.2674229E+0000   0.1265502E+0002   0.1647434E-0009   0.1933245E-0009   0.9023522E-0008  -0.2812226E+0002
     6.24000   0.1384832E+0001   0.2673351E+0000   0.1265502E+0002   0.1656965E-0009   0.1906204E-0009   0.8894384E-0008  -0.2812226E+0002
     6.24500   0.1386168E+0001   0.2672532E+0000   0.1265502E+0002   0.1666356E-0009   0.1878348E-0009   0.8761145E-0008  -0.2812226E+0002
     6.25000   0.1387504E+0001   0.2671758E+0000   0.1265502E+0002   0.1675605E-0009   0.1849674E-0009   0.8623872E-0008  -0.2812226E+0002
     6.25500   0.1388839E+0001   0.2671016E+0000   0.1265502E+0002   0.1684706E-0009   0.1820187E-0009   0.8482756E-0008  -0.2812226E+0002
     6.26000   0.1390174E+0001   0.2670291E+0000   0.1265502E+0002   0.1693655E-0009   0.1789916E-0009   0.8338119E-0008  -0.2812226E+0002
     6.26500   0.1391509E+0001   0.2669568E+0000   0.1265502E+0002   0.1702450E-0009   0.1758921E-0009   0.8190574E-0008  -0.2812226E+0002
     6.27000   0.1392844E+0001   0.2668840E+0000   0.1265502E+0002   0.1711086E-0009   0.1727325E-0009   0.8040812E-0008  -0.2812226E+0002
     6.27500   0.1394178E+0001   0.2668102E+0000   0.1265502E+0002   0.1719563E-0009   0.1695273E-0009   0.7889766E-0008  -0.2812226E+0002
     6.28000   0.1395511E+0001   0.2667356E+0000   0.1265502E+0002   0.1727878E-0009   0.1662962E-0009   0.7738514E-0008  -0.2812226E+0002
     6.28500   0.1396845E+0001   0.2666609E+0000   0.1265502E+0002   0.1736031E-0009   0.1630625E-0009   0.7588259E-0008  -0.2812226E+0002
     6.29000   0.1398178E+0001   0.2665871E+0000   0.1265502E+0002   0.1744023E-0009   0.1598521E-0009   0.7440274E-0008  -0.2812226E+0002
     6.29500   0.1399510E+0001   0.2665151E+0000   0.1265502E+0002   0.1751858E-0009   0.1566924E-0009   0.7296011E-0008  -0.2812226E+0002
     6.30000   0.1400842E+0001   0.2664461E+0000   0.1265502E+0002   0.1759539E-0009   0.1536144E-0009   0.7156862E-0008  -0.2812226E+0002
     6.30500   0.1402174E+0001   0.2663805E+0000   0.1265502E+0002   0.1767071E-0009   0.1506476E-0009   0.7024479E-0008  -0.2812226E+0002
     6.31000   0.1403506E+0001   0.2663185E+0000   0.1265502E+0002   0.1774462E-0009   0.1478266E-0009   0.6900314E-0008  -0.2812226E+0002
     6.31500   0.1404837E+0001   0.2662598E+0000   0.1265502E+0002   0.1781721E-0009   0.1451816E-0009   0.6785986E-0008  -0.2812226E+0002
     6.32000   0.1406168E+0001   0.2662035E+0000   0.1265502E+0002   0.1788859E-0009   0.1427460E-0009   0.6682952E-0008  -0.2812226E+0002
     6.32500   0.1407499E+0001   0.2661485E+0000   0.1265502E+0002   0.1795886E-0009   0.1405496E-0009   0.6592704E-0008  -0.2812226E+0002
     6.33000   0.1408829E+0001   0.2660934E+0000   0.1265502E+0002   0.1802817E-0009   0.1386229E-0009   0.6516597E-0008  -0.2812226E+0002
     6.33500   0.1410160E+0001   0.2660370E+0000   0.1265502E+0002   0.1809667E-0009   0.1369935E-0009   0.6455863E-0008  -0.2812226E+0002
     6.34000   0.1411489E+0001   0.2659781E+0000   0.1265502E+0002   0.1816451E-0009   0.1356867E-0009   0.6411597E-0008  -0.2812226E+0002
     6.34500   0.1412819E+0001   0.2659160E+0000   0.1265502E+0002   0.1823188E-0009   0.1347249E-0009   0.6384604E-0008  -0.2812226E+0002
     6.35000   0.1414148E+0001   0.2658504E+0000   0.1265502E+0002   0.1829894E-0009   0.1341246E-0009   0.6375579E-0008  -0.2812226E+0002
     6.35500   0.1415477E+0001   0.2657812E+0000   0.1265502E+0002   0.1836589E-0009   0.1339002E-0009   0.6384849E-0008  -0.2812226E+0002
     6.36000   0.1416806E+0001   0.2657088E+0000   0.1265502E+0002   0.1843292E-0009   0.1340583E-0009   0.6412537E-0008  -0.2812226E+0002
     6.36500   0.1418134E+0001   0.2656338E+0000   0.1265502E+0002   0.1850022E-0009   0.1346017E-0009   0.6458432E-0008  -0.2812226E+0002
     6.37000   0.1419462E+0001   0.2655568E+0000   0.1265502E+0002   0.1856798E-0009   0.1355257E-0009   0.6522083E-0008  -0.2812226E+0002
     6.37500   0.1420789E+0001   0.2654783E+0000   0.1265502E+0002   0.1863639E-0009   0.1368209E-0009   0.6602832E-0008  -0.2812226E+0002
     6.38000   0.1422116E+0001   0.2653986E+0000   0.1265502E+0002   0.1870563E-0009   0.1384733E-0009   0.6699709E-0008  -0.2812226E+0002
     6.38500   0.1423443E+0001   0.2653178E+0000   0.1265502E+0002   0.1877586E-0009   0.1404622E-0009   0.6811622E-0008  -0.2812226E+0002
     6.39000   0.1424769E+0001   0.2652359E+0000   0.1265502E+0002   0.1884724E-0009   0.1427644E-0009   0.6937356E-0008  -0.2812226E+0002
     6.39500   0.1426095E+0001   0.2651524E+0000   0.1265502E+0002   0.1891992E-0009   0.1453539E-0009   0.7075524E-0008  -0.2812226E+0002
     6.40000   0.1427420E+0001   0.2650667E+0000   0.1265502E+0002   0.1899402E-0009   0.1482009E-0009   0.7224747E-0008  -0.2812226E+0002
     6.40500   0.1428745E+0001   0.2649783E+0000   0.1265502E+0002   0.1906966E-0009   0.1512761E-0009   0.7383620E-0008  -0.2812226E+0002
     6.41000   0.1430069E+0001   0.2648867E+0000   0.1265502E+0002   0.1914693E-0009   0.1545492E-0009   0.7550840E-0008  -0.2812226E+0002
     6.41500   0.1431393E+0001   0.2647914E+0000   0.1265502E+0002   0.1922593E-0009   0.1579925E-0009   0.7725147E-0008  -0.2812226E+0002
     6.42000   0.1432717E+0001   0.2646922E+0000   0.1265502E+0002   0.1930672E-0009   0.1615791E-0009   0.7905417E-0008  -0.2812226E+0002
     6.42500   0.1434040E+0001   0.2645891E+0000   0.1265502E+0002   0.1938936E-0009   0.1652852E-0009   0.8090663E-0008  -0.2812226E+0002
     6.43000   0.1435362E+0001   0.2644823E+0000   0.1265502E+0002   0.1947391E-0009   0.1690900E-0009   0.8279993E-0008  -0.2812226E+0002
     6.43500   0.1436684E+0001   0.2643722E+0000   0.1265502E+0002   0.1956039E-0009   0.1729748E-0009   0.8472665E-0008  -0.2812226E+0002
     6.44000   0.1438005E+0001   0.2642592E+0000   0.1265502E+0002   0.1964886E-0009   0.1769242E-0009   0.8667992E-0008  -0.2812226E+0002
     6.44500   0.1439326E+0001   0.2641439E+0000   0.1265502E+0002   0.1973932E-0009   0.1809241E-0009   0.8865433E-0008  -0.2812226E+0002
     6.45000   0.1440646E+0001   0.2640270E+0000   0.1265502E+0002   0.1983180E-0009   0.1849632E-0009   0.9064407E-0008  -0.2812226E+0002
     6.45500   0.1441966E+0001   0.2639089E+0000   0.1265502E+0002   0.1992631E-0009   0.1890300E-0009   0.9264395E-0008  -0.2812226E+0002
     6.46000   0.1443285E+0001   0.2637901E+0000   0.1265502E+0002   0.2002287E-0009   0.1931136E-0009   0.9464779E-0008  -0.2812226E+0002
     6.46500   0.1444603E+0001   0.2636709E+0000   0.1265502E+0002   0.2012147E-0009   0.1972014E-0009   0.9664894E-0008  -0.2812226E+0002
     6.47000   0.1445921E+0001   0.2635515E+0000   0.1265502E+0002   0.2022211E-0009   0.2012796E-0009   0.9863954E-0008  -0.2812226E+0002
     6.47500   0.1447238E+0001   0.2634320E+0000   0.1265502E+0002   0.2032478E-0009   0.2053321E-0009   0.1006108E-0007  -0.2812226E+0002
     6.48000   0.1448554E+0001   0.2633123E+0000   0.1265502E+0002   0.2042945E-0009   0.2093404E-0009   0.1025521E-0007  -0.2812226E+0002
     6.48500   0.1449870E+0001   0.2631922E+0000   0.1265502E+0002   0.2053609E-0009   0.2132823E-0009   0.1044525E-0007  -0.2812226E+0002
     6.49000   0.1451186E+0001   0.2630716E+0000   0.1265502E+0002   0.2064466E-0009   0.2171351E-0009   0.1062999E-0007  -0.2812226E+0002
     6.49500   0.1452500E+0001   0.2629503E+0000   0.1265502E+0002   0.2075509E-0009   0.2208735E-0009   0.1080825E-0007  -0.2812226E+0002
     6.50000   0.1453815E+0001   0.2628281E+0000   0.1265502E+0002   0.2086733E-0009   0.2244732E-0009   0.1097887E-0007  -0.2812226E+0002
     6.50500   0.1455128E+0001   0.2627049E+0000   0.1265502E+0002   0.2098128E-0009   0.2279098E-0009   0.1114081E-0007  -0.2812226E+0002
     6.51000   0.1456441E+0001   0.2625810E+0000   0.1265502E+0002   0.2109687E-0009   0.2311624E-0009   0.1129316E-0007  -0.2812226E+0002
     6.51500   0.1457753E+0001   0.2624565E+0000   0.1265502E+0002   0.2121397E-0009   0.2342125E-0009   0.1143532E-0007  -0.2812226E+0002
     6.52000   0.1459065E+0001   0.2623320E+0000   0.1265502E+0002   0.2133250E-0009   0.2370483E-0009   0.1156696E-0007  -0.2812226E+0002
     6.52500   0.1460376E+0001   0.2622078E+0000   0.1265502E+0002   0.2145233E-0009   0.2396635E-0009   0.1168814E-0007  -0.2812226E+0002
     6.53000   0.1461686E+0001   0.2620847E+0000   0.1265502E+0002   0.2157336E-0009   0.2420608E-0009   0.1179934E-0007  -0.2812226E+0002
     6.53500   0.1462996E+0001   0.2619632E+0000   0.1265502E+0002   0.2169548E-0009   0.2442505E-0009   0.1190152E-0007  -0.2812226E+0002
     6.54000   0.1464305E+0001   0.2618440E+0000   0.1265502E+0002   0.2181861E-0009   0.2462533E-0009   0.1199596E-0007  -0.2812226E+0002
     6.54500   0.1465614E+0001   0.2617274E+0000   0.1265502E+0002   0.2194266E-0009   0.2480969E-0009   0.1208443E-0007  -0.2812226E+0002
     6.55000   0.1466922E+0001   0.2616137E+0000   0.1265502E+0002   0.2206757E-0009   0.2498180E-0009   0.1216903E-0007  -0.2812226E+0002
     6.55500   0.1468230E+0001   0.2615030E+0000   0.1265502E+0002   0.2219330E-0009   0.2514606E-0009   0.1225215E-0007  -0.2812226E+0002
     6.56000   0.1469537E+0001   0.2613952E+0000   0.1265502E+0002   0.2231983E-0009   0.2530737E-0009   0.1233643E-0007  -0.2812226E+0002
     6.56500   0.1470843E+0001   0.2612899E+0000   0.1265502E+0002   0.2244719E-0009   0.2547120E-0009   0.1242459E-0007  -0.2812226E+0002
     6.57000   0.1472149E+0001   0.2611870E+0000   0.1265502E+0002   0.2257541E-0009   0.2564312E-0009   0.1251932E-0007  -0.2812226E+0002
     6.57500   0.1473455E+0001   0.2610863E+0000   0.1265502E+0002   0.2270455E-0009   0.2582868E-0009   0.1262320E-0007  -0.2812226E+0002
     6.58000   0.1474759E+0001   0.2609878E+0000   0.1265502E+0002   0.2283472E-0009   0.2603317E-0009   0.1273861E-0007  -0.2812226E+0002
     6.58500   0.1476064E+0001   0.2608915E+0000   0.1265502E+0002   0.2296602E-0009   0.2626147E-0009   0.1286755E-0007  -0.2812226E+0002
     6.59000   0.1477368E+0001   0.2607979E+0000   0.1265502E+0002   0.2309861E-0009   0.2651778E-0009   0.1301163E-0007  -0.2812226E+0002
     6.59500   0.1478671E+0001   0.2607077E+0000   0.1265502E+0002   0.2323264E-0009   0.2680544E-0009   0.1317200E-0007  -0.2812226E+0002
     6.60000   0.1479975E+0001   0.2606218E+0000   0.1265502E+0002   0.2336827E-0009   0.2712687E-0009   0.1334923E-0007  -0.2812226E+0002
     6.60500   0.1481277E+0001   0.2605410E+0000   0.1265502E+0002   0.2350569E-0009   0.2748333E-0009   0.1354336E-0007  -0.2812226E+0002
     6.61000   0.1482580E+0001   0.2604663E+0000   0.1265502E+0002   0.2364506E-0009   0.2787502E-0009   0.1375392E-0007  -0.2812226E+0002
     6.61500   0.1483882E+0001   0.2603983E+0000   0.1265502E+0002   0.2378657E-0009   0.2830100E-0009   0.1397986E-0007  -0.2812226E+0002
     6.62000   0.1485183E+0001   0.2603376E+0000   0.1265502E+0002   0.2393037E-0009   0.2875922E-0009   0.1421977E-0007  -0.2812226E+0002
     6.62500   0.1486485E+0001   0.2602843E+0000   0.1265502E+0002   0.2407660E-0009   0.2924676E-0009   0.1447173E-0007  -0.2812226E+0002
     6.63000   0.1487786E+0001   0.2602381E+0000   0.1265502E+0002   0.2422540E-0009   0.2975970E-0009   0.1473361E-0007  -0.2812226E+0002
     6.63500   0.1489087E+0001   0.2601986E+0000   0.1265502E+0002   0.2437687E-0009   0.3029363E-0009   0.1500297E-0007  -0.2812226E+0002
     6.64000   0.1490388E+0001   0.2601650E+0000   0.1265502E+0002   0.2453108E-0009   0.3084347E-0009   0.1527730E-0007  -0.2812226E+0002
     6.64500   0.1491688E+0001   0.2601363E+0000   0.1265502E+0002   0.2468810E-0009   0.3140399E-0009   0.1555409E-0007  -0.2812226E+0002
     6.65000   0.1492989E+0001   0.2601117E+0000   0.1265502E+0002   0.2484795E-0009   0.3196993E-0009   0.1583081E-0007  -0.2812226E+0002
     6.65500   0.1494289E+0001   0.2600902E+0000   0.1265502E+0002   0.2501063E-0009   0.3253601E-0009   0.1610507E-0007  -0.2812226E+0002
     6.66000   0.1495590E+0001   0.2600711E+0000   0.1265502E+0002   0.2517612E-0009   0.3309725E-0009   0.1637471E-0007  -0.2812226E+0002
     6.66500   0.1496890E+0001   0.2600539E+0000   0.1265502E+0002   0.2534437E-0009   0.3364917E-0009   0.1663780E-0007  -0.2812226E+0002
     6.67000   0.1498190E+0001   0.2600383E+0000   0.1265502E+0002   0.2551530E-0009   0.3418774E-0009   0.1689262E-0007  -0.2812226E+0002
     6.67500   0.1499490E+0001   0.2600240E+0000   0.1265502E+0002   0.2568885E-0009   0.3470945E-0009   0.1713780E-0007  -0.2812226E+0002
     6.68000   0.1500790E+0001   0.2600109E+0000   0.1265502E+0002   0.2586491E-0009   0.3521144E-0009   0.1737227E-0007  -0.2812226E+0002
     6.68500   0.1502090E+0001   0.2599986E+0000   0.1265502E+0002   0.2604337E-0009   0.3569150E-0009   0.1759517E-0007  -0.2812226E+0002
     6.69000   0.1503390E+0001   0.2599869E+0000   0.1265502E+0002   0.2622411E-0009   0.3614782E-0009   0.1780595E-0007  -0.2812226E+0002
     6.69500   0.1504690E+0001   0.2599751E+0000   0.1265502E+0002   0.2640700E-0009   0.3657920E-0009   0.1800434E-0007  -0.2812226E+0002
     6.70000   0.1505990E+0001   0.2599624E+0000   0.1265502E+0002   0.2659193E-0009   0.3698494E-0009   0.1819024E-0007  -0.2812226E+0002
     6.70500   0.1507290E+0001   0.2599476E+0000   0.1265502E+0002   0.2677875E-0009   0.3736469E-0009   0.1836385E-0007  -0.2812226E+0002
     6.71000   0.1508589E+0001   0.2599295E+0000   0.1265502E+0002   0.2696734E-0009   0.3771868E-0009   0.1852547E-0007  -0.2812226E+0002
     6.71500   0.1509889E+0001   0.2599068E+0000   0.1265502E+0002   0.2715758E-0009   0.3804732E-0009   0.1867561E-0007  -0.2812226E+0002
     6.72000   0.1511188E+0001   0.2598779E+0000   0.1265502E+0002   0.2734934E-0009   0.3835143E-0009   0.1881489E-0007  -0.2812226E+0002
     6.72500   0.1512487E+0001   0.2598417E+0000   0.1265502E+0002   0.2754250E-0009   0.3863205E-0009   0.1894400E-0007  -0.2812226E+0002
     6.73000   0.1513786E+0001   0.2597970E+0000   0.1265502E+0002   0.2773695E-0009   0.3889045E-0009   0.1906377E-0007  -0.2812226E+0002
     6.73500   0.1515085E+0001   0.2597428E+0000   0.1265502E+0002   0.2793259E-0009   0.3912817E-0009   0.1917514E-0007  -0.2812226E+0002
     6.74000   0.1516384E+0001   0.2596784E+0000   0.1265502E+0002   0.2812932E-0009   0.3934701E-0009   0.1927909E-0007  -0.2812226E+0002
     6.74500   0.1517682E+0001   0.2596034E+0000   0.1265502E+0002   0.2832707E-0009   0.3954887E-0009   0.1937657E-0007  -0.2812226E+0002
     6.75000   0.1518979E+0001   0.2595172E+0000   0.1265502E+0002   0.2852575E-0009   0.3973566E-0009   0.1946858E-0007  -0.2812226E+0002
     6.75500   0.1520276E+0001   0.2594197E+0000   0.1265502E+0002   0.2872529E-0009   0.3990932E-0009   0.1955611E-0007  -0.2812226E+0002
     6.76000   0.1521573E+0001   0.2593105E+0000   0.1265502E+0002   0.2892565E-0009   0.4007188E-0009   0.1964007E-0007  -0.2812226E+0002
     6.76500   0.1522869E+0001   0.2591892E+0000   0.1265502E+0002   0.2912678E-0009   0.4022511E-0009   0.1972129E-0007  -0.2812226E+0002
     6.77000   0.1524164E+0001   0.2590555E+0000   0.1265502E+0002   0.2932863E-0009   0.4037063E-0009   0.1980046E-0007  -0.2812226E+0002
     6.77500   0.1525459E+0001   0.2589091E+0000   0.1265502E+0002   0.2953118E-0009   0.4050977E-0009   0.1987809E-0007  -0.2812226E+0002
     6.78000   0.1526752E+0001   0.2587493E+0000   0.1265502E+0002   0.2973440E-0009   0.4064350E-0009   0.1995450E-0007  -0.2812226E+0002
     6.78500   0.1528045E+0001   0.2585760E+0000   0.1265502E+0002   0.2993826E-0009   0.4077240E-0009   0.2002974E-0007  -0.2812226E+0002
     6.79000   0.1529337E+0001   0.2583890E+0000   0.1265502E+0002   0.3014274E-0009   0.4089654E-0009   0.2010365E-0007  -0.2812226E+0002
     6.79500   0.1530628E+0001   0.2581883E+0000   0.1265502E+0002   0.3034782E-0009   0.4101555E-0009   0.2017570E-0007  -0.2812226E+0002
     6.80000   0.1531918E+0001   0.2579743E+0000   0.1265502E+0002   0.3055346E-0009   0.4112844E-0009   0.2024510E-0007  -0.2812226E+0002
     6.80500   0.1533207E+0001   0.2577478E+0000   0.1265502E+0002   0.3075963E-0009   0.4123369E-0009   0.2031079E-0007  -0.2812226E+0002
     6.81000   0.1534494E+0001   0.2575100E+0000   0.1265502E+0002   0.3096628E-0009   0.4132931E-0009   0.2037138E-0007  -0.2812226E+0002
     6.81500   0.1535781E+0001   0.2572622E+0000   0.1265502E+0002   0.3117334E-0009   0.4141273E-0009   0.2042531E-0007  -0.2812226E+0002
     6.82000   0.1537066E+0001   0.2570064E+0000   0.1265502E+0002   0.3138075E-0009   0.4148104E-0009   0.2047076E-0007  -0.2812226E+0002
     6.82500   0.1538349E+0001   0.2567443E+0000   0.1265502E+0002   0.3158840E-0009   0.4153096E-0009   0.2050580E-0007  -0.2812226E+0002
     6.83000   0.1539632E+0001   0.2564781E+0000   0.1265502E+0002   0.3179620E-0009   0.4155893E-0009   0.2052844E-0007  -0.2812226E+0002
     6.83500   0.1540913E+0001   0.2562100E+0000   0.1265502E+0002   0.3200400E-0009   0.4156130E-0009   0.2053671E-0007  -0.2812226E+0002
     6.84000   0.1542192E+0001   0.2559420E+0000   0.1265502E+0002   0.3221168E-0009   0.4153456E-0009   0.2052873E-0007  -0.2812226E+0002
     6.84500   0.1543471E+0001   0.2556763E+0000   0.1265502E+0002   0.3241905E-0009   0.4147533E-0009   0.2050286E-0007  -0.2812226E+0002
     6.85000   0.1544748E+0001   0.2554149E+0000   0.1265502E+0002   0.3262596E-0009   0.4138071E-0009   0.2045770E-0007  -0.2812226E+0002
     6.85500   0.1546024E+0001   0.2551596E+0000   0.1265502E+0002   0.3283220E-0009   0.4124830E-0009   0.2039225E-0007  -0.2812226E+0002
     6.86000   0.1547298E+0001   0.2549125E+0000   0.1265502E+0002   0.3303758E-0009   0.4107650E-0009   0.2030599E-0007  -0.2812226E+0002
     6.86500   0.1548572E+0001   0.2546753E+0000   0.1265502E+0002   0.3324190E-0009   0.4086469E-0009   0.2019888E-0007  -0.2812226E+0002
     6.87000   0.1549844E+0001   0.2544502E+0000   0.1265502E+0002   0.3344497E-0009   0.4061321E-0009   0.2007145E-0007  -0.2812226E+0002
     6.87500   0.1551115E+0001   0.2542390E+0000   0.1265502E+0002   0.3364659E-0009   0.4032348E-0009   0.1992483E-0007  -0.2812226E+0002
     6.88000   0.1552385E+0001   0.2540436E+0000   0.1265502E+0002   0.3384658E-0009   0.3999817E-0009   0.1976079E-0007  -0.2812226E+0002
     6.88500   0.1553655E+0001   0.2538661E+0000   0.1265502E+0002   0.3404478E-0009   0.3964116E-0009   0.1958163E-0007  -0.2812226E+0002
     6.89000   0.1554923E+0001   0.2537082E+0000   0.1265502E+0002   0.3424107E-0009   0.3925731E-0009   0.1939015E-0007  -0.2812226E+0002
     6.89500   0.1556191E+0001   0.2535716E+0000   0.1265502E+0002   0.3443533E-0009   0.3885251E-0009   0.1918973E-0007  -0.2812226E+0002
     6.90000   0.1557458E+0001   0.2534578E+0000   0.1265502E+0002   0.3462750E-0009   0.3843366E-0009   0.1898408E-0007  -0.2812226E+0002
     6.90500   0.1558725E+0001   0.2533678E+0000   0.1265502E+0002   0.3481754E-0009   0.3800829E-0009   0.1877724E-0007  -0.2812226E+0002
     6.91000   0.1559992E+0001   0.2533025E+0000   0.1265502E+0002   0.3500546E-0009   0.3758446E-0009   0.1857343E-0007  -0.2812226E+0002
     6.91500   0.1561258E+0001   0.2532620E+0000   0.1265502E+0002   0.3519132E-0009   0.3717059E-0009   0.1837701E-0007  -0.2812226E+0002
     6.92000   0.1562524E+0001   0.2532464E+0000   0.1265502E+0002   0.3537519E-0009   0.3677523E-0009   0.1819215E-0007  -0.2812226E+0002
     6.92500   0.1563791E+0001   0.2532551E+0000   0.1265502E+0002   0.3555723E-0009   0.3640654E-0009   0.1802290E-0007  -0.2812226E+0002
     6.93000   0.1565057E+0001   0.2532874E+0000   0.1265502E+0002   0.3573759E-0009   0.3607244E-0009   0.1787303E-0007  -0.2812226E+0002
     6.93500   0.1566324E+0001   0.2533421E+0000   0.1265502E+0002   0.3591649E-0009   0.3578020E-0009   0.1774582E-0007  -0.2812226E+0002
     6.94000   0.1567591E+0001   0.2534179E+0000   0.1265502E+0002   0.3609417E-0009   0.3553617E-0009   0.1764408E-0007  -0.2812226E+0002
     6.94500   0.1568858E+0001   0.2535133E+0000   0.1265502E+0002   0.3627090E-0009   0.3534572E-0009   0.1756999E-0007  -0.2812226E+0002
     6.95000   0.1570126E+0001   0.2536266E+0000   0.1265502E+0002   0.3644696E-0009   0.3521304E-0009   0.1752503E-0007  -0.2812226E+0002
     6.95500   0.1571395E+0001   0.2537562E+0000   0.1265502E+0002   0.3662267E-0009   0.3514089E-0009   0.1750999E-0007  -0.2812226E+0002
     6.96000   0.1572665E+0001   0.2539004E+0000   0.1265502E+0002   0.3679832E-0009   0.3513068E-0009   0.1752496E-0007  -0.2812226E+0002
     6.96500   0.1573935E+0001   0.2540574E+0000   0.1265502E+0002   0.3697423E-0009   0.3518246E-0009   0.1756927E-0007  -0.2812226E+0002
     6.97000   0.1575206E+0001   0.2542255E+0000   0.1265502E+0002   0.3715071E-0009   0.3529474E-0009   0.1764153E-0007  -0.2812226E+0002
     6.97500   0.1576478E+0001   0.2544028E+0000   0.1265502E+0002   0.3732803E-0009   0.3546463E-0009   0.1773976E-0007  -0.2812226E+0002
     6.98000   0.1577751E+0001   0.2545877E+0000   0.1265502E+0002   0.3750647E-0009   0.3568802E-0009   0.1786142E-0007  -0.2812226E+0002
     6.98500   0.1579025E+0001   0.2547783E+0000   0.1265502E+0002   0.3768627E-0009   0.3595966E-0009   0.1800349E-0007  -0.2812226E+0002
     6.99000   0.1580300E+0001   0.2549728E+0000   0.1265502E+0002   0.3786764E-0009   0.3627336E-0009   0.1816259E-0007  -0.2812226E+0002
     6.99500   0.1581576E+0001   0.2551696E+0000   0.1265502E+0002   0.3805075E-0009   0.3662215E-0009   0.1833512E-0007  -0.2812226E+0002
     7.00000   0.1582853E+0001   0.2553669E+0000   0.1265502E+0002   0.3823574E-0009   0.3699863E-0009   0.1851740E-0007  -0.2812226E+0002
     7.00500   0.1584130E+0001   0.2555631E+0000   0.1265502E+0002   0.3842272E-0009   0.3739515E-0009   0.1870553E-0007  -0.2812226E+0002
     7.01000   0.1585409E+0001   0.2557567E+0000   0.1265502E+0002   0.3861173E-0009   0.3780369E-0009   0.1889597E-0007  -0.2812226E+0002
     7.01500   0.1586689E+0001   0.2559464E+0000   0.1265502E+0002   0.3880282E-0009   0.3821690E-0009   0.1908523E-0007  -0.2812226E+0002
     7.02000   0.1587970E+0001   0.2561310E+0000   0.1265502E+0002   0.3899596E-0009   0.3862752E-0009   0.1927026E-0007  -0.2812226E+0002
     7.02500   0.1589251E+0001   0.2563094E+0000   0.1265502E+0002   0.3919110E-0009   0.3902917E-0009   0.1944825E-0007  -0.2812226E+0002
     7.03000   0.1590534E+0001   0.2564807E+0000   0.1265502E+0002   0.3938818E-0009   0.3941600E-0009   0.1961697E-0007  -0.2812226E+0002
     7.03500   0.1591817E+0001   0.2566441E+0000   0.1265502E+0002   0.3958710E-0009   0.3978327E-0009   0.1977454E-0007  -0.2812226E+0002
     7.04000   0.1593101E+0001   0.2567990E+0000   0.1265502E+0002   0.3978773E-0009   0.4012702E-0009   0.1991963E-0007  -0.2812226E+0002
     7.04500   0.1594385E+0001   0.2569446E+0000   0.1265502E+0002   0.3998996E-0009   0.4044436E-0009   0.2005138E-0007  -0.2812226E+0002
     7.05000   0.1595671E+0001   0.2570805E+0000   0.1265502E+0002   0.4019362E-0009   0.4073339E-0009   0.2016938E-0007  -0.2812226E+0002
     7.05500   0.1596957E+0001   0.2572062E+0000   0.1265502E+0002   0.4039859E-0009   0.4099314E-0009   0.2027361E-0007  -0.2812226E+0002
     7.06000   0.1598243E+0001   0.2573211E+0000   0.1265502E+0002   0.4060470E-0009   0.4122338E-0009   0.2036445E-0007  -0.2812226E+0002
     7.06500   0.1599531E+0001   0.2574247E+0000   0.1265502E+0002   0.4081183E-0009   0.4142477E-0009   0.2044250E-0007  -0.2812226E+0002
     7.07000   0.1600818E+0001   0.2575164E+0000   0.1265502E+0002   0.4101982E-0009   0.4159835E-0009   0.2050862E-0007  -0.2812226E+0002
     7.07500   0.1602106E+0001   0.2575959E+0000   0.1265502E+0002   0.4122855E-0009   0.4174579E-0009   0.2056375E-0007  -0.2812226E+0002
     7.08000   0.1603394E+0001   0.2576627E+0000   0.1265502E+0002   0.4143789E-0009   0.4186886E-0009   0.2060886E-0007  -0.2812226E+0002
     7.08500   0.1604683E+0001   0.2577163E+0000   0.1265502E+0002   0.4164774E-0009   0.4196944E-0009   0.2064481E-0007  -0.2812226E+0002
     7.09000   0.1605972E+0001   0.2577566E+0000   0.1265502E+0002   0.4185799E-0009   0.4204922E-0009   0.2067229E-0007  -0.2812226E+0002
     7.09500   0.1607261E+0001   0.2577834E+0000   0.1265502E+0002   0.4206853E-0009   0.4210956E-0009   0.2069168E-0007  -0.2812226E+0002
     7.10000   0.1608550E+0001   0.2577968E+0000   0.1265502E+0002   0.4227929E-0009   0.4215126E-0009   0.2070327E-0007  -0.2812226E+0002
     7.10500   0.1609839E+0001   0.2577973E+0000   0.1265502E+0002   0.4249017E-0009   0.4217495E-0009   0.2070672E-0007  -0.2812226E+0002
     7.11000   0.1611128E+0001   0.2577854E+0000   0.1265502E+0002   0.4270107E-0009   0.4218002E-0009   0.2070150E-0007  -0.2812226E+0002
     7.11500   0.1612416E+0001   0.2577621E+0000   0.1265502E+0002   0.4291189E-0009   0.4216559E-0009   0.2068660E-0007  -0.2812226E+0002
     7.12000   0.1613705E+0001   0.2577287E+0000   0.1265502E+0002   0.4312254E-0009   0.4212978E-0009   0.2066057E-0007  -0.2812226E+0002
     7.12500   0.1614994E+0001   0.2576867E+0000   0.1265502E+0002   0.4333289E-0009   0.4206991E-0009   0.2062160E-0007  -0.2812226E+0002
     7.13000   0.1616282E+0001   0.2576380E+0000   0.1265502E+0002   0.4354281E-0009   0.4198263E-0009   0.2056754E-0007  -0.2812226E+0002
     7.13500   0.1617570E+0001   0.2575848E+0000   0.1265502E+0002   0.4375213E-0009   0.4186391E-0009   0.2049585E-0007  -0.2812226E+0002
     7.14000   0.1618857E+0001   0.2575292E+0000   0.1265502E+0002   0.4396067E-0009   0.4170900E-0009   0.2040374E-0007  -0.2812226E+0002
     7.14500   0.1620145E+0001   0.2574740E+0000   0.1265502E+0002   0.4416823E-0009   0.4151264E-0009   0.2028819E-0007  -0.2812226E+0002
     7.15000   0.1621432E+0001   0.2574218E+0000   0.1265502E+0002   0.4437458E-0009   0.4126918E-0009   0.2014601E-0007  -0.2812226E+0002
     7.15500   0.1622719E+0001   0.2573753E+0000   0.1265502E+0002   0.4457944E-0009   0.4097257E-0009   0.1997377E-0007  -0.2812226E+0002
     7.16000   0.1624005E+0001   0.2573373E+0000   0.1265502E+0002   0.4478252E-0009   0.4061627E-0009   0.1976803E-0007  -0.2812226E+0002
     7.16500   0.1625292E+0001   0.2573107E+0000   0.1265502E+0002   0.4498349E-0009   0.4019375E-0009   0.1952529E-0007  -0.2812226E+0002
     7.17000   0.1626578E+0001   0.2572981E+0000   0.1265502E+0002   0.4518198E-0009   0.3969824E-0009   0.1924191E-0007  -0.2812226E+0002
     7.17500   0.1627865E+0001   0.2573021E+0000   0.1265502E+0002   0.4537760E-0009   0.3912269E-0009   0.1891430E-0007  -0.2812226E+0002
     7.18000   0.1629152E+0001   0.2573251E+0000   0.1265502E+0002   0.4556990E-0009   0.3846003E-0009   0.1853892E-0007  -0.2812226E+0002
     7.18500   0.1630438E+0001   0.2573692E+0000   0.1265502E+0002   0.4575841E-0009   0.3770321E-0009   0.1811221E-0007  -0.2812226E+0002
     7.19000   0.1631726E+0001   0.2574364E+0000   0.1265502E+0002   0.4594264E-0009   0.3684501E-0009   0.1763047E-0007  -0.2812226E+0002
     7.19500   0.1633013E+0001   0.2575280E+0000   0.1265502E+0002   0.4612203E-0009   0.3587779E-0009   0.1709029E-0007  -0.2812226E+0002
     7.20000   0.1634301E+0001   0.2576452E+0000   0.1265502E+0002   0.4629600E-0009   0.3479434E-0009   0.1648814E-0007  -0.2812226E+0002
     7.20500   0.1635590E+0001   0.2577886E+0000   0.1265502E+0002   0.4646393E-0009   0.3358710E-0009   0.1582064E-0007  -0.2812226E+0002
     7.21000   0.1636880E+0001   0.2579585E+0000   0.1265502E+0002   0.4662518E-0009   0.3224862E-0009   0.1508439E-0007  -0.2812226E+0002
     7.21500   0.1638171E+0001   0.2581544E+0000   0.1265502E+0002   0.4677903E-0009   0.3077120E-0009   0.1427622E-0007  -0.2812226E+0002
     7.22000   0.1639463E+0001   0.2583759E+0000   0.1265502E+0002   0.4692477E-0009   0.2914758E-0009   0.1339300E-0007  -0.2812226E+0002
     7.22500   0.1640756E+0001   0.2586217E+0000   0.1265502E+0002   0.4706162E-0009   0.2737032E-0009   0.1243167E-0007  -0.2812226E+0002
     7.23000   0.1642050E+0001   0.2588904E+0000   0.1265502E+0002   0.4718878E-0009   0.2543211E-0009   0.1138948E-0007  -0.2812226E+0002
     7.23500   0.1643346E+0001   0.2591802E+0000   0.1265502E+0002   0.4730541E-0009   0.2332615E-0009   0.1026383E-0007  -0.2812226E+0002
     7.24000   0.1644644E+0001   0.2594894E+0000   0.1265502E+0002   0.4741064E-0009   0.2104585E-0009   0.9052473E-0008  -0.2812226E+0002
     7.24500   0.1645943E+0001   0.2598158E+0000   0.1265502E+0002   0.4750357E-0009   0.1858532E-0009   0.7753385E-0008  -0.2812226E+0002
     7.25000   0.1647244E+0001   0.2601575E+0000   0.1265502E+0002   0.4758327E-0009   0.1593914E-0009   0.6365017E-0008  -0.2812226E+0002
     7.25500   0.1648546E+0001   0.2605123E+0000   0.1265502E+0002   0.4764878E-0009   0.1310283E-0009   0.4886258E-0008  -0.2812226E+0002
     7.26000   0.1649851E+0001   0.2608786E+0000   0.1265502E+0002   0.4769914E-0009   0.1007284E-0009   0.3316548E-0008  -0.2812226E+0002
     7.26500   0.1651157E+0001   0.2612545E+0000   0.1265502E+0002   0.4773338E-0009   0.6846793E-0010   0.1655736E-0008  -0.2812226E+0002
     7.27000   0.1652465E+0001   0.2616386E+0000   0.1265502E+0002   0.4775049E-0009   0.3423183E-0010  -0.9549896E-0010  -0.2812226E+0002
     7.27500   0.1653775E+0001   0.2620296E+0000   0.1265502E+0002   0.4774951E-0009  -0.1977362E-0011  -0.1935986E-0008  -0.2812226E+0002
     7.28000   0.1655087E+0001   0.2624265E+0000   0.1265502E+0002   0.4772943E-0009  -0.4014644E-0010  -0.3863903E-0008  -0.2812226E+0002
     7.28500   0.1656401E+0001   0.2628283E+0000   0.1265502E+0002   0.4768931E-0009  -0.8024825E-0010  -0.5876584E-0008  -0.2812226E+0002
     7.29000   0.1657718E+0001   0.2632346E+0000   0.1265502E+0002   0.4762819E-0009  -0.1222377E-0009  -0.7970690E-0008  -0.2812226E+0002
     7.29500   0.1659036E+0001   0.2636447E+0000   0.1265502E+0002   0.4754516E-0009  -0.1660551E-0009  -0.1014215E-0007  -0.2812226E+0002
     7.30000   0.1660356E+0001   0.2640582E+0000   0.1265502E+0002   0.4743935E-0009  -0.2116250E-0009  -0.1238628E-0007  -0.2812226E+0002
     7.30500   0.1661678E+0001   0.2644750E+0000   0.1265502E+0002   0.4730992E-0009  -0.2588586E-0009  -0.1469754E-0007  -0.2812226E+0002
     7.31000   0.1663003E+0001   0.2648947E+0000   0.1265502E+0002   0.4715610E-0009  -0.3076488E-0009  -0.1706990E-0007  -0.2812226E+0002
     7.31500   0.1664330E+0001   0.2653175E+0000   0.1265502E+0002   0.4697716E-0009  -0.3578771E-0009  -0.1949662E-0007  -0.2812226E+0002
     7.32000   0.1665658E+0001   0.2657430E+0000   0.1265502E+0002   0.4677245E-0009  -0.4094100E-0009  -0.2197047E-0007  -0.2812226E+0002
     7.32500   0.1666989E+0001   0.2661715E+0000   0.1265502E+0002   0.4654140E-0009  -0.4621023E-0009  -0.2448358E-0007  -0.2812226E+0002
     7.33000   0.1668322E+0001   0.2666029E+0000   0.1265502E+0002   0.4628350E-0009  -0.5157948E-0009  -0.2702767E-0007  -0.2812226E+0002
     7.33500   0.1669657E+0001   0.2670372E+0000   0.1265502E+0002   0.4599834E-0009  -0.5703187E-0009  -0.2959390E-0007  -0.2812226E+0002
     7.34000   0.1670995E+0001   0.2674744E+0000   0.1265502E+0002   0.4568560E-0009  -0.6254919E-0009  -0.3217295E-0007  -0.2812226E+0002
     7.34500   0.1672334E+0001   0.2679146E+0000   0.1265502E+0002   0.4534504E-0009  -0.6811214E-0009  -0.3475511E-0007  -0.2812226E+0002
     7.35000   0.1673676E+0001   0.2683578E+0000   0.1265502E+0002   0.4497653E-0009  -0.7370045E-0009  -0.3733006E-0007  -0.2812226E+0002
     7.35500   0.1675020E+0001   0.2688038E+0000   0.1265502E+0002   0.4458007E-0009  -0.7929236E-0009  -0.3988701E-0007  -0.2812226E+0002
     7.36000   0.1676366E+0001   0.2692525E+0000   0.1265502E+0002   0.4415575E-0009  -0.8486496E-0009  -0.4241450E-0007  -0.2812226E+0002
     7.36500   0.1677715E+0001   0.2697036E+0000   0.1265502E+0002   0.4370378E-0009  -0.9039373E-0009  -0.4490048E-0007  -0.2812226E+0002
     7.37000   0.1679066E+0001   0.2701569E+0000   0.1265502E+0002   0.4322452E-0009  -0.9585268E-0009  -0.4733215E-0007  -0.2812226E+0002
     7.37500   0.1680419E+0001   0.2706119E+0000   0.1265502E+0002   0.4271845E-0009  -0.1012140E-0008  -0.4969597E-0007  -0.2812226E+0002
     7.38000   0.1681774E+0001   0.2710683E+0000   0.1265502E+0002   0.4218621E-0009  -0.1064479E-0008  -0.5197748E-0007  -0.2812226E+0002
     7.38500   0.1683132E+0001   0.2715257E+0000   0.1265502E+0002   0.4162859E-0009  -0.1115227E-0008  -0.5416144E-0007  -0.2812226E+0002
     7.39000   0.1684492E+0001   0.2719836E+0000   0.1265502E+0002   0.4104657E-0009  -0.1164046E-0008  -0.5623164E-0007  -0.2812226E+0002
     7.39500   0.1685854E+0001   0.2724416E+0000   0.1265502E+0002   0.4044128E-0009  -0.1210574E-0008  -0.5817108E-0007  -0.2812226E+0002
     7.40000   0.1687218E+0001   0.2728995E+0000   0.1265502E+0002   0.3981407E-0009  -0.1254432E-0008  -0.5996183E-0007  -0.2812226E+0002
     7.40500   0.1688585E+0001   0.2733571E+0000   0.1265502E+0002   0.3916646E-0009  -0.1295217E-0008  -0.6158523E-0007  -0.2812226E+0002
     7.41000   0.1689954E+0001   0.2738141E+0000   0.1265502E+0002   0.3850021E-0009  -0.1332507E-0008  -0.6302204E-0007  -0.2812226E+0002
     7.41500   0.1691325E+0001   0.2742706E+0000   0.1265502E+0002   0.3781727E-0009  -0.1365869E-0008  -0.6425255E-0007  -0.2812226E+0002
     7.42000   0.1692699E+0001   0.2747266E+0000   0.1265502E+0002   0.3711984E-0009  -0.1394853E-0008  -0.6525672E-0007  -0.2812226E+0002
     7.42500   0.1694075E+0001   0.2751824E+0000   0.1265502E+0002   0.3641034E-0009  -0.1419002E-0008  -0.6601473E-0007  -0.2812226E+0002
     7.43000   0.1695453E+0001   0.2756382E+0000   0.1265502E+0002   0.3569141E-0009  -0.1437863E-0008  -0.6650693E-0007  -0.2812226E+0002
     7.43500   0.1696834E+0001   0.2760943E+0000   0.1265502E+0002   0.3496592E-0009  -0.1450980E-0008  -0.6671433E-0007  -0.2812226E+0002
     7.44000   0.1698216E+0001   0.2765513E+0000   0.1265502E+0002   0.3423696E-0009  -0.1457914E-0008  -0.6661898E-0007  -0.2812226E+0002
     7.44500   0.1699602E+0001   0.2770095E+0000   0.1265502E+0002   0.3350784E-0009  -0.1458243E-0008  -0.6620414E-0007  -0.2812226E+0002
     7.45000   0.1700989E+0001   0.2774697E+0000   0.1265502E+0002   0.3278206E-0009  -0.1451570E-0008  -0.6545482E-0007  -0.2812226E+0002
     7.45500   0.1702379E+0001   0.2779325E+0000   0.1265502E+0002   0.3206329E-0009  -0.1437534E-0008  -0.6435802E-0007  -0.2812226E+0002
     7.46000   0.1703771E+0001   0.2783987E+0000   0.1265502E+0002   0.3135538E-0009  -0.1415817E-0008  -0.6290298E-0007  -0.2812226E+0002
     7.46500   0.1705165E+0001   0.2788690E+0000   0.1265502E+0002   0.3066231E-0009  -0.1386145E-0008  -0.6108142E-0007  -0.2812226E+0002
     7.47000   0.1706562E+0001   0.2793443E+0000   0.1265502E+0002   0.2998816E-0009  -0.1348299E-0008  -0.5888774E-0007  -0.2812226E+0002
     7.47500   0.1707961E+0001   0.2798256E+0000   0.1265502E+0002   0.2933710E-0009  -0.1302116E-0008  -0.5631910E-0007  -0.2812226E+0002
     7.48000   0.1709362E+0001   0.2803137E+0000   0.1265502E+0002   0.2871336E-0009  -0.1247490E-0008  -0.5337545E-0007  -0.2812226E+0002
     7.48500   0.1710766E+0001   0.2808095E+0000   0.1265502E+0002   0.2812117E-0009  -0.1184378E-0008  -0.5005963E-0007  -0.2812226E+0002
     7.49000   0.1712173E+0001   0.2813138E+0000   0.1265502E+0002   0.2756477E-0009  -0.1112797E-0008  -0.4637703E-0007  -0.2812226E+0002
     7.49500   0.1713582E+0001   0.2818275E+0000   0.1265502E+0002   0.2704836E-0009  -0.1032817E-0008  -0.4233559E-0007  -0.2812226E+0002
     7.50000   0.1714994E+0001   0.2823510E+0000   0.1265502E+0002   0.2657608E-0009  -0.9445658E-0009  -0.3794562E-0007  -0.2812226E+0002
     7.50500   0.1716408E+0001   0.2828848E+0000   0.1265502E+0002   0.2615197E-0009  -0.8482198E-0009  -0.3321925E-0007  -0.2812226E+0002
     7.51000   0.1717825E+0001   0.2834289E+0000   0.1265502E+0002   0.2577997E-0009  -0.7439971E-0009  -0.2817042E-0007  -0.2812226E+0002
     7.51500   0.1719245E+0001   0.2839834E+0000   0.1265502E+0002   0.2546389E-0009  -0.6321547E-0009  -0.2281435E-0007  -0.2812226E+0002
     7.52000   0.1720668E+0001   0.2845476E+0000   0.1265502E+0002   0.2520740E-0009  -0.5129798E-0009  -0.1716732E-0007  -0.2812226E+0002
     7.52500   0.1722094E+0001   0.2851209E+0000   0.1265502E+0002   0.2501401E-0009  -0.3867843E-0009  -0.1124624E-0007  -0.2812226E+0002
     7.53000   0.1723522E+0001   0.2857022E+0000   0.1265502E+0002   0.2488706E-0009  -0.2538973E-0009  -0.5068440E-0008  -0.2812226E+0002
     7.53500   0.1724954E+0001   0.2862900E+0000   0.1265502E+0002   0.2482973E-0009  -0.1146615E-0009   0.1348553E-0008  -0.2812226E+0002
     7.54000   0.1726388E+0001   0.2868823E+0000   0.1265502E+0002   0.2484502E-0009   0.3057097E-0010   0.7987261E-0008  -0.2812226E+0002
     7.54500   0.1727825E+0001   0.2874771E+0000   0.1265502E+0002   0.2493574E-0009   0.1814422E-0009   0.1483042E-0007  -0.2812226E+0002
     7.55000   0.1729266E+0001   0.2880715E+0000   0.1265502E+0002   0.2510453E-0009   0.3375911E-0009   0.2186090E-0007  -0.2812226E+0002
     7.55500   0.1730709E+0001   0.2886627E+0000   0.1265502E+0002   0.2535386E-0009   0.4986501E-0009   0.2906185E-0007  -0.2812226E+0002
     7.56000   0.1732155E+0001   0.2892471E+0000   0.1265502E+0002   0.2568598E-0009   0.6642467E-0009   0.3641642E-0007  -0.2812226E+0002
     7.56500   0.1733604E+0001   0.2898208E+0000   0.1265502E+0002   0.2610298E-0009   0.8339960E-0009   0.4390777E-0007  -0.2812226E+0002
     7.57000   0.1735056E+0001   0.2903795E+0000   0.1265502E+0002   0.2660673E-0009   0.1007499E-0008   0.5151871E-0007  -0.2812226E+0002
     7.57500   0.1736511E+0001   0.2909184E+0000   0.1265502E+0002   0.2719890E-0009   0.1184332E-0008   0.5923169E-0007  -0.2812226E+0002
     7.58000   0.1737968E+0001   0.2914322E+0000   0.1265502E+0002   0.2788092E-0009   0.1364046E-0008   0.6702823E-0007  -0.2812226E+0002
     7.58500   0.1739428E+0001   0.2919152E+0000   0.1265502E+0002   0.2865399E-0009   0.1546150E-0008   0.7488882E-0007  -0.2812226E+0002
     7.59000   0.1740889E+0001   0.2923609E+0000   0.1265502E+0002   0.2951905E-0009   0.1730109E-0008   0.8279255E-0007  -0.2812226E+0002
     7.59500   0.1742353E+0001   0.2927624E+0000   0.1265502E+0002   0.3047671E-0009   0.1915331E-0008   0.9071691E-0007  -0.2812226E+0002
     7.60000   0.1743819E+0001   0.2931122E+0000   0.1265502E+0002   0.3152729E-0009   0.2101161E-0008   0.9863749E-0007  -0.2812226E+0002
     7.60500   0.1745286E+0001   0.2934023E+0000   0.1265502E+0002   0.3267073E-0009   0.2286877E-0008   0.1065280E-0006  -0.2812226E+0002
     7.61000   0.1746754E+0001   0.2936239E+0000   0.1265502E+0002   0.3390657E-0009   0.2471680E-0008   0.1143599E-0006  -0.2812226E+0002
     7.61500   0.1748223E+0001   0.2937677E+0000   0.1265502E+0002   0.3523392E-0009   0.2654698E-0008   0.1221029E-0006  -0.2812226E+0002
     7.62000   0.1749692E+0001   0.2938237E+0000   0.1265502E+0002   0.3665141E-0009   0.2834980E-0008   0.1297246E-0006  -0.2812226E+0002
     7.62500   0.1751161E+0001   0.2937814E+0000   0.1265502E+0002   0.3815716E-0009   0.3011507E-0008   0.1371910E-0006  -0.2812226E+0002
     7.63000   0.1752629E+0001   0.2936298E+0000   0.1265502E+0002   0.3974876E-0009   0.3183192E-0008   0.1444667E-0006  -0.2812226E+0002
     7.63500   0.1754096E+0001   0.2933573E+0000   0.1265502E+0002   0.4142321E-0009   0.3348897E-0008   0.1515154E-0006  -0.2812226E+0002
     7.64000   0.1755560E+0001   0.2929520E+0000   0.1265502E+0002   0.4317693E-0009   0.3507442E-0008   0.1583003E-0006  -0.2812226E+0002
     7.64500   0.1757022E+0001   0.2924019E+0000   0.1265502E+0002   0.4500574E-0009   0.3657624E-0008   0.1647847E-0006  -0.2812226E+0002
     7.65000   0.1758481E+0001   0.2916946E+0000   0.1265502E+0002   0.4690486E-0009   0.3798242E-0008   0.1709330E-0006  -0.2812226E+0002
     7.65500   0.1759935E+0001   0.2908181E+0000   0.1265502E+0002   0.4886892E-0009   0.3928117E-0008   0.1767104E-0006  -0.2812226E+0002
     7.66000   0.1761384E+0001   0.2897603E+0000   0.1265502E+0002   0.5089198E-0009   0.4046115E-0008   0.1820849E-0006  -0.2812226E+0002
     7.66500   0.1762826E+0001   0.2885099E+0000   0.1265502E+0002   0.5296757E-0009   0.4151183E-0008   0.1870269E-0006  -0.2812226E+0002
     7.67000   0.1764262E+0001   0.2870562E+0000   0.1265502E+0002   0.5508875E-0009   0.4242367E-0008   0.1915104E-0006  -0.2812226E+0002
     7.67500   0.1765689E+0001   0.2853895E+0000   0.1265502E+0002   0.5724818E-0009   0.4318846E-0008   0.1955136E-0006  -0.2812226E+0002
     7.68000   0.1767106E+0001   0.2835014E+0000   0.1265502E+0002   0.5943815E-0009   0.4379952E-0008   0.1990190E-0006  -0.2812226E+0002
     7.68500   0.1768513E+0001   0.2813850E+0000   0.1265502E+0002   0.6165075E-0009   0.4425198E-0008   0.2020147E-0006  -0.2812226E+0002
     7.69000   0.1769908E+0001   0.2790351E+0000   0.1265502E+0002   0.6387790E-0009   0.4454296E-0008   0.2044937E-0006  -0.2812226E+0002
     7.69500   0.1771290E+0001   0.2764490E+0000   0.1265502E+0002   0.6611148E-0009   0.4467167E-0008   0.2064550E-0006  -0.2812226E+0002
     7.70000   0.1772659E+0001   0.2736260E+0000   0.1265502E+0002   0.6834346E-0009   0.4463957E-0008   0.2079033E-0006  -0.2812226E+0002
     7.70500   0.1774011E+0001   0.2705682E+0000   0.1265502E+0002   0.7056598E-0009   0.4445037E-0008   0.2088492E-0006  -0.2812226E+0002
     7.71000   0.1775348E+0001   0.2672804E+0000   0.1265502E+0002   0.7277148E-0009   0.4411001E-0008   0.2093086E-0006  -0.2812226E+0002
     7.71500   0.1776667E+0001   0.2637707E+0000   0.1265502E+0002   0.7495281E-0009   0.4362654E-0008   0.2093030E-0006  -0.2812226E+0002
     7.72000   0.1777967E+0001   0.2600499E+0000   0.1265502E+0002   0.7710331E-0009   0.4301000E-0008   0.2088588E-0006  -0.2812226E+0002
     7.72500   0.1779248E+0001   0.2561325E+0000   0.1265502E+0002   0.7921692E-0009   0.4227220E-0008   0.2080067E-0006  -0.2812226E+0002
     7.73000   0.1780508E+0001   0.2520359E+0000   0.1265502E+0002   0.8128824E-0009   0.4142638E-0008   0.2067811E-0006  -0.2812226E+0002
     7.73500   0.1781747E+0001   0.2477807E+0000   0.1265502E+0002   0.8331259E-0009   0.4048701E-0008   0.2052195E-0006  -0.2812226E+0002
     7.74000   0.1782964E+0001   0.2433907E+0000   0.1265502E+0002   0.8528605E-0009   0.3946933E-0008   0.2033616E-0006  -0.2812226E+0002
     7.74500   0.1784158E+0001   0.2388922E+0000   0.1265502E+0002   0.8720551E-0009   0.3838912E-0008   0.2012483E-0006  -0.2812226E+0002
     7.75000   0.1785330E+0001   0.2343142E+0000   0.1265502E+0002   0.8906862E-0009   0.3726217E-0008   0.1989213E-0006  -0.2812226E+0002
     7.75500   0.1786478E+0001   0.2296877E+0000   0.1265502E+0002   0.9087382E-0009   0.3610407E-0008   0.1964214E-0006  -0.2812226E+0002
     7.76000   0.1787603E+0001   0.2250454E+0000   0.1265502E+0002   0.9262031E-0009   0.3492981E-0008   0.1937884E-0006  -0.2812226E+0002
     7.76500   0.1788705E+0001   0.2204210E+0000   0.1265502E+0002   0.9430798E-0009   0.3375343E-0008   0.1910598E-0006  -0.2812226E+0002
     7.77000   0.1789785E+0001   0.2158488E+0000   0.1265502E+0002   0.9593738E-0009   0.3258789E-0008   0.1882701E-0006  -0.2812226E+0002
     7.77500   0.1790842E+0001   0.2113630E+0000   0.1265502E+0002   0.9750961E-0009   0.3144471E-0008   0.1854505E-0006  -0.2812226E+0002
     7.78000   0.1791877E+0001   0.2069969E+0000   0.1265502E+0002   0.9902631E-0009   0.3033396E-0008   0.1826275E-0006  -0.2812226E+0002
     7.78500   0.1792890E+0001   0.2027824E+0000   0.1265502E+0002   0.1004895E-0008   0.2926400E-0008   0.1798230E-0006  -0.2812226E+0002
     7.79000   0.1793884E+0001   0.1987495E+0000   0.1265502E+0002   0.1019016E-0008   0.2824155E-0008   0.1770542E-0006  -0.2812226E+0002
     7.79500   0.1794859E+0001   0.1949252E+0000   0.1265502E+0002   0.1032652E-0008   0.2727166E-0008   0.1743329E-0006  -0.2812226E+0002
     7.80000   0.1795815E+0001   0.1913334E+0000   0.1265502E+0002   0.1045831E-0008   0.2635768E-0008   0.1716656E-0006  -0.2812226E+0002
     7.80500   0.1796755E+0001   0.1879940E+0000   0.1265502E+0002   0.1058581E-0008   0.2550143E-0008   0.1690539E-0006  -0.2812226E+0002
     7.81000   0.1797680E+0001   0.1849230E+0000   0.1265502E+0002   0.1070933E-0008   0.2470321E-0008   0.1664948E-0006  -0.2812226E+0002
     7.81500   0.1798591E+0001   0.1821314E+0000   0.1265502E+0002   0.1082914E-0008   0.2396198E-0008   0.1639807E-0006  -0.2812226E+0002
     7.82000   0.1799489E+0001   0.1796259E+0000   0.1265502E+0002   0.1094552E-0008   0.2327549E-0008   0.1615005E-0006  -0.2812226E+0002
     7.82500   0.1800376E+0001   0.1774081E+0000   0.1265502E+0002   0.1105872E-0008   0.2264042E-0008   0.1590401E-0006  -0.2812226E+0002
     7.83000   0.1801253E+0001   0.1754750E+0000   0.1265502E+0002   0.1116898E-0008   0.2205257E-0008   0.1565832E-0006  -0.2812226E+0002
     7.83500   0.1802122E+0001   0.1738190E+0000   0.1265502E+0002   0.1127652E-0008   0.2150700E-0008   0.1541122E-0006  -0.2812226E+0002
     7.84000   0.1802984E+0001   0.1724283E+0000   0.1265502E+0002   0.1138151E-0008   0.2099824E-0008   0.1516090E-0006  -0.2812226E+0002
     7.84500   0.1803841E+0001   0.1712872E+0000   0.1265502E+0002   0.1148411E-0008   0.2052046E-0008   0.1490560E-0006  -0.2812226E+0002
     7.85000   0.1804693E+0001   0.1703767E+0000   0.1265502E+0002   0.1158445E-0008   0.2006767E-0008   0.1464369E-0006  -0.2812226E+0002
     7.85500   0.1805541E+0001   0.1696752E+0000   0.1265502E+0002   0.1168262E-0008   0.1963388E-0008   0.1437375E-0006  -0.2812226E+0002
     7.86000   0.1806387E+0001   0.1691590E+0000   0.1265502E+0002   0.1177868E-0008   0.1921332E-0008   0.1409464E-0006  -0.2812226E+0002
     7.86500   0.1807231E+0001   0.1688032E+0000   0.1265502E+0002   0.1187269E-0008   0.1880061E-0008   0.1380555E-0006  -0.2812226E+0002
     7.87000   0.1808074E+0001   0.1685823E+0000   0.1265502E+0002   0.1196464E-0008   0.1839089E-0008   0.1350606E-0006  -0.2812226E+0002
     7.87500   0.1808916E+0001   0.1684707E+0000   0.1265502E+0002   0.1205454E-0008   0.1798002E-0008   0.1319617E-0006  -0.2812226E+0002
     7.88000   0.1809758E+0001   0.1684437E+0000   0.1265502E+0002   0.1214236E-0008   0.1756467E-0008   0.1287630E-0006  -0.2812226E+0002
     7.88500   0.1810601E+0001   0.1684781E+0000   0.1265502E+0002   0.1222808E-0008   0.1714240E-0008   0.1254730E-0006  -0.2812226E+0002
     7.89000   0.1811444E+0001   0.1685523E+0000   0.1265502E+0002   0.1231164E-0008   0.1671176E-0008   0.1221042E-0006  -0.2812226E+0002
     7.89500   0.1812287E+0001   0.1686472E+0000   0.1265502E+0002   0.1239300E-0008   0.1627223E-0008   0.1186730E-0006  -0.2812226E+0002
     7.90000   0.1813131E+0001   0.1687462E+0000   0.1265502E+0002   0.1247212E-0008   0.1582425E-0008   0.1151991E-0006  -0.2812226E+0002
     7.90500   0.1813975E+0001   0.1688355E+0000   0.1265502E+0002   0.1254896E-0008   0.1536916E-0008   0.1117050E-0006  -0.2812226E+0002
     7.91000   0.1814819E+0001   0.1689042E+0000   0.1265502E+0002   0.1262351E-0008   0.1490906E-0008   0.1082153E-0006  -0.2812226E+0002
     7.91500   0.1815664E+0001   0.1689445E+0000   0.1265502E+0002   0.1269574E-0008   0.1444675E-0008   0.1047562E-0006  -0.2812226E+0002
     7.92000   0.1816509E+0001   0.1689510E+0000   0.1265502E+0002   0.1276567E-0008   0.1398550E-0008   0.1013546E-0006  -0.2812226E+0002
     7.92500   0.1817353E+0001   0.1689212E+0000   0.1265502E+0002   0.1283332E-0008   0.1352897E-0008   0.9803733E-0007  -0.2812226E+0002
     7.93000   0.1818198E+0001   0.1688546E+0000   0.1265502E+0002   0.1289872E-0008   0.1308102E-0008   0.9483063E-0007  -0.2812226E+0002
     7.93500   0.1819041E+0001   0.1687528E+0000   0.1265502E+0002   0.1296195E-0008   0.1264552E-0008   0.9175937E-0007  -0.2812226E+0002
     7.94000   0.1819885E+0001   0.1686188E+0000   0.1265502E+0002   0.1302308E-0008   0.1222626E-0008   0.8884641E-0007  -0.2812226E+0002
     7.94500   0.1820727E+0001   0.1684569E+0000   0.1265502E+0002   0.1308221E-0008   0.1182676E-0008   0.8611204E-0007  -0.2812226E+0002
     7.95000   0.1821568E+0001   0.1682719E+0000   0.1265502E+0002   0.1313946E-0008   0.1145019E-0008   0.8357358E-0007  -0.2812226E+0002
     7.95500   0.1822408E+0001   0.1680692E+0000   0.1265502E+0002   0.1319496E-0008   0.1109927E-0008   0.8124493E-0007  -0.2812226E+0002
     7.96000   0.1823248E+0001   0.1678540E+0000   0.1265502E+0002   0.1324884E-0008   0.1077619E-0008   0.7913638E-0007  -0.2812226E+0002
     7.96500   0.1824086E+0001   0.1676313E+0000   0.1265502E+0002   0.1330125E-0008   0.1048259E-0008   0.7725440E-0007  -0.2812226E+0002
     7.97000   0.1824923E+0001   0.1674055E+0000   0.1265502E+0002   0.1335235E-0008   0.1021952E-0008   0.7560175E-0007  -0.2812226E+0002
     7.97500   0.1825759E+0001   0.1671806E+0000   0.1265502E+0002   0.1340229E-0008   0.9987455E-0009   0.7417733E-0007  -0.2812226E+0002
     7.98000   0.1826594E+0001   0.1669594E+0000   0.1265502E+0002   0.1345122E-0008   0.9786315E-0009   0.7297635E-0007  -0.2812226E+0002
     7.98500   0.1827427E+0001   0.1667441E+0000   0.1265502E+0002   0.1349930E-0008   0.9615457E-0009   0.7199083E-0007  -0.2812226E+0002
     7.99000   0.1828260E+0001   0.1665363E+0000   0.1265502E+0002   0.1354667E-0008   0.9473779E-0009   0.7120953E-0007  -0.2812226E+0002
     7.99500   0.1829092E+0001   0.1663365E+0000   0.1265502E+0002   0.1359347E-0008   0.9359722E-0009   0.7061863E-0007  -0.2812226E+0002
     8.00000   0.1829922E+0001   0.1661450E+0000   0.1265502E+0002   0.1363982E-0008   0.9271366E-0009   0.7020181E-0007  -0.2812226E+0002
     8.00500   0.1830752E+0001   0.1659613E+0000   0.1265502E+0002   0.1368585E-0008   0.9206452E-0009   0.6994087E-0007  -0.2812226E+0002
     8.01000   0.1831581E+0001   0.1657847E+0000   0.1265502E+0002   0.1373167E-0008   0.9162475E-0009   0.6981601E-0007  -0.2812226E+0002
     8.01500   0.1832409E+0001   0.1656145E+0000   0.1265502E+0002   0.1377735E-0008   0.9136725E-0009   0.6980639E-0007  -0.2812226E+0002
     8.02000   0.1833237E+0001   0.1654495E+0000   0.1265502E+0002   0.1382298E-0008   0.9126367E-0009   0.6989047E-0007  -0.2812226E+0002
     8.02500   0.1834063E+0001   0.1652890E+0000   0.1265502E+0002   0.1386862E-0008   0.9128492E-0009   0.7004631E-0007  -0.2812226E+0002
     8.03000   0.1834889E+0001   0.1651319E+0000   0.1265502E+0002   0.1391433E-0008   0.9140155E-0009   0.7025206E-0007  -0.2812226E+0002
     8.03500   0.1835713E+0001   0.1649777E+0000   0.1265502E+0002   0.1396012E-0008   0.9158442E-0009   0.7048607E-0007  -0.2812226E+0002
     8.04000   0.1836538E+0001   0.1648258E+0000   0.1265502E+0002   0.1400602E-0008   0.9180485E-0009   0.7072736E-0007  -0.2812226E+0002
     8.04500   0.1837361E+0001   0.1646757E+0000   0.1265502E+0002   0.1405204E-0008   0.9203524E-0009   0.7095573E-0007  -0.2812226E+0002
     8.05000   0.1838184E+0001   0.1645271E+0000   0.1265502E+0002   0.1409816E-0008   0.9224912E-0009   0.7115208E-0007  -0.2812226E+0002
     8.05500   0.1839006E+0001   0.1643800E+0000   0.1265502E+0002   0.1414437E-0008   0.9242165E-0009   0.7129849E-0007  -0.2812226E+0002
     8.06000   0.1839827E+0001   0.1642340E+0000   0.1265502E+0002   0.1419064E-0008   0.9252961E-0009   0.7137857E-0007  -0.2812226E+0002
     8.06500   0.1840647E+0001   0.1640892E+0000   0.1265502E+0002   0.1423691E-0008   0.9255187E-0009   0.7137751E-0007  -0.2812226E+0002
     8.07000   0.1841467E+0001   0.1639455E+0000   0.1265502E+0002   0.1428315E-0008   0.9246939E-0009   0.7128216E-0007  -0.2812226E+0002
     8.07500   0.1842286E+0001   0.1638026E+0000   0.1265502E+0002   0.1432928E-0008   0.9226542E-0009   0.7108125E-0007  -0.2812226E+0002
     8.08000   0.1843104E+0001   0.1636606E+0000   0.1265502E+0002   0.1437524E-0008   0.9192556E-0009   0.7076550E-0007  -0.2812226E+0002
     8.08500   0.1843922E+0001   0.1635191E+0000   0.1265502E+0002   0.1442096E-0008   0.9143814E-0009   0.7032781E-0007  -0.2812226E+0002
     8.09000   0.1844739E+0001   0.1633782E+0000   0.1265502E+0002   0.1446636E-0008   0.9079429E-0009   0.6976332E-0007  -0.2812226E+0002
     8.09500   0.1845555E+0001   0.1632377E+0000   0.1265502E+0002   0.1451135E-0008   0.8998806E-0009   0.6906964E-0007  -0.2812226E+0002
     8.10000   0.1846370E+0001   0.1630976E+0000   0.1265502E+0002   0.1455586E-0008   0.8901678E-0009   0.6824670E-0007  -0.2812226E+0002
     8.10500   0.1847185E+0001   0.1629578E+0000   0.1265502E+0002   0.1459980E-0008   0.8788078E-0009   0.6729719E-0007  -0.2812226E+0002
     8.11000   0.1847999E+0001   0.1628184E+0000   0.1265502E+0002   0.1464310E-0008   0.8658402E-0009   0.6622623E-0007  -0.2812226E+0002
     8.11500   0.1848813E+0001   0.1626798E+0000   0.1265502E+0002   0.1468566E-0008   0.8513359E-0009   0.6504169E-0007  -0.2812226E+0002
     8.12000   0.1849625E+0001   0.1625422E+0000   0.1265502E+0002   0.1472743E-0008   0.8354013E-0009   0.6375395E-0007  -0.2812226E+0002
     8.12500   0.1850437E+0001   0.1624059E+0000   0.1265502E+0002   0.1476834E-0008   0.8181751E-0009   0.6237594E-0007  -0.2812226E+0002
     8.13000   0.1851249E+0001   0.1622716E+0000   0.1265502E+0002   0.1480833E-0008   0.7998283E-0009   0.6092299E-0007  -0.2812226E+0002
     8.13500   0.1852059E+0001   0.1621395E+0000   0.1265502E+0002   0.1484736E-0008   0.7805620E-0009   0.5941256E-0007  -0.2812226E+0002
     8.14000   0.1852869E+0001   0.1620103E+0000   0.1265502E+0002   0.1488539E-0008   0.7606034E-0009   0.5786413E-0007  -0.2812226E+0002
     8.14500   0.1853679E+0001   0.1618844E+0000   0.1265502E+0002   0.1492240E-0008   0.7402046E-0009   0.5629887E-0007  -0.2812226E+0002
     8.15000   0.1854488E+0001   0.1617622E+0000   0.1265502E+0002   0.1495838E-0008   0.7196378E-0009   0.5473922E-0007  -0.2812226E+0002
     8.15500   0.1855296E+0001   0.1616439E+0000   0.1265502E+0002   0.1499334E-0008   0.6991898E-0009   0.5320867E-0007  -0.2812226E+0002
     8.16000   0.1856104E+0001   0.1615296E+0000   0.1265502E+0002   0.1502730E-0008   0.6791595E-0009   0.5173121E-0007  -0.2812226E+0002
     8.16500   0.1856911E+0001   0.1614194E+0000   0.1265502E+0002   0.1506029E-0008   0.6598504E-0009   0.5033100E-0007  -0.2812226E+0002
     8.17000   0.1857717E+0001   0.1613130E+0000   0.1265502E+0002   0.1509237E-0008   0.6415672E-0009   0.4903194E-0007  -0.2812226E+0002
     8.17500   0.1858523E+0001   0.1612102E+0000   0.1265502E+0002   0.1512360E-0008   0.6246099E-0009   0.4785717E-0007  -0.2812226E+0002
     8.18000   0.1859329E+0001   0.1611106E+0000   0.1265502E+0002   0.1515406E-0008   0.6092679E-0009   0.4682875E-0007  -0.2812226E+0002
     8.18500   0.1860134E+0001   0.1610136E+0000   0.1265502E+0002   0.1518386E-0008   0.5958165E-0009   0.4596719E-0007  -0.2812226E+0002
     8.19000   0.1860939E+0001   0.1609189E+0000   0.1265502E+0002   0.1521308E-0008   0.5845103E-0009   0.4529110E-0007  -0.2812226E+0002
     8.19500   0.1861743E+0001   0.1608258E+0000   0.1265502E+0002   0.1524186E-0008   0.5755802E-0009   0.4481697E-0007  -0.2812226E+0002
     8.20000   0.1862546E+0001   0.1607339E+0000   0.1265502E+0002   0.1527032E-0008   0.5692293E-0009   0.4455883E-0007  -0.2812226E+0002
     8.20500   0.1863350E+0001   0.1606428E+0000   0.1265502E+0002   0.1529860E-0008   0.5656299E-0009   0.4452811E-0007  -0.2812226E+0002
     8.21000   0.1864152E+0001   0.1605522E+0000   0.1265502E+0002   0.1532685E-0008   0.5649210E-0009   0.4473351E-0007  -0.2812226E+0002
     8.21500   0.1864955E+0001   0.1604618E+0000   0.1265502E+0002   0.1535521E-0008   0.5672073E-0009   0.4518103E-0007  -0.2812226E+0002
     8.22000   0.1865756E+0001   0.1603715E+0000   0.1265502E+0002   0.1538384E-0008   0.5725594E-0009   0.4587385E-0007  -0.2812226E+0002
     8.22500   0.1866558E+0001   0.1602813E+0000   0.1265502E+0002   0.1541289E-0008   0.5810123E-0009   0.4681254E-0007  -0.2812226E+0002
     8.23000   0.1867359E+0001   0.1601912E+0000   0.1265502E+0002   0.1544252E-0008   0.5925680E-0009   0.4799510E-0007  -0.2812226E+0002
     8.23500   0.1868159E+0001   0.1601013E+0000   0.1265502E+0002   0.1547288E-0008   0.6071962E-0009   0.4941706E-0007  -0.2812226E+0002
     8.24000   0.1868959E+0001   0.1600117E+0000   0.1265502E+0002   0.1550412E-0008   0.6248358E-0009   0.5107188E-0007  -0.2812226E+0002
     8.24500   0.1869759E+0001   0.1599223E+0000   0.1265502E+0002   0.1553639E-0008   0.6453989E-0009   0.5295100E-0007  -0.2812226E+0002
     8.25000   0.1870558E+0001   0.1598333E+0000   0.1265502E+0002   0.1556983E-0008   0.6687730E-0009   0.5504410E-0007  -0.2812226E+0002
     8.25500   0.1871357E+0001   0.1597446E+0000   0.1265502E+0002   0.1560457E-0008   0.6948230E-0009   0.5733942E-0007  -0.2812226E+0002
     8.26000   0.1872155E+0001   0.1596560E+0000   0.1265502E+0002   0.1564074E-0008   0.7233956E-0009   0.5982393E-0007  -0.2812226E+0002
     8.26500   0.1872953E+0001   0.1595676E+0000   0.1265502E+0002   0.1567845E-0008   0.7543222E-0009   0.6248362E-0007  -0.2812226E+0002
     8.27000   0.1873750E+0001   0.1594791E+0000   0.1265502E+0002   0.1571782E-0008   0.7874215E-0009   0.6530385E-0007  -0.2812226E+0002
     8.27500   0.1874547E+0001   0.1593904E+0000   0.1265502E+0002   0.1575895E-0008   0.8225045E-0009   0.6826936E-0007  -0.2812226E+0002
     8.28000   0.1875344E+0001   0.1593014E+0000   0.1265502E+0002   0.1580192E-0008   0.8593750E-0009   0.7136477E-0007  -0.2812226E+0002
     8.28500   0.1876140E+0001   0.1592120E+0000   0.1265502E+0002   0.1584681E-0008   0.8978356E-0009   0.7457459E-0007  -0.2812226E+0002
     8.29000   0.1876936E+0001   0.1591221E+0000   0.1265502E+0002   0.1589369E-0008   0.9376887E-0009   0.7788336E-0007  -0.2812226E+0002
     8.29500   0.1877731E+0001   0.1590319E+0000   0.1265502E+0002   0.1594263E-0008   0.9787375E-0009   0.8127607E-0007  -0.2812226E+0002
     8.30000   0.1878525E+0001   0.1589415E+0000   0.1265502E+0002   0.1599367E-0008   0.1020792E-0008   0.8473806E-0007  -0.2812226E+0002
     8.30500   0.1879320E+0001   0.1588511E+0000   0.1265502E+0002   0.1604685E-0008   0.1063668E-0008   0.8825526E-0007  -0.2812226E+0002
     8.31000   0.1880113E+0001   0.1587610E+0000   0.1265502E+0002   0.1610221E-0008   0.1107189E-0008   0.9181425E-0007  -0.2812226E+0002
     8.31500   0.1880907E+0001   0.1586714E+0000   0.1265502E+0002   0.1615977E-0008   0.1151187E-0008   0.9540245E-0007  -0.2812226E+0002
     8.32000   0.1881700E+0001   0.1585827E+0000   0.1265502E+0002   0.1621955E-0008   0.1195509E-0008   0.9900804E-0007  -0.2812226E+0002
     8.32500   0.1882492E+0001   0.1584952E+0000   0.1265502E+0002   0.1628155E-0008   0.1240006E-0008   0.1026201E-0006  -0.2812226E+0002
     8.33000   0.1883284E+0001   0.1584091E+0000   0.1265502E+0002   0.1634578E-0008   0.1284546E-0008   0.1062286E-0006  -0.2812226E+0002
     8.33500   0.1884076E+0001   0.1583245E+0000   0.1265502E+0002   0.1641223E-0008   0.1329006E-0008   0.1098245E-0006  -0.2812226E+0002
     8.34000   0.1884867E+0001   0.1582415E+0000   0.1265502E+0002   0.1648089E-0008   0.1373273E-0008   0.1133995E-0006  -0.2812226E+0002
     8.34500   0.1885658E+0001   0.1581602E+0000   0.1265502E+0002   0.1655175E-0008   0.1417246E-0008   0.1169463E-0006  -0.2812226E+0002
     8.35000   0.1886448E+0001   0.1580804E+0000   0.1265502E+0002   0.1662479E-0008   0.1460837E-0008   0.1204586E-0006  -0.2812226E+0002
     8.35500   0.1887238E+0001   0.1580020E+0000   0.1265502E+0002   0.1669999E-0008   0.1503965E-0008   0.1239308E-0006  -0.2812226E+0002
     8.36000   0.1888028E+0001   0.1579250E+0000   0.1265502E+0002   0.1677732E-0008   0.1546562E-0008   0.1273583E-0006  -0.2812226E+0002
     8.36500   0.1888817E+0001   0.1578490E+0000   0.1265502E+0002   0.1685675E-0008   0.1588570E-0008   0.1307371E-0006  -0.2812226E+0002
     8.37000   0.1889606E+0001   0.1577740E+0000   0.1265502E+0002   0.1693825E-0008   0.1629939E-0008   0.1340640E-0006  -0.2812226E+0002
     8.37500   0.1890395E+0001   0.1576998E+0000   0.1265502E+0002   0.1702178E-0008   0.1670631E-0008   0.1373365E-0006  -0.2812226E+0002
     8.38000   0.1891183E+0001   0.1576263E+0000   0.1265502E+0002   0.1710731E-0008   0.1710614E-0008   0.1405528E-0006  -0.2812226E+0002
     8.38500   0.1891970E+0001   0.1575535E+0000   0.1265502E+0002   0.1719480E-0008   0.1749867E-0008   0.1437115E-0006  -0.2812226E+0002
     8.39000   0.1892758E+0001   0.1574814E+0000   0.1265502E+0002   0.1728422E-0008   0.1788372E-0008   0.1468116E-0006  -0.2812226E+0002
     8.39500   0.1893545E+0001   0.1574099E+0000   0.1265502E+0002   0.1737553E-0008   0.1826122E-0008   0.1498528E-0006  -0.2812226E+0002
     8.40000   0.1894332E+0001   0.1573392E+0000   0.1265502E+0002   0.1746868E-0008   0.1863112E-0008   0.1528347E-0006  -0.2812226E+0002
     8.40500   0.1895118E+0001   0.1572692E+0000   0.1265502E+0002   0.1756365E-0008   0.1899341E-0008   0.1557574E-0006  -0.2812226E+0002
     8.41000   0.1895904E+0001   0.1572000E+0000   0.1265502E+0002   0.1766039E-0008   0.1934811E-0008   0.1586210E-0006  -0.2812226E+0002
     8.41500   0.1896690E+0001   0.1571315E+0000   0.1265502E+0002   0.1775887E-0008   0.1969524E-0008   0.1614258E-0006  -0.2812226E+0002
     8.42000   0.1897475E+0001   0.1570638E+0000   0.1265502E+0002   0.1785904E-0008   0.2003485E-0008   0.1641719E-0006  -0.2812226E+0002
     8.42500   0.1898260E+0001   0.1569966E+0000   0.1265502E+0002   0.1796088E-0008   0.2036696E-0008   0.1668595E-0006  -0.2812226E+0002
     8.43000   0.1899045E+0001   0.1569300E+0000   0.1265502E+0002   0.1806433E-0008   0.2069160E-0008   0.1694888E-0006  -0.2812226E+0002
     8.43500   0.1899829E+0001   0.1568637E+0000   0.1265502E+0002   0.1816938E-0008   0.2100877E-0008   0.1720597E-0006  -0.2812226E+0002
     8.44000   0.1900613E+0001   0.1567975E+0000   0.1265502E+0002   0.1827597E-0008   0.2131845E-0008   0.1745722E-0006  -0.2812226E+0002
     8.44500   0.1901397E+0001   0.1567314E+0000   0.1265502E+0002   0.1838407E-0008   0.2162062E-0008   0.1770259E-0006  -0.2812226E+0002
     8.45000   0.1902180E+0001   0.1566651E+0000   0.1265502E+0002   0.1849365E-0008   0.2191524E-0008   0.1794203E-0006  -0.2812226E+0002
     8.45500   0.1902963E+0001   0.1565985E+0000   0.1265502E+0002   0.1860466E-0008   0.2220223E-0008   0.1817550E-0006  -0.2812226E+0002
     8.46000   0.1903745E+0001   0.1565316E+0000   0.1265502E+0002   0.1871707E-0008   0.2248152E-0008   0.1840291E-0006  -0.2812226E+0002
     8.46500   0.1904528E+0001   0.1564644E+0000   0.1265502E+0002   0.1883083E-0008   0.2275302E-0008   0.1862416E-0006  -0.2812226E+0002
     8.47000   0.1905310E+0001   0.1563968E+0000   0.1265502E+0002   0.1894592E-0008   0.2301663E-0008   0.1883913E-0006  -0.2812226E+0002
     8.47500   0.1906091E+0001   0.1563289E+0000   0.1265502E+0002   0.1906228E-0008   0.2327220E-0008   0.1904768E-0006  -0.2812226E+0002
     8.48000   0.1906873E+0001   0.1562608E+0000   0.1265502E+0002   0.1917987E-0008   0.2351957E-0008   0.1924962E-0006  -0.2812226E+0002
     8.48500   0.1907654E+0001   0.1561925E+0000   0.1265502E+0002   0.1929867E-0008   0.2375854E-0008   0.1944473E-0006  -0.2812226E+0002
     8.49000   0.1908434E+0001   0.1561242E+0000   0.1265502E+0002   0.1941861E-0008   0.2398886E-0008   0.1963276E-0006  -0.2812226E+0002
     8.49500   0.1909215E+0001   0.1560560E+0000   0.1265502E+0002   0.1953966E-0008   0.2421023E-0008   0.1981340E-0006  -0.2812226E+0002
     8.50000   0.1909995E+0001   0.1559877E+0000   0.1265502E+0002   0.1966177E-0008   0.2442229E-0008   0.1998630E-0006  -0.2812226E+0002
     8.50500   0.1910774E+0001   0.1559194E+0000   0.1265502E+0002   0.1978490E-0008   0.2462463E-0008   0.2015107E-0006  -0.2812226E+0002
     8.51000   0.1911553E+0001   0.1558510E+0000   0.1265502E+0002   0.1990898E-0008   0.2481676E-0008   0.2030731E-0006  -0.2812226E+0002
     8.51500   0.1912332E+0001   0.1557825E+0000   0.1265502E+0002   0.2003397E-0008   0.2499817E-0008   0.2045456E-0006  -0.2812226E+0002
     8.52000   0.1913111E+0001   0.1557136E+0000   0.1265502E+0002   0.2015981E-0008   0.2516831E-0008   0.2059238E-0006  -0.2812226E+0002
     8.52500   0.1913889E+0001   0.1556442E+0000   0.1265502E+0002   0.2028645E-0008   0.2532659E-0008   0.2072032E-0006  -0.2812226E+0002
     8.53000   0.1914667E+0001   0.1555741E+0000   0.1265502E+0002   0.2041381E-0008   0.2547246E-0008   0.2083796E-0006  -0.2812226E+0002
     8.53500   0.1915444E+0001   0.1555030E+0000   0.1265502E+0002   0.2054184E-0008   0.2560538E-0008   0.2094492E-0006  -0.2812226E+0002
     8.54000   0.1916222E+0001   0.1554309E+0000   0.1265502E+0002   0.2067046E-0008   0.2572487E-0008   0.2104089E-0006  -0.2812226E+0002
     8.54500   0.1916998E+0001   0.1553574E+0000   0.1265502E+0002   0.2079961E-0008   0.2583054E-0008   0.2112565E-0006  -0.2812226E+0002
     8.55000   0.1917775E+0001   0.1552826E+0000   0.1265502E+0002   0.2092922E-0008   0.2592210E-0008   0.2119905E-0006  -0.2812226E+0002
     8.55500   0.1918551E+0001   0.1552063E+0000   0.1265502E+0002   0.2105922E-0008   0.2599938E-0008   0.2126107E-0006  -0.2812226E+0002
     8.56000   0.1919327E+0001   0.1551285E+0000   0.1265502E+0002   0.2118953E-0008   0.2606237E-0008   0.2131179E-0006  -0.2812226E+0002
     8.56500   0.1920102E+0001   0.1550491E+0000   0.1265502E+0002   0.2132009E-0008   0.2611117E-0008   0.2135140E-0006  -0.2812226E+0002
     8.57000   0.1920877E+0001   0.1549682E+0000   0.1265502E+0002   0.2145082E-0008   0.2614605E-0008   0.2138021E-0006  -0.2812226E+0002
     8.57500   0.1921651E+0001   0.1548858E+0000   0.1265502E+0002   0.2158165E-0008   0.2616742E-0008   0.2139863E-0006  -0.2812226E+0002
     8.58000   0.1922425E+0001   0.1548021E+0000   0.1265502E+0002   0.2171253E-0008   0.2617581E-0008   0.2140720E-0006  -0.2812226E+0002
     8.58500   0.1923199E+0001   0.1547170E+0000   0.1265502E+0002   0.2184339E-0008   0.2617189E-0008   0.2140651E-0006  -0.2812226E+0002
     8.59000   0.1923972E+0001   0.1546308E+0000   0.1265502E+0002   0.2197418E-0008   0.2615646E-0008   0.2139728E-0006  -0.2812226E+0002
     8.59500   0.1924744E+0001   0.1545434E+0000   0.1265502E+0002   0.2210483E-0008   0.2613042E-0008   0.2138031E-0006  -0.2812226E+0002
     8.60000   0.1925517E+0001   0.1544550E+0000   0.1265502E+0002   0.2223530E-0008   0.2609476E-0008   0.2135647E-0006  -0.2812226E+0002
     8.60500   0.1926289E+0001   0.1543657E+0000   0.1265502E+0002   0.2236555E-0008   0.2605060E-0008   0.2132670E-0006  -0.2812226E+0002
     8.61000   0.1927060E+0001   0.1542755E+0000   0.1265502E+0002   0.2249555E-0008   0.2599908E-0008   0.2129200E-0006  -0.2812226E+0002
     8.61500   0.1927831E+0001   0.1541844E+0000   0.1265502E+0002   0.2262526E-0008   0.2594145E-0008   0.2125340E-0006  -0.2812226E+0002
     8.62000   0.1928601E+0001   0.1540925E+0000   0.1265502E+0002   0.2275465E-0008   0.2587898E-0008   0.2121198E-0006  -0.2812226E+0002
     8.62500   0.1929371E+0001   0.1539997E+0000   0.1265502E+0002   0.2288372E-0008   0.2581299E-0008   0.2116882E-0006  -0.2812226E+0002
     8.63000   0.1930141E+0001   0.1539059E+0000   0.1265502E+0002   0.2301244E-0008   0.2574478E-0008   0.2112496E-0006  -0.2812226E+0002
     8.63500   0.1930910E+0001   0.1538112E+0000   0.1265502E+0002   0.2314082E-0008   0.2567562E-0008   0.2108140E-0006  -0.2812226E+0002
     8.64000   0.1931679E+0001   0.1537153E+0000   0.1265502E+0002   0.2326885E-0008   0.2560670E-0008   0.2103902E-0006  -0.2812226E+0002
     8.64500   0.1932447E+0001   0.1536181E+0000   0.1265502E+0002   0.2339655E-0008   0.2553908E-0008   0.2099857E-0006  -0.2812226E+0002
     8.65000   0.1933214E+0001   0.1535197E+0000   0.1265502E+0002   0.2352392E-0008   0.2547363E-0008   0.2096062E-0006  -0.2812226E+0002
     8.65500   0.1933981E+0001   0.1534197E+0000   0.1265502E+0002   0.2365097E-0008   0.2541104E-0008   0.2092552E-0006  -0.2812226E+0002
     8.66000   0.1934748E+0001   0.1533180E+0000   0.1265502E+0002   0.2377773E-0008   0.2535168E-0008   0.2089335E-0006  -0.2812226E+0002
     8.66500   0.1935514E+0001   0.1532146E+0000   0.1265502E+0002   0.2390421E-0008   0.2529563E-0008   0.2086393E-0006  -0.2812226E+0002
     8.67000   0.1936280E+0001   0.1531093E+0000   0.1265502E+0002   0.2403042E-0008   0.2524264E-0008   0.2083675E-0006  -0.2812226E+0002
     8.67500   0.1937045E+0001   0.1530019E+0000   0.1265502E+0002   0.2415638E-0008   0.2519208E-0008   0.2081101E-0006  -0.2812226E+0002
     8.68000   0.1937809E+0001   0.1528925E+0000   0.1265502E+0002   0.2428210E-0008   0.2514297E-0008   0.2078560E-0006  -0.2812226E+0002
     8.68500   0.1938573E+0001   0.1527808E+0000   0.1265502E+0002   0.2440757E-0008   0.2509393E-0008   0.2075911E-0006  -0.2812226E+0002
     8.69000   0.1939336E+0001   0.1526670E+0000   0.1265502E+0002   0.2453278E-0008   0.2504326E-0008   0.2072984E-0006  -0.2812226E+0002
     8.69500   0.1940099E+0001   0.1525508E+0000   0.1265502E+0002   0.2465773E-0008   0.2498893E-0008   0.2069586E-0006  -0.2812226E+0002
     8.70000   0.1940861E+0001   0.1524322E+0000   0.1265502E+0002   0.2478237E-0008   0.2492857E-0008   0.2065498E-0006  -0.2812226E+0002
     8.70500   0.1941623E+0001   0.1523113E+0000   0.1265502E+0002   0.2490667E-0008   0.2485959E-0008   0.2060482E-0006  -0.2812226E+0002
     8.71000   0.1942384E+0001   0.1521879E+0000   0.1265502E+0002   0.2503056E-0008   0.2477914E-0008   0.2054282E-0006  -0.2812226E+0002
     8.71500   0.1943144E+0001   0.1520619E+0000   0.1265502E+0002   0.2515398E-0008   0.2468413E-0008   0.2046628E-0006  -0.2812226E+0002
     8.72000   0.1943904E+0001   0.1519332E+0000   0.1265502E+0002   0.2527684E-0008   0.2457133E-0008   0.2037235E-0006  -0.2812226E+0002
     8.72500   0.1944663E+0001   0.1518015E+0000   0.1265502E+0002   0.2539903E-0008   0.2443738E-0008   0.2025814E-0006  -0.2812226E+0002
     8.73000   0.1945421E+0001   0.1516667E+0000   0.1265502E+0002   0.2552042E-0008   0.2427879E-0008   0.2012071E-0006  -0.2812226E+0002
     8.73500   0.1946179E+0001   0.1515283E+0000   0.1265502E+0002   0.2564088E-0008   0.2409208E-0008   0.1995721E-0006  -0.2812226E+0002
     8.74000   0.1946936E+0001   0.1513858E+0000   0.1265502E+0002   0.2576025E-0008   0.2387383E-0008   0.1976491E-0006  -0.2812226E+0002
     8.74500   0.1947692E+0001   0.1512386E+0000   0.1265502E+0002   0.2587836E-0008   0.2362080E-0008   0.1954143E-0006  -0.2812226E+0002
     8.75000   0.1948447E+0001   0.1510858E+0000   0.1265502E+0002   0.2599501E-0008   0.2333013E-0008   0.1928482E-0006  -0.2812226E+0002
     8.75500   0.1949202E+0001   0.1509265E+0000   0.1265502E+0002   0.2611000E-0008   0.2299949E-0008   0.1899386E-0006  -0.2812226E+0002
     8.76000   0.1949956E+0001   0.1507594E+0000   0.1265502E+0002   0.2622314E-0008   0.2262741E-0008   0.1866821E-0006  -0.2812226E+0002
     8.76500   0.1950708E+0001   0.1505832E+0000   0.1265502E+0002   0.2633421E-0008   0.2221347E-0008   0.1830875E-0006  -0.2812226E+0002
     8.77000   0.1951460E+0001   0.1503962E+0000   0.1265502E+0002   0.2644300E-0008   0.2175869E-0008   0.1791776E-0006  -0.2812226E+0002
     8.77500   0.1952211E+0001   0.1501965E+0000   0.1265502E+0002   0.2654933E-0008   0.2126576E-0008   0.1749926E-0006  -0.2812226E+0002
     8.78000   0.1952961E+0001   0.1499820E+0000   0.1265502E+0002   0.2665303E-0008   0.2073939E-0008   0.1705909E-0006  -0.2812226E+0002
     8.78500   0.1953710E+0001   0.1497503E+0000   0.1265502E+0002   0.2675396E-0008   0.2018648E-0008   0.1660514E-0006  -0.2812226E+0002
     8.79000   0.1954458E+0001   0.1494989E+0000   0.1265502E+0002   0.2685204E-0008   0.1961632E-0008   0.1614733E-0006  -0.2812226E+0002
     8.79500   0.1955204E+0001   0.1492249E+0000   0.1265502E+0002   0.2694724E-0008   0.1904055E-0008   0.1569754E-0006  -0.2812226E+0002
     8.80000   0.1955948E+0001   0.1489257E+0000   0.1265502E+0002   0.2703961E-0008   0.1847304E-0008   0.1526932E-0006  -0.2812226E+0002
     8.80500   0.1956691E+0001   0.1485980E+0000   0.1265502E+0002   0.2712926E-0008   0.1792957E-0008   0.1487758E-0006  -0.2812226E+0002
     8.81000   0.1957433E+0001   0.1482390E+0000   0.1265502E+0002   0.2721639E-0008   0.1742737E-0008   0.1453797E-0006  -0.2812226E+0002
     8.81500   0.1958172E+0001   0.1478456E+0000   0.1265502E+0002   0.2730132E-0008   0.1698437E-0008   0.1426625E-0006  -0.2812226E+0002
     8.82000   0.1958909E+0001   0.1474147E+0000   0.1265502E+0002   0.2738441E-0008   0.1661835E-0008   0.1407743E-0006  -0.2812226E+0002
     8.82500   0.1959644E+0001   0.1469436E+0000   0.1265502E+0002   0.2746614E-0008   0.1634600E-0008   0.1398495E-0006  -0.2812226E+0002
     8.83000   0.1960376E+0001   0.1464297E+0000   0.1265502E+0002   0.2754705E-0008   0.1618183E-0008   0.1399975E-0006  -0.2812226E+0002
     8.83500   0.1961105E+0001   0.1458707E+0000   0.1265502E+0002   0.2762773E-0008   0.1613710E-0008   0.1412944E-0006  -0.2812226E+0002
     8.84000   0.1961831E+0001   0.1452644E+0000   0.1265502E+0002   0.2770883E-0008   0.1621889E-0008   0.1437754E-0006  -0.2812226E+0002
     8.84500   0.1962554E+0001   0.1446092E+0000   0.1265502E+0002   0.2779097E-0008   0.1642925E-0008   0.1474298E-0006  -0.2812226E+0002
     8.85000   0.1963274E+0001   0.1439039E+0000   0.1265502E+0002   0.2787480E-0008   0.1676467E-0008   0.1521974E-0006  -0.2812226E+0002
     8.85500   0.1963990E+0001   0.1431477E+0000   0.1265502E+0002   0.2796087E-0008   0.1721587E-0008   0.1579688E-0006  -0.2812226E+0002
     8.86000   0.1964701E+0001   0.1423403E+0000   0.1265502E+0002   0.2804971E-0008   0.1776792E-0008   0.1645882E-0006  -0.2812226E+0002
     8.86500   0.1965409E+0001   0.1414819E+0000   0.1265502E+0002   0.2814172E-0008   0.1840081E-0008   0.1718597E-0006  -0.2812226E+0002
     8.87000   0.1966112E+0001   0.1405732E+0000   0.1265502E+0002   0.2823717E-0008   0.1909034E-0008   0.1795562E-0006  -0.2812226E+0002
     8.87500   0.1966810E+0001   0.1396153E+0000   0.1265502E+0002   0.2833622E-0008   0.1980937E-0008   0.1874310E-0006  -0.2812226E+0002
     8.88000   0.1967503E+0001   0.1386098E+0000   0.1265502E+0002   0.2843886E-0008   0.2052923E-0008   0.1952305E-0006  -0.2812226E+0002
     8.88500   0.1968191E+0001   0.1375588E+0000   0.1265502E+0002   0.2854497E-0008   0.2122136E-0008   0.2027072E-0006  -0.2812226E+0002
     8.89000   0.1968873E+0001   0.1364646E+0000   0.1265502E+0002   0.2865426E-0008   0.2185880E-0008   0.2096330E-0006  -0.2812226E+0002
     8.89500   0.1969550E+0001   0.1353298E+0000   0.1265502E+0002   0.2876635E-0008   0.2241766E-0008   0.2158092E-0006  -0.2812226E+0002
     8.90000   0.1970220E+0001   0.1341575E+0000   0.1265502E+0002   0.2888074E-0008   0.2287821E-0008   0.2210756E-0006  -0.2812226E+0002
     8.90500   0.1970885E+0001   0.1329507E+0000   0.1265502E+0002   0.2899687E-0008   0.2322569E-0008   0.2253150E-0006  -0.2812226E+0002
     8.91000   0.1971544E+0001   0.1317127E+0000   0.1265502E+0002   0.2911413E-0008   0.2345065E-0008   0.2284552E-0006  -0.2812226E+0002
     8.91500   0.1972196E+0001   0.1304468E+0000   0.1265502E+0002   0.2923187E-0008   0.2354896E-0008   0.2304668E-0006  -0.2812226E+0002
     8.92000   0.1972842E+0001   0.1291564E+0000   0.1265502E+0002   0.2934948E-0008   0.2352131E-0008   0.2313590E-0006  -0.2812226E+0002
     8.92500   0.1973481E+0001   0.1278448E+0000   0.1265502E+0002   0.2946634E-0008   0.2337258E-0008   0.2311732E-0006  -0.2812226E+0002
     8.93000   0.1974113E+0001   0.1265153E+0000   0.1265502E+0002   0.2958189E-0008   0.2311094E-0008   0.2299762E-0006  -0.2812226E+0002
     8.93500   0.1974739E+0001   0.1251709E+0000   0.1265502E+0002   0.2969563E-0008   0.2274697E-0008   0.2278537E-0006  -0.2812226E+0002
     8.94000   0.1975358E+0001   0.1238147E+0000   0.1265502E+0002   0.2980709E-0008   0.2229285E-0008   0.2249061E-0006  -0.2812226E+0002
     8.94500   0.1975971E+0001   0.1224495E+0000   0.1265502E+0002   0.2991590E-0008   0.2176183E-0008   0.2212461E-0006  -0.2812226E+0002
     8.95000   0.1976576E+0001   0.1210779E+0000   0.1265502E+0002   0.3002174E-0008   0.2116789E-0008   0.2169999E-0006  -0.2812226E+0002
     8.95500   0.1977175E+0001   0.1197024E+0000   0.1265502E+0002   0.3012437E-0008   0.2052577E-0008   0.2123110E-0006  -0.2812226E+0002
     8.96000   0.1977766E+0001   0.1183252E+0000   0.1265502E+0002   0.3022363E-0008   0.1985121E-0008   0.2073458E-0006  -0.2812226E+0002
     8.96500   0.1978351E+0001   0.1169484E+0000   0.1265502E+0002   0.3031943E-0008   0.1916139E-0008   0.2023006E-0006  -0.2812226E+0002
     8.97000   0.1978929E+0001   0.1155739E+0000   0.1265502E+0002   0.3041181E-0008   0.1847542E-0008   0.1974067E-0006  -0.2812226E+0002
     8.97500   0.1979500E+0001   0.1142034E+0000   0.1265502E+0002   0.3050088E-0008   0.1781468E-0008   0.1929347E-0006  -0.2812226E+0002
     8.98000   0.1980064E+0001   0.1128383E+0000   0.1265502E+0002   0.3058690E-0008   0.1720299E-0008   0.1891936E-0006  -0.2812226E+0002
     8.98500   0.1980621E+0001   0.1114798E+0000   0.1265502E+0002   0.3067023E-0008   0.1666633E-0008   0.1865255E-0006  -0.2812226E+0002
     8.99000   0.1981172E+0001   0.1101293E+0000   0.1265502E+0002   0.3075139E-0008   0.1623223E-0008   0.1852950E-0006  -0.2812226E+0002
     8.99500   0.1981716E+0001   0.1087875E+0000   0.1265502E+0002   0.3083104E-0008   0.1592868E-0008   0.1858728E-0006  -0.2812226E+0002
     9.00000   0.1982253E+0001   0.1074553E+0000   0.1265502E+0002   0.3090995E-0008   0.1578268E-0008   0.1886164E-0006  -0.2812226E+0002
     9.00500   0.1982784E+0001   0.1061332E+0000   0.1265502E+0002   0.3098904E-0008   0.1581860E-0008   0.1938472E-0006  -0.2812226E+0002
     9.01000   0.1983308E+0001   0.1048218E+0000   0.1265502E+0002   0.3106932E-0008   0.1605641E-0008   0.2018285E-0006  -0.2812226E+0002
     9.01500   0.1983826E+0001   0.1035214E+0000   0.1265502E+0002   0.3115187E-0008   0.1651011E-0008   0.2127456E-0006  -0.2812226E+0002
     9.02000   0.1984337E+0001   0.1022320E+0000   0.1265502E+0002   0.3123781E-0008   0.1718640E-0008   0.2266902E-0006  -0.2812226E+0002
     9.02500   0.1984842E+0001   0.1009538E+0000   0.1265502E+0002   0.3132823E-0008   0.1808391E-0008   0.2436510E-0006  -0.2812226E+0002
     9.03000   0.1985340E+0001   0.9968646E-0001   0.1265502E+0002   0.3142419E-0008   0.1919294E-0008   0.2635123E-0006  -0.2812226E+0002
     9.03500   0.1985832E+0001   0.9842986E-0001   0.1265502E+0002   0.3152667E-0008   0.2049581E-0008   0.2860589E-0006  -0.2812226E+0002
     9.04000   0.1986318E+0001   0.9718356E-0001   0.1265502E+0002   0.3163651E-0008   0.2196774E-0008   0.3109879E-0006  -0.2812226E+0002
     9.04500   0.1986798E+0001   0.9594705E-0001   0.1265502E+0002   0.3175440E-0008   0.2357829E-0008   0.3379253E-0006  -0.2812226E+0002
     9.05000   0.1987271E+0001   0.9471973E-0001   0.1265502E+0002   0.3188086E-0008   0.2529288E-0008   0.3664447E-0006  -0.2812226E+0002
     9.05500   0.1987739E+0001   0.9350090E-0001   0.1265502E+0002   0.3201624E-0008   0.2707456E-0008   0.3960865E-0006  -0.2812226E+0002
     9.06000   0.1988200E+0001   0.9228980E-0001   0.1265502E+0002   0.3216066E-0008   0.2888557E-0008   0.4263737E-0006  -0.2812226E+0002
     9.06500   0.1988656E+0001   0.9108563E-0001   0.1265502E+0002   0.3231411E-0008   0.3068863E-0008   0.4568244E-0006  -0.2812226E+0002
     9.07000   0.1989105E+0001   0.8988756E-0001   0.1265502E+0002   0.3247635E-0008   0.3244786E-0008   0.4869571E-0006  -0.2812226E+0002
     9.07500   0.1989549E+0001   0.8869479E-0001   0.1265502E+0002   0.3264699E-0008   0.3412919E-0008   0.5162910E-0006  -0.2812226E+0002
     9.08000   0.1989986E+0001   0.8750655E-0001   0.1265502E+0002   0.3282549E-0008   0.3570034E-0008   0.5443403E-0006  -0.2812226E+0002
     9.08500   0.1990418E+0001   0.8632212E-0001   0.1265502E+0002   0.3301115E-0008   0.3713042E-0008   0.5706040E-0006  -0.2812226E+0002
     9.09000   0.1990844E+0001   0.8514093E-0001   0.1265502E+0002   0.3320309E-0008   0.3838932E-0008   0.5945539E-0006  -0.2812226E+0002
     9.09500   0.1991263E+0001   0.8396249E-0001   0.1265502E+0002   0.3340033E-0008   0.3944698E-0008   0.6156231E-0006  -0.2812226E+0002
     9.10000   0.1991677E+0001   0.8278651E-0001   0.1265502E+0002   0.3360169E-0008   0.4027279E-0008   0.6331973E-0006  -0.2812226E+0002
     9.10500   0.1992085E+0001   0.8161287E-0001   0.1265502E+0002   0.3380587E-0008   0.4083523E-0008   0.6466111E-0006  -0.2812226E+0002
     9.11000   0.1992488E+0001   0.8044166E-0001   0.1265502E+0002   0.3401138E-0008   0.4110185E-0008   0.6551518E-0006  -0.2812226E+0002
     9.11500   0.1992884E+0001   0.7927320E-0001   0.1265502E+0002   0.3421658E-0008   0.4103983E-0008   0.6580718E-0006  -0.2812226E+0002
     9.12000   0.1993274E+0001   0.7810800E-0001   0.1265502E+0002   0.3441966E-0008   0.4061683E-0008   0.6546085E-0006  -0.2812226E+0002
     9.12500   0.1993659E+0001   0.7694684E-0001   0.1265502E+0002   0.3461867E-0008   0.3980244E-0008   0.6440132E-0006  -0.2812226E+0002
     9.13000   0.1994038E+0001   0.7579069E-0001   0.1265502E+0002   0.3481152E-0008   0.3856984E-0008   0.6255859E-0006  -0.2812226E+0002
     9.13500   0.1994411E+0001   0.7464070E-0001   0.1265502E+0002   0.3499601E-0008   0.3689775E-0008   0.5987150E-0006  -0.2812226E+0002
     9.14000   0.1994779E+0001   0.7349821E-0001   0.1265502E+0002   0.3516987E-0008   0.3477236E-0008   0.5629175E-0006  -0.2812226E+0002
     9.14500   0.1995141E+0001   0.7236465E-0001   0.1265502E+0002   0.3533082E-0008   0.3218907E-0008   0.5178787E-0006  -0.2812226E+0002
     9.15000   0.1995497E+0001   0.7124156E-0001   0.1265502E+0002   0.3547659E-0008   0.2915403E-0008   0.4634871E-0006  -0.2812226E+0002
     9.15500   0.1995848E+0001   0.7013049E-0001   0.1265502E+0002   0.3560501E-0008   0.2568513E-0008   0.3998613E-0006  -0.2812226E+0002
     9.16000   0.1996193E+0001   0.6903297E-0001   0.1265502E+0002   0.3571408E-0008   0.2181239E-0008   0.3273670E-0006  -0.2812226E+0002
     9.16500   0.1996532E+0001   0.6795048E-0001   0.1265502E+0002   0.3580197E-0008   0.1757781E-0008   0.2466228E-0006  -0.2812226E+0002
     9.17000   0.1996867E+0001   0.6688436E-0001   0.1265502E+0002   0.3586714E-0008   0.1303452E-0008   0.1584926E-0006  -0.2812226E+0002
     9.17500   0.1997196E+0001   0.6583580E-0001   0.1265502E+0002   0.3590836E-0008   0.8245333E-0009   0.6406552E-0007  -0.2812226E+0002
     9.18000   0.1997520E+0001   0.6480579E-0001   0.1265502E+0002   0.3592477E-0008   0.3280767E-0009  -0.3537525E-0007  -0.2812226E+0002
     9.18500   0.1997839E+0001   0.6379512E-0001   0.1265502E+0002   0.3591585E-0008  -0.1783299E-0009  -0.1383944E-0006  -0.2812226E+0002
     9.19000   0.1998153E+0001   0.6280431E-0001   0.1265502E+0002   0.3588151E-0008  -0.6868234E-0009  -0.2434529E-0006  -0.2812226E+0002
     9.19500   0.1998462E+0001   0.6183369E-0001   0.1265502E+0002   0.3582203E-0008  -0.1189535E-0008  -0.3489616E-0006  -0.2812226E+0002
     9.20000   0.1998767E+0001   0.6088331E-0001   0.1265502E+0002   0.3573809E-0008  -0.1678854E-0008  -0.4533341E-0006  -0.2812226E+0002
     9.20500   0.1999066E+0001   0.5995302E-0001   0.1265502E+0002   0.3563071E-0008  -0.2147666E-0008  -0.5550401E-0006  -0.2812226E+0002
     9.21000   0.1999362E+0001   0.5904247E-0001   0.1265502E+0002   0.3550123E-0008  -0.2589561E-0008  -0.6526507E-0006  -0.2812226E+0002
     9.21500   0.1999652E+0001   0.5815114E-0001   0.1265502E+0002   0.3535128E-0008  -0.2998999E-0008  -0.7448794E-0006  -0.2812226E+0002
     9.22000   0.1999939E+0001   0.5727836E-0001   0.1265502E+0002   0.3518271E-0008  -0.3371427E-0008  -0.8306123E-0006  -0.2812226E+0002
     9.22500   0.2000221E+0001   0.5642336E-0001   0.1265502E+0002   0.3499754E-0008  -0.3703348E-0008  -0.9089301E-0006  -0.2812226E+0002
     9.23000   0.2000499E+0001   0.5558528E-0001   0.1265502E+0002   0.3479792E-0008  -0.3992340E-0008  -0.9791194E-0006  -0.2812226E+0002
     9.23500   0.2000773E+0001   0.5476321E-0001   0.1265502E+0002   0.3458607E-0008  -0.4237033E-0008  -0.1040677E-0005  -0.2812226E+0002
     9.24000   0.2001042E+0001   0.5395624E-0001   0.1265502E+0002   0.3436422E-0008  -0.4437056E-0008  -0.1093304E-0005  -0.2812226E+0002
     9.24500   0.2001308E+0001   0.5316344E-0001   0.1265502E+0002   0.3413457E-0008  -0.4592947E-0008  -0.1136898E-0005  -0.2812226E+0002
     9.25000   0.2001570E+0001   0.5238391E-0001   0.1265502E+0002   0.3389927E-0008  -0.4706053E-0008  -0.1171535E-0005  -0.2812226E+0002
     9.25500   0.2001828E+0001   0.5161676E-0001   0.1265502E+0002   0.3366035E-0008  -0.4778410E-0008  -0.1197453E-0005  -0.2812226E+0002
     9.26000   0.2002083E+0001   0.5086117E-0001   0.1265502E+0002   0.3341972E-0008  -0.4812624E-0008  -0.1215030E-0005  -0.2812226E+0002
     9.26500   0.2002333E+0001   0.5011634E-0001   0.1265502E+0002   0.3317913E-0008  -0.4811757E-0008  -0.1224769E-0005  -0.2812226E+0002
     9.27000   0.2002580E+0001   0.4938151E-0001   0.1265502E+0002   0.3294017E-0008  -0.4779206E-0008  -0.1227269E-0005  -0.2812226E+0002
     9.27500   0.2002823E+0001   0.4865596E-0001   0.1265502E+0002   0.3270424E-0008  -0.4718598E-0008  -0.1223208E-0005  -0.2812226E+0002
     9.28000   0.2003063E+0001   0.4793899E-0001   0.1265502E+0002   0.3247256E-0008  -0.4633686E-0008  -0.1213323E-0005  -0.2812226E+0002
     9.28500   0.2003299E+0001   0.4722995E-0001   0.1265502E+0002   0.3224614E-0008  -0.4528259E-0008  -0.1198384E-0005  -0.2812226E+0002
     9.29000   0.2003532E+0001   0.4652818E-0001   0.1265502E+0002   0.3202584E-0008  -0.4406048E-0008  -0.1179174E-0005  -0.2812226E+0002
     9.29500   0.2003761E+0001   0.4583304E-0001   0.1265502E+0002   0.3181231E-0008  -0.4270647E-0008  -0.1156468E-0005  -0.2812226E+0002
     9.30000   0.2003987E+0001   0.4514391E-0001   0.1265502E+0002   0.3160604E-0008  -0.4125438E-0008  -0.1131012E-0005  -0.2812226E+0002
     9.30500   0.2004209E+0001   0.4446016E-0001   0.1265502E+0002   0.3140736E-0008  -0.3973520E-0008  -0.1103499E-0005  -0.2812226E+0002
     9.31000   0.2004428E+0001   0.4378120E-0001   0.1265502E+0002   0.3121648E-0008  -0.3817656E-0008  -0.1074557E-0005  -0.2812226E+0002
     9.31500   0.2004643E+0001   0.4310643E-0001   0.1265502E+0002   0.3103347E-0008  -0.3660232E-0008  -0.1044729E-0005  -0.2812226E+0002
     9.32000   0.2004856E+0001   0.4243531E-0001   0.1265502E+0002   0.3085830E-0008  -0.3503229E-0008  -0.1014470E-0005  -0.2812226E+0002
     9.32500   0.2005064E+0001   0.4176732E-0001   0.1265502E+0002   0.3069089E-0008  -0.3348214E-0008  -0.9841365E-0006  -0.2812226E+0002
     9.33000   0.2005270E+0001   0.4110201E-0001   0.1265502E+0002   0.3053108E-0008  -0.3196359E-0008  -0.9539895E-0006  -0.2812226E+0002
     9.33500   0.2005472E+0001   0.4043897E-0001   0.1265502E+0002   0.3037865E-0008  -0.3048463E-0008  -0.9242035E-0006  -0.2812226E+0002
     9.34000   0.2005671E+0001   0.3977790E-0001   0.1265502E+0002   0.3023340E-0008  -0.2905004E-0008  -0.8948749E-0006  -0.2812226E+0002
     9.34500   0.2005867E+0001   0.3911859E-0001   0.1265502E+0002   0.3009509E-0008  -0.2766195E-0008  -0.8660384E-0006  -0.2812226E+0002
     9.35000   0.2006059E+0001   0.3846092E-0001   0.1265502E+0002   0.2996349E-0008  -0.2632050E-0008  -0.8376826E-0006  -0.2812226E+0002
     9.35500   0.2006248E+0001   0.3780490E-0001   0.1265502E+0002   0.2983837E-0008  -0.2502447E-0008  -0.8097677E-0006  -0.2812226E+0002
     9.36000   0.2006434E+0001   0.3715064E-0001   0.1265502E+0002   0.2971951E-0008  -0.2377190E-0008  -0.7822402E-0006  -0.2812226E+0002
     9.36500   0.2006616E+0001   0.3649838E-0001   0.1265502E+0002   0.2960671E-0008  -0.2256062E-0008  -0.7550473E-0006  -0.2812226E+0002
     9.37000   0.2006795E+0001   0.3584847E-0001   0.1265502E+0002   0.2949976E-0008  -0.2138859E-0008  -0.7281455E-0006  -0.2812226E+0002
     9.37500   0.2006971E+0001   0.3520138E-0001   0.1265502E+0002   0.2939849E-0008  -0.2025420E-0008  -0.7015075E-0006  -0.2812226E+0002
     9.38000   0.2007144E+0001   0.3455765E-0001   0.1265502E+0002   0.2930271E-0008  -0.1915639E-0008  -0.6751246E-0006  -0.2812226E+0002
     9.38500   0.2007314E+0001   0.3391794E-0001   0.1265502E+0002   0.2921224E-0008  -0.1809467E-0008  -0.6490073E-0006  -0.2812226E+0002
     9.39000   0.2007480E+0001   0.3328297E-0001   0.1265502E+0002   0.2912689E-0008  -0.1706903E-0008  -0.6231822E-0006  -0.2812226E+0002
     9.39500   0.2007644E+0001   0.3265352E-0001   0.1265502E+0002   0.2904649E-0008  -0.1607986E-0008  -0.5976894E-0006  -0.2812226E+0002
     9.40000   0.2007804E+0001   0.3203042E-0001   0.1265502E+0002   0.2897085E-0008  -0.1512779E-0008  -0.5725782E-0006  -0.2812226E+0002
     9.40500   0.2007961E+0001   0.3141453E-0001   0.1265502E+0002   0.2889978E-0008  -0.1421355E-0008  -0.5479033E-0006  -0.2812226E+0002
     9.41000   0.2008115E+0001   0.3080669E-0001   0.1265502E+0002   0.2883310E-0008  -0.1333786E-0008  -0.5237216E-0006  -0.2812226E+0002
     9.41500   0.2008266E+0001   0.3020778E-0001   0.1265502E+0002   0.2877059E-0008  -0.1250134E-0008  -0.5000898E-0006  -0.2812226E+0002
     9.42000   0.2008414E+0001   0.2961863E-0001   0.1265502E+0002   0.2871207E-0008  -0.1170443E-0008  -0.4770628E-0006  -0.2812226E+0002
     9.42500   0.2008559E+0001   0.2904006E-0001   0.1265502E+0002   0.2865733E-0008  -0.1094738E-0008  -0.4546930E-0006  -0.2812226E+0002
     9.43000   0.2008701E+0001   0.2847283E-0001   0.1265502E+0002   0.2860618E-0008  -0.1023025E-0008  -0.4330299E-0006  -0.2812226E+0002
     9.43500   0.2008841E+0001   0.2791765E-0001   0.1265502E+0002   0.2855841E-0008  -0.9552873E-0009  -0.4121216E-0006  -0.2812226E+0002
     9.44000   0.2008978E+0001   0.2737520E-0001   0.1265502E+0002   0.2851384E-0008  -0.8914969E-0009  -0.3920162E-0006  -0.2812226E+0002
     9.44500   0.2009112E+0001   0.2684606E-0001   0.1265502E+0002   0.2847226E-0008  -0.8316141E-0009  -0.3727651E-0006  -0.2812226E+0002
     9.45000   0.2009244E+0001   0.2633078E-0001   0.1265502E+0002   0.2843348E-0008  -0.7755970E-0009  -0.3544255E-0006  -0.2812226E+0002
     9.45500   0.2009373E+0001   0.2582981E-0001   0.1265502E+0002   0.2839731E-0008  -0.7234084E-0009  -0.3370657E-0006  -0.2812226E+0002
     9.46000   0.2009500E+0001   0.2534359E-0001   0.1265502E+0002   0.2836356E-0008  -0.6750250E-0009  -0.3207681E-0006  -0.2812226E+0002
     9.46500   0.2009624E+0001   0.2487244E-0001   0.1265502E+0002   0.2833203E-0008  -0.6304445E-0009  -0.3056340E-0006  -0.2812226E+0002
     9.47000   0.2009746E+0001   0.2441669E-0001   0.1265502E+0002   0.2830255E-0008  -0.5896926E-0009  -0.2917860E-0006  -0.2812226E+0002
     9.47500   0.2009866E+0001   0.2397657E-0001   0.1265502E+0002   0.2827491E-0008  -0.5528265E-0009  -0.2793696E-0006  -0.2812226E+0002
     9.48000   0.2009984E+0001   0.2355232E-0001   0.1265502E+0002   0.2824891E-0008  -0.5199362E-0009  -0.2685515E-0006  -0.2812226E+0002
     9.48500   0.2010099E+0001   0.2314411E-0001   0.1265502E+0002   0.2822436E-0008  -0.4911399E-0009  -0.2595156E-0006  -0.2812226E+0002
     9.49000   0.2010213E+0001   0.2275211E-0001   0.1265502E+0002   0.2820103E-0008  -0.4665759E-0009  -0.2524554E-0006  -0.2812226E+0002
     9.49500   0.2010325E+0001   0.2237646E-0001   0.1265502E+0002   0.2817871E-0008  -0.4463888E-0009  -0.2475632E-0006  -0.2812226E+0002
     9.50000   0.2010435E+0001   0.2201728E-0001   0.1265502E+0002   0.2815717E-0008  -0.4307121E-0009  -0.2450160E-0006  -0.2812226E+0002
     9.50500   0.2010544E+0001   0.2167469E-0001   0.1265502E+0002   0.2813619E-0008  -0.4196475E-0009  -0.2449604E-0006  -0.2812226E+0002
     9.51000   0.2010650E+0001   0.2134876E-0001   0.1265502E+0002   0.2811553E-0008  -0.4132431E-0009  -0.2474967E-0006  -0.2812226E+0002
     9.51500   0.2010756E+0001   0.2103953E-0001   0.1265502E+0002   0.2809495E-0008  -0.4114743E-0009  -0.2526653E-0006  -0.2812226E+0002
     9.52000   0.2010859E+0001   0.2074703E-0001   0.1265502E+0002   0.2807424E-0008  -0.4142274E-0009  -0.2604354E-0006  -0.2812226E+0002
     9.52500   0.2010962E+0001   0.2047126E-0001   0.1265502E+0002   0.2805318E-0008  -0.4212906E-0009  -0.2706980E-0006  -0.2812226E+0002
     9.53000   0.2011063E+0001   0.2021221E-0001   0.1265502E+0002   0.2803156E-0008  -0.4323505E-0009  -0.2832633E-0006  -0.2812226E+0002
     9.53500   0.2011163E+0001   0.1996987E-0001   0.1265502E+0002   0.2800921E-0008  -0.4469951E-0009  -0.2978599E-0006  -0.2812226E+0002
     9.54000   0.2011261E+0001   0.1974422E-0001   0.1265502E+0002   0.2798597E-0008  -0.4647178E-0009  -0.3141353E-0006  -0.2812226E+0002
     9.54500   0.2011359E+0001   0.1953522E-0001   0.1265502E+0002   0.2796173E-0008  -0.4849224E-0009  -0.3316550E-0006  -0.2812226E+0002
     9.55000   0.2011456E+0001   0.1934275E-0001   0.1265502E+0002   0.2793638E-0008  -0.5069231E-0009  -0.3499009E-0006  -0.2812226E+0002
     9.55500   0.2011551E+0001   0.1916662E-0001   0.1265502E+0002   0.2790988E-0008  -0.5299415E-0009  -0.3682678E-0006  -0.2812226E+0002
     9.56000   0.2011647E+0001   0.1900658E-0001   0.1265502E+0002   0.2788223E-0008  -0.5531018E-0009  -0.3860637E-0006  -0.2812226E+0002
     9.56500   0.2011741E+0001   0.1886240E-0001   0.1265502E+0002   0.2785346E-0008  -0.5754309E-0009  -0.4025161E-0006  -0.2812226E+0002
     9.57000   0.2011835E+0001   0.1873399E-0001   0.1265502E+0002   0.2782366E-0008  -0.5958689E-0009  -0.4167887E-0006  -0.2812226E+0002
     9.57500   0.2011928E+0001   0.1862148E-0001   0.1265502E+0002   0.2779300E-0008  -0.6132921E-0009  -0.4280096E-0006  -0.2812226E+0002
     9.58000   0.2012020E+0001   0.1852526E-0001   0.1265502E+0002   0.2776167E-0008  -0.6265491E-0009  -0.4353110E-0006  -0.2812226E+0002
     9.58500   0.2012112E+0001   0.1844591E-0001   0.1265502E+0002   0.2772995E-0008  -0.6345077E-0009  -0.4378742E-0006  -0.2812226E+0002
     9.59000   0.2012204E+0001   0.1838407E-0001   0.1265502E+0002   0.2769814E-0008  -0.6361041E-0009  -0.4349767E-0006  -0.2812226E+0002
     9.59500   0.2012296E+0001   0.1834036E-0001   0.1265502E+0002   0.2766662E-0008  -0.6303925E-0009  -0.4260340E-0006  -0.2812226E+0002
     9.60000   0.2012388E+0001   0.1831540E-0001   0.1265502E+0002   0.2763579E-0008  -0.6165919E-0009  -0.4106338E-0006  -0.2812226E+0002
     9.60500   0.2012479E+0001   0.1830996E-0001   0.1265502E+0002   0.2760609E-0008  -0.5941269E-0009  -0.3885624E-0006  -0.2812226E+0002
     9.61000   0.2012571E+0001   0.1832514E-0001   0.1265502E+0002   0.2757795E-0008  -0.5626591E-0009  -0.3598220E-0006  -0.2812226E+0002
     9.61500   0.2012663E+0001   0.1836255E-0001   0.1265502E+0002   0.2755185E-0008  -0.5221052E-0009  -0.3246423E-0006  -0.2812226E+0002
     9.62000   0.2012755E+0001   0.1842422E-0001   0.1265502E+0002   0.2752822E-0008  -0.4726410E-0009  -0.2834838E-0006  -0.2812226E+0002
     9.62500   0.2012847E+0001   0.1851232E-0001   0.1265502E+0002   0.2750748E-0008  -0.4146927E-0009  -0.2370332E-0006  -0.2812226E+0002
     9.63000   0.2012940E+0001   0.1862882E-0001   0.1265502E+0002   0.2749004E-0008  -0.3489246E-0009  -0.1861867E-0006  -0.2812226E+0002
     9.63500   0.2013034E+0001   0.1877505E-0001   0.1265502E+0002   0.2747622E-0008  -0.2762276E-0009  -0.1320198E-0006  -0.2812226E+0002
     9.64000   0.2013129E+0001   0.1895167E-0001   0.1265502E+0002   0.2746634E-0008  -0.1977078E-0009  -0.7574431E-0007  -0.2812226E+0002
     9.64500   0.2013225E+0001   0.1915865E-0001   0.1265502E+0002   0.2746060E-0008  -0.1146706E-0009  -0.1865442E-0007  -0.2812226E+0002
     9.65000   0.2013322E+0001   0.1939559E-0001   0.1265502E+0002   0.2745918E-0008  -0.2859052E-0010   0.3793162E-0007  -0.2812226E+0002
     9.65500   0.2013420E+0001   0.1966181E-0001   0.1265502E+0002   0.2746212E-0008   0.5893349E-0010   0.9273040E-0007  -0.2812226E+0002
     9.66000   0.2013520E+0001   0.1995635E-0001   0.1265502E+0002   0.2746943E-0008   0.1462313E-0009   0.1445473E-0006  -0.2812226E+0002
     9.66500   0.2013621E+0001   0.2027769E-0001   0.1265502E+0002   0.2748101E-0008   0.2316146E-0009   0.1923240E-0006  -0.2812226E+0002
     9.67000   0.2013724E+0001   0.2062349E-0001   0.1265502E+0002   0.2749669E-0008   0.3134245E-0009   0.2351767E-0006  -0.2812226E+0002
     9.67500   0.2013829E+0001   0.2099041E-0001   0.1265502E+0002   0.2751619E-0008   0.3900788E-0009   0.2724274E-0006  -0.2812226E+0002
     9.68000   0.2013936E+0001   0.2137418E-0001   0.1265502E+0002   0.2753920E-0008   0.4601268E-0009   0.3036248E-0006  -0.2812226E+0002
     9.68500   0.2014045E+0001   0.2177001E-0001   0.1265502E+0002   0.2756531E-0008   0.5223157E-0009   0.3285548E-0006  -0.2812226E+0002
     9.69000   0.2014156E+0001   0.2217291E-0001   0.1265502E+0002   0.2759409E-0008   0.5756622E-0009   0.3472383E-0006  -0.2812226E+0002
     9.69500   0.2014269E+0001   0.2257807E-0001   0.1265502E+0002   0.2762507E-0008   0.6195147E-0009   0.3599155E-0006  -0.2812226E+0002
     9.70000   0.2014384E+0001   0.2298097E-0001   0.1265502E+0002   0.2765775E-0008   0.6535912E-0009   0.3670162E-0006  -0.2812226E+0002
     9.70500   0.2014501E+0001   0.2337736E-0001   0.1265502E+0002   0.2769165E-0008   0.6779815E-0009   0.3691165E-0006  -0.2812226E+0002
     9.71000   0.2014620E+0001   0.2376314E-0001   0.1265502E+0002   0.2772630E-0008   0.6931138E-0009   0.3668867E-0006  -0.2812226E+0002
     9.71500   0.2014740E+0001   0.2413435E-0001   0.1265502E+0002   0.2776129E-0008   0.6996888E-0009   0.3610336E-0006  -0.2812226E+0002
     9.72000   0.2014863E+0001   0.2448712E-0001   0.1265502E+0002   0.2779622E-0008   0.6985903E-0009   0.3522464E-0006  -0.2812226E+0002
     9.72500   0.2014987E+0001   0.2481764E-0001   0.1265502E+0002   0.2783076E-0008   0.6907873E-0009   0.3411566E-0006  -0.2812226E+0002
     9.73000   0.2015112E+0001   0.2512210E-0001   0.1265502E+0002   0.2786462E-0008   0.6772467E-0009   0.3283185E-0006  -0.2812226E+0002
     9.73500   0.2015239E+0001   0.2539646E-0001   0.1265502E+0002   0.2789756E-0008   0.6588792E-0009   0.3142142E-0006  -0.2812226E+0002
     9.74000   0.2015367E+0001   0.2563633E-0001   0.1265502E+0002   0.2792939E-0008   0.6365300E-0009   0.2992738E-0006  -0.2812226E+0002
     9.74500   0.2015497E+0001   0.2583676E-0001   0.1265502E+0002   0.2795994E-0008   0.6110041E-0009   0.2838941E-0006  -0.2812226E+0002
     9.75000   0.2015627E+0001   0.2599228E-0001   0.1265502E+0002   0.2798910E-0008   0.5830933E-0009   0.2684359E-0006  -0.2812226E+0002
     9.75500   0.2015757E+0001   0.2609693E-0001   0.1265502E+0002   0.2801677E-0008   0.5535631E-0009   0.2531901E-0006  -0.2812226E+0002
     9.76000   0.2015888E+0001   0.2614440E-0001   0.1265502E+0002   0.2804293E-0008   0.5230734E-0009   0.2383206E-0006  -0.2812226E+0002
     9.76500   0.2016018E+0001   0.2612825E-0001   0.1265502E+0002   0.2806753E-0008   0.4920497E-0009   0.2238098E-0006  -0.2812226E+0002
     9.77000   0.2016149E+0001   0.2604200E-0001   0.1265502E+0002   0.2809056E-0008   0.4605647E-0009   0.2094405E-0006  -0.2812226E+0002
     9.77500   0.2016278E+0001   0.2587937E-0001   0.1265502E+0002   0.2811197E-0008   0.4283035E-0009   0.1948336E-0006  -0.2812226E+0002
     9.78000   0.2016406E+0001   0.2563435E-0001   0.1265502E+0002   0.2813171E-0008   0.3946603E-0009   0.1795351E-0006  -0.2812226E+0002
     9.78500   0.2016533E+0001   0.2530135E-0001   0.1265502E+0002   0.2814965E-0008   0.3589470E-0009   0.1631181E-0006  -0.2812226E+0002
     9.79000   0.2016657E+0001   0.2487525E-0001   0.1265502E+0002   0.2816569E-0008   0.3206320E-0009   0.1452505E-0006  -0.2812226E+0002
     9.79500   0.2016779E+0001   0.2435146E-0001   0.1265502E+0002   0.2817966E-0008   0.2794988E-0009   0.1256926E-0006  -0.2812226E+0002
     9.80000   0.2016898E+0001   0.2372608E-0001   0.1265502E+0002   0.2819144E-0008   0.2356529E-0009   0.1042196E-0006  -0.2812226E+0002
     9.80500   0.2017013E+0001   0.2299598E-0001   0.1265502E+0002   0.2820091E-0008   0.1893818E-0009   0.8050127E-0007  -0.2812226E+0002
     9.81000   0.2017123E+0001   0.2215900E-0001   0.1265502E+0002   0.2820796E-0008   0.1409581E-0009   0.5399364E-0007  -0.2812226E+0002
     9.81500   0.2017229E+0001   0.2121415E-0001   0.1265502E+0002   0.2821249E-0008   0.9051185E-0010   0.2389503E-0007  -0.2812226E+0002
     9.82000   0.2017330E+0001   0.2016173E-0001   0.1265502E+0002   0.2821439E-0008   0.3806910E-0010  -0.1080342E-0007  -0.2812226E+0002
     9.82500   0.2017425E+0001   0.1900326E-0001   0.1265502E+0002   0.2821358E-0008  -0.1622283E-0010  -0.5115715E-0007  -0.2812226E+0002
     9.83000   0.2017514E+0001   0.1774255E-0001   0.1265502E+0002   0.2820999E-0008  -0.7172318E-0010  -0.9805865E-0007  -0.2812226E+0002
     9.83500   0.2017596E+0001   0.1638729E-0001   0.1265502E+0002   0.2820364E-0008  -0.1269785E-0009  -0.1520305E-0006  -0.2812226E+0002
     9.84000   0.2017671E+0001   0.1494976E-0001   0.1265502E+0002   0.2819466E-0008  -0.1795983E-0009  -0.2130834E-0006  -0.2812226E+0002
     9.84500   0.2017738E+0001   0.1344547E-0001   0.1265502E+0002   0.2818334E-0008  -0.2263928E-0009  -0.2807083E-0006  -0.2812226E+0002
     9.85000   0.2017797E+0001   0.1189672E-0001   0.1265502E+0002   0.2817015E-0008  -0.2638881E-0009  -0.3539842E-0006  -0.2812226E+0002
     9.85500   0.2017849E+0001   0.1033305E-0001   0.1265502E+0002   0.2815570E-0008  -0.2890345E-0009  -0.4317902E-0006  -0.2812226E+0002
     9.86000   0.2017893E+0001   0.8784997E-0002   0.1265502E+0002   0.2814071E-0008  -0.2997448E-0009  -0.5130644E-0006  -0.2812226E+0002
     9.86500   0.2017929E+0001   0.7277165E-0002   0.1265502E+0002   0.2812596E-0008  -0.2950335E-0009  -0.5970182E-0006  -0.2812226E+0002
     9.87000   0.2017958E+0001   0.5825893E-0002   0.1265502E+0002   0.2811222E-0008  -0.2748447E-0009  -0.6920885E-0006  -0.2812226E+0002
     9.87500   0.2017981E+0001   0.4463259E-0002   0.1265502E+0002   0.2810001E-0008  -0.2440905E-0009  -0.7897800E-0006  -0.2812226E+0002
     9.88000   0.2017997E+0001   0.3246955E-0002   0.1265502E+0002   0.2808988E-0008  -0.2026374E-0009  -0.8909077E-0006  -0.2812226E+0002
     9.88500   0.2018008E+0001   0.2199579E-0002   0.1265502E+0002   0.2808214E-0008  -0.1548494E-0009  -0.9950140E-0006  -0.2812226E+0002
     9.89000   0.2018015E+0001   0.1315483E-0002   0.1265502E+0002   0.2807697E-0008  -0.1034312E-0009  -0.1101036E-0005  -0.2812226E+0002
     9.89500   0.2018017E+0001   0.5727111E-0003   0.1265467E+0002   0.2807447E-0008  -0.4982810E-0010  -0.1207467E-0005  -0.2812226E+0002
     9.90000   0.2018017E+0001   0.3454268E-0015   0.1265146E+0002   0.2807447E-0008  -0.2261822E-0023  -0.1312401E-0005  -0.2812226E+0002
     9.90500   0.2018017E+0001   0.3454268E-0015   0.1265068E+0002   0.2807447E-0008   0.2583001E-0022  -0.1414922E-0005  -0.2812226E+0002
     9.91000   0.2018017E+0001   0.1097786E-0015   0.1264907E+0002   0.2807447E-0008  -0.2260206E-0023  -0.1514182E-0005  -0.2812226E+0002
     9.91500   0.2018017E+0001   0.3454268E-0015   0.1264694E+0002   0.2807447E-0008  -0.2260206E-0023  -0.1610078E-0005  -0.2812226E+0002
     9.92000   0.2018017E+0001   0.1097786E-0015   0.1264447E+0002   0.2807447E-0008  -0.3035204E-0022  -0.1702517E-0005  -0.2812226E+0002
     9.92500   0.2018017E+0001   0.3454268E-0015   0.1264200E+0002   0.2807447E-0008  -0.3035204E-0022  -0.1818314E-0005  -0.2812226E+0002
     9.93000   0.2018017E+0001   0.5810750E-0015   0.1263953E+0002   0.2807447E-0008  -0.3035204E-0022  -0.1930856E-0005  -0.2812226E+0002
     9.93500   0.2018017E+0001   0.3454268E-0015   0.1263692E+0002   0.2807447E-0008  -0.3035204E-0022  -0.2039742E-0005  -0.2812226E+0002
     9.94000   0.2018017E+0001   0.1097786E-0015   0.1263410E+0002   0.2807447E-0008  -0.3035204E-0022  -0.2140083E-0005  -0.2812226E+0002
     9.94500   0.2018017E+0001   0.1097786E-0015   0.1263107E+0002   0.2807447E-0008  -0.3035204E-0022  -0.2225948E-0005  -0.2812226E+0002
     9.95000   0.2018017E+0001   0.3454268E-0015   0.1262792E+0002   0.2807447E-0008   0.2583001E-0022  -0.2291620E-0005  -0.2812226E+0002
     9.95500   0.2018017E+0001   0.3454268E-0015   0.1262474E+0002   0.2807447E-0008  -0.3035365E-0022  -0.2334446E-0005  -0.2812226E+0002
     9.96000   0.2018017E+0001   0.1097786E-0015   0.1262160E+0002   0.2807447E-0008   0.2583001E-0022  -0.2355157E-0005  -0.2812226E+0002
     9.96500   0.2018017E+0001   0.3454268E-0015   0.1261854E+0002   0.2807447E-0008  -0.3035204E-0022  -0.2357143E-0005  -0.2812226E+0002
     9.97000   0.2018017E+0001   0.1097786E-0015   0.1261554E+0002   0.2807447E-0008  -0.3035204E-0022  -0.2344985E-0005  -0.2812226E+0002
     9.97500   0.2018017E+0001   0.1097786E-0015   0.1261258E+0002   0.2807447E-0008   0.2583162E-0022  -0.2322963E-0005  -0.2812226E+0002
     9.98000   0.2018017E+0001   0.1097786E-0015   0.1260965E+0002   0.2807447E-0008  -0.3035042E-0022  -0.2294078E-0005  -0.2812226E+0002
     9.98500   0.2018017E+0001   0.3454268E-0015   0.1260679E+0002   0.2807447E-0008  -0.3035042E-0022  -0.2260055E-0005  -0.2812226E+0002
     9.99000   0.2018017E+0001   0.1097786E-0015   0.1260402E+0002   0.2807447E-0008  -0.3035042E-0022  -0.2222006E-0005  -0.2812226E+0002
     9.99500   0.2018017E+0001   0.3454268E-0015   0.1260139E+0002   0.2807447E-0008  -0.3035042E-0022  -0.2181107E-0005  -0.2812226E+0002
    10.00000   0.2018017E+0001   0.3454268E-0015   0.1259890E+0002   0.2807447E-0008  -0.3035042E-0022  -0.2138699E-0005  -0.2812226E+0002
    10.00500   0.2018017E+0001  -0.1258696E-0015   0.1259656E+0002   0.2807447E-0008  -0.3035042E-0022  -0.2095713E-0005  -0.2812226E+0002
    10.01000   0.2018017E+0001   0.3454268E-0015   0.1259434E+0002   0.2807447E-0008  -0.3035042E-0022  -0.2051842E-0005  -0.2812226E+0002
    10.01500   0.2018017E+0001   0.3454268E-0015   0.1259224E+0002   0.2807447E-0008  -0.3035042E-0022  -0.2005070E-0005  -0.2812226E+0002
    10.02000   0.2018017E+0001   0.3454268E-0015   0.1259025E+0002   0.2807447E-0008  -0.3035042E-0022  -0.1951986E-0005  -0.2812226E+0002
    10.02500   0.2018017E+0001   0.5810750E-0015   0.1258840E+0002   0.2807447E-0008   0.2583162E-0022  -0.1888835E-0005  -0.2812226E+0002
    10.03000   0.2018017E+0001   0.1097786E-0015   0.1258668E+0002   0.2807447E-0008  -0.3035042E-0022  -0.1812850E-0005  -0.2812226E+0002
    10.03500   0.2018017E+0001   0.1097786E-0015   0.1258509E+0002   0.2807447E-0008  -0.3035042E-0022  -0.1723303E-0005  -0.2812226E+0002
    10.04000   0.2018017E+0001   0.3454268E-0015   0.1258362E+0002   0.2807447E-0008  -0.3035042E-0022  -0.1621861E-0005  -0.2812226E+0002
    10.04500   0.2018017E+0001   0.3454268E-0015   0.1258225E+0002   0.2807447E-0008  -0.3035042E-0022  -0.1512181E-0005  -0.2812226E+0002
    10.05000   0.2018017E+0001   0.1097786E-0015   0.1258099E+0002   0.2807447E-0008  -0.3035042E-0022  -0.1398978E-0005  -0.2812226E+0002
    10.05500   0.2018017E+0001   0.3454268E-0015   0.1257982E+0002   0.2807447E-0008  -0.3035042E-0022  -0.1286930E-0005  -0.2812226E+0002
    10.06000   0.2018017E+0001   0.1097786E-0015   0.1257875E+0002   0.2807447E-0008   0.2583162E-0022  -0.1179743E-0005  -0.2812226E+0002
    10.06500   0.2018017E+0001   0.3454268E-0015   0.1257779E+0002   0.2807447E-0008  -0.2260206E-0023  -0.1079629E-0005  -0.2812226E+0002
    10.07000   0.2018017E+0001   0.3454268E-0015   0.1257691E+0002   0.2807447E-0008  -0.2260206E-0023  -0.9872633E-0006  -0.2812226E+0002
    10.07500   0.2018017E+0001   0.1097786E-0015   0.1257612E+0002   0.2807447E-0008  -0.2260206E-0023  -0.9021532E-0006  -0.2812226E+0002
    10.08000   0.2018017E+0001   0.3454268E-0015   0.1257540E+0002   0.2807447E-0008  -0.2260206E-0023  -0.8232531E-0006  -0.2812226E+0002
    10.08500   0.2018017E+0001   0.1097786E-0015   0.1257473E+0002   0.2807447E-0008  -0.2260206E-0023  -0.7495790E-0006  -0.2812226E+0002
    10.09000   0.2018017E+0001   0.3454268E-0015   0.1257413E+0002   0.2807447E-0008  -0.2260206E-0023  -0.6806126E-0006  -0.2812226E+0002
    10.09500   0.2018017E+0001   0.3454268E-0015   0.1257356E+0002   0.2807447E-0008  -0.2260206E-0023  -0.6163827E-0006  -0.2812226E+0002
    10.10000   0.2018017E+0001   0.3454268E-0015   0.1257304E+0002   0.2807447E-0008  -0.2260206E-0023  -0.5572613E-0006  -0.2812226E+0002
    10.10500   0.2018017E+0001   0.1097786E-0015   0.1257253E+0002   0.2807447E-0008  -0.2260206E-0023  -0.5036246E-0006  -0.2812226E+0002
    10.11000   0.2018017E+0001   0.3454268E-0015   0.1257205E+0002   0.2807447E-0008  -0.1630612E-0022  -0.4555672E-0006  -0.2812226E+0002
    10.11500   0.2018017E+0001   0.3454268E-0015   0.1257156E+0002   0.2807447E-0008  -0.2260206E-0023  -0.4127940E-0006  -0.2812226E+0002
    10.12000   0.2018017E+0001   0.3454268E-0015   0.1257108E+0002   0.2807447E-0008  -0.1630612E-0022  -0.3747078E-0006  -0.2812226E+0002
    10.12500   0.2018017E+0001   0.1097786E-0015   0.1257061E+0002   0.2807447E-0008  -0.9283164E-0023  -0.3406154E-0006  -0.2812226E+0002
    10.13000   0.2018017E+0001   0.3454268E-0015   0.1257015E+0002   0.2807447E-0008  -0.2260206E-0023  -0.3099412E-0006  -0.2812226E+0002
    10.13500   0.2018017E+0001   0.3454268E-0015   0.1256969E+0002   0.2807447E-0008  -0.2260206E-0023  -0.2823627E-0006  -0.2812226E+0002
    10.14000   0.2018017E+0001   0.3454268E-0015   0.1256922E+0002   0.2807447E-0008  -0.2260206E-0023  -0.2578447E-0006  -0.2812226E+0002
    10.14500   0.2018017E+0001   0.1097786E-0015   0.1256874E+0002   0.2807447E-0008  -0.2260206E-0023  -0.2365978E-0006  -0.2812226E+0002
    10.15000   0.2018017E+0001   0.1097786E-0015   0.1256823E+0002   0.2807447E-0008  -0.2260206E-0023  -0.2190038E-0006  -0.2812226E+0002
    10.15500   0.2018017E+0001   0.1097786E-0015   0.1256770E+0002   0.2807447E-0008   0.4762751E-0023  -0.2055367E-0006  -0.2812226E+0002
    10.16000   0.2018017E+0001   0.3454269E-0015   0.1256716E+0002   0.2807447E-0008  -0.9283164E-0023  -0.1966786E-0006  -0.2812226E+0002
    10.16500   0.2018017E+0001   0.3454269E-0015   0.1256662E+0002   0.2807447E-0008  -0.2260206E-0023  -0.1928149E-0006  -0.2812226E+0002
    10.17000   0.2018017E+0001   0.1097788E-0015   0.1256608E+0002   0.2807447E-0008   0.1252080E-0023  -0.1941048E-0006  -0.2812226E+0002
    10.17500   0.2018017E+0001   0.3454269E-0015   0.1256554E+0002   0.2807447E-0008  -0.5770877E-0023  -0.2003515E-0006  -0.2812226E+0002
    10.18000   0.2018017E+0001   0.1097786E-0015   0.1256499E+0002   0.2807447E-0008   0.1252080E-0023  -0.2109296E-0006  -0.2812226E+0002
    10.18500   0.2018017E+0001   0.5810751E-0015   0.1256443E+0002   0.2807447E-0008   0.1252080E-0023  -0.2248239E-0006  -0.2812226E+0002
    10.19000   0.2018017E+0001   0.3454268E-0015   0.1256386E+0002   0.2807447E-0008   0.1252080E-0023  -0.2408045E-0006  -0.2812226E+0002
    10.19500   0.2018017E+0001   0.1097785E-0015   0.1256327E+0002   0.2807447E-0008   0.1252080E-0023  -0.2576912E-0006  -0.2812226E+0002
    10.20000   0.2018017E+0001   0.3454267E-0015   0.1256267E+0002   0.2807447E-0008  -0.5770877E-0023  -0.2746151E-0006  -0.2812226E+0002
    10.20500   0.2018017E+0001  -0.1258697E-0015   0.1256206E+0002   0.2807447E-0008  -0.5770877E-0023  -0.2911677E-0006  -0.2812226E+0002
    10.21000   0.2018017E+0001  -0.1258697E-0015   0.1256144E+0002   0.2807447E-0008  -0.1279383E-0022  -0.3073787E-0006  -0.2812226E+0002
    10.21500   0.2018017E+0001   0.1097785E-0015   0.1256079E+0002   0.2807447E-0008   0.1252080E-0023  -0.3235464E-0006  -0.2812226E+0002
    10.22000   0.2018017E+0001   0.1097785E-0015   0.1256012E+0002   0.2807447E-0008  -0.1279222E-0022  -0.3400096E-0006  -0.2812226E+0002
    10.22500   0.2018017E+0001   0.1097785E-0015   0.1255942E+0002   0.2807447E-0008  -0.5770877E-0023  -0.3569709E-0006  -0.2812226E+0002
    10.23000   0.2018017E+0001   0.3454268E-0015   0.1255869E+0002   0.2807447E-0008  -0.1279222E-0022  -0.3744337E-0006  -0.2812226E+0002
    10.23500   0.2018017E+0001   0.3454268E-0015   0.1255793E+0002   0.2807447E-0008  -0.1279222E-0022  -0.3922458E-0006  -0.2812226E+0002
    10.24000   0.2018017E+0001   0.1097785E-0015   0.1255713E+0002   0.2807447E-0008  -0.5770877E-0023  -0.4101826E-0006  -0.2812226E+0002
    10.24500   0.2018017E+0001   0.1097785E-0015   0.1255630E+0002   0.2807447E-0008   0.8275037E-0023  -0.4280031E-0006  -0.2812226E+0002
    10.25000   0.2018017E+0001   0.1097785E-0015   0.1255543E+0002   0.2807447E-0008   0.8275037E-0023  -0.4454514E-0006  -0.2812226E+0002
    10.25500   0.2018017E+0001   0.1097785E-0015   0.1255450E+0002   0.2807447E-0008  -0.5767646E-0023  -0.4622256E-0006  -0.2812226E+0002
    10.26000   0.2018017E+0001   0.1097785E-0015   0.1255353E+0002   0.2807447E-0008  -0.5767646E-0023  -0.4779635E-0006  -0.2812226E+0002
    10.26500   0.2018017E+0001   0.5810750E-0015   0.1255249E+0002   0.2807447E-0008  -0.5767646E-0023  -0.4922748E-0006  -0.2812226E+0002
    10.27000   0.2018017E+0001  -0.1258697E-0015   0.1255140E+0002   0.2807447E-0008  -0.1981356E-0022  -0.5048077E-0006  -0.2812226E+0002
    10.27500   0.2018017E+0001   0.1097785E-0015   0.1255025E+0002   0.2807447E-0008  -0.5767646E-0023  -0.5153107E-0006  -0.2812226E+0002
    10.28000   0.2018017E+0001   0.3454268E-0015   0.1254904E+0002   0.2807447E-0008  -0.1981356E-0022  -0.5236490E-0006  -0.2812226E+0002
    10.28500   0.2018017E+0001   0.3454268E-0015   0.1254776E+0002   0.2807447E-0008  -0.5770877E-0023  -0.5297713E-0006  -0.2812226E+0002
    10.29000   0.2018017E+0001   0.5810750E-0015   0.1254642E+0002   0.2807447E-0008  -0.5770877E-0023  -0.5336509E-0006  -0.2812226E+0002
    10.29500   0.2018017E+0001   0.1097785E-0015   0.1254501E+0002   0.2807447E-0008  -0.5770877E-0023  -0.5352432E-0006  -0.2812226E+0002
    10.30000   0.2018017E+0001   0.1097785E-0015   0.1254355E+0002   0.2807447E-0008   0.8275037E-0023  -0.5344809E-0006  -0.2812226E+0002
    10.30500   0.2018017E+0001   0.3454268E-0015   0.1254202E+0002   0.2807447E-0008  -0.5770877E-0023  -0.5312998E-0006  -0.2812226E+0002
    10.31000   0.2018017E+0001   0.3454268E-0015   0.1254045E+0002   0.2807447E-0008  -0.5770877E-0023  -0.5256673E-0006  -0.2812226E+0002
    10.31500   0.2018017E+0001   0.1097785E-0015   0.1253883E+0002   0.2807447E-0008  -0.5770877E-0023  -0.5175878E-0006  -0.2812226E+0002
    10.32000   0.2018017E+0001   0.1097785E-0015   0.1253716E+0002   0.2807447E-0008  -0.5770877E-0023  -0.5070808E-0006  -0.2812226E+0002
    10.32500   0.2018017E+0001   0.1097785E-0015   0.1253545E+0002   0.2807447E-0008   0.8271806E-0023  -0.4941493E-0006  -0.2812226E+0002
    10.33000   0.2018017E+0001   0.1097785E-0015   0.1253371E+0002   0.2807447E-0008   0.8271806E-0023  -0.4787633E-0006  -0.2812226E+0002
    10.33500   0.2018017E+0001   0.3454268E-0015   0.1253193E+0002   0.2807447E-0008  -0.5774108E-0023  -0.4608721E-0006  -0.2812226E+0002
    10.34000   0.2018017E+0001   0.3454268E-0015   0.1253012E+0002   0.2807447E-0008   0.8271806E-0023  -0.4404419E-0006  -0.2812226E+0002
    10.34500   0.2018017E+0001   0.3454268E-0015   0.1252829E+0002   0.2807447E-0008  -0.5774108E-0023  -0.4174984E-0006  -0.2812226E+0002
    10.35000   0.2018017E+0001   0.3454268E-0015   0.1252643E+0002   0.2807447E-0008  -0.5774108E-0023  -0.3921555E-0006  -0.2812226E+0002
    10.35500   0.2018017E+0001   0.1097785E-0015   0.1252456E+0002   0.2807447E-0008  -0.5774108E-0023  -0.3646213E-0006  -0.2812226E+0002
    10.36000   0.2018017E+0001   0.3454267E-0015   0.1252267E+0002   0.2807447E-0008  -0.5774108E-0023  -0.3351843E-0006  -0.2812226E+0002
    10.36500   0.2018017E+0001   0.3454267E-0015   0.1252077E+0002   0.2807447E-0008  -0.1279868E-0022  -0.3041902E-0006  -0.2812226E+0002
    10.37000   0.2018017E+0001   0.1097785E-0015   0.1251887E+0002   0.2807447E-0008  -0.5777340E-0023  -0.2720190E-0006  -0.2812226E+0002
    10.37500   0.2018017E+0001   0.1097785E-0015   0.1251695E+0002   0.2807447E-0008  -0.5777340E-0023  -0.2390690E-0006  -0.2812226E+0002
    10.38000   0.2018017E+0001   0.1097785E-0015   0.1251504E+0002   0.2807447E-0008  -0.5777340E-0023  -0.2057447E-0006  -0.2812226E+0002
    10.38500   0.2018017E+0001   0.3454267E-0015   0.1251313E+0002   0.2807447E-0008  -0.5777340E-0023  -0.1724484E-0006  -0.2812226E+0002
    10.39000   0.2018017E+0001   0.3454267E-0015   0.1251122E+0002   0.2807447E-0008  -0.2268284E-0023  -0.1395712E-0006  -0.2812226E+0002
    10.39500   0.2018017E+0001   0.3454267E-0015   0.1250931E+0002   0.2807447E-0008  -0.2268284E-0023  -0.1074815E-0006  -0.2812226E+0002
    10.40000   0.2018017E+0001   0.1097785E-0015   0.1250740E+0002   0.2807447E-0008   0.1244002E-0023  -0.7651452E-0007  -0.2812226E+0002
    10.40500   0.2018017E+0001   0.1097785E-0015   0.1250550E+0002   0.2807447E-0008  -0.2268284E-0023  -0.4696358E-0007  -0.2812226E+0002
    10.41000   0.2018017E+0001   0.1097785E-0015   0.1250360E+0002   0.2807447E-0008   0.3651227E-0024  -0.1908038E-0007  -0.2812226E+0002
    10.41500   0.2018017E+0001   0.1097785E-0015   0.1250170E+0002   0.2807447E-0008  -0.7108583E-0025   0.6914812E-0008  -0.2812226E+0002
    10.42000   0.2018017E+0001   0.3454267E-0015   0.1249980E+0002   0.2807447E-0008  -0.7108583E-0025   0.3081256E-0007  -0.2812226E+0002
    10.42500   0.2018017E+0001   0.3454267E-0015   0.1249790E+0002   0.2807447E-0008  -0.7108583E-0025   0.5239095E-0007  -0.2812226E+0002
    10.43000   0.2018017E+0001   0.1097785E-0015   0.1249600E+0002   0.2807447E-0008  -0.1828845E-0023   0.7139890E-0007  -0.2812226E+0002
    10.43500   0.2018017E+0001   0.1097785E-0015   0.1249410E+0002   0.2807447E-0008  -0.7431701E-0025   0.8755570E-0007  -0.2812226E+0002
    10.44000   0.2018017E+0001   0.1097785E-0015   0.1249220E+0002   0.2807447E-0008   0.1680211E-0023   0.1005697E-0006  -0.2812226E+0002
    10.44500   0.2018017E+0001   0.1097785E-0015   0.1249031E+0002   0.2807447E-0008   0.3434738E-0023   0.1101716E-0006  -0.2812226E+0002
    10.45000   0.2018017E+0001   0.3454267E-0015   0.1248842E+0002   0.2807447E-0008   0.3434738E-0023   0.1161515E-0006  -0.2812226E+0002
    10.45500   0.2018017E+0001  -0.1258697E-0015   0.1248652E+0002   0.2807447E-0008  -0.7754818E-0025   0.1183894E-0006  -0.2812226E+0002
    10.46000   0.2018017E+0001   0.1097785E-0015   0.1248463E+0002   0.2807447E-0008  -0.7754818E-0025   0.1168711E-0006  -0.2812226E+0002
    10.46500   0.2018017E+0001   0.1097785E-0015   0.1248274E+0002   0.2807447E-0008   0.3431507E-0023   0.1116887E-0006  -0.2812226E+0002
    10.47000   0.2018017E+0001   0.5810750E-0015   0.1248084E+0002   0.2807447E-0008  -0.8077936E-0025   0.1030271E-0006  -0.2812226E+0002
    10.47500   0.2018017E+0001   0.3454267E-0015   0.1247894E+0002   0.2807447E-0008  -0.8077936E-0025   0.9113932E-0007  -0.2812226E+0002
    10.48000   0.2018017E+0001   0.3454267E-0015   0.1247702E+0002   0.2807447E-0008   0.1676979E-0023   0.7631567E-0007  -0.2812226E+0002
    10.48500   0.2018017E+0001  -0.1258697E-0015   0.1247510E+0002   0.2807447E-0008   0.1676979E-0023   0.5884821E-0007  -0.2812226E+0002
    10.49000   0.2018017E+0001   0.1097785E-0015   0.1247317E+0002   0.2807447E-0008   0.1676979E-0023   0.3899705E-0007  -0.2812226E+0002
    10.49500   0.2018017E+0001   0.1097785E-0015   0.1247121E+0002   0.2807447E-0008   0.7981000E-0024   0.1696272E-0007  -0.2812226E+0002
    10.50000   0.2018017E+0001   0.1097785E-0015   0.1246924E+0002   0.2807447E-0008  -0.8077936E-0025  -0.7129917E-0008  -0.2812226E+0002
    10.50500   0.2018017E+0001   0.1097785E-0015   0.1246724E+0002   0.2807447E-0008   0.1357093E-0024  -0.3323375E-0007  -0.2812226E+0002
    10.51000   0.2018017E+0001   0.3454267E-0015   0.1246521E+0002   0.2807447E-0008   0.1011358E-0023  -0.6136864E-0007  -0.2812226E+0002
    10.51500   0.2018017E+0001   0.3454267E-0015   0.1246316E+0002   0.2807447E-0008  -0.7431701E-0024  -0.9159977E-0007  -0.2812226E+0002
    10.52000   0.2018017E+0001   0.3454267E-0015   0.1246106E+0002   0.2807447E-0008  -0.2497698E-0023  -0.1240067E-0006  -0.2812226E+0002
    10.52500   0.2018017E+0001  -0.1258697E-0015   0.1245894E+0002   0.2807447E-0008  -0.2497698E-0023  -0.1586443E-0006  -0.2812226E+0002
    10.53000   0.2018017E+0001   0.1097785E-0015   0.1245677E+0002   0.2807447E-0008  -0.2497698E-0023  -0.1954957E-0006  -0.2812226E+0002
    10.53500   0.2018017E+0001   0.1097785E-0015   0.1245456E+0002   0.2807447E-0008  -0.2497698E-0023  -0.2344224E-0006  -0.2812226E+0002
    10.54000   0.2018017E+0001   0.3454267E-0015   0.1245231E+0002   0.2807447E-0008  -0.2497698E-0023  -0.2751201E-0006  -0.2812226E+0002
    10.54500   0.2018017E+0001   0.3454267E-0015   0.1245001E+0002   0.2807447E-0008  -0.2500929E-0023  -0.3170882E-0006  -0.2812226E+0002
    10.55000   0.2018017E+0001   0.1097785E-0015   0.1244767E+0002   0.2807447E-0008  -0.9525502E-0023  -0.3596247E-0006  -0.2812226E+0002
    10.55500   0.2018017E+0001   0.1097785E-0015   0.1244529E+0002   0.2807447E-0008  -0.2500929E-0023  -0.4018457E-0006  -0.2812226E+0002
    10.56000   0.2018017E+0001   0.1097785E-0015   0.1244288E+0002   0.2807447E-0008  -0.9522271E-0023  -0.4427287E-0006  -0.2812226E+0002
    10.56500   0.2018017E+0001   0.1097785E-0015   0.1244043E+0002   0.2807447E-0008   0.4523644E-0023  -0.4811671E-0006  -0.2812226E+0002
    10.57000   0.2018017E+0001   0.1097785E-0015   0.1243795E+0002   0.2807447E-0008   0.4523644E-0023  -0.5160321E-0006  -0.2812226E+0002
    10.57500   0.2018017E+0001   0.1097785E-0015   0.1243545E+0002   0.2807447E-0008   0.4523644E-0023  -0.5462320E-0006  -0.2812226E+0002
    10.58000   0.2018017E+0001   0.1097785E-0015   0.1243293E+0002   0.2807447E-0008  -0.9522271E-0023  -0.5707713E-0006  -0.2812226E+0002
    10.58500   0.2018017E+0001   0.1097785E-0015   0.1243040E+0002   0.2807447E-0008  -0.9522271E-0023  -0.5888063E-0006  -0.2812226E+0002
    10.59000   0.2018017E+0001   0.3454267E-0015   0.1242786E+0002   0.2807447E-0008   0.4522028E-0023  -0.5996971E-0006  -0.2812226E+0002
    10.59500   0.2018017E+0001   0.1097785E-0015   0.1242532E+0002   0.2807447E-0008  -0.2356980E-0022  -0.6030497E-0006  -0.2812226E+0002
    10.60000   0.2018017E+0001   0.1097785E-0015   0.1242278E+0002   0.2807447E-0008  -0.9523886E-0023  -0.5987409E-0006  -0.2812226E+0002
    10.60500   0.2018017E+0001   0.1097785E-0015   0.1242025E+0002   0.2807447E-0008  -0.9523886E-0023  -0.5869176E-0006  -0.2812226E+0002
    10.61000   0.2018017E+0001   0.3454267E-0015   0.1241773E+0002   0.2807447E-0008  -0.9523886E-0023  -0.5679650E-0006  -0.2812226E+0002
    10.61500   0.2018017E+0001   0.3454267E-0015   0.1241523E+0002   0.2807447E-0008  -0.9523886E-0023  -0.5424447E-0006  -0.2812226E+0002
    10.62000   0.2018017E+0001   0.5810750E-0015   0.1241273E+0002   0.2807447E-0008  -0.9523886E-0023  -0.5110087E-0006  -0.2812226E+0002
    10.62500   0.2018017E+0001   0.3454267E-0015   0.1241026E+0002   0.2807447E-0008  -0.9523886E-0023  -0.4743038E-0006  -0.2812226E+0002
    10.63000   0.2018017E+0001   0.1097785E-0015   0.1240780E+0002   0.2807447E-0008   0.4522028E-0023  -0.4328846E-0006  -0.2812226E+0002
    10.63500   0.2018017E+0001   0.3454267E-0015   0.1240536E+0002   0.2807447E-0008  -0.9523886E-0023  -0.3871534E-0006  -0.2812226E+0002
    10.64000   0.2018017E+0001   0.1097785E-0015   0.1240294E+0002   0.2807447E-0008   0.4522028E-0023  -0.3373427E-0006  -0.2812226E+0002
    10.64500   0.2018017E+0001   0.3454267E-0015   0.1240052E+0002   0.2807447E-0008  -0.2500929E-0023  -0.2835452E-0006  -0.2812226E+0002
    10.65000   0.2018017E+0001   0.1097785E-0015   0.1239812E+0002   0.2807447E-0008  -0.2500929E-0023  -0.2257851E-0006  -0.2812226E+0002
    10.65500   0.2018017E+0001   0.1097785E-0015   0.1239574E+0002   0.2807447E-0008  -0.2500929E-0023  -0.1641149E-0006  -0.2812226E+0002
    10.66000   0.2018017E+0001   0.3454267E-0015   0.1239335E+0002   0.2807447E-0008  -0.2500929E-0023  -0.9871157E-0007  -0.2812226E+0002
    10.66500   0.2018017E+0001   0.3454267E-0015   0.1239098E+0002   0.2807447E-0008  -0.7447857E-0024  -0.2995078E-0007  -0.2812226E+0002
    10.67000   0.2018017E+0001   0.1097785E-0015   0.1238861E+0002   0.2807447E-0008  -0.7431701E-0024   0.4156195E-0007  -0.2812226E+0002
    10.67500   0.2018017E+0001   0.3454267E-0015   0.1238623E+0002   0.2807447E-0008   0.1014589E-0023   0.1150077E-0006  -0.2812226E+0002
    10.68000   0.2018017E+0001   0.3454267E-0015   0.1238385E+0002   0.2807447E-0008   0.1014589E-0023   0.1894152E-0006  -0.2812226E+0002
    10.68500   0.2018017E+0001   0.1097785E-0015   0.1238146E+0002   0.2807447E-0008   0.1014589E-0023   0.2637489E-0006  -0.2812226E+0002
    10.69000   0.2018017E+0001   0.5810750E-0015   0.1237906E+0002   0.2807447E-0008   0.1014589E-0023   0.3370033E-0006  -0.2812226E+0002
    10.69500   0.2018017E+0001   0.3454267E-0015   0.1237664E+0002   0.2807447E-0008   0.1014589E-0023   0.4082794E-0006  -0.2812226E+0002
    10.70000   0.2018017E+0001   0.1097785E-0015   0.1237420E+0002   0.2807447E-0008   0.1506050E-0022   0.4768271E-0006  -0.2812226E+0002
    10.70500   0.2018017E+0001   0.1097785E-0015   0.1237174E+0002   0.2807447E-0008   0.1014589E-0023   0.5420446E-0006  -0.2812226E+0002
    10.71000   0.2018017E+0001   0.3454267E-0015   0.1236924E+0002   0.2807447E-0008   0.1014589E-0023   0.6034398E-0006  -0.2812226E+0002
    10.71500   0.2018017E+0001   0.3454267E-0015   0.1236671E+0002   0.2807447E-0008   0.1014589E-0023   0.6605673E-0006  -0.2812226E+0002
    10.72000   0.2018017E+0001   0.1097785E-0015   0.1236414E+0002   0.2807447E-0008   0.1014589E-0023   0.7129598E-0006  -0.2812226E+0002
    10.72500   0.2018017E+0001   0.3454267E-0015   0.1236154E+0002   0.2807447E-0008   0.1014589E-0023   0.7600731E-0006  -0.2812226E+0002
    10.73000   0.2018017E+0001   0.3454267E-0015   0.1235890E+0002   0.2807447E-0008  -0.1303133E-0022   0.8012580E-0006  -0.2812226E+0002
    10.73500   0.2018017E+0001   0.3454267E-0015   0.1235621E+0002   0.2807447E-0008   0.1506050E-0022   0.8357636E-0006  -0.2812226E+0002
    10.74000   0.2018017E+0001   0.3454267E-0015   0.1235349E+0002   0.2807447E-0008   0.1505727E-0022   0.8627710E-0006  -0.2812226E+0002
    10.74500   0.2018017E+0001   0.3454267E-0015   0.1235073E+0002   0.2807447E-0008   0.1505727E-0022   0.8814474E-0006  -0.2812226E+0002
    10.75000   0.2018017E+0001   0.3454267E-0015   0.1234792E+0002   0.2807447E-0008   0.1505727E-0022   0.8910148E-0006  -0.2812226E+0002
    10.75500   0.2018017E+0001   0.1097785E-0015   0.1234508E+0002   0.2807447E-0008  -0.1303456E-0022   0.8908240E-0006  -0.2812226E+0002
    10.76000   0.2018017E+0001   0.3454267E-0015   0.1234221E+0002   0.2807447E-0008   0.1505727E-0022   0.8804289E-0006  -0.2812226E+0002
    10.76500   0.2018017E+0001   0.1097785E-0015   0.1233930E+0002   0.2807447E-0008   0.1505727E-0022   0.8596606E-0006  -0.2812226E+0002
    10.77000   0.2018017E+0001   0.1097785E-0015   0.1233637E+0002   0.2807447E-0008   0.1505727E-0022   0.8286963E-0006  -0.2812226E+0002
    10.77500   0.2018017E+0001   0.1097785E-0015   0.1233340E+0002   0.2807447E-0008   0.1505727E-0022   0.7881225E-0006  -0.2812226E+0002
    10.78000   0.2018017E+0001   0.1097785E-0015   0.1233042E+0002   0.2807447E-0008   0.1505727E-0022   0.7389851E-0006  -0.2812226E+0002
    10.78500   0.2018017E+0001   0.5810750E-0015   0.1232741E+0002   0.2807447E-0008   0.2909996E-0022   0.6828205E-0006  -0.2812226E+0002
    10.79000   0.2018017E+0001   0.3454267E-0015   0.1232438E+0002   0.2807447E-0008   0.1505081E-0022   0.6216597E-0006  -0.2812226E+0002
    10.79500   0.2018017E+0001   0.1097785E-0015   0.1232133E+0002   0.2807447E-0008   0.1008126E-0023   0.5579982E-0006  -0.2812226E+0002
    10.80000   0.2018017E+0001   0.1097785E-0015   0.1231826E+0002   0.2807447E-0008   0.1008126E-0023   0.4947296E-0006  -0.2812226E+0002
    10.80500   0.2018017E+0001   0.1097785E-0015   0.1231518E+0002   0.2807447E-0008   0.1008126E-0023   0.4350421E-0006  -0.2812226E+0002
    10.81000   0.2018017E+0001   0.3454267E-0015   0.1231209E+0002   0.2807447E-0008   0.1008126E-0023   0.3822848E-0006  -0.2812226E+0002
    10.81500   0.2018017E+0001   0.1097785E-0015   0.1230897E+0002   0.2807447E-0008   0.8032699E-0023   0.3398082E-0006  -0.2812226E+0002
    10.82000   0.2018017E+0001   0.3454267E-0015   0.1230585E+0002   0.2807447E-0008   0.1008126E-0023   0.3107857E-0006  -0.2812226E+0002
    10.82500   0.2018017E+0001   0.3454267E-0015   0.1230271E+0002   0.2807447E-0008   0.8032699E-0023   0.2980252E-0006  -0.2812226E+0002
    10.83000   0.2018017E+0001   0.1097785E-0015   0.1229956E+0002   0.2807447E-0008   0.1014589E-0023   0.3037746E-0006  -0.2812226E+0002
    10.83500   0.2018017E+0001   0.1097785E-0015   0.1229640E+0002   0.2807447E-0008   0.1014589E-0023   0.3295343E-0006  -0.2812226E+0002
    10.84000   0.2018017E+0001   0.1097785E-0015   0.1229324E+0002   0.2807447E-0008   0.1014589E-0023   0.3758859E-0006  -0.2812226E+0002
    10.84500   0.2018017E+0001   0.3454267E-0015   0.1229008E+0002   0.2807447E-0008   0.1014589E-0023   0.4423532E-0006  -0.2812226E+0002
    10.85000   0.2018017E+0001   0.1097785E-0015   0.1228692E+0002   0.2807447E-0008   0.1014589E-0023   0.5273066E-0006  -0.2812226E+0002
    10.85500   0.2018017E+0001   0.3454267E-0015   0.1228377E+0002   0.2807447E-0008   0.1014589E-0023   0.6279166E-0006  -0.2812226E+0002
    10.86000   0.2018017E+0001   0.3454267E-0015   0.1228063E+0002   0.2807447E-0008   0.1014589E-0023   0.7401566E-0006  -0.2812226E+0002
    10.86500   0.2018017E+0001   0.1097785E-0015   0.1227751E+0002   0.2807447E-0008   0.1014589E-0023   0.8588474E-0006  -0.2812226E+0002
    10.87000   0.2018017E+0001   0.3454267E-0015   0.1227442E+0002   0.2807447E-0008   0.1014589E-0023   0.9777360E-0006  -0.2812226E+0002
    10.87500   0.2018017E+0001   0.1097785E-0015   0.1227136E+0002   0.2807447E-0008   0.2910642E-0022   0.1089610E-0005  -0.2812226E+0002
    10.88000   0.2018017E+0001   0.1097785E-0015   0.1226833E+0002   0.2807447E-0008   0.1014589E-0023   0.1186457E-0005  -0.2812226E+0002
    10.88500   0.2018017E+0001  -0.1258697E-0015   0.1226534E+0002   0.2807447E-0008  -0.2707724E-0022   0.1259684E-0005  -0.2812226E+0002
    10.89000   0.2018017E+0001   0.3454267E-0015   0.1226239E+0002   0.2807447E-0008   0.2910642E-0022   0.1300424E-0005  -0.2812226E+0002
    10.89500   0.2018017E+0001   0.3454267E-0015   0.1225948E+0002   0.2807447E-0008   0.1014589E-0023   0.1299928E-0005  -0.2812226E+0002
    10.90000   0.2018017E+0001   0.3454267E-0015   0.1225661E+0002   0.2807447E-0008   0.1014589E-0023   0.1250058E-0005  -0.2812226E+0002
    10.90500   0.2018017E+0001   0.3454267E-0015   0.1225377E+0002   0.2807447E-0008   0.2910642E-0022   0.1143831E-0005  -0.2812226E+0002
    10.91000   0.2018017E+0001   0.3454267E-0015   0.1225095E+0002   0.2807447E-0008   0.1021051E-0023   0.9760081E-0006  -0.2812226E+0002
    10.91500   0.2018017E+0001   0.1097785E-0015   0.1224814E+0002   0.2807447E-0008   0.2911288E-0022   0.7436629E-0006  -0.2812226E+0002
    10.92000   0.2018017E+0001   0.3454267E-0015   0.1224532E+0002   0.2807447E-0008   0.1506697E-0022   0.4466986E-0006  -0.2812226E+0002
    10.92500   0.2018017E+0001   0.3454267E-0015   0.1224249E+0002   0.2807447E-0008   0.1021051E-0023   0.8827205E-0007  -0.2812226E+0002
    10.93000   0.2018017E+0001   0.3454267E-0015   0.1223961E+0002   0.2807447E-0008  -0.7334766E-0024  -0.3249107E-0006  -0.2812226E+0002
    10.93500   0.2018017E+0001   0.5810750E-0015   0.1223668E+0002   0.2807447E-0008  -0.7334766E-0024  -0.7824576E-0006  -0.2812226E+0002
    10.94000   0.2018017E+0001   0.3454267E-0015   0.1223367E+0002   0.2807447E-0008  -0.1477939E-0022  -0.1270336E-0005  -0.2812226E+0002
    10.94500   0.2018017E+0001   0.3454267E-0015   0.1223056E+0002   0.2807447E-0008   0.1331244E-0022  -0.1771116E-0005  -0.2812226E+0002
    10.95000   0.2018017E+0001   0.3454267E-0015   0.1222733E+0002   0.2807447E-0008  -0.4286960E-0022  -0.2264413E-0005  -0.2812226E+0002
    10.95500   0.2018017E+0001   0.1097785E-0015   0.1222398E+0002   0.2807447E-0008  -0.4286960E-0022  -0.2727522E-0005  -0.2812226E+0002
    10.96000   0.2018017E+0001   0.3454267E-0015   0.1222049E+0002   0.2807447E-0008  -0.9905165E-0022  -0.3136209E-0005  -0.2812226E+0002
    10.96500   0.2018017E+0001   0.1097785E-0015   0.1221685E+0002   0.2807447E-0008   0.1331486E-0022  -0.3465629E-0005  -0.2812226E+0002
    10.97000   0.2018017E+0001   0.5810750E-0015   0.1221307E+0002   0.2807447E-0008  -0.9905084E-0022  -0.3691337E-0005  -0.2812226E+0002
    10.97500   0.2018017E+0001   0.1097785E-0015   0.1220914E+0002   0.2807447E-0008  -0.9905084E-0022  -0.3790323E-0005  -0.2812226E+0002
    10.98000   0.2018017E+0001   0.1097785E-0015   0.1220508E+0002   0.2807447E-0008  -0.9905084E-0022  -0.3742042E-0005  -0.2812226E+0002
    10.98500   0.2018017E+0001   0.1097785E-0015   0.1220091E+0002   0.2807447E-0008  -0.9905084E-0022  -0.3529382E-0005  -0.2812226E+0002
    10.99000   0.2018017E+0001   0.3454267E-0015   0.1219664E+0002   0.2807447E-0008  -0.9905084E-0022  -0.3139509E-0005  -0.2812226E+0002
    10.99500   0.2018017E+0001   0.1097785E-0015   0.1219230E+0002   0.2807447E-0008  -0.4286799E-0022  -0.2564573E-0005  -0.2812226E+0002
    11.00000   0.2018017E+0001   0.1097785E-0015   0.1218792E+0002   0.2807447E-0008   0.1331405E-0022  -0.1802210E-0005  -0.2812226E+0002
    11.00500   0.2018017E+0001   0.3454267E-0015   0.1218355E+0002   0.2807447E-0008  -0.4286799E-0022  -0.8558446E-0006  -0.2812226E+0002
    11.01000   0.2018017E+0001   0.3454267E-0015   0.1217923E+0002   0.2807447E-0008  -0.1477616E-0022   0.2652269E-0006  -0.2812226E+0002
    11.01500   0.2018017E+0001   0.3454267E-0015   0.1217500E+0002   0.2807447E-0008   0.6292712E-0023   0.1545974E-0005  -0.2812226E+0002
    11.02000   0.2018017E+0001   0.1097785E-0015   0.1217090E+0002   0.2807447E-0008   0.6292712E-0023   0.2965969E-0005  -0.2812226E+0002
    11.02500   0.2018017E+0001   0.1097785E-0015   0.1216700E+0002   0.2807447E-0008   0.6247637E-0022   0.4499898E-0005  -0.2812226E+0002
    11.03000   0.2018017E+0001   0.3454267E-0015   0.1216333E+0002   0.2807447E-0008   0.6247637E-0022   0.6118213E-0005  -0.2812226E+0002
    11.03500   0.2018017E+0001   0.1097785E-0015   0.1215996E+0002   0.2807447E-0008   0.1748421E-0021   0.7787852E-0005  -0.2812226E+0002
    11.04000   0.2018017E+0001   0.1097785E-0015   0.1215694E+0002   0.2807447E-0008   0.1748421E-0021   0.9472987E-0005  -0.2812226E+0002
    11.04500   0.2018017E+0001   0.1097785E-0015   0.1215431E+0002   0.2807447E-0008  -0.4988933E-0022   0.1113573E-0004  -0.2812226E+0002
    11.05000   0.2018017E+0001   0.1097785E-0015   0.1215213E+0002   0.2807447E-0008  -0.4988933E-0022   0.1273678E-0004  -0.2812226E+0002
    11.05500   0.2018017E+0001   0.5810750E-0015   0.1215043E+0002   0.2807447E-0008  -0.2746207E-0021   0.1423605E-0004  -0.2812226E+0002
    11.06000   0.2018017E+0001   0.1097785E-0015   0.1214925E+0002   0.2807447E-0008  -0.2746207E-0021   0.1559322E-0004  -0.2812226E+0002
    11.06500   0.2018017E+0001   0.3454267E-0015   0.1214864E+0002   0.2807447E-0008  -0.2746207E-0021   0.1676854E-0004  -0.2812226E+0002
    11.07000   0.2018017E+0001   0.3454267E-0015   0.1214861E+0002   0.2807447E-0008   0.1748421E-0021   0.1772365E-0004  -0.2812226E+0002
    11.07500   0.2018017E+0001   0.3454267E-0015   0.1214919E+0002   0.2807447E-0008   0.1748421E-0021   0.1842282E-0004  -0.2812226E+0002
    11.08000   0.2018017E+0001   0.3454267E-0015   0.1215038E+0002   0.2807447E-0008   0.1748421E-0021   0.1883436E-0004  -0.2812226E+0002
    11.08500   0.2018017E+0001   0.3454267E-0015   0.1215221E+0002   0.2807447E-0008   0.1748421E-0021   0.1893220E-0004  -0.2812226E+0002
    11.09000   0.2018017E+0001   0.1097785E-0015   0.1215466E+0002   0.2807447E-0008  -0.2746211E-0021   0.1869749E-0004  -0.2812226E+0002
    11.09500   0.2018017E+0001   0.1097785E-0015   0.1215772E+0002   0.2807447E-0008   0.1748425E-0021   0.1811994E-0004  -0.2812226E+0002
    11.10000   0.2018017E+0001   0.1097785E-0015   0.1216138E+0002   0.2807447E-0008   0.1748421E-0021   0.1719865E-0004  -0.2812226E+0002
    11.10500   0.2018017E+0001   0.1097785E-0015   0.1216562E+0002   0.2807447E-0008   0.1748421E-0021   0.1594241E-0004  -0.2812226E+0002
    11.11000   0.2018017E+0001   0.1097785E-0015   0.1217040E+0002   0.2807447E-0008   0.1748421E-0021   0.1436925E-0004  -0.2812226E+0002
    11.11500   0.2018017E+0001   0.1097785E-0015   0.1217569E+0002   0.2807447E-0008   0.1748421E-0021   0.1250555E-0004  -0.2812226E+0002
    11.12000   0.2018017E+0001   0.1097785E-0015   0.1218143E+0002   0.2807447E-0008   0.1748421E-0021   0.1038469E-0004  -0.2812226E+0002
    11.12500   0.2018017E+0001   0.3454267E-0015   0.1218758E+0002   0.2807447E-0008  -0.4988933E-0022   0.8045582E-0005  -0.2812226E+0002
    11.13000   0.2018017E+0001   0.3454267E-0015   0.1219408E+0002   0.2807447E-0008   0.1748421E-0021   0.5531216E-0005  -0.2812226E+0002
    11.13500   0.2018017E+0001   0.3454267E-0015   0.1220089E+0002   0.2807447E-0008  -0.1622566E-0021   0.2887310E-0005  -0.2812226E+0002
    11.14000   0.2018017E+0001   0.1097785E-0015   0.1220793E+0002   0.2807447E-0008   0.6294327E-0023   0.1612012E-0006  -0.2812226E+0002
    11.14500   0.2018017E+0001   0.3454267E-0015   0.1221518E+0002   0.2807447E-0008   0.2782041E-0023  -0.2599053E-0005  -0.2812226E+0002
    11.15000   0.2018017E+0001   0.3454267E-0015   0.1222256E+0002   0.2807447E-0008   0.2785272E-0023  -0.5345322E-0005  -0.2812226E+0002
    11.15500   0.2018017E+0001   0.1097785E-0015   0.1223004E+0002   0.2807447E-0008   0.2785272E-0023  -0.8029877E-0005  -0.2812226E+0002
    11.16000   0.2018017E+0001   0.3454267E-0015   0.1223758E+0002   0.2807447E-0008   0.2778810E-0023  -0.1060584E-0004  -0.2812226E+0002
    11.16500   0.2018017E+0001   0.3454267E-0015   0.1224514E+0002   0.2807447E-0008  -0.2219494E-0021  -0.1302792E-0004  -0.2812226E+0002
    11.17000   0.2018017E+0001   0.1097785E-0015   0.1225269E+0002   0.2807447E-0008   0.2785272E-0023  -0.1525368E-0004  -0.2812226E+0002
    11.17500   0.2018017E+0001   0.1097785E-0015   0.1226022E+0002   0.2807447E-0008  -0.4466775E-0021  -0.1724563E-0004  -0.2812226E+0002
    11.18000   0.2018017E+0001   0.1097785E-0015   0.1226770E+0002   0.2807447E-0008   0.2785272E-0023  -0.1897404E-0004  -0.2812226E+0002
    11.18500   0.2018017E+0001   0.5810750E-0015   0.1227512E+0002   0.2807447E-0008  -0.4466775E-0021  -0.2041981E-0004  -0.2812226E+0002
    11.19000   0.2018017E+0001   0.1097785E-0015   0.1228248E+0002   0.2807447E-0008  -0.4466775E-0021  -0.2157688E-0004  -0.2812226E+0002
    11.19500   0.2018017E+0001   0.3454267E-0015   0.1228975E+0002   0.2807447E-0008  -0.4466775E-0021  -0.2245277E-0004  -0.2812226E+0002
    11.20000   0.2018017E+0001   0.3454267E-0015   0.1229692E+0002   0.2807447E-0008  -0.2219429E-0021  -0.2306701E-0004  -0.2812226E+0002
    11.20500   0.2018017E+0001   0.1097785E-0015   0.1230398E+0002   0.2807447E-0008  -0.2219429E-0021  -0.2344704E-0004  -0.2812226E+0002
    11.21000   0.2018017E+0001   0.3454267E-0015   0.1231089E+0002   0.2807447E-0008   0.2785272E-0023  -0.2362254E-0004  -0.2812226E+0002
    11.21500   0.2018017E+0001   0.1097785E-0015   0.1231761E+0002   0.2807447E-0008   0.2275134E-0021  -0.2361932E-0004  -0.2812226E+0002
    11.22000   0.2018017E+0001   0.1097785E-0015   0.1232409E+0002   0.2807447E-0008  -0.6714122E-0021  -0.2345447E-0004  -0.2812226E+0002
    11.22500   0.2018017E+0001   0.3454267E-0015   0.1233026E+0002   0.2807447E-0008   0.6769762E-0021  -0.2313374E-0004  -0.2812226E+0002
    11.23000   0.2018017E+0001   0.3454267E-0015   0.1233604E+0002   0.2807447E-0008   0.2778810E-0023  -0.2265189E-0004  -0.2812226E+0002
    11.23500   0.2018017E+0001   0.3454267E-0015   0.1234135E+0002   0.2807447E-0008   0.2275070E-0021  -0.2199541E-0004  -0.2812226E+0002
    11.24000   0.2018017E+0001   0.3454267E-0015   0.1234609E+0002   0.2807447E-0008  -0.2219558E-0021  -0.2114713E-0004  -0.2812226E+0002
    11.24500   0.2018017E+0001   0.1097785E-0015   0.1235019E+0002   0.2807447E-0008   0.2772348E-0023  -0.2009118E-0004  -0.2812226E+0002
    11.25000   0.2018017E+0001   0.1097785E-0015   0.1235358E+0002   0.2807447E-0008   0.2765885E-0023  -0.1881774E-0004  -0.2812226E+0002
    11.25500   0.2018017E+0001   0.1097785E-0015   0.1235618E+0002   0.2807447E-0008  -0.2219623E-0021  -0.1732664E-0004  -0.2812226E+0002
    11.26000   0.2018017E+0001   0.1097785E-0015   0.1235799E+0002   0.2807447E-0008   0.2765885E-0023  -0.1562978E-0004  -0.2812226E+0002
    11.26500   0.2018017E+0001   0.3454267E-0015   0.1235897E+0002   0.2807447E-0008  -0.2219623E-0021  -0.1375186E-0004  -0.2812226E+0002
    11.27000   0.2018017E+0001   0.3454267E-0015   0.1235916E+0002   0.2807447E-0008   0.2765885E-0023  -0.1172966E-0004  -0.2812226E+0002
    11.27500   0.2018017E+0001   0.3454267E-0015   0.1235858E+0002   0.2807447E-0008   0.2765885E-0023  -0.9609631E-0005  -0.2812226E+0002
    11.28000   0.2018017E+0001   0.1097785E-0015   0.1235731E+0002   0.2807447E-0008  -0.1096014E-0021  -0.7444089E-0005  -0.2812226E+0002
    11.28500   0.2018017E+0001   0.1097785E-0015   0.1235543E+0002   0.2807447E-0008  -0.1096014E-0021  -0.5286448E-0005  -0.2812226E+0002
    11.29000   0.2018017E+0001   0.3454267E-0015   0.1235302E+0002   0.2807447E-0008   0.2765885E-0023  -0.3186368E-0005  -0.2812226E+0002
    11.29500   0.2018017E+0001   0.3454267E-0015   0.1235020E+0002   0.2807447E-0008  -0.5341131E-0022  -0.1185694E-0005  -0.2812226E+0002
    11.30000   0.2018017E+0001   0.3454267E-0015   0.1234708E+0002   0.2807447E-0008   0.2772348E-0023   0.6840243E-0006  -0.2812226E+0002
    11.30500   0.2018017E+0001  -0.1258697E-0015   0.1234376E+0002   0.2807447E-0008   0.1681503E-0022   0.2402123E-0005  -0.2812226E+0002
    11.31000   0.2018017E+0001   0.1097785E-0015   0.1234035E+0002   0.2807447E-0008   0.1681503E-0022   0.3957714E-0005  -0.2812226E+0002
    11.31500   0.2018017E+0001   0.1097785E-0015   0.1233696E+0002   0.2807447E-0008   0.1291823E-0021   0.5347560E-0005  -0.2812226E+0002
    11.32000   0.2018017E+0001   0.3454267E-0015   0.1233369E+0002   0.2807447E-0008   0.1682149E-0022   0.6573772E-0005  -0.2812226E+0002
    11.32500   0.2018017E+0001   0.1097785E-0015   0.1233062E+0002   0.2807447E-0008   0.1682149E-0022   0.7642078E-0005  -0.2812226E+0002
    11.33000   0.2018017E+0001   0.1097785E-0015   0.1232783E+0002   0.2807447E-0008   0.2415497E-0021   0.8561003E-0005  -0.2812226E+0002
    11.33500   0.2018017E+0001   0.3454267E-0015   0.1232537E+0002   0.2807447E-0008   0.1681503E-0022   0.9341844E-0005  -0.2812226E+0002
    11.34000   0.2018017E+0001  -0.1258697E-0015   0.1232331E+0002   0.2807447E-0008   0.1681503E-0022   0.9998904E-0005  -0.2812226E+0002
    11.34500   0.2018017E+0001   0.1097785E-0015   0.1232166E+0002   0.2807447E-0008   0.2415497E-0021   0.1054933E-0004  -0.2812226E+0002
    11.35000   0.2018017E+0001   0.1097785E-0015   0.1232047E+0002   0.2807447E-0008   0.2415497E-0021   0.1101212E-0004  -0.2812226E+0002
    11.35500   0.2018017E+0001   0.1097785E-0015   0.1231974E+0002   0.2807447E-0008   0.2415497E-0021   0.1140620E-0004  -0.2812226E+0002
    11.36000   0.2018017E+0001   0.3454267E-0015   0.1231949E+0002   0.2807447E-0008   0.1681826E-0022   0.1174823E-0004  -0.2812226E+0002
    11.36500   0.2018017E+0001   0.1097785E-0015   0.1231972E+0002   0.2807447E-0008   0.2415497E-0021   0.1205056E-0004  -0.2812226E+0002
    11.37000   0.2018017E+0001   0.3454268E-0015   0.1232041E+0002   0.2807447E-0008   0.2415497E-0021   0.1232013E-0004  -0.2812226E+0002
    11.37500   0.2018017E+0001   0.3454268E-0015   0.1232155E+0002   0.2807447E-0008   0.2415497E-0021   0.1255829E-0004  -0.2812226E+0002
    11.38000   0.2018017E+0001   0.1097785E-0015   0.1232313E+0002   0.2807447E-0008   0.4662811E-0021   0.1276111E-0004  -0.2812226E+0002
    11.38500   0.2018017E+0001   0.3454268E-0015   0.1232512E+0002   0.2807447E-0008   0.2415497E-0021   0.1291991E-0004  -0.2812226E+0002
    11.39000   0.2018017E+0001   0.3454268E-0015   0.1232746E+0002   0.2807447E-0008   0.4662811E-0021   0.1302149E-0004  -0.2812226E+0002
    11.39500   0.2018017E+0001   0.3454268E-0015   0.1233013E+0002   0.2807447E-0008   0.1681826E-0022   0.1304876E-0004  -0.2812226E+0002
    11.40000   0.2018017E+0001   0.3454268E-0015   0.1233305E+0002   0.2807447E-0008   0.2415497E-0021   0.1298201E-0004  -0.2812226E+0002
    11.40500   0.2018017E+0001   0.3454268E-0015   0.1233617E+0002   0.2807447E-0008   0.2415497E-0021   0.1280171E-0004  -0.2812226E+0002
    11.41000   0.2018017E+0001   0.1097785E-0015   0.1233941E+0002   0.2807447E-0008   0.4662811E-0021   0.1249227E-0004  -0.2812226E+0002
    11.41500   0.2018017E+0001   0.3454268E-0015   0.1234271E+0002   0.2807447E-0008   0.1681826E-0022   0.1204589E-0004  -0.2812226E+0002
    11.42000   0.2018017E+0001   0.3454268E-0015   0.1234597E+0002   0.2807447E-0008   0.2415497E-0021   0.1146501E-0004  -0.2812226E+0002
    11.42500   0.2018017E+0001   0.1097785E-0015   0.1234913E+0002   0.2807447E-0008   0.2415497E-0021   0.1076227E-0004  -0.2812226E+0002
    11.43000   0.2018017E+0001   0.3454268E-0015   0.1235211E+0002   0.2807447E-0008   0.2415497E-0021   0.9958078E-0005  -0.2812226E+0002
    11.43500   0.2018017E+0001   0.5810750E-0015   0.1235486E+0002   0.2807447E-0008   0.1681826E-0022   0.9076681E-0005  -0.2812226E+0002
    11.44000   0.2018017E+0001   0.1097785E-0015   0.1235733E+0002   0.2807447E-0008   0.1681503E-0022   0.8142611E-0005  -0.2812226E+0002
    11.44500   0.2018017E+0001   0.1097785E-0015   0.1235947E+0002   0.2807447E-0008   0.2415464E-0021   0.7178529E-0005  -0.2812226E+0002
    11.45000   0.2018017E+0001   0.1097785E-0015   0.1236125E+0002   0.2807447E-0008   0.1681503E-0022   0.6204872E-0005  -0.2812226E+0002
    11.45500   0.2018017E+0001   0.1097785E-0015   0.1236267E+0002   0.2807447E-0008   0.1291791E-0021   0.5240519E-0005  -0.2812226E+0002
    11.46000   0.2018017E+0001   0.1097785E-0015   0.1236370E+0002   0.2807447E-0008   0.1681503E-0022   0.4303274E-0005  -0.2812226E+0002
    11.46500   0.2018017E+0001   0.1097785E-0015   0.1236434E+0002   0.2807447E-0008   0.1291791E-0021   0.3409334E-0005  -0.2812226E+0002
    11.47000   0.2018017E+0001  -0.1258697E-0015   0.1236459E+0002   0.2807447E-0008   0.1681180E-0022   0.2571717E-0005  -0.2812226E+0002
    11.47500   0.2018017E+0001   0.3454268E-0015   0.1236445E+0002   0.2807447E-0008  -0.3937186E-0022   0.1798505E-0005  -0.2812226E+0002
    11.48000   0.2018017E+0001   0.1097785E-0015   0.1236395E+0002   0.2807447E-0008   0.7299546E-0022   0.1091992E-0005  -0.2812226E+0002
    11.48500   0.2018017E+0001   0.1097785E-0015   0.1236308E+0002   0.2807447E-0008   0.4490363E-0022   0.4494378E-0006  -0.2812226E+0002
    11.49000   0.2018017E+0001   0.3454268E-0015   0.1236187E+0002   0.2807447E-0008   0.2769116E-0023  -0.1347090E-0006  -0.2812226E+0002
    11.49500   0.2018017E+0001   0.1097785E-0015   0.1236034E+0002   0.2807447E-0008  -0.4255457E-0023  -0.6660007E-0006  -0.2812226E+0002
    11.50000   0.2018017E+0001   0.1097785E-0015   0.1235851E+0002   0.2807447E-0008  -0.1830137E-0022  -0.1147763E-0005  -0.2812226E+0002
    11.50500   0.2018017E+0001   0.3454268E-0015   0.1235640E+0002   0.2807447E-0008  -0.1830137E-0022  -0.1580249E-0005  -0.2812226E+0002
    11.51000   0.2018017E+0001   0.1097785E-0015   0.1235403E+0002   0.2807447E-0008  -0.1830137E-0022  -0.1961255E-0005  -0.2812226E+0002
    11.51500   0.2018017E+0001   0.1097785E-0015   0.1235143E+0002   0.2807447E-0008  -0.1830137E-0022  -0.2287567E-0005  -0.2812226E+0002
    11.52000   0.2018017E+0001   0.1097785E-0015   0.1234862E+0002   0.2807447E-0008  -0.1830137E-0022  -0.2556332E-0005  -0.2812226E+0002
    11.52500   0.2018017E+0001   0.1097785E-0015   0.1234563E+0002   0.2807447E-0008  -0.1830137E-0022  -0.2765684E-0005  -0.2812226E+0002
    11.53000   0.2018017E+0001   0.3454268E-0015   0.1234249E+0002   0.2807447E-0008  -0.7448503E-0022  -0.2914566E-0005  -0.2812226E+0002
    11.53500   0.2018017E+0001   0.3454268E-0015   0.1233921E+0002   0.2807447E-0008   0.3788229E-0022  -0.3002233E-0005  -0.2812226E+0002
    11.54000   0.2018017E+0001   0.3454268E-0015   0.1233583E+0002   0.2807447E-0008  -0.1830137E-0022  -0.3028098E-0005  -0.2812226E+0002
    11.54500   0.2018017E+0001   0.1097785E-0015   0.1233236E+0002   0.2807447E-0008  -0.1830137E-0022  -0.2992325E-0005  -0.2812226E+0002
    11.55000   0.2018017E+0001   0.3454268E-0015   0.1232882E+0002   0.2807447E-0008  -0.1830137E-0022  -0.2896973E-0005  -0.2812226E+0002
    11.55500   0.2018017E+0001   0.3454268E-0015   0.1232523E+0002   0.2807447E-0008  -0.7448180E-0022  -0.2747075E-0005  -0.2812226E+0002
    11.56000   0.2018017E+0001   0.1097785E-0015   0.1232162E+0002   0.2807447E-0008   0.3788552E-0022  -0.2550948E-0005  -0.2812226E+0002
    11.56500   0.2018017E+0001   0.3454267E-0015   0.1231798E+0002   0.2807447E-0008  -0.1829814E-0022  -0.2319392E-0005  -0.2812226E+0002
    11.57000   0.2018017E+0001   0.3454267E-0015   0.1231433E+0002   0.2807447E-0008  -0.1829814E-0022  -0.2064048E-0005  -0.2812226E+0002
    11.57500   0.2018017E+0001   0.3454267E-0015   0.1231069E+0002   0.2807447E-0008  -0.7448180E-0022  -0.1795585E-0005  -0.2812226E+0002
    11.58000   0.2018017E+0001   0.1097785E-0015   0.1230704E+0002   0.2807447E-0008  -0.1829814E-0022  -0.1522466E-0005  -0.2812226E+0002
    11.58500   0.2018017E+0001   0.3454267E-0015   0.1230341E+0002   0.2807447E-0008   0.3788552E-0022  -0.1250681E-0005  -0.2812226E+0002
    11.59000   0.2018017E+0001   0.3454267E-0015   0.1229980E+0002   0.2807447E-0008   0.9793689E-0023  -0.9843296E-0006  -0.2812226E+0002
    11.59500   0.2018017E+0001   0.1097785E-0015   0.1229620E+0002   0.2807447E-0008  -0.1829814E-0022  -0.7265633E-0006  -0.2812226E+0002
    11.60000   0.2018017E+0001   0.1097785E-0015   0.1229261E+0002   0.2807447E-0008   0.9790458E-0023  -0.4803204E-0006  -0.2812226E+0002
    11.60500   0.2018017E+0001   0.1097785E-0015   0.1228905E+0002   0.2807447E-0008  -0.4258688E-0023  -0.2485339E-0006  -0.2812226E+0002
    11.61000   0.2018017E+0001   0.1097785E-0015   0.1228552E+0002   0.2807447E-0008  -0.4258688E-0023  -0.3384509E-0007  -0.2812226E+0002
    11.61500   0.2018017E+0001   0.3454267E-0015   0.1228201E+0002   0.2807447E-0008   0.1292470E-0024   0.1618731E-0006  -0.2812226E+0002
    11.62000   0.2018017E+0001   0.3454267E-0015   0.1227853E+0002   0.2807447E-0008   0.3638302E-0023   0.3378314E-0006  -0.2812226E+0002
    11.62500   0.2018017E+0001   0.1097785E-0015   0.1227509E+0002   0.2807447E-0008   0.1066288E-0022   0.4942707E-0006  -0.2812226E+0002
    11.63000   0.2018017E+0001   0.3454267E-0015   0.1227169E+0002   0.2807447E-0008  -0.3379808E-0023   0.6320700E-0006  -0.2812226E+0002
    11.63500   0.2018017E+0001   0.1097785E-0015   0.1226834E+0002   0.2807447E-0008   0.1066934E-0022   0.7522323E-0006  -0.2812226E+0002
    11.64000   0.2018017E+0001   0.1097785E-0015   0.1226503E+0002   0.2807447E-0008   0.1066934E-0022   0.8555093E-0006  -0.2812226E+0002
    11.64500   0.2018017E+0001   0.5810750E-0015   0.1226177E+0002   0.2807447E-0008   0.1066934E-0022   0.9423311E-0006  -0.2812226E+0002
    11.65000   0.2018017E+0001   0.3454267E-0015   0.1225857E+0002   0.2807447E-0008   0.1066934E-0022   0.1013027E-0005  -0.2812226E+0002
    11.65500   0.2018017E+0001   0.1097785E-0015   0.1225543E+0002   0.2807447E-0008   0.3876117E-0022   0.1068169E-0005  -0.2812226E+0002
    11.66000   0.2018017E+0001  -0.1258697E-0015   0.1225235E+0002   0.2807447E-0008   0.1066934E-0022   0.1108824E-0005  -0.2812226E+0002
    11.66500   0.2018017E+0001   0.3454267E-0015   0.1224933E+0002   0.2807447E-0008   0.1066934E-0022   0.1136554E-0005  -0.2812226E+0002
    11.67000   0.2018017E+0001   0.1097785E-0015   0.1224639E+0002   0.2807447E-0008   0.1066934E-0022   0.1153187E-0005  -0.2812226E+0002
    11.67500   0.2018017E+0001   0.1097785E-0015   0.1224352E+0002   0.2807447E-0008   0.1066934E-0022   0.1160473E-0005  -0.2812226E+0002
    11.68000   0.2018017E+0001   0.1097785E-0015   0.1224073E+0002   0.2807447E-0008   0.1066934E-0022   0.1159829E-0005  -0.2812226E+0002
    11.68500   0.2018017E+0001   0.3454267E-0015   0.1223802E+0002   0.2807447E-0008   0.1066934E-0022   0.1152255E-0005  -0.2812226E+0002
    11.69000   0.2018017E+0001   0.1097785E-0015   0.1223538E+0002   0.2807447E-0008   0.1066934E-0022   0.1138411E-0005  -0.2812226E+0002
    11.69500   0.2018017E+0001   0.3454267E-0015   0.1223284E+0002   0.2807447E-0008   0.1066934E-0022   0.1118740E-0005  -0.2812226E+0002
    11.70000   0.2018017E+0001   0.3454267E-0015   0.1223038E+0002   0.2807447E-0008   0.1066934E-0022   0.1093514E-0005  -0.2812226E+0002
    11.70500   0.2018017E+0001   0.1097785E-0015   0.1222800E+0002   0.2807447E-0008   0.1066934E-0022   0.1062782E-0005  -0.2812226E+0002
    11.71000   0.2018017E+0001   0.3454267E-0015   0.1222571E+0002   0.2807447E-0008   0.1066934E-0022   0.1026286E-0005  -0.2812226E+0002
    11.71500   0.2018017E+0001   0.1097785E-0015   0.1222349E+0002   0.2807447E-0008   0.1066934E-0022   0.9834605E-0006  -0.2812226E+0002
    11.72000   0.2018017E+0001   0.3454267E-0015   0.1222135E+0002   0.2807447E-0008   0.1066934E-0022   0.9335652E-0006  -0.2812226E+0002
    11.72500   0.2018017E+0001   0.3454267E-0015   0.1221929E+0002   0.2807447E-0008  -0.1742249E-0022   0.8759193E-0006  -0.2812226E+0002
    11.73000   0.2018017E+0001   0.1097785E-0015   0.1221729E+0002   0.2807447E-0008   0.1066934E-0022   0.8101320E-0006  -0.2812226E+0002
    11.73500   0.2018017E+0001   0.3454267E-0015   0.1221535E+0002   0.2807447E-0008   0.1066934E-0022   0.7362356E-0006  -0.2812226E+0002
    11.74000   0.2018017E+0001   0.1097785E-0015   0.1221347E+0002   0.2807447E-0008  -0.3373346E-0023   0.6546974E-0006  -0.2812226E+0002
    11.74500   0.2018017E+0001   0.1097785E-0015   0.1221165E+0002   0.2807447E-0008   0.1066934E-0022   0.5663670E-0006  -0.2812226E+0002
    11.75000   0.2018017E+0001   0.1097785E-0015   0.1220988E+0002   0.2807447E-0008  -0.3373346E-0023   0.4724363E-0006  -0.2812226E+0002
    11.75500   0.2018017E+0001   0.1097785E-0015   0.1220815E+0002   0.2807447E-0008   0.1066934E-0022   0.3744517E-0006  -0.2812226E+0002
    11.76000   0.2018017E+0001   0.1097785E-0015   0.1220646E+0002   0.2807447E-0008  -0.3379808E-0023   0.2743477E-0006  -0.2812226E+0002
    11.76500   0.2018017E+0001   0.1097785E-0015   0.1220482E+0002   0.2807447E-0008   0.3644765E-0023   0.1744316E-0006  -0.2812226E+0002
    11.77000   0.2018017E+0001   0.3454267E-0015   0.1220321E+0002   0.2807447E-0008   0.1357093E-0024   0.7726198E-0007  -0.2812226E+0002
    11.77500   0.2018017E+0001  -0.1258697E-0015   0.1220163E+0002   0.2807447E-0008   0.1893468E-0023  -0.1458276E-0007  -0.2812226E+0002
    11.78000   0.2018017E+0001   0.1097785E-0015   0.1220009E+0002   0.2807447E-0008   0.1357093E-0024  -0.9879158E-0007  -0.2812226E+0002
    11.78500   0.2018017E+0001   0.1097785E-0015   0.1219859E+0002   0.2807447E-0008  -0.3373346E-0023  -0.1735841E-0006  -0.2812226E+0002
    11.79000   0.2018017E+0001   0.1097785E-0015   0.1219711E+0002   0.2807447E-0008   0.1357093E-0024  -0.2378849E-0006  -0.2812226E+0002
    11.79500   0.2018017E+0001   0.1097785E-0015   0.1219567E+0002   0.2807447E-0008   0.7157051E-0023  -0.2913803E-0006  -0.2812226E+0002
    11.80000   0.2018017E+0001   0.1097785E-0015   0.1219425E+0002   0.2807447E-0008  -0.6888864E-0023  -0.3344631E-0006  -0.2812226E+0002
    11.80500   0.2018017E+0001   0.1097785E-0015   0.1219287E+0002   0.2807447E-0008   0.1357093E-0024  -0.3680911E-0006  -0.2812226E+0002
    11.81000   0.2018017E+0001   0.5810750E-0015   0.1219152E+0002   0.2807447E-0008   0.7160282E-0023  -0.3935913E-0006  -0.2812226E+0002
    11.81500   0.2018017E+0001   0.1097785E-0015   0.1219019E+0002   0.2807447E-0008  -0.6885632E-0023  -0.4124455E-0006  -0.2812226E+0002
    11.82000   0.2018017E+0001   0.3454268E-0015   0.1218889E+0002   0.2807447E-0008  -0.6885632E-0023  -0.4260942E-0006  -0.2812226E+0002
    11.82500   0.2018017E+0001   0.3454268E-0015   0.1218762E+0002   0.2807447E-0008  -0.6888864E-0023  -0.4357930E-0006  -0.2812226E+0002
    11.83000   0.2018017E+0001   0.1097785E-0015   0.1218637E+0002   0.2807447E-0008  -0.6888864E-0023  -0.4425418E-0006  -0.2812226E+0002
    11.83500   0.2018017E+0001   0.3454268E-0015   0.1218515E+0002   0.2807447E-0008  -0.6888864E-0023  -0.4470887E-0006  -0.2812226E+0002
    11.84000   0.2018017E+0001   0.1097785E-0015   0.1218395E+0002   0.2807447E-0008  -0.6888864E-0023  -0.4499858E-0006  -0.2812226E+0002
    11.84500   0.2018017E+0001   0.3454268E-0015   0.1218277E+0002   0.2807447E-0008  -0.6888864E-0023  -0.4516672E-0006  -0.2812226E+0002
    11.85000   0.2018017E+0001   0.1097785E-0015   0.1218160E+0002   0.2807447E-0008  -0.6888864E-0023  -0.4525174E-0006  -0.2812226E+0002
    11.85500   0.2018017E+0001   0.5810750E-0015   0.1218046E+0002   0.2807447E-0008  -0.6888864E-0023  -0.4529153E-0006  -0.2812226E+0002
    11.86000   0.2018017E+0001   0.1097786E-0015   0.1217933E+0002   0.2807447E-0008  -0.6888864E-0023  -0.4532507E-0006  -0.2812226E+0002
    11.86500   0.2018017E+0001   0.1097786E-0015   0.1217821E+0002   0.2807447E-0008  -0.6888864E-0023  -0.4539221E-0006  -0.2812226E+0002
    11.87000   0.2018017E+0001   0.5810750E-0015   0.1217711E+0002   0.2807447E-0008  -0.6888864E-0023  -0.4553253E-0006  -0.2812226E+0002
    11.87500   0.2018017E+0001   0.5810750E-0015   0.1217602E+0002   0.2807447E-0008  -0.6888864E-0023  -0.4578430E-0006  -0.2812226E+0002
    11.88000   0.2018017E+0001   0.1097786E-0015   0.1217494E+0002   0.2807447E-0008  -0.6888864E-0023  -0.4618376E-0006  -0.2812226E+0002
    11.88500   0.2018017E+0001   0.1097786E-0015   0.1217387E+0002   0.2807447E-0008  -0.6888864E-0023  -0.4676468E-0006  -0.2812226E+0002
    11.89000   0.2018017E+0001   0.3454268E-0015   0.1217282E+0002   0.2807447E-0008  -0.6888864E-0023  -0.4755804E-0006  -0.2812226E+0002
    11.89500   0.2018017E+0001   0.3454268E-0015   0.1217177E+0002   0.2807447E-0008   0.7153820E-0023  -0.4859154E-0006  -0.2812226E+0002
    11.90000   0.2018017E+0001   0.3454268E-0015   0.1217073E+0002   0.2807447E-0008  -0.6888864E-0023  -0.4988881E-0006  -0.2812226E+0002
    11.90500   0.2018017E+0001   0.3454268E-0015   0.1216970E+0002   0.2807447E-0008  -0.6888864E-0023  -0.5146889E-0006  -0.2812226E+0002
    11.91000   0.2018017E+0001   0.1097786E-0015   0.1216868E+0002   0.2807447E-0008  -0.6888864E-0023  -0.5334621E-0006  -0.2812226E+0002
    11.91500   0.2018017E+0001   0.1097786E-0015   0.1216766E+0002   0.2807447E-0008  -0.2093478E-0022  -0.5553150E-0006  -0.2812226E+0002
    11.92000   0.2018017E+0001   0.1097786E-0015   0.1216666E+0002   0.2807447E-0008  -0.6890479E-0023  -0.5803350E-0006  -0.2812226E+0002
    11.92500   0.2018017E+0001   0.3454268E-0015   0.1216566E+0002   0.2807447E-0008  -0.6890479E-0023  -0.6086070E-0006  -0.2812226E+0002
    11.93000   0.2018017E+0001   0.1097786E-0015   0.1216468E+0002   0.2807447E-0008  -0.6890479E-0023  -0.6402237E-0006  -0.2812226E+0002
    11.93500   0.2018017E+0001   0.1097786E-0015   0.1216370E+0002   0.2807447E-0008  -0.6890479E-0023  -0.6752820E-0006  -0.2812226E+0002
    11.94000   0.2018017E+0001   0.1097786E-0015   0.1216273E+0002   0.2807447E-0008  -0.2093559E-0022  -0.7138667E-0006  -0.2812226E+0002
    11.94500   0.2018017E+0001   0.1097786E-0015   0.1216177E+0002   0.2807447E-0008  -0.6889671E-0023  -0.7560256E-0006  -0.2812226E+0002
    11.95000   0.2018017E+0001   0.1097786E-0015   0.1216081E+0002   0.2807447E-0008   0.7156243E-0023  -0.8017487E-0006  -0.2812226E+0002
    11.95500   0.2018017E+0001   0.1097786E-0015   0.1215987E+0002   0.2807447E-0008  -0.6889671E-0023  -0.8509559E-0006  -0.2812226E+0002
    11.96000   0.2018017E+0001   0.3454268E-0015   0.1215893E+0002   0.2807447E-0008  -0.6889671E-0023  -0.9034993E-0006  -0.2812226E+0002
    11.96500   0.2018017E+0001   0.3454268E-0015   0.1215800E+0002   0.2807447E-0008  -0.6889671E-0023  -0.9591782E-0006  -0.2812226E+0002
    11.97000   0.2018017E+0001   0.3454268E-0015   0.1215708E+0002   0.2807447E-0008   0.2120135E-0022  -0.1017761E-0005  -0.2812226E+0002
    11.97500   0.2018017E+0001   0.1097786E-0015   0.1215616E+0002   0.2807447E-0008  -0.6888864E-0023  -0.1079008E-0005  -0.2812226E+0002
    11.98000   0.2018017E+0001   0.1097786E-0015   0.1215526E+0002   0.2807447E-0008   0.2120297E-0022  -0.1142687E-0005  -0.2812226E+0002
    11.98500   0.2018017E+0001   0.1097786E-0015   0.1215436E+0002   0.2807447E-0008  -0.6888864E-0023  -0.1208575E-0005  -0.2812226E+0002
    11.99000   0.2018017E+0001   0.1097786E-0015   0.1215347E+0002   0.2807447E-0008   0.2120297E-0022  -0.1276452E-0005  -0.2812226E+0002
    11.99500   0.2018017E+0001   0.5810750E-0015   0.1215259E+0002   0.2807447E-0008  -0.6888864E-0023  -0.1346079E-0005  -0.2812226E+0002
    12.00000   0.2018017E+0001   0.5810750E-0015   0.1215172E+0002   0.2807447E-0008  -0.3498069E-0022  -0.1417177E-0005  -0.2812226E+0002
    12.00500   0.2018017E+0001   0.1097786E-0015   0.1215085E+0002   0.2807447E-0008  -0.6888864E-0023  -0.1489408E-0005  -0.2812226E+0002
    12.01000   0.2018017E+0001   0.3454268E-0015   0.1214999E+0002   0.2807447E-0008  -0.3498715E-0022  -0.1562371E-0005  -0.2812226E+0002
    12.01500   0.2018017E+0001   0.3454268E-0015   0.1214914E+0002   0.2807447E-0008   0.4928187E-0022  -0.1635610E-0005  -0.2812226E+0002
    12.02000   0.2018017E+0001   0.1097786E-0015   0.1214828E+0002   0.2807447E-0008  -0.6901788E-0023  -0.1708647E-0005  -0.2812226E+0002
    12.02500   0.2018017E+0001   0.3454268E-0015   0.1214743E+0002   0.2807447E-0008  -0.6901788E-0023  -0.1781012E-0005  -0.2812226E+0002
    12.03000   0.2018017E+0001   0.1097786E-0015   0.1214658E+0002   0.2807447E-0008  -0.6308545E-0022  -0.1852290E-0005  -0.2812226E+0002
    12.03500   0.2018017E+0001   0.1097786E-0015   0.1214573E+0002   0.2807447E-0008  -0.6308545E-0022  -0.1922156E-0005  -0.2812226E+0002
    12.04000   0.2018017E+0001   0.1097786E-0015   0.1214488E+0002   0.2807447E-0008   0.4928187E-0022  -0.1990404E-0005  -0.2812226E+0002
    12.04500   0.2018017E+0001   0.3454268E-0015   0.1214403E+0002   0.2807447E-0008  -0.6308545E-0022  -0.2056948E-0005  -0.2812226E+0002
    12.05000   0.2018017E+0001   0.1097786E-0015   0.1214317E+0002   0.2807447E-0008  -0.6901788E-0023  -0.2121809E-0005  -0.2812226E+0002
    12.05500   0.2018017E+0001   0.3454268E-0015   0.1214232E+0002   0.2807447E-0008  -0.6308222E-0022  -0.2185070E-0005  -0.2812226E+0002
    12.06000   0.2018017E+0001   0.1097786E-0015   0.1214146E+0002   0.2807447E-0008  -0.6308222E-0022  -0.2246822E-0005  -0.2812226E+0002
    12.06500   0.2018017E+0001   0.3454268E-0015   0.1214060E+0002   0.2807447E-0008  -0.6898557E-0023  -0.2307102E-0005  -0.2812226E+0002
    12.07000   0.2018017E+0001   0.1097786E-0015   0.1213973E+0002   0.2807447E-0008  -0.6901788E-0023  -0.2365844E-0005  -0.2812226E+0002
    12.07500   0.2018017E+0001   0.1097786E-0015   0.1213887E+0002   0.2807447E-0008  -0.6901788E-0023  -0.2422851E-0005  -0.2812226E+0002
    12.08000   0.2018017E+0001   0.1097786E-0015   0.1213800E+0002   0.2807447E-0008  -0.6901788E-0023  -0.2477797E-0005  -0.2812226E+0002
    12.08500   0.2018017E+0001   0.1097786E-0015   0.1213714E+0002   0.2807447E-0008  -0.6308545E-0022  -0.2530250E-0005  -0.2812226E+0002
    12.09000   0.2018017E+0001   0.3454268E-0015   0.1213627E+0002   0.2807447E-0008  -0.6308545E-0022  -0.2579731E-0005  -0.2812226E+0002
    12.09500   0.2018017E+0001   0.1097786E-0015   0.1213541E+0002   0.2807447E-0008  -0.6901788E-0023  -0.2625779E-0005  -0.2812226E+0002
    12.10000   0.2018017E+0001   0.1097786E-0015   0.1213456E+0002   0.2807447E-0008  -0.6308545E-0022  -0.2668026E-0005  -0.2812226E+0002
    12.10500   0.2018017E+0001   0.3454268E-0015   0.1213370E+0002   0.2807447E-0008  -0.6908251E-0023  -0.2706269E-0005  -0.2812226E+0002
    12.11000   0.2018017E+0001   0.3454268E-0015   0.1213286E+0002   0.2807447E-0008  -0.6901788E-0023  -0.2740534E-0005  -0.2812226E+0002
    12.11500   0.2018017E+0001   0.1097786E-0015   0.1213202E+0002   0.2807447E-0008  -0.6308545E-0022  -0.2771122E-0005  -0.2812226E+0002
    12.12000   0.2018017E+0001   0.3454268E-0015   0.1213119E+0002   0.2807447E-0008  -0.6905019E-0023  -0.2798636E-0005  -0.2812226E+0002
    12.12500   0.2018017E+0001   0.3454268E-0015   0.1213037E+0002   0.2807447E-0008  -0.6905019E-0023  -0.2823981E-0005  -0.2812226E+0002
    12.13000   0.2018017E+0001   0.1097786E-0015   0.1212956E+0002   0.2807447E-0008  -0.6308545E-0022  -0.2848336E-0005  -0.2812226E+0002
    12.13500   0.2018017E+0001   0.5810750E-0015   0.1212876E+0002   0.2807447E-0008  -0.6901788E-0023  -0.2873094E-0005  -0.2812226E+0002
    12.14000   0.2018017E+0001   0.3454268E-0015   0.1212798E+0002   0.2807447E-0008   0.4929479E-0022  -0.2899782E-0005  -0.2812226E+0002
    12.14500   0.2018017E+0001   0.3454268E-0015   0.1212721E+0002   0.2807447E-0008   0.4929479E-0022  -0.2929940E-0005  -0.2812226E+0002
    12.15000   0.2018017E+0001   0.1097786E-0015   0.1212645E+0002   0.2807447E-0008  -0.6307252E-0022  -0.2964989E-0005  -0.2812226E+0002
    12.15500   0.2018017E+0001  -0.1258696E-0015   0.1212572E+0002   0.2807447E-0008  -0.6307252E-0022  -0.3006085E-0005  -0.2812226E+0002
    12.16000   0.2018017E+0001   0.3454268E-0015   0.1212500E+0002   0.2807447E-0008  -0.6307252E-0022  -0.3053965E-0005  -0.2812226E+0002
    12.16500   0.2018017E+0001   0.1097786E-0015   0.1212430E+0002   0.2807447E-0008  -0.6307252E-0022  -0.3108815E-0005  -0.2812226E+0002
    12.17000   0.2018017E+0001   0.3454268E-0015   0.1212363E+0002   0.2807447E-0008   0.4929479E-0022  -0.3170142E-0005  -0.2812226E+0002
    12.17500   0.2018017E+0001   0.1097786E-0015   0.1212298E+0002   0.2807447E-0008  -0.6901788E-0023  -0.3236689E-0005  -0.2812226E+0002
    12.18000   0.2018017E+0001   0.1097786E-0015   0.1212236E+0002   0.2807447E-0008   0.4929479E-0022  -0.3306384E-0005  -0.2812226E+0002
    12.18500   0.2018017E+0001   0.1097786E-0015   0.1212177E+0002   0.2807447E-0008  -0.6307252E-0022  -0.3376329E-0005  -0.2812226E+0002
    12.19000   0.2018017E+0001   0.1097786E-0015   0.1212120E+0002   0.2807447E-0008  -0.6307252E-0022  -0.3442846E-0005  -0.2812226E+0002
    12.19500   0.2018017E+0001   0.1097786E-0015   0.1212067E+0002   0.2807447E-0008  -0.6307252E-0022  -0.3501576E-0005  -0.2812226E+0002
    12.20000   0.2018017E+0001   0.3454268E-0015   0.1212017E+0002   0.2807447E-0008  -0.1754398E-0021  -0.3547639E-0005  -0.2812226E+0002
    12.20500   0.2018017E+0001   0.3454268E-0015   0.1211970E+0002   0.2807447E-0008  -0.6307252E-0022  -0.3575843E-0005  -0.2812226E+0002
    12.21000   0.2018017E+0001   0.3454268E-0015   0.1211926E+0002   0.2807447E-0008  -0.6307252E-0022  -0.3580959E-0005  -0.2812226E+0002
    12.21500   0.2018017E+0001   0.3454268E-0015   0.1211886E+0002   0.2807447E-0008  -0.6307252E-0022  -0.3558011E-0005  -0.2812226E+0002
    12.22000   0.2018017E+0001   0.5810751E-0015   0.1211847E+0002   0.2807447E-0008  -0.6307252E-0022  -0.3502593E-0005  -0.2812226E+0002
    12.22500   0.2018017E+0001   0.1097786E-0015   0.1211812E+0002   0.2807447E-0008  -0.6307252E-0022  -0.3411178E-0005  -0.2812226E+0002
    12.23000   0.2018017E+0001   0.1097786E-0015   0.1211778E+0002   0.2807447E-0008  -0.6307252E-0022  -0.3281395E-0005  -0.2812226E+0002
    12.23500   0.2018017E+0001   0.5810751E-0015   0.1211745E+0002   0.2807447E-0008  -0.6307252E-0022  -0.3112261E-0005  -0.2812226E+0002
    12.24000   0.2018017E+0001   0.3454268E-0015   0.1211714E+0002   0.2807447E-0008  -0.1192562E-0021  -0.2904354E-0005  -0.2812226E+0002
    12.24500   0.2018017E+0001   0.1097786E-0015   0.1211683E+0002   0.2807447E-0008   0.4929479E-0022  -0.2659911E-0005  -0.2812226E+0002
    12.25000   0.2018017E+0001   0.1097786E-0015   0.1211651E+0002   0.2807447E-0008  -0.6305960E-0022  -0.2382851E-0005  -0.2812226E+0002
    12.25500   0.2018017E+0001   0.1097786E-0015   0.1211619E+0002   0.2807447E-0008   0.4930772E-0022  -0.2078712E-0005  -0.2812226E+0002
    12.26000   0.2018017E+0001   0.3454268E-0015   0.1211586E+0002   0.2807447E-0008  -0.6875939E-0023  -0.1754501E-0005  -0.2812226E+0002
    12.26500   0.2018017E+0001   0.1097786E-0015   0.1211550E+0002   0.2807447E-0008  -0.6875939E-0023  -0.1418461E-0005  -0.2812226E+0002
    12.27000   0.2018017E+0001   0.1097786E-0015   0.1211513E+0002   0.2807447E-0008  -0.6875939E-0023  -0.1079763E-0005  -0.2812226E+0002
    12.27500   0.2018017E+0001   0.1097786E-0015   0.1211473E+0002   0.2807447E-0008  -0.6875939E-0023  -0.7481310E-0006  -0.2812226E+0002
    12.28000   0.2018017E+0001   0.5810751E-0015   0.1211430E+0002   0.2807447E-0008   0.7166745E-0023  -0.4334198E-0006  -0.2812226E+0002
    12.28500   0.2018017E+0001   0.1097786E-0015   0.1211385E+0002   0.2807447E-0008  -0.6882401E-0023  -0.1451747E-0006  -0.2812226E+0002
    12.29000   0.2018017E+0001   0.3454268E-0015   0.1211338E+0002   0.2807447E-0008   0.1389405E-0024   0.1078142E-0006  -0.2812226E+0002
    12.29500   0.2018017E+0001   0.3454268E-0015   0.1211288E+0002   0.2807447E-0008   0.3649611E-0023   0.3179340E-0006  -0.2812226E+0002
    12.30000   0.2018017E+0001   0.1097786E-0015   0.1211237E+0002   0.2807447E-0008  -0.3373346E-0023   0.4791289E-0006  -0.2812226E+0002
    12.30500   0.2018017E+0001   0.1097786E-0015   0.1211185E+0002   0.2807447E-0008  -0.3373346E-0023   0.5872188E-0006  -0.2812226E+0002
    12.31000   0.2018017E+0001   0.1097786E-0015   0.1211133E+0002   0.2807447E-0008   0.1066934E-0022   0.6401426E-0006  -0.2812226E+0002
    12.31500   0.2018017E+0001   0.1097786E-0015   0.1211082E+0002   0.2807447E-0008  -0.3373346E-0023   0.6381110E-0006  -0.2812226E+0002
    12.32000   0.2018017E+0001   0.1097786E-0015   0.1211033E+0002   0.2807447E-0008   0.1067580E-0022   0.5836640E-0006  -0.2812226E+0002
    12.32500   0.2018017E+0001   0.3454268E-0015   0.1210987E+0002   0.2807447E-0008  -0.3360421E-0023   0.4816256E-0006  -0.2812226E+0002
    12.33000   0.2018017E+0001   0.1097786E-0015   0.1210945E+0002   0.2807447E-0008   0.1068872E-0022   0.3389601E-0006  -0.2812226E+0002
    12.33500   0.2018017E+0001   0.1097786E-0015   0.1210909E+0002   0.2807447E-0008   0.3657689E-0023   0.1645336E-0006  -0.2812226E+0002
    12.34000   0.2018017E+0001   0.1097786E-0015   0.1210878E+0002   0.2807447E-0008   0.1550964E-0024  -0.3120807E-0007  -0.2812226E+0002
    12.34500   0.2018017E+0001   0.3454268E-0015   0.1210855E+0002   0.2807447E-0008   0.1550964E-0024  -0.2366322E-0006  -0.2812226E+0002
    12.35000   0.2018017E+0001   0.3454268E-0015   0.1210841E+0002   0.2807447E-0008  -0.6850089E-0023  -0.4393689E-0006  -0.2812226E+0002
    12.35500   0.2018017E+0001   0.1097786E-0015   0.1210835E+0002   0.2807447E-0008  -0.6850089E-0023  -0.6268019E-0006  -0.2812226E+0002
    12.36000   0.2018017E+0001   0.3454268E-0015   0.1210838E+0002   0.2807447E-0008  -0.6850089E-0023  -0.7865809E-0006  -0.2812226E+0002
    12.36500   0.2018017E+0001   0.1097786E-0015   0.1210851E+0002   0.2807447E-0008  -0.6875939E-0023  -0.9071393E-0006  -0.2812226E+0002
    12.37000   0.2018017E+0001   0.1097786E-0015   0.1210874E+0002   0.2807447E-0008  -0.6875939E-0023  -0.9781954E-0006  -0.2812226E+0002
    12.37500   0.2018017E+0001   0.3454268E-0015   0.1210906E+0002   0.2807447E-0008  -0.6875939E-0023  -0.9912164E-0006  -0.2812226E+0002
    12.38000   0.2018017E+0001   0.1097786E-0015   0.1210946E+0002   0.2807447E-0008  -0.6875939E-0023  -0.9398271E-0006  -0.2812226E+0002
    12.38500   0.2018017E+0001   0.1097786E-0015   0.1210995E+0002   0.2807447E-0008   0.2124820E-0022  -0.8201450E-0006  -0.2812226E+0002
    12.39000   0.2018017E+0001   0.3454268E-0015   0.1211050E+0002   0.2807447E-0008  -0.3494838E-0022  -0.6310301E-0006  -0.2812226E+0002
    12.39500   0.2018017E+0001   0.3454268E-0015   0.1211111E+0002   0.2807447E-0008  -0.6875939E-0023  -0.3742397E-0006  -0.2812226E+0002
    12.40000   0.2018017E+0001   0.1097786E-0015   0.1211177E+0002   0.2807447E-0008  -0.6875939E-0023  -0.5448275E-0007  -0.2812226E+0002
    12.40500   0.2018017E+0001  -0.1258696E-0015   0.1211245E+0002   0.2807447E-0008  -0.1602662E-0023   0.3206268E-0006  -0.2812226E+0002
    12.41000   0.2018017E+0001   0.3454268E-0015   0.1211314E+0002   0.2807447E-0008  -0.1602662E-0023   0.7407178E-0006  -0.2812226E+0002
    12.41500   0.2018017E+0001   0.1097786E-0015   0.1211382E+0002   0.2807447E-0008  -0.1602662E-0023   0.1192908E-0005  -0.2812226E+0002
    12.42000   0.2018017E+0001   0.3454269E-0015   0.1211447E+0002   0.2807447E-0008   0.2649563E-0022   0.1662141E-0005  -0.2812226E+0002
    12.42500   0.2018017E+0001   0.3454269E-0015   0.1211508E+0002   0.2807447E-0008   0.2652148E-0022   0.2131604E-0005  -0.2812226E+0002
    12.43000   0.2018017E+0001   0.1097786E-0015   0.1211563E+0002   0.2807447E-0008   0.2652148E-0022   0.2583222E-0005  -0.2812226E+0002
    12.43500   0.2018017E+0001   0.3454269E-0015   0.1211610E+0002   0.2807447E-0008   0.2646978E-0022   0.2998197E-0005  -0.2812226E+0002
    12.44000   0.2018017E+0001   0.3454269E-0015   0.1211648E+0002   0.2807447E-0008   0.8261466E-0022   0.3357601E-0005  -0.2812226E+0002
    12.44500   0.2018017E+0001   0.3454269E-0015   0.1211676E+0002   0.2807447E-0008   0.8261466E-0022   0.3642973E-0005  -0.2812226E+0002
    12.45000   0.2018017E+0001   0.1097786E-0015   0.1211693E+0002   0.2807447E-0008  -0.2977850E-0022   0.3836930E-0005  -0.2812226E+0002
    12.45500   0.2018017E+0001   0.3454269E-0015   0.1211697E+0002   0.2807447E-0008   0.8261466E-0022   0.3923747E-0005  -0.2812226E+0002
    12.46000   0.2018017E+0001   0.3454269E-0015   0.1211689E+0002   0.2807447E-0008   0.8261466E-0022   0.3889903E-0005  -0.2812226E+0002
    12.46500   0.2018017E+0001   0.3454269E-0015   0.1211669E+0002   0.2807447E-0008  -0.2967510E-0022   0.3724560E-0005  -0.2812226E+0002
    12.47000   0.2018017E+0001   0.3454269E-0015   0.1211638E+0002   0.2807447E-0008   0.8271806E-0022   0.3419970E-0005  -0.2812226E+0002
    12.47500   0.2018017E+0001   0.3454269E-0015   0.1211595E+0002   0.2807447E-0008  -0.2967510E-0022   0.2971783E-0005  -0.2812226E+0002
    12.48000   0.2018017E+0001   0.1097787E-0015   0.1211542E+0002   0.2807447E-0008   0.8261466E-0022   0.2379262E-0005  -0.2812226E+0002
    12.48500   0.2018017E+0001   0.1097787E-0015   0.1211480E+0002   0.2807447E-0008   0.2646978E-0022   0.1645385E-0005  -0.2812226E+0002
    12.49000   0.2018017E+0001   0.3454269E-0015   0.1211411E+0002   0.2807447E-0008   0.2646978E-0022   0.7768559E-0006  -0.2812226E+0002
    12.49500   0.2018017E+0001   0.3454269E-0015   0.1211338E+0002   0.2807447E-0008   0.1240771E-0022  -0.2159963E-0006  -0.2812226E+0002
    12.50000   0.2018017E+0001  -0.1258695E-0015   0.1211263E+0002   0.2807447E-0008  -0.1654361E-0023  -0.1319402E-0005  -0.2812226E+0002
    12.50500   0.2018017E+0001   0.1097787E-0015   0.1211188E+0002   0.2807447E-0008  -0.2972680E-0022  -0.2516426E-0005  -0.2812226E+0002
    12.51000   0.2018017E+0001   0.5810751E-0015   0.1211116E+0002   0.2807447E-0008  -0.2967510E-0022  -0.3787324E-0005  -0.2812226E+0002
    12.51500   0.2018017E+0001   0.1097786E-0015   0.1211051E+0002   0.2807447E-0008  -0.2967510E-0022  -0.5109962E-0005  -0.2812226E+0002
    12.52000   0.2018017E+0001   0.1097786E-0015   0.1210996E+0002   0.2807447E-0008  -0.2977850E-0022  -0.6460315E-0005  -0.2812226E+0002
    12.52500   0.2018017E+0001   0.5810751E-0015   0.1210954E+0002   0.2807447E-0008  -0.2977850E-0022  -0.7813008E-0005  -0.2812226E+0002
    12.53000   0.2018017E+0001   0.3454269E-0015   0.1210930E+0002   0.2807447E-0008  -0.2977850E-0022  -0.9141905E-0005  -0.2812226E+0002
    12.53500   0.2018017E+0001   0.1097787E-0015   0.1210926E+0002   0.2807447E-0008  -0.2543580E-0021  -0.1042073E-0004  -0.2812226E+0002
    12.54000   0.2018017E+0001   0.3454269E-0015   0.1210945E+0002   0.2807447E-0008  -0.2957171E-0022  -0.1162371E-0004  -0.2812226E+0002
    12.54500   0.2018017E+0001   0.1097786E-0015   0.1210992E+0002   0.2807447E-0008  -0.2543580E-0021  -0.1272620E-0004  -0.2812226E+0002
    12.55000   0.2018017E+0001   0.3454269E-0015   0.1211070E+0002   0.2807447E-0008  -0.2957171E-0022  -0.1370527E-0004  -0.2812226E+0002
    12.55500   0.2018017E+0001   0.1097786E-0015   0.1211182E+0002   0.2807447E-0008   0.4197942E-0021  -0.1454032E-0004  -0.2812226E+0002
    12.56000   0.2018017E+0001   0.1097786E-0015   0.1211330E+0002   0.2807447E-0008  -0.2545648E-0021  -0.1521352E-0004  -0.2812226E+0002
    12.56500   0.2018017E+0001   0.1097786E-0015   0.1211517E+0002   0.2807447E-0008  -0.2977850E-0022  -0.1571026E-0004  -0.2812226E+0002
    12.57000   0.2018017E+0001   0.3454269E-0015   0.1211745E+0002   0.2807447E-0008  -0.2977850E-0022  -0.1601945E-0004  -0.2812226E+0002
    12.57500   0.2018017E+0001   0.1097786E-0015   0.1212017E+0002   0.2807447E-0008  -0.2977850E-0022  -0.1613369E-0004  -0.2812226E+0002
    12.58000   0.2018017E+0001  -0.1258696E-0015   0.1212333E+0002   0.2807447E-0008  -0.4792478E-0021  -0.1604938E-0004  -0.2812226E+0002
    12.58500   0.2018017E+0001  -0.1258696E-0015   0.1212695E+0002   0.2807447E-0008  -0.2977850E-0022  -0.1576666E-0004  -0.2812226E+0002
    12.59000   0.2018017E+0001   0.1097786E-0015   0.1213103E+0002   0.2807447E-0008  -0.2977850E-0022  -0.1528924E-0004  -0.2812226E+0002
    12.59500   0.2018017E+0001   0.1097786E-0015   0.1213559E+0002   0.2807447E-0008  -0.4791444E-0021  -0.1462417E-0004  -0.2812226E+0002
    12.60000   0.2018017E+0001   0.1097786E-0015   0.1214061E+0002   0.2807447E-0008  -0.2957171E-0022  -0.1378144E-0004  -0.2812226E+0002
    12.60500   0.2018017E+0001   0.3454269E-0015   0.1214609E+0002   0.2807447E-0008  -0.2957171E-0022  -0.1277365E-0004  -0.2812226E+0002
    12.61000   0.2018017E+0001   0.3454269E-0015   0.1215202E+0002   0.2807447E-0008   0.1952146E-0021  -0.1161552E-0004  -0.2812226E+0002
    12.61500   0.2018017E+0001   0.3454269E-0015   0.1215839E+0002   0.2807447E-0008  -0.4789376E-0021  -0.1032349E-0004  -0.2812226E+0002
    12.62000   0.2018017E+0001   0.1097786E-0015   0.1216518E+0002   0.2807447E-0008  -0.2539444E-0021  -0.8915188E-0005  -0.2812226E+0002
    12.62500   0.2018017E+0001   0.3454269E-0015   0.1217237E+0002   0.2807447E-0008  -0.2936491E-0022  -0.7409104E-0005  -0.2812226E+0002
    12.63000   0.2018017E+0001  -0.1258696E-0015   0.1217994E+0002   0.2807447E-0008  -0.2936491E-0022  -0.5824130E-0005  -0.2812226E+0002
    12.63500   0.2018017E+0001   0.3454268E-0015   0.1218786E+0002   0.2807447E-0008   0.8271806E-0022  -0.4179245E-0005  -0.2812226E+0002
    12.64000   0.2018017E+0001   0.1097786E-0015   0.1219610E+0002   0.2807447E-0008  -0.2977850E-0022  -0.2493212E-0005  -0.2812226E+0002
    12.64500   0.2018017E+0001   0.1097786E-0015   0.1220464E+0002   0.2807447E-0008  -0.2977850E-0022  -0.7843324E-0006  -0.2812226E+0002
    12.65000   0.2018017E+0001   0.3454269E-0015   0.1221343E+0002   0.2807447E-0008  -0.1861156E-0023   0.9297443E-0006  -0.2812226E+0002
    12.65500   0.2018017E+0001   0.3454269E-0015   0.1222245E+0002   0.2807447E-0008  -0.1861156E-0023   0.2632170E-0005  -0.2812226E+0002
    12.66000   0.2018017E+0001   0.1097786E-0015   0.1223166E+0002   0.2807447E-0008   0.5428373E-0022   0.4307003E-0005  -0.2812226E+0002
    12.66500   0.2018017E+0001   0.3454269E-0015   0.1224102E+0002   0.2807447E-0008   0.5428373E-0022   0.5939279E-0005  -0.2812226E+0002
    12.67000   0.2018017E+0001  -0.1258695E-0015   0.1225050E+0002   0.2807447E-0008   0.5418033E-0022   0.7515054E-0005  -0.2812226E+0002
    12.67500   0.2018017E+0001   0.1097787E-0015   0.1226005E+0002   0.2807447E-0008   0.5418033E-0022   0.9021427E-0005  -0.2812226E+0002
    12.68000   0.2018017E+0001   0.1097788E-0015   0.1226965E+0002   0.2807447E-0008   0.5418033E-0022   0.1044655E-0004  -0.2812226E+0002
    12.68500   0.2018017E+0001   0.3454270E-0015   0.1227924E+0002   0.2807447E-0008   0.2791735E-0021   0.1177964E-0004  -0.2812226E+0002
    12.69000   0.2018017E+0001   0.1097788E-0015   0.1228881E+0002   0.2807447E-0008   0.5459392E-0022   0.1301100E-0004  -0.2812226E+0002
    12.69500   0.2018017E+0001   0.3454269E-0015   0.1229831E+0002   0.2807447E-0008   0.2791735E-0021   0.1413200E-0004  -0.2812226E+0002
    12.70000   0.2018017E+0001   0.3454269E-0015   0.1230770E+0002   0.2807447E-0008   0.2791735E-0021   0.1513516E-0004  -0.2812226E+0002
    12.70500   0.2018017E+0001   0.3454269E-0015   0.1231697E+0002   0.2807447E-0008   0.2791735E-0021   0.1601417E-0004  -0.2812226E+0002
    12.71000   0.2018017E+0001   0.1097786E-0015   0.1232606E+0002   0.2807447E-0008   0.2791735E-0021   0.1676391E-0004  -0.2812226E+0002
    12.71500   0.2018017E+0001   0.1097786E-0015   0.1233497E+0002   0.2807447E-0008  -0.1703992E-0021   0.1738055E-0004  -0.2812226E+0002
    12.72000   0.2018017E+0001   0.3454268E-0015   0.1234366E+0002   0.2807447E-0008   0.2787599E-0021   0.1786155E-0004  -0.2812226E+0002
    12.72500   0.2018017E+0001   0.1097785E-0015   0.1235211E+0002   0.2807447E-0008  -0.1708128E-0021   0.1820569E-0004  -0.2812226E+0002
    12.73000   0.2018017E+0001   0.3454268E-0015   0.1236030E+0002   0.2807447E-0008   0.2787599E-0021   0.1841310E-0004  -0.2812226E+0002
    12.73500   0.2018017E+0001   0.3454268E-0015   0.1236821E+0002   0.2807447E-0008  -0.1707094E-0021   0.1848521E-0004  -0.2812226E+0002
    12.74000   0.2018017E+0001   0.3454268E-0015   0.1237583E+0002   0.2807447E-0008   0.2787599E-0021   0.1842478E-0004  -0.2812226E+0002
    12.74500   0.2018017E+0001   0.1097786E-0015   0.1238313E+0002   0.2807447E-0008   0.2787599E-0021   0.1823582E-0004  -0.2812226E+0002
    12.75000   0.2018017E+0001   0.3454268E-0015   0.1239012E+0002   0.2807447E-0008  -0.1708128E-0021   0.1792353E-0004  -0.2812226E+0002
    12.75500   0.2018017E+0001   0.3454268E-0015   0.1239678E+0002   0.2807447E-0008   0.7279189E-0021   0.1749428E-0004  -0.2812226E+0002
    12.76000   0.2018017E+0001   0.3454268E-0015   0.1240311E+0002   0.2807447E-0008   0.2783463E-0021   0.1695555E-0004  -0.2812226E+0002
    12.76500   0.2018017E+0001   0.1097786E-0015   0.1240910E+0002   0.2807447E-0008  -0.1712264E-0021   0.1631581E-0004  -0.2812226E+0002
    12.77000   0.2018017E+0001   0.3454270E-0015   0.1241476E+0002   0.2807447E-0008   0.2787599E-0021   0.1558451E-0004  -0.2812226E+0002
    12.77500   0.2018017E+0001   0.3454270E-0015   0.1242008E+0002   0.2807447E-0008   0.2787599E-0021   0.1477193E-0004  -0.2812226E+0002
    12.78000   0.2018017E+0001   0.3454270E-0015   0.1242506E+0002   0.2807447E-0008   0.2787599E-0021   0.1388915E-0004  -0.2812226E+0002
    12.78500   0.2018017E+0001   0.1097789E-0015   0.1242972E+0002   0.2807447E-0008   0.2787599E-0021   0.1294786E-0004  -0.2812226E+0002
    12.79000   0.2018017E+0001   0.1097789E-0015   0.1243405E+0002   0.2807447E-0008   0.5029258E-0021   0.1196032E-0004  -0.2812226E+0002
    12.79500   0.2018017E+0001   0.1097789E-0015   0.1243807E+0002   0.2807447E-0008   0.2779327E-0021   0.1093913E-0004  -0.2812226E+0002
    12.80000   0.2018017E+0001   0.1097789E-0015   0.1244178E+0002   0.2807447E-0008   0.5335315E-0022   0.9897149E-0005  -0.2812226E+0002
    12.80500   0.2018017E+0001   0.1097789E-0015   0.1244519E+0002   0.2807447E-0008  -0.1716400E-0021   0.8847235E-0005  -0.2812226E+0002
    12.81000   0.2018017E+0001   0.3454270E-0015   0.1244831E+0002   0.2807447E-0008   0.5293956E-0022   0.7802105E-0005  -0.2812226E+0002
    12.81500   0.2018017E+0001   0.1097789E-0015   0.1245116E+0002   0.2807447E-0008   0.5293956E-0022   0.6774086E-0005  -0.2812226E+0002
    12.82000   0.2018017E+0001   0.1097789E-0015   0.1245374E+0002   0.2807447E-0008   0.5293956E-0022   0.5774895E-0005  -0.2812226E+0002
    12.82500   0.2018017E+0001   0.5810753E-0015   0.1245606E+0002   0.2807447E-0008   0.5293956E-0022   0.4815400E-0005  -0.2812226E+0002
    12.83000   0.2018017E+0001   0.1097789E-0015   0.1245815E+0002   0.2807447E-0008   0.5293956E-0022   0.3905391E-0005  -0.2812226E+0002
    12.83500   0.2018017E+0001   0.1097789E-0015   0.1246000E+0002   0.2807447E-0008   0.5293956E-0022   0.3053360E-0005  -0.2812226E+0002
    12.84000   0.2018017E+0001   0.3454270E-0015   0.1246165E+0002   0.2807447E-0008  -0.3308722E-0023   0.2266315E-0005  -0.2812226E+0002
    12.84500   0.2018017E+0001   0.3454270E-0015   0.1246308E+0002   0.2807447E-0008  -0.3308722E-0023   0.1549627E-0005  -0.2812226E+0002
    12.85000   0.2018017E+0001   0.3454270E-0015   0.1246433E+0002   0.2807447E-0008   0.2481542E-0022   0.9069202E-0006  -0.2812226E+0002
    12.85500   0.2018017E+0001   0.1097788E-0015   0.1246541E+0002   0.2807447E-0008  -0.3308722E-0023   0.3400161E-0006  -0.2812226E+0002
    12.86000   0.2018017E+0001   0.3454270E-0015   0.1246632E+0002   0.2807447E-0008  -0.3308722E-0023  -0.1510737E-0006  -0.2812226E+0002
    12.86500   0.2018017E+0001   0.5810752E-0015   0.1246709E+0002   0.2807447E-0008   0.0000000E+0000  -0.5681032E-0006  -0.2812226E+0002
    12.87000   0.2018017E+0001   0.3454270E-0015   0.1246772E+0002   0.2807447E-0008  -0.1406207E-0022  -0.9145010E-0006  -0.2812226E+0002
    12.87500   0.2018017E+0001   0.1097788E-0015   0.1246823E+0002   0.2807447E-0008  -0.1406207E-0022  -0.1195236E-0005  -0.2812226E+0002
    12.88000   0.2018017E+0001   0.1097788E-0015   0.1246864E+0002   0.2807447E-0008  -0.1406207E-0022  -0.1416642E-0005  -0.2812226E+0002
    12.88500   0.2018017E+0001   0.3454270E-0015   0.1246894E+0002   0.2807447E-0008  -0.1406207E-0022  -0.1586214E-0005  -0.2812226E+0002
    12.89000   0.2018017E+0001   0.3454270E-0015   0.1246917E+0002   0.2807447E-0008   0.1406207E-0022  -0.1712361E-0005  -0.2812226E+0002
    12.89500   0.2018017E+0001   0.1097788E-0015   0.1246932E+0002   0.2807447E-0008  -0.4239301E-0022  -0.1804153E-0005  -0.2812226E+0002
    12.90000   0.2018017E+0001   0.1097788E-0015   0.1246941E+0002   0.2807447E-0008  -0.4239301E-0022  -0.1871030E-0005  -0.2812226E+0002
    12.90500   0.2018017E+0001   0.1097788E-0015   0.1246945E+0002   0.2807447E-0008  -0.4218621E-0022  -0.1922518E-0005  -0.2812226E+0002
    12.91000   0.2018017E+0001   0.3454270E-0015   0.1246945E+0002   0.2807447E-0008   0.1406207E-0022  -0.1967945E-0005  -0.2812226E+0002
    12.91500   0.2018017E+0001   0.1097788E-0015   0.1246941E+0002   0.2807447E-0008  -0.4135903E-0022  -0.2016167E-0005  -0.2812226E+0002
    12.92000   0.2018017E+0001   0.1097788E-0015   0.1246935E+0002   0.2807447E-0008  -0.4135903E-0022  -0.2075334E-0005  -0.2812226E+0002
    12.92500   0.2018017E+0001   0.1097788E-0015   0.1246928E+0002   0.2807447E-0008   0.1654361E-0022  -0.2152690E-0005  -0.2812226E+0002
    12.93000   0.2018017E+0001   0.3454270E-0015   0.1246919E+0002   0.2807447E-0008   0.1654361E-0022  -0.2254434E-0005  -0.2812226E+0002
    12.93500   0.2018017E+0001   0.1097788E-0015   0.1246909E+0002   0.2807447E-0008  -0.3970467E-0022  -0.2385634E-0005  -0.2812226E+0002
    12.94000   0.2018017E+0001   0.3454270E-0015   0.1246900E+0002   0.2807447E-0008  -0.3970467E-0022  -0.2550200E-0005  -0.2812226E+0002
    12.94500   0.2018017E+0001   0.1097788E-0015   0.1246891E+0002   0.2807447E-0008   0.1654361E-0022  -0.2750920E-0005  -0.2812226E+0002
    12.95000   0.2018017E+0001   0.1097788E-0015   0.1246883E+0002   0.2807447E-0008   0.1654361E-0022  -0.2989532E-0005  -0.2812226E+0002
    12.95500   0.2018017E+0001   0.3454270E-0015   0.1246878E+0002   0.2807447E-0008   0.1654361E-0022  -0.3266833E-0005  -0.2812226E+0002
    12.96000   0.2018017E+0001   0.3454270E-0015   0.1246874E+0002   0.2807447E-0008  -0.3970467E-0022  -0.3582805E-0005  -0.2812226E+0002
    12.96500   0.2018017E+0001   0.3454269E-0015   0.1246873E+0002   0.2807447E-0008  -0.3970467E-0022  -0.3936730E-0005  -0.2812226E+0002
    12.97000   0.2018017E+0001   0.1097786E-0015   0.1246875E+0002   0.2807447E-0008  -0.3970467E-0022  -0.4327300E-0005  -0.2812226E+0002
    12.97500   0.2018017E+0001   0.1097786E-0015   0.1246881E+0002   0.2807447E-0008  -0.3970467E-0022  -0.4752682E-0005  -0.2812226E+0002
    12.98000   0.2018017E+0001   0.1097786E-0015   0.1246890E+0002   0.2807447E-0008   0.7279189E-0022  -0.5210564E-0005  -0.2812226E+0002
    12.98500   0.2018017E+0001   0.3454269E-0015   0.1246903E+0002   0.2807447E-0008  -0.3970467E-0022  -0.5698162E-0005  -0.2812226E+0002
    12.99000   0.2018017E+0001   0.1097788E-0015   0.1246921E+0002   0.2807447E-0008  -0.3970467E-0022  -0.6212204E-0005  -0.2812226E+0002
    12.99500   0.2018017E+0001   0.3454270E-0015   0.1246942E+0002   0.2807447E-0008  -0.1526148E-0021  -0.6748910E-0005  -0.2812226E+0002
    13.00000   0.2018017E+0001   0.1097788E-0015   0.1246967E+0002   0.2807447E-0008   0.7196471E-0022  -0.7303978E-0005  -0.2812226E+0002
    13.00500   0.2018017E+0001   0.3454270E-0015   0.1246997E+0002   0.2807447E-0008  -0.1522012E-0021  -0.7872601E-0005  -0.2812226E+0002
    13.01000   0.2018017E+0001  -0.1258694E-0015   0.1247030E+0002   0.2807447E-0008   0.7279189E-0022  -0.8449518E-0005  -0.2812226E+0002
    13.01500   0.2018017E+0001  -0.1258694E-0015   0.1247068E+0002   0.2807447E-0008  -0.1522012E-0021  -0.9029111E-0005  -0.2812226E+0002
    13.02000   0.2018017E+0001   0.1097789E-0015   0.1247108E+0002   0.2807447E-0008  -0.1522012E-0021  -0.9605531E-0005  -0.2812226E+0002
    13.02500   0.2018017E+0001  -0.1258694E-0015   0.1247153E+0002   0.2807447E-0008   0.7279189E-0022  -0.1017283E-0004  -0.2812226E+0002
    13.03000   0.2018017E+0001   0.3454270E-0015   0.1247200E+0002   0.2807447E-0008  -0.1522012E-0021  -0.1072508E-0004  -0.2812226E+0002
    13.03500   0.2018017E+0001   0.3454270E-0015   0.1247250E+0002   0.2807447E-0008  -0.1522012E-0021  -0.1125643E-0004  -0.2812226E+0002
    13.04000   0.2018017E+0001  -0.1258694E-0015   0.1247302E+0002   0.2807447E-0008  -0.1522012E-0021  -0.1176118E-0004  -0.2812226E+0002
    13.04500   0.2018017E+0001   0.3454270E-0015   0.1247356E+0002   0.2807447E-0008  -0.1522012E-0021  -0.1223376E-0004  -0.2812226E+0002
    13.05000   0.2018017E+0001   0.3454270E-0015   0.1247411E+0002   0.2807447E-0008   0.7279189E-0022  -0.1266883E-0004  -0.2812226E+0002
    13.05500   0.2018017E+0001   0.1097788E-0015   0.1247466E+0002   0.2807447E-0008  -0.1522012E-0021  -0.1306132E-0004  -0.2812226E+0002
    13.06000   0.2018017E+0001   0.3454269E-0015   0.1247522E+0002   0.2807447E-0008  -0.1522012E-0021  -0.1340660E-0004  -0.2812226E+0002
    13.06500   0.2018017E+0001   0.3454269E-0015   0.1247578E+0002   0.2807447E-0008  -0.1522012E-0021  -0.1370053E-0004  -0.2812226E+0002
    13.07000   0.2018017E+0001   0.3454269E-0015   0.1247633E+0002   0.2807447E-0008  -0.1522012E-0021  -0.1393949E-0004  -0.2812226E+0002
    13.07500   0.2018017E+0001   0.3454269E-0015   0.1247686E+0002   0.2807447E-0008  -0.1522012E-0021  -0.1412028E-0004  -0.2812226E+0002
    13.08000   0.2018017E+0001   0.1097788E-0015   0.1247737E+0002   0.2807447E-0008  -0.1522012E-0021  -0.1424003E-0004  -0.2812226E+0002
    13.08500   0.2018017E+0001   0.1097788E-0015   0.1247786E+0002   0.2807447E-0008  -0.6021875E-0021  -0.1429610E-0004  -0.2812226E+0002
    13.09000   0.2018017E+0001   0.1097788E-0015   0.1247833E+0002   0.2807447E-0008  -0.1522012E-0021  -0.1428631E-0004  -0.2812226E+0002
    13.09500   0.2018017E+0001   0.3454270E-0015   0.1247877E+0002   0.2807447E-0008  -0.1522012E-0021  -0.1420920E-0004  -0.2812226E+0002
    13.10000   0.2018017E+0001   0.3454270E-0015   0.1247918E+0002   0.2807447E-0008  -0.1522012E-0021  -0.1406437E-0004  -0.2812226E+0002
    13.10500   0.2018017E+0001   0.3454270E-0015   0.1247955E+0002   0.2807447E-0008   0.2977850E-0021  -0.1385265E-0004  -0.2812226E+0002
    13.11000   0.2018017E+0001   0.3454270E-0015   0.1247990E+0002   0.2807447E-0008  -0.6021875E-0021  -0.1357585E-0004  -0.2812226E+0002
    13.11500   0.2018017E+0001   0.5810752E-0015   0.1248021E+0002   0.2807447E-0008  -0.1522012E-0021  -0.1323630E-0004  -0.2812226E+0002
    13.12000   0.2018017E+0001   0.3454270E-0015   0.1248048E+0002   0.2807447E-0008   0.2977850E-0021  -0.1283629E-0004  -0.2812226E+0002
    13.12500   0.2018017E+0001   0.3454270E-0015   0.1248072E+0002   0.2807447E-0008  -0.6021875E-0021  -0.1237784E-0004  -0.2812226E+0002
    13.13000   0.2018017E+0001   0.1097788E-0015   0.1248093E+0002   0.2807447E-0008  -0.1555100E-0021  -0.1186306E-0004  -0.2812226E+0002
    13.13500   0.2018017E+0001   0.1097788E-0015   0.1248110E+0002   0.2807447E-0008   0.7279189E-0022  -0.1129475E-0004  -0.2812226E+0002
    13.14000   0.2018017E+0001   0.5810752E-0015   0.1248125E+0002   0.2807447E-0008   0.7279189E-0022  -0.1067705E-0004  -0.2812226E+0002
    13.14500   0.2018017E+0001   0.3454270E-0015   0.1248137E+0002   0.2807447E-0008  -0.1522012E-0021  -0.1001565E-0004  -0.2812226E+0002
    13.15000   0.2018017E+0001   0.3454270E-0015   0.1248146E+0002   0.2807447E-0008  -0.1522012E-0021  -0.9317395E-0005  -0.2812226E+0002
    13.15500   0.2018017E+0001   0.3454270E-0015   0.1248151E+0002   0.2807447E-0008   0.7279189E-0022  -0.8589563E-0005  -0.2812226E+0002
    13.16000   0.2018017E+0001   0.3454270E-0015   0.1248153E+0002   0.2807447E-0008   0.2977850E-0021  -0.7839338E-0005  -0.2812226E+0002
    13.16500   0.2018017E+0001   0.3454270E-0015   0.1248152E+0002   0.2807447E-0008  -0.1522012E-0021  -0.7073730E-0005  -0.2812226E+0002
    13.17000   0.2018017E+0001   0.1097788E-0015   0.1248147E+0002   0.2807447E-0008   0.7279189E-0022  -0.6299998E-0005  -0.2812226E+0002
    13.17500   0.2018017E+0001   0.1097788E-0015   0.1248139E+0002   0.2807447E-0008  -0.1522012E-0021  -0.5526120E-0005  -0.2812226E+0002
    13.18000   0.2018017E+0001   0.1097788E-0015   0.1248128E+0002   0.2807447E-0008  -0.1522012E-0021  -0.4760784E-0005  -0.2812226E+0002
    13.18500   0.2018017E+0001   0.3454270E-0015   0.1248112E+0002   0.2807447E-0008  -0.1522012E-0021  -0.4012667E-0005  -0.2812226E+0002
    13.19000   0.2018017E+0001   0.1097788E-0015   0.1248092E+0002   0.2807447E-0008  -0.3970467E-0022  -0.3289231E-0005  -0.2812226E+0002
    13.19500   0.2018017E+0001   0.3454270E-0015   0.1248068E+0002   0.2807447E-0008  -0.3970467E-0022  -0.2595689E-0005  -0.2812226E+0002
    13.20000   0.2018017E+0001   0.3454270E-0015   0.1248039E+0002   0.2807447E-0008  -0.3970467E-0022  -0.1934729E-0005  -0.2812226E+0002
    13.20500   0.2018017E+0001   0.3454270E-0015   0.1248004E+0002   0.2807447E-0008   0.1654361E-0022  -0.1307266E-0005  -0.2812226E+0002
    13.21000   0.2018017E+0001   0.1097788E-0015   0.1247965E+0002   0.2807447E-0008  -0.9926167E-0023  -0.7138770E-0006  -0.2812226E+0002
    13.21500   0.2018017E+0001   0.1097788E-0015   0.1247920E+0002   0.2807447E-0008  -0.1323489E-0022  -0.1562587E-0006  -0.2812226E+0002
    13.22000   0.2018017E+0001   0.1097788E-0015   0.1247871E+0002   0.2807447E-0008   0.6617445E-0023   0.3620452E-0006  -0.2812226E+0002
    13.22500   0.2018017E+0001   0.5810752E-0015   0.1247818E+0002   0.2807447E-0008   0.6617445E-0023   0.8360169E-0006  -0.2812226E+0002
    13.23000   0.2018017E+0001   0.3454270E-0015   0.1247760E+0002   0.2807447E-0008   0.6617445E-0023   0.1260534E-0005  -0.2812226E+0002
    13.23500   0.2018017E+0001   0.1097788E-0015   0.1247698E+0002   0.2807447E-0008  -0.1985233E-0022   0.1632180E-0005  -0.2812226E+0002
    13.24000   0.2018017E+0001   0.3454270E-0015   0.1247631E+0002   0.2807447E-0008   0.3970467E-0022   0.1950745E-0005  -0.2812226E+0002
    13.24500   0.2018017E+0001   0.3454270E-0015   0.1247561E+0002   0.2807447E-0008  -0.1985233E-0022   0.2219805E-0005  -0.2812226E+0002
    13.25000   0.2018017E+0001   0.1097788E-0015   0.1247488E+0002   0.2807447E-0008   0.9264423E-0022   0.2446141E-0005  -0.2812226E+0002
    13.25500   0.2018017E+0001   0.3454270E-0015   0.1247412E+0002   0.2807447E-0008   0.3970467E-0022   0.2638250E-0005  -0.2812226E+0002
    13.26000   0.2018017E+0001   0.1097788E-0015   0.1247334E+0002   0.2807447E-0008  -0.1985233E-0022   0.2804597E-0005  -0.2812226E+0002
    13.26500   0.2018017E+0001   0.3454270E-0015   0.1247254E+0002   0.2807447E-0008   0.3970467E-0022   0.2952292E-0005  -0.2812226E+0002
    13.27000   0.2018017E+0001   0.1097788E-0015   0.1247174E+0002   0.2807447E-0008  -0.1323489E-0022   0.3086643E-0005  -0.2812226E+0002
    13.27500   0.2018017E+0001   0.1097788E-0015   0.1247094E+0002   0.2807447E-0008  -0.1323489E-0022   0.3211536E-0005  -0.2812226E+0002
    13.28000   0.2018017E+0001   0.3454270E-0015   0.1247013E+0002   0.2807447E-0008   0.9926167E-0022   0.3330183E-0005  -0.2812226E+0002
    13.28500   0.2018017E+0001   0.1097788E-0015   0.1246934E+0002   0.2807447E-0008   0.9926167E-0022   0.3445665E-0005  -0.2812226E+0002
    13.29000   0.2018017E+0001   0.3454270E-0015   0.1246855E+0002   0.2807447E-0008  -0.1323489E-0022   0.3560952E-0005  -0.2812226E+0002
    13.29500   0.2018017E+0001   0.1097788E-0015   0.1246779E+0002   0.2807447E-0008  -0.1323489E-0022   0.3678495E-0005  -0.2812226E+0002
    13.30000   0.2018017E+0001   0.3454270E-0015   0.1246705E+0002   0.2807447E-0008   0.9926167E-0022   0.3799797E-0005  -0.2812226E+0002
    13.30500   0.2018017E+0001   0.1097788E-0015   0.1246634E+0002   0.2807447E-0008   0.9926167E-0022   0.3925345E-0005  -0.2812226E+0002
    13.31000   0.2018017E+0001   0.3454270E-0015   0.1246567E+0002   0.2807447E-0008  -0.1323489E-0022   0.4055045E-0005  -0.2812226E+0002
    13.31500   0.2018017E+0001   0.1097788E-0015   0.1246502E+0002   0.2807447E-0008  -0.1323489E-0022   0.4188944E-0005  -0.2812226E+0002
    13.32000   0.2018017E+0001   0.1097788E-0015   0.1246441E+0002   0.2807447E-0008  -0.1323489E-0022   0.4327916E-0005  -0.2812226E+0002
    13.32500   0.2018017E+0001   0.3454270E-0015   0.1246382E+0002   0.2807447E-0008  -0.1323489E-0022   0.4474051E-0005  -0.2812226E+0002
    13.33000   0.2018017E+0001   0.1097788E-0015   0.1246325E+0002   0.2807447E-0008   0.9926167E-0022   0.4630653E-0005  -0.2812226E+0002
    13.33500   0.2018017E+0001   0.3454270E-0015   0.1246269E+0002   0.2807447E-0008   0.1058791E-0021   0.4801883E-0005  -0.2812226E+0002
    13.34000   0.2018017E+0001   0.1097788E-0015   0.1246215E+0002   0.2807447E-0008   0.0000000E+0000   0.4992047E-0005  -0.2812226E+0002
    13.34500   0.2018017E+0001   0.3454270E-0015   0.1246159E+0002   0.2807447E-0008   0.0000000E+0000   0.5204538E-0005  -0.2812226E+0002
    13.35000   0.2018017E+0001   0.1097788E-0015   0.1246102E+0002   0.2807447E-0008   0.0000000E+0000   0.5440543E-0005  -0.2812226E+0002
    13.35500   0.2018017E+0001   0.3454270E-0015   0.1246043E+0002   0.2807447E-0008   0.0000000E+0000   0.5697853E-0005  -0.2812226E+0002
    13.36000   0.2018017E+0001   0.1097788E-0015   0.1245980E+0002   0.2807447E-0008   0.1191140E-0021   0.5970327E-0005  -0.2812226E+0002
    13.36500   0.2018017E+0001   0.5810752E-0015   0.1245911E+0002   0.2807447E-0008   0.1323489E-0022   0.6248401E-0005  -0.2812226E+0002
    13.37000   0.2018017E+0001   0.3454270E-0015   0.1245837E+0002   0.2807447E-0008   0.1323489E-0021   0.6520669E-0005  -0.2812226E+0002
    13.37500   0.2018017E+0001   0.3454270E-0015   0.1245755E+0002   0.2807447E-0008   0.2514629E-0021   0.6775969E-0005  -0.2812226E+0002
    13.38000   0.2018017E+0001   0.1097788E-0015   0.1245665E+0002   0.2807447E-0008   0.2646978E-0022   0.7005123E-0005  -0.2812226E+0002
    13.38500   0.2018017E+0001   0.3454270E-0015   0.1245564E+0002   0.2807447E-0008   0.2646978E-0022   0.7201644E-0005  -0.2812226E+0002
    13.39000   0.2018017E+0001   0.1097788E-0015   0.1245451E+0002   0.2807447E-0008   0.2646978E-0022   0.7361315E-0005  -0.2812226E+0002
    13.39500   0.2018017E+0001   0.3454270E-0015   0.1245326E+0002   0.2807447E-0008   0.2646978E-0022   0.7481212E-0005  -0.2812226E+0002
    13.40000   0.2018017E+0001   0.1097788E-0015   0.1245188E+0002   0.2807447E-0008   0.2646978E-0022   0.7559025E-0005  -0.2812226E+0002
    13.40500   0.2018017E+0001  -0.1258695E-0015   0.1245038E+0002   0.2807447E-0008   0.2514629E-0021   0.7593262E-0005  -0.2812226E+0002
    13.41000   0.2018017E+0001   0.1097788E-0015   0.1244875E+0002   0.2807447E-0008   0.2812414E-0022   0.7584255E-0005  -0.2812226E+0002
    13.41500   0.2018017E+0001   0.3454270E-0015   0.1244700E+0002   0.2807447E-0008   0.2514629E-0021   0.7535231E-0005  -0.2812226E+0002
    13.42000   0.2018017E+0001   0.3454270E-0015   0.1244515E+0002   0.2807447E-0008   0.2646978E-0022   0.7452555E-0005  -0.2812226E+0002
    13.42500   0.2018017E+0001   0.3454270E-0015   0.1244322E+0002   0.2807447E-0008   0.2646978E-0022   0.7344665E-0005  -0.2812226E+0002
    13.43000   0.2018017E+0001   0.3454270E-0015   0.1244121E+0002   0.2807447E-0008   0.2646978E-0022   0.7220004E-0005  -0.2812226E+0002
    13.43500   0.2018017E+0001   0.1097788E-0015   0.1243915E+0002   0.2807447E-0008   0.2646978E-0022   0.7084936E-0005  -0.2812226E+0002
    13.44000   0.2018017E+0001   0.1097788E-0015   0.1243705E+0002   0.2807447E-0008   0.2646978E-0022   0.6942760E-0005  -0.2812226E+0002
    13.44500   0.2018017E+0001   0.3454270E-0015   0.1243494E+0002   0.2807447E-0008   0.2646978E-0022   0.6794418E-0005  -0.2812226E+0002
    13.45000   0.2018017E+0001   0.3454270E-0015   0.1243280E+0002   0.2807447E-0008   0.2646978E-0022   0.6640589E-0005  -0.2812226E+0002
    13.45500   0.2018017E+0001   0.3454270E-0015   0.1243065E+0002   0.2807447E-0008   0.2646978E-0022   0.6484088E-0005  -0.2812226E+0002
    13.46000   0.2018017E+0001   0.1097788E-0015   0.1242849E+0002   0.2807447E-0008   0.2646978E-0022   0.6331297E-0005  -0.2812226E+0002
    13.46500   0.2018017E+0001   0.1097788E-0015   0.1242632E+0002   0.2807447E-0008   0.1323489E-0021   0.6191836E-0005  -0.2812226E+0002
    13.47000   0.2018017E+0001   0.3454270E-0015   0.1242414E+0002   0.2807447E-0008   0.1323489E-0021   0.6076624E-0005  -0.2812226E+0002
    13.47500   0.2018017E+0001   0.1097788E-0015   0.1242196E+0002   0.2807447E-0008  -0.9264423E-0022   0.5995301E-0005  -0.2812226E+0002
    13.48000   0.2018017E+0001   0.1097788E-0015   0.1241978E+0002   0.2807447E-0008   0.1323489E-0021   0.5954265E-0005  -0.2812226E+0002
    13.48500   0.2018017E+0001   0.3454270E-0015   0.1241759E+0002   0.2807447E-0008   0.1323489E-0021   0.5956206E-0005  -0.2812226E+0002
    13.49000   0.2018017E+0001   0.3454270E-0015   0.1241541E+0002   0.2807447E-0008   0.1323489E-0021   0.6001188E-0005  -0.2812226E+0002
    13.49500   0.2018017E+0001   0.1097788E-0015   0.1241324E+0002   0.2807447E-0008   0.1323489E-0021   0.6088613E-0005  -0.2812226E+0002
    13.50000   0.2018017E+0001   0.3454270E-0015   0.1241108E+0002   0.2807447E-0008   0.2382280E-0021   0.6219052E-0005  -0.2812226E+0002
    13.50500   0.2018017E+0001   0.3454270E-0015   0.1240896E+0002   0.2807447E-0008   0.1191140E-0021   0.6395216E-0005  -0.2812226E+0002
    13.51000   0.2018017E+0001   0.3454270E-0015   0.1240688E+0002   0.2807447E-0008   0.6617445E-0023   0.6621854E-0005  -0.2812226E+0002
    13.51500   0.2018017E+0001   0.1097788E-0015   0.1240487E+0002   0.2807447E-0008   0.2316106E-0021   0.6904887E-0005  -0.2812226E+0002
    13.52000   0.2018017E+0001   0.3454270E-0015   0.1240294E+0002   0.2807447E-0008   0.2316106E-0021   0.7250304E-0005  -0.2812226E+0002
    13.52500   0.2018017E+0001   0.1097788E-0015   0.1240111E+0002   0.2807447E-0008   0.6617445E-0023   0.7663230E-0005  -0.2812226E+0002
    13.53000   0.2018017E+0001   0.1097788E-0015   0.1239939E+0002   0.2807447E-0008   0.6617445E-0023   0.8147308E-0005  -0.2812226E+0002
    13.53500   0.2018017E+0001   0.3454270E-0015   0.1239778E+0002   0.2807447E-0008   0.2316106E-0021   0.8704351E-0005  -0.2812226E+0002
    13.54000   0.2018017E+0001   0.1097788E-0015   0.1239629E+0002   0.2807447E-0008   0.2316106E-0021   0.9334155E-0005  -0.2812226E+0002
    13.54500   0.2018017E+0001   0.1097788E-0015   0.1239490E+0002   0.2807447E-0008   0.6617445E-0023   0.1003443E-0004  -0.2812226E+0002
    13.55000   0.2018017E+0001   0.3454270E-0015   0.1239359E+0002   0.2807447E-0008   0.2382280E-0021   0.1080076E-0004  -0.2812226E+0002
    13.55500   0.2018017E+0001   0.1097788E-0015   0.1239234E+0002   0.2807447E-0008   0.4632211E-0021   0.1162668E-0004  -0.2812226E+0002
    13.56000   0.2018017E+0001   0.1097788E-0015   0.1239111E+0002   0.2807447E-0008   0.2382280E-0021   0.1250352E-0004  -0.2812226E+0002
    13.56500   0.2018017E+0001   0.1097788E-0015   0.1238987E+0002   0.2807447E-0008   0.1323489E-0022   0.1342019E-0004  -0.2812226E+0002
    13.57000   0.2018017E+0001   0.1097788E-0015   0.1238858E+0002   0.2807447E-0008   0.4632211E-0021   0.1436293E-0004  -0.2812226E+0002
    13.57500   0.2018017E+0001   0.1097788E-0015   0.1238721E+0002   0.2807447E-0008   0.1323489E-0022   0.1531510E-0004  -0.2812226E+0002
    13.58000   0.2018017E+0001   0.3454270E-0015   0.1238571E+0002   0.2807447E-0008   0.2646978E-0022   0.1625767E-0004  -0.2812226E+0002
    13.58500   0.2018017E+0001   0.3454270E-0015   0.1238404E+0002   0.2807447E-0008   0.4764560E-0021   0.1717017E-0004  -0.2812226E+0002
    13.59000   0.2018017E+0001   0.3454270E-0015   0.1238218E+0002   0.2807447E-0008   0.2646978E-0022   0.1803216E-0004  -0.2812226E+0002
    13.59500   0.2018017E+0001  -0.1258695E-0015   0.1238010E+0002   0.2807447E-0008   0.4764560E-0021   0.1882466E-0004  -0.2812226E+0002
    13.60000   0.2018017E+0001   0.1097788E-0015   0.1237777E+0002   0.2807447E-0008   0.2646978E-0022   0.1953090E-0004  -0.2812226E+0002
    13.60500   0.2018017E+0001   0.1097788E-0015   0.1237517E+0002   0.2807447E-0008   0.2646978E-0022   0.2013601E-0004  -0.2812226E+0002
    13.61000   0.2018017E+0001   0.3454270E-0015   0.1237228E+0002   0.2807447E-0008  -0.4235165E-0021   0.2062584E-0004  -0.2812226E+0002
    13.61500   0.2018017E+0001   0.1097787E-0015   0.1236909E+0002   0.2807447E-0008   0.2646978E-0022   0.2098537E-0004  -0.2812226E+0002
    13.62000   0.2018017E+0001   0.1097787E-0015   0.1236558E+0002   0.2807447E-0008   0.2646978E-0022   0.2119747E-0004  -0.2812226E+0002
    13.62500   0.2018017E+0001  -0.1258695E-0015   0.1236173E+0002   0.2807447E-0008   0.4764560E-0021   0.2124262E-0004  -0.2812226E+0002
    13.63000   0.2018017E+0001  -0.1258695E-0015   0.1235753E+0002   0.2807447E-0008   0.4764560E-0021   0.2109976E-0004  -0.2812226E+0002
    13.63500   0.2018017E+0001   0.1097788E-0015   0.1235296E+0002   0.2807447E-0008   0.4764560E-0021   0.2074812E-0004  -0.2812226E+0002
    13.64000   0.2018017E+0001   0.3454270E-0015   0.1234802E+0002   0.2807447E-0008   0.2646978E-0022   0.2016925E-0004  -0.2812226E+0002
    13.64500   0.2018017E+0001   0.1097788E-0015   0.1234269E+0002   0.2807447E-0008   0.2646978E-0022   0.1934877E-0004  -0.2812226E+0002
    13.65000   0.2018017E+0001   0.1097788E-0015   0.1233699E+0002   0.2807447E-0008   0.4731473E-0021   0.1827740E-0004  -0.2812226E+0002
    13.65500   0.2018017E+0001   0.3454270E-0015   0.1233090E+0002   0.2807447E-0008   0.2316106E-0022   0.1695102E-0004  -0.2812226E+0002
    13.66000   0.2018017E+0001   0.3454270E-0015   0.1232445E+0002   0.2807447E-0008   0.4698386E-0021   0.1537004E-0004  -0.2812226E+0002
    13.66500   0.2018017E+0001   0.1097788E-0015   0.1231765E+0002   0.2807447E-0008  -0.4235165E-0021   0.1353833E-0004  -0.2812226E+0002
    13.67000   0.2018017E+0001   0.3454270E-0015   0.1231051E+0002   0.2807447E-0008   0.2646978E-0022   0.1146218E-0004  -0.2812226E+0002
    13.67500   0.2018017E+0001  -0.1258695E-0015   0.1230307E+0002   0.2807447E-0008   0.2514629E-0021   0.9149525E-0005  -0.2812226E+0002
    13.68000   0.2018017E+0001   0.3454270E-0015   0.1229533E+0002   0.2807447E-0008   0.2514629E-0021   0.6609937E-0005  -0.2812226E+0002
    13.68500   0.2018017E+0001   0.1097788E-0015   0.1228734E+0002   0.2807447E-0008   0.2646978E-0022   0.3855428E-0005  -0.2812226E+0002
    13.69000   0.2018017E+0001   0.1097788E-0015   0.1227910E+0002   0.2807447E-0008  -0.7940934E-0022   0.9020214E-0006  -0.2812226E+0002
    13.69500   0.2018017E+0001   0.1097788E-0015   0.1227066E+0002   0.2807447E-0008   0.2646978E-0022  -0.2228262E-0005  -0.2812226E+0002
    13.70000   0.2018017E+0001   0.3454270E-0015   0.1226203E+0002   0.2807447E-0008  -0.2646978E-0022  -0.5505578E-0005  -0.2812226E+0002
    13.70500   0.2018017E+0001   0.1097787E-0015   0.1225325E+0002   0.2807447E-0008  -0.2646978E-0022  -0.8891229E-0005  -0.2812226E+0002
    13.71000   0.2018017E+0001   0.3454269E-0015   0.1224435E+0002   0.2807447E-0008  -0.2646978E-0022  -0.1233786E-0004  -0.2812226E+0002
    13.71500   0.2018017E+0001   0.1097787E-0015   0.1223538E+0002   0.2807447E-0008   0.2117582E-0021  -0.1579101E-0004  -0.2812226E+0002
    13.72000   0.2018017E+0001   0.3454269E-0015   0.1222637E+0002   0.2807447E-0008  -0.2382280E-0021  -0.1919172E-0004  -0.2812226E+0002
    13.72500   0.2018017E+0001   0.1097787E-0015   0.1221737E+0002   0.2807447E-0008   0.2117582E-0021  -0.2247961E-0004  -0.2812226E+0002
    13.73000   0.2018017E+0001   0.1097787E-0015   0.1220843E+0002   0.2807447E-0008  -0.2382280E-0021  -0.2559599E-0004  -0.2812226E+0002
    13.73500   0.2018017E+0001   0.1097787E-0015   0.1219960E+0002   0.2807447E-0008  -0.2382280E-0021  -0.2848633E-0004  -0.2812226E+0002
    13.74000   0.2018017E+0001   0.3454269E-0015   0.1219093E+0002   0.2807447E-0008  -0.2382280E-0021  -0.3110211E-0004  -0.2812226E+0002
    13.74500   0.2018017E+0001   0.1097787E-0015   0.1218246E+0002   0.2807447E-0008  -0.2382280E-0021  -0.3340193E-0004  -0.2812226E+0002
    13.75000   0.2018017E+0001   0.3454269E-0015   0.1217424E+0002   0.2807447E-0008  -0.1124966E-0020  -0.3535202E-0004  -0.2812226E+0002
    13.75500   0.2018017E+0001   0.1097787E-0015   0.1216630E+0002   0.2807447E-0008  -0.2249931E-0021  -0.3692648E-0004  -0.2812226E+0002
    13.76000   0.2018017E+0001   0.1097787E-0015   0.1215867E+0002   0.2807447E-0008  -0.2249931E-0021  -0.3810727E-0004  -0.2812226E+0002
    13.76500   0.2018017E+0001   0.3454270E-0015   0.1215136E+0002   0.2807447E-0008  -0.2249931E-0021  -0.3888405E-0004  -0.2812226E+0002
    13.77000   0.2018017E+0001   0.3454270E-0015   0.1214440E+0002   0.2807447E-0008  -0.2249931E-0021  -0.3925413E-0004  -0.2812226E+0002
    13.77500   0.2018017E+0001   0.1097788E-0015   0.1213778E+0002   0.2807447E-0008  -0.1124966E-0020  -0.3922223E-0004  -0.2812226E+0002
    13.78000   0.2018017E+0001   0.3454270E-0015   0.1213151E+0002   0.2807447E-0008  -0.2283018E-0021  -0.3880032E-0004  -0.2812226E+0002
    13.78500   0.2018017E+0001   0.1097788E-0015   0.1212558E+0002   0.2807447E-0008  -0.2283018E-0021  -0.3800726E-0004  -0.2812226E+0002
    13.79000   0.2018017E+0001   0.1097788E-0015   0.1211999E+0002   0.2807447E-0008  -0.1124966E-0020  -0.3686828E-0004  -0.2812226E+0002
    13.79500   0.2018017E+0001   0.1097788E-0015   0.1211473E+0002   0.2807447E-0008  -0.1124966E-0020  -0.3541423E-0004  -0.2812226E+0002
    13.80000   0.2018017E+0001   0.1097788E-0015   0.1210979E+0002   0.2807447E-0008  -0.1124966E-0020  -0.3368070E-0004  -0.2812226E+0002
    13.80500   0.2018017E+0001   0.1097788E-0015   0.1210515E+0002   0.2807447E-0008  -0.2382280E-0021  -0.3170698E-0004  -0.2812226E+0002
    13.81000   0.2018017E+0001   0.1097788E-0015   0.1210081E+0002   0.2807447E-0008   0.6617445E-0021  -0.2953496E-0004  -0.2812226E+0002
    13.81500   0.2018017E+0001   0.3454270E-0015   0.1209673E+0002   0.2807447E-0008  -0.2382280E-0021  -0.2720805E-0004  -0.2812226E+0002
    13.82000   0.2018017E+0001   0.3454270E-0015   0.1209292E+0002   0.2807447E-0008  -0.2382280E-0021  -0.2477004E-0004  -0.2812226E+0002
    13.82500   0.2018017E+0001   0.1097788E-0015   0.1208934E+0002   0.2807447E-0008  -0.2382280E-0021  -0.2226399E-0004  -0.2812226E+0002
    13.83000   0.2018017E+0001   0.1097788E-0015   0.1208599E+0002   0.2807447E-0008   0.2117582E-0021  -0.1973101E-0004  -0.2812226E+0002
    13.83500   0.2018017E+0001   0.1097788E-0015   0.1208284E+0002   0.2807447E-0008  -0.2382280E-0021  -0.1720920E-0004  -0.2812226E+0002
    13.84000   0.2018017E+0001   0.1097788E-0015   0.1207988E+0002   0.2807447E-0008  -0.6882143E-0021  -0.1473265E-0004  -0.2812226E+0002
    13.84500   0.2018017E+0001   0.1097788E-0015   0.1207708E+0002   0.2807447E-0008   0.2117582E-0021  -0.1233065E-0004  -0.2812226E+0002
    13.85000   0.2018017E+0001   0.3454270E-0015   0.1207444E+0002   0.2807447E-0008  -0.2382280E-0021  -0.1002720E-0004  -0.2812226E+0002
    13.85500   0.2018017E+0001   0.1097788E-0015   0.1207193E+0002   0.2807447E-0008  -0.2382280E-0021  -0.7840821E-0005  -0.2812226E+0002
    13.86000   0.2018017E+0001   0.3454270E-0015   0.1206955E+0002   0.2807447E-0008  -0.1323489E-0022  -0.5784652E-0005  -0.2812226E+0002
    13.86500   0.2018017E+0001   0.3454270E-0015   0.1206728E+0002   0.2807447E-0008  -0.1323489E-0022  -0.3866788E-0005  -0.2812226E+0002
    13.87000   0.2018017E+0001   0.1097788E-0015   0.1206513E+0002   0.2807447E-0008  -0.1323489E-0022  -0.2090826E-0005  -0.2812226E+0002
    13.87500   0.2018017E+0001   0.3454270E-0015   0.1206307E+0002   0.2807447E-0008  -0.1323489E-0022  -0.4565557E-0006  -0.2812226E+0002
    13.88000   0.2018017E+0001   0.3454269E-0015   0.1206111E+0002   0.2807447E-0008  -0.1323489E-0022   0.1039239E-0005  -0.2812226E+0002
    13.88500   0.2018017E+0001   0.3454269E-0015   0.1205924E+0002   0.2807447E-0008  -0.1323489E-0022   0.2401920E-0005  -0.2812226E+0002
    13.89000   0.2018017E+0001   0.5810752E-0015   0.1205747E+0002   0.2807447E-0008   0.3970467E-0022   0.3638128E-0005  -0.2812226E+0002
    13.89500   0.2018017E+0001   0.3454269E-0015   0.1205578E+0002   0.2807447E-0008   0.3970467E-0022   0.4754984E-0005  -0.2812226E+0002
    13.90000   0.2018017E+0001   0.3454269E-0015   0.1205418E+0002   0.2807447E-0008   0.3970467E-0022   0.5759426E-0005  -0.2812226E+0002
    13.90500   0.2018017E+0001   0.1097786E-0015   0.1205266E+0002   0.2807447E-0008   0.3970467E-0022   0.6657725E-0005  -0.2812226E+0002
    13.91000   0.2018017E+0001   0.1097786E-0015   0.1205121E+0002   0.2807447E-0008   0.3970467E-0022   0.7455200E-0005  -0.2812226E+0002
    13.91500   0.2018017E+0001   0.3454268E-0015   0.1204984E+0002   0.2807447E-0008   0.2646978E-0021   0.8156113E-0005  -0.2812226E+0002
    13.92000   0.2018017E+0001   0.1097786E-0015   0.1204853E+0002   0.2807447E-0008   0.3970467E-0022   0.8763698E-0005  -0.2812226E+0002
    13.92500   0.2018017E+0001   0.1097786E-0015   0.1204727E+0002   0.2807447E-0008   0.2646978E-0021   0.9280282E-0005  -0.2812226E+0002
    13.93000   0.2018017E+0001   0.1097786E-0015   0.1204608E+0002   0.2807447E-0008   0.2646978E-0022   0.9707459E-0005  -0.2812226E+0002
    13.93500   0.2018017E+0001   0.3454268E-0015   0.1204492E+0002   0.2807447E-0008   0.2646978E-0022   0.1004629E-0004  -0.2812226E+0002
    13.94000   0.2018017E+0001   0.3454268E-0015   0.1204381E+0002   0.2807447E-0008   0.2646978E-0022   0.1029755E-0004  -0.2812226E+0002
    13.94500   0.2018017E+0001   0.1097785E-0015   0.1204273E+0002   0.2807447E-0008   0.2514629E-0021   0.1046190E-0004  -0.2812226E+0002
    13.95000   0.2018017E+0001  -0.1258697E-0015   0.1204169E+0002   0.2807447E-0008  -0.1985233E-0021   0.1054021E-0004  -0.2812226E+0002
    13.95500   0.2018017E+0001   0.3454267E-0015   0.1204066E+0002   0.2807447E-0008   0.2646978E-0022   0.1053373E-0004  -0.2812226E+0002
    13.96000   0.2018017E+0001   0.3454267E-0015   0.1203966E+0002   0.2807447E-0008   0.2514629E-0021   0.1044439E-0004  -0.2812226E+0002
    13.96500   0.2018017E+0001   0.3454267E-0015   0.1203868E+0002   0.2807447E-0008   0.2646978E-0022   0.1027500E-0004  -0.2812226E+0002
    13.97000   0.2018017E+0001  -0.1258697E-0015   0.1203770E+0002   0.2807447E-0008   0.2514629E-0021   0.1002955E-0004  -0.2812226E+0002
    13.97500   0.2018017E+0001  -0.1258697E-0015   0.1203673E+0002   0.2807447E-0008   0.2646978E-0022   0.9713330E-0005  -0.2812226E+0002
    13.98000   0.2018017E+0001   0.3454267E-0015   0.1203576E+0002   0.2807447E-0008   0.2514629E-0021   0.9333136E-0005  -0.2812226E+0002
    13.98500   0.2018017E+0001   0.1097784E-0015   0.1203479E+0002   0.2807447E-0008   0.2646978E-0022   0.8897239E-0005  -0.2812226E+0002
    13.99000   0.2018017E+0001   0.3454267E-0015   0.1203382E+0002   0.2807447E-0008   0.4764560E-0021   0.8415293E-0005  -0.2812226E+0002
    13.99500   0.2018017E+0001   0.1097784E-0015   0.1203283E+0002   0.2807447E-0008   0.2382280E-0021   0.7898068E-0005  -0.2812226E+0002
    14.00000   0.2018017E+0001   0.3454267E-0015   0.1203183E+0002   0.2807447E-0008   0.2646978E-0022   0.7357083E-0005  -0.2812226E+0002
    14.00500   0.2018017E+0001   0.3454267E-0015   0.1203082E+0002   0.2807447E-0008   0.0000000E+0000   0.6804145E-0005  -0.2812226E+0002
    14.01000   0.2018017E+0001   0.3454267E-0015   0.1202980E+0002   0.2807447E-0008   0.0000000E+0000   0.6250862E-0005  -0.2812226E+0002
    14.01500   0.2018017E+0001   0.5810749E-0015   0.1202876E+0002   0.2807447E-0008   0.1058791E-0021   0.5708169E-0005  -0.2812226E+0002
    14.02000   0.2018017E+0001   0.1097784E-0015   0.1202770E+0002   0.2807447E-0008  -0.2646978E-0022   0.5185898E-0005  -0.2812226E+0002
    14.02500   0.2018017E+0001   0.3454267E-0015   0.1202662E+0002   0.2807447E-0008  -0.2646978E-0022   0.4692445E-0005  -0.2812226E+0002
    14.03000   0.2018017E+0001   0.1097784E-0015   0.1202553E+0002   0.2807447E-0008   0.1852885E-0021   0.4234531E-0005  -0.2812226E+0002
    14.03500   0.2018017E+0001   0.1097784E-0015   0.1202441E+0002   0.2807447E-0008  -0.5293956E-0022   0.3817082E-0005  -0.2812226E+0002
    14.04000   0.2018017E+0001   0.3454267E-0015   0.1202329E+0002   0.2807447E-0008   0.1058791E-0021   0.3443228E-0005  -0.2812226E+0002
    14.04500   0.2018017E+0001   0.1097784E-0015   0.1202214E+0002   0.2807447E-0008  -0.5293956E-0022   0.3114399E-0005  -0.2812226E+0002
    14.05000   0.2018017E+0001   0.1097784E-0015   0.1202098E+0002   0.2807447E-0008   0.7940934E-0022   0.2830508E-0005  -0.2812226E+0002
    14.05500   0.2018017E+0001   0.3454267E-0015   0.1201980E+0002   0.2807447E-0008   0.0000000E+0000   0.2590199E-0005  -0.2812226E+0002
    14.06000   0.2018017E+0001   0.3454267E-0015   0.1201862E+0002   0.2807447E-0008   0.0000000E+0000   0.2391140E-0005  -0.2812226E+0002
    14.06500   0.2018017E+0001   0.3454267E-0015   0.1201742E+0002   0.2807447E-0008   0.5293956E-0022   0.2230341E-0005  -0.2812226E+0002
    14.07000   0.2018017E+0001   0.1097784E-0015   0.1201622E+0002   0.2807447E-0008   0.0000000E+0000   0.2104488E-0005  -0.2812226E+0002
    14.07500   0.2018017E+0001   0.3454267E-0015   0.1201501E+0002   0.2807447E-0008   0.0000000E+0000   0.2010271E-0005  -0.2812226E+0002
    14.08000   0.2018017E+0001   0.1097785E-0015   0.1201381E+0002   0.2807447E-0008   0.0000000E+0000   0.1944686E-0005  -0.2812226E+0002
    14.08500   0.2018017E+0001   0.3454268E-0015   0.1201261E+0002   0.2807447E-0008   0.0000000E+0000   0.1905293E-0005  -0.2812226E+0002
    14.09000   0.2018017E+0001   0.3454268E-0015   0.1201143E+0002   0.2807447E-0008   0.0000000E+0000   0.1890403E-0005  -0.2812226E+0002
    14.09500   0.2018017E+0001   0.1097786E-0015   0.1201025E+0002   0.2807447E-0008   0.5293956E-0022   0.1899169E-0005  -0.2812226E+0002
    14.10000   0.2018017E+0001   0.3454269E-0015   0.1200910E+0002   0.2807447E-0008   0.5293956E-0022   0.1931584E-0005  -0.2812226E+0002
    14.10500   0.2018017E+0001   0.3454269E-0015   0.1200796E+0002   0.2807447E-0008   0.0000000E+0000   0.1988369E-0005  -0.2812226E+0002
    14.11000   0.2018017E+0001   0.3454269E-0015   0.1200686E+0002   0.2807447E-0008   0.0000000E+0000   0.2070772E-0005  -0.2812226E+0002
    14.11500   0.2018017E+0001   0.1097787E-0015   0.1200579E+0002   0.2807447E-0008   0.0000000E+0000   0.2180300E-0005  -0.2812226E+0002
    14.12000   0.2018017E+0001   0.1097787E-0015   0.1200476E+0002   0.2807447E-0008   0.0000000E+0000   0.2318421E-0005  -0.2812226E+0002
    14.12500   0.2018017E+0001   0.1097787E-0015   0.1200377E+0002   0.2807447E-0008   0.0000000E+0000   0.2486255E-0005  -0.2812226E+0002
    14.13000   0.2018017E+0001   0.1097787E-0015   0.1200283E+0002   0.2807447E-0008   0.5293956E-0022   0.2684326E-0005  -0.2812226E+0002
    14.13500   0.2018017E+0001   0.1097787E-0015   0.1200194E+0002   0.2807447E-0008   0.5293956E-0022   0.2912368E-0005  -0.2812226E+0002
    14.14000   0.2018017E+0001   0.3454269E-0015   0.1200111E+0002   0.2807447E-0008   0.5293956E-0022   0.3169233E-0005  -0.2812226E+0002
    14.14500   0.2018017E+0001  -0.1258695E-0015   0.1200035E+0002   0.2807447E-0008   0.0000000E+0000   0.3452899E-0005  -0.2812226E+0002
    14.15000   0.2018017E+0001   0.1097787E-0015   0.1199965E+0002   0.2807447E-0008   0.0000000E+0000   0.3760573E-0005  -0.2812226E+0002
    14.15500   0.2018017E+0001   0.3454269E-0015   0.1199903E+0002   0.2807447E-0008   0.0000000E+0000   0.4088867E-0005  -0.2812226E+0002
    14.16000   0.2018017E+0001   0.1097787E-0015   0.1199849E+0002   0.2807447E-0008   0.1058791E-0021   0.4434032E-0005  -0.2812227E+0002
    14.16500   0.2018017E+0001  -0.1258695E-0015   0.1199802E+0002   0.2807447E-0008   0.0000000E+0000   0.4792197E-0005  -0.2812227E+0002
    14.17000   0.2018017E+0001   0.3454269E-0015   0.1199765E+0002   0.2807447E-0008   0.0000000E+0000   0.5159593E-0005  -0.2812227E+0002
    14.17500   0.2018017E+0001  -0.1258695E-0015   0.1199735E+0002   0.2807447E-0008   0.1058791E-0021   0.5532728E-0005  -0.2812227E+0002
    14.18000   0.2018017E+0001   0.3454269E-0015   0.1199715E+0002   0.2807447E-0008  -0.1058791E-0021   0.5908478E-0005  -0.2812227E+0002
    14.18500   0.2018017E+0001   0.1097787E-0015   0.1199704E+0002   0.2807447E-0008   0.0000000E+0000   0.6284102E-0005  -0.2812227E+0002
    14.19000   0.2018017E+0001   0.3454269E-0015   0.1199702E+0002   0.2807447E-0008   0.1058791E-0021   0.6657157E-0005  -0.2812227E+0002
    14.19500   0.2018017E+0001   0.1097786E-0015   0.1199710E+0002   0.2807447E-0008   0.3176374E-0021   0.7025335E-0005  -0.2812227E+0002
    14.20000   0.2018017E+0001   0.3454268E-0015   0.1199727E+0002   0.2807447E-0008  -0.1058791E-0021   0.7386235E-0005  -0.2812227E+0002
    14.20500   0.2018017E+0001   0.1097785E-0015   0.1199754E+0002   0.2807447E-0008   0.1058791E-0021   0.7737108E-0005  -0.2812227E+0002
    14.21000   0.2018017E+0001  -0.1258697E-0015   0.1199789E+0002   0.2807447E-0008   0.1058791E-0021   0.8074597E-0005  -0.2812227E+0002
    14.21500   0.2018017E+0001   0.1097785E-0015   0.1199834E+0002   0.2807447E-0008   0.1058791E-0021   0.8394531E-0005  -0.2812226E+0002
    14.22000   0.2018017E+0001   0.1097785E-0015   0.1199887E+0002   0.2807447E-0008   0.1058791E-0021   0.8691797E-0005  -0.2812226E+0002
    14.22500   0.2018017E+0001   0.3454268E-0015   0.1199948E+0002   0.2807447E-0008   0.1058791E-0021   0.8960334E-0005  -0.2812226E+0002
    14.23000   0.2018017E+0001   0.3454268E-0015   0.1200018E+0002   0.2807447E-0008   0.3441071E-0021   0.9193257E-0005  -0.2812226E+0002
    14.23500   0.2018017E+0001   0.3454268E-0015   0.1200095E+0002   0.2807447E-0008   0.3441071E-0021   0.9383145E-0005  -0.2812226E+0002
    14.24000   0.2018017E+0001   0.3454268E-0015   0.1200180E+0002   0.2807447E-0008   0.1058791E-0021   0.9522447E-0005  -0.2812226E+0002
    14.24500   0.2018017E+0001   0.1097786E-0015   0.1200271E+0002   0.2807447E-0008   0.1058791E-0021   0.9604019E-0005  -0.2812226E+0002
    14.25000   0.2018017E+0001   0.3454268E-0015   0.1200368E+0002   0.2807447E-0008  -0.1191140E-0021   0.9621723E-0005  -0.2812226E+0002
    14.25500   0.2018017E+0001   0.3454268E-0015   0.1200471E+0002   0.2807447E-0008   0.1058791E-0021   0.9571041E-0005  -0.2812226E+0002
    14.26000   0.2018017E+0001   0.1097786E-0015   0.1200579E+0002   0.2807447E-0008   0.1058791E-0021   0.9449647E-0005  -0.2812226E+0002
    14.26500   0.2018017E+0001   0.3454268E-0015   0.1200691E+0002   0.2807447E-0008   0.3308722E-0021   0.9257857E-0005  -0.2812226E+0002
    14.27000   0.2018017E+0001   0.3454268E-0015   0.1200807E+0002   0.2807447E-0008   0.1058791E-0021   0.8998921E-0005  -0.2812226E+0002
    14.27500   0.2018017E+0001   0.1097786E-0015   0.1200926E+0002   0.2807447E-0008  -0.1058791E-0021   0.8679079E-0005  -0.2812226E+0002
    14.28000   0.2018017E+0001   0.1097786E-0015   0.1201048E+0002   0.2807447E-0008   0.1323489E-0021   0.8307377E-0005  -0.2812226E+0002
    14.28500   0.2018017E+0001   0.3454270E-0015   0.1201172E+0002   0.2807447E-0008   0.1323489E-0021   0.7895225E-0005  -0.2812226E+0002
    14.29000   0.2018017E+0001   0.1097789E-0015   0.1201297E+0002   0.2807447E-0008   0.1588187E-0021   0.7455708E-0005  -0.2812226E+0002
    14.29500   0.2018017E+0001   0.3454270E-0015   0.1201423E+0002   0.2807447E-0008  -0.5293956E-0022   0.7002712E-0005  -0.2812226E+0002
    14.30000   0.2018017E+0001   0.1097789E-0015   0.1201549E+0002   0.2807447E-0008   0.2117582E-0021   0.6549902E-0005  -0.2812226E+0002
    14.30500   0.2018017E+0001   0.3454272E-0015   0.1201675E+0002   0.2807447E-0008   0.1058791E-0021   0.6109673E-0005  -0.2812226E+0002
    14.31000   0.2018017E+0001  -0.1258693E-0015   0.1201800E+0002   0.2807447E-0008   0.2117582E-0021   0.5692128E-0005  -0.2812226E+0002
    14.31500   0.2018017E+0001   0.1097789E-0015   0.1201924E+0002   0.2807447E-0008   0.0000000E+0000   0.5304218E-0005  -0.2812226E+0002
    14.32000   0.2018017E+0001   0.1097789E-0015   0.1202046E+0002   0.2807447E-0008   0.0000000E+0000   0.4949113E-0005  -0.2812226E+0002
    14.32500   0.2018017E+0001  -0.1258694E-0015   0.1202167E+0002   0.2807447E-0008  -0.1058791E-0021   0.4625888E-0005  -0.2812226E+0002
    14.33000   0.2018017E+0001   0.3454270E-0015   0.1202285E+0002   0.2807447E-0008   0.1058791E-0021   0.4329570E-0005  -0.2812226E+0002
    14.33500   0.2018017E+0001   0.1097788E-0015   0.1202401E+0002   0.2807447E-0008   0.1058791E-0021   0.4051577E-0005  -0.2812226E+0002
    14.34000   0.2018017E+0001   0.1097788E-0015   0.1202514E+0002   0.2807447E-0008   0.1058791E-0021   0.3780516E-0005  -0.2812226E+0002
    14.34500   0.2018017E+0001  -0.1258695E-0015   0.1202624E+0002   0.2807447E-0008  -0.5293956E-0022   0.3503301E-0005  -0.2812226E+0002
    14.35000   0.2018017E+0001   0.3454269E-0015   0.1202731E+0002   0.2807447E-0008   0.5293956E-0022   0.3206502E-0005  -0.2812226E+0002
    14.35500   0.2018017E+0001   0.3454269E-0015   0.1202836E+0002   0.2807447E-0008   0.0000000E+0000   0.2877803E-0005  -0.2812226E+0002
    14.36000   0.2018017E+0001   0.1097787E-0015   0.1202937E+0002   0.2807447E-0008   0.0000000E+0000   0.2507446E-0005  -0.2812226E+0002
    14.36500   0.2018017E+0001   0.5810751E-0015   0.1203035E+0002   0.2807447E-0008   0.5293956E-0022   0.2089521E-0005  -0.2812226E+0002
    14.37000   0.2018017E+0001   0.1097787E-0015   0.1203130E+0002   0.2807447E-0008   0.0000000E+0000   0.1622964E-0005  -0.2812226E+0002
    14.37500   0.2018017E+0001   0.3454269E-0015   0.1203222E+0002   0.2807447E-0008   0.0000000E+0000   0.1112158E-0005  -0.2812226E+0002
    14.38000   0.2018017E+0001   0.1097787E-0015   0.1203311E+0002   0.2807447E-0008   0.2646978E-0022   0.5670533E-0006  -0.2812226E+0002
    14.38500   0.2018017E+0001   0.3454269E-0015   0.1203398E+0002   0.2807447E-0008   0.0000000E+0000   0.2761129E-0008  -0.2812226E+0002
    14.39000   0.2018017E+0001   0.1097788E-0015   0.1203482E+0002   0.2807447E-0008   0.0000000E+0000  -0.5613661E-0006  -0.2812226E+0002
    14.39500   0.2018017E+0001   0.3454270E-0015   0.1203563E+0002   0.2807447E-0008   0.0000000E+0000  -0.1103122E-0005  -0.2812226E+0002
    14.40000   0.2018017E+0001   0.3454270E-0015   0.1203642E+0002   0.2807447E-0008   0.0000000E+0000  -0.1599197E-0005  -0.2812226E+0002
    14.40500   0.2018017E+0001   0.1097789E-0015   0.1203718E+0002   0.2807447E-0008  -0.2646978E-0022  -0.2027155E-0005  -0.2812226E+0002
    14.41000   0.2018017E+0001   0.3454272E-0015   0.1203793E+0002   0.2807447E-0008  -0.2646978E-0022  -0.2367476E-0005  -0.2812226E+0002
    14.41500   0.2018017E+0001   0.1097791E-0015   0.1203865E+0002   0.2807447E-0008  -0.7940934E-0022  -0.2605472E-0005  -0.2812226E+0002
    14.42000   0.2018017E+0001   0.1097791E-0015   0.1203936E+0002   0.2807447E-0008  -0.2646978E-0022  -0.2732906E-0005  -0.2812226E+0002
    14.42500   0.2018017E+0001   0.3454272E-0015   0.1204004E+0002   0.2807447E-0008  -0.2646978E-0022  -0.2749149E-0005  -0.2812226E+0002
    14.43000   0.2018017E+0001   0.1097791E-0015   0.1204071E+0002   0.2807447E-0008  -0.2646978E-0022  -0.2661743E-0005  -0.2812226E+0002
    14.43500   0.2018017E+0001   0.1097791E-0015   0.1204136E+0002   0.2807447E-0008  -0.2646978E-0022  -0.2486281E-0005  -0.2812226E+0002
    14.44000   0.2018017E+0001   0.5810754E-0015   0.1204200E+0002   0.2807447E-0008  -0.2646978E-0022  -0.2245582E-0005  -0.2812226E+0002
    14.44500   0.2018017E+0001   0.1097791E-0015   0.1204262E+0002   0.2807447E-0008   0.0000000E+0000  -0.1968193E-0005  -0.2812226E+0002
    14.45000   0.2018017E+0001   0.1097791E-0015   0.1204322E+0002   0.2807447E-0008  -0.5293956E-0022  -0.1686300E-0005  -0.2812226E+0002
    14.45500   0.2018017E+0001   0.1097791E-0015   0.1204380E+0002   0.2807447E-0008  -0.5293956E-0022  -0.1433216E-0005  -0.2812226E+0002
    14.46000   0.2018017E+0001   0.3454272E-0015   0.1204436E+0002   0.2807447E-0008   0.0000000E+0000  -0.1240617E-0005  -0.2812226E+0002
    14.46500   0.2018017E+0001   0.3454272E-0015   0.1204491E+0002   0.2807447E-0008   0.0000000E+0000  -0.1135781E-0005  -0.2812226E+0002
    14.47000   0.2018017E+0001   0.3454272E-0015   0.1204543E+0002   0.2807447E-0008   0.0000000E+0000  -0.1139045E-0005  -0.2812226E+0002
    14.47500   0.2018017E+0001   0.1097791E-0015   0.1204593E+0002   0.2807447E-0008  -0.2646978E-0022  -0.1261717E-0005  -0.2812226E+0002
    14.48000   0.2018017E+0001   0.3454272E-0015   0.1204641E+0002   0.2807447E-0008   0.0000000E+0000  -0.1504653E-0005  -0.2812226E+0002
    14.48500   0.2018017E+0001   0.3454272E-0015   0.1204686E+0002   0.2807447E-0008   0.2646978E-0022  -0.1857642E-0005  -0.2812226E+0002
    14.49000   0.2018017E+0001   0.1097791E-0015   0.1204729E+0002   0.2807447E-0008   0.2646978E-0022  -0.2299691E-0005  -0.2812226E+0002
    14.49500   0.2018017E+0001   0.3454272E-0015   0.1204769E+0002   0.2807447E-0008  -0.2646978E-0022  -0.2800238E-0005  -0.2812226E+0002
    14.50000   0.2018017E+0001   0.1097791E-0015   0.1204806E+0002   0.2807447E-0008  -0.2646978E-0022  -0.3321212E-0005  -0.2812226E+0002
    14.50500   0.2018017E+0001   0.3454272E-0015   0.1204841E+0002   0.2807447E-0008  -0.2646978E-0022  -0.3819831E-0005  -0.2812226E+0002
    14.51000   0.2018017E+0001   0.3454272E-0015   0.1204872E+0002   0.2807447E-0008  -0.2646978E-0022  -0.4251910E-0005  -0.2812226E+0002
    14.51500   0.2018017E+0001   0.3454272E-0015   0.1204900E+0002   0.2807447E-0008   0.7940934E-0022  -0.4575437E-0005  -0.2812226E+0002
    14.52000   0.2018017E+0001   0.3454272E-0015   0.1204924E+0002   0.2807447E-0008  -0.2646978E-0022  -0.4754132E-0005  -0.2812226E+0002
    14.52500   0.2018017E+0001   0.3454272E-0015   0.1204946E+0002   0.2807447E-0008  -0.1323489E-0021  -0.4760690E-0005  -0.2812226E+0002
    14.53000   0.2018017E+0001   0.3454272E-0015   0.1204964E+0002   0.2807447E-0008  -0.2646978E-0022  -0.4579426E-0005  -0.2812226E+0002
    14.53500   0.2018017E+0001   0.1097791E-0015   0.1204979E+0002   0.2807447E-0008  -0.1323489E-0021  -0.4208091E-0005  -0.2812226E+0002
    14.54000   0.2018017E+0001   0.3454272E-0015   0.1204990E+0002   0.2807447E-0008  -0.1323489E-0021  -0.3658672E-0005  -0.2812226E+0002
    14.54500   0.2018017E+0001   0.3454272E-0015   0.1204999E+0002   0.2807447E-0008  -0.2646978E-0022  -0.2957079E-0005  -0.2812226E+0002
    14.55000   0.2018017E+0001   0.1097790E-0015   0.1205004E+0002   0.2807447E-0008  -0.2646978E-0022  -0.2141706E-0005  -0.2812226E+0002
    14.55500   0.2018017E+0001   0.1097790E-0015   0.1205006E+0002   0.2807447E-0008  -0.2646978E-0022  -0.1260938E-0005  -0.2812226E+0002
    14.56000   0.2018017E+0001   0.3454272E-0015   0.1205005E+0002   0.2807447E-0008   0.0000000E+0000  -0.3697817E-0006  -0.2812226E+0002
    14.56500   0.2018017E+0001   0.1097790E-0015   0.1205001E+0002   0.2807447E-0008  -0.2646978E-0022   0.4741543E-0006  -0.2812226E+0002
    14.57000   0.2018017E+0001   0.1097790E-0015   0.1204994E+0002   0.2807447E-0008   0.2646978E-0022   0.1215015E-0005  -0.2812226E+0002
    14.57500   0.2018017E+0001   0.3454272E-0015   0.1204983E+0002   0.2807447E-0008   0.2646978E-0022   0.1803059E-0005  -0.2812226E+0002
    14.58000   0.2018017E+0001  -0.1258693E-0015   0.1204970E+0002   0.2807447E-0008   0.2646978E-0022   0.2198682E-0005  -0.2812226E+0002
    14.58500   0.2018017E+0001   0.1097790E-0015   0.1204953E+0002   0.2807447E-0008   0.2646978E-0022   0.2375763E-0005  -0.2812226E+0002
    14.59000   0.2018017E+0001   0.1097790E-0015   0.1204932E+0002   0.2807447E-0008   0.2646978E-0022   0.2324058E-0005  -0.2812226E+0002
    14.59500   0.2018017E+0001   0.3454271E-0015   0.1204908E+0002   0.2807447E-0008  -0.2646978E-0022   0.2050420E-0005  -0.2812226E+0002
    14.60000   0.2018017E+0001   0.3454271E-0015   0.1204879E+0002   0.2807447E-0008   0.5293956E-0022   0.1578718E-0005  -0.2812226E+0002
    14.60500   0.2018017E+0001   0.3454271E-0015   0.1204846E+0002   0.2807447E-0008   0.0000000E+0000   0.9484195E-0006  -0.2812226E+0002
    14.61000   0.2018017E+0001  -0.1258693E-0015   0.1204808E+0002   0.2807447E-0008   0.0000000E+0000   0.2119070E-0006  -0.2812226E+0002
    14.61500   0.2018017E+0001   0.1097790E-0015   0.1204765E+0002   0.2807447E-0008   0.0000000E+0000  -0.5692862E-0006  -0.2812226E+0002
    14.62000   0.2018017E+0001   0.1097790E-0015   0.1204715E+0002   0.2807447E-0008   0.0000000E+0000  -0.1329072E-0005  -0.2812226E+0002
    14.62500   0.2018017E+0001   0.1097789E-0015   0.1204659E+0002   0.2807447E-0008   0.0000000E+0000  -0.2001893E-0005  -0.2812226E+0002
    14.63000   0.2018017E+0001   0.1097789E-0015   0.1204596E+0002   0.2807447E-0008  -0.7940934E-0022  -0.2527908E-0005  -0.2812226E+0002
    14.63500   0.2018017E+0001   0.1097789E-0015   0.1204525E+0002   0.2807447E-0008  -0.2646978E-0022  -0.2857892E-0005  -0.2812226E+0002
    14.64000   0.2018017E+0001   0.3454272E-0015   0.1204445E+0002   0.2807447E-0008   0.7940934E-0022  -0.2957441E-0005  -0.2812226E+0002
    14.64500   0.2018017E+0001   0.3454272E-0015   0.1204356E+0002   0.2807447E-0008  -0.7940934E-0022  -0.2810148E-0005  -0.2812226E+0002
    14.65000   0.2018017E+0001   0.3454272E-0015   0.1204258E+0002   0.2807447E-0008  -0.7940934E-0022  -0.2419460E-0005  -0.2812226E+0002
    14.65500   0.2018017E+0001   0.3454272E-0015   0.1204149E+0002   0.2807447E-0008  -0.7940934E-0022  -0.1809045E-0005  -0.2812226E+0002
    14.66000   0.2018017E+0001   0.3454272E-0015   0.1204030E+0002   0.2807447E-0008  -0.2646978E-0022  -0.1021585E-0005  -0.2812226E+0002
    14.66500   0.2018017E+0001   0.1097790E-0015   0.1203899E+0002   0.2807447E-0008   0.0000000E+0000  -0.1160519E-0006  -0.2812226E+0002
    14.67000   0.2018017E+0001   0.1097790E-0015   0.1203758E+0002   0.2807447E-0008   0.0000000E+0000   0.8363720E-0006  -0.2812226E+0002
    14.67500   0.2018017E+0001   0.1097790E-0015   0.1203605E+0002   0.2807447E-0008   0.2646978E-0022   0.1757455E-0005  -0.2812226E+0002
    14.68000   0.2018017E+0001   0.1097790E-0015   0.1203441E+0002   0.2807447E-0008   0.2646978E-0022   0.2567782E-0005  -0.2812226E+0002
    14.68500   0.2018017E+0001   0.3454272E-0015   0.1203267E+0002   0.2807447E-0008   0.2646978E-0022   0.3192907E-0005  -0.2812226E+0002
    14.69000   0.2018017E+0001   0.1097791E-0015   0.1203081E+0002   0.2807447E-0008   0.7940934E-0022   0.3569310E-0005  -0.2812226E+0002
    14.69500   0.2018017E+0001  -0.1258691E-0015   0.1202885E+0002   0.2807447E-0008  -0.5293956E-0022   0.3649714E-0005  -0.2812226E+0002
    14.70000   0.2018017E+0001   0.1097792E-0015   0.1202680E+0002   0.2807447E-0008   0.5293956E-0022   0.3407326E-0005  -0.2812226E+0002
    14.70500   0.2018017E+0001   0.3454274E-0015   0.1202466E+0002   0.2807447E-0008  -0.5293956E-0022   0.2838655E-0005  -0.2812226E+0002
    14.71000   0.2018017E+0001   0.1097793E-0015   0.1202245E+0002   0.2807447E-0008   0.5293956E-0022   0.1964656E-0005  -0.2812226E+0002
    14.71500   0.2018017E+0001   0.3454276E-0015   0.1202018E+0002   0.2807447E-0008   0.5293956E-0022   0.8300741E-0006  -0.2812226E+0002
    14.72000   0.2018017E+0001   0.1097793E-0015   0.1201786E+0002   0.2807447E-0008   0.0000000E+0000  -0.4990157E-0006  -0.2812226E+0002
    14.72500   0.2018017E+0001   0.3454276E-0015   0.1201550E+0002   0.2807447E-0008   0.0000000E+0000  -0.1939317E-0005  -0.2812226E+0002
    14.73000   0.2018017E+0001   0.1097793E-0015   0.1201312E+0002   0.2807447E-0008   0.0000000E+0000  -0.3395808E-0005  -0.2812226E+0002
    14.73500   0.2018017E+0001   0.1097793E-0015   0.1201074E+0002   0.2807447E-0008  -0.1058791E-0021  -0.4768249E-0005  -0.2812226E+0002
    14.74000   0.2018017E+0001   0.3454274E-0015   0.1200838E+0002   0.2807447E-0008   0.0000000E+0000  -0.5958228E-0005  -0.2812226E+0002
    14.74500   0.2018017E+0001   0.1097793E-0015   0.1200605E+0002   0.2807447E-0008  -0.1058791E-0021  -0.6876250E-0005  -0.2812226E+0002
    14.75000   0.2018017E+0001   0.3454274E-0015   0.1200378E+0002   0.2807447E-0008  -0.1058791E-0021  -0.7448350E-0005  -0.2812226E+0002
    14.75500   0.2018017E+0001   0.3454274E-0015   0.1200157E+0002   0.2807447E-0008  -0.1058791E-0021  -0.7621723E-0005  -0.2812226E+0002
    14.76000   0.2018017E+0001   0.3454274E-0015   0.1199945E+0002   0.2807447E-0008  -0.1058791E-0021  -0.7368974E-0005  -0.2812226E+0002
    14.76500   0.2018017E+0001   0.3454274E-0015   0.1199743E+0002   0.2807447E-0008  -0.1058791E-0021  -0.6690636E-0005  -0.2812226E+0002
    14.77000   0.2018017E+0001   0.1097792E-0015   0.1199554E+0002   0.2807447E-0008  -0.1058791E-0021  -0.5615765E-0005  -0.2812226E+0002
    14.77500   0.2018017E+0001   0.3454274E-0015   0.1199378E+0002   0.2807447E-0008  -0.1058791E-0021  -0.4200544E-0005  -0.2812226E+0002
    14.78000   0.2018017E+0001   0.3454274E-0015   0.1199216E+0002   0.2807447E-0008  -0.1058791E-0021  -0.2524967E-0005  -0.2812226E+0002
    14.78500   0.2018017E+0001   0.1097792E-0015   0.1199071E+0002   0.2807447E-0008   0.0000000E+0000  -0.6878233E-0006  -0.2812226E+0002
    14.79000   0.2018017E+0001   0.3454274E-0015   0.1198942E+0002   0.2807447E-0008   0.0000000E+0000   0.1199682E-0005  -0.2812226E+0002
    14.79500   0.2018017E+0001   0.3454274E-0015   0.1198830E+0002   0.2807447E-0008   0.0000000E+0000   0.3021232E-0005  -0.2812226E+0002
    14.80000   0.2018017E+0001   0.3454274E-0015   0.1198737E+0002   0.2807447E-0008   0.0000000E+0000   0.4663126E-0005  -0.2812226E+0002
    14.80500   0.2018017E+0001   0.5810757E-0015   0.1198661E+0002   0.2807447E-0008   0.1058791E-0021   0.6021885E-0005  -0.2812226E+0002
    14.81000   0.2018017E+0001   0.3454275E-0015   0.1198604E+0002   0.2807447E-0008  -0.5293956E-0022   0.7011223E-0005  -0.2812226E+0002
    14.81500   0.2018017E+0001   0.3454274E-0015   0.1198566E+0002   0.2807447E-0008   0.1852885E-0021   0.7567869E-0005  -0.2812226E+0002
    14.82000   0.2018017E+0001   0.1097793E-0015   0.1198545E+0002   0.2807447E-0008   0.2117582E-0021   0.7655862E-0005  -0.2812226E+0002
    14.82500   0.2018017E+0001   0.3454274E-0015   0.1198541E+0002   0.2807447E-0008   0.0000000E+0000   0.7268990E-0005  -0.2812226E+0002
    14.83000   0.2018017E+0001   0.1097793E-0015   0.1198555E+0002   0.2807447E-0008   0.0000000E+0000   0.6431222E-0005  -0.2812226E+0002
    14.83500   0.2018017E+0001   0.1097793E-0015   0.1198584E+0002   0.2807447E-0008   0.0000000E+0000   0.5195075E-0005  -0.2812226E+0002
    14.84000   0.2018017E+0001   0.1097793E-0015   0.1198628E+0002   0.2807447E-0008   0.1323489E-0021   0.3638040E-0005  -0.2812226E+0002
    14.84500   0.2018017E+0001   0.3454277E-0015   0.1198687E+0002   0.2807447E-0008   0.0000000E+0000   0.1857311E-0005  -0.2812227E+0002
    14.85000   0.2018017E+0001   0.1097795E-0015   0.1198758E+0002   0.2807447E-0008   0.5293956E-0022  -0.3684642E-0007  -0.2812227E+0002
    14.85500   0.2018017E+0001   0.3454277E-0015   0.1198842E+0002   0.2807447E-0008   0.0000000E+0000  -0.1928606E-0005  -0.2812227E+0002
    14.86000   0.2018017E+0001   0.3454277E-0015   0.1198936E+0002   0.2807447E-0008   0.0000000E+0000  -0.3704473E-0005  -0.2812227E+0002
    14.86500   0.2018017E+0001   0.1097795E-0015   0.1199039E+0002   0.2807447E-0008  -0.1058791E-0021  -0.5261016E-0005  -0.2812227E+0002
    14.87000   0.2018017E+0001   0.1097795E-0015   0.1199152E+0002   0.2807447E-0008  -0.1058791E-0021  -0.6511894E-0005  -0.2812227E+0002
    14.87500   0.2018017E+0001   0.5810758E-0015   0.1199271E+0002   0.2807447E-0008  -0.1058791E-0021  -0.7393709E-0005  -0.2812227E+0002
    14.88000   0.2018017E+0001   0.1097793E-0015   0.1199397E+0002   0.2807447E-0008  -0.1058791E-0021  -0.7870263E-0005  -0.2812227E+0002
    14.88500   0.2018017E+0001   0.3454274E-0015   0.1199528E+0002   0.2807447E-0008  -0.1058791E-0021  -0.7934928E-0005  -0.2812227E+0002
    14.89000   0.2018017E+0001   0.3454274E-0015   0.1199663E+0002   0.2807447E-0008  -0.1058791E-0021  -0.7610955E-0005  -0.2812227E+0002
    14.89500   0.2018017E+0001   0.3454274E-0015   0.1199802E+0002   0.2807447E-0008  -0.1058791E-0021  -0.6949684E-0005  -0.2812227E+0002
    14.90000   0.2018017E+0001   0.1097791E-0015   0.1199944E+0002   0.2807447E-0008   0.1058791E-0021  -0.6026776E-0005  -0.2812227E+0002
    14.90500   0.2018017E+0001   0.3454272E-0015   0.1200087E+0002   0.2807447E-0008   0.1058791E-0021  -0.4936699E-0005  -0.2812227E+0002
    14.91000   0.2018017E+0001   0.1097791E-0015   0.1200231E+0002   0.2807447E-0008   0.0000000E+0000  -0.3785845E-0005  -0.2812227E+0002
    14.91500   0.2018017E+0001   0.3454272E-0015   0.1200376E+0002   0.2807447E-0008  -0.1058791E-0021  -0.2684737E-0005  -0.2812227E+0002
    14.92000   0.2018017E+0001   0.3454272E-0015   0.1200521E+0002   0.2807447E-0008   0.0000000E+0000  -0.1739842E-0005  -0.2812227E+0002
    14.92500   0.2018017E+0001   0.3454272E-0015   0.1200666E+0002   0.2807447E-0008   0.0000000E+0000  -0.1045575E-0005  -0.2812227E+0002
    14.93000   0.2018017E+0001   0.1097791E-0015   0.1200809E+0002   0.2807447E-0008   0.0000000E+0000  -0.6770141E-0006  -0.2812227E+0002
    14.93500   0.2018017E+0001   0.1097791E-0015   0.1200951E+0002   0.2807447E-0008   0.0000000E+0000  -0.6838596E-0006  -0.2812227E+0002
    14.94000   0.2018017E+0001   0.1097791E-0015   0.1201092E+0002   0.2807447E-0008   0.0000000E+0000  -0.1086058E-0005  -0.2812227E+0002
    14.94500   0.2018017E+0001   0.1097791E-0015   0.1201231E+0002   0.2807447E-0008   0.0000000E+0000  -0.1871421E-0005  -0.2812227E+0002
    14.95000   0.2018017E+0001   0.1097791E-0015   0.1201368E+0002   0.2807447E-0008   0.0000000E+0000  -0.2995428E-0005  -0.2812227E+0002
    14.95500   0.2018017E+0001   0.3454272E-0015   0.1201503E+0002   0.2807447E-0008   0.0000000E+0000  -0.4383279E-0005  -0.2812227E+0002
    14.96000   0.2018017E+0001   0.3454272E-0015   0.1201636E+0002   0.2807447E-0008   0.0000000E+0000  -0.5934091E-0005  -0.2812226E+0002
    14.96500   0.2018017E+0001   0.3454272E-0015   0.1201766E+0002   0.2807447E-0008  -0.1058791E-0021  -0.7527003E-0005  -0.2812226E+0002
    14.97000   0.2018017E+0001   0.1097791E-0015   0.1201895E+0002   0.2807447E-0008  -0.1058791E-0021  -0.9028831E-0005  -0.2812226E+0002
    14.97500   0.2018017E+0001   0.1097791E-0015   0.1202021E+0002   0.2807447E-0008   0.1058791E-0021  -0.1030278E-0004  -0.2812226E+0002
    14.98000   0.2018017E+0001   0.3454273E-0015   0.1202146E+0002   0.2807447E-0008  -0.1058791E-0021  -0.1121771E-0004  -0.2812226E+0002
    14.98500   0.2018017E+0001   0.3454273E-0015   0.1202268E+0002   0.2807447E-0008  -0.1058791E-0021  -0.1165723E-0004  -0.2812226E+0002
    14.99000   0.2018017E+0001   0.5810755E-0015   0.1202390E+0002   0.2807447E-0008  -0.3441071E-0021  -0.1152825E-0004  -0.2812226E+0002
    14.99500   0.2018017E+0001   0.3454273E-0015   0.1202510E+0002   0.2807447E-0008   0.1058791E-0021  -0.1076818E-0004  -0.2812226E+0002
    15.00000   0.2018017E+0001   0.1097791E-0015   0.1202628E+0002   0.2807447E-0008  -0.1058791E-0021  -0.9350408E-0005  -0.2812226E+0002
